Data/Hora Inclusão,Data/Hora Evento,GNSS UTC Time,Tipo Dispositivo,IMEI,Sequência,Tipo Mensagem,Bateria Interna,ERI Mask,Protocol Version,Alimentação Externa,Input Status,Output Status,Motion Status,Duration Ign On,Duration Ign Off,Satélites,Precisão GNSS,MCC,MNC,LAC,Cell ID,Velocidade,Azimuth,Altitude,Latitude,Longitude,Hodômetro Total,Horímetro Total,CSQ RSSI,CSQ BER,RAT,BAND,ICCID,Ext. Pwr Supply,Charging,LED On,Timezone,Daylight Saving,Wave1 Output ID,Wave1 Output Active,BT Report Mask,BT Name,BT MAC Address,Peer Role,Peer Address Type,Driver ID,Login Status,MS GNSS Accuracy,Max Speed,MS Azimuth,MS Altitude,MS Longitude,MS Latitude,MS GNSS UTC Time,MS Satellite Number,MS Mileage,Position Report Type,Prefixo
2025-10-20 10:26:11,2025-10-20 10:26:11,2025-10-20 10:26:10,385349,862689070136657,4749,GTERI,4.16,00008200,698407,12640,81,00,21,,,12,1,0724,0005,C05B,068FB30A,3.0,58,834.4,-23.715035,-51.113280,1192.1,,13,0,2,28,,,,,,,,,,,,,,,,1,3.0,58,834.4,-51.113280,-23.715035,2025-10-20 10:26:10,12,1192.1,10,+RESP:
2025-10-20 10:25:59,2025-10-20 10:25:58,2025-10-20 10:13:29,385349,862689070136657,4747,GTIGN,4.16,,698407,13002,81,00,21,,750,15,1,0724,0005,C05B,068FB30A,0.0,326,790.9,-23.715012,-51.113457,1192.1,,,,,,,,,,,,,,,,,,,,,,,,,,,,,,,+RESP:
2025-10-20 10:13:29,2025-10-20 10:13:29,2025-10-20 10:13:29,385349,862689070136657,4746,GTERI,4.16,00008200,698407,12825,80,00,12,,,15,1,0724,0005,C05B,068FB30A,0.0,326,790.9,-23.715012,-51.113457,1192.1,,14,0,2,28,,,,,,,,,,,,,,,,1,0.0,326,790.9,-51.113457,-23.715012,2025-10-20 10:13:29,15,1192.1,10,+RESP:
2025-10-20 10:13:28,2025-10-20 10:13:28,2025-10-20 10:13:28,385349,862689070136657,4745,GTIGF,4.16,,698407,13581,80,00,12,260,,14,0,0724,0005,C05B,068FB30A,0.0,326,790.9,-23.715012,-51.113457,1192.1,,,,,,,,,,,,,,,,,,,,,,,,,,,,,,,+RESP:
2025-10-20 10:12:20,2025-10-20 10:12:19,2025-10-20 10:12:14,385349,862689070136657,4743,GTERI,4.16,00008200,698407,14032,81,00,22,,,14,1,0724,0005,C05B,068FB30A,66.3,287,762.7,-23.723440,-51.103057,1190.8,,21,0,2,28,,,,,,,,,,,,,,,,1,92.0,275,767.6,-51.101783,-23.723637,2025-10-20 10:12:08,13,1190.6,10,+RESP:
2025-10-20 10:09:22,2025-10-20 10:09:22,2025-10-20 10:09:22,385349,862689070136657,4741,GTERI,4.16,00008200,698407,13984,81,00,22,,,8,1,0724,0005,C05B,068FB309,3.1,86,781.5,-23.727412,-51.094712,1189.6,,20,0,2,28,,,,,,,,,,,,,,,,1,3.1,86,781.5,-51.094712,-23.727412,2025-10-20 10:09:22,8,1189.6,10,+RESP:
2025-10-20 10:09:09,2025-10-20 10:09:08,2025-10-20 09:21:59,385349,862689070136657,4739,GTIGN,4.16,,698407,12793,81,00,22,,2830,14,1,0724,0005,C05B,068FB309,0.0,45,774.7,-23.727563,-51.094785,1189.6,,,,,,,,,,,,,,,,,,,,,,,,,,,,,,,+RESP:
2025-10-20 09:21:59,2025-10-20 09:21:59,2025-10-20 09:21:59,385349,862689070136657,4738,GTERI,4.16,00008200,698407,12761,80,00,11,,,14,1,0724,0005,C05B,068FB309,0.0,45,774.7,-23.727563,-51.094785,1189.6,,19,0,2,28,,,,,,,,,,,,,,,,1,0.0,45,774.7,-51.094785,-23.727563,2025-10-20 09:21:59,14,1189.6,10,+RESP:
2025-10-20 09:21:59,2025-10-20 09:21:58,2025-10-20 09:21:58,385349,862689070136657,4737,GTIGF,4.16,,698407,12761,80,00,11,3074,,14,0,0724,0005,C05B,068FB309,0.0,45,774.7,-23.727563,-51.094785,1189.6,,,,,,,,,,,,,,,,,,,,,,,,,,,,,,,+RESP:
2025-10-20 09:21:40,2025-10-20 09:21:39,2025-10-20 09:21:35,385349,862689070136657,4736,GTERI,4.16,00008200,698407,12720,81,00,22,,,13,1,0724,0005,C05B,068FB309,0.0,45,774.7,-23.727563,-51.094785,1189.6,,20,0,2,28,,,,,,,,,,,,,,,,1,0.0,45,774.7,-51.094785,-23.727563,2025-10-20 09:21:39,13,1189.6,10,+RESP:
2025-10-20 09:21:15,2025-10-20 09:21:04,,385349,862689070136657,4734,GTCRD
2025-10-20 09:21:14,2025-10-20 09:21:04,,385349,862689070136657,4733,GTCRD
2025-10-20 09:21:14,2025-10-20 09:21:04,,385349,862689070136657,4732,GTCRD
2025-10-20 09:21:13,2025-10-20 09:21:04,,385349,862689070136657,4731,GTCRD
2025-10-20 09:21:13,2025-10-20 09:21:04,,385349,862689070136657,4730,GTCRD
2025-10-20 09:21:12,2025-10-20 09:21:04,,385349,862689070136657,4729,GTCRD
2025-10-20 09:21:12,2025-10-20 09:21:04,,385349,862689070136657,4728,GTCRD
2025-10-20 09:21:11,2025-10-20 09:21:04,,385349,862689070136657,4727,GTCRD
2025-10-20 09:21:11,2025-10-20 09:21:04,,385349,862689070136657,4726,GTCRD
2025-10-20 09:21:10,2025-10-20 09:21:04,,385349,862689070136657,4725,GTCRD
2025-10-20 09:21:10,2025-10-20 09:21:04,,385349,862689070136657,4724,GTCRD
2025-10-20 09:21:09,2025-10-20 09:21:04,,385349,862689070136657,4723,GTCRD
2025-10-20 09:21:09,2025-10-20 09:21:04,,385349,862689070136657,4722,GTCRD
2025-10-20 09:21:08,2025-10-20 09:21:04,,385349,862689070136657,4721,GTCRD
2025-10-20 09:21:08,2025-10-20 09:21:04,,385349,862689070136657,4720,GTCRD
2025-10-20 09:21:07,2025-10-20 09:21:00,,385349,862689070136657,4719,GTCRD
2025-10-20 09:21:07,2025-10-20 09:21:00,,385349,862689070136657,4718,GTCRD
2025-10-20 09:21:06,2025-10-20 09:21:00,,385349,862689070136657,4717,GTCRD
2025-10-20 09:21:06,2025-10-20 09:21:00,,385349,862689070136657,4716,GTCRD
2025-10-20 09:21:05,2025-10-20 09:21:00,,385349,862689070136657,4715,GTCRD
2025-10-20 09:21:05,2025-10-20 09:21:00,,385349,862689070136657,4714,GTCRD
2025-10-20 09:21:04,2025-10-20 09:21:00,,385349,862689070136657,4713,GTCRD
2025-10-20 09:21:03,2025-10-20 09:21:00,,385349,862689070136657,4712,GTCRD
2025-10-20 09:21:03,2025-10-20 09:21:00,,385349,862689070136657,4711,GTCRD
2025-10-20 09:21:02,2025-10-20 09:21:00,,385349,862689070136657,4710,GTCRD
2025-10-20 09:21:02,2025-10-20 09:21:00,,385349,862689070136657,4709,GTCRD
2025-10-20 09:21:01,2025-10-20 09:21:00,,385349,862689070136657,4708,GTCRD
2025-10-20 09:21:01,2025-10-20 09:21:00,,385349,862689070136657,4707,GTCRD
2025-10-20 09:21:01,2025-10-20 09:21:00,,385349,862689070136657,4706,GTCRD
2025-10-20 09:21:00,2025-10-20 09:21:00,,385349,862689070136657,4705,GTCRD
2025-10-20 09:21:00,2025-10-20 09:21:00,,385349,862689070136657,4704,GTCRA
2025-10-20 09:18:40,2025-10-20 09:18:39,2025-10-20 09:18:35,385349,862689070136657,4702,GTERI,4.16,00008200,698407,14032,81,00,22,,,14,1,0724,0005,C05B,068FB30A,61.7,96,769.4,-23.723670,-51.101313,1188.8,,24,0,2,28,,,,,,,,,,,,,,,,1,70.9,131,789.0,-51.106755,-23.720600,2025-10-20 09:17:58,14,1188.1,10,+RESP:
2025-10-20 09:16:26,2025-10-20 09:15:39,2025-10-20 09:15:34,385349,862689070136657,4700,GTERI,4.16,00008200,698407,14000,81,00,22,,,15,1,0724,0005,A053,068FC40A,24.0,87,771.1,-23.710685,-51.122013,1186.1,,7,0,2,28,,,,,,,,,,,,,,,,1,90.4,131,723.2,-51.122990,-23.695272,2025-10-20 09:12:41,13,1184.2,10,+RESP:
2025-10-20 09:16:26,2025-10-20 09:12:39,2025-10-20 09:12:34,385349,862689070136657,4699,GTERI,4.16,00008200,698407,14000,81,00,22,,,13,1,0724,0005,A053,068FC40A,100.0,139,704.8,-23.694115,-51.124395,1184.1,,7,0,2,28,,,,,,,,,,,,,,,,1,107.2,198,664.1,-51.125278,-23.689717,2025-10-20 09:12:16,13,1183.5,10,+RESP:
2025-10-20 09:16:25,2025-10-20 09:12:13,2025-10-20 09:12:13,385349,862689070136657,4698,GTSPD,4.16,,698407,14008,81,00,22,,,14,1,0724,0005,A053,068FC40A,109.8,219,659.7,-23.688962,-51.124995,1183.4,,,,,,,,,,,,,,,,,,,,,,,,,,,,,,,+RESP:
2025-10-20 09:16:25,2025-10-20 09:12:02,2025-10-20 09:12:02,385349,862689070136657,4696,GTSPD,4.16,,698407,13984,81,00,22,,,13,1,0724,0005,A053,068FC40A,111.7,237,666.6,-23.686992,-51.122393,1183.0,,,,,,,,,,,,,,,,,,,,,,,,,,,,,,,+BUFF:
2025-10-20 09:16:24,2025-10-20 09:12:02,2025-10-20 09:12:02,385349,862689070136657,4696,GTSPD,4.16,,698407,13984,81,00,22,,,13,1,0724,0005,A053,068FC40A,111.7,237,666.6,-23.686992,-51.122393,1183.0,,,,,,,,,,,,,,,,,,,,,,,,,,,,,,,+RESP:
2025-10-20 09:16:24,2025-10-20 09:12:02,2025-10-20 09:12:02,385349,862689070136657,4696,GTSPD,4.16,,698407,13984,81,00,22,,,13,1,0724,0005,A053,068FC40A,111.7,237,666.6,-23.686992,-51.122393,1183.0,,,,,,,,,,,,,,,,,,,,,,,,,,,,,,,+RESP:
2025-10-20 09:16:24,2025-10-20 09:12:02,2025-10-20 09:12:02,385349,862689070136657,4696,GTSPD,4.16,,698407,13984,81,00,22,,,13,1,0724,0005,A053,068FC40A,111.7,237,666.6,-23.686992,-51.122393,1183.0,,,,,,,,,,,,,,,,,,,,,,,,,,,,,,,+RESP:
2025-10-20 09:16:24,2025-10-20 09:12:02,2025-10-20 09:12:02,385349,862689070136657,4696,GTSPD,4.16,,698407,13984,81,00,22,,,13,1,0724,0005,A053,068FC40A,111.7,237,666.6,-23.686992,-51.122393,1183.0,,,,,,,,,,,,,,,,,,,,,,,,,,,,,,,+RESP:
2025-10-20 09:10:12,2025-10-20 09:09:55,2025-10-20 09:09:55,385349,862689070136657,4694,GTRTL,4.16,,698407,14016,81,00,22,,,12,1,0724,0005,A053,068FC40A,56.7,156,724.6,-23.668992,-51.119957,1180.8,,,,,,,,,,,,,,,,,,,,,,,,,,,,,,,+RESP:
2025-10-20 09:10:12,2025-10-20 09:09:39,2025-10-20 09:09:21,385349,862689070136657,4693,GTERI,4.16,00008200,698407,14008,81,00,22,,,0,0,0724,0005,A053,068FC40A,51.2,218,722.8,-23.665310,-51.117988,1180.8,,11,0,2,28,,,,,,,,,,,,,,,,0,51.2,218,722.8,-51.117988,-23.665310,2025-10-20 09:09:21,11,1180.8,10,+RESP:
2025-10-20 09:10:11,2025-10-20 09:08:42,2025-10-20 09:08:41,385349,862689070136657,4692,GTDOG,,,,,,,,,,,,,,,,,,,,,,,,,,,,,,,,,,
2025-10-20 09:10:10,2025-10-20 09:06:42,2025-10-20 09:06:38,385349,862689070136657,4691,GTERI,4.16,00008200,698407,14024,81,00,22,,,14,1,0724,0005,A053,068FC40A,88.0,186,572.8,-23.638715,-51.102327,1177.2,,7,0,2,28,,,,,,,,,,,,,,,,1,99.9,197,574.2,-51.102603,-23.639640,2025-10-20 09:06:42,14,1177.2,10,+BUFF:
2025-10-20 09:10:10,2025-10-20 09:03:42,2025-10-20 09:03:37,385349,862689070136657,4690,GTERI,4.16,00008200,698407,14008,81,00,22,,,13,1,0724,0005,A053,068FC40A,84.3,200,536.8,-23.606635,-51.115643,1173.2,,7,0,2,28,,,,,,,,,,,,,,,,1,104.5,226,525.0,-51.114160,-23.605137,2025-10-20 09:03:28,13,1172.9,10,+BUFF:
2025-10-20 09:10:10,2025-10-20 09:02:26,2025-10-20 09:02:26,385349,862689070136657,4688,GTSPD,4.16,,698407,14008,81,00,22,,,14,1,0724,0005,A053,068FC40A,107.1,148,484.9,-23.592113,-51.114808,1171.2,,,,,,,,,,,,,,,,,,,,,,,,,,,,,,,+BUFF:
2025-10-20 09:09:29,2025-10-20 09:02:23,2025-10-20 09:02:23,385349,862689070136657,4687,GTSPD,4.16,,698407,14008,81,00,22,,,12,1,0724,0005,A053,068FC40A,110.8,147,484.8,-23.591373,-51.115303,1171.1,,,,,,,,,,,,,,,,,,,,,,,,,,,,,,,+BUFF:
2025-10-20 09:09:28,2025-10-20 09:02:23,2025-10-20 09:02:23,385349,862689070136657,4687,GTSPD,4.16,,698407,14008,81,00,22,,,12,1,0724,0005,A053,068FC40A,110.8,147,484.8,-23.591373,-51.115303,1171.1,,,,,,,,,,,,,,,,,,,,,,,,,,,,,,,+BUFF:
2025-10-20 09:09:28,2025-10-20 09:01:44,2025-10-20 09:01:44,385349,862689070136657,4686,GTSPD,4.16,,698407,14016,81,00,22,,,13,1,0724,0005,A053,068FC40A,106.7,192,476.4,-23.582903,-51.114803,1170.1,,,,,,,,,,,,,,,,,,,,,,,,,,,,,,,+BUFF:
2025-10-20 09:09:27,2025-10-20 09:01:25,2025-10-20 09:01:24,385349,862689070136657,4685,GTSPD,4.16,,698407,13992,81,00,22,,,11,1,0724,0005,A053,068FC40A,118.0,161,499.6,-23.577242,-51.115127,1169.4,,,,,,,,,,,,,,,,,,,,,,,,,,,,,,,+BUFF:
2025-10-20 09:09:27,2025-10-20 09:00:42,2025-10-20 09:00:37,385349,862689070136657,4684,GTERI,4.16,00008200,698407,14032,81,00,22,,,13,1,0724,0005,A053,068FC40A,100.5,193,504.6,-23.566833,-51.119517,1168.3,,7,0,2,28,,,,,,,,,,,,,,,,1,102.6,200,509.2,-51.118967,-23.565422,2025-10-20 09:00:31,13,1168.0,10,+BUFF:
2025-10-20 08:57:43,2025-10-20 08:57:42,2025-10-20 08:57:37,385349,862689070136657,4681,GTERI,4.16,00008200,698407,14040,81,00,22,,,15,1,0724,0005,A053,06901409,91.6,137,588.1,-23.532675,-51.138392,1163.5,,7,0,2,28,,,,,,,,,,,,,,,,1,104.9,170,585.8,-51.131805,-23.497812,2025-10-20 08:54:54,15,1158.9,10,+RESP:
2025-10-20 08:54:42,2025-10-20 08:54:42,2025-10-20 08:54:38,385349,862689070136657,4679,GTERI,4.16,00008200,698407,14024,81,00,22,,,16,1,0724,0005,A053,0690140A,97.1,148,576.8,-23.493852,-51.131580,1158.6,,14,0,2,28,,,,,,,,,,,,,,,,1,102.4,185,434.3,-51.133670,-23.465135,2025-10-20 08:52:33,15,1155.0,10,+RESP:
2025-10-20 08:51:42,2025-10-20 08:51:42,2025-10-20 08:51:37,385349,862689070136657,4676,GTERI,4.16,00008200,698407,14040,81,00,22,,,15,1,0724,0005,A053,06901408,93.6,168,464.9,-23.453068,-51.130913,1153.7,,17,0,2,28,,,,,,,,,,,,,,,,1,101.6,169,462.7,-51.139762,-23.426988,2025-10-20 08:49:38,15,1150.5,10,+RESP:
2025-10-20 08:49:24,2025-10-20 08:48:42,2025-10-20 08:48:37,385349,862689070136657,4674,GTERI,4.16,00008200,698407,13976,81,00,22,,,12,1,0724,0005,A053,06901B09,85.4,194,431.4,-23.413890,-51.137025,1149.1,,18,0,2,28,,,,,,,,,,,,,,,,1,108.0,175,455.6,-51.134078,-23.392473,2025-10-20 08:46:57,15,1146.5,10,+RESP:
2025-10-20 08:48:57,2025-10-20 08:48:42,2025-10-20 08:48:37,385349,862689070136657,4674,GTERI,4.16,00008200,698407,13976,81,00,22,,,12,1,0724,0005,A053,06901B09,85.4,194,431.4,-23.413890,-51.137025,1149.1,,18,0,2,28,,,,,,,,,,,,,,,,1,108.0,175,455.6,-51.134078,-23.392473,2025-10-20 08:46:57,15,1146.5,10,+RESP:
2025-10-20 08:45:42,2025-10-20 08:45:42,2025-10-20 08:45:37,385349,862689070136657,4671,GTERI,4.16,00008200,698407,14040,81,00,22,,,14,1,0724,0005,A053,06900709,94.1,162,541.3,-23.376387,-51.137820,1144.6,,17,0,2,28,,,,,,,,,,,,,,,,1,94.9,161,539.9,-51.137743,-23.376607,2025-10-20 08:45:38,14,1144.5,10,+RESP:
2025-10-20 08:42:42,2025-10-20 08:42:42,2025-10-20 08:42:38,385349,862689070136657,4669,GTERI,4.16,00008200,698407,13984,81,00,22,,,14,1,0724,0005,A053,0690A108,48.6,202,562.5,-23.355920,-51.149768,1141.5,,19,0,2,28,,,,,,,,,,,,,,,,1,61.2,159,521.6,-51.143175,-23.341402,2025-10-20 08:40:19,13,1139.7,10,+RESP:
2025-10-20 08:39:42,2025-10-20 08:39:42,2025-10-20 08:39:38,385349,862689070136657,4666,GTERI,4.16,00008200,698407,14016,81,00,22,,,14,1,0724,0005,9C6B,0690B009,0.0,142,516.5,-23.339750,-51.144148,1139.5,,24,0,2,28,,,,,,,,,,,,,,,,1,65.9,153,542.2,-51.149012,-23.320977,2025-10-20 08:37:09,11,1137.3,10,+RESP:
2025-10-20 08:36:42,2025-10-20 08:36:42,2025-10-20 08:36:38,385349,862689070136657,4664,GTERI,4.16,00008200,698407,14032,81,00,22,,,11,1,0724,0005,9C6B,0692E40C,62.7,193,555.2,-23.316350,-51.150628,1136.8,,21,0,2,3,,,,,,,,,,,,,,,,1,64.6,178,554.9,-51.150652,-23.316980,2025-10-20 08:36:42,11,1136.8,10,+RESP:
2025-10-20 08:33:45,2025-10-20 08:33:42,2025-10-20 08:33:37,385349,862689070136657,4661,GTERI,4.16,00008200,698407,14000,81,00,22,,,16,1,0724,0005,9C6B,068FFC05,9.1,198,542.4,-23.305588,-51.147653,1135.5,,29,0,2,3,,,,,,,,,,,,,,,,1,44.2,176,541.1,-51.145480,-23.301643,2025-10-20 08:32:23,14,1135.0,10,+RESP:
2025-10-20 08:30:46,2025-10-20 08:30:46,2025-10-20 08:30:45,385349,862689070136657,4659,GTERI,4.16,00008200,698407,13951,81,00,22,,,11,1,0724,0005,9C6B,068FF608,1.3,45,548.5,-23.300003,-51.145212,1134.8,,18,0,2,28,,,,,,,,,,,,,,,,1,1.3,45,548.5,-51.145212,-23.300003,2025-10-20 08:30:45,11,1134.8,10,+RESP:
2025-10-20 08:30:35,2025-10-20 08:30:33,2025-10-20 08:26:40,385349,862689070136657,4657,GTIGN,4.16,,698407,12930,81,00,22,,234,14,1,0724,0005,9C6B,068FFC04,0.0,245,548.0,-23.300035,-51.145193,1134.8,,,,,,,,,,,,,,,,,,,,,,,,,,,,,,,+RESP:
2025-10-20 08:26:40,2025-10-20 08:26:40,2025-10-20 08:26:40,385349,862689070136657,4656,GTERI,4.16,00008200,698407,12720,80,00,12,,,14,1,0724,0005,9C6B,068FFF0A,0.0,245,548.0,-23.300035,-51.145193,1134.8,,18,0,2,28,,,,,,,,,,,,,,,,1,0.0,245,548.0,-51.145193,-23.300035,2025-10-20 08:26:40,14,1134.8,10,+RESP:
2025-10-20 08:26:39,2025-10-20 08:26:39,2025-10-20 08:26:39,385349,862689070136657,4655,GTIGF,4.16,,698407,12841,80,00,12,2375,,13,0,0724,0005,9C6B,068FFF0A,0.0,245,548.0,-23.300035,-51.145193,1134.8,,,,,,,,,,,,,,,,,,,,,,,,,,,,,,,+RESP:
2025-10-20 08:24:48,2025-10-20 08:24:47,2025-10-20 08:24:42,385349,862689070136657,4653,GTERI,4.16,00008200,698407,14056,81,00,22,,,12,1,0724,0005,9C6B,068FFF0A,26.9,267,541.8,-23.300142,-51.144407,1134.7,,18,0,2,28,,,,,,,,,,,,,,,,1,65.2,181,529.9,-51.137558,-23.298253,2025-10-20 08:22:11,14,1133.9,10,+RESP:
2025-10-20 08:21:47,2025-10-20 08:21:47,2025-10-20 08:21:42,385349,862689070136657,4650,GTERI,4.16,00008200,698407,14032,81,00,22,,,14,1,0724,0005,A053,0690110A,0.0,190,529.4,-23.295730,-51.137443,1133.6,,23,0,2,28,,,,,,,,,,,,,,,,1,40.9,269,530.5,-51.136607,-23.295150,2025-10-20 08:21:07,15,1133.5,10,+RESP:
2025-10-20 08:18:47,2025-10-20 08:18:47,2025-10-20 08:18:42,385349,862689070136657,4648,GTERI,4.16,00008200,698407,14032,81,00,22,,,12,1,0724,0005,A053,06901109,0.0,274,515.0,-23.292917,-51.132488,1132.8,,17,0,2,28,,,,,,,,,,,,,,,,1,27.7,271,513.0,-51.129958,-23.293027,2025-10-20 08:15:48,14,1132.5,10,+RESP:
2025-10-20 08:15:55,2025-10-20 08:15:47,2025-10-20 08:15:42,385349,862689070136657,4645,GTERI,4.16,00008200,698407,14032,81,00,22,,,13,1,0724,0005,A053,06933D0A,42.1,270,518.5,-23.293040,-51.129367,1132.5,,21,0,2,28,,,,,,,,,,,,,,,,1,76.6,266,480.5,-51.101995,-23.293057,2025-10-20 08:12:54,13,1129.7,10,+RESP:
2025-10-20 08:12:47,2025-10-20 08:12:47,2025-10-20 08:12:42,385349,862689070136657,4643,GTERI,4.16,00008200,698407,14048,81,00,22,,,14,1,0724,0005,A053,06933D09,70.0,266,491.4,-23.292898,-51.099635,1129.5,,25,0,2,28,,,,,,,,,,,,,,,,1,108.4,216,448.8,-51.093837,-23.284982,2025-10-20 08:11:48,14,1128.2,10,+RESP:
2025-10-20 08:11:40,2025-10-20 08:11:31,2025-10-20 08:11:31,385349,862689070136657,4641,GTSPD,4.16,,698407,13992,81,00,22,,,15,1,0724,0005,9C6B,0690B408,106.7,175,457.1,-23.281083,-51.092187,1127.7,,,,,,,,,,,,,,,,,,,,,,,,,,,,,,,+RESP:
2025-10-20 08:11:18,2025-10-20 08:11:18,2025-10-20 08:11:18,385349,862689070136657,4640,GTSPD,4.16,,698407,13967,81,00,22,,,13,1,0724,0005,9FEF,068FEA08,113.9,178,451.5,-23.277422,-51.092780,1127.2,,,,,,,,,,,,,,,,,,,,,,,,,,,,,,,+RESP:
2025-10-20 08:10:53,2025-10-20 08:10:52,2025-10-20 08:10:52,385349,862689070136657,4639,GTSPD,4.16,,698407,13976,81,00,22,,,13,1,0724,0005,9FEF,068FEA08,108.0,174,475.5,-23.270972,-51.091510,1126.5,,,,,,,,,,,,,,,,,,,,,,,,,,,,,,,+RESP:
2025-10-20 08:10:49,2025-10-20 08:10:49,2025-10-20 08:10:48,385349,862689070136657,4638,GTSPD,4.16,,698407,14024,81,00,22,,,14,1,0724,0005,9FEF,068FEA08,110.7,172,476.0,-23.269848,-51.091640,1126.4,,,,,,,,,,,,,,,,,,,,,,,,,,,,,,,+RESP:
2025-10-20 08:10:31,2025-10-20 08:10:31,2025-10-20 08:10:30,385349,862689070136657,4637,GTSPD,4.16,,698407,14000,81,00,22,,,15,1,0724,0005,9FEF,068FE90A,103.8,230,471.9,-23.265380,-51.091368,1125.8,,,,,,,,,,,,,,,,,,,,,,,,,,,,,,,+RESP:
2025-10-20 08:10:17,2025-10-20 08:10:18,2025-10-20 08:10:17,385349,862689070136657,4636,GTSPD,4.16,,698407,14008,81,00,22,,,15,1,0724,0005,9FEF,068FEA08,114.4,267,462.0,-23.263783,-51.087585,1125.4,,,,,,,,,,,,,,,,,,,,,,,,,,,,,,,+RESP:
2025-10-20 08:09:47,2025-10-20 08:09:47,2025-10-20 08:09:42,385349,862689070136657,4634,GTERI,4.16,00008200,698407,14040,81,00,22,,,14,1,0724,0005,9FEF,06936A04,106.9,215,453.2,-23.260372,-51.078970,1124.5,,16,0,2,3,,,,,,,,,,,,,,,,1,108.7,217,455.0,-51.079490,-23.261048,2025-10-20 08:09:45,14,1124.5,10,+RESP:
2025-10-20 08:09:10,2025-10-20 08:09:10,2025-10-20 08:09:10,385349,862689070136657,4633,GTSPD,4.16,,698407,14024,81,00,22,,,10,1,0724,0005,9FEF,06936A04,108.2,295,430.3,-23.259142,-51.071578,1123.5,,,,,,,,,,,,,,,,,,,,,,,,,,,,,,,+RESP:
2025-10-20 08:09:08,2025-10-20 08:09:08,2025-10-20 08:09:08,385349,862689070136657,4632,GTSPD,4.16,,698407,13992,81,00,22,,,11,1,0724,0005,9FEF,06936A04,111.9,295,426.7,-23.259382,-51.071038,1123.5,,,,,,,,,,,,,,,,,,,,,,,,,,,,,,,+RESP:
2025-10-20 08:08:53,2025-10-20 08:08:53,2025-10-20 08:08:53,385349,862689070136657,4631,GTSPD,4.16,,698407,14024,81,00,22,,,14,1,0724,0005,9FEF,06936A04,104.2,234,405.1,-23.260130,-51.067150,1123.0,,,,,,,,,,,,,,,,,,,,,,,,,,,,,,,+RESP:
2025-10-20 08:08:32,2025-10-20 08:08:32,2025-10-20 08:08:32,385349,862689070136657,4630,GTSPD,4.16,,698407,14016,81,00,22,,,13,1,0724,0005,9FEF,06936A04,110.4,253,415.5,-23.255917,-51.062142,1122.3,,,,,,,,,,,,,,,,,,,,,,,,,,,,,,,+RESP:
2025-10-20 08:08:12,2025-10-20 08:08:01,2025-10-20 08:08:01,385349,862689070136657,4629,GTSPD,4.16,,698407,14000,81,00,22,,,12,1,0724,0005,9FEF,0690900E,104.7,257,422.0,-23.251745,-51.055372,1121.4,,,,,,,,,,,,,,,,,,,,,,,,,,,,,,,+RESP:
2025-10-20 08:07:55,2025-10-20 08:07:55,2025-10-20 08:07:54,385349,862689070136657,4627,GTSPD,4.16,,698407,13943,81,00,22,,,9,1,0724,0005,9FEF,06936A04,112.4,251,428.2,-23.251253,-51.053365,1121.2,,,,,,,,,,,,,,,,,,,,,,,,,,,,,,,+RESP:
2025-10-20 08:07:20,2025-10-20 08:07:21,2025-10-20 08:07:20,385349,862689070136657,4626,GTSPD,4.16,,698407,13984,81,00,22,,,13,1,0724,0005,9FEF,06904409,106.9,281,378.1,-23.251610,-51.045023,1120.3,,,,,,,,,,,,,,,,,,,,,,,,,,,,,,,+RESP:
2025-10-20 08:07:08,2025-10-20 08:07:06,2025-10-20 08:07:06,385349,862689070136657,4625,GTSPD,4.16,,698407,13951,81,00,22,,,11,1,0724,0005,9FEF,068FE908,112.9,284,394.3,-23.251763,-51.040740,1119.8,,,,,,,,,,,,,,,,,,,,,,,,,,,,,,,+RESP:
2025-10-20 08:07:08,2025-10-20 08:07:06,2025-10-20 08:07:06,385349,862689070136657,4625,GTSPD,4.16,,698407,13951,81,00,22,,,11,1,0724,0005,9FEF,068FE908,112.9,284,394.3,-23.251763,-51.040740,1119.8,,,,,,,,,,,,,,,,,,,,,,,,,,,,,,,+RESP:
2025-10-20 08:07:06,2025-10-20 08:07:04,2025-10-20 08:07:04,385349,862689070136657,4624,GTSPD,4.16,,698407,13967,81,00,22,,,10,1,0724,0005,9FEF,0690900C,109.0,279,396.5,-23.251947,-51.040128,1119.8,,,,,,,,,,,,,,,,,,,,,,,,,,,,,,,+RESP:
2025-10-20 08:07:06,2025-10-20 08:07:04,2025-10-20 08:07:04,385349,862689070136657,4624,GTSPD,4.16,,698407,13967,81,00,22,,,10,1,0724,0005,9FEF,0690900C,109.0,279,396.5,-23.251947,-51.040128,1119.8,,,,,,,,,,,,,,,,,,,,,,,,,,,,,,,+RESP:
2025-10-20 08:06:49,2025-10-20 08:06:47,2025-10-20 08:06:42,385349,862689070136657,4623,GTERI,4.16,00008200,698407,14016,81,00,22,,,12,1,0724,0005,9FEF,0690900C,125.9,237,393.6,-23.250330,-51.033542,1119.2,,9,0,2,3,,,,,,,,,,,,,,,,1,128.2,236,391.0,-51.034687,-23.251027,2025-10-20 08:06:46,12,1119.2,10,+RESP:
2025-10-20 08:06:49,2025-10-20 08:06:47,2025-10-20 08:06:42,385349,862689070136657,4623,GTERI,4.16,00008200,698407,14016,81,00,22,,,12,1,0724,0005,9FEF,0690900C,125.9,237,393.6,-23.250330,-51.033542,1119.2,,9,0,2,3,,,,,,,,,,,,,,,,1,128.2,236,391.0,-51.034687,-23.251027,2025-10-20 08:06:46,12,1119.2,10,+RESP:
2025-10-20 08:06:30,2025-10-20 08:06:28,2025-10-20 08:06:28,385349,862689070136657,4622,GTSPD,4.16,,698407,13984,81,00,22,,,9,1,0724,0005,9C6B,06908408,113.0,267,439.2,-23.249413,-51.029348,1118.6,,,,,,,,,,,,,,,,,,,,,,,,,,,,,,,+RESP:
2025-10-20 08:06:30,2025-10-20 08:06:28,2025-10-20 08:06:28,385349,862689070136657,4622,GTSPD,4.16,,698407,13984,81,00,22,,,9,1,0724,0005,9C6B,06908408,113.0,267,439.2,-23.249413,-51.029348,1118.6,,,,,,,,,,,,,,,,,,,,,,,,,,,,,,,+RESP:
2025-10-20 08:04:08,2025-10-20 08:04:08,2025-10-20 08:04:08,385349,862689070136657,4620,GTSPD,4.16,,698407,14000,81,00,22,,,13,1,0724,0005,BFF7,068FF20A,105.3,296,347.5,-23.260982,-50.997445,1114.8,,,,,,,,,,,,,,,,,,,,,,,,,,,,,,,+RESP:
2025-10-20 08:04:05,2025-10-20 08:04:04,2025-10-20 08:04:04,385349,862689070136657,4619,GTSPD,4.16,,698407,14000,81,00,22,,,14,1,0724,0005,BFF7,068FF20A,113.0,296,344.3,-23.261503,-50.996360,1114.6,,,,,,,,,,,,,,,,,,,,,,,,,,,,,,,+RESP:
2025-10-20 08:03:47,2025-10-20 08:03:47,2025-10-20 08:03:43,385349,862689070136657,4617,GTERI,4.16,00008200,698407,14032,81,00,22,,,15,1,0724,0005,BFF7,068FF20A,58.7,270,351.2,-23.261858,-50.992600,1114.3,,23,0,2,28,,,,,,,,,,,,,,,,1,99.6,301,373.2,-50.976582,-23.262598,2025-10-20 08:01:31,13,1112.2,10,+RESP:
2025-10-20 08:01:30,2025-10-20 08:01:29,2025-10-20 08:01:29,385349,862689070136657,4615,GTSPD,4.16,,698407,14016,81,00,22,,,15,1,0724,0005,BFF7,068FF209,105.5,301,372.1,-23.262867,-50.976107,1112.1,,,,,,,,,,,,,,,,,,,,,,,,,,,,,,,+RESP:
2025-10-20 08:01:13,2025-10-20 08:01:13,2025-10-20 08:01:13,385349,862689070136657,4614,GTSPD,4.16,,698407,14016,81,00,22,,,15,1,0724,0005,BFF7,068FF209,114.7,301,362.9,-23.265283,-50.971640,1111.6,,,,,,,,,,,,,,,,,,,,,,,,,,,,,,,+RESP:
2025-10-20 08:01:03,2025-10-20 08:01:03,2025-10-20 08:01:03,385349,862689070136657,4613,GTSPD,4.16,,698407,14024,81,00,22,,,14,1,0724,0005,BFF7,068FF209,107.2,323,370.2,-23.267093,-50.969498,1111.3,,,,,,,,,,,,,,,,,,,,,,,,,,,,,,,+RESP:
2025-10-20 08:00:58,2025-10-20 08:00:58,2025-10-20 08:00:58,385349,862689070136657,4612,GTSPD,4.16,,698407,14016,81,00,22,,,13,1,0724,0005,BFF7,068FF209,110.7,323,373.3,-23.268213,-50.968613,1111.1,,,,,,,,,,,,,,,,,,,,,,,,,,,,,,,+RESP:
2025-10-20 08:00:52,2025-10-20 08:00:52,2025-10-20 08:00:52,385349,862689070136657,4611,GTSPD,4.16,,698407,13976,81,00,22,,,15,1,0724,0005,BFF7,068FF209,106.1,322,373.0,-23.269532,-50.967565,1110.9,,,,,,,,,,,,,,,,,,,,,,,,,,,,,,,+RESP:
2025-10-20 08:00:50,2025-10-20 08:00:47,2025-10-20 08:00:42,385349,862689070136657,4610,GTERI,4.16,00008200,698407,14024,81,00,22,,,15,1,0724,0005,BFF7,068FF209,124.2,322,372.0,-23.271828,-50.965677,1110.8,,14,0,2,28,,,,,,,,,,,,,,,,1,143.3,322,380.5,-50.963912,-23.273992,2025-10-20 08:00:34,16,1110.3,10,+RESP:
2025-10-20 08:00:27,2025-10-20 08:00:28,2025-10-20 08:00:27,385349,862689070136657,4609,GTSPD,4.16,,698407,14016,81,00,22,,,14,1,0724,0005,BFF7,068FF209,113.7,321,391.3,-23.275837,-50.962402,1110.0,,,,,,,,,,,,,,,,,,,,,,,,,,,,,,,+RESP:
2025-10-20 08:00:07,2025-10-20 08:00:08,2025-10-20 08:00:07,385349,862689070136657,4608,GTSPD,4.16,,698407,14024,81,00,22,,,16,1,0724,0005,BFF7,068FF209,103.8,323,405.6,-23.279910,-50.959157,1109.5,,,,,,,,,,,,,,,,,,,,,,,,,,,,,,,+RESP:
2025-10-20 07:59:01,2025-10-20 07:57:52,2025-10-20 07:57:51,385349,862689070136657,4605,GTERI,4.16,00008200,698407,13992,81,00,22,,,13,1,,,,,130.6,273,394.2,-23.285673,-50.913788,1104.7,,12,0,0,0,,,,,,,,,,,,,,,,1,130.6,273,394.2,-50.913788,-23.285673,2025-10-20 07:57:51,13,1104.7,10,+RESP:
2025-10-20 07:59:00,2025-10-20 07:57:52,2025-10-20 07:57:51,385349,862689070136657,4604,GTRTL,4.16,,698407,13992,81,00,22,,,13,1,,,,,130.6,273,394.2,-23.285673,-50.913788,1104.7,,,,,,,,,,,,,,,,,,,,,,,,,,,,,,,+RESP:
2025-10-20 07:59:00,2025-10-20 07:56:51,2025-10-20 07:56:50,385349,862689070136657,4603,GTDOG,,,,,,,,,,,,,,,,,,,,,,,,,,,,,,,,,,
2025-10-20 07:58:59,2025-10-20 07:56:16,2025-10-20 07:56:11,385349,862689070136657,4602,GTERI,4.16,00008200,698407,14000,81,00,22,,,17,1,0724,0005,BFF7,06903E0A,129.4,259,468.5,-23.286253,-50.878757,1101.8,,14,0,2,28,,,,,,,,,,,,,,,,1,131.2,255,469.7,-50.876700,-23.285808,2025-10-20 07:56:05,17,1101.4,10,+BUFF:
2025-10-20 07:58:59,2025-10-20 07:55:57,2025-10-20 07:55:56,385349,862689070136657,4601,GTSPD,4.16,,698407,13992,81,00,22,,,15,1,0724,0005,BFF7,068FE005,115.7,256,476.5,-23.285127,-50.873678,1101.1,,,,,,,,,,,,,,,,,,,,,,,,,,,,,,,+BUFF:
2025-10-20 07:58:58,2025-10-20 07:55:41,2025-10-20 07:55:40,385349,862689070136657,4600,GTSPD,4.16,,698407,14000,81,00,22,,,17,1,0724,0005,BFF7,068FE005,107.0,249,459.3,-23.284187,-50.869548,1100.7,,,,,,,,,,,,,,,,,,,,,,,,,,,,,,,+BUFF:
2025-10-20 07:58:58,2025-10-20 07:54:24,2025-10-20 07:54:23,385349,862689070136657,4598,GTSPD,4.16,,698407,14000,81,00,22,,,16,1,0724,0005,BFF7,068FE005,112.3,237,552.4,-23.278798,-50.845320,1097.9,,,,,,,,,,,,,,,,,,,,,,,,,,,,,,,+BUFF:
2025-10-20 07:58:58,2025-10-20 07:54:01,2025-10-20 07:54:00,385349,862689070136657,4597,GTSPD,4.16,,698407,14000,81,00,22,,,11,1,0724,0005,BFF7,068FE005,104.6,231,520.9,-23.278503,-50.839328,1097.3,,,,,,,,,,,,,,,,,,,,,,,,,,,,,,,+BUFF:
2025-10-20 07:58:58,2025-10-20 07:54:01,2025-10-20 07:54:00,385349,862689070136657,4597,GTSPD,4.16,,698407,14000,81,00,22,,,11,1,0724,0005,BFF7,068FE005,104.6,231,520.9,-23.278503,-50.839328,1097.3,,,,,,,,,,,,,,,,,,,,,,,,,,,,,,,+BUFF:
2025-10-20 07:58:55,2025-10-20 07:53:16,2025-10-20 07:53:11,385349,862689070136657,4596,GTERI,4.16,00008200,698407,14000,81,00,22,,,17,1,0724,0005,BFF7,068FE005,129.8,268,484.8,-23.273925,-50.823387,1095.7,,31,0,2,3,,,,,,,,,,,,,,,,1,134.8,256,483.0,-50.800775,-23.267320,2025-10-20 07:52:03,16,1093.1,10,+BUFF:
2025-10-20 07:58:55,2025-10-20 07:50:16,2025-10-20 07:50:11,385349,862689070136657,4594,GTERI,4.16,00008200,698407,14008,81,00,22,,,15,1,0724,0005,BFF7,068FE005,129.9,239,506.9,-23.255070,-50.764327,1089.2,,31,0,2,3,,,,,,,,,,,,,,,,1,132.3,240,521.5,-50.761538,-23.253615,2025-10-20 07:50:02,17,1088.8,10,+BUFF:
2025-10-20 07:58:54,2025-10-20 07:47:55,2025-10-20 07:47:54,385349,862689070136657,4592,GTSPD,4.16,,698407,13992,81,00,22,,,15,1,0724,0005,BFF7,068FE005,112.0,233,397.9,-23.243435,-50.720208,1084.2,,,,,,,,,,,,,,,,,,,,,,,,,,,,,,,+BUFF:
2025-10-20 07:58:54,2025-10-20 07:47:44,2025-10-20 07:47:43,385349,862689070136657,4591,GTSPD,4.16,,698407,14008,81,00,22,,,13,1,0724,0005,BFF7,068FE005,109.4,305,396.1,-23.243235,-50.717195,1083.9,,,,,,,,,,,,,,,,,,,,,,,,,,,,,,,+BUFF:
2025-10-20 07:58:53,2025-10-20 07:47:31,2025-10-20 07:47:30,385349,862689070136657,4590,GTSPD,4.16,,698407,14000,81,00,22,,,12,1,0724,0005,BFF7,068FE005,114.9,271,405.4,-23.244832,-50.713723,1083.4,,,,,,,,,,,,,,,,,,,,,,,,,,,,,,,+BUFF:
2025-10-20 07:58:53,2025-10-20 07:47:18,2025-10-20 07:47:17,385349,862689070136657,4589,GTSPD,4.16,,698407,14008,81,00,22,,,13,1,0724,0005,BFF7,068FE005,103.3,214,421.6,-23.244005,-50.710475,1083.1,,,,,,,,,,,,,,,,,,,,,,,,,,,,,,,+BUFF:
2025-10-20 07:58:52,2025-10-20 07:47:17,2025-10-20 07:47:16,385349,862689070136657,4588,GTERI,4.16,00008200,698407,14008,81,00,22,,,15,1,0724,0005,BFF7,068FE005,102.8,212,422.0,-23.243787,-50.710328,1083.1,,9,0,2,3,,,,,,,,,,,,,,,,1,102.8,212,422.0,-50.710328,-23.243787,2025-10-20 07:47:16,15,1083.1,10,+BUFF:
2025-10-20 07:58:52,2025-10-20 07:47:17,2025-10-20 07:47:16,385349,862689070136657,4587,GTRTL,4.16,,698407,14008,81,00,22,,,15,1,0724,0005,BFF7,068FE005,102.8,212,422.0,-23.243787,-50.710328,1083.1,,,,,,,,,,,,,,,,,,,,,,,,,,,,,,,+BUFF:
2025-10-20 07:58:52,2025-10-20 07:46:25,2025-10-20 07:46:25,385349,862689070136657,4586,GTSPD,4.16,,698407,14016,81,00,22,,,14,1,0724,0005,BFF7,068FE005,111.6,253,427.3,-23.239763,-50.694445,1082.4,,,,,,,,,,,,,,,,,,,,,,,,,,,,,,,+BUFF:
2025-10-20 07:58:51,2025-10-20 07:46:25,2025-10-20 07:46:25,385349,862689070136657,4586,GTSPD,4.16,,698407,14016,81,00,22,,,14,1,0724,0005,BFF7,068FE005,111.6,253,427.3,-23.239763,-50.694445,1082.4,,,,,,,,,,,,,,,,,,,,,,,,,,,,,,,+BUFF:
2025-10-20 07:58:48,2025-10-20 07:46:20,2025-10-20 07:46:20,385349,862689070136657,4585,GTSPD,4.16,,698407,14016,81,00,22,,,14,1,0724,0005,BFF7,068FE005,108.8,242,428.6,-23.239297,-50.693042,1082.3,,,,,,,,,,,,,,,,,,,,,,,,,,,,,,,+BUFF:
2025-10-20 07:58:48,2025-10-20 07:46:18,2025-10-20 07:46:18,385349,862689070136657,4584,GTSPD,4.16,,698407,14016,81,00,22,,,15,1,0724,0005,BFF7,068FE005,110.2,236,432.1,-23.239010,-50.692577,1082.2,,,,,,,,,,,,,,,,,,,,,,,,,,,,,,,+BUFF:
2025-10-20 07:58:47,2025-10-20 07:46:02,2025-10-20 07:46:01,385349,862689070136657,4583,GTDOG,,,,,,,,,,,,,,,,,,,,,,,,,,,,,,,,,,
2025-10-20 07:58:47,2025-10-20 07:46:02,2025-10-20 07:46:01,385349,862689070136657,4582,GTSPD,4.16,,698407,14008,81,00,22,,,15,1,0724,0005,BFF7,068FE005,109.6,240,442.1,-23.236447,-50.688340,1081.7,,,,,,,,,,,,,,,,,,,,,,,,,,,,,,,+BUFF:
2025-10-20 07:58:46,2025-10-20 07:45:57,2025-10-20 07:45:56,385349,862689070136657,4581,GTSPD,4.16,,698407,14040,81,00,22,,,14,1,0724,0005,BFF7,068FE005,110.1,259,442.9,-23.235922,-50.686952,1081.6,,,,,,,,,,,,,,,,,,,,,,,,,,,,,,,+BUFF:
2025-10-20 07:58:46,2025-10-20 07:45:55,2025-10-20 07:45:54,385349,862689070136657,4580,GTSPD,4.16,,698407,14032,81,00,22,,,15,1,0724,0005,BFF7,068FE005,109.9,262,442.4,-23.235837,-50.686390,1081.5,,,,,,,,,,,,,,,,,,,,,,,,,,,,,,,+BUFF:
2025-10-20 07:58:45,2025-10-20 07:45:52,2025-10-20 07:45:51,385349,862689070136657,4579,GTSPD,4.16,,698407,14032,81,00,22,,,16,1,0724,0005,BFF7,068FE005,112.0,262,447.0,-23.235738,-50.685483,1081.4,,,,,,,,,,,,,,,,,,,,,,,,,,,,,,,+BUFF:
2025-10-20 07:58:45,2025-10-20 07:45:31,2025-10-20 07:45:30,385349,862689070136657,4578,GTSPD,4.16,,698407,14024,81,00,22,,,11,1,0724,0005,BFF7,068FE004,108.8,205,455.0,-23.233745,-50.679788,1080.8,,,,,,,,,,,,,,,,,,,,,,,,,,,,,,,+BUFF:
2025-10-20 07:58:44,2025-10-20 07:45:28,2025-10-20 07:45:22,385349,862689070136657,4577,GTERI,4.16,00008200,698407,14024,81,00,22,,,10,1,0724,0005,BFF7,068FE004,112.0,198,462.4,-23.231655,-50.678923,1080.6,,22,0,2,3,,,,,,,,,,,,,,,,1,112.9,197,459.4,-50.679227,-23.232457,2025-10-20 07:45:25,10,1080.6,10,+BUFF:
2025-10-20 07:58:44,2025-10-20 07:45:19,2025-10-20 07:45:18,385349,862689070136657,4576,GTSPD,4.16,,698407,14032,81,00,22,,,10,1,0724,0005,BFF7,068FE004,110.7,198,466.8,-23.230597,-50.678527,1080.4,,,,,,,,,,,,,,,,,,,,,,,,,,,,,,,+BUFF:
2025-10-20 07:58:43,2025-10-20 07:45:09,2025-10-20 07:45:08,385349,862689070136657,4575,GTSPD,4.16,,698407,14032,81,00,22,,,14,1,0724,0005,BFF7,068FE004,109.0,223,471.6,-23.228082,-50.677227,1080.1,,,,,,,,,,,,,,,,,,,,,,,,,,,,,,,+BUFF:
2025-10-20 07:58:43,2025-10-20 07:45:00,2025-10-20 07:44:59,385349,862689070136657,4574,GTSPD,4.16,,698407,14016,81,00,22,,,13,1,0724,0005,BFF7,068FE004,111.4,223,474.1,-23.226333,-50.675312,1079.8,,,,,,,,,,,,,,,,,,,,,,,,,,,,,,,+BUFF:
2025-10-20 07:58:42,2025-10-20 07:44:14,2025-10-20 07:44:13,385349,862689070136657,4573,GTSPD,4.16,,698407,14024,81,00,22,,,13,1,0724,0005,BFF7,06905405,109.6,195,513.4,-23.217340,-50.670057,1078.6,,,,,,,,,,,,,,,,,,,,,,,,,,,,,,,+BUFF:
2025-10-20 07:58:42,2025-10-20 07:44:14,2025-10-20 07:44:13,385349,862689070136657,4573,GTSPD,4.16,,698407,14024,81,00,22,,,13,1,0724,0005,BFF7,06905405,109.6,195,513.4,-23.217340,-50.670057,1078.6,,,,,,,,,,,,,,,,,,,,,,,,,,,,,,,+BUFF:
2025-10-20 07:58:28,2025-10-20 07:44:14,2025-10-20 07:44:13,385349,862689070136657,4573,GTSPD,4.16,,698407,14024,81,00,22,,,13,1,0724,0005,BFF7,06905405,109.6,195,513.4,-23.217340,-50.670057,1078.6,,,,,,,,,,,,,,,,,,,,,,,,,,,,,,,+BUFF:
2025-10-20 07:58:27,2025-10-20 07:44:11,2025-10-20 07:44:10,385349,862689070136657,4572,GTSPD,4.16,,698407,14032,81,00,22,,,14,1,0724,0005,BFF7,06905405,111.1,193,514.0,-23.216538,-50.669840,1078.5,,,,,,,,,,,,,,,,,,,,,,,,,,,,,,,+BUFF:
2025-10-20 07:58:27,2025-10-20 07:42:28,2025-10-20 07:42:22,385349,862689070136657,4571,GTERI,4.16,00008200,698407,14016,81,00,22,,,12,1,0724,0005,BFF7,06905404,50.3,161,614.5,-23.198562,-50.654227,1075.8,,23,0,2,3,,,,,,,,,,,,,,,,1,98.8,273,591.3,-50.636348,-23.182705,2025-10-20 07:40:10,12,1072.8,10,+BUFF:
2025-10-20 07:58:26,2025-10-20 07:39:28,2025-10-20 07:39:22,385349,862689070136657,4569,GTERI,4.16,00008200,698407,14008,81,00,22,,,11,1,0724,0005,BFF7,068FDE04,76.4,259,565.5,-23.180178,-50.626143,1071.7,,17,0,2,3,,,,,,,,,,,,,,,,1,93.9,207,605.5,-50.613680,-23.172308,2025-10-20 07:37:37,12,1069.6,10,+BUFF:
2025-10-20 07:58:26,2025-10-20 07:36:30,2025-10-20 07:36:29,385349,862689070136657,4567,GTERI,4.16,00008200,698407,14000,81,00,22,,,13,1,0724,0005,BFF7,068FDE04,55.4,200,568.1,-23.161197,-50.608522,1068.3,,13,0,2,3,,,,,,,,,,,,,,,,1,55.4,200,568.1,-50.608522,-23.161197,2025-10-20 07:36:29,13,1068.3,10,+BUFF:
2025-10-20 07:58:26,2025-10-20 07:36:30,2025-10-20 07:36:29,385349,862689070136657,4567,GTERI,4.16,00008200,698407,14000,81,00,22,,,13,1,0724,0005,BFF7,068FDE04,55.4,200,568.1,-23.161197,-50.608522,1068.3,,13,0,2,3,,,,,,,,,,,,,,,,1,55.4,200,568.1,-50.608522,-23.161197,2025-10-20 07:36:29,13,1068.3,10,+BUFF:
2025-10-20 07:58:23,2025-10-20 07:36:30,2025-10-20 07:36:29,385349,862689070136657,4566,GTRTL,4.16,,698407,14000,81,00,22,,,13,1,0724,0005,BFF7,068FDE04,55.4,200,568.1,-23.161197,-50.608522,1068.3,,,,,,,,,,,,,,,,,,,,,,,,,,,,,,,+BUFF:
2025-10-20 07:58:22,2025-10-20 07:35:13,2025-10-20 07:35:13,385349,862689070136657,4565,GTDOG,,,,,,,,,,,,,,,,,,,,,,,,,,,,,,,,,,
2025-10-20 07:58:22,2025-10-20 07:34:18,2025-10-20 07:34:13,385349,862689070136657,4564,GTERI,4.16,00008200,698407,14016,81,00,22,,,15,1,0724,0005,BFF7,068FDE04,77.9,230,567.6,-23.144857,-50.590475,1066.3,,18,0,2,3,,,,,,,,,,,,,,,,1,99.2,274,546.8,-50.566422,-23.146197,2025-10-20 07:32:20,15,1063.7,10,+BUFF:
2025-10-20 07:58:21,2025-10-20 07:31:18,2025-10-20 07:31:14,385349,862689070136657,4562,GTERI,4.16,00008200,698407,14000,81,00,22,,,12,1,0724,0005,616F,4EB8,91.2,275,520.3,-23.147665,-50.550530,1062.1,,8,0,1,900,,,,,,,,,,,,,,,,1,100.9,276,506.4,-50.545868,-23.148100,2025-10-20 07:30:56,14,1061.6,10,+BUFF:
2025-10-20 07:58:20,2025-10-20 07:30:54,2025-10-20 07:30:54,385349,862689070136657,4561,GTSPD,4.16,,698407,13992,81,00,22,,,16,1,0724,0005,616F,4EB8,106.7,275,503.1,-23.148153,-50.545315,1061.5,,,,,,,,,,,,,,,,,,,,,,,,,,,,,,,+BUFF:
2025-10-20 07:58:20,2025-10-20 07:30:12,2025-10-20 07:30:12,385349,862689070136657,4559,GTSPD,4.16,,698407,13992,81,00,22,,,11,1,0724,0005,616F,4EB8,111.8,274,470.0,-23.149415,-50.530923,1060.0,,,,,,,,,,,,,,,,,,,,,,,,,,,,,,,+BUFF:
2025-10-20 07:58:19,2025-10-20 07:28:18,2025-10-20 07:28:14,385349,862689070136657,4558,GTERI,4.16,00008200,698407,13984,81,00,22,,,13,1,0724,0005,616F,4EB8,88.0,250,462.3,-23.155010,-50.504928,1057.3,,8,0,1,900,,,,,,,,,,,,,,,,1,104.7,236,426.8,-50.481848,-23.137432,2025-10-20 07:25:55,13,1054.0,10,+BUFF:
2025-10-20 07:58:18,2025-10-20 07:25:53,2025-10-20 07:25:53,385349,862689070136657,4555,GTSPD,4.16,,698407,13984,81,00,22,,,13,1,0724,0005,BFF7,068FDE04,108.0,236,425.9,-23.137140,-50.481367,1053.9,,,,,,,,,,,,,,,,,,,,,,,,,,,,,,,+BUFF:
2025-10-20 07:58:18,2025-10-20 07:25:53,2025-10-20 07:25:53,385349,862689070136657,4555,GTSPD,4.16,,698407,13984,81,00,22,,,13,1,0724,0005,BFF7,068FDE04,108.0,236,425.9,-23.137140,-50.481367,1053.9,,,,,,,,,,,,,,,,,,,,,,,,,,,,,,,+BUFF:
2025-10-20 07:58:07,2025-10-20 07:25:21,2025-10-20 07:25:21,385349,862689070136657,4554,GTERI,4.16,00008200,698407,14024,81,00,22,,,13,1,0724,0005,BFF7,068FDE04,126.3,234,412.5,-23.131843,-50.472453,1052.9,,10,0,2,3,,,,,,,,,,,,,,,,1,126.3,234,412.5,-50.472453,-23.131843,2025-10-20 07:25:21,13,1052.9,10,+BUFF:
2025-10-20 07:58:07,2025-10-20 07:25:21,2025-10-20 07:25:21,385349,862689070136657,4553,GTRTL,4.16,,698407,14024,81,00,22,,,13,1,0724,0005,BFF7,068FDE04,126.3,234,412.5,-23.131843,-50.472453,1052.9,,,,,,,,,,,,,,,,,,,,,,,,,,,,,,,+BUFF:
2025-10-20 07:58:06,2025-10-20 07:24:25,2025-10-20 07:24:25,385349,862689070136657,4552,GTDOG,,,,,,,,,,,,,,,,,,,,,,,,,,,,,,,,,,
2025-10-20 07:58:05,2025-10-20 07:23:50,2025-10-20 07:23:49,385349,862689070136657,4551,GTSPD,4.16,,698407,13992,81,00,22,,,11,1,0724,0005,FDAF,068FC806,117.0,278,388.7,-23.130773,-50.442425,1050.1,,,,,,,,,,,,,,,,,,,,,,,,,,,,,,,+BUFF:
2025-10-20 07:58:05,2025-10-20 07:22:51,2025-10-20 07:22:45,385349,862689070136657,4549,GTERI,4.16,00008200,698407,14008,81,00,22,,,14,1,0724,0005,FDAF,068FC806,76.0,279,410.7,-23.132662,-50.428985,1048.8,,11,0,2,3,,,,,,,,,,,,,,,,1,93.3,273,456.6,-50.400238,-23.138102,2025-10-20 07:20:04,13,1045.7,10,+BUFF:
2025-10-20 07:58:04,2025-10-20 07:20:03,2025-10-20 07:20:02,385349,862689070136657,4547,GTSPD,4.16,,698407,14008,81,00,22,,,13,1,0724,0005,FDAF,068FC805,103.8,273,453.0,-23.138132,-50.399707,1045.7,,,,,,,,,,,,,,,,,,,,,,,,,,,,,,,+BUFF:
2025-10-20 07:58:04,2025-10-20 07:19:51,2025-10-20 07:19:45,385349,862689070136657,4546,GTERI,4.16,00008200,698407,14008,81,00,22,,,11,1,0724,0005,BFF7,06904505,114.5,273,418.0,-23.138433,-50.394547,1045.3,,12,0,2,3,,,,,,,,,,,,,,,,1,134.4,273,409.1,-50.390542,-23.138745,2025-10-20 07:19:33,11,1044.7,10,+BUFF:
2025-10-20 07:58:03,2025-10-20 07:19:17,2025-10-20 07:19:16,385349,862689070136657,4545,GTSPD,4.16,,698407,14000,81,00,22,,,11,1,0724,0005,BFF7,06904505,112.3,274,404.9,-23.139105,-50.384783,1044.1,,,,,,,,,,,,,,,,,,,,,,,,,,,,,,,+BUFF:
2025-10-20 07:58:03,2025-10-20 07:16:51,2025-10-20 07:16:46,385349,862689070136657,4543,GTERI,4.17,00008200,698407,13992,81,00,22,,,12,1,0724,0005,C2B3,06908B0A,76.8,237,399.8,-23.123488,-50.355635,1040.7,,8,0,2,28,,,,,,,,,,,,,,,,1,87.2,236,401.0,-50.355280,-23.123282,2025-10-20 07:16:44,12,1040.6,10,+BUFF:
2025-10-20 07:58:02,2025-10-20 07:16:42,2025-10-20 07:16:42,385349,862689070136657,4542,GTSPD,4.17,,698407,14008,81,00,22,,,12,1,0724,0005,C2B3,06908B0A,99.2,238,401.8,-23.123047,-50.354867,1040.5,,,,,,,,,,,,,,,,,,,,,,,,,,,,,,,+BUFF:
2025-10-20 07:58:02,2025-10-20 07:16:10,2025-10-20 07:16:09,385349,862689070136657,4541,GTSPD,4.17,,698407,14024,81,00,22,,,11,1,0724,0005,0607,0067,110.6,238,416.2,-23.118095,-50.346063,1039.5,,,,,,,,,,,,,,,,,,,,,,,,,,,,,,,+BUFF:
2025-10-20 07:13:56,2025-10-20 07:13:51,2025-10-20 07:13:45,385349,862689070136657,4538,GTERI,4.17,00008200,698407,14016,81,00,22,,,13,1,0724,0005,0607,EAC4,82.4,198,415.8,-23.119680,-50.322298,1036.1,,14,0,1,1800,,,,,,,,,,,,,,,,1,97.2,225,386.3,-50.317210,-23.109187,2025-10-20 07:12:51,10,1034.8,10,+RESP:
2025-10-20 07:13:55,2025-10-20 07:12:50,2025-10-20 07:12:49,385349,862689070136657,4537,GTSPD,4.17,,698407,14016,81,00,22,,,10,1,0724,0005,610B,4E66,103.2,225,384.2,-23.108838,-50.316823,1034.7,,,,,,,,,,,,,,,,,,,,,,,,,,,,,,,+RESP:
2025-10-20 07:13:55,2025-10-20 07:11:22,2025-10-20 07:11:21,385349,862689070136657,4535,GTSPD,4.17,,698407,13992,81,00,22,,,12,1,0724,0005,610B,4E64,117.0,227,352.1,-23.089345,-50.295433,1031.6,,,,,,,,,,,,,,,,,,,,,,,,,,,,,,,+RESP:
2025-10-20 07:13:54,2025-10-20 07:11:16,2025-10-20 07:11:15,385349,862689070136657,4534,GTSPD,4.17,,698407,13976,81,00,22,,,11,1,0724,0005,610B,4E64,105.1,265,347.8,-23.088310,-50.294022,1031.4,,,,,,,,,,,,,,,,,,,,,,,,,,,,,,,+RESP:
2025-10-20 07:13:53,2025-10-20 07:11:02,2025-10-20 07:11:01,385349,862689070136657,4533,GTSPD,4.17,,698407,13976,81,00,22,,,10,1,0724,0005,610B,4E64,112.1,286,343.3,-23.089097,-50.289783,1031.0,,,,,,,,,,,,,,,,,,,,,,,,,,,,,,,+RESP:
2025-10-20 07:13:53,2025-10-20 07:10:51,2025-10-20 07:10:45,385349,862689070136657,4532,GTERI,4.17,00008200,698407,13976,81,00,22,,,11,1,0724,0005,610B,4E64,93.5,241,354.6,-23.089177,-50.285762,1030.6,,27,0,1,900,,,,,,,,,,,,,,,,1,101.2,241,356.7,-50.285072,-23.088825,2025-10-20 07:10:42,10,1030.5,10,+RESP:
2025-10-20 07:13:52,2025-10-20 07:10:41,2025-10-20 07:10:40,385349,862689070136657,4531,GTSPD,4.17,,698407,13984,81,00,22,,,10,1,0724,0005,610B,4E64,106.8,240,359.0,-23.088573,-50.284583,1030.4,,,,,,,,,,,,,,,,,,,,,,,,,,,,,,,+BUFF:
2025-10-20 07:08:39,2025-10-20 07:08:39,2025-10-20 07:08:38,385349,862689070136657,4529,GTSPD,4.17,,698407,14000,81,00,22,,,11,1,0724,0005,0607,EAC4,116.0,232,451.2,-23.062502,-50.254292,1026.1,,,,,,,,,,,,,,,,,,,,,,,,,,,,,,,+RESP:
2025-10-20 07:08:12,2025-10-20 07:07:53,2025-10-20 07:07:52,385349,862689070136657,4528,GTERI,4.17,00008200,698407,14008,81,00,22,,,10,1,0724,0005,0607,EAC4,55.3,232,456.6,-23.056812,-50.246218,1025.1,,26,0,1,1800,,,,,,,,,,,,,,,,1,55.3,232,456.6,-50.246218,-23.056812,2025-10-20 07:07:52,10,1025.1,10,+RESP:
2025-10-20 07:08:12,2025-10-20 07:07:53,2025-10-20 07:07:52,385349,862689070136657,4527,GTRTL,4.17,,698407,14008,81,00,22,,,10,1,0724,0005,0607,EAC4,55.3,232,456.6,-23.056812,-50.246218,1025.1,,,,,,,,,,,,,,,,,,,,,,,,,,,,,,,+RESP:
2025-10-20 07:08:11,2025-10-20 07:06:35,2025-10-20 07:06:35,385349,862689070136657,4525,GTDOG,,,,,,,,,,,,,,,,,,,,,,,,,,,,,,,,,,
2025-10-20 07:08:11,2025-10-20 07:06:16,2025-10-20 07:06:11,385349,862689070136657,4523,GTERI,4.17,00008200,698407,14000,81,00,22,,,13,1,0724,0005,0607,9CA4,57.1,236,480.4,-23.045587,-50.232880,1023.9,,21,0,1,1800,,,,,,,,,,,,,,,,1,69.8,236,478.1,-50.233510,-23.045983,2025-10-20 07:06:15,13,1023.9,10,+BUFF:
2025-10-20 07:08:10,2025-10-20 07:05:49,,385349,862689070136657,4522,GTASC
2025-10-20 07:08:10,2025-10-20 07:03:16,2025-10-20 07:03:16,385349,862689070136657,4521,GTERI,4.17,00008200,698407,13815,81,00,22,,,5,3,0724,0005,0607,9CA4,3.1,298,487.1,-23.044780,-50.227177,1023.0,,17,0,1,1800,,,,,,,,,,,,,,,,3,3.1,298,487.1,-50.227177,-23.044780,2025-10-20 07:03:16,5,1023.1,10,+BUFF:
2025-10-20 07:08:09,2025-10-20 07:02:51,2025-10-20 06:55:19,385349,862689070136657,4519,GTIGN,4.17,,698407,12567,81,00,21,,8097,11,1,0724,0005,0607,9CA4,0.0,311,502.7,-23.044932,-50.227245,1023.0,,,,,,,,,,,,,,,,,,,,,,,,,,,,,,,+BUFF:
2025-10-20 07:08:09,2025-10-20 06:57:41,2025-10-20 06:55:19,385349,862689070136657,4518,GTERI,4.17,00008200,698407,12744,80,00,11,,,11,1,0724,0005,0607,9CA4,0.0,311,502.7,-23.044932,-50.227245,1023.0,,25,0,1,1800,,,,,,,,,,,,,,,,1,0.0,311,502.7,-50.227245,-23.044932,2025-10-20 06:55:19,11,1023.0,10,+BUFF:
2025-10-20 05:57:47,2025-10-20 05:57:45,2025-10-20 05:57:44,385349,862689070136657,4517,GTERI,4.17,00008200,698407,12559,80,00,11,,,11,1,0724,0005,0607,0064,0.9,311,502.7,-23.044932,-50.227245,1023.0,,23,0,1,900,,,,,,,,,,,,,,,,1,0.9,311,502.7,-50.227245,-23.044932,2025-10-20 05:57:44,11,1023.0,10,+RESP:
2025-10-20 05:57:46,2025-10-20 05:57:45,2025-10-20 05:57:44,385349,862689070136657,4516,GTRTL,4.17,,698407,12559,80,00,11,,,11,1,0724,0005,0607,0064,0.9,311,502.7,-23.044932,-50.227245,1023.0,,,,,,,,,,,,,,,,,,,,,,,,,,,,,,,+RESP:
2025-10-20 05:57:42,2025-10-20 05:56:47,2025-10-20 05:56:46,385349,862689070136657,4515,GTDOG,,,,,,,,,,,,,,,,,,,,,,,,,,,,,,,,,,
2025-10-20 05:57:41,2025-10-20 05:48:03,2025-10-20 05:45:41,385349,862689070136657,4514,GTERI,4.17,00008200,698407,12777,80,00,11,,,11,1,0724,0005,0607,0064,0.0,150,436.9,-23.044680,-50.227302,1023.0,,22,0,1,900,,,,,,,,,,,,,,,,1,0.0,150,436.9,-50.227302,-23.044680,2025-10-20 05:45:41,11,1023.0,10,+BUFF:
2025-10-20 04:48:06,2025-10-20 04:48:06,2025-10-20 04:48:05,385349,862689070136657,4513,GTERI,4.17,00008200,698407,12656,80,00,11,,,14,1,0724,0005,0607,0064,2.4,150,436.9,-23.044680,-50.227302,1023.0,,22,0,1,900,,,,,,,,,,,,,,,,1,2.4,150,436.9,-50.227302,-23.044680,2025-10-20 04:48:05,14,1023.0,10,+RESP:
2025-10-20 04:48:06,2025-10-20 04:48:06,2025-10-20 04:48:05,385349,862689070136657,4512,GTRTL,4.17,,698407,12656,80,00,11,,,14,1,0724,0005,0607,0064,2.4,150,436.9,-23.044680,-50.227302,1023.0,,,,,,,,,,,,,,,,,,,,,,,,,,,,,,,+RESP:
2025-10-20 04:47:42,2025-10-20 04:46:48,2025-10-20 04:46:47,385349,862689070136657,4511,GTDOG,,,,,,,,,,,,,,,,,,,,,,,,,,,,,,,,,,
2025-10-20 04:47:41,2025-10-20 04:38:14,2025-10-20 04:35:53,385349,862689070136657,4510,GTERI,4.17,00008200,698407,12777,80,00,11,,,12,1,0724,0005,0607,0064,0.0,101,491.1,-23.044702,-50.227212,1023.0,,22,0,1,900,,,,,,,,,,,,,,,,1,0.0,101,491.1,-50.227212,-23.044702,2025-10-20 04:35:53,12,1023.0,10,+BUFF:
2025-10-20 02:38:14,2025-10-20 02:38:14,2025-10-20 02:35:52,385349,862689070136657,4509,GTERI,4.17,00008200,698407,12793,80,00,11,,,9,1,0724,0005,0607,0064,0.0,266,500.9,-23.044797,-50.227120,1023.0,,22,0,1,900,,,,,,,,,,,,,,,,1,0.0,266,500.9,-50.227120,-23.044797,2025-10-20 02:35:52,9,1023.0,10,+RESP:
2025-10-20 01:38:14,2025-10-20 01:38:14,2025-10-20 01:35:53,385349,862689070136657,4508,GTERI,4.17,00008200,698407,12801,80,00,11,,,8,1,0724,0005,0607,0064,0.0,266,500.9,-23.044797,-50.227120,1023.0,,22,0,1,900,,,,,,,,,,,,,,,,1,0.0,266,500.9,-50.227120,-23.044797,2025-10-20 01:35:53,8,1023.0,10,+RESP:
2025-10-20 00:38:14,2025-10-20 00:38:14,2025-10-20 00:35:53,385349,862689070136657,4507,GTERI,4.17,00008200,698407,12793,80,00,11,,,11,1,0724,0005,0607,0064,0.0,266,500.9,-23.044797,-50.227120,1023.0,,22,0,1,900,,,,,,,,,,,,,,,,1,0.0,266,500.9,-50.227120,-23.044797,2025-10-20 00:35:53,11,1023.0,10,+RESP:
2025-10-19 23:38:14,2025-10-19 23:38:14,2025-10-19 23:36:02,385349,862689070136657,4506,GTERI,4.17,00008200,698407,12801,80,00,11,,,11,1,0724,0005,0607,9CA4,0.0,266,500.9,-23.044797,-50.227120,1023.0,,26,0,1,1800,,,,,,,,,,,,,,,,1,0.0,266,500.9,-50.227120,-23.044797,2025-10-19 23:36:02,11,1023.0,10,+RESP:
2025-10-19 22:38:14,2025-10-19 22:38:14,2025-10-19 22:36:13,385349,862689070136657,4505,GTERI,4.17,00008200,698407,12793,80,00,11,,,9,1,0724,0005,0607,9CA4,0.0,266,500.9,-23.044797,-50.227120,1023.0,,26,0,1,1800,,,,,,,,,,,,,,,,1,0.0,266,500.9,-50.227120,-23.044797,2025-10-19 22:36:13,9,1023.0,10,+RESP:
2025-10-19 21:38:15,2025-10-19 21:38:14,2025-10-19 21:36:06,385349,862689070136657,4504,GTERI,4.17,00008200,698407,12793,80,00,11,,,9,1,0724,0005,0607,9CA4,0.0,266,500.9,-23.044797,-50.227120,1023.0,,26,0,1,1800,,,,,,,,,,,,,,,,1,0.0,266,500.9,-50.227120,-23.044797,2025-10-19 21:36:06,9,1023.0,10,+RESP:
2025-10-19 20:38:14,2025-10-19 20:38:14,2025-10-19 20:36:04,385349,862689070136657,4503,GTERI,4.17,00008200,698407,12753,80,00,11,,,9,1,0724,0005,0607,9CA4,0.0,266,500.9,-23.044797,-50.227120,1023.0,,25,0,1,1800,,,,,,,,,,,,,,,,1,0.0,266,500.9,-50.227120,-23.044797,2025-10-19 20:36:04,9,1023.0,10,+RESP:
2025-10-19 19:48:32,2025-10-19 19:48:32,2025-10-19 19:35:58,385349,862689070136657,4502,GTINF,4.17,,698407,12809,80,00,11,,,,,,,,,,,,,,,,26,0,,,89551808170105429139,1,0,1,+0000,0
2025-10-19 19:38:14,2025-10-19 19:38:14,2025-10-19 19:35:58,385349,862689070136657,4501,GTERI,4.17,00008200,698407,12801,80,00,11,,,12,1,0724,0005,0607,9CA4,0.0,266,500.9,-23.044797,-50.227120,1023.0,,26,0,1,1800,,,,,,,,,,,,,,,,1,0.0,266,500.9,-50.227120,-23.044797,2025-10-19 19:35:58,12,1023.0,10,+RESP:
2025-10-19 18:38:14,2025-10-19 18:38:14,2025-10-19 18:35:53,385349,862689070136657,4500,GTERI,4.17,00008200,698407,12841,80,00,11,,,8,1,0724,0005,0607,9CA4,0.0,266,500.9,-23.044797,-50.227120,1023.0,,26,0,1,1800,,,,,,,,,,,,,,,,1,0.0,266,500.9,-50.227120,-23.044797,2025-10-19 18:35:53,8,1023.0,10,+RESP:
2025-10-19 17:38:14,2025-10-19 17:38:14,2025-10-19 17:35:55,385349,862689070136657,4499,GTERI,4.17,00008200,698407,12841,80,00,11,,,8,1,0724,0005,0607,9CA4,0.0,266,500.9,-23.044797,-50.227120,1023.0,,26,0,1,1800,,,,,,,,,,,,,,,,1,0.0,266,500.9,-50.227120,-23.044797,2025-10-19 17:35:55,8,1023.0,10,+RESP:
2025-10-19 16:38:14,2025-10-19 16:38:14,2025-10-19 16:35:53,385349,862689070136657,4498,GTERI,4.16,00008200,698407,12849,80,00,11,,,8,1,0724,0005,0607,9CA4,0.0,266,500.9,-23.044797,-50.227120,1023.0,,25,0,1,1800,,,,,,,,,,,,,,,,1,0.0,266,500.9,-50.227120,-23.044797,2025-10-19 16:35:53,8,1023.0,10,+RESP:
2025-10-19 15:38:15,2025-10-19 15:38:14,2025-10-19 15:36:00,385349,862689070136657,4497,GTERI,4.16,00008200,698407,12865,80,00,11,,,6,1,0724,0005,0607,9CA4,0.0,266,500.9,-23.044797,-50.227120,1023.0,,25,0,1,1800,,,,,,,,,,,,,,,,1,0.0,266,500.9,-50.227120,-23.044797,2025-10-19 15:36:00,6,1023.0,10,+RESP:
2025-10-19 14:38:16,2025-10-19 14:38:15,2025-10-19 14:38:15,385349,862689070136657,4496,GTERI,4.16,00008200,698407,14281,80,00,12,,,10,1,0724,0005,0607,9CA4,0.0,266,500.9,-23.044797,-50.227120,1023.0,,20,0,1,1800,,,,,,,,,,,,,,,,1,0.0,266,500.9,-50.227120,-23.044797,2025-10-19 14:38:15,10,1023.0,10,+RESP:
2025-10-19 14:38:15,2025-10-19 14:38:14,2025-10-19 14:38:14,385349,862689070136657,4495,GTIGF,4.16,,698407,14281,80,00,12,176,,11,0,0724,0005,0607,9CA4,0.0,266,500.9,-23.044797,-50.227120,1023.0,,,,,,,,,,,,,,,,,,,,,,,,,,,,,,,+RESP:
2025-10-19 14:35:37,2025-10-19 14:35:36,2025-10-19 14:35:36,385349,862689070136657,4493,GTERI,4.16,00008200,698407,12720,81,00,22,,,11,1,0724,0005,0607,9CA4,1.0,151,486.8,-23.042073,-50.226257,1022.6,,16,0,1,1800,,,,,,,,,,,,,,,,1,1.0,151,486.8,-50.226257,-23.042073,2025-10-19 14:35:36,11,1022.6,10,+RESP:
2025-10-19 14:35:19,2025-10-19 14:35:18,2025-10-19 13:39:47,385349,862689070136657,4491,GTIGN,4.16,,698407,12479,81,00,22,,10388,10,1,0724,0005,0607,9CA4,0.0,131,466.3,-23.042082,-50.226377,1022.6,,,,,,,,,,,,,,,,,,,,,,,,,,,,,,,+RESP:
2025-10-19 13:42:09,2025-10-19 13:42:09,2025-10-19 13:39:47,385349,862689070136657,4490,GTERI,4.16,00008200,698407,12841,80,00,11,,,10,1,0724,0005,0607,9CA4,0.0,131,466.3,-23.042082,-50.226377,1022.6,,19,0,1,1800,,,,,,,,,,,,,,,,1,0.0,131,466.3,-50.226377,-23.042082,2025-10-19 13:39:47,10,1022.6,10,+RESP:
2025-10-19 12:42:09,2025-10-19 12:42:09,2025-10-19 12:39:47,385349,862689070136657,4489,GTERI,4.16,00008200,698407,12865,80,00,11,,,10,1,0724,0005,0607,9CA4,0.0,131,466.3,-23.042082,-50.226377,1022.6,,19,0,1,1800,,,,,,,,,,,,,,,,1,0.0,131,466.3,-50.226377,-23.042082,2025-10-19 12:39:47,10,1022.6,10,+RESP:
2025-10-19 11:42:12,2025-10-19 11:42:11,2025-10-19 11:42:11,385349,862689070136657,4488,GTERI,4.16,00008200,698407,12970,80,00,12,,,11,1,0724,0005,0607,9CA4,0.0,131,466.3,-23.042082,-50.226377,1022.6,,13,0,1,1800,,,,,,,,,,,,,,,,1,0.0,131,466.3,-50.226377,-23.042082,2025-10-19 11:42:11,11,1022.6,10,+RESP:
2025-10-19 11:42:11,2025-10-19 11:42:10,2025-10-19 11:42:10,385349,862689070136657,4487,GTIGF,4.16,,698407,13131,80,00,12,101,,11,0,0724,0005,0607,9CA4,0.0,131,466.3,-23.042082,-50.226377,1022.6,,,,,,,,,,,,,,,,,,,,,,,,,,,,,,,+RESP:
2025-10-19 11:40:51,2025-10-19 11:40:51,2025-10-19 11:40:50,385349,862689070136657,4486,GTERI,4.16,00008200,698407,14024,81,00,22,,,8,1,0724,0005,0607,9CA4,17.4,51,542.9,-23.045300,-50.231660,1021.8,,22,0,1,1800,,,,,,,,,,,,,,,,1,17.4,51,542.9,-50.231660,-23.045300,2025-10-19 11:40:50,8,1021.8,10,+RESP:
2025-10-19 11:40:29,2025-10-19 11:40:29,2025-10-19 11:37:57,385349,862689070136657,4484,GTIGN,4.16,,698407,12833,81,00,22,,153,8,1,0724,0005,0607,9CA4,0.0,352,489.3,-23.045593,-50.232413,1021.8,,,,,,,,,,,,,,,,,,,,,,,,,,,,,,,+RESP:
2025-10-19 11:37:58,2025-10-19 11:37:57,2025-10-19 11:37:57,385349,862689070136657,4483,GTERI,4.16,00008200,698407,13726,80,00,12,,,8,1,0724,0005,0607,9CA4,0.0,352,489.3,-23.045593,-50.232413,1021.8,,24,0,1,1800,,,,,,,,,,,,,,,,1,0.0,352,489.3,-50.232413,-23.045593,2025-10-19 11:37:57,8,1021.8,10,+RESP:
2025-10-19 11:37:57,2025-10-19 11:37:56,2025-10-19 11:37:56,385349,862689070136657,4482,GTIGF,4.16,,698407,14016,80,00,12,169,,7,0,0724,0005,0607,9CA4,0.0,352,489.3,-23.045593,-50.232413,1021.8,,,,,,,,,,,,,,,,,,,,,,,,,,,,,,,+RESP:
2025-10-19 11:35:28,2025-10-19 11:35:28,2025-10-19 11:35:28,385349,862689070136657,4480,GTERI,4.17,00008200,698407,14000,81,00,22,,,11,1,0724,0005,0607,9CA4,2.1,149,378.4,-23.044613,-50.228480,1020.9,,25,0,1,1800,,,,,,,,,,,,,,,,1,2.1,149,378.4,-50.228480,-23.044613,2025-10-19 11:35:28,11,1020.9,10,+RESP:
2025-10-19 11:35:07,2025-10-19 11:35:07,2025-10-19 11:06:17,385349,862689070136657,4478,GTIGN,4.17,,698407,12672,81,00,21,,1731,9,1,0724,0005,0607,9CA4,0.0,344,526.9,-23.044972,-50.227070,1020.9,,,,,,,,,,,,,,,,,,,,,,,,,,,,,,,+RESP:
2025-10-19 11:06:18,2025-10-19 11:06:17,2025-10-19 11:06:17,385349,862689070136657,4477,GTERI,4.16,00008200,698407,13042,80,00,12,,,9,1,0724,0005,0607,9CA4,0.0,344,526.9,-23.044972,-50.227070,1020.9,,20,0,1,1800,,,,,,,,,,,,,,,,1,0.0,344,526.9,-50.227070,-23.044972,2025-10-19 11:06:17,9,1020.9,10,+RESP:
2025-10-19 11:06:17,2025-10-19 11:06:16,2025-10-19 11:06:16,385349,862689070136657,4476,GTIGF,4.16,,698407,13074,80,00,12,78,,8,0,0724,0005,0607,9CA4,0.0,344,526.9,-23.044972,-50.227070,1020.9,,,,,,,,,,,,,,,,,,,,,,,,,,,,,,,+RESP:
2025-10-19 11:05:09,2025-10-19 11:05:08,2025-10-19 11:05:08,385349,862689070136657,4475,GTERI,4.17,00008200,698407,13959,81,00,22,,,8,1,0724,0005,0607,9CA4,5.4,1,533.5,-23.044497,-50.227807,1020.8,,18,0,1,1800,,,,,,,,,,,,,,,,1,5.4,1,533.5,-50.227807,-23.044497,2025-10-19 11:05:08,8,1020.8,10,+RESP:
2025-10-19 11:04:59,2025-10-19 11:04:59,2025-10-19 11:01:29,385349,862689070136657,4473,GTIGN,4.17,,698407,12801,81,00,22,,215,12,1,0724,0005,0607,9CA4,0.0,147,536.4,-23.044350,-50.227730,1020.8,,,,,,,,,,,,,,,,,,,,,,,,,,,,,,,+RESP:
2025-10-19 11:02:56,2025-10-19 11:01:30,,385349,862689070136657,4472,GTCRD
2025-10-19 11:02:51,2025-10-19 11:01:30,,385349,862689070136657,4471,GTCRD
2025-10-19 11:02:46,2025-10-19 11:01:30,,385349,862689070136657,4470,GTCRD
2025-10-19 11:02:43,2025-10-19 11:01:30,,385349,862689070136657,4469,GTCRD
2025-10-19 11:02:38,2025-10-19 11:01:29,,385349,862689070136657,4468,GTCRD
2025-10-19 11:02:34,2025-10-19 11:01:29,,385349,862689070136657,4467,GTCRD
2025-10-19 11:02:31,2025-10-19 11:01:29,,385349,862689070136657,4466,GTCRD
2025-10-19 11:02:28,2025-10-19 11:01:29,,385349,862689070136657,4465,GTCRD
2025-10-19 11:02:26,2025-10-19 11:01:29,,385349,862689070136657,4464,GTCRD
2025-10-19 11:02:24,2025-10-19 11:01:29,,385349,862689070136657,4463,GTCRD
2025-10-19 11:02:22,2025-10-19 11:01:29,,385349,862689070136657,4462,GTCRD
2025-10-19 11:02:20,2025-10-19 11:01:29,,385349,862689070136657,4461,GTCRD
2025-10-19 11:02:18,2025-10-19 11:01:29,,385349,862689070136657,4460,GTCRD
2025-10-19 11:02:14,2025-10-19 11:01:29,,385349,862689070136657,4459,GTCRD
2025-10-19 11:02:10,2025-10-19 11:01:29,,385349,862689070136657,4458,GTCRD
2025-10-19 11:02:08,2025-10-19 11:01:25,,385349,862689070136657,4457,GTCRD
2025-10-19 11:02:07,2025-10-19 11:01:25,,385349,862689070136657,4456,GTCRD
2025-10-19 11:02:05,2025-10-19 11:01:25,,385349,862689070136657,4455,GTCRD
2025-10-19 11:02:03,2025-10-19 11:01:25,,385349,862689070136657,4454,GTCRD
2025-10-19 11:02:01,2025-10-19 11:01:25,,385349,862689070136657,4453,GTCRD
2025-10-19 11:01:58,2025-10-19 11:01:25,,385349,862689070136657,4452,GTCRD
2025-10-19 11:01:55,2025-10-19 11:01:25,,385349,862689070136657,4451,GTCRD
2025-10-19 11:01:51,2025-10-19 11:01:25,,385349,862689070136657,4450,GTCRD
2025-10-19 11:01:47,2025-10-19 11:01:25,,385349,862689070136657,4449,GTCRD
2025-10-19 11:01:44,2025-10-19 11:01:25,,385349,862689070136657,4448,GTCRD
2025-10-19 11:01:40,2025-10-19 11:01:25,,385349,862689070136657,4447,GTCRD
2025-10-19 11:01:38,2025-10-19 11:01:25,,385349,862689070136657,4446,GTCRD
2025-10-19 11:01:35,2025-10-19 11:01:25,,385349,862689070136657,4445,GTCRD
2025-10-19 11:01:31,2025-10-19 11:01:25,,385349,862689070136657,4444,GTCRD
2025-10-19 11:01:29,2025-10-19 11:01:25,,385349,862689070136657,4443,GTCRD
2025-10-19 11:01:26,2025-10-19 11:01:25,,385349,862689070136657,4442,GTCRA
2025-10-19 11:01:25,2025-10-19 11:01:23,2025-10-19 11:01:23,385349,862689070136657,4441,GTERI,4.17,00008200,698407,13533,80,00,12,,,12,1,0724,0005,0607,9CA4,0.0,147,536.4,-23.044350,-50.227730,1020.8,,19,0,1,1800,,,,,,,,,,,,,,,,1,0.0,147,536.4,-50.227730,-23.044350,2025-10-19 11:01:23,12,1020.8,10,+RESP:
2025-10-19 11:01:23,2025-10-19 11:01:23,2025-10-19 11:01:22,385349,862689070136657,4440,GTIGF,4.17,,698407,14024,80,00,12,113,,12,0,0724,0005,0607,9CA4,0.0,147,536.4,-23.044350,-50.227730,1020.8,,,,,,,,,,,,,,,,,,,,,,,,,,,,,,,+RESP:
2025-10-19 10:59:56,2025-10-19 10:59:55,2025-10-19 10:59:55,385349,862689070136657,4439,GTERI,4.17,00008200,698407,13879,81,00,22,,,7,1,0724,0005,0607,9CA4,1.3,22,537.6,-23.042318,-50.225970,1020.5,,16,0,1,1800,,,,,,,,,,,,,,,,1,1.3,22,537.6,-50.225970,-23.042318,2025-10-19 10:59:55,7,1020.5,10,+RESP:
2025-10-19 10:59:31,2025-10-19 10:59:31,2025-10-19 10:43:46,385349,862689070136657,4437,GTIGN,4.17,,698407,12648,81,00,21,,57,8,0,0724,0005,0607,9CA4,0.0,28,464.0,-23.042193,-50.226367,1020.5,,,,,,,,,,,,,,,,,,,,,,,,,,,,,,,+RESP:
2025-10-19 10:58:37,2025-10-19 10:58:33,2025-10-19 10:43:46,385349,862689070136657,4436,GTIGF,4.17,,698407,13316,80,00,11,25,,0,0,0724,0005,0607,9CA4,0.0,28,464.0,-23.042193,-50.226367,1020.5,,,,,,,,,,,,,,,,,,,,,,,,,,,,,,,+RESP:
2025-10-19 10:58:09,2025-10-19 10:58:09,2025-10-19 10:43:46,385349,862689070136657,4434,GTIGN,4.17,,698407,12503,81,00,21,,30260,8,1,0724,0005,0607,9CA4,0.0,28,464.0,-23.042193,-50.226367,1020.5,,,,,,,,,,,,,,,,,,,,,,,,,,,,,,,+RESP:
2025-10-19 10:45:59,2025-10-19 10:45:59,2025-10-19 10:43:46,385349,862689070136657,4433,GTERI,4.17,00008200,698407,12825,80,00,11,,,8,1,0724,0005,0607,9CA4,0.0,28,464.0,-23.042193,-50.226367,1020.5,,14,0,1,1800,,,,,,,,,,,,,,,,1,0.0,28,464.0,-50.226367,-23.042193,2025-10-19 10:43:46,8,1020.5,10,+RESP:
2025-10-19 09:46:00,2025-10-19 09:45:59,2025-10-19 09:44:02,385349,862689070136657,4432,GTERI,4.17,00008200,698407,12825,80,00,11,,,5,1,0724,0005,0607,9CA4,0.0,28,464.0,-23.042193,-50.226367,1020.5,,14,0,1,1800,,,,,,,,,,,,,,,,1,0.0,28,464.0,-50.226367,-23.042193,2025-10-19 09:44:02,5,1020.5,10,+RESP:
2025-10-19 08:45:59,2025-10-19 08:45:59,2025-10-19 08:43:57,385349,862689070136657,4431,GTERI,4.17,00008200,698407,12833,80,00,11,,,5,1,0724,0005,0607,9CA4,0.0,28,464.0,-23.042193,-50.226367,1020.5,,15,0,1,1800,,,,,,,,,,,,,,,,1,0.0,28,464.0,-50.226367,-23.042193,2025-10-19 08:43:57,5,1020.5,10,+RESP:
2025-10-19 07:45:59,2025-10-19 07:45:59,2025-10-19 07:44:00,385349,862689070136657,4430,GTERI,4.17,00008200,698407,12841,80,00,11,,,4,1,0724,0005,0607,9CA4,0.0,28,464.0,-23.042193,-50.226367,1020.5,,15,0,1,1800,,,,,,,,,,,,,,,,1,0.0,28,464.0,-50.226367,-23.042193,2025-10-19 07:44:00,4,1020.5,10,+RESP:
2025-10-19 06:45:59,2025-10-19 06:45:59,2025-10-19 06:43:55,385349,862689070136657,4429,GTERI,4.17,00008200,698407,12841,80,00,11,,,7,1,0724,0005,0607,9CA4,0.0,28,464.0,-23.042193,-50.226367,1020.5,,15,0,1,1800,,,,,,,,,,,,,,,,1,0.0,28,464.0,-50.226367,-23.042193,2025-10-19 06:43:55,7,1020.5,10,+RESP:
2025-10-19 05:45:59,2025-10-19 05:45:59,2025-10-19 05:43:55,385349,862689070136657,4428,GTERI,4.17,00008200,698407,12857,80,00,11,,,7,1,0724,0005,0607,0064,0.0,28,464.0,-23.042193,-50.226367,1020.5,,14,0,1,900,,,,,,,,,,,,,,,,1,0.0,28,464.0,-50.226367,-23.042193,2025-10-19 05:43:55,7,1020.5,10,+RESP:
2025-10-19 04:45:59,2025-10-19 04:45:59,2025-10-19 04:44:27,385349,862689070136657,4427,GTERI,4.17,00008200,698407,12865,80,00,11,,,8,1,0724,0005,0607,0064,0.0,28,464.0,-23.042193,-50.226367,1020.5,,13,0,1,900,,,,,,,,,,,,,,,,1,0.0,28,464.0,-50.226367,-23.042193,2025-10-19 04:44:27,8,1020.5,10,+RESP:
2025-10-19 03:46:03,2025-10-19 03:45:59,2025-10-19 03:43:50,385349,862689070136657,4426,GTERI,4.17,00008200,698407,12873,80,00,11,,,8,1,0724,0005,0607,0064,0.0,28,464.0,-23.042193,-50.226367,1020.5,,12,0,1,900,,,,,,,,,,,,,,,,1,0.0,28,464.0,-50.226367,-23.042193,2025-10-19 03:43:50,8,1020.5,10,+RESP:
2025-10-19 02:46:21,2025-10-19 02:46:01,2025-10-19 02:46:01,385349,862689070136657,4425,GTERI,4.16,00008200,698407,12761,80,00,11,,,9,1,0724,0005,0607,9CA4,1.2,28,464.0,-23.042193,-50.226367,1020.5,,14,0,1,1800,,,,,,,,,,,,,,,,1,1.2,28,464.0,-50.226367,-23.042193,2025-10-19 02:46:01,9,1020.5,10,+RESP:
2025-10-19 02:46:21,2025-10-19 02:46:01,2025-10-19 02:46:01,385349,862689070136657,4424,GTRTL,4.16,,698407,12761,80,00,11,,,9,1,0724,0005,0607,9CA4,1.2,28,464.0,-23.042193,-50.226367,1020.5,,,,,,,,,,,,,,,,,,,,,,,,,,,,,,,+RESP:
2025-10-19 02:46:20,2025-10-19 02:44:41,2025-10-19 02:44:41,385349,862689070136657,4423,GTDOG,,,,,,,,,,,,,,,,,,,,,,,,,,,,,,,,,,
2025-10-19 02:46:20,2025-10-19 02:33:59,2025-10-19 02:33:59,385349,862689070136657,4422,GTERI,4.16,00008200,698407,12761,80,00,11,,,8,1,0724,0005,0607,9CA4,1.4,88,435.9,-23.042307,-50.226333,1020.5,,14,0,1,1800,,,,,,,,,,,,,,,,1,1.4,88,435.9,-50.226333,-23.042307,2025-10-19 02:33:59,8,1020.5,10,+BUFF:
2025-10-19 02:46:19,2025-10-19 02:33:59,2025-10-19 02:33:59,385349,862689070136657,4421,GTRTL,4.16,,698407,12761,80,00,11,,,8,1,0724,0005,0607,9CA4,1.4,88,435.9,-23.042307,-50.226333,1020.5,,,,,,,,,,,,,,,,,,,,,,,,,,,,,,,+BUFF:
2025-10-19 02:46:19,2025-10-19 02:32:38,2025-10-19 02:32:38,385349,862689070136657,4420,GTDOG,,,,,,,,,,,,,,,,,,,,,,,,,,,,,,,,,,
2025-10-19 02:45:36,2025-10-19 02:24:08,2025-10-19 02:22:14,385349,862689070136657,4419,GTERI,4.17,00008200,698407,12889,80,00,11,,,5,1,0724,0005,0607,9CA4,0.0,120,538.6,-23.042258,-50.226340,1020.5,,13,0,1,1800,,,,,,,,,,,,,,,,1,0.0,120,538.6,-50.226340,-23.042258,2025-10-19 02:22:14,5,1020.5,10,+BUFF:
2025-10-19 00:24:31,2025-10-19 00:24:12,2025-10-19 00:23:49,385349,862689070136657,4418,GTERI,4.16,00008200,698407,12817,80,00,12,,,4,0,0724,0005,0607,9CA4,1.4,162,484.7,-23.042278,-50.226508,1020.5,,14,0,1,1800,,,,,,,,,,,,,,,,0,1.4,162,484.7,-50.226508,-23.042278,2025-10-19 00:23:49,4,1020.5,10,+RESP:
2025-10-19 00:24:30,2025-10-19 00:24:08,2025-10-19 00:23:49,385349,862689070136657,4417,GTIGF,4.16,,698407,13404,80,00,12,44,,0,0,0724,0005,0607,9CA4,1.4,162,484.7,-23.042278,-50.226508,1020.5,,,,,,,,,,,,,,,,,,,,,,,,,,,,,,,+RESP:
2025-10-19 00:24:30,2025-10-19 00:24:05,,385349,862689070136657,4416,GTCRD
2025-10-19 00:24:29,2025-10-19 00:24:05,,385349,862689070136657,4415,GTCRD
2025-10-19 00:24:28,2025-10-19 00:24:05,,385349,862689070136657,4414,GTCRD
2025-10-19 00:24:27,2025-10-19 00:24:05,,385349,862689070136657,4413,GTCRD
2025-10-19 00:24:26,2025-10-19 00:24:05,,385349,862689070136657,4412,GTCRD
2025-10-19 00:24:25,2025-10-19 00:24:04,,385349,862689070136657,4411,GTCRD
2025-10-19 00:24:24,2025-10-19 00:24:04,,385349,862689070136657,4410,GTCRD
2025-10-19 00:24:23,2025-10-19 00:24:04,,385349,862689070136657,4409,GTCRD
2025-10-19 00:24:22,2025-10-19 00:24:04,,385349,862689070136657,4408,GTCRD
2025-10-19 00:24:21,2025-10-19 00:24:04,,385349,862689070136657,4407,GTCRD
2025-10-19 00:24:20,2025-10-19 00:24:04,,385349,862689070136657,4406,GTCRD
2025-10-19 00:24:19,2025-10-19 00:24:04,,385349,862689070136657,4405,GTCRD
2025-10-19 00:24:18,2025-10-19 00:24:04,,385349,862689070136657,4404,GTCRD
2025-10-19 00:24:18,2025-10-19 00:24:04,,385349,862689070136657,4403,GTCRD
2025-10-19 00:24:17,2025-10-19 00:24:04,,385349,862689070136657,4402,GTCRD
2025-10-19 00:24:15,2025-10-19 00:24:00,,385349,862689070136657,4401,GTCRD
2025-10-19 00:24:14,2025-10-19 00:24:00,,385349,862689070136657,4400,GTCRD
2025-10-19 00:24:14,2025-10-19 00:24:00,,385349,862689070136657,4399,GTCRD
2025-10-19 00:24:13,2025-10-19 00:24:00,,385349,862689070136657,4398,GTCRD
2025-10-19 00:24:12,2025-10-19 00:24:00,,385349,862689070136657,4397,GTCRD
2025-10-19 00:24:11,2025-10-19 00:24:00,,385349,862689070136657,4396,GTCRD
2025-10-19 00:24:10,2025-10-19 00:24:00,,385349,862689070136657,4395,GTCRD
2025-10-19 00:24:09,2025-10-19 00:24:00,,385349,862689070136657,4394,GTCRD
2025-10-19 00:24:08,2025-10-19 00:24:00,,385349,862689070136657,4393,GTCRD
2025-10-19 00:24:07,2025-10-19 00:24:00,,385349,862689070136657,4392,GTCRD
2025-10-19 00:24:06,2025-10-19 00:24:00,,385349,862689070136657,4391,GTCRD
2025-10-19 00:24:05,2025-10-19 00:24:00,,385349,862689070136657,4390,GTCRD
2025-10-19 00:24:04,2025-10-19 00:24:00,,385349,862689070136657,4389,GTCRD
2025-10-19 00:24:03,2025-10-19 00:24:00,,385349,862689070136657,4388,GTCRD
2025-10-19 00:24:02,2025-10-19 00:24:00,,385349,862689070136657,4387,GTCRD
2025-10-19 00:24:01,2025-10-19 00:24:00,,385349,862689070136657,4386,GTCRA
2025-10-19 00:23:38,2025-10-19 00:23:38,2025-10-19 00:23:36,385349,862689070136657,4385,GTERI,4.16,00008200,698407,13984,81,00,22,,,8,1,0724,0005,0607,9CA4,0.6,0,484.7,-23.042260,-50.226738,1020.4,,15,0,1,1800,,,,,,,,,,,,,,,,1,0.6,0,484.7,-50.226738,-23.042260,2025-10-19 00:23:36,8,1020.4,10,+RESP:
2025-10-19 00:23:24,2025-10-19 00:23:24,2025-10-19 00:22:40,385349,862689070136657,4383,GTIGN,4.16,,698407,12753,81,00,22,,44,13,1,0724,0005,0607,9CA4,0.0,325,485.3,-23.042152,-50.226362,1020.4,,,,,,,,,,,,,,,,,,,,,,,,,,,,,,,+RESP:
2025-10-19 00:22:40,2025-10-19 00:22:40,2025-10-19 00:22:40,385349,862689070136657,4382,GTERI,4.16,00008200,698407,12753,80,00,11,,,13,1,0724,0005,0607,9CA4,0.0,325,485.3,-23.042152,-50.226362,1020.4,,17,0,1,1800,,,,,,,,,,,,,,,,1,0.0,325,485.3,-50.226362,-23.042152,2025-10-19 00:22:40,13,1020.4,10,+RESP:
2025-10-19 00:22:40,2025-10-19 00:22:40,2025-10-19 00:22:39,385349,862689070136657,4381,GTIGF,4.16,,698407,12761,80,00,11,658,,12,0,0724,0005,0607,9CA4,0.0,325,485.3,-23.042152,-50.226362,1020.4,,,,,,,,,,,,,,,,,,,,,,,,,,,,,,,+RESP:
2025-10-19 00:20:54,2025-10-19 00:20:54,2025-10-19 00:20:49,385349,862689070136657,4379,GTERI,4.16,00008200,698407,14000,81,00,22,,,15,1,0724,0005,0607,9CA4,0.0,315,485.6,-23.042158,-50.226260,1020.4,,19,0,1,1800,,,,,,,,,,,,,,,,1,61.8,45,483.5,-50.229060,-23.046573,2025-10-19 00:18:34,12,1019.8,10,+RESP:
2025-10-19 00:17:54,2025-10-19 00:17:54,2025-10-19 00:17:48,385349,862689070136657,4377,GTERI,4.16,00008200,698407,14032,81,00,22,,,11,1,0724,0005,0607,9CA4,18.7,312,487.1,-23.048467,-50.229812,1019.5,,25,0,1,1800,,,,,,,,,,,,,,,,1,50.1,291,488.8,-50.229828,-23.050977,2025-10-19 00:16:26,13,1019.0,10,+RESP:
2025-10-19 00:14:54,2025-10-19 00:14:54,2025-10-19 00:14:48,385349,862689070136657,4374,GTERI,4.16,00008200,698407,14032,81,00,22,,,13,1,0724,0005,0607,C3B4,29.4,290,491.4,-23.053567,-50.222902,1018.3,,28,0,1,1800,,,,,,,,,,,,,,,,1,39.2,291,491.8,-50.222627,-23.053650,2025-10-19 00:14:45,10,1018.3,10,+RESP:
2025-10-19 00:11:58,2025-10-19 00:11:58,2025-10-19 00:11:57,385349,862689070136657,4372,GTERI,4.17,00008200,698407,12415,81,00,21,,,9,1,0724,0005,0607,C3B4,11.6,308,487.7,-23.056118,-50.221305,1017.7,,14,0,1,1800,,,,,,,,,,,,,,,,1,11.6,308,487.7,-50.221305,-23.056118,2025-10-19 00:11:57,9,1017.7,10,+RESP:
2025-10-19 00:11:42,2025-10-19 00:11:42,2025-10-18 23:16:21,385349,862689070136657,4370,GTIGN,4.17,,698407,12664,81,00,21,,6778,14,1,0724,0005,0607,C3B4,0.0,117,499.3,-23.056555,-50.221192,1017.7,,,,,,,,,,,,,,,,,,,,,,,,,,,,,,,+RESP:
2025-10-18 23:18:44,2025-10-18 23:18:44,2025-10-18 23:16:21,385349,862689070136657,4369,GTERI,4.16,00008200,698407,12897,80,00,11,,,14,1,0724,0005,0607,C3B4,0.0,117,499.3,-23.056555,-50.221192,1017.7,,19,0,1,1800,,,,,,,,,,,,,,,,1,0.0,117,499.3,-50.221192,-23.056555,2025-10-18 23:16:21,14,1017.7,10,+RESP:
2025-10-18 22:18:45,2025-10-18 22:18:44,2025-10-18 22:18:44,385349,862689070136657,4368,GTERI,4.16,00008200,698407,12688,80,00,12,,,14,1,0724,0005,0607,C3B4,0.0,117,499.3,-23.056555,-50.221192,1017.7,,18,0,1,1800,,,,,,,,,,,,,,,,1,0.0,117,499.3,-50.221192,-23.056555,2025-10-18 22:18:44,14,1017.7,10,+RESP:
2025-10-18 22:18:44,2025-10-18 22:18:44,2025-10-18 22:18:43,385349,862689070136657,4367,GTIGF,4.16,,698407,12769,80,00,12,544,,15,0,0724,0005,0607,C3B4,0.0,117,499.3,-23.056555,-50.221192,1017.7,,,,,,,,,,,,,,,,,,,,,,,,,,,,,,,+RESP:
2025-10-18 22:15:54,2025-10-18 22:15:54,2025-10-18 22:15:49,385349,862689070136657,4365,GTERI,4.16,00008200,698407,14048,81,00,22,,,13,1,0724,0005,0607,C3B4,13.4,116,489.2,-23.052890,-50.224927,1017.0,,26,0,1,1800,,,,,,,,,,,,,,,,1,43.1,111,496.0,-50.228973,-23.051382,2025-10-18 22:14:55,11,1016.6,10,+RESP:
2025-10-18 22:15:17,2025-10-18 22:12:54,2025-10-18 22:12:49,385349,862689070136657,4363,GTERI,4.16,00008200,698407,14040,81,00,22,,,12,1,0724,0005,0607,9CA4,14.4,288,490.0,-23.048187,-50.230583,1015.8,,21,0,1,1800,,,,,,,,,,,,,,,,1,43.2,294,476.8,-50.229472,-23.051067,2025-10-18 22:11:09,12,1015.3,10,+RESP:
2025-10-18 22:15:16,2025-10-18 22:09:55,2025-10-18 22:09:55,385349,862689070136657,4362,GTERI,4.17,00008200,698407,12415,81,00,22,,,8,1,0724,0005,0607,C3B4,0.8,22,496.1,-23.051617,-50.226752,1015.0,,18,0,1,1800,,,,,,,,,,,,,,,,1,0.8,22,496.1,-50.226752,-23.051617,2025-10-18 22:09:55,8,1015.0,10,+RESP:
2025-10-18 22:15:16,2025-10-18 22:09:40,2025-10-18 21:21:12,385349,862689070136657,4360,GTIGN,4.17,,698407,12688,81,00,22,,6362,13,1,0724,0005,0607,C3B4,0.0,198,503.4,-23.051667,-50.226772,1015.0,,,,,,,,,,,,,,,,,,,,,,,,,,,,,,,+BUFF:
2025-10-18 21:23:34,2025-10-18 21:23:34,2025-10-18 21:21:12,385349,862689070136657,4359,GTERI,4.16,00008200,698407,12905,80,00,11,,,13,1,0724,0005,0607,C3B4,0.0,198,503.4,-23.051667,-50.226772,1015.0,,26,0,1,1800,,,,,,,,,,,,,,,,1,0.0,198,503.4,-50.226772,-23.051667,2025-10-18 21:21:12,13,1015.0,10,+RESP:
2025-10-18 20:23:39,2025-10-18 20:23:38,2025-10-18 20:23:38,385349,862689070136657,4358,GTERI,4.18,00008200,698407,12825,80,00,12,,,12,1,0724,0005,0607,C3B4,0.0,198,503.4,-23.051667,-50.226772,1015.0,,23,0,1,1800,,,,,,,,,,,,,,,,1,0.0,198,503.4,-50.226772,-23.051667,2025-10-18 20:23:38,12,1015.0,10,+RESP:
2025-10-18 20:23:38,2025-10-18 20:23:38,2025-10-18 20:23:37,385349,862689070136657,4357,GTIGF,4.18,,698407,12873,80,00,12,818,,13,0,0724,0005,0607,C3B4,0.0,198,503.4,-23.051667,-50.226772,1015.0,,,,,,,,,,,,,,,,,,,,,,,,,,,,,,,+RESP:
2025-10-18 20:22:09,2025-10-18 20:22:09,2025-10-18 20:22:04,385349,862689070136657,4356,GTERI,4.19,00008200,698407,14032,81,00,22,,,13,1,0724,0005,0607,C3B4,44.3,294,502.8,-23.052225,-50.226458,1014.6,,21,0,1,1800,,,,,,,,,,,,,,,,1,45.0,293,512.2,-50.223598,-23.053298,2025-10-18 20:21:20,13,1014.3,10,+RESP:
2025-10-18 20:19:09,2025-10-18 20:19:09,2025-10-18 20:19:03,385349,862689070136657,4353,GTERI,4.19,00008200,698407,14032,81,00,22,,,12,1,0724,0005,0607,C3B4,0.0,108,509.9,-23.056555,-50.221058,1013.7,,14,0,1,1800,,,,,,,,,,,,,,,,1,41.3,110,498.3,-50.225365,-23.052725,2025-10-18 20:16:09,13,1013.0,10,+RESP:
2025-10-18 20:16:09,2025-10-18 20:16:09,2025-10-18 20:16:04,385349,862689070136657,4351,GTERI,4.19,00008200,698407,14024,81,00,22,,,12,1,0724,0005,0607,C3B4,46.5,112,500.0,-23.052540,-50.225880,1012.9,,19,0,1,1800,,,,,,,,,,,,,,,,1,54.7,113,501.4,-50.226150,-23.052420,2025-10-18 20:16:02,14,1012.9,10,+RESP:
2025-10-18 20:15:31,2025-10-18 20:15:30,,385349,862689070136657,4349,GTASC
2025-10-18 20:13:09,2025-10-18 20:13:09,2025-10-18 20:13:03,385349,862689070136657,4347,GTERI,4.19,00008200,698407,14024,81,00,22,,,8,1,0724,0005,0607,9CA4,38.2,227,489.7,-23.047023,-50.229565,1011.9,,22,0,1,1800,,,,,,,,,,,,,,,,1,43.3,225,489.1,-50.229237,-23.046737,2025-10-18 20:12:59,10,1011.8,10,+RESP:
2025-10-18 20:10:13,2025-10-18 20:10:13,2025-10-18 20:10:11,385349,862689070136657,4345,GTERI,4.19,00008200,698407,12310,81,00,22,,,8,1,0724,0005,0607,9CA4,0.1,126,489.5,-23.042025,-50.226183,1011.1,,19,0,1,1800,,,,,,,,,,,,,,,,1,0.1,126,489.5,-50.226183,-23.042025,2025-10-18 20:10:11,8,1011.1,10,+RESP:
2025-10-18 20:10:00,2025-10-18 20:10:00,2025-10-18 20:09:21,385349,862689070136657,4343,GTIGN,4.19,,698407,12648,81,00,22,,7094,8,1,0724,0005,0607,9CA4,0.0,142,487.6,-23.042192,-50.226338,1011.1,,,,,,,,,,,,,,,,,,,,,,,,,,,,,,,+RESP:
2025-10-18 19:48:33,2025-10-18 19:48:33,2025-10-18 19:09:22,385349,862689070136657,4342,GTINF,4.18,,698407,12777,80,00,11,,,,,,,,,,,,,,,,19,0,,,89551808170105429139,1,1,1,+0000,0
2025-10-18 19:11:45,2025-10-18 19:11:44,2025-10-18 19:09:22,385349,862689070136657,4341,GTERI,4.03,00008200,698407,12761,80,00,11,,,12,1,0724,0005,0607,9CA4,0.0,142,487.6,-23.042192,-50.226338,1011.1,,20,0,1,1800,,,,,,,,,,,,,,,,1,0.0,142,487.6,-50.226338,-23.042192,2025-10-18 19:09:22,12,1011.1,10,+RESP:
2025-10-18 18:11:47,2025-10-18 18:11:46,2025-10-18 18:11:46,385349,862689070136657,4340,GTERI,4.01,00008200,698407,12793,80,00,12,,,13,1,0724,0005,0607,9CA4,0.0,142,487.6,-23.042192,-50.226338,1011.1,,19,0,1,1800,,,,,,,,,,,,,,,,1,0.0,142,487.6,-50.226338,-23.042192,2025-10-18 18:11:46,13,1011.1,10,+RESP:
2025-10-18 18:11:46,2025-10-18 18:11:46,2025-10-18 18:11:45,385349,862689070136657,4339,GTIGF,4.00,,698407,13090,80,00,12,774,,13,0,0724,0005,0607,9CA4,0.0,142,487.6,-23.042192,-50.226338,1011.1,,,,,,,,,,,,,,,,,,,,,,,,,,,,,,,+RESP:
2025-10-18 18:11:09,2025-10-18 18:11:09,2025-10-18 18:11:04,385349,862689070136657,4338,GTERI,4.00,00008200,698407,13967,81,00,22,,,15,1,0724,0005,0607,9CA4,11.2,133,487.6,-23.041842,-50.226623,1011.0,,18,0,1,1800,,,,,,,,,,,,,,,,1,32.8,46,489.7,-50.226420,-23.042477,2025-10-18 18:10:32,14,1011.0,10,+RESP:
2025-10-18 18:08:09,2025-10-18 18:08:09,2025-10-18 18:08:04,385349,862689070136657,4335,GTERI,3.99,00008200,698407,13943,81,00,22,,,13,1,0724,0005,0607,9CA4,0.0,322,473.9,-23.044445,-50.228018,1010.7,,17,0,1,1800,,,,,,,,,,,,,,,,1,0.0,322,473.9,-50.228018,-23.044445,2025-10-18 18:08:08,13,1010.7,10,+RESP:
2025-10-18 18:05:09,2025-10-18 18:05:09,2025-10-18 18:05:04,385349,862689070136657,4333,GTERI,3.98,00008200,698407,13927,81,00,22,,,11,1,0724,0005,0607,9CA4,0.0,322,473.9,-23.044445,-50.228018,1010.7,,18,0,1,1800,,,,,,,,,,,,,,,,1,23.9,226,475.2,-50.229110,-23.044768,2025-10-18 18:02:34,11,1010.4,10,+RESP:
2025-10-18 18:02:09,2025-10-18 18:02:09,2025-10-18 18:02:03,385349,862689070136657,4330,GTERI,3.97,00008200,698407,13887,81,00,22,,,11,1,0724,0005,0607,9CA4,7.4,322,475.4,-23.044222,-50.228252,1010.3,,22,0,1,1800,,,,,,,,,,,,,,,,1,24.6,316,478.3,-50.227792,-23.044537,2025-10-18 18:01:23,10,1010.3,10,+RESP:
2025-10-18 17:59:10,2025-10-18 17:59:10,2025-10-18 17:59:10,385349,862689070136657,4328,GTERI,3.84,00008200,698407,13018,81,00,22,,,6,1,0724,0005,0607,9CA4,1.8,24,468.9,-23.043855,-50.224898,1009.9,,13,0,1,1800,,,,,,,,,,,,,,,,1,1.8,24,468.9,-50.224898,-23.043855,2025-10-18 17:59:10,6,1009.9,10,+RESP:
2025-10-18 17:58:52,2025-10-18 17:58:52,2025-10-18 17:40:32,385349,862689070136657,4326,GTIGN,3.83,,698407,12254,81,00,21,,22554,10,1,0724,0005,0607,9CA4,0.0,181,462.2,-23.043573,-50.225042,1009.9,,,,,,,,,,,,,,,,,,,,,,,,,,,,,,,+RESP:
2025-10-18 17:42:54,2025-10-18 17:42:54,2025-10-18 17:40:32,385349,862689070136657,4325,GTERI,3.83,00008200,698407,12889,80,00,11,,,10,1,0724,0005,0607,9CA4,0.0,181,462.2,-23.043573,-50.225042,1009.9,,12,0,1,1800,,,,,,,,,,,,,,,,1,0.0,181,462.2,-50.225042,-23.043573,2025-10-18 17:40:32,10,1009.9,10,+RESP:
2025-10-18 16:42:54,2025-10-18 16:42:54,2025-10-18 16:40:33,385349,862689070136657,4324,GTERI,3.84,00008200,698407,12889,80,00,11,,,10,1,0724,0005,0607,9CA4,0.0,181,462.2,-23.043573,-50.225042,1009.9,,15,0,1,1800,,,,,,,,,,,,,,,,1,0.0,181,462.2,-50.225042,-23.043573,2025-10-18 16:40:33,10,1009.9,10,+RESP:
2025-10-18 15:42:54,2025-10-18 15:42:54,2025-10-18 15:40:32,385349,862689070136657,4323,GTERI,3.86,00008200,698407,12889,80,00,11,,,9,1,0724,0005,0607,9CA4,0.0,181,462.2,-23.043573,-50.225042,1009.9,,13,0,1,1800,,,,,,,,,,,,,,,,1,0.0,181,462.2,-50.225042,-23.043573,2025-10-18 15:40:32,9,1009.9,10,+RESP:
2025-10-18 14:42:54,2025-10-18 14:42:54,2025-10-18 14:40:32,385349,862689070136657,4322,GTERI,3.87,00008200,698407,12865,80,00,11,,,11,1,0724,0005,0607,9CA4,0.0,181,462.2,-23.043573,-50.225042,1009.9,,13,0,1,1800,,,,,,,,,,,,,,,,1,0.0,181,462.2,-50.225042,-23.043573,2025-10-18 14:40:32,11,1009.9,10,+RESP:
2025-10-18 13:42:56,2025-10-18 13:42:54,2025-10-18 13:40:32,385349,862689070136657,4321,GTERI,3.89,00008200,698407,12905,80,00,11,,,7,1,0724,0005,0607,9CA4,0.0,181,462.2,-23.043573,-50.225042,1009.9,,15,0,1,1800,,,,,,,,,,,,,,,,1,0.0,181,462.2,-50.225042,-23.043573,2025-10-18 13:40:32,7,1009.9,10,+RESP:
2025-10-18 12:42:54,2025-10-18 12:42:54,2025-10-18 12:40:33,385349,862689070136657,4320,GTERI,3.94,00008200,698407,12905,80,00,11,,,10,1,0724,0005,0607,9CA4,0.0,181,462.2,-23.043573,-50.225042,1009.9,,18,0,1,1800,,,,,,,,,,,,,,,,1,0.0,181,462.2,-50.225042,-23.043573,2025-10-18 12:40:33,10,1009.9,10,+RESP:
2025-10-18 11:42:58,2025-10-18 11:42:58,2025-10-18 11:42:57,385349,862689070136657,4319,GTERI,4.10,00008200,698407,13758,80,00,12,,,11,1,0724,0005,0607,9CA4,0.0,181,462.2,-23.043573,-50.225042,1009.9,,11,0,1,1800,,,,,,,,,,,,,,,,1,0.0,181,462.2,-50.225042,-23.043573,2025-10-18 11:42:57,11,1009.9,10,+RESP:
2025-10-18 11:42:58,2025-10-18 11:42:58,2025-10-18 11:42:56,385349,862689070136657,4318,GTIGF,4.10,,698407,13895,80,00,12,222,,11,0,0724,0005,0607,9CA4,0.0,181,462.2,-23.043573,-50.225042,1009.9,,,,,,,,,,,,,,,,,,,,,,,,,,,,,,,+RESP:
2025-10-18 11:42:24,2025-10-18 11:42:24,2025-10-18 11:42:19,385349,862689070136657,4317,GTERI,4.10,00008200,698407,13967,81,00,22,,,11,1,0724,0005,0607,9CA4,0.0,40,464.9,-23.043433,-50.225480,1009.8,,13,0,1,1800,,,,,,,,,,,,,,,,1,40.8,46,475.5,-50.227992,-23.043748,2025-10-18 11:40:59,12,1009.5,10,+RESP:
2025-10-18 11:39:27,2025-10-18 11:39:27,2025-10-18 11:39:26,385349,862689070136657,4315,GTERI,3.97,00008200,698407,13911,81,00,22,,,11,1,0724,0005,0607,9CA4,0.6,0,457.4,-23.044802,-50.227237,1009.0,,23,0,1,1800,,,,,,,,,,,,,,,,1,0.6,0,457.4,-50.227237,-23.044802,2025-10-18 11:39:26,11,1009.0,10,+RESP:
2025-10-18 11:39:16,2025-10-18 11:39:16,2025-10-18 11:36:14,385349,862689070136657,4313,GTIGN,3.97,,698407,12857,81,00,22,,182,8,1,0724,0005,0607,9CA4,0.0,235,456.6,-23.044910,-50.227243,1009.0,,,,,,,,,,,,,,,,,,,,,,,,,,,,,,,+RESP:
2025-10-18 11:36:15,2025-10-18 11:36:14,2025-10-18 11:36:14,385349,862689070136657,4312,GTERI,4.07,00008200,698407,13058,80,00,12,,,8,1,0724,0005,0607,9CA4,0.0,235,456.6,-23.044910,-50.227243,1009.0,,23,0,1,1800,,,,,,,,,,,,,,,,1,0.0,235,456.6,-50.227243,-23.044910,2025-10-18 11:36:14,8,1009.0,10,+RESP:
2025-10-18 11:36:14,2025-10-18 11:36:14,2025-10-18 11:36:13,385349,862689070136657,4311,GTIGF,4.07,,698407,13702,80,00,12,102,,8,0,0724,0005,0607,9CA4,0.0,235,456.6,-23.044910,-50.227243,1009.0,,,,,,,,,,,,,,,,,,,,,,,,,,,,,,,+RESP:
2025-10-18 11:34:44,2025-10-18 11:34:44,2025-10-18 11:34:44,385349,862689070136657,4310,GTERI,3.95,00008200,698407,13927,81,00,21,,,7,1,0724,0005,0607,9CA4,2.4,50,469.5,-23.042078,-50.226362,1008.6,,13,0,1,1800,,,,,,,,,,,,,,,,1,2.4,50,469.5,-50.226362,-23.042078,2025-10-18 11:34:44,7,1008.6,10,+RESP:
2025-10-18 11:34:32,2025-10-18 11:34:32,2025-10-18 11:29:01,385349,862689070136657,4308,GTIGN,3.95,,698407,12744,81,00,21,,330,10,1,0724,0005,0607,9CA4,0.0,138,458.8,-23.042090,-50.226402,1008.6,,,,,,,,,,,,,,,,,,,,,,,,,,,,,,,+RESP:
2025-10-18 11:29:03,2025-10-18 11:29:02,2025-10-18 11:29:01,385349,862689070136657,4307,GTERI,4.07,00008200,698407,13943,80,00,12,,,10,1,0724,0005,0607,9CA4,0.0,138,458.8,-23.042090,-50.226402,1008.6,,15,0,1,1800,,,,,,,,,,,,,,,,1,0.0,138,458.8,-50.226402,-23.042090,2025-10-18 11:29:01,10,1008.6,10,+RESP:
2025-10-18 11:29:02,2025-10-18 11:29:02,2025-10-18 11:29:00,385349,862689070136657,4306,GTIGF,4.07,,698407,13943,80,00,12,174,,9,0,0724,0005,0607,9CA4,0.0,138,458.8,-23.042090,-50.226402,1008.6,,,,,,,,,,,,,,,,,,,,,,,,,,,,,,,+RESP:
2025-10-18 11:26:20,2025-10-18 11:26:20,2025-10-18 11:26:19,385349,862689070136657,4304,GTERI,3.92,00008200,698407,13927,81,00,22,,,10,1,0724,0005,0607,EAC4,8.6,337,462.7,-23.048333,-50.236453,1007.2,,17,0,1,1800,,,,,,,,,,,,,,,,1,8.6,337,462.7,-50.236453,-23.048333,2025-10-18 11:26:19,10,1007.2,10,+RESP:
2025-10-18 11:26:08,2025-10-18 11:26:08,2025-10-18 10:59:46,385349,862689070136657,4302,GTIGN,3.92,,698407,12712,81,00,22,,1582,12,1,0724,0005,0607,EAC4,0.0,325,461.4,-23.048402,-50.236418,1007.2,,,,,,,,,,,,,,,,,,,,,,,,,,,,,,,+RESP:
2025-10-18 10:59:47,2025-10-18 10:59:46,2025-10-18 10:59:46,385349,862689070136657,4301,GTERI,4.08,00008200,698407,12921,80,00,12,,,12,1,0724,0005,0607,EAC4,0.0,325,461.4,-23.048402,-50.236418,1007.2,,17,0,1,1800,,,,,,,,,,,,,,,,1,0.0,325,461.4,-50.236418,-23.048402,2025-10-18 10:59:46,12,1007.2,10,+RESP:
2025-10-18 10:59:46,2025-10-18 10:59:46,2025-10-18 10:59:45,385349,862689070136657,4300,GTIGF,4.07,,698407,13911,80,00,12,344,,12,0,0724,0005,0607,EAC4,0.0,325,461.4,-23.048402,-50.236418,1007.2,,,,,,,,,,,,,,,,,,,,,,,,,,,,,,,+RESP:
2025-10-18 10:57:19,2025-10-18 10:57:19,2025-10-18 10:57:13,385349,862689070136657,4298,GTERI,4.05,00008200,698407,13976,81,00,22,,,11,1,0724,0005,0607,9CA4,27.0,198,466.7,-23.047993,-50.232390,1006.6,,27,0,1,1800,,,,,,,,,,,,,,,,1,39.9,225,478.3,-50.231052,-23.046297,2025-10-18 10:55:58,12,1006.2,10,+RESP:
2025-10-18 10:54:22,2025-10-18 10:54:21,2025-10-18 10:54:21,385349,862689070136657,4296,GTERI,3.91,00008200,698407,13935,81,00,22,,,6,1,0724,0005,0607,9CA4,2.4,129,466.6,-23.044713,-50.227332,1005.6,,24,0,1,1800,,,,,,,,,,,,,,,,1,2.4,129,466.6,-50.227332,-23.044713,2025-10-18 10:54:21,6,1005.7,10,+RESP:
2025-10-18 10:54:02,2025-10-18 10:54:02,2025-10-18 10:32:29,385349,862689070136657,4294,GTIGN,3.90,,698407,12801,81,00,22,,1296,10,1,0724,0005,0607,9CA4,0.0,300,469.0,-23.044775,-50.227315,1005.6,,,,,,,,,,,,,,,,,,,,,,,,,,,,,,,+RESP:
2025-10-18 10:33:17,2025-10-18 10:32:29,,385349,862689070136657,4293,GTCRD
2025-10-18 10:33:15,2025-10-18 10:32:29,,385349,862689070136657,4292,GTCRD
2025-10-18 10:33:13,2025-10-18 10:32:29,,385349,862689070136657,4291,GTCRD
2025-10-18 10:33:12,2025-10-18 10:32:29,,385349,862689070136657,4290,GTCRD
2025-10-18 10:33:10,2025-10-18 10:32:29,,385349,862689070136657,4289,GTCRD
2025-10-18 10:33:09,2025-10-18 10:32:29,,385349,862689070136657,4288,GTCRD
2025-10-18 10:33:07,2025-10-18 10:32:29,,385349,862689070136657,4287,GTCRD
2025-10-18 10:33:05,2025-10-18 10:32:29,,385349,862689070136657,4286,GTCRD
2025-10-18 10:33:04,2025-10-18 10:32:29,,385349,862689070136657,4285,GTCRD
2025-10-18 10:33:02,2025-10-18 10:32:29,,385349,862689070136657,4284,GTCRD
2025-10-18 10:33:01,2025-10-18 10:32:29,,385349,862689070136657,4283,GTCRD
2025-10-18 10:32:59,2025-10-18 10:32:29,,385349,862689070136657,4282,GTCRD
2025-10-18 10:32:57,2025-10-18 10:32:28,,385349,862689070136657,4281,GTCRD
2025-10-18 10:32:55,2025-10-18 10:32:28,,385349,862689070136657,4280,GTCRD
2025-10-18 10:32:54,2025-10-18 10:32:28,,385349,862689070136657,4279,GTCRD
2025-10-18 10:32:52,2025-10-18 10:32:26,2025-10-18 10:32:26,385349,862689070136657,4278,GTERI,4.05,00008200,698407,12978,80,00,12,,,11,1,0724,0005,0607,9CA4,0.0,300,469.0,-23.044775,-50.227315,1005.6,,22,0,1,1800,,,,,,,,,,,,,,,,1,0.0,300,469.0,-50.227315,-23.044775,2025-10-18 10:32:26,11,1005.6,10,+BUFF:
2025-10-18 10:32:52,2025-10-18 10:32:26,2025-10-18 10:32:25,385349,862689070136657,4277,GTIGF,4.05,,698407,13010,80,00,12,142,,11,0,0724,0005,0607,9CA4,0.0,300,469.0,-23.044775,-50.227315,1005.6,,,,,,,,,,,,,,,,,,,,,,,,,,,,,,,+BUFF:
2025-10-18 10:32:51,2025-10-18 10:32:25,,385349,862689070136657,4276,GTCRD
2025-10-18 10:32:50,2025-10-18 10:32:25,,385349,862689070136657,4275,GTCRD
2025-10-18 10:32:48,2025-10-18 10:32:25,,385349,862689070136657,4274,GTCRD
2025-10-18 10:32:47,2025-10-18 10:32:25,,385349,862689070136657,4273,GTCRD
2025-10-18 10:32:45,2025-10-18 10:32:25,,385349,862689070136657,4272,GTCRD
2025-10-18 10:32:43,2025-10-18 10:32:25,,385349,862689070136657,4271,GTCRD
2025-10-18 10:32:42,2025-10-18 10:32:25,,385349,862689070136657,4270,GTCRD
2025-10-18 10:32:40,2025-10-18 10:32:25,,385349,862689070136657,4269,GTCRD
2025-10-18 10:32:39,2025-10-18 10:32:25,,385349,862689070136657,4268,GTCRD
2025-10-18 10:32:37,2025-10-18 10:32:25,,385349,862689070136657,4267,GTCRD
2025-10-18 10:32:35,2025-10-18 10:32:25,,385349,862689070136657,4266,GTCRD
2025-10-18 10:32:33,2025-10-18 10:32:25,,385349,862689070136657,4265,GTCRD
2025-10-18 10:32:31,2025-10-18 10:32:25,,385349,862689070136657,4264,GTCRD
2025-10-18 10:32:29,2025-10-18 10:32:25,,385349,862689070136657,4263,GTCRD
2025-10-18 10:32:27,2025-10-18 10:32:25,,385349,862689070136657,4262,GTCRD
2025-10-18 10:32:25,2025-10-18 10:32:25,,385349,862689070136657,4261,GTCRA
2025-10-18 10:30:13,2025-10-18 10:30:13,2025-10-18 10:30:13,385349,862689070136657,4259,GTERI,3.91,00008200,698407,13927,81,00,22,,,8,1,0724,0005,0607,9CA4,3.6,212,474.5,-23.041983,-50.226488,1005.1,,20,0,1,1800,,,,,,,,,,,,,,,,1,3.6,212,474.5,-50.226488,-23.041983,2025-10-18 10:30:13,8,1005.1,10,+RESP:
2025-10-18 10:30:04,2025-10-18 10:30:04,2025-10-18 10:24:00,385349,862689070136657,4257,GTIGN,3.91,,698407,12753,81,00,21,,364,14,1,0724,0005,0607,9CA4,0.0,293,459.5,-23.042105,-50.226405,1005.1,,,,,,,,,,,,,,,,,,,,,,,,,,,,,,,+RESP:
2025-10-18 10:24:03,2025-10-18 10:24:00,2025-10-18 10:24:00,385349,862689070136657,4256,GTERI,3.94,00008200,698407,13678,80,00,12,,,14,1,0724,0005,0607,9CA4,0.0,293,459.5,-23.042105,-50.226405,1005.1,,17,0,1,1800,,,,,,,,,,,,,,,,1,0.0,293,459.5,-50.226405,-23.042105,2025-10-18 10:24:00,14,1005.1,10,+RESP:
2025-10-18 10:24:02,2025-10-18 10:24:00,2025-10-18 10:23:59,385349,862689070136657,4255,GTIGF,3.94,,698407,13959,80,00,12,34,,13,0,0724,0005,0607,9CA4,0.0,293,459.5,-23.042105,-50.226405,1005.1,,,,,,,,,,,,,,,,,,,,,,,,,,,,,,,+RESP:
2025-10-18 10:23:42,2025-10-18 10:23:39,2025-10-18 10:23:39,385349,862689070136657,4254,GTERI,3.91,00008200,698407,13911,81,00,22,,,10,1,0724,0005,0607,9CA4,3.4,306,459.1,-23.042228,-50.226202,1005.1,,19,0,1,1800,,,,,,,,,,,,,,,,1,3.4,306,459.1,-50.226202,-23.042228,2025-10-18 10:23:39,10,1005.1,10,+RESP:
2025-10-18 10:23:28,2025-10-18 10:23:26,2025-10-18 10:20:32,385349,862689070136657,4252,GTIGN,3.91,,698407,12793,81,00,21,,174,14,1,0724,0005,0607,9CA4,0.0,326,460.1,-23.042215,-50.226170,1005.1,,,,,,,,,,,,,,,,,,,,,,,,,,,,,,,+RESP:
2025-10-18 10:20:33,2025-10-18 10:20:32,2025-10-18 10:20:32,385349,862689070136657,4251,GTERI,4.04,00008200,698407,13581,80,00,12,,,14,1,0724,0005,0607,9CA4,0.0,326,460.1,-23.042215,-50.226170,1005.1,,17,0,1,1800,,,,,,,,,,,,,,,,1,0.0,326,460.1,-50.226170,-23.042215,2025-10-18 10:20:32,14,1005.1,10,+RESP:
2025-10-18 10:20:32,2025-10-18 10:20:32,2025-10-18 10:20:31,385349,862689070136657,4250,GTIGF,4.04,,698407,13887,80,00,12,140,,13,0,0724,0005,0607,9CA4,0.0,326,460.1,-23.042215,-50.226170,1005.1,,,,,,,,,,,,,,,,,,,,,,,,,,,,,,,+RESP:
2025-10-18 10:18:44,2025-10-18 10:18:43,2025-10-18 10:18:43,385349,862689070136657,4248,GTERI,3.91,00008200,698407,13807,81,00,22,,,9,1,0724,0005,0607,9CA4,1.2,349,493.9,-23.044800,-50.227298,1004.7,,26,0,1,1800,,,,,,,,,,,,,,,,1,1.2,349,493.9,-50.227298,-23.044800,2025-10-18 10:18:43,9,1004.8,10,+RESP:
2025-10-18 10:18:12,2025-10-18 10:18:12,2025-10-18 09:24:22,385349,862689070136657,4246,GTIGN,3.89,,698407,11723,81,00,22,,39695,11,1,0724,0005,0607,9CA4,0.0,37,481.3,-23.044797,-50.227300,1004.7,,,,,,,,,,,,,,,,,,,,,,,,,,,,,,,+RESP:
2025-10-18 09:26:44,2025-10-18 09:26:44,2025-10-18 09:24:22,385349,862689070136657,4245,GTERI,3.90,00008200,698407,12881,80,00,11,,,11,1,0724,0005,0607,9CA4,0.0,37,481.3,-23.044797,-50.227300,1004.7,,20,0,1,1800,,,,,,,,,,,,,,,,1,0.0,37,481.3,-50.227300,-23.044797,2025-10-18 09:24:22,11,1004.7,10,+RESP:
2025-10-18 08:26:44,2025-10-18 08:26:44,2025-10-18 08:24:22,385349,862689070136657,4244,GTERI,3.93,00008200,698407,12889,80,00,11,,,9,1,0724,0005,0607,9CA4,0.0,37,481.3,-23.044797,-50.227300,1004.7,,22,0,1,1800,,,,,,,,,,,,,,,,1,0.0,37,481.3,-50.227300,-23.044797,2025-10-18 08:24:22,9,1004.7,10,+RESP:
2025-10-18 07:26:44,2025-10-18 07:26:44,2025-10-18 07:24:23,385349,862689070136657,4243,GTERI,3.95,00008200,698407,12897,80,00,11,,,11,1,0724,0005,0607,9CA4,0.0,37,481.3,-23.044797,-50.227300,1004.7,,22,0,1,1800,,,,,,,,,,,,,,,,1,0.0,37,481.3,-50.227300,-23.044797,2025-10-18 07:24:23,11,1004.7,10,+RESP:
2025-10-18 06:26:44,2025-10-18 06:26:44,2025-10-18 06:24:24,385349,862689070136657,4242,GTERI,4.00,00008200,698407,12897,80,00,11,,,12,1,0724,0005,0607,9CA4,0.0,37,481.3,-23.044797,-50.227300,1004.7,,24,0,1,1800,,,,,,,,,,,,,,,,1,0.0,37,481.3,-50.227300,-23.044797,2025-10-18 06:24:24,12,1004.7,10,+RESP:
2025-10-18 05:26:44,2025-10-18 05:26:44,2025-10-18 05:24:22,385349,862689070136657,4241,GTERI,4.04,00008200,698407,12905,80,00,11,,,8,1,0724,0005,0607,0064,0.0,37,481.3,-23.044797,-50.227300,1004.7,,22,0,1,900,,,,,,,,,,,,,,,,1,0.0,37,481.3,-50.227300,-23.044797,2025-10-18 05:24:22,8,1004.7,10,+RESP:
2025-10-18 04:26:44,2025-10-18 04:26:44,2025-10-18 04:24:23,385349,862689070136657,4240,GTERI,4.06,00008200,698407,12913,80,00,11,,,10,1,0724,0005,0607,0064,0.0,37,481.3,-23.044797,-50.227300,1004.7,,21,0,1,900,,,,,,,,,,,,,,,,1,0.0,37,481.3,-50.227300,-23.044797,2025-10-18 04:24:23,10,1004.7,10,+RESP:
2025-10-18 03:26:44,2025-10-18 03:26:44,2025-10-18 03:24:23,385349,862689070136657,4239,GTERI,4.09,00008200,698407,12921,80,00,11,,,10,1,0724,0005,0607,0064,0.0,37,481.3,-23.044797,-50.227300,1004.7,,21,0,1,900,,,,,,,,,,,,,,,,1,0.0,37,481.3,-50.227300,-23.044797,2025-10-18 03:24:23,10,1004.7,10,+RESP:
2025-10-18 02:26:44,2025-10-18 02:26:44,2025-10-18 02:24:22,385349,862689070136657,4238,GTERI,4.12,00008200,698407,12930,80,00,11,,,8,1,0724,0005,0607,C3B4,0.0,37,481.3,-23.044797,-50.227300,1004.7,,14,0,1,1800,,,,,,,,,,,,,,,,1,0.0,37,481.3,-50.227300,-23.044797,2025-10-18 02:24:22,8,1004.7,10,+RESP:
2025-10-18 01:26:45,2025-10-18 01:26:44,2025-10-18 01:24:23,385349,862689070136657,4237,GTERI,4.15,00008200,698407,12930,80,00,11,,,9,1,0724,0005,0607,C3B4,0.0,37,481.3,-23.044797,-50.227300,1004.7,,13,0,1,1800,,,,,,,,,,,,,,,,1,0.0,37,481.3,-50.227300,-23.044797,2025-10-18 01:24:23,9,1004.7,10,+RESP:
2025-10-18 00:36:17,2025-10-18 00:26:45,2025-10-18 00:26:45,385349,862689070136657,4236,GTERI,3.87,00008200,698407,12946,80,00,11,,,10,1,0724,0005,0607,0064,0.2,37,481.3,-23.044797,-50.227300,1004.7,,22,0,1,900,,,,,,,,,,,,,,,,1,0.2,37,481.3,-50.227300,-23.044797,2025-10-18 00:26:45,10,1004.7,10,+RESP:
2025-10-18 00:36:16,2025-10-18 00:26:45,2025-10-18 00:26:45,385349,862689070136657,4235,GTRTL,3.87,,698407,12946,80,00,11,,,10,1,0724,0005,0607,0064,0.2,37,481.3,-23.044797,-50.227300,1004.7,,,,,,,,,,,,,,,,,,,,,,,,,,,,,,,+RESP:
2025-10-18 00:36:16,2025-10-18 00:25:30,2025-10-18 00:25:29,385349,862689070136657,4234,GTDOG,,,,,,,,,,,,,,,,,,,,,,,,,,,,,,,,,,
2025-10-18 00:36:15,2025-10-18 00:16:46,2025-10-18 00:14:30,385349,862689070136657,4233,GTERI,4.01,00008200,698407,12954,80,00,11,,,8,1,0724,0005,0607,C3B4,0.0,235,498.3,-23.044863,-50.227227,1004.7,,14,0,1,1800,,,,,,,,,,,,,,,,1,0.0,235,498.3,-50.227227,-23.044863,2025-10-18 00:14:30,8,1004.7,10,+BUFF:
2025-10-17 23:17:05,2025-10-17 23:16:48,2025-10-17 23:16:47,385349,862689070136657,4232,GTERI,4.00,00008200,698407,12970,80,00,11,,,15,1,0724,0005,0607,9CA4,0.0,235,498.3,-23.044863,-50.227227,1004.7,,24,0,1,1800,,,,,,,,,,,,,,,,1,0.0,235,498.3,-50.227227,-23.044863,2025-10-17 23:16:47,15,1004.7,10,+RESP:
2025-10-17 23:17:04,2025-10-17 23:16:47,2025-10-17 23:16:47,385349,862689070136657,4231,GTRTL,4.00,,698407,12970,80,00,11,,,15,1,0724,0005,0607,9CA4,0.0,235,498.3,-23.044863,-50.227227,1004.7,,,,,,,,,,,,,,,,,,,,,,,,,,,,,,,+RESP:
2025-10-17 23:17:04,2025-10-17 23:15:29,2025-10-17 23:15:29,385349,862689070136657,4230,GTDOG,,,,,,,,,,,,,,,,,,,,,,,,,,,,,,,,,,
2025-10-17 23:16:22,2025-10-17 23:06:12,2025-10-17 23:04:16,385349,862689070136657,4229,GTERI,4.09,00008200,698407,12978,80,00,11,,,6,1,0724,0005,0607,9CA4,0.0,27,431.4,-23.044930,-50.227275,1004.7,,24,0,1,1800,,,,,,,,,,,,,,,,1,0.0,27,431.4,-50.227275,-23.044930,2025-10-17 23:04:16,6,1004.7,10,+BUFF:
2025-10-17 22:06:15,2025-10-17 22:06:14,2025-10-17 22:06:14,385349,862689070136657,4228,GTERI,4.17,00008200,698407,13203,80,00,1A,,,4,1,0724,0005,0607,9CA4,0.0,27,431.4,-23.044930,-50.227275,1004.7,,24,0,1,1800,,,,,,,,,,,,,,,,1,0.0,27,431.4,-50.227275,-23.044930,2025-10-17 22:06:14,4,1004.7,10,+RESP:
2025-10-17 22:06:10,2025-10-17 22:06:10,2025-10-17 22:05:06,385349,862689070136657,4227,GTIGF,4.17,,698407,13951,80,00,11,10,,4,0,0724,0005,0607,9CA4,0.0,27,431.4,-23.044930,-50.227275,1004.7,,,,,,,,,,,,,,,,,,,,,,,,,,,,,,,+RESP:
2025-10-17 22:06:00,2025-10-17 22:06:00,2025-10-17 22:05:06,385349,862689070136657,4225,GTIGN,4.17,,698407,12881,81,00,21,,54,4,1,0724,0005,0607,9CA4,0.0,27,431.4,-23.044930,-50.227275,1004.7,,,,,,,,,,,,,,,,,,,,,,,,,,,,,,,+RESP:
2025-10-17 22:05:07,2025-10-17 22:05:06,2025-10-17 22:05:06,385349,862689070136657,4224,GTERI,4.19,00008200,698407,13871,80,00,12,,,4,1,0724,0005,0607,9CA4,0.0,27,431.4,-23.044930,-50.227275,1004.7,,22,0,1,1800,,,,,,,,,,,,,,,,1,0.0,27,431.4,-50.227275,-23.044930,2025-10-17 22:05:06,4,1004.7,10,+RESP:
2025-10-17 22:05:07,2025-10-17 22:05:06,2025-10-17 22:05:05,385349,862689070136657,4223,GTIGF,4.19,,698407,13992,80,00,12,238,,4,0,0724,0005,0607,9CA4,0.0,27,431.4,-23.044930,-50.227275,1004.7,,,,,,,,,,,,,,,,,,,,,,,,,,,,,,,+RESP:
2025-10-17 22:04:22,2025-10-17 22:04:22,2025-10-17 22:04:17,385349,862689070136657,4222,GTERI,4.18,00008200,698407,14016,81,00,22,,,5,1,0724,0005,0607,9CA4,17.1,141,443.0,-23.044798,-50.227550,1004.7,,20,0,1,1800,,,,,,,,,,,,,,,,3,27.2,316,482.1,-50.231127,-23.047135,2025-10-17 22:02:05,4,1004.1,10,+RESP:
2025-10-17 22:01:25,2025-10-17 22:01:25,2025-10-17 22:01:25,385349,862689070136657,4220,GTERI,4.15,00008200,698407,13992,81,00,22,,,4,3,0724,0005,0607,9CA4,5.7,323,477.4,-23.048275,-50.230050,1004.0,,22,0,1,1800,,,,,,,,,,,,,,,,3,5.7,323,477.4,-50.230050,-23.048275,2025-10-17 22:01:25,4,1004.0,10,+RESP:
2025-10-17 22:01:08,2025-10-17 22:01:08,2025-10-17 21:44:44,385349,862689070136657,4218,GTIGN,4.15,,698407,12833,81,00,22,,984,4,3,0724,0005,0607,9CA4,0.0,339,496.8,-23.048358,-50.229743,1004.0,,,,,,,,,,,,,,,,,,,,,,,,,,,,,,,+RESP:
2025-10-17 21:44:45,2025-10-17 21:44:44,2025-10-17 21:44:44,385349,862689070136657,4217,GTERI,4.18,00008200,698407,12769,80,00,12,,,4,3,0724,0005,0607,9CA4,0.0,339,496.8,-23.048358,-50.229743,1004.0,,22,0,1,1800,,,,,,,,,,,,,,,,3,0.0,339,496.8,-50.229743,-23.048358,2025-10-17 21:44:44,4,1004.0,10,+RESP:
2025-10-17 21:44:45,2025-10-17 21:44:44,2025-10-17 21:44:43,385349,862689070136657,4216,GTIGF,4.18,,698407,12769,80,00,12,294,,4,0,0724,0005,0607,9CA4,0.0,339,496.8,-23.048358,-50.229743,1004.0,,,,,,,,,,,,,,,,,,,,,,,,,,,,,,,+RESP:
2025-10-17 21:42:21,2025-10-17 21:42:20,2025-10-17 20:55:02,385349,862689070136657,4214,GTERI,4.19,00008200,698407,14024,81,00,22,,,0,0,0724,0005,0607,9CA4,0.0,358,490.4,-23.049238,-50.231437,1003.6,,19,0,1,1800,,,,,,,,,,,,,,,,0,0.0,358,490.4,-50.231437,-23.049238,2025-10-17 20:55:02,16,1003.6,10,+RESP:
2025-10-17 21:39:50,2025-10-17 21:39:50,2025-10-17 20:55:02,385349,862689070136657,4211,GTIGN,4.14,,698407,12857,81,00,22,,2688,16,1,0724,0005,0607,9CA4,0.0,358,490.4,-23.049238,-50.231437,1003.6,,,,,,,,,,,,,,,,,,,,,,,,,,,,,,,+RESP:
2025-10-17 20:55:03,2025-10-17 20:55:02,2025-10-17 20:55:02,385349,862689070136657,4210,GTERI,4.19,00008200,698407,12704,80,00,12,,,16,1,0724,0005,0607,9CA4,0.0,358,490.4,-23.049238,-50.231437,1003.6,,27,0,1,1800,,,,,,,,,,,,,,,,1,0.0,358,490.4,-50.231437,-23.049238,2025-10-17 20:55:02,16,1003.6,10,+RESP:
2025-10-17 20:55:02,2025-10-17 20:55:02,2025-10-17 20:55:01,385349,862689070136657,4209,GTIGF,4.19,,698407,12664,80,00,12,2070,,17,0,0724,0005,0607,9CA4,0.0,358,490.4,-23.049238,-50.231437,1003.6,,,,,,,,,,,,,,,,,,,,,,,,,,,,,,,+RESP:
2025-10-17 20:53:47,2025-10-17 20:53:47,2025-10-17 20:53:42,385349,862689070136657,4207,GTERI,4.19,00008200,698407,14016,81,00,22,,,14,1,0724,0005,0607,9CA4,7.4,22,493.9,-23.050350,-50.231902,1003.5,,25,0,1,1800,,,,,,,,,,,,,,,,1,28.2,292,463.1,-50.230415,-23.052912,2025-10-17 20:52:06,17,1003.1,10,+RESP:
2025-10-17 20:50:47,2025-10-17 20:50:47,2025-10-17 20:50:42,385349,862689070136657,4205,GTERI,4.19,00008200,698407,14048,81,00,22,,,13,1,0724,0005,0607,C3B4,21.1,294,476.9,-23.054490,-50.226225,1002.6,,24,0,1,1800,,,,,,,,,,,,,,,,1,24.6,293,473.2,-50.226460,-23.054387,2025-10-17 20:50:46,13,1002.6,10,+RESP:
2025-10-17 20:47:47,2025-10-17 20:47:47,2025-10-17 20:47:42,385349,862689070136657,4202,GTERI,4.18,00008200,698407,14032,81,00,22,,,14,1,0724,0005,0607,C3B4,12.2,108,505.6,-23.057357,-50.220992,1001.8,,14,0,1,1800,,,,,,,,,,,,,,,,1,24.3,113,517.4,-50.222423,-23.056852,2025-10-17 20:47:09,15,1001.7,10,+RESP:
2025-10-17 20:44:47,2025-10-17 20:44:47,2025-10-17 20:44:42,385349,862689070136657,4200,GTERI,4.18,00008200,698407,14032,81,00,22,,,12,1,0724,0005,0607,C3B4,17.2,21,474.5,-23.056867,-50.227677,1000.9,,22,0,1,1800,,,,,,,,,,,,,,,,1,21.1,141,456.5,-50.231573,-23.060307,2025-10-17 20:42:08,15,1000.3,10,+RESP:
2025-10-17 20:41:47,2025-10-17 20:41:47,2025-10-17 20:41:42,385349,862689070136657,4197,GTERI,4.18,00008200,698407,14040,81,00,22,,,16,1,0724,0005,0607,C3B4,13.2,145,441.5,-23.059588,-50.232250,1000.2,,20,0,1,1800,,,,,,,,,,,,,,,,1,23.8,280,482.4,-50.228117,-23.059287,2025-10-17 20:40:11,16,999.8,10,+RESP:
2025-10-17 20:38:47,2025-10-17 20:38:47,2025-10-17 20:38:42,385349,862689070136657,4195,GTERI,4.18,00008200,698407,14016,81,00,22,,,12,1,0724,0005,0607,C3B4,24.3,206,484.2,-23.059097,-50.224968,999.4,,16,0,1,1800,,,,,,,,,,,,,,,,1,24.3,206,484.2,-50.224968,-23.059097,2025-10-17 20:38:42,14,999.4,10,+RESP:
2025-10-17 20:35:47,2025-10-17 20:35:47,2025-10-17 20:35:42,385349,862689070136657,4192,GTERI,4.18,00008200,698407,14024,81,00,22,,,15,1,0724,0005,0607,C3B4,12.5,111,504.2,-23.053833,-50.222507,998.7,,22,0,1,1800,,,,,,,,,,,,,,,,1,24.6,109,489.0,-50.226530,-23.052293,2025-10-17 20:33:51,14,998.3,10,+RESP:
2025-10-17 20:32:47,2025-10-17 20:32:47,2025-10-17 20:32:42,385349,862689070136657,4190,GTERI,4.18,00008200,698407,14008,81,00,22,,,12,1,0724,0005,0607,C3B4,13.2,206,493.0,-23.051045,-50.226520,998.1,,20,0,1,1800,,,,,,,,,,,,,,,,1,15.0,107,499.5,-50.227360,-23.050368,2025-10-17 20:31:53,13,998.0,10,+RESP:
2025-10-17 20:29:47,2025-10-17 20:29:47,2025-10-17 20:29:42,385349,862689070136657,4187,GTERI,4.18,00008200,698407,14008,81,00,22,,,11,1,0724,0005,0607,9CA4,10.8,112,476.5,-23.048837,-50.231268,997.5,,24,0,1,1800,,,,,,,,,,,,,,,,1,21.4,113,474.6,-50.233933,-23.047875,2025-10-17 20:28:12,10,997.2,10,+RESP:
2025-10-17 20:26:47,2025-10-17 20:26:47,2025-10-17 20:26:42,385349,862689070136657,4185,GTERI,4.17,00008200,698407,13992,81,00,22,,,9,1,0724,0005,0607,9CA4,9.8,273,471.1,-23.047310,-50.232997,996.8,,17,0,1,1800,,,,,,,,,,,,,,,,1,23.6,225,483.1,-50.231047,-23.046528,2025-10-17 20:24:37,10,996.4,10,+RESP:
2025-10-17 20:23:47,2025-10-17 20:23:47,2025-10-17 20:23:42,385349,862689070136657,4182,GTERI,4.16,00008200,698407,13976,81,00,22,,,9,1,0724,0005,0607,9CA4,10.2,222,486.6,-23.045290,-50.229602,996.2,,23,0,1,1800,,,,,,,,,,,,,,,,1,22.4,228,487.1,-50.229465,-23.045130,2025-10-17 20:23:37,11,996.2,10,+RESP:
2025-10-17 20:20:49,2025-10-17 20:20:49,2025-10-17 20:20:48,385349,862689070136657,4180,GTERI,4.05,00008200,698407,13895,81,00,22,,,4,2,0724,0005,0607,9CA4,1.2,3,516.6,-23.044995,-50.227027,995.8,,24,0,1,1800,,,,,,,,,,,,,,,,2,1.2,3,516.6,-50.227027,-23.044995,2025-10-17 20:20:48,4,995.8,10,+RESP:
2025-10-17 20:20:32,2025-10-17 20:20:32,2025-10-17 20:00:47,385349,862689070136657,4178,GTIGN,4.05,,698407,12736,81,00,22,,8242,8,1,0724,0005,0607,9CA4,0.0,333,472.2,-23.044840,-50.227287,995.8,,,,,,,,,,,,,,,,,,,,,,,,,,,,,,,+RESP:
2025-10-17 20:03:07,2025-10-17 20:03:07,2025-10-17 20:00:47,385349,862689070136657,4177,GTERI,4.05,00008200,698407,12946,80,00,11,,,8,1,0724,0005,0607,9CA4,0.0,333,472.2,-23.044840,-50.227287,995.8,,26,0,1,1800,,,,,,,,,,,,,,,,1,0.0,333,472.2,-50.227287,-23.044840,2025-10-17 20:00:47,8,995.8,10,+RESP:
2025-10-17 19:48:34,2025-10-17 19:48:34,2025-10-17 19:00:45,385349,862689070136657,4176,GTINF,4.05,,698407,12946,80,00,11,,,,,,,,,,,,,,,,26,0,,,89551808170105429139,1,0,1,+0000,0
2025-10-17 19:03:07,2025-10-17 19:03:07,2025-10-17 19:00:45,385349,862689070136657,4175,GTERI,4.07,00008200,698407,12954,80,00,11,,,9,1,0724,0005,0607,9CA4,0.0,333,472.2,-23.044840,-50.227287,995.8,,25,0,1,1800,,,,,,,,,,,,,,,,1,0.0,333,472.2,-50.227287,-23.044840,2025-10-17 19:00:45,9,995.8,10,+RESP:
2025-10-17 18:03:11,2025-10-17 18:03:10,2025-10-17 18:03:10,385349,862689070136657,4174,GTERI,4.17,00008200,698407,13887,80,00,12,,,11,1,0724,0005,0607,9CA4,0.0,333,472.2,-23.044840,-50.227287,995.8,,22,0,1,1800,,,,,,,,,,,,,,,,1,0.0,333,472.2,-50.227287,-23.044840,2025-10-17 18:03:10,11,995.8,10,+RESP:
2025-10-17 18:03:10,2025-10-17 18:03:10,2025-10-17 18:03:09,385349,862689070136657,4173,GTIGF,4.17,,698407,13903,80,00,12,296,,11,0,0724,0005,0607,9CA4,0.0,333,472.2,-23.044840,-50.227287,995.8,,,,,,,,,,,,,,,,,,,,,,,,,,,,,,,+RESP:
2025-10-17 18:01:27,2025-10-17 18:01:27,2025-10-17 18:01:22,385349,862689070136657,4171,GTERI,4.16,00008200,698407,13911,81,00,22,,,12,1,0724,0005,0607,9CA4,0.0,44,465.8,-23.044958,-50.227330,995.8,,25,0,1,1800,,,,,,,,,,,,,,,,1,26.3,227,456.5,-50.228232,-23.043925,2025-10-17 17:59:52,11,995.7,10,+RESP:
2025-10-17 17:58:32,2025-10-17 17:58:32,2025-10-17 17:58:31,385349,862689070136657,4169,GTERI,4.07,00008200,698407,13927,81,00,22,,,5,1,0724,0005,0607,9CA4,1.6,265,481.8,-23.042158,-50.226285,995.4,,14,0,1,1800,,,,,,,,,,,,,,,,1,1.6,265,481.8,-50.226285,-23.042158,2025-10-17 17:58:31,5,995.4,10,+RESP:
2025-10-17 17:58:14,2025-10-17 17:58:14,2025-10-17 17:35:52,385349,862689070136657,4167,GTIGN,4.07,,698407,12809,81,00,22,,4798,8,1,0724,0005,0607,9CA4,0.0,149,472.9,-23.042143,-50.226380,995.4,,,,,,,,,,,,,,,,,,,,,,,,,,,,,,,+RESP:
2025-10-17 17:38:12,2025-10-17 17:38:12,2025-10-17 17:35:52,385349,862689070136657,4166,GTERI,4.08,00008200,698407,12986,80,00,11,,,8,1,0724,0005,0607,9CA4,0.0,149,472.9,-23.042143,-50.226380,995.4,,17,0,1,1800,,,,,,,,,,,,,,,,1,0.0,149,472.9,-50.226380,-23.042143,2025-10-17 17:35:52,8,995.4,10,+RESP:
2025-10-17 16:38:17,2025-10-17 16:38:16,2025-10-17 16:38:16,385349,862689070136657,4165,GTERI,4.17,00008200,698407,12680,80,00,11,,,11,1,0724,0005,0607,9CA4,0.0,149,472.9,-23.042143,-50.226380,995.4,,16,0,1,1800,,,,,,,,,,,,,,,,1,0.0,149,472.9,-50.226380,-23.042143,2025-10-17 16:38:16,11,995.4,10,+RESP:
2025-10-17 16:38:16,2025-10-17 16:38:16,2025-10-17 16:38:15,385349,862689070136657,4164,GTIGF,4.17,,698407,12753,80,00,11,304,,11,0,0724,0005,0607,9CA4,0.0,149,472.9,-23.042143,-50.226380,995.4,,,,,,,,,,,,,,,,,,,,,,,,,,,,,,,+RESP:
2025-10-17 16:36:22,2025-10-17 16:36:22,2025-10-17 16:36:17,385349,862689070136657,4162,GTERI,4.16,00008200,698407,13959,81,00,22,,,13,1,0724,0005,0607,9CA4,19.6,137,470.0,-23.041463,-50.227000,995.3,,17,0,1,1800,,,,,,,,,,,,,,,,1,26.5,223,463.8,-50.225048,-23.040322,2025-10-17 16:35:00,13,995.0,10,+RESP:
2025-10-17 16:33:23,2025-10-17 16:33:23,2025-10-17 16:33:22,385349,862689070136657,4160,GTERI,4.08,00008200,698407,13895,81,00,22,,,11,1,0724,0005,0607,9CA4,2.0,124,449.6,-23.037787,-50.223338,994.6,,11,0,1,1800,,,,,,,,,,,,,,,,1,2.0,124,449.6,-50.223338,-23.037787,2025-10-17 16:33:22,11,994.6,10,+RESP:
2025-10-17 16:33:12,2025-10-17 16:33:12,2025-10-17 16:29:12,385349,862689070136657,4158,GTIGN,4.08,,698407,12849,81,00,22,,240,11,1,0724,0005,0607,9CA4,0.0,287,453.4,-23.037832,-50.223322,994.6,,,,,,,,,,,,,,,,,,,,,,,,,,,,,,,+RESP:
2025-10-17 16:29:13,2025-10-17 16:29:12,2025-10-17 16:29:12,385349,862689070136657,4157,GTERI,4.15,00008200,698407,12680,80,00,12,,,11,1,0724,0005,0607,9CA4,0.0,287,453.4,-23.037832,-50.223322,994.6,,12,0,1,1800,,,,,,,,,,,,,,,,1,0.0,287,453.4,-50.223322,-23.037832,2025-10-17 16:29:12,11,994.6,10,+RESP:
2025-10-17 16:29:13,2025-10-17 16:29:12,2025-10-17 16:29:11,385349,862689070136657,4156,GTIGF,4.15,,698407,12857,80,00,12,256,,11,0,0724,0005,0607,9CA4,0.0,287,453.4,-23.037832,-50.223322,994.6,,,,,,,,,,,,,,,,,,,,,,,,,,,,,,,+RESP:
2025-10-17 16:28:43,2025-10-17 16:28:42,2025-10-17 16:28:37,385349,862689070136657,4155,GTERI,4.15,00008200,698407,13927,81,00,22,,,11,1,0724,0005,0607,9CA4,6.4,249,453.7,-23.037795,-50.223187,994.6,,14,0,1,1800,,,,,,,,,,,,,,,,1,34.3,44,472.5,-50.225252,-23.041417,2025-10-17 16:26:35,10,994.1,10,+RESP:
2025-10-17 16:25:48,2025-10-17 16:25:47,2025-10-17 16:25:46,385349,862689070136657,4153,GTERI,4.05,00008200,698407,13895,81,00,21,,,9,1,0724,0005,0607,9CA4,1.4,64,457.1,-23.042140,-50.226217,993.9,,15,0,1,1800,,,,,,,,,,,,,,,,1,1.4,64,457.1,-50.226217,-23.042140,2025-10-17 16:25:46,9,993.9,10,+RESP:
2025-10-17 16:25:29,2025-10-17 16:24:56,2025-10-17 16:15:53,385349,862689070136657,4151,GTIGN,4.00,,698407,12817,81,00,22,,4794,4,2,0724,0005,0607,9CA4,4.5,5,279.2,-23.041842,-50.224793,993.9,,,,,,,,,,,,,,,,,,,,,,,,,,,,,,,+BUFF:
2025-10-17 16:15:57,2025-10-17 16:15:54,2025-10-17 16:15:53,385349,862689070136657,4150,GTERI,4.02,00008200,698407,12946,80,00,11,,,4,2,0724,0005,0607,9CA4,4.5,5,279.2,-23.041842,-50.224793,993.9,,15,0,1,1800,,,,,,,,,,,,,,,,2,4.5,5,279.2,-50.224793,-23.041842,2025-10-17 16:15:53,4,993.9,10,+RESP:
2025-10-17 16:15:57,2025-10-17 16:15:54,2025-10-17 16:15:53,385349,862689070136657,4149,GTRTL,4.02,,698407,12946,80,00,11,,,4,2,0724,0005,0607,9CA4,4.5,5,279.2,-23.041842,-50.224793,993.9,,,,,,,,,,,,,,,,,,,,,,,,,,,,,,,+RESP:
2025-10-17 16:15:56,2025-10-17 16:14:04,2025-10-17 16:14:04,385349,862689070136657,4148,GTDOG,,,,,,,,,,,,,,,,,,,,,,,,,,,,,,,,,,
2025-10-17 16:14:59,2025-10-17 16:05:07,2025-10-17 16:03:14,385349,862689070136657,4147,GTERI,4.10,00008200,698407,12954,80,00,11,,,4,1,0724,0005,0607,9CA4,0.0,66,532.0,-23.042127,-50.226027,993.9,,12,0,1,1800,,,,,,,,,,,,,,,,1,0.0,66,532.0,-50.226027,-23.042127,2025-10-17 16:03:14,4,993.9,10,+BUFF:
2025-10-17 15:05:38,2025-10-17 15:05:08,2025-10-17 15:05:08,385349,862689070136657,4146,GTERI,4.19,00008200,698407,12777,80,00,11,,,9,1,0724,0005,0607,9CA4,1.9,66,532.0,-23.042127,-50.226027,993.9,,10,0,1,1800,,,,,,,,,,,,,,,,1,1.9,66,532.0,-50.226027,-23.042127,2025-10-17 15:05:08,9,993.9,10,+RESP:
2025-10-17 15:05:37,2025-10-17 15:05:08,2025-10-17 15:05:08,385349,862689070136657,4145,GTRTL,4.19,,698407,12777,80,00,11,,,9,1,0724,0005,0607,9CA4,1.9,66,532.0,-23.042127,-50.226027,993.9,,,,,,,,,,,,,,,,,,,,,,,,,,,,,,,+RESP:
2025-10-17 15:05:36,2025-10-17 15:03:49,2025-10-17 15:03:49,385349,862689070136657,4144,GTDOG,,,,,,,,,,,,,,,,,,,,,,,,,,,,,,,,,,
2025-10-17 15:04:44,2025-10-17 14:55:02,2025-10-17 14:53:00,385349,862689070136657,4143,GTERI,4.19,00008200,698407,12809,80,00,11,,,4,1,0724,0005,0607,9CA4,0.0,99,444.8,-23.042370,-50.226063,993.9,,10,0,1,1800,,,,,,,,,,,,,,,,1,0.0,99,444.8,-50.226063,-23.042370,2025-10-17 14:53:00,4,993.9,10,+BUFF:
2025-10-17 13:57:55,2025-10-17 13:55:03,2025-10-17 13:55:03,385349,862689070136657,4142,GTERI,3.87,00008200,698407,12978,80,00,11,,,4,1,0724,0005,0607,9CA4,0.9,99,444.8,-23.042370,-50.226063,993.9,,10,0,1,1800,,,,,,,,,,,,,,,,1,0.9,99,444.8,-50.226063,-23.042370,2025-10-17 13:55:03,4,993.9,10,+RESP:
2025-10-17 13:57:54,2025-10-17 13:55:03,2025-10-17 13:55:03,385349,862689070136657,4141,GTRTL,3.87,,698407,12978,80,00,11,,,4,1,0724,0005,0607,9CA4,0.9,99,444.8,-23.042370,-50.226063,993.9,,,,,,,,,,,,,,,,,,,,,,,,,,,,,,,+RESP:
2025-10-17 13:57:54,2025-10-17 13:53:41,2025-10-17 13:53:41,385349,862689070136657,4140,GTDOG,,,,,,,,,,,,,,,,,,,,,,,,,,,,,,,,,,
2025-10-17 13:57:53,2025-10-17 13:44:36,2025-10-17 13:42:21,385349,862689070136657,4139,GTERI,3.97,00008200,698407,12986,80,00,11,,,7,1,0724,0005,0607,9CA4,0.0,20,485.0,-23.042200,-50.226343,993.9,,10,0,1,1800,,,,,,,,,,,,,,,,1,0.0,20,485.0,-50.226343,-23.042200,2025-10-17 13:42:21,7,993.9,10,+BUFF:
2025-10-17 12:47:33,2025-10-17 12:44:39,2025-10-17 12:44:39,385349,862689070136657,4138,GTERI,3.98,00008200,698407,13002,80,00,11,,,9,1,0724,0005,0607,9CA4,2.2,20,485.0,-23.042200,-50.226343,993.9,,7,0,1,1800,,,,,,,,,,,,,,,,1,2.2,20,485.0,-50.226343,-23.042200,2025-10-17 12:44:39,9,993.9,10,+RESP:
2025-10-17 12:47:33,2025-10-17 12:44:39,2025-10-17 12:44:39,385349,862689070136657,4137,GTRTL,3.98,,698407,13002,80,00,11,,,9,1,0724,0005,0607,9CA4,2.2,20,485.0,-23.042200,-50.226343,993.9,,,,,,,,,,,,,,,,,,,,,,,,,,,,,,,+RESP:
2025-10-17 12:47:32,2025-10-17 12:43:18,2025-10-17 12:43:17,385349,862689070136657,4136,GTDOG,,,,,,,,,,,,,,,,,,,,,,,,,,,,,,,,,,
2025-10-17 12:47:32,2025-10-17 12:34:44,2025-10-17 12:32:45,385349,862689070136657,4135,GTERI,4.08,00008200,698407,13002,80,00,11,,,7,5,0724,0005,0607,9CA4,0.0,39,478.1,-23.042195,-50.226378,993.9,,10,0,1,900,,,,,,,,,,,,,,,,5,0.0,39,478.1,-50.226378,-23.042195,2025-10-17 12:32:45,7,993.9,10,+BUFF:
2025-10-17 11:34:51,2025-10-17 11:34:46,2025-10-17 11:34:46,385349,862689070136657,4134,GTERI,4.17,00008200,698407,12769,80,00,12,,,3,5,0724,0005,0607,9CA4,6.4,39,478.1,-23.042195,-50.226378,993.9,,11,0,1,1800,,,,,,,,,,,,,,,,5,6.4,39,478.1,-50.226378,-23.042195,2025-10-17 11:34:46,3,993.9,10,+RESP:
2025-10-17 11:34:50,2025-10-17 11:34:46,2025-10-17 11:34:45,385349,862689070136657,4133,GTIGF,4.17,,698407,12753,80,00,12,402,,3,0,0724,0005,0607,9CA4,6.4,39,478.1,-23.042195,-50.226378,993.9,,,,,,,,,,,,,,,,,,,,,,,,,,,,,,,+RESP:
2025-10-17 11:34:14,2025-10-17 11:34:14,2025-10-17 11:34:09,385349,862689070136657,4132,GTERI,4.18,00008200,698407,13943,81,00,22,,,13,1,0724,0005,0607,9CA4,22.2,138,482.0,-23.041903,-50.226550,993.8,,16,0,1,1800,,,,,,,,,,,,,,,,1,109.0,41,481.6,-50.228835,-23.042422,2025-10-17 11:33:43,13,993.5,10,+RESP:
2025-10-17 11:31:14,2025-10-17 11:31:14,2025-10-17 11:31:09,385349,862689070136657,4129,GTERI,4.18,00008200,698407,13984,81,00,22,,,12,1,0724,0005,0607,9CA4,34.2,313,492.2,-23.046607,-50.231620,992.9,,21,0,1,1800,,,,,,,,,,,,,,,,1,34.5,313,492.3,-50.231692,-23.046545,2025-10-17 11:31:10,12,992.9,10,+RESP:
2025-10-17 11:28:16,2025-10-17 11:28:15,2025-10-17 11:28:15,385349,862689070136657,4127,GTERI,4.16,00008200,698407,13984,81,00,22,,,6,1,0724,0005,0607,C3B4,3.6,288,451.2,-23.051637,-50.226045,991.9,,20,0,1,1800,,,,,,,,,,,,,,,,1,3.6,288,451.2,-50.226045,-23.051637,2025-10-17 11:28:15,6,991.9,10,+RESP:
2025-10-17 11:28:04,2025-10-17 11:28:04,2025-10-17 11:20:46,385349,862689070136657,4125,GTIGN,4.16,,698407,12833,81,00,21,,438,16,1,0724,0005,0607,C3B4,0.0,306,517.7,-23.051810,-50.225745,991.9,,,,,,,,,,,,,,,,,,,,,,,,,,,,,,,+RESP:
2025-10-17 11:20:47,2025-10-17 11:20:46,2025-10-17 11:20:46,385349,862689070136657,4124,GTERI,4.19,00008200,698407,13863,80,00,11,,,16,1,0724,0005,0607,C3B4,0.0,306,517.7,-23.051810,-50.225745,991.9,,24,0,1,1800,,,,,,,,,,,,,,,,1,0.0,306,517.7,-50.225745,-23.051810,2025-10-17 11:20:46,16,991.9,10,+RESP:
2025-10-17 11:20:46,2025-10-17 11:20:46,2025-10-17 11:20:45,385349,862689070136657,4123,GTIGF,4.19,,698407,13967,80,00,11,1730,,16,0,0724,0005,0607,C3B4,0.0,306,517.7,-23.051810,-50.225745,991.9,,,,,,,,,,,,,,,,,,,,,,,,,,,,,,,+RESP:
2025-10-17 11:19:09,2025-10-17 11:19:09,2025-10-17 11:19:04,385349,862689070136657,4121,GTERI,4.18,00008200,698407,13959,81,00,21,,,17,1,0724,0005,0607,C3B4,0.0,306,517.7,-23.051810,-50.225745,991.9,,23,0,1,1800,,,,,,,,,,,,,,,,1,0.0,306,517.7,-50.225745,-23.051810,2025-10-17 11:19:08,17,991.9,10,+RESP:
2025-10-17 11:16:09,2025-10-17 11:16:09,2025-10-17 11:16:04,385349,862689070136657,4119,GTERI,4.19,00008200,698407,13951,81,00,21,,,15,1,0724,0005,0607,C3B4,0.0,306,517.7,-23.051810,-50.225745,991.9,,21,0,1,1800,,,,,,,,,,,,,,,,1,0.0,306,517.7,-50.225745,-23.051810,2025-10-17 11:16:08,15,991.9,10,+RESP:
2025-10-17 11:13:09,2025-10-17 11:13:09,2025-10-17 11:13:04,385349,862689070136657,4116,GTERI,4.18,00008200,698407,13951,81,00,21,,,17,1,0724,0005,0607,C3B4,0.0,306,517.7,-23.051810,-50.225745,991.9,,24,0,1,1800,,,,,,,,,,,,,,,,1,0.0,306,517.7,-50.225745,-23.051810,2025-10-17 11:13:08,17,991.9,10,+RESP:
2025-10-17 11:10:09,2025-10-17 11:10:09,2025-10-17 11:10:04,385349,862689070136657,4114,GTERI,4.18,00008200,698407,13943,81,00,21,,,15,1,0724,0005,0607,C3B4,0.0,306,517.7,-23.051810,-50.225745,991.9,,23,0,1,1800,,,,,,,,,,,,,,,,1,0.0,306,517.7,-50.225745,-23.051810,2025-10-17 11:10:07,15,991.9,10,+RESP:
2025-10-17 11:07:09,2025-10-17 11:07:09,2025-10-17 11:07:04,385349,862689070136657,4111,GTERI,4.18,00008200,698407,13943,81,00,21,,,17,1,0724,0005,0607,C3B4,0.0,306,517.7,-23.051810,-50.225745,991.9,,23,0,1,1800,,,,,,,,,,,,,,,,1,0.0,306,517.7,-50.225745,-23.051810,2025-10-17 11:07:08,17,991.9,10,+RESP:
2025-10-17 11:04:09,2025-10-17 11:04:09,2025-10-17 11:04:04,385349,862689070136657,4109,GTERI,4.18,00008200,698407,13927,81,00,21,,,16,1,0724,0005,0607,C3B4,0.0,306,517.7,-23.051810,-50.225745,991.9,,25,0,1,1800,,,,,,,,,,,,,,,,1,0.0,306,517.7,-50.225745,-23.051810,2025-10-17 11:04:08,16,991.9,10,+RESP:
2025-10-17 11:01:09,2025-10-17 11:01:09,2025-10-17 11:01:04,385349,862689070136657,4106,GTERI,4.18,00008200,698407,13927,81,00,21,,,13,1,0724,0005,0607,C3B4,0.0,306,517.7,-23.051810,-50.225745,991.9,,24,0,1,1800,,,,,,,,,,,,,,,,1,0.0,306,517.7,-50.225745,-23.051810,2025-10-17 11:01:08,13,991.9,10,+RESP:
2025-10-17 10:58:09,2025-10-17 10:58:09,2025-10-17 10:58:04,385349,862689070136657,4104,GTERI,4.18,00008200,698407,13911,81,00,21,,,16,1,0724,0005,0607,C3B4,0.0,306,517.7,-23.051810,-50.225745,991.9,,24,0,1,1800,,,,,,,,,,,,,,,,1,45.7,111,508.6,-50.226772,-23.050597,2025-10-17 10:55:11,14,991.6,10,+RESP:
2025-10-17 10:55:09,2025-10-17 10:55:09,2025-10-17 10:55:03,385349,862689070136657,4101,GTERI,4.17,00008200,698407,13935,81,00,22,,,14,1,0724,0005,0607,9CA4,41.7,112,508.9,-23.050273,-50.227672,991.5,,22,0,1,1800,,,,,,,,,,,,,,,,1,43.3,113,508.5,-50.227558,-23.050317,2025-10-17 10:55:04,14,991.5,10,+RESP:
2025-10-17 10:52:10,2025-10-17 10:52:09,2025-10-17 10:52:09,385349,862689070136657,4099,GTERI,4.08,00008200,698407,13927,81,00,22,,,8,1,0724,0005,0607,9CA4,2.7,279,493.1,-23.046025,-50.232267,990.3,,18,0,1,1800,,,,,,,,,,,,,,,,1,2.7,279,493.1,-50.232267,-23.046025,2025-10-17 10:52:09,8,990.3,10,+RESP:
2025-10-17 10:51:56,2025-10-17 10:51:56,2025-10-17 10:44:52,385349,862689070136657,4097,GTIGN,4.08,,698407,12777,81,00,22,,424,14,1,0724,0005,0607,9CA4,0.0,315,501.7,-23.045875,-50.232228,990.3,,,,,,,,,,,,,,,,,,,,,,,,,,,,,,,+RESP:
2025-10-17 10:44:53,2025-10-17 10:44:52,2025-10-17 10:44:52,385349,862689070136657,4096,GTERI,4.16,00008200,698407,12801,80,00,12,,,14,1,0724,0005,0607,9CA4,0.0,315,501.7,-23.045875,-50.232228,990.3,,22,0,1,1800,,,,,,,,,,,,,,,,1,0.0,315,501.7,-50.232228,-23.045875,2025-10-17 10:44:52,14,990.3,10,+RESP:
2025-10-17 10:44:52,2025-10-17 10:44:52,2025-10-17 10:44:51,385349,862689070136657,4095,GTIGF,4.16,,698407,12913,80,00,12,160,,14,0,0724,0005,0607,9CA4,0.0,315,501.7,-23.045875,-50.232228,990.3,,,,,,,,,,,,,,,,,,,,,,,,,,,,,,,+RESP:
2025-10-17 10:42:24,2025-10-17 10:42:24,2025-10-17 10:42:23,385349,862689070136657,4093,GTERI,4.07,00008200,698407,13847,81,00,22,,,10,1,0724,0005,0607,9CA4,29.8,159,484.4,-23.042470,-50.226173,989.5,,17,0,1,1800,,,,,,,,,,,,,,,,1,29.8,159,484.4,-50.226173,-23.042470,2025-10-17 10:42:23,10,989.5,10,+RESP:
2025-10-17 10:42:12,2025-10-17 10:42:12,2025-10-17 09:47:47,385349,862689070136657,4091,GTIGN,4.07,,698407,12817,81,00,22,,6722,9,1,0724,0005,0607,9CA4,0.0,150,476.5,-23.042088,-50.226417,989.5,,,,,,,,,,,,,,,,,,,,,,,,,,,,,,,+RESP:
2025-10-17 09:50:27,2025-10-17 09:50:09,2025-10-17 09:47:47,385349,862689070136657,4090,GTERI,4.09,00008200,698407,12986,80,00,11,,,9,1,0724,0005,0607,9CA4,0.0,150,476.5,-23.042088,-50.226417,989.5,,17,0,1,1800,,,,,,,,,,,,,,,,1,0.0,150,476.5,-50.226417,-23.042088,2025-10-17 09:47:47,9,989.5,10,+RESP:
2025-10-17 08:50:11,2025-10-17 08:50:10,2025-10-17 08:50:10,385349,862689070136657,4089,GTERI,4.18,00008200,698407,12841,80,00,12,,,11,1,0724,0005,0607,9CA4,0.0,150,476.5,-23.042088,-50.226417,989.5,,17,0,1,1800,,,,,,,,,,,,,,,,1,0.0,150,476.5,-50.226417,-23.042088,2025-10-17 08:50:10,11,989.5,10,+RESP:
2025-10-17 08:50:10,2025-10-17 08:50:10,2025-10-17 08:50:09,385349,862689070136657,4088,GTIGF,4.18,,698407,12986,80,00,12,212,,11,0,0724,0005,0607,9CA4,0.0,150,476.5,-23.042088,-50.226417,989.5,,,,,,,,,,,,,,,,,,,,,,,,,,,,,,,+RESP:
2025-10-17 08:49:44,2025-10-17 08:49:44,2025-10-17 08:49:38,385349,862689070136657,4087,GTERI,4.18,00008200,698407,13976,81,00,22,,,14,1,0724,0005,0607,9CA4,28.9,46,486.9,-23.041877,-50.226857,989.4,,17,0,1,1800,,,,,,,,,,,,,,,,1,38.7,47,488.5,-50.227208,-23.042173,2025-10-17 08:49:33,14,989.4,10,+RESP:
2025-10-17 08:46:47,2025-10-17 08:46:46,2025-10-17 08:46:46,385349,862689070136657,4085,GTERI,4.11,00008200,698407,13919,81,00,22,,,5,1,0724,0005,0607,9CA4,0.8,0,471.5,-23.049118,-50.230135,988.2,,21,0,1,1800,,,,,,,,,,,,,,,,1,0.8,0,471.5,-50.230135,-23.049118,2025-10-17 08:46:46,5,988.2,10,+RESP:
2025-10-17 08:46:38,2025-10-17 08:46:38,2025-10-17 08:44:02,385349,862689070136657,4083,GTIGN,4.11,,698407,12809,81,00,22,,156,12,1,0724,0005,0607,9CA4,0.0,117,470.0,-23.049205,-50.230235,988.2,,,,,,,,,,,,,,,,,,,,,,,,,,,,,,,+RESP:
2025-10-17 08:44:02,2025-10-17 08:44:02,2025-10-17 08:44:02,385349,862689070136657,4082,GTERI,4.18,00008200,698407,13058,80,00,12,,,12,1,0724,0005,0607,9CA4,0.0,117,470.0,-23.049205,-50.230235,988.2,,22,0,1,1800,,,,,,,,,,,,,,,,1,0.0,117,470.0,-50.230235,-23.049205,2025-10-17 08:44:02,12,988.2,10,+RESP:
2025-10-17 08:44:02,2025-10-17 08:44:02,2025-10-17 08:44:01,385349,862689070136657,4081,GTIGF,4.18,,698407,13927,80,00,12,132,,12,0,0724,0005,0607,9CA4,0.0,117,470.0,-23.049205,-50.230235,988.2,,,,,,,,,,,,,,,,,,,,,,,,,,,,,,,+RESP:
2025-10-17 08:42:03,2025-10-17 08:42:03,2025-10-17 08:42:02,385349,862689070136657,4079,GTERI,4.10,00008200,698407,13959,81,00,22,,,9,1,0724,0005,0607,EAC4,4.3,28,467.5,-23.048228,-50.236293,987.5,,19,0,1,1800,,,,,,,,,,,,,,,,1,4.3,28,467.5,-50.236293,-23.048228,2025-10-17 08:42:02,9,987.5,10,+RESP:
2025-10-17 08:41:50,2025-10-17 08:41:50,2025-10-17 08:07:08,385349,862689070136657,4077,GTIGN,4.10,,698407,12873,81,00,22,,2082,11,1,0724,0005,0607,EAC4,0.0,158,459.5,-23.048433,-50.236302,987.5,,,,,,,,,,,,,,,,,,,,,,,,,,,,,,,+RESP:
2025-10-17 08:07:08,2025-10-17 08:07:08,2025-10-17 08:07:08,385349,862689070136657,4076,GTERI,4.18,00008200,698407,12624,80,00,12,,,11,1,0724,0005,0607,EAC4,0.0,158,459.5,-23.048433,-50.236302,987.5,,16,0,1,1800,,,,,,,,,,,,,,,,1,0.0,158,459.5,-50.236302,-23.048433,2025-10-17 08:07:08,11,987.5,10,+RESP:
2025-10-17 08:07:08,2025-10-17 08:07:08,2025-10-17 08:07:07,385349,862689070136657,4075,GTIGF,4.18,,698407,12543,80,00,12,744,,11,0,0724,0005,0607,EAC4,0.0,158,459.5,-23.048433,-50.236302,987.5,,,,,,,,,,,,,,,,,,,,,,,,,,,,,,,+RESP:
2025-10-17 08:06:54,2025-10-17 08:06:54,2025-10-17 08:06:49,385349,862689070136657,4074,GTERI,4.18,00008200,698407,13895,81,00,22,,,12,1,0724,0005,0607,EAC4,0.0,153,460.8,-23.048313,-50.236305,987.5,,18,0,1,1800,,,,,,,,,,,,,,,,1,34.0,291,451.0,-50.235115,-23.051175,2025-10-17 08:04:59,15,987.1,10,+RESP:
2025-10-17 08:03:54,2025-10-17 08:03:54,2025-10-17 08:03:48,385349,862689070136657,4071,GTERI,4.18,00008200,698407,13927,81,00,22,,,15,1,0724,0005,0607,9CA4,0.0,288,467.0,-23.049848,-50.232735,986.7,,27,0,1,1800,,,,,,,,,,,,,,,,1,34.3,290,473.6,-50.232272,-23.050045,2025-10-17 08:03:34,11,986.6,10,+RESP:
2025-10-17 08:00:54,2025-10-17 08:00:54,2025-10-17 08:00:48,385349,862689070136657,4069,GTERI,4.18,00008200,698407,13976,81,00,22,,,15,1,0724,0005,0607,9CA4,34.3,113,484.9,-23.050477,-50.226845,985.7,,24,0,1,1800,,,,,,,,,,,,,,,,1,36.2,113,485.1,-50.226928,-23.050438,2025-10-17 08:00:47,15,985.7,10,+RESP:
2025-10-17 07:57:54,2025-10-17 07:57:54,2025-10-17 07:57:49,385349,862689070136657,4066,GTERI,4.18,00008200,698407,13976,81,00,22,,,14,1,0724,0005,0607,9CA4,28.6,138,477.9,-23.047407,-50.230808,984.5,,20,0,1,1800,,,,,,,,,,,,,,,,1,32.9,229,479.1,-50.231022,-23.046368,2025-10-17 07:57:21,12,984.3,10,+RESP:
2025-10-17 07:54:56,2025-10-17 07:54:56,2025-10-17 07:54:55,385349,862689070136657,4064,GTERI,4.07,00008200,698407,13911,81,00,21,,,6,1,0724,0005,0607,9CA4,2.6,122,495.1,-23.044898,-50.227260,983.6,,23,0,1,1800,,,,,,,,,,,,,,,,1,2.6,122,495.1,-50.227260,-23.044898,2025-10-17 07:54:55,6,983.6,10,+RESP:
2025-10-17 07:54:44,2025-10-17 07:54:44,2025-10-17 07:17:30,385349,862689070136657,4062,GTIGN,4.07,,698407,12873,81,00,21,,2234,14,1,0724,0005,0607,9CA4,0.0,48,474.5,-23.044908,-50.227233,983.6,,,,,,,,,,,,,,,,,,,,,,,,,,,,,,,+RESP:
2025-10-17 07:17:31,2025-10-17 07:17:30,2025-10-17 07:17:30,385349,862689070136657,4061,GTERI,4.18,00008200,698407,12624,80,00,12,,,14,1,0724,0005,0607,9CA4,0.0,48,474.5,-23.044908,-50.227233,983.6,,23,0,1,1800,,,,,,,,,,,,,,,,1,0.0,48,474.5,-50.227233,-23.044908,2025-10-17 07:17:30,14,983.6,10,+RESP:
2025-10-17 07:17:30,2025-10-17 07:17:30,2025-10-17 07:17:29,385349,862689070136657,4060,GTIGF,4.18,,698407,12761,80,00,12,228,,14,0,0724,0005,0607,9CA4,0.0,48,474.5,-23.044908,-50.227233,983.6,,,,,,,,,,,,,,,,,,,,,,,,,,,,,,,+RESP:
2025-10-17 07:16:49,2025-10-17 07:16:49,2025-10-17 07:16:44,385349,862689070136657,4059,GTERI,4.18,00008200,698407,13976,81,00,22,,,14,1,0724,0005,0607,9CA4,17.6,47,471.9,-23.045012,-50.227362,983.6,,22,0,1,1800,,,,,,,,,,,,,,,,1,57.4,47,465.2,-50.228780,-23.046248,2025-10-17 07:16:15,15,983.4,10,+RESP:
2025-10-17 07:13:52,2025-10-17 07:13:52,2025-10-17 07:13:51,385349,862689070136657,4057,GTERI,4.12,00008200,698407,13903,81,00,22,,,9,1,0724,0005,0607,C3B4,6.4,339,481.4,-23.051357,-50.226240,982.3,,21,0,1,1800,,,,,,,,,,,,,,,,1,6.4,339,481.4,-50.226240,-23.051357,2025-10-17 07:13:51,9,982.3,10,+RESP:
2025-10-17 07:13:42,2025-10-17 07:13:42,2025-10-17 07:12:40,385349,862689070136657,4055,GTIGN,4.12,,698407,12930,81,00,22,,62,14,1,0724,0005,0607,C3B4,0.0,300,483.3,-23.051577,-50.226098,982.3,,,,,,,,,,,,,,,,,,,,,,,,,,,,,,,+RESP:
2025-10-17 07:12:41,2025-10-17 07:12:40,2025-10-17 07:12:40,385349,862689070136657,4054,GTERI,4.17,00008200,698407,12930,80,00,12,,,14,1,0724,0005,0607,C3B4,0.0,300,483.3,-23.051577,-50.226098,982.3,,20,0,1,1800,,,,,,,,,,,,,,,,1,0.0,300,483.3,-50.226098,-23.051577,2025-10-17 07:12:40,14,982.3,10,+RESP:
2025-10-17 07:12:40,2025-10-17 07:12:40,2025-10-17 07:12:39,385349,862689070136657,4053,GTIGF,4.17,,698407,13831,80,00,12,426,,14,0,0724,0005,0607,C3B4,0.0,300,483.3,-23.051577,-50.226098,982.3,,,,,,,,,,,,,,,,,,,,,,,,,,,,,,,+RESP:
2025-10-17 07:11:44,2025-10-17 07:11:44,2025-10-17 07:11:39,385349,862689070136657,4052,GTERI,4.17,00008200,698407,13967,81,00,22,,,12,1,0724,0005,0607,9CA4,37.2,110,483.0,-23.050847,-50.226030,982.1,,21,0,1,1800,,,,,,,,,,,,,,,,1,53.8,111,476.7,-50.230622,-23.049062,2025-10-17 07:10:58,13,981.6,10,+RESP:
2025-10-17 07:08:44,2025-10-17 07:08:44,2025-10-17 07:08:39,385349,862689070136657,4049,GTERI,4.15,00008200,698407,13967,81,00,22,,,14,1,0724,0005,0607,9CA4,48.1,238,465.8,-23.046463,-50.234325,981.0,,20,0,1,1800,,,,,,,,,,,,,,,,1,92.6,221,471.5,-50.228148,-23.041537,2025-10-17 07:07:31,11,980.1,10,+RESP:
2025-10-17 07:05:45,2025-10-17 07:05:44,2025-10-17 07:05:44,385349,862689070136657,4047,GTERI,4.03,00008200,698407,13935,81,00,22,,,9,1,0724,0005,0607,9CA4,4.0,200,482.8,-23.038067,-50.223518,979.4,,15,0,1,1800,,,,,,,,,,,,,,,,1,4.0,200,482.8,-50.223518,-23.038067,2025-10-17 07:05:44,9,979.4,10,+RESP:
2025-10-17 07:05:34,2025-10-17 07:05:34,2025-10-17 07:04:04,385349,862689070136657,4045,GTIGN,4.04,,698407,12970,81,00,22,,90,13,1,0724,0005,0607,9CA4,0.0,240,483.4,-23.037863,-50.223265,979.4,,,,,,,,,,,,,,,,,,,,,,,,,,,,,,,+RESP:
2025-10-17 07:04:05,2025-10-17 07:04:04,2025-10-17 07:04:04,385349,862689070136657,4044,GTERI,4.13,00008200,698407,13678,80,00,12,,,13,1,0724,0005,0607,9CA4,0.0,240,483.4,-23.037863,-50.223265,979.4,,14,0,1,1800,,,,,,,,,,,,,,,,1,0.0,240,483.4,-50.223265,-23.037863,2025-10-17 07:04:04,13,979.4,10,+RESP:
2025-10-17 07:04:04,2025-10-17 07:04:04,2025-10-17 07:04:03,385349,862689070136657,4043,GTIGF,4.13,,698407,13895,80,00,12,234,,12,0,0724,0005,0607,9CA4,0.0,240,483.4,-23.037863,-50.223265,979.4,,,,,,,,,,,,,,,,,,,,,,,,,,,,,,,+RESP:
2025-10-17 07:03:34,2025-10-17 07:03:34,2025-10-17 07:03:28,385349,862689070136657,4042,GTERI,4.13,00008200,698407,13799,81,00,22,,,11,1,0724,0005,0607,9CA4,12.2,325,489.6,-23.039013,-50.222257,979.3,,21,0,1,1800,,,,,,,,,,,,,,,,1,37.4,47,549.1,-50.225370,-23.043412,2025-10-17 07:01:35,10,978.6,10,+RESP:
2025-10-17 07:00:39,2025-10-17 07:00:38,2025-10-17 07:00:38,385349,862689070136657,4040,GTERI,3.99,00008200,698407,13718,81,00,22,,,5,3,0724,0005,0607,9CA4,2.2,350,551.0,-23.045060,-50.227027,978.3,,17,0,1,1800,,,,,,,,,,,,,,,,3,2.2,350,551.0,-50.227027,-23.045060,2025-10-17 07:00:38,5,978.3,10,+RESP:
2025-10-17 07:00:10,2025-10-17 07:00:10,2025-10-17 06:01:03,385349,862689070136657,4038,GTIGN,3.97,,698407,12205,81,00,21,,32773,11,1,0724,0005,0607,9CA4,0.0,0,506.3,-23.044732,-50.227125,978.3,,,,,,,,,,,,,,,,,,,,,,,,,,,,,,,+RESP:
2025-10-17 06:03:24,2025-10-17 06:03:24,2025-10-17 06:01:03,385349,862689070136657,4037,GTERI,4.02,00008200,698407,12913,80,00,11,,,11,1,0724,0005,0607,0064,0.0,0,506.3,-23.044732,-50.227125,978.3,,26,0,1,900,,,,,,,,,,,,,,,,1,0.0,0,506.3,-50.227125,-23.044732,2025-10-17 06:01:03,11,978.3,10,+RESP:
2025-10-17 05:03:24,2025-10-17 05:03:24,2025-10-17 05:01:02,385349,862689070136657,4036,GTERI,4.05,00008200,698407,12921,80,00,11,,,10,1,0724,0005,0607,0064,0.0,0,506.3,-23.044732,-50.227125,978.3,,26,0,1,900,,,,,,,,,,,,,,,,1,0.0,0,506.3,-50.227125,-23.044732,2025-10-17 05:01:02,10,978.3,10,+RESP:
2025-10-17 04:03:24,2025-10-17 04:03:24,2025-10-17 04:01:04,385349,862689070136657,4035,GTERI,4.07,00008200,698407,12930,80,00,11,,,15,1,0724,0005,0607,0064,0.0,0,506.3,-23.044732,-50.227125,978.3,,26,0,1,900,,,,,,,,,,,,,,,,1,0.0,0,506.3,-50.227125,-23.044732,2025-10-17 04:01:04,15,978.3,10,+RESP:
2025-10-17 03:03:24,2025-10-17 03:03:24,2025-10-17 03:01:03,385349,862689070136657,4034,GTERI,4.10,00008200,698407,12930,80,00,11,,,11,1,0724,0005,0607,0064,0.0,0,506.3,-23.044732,-50.227125,978.3,,27,0,1,900,,,,,,,,,,,,,,,,1,0.0,0,506.3,-50.227125,-23.044732,2025-10-17 03:01:03,11,978.3,10,+RESP:
2025-10-17 02:03:24,2025-10-17 02:03:24,2025-10-17 02:01:11,385349,862689070136657,4033,GTERI,4.12,00008200,698407,12938,80,00,11,,,12,1,0724,0005,0607,0064,0.0,0,506.3,-23.044732,-50.227125,978.3,,27,0,1,900,,,,,,,,,,,,,,,,1,0.0,0,506.3,-50.227125,-23.044732,2025-10-17 02:01:11,12,978.3,10,+RESP:
2025-10-17 01:03:25,2025-10-17 01:03:24,2025-10-17 01:01:10,385349,862689070136657,4032,GTERI,4.19,00008200,698407,12946,80,00,11,,,8,1,0724,0005,0607,0064,0.0,0,506.3,-23.044732,-50.227125,978.3,,27,0,1,900,,,,,,,,,,,,,,,,1,0.0,0,506.3,-50.227125,-23.044732,2025-10-17 01:01:10,8,978.3,10,+RESP:
2025-10-17 00:12:59,2025-10-17 00:03:25,2025-10-17 00:03:25,385349,862689070136657,4031,GTERI,3.89,00008200,698407,12728,80,00,11,,,9,1,0724,0005,0607,0064,0.2,0,506.3,-23.044732,-50.227125,978.3,,27,0,1,900,,,,,,,,,,,,,,,,1,0.2,0,506.3,-50.227125,-23.044732,2025-10-17 00:03:25,9,978.3,10,+RESP:
2025-10-17 00:12:59,2025-10-17 00:03:25,2025-10-17 00:03:25,385349,862689070136657,4030,GTRTL,3.89,,698407,12728,80,00,11,,,9,1,0724,0005,0607,0064,0.2,0,506.3,-23.044732,-50.227125,978.3,,,,,,,,,,,,,,,,,,,,,,,,,,,,,,,+RESP:
2025-10-17 00:12:58,2025-10-17 00:02:09,2025-10-17 00:02:09,385349,862689070136657,4029,GTDOG,,,,,,,,,,,,,,,,,,,,,,,,,,,,,,,,,,
2025-10-17 00:12:57,2025-10-16 23:53:43,2025-10-16 23:51:27,385349,862689070136657,4028,GTERI,3.91,00008200,698407,12962,80,00,11,,,8,2,0724,0005,0607,9CA4,0.0,195,500.6,-23.044972,-50.227242,978.3,,18,0,1,1800,,,,,,,,,,,,,,,,2,0.0,195,500.6,-50.227242,-23.044972,2025-10-16 23:51:27,8,978.3,10,+BUFF:
2025-10-16 22:53:43,2025-10-16 22:53:43,2025-10-16 22:51:28,385349,862689070136657,4027,GTERI,3.94,00008200,698407,12986,80,00,11,,,7,2,0724,0005,0607,0064,0.0,195,500.6,-23.044972,-50.227242,978.3,,26,0,1,900,,,,,,,,,,,,,,,,2,0.0,195,500.6,-50.227242,-23.044972,2025-10-16 22:51:28,7,978.3,10,+RESP:
2025-10-16 21:53:44,2025-10-16 21:53:43,2025-10-16 21:53:43,385349,862689070136657,4026,GTERI,4.06,00008200,698407,13493,80,00,12,,,4,2,0724,0005,0607,9CA4,4.5,195,500.6,-23.044972,-50.227242,978.3,,21,0,1,1800,,,,,,,,,,,,,,,,2,4.5,195,500.6,-50.227242,-23.044972,2025-10-16 21:53:43,4,978.3,10,+RESP:
2025-10-16 21:53:44,2025-10-16 21:53:43,2025-10-16 21:53:42,385349,862689070136657,4025,GTIGF,4.06,,698407,13895,80,00,12,182,,4,0,0724,0005,0607,9CA4,4.5,195,500.6,-23.044972,-50.227242,978.3,,,,,,,,,,,,,,,,,,,,,,,,,,,,,,,+RESP:
2025-10-16 21:51:13,2025-10-16 21:50:57,,385349,862689070136657,4023,GTCRD
2025-10-16 21:51:12,2025-10-16 21:50:57,,385349,862689070136657,4022,GTCRD
2025-10-16 21:51:11,2025-10-16 21:50:57,,385349,862689070136657,4021,GTCRD
2025-10-16 21:51:10,2025-10-16 21:50:57,,385349,862689070136657,4020,GTCRD
2025-10-16 21:51:10,2025-10-16 21:50:57,,385349,862689070136657,4019,GTCRD
2025-10-16 21:51:09,2025-10-16 21:50:57,,385349,862689070136657,4018,GTCRD
2025-10-16 21:51:08,2025-10-16 21:50:57,,385349,862689070136657,4017,GTCRD
2025-10-16 21:51:07,2025-10-16 21:50:57,,385349,862689070136657,4016,GTCRD
2025-10-16 21:51:06,2025-10-16 21:50:57,,385349,862689070136657,4015,GTCRD
2025-10-16 21:51:05,2025-10-16 21:50:57,,385349,862689070136657,4014,GTCRD
2025-10-16 21:51:04,2025-10-16 21:50:57,,385349,862689070136657,4013,GTCRD
2025-10-16 21:51:03,2025-10-16 21:50:57,,385349,862689070136657,4012,GTCRD
2025-10-16 21:51:03,2025-10-16 21:50:57,,385349,862689070136657,4011,GTCRD
2025-10-16 21:51:01,2025-10-16 21:50:57,,385349,862689070136657,4010,GTCRD
2025-10-16 21:51:00,2025-10-16 21:50:57,,385349,862689070136657,4009,GTCRD
2025-10-16 21:50:59,2025-10-16 21:50:56,2025-10-16 21:50:56,385349,862689070136657,4008,GTERI,3.90,00008200,698407,13927,81,00,22,,,8,1,0724,0005,0607,9CA4,0.7,80,507.5,-23.046403,-50.230813,977.8,,26,0,1,1800,,,,,,,,,,,,,,,,1,0.7,80,507.5,-50.230813,-23.046403,2025-10-16 21:50:56,8,977.8,10,+BUFF:
2025-10-16 21:50:59,2025-10-16 21:50:53,,385349,862689070136657,4007,GTCRD
2025-10-16 21:50:58,2025-10-16 21:50:53,,385349,862689070136657,4006,GTCRD
2025-10-16 21:50:56,2025-10-16 21:50:53,,385349,862689070136657,4005,GTCRA
2025-10-16 21:50:44,2025-10-16 21:50:41,2025-10-16 21:37:41,385349,862689070136657,4003,GTIGN,3.89,,698407,12817,81,00,22,,7838,11,1,0724,0005,0607,9CA4,0.0,46,496.7,-23.046347,-50.230818,977.8,,,,,,,,,,,,,,,,,,,,,,,,,,,,,,,+RESP:
2025-10-16 21:40:03,2025-10-16 21:40:03,2025-10-16 21:37:41,385349,862689070136657,4002,GTERI,3.97,00008200,698407,12978,80,00,11,,,11,1,0724,0005,0607,9CA4,0.0,46,496.7,-23.046347,-50.230818,977.8,,25,0,1,1800,,,,,,,,,,,,,,,,1,0.0,46,496.7,-50.230818,-23.046347,2025-10-16 21:37:41,11,977.8,10,+RESP:
2025-10-16 20:40:03,2025-10-16 20:40:03,2025-10-16 20:37:41,385349,862689070136657,4001,GTERI,3.99,00008200,698407,13002,80,00,11,,,10,1,0724,0005,0607,9CA4,0.0,46,496.7,-23.046347,-50.230818,977.8,,26,0,1,1800,,,,,,,,,,,,,,,,1,0.0,46,496.7,-50.230818,-23.046347,2025-10-16 20:37:41,10,977.8,10,+RESP:
2025-10-16 19:48:35,2025-10-16 19:48:35,2025-10-16 19:40:03,385349,862689070136657,4000,GTINF,4.03,,698407,13010,80,00,11,,,,,,,,,,,,,,,,24,0,,,89551808170105429139,1,0,1,+0000,0
2025-10-16 19:40:04,2025-10-16 19:40:03,2025-10-16 19:40:03,385349,862689070136657,3999,GTERI,4.11,00008200,698407,12600,80,00,12,,,14,1,0724,0005,0607,9CA4,0.0,46,496.7,-23.046347,-50.230818,977.8,,23,0,1,1800,,,,,,,,,,,,,,,,1,0.0,46,496.7,-50.230818,-23.046347,2025-10-16 19:40:03,14,977.8,10,+RESP:
2025-10-16 19:40:03,2025-10-16 19:40:03,2025-10-16 19:40:02,385349,862689070136657,3998,GTIGF,4.11,,698407,12720,80,00,12,240,,13,0,0724,0005,0607,9CA4,0.0,46,496.7,-23.046347,-50.230818,977.8,,,,,,,,,,,,,,,,,,,,,,,,,,,,,,,+RESP:
2025-10-16 19:39:13,2025-10-16 19:39:13,2025-10-16 19:39:08,385349,862689070136657,3997,GTERI,4.10,00008200,698407,13951,81,00,22,,,13,1,0724,0005,0607,9CA4,19.4,46,490.3,-23.046537,-50.231118,977.7,,22,0,1,1800,,,,,,,,,,,,,,,,1,38.8,316,485.4,-50.230880,-23.047257,2025-10-16 19:38:48,11,977.7,10,+RESP:
2025-10-16 19:37:31,2025-10-16 19:36:56,,385349,862689070136657,3995,GTCRD
2025-10-16 19:37:30,2025-10-16 19:36:56,,385349,862689070136657,3994,GTCRD
2025-10-16 19:37:29,2025-10-16 19:36:56,,385349,862689070136657,3993,GTCRD
2025-10-16 19:37:28,2025-10-16 19:36:56,,385349,862689070136657,3992,GTCRD
2025-10-16 19:37:27,2025-10-16 19:36:56,,385349,862689070136657,3991,GTCRD
2025-10-16 19:37:26,2025-10-16 19:36:56,,385349,862689070136657,3990,GTCRD
2025-10-16 19:37:25,2025-10-16 19:36:56,,385349,862689070136657,3989,GTCRD
2025-10-16 19:37:25,2025-10-16 19:36:56,,385349,862689070136657,3988,GTCRD
2025-10-16 19:37:24,2025-10-16 19:36:56,,385349,862689070136657,3987,GTCRD
2025-10-16 19:37:23,2025-10-16 19:36:56,,385349,862689070136657,3986,GTCRD
2025-10-16 19:37:22,2025-10-16 19:36:56,,385349,862689070136657,3985,GTCRD
2025-10-16 19:37:21,2025-10-16 19:36:56,,385349,862689070136657,3984,GTCRD
2025-10-16 19:37:20,2025-10-16 19:36:56,,385349,862689070136657,3983,GTCRD
2025-10-16 19:37:19,2025-10-16 19:36:56,,385349,862689070136657,3982,GTCRD
2025-10-16 19:37:18,2025-10-16 19:36:56,,385349,862689070136657,3981,GTCRD
2025-10-16 19:37:17,2025-10-16 19:36:52,,385349,862689070136657,3980,GTCRD
2025-10-16 19:37:16,2025-10-16 19:36:52,,385349,862689070136657,3979,GTCRD
2025-10-16 19:37:15,2025-10-16 19:36:52,,385349,862689070136657,3978,GTCRD
2025-10-16 19:37:14,2025-10-16 19:36:52,,385349,862689070136657,3977,GTCRD
2025-10-16 19:37:13,2025-10-16 19:36:52,,385349,862689070136657,3976,GTCRD
2025-10-16 19:37:11,2025-10-16 19:36:52,,385349,862689070136657,3975,GTCRD
2025-10-16 19:37:10,2025-10-16 19:36:52,,385349,862689070136657,3974,GTCRD
2025-10-16 19:37:08,2025-10-16 19:36:52,,385349,862689070136657,3973,GTCRD
2025-10-16 19:37:06,2025-10-16 19:36:52,,385349,862689070136657,3972,GTCRD
2025-10-16 19:37:04,2025-10-16 19:36:52,,385349,862689070136657,3971,GTCRD
2025-10-16 19:37:03,2025-10-16 19:36:52,,385349,862689070136657,3970,GTCRD
2025-10-16 19:37:00,2025-10-16 19:36:52,,385349,862689070136657,3969,GTCRD
2025-10-16 19:36:59,2025-10-16 19:36:52,,385349,862689070136657,3968,GTCRD
2025-10-16 19:36:57,2025-10-16 19:36:52,,385349,862689070136657,3967,GTCRD
2025-10-16 19:36:55,2025-10-16 19:36:52,,385349,862689070136657,3966,GTCRD
2025-10-16 19:36:53,2025-10-16 19:36:52,,385349,862689070136657,3965,GTCRA
2025-10-16 19:36:13,2025-10-16 19:36:13,2025-10-16 19:36:12,385349,862689070136657,3964,GTERI,4.00,00008200,698407,13871,81,00,21,,,8,1,0724,0005,0607,9CA4,2.5,331,489.2,-23.048847,-50.231750,977.2,,30,0,1,1800,,,,,,,,,,,,,,,,1,2.5,331,489.2,-50.231750,-23.048847,2025-10-16 19:36:12,8,977.2,10,+RESP:
2025-10-16 19:36:04,2025-10-16 19:36:03,2025-10-16 19:20:13,385349,862689070136657,3962,GTIGN,4.00,,698407,12905,81,00,21,,950,11,1,0724,0005,0607,9CA4,0.0,248,488.5,-23.048908,-50.231693,977.2,,,,,,,,,,,,,,,,,,,,,,,,,,,,,,,+RESP:
2025-10-16 19:20:15,2025-10-16 19:20:13,2025-10-16 19:20:13,385349,862689070136657,3961,GTERI,4.08,00008200,698407,12656,80,00,12,,,11,1,0724,0005,0607,9CA4,0.0,248,488.5,-23.048908,-50.231693,977.2,,27,0,1,1800,,,,,,,,,,,,,,,,1,0.0,248,488.5,-50.231693,-23.048908,2025-10-16 19:20:13,11,977.2,10,+RESP:
2025-10-16 19:20:14,2025-10-16 19:20:13,2025-10-16 19:20:12,385349,862689070136657,3960,GTIGF,4.08,,698407,13082,80,00,12,124,,11,0,0724,0005,0607,9CA4,0.0,248,488.5,-23.048908,-50.231693,977.2,,,,,,,,,,,,,,,,,,,,,,,,,,,,,,,+RESP:
2025-10-16 19:18:22,2025-10-16 19:18:21,2025-10-16 19:18:21,385349,862689070136657,3958,GTERI,4.00,00008200,698407,13903,81,00,22,,,11,1,0724,0005,0607,9CA4,2.2,146,491.0,-23.046400,-50.230985,976.8,,26,0,1,1800,,,,,,,,,,,,,,,,1,2.2,146,491.0,-50.230985,-23.046400,2025-10-16 19:18:21,11,976.8,10,+RESP:
2025-10-16 19:18:10,2025-10-16 19:18:09,2025-10-16 19:12:33,385349,862689070136657,3956,GTIGN,4.00,,698407,12881,81,00,22,,336,11,1,0724,0005,0607,9CA4,0.0,224,491.2,-23.046410,-50.230988,976.8,,,,,,,,,,,,,,,,,,,,,,,,,,,,,,,+RESP:
2025-10-16 19:12:34,2025-10-16 19:12:33,2025-10-16 19:12:33,385349,862689070136657,3955,GTERI,4.08,00008200,698407,12897,80,00,12,,,11,1,0724,0005,0607,9CA4,0.0,224,491.2,-23.046410,-50.230988,976.8,,22,0,1,1800,,,,,,,,,,,,,,,,1,0.0,224,491.2,-50.230988,-23.046410,2025-10-16 19:12:33,11,976.8,10,+RESP:
2025-10-16 19:12:33,2025-10-16 19:12:33,2025-10-16 19:12:32,385349,862689070136657,3954,GTIGF,4.08,,698407,13943,80,00,12,296,,11,0,0724,0005,0607,9CA4,0.0,224,491.2,-23.046410,-50.230988,976.8,,,,,,,,,,,,,,,,,,,,,,,,,,,,,,,+RESP:
2025-10-16 19:11:09,2025-10-16 19:11:08,2025-10-16 19:11:03,385349,862689070136657,3952,GTERI,4.07,00008200,698407,13943,81,00,22,,,10,1,0724,0005,0607,9CA4,0.0,312,472.1,-23.044093,-50.228210,976.5,,20,0,1,1800,,,,,,,,,,,,,,,,1,18.2,318,471.1,-50.228117,-23.044175,2025-10-16 19:10:57,10,976.5,10,+RESP:
2025-10-16 19:08:13,2025-10-16 19:08:12,2025-10-16 19:08:12,385349,862689070136657,3950,GTERI,3.98,00008200,698407,13903,81,00,22,,,8,1,0724,0005,0607,9CA4,3.1,347,415.4,-23.044637,-50.227162,976.3,,23,0,1,1800,,,,,,,,,,,,,,,,1,3.1,347,415.4,-50.227162,-23.044637,2025-10-16 19:08:12,8,976.4,10,+RESP:
2025-10-16 19:07:37,2025-10-16 19:07:37,2025-10-16 18:36:03,385349,862689070136657,3948,GTIGN,3.96,,698407,12793,81,00,21,,12621,8,1,0724,0005,0607,9CA4,0.0,184,500.2,-23.045005,-50.227382,976.3,,,,,,,,,,,,,,,,,,,,,,,,,,,,,,,+RESP:
2025-10-16 18:38:23,2025-10-16 18:38:23,2025-10-16 18:36:03,385349,862689070136657,3947,GTERI,3.97,00008200,698407,13010,80,00,11,,,8,1,0724,0005,0607,9CA4,0.0,184,500.2,-23.045005,-50.227382,976.3,,24,0,1,1800,,,,,,,,,,,,,,,,1,0.0,184,500.2,-50.227382,-23.045005,2025-10-16 18:36:03,8,976.3,10,+RESP:
2025-10-16 17:38:36,2025-10-16 17:38:23,2025-10-16 17:36:05,385349,862689070136657,3946,GTERI,3.99,00008200,698407,13026,80,00,11,,,9,1,0724,0005,0607,9CA4,0.0,184,500.2,-23.045005,-50.227382,976.3,,24,0,1,1800,,,,,,,,,,,,,,,,1,0.0,184,500.2,-50.227382,-23.045005,2025-10-16 17:36:05,9,976.3,10,+RESP:
2025-10-16 16:38:37,2025-10-16 16:38:23,2025-10-16 16:36:08,385349,862689070136657,3945,GTERI,4.03,00008200,698407,13042,80,00,11,,,8,1,0724,0005,0607,9CA4,0.0,184,500.2,-23.045005,-50.227382,976.3,,24,0,1,1800,,,,,,,,,,,,,,,,1,0.0,184,500.2,-50.227382,-23.045005,2025-10-16 16:36:08,8,976.3,10,+RESP:
2025-10-16 15:39:24,2025-10-16 15:38:25,2025-10-16 15:38:25,385349,862689070136657,3944,GTERI,4.05,00008200,698407,12962,80,00,11,,,7,1,0724,0005,0607,9CA4,0.6,184,500.2,-23.045005,-50.227382,976.3,,25,0,1,1800,,,,,,,,,,,,,,,,1,0.6,184,500.2,-50.227382,-23.045005,2025-10-16 15:38:25,7,976.3,10,+RESP:
2025-10-16 15:39:23,2025-10-16 15:38:25,2025-10-16 15:38:25,385349,862689070136657,3943,GTRTL,4.05,,698407,12962,80,00,11,,,7,1,0724,0005,0607,9CA4,0.6,184,500.2,-23.045005,-50.227382,976.3,,,,,,,,,,,,,,,,,,,,,,,,,,,,,,,+RESP:
2025-10-16 15:39:23,2025-10-16 15:37:10,2025-10-16 15:37:09,385349,862689070136657,3942,GTDOG,,,,,,,,,,,,,,,,,,,,,,,,,,,,,,,,,,
2025-10-16 15:39:22,2025-10-16 15:37:10,2025-10-16 15:37:09,385349,862689070136657,3941,GTERI,4.14,00008200,698407,13171,80,00,12,,,6,1,0724,0005,0607,9CA4,0.0,295,495.3,-23.044793,-50.227207,976.3,,22,0,1,1800,,,,,,,,,,,,,,,,1,0.0,295,495.3,-50.227207,-23.044793,2025-10-16 15:37:09,6,976.3,10,+BUFF:
2025-10-16 15:39:22,2025-10-16 15:37:03,2025-10-16 15:36:29,385349,862689070136657,3940,GTIGF,4.15,,698407,13871,80,00,12,8,,0,0,0724,0005,0607,9CA4,0.0,295,495.3,-23.044793,-50.227207,976.3,,,,,,,,,,,,,,,,,,,,,,,,,,,,,,,+BUFF:
2025-10-16 15:39:21,2025-10-16 15:36:55,2025-10-16 15:36:29,385349,862689070136657,3938,GTIGN,4.15,,698407,12889,81,00,21,,26,8,1,0724,0005,0607,9CA4,0.0,295,495.3,-23.044793,-50.227207,976.3,,,,,,,,,,,,,,,,,,,,,,,,,,,,,,,+BUFF:
2025-10-16 15:39:21,2025-10-16 15:36:29,2025-10-16 15:36:29,385349,862689070136657,3937,GTERI,4.15,00008200,698407,12793,80,00,12,,,8,1,0724,0005,0607,9CA4,0.0,295,495.3,-23.044793,-50.227207,976.3,,21,0,1,1800,,,,,,,,,,,,,,,,1,0.0,295,495.3,-50.227207,-23.044793,2025-10-16 15:36:29,8,976.3,10,+BUFF:
2025-10-16 15:39:20,2025-10-16 15:36:29,2025-10-16 15:36:28,385349,862689070136657,3936,GTIGF,4.15,,698407,13461,80,00,12,659,,8,0,0724,0005,0607,9CA4,0.0,295,495.3,-23.044793,-50.227207,976.3,,,,,,,,,,,,,,,,,,,,,,,,,,,,,,,+BUFF:
2025-10-16 15:39:20,2025-10-16 15:36:25,2025-10-16 15:36:20,385349,862689070136657,3935,GTERI,4.15,00008200,698407,13919,81,00,22,,,8,1,0724,0005,0607,9CA4,0.0,295,495.3,-23.044793,-50.227207,976.3,,21,0,1,1800,,,,,,,,,,,,,,,,1,46.1,226,462.1,-50.223850,-23.041873,2025-10-16 15:35:03,10,975.9,10,+BUFF:
2025-10-16 15:39:19,2025-10-16 15:35:15,,385349,862689070136657,3933,GTASC
2025-10-16 15:39:19,2025-10-16 15:33:25,2025-10-16 15:33:20,385349,862689070136657,3932,GTERI,4.14,00008200,698407,13895,81,00,21,,,14,1,0724,0005,0607,9CA4,0.0,71,430.8,-23.037950,-50.223340,975.3,,9,0,1,900,,,,,,,,,,,,,,,,1,0.0,71,430.8,-50.223340,-23.037950,2025-10-16 15:33:24,14,975.3,10,+BUFF:
2025-10-16 15:39:18,2025-10-16 15:30:25,2025-10-16 15:30:20,385349,862689070136657,3929,GTERI,4.12,00008200,698407,13887,81,00,21,,,13,1,0724,0005,0607,9CA4,0.0,71,430.8,-23.037950,-50.223340,975.3,,9,0,1,900,,,,,,,,,,,,,,,,1,9.9,65,429.9,-50.223418,-23.037915,2025-10-16 15:27:28,11,975.3,10,+BUFF:
2025-10-16 15:39:18,2025-10-16 15:27:27,2025-10-16 15:27:26,385349,862689070136657,3927,GTERI,4.10,00008200,698407,13943,81,00,22,,,10,1,0724,0005,0607,9CA4,13.8,44,430.3,-23.037928,-50.223467,975.3,,14,0,1,1800,,,,,,,,,,,,,,,,1,13.8,44,430.3,-50.223467,-23.037928,2025-10-16 15:27:26,10,975.3,10,+BUFF:
2025-10-16 15:39:17,2025-10-16 15:27:27,2025-10-16 15:27:26,385349,862689070136657,3926,GTRTL,4.10,,698407,13943,81,00,22,,,10,1,0724,0005,0607,9CA4,13.8,44,430.3,-23.037928,-50.223467,975.3,,,,,,,,,,,,,,,,,,,,,,,,,,,,,,,+BUFF:
2025-10-16 15:39:17,2025-10-16 15:26:11,2025-10-16 15:26:10,385349,862689070136657,3925,GTDOG,,,,,,,,,,,,,,,,,,,,,,,,,,,,,,,,,,
2025-10-16 15:39:16,2025-10-16 15:25:34,2025-10-16 15:25:33,385349,862689070136657,3924,GTERI,3.99,00008200,698407,13911,81,00,22,,,12,1,0724,0005,0607,0064,11.2,120,467.9,-23.042233,-50.226320,974.9,,18,0,1,900,,,,,,,,,,,,,,,,1,11.2,120,467.9,-50.226320,-23.042233,2025-10-16 15:25:33,12,974.9,10,+BUFF:
2025-10-16 15:39:16,2025-10-16 15:25:33,,385349,862689070136657,3923,GTCRD
2025-10-16 15:39:15,2025-10-16 15:25:33,,385349,862689070136657,3922,GTCRD
2025-10-16 15:39:14,2025-10-16 15:25:33,,385349,862689070136657,3921,GTCRD
2025-10-16 15:39:13,2025-10-16 15:25:33,,385349,862689070136657,3920,GTCRD
2025-10-16 15:39:12,2025-10-16 15:25:33,,385349,862689070136657,3919,GTCRD
2025-10-16 15:39:12,2025-10-16 15:25:33,,385349,862689070136657,3918,GTCRD
2025-10-16 15:39:10,2025-10-16 15:25:33,,385349,862689070136657,3917,GTCRD
2025-10-16 15:39:08,2025-10-16 15:25:33,,385349,862689070136657,3916,GTCRD
2025-10-16 15:39:07,2025-10-16 15:25:33,,385349,862689070136657,3915,GTCRD
2025-10-16 15:39:05,2025-10-16 15:25:33,,385349,862689070136657,3914,GTCRD
2025-10-16 15:39:04,2025-10-16 15:25:33,,385349,862689070136657,3913,GTCRD
2025-10-16 15:39:03,2025-10-16 15:25:33,,385349,862689070136657,3912,GTCRD
2025-10-16 15:39:02,2025-10-16 15:25:33,,385349,862689070136657,3911,GTCRD
2025-10-16 15:39:01,2025-10-16 15:25:33,,385349,862689070136657,3910,GTCRD
2025-10-16 15:38:59,2025-10-16 15:25:33,,385349,862689070136657,3909,GTCRD
2025-10-16 15:38:58,2025-10-16 15:25:29,,385349,862689070136657,3908,GTCRD
2025-10-16 15:38:57,2025-10-16 15:25:29,,385349,862689070136657,3907,GTCRA
2025-10-16 15:38:57,2025-10-16 15:25:17,2025-10-16 15:16:37,385349,862689070136657,3905,GTIGN,3.98,,698407,12873,81,00,22,,1185,16,1,0724,0005,0607,0064,0.1,103,479.0,-23.042173,-50.226415,974.9,,,,,,,,,,,,,,,,,,,,,,,,,,,,,,,+BUFF:
2025-10-16 15:38:56,2025-10-16 15:16:38,2025-10-16 15:16:37,385349,862689070136657,3904,GTERI,4.00,00008200,698407,13082,80,00,11,,,16,1,0724,0005,BFF7,068FB204,0.1,103,479.0,-23.042173,-50.226415,974.9,,13,0,2,3,,,,,,,,,,,,,,,,1,0.1,103,479.0,-50.226415,-23.042173,2025-10-16 15:16:37,16,974.9,10,+BUFF:
2025-10-16 15:38:56,2025-10-16 15:16:38,2025-10-16 15:16:37,385349,862689070136657,3903,GTRTL,4.00,,698407,13082,80,00,11,,,16,1,0724,0005,BFF7,068FB204,0.1,103,479.0,-23.042173,-50.226415,974.9,,,,,,,,,,,,,,,,,,,,,,,,,,,,,,,+BUFF:
2025-10-16 15:38:55,2025-10-16 15:15:24,2025-10-16 15:15:23,385349,862689070136657,3902,GTDOG,,,,,,,,,,,,,,,,,,,,,,,,,,,,,,,,,,
2025-10-16 15:38:55,2025-10-16 15:05:53,2025-10-16 15:05:52,385349,862689070136657,3901,GTERI,4.06,00008200,698407,13090,80,00,11,,,16,1,0724,0005,BFF7,068FB204,0.0,7,479.1,-23.042090,-50.226417,974.9,,11,0,2,3,,,,,,,,,,,,,,,,1,0.0,7,479.1,-50.226417,-23.042090,2025-10-16 15:05:52,16,974.9,10,+BUFF:
2025-10-16 15:38:54,2025-10-16 15:05:53,2025-10-16 15:05:52,385349,862689070136657,3900,GTRTL,4.06,,698407,13090,80,00,11,,,16,1,0724,0005,BFF7,068FB204,0.0,7,479.1,-23.042090,-50.226417,974.9,,,,,,,,,,,,,,,,,,,,,,,,,,,,,,,+BUFF:
2025-10-16 15:38:54,2025-10-16 15:04:29,2025-10-16 15:04:28,385349,862689070136657,3899,GTDOG,,,,,,,,,,,,,,,,,,,,,,,,,,,,,,,,,,
2025-10-16 15:38:53,2025-10-16 14:54:49,2025-10-16 14:54:48,385349,862689070136657,3898,GTERI,4.11,00008200,698407,13066,80,00,11,,,14,1,0724,0005,BFF7,068FB204,0.6,236,472.8,-23.042193,-50.226482,974.9,,13,0,2,3,,,,,,,,,,,,,,,,1,0.6,236,472.8,-50.226482,-23.042193,2025-10-16 14:54:48,14,974.9,10,+BUFF:
2025-10-16 15:38:53,2025-10-16 14:54:49,2025-10-16 14:54:48,385349,862689070136657,3897,GTRTL,4.11,,698407,13066,80,00,11,,,14,1,0724,0005,BFF7,068FB204,0.6,236,472.8,-23.042193,-50.226482,974.9,,,,,,,,,,,,,,,,,,,,,,,,,,,,,,,+BUFF:
2025-10-16 15:38:52,2025-10-16 14:53:34,2025-10-16 14:53:33,385349,862689070136657,3896,GTDOG,,,,,,,,,,,,,,,,,,,,,,,,,,,,,,,,,,
2025-10-16 15:38:52,2025-10-16 14:51:53,2025-10-16 14:51:52,385349,862689070136657,3895,GTERI,4.17,00008200,698407,12785,80,00,12,,,11,1,0724,0005,C2B3,06908B0A,0.0,147,471.7,-23.042097,-50.226348,974.9,,31,0,2,28,,,,,,,,,,,,,,,,1,0.0,147,471.7,-50.226348,-23.042097,2025-10-16 14:51:52,11,974.9,10,+BUFF:
2025-10-16 15:38:51,2025-10-16 14:51:52,2025-10-16 14:51:51,385349,862689070136657,3894,GTIGF,4.17,,698407,12865,80,00,12,1201,,13,0,0724,0005,C2B3,06908B0A,0.0,147,471.7,-23.042097,-50.226348,974.9,,,,,,,,,,,,,,,,,,,,,,,,,,,,,,,+BUFF:
2025-10-16 15:38:51,2025-10-16 14:49:50,2025-10-16 14:49:45,385349,862689070136657,3893,GTERI,4.17,00008200,698407,13951,81,00,22,,,13,1,0724,0005,C2B3,06908B0A,0.0,51,462.3,-23.047230,-50.235402,973.6,,31,0,2,28,,,,,,,,,,,,,,,,1,107.9,52,486.9,-50.259758,-23.066437,2025-10-16 14:47:09,15,970.3,10,+BUFF:
2025-10-16 15:38:50,2025-10-16 14:48:38,,385349,862689070136657,3891,GTASC
2025-10-16 15:38:50,2025-10-16 14:47:08,2025-10-16 14:47:07,385349,862689070136657,3890,GTSPD,4.17,,698407,14016,81,00,22,,,15,1,0724,0005,C2B3,06908B0A,107.7,53,481.6,-23.066763,-50.260223,970.3,,,,,,,,,,,,,,,,,,,,,,,,,,,,,,,+BUFF:
2025-10-16 15:38:49,2025-10-16 14:46:50,2025-10-16 14:46:45,385349,862689070136657,3889,GTERI,4.17,00008200,698407,14016,81,00,22,,,11,1,0724,0005,C2B3,06908B0A,114.3,36,456.9,-23.071522,-50.264842,969.7,,31,0,2,28,,,,,,,,,,,,,,,,1,118.6,36,458.2,-50.264270,-23.070810,2025-10-16 14:46:48,11,969.7,10,+BUFF:
2025-10-16 15:38:49,2025-10-16 14:46:45,2025-10-16 14:46:44,385349,862689070136657,3888,GTSPD,4.17,,698407,14024,81,00,22,,,12,1,0724,0005,C2B3,06908B0A,112.5,37,456.1,-23.071752,-50.265027,969.5,,,,,,,,,,,,,,,,,,,,,,,,,,,,,,,+BUFF:
2025-10-16 15:38:48,2025-10-16 14:46:41,2025-10-16 14:46:40,385349,862689070136657,3887,GTSPD,4.17,,698407,14024,81,00,22,,,10,1,0724,0005,C2B3,06908B0A,109.9,37,452.7,-23.072643,-50.265750,969.4,,,,,,,,,,,,,,,,,,,,,,,,,,,,,,,+BUFF:
2025-10-16 15:38:48,2025-10-16 14:46:38,2025-10-16 14:46:37,385349,862689070136657,3886,GTSPD,4.17,,698407,14008,81,00,22,,,12,1,0724,0005,C2B3,06908B0A,113.5,37,450.8,-23.073313,-50.266292,969.3,,,,,,,,,,,,,,,,,,,,,,,,,,,,,,,+BUFF:
2025-10-16 15:38:47,2025-10-16 14:43:55,2025-10-16 14:43:54,385349,862689070136657,3884,GTSPD,4.17,,698407,14024,81,00,22,,,12,1,0724,0005,C2B3,06908B0A,106.9,48,382.4,-23.093702,-50.299993,964.8,,,,,,,,,,,,,,,,,,,,,,,,,,,,,,,+BUFF:
2025-10-16 15:38:47,2025-10-16 14:43:53,2025-10-16 14:43:52,385349,862689070136657,3883,GTSPD,4.17,,698407,14024,81,00,22,,,11,1,0724,0005,C2B3,06908B0A,111.2,49,380.1,-23.094065,-50.300410,964.8,,,,,,,,,,,,,,,,,,,,,,,,,,,,,,,+BUFF:
2025-10-16 15:38:46,2025-10-16 14:43:52,2025-10-16 14:43:51,385349,862689070136657,3882,GTERI,4.17,00008200,698407,14032,81,00,22,,,11,1,0724,0005,C2B3,06908B0A,110.9,48,378.2,-23.094245,-50.300630,964.8,,7,0,2,28,,,,,,,,,,,,,,,,1,110.9,48,378.2,-50.300630,-23.094245,2025-10-16 14:43:51,11,964.8,10,+BUFF:
2025-10-16 15:38:46,2025-10-16 14:43:51,2025-10-16 14:43:51,385349,862689070136657,3881,GTRTL,4.17,,698407,14032,81,00,22,,,11,1,0724,0005,C2B3,06908B0A,110.9,48,378.2,-23.094245,-50.300630,964.8,,,,,,,,,,,,,,,,,,,,,,,,,,,,,,,+BUFF:
2025-10-16 15:38:45,2025-10-16 14:42:51,2025-10-16 14:42:50,385349,862689070136657,3880,GTSPD,4.17,,698407,14016,81,00,22,,,16,1,0724,0005,BFF7,068FB206,102.7,44,389.8,-23.105627,-50.313187,964.0,,,,,,,,,,,,,,,,,,,,,,,,,,,,,,,+BUFF:
2025-10-16 15:38:45,2025-10-16 14:42:49,2025-10-16 14:42:48,385349,862689070136657,3879,GTSPD,4.17,,698407,14032,81,00,22,,,16,1,0724,0005,BFF7,068FB206,111.6,43,389.8,-23.105983,-50.313588,963.9,,,,,,,,,,,,,,,,,,,,,,,,,,,,,,,+BUFF:
2025-10-16 15:38:44,2025-10-16 14:42:37,2025-10-16 14:42:36,385349,862689070136657,3878,GTDOG,,,,,,,,,,,,,,,,,,,,,,,,,,,,,,,,,,
2025-10-16 15:38:43,2025-10-16 14:41:02,2025-10-16 14:40:57,385349,862689070136657,3877,GTERI,4.17,00008200,698407,14032,81,00,22,,,12,1,0724,0005,BFF7,068FC72C,106.5,139,401.5,-23.114645,-50.330262,960.9,,9,0,2,3,,,,,,,,,,,,,,,,1,105.7,139,402.6,-50.330078,-23.114827,2025-10-16 14:40:58,11,960.8,10,+BUFF:
2025-10-16 15:38:02,2025-10-16 14:40:57,2025-10-16 14:40:56,385349,862689070136657,3876,GTSPD,4.17,,698407,14024,81,00,22,,,11,1,0724,0005,BFF7,068FC72C,107.8,140,400.6,-23.114438,-50.330453,960.8,,,,,,,,,,,,,,,,,,,,,,,,,,,,,,,+BUFF:
2025-10-16 14:54:21,2025-10-16 14:40:51,2025-10-16 14:40:50,385349,862689070136657,3875,GTSPD,4.17,,698407,14016,81,00,22,,,13,1,0724,0005,BFF7,068FC72C,111.3,139,401.6,-23.113133,-50.331622,960.6,,,,,,,,,,,,,,,,,,,,,,,,,,,,,,,+BUFF:
2025-10-16 14:54:21,2025-10-16 14:40:51,2025-10-16 14:40:50,385349,862689070136657,3875,GTSPD,4.17,,698407,14016,81,00,22,,,13,1,0724,0005,BFF7,068FC72C,111.3,139,401.6,-23.113133,-50.331622,960.6,,,,,,,,,,,,,,,,,,,,,,,,,,,,,,,+BUFF:
2025-10-16 14:54:21,2025-10-16 14:38:02,2025-10-16 14:37:57,385349,862689070136657,3873,GTERI,4.17,00008200,698407,14048,81,00,22,,,16,1,0724,0005,BFF7,068FC72C,44.4,55,442.4,-23.107157,-50.363642,956.9,,13,0,2,3,,,,,,,,,,,,,,,,1,57.3,60,449.5,-50.364885,-23.107938,2025-10-16 14:37:42,14,956.7,10,+BUFF:
2025-10-16 14:54:20,2025-10-16 14:35:02,2025-10-16 14:34:57,385349,862689070136657,3871,GTERI,4.17,00008200,698407,13935,81,00,22,,,14,1,0724,0005,BFF7,068FC72D,0.0,173,417.5,-23.104873,-50.370308,955.9,,31,0,2,3,,,,,,,,,,,,,,,,1,49.8,70,433.1,-50.370782,-23.105308,2025-10-16 14:33:46,15,955.7,10,+BUFF:
2025-10-16 14:32:19,2025-10-16 14:32:03,2025-10-16 14:32:03,385349,862689070136657,3868,GTERI,4.17,00008200,698407,14008,81,00,21,,,13,1,0724,0005,BFF7,068FC72D,12.1,336,387.6,-23.108568,-50.373350,955.1,,21,0,2,3,,,,,,,,,,,,,,,,1,12.1,336,387.6,-50.373350,-23.108568,2025-10-16 14:32:03,13,955.1,10,+RESP:
2025-10-16 14:32:19,2025-10-16 14:32:03,2025-10-16 14:32:03,385349,862689070136657,3867,GTRTL,4.17,,698407,14008,81,00,21,,,13,1,0724,0005,BFF7,068FC72D,12.1,336,387.6,-23.108568,-50.373350,955.1,,,,,,,,,,,,,,,,,,,,,,,,,,,,,,,+RESP:
2025-10-16 14:32:18,2025-10-16 14:30:59,2025-10-16 14:30:55,385349,862689070136657,3866,GTERI,4.17,00008200,698407,13935,81,00,22,,,14,1,0724,0005,BFF7,068FC72D,0.0,75,384.2,-23.110265,-50.372900,955.1,,22,0,2,3,,,,,,,,,,,,,,,,1,65.0,28,427.2,-50.373315,-23.115887,2025-10-16 14:29:15,16,954.4,10,+BUFF:
2025-10-16 14:32:17,2025-10-16 14:30:44,2025-10-16 14:30:44,385349,862689070136657,3864,GTDOG,,,,,,,,,,,,,,,,,,,,,,,,,,,,,,,,,,
2025-10-16 14:32:17,2025-10-16 14:27:59,2025-10-16 14:27:55,385349,862689070136657,3862,GTERI,4.17,00008200,698407,14000,81,00,22,,,14,1,0724,0005,BFF7,06904506,30.2,44,392.9,-23.120125,-50.377908,953.8,,27,0,2,3,,,,,,,,,,,,,,,,1,95.5,71,451.7,-50.391782,-23.130685,2025-10-16 14:26:12,15,951.8,10,+BUFF:
2025-10-16 14:32:17,2025-10-16 14:24:59,2025-10-16 14:24:55,385349,862689070136657,3860,GTERI,4.17,00008200,698407,13984,81,00,22,,,14,1,0724,0005,FDAF,068FC805,19.6,62,466.4,-23.135867,-50.402733,950.5,,22,0,2,3,,,,,,,,,,,,,,,,1,78.7,112,467.6,-50.405158,-23.136380,2025-10-16 14:24:29,17,950.2,10,+BUFF:
2025-10-16 14:31:36,2025-10-16 14:24:27,2025-10-16 14:24:27,385349,862689070136657,3859,GTSPD,4.17,,698407,14000,81,00,22,,,17,1,0724,0005,FDAF,068FC805,89.2,105,467.4,-23.136195,-50.405530,950.1,,,,,,,,,,,,,,,,,,,,,,,,,,,,,,,+BUFF:
2025-10-16 14:31:36,2025-10-16 14:24:27,2025-10-16 14:24:27,385349,862689070136657,3859,GTSPD,4.17,,698407,14000,81,00,22,,,17,1,0724,0005,FDAF,068FC805,89.2,105,467.4,-23.136195,-50.405530,950.1,,,,,,,,,,,,,,,,,,,,,,,,,,,,,,,+BUFF:
2025-10-16 14:31:36,2025-10-16 14:24:10,2025-10-16 14:24:10,385349,862689070136657,3858,GTSPD,4.17,,698407,14032,81,00,22,,,17,1,0724,0005,FDAF,068FC806,117.2,99,465.2,-23.135340,-50.411160,949.5,,,,,,,,,,,,,,,,,,,,,,,,,,,,,,,+BUFF:
2025-10-16 14:31:35,2025-10-16 14:24:08,2025-10-16 14:24:08,385349,862689070136657,3857,GTSPD,4.17,,698407,14016,81,00,22,,,17,1,0724,0005,FDAF,068FC806,108.1,99,462.8,-23.135233,-50.411780,949.5,,,,,,,,,,,,,,,,,,,,,,,,,,,,,,,+BUFF:
2025-10-16 14:31:35,2025-10-16 14:22:38,2025-10-16 14:22:38,385349,862689070136657,3855,GTSPD,4.17,,698407,14040,81,00,22,,,17,1,0724,0005,FDAF,068FC806,112.9,100,381.6,-23.130712,-50.442967,946.2,,,,,,,,,,,,,,,,,,,,,,,,,,,,,,,+BUFF:
2025-10-16 14:31:34,2025-10-16 14:21:59,2025-10-16 14:21:55,385349,862689070136657,3854,GTERI,4.17,00008200,698407,14000,81,00,22,,,17,1,0724,0005,FDAF,068FC806,85.0,103,359.2,-23.127942,-50.452392,945.3,,6,0,2,3,,,,,,,,,,,,,,,,1,94.3,115,360.7,-50.451463,-23.128253,2025-10-16 14:21:59,17,945.4,10,+BUFF:
2025-10-16 14:19:00,2025-10-16 14:18:59,2025-10-16 14:18:55,385349,862689070136657,3851,GTERI,4.17,00008200,698407,14040,81,00,22,,,17,1,0724,0005,BFF7,06903409,74.2,56,440.6,-23.139807,-50.485588,941.5,,9,0,2,28,,,,,,,,,,,,,,,,1,95.9,62,438.5,-50.494698,-23.144440,2025-10-16 14:18:08,18,940.4,10,+RESP:
2025-10-16 14:16:00,2025-10-16 14:15:59,2025-10-16 14:15:55,385349,862689070136657,3849,GTERI,4.17,00008200,698407,14024,81,00,22,,,15,1,0724,0005,BFF7,06903409,78.4,98,411.4,-23.154810,-50.514868,937.7,,13,0,2,28,,,,,,,,,,,,,,,,1,96.3,94,485.4,-50.536817,-23.148958,2025-10-16 14:13:59,14,935.3,10,+RESP:
2025-10-16 14:13:57,2025-10-16 14:13:57,2025-10-16 14:13:57,385349,862689070136657,3847,GTSPD,4.17,,698407,14008,81,00,22,,,14,1,0724,0005,BFF7,0690340A,103.6,95,487.1,-23.148913,-50.537347,935.2,,,,,,,,,,,,,,,,,,,,,,,,,,,,,,,+RESP:
2025-10-16 14:13:40,2025-10-16 14:13:39,2025-10-16 14:13:39,385349,862689070136657,3845,GTSPD,4.17,,698407,14024,81,00,22,,,17,1,0724,0005,BFF7,0690340A,119.9,97,499.8,-23.148313,-50.543522,934.6,,,,,,,,,,,,,,,,,,,,,,,,,,,,,,,+RESP:
2025-10-16 14:13:01,2025-10-16 14:12:59,2025-10-16 14:12:55,385349,862689070136657,3844,GTERI,4.17,00008200,698407,14048,81,00,22,,,16,1,0724,0005,BFF7,0690340A,97.2,94,513.4,-23.147277,-50.555210,933.5,,12,0,2,28,,,,,,,,,,,,,,,,1,99.7,96,513.0,-50.557052,-23.147093,2025-10-16 14:12:48,13,933.2,10,+RESP:
2025-10-16 14:11:15,2025-10-16 14:11:14,2025-10-16 14:11:14,385349,862689070136657,3842,GTSPD,4.17,,698407,14008,81,00,22,,,12,1,0724,0005,BFF7,068FDE04,90.0,95,556.7,-23.145088,-50.579297,930.9,,,,,,,,,,,,,,,,,,,,,,,,,,,,,,,+RESP:
2025-10-16 14:11:08,2025-10-16 14:11:08,2025-10-16 14:11:08,385349,862689070136657,3841,GTSPD,4.17,,698407,14000,81,00,22,,,13,1,0724,0005,BFF7,068FDE04,112.4,96,561.4,-23.144902,-50.581048,930.7,,,,,,,,,,,,,,,,,,,,,,,,,,,,,,,+RESP:
2025-10-16 14:10:53,2025-10-16 14:10:53,2025-10-16 14:10:53,385349,862689070136657,3840,GTSPD,4.17,,698407,14024,81,00,22,,,15,1,0724,0005,BFF7,068FDE04,100.6,95,565.0,-23.144525,-50.585028,930.3,,,,,,,,,,,,,,,,,,,,,,,,,,,,,,,+RESP:
2025-10-16 14:10:19,2025-10-16 14:10:18,2025-10-16 14:10:18,385349,862689070136657,3839,GTSPD,4.17,,698407,14016,81,00,22,,,16,1,0724,0005,BFF7,068FDE04,114.9,50,554.1,-23.148767,-50.595502,929.0,,,,,,,,,,,,,,,,,,,,,,,,,,,,,,,+RESP:
2025-10-16 14:10:00,2025-10-16 14:09:59,2025-10-16 14:09:55,385349,862689070136657,3838,GTERI,4.17,00008200,698407,14008,81,00,22,,,17,1,0724,0005,BFF7,068FDE04,50.1,51,556.8,-23.151598,-50.599152,928.6,,18,0,2,3,,,,,,,,,,,,,,,,1,82.1,117,619.3,-50.616930,-23.174008,2025-10-16 14:07:01,13,925.3,10,+RESP:
2025-10-16 14:07:02,2025-10-16 14:06:59,2025-10-16 14:06:55,385349,862689070136657,3835,GTERI,4.18,00008200,698407,14040,81,00,22,,,15,1,0724,0005,BFF7,068FDE04,67.9,105,619.8,-23.173412,-50.618043,925.2,,17,0,2,3,,,,,,,,,,,,,,,,1,81.0,121,619.7,-50.617313,-23.173798,2025-10-16 14:06:59,15,925.3,10,+RESP:
2025-10-16 14:04:04,2025-10-16 14:04:04,2025-10-16 14:04:04,385349,862689070136657,3833,GTERI,4.17,00008200,698407,13919,81,00,22,,,7,1,0724,0005,BFF7,068FDE04,3.9,25,644.5,-23.174420,-50.627352,924.2,,23,0,2,3,,,,,,,,,,,,,,,,1,3.9,25,644.5,-50.627352,-23.174420,2025-10-16 14:04:04,7,924.2,10,+RESP:
2025-10-16 14:03:54,2025-10-16 14:03:53,2025-10-16 14:00:24,385349,862689070136657,3831,GTIGN,4.17,,698407,12889,81,00,22,,209,15,1,0724,0005,BFF7,068FDE04,0.0,174,645.2,-23.174527,-50.627403,924.2,,,,,,,,,,,,,,,,,,,,,,,,,,,,,,,+RESP:
2025-10-16 14:00:25,2025-10-16 14:00:24,2025-10-16 14:00:24,385349,862689070136657,3830,GTERI,4.17,00008200,698407,12785,80,00,12,,,15,1,0724,0005,BFF7,068FDE04,0.0,174,645.2,-23.174527,-50.627403,924.2,,23,0,2,3,,,,,,,,,,,,,,,,1,0.0,174,645.2,-50.627403,-23.174527,2025-10-16 14:00:24,15,924.2,10,+RESP:
2025-10-16 14:00:25,2025-10-16 14:00:24,2025-10-16 14:00:23,385349,862689070136657,3829,GTIGF,4.17,,698407,13613,80,00,12,955,,14,0,0724,0005,BFF7,068FDE04,0.0,174,645.2,-23.174527,-50.627403,924.2,,,,,,,,,,,,,,,,,,,,,,,,,,,,,,,+RESP:
2025-10-16 14:00:22,2025-10-16 14:00:12,,385349,862689070136657,3828,GTCRD
2025-10-16 14:00:22,2025-10-16 14:00:12,,385349,862689070136657,3827,GTCRD
2025-10-16 14:00:21,2025-10-16 14:00:12,,385349,862689070136657,3826,GTCRD
2025-10-16 14:00:21,2025-10-16 14:00:12,,385349,862689070136657,3825,GTCRD
2025-10-16 14:00:20,2025-10-16 14:00:11,,385349,862689070136657,3824,GTCRD
2025-10-16 14:00:20,2025-10-16 14:00:11,,385349,862689070136657,3823,GTCRD
2025-10-16 14:00:19,2025-10-16 14:00:11,,385349,862689070136657,3822,GTCRD
2025-10-16 14:00:19,2025-10-16 14:00:11,,385349,862689070136657,3821,GTCRD
2025-10-16 14:00:18,2025-10-16 14:00:11,,385349,862689070136657,3820,GTCRD
2025-10-16 14:00:18,2025-10-16 14:00:11,,385349,862689070136657,3819,GTCRD
2025-10-16 14:00:17,2025-10-16 14:00:11,,385349,862689070136657,3818,GTCRD
2025-10-16 14:00:16,2025-10-16 14:00:11,,385349,862689070136657,3817,GTCRD
2025-10-16 14:00:16,2025-10-16 14:00:11,,385349,862689070136657,3816,GTCRD
2025-10-16 14:00:16,2025-10-16 14:00:11,,385349,862689070136657,3815,GTCRD
2025-10-16 14:00:15,2025-10-16 14:00:11,,385349,862689070136657,3814,GTCRD
2025-10-16 14:00:15,2025-10-16 14:00:07,,385349,862689070136657,3813,GTCRD
2025-10-16 14:00:14,2025-10-16 14:00:07,,385349,862689070136657,3812,GTCRD
2025-10-16 14:00:13,2025-10-16 14:00:07,,385349,862689070136657,3811,GTCRD
2025-10-16 14:00:13,2025-10-16 14:00:07,,385349,862689070136657,3810,GTCRD
2025-10-16 14:00:13,2025-10-16 14:00:07,,385349,862689070136657,3809,GTCRD
2025-10-16 14:00:12,2025-10-16 14:00:07,,385349,862689070136657,3808,GTCRD
2025-10-16 14:00:11,2025-10-16 14:00:07,,385349,862689070136657,3807,GTCRD
2025-10-16 14:00:11,2025-10-16 14:00:07,,385349,862689070136657,3806,GTCRD
2025-10-16 14:00:10,2025-10-16 14:00:07,,385349,862689070136657,3805,GTCRD
2025-10-16 14:00:10,2025-10-16 14:00:07,,385349,862689070136657,3804,GTCRD
2025-10-16 14:00:09,2025-10-16 14:00:07,,385349,862689070136657,3803,GTCRD
2025-10-16 14:00:09,2025-10-16 14:00:07,,385349,862689070136657,3802,GTCRD
2025-10-16 14:00:08,2025-10-16 14:00:07,,385349,862689070136657,3801,GTCRD
2025-10-16 14:00:08,2025-10-16 14:00:07,,385349,862689070136657,3800,GTCRD
2025-10-16 14:00:08,2025-10-16 14:00:07,,385349,862689070136657,3799,GTCRD
2025-10-16 14:00:07,2025-10-16 14:00:07,,385349,862689070136657,3798,GTCRA
2025-10-16 13:59:40,2025-10-16 13:59:40,2025-10-16 13:59:35,385349,862689070136657,3797,GTERI,4.17,00008200,698407,14008,81,00,22,,,16,1,0724,0005,BFF7,068FDE04,22.3,35,642.1,-23.174467,-50.627587,924.2,,31,0,2,3,,,,,,,,,,,,,,,,1,52.4,105,637.0,-50.630557,-23.175602,2025-10-16 13:58:48,13,923.8,10,+RESP:
2025-10-16 13:56:40,2025-10-16 13:56:40,2025-10-16 13:56:35,385349,862689070136657,3795,GTERI,4.17,00008200,698407,13992,81,00,22,,,15,1,0724,0005,BFF7,068FDE06,26.2,93,685.4,-23.175668,-50.641727,922.6,,21,0,2,3,,,,,,,,,,,,,,,,1,48.0,15,673.8,-50.646663,-23.176727,2025-10-16 13:55:16,14,922.0,10,+RESP:
2025-10-16 13:53:40,2025-10-16 13:53:39,2025-10-16 13:53:35,385349,862689070136657,3792,GTERI,4.18,00008200,698407,14000,81,00,21,,,11,1,0724,0005,BFF7,06904E05,0.0,284,688.8,-23.181600,-50.648037,921.4,,23,0,2,3,,,,,,,,,,,,,,,,1,0.0,284,688.8,-50.648037,-23.181600,2025-10-16 13:53:39,11,921.5,10,+RESP:
2025-10-16 13:50:40,2025-10-16 13:50:40,2025-10-16 13:50:35,385349,862689070136657,3790,GTERI,4.18,00008200,698407,13943,81,00,21,,,11,1,0724,0005,BFF7,06904E05,0.0,284,688.8,-23.181600,-50.648037,921.4,,23,0,2,3,,,,,,,,,,,,,,,,1,0.0,284,688.8,-50.648037,-23.181600,2025-10-16 13:50:39,11,921.5,10,+RESP:
2025-10-16 13:47:41,2025-10-16 13:47:40,2025-10-16 13:47:35,385349,862689070136657,3787,GTERI,4.18,00008200,698407,13951,81,00,21,,,9,1,0724,0005,BFF7,06904E05,0.0,284,688.8,-23.181600,-50.648037,921.4,,25,0,2,3,,,,,,,,,,,,,,,,1,3.0,275,687.2,-50.648062,-23.181608,2025-10-16 13:44:53,10,921.5,10,+RESP:
2025-10-16 13:44:41,2025-10-16 13:44:41,2025-10-16 13:44:40,385349,862689070136657,3785,GTERI,4.16,00008200,698407,13943,81,00,21,,,7,1,0724,0005,BFF7,06904E05,2.1,333,683.7,-23.181618,-50.648050,921.4,,23,0,2,3,,,,,,,,,,,,,,,,1,2.1,333,683.7,-50.648050,-23.181618,2025-10-16 13:44:40,7,921.5,10,+RESP:
2025-10-16 13:44:30,2025-10-16 13:44:29,2025-10-16 13:21:54,385349,862689070136657,3783,GTIGN,4.16,,698407,12849,81,00,21,,1355,14,1,0724,0005,BFF7,06904E05,0.0,17,686.6,-23.181662,-50.648105,921.4,,,,,,,,,,,,,,,,,,,,,,,,,,,,,,,+RESP:
2025-10-16 13:22:05,2025-10-16 13:21:54,2025-10-16 13:21:54,385349,862689070136657,3782,GTERI,4.17,00008200,698407,12946,80,00,12,,,14,1,0724,0005,BFF7,06904E05,0.0,17,686.6,-23.181662,-50.648105,921.4,,27,0,2,3,,,,,,,,,,,,,,,,1,0.0,17,686.6,-50.648105,-23.181662,2025-10-16 13:21:54,14,921.4,10,+RESP:
2025-10-16 13:22:05,2025-10-16 13:21:54,2025-10-16 13:21:53,385349,862689070136657,3781,GTIGF,4.17,,698407,13951,80,00,12,3260,,14,0,0724,0005,BFF7,06904E05,0.0,17,686.6,-23.181662,-50.648105,921.4,,,,,,,,,,,,,,,,,,,,,,,,,,,,,,,+RESP:
2025-10-16 13:22:04,2025-10-16 13:21:53,,385349,862689070136657,3780,GTCRD
2025-10-16 13:22:04,2025-10-16 13:21:53,,385349,862689070136657,3779,GTCRD
2025-10-16 13:22:03,2025-10-16 13:21:53,,385349,862689070136657,3778,GTCRD
2025-10-16 13:22:03,2025-10-16 13:21:53,,385349,862689070136657,3777,GTCRD
2025-10-16 13:22:02,2025-10-16 13:21:53,,385349,862689070136657,3776,GTCRD
2025-10-16 13:22:02,2025-10-16 13:21:53,,385349,862689070136657,3775,GTCRD
2025-10-16 13:22:01,2025-10-16 13:21:53,,385349,862689070136657,3774,GTCRD
2025-10-16 13:22:01,2025-10-16 13:21:53,,385349,862689070136657,3773,GTCRD
2025-10-16 13:22:00,2025-10-16 13:21:53,,385349,862689070136657,3772,GTCRD
2025-10-16 13:22:00,2025-10-16 13:21:53,,385349,862689070136657,3771,GTCRD
2025-10-16 13:22:00,2025-10-16 13:21:53,,385349,862689070136657,3770,GTCRD
2025-10-16 13:21:59,2025-10-16 13:21:53,,385349,862689070136657,3769,GTCRD
2025-10-16 13:21:58,2025-10-16 13:21:53,,385349,862689070136657,3768,GTCRD
2025-10-16 13:21:58,2025-10-16 13:21:53,,385349,862689070136657,3767,GTCRD
2025-10-16 13:21:57,2025-10-16 13:21:53,,385349,862689070136657,3766,GTCRD
2025-10-16 13:21:57,2025-10-16 13:21:49,,385349,862689070136657,3765,GTCRD
2025-10-16 13:21:57,2025-10-16 13:21:49,,385349,862689070136657,3764,GTCRD
2025-10-16 13:21:56,2025-10-16 13:21:49,,385349,862689070136657,3763,GTCRD
2025-10-16 13:21:55,2025-10-16 13:21:49,,385349,862689070136657,3762,GTCRD
2025-10-16 13:21:55,2025-10-16 13:21:49,,385349,862689070136657,3761,GTCRD
2025-10-16 13:21:54,2025-10-16 13:21:49,,385349,862689070136657,3760,GTCRD
2025-10-16 13:21:54,2025-10-16 13:21:49,,385349,862689070136657,3759,GTCRD
2025-10-16 13:21:53,2025-10-16 13:21:49,,385349,862689070136657,3758,GTCRD
2025-10-16 13:21:53,2025-10-16 13:21:49,,385349,862689070136657,3757,GTCRD
2025-10-16 13:21:52,2025-10-16 13:21:49,,385349,862689070136657,3756,GTCRD
2025-10-16 13:21:52,2025-10-16 13:21:49,,385349,862689070136657,3755,GTCRD
2025-10-16 13:21:51,2025-10-16 13:21:49,,385349,862689070136657,3754,GTCRD
2025-10-16 13:21:51,2025-10-16 13:21:49,,385349,862689070136657,3753,GTCRD
2025-10-16 13:21:50,2025-10-16 13:21:49,,385349,862689070136657,3752,GTCRD
2025-10-16 13:21:50,2025-10-16 13:21:49,,385349,862689070136657,3751,GTCRD
2025-10-16 13:21:49,2025-10-16 13:21:49,,385349,862689070136657,3750,GTCRA
2025-10-16 13:21:45,2025-10-16 13:21:45,2025-10-16 13:21:40,385349,862689070136657,3748,GTERI,4.17,00008200,698407,13976,81,00,22,,,16,1,0724,0005,BFF7,06904E05,0.0,17,686.5,-23.181662,-50.648105,921.4,,22,0,2,3,,,,,,,,,,,,,,,,1,90.4,274,629.3,-50.637175,-23.182608,2025-10-16 13:18:51,16,919.8,10,+RESP:
2025-10-16 13:19:40,2025-10-16 13:18:44,2025-10-16 13:18:40,385349,862689070136657,3746,GTERI,4.17,00008200,698407,14032,81,00,22,,,17,1,0724,0005,BFF7,068FDE05,78.6,275,610.1,-23.182787,-50.634628,919.6,,20,0,2,3,,,,,,,,,,,,,,,,1,96.2,230,586.0,-50.631690,-23.181948,2025-10-16 13:18:24,18,919.2,10,+RESP:
2025-10-16 13:19:40,2025-10-16 13:15:44,2025-10-16 13:15:40,385349,862689070136657,3744,GTERI,4.17,00008200,698407,14016,81,00,22,,,19,1,0724,0005,BFF7,068FDE04,63.1,178,601.6,-23.170702,-50.613213,916.4,,21,0,2,3,,,,,,,,,,,,,,,,1,84.8,230,565.7,-50.597843,-23.150515,2025-10-16 13:12:47,21,913.5,10,+RESP:
2025-10-16 13:19:39,2025-10-16 13:12:44,2025-10-16 13:12:40,385349,862689070136657,3742,GTERI,4.17,00008200,698407,14040,81,00,22,,,21,1,0724,0005,BFF7,068FDE04,82.7,230,564.5,-23.149572,-50.596602,913.4,,19,0,2,3,,,,,,,,,,,,,,,,1,109.2,275,565.0,-50.573217,-23.145550,2025-10-16 13:10:53,21,910.7,10,+BUFF:
2025-10-16 13:09:52,2025-10-16 13:09:44,2025-10-16 13:09:40,385349,862689070136657,3740,GTERI,4.17,00008200,698407,14032,81,00,22,,,20,1,0724,0005,BFF7,0690B10A,102.6,275,518.8,-23.147360,-50.553703,908.8,,9,0,2,28,,,,,,,,,,,,,,,,1,108.3,275,517.1,-50.551420,-23.147558,2025-10-16 13:09:32,19,908.5,10,+RESP:
2025-10-16 13:08:35,2025-10-16 13:08:28,2025-10-16 13:08:28,385349,862689070136657,3738,GTSPD,4.17,,698407,14032,81,00,22,,,18,1,0724,0005,BFF7,0690340A,109.1,275,492.2,-23.149125,-50.534148,906.7,,,,,,,,,,,,,,,,,,,,,,,,,,,,,,,+RESP:
2025-10-16 13:08:22,2025-10-16 13:08:21,2025-10-16 13:08:21,385349,862689070136657,3737,GTSPD,4.17,,698407,14040,81,00,22,,,19,1,0724,0005,BFF7,0690340A,111.4,275,488.3,-23.149348,-50.532033,906.5,,,,,,,,,,,,,,,,,,,,,,,,,,,,,,,+RESP:
2025-10-16 13:06:49,2025-10-16 13:06:44,2025-10-16 13:06:40,385349,862689070136657,3735,GTERI,4.18,00008200,698407,14040,81,00,22,,,16,1,0724,0005,BFF7,06903409,63.9,278,424.2,-23.154698,-50.515183,904.7,,20,0,2,28,,,,,,,,,,,,,,,,1,90.5,243,428.8,-50.491322,-23.142772,2025-10-16 13:03:53,18,901.5,10,+RESP:
2025-10-16 13:03:52,2025-10-16 13:03:51,2025-10-16 13:03:51,385349,862689070136657,3733,GTSPD,4.18,,698407,14024,81,00,22,,,19,1,0724,0005,BFF7,06903409,99.2,243,428.5,-23.142582,-50.490867,901.4,,,,,,,,,,,,,,,,,,,,,,,,,,,,,,,+RESP:
2025-10-16 13:03:46,2025-10-16 13:03:44,2025-10-16 13:03:40,385349,862689070136657,3732,GTERI,4.18,00008200,698407,14040,81,00,22,,,19,1,0724,0005,BFF7,06903409,141.3,236,441.3,-23.140945,-50.487650,901.2,,9,0,2,28,,,,,,,,,,,,,,,,1,144.0,236,445.5,-50.473113,-23.132190,2025-10-16 13:02:54,18,899.3,10,+RESP:
2025-10-16 13:02:27,2025-10-16 13:02:23,2025-10-16 13:02:23,385349,862689070136657,3730,GTSPD,4.19,,698407,13984,81,00,22,,,17,1,0724,0005,FDAF,068FC806,112.3,256,391.5,-23.128285,-50.463093,898.1,,,,,,,,,,,,,,,,,,,,,,,,,,,,,,,+RESP:
2025-10-16 13:02:20,2025-10-16 13:02:19,2025-10-16 13:02:19,385349,862689070136657,3729,GTSPD,4.19,,698407,13976,81,00,22,,,18,1,0724,0005,FDAF,068FC806,105.7,255,384.6,-23.128020,-50.461960,898.0,,,,,,,,,,,,,,,,,,,,,,,,,,,,,,,+RESP:
2025-10-16 13:02:07,2025-10-16 13:01:50,2025-10-16 13:01:50,385349,862689070136657,3728,GTSPD,4.19,,698407,14024,81,00,22,,,18,1,0724,0005,FDAF,068FC806,111.2,288,384.8,-23.127858,-50.452410,897.0,,,,,,,,,,,,,,,,,,,,,,,,,,,,,,,+RESP:
2025-10-16 13:02:07,2025-10-16 13:01:50,2025-10-16 13:01:50,385349,862689070136657,3728,GTSPD,4.19,,698407,14024,81,00,22,,,18,1,0724,0005,FDAF,068FC806,111.2,288,384.8,-23.127858,-50.452410,897.0,,,,,,,,,,,,,,,,,,,,,,,,,,,,,,,+RESP:
2025-10-16 13:02:05,2025-10-16 13:01:50,2025-10-16 13:01:50,385349,862689070136657,3728,GTSPD,4.19,,698407,14024,81,00,22,,,18,1,0724,0005,FDAF,068FC806,111.2,288,384.8,-23.127858,-50.452410,897.0,,,,,,,,,,,,,,,,,,,,,,,,,,,,,,,+RESP:
2025-10-16 13:02:05,2025-10-16 13:01:50,2025-10-16 13:01:50,385349,862689070136657,3728,GTSPD,4.19,,698407,14024,81,00,22,,,18,1,0724,0005,FDAF,068FC806,111.2,288,384.8,-23.127858,-50.452410,897.0,,,,,,,,,,,,,,,,,,,,,,,,,,,,,,,+RESP:
2025-10-16 13:00:45,2025-10-16 13:00:44,2025-10-16 13:00:40,385349,862689070136657,3726,GTERI,4.19,00008200,698407,14008,81,00,22,,,20,1,0724,0005,FDAF,068FC806,83.0,278,405.1,-23.131303,-50.438207,895.6,,11,0,2,3,,,,,,,,,,,,,,,,1,92.2,279,404.1,-50.436785,-23.131492,2025-10-16 13:00:34,20,895.4,10,+RESP:
2025-10-16 13:00:25,2025-10-16 12:59:58,2025-10-16 12:59:58,385349,862689070136657,3725,GTSPD,4.19,,698407,13992,81,00,22,,,18,1,0724,0005,FDAF,068FC806,94.0,277,418.7,-23.132700,-50.428775,894.5,,,,,,,,,,,,,,,,,,,,,,,,,,,,,,,+RESP:
2025-10-16 13:00:00,2025-10-16 12:59:58,2025-10-16 12:59:58,385349,862689070136657,3725,GTSPD,4.19,,698407,13992,81,00,22,,,18,1,0724,0005,FDAF,068FC806,94.0,277,418.7,-23.132700,-50.428775,894.5,,,,,,,,,,,,,,,,,,,,,,,,,,,,,,,+RESP:
2025-10-16 12:58:56,2025-10-16 12:58:55,2025-10-16 12:58:55,385349,862689070136657,3723,GTSPD,4.19,,698407,14024,81,00,22,,,19,1,0724,0005,FDAF,068FC805,116.5,277,469.0,-23.135923,-50.406623,892.2,,,,,,,,,,,,,,,,,,,,,,,,,,,,,,,+RESP:
2025-10-16 12:57:45,2025-10-16 12:57:44,2025-10-16 12:57:40,385349,862689070136657,3722,GTERI,4.19,00008200,698407,14000,81,00,22,,,18,1,0724,0005,FDAF,068FC805,76.5,250,466.9,-23.131437,-50.394460,890.9,,19,0,2,3,,,,,,,,,,,,,,,,1,96.1,251,447.9,-50.387962,-23.129510,2025-10-16 12:57:10,19,890.1,10,+RESP:
2025-10-16 12:56:38,2025-10-16 12:54:44,2025-10-16 12:54:40,385349,862689070136657,3720,GTERI,4.18,00008200,698407,13959,81,00,22,,,19,1,0724,0005,BFF7,068FC72D,36.6,224,397.0,-23.117800,-50.375398,888.2,,31,0,2,3,,,,,,,,,,,,,,,,1,61.6,252,410.3,-50.371622,-23.109910,2025-10-16 12:52:23,17,887.1,10,+RESP:
2025-10-16 12:51:53,2025-10-16 12:51:44,2025-10-16 12:51:40,385349,862689070136657,3718,GTERI,4.18,00008200,698407,13935,81,00,22,,,18,1,0724,0005,BFF7,068FC72D,0.0,170,428.7,-23.109060,-50.368872,886.8,,28,0,2,3,,,,,,,,,,,,,,,,1,47.3,162,432.4,-50.369755,-23.106573,2025-10-16 12:49:58,17,886.5,10,+RESP:
2025-10-16 12:48:46,2025-10-16 12:48:44,2025-10-16 12:48:40,385349,862689070136657,3715,GTERI,4.18,00008200,698407,13927,81,00,22,,,14,1,0724,0005,BFF7,068FC72D,0.0,333,429.5,-23.104800,-50.370312,886.3,,9,0,2,3,,,,,,,,,,,,,,,,1,56.8,236,441.4,-50.361000,-23.105473,2025-10-16 12:45:46,16,885.0,10,+RESP:
2025-10-16 12:47:44,2025-10-16 12:45:44,2025-10-16 12:45:40,385349,862689070136657,3713,GTERI,4.18,00008200,698407,13976,81,00,22,,,16,1,0724,0005,BFF7,068FC72C,66.5,237,439.2,-23.104947,-50.360142,884.9,,15,0,2,3,,,,,,,,,,,,,,,,1,93.0,276,388.4,-50.349465,-23.104255,2025-10-16 12:44:49,15,883.7,10,+RESP:
2025-10-16 12:43:00,2025-10-16 12:42:44,2025-10-16 12:42:40,385349,862689070136657,3710,GTERI,4.18,00008200,698407,13967,81,00,22,,,13,1,0724,0005,BFF7,068FC72C,75.5,333,424.0,-23.116365,-50.328752,881.2,,8,0,2,3,,,,,,,,,,,,,,,,1,107.0,225,380.3,-50.314853,-23.107063,2025-10-16 12:40:45,14,878.4,10,+RESP:
2025-10-16 12:42:58,2025-10-16 12:42:44,2025-10-16 12:42:40,385349,862689070136657,3710,GTERI,4.18,00008200,698407,13967,81,00,22,,,13,1,0724,0005,BFF7,068FC72C,75.5,333,424.0,-23.116365,-50.328752,881.2,,8,0,2,3,,,,,,,,,,,,,,,,1,107.0,225,380.3,-50.314853,-23.107063,2025-10-16 12:40:45,14,878.4,10,+RESP:
2025-10-16 12:40:09,2025-10-16 12:40:08,2025-10-16 12:40:08,385349,862689070136657,3708,GTSPD,4.18,,698407,13959,81,00,22,,,13,1,0724,0005,C2B3,06908B0A,106.7,225,360.9,-23.100527,-50.307652,877.4,,,,,,,,,,,,,,,,,,,,,,,,,,,,,,,+RESP:
2025-10-16 12:39:47,2025-10-16 12:39:44,2025-10-16 12:39:40,385349,862689070136657,3707,GTERI,4.18,00008200,698407,13951,81,00,22,,,12,1,0724,0005,C2B3,06908B0A,126.3,226,377.3,-23.094875,-50.301392,876.6,,10,0,2,28,,,,,,,,,,,,,,,,1,129.4,226,377.3,-50.301143,-23.094655,2025-10-16 12:39:39,12,876.4,10,+RESP:
2025-10-16 12:39:35,2025-10-16 12:39:34,2025-10-16 12:39:34,385349,862689070136657,3706,GTSPD,4.18,,698407,13959,81,00,22,,,13,1,0724,0005,C2B3,06908B0A,118.0,226,376.5,-23.093575,-50.299917,876.2,,,,,,,,,,,,,,,,,,,,,,,,,,,,,,,+RESP:
2025-10-16 12:37:16,2025-10-16 12:37:09,2025-10-16 12:37:09,385349,862689070136657,3703,GTSPD,4.17,,698407,13959,81,00,22,,,16,1,0724,0005,C2B3,06908B08,106.8,217,455.1,-23.075637,-50.268358,872.1,,,,,,,,,,,,,,,,,,,,,,,,,,,,,,,+RESP:
2025-10-16 12:36:53,2025-10-16 12:36:44,2025-10-16 12:36:40,385349,862689070136657,3702,GTERI,4.17,00008200,698407,13951,81,00,22,,,13,1,0724,0005,BFF7,068FC72C,117.0,217,471.6,-23.069078,-50.263037,871.3,,12,0,2,3,,,,,,,,,,,,,,,,1,117.0,217,471.6,-50.263037,-23.069078,2025-10-16 12:36:40,14,871.2,10,+RESP:
2025-10-16 12:36:47,2025-10-16 12:36:36,2025-10-16 12:36:36,385349,862689070136657,3701,GTSPD,4.17,,698407,13959,81,00,22,,,15,1,0724,0005,BFF7,068FB206,115.4,224,473.8,-23.068158,-50.262213,871.1,,,,,,,,,,,,,,,,,,,,,,,,,,,,,,,+RESP:
2025-10-16 12:33:45,2025-10-16 12:33:44,2025-10-16 12:33:40,385349,862689070136657,3699,GTERI,4.16,00008200,698407,13951,81,00,22,,,12,1,0724,0005,BFF7,068FB206,90.7,217,461.3,-23.050430,-50.238332,868.0,,21,0,2,3,,,,,,,,,,,,,,,,1,91.6,216,458.8,-50.238933,-23.051160,2025-10-16 12:33:44,12,868.1,10,+RESP:
2025-10-16 12:30:45,2025-10-16 12:30:44,2025-10-16 12:30:40,385349,862689070136657,3696,GTERI,4.14,00008200,698407,13855,81,00,21,,,12,1,0724,0005,BFF7,068FB204,0.0,354,470.7,-23.042120,-50.226268,866.2,,12,0,2,3,,,,,,,,,,,,,,,,1,34.9,46,477.7,-50.226257,-23.043317,2025-10-16 12:28:36,13,866.1,10,+RESP:
2025-10-16 12:27:48,2025-10-16 12:27:47,2025-10-16 12:27:47,385349,862689070136657,3694,GTERI,4.04,00008200,698407,13895,81,00,22,,,5,1,0724,0005,BFF7,068FB204,2.4,168,479.6,-23.044877,-50.227002,865.8,,20,0,2,3,,,,,,,,,,,,,,,,1,2.4,168,479.6,-50.227002,-23.044877,2025-10-16 12:27:47,5,865.9,10,+RESP:
2025-10-16 12:27:34,2025-10-16 12:27:34,2025-10-16 11:51:08,385349,862689070136657,3692,GTIGN,4.04,,698407,12720,81,00,22,,9245,17,1,0724,0005,BFF7,068FB204,0.0,246,494.3,-23.044795,-50.227143,865.8,,,,,,,,,,,,,,,,,,,,,,,,,,,,,,,+RESP:
2025-10-16 11:53:30,2025-10-16 11:53:30,2025-10-16 11:51:08,385349,862689070136657,3691,GTERI,4.05,00008200,698407,12954,80,00,11,,,17,1,0724,0005,BFF7,068FB204,0.0,246,494.3,-23.044795,-50.227143,865.8,,22,0,2,3,,,,,,,,,,,,,,,,1,0.0,246,494.3,-50.227143,-23.044795,2025-10-16 11:51:08,17,865.8,10,+RESP:
2025-10-16 10:53:33,2025-10-16 10:53:30,2025-10-16 10:51:10,385349,862689070136657,3690,GTERI,4.07,00008200,698407,12946,80,00,11,,,11,1,0724,0005,BFF7,068FB204,0.0,246,494.3,-23.044795,-50.227143,865.8,,24,0,2,3,,,,,,,,,,,,,,,,1,0.0,246,494.3,-50.227143,-23.044795,2025-10-16 10:51:10,11,865.8,10,+RESP:
2025-10-16 09:53:34,2025-10-16 09:53:30,2025-10-16 09:53:30,385349,862689070136657,3689,GTERI,4.18,00008200,698407,12897,80,00,12,,,13,1,0724,0005,BFF7,068FB204,0.0,246,494.3,-23.044795,-50.227143,865.8,,25,0,2,3,,,,,,,,,,,,,,,,1,0.0,246,494.3,-50.227143,-23.044795,2025-10-16 09:53:30,13,865.8,10,+RESP:
2025-10-16 09:53:34,2025-10-16 09:53:29,2025-10-16 09:53:29,385349,862689070136657,3688,GTIGF,4.18,,698407,12913,80,00,12,156,,13,0,0724,0005,BFF7,068FB204,0.0,246,494.3,-23.044795,-50.227143,865.8,,,,,,,,,,,,,,,,,,,,,,,,,,,,,,,+RESP:
2025-10-16 09:53:33,2025-10-16 09:53:22,,385349,862689070136657,3687,GTCRD
2025-10-16 09:53:33,2025-10-16 09:53:22,,385349,862689070136657,3686,GTCRD
2025-10-16 09:53:32,2025-10-16 09:53:22,,385349,862689070136657,3685,GTCRD
2025-10-16 09:53:32,2025-10-16 09:53:22,,385349,862689070136657,3684,GTCRD
2025-10-16 09:53:31,2025-10-16 09:53:22,,385349,862689070136657,3683,GTCRD
2025-10-16 09:53:31,2025-10-16 09:53:22,,385349,862689070136657,3682,GTCRD
2025-10-16 09:53:31,2025-10-16 09:53:22,,385349,862689070136657,3681,GTCRD
2025-10-16 09:53:30,2025-10-16 09:53:22,,385349,862689070136657,3680,GTCRD
2025-10-16 09:53:30,2025-10-16 09:53:22,,385349,862689070136657,3679,GTCRD
2025-10-16 09:53:29,2025-10-16 09:53:22,,385349,862689070136657,3678,GTCRD
2025-10-16 09:53:28,2025-10-16 09:53:22,,385349,862689070136657,3677,GTCRD
2025-10-16 09:53:28,2025-10-16 09:53:22,,385349,862689070136657,3676,GTCRD
2025-10-16 09:53:28,2025-10-16 09:53:22,,385349,862689070136657,3675,GTCRD
2025-10-16 09:53:27,2025-10-16 09:53:22,,385349,862689070136657,3674,GTCRD
2025-10-16 09:53:26,2025-10-16 09:53:22,,385349,862689070136657,3673,GTCRD
2025-10-16 09:53:26,2025-10-16 09:53:18,,385349,862689070136657,3672,GTCRD
2025-10-16 09:53:25,2025-10-16 09:53:18,,385349,862689070136657,3671,GTCRD
2025-10-16 09:53:25,2025-10-16 09:53:18,,385349,862689070136657,3670,GTCRD
2025-10-16 09:53:25,2025-10-16 09:53:18,,385349,862689070136657,3669,GTCRD
2025-10-16 09:53:24,2025-10-16 09:53:18,,385349,862689070136657,3668,GTCRD
2025-10-16 09:53:23,2025-10-16 09:53:18,,385349,862689070136657,3667,GTCRD
2025-10-16 09:53:22,2025-10-16 09:53:18,,385349,862689070136657,3666,GTCRD
2025-10-16 09:53:22,2025-10-16 09:53:18,,385349,862689070136657,3665,GTCRD
2025-10-16 09:53:21,2025-10-16 09:53:18,,385349,862689070136657,3664,GTCRD
2025-10-16 09:53:21,2025-10-16 09:53:18,,385349,862689070136657,3663,GTCRD
2025-10-16 09:53:20,2025-10-16 09:53:18,,385349,862689070136657,3662,GTCRD
2025-10-16 09:53:20,2025-10-16 09:53:18,,385349,862689070136657,3661,GTCRD
2025-10-16 09:53:19,2025-10-16 09:53:18,,385349,862689070136657,3660,GTCRD
2025-10-16 09:53:19,2025-10-16 09:53:18,,385349,862689070136657,3659,GTCRD
2025-10-16 09:53:19,2025-10-16 09:53:18,,385349,862689070136657,3658,GTCRD
2025-10-16 09:53:18,2025-10-16 09:53:18,,385349,862689070136657,3657,GTCRA
2025-10-16 09:51:13,2025-10-16 09:51:12,2025-10-16 09:51:12,385349,862689070136657,3655,GTERI,4.10,00008200,698407,13927,81,00,22,,,11,1,0724,0005,BFF7,068FB204,17.2,25,488.7,-23.045083,-50.231738,864.9,,19,0,2,3,,,,,,,,,,,,,,,,1,17.2,25,488.7,-50.231738,-23.045083,2025-10-16 09:51:12,11,865.0,10,+RESP:
2025-10-16 09:50:54,2025-10-16 09:50:53,2025-10-16 09:48:02,385349,862689070136657,3653,GTIGN,4.09,,698407,12793,81,00,21,,172,6,1,0724,0005,BFF7,068FB204,10.4,44,489.1,-23.045573,-50.232218,864.9,,,,,,,,,,,,,,,,,,,,,,,,,,,,,,,+RESP:
2025-10-16 09:48:16,2025-10-16 09:48:02,2025-10-16 09:48:02,385349,862689070136657,3652,GTERI,4.10,00008200,698407,13903,80,00,12,,,6,1,0724,0005,BFF7,068FB204,10.4,44,489.1,-23.045573,-50.232218,864.9,,20,0,2,3,,,,,,,,,,,,,,,,1,10.4,44,489.1,-50.232218,-23.045573,2025-10-16 09:48:02,6,864.9,10,+RESP:
2025-10-16 09:48:16,2025-10-16 09:48:01,2025-10-16 09:48:01,385349,862689070136657,3651,GTIGF,4.10,,698407,13927,80,00,12,17,,9,0,0724,0005,BFF7,068FB204,10.4,44,489.1,-23.045573,-50.232218,864.9,,,,,,,,,,,,,,,,,,,,,,,,,,,,,,,+RESP:
2025-10-16 09:48:14,2025-10-16 09:48:00,2025-10-16 09:48:00,385349,862689070136657,3650,GTERI,4.10,00008200,698407,13927,81,00,22,,,9,1,0724,0005,BFF7,068FB204,11.0,41,489.3,-23.045577,-50.232242,864.9,,22,0,2,3,,,,,,,,,,,,,,,,1,11.0,41,489.3,-50.232242,-23.045577,2025-10-16 09:48:00,9,864.9,10,+RESP:
2025-10-16 09:47:56,2025-10-16 09:47:44,2025-10-16 09:43:06,385349,862689070136657,3648,GTIGN,4.09,,698407,12938,81,00,22,,279,13,1,0724,0005,BFF7,068FB204,0.0,318,491.2,-23.045880,-50.231878,864.9,,,,,,,,,,,,,,,,,,,,,,,,,,,,,,,+RESP:
2025-10-16 09:43:06,2025-10-16 09:43:06,2025-10-16 09:43:06,385349,862689070136657,3647,GTERI,4.18,00008200,698407,13613,80,00,12,,,13,1,0724,0005,BFF7,068FB204,0.0,318,491.2,-23.045880,-50.231878,864.9,,24,0,2,3,,,,,,,,,,,,,,,,1,0.0,318,491.2,-50.231878,-23.045880,2025-10-16 09:43:06,13,864.9,10,+RESP:
2025-10-16 09:43:06,2025-10-16 09:43:05,2025-10-16 09:43:05,385349,862689070136657,3646,GTIGF,4.18,,698407,13823,80,00,12,158,,13,0,0724,0005,BFF7,068FB204,0.0,318,491.2,-23.045880,-50.231878,864.9,,,,,,,,,,,,,,,,,,,,,,,,,,,,,,,+RESP:
2025-10-16 09:40:40,2025-10-16 09:40:39,2025-10-16 09:40:39,385349,862689070136657,3644,GTERI,4.08,00008200,698407,12366,81,00,22,,,9,1,0724,0005,BFF7,068FB204,12.6,243,492.7,-23.045015,-50.227188,864.2,,27,0,2,3,,,,,,,,,,,,,,,,1,12.6,243,492.7,-50.227188,-23.045015,2025-10-16 09:40:39,9,864.3,10,+RESP:
2025-10-16 09:40:28,2025-10-16 09:40:27,2025-10-16 09:00:49,385349,862689070136657,3642,GTIGN,4.08,,698407,11932,81,00,22,,9438,9,1,0724,0005,BFF7,068FB204,0.0,49,490.2,-23.044763,-50.227152,864.2,,,,,,,,,,,,,,,,,,,,,,,,,,,,,,,+RESP:
2025-10-16 09:03:10,2025-10-16 09:03:10,2025-10-16 09:00:49,385349,862689070136657,3641,GTERI,4.09,00008200,698407,12921,80,00,11,,,9,1,0724,0005,BFF7,068FB204,0.0,49,490.2,-23.044763,-50.227152,864.2,,24,0,2,3,,,,,,,,,,,,,,,,1,0.0,49,490.2,-50.227152,-23.044763,2025-10-16 09:00:49,9,864.2,10,+RESP:
2025-10-16 08:03:10,2025-10-16 08:03:09,2025-10-16 08:00:48,385349,862689070136657,3640,GTERI,4.13,00008200,698407,12930,80,00,11,,,10,1,0724,0005,BFF7,068FB204,0.0,49,490.2,-23.044763,-50.227152,864.2,,22,0,2,3,,,,,,,,,,,,,,,,1,0.0,49,490.2,-50.227152,-23.044763,2025-10-16 08:00:48,10,864.2,10,+RESP:
2025-10-16 07:03:10,2025-10-16 07:03:10,2025-10-16 07:03:10,385349,862689070136657,3639,GTERI,4.19,00008200,698407,13356,80,00,11,,,13,1,0724,0005,BFF7,068FB204,0.0,49,490.2,-23.044763,-50.227152,864.2,,26,0,2,3,,,,,,,,,,,,,,,,1,0.0,49,490.2,-50.227152,-23.044763,2025-10-16 07:03:10,13,864.2,10,+RESP:
2025-10-16 07:03:10,2025-10-16 07:03:09,2025-10-16 07:03:09,385349,862689070136657,3638,GTIGF,4.19,,698407,13718,80,00,11,96,,12,0,0724,0005,BFF7,068FB204,0.0,49,490.2,-23.044763,-50.227152,864.2,,,,,,,,,,,,,,,,,,,,,,,,,,,,,,,+RESP:
2025-10-16 07:01:53,2025-10-16 07:01:52,2025-10-16 07:01:52,385349,862689070136657,3637,GTERI,4.19,00008200,698407,12994,81,00,22,,,8,1,0724,0005,BFF7,068FB204,2.0,122,486.1,-23.044778,-50.227210,864.2,,25,0,2,3,,,,,,,,,,,,,,,,1,2.0,122,486.1,-50.227210,-23.044778,2025-10-16 07:01:52,8,864.3,10,+RESP:
2025-10-16 07:01:35,2025-10-16 07:01:34,2025-10-16 06:44:11,385349,862689070136657,3635,GTIGN,4.19,,698407,11731,81,00,21,,44854,14,1,0724,0005,BFF7,068FB204,0.4,0,457.9,-23.044758,-50.227443,864.2,,,,,,,,,,,,,,,,,,,,,,,,,,,,,,,+RESP:
2025-10-16 06:44:11,2025-10-16 06:44:11,2025-10-16 06:44:11,385349,862689070136657,3634,GTERI,4.19,00008200,698407,12704,80,00,11,,,14,1,0724,0005,BFF7,068FB204,0.4,0,457.9,-23.044758,-50.227443,864.2,,20,0,2,3,,,,,,,,,,,,,,,,1,0.4,0,457.9,-50.227443,-23.044758,2025-10-16 06:44:11,14,864.2,10,+RESP:
2025-10-16 06:44:11,2025-10-16 06:44:11,2025-10-16 06:44:11,385349,862689070136657,3633,GTRTL,4.19,,698407,12704,80,00,11,,,14,1,0724,0005,BFF7,068FB204,0.4,0,457.9,-23.044758,-50.227443,864.2,,,,,,,,,,,,,,,,,,,,,,,,,,,,,,,+RESP:
2025-10-16 06:43:43,2025-10-16 06:42:57,2025-10-16 06:42:56,385349,862689070136657,3632,GTDOG,,,,,,,,,,,,,,,,,,,,,,,,,,,,,,,,,,
2025-10-16 06:43:42,2025-10-16 06:33:48,2025-10-16 06:31:27,385349,862689070136657,3631,GTERI,4.19,00008200,698407,12736,80,00,11,,,8,1,0724,0005,C2B3,06908B08,0.0,265,482.2,-23.044937,-50.227272,864.2,,6,0,2,28,,,,,,,,,,,,,,,,1,0.0,265,482.2,-50.227272,-23.044937,2025-10-16 06:31:27,8,864.2,10,+BUFF:
2025-10-16 05:33:47,2025-10-16 05:33:48,2025-10-16 05:31:26,385349,862689070136657,3630,GTERI,3.87,00008200,698407,12921,80,00,11,,,10,1,0724,0005,BFF7,068FB204,0.0,265,482.2,-23.044937,-50.227272,864.2,,22,0,2,3,,,,,,,,,,,,,,,,1,0.0,265,482.2,-50.227272,-23.044937,2025-10-16 05:31:26,10,864.2,10,+RESP:
2025-10-16 04:33:48,2025-10-16 04:33:48,2025-10-16 04:31:27,385349,862689070136657,3629,GTERI,3.89,00008200,698407,12930,80,00,11,,,10,1,0724,0005,BFF7,068FB204,0.0,265,482.2,-23.044937,-50.227272,864.2,,20,0,2,3,,,,,,,,,,,,,,,,1,0.0,265,482.2,-50.227272,-23.044937,2025-10-16 04:31:27,10,864.2,10,+RESP:
2025-10-16 03:33:48,2025-10-16 03:33:48,2025-10-16 03:31:27,385349,862689070136657,3628,GTERI,3.91,00008200,698407,12938,80,00,11,,,12,1,0724,0005,BFF7,068FB204,0.0,265,482.2,-23.044937,-50.227272,864.2,,20,0,2,3,,,,,,,,,,,,,,,,1,0.0,265,482.2,-50.227272,-23.044937,2025-10-16 03:31:27,12,864.2,10,+RESP:
2025-10-16 02:33:48,2025-10-16 02:33:48,2025-10-16 02:31:26,385349,862689070136657,3627,GTERI,3.93,00008200,698407,12946,80,00,11,,,10,1,0724,0005,BFF7,068FB204,0.0,265,482.2,-23.044937,-50.227272,864.2,,22,0,2,3,,,,,,,,,,,,,,,,1,0.0,265,482.2,-50.227272,-23.044937,2025-10-16 02:31:26,10,864.2,10,+RESP:
2025-10-16 01:33:48,2025-10-16 01:33:48,2025-10-16 01:31:27,385349,862689070136657,3626,GTERI,3.95,00008200,698407,12954,80,00,11,,,8,1,0724,0005,BFF7,068FB204,0.0,265,482.2,-23.044937,-50.227272,864.2,,22,0,2,3,,,,,,,,,,,,,,,,1,0.0,265,482.2,-50.227272,-23.044937,2025-10-16 01:31:27,8,864.2,10,+RESP:
2025-10-16 00:33:48,2025-10-16 00:33:48,2025-10-16 00:31:26,385349,862689070136657,3625,GTERI,3.98,00008200,698407,12962,80,00,11,,,10,1,0724,0005,BFF7,068FB204,0.0,265,482.2,-23.044937,-50.227272,864.2,,22,0,2,3,,,,,,,,,,,,,,,,1,0.0,265,482.2,-50.227272,-23.044937,2025-10-16 00:31:26,10,864.2,10,+RESP:
2025-10-15 23:33:48,2025-10-15 23:33:48,2025-10-15 23:31:31,385349,862689070136657,3624,GTERI,4.03,00008200,698407,12978,80,00,11,,,9,1,0724,0005,BFF7,068FB204,0.0,265,482.2,-23.044937,-50.227272,864.2,,21,0,2,3,,,,,,,,,,,,,,,,1,0.0,265,482.2,-50.227272,-23.044937,2025-10-15 23:31:31,9,864.2,10,+RESP:
2025-10-15 22:33:48,2025-10-15 22:33:48,2025-10-15 22:31:27,385349,862689070136657,3623,GTERI,4.06,00008200,698407,12986,80,00,11,,,11,1,0724,0005,BFF7,068FB204,0.0,265,482.2,-23.044937,-50.227272,864.2,,22,0,2,3,,,,,,,,,,,,,,,,1,0.0,265,482.2,-50.227272,-23.044937,2025-10-15 22:31:27,11,864.2,10,+RESP:
2025-10-15 21:33:48,2025-10-15 21:33:48,2025-10-15 21:31:28,385349,862689070136657,3622,GTERI,4.08,00008200,698407,12994,80,00,11,,,8,1,0724,0005,BFF7,068FB204,0.0,265,482.2,-23.044937,-50.227272,864.2,,21,0,2,3,,,,,,,,,,,,,,,,1,0.0,265,482.2,-50.227272,-23.044937,2025-10-15 21:31:28,8,864.2,10,+RESP:
2025-10-15 20:33:48,2025-10-15 20:33:48,2025-10-15 20:31:35,385349,862689070136657,3621,GTERI,4.11,00008200,698407,13018,80,00,11,,,9,1,0724,0005,BFF7,068FB204,0.0,265,482.2,-23.044937,-50.227272,864.2,,22,0,2,3,,,,,,,,,,,,,,,,1,0.0,265,482.2,-50.227272,-23.044937,2025-10-15 20:31:35,9,864.2,10,+RESP:
2025-10-15 19:48:35,2025-10-15 19:48:35,2025-10-15 19:31:28,385349,862689070136657,3620,GTINF,4.13,,698407,13010,80,00,11,,,,,,,,,,,,,,,,21,0,,,89551808170105429139,1,0,1,+0000,0
2025-10-15 19:33:48,2025-10-15 19:33:48,2025-10-15 19:31:28,385349,862689070136657,3619,GTERI,4.13,00008200,698407,13034,80,00,11,,,7,1,0724,0005,BFF7,068FB204,0.0,265,482.2,-23.044937,-50.227272,864.2,,21,0,2,3,,,,,,,,,,,,,,,,1,0.0,265,482.2,-50.227272,-23.044937,2025-10-15 19:31:28,7,864.2,10,+RESP:
2025-10-15 18:33:49,2025-10-15 18:33:50,2025-10-15 18:33:49,385349,862689070136657,3618,GTERI,4.18,00008200,698407,12970,80,00,12,,,9,1,0724,0005,BFF7,068FB204,0.0,265,482.2,-23.044937,-50.227272,864.2,,16,0,2,3,,,,,,,,,,,,,,,,1,0.0,265,482.2,-50.227272,-23.044937,2025-10-15 18:33:49,9,864.2,10,+RESP:
2025-10-15 18:33:48,2025-10-15 18:33:49,2025-10-15 18:33:48,385349,862689070136657,3617,GTIGF,4.18,,698407,14008,80,00,12,144,,7,0,0724,0005,BFF7,068FB204,0.0,265,482.2,-23.044937,-50.227272,864.2,,,,,,,,,,,,,,,,,,,,,,,,,,,,,,,+RESP:
2025-10-15 18:31:40,2025-10-15 18:31:40,2025-10-15 18:31:40,385349,862689070136657,3615,GTERI,4.16,00008200,698407,13959,81,00,22,,,7,1,0724,0005,BFF7,068FB204,0.9,242,485.0,-23.042225,-50.226353,863.8,,11,0,2,3,,,,,,,,,,,,,,,,1,0.9,242,485.0,-50.226353,-23.042225,2025-10-15 18:31:40,7,863.8,10,+RESP:
2025-10-15 18:31:25,2025-10-15 18:31:25,2025-10-15 18:24:05,385349,862689070136657,3613,GTIGN,4.16,,698407,12873,81,00,21,,440,8,1,0724,0005,BFF7,068FB204,0.0,144,480.9,-23.042182,-50.226427,863.8,,,,,,,,,,,,,,,,,,,,,,,,,,,,,,,+RESP:
2025-10-15 18:24:05,2025-10-15 18:24:06,2025-10-15 18:24:05,385349,862689070136657,3612,GTERI,4.18,00008200,698407,13525,80,00,12,,,8,1,0724,0005,BFF7,068FB204,0.0,144,480.9,-23.042182,-50.226427,863.8,,8,0,2,3,,,,,,,,,,,,,,,,1,0.0,144,480.9,-50.226427,-23.042182,2025-10-15 18:24:05,8,863.8,10,+RESP:
2025-10-15 18:24:05,2025-10-15 18:24:05,2025-10-15 18:24:04,385349,862689070136657,3611,GTIGF,4.18,,698407,14008,80,00,12,274,,8,0,0724,0005,BFF7,068FB204,0.0,144,480.9,-23.042182,-50.226427,863.8,,,,,,,,,,,,,,,,,,,,,,,,,,,,,,,+RESP:
2025-10-15 18:22:38,2025-10-15 18:22:38,2025-10-15 18:22:33,385349,862689070136657,3609,GTERI,4.18,00008200,698407,14048,81,00,22,,,9,1,0724,0005,BFF7,068FB204,24.2,226,466.5,-23.040342,-50.224068,863.4,,19,0,2,3,,,,,,,,,,,,,,,,1,32.7,236,452.2,-50.220952,-23.038133,2025-10-15 18:21:18,9,863.0,10,+RESP:
2025-10-15 18:19:41,2025-10-15 18:19:40,2025-10-15 18:19:40,385349,862689070136657,3607,GTERI,4.15,00008200,698407,13911,81,00,21,,,6,1,0724,0005,BFF7,068FB204,2.1,256,453.5,-23.035087,-50.219232,862.4,,6,0,2,3,,,,,,,,,,,,,,,,1,2.1,256,453.5,-50.219232,-23.035087,2025-10-15 18:19:40,6,862.4,10,+RESP:
2025-10-15 18:19:32,2025-10-15 18:19:31,2025-10-15 18:16:07,385349,862689070136657,3605,GTIGN,4.15,,698407,13058,81,00,21,,204,10,1,0724,0005,BFF7,068FB204,0.0,57,454.8,-23.035062,-50.219253,862.4,,,,,,,,,,,,,,,,,,,,,,,,,,,,,,,+RESP:
2025-10-15 18:16:08,2025-10-15 18:16:08,2025-10-15 18:16:07,385349,862689070136657,3604,GTERI,4.18,00008200,698407,13895,80,00,12,,,10,1,0724,0005,BFF7,068FB204,0.0,57,454.8,-23.035062,-50.219253,862.4,,9,0,2,3,,,,,,,,,,,,,,,,1,0.0,57,454.8,-50.219253,-23.035062,2025-10-15 18:16:07,10,862.4,10,+RESP:
2025-10-15 18:16:07,2025-10-15 18:16:07,2025-10-15 18:16:06,385349,862689070136657,3603,GTIGF,4.18,,698407,13959,80,00,12,196,,10,0,0724,0005,BFF7,068FB204,0.0,57,454.8,-23.035062,-50.219253,862.4,,,,,,,,,,,,,,,,,,,,,,,,,,,,,,,+RESP:
2025-10-15 18:16:03,2025-10-15 18:16:03,2025-10-15 18:15:57,385349,862689070136657,3602,GTERI,4.18,00008200,698407,14024,81,00,22,,,9,1,0724,0005,BFF7,068FB204,26.5,54,454.7,-23.035168,-50.219467,862.4,,9,0,2,3,,,,,,,,,,,,,,,,1,35.0,327,450.4,-50.221313,-23.037313,2025-10-15 18:14:53,8,862.1,10,+RESP:
2025-10-15 18:13:04,2025-10-15 18:13:04,2025-10-15 18:13:04,385349,862689070136657,3600,GTERI,4.14,00008200,698407,13976,81,00,22,,,9,1,0724,0005,BFF7,068FB204,20.6,42,480.1,-23.041113,-50.224892,861.4,,15,0,2,3,,,,,,,,,,,,,,,,1,20.6,42,480.1,-50.224892,-23.041113,2025-10-15 18:13:04,9,861.4,10,+RESP:
2025-10-15 18:12:51,2025-10-15 18:12:51,2025-10-15 18:06:13,385349,862689070136657,3598,GTIGN,4.14,,698407,12994,81,00,21,,398,12,1,0724,0005,BFF7,068FB204,0.0,36,474.2,-23.041302,-50.225040,861.4,,,,,,,,,,,,,,,,,,,,,,,,,,,,,,,+RESP:
2025-10-15 18:06:13,2025-10-15 18:06:14,2025-10-15 18:06:13,385349,862689070136657,3597,GTERI,4.18,00008200,698407,12841,80,00,12,,,12,1,0724,0005,BFF7,068FB204,0.0,36,474.2,-23.041302,-50.225040,861.4,,19,0,2,3,,,,,,,,,,,,,,,,1,0.0,36,474.2,-50.225040,-23.041302,2025-10-15 18:06:13,12,861.4,10,+RESP:
2025-10-15 18:06:13,2025-10-15 18:06:13,2025-10-15 18:06:12,385349,862689070136657,3596,GTIGF,4.18,,698407,14024,80,00,12,460,,9,0,0724,0005,BFF7,068FB204,0.0,36,474.2,-23.041302,-50.225040,861.4,,,,,,,,,,,,,,,,,,,,,,,,,,,,,,,+RESP:
2025-10-15 18:04:42,2025-10-15 18:04:43,2025-10-15 18:04:38,385349,862689070136657,3595,GTERI,4.18,00008200,698407,14016,81,00,22,,,12,1,0724,0005,BFF7,068FB204,28.5,46,500.5,-23.044842,-50.229097,860.9,,23,0,2,3,,,,,,,,,,,,,,,,1,31.7,316,494.2,-50.230958,-23.047268,2025-10-15 18:03:32,8,860.5,10,+RESP:
2025-10-15 18:01:43,2025-10-15 18:01:43,2025-10-15 18:01:37,385349,862689070136657,3592,GTERI,4.17,00008200,698407,14008,81,00,22,,,10,1,0724,0005,BFF7,068FB204,20.0,18,465.9,-23.050722,-50.232052,860.0,,29,0,2,3,,,,,,,,,,,,,,,,1,55.9,291,471.3,-50.228265,-23.054593,2025-10-15 17:59:49,13,859.3,10,+RESP:
2025-10-15 17:58:45,2025-10-15 17:58:46,2025-10-15 17:58:45,385349,862689070136657,3590,GTERI,4.11,00008200,698407,13959,81,00,22,,,9,1,0724,0005,BFF7,068FB205,7.3,200,462.7,-23.056213,-50.225998,858.9,,18,0,2,3,,,,,,,,,,,,,,,,1,7.3,200,462.7,-50.225998,-23.056213,2025-10-15 17:58:45,9,858.9,10,+RESP:
2025-10-15 17:58:33,2025-10-15 17:58:33,2025-10-15 17:32:01,385349,862689070136657,3588,GTIGN,4.10,,698407,12857,81,00,22,,1592,11,1,0724,0005,BFF7,068FB205,0.0,205,495.2,-23.056125,-50.225912,858.9,,,,,,,,,,,,,,,,,,,,,,,,,,,,,,,+RESP:
2025-10-15 17:39:33,2025-10-15 17:32:02,2025-10-15 17:32:01,385349,862689070136657,3587,GTERI,4.18,00008200,698407,13992,80,00,12,,,11,1,0724,0003,A3AB,0187142C,0.0,205,495.2,-23.056125,-50.225912,858.9,,31,0,3,28,,,,,,,,,,,,,,,,1,0.0,205,495.2,-50.225912,-23.056125,2025-10-15 17:32:01,11,858.9,10,+RESP:
2025-10-15 17:39:33,2025-10-15 17:32:01,2025-10-15 17:32:00,385349,862689070136657,3586,GTIGF,4.18,,698407,14000,80,00,12,474,,11,0,0724,0003,A3AB,0187142C,0.0,205,495.2,-23.056125,-50.225912,858.9,,,,,,,,,,,,,,,,,,,,,,,,,,,,,,,+RESP:
2025-10-15 17:39:32,2025-10-15 17:30:18,2025-10-15 17:30:13,385349,862689070136657,3585,GTERI,4.18,00008200,698407,14016,81,00,22,,,12,1,0724,0003,A3AB,0187142C,27.1,112,486.0,-23.052215,-50.226682,858.3,,31,0,3,28,,,,,,,,,,,,,,,,1,43.6,111,479.8,-50.228913,-23.051372,2025-10-15 17:29:40,11,858.1,10,+RESP:
2025-10-15 17:39:32,2025-10-15 17:27:18,2025-10-15 17:27:13,385349,862689070136657,3584,GTERI,4.18,00008200,698407,13976,81,00,22,,,8,1,0724,0003,A3AB,0187142C,12.4,227,429.7,-23.048297,-50.231258,857.5,,31,0,3,28,,,,,,,,,,,,,,,,1,39.2,227,439.4,-50.229165,-23.046482,2025-10-15 17:26:10,8,857.2,10,+RESP:
2025-10-15 17:39:31,2025-10-15 17:24:20,2025-10-15 17:24:20,385349,862689070136657,3583,GTERI,4.09,00008200,698407,13943,81,00,22,,,7,1,0724,0003,A3AB,0187142C,4.9,207,470.7,-23.044867,-50.227262,856.9,,31,0,3,28,,,,,,,,,,,,,,,,1,4.9,207,470.7,-50.227262,-23.044867,2025-10-15 17:24:20,7,856.9,10,+RESP:
2025-10-15 17:39:31,2025-10-15 17:24:07,2025-10-15 17:12:45,385349,862689070136657,3581,GTIGN,4.09,,698407,12897,81,00,22,,682,14,1,0724,0003,A3AB,0187142C,0.0,88,492.5,-23.044810,-50.227237,856.9,,,,,,,,,,,,,,,,,,,,,,,,,,,,,,,+RESP:
2025-10-15 17:39:30,2025-10-15 17:12:46,2025-10-15 17:12:45,385349,862689070136657,3580,GTERI,4.17,00008200,698407,12720,80,00,11,,,14,1,0724,0003,A3AB,0187142C,0.0,88,492.5,-23.044810,-50.227237,856.9,,5,0,3,28,,,,,,,,,,,,,,,,1,0.0,88,492.5,-50.227237,-23.044810,2025-10-15 17:12:45,14,856.9,10,+RESP:
2025-10-15 17:39:30,2025-10-15 17:12:45,2025-10-15 17:12:44,385349,862689070136657,3579,GTIGF,4.17,,698407,12785,80,00,11,2131,,14,0,0724,0003,A3AB,0187142C,0.0,88,492.5,-23.044810,-50.227237,856.9,,,,,,,,,,,,,,,,,,,,,,,,,,,,,,,+RESP:
2025-10-15 17:39:29,2025-10-15 17:11:53,2025-10-15 17:11:47,385349,862689070136657,3578,GTERI,4.17,00008200,698407,13943,81,00,22,,,13,1,0724,0003,A3AB,0187142C,0.0,271,492.9,-23.044847,-50.227270,856.9,,31,0,3,28,,,,,,,,,,,,,,,,1,41.0,46,477.2,-50.229103,-23.046580,2025-10-15 17:10:16,14,856.7,10,+RESP:
2025-10-15 17:39:29,2025-10-15 17:08:53,2025-10-15 17:08:48,385349,862689070136657,3577,GTERI,4.17,00008200,698407,13976,81,00,22,,,13,1,0724,0003,A3AB,0187142C,14.5,23,482.2,-23.048510,-50.231105,856.3,,31,0,3,28,,,,,,,,,,,,,,,,1,44.1,292,485.9,-50.229743,-23.050938,2025-10-15 17:06:57,14,855.9,10,+RESP:
2025-10-15 17:39:28,2025-10-15 17:05:53,2025-10-15 17:05:48,385349,862689070136657,3576,GTERI,4.17,00008200,698407,13976,81,00,22,,,15,1,0724,0003,A3AB,0187142C,0.0,10,489.0,-23.053020,-50.224577,855.3,,31,0,3,28,,,,,,,,,,,,,,,,1,48.3,293,492.3,-50.224812,-23.055887,2025-10-15 17:04:28,13,854.9,10,+BUFF:
2025-10-15 17:39:27,2025-10-15 17:02:53,2025-10-15 17:02:48,385349,862689070136657,3575,GTERI,4.17,00008200,698407,14008,81,00,22,,,14,1,0724,0003,A3AB,0187142C,35.9,274,495.5,-23.058735,-50.216777,854.1,,7,0,3,28,,,,,,,,,,,,,,,,1,72.4,311,494.2,-50.203903,-23.074555,2025-10-15 17:00:35,15,851.8,10,+BUFF:
2025-10-15 17:39:27,2025-10-15 16:59:53,2025-10-15 16:59:48,385349,862689070136657,3574,GTERI,4.17,00008200,698407,14008,81,00,22,,,15,1,0724,0003,A3AB,0187142C,75.1,251,511.5,-23.077380,-50.196702,851.0,,7,0,3,28,,,,,,,,,,,,,,,,1,102.8,354,522.3,-50.183315,-23.083680,2025-10-15 16:58:03,14,848.9,10,+BUFF:
2025-10-15 17:39:27,2025-10-15 16:56:52,2025-10-15 16:56:47,385349,862689070136657,3573,GTERI,4.17,00008200,698407,14016,81,00,22,,,13,1,0724,0005,BFF7,068FB205,85.7,335,460.2,-23.100282,-50.183382,847.0,,3,0,2,3,,,,,,,,,,,,,,,,1,104.3,351,438.1,-50.181713,-23.103840,2025-10-15 16:56:28,13,846.5,10,+BUFF:
2025-10-15 17:39:26,2025-10-15 16:53:52,2025-10-15 16:53:48,385349,862689070136657,3572,GTERI,4.17,00008200,698407,14016,81,00,22,,,15,1,0724,0005,BFF7,068FB205,96.3,358,410.0,-23.136518,-50.172922,842.7,,3,0,2,3,,,,,,,,,,,,,,,,1,106.1,357,424.8,-50.169080,-23.160942,2025-10-15 16:52:04,16,839.7,10,+BUFF:
2025-10-15 17:39:25,2025-10-15 16:50:52,2025-10-15 16:50:48,385349,862689070136657,3571,GTERI,4.17,00008200,698407,14016,81,00,22,,,12,1,0724,0005,BFF7,068FB205,99.6,305,431.3,-23.174915,-50.166442,838.1,,3,0,2,3,,,,,,,,,,,,,,,,1,105.6,327,435.1,-50.165135,-23.176205,2025-10-15 16:50:41,12,837.8,10,+BUFF:
2025-10-15 17:39:25,2025-10-15 16:49:05,2025-10-15 16:49:05,385349,862689070136657,3570,GTSPD,4.17,,698407,14008,81,00,22,,,12,1,0724,0005,BFF7,068FB205,101.4,13,523.8,-23.191278,-50.157150,835.8,,,,,,,,,,,,,,,,,,,,,,,,,,,,,,,+BUFF:
2025-10-15 17:39:25,2025-10-15 16:48:41,2025-10-15 16:48:41,385349,862689070136657,3569,GTSPD,4.17,,698407,14000,81,00,22,,,14,1,0724,0005,BFF7,068FB205,113.4,5,551.9,-23.198697,-50.159050,835.0,,,,,,,,,,,,,,,,,,,,,,,,,,,,,,,+BUFF:
2025-10-15 17:39:24,2025-10-15 16:48:16,2025-10-15 16:48:16,385349,862689070136657,3568,GTSPD,4.17,,698407,14016,81,00,22,,,12,1,0724,0005,BFF7,068FB108,108.3,319,557.1,-23.204650,-50.157727,834.3,,,,,,,,,,,,,,,,,,,,,,,,,,,,,,,+BUFF:
2025-10-15 17:39:23,2025-10-15 16:48:10,2025-10-15 16:48:10,385349,862689070136657,3567,GTSPD,4.17,,698407,14048,81,00,22,,,13,1,0724,0005,BFF7,068FB108,113.6,318,556.4,-23.205968,-50.156507,834.1,,,,,,,,,,,,,,,,,,,,,,,,,,,,,,,+BUFF:
2025-10-15 17:39:23,2025-10-15 16:47:55,2025-10-15 16:47:55,385349,862689070136657,3566,GTERI,4.17,00008200,698407,14040,81,00,22,,,11,1,0724,0005,BFF7,068FB108,69.5,355,556.5,-23.208512,-50.154305,833.8,,8,0,2,28,,,,,,,,,,,,,,,,1,69.5,355,556.5,-50.154305,-23.208512,2025-10-15 16:47:55,11,833.8,10,+BUFF:
2025-10-15 17:39:23,2025-10-15 16:47:55,2025-10-15 16:47:55,385349,862689070136657,3565,GTRTL,4.17,,698407,14040,81,00,22,,,11,1,0724,0005,BFF7,068FB108,69.5,355,556.5,-23.208512,-50.154305,833.8,,,,,,,,,,,,,,,,,,,,,,,,,,,,,,,+BUFF:
2025-10-15 17:39:22,2025-10-15 16:46:59,2025-10-15 16:46:59,385349,862689070136657,3564,GTDOG,,,,,,,,,,,,,,,,,,,,,,,,,,,,,,,,,,
2025-10-15 17:39:21,2025-10-15 16:46:25,2025-10-15 16:46:20,385349,862689070136657,3563,GTERI,4.17,00008200,698407,14016,81,00,22,,,16,1,0724,0005,BFF7,068FB205,87.0,319,577.3,-23.216487,-50.141870,832.0,,10,0,2,3,,,,,,,,,,,,,,,,1,108.9,316,583.6,-50.121690,-23.232070,2025-10-15 16:44:17,15,828.9,10,+BUFF:
2025-10-15 17:39:21,2025-10-15 16:43:25,2025-10-15 16:43:20,385349,862689070136657,3562,GTERI,4.17,00008200,698407,14008,81,00,22,,,12,1,0724,0005,BFF7,068FB205,81.4,298,604.4,-23.243157,-50.117958,827.5,,5,0,2,3,,,,,,,,,,,,,,,,1,86.1,338,639.4,-50.104575,-23.249835,2025-10-15 16:42:00,16,825.8,10,+BUFF:
2025-10-15 17:39:20,2025-10-15 16:40:25,2025-10-15 16:40:20,385349,862689070136657,3560,GTERI,4.17,00008200,698407,14016,81,00,22,,,16,1,0724,0005,BFF7,06903508,78.2,334,639.5,-23.262582,-50.091368,823.8,,19,0,2,28,,,,,,,,,,,,,,,,1,99.9,296,626.6,-50.089112,-23.271305,2025-10-15 16:39:33,13,822.7,10,+BUFF:
2025-10-15 17:39:20,2025-10-15 16:39:31,2025-10-15 16:39:31,385349,862689070136657,3559,GTSPD,4.17,,698407,14000,81,00,22,,,13,1,0724,0005,BFF7,06903508,108.9,292,626.5,-23.271532,-50.088610,822.6,,,,,,,,,,,,,,,,,,,,,,,,,,,,,,,+BUFF:
2025-10-15 17:39:19,2025-10-15 16:39:29,2025-10-15 16:39:29,385349,862689070136657,3558,GTSPD,4.17,,698407,13992,81,00,22,,,15,1,0724,0005,BFF7,06903508,111.5,292,625.7,-23.271777,-50.088082,822.5,,,,,,,,,,,,,,,,,,,,,,,,,,,,,,,+BUFF:
2025-10-15 17:39:19,2025-10-15 16:39:23,2025-10-15 16:39:23,385349,862689070136657,3557,GTSPD,4.17,,698407,13992,81,00,22,,,14,1,0724,0005,BFF7,06903508,106.8,280,624.8,-23.272307,-50.086423,822.3,,,,,,,,,,,,,,,,,,,,,,,,,,,,,,,+BUFF:
2025-10-15 17:39:18,2025-10-15 16:39:16,2025-10-15 16:39:16,385349,862689070136657,3556,GTSPD,4.17,,698407,13992,81,00,22,,,14,1,0724,0005,BFF7,06903508,114.7,274,621.5,-23.272448,-50.084368,822.1,,,,,,,,,,,,,,,,,,,,,,,,,,,,,,,+BUFF:
2025-10-15 17:39:18,2025-10-15 16:39:14,2025-10-15 16:39:14,385349,862689070136657,3555,GTSPD,4.17,,698407,14000,81,00,22,,,14,1,0724,0005,BFF7,06903508,109.6,275,619.3,-23.272473,-50.083770,822.1,,,,,,,,,,,,,,,,,,,,,,,,,,,,,,,+BUFF:
2025-10-15 17:39:17,2025-10-15 16:38:58,2025-10-15 16:38:58,385349,862689070136657,3554,GTSPD,4.17,,698407,14048,81,00,22,,,14,1,0724,0005,BFF7,06903508,113.8,295,599.8,-23.274058,-50.078972,821.5,,,,,,,,,,,,,,,,,,,,,,,,,,,,,,,+BUFF:
2025-10-15 17:39:17,2025-10-15 16:37:27,2025-10-15 16:37:26,385349,862689070136657,3552,GTERI,4.17,00008200,698407,14024,81,00,22,,,9,1,0724,0005,BFF7,06903508,70.6,308,502.3,-23.277992,-50.062418,819.8,,15,0,2,28,,,,,,,,,,,,,,,,1,70.6,308,502.3,-50.062418,-23.277992,2025-10-15 16:37:26,9,819.8,10,+BUFF:
2025-10-15 17:39:16,2025-10-15 16:37:27,2025-10-15 16:37:26,385349,862689070136657,3551,GTRTL,4.17,,698407,14024,81,00,22,,,9,1,0724,0005,BFF7,06903508,70.6,308,502.3,-23.277992,-50.062418,819.8,,,,,,,,,,,,,,,,,,,,,,,,,,,,,,,+BUFF:
2025-10-15 17:39:16,2025-10-15 16:36:16,2025-10-15 16:36:12,385349,862689070136657,3550,GTERI,4.17,00008200,698407,14016,81,00,22,,,14,1,0724,0005,BFF7,0690B909,59.6,5,487.2,-23.282062,-50.055915,819.5,,31,0,2,28,,,,,,,,,,,,,,,,1,68.3,34,484.1,-50.059133,-23.288022,2025-10-15 16:35:14,13,818.7,10,+BUFF:
2025-10-15 17:39:15,2025-10-15 16:36:11,2025-10-15 16:36:11,385349,862689070136657,3549,GTDOG,,,,,,,,,,,,,,,,,,,,,,,,,,,,,,,,,,
2025-10-15 17:39:15,2025-10-15 16:33:16,2025-10-15 16:33:12,385349,862689070136657,3547,GTERI,4.17,00008200,698407,14000,81,00,22,,,13,1,0724,0005,BFF7,0690B909,39.4,38,479.9,-23.297588,-50.068818,817.3,,31,0,2,28,,,,,,,,,,,,,,,,1,86.4,1,490.2,-50.070067,-23.306768,2025-10-15 16:31:52,13,816.2,10,+BUFF:
2025-10-15 17:39:14,2025-10-15 16:30:16,2025-10-15 16:30:11,385349,862689070136657,3545,GTERI,4.18,00008200,698407,14016,81,00,22,,,11,1,0724,0005,BFF7,0690B909,72.1,348,461.2,-23.321862,-50.067740,814.6,,15,0,2,28,,,,,,,,,,,,,,,,1,94.6,7,446.9,-50.066800,-23.334498,2025-10-15 16:28:57,14,813.1,10,+BUFF:
2025-10-15 17:39:14,2025-10-15 16:27:16,2025-10-15 16:27:12,385349,862689070136657,3543,GTERI,4.19,00008200,698407,14000,81,00,22,,,13,1,0724,0005,BFF7,06903509,54.8,338,504.6,-23.351238,-50.062667,811.1,,7,0,2,28,,,,,,,,,,,,,,,,1,98.4,343,499.3,-50.062320,-23.377502,2025-10-15 16:24:21,10,808.0,10,+BUFF:
2025-10-15 17:39:13,2025-10-15 16:24:19,2025-10-15 16:24:19,385349,862689070136657,3542,GTERI,4.19,00008200,698407,14024,81,00,22,,,10,1,0724,0005,BFF7,0690B909,104.6,344,495.8,-23.377983,-50.062163,808.0,,7,0,2,28,,,,,,,,,,,,,,,,1,104.6,344,495.8,-50.062163,-23.377983,2025-10-15 16:24:19,10,808.0,10,+BUFF:
2025-10-15 17:39:13,2025-10-15 16:24:19,2025-10-15 16:24:19,385349,862689070136657,3541,GTRTL,4.19,,698407,14024,81,00,22,,,10,1,0724,0005,BFF7,0690B909,104.6,344,495.8,-23.377983,-50.062163,808.0,,,,,,,,,,,,,,,,,,,,,,,,,,,,,,,+BUFF:
2025-10-15 17:39:12,2025-10-15 16:23:24,2025-10-15 16:23:24,385349,862689070136657,3540,GTDOG,,,,,,,,,,,,,,,,,,,,,,,,,,,,,,,,,,
2025-10-15 17:39:12,2025-10-15 16:21:34,2025-10-15 16:21:30,385349,862689070136657,3539,GTERI,4.19,00008200,698407,14008,81,00,22,,,14,1,0724,0005,0607,4ECA,78.4,338,527.7,-23.392622,-50.041963,805.4,,12,0,1,900,,,,,,,,,,,,,,,,1,109.7,335,514.7,-50.035678,-23.408792,2025-10-15 16:20:10,14,803.4,10,+BUFF:
2025-10-15 17:39:11,2025-10-15 16:20:09,2025-10-15 16:20:09,385349,862689070136657,3538,GTSPD,4.19,,698407,14000,81,00,22,,,14,1,0724,0005,0607,4ECA,109.6,334,514.1,-23.409037,-50.035548,803.3,,,,,,,,,,,,,,,,,,,,,,,,,,,,,,,+BUFF:
2025-10-15 17:39:11,2025-10-15 16:20:06,2025-10-15 16:20:06,385349,862689070136657,3537,GTSPD,4.19,,698407,14000,81,00,22,,,14,1,0724,0005,0607,4ECA,110.6,334,514.0,-23.409793,-50.035173,803.2,,,,,,,,,,,,,,,,,,,,,,,,,,,,,,,+BUFF:
2025-10-15 17:39:10,2025-10-15 16:19:55,2025-10-15 16:19:55,385349,862689070136657,3536,GTSPD,4.19,,698407,14000,81,00,22,,,14,1,0724,0005,0607,4ECA,109.0,317,515.0,-23.412315,-50.033290,802.9,,,,,,,,,,,,,,,,,,,,,,,,,,,,,,,+BUFF:
2025-10-15 17:39:10,2025-10-15 16:19:32,2025-10-15 16:19:32,385349,862689070136657,3535,GTSPD,4.19,,698407,13992,81,00,22,,,14,1,0724,0005,0607,4ECA,110.4,325,513.6,-23.417063,-50.028783,802.2,,,,,,,,,,,,,,,,,,,,,,,,,,,,,,,+BUFF:
2025-10-15 17:39:09,2025-10-15 16:19:27,2025-10-15 16:19:27,385349,862689070136657,3534,GTSPD,4.19,,698407,14000,81,00,22,,,15,1,0724,0005,0607,4ECA,109.7,325,514.8,-23.418202,-50.027975,802.0,,,,,,,,,,,,,,,,,,,,,,,,,,,,,,,+BUFF:
2025-10-15 17:39:09,2025-10-15 16:19:24,2025-10-15 16:19:24,385349,862689070136657,3533,GTSPD,4.19,,698407,14000,81,00,22,,,15,1,0724,0005,0607,4ECA,110.2,325,515.7,-23.418883,-50.027450,801.9,,,,,,,,,,,,,,,,,,,,,,,,,,,,,,,+BUFF:
2025-10-15 17:39:08,2025-10-15 16:19:14,2025-10-15 16:19:14,385349,862689070136657,3532,GTSPD,4.19,,698407,14008,81,00,22,,,14,1,0724,0005,0607,4ECA,109.3,325,512.1,-23.421147,-50.025765,801.6,,,,,,,,,,,,,,,,,,,,,,,,,,,,,,,+BUFF:
2025-10-15 17:39:08,2025-10-15 16:19:12,2025-10-15 16:19:12,385349,862689070136657,3531,GTSPD,4.19,,698407,14000,81,00,22,,,14,1,0724,0005,0607,4ECA,110.4,325,512.4,-23.421598,-50.025428,801.6,,,,,,,,,,,,,,,,,,,,,,,,,,,,,,,+BUFF:
2025-10-15 17:39:07,2025-10-15 16:19:07,2025-10-15 16:19:07,385349,862689070136657,3530,GTSPD,4.19,,698407,14000,81,00,22,,,14,1,0724,0005,0607,4ECA,109.9,326,512.5,-23.422748,-50.024573,801.4,,,,,,,,,,,,,,,,,,,,,,,,,,,,,,,+BUFF:
2025-10-15 17:39:07,2025-10-15 16:19:03,2025-10-15 16:19:03,385349,862689070136657,3529,GTSPD,4.19,,698407,14000,81,00,22,,,13,1,0724,0005,0607,4ECA,110.3,325,512.9,-23.423660,-50.023907,801.3,,,,,,,,,,,,,,,,,,,,,,,,,,,,,,,+BUFF:
2025-10-15 17:39:06,2025-10-15 16:18:51,2025-10-15 16:18:51,385349,862689070136657,3528,GTSPD,4.19,,698407,13992,81,00,22,,,15,1,0724,0005,0607,4ECA,110.0,325,511.0,-23.426418,-50.021918,800.9,,,,,,,,,,,,,,,,,,,,,,,,,,,,,,,+BUFF:
2025-10-15 17:39:06,2025-10-15 16:18:44,2025-10-15 16:18:44,385349,862689070136657,3527,GTSPD,4.19,,698407,14000,81,00,22,,,14,1,0724,0005,0607,4ECA,113.6,326,516.8,-23.428018,-50.020698,800.7,,,,,,,,,,,,,,,,,,,,,,,,,,,,,,,+BUFF:
2025-10-15 17:39:05,2025-10-15 16:18:34,2025-10-15 16:18:30,385349,862689070136657,3526,GTERI,4.19,00008200,698407,14008,81,00,22,,,14,1,0724,0005,0607,4ECA,83.9,326,522.2,-23.430750,-50.018703,800.4,,12,0,1,900,,,,,,,,,,,,,,,,1,95.1,325,521.4,-50.017432,-23.432480,2025-10-15 16:18:20,13,800.1,10,+BUFF:
2025-10-15 17:39:05,2025-10-15 16:18:18,2025-10-15 16:18:18,385349,862689070136657,3525,GTSPD,4.18,,698407,13992,81,00,22,,,14,1,0724,0005,0607,4ECA,103.0,325,520.9,-23.432900,-50.017115,800.1,,,,,,,,,,,,,,,,,,,,,,,,,,,,,,,+BUFF:
2025-10-15 17:39:04,2025-10-15 16:18:14,2025-10-15 16:18:14,385349,862689070136657,3524,GTSPD,4.18,,698407,13992,81,00,22,,,15,1,0724,0005,0607,4ECA,111.1,325,520.9,-23.433808,-50.016443,799.9,,,,,,,,,,,,,,,,,,,,,,,,,,,,,,,+BUFF:
2025-10-15 17:39:04,2025-10-15 16:18:05,2025-10-15 16:18:05,385349,862689070136657,3522,GTSPD,4.18,,698407,14000,81,00,22,,,14,1,0724,0005,0607,4ECA,110.0,325,522.7,-23.435835,-50.014972,799.7,,,,,,,,,,,,,,,,,,,,,,,,,,,,,,,+BUFF:
2025-10-15 17:39:03,2025-10-15 16:17:31,2025-10-15 16:17:31,385349,862689070136657,3521,GTSPD,4.18,,698407,13967,81,00,22,,,14,1,0724,0005,BFF7,068FF106,111.2,325,532.7,-23.443705,-50.009128,798.6,,,,,,,,,,,,,,,,,,,,,,,,,,,,,,,+BUFF:
2025-10-15 17:39:03,2025-10-15 16:17:29,2025-10-15 16:17:29,385349,862689070136657,3520,GTSPD,4.18,,698407,13967,81,00,22,,,14,1,0724,0005,BFF7,068FF106,110.0,325,530.3,-23.444165,-50.008780,798.5,,,,,,,,,,,,,,,,,,,,,,,,,,,,,,,+BUFF:
2025-10-15 17:39:02,2025-10-15 16:17:17,2025-10-15 16:17:17,385349,862689070136657,3519,GTSPD,4.18,,698407,13967,81,00,22,,,14,1,0724,0005,BFF7,068FF106,110.8,324,523.2,-23.446908,-50.006792,798.2,,,,,,,,,,,,,,,,,,,,,,,,,,,,,,,+BUFF:
2025-10-15 17:39:02,2025-10-15 16:17:15,2025-10-15 16:17:15,385349,862689070136657,3518,GTSPD,4.18,,698407,13967,81,00,22,,,13,1,0724,0005,BFF7,068FF106,109.8,326,523.3,-23.447358,-50.006418,798.1,,,,,,,,,,,,,,,,,,,,,,,,,,,,,,,+BUFF:
2025-10-15 17:39:01,2025-10-15 16:16:58,2025-10-15 16:16:58,385349,862689070136657,3517,GTSPD,4.18,,698407,13992,81,00,22,,,13,1,0724,0005,BFF7,068FF106,110.8,325,535.6,-23.451272,-50.003567,797.6,,,,,,,,,,,,,,,,,,,,,,,,,,,,,,,+BUFF:
2025-10-15 17:39:01,2025-10-15 16:16:49,2025-10-15 16:16:49,385349,862689070136657,3516,GTSPD,4.18,,698407,13976,81,00,22,,,14,1,0724,0005,BFF7,068FF106,109.6,325,535.7,-23.453335,-50.002043,797.3,,,,,,,,,,,,,,,,,,,,,,,,,,,,,,,+BUFF:
2025-10-15 17:39:00,2025-10-15 16:16:25,2025-10-15 16:16:24,385349,862689070136657,3515,GTSPD,4.18,,698407,13976,81,00,22,,,15,1,0724,0005,BFF7,068FF106,112.0,292,546.7,-23.458217,-49.996830,796.5,,,,,,,,,,,,,,,,,,,,,,,,,,,,,,,+BUFF:
2025-10-15 17:39:00,2025-10-15 16:16:21,2025-10-15 16:16:20,385349,862689070136657,3514,GTSPD,4.18,,698407,14008,81,00,22,,,15,1,0724,0005,BFF7,068FF106,109.6,291,542.5,-23.458650,-49.995730,796.4,,,,,,,,,,,,,,,,,,,,,,,,,,,,,,,+BUFF:
2025-10-15 17:38:59,2025-10-15 16:16:14,2025-10-15 16:16:14,385349,862689070136657,3513,GTSPD,4.18,,698407,14000,81,00,22,,,13,1,0724,0005,BFF7,068FF106,113.5,293,540.1,-23.459317,-49.994037,796.2,,,,,,,,,,,,,,,,,,,,,,,,,,,,,,,+BUFF:
2025-10-15 17:38:59,2025-10-15 16:15:58,2025-10-15 16:15:58,385349,862689070136657,3512,GTSPD,4.18,,698407,13984,81,00,22,,,13,1,0724,0005,BFF7,068FF106,102.6,291,543.1,-23.460805,-49.989965,795.8,,,,,,,,,,,,,,,,,,,,,,,,,,,,,,,+BUFF:
2025-10-15 17:38:58,2025-10-15 16:15:51,2025-10-15 16:15:51,385349,862689070136657,3511,GTSPD,4.18,,698407,13992,81,00,22,,,13,1,0724,0005,BFF7,068FF106,111.3,292,536.3,-23.461518,-49.988057,795.6,,,,,,,,,,,,,,,,,,,,,,,,,,,,,,,+BUFF:
2025-10-15 17:38:58,2025-10-15 16:15:42,2025-10-15 16:15:42,385349,862689070136657,3510,GTSPD,4.18,,698407,13984,81,00,22,,,14,1,0724,0005,BFF7,068FF106,109.8,303,530.6,-23.462767,-49.985728,795.3,,,,,,,,,,,,,,,,,,,,,,,,,,,,,,,+BUFF:
2025-10-15 17:38:57,2025-10-15 16:15:35,2025-10-15 16:15:35,385349,862689070136657,3508,GTSPD,4.18,,698407,13959,81,00,22,,,14,1,0724,0005,BFF7,068FF106,111.4,304,524.8,-23.463883,-49.984010,795.1,,,,,,,,,,,,,,,,,,,,,,,,,,,,,,,+BUFF:
2025-10-15 17:38:57,2025-10-15 16:15:34,2025-10-15 16:15:30,385349,862689070136657,3507,GTERI,4.18,00008200,698407,13959,81,00,22,,,14,1,0724,0005,BFF7,068FF106,108.7,304,519.7,-23.464642,-49.982778,795.0,,6,0,0,0,,,,,,,,,,,,,,,,1,110.5,304,524.0,-49.983767,-23.464035,2025-10-15 16:15:34,14,795.1,10,+BUFF:
2025-10-15 17:38:56,2025-10-15 16:15:23,2025-10-15 16:15:23,385349,862689070136657,3506,GTSPD,4.18,,698407,13951,81,00,22,,,14,1,0724,0005,BFF7,068FF106,109.8,304,515.9,-23.465732,-49.981087,794.7,,,,,,,,,,,,,,,,,,,,,,,,,,,,,,,+BUFF:
2025-10-15 17:38:56,2025-10-15 16:14:59,2025-10-15 16:14:59,385349,862689070136657,3505,GTSPD,4.18,,698407,13951,81,00,22,,,11,1,0724,0005,BFF7,068FF106,112.8,303,535.6,-23.469713,-49.974812,793.9,,,,,,,,,,,,,,,,,,,,,,,,,,,,,,,+BUFF:
2025-10-15 17:38:55,2025-10-15 16:14:51,2025-10-15 16:14:51,385349,862689070136657,3504,GTSPD,4.18,,698407,14008,81,00,22,,,13,1,0724,0005,BFF7,068FF106,109.0,304,540.5,-23.470988,-49.972808,793.7,,,,,,,,,,,,,,,,,,,,,,,,,,,,,,,+BUFF:
2025-10-15 16:15:37,2025-10-15 16:14:51,2025-10-15 16:14:51,385349,862689070136657,3504,GTSPD,4.18,,698407,14008,81,00,22,,,13,1,0724,0005,BFF7,068FF106,109.0,304,540.5,-23.470988,-49.972808,793.7,,,,,,,,,,,,,,,,,,,,,,,,,,,,,,,+RESP:
2025-10-15 16:14:17,2025-10-15 16:14:16,2025-10-15 16:14:16,385349,862689070136657,3503,GTSPD,4.18,,698407,13984,81,00,22,,,12,1,0724,0005,BFF7,068FF106,110.4,271,565.7,-23.475555,-49.963698,792.6,,,,,,,,,,,,,,,,,,,,,,,,,,,,,,,+RESP:
2025-10-15 16:14:04,2025-10-15 16:14:04,2025-10-15 16:14:04,385349,862689070136657,3502,GTSPD,4.18,,698407,13992,81,00,22,,,13,1,0724,0005,BFF7,068FF106,107.4,271,566.2,-23.475700,-49.960120,792.2,,,,,,,,,,,,,,,,,,,,,,,,,,,,,,,+RESP:
2025-10-15 16:13:51,2025-10-15 16:13:51,2025-10-15 16:13:50,385349,862689070136657,3501,GTSPD,4.18,,698407,13984,81,00,22,,,11,1,0724,0005,BFF7,068FF106,111.1,292,567.9,-23.476193,-49.955913,791.8,,,,,,,,,,,,,,,,,,,,,,,,,,,,,,,+RESP:
2025-10-15 16:12:35,2025-10-15 16:12:34,2025-10-15 16:12:30,385349,862689070136657,3499,GTERI,4.18,00008200,698407,13967,81,00,22,,,14,1,0724,0005,BFF7,068FF106,64.7,286,520.0,-23.487367,-49.945463,790.2,,31,0,2,3,,,,,,,,,,,,,,,,1,84.4,289,557.8,-49.938375,-23.487783,2025-10-15 16:11:47,14,789.4,10,+RESP:
2025-10-15 16:09:35,2025-10-15 16:09:34,2025-10-15 16:09:30,385349,862689070136657,3496,GTERI,4.18,00008200,698407,13976,81,00,22,,,13,1,0724,0005,0607,C3DE,27.2,253,627.6,-23.499755,-49.929097,787.2,,11,0,1,1800,,,,,,,,,,,,,,,,1,31.0,250,627.6,-49.928395,-23.499545,2025-10-15 16:09:21,12,787.2,10,+RESP:
2025-10-15 16:07:41,2025-10-15 16:06:35,2025-10-15 16:06:35,385349,862689070136657,3495,GTERI,4.13,00008200,698407,13927,81,00,21,,,7,1,0724,0005,0607,4EAE,2.0,41,616.8,-23.498635,-49.923988,786.7,,15,0,1,900,,,,,,,,,,,,,,,,1,2.0,41,616.8,-49.923988,-23.498635,2025-10-15 16:06:35,7,786.7,10,+RESP:
2025-10-15 16:07:40,2025-10-15 16:06:19,2025-10-15 15:18:29,385349,862689070136657,3493,GTIGN,4.12,,698407,13018,81,00,21,,6326,9,1,0724,0005,0607,C3DE,0.0,340,614.8,-23.498648,-49.924058,786.7,,,,,,,,,,,,,,,,,,,,,,,,,,,,,,,+RESP:
2025-10-15 15:20:51,2025-10-15 15:20:49,2025-10-15 15:18:29,385349,862689070136657,3492,GTERI,4.14,00008200,698407,13066,80,00,11,,,9,1,0724,0005,0607,C3DE,0.0,340,614.8,-23.498648,-49.924058,786.7,,13,0,1,1800,,,,,,,,,,,,,,,,1,0.0,340,614.8,-49.924058,-23.498648,2025-10-15 15:18:29,9,786.7,10,+RESP:
2025-10-15 14:20:55,2025-10-15 14:20:54,2025-10-15 14:20:54,385349,862689070136657,3491,GTERI,4.19,00008200,698407,12769,80,00,12,,,9,1,0724,0005,0607,C3DE,0.0,340,614.8,-23.498648,-49.924058,786.7,,12,0,1,1800,,,,,,,,,,,,,,,,1,0.0,340,614.8,-49.924058,-23.498648,2025-10-15 14:20:54,9,786.7,10,+RESP:
2025-10-15 14:20:54,2025-10-15 14:20:53,2025-10-15 14:20:53,385349,862689070136657,3490,GTIGF,4.19,,698407,12817,80,00,12,352,,9,0,0724,0005,0607,C3DE,0.0,340,614.8,-23.498648,-49.924058,786.7,,,,,,,,,,,,,,,,,,,,,,,,,,,,,,,+RESP:
2025-10-15 14:18:22,2025-10-15 14:18:19,2025-10-15 14:18:15,385349,862689070136657,3488,GTERI,4.19,00008200,698407,13984,81,00,22,,,10,1,0724,0005,0607,C3DE,6.2,65,617.4,-23.498137,-49.923513,786.4,,11,0,1,1800,,,,,,,,,,,,,,,,1,83.4,207,611.0,-49.930757,-23.499360,2025-10-15 14:15:55,12,785.1,10,+RESP:
2025-10-15 14:15:25,2025-10-15 14:15:24,2025-10-15 14:15:24,385349,862689070136657,3486,GTERI,4.16,00008200,698407,13959,81,00,22,,,11,1,0724,0005,0607,C3DE,20.5,77,612.6,-23.497092,-49.930190,784.7,,15,0,1,1800,,,,,,,,,,,,,,,,1,20.5,77,612.6,-49.930190,-23.497092,2025-10-15 14:15:24,11,784.7,10,+RESP:
2025-10-15 14:15:02,2025-10-15 14:15:01,2025-10-15 14:07:12,385349,862689070136657,3484,GTIGN,4.16,,698407,12865,81,00,21,,478,8,0,0724,0005,0607,C3DE,4.9,149,619.4,-23.497172,-49.930457,784.7,,,,,,,,,,,,,,,,,,,,,,,,,,,,,,,+RESP:
2025-10-15 14:07:13,2025-10-15 14:07:12,2025-10-15 14:07:12,385349,862689070136657,3483,GTERI,4.16,00008200,698407,13163,80,00,12,,,8,1,0724,0005,0607,C3DE,4.9,149,619.4,-23.497172,-49.930457,784.7,,14,0,1,1800,,,,,,,,,,,,,,,,1,4.9,149,619.4,-49.930457,-23.497172,2025-10-15 14:07:12,8,784.7,10,+RESP:
2025-10-15 14:07:04,2025-10-15 14:07:03,2025-10-15 14:05:58,385349,862689070136657,3482,GTIGF,4.17,,698407,13895,80,00,12,10,,0,0,0724,0005,0607,C3DE,4.9,149,619.4,-23.497172,-49.930457,784.7,,,,,,,,,,,,,,,,,,,,,,,,,,,,,,,+RESP:
2025-10-15 14:06:54,2025-10-15 14:06:53,2025-10-15 14:05:58,385349,862689070136657,3480,GTIGN,4.17,,698407,12938,81,00,21,,56,9,1,0724,0005,0607,C3DE,4.9,149,619.4,-23.497172,-49.930457,784.7,,,,,,,,,,,,,,,,,,,,,,,,,,,,,,,+RESP:
2025-10-15 14:05:59,2025-10-15 14:05:58,2025-10-15 14:05:58,385349,862689070136657,3479,GTERI,4.17,00008200,698407,12809,80,00,12,,,9,1,0724,0005,0607,C3DE,4.9,149,619.4,-23.497172,-49.930457,784.7,,14,0,1,1800,,,,,,,,,,,,,,,,1,4.9,149,619.4,-49.930457,-23.497172,2025-10-15 14:05:58,9,784.7,10,+RESP:
2025-10-15 14:05:58,2025-10-15 14:05:57,2025-10-15 14:05:57,385349,862689070136657,3478,GTIGF,4.17,,698407,13710,80,00,12,1388,,9,0,0724,0005,0607,C3DE,4.9,149,619.4,-23.497172,-49.930457,784.7,,,,,,,,,,,,,,,,,,,,,,,,,,,,,,,+RESP:
2025-10-15 14:05:56,2025-10-15 14:03:29,2025-10-15 14:03:25,385349,862689070136657,3476,GTERI,4.17,00008200,698407,14008,81,00,22,,,13,1,0724,0005,0607,00AA,54.5,330,629.9,-23.510662,-49.920715,782.6,,18,0,1,900,,,,,,,,,,,,,,,,1,109.8,354,685.0,-49.917478,-23.534838,2025-10-15 14:01:09,16,779.8,10,+RESP:
2025-10-15 14:05:55,2025-10-15 14:01:07,2025-10-15 14:01:07,385349,862689070136657,3474,GTSPD,4.17,,698407,14032,81,00,22,,,16,1,0724,0005,0607,00AA,109.5,346,684.3,-23.535390,-49.917392,779.7,,,,,,,,,,,,,,,,,,,,,,,,,,,,,,,+RESP:
2025-10-15 14:05:54,2025-10-15 14:00:53,2025-10-15 14:00:53,385349,862689070136657,3473,GTSPD,4.17,,698407,13992,81,00,22,,,12,1,0724,0005,0607,00AA,113.1,326,662.8,-23.538788,-49.915230,779.3,,,,,,,,,,,,,,,,,,,,,,,,,,,,,,,+RESP:
2025-10-15 14:05:54,2025-10-15 14:00:29,2025-10-15 14:00:25,385349,862689070136657,3472,GTERI,4.17,00008200,698407,13992,81,00,22,,,11,1,0724,0005,0607,00AA,75.4,331,648.6,-23.544723,-49.912765,778.6,,18,0,1,900,,,,,,,,,,,,,,,,1,79.7,339,646.3,-49.913113,-23.544018,2025-10-15 14:00:29,11,778.7,10,+RESP:
2025-10-15 14:05:53,2025-10-15 13:57:29,2025-10-15 13:57:25,385349,862689070136657,3469,GTERI,4.17,00008200,698407,14000,81,00,22,,,15,1,0724,0005,BFF7,06902909,68.4,301,629.8,-23.564775,-49.892593,775.5,,13,0,0,0,,,,,,,,,,,,,,,,1,98.7,342,668.3,-49.866302,-23.591342,2025-10-15 13:54:34,14,771.3,10,+RESP:
2025-10-15 14:05:53,2025-10-15 13:54:32,2025-10-15 13:54:32,385349,862689070136657,3468,GTERI,4.17,00008200,698407,13992,81,00,22,,,14,1,,,,,97.2,342,669.3,-23.591843,-49.866140,771.2,,13,0,0,0,,,,,,,,,,,,,,,,1,97.2,342,669.3,-49.866140,-23.591843,2025-10-15 13:54:32,14,771.2,10,+RESP:
2025-10-15 14:05:52,2025-10-15 13:54:32,2025-10-15 13:54:32,385349,862689070136657,3467,GTRTL,4.17,,698407,13992,81,00,22,,,14,1,,,,,97.2,342,669.3,-23.591843,-49.866140,771.2,,,,,,,,,,,,,,,,,,,,,,,,,,,,,,,+RESP:
2025-10-15 14:05:52,2025-10-15 13:53:37,2025-10-15 13:53:36,385349,862689070136657,3466,GTDOG,,,,,,,,,,,,,,,,,,,,,,,,,,,,,,,,,,
2025-10-15 14:05:51,2025-10-15 13:51:42,2025-10-15 13:51:37,385349,862689070136657,3465,GTERI,4.17,00008200,698407,14032,81,00,22,,,13,1,0724,0005,0607,4EFF,99.3,351,703.0,-23.625700,-49.841810,766.9,,10,0,1,1800,,,,,,,,,,,,,,,,1,107.2,332,661.7,-49.841180,-23.632847,2025-10-15 13:51:08,15,766.0,10,+BUFF:
2025-10-15 14:05:51,2025-10-15 13:48:42,2025-10-15 13:48:37,385349,862689070136657,3463,GTERI,4.17,00008200,698407,13976,81,00,22,,,15,1,0724,0005,BFF7,0690940A,0.0,52,644.7,-23.643700,-49.840808,764.4,,7,0,2,28,,,,,,,,,,,,,,,,1,94.8,0,685.0,-49.846032,-23.658972,2025-10-15 13:46:35,16,762.3,10,+BUFF:
2025-10-15 14:05:50,2025-10-15 13:45:42,2025-10-15 13:45:37,385349,862689070136657,3460,GTERI,4.17,00008200,698407,14024,81,00,22,,,17,1,0724,0005,BFF7,0690940A,92.9,303,686.9,-23.669932,-49.840212,760.9,,31,0,2,28,,,,,,,,,,,,,,,,1,104.5,247,671.2,-49.813558,-23.670322,2025-10-15 13:43:02,18,757.7,10,+BUFF:
2025-10-15 13:50:15,2025-10-15 13:42:45,2025-10-15 13:42:44,385349,862689070136657,3458,GTERI,4.17,00008200,698407,14000,81,00,22,,,14,1,0724,0005,BFF7,0690940A,78.0,198,668.1,-23.668197,-49.809483,757.2,,7,0,2,28,,,,,,,,,,,,,,,,1,78.0,198,668.1,-49.809483,-23.668197,2025-10-15 13:42:44,14,757.2,10,+RESP:
2025-10-15 13:50:15,2025-10-15 13:42:45,2025-10-15 13:42:44,385349,862689070136657,3457,GTRTL,4.17,,698407,14000,81,00,22,,,14,1,0724,0005,BFF7,0690940A,78.0,198,668.1,-23.668197,-49.809483,757.2,,,,,,,,,,,,,,,,,,,,,,,,,,,,,,,+RESP:
2025-10-15 13:50:14,2025-10-15 13:41:51,2025-10-15 13:41:50,385349,862689070136657,3455,GTSPD,4.17,,698407,14008,81,00,22,,,16,1,0724,0003,A21E,01502435,106.1,225,624.0,-23.657025,-49.805695,756.2,,,,,,,,,,,,,,,,,,,,,,,,,,,,,,,+BUFF:
2025-10-15 13:50:14,2025-10-15 13:41:49,2025-10-15 13:41:48,385349,862689070136657,3454,GTDOG,,,,,,,,,,,,,,,,,,,,,,,,,,,,,,,,,,
2025-10-15 13:50:14,2025-10-15 13:41:46,2025-10-15 13:41:45,385349,862689070136657,3453,GTSPD,4.17,,698407,14008,81,00,22,,,16,1,0724,0003,A21E,01502435,112.0,222,621.6,-23.656058,-49.804593,756.1,,,,,,,,,,,,,,,,,,,,,,,,,,,,,,,+BUFF:
2025-10-15 13:50:14,2025-10-15 13:41:32,2025-10-15 13:41:31,385349,862689070136657,3452,GTSPD,4.17,,698407,14008,81,00,22,,,16,1,0724,0003,A21E,01502435,105.8,202,595.1,-23.652995,-49.802143,755.7,,,,,,,,,,,,,,,,,,,,,,,,,,,,,,,+BUFF:
2025-10-15 13:50:14,2025-10-15 13:40:50,2025-10-15 13:40:49,385349,862689070136657,3451,GTSPD,4.17,,698407,14008,81,00,22,,,17,1,0724,0003,A21E,01502435,115.2,199,660.7,-23.641650,-49.798345,754.3,,,,,,,,,,,,,,,,,,,,,,,,,,,,,,,+BUFF:
2025-10-15 13:50:13,2025-10-15 13:39:24,2025-10-15 13:39:19,385349,862689070136657,3450,GTERI,4.17,00008200,698407,14024,81,00,22,,,17,1,0724,0003,A21E,01502435,69.3,201,719.5,-23.631553,-49.785488,752.5,,0,0,3,1,,,,,,,,,,,,,,,,1,103.7,235,735.4,-49.776532,-23.624297,2025-10-15 13:37:59,17,751.2,10,+BUFF:
2025-10-15 13:50:13,2025-10-15 13:36:24,2025-10-15 13:36:19,385349,862689070136657,3449,GTERI,4.17,00008200,698407,14024,81,00,22,,,16,1,0724,0003,A21E,01502435,69.7,269,697.6,-23.614365,-49.759943,748.9,,5,0,3,1,,,,,,,,,,,,,,,,1,100.9,340,641.0,-49.735603,-23.623527,2025-10-15 13:33:58,17,745.8,10,+BUFF:
2025-10-15 13:50:13,2025-10-15 13:33:24,2025-10-15 13:33:19,385349,862689070136657,3447,GTERI,4.18,00008200,698407,13992,81,00,22,,,16,1,0724,0005,0607,27DF,103.5,258,632.9,-23.625022,-49.728593,744.9,,6,0,0,0,,,,,,,,,,,,,,,,1,108.0,257,624.7,-49.727148,-23.624763,2025-10-15 13:33:14,17,744.7,10,+BUFF:
2025-10-15 13:50:13,2025-10-15 13:30:24,2025-10-15 13:30:19,385349,862689070136657,3446,GTERI,4.19,00008200,698407,14008,81,00,22,,,18,1,0724,0005,9D16,0227440B,77.8,260,616.8,-23.620582,-49.692742,740.9,,7,0,2,28,,,,,,,,,,,,,,,,1,81.6,262,612.0,-49.691057,-23.620318,2025-10-15 13:30:11,18,740.6,10,+BUFF:
2025-10-15 13:50:13,2025-10-15 13:27:24,2025-10-15 13:27:19,385349,862689070136657,3445,GTERI,4.19,00008200,698407,14008,81,00,22,,,16,1,0724,0005,0607,4E62,60.5,269,503.0,-23.614007,-49.659747,737.2,,20,0,0,0,,,,,,,,,,,,,,,,1,86.2,239,495.7,-49.657033,-23.614233,2025-10-15 13:27:05,16,736.9,10,+BUFF:
2025-10-15 13:41:25,2025-10-15 13:24:24,2025-10-15 13:24:19,385349,862689070136657,3442,GTERI,4.18,00008200,698407,14008,81,00,22,,,19,1,0724,0005,0607,4E62,36.1,224,535.7,-23.607902,-49.631395,733.9,,20,0,1,900,,,,,,,,,,,,,,,,1,36.1,224,535.7,-49.631395,-23.607902,2025-10-15 13:24:19,18,733.9,10,+RESP:
2025-10-15 13:40:18,2025-10-15 13:21:24,2025-10-15 13:21:19,385349,862689070136657,3440,GTERI,4.18,00008200,698407,13903,81,00,21,,,16,1,0724,0005,0607,4E62,0.0,223,527.6,-23.606332,-49.629903,733.7,,25,0,1,900,,,,,,,,,,,,,,,,1,0.0,223,527.6,-49.629903,-23.606332,2025-10-15 13:21:23,16,733.7,10,+RESP:
2025-10-15 13:39:13,2025-10-15 13:18:24,2025-10-15 13:18:19,385349,862689070136657,3437,GTERI,4.18,00008200,698407,13935,81,00,21,,,17,1,0724,0005,0607,4E62,0.0,223,527.6,-23.606332,-49.629903,733.7,,25,0,1,900,,,,,,,,,,,,,,,,1,25.8,214,526.4,-49.629862,-23.606392,2025-10-15 13:15:37,15,733.7,10,+RESP:
2025-10-15 13:38:07,2025-10-15 13:15:24,2025-10-15 13:15:24,385349,862689070136657,3435,GTERI,4.13,00008200,698407,13943,81,00,22,,,13,1,0724,0005,0607,4E62,10.0,199,533.9,-23.605742,-49.629395,733.6,,26,0,1,900,,,,,,,,,,,,,,,,1,10.0,199,533.9,-49.629395,-23.605742,2025-10-15 13:15:24,13,733.6,10,+RESP:
2025-10-15 13:38:03,2025-10-15 13:15:13,2025-10-15 13:01:18,385349,862689070136657,3433,GTIGN,4.13,,698407,12849,81,00,22,,836,13,1,0724,0005,0607,4E62,0.0,222,523.1,-23.605542,-49.629295,733.6,,,,,,,,,,,,,,,,,,,,,,,,,,,,,,,+RESP:
2025-10-15 13:04:31,2025-10-15 13:01:18,2025-10-15 13:01:18,385349,862689070136657,3432,GTERI,4.18,00008200,698407,12913,80,00,12,,,13,1,0724,0005,0607,4E62,0.0,222,523.1,-23.605542,-49.629295,733.6,,24,0,1,900,,,,,,,,,,,,,,,,1,0.0,222,523.1,-49.629295,-23.605542,2025-10-15 13:01:18,13,733.6,10,+RESP:
2025-10-15 13:04:30,2025-10-15 13:01:17,2025-10-15 13:01:17,385349,862689070136657,3431,GTIGF,4.18,,698407,13774,80,00,12,130,,12,0,0724,0005,0607,4E62,0.0,222,523.1,-23.605542,-49.629295,733.6,,,,,,,,,,,,,,,,,,,,,,,,,,,,,,,+RESP:
2025-10-15 13:02:55,2025-10-15 12:59:22,2025-10-15 12:59:22,385349,862689070136657,3429,GTERI,4.12,00008200,698407,13959,81,00,22,,,12,1,0724,0005,0607,4E62,11.4,9,508.0,-23.601328,-49.627603,733.1,,20,0,1,900,,,,,,,,,,,,,,,,1,11.4,9,508.0,-49.627603,-23.601328,2025-10-15 12:59:22,12,733.1,10,+RESP:
2025-10-15 12:59:47,2025-10-15 12:59:07,2025-10-15 12:36:20,385349,862689070136657,3427,GTIGN,4.12,,698407,12817,81,00,22,,1368,17,1,0724,0005,0607,4E62,0.0,138,502.0,-23.601558,-49.627622,733.1,,,,,,,,,,,,,,,,,,,,,,,,,,,,,,,+RESP:
2025-10-15 12:38:35,2025-10-15 12:36:20,2025-10-15 12:36:20,385349,862689070136657,3426,GTERI,4.17,00008200,698407,12720,80,00,12,,,17,1,0724,0005,0607,4E63,0.0,138,502.0,-23.601558,-49.627622,733.1,,22,0,1,900,,,,,,,,,,,,,,,,1,0.0,138,502.0,-49.627622,-23.601558,2025-10-15 12:36:20,17,733.1,10,+RESP:
2025-10-15 12:38:33,2025-10-15 12:36:19,2025-10-15 12:36:19,385349,862689070136657,3425,GTIGF,4.17,,698407,12793,80,00,12,4491,,17,0,0724,0005,0607,4E63,0.0,138,502.0,-23.601558,-49.627622,733.1,,,,,,,,,,,,,,,,,,,,,,,,,,,,,,,+RESP:
2025-10-15 12:38:32,2025-10-15 12:33:53,2025-10-15 12:33:49,385349,862689070136657,3423,GTERI,4.17,00008200,698407,13992,81,00,21,,,14,1,0724,0005,0607,4E63,0.0,15,503.2,-23.601570,-49.627643,733.1,,22,0,1,900,,,,,,,,,,,,,,,,1,0.0,15,503.2,-49.627643,-23.601570,2025-10-15 12:33:53,14,733.2,10,+RESP:
2025-10-15 12:38:27,2025-10-15 12:32:56,,385349,862689070136657,3422,GTCRD
2025-10-15 12:38:25,2025-10-15 12:32:56,,385349,862689070136657,3421,GTCRD
2025-10-15 12:38:23,2025-10-15 12:32:56,,385349,862689070136657,3420,GTCRD
2025-10-15 12:38:20,2025-10-15 12:32:56,,385349,862689070136657,3419,GTCRD
2025-10-15 12:38:18,2025-10-15 12:32:56,,385349,862689070136657,3418,GTCRD
2025-10-15 12:38:16,2025-10-15 12:32:56,,385349,862689070136657,3417,GTCRD
2025-10-15 12:38:13,2025-10-15 12:32:56,,385349,862689070136657,3416,GTCRD
2025-10-15 12:38:11,2025-10-15 12:32:56,,385349,862689070136657,3415,GTCRD
2025-10-15 12:38:09,2025-10-15 12:32:56,,385349,862689070136657,3414,GTCRD
2025-10-15 12:38:06,2025-10-15 12:32:56,,385349,862689070136657,3413,GTCRD
2025-10-15 12:38:04,2025-10-15 12:32:56,,385349,862689070136657,3412,GTCRD
2025-10-15 12:38:02,2025-10-15 12:32:56,,385349,862689070136657,3411,GTCRD
2025-10-15 12:38:00,2025-10-15 12:32:56,,385349,862689070136657,3410,GTCRD
2025-10-15 12:37:57,2025-10-15 12:32:56,,385349,862689070136657,3409,GTCRD
2025-10-15 12:37:55,2025-10-15 12:32:56,,385349,862689070136657,3408,GTCRD
2025-10-15 12:37:53,2025-10-15 12:32:52,,385349,862689070136657,3407,GTCRD
2025-10-15 12:37:50,2025-10-15 12:32:52,,385349,862689070136657,3406,GTCRD
2025-10-15 12:37:48,2025-10-15 12:32:52,,385349,862689070136657,3405,GTCRD
2025-10-15 12:37:46,2025-10-15 12:32:52,,385349,862689070136657,3404,GTCRD
2025-10-15 12:37:44,2025-10-15 12:32:52,,385349,862689070136657,3403,GTCRD
2025-10-15 12:37:41,2025-10-15 12:32:52,,385349,862689070136657,3402,GTCRD
2025-10-15 12:37:39,2025-10-15 12:32:52,,385349,862689070136657,3401,GTCRD
2025-10-15 12:37:37,2025-10-15 12:32:52,,385349,862689070136657,3400,GTCRD
2025-10-15 12:37:34,2025-10-15 12:32:52,,385349,862689070136657,3399,GTCRD
2025-10-15 12:37:32,2025-10-15 12:32:52,,385349,862689070136657,3398,GTCRD
2025-10-15 12:37:30,2025-10-15 12:32:52,,385349,862689070136657,3397,GTCRD
2025-10-15 12:37:28,2025-10-15 12:32:51,,385349,862689070136657,3396,GTCRD
2025-10-15 12:37:25,2025-10-15 12:32:51,,385349,862689070136657,3395,GTCRD
2025-10-15 12:37:23,2025-10-15 12:32:51,,385349,862689070136657,3394,GTCRD
2025-10-15 12:37:21,2025-10-15 12:32:51,,385349,862689070136657,3393,GTCRD
2025-10-15 12:37:18,2025-10-15 12:32:51,,385349,862689070136657,3392,GTCRA
2025-10-15 12:37:17,2025-10-15 12:30:53,2025-10-15 12:30:49,385349,862689070136657,3390,GTERI,4.17,00008200,698407,13951,81,00,22,,,14,1,0724,0005,0607,4E62,0.0,38,521.1,-23.604505,-49.628787,732.8,,22,0,1,900,,,,,,,,,,,,,,,,1,60.7,51,542.8,-49.633367,-23.609692,2025-10-15 12:27:55,16,732.1,10,+BUFF:
2025-10-15 12:37:16,2025-10-15 12:27:53,2025-10-15 12:27:49,385349,862689070136657,3387,GTERI,4.17,00008200,698407,14016,81,00,22,,,16,1,,,,,61.2,60,547.8,-23.610200,-49.634180,732.0,,0,0,0,0,,,,,,,,,,,,,,,,1,100.8,76,556.2,-49.660512,-23.614180,2025-10-15 12:25:37,10,729.0,10,+BUFF:
2025-10-15 12:37:15,2025-10-15 12:24:57,2025-10-15 12:24:57,385349,862689070136657,3386,GTERI,4.17,00008200,698407,13992,81,00,22,,,15,1,,,,,71.7,68,560.5,-23.617588,-49.668027,728.1,,0,0,0,0,,,,,,,,,,,,,,,,1,71.7,68,560.5,-49.668027,-23.617588,2025-10-15 12:24:57,15,728.1,10,+BUFF:
2025-10-15 12:37:14,2025-10-15 12:24:57,2025-10-15 12:24:57,385349,862689070136657,3385,GTRTL,4.17,,698407,13992,81,00,22,,,15,1,,,,,71.7,68,560.5,-23.617588,-49.668027,728.1,,,,,,,,,,,,,,,,,,,,,,,,,,,,,,,+BUFF:
2025-10-15 12:37:13,2025-10-15 12:24:26,2025-10-15 12:24:26,385349,862689070136657,3384,GTSPD,4.17,,698407,14016,81,00,22,,,17,1,0724,0010,659F,0DBC4E99,100.8,82,565.8,-23.618753,-49.674835,727.7,,,,,,,,,,,,,,,,,,,,,,,,,,,,,,,+BUFF:
2025-10-15 12:37:11,2025-10-15 12:24:25,2025-10-15 12:24:21,385349,862689070136657,3383,GTERI,4.17,00008200,698407,14016,81,00,22,,,18,1,0724,0010,659F,0DBC4E99,112.3,82,560.5,-23.618898,-49.676290,727.7,,4,0,3,28,,,,,,,,,,,,,,,,1,111.4,82,564.7,-49.675382,-23.618807,2025-10-15 12:24:24,20,727.6,10,+BUFF:
2025-10-15 12:37:10,2025-10-15 12:24:22,2025-10-15 12:24:22,385349,862689070136657,3382,GTSPD,4.17,,698407,14000,81,00,22,,,19,1,0724,0010,659F,0DBC4E99,112.0,82,563.0,-23.618850,-49.675983,727.6,,,,,,,,,,,,,,,,,,,,,,,,,,,,,,,+BUFF:
2025-10-15 12:37:09,2025-10-15 12:24:00,2025-10-15 12:24:00,385349,862689070136657,3381,GTDOG,,,,,,,,,,,,,,,,,,,,,,,,,,,,,,,,,,
2025-10-15 12:37:08,2025-10-15 12:21:25,2025-10-15 12:21:21,385349,862689070136657,3380,GTERI,4.17,00008200,698407,14016,81,00,22,,,18,1,0724,0005,9D16,06902909,93.9,97,624.6,-23.624135,-49.718330,723.0,,0,0,2,28,,,,,,,,,,,,,,,,1,104.7,98,624.2,-49.717242,-23.624268,2025-10-15 12:21:25,18,723.0,10,+BUFF:
2025-10-15 12:37:07,2025-10-15 12:18:25,2025-10-15 12:18:21,385349,862689070136657,3379,GTERI,4.17,00008200,698407,14016,81,00,22,,,17,1,0724,0005,9D16,06902909,82.4,73,670.4,-23.617907,-49.751955,718.9,,6,0,2,28,,,,,,,,,,,,,,,,1,86.5,133,659.9,-49.754963,-23.617668,2025-10-15 12:18:05,19,718.5,10,+BUFF:
2025-10-15 12:37:05,2025-10-15 12:16:35,,385349,862689070136657,3377,GTCRD
2025-10-15 12:37:03,2025-10-15 12:16:35,,385349,862689070136657,3376,GTCRD
2025-10-15 12:37:01,2025-10-15 12:16:34,,385349,862689070136657,3375,GTCRD
2025-10-15 12:36:59,2025-10-15 12:16:34,,385349,862689070136657,3374,GTCRD
2025-10-15 12:36:56,2025-10-15 12:16:34,,385349,862689070136657,3373,GTCRD
2025-10-15 12:36:54,2025-10-15 12:16:34,,385349,862689070136657,3372,GTCRD
2025-10-15 12:36:52,2025-10-15 12:16:34,,385349,862689070136657,3371,GTCRD
2025-10-15 12:36:49,2025-10-15 12:16:34,,385349,862689070136657,3370,GTCRD
2025-10-15 12:36:47,2025-10-15 12:16:34,,385349,862689070136657,3369,GTCRD
2025-10-15 12:36:45,2025-10-15 12:16:34,,385349,862689070136657,3368,GTCRD
2025-10-15 12:36:42,2025-10-15 12:16:34,,385349,862689070136657,3367,GTCRD
2025-10-15 12:36:40,2025-10-15 12:16:34,,385349,862689070136657,3366,GTCRD
2025-10-15 12:36:38,2025-10-15 12:16:34,,385349,862689070136657,3365,GTCRD
2025-10-15 12:36:36,2025-10-15 12:16:34,,385349,862689070136657,3364,GTCRD
2025-10-15 12:36:33,2025-10-15 12:16:34,,385349,862689070136657,3363,GTCRD
2025-10-15 12:36:31,2025-10-15 12:16:30,,385349,862689070136657,3362,GTCRD
2025-10-15 12:36:29,2025-10-15 12:16:30,,385349,862689070136657,3361,GTCRD
2025-10-15 12:36:26,2025-10-15 12:16:30,,385349,862689070136657,3360,GTCRD
2025-10-15 12:36:24,2025-10-15 12:16:30,,385349,862689070136657,3359,GTCRD
2025-10-15 12:36:22,2025-10-15 12:16:30,,385349,862689070136657,3358,GTCRD
2025-10-15 12:36:20,2025-10-15 12:16:30,,385349,862689070136657,3357,GTCRD
2025-10-15 12:36:17,2025-10-15 12:16:30,,385349,862689070136657,3356,GTCRD
2025-10-15 12:36:15,2025-10-15 12:16:30,,385349,862689070136657,3355,GTCRD
2025-10-15 12:36:13,2025-10-15 12:16:30,,385349,862689070136657,3354,GTCRD
2025-10-15 12:36:10,2025-10-15 12:16:30,,385349,862689070136657,3353,GTCRD
2025-10-15 12:36:08,2025-10-15 12:16:30,,385349,862689070136657,3352,GTCRD
2025-10-15 12:36:06,2025-10-15 12:16:30,,385349,862689070136657,3351,GTCRD
2025-10-15 12:36:03,2025-10-15 12:16:30,,385349,862689070136657,3350,GTCRD
2025-10-15 12:36:01,2025-10-15 12:16:29,,385349,862689070136657,3349,GTCRD
2025-10-15 12:35:59,2025-10-15 12:16:29,,385349,862689070136657,3348,GTCRD
2025-10-15 12:35:57,2025-10-15 12:16:29,,385349,862689070136657,3347,GTCRA
2025-10-15 12:35:55,2025-10-15 12:15:25,2025-10-15 12:15:21,385349,862689070136657,3346,GTERI,4.17,00008200,698407,14040,81,00,22,,,16,1,0724,0005,BFF7,0690940A,94.9,12,712.3,-23.620180,-49.771508,716.2,,6,0,2,28,,,,,,,,,,,,,,,,1,97.4,12,711.9,-49.771347,-23.619448,2025-10-15 12:15:24,16,716.2,10,+BUFF:
2025-10-15 12:35:54,2025-10-15 12:15:07,2025-10-15 12:15:07,385349,862689070136657,3345,GTSPD,4.17,,698407,14032,81,00,22,,,17,1,0724,0005,BFF7,0690940A,101.5,58,714.2,-23.622540,-49.773438,715.8,,,,,,,,,,,,,,,,,,,,,,,,,,,,,,,+BUFF:
2025-10-15 12:35:53,2025-10-15 12:14:51,2025-10-15 12:14:51,385349,862689070136657,3344,GTSPD,4.17,,698407,14000,81,00,22,,,17,1,0724,0005,BFF7,0690940A,114.8,53,734.1,-23.624983,-49.777467,715.3,,,,,,,,,,,,,,,,,,,,,,,,,,,,,,,+BUFF:
2025-10-15 12:14:53,2025-10-15 12:14:51,2025-10-15 12:14:51,385349,862689070136657,3344,GTSPD,4.17,,698407,14000,81,00,22,,,17,1,0724,0005,BFF7,0690940A,114.8,53,734.1,-23.624983,-49.777467,715.3,,,,,,,,,,,,,,,,,,,,,,,,,,,,,,,+RESP:
2025-10-15 12:14:53,2025-10-15 12:12:25,2025-10-15 12:12:21,385349,862689070136657,3342,GTERI,4.17,00008200,698407,14048,81,00,22,,,19,1,0724,0005,BFF7,0690940A,52.1,16,652.3,-23.643433,-49.798905,712.1,,8,0,2,28,,,,,,,,,,,,,,,,1,92.5,62,666.0,-49.811385,-23.669457,2025-10-15 12:09:28,19,708.7,10,+BUFF:
2025-10-15 12:09:26,2025-10-15 12:09:25,2025-10-15 12:09:21,385349,862689070136657,3340,GTERI,4.17,00008200,698407,14008,81,00,22,,,20,1,0724,0005,BFF7,0690940A,99.7,67,675.3,-23.670072,-49.812980,708.6,,6,0,2,28,,,,,,,,,,,,,,,,1,100.0,67,672.1,-49.812485,-23.669903,2025-10-15 12:09:23,20,708.6,10,+RESP:
2025-10-15 12:06:26,2025-10-15 12:06:25,2025-10-15 12:06:21,385349,862689070136657,3337,GTERI,4.17,00008200,698407,13992,81,00,21,,,18,1,0724,0005,BFF7,0690940A,0.0,78,703.1,-23.673435,-49.822682,707.5,,25,0,2,28,,,,,,,,,,,,,,,,1,0.0,78,703.1,-49.822682,-23.673435,2025-10-15 12:06:25,18,707.5,10,+RESP:
2025-10-15 12:03:26,2025-10-15 12:03:25,2025-10-15 12:03:21,385349,862689070136657,3335,GTERI,4.17,00008200,698407,13976,81,00,21,,,18,1,0724,0005,BFF7,0690940A,0.0,78,703.1,-23.673435,-49.822682,707.5,,24,0,2,28,,,,,,,,,,,,,,,,1,0.0,78,703.1,-49.822682,-23.673435,2025-10-15 12:03:25,18,707.5,10,+RESP:
2025-10-15 12:00:26,2025-10-15 12:00:25,2025-10-15 12:00:21,385349,862689070136657,3332,GTERI,4.18,00008200,698407,13984,81,00,21,,,17,1,0724,0005,BFF7,0690940A,0.0,78,703.1,-23.673435,-49.822682,707.5,,23,0,2,28,,,,,,,,,,,,,,,,1,48.1,44,678.3,-49.825402,-23.675367,2025-10-15 11:57:39,18,707.2,10,+RESP:
2025-10-15 11:57:26,2025-10-15 11:57:25,2025-10-15 11:57:21,385349,862689070136657,3330,GTERI,4.19,00008200,698407,14016,81,00,22,,,17,1,0724,0005,BFF7,0690940A,28.2,39,682.6,-23.676637,-49.826737,707.0,,21,0,2,28,,,,,,,,,,,,,,,,1,66.1,313,684.4,-49.819065,-23.688920,2025-10-15 11:54:27,16,705.3,10,+RESP:
2025-10-15 11:54:26,2025-10-15 11:54:25,2025-10-15 11:54:21,385349,862689070136657,3327,GTERI,4.19,00008200,698407,14024,81,00,22,,,16,1,0724,0005,BFF7,06909408,68.3,313,683.2,-23.689590,-49.818272,705.2,,24,0,2,28,,,,,,,,,,,,,,,,1,104.1,347,642.8,-49.806133,-23.702992,2025-10-15 11:52:55,18,703.2,10,+RESP:
2025-10-15 11:53:00,2025-10-15 11:52:53,2025-10-15 11:52:53,385349,862689070136657,3325,GTSPD,4.19,,698407,14008,81,00,22,,,18,1,0724,0005,BFF7,06909408,107.1,335,635.7,-23.703492,-49.806020,703.1,,,,,,,,,,,,,,,,,,,,,,,,,,,,,,,+RESP:
2025-10-15 11:53:00,2025-10-15 11:52:53,2025-10-15 11:52:53,385349,862689070136657,3325,GTSPD,4.19,,698407,14008,81,00,22,,,18,1,0724,0005,BFF7,06909408,107.1,335,635.7,-23.703492,-49.806020,703.1,,,,,,,,,,,,,,,,,,,,,,,,,,,,,,,+RESP:
2025-10-15 11:52:33,2025-10-15 11:52:32,2025-10-15 11:52:32,385349,862689070136657,3324,GTSPD,4.19,,698407,13951,81,00,22,,,18,1,0724,0005,BFF7,06909408,113.0,279,612.9,-23.705830,-49.799835,702.4,,,,,,,,,,,,,,,,,,,,,,,,,,,,,,,+RESP:
2025-10-15 11:52:22,2025-10-15 11:52:21,2025-10-15 11:52:21,385349,862689070136657,3323,GTSPD,4.19,,698407,14024,81,00,22,,,18,1,0724,0005,BFF7,06909408,109.0,278,603.9,-23.706323,-49.796632,702.0,,,,,,,,,,,,,,,,,,,,,,,,,,,,,,,+RESP:
2025-10-15 11:52:20,2025-10-15 11:52:19,2025-10-15 11:52:19,385349,862689070136657,3322,GTSPD,4.19,,698407,14024,81,00,22,,,17,1,0724,0005,BFF7,06909408,110.2,278,600.3,-23.706392,-49.796048,702.0,,,,,,,,,,,,,,,,,,,,,,,,,,,,,,,+RESP:
2025-10-15 11:51:26,2025-10-15 11:51:25,2025-10-15 11:51:21,385349,862689070136657,3321,GTERI,4.18,00008200,698407,14008,81,00,22,,,18,1,0724,0005,BFF7,06909408,80.3,355,604.2,-23.714995,-49.791215,700.7,,7,0,2,28,,,,,,,,,,,,,,,,1,103.2,337,631.8,-49.788817,-23.721112,2025-10-15 11:50:53,15,699.9,10,+RESP:
2025-10-15 11:50:59,2025-10-15 11:48:25,2025-10-15 11:48:21,385349,862689070136657,3319,GTERI,4.19,00008200,698407,14016,81,00,22,,,16,1,0724,0005,BFF7,06909408,82.4,9,580.4,-23.746640,-49.782468,696.7,,7,0,2,28,,,,,,,,,,,,,,,,1,85.5,15,577.7,-49.782240,-23.745820,2025-10-15 11:48:25,16,696.7,10,+RESP:
2025-10-15 11:50:59,2025-10-15 11:45:25,2025-10-15 11:45:21,385349,862689070136657,3317,GTERI,4.19,00008200,698407,14016,81,00,22,,,16,1,0724,0005,BFF7,0692FD04,78.3,45,693.0,-23.769820,-49.798482,693.1,,7,0,2,3,,,,,,,,,,,,,,,,1,102.1,317,690.0,-49.794245,-23.792245,2025-10-15 11:42:57,15,690.0,10,+RESP:
2025-10-15 11:50:58,2025-10-15 11:42:25,2025-10-15 11:42:21,385349,862689070136657,3315,GTERI,4.19,00008200,698407,13976,81,00,22,,,15,1,0724,0005,BFF7,0692FD04,104.2,334,674.1,-23.800072,-49.789503,689.1,,7,0,2,3,,,,,,,,,,,,,,,,1,104.2,334,674.1,-49.789503,-23.800072,2025-10-15 11:42:21,14,689.0,10,+BUFF:
2025-10-15 11:42:20,2025-10-15 11:42:19,2025-10-15 11:42:19,385349,862689070136657,3314,GTSPD,4.19,,698407,13992,81,00,22,,,14,1,0724,0005,BFF7,0692FD04,108.5,334,674.4,-23.800545,-49.789253,689.0,,,,,,,,,,,,,,,,,,,,,,,,,,,,,,,+RESP:
2025-10-15 11:42:06,2025-10-15 11:42:03,2025-10-15 11:42:03,385349,862689070136657,3313,GTSPD,4.19,,698407,14008,81,00,22,,,15,1,0724,0005,BFF7,0692FD04,111.6,336,678.3,-23.804563,-49.787180,688.5,,,,,,,,,,,,,,,,,,,,,,,,,,,,,,,+RESP:
2025-10-15 11:39:26,2025-10-15 11:39:25,2025-10-15 11:39:21,385349,862689070136657,3311,GTERI,4.18,00008200,698407,14000,81,00,22,,,16,1,0724,0005,BFF7,0692FD04,79.1,12,721.1,-23.835317,-49.791403,684.9,,17,0,2,3,,,,,,,,,,,,,,,,1,82.5,42,701.5,-49.789168,-23.854028,2025-10-15 11:37:40,14,682.6,10,+RESP:
2025-10-15 11:36:26,2025-10-15 11:36:25,2025-10-15 11:36:21,385349,862689070136657,3308,GTERI,4.18,00008200,698407,14008,81,00,22,,,13,1,0724,0005,BFF7,0692FD04,73.8,47,788.6,-23.863228,-49.802667,680.9,,12,0,2,3,,,,,,,,,,,,,,,,1,79.5,343,810.1,-49.805535,-23.866915,2025-10-15 11:35:55,15,680.3,10,+RESP:
2025-10-15 11:33:26,2025-10-15 11:33:25,2025-10-15 11:33:21,385349,862689070136657,3306,GTERI,4.18,00008200,698407,13919,81,00,21,,,15,1,0724,0005,BFF7,0692FD04,0.0,295,825.7,-23.870770,-49.803133,679.8,,20,0,2,3,,,,,,,,,,,,,,,,1,0.0,295,825.7,-49.803133,-23.870770,2025-10-15 11:33:25,15,679.8,10,+RESP:
2025-10-15 11:30:26,2025-10-15 11:30:25,2025-10-15 11:30:21,385349,862689070136657,3303,GTERI,4.18,00008200,698407,13935,81,00,22,,,14,1,0724,0005,BFF7,0692FD04,0.0,295,825.7,-23.870770,-49.803133,679.8,,21,0,2,3,,,,,,,,,,,,,,,,1,35.1,341,834.8,-49.802292,-23.871760,2025-10-15 11:28:57,15,679.7,10,+RESP:
2025-10-15 11:27:26,2025-10-15 11:27:25,2025-10-15 11:27:21,385349,862689070136657,3301,GTERI,4.18,00008200,698407,13927,81,00,22,,,13,1,0724,0005,BFF7,0692FD04,0.0,23,828.9,-23.874518,-49.802997,679.3,,15,0,2,3,,,,,,,,,,,,,,,,1,38.2,23,830.6,-49.804042,-23.876862,2025-10-15 11:26:31,13,679.1,10,+RESP:
2025-10-15 11:24:26,2025-10-15 11:24:25,2025-10-15 11:24:21,385349,862689070136657,3298,GTERI,4.17,00008200,698407,13959,81,00,22,,,16,1,0724,0005,BFF7,0692FD05,20.8,111,831.5,-23.876280,-49.804193,678.6,,23,0,2,3,,,,,,,,,,,,,,,,1,37.0,194,819.2,-49.803732,-23.873482,2025-10-15 11:23:26,14,678.3,10,+RESP:
2025-10-15 11:21:30,2025-10-15 11:21:29,2025-10-15 11:21:29,385349,862689070136657,3296,GTERI,4.06,00008200,698407,13686,81,00,22,,,8,1,0724,0005,BFF7,0692FD04,3.0,359,808.2,-23.872923,-49.801745,677.5,,19,0,2,3,,,,,,,,,,,,,,,,1,3.0,359,808.2,-49.801745,-23.872923,2025-10-15 11:21:29,8,677.5,10,+RESP:
2025-10-15 11:21:20,2025-10-15 11:21:19,2025-10-15 10:55:20,385349,862689070136657,3294,GTIGN,4.06,,698407,13026,81,00,21,,1560,8,1,0724,0005,BFF7,0692FD04,0.0,0,839.3,-23.873120,-49.801785,677.5,,,,,,,,,,,,,,,,,,,,,,,,,,,,,,,+RESP:
2025-10-15 10:55:20,2025-10-15 10:55:20,2025-10-15 10:55:20,385349,862689070136657,3293,GTERI,4.11,00008200,698407,12672,80,00,11,,,8,1,0724,0005,BFF7,0692FD04,0.0,0,839.3,-23.873120,-49.801785,677.5,,25,0,2,3,,,,,,,,,,,,,,,,1,0.0,0,839.3,-49.801785,-23.873120,2025-10-15 10:55:20,8,677.5,10,+RESP:
2025-10-15 10:55:20,2025-10-15 10:55:19,2025-10-15 10:55:19,385349,862689070136657,3292,GTIGF,4.11,,698407,12664,80,00,11,62,,8,0,0724,0005,BFF7,0692FD04,0.0,0,839.3,-23.873120,-49.801785,677.5,,,,,,,,,,,,,,,,,,,,,,,,,,,,,,,+RESP:
2025-10-15 10:54:29,2025-10-15 10:54:29,2025-10-15 10:54:29,385349,862689070136657,3291,GTERI,4.06,00008200,698407,12608,81,00,21,,,9,1,0724,0005,BFF7,0692FD04,0.0,0,839.3,-23.873120,-49.801785,677.5,,19,0,2,3,,,,,,,,,,,,,,,,1,0.0,0,839.3,-49.801785,-23.873120,2025-10-15 10:54:29,9,677.5,10,+RESP:
2025-10-15 10:54:19,2025-10-15 10:54:17,2025-10-15 10:27:22,385349,862689070136657,3289,GTIGN,4.06,,698407,13058,81,00,21,,1616,14,1,0724,0005,BFF7,0692FD04,0.0,0,839.3,-23.873120,-49.801785,677.5,,,,,,,,,,,,,,,,,,,,,,,,,,,,,,,+RESP:
2025-10-15 10:34:20,2025-10-15 10:27:22,2025-10-15 10:27:22,385349,862689070136657,3288,GTERI,4.15,00008200,698407,12688,80,00,11,,,14,1,0724,0003,A21E,01502435,0.0,0,839.3,-23.873120,-49.801785,677.5,,31,0,3,1,,,,,,,,,,,,,,,,1,0.0,0,839.3,-49.801785,-23.873120,2025-10-15 10:27:22,14,677.5,10,+RESP:
2025-10-15 10:34:20,2025-10-15 10:27:21,2025-10-15 10:27:21,385349,862689070136657,3287,GTIGF,4.15,,698407,12688,80,00,11,72,,13,0,0724,0003,A21E,01502435,0.0,0,839.3,-23.873120,-49.801785,677.5,,,,,,,,,,,,,,,,,,,,,,,,,,,,,,,+RESP:
2025-10-15 10:34:19,2025-10-15 10:26:22,2025-10-15 10:26:22,385349,862689070136657,3286,GTERI,4.08,00008200,698407,12358,81,00,21,,,10,1,0724,0003,A21E,01502435,0.8,0,839.5,-23.873115,-49.801793,677.5,,31,0,3,1,,,,,,,,,,,,,,,,1,0.8,0,839.5,-49.801793,-23.873115,2025-10-15 10:26:22,10,677.5,10,+RESP:
2025-10-15 10:34:19,2025-10-15 10:26:09,2025-10-15 10:24:12,385349,862689070136657,3284,GTIGN,4.08,,698407,13107,81,00,21,,118,13,1,0724,0003,A21E,01502435,0.0,325,839.8,-23.873062,-49.801738,677.5,,,,,,,,,,,,,,,,,,,,,,,,,,,,,,,+RESP:
2025-10-15 10:34:18,2025-10-15 10:24:12,2025-10-15 10:24:12,385349,862689070136657,3283,GTERI,4.18,00008200,698407,12921,80,00,12,,,13,1,0724,0003,A21E,01502435,0.0,325,839.8,-23.873062,-49.801738,677.5,,2,0,3,1,,,,,,,,,,,,,,,,1,0.0,325,839.8,-49.801738,-23.873062,2025-10-15 10:24:12,13,677.5,10,+RESP:
2025-10-15 10:34:18,2025-10-15 10:24:11,2025-10-15 10:24:11,385349,862689070136657,3282,GTIGF,4.18,,698407,12809,80,00,12,354,,13,0,0724,0003,A21E,01502435,0.0,325,839.8,-23.873062,-49.801738,677.5,,,,,,,,,,,,,,,,,,,,,,,,,,,,,,,+RESP:
2025-10-15 10:34:17,2025-10-15 10:21:30,2025-10-15 10:21:26,385349,862689070136657,3281,GTERI,4.18,00008200,698407,13951,81,00,22,,,12,1,0724,0003,A21E,01502435,19.2,21,823.9,-23.877215,-49.804202,676.9,,1,0,3,1,,,,,,,,,,,,,,,,1,34.6,195,825.2,-49.801960,-23.874392,2025-10-15 10:19:13,12,676.4,10,+RESP:
2025-10-15 10:34:17,2025-10-15 10:18:30,2025-10-15 10:18:30,385349,862689070136657,3280,GTERI,4.04,00008200,698407,13935,81,00,22,,,9,1,0724,0003,A21E,01502435,11.8,13,827.7,-23.873120,-49.802465,676.1,,2,0,3,1,,,,,,,,,,,,,,,,1,11.8,13,827.7,-49.802465,-23.873120,2025-10-15 10:18:30,9,676.1,10,+RESP:
2025-10-15 10:34:16,2025-10-15 10:18:17,2025-10-15 10:02:44,385349,862689070136657,3278,GTIGN,4.04,,698407,12849,81,00,22,,934,16,1,0724,0003,A21E,01502435,0.0,47,822.3,-23.873518,-49.802493,676.1,,,,,,,,,,,,,,,,,,,,,,,,,,,,,,,+RESP:
2025-10-15 10:34:16,2025-10-15 10:02:44,2025-10-15 10:02:44,385349,862689070136657,3277,GTERI,4.18,00008200,698407,13002,80,00,12,,,16,1,0724,0003,541B,0F678599,0.0,47,822.3,-23.873518,-49.802493,676.1,,31,0,3,28,,,,,,,,,,,,,,,,1,0.0,47,822.3,-49.802493,-23.873518,2025-10-15 10:02:44,16,676.1,10,+RESP:
2025-10-15 10:34:15,2025-10-15 10:02:43,2025-10-15 10:02:43,385349,862689070136657,3276,GTIGF,4.18,,698407,12817,80,00,12,2169,,14,0,0724,0003,541B,0F678599,0.0,47,822.3,-23.873518,-49.802493,676.1,,,,,,,,,,,,,,,,,,,,,,,,,,,,,,,+BUFF:
2025-10-15 10:34:15,2025-10-15 10:02:27,,385349,862689070136657,3275,GTCRD
2025-10-15 10:34:14,2025-10-15 10:02:27,,385349,862689070136657,3274,GTCRD
2025-10-15 10:34:14,2025-10-15 10:02:27,,385349,862689070136657,3273,GTCRD
2025-10-15 10:34:13,2025-10-15 10:02:27,,385349,862689070136657,3272,GTCRD
2025-10-15 10:34:13,2025-10-15 10:02:27,,385349,862689070136657,3271,GTCRD
2025-10-15 10:34:12,2025-10-15 10:02:27,,385349,862689070136657,3270,GTCRD
2025-10-15 10:34:12,2025-10-15 10:02:27,,385349,862689070136657,3269,GTCRD
2025-10-15 10:34:11,2025-10-15 10:02:27,,385349,862689070136657,3268,GTCRD
2025-10-15 10:34:11,2025-10-15 10:02:27,,385349,862689070136657,3267,GTCRD
2025-10-15 10:34:10,2025-10-15 10:02:27,,385349,862689070136657,3266,GTCRD
2025-10-15 10:34:10,2025-10-15 10:02:27,,385349,862689070136657,3265,GTCRD
2025-10-15 10:34:09,2025-10-15 10:02:27,,385349,862689070136657,3264,GTCRD
2025-10-15 10:34:09,2025-10-15 10:02:27,,385349,862689070136657,3263,GTCRD
2025-10-15 10:34:08,2025-10-15 10:02:27,,385349,862689070136657,3262,GTCRD
2025-10-15 10:34:08,2025-10-15 10:02:27,,385349,862689070136657,3261,GTCRD
2025-10-15 10:34:07,2025-10-15 10:02:23,,385349,862689070136657,3260,GTCRD
2025-10-15 10:34:07,2025-10-15 10:02:23,,385349,862689070136657,3259,GTCRD
2025-10-15 10:34:06,2025-10-15 10:02:23,,385349,862689070136657,3258,GTCRD
2025-10-15 10:34:06,2025-10-15 10:02:23,,385349,862689070136657,3257,GTCRD
2025-10-15 10:34:05,2025-10-15 10:02:23,,385349,862689070136657,3256,GTCRD
2025-10-15 10:34:05,2025-10-15 10:02:23,,385349,862689070136657,3255,GTCRD
2025-10-15 10:34:04,2025-10-15 10:02:23,,385349,862689070136657,3254,GTCRD
2025-10-15 10:34:03,2025-10-15 10:02:23,,385349,862689070136657,3253,GTCRD
2025-10-15 10:34:03,2025-10-15 10:02:23,,385349,862689070136657,3252,GTCRD
2025-10-15 10:34:02,2025-10-15 10:02:23,,385349,862689070136657,3251,GTCRD
2025-10-15 10:34:02,2025-10-15 10:02:23,,385349,862689070136657,3250,GTCRD
2025-10-15 10:34:01,2025-10-15 10:02:23,,385349,862689070136657,3249,GTCRD
2025-10-15 10:34:00,2025-10-15 10:02:23,,385349,862689070136657,3248,GTCRD
2025-10-15 10:34:00,2025-10-15 10:02:22,,385349,862689070136657,3247,GTCRD
2025-10-15 10:34:00,2025-10-15 10:02:22,,385349,862689070136657,3246,GTCRD
2025-10-15 10:33:59,2025-10-15 10:02:22,,385349,862689070136657,3245,GTCRA
2025-10-15 10:33:58,2025-10-15 10:00:05,2025-10-15 10:00:01,385349,862689070136657,3244,GTERI,4.18,00008200,698407,13992,81,00,22,,,15,1,0724,0003,541B,0F678599,20.5,20,836.8,-23.874460,-49.802935,675.6,,31,0,3,28,,,,,,,,,,,,,,,,1,58.1,39,823.0,-49.812705,-23.877707,2025-10-15 09:57:07,16,674.4,10,+BUFF:
2025-10-15 10:33:58,2025-10-15 09:57:05,2025-10-15 09:57:01,385349,862689070136657,3243,GTERI,4.18,00008200,698407,13976,81,00,22,,,16,1,0724,0003,541B,0F678599,62.6,10,824.2,-23.878482,-49.813140,674.3,,31,0,3,28,,,,,,,,,,,,,,,,1,106.7,27,796.8,-49.820982,-23.886893,2025-10-15 09:55:50,15,672.8,10,+BUFF:
2025-10-15 10:33:58,2025-10-15 09:55:48,2025-10-15 09:55:48,385349,862689070136657,3242,GTSPD,4.18,,698407,13984,81,00,22,,,14,1,0724,0003,541B,0F678599,108.3,27,795.5,-23.887365,-49.821255,672.7,,,,,,,,,,,,,,,,,,,,,,,,,,,,,,,+BUFF:
2025-10-15 10:33:57,2025-10-15 09:55:34,2025-10-15 09:55:34,385349,862689070136657,3241,GTSPD,4.18,,698407,13976,81,00,22,,,16,1,0724,0003,541B,0F678599,110.2,41,776.1,-23.890555,-49.823735,672.2,,,,,,,,,,,,,,,,,,,,,,,,,,,,,,,+BUFF:
2025-10-15 10:33:56,2025-10-15 09:54:05,2025-10-15 09:54:01,385349,862689070136657,3240,GTERI,4.18,00008200,698407,13984,81,00,22,,,16,1,0724,0003,541B,0F678599,70.5,327,808.9,-23.906032,-49.818350,670.3,,31,0,3,28,,,,,,,,,,,,,,,,1,84.4,10,736.5,-49.811708,-23.919522,2025-10-15 09:52:20,14,668.5,10,+BUFF:
2025-10-15 10:33:56,2025-10-15 09:52:04,2025-10-15 09:52:04,385349,862689070136657,3239,GTSPD,4.18,,698407,14000,81,00,22,,,13,1,0724,0003,541B,0F678599,103.8,8,757.5,-23.921815,-49.812728,668.2,,,,,,,,,,,,,,,,,,,,,,,,,,,,,,,+BUFF:
2025-10-15 10:33:55,2025-10-15 09:52:01,2025-10-15 09:52:01,385349,862689070136657,3238,GTSPD,4.18,,698407,13992,81,00,22,,,14,1,0724,0003,541B,0F678599,120.1,10,766.9,-23.922503,-49.812923,668.1,,,,,,,,,,,,,,,,,,,,,,,,,,,,,,,+BUFF:
2025-10-15 10:33:55,2025-10-15 09:51:05,2025-10-15 09:51:01,385349,862689070136657,3237,GTERI,4.18,00008200,698407,13967,81,00,22,,,13,1,0724,0003,A21E,0127E021,71.7,14,807.2,-23.933878,-49.814380,666.9,,1,0,3,3,,,,,,,,,,,,,,,,1,108.2,343,866.1,-49.813003,-23.960450,2025-10-15 09:48:21,14,663.8,10,+BUFF:
2025-10-15 10:33:54,2025-10-15 09:48:19,2025-10-15 09:48:19,385349,862689070136657,3236,GTSPD,4.18,,698407,13976,81,00,22,,,14,1,0724,0005,9D16,0227440B,109.0,342,864.3,-23.960958,-49.812828,663.7,,,,,,,,,,,,,,,,,,,,,,,,,,,,,,,+BUFF:
2025-10-15 10:33:54,2025-10-15 09:48:05,2025-10-15 09:48:01,385349,862689070136657,3235,GTERI,4.18,00008200,698407,14000,81,00,22,,,14,1,0724,0005,9D16,0227440B,132.5,343,868.9,-23.966255,-49.811012,663.2,,8,0,2,28,,,,,,,,,,,,,,,,1,140.6,343,874.1,-49.810580,-23.967585,2025-10-15 09:47:57,14,662.9,10,+BUFF:
2025-10-15 10:33:53,2025-10-15 09:47:46,2025-10-15 09:47:46,385349,862689070136657,3234,GTSPD,4.18,,698407,13992,81,00,22,,,14,1,0724,0005,9D16,0227440B,120.3,341,890.5,-23.971093,-49.809370,662.5,,,,,,,,,,,,,,,,,,,,,,,,,,,,,,,+BUFF:
2025-10-15 10:33:53,2025-10-15 09:45:08,2025-10-15 09:45:08,385349,862689070136657,3233,GTERI,4.18,00008200,698407,13943,81,00,22,,,12,1,,,,,53.4,67,840.4,-23.991123,-49.818900,659.9,,0,0,0,0,,,,,,,,,,,,,,,,1,53.4,67,840.4,-49.818900,-23.991123,2025-10-15 09:45:08,12,659.9,10,+BUFF:
2025-10-15 10:33:52,2025-10-15 09:45:08,2025-10-15 09:45:08,385349,862689070136657,3232,GTRTL,4.18,,698407,13943,81,00,22,,,12,1,,,,,53.4,67,840.4,-23.991123,-49.818900,659.9,,,,,,,,,,,,,,,,,,,,,,,,,,,,,,,+BUFF:
2025-10-15 10:33:52,2025-10-15 09:44:33,2025-10-15 09:44:28,385349,862689070136657,3231,GTERI,4.18,00008200,698407,13967,81,00,22,,,15,1,0724,0004,AD36,043A302D,103.2,20,842.2,-23.993447,-49.825478,659.5,,8,0,3,28,,,,,,,,,,,,,,,,1,99.3,20,845.1,-49.825393,-23.993197,2025-10-15 09:44:29,15,659.4,10,+BUFF:
2025-10-15 10:33:51,2025-10-15 09:44:27,2025-10-15 09:44:27,385349,862689070136657,3230,GTSPD,4.18,,698407,13976,81,00,22,,,15,1,0724,0004,AD36,043A302D,106.3,19,841.9,-23.993685,-49.825562,659.4,,,,,,,,,,,,,,,,,,,,,,,,,,,,,,,+BUFF:
2025-10-15 10:33:51,2025-10-15 09:44:16,2025-10-15 09:44:16,385349,862689070136657,3229,GTSPD,4.18,,698407,13976,81,00,22,,,14,1,0724,0004,AD36,043A302D,111.7,19,857.6,-23.996580,-49.826652,659.0,,,,,,,,,,,,,,,,,,,,,,,,,,,,,,,+BUFF:
2025-10-15 10:33:50,2025-10-15 09:44:12,2025-10-15 09:44:12,385349,862689070136657,3228,GTDOG,,,,,,,,,,,,,,,,,,,,,,,,,,,,,,,,,,
2025-10-15 10:33:50,2025-10-15 09:43:46,2025-10-15 09:43:45,385349,862689070136657,3227,GTSPD,4.18,,698407,13967,81,00,22,,,13,1,0724,0004,AD36,043A302D,107.4,11,857.5,-24.004502,-49.829750,658.1,,,,,,,,,,,,,,,,,,,,,,,,,,,,,,,+BUFF:
2025-10-15 10:33:49,2025-10-15 09:43:12,2025-10-15 09:43:11,385349,862689070136657,3226,GTSPD,4.18,,698407,13967,81,00,22,,,13,1,0724,0005,BFF7,0690950A,114.1,344,820.3,-24.013435,-49.826345,657.0,,,,,,,,,,,,,,,,,,,,,,,,,,,,,,,+BUFF:
2025-10-15 10:33:49,2025-10-15 09:41:38,2025-10-15 09:41:38,385349,862689070136657,3225,GTSPD,4.18,,698407,13976,81,00,22,,,11,1,0724,0005,BFF7,0690950A,107.5,46,884.6,-24.029913,-49.833970,654.8,,,,,,,,,,,,,,,,,,,,,,,,,,,,,,,+BUFF:
2025-10-15 10:33:48,2025-10-15 09:41:34,2025-10-15 09:41:33,385349,862689070136657,3224,GTSPD,4.18,,698407,13967,81,00,22,,,11,1,0724,0005,BFF7,0690950A,110.9,47,886.0,-24.030867,-49.835072,654.7,,,,,,,,,,,,,,,,,,,,,,,,,,,,,,,+BUFF:
2025-10-15 10:33:48,2025-10-15 09:41:33,2025-10-15 09:41:27,385349,862689070136657,3223,GTERI,4.18,00008200,698407,13967,81,00,22,,,10,1,0724,0005,BFF7,0690950A,91.6,44,888.5,-24.031930,-49.836367,654.6,,7,0,2,28,,,,,,,,,,,,,,,,1,107.4,48,887.0,-49.835522,-24.031235,2025-10-15 09:41:31,10,654.6,10,+BUFF:
2025-10-15 10:33:47,2025-10-15 09:38:33,2025-10-15 09:38:27,385349,862689070136657,3222,GTERI,4.18,00008200,698407,13967,81,00,22,,,11,1,0724,0005,BFF7,0690950A,79.7,355,868.6,-24.059462,-49.831078,651.1,,31,0,2,28,,,,,,,,,,,,,,,,1,84.3,353,868.1,-49.842665,-24.082868,2025-10-15 09:35:48,11,648.0,10,+BUFF:
2025-10-15 10:33:47,2025-10-15 09:35:33,2025-10-15 09:35:27,385349,862689070136657,3220,GTERI,4.18,00008200,698407,13967,81,00,22,,,12,1,0724,0005,BFF7,06913D08,83.5,35,851.3,-24.086387,-49.844867,647.5,,7,0,2,28,,,,,,,,,,,,,,,,1,93.6,3,874.6,-49.847175,-24.104115,2025-10-15 09:33:55,13,645.4,10,+BUFF:
2025-10-15 09:32:33,2025-10-15 09:32:33,2025-10-15 09:32:27,385349,862689070136657,3218,GTERI,4.18,00008200,698407,13967,81,00,22,,,10,1,0724,0005,BFF7,0691480A,50.4,298,879.5,-24.118248,-49.845572,643.5,,20,0,2,28,,,,,,,,,,,,,,,,1,105.7,354,891.1,-49.836900,-24.128953,2025-10-15 09:30:49,10,641.9,10,+RESP:
2025-10-15 09:32:27,2025-10-15 09:29:33,2025-10-15 09:29:27,385349,862689070136657,3216,GTERI,4.17,00008200,698407,13959,81,00,22,,,9,1,0724,0005,BFF7,0690950A,83.5,306,893.7,-24.138965,-49.827185,640.4,,20,0,2,28,,,,,,,,,,,,,,,,1,85.0,308,897.1,-49.827913,-24.138452,2025-10-15 09:29:31,9,640.4,10,+RESP:
2025-10-15 09:32:27,2025-10-15 09:26:35,2025-10-15 09:26:34,385349,862689070136657,3215,GTERI,4.00,00008200,698407,13895,81,00,22,,,7,2,0724,0005,BFF7,06909508,9.6,283,878.9,-24.147102,-49.820598,638.8,,19,0,2,28,,,,,,,,,,,,,,,,2,9.6,283,878.9,-49.820598,-24.147102,2025-10-15 09:26:34,7,638.8,10,+RESP:
2025-10-15 09:32:26,2025-10-15 09:26:26,2025-10-15 09:11:19,385349,862689070136657,3213,GTIGN,4.00,,698407,13042,81,00,21,,916,9,1,0724,0005,BFF7,06909508,0.0,347,864.3,-24.147053,-49.820483,638.8,,,,,,,,,,,,,,,,,,,,,,,,,,,,,,,+BUFF:
2025-10-15 09:11:30,2025-10-15 09:11:19,,385349,862689070136657,3212,GTCRD
2025-10-15 09:11:29,2025-10-15 09:11:19,,385349,862689070136657,3211,GTCRD
2025-10-15 09:11:29,2025-10-15 09:11:19,,385349,862689070136657,3210,GTCRD
2025-10-15 09:11:28,2025-10-15 09:11:19,,385349,862689070136657,3209,GTCRD
2025-10-15 09:11:28,2025-10-15 09:11:19,,385349,862689070136657,3208,GTCRD
2025-10-15 09:11:27,2025-10-15 09:11:19,,385349,862689070136657,3207,GTCRD
2025-10-15 09:11:27,2025-10-15 09:11:19,,385349,862689070136657,3206,GTCRD
2025-10-15 09:11:26,2025-10-15 09:11:19,,385349,862689070136657,3205,GTCRD
2025-10-15 09:11:26,2025-10-15 09:11:19,,385349,862689070136657,3204,GTCRD
2025-10-15 09:11:25,2025-10-15 09:11:19,,385349,862689070136657,3203,GTCRD
2025-10-15 09:11:25,2025-10-15 09:11:19,,385349,862689070136657,3202,GTCRD
2025-10-15 09:11:24,2025-10-15 09:11:19,,385349,862689070136657,3201,GTCRD
2025-10-15 09:11:24,2025-10-15 09:11:19,,385349,862689070136657,3200,GTCRD
2025-10-15 09:11:23,2025-10-15 09:11:19,,385349,862689070136657,3199,GTCRD
2025-10-15 09:11:23,2025-10-15 09:11:19,,385349,862689070136657,3198,GTCRD
2025-10-15 09:11:22,2025-10-15 09:11:15,,385349,862689070136657,3197,GTCRD
2025-10-15 09:11:22,2025-10-15 09:11:15,,385349,862689070136657,3196,GTCRD
2025-10-15 09:11:21,2025-10-15 09:11:15,,385349,862689070136657,3195,GTCRD
2025-10-15 09:11:21,2025-10-15 09:11:15,,385349,862689070136657,3194,GTCRD
2025-10-15 09:11:20,2025-10-15 09:11:15,,385349,862689070136657,3193,GTCRD
2025-10-15 09:11:20,2025-10-15 09:11:15,,385349,862689070136657,3192,GTCRD
2025-10-15 09:11:19,2025-10-15 09:11:15,,385349,862689070136657,3191,GTCRD
2025-10-15 09:11:19,2025-10-15 09:11:15,,385349,862689070136657,3190,GTCRD
2025-10-15 09:11:18,2025-10-15 09:11:15,,385349,862689070136657,3189,GTCRD
2025-10-15 09:11:17,2025-10-15 09:11:15,,385349,862689070136657,3188,GTCRD
2025-10-15 09:11:17,2025-10-15 09:11:15,,385349,862689070136657,3187,GTCRD
2025-10-15 09:11:16,2025-10-15 09:11:15,,385349,862689070136657,3186,GTCRD
2025-10-15 09:11:16,2025-10-15 09:11:15,,385349,862689070136657,3185,GTCRD
2025-10-15 09:11:16,2025-10-15 09:11:15,,385349,862689070136657,3184,GTCRD
2025-10-15 09:11:15,2025-10-15 09:11:15,,385349,862689070136657,3183,GTCRD
2025-10-15 09:11:15,2025-10-15 09:11:15,,385349,862689070136657,3182,GTCRA
2025-10-15 09:11:11,2025-10-15 09:11:10,2025-10-15 09:11:10,385349,862689070136657,3181,GTERI,4.16,00008200,698407,13412,80,00,12,,,9,1,0724,0005,BFF7,06909508,0.0,347,864.3,-24.147053,-49.820483,638.8,,18,0,2,28,,,,,,,,,,,,,,,,1,0.0,347,864.3,-49.820483,-24.147053,2025-10-15 09:11:10,9,638.8,10,+RESP:
2025-10-15 09:11:10,2025-10-15 09:11:10,2025-10-15 09:11:09,385349,862689070136657,3180,GTIGF,4.16,,698407,13863,80,00,12,140,,9,0,0724,0005,BFF7,06909508,0.0,347,864.3,-24.147053,-49.820483,638.8,,,,,,,,,,,,,,,,,,,,,,,,,,,,,,,+RESP:
2025-10-15 09:09:05,2025-10-15 09:09:06,2025-10-15 09:09:05,385349,862689070136657,3178,GTERI,4.00,00008200,698407,13927,81,00,21,,,6,1,0724,0005,BFF7,06909508,1.4,349,891.8,-24.148403,-49.823942,637.8,,25,0,2,28,,,,,,,,,,,,,,,,1,1.4,349,891.8,-49.823942,-24.148403,2025-10-15 09:09:05,6,637.8,10,+RESP:
2025-10-15 09:08:50,2025-10-15 09:08:50,2025-10-15 09:02:48,385349,862689070136657,3176,GTIGN,4.00,,698407,12873,81,00,21,,362,12,1,0724,0005,BFF7,06909508,0.0,214,884.5,-24.148355,-49.823883,637.8,,,,,,,,,,,,,,,,,,,,,,,,,,,,,,,+RESP:
2025-10-15 09:02:48,2025-10-15 09:02:49,2025-10-15 09:02:48,385349,862689070136657,3175,GTERI,4.16,00008200,698407,13694,80,00,12,,,12,1,0724,0005,BFF7,06909508,0.0,214,884.5,-24.148355,-49.823883,637.8,,26,0,2,28,,,,,,,,,,,,,,,,1,0.0,214,884.5,-49.823883,-24.148355,2025-10-15 09:02:48,12,637.8,10,+RESP:
2025-10-15 09:02:48,2025-10-15 09:02:48,2025-10-15 09:02:47,385349,862689070136657,3174,GTIGF,4.16,,698407,13855,80,00,12,180,,12,0,0724,0005,BFF7,06909508,0.0,214,884.5,-24.148355,-49.823883,637.8,,,,,,,,,,,,,,,,,,,,,,,,,,,,,,,+RESP:
2025-10-15 09:00:03,2025-10-15 09:00:03,2025-10-15 09:00:02,385349,862689070136657,3172,GTERI,3.99,00008200,698407,13388,81,00,22,,,9,1,0724,0005,BFF7,06909508,12.9,71,859.1,-24.147420,-49.822952,637.0,,26,0,2,28,,,,,,,,,,,,,,,,1,12.9,71,859.1,-49.822952,-24.147420,2025-10-15 09:00:02,9,637.0,10,+RESP:
2025-10-15 08:59:52,2025-10-15 08:59:48,2025-10-15 08:43:11,385349,862689070136657,3170,GTIGN,3.97,,698407,12519,81,00,22,,58460,7,1,0724,0005,BFF7,06909508,0.0,325,862.3,-24.147285,-49.823060,637.0,,,,,,,,,,,,,,,,,,,,,,,,,,,,,,,+RESP:
2025-10-15 08:45:28,2025-10-15 08:45:28,2025-10-15 08:43:11,385349,862689070136657,3169,GTERI,3.98,00008200,698407,12897,80,00,11,,,7,1,0724,0005,BFF7,06909508,0.0,325,862.3,-24.147285,-49.823060,637.0,,24,0,2,28,,,,,,,,,,,,,,,,1,0.0,325,862.3,-49.823060,-24.147285,2025-10-15 08:43:11,7,637.0,10,+RESP:
2025-10-15 07:45:28,2025-10-15 07:45:28,2025-10-15 07:43:06,385349,862689070136657,3168,GTERI,4.03,00008200,698407,12905,80,00,11,,,9,1,0724,0005,BFF7,06909508,0.0,325,862.3,-24.147285,-49.823060,637.0,,24,0,2,28,,,,,,,,,,,,,,,,1,0.0,325,862.3,-49.823060,-24.147285,2025-10-15 07:43:06,9,637.0,10,+RESP:
2025-10-15 06:45:28,2025-10-15 06:45:28,2025-10-15 06:43:07,385349,862689070136657,3167,GTERI,4.06,00008200,698407,12905,80,00,11,,,9,1,0724,0005,BFF7,06909508,0.0,325,862.3,-24.147285,-49.823060,637.0,,22,0,2,28,,,,,,,,,,,,,,,,1,0.0,325,862.3,-49.823060,-24.147285,2025-10-15 06:43:07,9,637.0,10,+RESP:
2025-10-15 05:45:28,2025-10-15 05:45:28,2025-10-15 05:43:10,385349,862689070136657,3166,GTERI,4.08,00008200,698407,12905,80,00,11,,,9,1,0724,0005,BFF7,06909508,0.0,325,862.3,-24.147285,-49.823060,637.0,,23,0,2,28,,,,,,,,,,,,,,,,1,0.0,325,862.3,-49.823060,-24.147285,2025-10-15 05:43:10,9,637.0,10,+RESP:
2025-10-15 04:45:28,2025-10-15 04:45:28,2025-10-15 04:43:08,385349,862689070136657,3165,GTERI,4.12,00008200,698407,12921,80,00,11,,,8,1,0724,0005,BFF7,06909508,0.0,325,862.3,-24.147285,-49.823060,637.0,,23,0,2,28,,,,,,,,,,,,,,,,1,0.0,325,862.3,-49.823060,-24.147285,2025-10-15 04:43:08,8,637.0,10,+RESP:
2025-10-15 03:45:28,2025-10-15 03:45:28,2025-10-15 03:43:08,385349,862689070136657,3164,GTERI,4.19,00008200,698407,12801,80,00,11,,,9,1,0724,0005,BFF7,06909508,0.0,325,862.3,-24.147285,-49.823060,637.0,,23,0,2,28,,,,,,,,,,,,,,,,1,0.0,325,862.3,-49.823060,-24.147285,2025-10-15 03:43:08,9,637.0,10,+RESP:
2025-10-15 02:45:28,2025-10-15 02:45:28,2025-10-15 02:43:07,385349,862689070136657,3163,GTERI,4.12,00008200,698407,12712,80,00,11,,,8,1,0724,0005,BFF7,06909508,0.0,325,862.3,-24.147285,-49.823060,637.0,,24,0,2,28,,,,,,,,,,,,,,,,1,0.0,325,862.3,-49.823060,-24.147285,2025-10-15 02:43:07,8,637.0,10,+RESP:
2025-10-15 01:45:28,2025-10-15 01:45:28,2025-10-15 01:43:31,385349,862689070136657,3162,GTERI,3.84,00008200,698407,12938,80,00,11,,,8,1,0724,0005,BFF7,06909508,0.0,325,862.3,-24.147285,-49.823060,637.0,,23,0,2,28,,,,,,,,,,,,,,,,1,0.0,325,862.3,-49.823060,-24.147285,2025-10-15 01:43:31,8,637.0,10,+RESP:
2025-10-15 00:45:28,2025-10-15 00:45:28,2025-10-15 00:43:15,385349,862689070136657,3161,GTERI,3.86,00008200,698407,12946,80,00,11,,,4,1,0724,0005,BFF7,06909508,0.0,325,862.3,-24.147285,-49.823060,637.0,,24,0,2,28,,,,,,,,,,,,,,,,1,0.0,325,862.3,-49.823060,-24.147285,2025-10-15 00:43:15,4,637.0,10,+RESP:
