Data/Hora Inclusão,Data/Hora Evento,GNSS UTC Time,MS GNSS UTC Time,IMEI,Sequência,Tipo Mensagem,Máscara Report,Máscara ERI,Tipo Dispositivo,Versão Protocolo,Versão Firmware,Bateria Interna,Alimentação Externa,Analog Input Mode,Analog Input1 Voltage,Digital Input Status,Digital Output Status,Motion Status,Satélites,MS Satellite Number,Duração da Ignição,Precisão GNSS,MS GNSS Accuracy,Velocidade,Max Speed,Azimuth,MS Azimuth,Altitude,MS Altitude,Latitude,MS Latitude,Longitude,MS Longitude,MCC,MNC,LAC,Cell ID,Hodômetro Atual,Hodômetro Total,MS Mileage,Horímetro Atual,Horímetro Total,Motivo Power Off,Motivo Power On,ID,ID Report Type,Comando Customizado,Battery Status,Backup Battery Voltage,Network Type,RAT,Band,IGN Trigger Data,GNSS Trigger Type,Position Report Type,GNSS Signal Status
2025-09-29 16:54:28,2025-09-29 16:54:28,2025-09-29 16:02:31,2025-09-29 12:39:06,867488067684034,416,GTIGN,0x19fe7fbf,,802003,0x8303,0x0115,46,25750,0000,0000,01,00,22,7,12,14081,00,01,0.0,50.3,76,274,1072,1073,-25.042738,-25.063441,-51.534174,-51.532883,0724,0004,85da,0f6ad116,0.0,0.0,37.0,0:00:00,2:25:29,-,-,0,-,,,,,,,,,,
2025-09-29 16:54:28,2025-09-29 16:54:28,2025-09-29 16:02:31,2025-09-29 16:02:31,867488067684034,417,GTSTT,0x19fe7fbf,,802003,0x8303,0x0115,46,25750,0000,0000,01,00,22,7,7,-,00,00,0.0,0.0,76,76,1072,1072,-25.042738,-25.042738,-51.534174,-51.534174,0724,0004,85da,0f6ad116,0.0,0.0,0.0,0:00:00,2:25:29,-,-,0,-,,,,,,,,,,
2025-09-29 16:54:39,2025-09-29 16:54:39,2025-09-29 16:54:39,2025-09-29 16:54:39,867488067684034,418,GTERI,0x19fe3fbf,0x00028102,802003,0x8303,0x0115,46,24281,0000,-,01,00,22,7,7,-,01,01,0.0,0.0,76,76,1054,1054,-25.042761,-25.042761,-51.534011,-51.534011,0724,0004,85da,0f6ad116,0.0,0.0,0.0,0:00:09,2:25:38,-,-,0,-,,,,,04,1,00000000,00,10,
2025-09-29 16:54:39,2025-09-29 16:54:39,2025-09-29 16:54:39,2025-09-29 16:54:39,867488067684034,419,GTIGL,0x19fe7fbf,,802003,0x8303,0x0115,46,24281,0000,0000,01,00,22,7,7,-,01,01,0.0,0.0,76,76,1054,1054,-25.042761,-25.042761,-51.534011,-51.534011,0724,0004,85da,0f6ad116,0.0,0.0,0.0,0:00:09,2:25:38,-,-,0,-,,,,,,,,,00,
2025-09-29 16:56:09,,,,867488067684034,420,HBD,,,,,,,,,,,,,,,,,,,,,,,,,,,,,,,,,,,,,,,,,,,,,,,,,,
2025-09-29 16:57:34,2025-09-29 16:57:34,2025-09-29 16:57:32,2025-09-29 16:57:24,867488067684034,422,GTERI,0x19fe3fbf,0x00028102,802003,0x8303,0x0115,45,27848,0000,-,01,00,22,12,12,-,01,01,33.7,44.2,168,167,1049,1048,-25.045285,-25.044542,-51.536033,-51.536227,0724,0004,85da,0f6ad116,0.6,0.6,0.5,0:03:06,2:28:35,-,-,0,-,,,,,04,1,00000000,00,10,
2025-09-29 16:58:10,,,,867488067684034,423,HBD,,,,,,,,,,,,,,,,,,,,,,,,,,,,,,,,,,,,,,,,,,,,,,,,,,
2025-09-29 16:58:32,,,,867488067684034,425,ACK,,,,,,,,,,,,,,,,,,,,,,,,,,,,,,,,,,,,,,,,,,,,,,,,,,
2025-09-29 16:58:32,,,,867488067684034,426,ACK,,,,,,,,,,,,,,,,,,,,,,,,,,,,,,,,,,,,,,,,,,,,,,,,,,
2025-09-29 16:58:33,,,,867488067684034,427,ACK,,,,,,,,,,,,,,,,,,,,,,,,,,,,,,,,,,,,,,,,,,,,,,,,,,
2025-09-29 17:00:10,,,,867488067684034,428,HBD,,,,,,,,,,,,,,,,,,,,,,,,,,,,,,,,,,,,,,,,,,,,,,,,,,
2025-09-29 17:00:34,2025-09-29 17:00:34,2025-09-29 17:00:32,2025-09-29 16:57:49,867488067684034,430,GTERI,0x19fe3fbf,0x00028102,802003,0x8303,0x0115,45,27781,0000,-,01,00,22,12,12,-,01,01,0.0,38.9,168,169,1056,1052,-25.048502,-25.046382,-51.53626,-51.535773,0724,0004,85da,0f6ad10a,1.0,1.0,0.7,0:06:07,2:31:36,-,-,0,-,,,,,04,3,00000000,00,10,
2025-09-29 17:02:11,,,,867488067684034,431,HBD,,,,,,,,,,,,,,,,,,,,,,,,,,,,,,,,,,,,,,,,,,,,,,,,,,
2025-09-29 17:03:34,2025-09-29 17:03:34,2025-09-29 17:03:32,2025-09-29 17:02:10,867488067684034,433,GTERI,0x19fe3fbf,0x00028102,802003,0x8303,0x0115,45,27800,0000,-,01,00,22,12,12,-,01,01,0.0,48.3,168,175,1076,1060,-25.05226,-25.050336,-51.534981,-51.535245,0724,0004,85da,0f6ad10a,1.5,1.5,1.3,0:09:07,2:34:36,-,-,0,-,,,,,04,3,00000000,00,10,
2025-09-29 17:04:11,,,,867488067684034,434,HBD,,,,,,,,,,,,,,,,,,,,,,,,,,,,,,,,,,,,,,,,,,,,,,,,,,
2025-09-29 17:04:12,2025-09-29 17:04:12,2025-09-29 17:04:11,,867488067684034,435,GTASC,,,,,,,,,,,,,,,,,,,,,,,,,,,,,,,,,,,,,,,,,,,,,,,,,,
2025-09-29 17:06:12,,,,867488067684034,437,HBD,,,,,,,,,,,,,,,,,,,,,,,,,,,,,,,,,,,,,,,,,,,,,,,,,,
2025-09-29 17:06:34,2025-09-29 17:06:34,2025-09-29 17:06:32,2025-09-29 17:04:31,867488067684034,439,GTERI,0x19fe3fbf,0x00028102,802003,0x8303,0x0115,45,27963,0000,-,01,00,22,12,12,-,01,01,30.4,37.7,99,83,1051,1068,-25.051972,-25.050537,-51.526059,-51.534119,0724,0004,85da,0f6ad109,2.7,2.7,1.8,0:12:07,2:37:36,-,-,0,-,,,,,04,3,00000000,00,10,
2025-09-29 17:08:12,,,,867488067684034,440,HBD,,,,,,,,,,,,,,,,,,,,,,,,,,,,,,,,,,,,,,,,,,,,,,,,,,
2025-09-29 17:09:17,2025-09-29 17:09:17,2025-09-29 17:09:16,2025-09-29 17:09:09,867488067684034,442,GTBTC,0x19fe7fbf,,802003,0x8303,0x0115,45,27761,0000,0000,01,00,22,12,12,-,01,01,29.9,34.9,170,164,1013,1013,-25.054785,-25.054238,-51.519014,-51.519123,0724,0004,85da,0f79f10d,3.6,3.6,3.6,0:14:49,2:40:18,-,-,0,-,,,,,,,,,,
2025-09-29 17:09:34,2025-09-29 17:09:34,2025-09-29 17:09:32,2025-09-29 17:09:17,867488067684034,443,GTERI,0x19fe3fbf,0x00028102,802003,0x8303,0x0115,48,27767,0000,-,01,00,22,12,12,-,01,01,13.0,29.3,158,166,1017,1012,-25.055584,-25.054857,-51.518632,-51.518996,0724,0004,85da,0f79f10d,3.7,3.7,3.7,0:15:07,2:40:36,-,-,0,-,,,,,04,28,00000000,00,10,
2025-09-29 17:10:13,,,,867488067684034,444,HBD,,,,,,,,,,,,,,,,,,,,,,,,,,,,,,,,,,,,,,,,,,,,,,,,,,
2025-09-29 17:12:13,,,,867488067684034,446,HBD,,,,,,,,,,,,,,,,,,,,,,,,,,,,,,,,,,,,,,,,,,,,,,,,,,
2025-09-29 17:12:34,2025-09-29 17:12:34,2025-09-29 17:12:32,2025-09-29 17:10:54,867488067684034,448,GTERI,0x19fe3fbf,0x00028102,802003,0x8303,0x0115,63,27946,0000,-,01,00,22,12,12,-,01,01,31.0,34.9,279,14,1044,1011,-25.052029,-25.053648,-51.525439,-51.519062,0724,0004,85da,0f6ad109,4.7,4.7,4.0,0:18:07,2:43:36,-,-,0,-,,,,,04,3,00000000,00,10,
2025-09-29 17:14:14,,,,867488067684034,449,HBD,,,,,,,,,,,,,,,,,,,,,,,,,,,,,,,,,,,,,,,,,,,,,,,,,,
2025-09-29 17:14:23,2025-09-29 17:14:23,2025-09-29 17:14:22,2025-09-29 17:12:34,867488067684034,450,GTSTC,0x19fe7fbf,,802003,0x8303,0x0115,64,27914,0000,0000,01,00,22,12,12,-,01,01,24.9,29.6,339,279,1086,1045,-25.049863,-25.052005,-51.531259,-51.525604,0724,0004,85da,0f6ad10a,5.4,5.4,4.7,0:19:55,2:45:24,-,-,0,-,,,,,,,,,,
2025-09-29 17:15:34,2025-09-29 17:15:34,2025-09-29 17:15:32,2025-09-29 17:15:31,867488067684034,452,GTERI,0x19fe3fbf,0x00028102,802003,0x8303,0x0115,63,27868,0000,-,01,00,22,12,12,-,01,01,43.0,43.8,263,263,1065,1066,-25.048239,-25.048226,-51.532972,-51.532854,0724,0004,85da,0f6ad10a,5.8,5.8,5.7,0:21:07,2:46:36,-,-,0,-,,,,,04,3,00000000,00,10,
2025-09-29 17:16:14,,,,867488067684034,453,HBD,,,,,,,,,,,,,,,,,,,,,,,,,,,,,,,,,,,,,,,,,,,,,,,,,,
2025-09-29 17:18:15,,,,867488067684034,455,HBD,,,,,,,,,,,,,,,,,,,,,,,,,,,,,,,,,,,,,,,,,,,,,,,,,,
2025-09-29 17:18:34,2025-09-29 17:18:34,2025-09-29 17:18:32,2025-09-29 17:15:34,867488067684034,457,GTERI,0x19fe3fbf,0x00028102,802003,0x8303,0x0115,67,27845,0000,-,01,00,22,12,12,-,01,01,13.9,42.9,174,265,1021,1064,-25.047251,-25.048259,-51.540883,-51.533208,0724,0004,85da,0f6ad116,6.9,6.9,5.8,0:24:07,2:49:36,-,-,0,-,,,,,04,1,00000000,00,10,
2025-09-29 17:18:43,2025-09-29 17:18:43,2025-09-29 17:18:42,2025-09-29 17:18:42,867488067684034,458,GTIGF,0x19fe7fbf,,802003,0x8303,0x0115,67,27699,0000,0000,00,00,12,12,12,1455,01,01,0.0,0.0,174,174,1022,1022,-25.047372,-25.047372,-51.540869,-51.540869,0724,0004,85da,0f6ad116,6.9,6.9,6.9,0:24:16,2:49:45,-,-,0,-,,,,,,,,,,
2025-09-29 17:18:43,2025-09-29 17:18:43,2025-09-29 17:18:42,2025-09-29 17:18:42,867488067684034,459,GTSTT,0x19fe7fbf,,802003,0x8303,0x0115,67,27699,0000,0000,00,00,12,12,12,-,01,01,0.0,0.0,174,174,1022,1022,-25.047372,-25.047372,-51.540869,-51.540869,0724,0004,85da,0f6ad116,6.9,6.9,6.9,0:24:16,2:49:45,-,-,0,-,,,,,,,,,,
2025-09-29 17:18:43,2025-09-29 17:18:43,2025-09-29 17:18:43,2025-09-29 17:18:43,867488067684034,460,GTIGL,0x19fe7fbf,,802003,0x8303,0x0115,67,27699,0000,0000,00,00,12,12,12,-,01,01,0.0,0.0,174,174,1022,1022,-25.047372,-25.047372,-51.540869,-51.540869,0724,0004,85da,0f6ad116,6.9,6.9,6.9,0:24:16,2:49:45,-,-,0,-,,,,,,,,,01,
2025-09-29 17:18:44,2025-09-29 17:18:43,2025-09-29 17:18:43,2025-09-29 17:18:43,867488067684034,461,GTSTC,0x19fe7fbf,,802003,0x8303,0x0115,67,27699,0000,0000,00,00,12,12,12,-,00,00,0.0,0.0,174,174,1022,1022,-25.047372,-25.047372,-51.540869,-51.540869,0724,0004,85da,0f6ad116,6.9,6.9,6.9,0:24:16,2:49:45,-,-,0,-,,,,,,,,,,
2025-09-29 17:18:44,,,,867488067684034,462,ACK,,,,,,,,,,,,,,,,,,,,,,,,,,,,,,,,,,,,,,,,,,,,,,,,,,
2025-09-29 17:18:45,,,,867488067684034,463,ACK,,,,,,,,,,,,,,,,,,,,,,,,,,,,,,,,,,,,,,,,,,,,,,,,,,
2025-09-29 17:20:08,,,,867488067684034,464,HBD,,,,,,,,,,,,,,,,,,,,,,,,,,,,,,,,,,,,,,,,,,,,,,,,,,
2025-09-29 17:20:08,2025-09-29 17:20:09,2025-09-29 17:20:08,2025-09-29 17:20:08,867488067684034,465,GTSTT,0x19fe7fbf,,802003,0x8303,0x0115,54,26043,0000,0000,00,00,11,12,12,-,01,01,0.0,0.0,174,174,1022,1022,-25.047372,-25.047372,-51.540869,-51.540869,0724,0004,85da,0f6ad116,6.9,6.9,6.9,0:24:16,2:49:45,-,-,0,-,,,,,,,,,,
2025-09-29 17:21:34,2025-09-29 17:21:34,2025-09-29 17:21:32,2025-09-29 17:21:32,867488067684034,467,GTERI,0x19fe3fbf,0x00028102,802003,0x8303,0x0115,52,26095,0000,-,00,00,11,12,12,-,01,01,0.0,0.0,174,174,1022,1022,-25.047372,-25.047372,-51.540869,-51.540869,0724,0004,85da,0f6ad116,6.9,6.9,6.9,0:24:16,2:49:45,-,-,0,-,,,,,04,1,00000000,00,10,
2025-09-29 17:22:16,,,,867488067684034,468,HBD,,,,,,,,,,,,,,,,,,,,,,,,,,,,,,,,,,,,,,,,,,,,,,,,,,
2025-09-29 17:23:43,,,,867488067684034,470,HBD,,,,,,,,,,,,,,,,,,,,,,,,,,,,,,,,,,,,,,,,,,,,,,,,,,
2025-09-29 17:23:43,2025-09-29 17:23:43,2025-09-29 17:23:43,2025-09-29 17:23:43,867488067684034,471,GTERI,0x19fe3fbf,0x00028102,802003,0x8303,0x0115,51,26071,0000,-,00,00,11,12,12,-,01,01,0.0,0.0,174,174,1022,1022,-25.047372,-25.047372,-51.540869,-51.540869,0724,0004,85da,0f6ad116,6.9,6.9,6.9,0:24:16,2:49:45,-,-,0,-,,,,,04,1,00000000,00,10,
2025-09-29 17:26:16,,,,867488067684034,472,HBD,,,,,,,,,,,,,,,,,,,,,,,,,,,,,,,,,,,,,,,,,,,,,,,,,,
2025-09-29 17:28:17,,,,867488067684034,473,HBD,,,,,,,,,,,,,,,,,,,,,,,,,,,,,,,,,,,,,,,,,,,,,,,,,,
2025-09-29 17:30:17,,,,867488067684034,474,HBD,,,,,,,,,,,,,,,,,,,,,,,,,,,,,,,,,,,,,,,,,,,,,,,,,,
2025-09-29 17:32:18,,,,867488067684034,475,HBD,,,,,,,,,,,,,,,,,,,,,,,,,,,,,,,,,,,,,,,,,,,,,,,,,,
2025-09-29 17:34:18,,,,867488067684034,476,HBD,,,,,,,,,,,,,,,,,,,,,,,,,,,,,,,,,,,,,,,,,,,,,,,,,,
2025-09-29 17:36:19,,,,867488067684034,477,HBD,,,,,,,,,,,,,,,,,,,,,,,,,,,,,,,,,,,,,,,,,,,,,,,,,,
2025-09-29 17:38:19,,,,867488067684034,478,HBD,,,,,,,,,,,,,,,,,,,,,,,,,,,,,,,,,,,,,,,,,,,,,,,,,,
2025-09-29 17:40:20,,,,867488067684034,479,HBD,,,,,,,,,,,,,,,,,,,,,,,,,,,,,,,,,,,,,,,,,,,,,,,,,,
2025-09-29 17:42:20,,,,867488067684034,480,HBD,,,,,,,,,,,,,,,,,,,,,,,,,,,,,,,,,,,,,,,,,,,,,,,,,,
2025-09-29 17:44:20,,,,867488067684034,481,HBD,,,,,,,,,,,,,,,,,,,,,,,,,,,,,,,,,,,,,,,,,,,,,,,,,,
2025-09-29 17:46:21,,,,867488067684034,482,HBD,,,,,,,,,,,,,,,,,,,,,,,,,,,,,,,,,,,,,,,,,,,,,,,,,,
2025-09-29 17:48:21,,,,867488067684034,483,HBD,,,,,,,,,,,,,,,,,,,,,,,,,,,,,,,,,,,,,,,,,,,,,,,,,,
2025-09-29 17:50:22,,,,867488067684034,484,HBD,,,,,,,,,,,,,,,,,,,,,,,,,,,,,,,,,,,,,,,,,,,,,,,,,,
2025-09-29 17:52:22,,,,867488067684034,485,HBD,,,,,,,,,,,,,,,,,,,,,,,,,,,,,,,,,,,,,,,,,,,,,,,,,,
2025-09-29 17:54:23,,,,867488067684034,486,HBD,,,,,,,,,,,,,,,,,,,,,,,,,,,,,,,,,,,,,,,,,,,,,,,,,,
2025-09-29 17:56:23,,,,867488067684034,487,HBD,,,,,,,,,,,,,,,,,,,,,,,,,,,,,,,,,,,,,,,,,,,,,,,,,,
2025-09-29 17:58:23,,,,867488067684034,488,HBD,,,,,,,,,,,,,,,,,,,,,,,,,,,,,,,,,,,,,,,,,,,,,,,,,,
2025-09-29 18:00:24,,,,867488067684034,489,HBD,,,,,,,,,,,,,,,,,,,,,,,,,,,,,,,,,,,,,,,,,,,,,,,,,,
2025-09-29 18:02:24,,,,867488067684034,490,HBD,,,,,,,,,,,,,,,,,,,,,,,,,,,,,,,,,,,,,,,,,,,,,,,,,,
2025-09-29 18:04:25,,,,867488067684034,491,HBD,,,,,,,,,,,,,,,,,,,,,,,,,,,,,,,,,,,,,,,,,,,,,,,,,,
2025-09-29 18:06:25,,,,867488067684034,492,HBD,,,,,,,,,,,,,,,,,,,,,,,,,,,,,,,,,,,,,,,,,,,,,,,,,,
2025-09-29 18:08:26,,,,867488067684034,493,HBD,,,,,,,,,,,,,,,,,,,,,,,,,,,,,,,,,,,,,,,,,,,,,,,,,,
2025-09-29 18:10:26,,,,867488067684034,494,HBD,,,,,,,,,,,,,,,,,,,,,,,,,,,,,,,,,,,,,,,,,,,,,,,,,,
2025-09-29 18:12:27,,,,867488067684034,495,HBD,,,,,,,,,,,,,,,,,,,,,,,,,,,,,,,,,,,,,,,,,,,,,,,,,,
2025-09-29 18:14:27,,,,867488067684034,496,HBD,,,,,,,,,,,,,,,,,,,,,,,,,,,,,,,,,,,,,,,,,,,,,,,,,,
2025-09-29 18:16:27,,,,867488067684034,497,HBD,,,,,,,,,,,,,,,,,,,,,,,,,,,,,,,,,,,,,,,,,,,,,,,,,,
2025-09-29 18:18:28,,,,867488067684034,498,HBD,,,,,,,,,,,,,,,,,,,,,,,,,,,,,,,,,,,,,,,,,,,,,,,,,,
2025-09-29 18:20:28,,,,867488067684034,499,HBD,,,,,,,,,,,,,,,,,,,,,,,,,,,,,,,,,,,,,,,,,,,,,,,,,,
2025-09-29 18:22:29,,,,867488067684034,500,HBD,,,,,,,,,,,,,,,,,,,,,,,,,,,,,,,,,,,,,,,,,,,,,,,,,,
2025-09-29 18:23:38,2025-09-29 18:23:38,2025-09-29 18:21:11,2025-09-29 18:21:11,867488067684034,501,GTERI,0x19fe3fbf,0x00028102,802003,0x8303,0x0115,50,25895,0000,-,00,00,11,12,12,-,01,01,0.0,0.0,174,174,1022,1022,-25.047372,-25.047372,-51.540869,-51.540869,0724,0004,85da,0f6ad116,6.9,6.9,6.9,0:24:16,2:49:45,-,-,0,-,,,,,04,1,00000000,00,10,
2025-09-29 18:24:29,,,,867488067684034,502,HBD,,,,,,,,,,,,,,,,,,,,,,,,,,,,,,,,,,,,,,,,,,,,,,,,,,
2025-09-29 18:26:30,,,,867488067684034,503,HBD,,,,,,,,,,,,,,,,,,,,,,,,,,,,,,,,,,,,,,,,,,,,,,,,,,
2025-09-29 18:28:30,,,,867488067684034,504,HBD,,,,,,,,,,,,,,,,,,,,,,,,,,,,,,,,,,,,,,,,,,,,,,,,,,
2025-09-29 18:30:30,,,,867488067684034,505,HBD,,,,,,,,,,,,,,,,,,,,,,,,,,,,,,,,,,,,,,,,,,,,,,,,,,
2025-09-29 18:32:31,,,,867488067684034,506,HBD,,,,,,,,,,,,,,,,,,,,,,,,,,,,,,,,,,,,,,,,,,,,,,,,,,
2025-09-29 18:34:31,,,,867488067684034,507,HBD,,,,,,,,,,,,,,,,,,,,,,,,,,,,,,,,,,,,,,,,,,,,,,,,,,
2025-09-29 18:36:32,,,,867488067684034,508,HBD,,,,,,,,,,,,,,,,,,,,,,,,,,,,,,,,,,,,,,,,,,,,,,,,,,
2025-09-29 18:38:32,,,,867488067684034,509,HBD,,,,,,,,,,,,,,,,,,,,,,,,,,,,,,,,,,,,,,,,,,,,,,,,,,
2025-09-29 18:40:33,,,,867488067684034,510,HBD,,,,,,,,,,,,,,,,,,,,,,,,,,,,,,,,,,,,,,,,,,,,,,,,,,
2025-09-29 18:42:33,,,,867488067684034,511,HBD,,,,,,,,,,,,,,,,,,,,,,,,,,,,,,,,,,,,,,,,,,,,,,,,,,
2025-09-29 18:44:34,,,,867488067684034,512,HBD,,,,,,,,,,,,,,,,,,,,,,,,,,,,,,,,,,,,,,,,,,,,,,,,,,
2025-09-29 18:46:34,,,,867488067684034,513,HBD,,,,,,,,,,,,,,,,,,,,,,,,,,,,,,,,,,,,,,,,,,,,,,,,,,
2025-09-29 18:48:34,,,,867488067684034,514,HBD,,,,,,,,,,,,,,,,,,,,,,,,,,,,,,,,,,,,,,,,,,,,,,,,,,
2025-09-29 18:50:35,,,,867488067684034,515,HBD,,,,,,,,,,,,,,,,,,,,,,,,,,,,,,,,,,,,,,,,,,,,,,,,,,
2025-09-29 18:52:35,,,,867488067684034,516,HBD,,,,,,,,,,,,,,,,,,,,,,,,,,,,,,,,,,,,,,,,,,,,,,,,,,
2025-09-29 18:54:36,,,,867488067684034,517,HBD,,,,,,,,,,,,,,,,,,,,,,,,,,,,,,,,,,,,,,,,,,,,,,,,,,
2025-09-29 18:56:36,,,,867488067684034,518,HBD,,,,,,,,,,,,,,,,,,,,,,,,,,,,,,,,,,,,,,,,,,,,,,,,,,
2025-09-29 18:58:37,,,,867488067684034,519,HBD,,,,,,,,,,,,,,,,,,,,,,,,,,,,,,,,,,,,,,,,,,,,,,,,,,
2025-09-29 19:00:37,,,,867488067684034,520,HBD,,,,,,,,,,,,,,,,,,,,,,,,,,,,,,,,,,,,,,,,,,,,,,,,,,
2025-09-29 19:02:37,,,,867488067684034,521,HBD,,,,,,,,,,,,,,,,,,,,,,,,,,,,,,,,,,,,,,,,,,,,,,,,,,
2025-09-29 19:04:38,,,,867488067684034,522,HBD,,,,,,,,,,,,,,,,,,,,,,,,,,,,,,,,,,,,,,,,,,,,,,,,,,
2025-09-29 19:06:38,,,,867488067684034,523,HBD,,,,,,,,,,,,,,,,,,,,,,,,,,,,,,,,,,,,,,,,,,,,,,,,,,
2025-09-29 19:08:39,,,,867488067684034,524,HBD,,,,,,,,,,,,,,,,,,,,,,,,,,,,,,,,,,,,,,,,,,,,,,,,,,
2025-09-29 19:10:39,,,,867488067684034,525,HBD,,,,,,,,,,,,,,,,,,,,,,,,,,,,,,,,,,,,,,,,,,,,,,,,,,
2025-09-29 19:12:40,,,,867488067684034,526,HBD,,,,,,,,,,,,,,,,,,,,,,,,,,,,,,,,,,,,,,,,,,,,,,,,,,
2025-09-29 19:14:40,,,,867488067684034,527,HBD,,,,,,,,,,,,,,,,,,,,,,,,,,,,,,,,,,,,,,,,,,,,,,,,,,
2025-09-29 19:15:40,,,,867488067684034,528,HBD,,,,,,,,,,,,,,,,,,,,,,,,,,,,,,,,,,,,,,,,,,,,,,,,,,
2025-09-29 19:17:41,,,,867488067684034,529,HBD,,,,,,,,,,,,,,,,,,,,,,,,,,,,,,,,,,,,,,,,,,,,,,,,,,
2025-09-29 19:19:41,,,,867488067684034,530,HBD,,,,,,,,,,,,,,,,,,,,,,,,,,,,,,,,,,,,,,,,,,,,,,,,,,
2025-09-29 19:21:42,,,,867488067684034,531,HBD,,,,,,,,,,,,,,,,,,,,,,,,,,,,,,,,,,,,,,,,,,,,,,,,,,
2025-09-29 19:23:38,2025-09-29 19:23:38,2025-09-29 19:21:11,2025-09-29 19:21:11,867488067684034,532,GTERI,0x19fe3fbf,0x00028102,802003,0x8303,0x0115,51,25757,0000,-,00,00,11,12,12,-,01,01,0.0,0.0,174,174,1022,1022,-25.047372,-25.047372,-51.540869,-51.540869,0724,0004,85da,0f6ad116,6.9,6.9,6.9,0:24:16,2:49:45,-,-,0,-,,,,,04,1,00000000,00,10,
2025-09-29 19:23:42,,,,867488067684034,533,HBD,,,,,,,,,,,,,,,,,,,,,,,,,,,,,,,,,,,,,,,,,,,,,,,,,,
2025-09-29 19:25:42,,,,867488067684034,534,HBD,,,,,,,,,,,,,,,,,,,,,,,,,,,,,,,,,,,,,,,,,,,,,,,,,,
2025-09-29 19:27:43,,,,867488067684034,535,HBD,,,,,,,,,,,,,,,,,,,,,,,,,,,,,,,,,,,,,,,,,,,,,,,,,,
2025-09-29 19:29:43,,,,867488067684034,536,HBD,,,,,,,,,,,,,,,,,,,,,,,,,,,,,,,,,,,,,,,,,,,,,,,,,,
2025-09-29 19:31:44,,,,867488067684034,537,HBD,,,,,,,,,,,,,,,,,,,,,,,,,,,,,,,,,,,,,,,,,,,,,,,,,,
2025-09-29 19:33:44,,,,867488067684034,538,HBD,,,,,,,,,,,,,,,,,,,,,,,,,,,,,,,,,,,,,,,,,,,,,,,,,,
2025-09-29 19:35:45,,,,867488067684034,539,HBD,,,,,,,,,,,,,,,,,,,,,,,,,,,,,,,,,,,,,,,,,,,,,,,,,,
2025-09-29 19:37:45,,,,867488067684034,540,HBD,,,,,,,,,,,,,,,,,,,,,,,,,,,,,,,,,,,,,,,,,,,,,,,,,,
2025-09-29 19:39:45,,,,867488067684034,541,HBD,,,,,,,,,,,,,,,,,,,,,,,,,,,,,,,,,,,,,,,,,,,,,,,,,,
2025-09-29 19:41:46,,,,867488067684034,542,HBD,,,,,,,,,,,,,,,,,,,,,,,,,,,,,,,,,,,,,,,,,,,,,,,,,,
2025-09-29 19:43:46,,,,867488067684034,543,HBD,,,,,,,,,,,,,,,,,,,,,,,,,,,,,,,,,,,,,,,,,,,,,,,,,,
2025-09-29 19:45:47,,,,867488067684034,544,HBD,,,,,,,,,,,,,,,,,,,,,,,,,,,,,,,,,,,,,,,,,,,,,,,,,,
2025-09-29 19:47:47,,,,867488067684034,545,HBD,,,,,,,,,,,,,,,,,,,,,,,,,,,,,,,,,,,,,,,,,,,,,,,,,,
2025-09-29 19:49:48,,,,867488067684034,546,HBD,,,,,,,,,,,,,,,,,,,,,,,,,,,,,,,,,,,,,,,,,,,,,,,,,,
2025-09-29 19:51:48,,,,867488067684034,547,HBD,,,,,,,,,,,,,,,,,,,,,,,,,,,,,,,,,,,,,,,,,,,,,,,,,,
2025-09-29 19:53:49,,,,867488067684034,548,HBD,,,,,,,,,,,,,,,,,,,,,,,,,,,,,,,,,,,,,,,,,,,,,,,,,,
2025-09-29 19:55:49,,,,867488067684034,549,HBD,,,,,,,,,,,,,,,,,,,,,,,,,,,,,,,,,,,,,,,,,,,,,,,,,,
2025-09-29 19:57:49,,,,867488067684034,550,HBD,,,,,,,,,,,,,,,,,,,,,,,,,,,,,,,,,,,,,,,,,,,,,,,,,,
2025-09-29 19:59:50,,,,867488067684034,551,HBD,,,,,,,,,,,,,,,,,,,,,,,,,,,,,,,,,,,,,,,,,,,,,,,,,,
2025-09-29 20:01:50,,,,867488067684034,552,HBD,,,,,,,,,,,,,,,,,,,,,,,,,,,,,,,,,,,,,,,,,,,,,,,,,,
2025-09-29 20:03:51,,,,867488067684034,553,HBD,,,,,,,,,,,,,,,,,,,,,,,,,,,,,,,,,,,,,,,,,,,,,,,,,,
2025-09-29 20:05:51,,,,867488067684034,554,HBD,,,,,,,,,,,,,,,,,,,,,,,,,,,,,,,,,,,,,,,,,,,,,,,,,,
2025-09-29 20:07:52,,,,867488067684034,555,HBD,,,,,,,,,,,,,,,,,,,,,,,,,,,,,,,,,,,,,,,,,,,,,,,,,,
2025-09-29 20:09:52,,,,867488067684034,556,HBD,,,,,,,,,,,,,,,,,,,,,,,,,,,,,,,,,,,,,,,,,,,,,,,,,,
2025-09-29 20:11:52,,,,867488067684034,557,HBD,,,,,,,,,,,,,,,,,,,,,,,,,,,,,,,,,,,,,,,,,,,,,,,,,,
2025-09-29 20:13:53,,,,867488067684034,558,HBD,,,,,,,,,,,,,,,,,,,,,,,,,,,,,,,,,,,,,,,,,,,,,,,,,,
2025-09-29 20:15:53,,,,867488067684034,559,HBD,,,,,,,,,,,,,,,,,,,,,,,,,,,,,,,,,,,,,,,,,,,,,,,,,,
2025-09-29 20:17:54,,,,867488067684034,560,HBD,,,,,,,,,,,,,,,,,,,,,,,,,,,,,,,,,,,,,,,,,,,,,,,,,,
2025-09-29 20:19:54,,,,867488067684034,561,HBD,,,,,,,,,,,,,,,,,,,,,,,,,,,,,,,,,,,,,,,,,,,,,,,,,,
2025-09-29 20:21:55,,,,867488067684034,562,HBD,,,,,,,,,,,,,,,,,,,,,,,,,,,,,,,,,,,,,,,,,,,,,,,,,,
2025-09-29 20:23:38,2025-09-29 20:23:38,2025-09-29 20:21:36,2025-09-29 20:21:36,867488067684034,563,GTERI,0x19fe3fbf,0x00028102,802003,0x8303,0x0115,51,25748,0000,-,00,00,11,9,9,-,01,01,0.0,0.0,174,174,1022,1022,-25.047372,-25.047372,-51.540869,-51.540869,0724,0004,85da,0f6ad116,6.9,6.9,6.9,0:24:16,2:49:45,-,-,0,-,,,,,04,1,00000000,00,10,
2025-09-29 20:23:55,,,,867488067684034,564,HBD,,,,,,,,,,,,,,,,,,,,,,,,,,,,,,,,,,,,,,,,,,,,,,,,,,
2025-09-29 20:25:55,,,,867488067684034,565,HBD,,,,,,,,,,,,,,,,,,,,,,,,,,,,,,,,,,,,,,,,,,,,,,,,,,
2025-09-29 20:27:56,,,,867488067684034,566,HBD,,,,,,,,,,,,,,,,,,,,,,,,,,,,,,,,,,,,,,,,,,,,,,,,,,
2025-09-29 20:29:56,,,,867488067684034,567,HBD,,,,,,,,,,,,,,,,,,,,,,,,,,,,,,,,,,,,,,,,,,,,,,,,,,
2025-09-29 20:31:57,,,,867488067684034,568,HBD,,,,,,,,,,,,,,,,,,,,,,,,,,,,,,,,,,,,,,,,,,,,,,,,,,
2025-09-29 20:33:57,,,,867488067684034,569,HBD,,,,,,,,,,,,,,,,,,,,,,,,,,,,,,,,,,,,,,,,,,,,,,,,,,
2025-09-29 20:35:58,,,,867488067684034,570,HBD,,,,,,,,,,,,,,,,,,,,,,,,,,,,,,,,,,,,,,,,,,,,,,,,,,
2025-09-29 20:37:58,,,,867488067684034,571,HBD,,,,,,,,,,,,,,,,,,,,,,,,,,,,,,,,,,,,,,,,,,,,,,,,,,
2025-09-29 20:39:58,,,,867488067684034,572,HBD,,,,,,,,,,,,,,,,,,,,,,,,,,,,,,,,,,,,,,,,,,,,,,,,,,
2025-09-29 20:41:59,,,,867488067684034,573,HBD,,,,,,,,,,,,,,,,,,,,,,,,,,,,,,,,,,,,,,,,,,,,,,,,,,
2025-09-29 20:43:59,,,,867488067684034,574,HBD,,,,,,,,,,,,,,,,,,,,,,,,,,,,,,,,,,,,,,,,,,,,,,,,,,
2025-09-29 20:46:00,,,,867488067684034,575,HBD,,,,,,,,,,,,,,,,,,,,,,,,,,,,,,,,,,,,,,,,,,,,,,,,,,
2025-09-29 20:48:00,,,,867488067684034,576,HBD,,,,,,,,,,,,,,,,,,,,,,,,,,,,,,,,,,,,,,,,,,,,,,,,,,
2025-09-29 20:50:01,,,,867488067684034,577,HBD,,,,,,,,,,,,,,,,,,,,,,,,,,,,,,,,,,,,,,,,,,,,,,,,,,
2025-09-29 20:52:01,,,,867488067684034,578,HBD,,,,,,,,,,,,,,,,,,,,,,,,,,,,,,,,,,,,,,,,,,,,,,,,,,
2025-09-29 20:54:02,,,,867488067684034,579,HBD,,,,,,,,,,,,,,,,,,,,,,,,,,,,,,,,,,,,,,,,,,,,,,,,,,
2025-09-29 20:56:02,,,,867488067684034,580,HBD,,,,,,,,,,,,,,,,,,,,,,,,,,,,,,,,,,,,,,,,,,,,,,,,,,
2025-09-29 20:58:03,,,,867488067684034,581,HBD,,,,,,,,,,,,,,,,,,,,,,,,,,,,,,,,,,,,,,,,,,,,,,,,,,
2025-09-29 21:00:03,,,,867488067684034,582,HBD,,,,,,,,,,,,,,,,,,,,,,,,,,,,,,,,,,,,,,,,,,,,,,,,,,
2025-09-29 21:02:03,,,,867488067684034,583,HBD,,,,,,,,,,,,,,,,,,,,,,,,,,,,,,,,,,,,,,,,,,,,,,,,,,
2025-09-29 21:04:04,,,,867488067684034,584,HBD,,,,,,,,,,,,,,,,,,,,,,,,,,,,,,,,,,,,,,,,,,,,,,,,,,
2025-09-29 21:06:04,,,,867488067684034,585,HBD,,,,,,,,,,,,,,,,,,,,,,,,,,,,,,,,,,,,,,,,,,,,,,,,,,
2025-09-29 21:08:05,,,,867488067684034,586,HBD,,,,,,,,,,,,,,,,,,,,,,,,,,,,,,,,,,,,,,,,,,,,,,,,,,
2025-09-29 21:10:05,,,,867488067684034,587,HBD,,,,,,,,,,,,,,,,,,,,,,,,,,,,,,,,,,,,,,,,,,,,,,,,,,
2025-09-29 21:12:06,,,,867488067684034,588,HBD,,,,,,,,,,,,,,,,,,,,,,,,,,,,,,,,,,,,,,,,,,,,,,,,,,
2025-09-29 21:14:06,,,,867488067684034,589,HBD,,,,,,,,,,,,,,,,,,,,,,,,,,,,,,,,,,,,,,,,,,,,,,,,,,
2025-09-29 21:16:06,,,,867488067684034,590,HBD,,,,,,,,,,,,,,,,,,,,,,,,,,,,,,,,,,,,,,,,,,,,,,,,,,
2025-09-29 21:18:07,,,,867488067684034,591,HBD,,,,,,,,,,,,,,,,,,,,,,,,,,,,,,,,,,,,,,,,,,,,,,,,,,
2025-09-29 21:20:07,,,,867488067684034,592,HBD,,,,,,,,,,,,,,,,,,,,,,,,,,,,,,,,,,,,,,,,,,,,,,,,,,
2025-09-29 21:22:08,,,,867488067684034,593,HBD,,,,,,,,,,,,,,,,,,,,,,,,,,,,,,,,,,,,,,,,,,,,,,,,,,
2025-09-29 21:23:38,2025-09-29 21:23:38,2025-09-29 21:21:12,2025-09-29 21:21:12,867488067684034,594,GTERI,0x19fe3fbf,0x00028102,802003,0x8303,0x0115,52,25644,0000,-,00,00,11,6,6,-,01,01,0.0,0.0,174,174,1022,1022,-25.047372,-25.047372,-51.540869,-51.540869,0724,0004,85da,0f6ad116,6.9,6.9,6.9,0:24:16,2:49:45,-,-,0,-,,,,,04,1,00000000,00,10,
2025-09-29 21:24:08,,,,867488067684034,595,HBD,,,,,,,,,,,,,,,,,,,,,,,,,,,,,,,,,,,,,,,,,,,,,,,,,,
2025-09-29 21:26:09,,,,867488067684034,596,HBD,,,,,,,,,,,,,,,,,,,,,,,,,,,,,,,,,,,,,,,,,,,,,,,,,,
2025-09-29 21:28:09,,,,867488067684034,597,HBD,,,,,,,,,,,,,,,,,,,,,,,,,,,,,,,,,,,,,,,,,,,,,,,,,,
2025-09-29 21:30:10,,,,867488067684034,598,HBD,,,,,,,,,,,,,,,,,,,,,,,,,,,,,,,,,,,,,,,,,,,,,,,,,,
2025-09-29 21:32:10,,,,867488067684034,599,HBD,,,,,,,,,,,,,,,,,,,,,,,,,,,,,,,,,,,,,,,,,,,,,,,,,,
2025-09-29 21:34:10,,,,867488067684034,600,HBD,,,,,,,,,,,,,,,,,,,,,,,,,,,,,,,,,,,,,,,,,,,,,,,,,,
2025-09-29 21:36:11,,,,867488067684034,601,HBD,,,,,,,,,,,,,,,,,,,,,,,,,,,,,,,,,,,,,,,,,,,,,,,,,,
2025-09-29 21:38:11,,,,867488067684034,602,HBD,,,,,,,,,,,,,,,,,,,,,,,,,,,,,,,,,,,,,,,,,,,,,,,,,,
2025-09-29 21:40:12,,,,867488067684034,603,HBD,,,,,,,,,,,,,,,,,,,,,,,,,,,,,,,,,,,,,,,,,,,,,,,,,,
2025-09-29 21:42:12,,,,867488067684034,604,HBD,,,,,,,,,,,,,,,,,,,,,,,,,,,,,,,,,,,,,,,,,,,,,,,,,,
2025-09-29 21:44:17,,,,867488067684034,605,HBD,,,,,,,,,,,,,,,,,,,,,,,,,,,,,,,,,,,,,,,,,,,,,,,,,,
2025-09-29 21:46:13,,,,867488067684034,606,HBD,,,,,,,,,,,,,,,,,,,,,,,,,,,,,,,,,,,,,,,,,,,,,,,,,,
2025-09-29 21:48:14,,,,867488067684034,607,HBD,,,,,,,,,,,,,,,,,,,,,,,,,,,,,,,,,,,,,,,,,,,,,,,,,,
2025-09-29 21:50:14,,,,867488067684034,608,HBD,,,,,,,,,,,,,,,,,,,,,,,,,,,,,,,,,,,,,,,,,,,,,,,,,,
2025-09-29 21:52:15,,,,867488067684034,609,HBD,,,,,,,,,,,,,,,,,,,,,,,,,,,,,,,,,,,,,,,,,,,,,,,,,,
2025-09-29 21:54:15,,,,867488067684034,610,HBD,,,,,,,,,,,,,,,,,,,,,,,,,,,,,,,,,,,,,,,,,,,,,,,,,,
2025-09-29 21:56:16,,,,867488067684034,611,HBD,,,,,,,,,,,,,,,,,,,,,,,,,,,,,,,,,,,,,,,,,,,,,,,,,,
2025-09-29 21:58:16,,,,867488067684034,612,HBD,,,,,,,,,,,,,,,,,,,,,,,,,,,,,,,,,,,,,,,,,,,,,,,,,,
2025-09-29 22:00:16,,,,867488067684034,613,HBD,,,,,,,,,,,,,,,,,,,,,,,,,,,,,,,,,,,,,,,,,,,,,,,,,,
2025-09-29 22:02:17,,,,867488067684034,614,HBD,,,,,,,,,,,,,,,,,,,,,,,,,,,,,,,,,,,,,,,,,,,,,,,,,,
2025-09-29 22:04:37,,,,867488067684034,615,HBD,,,,,,,,,,,,,,,,,,,,,,,,,,,,,,,,,,,,,,,,,,,,,,,,,,
2025-09-29 22:06:18,,,,867488067684034,616,HBD,,,,,,,,,,,,,,,,,,,,,,,,,,,,,,,,,,,,,,,,,,,,,,,,,,
2025-09-29 22:08:18,,,,867488067684034,617,HBD,,,,,,,,,,,,,,,,,,,,,,,,,,,,,,,,,,,,,,,,,,,,,,,,,,
2025-09-29 22:10:19,,,,867488067684034,618,HBD,,,,,,,,,,,,,,,,,,,,,,,,,,,,,,,,,,,,,,,,,,,,,,,,,,
2025-09-29 22:12:19,,,,867488067684034,619,HBD,,,,,,,,,,,,,,,,,,,,,,,,,,,,,,,,,,,,,,,,,,,,,,,,,,
2025-09-29 22:14:20,,,,867488067684034,620,HBD,,,,,,,,,,,,,,,,,,,,,,,,,,,,,,,,,,,,,,,,,,,,,,,,,,
2025-09-29 22:16:20,,,,867488067684034,621,HBD,,,,,,,,,,,,,,,,,,,,,,,,,,,,,,,,,,,,,,,,,,,,,,,,,,
2025-09-29 22:18:20,,,,867488067684034,622,HBD,,,,,,,,,,,,,,,,,,,,,,,,,,,,,,,,,,,,,,,,,,,,,,,,,,
2025-09-29 22:20:21,,,,867488067684034,623,HBD,,,,,,,,,,,,,,,,,,,,,,,,,,,,,,,,,,,,,,,,,,,,,,,,,,
2025-09-29 22:22:22,,,,867488067684034,624,HBD,,,,,,,,,,,,,,,,,,,,,,,,,,,,,,,,,,,,,,,,,,,,,,,,,,
2025-09-29 22:23:38,2025-09-29 22:23:38,2025-09-29 22:21:12,2025-09-29 22:21:12,867488067684034,625,GTERI,0x19fe3fbf,0x00028102,802003,0x8303,0x0115,52,25677,0000,-,00,00,11,5,5,-,01,01,0.0,0.0,174,174,1022,1022,-25.047372,-25.047372,-51.540869,-51.540869,0724,0004,85da,0f6ad116,6.9,6.9,6.9,0:24:16,2:49:45,-,-,0,-,,,,,04,1,00000000,00,10,
2025-09-29 22:24:22,,,,867488067684034,626,HBD,,,,,,,,,,,,,,,,,,,,,,,,,,,,,,,,,,,,,,,,,,,,,,,,,,
2025-09-29 22:26:22,,,,867488067684034,627,HBD,,,,,,,,,,,,,,,,,,,,,,,,,,,,,,,,,,,,,,,,,,,,,,,,,,
2025-09-29 22:28:23,,,,867488067684034,628,HBD,,,,,,,,,,,,,,,,,,,,,,,,,,,,,,,,,,,,,,,,,,,,,,,,,,
2025-09-29 22:30:23,,,,867488067684034,629,HBD,,,,,,,,,,,,,,,,,,,,,,,,,,,,,,,,,,,,,,,,,,,,,,,,,,
2025-09-29 22:32:23,,,,867488067684034,630,HBD,,,,,,,,,,,,,,,,,,,,,,,,,,,,,,,,,,,,,,,,,,,,,,,,,,
2025-09-29 22:34:24,,,,867488067684034,631,HBD,,,,,,,,,,,,,,,,,,,,,,,,,,,,,,,,,,,,,,,,,,,,,,,,,,
2025-09-29 22:36:24,,,,867488067684034,632,HBD,,,,,,,,,,,,,,,,,,,,,,,,,,,,,,,,,,,,,,,,,,,,,,,,,,
2025-09-29 22:38:25,,,,867488067684034,633,HBD,,,,,,,,,,,,,,,,,,,,,,,,,,,,,,,,,,,,,,,,,,,,,,,,,,
2025-09-29 22:40:25,,,,867488067684034,634,HBD,,,,,,,,,,,,,,,,,,,,,,,,,,,,,,,,,,,,,,,,,,,,,,,,,,
2025-09-29 22:42:26,,,,867488067684034,635,HBD,,,,,,,,,,,,,,,,,,,,,,,,,,,,,,,,,,,,,,,,,,,,,,,,,,
2025-09-29 22:44:26,,,,867488067684034,636,HBD,,,,,,,,,,,,,,,,,,,,,,,,,,,,,,,,,,,,,,,,,,,,,,,,,,
2025-09-29 22:46:26,,,,867488067684034,637,HBD,,,,,,,,,,,,,,,,,,,,,,,,,,,,,,,,,,,,,,,,,,,,,,,,,,
2025-09-29 22:48:27,,,,867488067684034,638,HBD,,,,,,,,,,,,,,,,,,,,,,,,,,,,,,,,,,,,,,,,,,,,,,,,,,
2025-09-29 22:50:27,,,,867488067684034,639,HBD,,,,,,,,,,,,,,,,,,,,,,,,,,,,,,,,,,,,,,,,,,,,,,,,,,
2025-09-29 22:52:28,,,,867488067684034,640,HBD,,,,,,,,,,,,,,,,,,,,,,,,,,,,,,,,,,,,,,,,,,,,,,,,,,
2025-09-29 22:54:28,,,,867488067684034,641,HBD,,,,,,,,,,,,,,,,,,,,,,,,,,,,,,,,,,,,,,,,,,,,,,,,,,
2025-09-29 22:56:29,,,,867488067684034,642,HBD,,,,,,,,,,,,,,,,,,,,,,,,,,,,,,,,,,,,,,,,,,,,,,,,,,
2025-09-29 22:58:29,,,,867488067684034,643,HBD,,,,,,,,,,,,,,,,,,,,,,,,,,,,,,,,,,,,,,,,,,,,,,,,,,
2025-09-29 23:00:30,,,,867488067684034,644,HBD,,,,,,,,,,,,,,,,,,,,,,,,,,,,,,,,,,,,,,,,,,,,,,,,,,
2025-09-29 23:02:30,,,,867488067684034,645,HBD,,,,,,,,,,,,,,,,,,,,,,,,,,,,,,,,,,,,,,,,,,,,,,,,,,
2025-09-29 23:04:31,,,,867488067684034,646,HBD,,,,,,,,,,,,,,,,,,,,,,,,,,,,,,,,,,,,,,,,,,,,,,,,,,
2025-09-29 23:06:31,,,,867488067684034,647,HBD,,,,,,,,,,,,,,,,,,,,,,,,,,,,,,,,,,,,,,,,,,,,,,,,,,
2025-09-29 23:08:31,,,,867488067684034,648,HBD,,,,,,,,,,,,,,,,,,,,,,,,,,,,,,,,,,,,,,,,,,,,,,,,,,
2025-09-29 23:10:32,,,,867488067684034,649,HBD,,,,,,,,,,,,,,,,,,,,,,,,,,,,,,,,,,,,,,,,,,,,,,,,,,
2025-09-29 23:12:32,,,,867488067684034,650,HBD,,,,,,,,,,,,,,,,,,,,,,,,,,,,,,,,,,,,,,,,,,,,,,,,,,
2025-09-29 23:14:33,,,,867488067684034,651,HBD,,,,,,,,,,,,,,,,,,,,,,,,,,,,,,,,,,,,,,,,,,,,,,,,,,
2025-09-29 23:16:33,,,,867488067684034,652,HBD,,,,,,,,,,,,,,,,,,,,,,,,,,,,,,,,,,,,,,,,,,,,,,,,,,
2025-09-29 23:18:34,,,,867488067684034,653,HBD,,,,,,,,,,,,,,,,,,,,,,,,,,,,,,,,,,,,,,,,,,,,,,,,,,
2025-09-29 23:20:34,,,,867488067684034,654,HBD,,,,,,,,,,,,,,,,,,,,,,,,,,,,,,,,,,,,,,,,,,,,,,,,,,
2025-09-29 23:22:34,,,,867488067684034,655,HBD,,,,,,,,,,,,,,,,,,,,,,,,,,,,,,,,,,,,,,,,,,,,,,,,,,
2025-09-29 23:23:38,2025-09-29 23:23:38,2025-09-29 23:21:35,2025-09-29 23:21:35,867488067684034,656,GTERI,0x19fe3fbf,0x00028102,802003,0x8303,0x0115,52,25660,0000,-,00,00,11,9,9,-,01,01,0.0,0.0,174,174,1022,1022,-25.047372,-25.047372,-51.540869,-51.540869,0724,0004,85da,0f6ad116,6.9,6.9,6.9,0:24:16,2:49:45,-,-,0,-,,,,,04,1,00000000,00,10,
2025-09-29 23:24:35,,,,867488067684034,657,HBD,,,,,,,,,,,,,,,,,,,,,,,,,,,,,,,,,,,,,,,,,,,,,,,,,,
2025-09-29 23:26:35,,,,867488067684034,658,HBD,,,,,,,,,,,,,,,,,,,,,,,,,,,,,,,,,,,,,,,,,,,,,,,,,,
2025-09-29 23:28:36,,,,867488067684034,659,HBD,,,,,,,,,,,,,,,,,,,,,,,,,,,,,,,,,,,,,,,,,,,,,,,,,,
2025-09-29 23:30:36,,,,867488067684034,660,HBD,,,,,,,,,,,,,,,,,,,,,,,,,,,,,,,,,,,,,,,,,,,,,,,,,,
2025-09-29 23:32:37,,,,867488067684034,661,HBD,,,,,,,,,,,,,,,,,,,,,,,,,,,,,,,,,,,,,,,,,,,,,,,,,,
2025-09-29 23:34:37,,,,867488067684034,662,HBD,,,,,,,,,,,,,,,,,,,,,,,,,,,,,,,,,,,,,,,,,,,,,,,,,,
2025-09-29 23:36:38,,,,867488067684034,663,HBD,,,,,,,,,,,,,,,,,,,,,,,,,,,,,,,,,,,,,,,,,,,,,,,,,,
2025-09-29 23:38:38,,,,867488067684034,664,HBD,,,,,,,,,,,,,,,,,,,,,,,,,,,,,,,,,,,,,,,,,,,,,,,,,,
2025-09-29 23:40:38,,,,867488067684034,665,HBD,,,,,,,,,,,,,,,,,,,,,,,,,,,,,,,,,,,,,,,,,,,,,,,,,,
2025-09-29 23:42:39,,,,867488067684034,666,HBD,,,,,,,,,,,,,,,,,,,,,,,,,,,,,,,,,,,,,,,,,,,,,,,,,,
2025-09-29 23:44:39,,,,867488067684034,667,HBD,,,,,,,,,,,,,,,,,,,,,,,,,,,,,,,,,,,,,,,,,,,,,,,,,,
2025-09-29 23:46:40,,,,867488067684034,668,HBD,,,,,,,,,,,,,,,,,,,,,,,,,,,,,,,,,,,,,,,,,,,,,,,,,,
2025-09-29 23:48:40,,,,867488067684034,669,HBD,,,,,,,,,,,,,,,,,,,,,,,,,,,,,,,,,,,,,,,,,,,,,,,,,,
2025-09-29 23:49:41,,,,867488067684034,670,HBD,,,,,,,,,,,,,,,,,,,,,,,,,,,,,,,,,,,,,,,,,,,,,,,,,,
2025-09-29 23:51:41,,,,867488067684034,671,HBD,,,,,,,,,,,,,,,,,,,,,,,,,,,,,,,,,,,,,,,,,,,,,,,,,,
2025-09-29 23:53:41,,,,867488067684034,672,HBD,,,,,,,,,,,,,,,,,,,,,,,,,,,,,,,,,,,,,,,,,,,,,,,,,,
2025-09-29 23:55:42,,,,867488067684034,673,HBD,,,,,,,,,,,,,,,,,,,,,,,,,,,,,,,,,,,,,,,,,,,,,,,,,,
2025-09-29 23:57:42,,,,867488067684034,674,HBD,,,,,,,,,,,,,,,,,,,,,,,,,,,,,,,,,,,,,,,,,,,,,,,,,,
2025-09-29 23:59:43,,,,867488067684034,675,HBD,,,,,,,,,,,,,,,,,,,,,,,,,,,,,,,,,,,,,,,,,,,,,,,,,,
2025-09-30 00:01:43,,,,867488067684034,676,HBD,,,,,,,,,,,,,,,,,,,,,,,,,,,,,,,,,,,,,,,,,,,,,,,,,,
2025-09-30 00:03:44,,,,867488067684034,677,HBD,,,,,,,,,,,,,,,,,,,,,,,,,,,,,,,,,,,,,,,,,,,,,,,,,,
2025-09-30 00:05:44,,,,867488067684034,678,HBD,,,,,,,,,,,,,,,,,,,,,,,,,,,,,,,,,,,,,,,,,,,,,,,,,,
2025-09-30 00:07:44,,,,867488067684034,679,HBD,,,,,,,,,,,,,,,,,,,,,,,,,,,,,,,,,,,,,,,,,,,,,,,,,,
2025-09-30 00:09:47,,,,867488067684034,680,HBD,,,,,,,,,,,,,,,,,,,,,,,,,,,,,,,,,,,,,,,,,,,,,,,,,,
2025-09-30 00:11:45,,,,867488067684034,681,HBD,,,,,,,,,,,,,,,,,,,,,,,,,,,,,,,,,,,,,,,,,,,,,,,,,,
2025-09-30 00:13:46,,,,867488067684034,682,HBD,,,,,,,,,,,,,,,,,,,,,,,,,,,,,,,,,,,,,,,,,,,,,,,,,,
2025-09-30 00:15:46,,,,867488067684034,683,HBD,,,,,,,,,,,,,,,,,,,,,,,,,,,,,,,,,,,,,,,,,,,,,,,,,,
2025-09-30 00:20:04,,,,867488067684034,684,HBD,,,,,,,,,,,,,,,,,,,,,,,,,,,,,,,,,,,,,,,,,,,,,,,,,,
2025-09-30 00:20:04,,,,867488067684034,685,HBD,,,,,,,,,,,,,,,,,,,,,,,,,,,,,,,,,,,,,,,,,,,,,,,,,,
2025-09-30 00:20:05,2025-09-30 00:19:56,2025-09-29 23:21:35,2025-09-29 23:21:35,867488067684034,686,GTPDP,0x19fe7fbf,,802003,0x8303,0x0115,52,25567,0000,0000,00,00,11,9,9,-,00,00,0.0,0.0,174,174,1022,1022,-25.047372,-25.047372,-51.540869,-51.540869,0000,0000,0000,00000000,6.9,6.9,6.9,0:24:16,2:49:45,-,-,0,-,,,,,,,,,,
2025-09-30 00:20:05,,,,867488067684034,687,HBD,,,,,,,,,,,,,,,,,,,,,,,,,,,,,,,,,,,,,,,,,,,,,,,,,,
2025-09-30 00:22:48,,,,867488067684034,688,HBD,,,,,,,,,,,,,,,,,,,,,,,,,,,,,,,,,,,,,,,,,,,,,,,,,,
2025-09-30 00:23:38,2025-09-30 00:23:38,2025-09-30 00:21:13,2025-09-30 00:21:13,867488067684034,689,GTERI,0x19fe3fbf,0x00028102,802003,0x8303,0x0115,53,25618,0000,-,00,00,11,3,3,-,01,01,0.0,0.0,174,174,1022,1022,-25.047372,-25.047372,-51.540869,-51.540869,0724,0004,85da,0f6ad116,6.9,6.9,6.9,0:24:16,2:49:45,-,-,0,-,,,,,04,1,00000000,00,10,
2025-09-30 00:24:49,,,,867488067684034,690,HBD,,,,,,,,,,,,,,,,,,,,,,,,,,,,,,,,,,,,,,,,,,,,,,,,,,
2025-09-30 00:26:49,,,,867488067684034,691,HBD,,,,,,,,,,,,,,,,,,,,,,,,,,,,,,,,,,,,,,,,,,,,,,,,,,
2025-09-30 00:28:50,,,,867488067684034,692,HBD,,,,,,,,,,,,,,,,,,,,,,,,,,,,,,,,,,,,,,,,,,,,,,,,,,
2025-09-30 00:30:50,,,,867488067684034,693,HBD,,,,,,,,,,,,,,,,,,,,,,,,,,,,,,,,,,,,,,,,,,,,,,,,,,
2025-09-30 00:32:51,,,,867488067684034,694,HBD,,,,,,,,,,,,,,,,,,,,,,,,,,,,,,,,,,,,,,,,,,,,,,,,,,
2025-09-30 00:34:51,,,,867488067684034,695,HBD,,,,,,,,,,,,,,,,,,,,,,,,,,,,,,,,,,,,,,,,,,,,,,,,,,
2025-09-30 00:36:51,,,,867488067684034,696,HBD,,,,,,,,,,,,,,,,,,,,,,,,,,,,,,,,,,,,,,,,,,,,,,,,,,
2025-09-30 00:38:52,,,,867488067684034,697,HBD,,,,,,,,,,,,,,,,,,,,,,,,,,,,,,,,,,,,,,,,,,,,,,,,,,
2025-09-30 00:40:52,,,,867488067684034,698,HBD,,,,,,,,,,,,,,,,,,,,,,,,,,,,,,,,,,,,,,,,,,,,,,,,,,
2025-09-30 00:42:53,,,,867488067684034,699,HBD,,,,,,,,,,,,,,,,,,,,,,,,,,,,,,,,,,,,,,,,,,,,,,,,,,
2025-09-30 00:44:53,,,,867488067684034,700,HBD,,,,,,,,,,,,,,,,,,,,,,,,,,,,,,,,,,,,,,,,,,,,,,,,,,
2025-09-30 00:46:54,,,,867488067684034,701,HBD,,,,,,,,,,,,,,,,,,,,,,,,,,,,,,,,,,,,,,,,,,,,,,,,,,
2025-09-30 00:48:54,,,,867488067684034,702,HBD,,,,,,,,,,,,,,,,,,,,,,,,,,,,,,,,,,,,,,,,,,,,,,,,,,
2025-09-30 00:50:55,,,,867488067684034,703,HBD,,,,,,,,,,,,,,,,,,,,,,,,,,,,,,,,,,,,,,,,,,,,,,,,,,
2025-09-30 00:52:55,,,,867488067684034,704,HBD,,,,,,,,,,,,,,,,,,,,,,,,,,,,,,,,,,,,,,,,,,,,,,,,,,
2025-09-30 00:54:55,,,,867488067684034,705,HBD,,,,,,,,,,,,,,,,,,,,,,,,,,,,,,,,,,,,,,,,,,,,,,,,,,
2025-09-30 00:56:56,,,,867488067684034,706,HBD,,,,,,,,,,,,,,,,,,,,,,,,,,,,,,,,,,,,,,,,,,,,,,,,,,
2025-09-30 00:58:56,,,,867488067684034,707,HBD,,,,,,,,,,,,,,,,,,,,,,,,,,,,,,,,,,,,,,,,,,,,,,,,,,
2025-09-30 01:00:57,,,,867488067684034,708,HBD,,,,,,,,,,,,,,,,,,,,,,,,,,,,,,,,,,,,,,,,,,,,,,,,,,
2025-09-30 01:02:57,,,,867488067684034,709,HBD,,,,,,,,,,,,,,,,,,,,,,,,,,,,,,,,,,,,,,,,,,,,,,,,,,
2025-09-30 01:04:58,,,,867488067684034,710,HBD,,,,,,,,,,,,,,,,,,,,,,,,,,,,,,,,,,,,,,,,,,,,,,,,,,
2025-09-30 01:06:58,,,,867488067684034,711,HBD,,,,,,,,,,,,,,,,,,,,,,,,,,,,,,,,,,,,,,,,,,,,,,,,,,
2025-09-30 01:08:59,,,,867488067684034,712,HBD,,,,,,,,,,,,,,,,,,,,,,,,,,,,,,,,,,,,,,,,,,,,,,,,,,
2025-09-30 01:10:59,,,,867488067684034,713,HBD,,,,,,,,,,,,,,,,,,,,,,,,,,,,,,,,,,,,,,,,,,,,,,,,,,
2025-09-30 01:13:00,,,,867488067684034,714,HBD,,,,,,,,,,,,,,,,,,,,,,,,,,,,,,,,,,,,,,,,,,,,,,,,,,
2025-09-30 01:15:00,,,,867488067684034,715,HBD,,,,,,,,,,,,,,,,,,,,,,,,,,,,,,,,,,,,,,,,,,,,,,,,,,
2025-09-30 01:17:01,,,,867488067684034,716,HBD,,,,,,,,,,,,,,,,,,,,,,,,,,,,,,,,,,,,,,,,,,,,,,,,,,
2025-09-30 01:19:01,,,,867488067684034,717,HBD,,,,,,,,,,,,,,,,,,,,,,,,,,,,,,,,,,,,,,,,,,,,,,,,,,
2025-09-30 01:21:02,,,,867488067684034,718,HBD,,,,,,,,,,,,,,,,,,,,,,,,,,,,,,,,,,,,,,,,,,,,,,,,,,
2025-09-30 01:23:02,,,,867488067684034,719,HBD,,,,,,,,,,,,,,,,,,,,,,,,,,,,,,,,,,,,,,,,,,,,,,,,,,
2025-09-30 01:23:38,2025-09-30 01:23:38,2025-09-30 01:21:20,2025-09-30 01:21:20,867488067684034,720,GTERI,0x19fe3fbf,0x00028102,802003,0x8303,0x0115,53,25590,0000,-,00,00,11,5,5,-,01,01,0.0,0.0,174,174,1022,1022,-25.047372,-25.047372,-51.540869,-51.540869,0724,0004,85da,0f6ad116,6.9,6.9,6.9,0:24:16,2:49:45,-,-,0,-,,,,,04,1,00000000,00,10,
2025-09-30 01:25:02,,,,867488067684034,721,HBD,,,,,,,,,,,,,,,,,,,,,,,,,,,,,,,,,,,,,,,,,,,,,,,,,,
2025-09-30 01:27:03,,,,867488067684034,722,HBD,,,,,,,,,,,,,,,,,,,,,,,,,,,,,,,,,,,,,,,,,,,,,,,,,,
2025-09-30 01:29:03,,,,867488067684034,723,HBD,,,,,,,,,,,,,,,,,,,,,,,,,,,,,,,,,,,,,,,,,,,,,,,,,,
2025-09-30 01:31:04,,,,867488067684034,724,HBD,,,,,,,,,,,,,,,,,,,,,,,,,,,,,,,,,,,,,,,,,,,,,,,,,,
2025-09-30 01:32:04,,,,867488067684034,725,HBD,,,,,,,,,,,,,,,,,,,,,,,,,,,,,,,,,,,,,,,,,,,,,,,,,,
2025-09-30 01:34:04,,,,867488067684034,726,HBD,,,,,,,,,,,,,,,,,,,,,,,,,,,,,,,,,,,,,,,,,,,,,,,,,,
2025-09-30 01:36:05,,,,867488067684034,727,HBD,,,,,,,,,,,,,,,,,,,,,,,,,,,,,,,,,,,,,,,,,,,,,,,,,,
2025-09-30 01:38:05,,,,867488067684034,728,HBD,,,,,,,,,,,,,,,,,,,,,,,,,,,,,,,,,,,,,,,,,,,,,,,,,,
2025-09-30 01:40:06,,,,867488067684034,729,HBD,,,,,,,,,,,,,,,,,,,,,,,,,,,,,,,,,,,,,,,,,,,,,,,,,,
2025-09-30 01:42:06,,,,867488067684034,730,HBD,,,,,,,,,,,,,,,,,,,,,,,,,,,,,,,,,,,,,,,,,,,,,,,,,,
2025-09-30 01:44:07,,,,867488067684034,731,HBD,,,,,,,,,,,,,,,,,,,,,,,,,,,,,,,,,,,,,,,,,,,,,,,,,,
2025-09-30 01:46:07,,,,867488067684034,732,HBD,,,,,,,,,,,,,,,,,,,,,,,,,,,,,,,,,,,,,,,,,,,,,,,,,,
2025-09-30 01:48:07,,,,867488067684034,733,HBD,,,,,,,,,,,,,,,,,,,,,,,,,,,,,,,,,,,,,,,,,,,,,,,,,,
2025-09-30 01:50:08,,,,867488067684034,734,HBD,,,,,,,,,,,,,,,,,,,,,,,,,,,,,,,,,,,,,,,,,,,,,,,,,,
2025-09-30 01:52:08,,,,867488067684034,735,HBD,,,,,,,,,,,,,,,,,,,,,,,,,,,,,,,,,,,,,,,,,,,,,,,,,,
2025-09-30 01:54:09,,,,867488067684034,736,HBD,,,,,,,,,,,,,,,,,,,,,,,,,,,,,,,,,,,,,,,,,,,,,,,,,,
2025-09-30 01:56:09,,,,867488067684034,737,HBD,,,,,,,,,,,,,,,,,,,,,,,,,,,,,,,,,,,,,,,,,,,,,,,,,,
2025-09-30 01:58:10,,,,867488067684034,738,HBD,,,,,,,,,,,,,,,,,,,,,,,,,,,,,,,,,,,,,,,,,,,,,,,,,,
2025-09-30 02:00:10,,,,867488067684034,739,HBD,,,,,,,,,,,,,,,,,,,,,,,,,,,,,,,,,,,,,,,,,,,,,,,,,,
2025-09-30 02:02:11,,,,867488067684034,740,HBD,,,,,,,,,,,,,,,,,,,,,,,,,,,,,,,,,,,,,,,,,,,,,,,,,,
2025-09-30 02:04:11,,,,867488067684034,741,HBD,,,,,,,,,,,,,,,,,,,,,,,,,,,,,,,,,,,,,,,,,,,,,,,,,,
2025-09-30 02:06:11,,,,867488067684034,742,HBD,,,,,,,,,,,,,,,,,,,,,,,,,,,,,,,,,,,,,,,,,,,,,,,,,,
2025-09-30 02:08:12,,,,867488067684034,743,HBD,,,,,,,,,,,,,,,,,,,,,,,,,,,,,,,,,,,,,,,,,,,,,,,,,,
2025-09-30 02:10:12,,,,867488067684034,744,HBD,,,,,,,,,,,,,,,,,,,,,,,,,,,,,,,,,,,,,,,,,,,,,,,,,,
2025-09-30 02:12:13,,,,867488067684034,745,HBD,,,,,,,,,,,,,,,,,,,,,,,,,,,,,,,,,,,,,,,,,,,,,,,,,,
2025-09-30 02:14:13,,,,867488067684034,746,HBD,,,,,,,,,,,,,,,,,,,,,,,,,,,,,,,,,,,,,,,,,,,,,,,,,,
2025-09-30 02:16:14,,,,867488067684034,747,HBD,,,,,,,,,,,,,,,,,,,,,,,,,,,,,,,,,,,,,,,,,,,,,,,,,,
2025-09-30 02:18:14,,,,867488067684034,748,HBD,,,,,,,,,,,,,,,,,,,,,,,,,,,,,,,,,,,,,,,,,,,,,,,,,,
2025-09-30 02:20:14,,,,867488067684034,749,HBD,,,,,,,,,,,,,,,,,,,,,,,,,,,,,,,,,,,,,,,,,,,,,,,,,,
2025-09-30 02:22:15,,,,867488067684034,750,HBD,,,,,,,,,,,,,,,,,,,,,,,,,,,,,,,,,,,,,,,,,,,,,,,,,,
2025-09-30 02:23:38,2025-09-30 02:23:38,2025-09-30 02:21:12,2025-09-30 02:21:12,867488067684034,751,GTERI,0x19fe3fbf,0x00028102,802003,0x8303,0x0115,53,25489,0000,-,00,00,11,5,5,-,01,01,0.0,0.0,174,174,1022,1022,-25.047372,-25.047372,-51.540869,-51.540869,0724,0004,85da,0f6ad116,6.9,6.9,6.9,0:24:16,2:49:45,-,-,0,-,,,,,04,1,00000000,00,10,
2025-09-30 02:24:15,,,,867488067684034,752,HBD,,,,,,,,,,,,,,,,,,,,,,,,,,,,,,,,,,,,,,,,,,,,,,,,,,
2025-09-30 02:26:16,,,,867488067684034,753,HBD,,,,,,,,,,,,,,,,,,,,,,,,,,,,,,,,,,,,,,,,,,,,,,,,,,
2025-09-30 02:28:16,,,,867488067684034,754,HBD,,,,,,,,,,,,,,,,,,,,,,,,,,,,,,,,,,,,,,,,,,,,,,,,,,
2025-09-30 02:30:17,,,,867488067684034,755,HBD,,,,,,,,,,,,,,,,,,,,,,,,,,,,,,,,,,,,,,,,,,,,,,,,,,
2025-09-30 02:32:17,,,,867488067684034,756,HBD,,,,,,,,,,,,,,,,,,,,,,,,,,,,,,,,,,,,,,,,,,,,,,,,,,
2025-09-30 02:34:18,,,,867488067684034,757,HBD,,,,,,,,,,,,,,,,,,,,,,,,,,,,,,,,,,,,,,,,,,,,,,,,,,
2025-09-30 02:36:18,,,,867488067684034,758,HBD,,,,,,,,,,,,,,,,,,,,,,,,,,,,,,,,,,,,,,,,,,,,,,,,,,
2025-09-30 02:38:18,,,,867488067684034,759,HBD,,,,,,,,,,,,,,,,,,,,,,,,,,,,,,,,,,,,,,,,,,,,,,,,,,
2025-09-30 02:40:19,,,,867488067684034,760,HBD,,,,,,,,,,,,,,,,,,,,,,,,,,,,,,,,,,,,,,,,,,,,,,,,,,
2025-09-30 02:42:19,,,,867488067684034,761,HBD,,,,,,,,,,,,,,,,,,,,,,,,,,,,,,,,,,,,,,,,,,,,,,,,,,
2025-09-30 02:44:20,,,,867488067684034,762,HBD,,,,,,,,,,,,,,,,,,,,,,,,,,,,,,,,,,,,,,,,,,,,,,,,,,
2025-09-30 02:46:20,,,,867488067684034,763,HBD,,,,,,,,,,,,,,,,,,,,,,,,,,,,,,,,,,,,,,,,,,,,,,,,,,
2025-09-30 02:48:21,,,,867488067684034,764,HBD,,,,,,,,,,,,,,,,,,,,,,,,,,,,,,,,,,,,,,,,,,,,,,,,,,
2025-09-30 02:50:21,,,,867488067684034,765,HBD,,,,,,,,,,,,,,,,,,,,,,,,,,,,,,,,,,,,,,,,,,,,,,,,,,
2025-09-30 02:52:21,,,,867488067684034,766,HBD,,,,,,,,,,,,,,,,,,,,,,,,,,,,,,,,,,,,,,,,,,,,,,,,,,
2025-09-30 02:54:22,,,,867488067684034,767,HBD,,,,,,,,,,,,,,,,,,,,,,,,,,,,,,,,,,,,,,,,,,,,,,,,,,
2025-09-30 02:56:22,,,,867488067684034,768,HBD,,,,,,,,,,,,,,,,,,,,,,,,,,,,,,,,,,,,,,,,,,,,,,,,,,
2025-09-30 02:58:23,,,,867488067684034,769,HBD,,,,,,,,,,,,,,,,,,,,,,,,,,,,,,,,,,,,,,,,,,,,,,,,,,
2025-09-30 03:00:23,,,,867488067684034,770,HBD,,,,,,,,,,,,,,,,,,,,,,,,,,,,,,,,,,,,,,,,,,,,,,,,,,
2025-09-30 03:02:24,,,,867488067684034,771,HBD,,,,,,,,,,,,,,,,,,,,,,,,,,,,,,,,,,,,,,,,,,,,,,,,,,
2025-09-30 03:04:24,,,,867488067684034,772,HBD,,,,,,,,,,,,,,,,,,,,,,,,,,,,,,,,,,,,,,,,,,,,,,,,,,
2025-09-30 03:06:25,,,,867488067684034,773,HBD,,,,,,,,,,,,,,,,,,,,,,,,,,,,,,,,,,,,,,,,,,,,,,,,,,
2025-09-30 03:08:25,,,,867488067684034,774,HBD,,,,,,,,,,,,,,,,,,,,,,,,,,,,,,,,,,,,,,,,,,,,,,,,,,
2025-09-30 03:10:25,,,,867488067684034,775,HBD,,,,,,,,,,,,,,,,,,,,,,,,,,,,,,,,,,,,,,,,,,,,,,,,,,
2025-09-30 03:12:26,,,,867488067684034,776,HBD,,,,,,,,,,,,,,,,,,,,,,,,,,,,,,,,,,,,,,,,,,,,,,,,,,
2025-09-30 03:14:26,,,,867488067684034,777,HBD,,,,,,,,,,,,,,,,,,,,,,,,,,,,,,,,,,,,,,,,,,,,,,,,,,
2025-09-30 03:16:27,,,,867488067684034,778,HBD,,,,,,,,,,,,,,,,,,,,,,,,,,,,,,,,,,,,,,,,,,,,,,,,,,
2025-09-30 03:18:27,,,,867488067684034,779,HBD,,,,,,,,,,,,,,,,,,,,,,,,,,,,,,,,,,,,,,,,,,,,,,,,,,
2025-09-30 03:20:28,,,,867488067684034,780,HBD,,,,,,,,,,,,,,,,,,,,,,,,,,,,,,,,,,,,,,,,,,,,,,,,,,
2025-09-30 03:22:28,,,,867488067684034,781,HBD,,,,,,,,,,,,,,,,,,,,,,,,,,,,,,,,,,,,,,,,,,,,,,,,,,
2025-09-30 03:23:38,2025-09-30 03:23:38,2025-09-30 03:21:35,2025-09-30 03:21:35,867488067684034,782,GTERI,0x19fe3fbf,0x00028102,802003,0x8303,0x0115,53,25490,0000,-,00,00,11,8,8,-,01,01,0.0,0.0,174,174,1022,1022,-25.047372,-25.047372,-51.540869,-51.540869,0724,0004,85da,0f6ad116,6.9,6.9,6.9,0:24:16,2:49:45,-,-,0,-,,,,,04,1,00000000,00,10,
2025-09-30 03:24:29,,,,867488067684034,783,HBD,,,,,,,,,,,,,,,,,,,,,,,,,,,,,,,,,,,,,,,,,,,,,,,,,,
2025-09-30 03:26:29,,,,867488067684034,784,HBD,,,,,,,,,,,,,,,,,,,,,,,,,,,,,,,,,,,,,,,,,,,,,,,,,,
2025-09-30 03:28:30,,,,867488067684034,785,HBD,,,,,,,,,,,,,,,,,,,,,,,,,,,,,,,,,,,,,,,,,,,,,,,,,,
2025-09-30 03:30:30,,,,867488067684034,786,HBD,,,,,,,,,,,,,,,,,,,,,,,,,,,,,,,,,,,,,,,,,,,,,,,,,,
2025-09-30 03:32:30,,,,867488067684034,787,HBD,,,,,,,,,,,,,,,,,,,,,,,,,,,,,,,,,,,,,,,,,,,,,,,,,,
2025-09-30 03:34:31,,,,867488067684034,788,HBD,,,,,,,,,,,,,,,,,,,,,,,,,,,,,,,,,,,,,,,,,,,,,,,,,,
2025-09-30 03:36:31,,,,867488067684034,789,HBD,,,,,,,,,,,,,,,,,,,,,,,,,,,,,,,,,,,,,,,,,,,,,,,,,,
2025-09-30 03:38:32,,,,867488067684034,790,HBD,,,,,,,,,,,,,,,,,,,,,,,,,,,,,,,,,,,,,,,,,,,,,,,,,,
2025-09-30 03:40:41,,,,867488067684034,791,HBD,,,,,,,,,,,,,,,,,,,,,,,,,,,,,,,,,,,,,,,,,,,,,,,,,,
2025-09-30 03:42:33,,,,867488067684034,792,HBD,,,,,,,,,,,,,,,,,,,,,,,,,,,,,,,,,,,,,,,,,,,,,,,,,,
2025-09-30 03:44:33,,,,867488067684034,793,HBD,,,,,,,,,,,,,,,,,,,,,,,,,,,,,,,,,,,,,,,,,,,,,,,,,,
2025-09-30 03:46:34,,,,867488067684034,794,HBD,,,,,,,,,,,,,,,,,,,,,,,,,,,,,,,,,,,,,,,,,,,,,,,,,,
2025-09-30 03:48:34,,,,867488067684034,795,HBD,,,,,,,,,,,,,,,,,,,,,,,,,,,,,,,,,,,,,,,,,,,,,,,,,,
2025-09-30 03:50:35,,,,867488067684034,796,HBD,,,,,,,,,,,,,,,,,,,,,,,,,,,,,,,,,,,,,,,,,,,,,,,,,,
2025-09-30 03:52:35,,,,867488067684034,797,HBD,,,,,,,,,,,,,,,,,,,,,,,,,,,,,,,,,,,,,,,,,,,,,,,,,,
2025-09-30 03:54:35,,,,867488067684034,798,HBD,,,,,,,,,,,,,,,,,,,,,,,,,,,,,,,,,,,,,,,,,,,,,,,,,,
2025-09-30 03:56:36,,,,867488067684034,799,HBD,,,,,,,,,,,,,,,,,,,,,,,,,,,,,,,,,,,,,,,,,,,,,,,,,,
2025-09-30 03:58:36,,,,867488067684034,800,HBD,,,,,,,,,,,,,,,,,,,,,,,,,,,,,,,,,,,,,,,,,,,,,,,,,,
2025-09-30 04:00:37,,,,867488067684034,801,HBD,,,,,,,,,,,,,,,,,,,,,,,,,,,,,,,,,,,,,,,,,,,,,,,,,,
2025-09-30 04:02:37,,,,867488067684034,802,HBD,,,,,,,,,,,,,,,,,,,,,,,,,,,,,,,,,,,,,,,,,,,,,,,,,,
2025-09-30 04:04:38,,,,867488067684034,803,HBD,,,,,,,,,,,,,,,,,,,,,,,,,,,,,,,,,,,,,,,,,,,,,,,,,,
2025-09-30 04:06:38,,,,867488067684034,804,HBD,,,,,,,,,,,,,,,,,,,,,,,,,,,,,,,,,,,,,,,,,,,,,,,,,,
2025-09-30 04:08:39,,,,867488067684034,805,HBD,,,,,,,,,,,,,,,,,,,,,,,,,,,,,,,,,,,,,,,,,,,,,,,,,,
2025-09-30 04:10:39,,,,867488067684034,806,HBD,,,,,,,,,,,,,,,,,,,,,,,,,,,,,,,,,,,,,,,,,,,,,,,,,,
2025-09-30 04:12:39,,,,867488067684034,807,HBD,,,,,,,,,,,,,,,,,,,,,,,,,,,,,,,,,,,,,,,,,,,,,,,,,,
2025-09-30 04:14:40,,,,867488067684034,808,HBD,,,,,,,,,,,,,,,,,,,,,,,,,,,,,,,,,,,,,,,,,,,,,,,,,,
2025-09-30 04:16:40,,,,867488067684034,809,HBD,,,,,,,,,,,,,,,,,,,,,,,,,,,,,,,,,,,,,,,,,,,,,,,,,,
2025-09-30 04:18:41,,,,867488067684034,810,HBD,,,,,,,,,,,,,,,,,,,,,,,,,,,,,,,,,,,,,,,,,,,,,,,,,,
2025-09-30 04:20:41,,,,867488067684034,811,HBD,,,,,,,,,,,,,,,,,,,,,,,,,,,,,,,,,,,,,,,,,,,,,,,,,,
2025-09-30 04:22:42,,,,867488067684034,812,HBD,,,,,,,,,,,,,,,,,,,,,,,,,,,,,,,,,,,,,,,,,,,,,,,,,,
2025-09-30 04:23:38,2025-09-30 04:23:38,2025-09-30 04:21:12,2025-09-30 04:21:12,867488067684034,813,GTERI,0x19fe3fbf,0x00028102,802003,0x8303,0x0115,54,25464,0000,-,00,00,11,7,7,-,01,01,0.0,0.0,174,174,1022,1022,-25.047372,-25.047372,-51.540869,-51.540869,0724,0004,85da,0f6ad116,6.9,6.9,6.9,0:24:16,2:49:45,-,-,0,-,,,,,04,1,00000000,00,10,
2025-09-30 04:24:42,,,,867488067684034,814,HBD,,,,,,,,,,,,,,,,,,,,,,,,,,,,,,,,,,,,,,,,,,,,,,,,,,
2025-09-30 04:26:42,,,,867488067684034,815,HBD,,,,,,,,,,,,,,,,,,,,,,,,,,,,,,,,,,,,,,,,,,,,,,,,,,
2025-09-30 04:28:43,,,,867488067684034,816,HBD,,,,,,,,,,,,,,,,,,,,,,,,,,,,,,,,,,,,,,,,,,,,,,,,,,
2025-09-30 04:30:43,,,,867488067684034,817,HBD,,,,,,,,,,,,,,,,,,,,,,,,,,,,,,,,,,,,,,,,,,,,,,,,,,
2025-09-30 04:32:44,,,,867488067684034,818,HBD,,,,,,,,,,,,,,,,,,,,,,,,,,,,,,,,,,,,,,,,,,,,,,,,,,
2025-09-30 04:34:44,,,,867488067684034,819,HBD,,,,,,,,,,,,,,,,,,,,,,,,,,,,,,,,,,,,,,,,,,,,,,,,,,
2025-09-30 04:36:45,,,,867488067684034,820,HBD,,,,,,,,,,,,,,,,,,,,,,,,,,,,,,,,,,,,,,,,,,,,,,,,,,
2025-09-30 04:38:45,,,,867488067684034,821,HBD,,,,,,,,,,,,,,,,,,,,,,,,,,,,,,,,,,,,,,,,,,,,,,,,,,
2025-09-30 04:40:46,,,,867488067684034,822,HBD,,,,,,,,,,,,,,,,,,,,,,,,,,,,,,,,,,,,,,,,,,,,,,,,,,
2025-09-30 04:42:46,,,,867488067684034,823,HBD,,,,,,,,,,,,,,,,,,,,,,,,,,,,,,,,,,,,,,,,,,,,,,,,,,
2025-09-30 04:44:46,,,,867488067684034,824,HBD,,,,,,,,,,,,,,,,,,,,,,,,,,,,,,,,,,,,,,,,,,,,,,,,,,
2025-09-30 04:46:47,,,,867488067684034,825,HBD,,,,,,,,,,,,,,,,,,,,,,,,,,,,,,,,,,,,,,,,,,,,,,,,,,
2025-09-30 04:48:47,,,,867488067684034,826,HBD,,,,,,,,,,,,,,,,,,,,,,,,,,,,,,,,,,,,,,,,,,,,,,,,,,
2025-09-30 04:50:48,,,,867488067684034,827,HBD,,,,,,,,,,,,,,,,,,,,,,,,,,,,,,,,,,,,,,,,,,,,,,,,,,
2025-09-30 04:52:48,,,,867488067684034,828,HBD,,,,,,,,,,,,,,,,,,,,,,,,,,,,,,,,,,,,,,,,,,,,,,,,,,
2025-09-30 04:54:49,,,,867488067684034,829,HBD,,,,,,,,,,,,,,,,,,,,,,,,,,,,,,,,,,,,,,,,,,,,,,,,,,
2025-09-30 04:56:49,,,,867488067684034,830,HBD,,,,,,,,,,,,,,,,,,,,,,,,,,,,,,,,,,,,,,,,,,,,,,,,,,
2025-09-30 04:58:49,,,,867488067684034,831,HBD,,,,,,,,,,,,,,,,,,,,,,,,,,,,,,,,,,,,,,,,,,,,,,,,,,
2025-09-30 05:00:50,,,,867488067684034,832,HBD,,,,,,,,,,,,,,,,,,,,,,,,,,,,,,,,,,,,,,,,,,,,,,,,,,
2025-09-30 05:02:50,,,,867488067684034,833,HBD,,,,,,,,,,,,,,,,,,,,,,,,,,,,,,,,,,,,,,,,,,,,,,,,,,
2025-09-30 05:04:51,,,,867488067684034,834,HBD,,,,,,,,,,,,,,,,,,,,,,,,,,,,,,,,,,,,,,,,,,,,,,,,,,
2025-09-30 05:06:51,,,,867488067684034,835,HBD,,,,,,,,,,,,,,,,,,,,,,,,,,,,,,,,,,,,,,,,,,,,,,,,,,
2025-09-30 05:08:52,,,,867488067684034,836,HBD,,,,,,,,,,,,,,,,,,,,,,,,,,,,,,,,,,,,,,,,,,,,,,,,,,
2025-09-30 05:10:52,,,,867488067684034,837,HBD,,,,,,,,,,,,,,,,,,,,,,,,,,,,,,,,,,,,,,,,,,,,,,,,,,
2025-09-30 05:12:53,,,,867488067684034,838,HBD,,,,,,,,,,,,,,,,,,,,,,,,,,,,,,,,,,,,,,,,,,,,,,,,,,
2025-09-30 05:14:53,,,,867488067684034,839,HBD,,,,,,,,,,,,,,,,,,,,,,,,,,,,,,,,,,,,,,,,,,,,,,,,,,
2025-09-30 05:16:54,,,,867488067684034,840,HBD,,,,,,,,,,,,,,,,,,,,,,,,,,,,,,,,,,,,,,,,,,,,,,,,,,
2025-09-30 05:18:54,,,,867488067684034,841,HBD,,,,,,,,,,,,,,,,,,,,,,,,,,,,,,,,,,,,,,,,,,,,,,,,,,
2025-09-30 05:20:54,,,,867488067684034,842,HBD,,,,,,,,,,,,,,,,,,,,,,,,,,,,,,,,,,,,,,,,,,,,,,,,,,
2025-09-30 05:22:55,,,,867488067684034,843,HBD,,,,,,,,,,,,,,,,,,,,,,,,,,,,,,,,,,,,,,,,,,,,,,,,,,
2025-09-30 05:23:38,2025-09-30 05:23:38,2025-09-30 05:21:11,2025-09-30 05:21:11,867488067684034,844,GTERI,0x19fe3fbf,0x00028102,802003,0x8303,0x0115,54,25493,0000,-,00,00,11,7,7,-,01,01,0.0,0.0,174,174,1022,1022,-25.047372,-25.047372,-51.540869,-51.540869,0724,0004,85da,0f6ad116,6.9,6.9,6.9,0:24:16,2:49:45,-,-,0,-,,,,,04,1,00000000,00,10,
2025-09-30 05:24:55,,,,867488067684034,845,HBD,,,,,,,,,,,,,,,,,,,,,,,,,,,,,,,,,,,,,,,,,,,,,,,,,,
2025-09-30 05:26:56,,,,867488067684034,846,HBD,,,,,,,,,,,,,,,,,,,,,,,,,,,,,,,,,,,,,,,,,,,,,,,,,,
2025-09-30 05:28:56,,,,867488067684034,847,HBD,,,,,,,,,,,,,,,,,,,,,,,,,,,,,,,,,,,,,,,,,,,,,,,,,,
2025-09-30 05:30:57,,,,867488067684034,848,HBD,,,,,,,,,,,,,,,,,,,,,,,,,,,,,,,,,,,,,,,,,,,,,,,,,,
2025-09-30 05:32:57,,,,867488067684034,849,HBD,,,,,,,,,,,,,,,,,,,,,,,,,,,,,,,,,,,,,,,,,,,,,,,,,,
2025-09-30 05:34:58,,,,867488067684034,850,HBD,,,,,,,,,,,,,,,,,,,,,,,,,,,,,,,,,,,,,,,,,,,,,,,,,,
2025-09-30 05:36:58,,,,867488067684034,851,HBD,,,,,,,,,,,,,,,,,,,,,,,,,,,,,,,,,,,,,,,,,,,,,,,,,,
2025-09-30 05:38:58,,,,867488067684034,852,HBD,,,,,,,,,,,,,,,,,,,,,,,,,,,,,,,,,,,,,,,,,,,,,,,,,,
2025-09-30 05:40:59,,,,867488067684034,853,HBD,,,,,,,,,,,,,,,,,,,,,,,,,,,,,,,,,,,,,,,,,,,,,,,,,,
2025-09-30 05:42:59,,,,867488067684034,854,HBD,,,,,,,,,,,,,,,,,,,,,,,,,,,,,,,,,,,,,,,,,,,,,,,,,,
2025-09-30 05:45:00,,,,867488067684034,855,HBD,,,,,,,,,,,,,,,,,,,,,,,,,,,,,,,,,,,,,,,,,,,,,,,,,,
2025-09-30 05:47:01,,,,867488067684034,856,HBD,,,,,,,,,,,,,,,,,,,,,,,,,,,,,,,,,,,,,,,,,,,,,,,,,,
2025-09-30 05:49:01,,,,867488067684034,857,HBD,,,,,,,,,,,,,,,,,,,,,,,,,,,,,,,,,,,,,,,,,,,,,,,,,,
2025-09-30 05:51:01,,,,867488067684034,858,HBD,,,,,,,,,,,,,,,,,,,,,,,,,,,,,,,,,,,,,,,,,,,,,,,,,,
2025-09-30 05:53:02,,,,867488067684034,859,HBD,,,,,,,,,,,,,,,,,,,,,,,,,,,,,,,,,,,,,,,,,,,,,,,,,,
2025-09-30 05:55:02,,,,867488067684034,860,HBD,,,,,,,,,,,,,,,,,,,,,,,,,,,,,,,,,,,,,,,,,,,,,,,,,,
2025-09-30 05:57:03,,,,867488067684034,861,HBD,,,,,,,,,,,,,,,,,,,,,,,,,,,,,,,,,,,,,,,,,,,,,,,,,,
2025-09-30 05:59:03,,,,867488067684034,862,HBD,,,,,,,,,,,,,,,,,,,,,,,,,,,,,,,,,,,,,,,,,,,,,,,,,,
2025-09-30 06:01:04,,,,867488067684034,863,HBD,,,,,,,,,,,,,,,,,,,,,,,,,,,,,,,,,,,,,,,,,,,,,,,,,,
2025-09-30 06:02:04,,,,867488067684034,864,HBD,,,,,,,,,,,,,,,,,,,,,,,,,,,,,,,,,,,,,,,,,,,,,,,,,,
2025-09-30 06:04:04,,,,867488067684034,865,HBD,,,,,,,,,,,,,,,,,,,,,,,,,,,,,,,,,,,,,,,,,,,,,,,,,,
2025-09-30 06:06:05,,,,867488067684034,866,HBD,,,,,,,,,,,,,,,,,,,,,,,,,,,,,,,,,,,,,,,,,,,,,,,,,,
2025-09-30 06:08:05,,,,867488067684034,867,HBD,,,,,,,,,,,,,,,,,,,,,,,,,,,,,,,,,,,,,,,,,,,,,,,,,,
2025-09-30 06:10:06,,,,867488067684034,868,HBD,,,,,,,,,,,,,,,,,,,,,,,,,,,,,,,,,,,,,,,,,,,,,,,,,,
2025-09-30 06:12:06,,,,867488067684034,869,HBD,,,,,,,,,,,,,,,,,,,,,,,,,,,,,,,,,,,,,,,,,,,,,,,,,,
2025-09-30 06:14:07,,,,867488067684034,870,HBD,,,,,,,,,,,,,,,,,,,,,,,,,,,,,,,,,,,,,,,,,,,,,,,,,,
2025-09-30 06:16:07,,,,867488067684034,871,HBD,,,,,,,,,,,,,,,,,,,,,,,,,,,,,,,,,,,,,,,,,,,,,,,,,,
2025-09-30 06:18:07,,,,867488067684034,872,HBD,,,,,,,,,,,,,,,,,,,,,,,,,,,,,,,,,,,,,,,,,,,,,,,,,,
2025-09-30 06:20:08,,,,867488067684034,873,HBD,,,,,,,,,,,,,,,,,,,,,,,,,,,,,,,,,,,,,,,,,,,,,,,,,,
2025-09-30 06:22:08,,,,867488067684034,874,HBD,,,,,,,,,,,,,,,,,,,,,,,,,,,,,,,,,,,,,,,,,,,,,,,,,,
2025-09-30 06:23:38,2025-09-30 06:23:38,2025-09-30 06:21:19,2025-09-30 06:21:19,867488067684034,875,GTERI,0x19fe3fbf,0x00028102,802003,0x8303,0x0115,54,25427,0000,-,00,00,11,6,6,-,01,01,0.0,0.0,174,174,1022,1022,-25.047372,-25.047372,-51.540869,-51.540869,0724,0004,85da,0f6ad116,6.9,6.9,6.9,0:24:16,2:49:45,-,-,0,-,,,,,04,1,00000000,00,10,
2025-09-30 06:24:09,,,,867488067684034,876,HBD,,,,,,,,,,,,,,,,,,,,,,,,,,,,,,,,,,,,,,,,,,,,,,,,,,
2025-09-30 06:26:09,,,,867488067684034,877,HBD,,,,,,,,,,,,,,,,,,,,,,,,,,,,,,,,,,,,,,,,,,,,,,,,,,
2025-09-30 06:27:44,2025-09-30 06:27:44,2025-09-30 06:21:19,2025-09-29 17:18:34,867488067684034,879,GTIGN,0x19fe7fbf,,802003,0x8303,0x0115,54,25433,0000,0000,01,00,22,6,12,47341,00,01,0.0,12.1,174,171,1022,1022,-25.047372,-25.047316,-51.540869,-51.540873,0724,0004,85da,0f6ad116,0.0,6.9,6.9,0:00:00,2:49:45,-,-,0,-,,,,,,,,,,
2025-09-30 06:27:45,2025-09-30 06:27:44,2025-09-30 06:21:19,2025-09-30 06:21:19,867488067684034,880,GTSTT,0x19fe7fbf,,802003,0x8303,0x0115,54,25433,0000,0000,01,00,22,6,6,-,00,00,0.0,0.0,174,174,1022,1022,-25.047372,-25.047372,-51.540869,-51.540869,0724,0004,85da,0f6ad116,0.0,6.9,6.9,0:00:00,2:49:45,-,-,0,-,,,,,,,,,,
2025-09-30 06:27:57,2025-09-30 06:27:57,2025-09-30 06:27:57,2025-09-30 06:27:57,867488067684034,881,GTERI,0x19fe3fbf,0x00028102,802003,0x8303,0x0115,54,27716,0000,-,01,00,22,5,5,-,01,01,0.0,0.0,174,174,1044,1044,-25.047384,-25.047384,-51.541141,-51.541141,0724,0004,85da,0f6ad116,0.0,6.9,6.9,0:00:12,2:49:57,-,-,0,-,,,,,04,1,00000000,00,10,
2025-09-30 06:27:57,2025-09-30 06:27:57,2025-09-30 06:27:57,2025-09-30 06:27:57,867488067684034,882,GTIGL,0x19fe7fbf,,802003,0x8303,0x0115,54,27716,0000,0000,01,00,22,5,5,-,01,01,0.0,0.0,174,174,1044,1044,-25.047384,-25.047384,-51.541141,-51.541141,0724,0004,85da,0f6ad116,0.0,6.9,6.9,0:00:12,2:49:57,-,-,0,-,,,,,,,,,00,
2025-09-30 06:28:10,,,,867488067684034,883,HBD,,,,,,,,,,,,,,,,,,,,,,,,,,,,,,,,,,,,,,,,,,,,,,,,,,
2025-09-30 06:28:28,2025-09-30 06:28:28,2025-09-30 06:28:28,2025-09-30 06:28:28,867488067684034,884,GTIGF,0x19fe7fbf,,802003,0x8303,0x0115,54,25211,0000,0000,00,00,12,12,12,44,01,01,0.0,0.0,174,174,1044,1044,-25.047382,-25.047382,-51.54113,-51.54113,0724,0004,85da,0f6ad116,0.0,6.9,6.9,0:00:42,2:50:27,-,-,0,-,,,,,,,,,,
2025-09-30 06:28:29,2025-09-30 06:28:28,2025-09-30 06:28:28,2025-09-30 06:28:28,867488067684034,885,GTSTT,0x19fe7fbf,,802003,0x8303,0x0115,54,25211,0000,0000,00,00,12,12,12,-,01,01,0.0,0.0,174,174,1044,1044,-25.047382,-25.047382,-51.54113,-51.54113,0724,0004,85da,0f6ad116,0.0,6.9,6.9,0:00:42,2:50:27,-,-,0,-,,,,,,,,,,
2025-09-30 06:28:29,2025-09-30 06:28:29,2025-09-30 06:28:29,2025-09-30 06:28:29,867488067684034,886,GTIGL,0x19fe7fbf,,802003,0x8303,0x0115,54,25211,0000,0000,00,00,12,12,12,-,01,01,0.0,0.0,174,174,1044,1044,-25.047382,-25.047382,-51.54113,-51.54113,0724,0004,85da,0f6ad116,0.0,6.9,6.9,0:00:42,2:50:27,-,-,0,-,,,,,,,,,01,
2025-09-30 06:28:32,,,,867488067684034,887,ACK,,,,,,,,,,,,,,,,,,,,,,,,,,,,,,,,,,,,,,,,,,,,,,,,,,
2025-09-30 06:28:32,,,,867488067684034,888,ACK,,,,,,,,,,,,,,,,,,,,,,,,,,,,,,,,,,,,,,,,,,,,,,,,,,
2025-09-30 06:28:33,2025-09-30 06:28:32,2025-09-30 06:28:32,2025-09-30 06:28:12,867488067684034,890,GTIGN,0x19fe7fbf,,802003,0x8303,0x0115,54,25494,0000,0000,01,00,22,11,6,4,01,01,0.0,0.4,174,174,1044,1044,-25.047382,-25.047383,-51.54113,-51.541136,0724,0004,85da,0f6ad116,0.0,6.9,6.9,0:00:00,2:50:27,-,-,0,-,,,,,,,,,,
2025-09-30 06:28:33,2025-09-30 06:28:32,2025-09-30 06:28:32,2025-09-30 06:28:32,867488067684034,891,GTSTT,0x19fe7fbf,,802003,0x8303,0x0115,54,25494,0000,0000,01,00,22,11,11,-,01,01,0.0,0.0,174,174,1044,1044,-25.047382,-25.047382,-51.54113,-51.54113,0724,0004,85da,0f6ad116,0.0,6.9,6.9,0:00:00,2:50:27,-,-,0,-,,,,,,,,,,
2025-09-30 06:28:34,2025-09-30 06:28:33,2025-09-30 06:28:33,2025-09-30 06:28:33,867488067684034,892,GTIGL,0x19fe7fbf,,802003,0x8303,0x0115,54,25494,0000,0000,01,00,22,11,11,-,01,01,0.0,0.0,174,174,1044,1044,-25.047382,-25.047382,-51.54113,-51.54113,0724,0004,85da,0f6ad116,0.0,6.9,6.9,0:00:00,2:50:27,-,-,0,-,,,,,,,,,00,
2025-09-30 06:30:10,,,,867488067684034,893,HBD,,,,,,,,,,,,,,,,,,,,,,,,,,,,,,,,,,,,,,,,,,,,,,,,,,
2025-09-30 06:30:54,2025-09-30 06:30:54,2025-09-30 06:30:52,2025-09-30 06:30:13,867488067684034,895,GTERI,0x19fe3fbf,0x00028102,802003,0x8303,0x0115,54,27960,0000,-,01,00,22,12,12,-,01,01,23.7,24.4,184,259,1040,1030,-25.048118,-25.046495,-51.542101,-51.541675,0724,0004,85da,0f6ad116,0.4,7.3,7.0,0:02:21,2:52:48,-,-,0,-,,,,,04,1,00000000,00,10,
2025-09-30 06:31:33,2025-09-30 06:31:33,2025-09-30 06:31:32,2025-09-30 06:31:27,867488067684034,896,GTBTC,0x19fe7fbf,,802003,0x8303,0x0115,54,27977,0000,0000,01,00,22,12,12,-,01,01,20.0,23.7,184,182,1047,1046,-25.050041,-25.049766,-51.54218,-51.542161,0724,0004,85da,0f6ad116,0.6,7.5,7.4,0:03:00,2:53:27,-,-,0,-,,,,,,,,,,
2025-09-30 06:31:54,2025-09-30 06:31:54,2025-09-30 06:31:53,2025-09-30 06:31:53,867488067684034,897,GTIGF,0x19fe7fbf,,802003,0x8303,0x0115,64,27904,0000,0000,00,00,12,12,12,202,01,01,0.0,0.0,184,184,1051,1051,-25.050565,-25.050565,-51.542069,-51.542069,0724,0004,85da,0f6ad116,0.6,7.5,7.5,0:03:21,2:53:48,-,-,0,-,,,,,,,,,,
2025-09-30 06:31:54,2025-09-30 06:31:54,2025-09-30 06:31:53,2025-09-30 06:31:53,867488067684034,898,GTSTT,0x19fe7fbf,,802003,0x8303,0x0115,64,27904,0000,0000,00,00,12,12,12,-,01,01,0.0,0.0,184,184,1051,1051,-25.050565,-25.050565,-51.542069,-51.542069,0724,0004,85da,0f6ad116,0.6,7.5,7.5,0:03:21,2:53:48,-,-,0,-,,,,,,,,,,
2025-09-30 06:31:54,2025-09-30 06:31:54,2025-09-30 06:31:54,2025-09-30 06:31:54,867488067684034,899,GTIGL,0x19fe7fbf,,802003,0x8303,0x0115,64,27904,0000,0000,00,00,12,12,12,-,01,01,0.0,0.0,184,184,1051,1051,-25.050565,-25.050565,-51.542069,-51.542069,0724,0004,85da,0f6ad116,0.6,7.5,7.5,0:03:21,2:53:48,-,-,0,-,,,,,,,,,01,
2025-09-30 06:31:55,2025-09-30 06:31:55,2025-09-30 06:31:55,2025-09-30 06:31:55,867488067684034,900,GTSTC,0x19fe7fbf,,802003,0x8303,0x0115,64,27904,0000,0000,00,00,12,12,12,-,01,01,0.0,0.0,184,184,1051,1051,-25.050565,-25.050565,-51.542069,-51.542069,0724,0004,85da,0f6ad116,0.6,7.5,7.5,0:03:21,2:53:48,-,-,0,-,,,,,,,,,,
2025-09-30 06:31:57,,,,867488067684034,901,ACK,,,,,,,,,,,,,,,,,,,,,,,,,,,,,,,,,,,,,,,,,,,,,,,,,,
2025-09-30 06:31:57,,,,867488067684034,902,ACK,,,,,,,,,,,,,,,,,,,,,,,,,,,,,,,,,,,,,,,,,,,,,,,,,,
2025-09-30 06:32:11,,,,867488067684034,903,HBD,,,,,,,,,,,,,,,,,,,,,,,,,,,,,,,,,,,,,,,,,,,,,,,,,,
2025-09-30 06:32:18,2025-09-30 06:32:18,2025-09-30 06:32:17,2025-09-30 06:32:17,867488067684034,904,GTSTT,0x19fe7fbf,,802003,0x8303,0x0115,66,26136,0000,0000,00,00,11,12,12,-,01,01,0.0,0.0,184,184,1051,1051,-25.050565,-25.050565,-51.542069,-51.542069,0724,0004,85da,0f6ad116,0.6,7.5,7.5,0:03:21,2:53:48,-,-,0,-,,,,,,,,,,
2025-09-30 06:33:54,2025-09-30 06:33:54,2025-09-30 06:33:52,2025-09-30 06:33:52,867488067684034,906,GTERI,0x19fe3fbf,0x00028102,802003,0x8303,0x0115,55,25833,0000,-,00,00,11,12,12,-,01,01,0.0,0.0,184,184,1051,1051,-25.050565,-25.050565,-51.542069,-51.542069,0724,0004,85da,0f6ad116,0.6,7.5,7.5,0:03:21,2:53:48,-,-,0,-,,,,,04,1,00000000,00,10,
2025-09-30 06:34:11,,,,867488067684034,907,HBD,,,,,,,,,,,,,,,,,,,,,,,,,,,,,,,,,,,,,,,,,,,,,,,,,,
2025-09-30 06:36:12,,,,867488067684034,908,HBD,,,,,,,,,,,,,,,,,,,,,,,,,,,,,,,,,,,,,,,,,,,,,,,,,,
2025-09-30 06:36:54,2025-09-30 06:36:54,2025-09-30 06:36:54,2025-09-30 06:36:54,867488067684034,909,GTERI,0x19fe3fbf,0x00028102,802003,0x8303,0x0115,54,25773,0000,-,00,00,11,12,12,-,01,01,0.0,0.0,184,184,1051,1051,-25.050565,-25.050565,-51.542069,-51.542069,0724,0004,85da,0f6ad116,0.6,7.5,7.5,0:03:21,2:53:48,-,-,0,-,,,,,04,1,00000000,00,10,
2025-09-30 06:38:12,,,,867488067684034,910,HBD,,,,,,,,,,,,,,,,,,,,,,,,,,,,,,,,,,,,,,,,,,,,,,,,,,
2025-09-30 06:40:13,,,,867488067684034,911,HBD,,,,,,,,,,,,,,,,,,,,,,,,,,,,,,,,,,,,,,,,,,,,,,,,,,
2025-09-30 06:40:26,2025-09-30 06:40:26,2025-09-30 06:36:54,2025-09-30 06:31:33,867488067684034,913,GTIGN,0x19fe7fbf,,802003,0x8303,0x0115,54,25766,0000,0000,01,00,22,12,12,512,00,01,0.0,19.1,184,184,1051,1047,-25.050565,-25.050089,-51.542069,-51.542184,0724,0004,85da,0f6ad116,0.0,7.5,7.5,0:00:00,2:53:48,-,-,0,-,,,,,,,,,,
2025-09-30 06:40:26,2025-09-30 06:40:26,2025-09-30 06:36:54,2025-09-30 06:36:54,867488067684034,914,GTSTT,0x19fe7fbf,,802003,0x8303,0x0115,54,25766,0000,0000,01,00,22,12,12,-,00,00,0.0,0.0,184,184,1051,1051,-25.050565,-25.050565,-51.542069,-51.542069,0724,0004,85da,0f6ad116,0.0,7.5,7.5,0:00:00,2:53:48,-,-,0,-,,,,,,,,,,
2025-09-30 06:40:37,2025-09-30 06:40:37,2025-09-30 06:40:37,2025-09-30 06:40:37,867488067684034,915,GTERI,0x19fe3fbf,0x00028102,802003,0x8303,0x0115,54,27731,0000,-,01,00,22,12,12,-,01,01,0.0,0.0,184,184,1031,1031,-25.050648,-25.050648,-51.54211,-51.54211,0724,0004,85da,0f6ad116,0.0,7.5,7.5,0:00:09,2:53:57,-,-,0,-,,,,,04,1,00000000,00,10,
2025-09-30 06:40:37,2025-09-30 06:40:37,2025-09-30 06:40:37,2025-09-30 06:40:37,867488067684034,916,GTIGL,0x19fe7fbf,,802003,0x8303,0x0115,54,27731,0000,0000,01,00,22,12,12,-,01,01,0.0,0.0,184,184,1031,1031,-25.050648,-25.050648,-51.54211,-51.54211,0724,0004,85da,0f6ad116,0.0,7.5,7.5,0:00:09,2:53:57,-,-,0,-,,,,,,,,,00,
2025-09-30 06:42:13,,,,867488067684034,917,HBD,,,,,,,,,,,,,,,,,,,,,,,,,,,,,,,,,,,,,,,,,,,,,,,,,,
2025-09-30 06:43:27,2025-09-30 06:43:27,2025-09-30 06:43:27,2025-09-30 06:43:04,867488067684034,919,GTBTC,0x19fe7fbf,,802003,0x8303,0x0115,54,27856,0000,0000,01,00,22,12,12,-,01,01,52.8,67.3,332,332,1013,1014,-25.041312,-25.044389,-51.545118,-51.54334,0724,0004,85da,0f6ad117,1.1,8.7,8.3,0:03:00,2:56:48,-,-,0,-,,,,,,,,,,
2025-09-30 06:43:35,2025-09-30 06:43:35,2025-09-30 06:43:34,2025-09-30 06:43:28,867488067684034,920,GTERI,0x19fe3fbf,0x00028102,802003,0x8303,0x0115,54,27824,0000,-,01,00,22,12,12,-,01,01,27.2,51.9,335,332,1014,1013,-25.040633,-25.041196,-51.545483,-51.545184,0724,0004,85da,0f6ad117,1.2,8.7,8.7,0:03:06,2:56:54,-,-,0,-,,,,,04,1,00000000,00,10,
2025-09-30 06:44:14,,,,867488067684034,921,HBD,,,,,,,,,,,,,,,,,,,,,,,,,,,,,,,,,,,,,,,,,,,,,,,,,,
2025-09-30 06:44:28,,,,867488067684034,923,ACK,,,,,,,,,,,,,,,,,,,,,,,,,,,,,,,,,,,,,,,,,,,,,,,,,,
2025-09-30 06:44:28,,,,867488067684034,924,ACK,,,,,,,,,,,,,,,,,,,,,,,,,,,,,,,,,,,,,,,,,,,,,,,,,,
2025-09-30 06:44:29,,,,867488067684034,925,ACK,,,,,,,,,,,,,,,,,,,,,,,,,,,,,,,,,,,,,,,,,,,,,,,,,,
2025-09-30 06:46:14,,,,867488067684034,926,HBD,,,,,,,,,,,,,,,,,,,,,,,,,,,,,,,,,,,,,,,,,,,,,,,,,,
2025-09-30 06:46:35,2025-09-30 06:46:35,2025-09-30 06:46:34,2025-09-30 06:44:24,867488067684034,928,GTERI,0x19fe3fbf,0x00028102,802003,0x8303,0x0115,88,27960,0000,-,01,00,22,12,12,-,01,01,31.8,61.8,78,348,1043,1031,-25.028219,-25.035366,-51.541197,-51.546722,0724,0004,85da,0f6ad117,3.1,10.6,9.3,0:06:06,2:59:54,-,-,0,-,,,,,04,1,00000000,00,10,
2025-09-30 06:48:18,,,,867488067684034,929,HBD,,,,,,,,,,,,,,,,,,,,,,,,,,,,,,,,,,,,,,,,,,,,,,,,,,
2025-09-30 06:50:33,2025-09-30 06:49:35,2025-09-30 06:49:33,2025-09-30 06:46:57,867488067684034,931,GTERI,0x19fe3fbf,0x00028102,802003,0x8303,0x0115,90,27957,0000,-,01,00,22,12,12,-,01,01,23.0,37.7,41,70,1004,1044,-25.021163,-25.027649,-51.533845,-51.539281,0724,0004,85da,0f6ad117,4.4,11.9,10.8,0:09:06,3:02:54,-,-,0,-,,,,,04,1,00000000,00,10,
2025-09-30 06:50:33,2025-09-30 06:49:35,2025-09-30 06:49:33,2025-09-30 06:46:57,867488067684034,931,GTERI,0x19fe3fbf,0x00028102,802003,0x8303,0x0115,90,27957,0000,-,01,00,22,12,12,-,01,01,23.0,37.7,41,70,1004,1044,-25.021163,-25.027649,-51.533845,-51.539281,0724,0004,85da,0f6ad117,4.4,11.9,10.8,0:09:06,3:02:54,-,-,0,-,,,,,04,1,00000000,00,10,
2025-09-30 06:50:33,2025-09-30 06:49:35,2025-09-30 06:49:33,2025-09-30 06:46:57,867488067684034,931,GTERI,0x19fe3fbf,0x00028102,802003,0x8303,0x0115,90,27957,0000,-,01,00,22,12,12,-,01,01,23.0,37.7,41,70,1004,1044,-25.021163,-25.027649,-51.533845,-51.539281,0724,0004,85da,0f6ad117,4.4,11.9,10.8,0:09:06,3:02:54,-,-,0,-,,,,,04,1,00000000,00,10,
2025-09-30 06:51:08,2025-09-30 06:49:35,2025-09-30 06:49:33,2025-09-30 06:46:57,867488067684034,931,GTERI,0x19fe3fbf,0x00028102,802003,0x8303,0x0115,90,27957,0000,-,01,00,22,12,12,-,01,01,23.0,37.7,41,70,1004,1044,-25.021163,-25.027649,-51.533845,-51.539281,0724,0004,85da,0f6ad117,4.4,11.9,10.8,0:09:06,3:02:54,-,-,0,-,,,,,04,1,00000000,00,10,
2025-09-30 06:51:08,,,,867488067684034,932,HBD,,,,,,,,,,,,,,,,,,,,,,,,,,,,,,,,,,,,,,,,,,,,,,,,,,
2025-09-30 06:51:09,2025-09-30 06:50:32,2025-09-30 06:50:32,2025-09-30 06:50:08,867488067684034,934,GTPDP,0x19fe7fbf,,802003,0x8303,0x0115,90,27957,0000,0000,01,00,22,12,12,-,01,01,30.3,34.3,141,137,971,980,-25.022077,-25.021116,-51.530078,-51.53177,0000,0000,0000,00000000,4.8,12.3,12.1,0:10:06,3:03:54,-,-,0,-,,,,,,,,,,
2025-09-30 06:51:09,,,,867488067684034,936,HBD,,,,,,,,,,,,,,,,,,,,,,,,,,,,,,,,,,,,,,,,,,,,,,,,,,
2025-09-30 06:52:35,2025-09-30 06:52:35,2025-09-30 06:52:34,2025-09-30 06:51:28,867488067684034,937,GTERI,0x19fe3fbf,0x00028102,802003,0x8303,0x0115,91,27987,0000,-,01,00,22,12,12,-,01,01,32.4,39.6,96,54,1000,967,-25.02323,-25.024049,-51.521912,-51.527119,0724,0004,85da,0f6ad109,5.9,13.4,12.8,0:12:06,3:05:54,-,-,0,-,,,,,04,3,00000000,00,10,
2025-09-30 06:53:16,,,,867488067684034,939,HBD,,,,,,,,,,,,,,,,,,,,,,,,,,,,,,,,,,,,,,,,,,,,,,,,,,
2025-09-30 06:55:17,,,,867488067684034,941,HBD,,,,,,,,,,,,,,,,,,,,,,,,,,,,,,,,,,,,,,,,,,,,,,,,,,
2025-09-30 06:55:35,2025-09-30 06:55:35,2025-09-30 06:55:33,2025-09-30 06:53:10,867488067684034,942,GTERI,0x19fe3fbf,0x00028102,802003,0x8303,0x0115,92,27985,0000,-,01,00,22,12,12,-,01,01,24.8,38.9,115,125,1056,1005,-25.027443,-25.023072,-51.511329,-51.5187,0724,0004,85da,0f6ad109,7.4,14.9,13.7,0:15:06,3:08:54,-,-,0,-,,,,,04,3,00000000,00,10,
2025-09-30 06:57:17,,,,867488067684034,944,HBD,,,,,,,,,,,,,,,,,,,,,,,,,,,,,,,,,,,,,,,,,,,,,,,,,,
2025-09-30 06:58:35,2025-09-30 06:58:35,2025-09-30 06:58:34,2025-09-30 06:57:55,867488067684034,945,GTERI,0x19fe3fbf,0x00028102,802003,0x8303,0x0115,93,27931,0000,-,01,00,22,12,12,-,01,01,33.5,39.4,79,154,1073,1071,-25.03648,-25.035307,-51.499458,-51.502709,0724,0004,85da,0f6ad109,9.0,16.5,16.1,0:18:06,3:11:54,-,-,0,-,,,,,04,3,00000000,00,10,
2025-09-30 06:59:18,,,,867488067684034,947,HBD,,,,,,,,,,,,,,,,,,,,,,,,,,,,,,,,,,,,,,,,,,,,,,,,,,
2025-09-30 07:02:57,2025-09-30 07:01:05,2025-09-30 07:01:05,2025-09-30 06:59:20,867488067684034,948,GTPDP,0x19fe7fbf,,802003,0x8303,0x0115,94,27947,0000,0000,01,00,22,12,12,-,01,01,27.2,36.2,323,74,1025,1071,-25.032775,-25.036694,-51.491098,-51.495409,0000,0000,0000,00000000,10.2,17.7,16.9,0:20:39,3:14:27,-,-,0,-,,,,,,,,,,
2025-09-30 07:02:58,,,,867488067684034,950,HBD,,,,,,,,,,,,,,,,,,,,,,,,,,,,,,,,,,,,,,,,,,,,,,,,,,
2025-09-30 07:02:58,2025-09-30 07:01:35,2025-09-30 07:01:34,2025-09-30 07:01:35,867488067684034,951,GTERI,0x19fe3fbf,0x00028102,802003,0x8303,0x0115,94,27961,0000,-,01,00,22,12,12,-,01,01,33.3,33.9,34,36,1025,1025,-25.030818,-25.03075,-51.490943,-51.490888,0000,0000,0000,00000000,10.5,18.0,18.0,0:21:06,3:14:54,-,-,0,-,,,,,00,0,00000000,00,10,
2025-09-30 07:02:59,,,,867488067684034,953,HBD,,,,,,,,,,,,,,,,,,,,,,,,,,,,,,,,,,,,,,,,,,,,,,,,,,
2025-09-30 07:04:04,2025-09-30 07:03:51,2025-09-30 07:03:51,2025-09-30 07:02:15,867488067684034,954,GTPDP,0x19fe7fbf,,802003,0x8303,0x0115,95,27889,0000,0000,01,00,22,12,12,-,01,01,0.0,37.8,34,28,1023,1027,-25.024638,-25.027703,-51.489697,-51.490174,0000,0000,0000,00000000,11.2,18.7,18.4,0:23:24,3:17:12,-,-,0,-,,,,,,,,,,
2025-09-30 07:04:05,,,,867488067684034,956,HBD,,,,,,,,,,,,,,,,,,,,,,,,,,,,,,,,,,,,,,,,,,,,,,,,,,
2025-09-30 07:04:35,2025-09-30 07:04:35,2025-09-30 07:04:34,2025-09-30 07:04:12,867488067684034,957,GTERI,0x19fe3fbf,0x00028102,802003,0x8303,0x0115,95,27864,0000,-,01,00,22,12,12,-,01,01,16.9,30.2,8,349,1022,1025,-25.022584,-25.023868,-51.489852,-51.489928,0724,0004,85da,0f79f10d,11.4,18.9,18.8,0:24:06,3:17:54,-,-,0,-,,,,,04,28,00000000,00,10,
2025-09-30 07:10:45,2025-09-30 07:06:02,2025-09-30 07:06:02,2025-09-30 07:05:45,867488067684034,958,GTPDP,0x19fe7fbf,,802003,0x8303,0x0115,95,27969,0000,0000,01,00,22,12,12,-,01,01,29.0,33.0,339,350,1010,1013,-25.019213,-25.020511,-51.489184,-51.489085,0000,0000,0000,00000000,11.8,19.3,19.2,0:25:33,3:19:21,-,-,0,-,,,,,,,,,,
2025-09-30 07:11:56,,,,867488067684034,960,HBD,,,,,,,,,,,,,,,,,,,,,,,,,,,,,,,,,,,,,,,,,,,,,,,,,,
2025-09-30 07:11:58,2025-09-30 07:06:13,2025-09-30 07:06:13,2025-09-30 07:06:12,867488067684034,961,GTPDP,0x19fe7fbf,,802003,0x8303,0x0115,96,27965,0000,0000,01,00,22,12,12,-,01,01,32.3,33.3,339,335,1008,1008,-25.01846,-25.018536,-51.489595,-51.489563,0000,0000,0000,00000000,11.9,19.4,19.4,0:25:45,3:19:33,-,-,0,-,,,,,,,,,,
2025-09-30 07:11:58,2025-09-30 07:07:35,2025-09-30 07:07:34,2025-09-30 07:06:14,867488067684034,962,GTERI,0x19fe3fbf,0x00028102,802003,0x8303,0x0115,96,28012,0000,-,01,00,22,12,12,-,01,01,29.8,31.7,270,344,964,1007,-25.015972,-25.018384,-51.489789,-51.489619,0000,0000,0000,00000000,12.3,19.8,19.4,0:27:06,3:20:54,-,-,0,-,,,,,00,0,00000000,00,10,
2025-09-30 07:11:59,,,,867488067684034,964,HBD,,,,,,,,,,,,,,,,,,,,,,,,,,,,,,,,,,,,,,,,,,,,,,,,,,
2025-09-30 07:11:59,2025-09-30 07:09:13,2025-09-30 07:09:13,2025-09-30 07:07:59,867488067684034,965,GTPDP,0x19fe7fbf,,802003,0x8303,0x0115,96,27840,0000,0000,01,00,22,12,12,-,01,01,0.0,32.8,270,345,1009,955,-25.014647,-25.015099,-51.494426,-51.491392,0000,0000,0000,00000000,12.9,20.4,20.0,0:28:45,3:22:33,-,-,0,-,,,,,,,,,,
2025-09-30 07:12:00,,,,867488067684034,967,HBD,,,,,,,,,,,,,,,,,,,,,,,,,,,,,,,,,,,,,,,,,,,,,,,,,,
2025-09-30 07:12:00,,,,867488067684034,969,HBD,,,,,,,,,,,,,,,,,,,,,,,,,,,,,,,,,,,,,,,,,,,,,,,,,,
2025-09-30 07:12:01,2025-09-30 07:10:35,2025-09-30 07:10:33,2025-09-30 07:10:28,867488067684034,970,GTERI,0x19fe3fbf,0x00028102,802003,0x8303,0x0115,97,27880,0000,-,01,00,22,12,12,-,01,01,27.3,30.1,330,331,1023,1029,-25.013348,-25.013666,-51.497599,-51.497412,0724,0004,85de,0f795e0e,13.4,20.9,20.9,0:30:06,3:23:54,-,-,0,-,,,,,04,28,00000000,00,10,
2025-09-30 07:12:01,2025-09-30 07:11:20,2025-09-30 07:11:20,2025-09-30 07:10:54,867488067684034,971,GTPDP,0x19fe7fbf,,802003,0x8303,0x0115,97,27985,0000,0000,01,00,22,12,12,-,01,01,28.5,31.5,264,312,989,1002,-25.011448,-25.012583,-51.500409,-51.498875,0000,0000,0000,00000000,13.8,21.3,21.1,0:30:54,3:24:42,-,-,0,-,,,,,,,,,,
2025-09-30 07:12:02,,,,867488067684034,973,HBD,,,,,,,,,,,,,,,,,,,,,,,,,,,,,,,,,,,,,,,,,,,,,,,,,,
2025-09-30 07:13:35,2025-09-30 07:13:35,2025-09-30 07:13:34,2025-09-30 07:12:30,867488067684034,974,GTERI,0x19fe3fbf,0x00028102,802003,0x8303,0x0115,98,27923,0000,-,01,00,22,12,12,-,01,01,23.4,37.1,254,182,1008,1004,-25.017248,-25.014468,-51.50761,-51.50438,0724,0004,85da,0f6ad115,15.0,22.5,21.9,0:33:06,3:26:54,-,-,0,-,,,,,04,1,00000000,00,10,
2025-09-30 07:15:31,,,,867488067684034,976,HBD,,,,,,,,,,,,,,,,,,,,,,,,,,,,,,,,,,,,,,,,,,,,,,,,,,
2025-09-30 07:15:31,2025-09-30 07:14:54,2025-09-30 07:14:54,2025-09-30 07:14:29,867488067684034,977,GTPDP,0x19fe7fbf,,802003,0x8303,0x0115,99,27962,0000,0000,01,00,22,12,12,-,01,01,29.1,38.4,244,251,1009,987,-25.020777,-25.0203,-51.512033,-51.509906,0000,0000,0000,00000000,15.6,23.1,22.9,0:34:27,3:28:15,-,-,0,-,,,,,,,,,,
2025-09-30 07:15:54,,,,867488067684034,979,HBD,,,,,,,,,,,,,,,,,,,,,,,,,,,,,,,,,,,,,,,,,,,,,,,,,,
2025-09-30 07:16:35,2025-09-30 07:16:35,2025-09-30 07:16:34,2025-09-30 07:16:28,867488067684034,980,GTERI,0x19fe3fbf,0x00028102,802003,0x8303,0x0115,99,28011,0000,-,01,00,22,12,12,-,01,01,31.5,36.0,215,196,1000,1004,-25.023494,-25.023039,-51.515603,-51.515365,0724,0004,85da,0f79f10d,16.1,23.6,23.6,0:36:06,3:29:54,-,-,0,-,,,,,04,28,00000000,00,10,
2025-09-30 07:17:34,2025-09-30 07:17:28,2025-09-30 07:17:28,2025-09-30 07:17:13,867488067684034,981,GTPDP,0x19fe7fbf,,802003,0x8303,0x0115,100,28011,0000,0000,01,00,22,12,12,-,01,01,31.9,35.5,256,305,1006,1002,-25.022833,-25.023097,-51.51989,-51.518654,0000,0000,0000,00000000,16.6,24.1,24.0,0:37:00,3:30:48,-,-,0,-,,,,,,,,,,
2025-09-30 07:17:34,,,,867488067684034,983,HBD,,,,,,,,,,,,,,,,,,,,,,,,,,,,,,,,,,,,,,,,,,,,,,,,,,
2025-09-30 07:19:35,,,,867488067684034,985,HBD,,,,,,,,,,,,,,,,,,,,,,,,,,,,,,,,,,,,,,,,,,,,,,,,,,
2025-09-30 07:19:35,2025-09-30 07:19:35,2025-09-30 07:19:34,2025-09-30 07:17:39,867488067684034,986,GTERI,0x19fe3fbf,0x00028102,802003,0x8303,0x0115,100,27772,0000,-,01,00,22,12,12,-,01,01,0.0,36.2,215,249,968,996,-25.024628,-25.023095,-51.528536,-51.520855,0724,0004,85da,0f6ad10b,17.5,25.0,24.2,0:39:06,3:32:54,-,-,0,-,,,,,04,3,00000000,00,10,
2025-09-30 07:22:25,,,,867488067684034,988,HBD,,,,,,,,,,,,,,,,,,,,,,,,,,,,,,,,,,,,,,,,,,,,,,,,,,
2025-09-30 07:22:35,2025-09-30 07:22:35,2025-09-30 07:22:33,2025-09-30 07:22:31,867488067684034,989,GTERI,0x19fe3fbf,0x00028102,802003,0x8303,0x0115,100,27965,0000,-,01,00,22,12,12,-,01,01,33.0,33.9,324,325,970,970,-25.022196,-25.022332,-51.529989,-51.52988,0724,0004,85da,0f6ad10b,17.8,25.3,25.3,0:42:06,3:35:54,-,-,0,-,,,,,04,3,00000000,00,10,
2025-09-30 07:25:31,2025-09-30 07:23:34,2025-09-30 07:23:33,2025-09-30 07:23:03,867488067684034,991,GTPDP,0x19fe7fbf,,802003,0x8303,0x0115,100,28025,0000,0000,01,00,22,12,12,-,01,01,36.4,38.0,301,309,973,982,-25.019447,-25.020765,-51.534314,-51.532184,0000,0000,0000,00000000,18.4,25.9,25.6,0:43:06,3:36:54,-,-,0,-,,,,,,,,,,
2025-09-30 07:25:31,,,,867488067684034,992,HBD,,,,,,,,,,,,,,,,,,,,,,,,,,,,,,,,,,,,,,,,,,,,,,,,,,
2025-09-30 07:25:31,,,,867488067684034,994,HBD,,,,,,,,,,,,,,,,,,,,,,,,,,,,,,,,,,,,,,,,,,,,,,,,,,
2025-09-30 07:25:35,2025-09-30 07:25:35,2025-09-30 07:25:33,2025-09-30 07:23:34,867488067684034,995,GTERI,0x19fe3fbf,0x00028102,802003,0x8303,0x0115,100,27772,0000,-,01,00,22,12,12,-,01,01,0.0,37.8,266,305,1003,973,-25.016226,-25.019393,-51.539432,-51.534398,0724,0004,85da,0f6ad117,19.1,26.6,25.9,0:45:06,3:38:54,-,-,0,-,,,,,04,1,00000000,00,10,
2025-09-30 07:28:30,,,,867488067684034,997,HBD,,,,,,,,,,,,,,,,,,,,,,,,,,,,,,,,,,,,,,,,,,,,,,,,,,
2025-09-30 07:28:35,2025-09-30 07:28:35,2025-09-30 07:28:33,2025-09-30 07:27:26,867488067684034,998,GTERI,0x19fe3fbf,0x00028102,802003,0x8303,0x0115,100,27891,0000,-,01,00,22,12,12,-,01,01,0.0,32.2,266,257,1061,1039,-25.014149,-25.013626,-51.545091,-51.543981,0724,0004,85da,0f79f10f,19.8,27.3,27.2,0:48:06,3:41:54,-,-,0,-,,,,,04,28,00000000,00,10,
2025-09-30 07:30:30,,,,867488067684034,1000,HBD,,,,,,,,,,,,,,,,,,,,,,,,,,,,,,,,,,,,,,,,,,,,,,,,,,
2025-09-30 07:31:31,,,,867488067684034,1002,HBD,,,,,,,,,,,,,,,,,,,,,,,,,,,,,,,,,,,,,,,,,,,,,,,,,,
2025-09-30 07:31:35,2025-09-30 07:31:35,2025-09-30 07:31:33,2025-09-30 07:30:43,867488067684034,1003,GTERI,0x19fe3fbf,0x00028102,802003,0x8303,0x0115,100,28024,0000,-,01,00,22,12,12,-,01,01,36.1,75.2,170,190,1045,1060,-25.032074,-25.028946,-51.547175,-51.547356,0724,0004,85da,0f6ad117,21.8,29.4,29.0,0:51:06,3:44:54,-,-,0,-,,,,,04,1,00000000,00,10,
2025-09-30 07:33:31,,,,867488067684034,1005,HBD,,,,,,,,,,,,,,,,,,,,,,,,,,,,,,,,,,,,,,,,,,,,,,,,,,
2025-09-30 07:34:35,2025-09-30 07:34:35,2025-09-30 07:34:33,2025-09-30 07:32:42,867488067684034,1006,GTERI,0x19fe3fbf,0x00028102,802003,0x8303,0x0115,100,28002,0000,-,01,00,22,12,12,-,01,01,17.4,43.5,120,142,1018,1028,-25.039997,-25.037263,-51.542757,-51.545069,0724,0004,85da,0f6ad10b,22.8,30.4,30.0,0:54:06,3:47:54,-,-,0,-,,,,,04,3,00000000,00,10,
2025-09-30 07:35:32,,,,867488067684034,1008,HBD,,,,,,,,,,,,,,,,,,,,,,,,,,,,,,,,,,,,,,,,,,,,,,,,,,
2025-09-30 07:37:33,,,,867488067684034,1010,HBD,,,,,,,,,,,,,,,,,,,,,,,,,,,,,,,,,,,,,,,,,,,,,,,,,,
2025-09-30 07:37:35,2025-09-30 07:37:35,2025-09-30 07:37:33,2025-09-30 07:34:51,867488067684034,1011,GTERI,0x19fe3fbf,0x00028102,802003,0x8303,0x0115,100,27985,0000,-,01,00,22,12,12,-,01,01,22.9,41.9,166,117,1057,1019,-25.042714,-25.040628,-51.535382,-51.541245,0724,0004,85da,0f6ad10b,23.8,31.3,30.5,0:57:06,3:50:54,-,-,0,-,,,,,04,3,00000000,00,10,
2025-09-30 07:39:33,,,,867488067684034,1013,HBD,,,,,,,,,,,,,,,,,,,,,,,,,,,,,,,,,,,,,,,,,,,,,,,,,,
2025-09-30 07:40:35,2025-09-30 07:40:35,2025-09-30 07:40:33,2025-09-30 07:40:00,867488067684034,1014,GTERI,0x19fe3fbf,0x00028102,802003,0x8303,0x0115,100,28043,0000,-,01,00,22,12,12,-,01,01,9.6,52.0,357,173,1075,1054,-25.05261,-25.050011,-51.534974,-51.535366,0724,0004,85da,0f6ad10a,25.0,32.5,32.2,1:00:06,3:53:54,-,-,0,-,,,,,04,3,00000000,00,10,
2025-09-30 07:41:34,,,,867488067684034,1016,HBD,,,,,,,,,,,,,,,,,,,,,,,,,,,,,,,,,,,,,,,,,,,,,,,,,,
2025-09-30 07:43:34,,,,867488067684034,1018,HBD,,,,,,,,,,,,,,,,,,,,,,,,,,,,,,,,,,,,,,,,,,,,,,,,,,
2025-09-30 07:43:35,2025-09-30 07:43:35,2025-09-30 07:43:34,2025-09-30 07:42:59,867488067684034,1019,GTERI,0x19fe3fbf,0x00028102,802003,0x8303,0x0115,100,28011,0000,-,01,00,22,12,12,-,01,01,34.0,51.1,349,352,1041,1042,-25.044347,-25.047148,-51.537585,-51.536887,0724,0004,85da,0f6ad10a,26.1,33.6,33.3,1:03:06,3:56:54,-,-,0,-,,,,,04,3,00000000,00,10,
2025-09-30 07:45:35,,,,867488067684034,1021,HBD,,,,,,,,,,,,,,,,,,,,,,,,,,,,,,,,,,,,,,,,,,,,,,,,,,
2025-09-30 07:46:19,2025-09-30 07:46:19,2025-09-30 07:46:18,2025-09-30 07:46:18,867488067684034,1022,GTIGF,0x19fe7fbf,,802003,0x8303,0x0115,100,27956,0000,0000,00,00,12,12,12,3953,01,01,0.0,0.0,349,349,1070,1070,-25.042745,-25.042745,-51.534158,-51.534158,0724,0004,85da,0f6ad10a,26.7,34.2,34.2,1:05:51,3:59:39,-,-,0,-,,,,,,,,,,
2025-09-30 07:46:19,2025-09-30 07:46:19,2025-09-30 07:46:18,2025-09-30 07:46:18,867488067684034,1023,GTSTT,0x19fe7fbf,,802003,0x8303,0x0115,100,27956,0000,0000,00,00,12,12,12,-,01,01,0.0,0.0,349,349,1070,1070,-25.042745,-25.042745,-51.534158,-51.534158,0724,0004,85da,0f6ad10a,26.7,34.2,34.2,1:05:51,3:59:39,-,-,0,-,,,,,,,,,,
2025-09-30 07:46:20,2025-09-30 07:46:19,2025-09-30 07:46:18,2025-09-30 07:46:18,867488067684034,1024,GTSTC,0x19fe7fbf,,802003,0x8303,0x0115,100,27956,0000,0000,00,00,12,12,12,-,01,01,0.0,0.0,349,349,1070,1070,-25.042745,-25.042745,-51.534158,-51.534158,0724,0004,85da,0f6ad10a,26.7,34.2,34.2,1:05:51,3:59:39,-,-,0,-,,,,,,,,,,
2025-09-30 07:46:20,2025-09-30 07:46:19,2025-09-30 07:46:19,2025-09-30 07:46:19,867488067684034,1025,GTIGL,0x19fe7fbf,,802003,0x8303,0x0115,100,27956,0000,0000,00,00,12,12,12,-,01,01,0.0,0.0,349,349,1070,1070,-25.042745,-25.042745,-51.534158,-51.534158,0724,0004,85da,0f6ad10a,26.7,34.2,34.2,1:05:51,3:59:39,-,-,0,-,,,,,,,,,01,
2025-09-30 07:46:22,,,,867488067684034,1026,ACK,,,,,,,,,,,,,,,,,,,,,,,,,,,,,,,,,,,,,,,,,,,,,,,,,,
2025-09-30 07:46:22,,,,867488067684034,1027,ACK,,,,,,,,,,,,,,,,,,,,,,,,,,,,,,,,,,,,,,,,,,,,,,,,,,
2025-09-30 07:46:35,2025-09-30 07:46:35,2025-09-30 07:46:33,2025-09-30 07:46:33,867488067684034,1028,GTERI,0x19fe3fbf,0x00028102,802003,0x8303,0x0115,100,26307,0000,-,00,00,12,12,12,-,01,01,0.0,0.0,349,349,1070,1070,-25.042745,-25.042745,-51.534158,-51.534158,0724,0004,85da,0f6ad10a,26.7,34.2,34.2,1:05:51,3:59:39,-,-,0,-,,,,,04,3,00000000,00,10,
2025-09-30 07:46:48,2025-09-30 07:46:48,2025-09-30 07:46:47,2025-09-30 07:46:47,867488067684034,1029,GTSTT,0x19fe7fbf,,802003,0x8303,0x0115,100,26203,0000,0000,00,00,11,12,12,-,01,01,0.0,0.0,349,349,1070,1070,-25.042745,-25.042745,-51.534158,-51.534158,0724,0004,85da,0f6ad10a,26.7,34.2,34.2,1:05:51,3:59:39,-,-,0,-,,,,,,,,,,
2025-09-30 07:47:35,,,,867488067684034,1031,HBD,,,,,,,,,,,,,,,,,,,,,,,,,,,,,,,,,,,,,,,,,,,,,,,,,,
2025-09-30 07:49:35,,,,867488067684034,1033,HBD,,,,,,,,,,,,,,,,,,,,,,,,,,,,,,,,,,,,,,,,,,,,,,,,,,
2025-09-30 07:49:35,2025-09-30 07:49:35,2025-09-30 07:49:34,2025-09-30 07:49:34,867488067684034,1034,GTERI,0x19fe3fbf,0x00028102,802003,0x8303,0x0115,100,26058,0000,-,00,00,11,12,12,-,01,01,0.0,0.0,349,349,1070,1070,-25.042745,-25.042745,-51.534158,-51.534158,0724,0004,85da,0f6ad10a,26.7,34.2,34.2,1:05:51,3:59:39,-,-,0,-,,,,,04,3,00000000,00,10,
2025-09-30 07:51:19,2025-09-30 07:51:19,2025-09-30 07:51:19,2025-09-30 07:51:19,867488067684034,1035,GTERI,0x19fe3fbf,0x00028102,802003,0x8303,0x0115,100,26031,0000,-,00,00,11,12,12,-,01,01,0.0,0.0,349,349,1070,1070,-25.042745,-25.042745,-51.534158,-51.534158,0724,0004,85da,0f6ad10a,26.7,34.2,34.2,1:05:51,3:59:39,-,-,0,-,,,,,04,3,00000000,00,10,
2025-09-30 07:51:36,,,,867488067684034,1036,HBD,,,,,,,,,,,,,,,,,,,,,,,,,,,,,,,,,,,,,,,,,,,,,,,,,,
2025-09-30 07:53:37,,,,867488067684034,1037,HBD,,,,,,,,,,,,,,,,,,,,,,,,,,,,,,,,,,,,,,,,,,,,,,,,,,
2025-09-30 07:55:37,,,,867488067684034,1038,HBD,,,,,,,,,,,,,,,,,,,,,,,,,,,,,,,,,,,,,,,,,,,,,,,,,,
2025-09-30 07:57:38,,,,867488067684034,1039,HBD,,,,,,,,,,,,,,,,,,,,,,,,,,,,,,,,,,,,,,,,,,,,,,,,,,
2025-09-30 07:59:38,,,,867488067684034,1040,HBD,,,,,,,,,,,,,,,,,,,,,,,,,,,,,,,,,,,,,,,,,,,,,,,,,,
2025-09-30 08:01:39,,,,867488067684034,1041,HBD,,,,,,,,,,,,,,,,,,,,,,,,,,,,,,,,,,,,,,,,,,,,,,,,,,
2025-09-30 08:03:39,,,,867488067684034,1042,HBD,,,,,,,,,,,,,,,,,,,,,,,,,,,,,,,,,,,,,,,,,,,,,,,,,,
2025-09-30 08:05:40,,,,867488067684034,1043,HBD,,,,,,,,,,,,,,,,,,,,,,,,,,,,,,,,,,,,,,,,,,,,,,,,,,
2025-09-30 08:07:40,,,,867488067684034,1044,HBD,,,,,,,,,,,,,,,,,,,,,,,,,,,,,,,,,,,,,,,,,,,,,,,,,,
2025-09-30 08:09:40,,,,867488067684034,1045,HBD,,,,,,,,,,,,,,,,,,,,,,,,,,,,,,,,,,,,,,,,,,,,,,,,,,
2025-09-30 08:11:41,,,,867488067684034,1046,HBD,,,,,,,,,,,,,,,,,,,,,,,,,,,,,,,,,,,,,,,,,,,,,,,,,,
2025-09-30 08:13:41,,,,867488067684034,1047,HBD,,,,,,,,,,,,,,,,,,,,,,,,,,,,,,,,,,,,,,,,,,,,,,,,,,
2025-09-30 08:15:42,,,,867488067684034,1048,HBD,,,,,,,,,,,,,,,,,,,,,,,,,,,,,,,,,,,,,,,,,,,,,,,,,,
2025-09-30 08:17:42,,,,867488067684034,1049,HBD,,,,,,,,,,,,,,,,,,,,,,,,,,,,,,,,,,,,,,,,,,,,,,,,,,
2025-09-30 08:19:43,,,,867488067684034,1050,HBD,,,,,,,,,,,,,,,,,,,,,,,,,,,,,,,,,,,,,,,,,,,,,,,,,,
2025-09-30 08:21:43,,,,867488067684034,1051,HBD,,,,,,,,,,,,,,,,,,,,,,,,,,,,,,,,,,,,,,,,,,,,,,,,,,
2025-09-30 08:23:44,,,,867488067684034,1052,HBD,,,,,,,,,,,,,,,,,,,,,,,,,,,,,,,,,,,,,,,,,,,,,,,,,,
2025-09-30 08:25:44,,,,867488067684034,1053,HBD,,,,,,,,,,,,,,,,,,,,,,,,,,,,,,,,,,,,,,,,,,,,,,,,,,
2025-09-30 08:27:45,,,,867488067684034,1054,HBD,,,,,,,,,,,,,,,,,,,,,,,,,,,,,,,,,,,,,,,,,,,,,,,,,,
2025-09-30 08:29:45,,,,867488067684034,1055,HBD,,,,,,,,,,,,,,,,,,,,,,,,,,,,,,,,,,,,,,,,,,,,,,,,,,
2025-09-30 08:31:46,,,,867488067684034,1056,HBD,,,,,,,,,,,,,,,,,,,,,,,,,,,,,,,,,,,,,,,,,,,,,,,,,,
2025-09-30 08:33:46,,,,867488067684034,1057,HBD,,,,,,,,,,,,,,,,,,,,,,,,,,,,,,,,,,,,,,,,,,,,,,,,,,
2025-09-30 08:35:47,,,,867488067684034,1058,HBD,,,,,,,,,,,,,,,,,,,,,,,,,,,,,,,,,,,,,,,,,,,,,,,,,,
2025-09-30 08:37:47,,,,867488067684034,1059,HBD,,,,,,,,,,,,,,,,,,,,,,,,,,,,,,,,,,,,,,,,,,,,,,,,,,
2025-09-30 08:39:48,,,,867488067684034,1060,HBD,,,,,,,,,,,,,,,,,,,,,,,,,,,,,,,,,,,,,,,,,,,,,,,,,,
2025-09-30 08:41:48,,,,867488067684034,1061,HBD,,,,,,,,,,,,,,,,,,,,,,,,,,,,,,,,,,,,,,,,,,,,,,,,,,
2025-09-30 08:43:49,,,,867488067684034,1062,HBD,,,,,,,,,,,,,,,,,,,,,,,,,,,,,,,,,,,,,,,,,,,,,,,,,,
2025-09-30 08:45:49,,,,867488067684034,1063,HBD,,,,,,,,,,,,,,,,,,,,,,,,,,,,,,,,,,,,,,,,,,,,,,,,,,
2025-09-30 08:47:49,,,,867488067684034,1064,HBD,,,,,,,,,,,,,,,,,,,,,,,,,,,,,,,,,,,,,,,,,,,,,,,,,,
2025-09-30 08:49:50,,,,867488067684034,1065,HBD,,,,,,,,,,,,,,,,,,,,,,,,,,,,,,,,,,,,,,,,,,,,,,,,,,
2025-09-30 08:51:14,2025-09-30 08:51:14,2025-09-30 08:48:47,2025-09-30 08:48:47,867488067684034,1066,GTERI,0x19fe3fbf,0x00028102,802003,0x8303,0x0115,100,25856,0000,-,00,00,11,12,12,-,01,01,0.0,0.0,349,349,1070,1070,-25.042745,-25.042745,-51.534158,-51.534158,0724,0004,85da,0f6ad10a,26.7,34.2,34.2,1:05:51,3:59:39,-,-,0,-,,,,,04,3,00000000,00,10,
2025-09-30 08:51:50,,,,867488067684034,1067,HBD,,,,,,,,,,,,,,,,,,,,,,,,,,,,,,,,,,,,,,,,,,,,,,,,,,
2025-09-30 08:53:51,,,,867488067684034,1068,HBD,,,,,,,,,,,,,,,,,,,,,,,,,,,,,,,,,,,,,,,,,,,,,,,,,,
2025-09-30 08:55:52,,,,867488067684034,1069,HBD,,,,,,,,,,,,,,,,,,,,,,,,,,,,,,,,,,,,,,,,,,,,,,,,,,
2025-09-30 08:57:52,,,,867488067684034,1070,HBD,,,,,,,,,,,,,,,,,,,,,,,,,,,,,,,,,,,,,,,,,,,,,,,,,,
2025-09-30 08:59:53,,,,867488067684034,1071,HBD,,,,,,,,,,,,,,,,,,,,,,,,,,,,,,,,,,,,,,,,,,,,,,,,,,
2025-09-30 09:01:53,,,,867488067684034,1072,HBD,,,,,,,,,,,,,,,,,,,,,,,,,,,,,,,,,,,,,,,,,,,,,,,,,,
2025-09-30 09:03:54,,,,867488067684034,1073,HBD,,,,,,,,,,,,,,,,,,,,,,,,,,,,,,,,,,,,,,,,,,,,,,,,,,
2025-09-30 09:05:54,,,,867488067684034,1074,HBD,,,,,,,,,,,,,,,,,,,,,,,,,,,,,,,,,,,,,,,,,,,,,,,,,,
2025-09-30 09:07:55,,,,867488067684034,1075,HBD,,,,,,,,,,,,,,,,,,,,,,,,,,,,,,,,,,,,,,,,,,,,,,,,,,
2025-09-30 09:09:55,,,,867488067684034,1076,HBD,,,,,,,,,,,,,,,,,,,,,,,,,,,,,,,,,,,,,,,,,,,,,,,,,,
2025-09-30 09:11:56,,,,867488067684034,1077,HBD,,,,,,,,,,,,,,,,,,,,,,,,,,,,,,,,,,,,,,,,,,,,,,,,,,
2025-09-30 09:13:56,,,,867488067684034,1078,HBD,,,,,,,,,,,,,,,,,,,,,,,,,,,,,,,,,,,,,,,,,,,,,,,,,,
2025-09-30 09:15:56,,,,867488067684034,1079,HBD,,,,,,,,,,,,,,,,,,,,,,,,,,,,,,,,,,,,,,,,,,,,,,,,,,
2025-09-30 09:17:57,,,,867488067684034,1080,HBD,,,,,,,,,,,,,,,,,,,,,,,,,,,,,,,,,,,,,,,,,,,,,,,,,,
2025-09-30 09:19:57,,,,867488067684034,1081,HBD,,,,,,,,,,,,,,,,,,,,,,,,,,,,,,,,,,,,,,,,,,,,,,,,,,
2025-09-30 09:21:58,,,,867488067684034,1082,HBD,,,,,,,,,,,,,,,,,,,,,,,,,,,,,,,,,,,,,,,,,,,,,,,,,,
2025-09-30 09:23:58,,,,867488067684034,1083,HBD,,,,,,,,,,,,,,,,,,,,,,,,,,,,,,,,,,,,,,,,,,,,,,,,,,
2025-09-30 09:25:59,,,,867488067684034,1084,HBD,,,,,,,,,,,,,,,,,,,,,,,,,,,,,,,,,,,,,,,,,,,,,,,,,,
2025-09-30 09:27:59,,,,867488067684034,1085,HBD,,,,,,,,,,,,,,,,,,,,,,,,,,,,,,,,,,,,,,,,,,,,,,,,,,
2025-09-30 09:30:00,,,,867488067684034,1086,HBD,,,,,,,,,,,,,,,,,,,,,,,,,,,,,,,,,,,,,,,,,,,,,,,,,,
2025-09-30 09:32:00,,,,867488067684034,1087,HBD,,,,,,,,,,,,,,,,,,,,,,,,,,,,,,,,,,,,,,,,,,,,,,,,,,
2025-09-30 09:34:01,,,,867488067684034,1088,HBD,,,,,,,,,,,,,,,,,,,,,,,,,,,,,,,,,,,,,,,,,,,,,,,,,,
2025-09-30 09:36:01,,,,867488067684034,1089,HBD,,,,,,,,,,,,,,,,,,,,,,,,,,,,,,,,,,,,,,,,,,,,,,,,,,
2025-09-30 09:38:02,,,,867488067684034,1090,HBD,,,,,,,,,,,,,,,,,,,,,,,,,,,,,,,,,,,,,,,,,,,,,,,,,,
2025-09-30 09:40:02,,,,867488067684034,1091,HBD,,,,,,,,,,,,,,,,,,,,,,,,,,,,,,,,,,,,,,,,,,,,,,,,,,
2025-09-30 09:42:03,,,,867488067684034,1092,HBD,,,,,,,,,,,,,,,,,,,,,,,,,,,,,,,,,,,,,,,,,,,,,,,,,,
2025-09-30 09:44:03,,,,867488067684034,1093,HBD,,,,,,,,,,,,,,,,,,,,,,,,,,,,,,,,,,,,,,,,,,,,,,,,,,
2025-09-30 09:46:04,,,,867488067684034,1094,HBD,,,,,,,,,,,,,,,,,,,,,,,,,,,,,,,,,,,,,,,,,,,,,,,,,,
2025-09-30 09:48:04,,,,867488067684034,1095,HBD,,,,,,,,,,,,,,,,,,,,,,,,,,,,,,,,,,,,,,,,,,,,,,,,,,
2025-09-30 09:50:05,,,,867488067684034,1096,HBD,,,,,,,,,,,,,,,,,,,,,,,,,,,,,,,,,,,,,,,,,,,,,,,,,,
2025-09-30 09:51:14,2025-09-30 09:51:14,2025-09-30 09:48:46,2025-09-30 09:48:46,867488067684034,1097,GTERI,0x19fe3fbf,0x00028102,802003,0x8303,0x0115,100,25765,0000,-,00,00,11,12,12,-,01,01,0.0,0.0,349,349,1070,1070,-25.042745,-25.042745,-51.534158,-51.534158,0724,0004,85da,0f6ad10a,26.7,34.2,34.2,1:05:51,3:59:39,-,-,0,-,,,,,04,3,00000000,00,10,
2025-09-30 09:52:05,,,,867488067684034,1098,HBD,,,,,,,,,,,,,,,,,,,,,,,,,,,,,,,,,,,,,,,,,,,,,,,,,,
2025-09-30 09:54:05,,,,867488067684034,1099,HBD,,,,,,,,,,,,,,,,,,,,,,,,,,,,,,,,,,,,,,,,,,,,,,,,,,
2025-09-30 09:56:06,,,,867488067684034,1100,HBD,,,,,,,,,,,,,,,,,,,,,,,,,,,,,,,,,,,,,,,,,,,,,,,,,,
2025-09-30 09:58:06,,,,867488067684034,1101,HBD,,,,,,,,,,,,,,,,,,,,,,,,,,,,,,,,,,,,,,,,,,,,,,,,,,
2025-09-30 10:00:07,,,,867488067684034,1102,HBD,,,,,,,,,,,,,,,,,,,,,,,,,,,,,,,,,,,,,,,,,,,,,,,,,,
2025-09-30 10:02:07,,,,867488067684034,1103,HBD,,,,,,,,,,,,,,,,,,,,,,,,,,,,,,,,,,,,,,,,,,,,,,,,,,
2025-09-30 10:04:08,,,,867488067684034,1104,HBD,,,,,,,,,,,,,,,,,,,,,,,,,,,,,,,,,,,,,,,,,,,,,,,,,,
2025-09-30 10:06:08,,,,867488067684034,1105,HBD,,,,,,,,,,,,,,,,,,,,,,,,,,,,,,,,,,,,,,,,,,,,,,,,,,
2025-09-30 10:08:09,,,,867488067684034,1106,HBD,,,,,,,,,,,,,,,,,,,,,,,,,,,,,,,,,,,,,,,,,,,,,,,,,,
2025-09-30 10:10:09,,,,867488067684034,1107,HBD,,,,,,,,,,,,,,,,,,,,,,,,,,,,,,,,,,,,,,,,,,,,,,,,,,
2025-09-30 10:12:10,,,,867488067684034,1108,HBD,,,,,,,,,,,,,,,,,,,,,,,,,,,,,,,,,,,,,,,,,,,,,,,,,,
2025-09-30 10:14:10,,,,867488067684034,1109,HBD,,,,,,,,,,,,,,,,,,,,,,,,,,,,,,,,,,,,,,,,,,,,,,,,,,
2025-09-30 10:16:10,,,,867488067684034,1110,HBD,,,,,,,,,,,,,,,,,,,,,,,,,,,,,,,,,,,,,,,,,,,,,,,,,,
2025-09-30 10:18:11,,,,867488067684034,1111,HBD,,,,,,,,,,,,,,,,,,,,,,,,,,,,,,,,,,,,,,,,,,,,,,,,,,
2025-09-30 10:20:11,,,,867488067684034,1112,HBD,,,,,,,,,,,,,,,,,,,,,,,,,,,,,,,,,,,,,,,,,,,,,,,,,,
2025-09-30 10:22:12,,,,867488067684034,1113,HBD,,,,,,,,,,,,,,,,,,,,,,,,,,,,,,,,,,,,,,,,,,,,,,,,,,
2025-09-30 10:24:12,,,,867488067684034,1114,HBD,,,,,,,,,,,,,,,,,,,,,,,,,,,,,,,,,,,,,,,,,,,,,,,,,,
2025-09-30 10:26:13,,,,867488067684034,1115,HBD,,,,,,,,,,,,,,,,,,,,,,,,,,,,,,,,,,,,,,,,,,,,,,,,,,
2025-09-30 10:28:13,,,,867488067684034,1116,HBD,,,,,,,,,,,,,,,,,,,,,,,,,,,,,,,,,,,,,,,,,,,,,,,,,,
2025-09-30 10:30:14,,,,867488067684034,1117,HBD,,,,,,,,,,,,,,,,,,,,,,,,,,,,,,,,,,,,,,,,,,,,,,,,,,
2025-09-30 10:32:14,,,,867488067684034,1118,HBD,,,,,,,,,,,,,,,,,,,,,,,,,,,,,,,,,,,,,,,,,,,,,,,,,,
2025-09-30 10:34:15,,,,867488067684034,1119,HBD,,,,,,,,,,,,,,,,,,,,,,,,,,,,,,,,,,,,,,,,,,,,,,,,,,
2025-09-30 10:36:15,,,,867488067684034,1120,HBD,,,,,,,,,,,,,,,,,,,,,,,,,,,,,,,,,,,,,,,,,,,,,,,,,,
2025-09-30 10:38:16,,,,867488067684034,1121,HBD,,,,,,,,,,,,,,,,,,,,,,,,,,,,,,,,,,,,,,,,,,,,,,,,,,
2025-09-30 10:40:16,,,,867488067684034,1122,HBD,,,,,,,,,,,,,,,,,,,,,,,,,,,,,,,,,,,,,,,,,,,,,,,,,,
2025-09-30 10:42:17,,,,867488067684034,1123,HBD,,,,,,,,,,,,,,,,,,,,,,,,,,,,,,,,,,,,,,,,,,,,,,,,,,
2025-09-30 10:44:17,,,,867488067684034,1124,HBD,,,,,,,,,,,,,,,,,,,,,,,,,,,,,,,,,,,,,,,,,,,,,,,,,,
2025-09-30 10:46:18,,,,867488067684034,1125,HBD,,,,,,,,,,,,,,,,,,,,,,,,,,,,,,,,,,,,,,,,,,,,,,,,,,
2025-09-30 10:48:18,,,,867488067684034,1126,HBD,,,,,,,,,,,,,,,,,,,,,,,,,,,,,,,,,,,,,,,,,,,,,,,,,,
2025-09-30 10:50:19,,,,867488067684034,1127,HBD,,,,,,,,,,,,,,,,,,,,,,,,,,,,,,,,,,,,,,,,,,,,,,,,,,
2025-09-30 10:51:14,2025-09-30 10:51:14,2025-09-30 10:48:49,2025-09-30 10:48:49,867488067684034,1128,GTERI,0x19fe3fbf,0x00028102,802003,0x8303,0x0115,100,25689,0000,-,00,00,11,5,5,-,01,01,0.0,0.0,349,349,1070,1070,-25.042745,-25.042745,-51.534158,-51.534158,0724,0004,85da,0f6ad10a,26.7,34.2,34.2,1:05:51,3:59:39,-,-,0,-,,,,,04,3,00000000,00,10,
2025-09-30 10:52:19,,,,867488067684034,1129,HBD,,,,,,,,,,,,,,,,,,,,,,,,,,,,,,,,,,,,,,,,,,,,,,,,,,
2025-09-30 10:54:19,,,,867488067684034,1130,HBD,,,,,,,,,,,,,,,,,,,,,,,,,,,,,,,,,,,,,,,,,,,,,,,,,,
2025-09-30 10:56:20,,,,867488067684034,1131,HBD,,,,,,,,,,,,,,,,,,,,,,,,,,,,,,,,,,,,,,,,,,,,,,,,,,
2025-09-30 10:58:20,,,,867488067684034,1132,HBD,,,,,,,,,,,,,,,,,,,,,,,,,,,,,,,,,,,,,,,,,,,,,,,,,,
2025-09-30 11:00:21,,,,867488067684034,1133,HBD,,,,,,,,,,,,,,,,,,,,,,,,,,,,,,,,,,,,,,,,,,,,,,,,,,
2025-09-30 11:02:21,,,,867488067684034,1134,HBD,,,,,,,,,,,,,,,,,,,,,,,,,,,,,,,,,,,,,,,,,,,,,,,,,,
2025-09-30 11:04:22,,,,867488067684034,1135,HBD,,,,,,,,,,,,,,,,,,,,,,,,,,,,,,,,,,,,,,,,,,,,,,,,,,
2025-09-30 11:06:22,,,,867488067684034,1136,HBD,,,,,,,,,,,,,,,,,,,,,,,,,,,,,,,,,,,,,,,,,,,,,,,,,,
2025-09-30 11:08:23,,,,867488067684034,1137,HBD,,,,,,,,,,,,,,,,,,,,,,,,,,,,,,,,,,,,,,,,,,,,,,,,,,
2025-09-30 11:10:23,,,,867488067684034,1138,HBD,,,,,,,,,,,,,,,,,,,,,,,,,,,,,,,,,,,,,,,,,,,,,,,,,,
2025-09-30 11:12:24,,,,867488067684034,1139,HBD,,,,,,,,,,,,,,,,,,,,,,,,,,,,,,,,,,,,,,,,,,,,,,,,,,
2025-09-30 11:14:24,,,,867488067684034,1140,HBD,,,,,,,,,,,,,,,,,,,,,,,,,,,,,,,,,,,,,,,,,,,,,,,,,,
2025-09-30 11:16:24,,,,867488067684034,1141,HBD,,,,,,,,,,,,,,,,,,,,,,,,,,,,,,,,,,,,,,,,,,,,,,,,,,
2025-09-30 11:18:25,,,,867488067684034,1142,HBD,,,,,,,,,,,,,,,,,,,,,,,,,,,,,,,,,,,,,,,,,,,,,,,,,,
2025-09-30 11:20:26,,,,867488067684034,1143,HBD,,,,,,,,,,,,,,,,,,,,,,,,,,,,,,,,,,,,,,,,,,,,,,,,,,
2025-09-30 11:22:26,,,,867488067684034,1144,HBD,,,,,,,,,,,,,,,,,,,,,,,,,,,,,,,,,,,,,,,,,,,,,,,,,,
2025-09-30 11:24:26,,,,867488067684034,1145,HBD,,,,,,,,,,,,,,,,,,,,,,,,,,,,,,,,,,,,,,,,,,,,,,,,,,
2025-09-30 11:26:27,,,,867488067684034,1146,HBD,,,,,,,,,,,,,,,,,,,,,,,,,,,,,,,,,,,,,,,,,,,,,,,,,,
2025-09-30 11:28:27,,,,867488067684034,1147,HBD,,,,,,,,,,,,,,,,,,,,,,,,,,,,,,,,,,,,,,,,,,,,,,,,,,
2025-09-30 11:30:28,,,,867488067684034,1148,HBD,,,,,,,,,,,,,,,,,,,,,,,,,,,,,,,,,,,,,,,,,,,,,,,,,,
2025-09-30 11:32:28,,,,867488067684034,1149,HBD,,,,,,,,,,,,,,,,,,,,,,,,,,,,,,,,,,,,,,,,,,,,,,,,,,
2025-09-30 11:34:29,,,,867488067684034,1150,HBD,,,,,,,,,,,,,,,,,,,,,,,,,,,,,,,,,,,,,,,,,,,,,,,,,,
2025-09-30 11:36:29,,,,867488067684034,1151,HBD,,,,,,,,,,,,,,,,,,,,,,,,,,,,,,,,,,,,,,,,,,,,,,,,,,
2025-09-30 11:38:30,,,,867488067684034,1152,HBD,,,,,,,,,,,,,,,,,,,,,,,,,,,,,,,,,,,,,,,,,,,,,,,,,,
2025-09-30 11:40:30,,,,867488067684034,1153,HBD,,,,,,,,,,,,,,,,,,,,,,,,,,,,,,,,,,,,,,,,,,,,,,,,,,
2025-09-30 11:42:31,,,,867488067684034,1154,HBD,,,,,,,,,,,,,,,,,,,,,,,,,,,,,,,,,,,,,,,,,,,,,,,,,,
2025-09-30 11:43:31,,,,867488067684034,1155,HBD,,,,,,,,,,,,,,,,,,,,,,,,,,,,,,,,,,,,,,,,,,,,,,,,,,
2025-09-30 11:45:32,,,,867488067684034,1156,HBD,,,,,,,,,,,,,,,,,,,,,,,,,,,,,,,,,,,,,,,,,,,,,,,,,,
2025-09-30 11:47:32,,,,867488067684034,1157,HBD,,,,,,,,,,,,,,,,,,,,,,,,,,,,,,,,,,,,,,,,,,,,,,,,,,
2025-09-30 11:49:32,,,,867488067684034,1158,HBD,,,,,,,,,,,,,,,,,,,,,,,,,,,,,,,,,,,,,,,,,,,,,,,,,,
2025-09-30 11:51:14,2025-09-30 11:51:14,2025-09-30 11:49:05,2025-09-30 11:49:05,867488067684034,1159,GTERI,0x19fe3fbf,0x00028102,802003,0x8303,0x0115,100,25615,0000,-,00,00,11,4,4,-,01,01,0.0,0.0,349,349,1070,1070,-25.042745,-25.042745,-51.534158,-51.534158,0724,0004,85da,0f6ad116,26.7,34.2,34.2,1:05:51,3:59:39,-,-,0,-,,,,,04,1,00000000,00,10,
2025-09-30 11:51:33,,,,867488067684034,1160,HBD,,,,,,,,,,,,,,,,,,,,,,,,,,,,,,,,,,,,,,,,,,,,,,,,,,
2025-09-30 11:53:33,,,,867488067684034,1161,HBD,,,,,,,,,,,,,,,,,,,,,,,,,,,,,,,,,,,,,,,,,,,,,,,,,,
2025-09-30 11:55:34,,,,867488067684034,1162,HBD,,,,,,,,,,,,,,,,,,,,,,,,,,,,,,,,,,,,,,,,,,,,,,,,,,
2025-09-30 11:57:34,,,,867488067684034,1163,HBD,,,,,,,,,,,,,,,,,,,,,,,,,,,,,,,,,,,,,,,,,,,,,,,,,,
2025-09-30 11:59:35,,,,867488067684034,1164,HBD,,,,,,,,,,,,,,,,,,,,,,,,,,,,,,,,,,,,,,,,,,,,,,,,,,
2025-09-30 12:00:53,2025-09-30 12:00:52,2025-09-30 11:49:05,2025-09-30 07:44:24,867488067684034,1166,GTIGN,0x19fe7fbf,,802003,0x8303,0x0115,100,25560,0000,0000,01,00,22,4,12,15273,00,01,0.0,42.7,349,349,1070,1053,-25.042745,-25.043229,-51.534158,-51.53643,0724,0004,85da,0f6ad116,0.0,34.2,33.8,0:00:00,3:59:39,-,-,0,-,,,,,,,,,,
2025-09-30 12:00:53,2025-09-30 12:00:52,2025-09-30 11:49:05,2025-09-30 11:49:05,867488067684034,1167,GTSTT,0x19fe7fbf,,802003,0x8303,0x0115,100,25560,0000,0000,01,00,22,4,4,-,00,00,0.0,0.0,349,349,1070,1070,-25.042745,-25.042745,-51.534158,-51.534158,0724,0004,85da,0f6ad116,0.0,34.2,34.2,0:00:00,3:59:39,-,-,0,-,,,,,,,,,,
2025-09-30 12:01:05,2025-09-30 12:01:05,2025-09-30 12:01:05,2025-09-30 12:01:05,867488067684034,1168,GTERI,0x19fe3fbf,0x00028102,802003,0x8303,0x0115,100,27870,0000,-,01,00,22,4,4,-,01,01,0.0,0.0,349,349,1068,1068,-25.042689,-25.042689,-51.53415,-51.53415,0724,0004,85da,0f6ad116,0.0,34.2,34.2,0:00:12,3:59:51,-,-,0,-,,,,,04,1,00000000,00,10,
2025-09-30 12:01:05,2025-09-30 12:01:05,2025-09-30 12:01:05,2025-09-30 12:01:05,867488067684034,1169,GTIGL,0x19fe7fbf,,802003,0x8303,0x0115,100,27870,0000,0000,01,00,22,4,4,-,01,01,0.0,0.0,349,349,1068,1068,-25.042689,-25.042689,-51.53415,-51.53415,0724,0004,85da,0f6ad116,0.0,34.2,34.2,0:00:12,3:59:51,-,-,0,-,,,,,,,,,00,
2025-09-30 12:01:35,,,,867488067684034,1170,HBD,,,,,,,,,,,,,,,,,,,,,,,,,,,,,,,,,,,,,,,,,,,,,,,,,,
2025-09-30 12:03:36,,,,867488067684034,1172,HBD,,,,,,,,,,,,,,,,,,,,,,,,,,,,,,,,,,,,,,,,,,,,,,,,,,
2025-09-30 12:03:53,2025-09-30 12:03:53,2025-09-30 12:03:52,2025-09-30 12:03:51,867488067684034,1173,GTBTC,0x19fe7fbf,,802003,0x8303,0x0115,100,27853,0000,0000,01,00,22,12,12,-,01,01,32.5,33.8,171,170,1062,1062,-25.041982,-25.041901,-51.535522,-51.535536,0724,0004,85da,0f6ad117,0.3,34.6,34.6,0:03:00,4:02:39,-,-,0,-,,,,,,,,,,
2025-09-30 12:04:00,2025-09-30 12:04:00,2025-09-30 12:03:58,2025-09-30 12:03:53,867488067684034,1174,GTERI,0x19fe3fbf,0x00028102,802003,0x8303,0x0115,100,27791,0000,-,01,00,22,12,12,-,01,01,10.8,27.9,178,171,1065,1063,-25.04227,-25.042054,-51.535489,-51.535509,0724,0004,85da,0f6ad117,0.4,34.6,34.6,0:03:06,4:02:45,-,-,0,-,,,,,04,1,00000000,00,10,
2025-09-30 12:04:57,,,,867488067684034,1176,ACK,,,,,,,,,,,,,,,,,,,,,,,,,,,,,,,,,,,,,,,,,,,,,,,,,,
2025-09-30 12:04:58,,,,867488067684034,1177,ACK,,,,,,,,,,,,,,,,,,,,,,,,,,,,,,,,,,,,,,,,,,,,,,,,,,
2025-09-30 12:04:58,,,,867488067684034,1178,ACK,,,,,,,,,,,,,,,,,,,,,,,,,,,,,,,,,,,,,,,,,,,,,,,,,,
2025-09-30 12:05:36,,,,867488067684034,1179,HBD,,,,,,,,,,,,,,,,,,,,,,,,,,,,,,,,,,,,,,,,,,,,,,,,,,
2025-09-30 12:07:00,2025-09-30 12:07:00,2025-09-30 12:06:59,2025-09-30 12:06:06,867488067684034,1181,GTERI,0x19fe3fbf,0x00028102,802003,0x8303,0x0115,100,27715,0000,-,01,00,22,12,12,-,01,01,0.0,26.4,178,169,1068,1063,-25.043568,-25.042729,-51.535412,-51.535384,0724,0004,85da,0f6ad10a,0.5,34.7,34.6,0:06:06,4:05:45,-,-,0,-,,,,,04,3,00000000,00,10,
2025-09-30 12:07:37,,,,867488067684034,1182,HBD,,,,,,,,,,,,,,,,,,,,,,,,,,,,,,,,,,,,,,,,,,,,,,,,,,
2025-09-30 12:09:37,,,,867488067684034,1184,HBD,,,,,,,,,,,,,,,,,,,,,,,,,,,,,,,,,,,,,,,,,,,,,,,,,,
2025-09-30 12:10:00,2025-09-30 12:10:00,2025-09-30 12:09:58,2025-09-30 12:07:35,867488067684034,1185,GTERI,0x19fe3fbf,0x00028102,802003,0x8303,0x0115,100,27811,0000,-,01,00,22,12,12,-,01,01,0.0,29.3,178,351,1060,1056,-25.041732,-25.04332,-51.536574,-51.536397,0724,0004,85da,0f6ad10b,0.8,35.0,34.9,0:09:06,4:08:45,-,-,0,-,,,,,04,3,00000000,00,10,
2025-09-30 12:11:38,,,,867488067684034,1187,HBD,,,,,,,,,,,,,,,,,,,,,,,,,,,,,,,,,,,,,,,,,,,,,,,,,,
2025-09-30 12:13:00,2025-09-30 12:13:00,2025-09-30 12:12:59,2025-09-30 12:12:43,867488067684034,1189,GTERI,0x19fe3fbf,0x00028102,802003,0x8303,0x0115,100,27966,0000,-,01,00,22,12,12,-,01,01,11.5,18.1,172,171,1064,1063,-25.042436,-25.041881,-51.53542,-51.535543,0724,0004,85da,0f6ad10b,1.0,35.2,35.2,0:12:06,4:11:45,-,-,0,-,,,,,04,3,00000000,00,10,
2025-09-30 12:13:39,,,,867488067684034,1190,HBD,,,,,,,,,,,,,,,,,,,,,,,,,,,,,,,,,,,,,,,,,,,,,,,,,,
2025-09-30 12:15:39,,,,867488067684034,1192,HBD,,,,,,,,,,,,,,,,,,,,,,,,,,,,,,,,,,,,,,,,,,,,,,,,,,
2025-09-30 12:16:00,2025-09-30 12:16:00,2025-09-30 12:15:59,2025-09-30 12:14:58,867488067684034,1193,GTERI,0x19fe3fbf,0x00028102,802003,0x8303,0x0115,100,27693,0000,-,01,00,22,12,12,-,01,01,0.0,40.6,172,172,1061,1058,-25.048484,-25.046708,-51.536289,-51.53577,0724,0004,85da,0f6ad10a,1.8,36.1,35.8,0:15:06,4:14:45,-,-,0,-,,,,,04,3,00000000,00,10,
2025-09-30 12:17:40,,,,867488067684034,1195,HBD,,,,,,,,,,,,,,,,,,,,,,,,,,,,,,,,,,,,,,,,,,,,,,,,,,
2025-09-30 12:19:00,2025-09-30 12:19:00,2025-09-30 12:18:58,2025-09-30 12:18:49,867488067684034,1197,GTERI,0x19fe3fbf,0x00028102,802003,0x8303,0x0115,100,27874,0000,-,01,00,22,12,12,-,01,01,28.6,40.8,174,174,1067,1059,-25.050809,-25.05007,-51.535249,-51.53533,0724,0004,85da,0f6ad116,2.2,36.5,36.4,0:18:06,4:17:45,-,-,0,-,,,,,04,1,00000000,00,10,
2025-09-30 12:19:40,,,,867488067684034,1198,HBD,,,,,,,,,,,,,,,,,,,,,,,,,,,,,,,,,,,,,,,,,,,,,,,,,,
2025-09-30 12:21:41,,,,867488067684034,1200,HBD,,,,,,,,,,,,,,,,,,,,,,,,,,,,,,,,,,,,,,,,,,,,,,,,,,
2025-09-30 12:22:00,2025-09-30 12:22:00,2025-09-30 12:21:58,2025-09-30 12:19:04,867488067684034,1201,GTERI,0x19fe3fbf,0x00028102,802003,0x8303,0x0115,100,27762,0000,-,01,00,22,12,12,-,01,01,0.0,37.5,174,173,1071,1069,-25.052362,-25.051303,-51.537137,-51.535192,0724,0004,85da,0f6ad10a,2.7,37.0,36.5,0:21:06,4:20:45,-,-,0,-,,,,,04,3,00000000,00,10,
2025-09-30 12:23:41,,,,867488067684034,1203,HBD,,,,,,,,,,,,,,,,,,,,,,,,,,,,,,,,,,,,,,,,,,,,,,,,,,
2025-09-30 12:25:00,2025-09-30 12:25:00,2025-09-30 12:24:59,2025-09-30 12:24:36,867488067684034,1205,GTERI,0x19fe3fbf,0x00028102,802003,0x8303,0x0115,100,27786,0000,-,01,00,22,12,12,-,01,01,0.0,38.1,174,261,1056,1049,-25.056737,-25.056568,-51.541103,-51.539796,0724,0004,85da,0f6ad10a,3.7,37.9,37.8,0:24:06,4:23:45,-,-,0,-,,,,,04,3,00000000,00,10,
2025-09-30 12:25:42,,,,867488067684034,1206,HBD,,,,,,,,,,,,,,,,,,,,,,,,,,,,,,,,,,,,,,,,,,,,,,,,,,
2025-09-30 12:27:42,,,,867488067684034,1208,HBD,,,,,,,,,,,,,,,,,,,,,,,,,,,,,,,,,,,,,,,,,,,,,,,,,,
2025-09-30 12:28:00,2025-09-30 12:28:00,2025-09-30 12:27:59,2025-09-30 12:27:40,867488067684034,1209,GTERI,0x19fe3fbf,0x00028102,802003,0x8303,0x0115,100,27967,0000,-,01,00,22,12,12,-,01,01,22.9,33.5,188,174,1082,1079,-25.060126,-25.058925,-51.542725,-51.542686,0724,0004,85da,0f6ad116,4.2,38.5,38.3,0:27:06,4:26:45,-,-,0,-,,,,,04,1,00000000,00,10,
2025-09-30 12:29:43,,,,867488067684034,1211,HBD,,,,,,,,,,,,,,,,,,,,,,,,,,,,,,,,,,,,,,,,,,,,,,,,,,
2025-09-30 12:31:01,2025-09-30 12:31:00,2025-09-30 12:30:58,2025-09-30 12:29:42,867488067684034,1213,GTERI,0x19fe3fbf,0x00028102,802003,0x8303,0x0115,100,27937,0000,-,01,00,22,12,12,-,01,01,30.6,36.4,123,104,1075,1061,-25.06197,-25.061013,-51.538445,-51.539799,0724,0004,85da,0f6ad10a,4.7,39.0,38.8,0:30:06,4:29:45,-,-,0,-,,,,,04,3,00000000,00,10,
2025-09-30 12:31:44,,,,867488067684034,1214,HBD,,,,,,,,,,,,,,,,,,,,,,,,,,,,,,,,,,,,,,,,,,,,,,,,,,
2025-09-30 12:39:41,2025-09-30 12:33:08,2025-09-30 12:33:08,2025-09-30 12:32:50,867488067684034,1216,GTPDP,0x19fe7fbf,,802003,0x8303,0x0115,100,27941,0000,0000,01,00,22,12,12,-,01,01,35.3,47.1,108,97,1057,1072,-25.064155,-25.06345,-51.530639,-51.532434,0000,0000,0000,00000000,5.6,39.8,39.6,0:32:15,4:31:54,-,-,0,-,,,,,,,,,,
2025-09-30 12:39:41,,,,867488067684034,1217,HBD,,,,,,,,,,,,,,,,,,,,,,,,,,,,,,,,,,,,,,,,,,,,,,,,,,
2025-09-30 12:39:42,2025-09-30 12:34:00,2025-09-30 12:33:59,2025-09-30 12:33:09,867488067684034,1218,GTERI,0x19fe3fbf,0x00028102,802003,0x8303,0x0115,100,27950,0000,-,01,00,22,12,12,-,01,01,22.0,34.7,111,105,1053,1056,-25.064105,-25.06418,-51.529408,-51.530546,0000,0000,0000,00000000,5.7,40.0,39.8,0:33:06,4:32:45,-,-,0,-,,,,,00,0,00000000,00,10,
2025-09-30 12:39:42,,,,867488067684034,1220,HBD,,,,,,,,,,,,,,,,,,,,,,,,,,,,,,,,,,,,,,,,,,,,,,,,,,
2025-09-30 12:39:43,2025-09-30 12:36:29,2025-09-30 12:36:29,2025-09-30 12:34:37,867488067684034,1221,GTSTC,0x19fe7fbf,,802003,0x8303,0x0115,100,28054,0000,0000,01,00,22,12,12,-,01,01,26.9,42.2,331,170,1098,1083,-25.070804,-25.066271,-51.526881,-51.527672,0000,0000,0000,00000000,6.7,41.0,40.3,0:35:36,4:35:15,-,-,0,-,,,,,,,,,,
2025-09-30 12:39:43,2025-09-30 12:37:00,2025-09-30 12:36:59,2025-09-30 12:36:56,867488067684034,1223,GTERI,0x19fe3fbf,0x00028102,802003,0x8303,0x0115,100,28002,0000,-,01,00,22,12,12,-,01,01,30.1,36.1,33,15,1085,1085,-25.068672,-25.068891,-51.526605,-51.526727,0000,0000,0000,00000000,7.0,41.2,41.2,0:36:06,4:35:45,-,-,0,-,,,,,00,0,00000000,00,10,
2025-09-30 12:39:44,,,,867488067684034,1224,HBD,,,,,,,,,,,,,,,,,,,,,,,,,,,,,,,,,,,,,,,,,,,,,,,,,,
2025-09-30 12:39:44,,,,867488067684034,1226,HBD,,,,,,,,,,,,,,,,,,,,,,,,,,,,,,,,,,,,,,,,,,,,,,,,,,
2025-09-30 12:39:45,,,,867488067684034,1228,HBD,,,,,,,,,,,,,,,,,,,,,,,,,,,,,,,,,,,,,,,,,,,,,,,,,,
2025-09-30 12:40:00,2025-09-30 12:40:00,2025-09-30 12:39:58,2025-09-30 12:38:55,867488067684034,1229,GTERI,0x19fe3fbf,0x00028102,802003,0x8303,0x0115,100,27968,0000,-,01,00,22,12,12,-,01,01,36.8,41.1,309,274,1080,1075,-25.062322,-25.063438,-51.537913,-51.532774,0724,0004,85da,0f79f10e,8.6,42.8,42.2,0:39:06,4:38:45,-,-,0,-,,,,,04,28,00000000,00,10,
2025-09-30 12:41:46,,,,867488067684034,1231,HBD,,,,,,,,,,,,,,,,,,,,,,,,,,,,,,,,,,,,,,,,,,,,,,,,,,
2025-09-30 12:43:00,2025-09-30 12:43:00,2025-09-30 12:42:59,2025-09-30 12:40:00,867488067684034,1232,GTERI,0x19fe3fbf,0x00028102,802003,0x8303,0x0115,100,27872,0000,-,01,00,22,12,12,-,01,01,0.0,36.7,309,307,1050,1079,-25.056726,-25.062209,-51.541,-51.538073,0724,0004,85da,0f6ad10a,9.7,43.9,42.8,0:42:06,4:41:45,-,-,0,-,,,,,04,3,00000000,00,10,
2025-09-30 12:43:47,,,,867488067684034,1234,HBD,,,,,,,,,,,,,,,,,,,,,,,,,,,,,,,,,,,,,,,,,,,,,,,,,,
2025-09-30 12:45:48,,,,867488067684034,1236,HBD,,,,,,,,,,,,,,,,,,,,,,,,,,,,,,,,,,,,,,,,,,,,,,,,,,
2025-09-30 12:46:00,2025-09-30 12:46:00,2025-09-30 12:45:59,2025-09-30 12:43:23,867488067684034,1237,GTERI,0x19fe3fbf,0x00028102,802003,0x8303,0x0115,100,28026,0000,-,01,00,22,12,12,-,01,01,33.2,47.6,322,81,1073,1045,-25.052813,-25.056548,-51.536786,-51.539622,0724,0004,85da,0f6ad10a,10.6,44.8,44.0,0:45:06,4:44:45,-,-,0,-,,,,,04,3,00000000,00,10,
2025-09-30 12:47:48,,,,867488067684034,1239,HBD,,,,,,,,,,,,,,,,,,,,,,,,,,,,,,,,,,,,,,,,,,,,,,,,,,
2025-09-30 12:49:00,2025-09-30 12:49:00,2025-09-30 12:48:59,2025-09-30 12:48:53,867488067684034,1240,GTERI,0x19fe3fbf,0x00028102,802003,0x8303,0x0115,100,28012,0000,-,01,00,22,12,12,-,01,01,17.5,39.3,353,354,1071,1073,-25.050835,-25.051273,-51.535192,-51.535141,0724,0004,85da,0f6ad10a,11.1,45.4,45.3,0:48:06,4:47:45,-,-,0,-,,,,,04,3,00000000,00,10,
2025-09-30 12:49:49,,,,867488067684034,1242,HBD,,,,,,,,,,,,,,,,,,,,,,,,,,,,,,,,,,,,,,,,,,,,,,,,,,
2025-09-30 12:51:49,,,,867488067684034,1244,HBD,,,,,,,,,,,,,,,,,,,,,,,,,,,,,,,,,,,,,,,,,,,,,,,,,,
2025-09-30 12:52:00,2025-09-30 12:52:00,2025-09-30 12:51:59,2025-09-30 12:49:11,867488067684034,1245,GTERI,0x19fe3fbf,0x00028102,802003,0x8303,0x0115,100,28018,0000,-,01,00,22,12,12,-,01,01,40.1,45.1,351,352,1050,1063,-25.047001,-25.050052,-51.536909,-51.535295,0724,0004,85da,0f6ad10a,11.7,45.9,45.4,0:51:07,4:50:46,-,-,0,-,,,,,04,3,00000000,00,10,
2025-09-30 12:53:50,,,,867488067684034,1247,HBD,,,,,,,,,,,,,,,,,,,,,,,,,,,,,,,,,,,,,,,,,,,,,,,,,,
2025-09-30 12:55:00,2025-09-30 12:55:00,2025-09-30 12:54:59,2025-09-30 12:52:01,867488067684034,1248,GTERI,0x19fe3fbf,0x00028102,802003,0x8303,0x0115,100,27930,0000,-,01,00,22,12,12,-,01,01,0.0,38.2,351,350,1070,1051,-25.043668,-25.046807,-51.535192,-51.536945,0724,0004,85da,0f6ad10a,12.3,46.6,45.9,0:54:07,4:53:46,-,-,0,-,,,,,04,3,00000000,00,10,
2025-09-30 12:55:51,,,,867488067684034,1250,HBD,,,,,,,,,,,,,,,,,,,,,,,,,,,,,,,,,,,,,,,,,,,,,,,,,,
2025-09-30 12:57:51,,,,867488067684034,1252,HBD,,,,,,,,,,,,,,,,,,,,,,,,,,,,,,,,,,,,,,,,,,,,,,,,,,
2025-09-30 12:58:00,2025-09-30 12:58:00,2025-09-30 12:57:59,2025-09-30 12:57:50,867488067684034,1253,GTERI,0x19fe3fbf,0x00028102,802003,0x8303,0x0115,100,27876,0000,-,01,00,22,12,12,-,01,01,8.3,28.9,173,171,1069,1064,-25.042418,-25.041944,-51.535483,-51.535544,0724,0004,85da,0f6ad10b,12.8,47.1,47.0,0:57:07,4:56:46,-,-,0,-,,,,,04,3,00000000,00,10,
2025-09-30 12:59:52,,,,867488067684034,1255,HBD,,,,,,,,,,,,,,,,,,,,,,,,,,,,,,,,,,,,,,,,,,,,,,,,,,
2025-09-30 13:00:13,2025-09-30 13:00:13,2025-09-30 13:00:12,2025-09-30 13:00:12,867488067684034,1256,GTIGF,0x19fe7fbf,,802003,0x8303,0x0115,100,27766,0000,0000,00,00,12,12,12,3561,01,01,0.0,0.0,173,173,1076,1076,-25.042756,-25.042756,-51.53417,-51.53417,0724,0004,85da,0f6ad10a,13.1,47.4,47.4,0:59:19,4:58:58,-,-,0,-,,,,,,,,,,
2025-09-30 13:00:13,2025-09-30 13:00:13,2025-09-30 13:00:12,2025-09-30 13:00:12,867488067684034,1257,GTSTT,0x19fe7fbf,,802003,0x8303,0x0115,100,27766,0000,0000,00,00,12,12,12,-,01,01,0.0,0.0,173,173,1076,1076,-25.042756,-25.042756,-51.53417,-51.53417,0724,0004,85da,0f6ad10a,13.1,47.4,47.4,0:59:19,4:58:58,-,-,0,-,,,,,,,,,,
2025-09-30 13:00:14,2025-09-30 13:00:13,2025-09-30 13:00:13,2025-09-30 13:00:13,867488067684034,1258,GTIGL,0x19fe7fbf,,802003,0x8303,0x0115,100,27766,0000,0000,00,00,12,12,12,-,01,01,0.1,0.1,173,173,1076,1076,-25.042755,-25.042755,-51.534169,-51.534169,0724,0004,85da,0f6ad10a,13.1,47.4,47.4,0:59:19,4:58:58,-,-,0,-,,,,,,,,,01,
2025-09-30 13:00:15,,,,867488067684034,1259,ACK,,,,,,,,,,,,,,,,,,,,,,,,,,,,,,,,,,,,,,,,,,,,,,,,,,
2025-09-30 13:00:16,,,,867488067684034,1260,ACK,,,,,,,,,,,,,,,,,,,,,,,,,,,,,,,,,,,,,,,,,,,,,,,,,,
2025-09-30 13:00:37,2025-09-30 13:00:37,2025-09-30 13:00:37,2025-09-30 13:00:37,867488067684034,1261,GTSTT,0x19fe7fbf,,802003,0x8303,0x0115,100,26298,0000,0000,00,00,11,12,12,-,01,01,0.0,0.0,173,173,1076,1076,-25.042755,-25.042755,-51.534169,-51.534169,0724,0004,85da,0f6ad10a,13.1,47.4,47.4,0:59:19,4:58:58,-,-,0,-,,,,,,,,,,
2025-09-30 13:01:00,2025-09-30 13:01:00,2025-09-30 13:00:59,2025-09-30 13:00:59,867488067684034,1262,GTERI,0x19fe3fbf,0x00028102,802003,0x8303,0x0115,100,26125,0000,-,00,00,11,12,12,-,01,01,0.0,0.0,173,173,1076,1076,-25.042755,-25.042755,-51.534169,-51.534169,0724,0004,85da,0f6ad10a,13.1,47.4,47.4,0:59:19,4:58:58,-,-,0,-,,,,,04,3,00000000,00,10,
2025-09-30 13:01:52,,,,867488067684034,1264,HBD,,,,,,,,,,,,,,,,,,,,,,,,,,,,,,,,,,,,,,,,,,,,,,,,,,
2025-09-30 13:03:53,,,,867488067684034,1266,HBD,,,,,,,,,,,,,,,,,,,,,,,,,,,,,,,,,,,,,,,,,,,,,,,,,,
2025-09-30 13:04:00,2025-09-30 13:04:00,2025-09-30 13:03:58,2025-09-30 13:03:58,867488067684034,1267,GTERI,0x19fe3fbf,0x00028102,802003,0x8303,0x0115,100,26080,0000,-,00,00,11,12,12,-,01,01,0.0,0.0,173,173,1076,1076,-25.042755,-25.042755,-51.534169,-51.534169,0724,0004,85da,0f6ad10a,13.1,47.4,47.4,0:59:19,4:58:58,-,-,0,-,,,,,04,3,00000000,00,10,
2025-09-30 13:05:14,2025-09-30 13:05:14,2025-09-30 13:05:14,2025-09-30 13:05:14,867488067684034,1268,GTERI,0x19fe3fbf,0x00028102,802003,0x8303,0x0115,100,26047,0000,-,00,00,11,12,12,-,01,01,0.0,0.0,173,173,1076,1076,-25.042755,-25.042755,-51.534169,-51.534169,0724,0004,85da,0f6ad10a,13.1,47.4,47.4,0:59:19,4:58:58,-,-,0,-,,,,,04,3,00000000,00,10,
2025-09-30 13:05:53,,,,867488067684034,1269,HBD,,,,,,,,,,,,,,,,,,,,,,,,,,,,,,,,,,,,,,,,,,,,,,,,,,
2025-09-30 13:07:54,,,,867488067684034,1270,HBD,,,,,,,,,,,,,,,,,,,,,,,,,,,,,,,,,,,,,,,,,,,,,,,,,,
2025-09-30 13:09:54,,,,867488067684034,1271,HBD,,,,,,,,,,,,,,,,,,,,,,,,,,,,,,,,,,,,,,,,,,,,,,,,,,
2025-09-30 13:11:55,,,,867488067684034,1272,HBD,,,,,,,,,,,,,,,,,,,,,,,,,,,,,,,,,,,,,,,,,,,,,,,,,,
2025-09-30 13:12:21,,,,867488067684034,1273,GTINF,,,,,,,,,,,,,,,,,,,,,,,,,,,,,,,,,,,,,,,,,,c1,4170,03,,,,,,
2025-09-30 13:13:55,,,,867488067684034,1274,HBD,,,,,,,,,,,,,,,,,,,,,,,,,,,,,,,,,,,,,,,,,,,,,,,,,,
2025-09-30 13:15:56,,,,867488067684034,1275,HBD,,,,,,,,,,,,,,,,,,,,,,,,,,,,,,,,,,,,,,,,,,,,,,,,,,
2025-09-30 13:17:56,,,,867488067684034,1276,HBD,,,,,,,,,,,,,,,,,,,,,,,,,,,,,,,,,,,,,,,,,,,,,,,,,,
2025-09-30 13:19:57,,,,867488067684034,1277,HBD,,,,,,,,,,,,,,,,,,,,,,,,,,,,,,,,,,,,,,,,,,,,,,,,,,
2025-09-30 13:21:57,,,,867488067684034,1278,HBD,,,,,,,,,,,,,,,,,,,,,,,,,,,,,,,,,,,,,,,,,,,,,,,,,,
2025-09-30 13:23:58,,,,867488067684034,1279,HBD,,,,,,,,,,,,,,,,,,,,,,,,,,,,,,,,,,,,,,,,,,,,,,,,,,
2025-09-30 13:25:58,,,,867488067684034,1280,HBD,,,,,,,,,,,,,,,,,,,,,,,,,,,,,,,,,,,,,,,,,,,,,,,,,,
2025-09-30 13:27:59,,,,867488067684034,1281,HBD,,,,,,,,,,,,,,,,,,,,,,,,,,,,,,,,,,,,,,,,,,,,,,,,,,
2025-09-30 13:29:59,,,,867488067684034,1282,HBD,,,,,,,,,,,,,,,,,,,,,,,,,,,,,,,,,,,,,,,,,,,,,,,,,,
2025-09-30 13:32:00,,,,867488067684034,1283,HBD,,,,,,,,,,,,,,,,,,,,,,,,,,,,,,,,,,,,,,,,,,,,,,,,,,
2025-09-30 13:34:00,,,,867488067684034,1284,HBD,,,,,,,,,,,,,,,,,,,,,,,,,,,,,,,,,,,,,,,,,,,,,,,,,,
2025-09-30 13:36:01,,,,867488067684034,1285,HBD,,,,,,,,,,,,,,,,,,,,,,,,,,,,,,,,,,,,,,,,,,,,,,,,,,
2025-09-30 13:38:01,,,,867488067684034,1286,HBD,,,,,,,,,,,,,,,,,,,,,,,,,,,,,,,,,,,,,,,,,,,,,,,,,,
2025-09-30 13:40:02,,,,867488067684034,1287,HBD,,,,,,,,,,,,,,,,,,,,,,,,,,,,,,,,,,,,,,,,,,,,,,,,,,
2025-09-30 13:42:02,,,,867488067684034,1288,HBD,,,,,,,,,,,,,,,,,,,,,,,,,,,,,,,,,,,,,,,,,,,,,,,,,,
2025-09-30 13:44:03,,,,867488067684034,1289,HBD,,,,,,,,,,,,,,,,,,,,,,,,,,,,,,,,,,,,,,,,,,,,,,,,,,
2025-09-30 13:46:03,,,,867488067684034,1290,HBD,,,,,,,,,,,,,,,,,,,,,,,,,,,,,,,,,,,,,,,,,,,,,,,,,,
2025-09-30 13:48:04,,,,867488067684034,1291,HBD,,,,,,,,,,,,,,,,,,,,,,,,,,,,,,,,,,,,,,,,,,,,,,,,,,
2025-09-30 13:50:04,,,,867488067684034,1292,HBD,,,,,,,,,,,,,,,,,,,,,,,,,,,,,,,,,,,,,,,,,,,,,,,,,,
2025-09-30 13:52:05,,,,867488067684034,1293,HBD,,,,,,,,,,,,,,,,,,,,,,,,,,,,,,,,,,,,,,,,,,,,,,,,,,
2025-09-30 13:54:05,,,,867488067684034,1294,HBD,,,,,,,,,,,,,,,,,,,,,,,,,,,,,,,,,,,,,,,,,,,,,,,,,,
2025-09-30 13:56:06,,,,867488067684034,1295,HBD,,,,,,,,,,,,,,,,,,,,,,,,,,,,,,,,,,,,,,,,,,,,,,,,,,
2025-09-30 13:58:06,,,,867488067684034,1296,HBD,,,,,,,,,,,,,,,,,,,,,,,,,,,,,,,,,,,,,,,,,,,,,,,,,,
2025-09-30 14:00:07,,,,867488067684034,1297,HBD,,,,,,,,,,,,,,,,,,,,,,,,,,,,,,,,,,,,,,,,,,,,,,,,,,
2025-09-30 14:02:07,,,,867488067684034,1298,HBD,,,,,,,,,,,,,,,,,,,,,,,,,,,,,,,,,,,,,,,,,,,,,,,,,,
2025-09-30 14:04:08,,,,867488067684034,1299,HBD,,,,,,,,,,,,,,,,,,,,,,,,,,,,,,,,,,,,,,,,,,,,,,,,,,
2025-09-30 14:05:08,2025-09-30 14:05:08,2025-09-30 14:02:41,2025-09-30 14:02:41,867488067684034,1300,GTERI,0x19fe3fbf,0x00028102,802003,0x8303,0x0115,100,25825,0000,-,00,00,11,12,12,-,01,01,0.0,0.0,173,173,1076,1076,-25.042755,-25.042755,-51.534169,-51.534169,0724,0004,85da,0f6ad10a,13.1,47.4,47.4,0:59:19,4:58:58,-,-,0,-,,,,,04,3,00000000,00,10,
2025-09-30 14:06:08,,,,867488067684034,1301,HBD,,,,,,,,,,,,,,,,,,,,,,,,,,,,,,,,,,,,,,,,,,,,,,,,,,
2025-09-30 14:08:08,,,,867488067684034,1302,HBD,,,,,,,,,,,,,,,,,,,,,,,,,,,,,,,,,,,,,,,,,,,,,,,,,,
2025-09-30 14:10:09,,,,867488067684034,1303,HBD,,,,,,,,,,,,,,,,,,,,,,,,,,,,,,,,,,,,,,,,,,,,,,,,,,
2025-09-30 14:12:09,,,,867488067684034,1304,HBD,,,,,,,,,,,,,,,,,,,,,,,,,,,,,,,,,,,,,,,,,,,,,,,,,,
2025-09-30 14:14:10,,,,867488067684034,1305,HBD,,,,,,,,,,,,,,,,,,,,,,,,,,,,,,,,,,,,,,,,,,,,,,,,,,
2025-09-30 14:16:10,,,,867488067684034,1306,HBD,,,,,,,,,,,,,,,,,,,,,,,,,,,,,,,,,,,,,,,,,,,,,,,,,,
2025-09-30 14:18:11,,,,867488067684034,1307,HBD,,,,,,,,,,,,,,,,,,,,,,,,,,,,,,,,,,,,,,,,,,,,,,,,,,
2025-09-30 14:20:11,,,,867488067684034,1308,HBD,,,,,,,,,,,,,,,,,,,,,,,,,,,,,,,,,,,,,,,,,,,,,,,,,,
2025-09-30 14:22:12,,,,867488067684034,1309,HBD,,,,,,,,,,,,,,,,,,,,,,,,,,,,,,,,,,,,,,,,,,,,,,,,,,
2025-09-30 14:24:12,,,,867488067684034,1310,HBD,,,,,,,,,,,,,,,,,,,,,,,,,,,,,,,,,,,,,,,,,,,,,,,,,,
2025-09-30 14:26:13,,,,867488067684034,1311,HBD,,,,,,,,,,,,,,,,,,,,,,,,,,,,,,,,,,,,,,,,,,,,,,,,,,
2025-09-30 14:28:13,,,,867488067684034,1312,HBD,,,,,,,,,,,,,,,,,,,,,,,,,,,,,,,,,,,,,,,,,,,,,,,,,,
2025-09-30 14:30:14,,,,867488067684034,1313,HBD,,,,,,,,,,,,,,,,,,,,,,,,,,,,,,,,,,,,,,,,,,,,,,,,,,
2025-09-30 14:32:14,,,,867488067684034,1314,HBD,,,,,,,,,,,,,,,,,,,,,,,,,,,,,,,,,,,,,,,,,,,,,,,,,,
2025-09-30 14:34:15,,,,867488067684034,1315,HBD,,,,,,,,,,,,,,,,,,,,,,,,,,,,,,,,,,,,,,,,,,,,,,,,,,
2025-09-30 14:36:15,,,,867488067684034,1316,HBD,,,,,,,,,,,,,,,,,,,,,,,,,,,,,,,,,,,,,,,,,,,,,,,,,,
2025-09-30 14:38:16,,,,867488067684034,1317,HBD,,,,,,,,,,,,,,,,,,,,,,,,,,,,,,,,,,,,,,,,,,,,,,,,,,
2025-09-30 14:40:16,,,,867488067684034,1318,HBD,,,,,,,,,,,,,,,,,,,,,,,,,,,,,,,,,,,,,,,,,,,,,,,,,,
2025-09-30 14:42:17,,,,867488067684034,1319,HBD,,,,,,,,,,,,,,,,,,,,,,,,,,,,,,,,,,,,,,,,,,,,,,,,,,
2025-09-30 14:44:17,,,,867488067684034,1320,HBD,,,,,,,,,,,,,,,,,,,,,,,,,,,,,,,,,,,,,,,,,,,,,,,,,,
2025-09-30 14:46:17,,,,867488067684034,1321,HBD,,,,,,,,,,,,,,,,,,,,,,,,,,,,,,,,,,,,,,,,,,,,,,,,,,
2025-09-30 14:48:18,,,,867488067684034,1322,HBD,,,,,,,,,,,,,,,,,,,,,,,,,,,,,,,,,,,,,,,,,,,,,,,,,,
2025-09-30 14:50:18,,,,867488067684034,1323,HBD,,,,,,,,,,,,,,,,,,,,,,,,,,,,,,,,,,,,,,,,,,,,,,,,,,
2025-09-30 14:52:19,,,,867488067684034,1324,HBD,,,,,,,,,,,,,,,,,,,,,,,,,,,,,,,,,,,,,,,,,,,,,,,,,,
2025-09-30 14:54:19,,,,867488067684034,1325,HBD,,,,,,,,,,,,,,,,,,,,,,,,,,,,,,,,,,,,,,,,,,,,,,,,,,
2025-09-30 14:56:20,,,,867488067684034,1326,HBD,,,,,,,,,,,,,,,,,,,,,,,,,,,,,,,,,,,,,,,,,,,,,,,,,,
2025-09-30 14:58:20,,,,867488067684034,1327,HBD,,,,,,,,,,,,,,,,,,,,,,,,,,,,,,,,,,,,,,,,,,,,,,,,,,
2025-09-30 15:00:21,,,,867488067684034,1328,HBD,,,,,,,,,,,,,,,,,,,,,,,,,,,,,,,,,,,,,,,,,,,,,,,,,,
2025-09-30 15:02:21,,,,867488067684034,1329,HBD,,,,,,,,,,,,,,,,,,,,,,,,,,,,,,,,,,,,,,,,,,,,,,,,,,
2025-09-30 15:04:22,,,,867488067684034,1330,HBD,,,,,,,,,,,,,,,,,,,,,,,,,,,,,,,,,,,,,,,,,,,,,,,,,,
2025-09-30 15:05:08,2025-09-30 15:05:08,2025-09-30 15:02:42,2025-09-30 15:02:42,867488067684034,1331,GTERI,0x19fe3fbf,0x00028102,802003,0x8303,0x0115,100,25762,0000,-,00,00,11,12,12,-,01,01,0.0,0.0,173,173,1076,1076,-25.042755,-25.042755,-51.534169,-51.534169,0724,0004,85da,0f6ad116,13.1,47.4,47.4,0:59:19,4:58:58,-,-,0,-,,,,,04,1,00000000,00,10,
2025-09-30 15:06:22,,,,867488067684034,1332,HBD,,,,,,,,,,,,,,,,,,,,,,,,,,,,,,,,,,,,,,,,,,,,,,,,,,
2025-09-30 15:08:22,,,,867488067684034,1333,HBD,,,,,,,,,,,,,,,,,,,,,,,,,,,,,,,,,,,,,,,,,,,,,,,,,,
2025-09-30 15:10:23,,,,867488067684034,1334,HBD,,,,,,,,,,,,,,,,,,,,,,,,,,,,,,,,,,,,,,,,,,,,,,,,,,
2025-09-30 15:12:23,,,,867488067684034,1335,HBD,,,,,,,,,,,,,,,,,,,,,,,,,,,,,,,,,,,,,,,,,,,,,,,,,,
2025-09-30 15:14:24,,,,867488067684034,1336,HBD,,,,,,,,,,,,,,,,,,,,,,,,,,,,,,,,,,,,,,,,,,,,,,,,,,
2025-09-30 15:16:24,,,,867488067684034,1337,HBD,,,,,,,,,,,,,,,,,,,,,,,,,,,,,,,,,,,,,,,,,,,,,,,,,,
2025-09-30 15:18:25,,,,867488067684034,1338,HBD,,,,,,,,,,,,,,,,,,,,,,,,,,,,,,,,,,,,,,,,,,,,,,,,,,
2025-09-30 15:20:25,,,,867488067684034,1339,HBD,,,,,,,,,,,,,,,,,,,,,,,,,,,,,,,,,,,,,,,,,,,,,,,,,,
2025-09-30 15:22:26,,,,867488067684034,1340,HBD,,,,,,,,,,,,,,,,,,,,,,,,,,,,,,,,,,,,,,,,,,,,,,,,,,
2025-09-30 15:24:26,,,,867488067684034,1341,HBD,,,,,,,,,,,,,,,,,,,,,,,,,,,,,,,,,,,,,,,,,,,,,,,,,,
2025-09-30 15:25:18,2025-09-30 15:25:17,2025-09-30 15:02:42,2025-09-30 15:02:42,867488067684034,1342,GTSTT,0x19fe7fbf,,802003,0x8303,0x0115,100,25679,0000,0000,00,00,16,12,12,-,00,00,0.0,0.0,173,173,1076,1076,-25.042755,-25.042755,-51.534169,-51.534169,0724,0004,85da,0f6ad116,13.1,47.4,47.4,0:59:19,4:58:58,-,-,0,-,,,,,,,,,,
2025-09-30 15:25:35,2025-09-30 15:25:35,2025-09-30 15:02:42,2025-09-30 15:02:42,867488067684034,1343,GTSTT,0x19fe7fbf,,802003,0x8303,0x0115,100,25687,0000,0000,00,00,11,12,12,-,00,00,0.0,0.0,173,173,1076,1076,-25.042755,-25.042755,-51.534169,-51.534169,0724,0004,85da,0f6ad116,13.1,47.4,47.4,0:59:19,4:58:58,-,-,0,-,,,,,,,,,,
2025-09-30 15:26:27,,,,867488067684034,1344,HBD,,,,,,,,,,,,,,,,,,,,,,,,,,,,,,,,,,,,,,,,,,,,,,,,,,
2025-09-30 15:28:27,,,,867488067684034,1345,HBD,,,,,,,,,,,,,,,,,,,,,,,,,,,,,,,,,,,,,,,,,,,,,,,,,,
2025-09-30 15:30:27,,,,867488067684034,1346,HBD,,,,,,,,,,,,,,,,,,,,,,,,,,,,,,,,,,,,,,,,,,,,,,,,,,
2025-09-30 15:32:28,,,,867488067684034,1347,HBD,,,,,,,,,,,,,,,,,,,,,,,,,,,,,,,,,,,,,,,,,,,,,,,,,,
2025-09-30 15:34:28,,,,867488067684034,1348,HBD,,,,,,,,,,,,,,,,,,,,,,,,,,,,,,,,,,,,,,,,,,,,,,,,,,
2025-09-30 15:36:29,,,,867488067684034,1349,HBD,,,,,,,,,,,,,,,,,,,,,,,,,,,,,,,,,,,,,,,,,,,,,,,,,,
2025-09-30 15:38:29,,,,867488067684034,1350,HBD,,,,,,,,,,,,,,,,,,,,,,,,,,,,,,,,,,,,,,,,,,,,,,,,,,
2025-09-30 15:40:30,,,,867488067684034,1351,HBD,,,,,,,,,,,,,,,,,,,,,,,,,,,,,,,,,,,,,,,,,,,,,,,,,,
2025-09-30 15:42:30,,,,867488067684034,1352,HBD,,,,,,,,,,,,,,,,,,,,,,,,,,,,,,,,,,,,,,,,,,,,,,,,,,
2025-09-30 15:44:31,,,,867488067684034,1353,HBD,,,,,,,,,,,,,,,,,,,,,,,,,,,,,,,,,,,,,,,,,,,,,,,,,,
2025-09-30 15:46:31,,,,867488067684034,1354,HBD,,,,,,,,,,,,,,,,,,,,,,,,,,,,,,,,,,,,,,,,,,,,,,,,,,
2025-09-30 15:48:32,,,,867488067684034,1355,HBD,,,,,,,,,,,,,,,,,,,,,,,,,,,,,,,,,,,,,,,,,,,,,,,,,,
2025-09-30 15:50:32,,,,867488067684034,1356,HBD,,,,,,,,,,,,,,,,,,,,,,,,,,,,,,,,,,,,,,,,,,,,,,,,,,
2025-09-30 15:52:33,,,,867488067684034,1357,HBD,,,,,,,,,,,,,,,,,,,,,,,,,,,,,,,,,,,,,,,,,,,,,,,,,,
2025-09-30 15:54:33,,,,867488067684034,1358,HBD,,,,,,,,,,,,,,,,,,,,,,,,,,,,,,,,,,,,,,,,,,,,,,,,,,
2025-09-30 15:56:33,,,,867488067684034,1359,HBD,,,,,,,,,,,,,,,,,,,,,,,,,,,,,,,,,,,,,,,,,,,,,,,,,,
2025-09-30 15:58:34,,,,867488067684034,1360,HBD,,,,,,,,,,,,,,,,,,,,,,,,,,,,,,,,,,,,,,,,,,,,,,,,,,
2025-09-30 16:00:34,,,,867488067684034,1361,HBD,,,,,,,,,,,,,,,,,,,,,,,,,,,,,,,,,,,,,,,,,,,,,,,,,,
2025-09-30 16:02:35,,,,867488067684034,1362,HBD,,,,,,,,,,,,,,,,,,,,,,,,,,,,,,,,,,,,,,,,,,,,,,,,,,
2025-09-30 16:04:35,,,,867488067684034,1363,HBD,,,,,,,,,,,,,,,,,,,,,,,,,,,,,,,,,,,,,,,,,,,,,,,,,,
2025-09-30 16:05:08,2025-09-30 16:05:08,2025-09-30 16:02:51,2025-09-30 16:02:51,867488067684034,1364,GTERI,0x19fe3fbf,0x00028102,802003,0x8303,0x0115,100,25679,0000,-,00,00,11,4,4,-,01,01,0.0,0.0,173,173,1076,1076,-25.042755,-25.042755,-51.534169,-51.534169,0724,0004,85da,0f6ad116,13.1,47.4,47.4,0:59:19,4:58:58,-,-,0,-,,,,,04,1,00000000,00,10,
2025-09-30 16:06:36,,,,867488067684034,1365,HBD,,,,,,,,,,,,,,,,,,,,,,,,,,,,,,,,,,,,,,,,,,,,,,,,,,
2025-09-30 16:08:36,,,,867488067684034,1366,HBD,,,,,,,,,,,,,,,,,,,,,,,,,,,,,,,,,,,,,,,,,,,,,,,,,,
2025-09-30 16:10:37,,,,867488067684034,1367,HBD,,,,,,,,,,,,,,,,,,,,,,,,,,,,,,,,,,,,,,,,,,,,,,,,,,
2025-09-30 16:12:37,,,,867488067684034,1368,HBD,,,,,,,,,,,,,,,,,,,,,,,,,,,,,,,,,,,,,,,,,,,,,,,,,,
2025-09-30 16:14:38,,,,867488067684034,1369,HBD,,,,,,,,,,,,,,,,,,,,,,,,,,,,,,,,,,,,,,,,,,,,,,,,,,
2025-09-30 16:16:38,,,,867488067684034,1370,HBD,,,,,,,,,,,,,,,,,,,,,,,,,,,,,,,,,,,,,,,,,,,,,,,,,,
2025-09-30 16:18:39,,,,867488067684034,1371,HBD,,,,,,,,,,,,,,,,,,,,,,,,,,,,,,,,,,,,,,,,,,,,,,,,,,
2025-09-30 16:20:39,,,,867488067684034,1372,HBD,,,,,,,,,,,,,,,,,,,,,,,,,,,,,,,,,,,,,,,,,,,,,,,,,,
2025-09-30 16:22:39,,,,867488067684034,1373,HBD,,,,,,,,,,,,,,,,,,,,,,,,,,,,,,,,,,,,,,,,,,,,,,,,,,
2025-09-30 16:24:40,,,,867488067684034,1374,HBD,,,,,,,,,,,,,,,,,,,,,,,,,,,,,,,,,,,,,,,,,,,,,,,,,,
2025-09-30 16:26:40,,,,867488067684034,1375,HBD,,,,,,,,,,,,,,,,,,,,,,,,,,,,,,,,,,,,,,,,,,,,,,,,,,
2025-09-30 16:28:41,,,,867488067684034,1376,HBD,,,,,,,,,,,,,,,,,,,,,,,,,,,,,,,,,,,,,,,,,,,,,,,,,,
2025-09-30 16:30:41,,,,867488067684034,1377,HBD,,,,,,,,,,,,,,,,,,,,,,,,,,,,,,,,,,,,,,,,,,,,,,,,,,
2025-09-30 16:31:41,,,,867488067684034,1378,HBD,,,,,,,,,,,,,,,,,,,,,,,,,,,,,,,,,,,,,,,,,,,,,,,,,,
2025-09-30 16:33:42,,,,867488067684034,1379,HBD,,,,,,,,,,,,,,,,,,,,,,,,,,,,,,,,,,,,,,,,,,,,,,,,,,
2025-09-30 16:35:42,,,,867488067684034,1380,HBD,,,,,,,,,,,,,,,,,,,,,,,,,,,,,,,,,,,,,,,,,,,,,,,,,,
2025-09-30 16:37:43,,,,867488067684034,1381,HBD,,,,,,,,,,,,,,,,,,,,,,,,,,,,,,,,,,,,,,,,,,,,,,,,,,
2025-09-30 16:39:43,,,,867488067684034,1382,HBD,,,,,,,,,,,,,,,,,,,,,,,,,,,,,,,,,,,,,,,,,,,,,,,,,,
2025-09-30 16:41:44,,,,867488067684034,1383,HBD,,,,,,,,,,,,,,,,,,,,,,,,,,,,,,,,,,,,,,,,,,,,,,,,,,
2025-09-30 16:43:44,,,,867488067684034,1384,HBD,,,,,,,,,,,,,,,,,,,,,,,,,,,,,,,,,,,,,,,,,,,,,,,,,,
2025-09-30 16:45:44,,,,867488067684034,1385,HBD,,,,,,,,,,,,,,,,,,,,,,,,,,,,,,,,,,,,,,,,,,,,,,,,,,
2025-09-30 16:47:45,,,,867488067684034,1386,HBD,,,,,,,,,,,,,,,,,,,,,,,,,,,,,,,,,,,,,,,,,,,,,,,,,,
2025-09-30 16:49:45,,,,867488067684034,1387,HBD,,,,,,,,,,,,,,,,,,,,,,,,,,,,,,,,,,,,,,,,,,,,,,,,,,
2025-09-30 16:51:46,,,,867488067684034,1388,HBD,,,,,,,,,,,,,,,,,,,,,,,,,,,,,,,,,,,,,,,,,,,,,,,,,,
2025-09-30 16:53:46,,,,867488067684034,1389,HBD,,,,,,,,,,,,,,,,,,,,,,,,,,,,,,,,,,,,,,,,,,,,,,,,,,
2025-09-30 16:55:47,,,,867488067684034,1390,HBD,,,,,,,,,,,,,,,,,,,,,,,,,,,,,,,,,,,,,,,,,,,,,,,,,,
2025-09-30 16:57:47,,,,867488067684034,1391,HBD,,,,,,,,,,,,,,,,,,,,,,,,,,,,,,,,,,,,,,,,,,,,,,,,,,
2025-09-30 16:59:48,,,,867488067684034,1392,HBD,,,,,,,,,,,,,,,,,,,,,,,,,,,,,,,,,,,,,,,,,,,,,,,,,,
2025-09-30 17:00:31,2025-09-30 17:00:31,2025-09-30 16:02:51,2025-09-30 12:59:01,867488067684034,1394,GTIGN,0x19fe7fbf,,802003,0x8303,0x0115,100,25590,0000,0000,01,00,22,4,12,14418,00,01,0.0,23.4,173,78,1076,1072,-25.042755,-25.042478,-51.534169,-51.534793,0724,0004,85da,0f6ad116,0.0,47.4,47.1,0:00:00,4:58:58,-,-,0,-,,,,,,,,,,
2025-09-30 17:00:31,2025-09-30 17:00:31,2025-09-30 16:02:51,2025-09-30 16:02:51,867488067684034,1395,GTSTT,0x19fe7fbf,,802003,0x8303,0x0115,100,25590,0000,0000,01,00,22,4,4,-,00,00,0.0,0.0,173,173,1076,1076,-25.042755,-25.042755,-51.534169,-51.534169,0724,0004,85da,0f6ad116,0.0,47.4,47.4,0:00:00,4:58:58,-,-,0,-,,,,,,,,,,
2025-09-30 17:01:05,2025-09-30 17:01:05,2025-09-30 17:01:05,2025-09-30 17:01:05,867488067684034,1396,GTERI,0x19fe3fbf,0x00028102,802003,0x8303,0x0115,100,28023,0000,-,01,00,22,5,5,-,01,01,0.0,0.0,173,173,1083,1083,-25.042762,-25.042762,-51.534103,-51.534103,0724,0004,85da,0f6ad116,0.0,47.4,47.4,0:00:33,4:59:31,-,-,0,-,,,,,04,1,00000000,00,10,
2025-09-30 17:01:05,2025-09-30 17:01:05,2025-09-30 17:01:05,2025-09-30 17:01:05,867488067684034,1397,GTIGL,0x19fe7fbf,,802003,0x8303,0x0115,100,28023,0000,0000,01,00,22,5,5,-,01,01,0.0,0.0,173,173,1083,1083,-25.042762,-25.042762,-51.534103,-51.534103,0724,0004,85da,0f6ad116,0.0,47.4,47.4,0:00:33,4:59:31,-,-,0,-,,,,,,,,,00,
2025-09-30 17:01:48,,,,867488067684034,1398,HBD,,,,,,,,,,,,,,,,,,,,,,,,,,,,,,,,,,,,,,,,,,,,,,,,,,
2025-09-30 17:03:31,2025-09-30 17:03:31,2025-09-30 17:03:31,2025-09-30 17:03:30,867488067684034,1400,GTBTC,0x19fe7fbf,,802003,0x8303,0x0115,100,27976,0000,0000,01,00,22,12,12,-,01,01,42.5,43.2,173,173,1055,1053,-25.046843,-25.046737,-51.535726,-51.53574,0724,0004,85da,0f6ad10a,0.7,48.1,48.1,0:03:00,5:01:58,-,-,0,-,,,,,,,,,,
2025-09-30 17:03:39,2025-09-30 17:03:39,2025-09-30 17:03:38,2025-09-30 17:03:32,867488067684034,1401,GTERI,0x19fe3fbf,0x00028102,802003,0x8303,0x0115,100,27976,0000,-,01,00,22,12,12,-,01,01,27.0,40.1,172,173,1057,1056,-25.047424,-25.046945,-51.535643,-51.535713,0724,0004,85da,0f6ad10a,0.8,48.1,48.1,0:03:06,5:02:04,-,-,0,-,,,,,04,3,00000000,00,10,
2025-09-30 17:03:49,,,,867488067684034,1402,HBD,,,,,,,,,,,,,,,,,,,,,,,,,,,,,,,,,,,,,,,,,,,,,,,,,,
2025-09-30 17:04:35,,,,867488067684034,1404,ACK,,,,,,,,,,,,,,,,,,,,,,,,,,,,,,,,,,,,,,,,,,,,,,,,,,
2025-09-30 17:04:35,,,,867488067684034,1405,ACK,,,,,,,,,,,,,,,,,,,,,,,,,,,,,,,,,,,,,,,,,,,,,,,,,,
2025-09-30 17:04:36,,,,867488067684034,1406,ACK,,,,,,,,,,,,,,,,,,,,,,,,,,,,,,,,,,,,,,,,,,,,,,,,,,
2025-09-30 17:05:49,,,,867488067684034,1407,HBD,,,,,,,,,,,,,,,,,,,,,,,,,,,,,,,,,,,,,,,,,,,,,,,,,,
2025-09-30 17:06:39,2025-09-30 17:06:39,2025-09-30 17:06:38,2025-09-30 17:03:41,867488067684034,1409,GTERI,0x19fe3fbf,0x00028102,802003,0x8303,0x0115,100,27971,0000,-,01,00,22,12,12,-,01,01,0.0,25.2,172,173,1055,1056,-25.048496,-25.047616,-51.536165,-51.535618,0724,0004,85da,0f6ad10a,1.0,48.3,48.2,0:06:06,5:05:04,-,-,0,-,,,,,04,3,00000000,00,10,
2025-09-30 17:07:50,,,,867488067684034,1410,HBD,,,,,,,,,,,,,,,,,,,,,,,,,,,,,,,,,,,,,,,,,,,,,,,,,,
2025-09-30 17:07:56,2025-09-30 17:07:56,2025-09-30 17:07:55,2025-09-30 17:07:49,867488067684034,1411,GTSTC,0x19fe7fbf,,802003,0x8303,0x0115,100,27978,0000,0000,01,00,22,12,12,-,01,01,21.5,30.6,85,85,1059,1058,-25.048557,-25.048589,-51.535542,-51.535964,0724,0004,85da,0f6ad10a,1.1,48.4,48.4,0:07:24,5:06:22,-,-,0,-,,,,,,,,,,
2025-09-30 17:09:39,2025-09-30 17:09:39,2025-09-30 17:09:38,2025-09-30 17:08:41,867488067684034,1413,GTERI,0x19fe3fbf,0x00028102,802003,0x8303,0x0115,100,28072,0000,-,01,00,22,12,12,-,01,01,13.4,39.1,351,174,1075,1069,-25.052411,-25.051725,-51.53495,-51.535082,0724,0004,85da,0f6ad116,1.6,48.9,48.8,0:09:06,5:08:04,-,-,0,-,,,,,04,1,00000000,00,10,
2025-09-30 17:09:50,,,,867488067684034,1414,HBD,,,,,,,,,,,,,,,,,,,,,,,,,,,,,,,,,,,,,,,,,,,,,,,,,,
2025-09-30 17:11:51,,,,867488067684034,1416,HBD,,,,,,,,,,,,,,,,,,,,,,,,,,,,,,,,,,,,,,,,,,,,,,,,,,
2025-09-30 17:12:39,2025-09-30 17:12:39,2025-09-30 17:12:38,2025-09-30 17:10:18,867488067684034,1418,GTERI,0x19fe3fbf,0x00028102,802003,0x8303,0x0115,100,27941,0000,-,01,00,22,12,12,-,01,01,13.3,39.9,75,83,1040,1065,-25.051989,-25.050523,-51.524247,-51.534116,0724,0004,85da,0f6ad109,3.0,50.3,49.2,0:12:06,5:11:04,-,-,0,-,,,,,04,3,00000000,00,10,
2025-09-30 17:13:51,,,,867488067684034,1419,HBD,,,,,,,,,,,,,,,,,,,,,,,,,,,,,,,,,,,,,,,,,,,,,,,,,,
2025-09-30 17:15:39,2025-09-30 17:15:39,2025-09-30 17:15:38,2025-09-30 17:13:14,867488067684034,1421,GTERI,0x19fe3fbf,0x00028102,802003,0x8303,0x0115,100,28030,0000,-,01,00,22,12,12,-,01,01,0.0,39.2,142,119,1008,1043,-25.055643,-25.052206,-51.518612,-51.522742,0724,0004,85da,0f79f10d,3.8,51.2,50.5,0:15:06,5:14:04,-,-,0,-,,,,,04,28,00000000,00,10,
2025-09-30 17:15:52,,,,867488067684034,1422,HBD,,,,,,,,,,,,,,,,,,,,,,,,,,,,,,,,,,,,,,,,,,,,,,,,,,
2025-09-30 17:17:52,,,,867488067684034,1424,HBD,,,,,,,,,,,,,,,,,,,,,,,,,,,,,,,,,,,,,,,,,,,,,,,,,,
2025-09-30 17:18:39,2025-09-30 17:18:39,2025-09-30 17:18:38,2025-09-30 17:17:46,867488067684034,1426,GTERI,0x19fe3fbf,0x00028102,802003,0x8303,0x0115,100,28023,0000,-,01,00,22,12,12,-,01,01,22.6,48.2,307,278,1086,1046,-25.051314,-25.051982,-51.530429,-51.525822,0724,0004,85da,0f6ad10a,5.3,52.6,52.2,0:18:06,5:17:04,-,-,0,-,,,,,04,3,00000000,00,10,
2025-09-30 17:19:52,,,,867488067684034,1427,HBD,,,,,,,,,,,,,,,,,,,,,,,,,,,,,,,,,,,,,,,,,,,,,,,,,,
2025-09-30 17:21:39,2025-09-30 17:21:39,2025-09-30 17:21:38,2025-09-30 17:20:05,867488067684034,1429,GTERI,0x19fe3fbf,0x00028102,802003,0x8303,0x0115,100,28016,0000,-,01,00,22,12,12,-,01,01,26.1,51.3,354,264,1026,1068,-25.04872,-25.048283,-51.540216,-51.533151,0724,0004,85da,0f6ad10a,6.5,53.9,53.1,0:21:06,5:20:04,-,-,0,-,,,,,04,3,00000000,00,10,
2025-09-30 17:21:53,,,,867488067684034,1430,HBD,,,,,,,,,,,,,,,,,,,,,,,,,,,,,,,,,,,,,,,,,,,,,,,,,,
2025-09-30 17:22:48,2025-09-30 17:22:48,2025-09-30 17:22:48,2025-09-30 17:22:48,867488067684034,1432,GTIGF,0x19fe7fbf,,802003,0x8303,0x0115,100,27984,0000,0000,00,00,12,12,12,1337,01,01,0.0,0.0,354,354,1021,1021,-25.047389,-25.047389,-51.5409,-51.5409,0724,0004,85da,0f6ad10a,6.9,54.2,54.2,0:22:15,5:21:13,-,-,0,-,,,,,,,,,,
2025-09-30 17:22:49,2025-09-30 17:22:48,2025-09-30 17:22:48,2025-09-30 17:22:48,867488067684034,1433,GTSTT,0x19fe7fbf,,802003,0x8303,0x0115,100,27984,0000,0000,00,00,12,12,12,-,01,01,0.0,0.0,354,354,1021,1021,-25.047389,-25.047389,-51.5409,-51.5409,0724,0004,85da,0f6ad10a,6.9,54.2,54.2,0:22:15,5:21:13,-,-,0,-,,,,,,,,,,
2025-09-30 17:22:49,,,,867488067684034,1434,ACK,,,,,,,,,,,,,,,,,,,,,,,,,,,,,,,,,,,,,,,,,,,,,,,,,,
2025-09-30 17:22:50,,,,867488067684034,1435,ACK,,,,,,,,,,,,,,,,,,,,,,,,,,,,,,,,,,,,,,,,,,,,,,,,,,
2025-09-30 17:22:50,2025-09-30 17:22:49,2025-09-30 17:22:49,2025-09-30 17:22:49,867488067684034,1436,GTIGL,0x19fe7fbf,,802003,0x8303,0x0115,100,27984,0000,0000,00,00,12,12,12,-,01,01,0.0,0.0,354,354,1021,1021,-25.047389,-25.047389,-51.5409,-51.5409,0724,0004,85da,0f6ad10a,6.9,54.2,54.2,0:22:15,5:21:13,-,-,0,-,,,,,,,,,01,
2025-09-30 17:23:53,,,,867488067684034,1437,HBD,,,,,,,,,,,,,,,,,,,,,,,,,,,,,,,,,,,,,,,,,,,,,,,,,,
2025-09-30 17:23:53,2025-09-30 17:23:53,2025-09-30 17:23:52,2025-09-30 17:23:52,867488067684034,1438,GTSTT,0x19fe7fbf,,802003,0x8303,0x0115,100,25999,0000,0000,00,00,11,12,12,-,01,01,0.0,0.0,354,354,1021,1021,-25.047389,-25.047389,-51.5409,-51.5409,0724,0004,85da,0f6ad10a,6.9,54.2,54.2,0:22:15,5:21:13,-,-,0,-,,,,,,,,,,
2025-09-30 17:24:39,2025-09-30 17:24:39,2025-09-30 17:24:38,2025-09-30 17:24:38,867488067684034,1440,GTERI,0x19fe3fbf,0x00028102,802003,0x8303,0x0115,100,26053,0000,-,00,00,11,12,12,-,01,01,0.0,0.0,354,354,1021,1021,-25.047389,-25.047389,-51.5409,-51.5409,0724,0004,85da,0f6ad10a,6.9,54.2,54.2,0:22:15,5:21:13,-,-,0,-,,,,,04,3,00000000,00,10,
2025-09-30 17:25:54,,,,867488067684034,1441,HBD,,,,,,,,,,,,,,,,,,,,,,,,,,,,,,,,,,,,,,,,,,,,,,,,,,
2025-09-30 17:27:39,2025-09-30 17:27:39,2025-09-30 17:27:38,2025-09-30 17:27:38,867488067684034,1443,GTERI,0x19fe3fbf,0x00028102,802003,0x8303,0x0115,100,26045,0000,-,00,00,11,12,12,-,01,01,0.0,0.0,354,354,1021,1021,-25.047389,-25.047389,-51.5409,-51.5409,0724,0004,85da,0f6ad10a,6.9,54.2,54.2,0:22:15,5:21:13,-,-,0,-,,,,,04,3,00000000,00,10,
2025-09-30 17:27:49,,,,867488067684034,1444,HBD,,,,,,,,,,,,,,,,,,,,,,,,,,,,,,,,,,,,,,,,,,,,,,,,,,
2025-09-30 17:27:49,2025-09-30 17:27:49,2025-09-30 17:27:49,2025-09-30 17:27:49,867488067684034,1445,GTERI,0x19fe3fbf,0x00028102,802003,0x8303,0x0115,100,26033,0000,-,00,00,11,12,12,-,01,01,0.0,0.0,354,354,1021,1021,-25.047389,-25.047389,-51.5409,-51.5409,0724,0004,85da,0f6ad10a,6.9,54.2,54.2,0:22:15,5:21:13,-,-,0,-,,,,,04,3,00000000,00,10,
2025-09-30 17:29:55,,,,867488067684034,1446,HBD,,,,,,,,,,,,,,,,,,,,,,,,,,,,,,,,,,,,,,,,,,,,,,,,,,
2025-09-30 17:31:55,,,,867488067684034,1447,HBD,,,,,,,,,,,,,,,,,,,,,,,,,,,,,,,,,,,,,,,,,,,,,,,,,,
2025-09-30 17:33:55,,,,867488067684034,1448,HBD,,,,,,,,,,,,,,,,,,,,,,,,,,,,,,,,,,,,,,,,,,,,,,,,,,
2025-09-30 17:35:56,,,,867488067684034,1449,HBD,,,,,,,,,,,,,,,,,,,,,,,,,,,,,,,,,,,,,,,,,,,,,,,,,,
2025-09-30 17:37:56,,,,867488067684034,1450,HBD,,,,,,,,,,,,,,,,,,,,,,,,,,,,,,,,,,,,,,,,,,,,,,,,,,
2025-09-30 17:39:57,,,,867488067684034,1451,HBD,,,,,,,,,,,,,,,,,,,,,,,,,,,,,,,,,,,,,,,,,,,,,,,,,,
2025-09-30 17:41:57,,,,867488067684034,1452,HBD,,,,,,,,,,,,,,,,,,,,,,,,,,,,,,,,,,,,,,,,,,,,,,,,,,
2025-09-30 17:43:58,,,,867488067684034,1453,HBD,,,,,,,,,,,,,,,,,,,,,,,,,,,,,,,,,,,,,,,,,,,,,,,,,,
2025-09-30 17:45:58,,,,867488067684034,1454,HBD,,,,,,,,,,,,,,,,,,,,,,,,,,,,,,,,,,,,,,,,,,,,,,,,,,
2025-09-30 17:47:59,,,,867488067684034,1455,HBD,,,,,,,,,,,,,,,,,,,,,,,,,,,,,,,,,,,,,,,,,,,,,,,,,,
2025-09-30 17:49:59,,,,867488067684034,1456,HBD,,,,,,,,,,,,,,,,,,,,,,,,,,,,,,,,,,,,,,,,,,,,,,,,,,
2025-09-30 17:51:59,,,,867488067684034,1457,HBD,,,,,,,,,,,,,,,,,,,,,,,,,,,,,,,,,,,,,,,,,,,,,,,,,,
2025-09-30 17:54:00,,,,867488067684034,1458,HBD,,,,,,,,,,,,,,,,,,,,,,,,,,,,,,,,,,,,,,,,,,,,,,,,,,
2025-09-30 17:56:00,,,,867488067684034,1459,HBD,,,,,,,,,,,,,,,,,,,,,,,,,,,,,,,,,,,,,,,,,,,,,,,,,,
2025-09-30 17:58:01,,,,867488067684034,1460,HBD,,,,,,,,,,,,,,,,,,,,,,,,,,,,,,,,,,,,,,,,,,,,,,,,,,
2025-09-30 18:00:01,,,,867488067684034,1461,HBD,,,,,,,,,,,,,,,,,,,,,,,,,,,,,,,,,,,,,,,,,,,,,,,,,,
2025-09-30 18:02:02,,,,867488067684034,1462,HBD,,,,,,,,,,,,,,,,,,,,,,,,,,,,,,,,,,,,,,,,,,,,,,,,,,
2025-09-30 18:04:02,,,,867488067684034,1463,HBD,,,,,,,,,,,,,,,,,,,,,,,,,,,,,,,,,,,,,,,,,,,,,,,,,,
2025-09-30 18:06:03,,,,867488067684034,1464,HBD,,,,,,,,,,,,,,,,,,,,,,,,,,,,,,,,,,,,,,,,,,,,,,,,,,
2025-09-30 18:08:03,,,,867488067684034,1465,HBD,,,,,,,,,,,,,,,,,,,,,,,,,,,,,,,,,,,,,,,,,,,,,,,,,,
2025-09-30 18:10:04,,,,867488067684034,1466,HBD,,,,,,,,,,,,,,,,,,,,,,,,,,,,,,,,,,,,,,,,,,,,,,,,,,
2025-09-30 18:12:04,,,,867488067684034,1467,HBD,,,,,,,,,,,,,,,,,,,,,,,,,,,,,,,,,,,,,,,,,,,,,,,,,,
2025-09-30 18:14:04,,,,867488067684034,1468,HBD,,,,,,,,,,,,,,,,,,,,,,,,,,,,,,,,,,,,,,,,,,,,,,,,,,
2025-09-30 18:16:05,,,,867488067684034,1469,HBD,,,,,,,,,,,,,,,,,,,,,,,,,,,,,,,,,,,,,,,,,,,,,,,,,,
2025-09-30 18:18:05,,,,867488067684034,1470,HBD,,,,,,,,,,,,,,,,,,,,,,,,,,,,,,,,,,,,,,,,,,,,,,,,,,
2025-09-30 18:20:06,,,,867488067684034,1471,HBD,,,,,,,,,,,,,,,,,,,,,,,,,,,,,,,,,,,,,,,,,,,,,,,,,,
2025-09-30 18:22:06,,,,867488067684034,1472,HBD,,,,,,,,,,,,,,,,,,,,,,,,,,,,,,,,,,,,,,,,,,,,,,,,,,
2025-09-30 18:24:07,,,,867488067684034,1473,HBD,,,,,,,,,,,,,,,,,,,,,,,,,,,,,,,,,,,,,,,,,,,,,,,,,,
2025-09-30 18:26:07,,,,867488067684034,1474,HBD,,,,,,,,,,,,,,,,,,,,,,,,,,,,,,,,,,,,,,,,,,,,,,,,,,
2025-09-30 18:27:44,,,,867488067684034,1475,HBD,,,,,,,,,,,,,,,,,,,,,,,,,,,,,,,,,,,,,,,,,,,,,,,,,,
2025-09-30 18:27:44,2025-09-30 18:27:44,2025-09-30 18:25:18,2025-09-30 18:25:18,867488067684034,1476,GTERI,0x19fe3fbf,0x00028102,802003,0x8303,0x0115,100,25818,0000,-,00,00,11,12,12,-,01,01,0.0,0.0,354,354,1021,1021,-25.047389,-25.047389,-51.5409,-51.5409,0724,0004,85da,0f6ad116,6.9,54.2,54.2,0:22:15,5:21:13,-,-,0,-,,,,,04,1,00000000,00,10,
2025-09-30 18:30:08,,,,867488067684034,1477,HBD,,,,,,,,,,,,,,,,,,,,,,,,,,,,,,,,,,,,,,,,,,,,,,,,,,
2025-09-30 18:32:08,,,,867488067684034,1478,HBD,,,,,,,,,,,,,,,,,,,,,,,,,,,,,,,,,,,,,,,,,,,,,,,,,,
2025-09-30 18:34:09,,,,867488067684034,1479,HBD,,,,,,,,,,,,,,,,,,,,,,,,,,,,,,,,,,,,,,,,,,,,,,,,,,
2025-09-30 18:36:09,,,,867488067684034,1480,HBD,,,,,,,,,,,,,,,,,,,,,,,,,,,,,,,,,,,,,,,,,,,,,,,,,,
2025-09-30 18:38:10,,,,867488067684034,1481,HBD,,,,,,,,,,,,,,,,,,,,,,,,,,,,,,,,,,,,,,,,,,,,,,,,,,
2025-09-30 18:40:10,,,,867488067684034,1482,HBD,,,,,,,,,,,,,,,,,,,,,,,,,,,,,,,,,,,,,,,,,,,,,,,,,,
2025-09-30 18:42:11,,,,867488067684034,1483,HBD,,,,,,,,,,,,,,,,,,,,,,,,,,,,,,,,,,,,,,,,,,,,,,,,,,
2025-09-30 18:44:11,,,,867488067684034,1484,HBD,,,,,,,,,,,,,,,,,,,,,,,,,,,,,,,,,,,,,,,,,,,,,,,,,,
2025-09-30 18:46:11,,,,867488067684034,1485,HBD,,,,,,,,,,,,,,,,,,,,,,,,,,,,,,,,,,,,,,,,,,,,,,,,,,
2025-09-30 18:48:12,,,,867488067684034,1486,HBD,,,,,,,,,,,,,,,,,,,,,,,,,,,,,,,,,,,,,,,,,,,,,,,,,,
2025-09-30 18:50:12,,,,867488067684034,1487,HBD,,,,,,,,,,,,,,,,,,,,,,,,,,,,,,,,,,,,,,,,,,,,,,,,,,
2025-09-30 18:52:13,,,,867488067684034,1488,HBD,,,,,,,,,,,,,,,,,,,,,,,,,,,,,,,,,,,,,,,,,,,,,,,,,,
2025-09-30 18:54:13,,,,867488067684034,1489,HBD,,,,,,,,,,,,,,,,,,,,,,,,,,,,,,,,,,,,,,,,,,,,,,,,,,
2025-09-30 18:56:14,,,,867488067684034,1490,HBD,,,,,,,,,,,,,,,,,,,,,,,,,,,,,,,,,,,,,,,,,,,,,,,,,,
2025-09-30 18:58:14,,,,867488067684034,1491,HBD,,,,,,,,,,,,,,,,,,,,,,,,,,,,,,,,,,,,,,,,,,,,,,,,,,
2025-09-30 19:00:15,,,,867488067684034,1492,HBD,,,,,,,,,,,,,,,,,,,,,,,,,,,,,,,,,,,,,,,,,,,,,,,,,,
2025-09-30 19:02:15,,,,867488067684034,1493,HBD,,,,,,,,,,,,,,,,,,,,,,,,,,,,,,,,,,,,,,,,,,,,,,,,,,
2025-09-30 19:04:16,,,,867488067684034,1494,HBD,,,,,,,,,,,,,,,,,,,,,,,,,,,,,,,,,,,,,,,,,,,,,,,,,,
2025-09-30 19:06:16,,,,867488067684034,1495,HBD,,,,,,,,,,,,,,,,,,,,,,,,,,,,,,,,,,,,,,,,,,,,,,,,,,
2025-09-30 19:08:17,,,,867488067684034,1496,HBD,,,,,,,,,,,,,,,,,,,,,,,,,,,,,,,,,,,,,,,,,,,,,,,,,,
2025-09-30 19:10:17,,,,867488067684034,1497,HBD,,,,,,,,,,,,,,,,,,,,,,,,,,,,,,,,,,,,,,,,,,,,,,,,,,
2025-09-30 19:12:17,,,,867488067684034,1498,HBD,,,,,,,,,,,,,,,,,,,,,,,,,,,,,,,,,,,,,,,,,,,,,,,,,,
2025-09-30 19:14:18,,,,867488067684034,1499,HBD,,,,,,,,,,,,,,,,,,,,,,,,,,,,,,,,,,,,,,,,,,,,,,,,,,
2025-09-30 19:16:18,,,,867488067684034,1500,HBD,,,,,,,,,,,,,,,,,,,,,,,,,,,,,,,,,,,,,,,,,,,,,,,,,,
2025-09-30 19:18:19,,,,867488067684034,1501,HBD,,,,,,,,,,,,,,,,,,,,,,,,,,,,,,,,,,,,,,,,,,,,,,,,,,
2025-09-30 19:20:19,,,,867488067684034,1502,HBD,,,,,,,,,,,,,,,,,,,,,,,,,,,,,,,,,,,,,,,,,,,,,,,,,,
2025-09-30 19:22:20,,,,867488067684034,1503,HBD,,,,,,,,,,,,,,,,,,,,,,,,,,,,,,,,,,,,,,,,,,,,,,,,,,
2025-09-30 19:24:20,,,,867488067684034,1504,HBD,,,,,,,,,,,,,,,,,,,,,,,,,,,,,,,,,,,,,,,,,,,,,,,,,,
2025-09-30 19:26:21,,,,867488067684034,1505,HBD,,,,,,,,,,,,,,,,,,,,,,,,,,,,,,,,,,,,,,,,,,,,,,,,,,
2025-09-30 19:27:44,,,,867488067684034,1506,HBD,,,,,,,,,,,,,,,,,,,,,,,,,,,,,,,,,,,,,,,,,,,,,,,,,,
2025-09-30 19:27:44,2025-09-30 19:27:44,2025-09-30 19:25:17,2025-09-30 19:25:17,867488067684034,1507,GTERI,0x19fe3fbf,0x00028102,802003,0x8303,0x0115,100,25664,0000,-,00,00,11,12,12,-,01,01,0.0,0.0,354,354,1021,1021,-25.047389,-25.047389,-51.5409,-51.5409,0724,0004,85da,0f6ad116,6.9,54.2,54.2,0:22:15,5:21:13,-,-,0,-,,,,,04,1,00000000,00,10,
2025-09-30 19:30:21,,,,867488067684034,1508,HBD,,,,,,,,,,,,,,,,,,,,,,,,,,,,,,,,,,,,,,,,,,,,,,,,,,
2025-09-30 19:32:22,,,,867488067684034,1509,HBD,,,,,,,,,,,,,,,,,,,,,,,,,,,,,,,,,,,,,,,,,,,,,,,,,,
2025-09-30 19:34:22,,,,867488067684034,1510,HBD,,,,,,,,,,,,,,,,,,,,,,,,,,,,,,,,,,,,,,,,,,,,,,,,,,
2025-09-30 19:36:23,,,,867488067684034,1511,HBD,,,,,,,,,,,,,,,,,,,,,,,,,,,,,,,,,,,,,,,,,,,,,,,,,,
2025-09-30 19:38:23,,,,867488067684034,1512,HBD,,,,,,,,,,,,,,,,,,,,,,,,,,,,,,,,,,,,,,,,,,,,,,,,,,
2025-09-30 19:40:24,,,,867488067684034,1513,HBD,,,,,,,,,,,,,,,,,,,,,,,,,,,,,,,,,,,,,,,,,,,,,,,,,,
2025-09-30 19:42:24,,,,867488067684034,1514,HBD,,,,,,,,,,,,,,,,,,,,,,,,,,,,,,,,,,,,,,,,,,,,,,,,,,
2025-09-30 19:44:25,,,,867488067684034,1515,HBD,,,,,,,,,,,,,,,,,,,,,,,,,,,,,,,,,,,,,,,,,,,,,,,,,,
2025-09-30 19:46:25,,,,867488067684034,1516,HBD,,,,,,,,,,,,,,,,,,,,,,,,,,,,,,,,,,,,,,,,,,,,,,,,,,
2025-09-30 19:48:25,,,,867488067684034,1517,HBD,,,,,,,,,,,,,,,,,,,,,,,,,,,,,,,,,,,,,,,,,,,,,,,,,,
2025-09-30 19:50:26,,,,867488067684034,1518,HBD,,,,,,,,,,,,,,,,,,,,,,,,,,,,,,,,,,,,,,,,,,,,,,,,,,
2025-09-30 19:52:26,,,,867488067684034,1519,HBD,,,,,,,,,,,,,,,,,,,,,,,,,,,,,,,,,,,,,,,,,,,,,,,,,,
2025-09-30 19:54:27,,,,867488067684034,1520,HBD,,,,,,,,,,,,,,,,,,,,,,,,,,,,,,,,,,,,,,,,,,,,,,,,,,
2025-09-30 19:56:27,,,,867488067684034,1521,HBD,,,,,,,,,,,,,,,,,,,,,,,,,,,,,,,,,,,,,,,,,,,,,,,,,,
2025-09-30 19:58:28,,,,867488067684034,1522,HBD,,,,,,,,,,,,,,,,,,,,,,,,,,,,,,,,,,,,,,,,,,,,,,,,,,
2025-09-30 20:00:28,,,,867488067684034,1523,HBD,,,,,,,,,,,,,,,,,,,,,,,,,,,,,,,,,,,,,,,,,,,,,,,,,,
2025-09-30 20:02:29,,,,867488067684034,1524,HBD,,,,,,,,,,,,,,,,,,,,,,,,,,,,,,,,,,,,,,,,,,,,,,,,,,
2025-09-30 20:04:29,,,,867488067684034,1525,HBD,,,,,,,,,,,,,,,,,,,,,,,,,,,,,,,,,,,,,,,,,,,,,,,,,,
2025-09-30 20:06:30,,,,867488067684034,1526,HBD,,,,,,,,,,,,,,,,,,,,,,,,,,,,,,,,,,,,,,,,,,,,,,,,,,
2025-09-30 20:08:30,,,,867488067684034,1527,HBD,,,,,,,,,,,,,,,,,,,,,,,,,,,,,,,,,,,,,,,,,,,,,,,,,,
2025-09-30 20:10:30,,,,867488067684034,1528,HBD,,,,,,,,,,,,,,,,,,,,,,,,,,,,,,,,,,,,,,,,,,,,,,,,,,
2025-09-30 20:12:31,,,,867488067684034,1529,HBD,,,,,,,,,,,,,,,,,,,,,,,,,,,,,,,,,,,,,,,,,,,,,,,,,,
2025-09-30 20:14:31,,,,867488067684034,1530,HBD,,,,,,,,,,,,,,,,,,,,,,,,,,,,,,,,,,,,,,,,,,,,,,,,,,
2025-09-30 20:16:32,,,,867488067684034,1531,HBD,,,,,,,,,,,,,,,,,,,,,,,,,,,,,,,,,,,,,,,,,,,,,,,,,,
2025-09-30 20:18:32,,,,867488067684034,1532,HBD,,,,,,,,,,,,,,,,,,,,,,,,,,,,,,,,,,,,,,,,,,,,,,,,,,
2025-09-30 20:20:33,,,,867488067684034,1533,HBD,,,,,,,,,,,,,,,,,,,,,,,,,,,,,,,,,,,,,,,,,,,,,,,,,,
2025-09-30 20:22:33,,,,867488067684034,1534,HBD,,,,,,,,,,,,,,,,,,,,,,,,,,,,,,,,,,,,,,,,,,,,,,,,,,
2025-09-30 20:24:34,,,,867488067684034,1535,HBD,,,,,,,,,,,,,,,,,,,,,,,,,,,,,,,,,,,,,,,,,,,,,,,,,,
2025-09-30 20:26:34,,,,867488067684034,1536,HBD,,,,,,,,,,,,,,,,,,,,,,,,,,,,,,,,,,,,,,,,,,,,,,,,,,
2025-09-30 20:27:44,,,,867488067684034,1537,HBD,,,,,,,,,,,,,,,,,,,,,,,,,,,,,,,,,,,,,,,,,,,,,,,,,,
2025-09-30 20:27:44,2025-09-30 20:27:44,2025-09-30 20:25:36,2025-09-30 20:25:36,867488067684034,1538,GTERI,0x19fe3fbf,0x00028102,802003,0x8303,0x0115,100,25545,0000,-,00,00,11,8,8,-,01,01,0.0,0.0,354,354,1021,1021,-25.047389,-25.047389,-51.5409,-51.5409,0724,0004,85da,0f6ad116,6.9,54.2,54.2,0:22:15,5:21:13,-,-,0,-,,,,,04,1,00000000,00,10,
2025-09-30 20:30:35,,,,867488067684034,1539,HBD,,,,,,,,,,,,,,,,,,,,,,,,,,,,,,,,,,,,,,,,,,,,,,,,,,
2025-09-30 20:32:35,,,,867488067684034,1540,HBD,,,,,,,,,,,,,,,,,,,,,,,,,,,,,,,,,,,,,,,,,,,,,,,,,,
2025-09-30 20:34:36,,,,867488067684034,1541,HBD,,,,,,,,,,,,,,,,,,,,,,,,,,,,,,,,,,,,,,,,,,,,,,,,,,
2025-09-30 20:36:36,,,,867488067684034,1542,HBD,,,,,,,,,,,,,,,,,,,,,,,,,,,,,,,,,,,,,,,,,,,,,,,,,,
2025-09-30 20:38:37,,,,867488067684034,1543,HBD,,,,,,,,,,,,,,,,,,,,,,,,,,,,,,,,,,,,,,,,,,,,,,,,,,
2025-09-30 20:40:37,,,,867488067684034,1544,HBD,,,,,,,,,,,,,,,,,,,,,,,,,,,,,,,,,,,,,,,,,,,,,,,,,,
2025-09-30 20:42:37,,,,867488067684034,1545,HBD,,,,,,,,,,,,,,,,,,,,,,,,,,,,,,,,,,,,,,,,,,,,,,,,,,
2025-09-30 20:44:38,,,,867488067684034,1546,HBD,,,,,,,,,,,,,,,,,,,,,,,,,,,,,,,,,,,,,,,,,,,,,,,,,,
2025-09-30 20:46:38,,,,867488067684034,1547,HBD,,,,,,,,,,,,,,,,,,,,,,,,,,,,,,,,,,,,,,,,,,,,,,,,,,
2025-09-30 20:48:39,,,,867488067684034,1548,HBD,,,,,,,,,,,,,,,,,,,,,,,,,,,,,,,,,,,,,,,,,,,,,,,,,,
2025-09-30 20:50:39,,,,867488067684034,1549,HBD,,,,,,,,,,,,,,,,,,,,,,,,,,,,,,,,,,,,,,,,,,,,,,,,,,
2025-09-30 20:52:40,,,,867488067684034,1550,HBD,,,,,,,,,,,,,,,,,,,,,,,,,,,,,,,,,,,,,,,,,,,,,,,,,,
2025-09-30 20:54:40,,,,867488067684034,1551,HBD,,,,,,,,,,,,,,,,,,,,,,,,,,,,,,,,,,,,,,,,,,,,,,,,,,
2025-09-30 20:56:41,,,,867488067684034,1552,HBD,,,,,,,,,,,,,,,,,,,,,,,,,,,,,,,,,,,,,,,,,,,,,,,,,,
2025-09-30 20:58:41,,,,867488067684034,1553,HBD,,,,,,,,,,,,,,,,,,,,,,,,,,,,,,,,,,,,,,,,,,,,,,,,,,
2025-09-30 21:00:42,,,,867488067684034,1554,HBD,,,,,,,,,,,,,,,,,,,,,,,,,,,,,,,,,,,,,,,,,,,,,,,,,,
2025-09-30 21:01:42,,,,867488067684034,1555,HBD,,,,,,,,,,,,,,,,,,,,,,,,,,,,,,,,,,,,,,,,,,,,,,,,,,
2025-09-30 21:03:42,,,,867488067684034,1556,HBD,,,,,,,,,,,,,,,,,,,,,,,,,,,,,,,,,,,,,,,,,,,,,,,,,,
2025-09-30 21:05:43,,,,867488067684034,1557,HBD,,,,,,,,,,,,,,,,,,,,,,,,,,,,,,,,,,,,,,,,,,,,,,,,,,
2025-09-30 21:07:43,,,,867488067684034,1558,HBD,,,,,,,,,,,,,,,,,,,,,,,,,,,,,,,,,,,,,,,,,,,,,,,,,,
2025-09-30 21:09:44,,,,867488067684034,1559,HBD,,,,,,,,,,,,,,,,,,,,,,,,,,,,,,,,,,,,,,,,,,,,,,,,,,
2025-09-30 21:11:44,,,,867488067684034,1560,HBD,,,,,,,,,,,,,,,,,,,,,,,,,,,,,,,,,,,,,,,,,,,,,,,,,,
2025-09-30 21:13:45,,,,867488067684034,1561,HBD,,,,,,,,,,,,,,,,,,,,,,,,,,,,,,,,,,,,,,,,,,,,,,,,,,
2025-09-30 21:15:45,,,,867488067684034,1562,HBD,,,,,,,,,,,,,,,,,,,,,,,,,,,,,,,,,,,,,,,,,,,,,,,,,,
2025-09-30 21:17:46,,,,867488067684034,1563,HBD,,,,,,,,,,,,,,,,,,,,,,,,,,,,,,,,,,,,,,,,,,,,,,,,,,
2025-09-30 21:19:46,,,,867488067684034,1564,HBD,,,,,,,,,,,,,,,,,,,,,,,,,,,,,,,,,,,,,,,,,,,,,,,,,,
2025-09-30 21:21:46,,,,867488067684034,1565,HBD,,,,,,,,,,,,,,,,,,,,,,,,,,,,,,,,,,,,,,,,,,,,,,,,,,
2025-09-30 21:23:47,,,,867488067684034,1566,HBD,,,,,,,,,,,,,,,,,,,,,,,,,,,,,,,,,,,,,,,,,,,,,,,,,,
2025-09-30 21:25:47,,,,867488067684034,1567,HBD,,,,,,,,,,,,,,,,,,,,,,,,,,,,,,,,,,,,,,,,,,,,,,,,,,
2025-09-30 21:27:44,,,,867488067684034,1568,HBD,,,,,,,,,,,,,,,,,,,,,,,,,,,,,,,,,,,,,,,,,,,,,,,,,,
2025-09-30 21:27:44,2025-09-30 21:27:44,2025-09-30 21:25:23,2025-09-30 21:25:23,867488067684034,1569,GTERI,0x19fe3fbf,0x00028102,802003,0x8303,0x0115,100,25551,0000,-,00,00,11,4,4,-,01,01,0.0,0.0,354,354,1021,1021,-25.047389,-25.047389,-51.5409,-51.5409,0724,0004,85da,0f6ad116,6.9,54.2,54.2,0:22:15,5:21:13,-,-,0,-,,,,,04,1,00000000,00,10,
2025-09-30 21:29:48,,,,867488067684034,1570,HBD,,,,,,,,,,,,,,,,,,,,,,,,,,,,,,,,,,,,,,,,,,,,,,,,,,
2025-09-30 21:31:49,,,,867488067684034,1571,HBD,,,,,,,,,,,,,,,,,,,,,,,,,,,,,,,,,,,,,,,,,,,,,,,,,,
2025-09-30 21:33:49,,,,867488067684034,1572,HBD,,,,,,,,,,,,,,,,,,,,,,,,,,,,,,,,,,,,,,,,,,,,,,,,,,
2025-09-30 21:35:49,,,,867488067684034,1573,HBD,,,,,,,,,,,,,,,,,,,,,,,,,,,,,,,,,,,,,,,,,,,,,,,,,,
2025-09-30 21:37:50,,,,867488067684034,1574,HBD,,,,,,,,,,,,,,,,,,,,,,,,,,,,,,,,,,,,,,,,,,,,,,,,,,
2025-09-30 21:39:50,,,,867488067684034,1575,HBD,,,,,,,,,,,,,,,,,,,,,,,,,,,,,,,,,,,,,,,,,,,,,,,,,,
2025-09-30 21:41:51,,,,867488067684034,1576,HBD,,,,,,,,,,,,,,,,,,,,,,,,,,,,,,,,,,,,,,,,,,,,,,,,,,
2025-09-30 21:43:51,,,,867488067684034,1577,HBD,,,,,,,,,,,,,,,,,,,,,,,,,,,,,,,,,,,,,,,,,,,,,,,,,,
2025-09-30 21:45:52,,,,867488067684034,1578,HBD,,,,,,,,,,,,,,,,,,,,,,,,,,,,,,,,,,,,,,,,,,,,,,,,,,
2025-09-30 21:47:52,,,,867488067684034,1579,HBD,,,,,,,,,,,,,,,,,,,,,,,,,,,,,,,,,,,,,,,,,,,,,,,,,,
2025-09-30 21:49:53,,,,867488067684034,1580,HBD,,,,,,,,,,,,,,,,,,,,,,,,,,,,,,,,,,,,,,,,,,,,,,,,,,
2025-09-30 21:51:53,,,,867488067684034,1581,HBD,,,,,,,,,,,,,,,,,,,,,,,,,,,,,,,,,,,,,,,,,,,,,,,,,,
2025-09-30 21:53:54,,,,867488067684034,1582,HBD,,,,,,,,,,,,,,,,,,,,,,,,,,,,,,,,,,,,,,,,,,,,,,,,,,
2025-09-30 21:55:54,,,,867488067684034,1583,HBD,,,,,,,,,,,,,,,,,,,,,,,,,,,,,,,,,,,,,,,,,,,,,,,,,,
2025-09-30 21:57:55,,,,867488067684034,1584,HBD,,,,,,,,,,,,,,,,,,,,,,,,,,,,,,,,,,,,,,,,,,,,,,,,,,
2025-09-30 21:59:55,,,,867488067684034,1585,HBD,,,,,,,,,,,,,,,,,,,,,,,,,,,,,,,,,,,,,,,,,,,,,,,,,,
2025-09-30 22:01:55,,,,867488067684034,1586,HBD,,,,,,,,,,,,,,,,,,,,,,,,,,,,,,,,,,,,,,,,,,,,,,,,,,
2025-09-30 22:03:56,,,,867488067684034,1587,HBD,,,,,,,,,,,,,,,,,,,,,,,,,,,,,,,,,,,,,,,,,,,,,,,,,,
2025-09-30 22:05:56,,,,867488067684034,1588,HBD,,,,,,,,,,,,,,,,,,,,,,,,,,,,,,,,,,,,,,,,,,,,,,,,,,
2025-09-30 22:07:57,,,,867488067684034,1589,HBD,,,,,,,,,,,,,,,,,,,,,,,,,,,,,,,,,,,,,,,,,,,,,,,,,,
2025-09-30 22:09:57,,,,867488067684034,1590,HBD,,,,,,,,,,,,,,,,,,,,,,,,,,,,,,,,,,,,,,,,,,,,,,,,,,
2025-09-30 22:11:58,,,,867488067684034,1591,HBD,,,,,,,,,,,,,,,,,,,,,,,,,,,,,,,,,,,,,,,,,,,,,,,,,,
2025-09-30 22:13:58,,,,867488067684034,1592,HBD,,,,,,,,,,,,,,,,,,,,,,,,,,,,,,,,,,,,,,,,,,,,,,,,,,
2025-09-30 22:15:58,,,,867488067684034,1593,HBD,,,,,,,,,,,,,,,,,,,,,,,,,,,,,,,,,,,,,,,,,,,,,,,,,,
2025-09-30 22:17:59,,,,867488067684034,1594,HBD,,,,,,,,,,,,,,,,,,,,,,,,,,,,,,,,,,,,,,,,,,,,,,,,,,
2025-09-30 22:19:59,,,,867488067684034,1595,HBD,,,,,,,,,,,,,,,,,,,,,,,,,,,,,,,,,,,,,,,,,,,,,,,,,,
2025-09-30 22:22:00,,,,867488067684034,1596,HBD,,,,,,,,,,,,,,,,,,,,,,,,,,,,,,,,,,,,,,,,,,,,,,,,,,
2025-09-30 22:24:00,,,,867488067684034,1597,HBD,,,,,,,,,,,,,,,,,,,,,,,,,,,,,,,,,,,,,,,,,,,,,,,,,,
2025-09-30 22:26:01,,,,867488067684034,1598,HBD,,,,,,,,,,,,,,,,,,,,,,,,,,,,,,,,,,,,,,,,,,,,,,,,,,
2025-09-30 22:27:44,,,,867488067684034,1599,HBD,,,,,,,,,,,,,,,,,,,,,,,,,,,,,,,,,,,,,,,,,,,,,,,,,,
2025-09-30 22:27:44,2025-09-30 22:27:44,2025-09-30 22:25:20,2025-09-30 22:25:20,867488067684034,1600,GTERI,0x19fe3fbf,0x00028102,802003,0x8303,0x0115,100,25470,0000,-,00,00,11,4,4,-,01,01,0.0,0.0,354,354,1021,1021,-25.047389,-25.047389,-51.5409,-51.5409,0724,0004,85da,0f6ad116,6.9,54.2,54.2,0:22:15,5:21:13,-,-,0,-,,,,,04,1,00000000,00,10,
2025-09-30 22:30:01,,,,867488067684034,1601,HBD,,,,,,,,,,,,,,,,,,,,,,,,,,,,,,,,,,,,,,,,,,,,,,,,,,
2025-09-30 22:32:02,,,,867488067684034,1602,HBD,,,,,,,,,,,,,,,,,,,,,,,,,,,,,,,,,,,,,,,,,,,,,,,,,,
2025-09-30 22:34:02,,,,867488067684034,1603,HBD,,,,,,,,,,,,,,,,,,,,,,,,,,,,,,,,,,,,,,,,,,,,,,,,,,
2025-09-30 22:36:03,,,,867488067684034,1604,HBD,,,,,,,,,,,,,,,,,,,,,,,,,,,,,,,,,,,,,,,,,,,,,,,,,,
2025-09-30 22:38:03,,,,867488067684034,1605,HBD,,,,,,,,,,,,,,,,,,,,,,,,,,,,,,,,,,,,,,,,,,,,,,,,,,
2025-09-30 22:40:04,,,,867488067684034,1606,HBD,,,,,,,,,,,,,,,,,,,,,,,,,,,,,,,,,,,,,,,,,,,,,,,,,,
2025-09-30 22:42:04,,,,867488067684034,1607,HBD,,,,,,,,,,,,,,,,,,,,,,,,,,,,,,,,,,,,,,,,,,,,,,,,,,
2025-09-30 22:44:05,,,,867488067684034,1608,HBD,,,,,,,,,,,,,,,,,,,,,,,,,,,,,,,,,,,,,,,,,,,,,,,,,,
2025-09-30 22:46:05,,,,867488067684034,1609,HBD,,,,,,,,,,,,,,,,,,,,,,,,,,,,,,,,,,,,,,,,,,,,,,,,,,
2025-09-30 22:48:05,,,,867488067684034,1610,HBD,,,,,,,,,,,,,,,,,,,,,,,,,,,,,,,,,,,,,,,,,,,,,,,,,,
2025-09-30 22:50:06,,,,867488067684034,1611,HBD,,,,,,,,,,,,,,,,,,,,,,,,,,,,,,,,,,,,,,,,,,,,,,,,,,
2025-09-30 22:52:06,,,,867488067684034,1612,HBD,,,,,,,,,,,,,,,,,,,,,,,,,,,,,,,,,,,,,,,,,,,,,,,,,,
2025-09-30 22:54:07,,,,867488067684034,1613,HBD,,,,,,,,,,,,,,,,,,,,,,,,,,,,,,,,,,,,,,,,,,,,,,,,,,
2025-09-30 22:56:07,,,,867488067684034,1614,HBD,,,,,,,,,,,,,,,,,,,,,,,,,,,,,,,,,,,,,,,,,,,,,,,,,,
2025-09-30 22:58:08,,,,867488067684034,1615,HBD,,,,,,,,,,,,,,,,,,,,,,,,,,,,,,,,,,,,,,,,,,,,,,,,,,
2025-09-30 23:00:08,,,,867488067684034,1616,HBD,,,,,,,,,,,,,,,,,,,,,,,,,,,,,,,,,,,,,,,,,,,,,,,,,,
2025-09-30 23:02:09,,,,867488067684034,1617,HBD,,,,,,,,,,,,,,,,,,,,,,,,,,,,,,,,,,,,,,,,,,,,,,,,,,
2025-09-30 23:04:09,,,,867488067684034,1618,HBD,,,,,,,,,,,,,,,,,,,,,,,,,,,,,,,,,,,,,,,,,,,,,,,,,,
2025-09-30 23:06:10,,,,867488067684034,1619,HBD,,,,,,,,,,,,,,,,,,,,,,,,,,,,,,,,,,,,,,,,,,,,,,,,,,
2025-09-30 23:08:10,,,,867488067684034,1620,HBD,,,,,,,,,,,,,,,,,,,,,,,,,,,,,,,,,,,,,,,,,,,,,,,,,,
2025-09-30 23:10:10,,,,867488067684034,1621,HBD,,,,,,,,,,,,,,,,,,,,,,,,,,,,,,,,,,,,,,,,,,,,,,,,,,
2025-09-30 23:12:11,,,,867488067684034,1622,HBD,,,,,,,,,,,,,,,,,,,,,,,,,,,,,,,,,,,,,,,,,,,,,,,,,,
2025-09-30 23:14:11,,,,867488067684034,1623,HBD,,,,,,,,,,,,,,,,,,,,,,,,,,,,,,,,,,,,,,,,,,,,,,,,,,
2025-09-30 23:16:12,,,,867488067684034,1624,HBD,,,,,,,,,,,,,,,,,,,,,,,,,,,,,,,,,,,,,,,,,,,,,,,,,,
2025-09-30 23:18:12,,,,867488067684034,1625,HBD,,,,,,,,,,,,,,,,,,,,,,,,,,,,,,,,,,,,,,,,,,,,,,,,,,
2025-09-30 23:20:13,,,,867488067684034,1626,HBD,,,,,,,,,,,,,,,,,,,,,,,,,,,,,,,,,,,,,,,,,,,,,,,,,,
2025-09-30 23:22:13,,,,867488067684034,1627,HBD,,,,,,,,,,,,,,,,,,,,,,,,,,,,,,,,,,,,,,,,,,,,,,,,,,
2025-09-30 23:24:14,,,,867488067684034,1628,HBD,,,,,,,,,,,,,,,,,,,,,,,,,,,,,,,,,,,,,,,,,,,,,,,,,,
2025-09-30 23:26:14,,,,867488067684034,1629,HBD,,,,,,,,,,,,,,,,,,,,,,,,,,,,,,,,,,,,,,,,,,,,,,,,,,
2025-09-30 23:27:44,,,,867488067684034,1630,HBD,,,,,,,,,,,,,,,,,,,,,,,,,,,,,,,,,,,,,,,,,,,,,,,,,,
2025-09-30 23:27:44,2025-09-30 23:27:44,2025-09-30 23:25:35,2025-09-30 23:25:35,867488067684034,1631,GTERI,0x19fe3fbf,0x00028102,802003,0x8303,0x0115,100,25501,0000,-,00,00,11,6,6,-,01,01,0.0,0.0,354,354,1021,1021,-25.047389,-25.047389,-51.5409,-51.5409,0724,0004,85da,0f6ad116,6.9,54.2,54.2,0:22:15,5:21:13,-,-,0,-,,,,,04,1,00000000,00,10,
2025-09-30 23:30:15,,,,867488067684034,1632,HBD,,,,,,,,,,,,,,,,,,,,,,,,,,,,,,,,,,,,,,,,,,,,,,,,,,
2025-09-30 23:32:15,,,,867488067684034,1633,HBD,,,,,,,,,,,,,,,,,,,,,,,,,,,,,,,,,,,,,,,,,,,,,,,,,,
2025-09-30 23:34:16,,,,867488067684034,1634,HBD,,,,,,,,,,,,,,,,,,,,,,,,,,,,,,,,,,,,,,,,,,,,,,,,,,
2025-09-30 23:36:16,,,,867488067684034,1635,HBD,,,,,,,,,,,,,,,,,,,,,,,,,,,,,,,,,,,,,,,,,,,,,,,,,,
2025-09-30 23:38:16,,,,867488067684034,1636,HBD,,,,,,,,,,,,,,,,,,,,,,,,,,,,,,,,,,,,,,,,,,,,,,,,,,
2025-09-30 23:40:17,,,,867488067684034,1637,HBD,,,,,,,,,,,,,,,,,,,,,,,,,,,,,,,,,,,,,,,,,,,,,,,,,,
2025-09-30 23:42:17,,,,867488067684034,1638,HBD,,,,,,,,,,,,,,,,,,,,,,,,,,,,,,,,,,,,,,,,,,,,,,,,,,
2025-09-30 23:44:18,,,,867488067684034,1639,HBD,,,,,,,,,,,,,,,,,,,,,,,,,,,,,,,,,,,,,,,,,,,,,,,,,,
2025-09-30 23:46:18,,,,867488067684034,1640,HBD,,,,,,,,,,,,,,,,,,,,,,,,,,,,,,,,,,,,,,,,,,,,,,,,,,
2025-09-30 23:48:19,,,,867488067684034,1641,HBD,,,,,,,,,,,,,,,,,,,,,,,,,,,,,,,,,,,,,,,,,,,,,,,,,,
2025-09-30 23:50:19,,,,867488067684034,1642,HBD,,,,,,,,,,,,,,,,,,,,,,,,,,,,,,,,,,,,,,,,,,,,,,,,,,
2025-09-30 23:52:19,,,,867488067684034,1643,HBD,,,,,,,,,,,,,,,,,,,,,,,,,,,,,,,,,,,,,,,,,,,,,,,,,,
2025-09-30 23:54:20,,,,867488067684034,1644,HBD,,,,,,,,,,,,,,,,,,,,,,,,,,,,,,,,,,,,,,,,,,,,,,,,,,
2025-09-30 23:56:20,,,,867488067684034,1645,HBD,,,,,,,,,,,,,,,,,,,,,,,,,,,,,,,,,,,,,,,,,,,,,,,,,,
2025-09-30 23:58:21,,,,867488067684034,1646,HBD,,,,,,,,,,,,,,,,,,,,,,,,,,,,,,,,,,,,,,,,,,,,,,,,,,
2025-10-01 00:00:21,,,,867488067684034,1647,HBD,,,,,,,,,,,,,,,,,,,,,,,,,,,,,,,,,,,,,,,,,,,,,,,,,,
2025-10-01 00:02:22,,,,867488067684034,1648,HBD,,,,,,,,,,,,,,,,,,,,,,,,,,,,,,,,,,,,,,,,,,,,,,,,,,
2025-10-01 00:04:22,,,,867488067684034,1649,HBD,,,,,,,,,,,,,,,,,,,,,,,,,,,,,,,,,,,,,,,,,,,,,,,,,,
2025-10-01 00:06:23,,,,867488067684034,1650,HBD,,,,,,,,,,,,,,,,,,,,,,,,,,,,,,,,,,,,,,,,,,,,,,,,,,
2025-10-01 00:08:23,,,,867488067684034,1651,HBD,,,,,,,,,,,,,,,,,,,,,,,,,,,,,,,,,,,,,,,,,,,,,,,,,,
2025-10-01 00:10:23,,,,867488067684034,1652,HBD,,,,,,,,,,,,,,,,,,,,,,,,,,,,,,,,,,,,,,,,,,,,,,,,,,
2025-10-01 00:12:24,,,,867488067684034,1653,HBD,,,,,,,,,,,,,,,,,,,,,,,,,,,,,,,,,,,,,,,,,,,,,,,,,,
2025-10-01 00:14:24,,,,867488067684034,1654,HBD,,,,,,,,,,,,,,,,,,,,,,,,,,,,,,,,,,,,,,,,,,,,,,,,,,
2025-10-01 00:16:25,,,,867488067684034,1655,HBD,,,,,,,,,,,,,,,,,,,,,,,,,,,,,,,,,,,,,,,,,,,,,,,,,,
2025-10-01 00:18:25,,,,867488067684034,1656,HBD,,,,,,,,,,,,,,,,,,,,,,,,,,,,,,,,,,,,,,,,,,,,,,,,,,
2025-10-01 00:20:26,,,,867488067684034,1657,HBD,,,,,,,,,,,,,,,,,,,,,,,,,,,,,,,,,,,,,,,,,,,,,,,,,,
2025-10-01 00:22:26,,,,867488067684034,1658,HBD,,,,,,,,,,,,,,,,,,,,,,,,,,,,,,,,,,,,,,,,,,,,,,,,,,
2025-10-01 00:24:26,,,,867488067684034,1659,HBD,,,,,,,,,,,,,,,,,,,,,,,,,,,,,,,,,,,,,,,,,,,,,,,,,,
2025-10-01 00:26:27,,,,867488067684034,1660,HBD,,,,,,,,,,,,,,,,,,,,,,,,,,,,,,,,,,,,,,,,,,,,,,,,,,
2025-10-01 00:27:44,,,,867488067684034,1661,HBD,,,,,,,,,,,,,,,,,,,,,,,,,,,,,,,,,,,,,,,,,,,,,,,,,,
2025-10-01 00:27:44,2025-10-01 00:27:44,2025-10-01 00:25:21,2025-10-01 00:25:21,867488067684034,1662,GTERI,0x19fe3fbf,0x00028102,802003,0x8303,0x0115,100,25484,0000,-,00,00,11,4,4,-,01,01,0.0,0.0,354,354,1021,1021,-25.047389,-25.047389,-51.5409,-51.5409,0724,0004,85da,0f6ad116,6.9,54.2,54.2,0:22:15,5:21:13,-,-,0,-,,,,,04,1,00000000,00,10,
2025-10-01 00:30:28,,,,867488067684034,1663,HBD,,,,,,,,,,,,,,,,,,,,,,,,,,,,,,,,,,,,,,,,,,,,,,,,,,
2025-10-01 00:32:28,,,,867488067684034,1664,HBD,,,,,,,,,,,,,,,,,,,,,,,,,,,,,,,,,,,,,,,,,,,,,,,,,,
2025-10-01 00:34:29,,,,867488067684034,1665,HBD,,,,,,,,,,,,,,,,,,,,,,,,,,,,,,,,,,,,,,,,,,,,,,,,,,
2025-10-01 00:36:29,,,,867488067684034,1666,HBD,,,,,,,,,,,,,,,,,,,,,,,,,,,,,,,,,,,,,,,,,,,,,,,,,,
2025-10-01 00:38:29,,,,867488067684034,1667,HBD,,,,,,,,,,,,,,,,,,,,,,,,,,,,,,,,,,,,,,,,,,,,,,,,,,
2025-10-01 00:40:30,,,,867488067684034,1668,HBD,,,,,,,,,,,,,,,,,,,,,,,,,,,,,,,,,,,,,,,,,,,,,,,,,,
2025-10-01 00:42:30,,,,867488067684034,1669,HBD,,,,,,,,,,,,,,,,,,,,,,,,,,,,,,,,,,,,,,,,,,,,,,,,,,
2025-10-01 00:44:31,,,,867488067684034,1670,HBD,,,,,,,,,,,,,,,,,,,,,,,,,,,,,,,,,,,,,,,,,,,,,,,,,,
2025-10-01 00:46:31,,,,867488067684034,1671,HBD,,,,,,,,,,,,,,,,,,,,,,,,,,,,,,,,,,,,,,,,,,,,,,,,,,
2025-10-01 00:48:32,,,,867488067684034,1672,HBD,,,,,,,,,,,,,,,,,,,,,,,,,,,,,,,,,,,,,,,,,,,,,,,,,,
2025-10-01 00:50:32,,,,867488067684034,1673,HBD,,,,,,,,,,,,,,,,,,,,,,,,,,,,,,,,,,,,,,,,,,,,,,,,,,
2025-10-01 00:52:33,,,,867488067684034,1674,HBD,,,,,,,,,,,,,,,,,,,,,,,,,,,,,,,,,,,,,,,,,,,,,,,,,,
2025-10-01 00:54:33,,,,867488067684034,1675,HBD,,,,,,,,,,,,,,,,,,,,,,,,,,,,,,,,,,,,,,,,,,,,,,,,,,
2025-10-01 00:56:33,,,,867488067684034,1676,HBD,,,,,,,,,,,,,,,,,,,,,,,,,,,,,,,,,,,,,,,,,,,,,,,,,,
2025-10-01 00:58:34,,,,867488067684034,1677,HBD,,,,,,,,,,,,,,,,,,,,,,,,,,,,,,,,,,,,,,,,,,,,,,,,,,
2025-10-01 01:00:34,,,,867488067684034,1678,HBD,,,,,,,,,,,,,,,,,,,,,,,,,,,,,,,,,,,,,,,,,,,,,,,,,,
2025-10-01 01:02:35,,,,867488067684034,1679,HBD,,,,,,,,,,,,,,,,,,,,,,,,,,,,,,,,,,,,,,,,,,,,,,,,,,
2025-10-01 01:04:35,,,,867488067684034,1680,HBD,,,,,,,,,,,,,,,,,,,,,,,,,,,,,,,,,,,,,,,,,,,,,,,,,,
2025-10-01 01:06:36,,,,867488067684034,1681,HBD,,,,,,,,,,,,,,,,,,,,,,,,,,,,,,,,,,,,,,,,,,,,,,,,,,
2025-10-01 01:08:36,,,,867488067684034,1682,HBD,,,,,,,,,,,,,,,,,,,,,,,,,,,,,,,,,,,,,,,,,,,,,,,,,,
2025-10-01 01:10:37,,,,867488067684034,1683,HBD,,,,,,,,,,,,,,,,,,,,,,,,,,,,,,,,,,,,,,,,,,,,,,,,,,
2025-10-01 01:12:37,,,,867488067684034,1684,HBD,,,,,,,,,,,,,,,,,,,,,,,,,,,,,,,,,,,,,,,,,,,,,,,,,,
2025-10-01 01:14:37,,,,867488067684034,1685,HBD,,,,,,,,,,,,,,,,,,,,,,,,,,,,,,,,,,,,,,,,,,,,,,,,,,
2025-10-01 01:16:38,,,,867488067684034,1686,HBD,,,,,,,,,,,,,,,,,,,,,,,,,,,,,,,,,,,,,,,,,,,,,,,,,,
2025-10-01 01:18:38,,,,867488067684034,1687,HBD,,,,,,,,,,,,,,,,,,,,,,,,,,,,,,,,,,,,,,,,,,,,,,,,,,
2025-10-01 01:20:39,,,,867488067684034,1688,HBD,,,,,,,,,,,,,,,,,,,,,,,,,,,,,,,,,,,,,,,,,,,,,,,,,,
2025-10-01 01:22:39,,,,867488067684034,1689,HBD,,,,,,,,,,,,,,,,,,,,,,,,,,,,,,,,,,,,,,,,,,,,,,,,,,
2025-10-01 01:24:40,,,,867488067684034,1690,HBD,,,,,,,,,,,,,,,,,,,,,,,,,,,,,,,,,,,,,,,,,,,,,,,,,,
2025-10-01 01:26:40,,,,867488067684034,1691,HBD,,,,,,,,,,,,,,,,,,,,,,,,,,,,,,,,,,,,,,,,,,,,,,,,,,
2025-10-01 01:27:44,,,,867488067684034,1692,HBD,,,,,,,,,,,,,,,,,,,,,,,,,,,,,,,,,,,,,,,,,,,,,,,,,,
2025-10-01 01:27:44,2025-10-01 01:27:44,2025-10-01 01:25:36,2025-10-01 01:25:36,867488067684034,1693,GTERI,0x19fe3fbf,0x00028102,802003,0x8303,0x0115,100,25459,0000,-,00,00,11,6,6,-,01,01,0.0,0.0,354,354,1021,1021,-25.047389,-25.047389,-51.5409,-51.5409,0724,0004,85da,0f6ad116,6.9,54.2,54.2,0:22:15,5:21:13,-,-,0,-,,,,,04,1,00000000,00,10,
2025-10-01 01:30:41,,,,867488067684034,1694,HBD,,,,,,,,,,,,,,,,,,,,,,,,,,,,,,,,,,,,,,,,,,,,,,,,,,
2025-10-01 01:32:41,,,,867488067684034,1695,HBD,,,,,,,,,,,,,,,,,,,,,,,,,,,,,,,,,,,,,,,,,,,,,,,,,,
2025-10-01 01:34:42,,,,867488067684034,1696,HBD,,,,,,,,,,,,,,,,,,,,,,,,,,,,,,,,,,,,,,,,,,,,,,,,,,
2025-10-01 01:35:42,,,,867488067684034,1697,HBD,,,,,,,,,,,,,,,,,,,,,,,,,,,,,,,,,,,,,,,,,,,,,,,,,,
2025-10-01 01:37:42,,,,867488067684034,1698,HBD,,,,,,,,,,,,,,,,,,,,,,,,,,,,,,,,,,,,,,,,,,,,,,,,,,
2025-10-01 01:39:43,,,,867488067684034,1699,HBD,,,,,,,,,,,,,,,,,,,,,,,,,,,,,,,,,,,,,,,,,,,,,,,,,,
2025-10-01 01:41:43,,,,867488067684034,1700,HBD,,,,,,,,,,,,,,,,,,,,,,,,,,,,,,,,,,,,,,,,,,,,,,,,,,
2025-10-01 01:43:44,,,,867488067684034,1701,HBD,,,,,,,,,,,,,,,,,,,,,,,,,,,,,,,,,,,,,,,,,,,,,,,,,,
2025-10-01 01:45:44,,,,867488067684034,1702,HBD,,,,,,,,,,,,,,,,,,,,,,,,,,,,,,,,,,,,,,,,,,,,,,,,,,
2025-10-01 01:47:45,,,,867488067684034,1703,HBD,,,,,,,,,,,,,,,,,,,,,,,,,,,,,,,,,,,,,,,,,,,,,,,,,,
2025-10-01 01:49:45,,,,867488067684034,1704,HBD,,,,,,,,,,,,,,,,,,,,,,,,,,,,,,,,,,,,,,,,,,,,,,,,,,
2025-10-01 01:51:45,,,,867488067684034,1705,HBD,,,,,,,,,,,,,,,,,,,,,,,,,,,,,,,,,,,,,,,,,,,,,,,,,,
2025-10-01 01:53:46,,,,867488067684034,1706,HBD,,,,,,,,,,,,,,,,,,,,,,,,,,,,,,,,,,,,,,,,,,,,,,,,,,
2025-10-01 01:55:46,,,,867488067684034,1707,HBD,,,,,,,,,,,,,,,,,,,,,,,,,,,,,,,,,,,,,,,,,,,,,,,,,,
2025-10-01 01:57:47,,,,867488067684034,1708,HBD,,,,,,,,,,,,,,,,,,,,,,,,,,,,,,,,,,,,,,,,,,,,,,,,,,
2025-10-01 01:59:47,,,,867488067684034,1709,HBD,,,,,,,,,,,,,,,,,,,,,,,,,,,,,,,,,,,,,,,,,,,,,,,,,,
2025-10-01 02:01:48,,,,867488067684034,1710,HBD,,,,,,,,,,,,,,,,,,,,,,,,,,,,,,,,,,,,,,,,,,,,,,,,,,
2025-10-01 02:03:48,,,,867488067684034,1711,HBD,,,,,,,,,,,,,,,,,,,,,,,,,,,,,,,,,,,,,,,,,,,,,,,,,,
2025-10-01 02:05:49,,,,867488067684034,1712,HBD,,,,,,,,,,,,,,,,,,,,,,,,,,,,,,,,,,,,,,,,,,,,,,,,,,
2025-10-01 02:07:49,,,,867488067684034,1713,HBD,,,,,,,,,,,,,,,,,,,,,,,,,,,,,,,,,,,,,,,,,,,,,,,,,,
2025-10-01 02:09:49,,,,867488067684034,1714,HBD,,,,,,,,,,,,,,,,,,,,,,,,,,,,,,,,,,,,,,,,,,,,,,,,,,
2025-10-01 02:11:50,,,,867488067684034,1715,HBD,,,,,,,,,,,,,,,,,,,,,,,,,,,,,,,,,,,,,,,,,,,,,,,,,,
2025-10-01 02:13:50,,,,867488067684034,1716,HBD,,,,,,,,,,,,,,,,,,,,,,,,,,,,,,,,,,,,,,,,,,,,,,,,,,
2025-10-01 02:15:51,,,,867488067684034,1717,HBD,,,,,,,,,,,,,,,,,,,,,,,,,,,,,,,,,,,,,,,,,,,,,,,,,,
2025-10-01 02:17:51,,,,867488067684034,1718,HBD,,,,,,,,,,,,,,,,,,,,,,,,,,,,,,,,,,,,,,,,,,,,,,,,,,
2025-10-01 02:19:52,,,,867488067684034,1719,HBD,,,,,,,,,,,,,,,,,,,,,,,,,,,,,,,,,,,,,,,,,,,,,,,,,,
2025-10-01 02:21:52,,,,867488067684034,1720,HBD,,,,,,,,,,,,,,,,,,,,,,,,,,,,,,,,,,,,,,,,,,,,,,,,,,
2025-10-01 02:23:52,,,,867488067684034,1721,HBD,,,,,,,,,,,,,,,,,,,,,,,,,,,,,,,,,,,,,,,,,,,,,,,,,,
2025-10-01 02:25:53,,,,867488067684034,1722,HBD,,,,,,,,,,,,,,,,,,,,,,,,,,,,,,,,,,,,,,,,,,,,,,,,,,
2025-10-01 02:27:44,,,,867488067684034,1723,HBD,,,,,,,,,,,,,,,,,,,,,,,,,,,,,,,,,,,,,,,,,,,,,,,,,,
2025-10-01 02:27:44,2025-10-01 02:27:44,2025-10-01 02:25:19,2025-10-01 02:25:19,867488067684034,1724,GTERI,0x19fe3fbf,0x00028102,802003,0x8303,0x0115,100,25432,0000,-,00,00,11,5,5,-,01,01,0.0,0.0,354,354,1021,1021,-25.047389,-25.047389,-51.5409,-51.5409,0724,0004,85da,0f6ad116,6.9,54.2,54.2,0:22:15,5:21:13,-,-,0,-,,,,,04,1,00000000,00,10,
2025-10-01 02:29:54,,,,867488067684034,1725,HBD,,,,,,,,,,,,,,,,,,,,,,,,,,,,,,,,,,,,,,,,,,,,,,,,,,
2025-10-01 02:31:54,,,,867488067684034,1726,HBD,,,,,,,,,,,,,,,,,,,,,,,,,,,,,,,,,,,,,,,,,,,,,,,,,,
2025-10-01 02:33:54,,,,867488067684034,1727,HBD,,,,,,,,,,,,,,,,,,,,,,,,,,,,,,,,,,,,,,,,,,,,,,,,,,
2025-10-01 02:35:55,,,,867488067684034,1728,HBD,,,,,,,,,,,,,,,,,,,,,,,,,,,,,,,,,,,,,,,,,,,,,,,,,,
2025-10-01 02:37:55,,,,867488067684034,1729,HBD,,,,,,,,,,,,,,,,,,,,,,,,,,,,,,,,,,,,,,,,,,,,,,,,,,
2025-10-01 02:39:56,,,,867488067684034,1730,HBD,,,,,,,,,,,,,,,,,,,,,,,,,,,,,,,,,,,,,,,,,,,,,,,,,,
2025-10-01 02:41:56,,,,867488067684034,1731,HBD,,,,,,,,,,,,,,,,,,,,,,,,,,,,,,,,,,,,,,,,,,,,,,,,,,
2025-10-01 02:43:57,,,,867488067684034,1732,HBD,,,,,,,,,,,,,,,,,,,,,,,,,,,,,,,,,,,,,,,,,,,,,,,,,,
2025-10-01 02:45:57,,,,867488067684034,1733,HBD,,,,,,,,,,,,,,,,,,,,,,,,,,,,,,,,,,,,,,,,,,,,,,,,,,
2025-10-01 02:47:58,,,,867488067684034,1734,HBD,,,,,,,,,,,,,,,,,,,,,,,,,,,,,,,,,,,,,,,,,,,,,,,,,,
2025-10-01 02:49:58,,,,867488067684034,1735,HBD,,,,,,,,,,,,,,,,,,,,,,,,,,,,,,,,,,,,,,,,,,,,,,,,,,
2025-10-01 02:51:58,,,,867488067684034,1736,HBD,,,,,,,,,,,,,,,,,,,,,,,,,,,,,,,,,,,,,,,,,,,,,,,,,,
2025-10-01 02:53:59,,,,867488067684034,1737,HBD,,,,,,,,,,,,,,,,,,,,,,,,,,,,,,,,,,,,,,,,,,,,,,,,,,
2025-10-01 02:55:59,,,,867488067684034,1738,HBD,,,,,,,,,,,,,,,,,,,,,,,,,,,,,,,,,,,,,,,,,,,,,,,,,,
2025-10-01 02:58:00,,,,867488067684034,1739,HBD,,,,,,,,,,,,,,,,,,,,,,,,,,,,,,,,,,,,,,,,,,,,,,,,,,
2025-10-01 03:00:00,,,,867488067684034,1740,HBD,,,,,,,,,,,,,,,,,,,,,,,,,,,,,,,,,,,,,,,,,,,,,,,,,,
2025-10-01 03:02:01,,,,867488067684034,1741,HBD,,,,,,,,,,,,,,,,,,,,,,,,,,,,,,,,,,,,,,,,,,,,,,,,,,
2025-10-01 03:04:01,,,,867488067684034,1742,HBD,,,,,,,,,,,,,,,,,,,,,,,,,,,,,,,,,,,,,,,,,,,,,,,,,,
2025-10-01 03:06:02,,,,867488067684034,1743,HBD,,,,,,,,,,,,,,,,,,,,,,,,,,,,,,,,,,,,,,,,,,,,,,,,,,
2025-10-01 03:08:02,,,,867488067684034,1744,HBD,,,,,,,,,,,,,,,,,,,,,,,,,,,,,,,,,,,,,,,,,,,,,,,,,,
2025-10-01 03:10:03,,,,867488067684034,1745,HBD,,,,,,,,,,,,,,,,,,,,,,,,,,,,,,,,,,,,,,,,,,,,,,,,,,
2025-10-01 03:12:03,,,,867488067684034,1746,HBD,,,,,,,,,,,,,,,,,,,,,,,,,,,,,,,,,,,,,,,,,,,,,,,,,,
2025-10-01 03:14:03,,,,867488067684034,1747,HBD,,,,,,,,,,,,,,,,,,,,,,,,,,,,,,,,,,,,,,,,,,,,,,,,,,
2025-10-01 03:16:04,,,,867488067684034,1748,HBD,,,,,,,,,,,,,,,,,,,,,,,,,,,,,,,,,,,,,,,,,,,,,,,,,,
2025-10-01 03:18:04,,,,867488067684034,1749,HBD,,,,,,,,,,,,,,,,,,,,,,,,,,,,,,,,,,,,,,,,,,,,,,,,,,
2025-10-01 03:20:05,,,,867488067684034,1750,HBD,,,,,,,,,,,,,,,,,,,,,,,,,,,,,,,,,,,,,,,,,,,,,,,,,,
2025-10-01 03:22:05,,,,867488067684034,1751,HBD,,,,,,,,,,,,,,,,,,,,,,,,,,,,,,,,,,,,,,,,,,,,,,,,,,
2025-10-01 03:24:06,,,,867488067684034,1752,HBD,,,,,,,,,,,,,,,,,,,,,,,,,,,,,,,,,,,,,,,,,,,,,,,,,,
2025-10-01 03:26:06,,,,867488067684034,1753,HBD,,,,,,,,,,,,,,,,,,,,,,,,,,,,,,,,,,,,,,,,,,,,,,,,,,
2025-10-01 03:27:44,,,,867488067684034,1754,HBD,,,,,,,,,,,,,,,,,,,,,,,,,,,,,,,,,,,,,,,,,,,,,,,,,,
2025-10-01 03:27:44,2025-10-01 03:27:44,2025-10-01 03:25:36,2025-10-01 03:25:36,867488067684034,1755,GTERI,0x19fe3fbf,0x00028102,802003,0x8303,0x0115,100,25414,0000,-,00,00,11,4,4,-,01,01,0.0,0.0,354,354,1021,1021,-25.047389,-25.047389,-51.5409,-51.5409,0724,0004,85da,0f79f10e,6.9,54.2,54.2,0:22:15,5:21:13,-,-,0,-,,,,,04,28,00000000,00,10,
2025-10-01 03:30:07,,,,867488067684034,1756,HBD,,,,,,,,,,,,,,,,,,,,,,,,,,,,,,,,,,,,,,,,,,,,,,,,,,
2025-10-01 03:32:07,,,,867488067684034,1757,HBD,,,,,,,,,,,,,,,,,,,,,,,,,,,,,,,,,,,,,,,,,,,,,,,,,,
2025-10-01 03:34:08,,,,867488067684034,1758,HBD,,,,,,,,,,,,,,,,,,,,,,,,,,,,,,,,,,,,,,,,,,,,,,,,,,
2025-10-01 03:36:08,,,,867488067684034,1759,HBD,,,,,,,,,,,,,,,,,,,,,,,,,,,,,,,,,,,,,,,,,,,,,,,,,,
2025-10-01 03:38:09,,,,867488067684034,1760,HBD,,,,,,,,,,,,,,,,,,,,,,,,,,,,,,,,,,,,,,,,,,,,,,,,,,
2025-10-01 03:40:09,,,,867488067684034,1761,HBD,,,,,,,,,,,,,,,,,,,,,,,,,,,,,,,,,,,,,,,,,,,,,,,,,,
2025-10-01 03:42:09,,,,867488067684034,1762,HBD,,,,,,,,,,,,,,,,,,,,,,,,,,,,,,,,,,,,,,,,,,,,,,,,,,
2025-10-01 03:44:10,,,,867488067684034,1763,HBD,,,,,,,,,,,,,,,,,,,,,,,,,,,,,,,,,,,,,,,,,,,,,,,,,,
2025-10-01 03:46:10,,,,867488067684034,1764,HBD,,,,,,,,,,,,,,,,,,,,,,,,,,,,,,,,,,,,,,,,,,,,,,,,,,
2025-10-01 03:48:11,,,,867488067684034,1765,HBD,,,,,,,,,,,,,,,,,,,,,,,,,,,,,,,,,,,,,,,,,,,,,,,,,,
2025-10-01 03:50:11,,,,867488067684034,1766,HBD,,,,,,,,,,,,,,,,,,,,,,,,,,,,,,,,,,,,,,,,,,,,,,,,,,
2025-10-01 03:52:12,,,,867488067684034,1767,HBD,,,,,,,,,,,,,,,,,,,,,,,,,,,,,,,,,,,,,,,,,,,,,,,,,,
2025-10-01 03:54:12,,,,867488067684034,1768,HBD,,,,,,,,,,,,,,,,,,,,,,,,,,,,,,,,,,,,,,,,,,,,,,,,,,
2025-10-01 03:56:12,,,,867488067684034,1769,HBD,,,,,,,,,,,,,,,,,,,,,,,,,,,,,,,,,,,,,,,,,,,,,,,,,,
2025-10-01 03:58:13,,,,867488067684034,1770,HBD,,,,,,,,,,,,,,,,,,,,,,,,,,,,,,,,,,,,,,,,,,,,,,,,,,
2025-10-01 04:00:13,,,,867488067684034,1771,HBD,,,,,,,,,,,,,,,,,,,,,,,,,,,,,,,,,,,,,,,,,,,,,,,,,,
2025-10-01 04:02:14,,,,867488067684034,1772,HBD,,,,,,,,,,,,,,,,,,,,,,,,,,,,,,,,,,,,,,,,,,,,,,,,,,
2025-10-01 04:04:14,,,,867488067684034,1773,HBD,,,,,,,,,,,,,,,,,,,,,,,,,,,,,,,,,,,,,,,,,,,,,,,,,,
2025-10-01 04:06:15,,,,867488067684034,1774,HBD,,,,,,,,,,,,,,,,,,,,,,,,,,,,,,,,,,,,,,,,,,,,,,,,,,
2025-10-01 04:08:15,,,,867488067684034,1775,HBD,,,,,,,,,,,,,,,,,,,,,,,,,,,,,,,,,,,,,,,,,,,,,,,,,,
2025-10-01 04:10:15,,,,867488067684034,1776,HBD,,,,,,,,,,,,,,,,,,,,,,,,,,,,,,,,,,,,,,,,,,,,,,,,,,
2025-10-01 04:12:16,,,,867488067684034,1777,HBD,,,,,,,,,,,,,,,,,,,,,,,,,,,,,,,,,,,,,,,,,,,,,,,,,,
2025-10-01 04:14:16,,,,867488067684034,1778,HBD,,,,,,,,,,,,,,,,,,,,,,,,,,,,,,,,,,,,,,,,,,,,,,,,,,
2025-10-01 04:16:17,,,,867488067684034,1779,HBD,,,,,,,,,,,,,,,,,,,,,,,,,,,,,,,,,,,,,,,,,,,,,,,,,,
2025-10-01 04:18:17,,,,867488067684034,1780,HBD,,,,,,,,,,,,,,,,,,,,,,,,,,,,,,,,,,,,,,,,,,,,,,,,,,
2025-10-01 04:20:18,,,,867488067684034,1781,HBD,,,,,,,,,,,,,,,,,,,,,,,,,,,,,,,,,,,,,,,,,,,,,,,,,,
2025-10-01 04:22:18,,,,867488067684034,1782,HBD,,,,,,,,,,,,,,,,,,,,,,,,,,,,,,,,,,,,,,,,,,,,,,,,,,
2025-10-01 04:24:18,,,,867488067684034,1783,HBD,,,,,,,,,,,,,,,,,,,,,,,,,,,,,,,,,,,,,,,,,,,,,,,,,,
2025-10-01 04:26:19,,,,867488067684034,1784,HBD,,,,,,,,,,,,,,,,,,,,,,,,,,,,,,,,,,,,,,,,,,,,,,,,,,
2025-10-01 04:27:44,,,,867488067684034,1785,HBD,,,,,,,,,,,,,,,,,,,,,,,,,,,,,,,,,,,,,,,,,,,,,,,,,,
2025-10-01 04:27:44,2025-10-01 04:27:44,2025-10-01 04:25:36,2025-10-01 04:25:36,867488067684034,1786,GTERI,0x19fe3fbf,0x00028102,802003,0x8303,0x0115,100,25356,0000,-,00,00,11,8,8,-,01,01,0.0,0.0,354,354,1021,1021,-25.047389,-25.047389,-51.5409,-51.5409,0724,0004,85da,0f79f10e,6.9,54.2,54.2,0:22:15,5:21:13,-,-,0,-,,,,,04,28,00000000,00,10,
2025-10-01 04:30:20,,,,867488067684034,1787,HBD,,,,,,,,,,,,,,,,,,,,,,,,,,,,,,,,,,,,,,,,,,,,,,,,,,
2025-10-01 04:32:20,,,,867488067684034,1788,HBD,,,,,,,,,,,,,,,,,,,,,,,,,,,,,,,,,,,,,,,,,,,,,,,,,,
2025-10-01 04:34:20,,,,867488067684034,1789,HBD,,,,,,,,,,,,,,,,,,,,,,,,,,,,,,,,,,,,,,,,,,,,,,,,,,
2025-10-01 04:36:21,,,,867488067684034,1790,HBD,,,,,,,,,,,,,,,,,,,,,,,,,,,,,,,,,,,,,,,,,,,,,,,,,,
2025-10-01 04:38:21,,,,867488067684034,1791,HBD,,,,,,,,,,,,,,,,,,,,,,,,,,,,,,,,,,,,,,,,,,,,,,,,,,
2025-10-01 04:40:22,,,,867488067684034,1792,HBD,,,,,,,,,,,,,,,,,,,,,,,,,,,,,,,,,,,,,,,,,,,,,,,,,,
2025-10-01 04:42:22,,,,867488067684034,1793,HBD,,,,,,,,,,,,,,,,,,,,,,,,,,,,,,,,,,,,,,,,,,,,,,,,,,
2025-10-01 04:44:23,,,,867488067684034,1794,HBD,,,,,,,,,,,,,,,,,,,,,,,,,,,,,,,,,,,,,,,,,,,,,,,,,,
2025-10-01 04:46:23,,,,867488067684034,1795,HBD,,,,,,,,,,,,,,,,,,,,,,,,,,,,,,,,,,,,,,,,,,,,,,,,,,
2025-10-01 04:48:23,,,,867488067684034,1796,HBD,,,,,,,,,,,,,,,,,,,,,,,,,,,,,,,,,,,,,,,,,,,,,,,,,,
2025-10-01 04:50:24,,,,867488067684034,1797,HBD,,,,,,,,,,,,,,,,,,,,,,,,,,,,,,,,,,,,,,,,,,,,,,,,,,
2025-10-01 04:52:24,,,,867488067684034,1798,HBD,,,,,,,,,,,,,,,,,,,,,,,,,,,,,,,,,,,,,,,,,,,,,,,,,,
2025-10-01 04:54:25,,,,867488067684034,1799,HBD,,,,,,,,,,,,,,,,,,,,,,,,,,,,,,,,,,,,,,,,,,,,,,,,,,
2025-10-01 04:56:25,,,,867488067684034,1800,HBD,,,,,,,,,,,,,,,,,,,,,,,,,,,,,,,,,,,,,,,,,,,,,,,,,,
2025-10-01 04:58:26,,,,867488067684034,1801,HBD,,,,,,,,,,,,,,,,,,,,,,,,,,,,,,,,,,,,,,,,,,,,,,,,,,
2025-10-01 05:00:26,,,,867488067684034,1802,HBD,,,,,,,,,,,,,,,,,,,,,,,,,,,,,,,,,,,,,,,,,,,,,,,,,,
2025-10-01 05:02:26,,,,867488067684034,1803,HBD,,,,,,,,,,,,,,,,,,,,,,,,,,,,,,,,,,,,,,,,,,,,,,,,,,
2025-10-01 05:04:27,,,,867488067684034,1804,HBD,,,,,,,,,,,,,,,,,,,,,,,,,,,,,,,,,,,,,,,,,,,,,,,,,,
2025-10-01 05:06:27,,,,867488067684034,1805,HBD,,,,,,,,,,,,,,,,,,,,,,,,,,,,,,,,,,,,,,,,,,,,,,,,,,
2025-10-01 05:08:28,,,,867488067684034,1806,HBD,,,,,,,,,,,,,,,,,,,,,,,,,,,,,,,,,,,,,,,,,,,,,,,,,,
2025-10-01 05:10:28,,,,867488067684034,1807,HBD,,,,,,,,,,,,,,,,,,,,,,,,,,,,,,,,,,,,,,,,,,,,,,,,,,
2025-10-01 05:12:29,,,,867488067684034,1808,HBD,,,,,,,,,,,,,,,,,,,,,,,,,,,,,,,,,,,,,,,,,,,,,,,,,,
2025-10-01 05:14:29,,,,867488067684034,1809,HBD,,,,,,,,,,,,,,,,,,,,,,,,,,,,,,,,,,,,,,,,,,,,,,,,,,
2025-10-01 05:16:29,,,,867488067684034,1810,HBD,,,,,,,,,,,,,,,,,,,,,,,,,,,,,,,,,,,,,,,,,,,,,,,,,,
2025-10-01 05:18:30,,,,867488067684034,1811,HBD,,,,,,,,,,,,,,,,,,,,,,,,,,,,,,,,,,,,,,,,,,,,,,,,,,
2025-10-01 05:20:30,,,,867488067684034,1812,HBD,,,,,,,,,,,,,,,,,,,,,,,,,,,,,,,,,,,,,,,,,,,,,,,,,,
2025-10-01 05:22:31,,,,867488067684034,1813,HBD,,,,,,,,,,,,,,,,,,,,,,,,,,,,,,,,,,,,,,,,,,,,,,,,,,
2025-10-01 05:24:31,,,,867488067684034,1814,HBD,,,,,,,,,,,,,,,,,,,,,,,,,,,,,,,,,,,,,,,,,,,,,,,,,,
2025-10-01 05:26:32,,,,867488067684034,1815,HBD,,,,,,,,,,,,,,,,,,,,,,,,,,,,,,,,,,,,,,,,,,,,,,,,,,
2025-10-01 05:27:44,,,,867488067684034,1816,HBD,,,,,,,,,,,,,,,,,,,,,,,,,,,,,,,,,,,,,,,,,,,,,,,,,,
2025-10-01 05:27:44,2025-10-01 05:27:44,2025-10-01 05:25:17,2025-10-01 05:25:17,867488067684034,1817,GTERI,0x19fe3fbf,0x00028102,802003,0x8303,0x0115,100,25330,0000,-,00,00,11,7,7,-,01,01,0.0,0.0,354,354,1021,1021,-25.047389,-25.047389,-51.5409,-51.5409,0724,0004,85da,0f79f10e,6.9,54.2,54.2,0:22:15,5:21:13,-,-,0,-,,,,,04,28,00000000,00,10,
2025-10-01 05:30:32,,,,867488067684034,1818,HBD,,,,,,,,,,,,,,,,,,,,,,,,,,,,,,,,,,,,,,,,,,,,,,,,,,
2025-10-01 05:32:33,,,,867488067684034,1819,HBD,,,,,,,,,,,,,,,,,,,,,,,,,,,,,,,,,,,,,,,,,,,,,,,,,,
2025-10-01 05:34:33,,,,867488067684034,1820,HBD,,,,,,,,,,,,,,,,,,,,,,,,,,,,,,,,,,,,,,,,,,,,,,,,,,
2025-10-01 05:36:34,,,,867488067684034,1821,HBD,,,,,,,,,,,,,,,,,,,,,,,,,,,,,,,,,,,,,,,,,,,,,,,,,,
2025-10-01 05:38:34,,,,867488067684034,1822,HBD,,,,,,,,,,,,,,,,,,,,,,,,,,,,,,,,,,,,,,,,,,,,,,,,,,
2025-10-01 05:40:34,,,,867488067684034,1823,HBD,,,,,,,,,,,,,,,,,,,,,,,,,,,,,,,,,,,,,,,,,,,,,,,,,,
2025-10-01 05:42:35,,,,867488067684034,1824,HBD,,,,,,,,,,,,,,,,,,,,,,,,,,,,,,,,,,,,,,,,,,,,,,,,,,
2025-10-01 05:44:35,,,,867488067684034,1825,HBD,,,,,,,,,,,,,,,,,,,,,,,,,,,,,,,,,,,,,,,,,,,,,,,,,,
2025-10-01 05:46:36,,,,867488067684034,1826,HBD,,,,,,,,,,,,,,,,,,,,,,,,,,,,,,,,,,,,,,,,,,,,,,,,,,
2025-10-01 05:48:36,,,,867488067684034,1827,HBD,,,,,,,,,,,,,,,,,,,,,,,,,,,,,,,,,,,,,,,,,,,,,,,,,,
2025-10-01 05:50:37,,,,867488067684034,1828,HBD,,,,,,,,,,,,,,,,,,,,,,,,,,,,,,,,,,,,,,,,,,,,,,,,,,
2025-10-01 05:52:37,,,,867488067684034,1829,HBD,,,,,,,,,,,,,,,,,,,,,,,,,,,,,,,,,,,,,,,,,,,,,,,,,,
2025-10-01 05:54:37,,,,867488067684034,1830,HBD,,,,,,,,,,,,,,,,,,,,,,,,,,,,,,,,,,,,,,,,,,,,,,,,,,
2025-10-01 05:56:38,,,,867488067684034,1831,HBD,,,,,,,,,,,,,,,,,,,,,,,,,,,,,,,,,,,,,,,,,,,,,,,,,,
2025-10-01 05:58:38,,,,867488067684034,1832,HBD,,,,,,,,,,,,,,,,,,,,,,,,,,,,,,,,,,,,,,,,,,,,,,,,,,
2025-10-01 06:00:39,,,,867488067684034,1833,HBD,,,,,,,,,,,,,,,,,,,,,,,,,,,,,,,,,,,,,,,,,,,,,,,,,,
2025-10-01 06:02:39,,,,867488067684034,1834,HBD,,,,,,,,,,,,,,,,,,,,,,,,,,,,,,,,,,,,,,,,,,,,,,,,,,
2025-10-01 06:04:40,,,,867488067684034,1835,HBD,,,,,,,,,,,,,,,,,,,,,,,,,,,,,,,,,,,,,,,,,,,,,,,,,,
2025-10-01 06:06:40,,,,867488067684034,1836,HBD,,,,,,,,,,,,,,,,,,,,,,,,,,,,,,,,,,,,,,,,,,,,,,,,,,
2025-10-01 06:08:40,,,,867488067684034,1837,HBD,,,,,,,,,,,,,,,,,,,,,,,,,,,,,,,,,,,,,,,,,,,,,,,,,,
2025-10-01 06:10:41,,,,867488067684034,1838,HBD,,,,,,,,,,,,,,,,,,,,,,,,,,,,,,,,,,,,,,,,,,,,,,,,,,
2025-10-01 06:12:41,,,,867488067684034,1839,HBD,,,,,,,,,,,,,,,,,,,,,,,,,,,,,,,,,,,,,,,,,,,,,,,,,,
2025-10-01 06:14:42,,,,867488067684034,1840,HBD,,,,,,,,,,,,,,,,,,,,,,,,,,,,,,,,,,,,,,,,,,,,,,,,,,
2025-10-01 06:15:42,,,,867488067684034,1841,HBD,,,,,,,,,,,,,,,,,,,,,,,,,,,,,,,,,,,,,,,,,,,,,,,,,,
2025-10-01 06:17:42,,,,867488067684034,1842,HBD,,,,,,,,,,,,,,,,,,,,,,,,,,,,,,,,,,,,,,,,,,,,,,,,,,
2025-10-01 06:19:43,,,,867488067684034,1843,HBD,,,,,,,,,,,,,,,,,,,,,,,,,,,,,,,,,,,,,,,,,,,,,,,,,,
2025-10-01 06:21:43,,,,867488067684034,1844,HBD,,,,,,,,,,,,,,,,,,,,,,,,,,,,,,,,,,,,,,,,,,,,,,,,,,
2025-10-01 06:23:44,,,,867488067684034,1845,HBD,,,,,,,,,,,,,,,,,,,,,,,,,,,,,,,,,,,,,,,,,,,,,,,,,,
2025-10-01 06:25:44,,,,867488067684034,1846,HBD,,,,,,,,,,,,,,,,,,,,,,,,,,,,,,,,,,,,,,,,,,,,,,,,,,
2025-10-01 06:27:44,,,,867488067684034,1847,HBD,,,,,,,,,,,,,,,,,,,,,,,,,,,,,,,,,,,,,,,,,,,,,,,,,,
2025-10-01 06:27:45,2025-10-01 06:27:44,2025-10-01 06:25:17,2025-10-01 06:25:17,867488067684034,1848,GTERI,0x19fe3fbf,0x00028102,802003,0x8303,0x0115,100,25309,0000,-,00,00,11,7,7,-,01,01,0.0,0.0,354,354,1021,1021,-25.047389,-25.047389,-51.5409,-51.5409,0724,0004,85da,0f6ad116,6.9,54.2,54.2,0:22:15,5:21:13,-,-,0,-,,,,,04,1,00000000,00,10,
2025-10-01 06:29:45,,,,867488067684034,1849,HBD,,,,,,,,,,,,,,,,,,,,,,,,,,,,,,,,,,,,,,,,,,,,,,,,,,
2025-10-01 06:31:45,,,,867488067684034,1850,HBD,,,,,,,,,,,,,,,,,,,,,,,,,,,,,,,,,,,,,,,,,,,,,,,,,,
2025-10-01 06:33:46,,,,867488067684034,1851,HBD,,,,,,,,,,,,,,,,,,,,,,,,,,,,,,,,,,,,,,,,,,,,,,,,,,
2025-10-01 06:35:46,,,,867488067684034,1852,HBD,,,,,,,,,,,,,,,,,,,,,,,,,,,,,,,,,,,,,,,,,,,,,,,,,,
2025-10-01 06:37:47,,,,867488067684034,1853,HBD,,,,,,,,,,,,,,,,,,,,,,,,,,,,,,,,,,,,,,,,,,,,,,,,,,
2025-10-01 06:39:47,,,,867488067684034,1854,HBD,,,,,,,,,,,,,,,,,,,,,,,,,,,,,,,,,,,,,,,,,,,,,,,,,,
2025-10-01 06:41:48,,,,867488067684034,1855,HBD,,,,,,,,,,,,,,,,,,,,,,,,,,,,,,,,,,,,,,,,,,,,,,,,,,
2025-10-01 06:43:03,2025-10-01 06:43:03,2025-10-01 06:25:17,2025-09-30 17:22:01,867488067684034,1857,GTIGN,0x19fe7fbf,,802003,0x8303,0x0115,100,25302,0000,0000,01,00,22,7,12,48015,00,01,0.0,42.0,354,349,1021,1019,-25.047389,-25.047254,-51.5409,-51.540505,0724,0004,85da,0f6ad116,0.0,54.2,54.0,0:00:00,5:21:13,-,-,0,-,,,,,,,,,,
2025-10-01 06:43:03,2025-10-01 06:43:03,2025-10-01 06:25:17,2025-10-01 06:25:17,867488067684034,1858,GTSTT,0x19fe7fbf,,802003,0x8303,0x0115,100,25302,0000,0000,01,00,22,7,7,-,00,00,0.0,0.0,354,354,1021,1021,-25.047389,-25.047389,-51.5409,-51.5409,0724,0004,85da,0f6ad116,0.0,54.2,54.2,0:00:00,5:21:13,-,-,0,-,,,,,,,,,,
2025-10-01 06:43:14,2025-10-01 06:43:14,2025-10-01 06:43:14,2025-10-01 06:43:14,867488067684034,1859,GTERI,0x19fe3fbf,0x00028102,802003,0x8303,0x0115,100,27737,0000,-,01,00,22,5,5,-,01,01,0.0,0.0,354,354,1023,1023,-25.047306,-25.047306,-51.540908,-51.540908,0724,0004,85da,0f6ad116,0.0,54.2,54.2,0:00:09,5:21:22,-,-,0,-,,,,,04,1,00000000,00,10,
2025-10-01 06:43:14,2025-10-01 06:43:14,2025-10-01 06:43:14,2025-10-01 06:43:14,867488067684034,1860,GTIGL,0x19fe7fbf,,802003,0x8303,0x0115,100,27737,0000,0000,01,00,22,5,5,-,01,01,0.0,0.0,354,354,1023,1023,-25.047306,-25.047306,-51.540908,-51.540908,0724,0004,85da,0f6ad116,0.0,54.2,54.2,0:00:09,5:21:22,-,-,0,-,,,,,,,,,00,
2025-10-01 06:43:48,,,,867488067684034,1861,HBD,,,,,,,,,,,,,,,,,,,,,,,,,,,,,,,,,,,,,,,,,,,,,,,,,,
2025-10-01 06:45:49,,,,867488067684034,1863,HBD,,,,,,,,,,,,,,,,,,,,,,,,,,,,,,,,,,,,,,,,,,,,,,,,,,
2025-10-01 06:46:10,2025-10-01 06:46:10,2025-10-01 06:46:09,2025-10-01 06:45:45,867488067684034,1864,GTERI,0x19fe3fbf,0x00028102,802003,0x8303,0x0115,100,27934,0000,-,01,00,22,12,12,-,01,01,17.1,64.6,338,332,1015,1016,-25.040519,-25.043085,-51.545521,-51.544083,0724,0004,85da,0f6ad117,1.0,55.2,54.9,0:03:06,5:24:19,-,-,0,-,,,,,04,1,00000000,00,10,
2025-10-01 06:47:09,,,,867488067684034,1866,ACK,,,,,,,,,,,,,,,,,,,,,,,,,,,,,,,,,,,,,,,,,,,,,,,,,,
2025-10-01 06:47:09,,,,867488067684034,1867,ACK,,,,,,,,,,,,,,,,,,,,,,,,,,,,,,,,,,,,,,,,,,,,,,,,,,
2025-10-01 06:47:10,,,,867488067684034,1868,ACK,,,,,,,,,,,,,,,,,,,,,,,,,,,,,,,,,,,,,,,,,,,,,,,,,,
2025-10-01 06:47:49,,,,867488067684034,1869,HBD,,,,,,,,,,,,,,,,,,,,,,,,,,,,,,,,,,,,,,,,,,,,,,,,,,
2025-10-01 06:49:10,2025-10-01 06:49:10,2025-10-01 06:49:09,2025-10-01 06:47:09,867488067684034,1871,GTERI,0x19fe3fbf,0x00028102,802003,0x8303,0x0115,100,27998,0000,-,01,00,22,12,12,-,01,01,43.9,61.6,72,349,1042,1035,-25.02764,-25.033823,-51.53924,-51.547024,0724,0004,85da,0f6ad117,3.0,57.3,56.0,0:06:06,5:27:19,-,-,0,-,,,,,04,1,00000000,00,10,
2025-10-01 06:49:50,,,,867488067684034,1872,HBD,,,,,,,,,,,,,,,,,,,,,,,,,,,,,,,,,,,,,,,,,,,,,,,,,,
2025-10-01 06:52:27,2025-10-01 06:50:39,2025-10-01 06:50:39,2025-10-01 06:49:40,867488067684034,1873,GTPDP,0x19fe7fbf,,802003,0x8303,0x0115,100,28003,0000,0000,01,00,22,12,12,-,01,01,19.2,43.7,18,47,1033,1043,-25.023137,-25.026736,-51.535735,-51.536149,0000,0000,0000,00000000,3.8,58.0,57.6,0:07:36,5:28:49,-,-,0,-,,,,,,,,,,
2025-10-01 06:52:28,2025-10-01 06:51:43,2025-10-01 06:51:43,2025-10-01 06:51:41,867488067684034,1875,GTPDP,0x19fe7fbf,,802003,0x8303,0x0115,100,28008,0000,0000,01,00,22,12,12,-,01,01,33.9,34.7,128,124,982,986,-25.020743,-25.020636,-51.532219,-51.532368,0000,0000,0000,00000000,4.3,58.5,58.5,0:08:39,5:29:52,-,-,0,-,,,,,,,,,,
2025-10-01 06:52:28,,,,867488067684034,1876,HBD,,,,,,,,,,,,,,,,,,,,,,,,,,,,,,,,,,,,,,,,,,,,,,,,,,
2025-10-01 06:52:29,2025-10-01 06:52:10,2025-10-01 06:52:09,2025-10-01 06:51:53,867488067684034,1877,GTERI,0x19fe3fbf,0x00028102,802003,0x8303,0x0115,100,28008,0000,-,01,00,22,12,12,-,01,01,32.3,41.1,143,124,970,977,-25.022145,-25.021389,-51.530008,-51.531438,0000,0000,0000,00000000,4.6,58.8,58.6,0:09:06,5:30:19,-,-,0,-,,,,,00,0,00000000,00,10,
2025-10-01 06:52:29,,,,867488067684034,1879,HBD,,,,,,,,,,,,,,,,,,,,,,,,,,,,,,,,,,,,,,,,,,,,,,,,,,
2025-10-01 06:52:43,2025-10-01 06:52:39,2025-10-01 06:52:39,2025-10-01 06:52:30,867488067684034,1880,GTPDP,0x19fe7fbf,,802003,0x8303,0x0115,100,28008,0000,0000,01,00,22,12,12,-,01,01,31.5,34.3,154,157,969,974,-25.024303,-25.023649,-51.528792,-51.529098,0000,0000,0000,00000000,4.8,59.1,59.0,0:09:36,5:30:49,-,-,0,-,,,,,,,,,,
2025-10-01 06:52:43,,,,867488067684034,1882,HBD,,,,,,,,,,,,,,,,,,,,,,,,,,,,,,,,,,,,,,,,,,,,,,,,,,
2025-10-01 06:54:57,,,,867488067684034,1884,HBD,,,,,,,,,,,,,,,,,,,,,,,,,,,,,,,,,,,,,,,,,,,,,,,,,,
2025-10-01 06:55:10,2025-10-01 06:55:10,2025-10-01 06:55:09,2025-10-01 06:54:33,867488067684034,1885,GTERI,0x19fe3fbf,0x00028102,802003,0x8303,0x0115,100,27997,0000,-,01,00,22,12,12,-,01,01,33.1,43.2,48,125,998,1003,-25.023589,-25.023053,-51.515658,-51.518709,0724,0004,85da,0f79f10d,6.3,60.5,60.2,0:12:06,5:33:19,-,-,0,-,,,,,04,28,00000000,00,10,
2025-10-01 06:56:52,,,,867488067684034,1887,HBD,,,,,,,,,,,,,,,,,,,,,,,,,,,,,,,,,,,,,,,,,,,,,,,,,,
2025-10-01 06:58:10,2025-10-01 06:58:10,2025-10-01 06:58:09,2025-10-01 06:56:28,867488067684034,1888,GTERI,0x19fe3fbf,0x00028102,802003,0x8303,0x0115,100,27994,0000,-,01,00,22,12,12,-,01,01,35.5,41.7,151,190,1073,1056,-25.03176,-25.026541,-51.505837,-51.511965,0724,0004,85da,0f6ad109,7.8,62.1,61.2,0:15:06,5:36:19,-,-,0,-,,,,,04,3,00000000,00,10,
2025-10-01 06:58:53,,,,867488067684034,1890,HBD,,,,,,,,,,,,,,,,,,,,,,,,,,,,,,,,,,,,,,,,,,,,,,,,,,
2025-10-01 07:00:53,,,,867488067684034,1892,HBD,,,,,,,,,,,,,,,,,,,,,,,,,,,,,,,,,,,,,,,,,,,,,,,,,,
2025-10-01 07:01:11,2025-10-01 07:01:10,2025-10-01 07:01:09,2025-10-01 06:58:15,867488067684034,1893,GTERI,0x19fe3fbf,0x00028102,802003,0x8303,0x0115,100,28031,0000,-,01,00,22,12,12,-,01,01,27.6,39.6,61,153,1069,1075,-25.034767,-25.03226,-51.493062,-51.505552,0724,0004,85da,0f6ad109,9.5,63.7,62.1,0:18:06,5:39:19,-,-,0,-,,,,,04,3,00000000,00,10,
2025-10-01 07:03:36,2025-10-01 07:01:39,2025-10-01 07:01:39,2025-10-01 07:01:16,867488067684034,1894,GTPDP,0x19fe7fbf,,802003,0x8303,0x0115,100,28001,0000,0000,01,00,22,12,12,-,01,01,29.4,35.2,65,85,1046,1064,-25.034398,-25.034679,-51.490758,-51.492482,0000,0000,0000,00000000,9.7,64.0,63.8,0:18:36,5:39:49,-,-,0,-,,,,,,,,,,
2025-10-01 07:03:36,2025-10-01 07:01:51,2025-10-01 07:01:51,2025-10-01 07:01:40,867488067684034,1895,GTPDP,0x19fe7fbf,,802003,0x8303,0x0115,100,27867,0000,0000,01,00,22,12,12,-,01,01,11.3,29.5,31,63,1039,1045,-25.034072,-25.034366,-51.490098,-51.490685,0000,0000,0000,00000000,9.8,64.0,64.0,0:18:48,5:40:01,-,-,0,-,,,,,,,,,,
2025-10-01 07:03:37,,,,867488067684034,1897,HBD,,,,,,,,,,,,,,,,,,,,,,,,,,,,,,,,,,,,,,,,,,,,,,,,,,
2025-10-01 07:03:37,,,,867488067684034,1899,HBD,,,,,,,,,,,,,,,,,,,,,,,,,,,,,,,,,,,,,,,,,,,,,,,,,,
2025-10-01 07:04:11,2025-10-01 07:04:10,2025-10-01 07:04:09,2025-10-01 07:03:22,867488067684034,1900,GTERI,0x19fe3fbf,0x00028102,802003,0x8303,0x0115,100,28026,0000,-,01,00,22,12,12,-,01,01,6.3,38.8,310,27,1029,1029,-25.025967,-25.027714,-51.489509,-51.490178,0724,0004,85da,0f79f10d,10.8,65.0,64.8,0:21:06,5:42:19,-,-,0,-,,,,,04,28,00000000,00,10,
2025-10-01 07:04:53,2025-10-01 07:04:45,2025-10-01 07:04:45,2025-10-01 07:04:43,867488067684034,1901,GTPDP,0x19fe7fbf,,802003,0x8303,0x0115,100,28030,0000,0000,01,00,22,12,12,-,01,01,32.9,34.0,347,347,1027,1026,-25.023852,-25.024014,-51.489928,-51.489892,0000,0000,0000,00000000,11.0,65.3,65.2,0:21:42,5:42:55,-,-,0,-,,,,,,,,,,
2025-10-01 07:04:54,,,,867488067684034,1903,HBD,,,,,,,,,,,,,,,,,,,,,,,,,,,,,,,,,,,,,,,,,,,,,,,,,,
2025-10-01 07:11:53,2025-10-01 07:06:28,2025-10-01 07:06:28,2025-10-01 07:06:22,867488067684034,1904,GTPDP,0x19fe7fbf,,802003,0x8303,0x0115,100,27999,0000,0000,01,00,22,12,12,-,01,01,26.1,36.2,332,328,1013,1017,-25.01868,-25.019104,-51.489491,-51.489257,0000,0000,0000,00000000,11.6,65.9,65.8,0:23:24,5:44:37,-,-,0,-,,,,,,,,,,
2025-10-01 07:11:54,,,,867488067684034,1906,HBD,,,,,,,,,,,,,,,,,,,,,,,,,,,,,,,,,,,,,,,,,,,,,,,,,,
2025-10-01 07:11:54,2025-10-01 07:07:10,2025-10-01 07:07:09,2025-10-01 07:07:05,867488067684034,1907,GTERI,0x19fe3fbf,0x00028102,802003,0x8303,0x0115,100,27961,0000,-,01,00,22,12,12,-,01,01,27.5,28.7,46,45,975,978,-25.016594,-25.016787,-51.48945,-51.489671,0000,0000,0000,00000000,11.9,66.1,66.1,0:24:06,5:45:19,-,-,0,-,,,,,00,0,00000000,00,10,
2025-10-01 07:11:55,,,,867488067684034,1909,HBD,,,,,,,,,,,,,,,,,,,,,,,,,,,,,,,,,,,,,,,,,,,,,,,,,,
2025-10-01 07:11:55,2025-10-01 07:10:10,2025-10-01 07:10:09,2025-10-01 07:07:48,867488067684034,1910,GTERI,0x19fe3fbf,0x00028102,802003,0x8303,0x0115,100,28048,0000,-,01,00,22,12,12,-,01,01,33.2,36.1,238,276,1011,965,-25.015275,-25.01596,-51.496248,-51.489987,0000,0000,0000,00000000,12.8,67.1,66.3,0:27:06,5:48:19,-,-,0,-,,,,,00,0,00000000,00,10,
2025-10-01 07:11:56,,,,867488067684034,1912,HBD,,,,,,,,,,,,,,,,,,,,,,,,,,,,,,,,,,,,,,,,,,,,,,,,,,
2025-10-01 07:11:56,,,,867488067684034,1914,HBD,,,,,,,,,,,,,,,,,,,,,,,,,,,,,,,,,,,,,,,,,,,,,,,,,,
2025-10-01 07:13:10,2025-10-01 07:13:10,2025-10-01 07:13:09,2025-10-01 07:12:03,867488067684034,1915,GTERI,0x19fe3fbf,0x00028102,802003,0x8303,0x0115,100,27937,0000,-,01,00,22,12,12,-,01,01,30.6,36.7,200,209,999,991,-25.016775,-25.012443,-51.504998,-51.502337,0724,0004,85da,0f79f10d,14.4,68.6,68.0,0:30:06,5:51:19,-,-,0,-,,,,,04,28,00000000,00,10,
2025-10-01 07:13:57,,,,867488067684034,1917,HBD,,,,,,,,,,,,,,,,,,,,,,,,,,,,,,,,,,,,,,,,,,,,,,,,,,
2025-10-01 07:16:09,,,,867488067684034,1919,HBD,,,,,,,,,,,,,,,,,,,,,,,,,,,,,,,,,,,,,,,,,,,,,,,,,,
2025-10-01 07:16:10,2025-10-01 07:16:10,2025-10-01 07:16:09,2025-10-01 07:14:23,867488067684034,1920,GTERI,0x19fe3fbf,0x00028102,802003,0x8303,0x0115,100,27910,0000,-,01,00,22,12,12,-,01,01,0.0,37.3,200,240,1012,990,-25.022074,-25.020017,-51.514683,-51.508891,0724,0004,85da,0f79f10d,15.7,69.9,69.3,0:33:06,5:54:19,-,-,0,-,,,,,04,28,00000000,00,10,
2025-10-01 07:17:58,,,,867488067684034,1922,HBD,,,,,,,,,,,,,,,,,,,,,,,,,,,,,,,,,,,,,,,,,,,,,,,,,,
2025-10-01 07:19:10,2025-10-01 07:19:10,2025-10-01 07:19:09,2025-10-01 07:17:26,867488067684034,1923,GTERI,0x19fe3fbf,0x00028102,802003,0x8303,0x0115,100,28011,0000,-,01,00,22,12,12,-,01,01,30.6,38.2,233,307,970,1002,-25.023919,-25.023054,-51.526942,-51.518724,0724,0004,85da,0f6ad10b,17.1,71.3,70.4,0:36:06,5:57:19,-,-,0,-,,,,,04,3,00000000,00,10,
2025-10-01 07:19:58,,,,867488067684034,1925,HBD,,,,,,,,,,,,,,,,,,,,,,,,,,,,,,,,,,,,,,,,,,,,,,,,,,
2025-10-01 07:24:57,,,,867488067684034,1927,HBD,,,,,,,,,,,,,,,,,,,,,,,,,,,,,,,,,,,,,,,,,,,,,,,,,,
2025-10-01 07:24:58,2025-10-01 07:22:05,2025-10-01 07:22:05,2025-10-01 07:19:12,867488067684034,1928,GTPDP,0x19fe7fbf,,802003,0x8303,0x0115,100,28018,0000,0000,01,00,22,12,12,-,01,01,34.5,35.6,301,235,974,966,-25.019439,-25.024071,-51.53433,-51.52717,0000,0000,0000,00000000,18.1,72.3,71.4,0:39:00,6:00:13,-,-,0,-,,,,,,,,,,
2025-10-01 07:24:58,2025-10-01 07:22:10,2025-10-01 07:22:09,2025-10-01 07:22:06,867488067684034,1929,GTERI,0x19fe3fbf,0x00028102,802003,0x8303,0x0115,100,28018,0000,-,01,00,22,12,12,-,01,01,28.8,35.7,314,307,972,973,-25.019224,-25.019387,-51.534612,-51.534409,0000,0000,0000,00000000,18.2,72.4,72.3,0:39:06,6:00:19,-,-,0,-,,,,,00,0,00000000,00,10,
2025-10-01 07:24:59,,,,867488067684034,1931,HBD,,,,,,,,,,,,,,,,,,,,,,,,,,,,,,,,,,,,,,,,,,,,,,,,,,
2025-10-01 07:24:59,,,,867488067684034,1933,HBD,,,,,,,,,,,,,,,,,,,,,,,,,,,,,,,,,,,,,,,,,,,,,,,,,,
2025-10-01 07:25:10,2025-10-01 07:25:10,2025-10-01 07:25:09,2025-10-01 07:22:14,867488067684034,1934,GTERI,0x19fe3fbf,0x00028102,802003,0x8303,0x0115,100,28039,0000,-,01,00,22,12,12,-,01,01,29.5,34.1,311,285,1024,970,-25.014736,-25.019054,-51.541881,-51.534978,0724,0004,85da,0f79f10f,19.1,73.4,72.4,0:42:06,6:03:19,-,-,0,-,,,,,04,28,00000000,00,10,
2025-10-01 07:27:01,,,,867488067684034,1936,HBD,,,,,,,,,,,,,,,,,,,,,,,,,,,,,,,,,,,,,,,,,,,,,,,,,,
2025-10-01 07:28:10,2025-10-01 07:28:10,2025-10-01 07:28:09,2025-10-01 07:27:38,867488067684034,1937,GTERI,0x19fe3fbf,0x00028102,802003,0x8303,0x0115,100,28027,0000,-,01,00,22,12,12,-,01,01,65.8,71.3,190,190,1058,1055,-25.023916,-25.018663,-51.546292,-51.545187,0724,0004,85da,0f6ad10b,20.6,74.9,74.2,0:45:06,6:06:19,-,-,0,-,,,,,04,3,00000000,00,10,
2025-10-01 07:29:02,,,,867488067684034,1939,HBD,,,,,,,,,,,,,,,,,,,,,,,,,,,,,,,,,,,,,,,,,,,,,,,,,,
2025-10-01 07:31:02,,,,867488067684034,1941,HBD,,,,,,,,,,,,,,,,,,,,,,,,,,,,,,,,,,,,,,,,,,,,,,,,,,
2025-10-01 07:31:10,2025-10-01 07:31:10,2025-10-01 07:31:09,2025-10-01 07:28:11,867488067684034,1942,GTERI,0x19fe3fbf,0x00028102,802003,0x8303,0x0115,100,27972,0000,-,01,00,22,12,12,-,01,01,10.9,63.4,143,190,1021,1059,-25.037858,-25.024233,-51.544572,-51.546359,0724,0004,85da,0f6ad10b,22.3,76.5,74.9,0:48:06,6:09:19,-,-,0,-,,,,,04,3,00000000,00,10,
2025-10-01 07:33:03,,,,867488067684034,1944,HBD,,,,,,,,,,,,,,,,,,,,,,,,,,,,,,,,,,,,,,,,,,,,,,,,,,
2025-10-01 07:34:10,2025-10-01 07:34:10,2025-10-01 07:34:09,2025-10-01 07:32:55,867488067684034,1945,GTERI,0x19fe3fbf,0x00028102,802003,0x8303,0x0115,100,28052,0000,-,01,00,22,12,12,-,01,01,22.9,41.3,77,114,1038,1016,-25.040697,-25.040544,-51.537697,-51.541411,0724,0004,85da,0f6ad10b,23.1,77.4,77.0,0:51:06,6:12:19,-,-,0,-,,,,,04,3,00000000,00,10,
2025-10-01 07:35:03,,,,867488067684034,1947,HBD,,,,,,,,,,,,,,,,,,,,,,,,,,,,,,,,,,,,,,,,,,,,,,,,,,
2025-10-01 07:37:04,,,,867488067684034,1949,HBD,,,,,,,,,,,,,,,,,,,,,,,,,,,,,,,,,,,,,,,,,,,,,,,,,,
2025-10-01 07:37:10,2025-10-01 07:37:10,2025-10-01 07:37:09,2025-10-01 07:34:26,867488067684034,1950,GTERI,0x19fe3fbf,0x00028102,802003,0x8303,0x0115,100,27980,0000,-,01,00,22,12,12,-,01,01,17.3,24.9,177,172,1050,1046,-25.043894,-25.040963,-51.536391,-51.537004,0724,0004,85da,0f6ad10a,23.8,78.0,77.5,0:54:06,6:15:19,-,-,0,-,,,,,04,3,00000000,00,10,
2025-10-01 07:39:04,,,,867488067684034,1952,HBD,,,,,,,,,,,,,,,,,,,,,,,,,,,,,,,,,,,,,,,,,,,,,,,,,,
2025-10-01 07:40:10,2025-10-01 07:40:10,2025-10-01 07:40:09,2025-10-01 07:37:54,867488067684034,1953,GTERI,0x19fe3fbf,0x00028102,802003,0x8303,0x0115,100,28094,0000,-,01,00,22,12,12,-,01,01,38.3,48.6,173,174,1067,1049,-25.051602,-25.046812,-51.53516,-51.535738,0724,0004,85da,0f6ad10a,24.8,79.1,78.3,0:57:06,6:18:19,-,-,0,-,,,,,04,3,00000000,00,10,
2025-10-01 07:41:05,,,,867488067684034,1955,HBD,,,,,,,,,,,,,,,,,,,,,,,,,,,,,,,,,,,,,,,,,,,,,,,,,,
2025-10-01 07:43:06,,,,867488067684034,1957,HBD,,,,,,,,,,,,,,,,,,,,,,,,,,,,,,,,,,,,,,,,,,,,,,,,,,
2025-10-01 07:43:10,2025-10-01 07:43:10,2025-10-01 07:43:09,2025-10-01 07:41:41,867488067684034,1958,GTERI,0x19fe3fbf,0x00028102,802003,0x8303,0x0115,100,27779,0000,-,01,00,22,12,12,-,01,01,19.8,49.9,347,353,1053,1056,-25.043983,-25.049891,-51.536292,-51.53529,0724,0004,85da,0f6ad10a,25.9,80.2,79.5,1:00:06,6:21:19,-,-,0,-,,,,,04,3,00000000,00,10,
2025-10-01 07:45:06,,,,867488067684034,1960,HBD,,,,,,,,,,,,,,,,,,,,,,,,,,,,,,,,,,,,,,,,,,,,,,,,,,
2025-10-01 07:45:31,2025-10-01 07:45:30,2025-10-01 07:45:30,2025-10-01 07:45:30,867488067684034,1961,GTIGF,0x19fe7fbf,,802003,0x8303,0x0115,100,27654,0000,0000,00,00,12,12,12,3747,01,01,0.0,0.0,347,347,1071,1071,-25.042748,-25.042748,-51.534138,-51.534138,0724,0004,85da,0f6ad116,26.5,80.7,80.7,1:02:27,6:23:40,-,-,0,-,,,,,,,,,,
2025-10-01 07:45:31,2025-10-01 07:45:30,2025-10-01 07:45:30,2025-10-01 07:45:30,867488067684034,1962,GTSTT,0x19fe7fbf,,802003,0x8303,0x0115,100,27654,0000,0000,00,00,12,12,12,-,01,01,0.0,0.0,347,347,1071,1071,-25.042748,-25.042748,-51.534138,-51.534138,0724,0004,85da,0f6ad116,26.5,80.7,80.7,1:02:27,6:23:40,-,-,0,-,,,,,,,,,,
2025-10-01 07:45:31,2025-10-01 07:45:31,2025-10-01 07:45:31,2025-10-01 07:45:31,867488067684034,1963,GTIGL,0x19fe7fbf,,802003,0x8303,0x0115,100,27654,0000,0000,00,00,12,12,12,-,01,01,0.0,0.0,347,347,1071,1071,-25.042748,-25.042748,-51.534138,-51.534138,0724,0004,85da,0f6ad116,26.5,80.7,80.7,1:02:27,6:23:40,-,-,0,-,,,,,,,,,01,
2025-10-01 07:45:34,,,,867488067684034,1964,ACK,,,,,,,,,,,,,,,,,,,,,,,,,,,,,,,,,,,,,,,,,,,,,,,,,,
2025-10-01 07:45:34,,,,867488067684034,1965,ACK,,,,,,,,,,,,,,,,,,,,,,,,,,,,,,,,,,,,,,,,,,,,,,,,,,
2025-10-01 07:45:53,2025-10-01 07:45:53,2025-10-01 07:45:53,2025-10-01 07:45:53,867488067684034,1966,GTSTT,0x19fe7fbf,,802003,0x8303,0x0115,100,26306,0000,0000,00,00,11,12,12,-,01,01,0.0,0.0,347,347,1071,1071,-25.042748,-25.042748,-51.534138,-51.534138,0724,0004,85da,0f6ad116,26.5,80.7,80.7,1:02:27,6:23:40,-,-,0,-,,,,,,,,,,
2025-10-01 07:46:10,2025-10-01 07:46:10,2025-10-01 07:46:09,2025-10-01 07:46:09,867488067684034,1967,GTERI,0x19fe3fbf,0x00028102,802003,0x8303,0x0115,100,26181,0000,-,00,00,11,12,12,-,01,01,0.0,0.0,347,347,1071,1071,-25.042748,-25.042748,-51.534138,-51.534138,0724,0004,85da,0f6ad116,26.5,80.7,80.7,1:02:27,6:23:40,-,-,0,-,,,,,04,1,00000000,00,10,
2025-10-01 07:47:07,,,,867488067684034,1969,HBD,,,,,,,,,,,,,,,,,,,,,,,,,,,,,,,,,,,,,,,,,,,,,,,,,,
2025-10-01 07:49:07,,,,867488067684034,1971,HBD,,,,,,,,,,,,,,,,,,,,,,,,,,,,,,,,,,,,,,,,,,,,,,,,,,
2025-10-01 07:49:10,2025-10-01 07:49:10,2025-10-01 07:49:09,2025-10-01 07:49:09,867488067684034,1972,GTERI,0x19fe3fbf,0x00028102,802003,0x8303,0x0115,100,26054,0000,-,00,00,11,12,12,-,01,01,0.0,0.0,347,347,1071,1071,-25.042748,-25.042748,-51.534138,-51.534138,0724,0004,85da,0f6ad116,26.5,80.7,80.7,1:02:27,6:23:40,-,-,0,-,,,,,04,1,00000000,00,10,
2025-10-01 07:50:31,2025-10-01 07:50:31,2025-10-01 07:50:31,2025-10-01 07:50:31,867488067684034,1973,GTERI,0x19fe3fbf,0x00028102,802003,0x8303,0x0115,100,26033,0000,-,00,00,11,12,12,-,01,01,0.0,0.0,347,347,1071,1071,-25.042748,-25.042748,-51.534138,-51.534138,0724,0004,85da,0f6ad116,26.5,80.7,80.7,1:02:27,6:23:40,-,-,0,-,,,,,04,1,00000000,00,10,
2025-10-01 07:51:08,,,,867488067684034,1974,HBD,,,,,,,,,,,,,,,,,,,,,,,,,,,,,,,,,,,,,,,,,,,,,,,,,,
2025-10-01 07:53:08,,,,867488067684034,1975,HBD,,,,,,,,,,,,,,,,,,,,,,,,,,,,,,,,,,,,,,,,,,,,,,,,,,
2025-10-01 07:55:09,,,,867488067684034,1976,HBD,,,,,,,,,,,,,,,,,,,,,,,,,,,,,,,,,,,,,,,,,,,,,,,,,,
2025-10-01 07:57:09,,,,867488067684034,1977,HBD,,,,,,,,,,,,,,,,,,,,,,,,,,,,,,,,,,,,,,,,,,,,,,,,,,
2025-10-01 07:59:10,,,,867488067684034,1978,HBD,,,,,,,,,,,,,,,,,,,,,,,,,,,,,,,,,,,,,,,,,,,,,,,,,,
2025-10-01 08:01:10,,,,867488067684034,1979,HBD,,,,,,,,,,,,,,,,,,,,,,,,,,,,,,,,,,,,,,,,,,,,,,,,,,
2025-10-01 08:03:11,,,,867488067684034,1980,HBD,,,,,,,,,,,,,,,,,,,,,,,,,,,,,,,,,,,,,,,,,,,,,,,,,,
2025-10-01 08:05:11,,,,867488067684034,1981,HBD,,,,,,,,,,,,,,,,,,,,,,,,,,,,,,,,,,,,,,,,,,,,,,,,,,
2025-10-01 08:07:12,,,,867488067684034,1982,HBD,,,,,,,,,,,,,,,,,,,,,,,,,,,,,,,,,,,,,,,,,,,,,,,,,,
2025-10-01 08:09:12,,,,867488067684034,1983,HBD,,,,,,,,,,,,,,,,,,,,,,,,,,,,,,,,,,,,,,,,,,,,,,,,,,
2025-10-01 08:11:12,,,,867488067684034,1984,HBD,,,,,,,,,,,,,,,,,,,,,,,,,,,,,,,,,,,,,,,,,,,,,,,,,,
2025-10-01 08:13:13,,,,867488067684034,1985,HBD,,,,,,,,,,,,,,,,,,,,,,,,,,,,,,,,,,,,,,,,,,,,,,,,,,
2025-10-01 08:15:13,,,,867488067684034,1986,HBD,,,,,,,,,,,,,,,,,,,,,,,,,,,,,,,,,,,,,,,,,,,,,,,,,,
2025-10-01 08:17:14,,,,867488067684034,1987,HBD,,,,,,,,,,,,,,,,,,,,,,,,,,,,,,,,,,,,,,,,,,,,,,,,,,
2025-10-01 08:19:14,,,,867488067684034,1988,HBD,,,,,,,,,,,,,,,,,,,,,,,,,,,,,,,,,,,,,,,,,,,,,,,,,,
2025-10-01 08:21:15,,,,867488067684034,1989,HBD,,,,,,,,,,,,,,,,,,,,,,,,,,,,,,,,,,,,,,,,,,,,,,,,,,
2025-10-01 08:23:15,,,,867488067684034,1990,HBD,,,,,,,,,,,,,,,,,,,,,,,,,,,,,,,,,,,,,,,,,,,,,,,,,,
2025-10-01 08:25:16,,,,867488067684034,1991,HBD,,,,,,,,,,,,,,,,,,,,,,,,,,,,,,,,,,,,,,,,,,,,,,,,,,
2025-10-01 08:27:16,,,,867488067684034,1992,HBD,,,,,,,,,,,,,,,,,,,,,,,,,,,,,,,,,,,,,,,,,,,,,,,,,,
2025-10-01 08:29:16,,,,867488067684034,1993,HBD,,,,,,,,,,,,,,,,,,,,,,,,,,,,,,,,,,,,,,,,,,,,,,,,,,
2025-10-01 08:31:17,,,,867488067684034,1994,HBD,,,,,,,,,,,,,,,,,,,,,,,,,,,,,,,,,,,,,,,,,,,,,,,,,,
2025-10-01 08:33:17,,,,867488067684034,1995,HBD,,,,,,,,,,,,,,,,,,,,,,,,,,,,,,,,,,,,,,,,,,,,,,,,,,
2025-10-01 08:35:18,,,,867488067684034,1996,HBD,,,,,,,,,,,,,,,,,,,,,,,,,,,,,,,,,,,,,,,,,,,,,,,,,,
2025-10-01 08:37:18,,,,867488067684034,1997,HBD,,,,,,,,,,,,,,,,,,,,,,,,,,,,,,,,,,,,,,,,,,,,,,,,,,
2025-10-01 08:39:19,,,,867488067684034,1998,HBD,,,,,,,,,,,,,,,,,,,,,,,,,,,,,,,,,,,,,,,,,,,,,,,,,,
2025-10-01 08:41:19,,,,867488067684034,1999,HBD,,,,,,,,,,,,,,,,,,,,,,,,,,,,,,,,,,,,,,,,,,,,,,,,,,
2025-10-01 08:43:20,,,,867488067684034,2000,HBD,,,,,,,,,,,,,,,,,,,,,,,,,,,,,,,,,,,,,,,,,,,,,,,,,,
2025-10-01 08:45:20,,,,867488067684034,2001,HBD,,,,,,,,,,,,,,,,,,,,,,,,,,,,,,,,,,,,,,,,,,,,,,,,,,
2025-10-01 08:47:21,,,,867488067684034,2002,HBD,,,,,,,,,,,,,,,,,,,,,,,,,,,,,,,,,,,,,,,,,,,,,,,,,,
2025-10-01 08:49:21,,,,867488067684034,2003,HBD,,,,,,,,,,,,,,,,,,,,,,,,,,,,,,,,,,,,,,,,,,,,,,,,,,
2025-10-01 08:50:26,2025-10-01 08:50:26,2025-10-01 08:48:00,2025-10-01 08:48:00,867488067684034,2004,GTERI,0x19fe3fbf,0x00028102,802003,0x8303,0x0115,100,25779,0000,-,00,00,11,12,12,-,01,01,0.0,0.0,347,347,1071,1071,-25.042748,-25.042748,-51.534138,-51.534138,0724,0004,85da,0f6ad116,26.5,80.7,80.7,1:02:27,6:23:40,-,-,0,-,,,,,04,1,00000000,00,10,
2025-10-01 08:51:21,,,,867488067684034,2005,HBD,,,,,,,,,,,,,,,,,,,,,,,,,,,,,,,,,,,,,,,,,,,,,,,,,,
2025-10-01 08:53:22,,,,867488067684034,2006,HBD,,,,,,,,,,,,,,,,,,,,,,,,,,,,,,,,,,,,,,,,,,,,,,,,,,
2025-10-01 08:55:22,,,,867488067684034,2007,HBD,,,,,,,,,,,,,,,,,,,,,,,,,,,,,,,,,,,,,,,,,,,,,,,,,,
2025-10-01 08:57:23,,,,867488067684034,2008,HBD,,,,,,,,,,,,,,,,,,,,,,,,,,,,,,,,,,,,,,,,,,,,,,,,,,
2025-10-01 08:59:23,,,,867488067684034,2009,HBD,,,,,,,,,,,,,,,,,,,,,,,,,,,,,,,,,,,,,,,,,,,,,,,,,,
2025-10-01 09:01:24,,,,867488067684034,2010,HBD,,,,,,,,,,,,,,,,,,,,,,,,,,,,,,,,,,,,,,,,,,,,,,,,,,
2025-10-01 09:03:24,,,,867488067684034,2011,HBD,,,,,,,,,,,,,,,,,,,,,,,,,,,,,,,,,,,,,,,,,,,,,,,,,,
2025-10-01 09:05:25,,,,867488067684034,2012,HBD,,,,,,,,,,,,,,,,,,,,,,,,,,,,,,,,,,,,,,,,,,,,,,,,,,
2025-10-01 09:07:25,,,,867488067684034,2013,HBD,,,,,,,,,,,,,,,,,,,,,,,,,,,,,,,,,,,,,,,,,,,,,,,,,,
2025-10-01 09:09:25,,,,867488067684034,2014,HBD,,,,,,,,,,,,,,,,,,,,,,,,,,,,,,,,,,,,,,,,,,,,,,,,,,
2025-10-01 09:11:26,,,,867488067684034,2015,HBD,,,,,,,,,,,,,,,,,,,,,,,,,,,,,,,,,,,,,,,,,,,,,,,,,,
2025-10-01 09:13:26,,,,867488067684034,2016,HBD,,,,,,,,,,,,,,,,,,,,,,,,,,,,,,,,,,,,,,,,,,,,,,,,,,
2025-10-01 09:15:27,,,,867488067684034,2017,HBD,,,,,,,,,,,,,,,,,,,,,,,,,,,,,,,,,,,,,,,,,,,,,,,,,,
2025-10-01 09:17:27,,,,867488067684034,2018,HBD,,,,,,,,,,,,,,,,,,,,,,,,,,,,,,,,,,,,,,,,,,,,,,,,,,
2025-10-01 09:19:28,,,,867488067684034,2019,HBD,,,,,,,,,,,,,,,,,,,,,,,,,,,,,,,,,,,,,,,,,,,,,,,,,,
2025-10-01 09:21:28,,,,867488067684034,2020,HBD,,,,,,,,,,,,,,,,,,,,,,,,,,,,,,,,,,,,,,,,,,,,,,,,,,
2025-10-01 09:23:29,,,,867488067684034,2021,HBD,,,,,,,,,,,,,,,,,,,,,,,,,,,,,,,,,,,,,,,,,,,,,,,,,,
2025-10-01 09:25:29,,,,867488067684034,2022,HBD,,,,,,,,,,,,,,,,,,,,,,,,,,,,,,,,,,,,,,,,,,,,,,,,,,
2025-10-01 09:27:29,,,,867488067684034,2023,HBD,,,,,,,,,,,,,,,,,,,,,,,,,,,,,,,,,,,,,,,,,,,,,,,,,,
2025-10-01 09:29:30,,,,867488067684034,2024,HBD,,,,,,,,,,,,,,,,,,,,,,,,,,,,,,,,,,,,,,,,,,,,,,,,,,
2025-10-01 09:31:30,,,,867488067684034,2025,HBD,,,,,,,,,,,,,,,,,,,,,,,,,,,,,,,,,,,,,,,,,,,,,,,,,,
2025-10-01 09:33:31,,,,867488067684034,2026,HBD,,,,,,,,,,,,,,,,,,,,,,,,,,,,,,,,,,,,,,,,,,,,,,,,,,
2025-10-01 09:35:31,,,,867488067684034,2027,HBD,,,,,,,,,,,,,,,,,,,,,,,,,,,,,,,,,,,,,,,,,,,,,,,,,,
2025-10-01 09:37:32,,,,867488067684034,2028,HBD,,,,,,,,,,,,,,,,,,,,,,,,,,,,,,,,,,,,,,,,,,,,,,,,,,
2025-10-01 09:39:32,,,,867488067684034,2029,HBD,,,,,,,,,,,,,,,,,,,,,,,,,,,,,,,,,,,,,,,,,,,,,,,,,,
2025-10-01 09:41:33,,,,867488067684034,2030,HBD,,,,,,,,,,,,,,,,,,,,,,,,,,,,,,,,,,,,,,,,,,,,,,,,,,
2025-10-01 09:43:33,,,,867488067684034,2031,HBD,,,,,,,,,,,,,,,,,,,,,,,,,,,,,,,,,,,,,,,,,,,,,,,,,,
2025-10-01 09:45:34,,,,867488067684034,2032,HBD,,,,,,,,,,,,,,,,,,,,,,,,,,,,,,,,,,,,,,,,,,,,,,,,,,
2025-10-01 09:47:34,,,,867488067684034,2033,HBD,,,,,,,,,,,,,,,,,,,,,,,,,,,,,,,,,,,,,,,,,,,,,,,,,,
2025-10-01 09:49:34,,,,867488067684034,2034,HBD,,,,,,,,,,,,,,,,,,,,,,,,,,,,,,,,,,,,,,,,,,,,,,,,,,
2025-10-01 09:50:26,2025-10-01 09:50:26,2025-10-01 09:48:00,2025-10-01 09:48:00,867488067684034,2035,GTERI,0x19fe3fbf,0x00028102,802003,0x8303,0x0115,100,25740,0000,-,00,00,11,12,12,-,01,01,0.0,0.0,347,347,1071,1071,-25.042748,-25.042748,-51.534138,-51.534138,0724,0004,85da,0f6ad116,26.5,80.7,80.7,1:02:27,6:23:40,-,-,0,-,,,,,04,1,00000000,00,10,
2025-10-01 09:51:35,,,,867488067684034,2036,HBD,,,,,,,,,,,,,,,,,,,,,,,,,,,,,,,,,,,,,,,,,,,,,,,,,,
2025-10-01 09:53:35,,,,867488067684034,2037,HBD,,,,,,,,,,,,,,,,,,,,,,,,,,,,,,,,,,,,,,,,,,,,,,,,,,
2025-10-01 09:55:36,,,,867488067684034,2038,HBD,,,,,,,,,,,,,,,,,,,,,,,,,,,,,,,,,,,,,,,,,,,,,,,,,,
2025-10-01 09:57:36,,,,867488067684034,2039,HBD,,,,,,,,,,,,,,,,,,,,,,,,,,,,,,,,,,,,,,,,,,,,,,,,,,
2025-10-01 09:59:37,,,,867488067684034,2040,HBD,,,,,,,,,,,,,,,,,,,,,,,,,,,,,,,,,,,,,,,,,,,,,,,,,,
2025-10-01 10:01:37,,,,867488067684034,2041,HBD,,,,,,,,,,,,,,,,,,,,,,,,,,,,,,,,,,,,,,,,,,,,,,,,,,
2025-10-01 10:03:38,,,,867488067684034,2042,HBD,,,,,,,,,,,,,,,,,,,,,,,,,,,,,,,,,,,,,,,,,,,,,,,,,,
2025-10-01 10:05:38,,,,867488067684034,2043,HBD,,,,,,,,,,,,,,,,,,,,,,,,,,,,,,,,,,,,,,,,,,,,,,,,,,
2025-10-01 10:07:39,,,,867488067684034,2044,HBD,,,,,,,,,,,,,,,,,,,,,,,,,,,,,,,,,,,,,,,,,,,,,,,,,,
2025-10-01 10:09:39,,,,867488067684034,2045,HBD,,,,,,,,,,,,,,,,,,,,,,,,,,,,,,,,,,,,,,,,,,,,,,,,,,
2025-10-01 10:11:39,,,,867488067684034,2046,HBD,,,,,,,,,,,,,,,,,,,,,,,,,,,,,,,,,,,,,,,,,,,,,,,,,,
2025-10-01 10:13:40,,,,867488067684034,2047,HBD,,,,,,,,,,,,,,,,,,,,,,,,,,,,,,,,,,,,,,,,,,,,,,,,,,
2025-10-01 10:15:40,,,,867488067684034,2048,HBD,,,,,,,,,,,,,,,,,,,,,,,,,,,,,,,,,,,,,,,,,,,,,,,,,,
2025-10-01 10:17:41,,,,867488067684034,2049,HBD,,,,,,,,,,,,,,,,,,,,,,,,,,,,,,,,,,,,,,,,,,,,,,,,,,
2025-10-01 10:19:41,,,,867488067684034,2050,HBD,,,,,,,,,,,,,,,,,,,,,,,,,,,,,,,,,,,,,,,,,,,,,,,,,,
2025-10-01 10:21:42,,,,867488067684034,2051,HBD,,,,,,,,,,,,,,,,,,,,,,,,,,,,,,,,,,,,,,,,,,,,,,,,,,
2025-10-01 10:23:42,,,,867488067684034,2052,HBD,,,,,,,,,,,,,,,,,,,,,,,,,,,,,,,,,,,,,,,,,,,,,,,,,,
2025-10-01 10:25:43,,,,867488067684034,2053,HBD,,,,,,,,,,,,,,,,,,,,,,,,,,,,,,,,,,,,,,,,,,,,,,,,,,
2025-10-01 10:27:43,,,,867488067684034,2054,HBD,,,,,,,,,,,,,,,,,,,,,,,,,,,,,,,,,,,,,,,,,,,,,,,,,,
2025-10-01 10:29:43,,,,867488067684034,2055,HBD,,,,,,,,,,,,,,,,,,,,,,,,,,,,,,,,,,,,,,,,,,,,,,,,,,
2025-10-01 10:31:44,,,,867488067684034,2056,HBD,,,,,,,,,,,,,,,,,,,,,,,,,,,,,,,,,,,,,,,,,,,,,,,,,,
2025-10-01 10:33:44,,,,867488067684034,2057,HBD,,,,,,,,,,,,,,,,,,,,,,,,,,,,,,,,,,,,,,,,,,,,,,,,,,
2025-10-01 10:35:45,,,,867488067684034,2058,HBD,,,,,,,,,,,,,,,,,,,,,,,,,,,,,,,,,,,,,,,,,,,,,,,,,,
2025-10-01 10:37:45,,,,867488067684034,2059,HBD,,,,,,,,,,,,,,,,,,,,,,,,,,,,,,,,,,,,,,,,,,,,,,,,,,
2025-10-01 10:39:46,,,,867488067684034,2060,HBD,,,,,,,,,,,,,,,,,,,,,,,,,,,,,,,,,,,,,,,,,,,,,,,,,,
2025-10-01 10:41:46,,,,867488067684034,2061,HBD,,,,,,,,,,,,,,,,,,,,,,,,,,,,,,,,,,,,,,,,,,,,,,,,,,
2025-10-01 10:43:46,,,,867488067684034,2062,HBD,,,,,,,,,,,,,,,,,,,,,,,,,,,,,,,,,,,,,,,,,,,,,,,,,,
2025-10-01 10:45:47,,,,867488067684034,2063,HBD,,,,,,,,,,,,,,,,,,,,,,,,,,,,,,,,,,,,,,,,,,,,,,,,,,
2025-10-01 10:47:47,,,,867488067684034,2064,HBD,,,,,,,,,,,,,,,,,,,,,,,,,,,,,,,,,,,,,,,,,,,,,,,,,,
2025-10-01 10:49:48,,,,867488067684034,2065,HBD,,,,,,,,,,,,,,,,,,,,,,,,,,,,,,,,,,,,,,,,,,,,,,,,,,
2025-10-01 10:50:27,2025-10-01 10:50:26,2025-10-01 10:48:05,2025-10-01 10:48:05,867488067684034,2066,GTERI,0x19fe3fbf,0x00028102,802003,0x8303,0x0115,100,25650,0000,-,00,00,11,5,5,-,01,01,0.0,0.0,347,347,1071,1071,-25.042748,-25.042748,-51.534138,-51.534138,0724,0004,85da,0f6ad116,26.5,80.7,80.7,1:02:27,6:23:40,-,-,0,-,,,,,04,1,00000000,00,10,
2025-10-01 10:51:48,,,,867488067684034,2067,HBD,,,,,,,,,,,,,,,,,,,,,,,,,,,,,,,,,,,,,,,,,,,,,,,,,,
2025-10-01 10:53:49,,,,867488067684034,2068,HBD,,,,,,,,,,,,,,,,,,,,,,,,,,,,,,,,,,,,,,,,,,,,,,,,,,
2025-10-01 10:55:49,,,,867488067684034,2069,HBD,,,,,,,,,,,,,,,,,,,,,,,,,,,,,,,,,,,,,,,,,,,,,,,,,,
2025-10-01 10:57:50,,,,867488067684034,2070,HBD,,,,,,,,,,,,,,,,,,,,,,,,,,,,,,,,,,,,,,,,,,,,,,,,,,
2025-10-01 10:59:50,,,,867488067684034,2071,HBD,,,,,,,,,,,,,,,,,,,,,,,,,,,,,,,,,,,,,,,,,,,,,,,,,,
2025-10-01 11:01:50,,,,867488067684034,2072,HBD,,,,,,,,,,,,,,,,,,,,,,,,,,,,,,,,,,,,,,,,,,,,,,,,,,
2025-10-01 11:03:51,,,,867488067684034,2073,HBD,,,,,,,,,,,,,,,,,,,,,,,,,,,,,,,,,,,,,,,,,,,,,,,,,,
2025-10-01 11:05:51,,,,867488067684034,2074,HBD,,,,,,,,,,,,,,,,,,,,,,,,,,,,,,,,,,,,,,,,,,,,,,,,,,
2025-10-01 11:07:52,,,,867488067684034,2075,HBD,,,,,,,,,,,,,,,,,,,,,,,,,,,,,,,,,,,,,,,,,,,,,,,,,,
2025-10-01 11:09:52,,,,867488067684034,2076,HBD,,,,,,,,,,,,,,,,,,,,,,,,,,,,,,,,,,,,,,,,,,,,,,,,,,
2025-10-01 11:11:53,,,,867488067684034,2077,HBD,,,,,,,,,,,,,,,,,,,,,,,,,,,,,,,,,,,,,,,,,,,,,,,,,,
2025-10-01 11:13:53,,,,867488067684034,2078,HBD,,,,,,,,,,,,,,,,,,,,,,,,,,,,,,,,,,,,,,,,,,,,,,,,,,
2025-10-01 11:15:54,,,,867488067684034,2079,HBD,,,,,,,,,,,,,,,,,,,,,,,,,,,,,,,,,,,,,,,,,,,,,,,,,,
2025-10-01 11:17:54,,,,867488067684034,2080,HBD,,,,,,,,,,,,,,,,,,,,,,,,,,,,,,,,,,,,,,,,,,,,,,,,,,
2025-10-01 11:19:54,,,,867488067684034,2081,HBD,,,,,,,,,,,,,,,,,,,,,,,,,,,,,,,,,,,,,,,,,,,,,,,,,,
2025-10-01 11:21:55,,,,867488067684034,2082,HBD,,,,,,,,,,,,,,,,,,,,,,,,,,,,,,,,,,,,,,,,,,,,,,,,,,
2025-10-01 11:23:55,,,,867488067684034,2083,HBD,,,,,,,,,,,,,,,,,,,,,,,,,,,,,,,,,,,,,,,,,,,,,,,,,,
2025-10-01 11:25:56,,,,867488067684034,2084,HBD,,,,,,,,,,,,,,,,,,,,,,,,,,,,,,,,,,,,,,,,,,,,,,,,,,
2025-10-01 11:27:56,,,,867488067684034,2085,HBD,,,,,,,,,,,,,,,,,,,,,,,,,,,,,,,,,,,,,,,,,,,,,,,,,,
2025-10-01 11:29:57,,,,867488067684034,2086,HBD,,,,,,,,,,,,,,,,,,,,,,,,,,,,,,,,,,,,,,,,,,,,,,,,,,
2025-10-01 11:31:57,,,,867488067684034,2087,HBD,,,,,,,,,,,,,,,,,,,,,,,,,,,,,,,,,,,,,,,,,,,,,,,,,,
2025-10-01 11:33:58,,,,867488067684034,2088,HBD,,,,,,,,,,,,,,,,,,,,,,,,,,,,,,,,,,,,,,,,,,,,,,,,,,
2025-10-01 11:34:58,,,,867488067684034,2089,HBD,,,,,,,,,,,,,,,,,,,,,,,,,,,,,,,,,,,,,,,,,,,,,,,,,,
2025-10-01 11:36:58,,,,867488067684034,2090,HBD,,,,,,,,,,,,,,,,,,,,,,,,,,,,,,,,,,,,,,,,,,,,,,,,,,
2025-10-01 11:40:27,,,,867488067684034,2091,HBD,,,,,,,,,,,,,,,,,,,,,,,,,,,,,,,,,,,,,,,,,,,,,,,,,,
2025-10-01 11:40:59,,,,867488067684034,2092,HBD,,,,,,,,,,,,,,,,,,,,,,,,,,,,,,,,,,,,,,,,,,,,,,,,,,
2025-10-01 11:43:00,,,,867488067684034,2093,HBD,,,,,,,,,,,,,,,,,,,,,,,,,,,,,,,,,,,,,,,,,,,,,,,,,,
2025-10-01 11:45:00,,,,867488067684034,2094,HBD,,,,,,,,,,,,,,,,,,,,,,,,,,,,,,,,,,,,,,,,,,,,,,,,,,
2025-10-01 11:47:01,,,,867488067684034,2095,HBD,,,,,,,,,,,,,,,,,,,,,,,,,,,,,,,,,,,,,,,,,,,,,,,,,,
2025-10-01 11:49:01,,,,867488067684034,2096,HBD,,,,,,,,,,,,,,,,,,,,,,,,,,,,,,,,,,,,,,,,,,,,,,,,,,
2025-10-01 11:50:27,2025-10-01 11:50:26,2025-10-01 11:48:29,2025-10-01 11:48:29,867488067684034,2097,GTERI,0x19fe3fbf,0x00028102,802003,0x8303,0x0115,100,25531,0000,-,00,00,11,7,7,-,01,01,0.0,0.0,347,347,1071,1071,-25.042748,-25.042748,-51.534138,-51.534138,0724,0004,85da,0f6ad10a,26.5,80.7,80.7,1:02:27,6:23:40,-,-,0,-,,,,,04,3,00000000,00,10,
2025-10-01 11:51:02,,,,867488067684034,2098,HBD,,,,,,,,,,,,,,,,,,,,,,,,,,,,,,,,,,,,,,,,,,,,,,,,,,
2025-10-01 11:53:02,,,,867488067684034,2099,HBD,,,,,,,,,,,,,,,,,,,,,,,,,,,,,,,,,,,,,,,,,,,,,,,,,,
2025-10-01 11:55:03,,,,867488067684034,2100,HBD,,,,,,,,,,,,,,,,,,,,,,,,,,,,,,,,,,,,,,,,,,,,,,,,,,
2025-10-01 11:57:07,,,,867488067684034,2101,HBD,,,,,,,,,,,,,,,,,,,,,,,,,,,,,,,,,,,,,,,,,,,,,,,,,,
2025-10-01 11:59:07,,,,867488067684034,2102,HBD,,,,,,,,,,,,,,,,,,,,,,,,,,,,,,,,,,,,,,,,,,,,,,,,,,
2025-10-01 12:00:57,2025-10-01 12:00:51,2025-10-01 11:48:29,2025-10-01 07:43:25,867488067684034,2104,GTIGN,0x19fe7fbf,,802003,0x8303,0x0115,100,25470,0000,0000,01,00,22,7,12,15321,00,01,0.0,28.6,347,350,1071,1054,-25.042748,-25.043297,-51.534138,-51.536406,0724,0004,85da,0f79f10e,0.0,80.7,80.2,0:00:00,6:23:40,-,-,0,-,,,,,,,,,,
2025-10-01 12:00:59,2025-10-01 12:00:51,2025-10-01 11:48:29,2025-10-01 11:48:29,867488067684034,2105,GTSTT,0x19fe7fbf,,802003,0x8303,0x0115,100,25470,0000,0000,01,00,22,7,7,-,00,00,0.0,0.0,347,347,1071,1071,-25.042748,-25.042748,-51.534138,-51.534138,0724,0004,85da,0f79f10e,0.0,80.7,80.7,0:00:00,6:23:40,-,-,0,-,,,,,,,,,,
2025-10-01 12:01:00,,,,867488067684034,2106,HBD,,,,,,,,,,,,,,,,,,,,,,,,,,,,,,,,,,,,,,,,,,,,,,,,,,
2025-10-01 12:01:04,2025-10-01 12:01:03,2025-10-01 12:01:04,2025-10-01 12:01:04,867488067684034,2107,GTERI,0x19fe3fbf,0x00028102,802003,0x8303,0x0115,100,27625,0000,-,01,00,22,7,7,-,01,01,0.0,0.0,347,347,1076,1076,-25.0427,-25.0427,-51.534096,-51.534096,0724,0004,85da,0f79f10f,0.0,80.7,80.7,0:00:12,6:23:52,-,-,0,-,,,,,04,28,00000000,00,10,
2025-10-01 12:01:04,2025-10-01 12:01:03,2025-10-01 12:01:04,2025-10-01 12:01:04,867488067684034,2108,GTIGL,0x19fe7fbf,,802003,0x8303,0x0115,100,27625,0000,0000,01,00,22,7,7,-,01,01,0.0,0.0,347,347,1076,1076,-25.0427,-25.0427,-51.534096,-51.534096,0724,0004,85da,0f79f10f,0.0,80.7,80.7,0:00:12,6:23:52,-,-,0,-,,,,,,,,,00,
2025-10-01 12:03:04,,,,867488067684034,2110,HBD,,,,,,,,,,,,,,,,,,,,,,,,,,,,,,,,,,,,,,,,,,,,,,,,,,
2025-10-01 12:03:58,2025-10-01 12:03:57,2025-10-01 12:03:56,2025-10-01 12:02:14,867488067684034,2111,GTERI,0x19fe3fbf,0x00028102,802003,0x8303,0x0115,100,27716,0000,-,01,00,22,12,12,-,01,01,0.0,26.2,347,352,1066,1056,-25.042469,-25.041698,-51.535441,-51.534386,0724,0004,85da,0f6ad10b,0.4,81.0,80.8,0:03:06,6:26:46,-,-,0,-,,,,,04,3,00000000,00,10,
2025-10-01 12:04:53,,,,867488067684034,2113,ACK,,,,,,,,,,,,,,,,,,,,,,,,,,,,,,,,,,,,,,,,,,,,,,,,,,
2025-10-01 12:04:53,,,,867488067684034,2114,ACK,,,,,,,,,,,,,,,,,,,,,,,,,,,,,,,,,,,,,,,,,,,,,,,,,,
2025-10-01 12:04:54,,,,867488067684034,2115,ACK,,,,,,,,,,,,,,,,,,,,,,,,,,,,,,,,,,,,,,,,,,,,,,,,,,
2025-10-01 12:05:05,,,,867488067684034,2116,HBD,,,,,,,,,,,,,,,,,,,,,,,,,,,,,,,,,,,,,,,,,,,,,,,,,,
2025-10-01 12:06:58,2025-10-01 12:06:57,2025-10-01 12:06:56,2025-10-01 12:06:01,867488067684034,2118,GTERI,0x19fe3fbf,0x00028102,802003,0x8303,0x0115,100,27928,0000,-,01,00,22,12,12,-,01,01,16.8,27.8,65,350,1060,1056,-25.041747,-25.043308,-51.536612,-51.536412,0724,0004,85da,0f6ad10b,0.8,81.5,81.3,0:06:06,6:29:46,-,-,0,-,,,,,04,3,00000000,00,10,
2025-10-01 12:06:58,,,,867488067684034,2119,HBD,,,,,,,,,,,,,,,,,,,,,,,,,,,,,,,,,,,,,,,,,,,,,,,,,,
2025-10-01 12:09:06,,,,867488067684034,2121,HBD,,,,,,,,,,,,,,,,,,,,,,,,,,,,,,,,,,,,,,,,,,,,,,,,,,
2025-10-01 12:09:58,2025-10-01 12:09:57,2025-10-01 12:09:56,2025-10-01 12:06:58,867488067684034,2122,GTERI,0x19fe3fbf,0x00028102,802003,0x8303,0x0115,100,27876,0000,-,01,00,22,12,12,-,01,01,0.0,17.2,65,95,1062,1060,-25.04173,-25.041743,-51.536344,-51.536519,0724,0004,85da,0f6ad10b,0.8,81.5,81.5,0:09:06,6:32:46,-,-,0,-,,,,,04,3,00000000,00,10,
2025-10-01 12:11:06,,,,867488067684034,2124,HBD,,,,,,,,,,,,,,,,,,,,,,,,,,,,,,,,,,,,,,,,,,,,,,,,,,
2025-10-01 12:12:58,2025-10-01 12:12:57,2025-10-01 12:12:56,2025-10-01 12:12:42,867488067684034,2126,GTERI,0x19fe3fbf,0x00028102,802003,0x8303,0x0115,100,27966,0000,-,01,00,22,12,12,-,01,01,15.8,23.9,169,169,1066,1065,-25.043286,-25.042815,-51.535268,-51.535366,0724,0004,85da,0f6ad10b,1.1,81.7,81.7,0:12:06,6:35:46,-,-,0,-,,,,,04,3,00000000,00,10,
2025-10-01 12:13:07,,,,867488067684034,2127,HBD,,,,,,,,,,,,,,,,,,,,,,,,,,,,,,,,,,,,,,,,,,,,,,,,,,
2025-10-01 12:15:07,,,,867488067684034,2129,HBD,,,,,,,,,,,,,,,,,,,,,,,,,,,,,,,,,,,,,,,,,,,,,,,,,,
2025-10-01 12:15:58,2025-10-01 12:15:57,2025-10-01 12:15:56,2025-10-01 12:14:25,867488067684034,2130,GTERI,0x19fe3fbf,0x00028102,802003,0x8303,0x0115,100,27884,0000,-,01,00,22,12,12,-,01,01,0.0,41.5,169,173,1059,1057,-25.048511,-25.046809,-51.536431,-51.535746,0724,0004,85da,0f6ad116,1.8,82.5,82.2,0:15:06,6:38:46,-,-,0,-,,,,,04,1,00000000,00,10,
2025-10-01 12:17:08,,,,867488067684034,2132,HBD,,,,,,,,,,,,,,,,,,,,,,,,,,,,,,,,,,,,,,,,,,,,,,,,,,
2025-10-01 12:18:58,2025-10-01 12:18:57,2025-10-01 12:18:56,2025-10-01 12:18:21,867488067684034,2134,GTERI,0x19fe3fbf,0x00028102,802003,0x8303,0x0115,100,28025,0000,-,01,00,22,12,12,-,01,01,7.4,42.2,286,173,1079,1059,-25.052414,-25.05007,-51.535266,-51.535314,0724,0004,85da,0f6ad10a,2.4,83.0,82.8,0:18:06,6:41:46,-,-,0,-,,,,,04,3,00000000,00,10,
2025-10-01 12:19:08,,,,867488067684034,2135,HBD,,,,,,,,,,,,,,,,,,,,,,,,,,,,,,,,,,,,,,,,,,,,,,,,,,
2025-10-01 12:21:09,,,,867488067684034,2137,HBD,,,,,,,,,,,,,,,,,,,,,,,,,,,,,,,,,,,,,,,,,,,,,,,,,,
2025-10-01 12:21:58,2025-10-01 12:21:57,2025-10-01 12:21:56,2025-10-01 12:20:55,867488067684034,2138,GTERI,0x19fe3fbf,0x00028102,802003,0x8303,0x0115,100,27983,0000,-,01,00,22,12,12,-,01,01,0.0,25.5,286,257,1068,1067,-25.052354,-25.051678,-51.537116,-51.53675,0724,0004,85da,0f6ad10a,2.7,83.4,83.3,0:21:06,6:44:46,-,-,0,-,,,,,04,3,00000000,00,10,
2025-10-01 12:23:10,,,,867488067684034,2140,HBD,,,,,,,,,,,,,,,,,,,,,,,,,,,,,,,,,,,,,,,,,,,,,,,,,,
2025-10-01 12:24:58,2025-10-01 12:24:57,2025-10-01 12:24:56,2025-10-01 12:24:57,867488067684034,2142,GTERI,0x19fe3fbf,0x00028102,802003,0x8303,0x0115,100,28034,0000,-,01,00,22,12,12,-,01,01,47.0,47.1,261,261,1038,1038,-25.056574,-25.056592,-51.539866,-51.539995,0724,0004,85da,0f6ad10a,3.6,84.2,84.2,0:24:06,6:47:46,-,-,0,-,,,,,04,3,00000000,00,10,
2025-10-01 12:25:10,,,,867488067684034,2143,HBD,,,,,,,,,,,,,,,,,,,,,,,,,,,,,,,,,,,,,,,,,,,,,,,,,,
2025-10-01 12:27:11,,,,867488067684034,2145,HBD,,,,,,,,,,,,,,,,,,,,,,,,,,,,,,,,,,,,,,,,,,,,,,,,,,
2025-10-01 12:27:58,2025-10-01 12:27:57,2025-10-01 12:27:56,2025-10-01 12:24:58,867488067684034,2146,GTERI,0x19fe3fbf,0x00028102,802003,0x8303,0x0115,100,28062,0000,-,01,00,22,12,12,-,01,01,21.4,45.2,191,262,1075,1038,-25.060247,-25.056609,-51.542743,-51.540121,0724,0004,85da,0f6ad10a,4.2,84.9,84.2,0:27:06,6:50:46,-,-,0,-,,,,,04,3,00000000,00,10,
2025-10-01 12:29:11,,,,867488067684034,2148,HBD,,,,,,,,,,,,,,,,,,,,,,,,,,,,,,,,,,,,,,,,,,,,,,,,,,
2025-10-01 12:30:58,2025-10-01 12:30:57,2025-10-01 12:30:56,2025-10-01 12:30:56,867488067684034,2150,GTERI,0x19fe3fbf,0x00028102,802003,0x8303,0x0115,100,28005,0000,-,01,00,22,12,12,-,01,01,39.7,39.7,129,129,1077,1077,-25.062414,-25.062414,-51.537792,-51.537792,0724,0004,85da,0f6ad10a,4.8,85.4,85.4,0:30:06,6:53:46,-,-,0,-,,,,,04,3,00000000,00,10,
2025-10-01 12:31:12,,,,867488067684034,2151,HBD,,,,,,,,,,,,,,,,,,,,,,,,,,,,,,,,,,,,,,,,,,,,,,,,,,
2025-10-01 12:33:39,,,,867488067684034,2153,HBD,,,,,,,,,,,,,,,,,,,,,,,,,,,,,,,,,,,,,,,,,,,,,,,,,,
2025-10-01 12:33:39,2025-10-01 12:33:07,2025-10-01 12:33:08,2025-10-01 12:32:31,867488067684034,2154,GTPDP,0x19fe7fbf,,802003,0x8303,0x0115,100,28028,0000,0000,01,00,22,12,12,-,01,01,0.0,47.0,129,95,1051,1070,-25.064102,-25.063464,-51.529597,-51.532585,0000,0000,0000,00000000,5.6,86.3,86.0,0:32:15,6:55:55,-,-,0,-,,,,,,,,,,
2025-10-01 12:33:39,,,,867488067684034,2156,HBD,,,,,,,,,,,,,,,,,,,,,,,,,,,,,,,,,,,,,,,,,,,,,,,,,,
2025-10-01 12:33:58,2025-10-01 12:33:57,2025-10-01 12:33:56,2025-10-01 12:33:55,867488067684034,2157,GTERI,0x19fe3fbf,0x00028102,802003,0x8303,0x0115,100,27979,0000,-,01,00,22,12,12,-,01,01,35.2,36.1,157,155,1074,1073,-25.06564,-25.065557,-51.527862,-51.5279,0724,0004,85da,0f79f10e,5.9,86.6,86.6,0:33:06,6:56:46,-,-,0,-,,,,,04,28,00000000,00,10,
2025-10-01 12:36:51,2025-10-01 12:35:34,2025-10-01 12:35:34,2025-10-01 12:34:03,867488067684034,2158,GTPDP,0x19fe7fbf,,802003,0x8303,0x0115,100,27957,0000,0000,01,00,22,12,12,-,01,01,0.0,40.6,185,169,1090,1079,-25.071394,-25.066259,-51.526559,-51.527709,0000,0000,0000,00000000,6.6,87.3,86.7,0:34:42,6:58:22,-,-,0,-,,,,,,,,,,
2025-10-01 12:36:52,2025-10-01 12:35:45,2025-10-01 12:35:45,2025-10-01 12:35:44,867488067684034,2159,GTPDP,0x19fe7fbf,,802003,0x8303,0x0115,100,27970,0000,0000,01,00,22,12,12,-,01,01,9.1,9.6,322,302,1090,1090,-25.071363,-25.071383,-51.526581,-51.526564,0000,0000,0000,00000000,6.6,87.3,87.3,0:34:54,6:58:34,-,-,0,-,,,,,,,,,,
2025-10-01 12:36:52,,,,867488067684034,2161,HBD,,,,,,,,,,,,,,,,,,,,,,,,,,,,,,,,,,,,,,,,,,,,,,,,,,
2025-10-01 12:36:53,,,,867488067684034,2163,HBD,,,,,,,,,,,,,,,,,,,,,,,,,,,,,,,,,,,,,,,,,,,,,,,,,,
2025-10-01 12:36:58,2025-10-01 12:36:57,2025-10-01 12:36:56,2025-10-01 12:36:43,867488067684034,2164,GTERI,0x19fe3fbf,0x00028102,802003,0x8303,0x0115,100,27978,0000,-,01,00,22,12,12,-,01,01,34.6,37.7,348,333,1071,1078,-25.06667,-25.067662,-51.527572,-51.527039,0724,0004,85da,0f79f10e,7.2,87.9,87.7,0:36:06,6:59:46,-,-,0,-,,,,,04,28,00000000,00,10,
2025-10-01 12:39:14,,,,867488067684034,2166,HBD,,,,,,,,,,,,,,,,,,,,,,,,,,,,,,,,,,,,,,,,,,,,,,,,,,
2025-10-01 12:39:58,2025-10-01 12:39:57,2025-10-01 12:39:56,2025-10-01 12:39:05,867488067684034,2167,GTERI,0x19fe3fbf,0x00028102,802003,0x8303,0x0115,100,27966,0000,-,01,00,22,12,12,-,01,01,26.8,42.5,278,314,1059,1083,-25.061019,-25.063017,-51.539879,-51.537072,0724,0004,85da,0f6ad116,8.7,89.4,89.0,0:39:06,7:02:46,-,-,0,-,,,,,04,1,00000000,00,10,
2025-10-01 12:41:15,,,,867488067684034,2169,HBD,,,,,,,,,,,,,,,,,,,,,,,,,,,,,,,,,,,,,,,,,,,,,,,,,,
2025-10-01 12:42:58,,,,867488067684034,2171,HBD,,,,,,,,,,,,,,,,,,,,,,,,,,,,,,,,,,,,,,,,,,,,,,,,,,
2025-10-01 12:42:58,2025-10-01 12:42:57,2025-10-01 12:42:56,2025-10-01 12:42:57,867488067684034,2172,GTERI,0x19fe3fbf,0x00028102,802003,0x8303,0x0115,100,28052,0000,-,01,00,22,12,12,-,01,01,35.5,37.2,82,82,1041,1041,-25.056686,-25.056673,-51.540592,-51.54049,0724,0004,85da,0f6ad10a,9.6,90.3,90.3,0:42:06,7:05:46,-,-,0,-,,,,,04,3,00000000,00,10,
2025-10-01 12:45:16,,,,867488067684034,2174,HBD,,,,,,,,,,,,,,,,,,,,,,,,,,,,,,,,,,,,,,,,,,,,,,,,,,
2025-10-01 12:45:58,2025-10-01 12:45:57,2025-10-01 12:45:56,2025-10-01 12:42:59,867488067684034,2175,GTERI,0x19fe3fbf,0x00028102,802003,0x8303,0x0115,100,27902,0000,-,01,00,22,12,12,-,01,01,0.0,38.4,82,81,1069,1040,-25.052271,-25.056645,-51.537147,-51.540281,0724,0004,85da,0f6ad10a,10.5,91.2,90.3,0:45:06,7:08:46,-,-,0,-,,,,,04,3,00000000,00,10,
2025-10-01 12:47:16,,,,867488067684034,2177,HBD,,,,,,,,,,,,,,,,,,,,,,,,,,,,,,,,,,,,,,,,,,,,,,,,,,
2025-10-01 12:48:58,,,,867488067684034,2179,HBD,,,,,,,,,,,,,,,,,,,,,,,,,,,,,,,,,,,,,,,,,,,,,,,,,,
2025-10-01 12:48:58,2025-10-01 12:48:57,2025-10-01 12:48:55,2025-10-01 12:48:57,867488067684034,2180,GTERI,0x19fe3fbf,0x00028102,802003,0x8303,0x0115,100,28014,0000,-,01,00,22,12,12,-,01,01,30.0,33.1,352,354,1075,1073,-25.051957,-25.051795,-51.535056,-51.535074,0724,0004,85da,0f6ad10a,10.9,91.6,91.6,0:48:06,7:11:46,-,-,0,-,,,,,04,3,00000000,00,10,
2025-10-01 12:51:17,,,,867488067684034,2182,HBD,,,,,,,,,,,,,,,,,,,,,,,,,,,,,,,,,,,,,,,,,,,,,,,,,,
2025-10-01 12:51:58,2025-10-01 12:51:57,2025-10-01 12:51:56,2025-10-01 12:51:57,867488067684034,2183,GTERI,0x19fe3fbf,0x00028102,802003,0x8303,0x0115,100,27969,0000,-,01,00,22,12,12,-,01,01,42.5,43.0,352,351,1047,1046,-25.047573,-25.047467,-51.5367,-51.536719,0724,0004,85da,0f6ad10a,11.4,92.1,92.1,0:51:06,7:14:46,-,-,0,-,,,,,04,3,00000000,00,10,
2025-10-01 12:53:18,,,,867488067684034,2185,HBD,,,,,,,,,,,,,,,,,,,,,,,,,,,,,,,,,,,,,,,,,,,,,,,,,,
2025-10-01 12:54:58,,,,867488067684034,2187,HBD,,,,,,,,,,,,,,,,,,,,,,,,,,,,,,,,,,,,,,,,,,,,,,,,,,
2025-10-01 12:54:58,2025-10-01 12:54:57,2025-10-01 12:54:56,2025-10-01 12:51:58,867488067684034,2188,GTERI,0x19fe3fbf,0x00028102,802003,0x8303,0x0115,100,27920,0000,-,01,00,22,12,12,-,01,01,9.0,43.5,250,353,1068,1046,-25.043605,-25.04736,-51.535375,-51.536736,0724,0004,85da,0f6ad10a,12.2,92.9,92.1,0:54:06,7:17:46,-,-,0,-,,,,,04,3,00000000,00,10,
2025-10-01 12:57:19,,,,867488067684034,2190,HBD,,,,,,,,,,,,,,,,,,,,,,,,,,,,,,,,,,,,,,,,,,,,,,,,,,
2025-10-01 12:57:58,2025-10-01 12:57:57,2025-10-01 12:57:56,2025-10-01 12:55:05,867488067684034,2191,GTERI,0x19fe3fbf,0x00028102,802003,0x8303,0x0115,100,27868,0000,-,01,00,22,12,12,-,01,01,0.0,24.7,250,261,1068,1065,-25.042429,-25.043702,-51.53545,-51.535817,0724,0004,85da,0f6ad10b,12.7,93.3,92.9,0:57:06,7:20:46,-,-,0,-,,,,,04,3,00000000,00,10,
2025-10-01 12:59:19,,,,867488067684034,2193,HBD,,,,,,,,,,,,,,,,,,,,,,,,,,,,,,,,,,,,,,,,,,,,,,,,,,
2025-10-01 12:59:34,2025-10-01 12:59:34,2025-10-01 12:59:34,2025-10-01 12:59:34,867488067684034,2194,GTIGF,0x19fe7fbf,,802003,0x8303,0x0115,100,28024,0000,0000,00,00,12,12,12,3523,01,01,0.1,0.1,250,250,1074,1074,-25.042725,-25.042725,-51.534151,-51.534151,0724,0004,85da,0f6ad116,12.9,93.6,93.6,0:58:42,7:22:22,-,-,0,-,,,,,,,,,,
2025-10-01 12:59:35,2025-10-01 12:59:34,2025-10-01 12:59:34,2025-10-01 12:59:34,867488067684034,2195,GTSTT,0x19fe7fbf,,802003,0x8303,0x0115,100,28024,0000,0000,00,00,12,12,12,-,01,01,0.1,0.1,250,250,1074,1074,-25.042725,-25.042725,-51.534151,-51.534151,0724,0004,85da,0f6ad116,12.9,93.6,93.6,0:58:42,7:22:22,-,-,0,-,,,,,,,,,,
2025-10-01 12:59:35,2025-10-01 12:59:34,2025-10-01 12:59:35,2025-10-01 12:59:35,867488067684034,2196,GTIGL,0x19fe7fbf,,802003,0x8303,0x0115,100,28024,0000,0000,00,00,12,12,12,-,01,01,0.0,0.0,250,250,1074,1074,-25.042725,-25.042725,-51.534151,-51.534151,0724,0004,85da,0f6ad116,12.9,93.6,93.6,0:58:42,7:22:22,-,-,0,-,,,,,,,,,01,
2025-10-01 12:59:37,,,,867488067684034,2197,ACK,,,,,,,,,,,,,,,,,,,,,,,,,,,,,,,,,,,,,,,,,,,,,,,,,,
2025-10-01 12:59:37,,,,867488067684034,2198,ACK,,,,,,,,,,,,,,,,,,,,,,,,,,,,,,,,,,,,,,,,,,,,,,,,,,
2025-10-01 12:59:54,2025-10-01 12:59:54,2025-10-01 12:59:54,2025-10-01 12:59:54,867488067684034,2199,GTSTT,0x19fe7fbf,,802003,0x8303,0x0115,100,26279,0000,0000,00,00,11,12,12,-,01,01,0.0,0.0,250,250,1074,1074,-25.042725,-25.042725,-51.534151,-51.534151,0724,0004,85da,0f6ad116,12.9,93.6,93.6,0:58:42,7:22:22,-,-,0,-,,,,,,,,,,
2025-10-01 13:00:58,,,,867488067684034,2201,HBD,,,,,,,,,,,,,,,,,,,,,,,,,,,,,,,,,,,,,,,,,,,,,,,,,,
2025-10-01 13:00:58,2025-10-01 13:00:57,2025-10-01 13:00:56,2025-10-01 13:00:56,867488067684034,2202,GTERI,0x19fe3fbf,0x00028102,802003,0x8303,0x0115,100,25987,0000,-,00,00,11,12,12,-,01,01,0.0,0.0,250,250,1074,1074,-25.042725,-25.042725,-51.534151,-51.534151,0724,0004,85da,0f6ad116,12.9,93.6,93.6,0:58:42,7:22:22,-,-,0,-,,,,,04,1,00000000,00,10,
2025-10-01 13:03:20,,,,867488067684034,2204,HBD,,,,,,,,,,,,,,,,,,,,,,,,,,,,,,,,,,,,,,,,,,,,,,,,,,
2025-10-01 13:03:58,2025-10-01 13:03:57,2025-10-01 13:03:56,2025-10-01 13:03:56,867488067684034,2205,GTERI,0x19fe3fbf,0x00028102,802003,0x8303,0x0115,100,26058,0000,-,00,00,11,12,12,-,01,01,0.0,0.0,250,250,1074,1074,-25.042725,-25.042725,-51.534151,-51.534151,0724,0004,85da,0f6ad116,12.9,93.6,93.6,0:58:42,7:22:22,-,-,0,-,,,,,04,1,00000000,00,10,
2025-10-01 13:04:35,2025-10-01 13:04:34,2025-10-01 13:04:35,2025-10-01 13:04:35,867488067684034,2206,GTERI,0x19fe3fbf,0x00028102,802003,0x8303,0x0115,100,26025,0000,-,00,00,11,12,12,-,01,01,0.0,0.0,250,250,1074,1074,-25.042725,-25.042725,-51.534151,-51.534151,0724,0004,85da,0f6ad116,12.9,93.6,93.6,0:58:42,7:22:22,-,-,0,-,,,,,04,1,00000000,00,10,
2025-10-01 13:05:20,,,,867488067684034,2207,HBD,,,,,,,,,,,,,,,,,,,,,,,,,,,,,,,,,,,,,,,,,,,,,,,,,,
2025-10-01 13:07:21,,,,867488067684034,2208,HBD,,,,,,,,,,,,,,,,,,,,,,,,,,,,,,,,,,,,,,,,,,,,,,,,,,
2025-10-01 13:09:21,,,,867488067684034,2209,HBD,,,,,,,,,,,,,,,,,,,,,,,,,,,,,,,,,,,,,,,,,,,,,,,,,,
2025-10-01 13:11:22,,,,867488067684034,2210,HBD,,,,,,,,,,,,,,,,,,,,,,,,,,,,,,,,,,,,,,,,,,,,,,,,,,
2025-10-01 13:12:22,,,,867488067684034,2211,GTINF,,,,,,,,,,,,,,,,,,,,,,,,,,,,,,,,,,,,,,,,,,c1,4186,03,,,,,,
2025-10-01 13:13:22,,,,867488067684034,2212,HBD,,,,,,,,,,,,,,,,,,,,,,,,,,,,,,,,,,,,,,,,,,,,,,,,,,
2025-10-01 13:15:23,,,,867488067684034,2213,HBD,,,,,,,,,,,,,,,,,,,,,,,,,,,,,,,,,,,,,,,,,,,,,,,,,,
2025-10-01 13:17:23,,,,867488067684034,2214,HBD,,,,,,,,,,,,,,,,,,,,,,,,,,,,,,,,,,,,,,,,,,,,,,,,,,
2025-10-01 13:19:24,,,,867488067684034,2215,HBD,,,,,,,,,,,,,,,,,,,,,,,,,,,,,,,,,,,,,,,,,,,,,,,,,,
2025-10-01 13:21:24,,,,867488067684034,2216,HBD,,,,,,,,,,,,,,,,,,,,,,,,,,,,,,,,,,,,,,,,,,,,,,,,,,
2025-10-01 13:23:25,,,,867488067684034,2217,HBD,,,,,,,,,,,,,,,,,,,,,,,,,,,,,,,,,,,,,,,,,,,,,,,,,,
2025-10-01 13:25:25,,,,867488067684034,2218,HBD,,,,,,,,,,,,,,,,,,,,,,,,,,,,,,,,,,,,,,,,,,,,,,,,,,
2025-10-01 13:27:25,,,,867488067684034,2219,HBD,,,,,,,,,,,,,,,,,,,,,,,,,,,,,,,,,,,,,,,,,,,,,,,,,,
2025-10-01 13:29:26,,,,867488067684034,2220,HBD,,,,,,,,,,,,,,,,,,,,,,,,,,,,,,,,,,,,,,,,,,,,,,,,,,
2025-10-01 13:31:26,,,,867488067684034,2221,HBD,,,,,,,,,,,,,,,,,,,,,,,,,,,,,,,,,,,,,,,,,,,,,,,,,,
2025-10-01 13:33:27,,,,867488067684034,2222,HBD,,,,,,,,,,,,,,,,,,,,,,,,,,,,,,,,,,,,,,,,,,,,,,,,,,
2025-10-01 13:35:27,,,,867488067684034,2223,HBD,,,,,,,,,,,,,,,,,,,,,,,,,,,,,,,,,,,,,,,,,,,,,,,,,,
2025-10-01 13:37:28,,,,867488067684034,2224,HBD,,,,,,,,,,,,,,,,,,,,,,,,,,,,,,,,,,,,,,,,,,,,,,,,,,
2025-10-01 13:39:28,,,,867488067684034,2225,HBD,,,,,,,,,,,,,,,,,,,,,,,,,,,,,,,,,,,,,,,,,,,,,,,,,,
2025-10-01 13:41:29,,,,867488067684034,2226,HBD,,,,,,,,,,,,,,,,,,,,,,,,,,,,,,,,,,,,,,,,,,,,,,,,,,
2025-10-01 13:43:29,,,,867488067684034,2227,HBD,,,,,,,,,,,,,,,,,,,,,,,,,,,,,,,,,,,,,,,,,,,,,,,,,,
2025-10-01 13:45:29,,,,867488067684034,2228,HBD,,,,,,,,,,,,,,,,,,,,,,,,,,,,,,,,,,,,,,,,,,,,,,,,,,
2025-10-01 13:47:30,,,,867488067684034,2229,HBD,,,,,,,,,,,,,,,,,,,,,,,,,,,,,,,,,,,,,,,,,,,,,,,,,,
2025-10-01 13:49:30,,,,867488067684034,2230,HBD,,,,,,,,,,,,,,,,,,,,,,,,,,,,,,,,,,,,,,,,,,,,,,,,,,
2025-10-01 13:51:31,,,,867488067684034,2231,HBD,,,,,,,,,,,,,,,,,,,,,,,,,,,,,,,,,,,,,,,,,,,,,,,,,,
2025-10-01 13:53:31,,,,867488067684034,2232,HBD,,,,,,,,,,,,,,,,,,,,,,,,,,,,,,,,,,,,,,,,,,,,,,,,,,
2025-10-01 13:55:32,,,,867488067684034,2233,HBD,,,,,,,,,,,,,,,,,,,,,,,,,,,,,,,,,,,,,,,,,,,,,,,,,,
2025-10-01 13:57:32,,,,867488067684034,2234,HBD,,,,,,,,,,,,,,,,,,,,,,,,,,,,,,,,,,,,,,,,,,,,,,,,,,
2025-10-01 13:59:33,,,,867488067684034,2235,HBD,,,,,,,,,,,,,,,,,,,,,,,,,,,,,,,,,,,,,,,,,,,,,,,,,,
2025-10-01 14:01:33,,,,867488067684034,2236,HBD,,,,,,,,,,,,,,,,,,,,,,,,,,,,,,,,,,,,,,,,,,,,,,,,,,
2025-10-01 14:03:33,,,,867488067684034,2237,HBD,,,,,,,,,,,,,,,,,,,,,,,,,,,,,,,,,,,,,,,,,,,,,,,,,,
2025-10-01 14:04:30,2025-10-01 14:04:29,2025-10-01 14:02:03,2025-10-01 14:02:03,867488067684034,2238,GTERI,0x19fe3fbf,0x00028102,802003,0x8303,0x0115,100,25828,0000,-,00,00,11,12,12,-,01,01,0.0,0.0,250,250,1074,1074,-25.042725,-25.042725,-51.534151,-51.534151,0724,0004,85da,0f6ad10a,12.9,93.6,93.6,0:58:42,7:22:22,-,-,0,-,,,,,04,3,00000000,00,10,
2025-10-01 14:05:34,,,,867488067684034,2239,HBD,,,,,,,,,,,,,,,,,,,,,,,,,,,,,,,,,,,,,,,,,,,,,,,,,,
2025-10-01 14:07:34,,,,867488067684034,2240,HBD,,,,,,,,,,,,,,,,,,,,,,,,,,,,,,,,,,,,,,,,,,,,,,,,,,
2025-10-01 14:09:35,,,,867488067684034,2241,HBD,,,,,,,,,,,,,,,,,,,,,,,,,,,,,,,,,,,,,,,,,,,,,,,,,,
2025-10-01 14:11:35,,,,867488067684034,2242,HBD,,,,,,,,,,,,,,,,,,,,,,,,,,,,,,,,,,,,,,,,,,,,,,,,,,
2025-10-01 14:13:36,,,,867488067684034,2243,HBD,,,,,,,,,,,,,,,,,,,,,,,,,,,,,,,,,,,,,,,,,,,,,,,,,,
2025-10-01 14:15:36,,,,867488067684034,2244,HBD,,,,,,,,,,,,,,,,,,,,,,,,,,,,,,,,,,,,,,,,,,,,,,,,,,
2025-10-01 14:17:37,,,,867488067684034,2245,HBD,,,,,,,,,,,,,,,,,,,,,,,,,,,,,,,,,,,,,,,,,,,,,,,,,,
2025-10-01 14:19:37,,,,867488067684034,2246,HBD,,,,,,,,,,,,,,,,,,,,,,,,,,,,,,,,,,,,,,,,,,,,,,,,,,
2025-10-01 14:21:38,,,,867488067684034,2247,HBD,,,,,,,,,,,,,,,,,,,,,,,,,,,,,,,,,,,,,,,,,,,,,,,,,,
2025-10-01 14:23:38,,,,867488067684034,2248,HBD,,,,,,,,,,,,,,,,,,,,,,,,,,,,,,,,,,,,,,,,,,,,,,,,,,
2025-10-01 14:25:39,,,,867488067684034,2249,HBD,,,,,,,,,,,,,,,,,,,,,,,,,,,,,,,,,,,,,,,,,,,,,,,,,,
2025-10-01 14:27:39,,,,867488067684034,2250,HBD,,,,,,,,,,,,,,,,,,,,,,,,,,,,,,,,,,,,,,,,,,,,,,,,,,
2025-10-01 14:29:39,,,,867488067684034,2251,HBD,,,,,,,,,,,,,,,,,,,,,,,,,,,,,,,,,,,,,,,,,,,,,,,,,,
2025-10-01 14:31:40,,,,867488067684034,2252,HBD,,,,,,,,,,,,,,,,,,,,,,,,,,,,,,,,,,,,,,,,,,,,,,,,,,
2025-10-01 14:33:40,,,,867488067684034,2253,HBD,,,,,,,,,,,,,,,,,,,,,,,,,,,,,,,,,,,,,,,,,,,,,,,,,,
2025-10-01 14:35:41,,,,867488067684034,2254,HBD,,,,,,,,,,,,,,,,,,,,,,,,,,,,,,,,,,,,,,,,,,,,,,,,,,
2025-10-01 14:37:41,,,,867488067684034,2255,HBD,,,,,,,,,,,,,,,,,,,,,,,,,,,,,,,,,,,,,,,,,,,,,,,,,,
2025-10-01 14:39:42,,,,867488067684034,2256,HBD,,,,,,,,,,,,,,,,,,,,,,,,,,,,,,,,,,,,,,,,,,,,,,,,,,
2025-10-01 14:41:42,,,,867488067684034,2257,HBD,,,,,,,,,,,,,,,,,,,,,,,,,,,,,,,,,,,,,,,,,,,,,,,,,,
2025-10-01 14:43:43,,,,867488067684034,2258,HBD,,,,,,,,,,,,,,,,,,,,,,,,,,,,,,,,,,,,,,,,,,,,,,,,,,
2025-10-01 14:45:43,,,,867488067684034,2259,HBD,,,,,,,,,,,,,,,,,,,,,,,,,,,,,,,,,,,,,,,,,,,,,,,,,,
2025-10-01 14:47:43,,,,867488067684034,2260,HBD,,,,,,,,,,,,,,,,,,,,,,,,,,,,,,,,,,,,,,,,,,,,,,,,,,
2025-10-01 14:49:44,,,,867488067684034,2261,HBD,,,,,,,,,,,,,,,,,,,,,,,,,,,,,,,,,,,,,,,,,,,,,,,,,,
2025-10-01 14:51:44,,,,867488067684034,2262,HBD,,,,,,,,,,,,,,,,,,,,,,,,,,,,,,,,,,,,,,,,,,,,,,,,,,
2025-10-01 14:53:45,,,,867488067684034,2263,HBD,,,,,,,,,,,,,,,,,,,,,,,,,,,,,,,,,,,,,,,,,,,,,,,,,,
2025-10-01 14:55:45,,,,867488067684034,2264,HBD,,,,,,,,,,,,,,,,,,,,,,,,,,,,,,,,,,,,,,,,,,,,,,,,,,
2025-10-01 14:57:46,,,,867488067684034,2265,HBD,,,,,,,,,,,,,,,,,,,,,,,,,,,,,,,,,,,,,,,,,,,,,,,,,,
2025-10-01 14:59:46,,,,867488067684034,2266,HBD,,,,,,,,,,,,,,,,,,,,,,,,,,,,,,,,,,,,,,,,,,,,,,,,,,
2025-10-01 15:01:47,,,,867488067684034,2267,HBD,,,,,,,,,,,,,,,,,,,,,,,,,,,,,,,,,,,,,,,,,,,,,,,,,,
2025-10-01 15:03:47,,,,867488067684034,2268,HBD,,,,,,,,,,,,,,,,,,,,,,,,,,,,,,,,,,,,,,,,,,,,,,,,,,
2025-10-01 15:04:30,2025-10-01 15:04:29,2025-10-01 15:02:03,2025-10-01 15:02:03,867488067684034,2269,GTERI,0x19fe3fbf,0x00028102,802003,0x8303,0x0115,100,25734,0000,-,00,00,11,12,12,-,01,01,0.0,0.0,250,250,1074,1074,-25.042725,-25.042725,-51.534151,-51.534151,0724,0004,85da,0f6ad10a,12.9,93.6,93.6,0:58:42,7:22:22,-,-,0,-,,,,,04,3,00000000,00,10,
2025-10-01 15:05:48,,,,867488067684034,2270,HBD,,,,,,,,,,,,,,,,,,,,,,,,,,,,,,,,,,,,,,,,,,,,,,,,,,
2025-10-01 15:07:48,,,,867488067684034,2271,HBD,,,,,,,,,,,,,,,,,,,,,,,,,,,,,,,,,,,,,,,,,,,,,,,,,,
2025-10-01 15:09:49,,,,867488067684034,2272,HBD,,,,,,,,,,,,,,,,,,,,,,,,,,,,,,,,,,,,,,,,,,,,,,,,,,
2025-10-01 15:11:49,,,,867488067684034,2273,HBD,,,,,,,,,,,,,,,,,,,,,,,,,,,,,,,,,,,,,,,,,,,,,,,,,,
2025-10-01 15:13:49,,,,867488067684034,2274,HBD,,,,,,,,,,,,,,,,,,,,,,,,,,,,,,,,,,,,,,,,,,,,,,,,,,
2025-10-01 15:15:50,,,,867488067684034,2275,HBD,,,,,,,,,,,,,,,,,,,,,,,,,,,,,,,,,,,,,,,,,,,,,,,,,,
2025-10-01 15:17:50,,,,867488067684034,2276,HBD,,,,,,,,,,,,,,,,,,,,,,,,,,,,,,,,,,,,,,,,,,,,,,,,,,
2025-10-01 15:19:51,,,,867488067684034,2277,HBD,,,,,,,,,,,,,,,,,,,,,,,,,,,,,,,,,,,,,,,,,,,,,,,,,,
2025-10-01 15:21:51,,,,867488067684034,2278,HBD,,,,,,,,,,,,,,,,,,,,,,,,,,,,,,,,,,,,,,,,,,,,,,,,,,
2025-10-01 15:23:52,,,,867488067684034,2279,HBD,,,,,,,,,,,,,,,,,,,,,,,,,,,,,,,,,,,,,,,,,,,,,,,,,,
2025-10-01 15:24:52,,,,867488067684034,2280,HBD,,,,,,,,,,,,,,,,,,,,,,,,,,,,,,,,,,,,,,,,,,,,,,,,,,
2025-10-01 15:26:52,,,,867488067684034,2281,HBD,,,,,,,,,,,,,,,,,,,,,,,,,,,,,,,,,,,,,,,,,,,,,,,,,,
2025-10-01 15:28:53,,,,867488067684034,2282,HBD,,,,,,,,,,,,,,,,,,,,,,,,,,,,,,,,,,,,,,,,,,,,,,,,,,
2025-10-01 15:30:53,,,,867488067684034,2283,HBD,,,,,,,,,,,,,,,,,,,,,,,,,,,,,,,,,,,,,,,,,,,,,,,,,,
2025-10-01 15:32:54,,,,867488067684034,2284,HBD,,,,,,,,,,,,,,,,,,,,,,,,,,,,,,,,,,,,,,,,,,,,,,,,,,
2025-10-01 15:34:54,,,,867488067684034,2285,HBD,,,,,,,,,,,,,,,,,,,,,,,,,,,,,,,,,,,,,,,,,,,,,,,,,,
2025-10-01 15:36:54,,,,867488067684034,2286,HBD,,,,,,,,,,,,,,,,,,,,,,,,,,,,,,,,,,,,,,,,,,,,,,,,,,
2025-10-01 15:38:55,,,,867488067684034,2287,HBD,,,,,,,,,,,,,,,,,,,,,,,,,,,,,,,,,,,,,,,,,,,,,,,,,,
2025-10-01 15:40:55,,,,867488067684034,2288,HBD,,,,,,,,,,,,,,,,,,,,,,,,,,,,,,,,,,,,,,,,,,,,,,,,,,
2025-10-01 15:42:56,,,,867488067684034,2289,HBD,,,,,,,,,,,,,,,,,,,,,,,,,,,,,,,,,,,,,,,,,,,,,,,,,,
2025-10-01 15:44:56,,,,867488067684034,2290,HBD,,,,,,,,,,,,,,,,,,,,,,,,,,,,,,,,,,,,,,,,,,,,,,,,,,
2025-10-01 15:46:57,,,,867488067684034,2291,HBD,,,,,,,,,,,,,,,,,,,,,,,,,,,,,,,,,,,,,,,,,,,,,,,,,,
2025-10-01 15:48:57,,,,867488067684034,2292,HBD,,,,,,,,,,,,,,,,,,,,,,,,,,,,,,,,,,,,,,,,,,,,,,,,,,
2025-10-01 15:50:58,,,,867488067684034,2293,HBD,,,,,,,,,,,,,,,,,,,,,,,,,,,,,,,,,,,,,,,,,,,,,,,,,,
2025-10-01 15:52:58,,,,867488067684034,2294,HBD,,,,,,,,,,,,,,,,,,,,,,,,,,,,,,,,,,,,,,,,,,,,,,,,,,
2025-10-01 15:54:58,,,,867488067684034,2295,HBD,,,,,,,,,,,,,,,,,,,,,,,,,,,,,,,,,,,,,,,,,,,,,,,,,,
2025-10-01 15:56:59,,,,867488067684034,2296,HBD,,,,,,,,,,,,,,,,,,,,,,,,,,,,,,,,,,,,,,,,,,,,,,,,,,
2025-10-01 15:58:59,,,,867488067684034,2297,HBD,,,,,,,,,,,,,,,,,,,,,,,,,,,,,,,,,,,,,,,,,,,,,,,,,,
2025-10-01 16:01:00,,,,867488067684034,2298,HBD,,,,,,,,,,,,,,,,,,,,,,,,,,,,,,,,,,,,,,,,,,,,,,,,,,
2025-10-01 16:03:00,,,,867488067684034,2299,HBD,,,,,,,,,,,,,,,,,,,,,,,,,,,,,,,,,,,,,,,,,,,,,,,,,,
2025-10-01 16:04:30,2025-10-01 16:04:29,2025-10-01 16:02:07,2025-10-01 16:02:07,867488067684034,2300,GTERI,0x19fe3fbf,0x00028102,802003,0x8303,0x0115,100,25568,0000,-,00,00,11,4,4,-,01,01,0.0,0.0,250,250,1074,1074,-25.042725,-25.042725,-51.534151,-51.534151,0724,0004,85da,0f6ad10a,12.9,93.6,93.6,0:58:42,7:22:22,-,-,0,-,,,,,04,3,00000000,00,10,
2025-10-01 16:05:01,,,,867488067684034,2301,HBD,,,,,,,,,,,,,,,,,,,,,,,,,,,,,,,,,,,,,,,,,,,,,,,,,,
2025-10-01 16:07:01,,,,867488067684034,2302,HBD,,,,,,,,,,,,,,,,,,,,,,,,,,,,,,,,,,,,,,,,,,,,,,,,,,
2025-10-01 16:09:02,,,,867488067684034,2303,HBD,,,,,,,,,,,,,,,,,,,,,,,,,,,,,,,,,,,,,,,,,,,,,,,,,,
2025-10-01 16:11:02,,,,867488067684034,2304,HBD,,,,,,,,,,,,,,,,,,,,,,,,,,,,,,,,,,,,,,,,,,,,,,,,,,
2025-10-01 16:13:03,,,,867488067684034,2305,HBD,,,,,,,,,,,,,,,,,,,,,,,,,,,,,,,,,,,,,,,,,,,,,,,,,,
2025-10-01 16:15:03,,,,867488067684034,2306,HBD,,,,,,,,,,,,,,,,,,,,,,,,,,,,,,,,,,,,,,,,,,,,,,,,,,
2025-10-01 16:17:04,,,,867488067684034,2307,HBD,,,,,,,,,,,,,,,,,,,,,,,,,,,,,,,,,,,,,,,,,,,,,,,,,,
2025-10-01 16:19:04,,,,867488067684034,2308,HBD,,,,,,,,,,,,,,,,,,,,,,,,,,,,,,,,,,,,,,,,,,,,,,,,,,
2025-10-01 16:21:05,,,,867488067684034,2309,HBD,,,,,,,,,,,,,,,,,,,,,,,,,,,,,,,,,,,,,,,,,,,,,,,,,,
2025-10-01 16:23:05,,,,867488067684034,2310,HBD,,,,,,,,,,,,,,,,,,,,,,,,,,,,,,,,,,,,,,,,,,,,,,,,,,
2025-10-01 16:25:05,,,,867488067684034,2311,HBD,,,,,,,,,,,,,,,,,,,,,,,,,,,,,,,,,,,,,,,,,,,,,,,,,,
2025-10-01 16:27:06,,,,867488067684034,2312,HBD,,,,,,,,,,,,,,,,,,,,,,,,,,,,,,,,,,,,,,,,,,,,,,,,,,
2025-10-01 16:29:06,,,,867488067684034,2313,HBD,,,,,,,,,,,,,,,,,,,,,,,,,,,,,,,,,,,,,,,,,,,,,,,,,,
2025-10-01 16:31:07,,,,867488067684034,2314,HBD,,,,,,,,,,,,,,,,,,,,,,,,,,,,,,,,,,,,,,,,,,,,,,,,,,
2025-10-01 16:33:07,,,,867488067684034,2315,HBD,,,,,,,,,,,,,,,,,,,,,,,,,,,,,,,,,,,,,,,,,,,,,,,,,,
2025-10-01 16:35:08,,,,867488067684034,2316,HBD,,,,,,,,,,,,,,,,,,,,,,,,,,,,,,,,,,,,,,,,,,,,,,,,,,
2025-10-01 16:37:08,,,,867488067684034,2317,HBD,,,,,,,,,,,,,,,,,,,,,,,,,,,,,,,,,,,,,,,,,,,,,,,,,,
2025-10-01 16:39:09,,,,867488067684034,2318,HBD,,,,,,,,,,,,,,,,,,,,,,,,,,,,,,,,,,,,,,,,,,,,,,,,,,
2025-10-01 16:41:09,,,,867488067684034,2319,HBD,,,,,,,,,,,,,,,,,,,,,,,,,,,,,,,,,,,,,,,,,,,,,,,,,,
2025-10-01 16:43:10,,,,867488067684034,2320,HBD,,,,,,,,,,,,,,,,,,,,,,,,,,,,,,,,,,,,,,,,,,,,,,,,,,
2025-10-01 16:45:10,,,,867488067684034,2321,HBD,,,,,,,,,,,,,,,,,,,,,,,,,,,,,,,,,,,,,,,,,,,,,,,,,,
2025-10-01 16:47:10,,,,867488067684034,2322,HBD,,,,,,,,,,,,,,,,,,,,,,,,,,,,,,,,,,,,,,,,,,,,,,,,,,
2025-10-01 16:49:11,,,,867488067684034,2323,HBD,,,,,,,,,,,,,,,,,,,,,,,,,,,,,,,,,,,,,,,,,,,,,,,,,,
2025-10-01 16:51:11,,,,867488067684034,2324,HBD,,,,,,,,,,,,,,,,,,,,,,,,,,,,,,,,,,,,,,,,,,,,,,,,,,
2025-10-01 16:53:12,,,,867488067684034,2325,HBD,,,,,,,,,,,,,,,,,,,,,,,,,,,,,,,,,,,,,,,,,,,,,,,,,,
2025-10-01 16:55:09,,,,867488067684034,2326,HBD,,,,,,,,,,,,,,,,,,,,,,,,,,,,,,,,,,,,,,,,,,,,,,,,,,
2025-10-01 16:55:09,2025-10-01 16:55:08,2025-10-01 16:02:07,2025-10-01 12:58:22,867488067684034,2328,GTIGN,0x19fe7fbf,,802003,0x8303,0x0115,100,25539,0000,0000,01,00,21,4,12,14134,00,01,0.0,27.7,250,79,1074,1069,-25.042725,-25.042429,-51.534151,-51.535011,0724,0004,85da,0f6ad10a,0.0,93.6,93.4,0:00:00,7:22:22,-,-,0,-,,,,,,,,,,
2025-10-01 16:55:09,2025-10-01 16:55:08,2025-10-01 16:02:07,2025-10-01 16:02:07,867488067684034,2329,GTSTT,0x19fe7fbf,,802003,0x8303,0x0115,100,25539,0000,0000,01,00,21,4,4,-,00,00,0.0,0.0,250,250,1074,1074,-25.042725,-25.042725,-51.534151,-51.534151,0724,0004,85da,0f6ad10a,0.0,93.6,93.6,0:00:00,7:22:22,-,-,0,-,,,,,,,,,,
2025-10-01 16:55:11,2025-10-01 16:55:10,2025-10-01 16:02:07,2025-10-01 16:02:07,867488067684034,2330,GTSTT,0x19fe7fbf,,802003,0x8303,0x0115,100,24995,0000,0000,01,00,22,4,4,-,00,00,0.0,0.0,250,250,1074,1074,-25.042725,-25.042725,-51.534151,-51.534151,0724,0004,85da,0f6ad10a,0.0,93.6,93.6,0:00:00,7:22:22,-,-,0,-,,,,,,,,,,
2025-10-01 16:55:36,2025-10-01 16:55:35,2025-10-01 16:55:36,2025-10-01 16:55:36,867488067684034,2331,GTERI,0x19fe3fbf,0x00028102,802003,0x8303,0x0115,100,27882,0000,-,01,00,22,6,6,-,01,01,0.0,0.0,250,250,1077,1077,-25.04275,-25.04275,-51.534039,-51.534039,0724,0004,85da,0f6ad10a,0.0,93.6,93.6,0:00:27,7:22:49,-,-,0,-,,,,,04,3,00000000,00,10,
2025-10-01 16:55:36,2025-10-01 16:55:35,2025-10-01 16:55:36,2025-10-01 16:55:36,867488067684034,2332,GTIGL,0x19fe7fbf,,802003,0x8303,0x0115,100,27882,0000,0000,01,00,22,6,6,-,01,01,0.0,0.0,250,250,1077,1077,-25.04275,-25.04275,-51.534039,-51.534039,0724,0004,85da,0f6ad10a,0.0,93.6,93.6,0:00:27,7:22:49,-,-,0,-,,,,,,,,,00,
2025-10-01 16:57:13,,,,867488067684034,2333,HBD,,,,,,,,,,,,,,,,,,,,,,,,,,,,,,,,,,,,,,,,,,,,,,,,,,
2025-10-01 16:58:16,2025-10-01 16:58:15,2025-10-01 16:58:14,2025-10-01 16:57:50,867488067684034,2335,GTERI,0x19fe3fbf,0x00028102,802003,0x8303,0x0115,100,27971,0000,-,01,00,22,12,12,-,01,01,36.9,42.9,168,165,1055,1054,-25.045975,-25.044489,-51.535832,-51.536197,0724,0004,85da,0f6ad116,0.6,94.2,94.0,0:03:06,7:25:28,-,-,0,-,,,,,04,1,00000000,00,10,
2025-10-01 16:59:12,,,,867488067684034,2336,HBD,,,,,,,,,,,,,,,,,,,,,,,,,,,,,,,,,,,,,,,,,,,,,,,,,,
2025-10-01 16:59:13,,,,867488067684034,2338,ACK,,,,,,,,,,,,,,,,,,,,,,,,,,,,,,,,,,,,,,,,,,,,,,,,,,
2025-10-01 16:59:13,,,,867488067684034,2339,ACK,,,,,,,,,,,,,,,,,,,,,,,,,,,,,,,,,,,,,,,,,,,,,,,,,,
2025-10-01 16:59:14,,,,867488067684034,2340,ACK,,,,,,,,,,,,,,,,,,,,,,,,,,,,,,,,,,,,,,,,,,,,,,,,,,
2025-10-01 17:01:14,,,,867488067684034,2341,HBD,,,,,,,,,,,,,,,,,,,,,,,,,,,,,,,,,,,,,,,,,,,,,,,,,,
2025-10-01 17:01:16,2025-10-01 17:01:15,2025-10-01 17:01:14,2025-10-01 16:58:21,867488067684034,2343,GTERI,0x19fe3fbf,0x00028102,802003,0x8303,0x0115,100,27888,0000,-,01,00,22,12,12,-,01,01,0.0,47.8,168,173,1059,1056,-25.048482,-25.046699,-51.535915,-51.535698,0724,0004,85da,0f6ad10a,0.9,94.5,94.3,0:06:06,7:28:28,-,-,0,-,,,,,04,3,00000000,00,10,
2025-10-01 17:03:14,,,,867488067684034,2344,HBD,,,,,,,,,,,,,,,,,,,,,,,,,,,,,,,,,,,,,,,,,,,,,,,,,,
2025-10-01 17:04:16,2025-10-01 17:04:15,2025-10-01 17:04:14,2025-10-01 17:04:15,867488067684034,2346,GTERI,0x19fe3fbf,0x00028102,802003,0x8303,0x0115,100,28029,0000,-,01,00,22,12,12,-,01,01,0.0,0.0,168,168,1059,1059,-25.048482,-25.048482,-51.535915,-51.535915,0724,0004,85da,0f6ad10a,0.9,94.5,94.5,0:09:06,7:31:28,-,-,0,-,,,,,04,3,00000000,00,10,
2025-10-01 17:05:15,,,,867488067684034,2347,HBD,,,,,,,,,,,,,,,,,,,,,,,,,,,,,,,,,,,,,,,,,,,,,,,,,,
2025-10-01 17:07:15,,,,867488067684034,2349,HBD,,,,,,,,,,,,,,,,,,,,,,,,,,,,,,,,,,,,,,,,,,,,,,,,,,
2025-10-01 17:07:16,2025-10-01 17:07:15,2025-10-01 17:07:14,2025-10-01 17:06:57,867488067684034,2351,GTERI,0x19fe3fbf,0x00028102,802003,0x8303,0x0115,100,27945,0000,-,01,00,22,12,12,-,01,01,31.8,46.2,173,174,1076,1062,-25.051853,-25.0503,-51.534989,-51.535132,0724,0004,85da,0f6ad10a,1.4,95.0,94.8,0:12:06,7:34:28,-,-,0,-,,,,,04,3,00000000,00,10,
2025-10-01 17:09:16,,,,867488067684034,2352,HBD,,,,,,,,,,,,,,,,,,,,,,,,,,,,,,,,,,,,,,,,,,,,,,,,,,
2025-10-01 17:10:16,2025-10-01 17:10:15,2025-10-01 17:10:14,2025-10-01 17:08:15,867488067684034,2354,GTERI,0x19fe3fbf,0x00028102,802003,0x8303,0x0115,100,28021,0000,-,01,00,22,12,12,-,01,01,30.7,41.8,73,353,1082,1073,-25.052045,-25.051595,-51.528667,-51.535015,0724,0004,85da,0f6ad109,2.5,96.1,95.2,0:15:06,7:37:28,-,-,0,-,,,,,04,3,00000000,00,10,
2025-10-01 17:11:17,,,,867488067684034,2355,HBD,,,,,,,,,,,,,,,,,,,,,,,,,,,,,,,,,,,,,,,,,,,,,,,,,,
2025-10-01 17:13:16,,,,867488067684034,2357,HBD,,,,,,,,,,,,,,,,,,,,,,,,,,,,,,,,,,,,,,,,,,,,,,,,,,
2025-10-01 17:13:16,2025-10-01 17:13:15,2025-10-01 17:13:14,2025-10-01 17:10:56,867488067684034,2359,GTERI,0x19fe3fbf,0x00028102,802003,0x8303,0x0115,100,27929,0000,-,01,00,22,12,12,-,01,01,20.7,36.8,217,98,1019,1049,-25.053381,-25.052093,-51.518996,-51.525292,0724,0004,85da,0f6ad115,3.5,97.1,96.4,0:18:06,7:40:28,-,-,0,-,,,,,04,1,00000000,00,10,
2025-10-01 17:15:17,,,,867488067684034,2360,HBD,,,,,,,,,,,,,,,,,,,,,,,,,,,,,,,,,,,,,,,,,,,,,,,,,,
2025-10-01 17:15:38,,,,867488067684034,2360,HBD,,,,,,,,,,,,,,,,,,,,,,,,,,,,,,,,,,,,,,,,,,,,,,,,,,
2025-10-01 17:15:58,,,,867488067684034,2360,HBD,,,,,,,,,,,,,,,,,,,,,,,,,,,,,,,,,,,,,,,,,,,,,,,,,,
2025-10-01 17:16:18,,,,867488067684034,2360,HBD,,,,,,,,,,,,,,,,,,,,,,,,,,,,,,,,,,,,,,,,,,,,,,,,,,
2025-10-01 17:16:38,,,,867488067684034,2360,HBD,,,,,,,,,,,,,,,,,,,,,,,,,,,,,,,,,,,,,,,,,,,,,,,,,,
2025-10-01 17:17:34,,,,867488067684034,2360,HBD,,,,,,,,,,,,,,,,,,,,,,,,,,,,,,,,,,,,,,,,,,,,,,,,,,
2025-10-01 17:17:54,,,,867488067684034,2360,HBD,,,,,,,,,,,,,,,,,,,,,,,,,,,,,,,,,,,,,,,,,,,,,,,,,,
2025-10-01 17:18:14,,,,867488067684034,2360,HBD,,,,,,,,,,,,,,,,,,,,,,,,,,,,,,,,,,,,,,,,,,,,,,,,,,
2025-10-01 17:18:34,,,,867488067684034,2360,HBD,,,,,,,,,,,,,,,,,,,,,,,,,,,,,,,,,,,,,,,,,,,,,,,,,,
2025-10-01 17:18:54,,,,867488067684034,2360,HBD,,,,,,,,,,,,,,,,,,,,,,,,,,,,,,,,,,,,,,,,,,,,,,,,,,
2025-10-01 17:19:50,,,,867488067684034,2360,HBD,,,,,,,,,,,,,,,,,,,,,,,,,,,,,,,,,,,,,,,,,,,,,,,,,,
2025-10-01 17:20:10,,,,867488067684034,2360,HBD,,,,,,,,,,,,,,,,,,,,,,,,,,,,,,,,,,,,,,,,,,,,,,,,,,
2025-10-01 17:20:30,,,,867488067684034,2360,HBD,,,,,,,,,,,,,,,,,,,,,,,,,,,,,,,,,,,,,,,,,,,,,,,,,,
2025-10-01 17:20:30,2025-10-01 17:16:15,2025-10-01 17:16:14,2025-10-01 17:14:55,867488067684034,2362,GTERI,0x19fe3fbf,0x00028102,802003,0x8303,0x0115,100,28020,0000,-,01,00,22,12,12,-,01,01,27.4,37.1,256,347,1049,1014,-25.051895,-25.05416,-51.523946,-51.519105,0724,0004,85da,0f6ad109,4.6,98.2,97.5,0:21:06,7:43:28,-,-,0,-,,,,,04,3,00000000,00,10,
2025-10-01 17:20:31,,,,867488067684034,2363,HBD,,,,,,,,,,,,,,,,,,,,,,,,,,,,,,,,,,,,,,,,,,,,,,,,,,
2025-10-01 17:20:31,2025-10-01 17:16:58,2025-10-01 17:16:59,2025-10-01 17:16:33,867488067684034,2364,GTPDP,0x19fe7fbf,,802003,0x8303,0x0115,100,28051,0000,0000,01,00,22,12,12,-,01,01,32.2,41.4,257,279,1076,1051,-25.05187,-25.052004,-51.528158,-51.525725,0724,0004,85da,0f6ad109,5.0,98.6,98.3,0:21:48,7:44:10,-,-,0,-,,,,,,,,,,
2025-10-01 17:20:32,,,,867488067684034,2367,HBD,,,,,,,,,,,,,,,,,,,,,,,,,,,,,,,,,,,,,,,,,,,,,,,,,,
2025-10-01 17:20:32,2025-10-01 17:19:14,2025-10-01 17:19:15,2025-10-01 17:18:33,867488067684034,2368,GTPDP,0x19fe7fbf,,802003,0x8303,0x0115,100,28052,0000,0000,01,00,22,12,12,-,01,01,24.2,55.7,262,263,1058,1069,-25.048569,-25.048275,-51.536471,-51.533173,0724,0004,85da,0f6ad10a,6.1,99.7,99.3,0:24:06,7:46:28,-,-,0,-,,,,,,,,,,
2025-10-01 17:20:33,2025-10-01 17:19:15,2025-10-01 17:19:14,2025-10-01 17:19:14,867488067684034,2369,GTERI,0x19fe3fbf,0x00028102,802003,0x8303,0x0115,100,28052,0000,-,01,00,22,12,12,-,01,01,25.2,25.2,262,262,1058,1058,-25.048561,-25.048561,-51.536405,-51.536405,0724,0004,85da,0f6ad10a,6.1,99.7,99.7,0:24:06,7:46:28,-,-,0,-,,,,,04,3,00000000,00,10,
2025-10-01 17:20:33,,,,867488067684034,2371,HBD,,,,,,,,,,,,,,,,,,,,,,,,,,,,,,,,,,,,,,,,,,,,,,,,,,
2025-10-01 17:20:34,,,,867488067684034,2373,HBD,,,,,,,,,,,,,,,,,,,,,,,,,,,,,,,,,,,,,,,,,,,,,,,,,,
2025-10-01 17:21:41,2025-10-01 17:21:40,2025-10-01 17:21:40,2025-10-01 17:21:40,867488067684034,2374,GTIGF,0x19fe7fbf,,802003,0x8303,0x0115,100,27992,0000,0000,00,00,12,12,12,1592,01,01,0.1,0.1,262,262,1027,1027,-25.047392,-25.047392,-51.540841,-51.540841,0724,0004,85da,0f6ad10a,6.8,100.4,100.4,0:26:30,7:48:52,-,-,0,-,,,,,,,,,,
2025-10-01 17:21:41,2025-10-01 17:21:40,2025-10-01 17:21:40,2025-10-01 17:21:40,867488067684034,2375,GTSTT,0x19fe7fbf,,802003,0x8303,0x0115,100,27992,0000,0000,00,00,12,12,12,-,01,01,0.1,0.1,262,262,1027,1027,-25.047392,-25.047392,-51.540841,-51.540841,0724,0004,85da,0f6ad10a,6.8,100.4,100.4,0:26:30,7:48:52,-,-,0,-,,,,,,,,,,
2025-10-01 17:21:41,2025-10-01 17:21:40,2025-10-01 17:21:41,2025-10-01 17:21:41,867488067684034,2376,GTIGL,0x19fe7fbf,,802003,0x8303,0x0115,100,27992,0000,0000,00,00,12,12,12,-,01,01,0.1,0.1,262,262,1028,1028,-25.047392,-25.047392,-51.540841,-51.540841,0724,0004,85da,0f6ad10a,6.8,100.4,100.4,0:26:30,7:48:52,-,-,0,-,,,,,,,,,01,
2025-10-01 17:21:44,,,,867488067684034,2377,ACK,,,,,,,,,,,,,,,,,,,,,,,,,,,,,,,,,,,,,,,,,,,,,,,,,,
2025-10-01 17:21:45,,,,867488067684034,2378,ACK,,,,,,,,,,,,,,,,,,,,,,,,,,,,,,,,,,,,,,,,,,,,,,,,,,
2025-10-01 17:22:16,,,,867488067684034,2380,HBD,,,,,,,,,,,,,,,,,,,,,,,,,,,,,,,,,,,,,,,,,,,,,,,,,,
2025-10-01 17:22:16,2025-10-01 17:22:15,2025-10-01 17:22:14,2025-10-01 17:22:14,867488067684034,2381,GTERI,0x19fe3fbf,0x00028102,802003,0x8303,0x0115,100,26194,0000,-,00,00,12,12,12,-,01,01,0.0,0.0,262,262,1028,1028,-25.047392,-25.047392,-51.540841,-51.540841,0724,0004,85da,0f6ad10a,6.8,100.4,100.4,0:26:30,7:48:52,-,-,0,-,,,,,04,3,00000000,00,10,
2025-10-01 17:22:27,2025-10-01 17:22:26,2025-10-01 17:22:27,2025-10-01 17:22:27,867488067684034,2382,GTSTT,0x19fe7fbf,,802003,0x8303,0x0115,100,26134,0000,0000,00,00,11,12,12,-,01,01,0.0,0.0,262,262,1028,1028,-25.047392,-25.047392,-51.540841,-51.540841,0724,0004,85da,0f6ad10a,6.8,100.4,100.4,0:26:30,7:48:52,-,-,0,-,,,,,,,,,,
2025-10-01 17:24:21,,,,867488067684034,2384,HBD,,,,,,,,,,,,,,,,,,,,,,,,,,,,,,,,,,,,,,,,,,,,,,,,,,
2025-10-01 17:25:16,2025-10-01 17:25:15,2025-10-01 17:25:14,2025-10-01 17:25:14,867488067684034,2385,GTERI,0x19fe3fbf,0x00028102,802003,0x8303,0x0115,100,26087,0000,-,00,00,11,12,12,-,01,01,0.0,0.0,262,262,1028,1028,-25.047392,-25.047392,-51.540841,-51.540841,0724,0004,85da,0f6ad10a,6.8,100.4,100.4,0:26:30,7:48:52,-,-,0,-,,,,,04,3,00000000,00,10,
2025-10-01 17:26:21,,,,867488067684034,2387,HBD,,,,,,,,,,,,,,,,,,,,,,,,,,,,,,,,,,,,,,,,,,,,,,,,,,
2025-10-01 17:26:41,2025-10-01 17:26:40,2025-10-01 17:26:41,2025-10-01 17:26:41,867488067684034,2388,GTERI,0x19fe3fbf,0x00028102,802003,0x8303,0x0115,100,26053,0000,-,00,00,11,12,12,-,01,01,0.0,0.0,262,262,1028,1028,-25.047392,-25.047392,-51.540841,-51.540841,0724,0004,85da,0f6ad10a,6.8,100.4,100.4,0:26:30,7:48:52,-,-,0,-,,,,,04,3,00000000,00,10,
2025-10-01 17:28:22,,,,867488067684034,2389,HBD,,,,,,,,,,,,,,,,,,,,,,,,,,,,,,,,,,,,,,,,,,,,,,,,,,
2025-10-01 17:30:22,,,,867488067684034,2390,HBD,,,,,,,,,,,,,,,,,,,,,,,,,,,,,,,,,,,,,,,,,,,,,,,,,,
2025-10-01 17:32:23,,,,867488067684034,2391,HBD,,,,,,,,,,,,,,,,,,,,,,,,,,,,,,,,,,,,,,,,,,,,,,,,,,
2025-10-01 17:34:23,,,,867488067684034,2392,HBD,,,,,,,,,,,,,,,,,,,,,,,,,,,,,,,,,,,,,,,,,,,,,,,,,,
2025-10-01 17:36:24,,,,867488067684034,2393,HBD,,,,,,,,,,,,,,,,,,,,,,,,,,,,,,,,,,,,,,,,,,,,,,,,,,
2025-10-01 17:38:24,,,,867488067684034,2394,HBD,,,,,,,,,,,,,,,,,,,,,,,,,,,,,,,,,,,,,,,,,,,,,,,,,,
2025-10-01 17:40:25,,,,867488067684034,2395,HBD,,,,,,,,,,,,,,,,,,,,,,,,,,,,,,,,,,,,,,,,,,,,,,,,,,
2025-10-01 17:42:25,,,,867488067684034,2396,HBD,,,,,,,,,,,,,,,,,,,,,,,,,,,,,,,,,,,,,,,,,,,,,,,,,,
2025-10-01 17:44:25,,,,867488067684034,2397,HBD,,,,,,,,,,,,,,,,,,,,,,,,,,,,,,,,,,,,,,,,,,,,,,,,,,
2025-10-01 17:46:26,,,,867488067684034,2398,HBD,,,,,,,,,,,,,,,,,,,,,,,,,,,,,,,,,,,,,,,,,,,,,,,,,,
2025-10-01 17:48:26,,,,867488067684034,2399,HBD,,,,,,,,,,,,,,,,,,,,,,,,,,,,,,,,,,,,,,,,,,,,,,,,,,
2025-10-01 17:50:27,,,,867488067684034,2400,HBD,,,,,,,,,,,,,,,,,,,,,,,,,,,,,,,,,,,,,,,,,,,,,,,,,,
2025-10-01 17:52:27,,,,867488067684034,2401,HBD,,,,,,,,,,,,,,,,,,,,,,,,,,,,,,,,,,,,,,,,,,,,,,,,,,
2025-10-01 17:54:28,,,,867488067684034,2402,HBD,,,,,,,,,,,,,,,,,,,,,,,,,,,,,,,,,,,,,,,,,,,,,,,,,,
2025-10-01 17:56:28,,,,867488067684034,2403,HBD,,,,,,,,,,,,,,,,,,,,,,,,,,,,,,,,,,,,,,,,,,,,,,,,,,
2025-10-01 17:58:29,,,,867488067684034,2404,HBD,,,,,,,,,,,,,,,,,,,,,,,,,,,,,,,,,,,,,,,,,,,,,,,,,,
2025-10-01 18:00:29,,,,867488067684034,2405,HBD,,,,,,,,,,,,,,,,,,,,,,,,,,,,,,,,,,,,,,,,,,,,,,,,,,
2025-10-01 18:02:29,,,,867488067684034,2406,HBD,,,,,,,,,,,,,,,,,,,,,,,,,,,,,,,,,,,,,,,,,,,,,,,,,,
2025-10-01 18:04:30,,,,867488067684034,2407,HBD,,,,,,,,,,,,,,,,,,,,,,,,,,,,,,,,,,,,,,,,,,,,,,,,,,
2025-10-01 18:06:30,,,,867488067684034,2408,HBD,,,,,,,,,,,,,,,,,,,,,,,,,,,,,,,,,,,,,,,,,,,,,,,,,,
2025-10-01 18:08:31,,,,867488067684034,2409,HBD,,,,,,,,,,,,,,,,,,,,,,,,,,,,,,,,,,,,,,,,,,,,,,,,,,
2025-10-01 18:10:31,,,,867488067684034,2410,HBD,,,,,,,,,,,,,,,,,,,,,,,,,,,,,,,,,,,,,,,,,,,,,,,,,,
2025-10-01 18:12:32,,,,867488067684034,2411,HBD,,,,,,,,,,,,,,,,,,,,,,,,,,,,,,,,,,,,,,,,,,,,,,,,,,
2025-10-01 18:14:32,,,,867488067684034,2412,HBD,,,,,,,,,,,,,,,,,,,,,,,,,,,,,,,,,,,,,,,,,,,,,,,,,,
2025-10-01 18:16:33,,,,867488067684034,2413,HBD,,,,,,,,,,,,,,,,,,,,,,,,,,,,,,,,,,,,,,,,,,,,,,,,,,
2025-10-01 18:18:33,,,,867488067684034,2414,HBD,,,,,,,,,,,,,,,,,,,,,,,,,,,,,,,,,,,,,,,,,,,,,,,,,,
2025-10-01 18:20:34,,,,867488067684034,2415,HBD,,,,,,,,,,,,,,,,,,,,,,,,,,,,,,,,,,,,,,,,,,,,,,,,,,
2025-10-01 18:22:34,,,,867488067684034,2416,HBD,,,,,,,,,,,,,,,,,,,,,,,,,,,,,,,,,,,,,,,,,,,,,,,,,,
2025-10-01 18:24:34,,,,867488067684034,2417,HBD,,,,,,,,,,,,,,,,,,,,,,,,,,,,,,,,,,,,,,,,,,,,,,,,,,
2025-10-01 18:26:35,,,,867488067684034,2418,HBD,,,,,,,,,,,,,,,,,,,,,,,,,,,,,,,,,,,,,,,,,,,,,,,,,,
2025-10-01 18:26:36,2025-10-01 18:26:35,2025-10-01 18:24:09,2025-10-01 18:24:09,867488067684034,2419,GTERI,0x19fe3fbf,0x00028102,802003,0x8303,0x0115,100,25762,0000,-,00,00,11,12,12,-,01,01,0.0,0.0,262,262,1028,1028,-25.047392,-25.047392,-51.540841,-51.540841,0724,0004,85da,0f6ad116,6.8,100.4,100.4,0:26:30,7:48:52,-,-,0,-,,,,,04,1,00000000,00,10,
2025-10-01 18:28:35,,,,867488067684034,2420,HBD,,,,,,,,,,,,,,,,,,,,,,,,,,,,,,,,,,,,,,,,,,,,,,,,,,
2025-10-01 18:30:36,,,,867488067684034,2421,HBD,,,,,,,,,,,,,,,,,,,,,,,,,,,,,,,,,,,,,,,,,,,,,,,,,,
2025-10-01 18:32:36,,,,867488067684034,2422,HBD,,,,,,,,,,,,,,,,,,,,,,,,,,,,,,,,,,,,,,,,,,,,,,,,,,
2025-10-01 18:34:37,,,,867488067684034,2423,HBD,,,,,,,,,,,,,,,,,,,,,,,,,,,,,,,,,,,,,,,,,,,,,,,,,,
2025-10-01 18:36:37,,,,867488067684034,2424,HBD,,,,,,,,,,,,,,,,,,,,,,,,,,,,,,,,,,,,,,,,,,,,,,,,,,
2025-10-01 18:38:38,,,,867488067684034,2425,HBD,,,,,,,,,,,,,,,,,,,,,,,,,,,,,,,,,,,,,,,,,,,,,,,,,,
2025-10-01 18:40:38,,,,867488067684034,2426,HBD,,,,,,,,,,,,,,,,,,,,,,,,,,,,,,,,,,,,,,,,,,,,,,,,,,
2025-10-01 18:42:39,,,,867488067684034,2427,HBD,,,,,,,,,,,,,,,,,,,,,,,,,,,,,,,,,,,,,,,,,,,,,,,,,,
2025-10-01 18:44:39,,,,867488067684034,2428,HBD,,,,,,,,,,,,,,,,,,,,,,,,,,,,,,,,,,,,,,,,,,,,,,,,,,
2025-10-01 18:46:39,,,,867488067684034,2429,HBD,,,,,,,,,,,,,,,,,,,,,,,,,,,,,,,,,,,,,,,,,,,,,,,,,,
2025-10-01 18:48:40,,,,867488067684034,2430,HBD,,,,,,,,,,,,,,,,,,,,,,,,,,,,,,,,,,,,,,,,,,,,,,,,,,
2025-10-01 18:50:40,,,,867488067684034,2431,HBD,,,,,,,,,,,,,,,,,,,,,,,,,,,,,,,,,,,,,,,,,,,,,,,,,,
2025-10-01 18:52:41,,,,867488067684034,2432,HBD,,,,,,,,,,,,,,,,,,,,,,,,,,,,,,,,,,,,,,,,,,,,,,,,,,
2025-10-01 18:54:41,,,,867488067684034,2433,HBD,,,,,,,,,,,,,,,,,,,,,,,,,,,,,,,,,,,,,,,,,,,,,,,,,,
2025-10-01 18:56:42,,,,867488067684034,2434,HBD,,,,,,,,,,,,,,,,,,,,,,,,,,,,,,,,,,,,,,,,,,,,,,,,,,
2025-10-01 18:58:42,,,,867488067684034,2435,HBD,,,,,,,,,,,,,,,,,,,,,,,,,,,,,,,,,,,,,,,,,,,,,,,,,,
2025-10-01 19:00:43,,,,867488067684034,2436,HBD,,,,,,,,,,,,,,,,,,,,,,,,,,,,,,,,,,,,,,,,,,,,,,,,,,
2025-10-01 19:02:43,,,,867488067684034,2437,HBD,,,,,,,,,,,,,,,,,,,,,,,,,,,,,,,,,,,,,,,,,,,,,,,,,,
2025-10-01 19:04:43,,,,867488067684034,2438,HBD,,,,,,,,,,,,,,,,,,,,,,,,,,,,,,,,,,,,,,,,,,,,,,,,,,
2025-10-01 19:06:44,,,,867488067684034,2439,HBD,,,,,,,,,,,,,,,,,,,,,,,,,,,,,,,,,,,,,,,,,,,,,,,,,,
2025-10-01 19:08:44,,,,867488067684034,2440,HBD,,,,,,,,,,,,,,,,,,,,,,,,,,,,,,,,,,,,,,,,,,,,,,,,,,
2025-10-01 19:10:45,,,,867488067684034,2441,HBD,,,,,,,,,,,,,,,,,,,,,,,,,,,,,,,,,,,,,,,,,,,,,,,,,,
2025-10-01 19:12:45,,,,867488067684034,2442,HBD,,,,,,,,,,,,,,,,,,,,,,,,,,,,,,,,,,,,,,,,,,,,,,,,,,
2025-10-01 19:14:46,,,,867488067684034,2443,HBD,,,,,,,,,,,,,,,,,,,,,,,,,,,,,,,,,,,,,,,,,,,,,,,,,,
2025-10-01 19:16:46,,,,867488067684034,2444,HBD,,,,,,,,,,,,,,,,,,,,,,,,,,,,,,,,,,,,,,,,,,,,,,,,,,
2025-10-01 19:18:47,,,,867488067684034,2445,HBD,,,,,,,,,,,,,,,,,,,,,,,,,,,,,,,,,,,,,,,,,,,,,,,,,,
2025-10-01 19:20:47,,,,867488067684034,2446,HBD,,,,,,,,,,,,,,,,,,,,,,,,,,,,,,,,,,,,,,,,,,,,,,,,,,
2025-10-01 19:22:48,,,,867488067684034,2447,HBD,,,,,,,,,,,,,,,,,,,,,,,,,,,,,,,,,,,,,,,,,,,,,,,,,,
2025-10-01 19:24:48,,,,867488067684034,2448,HBD,,,,,,,,,,,,,,,,,,,,,,,,,,,,,,,,,,,,,,,,,,,,,,,,,,
2025-10-01 19:26:36,,,,867488067684034,2449,HBD,,,,,,,,,,,,,,,,,,,,,,,,,,,,,,,,,,,,,,,,,,,,,,,,,,
2025-10-01 19:26:36,2025-10-01 19:26:35,2025-10-01 19:24:11,2025-10-01 19:24:11,867488067684034,2450,GTERI,0x19fe3fbf,0x00028102,802003,0x8303,0x0115,100,25716,0000,-,00,00,11,12,12,-,01,01,0.0,0.0,262,262,1028,1028,-25.047392,-25.047392,-51.540841,-51.540841,0724,0004,85da,0f6ad116,6.8,100.4,100.4,0:26:30,7:48:52,-,-,0,-,,,,,04,1,00000000,00,10,
2025-10-01 19:28:49,,,,867488067684034,2451,HBD,,,,,,,,,,,,,,,,,,,,,,,,,,,,,,,,,,,,,,,,,,,,,,,,,,
2025-10-01 19:30:49,,,,867488067684034,2452,HBD,,,,,,,,,,,,,,,,,,,,,,,,,,,,,,,,,,,,,,,,,,,,,,,,,,
2025-10-01 19:32:50,,,,867488067684034,2453,HBD,,,,,,,,,,,,,,,,,,,,,,,,,,,,,,,,,,,,,,,,,,,,,,,,,,
2025-10-01 19:34:50,,,,867488067684034,2454,HBD,,,,,,,,,,,,,,,,,,,,,,,,,,,,,,,,,,,,,,,,,,,,,,,,,,
2025-10-01 19:35:50,,,,867488067684034,2455,HBD,,,,,,,,,,,,,,,,,,,,,,,,,,,,,,,,,,,,,,,,,,,,,,,,,,
2025-10-01 19:37:51,,,,867488067684034,2456,HBD,,,,,,,,,,,,,,,,,,,,,,,,,,,,,,,,,,,,,,,,,,,,,,,,,,
2025-10-01 19:39:51,,,,867488067684034,2457,HBD,,,,,,,,,,,,,,,,,,,,,,,,,,,,,,,,,,,,,,,,,,,,,,,,,,
2025-10-01 19:41:52,,,,867488067684034,2458,HBD,,,,,,,,,,,,,,,,,,,,,,,,,,,,,,,,,,,,,,,,,,,,,,,,,,
2025-10-01 19:43:52,,,,867488067684034,2459,HBD,,,,,,,,,,,,,,,,,,,,,,,,,,,,,,,,,,,,,,,,,,,,,,,,,,
2025-10-01 19:45:52,,,,867488067684034,2460,HBD,,,,,,,,,,,,,,,,,,,,,,,,,,,,,,,,,,,,,,,,,,,,,,,,,,
2025-10-01 19:47:53,,,,867488067684034,2461,HBD,,,,,,,,,,,,,,,,,,,,,,,,,,,,,,,,,,,,,,,,,,,,,,,,,,
2025-10-01 19:49:53,,,,867488067684034,2462,HBD,,,,,,,,,,,,,,,,,,,,,,,,,,,,,,,,,,,,,,,,,,,,,,,,,,
2025-10-01 19:51:54,,,,867488067684034,2463,HBD,,,,,,,,,,,,,,,,,,,,,,,,,,,,,,,,,,,,,,,,,,,,,,,,,,
2025-10-01 19:53:54,,,,867488067684034,2464,HBD,,,,,,,,,,,,,,,,,,,,,,,,,,,,,,,,,,,,,,,,,,,,,,,,,,
2025-10-01 19:55:55,,,,867488067684034,2465,HBD,,,,,,,,,,,,,,,,,,,,,,,,,,,,,,,,,,,,,,,,,,,,,,,,,,
2025-10-01 19:57:55,,,,867488067684034,2466,HBD,,,,,,,,,,,,,,,,,,,,,,,,,,,,,,,,,,,,,,,,,,,,,,,,,,
2025-10-01 19:59:56,,,,867488067684034,2467,HBD,,,,,,,,,,,,,,,,,,,,,,,,,,,,,,,,,,,,,,,,,,,,,,,,,,
2025-10-01 20:01:56,,,,867488067684034,2468,HBD,,,,,,,,,,,,,,,,,,,,,,,,,,,,,,,,,,,,,,,,,,,,,,,,,,
2025-10-01 20:03:56,,,,867488067684034,2469,HBD,,,,,,,,,,,,,,,,,,,,,,,,,,,,,,,,,,,,,,,,,,,,,,,,,,
2025-10-01 20:05:57,,,,867488067684034,2470,HBD,,,,,,,,,,,,,,,,,,,,,,,,,,,,,,,,,,,,,,,,,,,,,,,,,,
2025-10-01 20:07:57,,,,867488067684034,2471,HBD,,,,,,,,,,,,,,,,,,,,,,,,,,,,,,,,,,,,,,,,,,,,,,,,,,
2025-10-01 20:09:58,,,,867488067684034,2472,HBD,,,,,,,,,,,,,,,,,,,,,,,,,,,,,,,,,,,,,,,,,,,,,,,,,,
2025-10-01 20:11:58,,,,867488067684034,2473,HBD,,,,,,,,,,,,,,,,,,,,,,,,,,,,,,,,,,,,,,,,,,,,,,,,,,
2025-10-01 20:13:59,,,,867488067684034,2474,HBD,,,,,,,,,,,,,,,,,,,,,,,,,,,,,,,,,,,,,,,,,,,,,,,,,,
2025-10-01 20:15:59,,,,867488067684034,2475,HBD,,,,,,,,,,,,,,,,,,,,,,,,,,,,,,,,,,,,,,,,,,,,,,,,,,
2025-10-01 20:18:00,,,,867488067684034,2476,HBD,,,,,,,,,,,,,,,,,,,,,,,,,,,,,,,,,,,,,,,,,,,,,,,,,,
2025-10-01 20:20:00,,,,867488067684034,2477,HBD,,,,,,,,,,,,,,,,,,,,,,,,,,,,,,,,,,,,,,,,,,,,,,,,,,
2025-10-01 20:22:00,,,,867488067684034,2478,HBD,,,,,,,,,,,,,,,,,,,,,,,,,,,,,,,,,,,,,,,,,,,,,,,,,,
2025-10-01 20:24:01,,,,867488067684034,2479,HBD,,,,,,,,,,,,,,,,,,,,,,,,,,,,,,,,,,,,,,,,,,,,,,,,,,
2025-10-01 20:26:02,,,,867488067684034,2480,HBD,,,,,,,,,,,,,,,,,,,,,,,,,,,,,,,,,,,,,,,,,,,,,,,,,,
2025-10-01 20:26:36,2025-10-01 20:26:35,2025-10-01 20:24:13,2025-10-01 20:24:13,867488067684034,2481,GTERI,0x19fe3fbf,0x00028102,802003,0x8303,0x0115,100,25531,0000,-,00,00,11,4,4,-,01,01,0.0,0.0,262,262,1028,1028,-25.047392,-25.047392,-51.540841,-51.540841,0724,0004,85da,0f6ad116,6.8,100.4,100.4,0:26:30,7:48:52,-,-,0,-,,,,,04,1,00000000,00,10,
2025-10-01 20:26:56,2025-10-01 20:26:35,2025-10-01 20:24:13,2025-10-01 20:24:13,867488067684034,2481,GTERI,0x19fe3fbf,0x00028102,802003,0x8303,0x0115,100,25531,0000,-,00,00,11,4,4,-,01,01,0.0,0.0,262,262,1028,1028,-25.047392,-25.047392,-51.540841,-51.540841,0724,0004,85da,0f6ad116,6.8,100.4,100.4,0:26:30,7:48:52,-,-,0,-,,,,,04,1,00000000,00,10,
2025-10-01 20:27:16,2025-10-01 20:26:35,2025-10-01 20:24:13,2025-10-01 20:24:13,867488067684034,2481,GTERI,0x19fe3fbf,0x00028102,802003,0x8303,0x0115,100,25531,0000,-,00,00,11,4,4,-,01,01,0.0,0.0,262,262,1028,1028,-25.047392,-25.047392,-51.540841,-51.540841,0724,0004,85da,0f6ad116,6.8,100.4,100.4,0:26:30,7:48:52,-,-,0,-,,,,,04,1,00000000,00,10,
2025-10-01 20:27:36,2025-10-01 20:26:35,2025-10-01 20:24:13,2025-10-01 20:24:13,867488067684034,2481,GTERI,0x19fe3fbf,0x00028102,802003,0x8303,0x0115,100,25531,0000,-,00,00,11,4,4,-,01,01,0.0,0.0,262,262,1028,1028,-25.047392,-25.047392,-51.540841,-51.540841,0724,0004,85da,0f6ad116,6.8,100.4,100.4,0:26:30,7:48:52,-,-,0,-,,,,,04,1,00000000,00,10,
2025-10-01 20:27:56,2025-10-01 20:26:35,2025-10-01 20:24:13,2025-10-01 20:24:13,867488067684034,2481,GTERI,0x19fe3fbf,0x00028102,802003,0x8303,0x0115,100,25531,0000,-,00,00,11,4,4,-,01,01,0.0,0.0,262,262,1028,1028,-25.047392,-25.047392,-51.540841,-51.540841,0724,0004,85da,0f6ad116,6.8,100.4,100.4,0:26:30,7:48:52,-,-,0,-,,,,,04,1,00000000,00,10,
2025-10-01 20:28:51,2025-10-01 20:26:35,2025-10-01 20:24:13,2025-10-01 20:24:13,867488067684034,2481,GTERI,0x19fe3fbf,0x00028102,802003,0x8303,0x0115,100,25531,0000,-,00,00,11,4,4,-,01,01,0.0,0.0,262,262,1028,1028,-25.047392,-25.047392,-51.540841,-51.540841,0724,0004,85da,0f6ad116,6.8,100.4,100.4,0:26:30,7:48:52,-,-,0,-,,,,,04,1,00000000,00,10,
2025-10-01 20:29:11,2025-10-01 20:26:35,2025-10-01 20:24:13,2025-10-01 20:24:13,867488067684034,2481,GTERI,0x19fe3fbf,0x00028102,802003,0x8303,0x0115,100,25531,0000,-,00,00,11,4,4,-,01,01,0.0,0.0,262,262,1028,1028,-25.047392,-25.047392,-51.540841,-51.540841,0724,0004,85da,0f6ad116,6.8,100.4,100.4,0:26:30,7:48:52,-,-,0,-,,,,,04,1,00000000,00,10,
2025-10-01 20:29:31,2025-10-01 20:26:35,2025-10-01 20:24:13,2025-10-01 20:24:13,867488067684034,2481,GTERI,0x19fe3fbf,0x00028102,802003,0x8303,0x0115,100,25531,0000,-,00,00,11,4,4,-,01,01,0.0,0.0,262,262,1028,1028,-25.047392,-25.047392,-51.540841,-51.540841,0724,0004,85da,0f6ad116,6.8,100.4,100.4,0:26:30,7:48:52,-,-,0,-,,,,,04,1,00000000,00,10,
2025-10-01 20:29:51,2025-10-01 20:26:35,2025-10-01 20:24:13,2025-10-01 20:24:13,867488067684034,2481,GTERI,0x19fe3fbf,0x00028102,802003,0x8303,0x0115,100,25531,0000,-,00,00,11,4,4,-,01,01,0.0,0.0,262,262,1028,1028,-25.047392,-25.047392,-51.540841,-51.540841,0724,0004,85da,0f6ad116,6.8,100.4,100.4,0:26:30,7:48:52,-,-,0,-,,,,,04,1,00000000,00,10,
2025-10-01 20:30:11,2025-10-01 20:26:35,2025-10-01 20:24:13,2025-10-01 20:24:13,867488067684034,2481,GTERI,0x19fe3fbf,0x00028102,802003,0x8303,0x0115,100,25531,0000,-,00,00,11,4,4,-,01,01,0.0,0.0,262,262,1028,1028,-25.047392,-25.047392,-51.540841,-51.540841,0724,0004,85da,0f6ad116,6.8,100.4,100.4,0:26:30,7:48:52,-,-,0,-,,,,,04,1,00000000,00,10,
2025-10-01 20:31:07,2025-10-01 20:26:35,2025-10-01 20:24:13,2025-10-01 20:24:13,867488067684034,2481,GTERI,0x19fe3fbf,0x00028102,802003,0x8303,0x0115,100,25531,0000,-,00,00,11,4,4,-,01,01,0.0,0.0,262,262,1028,1028,-25.047392,-25.047392,-51.540841,-51.540841,0724,0004,85da,0f6ad116,6.8,100.4,100.4,0:26:30,7:48:52,-,-,0,-,,,,,04,1,00000000,00,10,
2025-10-01 20:31:07,,,,867488067684034,2482,HBD,,,,,,,,,,,,,,,,,,,,,,,,,,,,,,,,,,,,,,,,,,,,,,,,,,
2025-10-01 20:31:28,2025-10-01 20:28:17,2025-10-01 20:24:13,2025-10-01 20:24:13,867488067684034,2483,GTPDP,0x19fe7fbf,,802003,0x8303,0x0115,100,25578,0000,0000,00,00,11,4,4,-,00,00,0.0,0.0,262,262,1028,1028,-25.047392,-25.047392,-51.540841,-51.540841,0724,0004,85da,0f6ad116,6.8,100.4,100.4,0:26:30,7:48:52,-,-,0,-,,,,,,,,,,
2025-10-01 20:31:28,,,,867488067684034,2484,HBD,,,,,,,,,,,,,,,,,,,,,,,,,,,,,,,,,,,,,,,,,,,,,,,,,,
2025-10-01 20:31:29,2025-10-01 20:30:31,2025-10-01 20:24:13,2025-10-01 20:24:13,867488067684034,2485,GTPDP,0x19fe7fbf,,802003,0x8303,0x0115,100,25599,0000,0000,00,00,11,4,4,-,00,00,0.0,0.0,262,262,1028,1028,-25.047392,-25.047392,-51.540841,-51.540841,0724,0004,85da,0f6ad116,6.8,100.4,100.4,0:26:30,7:48:52,-,-,0,-,,,,,,,,,,
2025-10-01 20:31:29,,,,867488067684034,2486,HBD,,,,,,,,,,,,,,,,,,,,,,,,,,,,,,,,,,,,,,,,,,,,,,,,,,
2025-10-01 20:31:30,,,,867488067684034,2487,HBD,,,,,,,,,,,,,,,,,,,,,,,,,,,,,,,,,,,,,,,,,,,,,,,,,,
2025-10-01 20:34:07,,,,867488067684034,2488,HBD,,,,,,,,,,,,,,,,,,,,,,,,,,,,,,,,,,,,,,,,,,,,,,,,,,
2025-10-01 20:35:07,,,,867488067684034,2489,HBD,,,,,,,,,,,,,,,,,,,,,,,,,,,,,,,,,,,,,,,,,,,,,,,,,,
2025-10-01 20:37:08,,,,867488067684034,2490,HBD,,,,,,,,,,,,,,,,,,,,,,,,,,,,,,,,,,,,,,,,,,,,,,,,,,
2025-10-01 20:39:08,,,,867488067684034,2491,HBD,,,,,,,,,,,,,,,,,,,,,,,,,,,,,,,,,,,,,,,,,,,,,,,,,,
2025-10-01 20:41:09,,,,867488067684034,2492,HBD,,,,,,,,,,,,,,,,,,,,,,,,,,,,,,,,,,,,,,,,,,,,,,,,,,
2025-10-01 20:43:09,,,,867488067684034,2493,HBD,,,,,,,,,,,,,,,,,,,,,,,,,,,,,,,,,,,,,,,,,,,,,,,,,,
2025-10-01 20:45:10,,,,867488067684034,2494,HBD,,,,,,,,,,,,,,,,,,,,,,,,,,,,,,,,,,,,,,,,,,,,,,,,,,
2025-10-01 20:47:10,,,,867488067684034,2495,HBD,,,,,,,,,,,,,,,,,,,,,,,,,,,,,,,,,,,,,,,,,,,,,,,,,,
2025-10-01 20:49:11,,,,867488067684034,2496,HBD,,,,,,,,,,,,,,,,,,,,,,,,,,,,,,,,,,,,,,,,,,,,,,,,,,
2025-10-01 20:51:31,,,,867488067684034,2497,HBD,,,,,,,,,,,,,,,,,,,,,,,,,,,,,,,,,,,,,,,,,,,,,,,,,,
2025-10-01 20:53:11,,,,867488067684034,2498,HBD,,,,,,,,,,,,,,,,,,,,,,,,,,,,,,,,,,,,,,,,,,,,,,,,,,
2025-10-01 20:55:12,,,,867488067684034,2499,HBD,,,,,,,,,,,,,,,,,,,,,,,,,,,,,,,,,,,,,,,,,,,,,,,,,,
2025-10-01 20:57:12,,,,867488067684034,2500,HBD,,,,,,,,,,,,,,,,,,,,,,,,,,,,,,,,,,,,,,,,,,,,,,,,,,
2025-10-01 20:59:13,,,,867488067684034,2501,HBD,,,,,,,,,,,,,,,,,,,,,,,,,,,,,,,,,,,,,,,,,,,,,,,,,,
2025-10-01 21:01:13,,,,867488067684034,2502,HBD,,,,,,,,,,,,,,,,,,,,,,,,,,,,,,,,,,,,,,,,,,,,,,,,,,
2025-10-01 21:03:14,,,,867488067684034,2503,HBD,,,,,,,,,,,,,,,,,,,,,,,,,,,,,,,,,,,,,,,,,,,,,,,,,,
2025-10-01 21:05:14,,,,867488067684034,2504,HBD,,,,,,,,,,,,,,,,,,,,,,,,,,,,,,,,,,,,,,,,,,,,,,,,,,
2025-10-01 21:07:15,,,,867488067684034,2505,HBD,,,,,,,,,,,,,,,,,,,,,,,,,,,,,,,,,,,,,,,,,,,,,,,,,,
2025-10-01 21:09:15,,,,867488067684034,2506,HBD,,,,,,,,,,,,,,,,,,,,,,,,,,,,,,,,,,,,,,,,,,,,,,,,,,
2025-10-01 21:11:20,,,,867488067684034,2507,HBD,,,,,,,,,,,,,,,,,,,,,,,,,,,,,,,,,,,,,,,,,,,,,,,,,,
2025-10-01 21:13:16,,,,867488067684034,2508,HBD,,,,,,,,,,,,,,,,,,,,,,,,,,,,,,,,,,,,,,,,,,,,,,,,,,
2025-10-01 21:15:16,,,,867488067684034,2509,HBD,,,,,,,,,,,,,,,,,,,,,,,,,,,,,,,,,,,,,,,,,,,,,,,,,,
2025-10-01 21:17:17,,,,867488067684034,2510,HBD,,,,,,,,,,,,,,,,,,,,,,,,,,,,,,,,,,,,,,,,,,,,,,,,,,
2025-10-01 21:19:17,,,,867488067684034,2511,HBD,,,,,,,,,,,,,,,,,,,,,,,,,,,,,,,,,,,,,,,,,,,,,,,,,,
2025-10-01 21:21:18,,,,867488067684034,2512,HBD,,,,,,,,,,,,,,,,,,,,,,,,,,,,,,,,,,,,,,,,,,,,,,,,,,
2025-10-01 21:23:18,,,,867488067684034,2513,HBD,,,,,,,,,,,,,,,,,,,,,,,,,,,,,,,,,,,,,,,,,,,,,,,,,,
2025-10-01 21:25:19,,,,867488067684034,2514,HBD,,,,,,,,,,,,,,,,,,,,,,,,,,,,,,,,,,,,,,,,,,,,,,,,,,
2025-10-01 21:26:36,2025-10-01 21:26:35,2025-10-01 21:24:35,2025-10-01 21:24:35,867488067684034,2515,GTERI,0x19fe3fbf,0x00028102,802003,0x8303,0x0115,100,25525,0000,-,00,00,11,6,6,-,01,01,0.0,0.0,262,262,1028,1028,-25.047392,-25.047392,-51.540841,-51.540841,0724,0004,85da,0f6ad116,6.8,100.4,100.4,0:26:30,7:48:52,-,-,0,-,,,,,04,1,00000000,00,10,
2025-10-01 21:27:19,,,,867488067684034,2516,HBD,,,,,,,,,,,,,,,,,,,,,,,,,,,,,,,,,,,,,,,,,,,,,,,,,,
2025-10-01 21:29:19,,,,867488067684034,2517,HBD,,,,,,,,,,,,,,,,,,,,,,,,,,,,,,,,,,,,,,,,,,,,,,,,,,
2025-10-01 21:31:20,,,,867488067684034,2518,HBD,,,,,,,,,,,,,,,,,,,,,,,,,,,,,,,,,,,,,,,,,,,,,,,,,,
2025-10-01 21:33:20,,,,867488067684034,2519,HBD,,,,,,,,,,,,,,,,,,,,,,,,,,,,,,,,,,,,,,,,,,,,,,,,,,
2025-10-01 21:35:21,,,,867488067684034,2520,HBD,,,,,,,,,,,,,,,,,,,,,,,,,,,,,,,,,,,,,,,,,,,,,,,,,,
2025-10-01 21:37:21,,,,867488067684034,2521,HBD,,,,,,,,,,,,,,,,,,,,,,,,,,,,,,,,,,,,,,,,,,,,,,,,,,
2025-10-01 21:39:22,,,,867488067684034,2522,HBD,,,,,,,,,,,,,,,,,,,,,,,,,,,,,,,,,,,,,,,,,,,,,,,,,,
2025-10-01 21:41:22,,,,867488067684034,2523,HBD,,,,,,,,,,,,,,,,,,,,,,,,,,,,,,,,,,,,,,,,,,,,,,,,,,
2025-10-01 21:43:23,,,,867488067684034,2524,HBD,,,,,,,,,,,,,,,,,,,,,,,,,,,,,,,,,,,,,,,,,,,,,,,,,,
2025-10-01 21:45:23,,,,867488067684034,2525,HBD,,,,,,,,,,,,,,,,,,,,,,,,,,,,,,,,,,,,,,,,,,,,,,,,,,
2025-10-01 21:47:23,,,,867488067684034,2526,HBD,,,,,,,,,,,,,,,,,,,,,,,,,,,,,,,,,,,,,,,,,,,,,,,,,,
2025-10-01 21:49:24,,,,867488067684034,2527,HBD,,,,,,,,,,,,,,,,,,,,,,,,,,,,,,,,,,,,,,,,,,,,,,,,,,
2025-10-01 21:51:24,,,,867488067684034,2528,HBD,,,,,,,,,,,,,,,,,,,,,,,,,,,,,,,,,,,,,,,,,,,,,,,,,,
2025-10-01 21:53:25,,,,867488067684034,2529,HBD,,,,,,,,,,,,,,,,,,,,,,,,,,,,,,,,,,,,,,,,,,,,,,,,,,
2025-10-01 21:55:25,,,,867488067684034,2530,HBD,,,,,,,,,,,,,,,,,,,,,,,,,,,,,,,,,,,,,,,,,,,,,,,,,,
2025-10-01 21:57:26,,,,867488067684034,2531,HBD,,,,,,,,,,,,,,,,,,,,,,,,,,,,,,,,,,,,,,,,,,,,,,,,,,
2025-10-01 21:59:26,,,,867488067684034,2532,HBD,,,,,,,,,,,,,,,,,,,,,,,,,,,,,,,,,,,,,,,,,,,,,,,,,,
2025-10-01 22:01:26,,,,867488067684034,2533,HBD,,,,,,,,,,,,,,,,,,,,,,,,,,,,,,,,,,,,,,,,,,,,,,,,,,
2025-10-01 22:03:27,,,,867488067684034,2534,HBD,,,,,,,,,,,,,,,,,,,,,,,,,,,,,,,,,,,,,,,,,,,,,,,,,,
2025-10-01 22:05:27,,,,867488067684034,2535,HBD,,,,,,,,,,,,,,,,,,,,,,,,,,,,,,,,,,,,,,,,,,,,,,,,,,
2025-10-01 22:07:28,,,,867488067684034,2536,HBD,,,,,,,,,,,,,,,,,,,,,,,,,,,,,,,,,,,,,,,,,,,,,,,,,,
2025-10-01 22:09:28,,,,867488067684034,2537,HBD,,,,,,,,,,,,,,,,,,,,,,,,,,,,,,,,,,,,,,,,,,,,,,,,,,
2025-10-01 22:11:29,,,,867488067684034,2538,HBD,,,,,,,,,,,,,,,,,,,,,,,,,,,,,,,,,,,,,,,,,,,,,,,,,,
2025-10-01 22:13:29,,,,867488067684034,2539,HBD,,,,,,,,,,,,,,,,,,,,,,,,,,,,,,,,,,,,,,,,,,,,,,,,,,
2025-10-01 22:15:30,,,,867488067684034,2540,HBD,,,,,,,,,,,,,,,,,,,,,,,,,,,,,,,,,,,,,,,,,,,,,,,,,,
2025-10-01 22:17:30,,,,867488067684034,2541,HBD,,,,,,,,,,,,,,,,,,,,,,,,,,,,,,,,,,,,,,,,,,,,,,,,,,
2025-10-01 22:19:31,,,,867488067684034,2542,HBD,,,,,,,,,,,,,,,,,,,,,,,,,,,,,,,,,,,,,,,,,,,,,,,,,,
2025-10-01 22:21:31,,,,867488067684034,2543,HBD,,,,,,,,,,,,,,,,,,,,,,,,,,,,,,,,,,,,,,,,,,,,,,,,,,
2025-10-01 22:23:31,,,,867488067684034,2544,HBD,,,,,,,,,,,,,,,,,,,,,,,,,,,,,,,,,,,,,,,,,,,,,,,,,,
2025-10-01 22:25:32,,,,867488067684034,2545,HBD,,,,,,,,,,,,,,,,,,,,,,,,,,,,,,,,,,,,,,,,,,,,,,,,,,
2025-10-01 22:26:36,2025-10-01 22:26:35,2025-10-01 22:24:11,2025-10-01 22:24:11,867488067684034,2546,GTERI,0x19fe3fbf,0x00028102,802003,0x8303,0x0115,100,25483,0000,-,00,00,11,6,6,-,01,01,0.0,0.0,262,262,1028,1028,-25.047392,-25.047392,-51.540841,-51.540841,0724,0004,85da,0f6ad116,6.8,100.4,100.4,0:26:30,7:48:52,-,-,0,-,,,,,04,1,00000000,00,10,
2025-10-01 22:27:32,,,,867488067684034,2547,HBD,,,,,,,,,,,,,,,,,,,,,,,,,,,,,,,,,,,,,,,,,,,,,,,,,,
2025-10-01 22:29:33,,,,867488067684034,2548,HBD,,,,,,,,,,,,,,,,,,,,,,,,,,,,,,,,,,,,,,,,,,,,,,,,,,
2025-10-01 22:31:33,,,,867488067684034,2549,HBD,,,,,,,,,,,,,,,,,,,,,,,,,,,,,,,,,,,,,,,,,,,,,,,,,,
2025-10-01 22:33:34,,,,867488067684034,2550,HBD,,,,,,,,,,,,,,,,,,,,,,,,,,,,,,,,,,,,,,,,,,,,,,,,,,
2025-10-01 22:35:34,,,,867488067684034,2551,HBD,,,,,,,,,,,,,,,,,,,,,,,,,,,,,,,,,,,,,,,,,,,,,,,,,,
2025-10-01 22:37:35,,,,867488067684034,2552,HBD,,,,,,,,,,,,,,,,,,,,,,,,,,,,,,,,,,,,,,,,,,,,,,,,,,
2025-10-01 22:39:35,,,,867488067684034,2553,HBD,,,,,,,,,,,,,,,,,,,,,,,,,,,,,,,,,,,,,,,,,,,,,,,,,,
2025-10-01 22:41:35,,,,867488067684034,2554,HBD,,,,,,,,,,,,,,,,,,,,,,,,,,,,,,,,,,,,,,,,,,,,,,,,,,
2025-10-01 22:43:36,,,,867488067684034,2555,HBD,,,,,,,,,,,,,,,,,,,,,,,,,,,,,,,,,,,,,,,,,,,,,,,,,,
2025-10-01 22:45:36,,,,867488067684034,2556,HBD,,,,,,,,,,,,,,,,,,,,,,,,,,,,,,,,,,,,,,,,,,,,,,,,,,
2025-10-01 22:47:37,,,,867488067684034,2557,HBD,,,,,,,,,,,,,,,,,,,,,,,,,,,,,,,,,,,,,,,,,,,,,,,,,,
2025-10-01 22:49:37,,,,867488067684034,2558,HBD,,,,,,,,,,,,,,,,,,,,,,,,,,,,,,,,,,,,,,,,,,,,,,,,,,
2025-10-01 22:51:38,,,,867488067684034,2559,HBD,,,,,,,,,,,,,,,,,,,,,,,,,,,,,,,,,,,,,,,,,,,,,,,,,,
2025-10-01 22:53:38,,,,867488067684034,2560,HBD,,,,,,,,,,,,,,,,,,,,,,,,,,,,,,,,,,,,,,,,,,,,,,,,,,
2025-10-01 22:55:39,,,,867488067684034,2561,HBD,,,,,,,,,,,,,,,,,,,,,,,,,,,,,,,,,,,,,,,,,,,,,,,,,,
2025-10-01 22:57:39,,,,867488067684034,2562,HBD,,,,,,,,,,,,,,,,,,,,,,,,,,,,,,,,,,,,,,,,,,,,,,,,,,
2025-10-01 22:59:39,,,,867488067684034,2563,HBD,,,,,,,,,,,,,,,,,,,,,,,,,,,,,,,,,,,,,,,,,,,,,,,,,,
2025-10-01 23:01:40,,,,867488067684034,2564,HBD,,,,,,,,,,,,,,,,,,,,,,,,,,,,,,,,,,,,,,,,,,,,,,,,,,
2025-10-01 23:03:40,,,,867488067684034,2565,HBD,,,,,,,,,,,,,,,,,,,,,,,,,,,,,,,,,,,,,,,,,,,,,,,,,,
2025-10-01 23:05:41,,,,867488067684034,2566,HBD,,,,,,,,,,,,,,,,,,,,,,,,,,,,,,,,,,,,,,,,,,,,,,,,,,
2025-10-01 23:07:41,,,,867488067684034,2567,HBD,,,,,,,,,,,,,,,,,,,,,,,,,,,,,,,,,,,,,,,,,,,,,,,,,,
2025-10-01 23:09:42,,,,867488067684034,2568,HBD,,,,,,,,,,,,,,,,,,,,,,,,,,,,,,,,,,,,,,,,,,,,,,,,,,
2025-10-01 23:11:42,,,,867488067684034,2569,HBD,,,,,,,,,,,,,,,,,,,,,,,,,,,,,,,,,,,,,,,,,,,,,,,,,,
2025-10-01 23:13:43,,,,867488067684034,2570,HBD,,,,,,,,,,,,,,,,,,,,,,,,,,,,,,,,,,,,,,,,,,,,,,,,,,
2025-10-01 23:15:43,,,,867488067684034,2571,HBD,,,,,,,,,,,,,,,,,,,,,,,,,,,,,,,,,,,,,,,,,,,,,,,,,,
2025-10-01 23:17:43,,,,867488067684034,2572,HBD,,,,,,,,,,,,,,,,,,,,,,,,,,,,,,,,,,,,,,,,,,,,,,,,,,
2025-10-01 23:19:44,,,,867488067684034,2573,HBD,,,,,,,,,,,,,,,,,,,,,,,,,,,,,,,,,,,,,,,,,,,,,,,,,,
2025-10-01 23:21:44,,,,867488067684034,2574,HBD,,,,,,,,,,,,,,,,,,,,,,,,,,,,,,,,,,,,,,,,,,,,,,,,,,
2025-10-01 23:23:45,,,,867488067684034,2575,HBD,,,,,,,,,,,,,,,,,,,,,,,,,,,,,,,,,,,,,,,,,,,,,,,,,,
2025-10-01 23:25:45,,,,867488067684034,2576,HBD,,,,,,,,,,,,,,,,,,,,,,,,,,,,,,,,,,,,,,,,,,,,,,,,,,
2025-10-01 23:26:36,2025-10-01 23:26:35,2025-10-01 23:24:10,2025-10-01 23:24:10,867488067684034,2577,GTERI,0x19fe3fbf,0x00028102,802003,0x8303,0x0115,100,25453,0000,-,00,00,11,5,5,-,01,01,0.0,0.0,262,262,1028,1028,-25.047392,-25.047392,-51.540841,-51.540841,0724,0004,85da,0f6ad116,6.8,100.4,100.4,0:26:30,7:48:52,-,-,0,-,,,,,04,1,00000000,00,10,
2025-10-01 23:27:46,,,,867488067684034,2578,HBD,,,,,,,,,,,,,,,,,,,,,,,,,,,,,,,,,,,,,,,,,,,,,,,,,,
2025-10-01 23:29:46,,,,867488067684034,2579,HBD,,,,,,,,,,,,,,,,,,,,,,,,,,,,,,,,,,,,,,,,,,,,,,,,,,
2025-10-01 23:31:47,,,,867488067684034,2580,HBD,,,,,,,,,,,,,,,,,,,,,,,,,,,,,,,,,,,,,,,,,,,,,,,,,,
2025-10-01 23:33:47,,,,867488067684034,2581,HBD,,,,,,,,,,,,,,,,,,,,,,,,,,,,,,,,,,,,,,,,,,,,,,,,,,
2025-10-01 23:35:47,,,,867488067684034,2582,HBD,,,,,,,,,,,,,,,,,,,,,,,,,,,,,,,,,,,,,,,,,,,,,,,,,,
2025-10-01 23:37:48,,,,867488067684034,2583,HBD,,,,,,,,,,,,,,,,,,,,,,,,,,,,,,,,,,,,,,,,,,,,,,,,,,
2025-10-01 23:39:48,,,,867488067684034,2584,HBD,,,,,,,,,,,,,,,,,,,,,,,,,,,,,,,,,,,,,,,,,,,,,,,,,,
2025-10-01 23:41:49,,,,867488067684034,2585,HBD,,,,,,,,,,,,,,,,,,,,,,,,,,,,,,,,,,,,,,,,,,,,,,,,,,
2025-10-01 23:43:49,,,,867488067684034,2586,HBD,,,,,,,,,,,,,,,,,,,,,,,,,,,,,,,,,,,,,,,,,,,,,,,,,,
2025-10-01 23:45:50,,,,867488067684034,2587,HBD,,,,,,,,,,,,,,,,,,,,,,,,,,,,,,,,,,,,,,,,,,,,,,,,,,
2025-10-01 23:47:50,,,,867488067684034,2588,HBD,,,,,,,,,,,,,,,,,,,,,,,,,,,,,,,,,,,,,,,,,,,,,,,,,,
2025-10-01 23:49:51,,,,867488067684034,2589,HBD,,,,,,,,,,,,,,,,,,,,,,,,,,,,,,,,,,,,,,,,,,,,,,,,,,
2025-10-01 23:51:51,,,,867488067684034,2590,HBD,,,,,,,,,,,,,,,,,,,,,,,,,,,,,,,,,,,,,,,,,,,,,,,,,,
2025-10-01 23:53:52,,,,867488067684034,2591,HBD,,,,,,,,,,,,,,,,,,,,,,,,,,,,,,,,,,,,,,,,,,,,,,,,,,
2025-10-01 23:55:52,,,,867488067684034,2592,HBD,,,,,,,,,,,,,,,,,,,,,,,,,,,,,,,,,,,,,,,,,,,,,,,,,,
2025-10-01 23:57:52,,,,867488067684034,2593,HBD,,,,,,,,,,,,,,,,,,,,,,,,,,,,,,,,,,,,,,,,,,,,,,,,,,
2025-10-01 23:59:53,,,,867488067684034,2594,HBD,,,,,,,,,,,,,,,,,,,,,,,,,,,,,,,,,,,,,,,,,,,,,,,,,,
2025-10-02 00:01:53,,,,867488067684034,2595,HBD,,,,,,,,,,,,,,,,,,,,,,,,,,,,,,,,,,,,,,,,,,,,,,,,,,
2025-10-02 00:03:54,,,,867488067684034,2596,HBD,,,,,,,,,,,,,,,,,,,,,,,,,,,,,,,,,,,,,,,,,,,,,,,,,,
2025-10-02 00:05:54,,,,867488067684034,2597,HBD,,,,,,,,,,,,,,,,,,,,,,,,,,,,,,,,,,,,,,,,,,,,,,,,,,
2025-10-02 00:07:55,,,,867488067684034,2598,HBD,,,,,,,,,,,,,,,,,,,,,,,,,,,,,,,,,,,,,,,,,,,,,,,,,,
2025-10-02 00:09:55,,,,867488067684034,2599,HBD,,,,,,,,,,,,,,,,,,,,,,,,,,,,,,,,,,,,,,,,,,,,,,,,,,
2025-10-02 00:11:56,,,,867488067684034,2600,HBD,,,,,,,,,,,,,,,,,,,,,,,,,,,,,,,,,,,,,,,,,,,,,,,,,,
2025-10-02 00:13:56,,,,867488067684034,2601,HBD,,,,,,,,,,,,,,,,,,,,,,,,,,,,,,,,,,,,,,,,,,,,,,,,,,
2025-10-02 00:15:56,,,,867488067684034,2602,HBD,,,,,,,,,,,,,,,,,,,,,,,,,,,,,,,,,,,,,,,,,,,,,,,,,,
2025-10-02 00:17:57,,,,867488067684034,2603,HBD,,,,,,,,,,,,,,,,,,,,,,,,,,,,,,,,,,,,,,,,,,,,,,,,,,
2025-10-02 00:19:57,,,,867488067684034,2604,HBD,,,,,,,,,,,,,,,,,,,,,,,,,,,,,,,,,,,,,,,,,,,,,,,,,,
2025-10-02 00:21:58,,,,867488067684034,2605,HBD,,,,,,,,,,,,,,,,,,,,,,,,,,,,,,,,,,,,,,,,,,,,,,,,,,
2025-10-02 00:23:58,,,,867488067684034,2606,HBD,,,,,,,,,,,,,,,,,,,,,,,,,,,,,,,,,,,,,,,,,,,,,,,,,,
2025-10-02 00:25:59,,,,867488067684034,2607,HBD,,,,,,,,,,,,,,,,,,,,,,,,,,,,,,,,,,,,,,,,,,,,,,,,,,
2025-10-02 00:26:36,2025-10-02 00:26:35,2025-10-02 00:24:21,2025-10-02 00:24:21,867488067684034,2608,GTERI,0x19fe3fbf,0x00028102,802003,0x8303,0x0115,100,25425,0000,-,00,00,11,4,4,-,01,01,0.0,0.0,262,262,1028,1028,-25.047392,-25.047392,-51.540841,-51.540841,0724,0004,85da,0f6ad116,6.8,100.4,100.4,0:26:30,7:48:52,-,-,0,-,,,,,04,1,00000000,00,10,
2025-10-02 00:27:59,,,,867488067684034,2609,HBD,,,,,,,,,,,,,,,,,,,,,,,,,,,,,,,,,,,,,,,,,,,,,,,,,,
2025-10-02 00:29:59,,,,867488067684034,2610,HBD,,,,,,,,,,,,,,,,,,,,,,,,,,,,,,,,,,,,,,,,,,,,,,,,,,
2025-10-02 00:32:00,,,,867488067684034,2611,HBD,,,,,,,,,,,,,,,,,,,,,,,,,,,,,,,,,,,,,,,,,,,,,,,,,,
2025-10-02 00:34:00,,,,867488067684034,2612,HBD,,,,,,,,,,,,,,,,,,,,,,,,,,,,,,,,,,,,,,,,,,,,,,,,,,
2025-10-02 00:36:01,,,,867488067684034,2613,HBD,,,,,,,,,,,,,,,,,,,,,,,,,,,,,,,,,,,,,,,,,,,,,,,,,,
2025-10-02 00:38:01,,,,867488067684034,2614,HBD,,,,,,,,,,,,,,,,,,,,,,,,,,,,,,,,,,,,,,,,,,,,,,,,,,
2025-10-02 00:40:02,,,,867488067684034,2615,HBD,,,,,,,,,,,,,,,,,,,,,,,,,,,,,,,,,,,,,,,,,,,,,,,,,,
2025-10-02 00:42:02,,,,867488067684034,2616,HBD,,,,,,,,,,,,,,,,,,,,,,,,,,,,,,,,,,,,,,,,,,,,,,,,,,
2025-10-02 00:44:03,,,,867488067684034,2617,HBD,,,,,,,,,,,,,,,,,,,,,,,,,,,,,,,,,,,,,,,,,,,,,,,,,,
2025-10-02 00:46:03,,,,867488067684034,2618,HBD,,,,,,,,,,,,,,,,,,,,,,,,,,,,,,,,,,,,,,,,,,,,,,,,,,
2025-10-02 00:48:03,,,,867488067684034,2619,HBD,,,,,,,,,,,,,,,,,,,,,,,,,,,,,,,,,,,,,,,,,,,,,,,,,,
2025-10-02 00:50:04,,,,867488067684034,2620,HBD,,,,,,,,,,,,,,,,,,,,,,,,,,,,,,,,,,,,,,,,,,,,,,,,,,
2025-10-02 00:52:04,,,,867488067684034,2621,HBD,,,,,,,,,,,,,,,,,,,,,,,,,,,,,,,,,,,,,,,,,,,,,,,,,,
2025-10-02 00:54:05,,,,867488067684034,2622,HBD,,,,,,,,,,,,,,,,,,,,,,,,,,,,,,,,,,,,,,,,,,,,,,,,,,
2025-10-02 00:56:05,,,,867488067684034,2623,HBD,,,,,,,,,,,,,,,,,,,,,,,,,,,,,,,,,,,,,,,,,,,,,,,,,,
2025-10-02 00:58:06,,,,867488067684034,2624,HBD,,,,,,,,,,,,,,,,,,,,,,,,,,,,,,,,,,,,,,,,,,,,,,,,,,
2025-10-02 01:00:06,,,,867488067684034,2625,HBD,,,,,,,,,,,,,,,,,,,,,,,,,,,,,,,,,,,,,,,,,,,,,,,,,,
2025-10-02 01:02:07,,,,867488067684034,2626,HBD,,,,,,,,,,,,,,,,,,,,,,,,,,,,,,,,,,,,,,,,,,,,,,,,,,
2025-10-02 01:04:07,,,,867488067684034,2627,HBD,,,,,,,,,,,,,,,,,,,,,,,,,,,,,,,,,,,,,,,,,,,,,,,,,,
2025-10-02 01:05:07,,,,867488067684034,2628,HBD,,,,,,,,,,,,,,,,,,,,,,,,,,,,,,,,,,,,,,,,,,,,,,,,,,
2025-10-02 01:07:08,,,,867488067684034,2629,HBD,,,,,,,,,,,,,,,,,,,,,,,,,,,,,,,,,,,,,,,,,,,,,,,,,,
2025-10-02 01:09:08,,,,867488067684034,2630,HBD,,,,,,,,,,,,,,,,,,,,,,,,,,,,,,,,,,,,,,,,,,,,,,,,,,
2025-10-02 01:11:09,,,,867488067684034,2631,HBD,,,,,,,,,,,,,,,,,,,,,,,,,,,,,,,,,,,,,,,,,,,,,,,,,,
2025-10-02 01:13:09,,,,867488067684034,2632,HBD,,,,,,,,,,,,,,,,,,,,,,,,,,,,,,,,,,,,,,,,,,,,,,,,,,
2025-10-02 01:15:09,,,,867488067684034,2633,HBD,,,,,,,,,,,,,,,,,,,,,,,,,,,,,,,,,,,,,,,,,,,,,,,,,,
2025-10-02 01:17:10,,,,867488067684034,2634,HBD,,,,,,,,,,,,,,,,,,,,,,,,,,,,,,,,,,,,,,,,,,,,,,,,,,
2025-10-02 01:19:10,,,,867488067684034,2635,HBD,,,,,,,,,,,,,,,,,,,,,,,,,,,,,,,,,,,,,,,,,,,,,,,,,,
2025-10-02 01:21:11,,,,867488067684034,2636,HBD,,,,,,,,,,,,,,,,,,,,,,,,,,,,,,,,,,,,,,,,,,,,,,,,,,
2025-10-02 01:23:11,,,,867488067684034,2637,HBD,,,,,,,,,,,,,,,,,,,,,,,,,,,,,,,,,,,,,,,,,,,,,,,,,,
2025-10-02 01:25:12,,,,867488067684034,2638,HBD,,,,,,,,,,,,,,,,,,,,,,,,,,,,,,,,,,,,,,,,,,,,,,,,,,
2025-10-02 01:26:36,2025-10-02 01:26:35,2025-10-02 01:24:35,2025-10-02 01:24:35,867488067684034,2639,GTERI,0x19fe3fbf,0x00028102,802003,0x8303,0x0115,100,25336,0000,-,00,00,11,7,7,-,01,01,0.0,0.0,262,262,1028,1028,-25.047392,-25.047392,-51.540841,-51.540841,0724,0004,85da,0f6ad116,6.8,100.4,100.4,0:26:30,7:48:52,-,-,0,-,,,,,04,1,00000000,00,10,
2025-10-02 01:27:12,,,,867488067684034,2640,HBD,,,,,,,,,,,,,,,,,,,,,,,,,,,,,,,,,,,,,,,,,,,,,,,,,,
2025-10-02 01:29:13,,,,867488067684034,2641,HBD,,,,,,,,,,,,,,,,,,,,,,,,,,,,,,,,,,,,,,,,,,,,,,,,,,
2025-10-02 01:31:13,,,,867488067684034,2642,HBD,,,,,,,,,,,,,,,,,,,,,,,,,,,,,,,,,,,,,,,,,,,,,,,,,,
2025-10-02 01:33:13,,,,867488067684034,2643,HBD,,,,,,,,,,,,,,,,,,,,,,,,,,,,,,,,,,,,,,,,,,,,,,,,,,
2025-10-02 01:35:14,,,,867488067684034,2644,HBD,,,,,,,,,,,,,,,,,,,,,,,,,,,,,,,,,,,,,,,,,,,,,,,,,,
2025-10-02 01:37:14,,,,867488067684034,2645,HBD,,,,,,,,,,,,,,,,,,,,,,,,,,,,,,,,,,,,,,,,,,,,,,,,,,
2025-10-02 01:39:15,,,,867488067684034,2646,HBD,,,,,,,,,,,,,,,,,,,,,,,,,,,,,,,,,,,,,,,,,,,,,,,,,,
2025-10-02 01:41:15,,,,867488067684034,2647,HBD,,,,,,,,,,,,,,,,,,,,,,,,,,,,,,,,,,,,,,,,,,,,,,,,,,
2025-10-02 01:43:16,,,,867488067684034,2648,HBD,,,,,,,,,,,,,,,,,,,,,,,,,,,,,,,,,,,,,,,,,,,,,,,,,,
2025-10-02 01:45:16,,,,867488067684034,2649,HBD,,,,,,,,,,,,,,,,,,,,,,,,,,,,,,,,,,,,,,,,,,,,,,,,,,
2025-10-02 01:47:17,,,,867488067684034,2650,HBD,,,,,,,,,,,,,,,,,,,,,,,,,,,,,,,,,,,,,,,,,,,,,,,,,,
2025-10-02 01:49:17,,,,867488067684034,2651,HBD,,,,,,,,,,,,,,,,,,,,,,,,,,,,,,,,,,,,,,,,,,,,,,,,,,
2025-10-02 01:51:17,,,,867488067684034,2652,HBD,,,,,,,,,,,,,,,,,,,,,,,,,,,,,,,,,,,,,,,,,,,,,,,,,,
2025-10-02 01:53:18,,,,867488067684034,2653,HBD,,,,,,,,,,,,,,,,,,,,,,,,,,,,,,,,,,,,,,,,,,,,,,,,,,
2025-10-02 01:55:18,,,,867488067684034,2654,HBD,,,,,,,,,,,,,,,,,,,,,,,,,,,,,,,,,,,,,,,,,,,,,,,,,,
2025-10-02 01:57:19,,,,867488067684034,2655,HBD,,,,,,,,,,,,,,,,,,,,,,,,,,,,,,,,,,,,,,,,,,,,,,,,,,
2025-10-02 01:59:19,,,,867488067684034,2656,HBD,,,,,,,,,,,,,,,,,,,,,,,,,,,,,,,,,,,,,,,,,,,,,,,,,,
2025-10-02 02:01:20,,,,867488067684034,2657,HBD,,,,,,,,,,,,,,,,,,,,,,,,,,,,,,,,,,,,,,,,,,,,,,,,,,
2025-10-02 02:03:20,,,,867488067684034,2658,HBD,,,,,,,,,,,,,,,,,,,,,,,,,,,,,,,,,,,,,,,,,,,,,,,,,,
2025-10-02 02:05:21,,,,867488067684034,2659,HBD,,,,,,,,,,,,,,,,,,,,,,,,,,,,,,,,,,,,,,,,,,,,,,,,,,
2025-10-02 02:07:21,,,,867488067684034,2660,HBD,,,,,,,,,,,,,,,,,,,,,,,,,,,,,,,,,,,,,,,,,,,,,,,,,,
2025-10-02 02:09:22,,,,867488067684034,2661,HBD,,,,,,,,,,,,,,,,,,,,,,,,,,,,,,,,,,,,,,,,,,,,,,,,,,
2025-10-02 02:11:22,,,,867488067684034,2662,HBD,,,,,,,,,,,,,,,,,,,,,,,,,,,,,,,,,,,,,,,,,,,,,,,,,,
2025-10-02 02:13:23,,,,867488067684034,2663,HBD,,,,,,,,,,,,,,,,,,,,,,,,,,,,,,,,,,,,,,,,,,,,,,,,,,
2025-10-02 02:15:23,,,,867488067684034,2664,HBD,,,,,,,,,,,,,,,,,,,,,,,,,,,,,,,,,,,,,,,,,,,,,,,,,,
2025-10-02 02:17:23,,,,867488067684034,2665,HBD,,,,,,,,,,,,,,,,,,,,,,,,,,,,,,,,,,,,,,,,,,,,,,,,,,
2025-10-02 02:19:24,,,,867488067684034,2666,HBD,,,,,,,,,,,,,,,,,,,,,,,,,,,,,,,,,,,,,,,,,,,,,,,,,,
2025-10-02 02:21:24,,,,867488067684034,2667,HBD,,,,,,,,,,,,,,,,,,,,,,,,,,,,,,,,,,,,,,,,,,,,,,,,,,
2025-10-02 02:23:25,,,,867488067684034,2668,HBD,,,,,,,,,,,,,,,,,,,,,,,,,,,,,,,,,,,,,,,,,,,,,,,,,,
2025-10-02 02:25:25,,,,867488067684034,2669,HBD,,,,,,,,,,,,,,,,,,,,,,,,,,,,,,,,,,,,,,,,,,,,,,,,,,
2025-10-02 02:26:36,2025-10-02 02:26:35,2025-10-02 02:24:09,2025-10-02 02:24:09,867488067684034,2670,GTERI,0x19fe3fbf,0x00028102,802003,0x8303,0x0115,100,25373,0000,-,00,00,11,6,6,-,01,01,0.0,0.0,262,262,1028,1028,-25.047392,-25.047392,-51.540841,-51.540841,0724,0004,85da,0f6ad116,6.8,100.4,100.4,0:26:30,7:48:52,-,-,0,-,,,,,04,1,00000000,00,10,
2025-10-02 02:27:26,,,,867488067684034,2671,HBD,,,,,,,,,,,,,,,,,,,,,,,,,,,,,,,,,,,,,,,,,,,,,,,,,,
2025-10-02 02:29:26,,,,867488067684034,2672,HBD,,,,,,,,,,,,,,,,,,,,,,,,,,,,,,,,,,,,,,,,,,,,,,,,,,
2025-10-02 02:31:27,,,,867488067684034,2673,HBD,,,,,,,,,,,,,,,,,,,,,,,,,,,,,,,,,,,,,,,,,,,,,,,,,,
2025-10-02 02:33:27,,,,867488067684034,2674,HBD,,,,,,,,,,,,,,,,,,,,,,,,,,,,,,,,,,,,,,,,,,,,,,,,,,
2025-10-02 02:35:28,,,,867488067684034,2675,HBD,,,,,,,,,,,,,,,,,,,,,,,,,,,,,,,,,,,,,,,,,,,,,,,,,,
2025-10-02 02:37:28,,,,867488067684034,2676,HBD,,,,,,,,,,,,,,,,,,,,,,,,,,,,,,,,,,,,,,,,,,,,,,,,,,
2025-10-02 02:39:28,,,,867488067684034,2677,HBD,,,,,,,,,,,,,,,,,,,,,,,,,,,,,,,,,,,,,,,,,,,,,,,,,,
2025-10-02 02:41:29,,,,867488067684034,2678,HBD,,,,,,,,,,,,,,,,,,,,,,,,,,,,,,,,,,,,,,,,,,,,,,,,,,
2025-10-02 02:43:29,,,,867488067684034,2679,HBD,,,,,,,,,,,,,,,,,,,,,,,,,,,,,,,,,,,,,,,,,,,,,,,,,,
2025-10-02 02:45:30,,,,867488067684034,2680,HBD,,,,,,,,,,,,,,,,,,,,,,,,,,,,,,,,,,,,,,,,,,,,,,,,,,
2025-10-02 02:47:30,,,,867488067684034,2681,HBD,,,,,,,,,,,,,,,,,,,,,,,,,,,,,,,,,,,,,,,,,,,,,,,,,,
2025-10-02 02:49:31,,,,867488067684034,2682,HBD,,,,,,,,,,,,,,,,,,,,,,,,,,,,,,,,,,,,,,,,,,,,,,,,,,
2025-10-02 02:51:31,,,,867488067684034,2683,HBD,,,,,,,,,,,,,,,,,,,,,,,,,,,,,,,,,,,,,,,,,,,,,,,,,,
2025-10-02 02:53:31,,,,867488067684034,2684,HBD,,,,,,,,,,,,,,,,,,,,,,,,,,,,,,,,,,,,,,,,,,,,,,,,,,
2025-10-02 02:55:32,,,,867488067684034,2685,HBD,,,,,,,,,,,,,,,,,,,,,,,,,,,,,,,,,,,,,,,,,,,,,,,,,,
2025-10-02 02:57:32,,,,867488067684034,2686,HBD,,,,,,,,,,,,,,,,,,,,,,,,,,,,,,,,,,,,,,,,,,,,,,,,,,
2025-10-02 02:59:33,,,,867488067684034,2687,HBD,,,,,,,,,,,,,,,,,,,,,,,,,,,,,,,,,,,,,,,,,,,,,,,,,,
2025-10-02 03:01:33,,,,867488067684034,2688,HBD,,,,,,,,,,,,,,,,,,,,,,,,,,,,,,,,,,,,,,,,,,,,,,,,,,
2025-10-02 03:03:34,,,,867488067684034,2689,HBD,,,,,,,,,,,,,,,,,,,,,,,,,,,,,,,,,,,,,,,,,,,,,,,,,,
2025-10-02 03:05:34,,,,867488067684034,2690,HBD,,,,,,,,,,,,,,,,,,,,,,,,,,,,,,,,,,,,,,,,,,,,,,,,,,
2025-10-02 03:07:35,,,,867488067684034,2691,HBD,,,,,,,,,,,,,,,,,,,,,,,,,,,,,,,,,,,,,,,,,,,,,,,,,,
2025-10-02 03:09:35,,,,867488067684034,2692,HBD,,,,,,,,,,,,,,,,,,,,,,,,,,,,,,,,,,,,,,,,,,,,,,,,,,
2025-10-02 03:11:35,,,,867488067684034,2693,HBD,,,,,,,,,,,,,,,,,,,,,,,,,,,,,,,,,,,,,,,,,,,,,,,,,,
2025-10-02 03:13:36,,,,867488067684034,2694,HBD,,,,,,,,,,,,,,,,,,,,,,,,,,,,,,,,,,,,,,,,,,,,,,,,,,
2025-10-02 03:15:36,,,,867488067684034,2695,HBD,,,,,,,,,,,,,,,,,,,,,,,,,,,,,,,,,,,,,,,,,,,,,,,,,,
2025-10-02 03:17:37,,,,867488067684034,2696,HBD,,,,,,,,,,,,,,,,,,,,,,,,,,,,,,,,,,,,,,,,,,,,,,,,,,
2025-10-02 03:19:37,,,,867488067684034,2697,HBD,,,,,,,,,,,,,,,,,,,,,,,,,,,,,,,,,,,,,,,,,,,,,,,,,,
2025-10-02 03:21:38,,,,867488067684034,2698,HBD,,,,,,,,,,,,,,,,,,,,,,,,,,,,,,,,,,,,,,,,,,,,,,,,,,
2025-10-02 03:23:38,,,,867488067684034,2699,HBD,,,,,,,,,,,,,,,,,,,,,,,,,,,,,,,,,,,,,,,,,,,,,,,,,,
2025-10-02 03:25:38,,,,867488067684034,2700,HBD,,,,,,,,,,,,,,,,,,,,,,,,,,,,,,,,,,,,,,,,,,,,,,,,,,
2025-10-02 03:26:36,2025-10-02 03:26:35,2025-10-02 03:24:24,2025-10-02 03:24:24,867488067684034,2701,GTERI,0x19fe3fbf,0x00028102,802003,0x8303,0x0115,100,25336,0000,-,00,00,11,5,5,-,01,01,0.0,0.0,262,262,1028,1028,-25.047392,-25.047392,-51.540841,-51.540841,0724,0004,85da,0f6ad116,6.8,100.4,100.4,0:26:30,7:48:52,-,-,0,-,,,,,04,1,00000000,00,10,
2025-10-02 03:27:39,,,,867488067684034,2702,HBD,,,,,,,,,,,,,,,,,,,,,,,,,,,,,,,,,,,,,,,,,,,,,,,,,,
2025-10-02 03:29:39,,,,867488067684034,2703,HBD,,,,,,,,,,,,,,,,,,,,,,,,,,,,,,,,,,,,,,,,,,,,,,,,,,
2025-10-02 03:31:40,,,,867488067684034,2704,HBD,,,,,,,,,,,,,,,,,,,,,,,,,,,,,,,,,,,,,,,,,,,,,,,,,,
2025-10-02 03:33:40,,,,867488067684034,2705,HBD,,,,,,,,,,,,,,,,,,,,,,,,,,,,,,,,,,,,,,,,,,,,,,,,,,
2025-10-02 03:35:41,,,,867488067684034,2706,HBD,,,,,,,,,,,,,,,,,,,,,,,,,,,,,,,,,,,,,,,,,,,,,,,,,,
2025-10-02 03:37:41,,,,867488067684034,2707,HBD,,,,,,,,,,,,,,,,,,,,,,,,,,,,,,,,,,,,,,,,,,,,,,,,,,
2025-10-02 03:39:42,,,,867488067684034,2708,HBD,,,,,,,,,,,,,,,,,,,,,,,,,,,,,,,,,,,,,,,,,,,,,,,,,,
2025-10-02 03:41:42,,,,867488067684034,2709,HBD,,,,,,,,,,,,,,,,,,,,,,,,,,,,,,,,,,,,,,,,,,,,,,,,,,
2025-10-02 03:43:42,,,,867488067684034,2710,HBD,,,,,,,,,,,,,,,,,,,,,,,,,,,,,,,,,,,,,,,,,,,,,,,,,,
2025-10-02 03:45:43,,,,867488067684034,2711,HBD,,,,,,,,,,,,,,,,,,,,,,,,,,,,,,,,,,,,,,,,,,,,,,,,,,
2025-10-02 03:47:43,,,,867488067684034,2712,HBD,,,,,,,,,,,,,,,,,,,,,,,,,,,,,,,,,,,,,,,,,,,,,,,,,,
2025-10-02 03:49:44,,,,867488067684034,2713,HBD,,,,,,,,,,,,,,,,,,,,,,,,,,,,,,,,,,,,,,,,,,,,,,,,,,
2025-10-02 03:51:44,,,,867488067684034,2714,HBD,,,,,,,,,,,,,,,,,,,,,,,,,,,,,,,,,,,,,,,,,,,,,,,,,,
2025-10-02 03:53:45,,,,867488067684034,2715,HBD,,,,,,,,,,,,,,,,,,,,,,,,,,,,,,,,,,,,,,,,,,,,,,,,,,
2025-10-02 03:55:45,,,,867488067684034,2716,HBD,,,,,,,,,,,,,,,,,,,,,,,,,,,,,,,,,,,,,,,,,,,,,,,,,,
2025-10-02 03:57:45,,,,867488067684034,2717,HBD,,,,,,,,,,,,,,,,,,,,,,,,,,,,,,,,,,,,,,,,,,,,,,,,,,
2025-10-02 03:59:46,,,,867488067684034,2718,HBD,,,,,,,,,,,,,,,,,,,,,,,,,,,,,,,,,,,,,,,,,,,,,,,,,,
2025-10-02 04:01:46,,,,867488067684034,2719,HBD,,,,,,,,,,,,,,,,,,,,,,,,,,,,,,,,,,,,,,,,,,,,,,,,,,
2025-10-02 04:03:47,,,,867488067684034,2720,HBD,,,,,,,,,,,,,,,,,,,,,,,,,,,,,,,,,,,,,,,,,,,,,,,,,,
2025-10-02 04:05:47,,,,867488067684034,2721,HBD,,,,,,,,,,,,,,,,,,,,,,,,,,,,,,,,,,,,,,,,,,,,,,,,,,
2025-10-02 04:07:48,,,,867488067684034,2722,HBD,,,,,,,,,,,,,,,,,,,,,,,,,,,,,,,,,,,,,,,,,,,,,,,,,,
2025-10-02 04:09:48,,,,867488067684034,2723,HBD,,,,,,,,,,,,,,,,,,,,,,,,,,,,,,,,,,,,,,,,,,,,,,,,,,
2025-10-02 04:11:49,,,,867488067684034,2724,HBD,,,,,,,,,,,,,,,,,,,,,,,,,,,,,,,,,,,,,,,,,,,,,,,,,,
2025-10-02 04:13:49,,,,867488067684034,2725,HBD,,,,,,,,,,,,,,,,,,,,,,,,,,,,,,,,,,,,,,,,,,,,,,,,,,
2025-10-02 04:15:50,,,,867488067684034,2726,HBD,,,,,,,,,,,,,,,,,,,,,,,,,,,,,,,,,,,,,,,,,,,,,,,,,,
2025-10-02 04:17:50,,,,867488067684034,2727,HBD,,,,,,,,,,,,,,,,,,,,,,,,,,,,,,,,,,,,,,,,,,,,,,,,,,
2025-10-02 04:19:50,,,,867488067684034,2728,HBD,,,,,,,,,,,,,,,,,,,,,,,,,,,,,,,,,,,,,,,,,,,,,,,,,,
2025-10-02 04:21:51,,,,867488067684034,2729,HBD,,,,,,,,,,,,,,,,,,,,,,,,,,,,,,,,,,,,,,,,,,,,,,,,,,
2025-10-02 04:23:51,,,,867488067684034,2730,HBD,,,,,,,,,,,,,,,,,,,,,,,,,,,,,,,,,,,,,,,,,,,,,,,,,,
2025-10-02 04:25:52,,,,867488067684034,2731,HBD,,,,,,,,,,,,,,,,,,,,,,,,,,,,,,,,,,,,,,,,,,,,,,,,,,
2025-10-02 04:26:36,2025-10-02 04:26:35,2025-10-02 04:24:36,2025-10-02 04:24:36,867488067684034,2732,GTERI,0x19fe3fbf,0x00028102,802003,0x8303,0x0115,100,25351,0000,-,00,00,11,12,12,-,01,01,0.0,0.0,262,262,1028,1028,-25.047392,-25.047392,-51.540841,-51.540841,0724,0004,85da,0f6ad116,6.8,100.4,100.4,0:26:30,7:48:52,-,-,0,-,,,,,04,1,00000000,00,10,
2025-10-02 04:27:52,,,,867488067684034,2733,HBD,,,,,,,,,,,,,,,,,,,,,,,,,,,,,,,,,,,,,,,,,,,,,,,,,,
2025-10-02 04:29:53,,,,867488067684034,2734,HBD,,,,,,,,,,,,,,,,,,,,,,,,,,,,,,,,,,,,,,,,,,,,,,,,,,
2025-10-02 04:31:53,,,,867488067684034,2735,HBD,,,,,,,,,,,,,,,,,,,,,,,,,,,,,,,,,,,,,,,,,,,,,,,,,,
2025-10-02 04:33:54,,,,867488067684034,2736,HBD,,,,,,,,,,,,,,,,,,,,,,,,,,,,,,,,,,,,,,,,,,,,,,,,,,
2025-10-02 04:35:54,,,,867488067684034,2737,HBD,,,,,,,,,,,,,,,,,,,,,,,,,,,,,,,,,,,,,,,,,,,,,,,,,,
2025-10-02 04:37:54,,,,867488067684034,2738,HBD,,,,,,,,,,,,,,,,,,,,,,,,,,,,,,,,,,,,,,,,,,,,,,,,,,
2025-10-02 04:39:55,,,,867488067684034,2739,HBD,,,,,,,,,,,,,,,,,,,,,,,,,,,,,,,,,,,,,,,,,,,,,,,,,,
2025-10-02 04:41:55,,,,867488067684034,2740,HBD,,,,,,,,,,,,,,,,,,,,,,,,,,,,,,,,,,,,,,,,,,,,,,,,,,
2025-10-02 04:43:56,,,,867488067684034,2741,HBD,,,,,,,,,,,,,,,,,,,,,,,,,,,,,,,,,,,,,,,,,,,,,,,,,,
2025-10-02 04:45:56,,,,867488067684034,2742,HBD,,,,,,,,,,,,,,,,,,,,,,,,,,,,,,,,,,,,,,,,,,,,,,,,,,
2025-10-02 04:47:57,,,,867488067684034,2743,HBD,,,,,,,,,,,,,,,,,,,,,,,,,,,,,,,,,,,,,,,,,,,,,,,,,,
2025-10-02 04:49:57,,,,867488067684034,2744,HBD,,,,,,,,,,,,,,,,,,,,,,,,,,,,,,,,,,,,,,,,,,,,,,,,,,
2025-10-02 04:51:57,,,,867488067684034,2745,HBD,,,,,,,,,,,,,,,,,,,,,,,,,,,,,,,,,,,,,,,,,,,,,,,,,,
2025-10-02 04:53:58,,,,867488067684034,2746,HBD,,,,,,,,,,,,,,,,,,,,,,,,,,,,,,,,,,,,,,,,,,,,,,,,,,
2025-10-02 04:55:58,,,,867488067684034,2747,HBD,,,,,,,,,,,,,,,,,,,,,,,,,,,,,,,,,,,,,,,,,,,,,,,,,,
2025-10-02 04:57:59,,,,867488067684034,2748,HBD,,,,,,,,,,,,,,,,,,,,,,,,,,,,,,,,,,,,,,,,,,,,,,,,,,
2025-10-02 04:59:59,,,,867488067684034,2749,HBD,,,,,,,,,,,,,,,,,,,,,,,,,,,,,,,,,,,,,,,,,,,,,,,,,,
2025-10-02 05:02:00,,,,867488067684034,2750,HBD,,,,,,,,,,,,,,,,,,,,,,,,,,,,,,,,,,,,,,,,,,,,,,,,,,
2025-10-02 05:04:00,,,,867488067684034,2751,HBD,,,,,,,,,,,,,,,,,,,,,,,,,,,,,,,,,,,,,,,,,,,,,,,,,,
2025-10-02 05:06:01,,,,867488067684034,2752,HBD,,,,,,,,,,,,,,,,,,,,,,,,,,,,,,,,,,,,,,,,,,,,,,,,,,
2025-10-02 05:08:01,,,,867488067684034,2753,HBD,,,,,,,,,,,,,,,,,,,,,,,,,,,,,,,,,,,,,,,,,,,,,,,,,,
2025-10-02 05:10:02,,,,867488067684034,2754,HBD,,,,,,,,,,,,,,,,,,,,,,,,,,,,,,,,,,,,,,,,,,,,,,,,,,
2025-10-02 05:12:02,,,,867488067684034,2755,HBD,,,,,,,,,,,,,,,,,,,,,,,,,,,,,,,,,,,,,,,,,,,,,,,,,,
2025-10-02 05:14:02,,,,867488067684034,2756,HBD,,,,,,,,,,,,,,,,,,,,,,,,,,,,,,,,,,,,,,,,,,,,,,,,,,
2025-10-02 05:16:03,,,,867488067684034,2757,HBD,,,,,,,,,,,,,,,,,,,,,,,,,,,,,,,,,,,,,,,,,,,,,,,,,,
2025-10-02 05:18:03,,,,867488067684034,2758,HBD,,,,,,,,,,,,,,,,,,,,,,,,,,,,,,,,,,,,,,,,,,,,,,,,,,
2025-10-02 05:20:04,,,,867488067684034,2759,HBD,,,,,,,,,,,,,,,,,,,,,,,,,,,,,,,,,,,,,,,,,,,,,,,,,,
2025-10-02 05:22:04,,,,867488067684034,2760,HBD,,,,,,,,,,,,,,,,,,,,,,,,,,,,,,,,,,,,,,,,,,,,,,,,,,
2025-10-02 05:24:05,,,,867488067684034,2761,HBD,,,,,,,,,,,,,,,,,,,,,,,,,,,,,,,,,,,,,,,,,,,,,,,,,,
2025-10-02 05:26:05,,,,867488067684034,2762,HBD,,,,,,,,,,,,,,,,,,,,,,,,,,,,,,,,,,,,,,,,,,,,,,,,,,
2025-10-02 05:26:36,2025-10-02 05:26:35,2025-10-02 05:24:10,2025-10-02 05:24:10,867488067684034,2763,GTERI,0x19fe3fbf,0x00028102,802003,0x8303,0x0115,100,25273,0000,-,00,00,11,12,12,-,01,01,0.0,0.0,262,262,1028,1028,-25.047392,-25.047392,-51.540841,-51.540841,0724,0004,85da,0f6ad116,6.8,100.4,100.4,0:26:30,7:48:52,-,-,0,-,,,,,04,1,00000000,00,10,
2025-10-02 05:28:05,,,,867488067684034,2764,HBD,,,,,,,,,,,,,,,,,,,,,,,,,,,,,,,,,,,,,,,,,,,,,,,,,,
2025-10-02 05:30:06,,,,867488067684034,2765,HBD,,,,,,,,,,,,,,,,,,,,,,,,,,,,,,,,,,,,,,,,,,,,,,,,,,
2025-10-02 05:32:06,,,,867488067684034,2766,HBD,,,,,,,,,,,,,,,,,,,,,,,,,,,,,,,,,,,,,,,,,,,,,,,,,,
2025-10-02 05:34:07,,,,867488067684034,2767,HBD,,,,,,,,,,,,,,,,,,,,,,,,,,,,,,,,,,,,,,,,,,,,,,,,,,
2025-10-02 05:36:07,,,,867488067684034,2768,HBD,,,,,,,,,,,,,,,,,,,,,,,,,,,,,,,,,,,,,,,,,,,,,,,,,,
2025-10-02 05:37:08,,,,867488067684034,2769,HBD,,,,,,,,,,,,,,,,,,,,,,,,,,,,,,,,,,,,,,,,,,,,,,,,,,
2025-10-02 05:39:08,,,,867488067684034,2770,HBD,,,,,,,,,,,,,,,,,,,,,,,,,,,,,,,,,,,,,,,,,,,,,,,,,,
2025-10-02 05:41:08,,,,867488067684034,2771,HBD,,,,,,,,,,,,,,,,,,,,,,,,,,,,,,,,,,,,,,,,,,,,,,,,,,
2025-10-02 05:43:09,,,,867488067684034,2772,HBD,,,,,,,,,,,,,,,,,,,,,,,,,,,,,,,,,,,,,,,,,,,,,,,,,,
2025-10-02 05:45:09,,,,867488067684034,2773,HBD,,,,,,,,,,,,,,,,,,,,,,,,,,,,,,,,,,,,,,,,,,,,,,,,,,
2025-10-02 05:47:10,,,,867488067684034,2774,HBD,,,,,,,,,,,,,,,,,,,,,,,,,,,,,,,,,,,,,,,,,,,,,,,,,,
2025-10-02 05:49:10,,,,867488067684034,2775,HBD,,,,,,,,,,,,,,,,,,,,,,,,,,,,,,,,,,,,,,,,,,,,,,,,,,
2025-10-02 05:51:11,,,,867488067684034,2776,HBD,,,,,,,,,,,,,,,,,,,,,,,,,,,,,,,,,,,,,,,,,,,,,,,,,,
2025-10-02 05:53:11,,,,867488067684034,2777,HBD,,,,,,,,,,,,,,,,,,,,,,,,,,,,,,,,,,,,,,,,,,,,,,,,,,
2025-10-02 05:55:11,,,,867488067684034,2778,HBD,,,,,,,,,,,,,,,,,,,,,,,,,,,,,,,,,,,,,,,,,,,,,,,,,,
2025-10-02 05:57:12,,,,867488067684034,2779,HBD,,,,,,,,,,,,,,,,,,,,,,,,,,,,,,,,,,,,,,,,,,,,,,,,,,
2025-10-02 05:59:12,,,,867488067684034,2780,HBD,,,,,,,,,,,,,,,,,,,,,,,,,,,,,,,,,,,,,,,,,,,,,,,,,,
2025-10-02 06:01:13,,,,867488067684034,2781,HBD,,,,,,,,,,,,,,,,,,,,,,,,,,,,,,,,,,,,,,,,,,,,,,,,,,
2025-10-02 06:03:13,,,,867488067684034,2782,HBD,,,,,,,,,,,,,,,,,,,,,,,,,,,,,,,,,,,,,,,,,,,,,,,,,,
2025-10-02 06:05:14,,,,867488067684034,2783,HBD,,,,,,,,,,,,,,,,,,,,,,,,,,,,,,,,,,,,,,,,,,,,,,,,,,
2025-10-02 06:07:14,,,,867488067684034,2784,HBD,,,,,,,,,,,,,,,,,,,,,,,,,,,,,,,,,,,,,,,,,,,,,,,,,,
2025-10-02 06:09:14,,,,867488067684034,2785,HBD,,,,,,,,,,,,,,,,,,,,,,,,,,,,,,,,,,,,,,,,,,,,,,,,,,
2025-10-02 06:11:15,,,,867488067684034,2786,HBD,,,,,,,,,,,,,,,,,,,,,,,,,,,,,,,,,,,,,,,,,,,,,,,,,,
2025-10-02 06:13:15,,,,867488067684034,2787,HBD,,,,,,,,,,,,,,,,,,,,,,,,,,,,,,,,,,,,,,,,,,,,,,,,,,
2025-10-02 06:15:16,,,,867488067684034,2788,HBD,,,,,,,,,,,,,,,,,,,,,,,,,,,,,,,,,,,,,,,,,,,,,,,,,,
2025-10-02 06:17:16,,,,867488067684034,2789,HBD,,,,,,,,,,,,,,,,,,,,,,,,,,,,,,,,,,,,,,,,,,,,,,,,,,
2025-10-02 06:19:17,,,,867488067684034,2790,HBD,,,,,,,,,,,,,,,,,,,,,,,,,,,,,,,,,,,,,,,,,,,,,,,,,,
2025-10-02 06:21:17,,,,867488067684034,2791,HBD,,,,,,,,,,,,,,,,,,,,,,,,,,,,,,,,,,,,,,,,,,,,,,,,,,
2025-10-02 06:23:17,,,,867488067684034,2792,HBD,,,,,,,,,,,,,,,,,,,,,,,,,,,,,,,,,,,,,,,,,,,,,,,,,,
2025-10-02 06:25:18,,,,867488067684034,2793,HBD,,,,,,,,,,,,,,,,,,,,,,,,,,,,,,,,,,,,,,,,,,,,,,,,,,
2025-10-02 06:26:36,2025-10-02 06:26:35,2025-10-02 06:24:09,2025-10-02 06:24:09,867488067684034,2794,GTERI,0x19fe3fbf,0x00028102,802003,0x8303,0x0115,100,25300,0000,-,00,00,11,8,8,-,01,01,0.0,0.0,262,262,1028,1028,-25.047392,-25.047392,-51.540841,-51.540841,0724,0004,85da,0f6ad116,6.8,100.4,100.4,0:26:30,7:48:52,-,-,0,-,,,,,04,1,00000000,00,10,
2025-10-02 06:27:18,,,,867488067684034,2795,HBD,,,,,,,,,,,,,,,,,,,,,,,,,,,,,,,,,,,,,,,,,,,,,,,,,,
2025-10-02 06:29:19,,,,867488067684034,2796,HBD,,,,,,,,,,,,,,,,,,,,,,,,,,,,,,,,,,,,,,,,,,,,,,,,,,
2025-10-02 06:31:19,,,,867488067684034,2797,HBD,,,,,,,,,,,,,,,,,,,,,,,,,,,,,,,,,,,,,,,,,,,,,,,,,,
2025-10-02 06:33:20,,,,867488067684034,2798,HBD,,,,,,,,,,,,,,,,,,,,,,,,,,,,,,,,,,,,,,,,,,,,,,,,,,
2025-10-02 06:35:20,,,,867488067684034,2799,HBD,,,,,,,,,,,,,,,,,,,,,,,,,,,,,,,,,,,,,,,,,,,,,,,,,,
2025-10-02 06:37:21,,,,867488067684034,2800,HBD,,,,,,,,,,,,,,,,,,,,,,,,,,,,,,,,,,,,,,,,,,,,,,,,,,
2025-10-02 06:39:21,,,,867488067684034,2801,HBD,,,,,,,,,,,,,,,,,,,,,,,,,,,,,,,,,,,,,,,,,,,,,,,,,,
2025-10-02 06:39:51,2025-10-02 06:39:50,2025-10-02 06:24:09,2025-10-01 17:19:25,867488067684034,2803,GTIGN,0x19fe7fbf,,802003,0x8303,0x0115,100,25302,0000,0000,01,00,21,8,12,47890,00,01,0.0,37.7,262,264,1028,1052,-25.047392,-25.048665,-51.540841,-51.537257,0724,0004,85da,0f6ad116,0.0,100.4,99.8,0:00:00,7:48:52,-,-,0,-,,,,,,,,,,
2025-10-02 06:39:51,2025-10-02 06:39:50,2025-10-02 06:24:09,2025-10-02 06:24:09,867488067684034,2804,GTSTT,0x19fe7fbf,,802003,0x8303,0x0115,100,25302,0000,0000,01,00,21,8,8,-,00,00,0.0,0.0,262,262,1028,1028,-25.047392,-25.047392,-51.540841,-51.540841,0724,0004,85da,0f6ad116,0.0,100.4,100.4,0:00:00,7:48:52,-,-,0,-,,,,,,,,,,
2025-10-02 06:40:00,2025-10-02 06:39:59,2025-10-02 06:40:00,2025-10-02 06:40:00,867488067684034,2805,GTERI,0x19fe3fbf,0x00028102,802003,0x8303,0x0115,100,24355,0000,-,01,00,21,5,5,-,02,02,0.0,0.0,262,262,1013,1013,-25.047341,-25.047341,-51.540936,-51.540936,0724,0004,85da,0f6ad116,0.0,100.4,100.4,0:00:09,7:49:01,-,-,0,-,,,,,04,1,00000000,00,10,
2025-10-02 06:40:00,2025-10-02 06:39:59,2025-10-02 06:40:00,2025-10-02 06:40:00,867488067684034,2806,GTIGL,0x19fe7fbf,,802003,0x8303,0x0115,100,24355,0000,0000,01,00,21,5,5,-,02,02,0.0,0.0,262,262,1013,1013,-25.047341,-25.047341,-51.540936,-51.540936,0724,0004,85da,0f6ad116,0.0,100.4,100.4,0:00:09,7:49:01,-,-,0,-,,,,,,,,,00,
2025-10-02 06:40:04,2025-10-02 06:40:03,2025-10-02 06:40:04,2025-10-02 06:40:04,867488067684034,2807,GTSTT,0x19fe7fbf,,802003,0x8303,0x0115,100,24218,0000,0000,01,00,22,6,6,-,02,02,0.0,0.0,262,262,1013,1013,-25.047341,-25.047341,-51.540936,-51.540936,0724,0004,85da,0f6ad116,0.0,100.4,100.4,0:00:12,7:49:04,-,-,0,-,,,,,,,,,,
2025-10-02 06:41:21,,,,867488067684034,2808,HBD,,,,,,,,,,,,,,,,,,,,,,,,,,,,,,,,,,,,,,,,,,,,,,,,,,
2025-10-02 06:42:57,2025-10-02 06:42:56,2025-10-02 06:42:55,2025-10-02 06:42:21,867488067684034,2810,GTERI,0x19fe3fbf,0x00028102,802003,0x8303,0x0115,100,27983,0000,-,01,00,22,12,12,-,01,01,19.3,26.0,342,263,1022,1016,-25.045819,-25.046491,-51.542491,-51.541379,0724,0004,85da,0f6ad116,0.3,100.7,100.6,0:03:06,7:51:58,-,-,0,-,,,,,04,1,00000000,00,10,
2025-10-02 06:43:22,,,,867488067684034,2811,HBD,,,,,,,,,,,,,,,,,,,,,,,,,,,,,,,,,,,,,,,,,,,,,,,,,,
2025-10-02 06:43:51,,,,867488067684034,2813,ACK,,,,,,,,,,,,,,,,,,,,,,,,,,,,,,,,,,,,,,,,,,,,,,,,,,
2025-10-02 06:43:51,,,,867488067684034,2814,ACK,,,,,,,,,,,,,,,,,,,,,,,,,,,,,,,,,,,,,,,,,,,,,,,,,,
2025-10-02 06:43:52,,,,867488067684034,2815,ACK,,,,,,,,,,,,,,,,,,,,,,,,,,,,,,,,,,,,,,,,,,,,,,,,,,
2025-10-02 06:45:22,,,,867488067684034,2816,HBD,,,,,,,,,,,,,,,,,,,,,,,,,,,,,,,,,,,,,,,,,,,,,,,,,,
2025-10-02 06:45:57,2025-10-02 06:45:56,2025-10-02 06:45:55,2025-10-02 06:45:05,867488067684034,2818,GTERI,0x19fe3fbf,0x00028102,802003,0x8303,0x0115,100,27920,0000,-,01,00,22,12,12,-,01,01,21.2,54.8,58,349,1037,1035,-25.030816,-25.034053,-51.546173,-51.546995,0724,0004,85da,0f6ad117,2.2,102.6,102.1,0:06:06,7:54:58,-,-,0,-,,,,,04,1,00000000,00,10,
2025-10-02 06:47:23,,,,867488067684034,2819,HBD,,,,,,,,,,,,,,,,,,,,,,,,,,,,,,,,,,,,,,,,,,,,,,,,,,
2025-10-02 06:48:57,2025-10-02 06:48:56,2025-10-02 06:48:55,2025-10-02 06:47:49,867488067684034,2821,GTERI,0x19fe3fbf,0x00028102,802003,0x8303,0x0115,100,28059,0000,-,01,00,22,12,12,-,01,01,31.1,35.0,358,69,1047,1042,-25.025042,-25.027685,-51.535726,-51.53935,0724,0004,85da,0f6ad10b,3.6,104.0,103.4,0:09:06,7:57:58,-,-,0,-,,,,,04,3,00000000,00,10,
2025-10-02 06:49:24,,,,867488067684034,2822,HBD,,,,,,,,,,,,,,,,,,,,,,,,,,,,,,,,,,,,,,,,,,,,,,,,,,
2025-10-02 06:51:04,2025-10-02 06:50:23,2025-10-02 06:50:23,2025-10-02 06:49:02,867488067684034,2824,GTPDP,0x19fe7fbf,,802003,0x8303,0x0115,100,27982,0000,0000,01,00,22,12,12,-,01,01,27.1,34.3,40,354,1004,1042,-25.021177,-25.024473,-51.533859,-51.535805,0000,0000,0000,00000000,4.1,104.5,104.1,0:10:33,7:59:25,-,-,0,-,,,,,,,,,,
2025-10-02 06:51:05,,,,867488067684034,2826,HBD,,,,,,,,,,,,,,,,,,,,,,,,,,,,,,,,,,,,,,,,,,,,,,,,,,
2025-10-02 06:51:57,2025-10-02 06:51:56,2025-10-02 06:51:55,2025-10-02 06:50:49,867488067684034,2827,GTERI,0x19fe3fbf,0x00028102,802003,0x8303,0x0115,100,27969,0000,-,01,00,22,12,12,-,01,01,29.7,31.9,154,125,966,980,-25.024229,-25.020741,-51.528831,-51.532219,0724,0004,85da,0f6ad117,4.8,105.3,104.7,0:12:06,8:00:58,-,-,0,-,,,,,04,1,00000000,00,10,
2025-10-02 06:53:25,,,,867488067684034,2829,HBD,,,,,,,,,,,,,,,,,,,,,,,,,,,,,,,,,,,,,,,,,,,,,,,,,,
2025-10-02 06:54:53,2025-10-02 06:54:40,2025-10-02 06:54:40,2025-10-02 06:54:06,867488067684034,2830,GTPDP,0x19fe7fbf,,802003,0x8303,0x0115,100,28009,0000,0000,01,00,22,12,12,-,01,01,29.1,37.2,68,124,998,1002,-25.023878,-25.023055,-51.516119,-51.518755,0000,0000,0000,00000000,6.2,106.7,106.4,0:14:48,8:03:40,-,-,0,-,,,,,,,,,,
2025-10-02 06:54:53,,,,867488067684034,2832,HBD,,,,,,,,,,,,,,,,,,,,,,,,,,,,,,,,,,,,,,,,,,,,,,,,,,
2025-10-02 06:54:57,2025-10-02 06:54:56,2025-10-02 06:54:55,2025-10-02 06:54:46,867488067684034,2833,GTERI,0x19fe3fbf,0x00028102,802003,0x8303,0x0115,100,27975,0000,-,01,00,22,12,12,-,01,01,25.1,31.3,38,50,1003,998,-25.023191,-25.023642,-51.515241,-51.515708,0724,0004,85da,0f79f10d,6.3,106.8,106.7,0:15:06,8:03:58,-,-,0,-,,,,,04,28,00000000,00,10,
2025-10-02 06:57:26,,,,867488067684034,2835,HBD,,,,,,,,,,,,,,,,,,,,,,,,,,,,,,,,,,,,,,,,,,,,,,,,,,
2025-10-02 06:57:57,2025-10-02 06:57:56,2025-10-02 06:57:55,2025-10-02 06:57:56,867488067684034,2836,GTERI,0x19fe3fbf,0x00028102,802003,0x8303,0x0115,100,28023,0000,-,01,00,22,12,12,-,01,01,34.4,34.6,147,146,1061,1062,-25.030656,-25.030728,-51.506895,-51.506844,0724,0004,85da,0f6ad115,7.7,108.1,108.1,0:18:06,8:06:58,-,-,0,-,,,,,04,1,00000000,00,10,
2025-10-02 06:59:26,,,,867488067684034,2838,HBD,,,,,,,,,,,,,,,,,,,,,,,,,,,,,,,,,,,,,,,,,,,,,,,,,,
2025-10-02 07:00:57,,,,867488067684034,2840,HBD,,,,,,,,,,,,,,,,,,,,,,,,,,,,,,,,,,,,,,,,,,,,,,,,,,
2025-10-02 07:00:57,2025-10-02 07:00:56,2025-10-02 07:00:55,2025-10-02 06:59:27,867488067684034,2841,GTERI,0x19fe3fbf,0x00028102,802003,0x8303,0x0115,100,28018,0000,-,01,00,22,12,12,-,01,01,30.2,41.0,57,123,1070,1068,-25.036402,-25.036036,-51.494524,-51.50182,0724,0004,85da,0f6ad109,9.2,109.7,108.9,0:21:06,8:09:58,-,-,0,-,,,,,04,3,00000000,00,10,
2025-10-02 07:05:33,2025-10-02 07:02:02,2025-10-02 07:02:03,2025-10-02 07:01:29,867488067684034,2842,GTPDP,0x19fe7fbf,,802003,0x8303,0x0115,100,27992,0000,0000,01,00,22,12,12,-,01,01,12.0,33.8,62,85,1037,1063,-25.034128,-25.034701,-51.490158,-51.492574,0000,0000,0000,00000000,9.8,110.2,110.0,0:22:12,8:11:04,-,-,0,-,,,,,,,,,,
2025-10-02 07:05:34,,,,867488067684034,2844,HBD,,,,,,,,,,,,,,,,,,,,,,,,,,,,,,,,,,,,,,,,,,,,,,,,,,
2025-10-02 07:05:34,2025-10-02 07:03:56,2025-10-02 07:03:56,2025-10-02 07:03:57,867488067684034,2845,GTERI,0x19fe3fbf,0x00028102,802003,0x8303,0x0115,100,27983,0000,-,01,00,22,12,12,-,01,01,35.3,35.7,23,25,1028,1028,-25.02792,-25.02784,-51.490285,-51.490243,0000,0000,0000,00000000,10.5,111.0,111.0,0:24:06,8:12:58,-,-,0,-,,,,,00,0,00000000,00,10,
2025-10-02 07:05:34,2025-10-02 07:04:14,2025-10-02 07:04:14,2025-10-02 07:04:00,867488067684034,2846,GTPDP,0x19fe7fbf,,802003,0x8303,0x0115,100,27983,0000,0000,01,00,22,12,12,-,01,01,32.1,37.0,23,28,1029,1028,-25.026579,-25.027596,-51.489564,-51.490102,0000,0000,0000,00000000,10.7,111.1,111.0,0:24:21,8:13:13,-,-,0,-,,,,,,,,,,
2025-10-02 07:05:35,,,,867488067684034,2848,HBD,,,,,,,,,,,,,,,,,,,,,,,,,,,,,,,,,,,,,,,,,,,,,,,,,,
2025-10-02 07:05:36,2025-10-02 07:05:01,2025-10-02 07:05:02,2025-10-02 07:04:16,867488067684034,2849,GTPDP,0x19fe7fbf,,802003,0x8303,0x0115,100,27963,0000,0000,01,00,22,12,12,-,01,01,23.7,31.8,16,21,1022,1027,-25.025563,-25.026433,-51.489606,-51.489499,0000,0000,0000,00000000,10.8,111.3,111.2,0:25:09,8:14:01,-,-,0,-,,,,,,,,,,
2025-10-02 07:05:36,,,,867488067684034,2851,HBD,,,,,,,,,,,,,,,,,,,,,,,,,,,,,,,,,,,,,,,,,,,,,,,,,,
2025-10-02 07:13:48,2025-10-02 07:06:56,2025-10-02 07:06:56,2025-10-02 07:06:35,867488067684034,2852,GTPDP,0x19fe7fbf,,802003,0x8303,0x0115,100,27970,0000,0000,01,00,22,12,12,-,00,01,30.8,33.4,358,44,1016,1020,-25.019956,-25.021504,-51.489121,-51.489453,0000,0000,0000,00000000,11.5,111.9,111.7,0:27:03,8:15:55,-,-,0,-,,,,,,,,,,
2025-10-02 07:13:49,2025-10-02 07:06:56,2025-10-02 07:06:56,2025-10-02 07:06:57,867488067684034,2853,GTERI,0x19fe3fbf,0x00028102,802003,0x8303,0x0115,100,27970,0000,-,01,00,22,12,12,-,01,01,30.8,30.6,358,358,1016,1016,-25.019956,-25.019878,-51.489121,-51.489123,0000,0000,0000,00000000,11.5,111.9,111.9,0:27:06,8:15:58,-,-,0,-,,,,,00,0,00000000,00,10,
2025-10-02 07:13:49,,,,867488067684034,2855,HBD,,,,,,,,,,,,,,,,,,,,,,,,,,,,,,,,,,,,,,,,,,,,,,,,,,
2025-10-02 07:13:50,,,,867488067684034,2857,HBD,,,,,,,,,,,,,,,,,,,,,,,,,,,,,,,,,,,,,,,,,,,,,,,,,,
2025-10-02 07:13:50,2025-10-02 07:09:56,2025-10-02 07:09:55,2025-10-02 07:08:40,867488067684034,2858,GTERI,0x19fe3fbf,0x00028102,802003,0x8303,0x0115,100,28009,0000,-,01,00,22,12,12,-,01,01,14.6,31.6,227,275,992,963,-25.014404,-25.015962,-51.493049,-51.49015,0000,0000,0000,00000000,12.5,112.9,112.5,0:30:06,8:18:58,-,-,0,-,,,,,00,0,00000000,00,10,
2025-10-02 07:13:51,,,,867488067684034,2860,HBD,,,,,,,,,,,,,,,,,,,,,,,,,,,,,,,,,,,,,,,,,,,,,,,,,,
2025-10-02 07:13:51,2025-10-02 07:12:56,2025-10-02 07:12:55,2025-10-02 07:12:54,867488067684034,2861,GTERI,0x19fe3fbf,0x00028102,802003,0x8303,0x0115,100,27976,0000,-,01,00,22,12,12,-,01,01,31.7,33.3,264,264,992,992,-25.011618,-25.01161,-51.501475,-51.501387,0000,0000,0000,00000000,13.6,114.0,114.0,0:33:06,8:21:58,-,-,0,-,,,,,00,0,00000000,00,10,
2025-10-02 07:13:52,,,,867488067684034,2863,HBD,,,,,,,,,,,,,,,,,,,,,,,,,,,,,,,,,,,,,,,,,,,,,,,,,,
2025-10-02 07:13:52,,,,867488067684034,2865,HBD,,,,,,,,,,,,,,,,,,,,,,,,,,,,,,,,,,,,,,,,,,,,,,,,,,
2025-10-02 07:17:20,,,,867488067684034,2867,HBD,,,,,,,,,,,,,,,,,,,,,,,,,,,,,,,,,,,,,,,,,,,,,,,,,,
2025-10-02 07:17:20,2025-10-02 07:15:56,2025-10-02 07:15:55,2025-10-02 07:15:50,867488067684034,2868,GTERI,0x19fe3fbf,0x00028102,802003,0x8303,0x0115,100,28043,0000,-,01,00,22,12,12,-,01,01,32.8,37.4,258,251,997,991,-25.020431,-25.020304,-51.510359,-51.509892,0724,0004,85da,0f79f10d,15.2,115.6,115.6,0:36:06,8:24:58,-,-,0,-,,,,,04,28,00000000,00,10,
2025-10-02 07:17:21,2025-10-02 07:16:08,2025-10-02 07:16:08,2025-10-02 07:16:01,867488067684034,2869,GTPDP,0x19fe7fbf,,802003,0x8303,0x0115,100,28009,0000,0000,01,00,22,12,12,-,01,01,30.6,32.6,260,263,1010,1002,-25.020584,-25.020489,-51.511468,-51.510886,0000,0000,0000,00000000,15.3,115.7,115.7,0:36:15,8:25:07,-,-,0,-,,,,,,,,,,
2025-10-02 07:17:21,2025-10-02 07:16:48,2025-10-02 07:16:48,2025-10-02 07:16:10,867488067684034,2870,GTPDP,0x19fe7fbf,,802003,0x8303,0x0115,100,27963,0000,0000,01,00,22,12,12,-,01,01,0.0,30.6,223,253,998,1010,-25.021346,-25.020622,-51.512974,-51.511628,0000,0000,0000,00000000,15.5,115.9,115.7,0:36:57,8:25:49,-,-,0,-,,,,,,,,,,
2025-10-02 07:17:22,,,,867488067684034,2872,HBD,,,,,,,,,,,,,,,,,,,,,,,,,,,,,,,,,,,,,,,,,,,,,,,,,,
2025-10-02 07:18:59,2025-10-02 07:18:56,2025-10-02 07:18:55,2025-10-02 07:17:54,867488067684034,2873,GTERI,0x19fe3fbf,0x00028102,802003,0x8303,0x0115,100,27985,0000,-,01,00,22,12,12,-,01,01,26.8,34.5,259,198,1011,1003,-25.022798,-25.023062,-51.519667,-51.515357,0724,0004,85da,0f79f10f,16.3,116.7,116.2,0:39:06,8:27:58,-,-,0,-,,,,,04,28,00000000,00,10,
2025-10-02 07:19:33,,,,867488067684034,2875,HBD,,,,,,,,,,,,,,,,,,,,,,,,,,,,,,,,,,,,,,,,,,,,,,,,,,
2025-10-02 07:21:33,,,,867488067684034,2877,HBD,,,,,,,,,,,,,,,,,,,,,,,,,,,,,,,,,,,,,,,,,,,,,,,,,,
2025-10-02 07:21:57,2025-10-02 07:21:56,2025-10-02 07:21:55,2025-10-02 07:19:21,867488067684034,2878,GTERI,0x19fe3fbf,0x00028102,802003,0x8303,0x0115,100,28091,0000,-,01,00,22,12,12,-,01,01,15.8,38.0,337,275,977,998,-25.023005,-25.023241,-51.529404,-51.521834,0724,0004,85da,0f6ad10b,17.4,117.9,116.9,0:42:06,8:30:58,-,-,0,-,,,,,04,3,00000000,00,10,
2025-10-02 07:24:08,,,,867488067684034,2880,HBD,,,,,,,,,,,,,,,,,,,,,,,,,,,,,,,,,,,,,,,,,,,,,,,,,,
2025-10-02 07:24:08,,,,867488067684034,2880,HBD,,,,,,,,,,,,,,,,,,,,,,,,,,,,,,,,,,,,,,,,,,,,,,,,,,
2025-10-02 07:25:24,,,,867488067684034,2880,HBD,,,,,,,,,,,,,,,,,,,,,,,,,,,,,,,,,,,,,,,,,,,,,,,,,,
2025-10-02 07:25:25,2025-10-02 07:24:00,2025-10-02 07:24:01,2025-10-02 07:23:54,867488067684034,2881,GTPDP,0x19fe7fbf,,802003,0x8303,0x0115,100,27954,0000,0000,01,00,22,12,12,-,01,01,27.1,32.7,333,332,979,973,-25.017369,-25.017816,-51.536098,-51.535782,0000,0000,0000,00000000,18.4,118.8,118.8,0:44:09,8:33:01,-,-,0,-,,,,,,,,,,
2025-10-02 07:25:25,2025-10-02 07:24:49,2025-10-02 07:24:49,2025-10-02 07:24:30,867488067684034,2882,GTPDP,0x19fe7fbf,,802003,0x8303,0x0115,100,27926,0000,0000,01,00,22,12,12,-,01,01,23.3,26.2,304,289,997,992,-25.016509,-25.016644,-51.53853,-51.537426,0000,0000,0000,00000000,18.7,119.1,119.0,0:44:57,8:33:49,-,-,0,-,,,,,,,,,,
2025-10-02 07:25:26,2025-10-02 07:24:56,2025-10-02 07:24:55,2025-10-02 07:24:51,867488067684034,2883,GTERI,0x19fe3fbf,0x00028102,802003,0x8303,0x0115,100,28009,0000,-,01,00,22,12,12,-,01,01,18.2,23.5,282,300,1001,999,-25.016382,-25.016446,-51.538858,-51.538638,0000,0000,0000,00000000,18.7,119.2,119.1,0:45:03,8:33:55,-,-,0,-,,,,,00,0,00000000,00,10,
2025-10-02 07:25:26,,,,867488067684034,2885,HBD,,,,,,,,,,,,,,,,,,,,,,,,,,,,,,,,,,,,,,,,,,,,,,,,,,
2025-10-02 07:25:27,,,,867488067684034,2887,HBD,,,,,,,,,,,,,,,,,,,,,,,,,,,,,,,,,,,,,,,,,,,,,,,,,,
2025-10-02 07:26:17,2025-10-02 07:25:58,2025-10-02 07:25:59,2025-10-02 07:25:59,867488067684034,2888,GTPDP,0x19fe7fbf,,802003,0x8303,0x0115,100,27976,0000,0000,01,00,22,12,12,-,01,01,21.0,21.0,4,4,1006,1006,-25.015905,-25.015905,-51.540494,-51.540494,0000,0000,0000,00000000,18.9,119.3,119.3,0:46:06,8:34:58,-,-,0,-,,,,,,,,,,
2025-10-02 07:26:17,,,,867488067684034,2890,HBD,,,,,,,,,,,,,,,,,,,,,,,,,,,,,,,,,,,,,,,,,,,,,,,,,,
2025-10-02 07:27:57,2025-10-02 07:27:56,2025-10-02 07:27:55,2025-10-02 07:27:01,867488067684034,2891,GTERI,0x19fe3fbf,0x00028102,802003,0x8303,0x0115,100,28034,0000,-,01,00,22,12,12,-,01,01,19.9,25.1,249,338,1034,1024,-25.013519,-25.014452,-51.543725,-51.542065,0724,0004,85da,0f79f10f,19.3,119.8,119.6,0:48:03,8:36:55,-,-,0,-,,,,,04,28,00000000,00,10,
2025-10-02 07:28:51,,,,867488067684034,2893,HBD,,,,,,,,,,,,,,,,,,,,,,,,,,,,,,,,,,,,,,,,,,,,,,,,,,
2025-10-02 07:30:51,,,,867488067684034,2895,HBD,,,,,,,,,,,,,,,,,,,,,,,,,,,,,,,,,,,,,,,,,,,,,,,,,,
2025-10-02 07:30:57,2025-10-02 07:30:56,2025-10-02 07:30:55,2025-10-02 07:30:06,867488067684034,2896,GTERI,0x19fe3fbf,0x00028102,802003,0x8303,0x0115,100,28037,0000,-,01,00,22,12,12,-,01,01,52.4,69.0,188,190,1053,1051,-25.029937,-25.022428,-51.547547,-51.545986,0724,0004,85da,0f6ad117,21.3,121.7,120.9,0:51:03,8:39:55,-,-,0,-,,,,,04,1,00000000,00,10,
2025-10-02 07:32:52,,,,867488067684034,2898,HBD,,,,,,,,,,,,,,,,,,,,,,,,,,,,,,,,,,,,,,,,,,,,,,,,,,
2025-10-02 07:33:57,2025-10-02 07:33:56,2025-10-02 07:33:55,2025-10-02 07:30:57,867488067684034,2899,GTERI,0x19fe3fbf,0x00028102,802003,0x8303,0x0115,100,27991,0000,-,01,00,22,12,12,-,01,01,17.8,46.4,148,186,1019,1052,-25.038057,-25.030179,-51.544365,-51.54758,0724,0004,85da,0f6ad117,22.3,122.7,121.7,0:54:03,8:42:55,-,-,0,-,,,,,04,1,00000000,00,10,
2025-10-02 07:34:52,,,,867488067684034,2901,HBD,,,,,,,,,,,,,,,,,,,,,,,,,,,,,,,,,,,,,,,,,,,,,,,,,,
2025-10-02 07:36:53,,,,867488067684034,2903,HBD,,,,,,,,,,,,,,,,,,,,,,,,,,,,,,,,,,,,,,,,,,,,,,,,,,
2025-10-02 07:36:57,2025-10-02 07:36:56,2025-10-02 07:36:56,2025-10-02 07:34:14,867488067684034,2904,GTERI,0x19fe3fbf,0x00028102,802003,0x8303,0x0115,100,28056,0000,-,01,00,22,12,12,-,01,01,15.2,39.6,114,142,1056,1013,-25.041584,-25.039388,-51.535598,-51.543303,0724,0004,85da,0f6ad10b,23.4,123.9,122.9,0:57:03,8:45:55,-,-,0,-,,,,,04,3,00000000,00,10,
2025-10-02 07:38:54,,,,867488067684034,2906,HBD,,,,,,,,,,,,,,,,,,,,,,,,,,,,,,,,,,,,,,,,,,,,,,,,,,
2025-10-02 07:39:57,2025-10-02 07:39:56,2025-10-02 07:39:55,2025-10-02 07:39:53,867488067684034,2907,GTERI,0x19fe3fbf,0x00028102,802003,0x8303,0x0115,100,28048,0000,-,01,00,22,12,12,-,01,01,40.4,43.5,173,174,1055,1053,-25.047117,-25.046909,-51.535702,-51.535724,0724,0004,85da,0f6ad10a,24.1,124.5,124.5,1:00:03,8:48:55,-,-,0,-,,,,,04,3,00000000,00,10,
2025-10-02 07:40:54,,,,867488067684034,2909,HBD,,,,,,,,,,,,,,,,,,,,,,,,,,,,,,,,,,,,,,,,,,,,,,,,,,
2025-10-02 07:42:55,,,,867488067684034,2911,HBD,,,,,,,,,,,,,,,,,,,,,,,,,,,,,,,,,,,,,,,,,,,,,,,,,,
2025-10-02 07:42:57,2025-10-02 07:42:56,2025-10-02 07:42:56,2025-10-02 07:42:02,867488067684034,2912,GTERI,0x19fe3fbf,0x00028102,802003,0x8303,0x0115,100,27766,0000,-,01,00,22,12,12,-,01,01,0.0,43.8,173,175,1075,1055,-25.05243,-25.050309,-51.534985,-51.535317,0724,0004,85da,0f6ad10a,24.9,125.4,125.1,1:03:03,8:51:55,-,-,0,-,,,,,04,3,00000000,00,10,
2025-10-02 07:44:55,,,,867488067684034,2914,HBD,,,,,,,,,,,,,,,,,,,,,,,,,,,,,,,,,,,,,,,,,,,,,,,,,,
2025-10-02 07:45:57,2025-10-02 07:45:56,2025-10-02 07:45:56,2025-10-02 07:44:13,867488067684034,2915,GTERI,0x19fe3fbf,0x00028102,802003,0x8303,0x0115,100,27960,0000,-,01,00,22,12,12,-,01,01,0.0,44.0,13,353,1051,1053,-25.042851,-25.04785,-51.536477,-51.535536,0724,0004,85da,0f6ad10b,26.0,126.4,125.9,1:06:03,8:54:55,-,-,0,-,,,,,04,3,00000000,00,10,
2025-10-02 07:46:56,,,,867488067684034,2917,HBD,,,,,,,,,,,,,,,,,,,,,,,,,,,,,,,,,,,,,,,,,,,,,,,,,,
2025-10-02 07:47:55,2025-10-02 07:47:54,2025-10-02 07:47:54,2025-10-02 07:47:54,867488067684034,2918,GTIGF,0x19fe7fbf,,802003,0x8303,0x0115,100,27953,0000,0000,00,00,12,12,12,4084,01,01,0.0,0.0,13,13,1068,1068,-25.042754,-25.042754,-51.534146,-51.534146,0724,0004,85da,0f6ad10a,26.3,126.8,126.8,1:08:03,8:56:55,-,-,0,-,,,,,,,,,,
2025-10-02 07:47:55,2025-10-02 07:47:54,2025-10-02 07:47:54,2025-10-02 07:47:54,867488067684034,2919,GTSTT,0x19fe7fbf,,802003,0x8303,0x0115,100,27953,0000,0000,00,00,12,12,12,-,01,01,0.0,0.0,13,13,1068,1068,-25.042754,-25.042754,-51.534146,-51.534146,0724,0004,85da,0f6ad10a,26.3,126.8,126.8,1:08:03,8:56:55,-,-,0,-,,,,,,,,,,
2025-10-02 07:47:56,,,,867488067684034,2920,ACK,,,,,,,,,,,,,,,,,,,,,,,,,,,,,,,,,,,,,,,,,,,,,,,,,,
2025-10-02 07:47:56,,,,867488067684034,2921,ACK,,,,,,,,,,,,,,,,,,,,,,,,,,,,,,,,,,,,,,,,,,,,,,,,,,
2025-10-02 07:47:57,2025-10-02 07:47:55,2025-10-02 07:47:56,2025-10-02 07:47:56,867488067684034,2922,GTIGL,0x19fe7fbf,,802003,0x8303,0x0115,100,27953,0000,0000,00,00,12,12,12,-,01,01,0.0,0.0,13,13,1068,1068,-25.042754,-25.042754,-51.534146,-51.534146,0724,0004,85da,0f6ad10a,26.3,126.8,126.8,1:08:03,8:56:55,-,-,0,-,,,,,,,,,01,
2025-10-02 07:48:27,,,,867488067684034,2924,HBD,,,,,,,,,,,,,,,,,,,,,,,,,,,,,,,,,,,,,,,,,,,,,,,,,,
2025-10-02 07:48:27,2025-10-02 07:48:25,2025-10-02 07:48:26,2025-10-02 07:48:26,867488067684034,2925,GTSTT,0x19fe7fbf,,802003,0x8303,0x0115,100,26257,0000,0000,00,00,11,12,12,-,01,01,0.0,0.0,13,13,1068,1068,-25.042754,-25.042754,-51.534146,-51.534146,0724,0004,85da,0f6ad10a,26.3,126.8,126.8,1:08:03,8:56:55,-,-,0,-,,,,,,,,,,
2025-10-02 07:48:57,2025-10-02 07:48:56,2025-10-02 07:48:56,2025-10-02 07:48:56,867488067684034,2926,GTERI,0x19fe3fbf,0x00028102,802003,0x8303,0x0115,100,26033,0000,-,00,00,1a,12,12,-,01,01,0.0,0.0,13,13,1068,1068,-25.042754,-25.042754,-51.534146,-51.534146,0724,0004,85da,0f6ad10a,26.3,126.8,126.8,1:08:03,8:56:55,-,-,0,-,,,,,04,3,00000000,00,10,
2025-10-02 07:50:57,,,,867488067684034,2928,HBD,,,,,,,,,,,,,,,,,,,,,,,,,,,,,,,,,,,,,,,,,,,,,,,,,,
2025-10-02 07:51:57,2025-10-02 07:51:56,2025-10-02 07:51:55,2025-10-02 07:51:55,867488067684034,2929,GTERI,0x19fe3fbf,0x00028102,802003,0x8303,0x0115,100,26067,0000,-,00,00,11,12,12,-,01,01,0.0,0.0,13,13,1068,1068,-25.042754,-25.042754,-51.534146,-51.534146,0724,0004,85da,0f6ad10a,26.3,126.8,126.8,1:08:03,8:56:55,-,-,0,-,,,,,04,3,00000000,00,10,
2025-10-02 07:52:55,,,,867488067684034,2931,HBD,,,,,,,,,,,,,,,,,,,,,,,,,,,,,,,,,,,,,,,,,,,,,,,,,,
2025-10-02 07:52:55,2025-10-02 07:52:54,2025-10-02 07:52:55,2025-10-02 07:52:55,867488067684034,2932,GTERI,0x19fe3fbf,0x00028102,802003,0x8303,0x0115,100,26044,0000,-,00,00,11,12,12,-,01,01,0.0,0.0,13,13,1068,1068,-25.042754,-25.042754,-51.534146,-51.534146,0724,0004,85da,0f6ad10a,26.3,126.8,126.8,1:08:03,8:56:55,-,-,0,-,,,,,04,3,00000000,00,10,
2025-10-02 07:54:58,,,,867488067684034,2933,HBD,,,,,,,,,,,,,,,,,,,,,,,,,,,,,,,,,,,,,,,,,,,,,,,,,,
2025-10-02 07:56:58,,,,867488067684034,2934,HBD,,,,,,,,,,,,,,,,,,,,,,,,,,,,,,,,,,,,,,,,,,,,,,,,,,
2025-10-02 07:58:59,,,,867488067684034,2935,HBD,,,,,,,,,,,,,,,,,,,,,,,,,,,,,,,,,,,,,,,,,,,,,,,,,,
2025-10-02 08:00:59,,,,867488067684034,2936,HBD,,,,,,,,,,,,,,,,,,,,,,,,,,,,,,,,,,,,,,,,,,,,,,,,,,
2025-10-02 08:02:59,,,,867488067684034,2937,HBD,,,,,,,,,,,,,,,,,,,,,,,,,,,,,,,,,,,,,,,,,,,,,,,,,,
2025-10-02 08:05:00,,,,867488067684034,2938,HBD,,,,,,,,,,,,,,,,,,,,,,,,,,,,,,,,,,,,,,,,,,,,,,,,,,
2025-10-02 08:07:00,,,,867488067684034,2939,HBD,,,,,,,,,,,,,,,,,,,,,,,,,,,,,,,,,,,,,,,,,,,,,,,,,,
2025-10-02 08:09:01,,,,867488067684034,2940,HBD,,,,,,,,,,,,,,,,,,,,,,,,,,,,,,,,,,,,,,,,,,,,,,,,,,
2025-10-02 08:11:02,,,,867488067684034,2941,HBD,,,,,,,,,,,,,,,,,,,,,,,,,,,,,,,,,,,,,,,,,,,,,,,,,,
2025-10-02 08:13:02,,,,867488067684034,2942,HBD,,,,,,,,,,,,,,,,,,,,,,,,,,,,,,,,,,,,,,,,,,,,,,,,,,
2025-10-02 08:15:03,,,,867488067684034,2943,HBD,,,,,,,,,,,,,,,,,,,,,,,,,,,,,,,,,,,,,,,,,,,,,,,,,,
2025-10-02 08:17:03,,,,867488067684034,2944,HBD,,,,,,,,,,,,,,,,,,,,,,,,,,,,,,,,,,,,,,,,,,,,,,,,,,
2025-10-02 08:19:03,,,,867488067684034,2945,HBD,,,,,,,,,,,,,,,,,,,,,,,,,,,,,,,,,,,,,,,,,,,,,,,,,,
2025-10-02 08:21:04,,,,867488067684034,2946,HBD,,,,,,,,,,,,,,,,,,,,,,,,,,,,,,,,,,,,,,,,,,,,,,,,,,
2025-10-02 08:23:04,,,,867488067684034,2947,HBD,,,,,,,,,,,,,,,,,,,,,,,,,,,,,,,,,,,,,,,,,,,,,,,,,,
2025-10-02 08:25:05,,,,867488067684034,2948,HBD,,,,,,,,,,,,,,,,,,,,,,,,,,,,,,,,,,,,,,,,,,,,,,,,,,
2025-10-02 08:27:05,,,,867488067684034,2949,HBD,,,,,,,,,,,,,,,,,,,,,,,,,,,,,,,,,,,,,,,,,,,,,,,,,,
2025-10-02 08:29:06,,,,867488067684034,2950,HBD,,,,,,,,,,,,,,,,,,,,,,,,,,,,,,,,,,,,,,,,,,,,,,,,,,
2025-10-02 08:31:06,,,,867488067684034,2951,HBD,,,,,,,,,,,,,,,,,,,,,,,,,,,,,,,,,,,,,,,,,,,,,,,,,,
2025-10-02 08:33:07,,,,867488067684034,2952,HBD,,,,,,,,,,,,,,,,,,,,,,,,,,,,,,,,,,,,,,,,,,,,,,,,,,
2025-10-02 08:35:07,,,,867488067684034,2953,HBD,,,,,,,,,,,,,,,,,,,,,,,,,,,,,,,,,,,,,,,,,,,,,,,,,,
2025-10-02 08:37:08,,,,867488067684034,2954,HBD,,,,,,,,,,,,,,,,,,,,,,,,,,,,,,,,,,,,,,,,,,,,,,,,,,
2025-10-02 08:39:08,,,,867488067684034,2955,HBD,,,,,,,,,,,,,,,,,,,,,,,,,,,,,,,,,,,,,,,,,,,,,,,,,,
2025-10-02 08:41:08,,,,867488067684034,2956,HBD,,,,,,,,,,,,,,,,,,,,,,,,,,,,,,,,,,,,,,,,,,,,,,,,,,
2025-10-02 08:43:09,,,,867488067684034,2957,HBD,,,,,,,,,,,,,,,,,,,,,,,,,,,,,,,,,,,,,,,,,,,,,,,,,,
2025-10-02 08:45:09,,,,867488067684034,2958,HBD,,,,,,,,,,,,,,,,,,,,,,,,,,,,,,,,,,,,,,,,,,,,,,,,,,
2025-10-02 08:47:10,,,,867488067684034,2959,HBD,,,,,,,,,,,,,,,,,,,,,,,,,,,,,,,,,,,,,,,,,,,,,,,,,,
2025-10-02 08:49:10,,,,867488067684034,2960,HBD,,,,,,,,,,,,,,,,,,,,,,,,,,,,,,,,,,,,,,,,,,,,,,,,,,
2025-10-02 08:51:11,,,,867488067684034,2961,HBD,,,,,,,,,,,,,,,,,,,,,,,,,,,,,,,,,,,,,,,,,,,,,,,,,,
2025-10-02 08:52:50,,,,867488067684034,2962,HBD,,,,,,,,,,,,,,,,,,,,,,,,,,,,,,,,,,,,,,,,,,,,,,,,,,
2025-10-02 08:52:50,2025-10-02 08:52:49,2025-10-02 08:50:23,2025-10-02 08:50:23,867488067684034,2963,GTERI,0x19fe3fbf,0x00028102,802003,0x8303,0x0115,100,25898,0000,-,00,00,11,12,12,-,01,01,0.0,0.0,13,13,1068,1068,-25.042754,-25.042754,-51.534146,-51.534146,0724,0004,85da,0f6ad10a,26.3,126.8,126.8,1:08:03,8:56:55,-,-,0,-,,,,,04,3,00000000,00,10,
2025-10-02 08:55:11,,,,867488067684034,2964,HBD,,,,,,,,,,,,,,,,,,,,,,,,,,,,,,,,,,,,,,,,,,,,,,,,,,
2025-10-02 08:57:12,,,,867488067684034,2965,HBD,,,,,,,,,,,,,,,,,,,,,,,,,,,,,,,,,,,,,,,,,,,,,,,,,,
2025-10-02 08:59:12,,,,867488067684034,2966,HBD,,,,,,,,,,,,,,,,,,,,,,,,,,,,,,,,,,,,,,,,,,,,,,,,,,
2025-10-02 09:01:13,,,,867488067684034,2967,HBD,,,,,,,,,,,,,,,,,,,,,,,,,,,,,,,,,,,,,,,,,,,,,,,,,,
2025-10-02 09:03:13,,,,867488067684034,2968,HBD,,,,,,,,,,,,,,,,,,,,,,,,,,,,,,,,,,,,,,,,,,,,,,,,,,
2025-10-02 09:05:14,,,,867488067684034,2969,HBD,,,,,,,,,,,,,,,,,,,,,,,,,,,,,,,,,,,,,,,,,,,,,,,,,,
2025-10-02 09:07:14,,,,867488067684034,2970,HBD,,,,,,,,,,,,,,,,,,,,,,,,,,,,,,,,,,,,,,,,,,,,,,,,,,
2025-10-02 09:09:14,,,,867488067684034,2971,HBD,,,,,,,,,,,,,,,,,,,,,,,,,,,,,,,,,,,,,,,,,,,,,,,,,,
2025-10-02 09:11:15,,,,867488067684034,2972,HBD,,,,,,,,,,,,,,,,,,,,,,,,,,,,,,,,,,,,,,,,,,,,,,,,,,
2025-10-02 09:13:15,,,,867488067684034,2973,HBD,,,,,,,,,,,,,,,,,,,,,,,,,,,,,,,,,,,,,,,,,,,,,,,,,,
2025-10-02 09:14:38,,,,867488067684034,2974,HBD,,,,,,,,,,,,,,,,,,,,,,,,,,,,,,,,,,,,,,,,,,,,,,,,,,
2025-10-02 09:14:38,2025-10-02 09:14:37,2025-10-02 08:50:23,2025-10-02 07:46:38,867488067684034,2976,GTIGN,0x19fe7fbf,,802003,0x8303,0x0115,100,25861,0000,0000,01,00,22,12,12,5203,00,01,0.0,32.0,13,79,1068,1062,-25.042754,-25.042544,-51.534146,-51.535028,0724,0004,85da,0f6ad10a,0.0,126.8,126.6,0:00:00,8:56:55,-,-,0,-,,,,,,,,,,
2025-10-02 09:14:39,2025-10-02 09:14:37,2025-10-02 08:50:23,2025-10-02 08:50:23,867488067684034,2977,GTSTT,0x19fe7fbf,,802003,0x8303,0x0115,100,25861,0000,0000,01,00,22,12,12,-,00,00,0.0,0.0,13,13,1068,1068,-25.042754,-25.042754,-51.534146,-51.534146,0724,0004,85da,0f6ad10a,0.0,126.8,126.8,0:00:00,8:56:55,-,-,0,-,,,,,,,,,,
2025-10-02 09:14:46,2025-10-02 09:14:45,2025-10-02 09:14:46,2025-10-02 09:14:46,867488067684034,2978,GTERI,0x19fe3fbf,0x00028102,802003,0x8303,0x0115,100,27844,0000,-,01,00,22,12,12,-,01,01,0.0,0.0,13,13,1071,1071,-25.042771,-25.042771,-51.534186,-51.534186,0724,0004,85da,0f6ad10a,0.0,126.8,126.8,0:00:06,8:57:01,-,-,0,-,,,,,04,3,00000000,00,10,
2025-10-02 09:14:46,2025-10-02 09:14:45,2025-10-02 09:14:46,2025-10-02 09:14:46,867488067684034,2979,GTIGL,0x19fe7fbf,,802003,0x8303,0x0115,100,27844,0000,0000,01,00,22,12,12,-,01,01,0.0,0.0,13,13,1071,1071,-25.042771,-25.042771,-51.534186,-51.534186,0724,0004,85da,0f6ad10a,0.0,126.8,126.8,0:00:06,8:57:01,-,-,0,-,,,,,,,,,00,
2025-10-02 09:15:48,2025-10-02 09:15:47,2025-10-02 09:15:47,2025-10-02 09:15:47,867488067684034,2980,GTIGF,0x19fe7fbf,,802003,0x8303,0x0115,100,27941,0000,0000,00,00,12,12,12,70,01,01,0.0,0.0,13,13,1072,1072,-25.042753,-25.042753,-51.534189,-51.534189,0724,0004,85da,0f6ad10a,0.0,126.8,126.8,0:01:09,8:58:04,-,-,0,-,,,,,,,,,,
2025-10-02 09:15:48,2025-10-02 09:15:47,2025-10-02 09:15:47,2025-10-02 09:15:47,867488067684034,2981,GTSTT,0x19fe7fbf,,802003,0x8303,0x0115,100,27941,0000,0000,00,00,12,12,12,-,01,01,0.0,0.0,13,13,1072,1072,-25.042753,-25.042753,-51.534189,-51.534189,0724,0004,85da,0f6ad10a,0.0,126.8,126.8,0:01:09,8:58:04,-,-,0,-,,,,,,,,,,
2025-10-02 09:15:48,2025-10-02 09:15:47,2025-10-02 09:15:48,2025-10-02 09:15:48,867488067684034,2982,GTIGL,0x19fe7fbf,,802003,0x8303,0x0115,100,27941,0000,0000,00,00,12,12,12,-,01,01,0.0,0.0,13,13,1072,1072,-25.042753,-25.042753,-51.534189,-51.534189,0724,0004,85da,0f6ad10a,0.0,126.8,126.8,0:01:09,8:58:04,-,-,0,-,,,,,,,,,01,
2025-10-02 09:15:49,,,,867488067684034,2983,ACK,,,,,,,,,,,,,,,,,,,,,,,,,,,,,,,,,,,,,,,,,,,,,,,,,,
2025-10-02 09:15:49,,,,867488067684034,2984,ACK,,,,,,,,,,,,,,,,,,,,,,,,,,,,,,,,,,,,,,,,,,,,,,,,,,
2025-10-02 09:16:12,2025-10-02 09:16:11,2025-10-02 09:16:11,2025-10-02 09:16:11,867488067684034,2985,GTSTT,0x19fe7fbf,,802003,0x8303,0x0115,100,25710,0000,0000,00,00,11,12,12,-,01,01,0.0,0.0,13,13,1072,1072,-25.042753,-25.042753,-51.534189,-51.534189,0724,0004,85da,0f6ad10a,0.0,126.8,126.8,0:01:09,8:58:04,-,-,0,-,,,,,,,,,,
2025-10-02 09:17:16,,,,867488067684034,2986,HBD,,,,,,,,,,,,,,,,,,,,,,,,,,,,,,,,,,,,,,,,,,,,,,,,,,
2025-10-02 09:17:46,2025-10-02 09:17:45,2025-10-02 09:17:44,2025-10-02 09:17:44,867488067684034,2988,GTERI,0x19fe3fbf,0x00028102,802003,0x8303,0x0115,100,25597,0000,-,00,00,11,12,12,-,01,01,0.0,0.0,13,13,1072,1072,-25.042753,-25.042753,-51.534189,-51.534189,0724,0004,85da,0f6ad10a,0.0,126.8,126.8,0:01:09,8:58:04,-,-,0,-,,,,,04,3,00000000,00,10,
2025-10-02 09:19:17,,,,867488067684034,2989,HBD,,,,,,,,,,,,,,,,,,,,,,,,,,,,,,,,,,,,,,,,,,,,,,,,,,
2025-10-02 09:20:17,,,,867488067684034,2991,HBD,,,,,,,,,,,,,,,,,,,,,,,,,,,,,,,,,,,,,,,,,,,,,,,,,,
2025-10-02 09:20:46,2025-10-02 09:20:45,2025-10-02 09:20:44,2025-10-02 09:20:44,867488067684034,2993,GTERI,0x19fe3fbf,0x00028102,802003,0x8303,0x0115,100,25685,0000,-,00,00,11,12,12,-,01,01,0.0,0.0,13,13,1072,1072,-25.042753,-25.042753,-51.534189,-51.534189,0724,0004,85da,0f6ad10a,0.0,126.8,126.8,0:01:09,8:58:04,-,-,0,-,,,,,04,3,00000000,00,10,
2025-10-02 09:20:48,2025-10-02 09:20:47,2025-10-02 09:20:48,2025-10-02 09:20:48,867488067684034,2994,GTERI,0x19fe3fbf,0x00028102,802003,0x8303,0x0115,100,25685,0000,-,00,00,11,12,12,-,01,01,0.0,0.0,13,13,1072,1072,-25.042753,-25.042753,-51.534189,-51.534189,0724,0004,85da,0f6ad10a,0.0,126.8,126.8,0:01:09,8:58:04,-,-,0,-,,,,,04,3,00000000,00,10,
2025-10-02 09:22:17,,,,867488067684034,2995,HBD,,,,,,,,,,,,,,,,,,,,,,,,,,,,,,,,,,,,,,,,,,,,,,,,,,
2025-10-02 09:24:18,,,,867488067684034,2996,HBD,,,,,,,,,,,,,,,,,,,,,,,,,,,,,,,,,,,,,,,,,,,,,,,,,,
2025-10-02 09:26:18,,,,867488067684034,2997,HBD,,,,,,,,,,,,,,,,,,,,,,,,,,,,,,,,,,,,,,,,,,,,,,,,,,
2025-10-02 09:28:19,,,,867488067684034,2998,HBD,,,,,,,,,,,,,,,,,,,,,,,,,,,,,,,,,,,,,,,,,,,,,,,,,,
2025-10-02 09:30:19,,,,867488067684034,2999,HBD,,,,,,,,,,,,,,,,,,,,,,,,,,,,,,,,,,,,,,,,,,,,,,,,,,
2025-10-02 09:32:20,,,,867488067684034,3000,HBD,,,,,,,,,,,,,,,,,,,,,,,,,,,,,,,,,,,,,,,,,,,,,,,,,,
2025-10-02 09:34:20,,,,867488067684034,3001,HBD,,,,,,,,,,,,,,,,,,,,,,,,,,,,,,,,,,,,,,,,,,,,,,,,,,
2025-10-02 09:36:21,,,,867488067684034,3002,HBD,,,,,,,,,,,,,,,,,,,,,,,,,,,,,,,,,,,,,,,,,,,,,,,,,,
2025-10-02 09:38:21,,,,867488067684034,3003,HBD,,,,,,,,,,,,,,,,,,,,,,,,,,,,,,,,,,,,,,,,,,,,,,,,,,
2025-10-02 09:40:21,,,,867488067684034,3004,HBD,,,,,,,,,,,,,,,,,,,,,,,,,,,,,,,,,,,,,,,,,,,,,,,,,,
2025-10-02 09:42:22,,,,867488067684034,3005,HBD,,,,,,,,,,,,,,,,,,,,,,,,,,,,,,,,,,,,,,,,,,,,,,,,,,
2025-10-02 09:44:22,,,,867488067684034,3006,HBD,,,,,,,,,,,,,,,,,,,,,,,,,,,,,,,,,,,,,,,,,,,,,,,,,,
2025-10-02 09:46:23,,,,867488067684034,3007,HBD,,,,,,,,,,,,,,,,,,,,,,,,,,,,,,,,,,,,,,,,,,,,,,,,,,
2025-10-02 09:48:23,,,,867488067684034,3008,HBD,,,,,,,,,,,,,,,,,,,,,,,,,,,,,,,,,,,,,,,,,,,,,,,,,,
2025-10-02 09:50:24,,,,867488067684034,3009,HBD,,,,,,,,,,,,,,,,,,,,,,,,,,,,,,,,,,,,,,,,,,,,,,,,,,
2025-10-02 09:52:24,,,,867488067684034,3010,HBD,,,,,,,,,,,,,,,,,,,,,,,,,,,,,,,,,,,,,,,,,,,,,,,,,,
2025-10-02 09:54:24,,,,867488067684034,3011,HBD,,,,,,,,,,,,,,,,,,,,,,,,,,,,,,,,,,,,,,,,,,,,,,,,,,
2025-10-02 09:56:25,,,,867488067684034,3012,HBD,,,,,,,,,,,,,,,,,,,,,,,,,,,,,,,,,,,,,,,,,,,,,,,,,,
2025-10-02 09:58:25,,,,867488067684034,3013,HBD,,,,,,,,,,,,,,,,,,,,,,,,,,,,,,,,,,,,,,,,,,,,,,,,,,
2025-10-02 10:00:26,,,,867488067684034,3014,HBD,,,,,,,,,,,,,,,,,,,,,,,,,,,,,,,,,,,,,,,,,,,,,,,,,,
2025-10-02 10:02:26,,,,867488067684034,3015,HBD,,,,,,,,,,,,,,,,,,,,,,,,,,,,,,,,,,,,,,,,,,,,,,,,,,
2025-10-02 10:04:27,,,,867488067684034,3016,HBD,,,,,,,,,,,,,,,,,,,,,,,,,,,,,,,,,,,,,,,,,,,,,,,,,,
2025-10-02 10:06:27,,,,867488067684034,3017,HBD,,,,,,,,,,,,,,,,,,,,,,,,,,,,,,,,,,,,,,,,,,,,,,,,,,
2025-10-02 10:08:28,,,,867488067684034,3018,HBD,,,,,,,,,,,,,,,,,,,,,,,,,,,,,,,,,,,,,,,,,,,,,,,,,,
2025-10-02 10:10:28,,,,867488067684034,3019,HBD,,,,,,,,,,,,,,,,,,,,,,,,,,,,,,,,,,,,,,,,,,,,,,,,,,
2025-10-02 10:12:28,,,,867488067684034,3020,HBD,,,,,,,,,,,,,,,,,,,,,,,,,,,,,,,,,,,,,,,,,,,,,,,,,,
2025-10-02 10:14:29,,,,867488067684034,3021,HBD,,,,,,,,,,,,,,,,,,,,,,,,,,,,,,,,,,,,,,,,,,,,,,,,,,
2025-10-02 10:16:29,,,,867488067684034,3022,HBD,,,,,,,,,,,,,,,,,,,,,,,,,,,,,,,,,,,,,,,,,,,,,,,,,,
2025-10-02 10:18:30,,,,867488067684034,3023,HBD,,,,,,,,,,,,,,,,,,,,,,,,,,,,,,,,,,,,,,,,,,,,,,,,,,
2025-10-02 10:20:30,,,,867488067684034,3024,HBD,,,,,,,,,,,,,,,,,,,,,,,,,,,,,,,,,,,,,,,,,,,,,,,,,,
2025-10-02 10:20:43,2025-10-02 10:20:42,2025-10-02 10:18:16,2025-10-02 10:18:16,867488067684034,3025,GTERI,0x19fe3fbf,0x00028102,802003,0x8303,0x0115,100,25716,0000,-,00,00,11,12,12,-,01,01,0.0,0.0,13,13,1072,1072,-25.042753,-25.042753,-51.534189,-51.534189,0724,0004,85da,0f6ad10a,0.0,126.8,126.8,0:01:09,8:58:04,-,-,0,-,,,,,04,3,00000000,00,10,
2025-10-02 10:22:31,,,,867488067684034,3026,HBD,,,,,,,,,,,,,,,,,,,,,,,,,,,,,,,,,,,,,,,,,,,,,,,,,,
2025-10-02 10:24:31,,,,867488067684034,3027,HBD,,,,,,,,,,,,,,,,,,,,,,,,,,,,,,,,,,,,,,,,,,,,,,,,,,
2025-10-02 10:26:32,,,,867488067684034,3028,HBD,,,,,,,,,,,,,,,,,,,,,,,,,,,,,,,,,,,,,,,,,,,,,,,,,,
2025-10-02 10:28:32,,,,867488067684034,3029,HBD,,,,,,,,,,,,,,,,,,,,,,,,,,,,,,,,,,,,,,,,,,,,,,,,,,
2025-10-02 10:30:32,,,,867488067684034,3030,HBD,,,,,,,,,,,,,,,,,,,,,,,,,,,,,,,,,,,,,,,,,,,,,,,,,,
2025-10-02 10:32:33,,,,867488067684034,3031,HBD,,,,,,,,,,,,,,,,,,,,,,,,,,,,,,,,,,,,,,,,,,,,,,,,,,
2025-10-02 10:34:33,,,,867488067684034,3032,HBD,,,,,,,,,,,,,,,,,,,,,,,,,,,,,,,,,,,,,,,,,,,,,,,,,,
2025-10-02 10:36:34,,,,867488067684034,3033,HBD,,,,,,,,,,,,,,,,,,,,,,,,,,,,,,,,,,,,,,,,,,,,,,,,,,
2025-10-02 10:38:34,,,,867488067684034,3034,HBD,,,,,,,,,,,,,,,,,,,,,,,,,,,,,,,,,,,,,,,,,,,,,,,,,,
2025-10-02 10:40:35,,,,867488067684034,3035,HBD,,,,,,,,,,,,,,,,,,,,,,,,,,,,,,,,,,,,,,,,,,,,,,,,,,
2025-10-02 10:42:35,,,,867488067684034,3036,HBD,,,,,,,,,,,,,,,,,,,,,,,,,,,,,,,,,,,,,,,,,,,,,,,,,,
2025-10-02 10:44:36,,,,867488067684034,3037,HBD,,,,,,,,,,,,,,,,,,,,,,,,,,,,,,,,,,,,,,,,,,,,,,,,,,
2025-10-02 10:46:36,,,,867488067684034,3038,HBD,,,,,,,,,,,,,,,,,,,,,,,,,,,,,,,,,,,,,,,,,,,,,,,,,,
2025-10-02 10:48:36,,,,867488067684034,3039,HBD,,,,,,,,,,,,,,,,,,,,,,,,,,,,,,,,,,,,,,,,,,,,,,,,,,
2025-10-02 10:50:37,,,,867488067684034,3040,HBD,,,,,,,,,,,,,,,,,,,,,,,,,,,,,,,,,,,,,,,,,,,,,,,,,,
2025-10-02 10:52:37,,,,867488067684034,3041,HBD,,,,,,,,,,,,,,,,,,,,,,,,,,,,,,,,,,,,,,,,,,,,,,,,,,
2025-10-02 10:54:38,,,,867488067684034,3042,HBD,,,,,,,,,,,,,,,,,,,,,,,,,,,,,,,,,,,,,,,,,,,,,,,,,,
2025-10-02 10:56:38,,,,867488067684034,3043,HBD,,,,,,,,,,,,,,,,,,,,,,,,,,,,,,,,,,,,,,,,,,,,,,,,,,
2025-10-02 10:58:39,,,,867488067684034,3044,HBD,,,,,,,,,,,,,,,,,,,,,,,,,,,,,,,,,,,,,,,,,,,,,,,,,,
2025-10-02 11:00:39,,,,867488067684034,3045,HBD,,,,,,,,,,,,,,,,,,,,,,,,,,,,,,,,,,,,,,,,,,,,,,,,,,
2025-10-02 11:02:39,,,,867488067684034,3046,HBD,,,,,,,,,,,,,,,,,,,,,,,,,,,,,,,,,,,,,,,,,,,,,,,,,,
2025-10-02 11:04:40,,,,867488067684034,3047,HBD,,,,,,,,,,,,,,,,,,,,,,,,,,,,,,,,,,,,,,,,,,,,,,,,,,
2025-10-02 11:06:40,,,,867488067684034,3048,HBD,,,,,,,,,,,,,,,,,,,,,,,,,,,,,,,,,,,,,,,,,,,,,,,,,,
2025-10-02 11:08:41,,,,867488067684034,3049,HBD,,,,,,,,,,,,,,,,,,,,,,,,,,,,,,,,,,,,,,,,,,,,,,,,,,
2025-10-02 11:10:41,,,,867488067684034,3050,HBD,,,,,,,,,,,,,,,,,,,,,,,,,,,,,,,,,,,,,,,,,,,,,,,,,,
2025-10-02 11:12:42,,,,867488067684034,3051,HBD,,,,,,,,,,,,,,,,,,,,,,,,,,,,,,,,,,,,,,,,,,,,,,,,,,
2025-10-02 11:14:42,,,,867488067684034,3052,HBD,,,,,,,,,,,,,,,,,,,,,,,,,,,,,,,,,,,,,,,,,,,,,,,,,,
2025-10-02 11:16:43,,,,867488067684034,3053,HBD,,,,,,,,,,,,,,,,,,,,,,,,,,,,,,,,,,,,,,,,,,,,,,,,,,
2025-10-02 11:18:43,,,,867488067684034,3054,HBD,,,,,,,,,,,,,,,,,,,,,,,,,,,,,,,,,,,,,,,,,,,,,,,,,,
2025-10-02 11:20:43,,,,867488067684034,3055,HBD,,,,,,,,,,,,,,,,,,,,,,,,,,,,,,,,,,,,,,,,,,,,,,,,,,
2025-10-02 11:20:43,2025-10-02 11:20:42,2025-10-02 11:18:17,2025-10-02 11:18:17,867488067684034,3056,GTERI,0x19fe3fbf,0x00028102,802003,0x8303,0x0115,100,25584,0000,-,00,00,11,12,12,-,01,01,0.0,0.0,13,13,1072,1072,-25.042753,-25.042753,-51.534189,-51.534189,0724,0004,85da,0f6ad10a,0.0,126.8,126.8,0:01:09,8:58:04,-,-,0,-,,,,,04,3,00000000,00,10,
2025-10-02 11:22:44,,,,867488067684034,3057,HBD,,,,,,,,,,,,,,,,,,,,,,,,,,,,,,,,,,,,,,,,,,,,,,,,,,
2025-10-02 11:24:44,,,,867488067684034,3058,HBD,,,,,,,,,,,,,,,,,,,,,,,,,,,,,,,,,,,,,,,,,,,,,,,,,,
2025-10-02 11:26:45,,,,867488067684034,3059,HBD,,,,,,,,,,,,,,,,,,,,,,,,,,,,,,,,,,,,,,,,,,,,,,,,,,
2025-10-02 11:28:45,,,,867488067684034,3060,HBD,,,,,,,,,,,,,,,,,,,,,,,,,,,,,,,,,,,,,,,,,,,,,,,,,,
2025-10-02 11:30:45,,,,867488067684034,3061,HBD,,,,,,,,,,,,,,,,,,,,,,,,,,,,,,,,,,,,,,,,,,,,,,,,,,
2025-10-02 11:32:46,,,,867488067684034,3062,HBD,,,,,,,,,,,,,,,,,,,,,,,,,,,,,,,,,,,,,,,,,,,,,,,,,,
2025-10-02 11:34:46,,,,867488067684034,3063,HBD,,,,,,,,,,,,,,,,,,,,,,,,,,,,,,,,,,,,,,,,,,,,,,,,,,
2025-10-02 11:36:47,,,,867488067684034,3064,HBD,,,,,,,,,,,,,,,,,,,,,,,,,,,,,,,,,,,,,,,,,,,,,,,,,,
2025-10-02 11:38:47,,,,867488067684034,3065,HBD,,,,,,,,,,,,,,,,,,,,,,,,,,,,,,,,,,,,,,,,,,,,,,,,,,
2025-10-02 11:40:48,,,,867488067684034,3066,HBD,,,,,,,,,,,,,,,,,,,,,,,,,,,,,,,,,,,,,,,,,,,,,,,,,,
2025-10-02 11:42:48,,,,867488067684034,3067,HBD,,,,,,,,,,,,,,,,,,,,,,,,,,,,,,,,,,,,,,,,,,,,,,,,,,
2025-10-02 11:44:48,,,,867488067684034,3068,HBD,,,,,,,,,,,,,,,,,,,,,,,,,,,,,,,,,,,,,,,,,,,,,,,,,,
2025-10-02 11:46:49,,,,867488067684034,3069,HBD,,,,,,,,,,,,,,,,,,,,,,,,,,,,,,,,,,,,,,,,,,,,,,,,,,
2025-10-02 11:48:49,,,,867488067684034,3070,HBD,,,,,,,,,,,,,,,,,,,,,,,,,,,,,,,,,,,,,,,,,,,,,,,,,,
2025-10-02 11:50:50,,,,867488067684034,3071,HBD,,,,,,,,,,,,,,,,,,,,,,,,,,,,,,,,,,,,,,,,,,,,,,,,,,
2025-10-02 11:52:50,,,,867488067684034,3072,HBD,,,,,,,,,,,,,,,,,,,,,,,,,,,,,,,,,,,,,,,,,,,,,,,,,,
2025-10-02 11:54:51,,,,867488067684034,3073,HBD,,,,,,,,,,,,,,,,,,,,,,,,,,,,,,,,,,,,,,,,,,,,,,,,,,
2025-10-02 11:56:51,,,,867488067684034,3074,HBD,,,,,,,,,,,,,,,,,,,,,,,,,,,,,,,,,,,,,,,,,,,,,,,,,,
2025-10-02 11:58:52,,,,867488067684034,3075,HBD,,,,,,,,,,,,,,,,,,,,,,,,,,,,,,,,,,,,,,,,,,,,,,,,,,
2025-10-02 12:00:52,,,,867488067684034,3076,HBD,,,,,,,,,,,,,,,,,,,,,,,,,,,,,,,,,,,,,,,,,,,,,,,,,,
2025-10-02 12:00:59,2025-10-02 12:00:58,2025-10-02 11:18:17,2025-10-02 09:15:46,867488067684034,3078,GTIGN,0x19fe7fbf,,802003,0x8303,0x0115,100,25526,0000,0000,01,00,21,12,12,9911,00,01,0.0,0.1,13,13,1072,1072,-25.042753,-25.042753,-51.534189,-51.534189,0724,0004,85da,0f6ad10a,0.0,126.8,126.8,0:00:00,8:58:04,-,-,0,-,,,,,,,,,,
2025-10-02 12:00:59,2025-10-02 12:00:58,2025-10-02 11:18:17,2025-10-02 11:18:17,867488067684034,3079,GTSTT,0x19fe7fbf,,802003,0x8303,0x0115,100,25526,0000,0000,01,00,21,12,12,-,00,00,0.0,0.0,13,13,1072,1072,-25.042753,-25.042753,-51.534189,-51.534189,0724,0004,85da,0f6ad10a,0.0,126.8,126.8,0:00:00,8:58:04,-,-,0,-,,,,,,,,,,
2025-10-02 12:01:02,2025-10-02 12:01:01,2025-10-02 11:18:17,2025-10-02 11:18:17,867488067684034,3080,GTSTT,0x19fe7fbf,,802003,0x8303,0x0115,100,25057,0000,0000,01,00,22,12,12,-,00,00,0.0,0.0,13,13,1072,1072,-25.042753,-25.042753,-51.534189,-51.534189,0724,0004,85da,0f6ad10a,0.0,126.8,126.8,0:00:03,8:58:07,-,-,0,-,,,,,,,,,,
2025-10-02 12:01:09,2025-10-02 12:01:08,2025-10-02 12:01:09,2025-10-02 12:01:09,867488067684034,3081,GTERI,0x19fe3fbf,0x00028102,802003,0x8303,0x0115,100,27694,0000,-,01,00,22,6,6,-,01,01,0.0,0.0,13,13,1077,1077,-25.042625,-25.042625,-51.534103,-51.534103,0724,0004,85da,0f6ad10a,0.0,126.8,126.8,0:00:09,8:58:13,-,-,0,-,,,,,04,3,00000000,00,10,
2025-10-02 12:01:09,2025-10-02 12:01:08,2025-10-02 12:01:09,2025-10-02 12:01:09,867488067684034,3082,GTIGL,0x19fe7fbf,,802003,0x8303,0x0115,100,27694,0000,0000,01,00,22,6,6,-,01,01,0.0,0.0,13,13,1077,1077,-25.042625,-25.042625,-51.534103,-51.534103,0724,0004,85da,0f6ad10a,0.0,126.8,126.8,0:00:09,8:58:13,-,-,0,-,,,,,,,,,00,
2025-10-02 12:02:52,,,,867488067684034,3083,HBD,,,,,,,,,,,,,,,,,,,,,,,,,,,,,,,,,,,,,,,,,,,,,,,,,,
2025-10-02 12:04:09,2025-10-02 12:04:08,2025-10-02 12:04:07,2025-10-02 12:02:24,867488067684034,3085,GTERI,0x19fe3fbf,0x00028102,802003,0x8303,0x0115,100,27919,0000,-,01,00,22,12,12,-,01,01,11.4,32.6,167,355,1063,1059,-25.042942,-25.041751,-51.535311,-51.534378,0724,0004,85da,0f6ad116,0.4,127.2,126.9,0:03:09,9:01:13,-,-,0,-,,,,,04,1,00000000,00,10,
2025-10-02 12:04:53,,,,867488067684034,3086,HBD,,,,,,,,,,,,,,,,,,,,,,,,,,,,,,,,,,,,,,,,,,,,,,,,,,
2025-10-02 12:05:03,,,,867488067684034,3088,ACK,,,,,,,,,,,,,,,,,,,,,,,,,,,,,,,,,,,,,,,,,,,,,,,,,,
2025-10-02 12:05:04,,,,867488067684034,3089,ACK,,,,,,,,,,,,,,,,,,,,,,,,,,,,,,,,,,,,,,,,,,,,,,,,,,
2025-10-02 12:05:25,,,,867488067684034,3090,ACK,,,,,,,,,,,,,,,,,,,,,,,,,,,,,,,,,,,,,,,,,,,,,,,,,,
2025-10-02 12:06:53,,,,867488067684034,3091,HBD,,,,,,,,,,,,,,,,,,,,,,,,,,,,,,,,,,,,,,,,,,,,,,,,,,
2025-10-02 12:07:10,2025-10-02 12:07:08,2025-10-02 12:07:08,2025-10-02 12:05:27,867488067684034,3093,GTERI,0x19fe3fbf,0x00028102,802003,0x8303,0x0115,100,28035,0000,-,01,00,22,12,12,-,01,01,0.0,41.0,167,353,1062,1057,-25.041697,-25.043126,-51.536339,-51.536403,0724,0004,85da,0f6ad10b,0.8,127.6,127.4,0:06:09,9:04:13,-,-,0,-,,,,,04,3,00000000,00,10,
2025-10-02 12:08:54,,,,867488067684034,3094,HBD,,,,,,,,,,,,,,,,,,,,,,,,,,,,,,,,,,,,,,,,,,,,,,,,,,
2025-10-02 12:10:09,2025-10-02 12:10:08,2025-10-02 12:10:08,2025-10-02 12:10:09,867488067684034,3096,GTERI,0x19fe3fbf,0x00028102,802003,0x8303,0x0115,100,28076,0000,-,01,00,22,12,12,-,01,01,0.0,0.0,167,167,1062,1062,-25.041697,-25.041697,-51.536339,-51.536339,0724,0004,85da,0f6ad10b,0.8,127.6,127.6,0:09:09,9:07:13,-,-,0,-,,,,,04,3,00000000,00,10,
2025-10-02 12:10:54,,,,867488067684034,3097,HBD,,,,,,,,,,,,,,,,,,,,,,,,,,,,,,,,,,,,,,,,,,,,,,,,,,
2025-10-02 12:12:55,,,,867488067684034,3099,HBD,,,,,,,,,,,,,,,,,,,,,,,,,,,,,,,,,,,,,,,,,,,,,,,,,,
2025-10-02 12:13:09,2025-10-02 12:13:08,2025-10-02 12:13:07,2025-10-02 12:13:00,867488067684034,3101,GTERI,0x19fe3fbf,0x00028102,802003,0x8303,0x0115,100,27929,0000,-,01,00,22,12,12,-,01,01,9.7,23.8,169,169,1062,1062,-25.043051,-25.042802,-51.535293,-51.535348,0724,0004,85da,0f6ad10b,1.1,127.9,127.8,0:12:09,9:10:13,-,-,0,-,,,,,04,3,00000000,00,10,
2025-10-02 12:14:55,,,,867488067684034,3102,HBD,,,,,,,,,,,,,,,,,,,,,,,,,,,,,,,,,,,,,,,,,,,,,,,,,,
2025-10-02 12:16:09,2025-10-02 12:16:08,2025-10-02 12:16:07,2025-10-02 12:14:28,867488067684034,3104,GTERI,0x19fe3fbf,0x00028102,802003,0x8303,0x0115,100,27826,0000,-,01,00,22,12,12,-,01,01,0.0,47.4,169,174,1057,1055,-25.048508,-25.046764,-51.536388,-51.535743,0724,0004,85da,0f6ad10a,1.8,128.6,128.4,0:15:09,9:13:13,-,-,0,-,,,,,04,3,00000000,00,10,
2025-10-02 12:16:56,,,,867488067684034,3105,HBD,,,,,,,,,,,,,,,,,,,,,,,,,,,,,,,,,,,,,,,,,,,,,,,,,,
2025-10-02 12:18:56,,,,867488067684034,3107,HBD,,,,,,,,,,,,,,,,,,,,,,,,,,,,,,,,,,,,,,,,,,,,,,,,,,
2025-10-02 12:19:09,2025-10-02 12:19:08,2025-10-02 12:19:08,2025-10-02 12:18:25,867488067684034,3109,GTERI,0x19fe3fbf,0x00028102,802003,0x8303,0x0115,100,28026,0000,-,01,00,22,12,12,-,01,01,0.0,45.4,169,173,1079,1059,-25.052424,-25.050096,-51.535278,-51.5353,0724,0004,85da,0f6ad10a,2.4,129.2,128.9,0:18:09,9:16:13,-,-,0,-,,,,,04,3,00000000,00,10,
2025-10-02 12:20:56,,,,867488067684034,3110,HBD,,,,,,,,,,,,,,,,,,,,,,,,,,,,,,,,,,,,,,,,,,,,,,,,,,
2025-10-02 12:22:09,2025-10-02 12:22:08,2025-10-02 12:22:07,2025-10-02 12:20:52,867488067684034,3112,GTERI,0x19fe3fbf,0x00028102,802003,0x8303,0x0115,100,27949,0000,-,01,00,22,12,12,-,01,01,12.5,30.0,125,257,1070,1070,-25.052455,-25.051678,-51.537006,-51.536685,0724,0004,85da,0f6ad10a,2.7,129.5,129.4,0:21:09,9:19:13,-,-,0,-,,,,,04,3,00000000,00,10,
2025-10-02 12:22:57,,,,867488067684034,3113,HBD,,,,,,,,,,,,,,,,,,,,,,,,,,,,,,,,,,,,,,,,,,,,,,,,,,
2025-10-02 12:24:58,,,,867488067684034,3115,HBD,,,,,,,,,,,,,,,,,,,,,,,,,,,,,,,,,,,,,,,,,,,,,,,,,,
2025-10-02 12:25:09,2025-10-02 12:25:08,2025-10-02 12:25:07,2025-10-02 12:25:08,867488067684034,3117,GTERI,0x19fe3fbf,0x00028102,802003,0x8303,0x0115,100,28034,0000,-,01,00,22,12,12,-,01,01,33.3,35.5,263,262,1049,1047,-25.056569,-25.056581,-51.539476,-51.539572,0724,0004,85da,0f6ad10a,3.6,130.3,130.3,0:24:09,9:22:13,-,-,0,-,,,,,04,3,00000000,00,10,
2025-10-02 12:26:58,,,,867488067684034,3118,HBD,,,,,,,,,,,,,,,,,,,,,,,,,,,,,,,,,,,,,,,,,,,,,,,,,,
2025-10-02 12:28:09,2025-10-02 12:28:08,2025-10-02 12:28:08,2025-10-02 12:25:10,867488067684034,3120,GTERI,0x19fe3fbf,0x00028102,802003,0x8303,0x0115,100,27991,0000,-,01,00,22,12,12,-,01,01,17.0,38.6,180,261,1072,1045,-25.058429,-25.056607,-51.542845,-51.539777,0724,0004,85da,0f6ad10a,4.1,130.8,130.4,0:27:09,9:25:13,-,-,0,-,,,,,04,3,00000000,00,10,
2025-10-02 12:28:58,,,,867488067684034,3121,HBD,,,,,,,,,,,,,,,,,,,,,,,,,,,,,,,,,,,,,,,,,,,,,,,,,,
2025-10-02 12:30:59,,,,867488067684034,3123,HBD,,,,,,,,,,,,,,,,,,,,,,,,,,,,,,,,,,,,,,,,,,,,,,,,,,
2025-10-02 12:31:09,2025-10-02 12:31:08,2025-10-02 12:31:07,2025-10-02 12:28:25,867488067684034,3125,GTERI,0x19fe3fbf,0x00028102,802003,0x8303,0x0115,100,27800,0000,-,01,00,22,12,12,-,01,01,0.0,38.0,180,182,1068,1074,-25.061529,-25.059683,-51.539031,-51.542901,0724,0004,85da,0f79f10e,4.7,131.5,131.0,0:30:09,9:28:13,-,-,0,-,,,,,04,28,00000000,00,10,
2025-10-02 12:33:00,,,,867488067684034,3126,HBD,,,,,,,,,,,,,,,,,,,,,,,,,,,,,,,,,,,,,,,,,,,,,,,,,,
2025-10-02 12:37:04,2025-10-02 12:33:59,2025-10-02 12:34:00,2025-10-02 12:32:01,867488067684034,3128,GTPDP,0x19fe7fbf,,802003,0x8303,0x0115,100,27912,0000,0000,01,00,22,12,12,-,01,01,8.7,41.4,81,126,1049,1084,-25.064103,-25.063328,-51.529624,-51.536637,0000,0000,0000,00000000,5.8,132.5,131.8,0:33:00,9:31:04,-,-,0,-,,,,,,,,,,
2025-10-02 12:37:04,2025-10-02 12:34:08,2025-10-02 12:34:07,2025-10-02 12:34:08,867488067684034,3129,GTERI,0x19fe3fbf,0x00028102,802003,0x8303,0x0115,100,28019,0000,-,01,00,22,12,12,-,01,01,20.8,22.0,119,124,1053,1054,-25.064164,-25.064195,-51.529292,-51.529242,0000,0000,0000,00000000,5.8,132.6,132.6,0:33:09,9:31:13,-,-,0,-,,,,,00,0,00000000,00,10,
2025-10-02 12:37:05,,,,867488067684034,3130,HBD,,,,,,,,,,,,,,,,,,,,,,,,,,,,,,,,,,,,,,,,,,,,,,,,,,
2025-10-02 12:37:05,,,,867488067684034,3133,HBD,,,,,,,,,,,,,,,,,,,,,,,,,,,,,,,,,,,,,,,,,,,,,,,,,,
2025-10-02 12:37:06,2025-10-02 12:36:25,2025-10-02 12:36:25,2025-10-02 12:35:11,867488067684034,3134,GTPDP,0x19fe7fbf,,802003,0x8303,0x0115,100,27986,0000,0000,01,00,22,12,12,-,01,01,0.0,34.3,185,146,1087,1074,-25.071395,-25.06774,-51.526549,-51.526908,0000,0000,0000,00000000,6.8,133.5,133.1,0:35:24,9:33:28,-,-,0,-,,,,,,,,,,
2025-10-02 12:37:06,,,,867488067684034,3136,HBD,,,,,,,,,,,,,,,,,,,,,,,,,,,,,,,,,,,,,,,,,,,,,,,,,,
2025-10-02 12:37:09,2025-10-02 12:37:08,2025-10-02 12:37:08,2025-10-02 12:36:55,867488067684034,3137,GTERI,0x19fe3fbf,0x00028102,802003,0x8303,0x0115,100,28029,0000,-,01,00,22,12,12,-,01,01,32.7,34.3,30,335,1082,1089,-25.069415,-25.070394,-51.527002,-51.527114,0724,0004,85da,0f79f10e,7.0,133.8,133.7,0:36:09,9:34:13,-,-,0,-,,,,,04,28,00000000,00,10,
2025-10-02 12:40:02,,,,867488067684034,3139,HBD,,,,,,,,,,,,,,,,,,,,,,,,,,,,,,,,,,,,,,,,,,,,,,,,,,
2025-10-02 12:40:02,2025-10-02 12:39:25,2025-10-02 12:39:25,2025-10-02 12:39:17,867488067684034,3140,GTPDP,0x19fe7fbf,,802003,0x8303,0x0115,100,28125,0000,0000,01,00,22,12,12,-,01,01,34.6,41.7,254,274,1080,1071,-25.063506,-25.063437,-51.533661,-51.53286,0000,0000,0000,00000000,8.2,134.9,134.9,0:38:24,9:36:28,-,-,0,-,,,,,,,,,,
2025-10-02 12:40:03,,,,867488067684034,3142,HBD,,,,,,,,,,,,,,,,,,,,,,,,,,,,,,,,,,,,,,,,,,,,,,,,,,
2025-10-02 12:40:09,2025-10-02 12:40:08,2025-10-02 12:40:07,2025-10-02 12:40:07,867488067684034,3143,GTERI,0x19fe3fbf,0x00028102,802003,0x8303,0x0115,100,28013,0000,-,01,00,22,12,12,-,01,01,38.4,38.4,309,309,1081,1081,-25.063147,-25.063147,-51.536906,-51.536906,0724,0004,85da,0f79f10e,8.5,135.3,135.3,0:39:09,9:37:13,-,-,0,-,,,,,04,28,00000000,00,10,
2025-10-02 12:42:06,,,,867488067684034,3145,HBD,,,,,,,,,,,,,,,,,,,,,,,,,,,,,,,,,,,,,,,,,,,,,,,,,,
2025-10-02 12:43:09,2025-10-02 12:43:08,2025-10-02 12:43:08,2025-10-02 12:40:16,867488067684034,3146,GTERI,0x19fe3fbf,0x00028102,802003,0x8303,0x0115,100,27836,0000,-,01,00,22,12,12,-,01,01,16.0,39.6,78,308,1061,1077,-25.057078,-25.062546,-51.542302,-51.537595,0724,0004,85da,0f6ad10a,9.6,136.4,135.4,0:42:09,9:40:13,-,-,0,-,,,,,04,3,00000000,00,10,
2025-10-02 12:44:06,,,,867488067684034,3148,HBD,,,,,,,,,,,,,,,,,,,,,,,,,,,,,,,,,,,,,,,,,,,,,,,,,,
2025-10-02 12:46:07,,,,867488067684034,3150,HBD,,,,,,,,,,,,,,,,,,,,,,,,,,,,,,,,,,,,,,,,,,,,,,,,,,
2025-10-02 12:46:09,2025-10-02 12:46:08,2025-10-02 12:46:08,2025-10-02 12:43:58,867488067684034,3151,GTERI,0x19fe3fbf,0x00028102,802003,0x8303,0x0115,100,28137,0000,-,01,00,22,12,12,-,01,01,22.6,37.1,358,82,1066,1040,-25.053721,-25.056628,-51.536184,-51.539975,0724,0004,85da,0f6ad10a,10.5,137.3,136.6,0:45:09,9:43:13,-,-,0,-,,,,,04,3,00000000,00,10,
2025-10-02 12:48:07,,,,867488067684034,3153,HBD,,,,,,,,,,,,,,,,,,,,,,,,,,,,,,,,,,,,,,,,,,,,,,,,,,
2025-10-02 12:49:09,2025-10-02 12:49:08,2025-10-02 12:49:07,2025-10-02 12:46:28,867488067684034,3154,GTERI,0x19fe3fbf,0x00028102,802003,0x8303,0x0115,100,28021,0000,-,01,00,22,12,12,-,01,01,0.0,28.2,358,327,1076,1067,-25.05225,-25.052739,-51.534998,-51.536809,0724,0004,85da,0f6ad10a,11.1,137.9,137.4,0:48:09,9:46:13,-,-,0,-,,,,,04,3,00000000,00,10,
2025-10-02 12:50:08,,,,867488067684034,3156,HBD,,,,,,,,,,,,,,,,,,,,,,,,,,,,,,,,,,,,,,,,,,,,,,,,,,
2025-10-02 12:52:08,,,,867488067684034,3158,HBD,,,,,,,,,,,,,,,,,,,,,,,,,,,,,,,,,,,,,,,,,,,,,,,,,,
2025-10-02 12:52:09,2025-10-02 12:52:08,2025-10-02 12:52:08,2025-10-02 12:49:33,867488067684034,3159,GTERI,0x19fe3fbf,0x00028102,802003,0x8303,0x0115,100,28028,0000,-,01,00,22,12,12,-,01,01,0.0,36.5,358,352,1060,1069,-25.048522,-25.051552,-51.536364,-51.535081,0724,0004,85da,0f6ad10a,11.6,138.3,137.9,0:51:09,9:49:13,-,-,0,-,,,,,04,3,00000000,00,10,
2025-10-02 12:54:09,,,,867488067684034,3161,HBD,,,,,,,,,,,,,,,,,,,,,,,,,,,,,,,,,,,,,,,,,,,,,,,,,,
2025-10-02 12:55:09,2025-10-02 12:55:08,2025-10-02 12:55:08,2025-10-02 12:53:08,867488067684034,3162,GTERI,0x19fe3fbf,0x00028102,802003,0x8303,0x0115,100,28012,0000,-,01,00,22,12,12,-,01,01,24.4,40.8,338,353,1071,1047,-25.044251,-25.047205,-51.534883,-51.536773,0724,0004,85da,0f6ad10a,12.4,139.1,138.5,0:54:09,9:52:13,-,-,0,-,,,,,04,3,00000000,00,10,
2025-10-02 12:56:10,,,,867488067684034,3164,HBD,,,,,,,,,,,,,,,,,,,,,,,,,,,,,,,,,,,,,,,,,,,,,,,,,,
2025-10-02 12:58:09,,,,867488067684034,3166,HBD,,,,,,,,,,,,,,,,,,,,,,,,,,,,,,,,,,,,,,,,,,,,,,,,,,
2025-10-02 12:58:09,2025-10-02 12:58:08,2025-10-02 12:58:08,2025-10-02 12:56:35,867488067684034,3167,GTERI,0x19fe3fbf,0x00028102,802003,0x8303,0x0115,100,28009,0000,-,01,00,22,12,12,-,01,01,13.0,27.1,78,347,1062,1057,-25.041667,-25.043264,-51.536029,-51.536387,0724,0004,85da,0f6ad10b,12.8,139.6,139.3,0:57:09,9:55:13,-,-,0,-,,,,,04,3,00000000,00,10,
2025-10-02 13:00:10,,,,867488067684034,3169,HBD,,,,,,,,,,,,,,,,,,,,,,,,,,,,,,,,,,,,,,,,,,,,,,,,,,
2025-10-02 13:00:51,2025-10-02 13:00:50,2025-10-02 13:00:50,2025-10-02 13:00:50,867488067684034,3170,GTIGF,0x19fe7fbf,,802003,0x8303,0x0115,100,28076,0000,0000,00,00,12,12,12,3592,01,01,0.0,0.0,78,78,1076,1076,-25.04298,-25.04298,-51.533947,-51.533947,0724,0004,85da,0f6ad116,13.1,139.9,139.9,0:59:51,9:57:55,-,-,0,-,,,,,,,,,,
2025-10-02 13:00:51,2025-10-02 13:00:50,2025-10-02 13:00:50,2025-10-02 13:00:50,867488067684034,3171,GTSTT,0x19fe7fbf,,802003,0x8303,0x0115,100,28076,0000,0000,00,00,12,12,12,-,01,01,0.0,0.0,78,78,1076,1076,-25.04298,-25.04298,-51.533947,-51.533947,0724,0004,85da,0f6ad116,13.1,139.9,139.9,0:59:51,9:57:55,-,-,0,-,,,,,,,,,,
2025-10-02 13:00:52,,,,867488067684034,3172,ACK,,,,,,,,,,,,,,,,,,,,,,,,,,,,,,,,,,,,,,,,,,,,,,,,,,
2025-10-02 13:00:52,,,,867488067684034,3173,ACK,,,,,,,,,,,,,,,,,,,,,,,,,,,,,,,,,,,,,,,,,,,,,,,,,,
2025-10-02 13:00:53,2025-10-02 13:00:51,2025-10-02 13:00:52,2025-10-02 13:00:52,867488067684034,3174,GTIGL,0x19fe7fbf,,802003,0x8303,0x0115,100,28076,0000,0000,00,00,12,12,12,-,01,01,0.0,0.0,78,78,1076,1076,-25.042982,-25.042982,-51.533947,-51.533947,0724,0004,85da,0f6ad116,13.1,139.9,139.9,0:59:51,9:57:55,-,-,0,-,,,,,,,,,01,
2025-10-02 13:01:09,2025-10-02 13:01:08,2025-10-02 13:01:07,2025-10-02 13:01:07,867488067684034,3175,GTERI,0x19fe3fbf,0x00028102,802003,0x8303,0x0115,100,26337,0000,-,00,00,12,12,12,-,01,01,0.0,0.0,78,78,1076,1076,-25.042982,-25.042982,-51.533947,-51.533947,0724,0004,85da,0f6ad116,13.1,139.9,139.9,0:59:51,9:57:55,-,-,0,-,,,,,04,1,00000000,00,10,
2025-10-02 13:01:23,2025-10-02 13:01:22,2025-10-02 13:01:22,2025-10-02 13:01:22,867488067684034,3176,GTSTT,0x19fe7fbf,,802003,0x8303,0x0115,100,26200,0000,0000,00,00,11,12,12,-,01,01,0.0,0.0,78,78,1076,1076,-25.042982,-25.042982,-51.533947,-51.533947,0724,0004,85da,0f6ad116,13.1,139.9,139.9,0:59:51,9:57:55,-,-,0,-,,,,,,,,,,
2025-10-02 13:02:11,,,,867488067684034,3178,HBD,,,,,,,,,,,,,,,,,,,,,,,,,,,,,,,,,,,,,,,,,,,,,,,,,,
2025-10-02 13:04:09,,,,867488067684034,3180,HBD,,,,,,,,,,,,,,,,,,,,,,,,,,,,,,,,,,,,,,,,,,,,,,,,,,
2025-10-02 13:04:09,2025-10-02 13:04:08,2025-10-02 13:04:08,2025-10-02 13:04:08,867488067684034,3181,GTERI,0x19fe3fbf,0x00028102,802003,0x8303,0x0115,100,26070,0000,-,00,00,11,12,12,-,01,01,0.0,0.0,78,78,1076,1076,-25.042982,-25.042982,-51.533947,-51.533947,0724,0004,85da,0f6ad116,13.1,139.9,139.9,0:59:51,9:57:55,-,-,0,-,,,,,04,1,00000000,00,10,
2025-10-02 13:05:52,2025-10-02 13:05:51,2025-10-02 13:05:52,2025-10-02 13:05:52,867488067684034,3182,GTERI,0x19fe3fbf,0x00028102,802003,0x8303,0x0115,100,26047,0000,-,00,00,11,12,12,-,01,01,0.0,0.0,78,78,1076,1076,-25.042982,-25.042982,-51.533947,-51.533947,0724,0004,85da,0f6ad116,13.1,139.9,139.9,0:59:51,9:57:55,-,-,0,-,,,,,04,1,00000000,00,10,
2025-10-02 13:06:12,,,,867488067684034,3183,HBD,,,,,,,,,,,,,,,,,,,,,,,,,,,,,,,,,,,,,,,,,,,,,,,,,,
2025-10-02 13:08:12,,,,867488067684034,3184,HBD,,,,,,,,,,,,,,,,,,,,,,,,,,,,,,,,,,,,,,,,,,,,,,,,,,
2025-10-02 13:10:13,,,,867488067684034,3185,HBD,,,,,,,,,,,,,,,,,,,,,,,,,,,,,,,,,,,,,,,,,,,,,,,,,,
2025-10-02 13:12:13,,,,867488067684034,3186,HBD,,,,,,,,,,,,,,,,,,,,,,,,,,,,,,,,,,,,,,,,,,,,,,,,,,
2025-10-02 13:12:23,,,,867488067684034,3187,GTINF,,,,,,,,,,,,,,,,,,,,,,,,,,,,,,,,,,,,,,,,,,c1,4198,03,,,,,,
2025-10-02 13:14:13,,,,867488067684034,3188,HBD,,,,,,,,,,,,,,,,,,,,,,,,,,,,,,,,,,,,,,,,,,,,,,,,,,
2025-10-02 13:16:14,,,,867488067684034,3189,HBD,,,,,,,,,,,,,,,,,,,,,,,,,,,,,,,,,,,,,,,,,,,,,,,,,,
2025-10-02 13:18:14,,,,867488067684034,3190,HBD,,,,,,,,,,,,,,,,,,,,,,,,,,,,,,,,,,,,,,,,,,,,,,,,,,
2025-10-02 13:20:15,,,,867488067684034,3191,HBD,,,,,,,,,,,,,,,,,,,,,,,,,,,,,,,,,,,,,,,,,,,,,,,,,,
2025-10-02 13:22:15,,,,867488067684034,3192,HBD,,,,,,,,,,,,,,,,,,,,,,,,,,,,,,,,,,,,,,,,,,,,,,,,,,
2025-10-02 13:24:16,,,,867488067684034,3193,HBD,,,,,,,,,,,,,,,,,,,,,,,,,,,,,,,,,,,,,,,,,,,,,,,,,,
2025-10-02 13:26:16,,,,867488067684034,3194,HBD,,,,,,,,,,,,,,,,,,,,,,,,,,,,,,,,,,,,,,,,,,,,,,,,,,
2025-10-02 13:28:17,,,,867488067684034,3195,HBD,,,,,,,,,,,,,,,,,,,,,,,,,,,,,,,,,,,,,,,,,,,,,,,,,,
2025-10-02 13:30:17,,,,867488067684034,3196,HBD,,,,,,,,,,,,,,,,,,,,,,,,,,,,,,,,,,,,,,,,,,,,,,,,,,
2025-10-02 13:32:17,,,,867488067684034,3197,HBD,,,,,,,,,,,,,,,,,,,,,,,,,,,,,,,,,,,,,,,,,,,,,,,,,,
2025-10-02 13:34:18,,,,867488067684034,3198,HBD,,,,,,,,,,,,,,,,,,,,,,,,,,,,,,,,,,,,,,,,,,,,,,,,,,
2025-10-02 13:34:38,,,,867488067684034,3198,HBD,,,,,,,,,,,,,,,,,,,,,,,,,,,,,,,,,,,,,,,,,,,,,,,,,,
2025-10-02 13:36:18,,,,867488067684034,3199,HBD,,,,,,,,,,,,,,,,,,,,,,,,,,,,,,,,,,,,,,,,,,,,,,,,,,
2025-10-02 13:38:19,,,,867488067684034,3200,HBD,,,,,,,,,,,,,,,,,,,,,,,,,,,,,,,,,,,,,,,,,,,,,,,,,,
2025-10-02 13:40:19,,,,867488067684034,3201,HBD,,,,,,,,,,,,,,,,,,,,,,,,,,,,,,,,,,,,,,,,,,,,,,,,,,
2025-10-02 13:42:20,,,,867488067684034,3202,HBD,,,,,,,,,,,,,,,,,,,,,,,,,,,,,,,,,,,,,,,,,,,,,,,,,,
2025-10-02 13:44:20,,,,867488067684034,3203,HBD,,,,,,,,,,,,,,,,,,,,,,,,,,,,,,,,,,,,,,,,,,,,,,,,,,
2025-10-02 13:46:21,,,,867488067684034,3204,HBD,,,,,,,,,,,,,,,,,,,,,,,,,,,,,,,,,,,,,,,,,,,,,,,,,,
2025-10-02 13:48:21,,,,867488067684034,3205,HBD,,,,,,,,,,,,,,,,,,,,,,,,,,,,,,,,,,,,,,,,,,,,,,,,,,
2025-10-02 13:50:21,,,,867488067684034,3206,HBD,,,,,,,,,,,,,,,,,,,,,,,,,,,,,,,,,,,,,,,,,,,,,,,,,,
2025-10-02 13:52:22,,,,867488067684034,3207,HBD,,,,,,,,,,,,,,,,,,,,,,,,,,,,,,,,,,,,,,,,,,,,,,,,,,
2025-10-02 13:54:22,,,,867488067684034,3208,HBD,,,,,,,,,,,,,,,,,,,,,,,,,,,,,,,,,,,,,,,,,,,,,,,,,,
2025-10-02 13:56:23,,,,867488067684034,3209,HBD,,,,,,,,,,,,,,,,,,,,,,,,,,,,,,,,,,,,,,,,,,,,,,,,,,
2025-10-02 13:58:23,,,,867488067684034,3210,HBD,,,,,,,,,,,,,,,,,,,,,,,,,,,,,,,,,,,,,,,,,,,,,,,,,,
2025-10-02 14:00:24,,,,867488067684034,3211,HBD,,,,,,,,,,,,,,,,,,,,,,,,,,,,,,,,,,,,,,,,,,,,,,,,,,
2025-10-02 14:00:44,,,,867488067684034,3211,HBD,,,,,,,,,,,,,,,,,,,,,,,,,,,,,,,,,,,,,,,,,,,,,,,,,,
2025-10-02 14:02:24,,,,867488067684034,3212,HBD,,,,,,,,,,,,,,,,,,,,,,,,,,,,,,,,,,,,,,,,,,,,,,,,,,
2025-10-02 14:04:25,,,,867488067684034,3213,HBD,,,,,,,,,,,,,,,,,,,,,,,,,,,,,,,,,,,,,,,,,,,,,,,,,,
2025-10-02 14:05:47,2025-10-02 14:05:46,2025-10-02 14:03:20,2025-10-02 14:03:20,867488067684034,3214,GTERI,0x19fe3fbf,0x00028102,802003,0x8303,0x0115,100,25878,0000,-,00,00,11,12,12,-,01,01,0.0,0.0,78,78,1076,1076,-25.042982,-25.042982,-51.533947,-51.533947,0724,0004,85da,0f6ad116,13.1,139.9,139.9,0:59:51,9:57:55,-,-,0,-,,,,,04,1,00000000,00,10,
2025-10-02 14:06:25,,,,867488067684034,3215,HBD,,,,,,,,,,,,,,,,,,,,,,,,,,,,,,,,,,,,,,,,,,,,,,,,,,
2025-10-02 14:08:25,,,,867488067684034,3216,HBD,,,,,,,,,,,,,,,,,,,,,,,,,,,,,,,,,,,,,,,,,,,,,,,,,,
2025-10-02 14:10:26,,,,867488067684034,3217,HBD,,,,,,,,,,,,,,,,,,,,,,,,,,,,,,,,,,,,,,,,,,,,,,,,,,
2025-10-02 14:12:26,,,,867488067684034,3218,HBD,,,,,,,,,,,,,,,,,,,,,,,,,,,,,,,,,,,,,,,,,,,,,,,,,,
2025-10-02 14:14:27,,,,867488067684034,3219,HBD,,,,,,,,,,,,,,,,,,,,,,,,,,,,,,,,,,,,,,,,,,,,,,,,,,
2025-10-02 14:16:27,,,,867488067684034,3220,HBD,,,,,,,,,,,,,,,,,,,,,,,,,,,,,,,,,,,,,,,,,,,,,,,,,,
2025-10-02 14:18:28,,,,867488067684034,3221,HBD,,,,,,,,,,,,,,,,,,,,,,,,,,,,,,,,,,,,,,,,,,,,,,,,,,
2025-10-02 14:20:28,,,,867488067684034,3222,HBD,,,,,,,,,,,,,,,,,,,,,,,,,,,,,,,,,,,,,,,,,,,,,,,,,,
2025-10-02 14:22:29,,,,867488067684034,3223,HBD,,,,,,,,,,,,,,,,,,,,,,,,,,,,,,,,,,,,,,,,,,,,,,,,,,
2025-10-02 14:24:29,,,,867488067684034,3224,HBD,,,,,,,,,,,,,,,,,,,,,,,,,,,,,,,,,,,,,,,,,,,,,,,,,,
2025-10-02 14:26:30,,,,867488067684034,3225,HBD,,,,,,,,,,,,,,,,,,,,,,,,,,,,,,,,,,,,,,,,,,,,,,,,,,
2025-10-02 14:26:50,,,,867488067684034,3225,HBD,,,,,,,,,,,,,,,,,,,,,,,,,,,,,,,,,,,,,,,,,,,,,,,,,,
2025-10-02 14:28:30,,,,867488067684034,3226,HBD,,,,,,,,,,,,,,,,,,,,,,,,,,,,,,,,,,,,,,,,,,,,,,,,,,
2025-10-02 14:30:31,,,,867488067684034,3227,HBD,,,,,,,,,,,,,,,,,,,,,,,,,,,,,,,,,,,,,,,,,,,,,,,,,,
2025-10-02 14:32:31,,,,867488067684034,3228,HBD,,,,,,,,,,,,,,,,,,,,,,,,,,,,,,,,,,,,,,,,,,,,,,,,,,
2025-10-02 14:34:31,,,,867488067684034,3229,HBD,,,,,,,,,,,,,,,,,,,,,,,,,,,,,,,,,,,,,,,,,,,,,,,,,,
2025-10-02 14:36:32,,,,867488067684034,3230,HBD,,,,,,,,,,,,,,,,,,,,,,,,,,,,,,,,,,,,,,,,,,,,,,,,,,
2025-10-02 14:38:32,,,,867488067684034,3231,HBD,,,,,,,,,,,,,,,,,,,,,,,,,,,,,,,,,,,,,,,,,,,,,,,,,,
2025-10-02 14:40:33,,,,867488067684034,3232,HBD,,,,,,,,,,,,,,,,,,,,,,,,,,,,,,,,,,,,,,,,,,,,,,,,,,
2025-10-02 14:42:33,,,,867488067684034,3233,HBD,,,,,,,,,,,,,,,,,,,,,,,,,,,,,,,,,,,,,,,,,,,,,,,,,,
2025-10-02 14:44:34,,,,867488067684034,3234,HBD,,,,,,,,,,,,,,,,,,,,,,,,,,,,,,,,,,,,,,,,,,,,,,,,,,
2025-10-02 14:46:34,,,,867488067684034,3235,HBD,,,,,,,,,,,,,,,,,,,,,,,,,,,,,,,,,,,,,,,,,,,,,,,,,,
2025-10-02 14:48:35,,,,867488067684034,3236,HBD,,,,,,,,,,,,,,,,,,,,,,,,,,,,,,,,,,,,,,,,,,,,,,,,,,
2025-10-02 14:50:35,,,,867488067684034,3237,HBD,,,,,,,,,,,,,,,,,,,,,,,,,,,,,,,,,,,,,,,,,,,,,,,,,,
2025-10-02 14:52:35,,,,867488067684034,3238,HBD,,,,,,,,,,,,,,,,,,,,,,,,,,,,,,,,,,,,,,,,,,,,,,,,,,
2025-10-02 14:54:36,,,,867488067684034,3239,HBD,,,,,,,,,,,,,,,,,,,,,,,,,,,,,,,,,,,,,,,,,,,,,,,,,,
2025-10-02 14:56:36,,,,867488067684034,3240,HBD,,,,,,,,,,,,,,,,,,,,,,,,,,,,,,,,,,,,,,,,,,,,,,,,,,
2025-10-02 14:58:37,,,,867488067684034,3241,HBD,,,,,,,,,,,,,,,,,,,,,,,,,,,,,,,,,,,,,,,,,,,,,,,,,,
2025-10-02 15:00:37,,,,867488067684034,3242,HBD,,,,,,,,,,,,,,,,,,,,,,,,,,,,,,,,,,,,,,,,,,,,,,,,,,
2025-10-02 15:02:38,,,,867488067684034,3243,HBD,,,,,,,,,,,,,,,,,,,,,,,,,,,,,,,,,,,,,,,,,,,,,,,,,,
2025-10-02 15:04:38,,,,867488067684034,3244,HBD,,,,,,,,,,,,,,,,,,,,,,,,,,,,,,,,,,,,,,,,,,,,,,,,,,
2025-10-02 15:05:47,2025-10-02 15:05:46,2025-10-02 15:03:21,2025-10-02 15:03:21,867488067684034,3245,GTERI,0x19fe3fbf,0x00028102,802003,0x8303,0x0115,100,25788,0000,-,00,00,11,12,12,-,01,01,0.0,0.0,78,78,1076,1076,-25.042982,-25.042982,-51.533947,-51.533947,0724,0004,85da,0f6ad116,13.1,139.9,139.9,0:59:51,9:57:55,-,-,0,-,,,,,04,1,00000000,00,10,
2025-10-02 15:06:38,,,,867488067684034,3246,HBD,,,,,,,,,,,,,,,,,,,,,,,,,,,,,,,,,,,,,,,,,,,,,,,,,,
2025-10-02 15:08:39,,,,867488067684034,3247,HBD,,,,,,,,,,,,,,,,,,,,,,,,,,,,,,,,,,,,,,,,,,,,,,,,,,
2025-10-02 15:10:39,,,,867488067684034,3248,HBD,,,,,,,,,,,,,,,,,,,,,,,,,,,,,,,,,,,,,,,,,,,,,,,,,,
2025-10-02 15:12:40,,,,867488067684034,3249,HBD,,,,,,,,,,,,,,,,,,,,,,,,,,,,,,,,,,,,,,,,,,,,,,,,,,
2025-10-02 15:14:40,,,,867488067684034,3250,HBD,,,,,,,,,,,,,,,,,,,,,,,,,,,,,,,,,,,,,,,,,,,,,,,,,,
2025-10-02 15:16:41,,,,867488067684034,3251,HBD,,,,,,,,,,,,,,,,,,,,,,,,,,,,,,,,,,,,,,,,,,,,,,,,,,
2025-10-02 15:18:41,,,,867488067684034,3252,HBD,,,,,,,,,,,,,,,,,,,,,,,,,,,,,,,,,,,,,,,,,,,,,,,,,,
2025-10-02 15:20:42,,,,867488067684034,3253,HBD,,,,,,,,,,,,,,,,,,,,,,,,,,,,,,,,,,,,,,,,,,,,,,,,,,
2025-10-02 15:22:42,,,,867488067684034,3254,HBD,,,,,,,,,,,,,,,,,,,,,,,,,,,,,,,,,,,,,,,,,,,,,,,,,,
2025-10-02 15:24:42,,,,867488067684034,3255,HBD,,,,,,,,,,,,,,,,,,,,,,,,,,,,,,,,,,,,,,,,,,,,,,,,,,
2025-10-02 15:26:43,,,,867488067684034,3256,HBD,,,,,,,,,,,,,,,,,,,,,,,,,,,,,,,,,,,,,,,,,,,,,,,,,,
2025-10-02 15:28:43,,,,867488067684034,3257,HBD,,,,,,,,,,,,,,,,,,,,,,,,,,,,,,,,,,,,,,,,,,,,,,,,,,
2025-10-02 15:30:44,,,,867488067684034,3258,HBD,,,,,,,,,,,,,,,,,,,,,,,,,,,,,,,,,,,,,,,,,,,,,,,,,,
2025-10-02 15:32:44,,,,867488067684034,3259,HBD,,,,,,,,,,,,,,,,,,,,,,,,,,,,,,,,,,,,,,,,,,,,,,,,,,
2025-10-02 15:34:45,,,,867488067684034,3260,HBD,,,,,,,,,,,,,,,,,,,,,,,,,,,,,,,,,,,,,,,,,,,,,,,,,,
2025-10-02 15:36:45,,,,867488067684034,3261,HBD,,,,,,,,,,,,,,,,,,,,,,,,,,,,,,,,,,,,,,,,,,,,,,,,,,
2025-10-02 15:38:45,,,,867488067684034,3262,HBD,,,,,,,,,,,,,,,,,,,,,,,,,,,,,,,,,,,,,,,,,,,,,,,,,,
2025-10-02 15:40:46,,,,867488067684034,3263,HBD,,,,,,,,,,,,,,,,,,,,,,,,,,,,,,,,,,,,,,,,,,,,,,,,,,
2025-10-02 15:42:46,,,,867488067684034,3264,HBD,,,,,,,,,,,,,,,,,,,,,,,,,,,,,,,,,,,,,,,,,,,,,,,,,,
2025-10-02 15:44:47,,,,867488067684034,3265,HBD,,,,,,,,,,,,,,,,,,,,,,,,,,,,,,,,,,,,,,,,,,,,,,,,,,
2025-10-02 15:46:47,,,,867488067684034,3266,HBD,,,,,,,,,,,,,,,,,,,,,,,,,,,,,,,,,,,,,,,,,,,,,,,,,,
2025-10-02 15:48:48,,,,867488067684034,3267,HBD,,,,,,,,,,,,,,,,,,,,,,,,,,,,,,,,,,,,,,,,,,,,,,,,,,
2025-10-02 15:50:48,,,,867488067684034,3268,HBD,,,,,,,,,,,,,,,,,,,,,,,,,,,,,,,,,,,,,,,,,,,,,,,,,,
2025-10-02 15:52:49,,,,867488067684034,3269,HBD,,,,,,,,,,,,,,,,,,,,,,,,,,,,,,,,,,,,,,,,,,,,,,,,,,
2025-10-02 15:54:49,,,,867488067684034,3270,HBD,,,,,,,,,,,,,,,,,,,,,,,,,,,,,,,,,,,,,,,,,,,,,,,,,,
2025-10-02 15:56:49,,,,867488067684034,3271,HBD,,,,,,,,,,,,,,,,,,,,,,,,,,,,,,,,,,,,,,,,,,,,,,,,,,
2025-10-02 15:58:50,,,,867488067684034,3272,HBD,,,,,,,,,,,,,,,,,,,,,,,,,,,,,,,,,,,,,,,,,,,,,,,,,,
2025-10-02 16:00:50,,,,867488067684034,3273,HBD,,,,,,,,,,,,,,,,,,,,,,,,,,,,,,,,,,,,,,,,,,,,,,,,,,
2025-10-02 16:02:51,,,,867488067684034,3274,HBD,,,,,,,,,,,,,,,,,,,,,,,,,,,,,,,,,,,,,,,,,,,,,,,,,,
2025-10-02 16:03:11,,,,867488067684034,3274,HBD,,,,,,,,,,,,,,,,,,,,,,,,,,,,,,,,,,,,,,,,,,,,,,,,,,
2025-10-02 16:04:51,,,,867488067684034,3275,HBD,,,,,,,,,,,,,,,,,,,,,,,,,,,,,,,,,,,,,,,,,,,,,,,,,,
2025-10-02 16:05:47,2025-10-02 16:05:46,2025-10-02 16:03:36,2025-10-02 16:03:36,867488067684034,3276,GTERI,0x19fe3fbf,0x00028102,802003,0x8303,0x0115,100,25723,0000,-,00,00,11,6,6,-,01,01,0.0,0.0,78,78,1076,1076,-25.042982,-25.042982,-51.533947,-51.533947,0724,0004,85da,0f6ad116,13.1,139.9,139.9,0:59:51,9:57:55,-,-,0,-,,,,,04,1,00000000,00,10,
2025-10-02 16:06:52,,,,867488067684034,3277,HBD,,,,,,,,,,,,,,,,,,,,,,,,,,,,,,,,,,,,,,,,,,,,,,,,,,
2025-10-02 16:08:52,,,,867488067684034,3278,HBD,,,,,,,,,,,,,,,,,,,,,,,,,,,,,,,,,,,,,,,,,,,,,,,,,,
2025-10-02 16:10:53,,,,867488067684034,3279,HBD,,,,,,,,,,,,,,,,,,,,,,,,,,,,,,,,,,,,,,,,,,,,,,,,,,
2025-10-02 16:12:53,,,,867488067684034,3280,HBD,,,,,,,,,,,,,,,,,,,,,,,,,,,,,,,,,,,,,,,,,,,,,,,,,,
2025-10-02 16:14:53,,,,867488067684034,3281,HBD,,,,,,,,,,,,,,,,,,,,,,,,,,,,,,,,,,,,,,,,,,,,,,,,,,
2025-10-02 16:16:54,,,,867488067684034,3282,HBD,,,,,,,,,,,,,,,,,,,,,,,,,,,,,,,,,,,,,,,,,,,,,,,,,,
2025-10-02 16:18:54,,,,867488067684034,3283,HBD,,,,,,,,,,,,,,,,,,,,,,,,,,,,,,,,,,,,,,,,,,,,,,,,,,
2025-10-02 16:20:55,,,,867488067684034,3284,HBD,,,,,,,,,,,,,,,,,,,,,,,,,,,,,,,,,,,,,,,,,,,,,,,,,,
2025-10-02 16:22:55,,,,867488067684034,3285,HBD,,,,,,,,,,,,,,,,,,,,,,,,,,,,,,,,,,,,,,,,,,,,,,,,,,
2025-10-02 16:24:56,,,,867488067684034,3286,HBD,,,,,,,,,,,,,,,,,,,,,,,,,,,,,,,,,,,,,,,,,,,,,,,,,,
2025-10-02 16:26:56,,,,867488067684034,3287,HBD,,,,,,,,,,,,,,,,,,,,,,,,,,,,,,,,,,,,,,,,,,,,,,,,,,
2025-10-02 16:28:56,,,,867488067684034,3288,HBD,,,,,,,,,,,,,,,,,,,,,,,,,,,,,,,,,,,,,,,,,,,,,,,,,,
2025-10-02 16:30:57,,,,867488067684034,3289,HBD,,,,,,,,,,,,,,,,,,,,,,,,,,,,,,,,,,,,,,,,,,,,,,,,,,
2025-10-02 16:32:57,,,,867488067684034,3290,HBD,,,,,,,,,,,,,,,,,,,,,,,,,,,,,,,,,,,,,,,,,,,,,,,,,,
2025-10-02 16:34:58,,,,867488067684034,3291,HBD,,,,,,,,,,,,,,,,,,,,,,,,,,,,,,,,,,,,,,,,,,,,,,,,,,
2025-10-02 16:36:58,,,,867488067684034,3292,HBD,,,,,,,,,,,,,,,,,,,,,,,,,,,,,,,,,,,,,,,,,,,,,,,,,,
2025-10-02 16:37:18,,,,867488067684034,3292,HBD,,,,,,,,,,,,,,,,,,,,,,,,,,,,,,,,,,,,,,,,,,,,,,,,,,
2025-10-02 16:38:59,,,,867488067684034,3293,HBD,,,,,,,,,,,,,,,,,,,,,,,,,,,,,,,,,,,,,,,,,,,,,,,,,,
2025-10-02 16:40:59,,,,867488067684034,3294,HBD,,,,,,,,,,,,,,,,,,,,,,,,,,,,,,,,,,,,,,,,,,,,,,,,,,
2025-10-02 16:43:00,,,,867488067684034,3295,HBD,,,,,,,,,,,,,,,,,,,,,,,,,,,,,,,,,,,,,,,,,,,,,,,,,,
2025-10-02 16:45:00,,,,867488067684034,3296,HBD,,,,,,,,,,,,,,,,,,,,,,,,,,,,,,,,,,,,,,,,,,,,,,,,,,
2025-10-02 16:47:00,,,,867488067684034,3297,HBD,,,,,,,,,,,,,,,,,,,,,,,,,,,,,,,,,,,,,,,,,,,,,,,,,,
2025-10-02 16:49:01,,,,867488067684034,3298,HBD,,,,,,,,,,,,,,,,,,,,,,,,,,,,,,,,,,,,,,,,,,,,,,,,,,
2025-10-02 16:51:01,,,,867488067684034,3299,HBD,,,,,,,,,,,,,,,,,,,,,,,,,,,,,,,,,,,,,,,,,,,,,,,,,,
2025-10-02 16:53:02,,,,867488067684034,3300,HBD,,,,,,,,,,,,,,,,,,,,,,,,,,,,,,,,,,,,,,,,,,,,,,,,,,
2025-10-02 16:54:02,,,,867488067684034,3301,HBD,,,,,,,,,,,,,,,,,,,,,,,,,,,,,,,,,,,,,,,,,,,,,,,,,,
2025-10-02 16:55:46,2025-10-02 16:55:45,2025-10-02 16:03:36,2025-10-02 12:59:44,867488067684034,3303,GTIGN,0x19fe7fbf,,802003,0x8303,0x0115,100,25598,0000,0000,01,00,22,6,12,14095,00,01,0.0,22.8,78,80,1076,1066,-25.042982,-25.042423,-51.533947,-51.535041,0724,0004,85da,0f6ad116,0.0,139.9,139.7,0:00:00,9:57:55,-,-,0,-,,,,,,,,,,
2025-10-02 16:55:46,2025-10-02 16:55:45,2025-10-02 16:03:36,2025-10-02 16:03:36,867488067684034,3304,GTSTT,0x19fe7fbf,,802003,0x8303,0x0115,100,25598,0000,0000,01,00,22,6,6,-,00,00,0.0,0.0,78,78,1076,1076,-25.042982,-25.042982,-51.533947,-51.533947,0724,0004,85da,0f6ad116,0.0,139.9,139.9,0:00:00,9:57:55,-,-,0,-,,,,,,,,,,
2025-10-02 16:56:03,,,,867488067684034,3305,HBD,,,,,,,,,,,,,,,,,,,,,,,,,,,,,,,,,,,,,,,,,,,,,,,,,,
2025-10-02 16:56:18,2025-10-02 16:56:17,2025-10-02 16:56:18,2025-10-02 16:56:18,867488067684034,3306,GTERI,0x19fe3fbf,0x00028102,802003,0x8303,0x0115,100,28051,0000,-,01,00,22,7,7,-,01,01,3.9,3.9,113,113,1093,1093,-25.043111,-25.043111,-51.533878,-51.533878,0724,0004,85da,0f6ad116,0.0,139.9,139.9,0:00:30,9:58:25,-,-,0,-,,,,,04,1,00000000,00,10,
2025-10-02 16:56:18,2025-10-02 16:56:17,2025-10-02 16:56:18,2025-10-02 16:56:18,867488067684034,3307,GTIGL,0x19fe7fbf,,802003,0x8303,0x0115,100,28051,0000,0000,01,00,22,7,7,-,01,01,3.9,3.9,113,113,1093,1093,-25.043111,-25.043111,-51.533878,-51.533878,0724,0004,85da,0f6ad116,0.0,139.9,139.9,0:00:30,9:58:25,-,-,0,-,,,,,,,,,00,
2025-10-02 16:58:03,,,,867488067684034,3309,HBD,,,,,,,,,,,,,,,,,,,,,,,,,,,,,,,,,,,,,,,,,,,,,,,,,,
2025-10-02 16:58:53,2025-10-02 16:58:52,2025-10-02 16:58:52,2025-10-02 16:58:51,867488067684034,3310,GTERI,0x19fe3fbf,0x00028102,802003,0x8303,0x0115,100,28006,0000,-,01,00,22,12,12,-,01,01,38.6,39.1,173,172,1050,1049,-25.046833,-25.046737,-51.535723,-51.535736,0724,0004,85da,0f6ad10a,0.8,140.7,140.7,0:03:06,10:01:01,-,-,0,-,,,,,04,3,00000000,00,10,
2025-10-02 16:59:49,,,,867488067684034,3312,ACK,,,,,,,,,,,,,,,,,,,,,,,,,,,,,,,,,,,,,,,,,,,,,,,,,,
2025-10-02 16:59:50,,,,867488067684034,3313,ACK,,,,,,,,,,,,,,,,,,,,,,,,,,,,,,,,,,,,,,,,,,,,,,,,,,
2025-10-02 16:59:50,,,,867488067684034,3314,ACK,,,,,,,,,,,,,,,,,,,,,,,,,,,,,,,,,,,,,,,,,,,,,,,,,,
2025-10-02 17:00:04,,,,867488067684034,3315,HBD,,,,,,,,,,,,,,,,,,,,,,,,,,,,,,,,,,,,,,,,,,,,,,,,,,
2025-10-02 17:01:53,2025-10-02 17:01:52,2025-10-02 17:01:52,2025-10-02 16:58:54,867488067684034,3317,GTERI,0x19fe3fbf,0x00028102,802003,0x8303,0x0115,100,27969,0000,-,01,00,22,12,12,-,01,01,0.0,34.0,263,174,1052,1052,-25.048503,-25.047013,-51.536113,-51.535704,0724,0004,85da,0f6ad10a,1.1,141.0,140.7,0:06:06,10:04:01,-,-,0,-,,,,,04,3,00000000,00,10,
2025-10-02 17:02:04,,,,867488067684034,3318,HBD,,,,,,,,,,,,,,,,,,,,,,,,,,,,,,,,,,,,,,,,,,,,,,,,,,
2025-10-02 17:04:05,,,,867488067684034,3320,HBD,,,,,,,,,,,,,,,,,,,,,,,,,,,,,,,,,,,,,,,,,,,,,,,,,,
2025-10-02 17:04:53,2025-10-02 17:04:52,2025-10-02 17:04:52,2025-10-02 17:03:42,867488067684034,3321,GTERI,0x19fe3fbf,0x00028102,802003,0x8303,0x0115,100,27865,0000,-,01,00,22,12,12,-,01,01,0.0,37.9,348,175,1075,1055,-25.052477,-25.050124,-51.534906,-51.535183,0724,0004,85da,0f6ad10a,1.7,141.6,141.3,0:09:06,10:07:01,-,-,0,-,,,,,04,3,00000000,00,10,
2025-10-02 17:06:05,,,,867488067684034,3323,HBD,,,,,,,,,,,,,,,,,,,,,,,,,,,,,,,,,,,,,,,,,,,,,,,,,,
2025-10-02 17:07:53,2025-10-02 17:07:52,2025-10-02 17:07:52,2025-10-02 17:05:11,867488067684034,3325,GTERI,0x19fe3fbf,0x00028102,802003,0x8303,0x0115,100,28019,0000,-,01,00,22,12,12,-,01,01,26.4,37.3,93,354,1057,1066,-25.051931,-25.051511,-51.526692,-51.535055,0724,0004,85da,0f6ad109,2.8,142.7,141.7,0:12:06,10:10:01,-,-,0,-,,,,,04,3,00000000,00,10,
2025-10-02 17:08:06,,,,867488067684034,3326,HBD,,,,,,,,,,,,,,,,,,,,,,,,,,,,,,,,,,,,,,,,,,,,,,,,,,
2025-10-02 17:10:07,,,,867488067684034,3328,HBD,,,,,,,,,,,,,,,,,,,,,,,,,,,,,,,,,,,,,,,,,,,,,,,,,,
2025-10-02 17:11:10,2025-10-02 17:10:52,2025-10-02 17:10:52,2025-10-02 17:08:07,867488067684034,3329,GTERI,0x19fe3fbf,0x00028102,802003,0x8303,0x0115,100,27982,0000,-,01,00,22,12,12,-,01,01,28.1,37.1,165,100,1007,1044,-25.054326,-25.052087,-51.519109,-51.525395,0724,0004,85da,0f6ad109,3.8,143.7,142.9,0:15:06,10:13:01,-,-,0,-,,,,,04,3,00000000,00,10,
2025-10-02 17:12:07,,,,867488067684034,3331,HBD,,,,,,,,,,,,,,,,,,,,,,,,,,,,,,,,,,,,,,,,,,,,,,,,,,
2025-10-02 17:13:53,2025-10-02 17:13:52,2025-10-02 17:13:52,2025-10-02 17:12:37,867488067684034,3333,GTERI,0x19fe3fbf,0x00028102,802003,0x8303,0x0115,100,28006,0000,-,01,00,22,12,12,-,01,01,29.7,32.5,299,4,1046,1008,-25.051989,-25.053927,-51.523079,-51.519103,0724,0004,85da,0f6ad115,4.6,144.5,144.0,0:18:06,10:16:01,-,-,0,-,,,,,04,1,00000000,00,10,
2025-10-02 17:14:07,,,,867488067684034,3334,HBD,,,,,,,,,,,,,,,,,,,,,,,,,,,,,,,,,,,,,,,,,,,,,,,,,,
2025-10-02 17:16:08,,,,867488067684034,3336,HBD,,,,,,,,,,,,,,,,,,,,,,,,,,,,,,,,,,,,,,,,,,,,,,,,,,
2025-10-02 17:16:53,2025-10-02 17:16:52,2025-10-02 17:16:52,2025-10-02 17:16:45,867488067684034,3337,GTERI,0x19fe3fbf,0x00028102,802003,0x8303,0x0115,100,28082,0000,-,01,00,22,12,12,-,01,01,32.5,41.6,264,264,1068,1069,-25.048325,-25.048261,-51.533646,-51.532943,0724,0004,85da,0f6ad116,5.9,145.9,145.8,0:21:06,10:19:01,-,-,0,-,,,,,04,1,00000000,00,10,
2025-10-02 17:17:13,2025-10-02 17:16:52,2025-10-02 17:16:52,2025-10-02 17:16:45,867488067684034,3337,GTERI,0x19fe3fbf,0x00028102,802003,0x8303,0x0115,100,28082,0000,-,01,00,22,12,12,-,01,01,32.5,41.6,264,264,1068,1069,-25.048325,-25.048261,-51.533646,-51.532943,0724,0004,85da,0f6ad116,5.9,145.9,145.8,0:21:06,10:19:01,-,-,0,-,,,,,04,1,00000000,00,10,
2025-10-02 17:18:08,,,,867488067684034,3339,HBD,,,,,,,,,,,,,,,,,,,,,,,,,,,,,,,,,,,,,,,,,,,,,,,,,,
2025-10-02 17:19:53,2025-10-02 17:19:52,2025-10-02 17:19:51,2025-10-02 17:19:19,867488067684034,3341,GTERI,0x19fe3fbf,0x00028102,802003,0x8303,0x0115,100,27996,0000,-,01,00,22,12,12,-,01,01,6.4,32.5,346,348,1020,1020,-25.046459,-25.047094,-51.540644,-51.540519,0724,0004,85da,0f6ad10a,6.9,146.8,146.7,0:24:06,10:22:01,-,-,0,-,,,,,04,3,00000000,00,10,
2025-10-02 17:20:09,,,,867488067684034,3342,HBD,,,,,,,,,,,,,,,,,,,,,,,,,,,,,,,,,,,,,,,,,,,,,,,,,,
2025-10-02 17:20:36,2025-10-02 17:20:34,2025-10-02 17:20:35,2025-10-02 17:20:35,867488067684034,3343,GTIGF,0x19fe7fbf,,802003,0x8303,0x0115,100,28059,0000,0000,00,00,12,12,12,1489,01,01,0.0,0.0,346,346,1024,1024,-25.047391,-25.047391,-51.540892,-51.540892,0724,0004,85da,0f6ad10a,7.0,146.9,146.9,0:24:48,10:22:43,-,-,0,-,,,,,,,,,,
2025-10-02 17:20:36,2025-10-02 17:20:34,2025-10-02 17:20:35,2025-10-02 17:20:35,867488067684034,3344,GTSTT,0x19fe7fbf,,802003,0x8303,0x0115,100,28059,0000,0000,00,00,12,12,12,-,01,01,0.0,0.0,346,346,1024,1024,-25.047391,-25.047391,-51.540892,-51.540892,0724,0004,85da,0f6ad10a,7.0,146.9,146.9,0:24:48,10:22:43,-,-,0,-,,,,,,,,,,
2025-10-02 17:20:36,,,,867488067684034,3345,ACK,,,,,,,,,,,,,,,,,,,,,,,,,,,,,,,,,,,,,,,,,,,,,,,,,,
2025-10-02 17:20:37,,,,867488067684034,3346,ACK,,,,,,,,,,,,,,,,,,,,,,,,,,,,,,,,,,,,,,,,,,,,,,,,,,
2025-10-02 17:20:37,2025-10-02 17:20:35,2025-10-02 17:20:36,2025-10-02 17:20:36,867488067684034,3347,GTIGL,0x19fe7fbf,,802003,0x8303,0x0115,100,28059,0000,0000,00,00,12,12,12,-,01,01,0.0,0.0,346,346,1024,1024,-25.047391,-25.047391,-51.540892,-51.540892,0724,0004,85da,0f6ad10a,7.0,146.9,146.9,0:24:48,10:22:43,-,-,0,-,,,,,,,,,01,
2025-10-02 17:21:11,2025-10-02 17:21:10,2025-10-02 17:21:11,2025-10-02 17:21:11,867488067684034,3348,GTSTT,0x19fe7fbf,,802003,0x8303,0x0115,100,26159,0000,0000,00,00,11,12,12,-,01,01,0.0,0.0,346,346,1024,1024,-25.047391,-25.047391,-51.540892,-51.540892,0724,0004,85da,0f6ad10a,7.0,146.9,146.9,0:24:48,10:22:43,-,-,0,-,,,,,,,,,,
2025-10-02 17:22:09,,,,867488067684034,3350,HBD,,,,,,,,,,,,,,,,,,,,,,,,,,,,,,,,,,,,,,,,,,,,,,,,,,
2025-10-02 17:22:53,2025-10-02 17:22:52,2025-10-02 17:22:52,2025-10-02 17:22:52,867488067684034,3351,GTERI,0x19fe3fbf,0x00028102,802003,0x8303,0x0115,100,26021,0000,-,00,00,11,12,12,-,01,01,0.0,0.0,346,346,1024,1024,-25.047391,-25.047391,-51.540892,-51.540892,0724,0004,85da,0f6ad10a,7.0,146.9,146.9,0:24:48,10:22:43,-,-,0,-,,,,,04,3,00000000,00,10,
2025-10-02 17:24:10,,,,867488067684034,3353,HBD,,,,,,,,,,,,,,,,,,,,,,,,,,,,,,,,,,,,,,,,,,,,,,,,,,
2025-10-02 17:25:36,2025-10-02 17:25:35,2025-10-02 17:25:36,2025-10-02 17:25:36,867488067684034,3354,GTERI,0x19fe3fbf,0x00028102,802003,0x8303,0x0115,100,26011,0000,-,00,00,11,12,12,-,01,01,0.0,0.0,346,346,1024,1024,-25.047391,-25.047391,-51.540892,-51.540892,0724,0004,85da,0f6ad10a,7.0,146.9,146.9,0:24:48,10:22:43,-,-,0,-,,,,,04,3,00000000,00,10,
2025-10-02 17:26:10,,,,867488067684034,3355,HBD,,,,,,,,,,,,,,,,,,,,,,,,,,,,,,,,,,,,,,,,,,,,,,,,,,
2025-10-02 17:28:11,,,,867488067684034,3356,HBD,,,,,,,,,,,,,,,,,,,,,,,,,,,,,,,,,,,,,,,,,,,,,,,,,,
2025-10-02 17:30:11,,,,867488067684034,3357,HBD,,,,,,,,,,,,,,,,,,,,,,,,,,,,,,,,,,,,,,,,,,,,,,,,,,
2025-10-02 17:32:12,,,,867488067684034,3358,HBD,,,,,,,,,,,,,,,,,,,,,,,,,,,,,,,,,,,,,,,,,,,,,,,,,,
2025-10-02 17:34:12,,,,867488067684034,3359,HBD,,,,,,,,,,,,,,,,,,,,,,,,,,,,,,,,,,,,,,,,,,,,,,,,,,
2025-10-02 17:36:13,,,,867488067684034,3360,HBD,,,,,,,,,,,,,,,,,,,,,,,,,,,,,,,,,,,,,,,,,,,,,,,,,,
2025-10-02 17:38:13,,,,867488067684034,3361,HBD,,,,,,,,,,,,,,,,,,,,,,,,,,,,,,,,,,,,,,,,,,,,,,,,,,
2025-10-02 17:40:13,,,,867488067684034,3362,HBD,,,,,,,,,,,,,,,,,,,,,,,,,,,,,,,,,,,,,,,,,,,,,,,,,,
2025-10-02 17:42:14,,,,867488067684034,3363,HBD,,,,,,,,,,,,,,,,,,,,,,,,,,,,,,,,,,,,,,,,,,,,,,,,,,
2025-10-02 17:44:14,,,,867488067684034,3364,HBD,,,,,,,,,,,,,,,,,,,,,,,,,,,,,,,,,,,,,,,,,,,,,,,,,,
2025-10-02 17:46:15,,,,867488067684034,3365,HBD,,,,,,,,,,,,,,,,,,,,,,,,,,,,,,,,,,,,,,,,,,,,,,,,,,
2025-10-02 17:48:15,,,,867488067684034,3366,HBD,,,,,,,,,,,,,,,,,,,,,,,,,,,,,,,,,,,,,,,,,,,,,,,,,,
2025-10-02 17:50:16,,,,867488067684034,3367,HBD,,,,,,,,,,,,,,,,,,,,,,,,,,,,,,,,,,,,,,,,,,,,,,,,,,
2025-10-02 17:50:36,,,,867488067684034,3367,HBD,,,,,,,,,,,,,,,,,,,,,,,,,,,,,,,,,,,,,,,,,,,,,,,,,,
2025-10-02 17:50:56,,,,867488067684034,3367,HBD,,,,,,,,,,,,,,,,,,,,,,,,,,,,,,,,,,,,,,,,,,,,,,,,,,
2025-10-02 17:52:16,,,,867488067684034,3368,HBD,,,,,,,,,,,,,,,,,,,,,,,,,,,,,,,,,,,,,,,,,,,,,,,,,,
2025-10-02 17:54:17,,,,867488067684034,3369,HBD,,,,,,,,,,,,,,,,,,,,,,,,,,,,,,,,,,,,,,,,,,,,,,,,,,
2025-10-02 17:56:17,,,,867488067684034,3370,HBD,,,,,,,,,,,,,,,,,,,,,,,,,,,,,,,,,,,,,,,,,,,,,,,,,,
2025-10-02 17:58:17,,,,867488067684034,3371,HBD,,,,,,,,,,,,,,,,,,,,,,,,,,,,,,,,,,,,,,,,,,,,,,,,,,
2025-10-02 17:58:38,,,,867488067684034,3371,HBD,,,,,,,,,,,,,,,,,,,,,,,,,,,,,,,,,,,,,,,,,,,,,,,,,,
2025-10-02 18:00:18,,,,867488067684034,3372,HBD,,,,,,,,,,,,,,,,,,,,,,,,,,,,,,,,,,,,,,,,,,,,,,,,,,
2025-10-02 18:02:18,,,,867488067684034,3373,HBD,,,,,,,,,,,,,,,,,,,,,,,,,,,,,,,,,,,,,,,,,,,,,,,,,,
2025-10-02 18:04:19,,,,867488067684034,3374,HBD,,,,,,,,,,,,,,,,,,,,,,,,,,,,,,,,,,,,,,,,,,,,,,,,,,
2025-10-02 18:04:39,,,,867488067684034,3374,HBD,,,,,,,,,,,,,,,,,,,,,,,,,,,,,,,,,,,,,,,,,,,,,,,,,,
2025-10-02 18:06:19,,,,867488067684034,3375,HBD,,,,,,,,,,,,,,,,,,,,,,,,,,,,,,,,,,,,,,,,,,,,,,,,,,
2025-10-02 18:08:20,,,,867488067684034,3376,HBD,,,,,,,,,,,,,,,,,,,,,,,,,,,,,,,,,,,,,,,,,,,,,,,,,,
2025-10-02 18:10:20,,,,867488067684034,3377,HBD,,,,,,,,,,,,,,,,,,,,,,,,,,,,,,,,,,,,,,,,,,,,,,,,,,
2025-10-02 18:12:21,,,,867488067684034,3378,HBD,,,,,,,,,,,,,,,,,,,,,,,,,,,,,,,,,,,,,,,,,,,,,,,,,,
2025-10-02 18:14:21,,,,867488067684034,3379,HBD,,,,,,,,,,,,,,,,,,,,,,,,,,,,,,,,,,,,,,,,,,,,,,,,,,
2025-10-02 18:16:21,,,,867488067684034,3380,HBD,,,,,,,,,,,,,,,,,,,,,,,,,,,,,,,,,,,,,,,,,,,,,,,,,,
2025-10-02 18:16:42,,,,867488067684034,3380,HBD,,,,,,,,,,,,,,,,,,,,,,,,,,,,,,,,,,,,,,,,,,,,,,,,,,
2025-10-02 18:18:22,,,,867488067684034,3381,HBD,,,,,,,,,,,,,,,,,,,,,,,,,,,,,,,,,,,,,,,,,,,,,,,,,,
2025-10-02 18:18:42,,,,867488067684034,3381,HBD,,,,,,,,,,,,,,,,,,,,,,,,,,,,,,,,,,,,,,,,,,,,,,,,,,
2025-10-02 18:20:22,,,,867488067684034,3382,HBD,,,,,,,,,,,,,,,,,,,,,,,,,,,,,,,,,,,,,,,,,,,,,,,,,,
2025-10-02 18:20:42,,,,867488067684034,3382,HBD,,,,,,,,,,,,,,,,,,,,,,,,,,,,,,,,,,,,,,,,,,,,,,,,,,
2025-10-02 18:22:23,,,,867488067684034,3383,HBD,,,,,,,,,,,,,,,,,,,,,,,,,,,,,,,,,,,,,,,,,,,,,,,,,,
2025-10-02 18:22:43,,,,867488067684034,3383,HBD,,,,,,,,,,,,,,,,,,,,,,,,,,,,,,,,,,,,,,,,,,,,,,,,,,
2025-10-02 18:23:03,,,,867488067684034,3383,HBD,,,,,,,,,,,,,,,,,,,,,,,,,,,,,,,,,,,,,,,,,,,,,,,,,,
2025-10-02 18:23:23,,,,867488067684034,3383,HBD,,,,,,,,,,,,,,,,,,,,,,,,,,,,,,,,,,,,,,,,,,,,,,,,,,
2025-10-02 18:23:43,,,,867488067684034,3383,HBD,,,,,,,,,,,,,,,,,,,,,,,,,,,,,,,,,,,,,,,,,,,,,,,,,,
2025-10-02 18:24:23,,,,867488067684034,3384,HBD,,,,,,,,,,,,,,,,,,,,,,,,,,,,,,,,,,,,,,,,,,,,,,,,,,
2025-10-02 18:25:31,2025-10-02 18:25:30,2025-10-02 18:23:05,2025-10-02 18:23:05,867488067684034,3385,GTERI,0x19fe3fbf,0x00028102,802003,0x8303,0x0115,100,25773,0000,-,00,00,11,12,12,-,01,01,0.0,0.0,346,346,1024,1024,-25.047391,-25.047391,-51.540892,-51.540892,0724,0004,85da,0f6ad10a,7.0,146.9,146.9,0:24:48,10:22:43,-,-,0,-,,,,,04,3,00000000,00,10,
2025-10-02 18:26:24,,,,867488067684034,3386,HBD,,,,,,,,,,,,,,,,,,,,,,,,,,,,,,,,,,,,,,,,,,,,,,,,,,
2025-10-02 18:28:24,,,,867488067684034,3387,HBD,,,,,,,,,,,,,,,,,,,,,,,,,,,,,,,,,,,,,,,,,,,,,,,,,,
2025-10-02 18:30:25,,,,867488067684034,3388,HBD,,,,,,,,,,,,,,,,,,,,,,,,,,,,,,,,,,,,,,,,,,,,,,,,,,
2025-10-02 18:32:25,,,,867488067684034,3389,HBD,,,,,,,,,,,,,,,,,,,,,,,,,,,,,,,,,,,,,,,,,,,,,,,,,,
2025-10-02 18:34:25,,,,867488067684034,3390,HBD,,,,,,,,,,,,,,,,,,,,,,,,,,,,,,,,,,,,,,,,,,,,,,,,,,
2025-10-02 18:36:26,,,,867488067684034,3391,HBD,,,,,,,,,,,,,,,,,,,,,,,,,,,,,,,,,,,,,,,,,,,,,,,,,,
2025-10-02 18:38:26,,,,867488067684034,3392,HBD,,,,,,,,,,,,,,,,,,,,,,,,,,,,,,,,,,,,,,,,,,,,,,,,,,
2025-10-02 18:40:27,,,,867488067684034,3393,HBD,,,,,,,,,,,,,,,,,,,,,,,,,,,,,,,,,,,,,,,,,,,,,,,,,,
2025-10-02 18:42:27,,,,867488067684034,3394,HBD,,,,,,,,,,,,,,,,,,,,,,,,,,,,,,,,,,,,,,,,,,,,,,,,,,
2025-10-02 18:44:28,,,,867488067684034,3395,HBD,,,,,,,,,,,,,,,,,,,,,,,,,,,,,,,,,,,,,,,,,,,,,,,,,,
2025-10-02 18:46:28,,,,867488067684034,3396,HBD,,,,,,,,,,,,,,,,,,,,,,,,,,,,,,,,,,,,,,,,,,,,,,,,,,
2025-10-02 18:48:28,,,,867488067684034,3397,HBD,,,,,,,,,,,,,,,,,,,,,,,,,,,,,,,,,,,,,,,,,,,,,,,,,,
2025-10-02 18:50:29,,,,867488067684034,3398,HBD,,,,,,,,,,,,,,,,,,,,,,,,,,,,,,,,,,,,,,,,,,,,,,,,,,
2025-10-02 18:52:29,,,,867488067684034,3399,HBD,,,,,,,,,,,,,,,,,,,,,,,,,,,,,,,,,,,,,,,,,,,,,,,,,,
2025-10-02 18:54:30,,,,867488067684034,3400,HBD,,,,,,,,,,,,,,,,,,,,,,,,,,,,,,,,,,,,,,,,,,,,,,,,,,
2025-10-02 18:56:30,,,,867488067684034,3401,HBD,,,,,,,,,,,,,,,,,,,,,,,,,,,,,,,,,,,,,,,,,,,,,,,,,,
2025-10-02 18:58:31,,,,867488067684034,3402,HBD,,,,,,,,,,,,,,,,,,,,,,,,,,,,,,,,,,,,,,,,,,,,,,,,,,
2025-10-02 19:00:31,,,,867488067684034,3403,HBD,,,,,,,,,,,,,,,,,,,,,,,,,,,,,,,,,,,,,,,,,,,,,,,,,,
2025-10-02 19:02:32,,,,867488067684034,3404,HBD,,,,,,,,,,,,,,,,,,,,,,,,,,,,,,,,,,,,,,,,,,,,,,,,,,
2025-10-02 19:04:32,,,,867488067684034,3405,HBD,,,,,,,,,,,,,,,,,,,,,,,,,,,,,,,,,,,,,,,,,,,,,,,,,,
2025-10-02 19:06:32,,,,867488067684034,3406,HBD,,,,,,,,,,,,,,,,,,,,,,,,,,,,,,,,,,,,,,,,,,,,,,,,,,
2025-10-02 19:08:33,,,,867488067684034,3407,HBD,,,,,,,,,,,,,,,,,,,,,,,,,,,,,,,,,,,,,,,,,,,,,,,,,,
2025-10-02 19:10:33,,,,867488067684034,3408,HBD,,,,,,,,,,,,,,,,,,,,,,,,,,,,,,,,,,,,,,,,,,,,,,,,,,
2025-10-02 19:12:34,,,,867488067684034,3409,HBD,,,,,,,,,,,,,,,,,,,,,,,,,,,,,,,,,,,,,,,,,,,,,,,,,,
2025-10-02 19:14:34,,,,867488067684034,3410,HBD,,,,,,,,,,,,,,,,,,,,,,,,,,,,,,,,,,,,,,,,,,,,,,,,,,
2025-10-02 19:16:35,,,,867488067684034,3411,HBD,,,,,,,,,,,,,,,,,,,,,,,,,,,,,,,,,,,,,,,,,,,,,,,,,,
2025-10-02 19:18:35,,,,867488067684034,3412,HBD,,,,,,,,,,,,,,,,,,,,,,,,,,,,,,,,,,,,,,,,,,,,,,,,,,
2025-10-02 19:20:35,,,,867488067684034,3413,HBD,,,,,,,,,,,,,,,,,,,,,,,,,,,,,,,,,,,,,,,,,,,,,,,,,,
2025-10-02 19:22:36,,,,867488067684034,3414,HBD,,,,,,,,,,,,,,,,,,,,,,,,,,,,,,,,,,,,,,,,,,,,,,,,,,
2025-10-02 19:24:36,,,,867488067684034,3415,HBD,,,,,,,,,,,,,,,,,,,,,,,,,,,,,,,,,,,,,,,,,,,,,,,,,,
2025-10-02 19:25:31,2025-10-02 19:25:30,2025-10-02 19:23:05,2025-10-02 19:23:05,867488067684034,3416,GTERI,0x19fe3fbf,0x00028102,802003,0x8303,0x0115,100,25613,0000,-,00,00,11,12,12,-,01,01,0.0,0.0,346,346,1024,1024,-25.047391,-25.047391,-51.540892,-51.540892,0724,0004,85da,0f6ad10a,7.0,146.9,146.9,0:24:48,10:22:43,-,-,0,-,,,,,04,3,00000000,00,10,
2025-10-02 19:26:37,,,,867488067684034,3417,HBD,,,,,,,,,,,,,,,,,,,,,,,,,,,,,,,,,,,,,,,,,,,,,,,,,,
2025-10-02 19:28:37,,,,867488067684034,3418,HBD,,,,,,,,,,,,,,,,,,,,,,,,,,,,,,,,,,,,,,,,,,,,,,,,,,
2025-10-02 19:30:38,,,,867488067684034,3419,HBD,,,,,,,,,,,,,,,,,,,,,,,,,,,,,,,,,,,,,,,,,,,,,,,,,,
2025-10-02 19:32:38,,,,867488067684034,3420,HBD,,,,,,,,,,,,,,,,,,,,,,,,,,,,,,,,,,,,,,,,,,,,,,,,,,
2025-10-02 19:34:39,,,,867488067684034,3421,HBD,,,,,,,,,,,,,,,,,,,,,,,,,,,,,,,,,,,,,,,,,,,,,,,,,,
2025-10-02 19:36:39,,,,867488067684034,3422,HBD,,,,,,,,,,,,,,,,,,,,,,,,,,,,,,,,,,,,,,,,,,,,,,,,,,
2025-10-02 19:38:40,,,,867488067684034,3423,HBD,,,,,,,,,,,,,,,,,,,,,,,,,,,,,,,,,,,,,,,,,,,,,,,,,,
2025-10-02 19:40:40,,,,867488067684034,3424,HBD,,,,,,,,,,,,,,,,,,,,,,,,,,,,,,,,,,,,,,,,,,,,,,,,,,
2025-10-02 19:42:41,,,,867488067684034,3425,HBD,,,,,,,,,,,,,,,,,,,,,,,,,,,,,,,,,,,,,,,,,,,,,,,,,,
2025-10-02 19:44:41,,,,867488067684034,3426,HBD,,,,,,,,,,,,,,,,,,,,,,,,,,,,,,,,,,,,,,,,,,,,,,,,,,
2025-10-02 19:46:41,,,,867488067684034,3427,HBD,,,,,,,,,,,,,,,,,,,,,,,,,,,,,,,,,,,,,,,,,,,,,,,,,,
2025-10-02 19:48:42,,,,867488067684034,3428,HBD,,,,,,,,,,,,,,,,,,,,,,,,,,,,,,,,,,,,,,,,,,,,,,,,,,
2025-10-02 19:50:42,,,,867488067684034,3429,HBD,,,,,,,,,,,,,,,,,,,,,,,,,,,,,,,,,,,,,,,,,,,,,,,,,,
2025-10-02 19:52:43,,,,867488067684034,3430,HBD,,,,,,,,,,,,,,,,,,,,,,,,,,,,,,,,,,,,,,,,,,,,,,,,,,
2025-10-02 19:54:43,,,,867488067684034,3431,HBD,,,,,,,,,,,,,,,,,,,,,,,,,,,,,,,,,,,,,,,,,,,,,,,,,,
2025-10-02 19:56:44,,,,867488067684034,3432,HBD,,,,,,,,,,,,,,,,,,,,,,,,,,,,,,,,,,,,,,,,,,,,,,,,,,
2025-10-02 19:58:44,,,,867488067684034,3433,HBD,,,,,,,,,,,,,,,,,,,,,,,,,,,,,,,,,,,,,,,,,,,,,,,,,,
2025-10-02 20:00:45,,,,867488067684034,3434,HBD,,,,,,,,,,,,,,,,,,,,,,,,,,,,,,,,,,,,,,,,,,,,,,,,,,
2025-10-02 20:02:45,,,,867488067684034,3435,HBD,,,,,,,,,,,,,,,,,,,,,,,,,,,,,,,,,,,,,,,,,,,,,,,,,,
2025-10-02 20:04:45,,,,867488067684034,3436,HBD,,,,,,,,,,,,,,,,,,,,,,,,,,,,,,,,,,,,,,,,,,,,,,,,,,
2025-10-02 20:06:46,,,,867488067684034,3437,HBD,,,,,,,,,,,,,,,,,,,,,,,,,,,,,,,,,,,,,,,,,,,,,,,,,,
2025-10-02 20:08:46,,,,867488067684034,3438,HBD,,,,,,,,,,,,,,,,,,,,,,,,,,,,,,,,,,,,,,,,,,,,,,,,,,
2025-10-02 20:10:47,,,,867488067684034,3439,HBD,,,,,,,,,,,,,,,,,,,,,,,,,,,,,,,,,,,,,,,,,,,,,,,,,,
2025-10-02 20:12:47,,,,867488067684034,3440,HBD,,,,,,,,,,,,,,,,,,,,,,,,,,,,,,,,,,,,,,,,,,,,,,,,,,
2025-10-02 20:14:48,,,,867488067684034,3441,HBD,,,,,,,,,,,,,,,,,,,,,,,,,,,,,,,,,,,,,,,,,,,,,,,,,,
2025-10-02 20:16:48,,,,867488067684034,3442,HBD,,,,,,,,,,,,,,,,,,,,,,,,,,,,,,,,,,,,,,,,,,,,,,,,,,
2025-10-02 20:18:48,,,,867488067684034,3443,HBD,,,,,,,,,,,,,,,,,,,,,,,,,,,,,,,,,,,,,,,,,,,,,,,,,,
2025-10-02 20:20:49,,,,867488067684034,3444,HBD,,,,,,,,,,,,,,,,,,,,,,,,,,,,,,,,,,,,,,,,,,,,,,,,,,
2025-10-02 20:22:49,,,,867488067684034,3445,HBD,,,,,,,,,,,,,,,,,,,,,,,,,,,,,,,,,,,,,,,,,,,,,,,,,,
2025-10-02 20:24:50,,,,867488067684034,3446,HBD,,,,,,,,,,,,,,,,,,,,,,,,,,,,,,,,,,,,,,,,,,,,,,,,,,
2025-10-02 20:25:31,2025-10-02 20:25:30,2025-10-02 20:23:23,2025-10-02 20:23:23,867488067684034,3447,GTERI,0x19fe3fbf,0x00028102,802003,0x8303,0x0115,100,25558,0000,-,00,00,11,7,7,-,01,01,0.0,0.0,346,346,1024,1024,-25.047391,-25.047391,-51.540892,-51.540892,0724,0004,85da,0f6ad10a,7.0,146.9,146.9,0:24:48,10:22:43,-,-,0,-,,,,,04,3,00000000,00,10,
2025-10-02 20:26:50,,,,867488067684034,3448,HBD,,,,,,,,,,,,,,,,,,,,,,,,,,,,,,,,,,,,,,,,,,,,,,,,,,
2025-10-02 20:28:51,,,,867488067684034,3449,HBD,,,,,,,,,,,,,,,,,,,,,,,,,,,,,,,,,,,,,,,,,,,,,,,,,,
2025-10-02 20:30:51,,,,867488067684034,3450,HBD,,,,,,,,,,,,,,,,,,,,,,,,,,,,,,,,,,,,,,,,,,,,,,,,,,
2025-10-02 20:32:51,,,,867488067684034,3451,HBD,,,,,,,,,,,,,,,,,,,,,,,,,,,,,,,,,,,,,,,,,,,,,,,,,,
2025-10-02 20:34:52,,,,867488067684034,3452,HBD,,,,,,,,,,,,,,,,,,,,,,,,,,,,,,,,,,,,,,,,,,,,,,,,,,
2025-10-02 20:36:52,,,,867488067684034,3453,HBD,,,,,,,,,,,,,,,,,,,,,,,,,,,,,,,,,,,,,,,,,,,,,,,,,,
2025-10-02 20:38:53,,,,867488067684034,3454,HBD,,,,,,,,,,,,,,,,,,,,,,,,,,,,,,,,,,,,,,,,,,,,,,,,,,
2025-10-02 20:40:53,,,,867488067684034,3455,HBD,,,,,,,,,,,,,,,,,,,,,,,,,,,,,,,,,,,,,,,,,,,,,,,,,,
2025-10-02 20:42:54,,,,867488067684034,3456,HBD,,,,,,,,,,,,,,,,,,,,,,,,,,,,,,,,,,,,,,,,,,,,,,,,,,
2025-10-02 20:44:54,,,,867488067684034,3457,HBD,,,,,,,,,,,,,,,,,,,,,,,,,,,,,,,,,,,,,,,,,,,,,,,,,,
2025-10-02 20:46:54,,,,867488067684034,3458,HBD,,,,,,,,,,,,,,,,,,,,,,,,,,,,,,,,,,,,,,,,,,,,,,,,,,
2025-10-02 20:48:55,,,,867488067684034,3459,HBD,,,,,,,,,,,,,,,,,,,,,,,,,,,,,,,,,,,,,,,,,,,,,,,,,,
2025-10-02 20:50:55,,,,867488067684034,3460,HBD,,,,,,,,,,,,,,,,,,,,,,,,,,,,,,,,,,,,,,,,,,,,,,,,,,
2025-10-02 20:52:56,,,,867488067684034,3461,HBD,,,,,,,,,,,,,,,,,,,,,,,,,,,,,,,,,,,,,,,,,,,,,,,,,,
2025-10-02 20:54:56,,,,867488067684034,3462,HBD,,,,,,,,,,,,,,,,,,,,,,,,,,,,,,,,,,,,,,,,,,,,,,,,,,
2025-10-02 20:56:57,,,,867488067684034,3463,HBD,,,,,,,,,,,,,,,,,,,,,,,,,,,,,,,,,,,,,,,,,,,,,,,,,,
2025-10-02 20:58:57,,,,867488067684034,3464,HBD,,,,,,,,,,,,,,,,,,,,,,,,,,,,,,,,,,,,,,,,,,,,,,,,,,
2025-10-02 21:00:58,,,,867488067684034,3465,HBD,,,,,,,,,,,,,,,,,,,,,,,,,,,,,,,,,,,,,,,,,,,,,,,,,,
2025-10-02 21:02:58,,,,867488067684034,3466,HBD,,,,,,,,,,,,,,,,,,,,,,,,,,,,,,,,,,,,,,,,,,,,,,,,,,
2025-10-02 21:04:58,,,,867488067684034,3467,HBD,,,,,,,,,,,,,,,,,,,,,,,,,,,,,,,,,,,,,,,,,,,,,,,,,,
2025-10-02 21:06:59,,,,867488067684034,3468,HBD,,,,,,,,,,,,,,,,,,,,,,,,,,,,,,,,,,,,,,,,,,,,,,,,,,
2025-10-02 21:08:59,,,,867488067684034,3469,HBD,,,,,,,,,,,,,,,,,,,,,,,,,,,,,,,,,,,,,,,,,,,,,,,,,,
2025-10-02 21:11:00,,,,867488067684034,3470,HBD,,,,,,,,,,,,,,,,,,,,,,,,,,,,,,,,,,,,,,,,,,,,,,,,,,
2025-10-02 21:13:00,,,,867488067684034,3471,HBD,,,,,,,,,,,,,,,,,,,,,,,,,,,,,,,,,,,,,,,,,,,,,,,,,,
2025-10-02 21:15:01,,,,867488067684034,3472,HBD,,,,,,,,,,,,,,,,,,,,,,,,,,,,,,,,,,,,,,,,,,,,,,,,,,
2025-10-02 21:17:01,,,,867488067684034,3473,HBD,,,,,,,,,,,,,,,,,,,,,,,,,,,,,,,,,,,,,,,,,,,,,,,,,,
2025-10-02 21:19:02,,,,867488067684034,3474,HBD,,,,,,,,,,,,,,,,,,,,,,,,,,,,,,,,,,,,,,,,,,,,,,,,,,
2025-10-02 21:21:02,,,,867488067684034,3475,HBD,,,,,,,,,,,,,,,,,,,,,,,,,,,,,,,,,,,,,,,,,,,,,,,,,,
2025-10-02 21:23:02,,,,867488067684034,3476,HBD,,,,,,,,,,,,,,,,,,,,,,,,,,,,,,,,,,,,,,,,,,,,,,,,,,
2025-10-02 21:24:03,,,,867488067684034,3477,HBD,,,,,,,,,,,,,,,,,,,,,,,,,,,,,,,,,,,,,,,,,,,,,,,,,,
2025-10-02 21:25:31,2025-10-02 21:25:30,2025-10-02 21:23:36,2025-10-02 21:23:36,867488067684034,3478,GTERI,0x19fe3fbf,0x00028102,802003,0x8303,0x0115,100,25516,0000,-,00,00,11,12,12,-,01,01,0.0,0.0,346,346,1024,1024,-25.047391,-25.047391,-51.540892,-51.540892,0724,0004,85da,0f6ad10a,7.0,146.9,146.9,0:24:48,10:22:43,-,-,0,-,,,,,04,3,00000000,00,10,
2025-10-02 21:26:03,,,,867488067684034,3479,HBD,,,,,,,,,,,,,,,,,,,,,,,,,,,,,,,,,,,,,,,,,,,,,,,,,,
2025-10-02 21:28:03,,,,867488067684034,3480,HBD,,,,,,,,,,,,,,,,,,,,,,,,,,,,,,,,,,,,,,,,,,,,,,,,,,
2025-10-02 21:30:04,,,,867488067684034,3481,HBD,,,,,,,,,,,,,,,,,,,,,,,,,,,,,,,,,,,,,,,,,,,,,,,,,,
2025-10-02 21:32:04,,,,867488067684034,3482,HBD,,,,,,,,,,,,,,,,,,,,,,,,,,,,,,,,,,,,,,,,,,,,,,,,,,
2025-10-02 21:34:05,,,,867488067684034,3483,HBD,,,,,,,,,,,,,,,,,,,,,,,,,,,,,,,,,,,,,,,,,,,,,,,,,,
2025-10-02 21:36:05,,,,867488067684034,3484,HBD,,,,,,,,,,,,,,,,,,,,,,,,,,,,,,,,,,,,,,,,,,,,,,,,,,
2025-10-02 21:38:06,,,,867488067684034,3485,HBD,,,,,,,,,,,,,,,,,,,,,,,,,,,,,,,,,,,,,,,,,,,,,,,,,,
2025-10-02 21:40:06,,,,867488067684034,3486,HBD,,,,,,,,,,,,,,,,,,,,,,,,,,,,,,,,,,,,,,,,,,,,,,,,,,
2025-10-02 21:42:07,,,,867488067684034,3487,HBD,,,,,,,,,,,,,,,,,,,,,,,,,,,,,,,,,,,,,,,,,,,,,,,,,,
2025-10-02 21:44:07,,,,867488067684034,3488,HBD,,,,,,,,,,,,,,,,,,,,,,,,,,,,,,,,,,,,,,,,,,,,,,,,,,
2025-10-02 21:46:07,,,,867488067684034,3489,HBD,,,,,,,,,,,,,,,,,,,,,,,,,,,,,,,,,,,,,,,,,,,,,,,,,,
2025-10-02 21:48:08,,,,867488067684034,3490,HBD,,,,,,,,,,,,,,,,,,,,,,,,,,,,,,,,,,,,,,,,,,,,,,,,,,
2025-10-02 21:50:08,,,,867488067684034,3491,HBD,,,,,,,,,,,,,,,,,,,,,,,,,,,,,,,,,,,,,,,,,,,,,,,,,,
2025-10-02 21:52:09,,,,867488067684034,3492,HBD,,,,,,,,,,,,,,,,,,,,,,,,,,,,,,,,,,,,,,,,,,,,,,,,,,
2025-10-02 21:54:09,,,,867488067684034,3493,HBD,,,,,,,,,,,,,,,,,,,,,,,,,,,,,,,,,,,,,,,,,,,,,,,,,,
2025-10-02 21:56:10,,,,867488067684034,3494,HBD,,,,,,,,,,,,,,,,,,,,,,,,,,,,,,,,,,,,,,,,,,,,,,,,,,
2025-10-02 21:58:10,,,,867488067684034,3495,HBD,,,,,,,,,,,,,,,,,,,,,,,,,,,,,,,,,,,,,,,,,,,,,,,,,,
2025-10-02 22:00:11,,,,867488067684034,3496,HBD,,,,,,,,,,,,,,,,,,,,,,,,,,,,,,,,,,,,,,,,,,,,,,,,,,
2025-10-02 22:02:11,,,,867488067684034,3497,HBD,,,,,,,,,,,,,,,,,,,,,,,,,,,,,,,,,,,,,,,,,,,,,,,,,,
2025-10-02 22:04:11,,,,867488067684034,3498,HBD,,,,,,,,,,,,,,,,,,,,,,,,,,,,,,,,,,,,,,,,,,,,,,,,,,
2025-10-02 22:06:12,,,,867488067684034,3499,HBD,,,,,,,,,,,,,,,,,,,,,,,,,,,,,,,,,,,,,,,,,,,,,,,,,,
2025-10-02 22:08:12,,,,867488067684034,3500,HBD,,,,,,,,,,,,,,,,,,,,,,,,,,,,,,,,,,,,,,,,,,,,,,,,,,
2025-10-02 22:10:13,,,,867488067684034,3501,HBD,,,,,,,,,,,,,,,,,,,,,,,,,,,,,,,,,,,,,,,,,,,,,,,,,,
2025-10-02 22:12:13,,,,867488067684034,3502,HBD,,,,,,,,,,,,,,,,,,,,,,,,,,,,,,,,,,,,,,,,,,,,,,,,,,
2025-10-02 22:14:13,,,,867488067684034,3503,HBD,,,,,,,,,,,,,,,,,,,,,,,,,,,,,,,,,,,,,,,,,,,,,,,,,,
2025-10-02 22:16:34,,,,867488067684034,3504,HBD,,,,,,,,,,,,,,,,,,,,,,,,,,,,,,,,,,,,,,,,,,,,,,,,,,
2025-10-02 22:18:14,,,,867488067684034,3505,HBD,,,,,,,,,,,,,,,,,,,,,,,,,,,,,,,,,,,,,,,,,,,,,,,,,,
2025-10-02 22:20:15,,,,867488067684034,3506,HBD,,,,,,,,,,,,,,,,,,,,,,,,,,,,,,,,,,,,,,,,,,,,,,,,,,
2025-10-02 22:22:15,,,,867488067684034,3507,HBD,,,,,,,,,,,,,,,,,,,,,,,,,,,,,,,,,,,,,,,,,,,,,,,,,,
2025-10-02 22:24:16,,,,867488067684034,3508,HBD,,,,,,,,,,,,,,,,,,,,,,,,,,,,,,,,,,,,,,,,,,,,,,,,,,
2025-10-02 22:25:31,2025-10-02 22:25:30,2025-10-02 22:23:05,2025-10-02 22:23:05,867488067684034,3509,GTERI,0x19fe3fbf,0x00028102,802003,0x8303,0x0115,100,25428,0000,-,00,00,11,11,11,-,01,01,0.0,0.0,346,346,1024,1024,-25.047391,-25.047391,-51.540892,-51.540892,0724,0004,85da,0f6ad10a,7.0,146.9,146.9,0:24:48,10:22:43,-,-,0,-,,,,,04,3,00000000,00,10,
2025-10-02 22:26:16,,,,867488067684034,3510,HBD,,,,,,,,,,,,,,,,,,,,,,,,,,,,,,,,,,,,,,,,,,,,,,,,,,
2025-10-02 22:28:17,,,,867488067684034,3511,HBD,,,,,,,,,,,,,,,,,,,,,,,,,,,,,,,,,,,,,,,,,,,,,,,,,,
2025-10-02 22:30:17,,,,867488067684034,3512,HBD,,,,,,,,,,,,,,,,,,,,,,,,,,,,,,,,,,,,,,,,,,,,,,,,,,
2025-10-02 22:32:17,,,,867488067684034,3513,HBD,,,,,,,,,,,,,,,,,,,,,,,,,,,,,,,,,,,,,,,,,,,,,,,,,,
2025-10-02 22:34:18,,,,867488067684034,3514,HBD,,,,,,,,,,,,,,,,,,,,,,,,,,,,,,,,,,,,,,,,,,,,,,,,,,
2025-10-02 22:36:18,,,,867488067684034,3515,HBD,,,,,,,,,,,,,,,,,,,,,,,,,,,,,,,,,,,,,,,,,,,,,,,,,,
2025-10-02 22:38:19,,,,867488067684034,3516,HBD,,,,,,,,,,,,,,,,,,,,,,,,,,,,,,,,,,,,,,,,,,,,,,,,,,
2025-10-02 22:40:19,,,,867488067684034,3517,HBD,,,,,,,,,,,,,,,,,,,,,,,,,,,,,,,,,,,,,,,,,,,,,,,,,,
2025-10-02 22:42:20,,,,867488067684034,3518,HBD,,,,,,,,,,,,,,,,,,,,,,,,,,,,,,,,,,,,,,,,,,,,,,,,,,
2025-10-02 22:44:20,,,,867488067684034,3519,HBD,,,,,,,,,,,,,,,,,,,,,,,,,,,,,,,,,,,,,,,,,,,,,,,,,,
2025-10-02 22:46:20,,,,867488067684034,3520,HBD,,,,,,,,,,,,,,,,,,,,,,,,,,,,,,,,,,,,,,,,,,,,,,,,,,
2025-10-02 22:48:21,,,,867488067684034,3521,HBD,,,,,,,,,,,,,,,,,,,,,,,,,,,,,,,,,,,,,,,,,,,,,,,,,,
2025-10-02 22:50:21,,,,867488067684034,3522,HBD,,,,,,,,,,,,,,,,,,,,,,,,,,,,,,,,,,,,,,,,,,,,,,,,,,
2025-10-02 22:52:22,,,,867488067684034,3523,HBD,,,,,,,,,,,,,,,,,,,,,,,,,,,,,,,,,,,,,,,,,,,,,,,,,,
2025-10-02 22:54:22,,,,867488067684034,3524,HBD,,,,,,,,,,,,,,,,,,,,,,,,,,,,,,,,,,,,,,,,,,,,,,,,,,
2025-10-02 22:56:23,,,,867488067684034,3525,HBD,,,,,,,,,,,,,,,,,,,,,,,,,,,,,,,,,,,,,,,,,,,,,,,,,,
2025-10-02 22:58:23,,,,867488067684034,3526,HBD,,,,,,,,,,,,,,,,,,,,,,,,,,,,,,,,,,,,,,,,,,,,,,,,,,
2025-10-02 23:00:24,,,,867488067684034,3527,HBD,,,,,,,,,,,,,,,,,,,,,,,,,,,,,,,,,,,,,,,,,,,,,,,,,,
2025-10-02 23:02:24,,,,867488067684034,3528,HBD,,,,,,,,,,,,,,,,,,,,,,,,,,,,,,,,,,,,,,,,,,,,,,,,,,
2025-10-02 23:04:24,,,,867488067684034,3529,HBD,,,,,,,,,,,,,,,,,,,,,,,,,,,,,,,,,,,,,,,,,,,,,,,,,,
2025-10-02 23:06:25,,,,867488067684034,3530,HBD,,,,,,,,,,,,,,,,,,,,,,,,,,,,,,,,,,,,,,,,,,,,,,,,,,
2025-10-02 23:08:25,,,,867488067684034,3531,HBD,,,,,,,,,,,,,,,,,,,,,,,,,,,,,,,,,,,,,,,,,,,,,,,,,,
2025-10-02 23:10:26,,,,867488067684034,3532,HBD,,,,,,,,,,,,,,,,,,,,,,,,,,,,,,,,,,,,,,,,,,,,,,,,,,
2025-10-02 23:12:26,,,,867488067684034,3533,HBD,,,,,,,,,,,,,,,,,,,,,,,,,,,,,,,,,,,,,,,,,,,,,,,,,,
2025-10-02 23:14:27,,,,867488067684034,3534,HBD,,,,,,,,,,,,,,,,,,,,,,,,,,,,,,,,,,,,,,,,,,,,,,,,,,
2025-10-02 23:16:27,,,,867488067684034,3535,HBD,,,,,,,,,,,,,,,,,,,,,,,,,,,,,,,,,,,,,,,,,,,,,,,,,,
2025-10-02 23:18:27,,,,867488067684034,3536,HBD,,,,,,,,,,,,,,,,,,,,,,,,,,,,,,,,,,,,,,,,,,,,,,,,,,
2025-10-02 23:20:28,,,,867488067684034,3537,HBD,,,,,,,,,,,,,,,,,,,,,,,,,,,,,,,,,,,,,,,,,,,,,,,,,,
2025-10-02 23:22:28,,,,867488067684034,3538,HBD,,,,,,,,,,,,,,,,,,,,,,,,,,,,,,,,,,,,,,,,,,,,,,,,,,
2025-10-02 23:24:29,,,,867488067684034,3539,HBD,,,,,,,,,,,,,,,,,,,,,,,,,,,,,,,,,,,,,,,,,,,,,,,,,,
2025-10-02 23:25:31,2025-10-02 23:25:30,2025-10-02 23:23:05,2025-10-02 23:23:05,867488067684034,3540,GTERI,0x19fe3fbf,0x00028102,802003,0x8303,0x0115,100,25384,0000,-,00,00,11,11,11,-,01,01,0.0,0.0,346,346,1024,1024,-25.047391,-25.047391,-51.540892,-51.540892,0724,0004,85da,0f6ad116,7.0,146.9,146.9,0:24:48,10:22:43,-,-,0,-,,,,,04,1,00000000,00,10,
2025-10-02 23:26:29,,,,867488067684034,3541,HBD,,,,,,,,,,,,,,,,,,,,,,,,,,,,,,,,,,,,,,,,,,,,,,,,,,
2025-10-02 23:28:30,,,,867488067684034,3542,HBD,,,,,,,,,,,,,,,,,,,,,,,,,,,,,,,,,,,,,,,,,,,,,,,,,,
2025-10-02 23:30:30,,,,867488067684034,3543,HBD,,,,,,,,,,,,,,,,,,,,,,,,,,,,,,,,,,,,,,,,,,,,,,,,,,
2025-10-02 23:32:31,,,,867488067684034,3544,HBD,,,,,,,,,,,,,,,,,,,,,,,,,,,,,,,,,,,,,,,,,,,,,,,,,,
2025-10-02 23:34:31,,,,867488067684034,3545,HBD,,,,,,,,,,,,,,,,,,,,,,,,,,,,,,,,,,,,,,,,,,,,,,,,,,
2025-10-02 23:36:31,,,,867488067684034,3546,HBD,,,,,,,,,,,,,,,,,,,,,,,,,,,,,,,,,,,,,,,,,,,,,,,,,,
2025-10-02 23:38:32,,,,867488067684034,3547,HBD,,,,,,,,,,,,,,,,,,,,,,,,,,,,,,,,,,,,,,,,,,,,,,,,,,
2025-10-02 23:40:32,,,,867488067684034,3548,HBD,,,,,,,,,,,,,,,,,,,,,,,,,,,,,,,,,,,,,,,,,,,,,,,,,,
2025-10-02 23:42:33,,,,867488067684034,3549,HBD,,,,,,,,,,,,,,,,,,,,,,,,,,,,,,,,,,,,,,,,,,,,,,,,,,
2025-10-02 23:44:33,,,,867488067684034,3550,HBD,,,,,,,,,,,,,,,,,,,,,,,,,,,,,,,,,,,,,,,,,,,,,,,,,,
2025-10-02 23:46:34,,,,867488067684034,3551,HBD,,,,,,,,,,,,,,,,,,,,,,,,,,,,,,,,,,,,,,,,,,,,,,,,,,
2025-10-02 23:48:34,,,,867488067684034,3552,HBD,,,,,,,,,,,,,,,,,,,,,,,,,,,,,,,,,,,,,,,,,,,,,,,,,,
2025-10-02 23:50:35,,,,867488067684034,3553,HBD,,,,,,,,,,,,,,,,,,,,,,,,,,,,,,,,,,,,,,,,,,,,,,,,,,
2025-10-02 23:52:35,,,,867488067684034,3554,HBD,,,,,,,,,,,,,,,,,,,,,,,,,,,,,,,,,,,,,,,,,,,,,,,,,,
2025-10-02 23:54:35,,,,867488067684034,3555,HBD,,,,,,,,,,,,,,,,,,,,,,,,,,,,,,,,,,,,,,,,,,,,,,,,,,
2025-10-02 23:56:36,,,,867488067684034,3556,HBD,,,,,,,,,,,,,,,,,,,,,,,,,,,,,,,,,,,,,,,,,,,,,,,,,,
2025-10-02 23:58:36,,,,867488067684034,3557,HBD,,,,,,,,,,,,,,,,,,,,,,,,,,,,,,,,,,,,,,,,,,,,,,,,,,
2025-10-03 00:00:37,,,,867488067684034,3558,HBD,,,,,,,,,,,,,,,,,,,,,,,,,,,,,,,,,,,,,,,,,,,,,,,,,,
2025-10-03 00:02:37,,,,867488067684034,3559,HBD,,,,,,,,,,,,,,,,,,,,,,,,,,,,,,,,,,,,,,,,,,,,,,,,,,
2025-10-03 00:04:38,,,,867488067684034,3560,HBD,,,,,,,,,,,,,,,,,,,,,,,,,,,,,,,,,,,,,,,,,,,,,,,,,,
2025-10-03 00:06:38,,,,867488067684034,3561,HBD,,,,,,,,,,,,,,,,,,,,,,,,,,,,,,,,,,,,,,,,,,,,,,,,,,
2025-10-03 00:08:38,,,,867488067684034,3562,HBD,,,,,,,,,,,,,,,,,,,,,,,,,,,,,,,,,,,,,,,,,,,,,,,,,,
2025-10-03 00:10:39,,,,867488067684034,3563,HBD,,,,,,,,,,,,,,,,,,,,,,,,,,,,,,,,,,,,,,,,,,,,,,,,,,
2025-10-03 00:12:39,,,,867488067684034,3564,HBD,,,,,,,,,,,,,,,,,,,,,,,,,,,,,,,,,,,,,,,,,,,,,,,,,,
2025-10-03 00:14:40,,,,867488067684034,3565,HBD,,,,,,,,,,,,,,,,,,,,,,,,,,,,,,,,,,,,,,,,,,,,,,,,,,
2025-10-03 00:16:40,,,,867488067684034,3566,HBD,,,,,,,,,,,,,,,,,,,,,,,,,,,,,,,,,,,,,,,,,,,,,,,,,,
2025-10-03 00:18:41,,,,867488067684034,3567,HBD,,,,,,,,,,,,,,,,,,,,,,,,,,,,,,,,,,,,,,,,,,,,,,,,,,
2025-10-03 00:20:41,,,,867488067684034,3568,HBD,,,,,,,,,,,,,,,,,,,,,,,,,,,,,,,,,,,,,,,,,,,,,,,,,,
2025-10-03 00:22:41,,,,867488067684034,3569,HBD,,,,,,,,,,,,,,,,,,,,,,,,,,,,,,,,,,,,,,,,,,,,,,,,,,
2025-10-03 00:24:42,,,,867488067684034,3570,HBD,,,,,,,,,,,,,,,,,,,,,,,,,,,,,,,,,,,,,,,,,,,,,,,,,,
2025-10-03 00:25:31,2025-10-03 00:25:30,2025-10-03 00:23:15,2025-10-03 00:23:15,867488067684034,3571,GTERI,0x19fe3fbf,0x00028102,802003,0x8303,0x0115,100,25404,0000,-,00,00,11,3,3,-,01,01,0.0,0.0,346,346,1024,1024,-25.047391,-25.047391,-51.540892,-51.540892,0724,0004,85da,0f6ad116,7.0,146.9,146.9,0:24:48,10:22:43,-,-,0,-,,,,,04,1,00000000,00,10,
2025-10-03 00:26:42,,,,867488067684034,3572,HBD,,,,,,,,,,,,,,,,,,,,,,,,,,,,,,,,,,,,,,,,,,,,,,,,,,
2025-10-03 00:28:43,,,,867488067684034,3573,HBD,,,,,,,,,,,,,,,,,,,,,,,,,,,,,,,,,,,,,,,,,,,,,,,,,,
2025-10-03 00:30:43,,,,867488067684034,3574,HBD,,,,,,,,,,,,,,,,,,,,,,,,,,,,,,,,,,,,,,,,,,,,,,,,,,
2025-10-03 00:32:44,,,,867488067684034,3575,HBD,,,,,,,,,,,,,,,,,,,,,,,,,,,,,,,,,,,,,,,,,,,,,,,,,,
2025-10-03 00:34:44,,,,867488067684034,3576,HBD,,,,,,,,,,,,,,,,,,,,,,,,,,,,,,,,,,,,,,,,,,,,,,,,,,
2025-10-03 00:36:45,,,,867488067684034,3577,HBD,,,,,,,,,,,,,,,,,,,,,,,,,,,,,,,,,,,,,,,,,,,,,,,,,,
2025-10-03 00:38:45,,,,867488067684034,3578,HBD,,,,,,,,,,,,,,,,,,,,,,,,,,,,,,,,,,,,,,,,,,,,,,,,,,
2025-10-03 00:40:46,,,,867488067684034,3579,HBD,,,,,,,,,,,,,,,,,,,,,,,,,,,,,,,,,,,,,,,,,,,,,,,,,,
2025-10-03 00:42:46,,,,867488067684034,3580,HBD,,,,,,,,,,,,,,,,,,,,,,,,,,,,,,,,,,,,,,,,,,,,,,,,,,
2025-10-03 00:44:46,,,,867488067684034,3581,HBD,,,,,,,,,,,,,,,,,,,,,,,,,,,,,,,,,,,,,,,,,,,,,,,,,,
2025-10-03 00:46:47,,,,867488067684034,3582,HBD,,,,,,,,,,,,,,,,,,,,,,,,,,,,,,,,,,,,,,,,,,,,,,,,,,
2025-10-03 00:48:47,,,,867488067684034,3583,HBD,,,,,,,,,,,,,,,,,,,,,,,,,,,,,,,,,,,,,,,,,,,,,,,,,,
2025-10-03 00:50:48,,,,867488067684034,3584,HBD,,,,,,,,,,,,,,,,,,,,,,,,,,,,,,,,,,,,,,,,,,,,,,,,,,
2025-10-03 00:52:48,,,,867488067684034,3585,HBD,,,,,,,,,,,,,,,,,,,,,,,,,,,,,,,,,,,,,,,,,,,,,,,,,,
2025-10-03 00:54:49,,,,867488067684034,3586,HBD,,,,,,,,,,,,,,,,,,,,,,,,,,,,,,,,,,,,,,,,,,,,,,,,,,
2025-10-03 00:56:49,,,,867488067684034,3587,HBD,,,,,,,,,,,,,,,,,,,,,,,,,,,,,,,,,,,,,,,,,,,,,,,,,,
2025-10-03 00:58:49,,,,867488067684034,3588,HBD,,,,,,,,,,,,,,,,,,,,,,,,,,,,,,,,,,,,,,,,,,,,,,,,,,
2025-10-03 01:00:50,,,,867488067684034,3589,HBD,,,,,,,,,,,,,,,,,,,,,,,,,,,,,,,,,,,,,,,,,,,,,,,,,,
2025-10-03 01:02:50,,,,867488067684034,3590,HBD,,,,,,,,,,,,,,,,,,,,,,,,,,,,,,,,,,,,,,,,,,,,,,,,,,
2025-10-03 01:04:51,,,,867488067684034,3591,HBD,,,,,,,,,,,,,,,,,,,,,,,,,,,,,,,,,,,,,,,,,,,,,,,,,,
2025-10-03 01:06:51,,,,867488067684034,3592,HBD,,,,,,,,,,,,,,,,,,,,,,,,,,,,,,,,,,,,,,,,,,,,,,,,,,
2025-10-03 01:08:52,,,,867488067684034,3593,HBD,,,,,,,,,,,,,,,,,,,,,,,,,,,,,,,,,,,,,,,,,,,,,,,,,,
2025-10-03 01:10:52,,,,867488067684034,3594,HBD,,,,,,,,,,,,,,,,,,,,,,,,,,,,,,,,,,,,,,,,,,,,,,,,,,
2025-10-03 01:12:53,,,,867488067684034,3595,HBD,,,,,,,,,,,,,,,,,,,,,,,,,,,,,,,,,,,,,,,,,,,,,,,,,,
2025-10-03 01:14:53,,,,867488067684034,3596,HBD,,,,,,,,,,,,,,,,,,,,,,,,,,,,,,,,,,,,,,,,,,,,,,,,,,
2025-10-03 01:16:54,,,,867488067684034,3597,HBD,,,,,,,,,,,,,,,,,,,,,,,,,,,,,,,,,,,,,,,,,,,,,,,,,,
2025-10-03 01:18:54,,,,867488067684034,3598,HBD,,,,,,,,,,,,,,,,,,,,,,,,,,,,,,,,,,,,,,,,,,,,,,,,,,
2025-10-03 01:20:54,,,,867488067684034,3599,HBD,,,,,,,,,,,,,,,,,,,,,,,,,,,,,,,,,,,,,,,,,,,,,,,,,,
2025-10-03 01:22:55,,,,867488067684034,3600,HBD,,,,,,,,,,,,,,,,,,,,,,,,,,,,,,,,,,,,,,,,,,,,,,,,,,
2025-10-03 01:24:55,,,,867488067684034,3601,HBD,,,,,,,,,,,,,,,,,,,,,,,,,,,,,,,,,,,,,,,,,,,,,,,,,,
2025-10-03 01:25:31,2025-10-03 01:25:30,2025-10-03 01:23:36,2025-10-03 01:23:36,867488067684034,3602,GTERI,0x19fe3fbf,0x00028102,802003,0x8303,0x0115,100,25328,0000,-,00,00,11,11,11,-,01,01,0.0,0.0,346,346,1024,1024,-25.047391,-25.047391,-51.540892,-51.540892,0724,0004,85da,0f6ad116,7.0,146.9,146.9,0:24:48,10:22:43,-,-,0,-,,,,,04,1,00000000,00,10,
2025-10-03 01:26:56,,,,867488067684034,3603,HBD,,,,,,,,,,,,,,,,,,,,,,,,,,,,,,,,,,,,,,,,,,,,,,,,,,
2025-10-03 01:28:56,,,,867488067684034,3604,HBD,,,,,,,,,,,,,,,,,,,,,,,,,,,,,,,,,,,,,,,,,,,,,,,,,,
2025-10-03 01:30:57,,,,867488067684034,3605,HBD,,,,,,,,,,,,,,,,,,,,,,,,,,,,,,,,,,,,,,,,,,,,,,,,,,
2025-10-03 01:32:57,,,,867488067684034,3606,HBD,,,,,,,,,,,,,,,,,,,,,,,,,,,,,,,,,,,,,,,,,,,,,,,,,,
2025-10-03 01:34:58,,,,867488067684034,3607,HBD,,,,,,,,,,,,,,,,,,,,,,,,,,,,,,,,,,,,,,,,,,,,,,,,,,
2025-10-03 01:36:58,,,,867488067684034,3608,HBD,,,,,,,,,,,,,,,,,,,,,,,,,,,,,,,,,,,,,,,,,,,,,,,,,,
2025-10-03 01:38:58,,,,867488067684034,3609,HBD,,,,,,,,,,,,,,,,,,,,,,,,,,,,,,,,,,,,,,,,,,,,,,,,,,
2025-10-03 01:40:59,,,,867488067684034,3610,HBD,,,,,,,,,,,,,,,,,,,,,,,,,,,,,,,,,,,,,,,,,,,,,,,,,,
2025-10-03 01:42:59,,,,867488067684034,3611,HBD,,,,,,,,,,,,,,,,,,,,,,,,,,,,,,,,,,,,,,,,,,,,,,,,,,
2025-10-03 01:45:00,,,,867488067684034,3612,HBD,,,,,,,,,,,,,,,,,,,,,,,,,,,,,,,,,,,,,,,,,,,,,,,,,,
2025-10-03 01:47:00,,,,867488067684034,3613,HBD,,,,,,,,,,,,,,,,,,,,,,,,,,,,,,,,,,,,,,,,,,,,,,,,,,
2025-10-03 01:49:01,,,,867488067684034,3614,HBD,,,,,,,,,,,,,,,,,,,,,,,,,,,,,,,,,,,,,,,,,,,,,,,,,,
2025-10-03 01:51:01,,,,867488067684034,3615,HBD,,,,,,,,,,,,,,,,,,,,,,,,,,,,,,,,,,,,,,,,,,,,,,,,,,
2025-10-03 01:53:02,,,,867488067684034,3616,HBD,,,,,,,,,,,,,,,,,,,,,,,,,,,,,,,,,,,,,,,,,,,,,,,,,,
2025-10-03 01:55:02,,,,867488067684034,3617,HBD,,,,,,,,,,,,,,,,,,,,,,,,,,,,,,,,,,,,,,,,,,,,,,,,,,
2025-10-03 01:57:03,,,,867488067684034,3618,HBD,,,,,,,,,,,,,,,,,,,,,,,,,,,,,,,,,,,,,,,,,,,,,,,,,,
2025-10-03 01:58:03,,,,867488067684034,3619,HBD,,,,,,,,,,,,,,,,,,,,,,,,,,,,,,,,,,,,,,,,,,,,,,,,,,
2025-10-03 02:00:03,,,,867488067684034,3620,HBD,,,,,,,,,,,,,,,,,,,,,,,,,,,,,,,,,,,,,,,,,,,,,,,,,,
2025-10-03 02:02:04,,,,867488067684034,3621,HBD,,,,,,,,,,,,,,,,,,,,,,,,,,,,,,,,,,,,,,,,,,,,,,,,,,
2025-10-03 02:04:04,,,,867488067684034,3622,HBD,,,,,,,,,,,,,,,,,,,,,,,,,,,,,,,,,,,,,,,,,,,,,,,,,,
2025-10-03 02:06:05,,,,867488067684034,3623,HBD,,,,,,,,,,,,,,,,,,,,,,,,,,,,,,,,,,,,,,,,,,,,,,,,,,
2025-10-03 02:08:05,,,,867488067684034,3624,HBD,,,,,,,,,,,,,,,,,,,,,,,,,,,,,,,,,,,,,,,,,,,,,,,,,,
2025-10-03 02:10:05,,,,867488067684034,3625,HBD,,,,,,,,,,,,,,,,,,,,,,,,,,,,,,,,,,,,,,,,,,,,,,,,,,
2025-10-03 02:12:06,,,,867488067684034,3626,HBD,,,,,,,,,,,,,,,,,,,,,,,,,,,,,,,,,,,,,,,,,,,,,,,,,,
2025-10-03 02:14:06,,,,867488067684034,3627,HBD,,,,,,,,,,,,,,,,,,,,,,,,,,,,,,,,,,,,,,,,,,,,,,,,,,
2025-10-03 02:16:07,,,,867488067684034,3628,HBD,,,,,,,,,,,,,,,,,,,,,,,,,,,,,,,,,,,,,,,,,,,,,,,,,,
2025-10-03 02:18:07,,,,867488067684034,3629,HBD,,,,,,,,,,,,,,,,,,,,,,,,,,,,,,,,,,,,,,,,,,,,,,,,,,
2025-10-03 02:20:08,,,,867488067684034,3630,HBD,,,,,,,,,,,,,,,,,,,,,,,,,,,,,,,,,,,,,,,,,,,,,,,,,,
2025-10-03 02:22:08,,,,867488067684034,3631,HBD,,,,,,,,,,,,,,,,,,,,,,,,,,,,,,,,,,,,,,,,,,,,,,,,,,
2025-10-03 02:24:09,,,,867488067684034,3632,HBD,,,,,,,,,,,,,,,,,,,,,,,,,,,,,,,,,,,,,,,,,,,,,,,,,,
2025-10-03 02:25:31,2025-10-03 02:25:30,2025-10-03 02:23:04,2025-10-03 02:23:04,867488067684034,3633,GTERI,0x19fe3fbf,0x00028102,802003,0x8303,0x0115,100,25339,0000,-,00,00,11,10,10,-,01,01,0.0,0.0,346,346,1024,1024,-25.047391,-25.047391,-51.540892,-51.540892,0724,0004,85da,0f6ad116,7.0,146.9,146.9,0:24:48,10:22:43,-,-,0,-,,,,,04,1,00000000,00,10,
2025-10-03 02:26:09,,,,867488067684034,3634,HBD,,,,,,,,,,,,,,,,,,,,,,,,,,,,,,,,,,,,,,,,,,,,,,,,,,
2025-10-03 02:28:09,,,,867488067684034,3635,HBD,,,,,,,,,,,,,,,,,,,,,,,,,,,,,,,,,,,,,,,,,,,,,,,,,,
2025-10-03 02:30:10,,,,867488067684034,3636,HBD,,,,,,,,,,,,,,,,,,,,,,,,,,,,,,,,,,,,,,,,,,,,,,,,,,
2025-10-03 02:32:10,,,,867488067684034,3637,HBD,,,,,,,,,,,,,,,,,,,,,,,,,,,,,,,,,,,,,,,,,,,,,,,,,,
2025-10-03 02:34:11,,,,867488067684034,3638,HBD,,,,,,,,,,,,,,,,,,,,,,,,,,,,,,,,,,,,,,,,,,,,,,,,,,
2025-10-03 02:36:11,,,,867488067684034,3639,HBD,,,,,,,,,,,,,,,,,,,,,,,,,,,,,,,,,,,,,,,,,,,,,,,,,,
2025-10-03 02:38:12,,,,867488067684034,3640,HBD,,,,,,,,,,,,,,,,,,,,,,,,,,,,,,,,,,,,,,,,,,,,,,,,,,
2025-10-03 02:40:12,,,,867488067684034,3641,HBD,,,,,,,,,,,,,,,,,,,,,,,,,,,,,,,,,,,,,,,,,,,,,,,,,,
2025-10-03 02:42:12,,,,867488067684034,3642,HBD,,,,,,,,,,,,,,,,,,,,,,,,,,,,,,,,,,,,,,,,,,,,,,,,,,
2025-10-03 02:44:13,,,,867488067684034,3643,HBD,,,,,,,,,,,,,,,,,,,,,,,,,,,,,,,,,,,,,,,,,,,,,,,,,,
2025-10-03 02:46:13,,,,867488067684034,3644,HBD,,,,,,,,,,,,,,,,,,,,,,,,,,,,,,,,,,,,,,,,,,,,,,,,,,
2025-10-03 02:48:14,,,,867488067684034,3645,HBD,,,,,,,,,,,,,,,,,,,,,,,,,,,,,,,,,,,,,,,,,,,,,,,,,,
2025-10-03 02:50:14,,,,867488067684034,3646,HBD,,,,,,,,,,,,,,,,,,,,,,,,,,,,,,,,,,,,,,,,,,,,,,,,,,
2025-10-03 02:52:15,,,,867488067684034,3647,HBD,,,,,,,,,,,,,,,,,,,,,,,,,,,,,,,,,,,,,,,,,,,,,,,,,,
2025-10-03 02:54:15,,,,867488067684034,3648,HBD,,,,,,,,,,,,,,,,,,,,,,,,,,,,,,,,,,,,,,,,,,,,,,,,,,
2025-10-03 02:56:16,,,,867488067684034,3649,HBD,,,,,,,,,,,,,,,,,,,,,,,,,,,,,,,,,,,,,,,,,,,,,,,,,,
2025-10-03 02:58:16,,,,867488067684034,3650,HBD,,,,,,,,,,,,,,,,,,,,,,,,,,,,,,,,,,,,,,,,,,,,,,,,,,
2025-10-03 03:00:16,,,,867488067684034,3651,HBD,,,,,,,,,,,,,,,,,,,,,,,,,,,,,,,,,,,,,,,,,,,,,,,,,,
2025-10-03 03:02:17,,,,867488067684034,3652,HBD,,,,,,,,,,,,,,,,,,,,,,,,,,,,,,,,,,,,,,,,,,,,,,,,,,
2025-10-03 03:04:17,,,,867488067684034,3653,HBD,,,,,,,,,,,,,,,,,,,,,,,,,,,,,,,,,,,,,,,,,,,,,,,,,,
2025-10-03 03:06:18,,,,867488067684034,3654,HBD,,,,,,,,,,,,,,,,,,,,,,,,,,,,,,,,,,,,,,,,,,,,,,,,,,
2025-10-03 03:08:18,,,,867488067684034,3655,HBD,,,,,,,,,,,,,,,,,,,,,,,,,,,,,,,,,,,,,,,,,,,,,,,,,,
2025-10-03 03:10:19,,,,867488067684034,3656,HBD,,,,,,,,,,,,,,,,,,,,,,,,,,,,,,,,,,,,,,,,,,,,,,,,,,
2025-10-03 03:12:19,,,,867488067684034,3657,HBD,,,,,,,,,,,,,,,,,,,,,,,,,,,,,,,,,,,,,,,,,,,,,,,,,,
2025-10-03 03:14:20,,,,867488067684034,3658,HBD,,,,,,,,,,,,,,,,,,,,,,,,,,,,,,,,,,,,,,,,,,,,,,,,,,
2025-10-03 03:16:20,,,,867488067684034,3659,HBD,,,,,,,,,,,,,,,,,,,,,,,,,,,,,,,,,,,,,,,,,,,,,,,,,,
2025-10-03 03:18:21,,,,867488067684034,3660,HBD,,,,,,,,,,,,,,,,,,,,,,,,,,,,,,,,,,,,,,,,,,,,,,,,,,
2025-10-03 03:20:21,,,,867488067684034,3661,HBD,,,,,,,,,,,,,,,,,,,,,,,,,,,,,,,,,,,,,,,,,,,,,,,,,,
2025-10-03 03:22:22,,,,867488067684034,3662,HBD,,,,,,,,,,,,,,,,,,,,,,,,,,,,,,,,,,,,,,,,,,,,,,,,,,
2025-10-03 03:24:22,,,,867488067684034,3663,HBD,,,,,,,,,,,,,,,,,,,,,,,,,,,,,,,,,,,,,,,,,,,,,,,,,,
2025-10-03 03:25:31,2025-10-03 03:25:33,2025-10-03 03:23:06,2025-10-03 03:23:06,867488067684034,3664,GTERI,0x19fe3fbf,0x00028102,802003,0x8303,0x0115,100,25333,0000,-,00,00,11,7,7,-,01,01,0.0,0.0,346,346,1024,1024,-25.047391,-25.047391,-51.540892,-51.540892,0724,0004,85da,0f6ad116,7.0,146.9,146.9,0:24:48,10:22:43,-,-,0,-,,,,,04,1,00000000,00,10,
2025-10-03 03:26:22,,,,867488067684034,3665,HBD,,,,,,,,,,,,,,,,,,,,,,,,,,,,,,,,,,,,,,,,,,,,,,,,,,
2025-10-03 03:28:23,,,,867488067684034,3666,HBD,,,,,,,,,,,,,,,,,,,,,,,,,,,,,,,,,,,,,,,,,,,,,,,,,,
2025-10-03 03:30:23,,,,867488067684034,3667,HBD,,,,,,,,,,,,,,,,,,,,,,,,,,,,,,,,,,,,,,,,,,,,,,,,,,
2025-10-03 03:32:24,,,,867488067684034,3668,HBD,,,,,,,,,,,,,,,,,,,,,,,,,,,,,,,,,,,,,,,,,,,,,,,,,,
2025-10-03 03:34:24,,,,867488067684034,3669,HBD,,,,,,,,,,,,,,,,,,,,,,,,,,,,,,,,,,,,,,,,,,,,,,,,,,
2025-10-03 03:36:25,,,,867488067684034,3670,HBD,,,,,,,,,,,,,,,,,,,,,,,,,,,,,,,,,,,,,,,,,,,,,,,,,,
2025-10-03 03:38:25,,,,867488067684034,3671,HBD,,,,,,,,,,,,,,,,,,,,,,,,,,,,,,,,,,,,,,,,,,,,,,,,,,
2025-10-03 03:40:25,,,,867488067684034,3672,HBD,,,,,,,,,,,,,,,,,,,,,,,,,,,,,,,,,,,,,,,,,,,,,,,,,,
2025-10-03 03:42:26,,,,867488067684034,3673,HBD,,,,,,,,,,,,,,,,,,,,,,,,,,,,,,,,,,,,,,,,,,,,,,,,,,
2025-10-03 03:44:26,,,,867488067684034,3674,HBD,,,,,,,,,,,,,,,,,,,,,,,,,,,,,,,,,,,,,,,,,,,,,,,,,,
2025-10-03 03:46:27,,,,867488067684034,3675,HBD,,,,,,,,,,,,,,,,,,,,,,,,,,,,,,,,,,,,,,,,,,,,,,,,,,
2025-10-03 03:48:27,,,,867488067684034,3676,HBD,,,,,,,,,,,,,,,,,,,,,,,,,,,,,,,,,,,,,,,,,,,,,,,,,,
2025-10-03 03:50:28,,,,867488067684034,3677,HBD,,,,,,,,,,,,,,,,,,,,,,,,,,,,,,,,,,,,,,,,,,,,,,,,,,
2025-10-03 03:52:28,,,,867488067684034,3678,HBD,,,,,,,,,,,,,,,,,,,,,,,,,,,,,,,,,,,,,,,,,,,,,,,,,,
2025-10-03 03:54:29,,,,867488067684034,3679,HBD,,,,,,,,,,,,,,,,,,,,,,,,,,,,,,,,,,,,,,,,,,,,,,,,,,
2025-10-03 03:56:29,,,,867488067684034,3680,HBD,,,,,,,,,,,,,,,,,,,,,,,,,,,,,,,,,,,,,,,,,,,,,,,,,,
2025-10-03 03:58:29,,,,867488067684034,3681,HBD,,,,,,,,,,,,,,,,,,,,,,,,,,,,,,,,,,,,,,,,,,,,,,,,,,
2025-10-03 04:00:30,,,,867488067684034,3682,HBD,,,,,,,,,,,,,,,,,,,,,,,,,,,,,,,,,,,,,,,,,,,,,,,,,,
2025-10-03 04:02:30,,,,867488067684034,3683,HBD,,,,,,,,,,,,,,,,,,,,,,,,,,,,,,,,,,,,,,,,,,,,,,,,,,
2025-10-03 04:04:31,,,,867488067684034,3684,HBD,,,,,,,,,,,,,,,,,,,,,,,,,,,,,,,,,,,,,,,,,,,,,,,,,,
2025-10-03 04:06:31,,,,867488067684034,3685,HBD,,,,,,,,,,,,,,,,,,,,,,,,,,,,,,,,,,,,,,,,,,,,,,,,,,
2025-10-03 04:08:32,,,,867488067684034,3686,HBD,,,,,,,,,,,,,,,,,,,,,,,,,,,,,,,,,,,,,,,,,,,,,,,,,,
2025-10-03 04:10:32,,,,867488067684034,3687,HBD,,,,,,,,,,,,,,,,,,,,,,,,,,,,,,,,,,,,,,,,,,,,,,,,,,
2025-10-03 04:12:33,,,,867488067684034,3688,HBD,,,,,,,,,,,,,,,,,,,,,,,,,,,,,,,,,,,,,,,,,,,,,,,,,,
2025-10-03 04:14:33,,,,867488067684034,3689,HBD,,,,,,,,,,,,,,,,,,,,,,,,,,,,,,,,,,,,,,,,,,,,,,,,,,
2025-10-03 04:16:33,,,,867488067684034,3690,HBD,,,,,,,,,,,,,,,,,,,,,,,,,,,,,,,,,,,,,,,,,,,,,,,,,,
2025-10-03 04:18:34,,,,867488067684034,3691,HBD,,,,,,,,,,,,,,,,,,,,,,,,,,,,,,,,,,,,,,,,,,,,,,,,,,
2025-10-03 04:20:34,,,,867488067684034,3692,HBD,,,,,,,,,,,,,,,,,,,,,,,,,,,,,,,,,,,,,,,,,,,,,,,,,,
2025-10-03 04:22:35,,,,867488067684034,3693,HBD,,,,,,,,,,,,,,,,,,,,,,,,,,,,,,,,,,,,,,,,,,,,,,,,,,
2025-10-03 04:24:35,,,,867488067684034,3694,HBD,,,,,,,,,,,,,,,,,,,,,,,,,,,,,,,,,,,,,,,,,,,,,,,,,,
2025-10-03 04:25:31,2025-10-03 04:25:33,2025-10-03 04:23:23,2025-10-03 04:23:23,867488067684034,3695,GTERI,0x19fe3fbf,0x00028102,802003,0x8303,0x0115,100,25261,0000,-,00,00,11,6,6,-,01,01,0.0,0.0,346,346,1024,1024,-25.047391,-25.047391,-51.540892,-51.540892,0724,0004,85da,0f6ad116,7.0,146.9,146.9,0:24:48,10:22:43,-,-,0,-,,,,,04,1,00000000,00,10,
2025-10-03 04:26:36,,,,867488067684034,3696,HBD,,,,,,,,,,,,,,,,,,,,,,,,,,,,,,,,,,,,,,,,,,,,,,,,,,
2025-10-03 04:28:36,,,,867488067684034,3697,HBD,,,,,,,,,,,,,,,,,,,,,,,,,,,,,,,,,,,,,,,,,,,,,,,,,,
2025-10-03 04:30:36,,,,867488067684034,3698,HBD,,,,,,,,,,,,,,,,,,,,,,,,,,,,,,,,,,,,,,,,,,,,,,,,,,
2025-10-03 04:32:37,,,,867488067684034,3699,HBD,,,,,,,,,,,,,,,,,,,,,,,,,,,,,,,,,,,,,,,,,,,,,,,,,,
2025-10-03 04:34:37,,,,867488067684034,3700,HBD,,,,,,,,,,,,,,,,,,,,,,,,,,,,,,,,,,,,,,,,,,,,,,,,,,
2025-10-03 04:36:38,,,,867488067684034,3701,HBD,,,,,,,,,,,,,,,,,,,,,,,,,,,,,,,,,,,,,,,,,,,,,,,,,,
2025-10-03 04:38:38,,,,867488067684034,3702,HBD,,,,,,,,,,,,,,,,,,,,,,,,,,,,,,,,,,,,,,,,,,,,,,,,,,
2025-10-03 04:40:39,,,,867488067684034,3703,HBD,,,,,,,,,,,,,,,,,,,,,,,,,,,,,,,,,,,,,,,,,,,,,,,,,,
2025-10-03 04:42:39,,,,867488067684034,3704,HBD,,,,,,,,,,,,,,,,,,,,,,,,,,,,,,,,,,,,,,,,,,,,,,,,,,
2025-10-03 04:44:40,,,,867488067684034,3705,HBD,,,,,,,,,,,,,,,,,,,,,,,,,,,,,,,,,,,,,,,,,,,,,,,,,,
2025-10-03 04:46:40,,,,867488067684034,3706,HBD,,,,,,,,,,,,,,,,,,,,,,,,,,,,,,,,,,,,,,,,,,,,,,,,,,
2025-10-03 04:48:40,,,,867488067684034,3707,HBD,,,,,,,,,,,,,,,,,,,,,,,,,,,,,,,,,,,,,,,,,,,,,,,,,,
2025-10-03 04:50:41,,,,867488067684034,3708,HBD,,,,,,,,,,,,,,,,,,,,,,,,,,,,,,,,,,,,,,,,,,,,,,,,,,
2025-10-03 04:52:41,,,,867488067684034,3709,HBD,,,,,,,,,,,,,,,,,,,,,,,,,,,,,,,,,,,,,,,,,,,,,,,,,,
2025-10-03 04:54:42,,,,867488067684034,3710,HBD,,,,,,,,,,,,,,,,,,,,,,,,,,,,,,,,,,,,,,,,,,,,,,,,,,
2025-10-03 04:56:42,,,,867488067684034,3711,HBD,,,,,,,,,,,,,,,,,,,,,,,,,,,,,,,,,,,,,,,,,,,,,,,,,,
2025-10-03 04:58:43,,,,867488067684034,3712,HBD,,,,,,,,,,,,,,,,,,,,,,,,,,,,,,,,,,,,,,,,,,,,,,,,,,
2025-10-03 05:00:43,,,,867488067684034,3713,HBD,,,,,,,,,,,,,,,,,,,,,,,,,,,,,,,,,,,,,,,,,,,,,,,,,,
2025-10-03 05:02:44,,,,867488067684034,3714,HBD,,,,,,,,,,,,,,,,,,,,,,,,,,,,,,,,,,,,,,,,,,,,,,,,,,
2025-10-03 05:04:44,,,,867488067684034,3715,HBD,,,,,,,,,,,,,,,,,,,,,,,,,,,,,,,,,,,,,,,,,,,,,,,,,,
2025-10-03 05:06:44,,,,867488067684034,3716,HBD,,,,,,,,,,,,,,,,,,,,,,,,,,,,,,,,,,,,,,,,,,,,,,,,,,
2025-10-03 05:08:45,,,,867488067684034,3717,HBD,,,,,,,,,,,,,,,,,,,,,,,,,,,,,,,,,,,,,,,,,,,,,,,,,,
2025-10-03 05:10:45,,,,867488067684034,3718,HBD,,,,,,,,,,,,,,,,,,,,,,,,,,,,,,,,,,,,,,,,,,,,,,,,,,
2025-10-03 05:12:46,,,,867488067684034,3719,HBD,,,,,,,,,,,,,,,,,,,,,,,,,,,,,,,,,,,,,,,,,,,,,,,,,,
2025-10-03 05:14:46,,,,867488067684034,3720,HBD,,,,,,,,,,,,,,,,,,,,,,,,,,,,,,,,,,,,,,,,,,,,,,,,,,
2025-10-03 05:16:47,,,,867488067684034,3721,HBD,,,,,,,,,,,,,,,,,,,,,,,,,,,,,,,,,,,,,,,,,,,,,,,,,,
2025-10-03 05:18:47,,,,867488067684034,3722,HBD,,,,,,,,,,,,,,,,,,,,,,,,,,,,,,,,,,,,,,,,,,,,,,,,,,
2025-10-03 05:20:48,,,,867488067684034,3723,HBD,,,,,,,,,,,,,,,,,,,,,,,,,,,,,,,,,,,,,,,,,,,,,,,,,,
2025-10-03 05:22:48,,,,867488067684034,3724,HBD,,,,,,,,,,,,,,,,,,,,,,,,,,,,,,,,,,,,,,,,,,,,,,,,,,
2025-10-03 05:24:49,,,,867488067684034,3725,HBD,,,,,,,,,,,,,,,,,,,,,,,,,,,,,,,,,,,,,,,,,,,,,,,,,,
2025-10-03 05:25:31,2025-10-03 05:25:33,2025-10-03 05:23:36,2025-10-03 05:23:36,867488067684034,3726,GTERI,0x19fe3fbf,0x00028102,802003,0x8303,0x0115,100,25288,0000,-,00,00,11,12,12,-,01,01,0.0,0.0,346,346,1024,1024,-25.047391,-25.047391,-51.540892,-51.540892,0724,0004,85da,0f6ad116,7.0,146.9,146.9,0:24:48,10:22:43,-,-,0,-,,,,,04,1,00000000,00,10,
2025-10-03 05:26:49,,,,867488067684034,3727,HBD,,,,,,,,,,,,,,,,,,,,,,,,,,,,,,,,,,,,,,,,,,,,,,,,,,
2025-10-03 05:28:49,,,,867488067684034,3728,HBD,,,,,,,,,,,,,,,,,,,,,,,,,,,,,,,,,,,,,,,,,,,,,,,,,,
2025-10-03 05:30:50,,,,867488067684034,3729,HBD,,,,,,,,,,,,,,,,,,,,,,,,,,,,,,,,,,,,,,,,,,,,,,,,,,
2025-10-03 05:32:50,,,,867488067684034,3730,HBD,,,,,,,,,,,,,,,,,,,,,,,,,,,,,,,,,,,,,,,,,,,,,,,,,,
2025-10-03 05:34:51,,,,867488067684034,3731,HBD,,,,,,,,,,,,,,,,,,,,,,,,,,,,,,,,,,,,,,,,,,,,,,,,,,
2025-10-03 05:36:51,,,,867488067684034,3732,HBD,,,,,,,,,,,,,,,,,,,,,,,,,,,,,,,,,,,,,,,,,,,,,,,,,,
2025-10-03 05:38:52,,,,867488067684034,3733,HBD,,,,,,,,,,,,,,,,,,,,,,,,,,,,,,,,,,,,,,,,,,,,,,,,,,
2025-10-03 05:40:52,,,,867488067684034,3734,HBD,,,,,,,,,,,,,,,,,,,,,,,,,,,,,,,,,,,,,,,,,,,,,,,,,,
2025-10-03 05:42:53,,,,867488067684034,3735,HBD,,,,,,,,,,,,,,,,,,,,,,,,,,,,,,,,,,,,,,,,,,,,,,,,,,
2025-10-03 05:44:53,,,,867488067684034,3736,HBD,,,,,,,,,,,,,,,,,,,,,,,,,,,,,,,,,,,,,,,,,,,,,,,,,,
2025-10-03 05:46:53,,,,867488067684034,3737,HBD,,,,,,,,,,,,,,,,,,,,,,,,,,,,,,,,,,,,,,,,,,,,,,,,,,
2025-10-03 05:48:54,,,,867488067684034,3738,HBD,,,,,,,,,,,,,,,,,,,,,,,,,,,,,,,,,,,,,,,,,,,,,,,,,,
2025-10-03 05:50:54,,,,867488067684034,3739,HBD,,,,,,,,,,,,,,,,,,,,,,,,,,,,,,,,,,,,,,,,,,,,,,,,,,
2025-10-03 05:52:55,,,,867488067684034,3740,HBD,,,,,,,,,,,,,,,,,,,,,,,,,,,,,,,,,,,,,,,,,,,,,,,,,,
2025-10-03 05:54:55,,,,867488067684034,3741,HBD,,,,,,,,,,,,,,,,,,,,,,,,,,,,,,,,,,,,,,,,,,,,,,,,,,
2025-10-03 05:56:56,,,,867488067684034,3742,HBD,,,,,,,,,,,,,,,,,,,,,,,,,,,,,,,,,,,,,,,,,,,,,,,,,,
2025-10-03 05:58:56,,,,867488067684034,3743,HBD,,,,,,,,,,,,,,,,,,,,,,,,,,,,,,,,,,,,,,,,,,,,,,,,,,
2025-10-03 06:00:57,,,,867488067684034,3744,HBD,,,,,,,,,,,,,,,,,,,,,,,,,,,,,,,,,,,,,,,,,,,,,,,,,,
2025-10-03 06:02:57,,,,867488067684034,3745,HBD,,,,,,,,,,,,,,,,,,,,,,,,,,,,,,,,,,,,,,,,,,,,,,,,,,
2025-10-03 06:04:58,,,,867488067684034,3746,HBD,,,,,,,,,,,,,,,,,,,,,,,,,,,,,,,,,,,,,,,,,,,,,,,,,,
2025-10-03 06:06:58,,,,867488067684034,3747,HBD,,,,,,,,,,,,,,,,,,,,,,,,,,,,,,,,,,,,,,,,,,,,,,,,,,
2025-10-03 06:08:58,,,,867488067684034,3748,HBD,,,,,,,,,,,,,,,,,,,,,,,,,,,,,,,,,,,,,,,,,,,,,,,,,,
2025-10-03 06:10:59,,,,867488067684034,3749,HBD,,,,,,,,,,,,,,,,,,,,,,,,,,,,,,,,,,,,,,,,,,,,,,,,,,
2025-10-03 06:13:00,,,,867488067684034,3750,HBD,,,,,,,,,,,,,,,,,,,,,,,,,,,,,,,,,,,,,,,,,,,,,,,,,,
2025-10-03 06:15:00,,,,867488067684034,3751,HBD,,,,,,,,,,,,,,,,,,,,,,,,,,,,,,,,,,,,,,,,,,,,,,,,,,
2025-10-03 06:17:01,,,,867488067684034,3752,HBD,,,,,,,,,,,,,,,,,,,,,,,,,,,,,,,,,,,,,,,,,,,,,,,,,,
2025-10-03 06:19:01,,,,867488067684034,3753,HBD,,,,,,,,,,,,,,,,,,,,,,,,,,,,,,,,,,,,,,,,,,,,,,,,,,
2025-10-03 06:21:01,,,,867488067684034,3754,HBD,,,,,,,,,,,,,,,,,,,,,,,,,,,,,,,,,,,,,,,,,,,,,,,,,,
2025-10-03 06:23:02,,,,867488067684034,3755,HBD,,,,,,,,,,,,,,,,,,,,,,,,,,,,,,,,,,,,,,,,,,,,,,,,,,
2025-10-03 06:25:02,,,,867488067684034,3756,HBD,,,,,,,,,,,,,,,,,,,,,,,,,,,,,,,,,,,,,,,,,,,,,,,,,,
2025-10-03 06:25:31,2025-10-03 06:25:33,2025-10-03 06:23:04,2025-10-03 06:23:04,867488067684034,3757,GTERI,0x19fe3fbf,0x00028102,802003,0x8303,0x0115,100,25273,0000,-,00,00,11,12,12,-,01,01,0.0,0.0,346,346,1024,1024,-25.047391,-25.047391,-51.540892,-51.540892,0724,0004,85da,0f6ad116,7.0,146.9,146.9,0:24:48,10:22:43,-,-,0,-,,,,,04,1,00000000,00,10,
2025-10-03 06:27:03,,,,867488067684034,3758,HBD,,,,,,,,,,,,,,,,,,,,,,,,,,,,,,,,,,,,,,,,,,,,,,,,,,
2025-10-03 06:28:03,,,,867488067684034,3759,HBD,,,,,,,,,,,,,,,,,,,,,,,,,,,,,,,,,,,,,,,,,,,,,,,,,,
2025-10-03 06:30:03,,,,867488067684034,3760,HBD,,,,,,,,,,,,,,,,,,,,,,,,,,,,,,,,,,,,,,,,,,,,,,,,,,
2025-10-03 06:32:04,,,,867488067684034,3761,HBD,,,,,,,,,,,,,,,,,,,,,,,,,,,,,,,,,,,,,,,,,,,,,,,,,,
2025-10-03 06:34:04,,,,867488067684034,3762,HBD,,,,,,,,,,,,,,,,,,,,,,,,,,,,,,,,,,,,,,,,,,,,,,,,,,
2025-10-03 06:36:05,,,,867488067684034,3763,HBD,,,,,,,,,,,,,,,,,,,,,,,,,,,,,,,,,,,,,,,,,,,,,,,,,,
2025-10-03 06:38:05,,,,867488067684034,3764,HBD,,,,,,,,,,,,,,,,,,,,,,,,,,,,,,,,,,,,,,,,,,,,,,,,,,
2025-10-03 06:38:06,2025-10-03 06:38:07,2025-10-03 06:23:04,2025-10-02 17:20:17,867488067684034,3766,GTIGN,0x19fe7fbf,,802003,0x8303,0x0115,100,25274,0000,0000,01,00,22,12,12,47850,00,01,0.0,18.8,346,170,1024,1022,-25.047391,-25.046872,-51.540892,-51.540917,0724,0004,85da,0f6ad116,0.0,146.9,146.9,0:00:00,10:22:43,-,-,0,-,,,,,,,,,,
2025-10-03 06:38:06,2025-10-03 06:38:07,2025-10-03 06:23:04,2025-10-03 06:23:04,867488067684034,3767,GTSTT,0x19fe7fbf,,802003,0x8303,0x0115,100,25274,0000,0000,01,00,22,12,12,-,00,00,0.0,0.0,346,346,1024,1024,-25.047391,-25.047391,-51.540892,-51.540892,0724,0004,85da,0f6ad116,0.0,146.9,146.9,0:00:00,10:22:43,-,-,0,-,,,,,,,,,,
2025-10-03 06:38:15,2025-10-03 06:38:16,2025-10-03 06:38:15,2025-10-03 06:38:15,867488067684034,3768,GTERI,0x19fe3fbf,0x00028102,802003,0x8303,0x0115,100,27722,0000,-,01,00,22,12,12,-,01,01,0.0,0.0,346,346,1026,1026,-25.047328,-25.047328,-51.540971,-51.540971,0724,0004,85da,0f6ad116,0.0,146.9,146.9,0:00:09,10:22:52,-,-,0,-,,,,,04,1,00000000,00,10,
2025-10-03 06:38:16,2025-10-03 06:38:16,2025-10-03 06:38:15,2025-10-03 06:38:15,867488067684034,3769,GTIGL,0x19fe7fbf,,802003,0x8303,0x0115,100,27722,0000,0000,01,00,22,12,12,-,01,01,0.0,0.0,346,346,1026,1026,-25.047328,-25.047328,-51.540971,-51.540971,0724,0004,85da,0f6ad116,0.0,146.9,146.9,0:00:09,10:22:52,-,-,0,-,,,,,,,,,00,
2025-10-03 06:40:06,,,,867488067684034,3770,HBD,,,,,,,,,,,,,,,,,,,,,,,,,,,,,,,,,,,,,,,,,,,,,,,,,,
2025-10-03 06:41:12,2025-10-03 06:41:13,2025-10-03 06:41:11,2025-10-03 06:41:12,867488067684034,3772,GTERI,0x19fe3fbf,0x00028102,802003,0x8303,0x0115,100,27989,0000,-,01,00,22,12,12,-,01,01,0.0,0.0,0,0,1026,1026,-25.047328,-25.047328,-51.540971,-51.540971,0724,0004,85da,0f6ad116,0.0,146.9,146.9,0:03:05,10:25:48,-,-,0,-,,,,,04,1,00000000,00,10,
2025-10-03 06:42:06,,,,867488067684034,3773,HBD,,,,,,,,,,,,,,,,,,,,,,,,,,,,,,,,,,,,,,,,,,,,,,,,,,
2025-10-03 06:42:12,,,,867488067684034,3775,ACK,,,,,,,,,,,,,,,,,,,,,,,,,,,,,,,,,,,,,,,,,,,,,,,,,,
2025-10-03 06:42:13,,,,867488067684034,3776,ACK,,,,,,,,,,,,,,,,,,,,,,,,,,,,,,,,,,,,,,,,,,,,,,,,,,
2025-10-03 06:42:13,,,,867488067684034,3777,ACK,,,,,,,,,,,,,,,,,,,,,,,,,,,,,,,,,,,,,,,,,,,,,,,,,,
2025-10-03 06:44:07,,,,867488067684034,3778,HBD,,,,,,,,,,,,,,,,,,,,,,,,,,,,,,,,,,,,,,,,,,,,,,,,,,
2025-10-03 06:44:12,2025-10-03 06:44:13,2025-10-03 06:44:11,2025-10-03 06:43:04,867488067684034,3780,GTERI,0x19fe3fbf,0x00028102,802003,0x8303,0x0115,100,28048,0000,-,01,00,22,12,12,-,01,01,40.6,52.0,349,331,1029,1016,-25.037529,-25.043955,-51.546247,-51.543585,0724,0004,85da,0f6ad117,1.3,148.2,147.4,0:06:05,10:28:48,-,-,0,-,,,,,04,1,00000000,00,10,
2025-10-03 06:46:07,,,,867488067684034,3781,HBD,,,,,,,,,,,,,,,,,,,,,,,,,,,,,,,,,,,,,,,,,,,,,,,,,,
2025-10-03 06:47:12,2025-10-03 06:47:13,2025-10-03 06:47:11,2025-10-03 06:44:35,867488067684034,3783,GTERI,0x19fe3fbf,0x00028102,802003,0x8303,0x0115,100,28006,0000,-,01,00,22,12,12,-,01,01,30.6,45.9,88,349,1043,1034,-25.028214,-25.035137,-51.540905,-51.546737,0724,0004,85da,0f6ad117,2.8,149.7,148.5,0:09:05,10:31:48,-,-,0,-,,,,,04,1,00000000,00,10,
2025-10-03 06:48:08,,,,867488067684034,3784,HBD,,,,,,,,,,,,,,,,,,,,,,,,,,,,,,,,,,,,,,,,,,,,,,,,,,
2025-10-03 06:51:15,,,,867488067684034,3786,HBD,,,,,,,,,,,,,,,,,,,,,,,,,,,,,,,,,,,,,,,,,,,,,,,,,,
2025-10-03 06:51:15,2025-10-03 06:50:05,2025-10-03 06:50:04,2025-10-03 06:47:29,867488067684034,3787,GTPDP,0x19fe7fbf,,802003,0x8303,0x0115,100,27959,0000,0000,01,00,22,12,12,-,01,01,25.6,36.2,60,64,1008,1041,-25.021381,-25.027737,-51.534087,-51.539466,0000,0000,0000,00000000,4.0,151.0,149.9,0:11:56,10:34:39,-,-,0,-,,,,,,,,,,
2025-10-03 06:51:16,2025-10-03 06:50:13,2025-10-03 06:50:11,2025-10-03 06:50:08,867488067684034,3789,GTERI,0x19fe3fbf,0x00028102,802003,0x8303,0x0115,100,27959,0000,-,01,00,22,12,12,-,01,01,26.0,27.7,41,45,1002,1005,-25.021059,-25.021209,-51.533712,-51.533863,0000,0000,0000,00000000,4.1,151.0,151.0,0:12:05,10:34:48,-,-,0,-,,,,,00,0,00000000,00,10,
2025-10-03 06:51:16,2025-10-03 06:50:38,2025-10-03 06:50:36,2025-10-03 06:50:17,867488067684034,3790,GTPDP,0x19fe7fbf,,802003,0x8303,0x0115,100,27968,0000,0000,01,00,22,12,12,-,01,01,28.3,28.8,132,60,980,996,-25.020801,-25.020829,-51.53219,-51.533358,0000,0000,0000,00000000,4.3,151.2,151.1,0:12:29,10:35:12,-,-,0,-,,,,,,,,,,
2025-10-03 06:51:17,,,,867488067684034,3792,HBD,,,,,,,,,,,,,,,,,,,,,,,,,,,,,,,,,,,,,,,,,,,,,,,,,,
2025-10-03 06:51:36,2025-10-03 06:51:34,2025-10-03 06:51:33,2025-10-03 06:50:56,867488067684034,3793,GTPDP,0x19fe7fbf,,802003,0x8303,0x0115,100,27940,0000,0000,01,00,22,12,12,-,01,01,30.8,33.4,157,114,970,967,-25.023698,-25.021668,-51.52909,-51.53074,0000,0000,0000,00000000,4.7,151.7,151.4,0:13:26,10:36:09,-,-,0,-,,,,,,,,,,
2025-10-03 06:51:37,,,,867488067684034,3795,HBD,,,,,,,,,,,,,,,,,,,,,,,,,,,,,,,,,,,,,,,,,,,,,,,,,,
2025-10-03 06:53:12,2025-10-03 06:53:13,2025-10-03 06:53:11,2025-10-03 06:52:05,867488067684034,3796,GTERI,0x19fe3fbf,0x00028102,802003,0x8303,0x0115,100,27997,0000,-,01,00,22,12,12,-,01,01,26.4,32.8,113,57,997,963,-25.022969,-25.024182,-51.523121,-51.527305,0724,0004,85da,0f6ad109,5.5,152.4,151.9,0:15:05,10:37:48,-,-,0,-,,,,,04,3,00000000,00,10,
2025-10-03 06:54:11,,,,867488067684034,3798,HBD,,,,,,,,,,,,,,,,,,,,,,,,,,,,,,,,,,,,,,,,,,,,,,,,,,
2025-10-03 06:56:11,,,,867488067684034,3800,HBD,,,,,,,,,,,,,,,,,,,,,,,,,,,,,,,,,,,,,,,,,,,,,,,,,,
2025-10-03 06:56:12,2025-10-03 06:56:13,2025-10-03 06:56:11,2025-10-03 06:54:06,867488067684034,3801,GTERI,0x19fe3fbf,0x00028102,802003,0x8303,0x0115,100,28006,0000,-,01,00,22,12,12,-,01,01,29.4,40.6,192,125,1054,1000,-25.026222,-25.023083,-51.511886,-51.518715,0724,0004,85da,0f79f10d,6.9,153.8,152.8,0:18:05,10:40:48,-,-,0,-,,,,,04,28,00000000,00,10,
2025-10-03 06:58:12,,,,867488067684034,3803,HBD,,,,,,,,,,,,,,,,,,,,,,,,,,,,,,,,,,,,,,,,,,,,,,,,,,
2025-10-03 06:59:12,2025-10-03 06:59:13,2025-10-03 06:59:11,2025-10-03 06:59:06,867488067684034,3804,GTERI,0x19fe3fbf,0x00028102,802003,0x8303,0x0115,100,28120,0000,-,01,00,22,12,12,-,01,01,36.4,39.3,115,123,1068,1066,-25.036236,-25.036015,-51.501414,-51.501878,0724,0004,85da,0f6ad109,8.5,155.4,155.4,0:21:05,10:43:48,-,-,0,-,,,,,04,3,00000000,00,10,
2025-10-03 07:00:12,,,,867488067684034,3806,HBD,,,,,,,,,,,,,,,,,,,,,,,,,,,,,,,,,,,,,,,,,,,,,,,,,,
2025-10-03 07:12:39,,,,867488067684034,3808,HBD,,,,,,,,,,,,,,,,,,,,,,,,,,,,,,,,,,,,,,,,,,,,,,,,,,
2025-10-03 07:12:39,2025-10-03 07:02:01,2025-10-03 07:02:00,2025-10-03 06:59:33,867488067684034,3809,GTPDP,0x19fe7fbf,,802003,0x8303,0x0115,100,27993,0000,0000,01,00,22,12,12,-,01,01,23.7,38.3,322,80,1026,1072,-25.032897,-25.036495,-51.490983,-51.499395,0000,0000,0000,00000000,9.9,156.8,155.6,0:23:53,10:46:36,-,-,0,-,,,,,,,,,,
2025-10-03 07:12:40,2025-10-03 07:02:13,2025-10-03 07:02:11,2025-10-03 07:02:07,867488067684034,3810,GTERI,0x19fe3fbf,0x00028102,802003,0x8303,0x0115,100,27965,0000,-,01,00,22,12,12,-,01,01,28.2,29.6,343,323,1027,1026,-25.032263,-25.032523,-51.491442,-51.491304,0000,0000,0000,00000000,10.0,156.9,156.9,0:24:05,10:46:48,-,-,0,-,,,,,00,0,00000000,00,10,
2025-10-03 07:12:40,,,,867488067684034,3812,HBD,,,,,,,,,,,,,,,,,,,,,,,,,,,,,,,,,,,,,,,,,,,,,,,,,,
2025-10-03 07:12:41,2025-10-03 07:05:13,2025-10-03 07:05:11,2025-10-03 07:03:11,867488067684034,3813,GTERI,0x19fe3fbf,0x00028102,802003,0x8303,0x0115,100,27799,0000,-,01,00,22,12,12,-,01,01,1.3,38.4,6,28,1023,1031,-25.0224,-25.027636,-51.48982,-51.490114,0000,0000,0000,00000000,11.2,158.1,157.5,0:27:05,10:49:48,-,-,0,-,,,,,00,0,00000000,00,10,
2025-10-03 07:12:41,,,,867488067684034,3815,HBD,,,,,,,,,,,,,,,,,,,,,,,,,,,,,,,,,,,,,,,,,,,,,,,,,,
2025-10-03 07:12:42,,,,867488067684034,3817,HBD,,,,,,,,,,,,,,,,,,,,,,,,,,,,,,,,,,,,,,,,,,,,,,,,,,
2025-10-03 07:12:42,2025-10-03 07:08:13,2025-10-03 07:08:11,2025-10-03 07:06:22,867488067684034,3818,GTERI,0x19fe3fbf,0x00028102,802003,0x8303,0x0115,100,28042,0000,-,01,00,22,12,12,-,01,01,32.2,36.5,305,358,957,1016,-25.015721,-25.019867,-51.490996,-51.489078,0000,0000,0000,00000000,12.2,159.1,158.4,0:30:05,10:52:48,-,-,0,-,,,,,00,0,00000000,00,10,
2025-10-03 07:12:43,,,,867488067684034,3820,HBD,,,,,,,,,,,,,,,,,,,,,,,,,,,,,,,,,,,,,,,,,,,,,,,,,,
2025-10-03 07:12:43,2025-10-03 07:11:13,2025-10-03 07:11:11,2025-10-03 07:08:19,867488067684034,3821,GTERI,0x19fe3fbf,0x00028102,802003,0x8303,0x0115,100,28040,0000,-,01,00,22,12,12,-,01,01,29.1,33.0,319,346,998,956,-25.012271,-25.01518,-51.499226,-51.491352,0000,0000,0000,00000000,13.3,160.3,159.1,0:33:05,10:55:48,-,-,0,-,,,,,00,0,00000000,00,10,
2025-10-03 07:12:44,,,,867488067684034,3823,HBD,,,,,,,,,,,,,,,,,,,,,,,,,,,,,,,,,,,,,,,,,,,,,,,,,,
2025-10-03 07:12:44,,,,867488067684034,3825,HBD,,,,,,,,,,,,,,,,,,,,,,,,,,,,,,,,,,,,,,,,,,,,,,,,,,
2025-10-03 07:14:12,2025-10-03 07:14:13,2025-10-03 07:14:11,2025-10-03 07:12:55,867488067684034,3826,GTERI,0x19fe3fbf,0x00028102,802003,0x8303,0x0115,100,28046,0000,-,01,00,22,12,12,-,01,01,31.8,40.6,180,184,997,1002,-25.018222,-25.014515,-51.507996,-51.504389,0724,0004,85da,0f79f10d,14.8,161.7,161.0,0:36:05,10:58:48,-,-,0,-,,,,,04,28,00000000,00,10,
2025-10-03 07:15:28,,,,867488067684034,3828,HBD,,,,,,,,,,,,,,,,,,,,,,,,,,,,,,,,,,,,,,,,,,,,,,,,,,
2025-10-03 07:15:29,2025-10-03 07:15:11,2025-10-03 07:15:10,2025-10-03 07:14:24,867488067684034,3829,GTPDP,0x19fe7fbf,,802003,0x8303,0x0115,100,28080,0000,0000,01,00,22,12,12,-,01,01,32.3,35.9,250,203,1007,998,-25.020667,-25.019306,-51.511799,-51.508176,0000,0000,0000,00000000,15.3,162.2,161.8,0:37:02,10:59:45,-,-,0,-,,,,,,,,,,
2025-10-03 07:15:29,,,,867488067684034,3831,HBD,,,,,,,,,,,,,,,,,,,,,,,,,,,,,,,,,,,,,,,,,,,,,,,,,,
2025-10-03 07:16:28,2025-10-03 07:16:20,2025-10-03 07:16:19,2025-10-03 07:15:56,867488067684034,3832,GTPDP,0x19fe7fbf,,802003,0x8303,0x0115,100,27970,0000,0000,01,00,22,12,12,-,01,01,30.7,35.0,210,254,1007,994,-25.022653,-25.021899,-51.515213,-51.513652,0000,0000,0000,00000000,15.7,162.6,162.4,0:38:11,11:00:54,-,-,0,-,,,,,,,,,,
2025-10-03 07:16:29,,,,867488067684034,3834,HBD,,,,,,,,,,,,,,,,,,,,,,,,,,,,,,,,,,,,,,,,,,,,,,,,,,
2025-10-03 07:17:20,2025-10-03 07:17:13,2025-10-03 07:17:11,2025-10-03 07:16:24,867488067684034,3835,GTERI,0x19fe3fbf,0x00028102,802003,0x8303,0x0115,100,27969,0000,-,01,00,22,12,12,-,01,01,34.4,36.0,306,198,1002,1004,-25.023024,-25.023054,-51.518763,-51.515366,0724,0004,85da,0f79f10d,16.2,163.1,162.7,0:39:05,11:01:48,-,-,0,-,,,,,04,28,00000000,00,10,
2025-10-03 07:17:51,2025-10-03 07:17:13,2025-10-03 07:17:11,2025-10-03 07:16:24,867488067684034,3835,GTERI,0x19fe3fbf,0x00028102,802003,0x8303,0x0115,100,27969,0000,-,01,00,22,12,12,-,01,01,34.4,36.0,306,198,1002,1004,-25.023024,-25.023054,-51.518763,-51.515366,0724,0004,85da,0f79f10d,16.2,163.1,162.7,0:39:05,11:01:48,-,-,0,-,,,,,04,28,00000000,00,10,
2025-10-03 07:17:52,2025-10-03 07:17:16,2025-10-03 07:17:16,2025-10-03 07:17:13,867488067684034,3836,GTPDP,0x19fe7fbf,,802003,0x8303,0x0115,100,28021,0000,0000,01,00,22,12,12,-,01,01,30.8,33.6,293,301,1005,1003,-25.022813,-25.022927,-51.519149,-51.518921,0000,0000,0000,00000000,16.2,163.2,163.1,0:39:08,11:01:51,-,-,0,-,,,,,,,,,,
2025-10-03 07:17:52,,,,867488067684034,3838,HBD,,,,,,,,,,,,,,,,,,,,,,,,,,,,,,,,,,,,,,,,,,,,,,,,,,
2025-10-03 07:20:12,,,,867488067684034,3840,HBD,,,,,,,,,,,,,,,,,,,,,,,,,,,,,,,,,,,,,,,,,,,,,,,,,,
2025-10-03 07:20:12,2025-10-03 07:20:13,2025-10-03 07:20:11,2025-10-03 07:17:49,867488067684034,3841,GTERI,0x19fe3fbf,0x00028102,802003,0x8303,0x0115,100,27911,0000,-,01,00,22,12,12,-,01,01,0.0,35.1,306,273,976,996,-25.023111,-25.023231,-51.529339,-51.52187,0724,0004,85da,0f6ad10b,17.4,164.3,163.4,0:42:05,11:04:48,-,-,0,-,,,,,04,3,00000000,00,10,
2025-10-03 07:25:38,,,,867488067684034,3843,HBD,,,,,,,,,,,,,,,,,,,,,,,,,,,,,,,,,,,,,,,,,,,,,,,,,,
2025-10-03 07:25:39,2025-10-03 07:22:03,2025-10-03 07:22:02,2025-10-03 07:21:32,867488067684034,3844,GTPDP,0x19fe7fbf,,802003,0x8303,0x0115,100,28025,0000,0000,01,00,22,12,12,-,01,01,31.0,35.9,336,311,968,984,-25.018641,-25.019935,-51.535644,-51.533516,0000,0000,0000,00000000,18.2,165.1,164.9,0:43:53,11:06:36,-,-,0,-,,,,,,,,,,
2025-10-03 07:25:39,2025-10-03 07:23:13,2025-10-03 07:23:11,2025-10-03 07:22:06,867488067684034,3845,GTERI,0x19fe3fbf,0x00028102,802003,0x8303,0x0115,100,28009,0000,-,01,00,22,12,12,-,01,01,23.2,33.8,283,6,999,969,-25.016368,-25.018312,-51.538844,-51.535664,0000,0000,0000,00000000,18.7,165.6,165.2,0:45:05,11:07:48,-,-,0,-,,,,,00,0,00000000,00,10,
2025-10-03 07:25:39,,,,867488067684034,3847,HBD,,,,,,,,,,,,,,,,,,,,,,,,,,,,,,,,,,,,,,,,,,,,,,,,,,
2025-10-03 07:25:40,,,,867488067684034,3849,HBD,,,,,,,,,,,,,,,,,,,,,,,,,,,,,,,,,,,,,,,,,,,,,,,,,,
2025-10-03 07:26:12,2025-10-03 07:26:13,2025-10-03 07:26:11,2025-10-03 07:24:41,867488067684034,3850,GTERI,0x19fe3fbf,0x00028102,802003,0x8303,0x0115,100,27829,0000,-,01,00,22,12,12,-,01,01,0.0,29.6,283,319,1062,1022,-25.013842,-25.014669,-51.544669,-51.541921,0724,0004,85da,0f6ad117,19.4,166.4,166.0,0:48:05,11:10:48,-,-,0,-,,,,,04,1,00000000,00,10,
2025-10-03 07:28:21,,,,867488067684034,3852,HBD,,,,,,,,,,,,,,,,,,,,,,,,,,,,,,,,,,,,,,,,,,,,,,,,,,
2025-10-03 07:29:12,2025-10-03 07:29:13,2025-10-03 07:29:11,2025-10-03 07:27:20,867488067684034,3853,GTERI,0x19fe3fbf,0x00028102,802003,0x8303,0x0115,100,28004,0000,-,01,00,22,12,12,-,01,01,27.0,72.2,170,190,1044,1057,-25.032017,-25.019575,-51.547203,-51.545393,0724,0004,85da,0f6ad117,21.5,168.5,167.0,0:51:05,11:13:48,-,-,0,-,,,,,04,1,00000000,00,10,
2025-10-03 07:30:21,,,,867488067684034,3855,HBD,,,,,,,,,,,,,,,,,,,,,,,,,,,,,,,,,,,,,,,,,,,,,,,,,,
2025-10-03 07:32:12,,,,867488067684034,3857,HBD,,,,,,,,,,,,,,,,,,,,,,,,,,,,,,,,,,,,,,,,,,,,,,,,,,
2025-10-03 07:32:12,2025-10-03 07:32:13,2025-10-03 07:32:11,2025-10-03 07:30:26,867488067684034,3858,GTERI,0x19fe3fbf,0x00028102,802003,0x8303,0x0115,100,28026,0000,-,01,00,22,12,12,-,01,01,18.0,42.9,123,142,1015,1024,-25.040043,-25.03729,-51.542736,-51.545061,0724,0004,85da,0f6ad10b,22.6,169.5,169.1,0:54:05,11:16:48,-,-,0,-,,,,,04,3,00000000,00,10,
2025-10-03 07:34:22,,,,867488067684034,3860,HBD,,,,,,,,,,,,,,,,,,,,,,,,,,,,,,,,,,,,,,,,,,,,,,,,,,
2025-10-03 07:35:12,2025-10-03 07:35:13,2025-10-03 07:35:11,2025-10-03 07:32:26,867488067684034,3861,GTERI,0x19fe3fbf,0x00028102,802003,0x8303,0x0115,100,27877,0000,-,01,00,22,12,12,-,01,01,0.0,34.6,123,112,1059,1016,-25.042411,-25.040447,-51.535456,-51.541715,0724,0004,85da,0f6ad10b,23.5,170.4,169.6,0:57:05,11:19:48,-,-,0,-,,,,,04,3,00000000,00,10,
2025-10-03 07:36:23,,,,867488067684034,3863,HBD,,,,,,,,,,,,,,,,,,,,,,,,,,,,,,,,,,,,,,,,,,,,,,,,,,
2025-10-03 07:38:12,,,,867488067684034,3865,HBD,,,,,,,,,,,,,,,,,,,,,,,,,,,,,,,,,,,,,,,,,,,,,,,,,,
2025-10-03 07:38:13,2025-10-03 07:38:13,2025-10-03 07:38:11,2025-10-03 07:37:30,867488067684034,3866,GTERI,0x19fe3fbf,0x00028102,802003,0x8303,0x0115,100,27985,0000,-,01,00,22,12,12,-,01,01,17.0,41.5,267,173,1049,1048,-25.048479,-25.046786,-51.536245,-51.535744,0724,0004,85da,0f6ad10a,24.3,171.2,171.0,1:00:05,11:22:48,-,-,0,-,,,,,04,3,00000000,00,10,
2025-10-03 07:40:23,,,,867488067684034,3868,HBD,,,,,,,,,,,,,,,,,,,,,,,,,,,,,,,,,,,,,,,,,,,,,,,,,,
2025-10-03 07:41:12,2025-10-03 07:41:13,2025-10-03 07:41:11,2025-10-03 07:39:20,867488067684034,3869,GTERI,0x19fe3fbf,0x00028102,802003,0x8303,0x0115,100,27945,0000,-,01,00,22,12,12,-,01,01,12.6,48.8,356,175,1071,1051,-25.052361,-25.050036,-51.535003,-51.535348,0724,0004,85da,0f6ad10a,25.0,171.9,171.5,1:03:05,11:25:48,-,-,0,-,,,,,04,3,00000000,00,10,
2025-10-03 07:42:24,,,,867488067684034,3871,HBD,,,,,,,,,,,,,,,,,,,,,,,,,,,,,,,,,,,,,,,,,,,,,,,,,,
2025-10-03 07:44:12,,,,867488067684034,3873,HBD,,,,,,,,,,,,,,,,,,,,,,,,,,,,,,,,,,,,,,,,,,,,,,,,,,
2025-10-03 07:44:13,2025-10-03 07:44:13,2025-10-03 07:44:11,2025-10-03 07:41:44,867488067684034,3874,GTERI,0x19fe3fbf,0x00028102,802003,0x8303,0x0115,100,28089,0000,-,01,00,22,12,12,-,01,01,12.7,47.0,258,353,1045,1054,-25.042911,-25.049812,-51.537258,-51.53529,0724,0004,85da,0f6ad10b,26.1,173.0,172.2,1:06:05,11:28:48,-,-,0,-,,,,,04,3,00000000,00,10,
2025-10-03 07:46:25,,,,867488067684034,3876,HBD,,,,,,,,,,,,,,,,,,,,,,,,,,,,,,,,,,,,,,,,,,,,,,,,,,
2025-10-03 07:47:12,2025-10-03 07:47:13,2025-10-03 07:47:11,2025-10-03 07:44:21,867488067684034,3877,GTERI,0x19fe3fbf,0x00028102,802003,0x8303,0x0115,100,28101,0000,-,01,00,22,12,12,-,01,01,25.1,37.4,261,259,1018,1039,-25.043498,-25.043029,-51.540949,-51.537952,0724,0004,85da,0f6ad10b,26.5,173.4,173.1,1:09:05,11:31:48,-,-,0,-,,,,,04,3,00000000,00,10,
2025-10-03 07:48:25,,,,867488067684034,3879,HBD,,,,,,,,,,,,,,,,,,,,,,,,,,,,,,,,,,,,,,,,,,,,,,,,,,
2025-10-03 07:50:12,,,,867488067684034,3881,HBD,,,,,,,,,,,,,,,,,,,,,,,,,,,,,,,,,,,,,,,,,,,,,,,,,,
2025-10-03 07:50:13,2025-10-03 07:50:13,2025-10-03 07:50:11,2025-10-03 07:49:42,867488067684034,3882,GTERI,0x19fe3fbf,0x00028102,802003,0x8303,0x0115,100,28046,0000,-,01,00,22,12,12,-,01,01,16.9,34.7,79,71,1066,1053,-25.04248,-25.0428,-51.534559,-51.536448,0724,0004,85da,0f6ad10b,27.5,174.4,174.2,1:12:05,11:34:48,-,-,0,-,,,,,04,3,00000000,00,10,
2025-10-03 07:51:18,2025-10-03 07:51:18,2025-10-03 07:51:17,2025-10-03 07:51:17,867488067684034,3883,GTIGF,0x19fe7fbf,,802003,0x8303,0x0115,100,27963,0000,0000,00,00,12,12,12,4392,01,01,0.0,0.0,79,79,1066,1066,-25.042758,-25.042758,-51.534142,-51.534142,0724,0004,85da,0f6ad116,27.6,174.6,174.6,1:13:08,11:35:51,-,-,0,-,,,,,,,,,,
2025-10-03 07:51:18,2025-10-03 07:51:18,2025-10-03 07:51:17,2025-10-03 07:51:17,867488067684034,3884,GTSTT,0x19fe7fbf,,802003,0x8303,0x0115,100,27963,0000,0000,00,00,12,12,12,-,01,01,0.0,0.0,79,79,1066,1066,-25.042758,-25.042758,-51.534142,-51.534142,0724,0004,85da,0f6ad116,27.6,174.6,174.6,1:13:08,11:35:51,-,-,0,-,,,,,,,,,,
2025-10-03 07:51:18,,,,867488067684034,3885,ACK,,,,,,,,,,,,,,,,,,,,,,,,,,,,,,,,,,,,,,,,,,,,,,,,,,
2025-10-03 07:51:19,,,,867488067684034,3886,ACK,,,,,,,,,,,,,,,,,,,,,,,,,,,,,,,,,,,,,,,,,,,,,,,,,,
2025-10-03 07:51:19,2025-10-03 07:51:19,2025-10-03 07:51:18,2025-10-03 07:51:18,867488067684034,3887,GTIGL,0x19fe7fbf,,802003,0x8303,0x0115,100,27963,0000,0000,00,00,12,12,12,-,01,01,0.0,0.0,79,79,1066,1066,-25.042758,-25.042758,-51.534142,-51.534142,0724,0004,85da,0f6ad116,27.6,174.6,174.6,1:13:08,11:35:51,-,-,0,-,,,,,,,,,01,
2025-10-03 07:51:45,,,,867488067684034,3889,HBD,,,,,,,,,,,,,,,,,,,,,,,,,,,,,,,,,,,,,,,,,,,,,,,,,,
2025-10-03 07:51:45,2025-10-03 07:51:46,2025-10-03 07:51:45,2025-10-03 07:51:45,867488067684034,3890,GTSTT,0x19fe7fbf,,802003,0x8303,0x0115,100,26276,0000,0000,00,00,11,12,12,-,01,01,0.0,0.0,79,79,1066,1066,-25.042758,-25.042758,-51.534142,-51.534142,0724,0004,85da,0f6ad116,27.6,174.6,174.6,1:13:08,11:35:51,-,-,0,-,,,,,,,,,,
2025-10-03 07:53:12,2025-10-03 07:53:13,2025-10-03 07:53:11,2025-10-03 07:53:11,867488067684034,3891,GTERI,0x19fe3fbf,0x00028102,802003,0x8303,0x0115,100,26053,0000,-,00,00,11,12,12,-,01,01,0.0,0.0,79,79,1066,1066,-25.042758,-25.042758,-51.534142,-51.534142,0724,0004,85da,0f6ad116,27.6,174.6,174.6,1:13:08,11:35:51,-,-,0,-,,,,,04,1,00000000,00,10,
2025-10-03 07:54:27,,,,867488067684034,3893,HBD,,,,,,,,,,,,,,,,,,,,,,,,,,,,,,,,,,,,,,,,,,,,,,,,,,
2025-10-03 07:56:12,,,,867488067684034,3895,HBD,,,,,,,,,,,,,,,,,,,,,,,,,,,,,,,,,,,,,,,,,,,,,,,,,,
2025-10-03 07:56:13,2025-10-03 07:56:13,2025-10-03 07:56:11,2025-10-03 07:56:11,867488067684034,3896,GTERI,0x19fe3fbf,0x00028102,802003,0x8303,0x0115,100,26033,0000,-,00,00,11,12,12,-,01,01,0.0,0.0,79,79,1066,1066,-25.042758,-25.042758,-51.534142,-51.534142,0724,0004,85da,0f6ad116,27.6,174.6,174.6,1:13:08,11:35:51,-,-,0,-,,,,,04,1,00000000,00,10,
2025-10-03 07:56:18,2025-10-03 07:56:19,2025-10-03 07:56:18,2025-10-03 07:56:18,867488067684034,3897,GTERI,0x19fe3fbf,0x00028102,802003,0x8303,0x0115,100,26033,0000,-,00,00,11,12,12,-,01,01,0.0,0.0,79,79,1066,1066,-25.042758,-25.042758,-51.534142,-51.534142,0724,0004,85da,0f6ad116,27.6,174.6,174.6,1:13:08,11:35:51,-,-,0,-,,,,,04,1,00000000,00,10,
2025-10-03 07:58:27,,,,867488067684034,3898,HBD,,,,,,,,,,,,,,,,,,,,,,,,,,,,,,,,,,,,,,,,,,,,,,,,,,
2025-10-03 08:00:28,,,,867488067684034,3899,HBD,,,,,,,,,,,,,,,,,,,,,,,,,,,,,,,,,,,,,,,,,,,,,,,,,,
2025-10-03 08:02:28,,,,867488067684034,3900,HBD,,,,,,,,,,,,,,,,,,,,,,,,,,,,,,,,,,,,,,,,,,,,,,,,,,
2025-10-03 08:04:29,,,,867488067684034,3901,HBD,,,,,,,,,,,,,,,,,,,,,,,,,,,,,,,,,,,,,,,,,,,,,,,,,,
2025-10-03 08:06:29,,,,867488067684034,3902,HBD,,,,,,,,,,,,,,,,,,,,,,,,,,,,,,,,,,,,,,,,,,,,,,,,,,
2025-10-03 08:08:30,,,,867488067684034,3903,HBD,,,,,,,,,,,,,,,,,,,,,,,,,,,,,,,,,,,,,,,,,,,,,,,,,,
2025-10-03 08:10:30,,,,867488067684034,3904,HBD,,,,,,,,,,,,,,,,,,,,,,,,,,,,,,,,,,,,,,,,,,,,,,,,,,
2025-10-03 08:12:31,,,,867488067684034,3905,HBD,,,,,,,,,,,,,,,,,,,,,,,,,,,,,,,,,,,,,,,,,,,,,,,,,,
2025-10-03 08:14:31,,,,867488067684034,3906,HBD,,,,,,,,,,,,,,,,,,,,,,,,,,,,,,,,,,,,,,,,,,,,,,,,,,
2025-10-03 08:16:32,,,,867488067684034,3907,HBD,,,,,,,,,,,,,,,,,,,,,,,,,,,,,,,,,,,,,,,,,,,,,,,,,,
2025-10-03 08:18:32,,,,867488067684034,3908,HBD,,,,,,,,,,,,,,,,,,,,,,,,,,,,,,,,,,,,,,,,,,,,,,,,,,
2025-10-03 08:20:32,,,,867488067684034,3909,HBD,,,,,,,,,,,,,,,,,,,,,,,,,,,,,,,,,,,,,,,,,,,,,,,,,,
2025-10-03 08:22:33,,,,867488067684034,3910,HBD,,,,,,,,,,,,,,,,,,,,,,,,,,,,,,,,,,,,,,,,,,,,,,,,,,
2025-10-03 08:24:33,,,,867488067684034,3911,HBD,,,,,,,,,,,,,,,,,,,,,,,,,,,,,,,,,,,,,,,,,,,,,,,,,,
2025-10-03 08:26:34,,,,867488067684034,3912,HBD,,,,,,,,,,,,,,,,,,,,,,,,,,,,,,,,,,,,,,,,,,,,,,,,,,
2025-10-03 08:28:34,,,,867488067684034,3913,HBD,,,,,,,,,,,,,,,,,,,,,,,,,,,,,,,,,,,,,,,,,,,,,,,,,,
2025-10-03 08:30:35,,,,867488067684034,3914,HBD,,,,,,,,,,,,,,,,,,,,,,,,,,,,,,,,,,,,,,,,,,,,,,,,,,
2025-10-03 08:32:35,,,,867488067684034,3915,HBD,,,,,,,,,,,,,,,,,,,,,,,,,,,,,,,,,,,,,,,,,,,,,,,,,,
2025-10-03 08:34:36,,,,867488067684034,3916,HBD,,,,,,,,,,,,,,,,,,,,,,,,,,,,,,,,,,,,,,,,,,,,,,,,,,
2025-10-03 08:36:36,,,,867488067684034,3917,HBD,,,,,,,,,,,,,,,,,,,,,,,,,,,,,,,,,,,,,,,,,,,,,,,,,,
2025-10-03 08:38:37,,,,867488067684034,3918,HBD,,,,,,,,,,,,,,,,,,,,,,,,,,,,,,,,,,,,,,,,,,,,,,,,,,
2025-10-03 08:40:37,,,,867488067684034,3919,HBD,,,,,,,,,,,,,,,,,,,,,,,,,,,,,,,,,,,,,,,,,,,,,,,,,,
2025-10-03 08:42:37,,,,867488067684034,3920,HBD,,,,,,,,,,,,,,,,,,,,,,,,,,,,,,,,,,,,,,,,,,,,,,,,,,
2025-10-03 08:44:38,,,,867488067684034,3921,HBD,,,,,,,,,,,,,,,,,,,,,,,,,,,,,,,,,,,,,,,,,,,,,,,,,,
2025-10-03 08:45:38,,,,867488067684034,3922,HBD,,,,,,,,,,,,,,,,,,,,,,,,,,,,,,,,,,,,,,,,,,,,,,,,,,
2025-10-03 08:47:39,,,,867488067684034,3923,HBD,,,,,,,,,,,,,,,,,,,,,,,,,,,,,,,,,,,,,,,,,,,,,,,,,,
2025-10-03 08:49:39,,,,867488067684034,3924,HBD,,,,,,,,,,,,,,,,,,,,,,,,,,,,,,,,,,,,,,,,,,,,,,,,,,
2025-10-03 08:51:39,,,,867488067684034,3925,HBD,,,,,,,,,,,,,,,,,,,,,,,,,,,,,,,,,,,,,,,,,,,,,,,,,,
2025-10-03 08:53:40,,,,867488067684034,3926,HBD,,,,,,,,,,,,,,,,,,,,,,,,,,,,,,,,,,,,,,,,,,,,,,,,,,
2025-10-03 08:55:40,,,,867488067684034,3927,HBD,,,,,,,,,,,,,,,,,,,,,,,,,,,,,,,,,,,,,,,,,,,,,,,,,,
2025-10-03 08:56:13,2025-10-03 08:56:14,2025-10-03 08:53:47,2025-10-03 08:53:47,867488067684034,3928,GTERI,0x19fe3fbf,0x00028102,802003,0x8303,0x0115,100,25811,0000,-,00,00,11,12,12,-,01,01,0.0,0.0,79,79,1066,1066,-25.042758,-25.042758,-51.534142,-51.534142,0724,0004,85da,0f6ad116,27.6,174.6,174.6,1:13:08,11:35:51,-,-,0,-,,,,,04,1,00000000,00,10,
2025-10-03 08:57:41,,,,867488067684034,3929,HBD,,,,,,,,,,,,,,,,,,,,,,,,,,,,,,,,,,,,,,,,,,,,,,,,,,
2025-10-03 08:59:41,,,,867488067684034,3930,HBD,,,,,,,,,,,,,,,,,,,,,,,,,,,,,,,,,,,,,,,,,,,,,,,,,,
2025-10-03 09:01:42,,,,867488067684034,3931,HBD,,,,,,,,,,,,,,,,,,,,,,,,,,,,,,,,,,,,,,,,,,,,,,,,,,
2025-10-03 09:03:42,,,,867488067684034,3932,HBD,,,,,,,,,,,,,,,,,,,,,,,,,,,,,,,,,,,,,,,,,,,,,,,,,,
2025-10-03 09:05:43,,,,867488067684034,3933,HBD,,,,,,,,,,,,,,,,,,,,,,,,,,,,,,,,,,,,,,,,,,,,,,,,,,
2025-10-03 09:07:43,,,,867488067684034,3934,HBD,,,,,,,,,,,,,,,,,,,,,,,,,,,,,,,,,,,,,,,,,,,,,,,,,,
2025-10-03 09:09:44,,,,867488067684034,3935,HBD,,,,,,,,,,,,,,,,,,,,,,,,,,,,,,,,,,,,,,,,,,,,,,,,,,
2025-10-03 09:11:44,,,,867488067684034,3936,HBD,,,,,,,,,,,,,,,,,,,,,,,,,,,,,,,,,,,,,,,,,,,,,,,,,,
2025-10-03 09:13:45,,,,867488067684034,3937,HBD,,,,,,,,,,,,,,,,,,,,,,,,,,,,,,,,,,,,,,,,,,,,,,,,,,
2025-10-03 09:15:45,,,,867488067684034,3938,HBD,,,,,,,,,,,,,,,,,,,,,,,,,,,,,,,,,,,,,,,,,,,,,,,,,,
2025-10-03 09:17:45,,,,867488067684034,3939,HBD,,,,,,,,,,,,,,,,,,,,,,,,,,,,,,,,,,,,,,,,,,,,,,,,,,
2025-10-03 09:19:46,,,,867488067684034,3940,HBD,,,,,,,,,,,,,,,,,,,,,,,,,,,,,,,,,,,,,,,,,,,,,,,,,,
2025-10-03 09:21:46,,,,867488067684034,3941,HBD,,,,,,,,,,,,,,,,,,,,,,,,,,,,,,,,,,,,,,,,,,,,,,,,,,
2025-10-03 09:23:47,,,,867488067684034,3942,HBD,,,,,,,,,,,,,,,,,,,,,,,,,,,,,,,,,,,,,,,,,,,,,,,,,,
2025-10-03 09:25:47,,,,867488067684034,3943,HBD,,,,,,,,,,,,,,,,,,,,,,,,,,,,,,,,,,,,,,,,,,,,,,,,,,
2025-10-03 09:27:48,,,,867488067684034,3944,HBD,,,,,,,,,,,,,,,,,,,,,,,,,,,,,,,,,,,,,,,,,,,,,,,,,,
2025-10-03 09:29:48,,,,867488067684034,3945,HBD,,,,,,,,,,,,,,,,,,,,,,,,,,,,,,,,,,,,,,,,,,,,,,,,,,
2025-10-03 09:31:49,,,,867488067684034,3946,HBD,,,,,,,,,,,,,,,,,,,,,,,,,,,,,,,,,,,,,,,,,,,,,,,,,,
2025-10-03 09:33:49,,,,867488067684034,3947,HBD,,,,,,,,,,,,,,,,,,,,,,,,,,,,,,,,,,,,,,,,,,,,,,,,,,
2025-10-03 09:35:49,,,,867488067684034,3948,HBD,,,,,,,,,,,,,,,,,,,,,,,,,,,,,,,,,,,,,,,,,,,,,,,,,,
2025-10-03 09:37:50,,,,867488067684034,3949,HBD,,,,,,,,,,,,,,,,,,,,,,,,,,,,,,,,,,,,,,,,,,,,,,,,,,
2025-10-03 09:39:50,,,,867488067684034,3950,HBD,,,,,,,,,,,,,,,,,,,,,,,,,,,,,,,,,,,,,,,,,,,,,,,,,,
2025-10-03 09:41:51,,,,867488067684034,3951,HBD,,,,,,,,,,,,,,,,,,,,,,,,,,,,,,,,,,,,,,,,,,,,,,,,,,
2025-10-03 09:43:51,,,,867488067684034,3952,HBD,,,,,,,,,,,,,,,,,,,,,,,,,,,,,,,,,,,,,,,,,,,,,,,,,,
2025-10-03 09:45:52,,,,867488067684034,3953,HBD,,,,,,,,,,,,,,,,,,,,,,,,,,,,,,,,,,,,,,,,,,,,,,,,,,
2025-10-03 09:47:52,,,,867488067684034,3954,HBD,,,,,,,,,,,,,,,,,,,,,,,,,,,,,,,,,,,,,,,,,,,,,,,,,,
2025-10-03 09:49:53,,,,867488067684034,3955,HBD,,,,,,,,,,,,,,,,,,,,,,,,,,,,,,,,,,,,,,,,,,,,,,,,,,
2025-10-03 09:51:53,,,,867488067684034,3956,HBD,,,,,,,,,,,,,,,,,,,,,,,,,,,,,,,,,,,,,,,,,,,,,,,,,,
2025-10-03 09:53:54,,,,867488067684034,3957,HBD,,,,,,,,,,,,,,,,,,,,,,,,,,,,,,,,,,,,,,,,,,,,,,,,,,
2025-10-03 09:55:54,,,,867488067684034,3958,HBD,,,,,,,,,,,,,,,,,,,,,,,,,,,,,,,,,,,,,,,,,,,,,,,,,,
2025-10-03 09:56:13,2025-10-03 09:56:14,2025-10-03 09:53:48,2025-10-03 09:53:48,867488067684034,3959,GTERI,0x19fe3fbf,0x00028102,802003,0x8303,0x0115,100,25742,0000,-,00,00,11,12,12,-,01,01,0.0,0.0,79,79,1066,1066,-25.042758,-25.042758,-51.534142,-51.534142,0724,0004,85da,0f6ad116,27.6,174.6,174.6,1:13:08,11:35:51,-,-,0,-,,,,,04,1,00000000,00,10,
2025-10-03 09:57:55,,,,867488067684034,3960,HBD,,,,,,,,,,,,,,,,,,,,,,,,,,,,,,,,,,,,,,,,,,,,,,,,,,
2025-10-03 09:59:55,,,,867488067684034,3961,HBD,,,,,,,,,,,,,,,,,,,,,,,,,,,,,,,,,,,,,,,,,,,,,,,,,,
2025-10-03 10:01:56,,,,867488067684034,3962,HBD,,,,,,,,,,,,,,,,,,,,,,,,,,,,,,,,,,,,,,,,,,,,,,,,,,
2025-10-03 10:03:56,,,,867488067684034,3963,HBD,,,,,,,,,,,,,,,,,,,,,,,,,,,,,,,,,,,,,,,,,,,,,,,,,,
2025-10-03 10:05:56,,,,867488067684034,3964,HBD,,,,,,,,,,,,,,,,,,,,,,,,,,,,,,,,,,,,,,,,,,,,,,,,,,
2025-10-03 10:07:57,,,,867488067684034,3965,HBD,,,,,,,,,,,,,,,,,,,,,,,,,,,,,,,,,,,,,,,,,,,,,,,,,,
2025-10-03 10:09:57,,,,867488067684034,3966,HBD,,,,,,,,,,,,,,,,,,,,,,,,,,,,,,,,,,,,,,,,,,,,,,,,,,
2025-10-03 10:11:58,,,,867488067684034,3967,HBD,,,,,,,,,,,,,,,,,,,,,,,,,,,,,,,,,,,,,,,,,,,,,,,,,,
2025-10-03 10:13:58,,,,867488067684034,3968,HBD,,,,,,,,,,,,,,,,,,,,,,,,,,,,,,,,,,,,,,,,,,,,,,,,,,
2025-10-03 10:15:59,,,,867488067684034,3969,HBD,,,,,,,,,,,,,,,,,,,,,,,,,,,,,,,,,,,,,,,,,,,,,,,,,,
2025-10-03 10:17:59,,,,867488067684034,3970,HBD,,,,,,,,,,,,,,,,,,,,,,,,,,,,,,,,,,,,,,,,,,,,,,,,,,
2025-10-03 10:20:00,,,,867488067684034,3971,HBD,,,,,,,,,,,,,,,,,,,,,,,,,,,,,,,,,,,,,,,,,,,,,,,,,,
2025-10-03 10:22:00,,,,867488067684034,3972,HBD,,,,,,,,,,,,,,,,,,,,,,,,,,,,,,,,,,,,,,,,,,,,,,,,,,
2025-10-03 10:24:01,,,,867488067684034,3973,HBD,,,,,,,,,,,,,,,,,,,,,,,,,,,,,,,,,,,,,,,,,,,,,,,,,,
2025-10-03 10:26:01,,,,867488067684034,3974,HBD,,,,,,,,,,,,,,,,,,,,,,,,,,,,,,,,,,,,,,,,,,,,,,,,,,
2025-10-03 10:28:02,,,,867488067684034,3975,HBD,,,,,,,,,,,,,,,,,,,,,,,,,,,,,,,,,,,,,,,,,,,,,,,,,,
2025-10-03 10:30:02,,,,867488067684034,3976,HBD,,,,,,,,,,,,,,,,,,,,,,,,,,,,,,,,,,,,,,,,,,,,,,,,,,
2025-10-03 10:32:03,,,,867488067684034,3977,HBD,,,,,,,,,,,,,,,,,,,,,,,,,,,,,,,,,,,,,,,,,,,,,,,,,,
2025-10-03 10:34:03,,,,867488067684034,3978,HBD,,,,,,,,,,,,,,,,,,,,,,,,,,,,,,,,,,,,,,,,,,,,,,,,,,
2025-10-03 10:36:04,,,,867488067684034,3979,HBD,,,,,,,,,,,,,,,,,,,,,,,,,,,,,,,,,,,,,,,,,,,,,,,,,,
2025-10-03 10:38:04,,,,867488067684034,3980,HBD,,,,,,,,,,,,,,,,,,,,,,,,,,,,,,,,,,,,,,,,,,,,,,,,,,
2025-10-03 10:40:05,,,,867488067684034,3981,HBD,,,,,,,,,,,,,,,,,,,,,,,,,,,,,,,,,,,,,,,,,,,,,,,,,,
2025-10-03 10:42:05,,,,867488067684034,3982,HBD,,,,,,,,,,,,,,,,,,,,,,,,,,,,,,,,,,,,,,,,,,,,,,,,,,
2025-10-03 10:44:05,,,,867488067684034,3983,HBD,,,,,,,,,,,,,,,,,,,,,,,,,,,,,,,,,,,,,,,,,,,,,,,,,,
2025-10-03 10:46:06,,,,867488067684034,3984,HBD,,,,,,,,,,,,,,,,,,,,,,,,,,,,,,,,,,,,,,,,,,,,,,,,,,
2025-10-03 10:48:06,,,,867488067684034,3985,HBD,,,,,,,,,,,,,,,,,,,,,,,,,,,,,,,,,,,,,,,,,,,,,,,,,,
2025-10-03 10:50:07,,,,867488067684034,3986,HBD,,,,,,,,,,,,,,,,,,,,,,,,,,,,,,,,,,,,,,,,,,,,,,,,,,
2025-10-03 10:52:07,,,,867488067684034,3987,HBD,,,,,,,,,,,,,,,,,,,,,,,,,,,,,,,,,,,,,,,,,,,,,,,,,,
2025-10-03 10:54:08,,,,867488067684034,3988,HBD,,,,,,,,,,,,,,,,,,,,,,,,,,,,,,,,,,,,,,,,,,,,,,,,,,
2025-10-03 10:56:08,,,,867488067684034,3989,HBD,,,,,,,,,,,,,,,,,,,,,,,,,,,,,,,,,,,,,,,,,,,,,,,,,,
2025-10-03 10:56:13,2025-10-03 10:56:14,2025-10-03 10:53:53,2025-10-03 10:53:53,867488067684034,3990,GTERI,0x19fe3fbf,0x00028102,802003,0x8303,0x0115,100,25700,0000,-,00,00,11,4,4,-,01,01,0.0,0.0,79,79,1066,1066,-25.042758,-25.042758,-51.534142,-51.534142,0724,0004,85da,0f6ad116,27.6,174.6,174.6,1:13:08,11:35:51,-,-,0,-,,,,,04,1,00000000,00,10,
2025-10-03 10:58:09,,,,867488067684034,3991,HBD,,,,,,,,,,,,,,,,,,,,,,,,,,,,,,,,,,,,,,,,,,,,,,,,,,
2025-10-03 11:00:09,,,,867488067684034,3992,HBD,,,,,,,,,,,,,,,,,,,,,,,,,,,,,,,,,,,,,,,,,,,,,,,,,,
2025-10-03 11:02:10,,,,867488067684034,3993,HBD,,,,,,,,,,,,,,,,,,,,,,,,,,,,,,,,,,,,,,,,,,,,,,,,,,
2025-10-03 11:04:10,,,,867488067684034,3994,HBD,,,,,,,,,,,,,,,,,,,,,,,,,,,,,,,,,,,,,,,,,,,,,,,,,,
2025-10-03 11:06:10,,,,867488067684034,3995,HBD,,,,,,,,,,,,,,,,,,,,,,,,,,,,,,,,,,,,,,,,,,,,,,,,,,
2025-10-03 11:08:11,,,,867488067684034,3996,HBD,,,,,,,,,,,,,,,,,,,,,,,,,,,,,,,,,,,,,,,,,,,,,,,,,,
2025-10-03 11:10:11,,,,867488067684034,3997,HBD,,,,,,,,,,,,,,,,,,,,,,,,,,,,,,,,,,,,,,,,,,,,,,,,,,
2025-10-03 11:12:12,,,,867488067684034,3998,HBD,,,,,,,,,,,,,,,,,,,,,,,,,,,,,,,,,,,,,,,,,,,,,,,,,,
2025-10-03 11:14:12,,,,867488067684034,3999,HBD,,,,,,,,,,,,,,,,,,,,,,,,,,,,,,,,,,,,,,,,,,,,,,,,,,
2025-10-03 11:16:13,,,,867488067684034,4000,HBD,,,,,,,,,,,,,,,,,,,,,,,,,,,,,,,,,,,,,,,,,,,,,,,,,,
2025-10-03 11:18:13,,,,867488067684034,4001,HBD,,,,,,,,,,,,,,,,,,,,,,,,,,,,,,,,,,,,,,,,,,,,,,,,,,
2025-10-03 11:20:14,,,,867488067684034,4002,HBD,,,,,,,,,,,,,,,,,,,,,,,,,,,,,,,,,,,,,,,,,,,,,,,,,,
2025-10-03 11:22:14,,,,867488067684034,4003,HBD,,,,,,,,,,,,,,,,,,,,,,,,,,,,,,,,,,,,,,,,,,,,,,,,,,
2025-10-03 11:24:14,,,,867488067684034,4004,HBD,,,,,,,,,,,,,,,,,,,,,,,,,,,,,,,,,,,,,,,,,,,,,,,,,,
2025-10-03 11:26:15,,,,867488067684034,4005,HBD,,,,,,,,,,,,,,,,,,,,,,,,,,,,,,,,,,,,,,,,,,,,,,,,,,
2025-10-03 11:28:15,,,,867488067684034,4006,HBD,,,,,,,,,,,,,,,,,,,,,,,,,,,,,,,,,,,,,,,,,,,,,,,,,,
2025-10-03 11:30:16,,,,867488067684034,4007,HBD,,,,,,,,,,,,,,,,,,,,,,,,,,,,,,,,,,,,,,,,,,,,,,,,,,
2025-10-03 11:32:16,,,,867488067684034,4008,HBD,,,,,,,,,,,,,,,,,,,,,,,,,,,,,,,,,,,,,,,,,,,,,,,,,,
2025-10-03 11:34:17,,,,867488067684034,4009,HBD,,,,,,,,,,,,,,,,,,,,,,,,,,,,,,,,,,,,,,,,,,,,,,,,,,
2025-10-03 11:36:17,,,,867488067684034,4010,HBD,,,,,,,,,,,,,,,,,,,,,,,,,,,,,,,,,,,,,,,,,,,,,,,,,,
2025-10-03 11:38:18,,,,867488067684034,4011,HBD,,,,,,,,,,,,,,,,,,,,,,,,,,,,,,,,,,,,,,,,,,,,,,,,,,
2025-10-03 11:40:18,,,,867488067684034,4012,HBD,,,,,,,,,,,,,,,,,,,,,,,,,,,,,,,,,,,,,,,,,,,,,,,,,,
2025-10-03 11:42:19,,,,867488067684034,4013,HBD,,,,,,,,,,,,,,,,,,,,,,,,,,,,,,,,,,,,,,,,,,,,,,,,,,
2025-10-03 11:44:19,,,,867488067684034,4014,HBD,,,,,,,,,,,,,,,,,,,,,,,,,,,,,,,,,,,,,,,,,,,,,,,,,,
2025-10-03 11:46:19,,,,867488067684034,4015,HBD,,,,,,,,,,,,,,,,,,,,,,,,,,,,,,,,,,,,,,,,,,,,,,,,,,
2025-10-03 11:48:20,,,,867488067684034,4016,HBD,,,,,,,,,,,,,,,,,,,,,,,,,,,,,,,,,,,,,,,,,,,,,,,,,,
2025-10-03 11:50:20,,,,867488067684034,4017,HBD,,,,,,,,,,,,,,,,,,,,,,,,,,,,,,,,,,,,,,,,,,,,,,,,,,
2025-10-03 11:52:21,,,,867488067684034,4018,HBD,,,,,,,,,,,,,,,,,,,,,,,,,,,,,,,,,,,,,,,,,,,,,,,,,,
2025-10-03 11:54:21,,,,867488067684034,4019,HBD,,,,,,,,,,,,,,,,,,,,,,,,,,,,,,,,,,,,,,,,,,,,,,,,,,
2025-10-03 11:56:13,,,,867488067684034,4020,HBD,,,,,,,,,,,,,,,,,,,,,,,,,,,,,,,,,,,,,,,,,,,,,,,,,,
2025-10-03 11:56:13,2025-10-03 11:56:14,2025-10-03 11:54:05,2025-10-03 11:54:05,867488067684034,4021,GTERI,0x19fe3fbf,0x00028102,802003,0x8303,0x0115,100,25633,0000,-,00,00,11,7,7,-,01,01,0.0,0.0,79,79,1066,1066,-25.042758,-25.042758,-51.534142,-51.534142,0724,0004,85da,0f6ad116,27.6,174.6,174.6,1:13:08,11:35:51,-,-,0,-,,,,,04,1,00000000,00,10,
2025-10-03 11:58:22,,,,867488067684034,4022,HBD,,,,,,,,,,,,,,,,,,,,,,,,,,,,,,,,,,,,,,,,,,,,,,,,,,
2025-10-03 11:59:54,,,,867488067684034,4023,HBD,,,,,,,,,,,,,,,,,,,,,,,,,,,,,,,,,,,,,,,,,,,,,,,,,,
2025-10-03 11:59:54,2025-10-03 11:59:55,2025-10-03 11:54:05,2025-10-03 07:50:23,867488067684034,4025,GTIGN,0x19fe7fbf,,802003,0x8303,0x0115,100,25515,0000,0000,01,00,22,7,12,14917,00,01,0.0,19.2,79,174,1066,1068,-25.042758,-25.042702,-51.534142,-51.53421,0724,0004,85da,0f6ad116,0.0,174.6,174.4,0:00:00,11:35:51,-,-,0,-,,,,,,,,,,
2025-10-03 11:59:55,2025-10-03 11:59:55,2025-10-03 11:54:05,2025-10-03 11:54:05,867488067684034,4026,GTSTT,0x19fe7fbf,,802003,0x8303,0x0115,100,25515,0000,0000,01,00,22,7,7,-,00,00,0.0,0.0,79,79,1066,1066,-25.042758,-25.042758,-51.534142,-51.534142,0724,0004,85da,0f6ad116,0.0,174.6,174.6,0:00:00,11:35:51,-,-,0,-,,,,,,,,,,
2025-10-03 12:00:12,2025-10-03 12:00:13,2025-10-03 12:00:12,2025-10-03 12:00:12,867488067684034,4027,GTERI,0x19fe3fbf,0x00028102,802003,0x8303,0x0115,100,27895,0000,-,01,00,22,7,7,-,01,01,0.0,0.0,79,79,1079,1079,-25.042759,-25.042759,-51.534105,-51.534105,0724,0004,85da,0f6ad116,0.0,174.6,174.6,0:00:18,11:36:09,-,-,0,-,,,,,04,1,00000000,00,10,
2025-10-03 12:00:12,2025-10-03 12:00:13,2025-10-03 12:00:12,2025-10-03 12:00:12,867488067684034,4028,GTIGL,0x19fe7fbf,,802003,0x8303,0x0115,100,27895,0000,0000,01,00,22,7,7,-,01,01,0.0,0.0,79,79,1079,1079,-25.042759,-25.042759,-51.534105,-51.534105,0724,0004,85da,0f6ad116,0.0,174.6,174.6,0:00:18,11:36:09,-,-,0,-,,,,,,,,,00,
2025-10-03 12:02:23,,,,867488067684034,4029,HBD,,,,,,,,,,,,,,,,,,,,,,,,,,,,,,,,,,,,,,,,,,,,,,,,,,
2025-10-03 12:02:59,2025-10-03 12:03:00,2025-10-03 12:02:58,2025-10-03 12:01:46,867488067684034,4031,GTERI,0x19fe3fbf,0x00028102,802003,0x8303,0x0115,100,27923,0000,-,01,00,22,12,12,-,01,01,0.0,26.2,79,258,1064,1054,-25.042024,-25.04141,-51.535515,-51.535294,0724,0004,85da,0f6ad10b,0.3,174.9,174.8,0:03:03,11:38:54,-,-,0,-,,,,,04,3,00000000,00,10,
2025-10-03 12:03:57,,,,867488067684034,4032,HBD,,,,,,,,,,,,,,,,,,,,,,,,,,,,,,,,,,,,,,,,,,,,,,,,,,
2025-10-03 12:03:57,,,,867488067684034,4034,ACK,,,,,,,,,,,,,,,,,,,,,,,,,,,,,,,,,,,,,,,,,,,,,,,,,,
2025-10-03 12:03:58,,,,867488067684034,4035,ACK,,,,,,,,,,,,,,,,,,,,,,,,,,,,,,,,,,,,,,,,,,,,,,,,,,
2025-10-03 12:03:58,,,,867488067684034,4036,ACK,,,,,,,,,,,,,,,,,,,,,,,,,,,,,,,,,,,,,,,,,,,,,,,,,,
2025-10-03 12:05:59,,,,867488067684034,4037,HBD,,,,,,,,,,,,,,,,,,,,,,,,,,,,,,,,,,,,,,,,,,,,,,,,,,
2025-10-03 12:06:00,2025-10-03 12:06:00,2025-10-03 12:05:58,2025-10-03 12:04:26,867488067684034,4039,GTERI,0x19fe3fbf,0x00028102,802003,0x8303,0x0115,100,27913,0000,-,01,00,22,12,12,-,01,01,0.0,27.4,257,169,1064,1058,-25.043613,-25.042834,-51.535272,-51.535362,0724,0004,85da,0f6ad10b,0.5,175.0,174.9,0:06:03,11:41:54,-,-,0,-,,,,,04,3,00000000,00,10,
2025-10-03 12:08:24,,,,867488067684034,4040,HBD,,,,,,,,,,,,,,,,,,,,,,,,,,,,,,,,,,,,,,,,,,,,,,,,,,
2025-10-03 12:08:59,2025-10-03 12:09:00,2025-10-03 12:08:58,2025-10-03 12:06:29,867488067684034,4042,GTERI,0x19fe3fbf,0x00028102,802003,0x8303,0x0115,100,27891,0000,-,01,00,22,12,12,-,01,01,0.0,38.8,257,353,1058,1052,-25.041733,-25.04325,-51.536412,-51.536315,0724,0004,85da,0f6ad10b,0.8,175.4,175.2,0:09:03,11:44:54,-,-,0,-,,,,,04,3,00000000,00,10,
2025-10-03 12:10:24,,,,867488067684034,4043,HBD,,,,,,,,,,,,,,,,,,,,,,,,,,,,,,,,,,,,,,,,,,,,,,,,,,
2025-10-03 12:11:59,,,,867488067684034,4045,HBD,,,,,,,,,,,,,,,,,,,,,,,,,,,,,,,,,,,,,,,,,,,,,,,,,,
2025-10-03 12:12:00,2025-10-03 12:12:00,2025-10-03 12:11:58,2025-10-03 12:11:59,867488067684034,4047,GTERI,0x19fe3fbf,0x00028102,802003,0x8303,0x0115,100,27992,0000,-,01,00,22,12,12,-,01,01,0.0,0.0,257,257,1058,1058,-25.041733,-25.041733,-51.536412,-51.536412,0724,0004,85da,0f6ad10b,0.8,175.4,175.4,0:12:03,11:47:54,-,-,0,-,,,,,04,3,00000000,00,10,
2025-10-03 12:14:25,,,,867488067684034,4048,HBD,,,,,,,,,,,,,,,,,,,,,,,,,,,,,,,,,,,,,,,,,,,,,,,,,,
2025-10-03 12:14:59,2025-10-03 12:15:00,2025-10-03 12:14:58,2025-10-03 12:14:41,867488067684034,4050,GTERI,0x19fe3fbf,0x00028102,802003,0x8303,0x0115,100,27863,0000,-,01,00,22,12,12,-,01,01,10.4,32.7,167,164,1050,1049,-25.045573,-25.044486,-51.536002,-51.536277,0724,0004,85da,0f6ad10a,1.4,176.0,175.9,0:15:03,11:50:54,-,-,0,-,,,,,04,3,00000000,00,10,
2025-10-03 12:16:26,,,,867488067684034,4051,HBD,,,,,,,,,,,,,,,,,,,,,,,,,,,,,,,,,,,,,,,,,,,,,,,,,,
2025-10-03 12:17:59,,,,867488067684034,4053,HBD,,,,,,,,,,,,,,,,,,,,,,,,,,,,,,,,,,,,,,,,,,,,,,,,,,
2025-10-03 12:18:00,2025-10-03 12:18:00,2025-10-03 12:17:58,2025-10-03 12:15:17,867488067684034,4055,GTERI,0x19fe3fbf,0x00028102,802003,0x8303,0x0115,100,27982,0000,-,01,00,22,12,12,-,01,01,15.4,38.3,80,174,1056,1051,-25.048652,-25.046776,-51.536415,-51.535755,0724,0004,85da,0f6ad10a,1.9,176.4,176.1,0:18:03,11:53:54,-,-,0,-,,,,,04,3,00000000,00,10,
2025-10-03 12:20:27,,,,867488067684034,4056,HBD,,,,,,,,,,,,,,,,,,,,,,,,,,,,,,,,,,,,,,,,,,,,,,,,,,
2025-10-03 12:20:59,2025-10-03 12:21:00,2025-10-03 12:20:58,2025-10-03 12:18:46,867488067684034,4058,GTERI,0x19fe3fbf,0x00028102,802003,0x8303,0x0115,100,27923,0000,-,01,00,22,12,12,-,01,01,0.0,36.5,80,173,1069,1054,-25.051622,-25.050037,-51.536125,-51.535328,0724,0004,85da,0f6ad10a,2.6,177.1,176.7,0:21:03,11:56:54,-,-,0,-,,,,,04,3,00000000,00,10,
2025-10-03 12:22:27,,,,867488067684034,4059,HBD,,,,,,,,,,,,,,,,,,,,,,,,,,,,,,,,,,,,,,,,,,,,,,,,,,
2025-10-03 12:23:59,,,,867488067684034,4061,HBD,,,,,,,,,,,,,,,,,,,,,,,,,,,,,,,,,,,,,,,,,,,,,,,,,,
2025-10-03 12:24:00,2025-10-03 12:24:00,2025-10-03 12:23:58,2025-10-03 12:23:52,867488067684034,4063,GTERI,0x19fe3fbf,0x00028102,802003,0x8303,0x0115,100,28040,0000,-,01,00,22,12,12,-,01,01,33.1,34.8,176,186,1069,1072,-25.055838,-25.05534,-51.536233,-51.536241,0724,0004,85da,0f6ad10a,3.1,177.7,177.6,0:24:03,11:59:54,-,-,0,-,,,,,04,3,00000000,00,10,
2025-10-03 12:26:28,,,,867488067684034,4064,HBD,,,,,,,,,,,,,,,,,,,,,,,,,,,,,,,,,,,,,,,,,,,,,,,,,,
2025-10-03 12:26:59,2025-10-03 12:27:00,2025-10-03 12:26:58,2025-10-03 12:25:05,867488067684034,4066,GTERI,0x19fe3fbf,0x00028102,802003,0x8303,0x0115,100,27879,0000,-,01,00,22,12,12,-,01,01,10.4,37.6,178,260,1064,1040,-25.057131,-25.056588,-51.542787,-51.539836,0724,0004,85da,0f6ad10a,3.9,178.4,178.1,0:27:03,12:02:54,-,-,0,-,,,,,04,3,00000000,00,10,
2025-10-03 12:28:29,,,,867488067684034,4067,HBD,,,,,,,,,,,,,,,,,,,,,,,,,,,,,,,,,,,,,,,,,,,,,,,,,,
2025-10-03 12:30:00,,,,867488067684034,4069,HBD,,,,,,,,,,,,,,,,,,,,,,,,,,,,,,,,,,,,,,,,,,,,,,,,,,
2025-10-03 12:30:00,2025-10-03 12:30:00,2025-10-03 12:29:58,2025-10-03 12:29:56,867488067684034,4071,GTERI,0x19fe3fbf,0x00028102,802003,0x8303,0x0115,100,28060,0000,-,01,00,22,12,12,-,01,01,29.8,31.6,96,97,1057,1057,-25.061019,-25.060998,-51.540019,-51.540192,0724,0004,85da,0f6ad10a,4.5,179.1,179.1,0:30:03,12:05:54,-,-,0,-,,,,,04,3,00000000,00,10,
2025-10-03 12:32:32,,,,867488067684034,4072,HBD,,,,,,,,,,,,,,,,,,,,,,,,,,,,,,,,,,,,,,,,,,,,,,,,,,
2025-10-03 12:34:44,2025-10-03 12:33:00,2025-10-03 12:32:58,2025-10-03 12:31:40,867488067684034,4074,GTERI,0x19fe3fbf,0x00028102,802003,0x8303,0x0115,100,28028,0000,-,01,00,22,12,12,-,01,01,33.4,43.4,80,128,1078,1082,-25.06345,-25.063257,-51.533239,-51.536786,0724,0004,85da,0f79f10e,5.3,179.8,179.5,0:33:03,12:08:54,-,-,0,-,,,,,04,28,00000000,00,10,
2025-10-03 12:34:44,2025-10-03 12:33:34,2025-10-03 12:33:33,2025-10-03 12:33:10,867488067684034,4075,GTPDP,0x19fe7fbf,,802003,0x8303,0x0115,100,28039,0000,0000,01,00,22,12,12,-,01,01,31.9,42.2,86,113,1052,1071,-25.064238,-25.063609,-51.530272,-51.531953,0000,0000,0000,00000000,5.6,180.1,180.0,0:33:39,12:09:30,-,-,0,-,,,,,,,,,,
2025-10-03 12:34:45,,,,867488067684034,4076,HBD,,,,,,,,,,,,,,,,,,,,,,,,,,,,,,,,,,,,,,,,,,,,,,,,,,
2025-10-03 12:34:45,2025-10-03 12:34:13,2025-10-03 12:34:12,2025-10-03 12:33:34,867488067684034,4078,GTPDP,0x19fe7fbf,,802003,0x8303,0x0115,100,27983,0000,0000,01,00,22,12,12,-,01,01,23.8,31.6,148,81,1061,1052,-25.064546,-25.064228,-51.528788,-51.530185,0000,0000,0000,00000000,5.7,180.3,180.2,0:34:18,12:10:09,-,-,0,-,,,,,,,,,,
2025-10-03 12:34:46,,,,867488067684034,4080,HBD,,,,,,,,,,,,,,,,,,,,,,,,,,,,,,,,,,,,,,,,,,,,,,,,,,
2025-10-03 12:36:50,2025-10-03 12:35:28,2025-10-03 12:35:27,2025-10-03 12:34:40,867488067684034,4081,GTPDP,0x19fe7fbf,,802003,0x8303,0x0115,100,28032,0000,0000,01,00,22,12,12,-,01,01,29.6,38.1,207,170,1100,1077,-25.069443,-25.066134,-51.527072,-51.527714,0000,0000,0000,00000000,6.4,180.9,180.5,0:35:33,12:11:24,-,-,0,-,,,,,,,,,,
2025-10-03 12:36:50,2025-10-03 12:36:00,2025-10-03 12:35:58,2025-10-03 12:35:43,867488067684034,4082,GTERI,0x19fe3fbf,0x00028102,802003,0x8303,0x0115,100,27953,0000,-,01,00,22,12,12,-,01,01,4.5,38.2,194,151,1092,1101,-25.071384,-25.070731,-51.526588,-51.526922,0000,0000,0000,00000000,6.6,181.2,181.1,0:36:03,12:11:54,-,-,0,-,,,,,00,0,00000000,00,10,
2025-10-03 12:36:51,2025-10-03 12:36:16,2025-10-03 12:36:15,2025-10-03 12:36:01,867488067684034,4083,GTPDP,0x19fe7fbf,,802003,0x8303,0x0115,100,27984,0000,0000,01,00,22,12,12,-,01,01,0.0,0.1,194,194,1092,1092,-25.071392,-25.071392,-51.526589,-51.526589,0000,0000,0000,00000000,6.6,181.2,181.2,0:36:21,12:12:12,-,-,0,-,,,,,,,,,,
2025-10-03 12:36:51,,,,867488067684034,4085,HBD,,,,,,,,,,,,,,,,,,,,,,,,,,,,,,,,,,,,,,,,,,,,,,,,,,
2025-10-03 12:36:52,,,,867488067684034,4087,HBD,,,,,,,,,,,,,,,,,,,,,,,,,,,,,,,,,,,,,,,,,,,,,,,,,,
2025-10-03 12:39:13,,,,867488067684034,4089,HBD,,,,,,,,,,,,,,,,,,,,,,,,,,,,,,,,,,,,,,,,,,,,,,,,,,
2025-10-03 12:39:47,,,,867488067684034,4089,HBD,,,,,,,,,,,,,,,,,,,,,,,,,,,,,,,,,,,,,,,,,,,,,,,,,,
2025-10-03 12:39:48,2025-10-03 12:39:00,2025-10-03 12:38:58,2025-10-03 12:37:02,867488067684034,4090,GTERI,0x19fe3fbf,0x00028102,802003,0x8303,0x0115,100,28065,0000,-,01,00,22,12,12,-,01,01,39.8,41.0,276,21,1070,1086,-25.063477,-25.069111,-51.532522,-51.526766,0724,0004,85da,0f79f10e,7.9,182.4,181.4,0:39:03,12:14:54,-,-,0,-,,,,,04,28,00000000,00,10,
2025-10-03 12:39:48,2025-10-03 12:39:12,2025-10-03 12:39:11,2025-10-03 12:39:01,867488067684034,4091,GTPDP,0x19fe7fbf,,802003,0x8303,0x0115,100,27991,0000,0000,01,00,22,12,12,-,01,01,39.3,41.1,252,273,1081,1072,-25.063581,-25.063453,-51.533842,-51.532856,0000,0000,0000,00000000,8.0,182.6,182.5,0:39:15,12:15:06,-,-,0,-,,,,,,,,,,
2025-10-03 12:39:49,,,,867488067684034,4093,HBD,,,,,,,,,,,,,,,,,,,,,,,,,,,,,,,,,,,,,,,,,,,,,,,,,,
2025-10-03 12:41:59,,,,867488067684034,4095,HBD,,,,,,,,,,,,,,,,,,,,,,,,,,,,,,,,,,,,,,,,,,,,,,,,,,
2025-10-03 12:42:00,2025-10-03 12:42:00,2025-10-03 12:41:58,2025-10-03 12:39:49,867488067684034,4096,GTERI,0x19fe3fbf,0x00028102,802003,0x8303,0x0115,100,28024,0000,-,01,00,22,12,12,-,01,01,25.8,42.7,13,315,1069,1080,-25.058228,-25.062991,-51.542639,-51.537096,0724,0004,85da,0f6ad10a,9.3,183.9,182.9,0:42:03,12:17:54,-,-,0,-,,,,,04,3,00000000,00,10,
2025-10-03 12:44:35,,,,867488067684034,4098,HBD,,,,,,,,,,,,,,,,,,,,,,,,,,,,,,,,,,,,,,,,,,,,,,,,,,
2025-10-03 12:44:59,2025-10-03 12:45:00,2025-10-03 12:44:58,2025-10-03 12:44:30,867488067684034,4099,GTERI,0x19fe3fbf,0x00028102,802003,0x8303,0x0115,100,27995,0000,-,01,00,22,12,12,-,01,01,0.0,29.9,13,357,1079,1073,-25.054932,-25.055812,-51.536193,-51.536205,0724,0004,85da,0f6ad10a,10.3,184.8,184.7,0:45:03,12:20:54,-,-,0,-,,,,,04,3,00000000,00,10,
2025-10-03 12:46:36,,,,867488067684034,4101,HBD,,,,,,,,,,,,,,,,,,,,,,,,,,,,,,,,,,,,,,,,,,,,,,,,,,
2025-10-03 12:47:59,,,,867488067684034,4103,HBD,,,,,,,,,,,,,,,,,,,,,,,,,,,,,,,,,,,,,,,,,,,,,,,,,,
2025-10-03 12:48:00,2025-10-03 12:48:00,2025-10-03 12:47:58,2025-10-03 12:45:20,867488067684034,4104,GTERI,0x19fe3fbf,0x00028102,802003,0x8303,0x0115,100,27999,0000,-,01,00,22,12,12,-,01,01,19.5,27.6,177,357,1075,1073,-25.052197,-25.054267,-51.536115,-51.536149,0724,0004,85da,0f6ad116,10.7,185.3,184.9,0:48:03,12:23:54,-,-,0,-,,,,,04,1,00000000,00,10,
2025-10-03 12:50:37,,,,867488067684034,4106,HBD,,,,,,,,,,,,,,,,,,,,,,,,,,,,,,,,,,,,,,,,,,,,,,,,,,
2025-10-03 12:50:59,2025-10-03 12:51:00,2025-10-03 12:50:58,2025-10-03 12:49:13,867488067684034,4107,GTERI,0x19fe3fbf,0x00028102,802003,0x8303,0x0115,100,28026,0000,-,01,00,22,12,12,-,01,01,0.0,40.1,177,353,1058,1071,-25.048509,-25.051522,-51.536415,-51.53507,0724,0004,85da,0f6ad10a,11.4,186.0,185.5,0:51:03,12:26:54,-,-,0,-,,,,,04,3,00000000,00,10,
2025-10-03 12:52:38,,,,867488067684034,4109,HBD,,,,,,,,,,,,,,,,,,,,,,,,,,,,,,,,,,,,,,,,,,,,,,,,,,
2025-10-03 12:53:59,,,,867488067684034,4111,HBD,,,,,,,,,,,,,,,,,,,,,,,,,,,,,,,,,,,,,,,,,,,,,,,,,,
2025-10-03 12:54:00,2025-10-03 12:54:00,2025-10-03 12:53:58,2025-10-03 12:52:08,867488067684034,4112,GTERI,0x19fe3fbf,0x00028102,802003,0x8303,0x0115,100,28026,0000,-,01,00,22,12,12,-,01,01,14.2,35.1,45,348,1071,1045,-25.045008,-25.046457,-51.534776,-51.536915,0724,0004,85da,0f6ad10a,12.1,186.7,186.2,0:54:03,12:29:54,-,-,0,-,,,,,04,3,00000000,00,10,
2025-10-03 12:56:38,,,,867488067684034,4114,HBD,,,,,,,,,,,,,,,,,,,,,,,,,,,,,,,,,,,,,,,,,,,,,,,,,,
2025-10-03 12:56:59,2025-10-03 12:57:00,2025-10-03 12:56:58,2025-10-03 12:54:11,867488067684034,4115,GTERI,0x19fe3fbf,0x00028102,802003,0x8303,0x0115,100,28017,0000,-,01,00,22,12,12,-,01,01,0.0,26.2,45,325,1061,1071,-25.041747,-25.04448,-51.536474,-51.534842,0724,0004,85da,0f6ad117,12.6,187.2,186.7,0:57:03,12:32:54,-,-,0,-,,,,,04,1,00000000,00,10,
2025-10-03 12:58:39,,,,867488067684034,4117,HBD,,,,,,,,,,,,,,,,,,,,,,,,,,,,,,,,,,,,,,,,,,,,,,,,,,
2025-10-03 12:59:59,,,,867488067684034,4119,HBD,,,,,,,,,,,,,,,,,,,,,,,,,,,,,,,,,,,,,,,,,,,,,,,,,,
2025-10-03 13:00:00,2025-10-03 13:00:00,2025-10-03 12:59:58,2025-10-03 12:59:12,867488067684034,4120,GTERI,0x19fe3fbf,0x00028102,802003,0x8303,0x0115,100,28002,0000,-,01,00,22,12,12,-,01,01,13.2,22.1,150,79,1080,1070,-25.043243,-25.04254,-51.533884,-51.534817,0724,0004,85da,0f6ad10a,13.0,187.5,187.4,1:00:03,12:35:54,-,-,0,-,,,,,04,3,00000000,00,10,
2025-10-03 13:00:54,2025-10-03 13:00:54,2025-10-03 13:00:53,2025-10-03 13:00:53,867488067684034,4121,GTIGF,0x19fe7fbf,,802003,0x8303,0x0115,100,27855,0000,0000,00,00,12,12,12,3659,01,01,0.0,0.0,150,150,1075,1075,-25.04279,-25.04279,-51.5341,-51.5341,0724,0004,85da,0f6ad116,13.0,187.6,187.6,1:00:57,12:36:48,-,-,0,-,,,,,,,,,,
2025-10-03 13:00:54,2025-10-03 13:00:54,2025-10-03 13:00:53,2025-10-03 13:00:53,867488067684034,4122,GTSTT,0x19fe7fbf,,802003,0x8303,0x0115,100,27855,0000,0000,00,00,12,12,12,-,01,01,0.0,0.0,150,150,1075,1075,-25.04279,-25.04279,-51.5341,-51.5341,0724,0004,85da,0f6ad116,13.0,187.6,187.6,1:00:57,12:36:48,-,-,0,-,,,,,,,,,,
2025-10-03 13:00:54,2025-10-03 13:00:55,2025-10-03 13:00:54,2025-10-03 13:00:54,867488067684034,4123,GTIGL,0x19fe7fbf,,802003,0x8303,0x0115,100,27855,0000,0000,00,00,12,12,12,-,01,01,0.0,0.0,150,150,1075,1075,-25.04279,-25.04279,-51.5341,-51.5341,0724,0004,85da,0f6ad116,13.0,187.6,187.6,1:00:57,12:36:48,-,-,0,-,,,,,,,,,01,
2025-10-03 13:00:59,,,,867488067684034,4124,ACK,,,,,,,,,,,,,,,,,,,,,,,,,,,,,,,,,,,,,,,,,,,,,,,,,,
2025-10-03 13:00:59,,,,867488067684034,4125,ACK,,,,,,,,,,,,,,,,,,,,,,,,,,,,,,,,,,,,,,,,,,,,,,,,,,
2025-10-03 13:02:14,,,,867488067684034,4127,HBD,,,,,,,,,,,,,,,,,,,,,,,,,,,,,,,,,,,,,,,,,,,,,,,,,,
2025-10-03 13:02:14,2025-10-03 13:02:14,2025-10-03 13:02:13,2025-10-03 13:02:13,867488067684034,4128,GTSTT,0x19fe7fbf,,802003,0x8303,0x0115,100,25896,0000,0000,00,00,11,12,12,-,01,01,0.0,0.0,150,150,1075,1075,-25.04279,-25.04279,-51.5341,-51.5341,0724,0004,85da,0f6ad116,13.0,187.6,187.6,1:00:57,12:36:48,-,-,0,-,,,,,,,,,,
2025-10-03 13:02:59,2025-10-03 13:03:00,2025-10-03 13:02:58,2025-10-03 13:02:58,867488067684034,4129,GTERI,0x19fe3fbf,0x00028102,802003,0x8303,0x0115,100,26019,0000,-,00,00,11,12,12,-,01,01,0.0,0.0,150,150,1075,1075,-25.04279,-25.04279,-51.5341,-51.5341,0724,0004,85da,0f6ad116,13.0,187.6,187.6,1:00:57,12:36:48,-,-,0,-,,,,,04,1,00000000,00,10,
2025-10-03 13:04:40,,,,867488067684034,4131,HBD,,,,,,,,,,,,,,,,,,,,,,,,,,,,,,,,,,,,,,,,,,,,,,,,,,
2025-10-03 13:05:54,,,,867488067684034,4133,HBD,,,,,,,,,,,,,,,,,,,,,,,,,,,,,,,,,,,,,,,,,,,,,,,,,,
2025-10-03 13:05:54,2025-10-03 13:05:54,2025-10-03 13:05:54,2025-10-03 13:05:54,867488067684034,4134,GTERI,0x19fe3fbf,0x00028102,802003,0x8303,0x0115,100,26031,0000,-,00,00,11,12,12,-,01,01,0.0,0.0,150,150,1075,1075,-25.04279,-25.04279,-51.5341,-51.5341,0724,0004,85da,0f6ad116,13.0,187.6,187.6,1:00:57,12:36:48,-,-,0,-,,,,,04,1,00000000,00,10,
2025-10-03 13:08:41,,,,867488067684034,4135,HBD,,,,,,,,,,,,,,,,,,,,,,,,,,,,,,,,,,,,,,,,,,,,,,,,,,
2025-10-03 13:10:42,,,,867488067684034,4136,HBD,,,,,,,,,,,,,,,,,,,,,,,,,,,,,,,,,,,,,,,,,,,,,,,,,,
2025-10-03 13:12:24,,,,867488067684034,4137,HBD,,,,,,,,,,,,,,,,,,,,,,,,,,,,,,,,,,,,,,,,,,,,,,,,,,
2025-10-03 13:12:24,,,,867488067684034,4138,GTINF,,,,,,,,,,,,,,,,,,,,,,,,,,,,,,,,,,,,,,,,,,c1,4200,03,,,,,,
2025-10-03 13:14:42,,,,867488067684034,4139,HBD,,,,,,,,,,,,,,,,,,,,,,,,,,,,,,,,,,,,,,,,,,,,,,,,,,
2025-10-03 13:16:43,,,,867488067684034,4140,HBD,,,,,,,,,,,,,,,,,,,,,,,,,,,,,,,,,,,,,,,,,,,,,,,,,,
2025-10-03 13:18:43,,,,867488067684034,4141,HBD,,,,,,,,,,,,,,,,,,,,,,,,,,,,,,,,,,,,,,,,,,,,,,,,,,
2025-10-03 13:20:44,,,,867488067684034,4142,HBD,,,,,,,,,,,,,,,,,,,,,,,,,,,,,,,,,,,,,,,,,,,,,,,,,,
2025-10-03 13:22:44,,,,867488067684034,4143,HBD,,,,,,,,,,,,,,,,,,,,,,,,,,,,,,,,,,,,,,,,,,,,,,,,,,
2025-10-03 13:24:45,,,,867488067684034,4144,HBD,,,,,,,,,,,,,,,,,,,,,,,,,,,,,,,,,,,,,,,,,,,,,,,,,,
2025-10-03 13:26:45,,,,867488067684034,4145,HBD,,,,,,,,,,,,,,,,,,,,,,,,,,,,,,,,,,,,,,,,,,,,,,,,,,
2025-10-03 13:28:46,,,,867488067684034,4146,HBD,,,,,,,,,,,,,,,,,,,,,,,,,,,,,,,,,,,,,,,,,,,,,,,,,,
2025-10-03 13:30:46,,,,867488067684034,4147,HBD,,,,,,,,,,,,,,,,,,,,,,,,,,,,,,,,,,,,,,,,,,,,,,,,,,
2025-10-03 13:32:47,,,,867488067684034,4148,HBD,,,,,,,,,,,,,,,,,,,,,,,,,,,,,,,,,,,,,,,,,,,,,,,,,,
2025-10-03 13:34:47,,,,867488067684034,4149,HBD,,,,,,,,,,,,,,,,,,,,,,,,,,,,,,,,,,,,,,,,,,,,,,,,,,
2025-10-03 13:35:47,,,,867488067684034,4150,HBD,,,,,,,,,,,,,,,,,,,,,,,,,,,,,,,,,,,,,,,,,,,,,,,,,,
2025-10-03 13:37:48,,,,867488067684034,4151,HBD,,,,,,,,,,,,,,,,,,,,,,,,,,,,,,,,,,,,,,,,,,,,,,,,,,
2025-10-03 13:39:48,,,,867488067684034,4152,HBD,,,,,,,,,,,,,,,,,,,,,,,,,,,,,,,,,,,,,,,,,,,,,,,,,,
2025-10-03 13:41:49,,,,867488067684034,4153,HBD,,,,,,,,,,,,,,,,,,,,,,,,,,,,,,,,,,,,,,,,,,,,,,,,,,
2025-10-03 13:43:49,,,,867488067684034,4154,HBD,,,,,,,,,,,,,,,,,,,,,,,,,,,,,,,,,,,,,,,,,,,,,,,,,,
2025-10-03 13:45:50,,,,867488067684034,4155,HBD,,,,,,,,,,,,,,,,,,,,,,,,,,,,,,,,,,,,,,,,,,,,,,,,,,
2025-10-03 13:47:50,,,,867488067684034,4156,HBD,,,,,,,,,,,,,,,,,,,,,,,,,,,,,,,,,,,,,,,,,,,,,,,,,,
2025-10-03 13:49:51,,,,867488067684034,4157,HBD,,,,,,,,,,,,,,,,,,,,,,,,,,,,,,,,,,,,,,,,,,,,,,,,,,
2025-10-03 13:51:51,,,,867488067684034,4158,HBD,,,,,,,,,,,,,,,,,,,,,,,,,,,,,,,,,,,,,,,,,,,,,,,,,,
2025-10-03 13:53:51,,,,867488067684034,4159,HBD,,,,,,,,,,,,,,,,,,,,,,,,,,,,,,,,,,,,,,,,,,,,,,,,,,
2025-10-03 13:55:52,,,,867488067684034,4160,HBD,,,,,,,,,,,,,,,,,,,,,,,,,,,,,,,,,,,,,,,,,,,,,,,,,,
2025-10-03 13:57:52,,,,867488067684034,4161,HBD,,,,,,,,,,,,,,,,,,,,,,,,,,,,,,,,,,,,,,,,,,,,,,,,,,
2025-10-03 13:59:53,,,,867488067684034,4162,HBD,,,,,,,,,,,,,,,,,,,,,,,,,,,,,,,,,,,,,,,,,,,,,,,,,,
2025-10-03 14:01:53,,,,867488067684034,4163,HBD,,,,,,,,,,,,,,,,,,,,,,,,,,,,,,,,,,,,,,,,,,,,,,,,,,
2025-10-03 14:03:54,,,,867488067684034,4164,HBD,,,,,,,,,,,,,,,,,,,,,,,,,,,,,,,,,,,,,,,,,,,,,,,,,,
2025-10-03 14:05:49,,,,867488067684034,4165,HBD,,,,,,,,,,,,,,,,,,,,,,,,,,,,,,,,,,,,,,,,,,,,,,,,,,
2025-10-03 14:05:50,2025-10-03 14:05:50,2025-10-03 14:03:23,2025-10-03 14:03:23,867488067684034,4166,GTERI,0x19fe3fbf,0x00028102,802003,0x8303,0x0115,100,25785,0000,-,00,00,11,12,12,-,01,01,0.0,0.0,150,150,1075,1075,-25.04279,-25.04279,-51.5341,-51.5341,0724,0004,85da,0f6ad116,13.0,187.6,187.6,1:00:57,12:36:48,-,-,0,-,,,,,04,1,00000000,00,10,
2025-10-03 14:07:55,,,,867488067684034,4167,HBD,,,,,,,,,,,,,,,,,,,,,,,,,,,,,,,,,,,,,,,,,,,,,,,,,,
2025-10-03 14:09:55,,,,867488067684034,4168,HBD,,,,,,,,,,,,,,,,,,,,,,,,,,,,,,,,,,,,,,,,,,,,,,,,,,
2025-10-03 14:11:55,,,,867488067684034,4169,HBD,,,,,,,,,,,,,,,,,,,,,,,,,,,,,,,,,,,,,,,,,,,,,,,,,,
2025-10-03 14:13:56,,,,867488067684034,4170,HBD,,,,,,,,,,,,,,,,,,,,,,,,,,,,,,,,,,,,,,,,,,,,,,,,,,
2025-10-03 14:15:56,,,,867488067684034,4171,HBD,,,,,,,,,,,,,,,,,,,,,,,,,,,,,,,,,,,,,,,,,,,,,,,,,,
2025-10-03 14:17:57,,,,867488067684034,4172,HBD,,,,,,,,,,,,,,,,,,,,,,,,,,,,,,,,,,,,,,,,,,,,,,,,,,
2025-10-03 14:19:57,,,,867488067684034,4173,HBD,,,,,,,,,,,,,,,,,,,,,,,,,,,,,,,,,,,,,,,,,,,,,,,,,,
2025-10-03 14:21:58,,,,867488067684034,4174,HBD,,,,,,,,,,,,,,,,,,,,,,,,,,,,,,,,,,,,,,,,,,,,,,,,,,
2025-10-03 14:23:58,,,,867488067684034,4175,HBD,,,,,,,,,,,,,,,,,,,,,,,,,,,,,,,,,,,,,,,,,,,,,,,,,,
2025-10-03 14:25:59,,,,867488067684034,4176,HBD,,,,,,,,,,,,,,,,,,,,,,,,,,,,,,,,,,,,,,,,,,,,,,,,,,
2025-10-03 14:28:00,,,,867488067684034,4177,HBD,,,,,,,,,,,,,,,,,,,,,,,,,,,,,,,,,,,,,,,,,,,,,,,,,,
2025-10-03 14:30:00,,,,867488067684034,4178,HBD,,,,,,,,,,,,,,,,,,,,,,,,,,,,,,,,,,,,,,,,,,,,,,,,,,
2025-10-03 14:32:01,,,,867488067684034,4179,HBD,,,,,,,,,,,,,,,,,,,,,,,,,,,,,,,,,,,,,,,,,,,,,,,,,,
2025-10-03 14:34:01,,,,867488067684034,4180,HBD,,,,,,,,,,,,,,,,,,,,,,,,,,,,,,,,,,,,,,,,,,,,,,,,,,
2025-10-03 14:36:02,,,,867488067684034,4181,HBD,,,,,,,,,,,,,,,,,,,,,,,,,,,,,,,,,,,,,,,,,,,,,,,,,,
2025-10-03 14:38:02,,,,867488067684034,4182,HBD,,,,,,,,,,,,,,,,,,,,,,,,,,,,,,,,,,,,,,,,,,,,,,,,,,
2025-10-03 14:40:03,,,,867488067684034,4183,HBD,,,,,,,,,,,,,,,,,,,,,,,,,,,,,,,,,,,,,,,,,,,,,,,,,,
2025-10-03 14:42:03,,,,867488067684034,4184,HBD,,,,,,,,,,,,,,,,,,,,,,,,,,,,,,,,,,,,,,,,,,,,,,,,,,
2025-10-03 14:44:04,,,,867488067684034,4185,HBD,,,,,,,,,,,,,,,,,,,,,,,,,,,,,,,,,,,,,,,,,,,,,,,,,,
2025-10-03 14:46:04,,,,867488067684034,4186,HBD,,,,,,,,,,,,,,,,,,,,,,,,,,,,,,,,,,,,,,,,,,,,,,,,,,
2025-10-03 14:48:05,,,,867488067684034,4187,HBD,,,,,,,,,,,,,,,,,,,,,,,,,,,,,,,,,,,,,,,,,,,,,,,,,,
2025-10-03 14:50:05,,,,867488067684034,4188,HBD,,,,,,,,,,,,,,,,,,,,,,,,,,,,,,,,,,,,,,,,,,,,,,,,,,
2025-10-03 14:52:05,,,,867488067684034,4189,HBD,,,,,,,,,,,,,,,,,,,,,,,,,,,,,,,,,,,,,,,,,,,,,,,,,,
2025-10-03 14:54:06,,,,867488067684034,4190,HBD,,,,,,,,,,,,,,,,,,,,,,,,,,,,,,,,,,,,,,,,,,,,,,,,,,
2025-10-03 14:56:06,,,,867488067684034,4191,HBD,,,,,,,,,,,,,,,,,,,,,,,,,,,,,,,,,,,,,,,,,,,,,,,,,,
2025-10-03 14:58:07,,,,867488067684034,4192,HBD,,,,,,,,,,,,,,,,,,,,,,,,,,,,,,,,,,,,,,,,,,,,,,,,,,
2025-10-03 15:00:07,,,,867488067684034,4193,HBD,,,,,,,,,,,,,,,,,,,,,,,,,,,,,,,,,,,,,,,,,,,,,,,,,,
2025-10-03 15:02:08,,,,867488067684034,4194,HBD,,,,,,,,,,,,,,,,,,,,,,,,,,,,,,,,,,,,,,,,,,,,,,,,,,
2025-10-03 15:04:08,,,,867488067684034,4195,HBD,,,,,,,,,,,,,,,,,,,,,,,,,,,,,,,,,,,,,,,,,,,,,,,,,,
2025-10-03 15:05:49,,,,867488067684034,4196,HBD,,,,,,,,,,,,,,,,,,,,,,,,,,,,,,,,,,,,,,,,,,,,,,,,,,
2025-10-03 15:05:50,2025-10-03 15:05:50,2025-10-03 15:03:25,2025-10-03 15:03:25,867488067684034,4197,GTERI,0x19fe3fbf,0x00028102,802003,0x8303,0x0115,100,25691,0000,-,00,00,11,12,12,-,01,01,0.0,0.0,150,150,1075,1075,-25.04279,-25.04279,-51.5341,-51.5341,0724,0004,85da,0f6ad116,13.0,187.6,187.6,1:00:57,12:36:48,-,-,0,-,,,,,04,1,00000000,00,10,
2025-10-03 15:08:09,,,,867488067684034,4198,HBD,,,,,,,,,,,,,,,,,,,,,,,,,,,,,,,,,,,,,,,,,,,,,,,,,,
2025-10-03 15:10:09,,,,867488067684034,4199,HBD,,,,,,,,,,,,,,,,,,,,,,,,,,,,,,,,,,,,,,,,,,,,,,,,,,
2025-10-03 15:12:10,,,,867488067684034,4200,HBD,,,,,,,,,,,,,,,,,,,,,,,,,,,,,,,,,,,,,,,,,,,,,,,,,,
2025-10-03 15:14:10,,,,867488067684034,4201,HBD,,,,,,,,,,,,,,,,,,,,,,,,,,,,,,,,,,,,,,,,,,,,,,,,,,
2025-10-03 15:16:11,,,,867488067684034,4202,HBD,,,,,,,,,,,,,,,,,,,,,,,,,,,,,,,,,,,,,,,,,,,,,,,,,,
2025-10-03 15:18:11,,,,867488067684034,4203,HBD,,,,,,,,,,,,,,,,,,,,,,,,,,,,,,,,,,,,,,,,,,,,,,,,,,
2025-10-03 15:20:12,,,,867488067684034,4204,HBD,,,,,,,,,,,,,,,,,,,,,,,,,,,,,,,,,,,,,,,,,,,,,,,,,,
2025-10-03 15:22:12,,,,867488067684034,4205,HBD,,,,,,,,,,,,,,,,,,,,,,,,,,,,,,,,,,,,,,,,,,,,,,,,,,
2025-10-03 15:24:13,,,,867488067684034,4206,HBD,,,,,,,,,,,,,,,,,,,,,,,,,,,,,,,,,,,,,,,,,,,,,,,,,,
2025-10-03 15:26:13,,,,867488067684034,4207,HBD,,,,,,,,,,,,,,,,,,,,,,,,,,,,,,,,,,,,,,,,,,,,,,,,,,
2025-10-03 15:28:14,,,,867488067684034,4208,HBD,,,,,,,,,,,,,,,,,,,,,,,,,,,,,,,,,,,,,,,,,,,,,,,,,,
2025-10-03 15:30:14,,,,867488067684034,4209,HBD,,,,,,,,,,,,,,,,,,,,,,,,,,,,,,,,,,,,,,,,,,,,,,,,,,
2025-10-03 15:32:15,,,,867488067684034,4210,HBD,,,,,,,,,,,,,,,,,,,,,,,,,,,,,,,,,,,,,,,,,,,,,,,,,,
2025-10-03 15:34:15,,,,867488067684034,4211,HBD,,,,,,,,,,,,,,,,,,,,,,,,,,,,,,,,,,,,,,,,,,,,,,,,,,
2025-10-03 15:36:16,,,,867488067684034,4212,HBD,,,,,,,,,,,,,,,,,,,,,,,,,,,,,,,,,,,,,,,,,,,,,,,,,,
2025-10-03 15:38:16,,,,867488067684034,4213,HBD,,,,,,,,,,,,,,,,,,,,,,,,,,,,,,,,,,,,,,,,,,,,,,,,,,
2025-10-03 15:40:17,,,,867488067684034,4214,HBD,,,,,,,,,,,,,,,,,,,,,,,,,,,,,,,,,,,,,,,,,,,,,,,,,,
2025-10-03 15:42:17,,,,867488067684034,4215,HBD,,,,,,,,,,,,,,,,,,,,,,,,,,,,,,,,,,,,,,,,,,,,,,,,,,
2025-10-03 15:44:17,,,,867488067684034,4216,HBD,,,,,,,,,,,,,,,,,,,,,,,,,,,,,,,,,,,,,,,,,,,,,,,,,,
2025-10-03 15:46:18,,,,867488067684034,4217,HBD,,,,,,,,,,,,,,,,,,,,,,,,,,,,,,,,,,,,,,,,,,,,,,,,,,
2025-10-03 15:48:18,,,,867488067684034,4218,HBD,,,,,,,,,,,,,,,,,,,,,,,,,,,,,,,,,,,,,,,,,,,,,,,,,,
2025-10-03 15:50:19,,,,867488067684034,4219,HBD,,,,,,,,,,,,,,,,,,,,,,,,,,,,,,,,,,,,,,,,,,,,,,,,,,
2025-10-03 15:52:19,,,,867488067684034,4220,HBD,,,,,,,,,,,,,,,,,,,,,,,,,,,,,,,,,,,,,,,,,,,,,,,,,,
2025-10-03 15:54:20,,,,867488067684034,4221,HBD,,,,,,,,,,,,,,,,,,,,,,,,,,,,,,,,,,,,,,,,,,,,,,,,,,
2025-10-03 15:56:20,,,,867488067684034,4222,HBD,,,,,,,,,,,,,,,,,,,,,,,,,,,,,,,,,,,,,,,,,,,,,,,,,,
2025-10-03 15:58:21,,,,867488067684034,4223,HBD,,,,,,,,,,,,,,,,,,,,,,,,,,,,,,,,,,,,,,,,,,,,,,,,,,
2025-10-03 16:00:21,,,,867488067684034,4224,HBD,,,,,,,,,,,,,,,,,,,,,,,,,,,,,,,,,,,,,,,,,,,,,,,,,,
2025-10-03 16:02:22,,,,867488067684034,4225,HBD,,,,,,,,,,,,,,,,,,,,,,,,,,,,,,,,,,,,,,,,,,,,,,,,,,
2025-10-03 16:04:22,,,,867488067684034,4226,HBD,,,,,,,,,,,,,,,,,,,,,,,,,,,,,,,,,,,,,,,,,,,,,,,,,,
2025-10-03 16:05:49,,,,867488067684034,4227,HBD,,,,,,,,,,,,,,,,,,,,,,,,,,,,,,,,,,,,,,,,,,,,,,,,,,
2025-10-03 16:05:50,2025-10-03 16:05:50,2025-10-03 16:03:28,2025-10-03 16:03:28,867488067684034,4228,GTERI,0x19fe3fbf,0x00028102,802003,0x8303,0x0115,100,25659,0000,-,00,00,11,5,5,-,01,01,0.0,0.0,150,150,1075,1075,-25.04279,-25.04279,-51.5341,-51.5341,0724,0004,85da,0f6ad116,13.0,187.6,187.6,1:00:57,12:36:48,-,-,0,-,,,,,04,1,00000000,00,10,
2025-10-03 16:08:23,,,,867488067684034,4229,HBD,,,,,,,,,,,,,,,,,,,,,,,,,,,,,,,,,,,,,,,,,,,,,,,,,,
2025-10-03 16:10:23,,,,867488067684034,4230,HBD,,,,,,,,,,,,,,,,,,,,,,,,,,,,,,,,,,,,,,,,,,,,,,,,,,
2025-10-03 16:12:24,,,,867488067684034,4231,HBD,,,,,,,,,,,,,,,,,,,,,,,,,,,,,,,,,,,,,,,,,,,,,,,,,,
2025-10-03 16:14:24,,,,867488067684034,4232,HBD,,,,,,,,,,,,,,,,,,,,,,,,,,,,,,,,,,,,,,,,,,,,,,,,,,
2025-10-03 16:16:25,,,,867488067684034,4233,HBD,,,,,,,,,,,,,,,,,,,,,,,,,,,,,,,,,,,,,,,,,,,,,,,,,,
2025-10-03 16:18:25,,,,867488067684034,4234,HBD,,,,,,,,,,,,,,,,,,,,,,,,,,,,,,,,,,,,,,,,,,,,,,,,,,
2025-10-03 16:20:26,,,,867488067684034,4235,HBD,,,,,,,,,,,,,,,,,,,,,,,,,,,,,,,,,,,,,,,,,,,,,,,,,,
2025-10-03 16:22:26,,,,867488067684034,4236,HBD,,,,,,,,,,,,,,,,,,,,,,,,,,,,,,,,,,,,,,,,,,,,,,,,,,
2025-10-03 16:24:27,,,,867488067684034,4237,HBD,,,,,,,,,,,,,,,,,,,,,,,,,,,,,,,,,,,,,,,,,,,,,,,,,,
2025-10-03 16:26:27,,,,867488067684034,4238,HBD,,,,,,,,,,,,,,,,,,,,,,,,,,,,,,,,,,,,,,,,,,,,,,,,,,
2025-10-03 16:28:28,,,,867488067684034,4239,HBD,,,,,,,,,,,,,,,,,,,,,,,,,,,,,,,,,,,,,,,,,,,,,,,,,,
2025-10-03 16:30:28,,,,867488067684034,4240,HBD,,,,,,,,,,,,,,,,,,,,,,,,,,,,,,,,,,,,,,,,,,,,,,,,,,
2025-10-03 16:32:29,,,,867488067684034,4241,HBD,,,,,,,,,,,,,,,,,,,,,,,,,,,,,,,,,,,,,,,,,,,,,,,,,,
2025-10-03 16:34:29,,,,867488067684034,4242,HBD,,,,,,,,,,,,,,,,,,,,,,,,,,,,,,,,,,,,,,,,,,,,,,,,,,
2025-10-03 16:36:30,,,,867488067684034,4243,HBD,,,,,,,,,,,,,,,,,,,,,,,,,,,,,,,,,,,,,,,,,,,,,,,,,,
2025-10-03 16:38:30,,,,867488067684034,4244,HBD,,,,,,,,,,,,,,,,,,,,,,,,,,,,,,,,,,,,,,,,,,,,,,,,,,
2025-10-03 16:40:30,,,,867488067684034,4245,HBD,,,,,,,,,,,,,,,,,,,,,,,,,,,,,,,,,,,,,,,,,,,,,,,,,,
2025-10-03 16:42:31,,,,867488067684034,4246,HBD,,,,,,,,,,,,,,,,,,,,,,,,,,,,,,,,,,,,,,,,,,,,,,,,,,
2025-10-03 16:44:31,,,,867488067684034,4247,HBD,,,,,,,,,,,,,,,,,,,,,,,,,,,,,,,,,,,,,,,,,,,,,,,,,,
2025-10-03 16:46:32,,,,867488067684034,4248,HBD,,,,,,,,,,,,,,,,,,,,,,,,,,,,,,,,,,,,,,,,,,,,,,,,,,
2025-10-03 16:48:32,,,,867488067684034,4249,HBD,,,,,,,,,,,,,,,,,,,,,,,,,,,,,,,,,,,,,,,,,,,,,,,,,,
2025-10-03 16:50:33,,,,867488067684034,4250,HBD,,,,,,,,,,,,,,,,,,,,,,,,,,,,,,,,,,,,,,,,,,,,,,,,,,
2025-10-03 16:52:33,,,,867488067684034,4251,HBD,,,,,,,,,,,,,,,,,,,,,,,,,,,,,,,,,,,,,,,,,,,,,,,,,,
2025-10-03 16:54:34,,,,867488067684034,4252,HBD,,,,,,,,,,,,,,,,,,,,,,,,,,,,,,,,,,,,,,,,,,,,,,,,,,
2025-10-03 16:55:56,,,,867488067684034,4253,HBD,,,,,,,,,,,,,,,,,,,,,,,,,,,,,,,,,,,,,,,,,,,,,,,,,,
2025-10-03 16:55:56,2025-10-03 16:55:56,2025-10-03 16:03:28,2025-10-03 13:00:32,867488067684034,4255,GTIGN,0x19fe7fbf,,802003,0x8303,0x0115,100,25521,0000,0000,01,00,21,5,12,14102,00,01,0.0,11.6,150,328,1075,1078,-25.04279,-25.043065,-51.5341,-51.53406,0724,0004,85da,0f6ad116,0.0,187.6,187.6,0:00:00,12:36:48,-,-,0,-,,,,,,,,,,
2025-10-03 16:55:57,2025-10-03 16:55:56,2025-10-03 16:03:28,2025-10-03 16:03:28,867488067684034,4256,GTSTT,0x19fe7fbf,,802003,0x8303,0x0115,100,25521,0000,0000,01,00,21,5,5,-,00,00,0.0,0.0,150,150,1075,1075,-25.04279,-25.04279,-51.5341,-51.5341,0724,0004,85da,0f6ad116,0.0,187.6,187.6,0:00:00,12:36:48,-,-,0,-,,,,,,,,,,
2025-10-03 16:55:59,2025-10-03 16:55:59,2025-10-03 16:03:28,2025-10-03 16:03:28,867488067684034,4257,GTSTT,0x19fe7fbf,,802003,0x8303,0x0115,100,25521,0000,0000,01,00,22,5,5,-,00,00,0.0,0.0,150,150,1075,1075,-25.04279,-25.04279,-51.5341,-51.5341,0724,0004,85da,0f6ad116,0.0,187.6,187.6,0:00:00,12:36:48,-,-,0,-,,,,,,,,,,
2025-10-03 16:56:22,2025-10-03 16:56:23,2025-10-03 16:56:22,2025-10-03 16:56:22,867488067684034,4258,GTERI,0x19fe3fbf,0x00028102,802003,0x8303,0x0115,100,27949,0000,-,01,00,22,7,7,-,01,01,0.0,0.0,150,150,1090,1090,-25.042748,-25.042748,-51.534115,-51.534115,0724,0004,85da,0f6ad116,0.0,187.6,187.6,0:00:24,12:37:12,-,-,0,-,,,,,04,1,00000000,00,10,
2025-10-03 16:56:22,2025-10-03 16:56:23,2025-10-03 16:56:22,2025-10-03 16:56:22,867488067684034,4259,GTIGL,0x19fe7fbf,,802003,0x8303,0x0115,100,27949,0000,0000,01,00,22,7,7,-,01,01,0.0,0.0,150,150,1090,1090,-25.042748,-25.042748,-51.534115,-51.534115,0724,0004,85da,0f6ad116,0.0,187.6,187.6,0:00:24,12:37:12,-,-,0,-,,,,,,,,,00,
2025-10-03 16:58:35,,,,867488067684034,4260,HBD,,,,,,,,,,,,,,,,,,,,,,,,,,,,,,,,,,,,,,,,,,,,,,,,,,
2025-10-03 16:59:05,2025-10-03 16:59:06,2025-10-03 16:59:04,2025-10-03 16:58:47,867488067684034,4262,GTERI,0x19fe3fbf,0x00028102,802003,0x8303,0x0115,100,28025,0000,-,01,00,22,12,12,-,01,01,20.0,48.2,173,172,1059,1056,-25.04796,-25.046654,-51.535577,-51.535745,0724,0004,85da,0f6ad10a,0.8,188.4,188.3,0:03:09,12:39:57,-,-,0,-,,,,,04,3,00000000,00,10,
2025-10-03 17:00:00,,,,867488067684034,4263,HBD,,,,,,,,,,,,,,,,,,,,,,,,,,,,,,,,,,,,,,,,,,,,,,,,,,
2025-10-03 17:00:01,,,,867488067684034,4265,ACK,,,,,,,,,,,,,,,,,,,,,,,,,,,,,,,,,,,,,,,,,,,,,,,,,,
2025-10-03 17:00:01,,,,867488067684034,4266,ACK,,,,,,,,,,,,,,,,,,,,,,,,,,,,,,,,,,,,,,,,,,,,,,,,,,
2025-10-03 17:00:01,,,,867488067684034,4267,ACK,,,,,,,,,,,,,,,,,,,,,,,,,,,,,,,,,,,,,,,,,,,,,,,,,,
2025-10-03 17:02:05,,,,867488067684034,4268,HBD,,,,,,,,,,,,,,,,,,,,,,,,,,,,,,,,,,,,,,,,,,,,,,,,,,
2025-10-03 17:02:06,2025-10-03 17:02:06,2025-10-03 17:02:04,2025-10-03 16:59:06,867488067684034,4270,GTERI,0x19fe3fbf,0x00028102,802003,0x8303,0x0115,100,27999,0000,-,01,00,22,12,12,-,01,01,0.0,29.6,262,174,1059,1059,-25.048526,-25.048089,-51.536216,-51.535563,0724,0004,85da,0f6ad10a,1.0,188.6,188.5,0:06:09,12:42:57,-,-,0,-,,,,,04,3,00000000,00,10,
2025-10-03 17:04:36,,,,867488067684034,4271,HBD,,,,,,,,,,,,,,,,,,,,,,,,,,,,,,,,,,,,,,,,,,,,,,,,,,
2025-10-03 17:05:05,2025-10-03 17:05:06,2025-10-03 17:05:04,2025-10-03 17:04:57,867488067684034,4273,GTERI,0x19fe3fbf,0x00028102,802003,0x8303,0x0115,100,27971,0000,-,01,00,22,12,12,-,01,01,18.7,33.6,350,354,1071,1073,-25.050908,-25.051383,-51.535128,-51.535069,0724,0004,85da,0f6ad10a,1.7,189.3,189.3,0:09:09,12:45:57,-,-,0,-,,,,,04,3,00000000,00,10,
2025-10-03 17:06:36,,,,867488067684034,4274,HBD,,,,,,,,,,,,,,,,,,,,,,,,,,,,,,,,,,,,,,,,,,,,,,,,,,
2025-10-03 17:08:05,,,,867488067684034,4276,HBD,,,,,,,,,,,,,,,,,,,,,,,,,,,,,,,,,,,,,,,,,,,,,,,,,,
2025-10-03 17:08:06,2025-10-03 17:08:06,2025-10-03 17:08:04,2025-10-03 17:08:00,867488067684034,4278,GTERI,0x19fe3fbf,0x00028102,802003,0x8303,0x0115,100,28047,0000,-,01,00,22,12,12,-,01,01,30.3,33.2,90,99,1048,1049,-25.052123,-25.05209,-51.525007,-51.525358,0724,0004,85da,0f6ad109,2.9,190.5,190.4,0:12:09,12:48:57,-,-,0,-,,,,,04,3,00000000,00,10,
2025-10-03 17:10:45,,,,867488067684034,4279,HBD,,,,,,,,,,,,,,,,,,,,,,,,,,,,,,,,,,,,,,,,,,,,,,,,,,
2025-10-03 17:12:01,,,,867488067684034,4279,HBD,,,,,,,,,,,,,,,,,,,,,,,,,,,,,,,,,,,,,,,,,,,,,,,,,,
2025-10-03 17:12:02,2025-10-03 17:10:42,2025-10-03 17:10:41,2025-10-03 17:09:22,867488067684034,4281,GTPDP,0x19fe7fbf,,802003,0x8303,0x0115,100,27979,0000,0000,01,00,22,12,12,-,01,01,27.7,34.3,160,84,1008,1041,-25.054959,-25.052873,-51.518981,-51.520691,0000,0000,0000,00000000,3.7,191.3,190.9,0:14:45,12:51:33,-,-,0,-,,,,,,,,,,
2025-10-03 17:12:02,2025-10-03 17:11:06,2025-10-03 17:11:04,2025-10-03 17:10:45,867488067684034,4282,GTERI,0x19fe3fbf,0x00028102,802003,0x8303,0x0115,100,27931,0000,-,01,00,22,12,12,-,01,01,0.0,29.1,90,153,1013,1009,-25.055692,-25.055215,-51.518588,-51.518858,0724,0004,85da,0f6ad115,3.8,191.4,191.3,0:15:09,12:51:57,-,-,0,-,,,,,04,1,00000000,00,10,
2025-10-03 17:12:02,2025-10-03 17:11:23,2025-10-03 17:11:22,2025-10-03 17:11:22,867488067684034,4283,GTPDP,0x19fe7fbf,,802003,0x8303,0x0115,100,27837,0000,0000,01,00,22,12,12,-,01,01,0.0,0.0,90,90,1013,1013,-25.055692,-25.055692,-51.518588,-51.518588,0000,0000,0000,00000000,3.8,191.4,191.4,0:15:24,12:52:12,-,-,0,-,,,,,,,,,,
2025-10-03 17:12:03,,,,867488067684034,4284,HBD,,,,,,,,,,,,,,,,,,,,,,,,,,,,,,,,,,,,,,,,,,,,,,,,,,
2025-10-03 17:12:03,,,,867488067684034,4286,HBD,,,,,,,,,,,,,,,,,,,,,,,,,,,,,,,,,,,,,,,,,,,,,,,,,,
2025-10-03 17:14:05,,,,867488067684034,4288,HBD,,,,,,,,,,,,,,,,,,,,,,,,,,,,,,,,,,,,,,,,,,,,,,,,,,
2025-10-03 17:14:06,2025-10-03 17:14:06,2025-10-03 17:14:04,2025-10-03 17:12:03,867488067684034,4289,GTERI,0x19fe3fbf,0x00028102,802003,0x8303,0x0115,100,28017,0000,-,01,00,22,12,12,-,01,01,23.4,29.0,255,337,1047,1010,-25.051964,-25.055044,-51.524206,-51.518917,0724,0004,85da,0f6ad109,4.6,192.2,191.5,0:18:10,12:54:58,-,-,0,-,,,,,04,3,00000000,00,10,
2025-10-03 17:16:39,,,,867488067684034,4291,HBD,,,,,,,,,,,,,,,,,,,,,,,,,,,,,,,,,,,,,,,,,,,,,,,,,,
2025-10-03 17:17:05,2025-10-03 17:17:06,2025-10-03 17:17:04,2025-10-03 17:16:56,867488067684034,4292,GTERI,0x19fe3fbf,0x00028102,802003,0x8303,0x0115,100,28012,0000,-,01,00,22,12,12,-,01,01,37.5,51.5,263,264,1074,1071,-25.048378,-25.048277,-51.534133,-51.533125,0724,0004,85da,0f6ad10a,5.9,193.5,193.4,0:21:10,12:57:58,-,-,0,-,,,,,04,3,00000000,00,10,
2025-10-03 17:18:40,,,,867488067684034,4294,HBD,,,,,,,,,,,,,,,,,,,,,,,,,,,,,,,,,,,,,,,,,,,,,,,,,,
2025-10-03 17:20:05,,,,867488067684034,4296,HBD,,,,,,,,,,,,,,,,,,,,,,,,,,,,,,,,,,,,,,,,,,,,,,,,,,
2025-10-03 17:20:06,2025-10-03 17:20:06,2025-10-03 17:20:04,2025-10-03 17:19:18,867488067684034,4297,GTERI,0x19fe3fbf,0x00028102,802003,0x8303,0x0115,100,27945,0000,-,01,00,22,12,12,-,01,01,10.1,31.9,166,348,1026,1023,-25.047079,-25.047129,-51.540867,-51.540506,0724,0004,85da,0f6ad10a,6.9,194.5,194.3,0:24:10,13:00:58,-,-,0,-,,,,,04,3,00000000,00,10,
2025-10-03 17:20:34,2025-10-03 17:20:35,2025-10-03 17:20:33,2025-10-03 17:20:33,867488067684034,4298,GTIGF,0x19fe7fbf,,802003,0x8303,0x0115,100,27940,0000,0000,00,00,12,12,12,1478,01,01,0.0,0.0,166,166,1027,1027,-25.047401,-25.047401,-51.540816,-51.540816,0724,0004,85da,0f6ad10a,6.9,194.5,194.5,0:24:37,13:01:25,-,-,0,-,,,,,,,,,,
2025-10-03 17:20:34,2025-10-03 17:20:35,2025-10-03 17:20:33,2025-10-03 17:20:33,867488067684034,4299,GTSTT,0x19fe7fbf,,802003,0x8303,0x0115,100,27940,0000,0000,00,00,12,12,12,-,01,01,0.0,0.0,166,166,1027,1027,-25.047401,-25.047401,-51.540816,-51.540816,0724,0004,85da,0f6ad10a,6.9,194.5,194.5,0:24:37,13:01:25,-,-,0,-,,,,,,,,,,
2025-10-03 17:20:35,2025-10-03 17:20:35,2025-10-03 17:20:34,2025-10-03 17:20:34,867488067684034,4300,GTIGL,0x19fe7fbf,,802003,0x8303,0x0115,100,27940,0000,0000,00,00,12,12,12,-,01,01,0.0,0.0,166,166,1027,1027,-25.047401,-25.047401,-51.540816,-51.540816,0724,0004,85da,0f6ad10a,6.9,194.5,194.5,0:24:37,13:01:25,-,-,0,-,,,,,,,,,01,
2025-10-03 17:20:37,,,,867488067684034,4301,ACK,,,,,,,,,,,,,,,,,,,,,,,,,,,,,,,,,,,,,,,,,,,,,,,,,,
2025-10-03 17:20:37,,,,867488067684034,4302,ACK,,,,,,,,,,,,,,,,,,,,,,,,,,,,,,,,,,,,,,,,,,,,,,,,,,
2025-10-03 17:21:41,2025-10-03 17:21:41,2025-10-03 17:21:40,2025-10-03 17:21:40,867488067684034,4303,GTSTT,0x19fe7fbf,,802003,0x8303,0x0115,100,26014,0000,0000,00,00,11,12,12,-,01,01,0.0,0.0,166,166,1027,1027,-25.047401,-25.047401,-51.540816,-51.540816,0724,0004,85da,0f6ad116,6.9,194.5,194.5,0:24:37,13:01:25,-,-,0,-,,,,,,,,,,
2025-10-03 17:22:41,,,,867488067684034,4305,HBD,,,,,,,,,,,,,,,,,,,,,,,,,,,,,,,,,,,,,,,,,,,,,,,,,,
2025-10-03 17:23:05,2025-10-03 17:23:06,2025-10-03 17:23:04,2025-10-03 17:23:04,867488067684034,4306,GTERI,0x19fe3fbf,0x00028102,802003,0x8303,0x0115,100,26015,0000,-,00,00,11,12,12,-,01,01,0.0,0.0,166,166,1027,1027,-25.047401,-25.047401,-51.540816,-51.540816,0724,0004,85da,0f6ad116,6.9,194.5,194.5,0:24:37,13:01:25,-,-,0,-,,,,,04,1,00000000,00,10,
2025-10-03 17:24:42,,,,867488067684034,4308,HBD,,,,,,,,,,,,,,,,,,,,,,,,,,,,,,,,,,,,,,,,,,,,,,,,,,
2025-10-03 17:25:34,2025-10-03 17:25:35,2025-10-03 17:25:34,2025-10-03 17:25:34,867488067684034,4309,GTERI,0x19fe3fbf,0x00028102,802003,0x8303,0x0115,100,26007,0000,-,00,00,11,12,12,-,01,01,0.0,0.0,166,166,1027,1027,-25.047401,-25.047401,-51.540816,-51.540816,0724,0004,85da,0f6ad116,6.9,194.5,194.5,0:24:37,13:01:25,-,-,0,-,,,,,04,1,00000000,00,10,
2025-10-03 17:26:42,,,,867488067684034,4310,HBD,,,,,,,,,,,,,,,,,,,,,,,,,,,,,,,,,,,,,,,,,,,,,,,,,,
2025-10-03 17:28:43,,,,867488067684034,4311,HBD,,,,,,,,,,,,,,,,,,,,,,,,,,,,,,,,,,,,,,,,,,,,,,,,,,
2025-10-03 17:30:43,,,,867488067684034,4312,HBD,,,,,,,,,,,,,,,,,,,,,,,,,,,,,,,,,,,,,,,,,,,,,,,,,,
2025-10-03 17:32:44,,,,867488067684034,4313,HBD,,,,,,,,,,,,,,,,,,,,,,,,,,,,,,,,,,,,,,,,,,,,,,,,,,
2025-10-03 17:34:44,,,,867488067684034,4314,HBD,,,,,,,,,,,,,,,,,,,,,,,,,,,,,,,,,,,,,,,,,,,,,,,,,,
2025-10-03 17:36:45,,,,867488067684034,4315,HBD,,,,,,,,,,,,,,,,,,,,,,,,,,,,,,,,,,,,,,,,,,,,,,,,,,
2025-10-03 17:38:45,,,,867488067684034,4316,HBD,,,,,,,,,,,,,,,,,,,,,,,,,,,,,,,,,,,,,,,,,,,,,,,,,,
2025-10-03 17:40:46,,,,867488067684034,4317,HBD,,,,,,,,,,,,,,,,,,,,,,,,,,,,,,,,,,,,,,,,,,,,,,,,,,
2025-10-03 17:42:46,,,,867488067684034,4318,HBD,,,,,,,,,,,,,,,,,,,,,,,,,,,,,,,,,,,,,,,,,,,,,,,,,,
2025-10-03 17:44:47,,,,867488067684034,4319,HBD,,,,,,,,,,,,,,,,,,,,,,,,,,,,,,,,,,,,,,,,,,,,,,,,,,
2025-10-03 17:46:47,,,,867488067684034,4320,HBD,,,,,,,,,,,,,,,,,,,,,,,,,,,,,,,,,,,,,,,,,,,,,,,,,,
2025-10-03 17:48:48,,,,867488067684034,4321,HBD,,,,,,,,,,,,,,,,,,,,,,,,,,,,,,,,,,,,,,,,,,,,,,,,,,
2025-10-03 17:50:48,,,,867488067684034,4322,HBD,,,,,,,,,,,,,,,,,,,,,,,,,,,,,,,,,,,,,,,,,,,,,,,,,,
2025-10-03 17:52:49,,,,867488067684034,4323,HBD,,,,,,,,,,,,,,,,,,,,,,,,,,,,,,,,,,,,,,,,,,,,,,,,,,
2025-10-03 17:54:49,,,,867488067684034,4324,HBD,,,,,,,,,,,,,,,,,,,,,,,,,,,,,,,,,,,,,,,,,,,,,,,,,,
2025-10-03 17:56:49,,,,867488067684034,4325,HBD,,,,,,,,,,,,,,,,,,,,,,,,,,,,,,,,,,,,,,,,,,,,,,,,,,
2025-10-03 17:58:50,,,,867488067684034,4326,HBD,,,,,,,,,,,,,,,,,,,,,,,,,,,,,,,,,,,,,,,,,,,,,,,,,,
2025-10-03 18:00:50,,,,867488067684034,4327,HBD,,,,,,,,,,,,,,,,,,,,,,,,,,,,,,,,,,,,,,,,,,,,,,,,,,
2025-10-03 18:02:51,,,,867488067684034,4328,HBD,,,,,,,,,,,,,,,,,,,,,,,,,,,,,,,,,,,,,,,,,,,,,,,,,,
2025-10-03 18:04:51,,,,867488067684034,4329,HBD,,,,,,,,,,,,,,,,,,,,,,,,,,,,,,,,,,,,,,,,,,,,,,,,,,
2025-10-03 18:06:52,,,,867488067684034,4330,HBD,,,,,,,,,,,,,,,,,,,,,,,,,,,,,,,,,,,,,,,,,,,,,,,,,,
2025-10-03 18:08:52,,,,867488067684034,4331,HBD,,,,,,,,,,,,,,,,,,,,,,,,,,,,,,,,,,,,,,,,,,,,,,,,,,
2025-10-03 18:10:53,,,,867488067684034,4332,HBD,,,,,,,,,,,,,,,,,,,,,,,,,,,,,,,,,,,,,,,,,,,,,,,,,,
2025-10-03 18:12:53,,,,867488067684034,4333,HBD,,,,,,,,,,,,,,,,,,,,,,,,,,,,,,,,,,,,,,,,,,,,,,,,,,
2025-10-03 18:14:54,,,,867488067684034,4334,HBD,,,,,,,,,,,,,,,,,,,,,,,,,,,,,,,,,,,,,,,,,,,,,,,,,,
2025-10-03 18:16:54,,,,867488067684034,4335,HBD,,,,,,,,,,,,,,,,,,,,,,,,,,,,,,,,,,,,,,,,,,,,,,,,,,
2025-10-03 18:18:55,,,,867488067684034,4336,HBD,,,,,,,,,,,,,,,,,,,,,,,,,,,,,,,,,,,,,,,,,,,,,,,,,,
2025-10-03 18:20:55,,,,867488067684034,4337,HBD,,,,,,,,,,,,,,,,,,,,,,,,,,,,,,,,,,,,,,,,,,,,,,,,,,
2025-10-03 18:22:56,,,,867488067684034,4338,HBD,,,,,,,,,,,,,,,,,,,,,,,,,,,,,,,,,,,,,,,,,,,,,,,,,,
2025-10-03 18:24:56,,,,867488067684034,4339,HBD,,,,,,,,,,,,,,,,,,,,,,,,,,,,,,,,,,,,,,,,,,,,,,,,,,
2025-10-03 18:25:29,2025-10-03 18:25:30,2025-10-03 18:23:04,2025-10-03 18:23:04,867488067684034,4340,GTERI,0x19fe3fbf,0x00028102,802003,0x8303,0x0115,100,25710,0000,-,00,00,11,12,12,-,01,01,0.0,0.0,166,166,1027,1027,-25.047401,-25.047401,-51.540816,-51.540816,0724,0004,85da,0f6ad116,6.9,194.5,194.5,0:24:37,13:01:25,-,-,0,-,,,,,04,1,00000000,00,10,
2025-10-03 18:26:57,,,,867488067684034,4341,HBD,,,,,,,,,,,,,,,,,,,,,,,,,,,,,,,,,,,,,,,,,,,,,,,,,,
2025-10-03 18:28:57,,,,867488067684034,4342,HBD,,,,,,,,,,,,,,,,,,,,,,,,,,,,,,,,,,,,,,,,,,,,,,,,,,
2025-10-03 18:30:57,,,,867488067684034,4343,HBD,,,,,,,,,,,,,,,,,,,,,,,,,,,,,,,,,,,,,,,,,,,,,,,,,,
2025-10-03 18:32:58,,,,867488067684034,4344,HBD,,,,,,,,,,,,,,,,,,,,,,,,,,,,,,,,,,,,,,,,,,,,,,,,,,
2025-10-03 18:34:58,,,,867488067684034,4345,HBD,,,,,,,,,,,,,,,,,,,,,,,,,,,,,,,,,,,,,,,,,,,,,,,,,,
2025-10-03 18:36:59,,,,867488067684034,4346,HBD,,,,,,,,,,,,,,,,,,,,,,,,,,,,,,,,,,,,,,,,,,,,,,,,,,
2025-10-03 18:39:00,,,,867488067684034,4347,HBD,,,,,,,,,,,,,,,,,,,,,,,,,,,,,,,,,,,,,,,,,,,,,,,,,,
2025-10-03 18:41:00,,,,867488067684034,4348,HBD,,,,,,,,,,,,,,,,,,,,,,,,,,,,,,,,,,,,,,,,,,,,,,,,,,
2025-10-03 18:43:01,,,,867488067684034,4349,HBD,,,,,,,,,,,,,,,,,,,,,,,,,,,,,,,,,,,,,,,,,,,,,,,,,,
2025-10-03 18:44:01,,,,867488067684034,4350,HBD,,,,,,,,,,,,,,,,,,,,,,,,,,,,,,,,,,,,,,,,,,,,,,,,,,
2025-10-03 18:46:01,,,,867488067684034,4351,HBD,,,,,,,,,,,,,,,,,,,,,,,,,,,,,,,,,,,,,,,,,,,,,,,,,,
2025-10-03 18:48:02,,,,867488067684034,4352,HBD,,,,,,,,,,,,,,,,,,,,,,,,,,,,,,,,,,,,,,,,,,,,,,,,,,
2025-10-03 18:50:02,,,,867488067684034,4353,HBD,,,,,,,,,,,,,,,,,,,,,,,,,,,,,,,,,,,,,,,,,,,,,,,,,,
2025-10-03 18:52:03,,,,867488067684034,4354,HBD,,,,,,,,,,,,,,,,,,,,,,,,,,,,,,,,,,,,,,,,,,,,,,,,,,
2025-10-03 18:54:03,,,,867488067684034,4355,HBD,,,,,,,,,,,,,,,,,,,,,,,,,,,,,,,,,,,,,,,,,,,,,,,,,,
2025-10-03 18:56:04,,,,867488067684034,4356,HBD,,,,,,,,,,,,,,,,,,,,,,,,,,,,,,,,,,,,,,,,,,,,,,,,,,
2025-10-03 18:58:04,,,,867488067684034,4357,HBD,,,,,,,,,,,,,,,,,,,,,,,,,,,,,,,,,,,,,,,,,,,,,,,,,,
2025-10-03 19:00:05,,,,867488067684034,4358,HBD,,,,,,,,,,,,,,,,,,,,,,,,,,,,,,,,,,,,,,,,,,,,,,,,,,
2025-10-03 19:02:05,,,,867488067684034,4359,HBD,,,,,,,,,,,,,,,,,,,,,,,,,,,,,,,,,,,,,,,,,,,,,,,,,,
2025-10-03 19:04:06,,,,867488067684034,4360,HBD,,,,,,,,,,,,,,,,,,,,,,,,,,,,,,,,,,,,,,,,,,,,,,,,,,
2025-10-03 19:06:06,,,,867488067684034,4361,HBD,,,,,,,,,,,,,,,,,,,,,,,,,,,,,,,,,,,,,,,,,,,,,,,,,,
2025-10-03 19:08:07,,,,867488067684034,4362,HBD,,,,,,,,,,,,,,,,,,,,,,,,,,,,,,,,,,,,,,,,,,,,,,,,,,
2025-10-03 19:10:07,,,,867488067684034,4363,HBD,,,,,,,,,,,,,,,,,,,,,,,,,,,,,,,,,,,,,,,,,,,,,,,,,,
2025-10-03 19:12:08,,,,867488067684034,4364,HBD,,,,,,,,,,,,,,,,,,,,,,,,,,,,,,,,,,,,,,,,,,,,,,,,,,
2025-10-03 19:14:08,,,,867488067684034,4365,HBD,,,,,,,,,,,,,,,,,,,,,,,,,,,,,,,,,,,,,,,,,,,,,,,,,,
2025-10-03 19:16:08,,,,867488067684034,4366,HBD,,,,,,,,,,,,,,,,,,,,,,,,,,,,,,,,,,,,,,,,,,,,,,,,,,
2025-10-03 19:18:09,,,,867488067684034,4367,HBD,,,,,,,,,,,,,,,,,,,,,,,,,,,,,,,,,,,,,,,,,,,,,,,,,,
2025-10-03 19:20:09,,,,867488067684034,4368,HBD,,,,,,,,,,,,,,,,,,,,,,,,,,,,,,,,,,,,,,,,,,,,,,,,,,
2025-10-03 19:22:10,,,,867488067684034,4369,HBD,,,,,,,,,,,,,,,,,,,,,,,,,,,,,,,,,,,,,,,,,,,,,,,,,,
2025-10-03 19:24:10,,,,867488067684034,4370,HBD,,,,,,,,,,,,,,,,,,,,,,,,,,,,,,,,,,,,,,,,,,,,,,,,,,
2025-10-03 19:25:29,2025-10-03 19:25:30,2025-10-03 19:23:04,2025-10-03 19:23:04,867488067684034,4371,GTERI,0x19fe3fbf,0x00028102,802003,0x8303,0x0115,100,25575,0000,-,00,00,11,12,12,-,01,01,0.0,0.0,166,166,1027,1027,-25.047401,-25.047401,-51.540816,-51.540816,0724,0004,85da,0f6ad116,6.9,194.5,194.5,0:24:37,13:01:25,-,-,0,-,,,,,04,1,00000000,00,10,
2025-10-03 19:26:11,,,,867488067684034,4372,HBD,,,,,,,,,,,,,,,,,,,,,,,,,,,,,,,,,,,,,,,,,,,,,,,,,,
2025-10-03 19:28:11,,,,867488067684034,4373,HBD,,,,,,,,,,,,,,,,,,,,,,,,,,,,,,,,,,,,,,,,,,,,,,,,,,
2025-10-03 19:30:12,,,,867488067684034,4374,HBD,,,,,,,,,,,,,,,,,,,,,,,,,,,,,,,,,,,,,,,,,,,,,,,,,,
2025-10-03 19:32:12,,,,867488067684034,4375,HBD,,,,,,,,,,,,,,,,,,,,,,,,,,,,,,,,,,,,,,,,,,,,,,,,,,
2025-10-03 19:34:13,,,,867488067684034,4376,HBD,,,,,,,,,,,,,,,,,,,,,,,,,,,,,,,,,,,,,,,,,,,,,,,,,,
2025-10-03 19:36:13,,,,867488067684034,4377,HBD,,,,,,,,,,,,,,,,,,,,,,,,,,,,,,,,,,,,,,,,,,,,,,,,,,
2025-10-03 19:38:13,,,,867488067684034,4378,HBD,,,,,,,,,,,,,,,,,,,,,,,,,,,,,,,,,,,,,,,,,,,,,,,,,,
2025-10-03 19:40:14,,,,867488067684034,4379,HBD,,,,,,,,,,,,,,,,,,,,,,,,,,,,,,,,,,,,,,,,,,,,,,,,,,
2025-10-03 19:42:14,,,,867488067684034,4380,HBD,,,,,,,,,,,,,,,,,,,,,,,,,,,,,,,,,,,,,,,,,,,,,,,,,,
2025-10-03 19:44:15,,,,867488067684034,4381,HBD,,,,,,,,,,,,,,,,,,,,,,,,,,,,,,,,,,,,,,,,,,,,,,,,,,
2025-10-03 19:46:15,,,,867488067684034,4382,HBD,,,,,,,,,,,,,,,,,,,,,,,,,,,,,,,,,,,,,,,,,,,,,,,,,,
2025-10-03 19:48:16,,,,867488067684034,4383,HBD,,,,,,,,,,,,,,,,,,,,,,,,,,,,,,,,,,,,,,,,,,,,,,,,,,
2025-10-03 19:50:16,,,,867488067684034,4384,HBD,,,,,,,,,,,,,,,,,,,,,,,,,,,,,,,,,,,,,,,,,,,,,,,,,,
2025-10-03 19:52:17,,,,867488067684034,4385,HBD,,,,,,,,,,,,,,,,,,,,,,,,,,,,,,,,,,,,,,,,,,,,,,,,,,
2025-10-03 19:54:17,,,,867488067684034,4386,HBD,,,,,,,,,,,,,,,,,,,,,,,,,,,,,,,,,,,,,,,,,,,,,,,,,,
2025-10-03 19:56:18,,,,867488067684034,4387,HBD,,,,,,,,,,,,,,,,,,,,,,,,,,,,,,,,,,,,,,,,,,,,,,,,,,
2025-10-03 19:58:18,,,,867488067684034,4388,HBD,,,,,,,,,,,,,,,,,,,,,,,,,,,,,,,,,,,,,,,,,,,,,,,,,,
2025-10-03 20:00:19,,,,867488067684034,4389,HBD,,,,,,,,,,,,,,,,,,,,,,,,,,,,,,,,,,,,,,,,,,,,,,,,,,
2025-10-03 20:02:19,,,,867488067684034,4390,HBD,,,,,,,,,,,,,,,,,,,,,,,,,,,,,,,,,,,,,,,,,,,,,,,,,,
2025-10-03 20:04:19,,,,867488067684034,4391,HBD,,,,,,,,,,,,,,,,,,,,,,,,,,,,,,,,,,,,,,,,,,,,,,,,,,
2025-10-03 20:06:20,,,,867488067684034,4392,HBD,,,,,,,,,,,,,,,,,,,,,,,,,,,,,,,,,,,,,,,,,,,,,,,,,,
2025-10-03 20:08:20,,,,867488067684034,4393,HBD,,,,,,,,,,,,,,,,,,,,,,,,,,,,,,,,,,,,,,,,,,,,,,,,,,
2025-10-03 20:10:21,,,,867488067684034,4394,HBD,,,,,,,,,,,,,,,,,,,,,,,,,,,,,,,,,,,,,,,,,,,,,,,,,,
2025-10-03 20:12:21,,,,867488067684034,4395,HBD,,,,,,,,,,,,,,,,,,,,,,,,,,,,,,,,,,,,,,,,,,,,,,,,,,
2025-10-03 20:14:22,,,,867488067684034,4396,HBD,,,,,,,,,,,,,,,,,,,,,,,,,,,,,,,,,,,,,,,,,,,,,,,,,,
2025-10-03 20:16:22,,,,867488067684034,4397,HBD,,,,,,,,,,,,,,,,,,,,,,,,,,,,,,,,,,,,,,,,,,,,,,,,,,
2025-10-03 20:18:23,,,,867488067684034,4398,HBD,,,,,,,,,,,,,,,,,,,,,,,,,,,,,,,,,,,,,,,,,,,,,,,,,,
2025-10-03 20:20:23,,,,867488067684034,4399,HBD,,,,,,,,,,,,,,,,,,,,,,,,,,,,,,,,,,,,,,,,,,,,,,,,,,
2025-10-03 20:22:24,,,,867488067684034,4400,HBD,,,,,,,,,,,,,,,,,,,,,,,,,,,,,,,,,,,,,,,,,,,,,,,,,,
2025-10-03 20:24:24,,,,867488067684034,4401,HBD,,,,,,,,,,,,,,,,,,,,,,,,,,,,,,,,,,,,,,,,,,,,,,,,,,
2025-10-03 20:25:30,2025-10-03 20:25:30,2025-10-03 20:23:20,2025-10-03 20:23:20,867488067684034,4402,GTERI,0x19fe3fbf,0x00028102,802003,0x8303,0x0115,100,25523,0000,-,00,00,11,12,12,-,01,01,0.0,0.0,166,166,1027,1027,-25.047401,-25.047401,-51.540816,-51.540816,0724,0004,85da,0f6ad116,6.9,194.5,194.5,0:24:37,13:01:25,-,-,0,-,,,,,04,1,00000000,00,10,
2025-10-03 20:26:25,,,,867488067684034,4403,HBD,,,,,,,,,,,,,,,,,,,,,,,,,,,,,,,,,,,,,,,,,,,,,,,,,,
2025-10-03 20:28:25,,,,867488067684034,4404,HBD,,,,,,,,,,,,,,,,,,,,,,,,,,,,,,,,,,,,,,,,,,,,,,,,,,
2025-10-03 20:30:25,,,,867488067684034,4405,HBD,,,,,,,,,,,,,,,,,,,,,,,,,,,,,,,,,,,,,,,,,,,,,,,,,,
2025-10-03 20:32:26,,,,867488067684034,4406,HBD,,,,,,,,,,,,,,,,,,,,,,,,,,,,,,,,,,,,,,,,,,,,,,,,,,
2025-10-03 20:34:26,,,,867488067684034,4407,HBD,,,,,,,,,,,,,,,,,,,,,,,,,,,,,,,,,,,,,,,,,,,,,,,,,,
2025-10-03 20:36:27,,,,867488067684034,4408,HBD,,,,,,,,,,,,,,,,,,,,,,,,,,,,,,,,,,,,,,,,,,,,,,,,,,
2025-10-03 20:38:27,,,,867488067684034,4409,HBD,,,,,,,,,,,,,,,,,,,,,,,,,,,,,,,,,,,,,,,,,,,,,,,,,,
2025-10-03 20:40:28,,,,867488067684034,4410,HBD,,,,,,,,,,,,,,,,,,,,,,,,,,,,,,,,,,,,,,,,,,,,,,,,,,
2025-10-03 20:42:28,,,,867488067684034,4411,HBD,,,,,,,,,,,,,,,,,,,,,,,,,,,,,,,,,,,,,,,,,,,,,,,,,,
2025-10-03 20:44:29,,,,867488067684034,4412,HBD,,,,,,,,,,,,,,,,,,,,,,,,,,,,,,,,,,,,,,,,,,,,,,,,,,
2025-10-03 20:46:29,,,,867488067684034,4413,HBD,,,,,,,,,,,,,,,,,,,,,,,,,,,,,,,,,,,,,,,,,,,,,,,,,,
2025-10-03 20:48:30,,,,867488067684034,4414,HBD,,,,,,,,,,,,,,,,,,,,,,,,,,,,,,,,,,,,,,,,,,,,,,,,,,
2025-10-03 20:50:30,,,,867488067684034,4415,HBD,,,,,,,,,,,,,,,,,,,,,,,,,,,,,,,,,,,,,,,,,,,,,,,,,,
2025-10-03 20:52:31,,,,867488067684034,4416,HBD,,,,,,,,,,,,,,,,,,,,,,,,,,,,,,,,,,,,,,,,,,,,,,,,,,
2025-10-03 20:54:31,,,,867488067684034,4417,HBD,,,,,,,,,,,,,,,,,,,,,,,,,,,,,,,,,,,,,,,,,,,,,,,,,,
2025-10-03 20:56:31,,,,867488067684034,4418,HBD,,,,,,,,,,,,,,,,,,,,,,,,,,,,,,,,,,,,,,,,,,,,,,,,,,
2025-10-03 20:58:32,,,,867488067684034,4419,HBD,,,,,,,,,,,,,,,,,,,,,,,,,,,,,,,,,,,,,,,,,,,,,,,,,,
2025-10-03 21:00:32,,,,867488067684034,4420,HBD,,,,,,,,,,,,,,,,,,,,,,,,,,,,,,,,,,,,,,,,,,,,,,,,,,
2025-10-03 21:02:33,,,,867488067684034,4421,HBD,,,,,,,,,,,,,,,,,,,,,,,,,,,,,,,,,,,,,,,,,,,,,,,,,,
2025-10-03 21:04:33,,,,867488067684034,4422,HBD,,,,,,,,,,,,,,,,,,,,,,,,,,,,,,,,,,,,,,,,,,,,,,,,,,
2025-10-03 21:06:34,,,,867488067684034,4423,HBD,,,,,,,,,,,,,,,,,,,,,,,,,,,,,,,,,,,,,,,,,,,,,,,,,,
2025-10-03 21:08:34,,,,867488067684034,4424,HBD,,,,,,,,,,,,,,,,,,,,,,,,,,,,,,,,,,,,,,,,,,,,,,,,,,
2025-10-03 21:10:35,,,,867488067684034,4425,HBD,,,,,,,,,,,,,,,,,,,,,,,,,,,,,,,,,,,,,,,,,,,,,,,,,,
2025-10-03 21:12:35,,,,867488067684034,4426,HBD,,,,,,,,,,,,,,,,,,,,,,,,,,,,,,,,,,,,,,,,,,,,,,,,,,
2025-10-03 21:14:36,,,,867488067684034,4427,HBD,,,,,,,,,,,,,,,,,,,,,,,,,,,,,,,,,,,,,,,,,,,,,,,,,,
2025-10-03 21:16:36,,,,867488067684034,4428,HBD,,,,,,,,,,,,,,,,,,,,,,,,,,,,,,,,,,,,,,,,,,,,,,,,,,
2025-10-03 21:18:37,,,,867488067684034,4429,HBD,,,,,,,,,,,,,,,,,,,,,,,,,,,,,,,,,,,,,,,,,,,,,,,,,,
2025-10-03 21:20:37,,,,867488067684034,4430,HBD,,,,,,,,,,,,,,,,,,,,,,,,,,,,,,,,,,,,,,,,,,,,,,,,,,
2025-10-03 21:22:38,,,,867488067684034,4431,HBD,,,,,,,,,,,,,,,,,,,,,,,,,,,,,,,,,,,,,,,,,,,,,,,,,,
2025-10-03 21:24:38,,,,867488067684034,4432,HBD,,,,,,,,,,,,,,,,,,,,,,,,,,,,,,,,,,,,,,,,,,,,,,,,,,
2025-10-03 21:25:30,2025-10-03 21:25:30,2025-10-03 21:23:10,2025-10-03 21:23:10,867488067684034,4433,GTERI,0x19fe3fbf,0x00028102,802003,0x8303,0x0115,100,25432,0000,-,00,00,11,7,7,-,01,01,0.0,0.0,166,166,1027,1027,-25.047401,-25.047401,-51.540816,-51.540816,0724,0004,85da,0f6ad116,6.9,194.5,194.5,0:24:37,13:01:25,-,-,0,-,,,,,04,1,00000000,00,10,
2025-10-03 21:26:39,,,,867488067684034,4434,HBD,,,,,,,,,,,,,,,,,,,,,,,,,,,,,,,,,,,,,,,,,,,,,,,,,,
2025-10-03 21:28:39,,,,867488067684034,4435,HBD,,,,,,,,,,,,,,,,,,,,,,,,,,,,,,,,,,,,,,,,,,,,,,,,,,
2025-10-03 21:30:40,,,,867488067684034,4436,HBD,,,,,,,,,,,,,,,,,,,,,,,,,,,,,,,,,,,,,,,,,,,,,,,,,,
2025-10-03 21:32:40,,,,867488067684034,4437,HBD,,,,,,,,,,,,,,,,,,,,,,,,,,,,,,,,,,,,,,,,,,,,,,,,,,
2025-10-03 21:34:40,,,,867488067684034,4438,HBD,,,,,,,,,,,,,,,,,,,,,,,,,,,,,,,,,,,,,,,,,,,,,,,,,,
2025-10-03 21:36:41,,,,867488067684034,4439,HBD,,,,,,,,,,,,,,,,,,,,,,,,,,,,,,,,,,,,,,,,,,,,,,,,,,
2025-10-03 21:38:41,,,,867488067684034,4440,HBD,,,,,,,,,,,,,,,,,,,,,,,,,,,,,,,,,,,,,,,,,,,,,,,,,,
2025-10-03 21:40:42,,,,867488067684034,4441,HBD,,,,,,,,,,,,,,,,,,,,,,,,,,,,,,,,,,,,,,,,,,,,,,,,,,
2025-10-03 21:42:42,,,,867488067684034,4442,HBD,,,,,,,,,,,,,,,,,,,,,,,,,,,,,,,,,,,,,,,,,,,,,,,,,,
2025-10-03 21:44:43,,,,867488067684034,4443,HBD,,,,,,,,,,,,,,,,,,,,,,,,,,,,,,,,,,,,,,,,,,,,,,,,,,
2025-10-03 21:46:43,,,,867488067684034,4444,HBD,,,,,,,,,,,,,,,,,,,,,,,,,,,,,,,,,,,,,,,,,,,,,,,,,,
2025-10-03 21:48:44,,,,867488067684034,4445,HBD,,,,,,,,,,,,,,,,,,,,,,,,,,,,,,,,,,,,,,,,,,,,,,,,,,
2025-10-03 21:50:44,,,,867488067684034,4446,HBD,,,,,,,,,,,,,,,,,,,,,,,,,,,,,,,,,,,,,,,,,,,,,,,,,,
2025-10-03 21:52:45,,,,867488067684034,4447,HBD,,,,,,,,,,,,,,,,,,,,,,,,,,,,,,,,,,,,,,,,,,,,,,,,,,
2025-10-03 21:54:45,,,,867488067684034,4448,HBD,,,,,,,,,,,,,,,,,,,,,,,,,,,,,,,,,,,,,,,,,,,,,,,,,,
2025-10-03 21:56:46,,,,867488067684034,4449,HBD,,,,,,,,,,,,,,,,,,,,,,,,,,,,,,,,,,,,,,,,,,,,,,,,,,
2025-10-03 21:58:46,,,,867488067684034,4450,HBD,,,,,,,,,,,,,,,,,,,,,,,,,,,,,,,,,,,,,,,,,,,,,,,,,,
2025-10-03 22:00:46,,,,867488067684034,4451,HBD,,,,,,,,,,,,,,,,,,,,,,,,,,,,,,,,,,,,,,,,,,,,,,,,,,
2025-10-03 22:02:47,,,,867488067684034,4452,HBD,,,,,,,,,,,,,,,,,,,,,,,,,,,,,,,,,,,,,,,,,,,,,,,,,,
2025-10-03 22:04:47,,,,867488067684034,4453,HBD,,,,,,,,,,,,,,,,,,,,,,,,,,,,,,,,,,,,,,,,,,,,,,,,,,
2025-10-03 22:06:48,,,,867488067684034,4454,HBD,,,,,,,,,,,,,,,,,,,,,,,,,,,,,,,,,,,,,,,,,,,,,,,,,,
2025-10-03 22:08:48,,,,867488067684034,4455,HBD,,,,,,,,,,,,,,,,,,,,,,,,,,,,,,,,,,,,,,,,,,,,,,,,,,
2025-10-03 22:10:49,,,,867488067684034,4456,HBD,,,,,,,,,,,,,,,,,,,,,,,,,,,,,,,,,,,,,,,,,,,,,,,,,,
2025-10-03 22:12:49,,,,867488067684034,4457,HBD,,,,,,,,,,,,,,,,,,,,,,,,,,,,,,,,,,,,,,,,,,,,,,,,,,
2025-10-03 22:14:50,,,,867488067684034,4458,HBD,,,,,,,,,,,,,,,,,,,,,,,,,,,,,,,,,,,,,,,,,,,,,,,,,,
2025-10-03 22:16:50,,,,867488067684034,4459,HBD,,,,,,,,,,,,,,,,,,,,,,,,,,,,,,,,,,,,,,,,,,,,,,,,,,
2025-10-03 22:18:51,,,,867488067684034,4460,HBD,,,,,,,,,,,,,,,,,,,,,,,,,,,,,,,,,,,,,,,,,,,,,,,,,,
2025-10-03 22:20:51,,,,867488067684034,4461,HBD,,,,,,,,,,,,,,,,,,,,,,,,,,,,,,,,,,,,,,,,,,,,,,,,,,
2025-10-03 22:22:52,,,,867488067684034,4462,HBD,,,,,,,,,,,,,,,,,,,,,,,,,,,,,,,,,,,,,,,,,,,,,,,,,,
2025-10-03 22:24:52,,,,867488067684034,4463,HBD,,,,,,,,,,,,,,,,,,,,,,,,,,,,,,,,,,,,,,,,,,,,,,,,,,
2025-10-03 22:25:30,2025-10-03 22:25:30,2025-10-03 22:23:06,2025-10-03 22:23:06,867488067684034,4464,GTERI,0x19fe3fbf,0x00028102,802003,0x8303,0x0115,100,25439,0000,-,00,00,11,6,6,-,01,01,0.0,0.0,166,166,1027,1027,-25.047401,-25.047401,-51.540816,-51.540816,0724,0004,85da,0f6ad116,6.9,194.5,194.5,0:24:37,13:01:25,-,-,0,-,,,,,04,1,00000000,00,10,
2025-10-03 22:26:53,,,,867488067684034,4465,HBD,,,,,,,,,,,,,,,,,,,,,,,,,,,,,,,,,,,,,,,,,,,,,,,,,,
2025-10-03 22:28:53,,,,867488067684034,4466,HBD,,,,,,,,,,,,,,,,,,,,,,,,,,,,,,,,,,,,,,,,,,,,,,,,,,
2025-10-03 22:30:53,,,,867488067684034,4467,HBD,,,,,,,,,,,,,,,,,,,,,,,,,,,,,,,,,,,,,,,,,,,,,,,,,,
2025-10-03 22:32:54,,,,867488067684034,4468,HBD,,,,,,,,,,,,,,,,,,,,,,,,,,,,,,,,,,,,,,,,,,,,,,,,,,
2025-10-03 22:34:54,,,,867488067684034,4469,HBD,,,,,,,,,,,,,,,,,,,,,,,,,,,,,,,,,,,,,,,,,,,,,,,,,,
2025-10-03 22:36:55,,,,867488067684034,4470,HBD,,,,,,,,,,,,,,,,,,,,,,,,,,,,,,,,,,,,,,,,,,,,,,,,,,
2025-10-03 22:38:55,,,,867488067684034,4471,HBD,,,,,,,,,,,,,,,,,,,,,,,,,,,,,,,,,,,,,,,,,,,,,,,,,,
2025-10-03 22:40:56,,,,867488067684034,4472,HBD,,,,,,,,,,,,,,,,,,,,,,,,,,,,,,,,,,,,,,,,,,,,,,,,,,
2025-10-03 22:42:56,,,,867488067684034,4473,HBD,,,,,,,,,,,,,,,,,,,,,,,,,,,,,,,,,,,,,,,,,,,,,,,,,,
2025-10-03 22:44:57,,,,867488067684034,4474,HBD,,,,,,,,,,,,,,,,,,,,,,,,,,,,,,,,,,,,,,,,,,,,,,,,,,
2025-10-03 22:46:57,,,,867488067684034,4475,HBD,,,,,,,,,,,,,,,,,,,,,,,,,,,,,,,,,,,,,,,,,,,,,,,,,,
2025-10-03 22:48:58,,,,867488067684034,4476,HBD,,,,,,,,,,,,,,,,,,,,,,,,,,,,,,,,,,,,,,,,,,,,,,,,,,
2025-10-03 22:50:58,,,,867488067684034,4477,HBD,,,,,,,,,,,,,,,,,,,,,,,,,,,,,,,,,,,,,,,,,,,,,,,,,,
2025-10-03 22:52:59,,,,867488067684034,4478,HBD,,,,,,,,,,,,,,,,,,,,,,,,,,,,,,,,,,,,,,,,,,,,,,,,,,
2025-10-03 22:54:59,,,,867488067684034,4479,HBD,,,,,,,,,,,,,,,,,,,,,,,,,,,,,,,,,,,,,,,,,,,,,,,,,,
2025-10-03 22:57:00,,,,867488067684034,4480,HBD,,,,,,,,,,,,,,,,,,,,,,,,,,,,,,,,,,,,,,,,,,,,,,,,,,
2025-10-03 22:59:00,,,,867488067684034,4481,HBD,,,,,,,,,,,,,,,,,,,,,,,,,,,,,,,,,,,,,,,,,,,,,,,,,,
2025-10-03 23:01:01,,,,867488067684034,4482,HBD,,,,,,,,,,,,,,,,,,,,,,,,,,,,,,,,,,,,,,,,,,,,,,,,,,
2025-10-03 23:03:01,,,,867488067684034,4483,HBD,,,,,,,,,,,,,,,,,,,,,,,,,,,,,,,,,,,,,,,,,,,,,,,,,,
2025-10-03 23:04:01,,,,867488067684034,4484,HBD,,,,,,,,,,,,,,,,,,,,,,,,,,,,,,,,,,,,,,,,,,,,,,,,,,
2025-10-03 23:06:02,,,,867488067684034,4485,HBD,,,,,,,,,,,,,,,,,,,,,,,,,,,,,,,,,,,,,,,,,,,,,,,,,,
2025-10-03 23:08:02,,,,867488067684034,4486,HBD,,,,,,,,,,,,,,,,,,,,,,,,,,,,,,,,,,,,,,,,,,,,,,,,,,
2025-10-03 23:10:03,,,,867488067684034,4487,HBD,,,,,,,,,,,,,,,,,,,,,,,,,,,,,,,,,,,,,,,,,,,,,,,,,,
2025-10-03 23:12:03,,,,867488067684034,4488,HBD,,,,,,,,,,,,,,,,,,,,,,,,,,,,,,,,,,,,,,,,,,,,,,,,,,
2025-10-03 23:14:04,,,,867488067684034,4489,HBD,,,,,,,,,,,,,,,,,,,,,,,,,,,,,,,,,,,,,,,,,,,,,,,,,,
2025-10-03 23:16:04,,,,867488067684034,4490,HBD,,,,,,,,,,,,,,,,,,,,,,,,,,,,,,,,,,,,,,,,,,,,,,,,,,
2025-10-03 23:18:05,,,,867488067684034,4491,HBD,,,,,,,,,,,,,,,,,,,,,,,,,,,,,,,,,,,,,,,,,,,,,,,,,,
2025-10-03 23:20:05,,,,867488067684034,4492,HBD,,,,,,,,,,,,,,,,,,,,,,,,,,,,,,,,,,,,,,,,,,,,,,,,,,
2025-10-03 23:22:05,,,,867488067684034,4493,HBD,,,,,,,,,,,,,,,,,,,,,,,,,,,,,,,,,,,,,,,,,,,,,,,,,,
2025-10-03 23:24:06,,,,867488067684034,4494,HBD,,,,,,,,,,,,,,,,,,,,,,,,,,,,,,,,,,,,,,,,,,,,,,,,,,
2025-10-03 23:25:30,2025-10-03 23:25:30,2025-10-03 23:23:22,2025-10-03 23:23:22,867488067684034,4495,GTERI,0x19fe3fbf,0x00028102,802003,0x8303,0x0115,100,25411,0000,-,00,00,11,6,6,-,01,01,0.0,0.0,166,166,1027,1027,-25.047401,-25.047401,-51.540816,-51.540816,0724,0004,85da,0f6ad116,6.9,194.5,194.5,0:24:37,13:01:25,-,-,0,-,,,,,04,1,00000000,00,10,
2025-10-03 23:26:06,,,,867488067684034,4496,HBD,,,,,,,,,,,,,,,,,,,,,,,,,,,,,,,,,,,,,,,,,,,,,,,,,,
2025-10-03 23:28:07,,,,867488067684034,4497,HBD,,,,,,,,,,,,,,,,,,,,,,,,,,,,,,,,,,,,,,,,,,,,,,,,,,
2025-10-03 23:30:07,,,,867488067684034,4498,HBD,,,,,,,,,,,,,,,,,,,,,,,,,,,,,,,,,,,,,,,,,,,,,,,,,,
2025-10-03 23:32:08,,,,867488067684034,4499,HBD,,,,,,,,,,,,,,,,,,,,,,,,,,,,,,,,,,,,,,,,,,,,,,,,,,
2025-10-03 23:34:08,,,,867488067684034,4500,HBD,,,,,,,,,,,,,,,,,,,,,,,,,,,,,,,,,,,,,,,,,,,,,,,,,,
2025-10-03 23:36:09,,,,867488067684034,4501,HBD,,,,,,,,,,,,,,,,,,,,,,,,,,,,,,,,,,,,,,,,,,,,,,,,,,
2025-10-03 23:38:09,,,,867488067684034,4502,HBD,,,,,,,,,,,,,,,,,,,,,,,,,,,,,,,,,,,,,,,,,,,,,,,,,,
2025-10-03 23:40:10,,,,867488067684034,4503,HBD,,,,,,,,,,,,,,,,,,,,,,,,,,,,,,,,,,,,,,,,,,,,,,,,,,
2025-10-03 23:42:10,,,,867488067684034,4504,HBD,,,,,,,,,,,,,,,,,,,,,,,,,,,,,,,,,,,,,,,,,,,,,,,,,,
2025-10-03 23:44:11,,,,867488067684034,4505,HBD,,,,,,,,,,,,,,,,,,,,,,,,,,,,,,,,,,,,,,,,,,,,,,,,,,
2025-10-03 23:46:11,,,,867488067684034,4506,HBD,,,,,,,,,,,,,,,,,,,,,,,,,,,,,,,,,,,,,,,,,,,,,,,,,,
2025-10-03 23:48:12,,,,867488067684034,4507,HBD,,,,,,,,,,,,,,,,,,,,,,,,,,,,,,,,,,,,,,,,,,,,,,,,,,
2025-10-03 23:50:12,,,,867488067684034,4508,HBD,,,,,,,,,,,,,,,,,,,,,,,,,,,,,,,,,,,,,,,,,,,,,,,,,,
2025-10-03 23:52:13,,,,867488067684034,4509,HBD,,,,,,,,,,,,,,,,,,,,,,,,,,,,,,,,,,,,,,,,,,,,,,,,,,
2025-10-03 23:54:13,,,,867488067684034,4510,HBD,,,,,,,,,,,,,,,,,,,,,,,,,,,,,,,,,,,,,,,,,,,,,,,,,,
2025-10-03 23:56:14,,,,867488067684034,4511,HBD,,,,,,,,,,,,,,,,,,,,,,,,,,,,,,,,,,,,,,,,,,,,,,,,,,
2025-10-03 23:58:14,,,,867488067684034,4512,HBD,,,,,,,,,,,,,,,,,,,,,,,,,,,,,,,,,,,,,,,,,,,,,,,,,,
2025-10-04 00:00:14,,,,867488067684034,4513,HBD,,,,,,,,,,,,,,,,,,,,,,,,,,,,,,,,,,,,,,,,,,,,,,,,,,
2025-10-04 00:02:15,,,,867488067684034,4514,HBD,,,,,,,,,,,,,,,,,,,,,,,,,,,,,,,,,,,,,,,,,,,,,,,,,,
2025-10-04 00:04:15,,,,867488067684034,4515,HBD,,,,,,,,,,,,,,,,,,,,,,,,,,,,,,,,,,,,,,,,,,,,,,,,,,
2025-10-04 00:06:16,,,,867488067684034,4516,HBD,,,,,,,,,,,,,,,,,,,,,,,,,,,,,,,,,,,,,,,,,,,,,,,,,,
2025-10-04 00:08:16,,,,867488067684034,4517,HBD,,,,,,,,,,,,,,,,,,,,,,,,,,,,,,,,,,,,,,,,,,,,,,,,,,
2025-10-04 00:10:17,,,,867488067684034,4518,HBD,,,,,,,,,,,,,,,,,,,,,,,,,,,,,,,,,,,,,,,,,,,,,,,,,,
2025-10-04 00:12:17,,,,867488067684034,4519,HBD,,,,,,,,,,,,,,,,,,,,,,,,,,,,,,,,,,,,,,,,,,,,,,,,,,
2025-10-04 00:14:18,,,,867488067684034,4520,HBD,,,,,,,,,,,,,,,,,,,,,,,,,,,,,,,,,,,,,,,,,,,,,,,,,,
2025-10-04 00:16:18,,,,867488067684034,4521,HBD,,,,,,,,,,,,,,,,,,,,,,,,,,,,,,,,,,,,,,,,,,,,,,,,,,
2025-10-04 00:18:19,,,,867488067684034,4522,HBD,,,,,,,,,,,,,,,,,,,,,,,,,,,,,,,,,,,,,,,,,,,,,,,,,,
2025-10-04 00:20:19,,,,867488067684034,4523,HBD,,,,,,,,,,,,,,,,,,,,,,,,,,,,,,,,,,,,,,,,,,,,,,,,,,
2025-10-04 00:22:20,,,,867488067684034,4524,HBD,,,,,,,,,,,,,,,,,,,,,,,,,,,,,,,,,,,,,,,,,,,,,,,,,,
2025-10-04 00:24:20,,,,867488067684034,4525,HBD,,,,,,,,,,,,,,,,,,,,,,,,,,,,,,,,,,,,,,,,,,,,,,,,,,
2025-10-04 00:25:30,2025-10-04 00:25:30,2025-10-04 00:23:06,2025-10-04 00:23:06,867488067684034,4526,GTERI,0x19fe3fbf,0x00028102,802003,0x8303,0x0115,100,25324,0000,-,00,00,11,5,5,-,01,01,0.0,0.0,166,166,1027,1027,-25.047401,-25.047401,-51.540816,-51.540816,0724,0004,85da,0f6ad116,6.9,194.5,194.5,0:24:37,13:01:25,-,-,0,-,,,,,04,1,00000000,00,10,
2025-10-04 00:26:20,,,,867488067684034,4527,HBD,,,,,,,,,,,,,,,,,,,,,,,,,,,,,,,,,,,,,,,,,,,,,,,,,,
2025-10-04 00:28:21,,,,867488067684034,4528,HBD,,,,,,,,,,,,,,,,,,,,,,,,,,,,,,,,,,,,,,,,,,,,,,,,,,
2025-10-04 00:30:21,,,,867488067684034,4529,HBD,,,,,,,,,,,,,,,,,,,,,,,,,,,,,,,,,,,,,,,,,,,,,,,,,,
2025-10-04 00:32:22,,,,867488067684034,4530,HBD,,,,,,,,,,,,,,,,,,,,,,,,,,,,,,,,,,,,,,,,,,,,,,,,,,
2025-10-04 00:34:22,,,,867488067684034,4531,HBD,,,,,,,,,,,,,,,,,,,,,,,,,,,,,,,,,,,,,,,,,,,,,,,,,,
2025-10-04 00:36:23,,,,867488067684034,4532,HBD,,,,,,,,,,,,,,,,,,,,,,,,,,,,,,,,,,,,,,,,,,,,,,,,,,
2025-10-04 00:38:23,,,,867488067684034,4533,HBD,,,,,,,,,,,,,,,,,,,,,,,,,,,,,,,,,,,,,,,,,,,,,,,,,,
2025-10-04 00:40:23,,,,867488067684034,4534,HBD,,,,,,,,,,,,,,,,,,,,,,,,,,,,,,,,,,,,,,,,,,,,,,,,,,
2025-10-04 00:42:24,,,,867488067684034,4535,HBD,,,,,,,,,,,,,,,,,,,,,,,,,,,,,,,,,,,,,,,,,,,,,,,,,,
2025-10-04 00:44:24,,,,867488067684034,4536,HBD,,,,,,,,,,,,,,,,,,,,,,,,,,,,,,,,,,,,,,,,,,,,,,,,,,
2025-10-04 00:46:25,,,,867488067684034,4537,HBD,,,,,,,,,,,,,,,,,,,,,,,,,,,,,,,,,,,,,,,,,,,,,,,,,,
2025-10-04 00:48:25,,,,867488067684034,4538,HBD,,,,,,,,,,,,,,,,,,,,,,,,,,,,,,,,,,,,,,,,,,,,,,,,,,
2025-10-04 00:50:26,,,,867488067684034,4539,HBD,,,,,,,,,,,,,,,,,,,,,,,,,,,,,,,,,,,,,,,,,,,,,,,,,,
2025-10-04 00:52:26,,,,867488067684034,4540,HBD,,,,,,,,,,,,,,,,,,,,,,,,,,,,,,,,,,,,,,,,,,,,,,,,,,
2025-10-04 00:54:26,,,,867488067684034,4541,HBD,,,,,,,,,,,,,,,,,,,,,,,,,,,,,,,,,,,,,,,,,,,,,,,,,,
2025-10-04 00:56:27,,,,867488067684034,4542,HBD,,,,,,,,,,,,,,,,,,,,,,,,,,,,,,,,,,,,,,,,,,,,,,,,,,
2025-10-04 00:58:27,,,,867488067684034,4543,HBD,,,,,,,,,,,,,,,,,,,,,,,,,,,,,,,,,,,,,,,,,,,,,,,,,,
2025-10-04 01:00:28,,,,867488067684034,4544,HBD,,,,,,,,,,,,,,,,,,,,,,,,,,,,,,,,,,,,,,,,,,,,,,,,,,
2025-10-04 01:02:28,,,,867488067684034,4545,HBD,,,,,,,,,,,,,,,,,,,,,,,,,,,,,,,,,,,,,,,,,,,,,,,,,,
2025-10-04 01:04:29,,,,867488067684034,4546,HBD,,,,,,,,,,,,,,,,,,,,,,,,,,,,,,,,,,,,,,,,,,,,,,,,,,
2025-10-04 01:06:29,,,,867488067684034,4547,HBD,,,,,,,,,,,,,,,,,,,,,,,,,,,,,,,,,,,,,,,,,,,,,,,,,,
2025-10-04 01:08:29,,,,867488067684034,4548,HBD,,,,,,,,,,,,,,,,,,,,,,,,,,,,,,,,,,,,,,,,,,,,,,,,,,
2025-10-04 01:10:30,,,,867488067684034,4549,HBD,,,,,,,,,,,,,,,,,,,,,,,,,,,,,,,,,,,,,,,,,,,,,,,,,,
2025-10-04 01:12:30,,,,867488067684034,4550,HBD,,,,,,,,,,,,,,,,,,,,,,,,,,,,,,,,,,,,,,,,,,,,,,,,,,
2025-10-04 01:14:31,,,,867488067684034,4551,HBD,,,,,,,,,,,,,,,,,,,,,,,,,,,,,,,,,,,,,,,,,,,,,,,,,,
2025-10-04 01:16:31,,,,867488067684034,4552,HBD,,,,,,,,,,,,,,,,,,,,,,,,,,,,,,,,,,,,,,,,,,,,,,,,,,
2025-10-04 01:18:32,,,,867488067684034,4553,HBD,,,,,,,,,,,,,,,,,,,,,,,,,,,,,,,,,,,,,,,,,,,,,,,,,,
2025-10-04 01:20:32,,,,867488067684034,4554,HBD,,,,,,,,,,,,,,,,,,,,,,,,,,,,,,,,,,,,,,,,,,,,,,,,,,
2025-10-04 01:22:32,,,,867488067684034,4555,HBD,,,,,,,,,,,,,,,,,,,,,,,,,,,,,,,,,,,,,,,,,,,,,,,,,,
2025-10-04 01:24:33,,,,867488067684034,4556,HBD,,,,,,,,,,,,,,,,,,,,,,,,,,,,,,,,,,,,,,,,,,,,,,,,,,
2025-10-04 01:25:30,2025-10-04 01:25:30,2025-10-04 01:23:07,2025-10-04 01:23:07,867488067684034,4557,GTERI,0x19fe3fbf,0x00028102,802003,0x8303,0x0115,100,25281,0000,-,00,00,11,4,4,-,01,01,0.0,0.0,166,166,1027,1027,-25.047401,-25.047401,-51.540816,-51.540816,0724,0004,85da,0f6ad116,6.9,194.5,194.5,0:24:37,13:01:25,-,-,0,-,,,,,04,1,00000000,00,10,
2025-10-04 01:26:33,,,,867488067684034,4558,HBD,,,,,,,,,,,,,,,,,,,,,,,,,,,,,,,,,,,,,,,,,,,,,,,,,,
2025-10-04 01:28:34,,,,867488067684034,4559,HBD,,,,,,,,,,,,,,,,,,,,,,,,,,,,,,,,,,,,,,,,,,,,,,,,,,
2025-10-04 01:30:34,,,,867488067684034,4560,HBD,,,,,,,,,,,,,,,,,,,,,,,,,,,,,,,,,,,,,,,,,,,,,,,,,,
2025-10-04 01:32:35,,,,867488067684034,4561,HBD,,,,,,,,,,,,,,,,,,,,,,,,,,,,,,,,,,,,,,,,,,,,,,,,,,
2025-10-04 01:34:35,,,,867488067684034,4562,HBD,,,,,,,,,,,,,,,,,,,,,,,,,,,,,,,,,,,,,,,,,,,,,,,,,,
2025-10-04 01:36:35,,,,867488067684034,4563,HBD,,,,,,,,,,,,,,,,,,,,,,,,,,,,,,,,,,,,,,,,,,,,,,,,,,
2025-10-04 01:38:36,,,,867488067684034,4564,HBD,,,,,,,,,,,,,,,,,,,,,,,,,,,,,,,,,,,,,,,,,,,,,,,,,,
2025-10-04 01:40:36,,,,867488067684034,4565,HBD,,,,,,,,,,,,,,,,,,,,,,,,,,,,,,,,,,,,,,,,,,,,,,,,,,
2025-10-04 01:42:37,,,,867488067684034,4566,HBD,,,,,,,,,,,,,,,,,,,,,,,,,,,,,,,,,,,,,,,,,,,,,,,,,,
2025-10-04 01:44:37,,,,867488067684034,4567,HBD,,,,,,,,,,,,,,,,,,,,,,,,,,,,,,,,,,,,,,,,,,,,,,,,,,
2025-10-04 01:46:38,,,,867488067684034,4568,HBD,,,,,,,,,,,,,,,,,,,,,,,,,,,,,,,,,,,,,,,,,,,,,,,,,,
2025-10-04 01:48:38,,,,867488067684034,4569,HBD,,,,,,,,,,,,,,,,,,,,,,,,,,,,,,,,,,,,,,,,,,,,,,,,,,
2025-10-04 01:50:38,,,,867488067684034,4570,HBD,,,,,,,,,,,,,,,,,,,,,,,,,,,,,,,,,,,,,,,,,,,,,,,,,,
2025-10-04 01:52:39,,,,867488067684034,4571,HBD,,,,,,,,,,,,,,,,,,,,,,,,,,,,,,,,,,,,,,,,,,,,,,,,,,
2025-10-04 01:54:39,,,,867488067684034,4572,HBD,,,,,,,,,,,,,,,,,,,,,,,,,,,,,,,,,,,,,,,,,,,,,,,,,,
2025-10-04 01:56:40,,,,867488067684034,4573,HBD,,,,,,,,,,,,,,,,,,,,,,,,,,,,,,,,,,,,,,,,,,,,,,,,,,
2025-10-04 01:58:40,,,,867488067684034,4574,HBD,,,,,,,,,,,,,,,,,,,,,,,,,,,,,,,,,,,,,,,,,,,,,,,,,,
2025-10-04 02:00:41,,,,867488067684034,4575,HBD,,,,,,,,,,,,,,,,,,,,,,,,,,,,,,,,,,,,,,,,,,,,,,,,,,
2025-10-04 02:02:41,,,,867488067684034,4576,HBD,,,,,,,,,,,,,,,,,,,,,,,,,,,,,,,,,,,,,,,,,,,,,,,,,,
2025-10-04 02:04:41,,,,867488067684034,4577,HBD,,,,,,,,,,,,,,,,,,,,,,,,,,,,,,,,,,,,,,,,,,,,,,,,,,
2025-10-04 02:06:42,,,,867488067684034,4578,HBD,,,,,,,,,,,,,,,,,,,,,,,,,,,,,,,,,,,,,,,,,,,,,,,,,,
2025-10-04 02:08:42,,,,867488067684034,4579,HBD,,,,,,,,,,,,,,,,,,,,,,,,,,,,,,,,,,,,,,,,,,,,,,,,,,
2025-10-04 02:10:43,,,,867488067684034,4580,HBD,,,,,,,,,,,,,,,,,,,,,,,,,,,,,,,,,,,,,,,,,,,,,,,,,,
2025-10-04 02:12:43,,,,867488067684034,4581,HBD,,,,,,,,,,,,,,,,,,,,,,,,,,,,,,,,,,,,,,,,,,,,,,,,,,
2025-10-04 02:14:44,,,,867488067684034,4582,HBD,,,,,,,,,,,,,,,,,,,,,,,,,,,,,,,,,,,,,,,,,,,,,,,,,,
2025-10-04 02:16:44,,,,867488067684034,4583,HBD,,,,,,,,,,,,,,,,,,,,,,,,,,,,,,,,,,,,,,,,,,,,,,,,,,
2025-10-04 02:18:44,,,,867488067684034,4584,HBD,,,,,,,,,,,,,,,,,,,,,,,,,,,,,,,,,,,,,,,,,,,,,,,,,,
2025-10-04 02:20:45,,,,867488067684034,4585,HBD,,,,,,,,,,,,,,,,,,,,,,,,,,,,,,,,,,,,,,,,,,,,,,,,,,
2025-10-04 02:22:45,,,,867488067684034,4586,HBD,,,,,,,,,,,,,,,,,,,,,,,,,,,,,,,,,,,,,,,,,,,,,,,,,,
2025-10-04 02:24:46,,,,867488067684034,4587,HBD,,,,,,,,,,,,,,,,,,,,,,,,,,,,,,,,,,,,,,,,,,,,,,,,,,
2025-10-04 02:25:30,2025-10-04 02:25:30,2025-10-04 02:23:22,2025-10-04 02:23:22,867488067684034,4588,GTERI,0x19fe3fbf,0x00028102,802003,0x8303,0x0115,100,25309,0000,-,00,00,11,7,7,-,01,01,0.0,0.0,166,166,1027,1027,-25.047401,-25.047401,-51.540816,-51.540816,0724,0004,85da,0f6ad116,6.9,194.5,194.5,0:24:37,13:01:25,-,-,0,-,,,,,04,1,00000000,00,10,
2025-10-04 02:26:46,,,,867488067684034,4589,HBD,,,,,,,,,,,,,,,,,,,,,,,,,,,,,,,,,,,,,,,,,,,,,,,,,,
2025-10-04 02:28:47,,,,867488067684034,4590,HBD,,,,,,,,,,,,,,,,,,,,,,,,,,,,,,,,,,,,,,,,,,,,,,,,,,
2025-10-04 02:30:47,,,,867488067684034,4591,HBD,,,,,,,,,,,,,,,,,,,,,,,,,,,,,,,,,,,,,,,,,,,,,,,,,,
2025-10-04 02:32:48,,,,867488067684034,4592,HBD,,,,,,,,,,,,,,,,,,,,,,,,,,,,,,,,,,,,,,,,,,,,,,,,,,
2025-10-04 02:34:48,,,,867488067684034,4593,HBD,,,,,,,,,,,,,,,,,,,,,,,,,,,,,,,,,,,,,,,,,,,,,,,,,,
2025-10-04 02:36:49,,,,867488067684034,4594,HBD,,,,,,,,,,,,,,,,,,,,,,,,,,,,,,,,,,,,,,,,,,,,,,,,,,
2025-10-04 02:38:49,,,,867488067684034,4595,HBD,,,,,,,,,,,,,,,,,,,,,,,,,,,,,,,,,,,,,,,,,,,,,,,,,,
2025-10-04 02:40:50,,,,867488067684034,4596,HBD,,,,,,,,,,,,,,,,,,,,,,,,,,,,,,,,,,,,,,,,,,,,,,,,,,
2025-10-04 02:42:50,,,,867488067684034,4597,HBD,,,,,,,,,,,,,,,,,,,,,,,,,,,,,,,,,,,,,,,,,,,,,,,,,,
2025-10-04 02:44:51,,,,867488067684034,4598,HBD,,,,,,,,,,,,,,,,,,,,,,,,,,,,,,,,,,,,,,,,,,,,,,,,,,
2025-10-04 02:46:51,,,,867488067684034,4599,HBD,,,,,,,,,,,,,,,,,,,,,,,,,,,,,,,,,,,,,,,,,,,,,,,,,,
2025-10-04 02:48:51,,,,867488067684034,4600,HBD,,,,,,,,,,,,,,,,,,,,,,,,,,,,,,,,,,,,,,,,,,,,,,,,,,
2025-10-04 02:50:52,,,,867488067684034,4601,HBD,,,,,,,,,,,,,,,,,,,,,,,,,,,,,,,,,,,,,,,,,,,,,,,,,,
2025-10-04 02:52:52,,,,867488067684034,4602,HBD,,,,,,,,,,,,,,,,,,,,,,,,,,,,,,,,,,,,,,,,,,,,,,,,,,
2025-10-04 02:54:53,,,,867488067684034,4603,HBD,,,,,,,,,,,,,,,,,,,,,,,,,,,,,,,,,,,,,,,,,,,,,,,,,,
2025-10-04 02:56:53,,,,867488067684034,4604,HBD,,,,,,,,,,,,,,,,,,,,,,,,,,,,,,,,,,,,,,,,,,,,,,,,,,
2025-10-04 02:58:54,,,,867488067684034,4605,HBD,,,,,,,,,,,,,,,,,,,,,,,,,,,,,,,,,,,,,,,,,,,,,,,,,,
2025-10-04 03:00:54,,,,867488067684034,4606,HBD,,,,,,,,,,,,,,,,,,,,,,,,,,,,,,,,,,,,,,,,,,,,,,,,,,
2025-10-04 03:02:55,,,,867488067684034,4607,HBD,,,,,,,,,,,,,,,,,,,,,,,,,,,,,,,,,,,,,,,,,,,,,,,,,,
2025-10-04 03:04:55,,,,867488067684034,4608,HBD,,,,,,,,,,,,,,,,,,,,,,,,,,,,,,,,,,,,,,,,,,,,,,,,,,
2025-10-04 03:06:55,,,,867488067684034,4609,HBD,,,,,,,,,,,,,,,,,,,,,,,,,,,,,,,,,,,,,,,,,,,,,,,,,,
2025-10-04 03:08:56,,,,867488067684034,4610,HBD,,,,,,,,,,,,,,,,,,,,,,,,,,,,,,,,,,,,,,,,,,,,,,,,,,
2025-10-04 03:10:56,,,,867488067684034,4611,HBD,,,,,,,,,,,,,,,,,,,,,,,,,,,,,,,,,,,,,,,,,,,,,,,,,,
2025-10-04 03:12:57,,,,867488067684034,4612,HBD,,,,,,,,,,,,,,,,,,,,,,,,,,,,,,,,,,,,,,,,,,,,,,,,,,
2025-10-04 03:14:57,,,,867488067684034,4613,HBD,,,,,,,,,,,,,,,,,,,,,,,,,,,,,,,,,,,,,,,,,,,,,,,,,,
2025-10-04 03:16:58,,,,867488067684034,4614,HBD,,,,,,,,,,,,,,,,,,,,,,,,,,,,,,,,,,,,,,,,,,,,,,,,,,
2025-10-04 03:18:58,,,,867488067684034,4615,HBD,,,,,,,,,,,,,,,,,,,,,,,,,,,,,,,,,,,,,,,,,,,,,,,,,,
2025-10-04 03:20:58,,,,867488067684034,4616,HBD,,,,,,,,,,,,,,,,,,,,,,,,,,,,,,,,,,,,,,,,,,,,,,,,,,
2025-10-04 03:22:59,,,,867488067684034,4617,HBD,,,,,,,,,,,,,,,,,,,,,,,,,,,,,,,,,,,,,,,,,,,,,,,,,,
2025-10-04 03:24:59,,,,867488067684034,4618,HBD,,,,,,,,,,,,,,,,,,,,,,,,,,,,,,,,,,,,,,,,,,,,,,,,,,
2025-10-04 03:25:30,2025-10-04 03:25:30,2025-10-04 03:23:14,2025-10-04 03:23:14,867488067684034,4619,GTERI,0x19fe3fbf,0x00028102,802003,0x8303,0x0115,100,25289,0000,-,00,00,11,6,6,-,01,01,0.0,0.0,166,166,1027,1027,-25.047401,-25.047401,-51.540816,-51.540816,0724,0004,85da,0f6ad116,6.9,194.5,194.5,0:24:37,13:01:25,-,-,0,-,,,,,04,1,00000000,00,10,
2025-10-04 03:27:00,,,,867488067684034,4620,HBD,,,,,,,,,,,,,,,,,,,,,,,,,,,,,,,,,,,,,,,,,,,,,,,,,,
2025-10-04 03:29:00,,,,867488067684034,4621,HBD,,,,,,,,,,,,,,,,,,,,,,,,,,,,,,,,,,,,,,,,,,,,,,,,,,
2025-10-04 03:31:01,,,,867488067684034,4622,HBD,,,,,,,,,,,,,,,,,,,,,,,,,,,,,,,,,,,,,,,,,,,,,,,,,,
2025-10-04 03:33:01,,,,867488067684034,4623,HBD,,,,,,,,,,,,,,,,,,,,,,,,,,,,,,,,,,,,,,,,,,,,,,,,,,
2025-10-04 03:34:02,,,,867488067684034,4624,HBD,,,,,,,,,,,,,,,,,,,,,,,,,,,,,,,,,,,,,,,,,,,,,,,,,,
2025-10-04 03:36:02,,,,867488067684034,4625,HBD,,,,,,,,,,,,,,,,,,,,,,,,,,,,,,,,,,,,,,,,,,,,,,,,,,
2025-10-04 03:38:02,,,,867488067684034,4626,HBD,,,,,,,,,,,,,,,,,,,,,,,,,,,,,,,,,,,,,,,,,,,,,,,,,,
2025-10-04 03:40:03,,,,867488067684034,4627,HBD,,,,,,,,,,,,,,,,,,,,,,,,,,,,,,,,,,,,,,,,,,,,,,,,,,
2025-10-04 03:42:03,,,,867488067684034,4628,HBD,,,,,,,,,,,,,,,,,,,,,,,,,,,,,,,,,,,,,,,,,,,,,,,,,,
2025-10-04 03:44:04,,,,867488067684034,4629,HBD,,,,,,,,,,,,,,,,,,,,,,,,,,,,,,,,,,,,,,,,,,,,,,,,,,
2025-10-04 03:46:04,,,,867488067684034,4630,HBD,,,,,,,,,,,,,,,,,,,,,,,,,,,,,,,,,,,,,,,,,,,,,,,,,,
2025-10-04 03:48:05,,,,867488067684034,4631,HBD,,,,,,,,,,,,,,,,,,,,,,,,,,,,,,,,,,,,,,,,,,,,,,,,,,
2025-10-04 03:50:05,,,,867488067684034,4632,HBD,,,,,,,,,,,,,,,,,,,,,,,,,,,,,,,,,,,,,,,,,,,,,,,,,,
2025-10-04 03:52:05,,,,867488067684034,4633,HBD,,,,,,,,,,,,,,,,,,,,,,,,,,,,,,,,,,,,,,,,,,,,,,,,,,
2025-10-04 03:54:06,,,,867488067684034,4634,HBD,,,,,,,,,,,,,,,,,,,,,,,,,,,,,,,,,,,,,,,,,,,,,,,,,,
2025-10-04 03:56:06,,,,867488067684034,4635,HBD,,,,,,,,,,,,,,,,,,,,,,,,,,,,,,,,,,,,,,,,,,,,,,,,,,
2025-10-04 03:58:07,,,,867488067684034,4636,HBD,,,,,,,,,,,,,,,,,,,,,,,,,,,,,,,,,,,,,,,,,,,,,,,,,,
2025-10-04 04:00:07,,,,867488067684034,4637,HBD,,,,,,,,,,,,,,,,,,,,,,,,,,,,,,,,,,,,,,,,,,,,,,,,,,
2025-10-04 04:02:08,,,,867488067684034,4638,HBD,,,,,,,,,,,,,,,,,,,,,,,,,,,,,,,,,,,,,,,,,,,,,,,,,,
2025-10-04 04:04:08,,,,867488067684034,4639,HBD,,,,,,,,,,,,,,,,,,,,,,,,,,,,,,,,,,,,,,,,,,,,,,,,,,
2025-10-04 04:06:09,,,,867488067684034,4640,HBD,,,,,,,,,,,,,,,,,,,,,,,,,,,,,,,,,,,,,,,,,,,,,,,,,,
2025-10-04 04:08:09,,,,867488067684034,4641,HBD,,,,,,,,,,,,,,,,,,,,,,,,,,,,,,,,,,,,,,,,,,,,,,,,,,
2025-10-04 04:10:09,,,,867488067684034,4642,HBD,,,,,,,,,,,,,,,,,,,,,,,,,,,,,,,,,,,,,,,,,,,,,,,,,,
2025-10-04 04:12:10,,,,867488067684034,4643,HBD,,,,,,,,,,,,,,,,,,,,,,,,,,,,,,,,,,,,,,,,,,,,,,,,,,
2025-10-04 04:14:10,,,,867488067684034,4644,HBD,,,,,,,,,,,,,,,,,,,,,,,,,,,,,,,,,,,,,,,,,,,,,,,,,,
2025-10-04 04:16:11,,,,867488067684034,4645,HBD,,,,,,,,,,,,,,,,,,,,,,,,,,,,,,,,,,,,,,,,,,,,,,,,,,
2025-10-04 04:18:11,,,,867488067684034,4646,HBD,,,,,,,,,,,,,,,,,,,,,,,,,,,,,,,,,,,,,,,,,,,,,,,,,,
2025-10-04 04:20:12,,,,867488067684034,4647,HBD,,,,,,,,,,,,,,,,,,,,,,,,,,,,,,,,,,,,,,,,,,,,,,,,,,
2025-10-04 04:22:12,,,,867488067684034,4648,HBD,,,,,,,,,,,,,,,,,,,,,,,,,,,,,,,,,,,,,,,,,,,,,,,,,,
2025-10-04 04:24:13,,,,867488067684034,4649,HBD,,,,,,,,,,,,,,,,,,,,,,,,,,,,,,,,,,,,,,,,,,,,,,,,,,
2025-10-04 04:25:30,2025-10-04 04:25:30,2025-10-04 04:23:09,2025-10-04 04:23:09,867488067684034,4650,GTERI,0x19fe3fbf,0x00028102,802003,0x8303,0x0115,100,25253,0000,-,00,00,11,5,5,-,01,01,0.0,0.0,166,166,1027,1027,-25.047401,-25.047401,-51.540816,-51.540816,0724,0004,85da,0f6ad116,6.9,194.5,194.5,0:24:37,13:01:25,-,-,0,-,,,,,04,1,00000000,00,10,
2025-10-04 04:26:13,,,,867488067684034,4651,HBD,,,,,,,,,,,,,,,,,,,,,,,,,,,,,,,,,,,,,,,,,,,,,,,,,,
2025-10-04 04:28:13,,,,867488067684034,4652,HBD,,,,,,,,,,,,,,,,,,,,,,,,,,,,,,,,,,,,,,,,,,,,,,,,,,
2025-10-04 04:30:14,,,,867488067684034,4653,HBD,,,,,,,,,,,,,,,,,,,,,,,,,,,,,,,,,,,,,,,,,,,,,,,,,,
2025-10-04 04:32:14,,,,867488067684034,4654,HBD,,,,,,,,,,,,,,,,,,,,,,,,,,,,,,,,,,,,,,,,,,,,,,,,,,
2025-10-04 04:34:15,,,,867488067684034,4655,HBD,,,,,,,,,,,,,,,,,,,,,,,,,,,,,,,,,,,,,,,,,,,,,,,,,,
2025-10-04 04:36:15,,,,867488067684034,4656,HBD,,,,,,,,,,,,,,,,,,,,,,,,,,,,,,,,,,,,,,,,,,,,,,,,,,
2025-10-04 04:38:16,,,,867488067684034,4657,HBD,,,,,,,,,,,,,,,,,,,,,,,,,,,,,,,,,,,,,,,,,,,,,,,,,,
2025-10-04 04:40:16,,,,867488067684034,4658,HBD,,,,,,,,,,,,,,,,,,,,,,,,,,,,,,,,,,,,,,,,,,,,,,,,,,
2025-10-04 04:42:17,,,,867488067684034,4659,HBD,,,,,,,,,,,,,,,,,,,,,,,,,,,,,,,,,,,,,,,,,,,,,,,,,,
2025-10-04 04:44:17,,,,867488067684034,4660,HBD,,,,,,,,,,,,,,,,,,,,,,,,,,,,,,,,,,,,,,,,,,,,,,,,,,
2025-10-04 04:46:17,,,,867488067684034,4661,HBD,,,,,,,,,,,,,,,,,,,,,,,,,,,,,,,,,,,,,,,,,,,,,,,,,,
2025-10-04 04:48:18,,,,867488067684034,4662,HBD,,,,,,,,,,,,,,,,,,,,,,,,,,,,,,,,,,,,,,,,,,,,,,,,,,
2025-10-04 04:50:18,,,,867488067684034,4663,HBD,,,,,,,,,,,,,,,,,,,,,,,,,,,,,,,,,,,,,,,,,,,,,,,,,,
2025-10-04 04:52:19,,,,867488067684034,4664,HBD,,,,,,,,,,,,,,,,,,,,,,,,,,,,,,,,,,,,,,,,,,,,,,,,,,
2025-10-04 04:54:19,,,,867488067684034,4665,HBD,,,,,,,,,,,,,,,,,,,,,,,,,,,,,,,,,,,,,,,,,,,,,,,,,,
2025-10-04 04:56:20,,,,867488067684034,4666,HBD,,,,,,,,,,,,,,,,,,,,,,,,,,,,,,,,,,,,,,,,,,,,,,,,,,
2025-10-04 04:58:20,,,,867488067684034,4667,HBD,,,,,,,,,,,,,,,,,,,,,,,,,,,,,,,,,,,,,,,,,,,,,,,,,,
2025-10-04 05:00:21,,,,867488067684034,4668,HBD,,,,,,,,,,,,,,,,,,,,,,,,,,,,,,,,,,,,,,,,,,,,,,,,,,
2025-10-04 05:02:21,,,,867488067684034,4669,HBD,,,,,,,,,,,,,,,,,,,,,,,,,,,,,,,,,,,,,,,,,,,,,,,,,,
2025-10-04 05:04:22,,,,867488067684034,4670,HBD,,,,,,,,,,,,,,,,,,,,,,,,,,,,,,,,,,,,,,,,,,,,,,,,,,
2025-10-04 05:06:22,,,,867488067684034,4671,HBD,,,,,,,,,,,,,,,,,,,,,,,,,,,,,,,,,,,,,,,,,,,,,,,,,,
2025-10-04 05:08:22,,,,867488067684034,4672,HBD,,,,,,,,,,,,,,,,,,,,,,,,,,,,,,,,,,,,,,,,,,,,,,,,,,
2025-10-04 05:10:23,,,,867488067684034,4673,HBD,,,,,,,,,,,,,,,,,,,,,,,,,,,,,,,,,,,,,,,,,,,,,,,,,,
2025-10-04 05:12:23,,,,867488067684034,4674,HBD,,,,,,,,,,,,,,,,,,,,,,,,,,,,,,,,,,,,,,,,,,,,,,,,,,
2025-10-04 05:14:24,,,,867488067684034,4675,HBD,,,,,,,,,,,,,,,,,,,,,,,,,,,,,,,,,,,,,,,,,,,,,,,,,,
2025-10-04 05:16:24,,,,867488067684034,4676,HBD,,,,,,,,,,,,,,,,,,,,,,,,,,,,,,,,,,,,,,,,,,,,,,,,,,
2025-10-04 05:18:25,,,,867488067684034,4677,HBD,,,,,,,,,,,,,,,,,,,,,,,,,,,,,,,,,,,,,,,,,,,,,,,,,,
2025-10-04 05:20:25,,,,867488067684034,4678,HBD,,,,,,,,,,,,,,,,,,,,,,,,,,,,,,,,,,,,,,,,,,,,,,,,,,
2025-10-04 05:22:25,,,,867488067684034,4679,HBD,,,,,,,,,,,,,,,,,,,,,,,,,,,,,,,,,,,,,,,,,,,,,,,,,,
2025-10-04 05:24:26,,,,867488067684034,4680,HBD,,,,,,,,,,,,,,,,,,,,,,,,,,,,,,,,,,,,,,,,,,,,,,,,,,
2025-10-04 05:25:30,2025-10-04 05:25:30,2025-10-04 05:23:22,2025-10-04 05:23:22,867488067684034,4681,GTERI,0x19fe3fbf,0x00028102,802003,0x8303,0x0115,100,25240,0000,-,00,00,11,6,6,-,01,01,0.0,0.0,166,166,1027,1027,-25.047401,-25.047401,-51.540816,-51.540816,0724,0004,85da,0f6ad116,6.9,194.5,194.5,0:24:37,13:01:25,-,-,0,-,,,,,04,1,00000000,00,10,
2025-10-04 05:26:26,,,,867488067684034,4682,HBD,,,,,,,,,,,,,,,,,,,,,,,,,,,,,,,,,,,,,,,,,,,,,,,,,,
2025-10-04 05:28:27,,,,867488067684034,4683,HBD,,,,,,,,,,,,,,,,,,,,,,,,,,,,,,,,,,,,,,,,,,,,,,,,,,
2025-10-04 05:30:27,,,,867488067684034,4684,HBD,,,,,,,,,,,,,,,,,,,,,,,,,,,,,,,,,,,,,,,,,,,,,,,,,,
2025-10-04 05:32:28,,,,867488067684034,4685,HBD,,,,,,,,,,,,,,,,,,,,,,,,,,,,,,,,,,,,,,,,,,,,,,,,,,
2025-10-04 05:34:28,,,,867488067684034,4686,HBD,,,,,,,,,,,,,,,,,,,,,,,,,,,,,,,,,,,,,,,,,,,,,,,,,,
2025-10-04 05:36:28,,,,867488067684034,4687,HBD,,,,,,,,,,,,,,,,,,,,,,,,,,,,,,,,,,,,,,,,,,,,,,,,,,
2025-10-04 05:38:29,,,,867488067684034,4688,HBD,,,,,,,,,,,,,,,,,,,,,,,,,,,,,,,,,,,,,,,,,,,,,,,,,,
2025-10-04 05:40:29,,,,867488067684034,4689,HBD,,,,,,,,,,,,,,,,,,,,,,,,,,,,,,,,,,,,,,,,,,,,,,,,,,
2025-10-04 05:42:30,,,,867488067684034,4690,HBD,,,,,,,,,,,,,,,,,,,,,,,,,,,,,,,,,,,,,,,,,,,,,,,,,,
2025-10-04 05:44:30,,,,867488067684034,4691,HBD,,,,,,,,,,,,,,,,,,,,,,,,,,,,,,,,,,,,,,,,,,,,,,,,,,
2025-10-04 05:46:31,,,,867488067684034,4692,HBD,,,,,,,,,,,,,,,,,,,,,,,,,,,,,,,,,,,,,,,,,,,,,,,,,,
2025-10-04 05:48:31,,,,867488067684034,4693,HBD,,,,,,,,,,,,,,,,,,,,,,,,,,,,,,,,,,,,,,,,,,,,,,,,,,
2025-10-04 05:50:32,,,,867488067684034,4694,HBD,,,,,,,,,,,,,,,,,,,,,,,,,,,,,,,,,,,,,,,,,,,,,,,,,,
2025-10-04 05:52:32,,,,867488067684034,4695,HBD,,,,,,,,,,,,,,,,,,,,,,,,,,,,,,,,,,,,,,,,,,,,,,,,,,
2025-10-04 05:54:32,,,,867488067684034,4696,HBD,,,,,,,,,,,,,,,,,,,,,,,,,,,,,,,,,,,,,,,,,,,,,,,,,,
2025-10-04 05:56:33,,,,867488067684034,4697,HBD,,,,,,,,,,,,,,,,,,,,,,,,,,,,,,,,,,,,,,,,,,,,,,,,,,
2025-10-04 05:58:33,,,,867488067684034,4698,HBD,,,,,,,,,,,,,,,,,,,,,,,,,,,,,,,,,,,,,,,,,,,,,,,,,,
2025-10-04 06:00:34,,,,867488067684034,4699,HBD,,,,,,,,,,,,,,,,,,,,,,,,,,,,,,,,,,,,,,,,,,,,,,,,,,
2025-10-04 06:02:34,,,,867488067684034,4700,HBD,,,,,,,,,,,,,,,,,,,,,,,,,,,,,,,,,,,,,,,,,,,,,,,,,,
2025-10-04 06:04:35,,,,867488067684034,4701,HBD,,,,,,,,,,,,,,,,,,,,,,,,,,,,,,,,,,,,,,,,,,,,,,,,,,
2025-10-04 06:06:35,,,,867488067684034,4702,HBD,,,,,,,,,,,,,,,,,,,,,,,,,,,,,,,,,,,,,,,,,,,,,,,,,,
2025-10-04 06:08:35,,,,867488067684034,4703,HBD,,,,,,,,,,,,,,,,,,,,,,,,,,,,,,,,,,,,,,,,,,,,,,,,,,
2025-10-04 06:10:36,,,,867488067684034,4704,HBD,,,,,,,,,,,,,,,,,,,,,,,,,,,,,,,,,,,,,,,,,,,,,,,,,,
2025-10-04 06:12:36,,,,867488067684034,4705,HBD,,,,,,,,,,,,,,,,,,,,,,,,,,,,,,,,,,,,,,,,,,,,,,,,,,
2025-10-04 06:14:37,,,,867488067684034,4706,HBD,,,,,,,,,,,,,,,,,,,,,,,,,,,,,,,,,,,,,,,,,,,,,,,,,,
2025-10-04 06:16:37,,,,867488067684034,4707,HBD,,,,,,,,,,,,,,,,,,,,,,,,,,,,,,,,,,,,,,,,,,,,,,,,,,
2025-10-04 06:18:38,,,,867488067684034,4708,HBD,,,,,,,,,,,,,,,,,,,,,,,,,,,,,,,,,,,,,,,,,,,,,,,,,,
2025-10-04 06:20:38,,,,867488067684034,4709,HBD,,,,,,,,,,,,,,,,,,,,,,,,,,,,,,,,,,,,,,,,,,,,,,,,,,
2025-10-04 06:22:39,,,,867488067684034,4710,HBD,,,,,,,,,,,,,,,,,,,,,,,,,,,,,,,,,,,,,,,,,,,,,,,,,,
2025-10-04 06:24:39,,,,867488067684034,4711,HBD,,,,,,,,,,,,,,,,,,,,,,,,,,,,,,,,,,,,,,,,,,,,,,,,,,
2025-10-04 06:25:30,2025-10-04 06:25:30,2025-10-04 06:23:07,2025-10-04 06:23:07,867488067684034,4712,GTERI,0x19fe3fbf,0x00028102,802003,0x8303,0x0115,100,25229,0000,-,00,00,11,6,6,-,01,01,0.0,0.0,166,166,1027,1027,-25.047401,-25.047401,-51.540816,-51.540816,0724,0004,85da,0f6ad116,6.9,194.5,194.5,0:24:37,13:01:25,-,-,0,-,,,,,04,1,00000000,00,10,
2025-10-04 06:26:39,,,,867488067684034,4713,HBD,,,,,,,,,,,,,,,,,,,,,,,,,,,,,,,,,,,,,,,,,,,,,,,,,,
2025-10-04 06:28:40,,,,867488067684034,4714,HBD,,,,,,,,,,,,,,,,,,,,,,,,,,,,,,,,,,,,,,,,,,,,,,,,,,
2025-10-04 06:30:40,,,,867488067684034,4715,HBD,,,,,,,,,,,,,,,,,,,,,,,,,,,,,,,,,,,,,,,,,,,,,,,,,,
2025-10-04 06:32:41,,,,867488067684034,4716,HBD,,,,,,,,,,,,,,,,,,,,,,,,,,,,,,,,,,,,,,,,,,,,,,,,,,
2025-10-04 06:34:41,,,,867488067684034,4717,HBD,,,,,,,,,,,,,,,,,,,,,,,,,,,,,,,,,,,,,,,,,,,,,,,,,,
2025-10-04 06:36:42,,,,867488067684034,4718,HBD,,,,,,,,,,,,,,,,,,,,,,,,,,,,,,,,,,,,,,,,,,,,,,,,,,
2025-10-04 06:38:42,,,,867488067684034,4719,HBD,,,,,,,,,,,,,,,,,,,,,,,,,,,,,,,,,,,,,,,,,,,,,,,,,,
2025-10-04 06:40:42,,,,867488067684034,4720,HBD,,,,,,,,,,,,,,,,,,,,,,,,,,,,,,,,,,,,,,,,,,,,,,,,,,
2025-10-04 06:42:43,,,,867488067684034,4721,HBD,,,,,,,,,,,,,,,,,,,,,,,,,,,,,,,,,,,,,,,,,,,,,,,,,,
2025-10-04 06:44:43,,,,867488067684034,4722,HBD,,,,,,,,,,,,,,,,,,,,,,,,,,,,,,,,,,,,,,,,,,,,,,,,,,
2025-10-04 06:46:44,,,,867488067684034,4723,HBD,,,,,,,,,,,,,,,,,,,,,,,,,,,,,,,,,,,,,,,,,,,,,,,,,,
2025-10-04 06:48:44,,,,867488067684034,4724,HBD,,,,,,,,,,,,,,,,,,,,,,,,,,,,,,,,,,,,,,,,,,,,,,,,,,
2025-10-04 06:50:45,,,,867488067684034,4725,HBD,,,,,,,,,,,,,,,,,,,,,,,,,,,,,,,,,,,,,,,,,,,,,,,,,,
2025-10-04 06:52:45,,,,867488067684034,4726,HBD,,,,,,,,,,,,,,,,,,,,,,,,,,,,,,,,,,,,,,,,,,,,,,,,,,
2025-10-04 06:54:46,,,,867488067684034,4727,HBD,,,,,,,,,,,,,,,,,,,,,,,,,,,,,,,,,,,,,,,,,,,,,,,,,,
2025-10-04 06:56:46,,,,867488067684034,4728,HBD,,,,,,,,,,,,,,,,,,,,,,,,,,,,,,,,,,,,,,,,,,,,,,,,,,
2025-10-04 06:58:46,,,,867488067684034,4729,HBD,,,,,,,,,,,,,,,,,,,,,,,,,,,,,,,,,,,,,,,,,,,,,,,,,,
2025-10-04 07:00:47,,,,867488067684034,4730,HBD,,,,,,,,,,,,,,,,,,,,,,,,,,,,,,,,,,,,,,,,,,,,,,,,,,
2025-10-04 07:02:47,,,,867488067684034,4731,HBD,,,,,,,,,,,,,,,,,,,,,,,,,,,,,,,,,,,,,,,,,,,,,,,,,,
2025-10-04 07:04:48,,,,867488067684034,4732,HBD,,,,,,,,,,,,,,,,,,,,,,,,,,,,,,,,,,,,,,,,,,,,,,,,,,
2025-10-04 07:06:48,,,,867488067684034,4733,HBD,,,,,,,,,,,,,,,,,,,,,,,,,,,,,,,,,,,,,,,,,,,,,,,,,,
2025-10-04 07:08:49,,,,867488067684034,4734,HBD,,,,,,,,,,,,,,,,,,,,,,,,,,,,,,,,,,,,,,,,,,,,,,,,,,
2025-10-04 07:10:49,,,,867488067684034,4735,HBD,,,,,,,,,,,,,,,,,,,,,,,,,,,,,,,,,,,,,,,,,,,,,,,,,,
2025-10-04 07:12:49,,,,867488067684034,4736,HBD,,,,,,,,,,,,,,,,,,,,,,,,,,,,,,,,,,,,,,,,,,,,,,,,,,
2025-10-04 07:14:50,,,,867488067684034,4737,HBD,,,,,,,,,,,,,,,,,,,,,,,,,,,,,,,,,,,,,,,,,,,,,,,,,,
2025-10-04 07:16:50,,,,867488067684034,4738,HBD,,,,,,,,,,,,,,,,,,,,,,,,,,,,,,,,,,,,,,,,,,,,,,,,,,
2025-10-04 07:18:51,,,,867488067684034,4739,HBD,,,,,,,,,,,,,,,,,,,,,,,,,,,,,,,,,,,,,,,,,,,,,,,,,,
2025-10-04 07:20:51,,,,867488067684034,4740,HBD,,,,,,,,,,,,,,,,,,,,,,,,,,,,,,,,,,,,,,,,,,,,,,,,,,
2025-10-04 07:22:52,,,,867488067684034,4741,HBD,,,,,,,,,,,,,,,,,,,,,,,,,,,,,,,,,,,,,,,,,,,,,,,,,,
2025-10-04 07:24:52,,,,867488067684034,4742,HBD,,,,,,,,,,,,,,,,,,,,,,,,,,,,,,,,,,,,,,,,,,,,,,,,,,
2025-10-04 07:25:30,2025-10-04 07:25:30,2025-10-04 07:23:06,2025-10-04 07:23:06,867488067684034,4743,GTERI,0x19fe3fbf,0x00028102,802003,0x8303,0x0115,100,25214,0000,-,00,00,11,5,5,-,01,01,0.0,0.0,166,166,1027,1027,-25.047401,-25.047401,-51.540816,-51.540816,0724,0004,85da,0f6ad116,6.9,194.5,194.5,0:24:37,13:01:25,-,-,0,-,,,,,04,1,00000000,00,10,
2025-10-04 07:26:53,,,,867488067684034,4744,HBD,,,,,,,,,,,,,,,,,,,,,,,,,,,,,,,,,,,,,,,,,,,,,,,,,,
2025-10-04 07:28:53,,,,867488067684034,4745,HBD,,,,,,,,,,,,,,,,,,,,,,,,,,,,,,,,,,,,,,,,,,,,,,,,,,
2025-10-04 07:30:53,,,,867488067684034,4746,HBD,,,,,,,,,,,,,,,,,,,,,,,,,,,,,,,,,,,,,,,,,,,,,,,,,,
2025-10-04 07:32:54,,,,867488067684034,4747,HBD,,,,,,,,,,,,,,,,,,,,,,,,,,,,,,,,,,,,,,,,,,,,,,,,,,
2025-10-04 07:34:54,,,,867488067684034,4748,HBD,,,,,,,,,,,,,,,,,,,,,,,,,,,,,,,,,,,,,,,,,,,,,,,,,,
2025-10-04 07:36:55,,,,867488067684034,4749,HBD,,,,,,,,,,,,,,,,,,,,,,,,,,,,,,,,,,,,,,,,,,,,,,,,,,
2025-10-04 07:38:55,,,,867488067684034,4750,HBD,,,,,,,,,,,,,,,,,,,,,,,,,,,,,,,,,,,,,,,,,,,,,,,,,,
2025-10-04 07:40:56,,,,867488067684034,4751,HBD,,,,,,,,,,,,,,,,,,,,,,,,,,,,,,,,,,,,,,,,,,,,,,,,,,
2025-10-04 07:42:56,,,,867488067684034,4752,HBD,,,,,,,,,,,,,,,,,,,,,,,,,,,,,,,,,,,,,,,,,,,,,,,,,,
2025-10-04 07:44:56,,,,867488067684034,4753,HBD,,,,,,,,,,,,,,,,,,,,,,,,,,,,,,,,,,,,,,,,,,,,,,,,,,
2025-10-04 07:46:57,,,,867488067684034,4754,HBD,,,,,,,,,,,,,,,,,,,,,,,,,,,,,,,,,,,,,,,,,,,,,,,,,,
2025-10-04 07:48:57,,,,867488067684034,4755,HBD,,,,,,,,,,,,,,,,,,,,,,,,,,,,,,,,,,,,,,,,,,,,,,,,,,
2025-10-04 07:50:58,,,,867488067684034,4756,HBD,,,,,,,,,,,,,,,,,,,,,,,,,,,,,,,,,,,,,,,,,,,,,,,,,,
2025-10-04 07:52:58,,,,867488067684034,4757,HBD,,,,,,,,,,,,,,,,,,,,,,,,,,,,,,,,,,,,,,,,,,,,,,,,,,
2025-10-04 07:54:59,,,,867488067684034,4758,HBD,,,,,,,,,,,,,,,,,,,,,,,,,,,,,,,,,,,,,,,,,,,,,,,,,,
2025-10-04 07:56:59,,,,867488067684034,4759,HBD,,,,,,,,,,,,,,,,,,,,,,,,,,,,,,,,,,,,,,,,,,,,,,,,,,
2025-10-04 07:59:00,,,,867488067684034,4760,HBD,,,,,,,,,,,,,,,,,,,,,,,,,,,,,,,,,,,,,,,,,,,,,,,,,,
2025-10-04 08:01:00,,,,867488067684034,4761,HBD,,,,,,,,,,,,,,,,,,,,,,,,,,,,,,,,,,,,,,,,,,,,,,,,,,
2025-10-04 08:03:01,,,,867488067684034,4762,HBD,,,,,,,,,,,,,,,,,,,,,,,,,,,,,,,,,,,,,,,,,,,,,,,,,,
2025-10-04 08:05:01,,,,867488067684034,4763,HBD,,,,,,,,,,,,,,,,,,,,,,,,,,,,,,,,,,,,,,,,,,,,,,,,,,
2025-10-04 08:06:01,,,,867488067684034,4764,HBD,,,,,,,,,,,,,,,,,,,,,,,,,,,,,,,,,,,,,,,,,,,,,,,,,,
2025-10-04 08:08:02,,,,867488067684034,4765,HBD,,,,,,,,,,,,,,,,,,,,,,,,,,,,,,,,,,,,,,,,,,,,,,,,,,
2025-10-04 08:10:02,,,,867488067684034,4766,HBD,,,,,,,,,,,,,,,,,,,,,,,,,,,,,,,,,,,,,,,,,,,,,,,,,,
2025-10-04 08:12:03,,,,867488067684034,4767,HBD,,,,,,,,,,,,,,,,,,,,,,,,,,,,,,,,,,,,,,,,,,,,,,,,,,
2025-10-04 08:14:03,,,,867488067684034,4768,HBD,,,,,,,,,,,,,,,,,,,,,,,,,,,,,,,,,,,,,,,,,,,,,,,,,,
2025-10-04 08:16:04,,,,867488067684034,4769,HBD,,,,,,,,,,,,,,,,,,,,,,,,,,,,,,,,,,,,,,,,,,,,,,,,,,
2025-10-04 08:18:04,,,,867488067684034,4770,HBD,,,,,,,,,,,,,,,,,,,,,,,,,,,,,,,,,,,,,,,,,,,,,,,,,,
2025-10-04 08:20:04,,,,867488067684034,4771,HBD,,,,,,,,,,,,,,,,,,,,,,,,,,,,,,,,,,,,,,,,,,,,,,,,,,
2025-10-04 08:22:05,,,,867488067684034,4772,HBD,,,,,,,,,,,,,,,,,,,,,,,,,,,,,,,,,,,,,,,,,,,,,,,,,,
2025-10-04 08:24:05,,,,867488067684034,4773,HBD,,,,,,,,,,,,,,,,,,,,,,,,,,,,,,,,,,,,,,,,,,,,,,,,,,
2025-10-04 08:25:30,2025-10-04 08:25:30,2025-10-04 08:23:36,2025-10-04 08:23:36,867488067684034,4774,GTERI,0x19fe3fbf,0x00028102,802003,0x8303,0x0115,100,25200,0000,-,00,00,11,12,12,-,01,01,0.0,0.0,166,166,1027,1027,-25.047401,-25.047401,-51.540816,-51.540816,0724,0004,85da,0f6ad116,6.9,194.5,194.5,0:24:37,13:01:25,-,-,0,-,,,,,04,1,00000000,00,10,
2025-10-04 08:26:06,,,,867488067684034,4775,HBD,,,,,,,,,,,,,,,,,,,,,,,,,,,,,,,,,,,,,,,,,,,,,,,,,,
2025-10-04 08:28:06,,,,867488067684034,4776,HBD,,,,,,,,,,,,,,,,,,,,,,,,,,,,,,,,,,,,,,,,,,,,,,,,,,
2025-10-04 08:30:07,,,,867488067684034,4777,HBD,,,,,,,,,,,,,,,,,,,,,,,,,,,,,,,,,,,,,,,,,,,,,,,,,,
2025-10-04 08:32:07,,,,867488067684034,4778,HBD,,,,,,,,,,,,,,,,,,,,,,,,,,,,,,,,,,,,,,,,,,,,,,,,,,
2025-10-04 08:34:08,,,,867488067684034,4779,HBD,,,,,,,,,,,,,,,,,,,,,,,,,,,,,,,,,,,,,,,,,,,,,,,,,,
2025-10-04 08:36:08,,,,867488067684034,4780,HBD,,,,,,,,,,,,,,,,,,,,,,,,,,,,,,,,,,,,,,,,,,,,,,,,,,
2025-10-04 08:38:08,,,,867488067684034,4781,HBD,,,,,,,,,,,,,,,,,,,,,,,,,,,,,,,,,,,,,,,,,,,,,,,,,,
2025-10-04 08:40:09,,,,867488067684034,4782,HBD,,,,,,,,,,,,,,,,,,,,,,,,,,,,,,,,,,,,,,,,,,,,,,,,,,
2025-10-04 08:42:09,,,,867488067684034,4783,HBD,,,,,,,,,,,,,,,,,,,,,,,,,,,,,,,,,,,,,,,,,,,,,,,,,,
2025-10-04 08:44:10,,,,867488067684034,4784,HBD,,,,,,,,,,,,,,,,,,,,,,,,,,,,,,,,,,,,,,,,,,,,,,,,,,
2025-10-04 08:46:10,,,,867488067684034,4785,HBD,,,,,,,,,,,,,,,,,,,,,,,,,,,,,,,,,,,,,,,,,,,,,,,,,,
2025-10-04 08:48:11,,,,867488067684034,4786,HBD,,,,,,,,,,,,,,,,,,,,,,,,,,,,,,,,,,,,,,,,,,,,,,,,,,
2025-10-04 08:50:11,,,,867488067684034,4787,HBD,,,,,,,,,,,,,,,,,,,,,,,,,,,,,,,,,,,,,,,,,,,,,,,,,,
2025-10-04 08:52:12,,,,867488067684034,4788,HBD,,,,,,,,,,,,,,,,,,,,,,,,,,,,,,,,,,,,,,,,,,,,,,,,,,
2025-10-04 08:54:12,,,,867488067684034,4789,HBD,,,,,,,,,,,,,,,,,,,,,,,,,,,,,,,,,,,,,,,,,,,,,,,,,,
2025-10-04 08:56:12,,,,867488067684034,4790,HBD,,,,,,,,,,,,,,,,,,,,,,,,,,,,,,,,,,,,,,,,,,,,,,,,,,
2025-10-04 08:58:13,,,,867488067684034,4791,HBD,,,,,,,,,,,,,,,,,,,,,,,,,,,,,,,,,,,,,,,,,,,,,,,,,,
2025-10-04 09:00:13,,,,867488067684034,4792,HBD,,,,,,,,,,,,,,,,,,,,,,,,,,,,,,,,,,,,,,,,,,,,,,,,,,
2025-10-04 09:02:14,,,,867488067684034,4793,HBD,,,,,,,,,,,,,,,,,,,,,,,,,,,,,,,,,,,,,,,,,,,,,,,,,,
2025-10-04 09:04:14,,,,867488067684034,4794,HBD,,,,,,,,,,,,,,,,,,,,,,,,,,,,,,,,,,,,,,,,,,,,,,,,,,
2025-10-04 09:06:15,,,,867488067684034,4795,HBD,,,,,,,,,,,,,,,,,,,,,,,,,,,,,,,,,,,,,,,,,,,,,,,,,,
2025-10-04 09:08:15,,,,867488067684034,4796,HBD,,,,,,,,,,,,,,,,,,,,,,,,,,,,,,,,,,,,,,,,,,,,,,,,,,
2025-10-04 09:10:15,,,,867488067684034,4797,HBD,,,,,,,,,,,,,,,,,,,,,,,,,,,,,,,,,,,,,,,,,,,,,,,,,,
2025-10-04 09:12:16,,,,867488067684034,4798,HBD,,,,,,,,,,,,,,,,,,,,,,,,,,,,,,,,,,,,,,,,,,,,,,,,,,
2025-10-04 09:14:16,,,,867488067684034,4799,HBD,,,,,,,,,,,,,,,,,,,,,,,,,,,,,,,,,,,,,,,,,,,,,,,,,,
2025-10-04 09:16:17,,,,867488067684034,4800,HBD,,,,,,,,,,,,,,,,,,,,,,,,,,,,,,,,,,,,,,,,,,,,,,,,,,
2025-10-04 09:18:17,,,,867488067684034,4801,HBD,,,,,,,,,,,,,,,,,,,,,,,,,,,,,,,,,,,,,,,,,,,,,,,,,,
2025-10-04 09:20:18,,,,867488067684034,4802,HBD,,,,,,,,,,,,,,,,,,,,,,,,,,,,,,,,,,,,,,,,,,,,,,,,,,
2025-10-04 09:22:18,,,,867488067684034,4803,HBD,,,,,,,,,,,,,,,,,,,,,,,,,,,,,,,,,,,,,,,,,,,,,,,,,,
2025-10-04 09:24:19,,,,867488067684034,4804,HBD,,,,,,,,,,,,,,,,,,,,,,,,,,,,,,,,,,,,,,,,,,,,,,,,,,
2025-10-04 09:25:30,2025-10-04 09:25:30,2025-10-04 09:23:02,2025-10-04 09:23:02,867488067684034,4805,GTERI,0x19fe3fbf,0x00028102,802003,0x8303,0x0115,100,25166,0000,-,00,00,11,9,9,-,01,01,0.0,0.0,166,166,1027,1027,-25.047401,-25.047401,-51.540816,-51.540816,0724,0004,85da,0f6ad116,6.9,194.5,194.5,0:24:37,13:01:25,-,-,0,-,,,,,04,1,00000000,00,10,
2025-10-04 09:26:19,,,,867488067684034,4806,HBD,,,,,,,,,,,,,,,,,,,,,,,,,,,,,,,,,,,,,,,,,,,,,,,,,,
2025-10-04 09:28:19,,,,867488067684034,4807,HBD,,,,,,,,,,,,,,,,,,,,,,,,,,,,,,,,,,,,,,,,,,,,,,,,,,
2025-10-04 09:30:20,,,,867488067684034,4808,HBD,,,,,,,,,,,,,,,,,,,,,,,,,,,,,,,,,,,,,,,,,,,,,,,,,,
2025-10-04 09:32:20,,,,867488067684034,4809,HBD,,,,,,,,,,,,,,,,,,,,,,,,,,,,,,,,,,,,,,,,,,,,,,,,,,
2025-10-04 09:34:21,,,,867488067684034,4810,HBD,,,,,,,,,,,,,,,,,,,,,,,,,,,,,,,,,,,,,,,,,,,,,,,,,,
2025-10-04 09:36:21,,,,867488067684034,4811,HBD,,,,,,,,,,,,,,,,,,,,,,,,,,,,,,,,,,,,,,,,,,,,,,,,,,
2025-10-04 09:38:22,,,,867488067684034,4812,HBD,,,,,,,,,,,,,,,,,,,,,,,,,,,,,,,,,,,,,,,,,,,,,,,,,,
2025-10-04 09:40:22,,,,867488067684034,4813,HBD,,,,,,,,,,,,,,,,,,,,,,,,,,,,,,,,,,,,,,,,,,,,,,,,,,
2025-10-04 09:42:22,,,,867488067684034,4814,HBD,,,,,,,,,,,,,,,,,,,,,,,,,,,,,,,,,,,,,,,,,,,,,,,,,,
2025-10-04 09:44:23,,,,867488067684034,4815,HBD,,,,,,,,,,,,,,,,,,,,,,,,,,,,,,,,,,,,,,,,,,,,,,,,,,
2025-10-04 09:46:23,,,,867488067684034,4816,HBD,,,,,,,,,,,,,,,,,,,,,,,,,,,,,,,,,,,,,,,,,,,,,,,,,,
2025-10-04 09:48:24,,,,867488067684034,4817,HBD,,,,,,,,,,,,,,,,,,,,,,,,,,,,,,,,,,,,,,,,,,,,,,,,,,
2025-10-04 09:50:24,,,,867488067684034,4818,HBD,,,,,,,,,,,,,,,,,,,,,,,,,,,,,,,,,,,,,,,,,,,,,,,,,,
2025-10-04 09:52:25,,,,867488067684034,4819,HBD,,,,,,,,,,,,,,,,,,,,,,,,,,,,,,,,,,,,,,,,,,,,,,,,,,
2025-10-04 09:54:25,,,,867488067684034,4820,HBD,,,,,,,,,,,,,,,,,,,,,,,,,,,,,,,,,,,,,,,,,,,,,,,,,,
2025-10-04 09:56:26,,,,867488067684034,4821,HBD,,,,,,,,,,,,,,,,,,,,,,,,,,,,,,,,,,,,,,,,,,,,,,,,,,
2025-10-04 09:58:26,,,,867488067684034,4822,HBD,,,,,,,,,,,,,,,,,,,,,,,,,,,,,,,,,,,,,,,,,,,,,,,,,,
2025-10-04 10:00:27,,,,867488067684034,4823,HBD,,,,,,,,,,,,,,,,,,,,,,,,,,,,,,,,,,,,,,,,,,,,,,,,,,
2025-10-04 10:02:27,,,,867488067684034,4824,HBD,,,,,,,,,,,,,,,,,,,,,,,,,,,,,,,,,,,,,,,,,,,,,,,,,,
2025-10-04 10:04:27,,,,867488067684034,4825,HBD,,,,,,,,,,,,,,,,,,,,,,,,,,,,,,,,,,,,,,,,,,,,,,,,,,
2025-10-04 10:06:28,,,,867488067684034,4826,HBD,,,,,,,,,,,,,,,,,,,,,,,,,,,,,,,,,,,,,,,,,,,,,,,,,,
2025-10-04 10:08:28,,,,867488067684034,4827,HBD,,,,,,,,,,,,,,,,,,,,,,,,,,,,,,,,,,,,,,,,,,,,,,,,,,
2025-10-04 10:10:29,,,,867488067684034,4828,HBD,,,,,,,,,,,,,,,,,,,,,,,,,,,,,,,,,,,,,,,,,,,,,,,,,,
2025-10-04 10:12:29,,,,867488067684034,4829,HBD,,,,,,,,,,,,,,,,,,,,,,,,,,,,,,,,,,,,,,,,,,,,,,,,,,
2025-10-04 10:14:30,,,,867488067684034,4830,HBD,,,,,,,,,,,,,,,,,,,,,,,,,,,,,,,,,,,,,,,,,,,,,,,,,,
2025-10-04 10:16:30,,,,867488067684034,4831,HBD,,,,,,,,,,,,,,,,,,,,,,,,,,,,,,,,,,,,,,,,,,,,,,,,,,
2025-10-04 10:18:31,,,,867488067684034,4832,HBD,,,,,,,,,,,,,,,,,,,,,,,,,,,,,,,,,,,,,,,,,,,,,,,,,,
2025-10-04 10:20:31,,,,867488067684034,4833,HBD,,,,,,,,,,,,,,,,,,,,,,,,,,,,,,,,,,,,,,,,,,,,,,,,,,
2025-10-04 10:22:32,,,,867488067684034,4834,HBD,,,,,,,,,,,,,,,,,,,,,,,,,,,,,,,,,,,,,,,,,,,,,,,,,,
2025-10-04 10:24:32,,,,867488067684034,4835,HBD,,,,,,,,,,,,,,,,,,,,,,,,,,,,,,,,,,,,,,,,,,,,,,,,,,
2025-10-04 10:25:30,2025-10-04 10:25:30,2025-10-04 10:23:10,2025-10-04 10:23:10,867488067684034,4836,GTERI,0x19fe3fbf,0x00028102,802003,0x8303,0x0115,100,25178,0000,-,00,00,11,8,8,-,01,01,0.0,0.0,166,166,1027,1027,-25.047401,-25.047401,-51.540816,-51.540816,0724,0004,85da,0f6ad116,6.9,194.5,194.5,0:24:37,13:01:25,-,-,0,-,,,,,04,1,00000000,00,10,
2025-10-04 10:26:32,,,,867488067684034,4837,HBD,,,,,,,,,,,,,,,,,,,,,,,,,,,,,,,,,,,,,,,,,,,,,,,,,,
2025-10-04 10:28:33,,,,867488067684034,4838,HBD,,,,,,,,,,,,,,,,,,,,,,,,,,,,,,,,,,,,,,,,,,,,,,,,,,
2025-10-04 10:30:33,,,,867488067684034,4839,HBD,,,,,,,,,,,,,,,,,,,,,,,,,,,,,,,,,,,,,,,,,,,,,,,,,,
2025-10-04 10:32:34,,,,867488067684034,4840,HBD,,,,,,,,,,,,,,,,,,,,,,,,,,,,,,,,,,,,,,,,,,,,,,,,,,
2025-10-04 10:34:34,,,,867488067684034,4841,HBD,,,,,,,,,,,,,,,,,,,,,,,,,,,,,,,,,,,,,,,,,,,,,,,,,,
2025-10-04 10:36:35,,,,867488067684034,4842,HBD,,,,,,,,,,,,,,,,,,,,,,,,,,,,,,,,,,,,,,,,,,,,,,,,,,
2025-10-04 10:38:35,,,,867488067684034,4843,HBD,,,,,,,,,,,,,,,,,,,,,,,,,,,,,,,,,,,,,,,,,,,,,,,,,,
2025-10-04 10:40:35,,,,867488067684034,4844,HBD,,,,,,,,,,,,,,,,,,,,,,,,,,,,,,,,,,,,,,,,,,,,,,,,,,
2025-10-04 10:42:36,,,,867488067684034,4845,HBD,,,,,,,,,,,,,,,,,,,,,,,,,,,,,,,,,,,,,,,,,,,,,,,,,,
2025-10-04 10:44:36,,,,867488067684034,4846,HBD,,,,,,,,,,,,,,,,,,,,,,,,,,,,,,,,,,,,,,,,,,,,,,,,,,
2025-10-04 10:46:37,,,,867488067684034,4847,HBD,,,,,,,,,,,,,,,,,,,,,,,,,,,,,,,,,,,,,,,,,,,,,,,,,,
2025-10-04 10:48:37,,,,867488067684034,4848,HBD,,,,,,,,,,,,,,,,,,,,,,,,,,,,,,,,,,,,,,,,,,,,,,,,,,
2025-10-04 10:50:38,,,,867488067684034,4849,HBD,,,,,,,,,,,,,,,,,,,,,,,,,,,,,,,,,,,,,,,,,,,,,,,,,,
2025-10-04 10:52:38,,,,867488067684034,4850,HBD,,,,,,,,,,,,,,,,,,,,,,,,,,,,,,,,,,,,,,,,,,,,,,,,,,
2025-10-04 10:54:39,,,,867488067684034,4851,HBD,,,,,,,,,,,,,,,,,,,,,,,,,,,,,,,,,,,,,,,,,,,,,,,,,,
2025-10-04 10:56:39,,,,867488067684034,4852,HBD,,,,,,,,,,,,,,,,,,,,,,,,,,,,,,,,,,,,,,,,,,,,,,,,,,
2025-10-04 10:58:39,,,,867488067684034,4853,HBD,,,,,,,,,,,,,,,,,,,,,,,,,,,,,,,,,,,,,,,,,,,,,,,,,,
2025-10-04 11:00:40,,,,867488067684034,4854,HBD,,,,,,,,,,,,,,,,,,,,,,,,,,,,,,,,,,,,,,,,,,,,,,,,,,
2025-10-04 11:02:40,,,,867488067684034,4855,HBD,,,,,,,,,,,,,,,,,,,,,,,,,,,,,,,,,,,,,,,,,,,,,,,,,,
2025-10-04 11:04:41,,,,867488067684034,4856,HBD,,,,,,,,,,,,,,,,,,,,,,,,,,,,,,,,,,,,,,,,,,,,,,,,,,
2025-10-04 11:06:41,,,,867488067684034,4857,HBD,,,,,,,,,,,,,,,,,,,,,,,,,,,,,,,,,,,,,,,,,,,,,,,,,,
2025-10-04 11:08:42,,,,867488067684034,4858,HBD,,,,,,,,,,,,,,,,,,,,,,,,,,,,,,,,,,,,,,,,,,,,,,,,,,
2025-10-04 11:10:42,,,,867488067684034,4859,HBD,,,,,,,,,,,,,,,,,,,,,,,,,,,,,,,,,,,,,,,,,,,,,,,,,,
2025-10-04 11:12:43,,,,867488067684034,4860,HBD,,,,,,,,,,,,,,,,,,,,,,,,,,,,,,,,,,,,,,,,,,,,,,,,,,
2025-10-04 11:14:43,,,,867488067684034,4861,HBD,,,,,,,,,,,,,,,,,,,,,,,,,,,,,,,,,,,,,,,,,,,,,,,,,,
2025-10-04 11:16:43,,,,867488067684034,4862,HBD,,,,,,,,,,,,,,,,,,,,,,,,,,,,,,,,,,,,,,,,,,,,,,,,,,
2025-10-04 11:18:44,,,,867488067684034,4863,HBD,,,,,,,,,,,,,,,,,,,,,,,,,,,,,,,,,,,,,,,,,,,,,,,,,,
2025-10-04 11:20:44,,,,867488067684034,4864,HBD,,,,,,,,,,,,,,,,,,,,,,,,,,,,,,,,,,,,,,,,,,,,,,,,,,
2025-10-04 11:22:45,,,,867488067684034,4865,HBD,,,,,,,,,,,,,,,,,,,,,,,,,,,,,,,,,,,,,,,,,,,,,,,,,,
2025-10-04 11:24:45,,,,867488067684034,4866,HBD,,,,,,,,,,,,,,,,,,,,,,,,,,,,,,,,,,,,,,,,,,,,,,,,,,
2025-10-04 11:25:30,2025-10-04 11:25:30,2025-10-04 11:23:36,2025-10-04 11:23:36,867488067684034,4867,GTERI,0x19fe3fbf,0x00028102,802003,0x8303,0x0115,100,25242,0000,-,00,00,11,10,10,-,01,01,0.0,0.0,166,166,1027,1027,-25.047401,-25.047401,-51.540816,-51.540816,0724,0004,85da,0f6ad116,6.9,194.5,194.5,0:24:37,13:01:25,-,-,0,-,,,,,04,1,00000000,00,10,
2025-10-04 11:26:46,,,,867488067684034,4868,HBD,,,,,,,,,,,,,,,,,,,,,,,,,,,,,,,,,,,,,,,,,,,,,,,,,,
2025-10-04 11:28:46,,,,867488067684034,4869,HBD,,,,,,,,,,,,,,,,,,,,,,,,,,,,,,,,,,,,,,,,,,,,,,,,,,
2025-10-04 11:30:47,,,,867488067684034,4870,HBD,,,,,,,,,,,,,,,,,,,,,,,,,,,,,,,,,,,,,,,,,,,,,,,,,,
2025-10-04 11:32:47,,,,867488067684034,4871,HBD,,,,,,,,,,,,,,,,,,,,,,,,,,,,,,,,,,,,,,,,,,,,,,,,,,
2025-10-04 11:34:47,,,,867488067684034,4872,HBD,,,,,,,,,,,,,,,,,,,,,,,,,,,,,,,,,,,,,,,,,,,,,,,,,,
2025-10-04 11:36:48,,,,867488067684034,4873,HBD,,,,,,,,,,,,,,,,,,,,,,,,,,,,,,,,,,,,,,,,,,,,,,,,,,
2025-10-04 11:38:48,,,,867488067684034,4874,HBD,,,,,,,,,,,,,,,,,,,,,,,,,,,,,,,,,,,,,,,,,,,,,,,,,,
2025-10-04 11:40:49,,,,867488067684034,4875,HBD,,,,,,,,,,,,,,,,,,,,,,,,,,,,,,,,,,,,,,,,,,,,,,,,,,
2025-10-04 11:42:49,,,,867488067684034,4876,HBD,,,,,,,,,,,,,,,,,,,,,,,,,,,,,,,,,,,,,,,,,,,,,,,,,,
2025-10-04 11:44:50,,,,867488067684034,4877,HBD,,,,,,,,,,,,,,,,,,,,,,,,,,,,,,,,,,,,,,,,,,,,,,,,,,
2025-10-04 11:46:50,,,,867488067684034,4878,HBD,,,,,,,,,,,,,,,,,,,,,,,,,,,,,,,,,,,,,,,,,,,,,,,,,,
2025-10-04 11:48:50,,,,867488067684034,4879,HBD,,,,,,,,,,,,,,,,,,,,,,,,,,,,,,,,,,,,,,,,,,,,,,,,,,
2025-10-04 11:50:51,,,,867488067684034,4880,HBD,,,,,,,,,,,,,,,,,,,,,,,,,,,,,,,,,,,,,,,,,,,,,,,,,,
2025-10-04 11:52:51,,,,867488067684034,4881,HBD,,,,,,,,,,,,,,,,,,,,,,,,,,,,,,,,,,,,,,,,,,,,,,,,,,
2025-10-04 11:54:52,,,,867488067684034,4882,HBD,,,,,,,,,,,,,,,,,,,,,,,,,,,,,,,,,,,,,,,,,,,,,,,,,,
2025-10-04 11:56:52,,,,867488067684034,4883,HBD,,,,,,,,,,,,,,,,,,,,,,,,,,,,,,,,,,,,,,,,,,,,,,,,,,
2025-10-04 11:58:53,,,,867488067684034,4884,HBD,,,,,,,,,,,,,,,,,,,,,,,,,,,,,,,,,,,,,,,,,,,,,,,,,,
2025-10-04 12:00:53,,,,867488067684034,4885,HBD,,,,,,,,,,,,,,,,,,,,,,,,,,,,,,,,,,,,,,,,,,,,,,,,,,
2025-10-04 12:02:54,,,,867488067684034,4886,HBD,,,,,,,,,,,,,,,,,,,,,,,,,,,,,,,,,,,,,,,,,,,,,,,,,,
2025-10-04 12:04:54,,,,867488067684034,4887,HBD,,,,,,,,,,,,,,,,,,,,,,,,,,,,,,,,,,,,,,,,,,,,,,,,,,
2025-10-04 12:06:54,,,,867488067684034,4888,HBD,,,,,,,,,,,,,,,,,,,,,,,,,,,,,,,,,,,,,,,,,,,,,,,,,,
2025-10-04 12:08:55,,,,867488067684034,4889,HBD,,,,,,,,,,,,,,,,,,,,,,,,,,,,,,,,,,,,,,,,,,,,,,,,,,
2025-10-04 12:10:55,,,,867488067684034,4890,HBD,,,,,,,,,,,,,,,,,,,,,,,,,,,,,,,,,,,,,,,,,,,,,,,,,,
2025-10-04 12:12:56,,,,867488067684034,4891,HBD,,,,,,,,,,,,,,,,,,,,,,,,,,,,,,,,,,,,,,,,,,,,,,,,,,
2025-10-04 12:14:56,,,,867488067684034,4892,HBD,,,,,,,,,,,,,,,,,,,,,,,,,,,,,,,,,,,,,,,,,,,,,,,,,,
2025-10-04 12:16:57,,,,867488067684034,4893,HBD,,,,,,,,,,,,,,,,,,,,,,,,,,,,,,,,,,,,,,,,,,,,,,,,,,
2025-10-04 12:18:57,,,,867488067684034,4894,HBD,,,,,,,,,,,,,,,,,,,,,,,,,,,,,,,,,,,,,,,,,,,,,,,,,,
2025-10-04 12:20:58,,,,867488067684034,4895,HBD,,,,,,,,,,,,,,,,,,,,,,,,,,,,,,,,,,,,,,,,,,,,,,,,,,
2025-10-04 12:22:58,,,,867488067684034,4896,HBD,,,,,,,,,,,,,,,,,,,,,,,,,,,,,,,,,,,,,,,,,,,,,,,,,,
2025-10-04 12:24:58,,,,867488067684034,4897,HBD,,,,,,,,,,,,,,,,,,,,,,,,,,,,,,,,,,,,,,,,,,,,,,,,,,
2025-10-04 12:25:30,2025-10-04 12:25:30,2025-10-04 12:23:06,2025-10-04 12:23:06,867488067684034,4898,GTERI,0x19fe3fbf,0x00028102,802003,0x8303,0x0115,100,25249,0000,-,00,00,11,8,8,-,01,01,0.0,0.0,166,166,1027,1027,-25.047401,-25.047401,-51.540816,-51.540816,0724,0004,85da,0f6ad116,6.9,194.5,194.5,0:24:37,13:01:25,-,-,0,-,,,,,04,1,00000000,00,10,
2025-10-04 12:26:59,,,,867488067684034,4899,HBD,,,,,,,,,,,,,,,,,,,,,,,,,,,,,,,,,,,,,,,,,,,,,,,,,,
2025-10-04 12:28:59,,,,867488067684034,4900,HBD,,,,,,,,,,,,,,,,,,,,,,,,,,,,,,,,,,,,,,,,,,,,,,,,,,
2025-10-04 12:31:00,,,,867488067684034,4901,HBD,,,,,,,,,,,,,,,,,,,,,,,,,,,,,,,,,,,,,,,,,,,,,,,,,,
2025-10-04 12:33:00,,,,867488067684034,4902,HBD,,,,,,,,,,,,,,,,,,,,,,,,,,,,,,,,,,,,,,,,,,,,,,,,,,
2025-10-04 12:35:01,,,,867488067684034,4903,HBD,,,,,,,,,,,,,,,,,,,,,,,,,,,,,,,,,,,,,,,,,,,,,,,,,,
2025-10-04 12:37:01,,,,867488067684034,4904,HBD,,,,,,,,,,,,,,,,,,,,,,,,,,,,,,,,,,,,,,,,,,,,,,,,,,
2025-10-04 12:38:02,,,,867488067684034,4905,HBD,,,,,,,,,,,,,,,,,,,,,,,,,,,,,,,,,,,,,,,,,,,,,,,,,,
2025-10-04 12:40:02,,,,867488067684034,4906,HBD,,,,,,,,,,,,,,,,,,,,,,,,,,,,,,,,,,,,,,,,,,,,,,,,,,
2025-10-04 12:42:02,,,,867488067684034,4907,HBD,,,,,,,,,,,,,,,,,,,,,,,,,,,,,,,,,,,,,,,,,,,,,,,,,,
2025-10-04 12:44:03,,,,867488067684034,4908,HBD,,,,,,,,,,,,,,,,,,,,,,,,,,,,,,,,,,,,,,,,,,,,,,,,,,
2025-10-04 12:46:03,,,,867488067684034,4909,HBD,,,,,,,,,,,,,,,,,,,,,,,,,,,,,,,,,,,,,,,,,,,,,,,,,,
2025-10-04 12:48:04,,,,867488067684034,4910,HBD,,,,,,,,,,,,,,,,,,,,,,,,,,,,,,,,,,,,,,,,,,,,,,,,,,
2025-10-04 12:50:04,,,,867488067684034,4911,HBD,,,,,,,,,,,,,,,,,,,,,,,,,,,,,,,,,,,,,,,,,,,,,,,,,,
2025-10-04 12:52:05,,,,867488067684034,4912,HBD,,,,,,,,,,,,,,,,,,,,,,,,,,,,,,,,,,,,,,,,,,,,,,,,,,
2025-10-04 12:54:05,,,,867488067684034,4913,HBD,,,,,,,,,,,,,,,,,,,,,,,,,,,,,,,,,,,,,,,,,,,,,,,,,,
2025-10-04 12:56:05,,,,867488067684034,4914,HBD,,,,,,,,,,,,,,,,,,,,,,,,,,,,,,,,,,,,,,,,,,,,,,,,,,
2025-10-04 12:58:06,,,,867488067684034,4915,HBD,,,,,,,,,,,,,,,,,,,,,,,,,,,,,,,,,,,,,,,,,,,,,,,,,,
2025-10-04 13:00:06,,,,867488067684034,4916,HBD,,,,,,,,,,,,,,,,,,,,,,,,,,,,,,,,,,,,,,,,,,,,,,,,,,
2025-10-04 13:02:07,,,,867488067684034,4917,HBD,,,,,,,,,,,,,,,,,,,,,,,,,,,,,,,,,,,,,,,,,,,,,,,,,,
2025-10-04 13:04:07,,,,867488067684034,4918,HBD,,,,,,,,,,,,,,,,,,,,,,,,,,,,,,,,,,,,,,,,,,,,,,,,,,
2025-10-04 13:06:08,,,,867488067684034,4919,HBD,,,,,,,,,,,,,,,,,,,,,,,,,,,,,,,,,,,,,,,,,,,,,,,,,,
2025-10-04 13:08:08,,,,867488067684034,4920,HBD,,,,,,,,,,,,,,,,,,,,,,,,,,,,,,,,,,,,,,,,,,,,,,,,,,
2025-10-04 13:10:08,,,,867488067684034,4921,HBD,,,,,,,,,,,,,,,,,,,,,,,,,,,,,,,,,,,,,,,,,,,,,,,,,,
2025-10-04 13:12:09,,,,867488067684034,4922,HBD,,,,,,,,,,,,,,,,,,,,,,,,,,,,,,,,,,,,,,,,,,,,,,,,,,
2025-10-04 13:12:24,,,,867488067684034,4923,GTINF,,,,,,,,,,,,,,,,,,,,,,,,,,,,,,,,,,,,,,,,,,c1,4200,03,,,,,,
2025-10-04 13:14:09,,,,867488067684034,4924,HBD,,,,,,,,,,,,,,,,,,,,,,,,,,,,,,,,,,,,,,,,,,,,,,,,,,
2025-10-04 13:16:10,,,,867488067684034,4925,HBD,,,,,,,,,,,,,,,,,,,,,,,,,,,,,,,,,,,,,,,,,,,,,,,,,,
2025-10-04 13:18:10,,,,867488067684034,4926,HBD,,,,,,,,,,,,,,,,,,,,,,,,,,,,,,,,,,,,,,,,,,,,,,,,,,
2025-10-04 13:20:11,,,,867488067684034,4927,HBD,,,,,,,,,,,,,,,,,,,,,,,,,,,,,,,,,,,,,,,,,,,,,,,,,,
2025-10-04 13:22:11,,,,867488067684034,4928,HBD,,,,,,,,,,,,,,,,,,,,,,,,,,,,,,,,,,,,,,,,,,,,,,,,,,
2025-10-04 13:24:11,,,,867488067684034,4929,HBD,,,,,,,,,,,,,,,,,,,,,,,,,,,,,,,,,,,,,,,,,,,,,,,,,,
2025-10-04 13:25:30,2025-10-04 13:25:30,2025-10-04 13:23:07,2025-10-04 13:23:07,867488067684034,4930,GTERI,0x19fe3fbf,0x00028102,802003,0x8303,0x0115,100,25258,0000,-,00,00,11,5,5,-,01,01,0.0,0.0,166,166,1027,1027,-25.047401,-25.047401,-51.540816,-51.540816,0724,0004,85da,0f6ad116,6.9,194.5,194.5,0:24:37,13:01:25,-,-,0,-,,,,,04,1,00000000,00,10,
2025-10-04 13:26:12,,,,867488067684034,4931,HBD,,,,,,,,,,,,,,,,,,,,,,,,,,,,,,,,,,,,,,,,,,,,,,,,,,
2025-10-04 13:28:12,,,,867488067684034,4932,HBD,,,,,,,,,,,,,,,,,,,,,,,,,,,,,,,,,,,,,,,,,,,,,,,,,,
2025-10-04 13:30:13,,,,867488067684034,4933,HBD,,,,,,,,,,,,,,,,,,,,,,,,,,,,,,,,,,,,,,,,,,,,,,,,,,
2025-10-04 13:32:13,,,,867488067684034,4934,HBD,,,,,,,,,,,,,,,,,,,,,,,,,,,,,,,,,,,,,,,,,,,,,,,,,,
2025-10-04 13:34:14,,,,867488067684034,4935,HBD,,,,,,,,,,,,,,,,,,,,,,,,,,,,,,,,,,,,,,,,,,,,,,,,,,
2025-10-04 13:36:14,,,,867488067684034,4936,HBD,,,,,,,,,,,,,,,,,,,,,,,,,,,,,,,,,,,,,,,,,,,,,,,,,,
2025-10-04 13:38:14,,,,867488067684034,4937,HBD,,,,,,,,,,,,,,,,,,,,,,,,,,,,,,,,,,,,,,,,,,,,,,,,,,
2025-10-04 13:40:15,,,,867488067684034,4938,HBD,,,,,,,,,,,,,,,,,,,,,,,,,,,,,,,,,,,,,,,,,,,,,,,,,,
2025-10-04 13:42:15,,,,867488067684034,4939,HBD,,,,,,,,,,,,,,,,,,,,,,,,,,,,,,,,,,,,,,,,,,,,,,,,,,
2025-10-04 13:44:16,,,,867488067684034,4940,HBD,,,,,,,,,,,,,,,,,,,,,,,,,,,,,,,,,,,,,,,,,,,,,,,,,,
2025-10-04 13:46:16,,,,867488067684034,4941,HBD,,,,,,,,,,,,,,,,,,,,,,,,,,,,,,,,,,,,,,,,,,,,,,,,,,
2025-10-04 13:48:17,,,,867488067684034,4942,HBD,,,,,,,,,,,,,,,,,,,,,,,,,,,,,,,,,,,,,,,,,,,,,,,,,,
2025-10-04 13:50:17,,,,867488067684034,4943,HBD,,,,,,,,,,,,,,,,,,,,,,,,,,,,,,,,,,,,,,,,,,,,,,,,,,
2025-10-04 13:52:18,,,,867488067684034,4944,HBD,,,,,,,,,,,,,,,,,,,,,,,,,,,,,,,,,,,,,,,,,,,,,,,,,,
2025-10-04 13:54:18,,,,867488067684034,4945,HBD,,,,,,,,,,,,,,,,,,,,,,,,,,,,,,,,,,,,,,,,,,,,,,,,,,
2025-10-04 13:56:18,,,,867488067684034,4946,HBD,,,,,,,,,,,,,,,,,,,,,,,,,,,,,,,,,,,,,,,,,,,,,,,,,,
2025-10-04 13:58:19,,,,867488067684034,4947,HBD,,,,,,,,,,,,,,,,,,,,,,,,,,,,,,,,,,,,,,,,,,,,,,,,,,
2025-10-04 14:00:19,,,,867488067684034,4948,HBD,,,,,,,,,,,,,,,,,,,,,,,,,,,,,,,,,,,,,,,,,,,,,,,,,,
2025-10-04 14:02:20,,,,867488067684034,4949,HBD,,,,,,,,,,,,,,,,,,,,,,,,,,,,,,,,,,,,,,,,,,,,,,,,,,
2025-10-04 14:04:20,,,,867488067684034,4950,HBD,,,,,,,,,,,,,,,,,,,,,,,,,,,,,,,,,,,,,,,,,,,,,,,,,,
2025-10-04 14:06:21,,,,867488067684034,4951,HBD,,,,,,,,,,,,,,,,,,,,,,,,,,,,,,,,,,,,,,,,,,,,,,,,,,
2025-10-04 14:08:21,,,,867488067684034,4952,HBD,,,,,,,,,,,,,,,,,,,,,,,,,,,,,,,,,,,,,,,,,,,,,,,,,,
2025-10-04 14:10:21,,,,867488067684034,4953,HBD,,,,,,,,,,,,,,,,,,,,,,,,,,,,,,,,,,,,,,,,,,,,,,,,,,
2025-10-04 14:12:22,,,,867488067684034,4954,HBD,,,,,,,,,,,,,,,,,,,,,,,,,,,,,,,,,,,,,,,,,,,,,,,,,,
2025-10-04 14:14:22,,,,867488067684034,4955,HBD,,,,,,,,,,,,,,,,,,,,,,,,,,,,,,,,,,,,,,,,,,,,,,,,,,
2025-10-04 14:16:23,,,,867488067684034,4956,HBD,,,,,,,,,,,,,,,,,,,,,,,,,,,,,,,,,,,,,,,,,,,,,,,,,,
2025-10-04 14:18:23,,,,867488067684034,4957,HBD,,,,,,,,,,,,,,,,,,,,,,,,,,,,,,,,,,,,,,,,,,,,,,,,,,
2025-10-04 14:20:24,,,,867488067684034,4958,HBD,,,,,,,,,,,,,,,,,,,,,,,,,,,,,,,,,,,,,,,,,,,,,,,,,,
2025-10-04 14:22:24,,,,867488067684034,4959,HBD,,,,,,,,,,,,,,,,,,,,,,,,,,,,,,,,,,,,,,,,,,,,,,,,,,
2025-10-04 14:24:24,,,,867488067684034,4960,HBD,,,,,,,,,,,,,,,,,,,,,,,,,,,,,,,,,,,,,,,,,,,,,,,,,,
2025-10-04 14:25:30,2025-10-04 14:25:30,2025-10-04 14:23:23,2025-10-04 14:23:23,867488067684034,4961,GTERI,0x19fe3fbf,0x00028102,802003,0x8303,0x0115,100,25213,0000,-,00,00,11,5,5,-,01,01,0.0,0.0,166,166,1027,1027,-25.047401,-25.047401,-51.540816,-51.540816,0724,0004,85da,0f6ad116,6.9,194.5,194.5,0:24:37,13:01:25,-,-,0,-,,,,,04,1,00000000,00,10,
2025-10-04 14:26:25,,,,867488067684034,4962,HBD,,,,,,,,,,,,,,,,,,,,,,,,,,,,,,,,,,,,,,,,,,,,,,,,,,
2025-10-04 14:28:25,,,,867488067684034,4963,HBD,,,,,,,,,,,,,,,,,,,,,,,,,,,,,,,,,,,,,,,,,,,,,,,,,,
2025-10-04 14:30:26,,,,867488067684034,4964,HBD,,,,,,,,,,,,,,,,,,,,,,,,,,,,,,,,,,,,,,,,,,,,,,,,,,
2025-10-04 14:32:26,,,,867488067684034,4965,HBD,,,,,,,,,,,,,,,,,,,,,,,,,,,,,,,,,,,,,,,,,,,,,,,,,,
2025-10-04 14:34:27,,,,867488067684034,4966,HBD,,,,,,,,,,,,,,,,,,,,,,,,,,,,,,,,,,,,,,,,,,,,,,,,,,
2025-10-04 14:36:27,,,,867488067684034,4967,HBD,,,,,,,,,,,,,,,,,,,,,,,,,,,,,,,,,,,,,,,,,,,,,,,,,,
2025-10-04 14:38:28,,,,867488067684034,4968,HBD,,,,,,,,,,,,,,,,,,,,,,,,,,,,,,,,,,,,,,,,,,,,,,,,,,
2025-10-04 14:40:28,,,,867488067684034,4969,HBD,,,,,,,,,,,,,,,,,,,,,,,,,,,,,,,,,,,,,,,,,,,,,,,,,,
2025-10-04 14:42:28,,,,867488067684034,4970,HBD,,,,,,,,,,,,,,,,,,,,,,,,,,,,,,,,,,,,,,,,,,,,,,,,,,
2025-10-04 14:44:29,,,,867488067684034,4971,HBD,,,,,,,,,,,,,,,,,,,,,,,,,,,,,,,,,,,,,,,,,,,,,,,,,,
2025-10-04 14:46:29,,,,867488067684034,4972,HBD,,,,,,,,,,,,,,,,,,,,,,,,,,,,,,,,,,,,,,,,,,,,,,,,,,
2025-10-04 14:48:30,,,,867488067684034,4973,HBD,,,,,,,,,,,,,,,,,,,,,,,,,,,,,,,,,,,,,,,,,,,,,,,,,,
2025-10-04 14:50:30,,,,867488067684034,4974,HBD,,,,,,,,,,,,,,,,,,,,,,,,,,,,,,,,,,,,,,,,,,,,,,,,,,
2025-10-04 14:52:31,,,,867488067684034,4975,HBD,,,,,,,,,,,,,,,,,,,,,,,,,,,,,,,,,,,,,,,,,,,,,,,,,,
2025-10-04 14:54:31,,,,867488067684034,4976,HBD,,,,,,,,,,,,,,,,,,,,,,,,,,,,,,,,,,,,,,,,,,,,,,,,,,
2025-10-04 14:56:31,,,,867488067684034,4977,HBD,,,,,,,,,,,,,,,,,,,,,,,,,,,,,,,,,,,,,,,,,,,,,,,,,,
2025-10-04 14:58:32,,,,867488067684034,4978,HBD,,,,,,,,,,,,,,,,,,,,,,,,,,,,,,,,,,,,,,,,,,,,,,,,,,
2025-10-04 15:00:32,,,,867488067684034,4979,HBD,,,,,,,,,,,,,,,,,,,,,,,,,,,,,,,,,,,,,,,,,,,,,,,,,,
2025-10-04 15:02:33,,,,867488067684034,4980,HBD,,,,,,,,,,,,,,,,,,,,,,,,,,,,,,,,,,,,,,,,,,,,,,,,,,
2025-10-04 15:04:33,,,,867488067684034,4981,HBD,,,,,,,,,,,,,,,,,,,,,,,,,,,,,,,,,,,,,,,,,,,,,,,,,,
2025-10-04 15:06:34,,,,867488067684034,4982,HBD,,,,,,,,,,,,,,,,,,,,,,,,,,,,,,,,,,,,,,,,,,,,,,,,,,
2025-10-04 15:08:34,,,,867488067684034,4983,HBD,,,,,,,,,,,,,,,,,,,,,,,,,,,,,,,,,,,,,,,,,,,,,,,,,,
2025-10-04 15:10:34,,,,867488067684034,4984,HBD,,,,,,,,,,,,,,,,,,,,,,,,,,,,,,,,,,,,,,,,,,,,,,,,,,
2025-10-04 15:12:35,,,,867488067684034,4985,HBD,,,,,,,,,,,,,,,,,,,,,,,,,,,,,,,,,,,,,,,,,,,,,,,,,,
2025-10-04 15:14:35,,,,867488067684034,4986,HBD,,,,,,,,,,,,,,,,,,,,,,,,,,,,,,,,,,,,,,,,,,,,,,,,,,
2025-10-04 15:16:36,,,,867488067684034,4987,HBD,,,,,,,,,,,,,,,,,,,,,,,,,,,,,,,,,,,,,,,,,,,,,,,,,,
2025-10-04 15:18:36,,,,867488067684034,4988,HBD,,,,,,,,,,,,,,,,,,,,,,,,,,,,,,,,,,,,,,,,,,,,,,,,,,
2025-10-04 15:20:37,,,,867488067684034,4989,HBD,,,,,,,,,,,,,,,,,,,,,,,,,,,,,,,,,,,,,,,,,,,,,,,,,,
2025-10-04 15:22:37,,,,867488067684034,4990,HBD,,,,,,,,,,,,,,,,,,,,,,,,,,,,,,,,,,,,,,,,,,,,,,,,,,
2025-10-04 15:24:37,,,,867488067684034,4991,HBD,,,,,,,,,,,,,,,,,,,,,,,,,,,,,,,,,,,,,,,,,,,,,,,,,,
2025-10-04 15:25:30,2025-10-04 15:25:30,2025-10-04 15:23:20,2025-10-04 15:23:20,867488067684034,4992,GTERI,0x19fe3fbf,0x00028102,802003,0x8303,0x0115,100,25264,0000,-,00,00,11,7,7,-,01,01,0.0,0.0,166,166,1027,1027,-25.047401,-25.047401,-51.540816,-51.540816,0724,0004,85da,0f6ad116,6.9,194.5,194.5,0:24:37,13:01:25,-,-,0,-,,,,,04,1,00000000,00,10,
2025-10-04 15:26:38,,,,867488067684034,4993,HBD,,,,,,,,,,,,,,,,,,,,,,,,,,,,,,,,,,,,,,,,,,,,,,,,,,
2025-10-04 15:28:38,,,,867488067684034,4994,HBD,,,,,,,,,,,,,,,,,,,,,,,,,,,,,,,,,,,,,,,,,,,,,,,,,,
2025-10-04 15:30:39,,,,867488067684034,4995,HBD,,,,,,,,,,,,,,,,,,,,,,,,,,,,,,,,,,,,,,,,,,,,,,,,,,
2025-10-04 15:32:39,,,,867488067684034,4996,HBD,,,,,,,,,,,,,,,,,,,,,,,,,,,,,,,,,,,,,,,,,,,,,,,,,,
2025-10-04 15:34:40,,,,867488067684034,4997,HBD,,,,,,,,,,,,,,,,,,,,,,,,,,,,,,,,,,,,,,,,,,,,,,,,,,
2025-10-04 15:36:40,,,,867488067684034,4998,HBD,,,,,,,,,,,,,,,,,,,,,,,,,,,,,,,,,,,,,,,,,,,,,,,,,,
2025-10-04 15:38:41,,,,867488067684034,4999,HBD,,,,,,,,,,,,,,,,,,,,,,,,,,,,,,,,,,,,,,,,,,,,,,,,,,
2025-10-04 15:40:41,,,,867488067684034,5000,HBD,,,,,,,,,,,,,,,,,,,,,,,,,,,,,,,,,,,,,,,,,,,,,,,,,,
2025-10-04 15:42:41,,,,867488067684034,5001,HBD,,,,,,,,,,,,,,,,,,,,,,,,,,,,,,,,,,,,,,,,,,,,,,,,,,
2025-10-04 15:44:42,,,,867488067684034,5002,HBD,,,,,,,,,,,,,,,,,,,,,,,,,,,,,,,,,,,,,,,,,,,,,,,,,,
2025-10-04 15:46:42,,,,867488067684034,5003,HBD,,,,,,,,,,,,,,,,,,,,,,,,,,,,,,,,,,,,,,,,,,,,,,,,,,
2025-10-04 15:48:43,,,,867488067684034,5004,HBD,,,,,,,,,,,,,,,,,,,,,,,,,,,,,,,,,,,,,,,,,,,,,,,,,,
2025-10-04 15:50:43,,,,867488067684034,5005,HBD,,,,,,,,,,,,,,,,,,,,,,,,,,,,,,,,,,,,,,,,,,,,,,,,,,
2025-10-04 15:52:44,,,,867488067684034,5006,HBD,,,,,,,,,,,,,,,,,,,,,,,,,,,,,,,,,,,,,,,,,,,,,,,,,,
2025-10-04 15:54:44,,,,867488067684034,5007,HBD,,,,,,,,,,,,,,,,,,,,,,,,,,,,,,,,,,,,,,,,,,,,,,,,,,
2025-10-04 15:56:45,,,,867488067684034,5008,HBD,,,,,,,,,,,,,,,,,,,,,,,,,,,,,,,,,,,,,,,,,,,,,,,,,,
2025-10-04 15:58:45,,,,867488067684034,5009,HBD,,,,,,,,,,,,,,,,,,,,,,,,,,,,,,,,,,,,,,,,,,,,,,,,,,
2025-10-04 16:00:45,,,,867488067684034,5010,HBD,,,,,,,,,,,,,,,,,,,,,,,,,,,,,,,,,,,,,,,,,,,,,,,,,,
2025-10-04 16:02:46,,,,867488067684034,5011,HBD,,,,,,,,,,,,,,,,,,,,,,,,,,,,,,,,,,,,,,,,,,,,,,,,,,
2025-10-04 16:04:46,,,,867488067684034,5012,HBD,,,,,,,,,,,,,,,,,,,,,,,,,,,,,,,,,,,,,,,,,,,,,,,,,,
2025-10-04 16:06:47,,,,867488067684034,5013,HBD,,,,,,,,,,,,,,,,,,,,,,,,,,,,,,,,,,,,,,,,,,,,,,,,,,
2025-10-04 16:08:47,,,,867488067684034,5014,HBD,,,,,,,,,,,,,,,,,,,,,,,,,,,,,,,,,,,,,,,,,,,,,,,,,,
2025-10-04 16:10:48,,,,867488067684034,5015,HBD,,,,,,,,,,,,,,,,,,,,,,,,,,,,,,,,,,,,,,,,,,,,,,,,,,
2025-10-04 16:12:48,,,,867488067684034,5016,HBD,,,,,,,,,,,,,,,,,,,,,,,,,,,,,,,,,,,,,,,,,,,,,,,,,,
2025-10-04 16:14:48,,,,867488067684034,5017,HBD,,,,,,,,,,,,,,,,,,,,,,,,,,,,,,,,,,,,,,,,,,,,,,,,,,
2025-10-04 16:16:49,,,,867488067684034,5018,HBD,,,,,,,,,,,,,,,,,,,,,,,,,,,,,,,,,,,,,,,,,,,,,,,,,,
2025-10-04 16:18:49,,,,867488067684034,5019,HBD,,,,,,,,,,,,,,,,,,,,,,,,,,,,,,,,,,,,,,,,,,,,,,,,,,
2025-10-04 16:20:50,,,,867488067684034,5020,HBD,,,,,,,,,,,,,,,,,,,,,,,,,,,,,,,,,,,,,,,,,,,,,,,,,,
2025-10-04 16:22:50,,,,867488067684034,5021,HBD,,,,,,,,,,,,,,,,,,,,,,,,,,,,,,,,,,,,,,,,,,,,,,,,,,
2025-10-04 16:24:51,,,,867488067684034,5022,HBD,,,,,,,,,,,,,,,,,,,,,,,,,,,,,,,,,,,,,,,,,,,,,,,,,,
2025-10-04 16:25:30,2025-10-04 16:25:30,2025-10-04 16:23:06,2025-10-04 16:23:06,867488067684034,5023,GTERI,0x19fe3fbf,0x00028102,802003,0x8303,0x0115,100,25198,0000,-,00,00,11,7,7,-,01,01,0.0,0.0,166,166,1027,1027,-25.047401,-25.047401,-51.540816,-51.540816,0724,0004,85da,0f6ad116,6.9,194.5,194.5,0:24:37,13:01:25,-,-,0,-,,,,,04,1,00000000,00,10,
2025-10-04 16:26:51,,,,867488067684034,5024,HBD,,,,,,,,,,,,,,,,,,,,,,,,,,,,,,,,,,,,,,,,,,,,,,,,,,
2025-10-04 16:28:51,,,,867488067684034,5025,HBD,,,,,,,,,,,,,,,,,,,,,,,,,,,,,,,,,,,,,,,,,,,,,,,,,,
2025-10-04 16:30:52,,,,867488067684034,5026,HBD,,,,,,,,,,,,,,,,,,,,,,,,,,,,,,,,,,,,,,,,,,,,,,,,,,
2025-10-04 16:32:52,,,,867488067684034,5027,HBD,,,,,,,,,,,,,,,,,,,,,,,,,,,,,,,,,,,,,,,,,,,,,,,,,,
2025-10-04 16:34:53,,,,867488067684034,5028,HBD,,,,,,,,,,,,,,,,,,,,,,,,,,,,,,,,,,,,,,,,,,,,,,,,,,
2025-10-04 16:36:53,,,,867488067684034,5029,HBD,,,,,,,,,,,,,,,,,,,,,,,,,,,,,,,,,,,,,,,,,,,,,,,,,,
2025-10-04 16:38:54,,,,867488067684034,5030,HBD,,,,,,,,,,,,,,,,,,,,,,,,,,,,,,,,,,,,,,,,,,,,,,,,,,
2025-10-04 16:40:54,,,,867488067684034,5031,HBD,,,,,,,,,,,,,,,,,,,,,,,,,,,,,,,,,,,,,,,,,,,,,,,,,,
2025-10-04 16:42:55,,,,867488067684034,5032,HBD,,,,,,,,,,,,,,,,,,,,,,,,,,,,,,,,,,,,,,,,,,,,,,,,,,
2025-10-04 16:44:55,,,,867488067684034,5033,HBD,,,,,,,,,,,,,,,,,,,,,,,,,,,,,,,,,,,,,,,,,,,,,,,,,,
2025-10-04 16:46:55,,,,867488067684034,5034,HBD,,,,,,,,,,,,,,,,,,,,,,,,,,,,,,,,,,,,,,,,,,,,,,,,,,
2025-10-04 16:48:56,,,,867488067684034,5035,HBD,,,,,,,,,,,,,,,,,,,,,,,,,,,,,,,,,,,,,,,,,,,,,,,,,,
2025-10-04 16:50:56,,,,867488067684034,5036,HBD,,,,,,,,,,,,,,,,,,,,,,,,,,,,,,,,,,,,,,,,,,,,,,,,,,
2025-10-04 16:52:57,,,,867488067684034,5037,HBD,,,,,,,,,,,,,,,,,,,,,,,,,,,,,,,,,,,,,,,,,,,,,,,,,,
2025-10-04 16:54:57,,,,867488067684034,5038,HBD,,,,,,,,,,,,,,,,,,,,,,,,,,,,,,,,,,,,,,,,,,,,,,,,,,
2025-10-04 16:56:58,,,,867488067684034,5039,HBD,,,,,,,,,,,,,,,,,,,,,,,,,,,,,,,,,,,,,,,,,,,,,,,,,,
2025-10-04 16:58:58,,,,867488067684034,5040,HBD,,,,,,,,,,,,,,,,,,,,,,,,,,,,,,,,,,,,,,,,,,,,,,,,,,
2025-10-04 17:00:59,,,,867488067684034,5041,HBD,,,,,,,,,,,,,,,,,,,,,,,,,,,,,,,,,,,,,,,,,,,,,,,,,,
2025-10-04 17:02:59,,,,867488067684034,5042,HBD,,,,,,,,,,,,,,,,,,,,,,,,,,,,,,,,,,,,,,,,,,,,,,,,,,
2025-10-04 17:05:00,,,,867488067684034,5043,HBD,,,,,,,,,,,,,,,,,,,,,,,,,,,,,,,,,,,,,,,,,,,,,,,,,,
2025-10-04 17:07:00,,,,867488067684034,5044,HBD,,,,,,,,,,,,,,,,,,,,,,,,,,,,,,,,,,,,,,,,,,,,,,,,,,
2025-10-04 17:09:01,,,,867488067684034,5045,HBD,,,,,,,,,,,,,,,,,,,,,,,,,,,,,,,,,,,,,,,,,,,,,,,,,,
2025-10-04 17:11:01,,,,867488067684034,5046,HBD,,,,,,,,,,,,,,,,,,,,,,,,,,,,,,,,,,,,,,,,,,,,,,,,,,
2025-10-04 17:13:02,,,,867488067684034,5047,HBD,,,,,,,,,,,,,,,,,,,,,,,,,,,,,,,,,,,,,,,,,,,,,,,,,,
2025-10-04 17:14:02,,,,867488067684034,5048,HBD,,,,,,,,,,,,,,,,,,,,,,,,,,,,,,,,,,,,,,,,,,,,,,,,,,
2025-10-04 17:16:02,,,,867488067684034,5049,HBD,,,,,,,,,,,,,,,,,,,,,,,,,,,,,,,,,,,,,,,,,,,,,,,,,,
2025-10-04 17:18:02,,,,867488067684034,5050,HBD,,,,,,,,,,,,,,,,,,,,,,,,,,,,,,,,,,,,,,,,,,,,,,,,,,
2025-10-04 17:20:03,,,,867488067684034,5051,HBD,,,,,,,,,,,,,,,,,,,,,,,,,,,,,,,,,,,,,,,,,,,,,,,,,,
2025-10-04 17:22:03,,,,867488067684034,5052,HBD,,,,,,,,,,,,,,,,,,,,,,,,,,,,,,,,,,,,,,,,,,,,,,,,,,
2025-10-04 17:24:07,,,,867488067684034,5053,HBD,,,,,,,,,,,,,,,,,,,,,,,,,,,,,,,,,,,,,,,,,,,,,,,,,,
2025-10-04 17:25:31,2025-10-04 17:25:30,2025-10-04 17:23:11,2025-10-04 17:23:11,867488067684034,5054,GTERI,0x19fe3fbf,0x00028102,802003,0x8303,0x0115,100,25159,0000,-,00,00,11,4,4,-,01,01,0.0,0.0,166,166,1027,1027,-25.047401,-25.047401,-51.540816,-51.540816,0724,0004,85da,0f6ad116,6.9,194.5,194.5,0:24:37,13:01:25,-,-,0,-,,,,,04,1,00000000,00,10,
2025-10-04 17:26:09,,,,867488067684034,5055,HBD,,,,,,,,,,,,,,,,,,,,,,,,,,,,,,,,,,,,,,,,,,,,,,,,,,
2025-10-04 17:28:09,,,,867488067684034,5056,HBD,,,,,,,,,,,,,,,,,,,,,,,,,,,,,,,,,,,,,,,,,,,,,,,,,,
2025-10-04 17:31:06,,,,867488067684034,5057,HBD,,,,,,,,,,,,,,,,,,,,,,,,,,,,,,,,,,,,,,,,,,,,,,,,,,
2025-10-04 17:32:06,,,,867488067684034,5058,HBD,,,,,,,,,,,,,,,,,,,,,,,,,,,,,,,,,,,,,,,,,,,,,,,,,,
2025-10-04 17:34:06,,,,867488067684034,5059,HBD,,,,,,,,,,,,,,,,,,,,,,,,,,,,,,,,,,,,,,,,,,,,,,,,,,
2025-10-04 17:36:06,,,,867488067684034,5060,HBD,,,,,,,,,,,,,,,,,,,,,,,,,,,,,,,,,,,,,,,,,,,,,,,,,,
2025-10-04 17:38:07,,,,867488067684034,5061,HBD,,,,,,,,,,,,,,,,,,,,,,,,,,,,,,,,,,,,,,,,,,,,,,,,,,
2025-10-04 17:40:07,,,,867488067684034,5062,HBD,,,,,,,,,,,,,,,,,,,,,,,,,,,,,,,,,,,,,,,,,,,,,,,,,,
2025-10-04 17:42:08,,,,867488067684034,5063,HBD,,,,,,,,,,,,,,,,,,,,,,,,,,,,,,,,,,,,,,,,,,,,,,,,,,
2025-10-04 17:44:08,,,,867488067684034,5064,HBD,,,,,,,,,,,,,,,,,,,,,,,,,,,,,,,,,,,,,,,,,,,,,,,,,,
2025-10-04 17:46:08,,,,867488067684034,5065,HBD,,,,,,,,,,,,,,,,,,,,,,,,,,,,,,,,,,,,,,,,,,,,,,,,,,
2025-10-04 17:48:09,,,,867488067684034,5066,HBD,,,,,,,,,,,,,,,,,,,,,,,,,,,,,,,,,,,,,,,,,,,,,,,,,,
2025-10-04 17:50:09,,,,867488067684034,5067,HBD,,,,,,,,,,,,,,,,,,,,,,,,,,,,,,,,,,,,,,,,,,,,,,,,,,
2025-10-04 17:52:10,,,,867488067684034,5068,HBD,,,,,,,,,,,,,,,,,,,,,,,,,,,,,,,,,,,,,,,,,,,,,,,,,,
2025-10-04 17:54:10,,,,867488067684034,5069,HBD,,,,,,,,,,,,,,,,,,,,,,,,,,,,,,,,,,,,,,,,,,,,,,,,,,
2025-10-04 17:56:11,,,,867488067684034,5070,HBD,,,,,,,,,,,,,,,,,,,,,,,,,,,,,,,,,,,,,,,,,,,,,,,,,,
2025-10-04 17:58:11,,,,867488067684034,5071,HBD,,,,,,,,,,,,,,,,,,,,,,,,,,,,,,,,,,,,,,,,,,,,,,,,,,
2025-10-04 18:00:11,,,,867488067684034,5072,HBD,,,,,,,,,,,,,,,,,,,,,,,,,,,,,,,,,,,,,,,,,,,,,,,,,,
2025-10-04 18:02:12,,,,867488067684034,5073,HBD,,,,,,,,,,,,,,,,,,,,,,,,,,,,,,,,,,,,,,,,,,,,,,,,,,
2025-10-04 18:04:12,,,,867488067684034,5074,HBD,,,,,,,,,,,,,,,,,,,,,,,,,,,,,,,,,,,,,,,,,,,,,,,,,,
2025-10-04 18:06:13,,,,867488067684034,5075,HBD,,,,,,,,,,,,,,,,,,,,,,,,,,,,,,,,,,,,,,,,,,,,,,,,,,
2025-10-04 18:08:13,,,,867488067684034,5076,HBD,,,,,,,,,,,,,,,,,,,,,,,,,,,,,,,,,,,,,,,,,,,,,,,,,,
2025-10-04 18:10:14,,,,867488067684034,5077,HBD,,,,,,,,,,,,,,,,,,,,,,,,,,,,,,,,,,,,,,,,,,,,,,,,,,
2025-10-04 18:12:14,,,,867488067684034,5078,HBD,,,,,,,,,,,,,,,,,,,,,,,,,,,,,,,,,,,,,,,,,,,,,,,,,,
2025-10-04 18:14:15,,,,867488067684034,5079,HBD,,,,,,,,,,,,,,,,,,,,,,,,,,,,,,,,,,,,,,,,,,,,,,,,,,
2025-10-04 18:16:15,,,,867488067684034,5080,HBD,,,,,,,,,,,,,,,,,,,,,,,,,,,,,,,,,,,,,,,,,,,,,,,,,,
2025-10-04 18:18:15,,,,867488067684034,5081,HBD,,,,,,,,,,,,,,,,,,,,,,,,,,,,,,,,,,,,,,,,,,,,,,,,,,
2025-10-04 18:20:16,,,,867488067684034,5082,HBD,,,,,,,,,,,,,,,,,,,,,,,,,,,,,,,,,,,,,,,,,,,,,,,,,,
2025-10-04 18:22:16,,,,867488067684034,5083,HBD,,,,,,,,,,,,,,,,,,,,,,,,,,,,,,,,,,,,,,,,,,,,,,,,,,
2025-10-04 18:24:17,,,,867488067684034,5084,HBD,,,,,,,,,,,,,,,,,,,,,,,,,,,,,,,,,,,,,,,,,,,,,,,,,,
2025-10-04 18:25:30,2025-10-04 18:25:30,2025-10-04 18:23:22,2025-10-04 18:23:22,867488067684034,5085,GTERI,0x19fe3fbf,0x00028102,802003,0x8303,0x0115,100,25264,0000,-,00,00,11,6,6,-,01,01,0.0,0.0,166,166,1027,1027,-25.047401,-25.047401,-51.540816,-51.540816,0724,0004,85da,0f6ad116,6.9,194.5,194.5,0:24:37,13:01:25,-,-,0,-,,,,,04,1,00000000,00,10,
2025-10-04 18:26:17,,,,867488067684034,5086,HBD,,,,,,,,,,,,,,,,,,,,,,,,,,,,,,,,,,,,,,,,,,,,,,,,,,
2025-10-04 18:28:18,,,,867488067684034,5087,HBD,,,,,,,,,,,,,,,,,,,,,,,,,,,,,,,,,,,,,,,,,,,,,,,,,,
2025-10-04 18:30:18,,,,867488067684034,5088,HBD,,,,,,,,,,,,,,,,,,,,,,,,,,,,,,,,,,,,,,,,,,,,,,,,,,
2025-10-04 18:32:18,,,,867488067684034,5089,HBD,,,,,,,,,,,,,,,,,,,,,,,,,,,,,,,,,,,,,,,,,,,,,,,,,,
2025-10-04 18:34:19,,,,867488067684034,5090,HBD,,,,,,,,,,,,,,,,,,,,,,,,,,,,,,,,,,,,,,,,,,,,,,,,,,
2025-10-04 18:36:19,,,,867488067684034,5091,HBD,,,,,,,,,,,,,,,,,,,,,,,,,,,,,,,,,,,,,,,,,,,,,,,,,,
2025-10-04 18:38:20,,,,867488067684034,5092,HBD,,,,,,,,,,,,,,,,,,,,,,,,,,,,,,,,,,,,,,,,,,,,,,,,,,
2025-10-04 18:40:20,,,,867488067684034,5093,HBD,,,,,,,,,,,,,,,,,,,,,,,,,,,,,,,,,,,,,,,,,,,,,,,,,,
2025-10-04 18:42:21,,,,867488067684034,5094,HBD,,,,,,,,,,,,,,,,,,,,,,,,,,,,,,,,,,,,,,,,,,,,,,,,,,
2025-10-04 18:44:21,,,,867488067684034,5095,HBD,,,,,,,,,,,,,,,,,,,,,,,,,,,,,,,,,,,,,,,,,,,,,,,,,,
2025-10-04 18:46:21,,,,867488067684034,5096,HBD,,,,,,,,,,,,,,,,,,,,,,,,,,,,,,,,,,,,,,,,,,,,,,,,,,
2025-10-04 18:48:22,,,,867488067684034,5097,HBD,,,,,,,,,,,,,,,,,,,,,,,,,,,,,,,,,,,,,,,,,,,,,,,,,,
2025-10-04 18:50:22,,,,867488067684034,5098,HBD,,,,,,,,,,,,,,,,,,,,,,,,,,,,,,,,,,,,,,,,,,,,,,,,,,
2025-10-04 18:52:23,,,,867488067684034,5099,HBD,,,,,,,,,,,,,,,,,,,,,,,,,,,,,,,,,,,,,,,,,,,,,,,,,,
2025-10-04 18:54:23,,,,867488067684034,5100,HBD,,,,,,,,,,,,,,,,,,,,,,,,,,,,,,,,,,,,,,,,,,,,,,,,,,
2025-10-04 18:56:24,,,,867488067684034,5101,HBD,,,,,,,,,,,,,,,,,,,,,,,,,,,,,,,,,,,,,,,,,,,,,,,,,,
2025-10-04 18:58:24,,,,867488067684034,5102,HBD,,,,,,,,,,,,,,,,,,,,,,,,,,,,,,,,,,,,,,,,,,,,,,,,,,
2025-10-04 19:00:24,,,,867488067684034,5103,HBD,,,,,,,,,,,,,,,,,,,,,,,,,,,,,,,,,,,,,,,,,,,,,,,,,,
2025-10-04 19:02:25,,,,867488067684034,5104,HBD,,,,,,,,,,,,,,,,,,,,,,,,,,,,,,,,,,,,,,,,,,,,,,,,,,
2025-10-04 19:04:25,,,,867488067684034,5105,HBD,,,,,,,,,,,,,,,,,,,,,,,,,,,,,,,,,,,,,,,,,,,,,,,,,,
2025-10-04 19:06:26,,,,867488067684034,5106,HBD,,,,,,,,,,,,,,,,,,,,,,,,,,,,,,,,,,,,,,,,,,,,,,,,,,
2025-10-04 19:08:26,,,,867488067684034,5107,HBD,,,,,,,,,,,,,,,,,,,,,,,,,,,,,,,,,,,,,,,,,,,,,,,,,,
2025-10-04 19:10:27,,,,867488067684034,5108,HBD,,,,,,,,,,,,,,,,,,,,,,,,,,,,,,,,,,,,,,,,,,,,,,,,,,
2025-10-04 19:12:27,,,,867488067684034,5109,HBD,,,,,,,,,,,,,,,,,,,,,,,,,,,,,,,,,,,,,,,,,,,,,,,,,,
2025-10-04 19:14:27,,,,867488067684034,5110,HBD,,,,,,,,,,,,,,,,,,,,,,,,,,,,,,,,,,,,,,,,,,,,,,,,,,
2025-10-04 19:16:28,,,,867488067684034,5111,HBD,,,,,,,,,,,,,,,,,,,,,,,,,,,,,,,,,,,,,,,,,,,,,,,,,,
2025-10-04 19:18:28,,,,867488067684034,5112,HBD,,,,,,,,,,,,,,,,,,,,,,,,,,,,,,,,,,,,,,,,,,,,,,,,,,
2025-10-04 19:20:29,,,,867488067684034,5113,HBD,,,,,,,,,,,,,,,,,,,,,,,,,,,,,,,,,,,,,,,,,,,,,,,,,,
2025-10-04 19:22:29,,,,867488067684034,5114,HBD,,,,,,,,,,,,,,,,,,,,,,,,,,,,,,,,,,,,,,,,,,,,,,,,,,
2025-10-04 19:24:30,,,,867488067684034,5115,HBD,,,,,,,,,,,,,,,,,,,,,,,,,,,,,,,,,,,,,,,,,,,,,,,,,,
2025-10-04 19:25:30,2025-10-04 19:25:30,2025-10-04 19:23:08,2025-10-04 19:23:08,867488067684034,5116,GTERI,0x19fe3fbf,0x00028102,802003,0x8303,0x0115,100,25253,0000,-,00,00,11,6,6,-,01,01,0.0,0.0,166,166,1027,1027,-25.047401,-25.047401,-51.540816,-51.540816,0724,0004,85da,0f6ad116,6.9,194.5,194.5,0:24:37,13:01:25,-,-,0,-,,,,,04,1,00000000,00,10,
2025-10-04 19:26:30,,,,867488067684034,5117,HBD,,,,,,,,,,,,,,,,,,,,,,,,,,,,,,,,,,,,,,,,,,,,,,,,,,
2025-10-04 19:28:31,,,,867488067684034,5118,HBD,,,,,,,,,,,,,,,,,,,,,,,,,,,,,,,,,,,,,,,,,,,,,,,,,,
2025-10-04 19:30:31,,,,867488067684034,5119,HBD,,,,,,,,,,,,,,,,,,,,,,,,,,,,,,,,,,,,,,,,,,,,,,,,,,
2025-10-04 19:32:31,,,,867488067684034,5120,HBD,,,,,,,,,,,,,,,,,,,,,,,,,,,,,,,,,,,,,,,,,,,,,,,,,,
2025-10-04 19:34:32,,,,867488067684034,5121,HBD,,,,,,,,,,,,,,,,,,,,,,,,,,,,,,,,,,,,,,,,,,,,,,,,,,
2025-10-04 19:36:32,,,,867488067684034,5122,HBD,,,,,,,,,,,,,,,,,,,,,,,,,,,,,,,,,,,,,,,,,,,,,,,,,,
2025-10-04 19:38:33,,,,867488067684034,5123,HBD,,,,,,,,,,,,,,,,,,,,,,,,,,,,,,,,,,,,,,,,,,,,,,,,,,
2025-10-04 19:40:33,,,,867488067684034,5124,HBD,,,,,,,,,,,,,,,,,,,,,,,,,,,,,,,,,,,,,,,,,,,,,,,,,,
2025-10-04 19:42:34,,,,867488067684034,5125,HBD,,,,,,,,,,,,,,,,,,,,,,,,,,,,,,,,,,,,,,,,,,,,,,,,,,
2025-10-04 19:44:34,,,,867488067684034,5126,HBD,,,,,,,,,,,,,,,,,,,,,,,,,,,,,,,,,,,,,,,,,,,,,,,,,,
2025-10-04 19:46:35,,,,867488067684034,5127,HBD,,,,,,,,,,,,,,,,,,,,,,,,,,,,,,,,,,,,,,,,,,,,,,,,,,
2025-10-04 19:48:35,,,,867488067684034,5128,HBD,,,,,,,,,,,,,,,,,,,,,,,,,,,,,,,,,,,,,,,,,,,,,,,,,,
2025-10-04 19:50:35,,,,867488067684034,5129,HBD,,,,,,,,,,,,,,,,,,,,,,,,,,,,,,,,,,,,,,,,,,,,,,,,,,
2025-10-04 19:52:36,,,,867488067684034,5130,HBD,,,,,,,,,,,,,,,,,,,,,,,,,,,,,,,,,,,,,,,,,,,,,,,,,,
2025-10-04 19:54:36,,,,867488067684034,5131,HBD,,,,,,,,,,,,,,,,,,,,,,,,,,,,,,,,,,,,,,,,,,,,,,,,,,
2025-10-04 19:56:37,,,,867488067684034,5132,HBD,,,,,,,,,,,,,,,,,,,,,,,,,,,,,,,,,,,,,,,,,,,,,,,,,,
2025-10-04 19:58:37,,,,867488067684034,5133,HBD,,,,,,,,,,,,,,,,,,,,,,,,,,,,,,,,,,,,,,,,,,,,,,,,,,
2025-10-04 20:00:38,,,,867488067684034,5134,HBD,,,,,,,,,,,,,,,,,,,,,,,,,,,,,,,,,,,,,,,,,,,,,,,,,,
2025-10-04 20:02:38,,,,867488067684034,5135,HBD,,,,,,,,,,,,,,,,,,,,,,,,,,,,,,,,,,,,,,,,,,,,,,,,,,
2025-10-04 20:04:38,,,,867488067684034,5136,HBD,,,,,,,,,,,,,,,,,,,,,,,,,,,,,,,,,,,,,,,,,,,,,,,,,,
2025-10-04 20:06:39,,,,867488067684034,5137,HBD,,,,,,,,,,,,,,,,,,,,,,,,,,,,,,,,,,,,,,,,,,,,,,,,,,
2025-10-04 20:08:39,,,,867488067684034,5138,HBD,,,,,,,,,,,,,,,,,,,,,,,,,,,,,,,,,,,,,,,,,,,,,,,,,,
2025-10-04 20:10:40,,,,867488067684034,5139,HBD,,,,,,,,,,,,,,,,,,,,,,,,,,,,,,,,,,,,,,,,,,,,,,,,,,
2025-10-04 20:12:40,,,,867488067684034,5140,HBD,,,,,,,,,,,,,,,,,,,,,,,,,,,,,,,,,,,,,,,,,,,,,,,,,,
2025-10-04 20:14:41,,,,867488067684034,5141,HBD,,,,,,,,,,,,,,,,,,,,,,,,,,,,,,,,,,,,,,,,,,,,,,,,,,
2025-10-04 20:16:41,,,,867488067684034,5142,HBD,,,,,,,,,,,,,,,,,,,,,,,,,,,,,,,,,,,,,,,,,,,,,,,,,,
2025-10-04 20:18:42,,,,867488067684034,5143,HBD,,,,,,,,,,,,,,,,,,,,,,,,,,,,,,,,,,,,,,,,,,,,,,,,,,
2025-10-04 20:20:42,,,,867488067684034,5144,HBD,,,,,,,,,,,,,,,,,,,,,,,,,,,,,,,,,,,,,,,,,,,,,,,,,,
2025-10-04 20:22:42,,,,867488067684034,5145,HBD,,,,,,,,,,,,,,,,,,,,,,,,,,,,,,,,,,,,,,,,,,,,,,,,,,
2025-10-04 20:24:43,,,,867488067684034,5146,HBD,,,,,,,,,,,,,,,,,,,,,,,,,,,,,,,,,,,,,,,,,,,,,,,,,,
2025-10-04 20:25:30,2025-10-04 20:25:30,2025-10-04 20:23:15,2025-10-04 20:23:15,867488067684034,5147,GTERI,0x19fe3fbf,0x00028102,802003,0x8303,0x0115,100,25242,0000,-,00,00,11,5,5,-,01,01,0.0,0.0,166,166,1027,1027,-25.047401,-25.047401,-51.540816,-51.540816,0724,0004,85da,0f6ad116,6.9,194.5,194.5,0:24:37,13:01:25,-,-,0,-,,,,,04,1,00000000,00,10,
2025-10-04 20:26:43,,,,867488067684034,5148,HBD,,,,,,,,,,,,,,,,,,,,,,,,,,,,,,,,,,,,,,,,,,,,,,,,,,
2025-10-04 20:28:44,,,,867488067684034,5149,HBD,,,,,,,,,,,,,,,,,,,,,,,,,,,,,,,,,,,,,,,,,,,,,,,,,,
2025-10-04 20:30:44,,,,867488067684034,5150,HBD,,,,,,,,,,,,,,,,,,,,,,,,,,,,,,,,,,,,,,,,,,,,,,,,,,
2025-10-04 20:32:45,,,,867488067684034,5151,HBD,,,,,,,,,,,,,,,,,,,,,,,,,,,,,,,,,,,,,,,,,,,,,,,,,,
2025-10-04 20:34:45,,,,867488067684034,5152,HBD,,,,,,,,,,,,,,,,,,,,,,,,,,,,,,,,,,,,,,,,,,,,,,,,,,
2025-10-04 20:36:45,,,,867488067684034,5153,HBD,,,,,,,,,,,,,,,,,,,,,,,,,,,,,,,,,,,,,,,,,,,,,,,,,,
2025-10-04 20:38:46,,,,867488067684034,5154,HBD,,,,,,,,,,,,,,,,,,,,,,,,,,,,,,,,,,,,,,,,,,,,,,,,,,
2025-10-04 20:40:46,,,,867488067684034,5155,HBD,,,,,,,,,,,,,,,,,,,,,,,,,,,,,,,,,,,,,,,,,,,,,,,,,,
2025-10-04 20:42:47,,,,867488067684034,5156,HBD,,,,,,,,,,,,,,,,,,,,,,,,,,,,,,,,,,,,,,,,,,,,,,,,,,
2025-10-04 20:44:47,,,,867488067684034,5157,HBD,,,,,,,,,,,,,,,,,,,,,,,,,,,,,,,,,,,,,,,,,,,,,,,,,,
2025-10-04 20:46:48,,,,867488067684034,5158,HBD,,,,,,,,,,,,,,,,,,,,,,,,,,,,,,,,,,,,,,,,,,,,,,,,,,
2025-10-04 20:48:48,,,,867488067684034,5159,HBD,,,,,,,,,,,,,,,,,,,,,,,,,,,,,,,,,,,,,,,,,,,,,,,,,,
2025-10-04 20:50:49,,,,867488067684034,5160,HBD,,,,,,,,,,,,,,,,,,,,,,,,,,,,,,,,,,,,,,,,,,,,,,,,,,
2025-10-04 20:52:49,,,,867488067684034,5161,HBD,,,,,,,,,,,,,,,,,,,,,,,,,,,,,,,,,,,,,,,,,,,,,,,,,,
2025-10-04 20:54:49,,,,867488067684034,5162,HBD,,,,,,,,,,,,,,,,,,,,,,,,,,,,,,,,,,,,,,,,,,,,,,,,,,
2025-10-04 20:56:50,,,,867488067684034,5163,HBD,,,,,,,,,,,,,,,,,,,,,,,,,,,,,,,,,,,,,,,,,,,,,,,,,,
2025-10-04 20:58:50,,,,867488067684034,5164,HBD,,,,,,,,,,,,,,,,,,,,,,,,,,,,,,,,,,,,,,,,,,,,,,,,,,
2025-10-04 21:00:51,,,,867488067684034,5165,HBD,,,,,,,,,,,,,,,,,,,,,,,,,,,,,,,,,,,,,,,,,,,,,,,,,,
2025-10-04 21:02:51,,,,867488067684034,5166,HBD,,,,,,,,,,,,,,,,,,,,,,,,,,,,,,,,,,,,,,,,,,,,,,,,,,
2025-10-04 21:04:52,,,,867488067684034,5167,HBD,,,,,,,,,,,,,,,,,,,,,,,,,,,,,,,,,,,,,,,,,,,,,,,,,,
2025-10-04 21:06:52,,,,867488067684034,5168,HBD,,,,,,,,,,,,,,,,,,,,,,,,,,,,,,,,,,,,,,,,,,,,,,,,,,
2025-10-04 21:08:53,,,,867488067684034,5169,HBD,,,,,,,,,,,,,,,,,,,,,,,,,,,,,,,,,,,,,,,,,,,,,,,,,,
2025-10-04 21:10:53,,,,867488067684034,5170,HBD,,,,,,,,,,,,,,,,,,,,,,,,,,,,,,,,,,,,,,,,,,,,,,,,,,
2025-10-04 21:12:53,,,,867488067684034,5171,HBD,,,,,,,,,,,,,,,,,,,,,,,,,,,,,,,,,,,,,,,,,,,,,,,,,,
2025-10-04 21:14:54,,,,867488067684034,5172,HBD,,,,,,,,,,,,,,,,,,,,,,,,,,,,,,,,,,,,,,,,,,,,,,,,,,
2025-10-04 21:16:54,,,,867488067684034,5173,HBD,,,,,,,,,,,,,,,,,,,,,,,,,,,,,,,,,,,,,,,,,,,,,,,,,,
2025-10-04 21:18:55,,,,867488067684034,5174,HBD,,,,,,,,,,,,,,,,,,,,,,,,,,,,,,,,,,,,,,,,,,,,,,,,,,
2025-10-04 21:20:55,,,,867488067684034,5175,HBD,,,,,,,,,,,,,,,,,,,,,,,,,,,,,,,,,,,,,,,,,,,,,,,,,,
2025-10-04 21:22:56,,,,867488067684034,5176,HBD,,,,,,,,,,,,,,,,,,,,,,,,,,,,,,,,,,,,,,,,,,,,,,,,,,
2025-10-04 21:24:56,,,,867488067684034,5177,HBD,,,,,,,,,,,,,,,,,,,,,,,,,,,,,,,,,,,,,,,,,,,,,,,,,,
2025-10-04 21:25:30,2025-10-04 21:25:30,2025-10-04 21:23:35,2025-10-04 21:23:35,867488067684034,5178,GTERI,0x19fe3fbf,0x00028102,802003,0x8303,0x0115,100,25230,0000,-,00,00,11,8,8,-,01,01,0.0,0.0,166,166,1027,1027,-25.047401,-25.047401,-51.540816,-51.540816,0724,0004,85da,0f6ad116,6.9,194.5,194.5,0:24:37,13:01:25,-,-,0,-,,,,,04,1,00000000,00,10,
2025-10-04 21:26:57,,,,867488067684034,5179,HBD,,,,,,,,,,,,,,,,,,,,,,,,,,,,,,,,,,,,,,,,,,,,,,,,,,
2025-10-04 21:28:57,,,,867488067684034,5180,HBD,,,,,,,,,,,,,,,,,,,,,,,,,,,,,,,,,,,,,,,,,,,,,,,,,,
2025-10-04 21:30:57,,,,867488067684034,5181,HBD,,,,,,,,,,,,,,,,,,,,,,,,,,,,,,,,,,,,,,,,,,,,,,,,,,
2025-10-04 21:32:58,,,,867488067684034,5182,HBD,,,,,,,,,,,,,,,,,,,,,,,,,,,,,,,,,,,,,,,,,,,,,,,,,,
2025-10-04 21:34:58,,,,867488067684034,5183,HBD,,,,,,,,,,,,,,,,,,,,,,,,,,,,,,,,,,,,,,,,,,,,,,,,,,
2025-10-04 21:36:59,,,,867488067684034,5184,HBD,,,,,,,,,,,,,,,,,,,,,,,,,,,,,,,,,,,,,,,,,,,,,,,,,,
2025-10-04 21:38:59,,,,867488067684034,5185,HBD,,,,,,,,,,,,,,,,,,,,,,,,,,,,,,,,,,,,,,,,,,,,,,,,,,
2025-10-04 21:41:00,,,,867488067684034,5186,HBD,,,,,,,,,,,,,,,,,,,,,,,,,,,,,,,,,,,,,,,,,,,,,,,,,,
2025-10-04 21:43:00,,,,867488067684034,5187,HBD,,,,,,,,,,,,,,,,,,,,,,,,,,,,,,,,,,,,,,,,,,,,,,,,,,
2025-10-04 21:45:01,,,,867488067684034,5188,HBD,,,,,,,,,,,,,,,,,,,,,,,,,,,,,,,,,,,,,,,,,,,,,,,,,,
2025-10-04 21:47:01,,,,867488067684034,5189,HBD,,,,,,,,,,,,,,,,,,,,,,,,,,,,,,,,,,,,,,,,,,,,,,,,,,
2025-10-04 21:49:01,,,,867488067684034,5190,HBD,,,,,,,,,,,,,,,,,,,,,,,,,,,,,,,,,,,,,,,,,,,,,,,,,,
2025-10-04 21:51:02,,,,867488067684034,5191,HBD,,,,,,,,,,,,,,,,,,,,,,,,,,,,,,,,,,,,,,,,,,,,,,,,,,
2025-10-04 21:52:02,,,,867488067684034,5192,HBD,,,,,,,,,,,,,,,,,,,,,,,,,,,,,,,,,,,,,,,,,,,,,,,,,,
2025-10-04 21:54:03,,,,867488067684034,5193,HBD,,,,,,,,,,,,,,,,,,,,,,,,,,,,,,,,,,,,,,,,,,,,,,,,,,
2025-10-04 21:56:03,,,,867488067684034,5194,HBD,,,,,,,,,,,,,,,,,,,,,,,,,,,,,,,,,,,,,,,,,,,,,,,,,,
2025-10-04 21:58:03,,,,867488067684034,5195,HBD,,,,,,,,,,,,,,,,,,,,,,,,,,,,,,,,,,,,,,,,,,,,,,,,,,
2025-10-04 22:00:04,,,,867488067684034,5196,HBD,,,,,,,,,,,,,,,,,,,,,,,,,,,,,,,,,,,,,,,,,,,,,,,,,,
2025-10-04 22:02:04,,,,867488067684034,5197,HBD,,,,,,,,,,,,,,,,,,,,,,,,,,,,,,,,,,,,,,,,,,,,,,,,,,
2025-10-04 22:04:05,,,,867488067684034,5198,HBD,,,,,,,,,,,,,,,,,,,,,,,,,,,,,,,,,,,,,,,,,,,,,,,,,,
2025-10-04 22:06:05,,,,867488067684034,5199,HBD,,,,,,,,,,,,,,,,,,,,,,,,,,,,,,,,,,,,,,,,,,,,,,,,,,
2025-10-04 22:08:06,,,,867488067684034,5200,HBD,,,,,,,,,,,,,,,,,,,,,,,,,,,,,,,,,,,,,,,,,,,,,,,,,,
2025-10-04 22:10:06,,,,867488067684034,5201,HBD,,,,,,,,,,,,,,,,,,,,,,,,,,,,,,,,,,,,,,,,,,,,,,,,,,
2025-10-04 22:12:07,,,,867488067684034,5202,HBD,,,,,,,,,,,,,,,,,,,,,,,,,,,,,,,,,,,,,,,,,,,,,,,,,,
2025-10-04 22:14:07,,,,867488067684034,5203,HBD,,,,,,,,,,,,,,,,,,,,,,,,,,,,,,,,,,,,,,,,,,,,,,,,,,
2025-10-04 22:16:07,,,,867488067684034,5204,HBD,,,,,,,,,,,,,,,,,,,,,,,,,,,,,,,,,,,,,,,,,,,,,,,,,,
2025-10-04 22:18:08,,,,867488067684034,5205,HBD,,,,,,,,,,,,,,,,,,,,,,,,,,,,,,,,,,,,,,,,,,,,,,,,,,
2025-10-04 22:20:08,,,,867488067684034,5206,HBD,,,,,,,,,,,,,,,,,,,,,,,,,,,,,,,,,,,,,,,,,,,,,,,,,,
2025-10-04 22:22:09,,,,867488067684034,5207,HBD,,,,,,,,,,,,,,,,,,,,,,,,,,,,,,,,,,,,,,,,,,,,,,,,,,
2025-10-04 22:24:09,,,,867488067684034,5208,HBD,,,,,,,,,,,,,,,,,,,,,,,,,,,,,,,,,,,,,,,,,,,,,,,,,,
2025-10-04 22:25:30,2025-10-04 22:25:30,2025-10-04 22:23:05,2025-10-04 22:23:05,867488067684034,5209,GTERI,0x19fe3fbf,0x00028102,802003,0x8303,0x0115,100,25224,0000,-,00,00,11,7,7,-,01,01,0.0,0.0,166,166,1027,1027,-25.047401,-25.047401,-51.540816,-51.540816,0724,0004,85da,0f6ad116,6.9,194.5,194.5,0:24:37,13:01:25,-,-,0,-,,,,,04,1,00000000,00,10,
2025-10-04 22:26:10,,,,867488067684034,5210,HBD,,,,,,,,,,,,,,,,,,,,,,,,,,,,,,,,,,,,,,,,,,,,,,,,,,
2025-10-04 22:28:10,,,,867488067684034,5211,HBD,,,,,,,,,,,,,,,,,,,,,,,,,,,,,,,,,,,,,,,,,,,,,,,,,,
2025-10-04 22:30:11,,,,867488067684034,5212,HBD,,,,,,,,,,,,,,,,,,,,,,,,,,,,,,,,,,,,,,,,,,,,,,,,,,
2025-10-04 22:32:11,,,,867488067684034,5213,HBD,,,,,,,,,,,,,,,,,,,,,,,,,,,,,,,,,,,,,,,,,,,,,,,,,,
2025-10-04 22:34:12,,,,867488067684034,5214,HBD,,,,,,,,,,,,,,,,,,,,,,,,,,,,,,,,,,,,,,,,,,,,,,,,,,
2025-10-04 22:36:12,,,,867488067684034,5215,HBD,,,,,,,,,,,,,,,,,,,,,,,,,,,,,,,,,,,,,,,,,,,,,,,,,,
2025-10-04 22:38:13,,,,867488067684034,5216,HBD,,,,,,,,,,,,,,,,,,,,,,,,,,,,,,,,,,,,,,,,,,,,,,,,,,
2025-10-04 22:40:13,,,,867488067684034,5217,HBD,,,,,,,,,,,,,,,,,,,,,,,,,,,,,,,,,,,,,,,,,,,,,,,,,,
2025-10-04 22:42:13,,,,867488067684034,5218,HBD,,,,,,,,,,,,,,,,,,,,,,,,,,,,,,,,,,,,,,,,,,,,,,,,,,
2025-10-04 22:44:14,,,,867488067684034,5219,HBD,,,,,,,,,,,,,,,,,,,,,,,,,,,,,,,,,,,,,,,,,,,,,,,,,,
2025-10-04 22:46:14,,,,867488067684034,5220,HBD,,,,,,,,,,,,,,,,,,,,,,,,,,,,,,,,,,,,,,,,,,,,,,,,,,
2025-10-04 22:48:15,,,,867488067684034,5221,HBD,,,,,,,,,,,,,,,,,,,,,,,,,,,,,,,,,,,,,,,,,,,,,,,,,,
2025-10-04 22:50:15,,,,867488067684034,5222,HBD,,,,,,,,,,,,,,,,,,,,,,,,,,,,,,,,,,,,,,,,,,,,,,,,,,
2025-10-04 22:52:16,,,,867488067684034,5223,HBD,,,,,,,,,,,,,,,,,,,,,,,,,,,,,,,,,,,,,,,,,,,,,,,,,,
2025-10-04 22:54:16,,,,867488067684034,5224,HBD,,,,,,,,,,,,,,,,,,,,,,,,,,,,,,,,,,,,,,,,,,,,,,,,,,
2025-10-04 22:56:17,,,,867488067684034,5225,HBD,,,,,,,,,,,,,,,,,,,,,,,,,,,,,,,,,,,,,,,,,,,,,,,,,,
2025-10-04 22:58:17,,,,867488067684034,5226,HBD,,,,,,,,,,,,,,,,,,,,,,,,,,,,,,,,,,,,,,,,,,,,,,,,,,
2025-10-04 23:00:18,,,,867488067684034,5227,HBD,,,,,,,,,,,,,,,,,,,,,,,,,,,,,,,,,,,,,,,,,,,,,,,,,,
2025-10-04 23:02:18,,,,867488067684034,5228,HBD,,,,,,,,,,,,,,,,,,,,,,,,,,,,,,,,,,,,,,,,,,,,,,,,,,
2025-10-04 23:04:18,,,,867488067684034,5229,HBD,,,,,,,,,,,,,,,,,,,,,,,,,,,,,,,,,,,,,,,,,,,,,,,,,,
2025-10-04 23:06:19,,,,867488067684034,5230,HBD,,,,,,,,,,,,,,,,,,,,,,,,,,,,,,,,,,,,,,,,,,,,,,,,,,
2025-10-04 23:08:19,,,,867488067684034,5231,HBD,,,,,,,,,,,,,,,,,,,,,,,,,,,,,,,,,,,,,,,,,,,,,,,,,,
2025-10-04 23:10:20,,,,867488067684034,5232,HBD,,,,,,,,,,,,,,,,,,,,,,,,,,,,,,,,,,,,,,,,,,,,,,,,,,
2025-10-04 23:12:20,,,,867488067684034,5233,HBD,,,,,,,,,,,,,,,,,,,,,,,,,,,,,,,,,,,,,,,,,,,,,,,,,,
2025-10-04 23:14:21,,,,867488067684034,5234,HBD,,,,,,,,,,,,,,,,,,,,,,,,,,,,,,,,,,,,,,,,,,,,,,,,,,
2025-10-04 23:16:21,,,,867488067684034,5235,HBD,,,,,,,,,,,,,,,,,,,,,,,,,,,,,,,,,,,,,,,,,,,,,,,,,,
2025-10-04 23:18:21,,,,867488067684034,5236,HBD,,,,,,,,,,,,,,,,,,,,,,,,,,,,,,,,,,,,,,,,,,,,,,,,,,
2025-10-04 23:20:22,,,,867488067684034,5237,HBD,,,,,,,,,,,,,,,,,,,,,,,,,,,,,,,,,,,,,,,,,,,,,,,,,,
2025-10-04 23:22:22,,,,867488067684034,5238,HBD,,,,,,,,,,,,,,,,,,,,,,,,,,,,,,,,,,,,,,,,,,,,,,,,,,
2025-10-04 23:24:23,,,,867488067684034,5239,HBD,,,,,,,,,,,,,,,,,,,,,,,,,,,,,,,,,,,,,,,,,,,,,,,,,,
2025-10-04 23:25:30,2025-10-04 23:25:30,2025-10-04 23:23:05,2025-10-04 23:23:05,867488067684034,5240,GTERI,0x19fe3fbf,0x00028102,802003,0x8303,0x0115,100,25216,0000,-,00,00,11,6,6,-,01,01,0.0,0.0,166,166,1027,1027,-25.047401,-25.047401,-51.540816,-51.540816,0724,0004,85da,0f6ad116,6.9,194.5,194.5,0:24:37,13:01:25,-,-,0,-,,,,,04,1,00000000,00,10,
2025-10-04 23:26:23,,,,867488067684034,5241,HBD,,,,,,,,,,,,,,,,,,,,,,,,,,,,,,,,,,,,,,,,,,,,,,,,,,
2025-10-04 23:28:24,,,,867488067684034,5242,HBD,,,,,,,,,,,,,,,,,,,,,,,,,,,,,,,,,,,,,,,,,,,,,,,,,,
2025-10-04 23:30:24,,,,867488067684034,5243,HBD,,,,,,,,,,,,,,,,,,,,,,,,,,,,,,,,,,,,,,,,,,,,,,,,,,
2025-10-04 23:32:25,,,,867488067684034,5244,HBD,,,,,,,,,,,,,,,,,,,,,,,,,,,,,,,,,,,,,,,,,,,,,,,,,,
2025-10-04 23:34:25,,,,867488067684034,5245,HBD,,,,,,,,,,,,,,,,,,,,,,,,,,,,,,,,,,,,,,,,,,,,,,,,,,
2025-10-04 23:36:25,,,,867488067684034,5246,HBD,,,,,,,,,,,,,,,,,,,,,,,,,,,,,,,,,,,,,,,,,,,,,,,,,,
2025-10-04 23:38:26,,,,867488067684034,5247,HBD,,,,,,,,,,,,,,,,,,,,,,,,,,,,,,,,,,,,,,,,,,,,,,,,,,
2025-10-04 23:40:26,,,,867488067684034,5248,HBD,,,,,,,,,,,,,,,,,,,,,,,,,,,,,,,,,,,,,,,,,,,,,,,,,,
2025-10-04 23:42:27,,,,867488067684034,5249,HBD,,,,,,,,,,,,,,,,,,,,,,,,,,,,,,,,,,,,,,,,,,,,,,,,,,
2025-10-04 23:44:27,,,,867488067684034,5250,HBD,,,,,,,,,,,,,,,,,,,,,,,,,,,,,,,,,,,,,,,,,,,,,,,,,,
2025-10-04 23:46:28,,,,867488067684034,5251,HBD,,,,,,,,,,,,,,,,,,,,,,,,,,,,,,,,,,,,,,,,,,,,,,,,,,
2025-10-04 23:48:28,,,,867488067684034,5252,HBD,,,,,,,,,,,,,,,,,,,,,,,,,,,,,,,,,,,,,,,,,,,,,,,,,,
2025-10-04 23:50:29,,,,867488067684034,5253,HBD,,,,,,,,,,,,,,,,,,,,,,,,,,,,,,,,,,,,,,,,,,,,,,,,,,
2025-10-04 23:52:29,,,,867488067684034,5254,HBD,,,,,,,,,,,,,,,,,,,,,,,,,,,,,,,,,,,,,,,,,,,,,,,,,,
2025-10-04 23:54:29,,,,867488067684034,5255,HBD,,,,,,,,,,,,,,,,,,,,,,,,,,,,,,,,,,,,,,,,,,,,,,,,,,
2025-10-04 23:56:30,,,,867488067684034,5256,HBD,,,,,,,,,,,,,,,,,,,,,,,,,,,,,,,,,,,,,,,,,,,,,,,,,,
2025-10-04 23:58:30,,,,867488067684034,5257,HBD,,,,,,,,,,,,,,,,,,,,,,,,,,,,,,,,,,,,,,,,,,,,,,,,,,
2025-10-05 00:00:31,,,,867488067684034,5258,HBD,,,,,,,,,,,,,,,,,,,,,,,,,,,,,,,,,,,,,,,,,,,,,,,,,,
2025-10-05 00:02:31,,,,867488067684034,5259,HBD,,,,,,,,,,,,,,,,,,,,,,,,,,,,,,,,,,,,,,,,,,,,,,,,,,
2025-10-05 00:04:32,,,,867488067684034,5260,HBD,,,,,,,,,,,,,,,,,,,,,,,,,,,,,,,,,,,,,,,,,,,,,,,,,,
2025-10-05 00:06:32,,,,867488067684034,5261,HBD,,,,,,,,,,,,,,,,,,,,,,,,,,,,,,,,,,,,,,,,,,,,,,,,,,
2025-10-05 00:08:33,,,,867488067684034,5262,HBD,,,,,,,,,,,,,,,,,,,,,,,,,,,,,,,,,,,,,,,,,,,,,,,,,,
2025-10-05 00:10:33,,,,867488067684034,5263,HBD,,,,,,,,,,,,,,,,,,,,,,,,,,,,,,,,,,,,,,,,,,,,,,,,,,
2025-10-05 00:12:33,,,,867488067684034,5264,HBD,,,,,,,,,,,,,,,,,,,,,,,,,,,,,,,,,,,,,,,,,,,,,,,,,,
2025-10-05 00:14:34,,,,867488067684034,5265,HBD,,,,,,,,,,,,,,,,,,,,,,,,,,,,,,,,,,,,,,,,,,,,,,,,,,
2025-10-05 00:16:34,,,,867488067684034,5266,HBD,,,,,,,,,,,,,,,,,,,,,,,,,,,,,,,,,,,,,,,,,,,,,,,,,,
2025-10-05 00:18:35,,,,867488067684034,5267,HBD,,,,,,,,,,,,,,,,,,,,,,,,,,,,,,,,,,,,,,,,,,,,,,,,,,
2025-10-05 00:20:35,,,,867488067684034,5268,HBD,,,,,,,,,,,,,,,,,,,,,,,,,,,,,,,,,,,,,,,,,,,,,,,,,,
2025-10-05 00:22:36,,,,867488067684034,5269,HBD,,,,,,,,,,,,,,,,,,,,,,,,,,,,,,,,,,,,,,,,,,,,,,,,,,
2025-10-05 00:24:36,,,,867488067684034,5270,HBD,,,,,,,,,,,,,,,,,,,,,,,,,,,,,,,,,,,,,,,,,,,,,,,,,,
2025-10-05 00:25:30,2025-10-05 00:25:30,2025-10-05 00:23:23,2025-10-05 00:23:23,867488067684034,5271,GTERI,0x19fe3fbf,0x00028102,802003,0x8303,0x0115,100,25153,0000,-,00,00,11,7,7,-,01,01,0.0,0.0,166,166,1027,1027,-25.047401,-25.047401,-51.540816,-51.540816,0724,0004,85da,0f6ad116,6.9,194.5,194.5,0:24:37,13:01:25,-,-,0,-,,,,,04,1,00000000,00,10,
2025-10-05 00:26:37,,,,867488067684034,5272,HBD,,,,,,,,,,,,,,,,,,,,,,,,,,,,,,,,,,,,,,,,,,,,,,,,,,
2025-10-05 00:28:37,,,,867488067684034,5273,HBD,,,,,,,,,,,,,,,,,,,,,,,,,,,,,,,,,,,,,,,,,,,,,,,,,,
2025-10-05 00:30:38,,,,867488067684034,5274,HBD,,,,,,,,,,,,,,,,,,,,,,,,,,,,,,,,,,,,,,,,,,,,,,,,,,
2025-10-05 00:32:38,,,,867488067684034,5275,HBD,,,,,,,,,,,,,,,,,,,,,,,,,,,,,,,,,,,,,,,,,,,,,,,,,,
2025-10-05 00:34:38,,,,867488067684034,5276,HBD,,,,,,,,,,,,,,,,,,,,,,,,,,,,,,,,,,,,,,,,,,,,,,,,,,
2025-10-05 00:36:39,,,,867488067684034,5277,HBD,,,,,,,,,,,,,,,,,,,,,,,,,,,,,,,,,,,,,,,,,,,,,,,,,,
2025-10-05 00:38:39,,,,867488067684034,5278,HBD,,,,,,,,,,,,,,,,,,,,,,,,,,,,,,,,,,,,,,,,,,,,,,,,,,
2025-10-05 00:40:40,,,,867488067684034,5279,HBD,,,,,,,,,,,,,,,,,,,,,,,,,,,,,,,,,,,,,,,,,,,,,,,,,,
2025-10-05 00:42:40,,,,867488067684034,5280,HBD,,,,,,,,,,,,,,,,,,,,,,,,,,,,,,,,,,,,,,,,,,,,,,,,,,
2025-10-05 00:44:41,,,,867488067684034,5281,HBD,,,,,,,,,,,,,,,,,,,,,,,,,,,,,,,,,,,,,,,,,,,,,,,,,,
2025-10-05 00:46:41,,,,867488067684034,5282,HBD,,,,,,,,,,,,,,,,,,,,,,,,,,,,,,,,,,,,,,,,,,,,,,,,,,
2025-10-05 00:48:42,,,,867488067684034,5283,HBD,,,,,,,,,,,,,,,,,,,,,,,,,,,,,,,,,,,,,,,,,,,,,,,,,,
2025-10-05 00:50:42,,,,867488067684034,5284,HBD,,,,,,,,,,,,,,,,,,,,,,,,,,,,,,,,,,,,,,,,,,,,,,,,,,
2025-10-05 00:52:43,,,,867488067684034,5285,HBD,,,,,,,,,,,,,,,,,,,,,,,,,,,,,,,,,,,,,,,,,,,,,,,,,,
2025-10-05 00:54:43,,,,867488067684034,5286,HBD,,,,,,,,,,,,,,,,,,,,,,,,,,,,,,,,,,,,,,,,,,,,,,,,,,
2025-10-05 00:56:44,,,,867488067684034,5287,HBD,,,,,,,,,,,,,,,,,,,,,,,,,,,,,,,,,,,,,,,,,,,,,,,,,,
2025-10-05 00:58:44,,,,867488067684034,5288,HBD,,,,,,,,,,,,,,,,,,,,,,,,,,,,,,,,,,,,,,,,,,,,,,,,,,
2025-10-05 01:00:44,,,,867488067684034,5289,HBD,,,,,,,,,,,,,,,,,,,,,,,,,,,,,,,,,,,,,,,,,,,,,,,,,,
2025-10-05 01:02:45,,,,867488067684034,5290,HBD,,,,,,,,,,,,,,,,,,,,,,,,,,,,,,,,,,,,,,,,,,,,,,,,,,
2025-10-05 01:04:45,,,,867488067684034,5291,HBD,,,,,,,,,,,,,,,,,,,,,,,,,,,,,,,,,,,,,,,,,,,,,,,,,,
2025-10-05 01:06:46,,,,867488067684034,5292,HBD,,,,,,,,,,,,,,,,,,,,,,,,,,,,,,,,,,,,,,,,,,,,,,,,,,
2025-10-05 01:08:46,,,,867488067684034,5293,HBD,,,,,,,,,,,,,,,,,,,,,,,,,,,,,,,,,,,,,,,,,,,,,,,,,,
2025-10-05 01:10:47,,,,867488067684034,5294,HBD,,,,,,,,,,,,,,,,,,,,,,,,,,,,,,,,,,,,,,,,,,,,,,,,,,
2025-10-05 01:12:47,,,,867488067684034,5295,HBD,,,,,,,,,,,,,,,,,,,,,,,,,,,,,,,,,,,,,,,,,,,,,,,,,,
2025-10-05 01:14:48,,,,867488067684034,5296,HBD,,,,,,,,,,,,,,,,,,,,,,,,,,,,,,,,,,,,,,,,,,,,,,,,,,
2025-10-05 01:16:48,,,,867488067684034,5297,HBD,,,,,,,,,,,,,,,,,,,,,,,,,,,,,,,,,,,,,,,,,,,,,,,,,,
2025-10-05 01:18:49,,,,867488067684034,5298,HBD,,,,,,,,,,,,,,,,,,,,,,,,,,,,,,,,,,,,,,,,,,,,,,,,,,
2025-10-05 01:20:49,,,,867488067684034,5299,HBD,,,,,,,,,,,,,,,,,,,,,,,,,,,,,,,,,,,,,,,,,,,,,,,,,,
2025-10-05 01:22:50,,,,867488067684034,5300,HBD,,,,,,,,,,,,,,,,,,,,,,,,,,,,,,,,,,,,,,,,,,,,,,,,,,
2025-10-05 01:24:50,,,,867488067684034,5301,HBD,,,,,,,,,,,,,,,,,,,,,,,,,,,,,,,,,,,,,,,,,,,,,,,,,,
2025-10-05 01:25:30,2025-10-05 01:25:30,2025-10-05 01:23:23,2025-10-05 01:23:23,867488067684034,5302,GTERI,0x19fe3fbf,0x00028102,802003,0x8303,0x0115,100,25196,0000,-,00,00,11,5,5,-,01,01,0.0,0.0,166,166,1027,1027,-25.047401,-25.047401,-51.540816,-51.540816,0724,0004,85da,0f6ad116,6.9,194.5,194.5,0:24:37,13:01:25,-,-,0,-,,,,,04,1,00000000,00,10,
2025-10-05 01:26:50,,,,867488067684034,5303,HBD,,,,,,,,,,,,,,,,,,,,,,,,,,,,,,,,,,,,,,,,,,,,,,,,,,
2025-10-05 01:28:51,,,,867488067684034,5304,HBD,,,,,,,,,,,,,,,,,,,,,,,,,,,,,,,,,,,,,,,,,,,,,,,,,,
2025-10-05 01:30:51,,,,867488067684034,5305,HBD,,,,,,,,,,,,,,,,,,,,,,,,,,,,,,,,,,,,,,,,,,,,,,,,,,
2025-10-05 01:32:52,,,,867488067684034,5306,HBD,,,,,,,,,,,,,,,,,,,,,,,,,,,,,,,,,,,,,,,,,,,,,,,,,,
2025-10-05 01:34:52,,,,867488067684034,5307,HBD,,,,,,,,,,,,,,,,,,,,,,,,,,,,,,,,,,,,,,,,,,,,,,,,,,
2025-10-05 01:36:53,,,,867488067684034,5308,HBD,,,,,,,,,,,,,,,,,,,,,,,,,,,,,,,,,,,,,,,,,,,,,,,,,,
2025-10-05 01:38:53,,,,867488067684034,5309,HBD,,,,,,,,,,,,,,,,,,,,,,,,,,,,,,,,,,,,,,,,,,,,,,,,,,
2025-10-05 01:40:54,,,,867488067684034,5310,HBD,,,,,,,,,,,,,,,,,,,,,,,,,,,,,,,,,,,,,,,,,,,,,,,,,,
2025-10-05 01:42:54,,,,867488067684034,5311,HBD,,,,,,,,,,,,,,,,,,,,,,,,,,,,,,,,,,,,,,,,,,,,,,,,,,
2025-10-05 01:44:54,,,,867488067684034,5312,HBD,,,,,,,,,,,,,,,,,,,,,,,,,,,,,,,,,,,,,,,,,,,,,,,,,,
2025-10-05 01:46:55,,,,867488067684034,5313,HBD,,,,,,,,,,,,,,,,,,,,,,,,,,,,,,,,,,,,,,,,,,,,,,,,,,
2025-10-05 01:48:55,,,,867488067684034,5314,HBD,,,,,,,,,,,,,,,,,,,,,,,,,,,,,,,,,,,,,,,,,,,,,,,,,,
2025-10-05 01:50:56,,,,867488067684034,5315,HBD,,,,,,,,,,,,,,,,,,,,,,,,,,,,,,,,,,,,,,,,,,,,,,,,,,
2025-10-05 01:52:56,,,,867488067684034,5316,HBD,,,,,,,,,,,,,,,,,,,,,,,,,,,,,,,,,,,,,,,,,,,,,,,,,,
2025-10-05 01:54:57,,,,867488067684034,5317,HBD,,,,,,,,,,,,,,,,,,,,,,,,,,,,,,,,,,,,,,,,,,,,,,,,,,
2025-10-05 01:56:57,,,,867488067684034,5318,HBD,,,,,,,,,,,,,,,,,,,,,,,,,,,,,,,,,,,,,,,,,,,,,,,,,,
2025-10-05 01:58:58,,,,867488067684034,5319,HBD,,,,,,,,,,,,,,,,,,,,,,,,,,,,,,,,,,,,,,,,,,,,,,,,,,
2025-10-05 02:00:58,,,,867488067684034,5320,HBD,,,,,,,,,,,,,,,,,,,,,,,,,,,,,,,,,,,,,,,,,,,,,,,,,,
2025-10-05 02:02:58,,,,867488067684034,5321,HBD,,,,,,,,,,,,,,,,,,,,,,,,,,,,,,,,,,,,,,,,,,,,,,,,,,
2025-10-05 02:04:59,,,,867488067684034,5322,HBD,,,,,,,,,,,,,,,,,,,,,,,,,,,,,,,,,,,,,,,,,,,,,,,,,,
2025-10-05 02:06:59,,,,867488067684034,5323,HBD,,,,,,,,,,,,,,,,,,,,,,,,,,,,,,,,,,,,,,,,,,,,,,,,,,
2025-10-05 02:09:00,,,,867488067684034,5324,HBD,,,,,,,,,,,,,,,,,,,,,,,,,,,,,,,,,,,,,,,,,,,,,,,,,,
2025-10-05 02:11:00,,,,867488067684034,5325,HBD,,,,,,,,,,,,,,,,,,,,,,,,,,,,,,,,,,,,,,,,,,,,,,,,,,
2025-10-05 02:13:01,,,,867488067684034,5326,HBD,,,,,,,,,,,,,,,,,,,,,,,,,,,,,,,,,,,,,,,,,,,,,,,,,,
2025-10-05 02:15:01,,,,867488067684034,5327,HBD,,,,,,,,,,,,,,,,,,,,,,,,,,,,,,,,,,,,,,,,,,,,,,,,,,
2025-10-05 02:17:02,,,,867488067684034,5328,HBD,,,,,,,,,,,,,,,,,,,,,,,,,,,,,,,,,,,,,,,,,,,,,,,,,,
2025-10-05 02:18:02,,,,867488067684034,5329,HBD,,,,,,,,,,,,,,,,,,,,,,,,,,,,,,,,,,,,,,,,,,,,,,,,,,
2025-10-05 02:20:02,,,,867488067684034,5330,HBD,,,,,,,,,,,,,,,,,,,,,,,,,,,,,,,,,,,,,,,,,,,,,,,,,,
2025-10-05 02:22:03,,,,867488067684034,5331,HBD,,,,,,,,,,,,,,,,,,,,,,,,,,,,,,,,,,,,,,,,,,,,,,,,,,
2025-10-05 02:24:03,,,,867488067684034,5332,HBD,,,,,,,,,,,,,,,,,,,,,,,,,,,,,,,,,,,,,,,,,,,,,,,,,,
2025-10-05 02:25:30,2025-10-05 02:25:30,2025-10-05 02:23:23,2025-10-05 02:23:23,867488067684034,5333,GTERI,0x19fe3fbf,0x00028102,802003,0x8303,0x0115,100,25164,0000,-,00,00,11,6,6,-,01,01,0.0,0.0,166,166,1027,1027,-25.047401,-25.047401,-51.540816,-51.540816,0724,0004,85da,0f6ad116,6.9,194.5,194.5,0:24:37,13:01:25,-,-,0,-,,,,,04,1,00000000,00,10,
2025-10-05 02:26:04,,,,867488067684034,5334,HBD,,,,,,,,,,,,,,,,,,,,,,,,,,,,,,,,,,,,,,,,,,,,,,,,,,
2025-10-05 02:28:04,,,,867488067684034,5335,HBD,,,,,,,,,,,,,,,,,,,,,,,,,,,,,,,,,,,,,,,,,,,,,,,,,,
2025-10-05 02:30:05,,,,867488067684034,5336,HBD,,,,,,,,,,,,,,,,,,,,,,,,,,,,,,,,,,,,,,,,,,,,,,,,,,
2025-10-05 02:32:05,,,,867488067684034,5337,HBD,,,,,,,,,,,,,,,,,,,,,,,,,,,,,,,,,,,,,,,,,,,,,,,,,,
2025-10-05 02:34:06,,,,867488067684034,5338,HBD,,,,,,,,,,,,,,,,,,,,,,,,,,,,,,,,,,,,,,,,,,,,,,,,,,
2025-10-05 02:36:06,,,,867488067684034,5339,HBD,,,,,,,,,,,,,,,,,,,,,,,,,,,,,,,,,,,,,,,,,,,,,,,,,,
2025-10-05 02:38:07,,,,867488067684034,5340,HBD,,,,,,,,,,,,,,,,,,,,,,,,,,,,,,,,,,,,,,,,,,,,,,,,,,
2025-10-05 02:40:07,,,,867488067684034,5341,HBD,,,,,,,,,,,,,,,,,,,,,,,,,,,,,,,,,,,,,,,,,,,,,,,,,,
2025-10-05 02:42:07,,,,867488067684034,5342,HBD,,,,,,,,,,,,,,,,,,,,,,,,,,,,,,,,,,,,,,,,,,,,,,,,,,
2025-10-05 02:44:08,,,,867488067684034,5343,HBD,,,,,,,,,,,,,,,,,,,,,,,,,,,,,,,,,,,,,,,,,,,,,,,,,,
2025-10-05 02:46:08,,,,867488067684034,5344,HBD,,,,,,,,,,,,,,,,,,,,,,,,,,,,,,,,,,,,,,,,,,,,,,,,,,
2025-10-05 02:48:09,,,,867488067684034,5345,HBD,,,,,,,,,,,,,,,,,,,,,,,,,,,,,,,,,,,,,,,,,,,,,,,,,,
2025-10-05 02:50:09,,,,867488067684034,5346,HBD,,,,,,,,,,,,,,,,,,,,,,,,,,,,,,,,,,,,,,,,,,,,,,,,,,
2025-10-05 02:52:10,,,,867488067684034,5347,HBD,,,,,,,,,,,,,,,,,,,,,,,,,,,,,,,,,,,,,,,,,,,,,,,,,,
2025-10-05 02:54:10,,,,867488067684034,5348,HBD,,,,,,,,,,,,,,,,,,,,,,,,,,,,,,,,,,,,,,,,,,,,,,,,,,
2025-10-05 02:56:11,,,,867488067684034,5349,HBD,,,,,,,,,,,,,,,,,,,,,,,,,,,,,,,,,,,,,,,,,,,,,,,,,,
2025-10-05 02:58:11,,,,867488067684034,5350,HBD,,,,,,,,,,,,,,,,,,,,,,,,,,,,,,,,,,,,,,,,,,,,,,,,,,
2025-10-05 03:00:12,,,,867488067684034,5351,HBD,,,,,,,,,,,,,,,,,,,,,,,,,,,,,,,,,,,,,,,,,,,,,,,,,,
2025-10-05 03:02:12,,,,867488067684034,5352,HBD,,,,,,,,,,,,,,,,,,,,,,,,,,,,,,,,,,,,,,,,,,,,,,,,,,
2025-10-05 03:04:13,,,,867488067684034,5353,HBD,,,,,,,,,,,,,,,,,,,,,,,,,,,,,,,,,,,,,,,,,,,,,,,,,,
2025-10-05 03:06:13,,,,867488067684034,5354,HBD,,,,,,,,,,,,,,,,,,,,,,,,,,,,,,,,,,,,,,,,,,,,,,,,,,
2025-10-05 03:08:13,,,,867488067684034,5355,HBD,,,,,,,,,,,,,,,,,,,,,,,,,,,,,,,,,,,,,,,,,,,,,,,,,,
2025-10-05 03:10:14,,,,867488067684034,5356,HBD,,,,,,,,,,,,,,,,,,,,,,,,,,,,,,,,,,,,,,,,,,,,,,,,,,
2025-10-05 03:12:14,,,,867488067684034,5357,HBD,,,,,,,,,,,,,,,,,,,,,,,,,,,,,,,,,,,,,,,,,,,,,,,,,,
2025-10-05 03:14:15,,,,867488067684034,5358,HBD,,,,,,,,,,,,,,,,,,,,,,,,,,,,,,,,,,,,,,,,,,,,,,,,,,
2025-10-05 03:16:15,,,,867488067684034,5359,HBD,,,,,,,,,,,,,,,,,,,,,,,,,,,,,,,,,,,,,,,,,,,,,,,,,,
2025-10-05 03:18:16,,,,867488067684034,5360,HBD,,,,,,,,,,,,,,,,,,,,,,,,,,,,,,,,,,,,,,,,,,,,,,,,,,
2025-10-05 03:20:16,,,,867488067684034,5361,HBD,,,,,,,,,,,,,,,,,,,,,,,,,,,,,,,,,,,,,,,,,,,,,,,,,,
2025-10-05 03:22:17,,,,867488067684034,5362,HBD,,,,,,,,,,,,,,,,,,,,,,,,,,,,,,,,,,,,,,,,,,,,,,,,,,
2025-10-05 03:24:17,,,,867488067684034,5363,HBD,,,,,,,,,,,,,,,,,,,,,,,,,,,,,,,,,,,,,,,,,,,,,,,,,,
2025-10-05 03:25:30,2025-10-05 03:25:30,2025-10-05 03:23:07,2025-10-05 03:23:07,867488067684034,5364,GTERI,0x19fe3fbf,0x00028102,802003,0x8303,0x0115,100,25172,0000,-,00,00,11,6,6,-,01,01,0.0,0.0,166,166,1027,1027,-25.047401,-25.047401,-51.540816,-51.540816,0724,0004,85da,0f6ad116,6.9,194.5,194.5,0:24:37,13:01:25,-,-,0,-,,,,,04,1,00000000,00,10,
2025-10-05 03:26:18,,,,867488067684034,5365,HBD,,,,,,,,,,,,,,,,,,,,,,,,,,,,,,,,,,,,,,,,,,,,,,,,,,
2025-10-05 03:28:18,,,,867488067684034,5366,HBD,,,,,,,,,,,,,,,,,,,,,,,,,,,,,,,,,,,,,,,,,,,,,,,,,,
2025-10-05 03:30:19,,,,867488067684034,5367,HBD,,,,,,,,,,,,,,,,,,,,,,,,,,,,,,,,,,,,,,,,,,,,,,,,,,
2025-10-05 03:32:19,,,,867488067684034,5368,HBD,,,,,,,,,,,,,,,,,,,,,,,,,,,,,,,,,,,,,,,,,,,,,,,,,,
2025-10-05 03:34:19,,,,867488067684034,5369,HBD,,,,,,,,,,,,,,,,,,,,,,,,,,,,,,,,,,,,,,,,,,,,,,,,,,
2025-10-05 03:36:20,,,,867488067684034,5370,HBD,,,,,,,,,,,,,,,,,,,,,,,,,,,,,,,,,,,,,,,,,,,,,,,,,,
2025-10-05 03:38:20,,,,867488067684034,5371,HBD,,,,,,,,,,,,,,,,,,,,,,,,,,,,,,,,,,,,,,,,,,,,,,,,,,
2025-10-05 03:40:21,,,,867488067684034,5372,HBD,,,,,,,,,,,,,,,,,,,,,,,,,,,,,,,,,,,,,,,,,,,,,,,,,,
2025-10-05 03:42:21,,,,867488067684034,5373,HBD,,,,,,,,,,,,,,,,,,,,,,,,,,,,,,,,,,,,,,,,,,,,,,,,,,
2025-10-05 03:44:22,,,,867488067684034,5374,HBD,,,,,,,,,,,,,,,,,,,,,,,,,,,,,,,,,,,,,,,,,,,,,,,,,,
2025-10-05 03:46:22,,,,867488067684034,5375,HBD,,,,,,,,,,,,,,,,,,,,,,,,,,,,,,,,,,,,,,,,,,,,,,,,,,
2025-10-05 03:48:23,,,,867488067684034,5376,HBD,,,,,,,,,,,,,,,,,,,,,,,,,,,,,,,,,,,,,,,,,,,,,,,,,,
2025-10-05 03:50:23,,,,867488067684034,5377,HBD,,,,,,,,,,,,,,,,,,,,,,,,,,,,,,,,,,,,,,,,,,,,,,,,,,
2025-10-05 03:52:24,,,,867488067684034,5378,HBD,,,,,,,,,,,,,,,,,,,,,,,,,,,,,,,,,,,,,,,,,,,,,,,,,,
2025-10-05 03:54:24,,,,867488067684034,5379,HBD,,,,,,,,,,,,,,,,,,,,,,,,,,,,,,,,,,,,,,,,,,,,,,,,,,
2025-10-05 03:56:24,,,,867488067684034,5380,HBD,,,,,,,,,,,,,,,,,,,,,,,,,,,,,,,,,,,,,,,,,,,,,,,,,,
2025-10-05 03:58:25,,,,867488067684034,5381,HBD,,,,,,,,,,,,,,,,,,,,,,,,,,,,,,,,,,,,,,,,,,,,,,,,,,
2025-10-05 04:00:25,,,,867488067684034,5382,HBD,,,,,,,,,,,,,,,,,,,,,,,,,,,,,,,,,,,,,,,,,,,,,,,,,,
2025-10-05 04:02:26,,,,867488067684034,5383,HBD,,,,,,,,,,,,,,,,,,,,,,,,,,,,,,,,,,,,,,,,,,,,,,,,,,
2025-10-05 04:04:26,,,,867488067684034,5384,HBD,,,,,,,,,,,,,,,,,,,,,,,,,,,,,,,,,,,,,,,,,,,,,,,,,,
2025-10-05 04:06:27,,,,867488067684034,5385,HBD,,,,,,,,,,,,,,,,,,,,,,,,,,,,,,,,,,,,,,,,,,,,,,,,,,
2025-10-05 04:08:27,,,,867488067684034,5386,HBD,,,,,,,,,,,,,,,,,,,,,,,,,,,,,,,,,,,,,,,,,,,,,,,,,,
2025-10-05 04:10:28,,,,867488067684034,5387,HBD,,,,,,,,,,,,,,,,,,,,,,,,,,,,,,,,,,,,,,,,,,,,,,,,,,
2025-10-05 04:12:28,,,,867488067684034,5388,HBD,,,,,,,,,,,,,,,,,,,,,,,,,,,,,,,,,,,,,,,,,,,,,,,,,,
2025-10-05 04:14:29,,,,867488067684034,5389,HBD,,,,,,,,,,,,,,,,,,,,,,,,,,,,,,,,,,,,,,,,,,,,,,,,,,
2025-10-05 04:16:29,,,,867488067684034,5390,HBD,,,,,,,,,,,,,,,,,,,,,,,,,,,,,,,,,,,,,,,,,,,,,,,,,,
2025-10-05 04:18:29,,,,867488067684034,5391,HBD,,,,,,,,,,,,,,,,,,,,,,,,,,,,,,,,,,,,,,,,,,,,,,,,,,
2025-10-05 04:20:30,,,,867488067684034,5392,HBD,,,,,,,,,,,,,,,,,,,,,,,,,,,,,,,,,,,,,,,,,,,,,,,,,,
2025-10-05 04:22:30,,,,867488067684034,5393,HBD,,,,,,,,,,,,,,,,,,,,,,,,,,,,,,,,,,,,,,,,,,,,,,,,,,
2025-10-05 04:24:31,,,,867488067684034,5394,HBD,,,,,,,,,,,,,,,,,,,,,,,,,,,,,,,,,,,,,,,,,,,,,,,,,,
2025-10-05 04:25:30,2025-10-05 04:25:30,2025-10-05 04:23:23,2025-10-05 04:23:23,867488067684034,5395,GTERI,0x19fe3fbf,0x00028102,802003,0x8303,0x0115,100,25162,0000,-,00,00,11,5,5,-,01,01,0.0,0.0,166,166,1027,1027,-25.047401,-25.047401,-51.540816,-51.540816,0724,0004,85da,0f6ad116,6.9,194.5,194.5,0:24:37,13:01:25,-,-,0,-,,,,,04,1,00000000,00,10,
2025-10-05 04:26:31,,,,867488067684034,5396,HBD,,,,,,,,,,,,,,,,,,,,,,,,,,,,,,,,,,,,,,,,,,,,,,,,,,
2025-10-05 04:28:32,,,,867488067684034,5397,HBD,,,,,,,,,,,,,,,,,,,,,,,,,,,,,,,,,,,,,,,,,,,,,,,,,,
2025-10-05 04:30:32,,,,867488067684034,5398,HBD,,,,,,,,,,,,,,,,,,,,,,,,,,,,,,,,,,,,,,,,,,,,,,,,,,
2025-10-05 04:32:33,,,,867488067684034,5399,HBD,,,,,,,,,,,,,,,,,,,,,,,,,,,,,,,,,,,,,,,,,,,,,,,,,,
2025-10-05 04:34:33,,,,867488067684034,5400,HBD,,,,,,,,,,,,,,,,,,,,,,,,,,,,,,,,,,,,,,,,,,,,,,,,,,
2025-10-05 04:36:34,,,,867488067684034,5401,HBD,,,,,,,,,,,,,,,,,,,,,,,,,,,,,,,,,,,,,,,,,,,,,,,,,,
2025-10-05 04:38:34,,,,867488067684034,5402,HBD,,,,,,,,,,,,,,,,,,,,,,,,,,,,,,,,,,,,,,,,,,,,,,,,,,
2025-10-05 04:40:34,,,,867488067684034,5403,HBD,,,,,,,,,,,,,,,,,,,,,,,,,,,,,,,,,,,,,,,,,,,,,,,,,,
2025-10-05 04:42:35,,,,867488067684034,5404,HBD,,,,,,,,,,,,,,,,,,,,,,,,,,,,,,,,,,,,,,,,,,,,,,,,,,
2025-10-05 04:44:35,,,,867488067684034,5405,HBD,,,,,,,,,,,,,,,,,,,,,,,,,,,,,,,,,,,,,,,,,,,,,,,,,,
2025-10-05 04:46:36,,,,867488067684034,5406,HBD,,,,,,,,,,,,,,,,,,,,,,,,,,,,,,,,,,,,,,,,,,,,,,,,,,
2025-10-05 04:48:36,,,,867488067684034,5407,HBD,,,,,,,,,,,,,,,,,,,,,,,,,,,,,,,,,,,,,,,,,,,,,,,,,,
2025-10-05 04:50:37,,,,867488067684034,5408,HBD,,,,,,,,,,,,,,,,,,,,,,,,,,,,,,,,,,,,,,,,,,,,,,,,,,
2025-10-05 04:52:37,,,,867488067684034,5409,HBD,,,,,,,,,,,,,,,,,,,,,,,,,,,,,,,,,,,,,,,,,,,,,,,,,,
2025-10-05 04:54:38,,,,867488067684034,5410,HBD,,,,,,,,,,,,,,,,,,,,,,,,,,,,,,,,,,,,,,,,,,,,,,,,,,
2025-10-05 04:56:38,,,,867488067684034,5411,HBD,,,,,,,,,,,,,,,,,,,,,,,,,,,,,,,,,,,,,,,,,,,,,,,,,,
2025-10-05 04:58:39,,,,867488067684034,5412,HBD,,,,,,,,,,,,,,,,,,,,,,,,,,,,,,,,,,,,,,,,,,,,,,,,,,
2025-10-05 05:00:39,,,,867488067684034,5413,HBD,,,,,,,,,,,,,,,,,,,,,,,,,,,,,,,,,,,,,,,,,,,,,,,,,,
2025-10-05 05:02:39,,,,867488067684034,5414,HBD,,,,,,,,,,,,,,,,,,,,,,,,,,,,,,,,,,,,,,,,,,,,,,,,,,
2025-10-05 05:04:40,,,,867488067684034,5415,HBD,,,,,,,,,,,,,,,,,,,,,,,,,,,,,,,,,,,,,,,,,,,,,,,,,,
2025-10-05 05:06:40,,,,867488067684034,5416,HBD,,,,,,,,,,,,,,,,,,,,,,,,,,,,,,,,,,,,,,,,,,,,,,,,,,
2025-10-05 05:08:41,,,,867488067684034,5417,HBD,,,,,,,,,,,,,,,,,,,,,,,,,,,,,,,,,,,,,,,,,,,,,,,,,,
2025-10-05 05:10:41,,,,867488067684034,5418,HBD,,,,,,,,,,,,,,,,,,,,,,,,,,,,,,,,,,,,,,,,,,,,,,,,,,
2025-10-05 05:12:42,,,,867488067684034,5419,HBD,,,,,,,,,,,,,,,,,,,,,,,,,,,,,,,,,,,,,,,,,,,,,,,,,,
2025-10-05 05:14:42,,,,867488067684034,5420,HBD,,,,,,,,,,,,,,,,,,,,,,,,,,,,,,,,,,,,,,,,,,,,,,,,,,
2025-10-05 05:16:43,,,,867488067684034,5421,HBD,,,,,,,,,,,,,,,,,,,,,,,,,,,,,,,,,,,,,,,,,,,,,,,,,,
2025-10-05 05:18:43,,,,867488067684034,5422,HBD,,,,,,,,,,,,,,,,,,,,,,,,,,,,,,,,,,,,,,,,,,,,,,,,,,
2025-10-05 05:20:44,,,,867488067684034,5423,HBD,,,,,,,,,,,,,,,,,,,,,,,,,,,,,,,,,,,,,,,,,,,,,,,,,,
2025-10-05 05:22:44,,,,867488067684034,5424,HBD,,,,,,,,,,,,,,,,,,,,,,,,,,,,,,,,,,,,,,,,,,,,,,,,,,
2025-10-05 05:24:44,,,,867488067684034,5425,HBD,,,,,,,,,,,,,,,,,,,,,,,,,,,,,,,,,,,,,,,,,,,,,,,,,,
2025-10-05 05:25:30,2025-10-05 05:25:30,2025-10-05 05:23:31,2025-10-05 05:23:31,867488067684034,5426,GTERI,0x19fe3fbf,0x00028102,802003,0x8303,0x0115,100,25152,0000,-,00,00,11,12,12,-,01,01,0.0,0.0,166,166,1027,1027,-25.047401,-25.047401,-51.540816,-51.540816,0724,0004,85da,0f6ad116,6.9,194.5,194.5,0:24:37,13:01:25,-,-,0,-,,,,,04,1,00000000,00,10,
2025-10-05 05:26:45,,,,867488067684034,5427,HBD,,,,,,,,,,,,,,,,,,,,,,,,,,,,,,,,,,,,,,,,,,,,,,,,,,
2025-10-05 05:28:45,,,,867488067684034,5428,HBD,,,,,,,,,,,,,,,,,,,,,,,,,,,,,,,,,,,,,,,,,,,,,,,,,,
2025-10-05 05:30:46,,,,867488067684034,5429,HBD,,,,,,,,,,,,,,,,,,,,,,,,,,,,,,,,,,,,,,,,,,,,,,,,,,
2025-10-05 05:32:46,,,,867488067684034,5430,HBD,,,,,,,,,,,,,,,,,,,,,,,,,,,,,,,,,,,,,,,,,,,,,,,,,,
2025-10-05 05:34:47,,,,867488067684034,5431,HBD,,,,,,,,,,,,,,,,,,,,,,,,,,,,,,,,,,,,,,,,,,,,,,,,,,
2025-10-05 05:36:47,,,,867488067684034,5432,HBD,,,,,,,,,,,,,,,,,,,,,,,,,,,,,,,,,,,,,,,,,,,,,,,,,,
2025-10-05 05:38:48,,,,867488067684034,5433,HBD,,,,,,,,,,,,,,,,,,,,,,,,,,,,,,,,,,,,,,,,,,,,,,,,,,
2025-10-05 05:40:48,,,,867488067684034,5434,HBD,,,,,,,,,,,,,,,,,,,,,,,,,,,,,,,,,,,,,,,,,,,,,,,,,,
2025-10-05 05:42:48,,,,867488067684034,5435,HBD,,,,,,,,,,,,,,,,,,,,,,,,,,,,,,,,,,,,,,,,,,,,,,,,,,
2025-10-05 05:44:49,,,,867488067684034,5436,HBD,,,,,,,,,,,,,,,,,,,,,,,,,,,,,,,,,,,,,,,,,,,,,,,,,,
2025-10-05 05:46:49,,,,867488067684034,5437,HBD,,,,,,,,,,,,,,,,,,,,,,,,,,,,,,,,,,,,,,,,,,,,,,,,,,
2025-10-05 05:48:50,,,,867488067684034,5438,HBD,,,,,,,,,,,,,,,,,,,,,,,,,,,,,,,,,,,,,,,,,,,,,,,,,,
2025-10-05 05:50:50,,,,867488067684034,5439,HBD,,,,,,,,,,,,,,,,,,,,,,,,,,,,,,,,,,,,,,,,,,,,,,,,,,
2025-10-05 05:52:51,,,,867488067684034,5440,HBD,,,,,,,,,,,,,,,,,,,,,,,,,,,,,,,,,,,,,,,,,,,,,,,,,,
2025-10-05 05:54:51,,,,867488067684034,5441,HBD,,,,,,,,,,,,,,,,,,,,,,,,,,,,,,,,,,,,,,,,,,,,,,,,,,
2025-10-05 05:56:52,,,,867488067684034,5442,HBD,,,,,,,,,,,,,,,,,,,,,,,,,,,,,,,,,,,,,,,,,,,,,,,,,,
2025-10-05 05:58:52,,,,867488067684034,5443,HBD,,,,,,,,,,,,,,,,,,,,,,,,,,,,,,,,,,,,,,,,,,,,,,,,,,
2025-10-05 06:00:53,,,,867488067684034,5444,HBD,,,,,,,,,,,,,,,,,,,,,,,,,,,,,,,,,,,,,,,,,,,,,,,,,,
2025-10-05 06:02:53,,,,867488067684034,5445,HBD,,,,,,,,,,,,,,,,,,,,,,,,,,,,,,,,,,,,,,,,,,,,,,,,,,
2025-10-05 06:04:54,,,,867488067684034,5446,HBD,,,,,,,,,,,,,,,,,,,,,,,,,,,,,,,,,,,,,,,,,,,,,,,,,,
2025-10-05 06:06:54,,,,867488067684034,5447,HBD,,,,,,,,,,,,,,,,,,,,,,,,,,,,,,,,,,,,,,,,,,,,,,,,,,
2025-10-05 06:08:54,,,,867488067684034,5448,HBD,,,,,,,,,,,,,,,,,,,,,,,,,,,,,,,,,,,,,,,,,,,,,,,,,,
2025-10-05 06:10:55,,,,867488067684034,5449,HBD,,,,,,,,,,,,,,,,,,,,,,,,,,,,,,,,,,,,,,,,,,,,,,,,,,
2025-10-05 06:12:55,,,,867488067684034,5450,HBD,,,,,,,,,,,,,,,,,,,,,,,,,,,,,,,,,,,,,,,,,,,,,,,,,,
2025-10-05 06:14:56,,,,867488067684034,5451,HBD,,,,,,,,,,,,,,,,,,,,,,,,,,,,,,,,,,,,,,,,,,,,,,,,,,
2025-10-05 06:16:56,,,,867488067684034,5452,HBD,,,,,,,,,,,,,,,,,,,,,,,,,,,,,,,,,,,,,,,,,,,,,,,,,,
2025-10-05 06:18:57,,,,867488067684034,5453,HBD,,,,,,,,,,,,,,,,,,,,,,,,,,,,,,,,,,,,,,,,,,,,,,,,,,
2025-10-05 06:20:57,,,,867488067684034,5454,HBD,,,,,,,,,,,,,,,,,,,,,,,,,,,,,,,,,,,,,,,,,,,,,,,,,,
2025-10-05 06:22:58,,,,867488067684034,5455,HBD,,,,,,,,,,,,,,,,,,,,,,,,,,,,,,,,,,,,,,,,,,,,,,,,,,
2025-10-05 06:24:58,,,,867488067684034,5456,HBD,,,,,,,,,,,,,,,,,,,,,,,,,,,,,,,,,,,,,,,,,,,,,,,,,,
2025-10-05 06:25:30,2025-10-05 06:25:30,2025-10-05 06:23:06,2025-10-05 06:23:06,867488067684034,5457,GTERI,0x19fe3fbf,0x00028102,802003,0x8303,0x0115,100,25143,0000,-,00,00,11,9,9,-,01,01,0.0,0.0,166,166,1027,1027,-25.047401,-25.047401,-51.540816,-51.540816,0724,0004,85da,0f6ad116,6.9,194.5,194.5,0:24:37,13:01:25,-,-,0,-,,,,,04,1,00000000,00,10,
2025-10-05 06:26:58,,,,867488067684034,5458,HBD,,,,,,,,,,,,,,,,,,,,,,,,,,,,,,,,,,,,,,,,,,,,,,,,,,
2025-10-05 06:28:59,,,,867488067684034,5459,HBD,,,,,,,,,,,,,,,,,,,,,,,,,,,,,,,,,,,,,,,,,,,,,,,,,,
2025-10-05 06:30:59,,,,867488067684034,5460,HBD,,,,,,,,,,,,,,,,,,,,,,,,,,,,,,,,,,,,,,,,,,,,,,,,,,
2025-10-05 06:33:00,,,,867488067684034,5461,HBD,,,,,,,,,,,,,,,,,,,,,,,,,,,,,,,,,,,,,,,,,,,,,,,,,,
2025-10-05 06:35:00,,,,867488067684034,5462,HBD,,,,,,,,,,,,,,,,,,,,,,,,,,,,,,,,,,,,,,,,,,,,,,,,,,
2025-10-05 06:37:01,,,,867488067684034,5463,HBD,,,,,,,,,,,,,,,,,,,,,,,,,,,,,,,,,,,,,,,,,,,,,,,,,,
2025-10-05 06:39:01,,,,867488067684034,5464,HBD,,,,,,,,,,,,,,,,,,,,,,,,,,,,,,,,,,,,,,,,,,,,,,,,,,
2025-10-05 06:41:02,,,,867488067684034,5465,HBD,,,,,,,,,,,,,,,,,,,,,,,,,,,,,,,,,,,,,,,,,,,,,,,,,,
2025-10-05 06:42:02,,,,867488067684034,5466,HBD,,,,,,,,,,,,,,,,,,,,,,,,,,,,,,,,,,,,,,,,,,,,,,,,,,
2025-10-05 06:44:02,,,,867488067684034,5467,HBD,,,,,,,,,,,,,,,,,,,,,,,,,,,,,,,,,,,,,,,,,,,,,,,,,,
2025-10-05 06:46:03,,,,867488067684034,5468,HBD,,,,,,,,,,,,,,,,,,,,,,,,,,,,,,,,,,,,,,,,,,,,,,,,,,
2025-10-05 06:48:03,,,,867488067684034,5469,HBD,,,,,,,,,,,,,,,,,,,,,,,,,,,,,,,,,,,,,,,,,,,,,,,,,,
2025-10-05 06:50:04,,,,867488067684034,5470,HBD,,,,,,,,,,,,,,,,,,,,,,,,,,,,,,,,,,,,,,,,,,,,,,,,,,
2025-10-05 06:52:04,,,,867488067684034,5471,HBD,,,,,,,,,,,,,,,,,,,,,,,,,,,,,,,,,,,,,,,,,,,,,,,,,,
2025-10-05 06:54:05,,,,867488067684034,5472,HBD,,,,,,,,,,,,,,,,,,,,,,,,,,,,,,,,,,,,,,,,,,,,,,,,,,
2025-10-05 06:56:05,,,,867488067684034,5473,HBD,,,,,,,,,,,,,,,,,,,,,,,,,,,,,,,,,,,,,,,,,,,,,,,,,,
2025-10-05 06:58:06,,,,867488067684034,5474,HBD,,,,,,,,,,,,,,,,,,,,,,,,,,,,,,,,,,,,,,,,,,,,,,,,,,
2025-10-05 07:00:06,,,,867488067684034,5475,HBD,,,,,,,,,,,,,,,,,,,,,,,,,,,,,,,,,,,,,,,,,,,,,,,,,,
2025-10-05 07:02:07,,,,867488067684034,5476,HBD,,,,,,,,,,,,,,,,,,,,,,,,,,,,,,,,,,,,,,,,,,,,,,,,,,
2025-10-05 07:04:07,,,,867488067684034,5477,HBD,,,,,,,,,,,,,,,,,,,,,,,,,,,,,,,,,,,,,,,,,,,,,,,,,,
2025-10-05 07:06:07,,,,867488067684034,5478,HBD,,,,,,,,,,,,,,,,,,,,,,,,,,,,,,,,,,,,,,,,,,,,,,,,,,
2025-10-05 07:08:08,,,,867488067684034,5479,HBD,,,,,,,,,,,,,,,,,,,,,,,,,,,,,,,,,,,,,,,,,,,,,,,,,,
2025-10-05 07:10:08,,,,867488067684034,5480,HBD,,,,,,,,,,,,,,,,,,,,,,,,,,,,,,,,,,,,,,,,,,,,,,,,,,
2025-10-05 07:12:09,,,,867488067684034,5481,HBD,,,,,,,,,,,,,,,,,,,,,,,,,,,,,,,,,,,,,,,,,,,,,,,,,,
2025-10-05 07:14:09,,,,867488067684034,5482,HBD,,,,,,,,,,,,,,,,,,,,,,,,,,,,,,,,,,,,,,,,,,,,,,,,,,
2025-10-05 07:16:10,,,,867488067684034,5483,HBD,,,,,,,,,,,,,,,,,,,,,,,,,,,,,,,,,,,,,,,,,,,,,,,,,,
2025-10-05 07:18:10,,,,867488067684034,5484,HBD,,,,,,,,,,,,,,,,,,,,,,,,,,,,,,,,,,,,,,,,,,,,,,,,,,
2025-10-05 07:20:11,,,,867488067684034,5485,HBD,,,,,,,,,,,,,,,,,,,,,,,,,,,,,,,,,,,,,,,,,,,,,,,,,,
2025-10-05 07:22:11,,,,867488067684034,5486,HBD,,,,,,,,,,,,,,,,,,,,,,,,,,,,,,,,,,,,,,,,,,,,,,,,,,
2025-10-05 07:24:11,,,,867488067684034,5487,HBD,,,,,,,,,,,,,,,,,,,,,,,,,,,,,,,,,,,,,,,,,,,,,,,,,,
2025-10-05 07:25:30,2025-10-05 07:25:30,2025-10-05 07:23:04,2025-10-05 07:23:04,867488067684034,5488,GTERI,0x19fe3fbf,0x00028102,802003,0x8303,0x0115,100,25080,0000,-,00,00,11,7,7,-,01,01,0.0,0.0,166,166,1027,1027,-25.047401,-25.047401,-51.540816,-51.540816,0724,0004,85da,0f6ad116,6.9,194.5,194.5,0:24:37,13:01:25,-,-,0,-,,,,,04,1,00000000,00,10,
2025-10-05 07:26:12,,,,867488067684034,5489,HBD,,,,,,,,,,,,,,,,,,,,,,,,,,,,,,,,,,,,,,,,,,,,,,,,,,
2025-10-05 07:28:12,,,,867488067684034,5490,HBD,,,,,,,,,,,,,,,,,,,,,,,,,,,,,,,,,,,,,,,,,,,,,,,,,,
2025-10-05 07:30:13,,,,867488067684034,5491,HBD,,,,,,,,,,,,,,,,,,,,,,,,,,,,,,,,,,,,,,,,,,,,,,,,,,
2025-10-05 07:32:13,,,,867488067684034,5492,HBD,,,,,,,,,,,,,,,,,,,,,,,,,,,,,,,,,,,,,,,,,,,,,,,,,,
2025-10-05 07:34:14,,,,867488067684034,5493,HBD,,,,,,,,,,,,,,,,,,,,,,,,,,,,,,,,,,,,,,,,,,,,,,,,,,
2025-10-05 07:36:14,,,,867488067684034,5494,HBD,,,,,,,,,,,,,,,,,,,,,,,,,,,,,,,,,,,,,,,,,,,,,,,,,,
2025-10-05 07:38:15,,,,867488067684034,5495,HBD,,,,,,,,,,,,,,,,,,,,,,,,,,,,,,,,,,,,,,,,,,,,,,,,,,
2025-10-05 07:40:15,,,,867488067684034,5496,HBD,,,,,,,,,,,,,,,,,,,,,,,,,,,,,,,,,,,,,,,,,,,,,,,,,,
2025-10-05 07:42:16,,,,867488067684034,5497,HBD,,,,,,,,,,,,,,,,,,,,,,,,,,,,,,,,,,,,,,,,,,,,,,,,,,
2025-10-05 07:44:16,,,,867488067684034,5498,HBD,,,,,,,,,,,,,,,,,,,,,,,,,,,,,,,,,,,,,,,,,,,,,,,,,,
2025-10-05 07:46:16,,,,867488067684034,5499,HBD,,,,,,,,,,,,,,,,,,,,,,,,,,,,,,,,,,,,,,,,,,,,,,,,,,
2025-10-05 07:48:17,,,,867488067684034,5500,HBD,,,,,,,,,,,,,,,,,,,,,,,,,,,,,,,,,,,,,,,,,,,,,,,,,,
2025-10-05 07:50:17,,,,867488067684034,5501,HBD,,,,,,,,,,,,,,,,,,,,,,,,,,,,,,,,,,,,,,,,,,,,,,,,,,
2025-10-05 07:52:18,,,,867488067684034,5502,HBD,,,,,,,,,,,,,,,,,,,,,,,,,,,,,,,,,,,,,,,,,,,,,,,,,,
2025-10-05 07:54:18,,,,867488067684034,5503,HBD,,,,,,,,,,,,,,,,,,,,,,,,,,,,,,,,,,,,,,,,,,,,,,,,,,
2025-10-05 07:56:19,,,,867488067684034,5504,HBD,,,,,,,,,,,,,,,,,,,,,,,,,,,,,,,,,,,,,,,,,,,,,,,,,,
2025-10-05 07:58:19,,,,867488067684034,5505,HBD,,,,,,,,,,,,,,,,,,,,,,,,,,,,,,,,,,,,,,,,,,,,,,,,,,
2025-10-05 08:00:20,,,,867488067684034,5506,HBD,,,,,,,,,,,,,,,,,,,,,,,,,,,,,,,,,,,,,,,,,,,,,,,,,,
2025-10-05 08:02:20,,,,867488067684034,5507,HBD,,,,,,,,,,,,,,,,,,,,,,,,,,,,,,,,,,,,,,,,,,,,,,,,,,
2025-10-05 08:04:20,,,,867488067684034,5508,HBD,,,,,,,,,,,,,,,,,,,,,,,,,,,,,,,,,,,,,,,,,,,,,,,,,,
2025-10-05 08:06:21,,,,867488067684034,5509,HBD,,,,,,,,,,,,,,,,,,,,,,,,,,,,,,,,,,,,,,,,,,,,,,,,,,
2025-10-05 08:08:21,,,,867488067684034,5510,HBD,,,,,,,,,,,,,,,,,,,,,,,,,,,,,,,,,,,,,,,,,,,,,,,,,,
2025-10-05 08:10:22,,,,867488067684034,5511,HBD,,,,,,,,,,,,,,,,,,,,,,,,,,,,,,,,,,,,,,,,,,,,,,,,,,
2025-10-05 08:12:22,,,,867488067684034,5512,HBD,,,,,,,,,,,,,,,,,,,,,,,,,,,,,,,,,,,,,,,,,,,,,,,,,,
2025-10-05 08:14:23,,,,867488067684034,5513,HBD,,,,,,,,,,,,,,,,,,,,,,,,,,,,,,,,,,,,,,,,,,,,,,,,,,
2025-10-05 08:16:23,,,,867488067684034,5514,HBD,,,,,,,,,,,,,,,,,,,,,,,,,,,,,,,,,,,,,,,,,,,,,,,,,,
2025-10-05 08:18:24,,,,867488067684034,5515,HBD,,,,,,,,,,,,,,,,,,,,,,,,,,,,,,,,,,,,,,,,,,,,,,,,,,
2025-10-05 08:20:24,,,,867488067684034,5516,HBD,,,,,,,,,,,,,,,,,,,,,,,,,,,,,,,,,,,,,,,,,,,,,,,,,,
2025-10-05 08:22:25,,,,867488067684034,5517,HBD,,,,,,,,,,,,,,,,,,,,,,,,,,,,,,,,,,,,,,,,,,,,,,,,,,
2025-10-05 08:24:25,,,,867488067684034,5518,HBD,,,,,,,,,,,,,,,,,,,,,,,,,,,,,,,,,,,,,,,,,,,,,,,,,,
2025-10-05 08:25:30,2025-10-05 08:25:30,2025-10-05 08:23:23,2025-10-05 08:23:23,867488067684034,5519,GTERI,0x19fe3fbf,0x00028102,802003,0x8303,0x0115,100,25079,0000,-,00,00,11,5,5,-,01,01,0.0,0.0,166,166,1027,1027,-25.047401,-25.047401,-51.540816,-51.540816,0724,0004,85da,0f6ad116,6.9,194.5,194.5,0:24:37,13:01:25,-,-,0,-,,,,,04,1,00000000,00,10,
2025-10-05 08:26:26,,,,867488067684034,5520,HBD,,,,,,,,,,,,,,,,,,,,,,,,,,,,,,,,,,,,,,,,,,,,,,,,,,
2025-10-05 08:28:26,,,,867488067684034,5521,HBD,,,,,,,,,,,,,,,,,,,,,,,,,,,,,,,,,,,,,,,,,,,,,,,,,,
2025-10-05 08:30:27,,,,867488067684034,5522,HBD,,,,,,,,,,,,,,,,,,,,,,,,,,,,,,,,,,,,,,,,,,,,,,,,,,
2025-10-05 08:32:27,,,,867488067684034,5523,HBD,,,,,,,,,,,,,,,,,,,,,,,,,,,,,,,,,,,,,,,,,,,,,,,,,,
2025-10-05 08:34:28,,,,867488067684034,5524,HBD,,,,,,,,,,,,,,,,,,,,,,,,,,,,,,,,,,,,,,,,,,,,,,,,,,
2025-10-05 08:36:28,,,,867488067684034,5525,HBD,,,,,,,,,,,,,,,,,,,,,,,,,,,,,,,,,,,,,,,,,,,,,,,,,,
2025-10-05 08:38:28,,,,867488067684034,5526,HBD,,,,,,,,,,,,,,,,,,,,,,,,,,,,,,,,,,,,,,,,,,,,,,,,,,
2025-10-05 08:40:29,,,,867488067684034,5527,HBD,,,,,,,,,,,,,,,,,,,,,,,,,,,,,,,,,,,,,,,,,,,,,,,,,,
2025-10-05 08:42:29,,,,867488067684034,5528,HBD,,,,,,,,,,,,,,,,,,,,,,,,,,,,,,,,,,,,,,,,,,,,,,,,,,
2025-10-05 08:44:30,,,,867488067684034,5529,HBD,,,,,,,,,,,,,,,,,,,,,,,,,,,,,,,,,,,,,,,,,,,,,,,,,,
2025-10-05 08:46:30,,,,867488067684034,5530,HBD,,,,,,,,,,,,,,,,,,,,,,,,,,,,,,,,,,,,,,,,,,,,,,,,,,
2025-10-05 08:48:31,,,,867488067684034,5531,HBD,,,,,,,,,,,,,,,,,,,,,,,,,,,,,,,,,,,,,,,,,,,,,,,,,,
2025-10-05 08:50:31,,,,867488067684034,5532,HBD,,,,,,,,,,,,,,,,,,,,,,,,,,,,,,,,,,,,,,,,,,,,,,,,,,
2025-10-05 08:52:32,,,,867488067684034,5533,HBD,,,,,,,,,,,,,,,,,,,,,,,,,,,,,,,,,,,,,,,,,,,,,,,,,,
2025-10-05 08:54:32,,,,867488067684034,5534,HBD,,,,,,,,,,,,,,,,,,,,,,,,,,,,,,,,,,,,,,,,,,,,,,,,,,
2025-10-05 08:56:33,,,,867488067684034,5535,HBD,,,,,,,,,,,,,,,,,,,,,,,,,,,,,,,,,,,,,,,,,,,,,,,,,,
2025-10-05 08:58:33,,,,867488067684034,5536,HBD,,,,,,,,,,,,,,,,,,,,,,,,,,,,,,,,,,,,,,,,,,,,,,,,,,
2025-10-05 09:00:34,,,,867488067684034,5537,HBD,,,,,,,,,,,,,,,,,,,,,,,,,,,,,,,,,,,,,,,,,,,,,,,,,,
2025-10-05 09:02:34,,,,867488067684034,5538,HBD,,,,,,,,,,,,,,,,,,,,,,,,,,,,,,,,,,,,,,,,,,,,,,,,,,
2025-10-05 09:04:34,,,,867488067684034,5539,HBD,,,,,,,,,,,,,,,,,,,,,,,,,,,,,,,,,,,,,,,,,,,,,,,,,,
2025-10-05 09:06:35,,,,867488067684034,5540,HBD,,,,,,,,,,,,,,,,,,,,,,,,,,,,,,,,,,,,,,,,,,,,,,,,,,
2025-10-05 09:08:35,,,,867488067684034,5541,HBD,,,,,,,,,,,,,,,,,,,,,,,,,,,,,,,,,,,,,,,,,,,,,,,,,,
2025-10-05 09:10:36,,,,867488067684034,5542,HBD,,,,,,,,,,,,,,,,,,,,,,,,,,,,,,,,,,,,,,,,,,,,,,,,,,
2025-10-05 09:12:36,,,,867488067684034,5543,HBD,,,,,,,,,,,,,,,,,,,,,,,,,,,,,,,,,,,,,,,,,,,,,,,,,,
2025-10-05 09:14:37,,,,867488067684034,5544,HBD,,,,,,,,,,,,,,,,,,,,,,,,,,,,,,,,,,,,,,,,,,,,,,,,,,
2025-10-05 09:16:37,,,,867488067684034,5545,HBD,,,,,,,,,,,,,,,,,,,,,,,,,,,,,,,,,,,,,,,,,,,,,,,,,,
2025-10-05 09:18:38,,,,867488067684034,5546,HBD,,,,,,,,,,,,,,,,,,,,,,,,,,,,,,,,,,,,,,,,,,,,,,,,,,
2025-10-05 09:20:38,,,,867488067684034,5547,HBD,,,,,,,,,,,,,,,,,,,,,,,,,,,,,,,,,,,,,,,,,,,,,,,,,,
2025-10-05 09:22:39,,,,867488067684034,5548,HBD,,,,,,,,,,,,,,,,,,,,,,,,,,,,,,,,,,,,,,,,,,,,,,,,,,
2025-10-05 09:24:39,,,,867488067684034,5549,HBD,,,,,,,,,,,,,,,,,,,,,,,,,,,,,,,,,,,,,,,,,,,,,,,,,,
2025-10-05 09:25:30,2025-10-05 09:25:30,2025-10-05 09:23:36,2025-10-05 09:23:36,867488067684034,5550,GTERI,0x19fe3fbf,0x00028102,802003,0x8303,0x0115,100,25152,0000,-,00,00,11,12,12,-,01,01,0.0,0.0,166,166,1027,1027,-25.047401,-25.047401,-51.540816,-51.540816,0724,0004,85da,0f6ad116,6.9,194.5,194.5,0:24:37,13:01:25,-,-,0,-,,,,,04,1,00000000,00,10,
2025-10-05 09:26:40,,,,867488067684034,5551,HBD,,,,,,,,,,,,,,,,,,,,,,,,,,,,,,,,,,,,,,,,,,,,,,,,,,
2025-10-05 09:28:40,,,,867488067684034,5552,HBD,,,,,,,,,,,,,,,,,,,,,,,,,,,,,,,,,,,,,,,,,,,,,,,,,,
2025-10-05 09:30:41,,,,867488067684034,5553,HBD,,,,,,,,,,,,,,,,,,,,,,,,,,,,,,,,,,,,,,,,,,,,,,,,,,
2025-10-05 09:32:41,,,,867488067684034,5554,HBD,,,,,,,,,,,,,,,,,,,,,,,,,,,,,,,,,,,,,,,,,,,,,,,,,,
2025-10-05 09:34:41,,,,867488067684034,5555,HBD,,,,,,,,,,,,,,,,,,,,,,,,,,,,,,,,,,,,,,,,,,,,,,,,,,
2025-10-05 09:36:42,,,,867488067684034,5556,HBD,,,,,,,,,,,,,,,,,,,,,,,,,,,,,,,,,,,,,,,,,,,,,,,,,,
2025-10-05 09:38:42,,,,867488067684034,5557,HBD,,,,,,,,,,,,,,,,,,,,,,,,,,,,,,,,,,,,,,,,,,,,,,,,,,
2025-10-05 09:40:43,,,,867488067684034,5558,HBD,,,,,,,,,,,,,,,,,,,,,,,,,,,,,,,,,,,,,,,,,,,,,,,,,,
2025-10-05 09:42:43,,,,867488067684034,5559,HBD,,,,,,,,,,,,,,,,,,,,,,,,,,,,,,,,,,,,,,,,,,,,,,,,,,
2025-10-05 09:44:44,,,,867488067684034,5560,HBD,,,,,,,,,,,,,,,,,,,,,,,,,,,,,,,,,,,,,,,,,,,,,,,,,,
2025-10-05 09:46:44,,,,867488067684034,5561,HBD,,,,,,,,,,,,,,,,,,,,,,,,,,,,,,,,,,,,,,,,,,,,,,,,,,
2025-10-05 09:48:45,,,,867488067684034,5562,HBD,,,,,,,,,,,,,,,,,,,,,,,,,,,,,,,,,,,,,,,,,,,,,,,,,,
2025-10-05 09:50:45,,,,867488067684034,5563,HBD,,,,,,,,,,,,,,,,,,,,,,,,,,,,,,,,,,,,,,,,,,,,,,,,,,
2025-10-05 09:52:46,,,,867488067684034,5564,HBD,,,,,,,,,,,,,,,,,,,,,,,,,,,,,,,,,,,,,,,,,,,,,,,,,,
2025-10-05 09:54:46,,,,867488067684034,5565,HBD,,,,,,,,,,,,,,,,,,,,,,,,,,,,,,,,,,,,,,,,,,,,,,,,,,
2025-10-05 09:56:47,,,,867488067684034,5566,HBD,,,,,,,,,,,,,,,,,,,,,,,,,,,,,,,,,,,,,,,,,,,,,,,,,,
2025-10-05 09:58:47,,,,867488067684034,5567,HBD,,,,,,,,,,,,,,,,,,,,,,,,,,,,,,,,,,,,,,,,,,,,,,,,,,
2025-10-05 10:00:48,,,,867488067684034,5568,HBD,,,,,,,,,,,,,,,,,,,,,,,,,,,,,,,,,,,,,,,,,,,,,,,,,,
2025-10-05 10:02:48,,,,867488067684034,5569,HBD,,,,,,,,,,,,,,,,,,,,,,,,,,,,,,,,,,,,,,,,,,,,,,,,,,
2025-10-05 10:04:48,,,,867488067684034,5570,HBD,,,,,,,,,,,,,,,,,,,,,,,,,,,,,,,,,,,,,,,,,,,,,,,,,,
2025-10-05 10:06:49,,,,867488067684034,5571,HBD,,,,,,,,,,,,,,,,,,,,,,,,,,,,,,,,,,,,,,,,,,,,,,,,,,
2025-10-05 10:08:49,,,,867488067684034,5572,HBD,,,,,,,,,,,,,,,,,,,,,,,,,,,,,,,,,,,,,,,,,,,,,,,,,,
2025-10-05 10:10:50,,,,867488067684034,5573,HBD,,,,,,,,,,,,,,,,,,,,,,,,,,,,,,,,,,,,,,,,,,,,,,,,,,
2025-10-05 10:12:50,,,,867488067684034,5574,HBD,,,,,,,,,,,,,,,,,,,,,,,,,,,,,,,,,,,,,,,,,,,,,,,,,,
2025-10-05 10:14:51,,,,867488067684034,5575,HBD,,,,,,,,,,,,,,,,,,,,,,,,,,,,,,,,,,,,,,,,,,,,,,,,,,
2025-10-05 10:16:51,,,,867488067684034,5576,HBD,,,,,,,,,,,,,,,,,,,,,,,,,,,,,,,,,,,,,,,,,,,,,,,,,,
2025-10-05 10:18:52,,,,867488067684034,5577,HBD,,,,,,,,,,,,,,,,,,,,,,,,,,,,,,,,,,,,,,,,,,,,,,,,,,
2025-10-05 10:20:52,,,,867488067684034,5578,HBD,,,,,,,,,,,,,,,,,,,,,,,,,,,,,,,,,,,,,,,,,,,,,,,,,,
2025-10-05 10:22:52,,,,867488067684034,5579,HBD,,,,,,,,,,,,,,,,,,,,,,,,,,,,,,,,,,,,,,,,,,,,,,,,,,
2025-10-05 10:24:53,,,,867488067684034,5580,HBD,,,,,,,,,,,,,,,,,,,,,,,,,,,,,,,,,,,,,,,,,,,,,,,,,,
2025-10-05 10:25:30,2025-10-05 10:25:30,2025-10-05 10:23:05,2025-10-05 10:23:05,867488067684034,5581,GTERI,0x19fe3fbf,0x00028102,802003,0x8303,0x0115,100,25164,0000,-,00,00,11,12,12,-,01,01,0.0,0.0,166,166,1027,1027,-25.047401,-25.047401,-51.540816,-51.540816,0724,0004,85da,0f6ad116,6.9,194.5,194.5,0:24:37,13:01:25,-,-,0,-,,,,,04,1,00000000,00,10,
2025-10-05 10:26:53,,,,867488067684034,5582,HBD,,,,,,,,,,,,,,,,,,,,,,,,,,,,,,,,,,,,,,,,,,,,,,,,,,
2025-10-05 10:28:54,,,,867488067684034,5583,HBD,,,,,,,,,,,,,,,,,,,,,,,,,,,,,,,,,,,,,,,,,,,,,,,,,,
2025-10-05 10:30:54,,,,867488067684034,5584,HBD,,,,,,,,,,,,,,,,,,,,,,,,,,,,,,,,,,,,,,,,,,,,,,,,,,
2025-10-05 10:32:55,,,,867488067684034,5585,HBD,,,,,,,,,,,,,,,,,,,,,,,,,,,,,,,,,,,,,,,,,,,,,,,,,,
2025-10-05 10:34:55,,,,867488067684034,5586,HBD,,,,,,,,,,,,,,,,,,,,,,,,,,,,,,,,,,,,,,,,,,,,,,,,,,
2025-10-05 10:36:56,,,,867488067684034,5587,HBD,,,,,,,,,,,,,,,,,,,,,,,,,,,,,,,,,,,,,,,,,,,,,,,,,,
2025-10-05 10:38:56,,,,867488067684034,5588,HBD,,,,,,,,,,,,,,,,,,,,,,,,,,,,,,,,,,,,,,,,,,,,,,,,,,
2025-10-05 10:40:56,,,,867488067684034,5589,HBD,,,,,,,,,,,,,,,,,,,,,,,,,,,,,,,,,,,,,,,,,,,,,,,,,,
2025-10-05 10:42:57,,,,867488067684034,5590,HBD,,,,,,,,,,,,,,,,,,,,,,,,,,,,,,,,,,,,,,,,,,,,,,,,,,
2025-10-05 10:44:57,,,,867488067684034,5591,HBD,,,,,,,,,,,,,,,,,,,,,,,,,,,,,,,,,,,,,,,,,,,,,,,,,,
2025-10-05 10:46:58,,,,867488067684034,5592,HBD,,,,,,,,,,,,,,,,,,,,,,,,,,,,,,,,,,,,,,,,,,,,,,,,,,
2025-10-05 10:48:58,,,,867488067684034,5593,HBD,,,,,,,,,,,,,,,,,,,,,,,,,,,,,,,,,,,,,,,,,,,,,,,,,,
2025-10-05 10:50:59,,,,867488067684034,5594,HBD,,,,,,,,,,,,,,,,,,,,,,,,,,,,,,,,,,,,,,,,,,,,,,,,,,
2025-10-05 10:52:59,,,,867488067684034,5595,HBD,,,,,,,,,,,,,,,,,,,,,,,,,,,,,,,,,,,,,,,,,,,,,,,,,,
2025-10-05 10:55:00,,,,867488067684034,5596,HBD,,,,,,,,,,,,,,,,,,,,,,,,,,,,,,,,,,,,,,,,,,,,,,,,,,
2025-10-05 10:57:00,,,,867488067684034,5597,HBD,,,,,,,,,,,,,,,,,,,,,,,,,,,,,,,,,,,,,,,,,,,,,,,,,,
2025-10-05 10:59:00,,,,867488067684034,5598,HBD,,,,,,,,,,,,,,,,,,,,,,,,,,,,,,,,,,,,,,,,,,,,,,,,,,
2025-10-05 11:01:01,,,,867488067684034,5599,HBD,,,,,,,,,,,,,,,,,,,,,,,,,,,,,,,,,,,,,,,,,,,,,,,,,,
2025-10-05 11:03:01,,,,867488067684034,5600,HBD,,,,,,,,,,,,,,,,,,,,,,,,,,,,,,,,,,,,,,,,,,,,,,,,,,
2025-10-05 11:05:02,,,,867488067684034,5601,HBD,,,,,,,,,,,,,,,,,,,,,,,,,,,,,,,,,,,,,,,,,,,,,,,,,,
2025-10-05 11:06:02,,,,867488067684034,5602,HBD,,,,,,,,,,,,,,,,,,,,,,,,,,,,,,,,,,,,,,,,,,,,,,,,,,
2025-10-05 11:08:02,,,,867488067684034,5603,HBD,,,,,,,,,,,,,,,,,,,,,,,,,,,,,,,,,,,,,,,,,,,,,,,,,,
2025-10-05 11:10:03,,,,867488067684034,5604,HBD,,,,,,,,,,,,,,,,,,,,,,,,,,,,,,,,,,,,,,,,,,,,,,,,,,
2025-10-05 11:12:03,,,,867488067684034,5605,HBD,,,,,,,,,,,,,,,,,,,,,,,,,,,,,,,,,,,,,,,,,,,,,,,,,,
2025-10-05 11:14:04,,,,867488067684034,5606,HBD,,,,,,,,,,,,,,,,,,,,,,,,,,,,,,,,,,,,,,,,,,,,,,,,,,
2025-10-05 11:16:09,,,,867488067684034,5607,HBD,,,,,,,,,,,,,,,,,,,,,,,,,,,,,,,,,,,,,,,,,,,,,,,,,,
2025-10-05 11:18:05,,,,867488067684034,5608,HBD,,,,,,,,,,,,,,,,,,,,,,,,,,,,,,,,,,,,,,,,,,,,,,,,,,
2025-10-05 11:20:05,,,,867488067684034,5609,HBD,,,,,,,,,,,,,,,,,,,,,,,,,,,,,,,,,,,,,,,,,,,,,,,,,,
2025-10-05 11:22:05,,,,867488067684034,5610,HBD,,,,,,,,,,,,,,,,,,,,,,,,,,,,,,,,,,,,,,,,,,,,,,,,,,
2025-10-05 11:24:06,,,,867488067684034,5611,HBD,,,,,,,,,,,,,,,,,,,,,,,,,,,,,,,,,,,,,,,,,,,,,,,,,,
2025-10-05 11:25:30,2025-10-05 11:25:30,2025-10-05 11:23:04,2025-10-05 11:23:04,867488067684034,5612,GTERI,0x19fe3fbf,0x00028102,802003,0x8303,0x0115,100,25179,0000,-,00,00,11,11,11,-,01,01,0.0,0.0,166,166,1027,1027,-25.047401,-25.047401,-51.540816,-51.540816,0724,0004,85da,0f6ad10a,6.9,194.5,194.5,0:24:37,13:01:25,-,-,0,-,,,,,04,3,00000000,00,10,
2025-10-05 11:26:06,,,,867488067684034,5613,HBD,,,,,,,,,,,,,,,,,,,,,,,,,,,,,,,,,,,,,,,,,,,,,,,,,,
2025-10-05 11:28:07,,,,867488067684034,5614,HBD,,,,,,,,,,,,,,,,,,,,,,,,,,,,,,,,,,,,,,,,,,,,,,,,,,
2025-10-05 11:30:07,,,,867488067684034,5615,HBD,,,,,,,,,,,,,,,,,,,,,,,,,,,,,,,,,,,,,,,,,,,,,,,,,,
2025-10-05 11:32:11,,,,867488067684034,5616,HBD,,,,,,,,,,,,,,,,,,,,,,,,,,,,,,,,,,,,,,,,,,,,,,,,,,
2025-10-05 11:34:14,,,,867488067684034,5617,HBD,,,,,,,,,,,,,,,,,,,,,,,,,,,,,,,,,,,,,,,,,,,,,,,,,,
2025-10-05 11:37:09,,,,867488067684034,5618,HBD,,,,,,,,,,,,,,,,,,,,,,,,,,,,,,,,,,,,,,,,,,,,,,,,,,
2025-10-05 11:38:09,,,,867488067684034,5619,HBD,,,,,,,,,,,,,,,,,,,,,,,,,,,,,,,,,,,,,,,,,,,,,,,,,,
2025-10-05 11:40:09,,,,867488067684034,5620,HBD,,,,,,,,,,,,,,,,,,,,,,,,,,,,,,,,,,,,,,,,,,,,,,,,,,
2025-10-05 11:42:10,,,,867488067684034,5621,HBD,,,,,,,,,,,,,,,,,,,,,,,,,,,,,,,,,,,,,,,,,,,,,,,,,,
2025-10-05 11:44:10,,,,867488067684034,5622,HBD,,,,,,,,,,,,,,,,,,,,,,,,,,,,,,,,,,,,,,,,,,,,,,,,,,
2025-10-05 11:46:11,,,,867488067684034,5623,HBD,,,,,,,,,,,,,,,,,,,,,,,,,,,,,,,,,,,,,,,,,,,,,,,,,,
2025-10-05 11:48:11,,,,867488067684034,5624,HBD,,,,,,,,,,,,,,,,,,,,,,,,,,,,,,,,,,,,,,,,,,,,,,,,,,
2025-10-05 11:50:14,,,,867488067684034,5625,HBD,,,,,,,,,,,,,,,,,,,,,,,,,,,,,,,,,,,,,,,,,,,,,,,,,,
2025-10-05 11:52:12,,,,867488067684034,5626,HBD,,,,,,,,,,,,,,,,,,,,,,,,,,,,,,,,,,,,,,,,,,,,,,,,,,
2025-10-05 11:54:12,,,,867488067684034,5627,HBD,,,,,,,,,,,,,,,,,,,,,,,,,,,,,,,,,,,,,,,,,,,,,,,,,,
2025-10-05 11:56:13,,,,867488067684034,5628,HBD,,,,,,,,,,,,,,,,,,,,,,,,,,,,,,,,,,,,,,,,,,,,,,,,,,
2025-10-05 11:58:13,,,,867488067684034,5629,HBD,,,,,,,,,,,,,,,,,,,,,,,,,,,,,,,,,,,,,,,,,,,,,,,,,,
2025-10-05 12:00:14,,,,867488067684034,5630,HBD,,,,,,,,,,,,,,,,,,,,,,,,,,,,,,,,,,,,,,,,,,,,,,,,,,
2025-10-05 12:02:14,,,,867488067684034,5631,HBD,,,,,,,,,,,,,,,,,,,,,,,,,,,,,,,,,,,,,,,,,,,,,,,,,,
2025-10-05 12:04:15,,,,867488067684034,5632,HBD,,,,,,,,,,,,,,,,,,,,,,,,,,,,,,,,,,,,,,,,,,,,,,,,,,
2025-10-05 12:06:15,,,,867488067684034,5633,HBD,,,,,,,,,,,,,,,,,,,,,,,,,,,,,,,,,,,,,,,,,,,,,,,,,,
2025-10-05 12:08:16,,,,867488067684034,5634,HBD,,,,,,,,,,,,,,,,,,,,,,,,,,,,,,,,,,,,,,,,,,,,,,,,,,
2025-10-05 12:10:16,,,,867488067684034,5635,HBD,,,,,,,,,,,,,,,,,,,,,,,,,,,,,,,,,,,,,,,,,,,,,,,,,,
2025-10-05 12:12:16,,,,867488067684034,5636,HBD,,,,,,,,,,,,,,,,,,,,,,,,,,,,,,,,,,,,,,,,,,,,,,,,,,
2025-10-05 12:14:17,,,,867488067684034,5637,HBD,,,,,,,,,,,,,,,,,,,,,,,,,,,,,,,,,,,,,,,,,,,,,,,,,,
2025-10-05 12:16:17,,,,867488067684034,5638,HBD,,,,,,,,,,,,,,,,,,,,,,,,,,,,,,,,,,,,,,,,,,,,,,,,,,
2025-10-05 12:18:18,,,,867488067684034,5639,HBD,,,,,,,,,,,,,,,,,,,,,,,,,,,,,,,,,,,,,,,,,,,,,,,,,,
2025-10-05 12:20:18,,,,867488067684034,5640,HBD,,,,,,,,,,,,,,,,,,,,,,,,,,,,,,,,,,,,,,,,,,,,,,,,,,
2025-10-05 12:22:19,,,,867488067684034,5641,HBD,,,,,,,,,,,,,,,,,,,,,,,,,,,,,,,,,,,,,,,,,,,,,,,,,,
2025-10-05 12:24:19,,,,867488067684034,5642,HBD,,,,,,,,,,,,,,,,,,,,,,,,,,,,,,,,,,,,,,,,,,,,,,,,,,
2025-10-05 12:25:30,2025-10-05 12:25:30,2025-10-05 12:23:36,2025-10-05 12:23:36,867488067684034,5643,GTERI,0x19fe3fbf,0x00028102,802003,0x8303,0x0115,100,25124,0000,-,00,00,11,11,11,-,01,01,0.0,0.0,166,166,1027,1027,-25.047401,-25.047401,-51.540816,-51.540816,0724,0004,85da,0f6ad116,6.9,194.5,194.5,0:24:37,13:01:25,-,-,0,-,,,,,04,1,00000000,00,10,
2025-10-05 12:26:20,,,,867488067684034,5644,HBD,,,,,,,,,,,,,,,,,,,,,,,,,,,,,,,,,,,,,,,,,,,,,,,,,,
2025-10-05 12:28:20,,,,867488067684034,5645,HBD,,,,,,,,,,,,,,,,,,,,,,,,,,,,,,,,,,,,,,,,,,,,,,,,,,
2025-10-05 12:30:20,,,,867488067684034,5646,HBD,,,,,,,,,,,,,,,,,,,,,,,,,,,,,,,,,,,,,,,,,,,,,,,,,,
2025-10-05 12:32:21,,,,867488067684034,5647,HBD,,,,,,,,,,,,,,,,,,,,,,,,,,,,,,,,,,,,,,,,,,,,,,,,,,
2025-10-05 12:34:21,,,,867488067684034,5648,HBD,,,,,,,,,,,,,,,,,,,,,,,,,,,,,,,,,,,,,,,,,,,,,,,,,,
2025-10-05 12:36:22,,,,867488067684034,5649,HBD,,,,,,,,,,,,,,,,,,,,,,,,,,,,,,,,,,,,,,,,,,,,,,,,,,
2025-10-05 12:38:22,,,,867488067684034,5650,HBD,,,,,,,,,,,,,,,,,,,,,,,,,,,,,,,,,,,,,,,,,,,,,,,,,,
2025-10-05 12:40:23,,,,867488067684034,5651,HBD,,,,,,,,,,,,,,,,,,,,,,,,,,,,,,,,,,,,,,,,,,,,,,,,,,
2025-10-05 12:42:23,,,,867488067684034,5652,HBD,,,,,,,,,,,,,,,,,,,,,,,,,,,,,,,,,,,,,,,,,,,,,,,,,,
2025-10-05 12:44:24,,,,867488067684034,5653,HBD,,,,,,,,,,,,,,,,,,,,,,,,,,,,,,,,,,,,,,,,,,,,,,,,,,
2025-10-05 12:46:24,,,,867488067684034,5654,HBD,,,,,,,,,,,,,,,,,,,,,,,,,,,,,,,,,,,,,,,,,,,,,,,,,,
2025-10-05 12:48:24,,,,867488067684034,5655,HBD,,,,,,,,,,,,,,,,,,,,,,,,,,,,,,,,,,,,,,,,,,,,,,,,,,
2025-10-05 12:50:25,,,,867488067684034,5656,HBD,,,,,,,,,,,,,,,,,,,,,,,,,,,,,,,,,,,,,,,,,,,,,,,,,,
2025-10-05 12:52:25,,,,867488067684034,5657,HBD,,,,,,,,,,,,,,,,,,,,,,,,,,,,,,,,,,,,,,,,,,,,,,,,,,
2025-10-05 12:54:26,,,,867488067684034,5658,HBD,,,,,,,,,,,,,,,,,,,,,,,,,,,,,,,,,,,,,,,,,,,,,,,,,,
2025-10-05 12:56:26,,,,867488067684034,5659,HBD,,,,,,,,,,,,,,,,,,,,,,,,,,,,,,,,,,,,,,,,,,,,,,,,,,
2025-10-05 12:58:27,,,,867488067684034,5660,HBD,,,,,,,,,,,,,,,,,,,,,,,,,,,,,,,,,,,,,,,,,,,,,,,,,,
2025-10-05 13:00:27,,,,867488067684034,5661,HBD,,,,,,,,,,,,,,,,,,,,,,,,,,,,,,,,,,,,,,,,,,,,,,,,,,
2025-10-05 13:02:28,,,,867488067684034,5662,HBD,,,,,,,,,,,,,,,,,,,,,,,,,,,,,,,,,,,,,,,,,,,,,,,,,,
2025-10-05 13:04:28,,,,867488067684034,5663,HBD,,,,,,,,,,,,,,,,,,,,,,,,,,,,,,,,,,,,,,,,,,,,,,,,,,
2025-10-05 13:06:29,,,,867488067684034,5664,HBD,,,,,,,,,,,,,,,,,,,,,,,,,,,,,,,,,,,,,,,,,,,,,,,,,,
2025-10-05 13:08:29,,,,867488067684034,5665,HBD,,,,,,,,,,,,,,,,,,,,,,,,,,,,,,,,,,,,,,,,,,,,,,,,,,
2025-10-05 13:10:29,,,,867488067684034,5666,HBD,,,,,,,,,,,,,,,,,,,,,,,,,,,,,,,,,,,,,,,,,,,,,,,,,,
2025-10-05 13:12:25,,,,867488067684034,5667,HBD,,,,,,,,,,,,,,,,,,,,,,,,,,,,,,,,,,,,,,,,,,,,,,,,,,
2025-10-05 13:12:25,,,,867488067684034,5668,GTINF,,,,,,,,,,,,,,,,,,,,,,,,,,,,,,,,,,,,,,,,,,c1,4200,03,,,,,,
2025-10-05 13:14:30,,,,867488067684034,5669,HBD,,,,,,,,,,,,,,,,,,,,,,,,,,,,,,,,,,,,,,,,,,,,,,,,,,
2025-10-05 13:16:31,,,,867488067684034,5670,HBD,,,,,,,,,,,,,,,,,,,,,,,,,,,,,,,,,,,,,,,,,,,,,,,,,,
2025-10-05 13:18:31,,,,867488067684034,5671,HBD,,,,,,,,,,,,,,,,,,,,,,,,,,,,,,,,,,,,,,,,,,,,,,,,,,
2025-10-05 13:20:32,,,,867488067684034,5672,HBD,,,,,,,,,,,,,,,,,,,,,,,,,,,,,,,,,,,,,,,,,,,,,,,,,,
2025-10-05 13:22:32,,,,867488067684034,5673,HBD,,,,,,,,,,,,,,,,,,,,,,,,,,,,,,,,,,,,,,,,,,,,,,,,,,
2025-10-05 13:24:32,,,,867488067684034,5674,HBD,,,,,,,,,,,,,,,,,,,,,,,,,,,,,,,,,,,,,,,,,,,,,,,,,,
2025-10-05 13:25:30,2025-10-05 13:25:30,2025-10-05 13:23:05,2025-10-05 13:23:05,867488067684034,5675,GTERI,0x19fe3fbf,0x00028102,802003,0x8303,0x0115,100,25081,0000,-,00,00,11,9,9,-,01,01,0.0,0.0,166,166,1027,1027,-25.047401,-25.047401,-51.540816,-51.540816,0724,0004,85da,0f6ad116,6.9,194.5,194.5,0:24:37,13:01:25,-,-,0,-,,,,,04,1,00000000,00,10,
2025-10-05 13:26:33,,,,867488067684034,5676,HBD,,,,,,,,,,,,,,,,,,,,,,,,,,,,,,,,,,,,,,,,,,,,,,,,,,
2025-10-05 13:28:33,,,,867488067684034,5677,HBD,,,,,,,,,,,,,,,,,,,,,,,,,,,,,,,,,,,,,,,,,,,,,,,,,,
2025-10-05 13:30:34,,,,867488067684034,5678,HBD,,,,,,,,,,,,,,,,,,,,,,,,,,,,,,,,,,,,,,,,,,,,,,,,,,
2025-10-05 13:32:34,,,,867488067684034,5679,HBD,,,,,,,,,,,,,,,,,,,,,,,,,,,,,,,,,,,,,,,,,,,,,,,,,,
2025-10-05 13:34:35,,,,867488067684034,5680,HBD,,,,,,,,,,,,,,,,,,,,,,,,,,,,,,,,,,,,,,,,,,,,,,,,,,
2025-10-05 13:36:35,,,,867488067684034,5681,HBD,,,,,,,,,,,,,,,,,,,,,,,,,,,,,,,,,,,,,,,,,,,,,,,,,,
2025-10-05 13:38:36,,,,867488067684034,5682,HBD,,,,,,,,,,,,,,,,,,,,,,,,,,,,,,,,,,,,,,,,,,,,,,,,,,
2025-10-05 13:40:36,,,,867488067684034,5683,HBD,,,,,,,,,,,,,,,,,,,,,,,,,,,,,,,,,,,,,,,,,,,,,,,,,,
2025-10-05 13:42:37,,,,867488067684034,5684,HBD,,,,,,,,,,,,,,,,,,,,,,,,,,,,,,,,,,,,,,,,,,,,,,,,,,
2025-10-05 13:44:37,,,,867488067684034,5685,HBD,,,,,,,,,,,,,,,,,,,,,,,,,,,,,,,,,,,,,,,,,,,,,,,,,,
2025-10-05 13:46:37,,,,867488067684034,5686,HBD,,,,,,,,,,,,,,,,,,,,,,,,,,,,,,,,,,,,,,,,,,,,,,,,,,
2025-10-05 13:48:38,,,,867488067684034,5687,HBD,,,,,,,,,,,,,,,,,,,,,,,,,,,,,,,,,,,,,,,,,,,,,,,,,,
2025-10-05 13:50:38,,,,867488067684034,5688,HBD,,,,,,,,,,,,,,,,,,,,,,,,,,,,,,,,,,,,,,,,,,,,,,,,,,
2025-10-05 13:52:39,,,,867488067684034,5689,HBD,,,,,,,,,,,,,,,,,,,,,,,,,,,,,,,,,,,,,,,,,,,,,,,,,,
2025-10-05 13:54:39,,,,867488067684034,5690,HBD,,,,,,,,,,,,,,,,,,,,,,,,,,,,,,,,,,,,,,,,,,,,,,,,,,
2025-10-05 13:56:40,,,,867488067684034,5691,HBD,,,,,,,,,,,,,,,,,,,,,,,,,,,,,,,,,,,,,,,,,,,,,,,,,,
2025-10-05 13:58:40,,,,867488067684034,5692,HBD,,,,,,,,,,,,,,,,,,,,,,,,,,,,,,,,,,,,,,,,,,,,,,,,,,
2025-10-05 14:00:41,,,,867488067684034,5693,HBD,,,,,,,,,,,,,,,,,,,,,,,,,,,,,,,,,,,,,,,,,,,,,,,,,,
2025-10-05 14:02:41,,,,867488067684034,5694,HBD,,,,,,,,,,,,,,,,,,,,,,,,,,,,,,,,,,,,,,,,,,,,,,,,,,
2025-10-05 14:04:41,,,,867488067684034,5695,HBD,,,,,,,,,,,,,,,,,,,,,,,,,,,,,,,,,,,,,,,,,,,,,,,,,,
2025-10-05 14:06:42,,,,867488067684034,5696,HBD,,,,,,,,,,,,,,,,,,,,,,,,,,,,,,,,,,,,,,,,,,,,,,,,,,
2025-10-05 14:08:42,,,,867488067684034,5697,HBD,,,,,,,,,,,,,,,,,,,,,,,,,,,,,,,,,,,,,,,,,,,,,,,,,,
2025-10-05 14:10:43,,,,867488067684034,5698,HBD,,,,,,,,,,,,,,,,,,,,,,,,,,,,,,,,,,,,,,,,,,,,,,,,,,
2025-10-05 14:12:43,,,,867488067684034,5699,HBD,,,,,,,,,,,,,,,,,,,,,,,,,,,,,,,,,,,,,,,,,,,,,,,,,,
2025-10-05 14:14:45,,,,867488067684034,5700,HBD,,,,,,,,,,,,,,,,,,,,,,,,,,,,,,,,,,,,,,,,,,,,,,,,,,
2025-10-05 14:16:44,,,,867488067684034,5701,HBD,,,,,,,,,,,,,,,,,,,,,,,,,,,,,,,,,,,,,,,,,,,,,,,,,,
2025-10-05 14:18:45,,,,867488067684034,5702,HBD,,,,,,,,,,,,,,,,,,,,,,,,,,,,,,,,,,,,,,,,,,,,,,,,,,
2025-10-05 14:20:45,,,,867488067684034,5703,HBD,,,,,,,,,,,,,,,,,,,,,,,,,,,,,,,,,,,,,,,,,,,,,,,,,,
2025-10-05 14:22:45,,,,867488067684034,5704,HBD,,,,,,,,,,,,,,,,,,,,,,,,,,,,,,,,,,,,,,,,,,,,,,,,,,
2025-10-05 14:24:46,,,,867488067684034,5705,HBD,,,,,,,,,,,,,,,,,,,,,,,,,,,,,,,,,,,,,,,,,,,,,,,,,,
2025-10-05 14:25:30,2025-10-05 14:25:30,2025-10-05 14:23:06,2025-10-05 14:23:06,867488067684034,5706,GTERI,0x19fe3fbf,0x00028102,802003,0x8303,0x0115,100,24574,0000,-,00,00,11,7,7,-,01,01,0.0,0.0,166,166,1027,1027,-25.047401,-25.047401,-51.540816,-51.540816,0724,0004,85da,0f6ad116,6.9,194.5,194.5,0:24:37,13:01:25,-,-,0,-,,,,,04,1,00000000,00,10,
2025-10-05 14:26:46,,,,867488067684034,5707,HBD,,,,,,,,,,,,,,,,,,,,,,,,,,,,,,,,,,,,,,,,,,,,,,,,,,
2025-10-05 14:28:47,,,,867488067684034,5708,HBD,,,,,,,,,,,,,,,,,,,,,,,,,,,,,,,,,,,,,,,,,,,,,,,,,,
2025-10-05 14:30:47,,,,867488067684034,5709,HBD,,,,,,,,,,,,,,,,,,,,,,,,,,,,,,,,,,,,,,,,,,,,,,,,,,
2025-10-05 14:32:48,,,,867488067684034,5710,HBD,,,,,,,,,,,,,,,,,,,,,,,,,,,,,,,,,,,,,,,,,,,,,,,,,,
2025-10-05 14:34:48,,,,867488067684034,5711,HBD,,,,,,,,,,,,,,,,,,,,,,,,,,,,,,,,,,,,,,,,,,,,,,,,,,
2025-10-05 14:36:49,,,,867488067684034,5712,HBD,,,,,,,,,,,,,,,,,,,,,,,,,,,,,,,,,,,,,,,,,,,,,,,,,,
2025-10-05 14:38:49,,,,867488067684034,5713,HBD,,,,,,,,,,,,,,,,,,,,,,,,,,,,,,,,,,,,,,,,,,,,,,,,,,
2025-10-05 14:40:49,,,,867488067684034,5714,HBD,,,,,,,,,,,,,,,,,,,,,,,,,,,,,,,,,,,,,,,,,,,,,,,,,,
2025-10-05 14:42:50,,,,867488067684034,5715,HBD,,,,,,,,,,,,,,,,,,,,,,,,,,,,,,,,,,,,,,,,,,,,,,,,,,
2025-10-05 14:44:50,,,,867488067684034,5716,HBD,,,,,,,,,,,,,,,,,,,,,,,,,,,,,,,,,,,,,,,,,,,,,,,,,,
2025-10-05 14:46:51,,,,867488067684034,5717,HBD,,,,,,,,,,,,,,,,,,,,,,,,,,,,,,,,,,,,,,,,,,,,,,,,,,
2025-10-05 14:48:51,,,,867488067684034,5718,HBD,,,,,,,,,,,,,,,,,,,,,,,,,,,,,,,,,,,,,,,,,,,,,,,,,,
2025-10-05 14:50:52,,,,867488067684034,5719,HBD,,,,,,,,,,,,,,,,,,,,,,,,,,,,,,,,,,,,,,,,,,,,,,,,,,
2025-10-05 14:52:52,,,,867488067684034,5720,HBD,,,,,,,,,,,,,,,,,,,,,,,,,,,,,,,,,,,,,,,,,,,,,,,,,,
2025-10-05 14:54:52,,,,867488067684034,5721,HBD,,,,,,,,,,,,,,,,,,,,,,,,,,,,,,,,,,,,,,,,,,,,,,,,,,
2025-10-05 14:56:53,,,,867488067684034,5722,HBD,,,,,,,,,,,,,,,,,,,,,,,,,,,,,,,,,,,,,,,,,,,,,,,,,,
2025-10-05 14:58:53,,,,867488067684034,5723,HBD,,,,,,,,,,,,,,,,,,,,,,,,,,,,,,,,,,,,,,,,,,,,,,,,,,
2025-10-05 15:00:54,,,,867488067684034,5724,HBD,,,,,,,,,,,,,,,,,,,,,,,,,,,,,,,,,,,,,,,,,,,,,,,,,,
2025-10-05 15:02:54,,,,867488067684034,5725,HBD,,,,,,,,,,,,,,,,,,,,,,,,,,,,,,,,,,,,,,,,,,,,,,,,,,
2025-10-05 15:04:55,,,,867488067684034,5726,HBD,,,,,,,,,,,,,,,,,,,,,,,,,,,,,,,,,,,,,,,,,,,,,,,,,,
2025-10-05 15:06:55,,,,867488067684034,5727,HBD,,,,,,,,,,,,,,,,,,,,,,,,,,,,,,,,,,,,,,,,,,,,,,,,,,
2025-10-05 15:08:56,,,,867488067684034,5728,HBD,,,,,,,,,,,,,,,,,,,,,,,,,,,,,,,,,,,,,,,,,,,,,,,,,,
2025-10-05 15:10:56,,,,867488067684034,5729,HBD,,,,,,,,,,,,,,,,,,,,,,,,,,,,,,,,,,,,,,,,,,,,,,,,,,
2025-10-05 15:12:57,,,,867488067684034,5730,HBD,,,,,,,,,,,,,,,,,,,,,,,,,,,,,,,,,,,,,,,,,,,,,,,,,,
2025-10-05 15:14:57,,,,867488067684034,5731,HBD,,,,,,,,,,,,,,,,,,,,,,,,,,,,,,,,,,,,,,,,,,,,,,,,,,
2025-10-05 15:16:57,,,,867488067684034,5732,HBD,,,,,,,,,,,,,,,,,,,,,,,,,,,,,,,,,,,,,,,,,,,,,,,,,,
2025-10-05 15:18:58,,,,867488067684034,5733,HBD,,,,,,,,,,,,,,,,,,,,,,,,,,,,,,,,,,,,,,,,,,,,,,,,,,
2025-10-05 15:20:58,,,,867488067684034,5734,HBD,,,,,,,,,,,,,,,,,,,,,,,,,,,,,,,,,,,,,,,,,,,,,,,,,,
2025-10-05 15:22:59,,,,867488067684034,5735,HBD,,,,,,,,,,,,,,,,,,,,,,,,,,,,,,,,,,,,,,,,,,,,,,,,,,
2025-10-05 15:24:59,,,,867488067684034,5736,HBD,,,,,,,,,,,,,,,,,,,,,,,,,,,,,,,,,,,,,,,,,,,,,,,,,,
2025-10-05 15:25:30,2025-10-05 15:25:30,2025-10-05 15:23:35,2025-10-05 15:23:35,867488067684034,5737,GTERI,0x19fe3fbf,0x00028102,802003,0x8303,0x0115,100,23188,0000,-,00,00,11,7,7,-,01,01,0.0,0.0,166,166,1027,1027,-25.047401,-25.047401,-51.540816,-51.540816,0724,0004,85da,0f6ad116,6.9,194.5,194.5,0:24:37,13:01:25,-,-,0,-,,,,,04,1,00000000,00,10,
2025-10-05 15:27:00,,,,867488067684034,5738,HBD,,,,,,,,,,,,,,,,,,,,,,,,,,,,,,,,,,,,,,,,,,,,,,,,,,
2025-10-05 15:29:00,,,,867488067684034,5739,HBD,,,,,,,,,,,,,,,,,,,,,,,,,,,,,,,,,,,,,,,,,,,,,,,,,,
2025-10-05 15:31:01,,,,867488067684034,5740,HBD,,,,,,,,,,,,,,,,,,,,,,,,,,,,,,,,,,,,,,,,,,,,,,,,,,
2025-10-05 15:33:01,,,,867488067684034,5741,HBD,,,,,,,,,,,,,,,,,,,,,,,,,,,,,,,,,,,,,,,,,,,,,,,,,,
2025-10-05 15:35:02,,,,867488067684034,5742,HBD,,,,,,,,,,,,,,,,,,,,,,,,,,,,,,,,,,,,,,,,,,,,,,,,,,
2025-10-05 15:37:02,,,,867488067684034,5743,HBD,,,,,,,,,,,,,,,,,,,,,,,,,,,,,,,,,,,,,,,,,,,,,,,,,,
2025-10-05 15:38:02,,,,867488067684034,5744,HBD,,,,,,,,,,,,,,,,,,,,,,,,,,,,,,,,,,,,,,,,,,,,,,,,,,
2025-10-05 15:40:03,,,,867488067684034,5745,HBD,,,,,,,,,,,,,,,,,,,,,,,,,,,,,,,,,,,,,,,,,,,,,,,,,,
2025-10-05 15:42:03,,,,867488067684034,5746,HBD,,,,,,,,,,,,,,,,,,,,,,,,,,,,,,,,,,,,,,,,,,,,,,,,,,
2025-10-05 15:44:04,,,,867488067684034,5747,HBD,,,,,,,,,,,,,,,,,,,,,,,,,,,,,,,,,,,,,,,,,,,,,,,,,,
2025-10-05 15:46:06,,,,867488067684034,5748,HBD,,,,,,,,,,,,,,,,,,,,,,,,,,,,,,,,,,,,,,,,,,,,,,,,,,
2025-10-05 15:48:16,,,,867488067684034,5749,HBD,,,,,,,,,,,,,,,,,,,,,,,,,,,,,,,,,,,,,,,,,,,,,,,,,,
2025-10-05 15:50:05,,,,867488067684034,5750,HBD,,,,,,,,,,,,,,,,,,,,,,,,,,,,,,,,,,,,,,,,,,,,,,,,,,
2025-10-05 15:52:06,,,,867488067684034,5751,HBD,,,,,,,,,,,,,,,,,,,,,,,,,,,,,,,,,,,,,,,,,,,,,,,,,,
2025-10-05 15:54:06,,,,867488067684034,5752,HBD,,,,,,,,,,,,,,,,,,,,,,,,,,,,,,,,,,,,,,,,,,,,,,,,,,
2025-10-05 15:56:07,,,,867488067684034,5753,HBD,,,,,,,,,,,,,,,,,,,,,,,,,,,,,,,,,,,,,,,,,,,,,,,,,,
2025-10-05 15:58:07,,,,867488067684034,5754,HBD,,,,,,,,,,,,,,,,,,,,,,,,,,,,,,,,,,,,,,,,,,,,,,,,,,
2025-10-05 16:00:08,,,,867488067684034,5755,HBD,,,,,,,,,,,,,,,,,,,,,,,,,,,,,,,,,,,,,,,,,,,,,,,,,,
2025-10-05 16:02:08,,,,867488067684034,5756,HBD,,,,,,,,,,,,,,,,,,,,,,,,,,,,,,,,,,,,,,,,,,,,,,,,,,
2025-10-05 16:04:14,,,,867488067684034,5757,HBD,,,,,,,,,,,,,,,,,,,,,,,,,,,,,,,,,,,,,,,,,,,,,,,,,,
2025-10-05 16:06:13,,,,867488067684034,5758,HBD,,,,,,,,,,,,,,,,,,,,,,,,,,,,,,,,,,,,,,,,,,,,,,,,,,
2025-10-05 16:08:09,,,,867488067684034,5759,HBD,,,,,,,,,,,,,,,,,,,,,,,,,,,,,,,,,,,,,,,,,,,,,,,,,,
2025-10-05 16:10:10,,,,867488067684034,5760,HBD,,,,,,,,,,,,,,,,,,,,,,,,,,,,,,,,,,,,,,,,,,,,,,,,,,
2025-10-05 16:12:10,,,,867488067684034,5761,HBD,,,,,,,,,,,,,,,,,,,,,,,,,,,,,,,,,,,,,,,,,,,,,,,,,,
2025-10-05 16:14:11,,,,867488067684034,5762,HBD,,,,,,,,,,,,,,,,,,,,,,,,,,,,,,,,,,,,,,,,,,,,,,,,,,
2025-10-05 16:16:11,,,,867488067684034,5763,HBD,,,,,,,,,,,,,,,,,,,,,,,,,,,,,,,,,,,,,,,,,,,,,,,,,,
2025-10-05 16:18:12,,,,867488067684034,5764,HBD,,,,,,,,,,,,,,,,,,,,,,,,,,,,,,,,,,,,,,,,,,,,,,,,,,
2025-10-05 16:20:12,,,,867488067684034,5765,HBD,,,,,,,,,,,,,,,,,,,,,,,,,,,,,,,,,,,,,,,,,,,,,,,,,,
2025-10-05 16:22:13,,,,867488067684034,5766,HBD,,,,,,,,,,,,,,,,,,,,,,,,,,,,,,,,,,,,,,,,,,,,,,,,,,
2025-10-05 16:24:13,,,,867488067684034,5767,HBD,,,,,,,,,,,,,,,,,,,,,,,,,,,,,,,,,,,,,,,,,,,,,,,,,,
2025-10-05 16:25:30,2025-10-05 16:25:30,2025-10-05 16:23:05,2025-10-05 16:23:05,867488067684034,5768,GTERI,0x19fe3fbf,0x00028102,802003,0x8303,0x0115,100,23224,0000,-,00,00,11,7,7,-,01,01,0.0,0.0,166,166,1027,1027,-25.047401,-25.047401,-51.540816,-51.540816,0724,0004,85da,0f6ad116,6.9,194.5,194.5,0:24:37,13:01:25,-,-,0,-,,,,,04,1,00000000,00,10,
2025-10-05 16:26:13,,,,867488067684034,5769,HBD,,,,,,,,,,,,,,,,,,,,,,,,,,,,,,,,,,,,,,,,,,,,,,,,,,
2025-10-05 16:28:14,,,,867488067684034,5770,HBD,,,,,,,,,,,,,,,,,,,,,,,,,,,,,,,,,,,,,,,,,,,,,,,,,,
2025-10-05 16:30:14,,,,867488067684034,5771,HBD,,,,,,,,,,,,,,,,,,,,,,,,,,,,,,,,,,,,,,,,,,,,,,,,,,
2025-10-05 16:32:15,,,,867488067684034,5772,HBD,,,,,,,,,,,,,,,,,,,,,,,,,,,,,,,,,,,,,,,,,,,,,,,,,,
2025-10-05 16:34:15,,,,867488067684034,5773,HBD,,,,,,,,,,,,,,,,,,,,,,,,,,,,,,,,,,,,,,,,,,,,,,,,,,
2025-10-05 16:36:16,,,,867488067684034,5774,HBD,,,,,,,,,,,,,,,,,,,,,,,,,,,,,,,,,,,,,,,,,,,,,,,,,,
2025-10-05 16:38:16,,,,867488067684034,5775,HBD,,,,,,,,,,,,,,,,,,,,,,,,,,,,,,,,,,,,,,,,,,,,,,,,,,
2025-10-05 16:40:17,,,,867488067684034,5776,HBD,,,,,,,,,,,,,,,,,,,,,,,,,,,,,,,,,,,,,,,,,,,,,,,,,,
2025-10-05 16:42:17,,,,867488067684034,5777,HBD,,,,,,,,,,,,,,,,,,,,,,,,,,,,,,,,,,,,,,,,,,,,,,,,,,
2025-10-05 16:44:18,,,,867488067684034,5778,HBD,,,,,,,,,,,,,,,,,,,,,,,,,,,,,,,,,,,,,,,,,,,,,,,,,,
2025-10-05 16:46:18,,,,867488067684034,5779,HBD,,,,,,,,,,,,,,,,,,,,,,,,,,,,,,,,,,,,,,,,,,,,,,,,,,
2025-10-05 16:48:18,,,,867488067684034,5780,HBD,,,,,,,,,,,,,,,,,,,,,,,,,,,,,,,,,,,,,,,,,,,,,,,,,,
2025-10-05 16:50:19,,,,867488067684034,5781,HBD,,,,,,,,,,,,,,,,,,,,,,,,,,,,,,,,,,,,,,,,,,,,,,,,,,
2025-10-05 16:52:19,,,,867488067684034,5782,HBD,,,,,,,,,,,,,,,,,,,,,,,,,,,,,,,,,,,,,,,,,,,,,,,,,,
2025-10-05 16:54:20,,,,867488067684034,5783,HBD,,,,,,,,,,,,,,,,,,,,,,,,,,,,,,,,,,,,,,,,,,,,,,,,,,
2025-10-05 16:56:20,,,,867488067684034,5784,HBD,,,,,,,,,,,,,,,,,,,,,,,,,,,,,,,,,,,,,,,,,,,,,,,,,,
2025-10-05 16:58:21,,,,867488067684034,5785,HBD,,,,,,,,,,,,,,,,,,,,,,,,,,,,,,,,,,,,,,,,,,,,,,,,,,
2025-10-05 17:00:21,,,,867488067684034,5786,HBD,,,,,,,,,,,,,,,,,,,,,,,,,,,,,,,,,,,,,,,,,,,,,,,,,,
2025-10-05 17:02:22,,,,867488067684034,5787,HBD,,,,,,,,,,,,,,,,,,,,,,,,,,,,,,,,,,,,,,,,,,,,,,,,,,
2025-10-05 17:04:22,,,,867488067684034,5788,HBD,,,,,,,,,,,,,,,,,,,,,,,,,,,,,,,,,,,,,,,,,,,,,,,,,,
2025-10-05 17:06:23,,,,867488067684034,5789,HBD,,,,,,,,,,,,,,,,,,,,,,,,,,,,,,,,,,,,,,,,,,,,,,,,,,
2025-10-05 17:08:23,,,,867488067684034,5790,HBD,,,,,,,,,,,,,,,,,,,,,,,,,,,,,,,,,,,,,,,,,,,,,,,,,,
2025-10-05 17:10:23,,,,867488067684034,5791,HBD,,,,,,,,,,,,,,,,,,,,,,,,,,,,,,,,,,,,,,,,,,,,,,,,,,
2025-10-05 17:12:24,,,,867488067684034,5792,HBD,,,,,,,,,,,,,,,,,,,,,,,,,,,,,,,,,,,,,,,,,,,,,,,,,,
2025-10-05 17:14:24,,,,867488067684034,5793,HBD,,,,,,,,,,,,,,,,,,,,,,,,,,,,,,,,,,,,,,,,,,,,,,,,,,
2025-10-05 17:16:28,,,,867488067684034,5794,HBD,,,,,,,,,,,,,,,,,,,,,,,,,,,,,,,,,,,,,,,,,,,,,,,,,,
2025-10-05 17:18:25,,,,867488067684034,5795,HBD,,,,,,,,,,,,,,,,,,,,,,,,,,,,,,,,,,,,,,,,,,,,,,,,,,
2025-10-05 17:20:26,,,,867488067684034,5796,HBD,,,,,,,,,,,,,,,,,,,,,,,,,,,,,,,,,,,,,,,,,,,,,,,,,,
2025-10-05 17:22:26,,,,867488067684034,5797,HBD,,,,,,,,,,,,,,,,,,,,,,,,,,,,,,,,,,,,,,,,,,,,,,,,,,
2025-10-05 17:24:27,,,,867488067684034,5798,HBD,,,,,,,,,,,,,,,,,,,,,,,,,,,,,,,,,,,,,,,,,,,,,,,,,,
2025-10-05 17:25:30,2025-10-05 17:25:30,2025-10-05 17:23:04,2025-10-05 17:23:04,867488067684034,5799,GTERI,0x19fe3fbf,0x00028102,802003,0x8303,0x0115,100,23229,0000,-,00,00,11,7,7,-,01,01,0.0,0.0,166,166,1027,1027,-25.047401,-25.047401,-51.540816,-51.540816,0724,0004,85da,0f6ad116,6.9,194.5,194.5,0:24:37,13:01:25,-,-,0,-,,,,,04,1,00000000,00,10,
2025-10-05 17:26:27,,,,867488067684034,5800,HBD,,,,,,,,,,,,,,,,,,,,,,,,,,,,,,,,,,,,,,,,,,,,,,,,,,
2025-10-05 17:28:28,,,,867488067684034,5801,HBD,,,,,,,,,,,,,,,,,,,,,,,,,,,,,,,,,,,,,,,,,,,,,,,,,,
2025-10-05 17:30:28,,,,867488067684034,5802,HBD,,,,,,,,,,,,,,,,,,,,,,,,,,,,,,,,,,,,,,,,,,,,,,,,,,
2025-10-05 17:32:28,,,,867488067684034,5803,HBD,,,,,,,,,,,,,,,,,,,,,,,,,,,,,,,,,,,,,,,,,,,,,,,,,,
2025-10-05 17:34:29,,,,867488067684034,5804,HBD,,,,,,,,,,,,,,,,,,,,,,,,,,,,,,,,,,,,,,,,,,,,,,,,,,
2025-10-05 17:36:29,,,,867488067684034,5805,HBD,,,,,,,,,,,,,,,,,,,,,,,,,,,,,,,,,,,,,,,,,,,,,,,,,,
2025-10-05 17:38:30,,,,867488067684034,5806,HBD,,,,,,,,,,,,,,,,,,,,,,,,,,,,,,,,,,,,,,,,,,,,,,,,,,
2025-10-05 17:40:30,,,,867488067684034,5807,HBD,,,,,,,,,,,,,,,,,,,,,,,,,,,,,,,,,,,,,,,,,,,,,,,,,,
2025-10-05 17:42:31,,,,867488067684034,5808,HBD,,,,,,,,,,,,,,,,,,,,,,,,,,,,,,,,,,,,,,,,,,,,,,,,,,
2025-10-05 17:44:31,,,,867488067684034,5809,HBD,,,,,,,,,,,,,,,,,,,,,,,,,,,,,,,,,,,,,,,,,,,,,,,,,,
2025-10-05 17:46:32,,,,867488067684034,5810,HBD,,,,,,,,,,,,,,,,,,,,,,,,,,,,,,,,,,,,,,,,,,,,,,,,,,
2025-10-05 17:48:32,,,,867488067684034,5811,HBD,,,,,,,,,,,,,,,,,,,,,,,,,,,,,,,,,,,,,,,,,,,,,,,,,,
2025-10-05 17:50:33,,,,867488067684034,5812,HBD,,,,,,,,,,,,,,,,,,,,,,,,,,,,,,,,,,,,,,,,,,,,,,,,,,
2025-10-05 17:52:33,,,,867488067684034,5813,HBD,,,,,,,,,,,,,,,,,,,,,,,,,,,,,,,,,,,,,,,,,,,,,,,,,,
2025-10-05 17:54:34,,,,867488067684034,5814,HBD,,,,,,,,,,,,,,,,,,,,,,,,,,,,,,,,,,,,,,,,,,,,,,,,,,
2025-10-05 17:56:34,,,,867488067684034,5815,HBD,,,,,,,,,,,,,,,,,,,,,,,,,,,,,,,,,,,,,,,,,,,,,,,,,,
2025-10-05 17:58:34,,,,867488067684034,5816,HBD,,,,,,,,,,,,,,,,,,,,,,,,,,,,,,,,,,,,,,,,,,,,,,,,,,
2025-10-05 18:00:35,,,,867488067684034,5817,HBD,,,,,,,,,,,,,,,,,,,,,,,,,,,,,,,,,,,,,,,,,,,,,,,,,,
2025-10-05 18:02:35,,,,867488067684034,5818,HBD,,,,,,,,,,,,,,,,,,,,,,,,,,,,,,,,,,,,,,,,,,,,,,,,,,
2025-10-05 18:04:36,,,,867488067684034,5819,HBD,,,,,,,,,,,,,,,,,,,,,,,,,,,,,,,,,,,,,,,,,,,,,,,,,,
2025-10-05 18:06:36,,,,867488067684034,5820,HBD,,,,,,,,,,,,,,,,,,,,,,,,,,,,,,,,,,,,,,,,,,,,,,,,,,
2025-10-05 18:08:37,,,,867488067684034,5821,HBD,,,,,,,,,,,,,,,,,,,,,,,,,,,,,,,,,,,,,,,,,,,,,,,,,,
2025-10-05 18:10:37,,,,867488067684034,5822,HBD,,,,,,,,,,,,,,,,,,,,,,,,,,,,,,,,,,,,,,,,,,,,,,,,,,
2025-10-05 18:12:38,,,,867488067684034,5823,HBD,,,,,,,,,,,,,,,,,,,,,,,,,,,,,,,,,,,,,,,,,,,,,,,,,,
2025-10-05 18:14:38,,,,867488067684034,5824,HBD,,,,,,,,,,,,,,,,,,,,,,,,,,,,,,,,,,,,,,,,,,,,,,,,,,
2025-10-05 18:16:39,,,,867488067684034,5825,HBD,,,,,,,,,,,,,,,,,,,,,,,,,,,,,,,,,,,,,,,,,,,,,,,,,,
2025-10-05 18:18:39,,,,867488067684034,5826,HBD,,,,,,,,,,,,,,,,,,,,,,,,,,,,,,,,,,,,,,,,,,,,,,,,,,
2025-10-05 18:20:40,,,,867488067684034,5827,HBD,,,,,,,,,,,,,,,,,,,,,,,,,,,,,,,,,,,,,,,,,,,,,,,,,,
2025-10-05 18:22:40,,,,867488067684034,5828,HBD,,,,,,,,,,,,,,,,,,,,,,,,,,,,,,,,,,,,,,,,,,,,,,,,,,
2025-10-05 18:24:40,,,,867488067684034,5829,HBD,,,,,,,,,,,,,,,,,,,,,,,,,,,,,,,,,,,,,,,,,,,,,,,,,,
2025-10-05 18:25:30,2025-10-05 18:25:30,2025-10-05 18:23:23,2025-10-05 18:23:23,867488067684034,5830,GTERI,0x19fe3fbf,0x00028102,802003,0x8303,0x0115,100,23204,0000,-,00,00,11,6,6,-,01,01,0.0,0.0,166,166,1027,1027,-25.047401,-25.047401,-51.540816,-51.540816,0724,0004,85da,0f6ad116,6.9,194.5,194.5,0:24:37,13:01:25,-,-,0,-,,,,,04,1,00000000,00,10,
2025-10-05 18:26:41,,,,867488067684034,5831,HBD,,,,,,,,,,,,,,,,,,,,,,,,,,,,,,,,,,,,,,,,,,,,,,,,,,
2025-10-05 18:28:41,,,,867488067684034,5832,HBD,,,,,,,,,,,,,,,,,,,,,,,,,,,,,,,,,,,,,,,,,,,,,,,,,,
2025-10-05 18:30:42,,,,867488067684034,5833,HBD,,,,,,,,,,,,,,,,,,,,,,,,,,,,,,,,,,,,,,,,,,,,,,,,,,
2025-10-05 18:32:42,,,,867488067684034,5834,HBD,,,,,,,,,,,,,,,,,,,,,,,,,,,,,,,,,,,,,,,,,,,,,,,,,,
2025-10-05 18:34:43,,,,867488067684034,5835,HBD,,,,,,,,,,,,,,,,,,,,,,,,,,,,,,,,,,,,,,,,,,,,,,,,,,
2025-10-05 18:36:43,,,,867488067684034,5836,HBD,,,,,,,,,,,,,,,,,,,,,,,,,,,,,,,,,,,,,,,,,,,,,,,,,,
2025-10-05 18:38:44,,,,867488067684034,5837,HBD,,,,,,,,,,,,,,,,,,,,,,,,,,,,,,,,,,,,,,,,,,,,,,,,,,
2025-10-05 18:40:44,,,,867488067684034,5838,HBD,,,,,,,,,,,,,,,,,,,,,,,,,,,,,,,,,,,,,,,,,,,,,,,,,,
2025-10-05 18:42:44,,,,867488067684034,5839,HBD,,,,,,,,,,,,,,,,,,,,,,,,,,,,,,,,,,,,,,,,,,,,,,,,,,
2025-10-05 18:44:45,,,,867488067684034,5840,HBD,,,,,,,,,,,,,,,,,,,,,,,,,,,,,,,,,,,,,,,,,,,,,,,,,,
2025-10-05 18:46:45,,,,867488067684034,5841,HBD,,,,,,,,,,,,,,,,,,,,,,,,,,,,,,,,,,,,,,,,,,,,,,,,,,
2025-10-05 18:48:46,,,,867488067684034,5842,HBD,,,,,,,,,,,,,,,,,,,,,,,,,,,,,,,,,,,,,,,,,,,,,,,,,,
2025-10-05 18:50:46,,,,867488067684034,5843,HBD,,,,,,,,,,,,,,,,,,,,,,,,,,,,,,,,,,,,,,,,,,,,,,,,,,
2025-10-05 18:52:47,,,,867488067684034,5844,HBD,,,,,,,,,,,,,,,,,,,,,,,,,,,,,,,,,,,,,,,,,,,,,,,,,,
2025-10-05 18:54:47,,,,867488067684034,5845,HBD,,,,,,,,,,,,,,,,,,,,,,,,,,,,,,,,,,,,,,,,,,,,,,,,,,
2025-10-05 18:56:48,,,,867488067684034,5846,HBD,,,,,,,,,,,,,,,,,,,,,,,,,,,,,,,,,,,,,,,,,,,,,,,,,,
2025-10-05 18:58:48,,,,867488067684034,5847,HBD,,,,,,,,,,,,,,,,,,,,,,,,,,,,,,,,,,,,,,,,,,,,,,,,,,
2025-10-05 19:00:49,,,,867488067684034,5848,HBD,,,,,,,,,,,,,,,,,,,,,,,,,,,,,,,,,,,,,,,,,,,,,,,,,,
2025-10-05 19:02:49,,,,867488067684034,5849,HBD,,,,,,,,,,,,,,,,,,,,,,,,,,,,,,,,,,,,,,,,,,,,,,,,,,
2025-10-05 19:04:50,,,,867488067684034,5850,HBD,,,,,,,,,,,,,,,,,,,,,,,,,,,,,,,,,,,,,,,,,,,,,,,,,,
2025-10-05 19:06:50,,,,867488067684034,5851,HBD,,,,,,,,,,,,,,,,,,,,,,,,,,,,,,,,,,,,,,,,,,,,,,,,,,
2025-10-05 19:08:50,,,,867488067684034,5852,HBD,,,,,,,,,,,,,,,,,,,,,,,,,,,,,,,,,,,,,,,,,,,,,,,,,,
2025-10-05 19:10:51,,,,867488067684034,5853,HBD,,,,,,,,,,,,,,,,,,,,,,,,,,,,,,,,,,,,,,,,,,,,,,,,,,
2025-10-05 19:12:51,,,,867488067684034,5854,HBD,,,,,,,,,,,,,,,,,,,,,,,,,,,,,,,,,,,,,,,,,,,,,,,,,,
2025-10-05 19:14:52,,,,867488067684034,5855,HBD,,,,,,,,,,,,,,,,,,,,,,,,,,,,,,,,,,,,,,,,,,,,,,,,,,
2025-10-05 19:16:52,,,,867488067684034,5856,HBD,,,,,,,,,,,,,,,,,,,,,,,,,,,,,,,,,,,,,,,,,,,,,,,,,,
2025-10-05 19:18:53,,,,867488067684034,5857,HBD,,,,,,,,,,,,,,,,,,,,,,,,,,,,,,,,,,,,,,,,,,,,,,,,,,
2025-10-05 19:20:53,,,,867488067684034,5858,HBD,,,,,,,,,,,,,,,,,,,,,,,,,,,,,,,,,,,,,,,,,,,,,,,,,,
2025-10-05 19:22:54,,,,867488067684034,5859,HBD,,,,,,,,,,,,,,,,,,,,,,,,,,,,,,,,,,,,,,,,,,,,,,,,,,
2025-10-05 19:24:54,,,,867488067684034,5860,HBD,,,,,,,,,,,,,,,,,,,,,,,,,,,,,,,,,,,,,,,,,,,,,,,,,,
2025-10-05 19:25:30,2025-10-05 19:25:30,2025-10-05 19:23:36,2025-10-05 19:23:36,867488067684034,5861,GTERI,0x19fe3fbf,0x00028102,802003,0x8303,0x0115,100,23141,0000,-,00,00,11,11,11,-,01,01,0.0,0.0,166,166,1027,1027,-25.047401,-25.047401,-51.540816,-51.540816,0724,0004,85da,0f6ad116,6.9,194.5,194.5,0:24:37,13:01:25,-,-,0,-,,,,,04,1,00000000,00,10,
2025-10-05 19:26:55,,,,867488067684034,5862,HBD,,,,,,,,,,,,,,,,,,,,,,,,,,,,,,,,,,,,,,,,,,,,,,,,,,
2025-10-05 19:28:55,,,,867488067684034,5863,HBD,,,,,,,,,,,,,,,,,,,,,,,,,,,,,,,,,,,,,,,,,,,,,,,,,,
2025-10-05 19:30:55,,,,867488067684034,5864,HBD,,,,,,,,,,,,,,,,,,,,,,,,,,,,,,,,,,,,,,,,,,,,,,,,,,
2025-10-05 19:32:56,,,,867488067684034,5865,HBD,,,,,,,,,,,,,,,,,,,,,,,,,,,,,,,,,,,,,,,,,,,,,,,,,,
2025-10-05 19:34:56,,,,867488067684034,5866,HBD,,,,,,,,,,,,,,,,,,,,,,,,,,,,,,,,,,,,,,,,,,,,,,,,,,
2025-10-05 19:36:57,,,,867488067684034,5867,HBD,,,,,,,,,,,,,,,,,,,,,,,,,,,,,,,,,,,,,,,,,,,,,,,,,,
2025-10-05 19:38:57,,,,867488067684034,5868,HBD,,,,,,,,,,,,,,,,,,,,,,,,,,,,,,,,,,,,,,,,,,,,,,,,,,
2025-10-05 19:40:58,,,,867488067684034,5869,HBD,,,,,,,,,,,,,,,,,,,,,,,,,,,,,,,,,,,,,,,,,,,,,,,,,,
2025-10-05 19:42:58,,,,867488067684034,5870,HBD,,,,,,,,,,,,,,,,,,,,,,,,,,,,,,,,,,,,,,,,,,,,,,,,,,
2025-10-05 19:44:59,,,,867488067684034,5871,HBD,,,,,,,,,,,,,,,,,,,,,,,,,,,,,,,,,,,,,,,,,,,,,,,,,,
2025-10-05 19:46:59,,,,867488067684034,5872,HBD,,,,,,,,,,,,,,,,,,,,,,,,,,,,,,,,,,,,,,,,,,,,,,,,,,
2025-10-05 19:49:00,,,,867488067684034,5873,HBD,,,,,,,,,,,,,,,,,,,,,,,,,,,,,,,,,,,,,,,,,,,,,,,,,,
2025-10-05 19:51:00,,,,867488067684034,5874,HBD,,,,,,,,,,,,,,,,,,,,,,,,,,,,,,,,,,,,,,,,,,,,,,,,,,
2025-10-05 19:53:01,,,,867488067684034,5875,HBD,,,,,,,,,,,,,,,,,,,,,,,,,,,,,,,,,,,,,,,,,,,,,,,,,,
2025-10-05 19:55:01,,,,867488067684034,5876,HBD,,,,,,,,,,,,,,,,,,,,,,,,,,,,,,,,,,,,,,,,,,,,,,,,,,
2025-10-05 19:57:02,,,,867488067684034,5877,HBD,,,,,,,,,,,,,,,,,,,,,,,,,,,,,,,,,,,,,,,,,,,,,,,,,,
2025-10-05 19:59:02,,,,867488067684034,5878,HBD,,,,,,,,,,,,,,,,,,,,,,,,,,,,,,,,,,,,,,,,,,,,,,,,,,
2025-10-05 20:01:02,,,,867488067684034,5879,HBD,,,,,,,,,,,,,,,,,,,,,,,,,,,,,,,,,,,,,,,,,,,,,,,,,,
2025-10-05 20:02:03,,,,867488067684034,5880,HBD,,,,,,,,,,,,,,,,,,,,,,,,,,,,,,,,,,,,,,,,,,,,,,,,,,
2025-10-05 20:04:03,,,,867488067684034,5881,HBD,,,,,,,,,,,,,,,,,,,,,,,,,,,,,,,,,,,,,,,,,,,,,,,,,,
2025-10-05 20:06:03,,,,867488067684034,5882,HBD,,,,,,,,,,,,,,,,,,,,,,,,,,,,,,,,,,,,,,,,,,,,,,,,,,
2025-10-05 20:08:04,,,,867488067684034,5883,HBD,,,,,,,,,,,,,,,,,,,,,,,,,,,,,,,,,,,,,,,,,,,,,,,,,,
2025-10-05 20:10:04,,,,867488067684034,5884,HBD,,,,,,,,,,,,,,,,,,,,,,,,,,,,,,,,,,,,,,,,,,,,,,,,,,
2025-10-05 20:12:05,,,,867488067684034,5885,HBD,,,,,,,,,,,,,,,,,,,,,,,,,,,,,,,,,,,,,,,,,,,,,,,,,,
2025-10-05 20:14:05,,,,867488067684034,5886,HBD,,,,,,,,,,,,,,,,,,,,,,,,,,,,,,,,,,,,,,,,,,,,,,,,,,
2025-10-05 20:16:06,,,,867488067684034,5887,HBD,,,,,,,,,,,,,,,,,,,,,,,,,,,,,,,,,,,,,,,,,,,,,,,,,,
2025-10-05 20:18:06,,,,867488067684034,5888,HBD,,,,,,,,,,,,,,,,,,,,,,,,,,,,,,,,,,,,,,,,,,,,,,,,,,
2025-10-05 20:20:07,,,,867488067684034,5889,HBD,,,,,,,,,,,,,,,,,,,,,,,,,,,,,,,,,,,,,,,,,,,,,,,,,,
2025-10-05 20:22:07,,,,867488067684034,5890,HBD,,,,,,,,,,,,,,,,,,,,,,,,,,,,,,,,,,,,,,,,,,,,,,,,,,
2025-10-05 20:24:07,,,,867488067684034,5891,HBD,,,,,,,,,,,,,,,,,,,,,,,,,,,,,,,,,,,,,,,,,,,,,,,,,,
2025-10-05 20:25:30,2025-10-05 20:25:30,2025-10-05 20:23:05,2025-10-05 20:23:05,867488067684034,5892,GTERI,0x19fe3fbf,0x00028102,802003,0x8303,0x0115,100,23138,0000,-,00,00,11,9,9,-,01,01,0.0,0.0,166,166,1027,1027,-25.047401,-25.047401,-51.540816,-51.540816,0724,0004,85da,0f6ad116,6.9,194.5,194.5,0:24:37,13:01:25,-,-,0,-,,,,,04,1,00000000,00,10,
2025-10-05 20:26:08,,,,867488067684034,5893,HBD,,,,,,,,,,,,,,,,,,,,,,,,,,,,,,,,,,,,,,,,,,,,,,,,,,
2025-10-05 20:28:08,,,,867488067684034,5894,HBD,,,,,,,,,,,,,,,,,,,,,,,,,,,,,,,,,,,,,,,,,,,,,,,,,,
2025-10-05 20:30:09,,,,867488067684034,5895,HBD,,,,,,,,,,,,,,,,,,,,,,,,,,,,,,,,,,,,,,,,,,,,,,,,,,
2025-10-05 20:32:09,,,,867488067684034,5896,HBD,,,,,,,,,,,,,,,,,,,,,,,,,,,,,,,,,,,,,,,,,,,,,,,,,,
2025-10-05 20:34:10,,,,867488067684034,5897,HBD,,,,,,,,,,,,,,,,,,,,,,,,,,,,,,,,,,,,,,,,,,,,,,,,,,
2025-10-05 20:36:10,,,,867488067684034,5898,HBD,,,,,,,,,,,,,,,,,,,,,,,,,,,,,,,,,,,,,,,,,,,,,,,,,,
2025-10-05 20:38:11,,,,867488067684034,5899,HBD,,,,,,,,,,,,,,,,,,,,,,,,,,,,,,,,,,,,,,,,,,,,,,,,,,
2025-10-05 20:40:11,,,,867488067684034,5900,HBD,,,,,,,,,,,,,,,,,,,,,,,,,,,,,,,,,,,,,,,,,,,,,,,,,,
2025-10-05 20:42:12,,,,867488067684034,5901,HBD,,,,,,,,,,,,,,,,,,,,,,,,,,,,,,,,,,,,,,,,,,,,,,,,,,
2025-10-05 20:44:12,,,,867488067684034,5902,HBD,,,,,,,,,,,,,,,,,,,,,,,,,,,,,,,,,,,,,,,,,,,,,,,,,,
2025-10-05 20:46:12,,,,867488067684034,5903,HBD,,,,,,,,,,,,,,,,,,,,,,,,,,,,,,,,,,,,,,,,,,,,,,,,,,
2025-10-05 20:48:13,,,,867488067684034,5904,HBD,,,,,,,,,,,,,,,,,,,,,,,,,,,,,,,,,,,,,,,,,,,,,,,,,,
2025-10-05 20:50:13,,,,867488067684034,5905,HBD,,,,,,,,,,,,,,,,,,,,,,,,,,,,,,,,,,,,,,,,,,,,,,,,,,
2025-10-05 20:52:14,,,,867488067684034,5906,HBD,,,,,,,,,,,,,,,,,,,,,,,,,,,,,,,,,,,,,,,,,,,,,,,,,,
2025-10-05 20:54:14,,,,867488067684034,5907,HBD,,,,,,,,,,,,,,,,,,,,,,,,,,,,,,,,,,,,,,,,,,,,,,,,,,
2025-10-05 20:56:15,,,,867488067684034,5908,HBD,,,,,,,,,,,,,,,,,,,,,,,,,,,,,,,,,,,,,,,,,,,,,,,,,,
2025-10-05 20:58:15,,,,867488067684034,5909,HBD,,,,,,,,,,,,,,,,,,,,,,,,,,,,,,,,,,,,,,,,,,,,,,,,,,
2025-10-05 21:00:16,,,,867488067684034,5910,HBD,,,,,,,,,,,,,,,,,,,,,,,,,,,,,,,,,,,,,,,,,,,,,,,,,,
2025-10-05 21:02:16,,,,867488067684034,5911,HBD,,,,,,,,,,,,,,,,,,,,,,,,,,,,,,,,,,,,,,,,,,,,,,,,,,
2025-10-05 21:04:17,,,,867488067684034,5912,HBD,,,,,,,,,,,,,,,,,,,,,,,,,,,,,,,,,,,,,,,,,,,,,,,,,,
2025-10-05 21:06:17,,,,867488067684034,5913,HBD,,,,,,,,,,,,,,,,,,,,,,,,,,,,,,,,,,,,,,,,,,,,,,,,,,
2025-10-05 21:08:18,,,,867488067684034,5914,HBD,,,,,,,,,,,,,,,,,,,,,,,,,,,,,,,,,,,,,,,,,,,,,,,,,,
2025-10-05 21:10:18,,,,867488067684034,5915,HBD,,,,,,,,,,,,,,,,,,,,,,,,,,,,,,,,,,,,,,,,,,,,,,,,,,
2025-10-05 21:12:18,,,,867488067684034,5916,HBD,,,,,,,,,,,,,,,,,,,,,,,,,,,,,,,,,,,,,,,,,,,,,,,,,,
2025-10-05 21:14:19,,,,867488067684034,5917,HBD,,,,,,,,,,,,,,,,,,,,,,,,,,,,,,,,,,,,,,,,,,,,,,,,,,
2025-10-05 21:16:19,,,,867488067684034,5918,HBD,,,,,,,,,,,,,,,,,,,,,,,,,,,,,,,,,,,,,,,,,,,,,,,,,,
2025-10-05 21:18:20,,,,867488067684034,5919,HBD,,,,,,,,,,,,,,,,,,,,,,,,,,,,,,,,,,,,,,,,,,,,,,,,,,
2025-10-05 21:20:20,,,,867488067684034,5920,HBD,,,,,,,,,,,,,,,,,,,,,,,,,,,,,,,,,,,,,,,,,,,,,,,,,,
2025-10-05 21:22:21,,,,867488067684034,5921,HBD,,,,,,,,,,,,,,,,,,,,,,,,,,,,,,,,,,,,,,,,,,,,,,,,,,
2025-10-05 21:24:21,,,,867488067684034,5922,HBD,,,,,,,,,,,,,,,,,,,,,,,,,,,,,,,,,,,,,,,,,,,,,,,,,,
2025-10-05 21:25:30,2025-10-05 21:25:30,2025-10-05 21:23:10,2025-10-05 21:23:10,867488067684034,5923,GTERI,0x19fe3fbf,0x00028102,802003,0x8303,0x0115,100,23180,0000,-,00,00,11,7,7,-,01,01,0.0,0.0,166,166,1027,1027,-25.047401,-25.047401,-51.540816,-51.540816,0724,0004,85da,0f6ad116,6.9,194.5,194.5,0:24:37,13:01:25,-,-,0,-,,,,,04,1,00000000,00,10,
2025-10-05 21:26:22,,,,867488067684034,5924,HBD,,,,,,,,,,,,,,,,,,,,,,,,,,,,,,,,,,,,,,,,,,,,,,,,,,
2025-10-05 21:28:22,,,,867488067684034,5925,HBD,,,,,,,,,,,,,,,,,,,,,,,,,,,,,,,,,,,,,,,,,,,,,,,,,,
2025-10-05 21:30:22,,,,867488067684034,5926,HBD,,,,,,,,,,,,,,,,,,,,,,,,,,,,,,,,,,,,,,,,,,,,,,,,,,
2025-10-05 21:32:23,,,,867488067684034,5927,HBD,,,,,,,,,,,,,,,,,,,,,,,,,,,,,,,,,,,,,,,,,,,,,,,,,,
2025-10-05 21:34:23,,,,867488067684034,5928,HBD,,,,,,,,,,,,,,,,,,,,,,,,,,,,,,,,,,,,,,,,,,,,,,,,,,
2025-10-05 21:36:24,,,,867488067684034,5929,HBD,,,,,,,,,,,,,,,,,,,,,,,,,,,,,,,,,,,,,,,,,,,,,,,,,,
2025-10-05 21:38:24,,,,867488067684034,5930,HBD,,,,,,,,,,,,,,,,,,,,,,,,,,,,,,,,,,,,,,,,,,,,,,,,,,
2025-10-05 21:40:25,,,,867488067684034,5931,HBD,,,,,,,,,,,,,,,,,,,,,,,,,,,,,,,,,,,,,,,,,,,,,,,,,,
2025-10-05 21:42:25,,,,867488067684034,5932,HBD,,,,,,,,,,,,,,,,,,,,,,,,,,,,,,,,,,,,,,,,,,,,,,,,,,
2025-10-05 21:44:26,,,,867488067684034,5933,HBD,,,,,,,,,,,,,,,,,,,,,,,,,,,,,,,,,,,,,,,,,,,,,,,,,,
2025-10-05 21:46:26,,,,867488067684034,5934,HBD,,,,,,,,,,,,,,,,,,,,,,,,,,,,,,,,,,,,,,,,,,,,,,,,,,
2025-10-05 21:48:26,,,,867488067684034,5935,HBD,,,,,,,,,,,,,,,,,,,,,,,,,,,,,,,,,,,,,,,,,,,,,,,,,,
2025-10-05 21:50:27,,,,867488067684034,5936,HBD,,,,,,,,,,,,,,,,,,,,,,,,,,,,,,,,,,,,,,,,,,,,,,,,,,
2025-10-05 21:52:27,,,,867488067684034,5937,HBD,,,,,,,,,,,,,,,,,,,,,,,,,,,,,,,,,,,,,,,,,,,,,,,,,,
2025-10-05 21:54:28,,,,867488067684034,5938,HBD,,,,,,,,,,,,,,,,,,,,,,,,,,,,,,,,,,,,,,,,,,,,,,,,,,
2025-10-05 21:56:28,,,,867488067684034,5939,HBD,,,,,,,,,,,,,,,,,,,,,,,,,,,,,,,,,,,,,,,,,,,,,,,,,,
2025-10-05 21:58:29,,,,867488067684034,5940,HBD,,,,,,,,,,,,,,,,,,,,,,,,,,,,,,,,,,,,,,,,,,,,,,,,,,
2025-10-05 22:00:29,,,,867488067684034,5941,HBD,,,,,,,,,,,,,,,,,,,,,,,,,,,,,,,,,,,,,,,,,,,,,,,,,,
2025-10-05 22:02:29,,,,867488067684034,5942,HBD,,,,,,,,,,,,,,,,,,,,,,,,,,,,,,,,,,,,,,,,,,,,,,,,,,
2025-10-05 22:04:30,,,,867488067684034,5943,HBD,,,,,,,,,,,,,,,,,,,,,,,,,,,,,,,,,,,,,,,,,,,,,,,,,,
2025-10-05 22:06:30,,,,867488067684034,5944,HBD,,,,,,,,,,,,,,,,,,,,,,,,,,,,,,,,,,,,,,,,,,,,,,,,,,
2025-10-05 22:08:31,,,,867488067684034,5945,HBD,,,,,,,,,,,,,,,,,,,,,,,,,,,,,,,,,,,,,,,,,,,,,,,,,,
2025-10-05 22:10:31,,,,867488067684034,5946,HBD,,,,,,,,,,,,,,,,,,,,,,,,,,,,,,,,,,,,,,,,,,,,,,,,,,
2025-10-05 22:12:32,,,,867488067684034,5947,HBD,,,,,,,,,,,,,,,,,,,,,,,,,,,,,,,,,,,,,,,,,,,,,,,,,,
2025-10-05 22:14:32,,,,867488067684034,5948,HBD,,,,,,,,,,,,,,,,,,,,,,,,,,,,,,,,,,,,,,,,,,,,,,,,,,
2025-10-05 22:16:33,,,,867488067684034,5949,HBD,,,,,,,,,,,,,,,,,,,,,,,,,,,,,,,,,,,,,,,,,,,,,,,,,,
2025-10-05 22:18:33,,,,867488067684034,5950,HBD,,,,,,,,,,,,,,,,,,,,,,,,,,,,,,,,,,,,,,,,,,,,,,,,,,
2025-10-05 22:20:33,,,,867488067684034,5951,HBD,,,,,,,,,,,,,,,,,,,,,,,,,,,,,,,,,,,,,,,,,,,,,,,,,,
2025-10-05 22:22:34,,,,867488067684034,5952,HBD,,,,,,,,,,,,,,,,,,,,,,,,,,,,,,,,,,,,,,,,,,,,,,,,,,
2025-10-05 22:24:34,,,,867488067684034,5953,HBD,,,,,,,,,,,,,,,,,,,,,,,,,,,,,,,,,,,,,,,,,,,,,,,,,,
2025-10-05 22:25:30,2025-10-05 22:25:30,2025-10-05 22:23:23,2025-10-05 22:23:23,867488067684034,5954,GTERI,0x19fe3fbf,0x00028102,802003,0x8303,0x0115,100,23160,0000,-,00,00,11,6,6,-,01,01,0.0,0.0,166,166,1027,1027,-25.047401,-25.047401,-51.540816,-51.540816,0724,0004,85da,0f6ad116,6.9,194.5,194.5,0:24:37,13:01:25,-,-,0,-,,,,,04,1,00000000,00,10,
2025-10-05 22:26:35,,,,867488067684034,5955,HBD,,,,,,,,,,,,,,,,,,,,,,,,,,,,,,,,,,,,,,,,,,,,,,,,,,
2025-10-05 22:28:35,,,,867488067684034,5956,HBD,,,,,,,,,,,,,,,,,,,,,,,,,,,,,,,,,,,,,,,,,,,,,,,,,,
2025-10-05 22:30:36,,,,867488067684034,5957,HBD,,,,,,,,,,,,,,,,,,,,,,,,,,,,,,,,,,,,,,,,,,,,,,,,,,
2025-10-05 22:32:36,,,,867488067684034,5958,HBD,,,,,,,,,,,,,,,,,,,,,,,,,,,,,,,,,,,,,,,,,,,,,,,,,,
2025-10-05 22:34:36,,,,867488067684034,5959,HBD,,,,,,,,,,,,,,,,,,,,,,,,,,,,,,,,,,,,,,,,,,,,,,,,,,
2025-10-05 22:36:37,,,,867488067684034,5960,HBD,,,,,,,,,,,,,,,,,,,,,,,,,,,,,,,,,,,,,,,,,,,,,,,,,,
2025-10-05 22:38:37,,,,867488067684034,5961,HBD,,,,,,,,,,,,,,,,,,,,,,,,,,,,,,,,,,,,,,,,,,,,,,,,,,
2025-10-05 22:40:38,,,,867488067684034,5962,HBD,,,,,,,,,,,,,,,,,,,,,,,,,,,,,,,,,,,,,,,,,,,,,,,,,,
2025-10-05 22:42:38,,,,867488067684034,5963,HBD,,,,,,,,,,,,,,,,,,,,,,,,,,,,,,,,,,,,,,,,,,,,,,,,,,
2025-10-05 22:44:39,,,,867488067684034,5964,HBD,,,,,,,,,,,,,,,,,,,,,,,,,,,,,,,,,,,,,,,,,,,,,,,,,,
2025-10-05 22:46:39,,,,867488067684034,5965,HBD,,,,,,,,,,,,,,,,,,,,,,,,,,,,,,,,,,,,,,,,,,,,,,,,,,
2025-10-05 22:48:40,,,,867488067684034,5966,HBD,,,,,,,,,,,,,,,,,,,,,,,,,,,,,,,,,,,,,,,,,,,,,,,,,,
2025-10-05 22:50:40,,,,867488067684034,5967,HBD,,,,,,,,,,,,,,,,,,,,,,,,,,,,,,,,,,,,,,,,,,,,,,,,,,
2025-10-05 22:52:40,,,,867488067684034,5968,HBD,,,,,,,,,,,,,,,,,,,,,,,,,,,,,,,,,,,,,,,,,,,,,,,,,,
2025-10-05 22:54:41,,,,867488067684034,5969,HBD,,,,,,,,,,,,,,,,,,,,,,,,,,,,,,,,,,,,,,,,,,,,,,,,,,
2025-10-05 22:56:41,,,,867488067684034,5970,HBD,,,,,,,,,,,,,,,,,,,,,,,,,,,,,,,,,,,,,,,,,,,,,,,,,,
2025-10-05 22:58:42,,,,867488067684034,5971,HBD,,,,,,,,,,,,,,,,,,,,,,,,,,,,,,,,,,,,,,,,,,,,,,,,,,
2025-10-05 23:00:42,,,,867488067684034,5972,HBD,,,,,,,,,,,,,,,,,,,,,,,,,,,,,,,,,,,,,,,,,,,,,,,,,,
2025-10-05 23:02:43,,,,867488067684034,5973,HBD,,,,,,,,,,,,,,,,,,,,,,,,,,,,,,,,,,,,,,,,,,,,,,,,,,
2025-10-05 23:04:43,,,,867488067684034,5974,HBD,,,,,,,,,,,,,,,,,,,,,,,,,,,,,,,,,,,,,,,,,,,,,,,,,,
2025-10-05 23:06:44,,,,867488067684034,5975,HBD,,,,,,,,,,,,,,,,,,,,,,,,,,,,,,,,,,,,,,,,,,,,,,,,,,
2025-10-05 23:08:44,,,,867488067684034,5976,HBD,,,,,,,,,,,,,,,,,,,,,,,,,,,,,,,,,,,,,,,,,,,,,,,,,,
2025-10-05 23:10:44,,,,867488067684034,5977,HBD,,,,,,,,,,,,,,,,,,,,,,,,,,,,,,,,,,,,,,,,,,,,,,,,,,
2025-10-05 23:12:45,,,,867488067684034,5978,HBD,,,,,,,,,,,,,,,,,,,,,,,,,,,,,,,,,,,,,,,,,,,,,,,,,,
2025-10-05 23:14:45,,,,867488067684034,5979,HBD,,,,,,,,,,,,,,,,,,,,,,,,,,,,,,,,,,,,,,,,,,,,,,,,,,
2025-10-05 23:16:46,,,,867488067684034,5980,HBD,,,,,,,,,,,,,,,,,,,,,,,,,,,,,,,,,,,,,,,,,,,,,,,,,,
2025-10-05 23:18:46,,,,867488067684034,5981,HBD,,,,,,,,,,,,,,,,,,,,,,,,,,,,,,,,,,,,,,,,,,,,,,,,,,
2025-10-05 23:20:47,,,,867488067684034,5982,HBD,,,,,,,,,,,,,,,,,,,,,,,,,,,,,,,,,,,,,,,,,,,,,,,,,,
2025-10-05 23:22:47,,,,867488067684034,5983,HBD,,,,,,,,,,,,,,,,,,,,,,,,,,,,,,,,,,,,,,,,,,,,,,,,,,
2025-10-05 23:24:48,,,,867488067684034,5984,HBD,,,,,,,,,,,,,,,,,,,,,,,,,,,,,,,,,,,,,,,,,,,,,,,,,,
2025-10-05 23:25:30,2025-10-05 23:25:30,2025-10-05 23:23:23,2025-10-05 23:23:23,867488067684034,5985,GTERI,0x19fe3fbf,0x00028102,802003,0x8303,0x0115,100,23141,0000,-,00,00,11,4,4,-,01,01,0.0,0.0,166,166,1027,1027,-25.047401,-25.047401,-51.540816,-51.540816,0724,0004,85da,0f6ad116,6.9,194.5,194.5,0:24:37,13:01:25,-,-,0,-,,,,,04,1,00000000,00,10,
2025-10-05 23:26:48,,,,867488067684034,5986,HBD,,,,,,,,,,,,,,,,,,,,,,,,,,,,,,,,,,,,,,,,,,,,,,,,,,
2025-10-05 23:28:49,,,,867488067684034,5987,HBD,,,,,,,,,,,,,,,,,,,,,,,,,,,,,,,,,,,,,,,,,,,,,,,,,,
2025-10-05 23:30:49,,,,867488067684034,5988,HBD,,,,,,,,,,,,,,,,,,,,,,,,,,,,,,,,,,,,,,,,,,,,,,,,,,
2025-10-05 23:32:49,,,,867488067684034,5989,HBD,,,,,,,,,,,,,,,,,,,,,,,,,,,,,,,,,,,,,,,,,,,,,,,,,,
2025-10-05 23:34:50,,,,867488067684034,5990,HBD,,,,,,,,,,,,,,,,,,,,,,,,,,,,,,,,,,,,,,,,,,,,,,,,,,
2025-10-05 23:36:50,,,,867488067684034,5991,HBD,,,,,,,,,,,,,,,,,,,,,,,,,,,,,,,,,,,,,,,,,,,,,,,,,,
2025-10-05 23:38:51,,,,867488067684034,5992,HBD,,,,,,,,,,,,,,,,,,,,,,,,,,,,,,,,,,,,,,,,,,,,,,,,,,
2025-10-05 23:40:51,,,,867488067684034,5993,HBD,,,,,,,,,,,,,,,,,,,,,,,,,,,,,,,,,,,,,,,,,,,,,,,,,,
2025-10-05 23:42:52,,,,867488067684034,5994,HBD,,,,,,,,,,,,,,,,,,,,,,,,,,,,,,,,,,,,,,,,,,,,,,,,,,
2025-10-05 23:44:52,,,,867488067684034,5995,HBD,,,,,,,,,,,,,,,,,,,,,,,,,,,,,,,,,,,,,,,,,,,,,,,,,,
2025-10-05 23:46:53,,,,867488067684034,5996,HBD,,,,,,,,,,,,,,,,,,,,,,,,,,,,,,,,,,,,,,,,,,,,,,,,,,
2025-10-05 23:48:53,,,,867488067684034,5997,HBD,,,,,,,,,,,,,,,,,,,,,,,,,,,,,,,,,,,,,,,,,,,,,,,,,,
2025-10-05 23:50:53,,,,867488067684034,5998,HBD,,,,,,,,,,,,,,,,,,,,,,,,,,,,,,,,,,,,,,,,,,,,,,,,,,
2025-10-05 23:52:54,,,,867488067684034,5999,HBD,,,,,,,,,,,,,,,,,,,,,,,,,,,,,,,,,,,,,,,,,,,,,,,,,,
2025-10-05 23:54:54,,,,867488067684034,6000,HBD,,,,,,,,,,,,,,,,,,,,,,,,,,,,,,,,,,,,,,,,,,,,,,,,,,
2025-10-05 23:56:55,,,,867488067684034,6001,HBD,,,,,,,,,,,,,,,,,,,,,,,,,,,,,,,,,,,,,,,,,,,,,,,,,,
2025-10-05 23:58:55,,,,867488067684034,6002,HBD,,,,,,,,,,,,,,,,,,,,,,,,,,,,,,,,,,,,,,,,,,,,,,,,,,
2025-10-06 00:00:56,,,,867488067684034,6003,HBD,,,,,,,,,,,,,,,,,,,,,,,,,,,,,,,,,,,,,,,,,,,,,,,,,,
2025-10-06 00:02:56,,,,867488067684034,6004,HBD,,,,,,,,,,,,,,,,,,,,,,,,,,,,,,,,,,,,,,,,,,,,,,,,,,
2025-10-06 00:04:56,,,,867488067684034,6005,HBD,,,,,,,,,,,,,,,,,,,,,,,,,,,,,,,,,,,,,,,,,,,,,,,,,,
2025-10-06 00:06:57,,,,867488067684034,6006,HBD,,,,,,,,,,,,,,,,,,,,,,,,,,,,,,,,,,,,,,,,,,,,,,,,,,
2025-10-06 00:08:57,,,,867488067684034,6007,HBD,,,,,,,,,,,,,,,,,,,,,,,,,,,,,,,,,,,,,,,,,,,,,,,,,,
2025-10-06 00:10:58,,,,867488067684034,6008,HBD,,,,,,,,,,,,,,,,,,,,,,,,,,,,,,,,,,,,,,,,,,,,,,,,,,
2025-10-06 00:12:58,,,,867488067684034,6009,HBD,,,,,,,,,,,,,,,,,,,,,,,,,,,,,,,,,,,,,,,,,,,,,,,,,,
2025-10-06 00:14:59,,,,867488067684034,6010,HBD,,,,,,,,,,,,,,,,,,,,,,,,,,,,,,,,,,,,,,,,,,,,,,,,,,
2025-10-06 00:16:59,,,,867488067684034,6011,HBD,,,,,,,,,,,,,,,,,,,,,,,,,,,,,,,,,,,,,,,,,,,,,,,,,,
2025-10-06 00:19:00,,,,867488067684034,6012,HBD,,,,,,,,,,,,,,,,,,,,,,,,,,,,,,,,,,,,,,,,,,,,,,,,,,
2025-10-06 00:21:00,,,,867488067684034,6013,HBD,,,,,,,,,,,,,,,,,,,,,,,,,,,,,,,,,,,,,,,,,,,,,,,,,,
2025-10-06 00:23:00,,,,867488067684034,6014,HBD,,,,,,,,,,,,,,,,,,,,,,,,,,,,,,,,,,,,,,,,,,,,,,,,,,
2025-10-06 00:25:01,,,,867488067684034,6015,HBD,,,,,,,,,,,,,,,,,,,,,,,,,,,,,,,,,,,,,,,,,,,,,,,,,,
2025-10-06 00:25:30,2025-10-06 00:25:30,2025-10-06 00:23:19,2025-10-06 00:23:19,867488067684034,6016,GTERI,0x19fe3fbf,0x00028102,802003,0x8303,0x0115,100,23102,0000,-,00,00,11,4,4,-,01,01,0.0,0.0,166,166,1027,1027,-25.047401,-25.047401,-51.540816,-51.540816,0724,0004,85da,0f6ad116,6.9,194.5,194.5,0:24:37,13:01:25,-,-,0,-,,,,,04,1,00000000,00,10,
2025-10-06 00:27:01,,,,867488067684034,6017,HBD,,,,,,,,,,,,,,,,,,,,,,,,,,,,,,,,,,,,,,,,,,,,,,,,,,
2025-10-06 00:29:02,,,,867488067684034,6018,HBD,,,,,,,,,,,,,,,,,,,,,,,,,,,,,,,,,,,,,,,,,,,,,,,,,,
2025-10-06 00:31:02,,,,867488067684034,6019,HBD,,,,,,,,,,,,,,,,,,,,,,,,,,,,,,,,,,,,,,,,,,,,,,,,,,
2025-10-06 00:33:03,,,,867488067684034,6020,HBD,,,,,,,,,,,,,,,,,,,,,,,,,,,,,,,,,,,,,,,,,,,,,,,,,,
2025-10-06 00:34:03,,,,867488067684034,6021,HBD,,,,,,,,,,,,,,,,,,,,,,,,,,,,,,,,,,,,,,,,,,,,,,,,,,
2025-10-06 00:36:03,,,,867488067684034,6022,HBD,,,,,,,,,,,,,,,,,,,,,,,,,,,,,,,,,,,,,,,,,,,,,,,,,,
2025-10-06 00:38:04,,,,867488067684034,6023,HBD,,,,,,,,,,,,,,,,,,,,,,,,,,,,,,,,,,,,,,,,,,,,,,,,,,
2025-10-06 00:40:04,,,,867488067684034,6024,HBD,,,,,,,,,,,,,,,,,,,,,,,,,,,,,,,,,,,,,,,,,,,,,,,,,,
2025-10-06 00:42:05,,,,867488067684034,6025,HBD,,,,,,,,,,,,,,,,,,,,,,,,,,,,,,,,,,,,,,,,,,,,,,,,,,
2025-10-06 00:44:05,,,,867488067684034,6026,HBD,,,,,,,,,,,,,,,,,,,,,,,,,,,,,,,,,,,,,,,,,,,,,,,,,,
2025-10-06 00:46:06,,,,867488067684034,6027,HBD,,,,,,,,,,,,,,,,,,,,,,,,,,,,,,,,,,,,,,,,,,,,,,,,,,
2025-10-06 00:48:06,,,,867488067684034,6028,HBD,,,,,,,,,,,,,,,,,,,,,,,,,,,,,,,,,,,,,,,,,,,,,,,,,,
2025-10-06 00:50:07,,,,867488067684034,6029,HBD,,,,,,,,,,,,,,,,,,,,,,,,,,,,,,,,,,,,,,,,,,,,,,,,,,
2025-10-06 00:52:07,,,,867488067684034,6030,HBD,,,,,,,,,,,,,,,,,,,,,,,,,,,,,,,,,,,,,,,,,,,,,,,,,,
2025-10-06 00:54:07,,,,867488067684034,6031,HBD,,,,,,,,,,,,,,,,,,,,,,,,,,,,,,,,,,,,,,,,,,,,,,,,,,
2025-10-06 00:56:08,,,,867488067684034,6032,HBD,,,,,,,,,,,,,,,,,,,,,,,,,,,,,,,,,,,,,,,,,,,,,,,,,,
2025-10-06 00:58:08,,,,867488067684034,6033,HBD,,,,,,,,,,,,,,,,,,,,,,,,,,,,,,,,,,,,,,,,,,,,,,,,,,
2025-10-06 01:00:09,,,,867488067684034,6034,HBD,,,,,,,,,,,,,,,,,,,,,,,,,,,,,,,,,,,,,,,,,,,,,,,,,,
2025-10-06 01:02:09,,,,867488067684034,6035,HBD,,,,,,,,,,,,,,,,,,,,,,,,,,,,,,,,,,,,,,,,,,,,,,,,,,
2025-10-06 01:04:10,,,,867488067684034,6036,HBD,,,,,,,,,,,,,,,,,,,,,,,,,,,,,,,,,,,,,,,,,,,,,,,,,,
2025-10-06 01:06:10,,,,867488067684034,6037,HBD,,,,,,,,,,,,,,,,,,,,,,,,,,,,,,,,,,,,,,,,,,,,,,,,,,
2025-10-06 01:08:11,,,,867488067684034,6038,HBD,,,,,,,,,,,,,,,,,,,,,,,,,,,,,,,,,,,,,,,,,,,,,,,,,,
2025-10-06 01:10:11,,,,867488067684034,6039,HBD,,,,,,,,,,,,,,,,,,,,,,,,,,,,,,,,,,,,,,,,,,,,,,,,,,
2025-10-06 01:12:12,,,,867488067684034,6040,HBD,,,,,,,,,,,,,,,,,,,,,,,,,,,,,,,,,,,,,,,,,,,,,,,,,,
2025-10-06 01:14:12,,,,867488067684034,6041,HBD,,,,,,,,,,,,,,,,,,,,,,,,,,,,,,,,,,,,,,,,,,,,,,,,,,
2025-10-06 01:16:12,,,,867488067684034,6042,HBD,,,,,,,,,,,,,,,,,,,,,,,,,,,,,,,,,,,,,,,,,,,,,,,,,,
2025-10-06 01:18:13,,,,867488067684034,6043,HBD,,,,,,,,,,,,,,,,,,,,,,,,,,,,,,,,,,,,,,,,,,,,,,,,,,
2025-10-06 01:20:13,,,,867488067684034,6044,HBD,,,,,,,,,,,,,,,,,,,,,,,,,,,,,,,,,,,,,,,,,,,,,,,,,,
2025-10-06 01:22:14,,,,867488067684034,6045,HBD,,,,,,,,,,,,,,,,,,,,,,,,,,,,,,,,,,,,,,,,,,,,,,,,,,
2025-10-06 01:24:14,,,,867488067684034,6046,HBD,,,,,,,,,,,,,,,,,,,,,,,,,,,,,,,,,,,,,,,,,,,,,,,,,,
2025-10-06 01:25:30,2025-10-06 01:25:30,2025-10-06 01:23:23,2025-10-06 01:23:23,867488067684034,6047,GTERI,0x19fe3fbf,0x00028102,802003,0x8303,0x0115,100,23121,0000,-,00,00,11,5,5,-,01,01,0.0,0.0,166,166,1027,1027,-25.047401,-25.047401,-51.540816,-51.540816,0724,0004,85da,0f6ad116,6.9,194.5,194.5,0:24:37,13:01:25,-,-,0,-,,,,,04,1,00000000,00,10,
2025-10-06 01:26:15,,,,867488067684034,6048,HBD,,,,,,,,,,,,,,,,,,,,,,,,,,,,,,,,,,,,,,,,,,,,,,,,,,
2025-10-06 01:28:15,,,,867488067684034,6049,HBD,,,,,,,,,,,,,,,,,,,,,,,,,,,,,,,,,,,,,,,,,,,,,,,,,,
2025-10-06 01:30:16,,,,867488067684034,6050,HBD,,,,,,,,,,,,,,,,,,,,,,,,,,,,,,,,,,,,,,,,,,,,,,,,,,
2025-10-06 01:32:16,,,,867488067684034,6051,HBD,,,,,,,,,,,,,,,,,,,,,,,,,,,,,,,,,,,,,,,,,,,,,,,,,,
2025-10-06 01:34:17,,,,867488067684034,6052,HBD,,,,,,,,,,,,,,,,,,,,,,,,,,,,,,,,,,,,,,,,,,,,,,,,,,
2025-10-06 01:36:17,,,,867488067684034,6053,HBD,,,,,,,,,,,,,,,,,,,,,,,,,,,,,,,,,,,,,,,,,,,,,,,,,,
2025-10-06 01:38:18,,,,867488067684034,6054,HBD,,,,,,,,,,,,,,,,,,,,,,,,,,,,,,,,,,,,,,,,,,,,,,,,,,
2025-10-06 01:40:18,,,,867488067684034,6055,HBD,,,,,,,,,,,,,,,,,,,,,,,,,,,,,,,,,,,,,,,,,,,,,,,,,,
2025-10-06 01:42:18,,,,867488067684034,6056,HBD,,,,,,,,,,,,,,,,,,,,,,,,,,,,,,,,,,,,,,,,,,,,,,,,,,
2025-10-06 01:44:19,,,,867488067684034,6057,HBD,,,,,,,,,,,,,,,,,,,,,,,,,,,,,,,,,,,,,,,,,,,,,,,,,,
2025-10-06 01:46:19,,,,867488067684034,6058,HBD,,,,,,,,,,,,,,,,,,,,,,,,,,,,,,,,,,,,,,,,,,,,,,,,,,
2025-10-06 01:48:20,,,,867488067684034,6059,HBD,,,,,,,,,,,,,,,,,,,,,,,,,,,,,,,,,,,,,,,,,,,,,,,,,,
2025-10-06 01:50:20,,,,867488067684034,6060,HBD,,,,,,,,,,,,,,,,,,,,,,,,,,,,,,,,,,,,,,,,,,,,,,,,,,
2025-10-06 01:52:21,,,,867488067684034,6061,HBD,,,,,,,,,,,,,,,,,,,,,,,,,,,,,,,,,,,,,,,,,,,,,,,,,,
2025-10-06 01:54:21,,,,867488067684034,6062,HBD,,,,,,,,,,,,,,,,,,,,,,,,,,,,,,,,,,,,,,,,,,,,,,,,,,
2025-10-06 01:56:22,,,,867488067684034,6063,HBD,,,,,,,,,,,,,,,,,,,,,,,,,,,,,,,,,,,,,,,,,,,,,,,,,,
2025-10-06 01:58:22,,,,867488067684034,6064,HBD,,,,,,,,,,,,,,,,,,,,,,,,,,,,,,,,,,,,,,,,,,,,,,,,,,
2025-10-06 02:00:22,,,,867488067684034,6065,HBD,,,,,,,,,,,,,,,,,,,,,,,,,,,,,,,,,,,,,,,,,,,,,,,,,,
2025-10-06 02:02:23,,,,867488067684034,6066,HBD,,,,,,,,,,,,,,,,,,,,,,,,,,,,,,,,,,,,,,,,,,,,,,,,,,
2025-10-06 02:04:23,,,,867488067684034,6067,HBD,,,,,,,,,,,,,,,,,,,,,,,,,,,,,,,,,,,,,,,,,,,,,,,,,,
2025-10-06 02:06:24,,,,867488067684034,6068,HBD,,,,,,,,,,,,,,,,,,,,,,,,,,,,,,,,,,,,,,,,,,,,,,,,,,
2025-10-06 02:08:24,,,,867488067684034,6069,HBD,,,,,,,,,,,,,,,,,,,,,,,,,,,,,,,,,,,,,,,,,,,,,,,,,,
2025-10-06 02:10:25,,,,867488067684034,6070,HBD,,,,,,,,,,,,,,,,,,,,,,,,,,,,,,,,,,,,,,,,,,,,,,,,,,
2025-10-06 02:12:25,,,,867488067684034,6071,HBD,,,,,,,,,,,,,,,,,,,,,,,,,,,,,,,,,,,,,,,,,,,,,,,,,,
2025-10-06 02:14:26,,,,867488067684034,6072,HBD,,,,,,,,,,,,,,,,,,,,,,,,,,,,,,,,,,,,,,,,,,,,,,,,,,
2025-10-06 02:16:26,,,,867488067684034,6073,HBD,,,,,,,,,,,,,,,,,,,,,,,,,,,,,,,,,,,,,,,,,,,,,,,,,,
2025-10-06 02:18:26,,,,867488067684034,6074,HBD,,,,,,,,,,,,,,,,,,,,,,,,,,,,,,,,,,,,,,,,,,,,,,,,,,
2025-10-06 02:20:27,,,,867488067684034,6075,HBD,,,,,,,,,,,,,,,,,,,,,,,,,,,,,,,,,,,,,,,,,,,,,,,,,,
2025-10-06 02:22:27,,,,867488067684034,6076,HBD,,,,,,,,,,,,,,,,,,,,,,,,,,,,,,,,,,,,,,,,,,,,,,,,,,
2025-10-06 02:24:28,,,,867488067684034,6077,HBD,,,,,,,,,,,,,,,,,,,,,,,,,,,,,,,,,,,,,,,,,,,,,,,,,,
2025-10-06 02:25:30,2025-10-06 02:25:30,2025-10-06 02:23:09,2025-10-06 02:23:09,867488067684034,6078,GTERI,0x19fe3fbf,0x00028102,802003,0x8303,0x0115,100,23051,0000,-,00,00,11,4,4,-,01,01,0.0,0.0,166,166,1027,1027,-25.047401,-25.047401,-51.540816,-51.540816,0724,0004,85da,0f6ad116,6.9,194.5,194.5,0:24:37,13:01:25,-,-,0,-,,,,,04,1,00000000,00,10,
2025-10-06 02:26:28,,,,867488067684034,6079,HBD,,,,,,,,,,,,,,,,,,,,,,,,,,,,,,,,,,,,,,,,,,,,,,,,,,
2025-10-06 02:28:29,,,,867488067684034,6080,HBD,,,,,,,,,,,,,,,,,,,,,,,,,,,,,,,,,,,,,,,,,,,,,,,,,,
2025-10-06 02:30:29,,,,867488067684034,6081,HBD,,,,,,,,,,,,,,,,,,,,,,,,,,,,,,,,,,,,,,,,,,,,,,,,,,
2025-10-06 02:32:30,,,,867488067684034,6082,HBD,,,,,,,,,,,,,,,,,,,,,,,,,,,,,,,,,,,,,,,,,,,,,,,,,,
2025-10-06 02:34:30,,,,867488067684034,6083,HBD,,,,,,,,,,,,,,,,,,,,,,,,,,,,,,,,,,,,,,,,,,,,,,,,,,
2025-10-06 02:36:31,,,,867488067684034,6084,HBD,,,,,,,,,,,,,,,,,,,,,,,,,,,,,,,,,,,,,,,,,,,,,,,,,,
2025-10-06 02:38:31,,,,867488067684034,6085,HBD,,,,,,,,,,,,,,,,,,,,,,,,,,,,,,,,,,,,,,,,,,,,,,,,,,
2025-10-06 02:40:31,,,,867488067684034,6086,HBD,,,,,,,,,,,,,,,,,,,,,,,,,,,,,,,,,,,,,,,,,,,,,,,,,,
2025-10-06 02:42:32,,,,867488067684034,6087,HBD,,,,,,,,,,,,,,,,,,,,,,,,,,,,,,,,,,,,,,,,,,,,,,,,,,
2025-10-06 02:44:32,,,,867488067684034,6088,HBD,,,,,,,,,,,,,,,,,,,,,,,,,,,,,,,,,,,,,,,,,,,,,,,,,,
2025-10-06 02:46:33,,,,867488067684034,6089,HBD,,,,,,,,,,,,,,,,,,,,,,,,,,,,,,,,,,,,,,,,,,,,,,,,,,
2025-10-06 02:48:33,,,,867488067684034,6090,HBD,,,,,,,,,,,,,,,,,,,,,,,,,,,,,,,,,,,,,,,,,,,,,,,,,,
2025-10-06 02:50:34,,,,867488067684034,6091,HBD,,,,,,,,,,,,,,,,,,,,,,,,,,,,,,,,,,,,,,,,,,,,,,,,,,
2025-10-06 02:52:34,,,,867488067684034,6092,HBD,,,,,,,,,,,,,,,,,,,,,,,,,,,,,,,,,,,,,,,,,,,,,,,,,,
2025-10-06 02:54:34,,,,867488067684034,6093,HBD,,,,,,,,,,,,,,,,,,,,,,,,,,,,,,,,,,,,,,,,,,,,,,,,,,
2025-10-06 02:56:35,,,,867488067684034,6094,HBD,,,,,,,,,,,,,,,,,,,,,,,,,,,,,,,,,,,,,,,,,,,,,,,,,,
2025-10-06 02:58:35,,,,867488067684034,6095,HBD,,,,,,,,,,,,,,,,,,,,,,,,,,,,,,,,,,,,,,,,,,,,,,,,,,
2025-10-06 03:00:36,,,,867488067684034,6096,HBD,,,,,,,,,,,,,,,,,,,,,,,,,,,,,,,,,,,,,,,,,,,,,,,,,,
2025-10-06 03:02:36,,,,867488067684034,6097,HBD,,,,,,,,,,,,,,,,,,,,,,,,,,,,,,,,,,,,,,,,,,,,,,,,,,
2025-10-06 03:04:37,,,,867488067684034,6098,HBD,,,,,,,,,,,,,,,,,,,,,,,,,,,,,,,,,,,,,,,,,,,,,,,,,,
2025-10-06 03:06:37,,,,867488067684034,6099,HBD,,,,,,,,,,,,,,,,,,,,,,,,,,,,,,,,,,,,,,,,,,,,,,,,,,
2025-10-06 03:08:38,,,,867488067684034,6100,HBD,,,,,,,,,,,,,,,,,,,,,,,,,,,,,,,,,,,,,,,,,,,,,,,,,,
2025-10-06 03:10:38,,,,867488067684034,6101,HBD,,,,,,,,,,,,,,,,,,,,,,,,,,,,,,,,,,,,,,,,,,,,,,,,,,
2025-10-06 03:12:39,,,,867488067684034,6102,HBD,,,,,,,,,,,,,,,,,,,,,,,,,,,,,,,,,,,,,,,,,,,,,,,,,,
2025-10-06 03:14:39,,,,867488067684034,6103,HBD,,,,,,,,,,,,,,,,,,,,,,,,,,,,,,,,,,,,,,,,,,,,,,,,,,
2025-10-06 03:16:39,,,,867488067684034,6104,HBD,,,,,,,,,,,,,,,,,,,,,,,,,,,,,,,,,,,,,,,,,,,,,,,,,,
2025-10-06 03:18:40,,,,867488067684034,6105,HBD,,,,,,,,,,,,,,,,,,,,,,,,,,,,,,,,,,,,,,,,,,,,,,,,,,
2025-10-06 03:20:40,,,,867488067684034,6106,HBD,,,,,,,,,,,,,,,,,,,,,,,,,,,,,,,,,,,,,,,,,,,,,,,,,,
2025-10-06 03:22:41,,,,867488067684034,6107,HBD,,,,,,,,,,,,,,,,,,,,,,,,,,,,,,,,,,,,,,,,,,,,,,,,,,
2025-10-06 03:24:41,,,,867488067684034,6108,HBD,,,,,,,,,,,,,,,,,,,,,,,,,,,,,,,,,,,,,,,,,,,,,,,,,,
2025-10-06 03:25:30,2025-10-06 03:25:30,2025-10-06 03:23:11,2025-10-06 03:23:11,867488067684034,6109,GTERI,0x19fe3fbf,0x00028102,802003,0x8303,0x0115,100,23029,0000,-,00,00,11,4,4,-,01,01,0.0,0.0,166,166,1027,1027,-25.047401,-25.047401,-51.540816,-51.540816,0724,0004,85da,0f6ad116,6.9,194.5,194.5,0:24:37,13:01:25,-,-,0,-,,,,,04,1,00000000,00,10,
2025-10-06 03:26:42,,,,867488067684034,6110,HBD,,,,,,,,,,,,,,,,,,,,,,,,,,,,,,,,,,,,,,,,,,,,,,,,,,
2025-10-06 03:28:42,,,,867488067684034,6111,HBD,,,,,,,,,,,,,,,,,,,,,,,,,,,,,,,,,,,,,,,,,,,,,,,,,,
2025-10-06 03:30:43,,,,867488067684034,6112,HBD,,,,,,,,,,,,,,,,,,,,,,,,,,,,,,,,,,,,,,,,,,,,,,,,,,
2025-10-06 03:32:43,,,,867488067684034,6113,HBD,,,,,,,,,,,,,,,,,,,,,,,,,,,,,,,,,,,,,,,,,,,,,,,,,,
2025-10-06 03:34:43,,,,867488067684034,6114,HBD,,,,,,,,,,,,,,,,,,,,,,,,,,,,,,,,,,,,,,,,,,,,,,,,,,
2025-10-06 03:36:44,,,,867488067684034,6115,HBD,,,,,,,,,,,,,,,,,,,,,,,,,,,,,,,,,,,,,,,,,,,,,,,,,,
2025-10-06 03:38:44,,,,867488067684034,6116,HBD,,,,,,,,,,,,,,,,,,,,,,,,,,,,,,,,,,,,,,,,,,,,,,,,,,
2025-10-06 03:40:45,,,,867488067684034,6117,HBD,,,,,,,,,,,,,,,,,,,,,,,,,,,,,,,,,,,,,,,,,,,,,,,,,,
2025-10-06 03:42:45,,,,867488067684034,6118,HBD,,,,,,,,,,,,,,,,,,,,,,,,,,,,,,,,,,,,,,,,,,,,,,,,,,
2025-10-06 03:44:46,,,,867488067684034,6119,HBD,,,,,,,,,,,,,,,,,,,,,,,,,,,,,,,,,,,,,,,,,,,,,,,,,,
2025-10-06 03:46:46,,,,867488067684034,6120,HBD,,,,,,,,,,,,,,,,,,,,,,,,,,,,,,,,,,,,,,,,,,,,,,,,,,
2025-10-06 03:48:46,,,,867488067684034,6121,HBD,,,,,,,,,,,,,,,,,,,,,,,,,,,,,,,,,,,,,,,,,,,,,,,,,,
2025-10-06 03:50:47,,,,867488067684034,6122,HBD,,,,,,,,,,,,,,,,,,,,,,,,,,,,,,,,,,,,,,,,,,,,,,,,,,
2025-10-06 03:52:47,,,,867488067684034,6123,HBD,,,,,,,,,,,,,,,,,,,,,,,,,,,,,,,,,,,,,,,,,,,,,,,,,,
2025-10-06 03:54:48,,,,867488067684034,6124,HBD,,,,,,,,,,,,,,,,,,,,,,,,,,,,,,,,,,,,,,,,,,,,,,,,,,
2025-10-06 03:56:48,,,,867488067684034,6125,HBD,,,,,,,,,,,,,,,,,,,,,,,,,,,,,,,,,,,,,,,,,,,,,,,,,,
2025-10-06 03:58:49,,,,867488067684034,6126,HBD,,,,,,,,,,,,,,,,,,,,,,,,,,,,,,,,,,,,,,,,,,,,,,,,,,
2025-10-06 04:00:49,,,,867488067684034,6127,HBD,,,,,,,,,,,,,,,,,,,,,,,,,,,,,,,,,,,,,,,,,,,,,,,,,,
2025-10-06 04:02:50,,,,867488067684034,6128,HBD,,,,,,,,,,,,,,,,,,,,,,,,,,,,,,,,,,,,,,,,,,,,,,,,,,
2025-10-06 04:04:50,,,,867488067684034,6129,HBD,,,,,,,,,,,,,,,,,,,,,,,,,,,,,,,,,,,,,,,,,,,,,,,,,,
2025-10-06 04:06:50,,,,867488067684034,6130,HBD,,,,,,,,,,,,,,,,,,,,,,,,,,,,,,,,,,,,,,,,,,,,,,,,,,
2025-10-06 04:08:51,,,,867488067684034,6131,HBD,,,,,,,,,,,,,,,,,,,,,,,,,,,,,,,,,,,,,,,,,,,,,,,,,,
2025-10-06 04:10:51,,,,867488067684034,6132,HBD,,,,,,,,,,,,,,,,,,,,,,,,,,,,,,,,,,,,,,,,,,,,,,,,,,
2025-10-06 04:12:52,,,,867488067684034,6133,HBD,,,,,,,,,,,,,,,,,,,,,,,,,,,,,,,,,,,,,,,,,,,,,,,,,,
2025-10-06 04:14:52,,,,867488067684034,6134,HBD,,,,,,,,,,,,,,,,,,,,,,,,,,,,,,,,,,,,,,,,,,,,,,,,,,
2025-10-06 04:16:53,,,,867488067684034,6135,HBD,,,,,,,,,,,,,,,,,,,,,,,,,,,,,,,,,,,,,,,,,,,,,,,,,,
2025-10-06 04:18:53,,,,867488067684034,6136,HBD,,,,,,,,,,,,,,,,,,,,,,,,,,,,,,,,,,,,,,,,,,,,,,,,,,
2025-10-06 04:20:54,,,,867488067684034,6137,HBD,,,,,,,,,,,,,,,,,,,,,,,,,,,,,,,,,,,,,,,,,,,,,,,,,,
2025-10-06 04:22:54,,,,867488067684034,6138,HBD,,,,,,,,,,,,,,,,,,,,,,,,,,,,,,,,,,,,,,,,,,,,,,,,,,
2025-10-06 04:24:54,,,,867488067684034,6139,HBD,,,,,,,,,,,,,,,,,,,,,,,,,,,,,,,,,,,,,,,,,,,,,,,,,,
2025-10-06 04:25:30,2025-10-06 04:25:30,2025-10-06 04:23:31,2025-10-06 04:23:31,867488067684034,6140,GTERI,0x19fe3fbf,0x00028102,802003,0x8303,0x0115,100,23080,0000,-,00,00,11,12,12,-,01,01,0.0,0.0,166,166,1027,1027,-25.047401,-25.047401,-51.540816,-51.540816,0724,0004,85da,0f6ad116,6.9,194.5,194.5,0:24:37,13:01:25,-,-,0,-,,,,,04,1,00000000,00,10,
2025-10-06 04:26:55,,,,867488067684034,6141,HBD,,,,,,,,,,,,,,,,,,,,,,,,,,,,,,,,,,,,,,,,,,,,,,,,,,
2025-10-06 04:28:55,,,,867488067684034,6142,HBD,,,,,,,,,,,,,,,,,,,,,,,,,,,,,,,,,,,,,,,,,,,,,,,,,,
2025-10-06 04:30:56,,,,867488067684034,6143,HBD,,,,,,,,,,,,,,,,,,,,,,,,,,,,,,,,,,,,,,,,,,,,,,,,,,
2025-10-06 04:32:56,,,,867488067684034,6144,HBD,,,,,,,,,,,,,,,,,,,,,,,,,,,,,,,,,,,,,,,,,,,,,,,,,,
2025-10-06 04:34:57,,,,867488067684034,6145,HBD,,,,,,,,,,,,,,,,,,,,,,,,,,,,,,,,,,,,,,,,,,,,,,,,,,
2025-10-06 04:36:57,,,,867488067684034,6146,HBD,,,,,,,,,,,,,,,,,,,,,,,,,,,,,,,,,,,,,,,,,,,,,,,,,,
2025-10-06 04:38:58,,,,867488067684034,6147,HBD,,,,,,,,,,,,,,,,,,,,,,,,,,,,,,,,,,,,,,,,,,,,,,,,,,
2025-10-06 04:40:58,,,,867488067684034,6148,HBD,,,,,,,,,,,,,,,,,,,,,,,,,,,,,,,,,,,,,,,,,,,,,,,,,,
2025-10-06 04:42:58,,,,867488067684034,6149,HBD,,,,,,,,,,,,,,,,,,,,,,,,,,,,,,,,,,,,,,,,,,,,,,,,,,
2025-10-06 04:44:59,,,,867488067684034,6150,HBD,,,,,,,,,,,,,,,,,,,,,,,,,,,,,,,,,,,,,,,,,,,,,,,,,,
2025-10-06 04:46:59,,,,867488067684034,6151,HBD,,,,,,,,,,,,,,,,,,,,,,,,,,,,,,,,,,,,,,,,,,,,,,,,,,
2025-10-06 04:49:00,,,,867488067684034,6152,HBD,,,,,,,,,,,,,,,,,,,,,,,,,,,,,,,,,,,,,,,,,,,,,,,,,,
2025-10-06 04:51:00,,,,867488067684034,6153,HBD,,,,,,,,,,,,,,,,,,,,,,,,,,,,,,,,,,,,,,,,,,,,,,,,,,
2025-10-06 04:53:01,,,,867488067684034,6154,HBD,,,,,,,,,,,,,,,,,,,,,,,,,,,,,,,,,,,,,,,,,,,,,,,,,,
2025-10-06 04:55:01,,,,867488067684034,6155,HBD,,,,,,,,,,,,,,,,,,,,,,,,,,,,,,,,,,,,,,,,,,,,,,,,,,
2025-10-06 04:57:02,,,,867488067684034,6156,HBD,,,,,,,,,,,,,,,,,,,,,,,,,,,,,,,,,,,,,,,,,,,,,,,,,,
2025-10-06 04:59:02,,,,867488067684034,6157,HBD,,,,,,,,,,,,,,,,,,,,,,,,,,,,,,,,,,,,,,,,,,,,,,,,,,
2025-10-06 05:01:03,,,,867488067684034,6158,HBD,,,,,,,,,,,,,,,,,,,,,,,,,,,,,,,,,,,,,,,,,,,,,,,,,,
2025-10-06 05:02:03,,,,867488067684034,6159,HBD,,,,,,,,,,,,,,,,,,,,,,,,,,,,,,,,,,,,,,,,,,,,,,,,,,
2025-10-06 05:04:03,,,,867488067684034,6160,HBD,,,,,,,,,,,,,,,,,,,,,,,,,,,,,,,,,,,,,,,,,,,,,,,,,,
2025-10-06 05:06:04,,,,867488067684034,6161,HBD,,,,,,,,,,,,,,,,,,,,,,,,,,,,,,,,,,,,,,,,,,,,,,,,,,
2025-10-06 05:08:04,,,,867488067684034,6162,HBD,,,,,,,,,,,,,,,,,,,,,,,,,,,,,,,,,,,,,,,,,,,,,,,,,,
2025-10-06 05:10:05,,,,867488067684034,6163,HBD,,,,,,,,,,,,,,,,,,,,,,,,,,,,,,,,,,,,,,,,,,,,,,,,,,
2025-10-06 05:12:05,,,,867488067684034,6164,HBD,,,,,,,,,,,,,,,,,,,,,,,,,,,,,,,,,,,,,,,,,,,,,,,,,,
2025-10-06 05:14:06,,,,867488067684034,6165,HBD,,,,,,,,,,,,,,,,,,,,,,,,,,,,,,,,,,,,,,,,,,,,,,,,,,
2025-10-06 05:16:06,,,,867488067684034,6166,HBD,,,,,,,,,,,,,,,,,,,,,,,,,,,,,,,,,,,,,,,,,,,,,,,,,,
2025-10-06 05:18:06,,,,867488067684034,6167,HBD,,,,,,,,,,,,,,,,,,,,,,,,,,,,,,,,,,,,,,,,,,,,,,,,,,
2025-10-06 05:20:07,,,,867488067684034,6168,HBD,,,,,,,,,,,,,,,,,,,,,,,,,,,,,,,,,,,,,,,,,,,,,,,,,,
2025-10-06 05:22:07,,,,867488067684034,6169,HBD,,,,,,,,,,,,,,,,,,,,,,,,,,,,,,,,,,,,,,,,,,,,,,,,,,
2025-10-06 05:24:08,,,,867488067684034,6170,HBD,,,,,,,,,,,,,,,,,,,,,,,,,,,,,,,,,,,,,,,,,,,,,,,,,,
2025-10-06 05:25:31,2025-10-06 05:25:30,2025-10-06 05:23:04,2025-10-06 05:23:04,867488067684034,6171,GTERI,0x19fe3fbf,0x00028102,802003,0x8303,0x0115,100,23048,0000,-,00,00,11,10,10,-,01,01,0.0,0.0,166,166,1027,1027,-25.047401,-25.047401,-51.540816,-51.540816,0724,0004,85da,0f6ad116,6.9,194.5,194.5,0:24:37,13:01:25,-,-,0,-,,,,,04,1,00000000,00,10,
2025-10-06 05:26:08,,,,867488067684034,6172,HBD,,,,,,,,,,,,,,,,,,,,,,,,,,,,,,,,,,,,,,,,,,,,,,,,,,
2025-10-06 05:28:09,,,,867488067684034,6173,HBD,,,,,,,,,,,,,,,,,,,,,,,,,,,,,,,,,,,,,,,,,,,,,,,,,,
2025-10-06 05:30:09,,,,867488067684034,6174,HBD,,,,,,,,,,,,,,,,,,,,,,,,,,,,,,,,,,,,,,,,,,,,,,,,,,
2025-10-06 05:32:09,,,,867488067684034,6175,HBD,,,,,,,,,,,,,,,,,,,,,,,,,,,,,,,,,,,,,,,,,,,,,,,,,,
2025-10-06 05:34:10,,,,867488067684034,6176,HBD,,,,,,,,,,,,,,,,,,,,,,,,,,,,,,,,,,,,,,,,,,,,,,,,,,
2025-10-06 05:36:10,,,,867488067684034,6177,HBD,,,,,,,,,,,,,,,,,,,,,,,,,,,,,,,,,,,,,,,,,,,,,,,,,,
2025-10-06 05:38:11,,,,867488067684034,6178,HBD,,,,,,,,,,,,,,,,,,,,,,,,,,,,,,,,,,,,,,,,,,,,,,,,,,
2025-10-06 05:40:11,,,,867488067684034,6179,HBD,,,,,,,,,,,,,,,,,,,,,,,,,,,,,,,,,,,,,,,,,,,,,,,,,,
2025-10-06 05:42:12,,,,867488067684034,6180,HBD,,,,,,,,,,,,,,,,,,,,,,,,,,,,,,,,,,,,,,,,,,,,,,,,,,
2025-10-06 05:44:12,,,,867488067684034,6181,HBD,,,,,,,,,,,,,,,,,,,,,,,,,,,,,,,,,,,,,,,,,,,,,,,,,,
2025-10-06 05:46:12,,,,867488067684034,6182,HBD,,,,,,,,,,,,,,,,,,,,,,,,,,,,,,,,,,,,,,,,,,,,,,,,,,
2025-10-06 05:48:13,,,,867488067684034,6183,HBD,,,,,,,,,,,,,,,,,,,,,,,,,,,,,,,,,,,,,,,,,,,,,,,,,,
2025-10-06 05:50:13,,,,867488067684034,6184,HBD,,,,,,,,,,,,,,,,,,,,,,,,,,,,,,,,,,,,,,,,,,,,,,,,,,
2025-10-06 05:52:14,,,,867488067684034,6185,HBD,,,,,,,,,,,,,,,,,,,,,,,,,,,,,,,,,,,,,,,,,,,,,,,,,,
2025-10-06 05:54:14,,,,867488067684034,6186,HBD,,,,,,,,,,,,,,,,,,,,,,,,,,,,,,,,,,,,,,,,,,,,,,,,,,
2025-10-06 05:56:15,,,,867488067684034,6187,HBD,,,,,,,,,,,,,,,,,,,,,,,,,,,,,,,,,,,,,,,,,,,,,,,,,,
2025-10-06 05:58:15,,,,867488067684034,6188,HBD,,,,,,,,,,,,,,,,,,,,,,,,,,,,,,,,,,,,,,,,,,,,,,,,,,
2025-10-06 06:00:15,,,,867488067684034,6189,HBD,,,,,,,,,,,,,,,,,,,,,,,,,,,,,,,,,,,,,,,,,,,,,,,,,,
2025-10-06 06:02:16,,,,867488067684034,6190,HBD,,,,,,,,,,,,,,,,,,,,,,,,,,,,,,,,,,,,,,,,,,,,,,,,,,
2025-10-06 06:04:16,,,,867488067684034,6191,HBD,,,,,,,,,,,,,,,,,,,,,,,,,,,,,,,,,,,,,,,,,,,,,,,,,,
2025-10-06 06:06:17,,,,867488067684034,6192,HBD,,,,,,,,,,,,,,,,,,,,,,,,,,,,,,,,,,,,,,,,,,,,,,,,,,
2025-10-06 06:08:17,,,,867488067684034,6193,HBD,,,,,,,,,,,,,,,,,,,,,,,,,,,,,,,,,,,,,,,,,,,,,,,,,,
2025-10-06 06:10:18,,,,867488067684034,6194,HBD,,,,,,,,,,,,,,,,,,,,,,,,,,,,,,,,,,,,,,,,,,,,,,,,,,
2025-10-06 06:12:18,,,,867488067684034,6195,HBD,,,,,,,,,,,,,,,,,,,,,,,,,,,,,,,,,,,,,,,,,,,,,,,,,,
2025-10-06 06:14:18,,,,867488067684034,6196,HBD,,,,,,,,,,,,,,,,,,,,,,,,,,,,,,,,,,,,,,,,,,,,,,,,,,
2025-10-06 06:16:19,,,,867488067684034,6197,HBD,,,,,,,,,,,,,,,,,,,,,,,,,,,,,,,,,,,,,,,,,,,,,,,,,,
2025-10-06 06:18:19,,,,867488067684034,6198,HBD,,,,,,,,,,,,,,,,,,,,,,,,,,,,,,,,,,,,,,,,,,,,,,,,,,
2025-10-06 06:20:20,,,,867488067684034,6199,HBD,,,,,,,,,,,,,,,,,,,,,,,,,,,,,,,,,,,,,,,,,,,,,,,,,,
2025-10-06 06:22:20,,,,867488067684034,6200,HBD,,,,,,,,,,,,,,,,,,,,,,,,,,,,,,,,,,,,,,,,,,,,,,,,,,
2025-10-06 06:24:21,,,,867488067684034,6201,HBD,,,,,,,,,,,,,,,,,,,,,,,,,,,,,,,,,,,,,,,,,,,,,,,,,,
2025-10-06 06:25:31,2025-10-06 06:25:30,2025-10-06 06:23:05,2025-10-06 06:23:05,867488067684034,6202,GTERI,0x19fe3fbf,0x00028102,802003,0x8303,0x0115,100,23061,0000,-,00,00,11,9,9,-,01,01,0.0,0.0,166,166,1027,1027,-25.047401,-25.047401,-51.540816,-51.540816,0724,0004,85da,0f6ad116,6.9,194.5,194.5,0:24:37,13:01:25,-,-,0,-,,,,,04,1,00000000,00,10,
2025-10-06 06:26:21,,,,867488067684034,6203,HBD,,,,,,,,,,,,,,,,,,,,,,,,,,,,,,,,,,,,,,,,,,,,,,,,,,
2025-10-06 06:28:22,,,,867488067684034,6204,HBD,,,,,,,,,,,,,,,,,,,,,,,,,,,,,,,,,,,,,,,,,,,,,,,,,,
2025-10-06 06:30:22,,,,867488067684034,6205,HBD,,,,,,,,,,,,,,,,,,,,,,,,,,,,,,,,,,,,,,,,,,,,,,,,,,
2025-10-06 06:32:22,,,,867488067684034,6206,HBD,,,,,,,,,,,,,,,,,,,,,,,,,,,,,,,,,,,,,,,,,,,,,,,,,,
2025-10-06 06:34:23,,,,867488067684034,6207,HBD,,,,,,,,,,,,,,,,,,,,,,,,,,,,,,,,,,,,,,,,,,,,,,,,,,
2025-10-06 06:34:31,2025-10-06 06:34:30,2025-10-06 06:23:05,2025-10-03 17:20:09,867488067684034,6209,GTIGN,0x19fe7fbf,,802003,0x8303,0x0115,100,23033,0000,0000,01,00,22,9,12,220436,00,01,0.0,9.9,166,173,1027,1026,-25.047401,-25.047202,-51.540816,-51.540842,0724,0004,85da,0f6ad116,0.0,194.5,194.5,0:00:00,13:01:25,-,-,0,-,,,,,,,,,,
2025-10-06 06:34:31,2025-10-06 06:34:30,2025-10-06 06:23:05,2025-10-06 06:23:05,867488067684034,6210,GTSTT,0x19fe7fbf,,802003,0x8303,0x0115,100,23033,0000,0000,01,00,22,9,9,-,00,00,0.0,0.0,166,166,1027,1027,-25.047401,-25.047401,-51.540816,-51.540816,0724,0004,85da,0f6ad116,0.0,194.5,194.5,0:00:00,13:01:25,-,-,0,-,,,,,,,,,,
2025-10-06 06:34:41,2025-10-06 06:34:40,2025-10-06 06:34:41,2025-10-06 06:34:41,867488067684034,6211,GTERI,0x19fe3fbf,0x00028102,802003,0x8303,0x0115,100,27605,0000,-,01,00,22,8,8,-,02,02,0.0,0.0,166,166,1031,1031,-25.047205,-25.047205,-51.540724,-51.540724,0724,0004,85da,0f6ad116,0.0,194.5,194.5,0:00:09,13:01:34,-,-,0,-,,,,,04,1,00000000,00,10,
2025-10-06 06:34:41,2025-10-06 06:34:40,2025-10-06 06:34:41,2025-10-06 06:34:41,867488067684034,6212,GTIGL,0x19fe7fbf,,802003,0x8303,0x0115,100,27605,0000,0000,01,00,22,8,8,-,02,02,0.0,0.0,166,166,1031,1031,-25.047205,-25.047205,-51.540724,-51.540724,0724,0004,85da,0f6ad116,0.0,194.5,194.5,0:00:09,13:01:34,-,-,0,-,,,,,,,,,00,
2025-10-06 06:36:23,,,,867488067684034,6213,HBD,,,,,,,,,,,,,,,,,,,,,,,,,,,,,,,,,,,,,,,,,,,,,,,,,,
2025-10-06 06:37:37,2025-10-06 06:37:36,2025-10-06 06:37:35,2025-10-06 06:37:14,867488067684034,6215,GTERI,0x19fe3fbf,0x00028102,802003,0x8303,0x0115,100,27820,0000,-,01,00,22,12,12,-,01,01,29.4,55.2,336,332,1014,1012,-25.040698,-25.042856,-51.545436,-51.544212,0724,0004,85da,0f6ad10a,0.9,195.4,195.2,0:03:03,13:04:28,-,-,0,-,,,,,04,3,00000000,00,10,
2025-10-06 06:38:24,,,,867488067684034,6216,HBD,,,,,,,,,,,,,,,,,,,,,,,,,,,,,,,,,,,,,,,,,,,,,,,,,,
2025-10-06 06:38:32,,,,867488067684034,6218,ACK,,,,,,,,,,,,,,,,,,,,,,,,,,,,,,,,,,,,,,,,,,,,,,,,,,
2025-10-06 06:38:32,,,,867488067684034,6219,ACK,,,,,,,,,,,,,,,,,,,,,,,,,,,,,,,,,,,,,,,,,,,,,,,,,,
2025-10-06 06:38:32,,,,867488067684034,6220,ACK,,,,,,,,,,,,,,,,,,,,,,,,,,,,,,,,,,,,,,,,,,,,,,,,,,
2025-10-06 06:40:07,,,,867488067684034,6221,HBD,,,,,,,,,,,,,,,,,,,,,,,,,,,,,,,,,,,,,,,,,,,,,,,,,,
2025-10-06 06:40:07,2025-10-06 06:40:06,2025-10-06 06:40:06,2025-10-06 06:40:06,867488067684034,6222,GTIGF,0x19fe7fbf,,802003,0x8303,0x0115,100,27888,0000,0000,00,00,12,12,12,336,01,01,0.0,0.0,336,336,1041,1041,-25.032355,-25.032355,-51.54781,-51.54781,0724,0004,85da,0f6ad117,1.9,196.4,196.4,0:05:33,13:06:58,-,-,0,-,,,,,,,,,,
2025-10-06 06:40:07,2025-10-06 06:40:06,2025-10-06 06:40:06,2025-10-06 06:40:06,867488067684034,6223,GTSTT,0x19fe7fbf,,802003,0x8303,0x0115,100,27888,0000,0000,00,00,12,12,12,-,01,01,0.0,0.0,336,336,1041,1041,-25.032355,-25.032355,-51.54781,-51.54781,0724,0004,85da,0f6ad117,1.9,196.4,196.4,0:05:33,13:06:58,-,-,0,-,,,,,,,,,,
2025-10-06 06:40:08,2025-10-06 06:40:06,2025-10-06 06:40:07,2025-10-06 06:40:07,867488067684034,6224,GTIGL,0x19fe7fbf,,802003,0x8303,0x0115,100,27888,0000,0000,00,00,12,12,12,-,01,01,0.0,0.0,336,336,1041,1041,-25.032355,-25.032355,-51.54781,-51.54781,0724,0004,85da,0f6ad117,1.9,196.4,196.4,0:05:33,13:06:58,-,-,0,-,,,,,,,,,01,
2025-10-06 06:40:12,,,,867488067684034,6225,ACK,,,,,,,,,,,,,,,,,,,,,,,,,,,,,,,,,,,,,,,,,,,,,,,,,,
2025-10-06 06:40:12,,,,867488067684034,6226,ACK,,,,,,,,,,,,,,,,,,,,,,,,,,,,,,,,,,,,,,,,,,,,,,,,,,
2025-10-06 06:40:32,2025-10-06 06:40:31,2025-10-06 06:40:31,2025-10-06 06:40:31,867488067684034,6228,GTSTT,0x19fe7fbf,,802003,0x8303,0x0115,100,26341,0000,0000,00,00,11,12,12,-,01,01,0.0,0.0,336,336,1041,1041,-25.032355,-25.032355,-51.54781,-51.54781,0724,0004,85da,0f6ad117,1.9,196.4,196.4,0:05:33,13:06:58,-,-,0,-,,,,,,,,,,
2025-10-06 06:40:37,2025-10-06 06:40:36,2025-10-06 06:40:35,2025-10-06 06:40:35,867488067684034,6229,GTERI,0x19fe3fbf,0x00028102,802003,0x8303,0x0115,100,26264,0000,-,00,00,11,12,12,-,01,01,0.0,0.0,336,336,1041,1041,-25.032355,-25.032355,-51.54781,-51.54781,0724,0004,85da,0f6ad117,1.9,196.4,196.4,0:05:33,13:06:58,-,-,0,-,,,,,04,1,00000000,00,10,
2025-10-06 06:42:25,,,,867488067684034,6230,HBD,,,,,,,,,,,,,,,,,,,,,,,,,,,,,,,,,,,,,,,,,,,,,,,,,,
2025-10-06 06:43:37,2025-10-06 06:43:36,2025-10-06 06:43:35,2025-10-06 06:43:35,867488067684034,6232,GTERI,0x19fe3fbf,0x00028102,802003,0x8303,0x0115,100,25770,0000,-,00,00,11,12,12,-,01,01,0.0,0.0,336,336,1041,1041,-25.032355,-25.032355,-51.54781,-51.54781,0724,0004,85da,0f6ad117,1.9,196.4,196.4,0:05:33,13:06:58,-,-,0,-,,,,,04,1,00000000,00,10,
2025-10-06 06:44:25,,,,867488067684034,6233,HBD,,,,,,,,,,,,,,,,,,,,,,,,,,,,,,,,,,,,,,,,,,,,,,,,,,
2025-10-06 06:45:07,2025-10-06 06:45:07,2025-10-06 06:45:07,2025-10-06 06:45:07,867488067684034,6235,GTERI,0x19fe3fbf,0x00028102,802003,0x8303,0x0115,100,25764,0000,-,00,00,11,12,12,-,01,01,0.0,0.0,336,336,1041,1041,-25.032355,-25.032355,-51.54781,-51.54781,0724,0004,85da,0f6ad117,1.9,196.4,196.4,0:05:33,13:06:58,-,-,0,-,,,,,04,1,00000000,00,10,
2025-10-06 06:46:18,,,,867488067684034,6236,HBD,,,,,,,,,,,,,,,,,,,,,,,,,,,,,,,,,,,,,,,,,,,,,,,,,,
2025-10-06 06:46:18,2025-10-06 06:46:18,2025-10-06 06:45:07,2025-10-06 06:38:51,867488067684034,6238,GTIGN,0x19fe7fbf,,802003,0x8303,0x0115,100,25773,0000,0000,01,00,22,12,12,372,00,01,0.0,59.9,336,349,1041,1032,-25.032355,-25.034124,-51.54781,-51.546951,0724,0004,85da,0f6ad117,0.0,196.4,196.2,0:00:00,13:06:58,-,-,0,-,,,,,,,,,,
2025-10-06 06:46:19,2025-10-06 06:46:18,2025-10-06 06:45:07,2025-10-06 06:45:07,867488067684034,6239,GTSTT,0x19fe7fbf,,802003,0x8303,0x0115,100,25773,0000,0000,01,00,22,12,12,-,00,00,0.0,0.0,336,336,1041,1041,-25.032355,-25.032355,-51.54781,-51.54781,0724,0004,85da,0f6ad117,0.0,196.4,196.4,0:00:00,13:06:58,-,-,0,-,,,,,,,,,,
2025-10-06 06:46:25,2025-10-06 06:46:25,2025-10-06 06:46:25,2025-10-06 06:46:25,867488067684034,6240,GTERI,0x19fe3fbf,0x00028102,802003,0x8303,0x0115,100,27729,0000,-,01,00,22,12,12,-,01,01,0.0,0.0,336,336,1048,1048,-25.032291,-25.032291,-51.54773,-51.54773,0724,0004,85da,0f6ad117,0.0,196.4,196.4,0:00:06,13:07:04,-,-,0,-,,,,,04,1,00000000,00,10,
2025-10-06 06:46:25,2025-10-06 06:46:25,2025-10-06 06:46:25,2025-10-06 06:46:25,867488067684034,6241,GTIGL,0x19fe7fbf,,802003,0x8303,0x0115,100,27729,0000,0000,01,00,22,12,12,-,01,01,0.0,0.0,336,336,1048,1048,-25.032291,-25.032291,-51.54773,-51.54773,0724,0004,85da,0f6ad117,0.0,196.4,196.4,0:00:06,13:07:04,-,-,0,-,,,,,,,,,00,
2025-10-06 06:48:26,,,,867488067684034,6242,HBD,,,,,,,,,,,,,,,,,,,,,,,,,,,,,,,,,,,,,,,,,,,,,,,,,,
2025-10-06 06:49:24,2025-10-06 06:49:23,2025-10-06 06:49:22,2025-10-06 06:48:54,867488067684034,6244,GTERI,0x19fe3fbf,0x00028102,802003,0x8303,0x0115,100,27929,0000,-,01,00,22,12,12,-,01,01,37.9,41.4,46,58,1039,1028,-25.02849,-25.030044,-51.541869,-51.543829,0724,0004,85da,0f6ad117,0.8,197.2,196.9,0:03:03,13:10:01,-,-,0,-,,,,,04,1,00000000,00,10,
2025-10-06 06:50:22,,,,867488067684034,6245,HBD,,,,,,,,,,,,,,,,,,,,,,,,,,,,,,,,,,,,,,,,,,,,,,,,,,
2025-10-06 06:50:22,,,,867488067684034,6247,ACK,,,,,,,,,,,,,,,,,,,,,,,,,,,,,,,,,,,,,,,,,,,,,,,,,,
2025-10-06 06:50:22,,,,867488067684034,6248,ACK,,,,,,,,,,,,,,,,,,,,,,,,,,,,,,,,,,,,,,,,,,,,,,,,,,
2025-10-06 06:50:23,,,,867488067684034,6249,ACK,,,,,,,,,,,,,,,,,,,,,,,,,,,,,,,,,,,,,,,,,,,,,,,,,,
2025-10-06 06:52:56,,,,867488067684034,6250,HBD,,,,,,,,,,,,,,,,,,,,,,,,,,,,,,,,,,,,,,,,,,,,,,,,,,
2025-10-06 06:52:56,,,,867488067684034,6250,HBD,,,,,,,,,,,,,,,,,,,,,,,,,,,,,,,,,,,,,,,,,,,,,,,,,,
2025-10-06 06:52:56,2025-10-06 06:52:23,2025-10-06 06:52:22,2025-10-06 06:49:46,867488067684034,6252,GTERI,0x19fe3fbf,0x00028102,802003,0x8303,0x0115,100,28036,0000,-,01,00,22,12,12,-,01,01,27.5,43.4,100,67,985,1043,-25.020515,-25.02772,-51.53261,-51.539477,0724,0004,85da,0f79f10f,2.3,198.7,197.5,0:06:03,13:13:01,-,-,0,-,,,,,04,28,00000000,00,10,
2025-10-06 06:54:27,,,,867488067684034,6253,HBD,,,,,,,,,,,,,,,,,,,,,,,,,,,,,,,,,,,,,,,,,,,,,,,,,,
2025-10-06 06:55:24,2025-10-06 06:55:23,2025-10-06 06:55:22,2025-10-06 06:53:58,867488067684034,6255,GTERI,0x19fe3fbf,0x00028102,802003,0x8303,0x0115,100,27988,0000,-,01,00,22,12,12,-,01,01,33.0,44.7,90,54,1006,962,-25.022797,-25.024028,-51.519443,-51.527069,0724,0004,85da,0f79f10d,4.0,200.4,199.5,0:09:03,13:16:01,-,-,0,-,,,,,04,28,00000000,00,10,
2025-10-06 06:56:27,,,,867488067684034,6256,HBD,,,,,,,,,,,,,,,,,,,,,,,,,,,,,,,,,,,,,,,,,,,,,,,,,,
2025-10-06 06:56:27,2025-10-06 06:56:20,2025-10-06 06:56:20,2025-10-06 06:55:30,867488067684034,6258,GTPDP,0x19fe7fbf,,802003,0x8303,0x0115,100,27994,0000,0000,01,00,22,12,12,-,01,01,21.8,43.5,106,124,1012,999,-25.023033,-25.02309,-51.514605,-51.518695,0000,0000,0000,00000000,4.5,200.9,200.4,0:10:00,13:16:58,-,-,0,-,,,,,,,,,,
2025-10-06 06:56:28,,,,867488067684034,6260,HBD,,,,,,,,,,,,,,,,,,,,,,,,,,,,,,,,,,,,,,,,,,,,,,,,,,
2025-10-06 06:58:24,2025-10-06 06:58:23,2025-10-06 06:58:22,2025-10-06 06:58:14,867488067684034,6261,GTERI,0x19fe3fbf,0x00028102,802003,0x8303,0x0115,100,28000,0000,-,01,00,22,12,12,-,01,01,38.4,39.1,119,118,1055,1052,-25.02954,-25.029171,-51.507977,-51.508729,0724,0004,85da,0f6ad109,5.6,202.0,201.9,0:12:03,13:19:01,-,-,0,-,,,,,04,3,00000000,00,10,
2025-10-06 06:58:28,,,,867488067684034,6263,HBD,,,,,,,,,,,,,,,,,,,,,,,,,,,,,,,,,,,,,,,,,,,,,,,,,,
2025-10-06 07:00:29,,,,867488067684034,6265,HBD,,,,,,,,,,,,,,,,,,,,,,,,,,,,,,,,,,,,,,,,,,,,,,,,,,
2025-10-06 07:01:24,2025-10-06 07:01:23,2025-10-06 07:01:22,2025-10-06 06:59:06,867488067684034,6266,GTERI,0x19fe3fbf,0x00028102,802003,0x8303,0x0115,100,27969,0000,-,01,00,22,12,12,-,01,01,32.1,44.3,44,155,1074,1071,-25.036111,-25.032881,-51.494044,-51.505272,0724,0004,85da,0f6ad109,7.4,203.8,202.5,0:15:03,13:22:01,-,-,0,-,,,,,04,3,00000000,00,10,
2025-10-06 07:13:34,,,,867488067684034,6268,HBD,,,,,,,,,,,,,,,,,,,,,,,,,,,,,,,,,,,,,,,,,,,,,,,,,,
2025-10-06 07:13:35,2025-10-06 07:02:43,2025-10-06 07:02:43,2025-10-06 07:01:43,867488067684034,6269,GTPDP,0x19fe7fbf,,802003,0x8303,0x0115,100,27956,0000,0000,01,00,22,12,12,-,01,01,25.3,39.1,341,84,1028,1065,-25.033643,-25.03471,-51.490234,-51.492738,0000,0000,0000,00000000,7.9,204.4,204.0,0:16:24,13:23:22,-,-,0,-,,,,,,,,,,
2025-10-06 07:13:35,2025-10-06 07:04:23,2025-10-06 07:04:22,2025-10-06 07:04:05,867488067684034,6270,GTERI,0x19fe3fbf,0x00028102,802003,0x8303,0x0115,100,27870,0000,-,01,00,22,12,12,-,01,01,26.5,40.1,24,27,1029,1028,-25.026316,-25.027695,-51.489448,-51.490163,0000,0000,0000,00000000,8.9,205.3,205.1,0:18:03,13:25:01,-,-,0,-,,,,,00,0,00000000,00,10,
2025-10-06 07:13:36,,,,867488067684034,6272,HBD,,,,,,,,,,,,,,,,,,,,,,,,,,,,,,,,,,,,,,,,,,,,,,,,,,
2025-10-06 07:13:36,,,,867488067684034,6274,HBD,,,,,,,,,,,,,,,,,,,,,,,,,,,,,,,,,,,,,,,,,,,,,,,,,,
2025-10-06 07:13:37,2025-10-06 07:07:23,2025-10-06 07:07:22,2025-10-06 07:05:20,867488067684034,6275,GTERI,0x19fe3fbf,0x00028102,802003,0x8303,0x0115,100,27961,0000,-,01,00,22,12,12,-,01,01,21.0,39.8,321,345,991,1021,-25.017433,-25.024176,-51.489962,-51.489846,0000,0000,0000,00000000,9.9,206.3,205.5,0:21:03,13:28:01,-,-,0,-,,,,,00,0,00000000,00,10,
2025-10-06 07:13:37,,,,867488067684034,6277,HBD,,,,,,,,,,,,,,,,,,,,,,,,,,,,,,,,,,,,,,,,,,,,,,,,,,
2025-10-06 07:13:38,2025-10-06 07:10:23,2025-10-06 07:10:22,2025-10-06 07:08:41,867488067684034,6278,GTERI,0x19fe3fbf,0x00028102,802003,0x8303,0x0115,100,28063,0000,-,01,00,22,12,12,-,01,01,9.3,34.7,263,345,1005,955,-25.014636,-25.01506,-51.494427,-51.491387,0000,0000,0000,00000000,10.8,207.2,206.8,0:24:03,13:31:01,-,-,0,-,,,,,00,0,00000000,00,10,
2025-10-06 07:13:38,,,,867488067684034,6280,HBD,,,,,,,,,,,,,,,,,,,,,,,,,,,,,,,,,,,,,,,,,,,,,,,,,,
2025-10-06 07:13:39,,,,867488067684034,6282,HBD,,,,,,,,,,,,,,,,,,,,,,,,,,,,,,,,,,,,,,,,,,,,,,,,,,
2025-10-06 07:13:39,2025-10-06 07:13:23,2025-10-06 07:13:22,2025-10-06 07:13:23,867488067684034,6283,GTERI,0x19fe3fbf,0x00028102,802003,0x8303,0x0115,100,27992,0000,-,01,00,22,12,12,-,01,01,37.9,38.1,249,248,996,996,-25.012896,-25.012931,-51.503462,-51.50356,0000,0000,0000,00000000,12.0,208.4,208.4,0:27:03,13:34:01,-,-,0,-,,,,,00,0,00000000,00,10,
2025-10-06 07:13:40,,,,867488067684034,6285,HBD,,,,,,,,,,,,,,,,,,,,,,,,,,,,,,,,,,,,,,,,,,,,,,,,,,
2025-10-06 07:16:11,,,,867488067684034,6287,HBD,,,,,,,,,,,,,,,,,,,,,,,,,,,,,,,,,,,,,,,,,,,,,,,,,,
2025-10-06 07:16:11,,,,867488067684034,6287,HBD,,,,,,,,,,,,,,,,,,,,,,,,,,,,,,,,,,,,,,,,,,,,,,,,,,
2025-10-06 07:17:39,,,,867488067684034,6287,HBD,,,,,,,,,,,,,,,,,,,,,,,,,,,,,,,,,,,,,,,,,,,,,,,,,,
2025-10-06 07:17:39,2025-10-06 07:16:07,2025-10-06 07:16:07,2025-10-06 07:13:44,867488067684034,6288,GTPDP,0x19fe7fbf,,802003,0x8303,0x0115,100,28022,0000,0000,01,00,22,12,12,-,01,01,26.3,40.3,248,181,1005,1004,-25.020654,-25.014448,-51.511803,-51.504398,0000,0000,0000,00000000,13.5,209.9,208.6,0:29:48,13:36:46,-,-,0,-,,,,,,,,,,
2025-10-06 07:17:40,2025-10-06 07:16:23,2025-10-06 07:16:22,2025-10-06 07:16:11,867488067684034,6289,GTERI,0x19fe3fbf,0x00028102,802003,0x8303,0x0115,100,27910,0000,-,01,00,22,12,12,-,01,01,22.5,28.4,236,243,997,1005,-25.021106,-25.020765,-51.51275,-51.512083,0724,0004,85da,0f79f10d,13.6,210.0,209.9,0:30:03,13:37:01,-,-,0,-,,,,,04,28,00000000,00,10,
2025-10-06 07:17:40,2025-10-06 07:16:46,2025-10-06 07:16:46,2025-10-06 07:16:24,867488067684034,6290,GTPDP,0x19fe7fbf,,802003,0x8303,0x0115,100,27994,0000,0000,01,00,22,12,12,-,01,01,15.7,20.1,216,229,995,995,-25.021408,-25.021175,-51.513057,-51.512837,0000,0000,0000,00000000,13.6,210.0,210.0,0:30:27,13:37:25,-,-,0,-,,,,,,,,,,
2025-10-06 07:17:41,,,,867488067684034,6292,HBD,,,,,,,,,,,,,,,,,,,,,,,,,,,,,,,,,,,,,,,,,,,,,,,,,,
2025-10-06 07:17:41,,,,867488067684034,6294,HBD,,,,,,,,,,,,,,,,,,,,,,,,,,,,,,,,,,,,,,,,,,,,,,,,,,
2025-10-06 07:19:19,2025-10-06 07:18:41,2025-10-06 07:18:41,2025-10-06 07:18:41,867488067684034,6295,GTPDP,0x19fe7fbf,,802003,0x8303,0x0115,100,27916,0000,0000,01,00,22,12,12,-,01,01,33.5,33.5,302,302,998,998,-25.023144,-25.023144,-51.51859,-51.51859,0000,0000,0000,00000000,14.3,210.7,210.7,0:32:21,13:39:19,-,-,0,-,,,,,,,,,,
2025-10-06 07:19:19,,,,867488067684034,6297,HBD,,,,,,,,,,,,,,,,,,,,,,,,,,,,,,,,,,,,,,,,,,,,,,,,,,
2025-10-06 07:19:24,2025-10-06 07:19:23,2025-10-06 07:19:22,2025-10-06 07:19:08,867488067684034,6298,GTERI,0x19fe3fbf,0x00028102,802003,0x8303,0x0115,100,27977,0000,-,01,00,22,12,12,-,01,01,34.4,36.4,272,251,995,995,-25.023201,-25.023095,-51.522174,-51.520871,0724,0004,85da,0f79f10d,14.7,211.1,211.0,0:33:03,13:40:01,-,-,0,-,,,,,04,28,00000000,00,10,
2025-10-06 07:21:37,,,,867488067684034,6300,HBD,,,,,,,,,,,,,,,,,,,,,,,,,,,,,,,,,,,,,,,,,,,,,,,,,,
2025-10-06 07:26:16,2025-10-06 07:22:23,2025-10-06 07:22:22,2025-10-06 07:19:25,867488067684034,6301,GTERI,0x19fe3fbf,0x00028102,802003,0x8303,0x0115,100,28029,0000,-,01,00,22,12,12,-,01,01,25.2,34.9,285,272,970,995,-25.021569,-25.02319,-51.530867,-51.522462,0724,0004,85da,0f79f10f,15.8,212.2,211.1,0:36:03,13:43:01,-,-,0,-,,,,,04,28,00000000,00,10,
2025-10-06 07:26:16,,,,867488067684034,6303,HBD,,,,,,,,,,,,,,,,,,,,,,,,,,,,,,,,,,,,,,,,,,,,,,,,,,
2025-10-06 07:26:17,2025-10-06 07:23:31,2025-10-06 07:23:31,2025-10-06 07:23:29,867488067684034,6304,GTPDP,0x19fe7fbf,,802003,0x8303,0x0115,100,27992,0000,0000,01,00,22,12,12,-,01,01,33.3,34.2,310,302,972,973,-25.019308,-25.01941,-51.534487,-51.534339,0000,0000,0000,00000000,16.2,212.6,212.6,0:37:12,13:44:10,-,-,0,-,,,,,,,,,,
2025-10-06 07:26:17,2025-10-06 07:25:14,2025-10-06 07:25:14,2025-10-06 07:23:39,867488067684034,6305,GTPDP,0x19fe7fbf,,802003,0x8303,0x0115,100,27965,0000,0000,01,00,22,12,12,-,01,01,14.6,33.5,288,284,1000,969,-25.016292,-25.01902,-51.539102,-51.535029,0000,0000,0000,00000000,16.9,213.3,212.7,0:38:54,13:45:52,-,-,0,-,,,,,,,,,,
2025-10-06 07:26:18,,,,867488067684034,6307,HBD,,,,,,,,,,,,,,,,,,,,,,,,,,,,,,,,,,,,,,,,,,,,,,,,,,
2025-10-06 07:26:18,2025-10-06 07:25:23,2025-10-06 07:25:22,2025-10-06 07:25:15,867488067684034,6308,GTERI,0x19fe3fbf,0x00028102,802003,0x8303,0x0115,100,27947,0000,-,01,00,22,12,12,-,01,01,10.9,14.4,273,288,1000,1000,-25.016224,-25.016281,-51.539364,-51.539139,0000,0000,0000,00000000,16.9,213.3,213.3,0:39:03,13:46:01,-,-,0,-,,,,,00,0,00000000,00,10,
2025-10-06 07:26:19,,,,867488067684034,6310,HBD,,,,,,,,,,,,,,,,,,,,,,,,,,,,,,,,,,,,,,,,,,,,,,,,,,
2025-10-06 07:28:24,,,,867488067684034,6312,HBD,,,,,,,,,,,,,,,,,,,,,,,,,,,,,,,,,,,,,,,,,,,,,,,,,,
2025-10-06 07:28:24,2025-10-06 07:28:23,2025-10-06 07:28:22,2025-10-06 07:27:26,867488067684034,6313,GTERI,0x19fe3fbf,0x00028102,802003,0x8303,0x0115,100,27969,0000,-,01,00,22,12,12,-,01,01,0.0,31.6,273,269,1063,1047,-25.014141,-25.013597,-51.545179,-51.544227,0724,0004,85da,0f79f10f,17.7,214.1,214.0,0:42:03,13:49:01,-,-,0,-,,,,,04,28,00000000,00,10,
2025-10-06 07:30:40,,,,867488067684034,6315,HBD,,,,,,,,,,,,,,,,,,,,,,,,,,,,,,,,,,,,,,,,,,,,,,,,,,
2025-10-06 07:31:24,2025-10-06 07:31:23,2025-10-06 07:31:22,2025-10-06 07:29:50,867488067684034,6316,GTERI,0x19fe3fbf,0x00028102,802003,0x8303,0x0115,100,28009,0000,-,01,00,22,12,12,-,01,01,28.1,66.5,171,190,1040,1055,-25.032289,-25.023932,-51.547181,-51.546322,0724,0004,85da,0f6ad10b,19.7,216.1,215.2,0:45:03,13:52:01,-,-,0,-,,,,,04,3,00000000,00,10,
2025-10-06 07:32:41,,,,867488067684034,6318,HBD,,,,,,,,,,,,,,,,,,,,,,,,,,,,,,,,,,,,,,,,,,,,,,,,,,
2025-10-06 07:34:24,,,,867488067684034,6320,HBD,,,,,,,,,,,,,,,,,,,,,,,,,,,,,,,,,,,,,,,,,,,,,,,,,,
2025-10-06 07:34:24,2025-10-06 07:34:23,2025-10-06 07:34:22,2025-10-06 07:32:30,867488067684034,6321,GTERI,0x19fe3fbf,0x00028102,802003,0x8303,0x0115,100,28039,0000,-,01,00,22,12,12,-,01,01,33.0,41.4,113,142,1012,1025,-25.040329,-25.03714,-51.542039,-51.545184,0724,0004,85da,0f6ad117,20.8,217.2,216.7,0:48:03,13:55:01,-,-,0,-,,,,,04,1,00000000,00,10,
2025-10-06 07:36:42,,,,867488067684034,6323,HBD,,,,,,,,,,,,,,,,,,,,,,,,,,,,,,,,,,,,,,,,,,,,,,,,,,
2025-10-06 07:37:24,2025-10-06 07:37:23,2025-10-06 07:37:22,2025-10-06 07:34:31,867488067684034,6324,GTERI,0x19fe3fbf,0x00028102,802003,0x8303,0x0115,100,28012,0000,-,01,00,22,12,12,-,01,01,0.0,34.5,113,116,1059,1013,-25.042514,-25.04064,-51.535434,-51.541267,0724,0004,85da,0f6ad10b,21.7,218.1,217.3,0:51:04,13:58:02,-,-,0,-,,,,,04,3,00000000,00,10,
2025-10-06 07:38:42,,,,867488067684034,6326,HBD,,,,,,,,,,,,,,,,,,,,,,,,,,,,,,,,,,,,,,,,,,,,,,,,,,
2025-10-06 07:40:24,,,,867488067684034,6328,HBD,,,,,,,,,,,,,,,,,,,,,,,,,,,,,,,,,,,,,,,,,,,,,,,,,,
2025-10-06 07:40:24,2025-10-06 07:40:23,2025-10-06 07:40:22,2025-10-06 07:39:09,867488067684034,6329,GTERI,0x19fe3fbf,0x00028102,802003,0x8303,0x0115,100,28005,0000,-,01,00,22,12,12,-,01,01,18.0,46.2,270,166,1052,1048,-25.048492,-25.044812,-51.536254,-51.53619,0724,0004,85da,0f6ad10a,22.5,218.9,218.4,0:54:04,14:01:02,-,-,0,-,,,,,04,3,00000000,00,10,
2025-10-06 07:42:43,,,,867488067684034,6331,HBD,,,,,,,,,,,,,,,,,,,,,,,,,,,,,,,,,,,,,,,,,,,,,,,,,,
2025-10-06 07:43:24,2025-10-06 07:43:23,2025-10-06 07:43:22,2025-10-06 07:41:42,867488067684034,6332,GTERI,0x19fe3fbf,0x00028102,802003,0x8303,0x0115,100,28047,0000,-,01,00,22,12,12,-,01,01,39.7,44.2,353,173,1056,1053,-25.050282,-25.050027,-51.535241,-51.53535,0724,0004,85da,0f6ad10a,23.3,219.7,219.2,0:57:04,14:04:02,-,-,0,-,,,,,04,3,00000000,00,10,
2025-10-06 07:44:44,,,,867488067684034,6334,HBD,,,,,,,,,,,,,,,,,,,,,,,,,,,,,,,,,,,,,,,,,,,,,,,,,,
2025-10-06 07:46:24,,,,867488067684034,6336,HBD,,,,,,,,,,,,,,,,,,,,,,,,,,,,,,,,,,,,,,,,,,,,,,,,,,
2025-10-06 07:46:24,2025-10-06 07:46:23,2025-10-06 07:46:22,2025-10-06 07:43:24,867488067684034,6337,GTERI,0x19fe3fbf,0x00028102,802003,0x8303,0x0115,100,28000,0000,-,01,00,22,12,12,-,01,01,16.7,42.7,172,353,1065,1054,-25.042618,-25.050072,-51.534212,-51.535267,0724,0004,85da,0f6ad10a,24.4,220.8,219.8,1:00:04,14:07:02,-,-,0,-,,,,,04,3,00000000,00,10,
2025-10-06 07:46:54,2025-10-06 07:46:53,2025-10-06 07:46:53,2025-10-06 07:46:53,867488067684034,6338,GTIGF,0x19fe7fbf,,802003,0x8303,0x0115,100,28034,0000,0000,00,00,12,12,12,3635,01,01,0.0,0.0,172,172,1070,1070,-25.043048,-25.043048,-51.53397,-51.53397,0724,0004,85da,0f6ad10a,24.5,220.9,220.9,1:00:34,14:07:32,-,-,0,-,,,,,,,,,,
2025-10-06 07:46:54,2025-10-06 07:46:53,2025-10-06 07:46:53,2025-10-06 07:46:53,867488067684034,6339,GTSTT,0x19fe7fbf,,802003,0x8303,0x0115,100,28034,0000,0000,00,00,12,12,12,-,01,01,0.0,0.0,172,172,1070,1070,-25.043048,-25.043048,-51.53397,-51.53397,0724,0004,85da,0f6ad10a,24.5,220.9,220.9,1:00:34,14:07:32,-,-,0,-,,,,,,,,,,
2025-10-06 07:46:54,2025-10-06 07:46:54,2025-10-06 07:46:54,2025-10-06 07:46:54,867488067684034,6340,GTIGL,0x19fe7fbf,,802003,0x8303,0x0115,100,28034,0000,0000,00,00,12,12,12,-,01,01,0.0,0.0,172,172,1070,1070,-25.043048,-25.043048,-51.53397,-51.53397,0724,0004,85da,0f6ad10a,24.5,220.9,220.9,1:00:34,14:07:32,-,-,0,-,,,,,,,,,01,
2025-10-06 07:46:58,,,,867488067684034,6341,ACK,,,,,,,,,,,,,,,,,,,,,,,,,,,,,,,,,,,,,,,,,,,,,,,,,,
2025-10-06 07:46:58,,,,867488067684034,6342,ACK,,,,,,,,,,,,,,,,,,,,,,,,,,,,,,,,,,,,,,,,,,,,,,,,,,
2025-10-06 07:47:41,2025-10-06 07:47:40,2025-10-06 07:47:40,2025-10-06 07:47:40,867488067684034,6343,GTSTT,0x19fe7fbf,,802003,0x8303,0x0115,100,26347,0000,0000,00,00,11,12,12,-,01,01,0.0,0.0,172,172,1070,1070,-25.043048,-25.043048,-51.53397,-51.53397,0724,0004,85da,0f6ad10a,24.5,220.9,220.9,1:00:34,14:07:32,-,-,0,-,,,,,,,,,,
2025-10-06 07:48:45,,,,867488067684034,6345,HBD,,,,,,,,,,,,,,,,,,,,,,,,,,,,,,,,,,,,,,,,,,,,,,,,,,
2025-10-06 07:49:24,2025-10-06 07:49:23,2025-10-06 07:49:22,2025-10-06 07:49:22,867488067684034,6346,GTERI,0x19fe3fbf,0x00028102,802003,0x8303,0x0115,100,26182,0000,-,00,00,11,12,12,-,01,01,0.0,0.0,172,172,1070,1070,-25.043048,-25.043048,-51.53397,-51.53397,0724,0004,85da,0f6ad10a,24.5,220.9,220.9,1:00:34,14:07:32,-,-,0,-,,,,,04,3,00000000,00,10,
2025-10-06 07:50:45,,,,867488067684034,6348,HBD,,,,,,,,,,,,,,,,,,,,,,,,,,,,,,,,,,,,,,,,,,,,,,,,,,
2025-10-06 07:51:54,2025-10-06 07:51:54,2025-10-06 07:51:54,2025-10-06 07:51:54,867488067684034,6349,GTERI,0x19fe3fbf,0x00028102,802003,0x8303,0x0115,100,26082,0000,-,00,00,11,12,12,-,01,01,0.0,0.0,172,172,1070,1070,-25.043048,-25.043048,-51.53397,-51.53397,0724,0004,85da,0f6ad10a,24.5,220.9,220.9,1:00:34,14:07:32,-,-,0,-,,,,,04,3,00000000,00,10,
2025-10-06 07:52:46,,,,867488067684034,6350,HBD,,,,,,,,,,,,,,,,,,,,,,,,,,,,,,,,,,,,,,,,,,,,,,,,,,
2025-10-06 07:54:46,,,,867488067684034,6351,HBD,,,,,,,,,,,,,,,,,,,,,,,,,,,,,,,,,,,,,,,,,,,,,,,,,,
2025-10-06 07:56:47,,,,867488067684034,6352,HBD,,,,,,,,,,,,,,,,,,,,,,,,,,,,,,,,,,,,,,,,,,,,,,,,,,
2025-10-06 07:58:47,,,,867488067684034,6353,HBD,,,,,,,,,,,,,,,,,,,,,,,,,,,,,,,,,,,,,,,,,,,,,,,,,,
2025-10-06 08:00:47,,,,867488067684034,6354,HBD,,,,,,,,,,,,,,,,,,,,,,,,,,,,,,,,,,,,,,,,,,,,,,,,,,
2025-10-06 08:02:48,,,,867488067684034,6355,HBD,,,,,,,,,,,,,,,,,,,,,,,,,,,,,,,,,,,,,,,,,,,,,,,,,,
2025-10-06 08:04:48,,,,867488067684034,6356,HBD,,,,,,,,,,,,,,,,,,,,,,,,,,,,,,,,,,,,,,,,,,,,,,,,,,
2025-10-06 08:06:49,,,,867488067684034,6357,HBD,,,,,,,,,,,,,,,,,,,,,,,,,,,,,,,,,,,,,,,,,,,,,,,,,,
2025-10-06 08:08:49,,,,867488067684034,6358,HBD,,,,,,,,,,,,,,,,,,,,,,,,,,,,,,,,,,,,,,,,,,,,,,,,,,
2025-10-06 08:10:50,,,,867488067684034,6359,HBD,,,,,,,,,,,,,,,,,,,,,,,,,,,,,,,,,,,,,,,,,,,,,,,,,,
2025-10-06 08:12:50,,,,867488067684034,6360,HBD,,,,,,,,,,,,,,,,,,,,,,,,,,,,,,,,,,,,,,,,,,,,,,,,,,
2025-10-06 08:14:51,,,,867488067684034,6361,HBD,,,,,,,,,,,,,,,,,,,,,,,,,,,,,,,,,,,,,,,,,,,,,,,,,,
2025-10-06 08:16:51,,,,867488067684034,6362,HBD,,,,,,,,,,,,,,,,,,,,,,,,,,,,,,,,,,,,,,,,,,,,,,,,,,
2025-10-06 08:18:51,,,,867488067684034,6363,HBD,,,,,,,,,,,,,,,,,,,,,,,,,,,,,,,,,,,,,,,,,,,,,,,,,,
2025-10-06 08:20:52,,,,867488067684034,6364,HBD,,,,,,,,,,,,,,,,,,,,,,,,,,,,,,,,,,,,,,,,,,,,,,,,,,
2025-10-06 08:22:52,,,,867488067684034,6365,HBD,,,,,,,,,,,,,,,,,,,,,,,,,,,,,,,,,,,,,,,,,,,,,,,,,,
2025-10-06 08:24:53,,,,867488067684034,6366,HBD,,,,,,,,,,,,,,,,,,,,,,,,,,,,,,,,,,,,,,,,,,,,,,,,,,
2025-10-06 08:26:53,,,,867488067684034,6367,HBD,,,,,,,,,,,,,,,,,,,,,,,,,,,,,,,,,,,,,,,,,,,,,,,,,,
2025-10-06 08:28:54,,,,867488067684034,6368,HBD,,,,,,,,,,,,,,,,,,,,,,,,,,,,,,,,,,,,,,,,,,,,,,,,,,
2025-10-06 08:30:54,,,,867488067684034,6369,HBD,,,,,,,,,,,,,,,,,,,,,,,,,,,,,,,,,,,,,,,,,,,,,,,,,,
2025-10-06 08:32:55,,,,867488067684034,6370,HBD,,,,,,,,,,,,,,,,,,,,,,,,,,,,,,,,,,,,,,,,,,,,,,,,,,
2025-10-06 08:34:55,,,,867488067684034,6371,HBD,,,,,,,,,,,,,,,,,,,,,,,,,,,,,,,,,,,,,,,,,,,,,,,,,,
2025-10-06 08:36:56,,,,867488067684034,6372,HBD,,,,,,,,,,,,,,,,,,,,,,,,,,,,,,,,,,,,,,,,,,,,,,,,,,
2025-10-06 08:38:56,,,,867488067684034,6373,HBD,,,,,,,,,,,,,,,,,,,,,,,,,,,,,,,,,,,,,,,,,,,,,,,,,,
2025-10-06 08:40:57,,,,867488067684034,6374,HBD,,,,,,,,,,,,,,,,,,,,,,,,,,,,,,,,,,,,,,,,,,,,,,,,,,
2025-10-06 08:42:57,,,,867488067684034,6375,HBD,,,,,,,,,,,,,,,,,,,,,,,,,,,,,,,,,,,,,,,,,,,,,,,,,,
2025-10-06 08:44:58,,,,867488067684034,6376,HBD,,,,,,,,,,,,,,,,,,,,,,,,,,,,,,,,,,,,,,,,,,,,,,,,,,
2025-10-06 08:46:58,,,,867488067684034,6377,HBD,,,,,,,,,,,,,,,,,,,,,,,,,,,,,,,,,,,,,,,,,,,,,,,,,,
2025-10-06 08:48:58,,,,867488067684034,6378,HBD,,,,,,,,,,,,,,,,,,,,,,,,,,,,,,,,,,,,,,,,,,,,,,,,,,
2025-10-06 08:50:59,,,,867488067684034,6379,HBD,,,,,,,,,,,,,,,,,,,,,,,,,,,,,,,,,,,,,,,,,,,,,,,,,,
2025-10-06 08:51:50,2025-10-06 08:51:49,2025-10-06 08:49:23,2025-10-06 08:49:23,867488067684034,6380,GTERI,0x19fe3fbf,0x00028102,802003,0x8303,0x0115,100,25866,0000,-,00,00,11,12,12,-,01,01,0.0,0.0,172,172,1070,1070,-25.043048,-25.043048,-51.53397,-51.53397,0724,0004,85da,0f6ad10a,24.5,220.9,220.9,1:00:34,14:07:32,-,-,0,-,,,,,04,3,00000000,00,10,
2025-10-06 08:52:59,,,,867488067684034,6381,HBD,,,,,,,,,,,,,,,,,,,,,,,,,,,,,,,,,,,,,,,,,,,,,,,,,,
2025-10-06 08:55:00,,,,867488067684034,6382,HBD,,,,,,,,,,,,,,,,,,,,,,,,,,,,,,,,,,,,,,,,,,,,,,,,,,
2025-10-06 08:57:00,,,,867488067684034,6383,HBD,,,,,,,,,,,,,,,,,,,,,,,,,,,,,,,,,,,,,,,,,,,,,,,,,,
2025-10-06 08:59:01,,,,867488067684034,6384,HBD,,,,,,,,,,,,,,,,,,,,,,,,,,,,,,,,,,,,,,,,,,,,,,,,,,
2025-10-06 09:01:01,,,,867488067684034,6385,HBD,,,,,,,,,,,,,,,,,,,,,,,,,,,,,,,,,,,,,,,,,,,,,,,,,,
2025-10-06 09:03:02,,,,867488067684034,6386,HBD,,,,,,,,,,,,,,,,,,,,,,,,,,,,,,,,,,,,,,,,,,,,,,,,,,
2025-10-06 09:05:02,,,,867488067684034,6387,HBD,,,,,,,,,,,,,,,,,,,,,,,,,,,,,,,,,,,,,,,,,,,,,,,,,,
2025-10-06 09:07:03,,,,867488067684034,6388,HBD,,,,,,,,,,,,,,,,,,,,,,,,,,,,,,,,,,,,,,,,,,,,,,,,,,
2025-10-06 09:09:03,,,,867488067684034,6389,HBD,,,,,,,,,,,,,,,,,,,,,,,,,,,,,,,,,,,,,,,,,,,,,,,,,,
2025-10-06 09:11:04,,,,867488067684034,6390,HBD,,,,,,,,,,,,,,,,,,,,,,,,,,,,,,,,,,,,,,,,,,,,,,,,,,
2025-10-06 09:13:04,,,,867488067684034,6391,HBD,,,,,,,,,,,,,,,,,,,,,,,,,,,,,,,,,,,,,,,,,,,,,,,,,,
2025-10-06 09:15:04,,,,867488067684034,6392,HBD,,,,,,,,,,,,,,,,,,,,,,,,,,,,,,,,,,,,,,,,,,,,,,,,,,
2025-10-06 09:17:05,,,,867488067684034,6393,HBD,,,,,,,,,,,,,,,,,,,,,,,,,,,,,,,,,,,,,,,,,,,,,,,,,,
2025-10-06 09:19:05,,,,867488067684034,6394,HBD,,,,,,,,,,,,,,,,,,,,,,,,,,,,,,,,,,,,,,,,,,,,,,,,,,
2025-10-06 09:21:06,,,,867488067684034,6395,HBD,,,,,,,,,,,,,,,,,,,,,,,,,,,,,,,,,,,,,,,,,,,,,,,,,,
2025-10-06 09:23:06,,,,867488067684034,6396,HBD,,,,,,,,,,,,,,,,,,,,,,,,,,,,,,,,,,,,,,,,,,,,,,,,,,
2025-10-06 09:25:07,,,,867488067684034,6397,HBD,,,,,,,,,,,,,,,,,,,,,,,,,,,,,,,,,,,,,,,,,,,,,,,,,,
2025-10-06 09:27:07,,,,867488067684034,6398,HBD,,,,,,,,,,,,,,,,,,,,,,,,,,,,,,,,,,,,,,,,,,,,,,,,,,
2025-10-06 09:29:08,,,,867488067684034,6399,HBD,,,,,,,,,,,,,,,,,,,,,,,,,,,,,,,,,,,,,,,,,,,,,,,,,,
2025-10-06 09:31:08,,,,867488067684034,6400,HBD,,,,,,,,,,,,,,,,,,,,,,,,,,,,,,,,,,,,,,,,,,,,,,,,,,
2025-10-06 09:33:08,,,,867488067684034,6401,HBD,,,,,,,,,,,,,,,,,,,,,,,,,,,,,,,,,,,,,,,,,,,,,,,,,,
2025-10-06 09:35:09,,,,867488067684034,6402,HBD,,,,,,,,,,,,,,,,,,,,,,,,,,,,,,,,,,,,,,,,,,,,,,,,,,
2025-10-06 09:37:09,,,,867488067684034,6403,HBD,,,,,,,,,,,,,,,,,,,,,,,,,,,,,,,,,,,,,,,,,,,,,,,,,,
2025-10-06 09:39:10,,,,867488067684034,6404,HBD,,,,,,,,,,,,,,,,,,,,,,,,,,,,,,,,,,,,,,,,,,,,,,,,,,
2025-10-06 09:41:10,,,,867488067684034,6405,HBD,,,,,,,,,,,,,,,,,,,,,,,,,,,,,,,,,,,,,,,,,,,,,,,,,,
2025-10-06 09:43:11,,,,867488067684034,6406,HBD,,,,,,,,,,,,,,,,,,,,,,,,,,,,,,,,,,,,,,,,,,,,,,,,,,
2025-10-06 09:45:11,,,,867488067684034,6407,HBD,,,,,,,,,,,,,,,,,,,,,,,,,,,,,,,,,,,,,,,,,,,,,,,,,,
2025-10-06 09:47:12,,,,867488067684034,6408,HBD,,,,,,,,,,,,,,,,,,,,,,,,,,,,,,,,,,,,,,,,,,,,,,,,,,
2025-10-06 09:49:12,,,,867488067684034,6409,HBD,,,,,,,,,,,,,,,,,,,,,,,,,,,,,,,,,,,,,,,,,,,,,,,,,,
2025-10-06 09:51:12,,,,867488067684034,6410,HBD,,,,,,,,,,,,,,,,,,,,,,,,,,,,,,,,,,,,,,,,,,,,,,,,,,
2025-10-06 09:51:50,2025-10-06 09:51:49,2025-10-06 09:49:25,2025-10-06 09:49:25,867488067684034,6411,GTERI,0x19fe3fbf,0x00028102,802003,0x8303,0x0115,100,25791,0000,-,00,00,11,12,12,-,01,01,0.0,0.0,172,172,1070,1070,-25.043048,-25.043048,-51.53397,-51.53397,0724,0004,85da,0f6ad10a,24.5,220.9,220.9,1:00:34,14:07:32,-,-,0,-,,,,,04,3,00000000,00,10,
2025-10-06 09:53:13,,,,867488067684034,6412,HBD,,,,,,,,,,,,,,,,,,,,,,,,,,,,,,,,,,,,,,,,,,,,,,,,,,
2025-10-06 09:55:13,,,,867488067684034,6413,HBD,,,,,,,,,,,,,,,,,,,,,,,,,,,,,,,,,,,,,,,,,,,,,,,,,,
2025-10-06 09:57:14,,,,867488067684034,6414,HBD,,,,,,,,,,,,,,,,,,,,,,,,,,,,,,,,,,,,,,,,,,,,,,,,,,
2025-10-06 09:59:14,,,,867488067684034,6415,HBD,,,,,,,,,,,,,,,,,,,,,,,,,,,,,,,,,,,,,,,,,,,,,,,,,,
2025-10-06 10:01:15,,,,867488067684034,6416,HBD,,,,,,,,,,,,,,,,,,,,,,,,,,,,,,,,,,,,,,,,,,,,,,,,,,
2025-10-06 10:03:15,,,,867488067684034,6417,HBD,,,,,,,,,,,,,,,,,,,,,,,,,,,,,,,,,,,,,,,,,,,,,,,,,,
2025-10-06 10:05:16,,,,867488067684034,6418,HBD,,,,,,,,,,,,,,,,,,,,,,,,,,,,,,,,,,,,,,,,,,,,,,,,,,
2025-10-06 10:06:16,,,,867488067684034,6419,HBD,,,,,,,,,,,,,,,,,,,,,,,,,,,,,,,,,,,,,,,,,,,,,,,,,,
2025-10-06 10:08:16,,,,867488067684034,6420,HBD,,,,,,,,,,,,,,,,,,,,,,,,,,,,,,,,,,,,,,,,,,,,,,,,,,
2025-10-06 10:10:17,,,,867488067684034,6421,HBD,,,,,,,,,,,,,,,,,,,,,,,,,,,,,,,,,,,,,,,,,,,,,,,,,,
2025-10-06 10:12:17,,,,867488067684034,6422,HBD,,,,,,,,,,,,,,,,,,,,,,,,,,,,,,,,,,,,,,,,,,,,,,,,,,
2025-10-06 10:14:18,,,,867488067684034,6423,HBD,,,,,,,,,,,,,,,,,,,,,,,,,,,,,,,,,,,,,,,,,,,,,,,,,,
2025-10-06 10:16:18,,,,867488067684034,6424,HBD,,,,,,,,,,,,,,,,,,,,,,,,,,,,,,,,,,,,,,,,,,,,,,,,,,
2025-10-06 10:18:18,,,,867488067684034,6425,HBD,,,,,,,,,,,,,,,,,,,,,,,,,,,,,,,,,,,,,,,,,,,,,,,,,,
2025-10-06 10:20:19,,,,867488067684034,6426,HBD,,,,,,,,,,,,,,,,,,,,,,,,,,,,,,,,,,,,,,,,,,,,,,,,,,
2025-10-06 10:22:19,,,,867488067684034,6427,HBD,,,,,,,,,,,,,,,,,,,,,,,,,,,,,,,,,,,,,,,,,,,,,,,,,,
2025-10-06 10:24:20,,,,867488067684034,6428,HBD,,,,,,,,,,,,,,,,,,,,,,,,,,,,,,,,,,,,,,,,,,,,,,,,,,
2025-10-06 10:26:20,,,,867488067684034,6429,HBD,,,,,,,,,,,,,,,,,,,,,,,,,,,,,,,,,,,,,,,,,,,,,,,,,,
2025-10-06 10:28:21,,,,867488067684034,6430,HBD,,,,,,,,,,,,,,,,,,,,,,,,,,,,,,,,,,,,,,,,,,,,,,,,,,
2025-10-06 10:30:21,,,,867488067684034,6431,HBD,,,,,,,,,,,,,,,,,,,,,,,,,,,,,,,,,,,,,,,,,,,,,,,,,,
2025-10-06 10:32:22,,,,867488067684034,6432,HBD,,,,,,,,,,,,,,,,,,,,,,,,,,,,,,,,,,,,,,,,,,,,,,,,,,
2025-10-06 10:34:22,,,,867488067684034,6433,HBD,,,,,,,,,,,,,,,,,,,,,,,,,,,,,,,,,,,,,,,,,,,,,,,,,,
2025-10-06 10:36:22,,,,867488067684034,6434,HBD,,,,,,,,,,,,,,,,,,,,,,,,,,,,,,,,,,,,,,,,,,,,,,,,,,
2025-10-06 10:38:23,,,,867488067684034,6435,HBD,,,,,,,,,,,,,,,,,,,,,,,,,,,,,,,,,,,,,,,,,,,,,,,,,,
2025-10-06 10:40:23,,,,867488067684034,6436,HBD,,,,,,,,,,,,,,,,,,,,,,,,,,,,,,,,,,,,,,,,,,,,,,,,,,
2025-10-06 10:42:24,,,,867488067684034,6437,HBD,,,,,,,,,,,,,,,,,,,,,,,,,,,,,,,,,,,,,,,,,,,,,,,,,,
2025-10-06 10:44:24,,,,867488067684034,6438,HBD,,,,,,,,,,,,,,,,,,,,,,,,,,,,,,,,,,,,,,,,,,,,,,,,,,
2025-10-06 10:46:25,,,,867488067684034,6439,HBD,,,,,,,,,,,,,,,,,,,,,,,,,,,,,,,,,,,,,,,,,,,,,,,,,,
2025-10-06 10:48:25,,,,867488067684034,6440,HBD,,,,,,,,,,,,,,,,,,,,,,,,,,,,,,,,,,,,,,,,,,,,,,,,,,
2025-10-06 10:50:26,,,,867488067684034,6441,HBD,,,,,,,,,,,,,,,,,,,,,,,,,,,,,,,,,,,,,,,,,,,,,,,,,,
2025-10-06 10:51:50,2025-10-06 10:51:49,2025-10-06 10:49:31,2025-10-06 10:49:31,867488067684034,6442,GTERI,0x19fe3fbf,0x00028102,802003,0x8303,0x0115,100,25798,0000,-,00,00,11,4,4,-,01,01,0.0,0.0,172,172,1070,1070,-25.043048,-25.043048,-51.53397,-51.53397,0724,0004,85da,0f6ad10a,24.5,220.9,220.9,1:00:34,14:07:32,-,-,0,-,,,,,04,3,00000000,00,10,
2025-10-06 10:52:26,,,,867488067684034,6443,HBD,,,,,,,,,,,,,,,,,,,,,,,,,,,,,,,,,,,,,,,,,,,,,,,,,,
2025-10-06 10:54:26,,,,867488067684034,6444,HBD,,,,,,,,,,,,,,,,,,,,,,,,,,,,,,,,,,,,,,,,,,,,,,,,,,
2025-10-06 10:56:27,,,,867488067684034,6445,HBD,,,,,,,,,,,,,,,,,,,,,,,,,,,,,,,,,,,,,,,,,,,,,,,,,,
2025-10-06 10:58:27,,,,867488067684034,6446,HBD,,,,,,,,,,,,,,,,,,,,,,,,,,,,,,,,,,,,,,,,,,,,,,,,,,
2025-10-06 11:00:28,,,,867488067684034,6447,HBD,,,,,,,,,,,,,,,,,,,,,,,,,,,,,,,,,,,,,,,,,,,,,,,,,,
2025-10-06 11:02:28,,,,867488067684034,6448,HBD,,,,,,,,,,,,,,,,,,,,,,,,,,,,,,,,,,,,,,,,,,,,,,,,,,
2025-10-06 11:04:29,,,,867488067684034,6449,HBD,,,,,,,,,,,,,,,,,,,,,,,,,,,,,,,,,,,,,,,,,,,,,,,,,,
2025-10-06 11:06:29,,,,867488067684034,6450,HBD,,,,,,,,,,,,,,,,,,,,,,,,,,,,,,,,,,,,,,,,,,,,,,,,,,
2025-10-06 11:08:30,,,,867488067684034,6451,HBD,,,,,,,,,,,,,,,,,,,,,,,,,,,,,,,,,,,,,,,,,,,,,,,,,,
2025-10-06 11:10:30,,,,867488067684034,6452,HBD,,,,,,,,,,,,,,,,,,,,,,,,,,,,,,,,,,,,,,,,,,,,,,,,,,
2025-10-06 11:12:30,,,,867488067684034,6453,HBD,,,,,,,,,,,,,,,,,,,,,,,,,,,,,,,,,,,,,,,,,,,,,,,,,,
2025-10-06 11:14:31,,,,867488067684034,6454,HBD,,,,,,,,,,,,,,,,,,,,,,,,,,,,,,,,,,,,,,,,,,,,,,,,,,
2025-10-06 11:16:31,,,,867488067684034,6455,HBD,,,,,,,,,,,,,,,,,,,,,,,,,,,,,,,,,,,,,,,,,,,,,,,,,,
2025-10-06 11:18:32,,,,867488067684034,6456,HBD,,,,,,,,,,,,,,,,,,,,,,,,,,,,,,,,,,,,,,,,,,,,,,,,,,
2025-10-06 11:20:32,,,,867488067684034,6457,HBD,,,,,,,,,,,,,,,,,,,,,,,,,,,,,,,,,,,,,,,,,,,,,,,,,,
2025-10-06 11:22:33,,,,867488067684034,6458,HBD,,,,,,,,,,,,,,,,,,,,,,,,,,,,,,,,,,,,,,,,,,,,,,,,,,
2025-10-06 11:24:33,,,,867488067684034,6459,HBD,,,,,,,,,,,,,,,,,,,,,,,,,,,,,,,,,,,,,,,,,,,,,,,,,,
2025-10-06 11:26:34,,,,867488067684034,6460,HBD,,,,,,,,,,,,,,,,,,,,,,,,,,,,,,,,,,,,,,,,,,,,,,,,,,
2025-10-06 11:28:34,,,,867488067684034,6461,HBD,,,,,,,,,,,,,,,,,,,,,,,,,,,,,,,,,,,,,,,,,,,,,,,,,,
2025-10-06 11:30:35,,,,867488067684034,6462,HBD,,,,,,,,,,,,,,,,,,,,,,,,,,,,,,,,,,,,,,,,,,,,,,,,,,
2025-10-06 11:32:35,,,,867488067684034,6463,HBD,,,,,,,,,,,,,,,,,,,,,,,,,,,,,,,,,,,,,,,,,,,,,,,,,,
2025-10-06 11:34:35,,,,867488067684034,6464,HBD,,,,,,,,,,,,,,,,,,,,,,,,,,,,,,,,,,,,,,,,,,,,,,,,,,
2025-10-06 11:36:36,,,,867488067684034,6465,HBD,,,,,,,,,,,,,,,,,,,,,,,,,,,,,,,,,,,,,,,,,,,,,,,,,,
2025-10-06 11:38:36,,,,867488067684034,6466,HBD,,,,,,,,,,,,,,,,,,,,,,,,,,,,,,,,,,,,,,,,,,,,,,,,,,
2025-10-06 11:40:37,,,,867488067684034,6467,HBD,,,,,,,,,,,,,,,,,,,,,,,,,,,,,,,,,,,,,,,,,,,,,,,,,,
2025-10-06 11:42:37,,,,867488067684034,6468,HBD,,,,,,,,,,,,,,,,,,,,,,,,,,,,,,,,,,,,,,,,,,,,,,,,,,
2025-10-06 11:44:38,,,,867488067684034,6469,HBD,,,,,,,,,,,,,,,,,,,,,,,,,,,,,,,,,,,,,,,,,,,,,,,,,,
2025-10-06 11:46:38,,,,867488067684034,6470,HBD,,,,,,,,,,,,,,,,,,,,,,,,,,,,,,,,,,,,,,,,,,,,,,,,,,
2025-10-06 11:48:39,,,,867488067684034,6471,HBD,,,,,,,,,,,,,,,,,,,,,,,,,,,,,,,,,,,,,,,,,,,,,,,,,,
2025-10-06 11:50:39,,,,867488067684034,6472,HBD,,,,,,,,,,,,,,,,,,,,,,,,,,,,,,,,,,,,,,,,,,,,,,,,,,
2025-10-06 11:51:50,2025-10-06 11:51:49,2025-10-06 11:49:52,2025-10-06 11:49:52,867488067684034,6473,GTERI,0x19fe3fbf,0x00028102,802003,0x8303,0x0115,100,25753,0000,-,00,00,11,12,12,-,01,01,0.0,0.0,172,172,1070,1070,-25.043048,-25.043048,-51.53397,-51.53397,0724,0004,85da,0f6ad116,24.5,220.9,220.9,1:00:34,14:07:32,-,-,0,-,,,,,04,1,00000000,00,10,
2025-10-06 11:52:39,,,,867488067684034,6474,HBD,,,,,,,,,,,,,,,,,,,,,,,,,,,,,,,,,,,,,,,,,,,,,,,,,,
2025-10-06 11:54:40,,,,867488067684034,6475,HBD,,,,,,,,,,,,,,,,,,,,,,,,,,,,,,,,,,,,,,,,,,,,,,,,,,
2025-10-06 11:56:40,,,,867488067684034,6476,HBD,,,,,,,,,,,,,,,,,,,,,,,,,,,,,,,,,,,,,,,,,,,,,,,,,,
2025-10-06 11:58:41,,,,867488067684034,6477,HBD,,,,,,,,,,,,,,,,,,,,,,,,,,,,,,,,,,,,,,,,,,,,,,,,,,
2025-10-06 12:00:41,,,,867488067684034,6478,HBD,,,,,,,,,,,,,,,,,,,,,,,,,,,,,,,,,,,,,,,,,,,,,,,,,,
2025-10-06 12:02:05,2025-10-06 12:02:04,2025-10-06 11:49:52,2025-10-06 07:46:32,867488067684034,6480,GTIGN,0x19fe7fbf,,802003,0x8303,0x0115,100,25750,0000,0000,01,00,22,12,12,15311,00,01,0.0,17.0,172,153,1070,1068,-25.043048,-25.043008,-51.53397,-51.534121,0724,0004,85da,0f6ad116,0.0,220.9,220.9,0:00:00,14:07:32,-,-,0,-,,,,,,,,,,
2025-10-06 12:02:05,2025-10-06 12:02:04,2025-10-06 11:49:52,2025-10-06 11:49:52,867488067684034,6481,GTSTT,0x19fe7fbf,,802003,0x8303,0x0115,100,25750,0000,0000,01,00,22,12,12,-,00,00,0.0,0.0,172,172,1070,1070,-25.043048,-25.043048,-51.53397,-51.53397,0724,0004,85da,0f6ad116,0.0,220.9,220.9,0:00:00,14:07:32,-,-,0,-,,,,,,,,,,
2025-10-06 12:02:15,2025-10-06 12:02:14,2025-10-06 12:02:15,2025-10-06 12:02:15,867488067684034,6482,GTERI,0x19fe3fbf,0x00028102,802003,0x8303,0x0115,100,27918,0000,-,01,00,22,11,11,-,01,01,0.0,0.0,172,172,1069,1069,-25.04304,-25.04304,-51.533994,-51.533994,0724,0004,85da,0f6ad116,0.0,220.9,220.9,0:00:09,14:07:41,-,-,0,-,,,,,04,1,00000000,00,10,
2025-10-06 12:02:15,2025-10-06 12:02:14,2025-10-06 12:02:15,2025-10-06 12:02:15,867488067684034,6483,GTIGL,0x19fe7fbf,,802003,0x8303,0x0115,100,27918,0000,0000,01,00,22,11,11,-,01,01,0.0,0.0,172,172,1069,1069,-25.04304,-25.04304,-51.533994,-51.533994,0724,0004,85da,0f6ad116,0.0,220.9,220.9,0:00:09,14:07:41,-,-,0,-,,,,,,,,,00,
2025-10-06 12:02:42,,,,867488067684034,6484,HBD,,,,,,,,,,,,,,,,,,,,,,,,,,,,,,,,,,,,,,,,,,,,,,,,,,
2025-10-06 12:04:42,,,,867488067684034,6486,HBD,,,,,,,,,,,,,,,,,,,,,,,,,,,,,,,,,,,,,,,,,,,,,,,,,,
2025-10-06 12:05:11,2025-10-06 12:05:10,2025-10-06 12:05:09,2025-10-06 12:03:51,867488067684034,6487,GTERI,0x19fe3fbf,0x00028102,802003,0x8303,0x0115,100,27884,0000,-,01,00,22,12,12,-,01,01,0.0,26.4,172,348,1060,1055,-25.042416,-25.04204,-51.535479,-51.534357,0724,0004,85da,0f6ad10b,0.4,221.3,221.0,0:03:03,14:10:35,-,-,0,-,,,,,04,3,00000000,00,10,
2025-10-06 12:06:10,,,,867488067684034,6489,ACK,,,,,,,,,,,,,,,,,,,,,,,,,,,,,,,,,,,,,,,,,,,,,,,,,,
2025-10-06 12:06:10,,,,867488067684034,6490,ACK,,,,,,,,,,,,,,,,,,,,,,,,,,,,,,,,,,,,,,,,,,,,,,,,,,
2025-10-06 12:06:10,,,,867488067684034,6491,ACK,,,,,,,,,,,,,,,,,,,,,,,,,,,,,,,,,,,,,,,,,,,,,,,,,,
2025-10-06 12:06:43,,,,867488067684034,6492,HBD,,,,,,,,,,,,,,,,,,,,,,,,,,,,,,,,,,,,,,,,,,,,,,,,,,
2025-10-06 12:08:11,2025-10-06 12:08:10,2025-10-06 12:08:09,2025-10-06 12:07:48,867488067684034,6494,GTERI,0x19fe3fbf,0x00028102,802003,0x8303,0x0115,100,27962,0000,-,01,00,22,12,12,-,01,01,16.2,39.4,347,353,1057,1050,-25.042055,-25.043179,-51.536657,-51.536435,0724,0004,85da,0f6ad10b,0.8,221.7,221.6,0:06:03,14:13:35,-,-,0,-,,,,,04,3,00000000,00,10,
2025-10-06 12:08:43,,,,867488067684034,6495,HBD,,,,,,,,,,,,,,,,,,,,,,,,,,,,,,,,,,,,,,,,,,,,,,,,,,
2025-10-06 12:10:44,,,,867488067684034,6497,HBD,,,,,,,,,,,,,,,,,,,,,,,,,,,,,,,,,,,,,,,,,,,,,,,,,,
2025-10-06 12:11:11,2025-10-06 12:11:10,2025-10-06 12:11:09,2025-10-06 12:08:11,867488067684034,6498,GTERI,0x19fe3fbf,0x00028102,802003,0x8303,0x0115,100,27928,0000,-,01,00,22,12,12,-,01,01,0.0,16.6,347,345,1056,1057,-25.041754,-25.041973,-51.536672,-51.536678,0724,0004,85da,0f6ad10b,0.9,221.7,221.7,0:09:03,14:16:35,-,-,0,-,,,,,04,3,00000000,00,10,
2025-10-06 12:12:44,,,,867488067684034,6500,HBD,,,,,,,,,,,,,,,,,,,,,,,,,,,,,,,,,,,,,,,,,,,,,,,,,,
2025-10-06 12:14:11,2025-10-06 12:14:10,2025-10-06 12:14:09,2025-10-06 12:13:49,867488067684034,6502,GTERI,0x19fe3fbf,0x00028102,802003,0x8303,0x0115,100,28013,0000,-,01,00,22,12,12,-,01,01,13.1,23.4,172,169,1062,1057,-25.043538,-25.04283,-51.535219,-51.535361,0724,0004,85da,0f6ad10b,1.2,222.1,222.0,0:12:03,14:19:35,-,-,0,-,,,,,04,3,00000000,00,10,
2025-10-06 12:14:45,,,,867488067684034,6503,HBD,,,,,,,,,,,,,,,,,,,,,,,,,,,,,,,,,,,,,,,,,,,,,,,,,,
2025-10-06 12:16:45,,,,867488067684034,6505,HBD,,,,,,,,,,,,,,,,,,,,,,,,,,,,,,,,,,,,,,,,,,,,,,,,,,
2025-10-06 12:17:11,2025-10-06 12:17:10,2025-10-06 12:17:09,2025-10-06 12:15:23,867488067684034,6506,GTERI,0x19fe3fbf,0x00028102,802003,0x8303,0x0115,100,27921,0000,-,01,00,22,12,12,-,01,01,0.0,43.3,172,173,1053,1049,-25.0485,-25.046671,-51.536462,-51.535776,0724,0004,85da,0f6ad10a,1.9,222.8,222.5,0:15:03,14:22:35,-,-,0,-,,,,,04,3,00000000,00,10,
2025-10-06 12:18:46,,,,867488067684034,6508,HBD,,,,,,,,,,,,,,,,,,,,,,,,,,,,,,,,,,,,,,,,,,,,,,,,,,
2025-10-06 12:20:11,2025-10-06 12:20:10,2025-10-06 12:20:09,2025-10-06 12:18:47,867488067684034,6510,GTERI,0x19fe3fbf,0x00028102,802003,0x8303,0x0115,100,27977,0000,-,01,00,22,12,12,-,01,01,14.3,44.0,271,173,1072,1053,-25.052407,-25.050056,-51.535618,-51.535355,0724,0004,85da,0f6ad10a,2.5,223.4,223.1,0:18:03,14:25:35,-,-,0,-,,,,,04,3,00000000,00,10,
2025-10-06 12:20:46,,,,867488067684034,6511,HBD,,,,,,,,,,,,,,,,,,,,,,,,,,,,,,,,,,,,,,,,,,,,,,,,,,
2025-10-06 12:22:47,,,,867488067684034,6513,HBD,,,,,,,,,,,,,,,,,,,,,,,,,,,,,,,,,,,,,,,,,,,,,,,,,,
2025-10-06 12:23:11,2025-10-06 12:23:10,2025-10-06 12:23:09,2025-10-06 12:20:47,867488067684034,6514,GTERI,0x19fe3fbf,0x00028102,802003,0x8303,0x0115,100,27971,0000,-,01,00,22,12,12,-,01,01,0.0,27.4,271,257,1072,1063,-25.054932,-25.051648,-51.536208,-51.536628,0724,0004,85da,0f6ad10a,3.1,224.0,223.6,0:21:03,14:28:35,-,-,0,-,,,,,04,3,00000000,00,10,
2025-10-06 12:24:47,,,,867488067684034,6516,HBD,,,,,,,,,,,,,,,,,,,,,,,,,,,,,,,,,,,,,,,,,,,,,,,,,,
2025-10-06 12:26:11,2025-10-06 12:26:10,2025-10-06 12:26:09,2025-10-06 12:24:36,867488067684034,6518,GTERI,0x19fe3fbf,0x00028102,802003,0x8303,0x0115,100,27943,0000,-,01,00,22,12,12,-,01,01,11.7,33.8,198,260,1063,1040,-25.056911,-25.056599,-51.542772,-51.539957,0724,0004,85da,0f6ad10a,4.0,224.8,224.5,0:24:03,14:31:35,-,-,0,-,,,,,04,3,00000000,00,10,
2025-10-06 12:26:48,,,,867488067684034,6519,HBD,,,,,,,,,,,,,,,,,,,,,,,,,,,,,,,,,,,,,,,,,,,,,,,,,,
2025-10-06 12:28:48,,,,867488067684034,6521,HBD,,,,,,,,,,,,,,,,,,,,,,,,,,,,,,,,,,,,,,,,,,,,,,,,,,
2025-10-06 12:29:11,2025-10-06 12:29:10,2025-10-06 12:29:09,2025-10-06 12:28:29,867488067684034,6522,GTERI,0x19fe3fbf,0x00028102,802003,0x8303,0x0115,100,28040,0000,-,01,00,22,12,12,-,01,01,0.0,31.9,104,86,1055,1060,-25.060933,-25.060869,-51.540538,-51.541763,0724,0004,85da,0f6ad10a,4.6,225.5,225.4,0:27:03,14:34:35,-,-,0,-,,,,,04,3,00000000,00,10,
2025-10-06 12:30:49,,,,867488067684034,6524,HBD,,,,,,,,,,,,,,,,,,,,,,,,,,,,,,,,,,,,,,,,,,,,,,,,,,
2025-10-06 12:33:15,,,,867488067684034,6527,HBD,,,,,,,,,,,,,,,,,,,,,,,,,,,,,,,,,,,,,,,,,,,,,,,,,,
2025-10-06 12:33:15,2025-10-06 12:32:33,2025-10-06 12:32:33,2025-10-06 12:32:11,867488067684034,6528,GTPDP,0x19fe7fbf,,802003,0x8303,0x0115,100,27914,0000,0000,01,00,22,12,12,-,01,01,25.9,36.1,77,116,1047,1064,-25.064173,-25.063684,-51.530002,-51.531787,0000,0000,0000,00000000,5.8,226.6,226.4,0:30:27,14:37:59,-,-,0,-,,,,,,,,,,
2025-10-06 12:33:16,2025-10-06 12:32:10,2025-10-06 12:32:09,2025-10-06 12:31:51,867488067684034,6526,GTERI,0x19fe3fbf,0x00028102,802003,0x8303,0x0115,100,27989,0000,-,01,00,22,12,12,-,01,01,38.3,44.1,113,70,1065,1081,-25.063605,-25.063586,-51.531972,-51.533935,0724,0004,85da,0f79f10e,5.6,226.4,226.2,0:30:03,14:37:35,-,-,0,-,,,,,04,28,00000000,00,10,
2025-10-06 12:33:16,,,,867488067684034,6530,HBD,,,,,,,,,,,,,,,,,,,,,,,,,,,,,,,,,,,,,,,,,,,,,,,,,,
2025-10-06 12:34:38,2025-10-06 12:33:51,2025-10-06 12:33:51,2025-10-06 12:33:44,867488067684034,6531,GTPDP,0x19fe7fbf,,802003,0x8303,0x0115,100,28059,0000,0000,01,00,22,12,12,-,01,01,30.3,30.5,300,293,1065,1062,-25.063758,-25.063978,-51.531601,-51.531133,0000,0000,0000,00000000,6.0,226.9,226.8,0:31:45,14:39:17,-,-,0,-,,,,,,,,,,
2025-10-06 12:34:38,2025-10-06 12:34:02,2025-10-06 12:34:02,2025-10-06 12:34:02,867488067684034,6532,GTPDP,0x19fe7fbf,,802003,0x8303,0x0115,100,27991,0000,0000,01,00,22,12,12,-,01,01,44.8,44.8,273,273,1068,1068,-25.063434,-25.063434,-51.532654,-51.532654,0000,0000,0000,00000000,6.1,227.0,227.0,0:31:57,14:39:29,-,-,0,-,,,,,,,,,,
2025-10-06 12:34:39,,,,867488067684034,6534,HBD,,,,,,,,,,,,,,,,,,,,,,,,,,,,,,,,,,,,,,,,,,,,,,,,,,
2025-10-06 12:35:11,2025-10-06 12:35:10,2025-10-06 12:35:09,2025-10-06 12:34:03,867488067684034,6535,GTERI,0x19fe3fbf,0x00028102,802003,0x8303,0x0115,100,28038,0000,-,01,00,22,12,12,-,01,01,28.4,45.5,306,274,1067,1069,-25.061812,-25.063425,-51.538684,-51.532778,0724,0004,85da,0f79f10e,6.8,227.7,227.0,0:33:03,14:40:35,-,-,0,-,,,,,04,28,00000000,00,10,
2025-10-06 12:36:52,,,,867488067684034,6537,HBD,,,,,,,,,,,,,,,,,,,,,,,,,,,,,,,,,,,,,,,,,,,,,,,,,,
2025-10-06 12:38:11,2025-10-06 12:38:10,2025-10-06 12:38:09,2025-10-06 12:38:10,867488067684034,6538,GTERI,0x19fe3fbf,0x00028102,802003,0x8303,0x0115,100,28020,0000,-,01,00,22,12,12,-,01,01,34.1,37.1,83,84,1043,1042,-25.0567,-25.056691,-51.540756,-51.540657,0724,0004,85da,0f6ad10a,7.8,228.7,228.7,0:36:03,14:43:35,-,-,0,-,,,,,04,3,00000000,00,10,
2025-10-06 12:38:52,,,,867488067684034,6540,HBD,,,,,,,,,,,,,,,,,,,,,,,,,,,,,,,,,,,,,,,,,,,,,,,,,,
2025-10-06 12:40:53,,,,867488067684034,6542,HBD,,,,,,,,,,,,,,,,,,,,,,,,,,,,,,,,,,,,,,,,,,,,,,,,,,
2025-10-06 12:41:11,2025-10-06 12:41:10,2025-10-06 12:41:09,2025-10-06 12:38:14,867488067684034,6543,GTERI,0x19fe3fbf,0x00028102,802003,0x8303,0x0115,100,27849,0000,-,01,00,22,12,12,-,01,01,0.0,39.8,83,82,1068,1039,-25.052218,-25.056636,-51.537111,-51.540229,0724,0004,85da,0f6ad10a,8.8,229.7,228.8,0:39:03,14:46:35,-,-,0,-,,,,,04,3,00000000,00,10,
2025-10-06 12:42:53,,,,867488067684034,6545,HBD,,,,,,,,,,,,,,,,,,,,,,,,,,,,,,,,,,,,,,,,,,,,,,,,,,
2025-10-06 12:44:11,2025-10-06 12:44:10,2025-10-06 12:44:09,2025-10-06 12:43:47,867488067684034,6546,GTERI,0x19fe3fbf,0x00028102,802003,0x8303,0x0115,100,28065,0000,-,01,00,22,12,12,-,01,01,36.2,36.5,354,354,1060,1070,-25.050166,-25.0515,-51.535252,-51.535093,0724,0004,85da,0f6ad116,9.4,230.3,230.1,0:42:03,14:49:35,-,-,0,-,,,,,04,1,00000000,00,10,
2025-10-06 12:44:54,,,,867488067684034,6548,HBD,,,,,,,,,,,,,,,,,,,,,,,,,,,,,,,,,,,,,,,,,,,,,,,,,,
2025-10-06 12:46:54,,,,867488067684034,6550,HBD,,,,,,,,,,,,,,,,,,,,,,,,,,,,,,,,,,,,,,,,,,,,,,,,,,
2025-10-06 12:47:11,2025-10-06 12:47:10,2025-10-06 12:47:09,2025-10-06 12:46:34,867488067684034,6551,GTERI,0x19fe3fbf,0x00028102,802003,0x8303,0x0115,100,28008,0000,-,01,00,22,12,12,-,01,01,20.4,39.3,84,352,1050,1044,-25.04585,-25.047518,-51.536163,-51.536812,0724,0004,85da,0f6ad10a,10.1,230.9,230.7,0:45:03,14:52:35,-,-,0,-,,,,,04,3,00000000,00,10,
2025-10-06 12:48:55,,,,867488067684034,6553,HBD,,,,,,,,,,,,,,,,,,,,,,,,,,,,,,,,,,,,,,,,,,,,,,,,,,
2025-10-06 12:50:11,2025-10-06 12:50:10,2025-10-06 12:50:09,2025-10-06 12:50:07,867488067684034,6554,GTERI,0x19fe3fbf,0x00028102,802003,0x8303,0x0115,100,28037,0000,-,01,00,22,12,12,-,01,01,25.3,28.8,351,351,1053,1053,-25.043145,-25.043282,-51.53643,-51.536409,0724,0004,85da,0f6ad10a,10.7,231.6,231.6,0:48:03,14:55:35,-,-,0,-,,,,,04,3,00000000,00,10,
2025-10-06 12:50:56,,,,867488067684034,6556,HBD,,,,,,,,,,,,,,,,,,,,,,,,,,,,,,,,,,,,,,,,,,,,,,,,,,
2025-10-06 12:52:56,,,,867488067684034,6558,HBD,,,,,,,,,,,,,,,,,,,,,,,,,,,,,,,,,,,,,,,,,,,,,,,,,,
2025-10-06 12:53:11,2025-10-06 12:53:10,2025-10-06 12:53:09,2025-10-06 12:52:16,867488067684034,6559,GTERI,0x19fe3fbf,0x00028102,802003,0x8303,0x0115,100,27959,0000,-,01,00,22,12,12,-,01,01,0.0,22.9,172,170,1065,1061,-25.042415,-25.041946,-51.535485,-51.535545,0724,0004,85da,0f6ad10b,11.0,231.9,231.8,0:51:03,14:58:35,-,-,0,-,,,,,04,3,00000000,00,10,
2025-10-06 12:54:33,2025-10-06 12:54:32,2025-10-06 12:54:32,2025-10-06 12:54:32,867488067684034,6560,GTIGF,0x19fe7fbf,,802003,0x8303,0x0115,100,27945,0000,0000,00,00,12,12,12,3148,01,01,0.0,0.0,172,172,1077,1077,-25.04302,-25.04302,-51.53399,-51.53399,0724,0004,85da,0f6ad10a,11.3,232.1,232.1,0:52:27,14:59:59,-,-,0,-,,,,,,,,,,
2025-10-06 12:54:33,2025-10-06 12:54:32,2025-10-06 12:54:32,2025-10-06 12:54:32,867488067684034,6561,GTSTT,0x19fe7fbf,,802003,0x8303,0x0115,100,27945,0000,0000,00,00,12,12,12,-,01,01,0.0,0.0,172,172,1077,1077,-25.04302,-25.04302,-51.53399,-51.53399,0724,0004,85da,0f6ad10a,11.3,232.1,232.1,0:52:27,14:59:59,-,-,0,-,,,,,,,,,,
2025-10-06 12:54:33,2025-10-06 12:54:32,2025-10-06 12:54:33,2025-10-06 12:54:33,867488067684034,6562,GTIGL,0x19fe7fbf,,802003,0x8303,0x0115,100,27945,0000,0000,00,00,12,12,12,-,01,01,0.0,0.0,172,172,1077,1077,-25.04302,-25.04302,-51.53399,-51.53399,0724,0004,85da,0f6ad10a,11.3,232.1,232.1,0:52:27,14:59:59,-,-,0,-,,,,,,,,,01,
2025-10-06 12:54:36,,,,867488067684034,6563,ACK,,,,,,,,,,,,,,,,,,,,,,,,,,,,,,,,,,,,,,,,,,,,,,,,,,
2025-10-06 12:54:36,,,,867488067684034,6564,ACK,,,,,,,,,,,,,,,,,,,,,,,,,,,,,,,,,,,,,,,,,,,,,,,,,,
2025-10-06 12:54:57,,,,867488067684034,6566,HBD,,,,,,,,,,,,,,,,,,,,,,,,,,,,,,,,,,,,,,,,,,,,,,,,,,
2025-10-06 12:55:06,2025-10-06 12:55:05,2025-10-06 12:55:05,2025-10-06 12:55:05,867488067684034,6567,GTSTT,0x19fe7fbf,,802003,0x8303,0x0115,100,26399,0000,0000,00,00,11,12,12,-,01,01,0.0,0.0,172,172,1077,1077,-25.04302,-25.04302,-51.53399,-51.53399,0724,0004,85da,0f6ad10a,11.3,232.1,232.1,0:52:27,14:59:59,-,-,0,-,,,,,,,,,,
2025-10-06 12:56:11,2025-10-06 12:56:10,2025-10-06 12:56:09,2025-10-06 12:56:09,867488067684034,6568,GTERI,0x19fe3fbf,0x00028102,802003,0x8303,0x0115,100,26127,0000,-,00,00,11,12,12,-,01,01,0.0,0.0,172,172,1077,1077,-25.04302,-25.04302,-51.53399,-51.53399,0724,0004,85da,0f6ad10a,11.3,232.1,232.1,0:52:27,14:59:59,-,-,0,-,,,,,04,3,00000000,00,10,
2025-10-06 12:56:57,,,,867488067684034,6570,HBD,,,,,,,,,,,,,,,,,,,,,,,,,,,,,,,,,,,,,,,,,,,,,,,,,,
2025-10-06 12:58:58,,,,867488067684034,6572,HBD,,,,,,,,,,,,,,,,,,,,,,,,,,,,,,,,,,,,,,,,,,,,,,,,,,
2025-10-06 12:59:11,2025-10-06 12:59:10,2025-10-06 12:59:09,2025-10-06 12:59:09,867488067684034,6573,GTERI,0x19fe3fbf,0x00028102,802003,0x8303,0x0115,100,26109,0000,-,00,00,11,12,12,-,01,01,0.0,0.0,172,172,1077,1077,-25.04302,-25.04302,-51.53399,-51.53399,0724,0004,85da,0f6ad10a,11.3,232.1,232.1,0:52:27,14:59:59,-,-,0,-,,,,,04,3,00000000,00,10,
2025-10-06 12:59:33,2025-10-06 12:59:32,2025-10-06 12:59:33,2025-10-06 12:59:33,867488067684034,6574,GTERI,0x19fe3fbf,0x00028102,802003,0x8303,0x0115,100,26109,0000,-,00,00,11,12,12,-,01,01,0.0,0.0,172,172,1077,1077,-25.04302,-25.04302,-51.53399,-51.53399,0724,0004,85da,0f6ad10a,11.3,232.1,232.1,0:52:27,14:59:59,-,-,0,-,,,,,04,3,00000000,00,10,
2025-10-06 13:00:58,,,,867488067684034,6575,HBD,,,,,,,,,,,,,,,,,,,,,,,,,,,,,,,,,,,,,,,,,,,,,,,,,,
2025-10-06 13:02:59,,,,867488067684034,6576,HBD,,,,,,,,,,,,,,,,,,,,,,,,,,,,,,,,,,,,,,,,,,,,,,,,,,
2025-10-06 13:04:59,,,,867488067684034,6577,HBD,,,,,,,,,,,,,,,,,,,,,,,,,,,,,,,,,,,,,,,,,,,,,,,,,,
2025-10-06 13:07:00,,,,867488067684034,6578,HBD,,,,,,,,,,,,,,,,,,,,,,,,,,,,,,,,,,,,,,,,,,,,,,,,,,
2025-10-06 13:09:00,,,,867488067684034,6579,HBD,,,,,,,,,,,,,,,,,,,,,,,,,,,,,,,,,,,,,,,,,,,,,,,,,,
2025-10-06 13:11:01,,,,867488067684034,6580,HBD,,,,,,,,,,,,,,,,,,,,,,,,,,,,,,,,,,,,,,,,,,,,,,,,,,
2025-10-06 13:12:26,,,,867488067684034,6581,GTINF,,,,,,,,,,,,,,,,,,,,,,,,,,,,,,,,,,,,,,,,,,c1,4200,03,,,,,,
2025-10-06 13:13:01,,,,867488067684034,6582,HBD,,,,,,,,,,,,,,,,,,,,,,,,,,,,,,,,,,,,,,,,,,,,,,,,,,
2025-10-06 13:15:02,,,,867488067684034,6583,HBD,,,,,,,,,,,,,,,,,,,,,,,,,,,,,,,,,,,,,,,,,,,,,,,,,,
2025-10-06 13:17:02,,,,867488067684034,6584,HBD,,,,,,,,,,,,,,,,,,,,,,,,,,,,,,,,,,,,,,,,,,,,,,,,,,
2025-10-06 13:19:03,,,,867488067684034,6585,HBD,,,,,,,,,,,,,,,,,,,,,,,,,,,,,,,,,,,,,,,,,,,,,,,,,,
2025-10-06 13:21:03,,,,867488067684034,6586,HBD,,,,,,,,,,,,,,,,,,,,,,,,,,,,,,,,,,,,,,,,,,,,,,,,,,
2025-10-06 13:23:03,,,,867488067684034,6587,HBD,,,,,,,,,,,,,,,,,,,,,,,,,,,,,,,,,,,,,,,,,,,,,,,,,,
2025-10-06 13:25:04,,,,867488067684034,6588,HBD,,,,,,,,,,,,,,,,,,,,,,,,,,,,,,,,,,,,,,,,,,,,,,,,,,
2025-10-06 13:27:04,,,,867488067684034,6589,HBD,,,,,,,,,,,,,,,,,,,,,,,,,,,,,,,,,,,,,,,,,,,,,,,,,,
2025-10-06 13:29:05,,,,867488067684034,6590,HBD,,,,,,,,,,,,,,,,,,,,,,,,,,,,,,,,,,,,,,,,,,,,,,,,,,
2025-10-06 13:31:05,,,,867488067684034,6591,HBD,,,,,,,,,,,,,,,,,,,,,,,,,,,,,,,,,,,,,,,,,,,,,,,,,,
2025-10-06 13:33:06,,,,867488067684034,6592,HBD,,,,,,,,,,,,,,,,,,,,,,,,,,,,,,,,,,,,,,,,,,,,,,,,,,
2025-10-06 13:35:06,,,,867488067684034,6593,HBD,,,,,,,,,,,,,,,,,,,,,,,,,,,,,,,,,,,,,,,,,,,,,,,,,,
2025-10-06 13:37:07,,,,867488067684034,6594,HBD,,,,,,,,,,,,,,,,,,,,,,,,,,,,,,,,,,,,,,,,,,,,,,,,,,
2025-10-06 13:39:07,,,,867488067684034,6595,HBD,,,,,,,,,,,,,,,,,,,,,,,,,,,,,,,,,,,,,,,,,,,,,,,,,,
2025-10-06 13:41:08,,,,867488067684034,6596,HBD,,,,,,,,,,,,,,,,,,,,,,,,,,,,,,,,,,,,,,,,,,,,,,,,,,
2025-10-06 13:43:08,,,,867488067684034,6597,HBD,,,,,,,,,,,,,,,,,,,,,,,,,,,,,,,,,,,,,,,,,,,,,,,,,,
2025-10-06 13:45:09,,,,867488067684034,6598,HBD,,,,,,,,,,,,,,,,,,,,,,,,,,,,,,,,,,,,,,,,,,,,,,,,,,
2025-10-06 13:47:09,,,,867488067684034,6599,HBD,,,,,,,,,,,,,,,,,,,,,,,,,,,,,,,,,,,,,,,,,,,,,,,,,,
2025-10-06 13:49:09,,,,867488067684034,6600,HBD,,,,,,,,,,,,,,,,,,,,,,,,,,,,,,,,,,,,,,,,,,,,,,,,,,
2025-10-06 13:51:10,,,,867488067684034,6601,HBD,,,,,,,,,,,,,,,,,,,,,,,,,,,,,,,,,,,,,,,,,,,,,,,,,,
2025-10-06 13:53:10,,,,867488067684034,6602,HBD,,,,,,,,,,,,,,,,,,,,,,,,,,,,,,,,,,,,,,,,,,,,,,,,,,
2025-10-06 13:55:11,,,,867488067684034,6603,HBD,,,,,,,,,,,,,,,,,,,,,,,,,,,,,,,,,,,,,,,,,,,,,,,,,,
2025-10-06 13:57:11,,,,867488067684034,6604,HBD,,,,,,,,,,,,,,,,,,,,,,,,,,,,,,,,,,,,,,,,,,,,,,,,,,
2025-10-06 13:59:12,,,,867488067684034,6605,HBD,,,,,,,,,,,,,,,,,,,,,,,,,,,,,,,,,,,,,,,,,,,,,,,,,,
2025-10-06 13:59:28,2025-10-06 13:59:27,2025-10-06 13:57:01,2025-10-06 13:57:01,867488067684034,6606,GTERI,0x19fe3fbf,0x00028102,802003,0x8303,0x0115,100,25847,0000,-,00,00,11,12,12,-,01,01,0.0,0.0,172,172,1077,1077,-25.04302,-25.04302,-51.53399,-51.53399,0724,0004,85da,0f6ad116,11.3,232.1,232.1,0:52:27,14:59:59,-,-,0,-,,,,,04,1,00000000,00,10,
2025-10-06 14:01:12,,,,867488067684034,6607,HBD,,,,,,,,,,,,,,,,,,,,,,,,,,,,,,,,,,,,,,,,,,,,,,,,,,
2025-10-06 14:03:13,,,,867488067684034,6608,HBD,,,,,,,,,,,,,,,,,,,,,,,,,,,,,,,,,,,,,,,,,,,,,,,,,,
2025-10-06 14:05:13,,,,867488067684034,6609,HBD,,,,,,,,,,,,,,,,,,,,,,,,,,,,,,,,,,,,,,,,,,,,,,,,,,
2025-10-06 14:07:13,,,,867488067684034,6610,HBD,,,,,,,,,,,,,,,,,,,,,,,,,,,,,,,,,,,,,,,,,,,,,,,,,,
2025-10-06 14:09:14,,,,867488067684034,6611,HBD,,,,,,,,,,,,,,,,,,,,,,,,,,,,,,,,,,,,,,,,,,,,,,,,,,
2025-10-06 14:11:14,,,,867488067684034,6612,HBD,,,,,,,,,,,,,,,,,,,,,,,,,,,,,,,,,,,,,,,,,,,,,,,,,,
2025-10-06 14:13:15,,,,867488067684034,6613,HBD,,,,,,,,,,,,,,,,,,,,,,,,,,,,,,,,,,,,,,,,,,,,,,,,,,
2025-10-06 14:15:15,,,,867488067684034,6614,HBD,,,,,,,,,,,,,,,,,,,,,,,,,,,,,,,,,,,,,,,,,,,,,,,,,,
2025-10-06 14:17:16,,,,867488067684034,6615,HBD,,,,,,,,,,,,,,,,,,,,,,,,,,,,,,,,,,,,,,,,,,,,,,,,,,
2025-10-06 14:19:16,,,,867488067684034,6616,HBD,,,,,,,,,,,,,,,,,,,,,,,,,,,,,,,,,,,,,,,,,,,,,,,,,,
2025-10-06 14:21:17,,,,867488067684034,6617,HBD,,,,,,,,,,,,,,,,,,,,,,,,,,,,,,,,,,,,,,,,,,,,,,,,,,
2025-10-06 14:23:17,,,,867488067684034,6618,HBD,,,,,,,,,,,,,,,,,,,,,,,,,,,,,,,,,,,,,,,,,,,,,,,,,,
2025-10-06 14:25:17,,,,867488067684034,6619,HBD,,,,,,,,,,,,,,,,,,,,,,,,,,,,,,,,,,,,,,,,,,,,,,,,,,
2025-10-06 14:27:18,,,,867488067684034,6620,HBD,,,,,,,,,,,,,,,,,,,,,,,,,,,,,,,,,,,,,,,,,,,,,,,,,,
2025-10-06 14:29:18,,,,867488067684034,6621,HBD,,,,,,,,,,,,,,,,,,,,,,,,,,,,,,,,,,,,,,,,,,,,,,,,,,
2025-10-06 14:31:19,,,,867488067684034,6622,HBD,,,,,,,,,,,,,,,,,,,,,,,,,,,,,,,,,,,,,,,,,,,,,,,,,,
2025-10-06 14:33:19,,,,867488067684034,6623,HBD,,,,,,,,,,,,,,,,,,,,,,,,,,,,,,,,,,,,,,,,,,,,,,,,,,
2025-10-06 14:35:20,,,,867488067684034,6624,HBD,,,,,,,,,,,,,,,,,,,,,,,,,,,,,,,,,,,,,,,,,,,,,,,,,,
2025-10-06 14:37:20,,,,867488067684034,6625,HBD,,,,,,,,,,,,,,,,,,,,,,,,,,,,,,,,,,,,,,,,,,,,,,,,,,
2025-10-06 14:39:20,,,,867488067684034,6626,HBD,,,,,,,,,,,,,,,,,,,,,,,,,,,,,,,,,,,,,,,,,,,,,,,,,,
2025-10-06 14:41:21,,,,867488067684034,6627,HBD,,,,,,,,,,,,,,,,,,,,,,,,,,,,,,,,,,,,,,,,,,,,,,,,,,
2025-10-06 14:43:21,,,,867488067684034,6628,HBD,,,,,,,,,,,,,,,,,,,,,,,,,,,,,,,,,,,,,,,,,,,,,,,,,,
2025-10-06 14:45:22,,,,867488067684034,6629,HBD,,,,,,,,,,,,,,,,,,,,,,,,,,,,,,,,,,,,,,,,,,,,,,,,,,
2025-10-06 14:47:22,,,,867488067684034,6630,HBD,,,,,,,,,,,,,,,,,,,,,,,,,,,,,,,,,,,,,,,,,,,,,,,,,,
