Data/Hora Inclusão,Data/Hora Evento,GNSS UTC Time,MS GNSS UTC Time,IMEI,Sequência,Tipo Mensagem,Máscara Report,Máscara ERI,Tipo Dispositivo,Versão Protocolo,Versão Firmware,Bateria Interna,Alimentação Externa,Analog Input Mode,Analog Input1 Voltage,Digital Input Status,Digital Output Status,Motion Status,Satélites,MS Satellite Number,Duração da Ignição,Precisão GNSS,MS GNSS Accuracy,Velocidade,Max Speed,Azimuth,MS Azimuth,Altitude,MS Altitude,Latitude,MS Latitude,Longitude,MS Longitude,MCC,MNC,LAC,Cell ID,Hodômetro Atual,Hodômetro Total,MS Mileage,Horímetro Atual,Horímetro Total,Motivo Power Off,Motivo Power On,ID,ID Report Type,Comando Customizado,Battery Status,Backup Battery Voltage,Network Type,RAT,Band,IGN Trigger Data,GNSS Trigger Type,Position Report Type,GNSS Signal Status,,,,,,,,,,,,,,,,,,,,,,,,,,,
2025-10-09 07:45:14,,,,867488067677285,517,HBD,,,,,,,,,,,,,,,,,,,,,,,,,,,,,,,,,,,,,,,,,,,,,,,,,,,,,,,,,,,,,,,,,,,,,,,,,,,,,
2025-10-09 07:47:14,,,,867488067677285,518,HBD,,,,,,,,,,,,,,,,,,,,,,,,,,,,,,,,,,,,,,,,,,,,,,,,,,,,,,,,,,,,,,,,,,,,,,,,,,,,,
2025-10-09 07:49:15,,,,867488067677285,519,HBD,,,,,,,,,,,,,,,,,,,,,,,,,,,,,,,,,,,,,,,,,,,,,,,,,,,,,,,,,,,,,,,,,,,,,,,,,,,,,
2025-10-09 07:51:15,,,,867488067677285,520,HBD,,,,,,,,,,,,,,,,,,,,,,,,,,,,,,,,,,,,,,,,,,,,,,,,,,,,,,,,,,,,,,,,,,,,,,,,,,,,,
2025-10-09 07:53:16,,,,867488067677285,521,HBD,,,,,,,,,,,,,,,,,,,,,,,,,,,,,,,,,,,,,,,,,,,,,,,,,,,,,,,,,,,,,,,,,,,,,,,,,,,,,
2025-10-09 07:55:16,,,,867488067677285,522,HBD,,,,,,,,,,,,,,,,,,,,,,,,,,,,,,,,,,,,,,,,,,,,,,,,,,,,,,,,,,,,,,,,,,,,,,,,,,,,,
2025-10-09 07:57:17,,,,867488067677285,523,HBD,,,,,,,,,,,,,,,,,,,,,,,,,,,,,,,,,,,,,,,,,,,,,,,,,,,,,,,,,,,,,,,,,,,,,,,,,,,,,
2025-10-09 07:59:17,,,,867488067677285,524,HBD,,,,,,,,,,,,,,,,,,,,,,,,,,,,,,,,,,,,,,,,,,,,,,,,,,,,,,,,,,,,,,,,,,,,,,,,,,,,,
2025-10-09 08:00:10,2025-10-09 08:00:11,2025-10-09 07:57:45,2025-10-09 07:57:45,867488067677285,525,GTERI,0x19fe3fbf,0x00028102,802003,0x8303,0x0115,0,12479,0000,-,00,00,11,6,6,-,01,01,0.0,0.0,4,4,634,634,-23.296407,-23.296407,-51.201409,-51.201409,0724,0005,a053,0690101d,0.0,0.0,0.0,0:00:45,0:43:42,-,-,0,-,,,,,04,1,00000000,00,10,,,,,,,,,,,,,,,,,,,,,,,,,,,,
2025-10-09 08:00:36,2025-10-09 08:00:36,2025-10-09 07:57:45,2025-10-08 17:29:23,867488067677285,527,GTIGN,0x19fe7fbf,,802003,0x8303,0x0115,0,12358,0000,0000,01,00,22,6,12,50720,00,01,0.0,5.2,4,30,634,623,-23.296407,-23.296456,-51.201409,-51.201419,0724,0005,a053,0690101d,0.0,0.0,2.1,0:00:00,0:43:42,-,-,0,-,,,,,,,,,,,,,,,,,,,,,,,,,,,,,,,,,,,,,
2025-10-09 08:00:36,2025-10-09 08:00:36,2025-10-09 07:57:45,2025-10-09 07:57:45,867488067677285,528,GTSTT,0x19fe7fbf,,802003,0x8303,0x0115,0,12358,0000,0000,01,00,22,6,6,-,00,00,0.0,0.0,4,4,634,634,-23.296407,-23.296407,-51.201409,-51.201409,0724,0005,a053,0690101d,0.0,0.0,0.0,0:00:00,0:43:42,-,-,0,-,,,,,,,,,,,,,,,,,,,,,,,,,,,,,,,,,,,,,
2025-10-09 08:00:51,2025-10-09 08:00:52,2025-10-09 08:00:51,2025-10-09 08:00:51,867488067677285,529,GTERI,0x19fe3fbf,0x00028102,802003,0x8303,0x0115,0,13959,0000,-,01,00,22,6,6,-,01,01,0.0,0.0,4,4,629,629,-23.296378,-23.296378,-51.201481,-51.201481,0724,0005,a053,0690101d,0.0,0.0,0.0,0:00:15,0:43:57,-,-,0,-,,,,,04,1,00000000,00,10,,,,,,,,,,,,,,,,,,,,,,,,,,,,
2025-10-09 08:00:51,2025-10-09 08:00:52,2025-10-09 08:00:51,2025-10-09 08:00:51,867488067677285,530,GTIGL,0x19fe7fbf,,802003,0x8303,0x0115,0,13959,0000,0000,01,00,22,6,6,-,01,01,0.0,0.0,4,4,629,629,-23.296378,-23.296378,-51.201481,-51.201481,0724,0005,a053,0690101d,0.0,0.0,0.0,0:00:15,0:43:57,-,-,0,-,,,,,,,,,00,,,,,,,,,,,,,,,,,,,,,,,,,,,,
2025-10-09 08:01:06,,,,867488067677285,531,HBD,,,,,,,,,,,,,,,,,,,,,,,,,,,,,,,,,,,,,,,,,,,,,,,,,,,,,,,,,,,,,,,,,,,,,,,,,,,,,
2025-10-09 08:01:06,2025-10-09 08:01:07,2025-10-09 08:01:06,2025-10-09 08:01:06,867488067677285,532,GTIGF,0x19fe7fbf,,802003,0x8303,0x0115,0,13946,0000,0000,00,00,12,7,7,31,01,01,0.8,0.8,4,4,630,630,-23.296388,-23.296388,-51.201468,-51.201468,0724,0005,a053,0690101d,0.0,0.0,0.0,0:00:30,0:44:12,-,-,0,-,,,,,,,,,,,,,,,,,,,,,,,,,,,,,,,,,,,,,
2025-10-09 08:01:07,2025-10-09 08:01:07,2025-10-09 08:01:06,2025-10-09 08:01:06,867488067677285,533,GTSTT,0x19fe7fbf,,802003,0x8303,0x0115,0,13946,0000,0000,00,00,12,7,7,-,01,01,0.8,0.8,4,4,630,630,-23.296388,-23.296388,-51.201468,-51.201468,0724,0005,a053,0690101d,0.0,0.0,0.0,0:00:30,0:44:12,-,-,0,-,,,,,,,,,,,,,,,,,,,,,,,,,,,,,,,,,,,,,
2025-10-09 08:01:07,2025-10-09 08:01:08,2025-10-09 08:01:07,2025-10-09 08:01:07,867488067677285,534,GTIGL,0x19fe7fbf,,802003,0x8303,0x0115,0,13946,0000,0000,00,00,12,7,7,-,01,01,2.1,2.1,56,56,631,631,-23.296387,-23.296387,-51.201468,-51.201468,0724,0005,a053,0690101d,0.0,0.0,0.0,0:00:30,0:44:12,-,-,0,-,,,,,,,,,01,,,,,,,,,,,,,,,,,,,,,,,,,,,,
2025-10-09 08:01:08,,,,867488067677285,535,ACK,,,,,,,,,,,,,,,,,,,,,,,,,,,,,,,,,,,,,,,,,,,,,,,,,,,,,,,,,,,,,,,,,,,,,,,,,,,,,
2025-10-09 08:01:08,,,,867488067677285,536,ACK,,,,,,,,,,,,,,,,,,,,,,,,,,,,,,,,,,,,,,,,,,,,,,,,,,,,,,,,,,,,,,,,,,,,,,,,,,,,,
2025-10-09 08:01:22,2025-10-09 08:01:22,2025-10-09 08:01:21,2025-10-09 08:01:21,867488067677285,537,GTSTT,0x19fe7fbf,,802003,0x8303,0x0115,0,12413,0000,0000,00,00,11,7,7,-,01,01,0.0,0.0,56,56,631,631,-23.29638,-23.29638,-51.201499,-51.201499,0724,0005,a053,0690101d,0.0,0.0,0.0,0:00:30,0:44:12,-,-,0,-,,,,,,,,,,,,,,,,,,,,,,,,,,,,,,,,,,,,,
2025-10-09 08:03:18,,,,867488067677285,539,HBD,,,,,,,,,,,,,,,,,,,,,,,,,,,,,,,,,,,,,,,,,,,,,,,,,,,,,,,,,,,,,,,,,,,,,,,,,,,,,
2025-10-09 08:03:41,2025-10-09 08:03:42,2025-10-09 08:03:40,2025-10-09 08:03:40,867488067677285,540,GTERI,0x19fe3fbf,0x00028102,802003,0x8303,0x0115,0,12306,0000,-,00,00,11,12,12,-,01,01,0.0,0.0,56,56,631,631,-23.29638,-23.29638,-51.201499,-51.201499,0724,0005,a053,0690101d,0.0,0.0,0.0,0:00:30,0:44:12,-,-,0,-,,,,,04,1,00000000,00,10,,,,,,,,,,,,,,,,,,,,,,,,,,,,
2025-10-09 08:05:18,,,,867488067677285,542,HBD,,,,,,,,,,,,,,,,,,,,,,,,,,,,,,,,,,,,,,,,,,,,,,,,,,,,,,,,,,,,,,,,,,,,,,,,,,,,,
2025-10-09 08:06:07,2025-10-09 08:06:08,2025-10-09 08:06:07,2025-10-09 08:06:07,867488067677285,543,GTERI,0x19fe3fbf,0x00028102,802003,0x8303,0x0115,0,12335,0000,-,00,00,11,12,12,-,01,01,0.0,0.0,56,56,631,631,-23.29638,-23.29638,-51.201499,-51.201499,0724,0005,a053,0690101d,0.0,0.0,0.0,0:00:30,0:44:12,-,-,0,-,,,,,04,1,00000000,00,10,,,,,,,,,,,,,,,,,,,,,,,,,,,,
2025-10-09 08:07:19,,,,867488067677285,544,HBD,,,,,,,,,,,,,,,,,,,,,,,,,,,,,,,,,,,,,,,,,,,,,,,,,,,,,,,,,,,,,,,,,,,,,,,,,,,,,
2025-10-09 08:09:19,,,,867488067677285,545,HBD,,,,,,,,,,,,,,,,,,,,,,,,,,,,,,,,,,,,,,,,,,,,,,,,,,,,,,,,,,,,,,,,,,,,,,,,,,,,,
2025-10-09 08:11:20,,,,867488067677285,546,HBD,,,,,,,,,,,,,,,,,,,,,,,,,,,,,,,,,,,,,,,,,,,,,,,,,,,,,,,,,,,,,,,,,,,,,,,,,,,,,
2025-10-09 08:11:44,2025-10-09 08:11:45,2025-10-09 08:06:07,2025-10-09 08:01:07,867488067677285,548,GTIGN,0x19fe7fbf,,802003,0x8303,0x0115,0,12360,0000,0000,01,00,22,12,7,638,00,01,0.0,2.1,56,56,631,631,-23.29638,-23.296387,-51.201499,-51.201468,0724,0005,a053,0690101d,0.0,0.0,0.0,0:00:00,0:44:12,-,-,0,-,,,,,,,,,,,,,,,,,,,,,,,,,,,,,,,,,,,,,
2025-10-09 08:11:44,2025-10-09 08:11:45,2025-10-09 08:06:07,2025-10-09 08:06:07,867488067677285,549,GTSTT,0x19fe7fbf,,802003,0x8303,0x0115,0,12360,0000,0000,01,00,22,12,12,-,00,00,0.0,0.0,56,56,631,631,-23.29638,-23.29638,-51.201499,-51.201499,0724,0005,a053,0690101d,0.0,0.0,0.0,0:00:00,0:44:12,-,-,0,-,,,,,,,,,,,,,,,,,,,,,,,,,,,,,,,,,,,,,
2025-10-09 08:11:57,2025-10-09 08:11:58,2025-10-09 08:11:57,2025-10-09 08:11:57,867488067677285,550,GTERI,0x19fe3fbf,0x00028102,802003,0x8303,0x0115,0,12529,0000,-,01,00,22,12,12,-,01,01,0.0,0.0,188,188,607,607,-23.296424,-23.296424,-51.201516,-51.201516,0724,0005,a053,0690101d,0.0,0.0,0.0,0:00:12,0:44:24,-,-,0,-,,,,,04,1,00000000,00,10,,,,,,,,,,,,,,,,,,,,,,,,,,,,
2025-10-09 08:11:57,2025-10-09 08:11:58,2025-10-09 08:11:57,2025-10-09 08:11:57,867488067677285,551,GTIGL,0x19fe7fbf,,802003,0x8303,0x0115,0,12529,0000,0000,01,00,22,12,12,-,01,01,0.0,0.0,188,188,607,607,-23.296424,-23.296424,-51.201516,-51.201516,0724,0005,a053,0690101d,0.0,0.0,0.0,0:00:12,0:44:24,-,-,0,-,,,,,,,,,00,,,,,,,,,,,,,,,,,,,,,,,,,,,,
2025-10-09 08:12:15,2025-10-09 08:12:16,2025-10-09 08:12:15,2025-10-09 08:12:15,867488067677285,552,GTIGF,0x19fe7fbf,,802003,0x8303,0x0115,0,13932,0000,0000,00,00,12,12,12,31,01,01,0.0,0.0,188,188,607,607,-23.296424,-23.296424,-51.201516,-51.201516,0724,0005,a053,0690101d,0.0,0.0,0.0,0:00:30,0:44:42,-,-,0,-,,,,,,,,,,,,,,,,,,,,,,,,,,,,,,,,,,,,,
2025-10-09 08:12:15,2025-10-09 08:12:16,2025-10-09 08:12:15,2025-10-09 08:12:15,867488067677285,553,GTSTT,0x19fe7fbf,,802003,0x8303,0x0115,0,13932,0000,0000,00,00,12,12,12,-,01,01,0.0,0.0,188,188,607,607,-23.296424,-23.296424,-51.201516,-51.201516,0724,0005,a053,0690101d,0.0,0.0,0.0,0:00:30,0:44:42,-,-,0,-,,,,,,,,,,,,,,,,,,,,,,,,,,,,,,,,,,,,,
2025-10-09 08:12:16,2025-10-09 08:12:17,2025-10-09 08:12:16,2025-10-09 08:12:16,867488067677285,554,GTIGL,0x19fe7fbf,,802003,0x8303,0x0115,0,13932,0000,0000,00,00,12,12,12,-,01,01,0.0,0.0,188,188,607,607,-23.296424,-23.296424,-51.201516,-51.201516,0724,0005,a053,0690101d,0.0,0.0,0.0,0:00:30,0:44:42,-,-,0,-,,,,,,,,,01,,,,,,,,,,,,,,,,,,,,,,,,,,,,
2025-10-09 08:12:19,,,,867488067677285,555,ACK,,,,,,,,,,,,,,,,,,,,,,,,,,,,,,,,,,,,,,,,,,,,,,,,,,,,,,,,,,,,,,,,,,,,,,,,,,,,,
2025-10-09 08:12:19,,,,867488067677285,556,ACK,,,,,,,,,,,,,,,,,,,,,,,,,,,,,,,,,,,,,,,,,,,,,,,,,,,,,,,,,,,,,,,,,,,,,,,,,,,,,
2025-10-09 08:12:39,2025-10-09 08:12:39,2025-10-09 08:12:38,2025-10-09 08:12:38,867488067677285,557,GTSTT,0x19fe7fbf,,802003,0x8303,0x0115,0,12285,0000,0000,00,00,11,12,12,-,01,01,0.0,0.0,188,188,607,607,-23.296424,-23.296424,-51.201516,-51.201516,0724,0005,a053,0690101d,0.0,0.0,0.0,0:00:30,0:44:42,-,-,0,-,,,,,,,,,,,,,,,,,,,,,,,,,,,,,,,,,,,,,
2025-10-09 08:13:20,,,,867488067677285,558,HBD,,,,,,,,,,,,,,,,,,,,,,,,,,,,,,,,,,,,,,,,,,,,,,,,,,,,,,,,,,,,,,,,,,,,,,,,,,,,,
2025-10-09 08:14:52,2025-10-09 08:14:53,2025-10-09 08:14:51,2025-10-09 08:14:51,867488067677285,560,GTERI,0x19fe3fbf,0x00028102,802003,0x8303,0x0115,0,12328,0000,-,00,00,11,12,12,-,01,01,0.0,0.0,188,188,607,607,-23.296424,-23.296424,-51.201516,-51.201516,0724,0005,a053,0690101d,0.0,0.0,0.0,0:00:30,0:44:42,-,-,0,-,,,,,04,1,00000000,00,10,,,,,,,,,,,,,,,,,,,,,,,,,,,,
2025-10-09 08:15:21,,,,867488067677285,561,HBD,,,,,,,,,,,,,,,,,,,,,,,,,,,,,,,,,,,,,,,,,,,,,,,,,,,,,,,,,,,,,,,,,,,,,,,,,,,,,
2025-10-09 08:17:16,,,,867488067677285,563,HBD,,,,,,,,,,,,,,,,,,,,,,,,,,,,,,,,,,,,,,,,,,,,,,,,,,,,,,,,,,,,,,,,,,,,,,,,,,,,,
2025-10-09 08:17:16,2025-10-09 08:17:17,2025-10-09 08:17:16,2025-10-09 08:17:16,867488067677285,564,GTERI,0x19fe3fbf,0x00028102,802003,0x8303,0x0115,0,12349,0000,-,00,00,11,12,12,-,01,01,0.0,0.0,188,188,607,607,-23.296424,-23.296424,-51.201516,-51.201516,0724,0005,a053,0690101d,0.0,0.0,0.0,0:00:30,0:44:42,-,-,0,-,,,,,04,1,00000000,00,10,,,,,,,,,,,,,,,,,,,,,,,,,,,,
2025-10-09 08:19:22,,,,867488067677285,565,HBD,,,,,,,,,,,,,,,,,,,,,,,,,,,,,,,,,,,,,,,,,,,,,,,,,,,,,,,,,,,,,,,,,,,,,,,,,,,,,
2025-10-09 08:21:22,,,,867488067677285,566,HBD,,,,,,,,,,,,,,,,,,,,,,,,,,,,,,,,,,,,,,,,,,,,,,,,,,,,,,,,,,,,,,,,,,,,,,,,,,,,,
2025-10-09 08:23:23,,,,867488067677285,567,HBD,,,,,,,,,,,,,,,,,,,,,,,,,,,,,,,,,,,,,,,,,,,,,,,,,,,,,,,,,,,,,,,,,,,,,,,,,,,,,
2025-10-09 08:25:23,,,,867488067677285,568,HBD,,,,,,,,,,,,,,,,,,,,,,,,,,,,,,,,,,,,,,,,,,,,,,,,,,,,,,,,,,,,,,,,,,,,,,,,,,,,,
2025-10-09 08:26:12,2025-10-09 08:26:13,2025-10-09 08:17:16,2025-10-09 08:17:16,867488067677285,570,GTIGN,0x19fe7fbf,,802003,0x8303,0x0115,0,12340,0000,0000,01,00,22,12,12,837,00,01,0.0,0.0,188,188,607,607,-23.296424,-23.296424,-51.201516,-51.201516,0724,0005,a053,0690101d,0.0,0.0,0.0,0:00:00,0:44:42,-,-,0,-,,,,,,,,,,,,,,,,,,,,,,,,,,,,,,,,,,,,,
2025-10-09 08:26:12,2025-10-09 08:26:13,2025-10-09 08:17:16,2025-10-09 08:17:16,867488067677285,571,GTSTT,0x19fe7fbf,,802003,0x8303,0x0115,0,12340,0000,0000,01,00,22,12,12,-,00,00,0.0,0.0,188,188,607,607,-23.296424,-23.296424,-51.201516,-51.201516,0724,0005,a053,0690101d,0.0,0.0,0.0,0:00:00,0:44:42,-,-,0,-,,,,,,,,,,,,,,,,,,,,,,,,,,,,,,,,,,,,,
2025-10-09 08:26:22,2025-10-09 08:26:23,2025-10-09 08:26:22,2025-10-09 08:26:22,867488067677285,572,GTERI,0x19fe3fbf,0x00028102,802003,0x8303,0x0115,0,12349,0000,-,01,00,22,12,12,-,01,01,5.1,5.1,245,245,617,617,-23.296477,-23.296477,-51.201487,-51.201487,0724,0005,a053,0690101d,0.0,0.0,0.0,0:00:09,0:44:51,-,-,0,-,,,,,04,1,00000000,00,10,,,,,,,,,,,,,,,,,,,,,,,,,,,,
2025-10-09 08:26:22,2025-10-09 08:26:23,2025-10-09 08:26:22,2025-10-09 08:26:22,867488067677285,573,GTIGL,0x19fe7fbf,,802003,0x8303,0x0115,0,12349,0000,0000,01,00,22,12,12,-,01,01,5.1,5.1,245,245,617,617,-23.296477,-23.296477,-51.201487,-51.201487,0724,0005,a053,0690101d,0.0,0.0,0.0,0:00:09,0:44:51,-,-,0,-,,,,,,,,,00,,,,,,,,,,,,,,,,,,,,,,,,,,,,
2025-10-09 08:26:55,2025-10-09 08:26:56,2025-10-09 08:26:55,2025-10-09 08:26:23,867488067677285,574,GTSTT,0x19fe7fbf,,802003,0x8303,0x0115,0,13935,0000,0000,01,00,21,12,12,-,01,01,0.0,4.8,245,248,616,617,-23.296503,-23.296476,-51.201516,-51.201499,0724,0005,a053,0690101d,0.0,0.0,0.0,0:00:42,0:45:24,-,-,0,-,,,,,,,,,,,,,,,,,,,,,,,,,,,,,,,,,,,,,
2025-10-09 08:27:24,,,,867488067677285,575,HBD,,,,,,,,,,,,,,,,,,,,,,,,,,,,,,,,,,,,,,,,,,,,,,,,,,,,,,,,,,,,,,,,,,,,,,,,,,,,,
2025-10-09 08:27:58,2025-10-09 08:27:59,2025-10-09 08:27:58,2025-10-09 08:27:58,867488067677285,576,GTSTT,0x19fe7fbf,,802003,0x8303,0x0115,0,13969,0000,0000,01,00,22,12,12,-,01,01,0.0,0.0,245,245,616,616,-23.296503,-23.296503,-51.201516,-51.201516,0724,0005,a053,0690101d,0.0,0.0,0.0,0:01:45,0:46:27,-,-,0,-,,,,,,,,,,,,,,,,,,,,,,,,,,,,,,,,,,,,,
2025-10-09 08:28:16,2025-10-09 08:28:17,2025-10-09 08:28:15,2025-10-09 08:28:15,867488067677285,578,GTIGF,0x19fe7fbf,,802003,0x8303,0x0115,0,13942,0000,0000,00,00,12,12,12,124,01,01,0.0,0.0,245,245,617,617,-23.296396,-23.296396,-51.201471,-51.201471,0724,0005,a053,0690101d,0.0,0.0,0.0,0:02:03,0:46:45,-,-,0,-,,,,,,,,,,,,,,,,,,,,,,,,,,,,,,,,,,,,,
2025-10-09 08:28:16,2025-10-09 08:28:17,2025-10-09 08:28:15,2025-10-09 08:28:15,867488067677285,579,GTSTT,0x19fe7fbf,,802003,0x8303,0x0115,0,13942,0000,0000,00,00,12,12,12,-,01,01,0.0,0.0,245,245,617,617,-23.296396,-23.296396,-51.201471,-51.201471,0724,0005,a053,0690101d,0.0,0.0,0.0,0:02:03,0:46:45,-,-,0,-,,,,,,,,,,,,,,,,,,,,,,,,,,,,,,,,,,,,,
2025-10-09 08:28:17,2025-10-09 08:28:18,2025-10-09 08:28:17,2025-10-09 08:28:17,867488067677285,580,GTIGL,0x19fe7fbf,,802003,0x8303,0x0115,0,13942,0000,0000,00,00,12,12,12,-,01,01,0.0,0.0,245,245,617,617,-23.296396,-23.296396,-51.201471,-51.201471,0724,0005,a053,0690101d,0.0,0.0,0.0,0:02:03,0:46:45,-,-,0,-,,,,,,,,,01,,,,,,,,,,,,,,,,,,,,,,,,,,,,
2025-10-09 08:28:20,,,,867488067677285,581,ACK,,,,,,,,,,,,,,,,,,,,,,,,,,,,,,,,,,,,,,,,,,,,,,,,,,,,,,,,,,,,,,,,,,,,,,,,,,,,,
2025-10-09 08:28:20,,,,867488067677285,582,ACK,,,,,,,,,,,,,,,,,,,,,,,,,,,,,,,,,,,,,,,,,,,,,,,,,,,,,,,,,,,,,,,,,,,,,,,,,,,,,
2025-10-09 08:28:36,2025-10-09 08:28:37,2025-10-09 08:28:36,2025-10-09 08:28:36,867488067677285,583,GTSTT,0x19fe7fbf,,802003,0x8303,0x0115,0,12578,0000,0000,00,00,11,12,12,-,01,01,0.0,0.0,245,245,617,617,-23.296396,-23.296396,-51.201471,-51.201471,0724,0005,a053,0690101d,0.0,0.0,0.0,0:02:03,0:46:45,-,-,0,-,,,,,,,,,,,,,,,,,,,,,,,,,,,,,,,,,,,,,
2025-10-09 08:29:21,,,,867488067677285,584,HBD,,,,,,,,,,,,,,,,,,,,,,,,,,,,,,,,,,,,,,,,,,,,,,,,,,,,,,,,,,,,,,,,,,,,,,,,,,,,,
2025-10-09 08:29:21,2025-10-09 08:29:22,2025-10-09 08:29:20,2025-10-09 08:29:20,867488067677285,585,GTERI,0x19fe3fbf,0x00028102,802003,0x8303,0x0115,0,12477,0000,-,00,00,11,12,12,-,01,01,0.0,0.0,245,245,617,617,-23.296396,-23.296396,-51.201471,-51.201471,0724,0005,a053,0690101d,0.0,0.0,0.0,0:02:03,0:46:45,-,-,0,-,,,,,04,1,00000000,00,10,,,,,,,,,,,,,,,,,,,,,,,,,,,,
2025-10-09 08:31:25,,,,867488067677285,587,HBD,,,,,,,,,,,,,,,,,,,,,,,,,,,,,,,,,,,,,,,,,,,,,,,,,,,,,,,,,,,,,,,,,,,,,,,,,,,,,
2025-10-09 08:32:21,2025-10-09 08:32:22,2025-10-09 08:32:20,2025-10-09 08:32:20,867488067677285,589,GTERI,0x19fe3fbf,0x00028102,802003,0x8303,0x0115,0,12386,0000,-,00,00,11,12,12,-,01,01,0.0,0.0,245,245,617,617,-23.296396,-23.296396,-51.201471,-51.201471,0724,0005,a053,0690101d,0.0,0.0,0.0,0:02:03,0:46:45,-,-,0,-,,,,,04,1,00000000,00,10,,,,,,,,,,,,,,,,,,,,,,,,,,,,
2025-10-09 08:33:16,,,,867488067677285,590,HBD,,,,,,,,,,,,,,,,,,,,,,,,,,,,,,,,,,,,,,,,,,,,,,,,,,,,,,,,,,,,,,,,,,,,,,,,,,,,,
2025-10-09 08:33:16,2025-10-09 08:33:17,2025-10-09 08:33:16,2025-10-09 08:33:16,867488067677285,591,GTERI,0x19fe3fbf,0x00028102,802003,0x8303,0x0115,0,12396,0000,-,00,00,1a,12,12,-,01,01,0.0,0.0,245,245,617,617,-23.296396,-23.296396,-51.201471,-51.201471,0724,0005,a053,0690101d,0.0,0.0,0.0,0:02:03,0:46:45,-,-,0,-,,,,,04,1,00000000,00,10,,,,,,,,,,,,,,,,,,,,,,,,,,,,
2025-10-09 08:33:41,2025-10-09 08:33:41,2025-10-09 08:33:16,2025-10-09 08:33:16,867488067677285,592,GTSTT,0x19fe7fbf,,802003,0x8303,0x0115,0,12437,0000,0000,00,00,16,12,12,-,00,00,0.0,0.0,245,245,617,617,-23.296396,-23.296396,-51.201471,-51.201471,0724,0005,a053,0690101d,0.0,0.0,0.0,0:02:03,0:46:45,-,-,0,-,,,,,,,,,,,,,,,,,,,,,,,,,,,,,,,,,,,,,
2025-10-09 08:35:03,,,,867488067677285,593,HBD,,,,,,,,,,,,,,,,,,,,,,,,,,,,,,,,,,,,,,,,,,,,,,,,,,,,,,,,,,,,,,,,,,,,,,,,,,,,,
2025-10-09 08:35:04,2025-10-09 08:35:04,2025-10-09 08:33:16,2025-10-09 08:33:16,867488067677285,594,GTSTT,0x19fe7fbf,,802003,0x8303,0x0115,0,12324,0000,0000,00,00,11,12,12,-,00,00,0.0,0.0,245,245,617,617,-23.296396,-23.296396,-51.201471,-51.201471,0724,0005,a053,0690101d,0.0,0.0,0.0,0:02:03,0:46:45,-,-,0,-,,,,,,,,,,,,,,,,,,,,,,,,,,,,,,,,,,,,,
2025-10-09 08:37:26,,,,867488067677285,595,HBD,,,,,,,,,,,,,,,,,,,,,,,,,,,,,,,,,,,,,,,,,,,,,,,,,,,,,,,,,,,,,,,,,,,,,,,,,,,,,
2025-10-09 08:39:26,,,,867488067677285,596,HBD,,,,,,,,,,,,,,,,,,,,,,,,,,,,,,,,,,,,,,,,,,,,,,,,,,,,,,,,,,,,,,,,,,,,,,,,,,,,,
2025-10-09 08:41:27,,,,867488067677285,597,HBD,,,,,,,,,,,,,,,,,,,,,,,,,,,,,,,,,,,,,,,,,,,,,,,,,,,,,,,,,,,,,,,,,,,,,,,,,,,,,
2025-10-09 08:43:27,,,,867488067677285,598,HBD,,,,,,,,,,,,,,,,,,,,,,,,,,,,,,,,,,,,,,,,,,,,,,,,,,,,,,,,,,,,,,,,,,,,,,,,,,,,,
2025-10-09 08:45:27,,,,867488067677285,599,HBD,,,,,,,,,,,,,,,,,,,,,,,,,,,,,,,,,,,,,,,,,,,,,,,,,,,,,,,,,,,,,,,,,,,,,,,,,,,,,
2025-10-09 08:47:28,,,,867488067677285,600,HBD,,,,,,,,,,,,,,,,,,,,,,,,,,,,,,,,,,,,,,,,,,,,,,,,,,,,,,,,,,,,,,,,,,,,,,,,,,,,,
2025-10-09 08:49:28,,,,867488067677285,601,HBD,,,,,,,,,,,,,,,,,,,,,,,,,,,,,,,,,,,,,,,,,,,,,,,,,,,,,,,,,,,,,,,,,,,,,,,,,,,,,
2025-10-09 08:51:29,,,,867488067677285,602,HBD,,,,,,,,,,,,,,,,,,,,,,,,,,,,,,,,,,,,,,,,,,,,,,,,,,,,,,,,,,,,,,,,,,,,,,,,,,,,,
2025-10-09 08:53:29,,,,867488067677285,603,HBD,,,,,,,,,,,,,,,,,,,,,,,,,,,,,,,,,,,,,,,,,,,,,,,,,,,,,,,,,,,,,,,,,,,,,,,,,,,,,
2025-10-09 08:55:30,,,,867488067677285,604,HBD,,,,,,,,,,,,,,,,,,,,,,,,,,,,,,,,,,,,,,,,,,,,,,,,,,,,,,,,,,,,,,,,,,,,,,,,,,,,,
2025-10-09 08:57:30,,,,867488067677285,605,HBD,,,,,,,,,,,,,,,,,,,,,,,,,,,,,,,,,,,,,,,,,,,,,,,,,,,,,,,,,,,,,,,,,,,,,,,,,,,,,
2025-10-09 08:59:31,,,,867488067677285,606,HBD,,,,,,,,,,,,,,,,,,,,,,,,,,,,,,,,,,,,,,,,,,,,,,,,,,,,,,,,,,,,,,,,,,,,,,,,,,,,,
2025-10-09 09:01:31,,,,867488067677285,607,HBD,,,,,,,,,,,,,,,,,,,,,,,,,,,,,,,,,,,,,,,,,,,,,,,,,,,,,,,,,,,,,,,,,,,,,,,,,,,,,
2025-10-09 09:03:32,,,,867488067677285,608,HBD,,,,,,,,,,,,,,,,,,,,,,,,,,,,,,,,,,,,,,,,,,,,,,,,,,,,,,,,,,,,,,,,,,,,,,,,,,,,,
2025-10-09 09:05:32,,,,867488067677285,609,HBD,,,,,,,,,,,,,,,,,,,,,,,,,,,,,,,,,,,,,,,,,,,,,,,,,,,,,,,,,,,,,,,,,,,,,,,,,,,,,
2025-10-09 09:07:33,,,,867488067677285,610,HBD,,,,,,,,,,,,,,,,,,,,,,,,,,,,,,,,,,,,,,,,,,,,,,,,,,,,,,,,,,,,,,,,,,,,,,,,,,,,,
2025-10-09 09:09:33,,,,867488067677285,611,HBD,,,,,,,,,,,,,,,,,,,,,,,,,,,,,,,,,,,,,,,,,,,,,,,,,,,,,,,,,,,,,,,,,,,,,,,,,,,,,
2025-10-09 09:11:34,,,,867488067677285,612,HBD,,,,,,,,,,,,,,,,,,,,,,,,,,,,,,,,,,,,,,,,,,,,,,,,,,,,,,,,,,,,,,,,,,,,,,,,,,,,,
2025-10-09 09:13:34,,,,867488067677285,613,HBD,,,,,,,,,,,,,,,,,,,,,,,,,,,,,,,,,,,,,,,,,,,,,,,,,,,,,,,,,,,,,,,,,,,,,,,,,,,,,
2025-10-09 09:15:35,,,,867488067677285,614,HBD,,,,,,,,,,,,,,,,,,,,,,,,,,,,,,,,,,,,,,,,,,,,,,,,,,,,,,,,,,,,,,,,,,,,,,,,,,,,,
2025-10-09 09:17:35,,,,867488067677285,615,HBD,,,,,,,,,,,,,,,,,,,,,,,,,,,,,,,,,,,,,,,,,,,,,,,,,,,,,,,,,,,,,,,,,,,,,,,,,,,,,
2025-10-09 09:19:36,,,,867488067677285,616,HBD,,,,,,,,,,,,,,,,,,,,,,,,,,,,,,,,,,,,,,,,,,,,,,,,,,,,,,,,,,,,,,,,,,,,,,,,,,,,,
2025-10-09 09:21:36,,,,867488067677285,617,HBD,,,,,,,,,,,,,,,,,,,,,,,,,,,,,,,,,,,,,,,,,,,,,,,,,,,,,,,,,,,,,,,,,,,,,,,,,,,,,
2025-10-09 09:23:37,,,,867488067677285,618,HBD,,,,,,,,,,,,,,,,,,,,,,,,,,,,,,,,,,,,,,,,,,,,,,,,,,,,,,,,,,,,,,,,,,,,,,,,,,,,,
2025-10-09 09:25:37,,,,867488067677285,619,HBD,,,,,,,,,,,,,,,,,,,,,,,,,,,,,,,,,,,,,,,,,,,,,,,,,,,,,,,,,,,,,,,,,,,,,,,,,,,,,
2025-10-09 09:27:37,,,,867488067677285,620,HBD,,,,,,,,,,,,,,,,,,,,,,,,,,,,,,,,,,,,,,,,,,,,,,,,,,,,,,,,,,,,,,,,,,,,,,,,,,,,,
2025-10-09 09:29:38,,,,867488067677285,621,HBD,,,,,,,,,,,,,,,,,,,,,,,,,,,,,,,,,,,,,,,,,,,,,,,,,,,,,,,,,,,,,,,,,,,,,,,,,,,,,
2025-10-09 09:31:38,,,,867488067677285,622,HBD,,,,,,,,,,,,,,,,,,,,,,,,,,,,,,,,,,,,,,,,,,,,,,,,,,,,,,,,,,,,,,,,,,,,,,,,,,,,,
2025-10-09 09:33:11,,,,867488067677285,623,HBD,,,,,,,,,,,,,,,,,,,,,,,,,,,,,,,,,,,,,,,,,,,,,,,,,,,,,,,,,,,,,,,,,,,,,,,,,,,,,
2025-10-09 09:33:11,2025-10-09 09:33:12,2025-10-09 09:30:51,2025-10-09 09:30:51,867488067677285,624,GTERI,0x19fe3fbf,0x00028102,802003,0x8303,0x0115,0,12517,0000,-,00,00,11,12,12,-,01,01,0.0,0.0,245,245,617,617,-23.296396,-23.296396,-51.201471,-51.201471,0724,0005,a053,0690101d,0.0,0.0,0.0,0:02:03,0:46:45,-,-,0,-,,,,,04,1,00000000,00,10,,,,,,,,,,,,,,,,,,,,,,,,,,,,
2025-10-09 09:35:39,,,,867488067677285,625,HBD,,,,,,,,,,,,,,,,,,,,,,,,,,,,,,,,,,,,,,,,,,,,,,,,,,,,,,,,,,,,,,,,,,,,,,,,,,,,,
2025-10-09 09:37:40,,,,867488067677285,626,HBD,,,,,,,,,,,,,,,,,,,,,,,,,,,,,,,,,,,,,,,,,,,,,,,,,,,,,,,,,,,,,,,,,,,,,,,,,,,,,
2025-10-09 09:39:40,,,,867488067677285,627,HBD,,,,,,,,,,,,,,,,,,,,,,,,,,,,,,,,,,,,,,,,,,,,,,,,,,,,,,,,,,,,,,,,,,,,,,,,,,,,,
2025-10-09 09:41:41,,,,867488067677285,628,HBD,,,,,,,,,,,,,,,,,,,,,,,,,,,,,,,,,,,,,,,,,,,,,,,,,,,,,,,,,,,,,,,,,,,,,,,,,,,,,
2025-10-09 09:43:41,,,,867488067677285,629,HBD,,,,,,,,,,,,,,,,,,,,,,,,,,,,,,,,,,,,,,,,,,,,,,,,,,,,,,,,,,,,,,,,,,,,,,,,,,,,,
2025-10-09 09:43:50,2025-10-09 09:43:51,2025-10-09 09:30:51,2025-10-09 08:28:07,867488067677285,631,GTIGN,0x19fe7fbf,,802003,0x8303,0x0115,0,12449,0000,0000,01,00,21,12,12,4534,00,01,0.0,16.9,245,49,617,616,-23.296396,-23.296489,-51.201471,-51.201502,0724,0005,a053,0690101d,0.0,0.0,0.0,0:00:00,0:46:45,-,-,0,-,,,,,,,,,,,,,,,,,,,,,,,,,,,,,,,,,,,,,
2025-10-09 09:43:51,2025-10-09 09:43:51,2025-10-09 09:30:51,2025-10-09 09:30:51,867488067677285,632,GTSTT,0x19fe7fbf,,802003,0x8303,0x0115,0,12449,0000,0000,01,00,21,12,12,-,00,00,0.0,0.0,245,245,617,617,-23.296396,-23.296396,-51.201471,-51.201471,0724,0005,a053,0690101d,0.0,0.0,0.0,0:00:00,0:46:45,-,-,0,-,,,,,,,,,,,,,,,,,,,,,,,,,,,,,,,,,,,,,
2025-10-09 09:43:51,2025-10-09 09:43:51,2025-10-09 09:30:51,2025-10-09 09:30:51,867488067677285,633,GTSTT,0x19fe7fbf,,802003,0x8303,0x0115,0,12449,0000,0000,01,00,22,12,12,-,00,00,0.0,0.0,245,245,617,617,-23.296396,-23.296396,-51.201471,-51.201471,0724,0005,a053,0690101d,0.0,0.0,0.0,0:00:00,0:46:45,-,-,0,-,,,,,,,,,,,,,,,,,,,,,,,,,,,,,,,,,,,,,
2025-10-09 09:44:07,2025-10-09 09:44:08,2025-10-09 09:44:07,2025-10-09 09:44:07,867488067677285,634,GTERI,0x19fe3fbf,0x00028102,802003,0x8303,0x0115,0,11916,0000,-,01,00,22,12,12,-,01,01,0.0,0.0,245,245,601,601,-23.296432,-23.296432,-51.20139,-51.20139,0724,0005,a053,0690101d,0.0,0.0,0.0,0:00:15,0:47:00,-,-,0,-,,,,,04,1,00000000,00,10,,,,,,,,,,,,,,,,,,,,,,,,,,,,
2025-10-09 09:44:07,2025-10-09 09:44:08,2025-10-09 09:44:07,2025-10-09 09:44:07,867488067677285,635,GTIGL,0x19fe7fbf,,802003,0x8303,0x0115,0,11916,0000,0000,01,00,22,12,12,-,01,01,0.0,0.0,245,245,601,601,-23.296432,-23.296432,-51.20139,-51.20139,0724,0005,a053,0690101d,0.0,0.0,0.0,0:00:15,0:47:00,-,-,0,-,,,,,,,,,00,,,,,,,,,,,,,,,,,,,,,,,,,,,,
2025-10-09 09:45:18,,,,867488067677285,636,HBD,,,,,,,,,,,,,,,,,,,,,,,,,,,,,,,,,,,,,,,,,,,,,,,,,,,,,,,,,,,,,,,,,,,,,,,,,,,,,
2025-10-09 09:45:18,2025-10-09 09:45:18,2025-10-09 09:45:17,2025-10-09 09:45:17,867488067677285,637,GTIGF,0x19fe7fbf,,802003,0x8303,0x0115,0,13895,0000,0000,00,00,12,12,12,87,01,01,0.0,0.0,245,245,623,623,-23.296617,-23.296617,-51.20078,-51.20078,0724,0005,a053,06900a04,0.1,0.1,0.1,0:01:27,0:48:12,-,-,0,-,,,,,,,,,,,,,,,,,,,,,,,,,,,,,,,,,,,,,
2025-10-09 09:45:18,2025-10-09 09:45:18,2025-10-09 09:45:17,2025-10-09 09:45:17,867488067677285,638,GTSTT,0x19fe7fbf,,802003,0x8303,0x0115,0,13895,0000,0000,00,00,12,12,12,-,01,01,0.0,0.0,245,245,623,623,-23.296617,-23.296617,-51.20078,-51.20078,0724,0005,a053,06900a04,0.1,0.1,0.1,0:01:27,0:48:12,-,-,0,-,,,,,,,,,,,,,,,,,,,,,,,,,,,,,,,,,,,,,
2025-10-09 09:45:19,,,,867488067677285,639,ACK,,,,,,,,,,,,,,,,,,,,,,,,,,,,,,,,,,,,,,,,,,,,,,,,,,,,,,,,,,,,,,,,,,,,,,,,,,,,,
2025-10-09 09:45:20,2025-10-09 09:45:19,2025-10-09 09:45:18,2025-10-09 09:45:18,867488067677285,640,GTIGL,0x19fe7fbf,,802003,0x8303,0x0115,0,13895,0000,0000,00,00,12,12,12,-,01,01,0.0,0.0,245,245,623,623,-23.296617,-23.296617,-51.20078,-51.20078,0724,0005,a053,06900a04,0.1,0.1,0.1,0:01:27,0:48:12,-,-,0,-,,,,,,,,,01,,,,,,,,,,,,,,,,,,,,,,,,,,,,
2025-10-09 09:45:20,,,,867488067677285,641,ACK,,,,,,,,,,,,,,,,,,,,,,,,,,,,,,,,,,,,,,,,,,,,,,,,,,,,,,,,,,,,,,,,,,,,,,,,,,,,,
2025-10-09 09:45:40,2025-10-09 09:45:41,2025-10-09 09:45:40,2025-10-09 09:45:40,867488067677285,642,GTSTT,0x19fe7fbf,,802003,0x8303,0x0115,0,12529,0000,0000,00,00,11,12,12,-,01,01,0.0,0.0,245,245,623,623,-23.296617,-23.296617,-51.20078,-51.20078,0724,0005,a053,06900d00,0.1,0.1,0.1,0:01:27,0:48:12,-,-,0,-,,,,,,,,,,,,,,,,,,,,,,,,,,,,,,,,,,,,,
2025-10-09 09:46:23,2025-10-09 09:46:24,2025-10-09 09:46:23,2025-10-09 09:44:29,867488067677285,645,GTIGN,0x19fe7fbf,,802003,0x8303,0x0115,0,12468,0000,0000,01,00,22,12,12,66,01,01,0.0,33.3,245,96,623,610,-23.296617,-23.296353,-51.20078,-51.200801,0724,0005,a053,06900d00,0.0,0.1,0.1,0:00:00,0:48:12,-,-,0,-,,,,,,,,,,,,,,,,,,,,,,,,,,,,,,,,,,,,,
2025-10-09 09:46:23,2025-10-09 09:46:24,2025-10-09 09:46:23,2025-10-09 09:46:23,867488067677285,646,GTSTT,0x19fe7fbf,,802003,0x8303,0x0115,0,12468,0000,0000,01,00,22,12,12,-,01,01,0.0,0.0,245,245,623,623,-23.296617,-23.296617,-51.20078,-51.20078,0724,0005,a053,06900d00,0.0,0.1,0.1,0:00:00,0:48:12,-,-,0,-,,,,,,,,,,,,,,,,,,,,,,,,,,,,,,,,,,,,,
2025-10-09 09:46:24,2025-10-09 09:46:25,2025-10-09 09:46:24,2025-10-09 09:46:24,867488067677285,647,GTIGL,0x19fe7fbf,,802003,0x8303,0x0115,0,12430,0000,0000,01,00,22,12,12,-,01,01,0.0,0.0,245,245,623,623,-23.296617,-23.296617,-51.20078,-51.20078,0724,0005,a053,06900d00,0.0,0.1,0.1,0:00:00,0:48:12,-,-,0,-,,,,,,,,,00,,,,,,,,,,,,,,,,,,,,,,,,,,,,
2025-10-09 09:46:57,,,,867488067677285,648,HBD,,,,,,,,,,,,,,,,,,,,,,,,,,,,,,,,,,,,,,,,,,,,,,,,,,,,,,,,,,,,,,,,,,,,,,,,,,,,,
2025-10-09 09:46:58,2025-10-09 09:46:58,2025-10-09 09:46:56,2025-10-09 09:46:57,867488067677285,649,GTERI,0x19fe3fbf,0x00028102,802003,0x8303,0x0115,0,13962,0000,-,01,00,22,12,12,-,01,01,11.9,15.2,283,281,623,623,-23.296341,-23.296338,-51.200633,-51.200674,0724,0005,a053,06900d00,0.0,0.1,0.1,0:00:33,0:48:45,-,-,0,-,,,,,04,7,00000000,00,10,,,,,,,,,,,,,,,,,,,,,,,,,,,,
2025-10-09 09:47:22,2025-10-09 09:47:22,2025-10-09 09:47:21,2025-10-09 09:47:21,867488067677285,650,GTIGF,0x19fe7fbf,,802003,0x8303,0x0115,0,13986,0000,0000,00,00,12,12,12,58,01,01,0.0,0.0,283,283,618,618,-23.296415,-23.296415,-51.201477,-51.201477,0724,0005,a053,06900d00,0.1,0.2,0.2,0:00:57,0:49:09,-,-,0,-,,,,,,,,,,,,,,,,,,,,,,,,,,,,,,,,,,,,,
2025-10-09 09:47:22,2025-10-09 09:47:22,2025-10-09 09:47:21,2025-10-09 09:47:21,867488067677285,651,GTSTT,0x19fe7fbf,,802003,0x8303,0x0115,0,13986,0000,0000,00,00,12,12,12,-,01,01,0.0,0.0,283,283,618,618,-23.296415,-23.296415,-51.201477,-51.201477,0724,0005,a053,06900d00,0.1,0.2,0.2,0:00:57,0:49:09,-,-,0,-,,,,,,,,,,,,,,,,,,,,,,,,,,,,,,,,,,,,,
2025-10-09 09:47:22,2025-10-09 09:47:23,2025-10-09 09:47:22,2025-10-09 09:47:22,867488067677285,652,GTIGL,0x19fe7fbf,,802003,0x8303,0x0115,0,13986,0000,0000,00,00,12,12,12,-,01,01,0.0,0.0,283,283,618,618,-23.296415,-23.296415,-51.201477,-51.201477,0724,0005,a053,06900d00,0.1,0.2,0.2,0:00:57,0:49:09,-,-,0,-,,,,,,,,,01,,,,,,,,,,,,,,,,,,,,,,,,,,,,
2025-10-09 09:47:23,,,,867488067677285,653,ACK,,,,,,,,,,,,,,,,,,,,,,,,,,,,,,,,,,,,,,,,,,,,,,,,,,,,,,,,,,,,,,,,,,,,,,,,,,,,,
2025-10-09 09:47:24,,,,867488067677285,654,ACK,,,,,,,,,,,,,,,,,,,,,,,,,,,,,,,,,,,,,,,,,,,,,,,,,,,,,,,,,,,,,,,,,,,,,,,,,,,,,
2025-10-09 09:47:44,2025-10-09 09:47:44,2025-10-09 09:47:43,2025-10-09 09:47:43,867488067677285,655,GTSTT,0x19fe7fbf,,802003,0x8303,0x0115,0,12574,0000,0000,00,00,11,12,12,-,01,01,0.0,0.0,283,283,618,618,-23.296415,-23.296415,-51.201477,-51.201477,0724,0005,a053,06901001,0.1,0.2,0.2,0:00:57,0:49:09,-,-,0,-,,,,,,,,,,,,,,,,,,,,,,,,,,,,,,,,,,,,,
2025-10-09 09:48:28,2025-10-09 09:48:29,2025-10-09 09:48:28,2025-10-09 09:47:01,867488067677285,658,GTIGN,0x19fe7fbf,,802003,0x8303,0x0115,0,12455,0000,0000,01,00,22,12,12,67,01,01,0.0,26.8,283,277,618,622,-23.296415,-23.296309,-51.201477,-51.200933,0724,0005,a053,0690101d,0.0,0.2,0.1,0:00:00,0:49:09,-,-,0,-,,,,,,,,,,,,,,,,,,,,,,,,,,,,,,,,,,,,,
2025-10-09 09:48:28,2025-10-09 09:48:29,2025-10-09 09:48:28,2025-10-09 09:48:28,867488067677285,659,GTSTT,0x19fe7fbf,,802003,0x8303,0x0115,0,12455,0000,0000,01,00,22,12,12,-,01,01,0.0,0.0,283,283,618,618,-23.296415,-23.296415,-51.201477,-51.201477,0724,0005,a053,0690101d,0.0,0.2,0.2,0:00:00,0:49:09,-,-,0,-,,,,,,,,,,,,,,,,,,,,,,,,,,,,,,,,,,,,,
2025-10-09 09:48:29,2025-10-09 09:48:30,2025-10-09 09:48:29,2025-10-09 09:48:29,867488067677285,660,GTIGL,0x19fe7fbf,,802003,0x8303,0x0115,0,12455,0000,0000,01,00,22,12,12,-,01,01,0.0,0.0,283,283,618,618,-23.296415,-23.296415,-51.201477,-51.201477,0724,0005,a053,0690101d,0.0,0.2,0.2,0:00:00,0:49:09,-,-,0,-,,,,,,,,,00,,,,,,,,,,,,,,,,,,,,,,,,,,,,
2025-10-09 09:49:42,,,,867488067677285,661,HBD,,,,,,,,,,,,,,,,,,,,,,,,,,,,,,,,,,,,,,,,,,,,,,,,,,,,,,,,,,,,,,,,,,,,,,,,,,,,,
2025-10-09 09:49:57,2025-10-09 09:49:58,2025-10-09 09:49:56,2025-10-09 09:49:57,867488067677285,662,GTERI,0x19fe3fbf,0x00028102,802003,0x8303,0x0115,0,13904,0000,-,01,00,22,12,12,-,01,01,0.0,0.0,261,261,618,618,-23.296415,-23.296415,-51.201477,-51.201477,0724,0005,a053,0690101d,0.0,0.2,0.2,0:01:27,0:50:36,-,-,0,-,,,,,04,1,00000000,00,10,,,,,,,,,,,,,,,,,,,,,,,,,,,,
2025-10-09 09:51:07,,,,867488067677285,664,HBD,,,,,,,,,,,,,,,,,,,,,,,,,,,,,,,,,,,,,,,,,,,,,,,,,,,,,,,,,,,,,,,,,,,,,,,,,,,,,
2025-10-09 09:51:08,2025-10-09 09:51:08,2025-10-09 09:51:07,2025-10-09 09:51:07,867488067677285,665,GTIGF,0x19fe7fbf,,802003,0x8303,0x0115,0,13971,0000,0000,00,00,12,12,12,159,01,01,0.0,0.0,261,261,621,621,-23.297087,-23.297087,-51.201276,-51.201276,0724,0005,a053,06900d00,0.1,0.3,0.3,0:02:39,0:51:48,-,-,0,-,,,,,,,,,,,,,,,,,,,,,,,,,,,,,,,,,,,,,
2025-10-09 09:51:09,2025-10-09 09:51:08,2025-10-09 09:51:07,2025-10-09 09:51:07,867488067677285,666,GTSTT,0x19fe7fbf,,802003,0x8303,0x0115,0,13971,0000,0000,00,00,12,12,12,-,01,01,0.0,0.0,261,261,621,621,-23.297087,-23.297087,-51.201276,-51.201276,0724,0005,a053,06900d00,0.1,0.3,0.3,0:02:39,0:51:48,-,-,0,-,,,,,,,,,,,,,,,,,,,,,,,,,,,,,,,,,,,,,
2025-10-09 09:51:09,2025-10-09 09:51:09,2025-10-09 09:51:08,2025-10-09 09:51:08,867488067677285,667,GTIGL,0x19fe7fbf,,802003,0x8303,0x0115,0,13971,0000,0000,00,00,12,12,12,-,01,01,0.0,0.0,261,261,621,621,-23.297087,-23.297087,-51.201276,-51.201276,0724,0005,a053,06900d00,0.1,0.3,0.3,0:02:39,0:51:48,-,-,0,-,,,,,,,,,01,,,,,,,,,,,,,,,,,,,,,,,,,,,,
2025-10-09 09:51:10,,,,867488067677285,668,ACK,,,,,,,,,,,,,,,,,,,,,,,,,,,,,,,,,,,,,,,,,,,,,,,,,,,,,,,,,,,,,,,,,,,,,,,,,,,,,
2025-10-09 09:51:10,,,,867488067677285,669,ACK,,,,,,,,,,,,,,,,,,,,,,,,,,,,,,,,,,,,,,,,,,,,,,,,,,,,,,,,,,,,,,,,,,,,,,,,,,,,,
2025-10-09 09:51:29,2025-10-09 09:51:30,2025-10-09 09:51:29,2025-10-09 09:51:29,867488067677285,670,GTSTT,0x19fe7fbf,,802003,0x8303,0x0115,0,12694,0000,0000,00,00,11,12,12,-,01,01,0.0,0.0,261,261,621,621,-23.297087,-23.297087,-51.201276,-51.201276,0724,0005,a053,06900d00,0.1,0.3,0.3,0:02:39,0:51:48,-,-,0,-,,,,,,,,,,,,,,,,,,,,,,,,,,,,,,,,,,,,,
2025-10-09 09:51:57,2025-10-09 09:51:58,2025-10-09 09:51:57,2025-10-09 09:50:45,867488067677285,672,GTIGN,0x19fe7fbf,,802003,0x8303,0x0115,0,12641,0000,0000,01,00,22,12,12,50,01,01,0.0,12.9,261,97,621,621,-23.297087,-23.297009,-51.201276,-51.201373,0724,0005,a053,06900d00,0.0,0.3,0.3,0:00:00,0:51:48,-,-,0,-,,,,,,,,,,,,,,,,,,,,,,,,,,,,,,,,,,,,,
2025-10-09 09:51:58,2025-10-09 09:51:58,2025-10-09 09:51:57,2025-10-09 09:51:57,867488067677285,673,GTSTT,0x19fe7fbf,,802003,0x8303,0x0115,0,12641,0000,0000,01,00,22,12,12,-,01,01,0.0,0.0,261,261,621,621,-23.297087,-23.297087,-51.201276,-51.201276,0724,0005,a053,06900d00,0.0,0.3,0.3,0:00:00,0:51:48,-,-,0,-,,,,,,,,,,,,,,,,,,,,,,,,,,,,,,,,,,,,,
2025-10-09 09:51:58,2025-10-09 09:51:59,2025-10-09 09:51:58,2025-10-09 09:51:58,867488067677285,674,GTIGL,0x19fe7fbf,,802003,0x8303,0x0115,0,12641,0000,0000,01,00,22,12,12,-,01,01,0.0,0.0,261,261,621,621,-23.297087,-23.297087,-51.201276,-51.201276,0724,0005,a053,06900d00,0.0,0.3,0.3,0:00:00,0:51:48,-,-,0,-,,,,,,,,,00,,,,,,,,,,,,,,,,,,,,,,,,,,,,
2025-10-09 09:52:41,2025-10-09 09:52:42,2025-10-09 09:52:40,2025-10-09 09:52:40,867488067677285,675,GTIGF,0x19fe7fbf,,802003,0x8303,0x0115,0,13976,0000,0000,00,00,12,12,12,44,01,01,1.2,1.2,261,261,619,619,-23.296935,-23.296935,-51.201231,-51.201231,0724,0005,a053,06900d00,0.0,0.3,0.3,0:00:42,0:52:30,-,-,0,-,,,,,,,,,,,,,,,,,,,,,,,,,,,,,,,,,,,,,
2025-10-09 09:52:41,2025-10-09 09:52:42,2025-10-09 09:52:40,2025-10-09 09:52:40,867488067677285,676,GTSTT,0x19fe7fbf,,802003,0x8303,0x0115,0,13976,0000,0000,00,00,12,12,12,-,01,01,1.2,1.2,261,261,619,619,-23.296935,-23.296935,-51.201231,-51.201231,0724,0005,a053,06900d00,0.0,0.3,0.3,0:00:42,0:52:30,-,-,0,-,,,,,,,,,,,,,,,,,,,,,,,,,,,,,,,,,,,,,
2025-10-09 09:52:42,2025-10-09 09:52:42,2025-10-09 09:52:41,2025-10-09 09:52:41,867488067677285,677,GTIGL,0x19fe7fbf,,802003,0x8303,0x0115,0,13976,0000,0000,00,00,12,12,12,-,01,01,0.8,0.8,261,261,619,619,-23.296935,-23.296935,-51.201231,-51.201231,0724,0005,a053,06900d00,0.0,0.3,0.3,0:00:42,0:52:30,-,-,0,-,,,,,,,,,01,,,,,,,,,,,,,,,,,,,,,,,,,,,,
2025-10-09 09:52:44,,,,867488067677285,678,ACK,,,,,,,,,,,,,,,,,,,,,,,,,,,,,,,,,,,,,,,,,,,,,,,,,,,,,,,,,,,,,,,,,,,,,,,,,,,,,
2025-10-09 09:52:44,,,,867488067677285,679,ACK,,,,,,,,,,,,,,,,,,,,,,,,,,,,,,,,,,,,,,,,,,,,,,,,,,,,,,,,,,,,,,,,,,,,,,,,,,,,,
2025-10-09 09:52:57,,,,867488067677285,680,HBD,,,,,,,,,,,,,,,,,,,,,,,,,,,,,,,,,,,,,,,,,,,,,,,,,,,,,,,,,,,,,,,,,,,,,,,,,,,,,
2025-10-09 09:52:58,2025-10-09 09:52:58,2025-10-09 09:52:56,2025-10-09 09:52:56,867488067677285,681,GTERI,0x19fe3fbf,0x00028102,802003,0x8303,0x0115,0,12683,0000,-,00,00,12,12,12,-,01,01,1.2,1.2,261,261,618,618,-23.296949,-23.296949,-51.201206,-51.201206,0724,0005,a053,06900d00,0.0,0.3,0.3,0:00:42,0:52:30,-,-,0,-,,,,,04,7,00000000,00,10,,,,,,,,,,,,,,,,,,,,,,,,,,,,
2025-10-09 09:53:08,2025-10-09 09:53:09,2025-10-09 09:53:08,2025-10-09 09:53:08,867488067677285,682,GTSTT,0x19fe7fbf,,802003,0x8303,0x0115,0,12595,0000,0000,00,00,11,12,12,-,01,01,0.4,0.4,261,261,615,615,-23.296956,-23.296956,-51.201198,-51.201198,0724,0005,a053,06900d00,0.0,0.3,0.3,0:00:42,0:52:30,-,-,0,-,,,,,,,,,,,,,,,,,,,,,,,,,,,,,,,,,,,,,
2025-10-09 09:55:43,,,,867488067677285,684,HBD,,,,,,,,,,,,,,,,,,,,,,,,,,,,,,,,,,,,,,,,,,,,,,,,,,,,,,,,,,,,,,,,,,,,,,,,,,,,,
2025-10-09 09:55:57,2025-10-09 09:55:58,2025-10-09 09:55:56,2025-10-09 09:55:56,867488067677285,686,GTERI,0x19fe3fbf,0x00028102,802003,0x8303,0x0115,0,12474,0000,-,00,00,11,12,12,-,01,01,0.0,0.0,261,261,617,617,-23.297028,-23.297028,-51.201169,-51.201169,0724,0005,a053,0690101d,0.0,0.3,0.3,0:00:42,0:52:30,-,-,0,-,,,,,04,1,00000000,00,10,,,,,,,,,,,,,,,,,,,,,,,,,,,,
2025-10-09 09:57:42,,,,867488067677285,687,HBD,,,,,,,,,,,,,,,,,,,,,,,,,,,,,,,,,,,,,,,,,,,,,,,,,,,,,,,,,,,,,,,,,,,,,,,,,,,,,
2025-10-09 09:57:42,2025-10-09 09:57:43,2025-10-09 09:57:42,2025-10-09 09:57:42,867488067677285,688,GTERI,0x19fe3fbf,0x00028102,802003,0x8303,0x0115,0,12527,0000,-,00,00,11,12,12,-,01,01,0.0,0.0,261,261,617,617,-23.297028,-23.297028,-51.201169,-51.201169,0724,0005,a053,06901005,0.0,0.3,0.3,0:00:42,0:52:30,-,-,0,-,,,,,04,3,00000000,00,10,,,,,,,,,,,,,,,,,,,,,,,,,,,,
2025-10-09 09:59:44,,,,867488067677285,689,HBD,,,,,,,,,,,,,,,,,,,,,,,,,,,,,,,,,,,,,,,,,,,,,,,,,,,,,,,,,,,,,,,,,,,,,,,,,,,,,
2025-10-09 10:01:45,,,,867488067677285,690,HBD,,,,,,,,,,,,,,,,,,,,,,,,,,,,,,,,,,,,,,,,,,,,,,,,,,,,,,,,,,,,,,,,,,,,,,,,,,,,,
2025-10-09 10:03:39,,,,867488067677285,691,HBD,,,,,,,,,,,,,,,,,,,,,,,,,,,,,,,,,,,,,,,,,,,,,,,,,,,,,,,,,,,,,,,,,,,,,,,,,,,,,
2025-10-09 10:03:39,2025-10-09 10:03:39,2025-10-09 09:57:42,2025-10-09 09:52:33,867488067677285,693,GTIGN,0x19fe7fbf,,802003,0x8303,0x0115,0,12619,0000,0000,01,00,21,12,12,657,00,01,0.0,7.2,261,356,617,620,-23.297028,-23.296948,-51.201169,-51.201221,0724,0005,a053,06900d00,0.0,0.3,0.3,0:00:00,0:52:30,-,-,0,-,,,,,,,,,,,,,,,,,,,,,,,,,,,,,,,,,,,,,
2025-10-09 10:03:39,2025-10-09 10:03:39,2025-10-09 09:57:42,2025-10-09 09:57:42,867488067677285,694,GTSTT,0x19fe7fbf,,802003,0x8303,0x0115,0,12619,0000,0000,01,00,21,12,12,-,00,00,0.0,0.0,261,261,617,617,-23.297028,-23.297028,-51.201169,-51.201169,0724,0005,a053,06900d00,0.0,0.3,0.3,0:00:00,0:52:30,-,-,0,-,,,,,,,,,,,,,,,,,,,,,,,,,,,,,,,,,,,,,
2025-10-09 10:03:58,2025-10-09 10:03:59,2025-10-09 10:03:58,2025-10-09 10:03:58,867488067677285,695,GTERI,0x19fe3fbf,0x00028102,802003,0x8303,0x0115,0,12052,0000,-,01,00,21,12,12,-,01,01,0.6,0.6,261,261,594,594,-23.296974,-23.296974,-51.201185,-51.201185,0724,0005,a053,06900d00,0.0,0.3,0.3,0:00:18,0:52:48,-,-,0,-,,,,,04,7,00000000,00,10,,,,,,,,,,,,,,,,,,,,,,,,,,,,
2025-10-09 10:03:58,2025-10-09 10:03:59,2025-10-09 10:03:58,2025-10-09 10:03:58,867488067677285,696,GTIGL,0x19fe7fbf,,802003,0x8303,0x0115,0,12052,0000,0000,01,00,21,12,12,-,01,01,0.6,0.6,261,261,594,594,-23.296974,-23.296974,-51.201185,-51.201185,0724,0005,a053,06900d00,0.0,0.3,0.3,0:00:18,0:52:48,-,-,0,-,,,,,,,,,00,,,,,,,,,,,,,,,,,,,,,,,,,,,,
2025-10-09 10:04:02,2025-10-09 10:04:03,2025-10-09 10:04:02,2025-10-09 10:04:02,867488067677285,697,GTSTT,0x19fe7fbf,,802003,0x8303,0x0115,0,12052,0000,0000,01,00,22,12,12,-,01,01,0.0,0.0,261,261,594,594,-23.296974,-23.296974,-51.201185,-51.201185,0724,0005,a053,06900d00,0.0,0.3,0.3,0:00:21,0:52:51,-,-,0,-,,,,,,,,,,,,,,,,,,,,,,,,,,,,,,,,,,,,,
2025-10-09 10:05:05,,,,867488067677285,698,HBD,,,,,,,,,,,,,,,,,,,,,,,,,,,,,,,,,,,,,,,,,,,,,,,,,,,,,,,,,,,,,,,,,,,,,,,,,,,,,
2025-10-09 10:05:05,2025-10-09 10:05:03,2025-10-09 10:05:02,2025-10-09 10:04:22,867488067677285,699,GTSTT,0x19fe7fbf,,802003,0x8303,0x0115,0,12108,0000,0000,01,00,21,12,12,-,01,01,0.0,1.5,261,280,600,598,-23.296902,-23.296915,-51.201195,-51.201197,0724,0005,a053,06900d00,0.0,0.3,0.3,0:01:21,0:53:51,-,-,0,-,,,,,,,,,,,,,,,,,,,,,,,,,,,,,,,,,,,,,
2025-10-09 10:06:40,2025-10-09 10:06:41,2025-10-09 10:06:39,2025-10-09 10:06:39,867488067677285,701,GTBTC,0x19fe7fbf,,802003,0x8303,0x0115,0,12053,0000,0000,01,00,21,12,12,-,01,01,0.0,0.0,280,280,600,600,-23.296902,-23.296902,-51.201195,-51.201195,0724,0005,a053,06900d00,0.0,0.3,0.3,0:03:00,0:55:30,-,-,0,-,,,,,,,,,,,,,,,,,,,,,,,,,,,,,,,,,,,,,
2025-10-09 10:06:47,2025-10-09 10:06:48,2025-10-09 10:06:46,2025-10-09 10:06:47,867488067677285,702,GTERI,0x19fe3fbf,0x00028102,802003,0x8303,0x0115,0,12004,0000,-,01,00,21,12,12,-,01,01,0.0,0.0,280,280,600,600,-23.296902,-23.296902,-51.201195,-51.201195,0724,0005,a053,06900d00,0.0,0.3,0.3,0:03:06,0:55:36,-,-,0,-,,,,,04,7,00000000,00,10,,,,,,,,,,,,,,,,,,,,,,,,,,,,
2025-10-09 10:07:42,,,,867488067677285,703,HBD,,,,,,,,,,,,,,,,,,,,,,,,,,,,,,,,,,,,,,,,,,,,,,,,,,,,,,,,,,,,,,,,,,,,,,,,,,,,,
2025-10-09 10:07:42,,,,867488067677285,705,ACK,,,,,,,,,,,,,,,,,,,,,,,,,,,,,,,,,,,,,,,,,,,,,,,,,,,,,,,,,,,,,,,,,,,,,,,,,,,,,
2025-10-09 10:07:42,,,,867488067677285,706,ACK,,,,,,,,,,,,,,,,,,,,,,,,,,,,,,,,,,,,,,,,,,,,,,,,,,,,,,,,,,,,,,,,,,,,,,,,,,,,,
2025-10-09 10:07:43,,,,867488067677285,707,ACK,,,,,,,,,,,,,,,,,,,,,,,,,,,,,,,,,,,,,,,,,,,,,,,,,,,,,,,,,,,,,,,,,,,,,,,,,,,,,
2025-10-09 10:08:58,,,,867488067677285,708,HBD,,,,,,,,,,,,,,,,,,,,,,,,,,,,,,,,,,,,,,,,,,,,,,,,,,,,,,,,,,,,,,,,,,,,,,,,,,,,,
2025-10-09 10:08:58,2025-10-09 10:08:59,2025-10-09 10:08:57,2025-10-09 10:08:57,867488067677285,709,GTIGF,0x19fe7fbf,,802003,0x8303,0x0115,0,12097,0000,0000,00,00,11,12,12,320,01,01,0.0,0.0,280,280,600,600,-23.296902,-23.296902,-51.201195,-51.201195,0724,0005,a053,06900d00,0.0,0.3,0.3,0:05:18,0:57:48,-,-,0,-,,,,,,,,,,,,,,,,,,,,,,,,,,,,,,,,,,,,,
2025-10-09 10:08:59,2025-10-09 10:08:59,2025-10-09 10:08:57,2025-10-09 10:08:57,867488067677285,710,GTSTT,0x19fe7fbf,,802003,0x8303,0x0115,0,12097,0000,0000,00,00,11,12,12,-,01,01,0.0,0.0,280,280,600,600,-23.296902,-23.296902,-51.201195,-51.201195,0724,0005,a053,06900d00,0.0,0.3,0.3,0:05:18,0:57:48,-,-,0,-,,,,,,,,,,,,,,,,,,,,,,,,,,,,,,,,,,,,,
2025-10-09 10:08:59,2025-10-09 10:08:59,2025-10-09 10:08:58,2025-10-09 10:08:58,867488067677285,711,GTIGL,0x19fe7fbf,,802003,0x8303,0x0115,0,12097,0000,0000,00,00,11,12,12,-,01,01,0.0,0.0,280,280,600,600,-23.296902,-23.296902,-51.201195,-51.201195,0724,0005,a053,06900d00,0.0,0.3,0.3,0:05:18,0:57:48,-,-,0,-,,,,,,,,,01,,,,,,,,,,,,,,,,,,,,,,,,,,,,
2025-10-09 10:09:00,2025-10-09 10:09:00,2025-10-09 10:08:59,2025-10-09 10:08:59,867488067677285,712,GTSTC,0x19fe7fbf,,802003,0x8303,0x0115,0,12172,0000,0000,00,00,11,12,12,-,01,01,0.0,0.0,280,280,600,600,-23.296902,-23.296902,-51.201195,-51.201195,0724,0005,a053,06900d00,0.0,0.3,0.3,0:05:18,0:57:48,-,-,0,-,,,,,,,,,,,,,,,,,,,,,,,,,,,,,,,,,,,,,
2025-10-09 10:09:01,,,,867488067677285,713,ACK,,,,,,,,,,,,,,,,,,,,,,,,,,,,,,,,,,,,,,,,,,,,,,,,,,,,,,,,,,,,,,,,,,,,,,,,,,,,,
2025-10-09 10:09:01,,,,867488067677285,714,ACK,,,,,,,,,,,,,,,,,,,,,,,,,,,,,,,,,,,,,,,,,,,,,,,,,,,,,,,,,,,,,,,,,,,,,,,,,,,,,
2025-10-09 10:09:47,2025-10-09 10:09:48,2025-10-09 10:09:46,2025-10-09 10:09:46,867488067677285,716,GTERI,0x19fe3fbf,0x00028102,802003,0x8303,0x0115,0,12242,0000,-,00,00,11,12,12,-,01,01,0.0,0.0,280,280,600,600,-23.296902,-23.296902,-51.201195,-51.201195,0724,0005,a053,06900d00,0.0,0.3,0.3,0:05:18,0:57:48,-,-,0,-,,,,,04,7,00000000,00,10,,,,,,,,,,,,,,,,,,,,,,,,,,,,
2025-10-09 10:11:05,,,,867488067677285,717,HBD,,,,,,,,,,,,,,,,,,,,,,,,,,,,,,,,,,,,,,,,,,,,,,,,,,,,,,,,,,,,,,,,,,,,,,,,,,,,,
2025-10-09 10:11:06,2025-10-09 10:11:06,2025-10-09 10:11:05,2025-10-09 10:11:05,867488067677285,719,GTIGN,0x19fe7fbf,,802003,0x8303,0x0115,0,12301,0000,0000,01,00,21,12,12,127,01,01,0.0,0.0,280,280,600,600,-23.296902,-23.296902,-51.201195,-51.201195,0724,0005,a053,06900d00,0.0,0.3,0.3,0:00:00,0:57:48,-,-,0,-,,,,,,,,,,,,,,,,,,,,,,,,,,,,,,,,,,,,,
2025-10-09 10:11:06,2025-10-09 10:11:06,2025-10-09 10:11:05,2025-10-09 10:11:05,867488067677285,720,GTSTT,0x19fe7fbf,,802003,0x8303,0x0115,0,12301,0000,0000,01,00,21,12,12,-,01,01,0.0,0.0,280,280,600,600,-23.296902,-23.296902,-51.201195,-51.201195,0724,0005,a053,06900d00,0.0,0.3,0.3,0:00:00,0:57:48,-,-,0,-,,,,,,,,,,,,,,,,,,,,,,,,,,,,,,,,,,,,,
2025-10-09 10:11:07,2025-10-09 10:11:06,2025-10-09 10:11:05,2025-10-09 10:11:05,867488067677285,721,GTSTT,0x19fe7fbf,,802003,0x8303,0x0115,0,12301,0000,0000,01,00,22,12,12,-,01,01,0.0,0.0,280,280,600,600,-23.296902,-23.296902,-51.201195,-51.201195,0724,0005,a053,06900d00,0.0,0.3,0.3,0:00:00,0:57:48,-,-,0,-,,,,,,,,,,,,,,,,,,,,,,,,,,,,,,,,,,,,,
2025-10-09 10:11:07,2025-10-09 10:11:07,2025-10-09 10:11:06,2025-10-09 10:11:06,867488067677285,722,GTIGL,0x19fe7fbf,,802003,0x8303,0x0115,0,12478,0000,0000,01,00,22,12,12,-,01,01,0.0,0.0,280,280,611,611,-23.296945,-23.296945,-51.201186,-51.201186,0724,0005,a053,06900d00,0.0,0.3,0.3,0:00:00,0:57:48,-,-,0,-,,,,,,,,,00,,,,,,,,,,,,,,,,,,,,,,,,,,,,
2025-10-09 10:11:51,2025-10-09 10:11:52,2025-10-09 10:11:51,2025-10-09 10:11:49,867488067677285,723,GTSTT,0x19fe7fbf,,802003,0x8303,0x0115,0,13960,0000,0000,01,00,21,12,12,-,01,01,6.3,8.6,282,273,617,616,-23.297023,-23.297023,-51.201298,-51.201237,0724,0005,a053,06900d00,0.0,0.3,0.3,0:00:45,0:58:33,-,-,0,-,,,,,,,,,,,,,,,,,,,,,,,,,,,,,,,,,,,,,
2025-10-09 10:11:52,2025-10-09 10:11:53,2025-10-09 10:11:52,2025-10-09 10:11:52,867488067677285,724,GTSTT,0x19fe7fbf,,802003,0x8303,0x0115,0,13960,0000,0000,01,00,22,12,12,-,01,01,5.0,5.0,291,291,617,617,-23.297017,-23.297017,-51.201317,-51.201317,0724,0005,a053,06900d00,0.0,0.3,0.3,0:00:45,0:58:33,-,-,0,-,,,,,,,,,,,,,,,,,,,,,,,,,,,,,,,,,,,,,
2025-10-09 10:12:11,2025-10-09 10:12:11,2025-10-09 10:12:10,2025-10-09 10:12:10,867488067677285,725,GTIGF,0x19fe7fbf,,802003,0x8303,0x0115,0,14020,0000,0000,00,00,12,12,12,65,01,01,0.0,0.0,107,107,617,617,-23.29703,-23.29703,-51.201331,-51.201331,0724,0005,a053,06900d00,0.0,0.3,0.3,0:01:03,0:58:51,-,-,0,-,,,,,,,,,,,,,,,,,,,,,,,,,,,,,,,,,,,,,
2025-10-09 10:12:11,2025-10-09 10:12:11,2025-10-09 10:12:10,2025-10-09 10:12:10,867488067677285,726,GTSTT,0x19fe7fbf,,802003,0x8303,0x0115,0,14020,0000,0000,00,00,12,12,12,-,01,01,0.0,0.0,107,107,617,617,-23.29703,-23.29703,-51.201331,-51.201331,0724,0005,a053,06900d00,0.0,0.3,0.3,0:01:03,0:58:51,-,-,0,-,,,,,,,,,,,,,,,,,,,,,,,,,,,,,,,,,,,,,
2025-10-09 10:12:11,2025-10-09 10:12:12,2025-10-09 10:12:11,2025-10-09 10:12:11,867488067677285,727,GTIGL,0x19fe7fbf,,802003,0x8303,0x0115,0,14020,0000,0000,00,00,12,12,12,-,01,01,0.0,0.0,280,280,617,617,-23.29703,-23.29703,-51.201331,-51.201331,0724,0005,a053,06900d00,0.0,0.3,0.3,0:01:03,0:58:51,-,-,0,-,,,,,,,,,01,,,,,,,,,,,,,,,,,,,,,,,,,,,,
2025-10-09 10:12:12,,,,867488067677285,728,ACK,,,,,,,,,,,,,,,,,,,,,,,,,,,,,,,,,,,,,,,,,,,,,,,,,,,,,,,,,,,,,,,,,,,,,,,,,,,,,
2025-10-09 10:12:13,,,,867488067677285,729,ACK,,,,,,,,,,,,,,,,,,,,,,,,,,,,,,,,,,,,,,,,,,,,,,,,,,,,,,,,,,,,,,,,,,,,,,,,,,,,,
2025-10-09 10:12:35,2025-10-09 10:12:35,2025-10-09 10:12:34,2025-10-09 10:12:34,867488067677285,730,GTSTT,0x19fe7fbf,,802003,0x8303,0x0115,0,12515,0000,0000,00,00,11,12,12,-,01,01,0.0,0.0,280,280,617,617,-23.29703,-23.29703,-51.201331,-51.201331,0724,0005,a053,06900d00,0.0,0.3,0.3,0:01:03,0:58:51,-,-,0,-,,,,,,,,,,,,,,,,,,,,,,,,,,,,,,,,,,,,,
2025-10-09 10:12:47,2025-10-09 10:12:48,2025-10-09 10:12:46,2025-10-09 10:12:46,867488067677285,731,GTERI,0x19fe3fbf,0x00028102,802003,0x8303,0x0115,0,12515,0000,-,00,00,11,12,12,-,01,01,0.0,0.0,280,280,617,617,-23.29703,-23.29703,-51.201331,-51.201331,0724,0005,a053,06900d00,0.0,0.3,0.3,0:01:03,0:58:51,-,-,0,-,,,,,04,7,00000000,00,10,,,,,,,,,,,,,,,,,,,,,,,,,,,,
2025-10-09 10:13:47,,,,867488067677285,732,HBD,,,,,,,,,,,,,,,,,,,,,,,,,,,,,,,,,,,,,,,,,,,,,,,,,,,,,,,,,,,,,,,,,,,,,,,,,,,,,
2025-10-09 10:14:26,2025-10-09 10:14:27,2025-10-09 10:14:25,2025-10-09 10:11:57,867488067677285,735,GTIGN,0x19fe7fbf,,802003,0x8303,0x0115,0,12345,0000,0000,01,00,22,12,12,135,01,01,0.0,3.2,280,107,617,617,-23.29703,-23.29703,-51.201331,-51.201331,0724,0005,a053,0690101d,0.0,0.3,0.3,0:00:00,0:58:51,-,-,0,-,,,,,,,,,,,,,,,,,,,,,,,,,,,,,,,,,,,,,
2025-10-09 10:14:26,2025-10-09 10:14:27,2025-10-09 10:14:25,2025-10-09 10:14:25,867488067677285,736,GTSTT,0x19fe7fbf,,802003,0x8303,0x0115,0,12345,0000,0000,01,00,22,12,12,-,01,01,0.0,0.0,280,280,617,617,-23.29703,-23.29703,-51.201331,-51.201331,0724,0005,a053,0690101d,0.0,0.3,0.3,0:00:00,0:58:51,-,-,0,-,,,,,,,,,,,,,,,,,,,,,,,,,,,,,,,,,,,,,
2025-10-09 10:14:26,2025-10-09 10:14:27,2025-10-09 10:14:26,2025-10-09 10:14:26,867488067677285,737,GTIGL,0x19fe7fbf,,802003,0x8303,0x0115,0,12345,0000,0000,01,00,22,12,12,-,01,01,0.0,0.0,280,280,617,617,-23.29703,-23.29703,-51.201331,-51.201331,0724,0005,a053,0690101d,0.0,0.3,0.3,0:00:00,0:58:51,-,-,0,-,,,,,,,,,00,,,,,,,,,,,,,,,,,,,,,,,,,,,,
2025-10-09 10:15:47,,,,867488067677285,738,HBD,,,,,,,,,,,,,,,,,,,,,,,,,,,,,,,,,,,,,,,,,,,,,,,,,,,,,,,,,,,,,,,,,,,,,,,,,,,,,
2025-10-09 10:15:48,2025-10-09 10:15:48,2025-10-09 10:15:46,2025-10-09 10:15:43,867488067677285,739,GTERI,0x19fe3fbf,0x00028102,802003,0x8303,0x0115,0,13960,0000,-,01,00,22,12,12,-,01,01,76.2,83.6,288,286,623,622,-23.296187,-23.296367,-51.206363,-51.205732,0724,0005,a053,06900a1c,0.6,0.8,0.7,0:01:21,1:00:12,-,-,0,-,,,,,04,1,00000000,00,10,,,,,,,,,,,,,,,,,,,,,,,,,,,,
2025-10-09 10:17:30,,,,867488067677285,741,HBD,,,,,,,,,,,,,,,,,,,,,,,,,,,,,,,,,,,,,,,,,,,,,,,,,,,,,,,,,,,,,,,,,,,,,,,,,,,,,
2025-10-09 10:17:30,2025-10-09 10:17:28,2025-10-09 10:17:27,2025-10-09 10:15:48,867488067677285,742,GTBTC,0x19fe7fbf,,802003,0x8303,0x0115,0,13998,0000,0000,01,00,22,12,12,-,01,01,21.0,66.9,130,289,615,623,-23.297261,-23.296073,-51.203346,-51.206726,0724,0005,a053,06900a1c,1.6,1.9,0.8,0:03:00,1:01:51,-,-,0,-,,,,,,,,,,,,,,,,,,,,,,,,,,,,,,,,,,,,,
2025-10-09 10:18:29,,,,867488067677285,744,ACK,,,,,,,,,,,,,,,,,,,,,,,,,,,,,,,,,,,,,,,,,,,,,,,,,,,,,,,,,,,,,,,,,,,,,,,,,,,,,
2025-10-09 10:18:29,,,,867488067677285,745,ACK,,,,,,,,,,,,,,,,,,,,,,,,,,,,,,,,,,,,,,,,,,,,,,,,,,,,,,,,,,,,,,,,,,,,,,,,,,,,,
2025-10-09 10:18:30,,,,867488067677285,746,ACK,,,,,,,,,,,,,,,,,,,,,,,,,,,,,,,,,,,,,,,,,,,,,,,,,,,,,,,,,,,,,,,,,,,,,,,,,,,,,
2025-10-09 10:18:43,2025-10-09 10:18:44,2025-10-09 10:18:42,2025-10-09 10:18:42,867488067677285,747,GTIGF,0x19fe7fbf,,802003,0x8303,0x0115,0,12783,0000,0000,00,00,12,12,12,257,01,01,1.0,1.0,288,288,618,618,-23.297394,-23.297394,-51.203111,-51.203111,0724,0005,a053,06901001,1.6,1.9,1.9,0:04:15,1:03:06,-,-,0,-,,,,,,,,,,,,,,,,,,,,,,,,,,,,,,,,,,,,,
2025-10-09 10:18:43,2025-10-09 10:18:44,2025-10-09 10:18:42,2025-10-09 10:18:42,867488067677285,748,GTSTT,0x19fe7fbf,,802003,0x8303,0x0115,0,12783,0000,0000,00,00,12,12,12,-,01,01,1.0,1.0,288,288,618,618,-23.297394,-23.297394,-51.203111,-51.203111,0724,0005,a053,06901001,1.6,1.9,1.9,0:04:15,1:03:06,-,-,0,-,,,,,,,,,,,,,,,,,,,,,,,,,,,,,,,,,,,,,
2025-10-09 10:18:43,2025-10-09 10:18:44,2025-10-09 10:18:43,2025-10-09 10:18:43,867488067677285,749,GTIGL,0x19fe7fbf,,802003,0x8303,0x0115,0,12783,0000,0000,00,00,12,12,12,-,01,01,2.3,2.3,336,336,618,618,-23.297386,-23.297386,-51.203112,-51.203112,0724,0005,a053,06901001,1.6,1.9,1.9,0:04:15,1:03:06,-,-,0,-,,,,,,,,,01,,,,,,,,,,,,,,,,,,,,,,,,,,,,
2025-10-09 10:18:44,2025-10-09 10:18:44,2025-10-09 10:18:43,2025-10-09 10:18:43,867488067677285,750,GTSTC,0x19fe7fbf,,802003,0x8303,0x0115,0,12715,0000,0000,00,00,12,12,12,-,00,00,2.3,2.3,336,336,618,618,-23.297386,-23.297386,-51.203112,-51.203112,0724,0005,a053,06901001,1.6,1.9,1.9,0:04:15,1:03:06,-,-,0,-,,,,,,,,,,,,,,,,,,,,,,,,,,,,,,,,,,,,,
2025-10-09 10:18:44,,,,867488067677285,751,ACK,,,,,,,,,,,,,,,,,,,,,,,,,,,,,,,,,,,,,,,,,,,,,,,,,,,,,,,,,,,,,,,,,,,,,,,,,,,,,
2025-10-09 10:18:45,,,,867488067677285,752,ACK,,,,,,,,,,,,,,,,,,,,,,,,,,,,,,,,,,,,,,,,,,,,,,,,,,,,,,,,,,,,,,,,,,,,,,,,,,,,,
2025-10-09 10:18:47,2025-10-09 10:18:48,2025-10-09 10:18:46,2025-10-09 10:18:46,867488067677285,753,GTERI,0x19fe3fbf,0x00028102,802003,0x8303,0x0115,0,12715,0000,-,00,00,12,12,12,-,01,01,1.5,1.5,336,336,618,618,-23.29737,-23.29737,-51.203115,-51.203115,0724,0005,a053,06901001,1.6,1.9,1.9,0:04:15,1:03:06,-,-,0,-,,,,,04,7,00000000,00,10,,,,,,,,,,,,,,,,,,,,,,,,,,,,
2025-10-09 10:19:15,,,,867488067677285,754,HBD,,,,,,,,,,,,,,,,,,,,,,,,,,,,,,,,,,,,,,,,,,,,,,,,,,,,,,,,,,,,,,,,,,,,,,,,,,,,,
2025-10-09 10:19:15,2025-10-09 10:19:16,2025-10-09 10:19:14,2025-10-09 10:19:14,867488067677285,755,GTSTT,0x19fe7fbf,,802003,0x8303,0x0115,0,12692,0000,0000,00,00,11,12,12,-,01,01,0.0,0.0,336,336,618,618,-23.297368,-23.297368,-51.203118,-51.203118,0724,0005,a053,0690101d,1.6,1.9,1.9,0:04:15,1:03:06,-,-,0,-,,,,,,,,,,,,,,,,,,,,,,,,,,,,,,,,,,,,,
2025-10-09 10:21:52,,,,867488067677285,756,HBD,,,,,,,,,,,,,,,,,,,,,,,,,,,,,,,,,,,,,,,,,,,,,,,,,,,,,,,,,,,,,,,,,,,,,,,,,,,,,
2025-10-09 10:21:53,2025-10-09 10:21:48,2025-10-09 10:21:46,2025-10-09 10:21:46,867488067677285,757,GTERI,0x19fe3fbf,0x00028102,802003,0x8303,0x0115,0,12707,0000,-,00,00,11,12,12,-,01,01,0.0,0.0,336,336,618,618,-23.297368,-23.297368,-51.203118,-51.203118,0724,0005,a053,0690101d,1.6,1.9,1.9,0:04:15,1:03:06,-,-,0,-,,,,,04,1,00000000,00,10,,,,,,,,,,,,,,,,,,,,,,,,,,,,
2025-10-09 10:22:18,2025-10-09 10:22:19,2025-10-09 10:22:18,2025-10-09 10:17:28,867488067677285,759,GTIGN,0x19fe7fbf,,802003,0x8303,0x0115,0,12646,0000,0000,01,00,22,12,12,216,01,01,0.0,19.1,359,129,618,615,-23.297368,-23.297293,-51.203118,-51.203306,0724,0005,a053,0690101d,0.0,1.9,1.9,0:00:00,1:03:06,-,-,0,-,,,,,,,,,,,,,,,,,,,,,,,,,,,,,,,,,,,,,
2025-10-09 10:22:19,2025-10-09 10:22:19,2025-10-09 10:22:18,2025-10-09 10:22:18,867488067677285,760,GTSTT,0x19fe7fbf,,802003,0x8303,0x0115,0,12646,0000,0000,01,00,22,12,12,-,01,01,0.0,0.0,359,359,618,618,-23.297368,-23.297368,-51.203118,-51.203118,0724,0005,a053,0690101d,0.0,1.9,1.9,0:00:00,1:03:06,-,-,0,-,,,,,,,,,,,,,,,,,,,,,,,,,,,,,,,,,,,,,
2025-10-09 10:22:19,2025-10-09 10:22:20,2025-10-09 10:22:19,2025-10-09 10:22:19,867488067677285,761,GTIGL,0x19fe7fbf,,802003,0x8303,0x0115,0,12646,0000,0000,01,00,22,12,12,-,01,01,0.0,0.0,336,336,618,618,-23.297368,-23.297368,-51.203118,-51.203118,0724,0005,a053,0690101d,0.0,1.9,1.9,0:00:00,1:03:06,-,-,0,-,,,,,,,,,00,,,,,,,,,,,,,,,,,,,,,,,,,,,,
2025-10-09 10:23:52,,,,867488067677285,762,HBD,,,,,,,,,,,,,,,,,,,,,,,,,,,,,,,,,,,,,,,,,,,,,,,,,,,,,,,,,,,,,,,,,,,,,,,,,,,,,
2025-10-09 10:24:47,2025-10-09 10:24:48,2025-10-09 10:24:46,2025-10-09 10:23:59,867488067677285,764,GTERI,0x19fe3fbf,0x00028102,802003,0x8303,0x0115,0,14047,0000,-,01,00,22,12,12,-,01,01,29.9,58.0,100,98,606,610,-23.2987,-23.298287,-51.192297,-51.195261,0724,0005,a053,06900d08,1.1,3.0,2.7,0:02:27,1:05:33,-,-,0,-,,,,,04,28,00000000,00,10,,,,,,,,,,,,,,,,,,,,,,,,,,,,
2025-10-09 10:25:20,,,,867488067677285,765,HBD,,,,,,,,,,,,,,,,,,,,,,,,,,,,,,,,,,,,,,,,,,,,,,,,,,,,,,,,,,,,,,,,,,,,,,,,,,,,,
2025-10-09 10:25:20,2025-10-09 10:25:20,2025-10-09 10:25:19,2025-10-09 10:25:19,867488067677285,766,GTBTC,0x19fe7fbf,,802003,0x8303,0x0115,0,13991,0000,0000,01,00,22,12,12,-,01,01,47.9,47.9,113,113,605,605,-23.299744,-23.299744,-51.189021,-51.189021,0724,0005,a053,06900d1c,1.5,3.4,3.4,0:03:00,1:06:06,-,-,0,-,,,,,,,,,,,,,,,,,,,,,,,,,,,,,,,,,,,,,
2025-10-09 10:26:21,,,,867488067677285,768,ACK,,,,,,,,,,,,,,,,,,,,,,,,,,,,,,,,,,,,,,,,,,,,,,,,,,,,,,,,,,,,,,,,,,,,,,,,,,,,,
2025-10-09 10:26:21,,,,867488067677285,769,ACK,,,,,,,,,,,,,,,,,,,,,,,,,,,,,,,,,,,,,,,,,,,,,,,,,,,,,,,,,,,,,,,,,,,,,,,,,,,,,
2025-10-09 10:26:22,,,,867488067677285,770,ACK,,,,,,,,,,,,,,,,,,,,,,,,,,,,,,,,,,,,,,,,,,,,,,,,,,,,,,,,,,,,,,,,,,,,,,,,,,,,,
2025-10-09 10:27:53,,,,867488067677285,771,HBD,,,,,,,,,,,,,,,,,,,,,,,,,,,,,,,,,,,,,,,,,,,,,,,,,,,,,,,,,,,,,,,,,,,,,,,,,,,,,
2025-10-09 10:27:53,2025-10-09 10:27:48,2025-10-09 10:27:46,2025-10-09 10:25:49,867488067677285,772,GTERI,0x19fe3fbf,0x00028102,802003,0x8303,0x0115,4,13963,0000,-,01,00,22,12,12,-,01,01,45.6,54.7,99,97,607,607,-23.301579,-23.300623,-51.17741,-51.185067,0724,0005,9c6b,0690bc1d,2.7,4.6,3.8,0:05:27,1:08:33,-,-,0,-,,,,,04,1,00000000,00,10,,,,,,,,,,,,,,,,,,,,,,,,,,,,
2025-10-09 10:29:08,,,,867488067677285,774,HBD,,,,,,,,,,,,,,,,,,,,,,,,,,,,,,,,,,,,,,,,,,,,,,,,,,,,,,,,,,,,,,,,,,,,,,,,,,,,,
2025-10-09 10:29:08,2025-10-09 10:29:09,2025-10-09 10:29:08,2025-10-09 10:27:57,867488067677285,775,GTSTT,0x19fe7fbf,,802003,0x8303,0x0115,19,13867,0000,0000,01,00,21,12,12,-,01,01,0.0,55.9,99,99,605,604,-23.302052,-23.301812,-51.174068,-51.175853,0724,0005,9c6b,0690bc0c,3.0,4.9,4.7,0:06:48,1:09:54,-,-,0,-,,,,,,,,,,,,,,,,,,,,,,,,,,,,,,,,,,,,,
2025-10-09 10:29:16,2025-10-09 10:29:17,2025-10-09 10:29:16,2025-10-09 10:29:16,867488067677285,776,GTSTT,0x19fe7fbf,,802003,0x8303,0x0115,20,13949,0000,0000,01,00,22,12,12,-,01,01,20.4,20.4,99,99,605,605,-23.302087,-23.302087,-51.173845,-51.173845,0724,0005,9c6b,0690bc0c,3.0,4.9,4.9,0:06:57,1:10:03,-,-,0,-,,,,,,,,,,,,,,,,,,,,,,,,,,,,,,,,,,,,,
2025-10-09 10:30:14,2025-10-09 10:30:14,2025-10-09 10:30:13,,867488067677285,777,GTASC,,,,,,,,,,,,,,,,,,,,,,,,,,,,,,,,,,,,,,,,,,,,,,,,,,,,,,,,,,,,,,,,,,,,,,,,,,,,,
2025-10-09 10:30:47,2025-10-09 10:30:48,2025-10-09 10:30:46,2025-10-09 10:30:47,867488067677285,779,GTERI,0x19fe3fbf,0x00028102,802003,0x8303,0x0115,32,13915,0000,-,01,00,22,12,12,-,01,01,23.9,27.3,106,106,580,580,-23.297848,-23.297865,-51.173055,-51.172988,0724,0005,9c6b,0692fa0e,3.6,5.5,5.5,0:08:27,1:11:33,-,-,0,-,,,,,04,3,00000000,00,10,,,,,,,,,,,,,,,,,,,,,,,,,,,,
2025-10-09 10:31:51,,,,867488067677285,780,HBD,,,,,,,,,,,,,,,,,,,,,,,,,,,,,,,,,,,,,,,,,,,,,,,,,,,,,,,,,,,,,,,,,,,,,,,,,,,,,
2025-10-09 10:32:51,2025-10-09 10:32:52,2025-10-09 10:32:50,2025-10-09 10:32:50,867488067677285,782,GTIGF,0x19fe7fbf,,802003,0x8303,0x0115,41,13002,0000,0000,00,00,12,12,12,633,01,01,0.0,0.0,106,106,567,567,-23.299992,-23.299992,-51.166337,-51.166337,0724,0005,9c6b,0692fa01,4.3,6.2,6.2,0:10:30,1:13:36,-,-,0,-,,,,,,,,,,,,,,,,,,,,,,,,,,,,,,,,,,,,,
2025-10-09 10:32:52,2025-10-09 10:32:52,2025-10-09 10:32:50,2025-10-09 10:32:50,867488067677285,783,GTSTT,0x19fe7fbf,,802003,0x8303,0x0115,41,13002,0000,0000,00,00,12,12,12,-,01,01,0.0,0.0,106,106,567,567,-23.299992,-23.299992,-51.166337,-51.166337,0724,0005,9c6b,0692fa01,4.3,6.2,6.2,0:10:30,1:13:36,-,-,0,-,,,,,,,,,,,,,,,,,,,,,,,,,,,,,,,,,,,,,
2025-10-09 10:32:52,2025-10-09 10:32:52,2025-10-09 10:32:51,2025-10-09 10:32:51,867488067677285,784,GTIGL,0x19fe7fbf,,802003,0x8303,0x0115,41,13002,0000,0000,00,00,12,12,12,-,01,01,0.0,0.0,106,106,567,567,-23.299992,-23.299992,-51.166337,-51.166337,0724,0005,9c6b,0692fa01,4.3,6.2,6.2,0:10:30,1:13:36,-,-,0,-,,,,,,,,,01,,,,,,,,,,,,,,,,,,,,,,,,,,,,
2025-10-09 10:32:53,,,,867488067677285,785,ACK,,,,,,,,,,,,,,,,,,,,,,,,,,,,,,,,,,,,,,,,,,,,,,,,,,,,,,,,,,,,,,,,,,,,,,,,,,,,,
2025-10-09 10:32:53,,,,867488067677285,786,ACK,,,,,,,,,,,,,,,,,,,,,,,,,,,,,,,,,,,,,,,,,,,,,,,,,,,,,,,,,,,,,,,,,,,,,,,,,,,,,
2025-10-09 10:32:54,2025-10-09 10:32:52,2025-10-09 10:32:51,2025-10-09 10:32:51,867488067677285,787,GTSTC,0x19fe7fbf,,802003,0x8303,0x0115,41,13002,0000,0000,00,00,12,12,12,-,00,00,0.0,0.0,106,106,567,567,-23.299992,-23.299992,-51.166337,-51.166337,0724,0005,9c6b,0692fa01,4.3,6.2,6.2,0:10:30,1:13:36,-,-,0,-,,,,,,,,,,,,,,,,,,,,,,,,,,,,,,,,,,,,,
2025-10-09 10:33:16,,,,867488067677285,788,HBD,,,,,,,,,,,,,,,,,,,,,,,,,,,,,,,,,,,,,,,,,,,,,,,,,,,,,,,,,,,,,,,,,,,,,,,,,,,,,
2025-10-09 10:33:16,2025-10-09 10:33:17,2025-10-09 10:33:15,2025-10-09 10:33:15,867488067677285,789,GTSTT,0x19fe7fbf,,802003,0x8303,0x0115,31,12659,0000,0000,00,00,11,12,12,-,01,01,0.0,0.0,106,106,567,567,-23.299992,-23.299992,-51.166337,-51.166337,0724,0005,9c6b,0692fa01,4.3,6.2,6.2,0:10:30,1:13:36,-,-,0,-,,,,,,,,,,,,,,,,,,,,,,,,,,,,,,,,,,,,,
2025-10-09 10:33:47,2025-10-09 10:33:48,2025-10-09 10:33:46,2025-10-09 10:33:46,867488067677285,790,GTERI,0x19fe3fbf,0x00028102,802003,0x8303,0x0115,10,12717,0000,-,00,00,11,12,12,-,01,01,0.0,0.0,106,106,567,567,-23.299992,-23.299992,-51.166337,-51.166337,0724,0005,9c6b,0692fa01,4.3,6.2,6.2,0:10:30,1:13:36,-,-,0,-,,,,,04,7,00000000,00,10,,,,,,,,,,,,,,,,,,,,,,,,,,,,
2025-10-09 10:35:52,,,,867488067677285,792,HBD,,,,,,,,,,,,,,,,,,,,,,,,,,,,,,,,,,,,,,,,,,,,,,,,,,,,,,,,,,,,,,,,,,,,,,,,,,,,,
2025-10-09 10:36:47,2025-10-09 10:36:48,2025-10-09 10:36:46,2025-10-09 10:36:46,867488067677285,794,GTERI,0x19fe3fbf,0x00028102,802003,0x8303,0x0115,4,12768,0000,-,00,00,11,12,12,-,01,01,0.0,0.0,106,106,567,567,-23.299992,-23.299992,-51.166337,-51.166337,0724,0005,9c6b,0692fa01,4.3,6.2,6.2,0:10:30,1:13:36,-,-,0,-,,,,,04,7,00000000,00,10,,,,,,,,,,,,,,,,,,,,,,,,,,,,
2025-10-09 10:37:52,,,,867488067677285,795,HBD,,,,,,,,,,,,,,,,,,,,,,,,,,,,,,,,,,,,,,,,,,,,,,,,,,,,,,,,,,,,,,,,,,,,,,,,,,,,,
2025-10-09 10:37:52,2025-10-09 10:37:53,2025-10-09 10:37:52,2025-10-09 10:37:52,867488067677285,796,GTERI,0x19fe3fbf,0x00028102,802003,0x8303,0x0115,4,12767,0000,-,00,00,11,12,12,-,01,01,0.0,0.0,106,106,567,567,-23.299992,-23.299992,-51.166337,-51.166337,0724,0005,9c6b,0692fa01,4.3,6.2,6.2,0:10:30,1:13:36,-,-,0,-,,,,,04,7,00000000,00,10,,,,,,,,,,,,,,,,,,,,,,,,,,,,
2025-10-09 10:39:53,,,,867488067677285,797,HBD,,,,,,,,,,,,,,,,,,,,,,,,,,,,,,,,,,,,,,,,,,,,,,,,,,,,,,,,,,,,,,,,,,,,,,,,,,,,,
2025-10-09 10:41:53,,,,867488067677285,798,HBD,,,,,,,,,,,,,,,,,,,,,,,,,,,,,,,,,,,,,,,,,,,,,,,,,,,,,,,,,,,,,,,,,,,,,,,,,,,,,
2025-10-09 10:43:54,,,,867488067677285,799,HBD,,,,,,,,,,,,,,,,,,,,,,,,,,,,,,,,,,,,,,,,,,,,,,,,,,,,,,,,,,,,,,,,,,,,,,,,,,,,,
2025-10-09 10:45:54,,,,867488067677285,800,HBD,,,,,,,,,,,,,,,,,,,,,,,,,,,,,,,,,,,,,,,,,,,,,,,,,,,,,,,,,,,,,,,,,,,,,,,,,,,,,
2025-10-09 10:47:55,,,,867488067677285,801,HBD,,,,,,,,,,,,,,,,,,,,,,,,,,,,,,,,,,,,,,,,,,,,,,,,,,,,,,,,,,,,,,,,,,,,,,,,,,,,,
2025-10-09 10:49:55,,,,867488067677285,802,HBD,,,,,,,,,,,,,,,,,,,,,,,,,,,,,,,,,,,,,,,,,,,,,,,,,,,,,,,,,,,,,,,,,,,,,,,,,,,,,
2025-10-09 10:51:56,,,,867488067677285,803,HBD,,,,,,,,,,,,,,,,,,,,,,,,,,,,,,,,,,,,,,,,,,,,,,,,,,,,,,,,,,,,,,,,,,,,,,,,,,,,,
2025-10-09 10:53:56,,,,867488067677285,804,HBD,,,,,,,,,,,,,,,,,,,,,,,,,,,,,,,,,,,,,,,,,,,,,,,,,,,,,,,,,,,,,,,,,,,,,,,,,,,,,
2025-10-09 10:55:57,,,,867488067677285,805,HBD,,,,,,,,,,,,,,,,,,,,,,,,,,,,,,,,,,,,,,,,,,,,,,,,,,,,,,,,,,,,,,,,,,,,,,,,,,,,,
2025-10-09 10:56:57,,,,867488067677285,806,HBD,,,,,,,,,,,,,,,,,,,,,,,,,,,,,,,,,,,,,,,,,,,,,,,,,,,,,,,,,,,,,,,,,,,,,,,,,,,,,
2025-10-09 10:58:57,,,,867488067677285,807,HBD,,,,,,,,,,,,,,,,,,,,,,,,,,,,,,,,,,,,,,,,,,,,,,,,,,,,,,,,,,,,,,,,,,,,,,,,,,,,,
2025-10-09 11:00:58,,,,867488067677285,808,HBD,,,,,,,,,,,,,,,,,,,,,,,,,,,,,,,,,,,,,,,,,,,,,,,,,,,,,,,,,,,,,,,,,,,,,,,,,,,,,
2025-10-09 11:02:58,,,,867488067677285,809,HBD,,,,,,,,,,,,,,,,,,,,,,,,,,,,,,,,,,,,,,,,,,,,,,,,,,,,,,,,,,,,,,,,,,,,,,,,,,,,,
2025-10-09 11:04:59,,,,867488067677285,810,HBD,,,,,,,,,,,,,,,,,,,,,,,,,,,,,,,,,,,,,,,,,,,,,,,,,,,,,,,,,,,,,,,,,,,,,,,,,,,,,
2025-10-09 11:06:59,,,,867488067677285,811,HBD,,,,,,,,,,,,,,,,,,,,,,,,,,,,,,,,,,,,,,,,,,,,,,,,,,,,,,,,,,,,,,,,,,,,,,,,,,,,,
2025-10-09 11:09:00,,,,867488067677285,812,HBD,,,,,,,,,,,,,,,,,,,,,,,,,,,,,,,,,,,,,,,,,,,,,,,,,,,,,,,,,,,,,,,,,,,,,,,,,,,,,
2025-10-09 11:11:00,,,,867488067677285,813,HBD,,,,,,,,,,,,,,,,,,,,,,,,,,,,,,,,,,,,,,,,,,,,,,,,,,,,,,,,,,,,,,,,,,,,,,,,,,,,,
2025-10-09 11:13:01,,,,867488067677285,814,HBD,,,,,,,,,,,,,,,,,,,,,,,,,,,,,,,,,,,,,,,,,,,,,,,,,,,,,,,,,,,,,,,,,,,,,,,,,,,,,
2025-10-09 11:15:01,,,,867488067677285,815,HBD,,,,,,,,,,,,,,,,,,,,,,,,,,,,,,,,,,,,,,,,,,,,,,,,,,,,,,,,,,,,,,,,,,,,,,,,,,,,,
2025-10-09 11:17:02,,,,867488067677285,816,HBD,,,,,,,,,,,,,,,,,,,,,,,,,,,,,,,,,,,,,,,,,,,,,,,,,,,,,,,,,,,,,,,,,,,,,,,,,,,,,
2025-10-09 11:19:02,,,,867488067677285,817,HBD,,,,,,,,,,,,,,,,,,,,,,,,,,,,,,,,,,,,,,,,,,,,,,,,,,,,,,,,,,,,,,,,,,,,,,,,,,,,,
2025-10-09 11:21:03,,,,867488067677285,818,HBD,,,,,,,,,,,,,,,,,,,,,,,,,,,,,,,,,,,,,,,,,,,,,,,,,,,,,,,,,,,,,,,,,,,,,,,,,,,,,
2025-10-09 11:23:03,,,,867488067677285,819,HBD,,,,,,,,,,,,,,,,,,,,,,,,,,,,,,,,,,,,,,,,,,,,,,,,,,,,,,,,,,,,,,,,,,,,,,,,,,,,,
2025-10-09 11:25:03,,,,867488067677285,820,HBD,,,,,,,,,,,,,,,,,,,,,,,,,,,,,,,,,,,,,,,,,,,,,,,,,,,,,,,,,,,,,,,,,,,,,,,,,,,,,
2025-10-09 11:27:04,,,,867488067677285,821,HBD,,,,,,,,,,,,,,,,,,,,,,,,,,,,,,,,,,,,,,,,,,,,,,,,,,,,,,,,,,,,,,,,,,,,,,,,,,,,,
2025-10-09 11:29:04,,,,867488067677285,822,HBD,,,,,,,,,,,,,,,,,,,,,,,,,,,,,,,,,,,,,,,,,,,,,,,,,,,,,,,,,,,,,,,,,,,,,,,,,,,,,
2025-10-09 11:31:05,,,,867488067677285,823,HBD,,,,,,,,,,,,,,,,,,,,,,,,,,,,,,,,,,,,,,,,,,,,,,,,,,,,,,,,,,,,,,,,,,,,,,,,,,,,,
2025-10-09 11:33:05,,,,867488067677285,824,HBD,,,,,,,,,,,,,,,,,,,,,,,,,,,,,,,,,,,,,,,,,,,,,,,,,,,,,,,,,,,,,,,,,,,,,,,,,,,,,
2025-10-09 11:35:06,,,,867488067677285,825,HBD,,,,,,,,,,,,,,,,,,,,,,,,,,,,,,,,,,,,,,,,,,,,,,,,,,,,,,,,,,,,,,,,,,,,,,,,,,,,,
2025-10-09 11:37:06,,,,867488067677285,826,HBD,,,,,,,,,,,,,,,,,,,,,,,,,,,,,,,,,,,,,,,,,,,,,,,,,,,,,,,,,,,,,,,,,,,,,,,,,,,,,
2025-10-09 11:37:46,2025-10-09 11:37:47,2025-10-09 11:35:19,2025-10-09 11:35:19,867488067677285,827,GTERI,0x19fe3fbf,0x00028102,802003,0x8303,0x0115,4,12782,0000,-,00,00,11,12,12,-,01,01,0.0,0.0,106,106,567,567,-23.299992,-23.299992,-51.166337,-51.166337,0724,0005,9c6b,0692fa01,4.3,6.2,6.2,0:10:30,1:13:36,-,-,0,-,,,,,04,7,00000000,00,10,,,,,,,,,,,,,,,,,,,,,,,,,,,,
2025-10-09 11:39:07,,,,867488067677285,828,HBD,,,,,,,,,,,,,,,,,,,,,,,,,,,,,,,,,,,,,,,,,,,,,,,,,,,,,,,,,,,,,,,,,,,,,,,,,,,,,
2025-10-09 11:41:07,,,,867488067677285,829,HBD,,,,,,,,,,,,,,,,,,,,,,,,,,,,,,,,,,,,,,,,,,,,,,,,,,,,,,,,,,,,,,,,,,,,,,,,,,,,,
2025-10-09 11:43:08,,,,867488067677285,830,HBD,,,,,,,,,,,,,,,,,,,,,,,,,,,,,,,,,,,,,,,,,,,,,,,,,,,,,,,,,,,,,,,,,,,,,,,,,,,,,
2025-10-09 11:45:08,,,,867488067677285,831,HBD,,,,,,,,,,,,,,,,,,,,,,,,,,,,,,,,,,,,,,,,,,,,,,,,,,,,,,,,,,,,,,,,,,,,,,,,,,,,,
2025-10-09 11:47:09,,,,867488067677285,832,HBD,,,,,,,,,,,,,,,,,,,,,,,,,,,,,,,,,,,,,,,,,,,,,,,,,,,,,,,,,,,,,,,,,,,,,,,,,,,,,
2025-10-09 11:49:09,,,,867488067677285,833,HBD,,,,,,,,,,,,,,,,,,,,,,,,,,,,,,,,,,,,,,,,,,,,,,,,,,,,,,,,,,,,,,,,,,,,,,,,,,,,,
2025-10-09 11:51:09,,,,867488067677285,834,HBD,,,,,,,,,,,,,,,,,,,,,,,,,,,,,,,,,,,,,,,,,,,,,,,,,,,,,,,,,,,,,,,,,,,,,,,,,,,,,
2025-10-09 11:53:10,,,,867488067677285,835,HBD,,,,,,,,,,,,,,,,,,,,,,,,,,,,,,,,,,,,,,,,,,,,,,,,,,,,,,,,,,,,,,,,,,,,,,,,,,,,,
2025-10-09 11:55:10,,,,867488067677285,836,HBD,,,,,,,,,,,,,,,,,,,,,,,,,,,,,,,,,,,,,,,,,,,,,,,,,,,,,,,,,,,,,,,,,,,,,,,,,,,,,
2025-10-09 11:57:11,,,,867488067677285,837,HBD,,,,,,,,,,,,,,,,,,,,,,,,,,,,,,,,,,,,,,,,,,,,,,,,,,,,,,,,,,,,,,,,,,,,,,,,,,,,,
2025-10-09 11:59:11,,,,867488067677285,838,HBD,,,,,,,,,,,,,,,,,,,,,,,,,,,,,,,,,,,,,,,,,,,,,,,,,,,,,,,,,,,,,,,,,,,,,,,,,,,,,
2025-10-09 11:59:18,2025-10-09 11:59:18,2025-10-09 11:35:19,2025-10-09 10:31:49,867488067677285,840,GTIGN,0x19fe7fbf,,802003,0x8303,0x0115,4,12446,0000,0000,01,00,21,12,12,5186,00,01,0.0,49.7,106,104,567,569,-23.299992,-23.298934,-51.166337,-51.168652,0724,0005,9c6b,0692fa01,0.0,6.2,5.9,0:00:00,1:13:36,-,-,0,-,,,,,,,,,,,,,,,,,,,,,,,,,,,,,,,,,,,,,
2025-10-09 11:59:18,2025-10-09 11:59:18,2025-10-09 11:35:19,2025-10-09 11:35:19,867488067677285,841,GTSTT,0x19fe7fbf,,802003,0x8303,0x0115,4,12446,0000,0000,01,00,21,12,12,-,00,00,0.0,0.0,106,106,567,567,-23.299992,-23.299992,-51.166337,-51.166337,0724,0005,9c6b,0692fa01,0.0,6.2,6.2,0:00:00,1:13:36,-,-,0,-,,,,,,,,,,,,,,,,,,,,,,,,,,,,,,,,,,,,,
2025-10-09 11:59:22,2025-10-09 11:59:22,2025-10-09 11:35:19,2025-10-09 11:35:19,867488067677285,842,GTSTT,0x19fe7fbf,,802003,0x8303,0x0115,4,12446,0000,0000,01,00,22,12,12,-,00,00,0.0,0.0,106,106,567,567,-23.299992,-23.299992,-51.166337,-51.166337,0724,0005,9c6b,0692fa01,0.0,6.2,6.2,0:00:03,1:13:39,-,-,0,-,,,,,,,,,,,,,,,,,,,,,,,,,,,,,,,,,,,,,
2025-10-09 11:59:28,2025-10-09 11:59:29,2025-10-09 11:59:28,2025-10-09 11:59:28,867488067677285,843,GTERI,0x19fe3fbf,0x00028102,802003,0x8303,0x0115,4,13936,0000,-,01,00,22,12,12,-,01,01,0.0,0.0,106,106,569,569,-23.299983,-23.299983,-51.16634,-51.16634,0724,0005,9c6b,0692fa01,0.0,6.2,6.2,0:00:09,1:13:45,-,-,0,-,,,,,04,7,00000000,00,10,,,,,,,,,,,,,,,,,,,,,,,,,,,,
2025-10-09 11:59:28,2025-10-09 11:59:29,2025-10-09 11:59:28,2025-10-09 11:59:28,867488067677285,844,GTIGL,0x19fe7fbf,,802003,0x8303,0x0115,4,13936,0000,0000,01,00,22,12,12,-,01,01,0.0,0.0,106,106,569,569,-23.299983,-23.299983,-51.16634,-51.16634,0724,0005,9c6b,0692fa01,0.0,6.2,6.2,0:00:09,1:13:45,-,-,0,-,,,,,,,,,00,,,,,,,,,,,,,,,,,,,,,,,,,,,,
2025-10-09 12:00:32,2025-10-09 12:00:33,2025-10-09 12:00:32,2025-10-09 12:00:32,867488067677285,845,GTSTT,0x19fe7fbf,,802003,0x8303,0x0115,4,13890,0000,0000,01,00,21,12,12,-,01,01,0.0,0.0,106,106,569,569,-23.299983,-23.299983,-51.16634,-51.16634,0724,0005,9c6b,0692fa01,0.0,6.2,6.2,0:01:12,1:14:48,-,-,0,-,,,,,,,,,,,,,,,,,,,,,,,,,,,,,,,,,,,,,
2025-10-09 12:01:12,,,,867488067677285,846,HBD,,,,,,,,,,,,,,,,,,,,,,,,,,,,,,,,,,,,,,,,,,,,,,,,,,,,,,,,,,,,,,,,,,,,,,,,,,,,,
2025-10-09 12:01:32,2025-10-09 12:01:33,2025-10-09 12:01:32,2025-10-09 12:01:32,867488067677285,848,GTSTT,0x19fe7fbf,,802003,0x8303,0x0115,4,13997,0000,0000,01,00,22,12,12,-,01,01,0.0,0.0,106,106,569,569,-23.299983,-23.299983,-51.16634,-51.16634,0724,0005,9c6b,0692fa01,0.0,6.2,6.2,0:02:15,1:15:51,-,-,0,-,,,,,,,,,,,,,,,,,,,,,,,,,,,,,,,,,,,,,
2025-10-09 12:02:21,2025-10-09 12:02:18,2025-10-09 12:02:17,2025-10-09 12:01:58,867488067677285,849,GTBTC,0x19fe7fbf,,802003,0x8303,0x0115,4,13999,0000,0000,01,00,22,12,12,-,01,01,16.2,35.2,179,268,584,581,-23.301095,-23.30073,-51.167357,-51.166865,0724,0005,9c6b,0692fa01,0.2,6.4,6.3,0:03:00,1:16:36,-,-,0,-,,,,,,,,,,,,,,,,,,,,,,,,,,,,,,,,,,,,,
2025-10-09 12:02:27,2025-10-09 12:02:28,2025-10-09 12:02:26,2025-10-09 12:02:24,867488067677285,850,GTERI,0x19fe3fbf,0x00028102,802003,0x8303,0x0115,5,13933,0000,-,01,00,22,12,12,-,01,01,12.0,30.4,218,186,589,588,-23.301637,-23.301547,-51.167402,-51.167357,0724,0005,9c6b,06933900,0.3,6.5,6.4,0:03:09,1:16:45,-,-,0,-,,,,,04,7,00000000,00,10,,,,,,,,,,,,,,,,,,,,,,,,,,,,
2025-10-09 12:03:12,,,,867488067677285,851,HBD,,,,,,,,,,,,,,,,,,,,,,,,,,,,,,,,,,,,,,,,,,,,,,,,,,,,,,,,,,,,,,,,,,,,,,,,,,,,,
2025-10-09 12:03:23,,,,867488067677285,853,ACK,,,,,,,,,,,,,,,,,,,,,,,,,,,,,,,,,,,,,,,,,,,,,,,,,,,,,,,,,,,,,,,,,,,,,,,,,,,,,
2025-10-09 12:03:24,,,,867488067677285,854,ACK,,,,,,,,,,,,,,,,,,,,,,,,,,,,,,,,,,,,,,,,,,,,,,,,,,,,,,,,,,,,,,,,,,,,,,,,,,,,,
2025-10-09 12:03:24,,,,867488067677285,855,ACK,,,,,,,,,,,,,,,,,,,,,,,,,,,,,,,,,,,,,,,,,,,,,,,,,,,,,,,,,,,,,,,,,,,,,,,,,,,,,
2025-10-09 12:05:59,,,,867488067677285,856,HBD,,,,,,,,,,,,,,,,,,,,,,,,,,,,,,,,,,,,,,,,,,,,,,,,,,,,,,,,,,,,,,,,,,,,,,,,,,,,,
2025-10-09 12:05:59,2025-10-09 12:05:28,2025-10-09 12:05:26,2025-10-09 12:04:35,867488067677285,858,GTERI,0x19fe3fbf,0x00028102,802003,0x8303,0x0115,43,13963,0000,-,01,00,22,12,12,-,01,01,48.8,54.0,271,294,604,600,-23.297004,-23.297763,-51.183901,-51.179731,0724,0005,9c6b,0690bc0a,2.1,8.3,7.8,0:06:09,1:19:45,-,-,0,-,,,,,04,28,00000000,00,10,,,,,,,,,,,,,,,,,,,,,,,,,,,,
2025-10-09 12:05:59,,,,867488067677285,860,HBD,,,,,,,,,,,,,,,,,,,,,,,,,,,,,,,,,,,,,,,,,,,,,,,,,,,,,,,,,,,,,,,,,,,,,,,,,,,,,
2025-10-09 12:08:50,,,,867488067677285,862,HBD,,,,,,,,,,,,,,,,,,,,,,,,,,,,,,,,,,,,,,,,,,,,,,,,,,,,,,,,,,,,,,,,,,,,,,,,,,,,,
2025-10-09 12:08:50,,,,867488067677285,862,HBD,,,,,,,,,,,,,,,,,,,,,,,,,,,,,,,,,,,,,,,,,,,,,,,,,,,,,,,,,,,,,,,,,,,,,,,,,,,,,
2025-10-09 12:08:50,2025-10-09 12:08:28,2025-10-09 12:08:26,2025-10-09 12:05:28,867488067677285,863,GTERI,0x19fe3fbf,0x00028102,802003,0x8303,0x0115,44,13945,0000,-,01,00,22,12,12,-,01,01,41.4,50.2,224,271,590,603,-23.300759,-23.296998,-51.194076,-51.184172,0724,0005,a053,06900d1d,3.5,9.7,8.3,0:09:09,1:22:45,-,-,0,-,,,,,04,1,00000000,00,10,,,,,,,,,,,,,,,,,,,,,,,,,,,,
2025-10-09 12:10:16,,,,867488067677285,865,HBD,,,,,,,,,,,,,,,,,,,,,,,,,,,,,,,,,,,,,,,,,,,,,,,,,,,,,,,,,,,,,,,,,,,,,,,,,,,,,
2025-10-09 12:11:28,2025-10-09 12:11:28,2025-10-09 12:11:26,2025-10-09 12:10:43,867488067677285,866,GTERI,0x19fe3fbf,0x00028102,802003,0x8303,0x0115,45,13848,0000,-,01,00,22,12,12,-,01,01,0.0,48.1,224,226,593,612,-23.309751,-23.307123,-51.203785,-51.200917,0724,0005,a053,0690091c,4.9,11.1,10.7,0:12:09,1:25:45,-,-,0,-,,,,,04,1,00000000,00,10,,,,,,,,,,,,,,,,,,,,,,,,,,,,
2025-10-09 12:12:16,,,,867488067677285,868,HBD,,,,,,,,,,,,,,,,,,,,,,,,,,,,,,,,,,,,,,,,,,,,,,,,,,,,,,,,,,,,,,,,,,,,,,,,,,,,,
2025-10-09 12:14:17,,,,867488067677285,870,HBD,,,,,,,,,,,,,,,,,,,,,,,,,,,,,,,,,,,,,,,,,,,,,,,,,,,,,,,,,,,,,,,,,,,,,,,,,,,,,
2025-10-09 12:14:28,2025-10-09 12:14:28,2025-10-09 12:14:26,2025-10-09 12:14:12,867488067677285,871,GTERI,0x19fe3fbf,0x00028102,802003,0x8303,0x0115,47,13934,0000,-,01,00,22,12,12,-,01,01,62.2,68.6,315,224,610,605,-23.318086,-23.317973,-51.213654,-51.212456,0724,0005,a053,06900909,6.3,12.5,12.3,0:15:09,1:28:45,-,-,0,-,,,,,04,28,00000000,00,10,,,,,,,,,,,,,,,,,,,,,,,,,,,,
2025-10-09 12:16:16,,,,867488067677285,873,HBD,,,,,,,,,,,,,,,,,,,,,,,,,,,,,,,,,,,,,,,,,,,,,,,,,,,,,,,,,,,,,,,,,,,,,,,,,,,,,
2025-10-09 12:16:45,2025-10-09 12:16:46,2025-10-09 12:16:45,2025-10-09 12:14:33,867488067677285,874,GTSTT,0x19fe7fbf,,802003,0x8303,0x0115,48,13876,0000,0000,01,00,21,12,12,-,01,01,0.0,92.5,315,316,628,613,-23.313679,-23.317072,-51.217822,-51.214707,0724,0005,a053,0692d71d,7.0,13.2,12.7,0:17:27,1:31:03,-,-,0,-,,,,,,,,,,,,,,,,,,,,,,,,,,,,,,,,,,,,,
2025-10-09 12:17:27,2025-10-09 12:17:28,2025-10-09 12:17:26,2025-10-09 12:17:27,867488067677285,875,GTERI,0x19fe3fbf,0x00028102,802003,0x8303,0x0115,49,13936,0000,-,01,00,21,12,12,-,01,01,0.0,0.0,315,315,628,628,-23.313679,-23.313679,-51.217822,-51.217822,0724,0005,a053,0692d71d,7.0,13.2,13.2,0:18:09,1:31:45,-,-,0,-,,,,,04,1,00000000,00,10,,,,,,,,,,,,,,,,,,,,,,,,,,,,
2025-10-09 12:18:13,,,,867488067677285,877,HBD,,,,,,,,,,,,,,,,,,,,,,,,,,,,,,,,,,,,,,,,,,,,,,,,,,,,,,,,,,,,,,,,,,,,,,,,,,,,,
2025-10-09 12:18:13,2025-10-09 12:18:14,2025-10-09 12:18:12,2025-10-09 12:18:12,867488067677285,878,GTIGF,0x19fe7fbf,,802003,0x8303,0x0115,49,13915,0000,0000,00,00,11,12,12,1136,01,01,0.0,0.0,315,315,628,628,-23.313679,-23.313679,-51.217822,-51.217822,0724,0005,a053,0692d700,7.0,13.2,13.2,0:18:54,1:32:30,-,-,0,-,,,,,,,,,,,,,,,,,,,,,,,,,,,,,,,,,,,,,
2025-10-09 12:18:14,2025-10-09 12:18:14,2025-10-09 12:18:12,2025-10-09 12:18:12,867488067677285,879,GTSTT,0x19fe7fbf,,802003,0x8303,0x0115,49,13915,0000,0000,00,00,11,12,12,-,01,01,0.0,0.0,315,315,628,628,-23.313679,-23.313679,-51.217822,-51.217822,0724,0005,a053,0692d700,7.0,13.2,13.2,0:18:54,1:32:30,-,-,0,-,,,,,,,,,,,,,,,,,,,,,,,,,,,,,,,,,,,,,
2025-10-09 12:18:14,2025-10-09 12:18:14,2025-10-09 12:18:13,2025-10-09 12:18:13,867488067677285,880,GTSTC,0x19fe7fbf,,802003,0x8303,0x0115,49,13915,0000,0000,00,00,11,12,12,-,01,01,0.0,0.0,315,315,628,628,-23.313679,-23.313679,-51.217822,-51.217822,0724,0005,a053,0692d700,7.0,13.2,13.2,0:18:54,1:32:30,-,-,0,-,,,,,,,,,,,,,,,,,,,,,,,,,,,,,,,,,,,,,
2025-10-09 12:18:15,2025-10-09 12:18:15,2025-10-09 12:18:14,2025-10-09 12:18:14,867488067677285,881,GTIGL,0x19fe7fbf,,802003,0x8303,0x0115,49,13173,0000,0000,00,00,11,12,12,-,01,01,0.0,0.0,315,315,628,628,-23.313679,-23.313679,-51.217822,-51.217822,0724,0005,a053,0692d700,7.0,13.2,13.2,0:18:54,1:32:30,-,-,0,-,,,,,,,,,01,,,,,,,,,,,,,,,,,,,,,,,,,,,,
2025-10-09 12:18:16,,,,867488067677285,882,ACK,,,,,,,,,,,,,,,,,,,,,,,,,,,,,,,,,,,,,,,,,,,,,,,,,,,,,,,,,,,,,,,,,,,,,,,,,,,,,
2025-10-09 12:18:16,,,,867488067677285,883,ACK,,,,,,,,,,,,,,,,,,,,,,,,,,,,,,,,,,,,,,,,,,,,,,,,,,,,,,,,,,,,,,,,,,,,,,,,,,,,,
2025-10-09 12:20:17,,,,867488067677285,885,HBD,,,,,,,,,,,,,,,,,,,,,,,,,,,,,,,,,,,,,,,,,,,,,,,,,,,,,,,,,,,,,,,,,,,,,,,,,,,,,
2025-10-09 12:20:27,2025-10-09 12:20:28,2025-10-09 12:20:26,2025-10-09 12:20:26,867488067677285,886,GTERI,0x19fe3fbf,0x00028102,802003,0x8303,0x0115,26,12827,0000,-,00,00,11,12,12,-,01,01,0.0,0.0,315,315,628,628,-23.313679,-23.313679,-51.217822,-51.217822,0724,0005,a053,0692d704,7.0,13.2,13.2,0:18:54,1:32:30,-,-,0,-,,,,,04,3,00000000,00,10,,,,,,,,,,,,,,,,,,,,,,,,,,,,
2025-10-09 12:21:50,2025-10-09 12:21:51,2025-10-09 12:21:50,2025-10-09 12:21:50,867488067677285,888,GTIGN,0x19fe7fbf,,802003,0x8303,0x0115,24,12860,0000,0000,01,00,22,12,12,217,01,01,0.0,0.0,315,315,628,628,-23.313679,-23.313679,-51.217822,-51.217822,0724,0005,a053,0692d704,0.0,13.2,13.2,0:00:00,1:32:30,-,-,0,-,,,,,,,,,,,,,,,,,,,,,,,,,,,,,,,,,,,,,
2025-10-09 12:21:51,2025-10-09 12:21:51,2025-10-09 12:21:50,2025-10-09 12:21:50,867488067677285,889,GTSTT,0x19fe7fbf,,802003,0x8303,0x0115,24,12860,0000,0000,01,00,22,12,12,-,01,01,0.0,0.0,315,315,628,628,-23.313679,-23.313679,-51.217822,-51.217822,0724,0005,a053,0692d704,0.0,13.2,13.2,0:00:00,1:32:30,-,-,0,-,,,,,,,,,,,,,,,,,,,,,,,,,,,,,,,,,,,,,
2025-10-09 12:21:51,2025-10-09 12:21:52,2025-10-09 12:21:51,2025-10-09 12:21:51,867488067677285,890,GTIGL,0x19fe7fbf,,802003,0x8303,0x0115,24,12636,0000,0000,01,00,22,12,12,-,01,01,0.0,0.0,315,315,628,628,-23.313679,-23.313679,-51.217822,-51.217822,0724,0005,a053,0692d704,0.0,13.2,13.2,0:00:00,1:32:30,-,-,0,-,,,,,,,,,00,,,,,,,,,,,,,,,,,,,,,,,,,,,,
2025-10-09 12:22:18,,,,867488067677285,891,HBD,,,,,,,,,,,,,,,,,,,,,,,,,,,,,,,,,,,,,,,,,,,,,,,,,,,,,,,,,,,,,,,,,,,,,,,,,,,,,
2025-10-09 12:23:27,2025-10-09 12:23:28,2025-10-09 12:23:26,2025-10-09 12:22:38,867488067677285,892,GTERI,0x19fe3fbf,0x00028102,802003,0x8303,0x0115,23,13889,0000,-,01,00,22,12,12,-,01,01,0.0,27.8,315,44,624,624,-23.311905,-23.312674,-51.217674,-51.217138,0724,0005,a053,06900906,0.2,13.4,13.3,0:01:36,1:34:06,-,-,0,-,,,,,04,3,00000000,00,10,,,,,,,,,,,,,,,,,,,,,,,,,,,,
2025-10-09 12:24:10,,,,867488067677285,894,HBD,,,,,,,,,,,,,,,,,,,,,,,,,,,,,,,,,,,,,,,,,,,,,,,,,,,,,,,,,,,,,,,,,,,,,,,,,,,,,
2025-10-09 12:24:10,2025-10-09 12:24:11,2025-10-09 12:24:10,2025-10-09 12:24:10,867488067677285,895,GTSTT,0x19fe7fbf,,802003,0x8303,0x0115,22,13968,0000,0000,01,00,21,12,12,-,01,01,0.0,0.0,315,315,624,624,-23.311905,-23.311905,-51.217674,-51.217674,0724,0005,a053,06900906,0.2,13.4,13.4,0:02:18,1:34:48,-,-,0,-,,,,,,,,,,,,,,,,,,,,,,,,,,,,,,,,,,,,,
2025-10-09 12:24:52,2025-10-09 12:24:52,2025-10-09 12:24:51,2025-10-09 12:24:51,867488067677285,896,GTBTC,0x19fe7fbf,,802003,0x8303,0x0115,22,13932,0000,0000,01,00,21,12,12,-,01,01,0.0,0.0,315,315,624,624,-23.311905,-23.311905,-51.217674,-51.217674,0724,0005,a053,06900906,0.2,13.4,13.4,0:03:00,1:35:30,-,-,0,-,,,,,,,,,,,,,,,,,,,,,,,,,,,,,,,,,,,,,
2025-10-09 12:25:55,,,,867488067677285,898,ACK,,,,,,,,,,,,,,,,,,,,,,,,,,,,,,,,,,,,,,,,,,,,,,,,,,,,,,,,,,,,,,,,,,,,,,,,,,,,,
2025-10-09 12:25:56,,,,867488067677285,899,ACK,,,,,,,,,,,,,,,,,,,,,,,,,,,,,,,,,,,,,,,,,,,,,,,,,,,,,,,,,,,,,,,,,,,,,,,,,,,,,
2025-10-09 12:25:56,,,,867488067677285,900,ACK,,,,,,,,,,,,,,,,,,,,,,,,,,,,,,,,,,,,,,,,,,,,,,,,,,,,,,,,,,,,,,,,,,,,,,,,,,,,,
2025-10-09 12:26:19,,,,867488067677285,901,HBD,,,,,,,,,,,,,,,,,,,,,,,,,,,,,,,,,,,,,,,,,,,,,,,,,,,,,,,,,,,,,,,,,,,,,,,,,,,,,
2025-10-09 12:26:27,2025-10-09 12:26:28,2025-10-09 12:26:26,2025-10-09 12:26:27,867488067677285,903,GTERI,0x19fe3fbf,0x00028102,802003,0x8303,0x0115,46,13862,0000,-,01,00,21,12,12,-,01,01,0.0,0.0,315,315,624,624,-23.311905,-23.311905,-51.217674,-51.217674,0724,0005,a053,06900906,0.2,13.4,13.4,0:04:36,1:37:06,-,-,0,-,,,,,04,3,00000000,00,10,,,,,,,,,,,,,,,,,,,,,,,,,,,,
2025-10-09 12:28:19,,,,867488067677285,904,HBD,,,,,,,,,,,,,,,,,,,,,,,,,,,,,,,,,,,,,,,,,,,,,,,,,,,,,,,,,,,,,,,,,,,,,,,,,,,,,
2025-10-09 12:29:27,2025-10-09 12:29:28,2025-10-09 12:29:25,2025-10-09 12:29:27,867488067677285,906,GTERI,0x19fe3fbf,0x00028102,802003,0x8303,0x0115,50,13880,0000,-,01,00,21,12,12,-,01,01,0.0,0.0,315,315,624,624,-23.311905,-23.311905,-51.217674,-51.217674,0724,0005,a053,06900906,0.2,13.4,13.4,0:07:36,1:40:06,-,-,0,-,,,,,04,3,00000000,00,10,,,,,,,,,,,,,,,,,,,,,,,,,,,,
2025-10-09 12:30:20,,,,867488067677285,907,HBD,,,,,,,,,,,,,,,,,,,,,,,,,,,,,,,,,,,,,,,,,,,,,,,,,,,,,,,,,,,,,,,,,,,,,,,,,,,,,
2025-10-09 12:30:41,2025-10-09 12:30:41,2025-10-09 12:30:40,2025-10-09 12:30:40,867488067677285,909,GTSTT,0x19fe7fbf,,802003,0x8303,0x0115,52,13970,0000,0000,01,00,22,12,12,-,01,01,0.0,0.0,315,315,624,624,-23.311905,-23.311905,-51.217674,-51.217674,0724,0005,a053,06900906,0.2,13.4,13.4,0:08:48,1:41:18,-,-,0,-,,,,,,,,,,,,,,,,,,,,,,,,,,,,,,,,,,,,,
2025-10-09 12:32:20,,,,867488067677285,910,HBD,,,,,,,,,,,,,,,,,,,,,,,,,,,,,,,,,,,,,,,,,,,,,,,,,,,,,,,,,,,,,,,,,,,,,,,,,,,,,
2025-10-09 12:32:27,2025-10-09 12:32:28,2025-10-09 12:32:26,2025-10-09 12:31:22,867488067677285,912,GTERI,0x19fe3fbf,0x00028102,802003,0x8303,0x0115,54,13965,0000,-,01,00,22,12,12,-,01,01,31.3,47.9,54,133,617,622,-23.311874,-23.311542,-51.2163,-51.217238,0724,0005,a053,0690091e,0.5,13.7,13.5,0:10:36,1:43:06,-,-,0,-,,,,,04,1,00000000,00,10,,,,,,,,,,,,,,,,,,,,,,,,,,,,
2025-10-09 12:34:21,,,,867488067677285,913,HBD,,,,,,,,,,,,,,,,,,,,,,,,,,,,,,,,,,,,,,,,,,,,,,,,,,,,,,,,,,,,,,,,,,,,,,,,,,,,,
2025-10-09 12:35:27,2025-10-09 12:35:28,2025-10-09 12:35:26,2025-10-09 12:34:23,867488067677285,915,GTERI,0x19fe3fbf,0x00028102,802003,0x8303,0x0115,57,13845,0000,-,01,00,22,12,12,-,01,01,0.0,53.9,54,44,612,587,-23.301002,-23.304654,-51.205255,-51.209183,0724,0005,a053,06900a1c,2.3,15.5,14.9,0:13:36,1:46:06,-,-,0,-,,,,,04,1,00000000,00,10,,,,,,,,,,,,,,,,,,,,,,,,,,,,
2025-10-09 12:36:21,,,,867488067677285,916,HBD,,,,,,,,,,,,,,,,,,,,,,,,,,,,,,,,,,,,,,,,,,,,,,,,,,,,,,,,,,,,,,,,,,,,,,,,,,,,,
2025-10-09 12:38:23,,,,867488067677285,918,HBD,,,,,,,,,,,,,,,,,,,,,,,,,,,,,,,,,,,,,,,,,,,,,,,,,,,,,,,,,,,,,,,,,,,,,,,,,,,,,
2025-10-09 12:38:29,2025-10-09 12:38:28,2025-10-09 12:38:26,2025-10-09 12:37:19,867488067677285,920,GTERI,0x19fe3fbf,0x00028102,802003,0x8303,0x0115,60,13940,0000,-,01,00,22,12,12,-,01,01,27.1,56.1,279,98,611,609,-23.297529,-23.297721,-51.197942,-51.199588,0724,0005,a053,06900d1e,3.6,16.7,16.2,0:16:36,1:49:06,-,-,0,-,,,,,04,1,00000000,00,10,,,,,,,,,,,,,,,,,,,,,,,,,,,,
2025-10-09 12:39:41,2025-10-09 12:39:40,2025-10-09 12:39:38,2025-10-09 12:39:38,867488067677285,921,GTIGF,0x19fe7fbf,,802003,0x8303,0x0115,60,12963,0000,0000,00,00,12,12,12,1069,01,01,0.0,0.0,279,279,610,610,-23.297286,-23.297286,-51.197606,-51.197606,0724,0005,a053,06900a1c,3.7,16.9,16.9,0:17:48,1:50:18,-,-,0,-,,,,,,,,,,,,,,,,,,,,,,,,,,,,,,,,,,,,,
2025-10-09 12:39:41,2025-10-09 12:39:40,2025-10-09 12:39:38,2025-10-09 12:39:38,867488067677285,922,GTSTT,0x19fe7fbf,,802003,0x8303,0x0115,60,12963,0000,0000,00,00,12,12,12,-,01,01,0.0,0.0,279,279,610,610,-23.297286,-23.297286,-51.197606,-51.197606,0724,0005,a053,06900a1c,3.7,16.9,16.9,0:17:48,1:50:18,-,-,0,-,,,,,,,,,,,,,,,,,,,,,,,,,,,,,,,,,,,,,
2025-10-09 12:39:41,2025-10-09 12:39:40,2025-10-09 12:39:39,2025-10-09 12:39:39,867488067677285,923,GTIGL,0x19fe7fbf,,802003,0x8303,0x0115,60,12963,0000,0000,00,00,12,12,12,-,01,01,0.0,0.0,279,279,610,610,-23.297286,-23.297286,-51.197606,-51.197606,0724,0005,a053,06900a1c,3.7,16.9,16.9,0:17:48,1:50:18,-,-,0,-,,,,,,,,,01,,,,,,,,,,,,,,,,,,,,,,,,,,,,
2025-10-09 12:39:42,2025-10-09 12:39:40,2025-10-09 12:39:39,2025-10-09 12:39:39,867488067677285,924,GTSTC,0x19fe7fbf,,802003,0x8303,0x0115,60,12963,0000,0000,00,00,12,12,12,-,00,00,0.0,0.0,279,279,610,610,-23.297286,-23.297286,-51.197606,-51.197606,0724,0005,a053,06900a1c,3.7,16.9,16.9,0:17:48,1:50:18,-,-,0,-,,,,,,,,,,,,,,,,,,,,,,,,,,,,,,,,,,,,,
2025-10-09 12:39:43,,,,867488067677285,925,ACK,,,,,,,,,,,,,,,,,,,,,,,,,,,,,,,,,,,,,,,,,,,,,,,,,,,,,,,,,,,,,,,,,,,,,,,,,,,,,
2025-10-09 12:39:43,,,,867488067677285,926,ACK,,,,,,,,,,,,,,,,,,,,,,,,,,,,,,,,,,,,,,,,,,,,,,,,,,,,,,,,,,,,,,,,,,,,,,,,,,,,,
2025-10-09 12:40:05,,,,867488067677285,927,HBD,,,,,,,,,,,,,,,,,,,,,,,,,,,,,,,,,,,,,,,,,,,,,,,,,,,,,,,,,,,,,,,,,,,,,,,,,,,,,
2025-10-09 12:40:05,2025-10-09 12:40:05,2025-10-09 12:40:04,2025-10-09 12:40:04,867488067677285,928,GTSTT,0x19fe7fbf,,802003,0x8303,0x0115,51,12927,0000,0000,00,00,11,12,12,-,01,01,0.0,0.0,224,224,610,610,-23.297286,-23.297286,-51.197606,-51.197606,0724,0005,a053,06900d00,3.7,16.9,16.9,0:17:48,1:50:18,-,-,0,-,,,,,,,,,,,,,,,,,,,,,,,,,,,,,,,,,,,,,
2025-10-09 12:41:27,2025-10-09 12:41:28,2025-10-09 12:41:26,2025-10-09 12:41:26,867488067677285,930,GTERI,0x19fe3fbf,0x00028102,802003,0x8303,0x0115,42,12973,0000,-,00,00,11,12,12,-,01,01,0.0,0.0,224,224,610,610,-23.297286,-23.297286,-51.197606,-51.197606,0724,0005,a053,06900d00,3.7,16.9,16.9,0:17:48,1:50:18,-,-,0,-,,,,,04,7,00000000,00,10,,,,,,,,,,,,,,,,,,,,,,,,,,,,
2025-10-09 12:42:23,,,,867488067677285,931,HBD,,,,,,,,,,,,,,,,,,,,,,,,,,,,,,,,,,,,,,,,,,,,,,,,,,,,,,,,,,,,,,,,,,,,,,,,,,,,,
2025-10-09 12:46:48,,,,867488067677285,932,HBD,,,,,,,,,,,,,,,,,,,,,,,,,,,,,,,,,,,,,,,,,,,,,,,,,,,,,,,,,,,,,,,,,,,,,,,,,,,,,
2025-10-09 12:46:49,2025-10-09 12:44:28,2025-10-09 12:44:26,2025-10-09 12:44:26,867488067677285,933,GTERI,0x19fe3fbf,0x00028102,802003,0x8303,0x0115,39,12941,0000,-,00,00,11,12,12,-,01,01,0.0,0.0,224,224,610,610,-23.297286,-23.297286,-51.197606,-51.197606,0724,0005,a053,06900a1c,3.7,16.9,16.9,0:17:48,1:50:18,-,-,0,-,,,,,04,1,00000000,00,10,,,,,,,,,,,,,,,,,,,,,,,,,,,,
2025-10-09 12:46:49,2025-10-09 12:44:40,2025-10-09 12:44:39,2025-10-09 12:44:39,867488067677285,934,GTERI,0x19fe3fbf,0x00028102,802003,0x8303,0x0115,39,12941,0000,-,00,00,11,12,12,-,01,01,0.0,0.0,224,224,610,610,-23.297286,-23.297286,-51.197606,-51.197606,0724,0005,a053,06900a1c,3.7,16.9,16.9,0:17:48,1:50:18,-,-,0,-,,,,,04,1,00000000,00,10,,,,,,,,,,,,,,,,,,,,,,,,,,,,
2025-10-09 12:46:50,,,,867488067677285,935,HBD,,,,,,,,,,,,,,,,,,,,,,,,,,,,,,,,,,,,,,,,,,,,,,,,,,,,,,,,,,,,,,,,,,,,,,,,,,,,,
2025-10-09 12:46:50,2025-10-09 12:46:09,2025-10-09 12:44:39,2025-10-09 12:44:39,867488067677285,936,GTPDP,0x19fe7fbf,,802003,0x8303,0x0115,39,13005,0000,0000,00,00,11,12,12,-,00,00,0.0,0.0,224,224,610,610,-23.297286,-23.297286,-51.197606,-51.197606,0724,0005,a053,06900a1c,3.7,16.9,16.9,0:17:48,1:50:18,-,-,0,-,,,,,,,,,,,,,,,,,,,,,,,,,,,,,,,,,,,,,
2025-10-09 12:46:51,,,,867488067677285,937,HBD,,,,,,,,,,,,,,,,,,,,,,,,,,,,,,,,,,,,,,,,,,,,,,,,,,,,,,,,,,,,,,,,,,,,,,,,,,,,,
2025-10-09 12:49:26,,,,867488067677285,938,HBD,,,,,,,,,,,,,,,,,,,,,,,,,,,,,,,,,,,,,,,,,,,,,,,,,,,,,,,,,,,,,,,,,,,,,,,,,,,,,
2025-10-09 12:51:27,,,,867488067677285,939,HBD,,,,,,,,,,,,,,,,,,,,,,,,,,,,,,,,,,,,,,,,,,,,,,,,,,,,,,,,,,,,,,,,,,,,,,,,,,,,,
2025-10-09 12:53:27,,,,867488067677285,940,HBD,,,,,,,,,,,,,,,,,,,,,,,,,,,,,,,,,,,,,,,,,,,,,,,,,,,,,,,,,,,,,,,,,,,,,,,,,,,,,
2025-10-09 12:55:27,,,,867488067677285,941,HBD,,,,,,,,,,,,,,,,,,,,,,,,,,,,,,,,,,,,,,,,,,,,,,,,,,,,,,,,,,,,,,,,,,,,,,,,,,,,,
2025-10-09 12:57:28,,,,867488067677285,942,HBD,,,,,,,,,,,,,,,,,,,,,,,,,,,,,,,,,,,,,,,,,,,,,,,,,,,,,,,,,,,,,,,,,,,,,,,,,,,,,
2025-10-09 12:59:28,,,,867488067677285,943,HBD,,,,,,,,,,,,,,,,,,,,,,,,,,,,,,,,,,,,,,,,,,,,,,,,,,,,,,,,,,,,,,,,,,,,,,,,,,,,,
2025-10-09 13:00:58,,,,867488067677285,944,HBD,,,,,,,,,,,,,,,,,,,,,,,,,,,,,,,,,,,,,,,,,,,,,,,,,,,,,,,,,,,,,,,,,,,,,,,,,,,,,
2025-10-09 13:00:58,2025-10-09 13:00:59,2025-10-09 12:44:39,2025-10-09 12:38:50,867488067677285,946,GTIGN,0x19fe7fbf,,802003,0x8303,0x0115,36,12758,0000,0000,01,00,21,12,12,1279,00,01,0.0,28.9,224,126,610,613,-23.297286,-23.297115,-51.197606,-51.198164,0724,0005,a053,06900d00,0.0,16.9,16.8,0:00:00,1:50:18,-,-,0,-,,,,,,,,,,,,,,,,,,,,,,,,,,,,,,,,,,,,,
2025-10-09 13:00:59,2025-10-09 13:00:59,2025-10-09 12:44:39,2025-10-09 12:44:39,867488067677285,947,GTSTT,0x19fe7fbf,,802003,0x8303,0x0115,36,12758,0000,0000,01,00,21,12,12,-,00,00,0.0,0.0,224,224,610,610,-23.297286,-23.297286,-51.197606,-51.197606,0724,0005,a053,06900d00,0.0,16.9,16.9,0:00:00,1:50:18,-,-,0,-,,,,,,,,,,,,,,,,,,,,,,,,,,,,,,,,,,,,,
2025-10-09 13:01:22,2025-10-09 13:01:23,2025-10-09 13:01:22,2025-10-09 13:01:22,867488067677285,948,GTERI,0x19fe3fbf,0x00028102,802003,0x8303,0x0115,35,12752,0000,-,01,00,21,12,12,-,01,01,3.2,3.2,125,125,659,659,-23.297356,-23.297356,-51.197405,-51.197405,0724,0005,a053,06900d00,0.0,16.9,16.9,0:00:24,1:50:42,-,-,0,-,,,,,04,7,00000000,00,10,,,,,,,,,,,,,,,,,,,,,,,,,,,,
2025-10-09 13:01:22,2025-10-09 13:01:23,2025-10-09 13:01:22,2025-10-09 13:01:22,867488067677285,949,GTIGL,0x19fe7fbf,,802003,0x8303,0x0115,35,12752,0000,0000,01,00,21,12,12,-,01,01,3.2,3.2,125,125,659,659,-23.297356,-23.297356,-51.197405,-51.197405,0724,0005,a053,06900d00,0.0,16.9,16.9,0:00:24,1:50:42,-,-,0,-,,,,,,,,,00,,,,,,,,,,,,,,,,,,,,,,,,,,,,
2025-10-09 13:01:26,2025-10-09 13:01:27,2025-10-09 13:01:26,2025-10-09 13:01:23,867488067677285,950,GTSTT,0x19fe7fbf,,802003,0x8303,0x0115,35,12752,0000,0000,01,00,22,12,12,-,01,01,1.0,3.1,125,109,622,648,-23.29739,-23.29737,-51.197374,-51.197402,0724,0005,a053,06900d00,0.0,16.9,16.9,0:00:27,1:50:45,-,-,0,-,,,,,,,,,,,,,,,,,,,,,,,,,,,,,,,,,,,,,
2025-10-09 13:02:04,2025-10-09 13:02:05,2025-10-09 13:02:03,2025-10-09 13:02:03,867488067677285,951,GTIGF,0x19fe7fbf,,802003,0x8303,0x0115,35,12813,0000,0000,00,00,12,12,12,65,01,01,0.2,0.2,125,125,571,571,-23.297296,-23.297296,-51.197377,-51.197377,0724,0005,a053,06901009,0.0,16.9,16.9,0:01:03,1:51:21,-,-,0,-,,,,,,,,,,,,,,,,,,,,,,,,,,,,,,,,,,,,,
2025-10-09 13:02:04,2025-10-09 13:02:05,2025-10-09 13:02:03,2025-10-09 13:02:03,867488067677285,952,GTSTT,0x19fe7fbf,,802003,0x8303,0x0115,35,12813,0000,0000,00,00,12,12,12,-,01,01,0.2,0.2,125,125,571,571,-23.297296,-23.297296,-51.197377,-51.197377,0724,0005,a053,06901009,0.0,16.9,16.9,0:01:03,1:51:21,-,-,0,-,,,,,,,,,,,,,,,,,,,,,,,,,,,,,,,,,,,,,
2025-10-09 13:02:05,2025-10-09 13:02:05,2025-10-09 13:02:03,2025-10-09 13:02:03,867488067677285,953,GTSTT,0x19fe7fbf,,802003,0x8303,0x0115,35,12813,0000,0000,00,00,11,12,12,-,01,01,0.2,0.2,125,125,571,571,-23.297296,-23.297296,-51.197377,-51.197377,0724,0005,a053,06901009,0.0,16.9,16.9,0:01:03,1:51:21,-,-,0,-,,,,,,,,,,,,,,,,,,,,,,,,,,,,,,,,,,,,,
2025-10-09 13:02:05,2025-10-09 13:02:05,2025-10-09 13:02:04,2025-10-09 13:02:04,867488067677285,954,GTIGL,0x19fe7fbf,,802003,0x8303,0x0115,35,12813,0000,0000,00,00,11,12,12,-,01,01,0.0,0.0,125,125,571,571,-23.297296,-23.297296,-51.197377,-51.197377,0724,0005,a053,06901009,0.0,16.9,16.9,0:01:03,1:51:21,-,-,0,-,,,,,,,,,01,,,,,,,,,,,,,,,,,,,,,,,,,,,,
2025-10-09 13:02:06,,,,867488067677285,955,ACK,,,,,,,,,,,,,,,,,,,,,,,,,,,,,,,,,,,,,,,,,,,,,,,,,,,,,,,,,,,,,,,,,,,,,,,,,,,,,
2025-10-09 13:02:07,,,,867488067677285,956,ACK,,,,,,,,,,,,,,,,,,,,,,,,,,,,,,,,,,,,,,,,,,,,,,,,,,,,,,,,,,,,,,,,,,,,,,,,,,,,,
2025-10-09 13:08:46,,,,867488067677285,957,HBD,,,,,,,,,,,,,,,,,,,,,,,,,,,,,,,,,,,,,,,,,,,,,,,,,,,,,,,,,,,,,,,,,,,,,,,,,,,,,
2025-10-09 13:08:46,,,,867488067677285,957,HBD,,,,,,,,,,,,,,,,,,,,,,,,,,,,,,,,,,,,,,,,,,,,,,,,,,,,,,,,,,,,,,,,,,,,,,,,,,,,,
2025-10-09 13:08:46,2025-10-09 13:04:06,2025-10-09 13:04:04,2025-10-09 13:04:04,867488067677285,959,GTERI,0x19fe3fbf,0x00028102,802003,0x8303,0x0115,35,12889,0000,-,00,00,11,12,12,-,01,01,0.0,0.0,125,125,571,571,-23.297296,-23.297296,-51.197377,-51.197377,0724,0005,a053,06900a1c,0.0,16.9,16.9,0:01:03,1:51:21,-,-,0,-,,,,,01,1800,00000000,00,10,,,,,,,,,,,,,,,,,,,,,,,,,,,,
2025-10-09 13:08:47,2025-10-09 13:04:30,2025-10-09 13:04:29,2025-10-09 13:04:29,867488067677285,960,GTPDP,0x19fe7fbf,,802003,0x8303,0x0115,35,12717,0000,0000,00,00,11,12,12,-,01,01,0.0,0.0,125,125,571,571,-23.297296,-23.297296,-51.197377,-51.197377,0724,0005,a053,06900a1c,0.0,16.9,16.9,0:01:03,1:51:21,-,-,0,-,,,,,,,,,,,,,,,,,,,,,,,,,,,,,,,,,,,,,
2025-10-09 13:08:48,,,,867488067677285,961,HBD,,,,,,,,,,,,,,,,,,,,,,,,,,,,,,,,,,,,,,,,,,,,,,,,,,,,,,,,,,,,,,,,,,,,,,,,,,,,,
2025-10-09 13:08:48,,,,867488067677285,963,HBD,,,,,,,,,,,,,,,,,,,,,,,,,,,,,,,,,,,,,,,,,,,,,,,,,,,,,,,,,,,,,,,,,,,,,,,,,,,,,
2025-10-09 13:08:49,2025-10-09 13:07:05,2025-10-09 13:07:04,2025-10-09 13:07:04,867488067677285,965,GTERI,0x19fe3fbf,0x00028102,802003,0x8303,0x0115,35,12885,0000,-,00,00,11,12,12,-,01,01,0.0,0.0,125,125,571,571,-23.297296,-23.297296,-51.197377,-51.197377,0724,0005,a053,06900d00,0.0,16.9,16.9,0:01:03,1:51:21,-,-,0,-,,,,,04,7,00000000,00,10,,,,,,,,,,,,,,,,,,,,,,,,,,,,
2025-10-09 13:08:49,2025-10-09 13:08:05,2025-10-09 13:07:04,2025-10-09 13:07:04,867488067677285,966,GTPDP,0x19fe7fbf,,802003,0x8303,0x0115,35,12899,0000,0000,00,00,11,12,12,-,00,00,0.0,0.0,125,125,571,571,-23.297296,-23.297296,-51.197377,-51.197377,0724,0005,a053,06900d00,0.0,16.9,16.9,0:01:03,1:51:21,-,-,0,-,,,,,,,,,,,,,,,,,,,,,,,,,,,,,,,,,,,,,
2025-10-09 13:08:50,,,,867488067677285,967,HBD,,,,,,,,,,,,,,,,,,,,,,,,,,,,,,,,,,,,,,,,,,,,,,,,,,,,,,,,,,,,,,,,,,,,,,,,,,,,,
2025-10-09 13:09:48,2025-10-09 13:09:02,2025-10-09 13:07:04,2025-10-09 13:07:04,867488067677285,968,GTPDP,0x19fe7fbf,,802003,0x8303,0x0115,35,12882,0000,0000,00,00,11,12,12,-,00,00,0.0,0.0,125,125,571,571,-23.297296,-23.297296,-51.197377,-51.197377,0000,0000,0000,00000000,0.0,16.9,16.9,0:01:03,1:51:21,-,-,0,-,,,,,,,,,,,,,,,,,,,,,,,,,,,,,,,,,,,,,
2025-10-09 13:09:48,,,,867488067677285,969,HBD,,,,,,,,,,,,,,,,,,,,,,,,,,,,,,,,,,,,,,,,,,,,,,,,,,,,,,,,,,,,,,,,,,,,,,,,,,,,,
2025-10-09 13:12:32,,,,867488067677285,970,HBD,,,,,,,,,,,,,,,,,,,,,,,,,,,,,,,,,,,,,,,,,,,,,,,,,,,,,,,,,,,,,,,,,,,,,,,,,,,,,
2025-10-09 13:14:33,,,,867488067677285,971,HBD,,,,,,,,,,,,,,,,,,,,,,,,,,,,,,,,,,,,,,,,,,,,,,,,,,,,,,,,,,,,,,,,,,,,,,,,,,,,,
2025-10-09 13:16:33,,,,867488067677285,972,HBD,,,,,,,,,,,,,,,,,,,,,,,,,,,,,,,,,,,,,,,,,,,,,,,,,,,,,,,,,,,,,,,,,,,,,,,,,,,,,
2025-10-09 13:18:37,,,,867488067677285,973,HBD,,,,,,,,,,,,,,,,,,,,,,,,,,,,,,,,,,,,,,,,,,,,,,,,,,,,,,,,,,,,,,,,,,,,,,,,,,,,,
2025-10-09 13:20:34,,,,867488067677285,974,HBD,,,,,,,,,,,,,,,,,,,,,,,,,,,,,,,,,,,,,,,,,,,,,,,,,,,,,,,,,,,,,,,,,,,,,,,,,,,,,
2025-10-09 13:22:35,,,,867488067677285,975,HBD,,,,,,,,,,,,,,,,,,,,,,,,,,,,,,,,,,,,,,,,,,,,,,,,,,,,,,,,,,,,,,,,,,,,,,,,,,,,,
2025-10-09 13:24:35,,,,867488067677285,976,HBD,,,,,,,,,,,,,,,,,,,,,,,,,,,,,,,,,,,,,,,,,,,,,,,,,,,,,,,,,,,,,,,,,,,,,,,,,,,,,
2025-10-09 13:26:22,,,,867488067677285,977,HBD,,,,,,,,,,,,,,,,,,,,,,,,,,,,,,,,,,,,,,,,,,,,,,,,,,,,,,,,,,,,,,,,,,,,,,,,,,,,,
2025-10-09 13:26:22,2025-10-09 13:26:22,2025-10-09 13:07:04,2025-10-09 13:01:29,867488067677285,979,GTIGN,0x19fe7fbf,,802003,0x8303,0x0115,34,12964,0000,0000,01,00,21,12,12,1458,00,01,0.0,3.9,125,83,571,601,-23.297296,-23.2974,-51.197377,-51.197338,0724,0005,a053,06900a1c,0.0,16.9,16.9,0:00:00,1:51:21,-,-,0,-,,,,,,,,,,,,,,,,,,,,,,,,,,,,,,,,,,,,,
2025-10-09 13:26:23,2025-10-09 13:26:22,2025-10-09 13:07:04,2025-10-09 13:07:04,867488067677285,980,GTSTT,0x19fe7fbf,,802003,0x8303,0x0115,34,12964,0000,0000,01,00,21,12,12,-,00,00,0.0,0.0,125,125,571,571,-23.297296,-23.297296,-51.197377,-51.197377,0724,0005,a053,06900a1c,0.0,16.9,16.9,0:00:00,1:51:21,-,-,0,-,,,,,,,,,,,,,,,,,,,,,,,,,,,,,,,,,,,,,
2025-10-09 13:27:18,2025-10-09 13:26:35,2025-10-09 13:07:04,2025-10-09 13:07:04,867488067677285,981,GTSTT,0x19fe7fbf,,802003,0x8303,0x0115,34,13904,0000,0000,01,00,22,12,12,-,00,00,0.0,0.0,125,125,571,571,-23.297296,-23.297296,-51.197377,-51.197377,0724,0005,a053,06900a1c,0.0,16.9,16.9,0:00:12,1:51:33,-,-,0,-,,,,,,,,,,,,,,,,,,,,,,,,,,,,,,,,,,,,,
2025-10-09 13:27:18,2025-10-09 13:26:35,2025-10-09 13:07:04,2025-10-09 13:07:04,867488067677285,981,GTSTT,0x19fe7fbf,,802003,0x8303,0x0115,34,13904,0000,0000,01,00,22,12,12,-,00,00,0.0,0.0,125,125,571,571,-23.297296,-23.297296,-51.197377,-51.197377,0724,0005,a053,06900a1c,0.0,16.9,16.9,0:00:12,1:51:33,-,-,0,-,,,,,,,,,,,,,,,,,,,,,,,,,,,,,,,,,,,,,
2025-10-09 13:27:18,2025-10-09 13:26:35,2025-10-09 13:07:04,2025-10-09 13:07:04,867488067677285,981,GTSTT,0x19fe7fbf,,802003,0x8303,0x0115,34,13904,0000,0000,01,00,22,12,12,-,00,00,0.0,0.0,125,125,571,571,-23.297296,-23.297296,-51.197377,-51.197377,0724,0005,a053,06900a1c,0.0,16.9,16.9,0:00:12,1:51:33,-,-,0,-,,,,,,,,,,,,,,,,,,,,,,,,,,,,,,,,,,,,,
2025-10-09 13:27:18,2025-10-09 13:26:55,2025-10-09 13:07:04,2025-10-09 13:07:04,867488067677285,982,GTSTT,0x19fe7fbf,,802003,0x8303,0x0115,34,13897,0000,0000,01,00,21,12,12,-,00,00,0.0,0.0,125,125,571,571,-23.297296,-23.297296,-51.197377,-51.197377,0724,0005,a053,06900a1c,0.0,16.9,16.9,0:00:30,1:51:51,-,-,0,-,,,,,,,,,,,,,,,,,,,,,,,,,,,,,,,,,,,,,
2025-10-09 13:27:20,2025-10-09 13:26:56,2025-10-09 13:07:04,2025-10-09 13:07:04,867488067677285,983,GTSTT,0x19fe7fbf,,802003,0x8303,0x0115,34,13897,0000,0000,01,00,22,12,12,-,00,00,0.0,0.0,125,125,571,571,-23.297296,-23.297296,-51.197377,-51.197377,0724,0005,a053,06900a1c,0.0,16.9,16.9,0:00:33,1:51:54,-,-,0,-,,,,,,,,,,,,,,,,,,,,,,,,,,,,,,,,,,,,,
2025-10-09 13:27:20,2025-10-09 13:27:01,2025-10-09 13:27:00,2025-10-09 13:27:00,867488067677285,984,GTERI,0x19fe3fbf,0x00028102,802003,0x8303,0x0115,34,13849,0000,-,01,00,22,7,7,-,01,01,2.9,2.9,125,125,595,595,-23.297644,-23.297644,-51.197775,-51.197775,0724,0005,a053,06900a1c,0.1,17.0,17.0,0:00:36,1:51:57,-,-,0,-,,,,,04,1,00000000,00,10,,,,,,,,,,,,,,,,,,,,,,,,,,,,
2025-10-09 13:27:21,2025-10-09 13:27:01,2025-10-09 13:27:00,2025-10-09 13:27:00,867488067677285,985,GTIGL,0x19fe7fbf,,802003,0x8303,0x0115,34,13849,0000,0000,01,00,22,7,7,-,01,01,2.9,2.9,125,125,595,595,-23.297644,-23.297644,-51.197775,-51.197775,0724,0005,a053,06900a1c,0.1,17.0,17.0,0:00:36,1:51:57,-,-,0,-,,,,,,,,,00,,,,,,,,,,,,,,,,,,,,,,,,,,,,
2025-10-09 13:28:36,,,,867488067677285,986,HBD,,,,,,,,,,,,,,,,,,,,,,,,,,,,,,,,,,,,,,,,,,,,,,,,,,,,,,,,,,,,,,,,,,,,,,,,,,,,,
2025-10-09 13:29:23,2025-10-09 13:29:24,2025-10-09 13:29:23,2025-10-09 13:28:59,867488067677285,988,GTBTC,0x19fe7fbf,,802003,0x8303,0x0115,34,13986,0000,0000,01,00,22,12,12,-,01,01,18.8,48.0,98,97,613,616,-23.296796,-23.296625,-51.196186,-51.197557,0724,0005,a053,06900d1e,0.6,17.5,17.4,0:03:00,1:54:21,-,-,0,-,,,,,,,,,,,,,,,,,,,,,,,,,,,,,,,,,,,,,
2025-10-09 13:29:30,2025-10-09 13:29:31,2025-10-09 13:29:29,2025-10-09 13:29:28,867488067677285,989,GTERI,0x19fe3fbf,0x00028102,802003,0x8303,0x0115,34,13908,0000,-,01,00,22,12,12,-,01,01,24.2,28.0,98,98,612,612,-23.296857,-23.296847,-51.195757,-51.195829,0724,0005,a053,06900d1e,0.7,17.6,17.6,0:03:06,1:54:27,-,-,0,-,,,,,04,1,00000000,00,10,,,,,,,,,,,,,,,,,,,,,,,,,,,,
2025-10-09 13:30:26,,,,867488067677285,990,HBD,,,,,,,,,,,,,,,,,,,,,,,,,,,,,,,,,,,,,,,,,,,,,,,,,,,,,,,,,,,,,,,,,,,,,,,,,,,,,
2025-10-09 13:30:26,,,,867488067677285,992,ACK,,,,,,,,,,,,,,,,,,,,,,,,,,,,,,,,,,,,,,,,,,,,,,,,,,,,,,,,,,,,,,,,,,,,,,,,,,,,,
2025-10-09 13:30:27,,,,867488067677285,993,ACK,,,,,,,,,,,,,,,,,,,,,,,,,,,,,,,,,,,,,,,,,,,,,,,,,,,,,,,,,,,,,,,,,,,,,,,,,,,,,
2025-10-09 13:30:27,,,,867488067677285,994,ACK,,,,,,,,,,,,,,,,,,,,,,,,,,,,,,,,,,,,,,,,,,,,,,,,,,,,,,,,,,,,,,,,,,,,,,,,,,,,,
2025-10-09 13:32:38,,,,867488067677285,995,HBD,,,,,,,,,,,,,,,,,,,,,,,,,,,,,,,,,,,,,,,,,,,,,,,,,,,,,,,,,,,,,,,,,,,,,,,,,,,,,
2025-10-09 13:32:39,2025-10-09 13:32:31,2025-10-09 13:32:29,2025-10-09 13:31:58,867488067677285,997,GTERI,0x19fe3fbf,0x00028102,802003,0x8303,0x0115,57,13828,0000,-,01,00,22,12,12,-,01,01,0.0,60.3,98,91,603,603,-23.297555,-23.297495,-51.182295,-51.184364,0724,0005,a053,06900d1d,2.0,18.9,18.7,0:06:06,1:57:27,-,-,0,-,,,,,04,1,00000000,00,10,,,,,,,,,,,,,,,,,,,,,,,,,,,,
2025-10-09 13:34:37,,,,867488067677285,998,HBD,,,,,,,,,,,,,,,,,,,,,,,,,,,,,,,,,,,,,,,,,,,,,,,,,,,,,,,,,,,,,,,,,,,,,,,,,,,,,
2025-10-09 13:35:05,2025-10-09 13:35:06,2025-10-09 13:35:05,2025-10-09 13:33:50,867488067677285,1000,GTSTT,0x19fe7fbf,,802003,0x8303,0x0115,60,13954,0000,0000,01,00,21,12,12,-,01,01,0.1,52.9,98,97,598,599,-23.299325,-23.299115,-51.173998,-51.175618,0724,0005,9c6b,0692fa0e,2.9,19.8,19.6,0:08:42,2:00:03,-,-,0,-,,,,,,,,,,,,,,,,,,,,,,,,,,,,,,,,,,,,,
2025-10-09 13:35:30,2025-10-09 13:35:31,2025-10-09 13:35:29,2025-10-09 13:35:06,867488067677285,1001,GTERI,0x19fe3fbf,0x00028102,802003,0x8303,0x0115,60,13849,0000,-,01,00,21,12,12,-,01,01,0.0,0.1,98,98,598,598,-23.299326,-23.299326,-51.173996,-51.173996,0724,0005,9c6b,0692fa0e,2.9,19.8,19.8,0:09:06,2:00:27,-,-,0,-,,,,,04,3,00000000,00,10,,,,,,,,,,,,,,,,,,,,,,,,,,,,
2025-10-09 13:35:46,2025-10-09 13:35:47,2025-10-09 13:35:46,2025-10-09 13:35:46,867488067677285,1002,GTSTT,0x19fe7fbf,,802003,0x8303,0x0115,60,13987,0000,0000,01,00,22,12,12,-,01,01,0.0,0.0,103,103,598,598,-23.299326,-23.299326,-51.173996,-51.173996,0724,0005,9c6b,0692fa0e,2.9,19.8,19.8,0:09:24,2:00:45,-,-,0,-,,,,,,,,,,,,,,,,,,,,,,,,,,,,,,,,,,,,,
2025-10-09 13:36:38,,,,867488067677285,1003,HBD,,,,,,,,,,,,,,,,,,,,,,,,,,,,,,,,,,,,,,,,,,,,,,,,,,,,,,,,,,,,,,,,,,,,,,,,,,,,,
2025-10-09 13:38:31,,,,867488067677285,1005,HBD,,,,,,,,,,,,,,,,,,,,,,,,,,,,,,,,,,,,,,,,,,,,,,,,,,,,,,,,,,,,,,,,,,,,,,,,,,,,,
2025-10-09 13:38:31,2025-10-09 13:38:31,2025-10-09 13:38:29,2025-10-09 13:38:08,867488067677285,1007,GTERI,0x19fe3fbf,0x00028102,802003,0x8303,0x0115,62,13941,0000,-,01,00,22,12,12,-,01,01,28.0,42.4,138,121,587,588,-23.303271,-23.302282,-51.165528,-51.16682,0724,0005,9c6b,0692e800,3.8,20.8,20.6,0:12:06,2:03:27,-,-,0,-,,,,,04,7,00000000,00,10,,,,,,,,,,,,,,,,,,,,,,,,,,,,
2025-10-09 13:40:39,,,,867488067677285,1008,HBD,,,,,,,,,,,,,,,,,,,,,,,,,,,,,,,,,,,,,,,,,,,,,,,,,,,,,,,,,,,,,,,,,,,,,,,,,,,,,
2025-10-09 13:41:34,2025-10-09 13:41:31,2025-10-09 13:41:29,2025-10-09 13:38:41,867488067677285,1010,GTERI,0x19fe3fbf,0x00028102,802003,0x8303,0x0115,63,13972,0000,-,01,00,22,12,12,-,01,01,23.4,41.1,178,149,598,586,-23.30931,-23.304166,-51.162776,-51.164818,0724,0005,9c6b,0692e81d,4.6,21.5,20.9,0:15:06,2:06:27,-,-,0,-,,,,,04,1,00000000,00,10,,,,,,,,,,,,,,,,,,,,,,,,,,,,
2025-10-09 13:42:39,,,,867488067677285,1011,HBD,,,,,,,,,,,,,,,,,,,,,,,,,,,,,,,,,,,,,,,,,,,,,,,,,,,,,,,,,,,,,,,,,,,,,,,,,,,,,
2025-10-09 13:44:30,,,,867488067677285,1013,HBD,,,,,,,,,,,,,,,,,,,,,,,,,,,,,,,,,,,,,,,,,,,,,,,,,,,,,,,,,,,,,,,,,,,,,,,,,,,,,
2025-10-09 13:44:31,2025-10-09 13:44:31,2025-10-09 13:44:29,2025-10-09 13:43:35,867488067677285,1015,GTERI,0x19fe3fbf,0x00028102,802003,0x8303,0x0115,64,13938,0000,-,01,00,22,12,12,-,01,01,0.0,36.2,178,179,602,606,-23.313071,-23.312405,-51.162748,-51.162766,0724,0005,9c6b,0692d801,5.0,21.9,21.8,0:18:06,2:09:27,-,-,0,-,,,,,04,7,00000000,00,10,,,,,,,,,,,,,,,,,,,,,,,,,,,,
2025-10-09 13:46:40,,,,867488067677285,1016,HBD,,,,,,,,,,,,,,,,,,,,,,,,,,,,,,,,,,,,,,,,,,,,,,,,,,,,,,,,,,,,,,,,,,,,,,,,,,,,,
2025-10-09 13:47:31,2025-10-09 13:47:31,2025-10-09 13:47:29,2025-10-09 13:46:13,867488067677285,1018,GTERI,0x19fe3fbf,0x00028102,802003,0x8303,0x0115,65,13851,0000,-,01,00,22,12,12,-,01,01,0.0,36.9,178,89,598,590,-23.315509,-23.315488,-51.159212,-51.161376,0724,0005,9c6b,06909a1d,5.6,22.5,22.3,0:21:06,2:12:27,-,-,0,-,,,,,04,1,00000000,00,10,,,,,,,,,,,,,,,,,,,,,,,,,,,,
2025-10-09 13:48:41,,,,867488067677285,1019,HBD,,,,,,,,,,,,,,,,,,,,,,,,,,,,,,,,,,,,,,,,,,,,,,,,,,,,,,,,,,,,,,,,,,,,,,,,,,,,,
2025-10-09 13:50:30,,,,867488067677285,1021,HBD,,,,,,,,,,,,,,,,,,,,,,,,,,,,,,,,,,,,,,,,,,,,,,,,,,,,,,,,,,,,,,,,,,,,,,,,,,,,,
2025-10-09 13:50:31,2025-10-09 13:50:31,2025-10-09 13:50:29,2025-10-09 13:48:40,867488067677285,1023,GTERI,0x19fe3fbf,0x00028102,802003,0x8303,0x0115,66,13880,0000,-,01,00,22,12,12,-,01,01,0.0,43.1,178,179,594,592,-23.319586,-23.316063,-51.155139,-51.155143,0724,0005,9c6b,0692e40d,6.4,23.3,22.9,0:24:06,2:15:27,-,-,0,-,,,,,04,3,00000000,00,10,,,,,,,,,,,,,,,,,,,,,,,,,,,,
2025-10-09 13:50:56,2025-10-09 13:50:56,2025-10-09 13:50:55,2025-10-09 13:50:35,867488067677285,1024,GTSTT,0x19fe7fbf,,802003,0x8303,0x0115,66,13993,0000,0000,01,00,21,12,12,-,01,01,0.0,17.4,178,197,592,593,-23.319774,-23.31972,-51.155314,-51.155159,0724,0005,9c6b,0690ab08,6.4,23.4,23.3,0:24:33,2:15:54,-,-,0,-,,,,,,,,,,,,,,,,,,,,,,,,,,,,,,,,,,,,,
2025-10-09 13:51:06,2025-10-09 13:51:07,2025-10-09 13:51:05,2025-10-09 13:51:05,867488067677285,1025,GTSTT,0x19fe7fbf,,802003,0x8303,0x0115,66,13930,0000,0000,01,00,22,12,12,-,01,01,10.4,10.4,271,271,592,592,-23.319775,-23.319775,-51.155327,-51.155327,0724,0005,9c6b,0690ab08,6.4,23.4,23.4,0:24:42,2:16:03,-,-,0,-,,,,,,,,,,,,,,,,,,,,,,,,,,,,,,,,,,,,,
2025-10-09 13:52:09,,,,867488067677285,1026,HBD,,,,,,,,,,,,,,,,,,,,,,,,,,,,,,,,,,,,,,,,,,,,,,,,,,,,,,,,,,,,,,,,,,,,,,,,,,,,,
2025-10-09 13:52:10,2025-10-09 13:52:10,2025-10-09 13:52:08,2025-10-09 13:52:08,867488067677285,1027,GTIGF,0x19fe7fbf,,802003,0x8303,0x0115,66,13195,0000,0000,00,00,12,12,12,1548,01,01,0.0,0.0,178,178,601,601,-23.319574,-23.319574,-51.157001,-51.157001,0724,0005,9c6b,068ff81d,6.6,23.5,23.5,0:25:45,2:17:06,-,-,0,-,,,,,,,,,,,,,,,,,,,,,,,,,,,,,,,,,,,,,
2025-10-09 13:52:10,2025-10-09 13:52:10,2025-10-09 13:52:08,2025-10-09 13:52:08,867488067677285,1028,GTSTT,0x19fe7fbf,,802003,0x8303,0x0115,66,13195,0000,0000,00,00,12,12,12,-,01,01,0.0,0.0,178,178,601,601,-23.319574,-23.319574,-51.157001,-51.157001,0724,0005,9c6b,068ff81d,6.6,23.5,23.5,0:25:45,2:17:06,-,-,0,-,,,,,,,,,,,,,,,,,,,,,,,,,,,,,,,,,,,,,
2025-10-09 13:52:10,2025-10-09 13:52:11,2025-10-09 13:52:10,2025-10-09 13:52:10,867488067677285,1029,GTIGL,0x19fe7fbf,,802003,0x8303,0x0115,66,13195,0000,0000,00,00,12,12,12,-,01,01,0.0,0.0,178,178,601,601,-23.319574,-23.319574,-51.157001,-51.157001,0724,0005,9c6b,068ff81d,6.6,23.5,23.5,0:25:45,2:17:06,-,-,0,-,,,,,,,,,01,,,,,,,,,,,,,,,,,,,,,,,,,,,,
2025-10-09 13:52:11,2025-10-09 13:52:12,2025-10-09 13:52:10,2025-10-09 13:52:10,867488067677285,1030,GTSTC,0x19fe7fbf,,802003,0x8303,0x0115,66,13060,0000,0000,00,00,12,12,12,-,00,00,0.0,0.0,178,178,601,601,-23.319574,-23.319574,-51.157001,-51.157001,0724,0005,9c6b,068ff81d,6.6,23.5,23.5,0:25:45,2:17:06,-,-,0,-,,,,,,,,,,,,,,,,,,,,,,,,,,,,,,,,,,,,,
2025-10-09 13:52:14,,,,867488067677285,1031,ACK,,,,,,,,,,,,,,,,,,,,,,,,,,,,,,,,,,,,,,,,,,,,,,,,,,,,,,,,,,,,,,,,,,,,,,,,,,,,,
2025-10-09 13:52:14,,,,867488067677285,1032,ACK,,,,,,,,,,,,,,,,,,,,,,,,,,,,,,,,,,,,,,,,,,,,,,,,,,,,,,,,,,,,,,,,,,,,,,,,,,,,,
2025-10-09 13:52:34,2025-10-09 13:52:35,2025-10-09 13:52:34,2025-10-09 13:52:34,867488067677285,1034,GTSTT,0x19fe7fbf,,802003,0x8303,0x0115,62,13067,0000,0000,00,00,11,12,12,-,01,01,0.0,0.0,178,178,601,601,-23.319574,-23.319574,-51.157001,-51.157001,0724,0005,9c6b,068ff81d,6.6,23.5,23.5,0:25:45,2:17:06,-,-,0,-,,,,,,,,,,,,,,,,,,,,,,,,,,,,,,,,,,,,,
2025-10-09 13:53:31,2025-10-09 13:53:31,2025-10-09 13:53:29,2025-10-09 13:53:29,867488067677285,1035,GTERI,0x19fe3fbf,0x00028102,802003,0x8303,0x0115,51,13089,0000,-,00,00,11,12,12,-,01,01,0.0,0.0,178,178,601,601,-23.319574,-23.319574,-51.157001,-51.157001,0724,0005,9c6b,068ff81d,6.6,23.5,23.5,0:25:45,2:17:06,-,-,0,-,,,,,04,1,00000000,00,10,,,,,,,,,,,,,,,,,,,,,,,,,,,,
2025-10-09 13:54:42,,,,867488067677285,1036,HBD,,,,,,,,,,,,,,,,,,,,,,,,,,,,,,,,,,,,,,,,,,,,,,,,,,,,,,,,,,,,,,,,,,,,,,,,,,,,,
2025-10-09 13:56:30,,,,867488067677285,1038,HBD,,,,,,,,,,,,,,,,,,,,,,,,,,,,,,,,,,,,,,,,,,,,,,,,,,,,,,,,,,,,,,,,,,,,,,,,,,,,,
2025-10-09 13:56:31,2025-10-09 13:56:31,2025-10-09 13:56:29,2025-10-09 13:56:29,867488067677285,1040,GTERI,0x19fe3fbf,0x00028102,802003,0x8303,0x0115,48,13015,0000,-,00,00,11,12,12,-,01,01,0.0,0.0,178,178,601,601,-23.319574,-23.319574,-51.157001,-51.157001,0724,0005,9c6b,068ff81d,6.6,23.5,23.5,0:25:45,2:17:06,-,-,0,-,,,,,04,1,00000000,00,10,,,,,,,,,,,,,,,,,,,,,,,,,,,,
2025-10-09 13:57:10,2025-10-09 13:57:11,2025-10-09 13:57:10,2025-10-09 13:57:10,867488067677285,1041,GTERI,0x19fe3fbf,0x00028102,802003,0x8303,0x0115,48,13046,0000,-,00,00,11,12,12,-,01,01,0.0,0.0,178,178,601,601,-23.319574,-23.319574,-51.157001,-51.157001,0724,0005,9c6b,068ff81d,6.6,23.5,23.5,0:25:45,2:17:06,-,-,0,-,,,,,04,1,00000000,00,10,,,,,,,,,,,,,,,,,,,,,,,,,,,,
2025-10-09 13:58:43,,,,867488067677285,1042,HBD,,,,,,,,,,,,,,,,,,,,,,,,,,,,,,,,,,,,,,,,,,,,,,,,,,,,,,,,,,,,,,,,,,,,,,,,,,,,,
2025-10-09 14:00:43,,,,867488067677285,1043,HBD,,,,,,,,,,,,,,,,,,,,,,,,,,,,,,,,,,,,,,,,,,,,,,,,,,,,,,,,,,,,,,,,,,,,,,,,,,,,,
2025-10-09 14:02:44,,,,867488067677285,1044,HBD,,,,,,,,,,,,,,,,,,,,,,,,,,,,,,,,,,,,,,,,,,,,,,,,,,,,,,,,,,,,,,,,,,,,,,,,,,,,,
2025-10-09 14:04:44,,,,867488067677285,1045,HBD,,,,,,,,,,,,,,,,,,,,,,,,,,,,,,,,,,,,,,,,,,,,,,,,,,,,,,,,,,,,,,,,,,,,,,,,,,,,,
2025-10-09 14:06:45,,,,867488067677285,1046,HBD,,,,,,,,,,,,,,,,,,,,,,,,,,,,,,,,,,,,,,,,,,,,,,,,,,,,,,,,,,,,,,,,,,,,,,,,,,,,,
2025-10-09 14:08:45,,,,867488067677285,1047,HBD,,,,,,,,,,,,,,,,,,,,,,,,,,,,,,,,,,,,,,,,,,,,,,,,,,,,,,,,,,,,,,,,,,,,,,,,,,,,,
2025-10-09 14:10:46,,,,867488067677285,1048,HBD,,,,,,,,,,,,,,,,,,,,,,,,,,,,,,,,,,,,,,,,,,,,,,,,,,,,,,,,,,,,,,,,,,,,,,,,,,,,,
2025-10-09 14:12:46,,,,867488067677285,1049,HBD,,,,,,,,,,,,,,,,,,,,,,,,,,,,,,,,,,,,,,,,,,,,,,,,,,,,,,,,,,,,,,,,,,,,,,,,,,,,,
2025-10-09 14:14:47,,,,867488067677285,1050,HBD,,,,,,,,,,,,,,,,,,,,,,,,,,,,,,,,,,,,,,,,,,,,,,,,,,,,,,,,,,,,,,,,,,,,,,,,,,,,,
2025-10-09 14:16:47,,,,867488067677285,1051,HBD,,,,,,,,,,,,,,,,,,,,,,,,,,,,,,,,,,,,,,,,,,,,,,,,,,,,,,,,,,,,,,,,,,,,,,,,,,,,,
2025-10-09 14:18:48,,,,867488067677285,1052,HBD,,,,,,,,,,,,,,,,,,,,,,,,,,,,,,,,,,,,,,,,,,,,,,,,,,,,,,,,,,,,,,,,,,,,,,,,,,,,,
2025-10-09 14:20:48,,,,867488067677285,1053,HBD,,,,,,,,,,,,,,,,,,,,,,,,,,,,,,,,,,,,,,,,,,,,,,,,,,,,,,,,,,,,,,,,,,,,,,,,,,,,,
2025-10-09 14:21:48,,,,867488067677285,1054,HBD,,,,,,,,,,,,,,,,,,,,,,,,,,,,,,,,,,,,,,,,,,,,,,,,,,,,,,,,,,,,,,,,,,,,,,,,,,,,,
2025-10-09 14:23:49,,,,867488067677285,1055,HBD,,,,,,,,,,,,,,,,,,,,,,,,,,,,,,,,,,,,,,,,,,,,,,,,,,,,,,,,,,,,,,,,,,,,,,,,,,,,,
2025-10-09 14:25:49,,,,867488067677285,1056,HBD,,,,,,,,,,,,,,,,,,,,,,,,,,,,,,,,,,,,,,,,,,,,,,,,,,,,,,,,,,,,,,,,,,,,,,,,,,,,,
2025-10-09 14:27:50,,,,867488067677285,1057,HBD,,,,,,,,,,,,,,,,,,,,,,,,,,,,,,,,,,,,,,,,,,,,,,,,,,,,,,,,,,,,,,,,,,,,,,,,,,,,,
2025-10-09 14:29:50,,,,867488067677285,1058,HBD,,,,,,,,,,,,,,,,,,,,,,,,,,,,,,,,,,,,,,,,,,,,,,,,,,,,,,,,,,,,,,,,,,,,,,,,,,,,,
2025-10-09 14:31:51,,,,867488067677285,1059,HBD,,,,,,,,,,,,,,,,,,,,,,,,,,,,,,,,,,,,,,,,,,,,,,,,,,,,,,,,,,,,,,,,,,,,,,,,,,,,,
2025-10-09 14:33:51,,,,867488067677285,1060,HBD,,,,,,,,,,,,,,,,,,,,,,,,,,,,,,,,,,,,,,,,,,,,,,,,,,,,,,,,,,,,,,,,,,,,,,,,,,,,,
2025-10-09 14:35:52,,,,867488067677285,1061,HBD,,,,,,,,,,,,,,,,,,,,,,,,,,,,,,,,,,,,,,,,,,,,,,,,,,,,,,,,,,,,,,,,,,,,,,,,,,,,,
2025-10-09 14:37:52,,,,867488067677285,1062,HBD,,,,,,,,,,,,,,,,,,,,,,,,,,,,,,,,,,,,,,,,,,,,,,,,,,,,,,,,,,,,,,,,,,,,,,,,,,,,,
2025-10-09 14:39:53,,,,867488067677285,1063,HBD,,,,,,,,,,,,,,,,,,,,,,,,,,,,,,,,,,,,,,,,,,,,,,,,,,,,,,,,,,,,,,,,,,,,,,,,,,,,,
2025-10-09 14:41:53,,,,867488067677285,1064,HBD,,,,,,,,,,,,,,,,,,,,,,,,,,,,,,,,,,,,,,,,,,,,,,,,,,,,,,,,,,,,,,,,,,,,,,,,,,,,,
2025-10-09 14:43:54,,,,867488067677285,1065,HBD,,,,,,,,,,,,,,,,,,,,,,,,,,,,,,,,,,,,,,,,,,,,,,,,,,,,,,,,,,,,,,,,,,,,,,,,,,,,,
2025-10-09 14:45:54,,,,867488067677285,1066,HBD,,,,,,,,,,,,,,,,,,,,,,,,,,,,,,,,,,,,,,,,,,,,,,,,,,,,,,,,,,,,,,,,,,,,,,,,,,,,,
2025-10-09 14:47:55,,,,867488067677285,1067,HBD,,,,,,,,,,,,,,,,,,,,,,,,,,,,,,,,,,,,,,,,,,,,,,,,,,,,,,,,,,,,,,,,,,,,,,,,,,,,,
2025-10-09 14:49:55,,,,867488067677285,1068,HBD,,,,,,,,,,,,,,,,,,,,,,,,,,,,,,,,,,,,,,,,,,,,,,,,,,,,,,,,,,,,,,,,,,,,,,,,,,,,,
2025-10-09 14:51:56,,,,867488067677285,1069,HBD,,,,,,,,,,,,,,,,,,,,,,,,,,,,,,,,,,,,,,,,,,,,,,,,,,,,,,,,,,,,,,,,,,,,,,,,,,,,,
2025-10-09 14:53:56,,,,867488067677285,1070,HBD,,,,,,,,,,,,,,,,,,,,,,,,,,,,,,,,,,,,,,,,,,,,,,,,,,,,,,,,,,,,,,,,,,,,,,,,,,,,,
2025-10-09 14:55:56,,,,867488067677285,1071,HBD,,,,,,,,,,,,,,,,,,,,,,,,,,,,,,,,,,,,,,,,,,,,,,,,,,,,,,,,,,,,,,,,,,,,,,,,,,,,,
2025-10-09 14:57:05,2025-10-09 14:57:05,2025-10-09 14:54:39,2025-10-09 14:54:39,867488067677285,1072,GTERI,0x19fe3fbf,0x00028102,802003,0x8303,0x0115,44,13065,0000,-,00,00,11,12,12,-,01,01,0.0,0.0,178,178,601,601,-23.319574,-23.319574,-51.157001,-51.157001,0724,0005,9c6b,068ff81d,6.6,23.5,23.5,0:25:45,2:17:06,-,-,0,-,,,,,04,1,00000000,00,10,,,,,,,,,,,,,,,,,,,,,,,,,,,,
2025-10-09 14:57:57,,,,867488067677285,1073,HBD,,,,,,,,,,,,,,,,,,,,,,,,,,,,,,,,,,,,,,,,,,,,,,,,,,,,,,,,,,,,,,,,,,,,,,,,,,,,,
2025-10-09 14:59:58,,,,867488067677285,1074,HBD,,,,,,,,,,,,,,,,,,,,,,,,,,,,,,,,,,,,,,,,,,,,,,,,,,,,,,,,,,,,,,,,,,,,,,,,,,,,,
2025-10-09 15:01:58,,,,867488067677285,1075,HBD,,,,,,,,,,,,,,,,,,,,,,,,,,,,,,,,,,,,,,,,,,,,,,,,,,,,,,,,,,,,,,,,,,,,,,,,,,,,,
2025-10-09 15:03:58,,,,867488067677285,1076,HBD,,,,,,,,,,,,,,,,,,,,,,,,,,,,,,,,,,,,,,,,,,,,,,,,,,,,,,,,,,,,,,,,,,,,,,,,,,,,,
2025-10-09 15:05:59,,,,867488067677285,1077,HBD,,,,,,,,,,,,,,,,,,,,,,,,,,,,,,,,,,,,,,,,,,,,,,,,,,,,,,,,,,,,,,,,,,,,,,,,,,,,,
2025-10-09 15:07:59,,,,867488067677285,1078,HBD,,,,,,,,,,,,,,,,,,,,,,,,,,,,,,,,,,,,,,,,,,,,,,,,,,,,,,,,,,,,,,,,,,,,,,,,,,,,,
2025-10-09 15:10:00,,,,867488067677285,1079,HBD,,,,,,,,,,,,,,,,,,,,,,,,,,,,,,,,,,,,,,,,,,,,,,,,,,,,,,,,,,,,,,,,,,,,,,,,,,,,,
2025-10-09 15:12:00,,,,867488067677285,1080,HBD,,,,,,,,,,,,,,,,,,,,,,,,,,,,,,,,,,,,,,,,,,,,,,,,,,,,,,,,,,,,,,,,,,,,,,,,,,,,,
2025-10-09 15:14:01,,,,867488067677285,1081,HBD,,,,,,,,,,,,,,,,,,,,,,,,,,,,,,,,,,,,,,,,,,,,,,,,,,,,,,,,,,,,,,,,,,,,,,,,,,,,,
2025-10-09 15:16:01,,,,867488067677285,1082,HBD,,,,,,,,,,,,,,,,,,,,,,,,,,,,,,,,,,,,,,,,,,,,,,,,,,,,,,,,,,,,,,,,,,,,,,,,,,,,,
2025-10-09 15:18:02,,,,867488067677285,1083,HBD,,,,,,,,,,,,,,,,,,,,,,,,,,,,,,,,,,,,,,,,,,,,,,,,,,,,,,,,,,,,,,,,,,,,,,,,,,,,,
2025-10-09 15:20:02,,,,867488067677285,1084,HBD,,,,,,,,,,,,,,,,,,,,,,,,,,,,,,,,,,,,,,,,,,,,,,,,,,,,,,,,,,,,,,,,,,,,,,,,,,,,,
2025-10-09 15:22:03,,,,867488067677285,1085,HBD,,,,,,,,,,,,,,,,,,,,,,,,,,,,,,,,,,,,,,,,,,,,,,,,,,,,,,,,,,,,,,,,,,,,,,,,,,,,,
2025-10-09 15:24:03,,,,867488067677285,1086,HBD,,,,,,,,,,,,,,,,,,,,,,,,,,,,,,,,,,,,,,,,,,,,,,,,,,,,,,,,,,,,,,,,,,,,,,,,,,,,,
2025-10-09 15:26:04,,,,867488067677285,1087,HBD,,,,,,,,,,,,,,,,,,,,,,,,,,,,,,,,,,,,,,,,,,,,,,,,,,,,,,,,,,,,,,,,,,,,,,,,,,,,,
2025-10-09 15:28:04,,,,867488067677285,1088,HBD,,,,,,,,,,,,,,,,,,,,,,,,,,,,,,,,,,,,,,,,,,,,,,,,,,,,,,,,,,,,,,,,,,,,,,,,,,,,,
2025-10-09 15:30:05,,,,867488067677285,1089,HBD,,,,,,,,,,,,,,,,,,,,,,,,,,,,,,,,,,,,,,,,,,,,,,,,,,,,,,,,,,,,,,,,,,,,,,,,,,,,,
2025-10-09 15:32:05,,,,867488067677285,1090,HBD,,,,,,,,,,,,,,,,,,,,,,,,,,,,,,,,,,,,,,,,,,,,,,,,,,,,,,,,,,,,,,,,,,,,,,,,,,,,,
2025-10-09 15:34:06,,,,867488067677285,1091,HBD,,,,,,,,,,,,,,,,,,,,,,,,,,,,,,,,,,,,,,,,,,,,,,,,,,,,,,,,,,,,,,,,,,,,,,,,,,,,,
2025-10-09 15:36:06,,,,867488067677285,1092,HBD,,,,,,,,,,,,,,,,,,,,,,,,,,,,,,,,,,,,,,,,,,,,,,,,,,,,,,,,,,,,,,,,,,,,,,,,,,,,,
2025-10-09 15:38:07,,,,867488067677285,1093,HBD,,,,,,,,,,,,,,,,,,,,,,,,,,,,,,,,,,,,,,,,,,,,,,,,,,,,,,,,,,,,,,,,,,,,,,,,,,,,,
2025-10-09 15:40:07,,,,867488067677285,1094,HBD,,,,,,,,,,,,,,,,,,,,,,,,,,,,,,,,,,,,,,,,,,,,,,,,,,,,,,,,,,,,,,,,,,,,,,,,,,,,,
2025-10-09 15:42:07,,,,867488067677285,1095,HBD,,,,,,,,,,,,,,,,,,,,,,,,,,,,,,,,,,,,,,,,,,,,,,,,,,,,,,,,,,,,,,,,,,,,,,,,,,,,,
2025-10-09 15:44:08,,,,867488067677285,1096,HBD,,,,,,,,,,,,,,,,,,,,,,,,,,,,,,,,,,,,,,,,,,,,,,,,,,,,,,,,,,,,,,,,,,,,,,,,,,,,,
2025-10-09 15:46:08,,,,867488067677285,1097,HBD,,,,,,,,,,,,,,,,,,,,,,,,,,,,,,,,,,,,,,,,,,,,,,,,,,,,,,,,,,,,,,,,,,,,,,,,,,,,,
2025-10-09 15:48:09,,,,867488067677285,1098,HBD,,,,,,,,,,,,,,,,,,,,,,,,,,,,,,,,,,,,,,,,,,,,,,,,,,,,,,,,,,,,,,,,,,,,,,,,,,,,,
2025-10-09 15:50:09,,,,867488067677285,1099,HBD,,,,,,,,,,,,,,,,,,,,,,,,,,,,,,,,,,,,,,,,,,,,,,,,,,,,,,,,,,,,,,,,,,,,,,,,,,,,,
2025-10-09 15:52:10,,,,867488067677285,1100,HBD,,,,,,,,,,,,,,,,,,,,,,,,,,,,,,,,,,,,,,,,,,,,,,,,,,,,,,,,,,,,,,,,,,,,,,,,,,,,,
2025-10-09 15:54:10,,,,867488067677285,1101,HBD,,,,,,,,,,,,,,,,,,,,,,,,,,,,,,,,,,,,,,,,,,,,,,,,,,,,,,,,,,,,,,,,,,,,,,,,,,,,,
2025-10-09 15:56:11,,,,867488067677285,1102,HBD,,,,,,,,,,,,,,,,,,,,,,,,,,,,,,,,,,,,,,,,,,,,,,,,,,,,,,,,,,,,,,,,,,,,,,,,,,,,,
2025-10-09 15:57:05,2025-10-09 15:57:05,2025-10-09 15:54:41,2025-10-09 15:54:41,867488067677285,1103,GTERI,0x19fe3fbf,0x00028102,802003,0x8303,0x0115,43,12977,0000,-,00,00,11,10,10,-,01,01,0.0,0.0,178,178,601,601,-23.319574,-23.319574,-51.157001,-51.157001,0724,0005,9c6b,068ff81d,6.6,23.5,23.5,0:25:45,2:17:06,-,-,0,-,,,,,04,1,00000000,00,10,,,,,,,,,,,,,,,,,,,,,,,,,,,,
2025-10-09 15:58:11,,,,867488067677285,1104,HBD,,,,,,,,,,,,,,,,,,,,,,,,,,,,,,,,,,,,,,,,,,,,,,,,,,,,,,,,,,,,,,,,,,,,,,,,,,,,,
2025-10-09 16:00:12,,,,867488067677285,1105,HBD,,,,,,,,,,,,,,,,,,,,,,,,,,,,,,,,,,,,,,,,,,,,,,,,,,,,,,,,,,,,,,,,,,,,,,,,,,,,,
2025-10-09 16:02:12,,,,867488067677285,1106,HBD,,,,,,,,,,,,,,,,,,,,,,,,,,,,,,,,,,,,,,,,,,,,,,,,,,,,,,,,,,,,,,,,,,,,,,,,,,,,,
2025-10-09 16:04:13,,,,867488067677285,1107,HBD,,,,,,,,,,,,,,,,,,,,,,,,,,,,,,,,,,,,,,,,,,,,,,,,,,,,,,,,,,,,,,,,,,,,,,,,,,,,,
2025-10-09 16:06:13,,,,867488067677285,1108,HBD,,,,,,,,,,,,,,,,,,,,,,,,,,,,,,,,,,,,,,,,,,,,,,,,,,,,,,,,,,,,,,,,,,,,,,,,,,,,,
2025-10-09 16:08:14,,,,867488067677285,1109,HBD,,,,,,,,,,,,,,,,,,,,,,,,,,,,,,,,,,,,,,,,,,,,,,,,,,,,,,,,,,,,,,,,,,,,,,,,,,,,,
2025-10-09 16:10:14,,,,867488067677285,1110,HBD,,,,,,,,,,,,,,,,,,,,,,,,,,,,,,,,,,,,,,,,,,,,,,,,,,,,,,,,,,,,,,,,,,,,,,,,,,,,,
2025-10-09 16:12:15,,,,867488067677285,1111,HBD,,,,,,,,,,,,,,,,,,,,,,,,,,,,,,,,,,,,,,,,,,,,,,,,,,,,,,,,,,,,,,,,,,,,,,,,,,,,,
2025-10-09 16:14:15,,,,867488067677285,1112,HBD,,,,,,,,,,,,,,,,,,,,,,,,,,,,,,,,,,,,,,,,,,,,,,,,,,,,,,,,,,,,,,,,,,,,,,,,,,,,,
2025-10-09 16:16:16,,,,867488067677285,1113,HBD,,,,,,,,,,,,,,,,,,,,,,,,,,,,,,,,,,,,,,,,,,,,,,,,,,,,,,,,,,,,,,,,,,,,,,,,,,,,,
2025-10-09 16:18:16,,,,867488067677285,1114,HBD,,,,,,,,,,,,,,,,,,,,,,,,,,,,,,,,,,,,,,,,,,,,,,,,,,,,,,,,,,,,,,,,,,,,,,,,,,,,,
2025-10-09 16:20:17,,,,867488067677285,1115,HBD,,,,,,,,,,,,,,,,,,,,,,,,,,,,,,,,,,,,,,,,,,,,,,,,,,,,,,,,,,,,,,,,,,,,,,,,,,,,,
2025-10-09 16:22:17,,,,867488067677285,1116,HBD,,,,,,,,,,,,,,,,,,,,,,,,,,,,,,,,,,,,,,,,,,,,,,,,,,,,,,,,,,,,,,,,,,,,,,,,,,,,,
2025-10-09 16:24:18,,,,867488067677285,1117,HBD,,,,,,,,,,,,,,,,,,,,,,,,,,,,,,,,,,,,,,,,,,,,,,,,,,,,,,,,,,,,,,,,,,,,,,,,,,,,,
2025-10-09 16:26:18,,,,867488067677285,1118,HBD,,,,,,,,,,,,,,,,,,,,,,,,,,,,,,,,,,,,,,,,,,,,,,,,,,,,,,,,,,,,,,,,,,,,,,,,,,,,,
2025-10-09 16:28:19,,,,867488067677285,1119,HBD,,,,,,,,,,,,,,,,,,,,,,,,,,,,,,,,,,,,,,,,,,,,,,,,,,,,,,,,,,,,,,,,,,,,,,,,,,,,,
2025-10-09 16:30:19,,,,867488067677285,1120,HBD,,,,,,,,,,,,,,,,,,,,,,,,,,,,,,,,,,,,,,,,,,,,,,,,,,,,,,,,,,,,,,,,,,,,,,,,,,,,,
2025-10-09 16:32:20,,,,867488067677285,1121,HBD,,,,,,,,,,,,,,,,,,,,,,,,,,,,,,,,,,,,,,,,,,,,,,,,,,,,,,,,,,,,,,,,,,,,,,,,,,,,,
2025-10-09 16:34:20,,,,867488067677285,1122,HBD,,,,,,,,,,,,,,,,,,,,,,,,,,,,,,,,,,,,,,,,,,,,,,,,,,,,,,,,,,,,,,,,,,,,,,,,,,,,,
2025-10-09 16:36:21,,,,867488067677285,1123,HBD,,,,,,,,,,,,,,,,,,,,,,,,,,,,,,,,,,,,,,,,,,,,,,,,,,,,,,,,,,,,,,,,,,,,,,,,,,,,,
2025-10-09 16:38:21,,,,867488067677285,1124,HBD,,,,,,,,,,,,,,,,,,,,,,,,,,,,,,,,,,,,,,,,,,,,,,,,,,,,,,,,,,,,,,,,,,,,,,,,,,,,,
2025-10-09 16:40:22,,,,867488067677285,1125,HBD,,,,,,,,,,,,,,,,,,,,,,,,,,,,,,,,,,,,,,,,,,,,,,,,,,,,,,,,,,,,,,,,,,,,,,,,,,,,,
2025-10-09 16:42:22,,,,867488067677285,1126,HBD,,,,,,,,,,,,,,,,,,,,,,,,,,,,,,,,,,,,,,,,,,,,,,,,,,,,,,,,,,,,,,,,,,,,,,,,,,,,,
2025-10-09 16:44:23,,,,867488067677285,1127,HBD,,,,,,,,,,,,,,,,,,,,,,,,,,,,,,,,,,,,,,,,,,,,,,,,,,,,,,,,,,,,,,,,,,,,,,,,,,,,,
2025-10-09 16:46:23,,,,867488067677285,1128,HBD,,,,,,,,,,,,,,,,,,,,,,,,,,,,,,,,,,,,,,,,,,,,,,,,,,,,,,,,,,,,,,,,,,,,,,,,,,,,,
2025-10-09 16:48:24,,,,867488067677285,1129,HBD,,,,,,,,,,,,,,,,,,,,,,,,,,,,,,,,,,,,,,,,,,,,,,,,,,,,,,,,,,,,,,,,,,,,,,,,,,,,,
2025-10-09 16:48:53,2025-10-09 16:48:53,2025-10-09 15:54:41,2025-10-09 13:51:18,867488067677285,1131,GTIGN,0x19fe7fbf,,802003,0x8303,0x0115,43,12762,0000,0000,01,00,21,10,12,10603,00,01,0.0,33.5,178,269,601,596,-23.319574,-23.319782,-51.157001,-51.1562,0724,0005,9c6b,068ff81d,0.0,23.5,23.4,0:00:00,2:17:06,-,-,0,-,,,,,,,,,,,,,,,,,,,,,,,,,,,,,,,,,,,,,
2025-10-09 16:48:53,2025-10-09 16:48:53,2025-10-09 15:54:41,2025-10-09 15:54:41,867488067677285,1132,GTSTT,0x19fe7fbf,,802003,0x8303,0x0115,43,12762,0000,0000,01,00,21,10,10,-,00,00,0.0,0.0,178,178,601,601,-23.319574,-23.319574,-51.157001,-51.157001,0724,0005,9c6b,068ff81d,0.0,23.5,23.5,0:00:00,2:17:06,-,-,0,-,,,,,,,,,,,,,,,,,,,,,,,,,,,,,,,,,,,,,
2025-10-09 16:49:18,2025-10-09 16:49:18,2025-10-09 15:54:41,2025-10-09 15:54:41,867488067677285,1133,GTIGF,0x19fe7fbf,,802003,0x8303,0x0115,43,12541,0000,0000,00,00,11,10,10,25,00,00,0.0,0.0,178,178,601,601,-23.319574,-23.319574,-51.157001,-51.157001,0724,0005,9c6b,068ff801,0.0,23.5,23.5,0:00:24,2:17:30,-,-,0,-,,,,,,,,,,,,,,,,,,,,,,,,,,,,,,,,,,,,,
2025-10-09 16:49:18,2025-10-09 16:49:18,2025-10-09 15:54:41,2025-10-09 15:54:41,867488067677285,1134,GTSTT,0x19fe7fbf,,802003,0x8303,0x0115,43,12541,0000,0000,00,00,11,10,10,-,00,00,0.0,0.0,178,178,601,601,-23.319574,-23.319574,-51.157001,-51.157001,0724,0005,9c6b,068ff801,0.0,23.5,23.5,0:00:24,2:17:30,-,-,0,-,,,,,,,,,,,,,,,,,,,,,,,,,,,,,,,,,,,,,
2025-10-09 16:49:20,,,,867488067677285,1135,ACK,,,,,,,,,,,,,,,,,,,,,,,,,,,,,,,,,,,,,,,,,,,,,,,,,,,,,,,,,,,,,,,,,,,,,,,,,,,,,
2025-10-09 16:49:20,,,,867488067677285,1136,ACK,,,,,,,,,,,,,,,,,,,,,,,,,,,,,,,,,,,,,,,,,,,,,,,,,,,,,,,,,,,,,,,,,,,,,,,,,,,,,
2025-10-09 16:49:34,2025-10-09 16:49:34,2025-10-09 16:49:34,2025-10-09 16:49:34,867488067677285,1137,GTERI,0x19fe3fbf,0x00028102,802003,0x8303,0x0115,43,12701,0000,-,00,00,11,5,5,-,01,01,0.0,0.0,178,178,601,601,-23.319574,-23.319574,-51.157001,-51.157001,0724,0005,9c6b,068ff801,0.0,23.5,23.5,0:00:24,2:17:30,-,-,0,-,,,,,04,7,00000000,00,10,,,,,,,,,,,,,,,,,,,,,,,,,,,,
2025-10-09 16:49:34,2025-10-09 16:49:34,2025-10-09 16:49:34,2025-10-09 16:49:34,867488067677285,1138,GTIGL,0x19fe7fbf,,802003,0x8303,0x0115,43,12701,0000,0000,00,00,11,5,5,-,01,01,0.0,0.0,178,178,601,601,-23.319574,-23.319574,-51.157001,-51.157001,0724,0005,9c6b,068ff801,0.0,23.5,23.5,0:00:24,2:17:30,-,-,0,-,,,,,,,,,00,,,,,,,,,,,,,,,,,,,,,,,,,,,,
2025-10-09 16:49:34,2025-10-09 16:49:34,2025-10-09 16:49:34,2025-10-09 16:49:34,867488067677285,1139,GTIGL,0x19fe7fbf,,802003,0x8303,0x0115,43,12701,0000,0000,00,00,11,5,5,-,01,01,0.0,0.0,178,178,601,601,-23.319574,-23.319574,-51.157001,-51.157001,0724,0005,9c6b,068ff801,0.0,23.5,23.5,0:00:24,2:17:30,-,-,0,-,,,,,,,,,01,,,,,,,,,,,,,,,,,,,,,,,,,,,,
2025-10-09 16:50:24,,,,867488067677285,1140,HBD,,,,,,,,,,,,,,,,,,,,,,,,,,,,,,,,,,,,,,,,,,,,,,,,,,,,,,,,,,,,,,,,,,,,,,,,,,,,,
2025-10-09 16:52:01,,,,867488067677285,1142,HBD,,,,,,,,,,,,,,,,,,,,,,,,,,,,,,,,,,,,,,,,,,,,,,,,,,,,,,,,,,,,,,,,,,,,,,,,,,,,,
2025-10-09 16:52:01,2025-10-09 16:52:01,2025-10-09 16:51:59,2025-10-09 16:51:59,867488067677285,1143,GTERI,0x19fe3fbf,0x00028102,802003,0x8303,0x0115,43,12844,0000,-,00,00,11,12,12,-,01,01,0.0,0.0,178,178,601,601,-23.319574,-23.319574,-51.157001,-51.157001,0724,0005,9c6b,068ff81d,0.0,23.5,23.5,0:00:24,2:17:30,-,-,0,-,,,,,04,1,00000000,00,10,,,,,,,,,,,,,,,,,,,,,,,,,,,,
2025-10-09 16:54:18,,,,867488067677285,1145,HBD,,,,,,,,,,,,,,,,,,,,,,,,,,,,,,,,,,,,,,,,,,,,,,,,,,,,,,,,,,,,,,,,,,,,,,,,,,,,,
2025-10-09 16:54:18,2025-10-09 16:54:19,2025-10-09 16:54:18,2025-10-09 16:54:18,867488067677285,1146,GTERI,0x19fe3fbf,0x00028102,802003,0x8303,0x0115,43,12864,0000,-,00,00,11,12,12,-,01,01,0.0,0.0,178,178,601,601,-23.319574,-23.319574,-51.157001,-51.157001,0724,0005,9c6b,068ff81d,0.0,23.5,23.5,0:00:24,2:17:30,-,-,0,-,,,,,04,1,00000000,00,10,,,,,,,,,,,,,,,,,,,,,,,,,,,,
2025-10-09 16:56:25,,,,867488067677285,1147,HBD,,,,,,,,,,,,,,,,,,,,,,,,,,,,,,,,,,,,,,,,,,,,,,,,,,,,,,,,,,,,,,,,,,,,,,,,,,,,,
2025-10-09 16:58:26,,,,867488067677285,1148,HBD,,,,,,,,,,,,,,,,,,,,,,,,,,,,,,,,,,,,,,,,,,,,,,,,,,,,,,,,,,,,,,,,,,,,,,,,,,,,,
2025-10-09 17:00:26,,,,867488067677285,1149,HBD,,,,,,,,,,,,,,,,,,,,,,,,,,,,,,,,,,,,,,,,,,,,,,,,,,,,,,,,,,,,,,,,,,,,,,,,,,,,,
2025-10-09 17:02:27,,,,867488067677285,1150,HBD,,,,,,,,,,,,,,,,,,,,,,,,,,,,,,,,,,,,,,,,,,,,,,,,,,,,,,,,,,,,,,,,,,,,,,,,,,,,,
2025-10-09 17:04:27,,,,867488067677285,1151,HBD,,,,,,,,,,,,,,,,,,,,,,,,,,,,,,,,,,,,,,,,,,,,,,,,,,,,,,,,,,,,,,,,,,,,,,,,,,,,,
2025-10-09 17:06:28,,,,867488067677285,1152,HBD,,,,,,,,,,,,,,,,,,,,,,,,,,,,,,,,,,,,,,,,,,,,,,,,,,,,,,,,,,,,,,,,,,,,,,,,,,,,,
2025-10-09 17:08:28,,,,867488067677285,1153,HBD,,,,,,,,,,,,,,,,,,,,,,,,,,,,,,,,,,,,,,,,,,,,,,,,,,,,,,,,,,,,,,,,,,,,,,,,,,,,,
2025-10-09 17:10:29,,,,867488067677285,1154,HBD,,,,,,,,,,,,,,,,,,,,,,,,,,,,,,,,,,,,,,,,,,,,,,,,,,,,,,,,,,,,,,,,,,,,,,,,,,,,,
2025-10-09 17:12:29,,,,867488067677285,1155,HBD,,,,,,,,,,,,,,,,,,,,,,,,,,,,,,,,,,,,,,,,,,,,,,,,,,,,,,,,,,,,,,,,,,,,,,,,,,,,,
2025-10-09 17:14:30,,,,867488067677285,1156,HBD,,,,,,,,,,,,,,,,,,,,,,,,,,,,,,,,,,,,,,,,,,,,,,,,,,,,,,,,,,,,,,,,,,,,,,,,,,,,,
2025-10-09 17:16:30,,,,867488067677285,1157,HBD,,,,,,,,,,,,,,,,,,,,,,,,,,,,,,,,,,,,,,,,,,,,,,,,,,,,,,,,,,,,,,,,,,,,,,,,,,,,,
2025-10-09 17:18:31,,,,867488067677285,1158,HBD,,,,,,,,,,,,,,,,,,,,,,,,,,,,,,,,,,,,,,,,,,,,,,,,,,,,,,,,,,,,,,,,,,,,,,,,,,,,,
2025-10-09 17:20:31,,,,867488067677285,1159,HBD,,,,,,,,,,,,,,,,,,,,,,,,,,,,,,,,,,,,,,,,,,,,,,,,,,,,,,,,,,,,,,,,,,,,,,,,,,,,,
2025-10-09 17:22:32,,,,867488067677285,1160,HBD,,,,,,,,,,,,,,,,,,,,,,,,,,,,,,,,,,,,,,,,,,,,,,,,,,,,,,,,,,,,,,,,,,,,,,,,,,,,,
2025-10-09 17:24:32,,,,867488067677285,1161,HBD,,,,,,,,,,,,,,,,,,,,,,,,,,,,,,,,,,,,,,,,,,,,,,,,,,,,,,,,,,,,,,,,,,,,,,,,,,,,,
2025-10-09 17:26:33,,,,867488067677285,1162,HBD,,,,,,,,,,,,,,,,,,,,,,,,,,,,,,,,,,,,,,,,,,,,,,,,,,,,,,,,,,,,,,,,,,,,,,,,,,,,,
2025-10-09 17:28:33,,,,867488067677285,1163,HBD,,,,,,,,,,,,,,,,,,,,,,,,,,,,,,,,,,,,,,,,,,,,,,,,,,,,,,,,,,,,,,,,,,,,,,,,,,,,,
2025-10-09 17:30:33,,,,867488067677285,1164,HBD,,,,,,,,,,,,,,,,,,,,,,,,,,,,,,,,,,,,,,,,,,,,,,,,,,,,,,,,,,,,,,,,,,,,,,,,,,,,,
2025-10-09 17:32:34,,,,867488067677285,1165,HBD,,,,,,,,,,,,,,,,,,,,,,,,,,,,,,,,,,,,,,,,,,,,,,,,,,,,,,,,,,,,,,,,,,,,,,,,,,,,,
2025-10-09 17:34:34,,,,867488067677285,1166,HBD,,,,,,,,,,,,,,,,,,,,,,,,,,,,,,,,,,,,,,,,,,,,,,,,,,,,,,,,,,,,,,,,,,,,,,,,,,,,,
2025-10-09 17:36:35,,,,867488067677285,1167,HBD,,,,,,,,,,,,,,,,,,,,,,,,,,,,,,,,,,,,,,,,,,,,,,,,,,,,,,,,,,,,,,,,,,,,,,,,,,,,,
2025-10-09 17:38:35,,,,867488067677285,1168,HBD,,,,,,,,,,,,,,,,,,,,,,,,,,,,,,,,,,,,,,,,,,,,,,,,,,,,,,,,,,,,,,,,,,,,,,,,,,,,,
2025-10-09 17:40:36,,,,867488067677285,1169,HBD,,,,,,,,,,,,,,,,,,,,,,,,,,,,,,,,,,,,,,,,,,,,,,,,,,,,,,,,,,,,,,,,,,,,,,,,,,,,,
2025-10-09 17:42:36,,,,867488067677285,1170,HBD,,,,,,,,,,,,,,,,,,,,,,,,,,,,,,,,,,,,,,,,,,,,,,,,,,,,,,,,,,,,,,,,,,,,,,,,,,,,,
2025-10-09 17:44:37,,,,867488067677285,1171,HBD,,,,,,,,,,,,,,,,,,,,,,,,,,,,,,,,,,,,,,,,,,,,,,,,,,,,,,,,,,,,,,,,,,,,,,,,,,,,,
2025-10-09 17:46:37,,,,867488067677285,1172,HBD,,,,,,,,,,,,,,,,,,,,,,,,,,,,,,,,,,,,,,,,,,,,,,,,,,,,,,,,,,,,,,,,,,,,,,,,,,,,,
2025-10-09 17:48:38,,,,867488067677285,1173,HBD,,,,,,,,,,,,,,,,,,,,,,,,,,,,,,,,,,,,,,,,,,,,,,,,,,,,,,,,,,,,,,,,,,,,,,,,,,,,,
2025-10-09 17:50:38,,,,867488067677285,1174,HBD,,,,,,,,,,,,,,,,,,,,,,,,,,,,,,,,,,,,,,,,,,,,,,,,,,,,,,,,,,,,,,,,,,,,,,,,,,,,,
2025-10-09 17:52:39,,,,867488067677285,1175,HBD,,,,,,,,,,,,,,,,,,,,,,,,,,,,,,,,,,,,,,,,,,,,,,,,,,,,,,,,,,,,,,,,,,,,,,,,,,,,,
2025-10-09 17:54:14,,,,867488067677285,1176,HBD,,,,,,,,,,,,,,,,,,,,,,,,,,,,,,,,,,,,,,,,,,,,,,,,,,,,,,,,,,,,,,,,,,,,,,,,,,,,,
2025-10-09 17:54:14,2025-10-09 17:54:14,2025-10-09 17:51:48,2025-10-09 17:51:48,867488067677285,1177,GTERI,0x19fe3fbf,0x00028102,802003,0x8303,0x0115,43,12970,0000,-,00,00,11,12,12,-,01,01,0.0,0.0,178,178,601,601,-23.319574,-23.319574,-51.157001,-51.157001,0724,0005,9c6b,068ff81d,0.0,23.5,23.5,0:00:24,2:17:30,-,-,0,-,,,,,04,1,00000000,00,10,,,,,,,,,,,,,,,,,,,,,,,,,,,,
2025-10-09 17:56:39,,,,867488067677285,1178,HBD,,,,,,,,,,,,,,,,,,,,,,,,,,,,,,,,,,,,,,,,,,,,,,,,,,,,,,,,,,,,,,,,,,,,,,,,,,,,,
2025-10-09 17:58:40,,,,867488067677285,1179,HBD,,,,,,,,,,,,,,,,,,,,,,,,,,,,,,,,,,,,,,,,,,,,,,,,,,,,,,,,,,,,,,,,,,,,,,,,,,,,,
2025-10-09 18:00:40,,,,867488067677285,1180,HBD,,,,,,,,,,,,,,,,,,,,,,,,,,,,,,,,,,,,,,,,,,,,,,,,,,,,,,,,,,,,,,,,,,,,,,,,,,,,,
2025-10-09 18:02:41,,,,867488067677285,1181,HBD,,,,,,,,,,,,,,,,,,,,,,,,,,,,,,,,,,,,,,,,,,,,,,,,,,,,,,,,,,,,,,,,,,,,,,,,,,,,,
2025-10-09 18:04:41,,,,867488067677285,1182,HBD,,,,,,,,,,,,,,,,,,,,,,,,,,,,,,,,,,,,,,,,,,,,,,,,,,,,,,,,,,,,,,,,,,,,,,,,,,,,,
2025-10-09 18:06:42,,,,867488067677285,1183,HBD,,,,,,,,,,,,,,,,,,,,,,,,,,,,,,,,,,,,,,,,,,,,,,,,,,,,,,,,,,,,,,,,,,,,,,,,,,,,,
2025-10-09 18:08:42,,,,867488067677285,1184,HBD,,,,,,,,,,,,,,,,,,,,,,,,,,,,,,,,,,,,,,,,,,,,,,,,,,,,,,,,,,,,,,,,,,,,,,,,,,,,,
2025-10-09 18:10:43,,,,867488067677285,1185,HBD,,,,,,,,,,,,,,,,,,,,,,,,,,,,,,,,,,,,,,,,,,,,,,,,,,,,,,,,,,,,,,,,,,,,,,,,,,,,,
2025-10-09 18:12:43,,,,867488067677285,1186,HBD,,,,,,,,,,,,,,,,,,,,,,,,,,,,,,,,,,,,,,,,,,,,,,,,,,,,,,,,,,,,,,,,,,,,,,,,,,,,,
2025-10-09 18:14:44,,,,867488067677285,1187,HBD,,,,,,,,,,,,,,,,,,,,,,,,,,,,,,,,,,,,,,,,,,,,,,,,,,,,,,,,,,,,,,,,,,,,,,,,,,,,,
2025-10-09 18:16:44,,,,867488067677285,1188,HBD,,,,,,,,,,,,,,,,,,,,,,,,,,,,,,,,,,,,,,,,,,,,,,,,,,,,,,,,,,,,,,,,,,,,,,,,,,,,,
2025-10-09 18:18:45,,,,867488067677285,1189,HBD,,,,,,,,,,,,,,,,,,,,,,,,,,,,,,,,,,,,,,,,,,,,,,,,,,,,,,,,,,,,,,,,,,,,,,,,,,,,,
2025-10-09 18:20:45,,,,867488067677285,1190,HBD,,,,,,,,,,,,,,,,,,,,,,,,,,,,,,,,,,,,,,,,,,,,,,,,,,,,,,,,,,,,,,,,,,,,,,,,,,,,,
2025-10-09 18:22:46,,,,867488067677285,1191,HBD,,,,,,,,,,,,,,,,,,,,,,,,,,,,,,,,,,,,,,,,,,,,,,,,,,,,,,,,,,,,,,,,,,,,,,,,,,,,,
2025-10-09 18:24:46,,,,867488067677285,1192,HBD,,,,,,,,,,,,,,,,,,,,,,,,,,,,,,,,,,,,,,,,,,,,,,,,,,,,,,,,,,,,,,,,,,,,,,,,,,,,,
2025-10-09 18:26:47,,,,867488067677285,1193,HBD,,,,,,,,,,,,,,,,,,,,,,,,,,,,,,,,,,,,,,,,,,,,,,,,,,,,,,,,,,,,,,,,,,,,,,,,,,,,,
2025-10-09 18:28:47,,,,867488067677285,1194,HBD,,,,,,,,,,,,,,,,,,,,,,,,,,,,,,,,,,,,,,,,,,,,,,,,,,,,,,,,,,,,,,,,,,,,,,,,,,,,,
2025-10-09 18:30:48,,,,867488067677285,1195,HBD,,,,,,,,,,,,,,,,,,,,,,,,,,,,,,,,,,,,,,,,,,,,,,,,,,,,,,,,,,,,,,,,,,,,,,,,,,,,,
2025-10-09 18:32:48,,,,867488067677285,1196,HBD,,,,,,,,,,,,,,,,,,,,,,,,,,,,,,,,,,,,,,,,,,,,,,,,,,,,,,,,,,,,,,,,,,,,,,,,,,,,,
2025-10-09 18:34:49,,,,867488067677285,1197,HBD,,,,,,,,,,,,,,,,,,,,,,,,,,,,,,,,,,,,,,,,,,,,,,,,,,,,,,,,,,,,,,,,,,,,,,,,,,,,,
2025-10-09 18:35:49,,,,867488067677285,1198,HBD,,,,,,,,,,,,,,,,,,,,,,,,,,,,,,,,,,,,,,,,,,,,,,,,,,,,,,,,,,,,,,,,,,,,,,,,,,,,,
2025-10-09 18:37:49,,,,867488067677285,1199,HBD,,,,,,,,,,,,,,,,,,,,,,,,,,,,,,,,,,,,,,,,,,,,,,,,,,,,,,,,,,,,,,,,,,,,,,,,,,,,,
2025-10-09 18:39:50,,,,867488067677285,1200,HBD,,,,,,,,,,,,,,,,,,,,,,,,,,,,,,,,,,,,,,,,,,,,,,,,,,,,,,,,,,,,,,,,,,,,,,,,,,,,,
2025-10-09 18:41:50,,,,867488067677285,1201,HBD,,,,,,,,,,,,,,,,,,,,,,,,,,,,,,,,,,,,,,,,,,,,,,,,,,,,,,,,,,,,,,,,,,,,,,,,,,,,,
2025-10-09 18:43:51,,,,867488067677285,1202,HBD,,,,,,,,,,,,,,,,,,,,,,,,,,,,,,,,,,,,,,,,,,,,,,,,,,,,,,,,,,,,,,,,,,,,,,,,,,,,,
2025-10-09 18:44:38,2025-10-09 18:44:39,2025-10-09 17:51:48,2025-10-09 17:51:48,867488067677285,1204,GTIGN,0x19fe7fbf,,802003,0x8303,0x0115,43,12796,0000,0000,01,00,22,12,12,6921,00,01,0.0,0.0,178,178,601,601,-23.319574,-23.319574,-51.157001,-51.157001,0724,0005,9c6b,068ff81d,0.0,23.5,23.5,0:00:00,2:17:30,-,-,0,-,,,,,,,,,,,,,,,,,,,,,,,,,,,,,,,,,,,,,
2025-10-09 18:44:38,2025-10-09 18:44:39,2025-10-09 17:51:48,2025-10-09 17:51:48,867488067677285,1205,GTSTT,0x19fe7fbf,,802003,0x8303,0x0115,43,12796,0000,0000,01,00,22,12,12,-,00,00,0.0,0.0,178,178,601,601,-23.319574,-23.319574,-51.157001,-51.157001,0724,0005,9c6b,068ff81d,0.0,23.5,23.5,0:00:00,2:17:30,-,-,0,-,,,,,,,,,,,,,,,,,,,,,,,,,,,,,,,,,,,,,
2025-10-09 18:44:56,2025-10-09 18:44:57,2025-10-09 18:44:56,2025-10-09 18:44:56,867488067677285,1206,GTERI,0x19fe3fbf,0x00028102,802003,0x8303,0x0115,43,13239,0000,-,01,00,22,8,8,-,03,03,7.6,7.6,166,166,638,638,-23.319621,-23.319621,-51.156724,-51.156724,0724,0005,9c6b,068ff801,0.0,23.6,23.6,0:00:18,2:17:48,-,-,0,-,,,,,04,7,00000000,00,10,,,,,,,,,,,,,,,,,,,,,,,,,,,,
2025-10-09 18:44:56,2025-10-09 18:44:57,2025-10-09 18:44:56,2025-10-09 18:44:56,867488067677285,1207,GTIGL,0x19fe7fbf,,802003,0x8303,0x0115,43,13239,0000,0000,01,00,22,8,8,-,03,03,7.6,7.6,166,166,638,638,-23.319621,-23.319621,-51.156724,-51.156724,0724,0005,9c6b,068ff801,0.0,23.6,23.6,0:00:18,2:17:48,-,-,0,-,,,,,,,,,00,,,,,,,,,,,,,,,,,,,,,,,,,,,,
2025-10-09 18:45:51,,,,867488067677285,1208,HBD,,,,,,,,,,,,,,,,,,,,,,,,,,,,,,,,,,,,,,,,,,,,,,,,,,,,,,,,,,,,,,,,,,,,,,,,,,,,,
2025-10-09 18:47:40,2025-10-09 18:47:40,2025-10-09 18:47:39,2025-10-09 18:46:06,867488067677285,1210,GTBTC,0x19fe7fbf,,802003,0x8303,0x0115,43,13972,0000,0000,01,00,22,12,11,-,01,01,40.8,41.0,90,269,598,582,-23.319941,-23.319805,-51.155977,-51.159279,0724,0005,9c6b,068ff801,0.8,24.4,23.8,0:03:00,2:20:30,-,-,0,-,,,,,,,,,,,,,,,,,,,,,,,,,,,,,,,,,,,,,
2025-10-09 18:47:45,2025-10-09 18:47:45,2025-10-09 18:47:43,2025-10-09 18:47:40,867488067677285,1211,GTERI,0x19fe3fbf,0x00028102,802003,0x8303,0x0115,43,13971,0000,-,01,00,22,12,12,-,01,01,38.2,40.8,91,91,595,597,-23.319952,-23.319942,-51.155546,-51.155866,0724,0005,9c6b,068ff801,0.9,24.4,24.4,0:03:06,2:20:36,-,-,0,-,,,,,04,7,00000000,00,10,,,,,,,,,,,,,,,,,,,,,,,,,,,,
2025-10-09 18:47:52,,,,867488067677285,1212,HBD,,,,,,,,,,,,,,,,,,,,,,,,,,,,,,,,,,,,,,,,,,,,,,,,,,,,,,,,,,,,,,,,,,,,,,,,,,,,,
2025-10-09 18:48:44,,,,867488067677285,1214,ACK,,,,,,,,,,,,,,,,,,,,,,,,,,,,,,,,,,,,,,,,,,,,,,,,,,,,,,,,,,,,,,,,,,,,,,,,,,,,,
2025-10-09 18:48:44,,,,867488067677285,1215,ACK,,,,,,,,,,,,,,,,,,,,,,,,,,,,,,,,,,,,,,,,,,,,,,,,,,,,,,,,,,,,,,,,,,,,,,,,,,,,,
2025-10-09 18:48:45,,,,867488067677285,1216,ACK,,,,,,,,,,,,,,,,,,,,,,,,,,,,,,,,,,,,,,,,,,,,,,,,,,,,,,,,,,,,,,,,,,,,,,,,,,,,,
2025-10-09 18:49:52,,,,867488067677285,1217,HBD,,,,,,,,,,,,,,,,,,,,,,,,,,,,,,,,,,,,,,,,,,,,,,,,,,,,,,,,,,,,,,,,,,,,,,,,,,,,,
2025-10-09 18:50:45,2025-10-09 18:50:45,2025-10-09 18:50:43,2025-10-09 18:49:00,867488067677285,1219,GTERI,0x19fe3fbf,0x00028102,802003,0x8303,0x0115,67,13880,0000,-,01,00,22,12,12,-,01,01,0.0,45.1,91,181,567,569,-23.326995,-23.325869,-51.154767,-51.155106,0724,0005,9c6b,068ffe1e,1.7,25.2,25.1,0:06:06,2:23:36,-,-,0,-,,,,,04,1,00000000,00,10,,,,,,,,,,,,,,,,,,,,,,,,,,,,
2025-10-09 18:51:00,2025-10-09 18:51:01,2025-10-09 18:51:00,2025-10-09 18:51:00,867488067677285,1220,GTSTT,0x19fe7fbf,,802003,0x8303,0x0115,67,13895,0000,0000,01,00,21,12,12,-,01,01,8.3,8.3,88,88,567,567,-23.326994,-23.326994,-51.15476,-51.15476,0724,0005,9c6b,068ffe1e,1.7,25.2,25.2,0:06:21,2:23:51,-,-,0,-,,,,,,,,,,,,,,,,,,,,,,,,,,,,,,,,,,,,,
2025-10-09 18:51:03,2025-10-09 18:51:04,2025-10-09 18:51:02,2025-10-09 18:51:02,867488067677285,1221,GTSTT,0x19fe7fbf,,802003,0x8303,0x0115,67,13895,0000,0000,01,00,22,12,12,-,01,01,16.2,16.2,88,88,568,568,-23.327002,-23.327002,-51.154679,-51.154679,0724,0005,9c6b,068ffe1e,1.7,25.2,25.2,0:06:24,2:23:54,-,-,0,-,,,,,,,,,,,,,,,,,,,,,,,,,,,,,,,,,,,,,
2025-10-09 18:51:53,,,,867488067677285,1222,HBD,,,,,,,,,,,,,,,,,,,,,,,,,,,,,,,,,,,,,,,,,,,,,,,,,,,,,,,,,,,,,,,,,,,,,,,,,,,,,
2025-10-09 18:52:35,2025-10-09 18:52:35,2025-10-09 18:52:34,2025-10-09 18:52:34,867488067677285,1223,GTIGF,0x19fe7fbf,,802003,0x8303,0x0115,68,13046,0000,0000,00,00,12,12,12,476,01,01,0.0,0.0,91,91,576,576,-23.323513,-23.323513,-51.154892,-51.154892,0724,0005,9c6b,068ffe00,2.1,25.6,25.6,0:07:54,2:25:24,-,-,0,-,,,,,,,,,,,,,,,,,,,,,,,,,,,,,,,,,,,,,
2025-10-09 18:52:35,2025-10-09 18:52:35,2025-10-09 18:52:34,2025-10-09 18:52:34,867488067677285,1224,GTSTT,0x19fe7fbf,,802003,0x8303,0x0115,68,13046,0000,0000,00,00,12,12,12,-,01,01,0.0,0.0,91,91,576,576,-23.323513,-23.323513,-51.154892,-51.154892,0724,0005,9c6b,068ffe00,2.1,25.6,25.6,0:07:54,2:25:24,-,-,0,-,,,,,,,,,,,,,,,,,,,,,,,,,,,,,,,,,,,,,
2025-10-09 18:52:35,2025-10-09 18:52:35,2025-10-09 18:52:35,2025-10-09 18:52:35,867488067677285,1225,GTIGL,0x19fe7fbf,,802003,0x8303,0x0115,68,13046,0000,0000,00,00,12,12,12,-,01,01,0.0,0.0,91,91,576,576,-23.323513,-23.323513,-51.154892,-51.154892,0724,0005,9c6b,068ffe00,2.1,25.6,25.6,0:07:54,2:25:24,-,-,0,-,,,,,,,,,01,,,,,,,,,,,,,,,,,,,,,,,,,,,,
2025-10-09 18:52:36,2025-10-09 18:52:36,2025-10-09 18:52:35,2025-10-09 18:52:35,867488067677285,1226,GTSTC,0x19fe7fbf,,802003,0x8303,0x0115,68,13046,0000,0000,00,00,12,12,12,-,00,00,0.0,0.0,91,91,576,576,-23.323513,-23.323513,-51.154892,-51.154892,0724,0005,9c6b,068ffe00,2.1,25.6,25.6,0:07:54,2:25:24,-,-,0,-,,,,,,,,,,,,,,,,,,,,,,,,,,,,,,,,,,,,,
2025-10-09 18:52:40,,,,867488067677285,1228,ACK,,,,,,,,,,,,,,,,,,,,,,,,,,,,,,,,,,,,,,,,,,,,,,,,,,,,,,,,,,,,,,,,,,,,,,,,,,,,,
2025-10-09 18:52:40,,,,867488067677285,1229,ACK,,,,,,,,,,,,,,,,,,,,,,,,,,,,,,,,,,,,,,,,,,,,,,,,,,,,,,,,,,,,,,,,,,,,,,,,,,,,,
2025-10-09 18:52:58,2025-10-09 18:52:58,2025-10-09 18:52:57,2025-10-09 18:52:57,867488067677285,1230,GTSTT,0x19fe7fbf,,802003,0x8303,0x0115,64,12852,0000,0000,00,00,11,12,12,-,01,01,0.0,0.0,91,91,575,575,-23.323506,-23.323506,-51.154898,-51.154898,0724,0005,9c6b,068ffe00,2.1,25.6,25.6,0:07:54,2:25:24,-,-,0,-,,,,,,,,,,,,,,,,,,,,,,,,,,,,,,,,,,,,,
2025-10-09 18:53:45,2025-10-09 18:53:45,2025-10-09 18:53:43,2025-10-09 18:53:43,867488067677285,1231,GTERI,0x19fe3fbf,0x00028102,802003,0x8303,0x0115,49,12906,0000,-,00,00,11,12,12,-,01,01,0.0,0.0,91,91,575,575,-23.323506,-23.323506,-51.154898,-51.154898,0724,0005,9c6b,068ffe00,2.1,25.6,25.6,0:07:54,2:25:24,-,-,0,-,,,,,04,7,00000000,00,10,,,,,,,,,,,,,,,,,,,,,,,,,,,,
2025-10-09 18:53:53,,,,867488067677285,1232,HBD,,,,,,,,,,,,,,,,,,,,,,,,,,,,,,,,,,,,,,,,,,,,,,,,,,,,,,,,,,,,,,,,,,,,,,,,,,,,,
2025-10-09 18:55:54,,,,867488067677285,1234,HBD,,,,,,,,,,,,,,,,,,,,,,,,,,,,,,,,,,,,,,,,,,,,,,,,,,,,,,,,,,,,,,,,,,,,,,,,,,,,,
2025-10-09 18:56:45,2025-10-09 18:56:45,2025-10-09 18:56:43,2025-10-09 18:56:43,867488067677285,1236,GTERI,0x19fe3fbf,0x00028102,802003,0x8303,0x0115,46,12954,0000,-,00,00,11,12,12,-,01,01,0.0,0.0,91,91,575,575,-23.323506,-23.323506,-51.154898,-51.154898,0724,0005,9c6b,068ffe00,2.1,25.6,25.6,0:07:54,2:25:24,-,-,0,-,,,,,04,7,00000000,00,10,,,,,,,,,,,,,,,,,,,,,,,,,,,,
2025-10-09 18:57:35,2025-10-09 18:57:36,2025-10-09 18:57:35,2025-10-09 18:57:35,867488067677285,1237,GTERI,0x19fe3fbf,0x00028102,802003,0x8303,0x0115,46,12952,0000,-,00,00,11,12,12,-,01,01,0.0,0.0,91,91,575,575,-23.323506,-23.323506,-51.154898,-51.154898,0724,0005,9c6b,068ffe00,2.1,25.6,25.6,0:07:54,2:25:24,-,-,0,-,,,,,04,7,00000000,00,10,,,,,,,,,,,,,,,,,,,,,,,,,,,,
2025-10-09 18:57:54,,,,867488067677285,1238,HBD,,,,,,,,,,,,,,,,,,,,,,,,,,,,,,,,,,,,,,,,,,,,,,,,,,,,,,,,,,,,,,,,,,,,,,,,,,,,,
2025-10-09 18:59:55,,,,867488067677285,1239,HBD,,,,,,,,,,,,,,,,,,,,,,,,,,,,,,,,,,,,,,,,,,,,,,,,,,,,,,,,,,,,,,,,,,,,,,,,,,,,,
2025-10-09 19:01:55,,,,867488067677285,1240,HBD,,,,,,,,,,,,,,,,,,,,,,,,,,,,,,,,,,,,,,,,,,,,,,,,,,,,,,,,,,,,,,,,,,,,,,,,,,,,,
2025-10-09 19:03:56,,,,867488067677285,1241,HBD,,,,,,,,,,,,,,,,,,,,,,,,,,,,,,,,,,,,,,,,,,,,,,,,,,,,,,,,,,,,,,,,,,,,,,,,,,,,,
2025-10-09 19:05:56,,,,867488067677285,1242,HBD,,,,,,,,,,,,,,,,,,,,,,,,,,,,,,,,,,,,,,,,,,,,,,,,,,,,,,,,,,,,,,,,,,,,,,,,,,,,,
2025-10-09 19:07:57,,,,867488067677285,1243,HBD,,,,,,,,,,,,,,,,,,,,,,,,,,,,,,,,,,,,,,,,,,,,,,,,,,,,,,,,,,,,,,,,,,,,,,,,,,,,,
2025-10-09 19:09:57,,,,867488067677285,1244,HBD,,,,,,,,,,,,,,,,,,,,,,,,,,,,,,,,,,,,,,,,,,,,,,,,,,,,,,,,,,,,,,,,,,,,,,,,,,,,,
2025-10-09 19:11:58,,,,867488067677285,1245,HBD,,,,,,,,,,,,,,,,,,,,,,,,,,,,,,,,,,,,,,,,,,,,,,,,,,,,,,,,,,,,,,,,,,,,,,,,,,,,,
2025-10-09 19:13:58,,,,867488067677285,1246,HBD,,,,,,,,,,,,,,,,,,,,,,,,,,,,,,,,,,,,,,,,,,,,,,,,,,,,,,,,,,,,,,,,,,,,,,,,,,,,,
2025-10-09 19:15:58,,,,867488067677285,1247,HBD,,,,,,,,,,,,,,,,,,,,,,,,,,,,,,,,,,,,,,,,,,,,,,,,,,,,,,,,,,,,,,,,,,,,,,,,,,,,,
2025-10-09 19:17:59,,,,867488067677285,1248,HBD,,,,,,,,,,,,,,,,,,,,,,,,,,,,,,,,,,,,,,,,,,,,,,,,,,,,,,,,,,,,,,,,,,,,,,,,,,,,,
2025-10-09 19:19:59,,,,867488067677285,1249,HBD,,,,,,,,,,,,,,,,,,,,,,,,,,,,,,,,,,,,,,,,,,,,,,,,,,,,,,,,,,,,,,,,,,,,,,,,,,,,,
2025-10-09 19:22:00,,,,867488067677285,1250,HBD,,,,,,,,,,,,,,,,,,,,,,,,,,,,,,,,,,,,,,,,,,,,,,,,,,,,,,,,,,,,,,,,,,,,,,,,,,,,,
2025-10-09 19:24:01,,,,867488067677285,1251,HBD,,,,,,,,,,,,,,,,,,,,,,,,,,,,,,,,,,,,,,,,,,,,,,,,,,,,,,,,,,,,,,,,,,,,,,,,,,,,,
2025-10-09 19:26:01,,,,867488067677285,1252,HBD,,,,,,,,,,,,,,,,,,,,,,,,,,,,,,,,,,,,,,,,,,,,,,,,,,,,,,,,,,,,,,,,,,,,,,,,,,,,,
2025-10-09 19:28:01,,,,867488067677285,1253,HBD,,,,,,,,,,,,,,,,,,,,,,,,,,,,,,,,,,,,,,,,,,,,,,,,,,,,,,,,,,,,,,,,,,,,,,,,,,,,,
2025-10-09 19:30:02,,,,867488067677285,1254,HBD,,,,,,,,,,,,,,,,,,,,,,,,,,,,,,,,,,,,,,,,,,,,,,,,,,,,,,,,,,,,,,,,,,,,,,,,,,,,,
2025-10-09 19:32:02,,,,867488067677285,1255,HBD,,,,,,,,,,,,,,,,,,,,,,,,,,,,,,,,,,,,,,,,,,,,,,,,,,,,,,,,,,,,,,,,,,,,,,,,,,,,,
2025-10-09 19:33:33,2025-10-09 19:33:33,2025-10-09 18:57:35,2025-10-09 18:51:17,867488067677285,1257,GTIGN,0x19fe7fbf,,802003,0x8303,0x0115,45,12779,0000,0000,01,00,22,12,12,2458,00,01,0.0,47.7,91,344,575,566,-23.323506,-23.326,-51.154898,-51.154847,0724,0005,9c6b,068ffe00,0.0,25.6,25.4,0:00:00,2:25:24,-,-,0,-,,,,,,,,,,,,,,,,,,,,,,,,,,,,,,,,,,,,,
2025-10-09 19:33:33,2025-10-09 19:33:33,2025-10-09 18:57:35,2025-10-09 18:57:35,867488067677285,1258,GTSTT,0x19fe7fbf,,802003,0x8303,0x0115,45,12779,0000,0000,01,00,22,12,12,-,00,00,0.0,0.0,91,91,575,575,-23.323506,-23.323506,-51.154898,-51.154898,0724,0005,9c6b,068ffe00,0.0,25.6,25.6,0:00:00,2:25:24,-,-,0,-,,,,,,,,,,,,,,,,,,,,,,,,,,,,,,,,,,,,,
2025-10-09 19:33:44,2025-10-09 19:33:44,2025-10-09 19:33:44,2025-10-09 19:33:44,867488067677285,1259,GTERI,0x19fe3fbf,0x00028102,802003,0x8303,0x0115,45,14001,0000,-,01,00,22,12,12,-,01,01,0.0,0.0,91,91,572,572,-23.32349,-23.32349,-51.15485,-51.15485,0724,0005,9c6b,068ffe00,0.0,25.6,25.6,0:00:09,2:25:33,-,-,0,-,,,,,04,7,00000000,00,10,,,,,,,,,,,,,,,,,,,,,,,,,,,,
2025-10-09 19:33:44,2025-10-09 19:33:44,2025-10-09 19:33:44,2025-10-09 19:33:44,867488067677285,1260,GTIGL,0x19fe7fbf,,802003,0x8303,0x0115,45,14001,0000,0000,01,00,22,12,12,-,01,01,0.0,0.0,91,91,572,572,-23.32349,-23.32349,-51.15485,-51.15485,0724,0005,9c6b,068ffe00,0.0,25.6,25.6,0:00:09,2:25:33,-,-,0,-,,,,,,,,,00,,,,,,,,,,,,,,,,,,,,,,,,,,,,
2025-10-09 19:34:03,,,,867488067677285,1261,HBD,,,,,,,,,,,,,,,,,,,,,,,,,,,,,,,,,,,,,,,,,,,,,,,,,,,,,,,,,,,,,,,,,,,,,,,,,,,,,
2025-10-09 19:36:03,,,,867488067677285,1263,HBD,,,,,,,,,,,,,,,,,,,,,,,,,,,,,,,,,,,,,,,,,,,,,,,,,,,,,,,,,,,,,,,,,,,,,,,,,,,,,
2025-10-09 19:36:34,2025-10-09 19:36:35,2025-10-09 19:36:34,2025-10-09 19:35:48,867488067677285,1264,GTBTC,0x19fe7fbf,,802003,0x8303,0x0115,45,13971,0000,0000,01,00,22,12,12,-,01,01,0.3,35.7,91,359,586,583,-23.320268,-23.322154,-51.154974,-51.154916,0724,0005,9c6b,0692e401,0.4,26.0,25.8,0:03:00,2:28:24,-,-,0,-,,,,,,,,,,,,,,,,,,,,,,,,,,,,,,,,,,,,,
2025-10-09 19:36:42,2025-10-09 19:36:42,2025-10-09 19:36:40,2025-10-09 19:36:41,867488067677285,1265,GTERI,0x19fe3fbf,0x00028102,802003,0x8303,0x0115,45,13971,0000,-,01,00,22,12,12,-,01,01,0.0,0.0,91,91,586,586,-23.320268,-23.320268,-51.154974,-51.154974,0724,0005,9c6b,0692e401,0.4,26.0,26.0,0:03:06,2:28:30,-,-,0,-,,,,,04,7,00000000,00,10,,,,,,,,,,,,,,,,,,,,,,,,,,,,
2025-10-09 19:37:38,,,,867488067677285,1267,ACK,,,,,,,,,,,,,,,,,,,,,,,,,,,,,,,,,,,,,,,,,,,,,,,,,,,,,,,,,,,,,,,,,,,,,,,,,,,,,
2025-10-09 19:37:38,,,,867488067677285,1268,ACK,,,,,,,,,,,,,,,,,,,,,,,,,,,,,,,,,,,,,,,,,,,,,,,,,,,,,,,,,,,,,,,,,,,,,,,,,,,,,
2025-10-09 19:37:38,,,,867488067677285,1269,ACK,,,,,,,,,,,,,,,,,,,,,,,,,,,,,,,,,,,,,,,,,,,,,,,,,,,,,,,,,,,,,,,,,,,,,,,,,,,,,
2025-10-09 19:38:04,,,,867488067677285,1270,HBD,,,,,,,,,,,,,,,,,,,,,,,,,,,,,,,,,,,,,,,,,,,,,,,,,,,,,,,,,,,,,,,,,,,,,,,,,,,,,
2025-10-09 19:38:27,2025-10-09 19:38:27,2025-10-09 19:38:26,2025-10-09 19:38:26,867488067677285,1271,GTIGF,0x19fe7fbf,,802003,0x8303,0x0115,68,13962,0000,0000,00,00,12,12,12,294,01,01,0.0,0.0,91,91,598,598,-23.319573,-23.319573,-51.156984,-51.156984,0724,0005,9c6b,068ff81d,0.6,26.2,26.2,0:04:54,2:30:18,-,-,0,-,,,,,,,,,,,,,,,,,,,,,,,,,,,,,,,,,,,,,
2025-10-09 19:38:27,2025-10-09 19:38:27,2025-10-09 19:38:26,2025-10-09 19:38:26,867488067677285,1272,GTSTT,0x19fe7fbf,,802003,0x8303,0x0115,68,13962,0000,0000,00,00,12,12,12,-,01,01,0.0,0.0,91,91,598,598,-23.319573,-23.319573,-51.156984,-51.156984,0724,0005,9c6b,068ff81d,0.6,26.2,26.2,0:04:54,2:30:18,-,-,0,-,,,,,,,,,,,,,,,,,,,,,,,,,,,,,,,,,,,,,
2025-10-09 19:38:28,2025-10-09 19:38:28,2025-10-09 19:38:26,2025-10-09 19:38:26,867488067677285,1273,GTSTC,0x19fe7fbf,,802003,0x8303,0x0115,68,13962,0000,0000,00,00,12,12,12,-,01,01,0.0,0.0,91,91,598,598,-23.319573,-23.319573,-51.156984,-51.156984,0724,0005,9c6b,068ff81d,0.6,26.2,26.2,0:04:54,2:30:18,-,-,0,-,,,,,,,,,,,,,,,,,,,,,,,,,,,,,,,,,,,,,
2025-10-09 19:38:28,2025-10-09 19:38:28,2025-10-09 19:38:27,2025-10-09 19:38:27,867488067677285,1274,GTIGL,0x19fe7fbf,,802003,0x8303,0x0115,68,13962,0000,0000,00,00,12,12,12,-,01,01,0.0,0.0,91,91,598,598,-23.319573,-23.319573,-51.156984,-51.156984,0724,0005,9c6b,068ff81d,0.6,26.2,26.2,0:04:54,2:30:18,-,-,0,-,,,,,,,,,01,,,,,,,,,,,,,,,,,,,,,,,,,,,,
2025-10-09 19:38:29,,,,867488067677285,1275,ACK,,,,,,,,,,,,,,,,,,,,,,,,,,,,,,,,,,,,,,,,,,,,,,,,,,,,,,,,,,,,,,,,,,,,,,,,,,,,,
2025-10-09 19:38:29,,,,867488067677285,1276,ACK,,,,,,,,,,,,,,,,,,,,,,,,,,,,,,,,,,,,,,,,,,,,,,,,,,,,,,,,,,,,,,,,,,,,,,,,,,,,,
2025-10-09 19:38:57,2025-10-09 19:38:58,2025-10-09 19:38:57,2025-10-09 19:38:57,867488067677285,1277,GTSTT,0x19fe7fbf,,802003,0x8303,0x0115,60,12803,0000,0000,00,00,11,12,12,-,01,01,0.0,0.0,91,91,598,598,-23.319573,-23.319573,-51.156984,-51.156984,0724,0005,9c6b,068ff81d,0.6,26.2,26.2,0:04:54,2:30:18,-,-,0,-,,,,,,,,,,,,,,,,,,,,,,,,,,,,,,,,,,,,,
2025-10-09 19:39:42,2025-10-09 19:39:42,2025-10-09 19:39:40,2025-10-09 19:39:40,867488067677285,1279,GTERI,0x19fe3fbf,0x00028102,802003,0x8303,0x0115,49,12774,0000,-,00,00,11,12,12,-,01,01,0.0,0.0,91,91,598,598,-23.319573,-23.319573,-51.156984,-51.156984,0724,0005,9c6b,068ff81d,0.6,26.2,26.2,0:04:54,2:30:18,-,-,0,-,,,,,04,1,00000000,00,10,,,,,,,,,,,,,,,,,,,,,,,,,,,,
2025-10-09 19:40:04,,,,867488067677285,1280,HBD,,,,,,,,,,,,,,,,,,,,,,,,,,,,,,,,,,,,,,,,,,,,,,,,,,,,,,,,,,,,,,,,,,,,,,,,,,,,,
2025-10-09 19:42:05,,,,867488067677285,1282,HBD,,,,,,,,,,,,,,,,,,,,,,,,,,,,,,,,,,,,,,,,,,,,,,,,,,,,,,,,,,,,,,,,,,,,,,,,,,,,,
2025-10-09 19:42:42,2025-10-09 19:42:42,2025-10-09 19:42:40,2025-10-09 19:42:40,867488067677285,1283,GTERI,0x19fe3fbf,0x00028102,802003,0x8303,0x0115,47,12819,0000,-,00,00,11,12,12,-,01,01,0.0,0.0,91,91,598,598,-23.319573,-23.319573,-51.156984,-51.156984,0724,0005,9c6b,068ff81d,0.6,26.2,26.2,0:04:54,2:30:18,-,-,0,-,,,,,04,1,00000000,00,10,,,,,,,,,,,,,,,,,,,,,,,,,,,,
2025-10-09 19:43:27,2025-10-09 19:43:28,2025-10-09 19:43:27,2025-10-09 19:43:27,867488067677285,1284,GTERI,0x19fe3fbf,0x00028102,802003,0x8303,0x0115,46,12870,0000,-,00,00,11,12,12,-,01,01,0.0,0.0,91,91,598,598,-23.319573,-23.319573,-51.156984,-51.156984,0724,0005,9c6b,068ff81d,0.6,26.2,26.2,0:04:54,2:30:18,-,-,0,-,,,,,04,1,00000000,00,10,,,,,,,,,,,,,,,,,,,,,,,,,,,,
2025-10-09 19:44:06,,,,867488067677285,1285,HBD,,,,,,,,,,,,,,,,,,,,,,,,,,,,,,,,,,,,,,,,,,,,,,,,,,,,,,,,,,,,,,,,,,,,,,,,,,,,,
2025-10-09 19:46:06,,,,867488067677285,1286,HBD,,,,,,,,,,,,,,,,,,,,,,,,,,,,,,,,,,,,,,,,,,,,,,,,,,,,,,,,,,,,,,,,,,,,,,,,,,,,,
2025-10-09 19:48:07,,,,867488067677285,1287,HBD,,,,,,,,,,,,,,,,,,,,,,,,,,,,,,,,,,,,,,,,,,,,,,,,,,,,,,,,,,,,,,,,,,,,,,,,,,,,,
2025-10-09 19:50:07,,,,867488067677285,1288,HBD,,,,,,,,,,,,,,,,,,,,,,,,,,,,,,,,,,,,,,,,,,,,,,,,,,,,,,,,,,,,,,,,,,,,,,,,,,,,,
2025-10-09 19:52:08,,,,867488067677285,1289,HBD,,,,,,,,,,,,,,,,,,,,,,,,,,,,,,,,,,,,,,,,,,,,,,,,,,,,,,,,,,,,,,,,,,,,,,,,,,,,,
2025-10-09 19:54:08,,,,867488067677285,1290,HBD,,,,,,,,,,,,,,,,,,,,,,,,,,,,,,,,,,,,,,,,,,,,,,,,,,,,,,,,,,,,,,,,,,,,,,,,,,,,,
2025-10-09 19:56:08,,,,867488067677285,1291,HBD,,,,,,,,,,,,,,,,,,,,,,,,,,,,,,,,,,,,,,,,,,,,,,,,,,,,,,,,,,,,,,,,,,,,,,,,,,,,,
2025-10-09 19:58:09,,,,867488067677285,1292,HBD,,,,,,,,,,,,,,,,,,,,,,,,,,,,,,,,,,,,,,,,,,,,,,,,,,,,,,,,,,,,,,,,,,,,,,,,,,,,,
2025-10-09 20:00:09,,,,867488067677285,1293,HBD,,,,,,,,,,,,,,,,,,,,,,,,,,,,,,,,,,,,,,,,,,,,,,,,,,,,,,,,,,,,,,,,,,,,,,,,,,,,,
2025-10-09 20:02:10,,,,867488067677285,1294,HBD,,,,,,,,,,,,,,,,,,,,,,,,,,,,,,,,,,,,,,,,,,,,,,,,,,,,,,,,,,,,,,,,,,,,,,,,,,,,,
2025-10-09 20:04:10,,,,867488067677285,1295,HBD,,,,,,,,,,,,,,,,,,,,,,,,,,,,,,,,,,,,,,,,,,,,,,,,,,,,,,,,,,,,,,,,,,,,,,,,,,,,,
2025-10-09 20:06:11,,,,867488067677285,1296,HBD,,,,,,,,,,,,,,,,,,,,,,,,,,,,,,,,,,,,,,,,,,,,,,,,,,,,,,,,,,,,,,,,,,,,,,,,,,,,,
2025-10-09 20:08:11,,,,867488067677285,1297,HBD,,,,,,,,,,,,,,,,,,,,,,,,,,,,,,,,,,,,,,,,,,,,,,,,,,,,,,,,,,,,,,,,,,,,,,,,,,,,,
2025-10-09 20:10:12,,,,867488067677285,1298,HBD,,,,,,,,,,,,,,,,,,,,,,,,,,,,,,,,,,,,,,,,,,,,,,,,,,,,,,,,,,,,,,,,,,,,,,,,,,,,,
2025-10-09 20:12:12,,,,867488067677285,1299,HBD,,,,,,,,,,,,,,,,,,,,,,,,,,,,,,,,,,,,,,,,,,,,,,,,,,,,,,,,,,,,,,,,,,,,,,,,,,,,,
2025-10-09 20:14:13,,,,867488067677285,1300,HBD,,,,,,,,,,,,,,,,,,,,,,,,,,,,,,,,,,,,,,,,,,,,,,,,,,,,,,,,,,,,,,,,,,,,,,,,,,,,,
2025-10-09 20:16:13,,,,867488067677285,1301,HBD,,,,,,,,,,,,,,,,,,,,,,,,,,,,,,,,,,,,,,,,,,,,,,,,,,,,,,,,,,,,,,,,,,,,,,,,,,,,,
2025-10-09 20:18:14,,,,867488067677285,1302,HBD,,,,,,,,,,,,,,,,,,,,,,,,,,,,,,,,,,,,,,,,,,,,,,,,,,,,,,,,,,,,,,,,,,,,,,,,,,,,,
2025-10-09 20:20:14,,,,867488067677285,1303,HBD,,,,,,,,,,,,,,,,,,,,,,,,,,,,,,,,,,,,,,,,,,,,,,,,,,,,,,,,,,,,,,,,,,,,,,,,,,,,,
2025-10-09 20:22:15,,,,867488067677285,1304,HBD,,,,,,,,,,,,,,,,,,,,,,,,,,,,,,,,,,,,,,,,,,,,,,,,,,,,,,,,,,,,,,,,,,,,,,,,,,,,,
2025-10-09 20:24:15,,,,867488067677285,1305,HBD,,,,,,,,,,,,,,,,,,,,,,,,,,,,,,,,,,,,,,,,,,,,,,,,,,,,,,,,,,,,,,,,,,,,,,,,,,,,,
2025-10-09 20:26:16,,,,867488067677285,1306,HBD,,,,,,,,,,,,,,,,,,,,,,,,,,,,,,,,,,,,,,,,,,,,,,,,,,,,,,,,,,,,,,,,,,,,,,,,,,,,,
2025-10-09 20:28:16,,,,867488067677285,1307,HBD,,,,,,,,,,,,,,,,,,,,,,,,,,,,,,,,,,,,,,,,,,,,,,,,,,,,,,,,,,,,,,,,,,,,,,,,,,,,,
2025-10-09 20:30:17,,,,867488067677285,1308,HBD,,,,,,,,,,,,,,,,,,,,,,,,,,,,,,,,,,,,,,,,,,,,,,,,,,,,,,,,,,,,,,,,,,,,,,,,,,,,,
2025-10-09 20:32:17,,,,867488067677285,1309,HBD,,,,,,,,,,,,,,,,,,,,,,,,,,,,,,,,,,,,,,,,,,,,,,,,,,,,,,,,,,,,,,,,,,,,,,,,,,,,,
2025-10-09 20:34:18,,,,867488067677285,1310,HBD,,,,,,,,,,,,,,,,,,,,,,,,,,,,,,,,,,,,,,,,,,,,,,,,,,,,,,,,,,,,,,,,,,,,,,,,,,,,,
2025-10-09 20:36:18,,,,867488067677285,1311,HBD,,,,,,,,,,,,,,,,,,,,,,,,,,,,,,,,,,,,,,,,,,,,,,,,,,,,,,,,,,,,,,,,,,,,,,,,,,,,,
2025-10-09 20:38:19,,,,867488067677285,1312,HBD,,,,,,,,,,,,,,,,,,,,,,,,,,,,,,,,,,,,,,,,,,,,,,,,,,,,,,,,,,,,,,,,,,,,,,,,,,,,,
2025-10-09 20:40:19,,,,867488067677285,1313,HBD,,,,,,,,,,,,,,,,,,,,,,,,,,,,,,,,,,,,,,,,,,,,,,,,,,,,,,,,,,,,,,,,,,,,,,,,,,,,,
2025-10-09 20:42:20,,,,867488067677285,1314,HBD,,,,,,,,,,,,,,,,,,,,,,,,,,,,,,,,,,,,,,,,,,,,,,,,,,,,,,,,,,,,,,,,,,,,,,,,,,,,,
2025-10-09 20:43:23,2025-10-09 20:43:23,2025-10-09 20:40:56,2025-10-09 20:40:56,867488067677285,1315,GTERI,0x19fe3fbf,0x00028102,802003,0x8303,0x0115,46,12987,0000,-,00,00,11,12,12,-,01,01,0.0,0.0,91,91,598,598,-23.319573,-23.319573,-51.156984,-51.156984,0724,0005,9c6b,068ff81d,0.6,26.2,26.2,0:04:54,2:30:18,-,-,0,-,,,,,04,1,00000000,00,10,,,,,,,,,,,,,,,,,,,,,,,,,,,,
2025-10-09 20:44:20,,,,867488067677285,1316,HBD,,,,,,,,,,,,,,,,,,,,,,,,,,,,,,,,,,,,,,,,,,,,,,,,,,,,,,,,,,,,,,,,,,,,,,,,,,,,,
2025-10-09 20:46:21,,,,867488067677285,1317,HBD,,,,,,,,,,,,,,,,,,,,,,,,,,,,,,,,,,,,,,,,,,,,,,,,,,,,,,,,,,,,,,,,,,,,,,,,,,,,,
2025-10-09 20:48:21,,,,867488067677285,1318,HBD,,,,,,,,,,,,,,,,,,,,,,,,,,,,,,,,,,,,,,,,,,,,,,,,,,,,,,,,,,,,,,,,,,,,,,,,,,,,,
2025-10-09 20:50:22,,,,867488067677285,1319,HBD,,,,,,,,,,,,,,,,,,,,,,,,,,,,,,,,,,,,,,,,,,,,,,,,,,,,,,,,,,,,,,,,,,,,,,,,,,,,,
2025-10-09 20:52:22,,,,867488067677285,1320,HBD,,,,,,,,,,,,,,,,,,,,,,,,,,,,,,,,,,,,,,,,,,,,,,,,,,,,,,,,,,,,,,,,,,,,,,,,,,,,,
2025-10-09 20:54:23,,,,867488067677285,1321,HBD,,,,,,,,,,,,,,,,,,,,,,,,,,,,,,,,,,,,,,,,,,,,,,,,,,,,,,,,,,,,,,,,,,,,,,,,,,,,,
2025-10-09 20:56:23,,,,867488067677285,1322,HBD,,,,,,,,,,,,,,,,,,,,,,,,,,,,,,,,,,,,,,,,,,,,,,,,,,,,,,,,,,,,,,,,,,,,,,,,,,,,,
2025-10-09 20:58:23,,,,867488067677285,1323,HBD,,,,,,,,,,,,,,,,,,,,,,,,,,,,,,,,,,,,,,,,,,,,,,,,,,,,,,,,,,,,,,,,,,,,,,,,,,,,,
2025-10-09 21:00:24,,,,867488067677285,1324,HBD,,,,,,,,,,,,,,,,,,,,,,,,,,,,,,,,,,,,,,,,,,,,,,,,,,,,,,,,,,,,,,,,,,,,,,,,,,,,,
2025-10-09 21:02:25,,,,867488067677285,1325,HBD,,,,,,,,,,,,,,,,,,,,,,,,,,,,,,,,,,,,,,,,,,,,,,,,,,,,,,,,,,,,,,,,,,,,,,,,,,,,,
2025-10-09 21:04:25,,,,867488067677285,1326,HBD,,,,,,,,,,,,,,,,,,,,,,,,,,,,,,,,,,,,,,,,,,,,,,,,,,,,,,,,,,,,,,,,,,,,,,,,,,,,,
2025-10-09 21:06:26,,,,867488067677285,1327,HBD,,,,,,,,,,,,,,,,,,,,,,,,,,,,,,,,,,,,,,,,,,,,,,,,,,,,,,,,,,,,,,,,,,,,,,,,,,,,,
2025-10-09 21:08:26,,,,867488067677285,1328,HBD,,,,,,,,,,,,,,,,,,,,,,,,,,,,,,,,,,,,,,,,,,,,,,,,,,,,,,,,,,,,,,,,,,,,,,,,,,,,,
2025-10-09 21:10:27,,,,867488067677285,1329,HBD,,,,,,,,,,,,,,,,,,,,,,,,,,,,,,,,,,,,,,,,,,,,,,,,,,,,,,,,,,,,,,,,,,,,,,,,,,,,,
2025-10-09 21:12:27,,,,867488067677285,1330,HBD,,,,,,,,,,,,,,,,,,,,,,,,,,,,,,,,,,,,,,,,,,,,,,,,,,,,,,,,,,,,,,,,,,,,,,,,,,,,,
2025-10-09 21:14:27,,,,867488067677285,1331,HBD,,,,,,,,,,,,,,,,,,,,,,,,,,,,,,,,,,,,,,,,,,,,,,,,,,,,,,,,,,,,,,,,,,,,,,,,,,,,,
2025-10-09 21:16:28,,,,867488067677285,1332,HBD,,,,,,,,,,,,,,,,,,,,,,,,,,,,,,,,,,,,,,,,,,,,,,,,,,,,,,,,,,,,,,,,,,,,,,,,,,,,,
2025-10-09 21:18:28,,,,867488067677285,1333,HBD,,,,,,,,,,,,,,,,,,,,,,,,,,,,,,,,,,,,,,,,,,,,,,,,,,,,,,,,,,,,,,,,,,,,,,,,,,,,,
2025-10-09 21:20:29,,,,867488067677285,1334,HBD,,,,,,,,,,,,,,,,,,,,,,,,,,,,,,,,,,,,,,,,,,,,,,,,,,,,,,,,,,,,,,,,,,,,,,,,,,,,,
2025-10-09 21:22:29,,,,867488067677285,1335,HBD,,,,,,,,,,,,,,,,,,,,,,,,,,,,,,,,,,,,,,,,,,,,,,,,,,,,,,,,,,,,,,,,,,,,,,,,,,,,,
2025-10-09 21:24:30,,,,867488067677285,1336,HBD,,,,,,,,,,,,,,,,,,,,,,,,,,,,,,,,,,,,,,,,,,,,,,,,,,,,,,,,,,,,,,,,,,,,,,,,,,,,,
2025-10-09 21:26:30,,,,867488067677285,1337,HBD,,,,,,,,,,,,,,,,,,,,,,,,,,,,,,,,,,,,,,,,,,,,,,,,,,,,,,,,,,,,,,,,,,,,,,,,,,,,,
2025-10-09 21:28:31,,,,867488067677285,1338,HBD,,,,,,,,,,,,,,,,,,,,,,,,,,,,,,,,,,,,,,,,,,,,,,,,,,,,,,,,,,,,,,,,,,,,,,,,,,,,,
2025-10-09 21:30:31,,,,867488067677285,1339,HBD,,,,,,,,,,,,,,,,,,,,,,,,,,,,,,,,,,,,,,,,,,,,,,,,,,,,,,,,,,,,,,,,,,,,,,,,,,,,,
2025-10-09 21:32:32,,,,867488067677285,1340,HBD,,,,,,,,,,,,,,,,,,,,,,,,,,,,,,,,,,,,,,,,,,,,,,,,,,,,,,,,,,,,,,,,,,,,,,,,,,,,,
2025-10-09 21:34:32,,,,867488067677285,1341,HBD,,,,,,,,,,,,,,,,,,,,,,,,,,,,,,,,,,,,,,,,,,,,,,,,,,,,,,,,,,,,,,,,,,,,,,,,,,,,,
2025-10-09 21:36:33,,,,867488067677285,1342,HBD,,,,,,,,,,,,,,,,,,,,,,,,,,,,,,,,,,,,,,,,,,,,,,,,,,,,,,,,,,,,,,,,,,,,,,,,,,,,,
2025-10-09 21:38:33,,,,867488067677285,1343,HBD,,,,,,,,,,,,,,,,,,,,,,,,,,,,,,,,,,,,,,,,,,,,,,,,,,,,,,,,,,,,,,,,,,,,,,,,,,,,,
2025-10-09 21:40:34,,,,867488067677285,1344,HBD,,,,,,,,,,,,,,,,,,,,,,,,,,,,,,,,,,,,,,,,,,,,,,,,,,,,,,,,,,,,,,,,,,,,,,,,,,,,,
2025-10-09 21:42:34,,,,867488067677285,1345,HBD,,,,,,,,,,,,,,,,,,,,,,,,,,,,,,,,,,,,,,,,,,,,,,,,,,,,,,,,,,,,,,,,,,,,,,,,,,,,,
2025-10-09 21:43:23,2025-10-09 21:43:23,2025-10-09 21:40:57,2025-10-09 21:40:57,867488067677285,1346,GTERI,0x19fe3fbf,0x00028102,802003,0x8303,0x0115,46,12968,0000,-,00,00,11,10,10,-,01,01,0.0,0.0,91,91,598,598,-23.319573,-23.319573,-51.156984,-51.156984,0724,0005,9c6b,068ff81d,0.6,26.2,26.2,0:04:54,2:30:18,-,-,0,-,,,,,04,1,00000000,00,10,,,,,,,,,,,,,,,,,,,,,,,,,,,,
2025-10-09 21:44:35,,,,867488067677285,1347,HBD,,,,,,,,,,,,,,,,,,,,,,,,,,,,,,,,,,,,,,,,,,,,,,,,,,,,,,,,,,,,,,,,,,,,,,,,,,,,,
2025-10-09 21:46:35,,,,867488067677285,1348,HBD,,,,,,,,,,,,,,,,,,,,,,,,,,,,,,,,,,,,,,,,,,,,,,,,,,,,,,,,,,,,,,,,,,,,,,,,,,,,,
2025-10-09 21:48:36,,,,867488067677285,1349,HBD,,,,,,,,,,,,,,,,,,,,,,,,,,,,,,,,,,,,,,,,,,,,,,,,,,,,,,,,,,,,,,,,,,,,,,,,,,,,,
2025-10-09 21:50:36,,,,867488067677285,1350,HBD,,,,,,,,,,,,,,,,,,,,,,,,,,,,,,,,,,,,,,,,,,,,,,,,,,,,,,,,,,,,,,,,,,,,,,,,,,,,,
2025-10-09 21:52:37,,,,867488067677285,1351,HBD,,,,,,,,,,,,,,,,,,,,,,,,,,,,,,,,,,,,,,,,,,,,,,,,,,,,,,,,,,,,,,,,,,,,,,,,,,,,,
2025-10-09 21:54:37,,,,867488067677285,1352,HBD,,,,,,,,,,,,,,,,,,,,,,,,,,,,,,,,,,,,,,,,,,,,,,,,,,,,,,,,,,,,,,,,,,,,,,,,,,,,,
2025-10-09 21:56:38,,,,867488067677285,1353,HBD,,,,,,,,,,,,,,,,,,,,,,,,,,,,,,,,,,,,,,,,,,,,,,,,,,,,,,,,,,,,,,,,,,,,,,,,,,,,,
2025-10-09 21:58:38,,,,867488067677285,1354,HBD,,,,,,,,,,,,,,,,,,,,,,,,,,,,,,,,,,,,,,,,,,,,,,,,,,,,,,,,,,,,,,,,,,,,,,,,,,,,,
2025-10-09 22:00:38,,,,867488067677285,1355,HBD,,,,,,,,,,,,,,,,,,,,,,,,,,,,,,,,,,,,,,,,,,,,,,,,,,,,,,,,,,,,,,,,,,,,,,,,,,,,,
2025-10-09 22:02:39,,,,867488067677285,1356,HBD,,,,,,,,,,,,,,,,,,,,,,,,,,,,,,,,,,,,,,,,,,,,,,,,,,,,,,,,,,,,,,,,,,,,,,,,,,,,,
2025-10-09 22:04:39,,,,867488067677285,1357,HBD,,,,,,,,,,,,,,,,,,,,,,,,,,,,,,,,,,,,,,,,,,,,,,,,,,,,,,,,,,,,,,,,,,,,,,,,,,,,,
2025-10-09 22:06:40,,,,867488067677285,1358,HBD,,,,,,,,,,,,,,,,,,,,,,,,,,,,,,,,,,,,,,,,,,,,,,,,,,,,,,,,,,,,,,,,,,,,,,,,,,,,,
2025-10-09 22:08:40,,,,867488067677285,1359,HBD,,,,,,,,,,,,,,,,,,,,,,,,,,,,,,,,,,,,,,,,,,,,,,,,,,,,,,,,,,,,,,,,,,,,,,,,,,,,,
2025-10-09 22:10:41,,,,867488067677285,1360,HBD,,,,,,,,,,,,,,,,,,,,,,,,,,,,,,,,,,,,,,,,,,,,,,,,,,,,,,,,,,,,,,,,,,,,,,,,,,,,,
2025-10-09 22:12:41,,,,867488067677285,1361,HBD,,,,,,,,,,,,,,,,,,,,,,,,,,,,,,,,,,,,,,,,,,,,,,,,,,,,,,,,,,,,,,,,,,,,,,,,,,,,,
2025-10-09 22:14:42,,,,867488067677285,1362,HBD,,,,,,,,,,,,,,,,,,,,,,,,,,,,,,,,,,,,,,,,,,,,,,,,,,,,,,,,,,,,,,,,,,,,,,,,,,,,,
2025-10-09 22:16:42,,,,867488067677285,1363,HBD,,,,,,,,,,,,,,,,,,,,,,,,,,,,,,,,,,,,,,,,,,,,,,,,,,,,,,,,,,,,,,,,,,,,,,,,,,,,,
2025-10-09 22:18:43,,,,867488067677285,1364,HBD,,,,,,,,,,,,,,,,,,,,,,,,,,,,,,,,,,,,,,,,,,,,,,,,,,,,,,,,,,,,,,,,,,,,,,,,,,,,,
2025-10-09 22:20:43,,,,867488067677285,1365,HBD,,,,,,,,,,,,,,,,,,,,,,,,,,,,,,,,,,,,,,,,,,,,,,,,,,,,,,,,,,,,,,,,,,,,,,,,,,,,,
2025-10-09 22:22:44,,,,867488067677285,1366,HBD,,,,,,,,,,,,,,,,,,,,,,,,,,,,,,,,,,,,,,,,,,,,,,,,,,,,,,,,,,,,,,,,,,,,,,,,,,,,,
2025-10-09 22:24:44,,,,867488067677285,1367,HBD,,,,,,,,,,,,,,,,,,,,,,,,,,,,,,,,,,,,,,,,,,,,,,,,,,,,,,,,,,,,,,,,,,,,,,,,,,,,,
2025-10-09 22:26:44,,,,867488067677285,1368,HBD,,,,,,,,,,,,,,,,,,,,,,,,,,,,,,,,,,,,,,,,,,,,,,,,,,,,,,,,,,,,,,,,,,,,,,,,,,,,,
2025-10-09 22:28:45,,,,867488067677285,1369,HBD,,,,,,,,,,,,,,,,,,,,,,,,,,,,,,,,,,,,,,,,,,,,,,,,,,,,,,,,,,,,,,,,,,,,,,,,,,,,,
2025-10-09 22:30:45,,,,867488067677285,1370,HBD,,,,,,,,,,,,,,,,,,,,,,,,,,,,,,,,,,,,,,,,,,,,,,,,,,,,,,,,,,,,,,,,,,,,,,,,,,,,,
2025-10-09 22:32:46,,,,867488067677285,1371,HBD,,,,,,,,,,,,,,,,,,,,,,,,,,,,,,,,,,,,,,,,,,,,,,,,,,,,,,,,,,,,,,,,,,,,,,,,,,,,,
2025-10-09 22:34:46,,,,867488067677285,1372,HBD,,,,,,,,,,,,,,,,,,,,,,,,,,,,,,,,,,,,,,,,,,,,,,,,,,,,,,,,,,,,,,,,,,,,,,,,,,,,,
2025-10-09 22:36:47,,,,867488067677285,1373,HBD,,,,,,,,,,,,,,,,,,,,,,,,,,,,,,,,,,,,,,,,,,,,,,,,,,,,,,,,,,,,,,,,,,,,,,,,,,,,,
2025-10-09 22:38:47,,,,867488067677285,1374,HBD,,,,,,,,,,,,,,,,,,,,,,,,,,,,,,,,,,,,,,,,,,,,,,,,,,,,,,,,,,,,,,,,,,,,,,,,,,,,,
2025-10-09 22:40:48,,,,867488067677285,1375,HBD,,,,,,,,,,,,,,,,,,,,,,,,,,,,,,,,,,,,,,,,,,,,,,,,,,,,,,,,,,,,,,,,,,,,,,,,,,,,,
2025-10-09 22:42:48,,,,867488067677285,1376,HBD,,,,,,,,,,,,,,,,,,,,,,,,,,,,,,,,,,,,,,,,,,,,,,,,,,,,,,,,,,,,,,,,,,,,,,,,,,,,,
2025-10-09 22:43:23,2025-10-09 22:43:23,2025-10-09 22:41:24,2025-10-09 22:41:24,867488067677285,1377,GTERI,0x19fe3fbf,0x00028102,802003,0x8303,0x0115,46,12891,0000,-,00,00,11,6,6,-,01,01,0.0,0.0,91,91,598,598,-23.319573,-23.319573,-51.156984,-51.156984,0724,0005,9c6b,068ff81d,0.6,26.2,26.2,0:04:54,2:30:18,-,-,0,-,,,,,04,1,00000000,00,10,,,,,,,,,,,,,,,,,,,,,,,,,,,,
2025-10-09 22:44:49,,,,867488067677285,1378,HBD,,,,,,,,,,,,,,,,,,,,,,,,,,,,,,,,,,,,,,,,,,,,,,,,,,,,,,,,,,,,,,,,,,,,,,,,,,,,,
2025-10-09 22:45:49,,,,867488067677285,1379,HBD,,,,,,,,,,,,,,,,,,,,,,,,,,,,,,,,,,,,,,,,,,,,,,,,,,,,,,,,,,,,,,,,,,,,,,,,,,,,,
2025-10-09 22:47:49,,,,867488067677285,1380,HBD,,,,,,,,,,,,,,,,,,,,,,,,,,,,,,,,,,,,,,,,,,,,,,,,,,,,,,,,,,,,,,,,,,,,,,,,,,,,,
2025-10-09 22:49:50,,,,867488067677285,1381,HBD,,,,,,,,,,,,,,,,,,,,,,,,,,,,,,,,,,,,,,,,,,,,,,,,,,,,,,,,,,,,,,,,,,,,,,,,,,,,,
2025-10-09 22:51:50,,,,867488067677285,1382,HBD,,,,,,,,,,,,,,,,,,,,,,,,,,,,,,,,,,,,,,,,,,,,,,,,,,,,,,,,,,,,,,,,,,,,,,,,,,,,,
2025-10-09 22:53:51,,,,867488067677285,1383,HBD,,,,,,,,,,,,,,,,,,,,,,,,,,,,,,,,,,,,,,,,,,,,,,,,,,,,,,,,,,,,,,,,,,,,,,,,,,,,,
2025-10-09 22:55:51,,,,867488067677285,1384,HBD,,,,,,,,,,,,,,,,,,,,,,,,,,,,,,,,,,,,,,,,,,,,,,,,,,,,,,,,,,,,,,,,,,,,,,,,,,,,,
2025-10-09 22:57:52,,,,867488067677285,1385,HBD,,,,,,,,,,,,,,,,,,,,,,,,,,,,,,,,,,,,,,,,,,,,,,,,,,,,,,,,,,,,,,,,,,,,,,,,,,,,,
2025-10-09 22:59:52,,,,867488067677285,1386,HBD,,,,,,,,,,,,,,,,,,,,,,,,,,,,,,,,,,,,,,,,,,,,,,,,,,,,,,,,,,,,,,,,,,,,,,,,,,,,,
2025-10-09 23:01:53,,,,867488067677285,1387,HBD,,,,,,,,,,,,,,,,,,,,,,,,,,,,,,,,,,,,,,,,,,,,,,,,,,,,,,,,,,,,,,,,,,,,,,,,,,,,,
2025-10-09 23:03:53,,,,867488067677285,1388,HBD,,,,,,,,,,,,,,,,,,,,,,,,,,,,,,,,,,,,,,,,,,,,,,,,,,,,,,,,,,,,,,,,,,,,,,,,,,,,,
2025-10-09 23:05:53,,,,867488067677285,1389,HBD,,,,,,,,,,,,,,,,,,,,,,,,,,,,,,,,,,,,,,,,,,,,,,,,,,,,,,,,,,,,,,,,,,,,,,,,,,,,,
2025-10-09 23:07:54,,,,867488067677285,1390,HBD,,,,,,,,,,,,,,,,,,,,,,,,,,,,,,,,,,,,,,,,,,,,,,,,,,,,,,,,,,,,,,,,,,,,,,,,,,,,,
2025-10-09 23:09:54,,,,867488067677285,1391,HBD,,,,,,,,,,,,,,,,,,,,,,,,,,,,,,,,,,,,,,,,,,,,,,,,,,,,,,,,,,,,,,,,,,,,,,,,,,,,,
2025-10-09 23:11:55,,,,867488067677285,1392,HBD,,,,,,,,,,,,,,,,,,,,,,,,,,,,,,,,,,,,,,,,,,,,,,,,,,,,,,,,,,,,,,,,,,,,,,,,,,,,,
2025-10-09 23:13:55,,,,867488067677285,1393,HBD,,,,,,,,,,,,,,,,,,,,,,,,,,,,,,,,,,,,,,,,,,,,,,,,,,,,,,,,,,,,,,,,,,,,,,,,,,,,,
2025-10-09 23:15:56,,,,867488067677285,1394,HBD,,,,,,,,,,,,,,,,,,,,,,,,,,,,,,,,,,,,,,,,,,,,,,,,,,,,,,,,,,,,,,,,,,,,,,,,,,,,,
2025-10-09 23:17:56,,,,867488067677285,1395,HBD,,,,,,,,,,,,,,,,,,,,,,,,,,,,,,,,,,,,,,,,,,,,,,,,,,,,,,,,,,,,,,,,,,,,,,,,,,,,,
2025-10-09 23:19:57,,,,867488067677285,1396,HBD,,,,,,,,,,,,,,,,,,,,,,,,,,,,,,,,,,,,,,,,,,,,,,,,,,,,,,,,,,,,,,,,,,,,,,,,,,,,,
2025-10-09 23:21:57,,,,867488067677285,1397,HBD,,,,,,,,,,,,,,,,,,,,,,,,,,,,,,,,,,,,,,,,,,,,,,,,,,,,,,,,,,,,,,,,,,,,,,,,,,,,,
2025-10-09 23:23:58,,,,867488067677285,1398,HBD,,,,,,,,,,,,,,,,,,,,,,,,,,,,,,,,,,,,,,,,,,,,,,,,,,,,,,,,,,,,,,,,,,,,,,,,,,,,,
2025-10-09 23:25:58,,,,867488067677285,1399,HBD,,,,,,,,,,,,,,,,,,,,,,,,,,,,,,,,,,,,,,,,,,,,,,,,,,,,,,,,,,,,,,,,,,,,,,,,,,,,,
2025-10-09 23:27:59,,,,867488067677285,1400,HBD,,,,,,,,,,,,,,,,,,,,,,,,,,,,,,,,,,,,,,,,,,,,,,,,,,,,,,,,,,,,,,,,,,,,,,,,,,,,,
2025-10-09 23:29:59,,,,867488067677285,1401,HBD,,,,,,,,,,,,,,,,,,,,,,,,,,,,,,,,,,,,,,,,,,,,,,,,,,,,,,,,,,,,,,,,,,,,,,,,,,,,,
2025-10-09 23:32:00,,,,867488067677285,1402,HBD,,,,,,,,,,,,,,,,,,,,,,,,,,,,,,,,,,,,,,,,,,,,,,,,,,,,,,,,,,,,,,,,,,,,,,,,,,,,,
2025-10-09 23:34:00,,,,867488067677285,1403,HBD,,,,,,,,,,,,,,,,,,,,,,,,,,,,,,,,,,,,,,,,,,,,,,,,,,,,,,,,,,,,,,,,,,,,,,,,,,,,,
2025-10-09 23:36:01,,,,867488067677285,1404,HBD,,,,,,,,,,,,,,,,,,,,,,,,,,,,,,,,,,,,,,,,,,,,,,,,,,,,,,,,,,,,,,,,,,,,,,,,,,,,,
2025-10-09 23:38:01,,,,867488067677285,1405,HBD,,,,,,,,,,,,,,,,,,,,,,,,,,,,,,,,,,,,,,,,,,,,,,,,,,,,,,,,,,,,,,,,,,,,,,,,,,,,,
2025-10-09 23:40:02,,,,867488067677285,1406,HBD,,,,,,,,,,,,,,,,,,,,,,,,,,,,,,,,,,,,,,,,,,,,,,,,,,,,,,,,,,,,,,,,,,,,,,,,,,,,,
2025-10-09 23:42:02,,,,867488067677285,1407,HBD,,,,,,,,,,,,,,,,,,,,,,,,,,,,,,,,,,,,,,,,,,,,,,,,,,,,,,,,,,,,,,,,,,,,,,,,,,,,,
2025-10-09 23:43:23,2025-10-09 23:43:23,2025-10-09 23:40:56,2025-10-09 23:40:56,867488067677285,1408,GTERI,0x19fe3fbf,0x00028102,802003,0x8303,0x0115,46,12865,0000,-,00,00,11,5,5,-,01,01,0.0,0.0,91,91,598,598,-23.319573,-23.319573,-51.156984,-51.156984,0724,0005,9c6b,068ff81d,0.6,26.2,26.2,0:04:54,2:30:18,-,-,0,-,,,,,04,1,00000000,00,10,,,,,,,,,,,,,,,,,,,,,,,,,,,,
2025-10-09 23:44:03,,,,867488067677285,1409,HBD,,,,,,,,,,,,,,,,,,,,,,,,,,,,,,,,,,,,,,,,,,,,,,,,,,,,,,,,,,,,,,,,,,,,,,,,,,,,,
2025-10-09 23:46:03,,,,867488067677285,1410,HBD,,,,,,,,,,,,,,,,,,,,,,,,,,,,,,,,,,,,,,,,,,,,,,,,,,,,,,,,,,,,,,,,,,,,,,,,,,,,,
2025-10-09 23:48:04,,,,867488067677285,1411,HBD,,,,,,,,,,,,,,,,,,,,,,,,,,,,,,,,,,,,,,,,,,,,,,,,,,,,,,,,,,,,,,,,,,,,,,,,,,,,,
2025-10-09 23:50:04,,,,867488067677285,1412,HBD,,,,,,,,,,,,,,,,,,,,,,,,,,,,,,,,,,,,,,,,,,,,,,,,,,,,,,,,,,,,,,,,,,,,,,,,,,,,,
2025-10-09 23:52:04,,,,867488067677285,1413,HBD,,,,,,,,,,,,,,,,,,,,,,,,,,,,,,,,,,,,,,,,,,,,,,,,,,,,,,,,,,,,,,,,,,,,,,,,,,,,,
2025-10-09 23:54:05,,,,867488067677285,1414,HBD,,,,,,,,,,,,,,,,,,,,,,,,,,,,,,,,,,,,,,,,,,,,,,,,,,,,,,,,,,,,,,,,,,,,,,,,,,,,,
2025-10-09 23:56:05,,,,867488067677285,1415,HBD,,,,,,,,,,,,,,,,,,,,,,,,,,,,,,,,,,,,,,,,,,,,,,,,,,,,,,,,,,,,,,,,,,,,,,,,,,,,,
2025-10-09 23:58:06,,,,867488067677285,1416,HBD,,,,,,,,,,,,,,,,,,,,,,,,,,,,,,,,,,,,,,,,,,,,,,,,,,,,,,,,,,,,,,,,,,,,,,,,,,,,,
2025-10-10 00:00:06,,,,867488067677285,1417,HBD,,,,,,,,,,,,,,,,,,,,,,,,,,,,,,,,,,,,,,,,,,,,,,,,,,,,,,,,,,,,,,,,,,,,,,,,,,,,,
2025-10-10 00:02:07,,,,867488067677285,1418,HBD,,,,,,,,,,,,,,,,,,,,,,,,,,,,,,,,,,,,,,,,,,,,,,,,,,,,,,,,,,,,,,,,,,,,,,,,,,,,,
2025-10-10 00:04:07,,,,867488067677285,1419,HBD,,,,,,,,,,,,,,,,,,,,,,,,,,,,,,,,,,,,,,,,,,,,,,,,,,,,,,,,,,,,,,,,,,,,,,,,,,,,,
2025-10-10 00:06:08,,,,867488067677285,1420,HBD,,,,,,,,,,,,,,,,,,,,,,,,,,,,,,,,,,,,,,,,,,,,,,,,,,,,,,,,,,,,,,,,,,,,,,,,,,,,,
2025-10-10 00:08:08,,,,867488067677285,1421,HBD,,,,,,,,,,,,,,,,,,,,,,,,,,,,,,,,,,,,,,,,,,,,,,,,,,,,,,,,,,,,,,,,,,,,,,,,,,,,,
2025-10-10 00:10:09,,,,867488067677285,1422,HBD,,,,,,,,,,,,,,,,,,,,,,,,,,,,,,,,,,,,,,,,,,,,,,,,,,,,,,,,,,,,,,,,,,,,,,,,,,,,,
2025-10-10 00:12:09,,,,867488067677285,1423,HBD,,,,,,,,,,,,,,,,,,,,,,,,,,,,,,,,,,,,,,,,,,,,,,,,,,,,,,,,,,,,,,,,,,,,,,,,,,,,,
2025-10-10 00:14:10,,,,867488067677285,1424,HBD,,,,,,,,,,,,,,,,,,,,,,,,,,,,,,,,,,,,,,,,,,,,,,,,,,,,,,,,,,,,,,,,,,,,,,,,,,,,,
2025-10-10 00:16:10,,,,867488067677285,1425,HBD,,,,,,,,,,,,,,,,,,,,,,,,,,,,,,,,,,,,,,,,,,,,,,,,,,,,,,,,,,,,,,,,,,,,,,,,,,,,,
2025-10-10 00:18:11,,,,867488067677285,1426,HBD,,,,,,,,,,,,,,,,,,,,,,,,,,,,,,,,,,,,,,,,,,,,,,,,,,,,,,,,,,,,,,,,,,,,,,,,,,,,,
2025-10-10 00:20:11,,,,867488067677285,1427,HBD,,,,,,,,,,,,,,,,,,,,,,,,,,,,,,,,,,,,,,,,,,,,,,,,,,,,,,,,,,,,,,,,,,,,,,,,,,,,,
2025-10-10 00:22:12,,,,867488067677285,1428,HBD,,,,,,,,,,,,,,,,,,,,,,,,,,,,,,,,,,,,,,,,,,,,,,,,,,,,,,,,,,,,,,,,,,,,,,,,,,,,,
2025-10-10 00:24:12,,,,867488067677285,1429,HBD,,,,,,,,,,,,,,,,,,,,,,,,,,,,,,,,,,,,,,,,,,,,,,,,,,,,,,,,,,,,,,,,,,,,,,,,,,,,,
2025-10-10 00:26:13,,,,867488067677285,1430,HBD,,,,,,,,,,,,,,,,,,,,,,,,,,,,,,,,,,,,,,,,,,,,,,,,,,,,,,,,,,,,,,,,,,,,,,,,,,,,,
2025-10-10 00:28:13,,,,867488067677285,1431,HBD,,,,,,,,,,,,,,,,,,,,,,,,,,,,,,,,,,,,,,,,,,,,,,,,,,,,,,,,,,,,,,,,,,,,,,,,,,,,,
2025-10-10 00:30:14,,,,867488067677285,1432,HBD,,,,,,,,,,,,,,,,,,,,,,,,,,,,,,,,,,,,,,,,,,,,,,,,,,,,,,,,,,,,,,,,,,,,,,,,,,,,,
2025-10-10 00:32:14,,,,867488067677285,1433,HBD,,,,,,,,,,,,,,,,,,,,,,,,,,,,,,,,,,,,,,,,,,,,,,,,,,,,,,,,,,,,,,,,,,,,,,,,,,,,,
2025-10-10 00:34:14,,,,867488067677285,1434,HBD,,,,,,,,,,,,,,,,,,,,,,,,,,,,,,,,,,,,,,,,,,,,,,,,,,,,,,,,,,,,,,,,,,,,,,,,,,,,,
2025-10-10 00:36:15,,,,867488067677285,1435,HBD,,,,,,,,,,,,,,,,,,,,,,,,,,,,,,,,,,,,,,,,,,,,,,,,,,,,,,,,,,,,,,,,,,,,,,,,,,,,,
2025-10-10 00:38:15,,,,867488067677285,1436,HBD,,,,,,,,,,,,,,,,,,,,,,,,,,,,,,,,,,,,,,,,,,,,,,,,,,,,,,,,,,,,,,,,,,,,,,,,,,,,,
2025-10-10 00:40:16,,,,867488067677285,1437,HBD,,,,,,,,,,,,,,,,,,,,,,,,,,,,,,,,,,,,,,,,,,,,,,,,,,,,,,,,,,,,,,,,,,,,,,,,,,,,,
2025-10-10 00:42:16,,,,867488067677285,1438,HBD,,,,,,,,,,,,,,,,,,,,,,,,,,,,,,,,,,,,,,,,,,,,,,,,,,,,,,,,,,,,,,,,,,,,,,,,,,,,,
2025-10-10 00:43:23,2025-10-10 00:43:23,2025-10-10 00:41:24,2025-10-10 00:41:24,867488067677285,1439,GTERI,0x19fe3fbf,0x00028102,802003,0x8303,0x0115,46,12906,0000,-,00,00,11,4,4,-,01,01,0.0,0.0,91,91,598,598,-23.319573,-23.319573,-51.156984,-51.156984,0724,0005,9c6b,068ff81d,0.6,26.2,26.2,0:04:54,2:30:18,-,-,0,-,,,,,04,1,00000000,00,10,,,,,,,,,,,,,,,,,,,,,,,,,,,,
2025-10-10 00:44:17,,,,867488067677285,1440,HBD,,,,,,,,,,,,,,,,,,,,,,,,,,,,,,,,,,,,,,,,,,,,,,,,,,,,,,,,,,,,,,,,,,,,,,,,,,,,,
2025-10-10 00:46:17,,,,867488067677285,1441,HBD,,,,,,,,,,,,,,,,,,,,,,,,,,,,,,,,,,,,,,,,,,,,,,,,,,,,,,,,,,,,,,,,,,,,,,,,,,,,,
2025-10-10 00:48:18,,,,867488067677285,1442,HBD,,,,,,,,,,,,,,,,,,,,,,,,,,,,,,,,,,,,,,,,,,,,,,,,,,,,,,,,,,,,,,,,,,,,,,,,,,,,,
2025-10-10 00:50:18,,,,867488067677285,1443,HBD,,,,,,,,,,,,,,,,,,,,,,,,,,,,,,,,,,,,,,,,,,,,,,,,,,,,,,,,,,,,,,,,,,,,,,,,,,,,,
2025-10-10 00:52:19,,,,867488067677285,1444,HBD,,,,,,,,,,,,,,,,,,,,,,,,,,,,,,,,,,,,,,,,,,,,,,,,,,,,,,,,,,,,,,,,,,,,,,,,,,,,,
2025-10-10 00:54:19,,,,867488067677285,1445,HBD,,,,,,,,,,,,,,,,,,,,,,,,,,,,,,,,,,,,,,,,,,,,,,,,,,,,,,,,,,,,,,,,,,,,,,,,,,,,,
2025-10-10 00:56:20,,,,867488067677285,1446,HBD,,,,,,,,,,,,,,,,,,,,,,,,,,,,,,,,,,,,,,,,,,,,,,,,,,,,,,,,,,,,,,,,,,,,,,,,,,,,,
2025-10-10 00:58:25,,,,867488067677285,1447,HBD,,,,,,,,,,,,,,,,,,,,,,,,,,,,,,,,,,,,,,,,,,,,,,,,,,,,,,,,,,,,,,,,,,,,,,,,,,,,,
2025-10-10 01:00:21,,,,867488067677285,1448,HBD,,,,,,,,,,,,,,,,,,,,,,,,,,,,,,,,,,,,,,,,,,,,,,,,,,,,,,,,,,,,,,,,,,,,,,,,,,,,,
2025-10-10 01:02:21,,,,867488067677285,1449,HBD,,,,,,,,,,,,,,,,,,,,,,,,,,,,,,,,,,,,,,,,,,,,,,,,,,,,,,,,,,,,,,,,,,,,,,,,,,,,,
2025-10-10 01:04:22,,,,867488067677285,1450,HBD,,,,,,,,,,,,,,,,,,,,,,,,,,,,,,,,,,,,,,,,,,,,,,,,,,,,,,,,,,,,,,,,,,,,,,,,,,,,,
2025-10-10 01:06:22,,,,867488067677285,1451,HBD,,,,,,,,,,,,,,,,,,,,,,,,,,,,,,,,,,,,,,,,,,,,,,,,,,,,,,,,,,,,,,,,,,,,,,,,,,,,,
2025-10-10 01:08:23,,,,867488067677285,1452,HBD,,,,,,,,,,,,,,,,,,,,,,,,,,,,,,,,,,,,,,,,,,,,,,,,,,,,,,,,,,,,,,,,,,,,,,,,,,,,,
2025-10-10 01:10:23,,,,867488067677285,1453,HBD,,,,,,,,,,,,,,,,,,,,,,,,,,,,,,,,,,,,,,,,,,,,,,,,,,,,,,,,,,,,,,,,,,,,,,,,,,,,,
2025-10-10 01:12:24,,,,867488067677285,1454,HBD,,,,,,,,,,,,,,,,,,,,,,,,,,,,,,,,,,,,,,,,,,,,,,,,,,,,,,,,,,,,,,,,,,,,,,,,,,,,,
2025-10-10 01:14:24,,,,867488067677285,1455,HBD,,,,,,,,,,,,,,,,,,,,,,,,,,,,,,,,,,,,,,,,,,,,,,,,,,,,,,,,,,,,,,,,,,,,,,,,,,,,,
2025-10-10 01:16:25,,,,867488067677285,1456,HBD,,,,,,,,,,,,,,,,,,,,,,,,,,,,,,,,,,,,,,,,,,,,,,,,,,,,,,,,,,,,,,,,,,,,,,,,,,,,,
2025-10-10 01:18:25,,,,867488067677285,1457,HBD,,,,,,,,,,,,,,,,,,,,,,,,,,,,,,,,,,,,,,,,,,,,,,,,,,,,,,,,,,,,,,,,,,,,,,,,,,,,,
2025-10-10 01:20:25,,,,867488067677285,1458,HBD,,,,,,,,,,,,,,,,,,,,,,,,,,,,,,,,,,,,,,,,,,,,,,,,,,,,,,,,,,,,,,,,,,,,,,,,,,,,,
2025-10-10 01:22:26,,,,867488067677285,1459,HBD,,,,,,,,,,,,,,,,,,,,,,,,,,,,,,,,,,,,,,,,,,,,,,,,,,,,,,,,,,,,,,,,,,,,,,,,,,,,,
2025-10-10 01:24:26,,,,867488067677285,1460,HBD,,,,,,,,,,,,,,,,,,,,,,,,,,,,,,,,,,,,,,,,,,,,,,,,,,,,,,,,,,,,,,,,,,,,,,,,,,,,,
2025-10-10 01:26:27,,,,867488067677285,1461,HBD,,,,,,,,,,,,,,,,,,,,,,,,,,,,,,,,,,,,,,,,,,,,,,,,,,,,,,,,,,,,,,,,,,,,,,,,,,,,,
2025-10-10 01:28:27,,,,867488067677285,1462,HBD,,,,,,,,,,,,,,,,,,,,,,,,,,,,,,,,,,,,,,,,,,,,,,,,,,,,,,,,,,,,,,,,,,,,,,,,,,,,,
2025-10-10 01:30:28,,,,867488067677285,1463,HBD,,,,,,,,,,,,,,,,,,,,,,,,,,,,,,,,,,,,,,,,,,,,,,,,,,,,,,,,,,,,,,,,,,,,,,,,,,,,,
2025-10-10 01:32:28,,,,867488067677285,1464,HBD,,,,,,,,,,,,,,,,,,,,,,,,,,,,,,,,,,,,,,,,,,,,,,,,,,,,,,,,,,,,,,,,,,,,,,,,,,,,,
2025-10-10 01:34:29,,,,867488067677285,1465,HBD,,,,,,,,,,,,,,,,,,,,,,,,,,,,,,,,,,,,,,,,,,,,,,,,,,,,,,,,,,,,,,,,,,,,,,,,,,,,,
2025-10-10 01:36:29,,,,867488067677285,1466,HBD,,,,,,,,,,,,,,,,,,,,,,,,,,,,,,,,,,,,,,,,,,,,,,,,,,,,,,,,,,,,,,,,,,,,,,,,,,,,,
2025-10-10 01:38:30,,,,867488067677285,1467,HBD,,,,,,,,,,,,,,,,,,,,,,,,,,,,,,,,,,,,,,,,,,,,,,,,,,,,,,,,,,,,,,,,,,,,,,,,,,,,,
2025-10-10 01:40:30,,,,867488067677285,1468,HBD,,,,,,,,,,,,,,,,,,,,,,,,,,,,,,,,,,,,,,,,,,,,,,,,,,,,,,,,,,,,,,,,,,,,,,,,,,,,,
2025-10-10 01:42:31,,,,867488067677285,1469,HBD,,,,,,,,,,,,,,,,,,,,,,,,,,,,,,,,,,,,,,,,,,,,,,,,,,,,,,,,,,,,,,,,,,,,,,,,,,,,,
2025-10-10 01:43:23,2025-10-10 01:43:23,2025-10-10 01:41:53,2025-10-10 01:41:53,867488067677285,1470,GTERI,0x19fe3fbf,0x00028102,802003,0x8303,0x0115,46,12872,0000,-,00,00,11,6,6,-,01,01,0.0,0.0,91,91,598,598,-23.319573,-23.319573,-51.156984,-51.156984,0724,0005,9c6b,068ff81d,0.6,26.2,26.2,0:04:54,2:30:18,-,-,0,-,,,,,04,1,00000000,00,10,,,,,,,,,,,,,,,,,,,,,,,,,,,,
2025-10-10 01:44:31,,,,867488067677285,1471,HBD,,,,,,,,,,,,,,,,,,,,,,,,,,,,,,,,,,,,,,,,,,,,,,,,,,,,,,,,,,,,,,,,,,,,,,,,,,,,,
2025-10-10 01:46:31,,,,867488067677285,1472,HBD,,,,,,,,,,,,,,,,,,,,,,,,,,,,,,,,,,,,,,,,,,,,,,,,,,,,,,,,,,,,,,,,,,,,,,,,,,,,,
2025-10-10 01:48:32,,,,867488067677285,1473,HBD,,,,,,,,,,,,,,,,,,,,,,,,,,,,,,,,,,,,,,,,,,,,,,,,,,,,,,,,,,,,,,,,,,,,,,,,,,,,,
2025-10-10 01:50:32,,,,867488067677285,1474,HBD,,,,,,,,,,,,,,,,,,,,,,,,,,,,,,,,,,,,,,,,,,,,,,,,,,,,,,,,,,,,,,,,,,,,,,,,,,,,,
2025-10-10 01:52:33,,,,867488067677285,1475,HBD,,,,,,,,,,,,,,,,,,,,,,,,,,,,,,,,,,,,,,,,,,,,,,,,,,,,,,,,,,,,,,,,,,,,,,,,,,,,,
2025-10-10 01:54:33,,,,867488067677285,1476,HBD,,,,,,,,,,,,,,,,,,,,,,,,,,,,,,,,,,,,,,,,,,,,,,,,,,,,,,,,,,,,,,,,,,,,,,,,,,,,,
2025-10-10 01:56:34,,,,867488067677285,1477,HBD,,,,,,,,,,,,,,,,,,,,,,,,,,,,,,,,,,,,,,,,,,,,,,,,,,,,,,,,,,,,,,,,,,,,,,,,,,,,,
2025-10-10 01:58:34,,,,867488067677285,1478,HBD,,,,,,,,,,,,,,,,,,,,,,,,,,,,,,,,,,,,,,,,,,,,,,,,,,,,,,,,,,,,,,,,,,,,,,,,,,,,,
2025-10-10 02:00:35,,,,867488067677285,1479,HBD,,,,,,,,,,,,,,,,,,,,,,,,,,,,,,,,,,,,,,,,,,,,,,,,,,,,,,,,,,,,,,,,,,,,,,,,,,,,,
2025-10-10 02:02:35,,,,867488067677285,1480,HBD,,,,,,,,,,,,,,,,,,,,,,,,,,,,,,,,,,,,,,,,,,,,,,,,,,,,,,,,,,,,,,,,,,,,,,,,,,,,,
2025-10-10 02:04:36,,,,867488067677285,1481,HBD,,,,,,,,,,,,,,,,,,,,,,,,,,,,,,,,,,,,,,,,,,,,,,,,,,,,,,,,,,,,,,,,,,,,,,,,,,,,,
2025-10-10 02:06:36,,,,867488067677285,1482,HBD,,,,,,,,,,,,,,,,,,,,,,,,,,,,,,,,,,,,,,,,,,,,,,,,,,,,,,,,,,,,,,,,,,,,,,,,,,,,,
2025-10-10 02:08:37,,,,867488067677285,1483,HBD,,,,,,,,,,,,,,,,,,,,,,,,,,,,,,,,,,,,,,,,,,,,,,,,,,,,,,,,,,,,,,,,,,,,,,,,,,,,,
2025-10-10 02:10:37,,,,867488067677285,1484,HBD,,,,,,,,,,,,,,,,,,,,,,,,,,,,,,,,,,,,,,,,,,,,,,,,,,,,,,,,,,,,,,,,,,,,,,,,,,,,,
2025-10-10 02:12:37,,,,867488067677285,1485,HBD,,,,,,,,,,,,,,,,,,,,,,,,,,,,,,,,,,,,,,,,,,,,,,,,,,,,,,,,,,,,,,,,,,,,,,,,,,,,,
2025-10-10 02:14:38,,,,867488067677285,1486,HBD,,,,,,,,,,,,,,,,,,,,,,,,,,,,,,,,,,,,,,,,,,,,,,,,,,,,,,,,,,,,,,,,,,,,,,,,,,,,,
2025-10-10 02:16:38,,,,867488067677285,1487,HBD,,,,,,,,,,,,,,,,,,,,,,,,,,,,,,,,,,,,,,,,,,,,,,,,,,,,,,,,,,,,,,,,,,,,,,,,,,,,,
2025-10-10 02:18:39,,,,867488067677285,1488,HBD,,,,,,,,,,,,,,,,,,,,,,,,,,,,,,,,,,,,,,,,,,,,,,,,,,,,,,,,,,,,,,,,,,,,,,,,,,,,,
2025-10-10 02:20:39,,,,867488067677285,1489,HBD,,,,,,,,,,,,,,,,,,,,,,,,,,,,,,,,,,,,,,,,,,,,,,,,,,,,,,,,,,,,,,,,,,,,,,,,,,,,,
2025-10-10 02:22:40,,,,867488067677285,1490,HBD,,,,,,,,,,,,,,,,,,,,,,,,,,,,,,,,,,,,,,,,,,,,,,,,,,,,,,,,,,,,,,,,,,,,,,,,,,,,,
2025-10-10 02:24:40,,,,867488067677285,1491,HBD,,,,,,,,,,,,,,,,,,,,,,,,,,,,,,,,,,,,,,,,,,,,,,,,,,,,,,,,,,,,,,,,,,,,,,,,,,,,,
2025-10-10 02:26:41,,,,867488067677285,1492,HBD,,,,,,,,,,,,,,,,,,,,,,,,,,,,,,,,,,,,,,,,,,,,,,,,,,,,,,,,,,,,,,,,,,,,,,,,,,,,,
2025-10-10 02:28:41,,,,867488067677285,1493,HBD,,,,,,,,,,,,,,,,,,,,,,,,,,,,,,,,,,,,,,,,,,,,,,,,,,,,,,,,,,,,,,,,,,,,,,,,,,,,,
2025-10-10 02:30:42,,,,867488067677285,1494,HBD,,,,,,,,,,,,,,,,,,,,,,,,,,,,,,,,,,,,,,,,,,,,,,,,,,,,,,,,,,,,,,,,,,,,,,,,,,,,,
2025-10-10 02:32:42,,,,867488067677285,1495,HBD,,,,,,,,,,,,,,,,,,,,,,,,,,,,,,,,,,,,,,,,,,,,,,,,,,,,,,,,,,,,,,,,,,,,,,,,,,,,,
2025-10-10 02:34:43,,,,867488067677285,1496,HBD,,,,,,,,,,,,,,,,,,,,,,,,,,,,,,,,,,,,,,,,,,,,,,,,,,,,,,,,,,,,,,,,,,,,,,,,,,,,,
2025-10-10 02:36:43,,,,867488067677285,1497,HBD,,,,,,,,,,,,,,,,,,,,,,,,,,,,,,,,,,,,,,,,,,,,,,,,,,,,,,,,,,,,,,,,,,,,,,,,,,,,,
2025-10-10 02:38:44,,,,867488067677285,1498,HBD,,,,,,,,,,,,,,,,,,,,,,,,,,,,,,,,,,,,,,,,,,,,,,,,,,,,,,,,,,,,,,,,,,,,,,,,,,,,,
2025-10-10 02:40:44,,,,867488067677285,1499,HBD,,,,,,,,,,,,,,,,,,,,,,,,,,,,,,,,,,,,,,,,,,,,,,,,,,,,,,,,,,,,,,,,,,,,,,,,,,,,,
2025-10-10 02:42:44,,,,867488067677285,1500,HBD,,,,,,,,,,,,,,,,,,,,,,,,,,,,,,,,,,,,,,,,,,,,,,,,,,,,,,,,,,,,,,,,,,,,,,,,,,,,,
2025-10-10 02:43:23,2025-10-10 02:43:23,2025-10-10 02:40:58,2025-10-10 02:40:58,867488067677285,1501,GTERI,0x19fe3fbf,0x00028102,802003,0x8303,0x0115,46,12922,0000,-,00,00,11,6,6,-,01,01,0.0,0.0,91,91,598,598,-23.319573,-23.319573,-51.156984,-51.156984,0724,0005,9c6b,068ff81d,0.6,26.2,26.2,0:04:54,2:30:18,-,-,0,-,,,,,04,1,00000000,00,10,,,,,,,,,,,,,,,,,,,,,,,,,,,,
2025-10-10 02:44:45,,,,867488067677285,1502,HBD,,,,,,,,,,,,,,,,,,,,,,,,,,,,,,,,,,,,,,,,,,,,,,,,,,,,,,,,,,,,,,,,,,,,,,,,,,,,,
2025-10-10 02:46:45,,,,867488067677285,1503,HBD,,,,,,,,,,,,,,,,,,,,,,,,,,,,,,,,,,,,,,,,,,,,,,,,,,,,,,,,,,,,,,,,,,,,,,,,,,,,,
2025-10-10 02:48:46,,,,867488067677285,1504,HBD,,,,,,,,,,,,,,,,,,,,,,,,,,,,,,,,,,,,,,,,,,,,,,,,,,,,,,,,,,,,,,,,,,,,,,,,,,,,,
2025-10-10 02:50:46,,,,867488067677285,1505,HBD,,,,,,,,,,,,,,,,,,,,,,,,,,,,,,,,,,,,,,,,,,,,,,,,,,,,,,,,,,,,,,,,,,,,,,,,,,,,,
2025-10-10 02:52:47,,,,867488067677285,1506,HBD,,,,,,,,,,,,,,,,,,,,,,,,,,,,,,,,,,,,,,,,,,,,,,,,,,,,,,,,,,,,,,,,,,,,,,,,,,,,,
2025-10-10 02:54:47,,,,867488067677285,1507,HBD,,,,,,,,,,,,,,,,,,,,,,,,,,,,,,,,,,,,,,,,,,,,,,,,,,,,,,,,,,,,,,,,,,,,,,,,,,,,,
2025-10-10 02:56:48,,,,867488067677285,1508,HBD,,,,,,,,,,,,,,,,,,,,,,,,,,,,,,,,,,,,,,,,,,,,,,,,,,,,,,,,,,,,,,,,,,,,,,,,,,,,,
2025-10-10 02:58:48,,,,867488067677285,1509,HBD,,,,,,,,,,,,,,,,,,,,,,,,,,,,,,,,,,,,,,,,,,,,,,,,,,,,,,,,,,,,,,,,,,,,,,,,,,,,,
2025-10-10 03:00:49,,,,867488067677285,1510,HBD,,,,,,,,,,,,,,,,,,,,,,,,,,,,,,,,,,,,,,,,,,,,,,,,,,,,,,,,,,,,,,,,,,,,,,,,,,,,,
2025-10-10 03:01:49,,,,867488067677285,1511,HBD,,,,,,,,,,,,,,,,,,,,,,,,,,,,,,,,,,,,,,,,,,,,,,,,,,,,,,,,,,,,,,,,,,,,,,,,,,,,,
2025-10-10 03:03:50,,,,867488067677285,1512,HBD,,,,,,,,,,,,,,,,,,,,,,,,,,,,,,,,,,,,,,,,,,,,,,,,,,,,,,,,,,,,,,,,,,,,,,,,,,,,,
2025-10-10 03:05:50,,,,867488067677285,1513,HBD,,,,,,,,,,,,,,,,,,,,,,,,,,,,,,,,,,,,,,,,,,,,,,,,,,,,,,,,,,,,,,,,,,,,,,,,,,,,,
2025-10-10 03:07:50,,,,867488067677285,1514,HBD,,,,,,,,,,,,,,,,,,,,,,,,,,,,,,,,,,,,,,,,,,,,,,,,,,,,,,,,,,,,,,,,,,,,,,,,,,,,,
2025-10-10 03:09:51,,,,867488067677285,1515,HBD,,,,,,,,,,,,,,,,,,,,,,,,,,,,,,,,,,,,,,,,,,,,,,,,,,,,,,,,,,,,,,,,,,,,,,,,,,,,,
2025-10-10 03:11:52,,,,867488067677285,1516,HBD,,,,,,,,,,,,,,,,,,,,,,,,,,,,,,,,,,,,,,,,,,,,,,,,,,,,,,,,,,,,,,,,,,,,,,,,,,,,,
2025-10-10 03:13:52,,,,867488067677285,1517,HBD,,,,,,,,,,,,,,,,,,,,,,,,,,,,,,,,,,,,,,,,,,,,,,,,,,,,,,,,,,,,,,,,,,,,,,,,,,,,,
2025-10-10 03:15:52,,,,867488067677285,1518,HBD,,,,,,,,,,,,,,,,,,,,,,,,,,,,,,,,,,,,,,,,,,,,,,,,,,,,,,,,,,,,,,,,,,,,,,,,,,,,,
2025-10-10 03:17:53,,,,867488067677285,1519,HBD,,,,,,,,,,,,,,,,,,,,,,,,,,,,,,,,,,,,,,,,,,,,,,,,,,,,,,,,,,,,,,,,,,,,,,,,,,,,,
2025-10-10 03:19:53,,,,867488067677285,1520,HBD,,,,,,,,,,,,,,,,,,,,,,,,,,,,,,,,,,,,,,,,,,,,,,,,,,,,,,,,,,,,,,,,,,,,,,,,,,,,,
2025-10-10 03:21:54,,,,867488067677285,1521,HBD,,,,,,,,,,,,,,,,,,,,,,,,,,,,,,,,,,,,,,,,,,,,,,,,,,,,,,,,,,,,,,,,,,,,,,,,,,,,,
2025-10-10 03:23:54,,,,867488067677285,1522,HBD,,,,,,,,,,,,,,,,,,,,,,,,,,,,,,,,,,,,,,,,,,,,,,,,,,,,,,,,,,,,,,,,,,,,,,,,,,,,,
2025-10-10 03:25:55,,,,867488067677285,1523,HBD,,,,,,,,,,,,,,,,,,,,,,,,,,,,,,,,,,,,,,,,,,,,,,,,,,,,,,,,,,,,,,,,,,,,,,,,,,,,,
2025-10-10 03:27:55,,,,867488067677285,1524,HBD,,,,,,,,,,,,,,,,,,,,,,,,,,,,,,,,,,,,,,,,,,,,,,,,,,,,,,,,,,,,,,,,,,,,,,,,,,,,,
2025-10-10 03:29:56,,,,867488067677285,1525,HBD,,,,,,,,,,,,,,,,,,,,,,,,,,,,,,,,,,,,,,,,,,,,,,,,,,,,,,,,,,,,,,,,,,,,,,,,,,,,,
2025-10-10 03:31:56,,,,867488067677285,1526,HBD,,,,,,,,,,,,,,,,,,,,,,,,,,,,,,,,,,,,,,,,,,,,,,,,,,,,,,,,,,,,,,,,,,,,,,,,,,,,,
2025-10-10 03:33:57,,,,867488067677285,1527,HBD,,,,,,,,,,,,,,,,,,,,,,,,,,,,,,,,,,,,,,,,,,,,,,,,,,,,,,,,,,,,,,,,,,,,,,,,,,,,,
2025-10-10 03:35:57,,,,867488067677285,1528,HBD,,,,,,,,,,,,,,,,,,,,,,,,,,,,,,,,,,,,,,,,,,,,,,,,,,,,,,,,,,,,,,,,,,,,,,,,,,,,,
2025-10-10 03:37:58,,,,867488067677285,1529,HBD,,,,,,,,,,,,,,,,,,,,,,,,,,,,,,,,,,,,,,,,,,,,,,,,,,,,,,,,,,,,,,,,,,,,,,,,,,,,,
2025-10-10 03:39:58,,,,867488067677285,1530,HBD,,,,,,,,,,,,,,,,,,,,,,,,,,,,,,,,,,,,,,,,,,,,,,,,,,,,,,,,,,,,,,,,,,,,,,,,,,,,,
2025-10-10 03:41:59,,,,867488067677285,1531,HBD,,,,,,,,,,,,,,,,,,,,,,,,,,,,,,,,,,,,,,,,,,,,,,,,,,,,,,,,,,,,,,,,,,,,,,,,,,,,,
2025-10-10 03:43:23,2025-10-10 03:43:23,2025-10-10 03:41:24,2025-10-10 03:41:24,867488067677285,1532,GTERI,0x19fe3fbf,0x00028102,802003,0x8303,0x0115,47,12900,0000,-,00,00,11,5,5,-,01,01,0.0,0.0,91,91,598,598,-23.319573,-23.319573,-51.156984,-51.156984,0724,0005,9c6b,068ff81d,0.6,26.2,26.2,0:04:54,2:30:18,-,-,0,-,,,,,04,1,00000000,00,10,,,,,,,,,,,,,,,,,,,,,,,,,,,,
2025-10-10 03:43:59,,,,867488067677285,1533,HBD,,,,,,,,,,,,,,,,,,,,,,,,,,,,,,,,,,,,,,,,,,,,,,,,,,,,,,,,,,,,,,,,,,,,,,,,,,,,,
2025-10-10 03:45:59,,,,867488067677285,1534,HBD,,,,,,,,,,,,,,,,,,,,,,,,,,,,,,,,,,,,,,,,,,,,,,,,,,,,,,,,,,,,,,,,,,,,,,,,,,,,,
2025-10-10 03:48:00,,,,867488067677285,1535,HBD,,,,,,,,,,,,,,,,,,,,,,,,,,,,,,,,,,,,,,,,,,,,,,,,,,,,,,,,,,,,,,,,,,,,,,,,,,,,,
2025-10-10 03:50:00,,,,867488067677285,1536,HBD,,,,,,,,,,,,,,,,,,,,,,,,,,,,,,,,,,,,,,,,,,,,,,,,,,,,,,,,,,,,,,,,,,,,,,,,,,,,,
2025-10-10 03:52:01,,,,867488067677285,1537,HBD,,,,,,,,,,,,,,,,,,,,,,,,,,,,,,,,,,,,,,,,,,,,,,,,,,,,,,,,,,,,,,,,,,,,,,,,,,,,,
2025-10-10 03:54:01,,,,867488067677285,1538,HBD,,,,,,,,,,,,,,,,,,,,,,,,,,,,,,,,,,,,,,,,,,,,,,,,,,,,,,,,,,,,,,,,,,,,,,,,,,,,,
2025-10-10 03:56:02,,,,867488067677285,1539,HBD,,,,,,,,,,,,,,,,,,,,,,,,,,,,,,,,,,,,,,,,,,,,,,,,,,,,,,,,,,,,,,,,,,,,,,,,,,,,,
2025-10-10 03:58:02,,,,867488067677285,1540,HBD,,,,,,,,,,,,,,,,,,,,,,,,,,,,,,,,,,,,,,,,,,,,,,,,,,,,,,,,,,,,,,,,,,,,,,,,,,,,,
2025-10-10 04:00:03,,,,867488067677285,1541,HBD,,,,,,,,,,,,,,,,,,,,,,,,,,,,,,,,,,,,,,,,,,,,,,,,,,,,,,,,,,,,,,,,,,,,,,,,,,,,,
2025-10-10 04:02:03,,,,867488067677285,1542,HBD,,,,,,,,,,,,,,,,,,,,,,,,,,,,,,,,,,,,,,,,,,,,,,,,,,,,,,,,,,,,,,,,,,,,,,,,,,,,,
2025-10-10 04:04:04,,,,867488067677285,1543,HBD,,,,,,,,,,,,,,,,,,,,,,,,,,,,,,,,,,,,,,,,,,,,,,,,,,,,,,,,,,,,,,,,,,,,,,,,,,,,,
2025-10-10 04:06:04,,,,867488067677285,1544,HBD,,,,,,,,,,,,,,,,,,,,,,,,,,,,,,,,,,,,,,,,,,,,,,,,,,,,,,,,,,,,,,,,,,,,,,,,,,,,,
2025-10-10 04:08:05,,,,867488067677285,1545,HBD,,,,,,,,,,,,,,,,,,,,,,,,,,,,,,,,,,,,,,,,,,,,,,,,,,,,,,,,,,,,,,,,,,,,,,,,,,,,,
2025-10-10 04:10:05,,,,867488067677285,1546,HBD,,,,,,,,,,,,,,,,,,,,,,,,,,,,,,,,,,,,,,,,,,,,,,,,,,,,,,,,,,,,,,,,,,,,,,,,,,,,,
2025-10-10 04:12:06,,,,867488067677285,1547,HBD,,,,,,,,,,,,,,,,,,,,,,,,,,,,,,,,,,,,,,,,,,,,,,,,,,,,,,,,,,,,,,,,,,,,,,,,,,,,,
2025-10-10 04:14:06,,,,867488067677285,1548,HBD,,,,,,,,,,,,,,,,,,,,,,,,,,,,,,,,,,,,,,,,,,,,,,,,,,,,,,,,,,,,,,,,,,,,,,,,,,,,,
2025-10-10 04:16:07,,,,867488067677285,1549,HBD,,,,,,,,,,,,,,,,,,,,,,,,,,,,,,,,,,,,,,,,,,,,,,,,,,,,,,,,,,,,,,,,,,,,,,,,,,,,,
2025-10-10 04:18:07,,,,867488067677285,1550,HBD,,,,,,,,,,,,,,,,,,,,,,,,,,,,,,,,,,,,,,,,,,,,,,,,,,,,,,,,,,,,,,,,,,,,,,,,,,,,,
2025-10-10 04:20:07,,,,867488067677285,1551,HBD,,,,,,,,,,,,,,,,,,,,,,,,,,,,,,,,,,,,,,,,,,,,,,,,,,,,,,,,,,,,,,,,,,,,,,,,,,,,,
2025-10-10 04:22:08,,,,867488067677285,1552,HBD,,,,,,,,,,,,,,,,,,,,,,,,,,,,,,,,,,,,,,,,,,,,,,,,,,,,,,,,,,,,,,,,,,,,,,,,,,,,,
2025-10-10 04:24:08,,,,867488067677285,1553,HBD,,,,,,,,,,,,,,,,,,,,,,,,,,,,,,,,,,,,,,,,,,,,,,,,,,,,,,,,,,,,,,,,,,,,,,,,,,,,,
2025-10-10 04:26:09,,,,867488067677285,1554,HBD,,,,,,,,,,,,,,,,,,,,,,,,,,,,,,,,,,,,,,,,,,,,,,,,,,,,,,,,,,,,,,,,,,,,,,,,,,,,,
2025-10-10 04:28:09,,,,867488067677285,1555,HBD,,,,,,,,,,,,,,,,,,,,,,,,,,,,,,,,,,,,,,,,,,,,,,,,,,,,,,,,,,,,,,,,,,,,,,,,,,,,,
2025-10-10 04:30:10,,,,867488067677285,1556,HBD,,,,,,,,,,,,,,,,,,,,,,,,,,,,,,,,,,,,,,,,,,,,,,,,,,,,,,,,,,,,,,,,,,,,,,,,,,,,,
2025-10-10 04:32:10,,,,867488067677285,1557,HBD,,,,,,,,,,,,,,,,,,,,,,,,,,,,,,,,,,,,,,,,,,,,,,,,,,,,,,,,,,,,,,,,,,,,,,,,,,,,,
2025-10-10 04:34:11,,,,867488067677285,1558,HBD,,,,,,,,,,,,,,,,,,,,,,,,,,,,,,,,,,,,,,,,,,,,,,,,,,,,,,,,,,,,,,,,,,,,,,,,,,,,,
2025-10-10 04:36:11,,,,867488067677285,1559,HBD,,,,,,,,,,,,,,,,,,,,,,,,,,,,,,,,,,,,,,,,,,,,,,,,,,,,,,,,,,,,,,,,,,,,,,,,,,,,,
2025-10-10 04:38:12,,,,867488067677285,1560,HBD,,,,,,,,,,,,,,,,,,,,,,,,,,,,,,,,,,,,,,,,,,,,,,,,,,,,,,,,,,,,,,,,,,,,,,,,,,,,,
2025-10-10 04:40:12,,,,867488067677285,1561,HBD,,,,,,,,,,,,,,,,,,,,,,,,,,,,,,,,,,,,,,,,,,,,,,,,,,,,,,,,,,,,,,,,,,,,,,,,,,,,,
2025-10-10 04:42:13,,,,867488067677285,1562,HBD,,,,,,,,,,,,,,,,,,,,,,,,,,,,,,,,,,,,,,,,,,,,,,,,,,,,,,,,,,,,,,,,,,,,,,,,,,,,,
2025-10-10 04:43:23,2025-10-10 04:43:23,2025-10-10 04:41:24,2025-10-10 04:41:24,867488067677285,1563,GTERI,0x19fe3fbf,0x00028102,802003,0x8303,0x0115,47,12854,0000,-,00,00,11,5,5,-,01,01,0.0,0.0,91,91,598,598,-23.319573,-23.319573,-51.156984,-51.156984,0724,0005,9c6b,068ff81d,0.6,26.2,26.2,0:04:54,2:30:18,-,-,0,-,,,,,04,1,00000000,00,10,,,,,,,,,,,,,,,,,,,,,,,,,,,,
2025-10-10 04:44:13,,,,867488067677285,1564,HBD,,,,,,,,,,,,,,,,,,,,,,,,,,,,,,,,,,,,,,,,,,,,,,,,,,,,,,,,,,,,,,,,,,,,,,,,,,,,,
2025-10-10 04:46:13,,,,867488067677285,1565,HBD,,,,,,,,,,,,,,,,,,,,,,,,,,,,,,,,,,,,,,,,,,,,,,,,,,,,,,,,,,,,,,,,,,,,,,,,,,,,,
2025-10-10 04:48:14,,,,867488067677285,1566,HBD,,,,,,,,,,,,,,,,,,,,,,,,,,,,,,,,,,,,,,,,,,,,,,,,,,,,,,,,,,,,,,,,,,,,,,,,,,,,,
2025-10-10 04:50:14,,,,867488067677285,1567,HBD,,,,,,,,,,,,,,,,,,,,,,,,,,,,,,,,,,,,,,,,,,,,,,,,,,,,,,,,,,,,,,,,,,,,,,,,,,,,,
2025-10-10 04:52:15,,,,867488067677285,1568,HBD,,,,,,,,,,,,,,,,,,,,,,,,,,,,,,,,,,,,,,,,,,,,,,,,,,,,,,,,,,,,,,,,,,,,,,,,,,,,,
2025-10-10 04:54:15,,,,867488067677285,1569,HBD,,,,,,,,,,,,,,,,,,,,,,,,,,,,,,,,,,,,,,,,,,,,,,,,,,,,,,,,,,,,,,,,,,,,,,,,,,,,,
2025-10-10 04:56:16,,,,867488067677285,1570,HBD,,,,,,,,,,,,,,,,,,,,,,,,,,,,,,,,,,,,,,,,,,,,,,,,,,,,,,,,,,,,,,,,,,,,,,,,,,,,,
2025-10-10 04:58:16,,,,867488067677285,1571,HBD,,,,,,,,,,,,,,,,,,,,,,,,,,,,,,,,,,,,,,,,,,,,,,,,,,,,,,,,,,,,,,,,,,,,,,,,,,,,,
2025-10-10 05:00:17,,,,867488067677285,1572,HBD,,,,,,,,,,,,,,,,,,,,,,,,,,,,,,,,,,,,,,,,,,,,,,,,,,,,,,,,,,,,,,,,,,,,,,,,,,,,,
2025-10-10 05:02:17,,,,867488067677285,1573,HBD,,,,,,,,,,,,,,,,,,,,,,,,,,,,,,,,,,,,,,,,,,,,,,,,,,,,,,,,,,,,,,,,,,,,,,,,,,,,,
2025-10-10 05:04:18,,,,867488067677285,1574,HBD,,,,,,,,,,,,,,,,,,,,,,,,,,,,,,,,,,,,,,,,,,,,,,,,,,,,,,,,,,,,,,,,,,,,,,,,,,,,,
2025-10-10 05:06:18,,,,867488067677285,1575,HBD,,,,,,,,,,,,,,,,,,,,,,,,,,,,,,,,,,,,,,,,,,,,,,,,,,,,,,,,,,,,,,,,,,,,,,,,,,,,,
2025-10-10 05:08:19,,,,867488067677285,1576,HBD,,,,,,,,,,,,,,,,,,,,,,,,,,,,,,,,,,,,,,,,,,,,,,,,,,,,,,,,,,,,,,,,,,,,,,,,,,,,,
2025-10-10 05:10:19,,,,867488067677285,1577,HBD,,,,,,,,,,,,,,,,,,,,,,,,,,,,,,,,,,,,,,,,,,,,,,,,,,,,,,,,,,,,,,,,,,,,,,,,,,,,,
2025-10-10 05:12:19,,,,867488067677285,1578,HBD,,,,,,,,,,,,,,,,,,,,,,,,,,,,,,,,,,,,,,,,,,,,,,,,,,,,,,,,,,,,,,,,,,,,,,,,,,,,,
2025-10-10 05:14:20,,,,867488067677285,1579,HBD,,,,,,,,,,,,,,,,,,,,,,,,,,,,,,,,,,,,,,,,,,,,,,,,,,,,,,,,,,,,,,,,,,,,,,,,,,,,,
2025-10-10 05:16:20,,,,867488067677285,1580,HBD,,,,,,,,,,,,,,,,,,,,,,,,,,,,,,,,,,,,,,,,,,,,,,,,,,,,,,,,,,,,,,,,,,,,,,,,,,,,,
2025-10-10 05:18:21,,,,867488067677285,1581,HBD,,,,,,,,,,,,,,,,,,,,,,,,,,,,,,,,,,,,,,,,,,,,,,,,,,,,,,,,,,,,,,,,,,,,,,,,,,,,,
2025-10-10 05:20:21,,,,867488067677285,1582,HBD,,,,,,,,,,,,,,,,,,,,,,,,,,,,,,,,,,,,,,,,,,,,,,,,,,,,,,,,,,,,,,,,,,,,,,,,,,,,,
2025-10-10 05:22:22,,,,867488067677285,1583,HBD,,,,,,,,,,,,,,,,,,,,,,,,,,,,,,,,,,,,,,,,,,,,,,,,,,,,,,,,,,,,,,,,,,,,,,,,,,,,,
2025-10-10 05:24:22,,,,867488067677285,1584,HBD,,,,,,,,,,,,,,,,,,,,,,,,,,,,,,,,,,,,,,,,,,,,,,,,,,,,,,,,,,,,,,,,,,,,,,,,,,,,,
2025-10-10 05:26:23,,,,867488067677285,1585,HBD,,,,,,,,,,,,,,,,,,,,,,,,,,,,,,,,,,,,,,,,,,,,,,,,,,,,,,,,,,,,,,,,,,,,,,,,,,,,,
2025-10-10 05:28:23,,,,867488067677285,1586,HBD,,,,,,,,,,,,,,,,,,,,,,,,,,,,,,,,,,,,,,,,,,,,,,,,,,,,,,,,,,,,,,,,,,,,,,,,,,,,,
2025-10-10 05:30:24,,,,867488067677285,1587,HBD,,,,,,,,,,,,,,,,,,,,,,,,,,,,,,,,,,,,,,,,,,,,,,,,,,,,,,,,,,,,,,,,,,,,,,,,,,,,,
2025-10-10 05:32:24,,,,867488067677285,1588,HBD,,,,,,,,,,,,,,,,,,,,,,,,,,,,,,,,,,,,,,,,,,,,,,,,,,,,,,,,,,,,,,,,,,,,,,,,,,,,,
2025-10-10 05:34:25,,,,867488067677285,1589,HBD,,,,,,,,,,,,,,,,,,,,,,,,,,,,,,,,,,,,,,,,,,,,,,,,,,,,,,,,,,,,,,,,,,,,,,,,,,,,,
2025-10-10 05:36:25,,,,867488067677285,1590,HBD,,,,,,,,,,,,,,,,,,,,,,,,,,,,,,,,,,,,,,,,,,,,,,,,,,,,,,,,,,,,,,,,,,,,,,,,,,,,,
2025-10-10 05:38:26,,,,867488067677285,1591,HBD,,,,,,,,,,,,,,,,,,,,,,,,,,,,,,,,,,,,,,,,,,,,,,,,,,,,,,,,,,,,,,,,,,,,,,,,,,,,,
2025-10-10 05:40:26,,,,867488067677285,1592,HBD,,,,,,,,,,,,,,,,,,,,,,,,,,,,,,,,,,,,,,,,,,,,,,,,,,,,,,,,,,,,,,,,,,,,,,,,,,,,,
2025-10-10 05:42:27,,,,867488067677285,1593,HBD,,,,,,,,,,,,,,,,,,,,,,,,,,,,,,,,,,,,,,,,,,,,,,,,,,,,,,,,,,,,,,,,,,,,,,,,,,,,,
2025-10-10 05:43:23,2025-10-10 05:43:23,2025-10-10 05:40:59,2025-10-10 05:40:59,867488067677285,1594,GTERI,0x19fe3fbf,0x00028102,802003,0x8303,0x0115,47,12848,0000,-,00,00,11,5,5,-,01,01,0.0,0.0,91,91,598,598,-23.319573,-23.319573,-51.156984,-51.156984,0724,0005,9c6b,068ff81d,0.6,26.2,26.2,0:04:54,2:30:18,-,-,0,-,,,,,04,1,00000000,00,10,,,,,,,,,,,,,,,,,,,,,,,,,,,,
2025-10-10 05:44:27,,,,867488067677285,1595,HBD,,,,,,,,,,,,,,,,,,,,,,,,,,,,,,,,,,,,,,,,,,,,,,,,,,,,,,,,,,,,,,,,,,,,,,,,,,,,,
2025-10-10 05:46:28,,,,867488067677285,1596,HBD,,,,,,,,,,,,,,,,,,,,,,,,,,,,,,,,,,,,,,,,,,,,,,,,,,,,,,,,,,,,,,,,,,,,,,,,,,,,,
2025-10-10 05:48:28,,,,867488067677285,1597,HBD,,,,,,,,,,,,,,,,,,,,,,,,,,,,,,,,,,,,,,,,,,,,,,,,,,,,,,,,,,,,,,,,,,,,,,,,,,,,,
2025-10-10 05:50:28,,,,867488067677285,1598,HBD,,,,,,,,,,,,,,,,,,,,,,,,,,,,,,,,,,,,,,,,,,,,,,,,,,,,,,,,,,,,,,,,,,,,,,,,,,,,,
2025-10-10 05:52:29,,,,867488067677285,1599,HBD,,,,,,,,,,,,,,,,,,,,,,,,,,,,,,,,,,,,,,,,,,,,,,,,,,,,,,,,,,,,,,,,,,,,,,,,,,,,,
2025-10-10 05:54:29,,,,867488067677285,1600,HBD,,,,,,,,,,,,,,,,,,,,,,,,,,,,,,,,,,,,,,,,,,,,,,,,,,,,,,,,,,,,,,,,,,,,,,,,,,,,,
2025-10-10 05:56:30,,,,867488067677285,1601,HBD,,,,,,,,,,,,,,,,,,,,,,,,,,,,,,,,,,,,,,,,,,,,,,,,,,,,,,,,,,,,,,,,,,,,,,,,,,,,,
2025-10-10 05:58:30,,,,867488067677285,1602,HBD,,,,,,,,,,,,,,,,,,,,,,,,,,,,,,,,,,,,,,,,,,,,,,,,,,,,,,,,,,,,,,,,,,,,,,,,,,,,,
2025-10-10 06:00:31,,,,867488067677285,1603,HBD,,,,,,,,,,,,,,,,,,,,,,,,,,,,,,,,,,,,,,,,,,,,,,,,,,,,,,,,,,,,,,,,,,,,,,,,,,,,,
2025-10-10 06:02:31,,,,867488067677285,1604,HBD,,,,,,,,,,,,,,,,,,,,,,,,,,,,,,,,,,,,,,,,,,,,,,,,,,,,,,,,,,,,,,,,,,,,,,,,,,,,,
2025-10-10 06:04:32,,,,867488067677285,1605,HBD,,,,,,,,,,,,,,,,,,,,,,,,,,,,,,,,,,,,,,,,,,,,,,,,,,,,,,,,,,,,,,,,,,,,,,,,,,,,,
2025-10-10 06:06:32,,,,867488067677285,1606,HBD,,,,,,,,,,,,,,,,,,,,,,,,,,,,,,,,,,,,,,,,,,,,,,,,,,,,,,,,,,,,,,,,,,,,,,,,,,,,,
2025-10-10 06:08:33,,,,867488067677285,1607,HBD,,,,,,,,,,,,,,,,,,,,,,,,,,,,,,,,,,,,,,,,,,,,,,,,,,,,,,,,,,,,,,,,,,,,,,,,,,,,,
2025-10-10 06:10:33,,,,867488067677285,1608,HBD,,,,,,,,,,,,,,,,,,,,,,,,,,,,,,,,,,,,,,,,,,,,,,,,,,,,,,,,,,,,,,,,,,,,,,,,,,,,,
2025-10-10 06:12:34,,,,867488067677285,1609,HBD,,,,,,,,,,,,,,,,,,,,,,,,,,,,,,,,,,,,,,,,,,,,,,,,,,,,,,,,,,,,,,,,,,,,,,,,,,,,,
2025-10-10 06:14:34,,,,867488067677285,1610,HBD,,,,,,,,,,,,,,,,,,,,,,,,,,,,,,,,,,,,,,,,,,,,,,,,,,,,,,,,,,,,,,,,,,,,,,,,,,,,,
2025-10-10 06:16:35,,,,867488067677285,1611,HBD,,,,,,,,,,,,,,,,,,,,,,,,,,,,,,,,,,,,,,,,,,,,,,,,,,,,,,,,,,,,,,,,,,,,,,,,,,,,,
2025-10-10 06:18:35,,,,867488067677285,1612,HBD,,,,,,,,,,,,,,,,,,,,,,,,,,,,,,,,,,,,,,,,,,,,,,,,,,,,,,,,,,,,,,,,,,,,,,,,,,,,,
2025-10-10 06:20:35,,,,867488067677285,1613,HBD,,,,,,,,,,,,,,,,,,,,,,,,,,,,,,,,,,,,,,,,,,,,,,,,,,,,,,,,,,,,,,,,,,,,,,,,,,,,,
2025-10-10 06:22:36,,,,867488067677285,1614,HBD,,,,,,,,,,,,,,,,,,,,,,,,,,,,,,,,,,,,,,,,,,,,,,,,,,,,,,,,,,,,,,,,,,,,,,,,,,,,,
2025-10-10 06:24:36,,,,867488067677285,1615,HBD,,,,,,,,,,,,,,,,,,,,,,,,,,,,,,,,,,,,,,,,,,,,,,,,,,,,,,,,,,,,,,,,,,,,,,,,,,,,,
2025-10-10 06:26:37,,,,867488067677285,1616,HBD,,,,,,,,,,,,,,,,,,,,,,,,,,,,,,,,,,,,,,,,,,,,,,,,,,,,,,,,,,,,,,,,,,,,,,,,,,,,,
2025-10-10 06:28:37,,,,867488067677285,1617,HBD,,,,,,,,,,,,,,,,,,,,,,,,,,,,,,,,,,,,,,,,,,,,,,,,,,,,,,,,,,,,,,,,,,,,,,,,,,,,,
2025-10-10 06:30:38,,,,867488067677285,1618,HBD,,,,,,,,,,,,,,,,,,,,,,,,,,,,,,,,,,,,,,,,,,,,,,,,,,,,,,,,,,,,,,,,,,,,,,,,,,,,,
2025-10-10 06:32:38,,,,867488067677285,1619,HBD,,,,,,,,,,,,,,,,,,,,,,,,,,,,,,,,,,,,,,,,,,,,,,,,,,,,,,,,,,,,,,,,,,,,,,,,,,,,,
2025-10-10 06:34:39,,,,867488067677285,1620,HBD,,,,,,,,,,,,,,,,,,,,,,,,,,,,,,,,,,,,,,,,,,,,,,,,,,,,,,,,,,,,,,,,,,,,,,,,,,,,,
2025-10-10 06:36:39,,,,867488067677285,1621,HBD,,,,,,,,,,,,,,,,,,,,,,,,,,,,,,,,,,,,,,,,,,,,,,,,,,,,,,,,,,,,,,,,,,,,,,,,,,,,,
2025-10-10 06:38:40,,,,867488067677285,1622,HBD,,,,,,,,,,,,,,,,,,,,,,,,,,,,,,,,,,,,,,,,,,,,,,,,,,,,,,,,,,,,,,,,,,,,,,,,,,,,,
2025-10-10 06:40:40,,,,867488067677285,1623,HBD,,,,,,,,,,,,,,,,,,,,,,,,,,,,,,,,,,,,,,,,,,,,,,,,,,,,,,,,,,,,,,,,,,,,,,,,,,,,,
2025-10-10 06:42:41,,,,867488067677285,1624,HBD,,,,,,,,,,,,,,,,,,,,,,,,,,,,,,,,,,,,,,,,,,,,,,,,,,,,,,,,,,,,,,,,,,,,,,,,,,,,,
2025-10-10 06:43:23,2025-10-10 06:43:23,2025-10-10 06:41:23,2025-10-10 06:41:23,867488067677285,1625,GTERI,0x19fe3fbf,0x00028102,802003,0x8303,0x0115,47,12827,0000,-,00,00,11,8,8,-,01,01,0.0,0.0,91,91,598,598,-23.319573,-23.319573,-51.156984,-51.156984,0724,0005,9c6b,068ff81d,0.6,26.2,26.2,0:04:54,2:30:18,-,-,0,-,,,,,04,1,00000000,00,10,,,,,,,,,,,,,,,,,,,,,,,,,,,,
2025-10-10 06:44:41,,,,867488067677285,1626,HBD,,,,,,,,,,,,,,,,,,,,,,,,,,,,,,,,,,,,,,,,,,,,,,,,,,,,,,,,,,,,,,,,,,,,,,,,,,,,,
2025-10-10 06:46:41,,,,867488067677285,1627,HBD,,,,,,,,,,,,,,,,,,,,,,,,,,,,,,,,,,,,,,,,,,,,,,,,,,,,,,,,,,,,,,,,,,,,,,,,,,,,,
2025-10-10 06:48:42,,,,867488067677285,1628,HBD,,,,,,,,,,,,,,,,,,,,,,,,,,,,,,,,,,,,,,,,,,,,,,,,,,,,,,,,,,,,,,,,,,,,,,,,,,,,,
2025-10-10 06:50:42,,,,867488067677285,1629,HBD,,,,,,,,,,,,,,,,,,,,,,,,,,,,,,,,,,,,,,,,,,,,,,,,,,,,,,,,,,,,,,,,,,,,,,,,,,,,,
2025-10-10 06:52:43,,,,867488067677285,1630,HBD,,,,,,,,,,,,,,,,,,,,,,,,,,,,,,,,,,,,,,,,,,,,,,,,,,,,,,,,,,,,,,,,,,,,,,,,,,,,,
2025-10-10 06:54:43,,,,867488067677285,1631,HBD,,,,,,,,,,,,,,,,,,,,,,,,,,,,,,,,,,,,,,,,,,,,,,,,,,,,,,,,,,,,,,,,,,,,,,,,,,,,,
2025-10-10 06:56:44,,,,867488067677285,1632,HBD,,,,,,,,,,,,,,,,,,,,,,,,,,,,,,,,,,,,,,,,,,,,,,,,,,,,,,,,,,,,,,,,,,,,,,,,,,,,,
2025-10-10 06:58:44,,,,867488067677285,1633,HBD,,,,,,,,,,,,,,,,,,,,,,,,,,,,,,,,,,,,,,,,,,,,,,,,,,,,,,,,,,,,,,,,,,,,,,,,,,,,,
2025-10-10 07:00:45,,,,867488067677285,1634,HBD,,,,,,,,,,,,,,,,,,,,,,,,,,,,,,,,,,,,,,,,,,,,,,,,,,,,,,,,,,,,,,,,,,,,,,,,,,,,,
2025-10-10 07:02:45,,,,867488067677285,1635,HBD,,,,,,,,,,,,,,,,,,,,,,,,,,,,,,,,,,,,,,,,,,,,,,,,,,,,,,,,,,,,,,,,,,,,,,,,,,,,,
2025-10-10 07:04:46,,,,867488067677285,1636,HBD,,,,,,,,,,,,,,,,,,,,,,,,,,,,,,,,,,,,,,,,,,,,,,,,,,,,,,,,,,,,,,,,,,,,,,,,,,,,,
2025-10-10 07:06:46,,,,867488067677285,1637,HBD,,,,,,,,,,,,,,,,,,,,,,,,,,,,,,,,,,,,,,,,,,,,,,,,,,,,,,,,,,,,,,,,,,,,,,,,,,,,,
2025-10-10 07:08:47,,,,867488067677285,1638,HBD,,,,,,,,,,,,,,,,,,,,,,,,,,,,,,,,,,,,,,,,,,,,,,,,,,,,,,,,,,,,,,,,,,,,,,,,,,,,,
2025-10-10 07:10:47,,,,867488067677285,1639,HBD,,,,,,,,,,,,,,,,,,,,,,,,,,,,,,,,,,,,,,,,,,,,,,,,,,,,,,,,,,,,,,,,,,,,,,,,,,,,,
2025-10-10 07:12:48,,,,867488067677285,1640,HBD,,,,,,,,,,,,,,,,,,,,,,,,,,,,,,,,,,,,,,,,,,,,,,,,,,,,,,,,,,,,,,,,,,,,,,,,,,,,,
2025-10-10 07:14:48,,,,867488067677285,1641,HBD,,,,,,,,,,,,,,,,,,,,,,,,,,,,,,,,,,,,,,,,,,,,,,,,,,,,,,,,,,,,,,,,,,,,,,,,,,,,,
2025-10-10 07:16:48,,,,867488067677285,1642,HBD,,,,,,,,,,,,,,,,,,,,,,,,,,,,,,,,,,,,,,,,,,,,,,,,,,,,,,,,,,,,,,,,,,,,,,,,,,,,,
2025-10-10 07:18:49,,,,867488067677285,1643,HBD,,,,,,,,,,,,,,,,,,,,,,,,,,,,,,,,,,,,,,,,,,,,,,,,,,,,,,,,,,,,,,,,,,,,,,,,,,,,,
2025-10-10 07:19:49,,,,867488067677285,1644,HBD,,,,,,,,,,,,,,,,,,,,,,,,,,,,,,,,,,,,,,,,,,,,,,,,,,,,,,,,,,,,,,,,,,,,,,,,,,,,,
2025-10-10 07:21:50,,,,867488067677285,1645,HBD,,,,,,,,,,,,,,,,,,,,,,,,,,,,,,,,,,,,,,,,,,,,,,,,,,,,,,,,,,,,,,,,,,,,,,,,,,,,,
2025-10-10 07:23:50,,,,867488067677285,1646,HBD,,,,,,,,,,,,,,,,,,,,,,,,,,,,,,,,,,,,,,,,,,,,,,,,,,,,,,,,,,,,,,,,,,,,,,,,,,,,,
2025-10-10 07:25:51,,,,867488067677285,1647,HBD,,,,,,,,,,,,,,,,,,,,,,,,,,,,,,,,,,,,,,,,,,,,,,,,,,,,,,,,,,,,,,,,,,,,,,,,,,,,,
2025-10-10 07:27:51,,,,867488067677285,1648,HBD,,,,,,,,,,,,,,,,,,,,,,,,,,,,,,,,,,,,,,,,,,,,,,,,,,,,,,,,,,,,,,,,,,,,,,,,,,,,,
2025-10-10 07:29:52,,,,867488067677285,1649,HBD,,,,,,,,,,,,,,,,,,,,,,,,,,,,,,,,,,,,,,,,,,,,,,,,,,,,,,,,,,,,,,,,,,,,,,,,,,,,,
2025-10-10 07:31:52,,,,867488067677285,1650,HBD,,,,,,,,,,,,,,,,,,,,,,,,,,,,,,,,,,,,,,,,,,,,,,,,,,,,,,,,,,,,,,,,,,,,,,,,,,,,,
2025-10-10 07:33:52,,,,867488067677285,1651,HBD,,,,,,,,,,,,,,,,,,,,,,,,,,,,,,,,,,,,,,,,,,,,,,,,,,,,,,,,,,,,,,,,,,,,,,,,,,,,,
2025-10-10 07:35:15,,,,867488067677285,1652,GTINF,,,,,,,,,,,,,,,,,,,,,,,,,,,,,,,,,,,,,,,,,,c1,3814,03,,,,,,,,,,,,,,,,,,,,,,,,,,,,,,,,,
2025-10-10 07:35:53,,,,867488067677285,1653,HBD,,,,,,,,,,,,,,,,,,,,,,,,,,,,,,,,,,,,,,,,,,,,,,,,,,,,,,,,,,,,,,,,,,,,,,,,,,,,,
2025-10-10 07:37:53,,,,867488067677285,1654,HBD,,,,,,,,,,,,,,,,,,,,,,,,,,,,,,,,,,,,,,,,,,,,,,,,,,,,,,,,,,,,,,,,,,,,,,,,,,,,,
2025-10-10 07:39:54,,,,867488067677285,1655,HBD,,,,,,,,,,,,,,,,,,,,,,,,,,,,,,,,,,,,,,,,,,,,,,,,,,,,,,,,,,,,,,,,,,,,,,,,,,,,,
2025-10-10 07:41:54,,,,867488067677285,1656,HBD,,,,,,,,,,,,,,,,,,,,,,,,,,,,,,,,,,,,,,,,,,,,,,,,,,,,,,,,,,,,,,,,,,,,,,,,,,,,,
2025-10-10 07:43:23,2025-10-10 07:43:23,2025-10-10 07:41:46,2025-10-10 07:41:46,867488067677285,1657,GTERI,0x19fe3fbf,0x00028102,802003,0x8303,0x0115,47,12891,0000,-,00,00,11,10,10,-,01,01,0.0,0.0,91,91,598,598,-23.319573,-23.319573,-51.156984,-51.156984,0724,0005,9c6b,068ff81d,0.6,26.2,26.2,0:04:54,2:30:18,-,-,0,-,,,,,04,1,00000000,00,10,,,,,,,,,,,,,,,,,,,,,,,,,,,,
2025-10-10 07:43:55,,,,867488067677285,1658,HBD,,,,,,,,,,,,,,,,,,,,,,,,,,,,,,,,,,,,,,,,,,,,,,,,,,,,,,,,,,,,,,,,,,,,,,,,,,,,,
2025-10-10 07:45:56,,,,867488067677285,1659,HBD,,,,,,,,,,,,,,,,,,,,,,,,,,,,,,,,,,,,,,,,,,,,,,,,,,,,,,,,,,,,,,,,,,,,,,,,,,,,,
2025-10-10 07:47:56,,,,867488067677285,1660,HBD,,,,,,,,,,,,,,,,,,,,,,,,,,,,,,,,,,,,,,,,,,,,,,,,,,,,,,,,,,,,,,,,,,,,,,,,,,,,,
2025-10-10 07:49:57,,,,867488067677285,1661,HBD,,,,,,,,,,,,,,,,,,,,,,,,,,,,,,,,,,,,,,,,,,,,,,,,,,,,,,,,,,,,,,,,,,,,,,,,,,,,,
2025-10-10 07:51:57,,,,867488067677285,1662,HBD,,,,,,,,,,,,,,,,,,,,,,,,,,,,,,,,,,,,,,,,,,,,,,,,,,,,,,,,,,,,,,,,,,,,,,,,,,,,,
2025-10-10 07:53:58,,,,867488067677285,1663,HBD,,,,,,,,,,,,,,,,,,,,,,,,,,,,,,,,,,,,,,,,,,,,,,,,,,,,,,,,,,,,,,,,,,,,,,,,,,,,,
2025-10-10 07:55:58,,,,867488067677285,1664,HBD,,,,,,,,,,,,,,,,,,,,,,,,,,,,,,,,,,,,,,,,,,,,,,,,,,,,,,,,,,,,,,,,,,,,,,,,,,,,,
2025-10-10 07:57:59,,,,867488067677285,1665,HBD,,,,,,,,,,,,,,,,,,,,,,,,,,,,,,,,,,,,,,,,,,,,,,,,,,,,,,,,,,,,,,,,,,,,,,,,,,,,,
2025-10-10 07:59:59,,,,867488067677285,1666,HBD,,,,,,,,,,,,,,,,,,,,,,,,,,,,,,,,,,,,,,,,,,,,,,,,,,,,,,,,,,,,,,,,,,,,,,,,,,,,,
2025-10-10 08:02:00,,,,867488067677285,1667,HBD,,,,,,,,,,,,,,,,,,,,,,,,,,,,,,,,,,,,,,,,,,,,,,,,,,,,,,,,,,,,,,,,,,,,,,,,,,,,,
2025-10-10 08:04:00,,,,867488067677285,1668,HBD,,,,,,,,,,,,,,,,,,,,,,,,,,,,,,,,,,,,,,,,,,,,,,,,,,,,,,,,,,,,,,,,,,,,,,,,,,,,,
2025-10-10 08:06:01,,,,867488067677285,1669,HBD,,,,,,,,,,,,,,,,,,,,,,,,,,,,,,,,,,,,,,,,,,,,,,,,,,,,,,,,,,,,,,,,,,,,,,,,,,,,,
2025-10-10 08:08:01,,,,867488067677285,1670,HBD,,,,,,,,,,,,,,,,,,,,,,,,,,,,,,,,,,,,,,,,,,,,,,,,,,,,,,,,,,,,,,,,,,,,,,,,,,,,,
2025-10-10 08:10:02,,,,867488067677285,1671,HBD,,,,,,,,,,,,,,,,,,,,,,,,,,,,,,,,,,,,,,,,,,,,,,,,,,,,,,,,,,,,,,,,,,,,,,,,,,,,,
2025-10-10 08:12:02,,,,867488067677285,1672,HBD,,,,,,,,,,,,,,,,,,,,,,,,,,,,,,,,,,,,,,,,,,,,,,,,,,,,,,,,,,,,,,,,,,,,,,,,,,,,,
2025-10-10 08:14:03,,,,867488067677285,1673,HBD,,,,,,,,,,,,,,,,,,,,,,,,,,,,,,,,,,,,,,,,,,,,,,,,,,,,,,,,,,,,,,,,,,,,,,,,,,,,,
2025-10-10 08:16:03,,,,867488067677285,1674,HBD,,,,,,,,,,,,,,,,,,,,,,,,,,,,,,,,,,,,,,,,,,,,,,,,,,,,,,,,,,,,,,,,,,,,,,,,,,,,,
2025-10-10 08:18:04,,,,867488067677285,1675,HBD,,,,,,,,,,,,,,,,,,,,,,,,,,,,,,,,,,,,,,,,,,,,,,,,,,,,,,,,,,,,,,,,,,,,,,,,,,,,,
2025-10-10 08:20:04,,,,867488067677285,1676,HBD,,,,,,,,,,,,,,,,,,,,,,,,,,,,,,,,,,,,,,,,,,,,,,,,,,,,,,,,,,,,,,,,,,,,,,,,,,,,,
2025-10-10 08:22:04,,,,867488067677285,1677,HBD,,,,,,,,,,,,,,,,,,,,,,,,,,,,,,,,,,,,,,,,,,,,,,,,,,,,,,,,,,,,,,,,,,,,,,,,,,,,,
2025-10-10 08:24:05,,,,867488067677285,1678,HBD,,,,,,,,,,,,,,,,,,,,,,,,,,,,,,,,,,,,,,,,,,,,,,,,,,,,,,,,,,,,,,,,,,,,,,,,,,,,,
2025-10-10 08:26:05,,,,867488067677285,1679,HBD,,,,,,,,,,,,,,,,,,,,,,,,,,,,,,,,,,,,,,,,,,,,,,,,,,,,,,,,,,,,,,,,,,,,,,,,,,,,,
2025-10-10 08:28:06,,,,867488067677285,1680,HBD,,,,,,,,,,,,,,,,,,,,,,,,,,,,,,,,,,,,,,,,,,,,,,,,,,,,,,,,,,,,,,,,,,,,,,,,,,,,,
2025-10-10 08:28:26,,,,867488067677285,1680,HBD,,,,,,,,,,,,,,,,,,,,,,,,,,,,,,,,,,,,,,,,,,,,,,,,,,,,,,,,,,,,,,,,,,,,,,,,,,,,,
2025-10-10 08:30:06,,,,867488067677285,1681,HBD,,,,,,,,,,,,,,,,,,,,,,,,,,,,,,,,,,,,,,,,,,,,,,,,,,,,,,,,,,,,,,,,,,,,,,,,,,,,,
2025-10-10 08:32:07,,,,867488067677285,1682,HBD,,,,,,,,,,,,,,,,,,,,,,,,,,,,,,,,,,,,,,,,,,,,,,,,,,,,,,,,,,,,,,,,,,,,,,,,,,,,,
2025-10-10 08:34:07,,,,867488067677285,1683,HBD,,,,,,,,,,,,,,,,,,,,,,,,,,,,,,,,,,,,,,,,,,,,,,,,,,,,,,,,,,,,,,,,,,,,,,,,,,,,,
2025-10-10 08:36:08,,,,867488067677285,1684,HBD,,,,,,,,,,,,,,,,,,,,,,,,,,,,,,,,,,,,,,,,,,,,,,,,,,,,,,,,,,,,,,,,,,,,,,,,,,,,,
2025-10-10 08:38:08,,,,867488067677285,1685,HBD,,,,,,,,,,,,,,,,,,,,,,,,,,,,,,,,,,,,,,,,,,,,,,,,,,,,,,,,,,,,,,,,,,,,,,,,,,,,,
2025-10-10 08:40:09,,,,867488067677285,1686,HBD,,,,,,,,,,,,,,,,,,,,,,,,,,,,,,,,,,,,,,,,,,,,,,,,,,,,,,,,,,,,,,,,,,,,,,,,,,,,,
2025-10-10 08:42:09,,,,867488067677285,1687,HBD,,,,,,,,,,,,,,,,,,,,,,,,,,,,,,,,,,,,,,,,,,,,,,,,,,,,,,,,,,,,,,,,,,,,,,,,,,,,,
2025-10-10 08:43:23,2025-10-10 08:43:23,2025-10-10 08:40:56,2025-10-10 08:40:56,867488067677285,1688,GTERI,0x19fe3fbf,0x00028102,802003,0x8303,0x0115,47,12840,0000,-,00,00,11,8,8,-,01,01,0.0,0.0,91,91,598,598,-23.319573,-23.319573,-51.156984,-51.156984,0724,0005,9c6b,068ff81d,0.6,26.2,26.2,0:04:54,2:30:18,-,-,0,-,,,,,04,1,00000000,00,10,,,,,,,,,,,,,,,,,,,,,,,,,,,,
2025-10-10 08:44:09,,,,867488067677285,1689,HBD,,,,,,,,,,,,,,,,,,,,,,,,,,,,,,,,,,,,,,,,,,,,,,,,,,,,,,,,,,,,,,,,,,,,,,,,,,,,,
2025-10-10 08:46:11,,,,867488067677285,1690,HBD,,,,,,,,,,,,,,,,,,,,,,,,,,,,,,,,,,,,,,,,,,,,,,,,,,,,,,,,,,,,,,,,,,,,,,,,,,,,,
2025-10-10 08:48:11,,,,867488067677285,1691,HBD,,,,,,,,,,,,,,,,,,,,,,,,,,,,,,,,,,,,,,,,,,,,,,,,,,,,,,,,,,,,,,,,,,,,,,,,,,,,,
2025-10-10 08:49:54,,,,867488067677285,1692,HBD,,,,,,,,,,,,,,,,,,,,,,,,,,,,,,,,,,,,,,,,,,,,,,,,,,,,,,,,,,,,,,,,,,,,,,,,,,,,,
2025-10-10 08:52:05,,,,867488067677285,1693,HBD,,,,,,,,,,,,,,,,,,,,,,,,,,,,,,,,,,,,,,,,,,,,,,,,,,,,,,,,,,,,,,,,,,,,,,,,,,,,,
2025-10-10 08:54:12,,,,867488067677285,1694,HBD,,,,,,,,,,,,,,,,,,,,,,,,,,,,,,,,,,,,,,,,,,,,,,,,,,,,,,,,,,,,,,,,,,,,,,,,,,,,,
2025-10-10 08:56:13,,,,867488067677285,1695,HBD,,,,,,,,,,,,,,,,,,,,,,,,,,,,,,,,,,,,,,,,,,,,,,,,,,,,,,,,,,,,,,,,,,,,,,,,,,,,,
2025-10-10 08:58:14,,,,867488067677285,1696,HBD,,,,,,,,,,,,,,,,,,,,,,,,,,,,,,,,,,,,,,,,,,,,,,,,,,,,,,,,,,,,,,,,,,,,,,,,,,,,,
2025-10-10 09:00:14,,,,867488067677285,1697,HBD,,,,,,,,,,,,,,,,,,,,,,,,,,,,,,,,,,,,,,,,,,,,,,,,,,,,,,,,,,,,,,,,,,,,,,,,,,,,,
2025-10-10 09:02:15,,,,867488067677285,1698,HBD,,,,,,,,,,,,,,,,,,,,,,,,,,,,,,,,,,,,,,,,,,,,,,,,,,,,,,,,,,,,,,,,,,,,,,,,,,,,,
2025-10-10 09:04:15,,,,867488067677285,1699,HBD,,,,,,,,,,,,,,,,,,,,,,,,,,,,,,,,,,,,,,,,,,,,,,,,,,,,,,,,,,,,,,,,,,,,,,,,,,,,,
2025-10-10 09:06:07,,,,867488067677285,1700,HBD,,,,,,,,,,,,,,,,,,,,,,,,,,,,,,,,,,,,,,,,,,,,,,,,,,,,,,,,,,,,,,,,,,,,,,,,,,,,,
2025-10-10 09:06:07,2025-10-10 09:06:08,2025-10-10 08:40:56,2025-10-09 19:37:11,867488067677285,1702,GTIGN,0x19fe7fbf,,802003,0x8303,0x0115,47,12634,0000,0000,01,00,21,8,12,48461,00,01,0.0,28.4,91,274,598,593,-23.319573,-23.319829,-51.156984,-51.155383,0724,0005,9c6b,068ff81d,0.0,26.2,26.1,0:00:00,2:30:18,-,-,0,-,,,,,,,,,,,,,,,,,,,,,,,,,,,,,,,,,,,,,
2025-10-10 09:06:08,2025-10-10 09:06:08,2025-10-10 08:40:56,2025-10-10 08:40:56,867488067677285,1703,GTSTT,0x19fe7fbf,,802003,0x8303,0x0115,47,12634,0000,0000,01,00,21,8,8,-,00,00,0.0,0.0,91,91,598,598,-23.319573,-23.319573,-51.156984,-51.156984,0724,0005,9c6b,068ff81d,0.0,26.2,26.2,0:00:00,2:30:18,-,-,0,-,,,,,,,,,,,,,,,,,,,,,,,,,,,,,,,,,,,,,
2025-10-10 09:06:10,2025-10-10 09:06:10,2025-10-10 08:40:56,2025-10-10 08:40:56,867488067677285,1704,GTSTT,0x19fe7fbf,,802003,0x8303,0x0115,47,11534,0000,0000,01,00,22,8,8,-,00,00,0.0,0.0,91,91,598,598,-23.319573,-23.319573,-51.156984,-51.156984,0724,0005,9c6b,068ff81d,0.0,26.2,26.2,0:00:00,2:30:18,-,-,0,-,,,,,,,,,,,,,,,,,,,,,,,,,,,,,,,,,,,,,
2025-10-10 09:06:29,2025-10-10 09:06:30,2025-10-10 09:06:29,2025-10-10 09:06:29,867488067677285,1705,GTERI,0x19fe3fbf,0x00028102,802003,0x8303,0x0115,47,12727,0000,-,01,00,22,5,5,-,05,05,0.0,0.0,91,91,861,861,-23.319693,-23.319693,-51.155705,-51.155705,0724,0005,9c6b,068ff81d,0.0,26.2,26.2,0:00:21,2:30:39,-,-,0,-,,,,,04,1,00000000,00,10,,,,,,,,,,,,,,,,,,,,,,,,,,,,
2025-10-10 09:06:29,2025-10-10 09:06:30,2025-10-10 09:06:29,2025-10-10 09:06:29,867488067677285,1706,GTIGL,0x19fe7fbf,,802003,0x8303,0x0115,47,12727,0000,0000,01,00,22,5,5,-,05,05,0.0,0.0,91,91,861,861,-23.319693,-23.319693,-51.155705,-51.155705,0724,0005,9c6b,068ff81d,0.0,26.2,26.2,0:00:21,2:30:39,-,-,0,-,,,,,,,,,00,,,,,,,,,,,,,,,,,,,,,,,,,,,,
2025-10-10 09:06:30,2025-10-10 09:06:30,2025-10-10 09:06:29,2025-10-10 09:06:29,867488067677285,1707,GTSTT,0x19fe7fbf,,802003,0x8303,0x0115,47,12727,0000,0000,01,00,21,5,5,-,00,00,0.0,0.0,91,91,861,861,-23.319693,-23.319693,-51.155705,-51.155705,0724,0005,9c6b,068ff81d,0.0,26.2,26.2,0:00:21,2:30:39,-,-,0,-,,,,,,,,,,,,,,,,,,,,,,,,,,,,,,,,,,,,,
2025-10-10 09:06:33,2025-10-10 09:06:34,2025-10-10 09:06:33,2025-10-10 09:06:33,867488067677285,1708,GTSTT,0x19fe7fbf,,802003,0x8303,0x0115,47,13467,0000,0000,01,00,22,6,6,-,04,04,0.0,0.0,91,91,861,861,-23.319693,-23.319693,-51.155705,-51.155705,0724,0005,9c6b,068ff81d,0.0,26.2,26.2,0:00:24,2:30:42,-,-,0,-,,,,,,,,,,,,,,,,,,,,,,,,,,,,,,,,,,,,,
2025-10-10 09:07:34,2025-10-10 09:07:34,2025-10-10 09:07:34,2025-10-10 09:06:36,867488067677285,1709,GTSTT,0x19fe7fbf,,802003,0x8303,0x0115,47,13875,0000,0000,01,00,21,10,6,-,01,04,0.0,4.5,91,348,638,795,-23.319499,-23.319745,-51.156806,-51.155919,0724,0005,9c6b,068ff81d,0.1,26.3,26.2,0:01:24,2:31:42,-,-,0,-,,,,,,,,,,,,,,,,,,,,,,,,,,,,,,,,,,,,,
2025-10-10 09:08:16,,,,867488067677285,1710,HBD,,,,,,,,,,,,,,,,,,,,,,,,,,,,,,,,,,,,,,,,,,,,,,,,,,,,,,,,,,,,,,,,,,,,,,,,,,,,,
2025-10-10 09:09:09,2025-10-10 09:09:10,2025-10-10 09:09:09,2025-10-10 09:09:09,867488067677285,1712,GTBTC,0x19fe7fbf,,802003,0x8303,0x0115,47,13988,0000,0000,01,00,21,11,11,-,01,01,0.0,0.0,91,91,638,638,-23.319499,-23.319499,-51.156806,-51.156806,0724,0005,9c6b,068ff81d,0.1,26.3,26.3,0:03:00,2:33:18,-,-,0,-,,,,,,,,,,,,,,,,,,,,,,,,,,,,,,,,,,,,,
2025-10-10 09:09:14,2025-10-10 09:09:14,2025-10-10 09:09:12,2025-10-10 09:09:13,867488067677285,1713,GTERI,0x19fe3fbf,0x00028102,802003,0x8303,0x0115,47,13819,0000,-,01,00,21,11,11,-,01,01,0.0,0.0,91,91,638,638,-23.319499,-23.319499,-51.156806,-51.156806,0724,0005,9c6b,068ff81d,0.1,26.3,26.3,0:03:06,2:33:24,-,-,0,-,,,,,04,1,00000000,00,10,,,,,,,,,,,,,,,,,,,,,,,,,,,,
2025-10-10 09:10:08,,,,867488067677285,1714,HBD,,,,,,,,,,,,,,,,,,,,,,,,,,,,,,,,,,,,,,,,,,,,,,,,,,,,,,,,,,,,,,,,,,,,,,,,,,,,,
2025-10-10 09:10:08,,,,867488067677285,1716,ACK,,,,,,,,,,,,,,,,,,,,,,,,,,,,,,,,,,,,,,,,,,,,,,,,,,,,,,,,,,,,,,,,,,,,,,,,,,,,,
2025-10-10 09:10:09,,,,867488067677285,1717,ACK,,,,,,,,,,,,,,,,,,,,,,,,,,,,,,,,,,,,,,,,,,,,,,,,,,,,,,,,,,,,,,,,,,,,,,,,,,,,,
2025-10-10 09:10:09,,,,867488067677285,1718,ACK,,,,,,,,,,,,,,,,,,,,,,,,,,,,,,,,,,,,,,,,,,,,,,,,,,,,,,,,,,,,,,,,,,,,,,,,,,,,,
2025-10-10 09:12:14,,,,867488067677285,1719,HBD,,,,,,,,,,,,,,,,,,,,,,,,,,,,,,,,,,,,,,,,,,,,,,,,,,,,,,,,,,,,,,,,,,,,,,,,,,,,,
2025-10-10 09:12:14,2025-10-10 09:12:14,2025-10-10 09:12:12,2025-10-10 09:12:13,867488067677285,1721,GTERI,0x19fe3fbf,0x00028102,802003,0x8303,0x0115,81,13871,0000,-,01,00,21,10,10,-,01,01,0.0,0.0,91,91,638,638,-23.319499,-23.319499,-51.156806,-51.156806,0724,0005,9c6b,068ff81d,0.1,26.3,26.3,0:06:06,2:36:24,-,-,0,-,,,,,04,1,00000000,00,10,,,,,,,,,,,,,,,,,,,,,,,,,,,,
2025-10-10 09:13:24,2025-10-10 09:13:24,2025-10-10 09:13:23,2025-10-10 09:13:23,867488067677285,1722,GTSTT,0x19fe7fbf,,802003,0x8303,0x0115,81,13880,0000,0000,01,00,22,11,11,-,01,01,0.0,0.0,91,91,638,638,-23.319499,-23.319499,-51.156806,-51.156806,0724,0005,9c6b,068ff81d,0.1,26.3,26.3,0:07:15,2:37:33,-,-,0,-,,,,,,,,,,,,,,,,,,,,,,,,,,,,,,,,,,,,,
2025-10-10 09:13:45,2025-10-10 09:13:45,2025-10-10 09:13:44,2025-10-10 09:13:44,867488067677285,1723,GTSTT,0x19fe7fbf,,802003,0x8303,0x0115,82,13903,0000,0000,01,00,21,11,11,-,01,01,0.0,0.0,91,91,638,638,-23.319499,-23.319499,-51.156806,-51.156806,0724,0005,9c6b,068ff81d,0.1,26.3,26.3,0:07:36,2:37:54,-,-,0,-,,,,,,,,,,,,,,,,,,,,,,,,,,,,,,,,,,,,,
2025-10-10 09:13:56,,,,867488067677285,1724,HBD,,,,,,,,,,,,,,,,,,,,,,,,,,,,,,,,,,,,,,,,,,,,,,,,,,,,,,,,,,,,,,,,,,,,,,,,,,,,,
2025-10-10 09:13:56,2025-10-10 09:13:56,2025-10-10 09:13:56,2025-10-10 09:13:56,867488067677285,1725,GTSTT,0x19fe7fbf,,802003,0x8303,0x0115,82,13979,0000,0000,01,00,22,11,11,-,01,01,0.0,0.0,91,91,638,638,-23.319499,-23.319499,-51.156806,-51.156806,0724,0005,9c6b,068ff81d,0.1,26.3,26.3,0:07:48,2:38:06,-,-,0,-,,,,,,,,,,,,,,,,,,,,,,,,,,,,,,,,,,,,,
2025-10-10 09:15:14,2025-10-10 09:15:14,2025-10-10 09:15:12,2025-10-10 09:15:04,867488067677285,1727,GTERI,0x19fe3fbf,0x00028102,802003,0x8303,0x0115,82,13893,0000,-,01,00,22,11,11,-,01,01,0.2,20.2,91,259,614,616,-23.319808,-23.319791,-51.157034,-51.156851,0724,0005,9c6b,068ff801,0.2,26.4,26.4,0:09:06,2:39:24,-,-,0,-,,,,,04,7,00000000,00,10,,,,,,,,,,,,,,,,,,,,,,,,,,,,
2025-10-10 09:16:18,,,,867488067677285,1728,HBD,,,,,,,,,,,,,,,,,,,,,,,,,,,,,,,,,,,,,,,,,,,,,,,,,,,,,,,,,,,,,,,,,,,,,,,,,,,,,
2025-10-10 09:18:13,,,,867488067677285,1730,HBD,,,,,,,,,,,,,,,,,,,,,,,,,,,,,,,,,,,,,,,,,,,,,,,,,,,,,,,,,,,,,,,,,,,,,,,,,,,,,
2025-10-10 09:18:13,2025-10-10 09:18:13,2025-10-10 09:18:12,2025-10-10 09:18:12,867488067677285,1732,GTIGF,0x19fe7fbf,,802003,0x8303,0x0115,83,12836,0000,0000,00,00,12,10,10,725,00,00,2.6,2.6,91,91,570,570,-23.320128,-23.320128,-51.164072,-51.164072,0724,0005,9c6b,068ff909,0.9,27.1,27.1,0:12:03,2:42:21,-,-,0,-,,,,,,,,,,,,,,,,,,,,,,,,,,,,,,,,,,,,,
2025-10-10 09:18:13,2025-10-10 09:18:13,2025-10-10 09:18:12,2025-10-10 09:18:12,867488067677285,1733,GTSTT,0x19fe7fbf,,802003,0x8303,0x0115,83,12836,0000,0000,00,00,12,10,10,-,00,00,2.6,2.6,91,91,570,570,-23.320128,-23.320128,-51.164072,-51.164072,0724,0005,9c6b,068ff909,0.9,27.1,27.1,0:12:03,2:42:21,-,-,0,-,,,,,,,,,,,,,,,,,,,,,,,,,,,,,,,,,,,,,
2025-10-10 09:18:14,2025-10-10 09:18:13,2025-10-10 09:18:13,2025-10-10 09:18:13,867488067677285,1734,GTIGL,0x19fe7fbf,,802003,0x8303,0x0115,83,12836,0000,0000,00,00,12,9,9,-,01,01,10.3,10.3,48,48,572,572,-23.320116,-23.320116,-51.164039,-51.164039,0724,0005,9c6b,068ff909,0.9,27.1,27.1,0:12:03,2:42:21,-,-,0,-,,,,,,,,,01,,,,,,,,,,,,,,,,,,,,,,,,,,,,
2025-10-10 09:18:14,,,,867488067677285,1735,ACK,,,,,,,,,,,,,,,,,,,,,,,,,,,,,,,,,,,,,,,,,,,,,,,,,,,,,,,,,,,,,,,,,,,,,,,,,,,,,
2025-10-10 09:18:15,,,,867488067677285,1736,ACK,,,,,,,,,,,,,,,,,,,,,,,,,,,,,,,,,,,,,,,,,,,,,,,,,,,,,,,,,,,,,,,,,,,,,,,,,,,,,
2025-10-10 09:18:15,2025-10-10 09:18:14,2025-10-10 09:18:12,2025-10-10 09:18:12,867488067677285,1737,GTERI,0x19fe3fbf,0x00028102,802003,0x8303,0x0115,83,12836,0000,-,00,00,12,10,10,-,01,01,2.6,2.6,91,91,570,570,-23.320128,-23.320128,-51.164072,-51.164072,0724,0005,9c6b,068ff909,0.9,27.1,27.1,0:12:03,2:42:21,-,-,0,-,,,,,04,28,00000000,00,10,,,,,,,,,,,,,,,,,,,,,,,,,,,,
2025-10-10 09:18:16,2025-10-10 09:18:14,2025-10-10 09:18:13,2025-10-10 09:18:13,867488067677285,1738,GTSTC,0x19fe7fbf,,802003,0x8303,0x0115,83,12836,0000,0000,00,00,12,9,9,-,00,00,10.3,10.3,48,48,572,572,-23.320116,-23.320116,-51.164039,-51.164039,0724,0005,9c6b,068ff909,0.9,27.1,27.1,0:12:03,2:42:21,-,-,0,-,,,,,,,,,,,,,,,,,,,,,,,,,,,,,,,,,,,,,
2025-10-10 09:18:38,2025-10-10 09:18:39,2025-10-10 09:18:38,2025-10-10 09:18:38,867488067677285,1739,GTSTT,0x19fe7fbf,,802003,0x8303,0x0115,74,12828,0000,0000,00,00,11,12,12,-,01,01,0.0,0.0,48,48,572,572,-23.320134,-23.320134,-51.164043,-51.164043,0724,0005,9c6b,068ff91d,0.9,27.1,27.1,0:12:03,2:42:21,-,-,0,-,,,,,,,,,,,,,,,,,,,,,,,,,,,,,,,,,,,,,
2025-10-10 09:20:18,,,,867488067677285,1740,HBD,,,,,,,,,,,,,,,,,,,,,,,,,,,,,,,,,,,,,,,,,,,,,,,,,,,,,,,,,,,,,,,,,,,,,,,,,,,,,
2025-10-10 09:21:14,2025-10-10 09:21:14,2025-10-10 09:21:12,2025-10-10 09:21:12,867488067677285,1742,GTERI,0x19fe3fbf,0x00028102,802003,0x8303,0x0115,55,12953,0000,-,00,00,11,12,12,-,01,01,0.0,0.0,48,48,572,572,-23.320134,-23.320134,-51.164043,-51.164043,0724,0005,9c6b,068ff91d,0.9,27.1,27.1,0:12:03,2:42:21,-,-,0,-,,,,,04,1,00000000,00,10,,,,,,,,,,,,,,,,,,,,,,,,,,,,
2025-10-10 09:21:44,2025-10-10 09:21:44,2025-10-10 09:21:43,2025-10-10 09:16:45,867488067677285,1744,GTIGN,0x19fe7fbf,,802003,0x8303,0x0115,54,12896,0000,0000,01,00,22,12,11,211,01,01,0.0,45.8,50,269,572,555,-23.320134,-23.319805,-51.164043,-51.163551,0724,0005,9c6b,068ff91d,0.0,27.1,27.0,0:00:00,2:42:21,-,-,0,-,,,,,,,,,,,,,,,,,,,,,,,,,,,,,,,,,,,,,
2025-10-10 09:21:44,2025-10-10 09:21:44,2025-10-10 09:21:43,2025-10-10 09:21:43,867488067677285,1745,GTSTT,0x19fe7fbf,,802003,0x8303,0x0115,54,12896,0000,0000,01,00,22,12,12,-,01,01,0.0,0.0,50,50,572,572,-23.320134,-23.320134,-51.164043,-51.164043,0724,0005,9c6b,068ff91d,0.0,27.1,27.1,0:00:00,2:42:21,-,-,0,-,,,,,,,,,,,,,,,,,,,,,,,,,,,,,,,,,,,,,
2025-10-10 09:21:44,2025-10-10 09:21:45,2025-10-10 09:21:44,2025-10-10 09:21:44,867488067677285,1746,GTIGL,0x19fe7fbf,,802003,0x8303,0x0115,54,12896,0000,0000,01,00,22,12,12,-,01,01,0.0,0.0,50,50,572,572,-23.320134,-23.320134,-51.164043,-51.164043,0724,0005,9c6b,068ff91d,0.0,27.1,27.1,0:00:00,2:42:21,-,-,0,-,,,,,,,,,00,,,,,,,,,,,,,,,,,,,,,,,,,,,,
2025-10-10 09:22:19,,,,867488067677285,1747,HBD,,,,,,,,,,,,,,,,,,,,,,,,,,,,,,,,,,,,,,,,,,,,,,,,,,,,,,,,,,,,,,,,,,,,,,,,,,,,,
2025-10-10 09:27:14,,,,867488067677285,1749,HBD,,,,,,,,,,,,,,,,,,,,,,,,,,,,,,,,,,,,,,,,,,,,,,,,,,,,,,,,,,,,,,,,,,,,,,,,,,,,,
2025-10-10 09:27:14,2025-10-10 09:24:14,2025-10-10 09:24:12,2025-10-10 09:23:57,867488067677285,1750,GTERI,0x19fe3fbf,0x00028102,802003,0x8303,0x0115,54,14028,0000,-,01,00,22,12,12,-,01,01,33.1,40.4,88,90,590,579,-23.319937,-23.319946,-51.157853,-51.159241,0724,0005,9c6b,068ff802,0.6,27.8,27.6,0:02:30,2:44:51,-,-,0,-,,,,,04,7,00000000,00,10,,,,,,,,,,,,,,,,,,,,,,,,,,,,
2025-10-10 09:27:15,2025-10-10 09:24:46,2025-10-10 09:24:45,2025-10-10 09:24:20,867488067677285,1751,GTBTC,0x19fe7fbf,,802003,0x8303,0x0115,53,13969,0000,0000,01,00,22,12,12,-,01,01,37.2,49.6,90,89,578,593,-23.319923,-23.319938,-51.154057,-51.156965,0724,0005,9c6b,068ff802,1.0,28.1,27.8,0:03:00,2:45:21,-,-,0,-,,,,,,,,,,,,,,,,,,,,,,,,,,,,,,,,,,,,,
2025-10-10 09:27:15,,,,867488067677285,1753,HBD,,,,,,,,,,,,,,,,,,,,,,,,,,,,,,,,,,,,,,,,,,,,,,,,,,,,,,,,,,,,,,,,,,,,,,,,,,,,,
2025-10-10 09:27:16,,,,867488067677285,1754,ACK,,,,,,,,,,,,,,,,,,,,,,,,,,,,,,,,,,,,,,,,,,,,,,,,,,,,,,,,,,,,,,,,,,,,,,,,,,,,,
2025-10-10 09:27:16,,,,867488067677285,1755,ACK,,,,,,,,,,,,,,,,,,,,,,,,,,,,,,,,,,,,,,,,,,,,,,,,,,,,,,,,,,,,,,,,,,,,,,,,,,,,,
2025-10-10 09:27:17,,,,867488067677285,1756,ACK,,,,,,,,,,,,,,,,,,,,,,,,,,,,,,,,,,,,,,,,,,,,,,,,,,,,,,,,,,,,,,,,,,,,,,,,,,,,,
2025-10-10 09:27:17,2025-10-10 09:25:55,2025-10-10 09:25:54,2025-10-10 09:25:17,867488067677285,1757,GTPDP,0x19fe7fbf,,802003,0x8303,0x0115,77,13868,0000,0000,01,00,22,12,12,-,01,01,0.0,41.4,88,90,558,560,-23.319895,-23.319901,-51.150418,-51.15087,0724,0005,9c6b,0692e41d,1.4,28.5,28.4,0:04:09,2:46:30,-,-,0,-,,,,,,,,,,,,,,,,,,,,,,,,,,,,,,,,,,,,,
2025-10-10 09:27:18,,,,867488067677285,1759,HBD,,,,,,,,,,,,,,,,,,,,,,,,,,,,,,,,,,,,,,,,,,,,,,,,,,,,,,,,,,,,,,,,,,,,,,,,,,,,,
2025-10-10 09:27:18,2025-10-10 09:27:14,2025-10-10 09:27:12,2025-10-10 09:26:37,867488067677285,1760,GTERI,0x19fe3fbf,0x00028102,802003,0x8303,0x0115,80,13990,0000,-,01,00,22,12,12,-,01,01,50.2,80.5,15,323,557,552,-23.314694,-23.319038,-51.150095,-51.149579,0724,0005,9c6b,0692e40c,2.1,29.3,28.8,0:05:30,2:47:51,-,-,0,-,,,,,04,3,00000000,00,10,,,,,,,,,,,,,,,,,,,,,,,,,,,,
2025-10-10 09:28:21,,,,867488067677285,1762,HBD,,,,,,,,,,,,,,,,,,,,,,,,,,,,,,,,,,,,,,,,,,,,,,,,,,,,,,,,,,,,,,,,,,,,,,,,,,,,,
2025-10-10 09:30:16,,,,867488067677285,1764,HBD,,,,,,,,,,,,,,,,,,,,,,,,,,,,,,,,,,,,,,,,,,,,,,,,,,,,,,,,,,,,,,,,,,,,,,,,,,,,,
2025-10-10 09:30:16,2025-10-10 09:30:14,2025-10-10 09:30:12,2025-10-10 09:29:37,867488067677285,1765,GTERI,0x19fe3fbf,0x00028102,802003,0x8303,0x0115,82,13946,0000,-,01,00,22,12,12,-,01,01,38.0,68.9,357,40,542,542,-23.301798,-23.30464,-51.145335,-51.146891,0724,0005,9c6b,068ffc01,3.7,30.8,30.4,0:08:30,2:50:51,-,-,0,-,,,,,04,7,00000000,00,10,,,,,,,,,,,,,,,,,,,,,,,,,,,,
2025-10-10 09:32:22,,,,867488067677285,1767,HBD,,,,,,,,,,,,,,,,,,,,,,,,,,,,,,,,,,,,,,,,,,,,,,,,,,,,,,,,,,,,,,,,,,,,,,,,,,,,,
2025-10-10 09:33:14,2025-10-10 09:33:14,2025-10-10 09:33:12,2025-10-10 09:32:45,867488067677285,1768,GTERI,0x19fe3fbf,0x00028102,802003,0x8303,0x0115,83,13978,0000,-,01,00,22,12,12,-,01,01,2.6,67.4,90,91,520,524,-23.293141,-23.293125,-51.135681,-51.138075,0724,0005,a053,06901100,5.7,32.8,32.6,0:11:30,2:53:51,-,-,0,-,,,,,04,7,00000000,00,10,,,,,,,,,,,,,,,,,,,,,,,,,,,,
2025-10-10 09:34:23,,,,867488067677285,1770,HBD,,,,,,,,,,,,,,,,,,,,,,,,,,,,,,,,,,,,,,,,,,,,,,,,,,,,,,,,,,,,,,,,,,,,,,,,,,,,,
2025-10-10 09:36:14,2025-10-10 09:36:14,2025-10-10 09:36:12,2025-10-10 09:35:40,867488067677285,1772,GTERI,0x19fe3fbf,0x00028102,802003,0x8303,0x0115,84,13997,0000,-,01,00,22,12,12,-,01,01,72.0,121.8,86,97,485,471,-23.293537,-23.29361,-51.108022,-51.114983,0724,0005,a053,06933d1d,8.5,35.7,34.9,0:14:30,2:56:51,-,-,0,-,,,,,04,1,00000000,00,10,,,,,,,,,,,,,,,,,,,,,,,,,,,,
2025-10-10 09:36:14,,,,867488067677285,1773,HBD,,,,,,,,,,,,,,,,,,,,,,,,,,,,,,,,,,,,,,,,,,,,,,,,,,,,,,,,,,,,,,,,,,,,,,,,,,,,,
2025-10-10 09:38:24,,,,867488067677285,1775,HBD,,,,,,,,,,,,,,,,,,,,,,,,,,,,,,,,,,,,,,,,,,,,,,,,,,,,,,,,,,,,,,,,,,,,,,,,,,,,,
2025-10-10 09:39:16,2025-10-10 09:39:14,2025-10-10 09:39:12,2025-10-10 09:37:58,867488067677285,1776,GTERI,0x19fe3fbf,0x00028102,802003,0x8303,0x0115,85,13996,0000,-,01,00,22,12,12,-,01,01,116.4,151.7,65,33,474,469,-23.264127,-23.284958,-51.088534,-51.093726,0724,0005,9fef,068fe91d,13.4,40.6,38.0,0:17:30,2:59:51,-,-,0,-,,,,,04,1,00000000,00,10,,,,,,,,,,,,,,,,,,,,,,,,,,,,
2025-10-10 09:41:09,,,,867488067677285,1778,HBD,,,,,,,,,,,,,,,,,,,,,,,,,,,,,,,,,,,,,,,,,,,,,,,,,,,,,,,,,,,,,,,,,,,,,,,,,,,,,
2025-10-10 09:42:56,2025-10-10 09:42:14,2025-10-10 09:42:12,2025-10-10 09:40:32,867488067677285,1780,GTERI,0x19fe3fbf,0x00028102,802003,0x8303,0x0115,86,13997,0000,-,01,00,22,12,12,-,01,01,96.6,126.6,81,115,425,436,-23.249788,-23.259886,-51.048761,-51.070134,0724,0005,9fef,0690902e,18.2,45.3,42.7,0:20:30,3:02:51,-,-,0,-,,,,,04,3,00000000,00,10,,,,,,,,,,,,,,,,,,,,,,,,,,,,
2025-10-10 09:42:56,2025-10-10 09:42:14,2025-10-10 09:42:12,2025-10-10 09:40:32,867488067677285,1780,GTERI,0x19fe3fbf,0x00028102,802003,0x8303,0x0115,86,13997,0000,-,01,00,22,12,12,-,01,01,96.6,126.6,81,115,425,436,-23.249788,-23.259886,-51.048761,-51.070134,0724,0005,9fef,0690902e,18.2,45.3,42.7,0:20:30,3:02:51,-,-,0,-,,,,,04,3,00000000,00,10,,,,,,,,,,,,,,,,,,,,,,,,,,,,
2025-10-10 09:42:56,2025-10-10 09:42:14,2025-10-10 09:42:12,2025-10-10 09:40:32,867488067677285,1780,GTERI,0x19fe3fbf,0x00028102,802003,0x8303,0x0115,86,13997,0000,-,01,00,22,12,12,-,01,01,96.6,126.6,81,115,425,436,-23.249788,-23.259886,-51.048761,-51.070134,0724,0005,9fef,0690902e,18.2,45.3,42.7,0:20:30,3:02:51,-,-,0,-,,,,,04,3,00000000,00,10,,,,,,,,,,,,,,,,,,,,,,,,,,,,
2025-10-10 09:42:56,,,,867488067677285,1781,HBD,,,,,,,,,,,,,,,,,,,,,,,,,,,,,,,,,,,,,,,,,,,,,,,,,,,,,,,,,,,,,,,,,,,,,,,,,,,,,
2025-10-10 09:46:46,,,,867488067677285,1783,HBD,,,,,,,,,,,,,,,,,,,,,,,,,,,,,,,,,,,,,,,,,,,,,,,,,,,,,,,,,,,,,,,,,,,,,,,,,,,,,
2025-10-10 09:46:46,2025-10-10 09:44:55,2025-10-10 09:44:54,2025-10-10 09:43:08,867488067677285,1784,GTPDP,0x19fe7fbf,,802003,0x8303,0x0115,87,13947,0000,0000,01,00,22,12,12,-,01,01,61.1,143.6,122,57,423,408,-23.260506,-23.250206,-51.012975,-51.033138,0724,0005,9fef,0690900c,22.5,49.6,47.0,0:23:09,3:05:30,-,-,0,-,,,,,,,,,,,,,,,,,,,,,,,,,,,,,,,,,,,,,
2025-10-10 09:46:47,2025-10-10 09:45:14,2025-10-10 09:45:12,2025-10-10 09:45:11,867488067677285,1785,GTERI,0x19fe3fbf,0x00028102,802003,0x8303,0x0115,87,13947,0000,-,01,00,22,12,12,-,01,01,133.2,133.9,80,81,402,404,-23.260319,-23.260371,-51.008386,-51.008744,0724,0005,bff7,068ff20a,23.0,50.1,50.1,0:23:30,3:05:51,-,-,0,-,,,,,04,28,00000000,00,10,,,,,,,,,,,,,,,,,,,,,,,,,,,,
2025-10-10 09:46:47,,,,867488067677285,1787,HBD,,,,,,,,,,,,,,,,,,,,,,,,,,,,,,,,,,,,,,,,,,,,,,,,,,,,,,,,,,,,,,,,,,,,,,,,,,,,,
2025-10-10 09:47:27,,,,867488067677285,1789,HBD,,,,,,,,,,,,,,,,,,,,,,,,,,,,,,,,,,,,,,,,,,,,,,,,,,,,,,,,,,,,,,,,,,,,,,,,,,,,,
2025-10-10 09:48:13,2025-10-10 09:48:13,2025-10-10 09:48:13,2025-10-10 09:45:14,867488067677285,1790,GTSTT,0x19fe7fbf,,802003,0x8303,0x0115,89,13873,0000,0000,01,00,21,12,12,-,01,01,0.0,131.2,80,84,353,398,-23.26165,-23.260234,-50.990008,-51.007674,0724,0005,bff7,068ff20a,24.9,52.0,50.2,0:26:27,3:08:48,-,-,0,-,,,,,,,,,,,,,,,,,,,,,,,,,,,,,,,,,,,,,
2025-10-10 09:48:14,2025-10-10 09:48:14,2025-10-10 09:48:12,2025-10-10 09:48:12,867488067677285,1791,GTERI,0x19fe3fbf,0x00028102,802003,0x8303,0x0115,89,13873,0000,-,01,00,21,12,12,-,01,01,0.0,0.0,80,80,353,353,-23.26165,-23.26165,-50.990008,-50.990008,0724,0005,bff7,068ff20a,24.9,52.0,52.0,0:26:30,3:08:51,-,-,0,-,,,,,04,28,00000000,00,10,,,,,,,,,,,,,,,,,,,,,,,,,,,,
2025-10-10 09:48:40,2025-10-10 09:48:40,2025-10-10 09:48:39,2025-10-10 09:48:39,867488067677285,1792,GTSTT,0x19fe7fbf,,802003,0x8303,0x0115,89,13971,0000,0000,01,00,22,12,12,-,01,01,0.0,0.0,61,61,353,353,-23.26165,-23.26165,-50.990008,-50.990008,0724,0005,bff7,068ff20a,24.9,52.0,52.0,0:26:54,3:09:15,-,-,0,-,,,,,,,,,,,,,,,,,,,,,,,,,,,,,,,,,,,,,
2025-10-10 09:49:28,,,,867488067677285,1794,HBD,,,,,,,,,,,,,,,,,,,,,,,,,,,,,,,,,,,,,,,,,,,,,,,,,,,,,,,,,,,,,,,,,,,,,,,,,,,,,
2025-10-10 09:51:14,2025-10-10 09:51:14,2025-10-10 09:51:12,2025-10-10 09:50:48,867488067677285,1795,GTERI,0x19fe3fbf,0x00028102,802003,0x8303,0x0115,90,13991,0000,-,01,00,22,12,12,-,01,01,96.6,112.3,143,120,379,372,-23.268242,-23.264316,-50.968685,-50.973669,0724,0005,bff7,068ff205,27.7,54.9,54.2,0:29:30,3:11:51,-,-,0,-,,,,,04,3,00000000,00,10,,,,,,,,,,,,,,,,,,,,,,,,,,,,
2025-10-10 09:51:28,,,,867488067677285,1797,HBD,,,,,,,,,,,,,,,,,,,,,,,,,,,,,,,,,,,,,,,,,,,,,,,,,,,,,,,,,,,,,,,,,,,,,,,,,,,,,
2025-10-10 09:53:30,,,,867488067677285,1799,HBD,,,,,,,,,,,,,,,,,,,,,,,,,,,,,,,,,,,,,,,,,,,,,,,,,,,,,,,,,,,,,,,,,,,,,,,,,,,,,
2025-10-10 09:54:15,2025-10-10 09:54:14,2025-10-10 09:54:12,2025-10-10 09:53:13,867488067677285,1800,GTERI,0x19fe3fbf,0x00028102,802003,0x8303,0x0115,91,13981,0000,-,01,00,22,12,12,-,01,01,135.9,168.0,91,84,404,395,-23.285735,-23.285226,-50.919756,-50.941035,0724,0005,bff7,06903e06,33.6,60.8,58.5,0:32:30,3:14:51,-,-,0,-,,,,,04,3,00000000,00,10,,,,,,,,,,,,,,,,,,,,,,,,,,,,
2025-10-10 09:55:31,,,,867488067677285,1802,HBD,,,,,,,,,,,,,,,,,,,,,,,,,,,,,,,,,,,,,,,,,,,,,,,,,,,,,,,,,,,,,,,,,,,,,,,,,,,,,
2025-10-10 10:01:38,2025-10-10 09:57:14,2025-10-10 09:57:12,2025-10-10 09:56:33,867488067677285,1803,GTERI,0x19fe3fbf,0x00028102,802003,0x8303,0x0115,92,13994,0000,-,01,00,22,12,12,-,01,01,113.1,169.7,97,58,537,452,-23.279683,-23.28299,-50.85496,-50.866786,0724,0005,bff7,06903e06,40.6,67.7,66.3,0:35:30,3:17:51,-,-,0,-,,,,,01,900,00000000,00,10,,,,,,,,,,,,,,,,,,,,,,,,,,,,
2025-10-10 10:01:38,,,,867488067677285,1805,HBD,,,,,,,,,,,,,,,,,,,,,,,,,,,,,,,,,,,,,,,,,,,,,,,,,,,,,,,,,,,,,,,,,,,,,,,,,,,,,
2025-10-10 10:01:38,2025-10-10 09:57:34,2025-10-10 09:57:33,2025-10-10 09:57:32,867488067677285,1806,GTPDP,0x19fe7fbf,,802003,0x8303,0x0115,92,13943,0000,0000,01,00,22,12,12,-,01,01,139.9,142.8,88,87,551,550,-23.279566,-23.279577,-50.847478,-50.84786,0724,0005,bff7,06903e06,41.3,68.4,68.4,0:35:48,3:18:09,-,-,0,-,,,,,,,,,,,,,,,,,,,,,,,,,,,,,,,,,,,,,
2025-10-10 10:01:39,,,,867488067677285,1808,HBD,,,,,,,,,,,,,,,,,,,,,,,,,,,,,,,,,,,,,,,,,,,,,,,,,,,,,,,,,,,,,,,,,,,,,,,,,,,,,
2025-10-10 10:01:39,,,,867488067677285,1810,HBD,,,,,,,,,,,,,,,,,,,,,,,,,,,,,,,,,,,,,,,,,,,,,,,,,,,,,,,,,,,,,,,,,,,,,,,,,,,,,
2025-10-10 10:01:40,2025-10-10 10:00:14,2025-10-10 10:00:12,2025-10-10 09:59:45,867488067677285,1811,GTERI,0x19fe3fbf,0x00028102,802003,0x8303,0x0115,93,13994,0000,-,01,00,22,12,12,-,01,01,129.9,163.2,76,76,514,488,-23.265273,-23.267501,-50.790952,-50.801073,0724,0005,bff7,06903e04,47.4,74.6,73.5,0:38:30,3:20:51,-,-,0,-,,,,,04,3,00000000,00,10,,,,,,,,,,,,,,,,,,,,,,,,,,,,
2025-10-10 10:01:40,2025-10-10 10:01:01,2025-10-10 10:01:00,2025-10-10 10:00:54,867488067677285,1812,GTPDP,0x19fe7fbf,,802003,0x8303,0x0115,93,13985,0000,0000,01,00,22,12,12,-,01,01,158.4,162.3,55,58,524,523,-23.259724,-23.261053,-50.772223,-50.774384,0724,0005,bff7,068fdf06,49.4,76.6,76.3,0:39:15,3:21:36,-,-,0,-,,,,,,,,,,,,,,,,,,,,,,,,,,,,,,,,,,,,,
2025-10-10 10:01:41,,,,867488067677285,1814,HBD,,,,,,,,,,,,,,,,,,,,,,,,,,,,,,,,,,,,,,,,,,,,,,,,,,,,,,,,,,,,,,,,,,,,,,,,,,,,,
2025-10-10 10:03:14,2025-10-10 10:03:14,2025-10-10 10:03:12,2025-10-10 10:01:06,867488067677285,1815,GTERI,0x19fe3fbf,0x00028102,802003,0x8303,0x0115,93,14001,0000,-,01,00,22,12,12,-,01,01,101.9,168.5,89,56,414,514,-23.247866,-23.258347,-50.731982,-50.769992,0724,0005,bff7,068fe005,54.0,81.1,76.9,0:41:30,3:23:51,-,-,0,-,,,,,04,3,00000000,00,10,,,,,,,,,,,,,,,,,,,,,,,,,,,,
2025-10-10 10:03:57,,,,867488067677285,1817,HBD,,,,,,,,,,,,,,,,,,,,,,,,,,,,,,,,,,,,,,,,,,,,,,,,,,,,,,,,,,,,,,,,,,,,,,,,,,,,,
2025-10-10 10:05:39,,,,867488067677285,1819,HBD,,,,,,,,,,,,,,,,,,,,,,,,,,,,,,,,,,,,,,,,,,,,,,,,,,,,,,,,,,,,,,,,,,,,,,,,,,,,,
2025-10-10 10:06:14,2025-10-10 10:06:14,2025-10-10 10:06:12,2025-10-10 10:03:21,867488067677285,1820,GTERI,0x19fe3fbf,0x00028102,802003,0x8303,0x0115,95,13991,0000,-,01,00,22,12,12,-,01,01,99.9,102.8,55,73,442,399,-23.237866,-23.247479,-50.69044,-50.72952,0724,0005,bff7,068fe005,58.6,85.8,81.3,0:44:30,3:26:51,-,-,0,-,,,,,04,3,00000000,00,10,,,,,,,,,,,,,,,,,,,,,,,,,,,,
2025-10-10 10:07:40,,,,867488067677285,1822,HBD,,,,,,,,,,,,,,,,,,,,,,,,,,,,,,,,,,,,,,,,,,,,,,,,,,,,,,,,,,,,,,,,,,,,,,,,,,,,,
2025-10-10 10:09:14,2025-10-10 10:09:14,2025-10-10 10:09:13,2025-10-10 10:07:59,867488067677285,1823,GTERI,0x19fe3fbf,0x00028102,802003,0x8303,0x0115,96,14016,0000,-,01,00,22,12,12,-,01,01,97.2,131.9,67,18,559,519,-23.206145,-23.218722,-50.65601,-50.670444,0724,0005,bff7,06905401,64.0,91.1,88.9,0:47:30,3:29:51,-,-,0,-,,,,,04,7,00000000,00,10,,,,,,,,,,,,,,,,,,,,,,,,,,,,
2025-10-10 10:09:40,,,,867488067677285,1825,HBD,,,,,,,,,,,,,,,,,,,,,,,,,,,,,,,,,,,,,,,,,,,,,,,,,,,,,,,,,,,,,,,,,,,,,,,,,,,,,
2025-10-10 10:11:41,,,,867488067677285,1827,HBD,,,,,,,,,,,,,,,,,,,,,,,,,,,,,,,,,,,,,,,,,,,,,,,,,,,,,,,,,,,,,,,,,,,,,,,,,,,,,
2025-10-10 10:12:14,2025-10-10 10:12:14,2025-10-10 10:12:12,2025-10-10 10:09:28,867488067677285,1828,GTERI,0x19fe3fbf,0x00028102,802003,0x8303,0x0115,97,13973,0000,-,01,00,22,12,12,-,01,01,17.8,100.5,9,3,684,585,-23.189964,-23.203226,-50.64799,-50.655138,0724,0005,bff7,06905400,66.1,93.2,91.5,0:50:30,3:32:51,-,-,0,-,,,,,04,7,00000000,00,10,,,,,,,,,,,,,,,,,,,,,,,,,,,,
2025-10-10 10:13:41,,,,867488067677285,1830,HBD,,,,,,,,,,,,,,,,,,,,,,,,,,,,,,,,,,,,,,,,,,,,,,,,,,,,,,,,,,,,,,,,,,,,,,,,,,,,,
2025-10-10 10:19:12,2025-10-10 10:15:14,2025-10-10 10:15:12,2025-10-10 10:12:39,867488067677285,1831,GTERI,0x19fe3fbf,0x00028102,802003,0x8303,0x0115,98,13981,0000,-,01,00,22,12,12,-,01,01,13.8,34.4,16,353,672,691,-23.18154,-23.188293,-50.648054,-50.648177,0724,0005,bff7,068fdc00,67.0,94.1,93.4,0:53:27,3:35:48,-,-,0,-,,,,,04,7,00000000,00,10,,,,,,,,,,,,,,,,,,,,,,,,,,,,
2025-10-10 10:19:12,,,,867488067677285,1833,HBD,,,,,,,,,,,,,,,,,,,,,,,,,,,,,,,,,,,,,,,,,,,,,,,,,,,,,,,,,,,,,,,,,,,,,,,,,,,,,
2025-10-10 10:19:13,,,,867488067677285,1835,HBD,,,,,,,,,,,,,,,,,,,,,,,,,,,,,,,,,,,,,,,,,,,,,,,,,,,,,,,,,,,,,,,,,,,,,,,,,,,,,
2025-10-10 10:19:14,2025-10-10 10:17:51,2025-10-10 10:17:51,2025-10-10 10:15:55,867488067677285,1836,GTPDP,0x19fe7fbf,,802003,0x8303,0x0115,99,13810,0000,0000,01,00,22,12,12,-,01,01,0.0,41.8,16,195,666,650,-23.181669,-23.181265,-50.648134,-50.64702,0724,0005,bff7,06904e01,67.4,94.6,94.4,0:56:06,3:38:27,-,-,0,-,,,,,,,,,,,,,,,,,,,,,,,,,,,,,,,,,,,,,
2025-10-10 10:19:14,2025-10-10 10:18:11,2025-10-10 10:18:10,2025-10-10 10:18:10,867488067677285,1837,GTIGF,0x19fe7fbf,,802003,0x8303,0x0115,99,12935,0000,0000,00,00,12,12,12,3387,01,01,0.0,0.0,16,16,666,666,-23.181669,-23.181669,-50.648134,-50.648134,0724,0005,bff7,06904e01,67.4,94.6,94.6,0:56:24,3:38:45,-,-,0,-,,,,,,,,,,,,,,,,,,,,,,,,,,,,,,,,,,,,,
2025-10-10 10:19:14,2025-10-10 10:18:11,2025-10-10 10:18:10,2025-10-10 10:18:10,867488067677285,1838,GTSTT,0x19fe7fbf,,802003,0x8303,0x0115,99,12935,0000,0000,00,00,12,12,12,-,01,01,0.0,0.0,16,16,666,666,-23.181669,-23.181669,-50.648134,-50.648134,0724,0005,bff7,06904e01,67.4,94.6,94.6,0:56:24,3:38:45,-,-,0,-,,,,,,,,,,,,,,,,,,,,,,,,,,,,,,,,,,,,,
2025-10-10 10:19:15,2025-10-10 10:18:11,2025-10-10 10:18:11,2025-10-10 10:18:11,867488067677285,1839,GTIGL,0x19fe7fbf,,802003,0x8303,0x0115,99,12935,0000,0000,00,00,12,12,12,-,01,01,0.0,0.0,16,16,666,666,-23.181669,-23.181669,-50.648134,-50.648134,0724,0005,bff7,06904e01,67.4,94.6,94.6,0:56:24,3:38:45,-,-,0,-,,,,,,,,,01,,,,,,,,,,,,,,,,,,,,,,,,,,,,
2025-10-10 10:19:15,2025-10-10 10:18:12,2025-10-10 10:18:12,2025-10-10 10:18:12,867488067677285,1840,GTSTC,0x19fe7fbf,,802003,0x8303,0x0115,99,12935,0000,0000,00,00,12,12,12,-,00,00,0.0,0.0,16,16,666,666,-23.181669,-23.181669,-50.648134,-50.648134,0724,0005,bff7,06904e01,67.4,94.6,94.6,0:56:24,3:38:45,-,-,0,-,,,,,,,,,,,,,,,,,,,,,,,,,,,,,,,,,,,,,
2025-10-10 10:19:16,2025-10-10 10:18:14,2025-10-10 10:18:12,2025-10-10 10:18:12,867488067677285,1841,GTERI,0x19fe3fbf,0x00028102,802003,0x8303,0x0115,99,12935,0000,-,00,00,12,12,12,-,01,01,0.0,0.0,16,16,666,666,-23.181669,-23.181669,-50.648134,-50.648134,0724,0005,bff7,06904e01,67.4,94.6,94.6,0:56:24,3:38:45,-,-,0,-,,,,,04,7,00000000,00,10,,,,,,,,,,,,,,,,,,,,,,,,,,,,
2025-10-10 10:19:16,,,,867488067677285,1842,ACK,,,,,,,,,,,,,,,,,,,,,,,,,,,,,,,,,,,,,,,,,,,,,,,,,,,,,,,,,,,,,,,,,,,,,,,,,,,,,
2025-10-10 10:19:17,,,,867488067677285,1843,ACK,,,,,,,,,,,,,,,,,,,,,,,,,,,,,,,,,,,,,,,,,,,,,,,,,,,,,,,,,,,,,,,,,,,,,,,,,,,,,
2025-10-10 10:19:17,2025-10-10 10:18:37,2025-10-10 10:18:37,2025-10-10 10:18:37,867488067677285,1844,GTSTT,0x19fe7fbf,,802003,0x8303,0x0115,96,12918,0000,0000,00,00,11,12,12,-,01,01,0.0,0.0,16,16,666,666,-23.181669,-23.181669,-50.648134,-50.648134,0724,0005,bff7,06904e01,67.4,94.6,94.6,0:56:24,3:38:45,-,-,0,-,,,,,,,,,,,,,,,,,,,,,,,,,,,,,,,,,,,,,
2025-10-10 10:19:18,,,,867488067677285,1846,HBD,,,,,,,,,,,,,,,,,,,,,,,,,,,,,,,,,,,,,,,,,,,,,,,,,,,,,,,,,,,,,,,,,,,,,,,,,,,,,
2025-10-10 10:21:14,,,,867488067677285,1847,HBD,,,,,,,,,,,,,,,,,,,,,,,,,,,,,,,,,,,,,,,,,,,,,,,,,,,,,,,,,,,,,,,,,,,,,,,,,,,,,
2025-10-10 10:21:14,2025-10-10 10:21:14,2025-10-10 10:21:12,2025-10-10 10:21:12,867488067677285,1848,GTERI,0x19fe3fbf,0x00028102,802003,0x8303,0x0115,91,13034,0000,-,00,00,11,12,12,-,01,01,0.0,0.0,16,16,666,666,-23.181669,-23.181669,-50.648134,-50.648134,0724,0005,bff7,06904e01,67.4,94.6,94.6,0:56:24,3:38:45,-,-,0,-,,,,,04,7,00000000,00,10,,,,,,,,,,,,,,,,,,,,,,,,,,,,
2025-10-10 10:23:11,,,,867488067677285,1849,HBD,,,,,,,,,,,,,,,,,,,,,,,,,,,,,,,,,,,,,,,,,,,,,,,,,,,,,,,,,,,,,,,,,,,,,,,,,,,,,
2025-10-10 10:23:11,2025-10-10 10:23:11,2025-10-10 10:23:11,2025-10-10 10:23:11,867488067677285,1850,GTERI,0x19fe3fbf,0x00028102,802003,0x8303,0x0115,91,13055,0000,-,00,00,11,12,12,-,01,01,0.0,0.0,16,16,666,666,-23.181669,-23.181669,-50.648134,-50.648134,0724,0005,bff7,06904e01,67.4,94.6,94.6,0:56:24,3:38:45,-,-,0,-,,,,,04,7,00000000,00,10,,,,,,,,,,,,,,,,,,,,,,,,,,,,
2025-10-10 10:25:45,,,,867488067677285,1851,HBD,,,,,,,,,,,,,,,,,,,,,,,,,,,,,,,,,,,,,,,,,,,,,,,,,,,,,,,,,,,,,,,,,,,,,,,,,,,,,
2025-10-10 10:27:31,,,,867488067677285,1852,HBD,,,,,,,,,,,,,,,,,,,,,,,,,,,,,,,,,,,,,,,,,,,,,,,,,,,,,,,,,,,,,,,,,,,,,,,,,,,,,
2025-10-10 10:27:31,2025-10-10 10:27:31,2025-10-10 10:23:11,2025-10-10 10:23:11,867488067677285,1854,GTIGN,0x19fe7fbf,,802003,0x8303,0x0115,90,12851,0000,0000,01,00,22,12,12,560,00,01,0.0,0.0,16,16,666,666,-23.181669,-23.181669,-50.648134,-50.648134,0724,0005,bff7,06904e01,0.0,94.6,94.6,0:00:00,3:38:45,-,-,0,-,,,,,,,,,,,,,,,,,,,,,,,,,,,,,,,,,,,,,
2025-10-10 10:27:31,2025-10-10 10:27:31,2025-10-10 10:23:11,2025-10-10 10:23:11,867488067677285,1855,GTSTT,0x19fe7fbf,,802003,0x8303,0x0115,90,12851,0000,0000,01,00,22,12,12,-,00,00,0.0,0.0,16,16,666,666,-23.181669,-23.181669,-50.648134,-50.648134,0724,0005,bff7,06904e01,0.0,94.6,94.6,0:00:00,3:38:45,-,-,0,-,,,,,,,,,,,,,,,,,,,,,,,,,,,,,,,,,,,,,
2025-10-10 10:27:40,2025-10-10 10:27:40,2025-10-10 10:27:40,2025-10-10 10:27:40,867488067677285,1856,GTERI,0x19fe3fbf,0x00028102,802003,0x8303,0x0115,90,14027,0000,-,01,00,22,12,12,-,01,01,0.0,0.0,16,16,698,698,-23.181601,-23.181601,-50.648015,-50.648015,0724,0005,bff7,06904e01,0.0,94.6,94.6,0:00:09,3:38:54,-,-,0,-,,,,,04,7,00000000,00,10,,,,,,,,,,,,,,,,,,,,,,,,,,,,
2025-10-10 10:27:40,2025-10-10 10:27:40,2025-10-10 10:27:40,2025-10-10 10:27:40,867488067677285,1857,GTIGL,0x19fe7fbf,,802003,0x8303,0x0115,90,14027,0000,0000,01,00,22,12,12,-,01,01,0.0,0.0,16,16,698,698,-23.181601,-23.181601,-50.648015,-50.648015,0724,0005,bff7,06904e01,0.0,94.6,94.6,0:00:09,3:38:54,-,-,0,-,,,,,,,,,00,,,,,,,,,,,,,,,,,,,,,,,,,,,,
2025-10-10 10:27:51,2025-10-10 10:27:51,2025-10-10 10:27:50,2025-10-10 10:27:50,867488067677285,1858,GTSTT,0x19fe7fbf,,802003,0x8303,0x0115,90,13974,0000,0000,01,00,21,12,12,-,01,01,0.0,0.0,16,16,698,698,-23.181601,-23.181601,-50.648015,-50.648015,0724,0005,bff7,06904e01,0.0,94.6,94.6,0:00:18,3:39:03,-,-,0,-,,,,,,,,,,,,,,,,,,,,,,,,,,,,,,,,,,,,,
2025-10-10 10:27:52,2025-10-10 10:27:52,2025-10-10 10:27:51,2025-10-10 10:27:51,867488067677285,1859,GTSTT,0x19fe7fbf,,802003,0x8303,0x0115,90,13974,0000,0000,01,00,22,12,12,-,01,01,0.0,0.0,287,287,698,698,-23.181601,-23.181601,-50.648015,-50.648015,0724,0005,bff7,06904e01,0.0,94.6,94.6,0:00:21,3:39:06,-,-,0,-,,,,,,,,,,,,,,,,,,,,,,,,,,,,,,,,,,,,,
2025-10-10 10:29:46,,,,867488067677285,1860,HBD,,,,,,,,,,,,,,,,,,,,,,,,,,,,,,,,,,,,,,,,,,,,,,,,,,,,,,,,,,,,,,,,,,,,,,,,,,,,,
2025-10-10 10:30:31,2025-10-10 10:30:32,2025-10-10 10:30:31,2025-10-10 10:29:51,867488067677285,1862,GTBTC,0x19fe7fbf,,802003,0x8303,0x0115,90,13926,0000,0000,01,00,22,12,12,-,01,01,0.1,42.8,16,174,694,683,-23.183712,-23.18144,-50.649639,-50.649859,0724,0005,bff7,068fdc00,0.5,95.1,94.9,0:03:00,3:41:45,-,-,0,-,,,,,,,,,,,,,,,,,,,,,,,,,,,,,,,,,,,,,
2025-10-10 10:30:37,2025-10-10 10:30:37,2025-10-10 10:30:35,2025-10-10 10:30:36,867488067677285,1863,GTERI,0x19fe3fbf,0x00028102,802003,0x8303,0x0115,90,13776,0000,-,01,00,22,12,12,-,01,01,0.0,3.7,174,184,694,693,-23.183712,-23.183716,-50.649639,-50.649637,0724,0005,bff7,068fdc00,0.5,95.1,95.1,0:03:06,3:41:51,-,-,0,-,,,,,04,7,00000000,00,10,,,,,,,,,,,,,,,,,,,,,,,,,,,,
2025-10-10 10:31:33,,,,867488067677285,1864,HBD,,,,,,,,,,,,,,,,,,,,,,,,,,,,,,,,,,,,,,,,,,,,,,,,,,,,,,,,,,,,,,,,,,,,,,,,,,,,,
2025-10-10 10:31:33,,,,867488067677285,1866,ACK,,,,,,,,,,,,,,,,,,,,,,,,,,,,,,,,,,,,,,,,,,,,,,,,,,,,,,,,,,,,,,,,,,,,,,,,,,,,,
2025-10-10 10:31:34,,,,867488067677285,1867,ACK,,,,,,,,,,,,,,,,,,,,,,,,,,,,,,,,,,,,,,,,,,,,,,,,,,,,,,,,,,,,,,,,,,,,,,,,,,,,,
2025-10-10 10:31:34,,,,867488067677285,1868,ACK,,,,,,,,,,,,,,,,,,,,,,,,,,,,,,,,,,,,,,,,,,,,,,,,,,,,,,,,,,,,,,,,,,,,,,,,,,,,,
2025-10-10 10:33:24,,,,867488067677285,1869,HBD,,,,,,,,,,,,,,,,,,,,,,,,,,,,,,,,,,,,,,,,,,,,,,,,,,,,,,,,,,,,,,,,,,,,,,,,,,,,,
2025-10-10 10:33:24,2025-10-10 10:33:24,2025-10-10 10:33:24,2025-10-10 10:31:25,867488067677285,1870,GTSTT,0x19fe7fbf,,802003,0x8303,0x0115,100,12949,0000,0000,01,00,21,12,12,-,01,01,0.0,28.0,174,174,694,695,-23.185639,-23.18456,-50.649979,-50.649554,0724,0005,bff7,068fdc00,0.8,95.4,95.2,0:05:51,3:44:36,-,-,0,-,,,,,,,,,,,,,,,,,,,,,,,,,,,,,,,,,,,,,
2025-10-10 10:33:37,2025-10-10 10:33:37,2025-10-10 10:33:35,2025-10-10 10:33:36,867488067677285,1872,GTERI,0x19fe3fbf,0x00028102,802003,0x8303,0x0115,100,12949,0000,-,01,00,21,12,12,-,01,01,0.0,0.0,174,174,694,694,-23.185639,-23.185639,-50.649979,-50.649979,0724,0005,bff7,068fdc00,0.8,95.4,95.4,0:06:06,3:44:51,-,-,0,-,,,,,04,7,00000000,00,10,,,,,,,,,,,,,,,,,,,,,,,,,,,,
2025-10-10 10:33:48,2025-10-10 10:33:48,2025-10-10 10:33:47,2025-10-10 10:33:47,867488067677285,1873,GTIGF,0x19fe7fbf,,802003,0x8303,0x0115,100,12949,0000,0000,00,00,11,12,12,377,01,01,0.0,0.0,174,174,694,694,-23.185639,-23.185639,-50.649979,-50.649979,0724,0005,bff7,068fdc00,0.8,95.4,95.4,0:06:15,3:45:00,-,-,0,-,,,,,,,,,,,,,,,,,,,,,,,,,,,,,,,,,,,,,
2025-10-10 10:33:48,2025-10-10 10:33:48,2025-10-10 10:33:47,2025-10-10 10:33:47,867488067677285,1874,GTSTT,0x19fe7fbf,,802003,0x8303,0x0115,100,12949,0000,0000,00,00,11,12,12,-,01,01,0.0,0.0,174,174,694,694,-23.185639,-23.185639,-50.649979,-50.649979,0724,0005,bff7,068fdc00,0.8,95.4,95.4,0:06:15,3:45:00,-,-,0,-,,,,,,,,,,,,,,,,,,,,,,,,,,,,,,,,,,,,,
2025-10-10 10:33:48,2025-10-10 10:33:48,2025-10-10 10:33:48,2025-10-10 10:33:48,867488067677285,1875,GTIGL,0x19fe7fbf,,802003,0x8303,0x0115,100,12949,0000,0000,00,00,11,12,12,-,01,01,0.0,0.0,174,174,694,694,-23.185639,-23.185639,-50.649979,-50.649979,0724,0005,bff7,068fdc00,0.8,95.4,95.4,0:06:15,3:45:00,-,-,0,-,,,,,,,,,01,,,,,,,,,,,,,,,,,,,,,,,,,,,,
2025-10-10 10:33:49,2025-10-10 10:33:50,2025-10-10 10:33:49,2025-10-10 10:33:49,867488067677285,1876,GTSTC,0x19fe7fbf,,802003,0x8303,0x0115,100,12949,0000,0000,00,00,11,12,12,-,01,01,0.0,0.0,174,174,694,694,-23.185639,-23.185639,-50.649979,-50.649979,0724,0005,bff7,068fdc00,0.8,95.4,95.4,0:06:15,3:45:00,-,-,0,-,,,,,,,,,,,,,,,,,,,,,,,,,,,,,,,,,,,,,
2025-10-10 10:33:50,,,,867488067677285,1877,ACK,,,,,,,,,,,,,,,,,,,,,,,,,,,,,,,,,,,,,,,,,,,,,,,,,,,,,,,,,,,,,,,,,,,,,,,,,,,,,
2025-10-10 10:33:50,,,,867488067677285,1878,ACK,,,,,,,,,,,,,,,,,,,,,,,,,,,,,,,,,,,,,,,,,,,,,,,,,,,,,,,,,,,,,,,,,,,,,,,,,,,,,
2025-10-10 10:35:48,,,,867488067677285,1879,HBD,,,,,,,,,,,,,,,,,,,,,,,,,,,,,,,,,,,,,,,,,,,,,,,,,,,,,,,,,,,,,,,,,,,,,,,,,,,,,
2025-10-10 10:36:37,2025-10-10 10:36:37,2025-10-10 10:36:35,2025-10-10 10:36:35,867488067677285,1881,GTERI,0x19fe3fbf,0x00028102,802003,0x8303,0x0115,92,12999,0000,-,00,00,11,12,12,-,01,01,0.0,0.0,174,174,694,694,-23.185639,-23.185639,-50.649979,-50.649979,0724,0005,bff7,068fdc04,0.8,95.4,95.4,0:06:15,3:45:00,-,-,0,-,,,,,04,3,00000000,00,10,,,,,,,,,,,,,,,,,,,,,,,,,,,,
2025-10-10 10:37:48,,,,867488067677285,1882,HBD,,,,,,,,,,,,,,,,,,,,,,,,,,,,,,,,,,,,,,,,,,,,,,,,,,,,,,,,,,,,,,,,,,,,,,,,,,,,,
2025-10-10 10:38:48,2025-10-10 10:38:48,2025-10-10 10:38:48,2025-10-10 10:38:48,867488067677285,1884,GTERI,0x19fe3fbf,0x00028102,802003,0x8303,0x0115,92,13005,0000,-,00,00,11,12,12,-,01,01,0.0,0.0,174,174,694,694,-23.185639,-23.185639,-50.649979,-50.649979,0724,0005,bff7,068fdc01,0.8,95.4,95.4,0:06:15,3:45:00,-,-,0,-,,,,,04,7,00000000,00,10,,,,,,,,,,,,,,,,,,,,,,,,,,,,
2025-10-10 10:39:49,,,,867488067677285,1885,HBD,,,,,,,,,,,,,,,,,,,,,,,,,,,,,,,,,,,,,,,,,,,,,,,,,,,,,,,,,,,,,,,,,,,,,,,,,,,,,
2025-10-10 10:41:49,,,,867488067677285,1886,HBD,,,,,,,,,,,,,,,,,,,,,,,,,,,,,,,,,,,,,,,,,,,,,,,,,,,,,,,,,,,,,,,,,,,,,,,,,,,,,
2025-10-10 10:43:50,,,,867488067677285,1887,HBD,,,,,,,,,,,,,,,,,,,,,,,,,,,,,,,,,,,,,,,,,,,,,,,,,,,,,,,,,,,,,,,,,,,,,,,,,,,,,
2025-10-10 10:45:50,,,,867488067677285,1888,HBD,,,,,,,,,,,,,,,,,,,,,,,,,,,,,,,,,,,,,,,,,,,,,,,,,,,,,,,,,,,,,,,,,,,,,,,,,,,,,
2025-10-10 10:47:51,,,,867488067677285,1889,HBD,,,,,,,,,,,,,,,,,,,,,,,,,,,,,,,,,,,,,,,,,,,,,,,,,,,,,,,,,,,,,,,,,,,,,,,,,,,,,
2025-10-10 10:49:51,,,,867488067677285,1890,HBD,,,,,,,,,,,,,,,,,,,,,,,,,,,,,,,,,,,,,,,,,,,,,,,,,,,,,,,,,,,,,,,,,,,,,,,,,,,,,
2025-10-10 10:51:52,,,,867488067677285,1891,HBD,,,,,,,,,,,,,,,,,,,,,,,,,,,,,,,,,,,,,,,,,,,,,,,,,,,,,,,,,,,,,,,,,,,,,,,,,,,,,
2025-10-10 10:52:53,,,,867488067677285,1892,HBD,,,,,,,,,,,,,,,,,,,,,,,,,,,,,,,,,,,,,,,,,,,,,,,,,,,,,,,,,,,,,,,,,,,,,,,,,,,,,
2025-10-10 10:54:53,,,,867488067677285,1893,HBD,,,,,,,,,,,,,,,,,,,,,,,,,,,,,,,,,,,,,,,,,,,,,,,,,,,,,,,,,,,,,,,,,,,,,,,,,,,,,
2025-10-10 10:56:53,,,,867488067677285,1894,HBD,,,,,,,,,,,,,,,,,,,,,,,,,,,,,,,,,,,,,,,,,,,,,,,,,,,,,,,,,,,,,,,,,,,,,,,,,,,,,
2025-10-10 10:58:54,,,,867488067677285,1895,HBD,,,,,,,,,,,,,,,,,,,,,,,,,,,,,,,,,,,,,,,,,,,,,,,,,,,,,,,,,,,,,,,,,,,,,,,,,,,,,
2025-10-10 11:01:14,,,,867488067677285,1896,HBD,,,,,,,,,,,,,,,,,,,,,,,,,,,,,,,,,,,,,,,,,,,,,,,,,,,,,,,,,,,,,,,,,,,,,,,,,,,,,
2025-10-10 11:02:14,,,,867488067677285,1896,HBD,,,,,,,,,,,,,,,,,,,,,,,,,,,,,,,,,,,,,,,,,,,,,,,,,,,,,,,,,,,,,,,,,,,,,,,,,,,,,
2025-10-10 11:02:55,,,,867488067677285,1897,HBD,,,,,,,,,,,,,,,,,,,,,,,,,,,,,,,,,,,,,,,,,,,,,,,,,,,,,,,,,,,,,,,,,,,,,,,,,,,,,
2025-10-10 11:04:55,,,,867488067677285,1898,HBD,,,,,,,,,,,,,,,,,,,,,,,,,,,,,,,,,,,,,,,,,,,,,,,,,,,,,,,,,,,,,,,,,,,,,,,,,,,,,
2025-10-10 11:06:55,,,,867488067677285,1899,HBD,,,,,,,,,,,,,,,,,,,,,,,,,,,,,,,,,,,,,,,,,,,,,,,,,,,,,,,,,,,,,,,,,,,,,,,,,,,,,
2025-10-10 11:08:56,,,,867488067677285,1900,HBD,,,,,,,,,,,,,,,,,,,,,,,,,,,,,,,,,,,,,,,,,,,,,,,,,,,,,,,,,,,,,,,,,,,,,,,,,,,,,
2025-10-10 11:10:56,,,,867488067677285,1901,HBD,,,,,,,,,,,,,,,,,,,,,,,,,,,,,,,,,,,,,,,,,,,,,,,,,,,,,,,,,,,,,,,,,,,,,,,,,,,,,
2025-10-10 11:12:57,,,,867488067677285,1902,HBD,,,,,,,,,,,,,,,,,,,,,,,,,,,,,,,,,,,,,,,,,,,,,,,,,,,,,,,,,,,,,,,,,,,,,,,,,,,,,
2025-10-10 11:14:57,,,,867488067677285,1903,HBD,,,,,,,,,,,,,,,,,,,,,,,,,,,,,,,,,,,,,,,,,,,,,,,,,,,,,,,,,,,,,,,,,,,,,,,,,,,,,
2025-10-10 11:15:17,,,,867488067677285,1903,HBD,,,,,,,,,,,,,,,,,,,,,,,,,,,,,,,,,,,,,,,,,,,,,,,,,,,,,,,,,,,,,,,,,,,,,,,,,,,,,
2025-10-10 11:15:38,,,,867488067677285,1903,HBD,,,,,,,,,,,,,,,,,,,,,,,,,,,,,,,,,,,,,,,,,,,,,,,,,,,,,,,,,,,,,,,,,,,,,,,,,,,,,
2025-10-10 11:15:58,,,,867488067677285,1903,HBD,,,,,,,,,,,,,,,,,,,,,,,,,,,,,,,,,,,,,,,,,,,,,,,,,,,,,,,,,,,,,,,,,,,,,,,,,,,,,
2025-10-10 11:16:58,,,,867488067677285,1904,HBD,,,,,,,,,,,,,,,,,,,,,,,,,,,,,,,,,,,,,,,,,,,,,,,,,,,,,,,,,,,,,,,,,,,,,,,,,,,,,
2025-10-10 11:18:58,,,,867488067677285,1905,HBD,,,,,,,,,,,,,,,,,,,,,,,,,,,,,,,,,,,,,,,,,,,,,,,,,,,,,,,,,,,,,,,,,,,,,,,,,,,,,
2025-10-10 11:20:59,,,,867488067677285,1906,HBD,,,,,,,,,,,,,,,,,,,,,,,,,,,,,,,,,,,,,,,,,,,,,,,,,,,,,,,,,,,,,,,,,,,,,,,,,,,,,
2025-10-10 11:22:59,,,,867488067677285,1907,HBD,,,,,,,,,,,,,,,,,,,,,,,,,,,,,,,,,,,,,,,,,,,,,,,,,,,,,,,,,,,,,,,,,,,,,,,,,,,,,
2025-10-10 11:25:45,,,,867488067677285,1908,HBD,,,,,,,,,,,,,,,,,,,,,,,,,,,,,,,,,,,,,,,,,,,,,,,,,,,,,,,,,,,,,,,,,,,,,,,,,,,,,
2025-10-10 11:25:45,,,,867488067677285,1908,HBD,,,,,,,,,,,,,,,,,,,,,,,,,,,,,,,,,,,,,,,,,,,,,,,,,,,,,,,,,,,,,,,,,,,,,,,,,,,,,
2025-10-10 11:25:45,,,,867488067677285,1908,HBD,,,,,,,,,,,,,,,,,,,,,,,,,,,,,,,,,,,,,,,,,,,,,,,,,,,,,,,,,,,,,,,,,,,,,,,,,,,,,
2025-10-10 11:27:01,,,,867488067677285,1909,HBD,,,,,,,,,,,,,,,,,,,,,,,,,,,,,,,,,,,,,,,,,,,,,,,,,,,,,,,,,,,,,,,,,,,,,,,,,,,,,
2025-10-10 11:29:01,,,,867488067677285,1910,HBD,,,,,,,,,,,,,,,,,,,,,,,,,,,,,,,,,,,,,,,,,,,,,,,,,,,,,,,,,,,,,,,,,,,,,,,,,,,,,
2025-10-10 11:31:02,,,,867488067677285,1911,HBD,,,,,,,,,,,,,,,,,,,,,,,,,,,,,,,,,,,,,,,,,,,,,,,,,,,,,,,,,,,,,,,,,,,,,,,,,,,,,
2025-10-10 11:33:02,,,,867488067677285,1912,HBD,,,,,,,,,,,,,,,,,,,,,,,,,,,,,,,,,,,,,,,,,,,,,,,,,,,,,,,,,,,,,,,,,,,,,,,,,,,,,
2025-10-10 11:35:03,,,,867488067677285,1913,HBD,,,,,,,,,,,,,,,,,,,,,,,,,,,,,,,,,,,,,,,,,,,,,,,,,,,,,,,,,,,,,,,,,,,,,,,,,,,,,
2025-10-10 11:37:03,,,,867488067677285,1914,HBD,,,,,,,,,,,,,,,,,,,,,,,,,,,,,,,,,,,,,,,,,,,,,,,,,,,,,,,,,,,,,,,,,,,,,,,,,,,,,
2025-10-10 11:38:43,2025-10-10 11:38:43,2025-10-10 11:36:15,2025-10-10 11:36:15,867488067677285,1915,GTERI,0x19fe3fbf,0x00028102,802003,0x8303,0x0115,91,13038,0000,-,00,00,11,12,12,-,01,01,0.0,0.0,174,174,694,694,-23.185639,-23.185639,-50.649979,-50.649979,0724,0005,bff7,068fdc01,0.8,95.4,95.4,0:06:15,3:45:00,-,-,0,-,,,,,04,7,00000000,00,10,,,,,,,,,,,,,,,,,,,,,,,,,,,,
2025-10-10 11:39:03,,,,867488067677285,1916,HBD,,,,,,,,,,,,,,,,,,,,,,,,,,,,,,,,,,,,,,,,,,,,,,,,,,,,,,,,,,,,,,,,,,,,,,,,,,,,,
2025-10-10 11:41:04,,,,867488067677285,1917,HBD,,,,,,,,,,,,,,,,,,,,,,,,,,,,,,,,,,,,,,,,,,,,,,,,,,,,,,,,,,,,,,,,,,,,,,,,,,,,,
2025-10-10 11:43:04,,,,867488067677285,1918,HBD,,,,,,,,,,,,,,,,,,,,,,,,,,,,,,,,,,,,,,,,,,,,,,,,,,,,,,,,,,,,,,,,,,,,,,,,,,,,,
2025-10-10 11:45:05,,,,867488067677285,1919,HBD,,,,,,,,,,,,,,,,,,,,,,,,,,,,,,,,,,,,,,,,,,,,,,,,,,,,,,,,,,,,,,,,,,,,,,,,,,,,,
2025-10-10 11:47:05,,,,867488067677285,1920,HBD,,,,,,,,,,,,,,,,,,,,,,,,,,,,,,,,,,,,,,,,,,,,,,,,,,,,,,,,,,,,,,,,,,,,,,,,,,,,,
2025-10-10 11:49:06,,,,867488067677285,1921,HBD,,,,,,,,,,,,,,,,,,,,,,,,,,,,,,,,,,,,,,,,,,,,,,,,,,,,,,,,,,,,,,,,,,,,,,,,,,,,,
2025-10-10 11:51:06,,,,867488067677285,1922,HBD,,,,,,,,,,,,,,,,,,,,,,,,,,,,,,,,,,,,,,,,,,,,,,,,,,,,,,,,,,,,,,,,,,,,,,,,,,,,,
2025-10-10 11:53:07,,,,867488067677285,1923,HBD,,,,,,,,,,,,,,,,,,,,,,,,,,,,,,,,,,,,,,,,,,,,,,,,,,,,,,,,,,,,,,,,,,,,,,,,,,,,,
2025-10-10 11:55:07,,,,867488067677285,1924,HBD,,,,,,,,,,,,,,,,,,,,,,,,,,,,,,,,,,,,,,,,,,,,,,,,,,,,,,,,,,,,,,,,,,,,,,,,,,,,,
2025-10-10 11:57:08,,,,867488067677285,1925,HBD,,,,,,,,,,,,,,,,,,,,,,,,,,,,,,,,,,,,,,,,,,,,,,,,,,,,,,,,,,,,,,,,,,,,,,,,,,,,,
2025-10-10 11:59:39,,,,867488067677285,1926,HBD,,,,,,,,,,,,,,,,,,,,,,,,,,,,,,,,,,,,,,,,,,,,,,,,,,,,,,,,,,,,,,,,,,,,,,,,,,,,,
2025-10-10 11:59:39,,,,867488067677285,1926,HBD,,,,,,,,,,,,,,,,,,,,,,,,,,,,,,,,,,,,,,,,,,,,,,,,,,,,,,,,,,,,,,,,,,,,,,,,,,,,,
2025-10-10 12:01:09,,,,867488067677285,1927,HBD,,,,,,,,,,,,,,,,,,,,,,,,,,,,,,,,,,,,,,,,,,,,,,,,,,,,,,,,,,,,,,,,,,,,,,,,,,,,,
2025-10-10 12:02:36,2025-10-10 12:02:36,2025-10-10 11:36:15,2025-10-10 11:36:15,867488067677285,1929,GTIGN,0x19fe7fbf,,802003,0x8303,0x0115,91,12756,0000,0000,01,00,21,12,12,5328,00,01,0.0,0.0,174,174,694,694,-23.185639,-23.185639,-50.649979,-50.649979,0724,0005,bff7,068fdc04,0.0,95.4,95.4,0:00:00,3:45:00,-,-,0,-,,,,,,,,,,,,,,,,,,,,,,,,,,,,,,,,,,,,,
2025-10-10 12:02:36,2025-10-10 12:02:36,2025-10-10 11:36:15,2025-10-10 11:36:15,867488067677285,1930,GTSTT,0x19fe7fbf,,802003,0x8303,0x0115,91,12756,0000,0000,01,00,21,12,12,-,00,00,0.0,0.0,174,174,694,694,-23.185639,-23.185639,-50.649979,-50.649979,0724,0005,bff7,068fdc04,0.0,95.4,95.4,0:00:00,3:45:00,-,-,0,-,,,,,,,,,,,,,,,,,,,,,,,,,,,,,,,,,,,,,
2025-10-10 12:02:45,2025-10-10 12:02:45,2025-10-10 12:02:45,2025-10-10 12:02:45,867488067677285,1931,GTERI,0x19fe3fbf,0x00028102,802003,0x8303,0x0115,91,13994,0000,-,01,00,21,12,12,-,01,01,0.0,0.0,174,174,694,694,-23.185639,-23.185639,-50.649979,-50.649979,0724,0005,bff7,068fdc04,0.0,95.4,95.4,0:00:09,3:45:09,-,-,0,-,,,,,04,3,00000000,00,10,,,,,,,,,,,,,,,,,,,,,,,,,,,,
2025-10-10 12:02:45,2025-10-10 12:02:45,2025-10-10 12:02:45,2025-10-10 12:02:45,867488067677285,1932,GTIGL,0x19fe7fbf,,802003,0x8303,0x0115,91,13994,0000,0000,01,00,21,12,12,-,01,01,0.0,0.0,174,174,694,694,-23.185639,-23.185639,-50.649979,-50.649979,0724,0005,bff7,068fdc04,0.0,95.4,95.4,0:00:09,3:45:09,-,-,0,-,,,,,,,,,00,,,,,,,,,,,,,,,,,,,,,,,,,,,,
2025-10-10 12:04:30,,,,867488067677285,1933,HBD,,,,,,,,,,,,,,,,,,,,,,,,,,,,,,,,,,,,,,,,,,,,,,,,,,,,,,,,,,,,,,,,,,,,,,,,,,,,,
2025-10-10 12:05:10,,,,867488067677285,1935,HBD,,,,,,,,,,,,,,,,,,,,,,,,,,,,,,,,,,,,,,,,,,,,,,,,,,,,,,,,,,,,,,,,,,,,,,,,,,,,,
2025-10-10 12:05:38,2025-10-10 12:05:38,2025-10-10 12:05:37,2025-10-10 12:05:37,867488067677285,1936,GTBTC,0x19fe7fbf,,802003,0x8303,0x0115,91,13996,0000,0000,01,00,21,12,12,-,01,01,0.0,0.0,174,174,694,694,-23.185639,-23.185639,-50.649979,-50.649979,0724,0005,0607,0000006d,0.0,95.4,95.4,0:03:00,3:48:00,-,-,0,-,,,,,,,,,,,,,,,,,,,,,,,,,,,,,,,,,,,,,
2025-10-10 12:05:44,2025-10-10 12:05:44,2025-10-10 12:05:42,2025-10-10 12:05:43,867488067677285,1937,GTERI,0x19fe3fbf,0x00028102,802003,0x8303,0x0115,91,13853,0000,-,01,00,21,12,12,-,01,01,0.0,0.0,174,174,694,694,-23.185639,-23.185639,-50.649979,-50.649979,0724,0005,0607,0000006d,0.0,95.4,95.4,0:03:06,3:48:06,-,-,0,-,,,,,01,900,00000000,00,10,,,,,,,,,,,,,,,,,,,,,,,,,,,,
2025-10-10 12:06:40,,,,867488067677285,1939,ACK,,,,,,,,,,,,,,,,,,,,,,,,,,,,,,,,,,,,,,,,,,,,,,,,,,,,,,,,,,,,,,,,,,,,,,,,,,,,,
2025-10-10 12:06:40,,,,867488067677285,1940,ACK,,,,,,,,,,,,,,,,,,,,,,,,,,,,,,,,,,,,,,,,,,,,,,,,,,,,,,,,,,,,,,,,,,,,,,,,,,,,,
2025-10-10 12:06:40,,,,867488067677285,1941,ACK,,,,,,,,,,,,,,,,,,,,,,,,,,,,,,,,,,,,,,,,,,,,,,,,,,,,,,,,,,,,,,,,,,,,,,,,,,,,,
2025-10-10 12:07:11,,,,867488067677285,1942,HBD,,,,,,,,,,,,,,,,,,,,,,,,,,,,,,,,,,,,,,,,,,,,,,,,,,,,,,,,,,,,,,,,,,,,,,,,,,,,,
2025-10-10 12:07:30,2025-10-10 12:07:30,2025-10-10 12:07:29,2025-10-10 12:07:29,867488067677285,1943,GTSTT,0x19fe7fbf,,802003,0x8303,0x0115,100,13848,0000,0000,01,00,22,12,12,-,01,01,0.0,0.0,174,174,694,694,-23.185639,-23.185639,-50.649979,-50.649979,0724,0005,0607,0000006d,0.0,95.4,95.4,0:04:51,3:49:51,-,-,0,-,,,,,,,,,,,,,,,,,,,,,,,,,,,,,,,,,,,,,
2025-10-10 12:07:50,2025-10-10 12:07:50,2025-10-10 12:07:49,2025-10-10 12:07:49,867488067677285,1944,GTSTT,0x19fe7fbf,,802003,0x8303,0x0115,100,13835,0000,0000,01,00,21,12,12,-,01,01,0.0,0.0,174,174,690,690,-23.185625,-23.185625,-50.650012,-50.650012,0724,0005,0607,0000006d,0.0,95.4,95.4,0:05:12,3:50:12,-,-,0,-,,,,,,,,,,,,,,,,,,,,,,,,,,,,,,,,,,,,,
2025-10-10 12:08:29,2025-10-10 12:08:29,2025-10-10 12:08:29,2025-10-10 12:08:29,867488067677285,1945,GTSTT,0x19fe7fbf,,802003,0x8303,0x0115,100,13974,0000,0000,01,00,22,12,12,-,01,01,0.0,0.0,174,174,690,690,-23.185625,-23.185625,-50.650012,-50.650012,0724,0005,0607,0000006d,0.0,95.4,95.4,0:05:51,3:50:51,-,-,0,-,,,,,,,,,,,,,,,,,,,,,,,,,,,,,,,,,,,,,
2025-10-10 12:09:15,2025-10-10 12:08:44,2025-10-10 12:08:43,2025-10-10 12:08:43,867488067677285,1948,GTPDP,0x19fe7fbf,,802003,0x8303,0x0115,100,13868,0000,0000,01,00,22,12,12,-,01,01,0.0,0.0,174,174,690,690,-23.185625,-23.185625,-50.650012,-50.650012,0724,0005,bff7,068fdc00,0.0,95.4,95.4,0:06:06,3:51:06,-,-,0,-,,,,,,,,,,,,,,,,,,,,,,,,,,,,,,,,,,,,,
2025-10-10 12:09:15,,,,867488067677285,1949,HBD,,,,,,,,,,,,,,,,,,,,,,,,,,,,,,,,,,,,,,,,,,,,,,,,,,,,,,,,,,,,,,,,,,,,,,,,,,,,,
2025-10-10 12:09:16,2025-10-10 12:08:44,2025-10-10 12:08:42,2025-10-10 12:08:43,867488067677285,1947,GTERI,0x19fe3fbf,0x00028102,802003,0x8303,0x0115,100,13868,0000,-,01,00,22,12,12,-,01,01,0.0,0.0,174,174,690,690,-23.185625,-23.185625,-50.650012,-50.650012,0724,0005,bff7,068fdc00,0.0,95.4,95.4,0:06:06,3:51:06,-,-,0,-,,,,,04,7,00000000,00,10,,,,,,,,,,,,,,,,,,,,,,,,,,,,
2025-10-10 12:09:16,,,,867488067677285,1951,HBD,,,,,,,,,,,,,,,,,,,,,,,,,,,,,,,,,,,,,,,,,,,,,,,,,,,,,,,,,,,,,,,,,,,,,,,,,,,,,
2025-10-10 12:11:48,2025-10-10 12:11:08,2025-10-10 12:11:07,2025-10-10 12:10:27,867488067677285,1952,GTPDP,0x19fe7fbf,,802003,0x8303,0x0115,100,13958,0000,0000,01,00,22,12,12,-,01,01,22.2,51.2,14,356,670,687,-23.181893,-23.184796,-50.64819,-50.648665,0000,0000,0000,00000000,0.5,95.9,95.5,0:08:30,3:53:30,-,-,0,-,,,,,,,,,,,,,,,,,,,,,,,,,,,,,,,,,,,,,
2025-10-10 12:11:49,,,,867488067677285,1954,HBD,,,,,,,,,,,,,,,,,,,,,,,,,,,,,,,,,,,,,,,,,,,,,,,,,,,,,,,,,,,,,,,,,,,,,,,,,,,,,
2025-10-10 12:11:49,2025-10-10 12:11:44,2025-10-10 12:11:42,2025-10-10 12:11:15,867488067677285,1955,GTERI,0x19fe3fbf,0x00028102,802003,0x8303,0x0115,100,13929,0000,-,01,00,22,12,12,-,01,01,0.0,39.5,174,14,668,667,-23.181045,-23.181374,-50.647976,-50.648069,0724,0005,bff7,06904e01,0.6,96.0,96.0,0:09:06,3:54:06,-,-,0,-,,,,,04,7,00000000,00,10,,,,,,,,,,,,,,,,,,,,,,,,,,,,
2025-10-10 12:11:50,,,,867488067677285,1957,HBD,,,,,,,,,,,,,,,,,,,,,,,,,,,,,,,,,,,,,,,,,,,,,,,,,,,,,,,,,,,,,,,,,,,,,,,,,,,,,
2025-10-10 12:14:13,,,,867488067677285,1959,HBD,,,,,,,,,,,,,,,,,,,,,,,,,,,,,,,,,,,,,,,,,,,,,,,,,,,,,,,,,,,,,,,,,,,,,,,,,,,,,
2025-10-10 12:14:44,2025-10-10 12:14:44,2025-10-10 12:14:43,2025-10-10 12:14:40,867488067677285,1960,GTERI,0x19fe3fbf,0x00028102,802003,0x8303,0x0115,100,13958,0000,-,01,00,22,12,12,-,01,01,45.6,56.2,94,96,679,680,-23.175737,-23.175705,-50.640961,-50.641378,0724,0005,bff7,068fde02,1.9,97.2,97.2,0:12:06,3:57:06,-,-,0,-,,,,,04,7,00000000,00,10,,,,,,,,,,,,,,,,,,,,,,,,,,,,
2025-10-10 12:16:13,,,,867488067677285,1962,HBD,,,,,,,,,,,,,,,,,,,,,,,,,,,,,,,,,,,,,,,,,,,,,,,,,,,,,,,,,,,,,,,,,,,,,,,,,,,,,
2025-10-10 12:17:44,2025-10-10 12:17:44,2025-10-10 12:17:42,2025-10-10 12:16:17,867488067677285,1963,GTERI,0x19fe3fbf,0x00028102,802003,0x8303,0x0115,100,13960,0000,-,01,00,22,12,12,-,01,01,47.0,58.0,85,105,632,644,-23.174001,-23.1755,-50.62443,-50.630848,0724,0005,bff7,068fde00,3.6,99.0,98.3,0:15:06,4:00:06,-,-,0,-,,,,,04,7,00000000,00,10,,,,,,,,,,,,,,,,,,,,,,,,,,,,
2025-10-10 12:18:14,,,,867488067677285,1965,HBD,,,,,,,,,,,,,,,,,,,,,,,,,,,,,,,,,,,,,,,,,,,,,,,,,,,,,,,,,,,,,,,,,,,,,,,,,,,,,
2025-10-10 12:20:15,,,,867488067677285,1967,HBD,,,,,,,,,,,,,,,,,,,,,,,,,,,,,,,,,,,,,,,,,,,,,,,,,,,,,,,,,,,,,,,,,,,,,,,,,,,,,
2025-10-10 12:20:44,2025-10-10 12:20:44,2025-10-10 12:20:42,2025-10-10 12:20:43,867488067677285,1968,GTERI,0x19fe3fbf,0x00028102,802003,0x8303,0x0115,100,13950,0000,-,01,00,22,12,12,-,01,01,97.3,101.3,50,44,616,615,-23.173706,-23.173533,-50.614692,-50.614495,0724,0005,bff7,068fde00,4.7,100.0,100.0,0:18:06,4:03:06,-,-,0,-,,,,,04,7,00000000,00,10,,,,,,,,,,,,,,,,,,,,,,,,,,,,
2025-10-10 12:22:15,,,,867488067677285,1970,HBD,,,,,,,,,,,,,,,,,,,,,,,,,,,,,,,,,,,,,,,,,,,,,,,,,,,,,,,,,,,,,,,,,,,,,,,,,,,,,
2025-10-10 12:23:44,2025-10-10 12:23:44,2025-10-10 12:23:42,2025-10-10 12:23:35,867488067677285,1971,GTERI,0x19fe3fbf,0x00028102,802003,0x8303,0x0115,100,13961,0000,-,01,00,22,12,12,-,01,01,105.8,125.3,50,52,562,561,-23.146997,-23.148291,-50.593229,-50.594951,0724,0005,bff7,068fde00,8.5,103.9,103.6,0:21:06,4:06:06,-,-,0,-,,,,,04,7,00000000,00,10,,,,,,,,,,,,,,,,,,,,,,,,,,,,
2025-10-10 12:24:16,,,,867488067677285,1973,HBD,,,,,,,,,,,,,,,,,,,,,,,,,,,,,,,,,,,,,,,,,,,,,,,,,,,,,,,,,,,,,,,,,,,,,,,,,,,,,
2025-10-10 12:26:18,,,,867488067677285,1975,HBD,,,,,,,,,,,,,,,,,,,,,,,,,,,,,,,,,,,,,,,,,,,,,,,,,,,,,,,,,,,,,,,,,,,,,,,,,,,,,
2025-10-10 12:26:44,2025-10-10 12:26:44,2025-10-10 12:26:42,2025-10-10 12:23:44,867488067677285,1976,GTERI,0x19fe3fbf,0x00028102,802003,0x8303,0x0115,100,13980,0000,-,01,00,22,12,12,-,01,01,97.9,103.6,96,50,520,563,-23.147766,-23.146664,-50.549779,-50.592795,0724,0005,bff7,0690340a,13.1,108.4,103.9,0:24:06,4:09:06,-,-,0,-,,,,,04,28,00000000,00,10,,,,,,,,,,,,,,,,,,,,,,,,,,,,
2025-10-10 12:28:17,,,,867488067677285,1978,HBD,,,,,,,,,,,,,,,,,,,,,,,,,,,,,,,,,,,,,,,,,,,,,,,,,,,,,,,,,,,,,,,,,,,,,,,,,,,,,
2025-10-10 12:29:44,2025-10-10 12:29:44,2025-10-10 12:29:43,2025-10-10 12:29:04,867488067677285,1979,GTERI,0x19fe3fbf,0x00028102,802003,0x8303,0x0115,100,14004,0000,-,01,00,22,12,12,-,01,01,95.5,125.0,86,100,445,426,-23.155791,-23.154243,-50.507604,-50.518362,0724,0005,bff7,0690341d,17.6,112.9,111.8,0:27:06,4:12:06,-,-,0,-,,,,,04,1,00000000,00,10,,,,,,,,,,,,,,,,,,,,,,,,,,,,
2025-10-10 12:30:18,,,,867488067677285,1981,HBD,,,,,,,,,,,,,,,,,,,,,,,,,,,,,,,,,,,,,,,,,,,,,,,,,,,,,,,,,,,,,,,,,,,,,,,,,,,,,
2025-10-10 12:34:31,,,,867488067677285,1983,HBD,,,,,,,,,,,,,,,,,,,,,,,,,,,,,,,,,,,,,,,,,,,,,,,,,,,,,,,,,,,,,,,,,,,,,,,,,,,,,
2025-10-10 12:34:32,2025-10-10 12:32:44,2025-10-10 12:32:42,2025-10-10 12:31:15,867488067677285,1984,GTERI,0x19fe3fbf,0x00028102,802003,0x8303,0x0115,100,13994,0000,-,01,00,22,12,12,-,01,01,99.7,106.3,57,63,447,439,-23.132747,-23.14382,-50.473937,-50.493462,0724,0005,bff7,06903405,22.0,117.4,115.0,0:30:06,4:15:06,-,-,0,-,,,,,04,3,00000000,00,10,,,,,,,,,,,,,,,,,,,,,,,,,,,,
2025-10-10 12:34:32,,,,867488067677285,1986,HBD,,,,,,,,,,,,,,,,,,,,,,,,,,,,,,,,,,,,,,,,,,,,,,,,,,,,,,,,,,,,,,,,,,,,,,,,,,,,,
2025-10-10 12:34:33,2025-10-10 12:33:59,2025-10-10 12:33:58,2025-10-10 12:33:47,867488067677285,1987,GTPDP,0x19fe7fbf,,802003,0x8303,0x0115,100,13965,0000,0000,01,00,22,12,12,-,01,01,98.5,102.7,95,94,378,383,-23.127726,-23.127471,-50.454275,-50.457261,0724,0005,616f,00004eb8,24.2,119.5,119.2,0:31:21,4:16:21,-,-,0,-,,,,,,,,,,,,,,,,,,,,,,,,,,,,,,,,,,,,,
2025-10-10 12:34:33,,,,867488067677285,1989,HBD,,,,,,,,,,,,,,,,,,,,,,,,,,,,,,,,,,,,,,,,,,,,,,,,,,,,,,,,,,,,,,,,,,,,,,,,,,,,,
2025-10-10 12:35:46,2025-10-10 12:35:44,2025-10-10 12:35:42,2025-10-10 12:35:02,867488067677285,1990,GTERI,0x19fe3fbf,0x00028102,802003,0x8303,0x0115,100,13971,0000,-,01,00,22,12,12,-,01,01,108.8,142.5,98,97,440,403,-23.133518,-23.13174,-50.423687,-50.435812,0724,0005,616f,00004eb8,27.4,122.7,121.5,0:33:06,4:18:06,-,-,0,-,,,,,01,900,00000000,00,10,,,,,,,,,,,,,,,,,,,,,,,,,,,,
2025-10-10 12:37:52,,,,867488067677285,1992,HBD,,,,,,,,,,,,,,,,,,,,,,,,,,,,,,,,,,,,,,,,,,,,,,,,,,,,,,,,,,,,,,,,,,,,,,,,,,,,,
2025-10-10 12:37:52,2025-10-10 12:37:21,2025-10-10 12:37:20,2025-10-10 12:36:45,867488067677285,1993,GTPDP,0x19fe7fbf,,802003,0x8303,0x0115,100,14008,0000,0000,01,00,22,12,12,-,01,01,98.5,114.6,94,98,487,467,-23.13827,-23.135943,-50.398422,-50.407017,0724,0005,fdaf,068fc801,30.0,125.4,124.4,0:34:42,4:19:42,-,-,0,-,,,,,,,,,,,,,,,,,,,,,,,,,,,,,,,,,,,,,
2025-10-10 12:37:53,,,,867488067677285,1995,HBD,,,,,,,,,,,,,,,,,,,,,,,,,,,,,,,,,,,,,,,,,,,,,,,,,,,,,,,,,,,,,,,,,,,,,,,,,,,,,
2025-10-10 12:38:44,2025-10-10 12:38:44,2025-10-10 12:38:42,2025-10-10 12:37:45,867488067677285,1996,GTERI,0x19fe3fbf,0x00028102,802003,0x8303,0x0115,100,13997,0000,-,01,00,22,12,12,-,01,01,100.7,118.0,57,94,419,440,-23.135055,-23.138743,-50.376518,-50.390793,0724,0005,bff7,06904501,32.5,127.8,126.2,0:36:06,4:21:06,-,-,0,-,,,,,04,7,00000000,00,10,,,,,,,,,,,,,,,,,,,,,,,,,,,,
2025-10-10 12:40:24,,,,867488067677285,1998,HBD,,,,,,,,,,,,,,,,,,,,,,,,,,,,,,,,,,,,,,,,,,,,,,,,,,,,,,,,,,,,,,,,,,,,,,,,,,,,,
2025-10-10 12:41:44,2025-10-10 12:41:44,2025-10-10 12:41:42,2025-10-10 12:41:07,867488067677285,1999,GTERI,0x19fe3fbf,0x00028102,802003,0x8303,0x0115,100,13961,0000,-,01,00,22,12,12,-,01,01,59.5,136.5,46,56,426,439,-23.112434,-23.115967,-50.336383,-50.34245,0724,0005,bff7,068fc700,37.3,132.6,131.9,0:39:06,4:24:06,-,-,0,-,,,,,04,7,00000000,00,10,,,,,,,,,,,,,,,,,,,,,,,,,,,,
2025-10-10 12:42:22,,,,867488067677285,2001,HBD,,,,,,,,,,,,,,,,,,,,,,,,,,,,,,,,,,,,,,,,,,,,,,,,,,,,,,,,,,,,,,,,,,,,,,,,,,,,,
2025-10-10 12:44:23,,,,867488067677285,2003,HBD,,,,,,,,,,,,,,,,,,,,,,,,,,,,,,,,,,,,,,,,,,,,,,,,,,,,,,,,,,,,,,,,,,,,,,,,,,,,,
2025-10-10 12:44:54,2025-10-10 12:44:44,2025-10-10 12:44:42,2025-10-10 12:42:47,867488067677285,2004,GTERI,0x19fe3fbf,0x00028102,802003,0x8303,0x0115,100,14013,0000,-,01,00,22,12,12,-,01,01,110.8,126.1,47,156,398,430,-23.10332,-23.119494,-50.310707,-50.327246,0724,0005,610b,00004e66,41.7,137.0,134.1,0:42:06,4:27:06,-,-,0,-,,,,,01,1800,00000000,00,10,,,,,,,,,,,,,,,,,,,,,,,,,,,,
2025-10-10 12:46:58,,,,867488067677285,2006,HBD,,,,,,,,,,,,,,,,,,,,,,,,,,,,,,,,,,,,,,,,,,,,,,,,,,,,,,,,,,,,,,,,,,,,,,,,,,,,,
2025-10-10 12:46:59,2025-10-10 12:46:23,2025-10-10 12:46:22,2025-10-10 12:45:33,867488067677285,2007,GTPDP,0x19fe7fbf,,802003,0x8303,0x0115,100,14012,0000,0000,01,00,22,12,12,-,01,01,92.8,158.0,61,45,388,397,-23.088001,-23.090239,-50.283309,-50.296278,0724,0005,c2b3,06908b0a,45.2,140.6,139.1,0:43:45,4:28:45,-,-,0,-,,,,,,,,,,,,,,,,,,,,,,,,,,,,,,,,,,,,,
2025-10-10 12:46:59,,,,867488067677285,2009,HBD,,,,,,,,,,,,,,,,,,,,,,,,,,,,,,,,,,,,,,,,,,,,,,,,,,,,,,,,,,,,,,,,,,,,,,,,,,,,,
2025-10-10 12:48:15,2025-10-10 12:47:44,2025-10-10 12:47:42,2025-10-10 12:47:43,867488067677285,2010,GTERI,0x19fe3fbf,0x00028102,802003,0x8303,0x0115,100,13989,0000,-,01,00,22,12,12,-,01,01,134.5,136.0,37,36,463,463,-23.07476,-23.074488,-50.26758,-50.267358,0724,0005,c2b3,06908b08,47.5,142.8,142.8,0:45:06,4:30:06,-,-,0,-,,,,,04,28,00000000,00,10,,,,,,,,,,,,,,,,,,,,,,,,,,,,
2025-10-10 12:48:15,2025-10-10 12:47:44,2025-10-10 12:47:43,2025-10-10 12:47:43,867488067677285,2011,GTPDP,0x19fe7fbf,,802003,0x8303,0x0115,100,13989,0000,0000,01,00,22,12,12,-,01,01,136.0,136.0,36,36,463,463,-23.074488,-23.074488,-50.267358,-50.267358,0724,0005,c2b3,06908b08,47.5,142.8,142.8,0:45:06,4:30:06,-,-,0,-,,,,,,,,,,,,,,,,,,,,,,,,,,,,,,,,,,,,,
2025-10-10 12:48:16,,,,867488067677285,2013,HBD,,,,,,,,,,,,,,,,,,,,,,,,,,,,,,,,,,,,,,,,,,,,,,,,,,,,,,,,,,,,,,,,,,,,,,,,,,,,,
2025-10-10 12:50:25,,,,867488067677285,2015,HBD,,,,,,,,,,,,,,,,,,,,,,,,,,,,,,,,,,,,,,,,,,,,,,,,,,,,,,,,,,,,,,,,,,,,,,,,,,,,,
2025-10-10 12:50:44,2025-10-10 12:50:44,2025-10-10 12:50:42,2025-10-10 12:48:03,867488067677285,2016,GTERI,0x19fe3fbf,0x00028102,802003,0x8303,0x0115,100,13977,0000,-,01,00,22,12,12,-,01,01,0.0,156.0,37,37,477,474,-23.048329,-23.068574,-50.236361,-50.262548,0724,0005,bff7,068fb202,51.8,147.2,143.6,0:48:06,4:33:06,-,-,0,-,,,,,04,7,00000000,00,10,,,,,,,,,,,,,,,,,,,,,,,,,,,,
2025-10-10 12:50:51,2025-10-10 12:50:51,2025-10-10 12:50:50,2025-10-10 12:50:50,867488067677285,2017,GTIGF,0x19fe7fbf,,802003,0x8303,0x0115,100,13977,0000,0000,00,00,12,12,12,2895,01,01,0.0,0.0,37,37,478,478,-23.048329,-23.048329,-50.23636,-50.23636,0724,0005,bff7,068fb202,51.8,147.2,147.2,0:48:12,4:33:12,-,-,0,-,,,,,,,,,,,,,,,,,,,,,,,,,,,,,,,,,,,,,
2025-10-10 12:50:51,2025-10-10 12:50:51,2025-10-10 12:50:50,2025-10-10 12:50:50,867488067677285,2018,GTSTT,0x19fe7fbf,,802003,0x8303,0x0115,100,13977,0000,0000,00,00,12,12,12,-,01,01,0.0,0.0,37,37,478,478,-23.048329,-23.048329,-50.23636,-50.23636,0724,0005,bff7,068fb202,51.8,147.2,147.2,0:48:12,4:33:12,-,-,0,-,,,,,,,,,,,,,,,,,,,,,,,,,,,,,,,,,,,,,
2025-10-10 12:50:52,2025-10-10 12:50:51,2025-10-10 12:50:51,2025-10-10 12:50:51,867488067677285,2019,GTIGL,0x19fe7fbf,,802003,0x8303,0x0115,100,13977,0000,0000,00,00,12,12,12,-,01,01,0.0,0.0,37,37,478,478,-23.048329,-23.048329,-50.23636,-50.23636,0724,0005,bff7,068fb202,51.8,147.2,147.2,0:48:12,4:33:12,-,-,0,-,,,,,,,,,01,,,,,,,,,,,,,,,,,,,,,,,,,,,,
2025-10-10 12:50:52,2025-10-10 12:50:52,2025-10-10 12:50:51,2025-10-10 12:50:51,867488067677285,2020,GTSTC,0x19fe7fbf,,802003,0x8303,0x0115,100,13977,0000,0000,00,00,12,12,12,-,00,00,0.0,0.0,37,37,478,478,-23.048329,-23.048329,-50.23636,-50.23636,0724,0005,bff7,068fb202,51.8,147.2,147.2,0:48:12,4:33:12,-,-,0,-,,,,,,,,,,,,,,,,,,,,,,,,,,,,,,,,,,,,,
2025-10-10 12:50:54,,,,867488067677285,2021,ACK,,,,,,,,,,,,,,,,,,,,,,,,,,,,,,,,,,,,,,,,,,,,,,,,,,,,,,,,,,,,,,,,,,,,,,,,,,,,,
2025-10-10 12:50:55,,,,867488067677285,2022,ACK,,,,,,,,,,,,,,,,,,,,,,,,,,,,,,,,,,,,,,,,,,,,,,,,,,,,,,,,,,,,,,,,,,,,,,,,,,,,,
2025-10-10 12:51:12,2025-10-10 12:51:13,2025-10-10 12:51:12,2025-10-10 12:51:12,867488067677285,2023,GTSTT,0x19fe7fbf,,802003,0x8303,0x0115,100,12991,0000,0000,00,00,11,12,12,-,01,01,0.0,0.0,37,37,478,478,-23.048329,-23.048329,-50.23636,-50.23636,0724,0005,bff7,068fb202,51.8,147.2,147.2,0:48:12,4:33:12,-,-,0,-,,,,,,,,,,,,,,,,,,,,,,,,,,,,,,,,,,,,,
2025-10-10 12:52:25,,,,867488067677285,2025,HBD,,,,,,,,,,,,,,,,,,,,,,,,,,,,,,,,,,,,,,,,,,,,,,,,,,,,,,,,,,,,,,,,,,,,,,,,,,,,,
2025-10-10 12:53:44,2025-10-10 12:53:44,2025-10-10 12:53:42,2025-10-10 12:53:42,867488067677285,2026,GTERI,0x19fe3fbf,0x00028102,802003,0x8303,0x0115,100,13064,0000,-,00,00,11,12,12,-,01,01,0.0,0.0,37,37,478,478,-23.048329,-23.048329,-50.23636,-50.23636,0724,0005,bff7,068fb202,51.8,147.2,147.2,0:48:12,4:33:12,-,-,0,-,,,,,04,7,00000000,00,10,,,,,,,,,,,,,,,,,,,,,,,,,,,,
2025-10-10 12:54:26,,,,867488067677285,2028,HBD,,,,,,,,,,,,,,,,,,,,,,,,,,,,,,,,,,,,,,,,,,,,,,,,,,,,,,,,,,,,,,,,,,,,,,,,,,,,,
2025-10-10 12:54:45,2025-10-10 12:54:46,2025-10-10 12:54:45,2025-10-10 12:50:44,867488067677285,2030,GTIGN,0x19fe7fbf,,802003,0x8303,0x0115,100,12842,0000,0000,01,00,22,12,12,235,01,01,0.0,0.1,37,37,478,478,-23.048329,-23.048329,-50.23636,-50.23636,0724,0005,bff7,068fb202,0.0,147.2,147.2,0:00:00,4:33:12,-,-,0,-,,,,,,,,,,,,,,,,,,,,,,,,,,,,,,,,,,,,,
2025-10-10 12:54:46,2025-10-10 12:54:46,2025-10-10 12:54:45,2025-10-10 12:54:45,867488067677285,2031,GTSTT,0x19fe7fbf,,802003,0x8303,0x0115,100,12842,0000,0000,01,00,22,12,12,-,01,01,0.0,0.0,37,37,478,478,-23.048329,-23.048329,-50.23636,-50.23636,0724,0005,bff7,068fb202,0.0,147.2,147.2,0:00:00,4:33:12,-,-,0,-,,,,,,,,,,,,,,,,,,,,,,,,,,,,,,,,,,,,,
2025-10-10 12:54:46,2025-10-10 12:54:46,2025-10-10 12:54:46,2025-10-10 12:54:46,867488067677285,2032,GTIGL,0x19fe7fbf,,802003,0x8303,0x0115,100,12842,0000,0000,01,00,22,12,12,-,01,01,0.0,0.0,37,37,478,478,-23.048329,-23.048329,-50.23636,-50.23636,0724,0005,bff7,068fb202,0.0,147.2,147.2,0:00:00,4:33:12,-,-,0,-,,,,,,,,,00,,,,,,,,,,,,,,,,,,,,,,,,,,,,
2025-10-10 12:57:57,,,,867488067677285,2033,HBD,,,,,,,,,,,,,,,,,,,,,,,,,,,,,,,,,,,,,,,,,,,,,,,,,,,,,,,,,,,,,,,,,,,,,,,,,,,,,
2025-10-10 12:57:57,2025-10-10 12:56:44,2025-10-10 12:56:42,2025-10-10 12:56:15,867488067677285,2034,GTERI,0x19fe3fbf,0x00028102,802003,0x8303,0x0115,100,14023,0000,-,01,00,22,12,12,-,01,01,41.2,106.0,137,40,487,486,-23.041685,-23.042786,-50.226804,-50.229222,0724,0005,bff7,068fb202,1.3,148.5,148.1,0:01:57,4:35:09,-,-,0,-,,,,,04,7,00000000,00,10,,,,,,,,,,,,,,,,,,,,,,,,,,,,
2025-10-10 12:57:58,2025-10-10 12:56:59,2025-10-10 12:56:58,2025-10-10 12:56:58,867488067677285,2036,GTIGF,0x19fe7fbf,,802003,0x8303,0x0115,100,13220,0000,0000,00,00,12,12,12,133,01,01,0.0,0.0,137,137,487,487,-23.042058,-23.042058,-50.226466,-50.226466,0724,0005,bff7,068fb202,1.4,148.5,148.5,0:02:12,4:35:24,-,-,0,-,,,,,,,,,,,,,,,,,,,,,,,,,,,,,,,,,,,,,
2025-10-10 12:57:58,2025-10-10 12:56:59,2025-10-10 12:56:58,2025-10-10 12:56:58,867488067677285,2037,GTSTT,0x19fe7fbf,,802003,0x8303,0x0115,100,13220,0000,0000,00,00,12,12,12,-,01,01,0.0,0.0,137,137,487,487,-23.042058,-23.042058,-50.226466,-50.226466,0724,0005,bff7,068fb202,1.4,148.5,148.5,0:02:12,4:35:24,-,-,0,-,,,,,,,,,,,,,,,,,,,,,,,,,,,,,,,,,,,,,
2025-10-10 12:57:59,2025-10-10 12:56:59,2025-10-10 12:56:59,2025-10-10 12:56:59,867488067677285,2038,GTIGL,0x19fe7fbf,,802003,0x8303,0x0115,100,13220,0000,0000,00,00,12,12,12,-,01,01,0.0,0.0,137,137,487,487,-23.042058,-23.042058,-50.226466,-50.226466,0724,0005,bff7,068fb202,1.4,148.5,148.5,0:02:12,4:35:24,-,-,0,-,,,,,,,,,01,,,,,,,,,,,,,,,,,,,,,,,,,,,,
2025-10-10 12:57:59,,,,867488067677285,2039,ACK,,,,,,,,,,,,,,,,,,,,,,,,,,,,,,,,,,,,,,,,,,,,,,,,,,,,,,,,,,,,,,,,,,,,,,,,,,,,,
2025-10-10 12:57:59,,,,867488067677285,2040,ACK,,,,,,,,,,,,,,,,,,,,,,,,,,,,,,,,,,,,,,,,,,,,,,,,,,,,,,,,,,,,,,,,,,,,,,,,,,,,,
2025-10-10 12:58:00,2025-10-10 12:57:13,2025-10-10 12:57:13,2025-10-10 12:57:13,867488067677285,2041,GTSTT,0x19fe7fbf,,802003,0x8303,0x0115,100,12947,0000,0000,00,00,11,12,12,-,01,01,0.0,0.0,137,137,487,487,-23.042058,-23.042058,-50.226466,-50.226466,0724,0005,bff7,068fb202,1.4,148.5,148.5,0:02:12,4:35:24,-,-,0,-,,,,,,,,,,,,,,,,,,,,,,,,,,,,,,,,,,,,,
2025-10-10 12:58:01,2025-10-10 12:57:27,2025-10-10 12:57:26,2025-10-10 12:57:26,867488067677285,2042,GTPDP,0x19fe7fbf,,802003,0x8303,0x0115,100,12893,0000,0000,00,00,11,12,12,-,01,01,0.0,0.0,137,137,487,487,-23.042058,-23.042058,-50.226466,-50.226466,0724,0005,0607,00009ca4,1.4,148.5,148.5,0:02:12,4:35:24,-,-,0,-,,,,,,,,,,,,,,,,,,,,,,,,,,,,,,,,,,,,,
2025-10-10 12:58:01,,,,867488067677285,2044,HBD,,,,,,,,,,,,,,,,,,,,,,,,,,,,,,,,,,,,,,,,,,,,,,,,,,,,,,,,,,,,,,,,,,,,,,,,,,,,,
2025-10-10 12:59:44,2025-10-10 12:59:44,2025-10-10 12:59:42,2025-10-10 12:59:42,867488067677285,2045,GTERI,0x19fe3fbf,0x00028102,802003,0x8303,0x0115,100,12831,0000,-,00,00,1a,12,12,-,01,01,0.0,0.0,137,137,487,487,-23.042058,-23.042058,-50.226466,-50.226466,0724,0005,0607,00009ca4,1.4,148.5,148.5,0:02:12,4:35:24,-,-,0,-,,,,,01,900,00000000,00,10,,,,,,,,,,,,,,,,,,,,,,,,,,,,
2025-10-10 13:00:29,,,,867488067677285,2046,HBD,,,,,,,,,,,,,,,,,,,,,,,,,,,,,,,,,,,,,,,,,,,,,,,,,,,,,,,,,,,,,,,,,,,,,,,,,,,,,
2025-10-10 13:01:59,,,,867488067677285,2047,HBD,,,,,,,,,,,,,,,,,,,,,,,,,,,,,,,,,,,,,,,,,,,,,,,,,,,,,,,,,,,,,,,,,,,,,,,,,,,,,
2025-10-10 13:02:00,2025-10-10 13:01:59,2025-10-10 13:01:59,2025-10-10 13:01:59,867488067677285,2048,GTERI,0x19fe3fbf,0x00028102,802003,0x8303,0x0115,100,13003,0000,-,00,00,11,12,12,-,01,01,0.0,0.0,137,137,487,487,-23.042058,-23.042058,-50.226466,-50.226466,0724,0005,0607,00009ca4,1.4,148.5,148.5,0:02:12,4:35:24,-,-,0,-,,,,,01,900,00000000,00,10,,,,,,,,,,,,,,,,,,,,,,,,,,,,
2025-10-10 13:06:00,,,,867488067677285,2049,HBD,,,,,,,,,,,,,,,,,,,,,,,,,,,,,,,,,,,,,,,,,,,,,,,,,,,,,,,,,,,,,,,,,,,,,,,,,,,,,
2025-10-10 13:06:01,,,,867488067677285,2050,HBD,,,,,,,,,,,,,,,,,,,,,,,,,,,,,,,,,,,,,,,,,,,,,,,,,,,,,,,,,,,,,,,,,,,,,,,,,,,,,
2025-10-10 13:06:01,2025-10-10 13:05:00,2025-10-10 13:01:59,2025-10-10 13:01:59,867488067677285,2051,GTPDP,0x19fe7fbf,,802003,0x8303,0x0115,100,13124,0000,0000,00,00,11,12,12,-,00,00,0.0,0.0,137,137,487,487,-23.042058,-23.042058,-50.226466,-50.226466,0724,0005,bff7,068fb204,1.4,148.5,148.5,0:02:12,4:35:24,-,-,0,-,,,,,,,,,,,,,,,,,,,,,,,,,,,,,,,,,,,,,
2025-10-10 13:06:02,,,,867488067677285,2052,HBD,,,,,,,,,,,,,,,,,,,,,,,,,,,,,,,,,,,,,,,,,,,,,,,,,,,,,,,,,,,,,,,,,,,,,,,,,,,,,
2025-10-10 13:08:31,,,,867488067677285,2053,HBD,,,,,,,,,,,,,,,,,,,,,,,,,,,,,,,,,,,,,,,,,,,,,,,,,,,,,,,,,,,,,,,,,,,,,,,,,,,,,
2025-10-10 13:10:31,,,,867488067677285,2054,HBD,,,,,,,,,,,,,,,,,,,,,,,,,,,,,,,,,,,,,,,,,,,,,,,,,,,,,,,,,,,,,,,,,,,,,,,,,,,,,
2025-10-10 13:12:32,,,,867488067677285,2055,HBD,,,,,,,,,,,,,,,,,,,,,,,,,,,,,,,,,,,,,,,,,,,,,,,,,,,,,,,,,,,,,,,,,,,,,,,,,,,,,
2025-10-10 13:14:32,,,,867488067677285,2056,HBD,,,,,,,,,,,,,,,,,,,,,,,,,,,,,,,,,,,,,,,,,,,,,,,,,,,,,,,,,,,,,,,,,,,,,,,,,,,,,
2025-10-10 13:16:33,,,,867488067677285,2057,HBD,,,,,,,,,,,,,,,,,,,,,,,,,,,,,,,,,,,,,,,,,,,,,,,,,,,,,,,,,,,,,,,,,,,,,,,,,,,,,
2025-10-10 13:18:33,,,,867488067677285,2058,HBD,,,,,,,,,,,,,,,,,,,,,,,,,,,,,,,,,,,,,,,,,,,,,,,,,,,,,,,,,,,,,,,,,,,,,,,,,,,,,
2025-10-10 13:20:34,,,,867488067677285,2059,HBD,,,,,,,,,,,,,,,,,,,,,,,,,,,,,,,,,,,,,,,,,,,,,,,,,,,,,,,,,,,,,,,,,,,,,,,,,,,,,
2025-10-10 13:22:34,,,,867488067677285,2060,HBD,,,,,,,,,,,,,,,,,,,,,,,,,,,,,,,,,,,,,,,,,,,,,,,,,,,,,,,,,,,,,,,,,,,,,,,,,,,,,
2025-10-10 13:24:35,,,,867488067677285,2061,HBD,,,,,,,,,,,,,,,,,,,,,,,,,,,,,,,,,,,,,,,,,,,,,,,,,,,,,,,,,,,,,,,,,,,,,,,,,,,,,
2025-10-10 13:26:35,,,,867488067677285,2062,HBD,,,,,,,,,,,,,,,,,,,,,,,,,,,,,,,,,,,,,,,,,,,,,,,,,,,,,,,,,,,,,,,,,,,,,,,,,,,,,
2025-10-10 13:28:35,,,,867488067677285,2063,HBD,,,,,,,,,,,,,,,,,,,,,,,,,,,,,,,,,,,,,,,,,,,,,,,,,,,,,,,,,,,,,,,,,,,,,,,,,,,,,
2025-10-10 13:30:36,,,,867488067677285,2064,HBD,,,,,,,,,,,,,,,,,,,,,,,,,,,,,,,,,,,,,,,,,,,,,,,,,,,,,,,,,,,,,,,,,,,,,,,,,,,,,
2025-10-10 13:32:36,,,,867488067677285,2065,HBD,,,,,,,,,,,,,,,,,,,,,,,,,,,,,,,,,,,,,,,,,,,,,,,,,,,,,,,,,,,,,,,,,,,,,,,,,,,,,
2025-10-10 13:34:37,,,,867488067677285,2066,HBD,,,,,,,,,,,,,,,,,,,,,,,,,,,,,,,,,,,,,,,,,,,,,,,,,,,,,,,,,,,,,,,,,,,,,,,,,,,,,
2025-10-10 13:36:37,,,,867488067677285,2067,HBD,,,,,,,,,,,,,,,,,,,,,,,,,,,,,,,,,,,,,,,,,,,,,,,,,,,,,,,,,,,,,,,,,,,,,,,,,,,,,
2025-10-10 13:38:38,,,,867488067677285,2068,HBD,,,,,,,,,,,,,,,,,,,,,,,,,,,,,,,,,,,,,,,,,,,,,,,,,,,,,,,,,,,,,,,,,,,,,,,,,,,,,
2025-10-10 13:40:38,,,,867488067677285,2069,HBD,,,,,,,,,,,,,,,,,,,,,,,,,,,,,,,,,,,,,,,,,,,,,,,,,,,,,,,,,,,,,,,,,,,,,,,,,,,,,
2025-10-10 13:42:39,,,,867488067677285,2070,HBD,,,,,,,,,,,,,,,,,,,,,,,,,,,,,,,,,,,,,,,,,,,,,,,,,,,,,,,,,,,,,,,,,,,,,,,,,,,,,
2025-10-10 13:44:39,,,,867488067677285,2071,HBD,,,,,,,,,,,,,,,,,,,,,,,,,,,,,,,,,,,,,,,,,,,,,,,,,,,,,,,,,,,,,,,,,,,,,,,,,,,,,
2025-10-10 13:46:40,,,,867488067677285,2072,HBD,,,,,,,,,,,,,,,,,,,,,,,,,,,,,,,,,,,,,,,,,,,,,,,,,,,,,,,,,,,,,,,,,,,,,,,,,,,,,
2025-10-10 13:48:40,,,,867488067677285,2073,HBD,,,,,,,,,,,,,,,,,,,,,,,,,,,,,,,,,,,,,,,,,,,,,,,,,,,,,,,,,,,,,,,,,,,,,,,,,,,,,
2025-10-10 13:50:41,,,,867488067677285,2074,HBD,,,,,,,,,,,,,,,,,,,,,,,,,,,,,,,,,,,,,,,,,,,,,,,,,,,,,,,,,,,,,,,,,,,,,,,,,,,,,
2025-10-10 13:52:41,,,,867488067677285,2075,HBD,,,,,,,,,,,,,,,,,,,,,,,,,,,,,,,,,,,,,,,,,,,,,,,,,,,,,,,,,,,,,,,,,,,,,,,,,,,,,
2025-10-10 13:54:42,,,,867488067677285,2076,HBD,,,,,,,,,,,,,,,,,,,,,,,,,,,,,,,,,,,,,,,,,,,,,,,,,,,,,,,,,,,,,,,,,,,,,,,,,,,,,
2025-10-10 13:56:42,,,,867488067677285,2077,HBD,,,,,,,,,,,,,,,,,,,,,,,,,,,,,,,,,,,,,,,,,,,,,,,,,,,,,,,,,,,,,,,,,,,,,,,,,,,,,
2025-10-10 13:58:43,,,,867488067677285,2078,HBD,,,,,,,,,,,,,,,,,,,,,,,,,,,,,,,,,,,,,,,,,,,,,,,,,,,,,,,,,,,,,,,,,,,,,,,,,,,,,
2025-10-10 14:00:43,,,,867488067677285,2079,HBD,,,,,,,,,,,,,,,,,,,,,,,,,,,,,,,,,,,,,,,,,,,,,,,,,,,,,,,,,,,,,,,,,,,,,,,,,,,,,
2025-10-10 14:01:54,2025-10-10 14:01:54,2025-10-10 13:59:26,2025-10-10 13:59:26,867488067677285,2080,GTERI,0x19fe3fbf,0x00028102,802003,0x8303,0x0115,100,13053,0000,-,00,00,11,12,12,-,01,01,0.0,0.0,137,137,487,487,-23.042058,-23.042058,-50.226466,-50.226466,0724,0005,bff7,068fb200,1.4,148.5,148.5,0:02:12,4:35:24,-,-,0,-,,,,,04,7,00000000,00,10,,,,,,,,,,,,,,,,,,,,,,,,,,,,
2025-10-10 14:02:44,,,,867488067677285,2081,HBD,,,,,,,,,,,,,,,,,,,,,,,,,,,,,,,,,,,,,,,,,,,,,,,,,,,,,,,,,,,,,,,,,,,,,,,,,,,,,
2025-10-10 14:04:44,,,,867488067677285,2082,HBD,,,,,,,,,,,,,,,,,,,,,,,,,,,,,,,,,,,,,,,,,,,,,,,,,,,,,,,,,,,,,,,,,,,,,,,,,,,,,
2025-10-10 14:06:45,,,,867488067677285,2083,HBD,,,,,,,,,,,,,,,,,,,,,,,,,,,,,,,,,,,,,,,,,,,,,,,,,,,,,,,,,,,,,,,,,,,,,,,,,,,,,
2025-10-10 14:08:45,,,,867488067677285,2084,HBD,,,,,,,,,,,,,,,,,,,,,,,,,,,,,,,,,,,,,,,,,,,,,,,,,,,,,,,,,,,,,,,,,,,,,,,,,,,,,
2025-10-10 14:10:46,,,,867488067677285,2085,HBD,,,,,,,,,,,,,,,,,,,,,,,,,,,,,,,,,,,,,,,,,,,,,,,,,,,,,,,,,,,,,,,,,,,,,,,,,,,,,
2025-10-10 14:12:46,,,,867488067677285,2086,HBD,,,,,,,,,,,,,,,,,,,,,,,,,,,,,,,,,,,,,,,,,,,,,,,,,,,,,,,,,,,,,,,,,,,,,,,,,,,,,
2025-10-10 14:14:47,,,,867488067677285,2087,HBD,,,,,,,,,,,,,,,,,,,,,,,,,,,,,,,,,,,,,,,,,,,,,,,,,,,,,,,,,,,,,,,,,,,,,,,,,,,,,
2025-10-10 14:16:47,,,,867488067677285,2088,HBD,,,,,,,,,,,,,,,,,,,,,,,,,,,,,,,,,,,,,,,,,,,,,,,,,,,,,,,,,,,,,,,,,,,,,,,,,,,,,
2025-10-10 14:18:48,,,,867488067677285,2089,HBD,,,,,,,,,,,,,,,,,,,,,,,,,,,,,,,,,,,,,,,,,,,,,,,,,,,,,,,,,,,,,,,,,,,,,,,,,,,,,
2025-10-10 14:20:48,,,,867488067677285,2090,HBD,,,,,,,,,,,,,,,,,,,,,,,,,,,,,,,,,,,,,,,,,,,,,,,,,,,,,,,,,,,,,,,,,,,,,,,,,,,,,
2025-10-10 14:22:48,,,,867488067677285,2091,HBD,,,,,,,,,,,,,,,,,,,,,,,,,,,,,,,,,,,,,,,,,,,,,,,,,,,,,,,,,,,,,,,,,,,,,,,,,,,,,
2025-10-10 14:24:49,,,,867488067677285,2092,HBD,,,,,,,,,,,,,,,,,,,,,,,,,,,,,,,,,,,,,,,,,,,,,,,,,,,,,,,,,,,,,,,,,,,,,,,,,,,,,
2025-10-10 14:26:49,,,,867488067677285,2093,HBD,,,,,,,,,,,,,,,,,,,,,,,,,,,,,,,,,,,,,,,,,,,,,,,,,,,,,,,,,,,,,,,,,,,,,,,,,,,,,
2025-10-10 14:28:50,,,,867488067677285,2094,HBD,,,,,,,,,,,,,,,,,,,,,,,,,,,,,,,,,,,,,,,,,,,,,,,,,,,,,,,,,,,,,,,,,,,,,,,,,,,,,
2025-10-10 14:30:50,,,,867488067677285,2095,HBD,,,,,,,,,,,,,,,,,,,,,,,,,,,,,,,,,,,,,,,,,,,,,,,,,,,,,,,,,,,,,,,,,,,,,,,,,,,,,
2025-10-10 14:32:51,,,,867488067677285,2096,HBD,,,,,,,,,,,,,,,,,,,,,,,,,,,,,,,,,,,,,,,,,,,,,,,,,,,,,,,,,,,,,,,,,,,,,,,,,,,,,
2025-10-10 14:34:51,,,,867488067677285,2097,HBD,,,,,,,,,,,,,,,,,,,,,,,,,,,,,,,,,,,,,,,,,,,,,,,,,,,,,,,,,,,,,,,,,,,,,,,,,,,,,
2025-10-10 14:36:52,,,,867488067677285,2098,HBD,,,,,,,,,,,,,,,,,,,,,,,,,,,,,,,,,,,,,,,,,,,,,,,,,,,,,,,,,,,,,,,,,,,,,,,,,,,,,
2025-10-10 14:38:52,,,,867488067677285,2099,HBD,,,,,,,,,,,,,,,,,,,,,,,,,,,,,,,,,,,,,,,,,,,,,,,,,,,,,,,,,,,,,,,,,,,,,,,,,,,,,
2025-10-10 14:40:53,,,,867488067677285,2100,HBD,,,,,,,,,,,,,,,,,,,,,,,,,,,,,,,,,,,,,,,,,,,,,,,,,,,,,,,,,,,,,,,,,,,,,,,,,,,,,
2025-10-10 14:42:53,,,,867488067677285,2101,HBD,,,,,,,,,,,,,,,,,,,,,,,,,,,,,,,,,,,,,,,,,,,,,,,,,,,,,,,,,,,,,,,,,,,,,,,,,,,,,
2025-10-10 14:44:54,,,,867488067677285,2102,HBD,,,,,,,,,,,,,,,,,,,,,,,,,,,,,,,,,,,,,,,,,,,,,,,,,,,,,,,,,,,,,,,,,,,,,,,,,,,,,
2025-10-10 14:46:54,,,,867488067677285,2103,HBD,,,,,,,,,,,,,,,,,,,,,,,,,,,,,,,,,,,,,,,,,,,,,,,,,,,,,,,,,,,,,,,,,,,,,,,,,,,,,
2025-10-10 14:48:55,,,,867488067677285,2104,HBD,,,,,,,,,,,,,,,,,,,,,,,,,,,,,,,,,,,,,,,,,,,,,,,,,,,,,,,,,,,,,,,,,,,,,,,,,,,,,
2025-10-10 14:50:55,,,,867488067677285,2105,HBD,,,,,,,,,,,,,,,,,,,,,,,,,,,,,,,,,,,,,,,,,,,,,,,,,,,,,,,,,,,,,,,,,,,,,,,,,,,,,
2025-10-10 14:52:56,,,,867488067677285,2106,HBD,,,,,,,,,,,,,,,,,,,,,,,,,,,,,,,,,,,,,,,,,,,,,,,,,,,,,,,,,,,,,,,,,,,,,,,,,,,,,
2025-10-10 14:54:56,,,,867488067677285,2107,HBD,,,,,,,,,,,,,,,,,,,,,,,,,,,,,,,,,,,,,,,,,,,,,,,,,,,,,,,,,,,,,,,,,,,,,,,,,,,,,
2025-10-10 14:56:57,,,,867488067677285,2108,HBD,,,,,,,,,,,,,,,,,,,,,,,,,,,,,,,,,,,,,,,,,,,,,,,,,,,,,,,,,,,,,,,,,,,,,,,,,,,,,
2025-10-10 14:58:57,,,,867488067677285,2109,HBD,,,,,,,,,,,,,,,,,,,,,,,,,,,,,,,,,,,,,,,,,,,,,,,,,,,,,,,,,,,,,,,,,,,,,,,,,,,,,
2025-10-10 15:00:58,,,,867488067677285,2110,HBD,,,,,,,,,,,,,,,,,,,,,,,,,,,,,,,,,,,,,,,,,,,,,,,,,,,,,,,,,,,,,,,,,,,,,,,,,,,,,
2025-10-10 15:01:54,2025-10-10 15:01:54,2025-10-10 14:59:30,2025-10-10 14:59:30,867488067677285,2111,GTERI,0x19fe3fbf,0x00028102,802003,0x8303,0x0115,100,13081,0000,-,00,00,11,9,9,-,01,01,0.0,0.0,137,137,487,487,-23.042058,-23.042058,-50.226466,-50.226466,0724,0005,bff7,068fb200,1.4,148.5,148.5,0:02:12,4:35:24,-,-,0,-,,,,,04,7,00000000,00,10,,,,,,,,,,,,,,,,,,,,,,,,,,,,
2025-10-10 15:02:58,,,,867488067677285,2112,HBD,,,,,,,,,,,,,,,,,,,,,,,,,,,,,,,,,,,,,,,,,,,,,,,,,,,,,,,,,,,,,,,,,,,,,,,,,,,,,
2025-10-10 15:04:59,,,,867488067677285,2113,HBD,,,,,,,,,,,,,,,,,,,,,,,,,,,,,,,,,,,,,,,,,,,,,,,,,,,,,,,,,,,,,,,,,,,,,,,,,,,,,
2025-10-10 15:06:59,,,,867488067677285,2114,HBD,,,,,,,,,,,,,,,,,,,,,,,,,,,,,,,,,,,,,,,,,,,,,,,,,,,,,,,,,,,,,,,,,,,,,,,,,,,,,
2025-10-10 15:08:59,,,,867488067677285,2115,HBD,,,,,,,,,,,,,,,,,,,,,,,,,,,,,,,,,,,,,,,,,,,,,,,,,,,,,,,,,,,,,,,,,,,,,,,,,,,,,
2025-10-10 15:11:00,,,,867488067677285,2116,HBD,,,,,,,,,,,,,,,,,,,,,,,,,,,,,,,,,,,,,,,,,,,,,,,,,,,,,,,,,,,,,,,,,,,,,,,,,,,,,
2025-10-10 15:13:01,,,,867488067677285,2117,HBD,,,,,,,,,,,,,,,,,,,,,,,,,,,,,,,,,,,,,,,,,,,,,,,,,,,,,,,,,,,,,,,,,,,,,,,,,,,,,
2025-10-10 15:14:01,,,,867488067677285,2118,HBD,,,,,,,,,,,,,,,,,,,,,,,,,,,,,,,,,,,,,,,,,,,,,,,,,,,,,,,,,,,,,,,,,,,,,,,,,,,,,
2025-10-10 15:16:01,,,,867488067677285,2119,HBD,,,,,,,,,,,,,,,,,,,,,,,,,,,,,,,,,,,,,,,,,,,,,,,,,,,,,,,,,,,,,,,,,,,,,,,,,,,,,
2025-10-10 15:18:02,,,,867488067677285,2120,HBD,,,,,,,,,,,,,,,,,,,,,,,,,,,,,,,,,,,,,,,,,,,,,,,,,,,,,,,,,,,,,,,,,,,,,,,,,,,,,
2025-10-10 15:20:02,,,,867488067677285,2121,HBD,,,,,,,,,,,,,,,,,,,,,,,,,,,,,,,,,,,,,,,,,,,,,,,,,,,,,,,,,,,,,,,,,,,,,,,,,,,,,
2025-10-10 15:22:03,,,,867488067677285,2122,HBD,,,,,,,,,,,,,,,,,,,,,,,,,,,,,,,,,,,,,,,,,,,,,,,,,,,,,,,,,,,,,,,,,,,,,,,,,,,,,
2025-10-10 15:24:03,,,,867488067677285,2123,HBD,,,,,,,,,,,,,,,,,,,,,,,,,,,,,,,,,,,,,,,,,,,,,,,,,,,,,,,,,,,,,,,,,,,,,,,,,,,,,
2025-10-10 15:26:04,,,,867488067677285,2124,HBD,,,,,,,,,,,,,,,,,,,,,,,,,,,,,,,,,,,,,,,,,,,,,,,,,,,,,,,,,,,,,,,,,,,,,,,,,,,,,
2025-10-10 15:28:04,,,,867488067677285,2125,HBD,,,,,,,,,,,,,,,,,,,,,,,,,,,,,,,,,,,,,,,,,,,,,,,,,,,,,,,,,,,,,,,,,,,,,,,,,,,,,
2025-10-10 15:30:05,,,,867488067677285,2126,HBD,,,,,,,,,,,,,,,,,,,,,,,,,,,,,,,,,,,,,,,,,,,,,,,,,,,,,,,,,,,,,,,,,,,,,,,,,,,,,
2025-10-10 15:32:05,,,,867488067677285,2127,HBD,,,,,,,,,,,,,,,,,,,,,,,,,,,,,,,,,,,,,,,,,,,,,,,,,,,,,,,,,,,,,,,,,,,,,,,,,,,,,
2025-10-10 15:34:06,,,,867488067677285,2128,HBD,,,,,,,,,,,,,,,,,,,,,,,,,,,,,,,,,,,,,,,,,,,,,,,,,,,,,,,,,,,,,,,,,,,,,,,,,,,,,
2025-10-10 15:35:23,2025-10-10 15:35:23,2025-10-10 14:59:30,2025-10-10 12:56:44,867488067677285,2130,GTIGN,0x19fe7fbf,,802003,0x8303,0x0115,100,12852,0000,0000,01,00,21,9,12,9504,00,01,0.0,35.1,137,138,487,487,-23.042058,-23.041827,-50.226466,-50.226669,0724,0005,bff7,068fb200,0.0,148.5,148.5,0:00:00,4:35:24,-,-,0,-,,,,,,,,,,,,,,,,,,,,,,,,,,,,,,,,,,,,,
2025-10-10 15:35:23,2025-10-10 15:35:23,2025-10-10 14:59:30,2025-10-10 14:59:30,867488067677285,2131,GTSTT,0x19fe7fbf,,802003,0x8303,0x0115,100,12852,0000,0000,01,00,21,9,9,-,00,00,0.0,0.0,137,137,487,487,-23.042058,-23.042058,-50.226466,-50.226466,0724,0005,bff7,068fb200,0.0,148.5,148.5,0:00:00,4:35:24,-,-,0,-,,,,,,,,,,,,,,,,,,,,,,,,,,,,,,,,,,,,,
2025-10-10 15:35:31,2025-10-10 15:35:31,2025-10-10 14:59:30,2025-10-10 14:59:30,867488067677285,2132,GTSTT,0x19fe7fbf,,802003,0x8303,0x0115,100,13905,0000,0000,01,00,22,9,9,-,00,00,0.0,0.0,137,137,487,487,-23.042058,-23.042058,-50.226466,-50.226466,0724,0005,bff7,068fb200,0.0,148.5,148.5,0:00:06,4:35:30,-,-,0,-,,,,,,,,,,,,,,,,,,,,,,,,,,,,,,,,,,,,,
2025-10-10 15:35:49,2025-10-10 15:35:49,2025-10-10 15:35:49,2025-10-10 15:35:49,867488067677285,2133,GTERI,0x19fe3fbf,0x00028102,802003,0x8303,0x0115,100,14004,0000,-,01,00,22,7,7,-,01,01,8.6,8.6,78,78,491,491,-23.042359,-23.042359,-50.22604,-50.22604,0724,0005,bff7,068fb200,0.1,148.6,148.6,0:00:24,4:35:48,-,-,0,-,,,,,04,7,00000000,00,10,,,,,,,,,,,,,,,,,,,,,,,,,,,,
2025-10-10 15:35:49,2025-10-10 15:35:49,2025-10-10 15:35:49,2025-10-10 15:35:49,867488067677285,2134,GTIGL,0x19fe7fbf,,802003,0x8303,0x0115,100,14004,0000,0000,01,00,22,7,7,-,01,01,8.6,8.6,78,78,491,491,-23.042359,-23.042359,-50.22604,-50.22604,0724,0005,bff7,068fb200,0.1,148.6,148.6,0:00:24,4:35:48,-,-,0,-,,,,,,,,,00,,,,,,,,,,,,,,,,,,,,,,,,,,,,
2025-10-10 15:36:06,,,,867488067677285,2135,HBD,,,,,,,,,,,,,,,,,,,,,,,,,,,,,,,,,,,,,,,,,,,,,,,,,,,,,,,,,,,,,,,,,,,,,,,,,,,,,
2025-10-10 15:38:07,,,,867488067677285,2137,HBD,,,,,,,,,,,,,,,,,,,,,,,,,,,,,,,,,,,,,,,,,,,,,,,,,,,,,,,,,,,,,,,,,,,,,,,,,,,,,
2025-10-10 15:38:24,2025-10-10 15:38:24,2025-10-10 15:38:23,2025-10-10 15:36:56,867488067677285,2138,GTBTC,0x19fe7fbf,,802003,0x8303,0x0115,100,14010,0000,0000,01,00,22,9,9,-,01,01,8.9,41.1,325,44,465,472,-23.037854,-23.040643,-50.223171,-50.224485,0724,0005,bff7,068fb204,0.7,149.3,148.8,0:03:00,4:38:24,-,-,0,-,,,,,,,,,,,,,,,,,,,,,,,,,,,,,,,,,,,,,
2025-10-10 15:38:30,2025-10-10 15:38:30,2025-10-10 15:38:28,2025-10-10 15:38:24,867488067677285,2139,GTERI,0x19fe3fbf,0x00028102,802003,0x8303,0x0115,100,13828,0000,-,01,00,22,9,9,-,01,01,2.2,4.3,336,328,465,465,-23.037832,-23.037843,-50.223183,-50.223179,0724,0005,bff7,068fb204,0.7,149.3,149.3,0:03:06,4:38:30,-,-,0,-,,,,,04,3,00000000,00,10,,,,,,,,,,,,,,,,,,,,,,,,,,,,
2025-10-10 15:39:25,,,,867488067677285,2141,ACK,,,,,,,,,,,,,,,,,,,,,,,,,,,,,,,,,,,,,,,,,,,,,,,,,,,,,,,,,,,,,,,,,,,,,,,,,,,,,
2025-10-10 15:39:25,,,,867488067677285,2142,ACK,,,,,,,,,,,,,,,,,,,,,,,,,,,,,,,,,,,,,,,,,,,,,,,,,,,,,,,,,,,,,,,,,,,,,,,,,,,,,
2025-10-10 15:39:26,,,,867488067677285,2143,ACK,,,,,,,,,,,,,,,,,,,,,,,,,,,,,,,,,,,,,,,,,,,,,,,,,,,,,,,,,,,,,,,,,,,,,,,,,,,,,
2025-10-10 15:39:54,2025-10-10 15:39:54,2025-10-10 15:39:54,2025-10-10 15:38:36,867488067677285,2144,GTSTT,0x19fe7fbf,,802003,0x8303,0x0115,100,13999,0000,0000,01,00,21,12,9,-,01,01,0.0,6.5,336,57,468,466,-23.037741,-23.037766,-50.223101,-50.223139,0724,0005,bff7,068fb204,0.8,149.3,149.3,0:04:30,4:39:54,-,-,0,-,,,,,,,,,,,,,,,,,,,,,,,,,,,,,,,,,,,,,
2025-10-10 15:40:07,,,,867488067677285,2145,HBD,,,,,,,,,,,,,,,,,,,,,,,,,,,,,,,,,,,,,,,,,,,,,,,,,,,,,,,,,,,,,,,,,,,,,,,,,,,,,
2025-10-10 15:41:30,2025-10-10 15:41:30,2025-10-10 15:41:29,2025-10-10 15:41:30,867488067677285,2147,GTERI,0x19fe3fbf,0x00028102,802003,0x8303,0x0115,100,13839,0000,-,01,00,21,12,12,-,01,01,0.0,0.0,336,336,468,468,-23.037741,-23.037741,-50.223101,-50.223101,0724,0005,bff7,068fb204,0.8,149.3,149.3,0:06:06,4:41:30,-,-,0,-,,,,,04,3,00000000,00,10,,,,,,,,,,,,,,,,,,,,,,,,,,,,
2025-10-10 15:42:08,,,,867488067677285,2148,HBD,,,,,,,,,,,,,,,,,,,,,,,,,,,,,,,,,,,,,,,,,,,,,,,,,,,,,,,,,,,,,,,,,,,,,,,,,,,,,
2025-10-10 15:42:45,2025-10-10 15:42:45,2025-10-10 15:42:44,2025-10-10 15:42:44,867488067677285,2149,GTSTT,0x19fe7fbf,,802003,0x8303,0x0115,100,13962,0000,0000,01,00,22,12,12,-,01,01,0.0,0.0,336,336,468,468,-23.037741,-23.037741,-50.223101,-50.223101,0724,0005,bff7,068fb204,0.8,149.3,149.3,0:07:21,4:42:45,-,-,0,-,,,,,,,,,,,,,,,,,,,,,,,,,,,,,,,,,,,,,
2025-10-10 15:44:08,,,,867488067677285,2151,HBD,,,,,,,,,,,,,,,,,,,,,,,,,,,,,,,,,,,,,,,,,,,,,,,,,,,,,,,,,,,,,,,,,,,,,,,,,,,,,
2025-10-10 15:44:30,2025-10-10 15:44:30,2025-10-10 15:44:28,2025-10-10 15:43:08,867488067677285,2152,GTERI,0x19fe3fbf,0x00028102,802003,0x8303,0x0115,100,13982,0000,-,01,00,22,12,12,-,01,01,9.2,26.7,218,143,474,472,-23.039845,-23.038018,-50.223514,-50.222483,0724,0005,bff7,068fb204,1.1,149.6,149.4,0:09:06,4:44:30,-,-,0,-,,,,,04,3,00000000,00,10,,,,,,,,,,,,,,,,,,,,,,,,,,,,
2025-10-10 15:44:55,2025-10-10 15:44:56,2025-10-10 15:44:55,2025-10-10 15:44:45,867488067677285,2153,GTSTC,0x19fe7fbf,,802003,0x8303,0x0115,100,13982,0000,0000,01,00,22,12,12,-,01,01,28.2,28.7,224,229,472,474,-23.040595,-23.040217,-50.22435,-50.223939,0724,0005,bff7,068fb204,1.3,149.8,149.7,0:09:30,4:44:54,-,-,0,-,,,,,,,,,,,,,,,,,,,,,,,,,,,,,,,,,,,,,
2025-10-10 15:46:09,,,,867488067677285,2155,HBD,,,,,,,,,,,,,,,,,,,,,,,,,,,,,,,,,,,,,,,,,,,,,,,,,,,,,,,,,,,,,,,,,,,,,,,,,,,,,
2025-10-10 15:46:41,2025-10-10 15:46:41,2025-10-10 15:46:41,2025-10-10 15:46:41,867488067677285,2156,GTIGF,0x19fe7fbf,,802003,0x8303,0x0115,100,13929,0000,0000,00,00,12,12,12,678,01,01,0.0,0.0,218,218,481,481,-23.042072,-23.042072,-50.226448,-50.226448,0724,0005,bff7,068fb204,1.6,150.1,150.1,0:11:15,4:46:39,-,-,0,-,,,,,,,,,,,,,,,,,,,,,,,,,,,,,,,,,,,,,
2025-10-10 15:46:41,2025-10-10 15:46:41,2025-10-10 15:46:41,2025-10-10 15:46:41,867488067677285,2157,GTSTT,0x19fe7fbf,,802003,0x8303,0x0115,100,13929,0000,0000,00,00,12,12,12,-,01,01,0.0,0.0,218,218,481,481,-23.042072,-23.042072,-50.226448,-50.226448,0724,0005,bff7,068fb204,1.6,150.1,150.1,0:11:15,4:46:39,-,-,0,-,,,,,,,,,,,,,,,,,,,,,,,,,,,,,,,,,,,,,
2025-10-10 15:46:42,,,,867488067677285,2158,ACK,,,,,,,,,,,,,,,,,,,,,,,,,,,,,,,,,,,,,,,,,,,,,,,,,,,,,,,,,,,,,,,,,,,,,,,,,,,,,
2025-10-10 15:46:42,,,,867488067677285,2159,ACK,,,,,,,,,,,,,,,,,,,,,,,,,,,,,,,,,,,,,,,,,,,,,,,,,,,,,,,,,,,,,,,,,,,,,,,,,,,,,
2025-10-10 15:46:43,2025-10-10 15:46:42,2025-10-10 15:46:42,2025-10-10 15:46:42,867488067677285,2160,GTIGL,0x19fe7fbf,,802003,0x8303,0x0115,100,13929,0000,0000,00,00,12,12,12,-,01,01,0.0,0.0,218,218,481,481,-23.042072,-23.042072,-50.226448,-50.226448,0724,0005,bff7,068fb204,1.6,150.1,150.1,0:11:15,4:46:39,-,-,0,-,,,,,,,,,01,,,,,,,,,,,,,,,,,,,,,,,,,,,,
2025-10-10 15:46:50,2025-10-10 15:46:50,2025-10-10 15:46:50,2025-10-10 15:46:50,867488067677285,2161,GTSTT,0x19fe7fbf,,802003,0x8303,0x0115,100,13025,0000,0000,00,00,11,12,12,-,01,01,0.0,0.0,218,218,481,481,-23.042072,-23.042072,-50.226448,-50.226448,0724,0005,bff7,068fb204,1.6,150.1,150.1,0:11:15,4:46:39,-,-,0,-,,,,,,,,,,,,,,,,,,,,,,,,,,,,,,,,,,,,,
2025-10-10 15:47:30,2025-10-10 15:47:30,2025-10-10 15:47:28,2025-10-10 15:47:28,867488067677285,2163,GTERI,0x19fe3fbf,0x00028102,802003,0x8303,0x0115,100,12903,0000,-,00,00,11,12,12,-,01,01,0.0,0.0,218,218,481,481,-23.042072,-23.042072,-50.226448,-50.226448,0724,0005,bff7,068fb204,1.6,150.1,150.1,0:11:15,4:46:39,-,-,0,-,,,,,04,3,00000000,00,10,,,,,,,,,,,,,,,,,,,,,,,,,,,,
2025-10-10 15:48:09,,,,867488067677285,2164,HBD,,,,,,,,,,,,,,,,,,,,,,,,,,,,,,,,,,,,,,,,,,,,,,,,,,,,,,,,,,,,,,,,,,,,,,,,,,,,,
2025-10-10 15:50:10,,,,867488067677285,2166,HBD,,,,,,,,,,,,,,,,,,,,,,,,,,,,,,,,,,,,,,,,,,,,,,,,,,,,,,,,,,,,,,,,,,,,,,,,,,,,,
2025-10-10 15:50:30,2025-10-10 15:50:30,2025-10-10 15:50:28,2025-10-10 15:50:28,867488067677285,2167,GTERI,0x19fe3fbf,0x00028102,802003,0x8303,0x0115,100,13018,0000,-,00,00,11,12,12,-,01,01,0.0,0.0,218,218,481,481,-23.042072,-23.042072,-50.226448,-50.226448,0724,0005,bff7,068fb204,1.6,150.1,150.1,0:11:15,4:46:39,-,-,0,-,,,,,04,3,00000000,00,10,,,,,,,,,,,,,,,,,,,,,,,,,,,,
2025-10-10 15:51:52,2025-10-10 15:51:29,2025-10-10 15:51:29,2025-10-10 15:51:29,867488067677285,2169,GTPDP,0x19fe7fbf,,802003,0x8303,0x0115,100,13026,0000,0000,00,00,11,12,12,-,01,01,0.0,0.0,218,218,481,481,-23.042072,-23.042072,-50.226448,-50.226448,0000,0000,0000,00000000,1.6,150.1,150.1,0:11:15,4:46:39,-,-,0,-,,,,,,,,,,,,,,,,,,,,,,,,,,,,,,,,,,,,,
2025-10-10 15:51:52,,,,867488067677285,2171,HBD,,,,,,,,,,,,,,,,,,,,,,,,,,,,,,,,,,,,,,,,,,,,,,,,,,,,,,,,,,,,,,,,,,,,,,,,,,,,,
2025-10-10 15:51:53,2025-10-10 15:51:42,2025-10-10 15:51:42,2025-10-10 15:51:42,867488067677285,2172,GTERI,0x19fe3fbf,0x00028102,802003,0x8303,0x0115,100,12972,0000,-,00,00,11,12,12,-,01,01,0.0,0.0,218,218,481,481,-23.042072,-23.042072,-50.226448,-50.226448,0724,0003,7c9b,0187140e,1.6,150.1,150.1,0:11:15,4:46:39,-,-,0,-,,,,,04,28,00000000,00,10,,,,,,,,,,,,,,,,,,,,,,,,,,,,
2025-10-10 15:54:11,,,,867488067677285,2173,HBD,,,,,,,,,,,,,,,,,,,,,,,,,,,,,,,,,,,,,,,,,,,,,,,,,,,,,,,,,,,,,,,,,,,,,,,,,,,,,
2025-10-10 15:56:12,,,,867488067677285,2174,HBD,,,,,,,,,,,,,,,,,,,,,,,,,,,,,,,,,,,,,,,,,,,,,,,,,,,,,,,,,,,,,,,,,,,,,,,,,,,,,
2025-10-10 15:58:12,,,,867488067677285,2175,HBD,,,,,,,,,,,,,,,,,,,,,,,,,,,,,,,,,,,,,,,,,,,,,,,,,,,,,,,,,,,,,,,,,,,,,,,,,,,,,
2025-10-10 16:00:32,,,,867488067677285,2176,HBD,,,,,,,,,,,,,,,,,,,,,,,,,,,,,,,,,,,,,,,,,,,,,,,,,,,,,,,,,,,,,,,,,,,,,,,,,,,,,
2025-10-10 16:02:13,,,,867488067677285,2177,HBD,,,,,,,,,,,,,,,,,,,,,,,,,,,,,,,,,,,,,,,,,,,,,,,,,,,,,,,,,,,,,,,,,,,,,,,,,,,,,
2025-10-10 16:04:13,,,,867488067677285,2178,HBD,,,,,,,,,,,,,,,,,,,,,,,,,,,,,,,,,,,,,,,,,,,,,,,,,,,,,,,,,,,,,,,,,,,,,,,,,,,,,
2025-10-10 16:06:13,,,,867488067677285,2179,HBD,,,,,,,,,,,,,,,,,,,,,,,,,,,,,,,,,,,,,,,,,,,,,,,,,,,,,,,,,,,,,,,,,,,,,,,,,,,,,
2025-10-10 16:08:14,,,,867488067677285,2180,HBD,,,,,,,,,,,,,,,,,,,,,,,,,,,,,,,,,,,,,,,,,,,,,,,,,,,,,,,,,,,,,,,,,,,,,,,,,,,,,
2025-10-10 16:10:14,,,,867488067677285,2181,HBD,,,,,,,,,,,,,,,,,,,,,,,,,,,,,,,,,,,,,,,,,,,,,,,,,,,,,,,,,,,,,,,,,,,,,,,,,,,,,
2025-10-10 16:12:15,,,,867488067677285,2182,HBD,,,,,,,,,,,,,,,,,,,,,,,,,,,,,,,,,,,,,,,,,,,,,,,,,,,,,,,,,,,,,,,,,,,,,,,,,,,,,
2025-10-10 16:14:15,,,,867488067677285,2183,HBD,,,,,,,,,,,,,,,,,,,,,,,,,,,,,,,,,,,,,,,,,,,,,,,,,,,,,,,,,,,,,,,,,,,,,,,,,,,,,
2025-10-10 16:16:16,,,,867488067677285,2184,HBD,,,,,,,,,,,,,,,,,,,,,,,,,,,,,,,,,,,,,,,,,,,,,,,,,,,,,,,,,,,,,,,,,,,,,,,,,,,,,
2025-10-10 16:18:16,,,,867488067677285,2185,HBD,,,,,,,,,,,,,,,,,,,,,,,,,,,,,,,,,,,,,,,,,,,,,,,,,,,,,,,,,,,,,,,,,,,,,,,,,,,,,
2025-10-10 16:20:17,,,,867488067677285,2186,HBD,,,,,,,,,,,,,,,,,,,,,,,,,,,,,,,,,,,,,,,,,,,,,,,,,,,,,,,,,,,,,,,,,,,,,,,,,,,,,
2025-10-10 16:22:17,,,,867488067677285,2187,HBD,,,,,,,,,,,,,,,,,,,,,,,,,,,,,,,,,,,,,,,,,,,,,,,,,,,,,,,,,,,,,,,,,,,,,,,,,,,,,
2025-10-10 16:24:18,,,,867488067677285,2188,HBD,,,,,,,,,,,,,,,,,,,,,,,,,,,,,,,,,,,,,,,,,,,,,,,,,,,,,,,,,,,,,,,,,,,,,,,,,,,,,
2025-10-10 16:26:18,,,,867488067677285,2189,HBD,,,,,,,,,,,,,,,,,,,,,,,,,,,,,,,,,,,,,,,,,,,,,,,,,,,,,,,,,,,,,,,,,,,,,,,,,,,,,
2025-10-10 16:28:19,,,,867488067677285,2190,HBD,,,,,,,,,,,,,,,,,,,,,,,,,,,,,,,,,,,,,,,,,,,,,,,,,,,,,,,,,,,,,,,,,,,,,,,,,,,,,
2025-10-10 16:30:19,,,,867488067677285,2191,HBD,,,,,,,,,,,,,,,,,,,,,,,,,,,,,,,,,,,,,,,,,,,,,,,,,,,,,,,,,,,,,,,,,,,,,,,,,,,,,
2025-10-10 16:32:20,,,,867488067677285,2192,HBD,,,,,,,,,,,,,,,,,,,,,,,,,,,,,,,,,,,,,,,,,,,,,,,,,,,,,,,,,,,,,,,,,,,,,,,,,,,,,
2025-10-10 16:34:20,,,,867488067677285,2193,HBD,,,,,,,,,,,,,,,,,,,,,,,,,,,,,,,,,,,,,,,,,,,,,,,,,,,,,,,,,,,,,,,,,,,,,,,,,,,,,
2025-10-10 16:36:21,,,,867488067677285,2194,HBD,,,,,,,,,,,,,,,,,,,,,,,,,,,,,,,,,,,,,,,,,,,,,,,,,,,,,,,,,,,,,,,,,,,,,,,,,,,,,
2025-10-10 16:38:21,,,,867488067677285,2195,HBD,,,,,,,,,,,,,,,,,,,,,,,,,,,,,,,,,,,,,,,,,,,,,,,,,,,,,,,,,,,,,,,,,,,,,,,,,,,,,
2025-10-10 16:40:22,,,,867488067677285,2196,HBD,,,,,,,,,,,,,,,,,,,,,,,,,,,,,,,,,,,,,,,,,,,,,,,,,,,,,,,,,,,,,,,,,,,,,,,,,,,,,
2025-10-10 16:42:22,,,,867488067677285,2197,HBD,,,,,,,,,,,,,,,,,,,,,,,,,,,,,,,,,,,,,,,,,,,,,,,,,,,,,,,,,,,,,,,,,,,,,,,,,,,,,
2025-10-10 16:44:23,,,,867488067677285,2198,HBD,,,,,,,,,,,,,,,,,,,,,,,,,,,,,,,,,,,,,,,,,,,,,,,,,,,,,,,,,,,,,,,,,,,,,,,,,,,,,
2025-10-10 16:44:23,,,,867488067677285,,AT+GTRTO,,,,,,,,,,,,,,,,,,,,,,,,,,,,,,,,,,,,,,,,,,,,,,,,,,,,,,,,,,,,,,,,,,,,,,,,,,,,,
2025-10-10 16:44:23,,,,867488067677285,2199,ACK,,,,,,,,,,,,,,,,,,,,,,,,,,,,,,,,,,,,,,,,,,,,,,,,,,,,,,,,,,,,,,,,,,,,,,,,,,,,,
2025-10-10 16:44:23,,,,2200,+RESP:GTALM:CFG,,,,,,,,,,,,,,,,,,,,,,,,,,,,,,,,,,,+RESP:GTALM,8020038303,867488067677285,,,1,1,CFG,K7mP9nQ3xR8vL6wF2A,GV58CG,1,150.1,,,003F,2,01,0003BDEF,0,0,1,86400,11,1,1,2,001F,5,,12,HRM,,,6F,19FE7FBF,19FE7FBF,50924CFFFD,EF,6F,7D,7BF,,20251010194423,0898$
2025-10-10 16:46:23,,,,867488067677285,2201,HBD,,,,,,,,,,,,,,,,,,,,,,,,,,,,,,,,,,,,,,,,,,,,,,,,,,,,,,,,,,,,,,,,,,,,,,,,,,,,,
2025-10-10 16:48:23,,,,867488067677285,2202,HBD,,,,,,,,,,,,,,,,,,,,,,,,,,,,,,,,,,,,,,,,,,,,,,,,,,,,,,,,,,,,,,,,,,,,,,,,,,,,,
2025-10-10 16:50:24,,,,867488067677285,2203,HBD,,,,,,,,,,,,,,,,,,,,,,,,,,,,,,,,,,,,,,,,,,,,,,,,,,,,,,,,,,,,,,,,,,,,,,,,,,,,,
2025-10-10 16:51:37,,,,867488067677285,2204,HBD,,,,,,,,,,,,,,,,,,,,,,,,,,,,,,,,,,,,,,,,,,,,,,,,,,,,,,,,,,,,,,,,,,,,,,,,,,,,,
2025-10-10 16:51:37,2025-10-10 16:51:37,2025-10-10 16:49:10,2025-10-10 16:49:10,867488067677285,2205,GTERI,0x19fe3fbf,0x00028102,802003,0x8303,0x0115,100,13007,0000,-,00,00,11,12,12,-,01,01,0.0,0.0,218,218,481,481,-23.042072,-23.042072,-50.226448,-50.226448,0724,0004,8649,0f697715,1.6,150.1,150.1,0:11:15,4:46:39,-,-,0,-,,,,,04,1,00000000,00,10,,,,,,,,,,,,,,,,,,,,,,,,,,,,
2025-10-10 16:54:25,,,,867488067677285,2206,HBD,,,,,,,,,,,,,,,,,,,,,,,,,,,,,,,,,,,,,,,,,,,,,,,,,,,,,,,,,,,,,,,,,,,,,,,,,,,,,
2025-10-10 16:56:25,,,,867488067677285,2207,HBD,,,,,,,,,,,,,,,,,,,,,,,,,,,,,,,,,,,,,,,,,,,,,,,,,,,,,,,,,,,,,,,,,,,,,,,,,,,,,
2025-10-10 16:58:26,,,,867488067677285,2208,HBD,,,,,,,,,,,,,,,,,,,,,,,,,,,,,,,,,,,,,,,,,,,,,,,,,,,,,,,,,,,,,,,,,,,,,,,,,,,,,
2025-10-10 17:00:26,,,,867488067677285,2209,HBD,,,,,,,,,,,,,,,,,,,,,,,,,,,,,,,,,,,,,,,,,,,,,,,,,,,,,,,,,,,,,,,,,,,,,,,,,,,,,
2025-10-10 17:02:27,,,,867488067677285,2210,HBD,,,,,,,,,,,,,,,,,,,,,,,,,,,,,,,,,,,,,,,,,,,,,,,,,,,,,,,,,,,,,,,,,,,,,,,,,,,,,
2025-10-10 17:04:27,,,,867488067677285,2211,HBD,,,,,,,,,,,,,,,,,,,,,,,,,,,,,,,,,,,,,,,,,,,,,,,,,,,,,,,,,,,,,,,,,,,,,,,,,,,,,
2025-10-10 17:06:28,,,,867488067677285,2212,HBD,,,,,,,,,,,,,,,,,,,,,,,,,,,,,,,,,,,,,,,,,,,,,,,,,,,,,,,,,,,,,,,,,,,,,,,,,,,,,
2025-10-10 17:08:28,,,,867488067677285,2213,HBD,,,,,,,,,,,,,,,,,,,,,,,,,,,,,,,,,,,,,,,,,,,,,,,,,,,,,,,,,,,,,,,,,,,,,,,,,,,,,
2025-10-10 17:10:28,,,,867488067677285,2214,HBD,,,,,,,,,,,,,,,,,,,,,,,,,,,,,,,,,,,,,,,,,,,,,,,,,,,,,,,,,,,,,,,,,,,,,,,,,,,,,
2025-10-10 17:10:42,2025-10-10 17:10:42,2025-10-10 16:49:10,2025-10-10 15:44:57,867488067677285,2216,GTIGN,0x19fe7fbf,,802003,0x8303,0x0115,100,12786,0000,0000,01,00,22,12,12,5041,00,01,0.0,29.3,218,226,481,472,-23.042072,-23.040698,-50.226448,-50.224461,0724,0004,8649,0f697715,0.0,150.1,149.8,0:00:00,4:46:39,-,-,0,-,,,,,,,,,,,,,,,,,,,,,,,,,,,,,,,,,,,,,
2025-10-10 17:10:42,2025-10-10 17:10:42,2025-10-10 16:49:10,2025-10-10 16:49:10,867488067677285,2217,GTSTT,0x19fe7fbf,,802003,0x8303,0x0115,100,12786,0000,0000,01,00,22,12,12,-,00,00,0.0,0.0,218,218,481,481,-23.042072,-23.042072,-50.226448,-50.226448,0724,0004,8649,0f697715,0.0,150.1,150.1,0:00:00,4:46:39,-,-,0,-,,,,,,,,,,,,,,,,,,,,,,,,,,,,,,,,,,,,,
2025-10-10 17:10:53,2025-10-10 17:10:53,2025-10-10 17:10:53,2025-10-10 17:10:53,867488067677285,2218,GTERI,0x19fe3fbf,0x00028102,802003,0x8303,0x0115,100,13973,0000,-,01,00,22,12,12,-,01,01,6.6,6.6,163,163,468,468,-23.042308,-23.042308,-50.226205,-50.226205,0724,0004,8649,0f697715,0.0,150.1,150.1,0:00:09,4:46:48,-,-,0,-,,,,,04,1,00000000,00,10,,,,,,,,,,,,,,,,,,,,,,,,,,,,
2025-10-10 17:10:53,2025-10-10 17:10:53,2025-10-10 17:10:53,2025-10-10 17:10:53,867488067677285,2219,GTIGL,0x19fe7fbf,,802003,0x8303,0x0115,100,13973,0000,0000,01,00,22,12,12,-,01,01,6.6,6.6,163,163,468,468,-23.042308,-23.042308,-50.226205,-50.226205,0724,0004,8649,0f697715,0.0,150.1,150.1,0:00:09,4:46:48,-,-,0,-,,,,,,,,,00,,,,,,,,,,,,,,,,,,,,,,,,,,,,
2025-10-10 17:12:29,,,,867488067677285,2220,HBD,,,,,,,,,,,,,,,,,,,,,,,,,,,,,,,,,,,,,,,,,,,,,,,,,,,,,,,,,,,,,,,,,,,,,,,,,,,,,
2025-10-10 17:12:57,2025-10-10 17:12:57,2025-10-10 17:12:57,2025-10-10 17:11:13,867488067677285,2222,GTSTT,0x19fe7fbf,,802003,0x8303,0x0115,100,14010,0000,0000,01,00,21,12,12,-,01,01,0.0,40.9,163,226,493,484,-23.044978,-23.043033,-50.227247,-50.227122,0724,0004,8649,0f69770a,0.4,150.5,150.3,0:02:15,4:48:54,-,-,0,-,,,,,,,,,,,,,,,,,,,,,,,,,,,,,,,,,,,,,
2025-10-10 17:13:13,2025-10-10 17:13:13,2025-10-10 17:13:12,2025-10-10 17:13:12,867488067677285,2223,GTSTT,0x19fe7fbf,,802003,0x8303,0x0115,100,13869,0000,0000,01,00,22,12,12,-,01,01,0.0,0.0,163,163,493,493,-23.044978,-23.044978,-50.227247,-50.227247,0724,0004,8649,0f69770a,0.4,150.5,150.5,0:02:30,4:49:09,-,-,0,-,,,,,,,,,,,,,,,,,,,,,,,,,,,,,,,,,,,,,
2025-10-10 17:13:42,,,,867488067677285,2224,HBD,,,,,,,,,,,,,,,,,,,,,,,,,,,,,,,,,,,,,,,,,,,,,,,,,,,,,,,,,,,,,,,,,,,,,,,,,,,,,
2025-10-10 17:13:42,2025-10-10 17:13:42,2025-10-10 17:13:41,2025-10-10 17:13:33,867488067677285,2225,GTBTC,0x19fe7fbf,,802003,0x8303,0x0115,100,14041,0000,0000,01,00,22,12,12,-,01,01,2.5,12.7,299,308,493,494,-23.044828,-23.044897,-50.227517,-50.227391,0724,0004,8649,0f69770a,0.5,150.6,150.5,0:03:00,4:49:39,-,-,0,-,,,,,,,,,,,,,,,,,,,,,,,,,,,,,,,,,,,,,
2025-10-10 17:13:48,2025-10-10 17:13:48,2025-10-10 17:13:46,2025-10-10 17:13:42,867488067677285,2226,GTERI,0x19fe3fbf,0x00028102,802003,0x8303,0x0115,100,13996,0000,-,01,00,22,12,12,-,01,01,0.0,2.4,306,306,493,493,-23.044824,-23.044824,-50.227522,-50.227522,0724,0004,8649,0f69770a,0.5,150.6,150.6,0:03:06,4:49:45,-,-,0,-,,,,,04,3,00000000,00,10,,,,,,,,,,,,,,,,,,,,,,,,,,,,
2025-10-10 17:14:37,2025-10-10 17:14:37,2025-10-10 17:14:37,2025-10-10 17:13:49,867488067677285,2227,GTSTT,0x19fe7fbf,,802003,0x8303,0x0115,100,13977,0000,0000,01,00,21,12,12,-,01,01,0.0,2.8,306,122,492,493,-23.044839,-23.044827,-50.227526,-50.227525,0724,0004,8649,0f79ea0d,0.5,150.6,150.6,0:03:54,4:50:33,-,-,0,-,,,,,,,,,,,,,,,,,,,,,,,,,,,,,,,,,,,,,
2025-10-10 17:14:46,,,,867488067677285,2229,ACK,,,,,,,,,,,,,,,,,,,,,,,,,,,,,,,,,,,,,,,,,,,,,,,,,,,,,,,,,,,,,,,,,,,,,,,,,,,,,
2025-10-10 17:14:46,,,,867488067677285,2230,ACK,,,,,,,,,,,,,,,,,,,,,,,,,,,,,,,,,,,,,,,,,,,,,,,,,,,,,,,,,,,,,,,,,,,,,,,,,,,,,
2025-10-10 17:14:46,,,,867488067677285,2231,ACK,,,,,,,,,,,,,,,,,,,,,,,,,,,,,,,,,,,,,,,,,,,,,,,,,,,,,,,,,,,,,,,,,,,,,,,,,,,,,
2025-10-10 17:16:30,,,,867488067677285,2232,HBD,,,,,,,,,,,,,,,,,,,,,,,,,,,,,,,,,,,,,,,,,,,,,,,,,,,,,,,,,,,,,,,,,,,,,,,,,,,,,
2025-10-10 17:16:48,2025-10-10 17:16:48,2025-10-10 17:16:46,2025-10-10 17:16:47,867488067677285,2234,GTERI,0x19fe3fbf,0x00028102,802003,0x8303,0x0115,100,13983,0000,-,01,00,21,12,12,-,01,01,0.0,0.0,306,306,492,492,-23.044839,-23.044839,-50.227526,-50.227526,0724,0004,8649,0f79ea0d,0.5,150.6,150.6,0:06:06,4:52:45,-,-,0,-,,,,,04,28,00000000,00,10,,,,,,,,,,,,,,,,,,,,,,,,,,,,
2025-10-10 17:18:30,,,,867488067677285,2235,HBD,,,,,,,,,,,,,,,,,,,,,,,,,,,,,,,,,,,,,,,,,,,,,,,,,,,,,,,,,,,,,,,,,,,,,,,,,,,,,
2025-10-10 17:18:50,2025-10-10 17:18:50,2025-10-10 17:18:49,2025-10-10 17:18:49,867488067677285,2237,GTSTC,0x19fe7fbf,,802003,0x8303,0x0115,100,13851,0000,0000,01,00,21,12,12,-,01,01,0.0,0.0,306,306,492,492,-23.044839,-23.044839,-50.227526,-50.227526,0724,0004,8649,0f79ea0d,0.5,150.6,150.6,0:08:06,4:54:45,-,-,0,-,,,,,,,,,,,,,,,,,,,,,,,,,,,,,,,,,,,,,
2025-10-10 17:19:08,2025-10-10 17:19:08,2025-10-10 17:19:07,2025-10-10 17:19:07,867488067677285,2238,GTIGF,0x19fe7fbf,,802003,0x8303,0x0115,100,14014,0000,0000,00,00,11,12,12,506,01,01,0.0,0.0,306,306,492,492,-23.044839,-23.044839,-50.227526,-50.227526,0724,0004,8649,0f79ea0d,0.5,150.6,150.6,0:08:24,4:55:03,-,-,0,-,,,,,,,,,,,,,,,,,,,,,,,,,,,,,,,,,,,,,
2025-10-10 17:19:08,2025-10-10 17:19:08,2025-10-10 17:19:07,2025-10-10 17:19:07,867488067677285,2239,GTSTT,0x19fe7fbf,,802003,0x8303,0x0115,100,14014,0000,0000,00,00,11,12,12,-,01,01,0.0,0.0,306,306,492,492,-23.044839,-23.044839,-50.227526,-50.227526,0724,0004,8649,0f79ea0d,0.5,150.6,150.6,0:08:24,4:55:03,-,-,0,-,,,,,,,,,,,,,,,,,,,,,,,,,,,,,,,,,,,,,
2025-10-10 17:19:09,2025-10-10 17:19:08,2025-10-10 17:19:08,2025-10-10 17:19:08,867488067677285,2240,GTIGL,0x19fe7fbf,,802003,0x8303,0x0115,100,14014,0000,0000,00,00,11,12,12,-,01,01,0.0,0.0,306,306,492,492,-23.044839,-23.044839,-50.227526,-50.227526,0724,0004,8649,0f79ea0d,0.5,150.6,150.6,0:08:24,4:55:03,-,-,0,-,,,,,,,,,01,,,,,,,,,,,,,,,,,,,,,,,,,,,,
2025-10-10 17:19:12,,,,867488067677285,2241,ACK,,,,,,,,,,,,,,,,,,,,,,,,,,,,,,,,,,,,,,,,,,,,,,,,,,,,,,,,,,,,,,,,,,,,,,,,,,,,,
2025-10-10 17:19:12,,,,867488067677285,2242,ACK,,,,,,,,,,,,,,,,,,,,,,,,,,,,,,,,,,,,,,,,,,,,,,,,,,,,,,,,,,,,,,,,,,,,,,,,,,,,,
2025-10-10 17:19:48,,,,867488067677285,2243,HBD,,,,,,,,,,,,,,,,,,,,,,,,,,,,,,,,,,,,,,,,,,,,,,,,,,,,,,,,,,,,,,,,,,,,,,,,,,,,,
2025-10-10 17:19:48,2025-10-10 17:19:48,2025-10-10 17:19:47,2025-10-10 17:19:47,867488067677285,2244,GTERI,0x19fe3fbf,0x00028102,802003,0x8303,0x0115,100,12959,0000,-,00,00,1a,12,12,-,01,01,0.0,0.0,306,306,492,492,-23.044839,-23.044839,-50.227526,-50.227526,0724,0004,8649,0f79ea0d,0.5,150.6,150.6,0:08:24,4:55:03,-,-,0,-,,,,,04,28,00000000,00,10,,,,,,,,,,,,,,,,,,,,,,,,,,,,
2025-10-10 17:21:01,2025-10-10 17:21:01,2025-10-10 17:21:00,2025-10-10 17:21:00,867488067677285,2247,GTIGN,0x19fe7fbf,,802003,0x8303,0x0115,100,12982,0000,0000,01,00,22,12,12,113,01,01,0.0,0.0,306,306,492,492,-23.044839,-23.044839,-50.227526,-50.227526,0724,0004,8649,0f79ea0d,0.0,150.6,150.6,0:00:00,4:55:03,-,-,0,-,,,,,,,,,,,,,,,,,,,,,,,,,,,,,,,,,,,,,
2025-10-10 17:21:01,2025-10-10 17:21:01,2025-10-10 17:21:00,2025-10-10 17:21:00,867488067677285,2248,GTSTT,0x19fe7fbf,,802003,0x8303,0x0115,100,12982,0000,0000,01,00,22,12,12,-,01,01,0.0,0.0,306,306,492,492,-23.044839,-23.044839,-50.227526,-50.227526,0724,0004,8649,0f79ea0d,0.0,150.6,150.6,0:00:00,4:55:03,-,-,0,-,,,,,,,,,,,,,,,,,,,,,,,,,,,,,,,,,,,,,
2025-10-10 17:21:01,2025-10-10 17:21:01,2025-10-10 17:21:01,2025-10-10 17:21:01,867488067677285,2249,GTIGL,0x19fe7fbf,,802003,0x8303,0x0115,100,12982,0000,0000,01,00,22,12,12,-,01,01,0.0,0.0,306,306,492,492,-23.044839,-23.044839,-50.227526,-50.227526,0724,0004,8649,0f79ea0d,0.0,150.6,150.6,0:00:00,4:55:03,-,-,0,-,,,,,,,,,00,,,,,,,,,,,,,,,,,,,,,,,,,,,,
2025-10-10 17:22:31,,,,867488067677285,2250,HBD,,,,,,,,,,,,,,,,,,,,,,,,,,,,,,,,,,,,,,,,,,,,,,,,,,,,,,,,,,,,,,,,,,,,,,,,,,,,,
2025-10-10 17:22:48,2025-10-10 17:22:48,2025-10-10 17:22:47,2025-10-10 17:21:29,867488067677285,2251,GTERI,0x19fe3fbf,0x00028102,802003,0x8303,0x0115,100,13873,0000,-,01,00,22,12,12,-,01,01,0.0,31.9,306,46,491,491,-23.044832,-23.044067,-50.22718,-50.227251,0724,0004,8649,0f79ea0d,0.3,150.9,150.7,0:01:45,4:56:48,-,-,0,-,,,,,04,28,00000000,00,10,,,,,,,,,,,,,,,,,,,,,,,,,,,,
2025-10-10 17:23:20,2025-10-10 17:23:20,2025-10-10 17:23:20,2025-10-10 17:23:20,867488067677285,2253,GTSTT,0x19fe7fbf,,802003,0x8303,0x0115,100,13993,0000,0000,01,00,21,12,12,-,01,01,0.0,0.0,306,306,491,491,-23.044832,-23.044832,-50.22718,-50.22718,0724,0004,8649,0f79ea0d,0.3,150.9,150.9,0:02:18,4:57:21,-,-,0,-,,,,,,,,,,,,,,,,,,,,,,,,,,,,,,,,,,,,,
2025-10-10 17:23:47,,,,867488067677285,2254,HBD,,,,,,,,,,,,,,,,,,,,,,,,,,,,,,,,,,,,,,,,,,,,,,,,,,,,,,,,,,,,,,,,,,,,,,,,,,,,,
2025-10-10 17:23:47,2025-10-10 17:23:47,2025-10-10 17:23:46,2025-10-10 17:23:46,867488067677285,2255,GTSTT,0x19fe7fbf,,802003,0x8303,0x0115,100,13947,0000,0000,01,00,22,12,12,-,01,01,6.5,6.5,225,225,491,491,-23.044832,-23.044832,-50.227186,-50.227186,0724,0004,8649,0f79ea0d,0.3,150.9,150.9,0:02:45,4:57:48,-,-,0,-,,,,,,,,,,,,,,,,,,,,,,,,,,,,,,,,,,,,,
2025-10-10 17:24:37,2025-10-10 17:24:37,2025-10-10 17:24:36,2025-10-10 17:24:36,867488067677285,2256,GTIGF,0x19fe7fbf,,802003,0x8303,0x0115,100,12893,0000,0000,00,00,12,12,12,216,01,01,0.0,0.0,306,306,489,489,-23.044838,-23.044838,-50.227202,-50.227202,0724,0004,8649,0f79ea0d,0.3,150.9,150.9,0:03:33,4:58:36,-,-,0,-,,,,,,,,,,,,,,,,,,,,,,,,,,,,,,,,,,,,,
2025-10-10 17:24:37,2025-10-10 17:24:37,2025-10-10 17:24:36,2025-10-10 17:24:36,867488067677285,2257,GTSTT,0x19fe7fbf,,802003,0x8303,0x0115,100,12893,0000,0000,00,00,12,12,12,-,01,01,0.0,0.0,306,306,489,489,-23.044838,-23.044838,-50.227202,-50.227202,0724,0004,8649,0f79ea0d,0.3,150.9,150.9,0:03:33,4:58:36,-,-,0,-,,,,,,,,,,,,,,,,,,,,,,,,,,,,,,,,,,,,,
2025-10-10 17:24:37,,,,867488067677285,2258,ACK,,,,,,,,,,,,,,,,,,,,,,,,,,,,,,,,,,,,,,,,,,,,,,,,,,,,,,,,,,,,,,,,,,,,,,,,,,,,,
2025-10-10 17:24:38,,,,867488067677285,2259,ACK,,,,,,,,,,,,,,,,,,,,,,,,,,,,,,,,,,,,,,,,,,,,,,,,,,,,,,,,,,,,,,,,,,,,,,,,,,,,,
2025-10-10 17:24:38,2025-10-10 17:24:37,2025-10-10 17:24:37,2025-10-10 17:24:37,867488067677285,2260,GTIGL,0x19fe7fbf,,802003,0x8303,0x0115,100,12893,0000,0000,00,00,12,12,12,-,01,01,0.0,0.0,306,306,489,489,-23.044838,-23.044838,-50.227202,-50.227202,0724,0004,8649,0f79ea0d,0.3,150.9,150.9,0:03:33,4:58:36,-,-,0,-,,,,,,,,,01,,,,,,,,,,,,,,,,,,,,,,,,,,,,
2025-10-10 17:25:06,2025-10-10 17:25:06,2025-10-10 17:25:05,2025-10-10 17:25:05,867488067677285,2262,GTSTT,0x19fe7fbf,,802003,0x8303,0x0115,100,12890,0000,0000,00,00,11,12,12,-,01,01,0.0,0.0,306,306,489,489,-23.044838,-23.044838,-50.227202,-50.227202,0724,0004,8649,0f79ea0d,0.3,150.9,150.9,0:03:33,4:58:36,-,-,0,-,,,,,,,,,,,,,,,,,,,,,,,,,,,,,,,,,,,,,
2025-10-10 17:25:48,,,,867488067677285,2263,HBD,,,,,,,,,,,,,,,,,,,,,,,,,,,,,,,,,,,,,,,,,,,,,,,,,,,,,,,,,,,,,,,,,,,,,,,,,,,,,
2025-10-10 17:25:48,2025-10-10 17:25:48,2025-10-10 17:25:46,2025-10-10 17:25:46,867488067677285,2264,GTERI,0x19fe3fbf,0x00028102,802003,0x8303,0x0115,100,12893,0000,-,00,00,11,12,12,-,01,01,0.0,0.0,306,306,489,489,-23.044838,-23.044838,-50.227202,-50.227202,0724,0004,8649,0f79ea0d,0.3,150.9,150.9,0:03:33,4:58:36,-,-,0,-,,,,,04,28,00000000,00,10,,,,,,,,,,,,,,,,,,,,,,,,,,,,
2025-10-10 17:27:32,,,,867488067677285,2265,HBD,,,,,,,,,,,,,,,,,,,,,,,,,,,,,,,,,,,,,,,,,,,,,,,,,,,,,,,,,,,,,,,,,,,,,,,,,,,,,
2025-10-10 17:28:48,2025-10-10 17:28:48,2025-10-10 17:28:46,2025-10-10 17:28:46,867488067677285,2266,GTERI,0x19fe3fbf,0x00028102,802003,0x8303,0x0115,100,12959,0000,-,00,00,11,12,12,-,01,01,0.0,0.0,306,306,489,489,-23.044838,-23.044838,-50.227202,-50.227202,0724,0004,8649,0f79ea0d,0.3,150.9,150.9,0:03:33,4:58:36,-,-,0,-,,,,,04,28,00000000,00,10,,,,,,,,,,,,,,,,,,,,,,,,,,,,
2025-10-10 17:29:33,,,,867488067677285,2267,HBD,,,,,,,,,,,,,,,,,,,,,,,,,,,,,,,,,,,,,,,,,,,,,,,,,,,,,,,,,,,,,,,,,,,,,,,,,,,,,
2025-10-10 17:29:37,2025-10-10 17:29:37,2025-10-10 17:29:37,2025-10-10 17:29:37,867488067677285,2268,GTERI,0x19fe3fbf,0x00028102,802003,0x8303,0x0115,100,12959,0000,-,00,00,11,12,12,-,01,01,0.0,0.0,306,306,489,489,-23.044838,-23.044838,-50.227202,-50.227202,0724,0004,8649,0f79ea0d,0.3,150.9,150.9,0:03:33,4:58:36,-,-,0,-,,,,,04,28,00000000,00,10,,,,,,,,,,,,,,,,,,,,,,,,,,,,
2025-10-10 17:31:33,,,,867488067677285,2269,HBD,,,,,,,,,,,,,,,,,,,,,,,,,,,,,,,,,,,,,,,,,,,,,,,,,,,,,,,,,,,,,,,,,,,,,,,,,,,,,
2025-10-10 17:33:34,,,,867488067677285,2270,HBD,,,,,,,,,,,,,,,,,,,,,,,,,,,,,,,,,,,,,,,,,,,,,,,,,,,,,,,,,,,,,,,,,,,,,,,,,,,,,
2025-10-10 17:35:34,,,,867488067677285,2271,HBD,,,,,,,,,,,,,,,,,,,,,,,,,,,,,,,,,,,,,,,,,,,,,,,,,,,,,,,,,,,,,,,,,,,,,,,,,,,,,
2025-10-10 17:37:34,,,,867488067677285,2272,HBD,,,,,,,,,,,,,,,,,,,,,,,,,,,,,,,,,,,,,,,,,,,,,,,,,,,,,,,,,,,,,,,,,,,,,,,,,,,,,
2025-10-10 17:39:35,,,,867488067677285,2273,HBD,,,,,,,,,,,,,,,,,,,,,,,,,,,,,,,,,,,,,,,,,,,,,,,,,,,,,,,,,,,,,,,,,,,,,,,,,,,,,
2025-10-10 17:41:35,,,,867488067677285,2274,HBD,,,,,,,,,,,,,,,,,,,,,,,,,,,,,,,,,,,,,,,,,,,,,,,,,,,,,,,,,,,,,,,,,,,,,,,,,,,,,
2025-10-10 17:43:36,,,,867488067677285,2275,HBD,,,,,,,,,,,,,,,,,,,,,,,,,,,,,,,,,,,,,,,,,,,,,,,,,,,,,,,,,,,,,,,,,,,,,,,,,,,,,
2025-10-10 17:45:36,,,,867488067677285,2276,HBD,,,,,,,,,,,,,,,,,,,,,,,,,,,,,,,,,,,,,,,,,,,,,,,,,,,,,,,,,,,,,,,,,,,,,,,,,,,,,
2025-10-10 17:47:37,,,,867488067677285,2277,HBD,,,,,,,,,,,,,,,,,,,,,,,,,,,,,,,,,,,,,,,,,,,,,,,,,,,,,,,,,,,,,,,,,,,,,,,,,,,,,
2025-10-10 17:49:37,,,,867488067677285,2278,HBD,,,,,,,,,,,,,,,,,,,,,,,,,,,,,,,,,,,,,,,,,,,,,,,,,,,,,,,,,,,,,,,,,,,,,,,,,,,,,
2025-10-10 17:51:38,,,,867488067677285,2279,HBD,,,,,,,,,,,,,,,,,,,,,,,,,,,,,,,,,,,,,,,,,,,,,,,,,,,,,,,,,,,,,,,,,,,,,,,,,,,,,
2025-10-10 17:53:38,,,,867488067677285,2280,HBD,,,,,,,,,,,,,,,,,,,,,,,,,,,,,,,,,,,,,,,,,,,,,,,,,,,,,,,,,,,,,,,,,,,,,,,,,,,,,
2025-10-10 17:55:39,,,,867488067677285,2281,HBD,,,,,,,,,,,,,,,,,,,,,,,,,,,,,,,,,,,,,,,,,,,,,,,,,,,,,,,,,,,,,,,,,,,,,,,,,,,,,
2025-10-10 17:57:39,,,,867488067677285,2282,HBD,,,,,,,,,,,,,,,,,,,,,,,,,,,,,,,,,,,,,,,,,,,,,,,,,,,,,,,,,,,,,,,,,,,,,,,,,,,,,
2025-10-10 17:59:40,,,,867488067677285,2283,HBD,,,,,,,,,,,,,,,,,,,,,,,,,,,,,,,,,,,,,,,,,,,,,,,,,,,,,,,,,,,,,,,,,,,,,,,,,,,,,
2025-10-10 18:01:40,,,,867488067677285,2284,HBD,,,,,,,,,,,,,,,,,,,,,,,,,,,,,,,,,,,,,,,,,,,,,,,,,,,,,,,,,,,,,,,,,,,,,,,,,,,,,
2025-10-10 18:03:41,,,,867488067677285,2285,HBD,,,,,,,,,,,,,,,,,,,,,,,,,,,,,,,,,,,,,,,,,,,,,,,,,,,,,,,,,,,,,,,,,,,,,,,,,,,,,
2025-10-10 18:05:41,,,,867488067677285,2286,HBD,,,,,,,,,,,,,,,,,,,,,,,,,,,,,,,,,,,,,,,,,,,,,,,,,,,,,,,,,,,,,,,,,,,,,,,,,,,,,
2025-10-10 18:07:42,,,,867488067677285,2287,HBD,,,,,,,,,,,,,,,,,,,,,,,,,,,,,,,,,,,,,,,,,,,,,,,,,,,,,,,,,,,,,,,,,,,,,,,,,,,,,
2025-10-10 18:09:42,,,,867488067677285,2288,HBD,,,,,,,,,,,,,,,,,,,,,,,,,,,,,,,,,,,,,,,,,,,,,,,,,,,,,,,,,,,,,,,,,,,,,,,,,,,,,
2025-10-10 18:11:43,,,,867488067677285,2289,HBD,,,,,,,,,,,,,,,,,,,,,,,,,,,,,,,,,,,,,,,,,,,,,,,,,,,,,,,,,,,,,,,,,,,,,,,,,,,,,
2025-10-10 18:13:43,,,,867488067677285,2290,HBD,,,,,,,,,,,,,,,,,,,,,,,,,,,,,,,,,,,,,,,,,,,,,,,,,,,,,,,,,,,,,,,,,,,,,,,,,,,,,
2025-10-10 18:15:43,,,,867488067677285,2291,HBD,,,,,,,,,,,,,,,,,,,,,,,,,,,,,,,,,,,,,,,,,,,,,,,,,,,,,,,,,,,,,,,,,,,,,,,,,,,,,
2025-10-10 18:17:44,,,,867488067677285,2292,HBD,,,,,,,,,,,,,,,,,,,,,,,,,,,,,,,,,,,,,,,,,,,,,,,,,,,,,,,,,,,,,,,,,,,,,,,,,,,,,
2025-10-10 18:19:44,,,,867488067677285,2293,HBD,,,,,,,,,,,,,,,,,,,,,,,,,,,,,,,,,,,,,,,,,,,,,,,,,,,,,,,,,,,,,,,,,,,,,,,,,,,,,
2025-10-10 18:21:45,,,,867488067677285,2294,HBD,,,,,,,,,,,,,,,,,,,,,,,,,,,,,,,,,,,,,,,,,,,,,,,,,,,,,,,,,,,,,,,,,,,,,,,,,,,,,
2025-10-10 18:23:45,,,,867488067677285,2295,HBD,,,,,,,,,,,,,,,,,,,,,,,,,,,,,,,,,,,,,,,,,,,,,,,,,,,,,,,,,,,,,,,,,,,,,,,,,,,,,
2025-10-10 18:25:46,,,,867488067677285,2296,HBD,,,,,,,,,,,,,,,,,,,,,,,,,,,,,,,,,,,,,,,,,,,,,,,,,,,,,,,,,,,,,,,,,,,,,,,,,,,,,
2025-10-10 18:27:46,,,,867488067677285,2297,HBD,,,,,,,,,,,,,,,,,,,,,,,,,,,,,,,,,,,,,,,,,,,,,,,,,,,,,,,,,,,,,,,,,,,,,,,,,,,,,
2025-10-10 18:29:32,,,,867488067677285,2298,HBD,,,,,,,,,,,,,,,,,,,,,,,,,,,,,,,,,,,,,,,,,,,,,,,,,,,,,,,,,,,,,,,,,,,,,,,,,,,,,
2025-10-10 18:29:32,2025-10-10 18:29:32,2025-10-10 18:27:09,2025-10-10 18:27:09,867488067677285,2299,GTERI,0x19fe3fbf,0x00028102,802003,0x8303,0x0115,100,13048,0000,-,00,00,11,12,12,-,01,01,0.0,0.0,306,306,489,489,-23.044838,-23.044838,-50.227202,-50.227202,0724,0004,8649,0f79ea0d,0.3,150.9,150.9,0:03:33,4:58:36,-,-,0,-,,,,,04,28,00000000,00,10,,,,,,,,,,,,,,,,,,,,,,,,,,,,
2025-10-10 18:31:47,,,,867488067677285,2300,HBD,,,,,,,,,,,,,,,,,,,,,,,,,,,,,,,,,,,,,,,,,,,,,,,,,,,,,,,,,,,,,,,,,,,,,,,,,,,,,
2025-10-10 18:33:48,,,,867488067677285,2301,HBD,,,,,,,,,,,,,,,,,,,,,,,,,,,,,,,,,,,,,,,,,,,,,,,,,,,,,,,,,,,,,,,,,,,,,,,,,,,,,
2025-10-10 18:35:48,,,,867488067677285,2302,HBD,,,,,,,,,,,,,,,,,,,,,,,,,,,,,,,,,,,,,,,,,,,,,,,,,,,,,,,,,,,,,,,,,,,,,,,,,,,,,
2025-10-10 18:37:49,,,,867488067677285,2303,HBD,,,,,,,,,,,,,,,,,,,,,,,,,,,,,,,,,,,,,,,,,,,,,,,,,,,,,,,,,,,,,,,,,,,,,,,,,,,,,
2025-10-10 18:39:49,,,,867488067677285,2304,HBD,,,,,,,,,,,,,,,,,,,,,,,,,,,,,,,,,,,,,,,,,,,,,,,,,,,,,,,,,,,,,,,,,,,,,,,,,,,,,
2025-10-10 18:41:50,,,,867488067677285,2305,HBD,,,,,,,,,,,,,,,,,,,,,,,,,,,,,,,,,,,,,,,,,,,,,,,,,,,,,,,,,,,,,,,,,,,,,,,,,,,,,
2025-10-10 18:43:50,,,,867488067677285,2306,HBD,,,,,,,,,,,,,,,,,,,,,,,,,,,,,,,,,,,,,,,,,,,,,,,,,,,,,,,,,,,,,,,,,,,,,,,,,,,,,
2025-10-10 18:45:50,,,,867488067677285,2307,HBD,,,,,,,,,,,,,,,,,,,,,,,,,,,,,,,,,,,,,,,,,,,,,,,,,,,,,,,,,,,,,,,,,,,,,,,,,,,,,
2025-10-10 18:47:51,,,,867488067677285,2308,HBD,,,,,,,,,,,,,,,,,,,,,,,,,,,,,,,,,,,,,,,,,,,,,,,,,,,,,,,,,,,,,,,,,,,,,,,,,,,,,
2025-10-10 18:49:51,,,,867488067677285,2309,HBD,,,,,,,,,,,,,,,,,,,,,,,,,,,,,,,,,,,,,,,,,,,,,,,,,,,,,,,,,,,,,,,,,,,,,,,,,,,,,
2025-10-10 18:51:52,,,,867488067677285,2310,HBD,,,,,,,,,,,,,,,,,,,,,,,,,,,,,,,,,,,,,,,,,,,,,,,,,,,,,,,,,,,,,,,,,,,,,,,,,,,,,
2025-10-10 18:53:52,,,,867488067677285,2311,HBD,,,,,,,,,,,,,,,,,,,,,,,,,,,,,,,,,,,,,,,,,,,,,,,,,,,,,,,,,,,,,,,,,,,,,,,,,,,,,
2025-10-10 18:55:53,,,,867488067677285,2312,HBD,,,,,,,,,,,,,,,,,,,,,,,,,,,,,,,,,,,,,,,,,,,,,,,,,,,,,,,,,,,,,,,,,,,,,,,,,,,,,
2025-10-10 18:57:53,,,,867488067677285,2313,HBD,,,,,,,,,,,,,,,,,,,,,,,,,,,,,,,,,,,,,,,,,,,,,,,,,,,,,,,,,,,,,,,,,,,,,,,,,,,,,
2025-10-10 18:59:54,,,,867488067677285,2314,HBD,,,,,,,,,,,,,,,,,,,,,,,,,,,,,,,,,,,,,,,,,,,,,,,,,,,,,,,,,,,,,,,,,,,,,,,,,,,,,
2025-10-10 19:01:54,,,,867488067677285,2315,HBD,,,,,,,,,,,,,,,,,,,,,,,,,,,,,,,,,,,,,,,,,,,,,,,,,,,,,,,,,,,,,,,,,,,,,,,,,,,,,
2025-10-10 19:03:55,,,,867488067677285,2316,HBD,,,,,,,,,,,,,,,,,,,,,,,,,,,,,,,,,,,,,,,,,,,,,,,,,,,,,,,,,,,,,,,,,,,,,,,,,,,,,
2025-10-10 19:05:55,,,,867488067677285,2317,HBD,,,,,,,,,,,,,,,,,,,,,,,,,,,,,,,,,,,,,,,,,,,,,,,,,,,,,,,,,,,,,,,,,,,,,,,,,,,,,
2025-10-10 19:07:56,,,,867488067677285,2318,HBD,,,,,,,,,,,,,,,,,,,,,,,,,,,,,,,,,,,,,,,,,,,,,,,,,,,,,,,,,,,,,,,,,,,,,,,,,,,,,
2025-10-10 19:09:56,,,,867488067677285,2319,HBD,,,,,,,,,,,,,,,,,,,,,,,,,,,,,,,,,,,,,,,,,,,,,,,,,,,,,,,,,,,,,,,,,,,,,,,,,,,,,
2025-10-10 19:11:57,,,,867488067677285,2320,HBD,,,,,,,,,,,,,,,,,,,,,,,,,,,,,,,,,,,,,,,,,,,,,,,,,,,,,,,,,,,,,,,,,,,,,,,,,,,,,
2025-10-10 19:13:57,,,,867488067677285,2321,HBD,,,,,,,,,,,,,,,,,,,,,,,,,,,,,,,,,,,,,,,,,,,,,,,,,,,,,,,,,,,,,,,,,,,,,,,,,,,,,
2025-10-10 19:15:58,,,,867488067677285,2322,HBD,,,,,,,,,,,,,,,,,,,,,,,,,,,,,,,,,,,,,,,,,,,,,,,,,,,,,,,,,,,,,,,,,,,,,,,,,,,,,
2025-10-10 19:17:58,,,,867488067677285,2323,HBD,,,,,,,,,,,,,,,,,,,,,,,,,,,,,,,,,,,,,,,,,,,,,,,,,,,,,,,,,,,,,,,,,,,,,,,,,,,,,
2025-10-10 19:19:59,,,,867488067677285,2324,HBD,,,,,,,,,,,,,,,,,,,,,,,,,,,,,,,,,,,,,,,,,,,,,,,,,,,,,,,,,,,,,,,,,,,,,,,,,,,,,
2025-10-10 19:21:59,,,,867488067677285,2325,HBD,,,,,,,,,,,,,,,,,,,,,,,,,,,,,,,,,,,,,,,,,,,,,,,,,,,,,,,,,,,,,,,,,,,,,,,,,,,,,
2025-10-10 19:24:00,,,,867488067677285,2326,HBD,,,,,,,,,,,,,,,,,,,,,,,,,,,,,,,,,,,,,,,,,,,,,,,,,,,,,,,,,,,,,,,,,,,,,,,,,,,,,
2025-10-10 19:26:00,,,,867488067677285,2327,HBD,,,,,,,,,,,,,,,,,,,,,,,,,,,,,,,,,,,,,,,,,,,,,,,,,,,,,,,,,,,,,,,,,,,,,,,,,,,,,
2025-10-10 19:28:01,,,,867488067677285,2328,HBD,,,,,,,,,,,,,,,,,,,,,,,,,,,,,,,,,,,,,,,,,,,,,,,,,,,,,,,,,,,,,,,,,,,,,,,,,,,,,
2025-10-10 19:28:20,2025-10-10 19:28:20,2025-10-10 19:27:11,2025-10-10 17:23:47,867488067677285,2330,GTIGN,0x19fe7fbf,,802003,0x8303,0x0115,100,12879,0000,0000,01,00,22,9,12,7423,00,01,0.0,4.9,306,249,489,490,-23.044838,-23.044839,-50.227202,-50.227203,0724,0004,8649,0f79ea0d,0.0,150.9,150.9,0:00:00,4:58:36,-,-,0,-,,,,,,,,,,,,,,,,,,,,,,,,,,,,,,,,,,,,,
2025-10-10 19:28:20,2025-10-10 19:28:20,2025-10-10 19:27:11,2025-10-10 19:27:11,867488067677285,2331,GTSTT,0x19fe7fbf,,802003,0x8303,0x0115,100,12879,0000,0000,01,00,22,9,9,-,00,00,0.0,0.0,306,306,489,489,-23.044838,-23.044838,-50.227202,-50.227202,0724,0004,8649,0f79ea0d,0.0,150.9,150.9,0:00:00,4:58:36,-,-,0,-,,,,,,,,,,,,,,,,,,,,,,,,,,,,,,,,,,,,,
2025-10-10 19:28:37,2025-10-10 19:28:37,2025-10-10 19:28:37,2025-10-10 19:28:37,867488067677285,2332,GTERI,0x19fe3fbf,0x00028102,802003,0x8303,0x0115,100,14002,0000,-,01,00,22,9,9,-,01,01,3.0,3.0,285,285,470,470,-23.044736,-23.044736,-50.227175,-50.227175,0724,0004,8649,0f79ea0d,0.0,150.9,150.9,0:00:15,4:58:51,-,-,0,-,,,,,04,28,00000000,00,10,,,,,,,,,,,,,,,,,,,,,,,,,,,,
2025-10-10 19:28:37,2025-10-10 19:28:37,2025-10-10 19:28:37,2025-10-10 19:28:37,867488067677285,2333,GTIGL,0x19fe7fbf,,802003,0x8303,0x0115,100,14002,0000,0000,01,00,22,9,9,-,01,01,3.0,3.0,285,285,470,470,-23.044736,-23.044736,-50.227175,-50.227175,0724,0004,8649,0f79ea0d,0.0,150.9,150.9,0:00:15,4:58:51,-,-,0,-,,,,,,,,,00,,,,,,,,,,,,,,,,,,,,,,,,,,,,
2025-10-10 19:30:02,,,,867488067677285,2334,HBD,,,,,,,,,,,,,,,,,,,,,,,,,,,,,,,,,,,,,,,,,,,,,,,,,,,,,,,,,,,,,,,,,,,,,,,,,,,,,
2025-10-10 19:31:28,2025-10-10 19:31:28,2025-10-10 19:31:26,2025-10-10 19:31:01,867488067677285,2337,GTERI,0x19fe3fbf,0x00028102,802003,0x8303,0x0115,100,14002,0000,-,01,00,22,12,12,-,01,01,53.0,61.5,236,222,492,486,-23.045545,-23.043887,-50.232636,-50.230307,0724,0004,8649,0f79ea0d,0.8,151.6,151.3,0:03:06,5:01:42,-,-,0,-,,,,,04,28,00000000,00,10,,,,,,,,,,,,,,,,,,,,,,,,,,,,
2025-10-10 19:32:03,,,,867488067677285,2338,HBD,,,,,,,,,,,,,,,,,,,,,,,,,,,,,,,,,,,,,,,,,,,,,,,,,,,,,,,,,,,,,,,,,,,,,,,,,,,,,
2025-10-10 19:32:26,,,,867488067677285,2339,ACK,,,,,,,,,,,,,,,,,,,,,,,,,,,,,,,,,,,,,,,,,,,,,,,,,,,,,,,,,,,,,,,,,,,,,,,,,,,,,
2025-10-10 19:32:26,,,,867488067677285,2340,ACK,,,,,,,,,,,,,,,,,,,,,,,,,,,,,,,,,,,,,,,,,,,,,,,,,,,,,,,,,,,,,,,,,,,,,,,,,,,,,
2025-10-10 19:32:27,,,,867488067677285,2341,ACK,,,,,,,,,,,,,,,,,,,,,,,,,,,,,,,,,,,,,,,,,,,,,,,,,,,,,,,,,,,,,,,,,,,,,,,,,,,,,
2025-10-10 19:34:03,,,,867488067677285,2343,HBD,,,,,,,,,,,,,,,,,,,,,,,,,,,,,,,,,,,,,,,,,,,,,,,,,,,,,,,,,,,,,,,,,,,,,,,,,,,,,
2025-10-10 19:34:28,2025-10-10 19:34:28,2025-10-10 19:34:27,2025-10-10 19:32:23,867488067677285,2344,GTERI,0x19fe3fbf,0x00028102,802003,0x8303,0x0115,100,13995,0000,-,01,00,22,12,12,-,01,01,51.4,71.9,233,217,480,459,-23.059798,-23.050606,-50.250338,-50.238388,0724,0004,8649,0f79ea0f,3.2,154.0,152.4,0:06:06,5:04:42,-,-,0,-,,,,,04,28,00000000,00,10,,,,,,,,,,,,,,,,,,,,,,,,,,,,
2025-10-10 19:36:31,,,,867488067677285,2346,HBD,,,,,,,,,,,,,,,,,,,,,,,,,,,,,,,,,,,,,,,,,,,,,,,,,,,,,,,,,,,,,,,,,,,,,,,,,,,,,
2025-10-10 19:36:31,,,,867488067677285,2346,HBD,,,,,,,,,,,,,,,,,,,,,,,,,,,,,,,,,,,,,,,,,,,,,,,,,,,,,,,,,,,,,,,,,,,,,,,,,,,,,
2025-10-10 19:42:21,2025-10-10 19:37:28,2025-10-10 19:37:26,2025-10-10 19:36:01,867488067677285,2348,GTERI,0x19fe3fbf,0x00028102,802003,0x8303,0x0115,100,14014,0000,-,01,00,22,12,12,-,01,01,115.4,118.2,241,217,405,468,-23.085916,-23.069372,-50.27904,-50.263164,0724,0004,8630,043a400d,7.4,158.3,155.7,0:09:06,5:07:42,-,-,0,-,,,,,04,28,00000000,00,10,,,,,,,,,,,,,,,,,,,,,,,,,,,,
2025-10-10 19:42:22,,,,867488067677285,2349,HBD,,,,,,,,,,,,,,,,,,,,,,,,,,,,,,,,,,,,,,,,,,,,,,,,,,,,,,,,,,,,,,,,,,,,,,,,,,,,,
2025-10-10 19:42:23,2025-10-10 19:39:10,2025-10-10 19:39:09,2025-10-10 19:37:28,867488067677285,2351,GTPDP,0x19fe7fbf,,802003,0x8303,0x0115,100,13998,0000,0000,01,00,22,12,12,-,01,01,89.1,113.4,225,242,385,403,-23.096597,-23.086186,-50.303226,-50.279585,0724,0004,8630,043a400d,10.3,161.2,158.3,0:10:48,5:09:24,-,-,0,-,,,,,,,,,,,,,,,,,,,,,,,,,,,,,,,,,,,,,
2025-10-10 19:42:24,,,,867488067677285,2352,HBD,,,,,,,,,,,,,,,,,,,,,,,,,,,,,,,,,,,,,,,,,,,,,,,,,,,,,,,,,,,,,,,,,,,,,,,,,,,,,
2025-10-10 19:42:24,2025-10-10 19:39:52,2025-10-10 19:39:51,2025-10-10 19:39:41,867488067677285,2353,GTPDP,0x19fe7fbf,,802003,0x8303,0x0115,100,13977,0000,0000,01,00,22,12,12,-,01,01,95.5,113.1,225,227,394,381,-23.103552,-23.101748,-50.310887,-50.308869,0000,0000,0000,00000000,11.4,162.3,162.0,0:11:30,5:10:06,-,-,0,-,,,,,,,,,,,,,,,,,,,,,,,,,,,,,,,,,,,,,
2025-10-10 19:42:25,2025-10-10 19:40:28,2025-10-10 19:40:27,2025-10-10 19:40:15,867488067677285,2354,GTERI,0x19fe3fbf,0x00028102,802003,0x8303,0x0115,100,14028,0000,-,01,00,22,12,12,-,01,01,90.4,96.2,225,225,400,392,-23.109477,-23.107516,-50.317389,-50.315235,0000,0000,0000,00000000,12.4,163.3,162.9,0:12:06,5:10:42,-,-,0,-,,,,,00,0,00000000,00,10,,,,,,,,,,,,,,,,,,,,,,,,,,,,
2025-10-10 19:42:25,,,,867488067677285,2356,HBD,,,,,,,,,,,,,,,,,,,,,,,,,,,,,,,,,,,,,,,,,,,,,,,,,,,,,,,,,,,,,,,,,,,,,,,,,,,,,
2025-10-10 19:42:25,,,,867488067677285,2358,HBD,,,,,,,,,,,,,,,,,,,,,,,,,,,,,,,,,,,,,,,,,,,,,,,,,,,,,,,,,,,,,,,,,,,,,,,,,,,,,
2025-10-10 19:43:29,2025-10-10 19:43:28,2025-10-10 19:43:26,2025-10-10 19:40:54,867488067677285,2359,GTERI,0x19fe3fbf,0x00028102,802003,0x8303,0x0115,100,14007,0000,-,01,00,22,12,12,-,01,01,88.4,93.4,297,197,409,425,-23.108999,-23.11468,-50.338227,-50.320595,0724,0005,0607,00000067,16.0,166.9,163.9,0:15:06,5:13:42,-,-,0,-,,,,,01,900,00000000,00,10,,,,,,,,,,,,,,,,,,,,,,,,,,,,
2025-10-10 19:45:07,,,,867488067677285,2361,HBD,,,,,,,,,,,,,,,,,,,,,,,,,,,,,,,,,,,,,,,,,,,,,,,,,,,,,,,,,,,,,,,,,,,,,,,,,,,,,
2025-10-10 19:46:29,,,,867488067677285,2363,HBD,,,,,,,,,,,,,,,,,,,,,,,,,,,,,,,,,,,,,,,,,,,,,,,,,,,,,,,,,,,,,,,,,,,,,,,,,,,,,
2025-10-10 19:46:29,2025-10-10 19:46:28,2025-10-10 19:46:27,2025-10-10 19:43:43,867488067677285,2364,GTERI,0x19fe3fbf,0x00028102,802003,0x8303,0x0115,100,13966,0000,-,00,00,22,12,12,-,01,01,0.0,95.7,297,297,443,410,-23.108439,-23.107169,-50.366166,-50.341969,0724,0005,0607,00000067,19.1,170.0,167.3,0:18:06,5:16:42,-,-,0,-,,,,,01,900,00000000,00,10,,,,,,,,,,,,,,,,,,,,,,,,,,,,
2025-10-10 19:46:30,2025-10-10 19:46:29,2025-10-10 19:46:29,2025-10-10 19:46:29,867488067677285,2365,GTIGF,0x19fe7fbf,,802003,0x8303,0x0115,100,13966,0000,0000,00,00,12,12,12,1089,01,01,0.0,0.0,297,297,443,443,-23.108439,-23.108439,-50.366166,-50.366166,0724,0005,0607,00000067,19.1,170.0,170.0,0:18:09,5:16:45,-,-,0,-,,,,,,,,,,,,,,,,,,,,,,,,,,,,,,,,,,,,,
2025-10-10 19:46:30,2025-10-10 19:46:29,2025-10-10 19:46:29,2025-10-10 19:46:29,867488067677285,2366,GTSTT,0x19fe7fbf,,802003,0x8303,0x0115,100,13966,0000,0000,00,00,12,12,12,-,01,01,0.0,0.0,297,297,443,443,-23.108439,-23.108439,-50.366166,-50.366166,0724,0005,0607,00000067,19.1,170.0,170.0,0:18:09,5:16:45,-,-,0,-,,,,,,,,,,,,,,,,,,,,,,,,,,,,,,,,,,,,,
2025-10-10 19:46:30,2025-10-10 19:46:30,2025-10-10 19:46:30,2025-10-10 19:46:30,867488067677285,2367,GTIGL,0x19fe7fbf,,802003,0x8303,0x0115,100,13197,0000,0000,00,00,12,12,12,-,01,01,0.0,0.0,297,297,443,443,-23.108439,-23.108439,-50.366166,-50.366166,0724,0005,0607,00000067,19.1,170.0,170.0,0:18:09,5:16:45,-,-,0,-,,,,,,,,,01,,,,,,,,,,,,,,,,,,,,,,,,,,,,
2025-10-10 19:46:32,,,,867488067677285,2368,ACK,,,,,,,,,,,,,,,,,,,,,,,,,,,,,,,,,,,,,,,,,,,,,,,,,,,,,,,,,,,,,,,,,,,,,,,,,,,,,
2025-10-10 19:46:33,,,,867488067677285,2369,ACK,,,,,,,,,,,,,,,,,,,,,,,,,,,,,,,,,,,,,,,,,,,,,,,,,,,,,,,,,,,,,,,,,,,,,,,,,,,,,
2025-10-10 19:46:42,2025-10-10 19:46:42,2025-10-10 19:46:41,2025-10-10 19:46:41,867488067677285,2370,GTSTT,0x19fe7fbf,,802003,0x8303,0x0115,100,12918,0000,0000,00,00,11,12,12,-,01,01,0.0,0.0,297,297,443,443,-23.108439,-23.108439,-50.366166,-50.366166,0724,0005,0607,00000067,19.1,170.0,170.0,0:18:09,5:16:45,-,-,0,-,,,,,,,,,,,,,,,,,,,,,,,,,,,,,,,,,,,,,
2025-10-10 19:49:59,,,,867488067677285,2372,HBD,,,,,,,,,,,,,,,,,,,,,,,,,,,,,,,,,,,,,,,,,,,,,,,,,,,,,,,,,,,,,,,,,,,,,,,,,,,,,
2025-10-10 19:49:59,2025-10-10 19:49:08,2025-10-10 19:49:07,2025-10-10 19:49:07,867488067677285,2373,GTPDP,0x19fe7fbf,,802003,0x8303,0x0115,100,13009,0000,0000,00,00,11,12,12,-,01,01,0.0,0.0,297,297,443,443,-23.108439,-23.108439,-50.366166,-50.366166,0724,0005,bff7,068fc704,19.1,170.0,170.0,0:18:09,5:16:45,-,-,0,-,,,,,,,,,,,,,,,,,,,,,,,,,,,,,,,,,,,,,
2025-10-10 19:49:59,2025-10-10 19:49:28,2025-10-10 19:49:26,2025-10-10 19:49:26,867488067677285,2374,GTERI,0x19fe3fbf,0x00028102,802003,0x8303,0x0115,100,13009,0000,-,00,00,11,12,12,-,01,01,0.0,0.0,297,297,443,443,-23.108439,-23.108439,-50.366166,-50.366166,0724,0005,bff7,068fc704,19.1,170.0,170.0,0:18:09,5:16:45,-,-,0,-,,,,,04,3,00000000,00,10,,,,,,,,,,,,,,,,,,,,,,,,,,,,
2025-10-10 19:50:00,,,,867488067677285,2376,HBD,,,,,,,,,,,,,,,,,,,,,,,,,,,,,,,,,,,,,,,,,,,,,,,,,,,,,,,,,,,,,,,,,,,,,,,,,,,,,
2025-10-10 19:50:11,2025-10-10 19:50:11,2025-10-10 19:50:10,2025-10-10 19:50:10,867488067677285,2378,GTIGN,0x19fe7fbf,,802003,0x8303,0x0115,100,12695,0000,0000,01,00,21,12,12,222,01,01,0.0,0.0,297,297,443,443,-23.108439,-23.108439,-50.366166,-50.366166,0724,0005,bff7,068fc700,0.0,170.0,170.0,0:00:00,5:16:45,-,-,0,-,,,,,,,,,,,,,,,,,,,,,,,,,,,,,,,,,,,,,
2025-10-10 19:50:11,2025-10-10 19:50:11,2025-10-10 19:50:10,2025-10-10 19:50:10,867488067677285,2379,GTSTT,0x19fe7fbf,,802003,0x8303,0x0115,100,12695,0000,0000,01,00,21,12,12,-,01,01,0.0,0.0,297,297,443,443,-23.108439,-23.108439,-50.366166,-50.366166,0724,0005,bff7,068fc700,0.0,170.0,170.0,0:00:00,5:16:45,-,-,0,-,,,,,,,,,,,,,,,,,,,,,,,,,,,,,,,,,,,,,
2025-10-10 19:50:12,2025-10-10 19:50:11,2025-10-10 19:50:11,2025-10-10 19:50:11,867488067677285,2380,GTIGL,0x19fe7fbf,,802003,0x8303,0x0115,100,12695,0000,0000,01,00,21,12,12,-,01,01,0.0,0.0,297,297,443,443,-23.108439,-23.108439,-50.366166,-50.366166,0724,0005,bff7,068fc700,0.0,170.0,170.0,0:00:00,5:16:45,-,-,0,-,,,,,,,,,00,,,,,,,,,,,,,,,,,,,,,,,,,,,,
2025-10-10 19:50:16,2025-10-10 19:50:16,2025-10-10 19:50:15,2025-10-10 19:50:15,867488067677285,2381,GTSTT,0x19fe7fbf,,802003,0x8303,0x0115,100,12831,0000,0000,01,00,22,12,12,-,01,01,0.0,0.0,297,297,443,443,-23.108439,-23.108439,-50.366166,-50.366166,0724,0005,bff7,068fc700,0.0,170.0,170.0,0:00:03,5:16:48,-,-,0,-,,,,,,,,,,,,,,,,,,,,,,,,,,,,,,,,,,,,,
2025-10-10 19:52:08,,,,867488067677285,2382,HBD,,,,,,,,,,,,,,,,,,,,,,,,,,,,,,,,,,,,,,,,,,,,,,,,,,,,,,,,,,,,,,,,,,,,,,,,,,,,,
2025-10-10 19:52:28,2025-10-10 19:52:28,2025-10-10 19:52:26,2025-10-10 19:52:02,867488067677285,2384,GTERI,0x19fe3fbf,0x00028102,802003,0x8303,0x0115,100,14021,0000,-,01,00,22,12,12,-,01,01,30.3,40.7,253,252,403,415,-23.110225,-23.109672,-50.372545,-50.370603,0724,0005,bff7,068fc701,0.7,170.7,170.5,0:02:15,5:19:00,-,-,0,-,,,,,04,7,00000000,00,10,,,,,,,,,,,,,,,,,,,,,,,,,,,,
2025-10-10 19:54:03,,,,867488067677285,2385,HBD,,,,,,,,,,,,,,,,,,,,,,,,,,,,,,,,,,,,,,,,,,,,,,,,,,,,,,,,,,,,,,,,,,,,,,,,,,,,,
2025-10-10 19:54:03,2025-10-10 19:54:03,2025-10-10 19:54:02,2025-10-10 19:54:02,867488067677285,2386,GTIGF,0x19fe7fbf,,802003,0x8303,0x0115,100,13039,0000,0000,00,00,12,12,12,232,01,01,0.0,0.0,253,253,405,405,-23.108748,-23.108748,-50.374846,-50.374846,0724,0005,bff7,068fc701,1.0,171.0,171.0,0:03:51,5:20:36,-,-,0,-,,,,,,,,,,,,,,,,,,,,,,,,,,,,,,,,,,,,,
2025-10-10 19:54:04,2025-10-10 19:54:03,2025-10-10 19:54:02,2025-10-10 19:54:02,867488067677285,2387,GTSTT,0x19fe7fbf,,802003,0x8303,0x0115,100,13039,0000,0000,00,00,12,12,12,-,01,01,0.0,0.0,253,253,405,405,-23.108748,-23.108748,-50.374846,-50.374846,0724,0005,bff7,068fc701,1.0,171.0,171.0,0:03:51,5:20:36,-,-,0,-,,,,,,,,,,,,,,,,,,,,,,,,,,,,,,,,,,,,,
2025-10-10 19:54:04,2025-10-10 19:54:03,2025-10-10 19:54:03,2025-10-10 19:54:03,867488067677285,2388,GTIGL,0x19fe7fbf,,802003,0x8303,0x0115,100,13039,0000,0000,00,00,12,12,12,-,01,01,0.0,0.0,253,253,405,405,-23.108748,-23.108748,-50.374846,-50.374846,0724,0005,bff7,068fc701,1.0,171.0,171.0,0:03:51,5:20:36,-,-,0,-,,,,,,,,,01,,,,,,,,,,,,,,,,,,,,,,,,,,,,
2025-10-10 19:54:07,,,,867488067677285,2389,ACK,,,,,,,,,,,,,,,,,,,,,,,,,,,,,,,,,,,,,,,,,,,,,,,,,,,,,,,,,,,,,,,,,,,,,,,,,,,,,
2025-10-10 19:54:07,,,,867488067677285,2390,ACK,,,,,,,,,,,,,,,,,,,,,,,,,,,,,,,,,,,,,,,,,,,,,,,,,,,,,,,,,,,,,,,,,,,,,,,,,,,,,
2025-10-10 19:54:52,2025-10-10 19:54:52,2025-10-10 19:54:52,2025-10-10 19:54:52,867488067677285,2392,GTSTT,0x19fe7fbf,,802003,0x8303,0x0115,100,12885,0000,0000,00,00,11,12,12,-,01,01,0.0,0.0,253,253,405,405,-23.108748,-23.108748,-50.374846,-50.374846,0724,0005,bff7,068fc701,1.0,171.0,171.0,0:03:51,5:20:36,-,-,0,-,,,,,,,,,,,,,,,,,,,,,,,,,,,,,,,,,,,,,
2025-10-10 19:55:28,2025-10-10 19:55:28,2025-10-10 19:55:27,2025-10-10 19:55:27,867488067677285,2393,GTERI,0x19fe3fbf,0x00028102,802003,0x8303,0x0115,100,12866,0000,-,00,00,11,12,12,-,01,01,0.0,0.0,253,253,405,405,-23.108748,-23.108748,-50.374846,-50.374846,0724,0005,bff7,068fc701,1.0,171.0,171.0,0:03:51,5:20:36,-,-,0,-,,,,,04,7,00000000,00,10,,,,,,,,,,,,,,,,,,,,,,,,,,,,
2025-10-10 19:56:09,,,,867488067677285,2394,HBD,,,,,,,,,,,,,,,,,,,,,,,,,,,,,,,,,,,,,,,,,,,,,,,,,,,,,,,,,,,,,,,,,,,,,,,,,,,,,
2025-10-10 19:58:10,,,,867488067677285,2395,HBD,,,,,,,,,,,,,,,,,,,,,,,,,,,,,,,,,,,,,,,,,,,,,,,,,,,,,,,,,,,,,,,,,,,,,,,,,,,,,
2025-10-10 19:58:28,2025-10-10 19:58:28,2025-10-10 19:58:26,2025-10-10 19:58:26,867488067677285,2396,GTERI,0x19fe3fbf,0x00028102,802003,0x8303,0x0115,100,12982,0000,-,00,00,11,12,12,-,01,01,0.0,0.0,253,253,405,405,-23.108748,-23.108748,-50.374846,-50.374846,0724,0005,bff7,068fc701,1.0,171.0,171.0,0:03:51,5:20:36,-,-,0,-,,,,,04,7,00000000,00,10,,,,,,,,,,,,,,,,,,,,,,,,,,,,
2025-10-10 19:59:04,2025-10-10 19:59:04,2025-10-10 19:59:04,2025-10-10 19:59:04,867488067677285,2397,GTERI,0x19fe3fbf,0x00028102,802003,0x8303,0x0115,100,12989,0000,-,00,00,11,12,12,-,01,01,0.0,0.0,253,253,405,405,-23.108748,-23.108748,-50.374846,-50.374846,0724,0005,bff7,068fc701,1.0,171.0,171.0,0:03:51,5:20:36,-,-,0,-,,,,,04,7,00000000,00,10,,,,,,,,,,,,,,,,,,,,,,,,,,,,
2025-10-10 20:00:10,,,,867488067677285,2398,HBD,,,,,,,,,,,,,,,,,,,,,,,,,,,,,,,,,,,,,,,,,,,,,,,,,,,,,,,,,,,,,,,,,,,,,,,,,,,,,
2025-10-10 20:02:11,,,,867488067677285,2399,HBD,,,,,,,,,,,,,,,,,,,,,,,,,,,,,,,,,,,,,,,,,,,,,,,,,,,,,,,,,,,,,,,,,,,,,,,,,,,,,
2025-10-10 20:04:11,,,,867488067677285,2400,HBD,,,,,,,,,,,,,,,,,,,,,,,,,,,,,,,,,,,,,,,,,,,,,,,,,,,,,,,,,,,,,,,,,,,,,,,,,,,,,
2025-10-10 20:06:12,,,,867488067677285,2401,HBD,,,,,,,,,,,,,,,,,,,,,,,,,,,,,,,,,,,,,,,,,,,,,,,,,,,,,,,,,,,,,,,,,,,,,,,,,,,,,
2025-10-10 20:08:12,,,,867488067677285,2402,HBD,,,,,,,,,,,,,,,,,,,,,,,,,,,,,,,,,,,,,,,,,,,,,,,,,,,,,,,,,,,,,,,,,,,,,,,,,,,,,
2025-10-10 20:10:13,,,,867488067677285,2403,HBD,,,,,,,,,,,,,,,,,,,,,,,,,,,,,,,,,,,,,,,,,,,,,,,,,,,,,,,,,,,,,,,,,,,,,,,,,,,,,
2025-10-10 20:12:13,,,,867488067677285,2404,HBD,,,,,,,,,,,,,,,,,,,,,,,,,,,,,,,,,,,,,,,,,,,,,,,,,,,,,,,,,,,,,,,,,,,,,,,,,,,,,
2025-10-10 20:14:14,,,,867488067677285,2405,HBD,,,,,,,,,,,,,,,,,,,,,,,,,,,,,,,,,,,,,,,,,,,,,,,,,,,,,,,,,,,,,,,,,,,,,,,,,,,,,
2025-10-10 20:16:14,,,,867488067677285,2406,HBD,,,,,,,,,,,,,,,,,,,,,,,,,,,,,,,,,,,,,,,,,,,,,,,,,,,,,,,,,,,,,,,,,,,,,,,,,,,,,
2025-10-10 20:18:15,,,,867488067677285,2407,HBD,,,,,,,,,,,,,,,,,,,,,,,,,,,,,,,,,,,,,,,,,,,,,,,,,,,,,,,,,,,,,,,,,,,,,,,,,,,,,
2025-10-10 20:20:15,,,,867488067677285,2408,HBD,,,,,,,,,,,,,,,,,,,,,,,,,,,,,,,,,,,,,,,,,,,,,,,,,,,,,,,,,,,,,,,,,,,,,,,,,,,,,
2025-10-10 20:22:16,,,,867488067677285,2409,HBD,,,,,,,,,,,,,,,,,,,,,,,,,,,,,,,,,,,,,,,,,,,,,,,,,,,,,,,,,,,,,,,,,,,,,,,,,,,,,
2025-10-10 20:24:16,,,,867488067677285,2410,HBD,,,,,,,,,,,,,,,,,,,,,,,,,,,,,,,,,,,,,,,,,,,,,,,,,,,,,,,,,,,,,,,,,,,,,,,,,,,,,
2025-10-10 20:26:17,,,,867488067677285,2411,HBD,,,,,,,,,,,,,,,,,,,,,,,,,,,,,,,,,,,,,,,,,,,,,,,,,,,,,,,,,,,,,,,,,,,,,,,,,,,,,
2025-10-10 20:28:17,,,,867488067677285,2412,HBD,,,,,,,,,,,,,,,,,,,,,,,,,,,,,,,,,,,,,,,,,,,,,,,,,,,,,,,,,,,,,,,,,,,,,,,,,,,,,
2025-10-10 20:30:17,,,,867488067677285,2413,HBD,,,,,,,,,,,,,,,,,,,,,,,,,,,,,,,,,,,,,,,,,,,,,,,,,,,,,,,,,,,,,,,,,,,,,,,,,,,,,
2025-10-10 20:32:18,,,,867488067677285,2414,HBD,,,,,,,,,,,,,,,,,,,,,,,,,,,,,,,,,,,,,,,,,,,,,,,,,,,,,,,,,,,,,,,,,,,,,,,,,,,,,
2025-10-10 20:34:19,,,,867488067677285,2415,HBD,,,,,,,,,,,,,,,,,,,,,,,,,,,,,,,,,,,,,,,,,,,,,,,,,,,,,,,,,,,,,,,,,,,,,,,,,,,,,
2025-10-10 20:36:19,,,,867488067677285,2416,HBD,,,,,,,,,,,,,,,,,,,,,,,,,,,,,,,,,,,,,,,,,,,,,,,,,,,,,,,,,,,,,,,,,,,,,,,,,,,,,
2025-10-10 20:38:19,,,,867488067677285,2417,HBD,,,,,,,,,,,,,,,,,,,,,,,,,,,,,,,,,,,,,,,,,,,,,,,,,,,,,,,,,,,,,,,,,,,,,,,,,,,,,
2025-10-10 20:40:20,,,,867488067677285,2418,HBD,,,,,,,,,,,,,,,,,,,,,,,,,,,,,,,,,,,,,,,,,,,,,,,,,,,,,,,,,,,,,,,,,,,,,,,,,,,,,
2025-10-10 20:42:20,,,,867488067677285,2419,HBD,,,,,,,,,,,,,,,,,,,,,,,,,,,,,,,,,,,,,,,,,,,,,,,,,,,,,,,,,,,,,,,,,,,,,,,,,,,,,
2025-10-10 20:44:21,,,,867488067677285,2420,HBD,,,,,,,,,,,,,,,,,,,,,,,,,,,,,,,,,,,,,,,,,,,,,,,,,,,,,,,,,,,,,,,,,,,,,,,,,,,,,
2025-10-10 20:46:21,,,,867488067677285,2421,HBD,,,,,,,,,,,,,,,,,,,,,,,,,,,,,,,,,,,,,,,,,,,,,,,,,,,,,,,,,,,,,,,,,,,,,,,,,,,,,
2025-10-10 20:46:28,2025-10-10 20:46:28,2025-10-10 19:59:04,2025-10-10 19:52:38,867488067677285,2423,GTIGN,0x19fe7fbf,,802003,0x8303,0x0115,100,12796,0000,0000,01,00,21,12,12,3145,00,01,0.0,33.5,253,343,405,406,-23.108748,-23.109692,-50.374846,-50.372967,0724,0005,bff7,068fc701,0.0,171.0,170.7,0:00:00,5:20:36,-,-,0,-,,,,,,,,,,,,,,,,,,,,,,,,,,,,,,,,,,,,,
2025-10-10 20:46:28,2025-10-10 20:46:28,2025-10-10 19:59:04,2025-10-10 19:59:04,867488067677285,2424,GTSTT,0x19fe7fbf,,802003,0x8303,0x0115,100,12796,0000,0000,01,00,21,12,12,-,00,00,0.0,0.0,253,253,405,405,-23.108748,-23.108748,-50.374846,-50.374846,0724,0005,bff7,068fc701,0.0,171.0,171.0,0:00:00,5:20:36,-,-,0,-,,,,,,,,,,,,,,,,,,,,,,,,,,,,,,,,,,,,,
2025-10-10 20:46:28,2025-10-10 20:46:28,2025-10-10 19:59:04,2025-10-10 19:59:04,867488067677285,2425,GTSTT,0x19fe7fbf,,802003,0x8303,0x0115,100,12796,0000,0000,01,00,22,12,12,-,00,00,0.0,0.0,253,253,405,405,-23.108748,-23.108748,-50.374846,-50.374846,0724,0005,bff7,068fc701,0.0,171.0,171.0,0:00:00,5:20:36,-,-,0,-,,,,,,,,,,,,,,,,,,,,,,,,,,,,,,,,,,,,,
2025-10-10 20:46:40,2025-10-10 20:46:40,2025-10-10 20:46:40,2025-10-10 20:46:40,867488067677285,2426,GTERI,0x19fe3fbf,0x00028102,802003,0x8303,0x0115,100,13920,0000,-,01,00,22,12,12,-,01,01,2.3,2.3,246,246,430,430,-23.108697,-23.108697,-50.374877,-50.374877,0724,0005,bff7,068fc701,0.0,171.0,171.0,0:00:12,5:20:48,-,-,0,-,,,,,04,7,00000000,00,10,,,,,,,,,,,,,,,,,,,,,,,,,,,,
2025-10-10 20:46:40,2025-10-10 20:46:40,2025-10-10 20:46:40,2025-10-10 20:46:40,867488067677285,2427,GTIGL,0x19fe7fbf,,802003,0x8303,0x0115,100,13920,0000,0000,01,00,22,12,12,-,01,01,2.3,2.3,246,246,430,430,-23.108697,-23.108697,-50.374877,-50.374877,0724,0005,bff7,068fc701,0.0,171.0,171.0,0:00:12,5:20:48,-,-,0,-,,,,,,,,,00,,,,,,,,,,,,,,,,,,,,,,,,,,,,
2025-10-10 20:48:22,,,,867488067677285,2428,HBD,,,,,,,,,,,,,,,,,,,,,,,,,,,,,,,,,,,,,,,,,,,,,,,,,,,,,,,,,,,,,,,,,,,,,,,,,,,,,
2025-10-10 20:49:34,2025-10-10 20:49:34,2025-10-10 20:49:33,2025-10-10 20:48:46,867488067677285,2430,GTERI,0x19fe3fbf,0x00028102,802003,0x8303,0x0115,100,14027,0000,-,01,00,22,12,12,-,01,01,23.5,24.8,72,71,430,417,-23.108472,-23.109253,-50.370191,-50.372895,0724,0005,bff7,068fc701,0.9,171.9,171.6,0:03:06,5:23:42,-,-,0,-,,,,,04,7,00000000,00,10,,,,,,,,,,,,,,,,,,,,,,,,,,,,
2025-10-10 20:50:22,,,,867488067677285,2431,HBD,,,,,,,,,,,,,,,,,,,,,,,,,,,,,,,,,,,,,,,,,,,,,,,,,,,,,,,,,,,,,,,,,,,,,,,,,,,,,
2025-10-10 20:50:32,,,,867488067677285,2433,ACK,,,,,,,,,,,,,,,,,,,,,,,,,,,,,,,,,,,,,,,,,,,,,,,,,,,,,,,,,,,,,,,,,,,,,,,,,,,,,
2025-10-10 20:50:32,,,,867488067677285,2434,ACK,,,,,,,,,,,,,,,,,,,,,,,,,,,,,,,,,,,,,,,,,,,,,,,,,,,,,,,,,,,,,,,,,,,,,,,,,,,,,
2025-10-10 20:50:32,,,,867488067677285,2435,ACK,,,,,,,,,,,,,,,,,,,,,,,,,,,,,,,,,,,,,,,,,,,,,,,,,,,,,,,,,,,,,,,,,,,,,,,,,,,,,
2025-10-10 20:52:23,,,,867488067677285,2436,HBD,,,,,,,,,,,,,,,,,,,,,,,,,,,,,,,,,,,,,,,,,,,,,,,,,,,,,,,,,,,,,,,,,,,,,,,,,,,,,
2025-10-10 20:52:34,2025-10-10 20:52:34,2025-10-10 20:52:32,2025-10-10 20:52:31,867488067677285,2438,GTERI,0x19fe3fbf,0x00028102,802003,0x8303,0x0115,100,14008,0000,-,01,00,22,12,12,-,01,01,81.1,81.5,62,60,437,437,-23.104063,-23.104159,-50.358426,-50.358622,0724,0005,bff7,068fc700,2.3,173.3,173.2,0:06:06,5:26:42,-,-,0,-,,,,,04,7,00000000,00,10,,,,,,,,,,,,,,,,,,,,,,,,,,,,
2025-10-10 20:54:23,,,,867488067677285,2439,HBD,,,,,,,,,,,,,,,,,,,,,,,,,,,,,,,,,,,,,,,,,,,,,,,,,,,,,,,,,,,,,,,,,,,,,,,,,,,,,
2025-10-10 20:56:10,2025-10-10 20:55:15,2025-10-10 20:55:15,2025-10-10 20:53:08,867488067677285,2441,GTPDP,0x19fe7fbf,,802003,0x8303,0x0115,100,13997,0000,0000,01,00,22,12,12,-,01,01,79.1,84.1,138,96,406,398,-23.114906,-23.104297,-50.329926,-50.350546,0000,0000,0000,00000000,5.5,176.6,174.1,0:08:45,5:29:21,-,-,0,-,,,,,,,,,,,,,,,,,,,,,,,,,,,,,,,,,,,,,
2025-10-10 20:56:10,2025-10-10 20:55:34,2025-10-10 20:55:33,2025-10-10 20:55:17,867488067677285,2442,GTERI,0x19fe3fbf,0x00028102,802003,0x8303,0x0115,100,14008,0000,-,01,00,22,12,12,-,01,01,79.3,81.0,156,139,426,409,-23.117995,-23.11521,-50.327987,-50.32964,0000,0000,0000,00000000,6.0,177.0,176.6,0:09:06,5:29:42,-,-,0,-,,,,,00,0,00000000,00,10,,,,,,,,,,,,,,,,,,,,,,,,,,,,
2025-10-10 20:56:11,,,,867488067677285,2443,HBD,,,,,,,,,,,,,,,,,,,,,,,,,,,,,,,,,,,,,,,,,,,,,,,,,,,,,,,,,,,,,,,,,,,,,,,,,,,,,
2025-10-10 20:56:11,,,,867488067677285,2445,HBD,,,,,,,,,,,,,,,,,,,,,,,,,,,,,,,,,,,,,,,,,,,,,,,,,,,,,,,,,,,,,,,,,,,,,,,,,,,,,
2025-10-10 20:58:25,,,,867488067677285,2447,HBD,,,,,,,,,,,,,,,,,,,,,,,,,,,,,,,,,,,,,,,,,,,,,,,,,,,,,,,,,,,,,,,,,,,,,,,,,,,,,
2025-10-10 20:58:35,2025-10-10 20:58:34,2025-10-10 20:58:33,2025-10-10 20:56:10,867488067677285,2448,GTERI,0x19fe3fbf,0x00028102,802003,0x8303,0x0115,100,14013,0000,-,01,00,22,12,12,-,01,01,79.7,83.3,45,31,384,433,-23.097647,-23.120273,-50.304309,-50.322481,0724,0005,c2b3,06908b0a,10.0,181.0,177.8,0:12:06,5:32:42,-,-,0,-,,,,,01,1800,00000000,00,10,,,,,,,,,,,,,,,,,,,,,,,,,,,,
2025-10-10 21:00:57,,,,867488067677285,2450,HBD,,,,,,,,,,,,,,,,,,,,,,,,,,,,,,,,,,,,,,,,,,,,,,,,,,,,,,,,,,,,,,,,,,,,,,,,,,,,,
2025-10-10 21:00:57,2025-10-10 21:00:25,2025-10-10 21:00:25,2025-10-10 21:00:11,867488067677285,2451,GTPDP,0x19fe7fbf,,802003,0x8303,0x0115,100,14034,0000,0000,01,00,22,12,12,-,01,01,76.7,83.0,62,92,381,378,-23.088653,-23.089716,-50.284413,-50.2872,0724,0005,c2b3,06908b0a,12.5,183.5,183.2,0:13:57,5:34:33,-,-,0,-,,,,,,,,,,,,,,,,,,,,,,,,,,,,,,,,,,,,,
2025-10-10 21:00:57,,,,867488067677285,2453,HBD,,,,,,,,,,,,,,,,,,,,,,,,,,,,,,,,,,,,,,,,,,,,,,,,,,,,,,,,,,,,,,,,,,,,,,,,,,,,,
2025-10-10 21:01:34,2025-10-10 21:01:34,2025-10-10 21:01:32,2025-10-10 21:00:44,867488067677285,2454,GTERI,0x19fe3fbf,0x00028102,802003,0x8303,0x0115,100,14028,0000,-,01,00,22,12,12,-,01,01,79.0,81.4,36,61,434,397,-23.081661,-23.087116,-50.273068,-50.281313,0724,0005,c2b3,06908b08,13.9,184.9,183.9,0:15:06,5:35:42,-,-,0,-,,,,,04,28,00000000,00,10,,,,,,,,,,,,,,,,,,,,,,,,,,,,
2025-10-10 21:03:26,,,,867488067677285,2456,HBD,,,,,,,,,,,,,,,,,,,,,,,,,,,,,,,,,,,,,,,,,,,,,,,,,,,,,,,,,,,,,,,,,,,,,,,,,,,,,
2025-10-10 21:05:05,2025-10-10 21:04:34,2025-10-10 21:04:32,2025-10-10 21:02:06,867488067677285,2457,GTERI,0x19fe3fbf,0x00028102,802003,0x8303,0x0115,100,13986,0000,-,01,00,22,12,12,-,01,01,34.1,120.8,52,37,476,463,-23.054709,-23.075023,-50.242915,-50.267662,0724,0005,bff7,068fb202,18.2,189.3,185.8,0:18:06,5:38:42,-,-,0,-,,,,,04,7,00000000,00,10,,,,,,,,,,,,,,,,,,,,,,,,,,,,
2025-10-10 21:05:06,2025-10-10 21:04:34,2025-10-10 21:04:33,2025-10-10 21:04:33,867488067677285,2458,GTPDP,0x19fe7fbf,,802003,0x8303,0x0115,100,13986,0000,0000,01,00,22,12,12,-,01,01,37.0,37.0,53,53,476,476,-23.054654,-23.054654,-50.242837,-50.242837,0724,0005,bff7,068fb202,18.2,189.3,189.3,0:18:06,5:38:42,-,-,0,-,,,,,,,,,,,,,,,,,,,,,,,,,,,,,,,,,,,,,
2025-10-10 21:05:06,,,,867488067677285,2460,HBD,,,,,,,,,,,,,,,,,,,,,,,,,,,,,,,,,,,,,,,,,,,,,,,,,,,,,,,,,,,,,,,,,,,,,,,,,,,,,
2025-10-10 21:05:07,,,,867488067677285,2462,HBD,,,,,,,,,,,,,,,,,,,,,,,,,,,,,,,,,,,,,,,,,,,,,,,,,,,,,,,,,,,,,,,,,,,,,,,,,,,,,
2025-10-10 21:07:28,,,,867488067677285,2464,HBD,,,,,,,,,,,,,,,,,,,,,,,,,,,,,,,,,,,,,,,,,,,,,,,,,,,,,,,,,,,,,,,,,,,,,,,,,,,,,
2025-10-10 21:07:34,2025-10-10 21:07:34,2025-10-10 21:07:33,2025-10-10 21:05:03,867488067677285,2465,GTERI,0x19fe3fbf,0x00028102,802003,0x8303,0x0115,100,14031,0000,-,01,00,22,12,12,-,01,01,17.5,73.8,112,37,488,462,-23.049112,-23.051536,-50.230645,-50.239089,0724,0005,bff7,068fb200,19.9,190.9,189.8,0:21:06,5:41:42,-,-,0,-,,,,,04,7,00000000,00,10,,,,,,,,,,,,,,,,,,,,,,,,,,,,
2025-10-10 21:09:28,,,,867488067677285,2467,HBD,,,,,,,,,,,,,,,,,,,,,,,,,,,,,,,,,,,,,,,,,,,,,,,,,,,,,,,,,,,,,,,,,,,,,,,,,,,,,
2025-10-10 21:10:34,2025-10-10 21:10:34,2025-10-10 21:10:33,2025-10-10 21:09:39,867488067677285,2468,GTERI,0x19fe3fbf,0x00028102,802003,0x8303,0x0115,100,14038,0000,-,01,00,22,12,12,-,01,01,14.7,21.8,18,293,492,498,-23.049021,-23.049716,-50.231238,-50.230316,0724,0005,bff7,068fb200,20.5,191.6,191.4,0:24:06,5:44:42,-,-,0,-,,,,,04,7,00000000,00,10,,,,,,,,,,,,,,,,,,,,,,,,,,,,
2025-10-10 21:11:29,,,,867488067677285,2470,HBD,,,,,,,,,,,,,,,,,,,,,,,,,,,,,,,,,,,,,,,,,,,,,,,,,,,,,,,,,,,,,,,,,,,,,,,,,,,,,
2025-10-10 21:13:29,,,,867488067677285,2472,HBD,,,,,,,,,,,,,,,,,,,,,,,,,,,,,,,,,,,,,,,,,,,,,,,,,,,,,,,,,,,,,,,,,,,,,,,,,,,,,
2025-10-10 21:13:34,2025-10-10 21:13:34,2025-10-10 21:13:32,2025-10-10 21:11:26,867488067677285,2473,GTERI,0x19fe3fbf,0x00028102,802003,0x8303,0x0115,100,14005,0000,-,01,00,22,12,12,-,01,01,10.9,25.0,115,316,506,494,-23.044179,-23.04753,-50.228236,-50.230695,0724,0005,bff7,068fb200,21.3,192.3,191.8,0:27:06,5:47:42,-,-,0,-,,,,,04,7,00000000,00,10,,,,,,,,,,,,,,,,,,,,,,,,,,,,
2025-10-10 21:15:30,,,,867488067677285,2475,HBD,,,,,,,,,,,,,,,,,,,,,,,,,,,,,,,,,,,,,,,,,,,,,,,,,,,,,,,,,,,,,,,,,,,,,,,,,,,,,
2025-10-10 21:15:44,2025-10-10 21:15:44,2025-10-10 21:15:44,2025-10-10 21:14:04,867488067677285,2476,GTSTT,0x19fe7fbf,,802003,0x8303,0x0115,100,14063,0000,0000,01,00,21,12,12,-,01,01,0.0,16.1,115,138,493,495,-23.044915,-23.044924,-50.227223,-50.227491,0724,0005,bff7,068fb200,21.4,192.4,192.4,0:29:15,5:49:51,-,-,0,-,,,,,,,,,,,,,,,,,,,,,,,,,,,,,,,,,,,,,
2025-10-10 21:16:09,2025-10-10 21:16:09,2025-10-10 21:16:09,2025-10-10 21:16:09,867488067677285,2477,GTSTT,0x19fe7fbf,,802003,0x8303,0x0115,100,14062,0000,0000,01,00,22,12,12,-,01,01,0.0,0.0,328,328,493,493,-23.044915,-23.044915,-50.227223,-50.227223,0724,0005,bff7,068fb200,21.4,192.4,192.4,0:29:39,5:50:15,-,-,0,-,,,,,,,,,,,,,,,,,,,,,,,,,,,,,,,,,,,,,
2025-10-10 21:16:25,2025-10-10 21:16:25,2025-10-10 21:16:24,2025-10-10 21:16:22,867488067677285,2478,GTSTT,0x19fe7fbf,,802003,0x8303,0x0115,100,13995,0000,0000,01,00,21,12,12,-,01,01,0.0,1.3,115,95,494,494,-23.044894,-23.044899,-50.227248,-50.227243,0724,0005,bff7,068fb200,21.4,192.4,192.4,0:29:54,5:50:30,-,-,0,-,,,,,,,,,,,,,,,,,,,,,,,,,,,,,,,,,,,,,
2025-10-10 21:16:27,2025-10-10 21:16:27,2025-10-10 21:16:27,2025-10-10 21:16:27,867488067677285,2479,GTSTT,0x19fe7fbf,,802003,0x8303,0x0115,100,13995,0000,0000,01,00,22,12,12,-,01,01,0.0,0.0,115,115,494,494,-23.044894,-23.044894,-50.227248,-50.227248,0724,0005,bff7,068fb200,21.4,192.4,192.4,0:29:57,5:50:33,-,-,0,-,,,,,,,,,,,,,,,,,,,,,,,,,,,,,,,,,,,,,
2025-10-10 21:16:34,2025-10-10 21:16:34,2025-10-10 21:16:33,2025-10-10 21:16:34,867488067677285,2480,GTERI,0x19fe3fbf,0x00028102,802003,0x8303,0x0115,100,13183,0000,-,01,00,22,12,12,-,01,01,0.0,0.0,115,115,494,494,-23.044894,-23.044894,-50.227248,-50.227248,0724,0005,bff7,068fb200,21.4,192.4,192.4,0:30:06,5:50:42,-,-,0,-,,,,,04,7,00000000,00,10,,,,,,,,,,,,,,,,,,,,,,,,,,,,
2025-10-10 21:16:40,2025-10-10 21:16:40,2025-10-10 21:16:39,2025-10-10 21:16:39,867488067677285,2481,GTIGF,0x19fe7fbf,,802003,0x8303,0x0115,100,12905,0000,0000,00,00,12,12,12,1812,01,01,0.0,0.0,115,115,494,494,-23.044894,-23.044894,-50.227248,-50.227248,0724,0005,bff7,068fb200,21.4,192.4,192.4,0:30:09,5:50:45,-,-,0,-,,,,,,,,,,,,,,,,,,,,,,,,,,,,,,,,,,,,,
2025-10-10 21:16:40,2025-10-10 21:16:40,2025-10-10 21:16:39,2025-10-10 21:16:39,867488067677285,2482,GTSTT,0x19fe7fbf,,802003,0x8303,0x0115,100,12905,0000,0000,00,00,12,12,12,-,01,01,0.0,0.0,115,115,494,494,-23.044894,-23.044894,-50.227248,-50.227248,0724,0005,bff7,068fb200,21.4,192.4,192.4,0:30:09,5:50:45,-,-,0,-,,,,,,,,,,,,,,,,,,,,,,,,,,,,,,,,,,,,,
2025-10-10 21:16:40,2025-10-10 21:16:40,2025-10-10 21:16:40,2025-10-10 21:16:40,867488067677285,2483,GTIGL,0x19fe7fbf,,802003,0x8303,0x0115,100,12905,0000,0000,00,00,12,12,12,-,01,01,0.0,0.0,115,115,494,494,-23.044894,-23.044894,-50.227248,-50.227248,0724,0005,bff7,068fb200,21.4,192.4,192.4,0:30:09,5:50:45,-,-,0,-,,,,,,,,,01,,,,,,,,,,,,,,,,,,,,,,,,,,,,
2025-10-10 21:16:42,,,,867488067677285,2484,ACK,,,,,,,,,,,,,,,,,,,,,,,,,,,,,,,,,,,,,,,,,,,,,,,,,,,,,,,,,,,,,,,,,,,,,,,,,,,,,
2025-10-10 21:16:42,,,,867488067677285,2485,ACK,,,,,,,,,,,,,,,,,,,,,,,,,,,,,,,,,,,,,,,,,,,,,,,,,,,,,,,,,,,,,,,,,,,,,,,,,,,,,
2025-10-10 21:16:57,2025-10-10 21:16:57,2025-10-10 21:16:56,2025-10-10 21:16:56,867488067677285,2486,GTSTT,0x19fe7fbf,,802003,0x8303,0x0115,100,12784,0000,0000,00,00,11,12,12,-,01,01,0.0,0.0,115,115,494,494,-23.044894,-23.044894,-50.227248,-50.227248,0724,0005,bff7,068fb200,21.4,192.4,192.4,0:30:09,5:50:45,-,-,0,-,,,,,,,,,,,,,,,,,,,,,,,,,,,,,,,,,,,,,
2025-10-10 21:17:31,,,,867488067677285,2488,HBD,,,,,,,,,,,,,,,,,,,,,,,,,,,,,,,,,,,,,,,,,,,,,,,,,,,,,,,,,,,,,,,,,,,,,,,,,,,,,
2025-10-10 21:19:31,,,,867488067677285,2490,HBD,,,,,,,,,,,,,,,,,,,,,,,,,,,,,,,,,,,,,,,,,,,,,,,,,,,,,,,,,,,,,,,,,,,,,,,,,,,,,
2025-10-10 21:19:34,2025-10-10 21:19:34,2025-10-10 21:19:32,2025-10-10 21:19:32,867488067677285,2491,GTERI,0x19fe3fbf,0x00028102,802003,0x8303,0x0115,100,12866,0000,-,00,00,11,12,12,-,01,01,0.0,0.0,115,115,494,494,-23.044894,-23.044894,-50.227248,-50.227248,0724,0005,bff7,068fb200,21.4,192.4,192.4,0:30:09,5:50:45,-,-,0,-,,,,,04,7,00000000,00,10,,,,,,,,,,,,,,,,,,,,,,,,,,,,
2025-10-10 21:21:32,,,,867488067677285,2493,HBD,,,,,,,,,,,,,,,,,,,,,,,,,,,,,,,,,,,,,,,,,,,,,,,,,,,,,,,,,,,,,,,,,,,,,,,,,,,,,
2025-10-10 21:21:40,2025-10-10 21:21:40,2025-10-10 21:21:40,2025-10-10 21:21:40,867488067677285,2494,GTERI,0x19fe3fbf,0x00028102,802003,0x8303,0x0115,100,12968,0000,-,00,00,11,12,12,-,01,01,0.0,0.0,115,115,494,494,-23.044894,-23.044894,-50.227248,-50.227248,0724,0005,bff7,068fb200,21.4,192.4,192.4,0:30:09,5:50:45,-,-,0,-,,,,,04,7,00000000,00,10,,,,,,,,,,,,,,,,,,,,,,,,,,,,
2025-10-10 21:23:32,,,,867488067677285,2495,HBD,,,,,,,,,,,,,,,,,,,,,,,,,,,,,,,,,,,,,,,,,,,,,,,,,,,,,,,,,,,,,,,,,,,,,,,,,,,,,
2025-10-10 21:25:33,,,,867488067677285,2496,HBD,,,,,,,,,,,,,,,,,,,,,,,,,,,,,,,,,,,,,,,,,,,,,,,,,,,,,,,,,,,,,,,,,,,,,,,,,,,,,
2025-10-10 21:27:33,,,,867488067677285,2497,HBD,,,,,,,,,,,,,,,,,,,,,,,,,,,,,,,,,,,,,,,,,,,,,,,,,,,,,,,,,,,,,,,,,,,,,,,,,,,,,
2025-10-10 21:29:34,,,,867488067677285,2498,HBD,,,,,,,,,,,,,,,,,,,,,,,,,,,,,,,,,,,,,,,,,,,,,,,,,,,,,,,,,,,,,,,,,,,,,,,,,,,,,
2025-10-10 21:31:34,,,,867488067677285,2499,HBD,,,,,,,,,,,,,,,,,,,,,,,,,,,,,,,,,,,,,,,,,,,,,,,,,,,,,,,,,,,,,,,,,,,,,,,,,,,,,
2025-10-10 21:33:35,,,,867488067677285,2500,HBD,,,,,,,,,,,,,,,,,,,,,,,,,,,,,,,,,,,,,,,,,,,,,,,,,,,,,,,,,,,,,,,,,,,,,,,,,,,,,
2025-10-10 21:35:35,,,,867488067677285,2501,HBD,,,,,,,,,,,,,,,,,,,,,,,,,,,,,,,,,,,,,,,,,,,,,,,,,,,,,,,,,,,,,,,,,,,,,,,,,,,,,
2025-10-10 21:37:36,,,,867488067677285,2502,HBD,,,,,,,,,,,,,,,,,,,,,,,,,,,,,,,,,,,,,,,,,,,,,,,,,,,,,,,,,,,,,,,,,,,,,,,,,,,,,
2025-10-10 21:39:36,,,,867488067677285,2503,HBD,,,,,,,,,,,,,,,,,,,,,,,,,,,,,,,,,,,,,,,,,,,,,,,,,,,,,,,,,,,,,,,,,,,,,,,,,,,,,
2025-10-10 21:41:37,,,,867488067677285,2504,HBD,,,,,,,,,,,,,,,,,,,,,,,,,,,,,,,,,,,,,,,,,,,,,,,,,,,,,,,,,,,,,,,,,,,,,,,,,,,,,
2025-10-10 21:43:37,,,,867488067677285,2505,HBD,,,,,,,,,,,,,,,,,,,,,,,,,,,,,,,,,,,,,,,,,,,,,,,,,,,,,,,,,,,,,,,,,,,,,,,,,,,,,
2025-10-10 21:45:38,,,,867488067677285,2506,HBD,,,,,,,,,,,,,,,,,,,,,,,,,,,,,,,,,,,,,,,,,,,,,,,,,,,,,,,,,,,,,,,,,,,,,,,,,,,,,
2025-10-10 21:47:38,,,,867488067677285,2507,HBD,,,,,,,,,,,,,,,,,,,,,,,,,,,,,,,,,,,,,,,,,,,,,,,,,,,,,,,,,,,,,,,,,,,,,,,,,,,,,
2025-10-10 21:49:38,,,,867488067677285,2508,HBD,,,,,,,,,,,,,,,,,,,,,,,,,,,,,,,,,,,,,,,,,,,,,,,,,,,,,,,,,,,,,,,,,,,,,,,,,,,,,
2025-10-10 21:51:39,,,,867488067677285,2509,HBD,,,,,,,,,,,,,,,,,,,,,,,,,,,,,,,,,,,,,,,,,,,,,,,,,,,,,,,,,,,,,,,,,,,,,,,,,,,,,
2025-10-10 21:53:39,,,,867488067677285,2510,HBD,,,,,,,,,,,,,,,,,,,,,,,,,,,,,,,,,,,,,,,,,,,,,,,,,,,,,,,,,,,,,,,,,,,,,,,,,,,,,
2025-10-10 21:55:40,,,,867488067677285,2511,HBD,,,,,,,,,,,,,,,,,,,,,,,,,,,,,,,,,,,,,,,,,,,,,,,,,,,,,,,,,,,,,,,,,,,,,,,,,,,,,
2025-10-10 21:57:40,,,,867488067677285,2512,HBD,,,,,,,,,,,,,,,,,,,,,,,,,,,,,,,,,,,,,,,,,,,,,,,,,,,,,,,,,,,,,,,,,,,,,,,,,,,,,
2025-10-10 21:59:41,,,,867488067677285,2513,HBD,,,,,,,,,,,,,,,,,,,,,,,,,,,,,,,,,,,,,,,,,,,,,,,,,,,,,,,,,,,,,,,,,,,,,,,,,,,,,
2025-10-10 22:01:41,,,,867488067677285,2514,HBD,,,,,,,,,,,,,,,,,,,,,,,,,,,,,,,,,,,,,,,,,,,,,,,,,,,,,,,,,,,,,,,,,,,,,,,,,,,,,
2025-10-10 22:03:42,,,,867488067677285,2515,HBD,,,,,,,,,,,,,,,,,,,,,,,,,,,,,,,,,,,,,,,,,,,,,,,,,,,,,,,,,,,,,,,,,,,,,,,,,,,,,
2025-10-10 22:05:42,,,,867488067677285,2516,HBD,,,,,,,,,,,,,,,,,,,,,,,,,,,,,,,,,,,,,,,,,,,,,,,,,,,,,,,,,,,,,,,,,,,,,,,,,,,,,
2025-10-10 22:07:43,,,,867488067677285,2517,HBD,,,,,,,,,,,,,,,,,,,,,,,,,,,,,,,,,,,,,,,,,,,,,,,,,,,,,,,,,,,,,,,,,,,,,,,,,,,,,
2025-10-10 22:09:43,,,,867488067677285,2518,HBD,,,,,,,,,,,,,,,,,,,,,,,,,,,,,,,,,,,,,,,,,,,,,,,,,,,,,,,,,,,,,,,,,,,,,,,,,,,,,
2025-10-10 22:11:44,,,,867488067677285,2519,HBD,,,,,,,,,,,,,,,,,,,,,,,,,,,,,,,,,,,,,,,,,,,,,,,,,,,,,,,,,,,,,,,,,,,,,,,,,,,,,
2025-10-10 22:13:44,,,,867488067677285,2520,HBD,,,,,,,,,,,,,,,,,,,,,,,,,,,,,,,,,,,,,,,,,,,,,,,,,,,,,,,,,,,,,,,,,,,,,,,,,,,,,
2025-10-10 22:15:45,,,,867488067677285,2521,HBD,,,,,,,,,,,,,,,,,,,,,,,,,,,,,,,,,,,,,,,,,,,,,,,,,,,,,,,,,,,,,,,,,,,,,,,,,,,,,
2025-10-10 22:17:45,,,,867488067677285,2522,HBD,,,,,,,,,,,,,,,,,,,,,,,,,,,,,,,,,,,,,,,,,,,,,,,,,,,,,,,,,,,,,,,,,,,,,,,,,,,,,
2025-10-10 22:19:46,,,,867488067677285,2523,HBD,,,,,,,,,,,,,,,,,,,,,,,,,,,,,,,,,,,,,,,,,,,,,,,,,,,,,,,,,,,,,,,,,,,,,,,,,,,,,
2025-10-10 22:21:35,,,,867488067677285,2524,HBD,,,,,,,,,,,,,,,,,,,,,,,,,,,,,,,,,,,,,,,,,,,,,,,,,,,,,,,,,,,,,,,,,,,,,,,,,,,,,
2025-10-10 22:21:35,2025-10-10 22:21:35,2025-10-10 22:19:09,2025-10-10 22:19:09,867488067677285,2525,GTERI,0x19fe3fbf,0x00028102,802003,0x8303,0x0115,100,13008,0000,-,00,00,11,12,12,-,01,01,0.0,0.0,115,115,494,494,-23.044894,-23.044894,-50.227248,-50.227248,0724,0005,bff7,068fb200,21.4,192.4,192.4,0:30:09,5:50:45,-,-,0,-,,,,,04,7,00000000,00,10,,,,,,,,,,,,,,,,,,,,,,,,,,,,
2025-10-10 22:23:46,,,,867488067677285,2526,HBD,,,,,,,,,,,,,,,,,,,,,,,,,,,,,,,,,,,,,,,,,,,,,,,,,,,,,,,,,,,,,,,,,,,,,,,,,,,,,
2025-10-10 22:25:47,,,,867488067677285,2527,HBD,,,,,,,,,,,,,,,,,,,,,,,,,,,,,,,,,,,,,,,,,,,,,,,,,,,,,,,,,,,,,,,,,,,,,,,,,,,,,
2025-10-10 22:27:47,,,,867488067677285,2528,HBD,,,,,,,,,,,,,,,,,,,,,,,,,,,,,,,,,,,,,,,,,,,,,,,,,,,,,,,,,,,,,,,,,,,,,,,,,,,,,
2025-10-10 22:29:48,,,,867488067677285,2529,HBD,,,,,,,,,,,,,,,,,,,,,,,,,,,,,,,,,,,,,,,,,,,,,,,,,,,,,,,,,,,,,,,,,,,,,,,,,,,,,
2025-10-10 22:31:48,,,,867488067677285,2530,HBD,,,,,,,,,,,,,,,,,,,,,,,,,,,,,,,,,,,,,,,,,,,,,,,,,,,,,,,,,,,,,,,,,,,,,,,,,,,,,
2025-10-10 22:33:49,,,,867488067677285,2531,HBD,,,,,,,,,,,,,,,,,,,,,,,,,,,,,,,,,,,,,,,,,,,,,,,,,,,,,,,,,,,,,,,,,,,,,,,,,,,,,
2025-10-10 22:35:49,,,,867488067677285,2532,HBD,,,,,,,,,,,,,,,,,,,,,,,,,,,,,,,,,,,,,,,,,,,,,,,,,,,,,,,,,,,,,,,,,,,,,,,,,,,,,
2025-10-10 22:37:55,,,,867488067677285,2533,HBD,,,,,,,,,,,,,,,,,,,,,,,,,,,,,,,,,,,,,,,,,,,,,,,,,,,,,,,,,,,,,,,,,,,,,,,,,,,,,
2025-10-10 22:39:50,,,,867488067677285,2534,HBD,,,,,,,,,,,,,,,,,,,,,,,,,,,,,,,,,,,,,,,,,,,,,,,,,,,,,,,,,,,,,,,,,,,,,,,,,,,,,
2025-10-10 22:41:50,,,,867488067677285,2535,HBD,,,,,,,,,,,,,,,,,,,,,,,,,,,,,,,,,,,,,,,,,,,,,,,,,,,,,,,,,,,,,,,,,,,,,,,,,,,,,
2025-10-10 22:43:51,,,,867488067677285,2536,HBD,,,,,,,,,,,,,,,,,,,,,,,,,,,,,,,,,,,,,,,,,,,,,,,,,,,,,,,,,,,,,,,,,,,,,,,,,,,,,
2025-10-10 22:45:51,,,,867488067677285,2537,HBD,,,,,,,,,,,,,,,,,,,,,,,,,,,,,,,,,,,,,,,,,,,,,,,,,,,,,,,,,,,,,,,,,,,,,,,,,,,,,
2025-10-10 22:47:52,,,,867488067677285,2538,HBD,,,,,,,,,,,,,,,,,,,,,,,,,,,,,,,,,,,,,,,,,,,,,,,,,,,,,,,,,,,,,,,,,,,,,,,,,,,,,
2025-10-10 22:49:52,,,,867488067677285,2539,HBD,,,,,,,,,,,,,,,,,,,,,,,,,,,,,,,,,,,,,,,,,,,,,,,,,,,,,,,,,,,,,,,,,,,,,,,,,,,,,
2025-10-10 22:51:53,,,,867488067677285,2540,HBD,,,,,,,,,,,,,,,,,,,,,,,,,,,,,,,,,,,,,,,,,,,,,,,,,,,,,,,,,,,,,,,,,,,,,,,,,,,,,
2025-10-10 22:53:53,,,,867488067677285,2541,HBD,,,,,,,,,,,,,,,,,,,,,,,,,,,,,,,,,,,,,,,,,,,,,,,,,,,,,,,,,,,,,,,,,,,,,,,,,,,,,
2025-10-10 22:55:54,,,,867488067677285,2542,HBD,,,,,,,,,,,,,,,,,,,,,,,,,,,,,,,,,,,,,,,,,,,,,,,,,,,,,,,,,,,,,,,,,,,,,,,,,,,,,
2025-10-10 22:57:54,,,,867488067677285,2543,HBD,,,,,,,,,,,,,,,,,,,,,,,,,,,,,,,,,,,,,,,,,,,,,,,,,,,,,,,,,,,,,,,,,,,,,,,,,,,,,
2025-10-10 22:59:55,,,,867488067677285,2544,HBD,,,,,,,,,,,,,,,,,,,,,,,,,,,,,,,,,,,,,,,,,,,,,,,,,,,,,,,,,,,,,,,,,,,,,,,,,,,,,
2025-10-10 23:01:55,,,,867488067677285,2545,HBD,,,,,,,,,,,,,,,,,,,,,,,,,,,,,,,,,,,,,,,,,,,,,,,,,,,,,,,,,,,,,,,,,,,,,,,,,,,,,
2025-10-10 23:03:56,,,,867488067677285,2546,HBD,,,,,,,,,,,,,,,,,,,,,,,,,,,,,,,,,,,,,,,,,,,,,,,,,,,,,,,,,,,,,,,,,,,,,,,,,,,,,
2025-10-10 23:05:56,,,,867488067677285,2547,HBD,,,,,,,,,,,,,,,,,,,,,,,,,,,,,,,,,,,,,,,,,,,,,,,,,,,,,,,,,,,,,,,,,,,,,,,,,,,,,
2025-10-10 23:07:57,,,,867488067677285,2548,HBD,,,,,,,,,,,,,,,,,,,,,,,,,,,,,,,,,,,,,,,,,,,,,,,,,,,,,,,,,,,,,,,,,,,,,,,,,,,,,
2025-10-10 23:09:57,,,,867488067677285,2549,HBD,,,,,,,,,,,,,,,,,,,,,,,,,,,,,,,,,,,,,,,,,,,,,,,,,,,,,,,,,,,,,,,,,,,,,,,,,,,,,
2025-10-10 23:11:58,,,,867488067677285,2550,HBD,,,,,,,,,,,,,,,,,,,,,,,,,,,,,,,,,,,,,,,,,,,,,,,,,,,,,,,,,,,,,,,,,,,,,,,,,,,,,
2025-10-10 23:13:58,,,,867488067677285,2551,HBD,,,,,,,,,,,,,,,,,,,,,,,,,,,,,,,,,,,,,,,,,,,,,,,,,,,,,,,,,,,,,,,,,,,,,,,,,,,,,
2025-10-10 23:15:58,,,,867488067677285,2552,HBD,,,,,,,,,,,,,,,,,,,,,,,,,,,,,,,,,,,,,,,,,,,,,,,,,,,,,,,,,,,,,,,,,,,,,,,,,,,,,
2025-10-10 23:17:59,,,,867488067677285,2553,HBD,,,,,,,,,,,,,,,,,,,,,,,,,,,,,,,,,,,,,,,,,,,,,,,,,,,,,,,,,,,,,,,,,,,,,,,,,,,,,
2025-10-10 23:19:59,,,,867488067677285,2554,HBD,,,,,,,,,,,,,,,,,,,,,,,,,,,,,,,,,,,,,,,,,,,,,,,,,,,,,,,,,,,,,,,,,,,,,,,,,,,,,
2025-10-10 23:21:35,,,,867488067677285,2555,HBD,,,,,,,,,,,,,,,,,,,,,,,,,,,,,,,,,,,,,,,,,,,,,,,,,,,,,,,,,,,,,,,,,,,,,,,,,,,,,
2025-10-10 23:21:35,2025-10-10 23:21:35,2025-10-10 23:19:13,2025-10-10 23:19:13,867488067677285,2556,GTERI,0x19fe3fbf,0x00028102,802003,0x8303,0x0115,100,13042,0000,-,00,00,11,7,7,-,01,01,0.0,0.0,115,115,494,494,-23.044894,-23.044894,-50.227248,-50.227248,0724,0005,bff7,068fb200,21.4,192.4,192.4,0:30:09,5:50:45,-,-,0,-,,,,,04,7,00000000,00,10,,,,,,,,,,,,,,,,,,,,,,,,,,,,
2025-10-10 23:24:00,,,,867488067677285,2557,HBD,,,,,,,,,,,,,,,,,,,,,,,,,,,,,,,,,,,,,,,,,,,,,,,,,,,,,,,,,,,,,,,,,,,,,,,,,,,,,
2025-10-10 23:26:01,,,,867488067677285,2558,HBD,,,,,,,,,,,,,,,,,,,,,,,,,,,,,,,,,,,,,,,,,,,,,,,,,,,,,,,,,,,,,,,,,,,,,,,,,,,,,
2025-10-10 23:28:01,,,,867488067677285,2559,HBD,,,,,,,,,,,,,,,,,,,,,,,,,,,,,,,,,,,,,,,,,,,,,,,,,,,,,,,,,,,,,,,,,,,,,,,,,,,,,
2025-10-10 23:30:02,,,,867488067677285,2560,HBD,,,,,,,,,,,,,,,,,,,,,,,,,,,,,,,,,,,,,,,,,,,,,,,,,,,,,,,,,,,,,,,,,,,,,,,,,,,,,
2025-10-10 23:32:02,,,,867488067677285,2561,HBD,,,,,,,,,,,,,,,,,,,,,,,,,,,,,,,,,,,,,,,,,,,,,,,,,,,,,,,,,,,,,,,,,,,,,,,,,,,,,
2025-10-10 23:34:03,,,,867488067677285,2562,HBD,,,,,,,,,,,,,,,,,,,,,,,,,,,,,,,,,,,,,,,,,,,,,,,,,,,,,,,,,,,,,,,,,,,,,,,,,,,,,
2025-10-10 23:36:03,,,,867488067677285,2563,HBD,,,,,,,,,,,,,,,,,,,,,,,,,,,,,,,,,,,,,,,,,,,,,,,,,,,,,,,,,,,,,,,,,,,,,,,,,,,,,
2025-10-10 23:38:04,,,,867488067677285,2564,HBD,,,,,,,,,,,,,,,,,,,,,,,,,,,,,,,,,,,,,,,,,,,,,,,,,,,,,,,,,,,,,,,,,,,,,,,,,,,,,
2025-10-10 23:40:04,,,,867488067677285,2565,HBD,,,,,,,,,,,,,,,,,,,,,,,,,,,,,,,,,,,,,,,,,,,,,,,,,,,,,,,,,,,,,,,,,,,,,,,,,,,,,
2025-10-10 23:42:05,,,,867488067677285,2566,HBD,,,,,,,,,,,,,,,,,,,,,,,,,,,,,,,,,,,,,,,,,,,,,,,,,,,,,,,,,,,,,,,,,,,,,,,,,,,,,
2025-10-10 23:44:05,,,,867488067677285,2567,HBD,,,,,,,,,,,,,,,,,,,,,,,,,,,,,,,,,,,,,,,,,,,,,,,,,,,,,,,,,,,,,,,,,,,,,,,,,,,,,
2025-10-10 23:45:06,,,,867488067677285,2568,HBD,,,,,,,,,,,,,,,,,,,,,,,,,,,,,,,,,,,,,,,,,,,,,,,,,,,,,,,,,,,,,,,,,,,,,,,,,,,,,
2025-10-10 23:47:06,,,,867488067677285,2569,HBD,,,,,,,,,,,,,,,,,,,,,,,,,,,,,,,,,,,,,,,,,,,,,,,,,,,,,,,,,,,,,,,,,,,,,,,,,,,,,
2025-10-10 23:49:06,,,,867488067677285,2570,HBD,,,,,,,,,,,,,,,,,,,,,,,,,,,,,,,,,,,,,,,,,,,,,,,,,,,,,,,,,,,,,,,,,,,,,,,,,,,,,
2025-10-10 23:51:07,,,,867488067677285,2571,HBD,,,,,,,,,,,,,,,,,,,,,,,,,,,,,,,,,,,,,,,,,,,,,,,,,,,,,,,,,,,,,,,,,,,,,,,,,,,,,
2025-10-10 23:53:07,,,,867488067677285,2572,HBD,,,,,,,,,,,,,,,,,,,,,,,,,,,,,,,,,,,,,,,,,,,,,,,,,,,,,,,,,,,,,,,,,,,,,,,,,,,,,
2025-10-10 23:55:08,,,,867488067677285,2573,HBD,,,,,,,,,,,,,,,,,,,,,,,,,,,,,,,,,,,,,,,,,,,,,,,,,,,,,,,,,,,,,,,,,,,,,,,,,,,,,
2025-10-10 23:57:08,,,,867488067677285,2574,HBD,,,,,,,,,,,,,,,,,,,,,,,,,,,,,,,,,,,,,,,,,,,,,,,,,,,,,,,,,,,,,,,,,,,,,,,,,,,,,
2025-10-10 23:59:09,,,,867488067677285,2575,HBD,,,,,,,,,,,,,,,,,,,,,,,,,,,,,,,,,,,,,,,,,,,,,,,,,,,,,,,,,,,,,,,,,,,,,,,,,,,,,
2025-10-11 00:01:09,,,,867488067677285,2576,HBD,,,,,,,,,,,,,,,,,,,,,,,,,,,,,,,,,,,,,,,,,,,,,,,,,,,,,,,,,,,,,,,,,,,,,,,,,,,,,
2025-10-11 00:03:10,,,,867488067677285,2577,HBD,,,,,,,,,,,,,,,,,,,,,,,,,,,,,,,,,,,,,,,,,,,,,,,,,,,,,,,,,,,,,,,,,,,,,,,,,,,,,
2025-10-11 00:05:10,,,,867488067677285,2578,HBD,,,,,,,,,,,,,,,,,,,,,,,,,,,,,,,,,,,,,,,,,,,,,,,,,,,,,,,,,,,,,,,,,,,,,,,,,,,,,
2025-10-11 00:07:11,,,,867488067677285,2579,HBD,,,,,,,,,,,,,,,,,,,,,,,,,,,,,,,,,,,,,,,,,,,,,,,,,,,,,,,,,,,,,,,,,,,,,,,,,,,,,
2025-10-11 00:09:11,,,,867488067677285,2580,HBD,,,,,,,,,,,,,,,,,,,,,,,,,,,,,,,,,,,,,,,,,,,,,,,,,,,,,,,,,,,,,,,,,,,,,,,,,,,,,
2025-10-11 00:11:12,,,,867488067677285,2581,HBD,,,,,,,,,,,,,,,,,,,,,,,,,,,,,,,,,,,,,,,,,,,,,,,,,,,,,,,,,,,,,,,,,,,,,,,,,,,,,
2025-10-11 00:13:12,,,,867488067677285,2582,HBD,,,,,,,,,,,,,,,,,,,,,,,,,,,,,,,,,,,,,,,,,,,,,,,,,,,,,,,,,,,,,,,,,,,,,,,,,,,,,
2025-10-11 00:15:12,,,,867488067677285,2583,HBD,,,,,,,,,,,,,,,,,,,,,,,,,,,,,,,,,,,,,,,,,,,,,,,,,,,,,,,,,,,,,,,,,,,,,,,,,,,,,
2025-10-11 00:17:13,,,,867488067677285,2584,HBD,,,,,,,,,,,,,,,,,,,,,,,,,,,,,,,,,,,,,,,,,,,,,,,,,,,,,,,,,,,,,,,,,,,,,,,,,,,,,
2025-10-11 00:19:13,,,,867488067677285,2585,HBD,,,,,,,,,,,,,,,,,,,,,,,,,,,,,,,,,,,,,,,,,,,,,,,,,,,,,,,,,,,,,,,,,,,,,,,,,,,,,
2025-10-11 00:21:14,,,,867488067677285,2586,HBD,,,,,,,,,,,,,,,,,,,,,,,,,,,,,,,,,,,,,,,,,,,,,,,,,,,,,,,,,,,,,,,,,,,,,,,,,,,,,
2025-10-11 00:21:35,2025-10-11 00:21:35,2025-10-11 00:19:50,2025-10-11 00:19:50,867488067677285,2587,GTERI,0x19fe3fbf,0x00028102,802003,0x8303,0x0115,100,13025,0000,-,00,00,11,6,6,-,01,01,0.0,0.0,115,115,494,494,-23.044894,-23.044894,-50.227248,-50.227248,0724,0005,bff7,068fb200,21.4,192.4,192.4,0:30:09,5:50:45,-,-,0,-,,,,,04,7,00000000,00,10,,,,,,,,,,,,,,,,,,,,,,,,,,,,
2025-10-11 00:23:14,,,,867488067677285,2588,HBD,,,,,,,,,,,,,,,,,,,,,,,,,,,,,,,,,,,,,,,,,,,,,,,,,,,,,,,,,,,,,,,,,,,,,,,,,,,,,
2025-10-11 00:25:15,,,,867488067677285,2589,HBD,,,,,,,,,,,,,,,,,,,,,,,,,,,,,,,,,,,,,,,,,,,,,,,,,,,,,,,,,,,,,,,,,,,,,,,,,,,,,
2025-10-11 00:27:15,,,,867488067677285,2590,HBD,,,,,,,,,,,,,,,,,,,,,,,,,,,,,,,,,,,,,,,,,,,,,,,,,,,,,,,,,,,,,,,,,,,,,,,,,,,,,
2025-10-11 00:29:16,,,,867488067677285,2591,HBD,,,,,,,,,,,,,,,,,,,,,,,,,,,,,,,,,,,,,,,,,,,,,,,,,,,,,,,,,,,,,,,,,,,,,,,,,,,,,
2025-10-11 00:31:16,,,,867488067677285,2592,HBD,,,,,,,,,,,,,,,,,,,,,,,,,,,,,,,,,,,,,,,,,,,,,,,,,,,,,,,,,,,,,,,,,,,,,,,,,,,,,
2025-10-11 00:33:17,,,,867488067677285,2593,HBD,,,,,,,,,,,,,,,,,,,,,,,,,,,,,,,,,,,,,,,,,,,,,,,,,,,,,,,,,,,,,,,,,,,,,,,,,,,,,
2025-10-11 00:35:17,,,,867488067677285,2594,HBD,,,,,,,,,,,,,,,,,,,,,,,,,,,,,,,,,,,,,,,,,,,,,,,,,,,,,,,,,,,,,,,,,,,,,,,,,,,,,
2025-10-11 00:37:18,,,,867488067677285,2595,HBD,,,,,,,,,,,,,,,,,,,,,,,,,,,,,,,,,,,,,,,,,,,,,,,,,,,,,,,,,,,,,,,,,,,,,,,,,,,,,
2025-10-11 00:39:18,,,,867488067677285,2596,HBD,,,,,,,,,,,,,,,,,,,,,,,,,,,,,,,,,,,,,,,,,,,,,,,,,,,,,,,,,,,,,,,,,,,,,,,,,,,,,
2025-10-11 00:41:19,,,,867488067677285,2597,HBD,,,,,,,,,,,,,,,,,,,,,,,,,,,,,,,,,,,,,,,,,,,,,,,,,,,,,,,,,,,,,,,,,,,,,,,,,,,,,
2025-10-11 00:43:19,,,,867488067677285,2598,HBD,,,,,,,,,,,,,,,,,,,,,,,,,,,,,,,,,,,,,,,,,,,,,,,,,,,,,,,,,,,,,,,,,,,,,,,,,,,,,
2025-10-11 00:45:20,,,,867488067677285,2599,HBD,,,,,,,,,,,,,,,,,,,,,,,,,,,,,,,,,,,,,,,,,,,,,,,,,,,,,,,,,,,,,,,,,,,,,,,,,,,,,
2025-10-11 00:47:20,,,,867488067677285,2600,HBD,,,,,,,,,,,,,,,,,,,,,,,,,,,,,,,,,,,,,,,,,,,,,,,,,,,,,,,,,,,,,,,,,,,,,,,,,,,,,
2025-10-11 00:49:20,,,,867488067677285,2601,HBD,,,,,,,,,,,,,,,,,,,,,,,,,,,,,,,,,,,,,,,,,,,,,,,,,,,,,,,,,,,,,,,,,,,,,,,,,,,,,
2025-10-11 00:51:21,,,,867488067677285,2602,HBD,,,,,,,,,,,,,,,,,,,,,,,,,,,,,,,,,,,,,,,,,,,,,,,,,,,,,,,,,,,,,,,,,,,,,,,,,,,,,
2025-10-11 00:53:21,,,,867488067677285,2603,HBD,,,,,,,,,,,,,,,,,,,,,,,,,,,,,,,,,,,,,,,,,,,,,,,,,,,,,,,,,,,,,,,,,,,,,,,,,,,,,
2025-10-11 00:55:22,,,,867488067677285,2604,HBD,,,,,,,,,,,,,,,,,,,,,,,,,,,,,,,,,,,,,,,,,,,,,,,,,,,,,,,,,,,,,,,,,,,,,,,,,,,,,
2025-10-11 00:57:22,,,,867488067677285,2605,HBD,,,,,,,,,,,,,,,,,,,,,,,,,,,,,,,,,,,,,,,,,,,,,,,,,,,,,,,,,,,,,,,,,,,,,,,,,,,,,
2025-10-11 00:59:23,,,,867488067677285,2606,HBD,,,,,,,,,,,,,,,,,,,,,,,,,,,,,,,,,,,,,,,,,,,,,,,,,,,,,,,,,,,,,,,,,,,,,,,,,,,,,
2025-10-11 01:01:23,,,,867488067677285,2607,HBD,,,,,,,,,,,,,,,,,,,,,,,,,,,,,,,,,,,,,,,,,,,,,,,,,,,,,,,,,,,,,,,,,,,,,,,,,,,,,
2025-10-11 01:03:24,,,,867488067677285,2608,HBD,,,,,,,,,,,,,,,,,,,,,,,,,,,,,,,,,,,,,,,,,,,,,,,,,,,,,,,,,,,,,,,,,,,,,,,,,,,,,
2025-10-11 01:05:24,,,,867488067677285,2609,HBD,,,,,,,,,,,,,,,,,,,,,,,,,,,,,,,,,,,,,,,,,,,,,,,,,,,,,,,,,,,,,,,,,,,,,,,,,,,,,
2025-10-11 01:07:25,,,,867488067677285,2610,HBD,,,,,,,,,,,,,,,,,,,,,,,,,,,,,,,,,,,,,,,,,,,,,,,,,,,,,,,,,,,,,,,,,,,,,,,,,,,,,
2025-10-11 01:09:25,,,,867488067677285,2611,HBD,,,,,,,,,,,,,,,,,,,,,,,,,,,,,,,,,,,,,,,,,,,,,,,,,,,,,,,,,,,,,,,,,,,,,,,,,,,,,
2025-10-11 01:11:26,,,,867488067677285,2612,HBD,,,,,,,,,,,,,,,,,,,,,,,,,,,,,,,,,,,,,,,,,,,,,,,,,,,,,,,,,,,,,,,,,,,,,,,,,,,,,
2025-10-11 01:13:26,,,,867488067677285,2613,HBD,,,,,,,,,,,,,,,,,,,,,,,,,,,,,,,,,,,,,,,,,,,,,,,,,,,,,,,,,,,,,,,,,,,,,,,,,,,,,
2025-10-11 01:15:27,,,,867488067677285,2614,HBD,,,,,,,,,,,,,,,,,,,,,,,,,,,,,,,,,,,,,,,,,,,,,,,,,,,,,,,,,,,,,,,,,,,,,,,,,,,,,
2025-10-11 01:17:27,,,,867488067677285,2615,HBD,,,,,,,,,,,,,,,,,,,,,,,,,,,,,,,,,,,,,,,,,,,,,,,,,,,,,,,,,,,,,,,,,,,,,,,,,,,,,
2025-10-11 01:19:28,,,,867488067677285,2616,HBD,,,,,,,,,,,,,,,,,,,,,,,,,,,,,,,,,,,,,,,,,,,,,,,,,,,,,,,,,,,,,,,,,,,,,,,,,,,,,
2025-10-11 01:21:28,,,,867488067677285,2617,HBD,,,,,,,,,,,,,,,,,,,,,,,,,,,,,,,,,,,,,,,,,,,,,,,,,,,,,,,,,,,,,,,,,,,,,,,,,,,,,
2025-10-11 01:21:35,2025-10-11 01:21:35,2025-10-11 01:19:36,2025-10-11 01:19:36,867488067677285,2618,GTERI,0x19fe3fbf,0x00028102,802003,0x8303,0x0115,100,13022,0000,-,00,00,11,5,5,-,01,01,0.0,0.0,115,115,494,494,-23.044894,-23.044894,-50.227248,-50.227248,0724,0005,bff7,068fb200,21.4,192.4,192.4,0:30:09,5:50:45,-,-,0,-,,,,,04,7,00000000,00,10,,,,,,,,,,,,,,,,,,,,,,,,,,,,
2025-10-11 01:23:28,,,,867488067677285,2619,HBD,,,,,,,,,,,,,,,,,,,,,,,,,,,,,,,,,,,,,,,,,,,,,,,,,,,,,,,,,,,,,,,,,,,,,,,,,,,,,
2025-10-11 01:25:29,,,,867488067677285,2620,HBD,,,,,,,,,,,,,,,,,,,,,,,,,,,,,,,,,,,,,,,,,,,,,,,,,,,,,,,,,,,,,,,,,,,,,,,,,,,,,
2025-10-11 01:27:29,,,,867488067677285,2621,HBD,,,,,,,,,,,,,,,,,,,,,,,,,,,,,,,,,,,,,,,,,,,,,,,,,,,,,,,,,,,,,,,,,,,,,,,,,,,,,
2025-10-11 01:29:30,,,,867488067677285,2622,HBD,,,,,,,,,,,,,,,,,,,,,,,,,,,,,,,,,,,,,,,,,,,,,,,,,,,,,,,,,,,,,,,,,,,,,,,,,,,,,
2025-10-11 01:31:30,,,,867488067677285,2623,HBD,,,,,,,,,,,,,,,,,,,,,,,,,,,,,,,,,,,,,,,,,,,,,,,,,,,,,,,,,,,,,,,,,,,,,,,,,,,,,
2025-10-11 01:33:31,,,,867488067677285,2624,HBD,,,,,,,,,,,,,,,,,,,,,,,,,,,,,,,,,,,,,,,,,,,,,,,,,,,,,,,,,,,,,,,,,,,,,,,,,,,,,
2025-10-11 01:35:31,,,,867488067677285,2625,HBD,,,,,,,,,,,,,,,,,,,,,,,,,,,,,,,,,,,,,,,,,,,,,,,,,,,,,,,,,,,,,,,,,,,,,,,,,,,,,
2025-10-11 01:37:32,,,,867488067677285,2626,HBD,,,,,,,,,,,,,,,,,,,,,,,,,,,,,,,,,,,,,,,,,,,,,,,,,,,,,,,,,,,,,,,,,,,,,,,,,,,,,
2025-10-11 01:39:32,,,,867488067677285,2627,HBD,,,,,,,,,,,,,,,,,,,,,,,,,,,,,,,,,,,,,,,,,,,,,,,,,,,,,,,,,,,,,,,,,,,,,,,,,,,,,
2025-10-11 01:41:33,,,,867488067677285,2628,HBD,,,,,,,,,,,,,,,,,,,,,,,,,,,,,,,,,,,,,,,,,,,,,,,,,,,,,,,,,,,,,,,,,,,,,,,,,,,,,
2025-10-11 01:43:33,,,,867488067677285,2629,HBD,,,,,,,,,,,,,,,,,,,,,,,,,,,,,,,,,,,,,,,,,,,,,,,,,,,,,,,,,,,,,,,,,,,,,,,,,,,,,
2025-10-11 01:45:34,,,,867488067677285,2630,HBD,,,,,,,,,,,,,,,,,,,,,,,,,,,,,,,,,,,,,,,,,,,,,,,,,,,,,,,,,,,,,,,,,,,,,,,,,,,,,
2025-10-11 01:47:34,,,,867488067677285,2631,HBD,,,,,,,,,,,,,,,,,,,,,,,,,,,,,,,,,,,,,,,,,,,,,,,,,,,,,,,,,,,,,,,,,,,,,,,,,,,,,
2025-10-11 01:49:35,,,,867488067677285,2632,HBD,,,,,,,,,,,,,,,,,,,,,,,,,,,,,,,,,,,,,,,,,,,,,,,,,,,,,,,,,,,,,,,,,,,,,,,,,,,,,
2025-10-11 01:51:35,,,,867488067677285,2633,HBD,,,,,,,,,,,,,,,,,,,,,,,,,,,,,,,,,,,,,,,,,,,,,,,,,,,,,,,,,,,,,,,,,,,,,,,,,,,,,
2025-10-11 01:53:36,,,,867488067677285,2634,HBD,,,,,,,,,,,,,,,,,,,,,,,,,,,,,,,,,,,,,,,,,,,,,,,,,,,,,,,,,,,,,,,,,,,,,,,,,,,,,
2025-10-11 01:55:36,,,,867488067677285,2635,HBD,,,,,,,,,,,,,,,,,,,,,,,,,,,,,,,,,,,,,,,,,,,,,,,,,,,,,,,,,,,,,,,,,,,,,,,,,,,,,
2025-10-11 01:57:37,,,,867488067677285,2636,HBD,,,,,,,,,,,,,,,,,,,,,,,,,,,,,,,,,,,,,,,,,,,,,,,,,,,,,,,,,,,,,,,,,,,,,,,,,,,,,
2025-10-11 01:59:37,,,,867488067677285,2637,HBD,,,,,,,,,,,,,,,,,,,,,,,,,,,,,,,,,,,,,,,,,,,,,,,,,,,,,,,,,,,,,,,,,,,,,,,,,,,,,
2025-10-11 02:01:38,,,,867488067677285,2638,HBD,,,,,,,,,,,,,,,,,,,,,,,,,,,,,,,,,,,,,,,,,,,,,,,,,,,,,,,,,,,,,,,,,,,,,,,,,,,,,
2025-10-11 02:03:38,,,,867488067677285,2639,HBD,,,,,,,,,,,,,,,,,,,,,,,,,,,,,,,,,,,,,,,,,,,,,,,,,,,,,,,,,,,,,,,,,,,,,,,,,,,,,
2025-10-11 02:05:38,,,,867488067677285,2640,HBD,,,,,,,,,,,,,,,,,,,,,,,,,,,,,,,,,,,,,,,,,,,,,,,,,,,,,,,,,,,,,,,,,,,,,,,,,,,,,
2025-10-11 02:07:39,,,,867488067677285,2641,HBD,,,,,,,,,,,,,,,,,,,,,,,,,,,,,,,,,,,,,,,,,,,,,,,,,,,,,,,,,,,,,,,,,,,,,,,,,,,,,
2025-10-11 02:09:39,,,,867488067677285,2642,HBD,,,,,,,,,,,,,,,,,,,,,,,,,,,,,,,,,,,,,,,,,,,,,,,,,,,,,,,,,,,,,,,,,,,,,,,,,,,,,
2025-10-11 02:11:40,,,,867488067677285,2643,HBD,,,,,,,,,,,,,,,,,,,,,,,,,,,,,,,,,,,,,,,,,,,,,,,,,,,,,,,,,,,,,,,,,,,,,,,,,,,,,
2025-10-11 02:13:41,,,,867488067677285,2644,HBD,,,,,,,,,,,,,,,,,,,,,,,,,,,,,,,,,,,,,,,,,,,,,,,,,,,,,,,,,,,,,,,,,,,,,,,,,,,,,
2025-10-11 02:15:41,,,,867488067677285,2645,HBD,,,,,,,,,,,,,,,,,,,,,,,,,,,,,,,,,,,,,,,,,,,,,,,,,,,,,,,,,,,,,,,,,,,,,,,,,,,,,
2025-10-11 02:17:42,,,,867488067677285,2646,HBD,,,,,,,,,,,,,,,,,,,,,,,,,,,,,,,,,,,,,,,,,,,,,,,,,,,,,,,,,,,,,,,,,,,,,,,,,,,,,
2025-10-11 02:19:42,,,,867488067677285,2647,HBD,,,,,,,,,,,,,,,,,,,,,,,,,,,,,,,,,,,,,,,,,,,,,,,,,,,,,,,,,,,,,,,,,,,,,,,,,,,,,
2025-10-11 02:21:35,,,,867488067677285,2648,HBD,,,,,,,,,,,,,,,,,,,,,,,,,,,,,,,,,,,,,,,,,,,,,,,,,,,,,,,,,,,,,,,,,,,,,,,,,,,,,
2025-10-11 02:21:35,2025-10-11 02:21:35,2025-10-11 02:19:31,2025-10-11 02:19:31,867488067677285,2649,GTERI,0x19fe3fbf,0x00028102,802003,0x8303,0x0115,100,13005,0000,-,00,00,11,9,9,-,01,01,0.0,0.0,115,115,494,494,-23.044894,-23.044894,-50.227248,-50.227248,0724,0005,bff7,068fb200,21.4,192.4,192.4,0:30:09,5:50:45,-,-,0,-,,,,,04,7,00000000,00,10,,,,,,,,,,,,,,,,,,,,,,,,,,,,
2025-10-11 02:23:43,,,,867488067677285,2650,HBD,,,,,,,,,,,,,,,,,,,,,,,,,,,,,,,,,,,,,,,,,,,,,,,,,,,,,,,,,,,,,,,,,,,,,,,,,,,,,
2025-10-11 02:25:43,,,,867488067677285,2651,HBD,,,,,,,,,,,,,,,,,,,,,,,,,,,,,,,,,,,,,,,,,,,,,,,,,,,,,,,,,,,,,,,,,,,,,,,,,,,,,
2025-10-11 02:27:44,,,,867488067677285,2652,HBD,,,,,,,,,,,,,,,,,,,,,,,,,,,,,,,,,,,,,,,,,,,,,,,,,,,,,,,,,,,,,,,,,,,,,,,,,,,,,
2025-10-11 02:29:44,,,,867488067677285,2653,HBD,,,,,,,,,,,,,,,,,,,,,,,,,,,,,,,,,,,,,,,,,,,,,,,,,,,,,,,,,,,,,,,,,,,,,,,,,,,,,
2025-10-11 02:31:45,,,,867488067677285,2654,HBD,,,,,,,,,,,,,,,,,,,,,,,,,,,,,,,,,,,,,,,,,,,,,,,,,,,,,,,,,,,,,,,,,,,,,,,,,,,,,
2025-10-11 02:33:45,,,,867488067677285,2655,HBD,,,,,,,,,,,,,,,,,,,,,,,,,,,,,,,,,,,,,,,,,,,,,,,,,,,,,,,,,,,,,,,,,,,,,,,,,,,,,
2025-10-11 02:35:46,,,,867488067677285,2656,HBD,,,,,,,,,,,,,,,,,,,,,,,,,,,,,,,,,,,,,,,,,,,,,,,,,,,,,,,,,,,,,,,,,,,,,,,,,,,,,
2025-10-11 02:37:46,,,,867488067677285,2657,HBD,,,,,,,,,,,,,,,,,,,,,,,,,,,,,,,,,,,,,,,,,,,,,,,,,,,,,,,,,,,,,,,,,,,,,,,,,,,,,
2025-10-11 02:39:46,,,,867488067677285,2658,HBD,,,,,,,,,,,,,,,,,,,,,,,,,,,,,,,,,,,,,,,,,,,,,,,,,,,,,,,,,,,,,,,,,,,,,,,,,,,,,
2025-10-11 02:41:47,,,,867488067677285,2659,HBD,,,,,,,,,,,,,,,,,,,,,,,,,,,,,,,,,,,,,,,,,,,,,,,,,,,,,,,,,,,,,,,,,,,,,,,,,,,,,
2025-10-11 02:43:47,,,,867488067677285,2660,HBD,,,,,,,,,,,,,,,,,,,,,,,,,,,,,,,,,,,,,,,,,,,,,,,,,,,,,,,,,,,,,,,,,,,,,,,,,,,,,
2025-10-11 02:45:48,,,,867488067677285,2661,HBD,,,,,,,,,,,,,,,,,,,,,,,,,,,,,,,,,,,,,,,,,,,,,,,,,,,,,,,,,,,,,,,,,,,,,,,,,,,,,
2025-10-11 02:47:48,,,,867488067677285,2662,HBD,,,,,,,,,,,,,,,,,,,,,,,,,,,,,,,,,,,,,,,,,,,,,,,,,,,,,,,,,,,,,,,,,,,,,,,,,,,,,
2025-10-11 02:49:49,,,,867488067677285,2663,HBD,,,,,,,,,,,,,,,,,,,,,,,,,,,,,,,,,,,,,,,,,,,,,,,,,,,,,,,,,,,,,,,,,,,,,,,,,,,,,
2025-10-11 02:51:49,,,,867488067677285,2664,HBD,,,,,,,,,,,,,,,,,,,,,,,,,,,,,,,,,,,,,,,,,,,,,,,,,,,,,,,,,,,,,,,,,,,,,,,,,,,,,
2025-10-11 02:53:50,,,,867488067677285,2665,HBD,,,,,,,,,,,,,,,,,,,,,,,,,,,,,,,,,,,,,,,,,,,,,,,,,,,,,,,,,,,,,,,,,,,,,,,,,,,,,
2025-10-11 02:55:50,,,,867488067677285,2666,HBD,,,,,,,,,,,,,,,,,,,,,,,,,,,,,,,,,,,,,,,,,,,,,,,,,,,,,,,,,,,,,,,,,,,,,,,,,,,,,
2025-10-11 02:57:51,,,,867488067677285,2667,HBD,,,,,,,,,,,,,,,,,,,,,,,,,,,,,,,,,,,,,,,,,,,,,,,,,,,,,,,,,,,,,,,,,,,,,,,,,,,,,
2025-10-11 02:59:51,,,,867488067677285,2668,HBD,,,,,,,,,,,,,,,,,,,,,,,,,,,,,,,,,,,,,,,,,,,,,,,,,,,,,,,,,,,,,,,,,,,,,,,,,,,,,
2025-10-11 03:01:52,,,,867488067677285,2669,HBD,,,,,,,,,,,,,,,,,,,,,,,,,,,,,,,,,,,,,,,,,,,,,,,,,,,,,,,,,,,,,,,,,,,,,,,,,,,,,
2025-10-11 03:03:52,,,,867488067677285,2670,HBD,,,,,,,,,,,,,,,,,,,,,,,,,,,,,,,,,,,,,,,,,,,,,,,,,,,,,,,,,,,,,,,,,,,,,,,,,,,,,
2025-10-11 03:05:53,,,,867488067677285,2671,HBD,,,,,,,,,,,,,,,,,,,,,,,,,,,,,,,,,,,,,,,,,,,,,,,,,,,,,,,,,,,,,,,,,,,,,,,,,,,,,
2025-10-11 03:07:53,,,,867488067677285,2672,HBD,,,,,,,,,,,,,,,,,,,,,,,,,,,,,,,,,,,,,,,,,,,,,,,,,,,,,,,,,,,,,,,,,,,,,,,,,,,,,
2025-10-11 03:09:54,,,,867488067677285,2673,HBD,,,,,,,,,,,,,,,,,,,,,,,,,,,,,,,,,,,,,,,,,,,,,,,,,,,,,,,,,,,,,,,,,,,,,,,,,,,,,
2025-10-11 03:11:54,,,,867488067677285,2674,HBD,,,,,,,,,,,,,,,,,,,,,,,,,,,,,,,,,,,,,,,,,,,,,,,,,,,,,,,,,,,,,,,,,,,,,,,,,,,,,
2025-10-11 03:13:54,,,,867488067677285,2675,HBD,,,,,,,,,,,,,,,,,,,,,,,,,,,,,,,,,,,,,,,,,,,,,,,,,,,,,,,,,,,,,,,,,,,,,,,,,,,,,
2025-10-11 03:15:55,,,,867488067677285,2676,HBD,,,,,,,,,,,,,,,,,,,,,,,,,,,,,,,,,,,,,,,,,,,,,,,,,,,,,,,,,,,,,,,,,,,,,,,,,,,,,
2025-10-11 03:17:55,,,,867488067677285,2677,HBD,,,,,,,,,,,,,,,,,,,,,,,,,,,,,,,,,,,,,,,,,,,,,,,,,,,,,,,,,,,,,,,,,,,,,,,,,,,,,
2025-10-11 03:19:56,,,,867488067677285,2678,HBD,,,,,,,,,,,,,,,,,,,,,,,,,,,,,,,,,,,,,,,,,,,,,,,,,,,,,,,,,,,,,,,,,,,,,,,,,,,,,
2025-10-11 03:21:35,,,,867488067677285,2679,HBD,,,,,,,,,,,,,,,,,,,,,,,,,,,,,,,,,,,,,,,,,,,,,,,,,,,,,,,,,,,,,,,,,,,,,,,,,,,,,
2025-10-11 03:21:35,2025-10-11 03:21:35,2025-10-11 03:19:11,2025-10-11 03:19:11,867488067677285,2680,GTERI,0x19fe3fbf,0x00028102,802003,0x8303,0x0115,100,12988,0000,-,00,00,11,7,7,-,01,01,0.0,0.0,115,115,494,494,-23.044894,-23.044894,-50.227248,-50.227248,0724,0005,bff7,068fb200,21.4,192.4,192.4,0:30:09,5:50:45,-,-,0,-,,,,,04,7,00000000,00,10,,,,,,,,,,,,,,,,,,,,,,,,,,,,
2025-10-11 03:23:57,,,,867488067677285,2681,HBD,,,,,,,,,,,,,,,,,,,,,,,,,,,,,,,,,,,,,,,,,,,,,,,,,,,,,,,,,,,,,,,,,,,,,,,,,,,,,
2025-10-11 03:25:57,,,,867488067677285,2682,HBD,,,,,,,,,,,,,,,,,,,,,,,,,,,,,,,,,,,,,,,,,,,,,,,,,,,,,,,,,,,,,,,,,,,,,,,,,,,,,
2025-10-11 03:27:58,,,,867488067677285,2683,HBD,,,,,,,,,,,,,,,,,,,,,,,,,,,,,,,,,,,,,,,,,,,,,,,,,,,,,,,,,,,,,,,,,,,,,,,,,,,,,
2025-10-11 03:29:58,,,,867488067677285,2684,HBD,,,,,,,,,,,,,,,,,,,,,,,,,,,,,,,,,,,,,,,,,,,,,,,,,,,,,,,,,,,,,,,,,,,,,,,,,,,,,
2025-10-11 03:31:58,,,,867488067677285,2685,HBD,,,,,,,,,,,,,,,,,,,,,,,,,,,,,,,,,,,,,,,,,,,,,,,,,,,,,,,,,,,,,,,,,,,,,,,,,,,,,
2025-10-11 03:33:59,,,,867488067677285,2686,HBD,,,,,,,,,,,,,,,,,,,,,,,,,,,,,,,,,,,,,,,,,,,,,,,,,,,,,,,,,,,,,,,,,,,,,,,,,,,,,
2025-10-11 03:35:59,,,,867488067677285,2687,HBD,,,,,,,,,,,,,,,,,,,,,,,,,,,,,,,,,,,,,,,,,,,,,,,,,,,,,,,,,,,,,,,,,,,,,,,,,,,,,
2025-10-11 03:38:00,,,,867488067677285,2688,HBD,,,,,,,,,,,,,,,,,,,,,,,,,,,,,,,,,,,,,,,,,,,,,,,,,,,,,,,,,,,,,,,,,,,,,,,,,,,,,
2025-10-11 03:40:01,,,,867488067677285,2689,HBD,,,,,,,,,,,,,,,,,,,,,,,,,,,,,,,,,,,,,,,,,,,,,,,,,,,,,,,,,,,,,,,,,,,,,,,,,,,,,
2025-10-11 03:42:01,,,,867488067677285,2690,HBD,,,,,,,,,,,,,,,,,,,,,,,,,,,,,,,,,,,,,,,,,,,,,,,,,,,,,,,,,,,,,,,,,,,,,,,,,,,,,
2025-10-11 03:44:02,,,,867488067677285,2691,HBD,,,,,,,,,,,,,,,,,,,,,,,,,,,,,,,,,,,,,,,,,,,,,,,,,,,,,,,,,,,,,,,,,,,,,,,,,,,,,
2025-10-11 03:46:02,,,,867488067677285,2692,HBD,,,,,,,,,,,,,,,,,,,,,,,,,,,,,,,,,,,,,,,,,,,,,,,,,,,,,,,,,,,,,,,,,,,,,,,,,,,,,
2025-10-11 03:48:03,,,,867488067677285,2693,HBD,,,,,,,,,,,,,,,,,,,,,,,,,,,,,,,,,,,,,,,,,,,,,,,,,,,,,,,,,,,,,,,,,,,,,,,,,,,,,
2025-10-11 03:50:03,,,,867488067677285,2694,HBD,,,,,,,,,,,,,,,,,,,,,,,,,,,,,,,,,,,,,,,,,,,,,,,,,,,,,,,,,,,,,,,,,,,,,,,,,,,,,
2025-10-11 03:52:04,,,,867488067677285,2695,HBD,,,,,,,,,,,,,,,,,,,,,,,,,,,,,,,,,,,,,,,,,,,,,,,,,,,,,,,,,,,,,,,,,,,,,,,,,,,,,
2025-10-11 03:54:04,,,,867488067677285,2696,HBD,,,,,,,,,,,,,,,,,,,,,,,,,,,,,,,,,,,,,,,,,,,,,,,,,,,,,,,,,,,,,,,,,,,,,,,,,,,,,
2025-10-11 03:56:04,,,,867488067677285,2697,HBD,,,,,,,,,,,,,,,,,,,,,,,,,,,,,,,,,,,,,,,,,,,,,,,,,,,,,,,,,,,,,,,,,,,,,,,,,,,,,
2025-10-11 03:58:05,,,,867488067677285,2698,HBD,,,,,,,,,,,,,,,,,,,,,,,,,,,,,,,,,,,,,,,,,,,,,,,,,,,,,,,,,,,,,,,,,,,,,,,,,,,,,
2025-10-11 04:00:05,,,,867488067677285,2699,HBD,,,,,,,,,,,,,,,,,,,,,,,,,,,,,,,,,,,,,,,,,,,,,,,,,,,,,,,,,,,,,,,,,,,,,,,,,,,,,
2025-10-11 04:01:06,,,,867488067677285,2700,HBD,,,,,,,,,,,,,,,,,,,,,,,,,,,,,,,,,,,,,,,,,,,,,,,,,,,,,,,,,,,,,,,,,,,,,,,,,,,,,
2025-10-11 04:03:06,,,,867488067677285,2701,HBD,,,,,,,,,,,,,,,,,,,,,,,,,,,,,,,,,,,,,,,,,,,,,,,,,,,,,,,,,,,,,,,,,,,,,,,,,,,,,
2025-10-11 04:05:07,,,,867488067677285,2702,HBD,,,,,,,,,,,,,,,,,,,,,,,,,,,,,,,,,,,,,,,,,,,,,,,,,,,,,,,,,,,,,,,,,,,,,,,,,,,,,
2025-10-11 04:07:07,,,,867488067677285,2703,HBD,,,,,,,,,,,,,,,,,,,,,,,,,,,,,,,,,,,,,,,,,,,,,,,,,,,,,,,,,,,,,,,,,,,,,,,,,,,,,
2025-10-11 04:09:08,,,,867488067677285,2704,HBD,,,,,,,,,,,,,,,,,,,,,,,,,,,,,,,,,,,,,,,,,,,,,,,,,,,,,,,,,,,,,,,,,,,,,,,,,,,,,
2025-10-11 04:11:08,,,,867488067677285,2705,HBD,,,,,,,,,,,,,,,,,,,,,,,,,,,,,,,,,,,,,,,,,,,,,,,,,,,,,,,,,,,,,,,,,,,,,,,,,,,,,
2025-10-11 04:13:08,,,,867488067677285,2706,HBD,,,,,,,,,,,,,,,,,,,,,,,,,,,,,,,,,,,,,,,,,,,,,,,,,,,,,,,,,,,,,,,,,,,,,,,,,,,,,
2025-10-11 04:15:09,,,,867488067677285,2707,HBD,,,,,,,,,,,,,,,,,,,,,,,,,,,,,,,,,,,,,,,,,,,,,,,,,,,,,,,,,,,,,,,,,,,,,,,,,,,,,
2025-10-11 04:17:09,,,,867488067677285,2708,HBD,,,,,,,,,,,,,,,,,,,,,,,,,,,,,,,,,,,,,,,,,,,,,,,,,,,,,,,,,,,,,,,,,,,,,,,,,,,,,
2025-10-11 04:19:10,,,,867488067677285,2709,HBD,,,,,,,,,,,,,,,,,,,,,,,,,,,,,,,,,,,,,,,,,,,,,,,,,,,,,,,,,,,,,,,,,,,,,,,,,,,,,
2025-10-11 04:21:10,,,,867488067677285,2710,HBD,,,,,,,,,,,,,,,,,,,,,,,,,,,,,,,,,,,,,,,,,,,,,,,,,,,,,,,,,,,,,,,,,,,,,,,,,,,,,
2025-10-11 04:21:35,2025-10-11 04:21:35,2025-10-11 04:19:11,2025-10-11 04:19:11,867488067677285,2711,GTERI,0x19fe3fbf,0x00028102,802003,0x8303,0x0115,100,12992,0000,-,00,00,11,6,6,-,01,01,0.0,0.0,115,115,494,494,-23.044894,-23.044894,-50.227248,-50.227248,0724,0005,bff7,068fb204,21.4,192.4,192.4,0:30:09,5:50:45,-,-,0,-,,,,,04,3,00000000,00,10,,,,,,,,,,,,,,,,,,,,,,,,,,,,
2025-10-11 04:23:11,,,,867488067677285,2712,HBD,,,,,,,,,,,,,,,,,,,,,,,,,,,,,,,,,,,,,,,,,,,,,,,,,,,,,,,,,,,,,,,,,,,,,,,,,,,,,
2025-10-11 04:25:11,,,,867488067677285,2713,HBD,,,,,,,,,,,,,,,,,,,,,,,,,,,,,,,,,,,,,,,,,,,,,,,,,,,,,,,,,,,,,,,,,,,,,,,,,,,,,
2025-10-11 04:27:12,,,,867488067677285,2714,HBD,,,,,,,,,,,,,,,,,,,,,,,,,,,,,,,,,,,,,,,,,,,,,,,,,,,,,,,,,,,,,,,,,,,,,,,,,,,,,
2025-10-11 04:29:12,,,,867488067677285,2715,HBD,,,,,,,,,,,,,,,,,,,,,,,,,,,,,,,,,,,,,,,,,,,,,,,,,,,,,,,,,,,,,,,,,,,,,,,,,,,,,
2025-10-11 04:31:13,,,,867488067677285,2716,HBD,,,,,,,,,,,,,,,,,,,,,,,,,,,,,,,,,,,,,,,,,,,,,,,,,,,,,,,,,,,,,,,,,,,,,,,,,,,,,
2025-10-11 04:33:13,,,,867488067677285,2717,HBD,,,,,,,,,,,,,,,,,,,,,,,,,,,,,,,,,,,,,,,,,,,,,,,,,,,,,,,,,,,,,,,,,,,,,,,,,,,,,
2025-10-11 04:35:14,,,,867488067677285,2718,HBD,,,,,,,,,,,,,,,,,,,,,,,,,,,,,,,,,,,,,,,,,,,,,,,,,,,,,,,,,,,,,,,,,,,,,,,,,,,,,
2025-10-11 04:37:14,,,,867488067677285,2719,HBD,,,,,,,,,,,,,,,,,,,,,,,,,,,,,,,,,,,,,,,,,,,,,,,,,,,,,,,,,,,,,,,,,,,,,,,,,,,,,
2025-10-11 04:39:15,,,,867488067677285,2720,HBD,,,,,,,,,,,,,,,,,,,,,,,,,,,,,,,,,,,,,,,,,,,,,,,,,,,,,,,,,,,,,,,,,,,,,,,,,,,,,
2025-10-11 04:41:15,,,,867488067677285,2721,HBD,,,,,,,,,,,,,,,,,,,,,,,,,,,,,,,,,,,,,,,,,,,,,,,,,,,,,,,,,,,,,,,,,,,,,,,,,,,,,
2025-10-11 04:43:15,,,,867488067677285,2722,HBD,,,,,,,,,,,,,,,,,,,,,,,,,,,,,,,,,,,,,,,,,,,,,,,,,,,,,,,,,,,,,,,,,,,,,,,,,,,,,
2025-10-11 04:45:16,,,,867488067677285,2723,HBD,,,,,,,,,,,,,,,,,,,,,,,,,,,,,,,,,,,,,,,,,,,,,,,,,,,,,,,,,,,,,,,,,,,,,,,,,,,,,
2025-10-11 04:47:16,,,,867488067677285,2724,HBD,,,,,,,,,,,,,,,,,,,,,,,,,,,,,,,,,,,,,,,,,,,,,,,,,,,,,,,,,,,,,,,,,,,,,,,,,,,,,
2025-10-11 04:49:17,,,,867488067677285,2725,HBD,,,,,,,,,,,,,,,,,,,,,,,,,,,,,,,,,,,,,,,,,,,,,,,,,,,,,,,,,,,,,,,,,,,,,,,,,,,,,
2025-10-11 04:51:17,,,,867488067677285,2726,HBD,,,,,,,,,,,,,,,,,,,,,,,,,,,,,,,,,,,,,,,,,,,,,,,,,,,,,,,,,,,,,,,,,,,,,,,,,,,,,
2025-10-11 04:53:18,,,,867488067677285,2727,HBD,,,,,,,,,,,,,,,,,,,,,,,,,,,,,,,,,,,,,,,,,,,,,,,,,,,,,,,,,,,,,,,,,,,,,,,,,,,,,
2025-10-11 04:55:18,,,,867488067677285,2728,HBD,,,,,,,,,,,,,,,,,,,,,,,,,,,,,,,,,,,,,,,,,,,,,,,,,,,,,,,,,,,,,,,,,,,,,,,,,,,,,
2025-10-11 04:57:19,,,,867488067677285,2729,HBD,,,,,,,,,,,,,,,,,,,,,,,,,,,,,,,,,,,,,,,,,,,,,,,,,,,,,,,,,,,,,,,,,,,,,,,,,,,,,
2025-10-11 04:59:19,,,,867488067677285,2730,HBD,,,,,,,,,,,,,,,,,,,,,,,,,,,,,,,,,,,,,,,,,,,,,,,,,,,,,,,,,,,,,,,,,,,,,,,,,,,,,
2025-10-11 05:01:20,,,,867488067677285,2731,HBD,,,,,,,,,,,,,,,,,,,,,,,,,,,,,,,,,,,,,,,,,,,,,,,,,,,,,,,,,,,,,,,,,,,,,,,,,,,,,
2025-10-11 05:03:20,,,,867488067677285,2732,HBD,,,,,,,,,,,,,,,,,,,,,,,,,,,,,,,,,,,,,,,,,,,,,,,,,,,,,,,,,,,,,,,,,,,,,,,,,,,,,
2025-10-11 05:05:21,,,,867488067677285,2733,HBD,,,,,,,,,,,,,,,,,,,,,,,,,,,,,,,,,,,,,,,,,,,,,,,,,,,,,,,,,,,,,,,,,,,,,,,,,,,,,
2025-10-11 05:07:21,,,,867488067677285,2734,HBD,,,,,,,,,,,,,,,,,,,,,,,,,,,,,,,,,,,,,,,,,,,,,,,,,,,,,,,,,,,,,,,,,,,,,,,,,,,,,
2025-10-11 05:09:22,,,,867488067677285,2735,HBD,,,,,,,,,,,,,,,,,,,,,,,,,,,,,,,,,,,,,,,,,,,,,,,,,,,,,,,,,,,,,,,,,,,,,,,,,,,,,
2025-10-11 05:11:22,,,,867488067677285,2736,HBD,,,,,,,,,,,,,,,,,,,,,,,,,,,,,,,,,,,,,,,,,,,,,,,,,,,,,,,,,,,,,,,,,,,,,,,,,,,,,
2025-10-11 05:13:23,,,,867488067677285,2737,HBD,,,,,,,,,,,,,,,,,,,,,,,,,,,,,,,,,,,,,,,,,,,,,,,,,,,,,,,,,,,,,,,,,,,,,,,,,,,,,
2025-10-11 05:15:23,,,,867488067677285,2738,HBD,,,,,,,,,,,,,,,,,,,,,,,,,,,,,,,,,,,,,,,,,,,,,,,,,,,,,,,,,,,,,,,,,,,,,,,,,,,,,
2025-10-11 05:17:23,,,,867488067677285,2739,HBD,,,,,,,,,,,,,,,,,,,,,,,,,,,,,,,,,,,,,,,,,,,,,,,,,,,,,,,,,,,,,,,,,,,,,,,,,,,,,
2025-10-11 05:19:24,,,,867488067677285,2740,HBD,,,,,,,,,,,,,,,,,,,,,,,,,,,,,,,,,,,,,,,,,,,,,,,,,,,,,,,,,,,,,,,,,,,,,,,,,,,,,
2025-10-11 05:21:24,,,,867488067677285,2741,HBD,,,,,,,,,,,,,,,,,,,,,,,,,,,,,,,,,,,,,,,,,,,,,,,,,,,,,,,,,,,,,,,,,,,,,,,,,,,,,
2025-10-11 05:21:35,2025-10-11 05:21:35,2025-10-11 05:19:35,2025-10-11 05:19:35,867488067677285,2742,GTERI,0x19fe3fbf,0x00028102,802003,0x8303,0x0115,100,12989,0000,-,00,00,11,8,8,-,01,01,0.0,0.0,115,115,494,494,-23.044894,-23.044894,-50.227248,-50.227248,0724,0005,bff7,068fb204,21.4,192.4,192.4,0:30:09,5:50:45,-,-,0,-,,,,,04,3,00000000,00,10,,,,,,,,,,,,,,,,,,,,,,,,,,,,
2025-10-11 05:23:25,,,,867488067677285,2743,HBD,,,,,,,,,,,,,,,,,,,,,,,,,,,,,,,,,,,,,,,,,,,,,,,,,,,,,,,,,,,,,,,,,,,,,,,,,,,,,
2025-10-11 05:25:25,,,,867488067677285,2744,HBD,,,,,,,,,,,,,,,,,,,,,,,,,,,,,,,,,,,,,,,,,,,,,,,,,,,,,,,,,,,,,,,,,,,,,,,,,,,,,
2025-10-11 05:27:26,,,,867488067677285,2745,HBD,,,,,,,,,,,,,,,,,,,,,,,,,,,,,,,,,,,,,,,,,,,,,,,,,,,,,,,,,,,,,,,,,,,,,,,,,,,,,
2025-10-11 05:29:26,,,,867488067677285,2746,HBD,,,,,,,,,,,,,,,,,,,,,,,,,,,,,,,,,,,,,,,,,,,,,,,,,,,,,,,,,,,,,,,,,,,,,,,,,,,,,
2025-10-11 05:31:27,,,,867488067677285,2747,HBD,,,,,,,,,,,,,,,,,,,,,,,,,,,,,,,,,,,,,,,,,,,,,,,,,,,,,,,,,,,,,,,,,,,,,,,,,,,,,
2025-10-11 05:33:27,,,,867488067677285,2748,HBD,,,,,,,,,,,,,,,,,,,,,,,,,,,,,,,,,,,,,,,,,,,,,,,,,,,,,,,,,,,,,,,,,,,,,,,,,,,,,
2025-10-11 05:35:28,,,,867488067677285,2749,HBD,,,,,,,,,,,,,,,,,,,,,,,,,,,,,,,,,,,,,,,,,,,,,,,,,,,,,,,,,,,,,,,,,,,,,,,,,,,,,
2025-10-11 05:37:28,,,,867488067677285,2750,HBD,,,,,,,,,,,,,,,,,,,,,,,,,,,,,,,,,,,,,,,,,,,,,,,,,,,,,,,,,,,,,,,,,,,,,,,,,,,,,
2025-10-11 05:39:29,,,,867488067677285,2751,HBD,,,,,,,,,,,,,,,,,,,,,,,,,,,,,,,,,,,,,,,,,,,,,,,,,,,,,,,,,,,,,,,,,,,,,,,,,,,,,
2025-10-11 05:41:29,,,,867488067677285,2752,HBD,,,,,,,,,,,,,,,,,,,,,,,,,,,,,,,,,,,,,,,,,,,,,,,,,,,,,,,,,,,,,,,,,,,,,,,,,,,,,
2025-10-11 05:43:30,,,,867488067677285,2753,HBD,,,,,,,,,,,,,,,,,,,,,,,,,,,,,,,,,,,,,,,,,,,,,,,,,,,,,,,,,,,,,,,,,,,,,,,,,,,,,
2025-10-11 05:45:30,,,,867488067677285,2754,HBD,,,,,,,,,,,,,,,,,,,,,,,,,,,,,,,,,,,,,,,,,,,,,,,,,,,,,,,,,,,,,,,,,,,,,,,,,,,,,
2025-10-11 05:47:30,,,,867488067677285,2755,HBD,,,,,,,,,,,,,,,,,,,,,,,,,,,,,,,,,,,,,,,,,,,,,,,,,,,,,,,,,,,,,,,,,,,,,,,,,,,,,
2025-10-11 05:49:31,,,,867488067677285,2756,HBD,,,,,,,,,,,,,,,,,,,,,,,,,,,,,,,,,,,,,,,,,,,,,,,,,,,,,,,,,,,,,,,,,,,,,,,,,,,,,
2025-10-11 05:51:31,,,,867488067677285,2757,HBD,,,,,,,,,,,,,,,,,,,,,,,,,,,,,,,,,,,,,,,,,,,,,,,,,,,,,,,,,,,,,,,,,,,,,,,,,,,,,
2025-10-11 05:53:32,,,,867488067677285,2758,HBD,,,,,,,,,,,,,,,,,,,,,,,,,,,,,,,,,,,,,,,,,,,,,,,,,,,,,,,,,,,,,,,,,,,,,,,,,,,,,
2025-10-11 05:55:32,,,,867488067677285,2759,HBD,,,,,,,,,,,,,,,,,,,,,,,,,,,,,,,,,,,,,,,,,,,,,,,,,,,,,,,,,,,,,,,,,,,,,,,,,,,,,
2025-10-11 05:57:33,,,,867488067677285,2760,HBD,,,,,,,,,,,,,,,,,,,,,,,,,,,,,,,,,,,,,,,,,,,,,,,,,,,,,,,,,,,,,,,,,,,,,,,,,,,,,
2025-10-11 05:59:33,,,,867488067677285,2761,HBD,,,,,,,,,,,,,,,,,,,,,,,,,,,,,,,,,,,,,,,,,,,,,,,,,,,,,,,,,,,,,,,,,,,,,,,,,,,,,
2025-10-11 06:01:34,,,,867488067677285,2762,HBD,,,,,,,,,,,,,,,,,,,,,,,,,,,,,,,,,,,,,,,,,,,,,,,,,,,,,,,,,,,,,,,,,,,,,,,,,,,,,
2025-10-11 06:03:34,,,,867488067677285,2763,HBD,,,,,,,,,,,,,,,,,,,,,,,,,,,,,,,,,,,,,,,,,,,,,,,,,,,,,,,,,,,,,,,,,,,,,,,,,,,,,
2025-10-11 06:05:35,,,,867488067677285,2764,HBD,,,,,,,,,,,,,,,,,,,,,,,,,,,,,,,,,,,,,,,,,,,,,,,,,,,,,,,,,,,,,,,,,,,,,,,,,,,,,
2025-10-11 06:07:35,,,,867488067677285,2765,HBD,,,,,,,,,,,,,,,,,,,,,,,,,,,,,,,,,,,,,,,,,,,,,,,,,,,,,,,,,,,,,,,,,,,,,,,,,,,,,
2025-10-11 06:09:36,,,,867488067677285,2766,HBD,,,,,,,,,,,,,,,,,,,,,,,,,,,,,,,,,,,,,,,,,,,,,,,,,,,,,,,,,,,,,,,,,,,,,,,,,,,,,
2025-10-11 06:11:36,,,,867488067677285,2767,HBD,,,,,,,,,,,,,,,,,,,,,,,,,,,,,,,,,,,,,,,,,,,,,,,,,,,,,,,,,,,,,,,,,,,,,,,,,,,,,
2025-10-11 06:13:37,,,,867488067677285,2768,HBD,,,,,,,,,,,,,,,,,,,,,,,,,,,,,,,,,,,,,,,,,,,,,,,,,,,,,,,,,,,,,,,,,,,,,,,,,,,,,
2025-10-11 06:15:37,,,,867488067677285,2769,HBD,,,,,,,,,,,,,,,,,,,,,,,,,,,,,,,,,,,,,,,,,,,,,,,,,,,,,,,,,,,,,,,,,,,,,,,,,,,,,
2025-10-11 06:17:38,,,,867488067677285,2770,HBD,,,,,,,,,,,,,,,,,,,,,,,,,,,,,,,,,,,,,,,,,,,,,,,,,,,,,,,,,,,,,,,,,,,,,,,,,,,,,
2025-10-11 06:19:38,,,,867488067677285,2771,HBD,,,,,,,,,,,,,,,,,,,,,,,,,,,,,,,,,,,,,,,,,,,,,,,,,,,,,,,,,,,,,,,,,,,,,,,,,,,,,
2025-10-11 06:21:35,,,,867488067677285,2772,HBD,,,,,,,,,,,,,,,,,,,,,,,,,,,,,,,,,,,,,,,,,,,,,,,,,,,,,,,,,,,,,,,,,,,,,,,,,,,,,
2025-10-11 06:21:35,2025-10-11 06:21:35,2025-10-11 06:19:18,2025-10-11 06:19:18,867488067677285,2773,GTERI,0x19fe3fbf,0x00028102,802003,0x8303,0x0115,100,12916,0000,-,00,00,11,6,6,-,01,01,0.0,0.0,115,115,494,494,-23.044894,-23.044894,-50.227248,-50.227248,0724,0005,bff7,068fb200,21.4,192.4,192.4,0:30:09,5:50:45,-,-,0,-,,,,,04,7,00000000,00,10,,,,,,,,,,,,,,,,,,,,,,,,,,,,
2025-10-11 06:23:39,,,,867488067677285,2774,HBD,,,,,,,,,,,,,,,,,,,,,,,,,,,,,,,,,,,,,,,,,,,,,,,,,,,,,,,,,,,,,,,,,,,,,,,,,,,,,
2025-10-11 06:25:39,,,,867488067677285,2775,HBD,,,,,,,,,,,,,,,,,,,,,,,,,,,,,,,,,,,,,,,,,,,,,,,,,,,,,,,,,,,,,,,,,,,,,,,,,,,,,
2025-10-11 06:27:40,,,,867488067677285,2776,HBD,,,,,,,,,,,,,,,,,,,,,,,,,,,,,,,,,,,,,,,,,,,,,,,,,,,,,,,,,,,,,,,,,,,,,,,,,,,,,
2025-10-11 06:29:40,,,,867488067677285,2777,HBD,,,,,,,,,,,,,,,,,,,,,,,,,,,,,,,,,,,,,,,,,,,,,,,,,,,,,,,,,,,,,,,,,,,,,,,,,,,,,
2025-10-11 06:31:41,,,,867488067677285,2778,HBD,,,,,,,,,,,,,,,,,,,,,,,,,,,,,,,,,,,,,,,,,,,,,,,,,,,,,,,,,,,,,,,,,,,,,,,,,,,,,
2025-10-11 06:33:41,,,,867488067677285,2779,HBD,,,,,,,,,,,,,,,,,,,,,,,,,,,,,,,,,,,,,,,,,,,,,,,,,,,,,,,,,,,,,,,,,,,,,,,,,,,,,
2025-10-11 06:35:42,,,,867488067677285,2780,HBD,,,,,,,,,,,,,,,,,,,,,,,,,,,,,,,,,,,,,,,,,,,,,,,,,,,,,,,,,,,,,,,,,,,,,,,,,,,,,
2025-10-11 06:37:42,,,,867488067677285,2781,HBD,,,,,,,,,,,,,,,,,,,,,,,,,,,,,,,,,,,,,,,,,,,,,,,,,,,,,,,,,,,,,,,,,,,,,,,,,,,,,
2025-10-11 06:39:43,,,,867488067677285,2782,HBD,,,,,,,,,,,,,,,,,,,,,,,,,,,,,,,,,,,,,,,,,,,,,,,,,,,,,,,,,,,,,,,,,,,,,,,,,,,,,
2025-10-11 06:41:43,,,,867488067677285,2783,HBD,,,,,,,,,,,,,,,,,,,,,,,,,,,,,,,,,,,,,,,,,,,,,,,,,,,,,,,,,,,,,,,,,,,,,,,,,,,,,
2025-10-11 06:43:43,,,,867488067677285,2784,HBD,,,,,,,,,,,,,,,,,,,,,,,,,,,,,,,,,,,,,,,,,,,,,,,,,,,,,,,,,,,,,,,,,,,,,,,,,,,,,
2025-10-11 06:45:44,,,,867488067677285,2785,HBD,,,,,,,,,,,,,,,,,,,,,,,,,,,,,,,,,,,,,,,,,,,,,,,,,,,,,,,,,,,,,,,,,,,,,,,,,,,,,
2025-10-11 06:47:44,,,,867488067677285,2786,HBD,,,,,,,,,,,,,,,,,,,,,,,,,,,,,,,,,,,,,,,,,,,,,,,,,,,,,,,,,,,,,,,,,,,,,,,,,,,,,
2025-10-11 06:49:45,,,,867488067677285,2787,HBD,,,,,,,,,,,,,,,,,,,,,,,,,,,,,,,,,,,,,,,,,,,,,,,,,,,,,,,,,,,,,,,,,,,,,,,,,,,,,
2025-10-11 06:51:45,,,,867488067677285,2788,HBD,,,,,,,,,,,,,,,,,,,,,,,,,,,,,,,,,,,,,,,,,,,,,,,,,,,,,,,,,,,,,,,,,,,,,,,,,,,,,
2025-10-11 06:53:46,,,,867488067677285,2789,HBD,,,,,,,,,,,,,,,,,,,,,,,,,,,,,,,,,,,,,,,,,,,,,,,,,,,,,,,,,,,,,,,,,,,,,,,,,,,,,
2025-10-11 06:55:46,,,,867488067677285,2790,HBD,,,,,,,,,,,,,,,,,,,,,,,,,,,,,,,,,,,,,,,,,,,,,,,,,,,,,,,,,,,,,,,,,,,,,,,,,,,,,
2025-10-11 06:57:47,,,,867488067677285,2791,HBD,,,,,,,,,,,,,,,,,,,,,,,,,,,,,,,,,,,,,,,,,,,,,,,,,,,,,,,,,,,,,,,,,,,,,,,,,,,,,
2025-10-11 06:59:47,,,,867488067677285,2792,HBD,,,,,,,,,,,,,,,,,,,,,,,,,,,,,,,,,,,,,,,,,,,,,,,,,,,,,,,,,,,,,,,,,,,,,,,,,,,,,
2025-10-11 07:01:48,,,,867488067677285,2793,HBD,,,,,,,,,,,,,,,,,,,,,,,,,,,,,,,,,,,,,,,,,,,,,,,,,,,,,,,,,,,,,,,,,,,,,,,,,,,,,
2025-10-11 07:03:48,,,,867488067677285,2794,HBD,,,,,,,,,,,,,,,,,,,,,,,,,,,,,,,,,,,,,,,,,,,,,,,,,,,,,,,,,,,,,,,,,,,,,,,,,,,,,
2025-10-11 07:05:49,,,,867488067677285,2795,HBD,,,,,,,,,,,,,,,,,,,,,,,,,,,,,,,,,,,,,,,,,,,,,,,,,,,,,,,,,,,,,,,,,,,,,,,,,,,,,
2025-10-11 07:07:49,,,,867488067677285,2796,HBD,,,,,,,,,,,,,,,,,,,,,,,,,,,,,,,,,,,,,,,,,,,,,,,,,,,,,,,,,,,,,,,,,,,,,,,,,,,,,
2025-10-11 07:09:50,,,,867488067677285,2797,HBD,,,,,,,,,,,,,,,,,,,,,,,,,,,,,,,,,,,,,,,,,,,,,,,,,,,,,,,,,,,,,,,,,,,,,,,,,,,,,
2025-10-11 07:11:50,,,,867488067677285,2798,HBD,,,,,,,,,,,,,,,,,,,,,,,,,,,,,,,,,,,,,,,,,,,,,,,,,,,,,,,,,,,,,,,,,,,,,,,,,,,,,
2025-10-11 07:13:50,,,,867488067677285,2799,HBD,,,,,,,,,,,,,,,,,,,,,,,,,,,,,,,,,,,,,,,,,,,,,,,,,,,,,,,,,,,,,,,,,,,,,,,,,,,,,
2025-10-11 07:15:51,,,,867488067677285,2800,HBD,,,,,,,,,,,,,,,,,,,,,,,,,,,,,,,,,,,,,,,,,,,,,,,,,,,,,,,,,,,,,,,,,,,,,,,,,,,,,
2025-10-11 07:17:51,,,,867488067677285,2801,HBD,,,,,,,,,,,,,,,,,,,,,,,,,,,,,,,,,,,,,,,,,,,,,,,,,,,,,,,,,,,,,,,,,,,,,,,,,,,,,
2025-10-11 07:19:52,,,,867488067677285,2802,HBD,,,,,,,,,,,,,,,,,,,,,,,,,,,,,,,,,,,,,,,,,,,,,,,,,,,,,,,,,,,,,,,,,,,,,,,,,,,,,
2025-10-11 07:21:35,,,,867488067677285,2803,HBD,,,,,,,,,,,,,,,,,,,,,,,,,,,,,,,,,,,,,,,,,,,,,,,,,,,,,,,,,,,,,,,,,,,,,,,,,,,,,
2025-10-11 07:21:35,2025-10-11 07:21:35,2025-10-11 07:19:15,2025-10-11 07:19:15,867488067677285,2804,GTERI,0x19fe3fbf,0x00028102,802003,0x8303,0x0115,100,12967,0000,-,00,00,11,7,7,-,01,01,0.0,0.0,115,115,494,494,-23.044894,-23.044894,-50.227248,-50.227248,0724,0005,bff7,068fb200,21.4,192.4,192.4,0:30:09,5:50:45,-,-,0,-,,,,,04,7,00000000,00,10,,,,,,,,,,,,,,,,,,,,,,,,,,,,
2025-10-11 07:23:53,,,,867488067677285,2805,HBD,,,,,,,,,,,,,,,,,,,,,,,,,,,,,,,,,,,,,,,,,,,,,,,,,,,,,,,,,,,,,,,,,,,,,,,,,,,,,
2025-10-11 07:25:53,,,,867488067677285,2806,HBD,,,,,,,,,,,,,,,,,,,,,,,,,,,,,,,,,,,,,,,,,,,,,,,,,,,,,,,,,,,,,,,,,,,,,,,,,,,,,
2025-10-11 07:27:54,,,,867488067677285,2807,HBD,,,,,,,,,,,,,,,,,,,,,,,,,,,,,,,,,,,,,,,,,,,,,,,,,,,,,,,,,,,,,,,,,,,,,,,,,,,,,
2025-10-11 07:29:54,,,,867488067677285,2808,HBD,,,,,,,,,,,,,,,,,,,,,,,,,,,,,,,,,,,,,,,,,,,,,,,,,,,,,,,,,,,,,,,,,,,,,,,,,,,,,
2025-10-11 07:31:55,,,,867488067677285,2809,HBD,,,,,,,,,,,,,,,,,,,,,,,,,,,,,,,,,,,,,,,,,,,,,,,,,,,,,,,,,,,,,,,,,,,,,,,,,,,,,
2025-10-11 07:33:55,,,,867488067677285,2810,HBD,,,,,,,,,,,,,,,,,,,,,,,,,,,,,,,,,,,,,,,,,,,,,,,,,,,,,,,,,,,,,,,,,,,,,,,,,,,,,
2025-10-11 07:35:16,,,,867488067677285,2811,HBD,,,,,,,,,,,,,,,,,,,,,,,,,,,,,,,,,,,,,,,,,,,,,,,,,,,,,,,,,,,,,,,,,,,,,,,,,,,,,
2025-10-11 07:35:16,,,,867488067677285,2812,GTINF,,,,,,,,,,,,,,,,,,,,,,,,,,,,,,,,,,,,,,,,,,c1,4192,03,,,,,,,,,,,,,,,,,,,,,,,,,,,,,,,,,
2025-10-11 07:37:56,,,,867488067677285,2813,HBD,,,,,,,,,,,,,,,,,,,,,,,,,,,,,,,,,,,,,,,,,,,,,,,,,,,,,,,,,,,,,,,,,,,,,,,,,,,,,
2025-10-11 07:39:56,,,,867488067677285,2814,HBD,,,,,,,,,,,,,,,,,,,,,,,,,,,,,,,,,,,,,,,,,,,,,,,,,,,,,,,,,,,,,,,,,,,,,,,,,,,,,
2025-10-11 07:41:57,,,,867488067677285,2815,HBD,,,,,,,,,,,,,,,,,,,,,,,,,,,,,,,,,,,,,,,,,,,,,,,,,,,,,,,,,,,,,,,,,,,,,,,,,,,,,
2025-10-11 07:43:57,,,,867488067677285,2816,HBD,,,,,,,,,,,,,,,,,,,,,,,,,,,,,,,,,,,,,,,,,,,,,,,,,,,,,,,,,,,,,,,,,,,,,,,,,,,,,
2025-10-11 07:45:58,,,,867488067677285,2817,HBD,,,,,,,,,,,,,,,,,,,,,,,,,,,,,,,,,,,,,,,,,,,,,,,,,,,,,,,,,,,,,,,,,,,,,,,,,,,,,
2025-10-11 07:47:58,,,,867488067677285,2818,HBD,,,,,,,,,,,,,,,,,,,,,,,,,,,,,,,,,,,,,,,,,,,,,,,,,,,,,,,,,,,,,,,,,,,,,,,,,,,,,
2025-10-11 07:49:59,,,,867488067677285,2819,HBD,,,,,,,,,,,,,,,,,,,,,,,,,,,,,,,,,,,,,,,,,,,,,,,,,,,,,,,,,,,,,,,,,,,,,,,,,,,,,
2025-10-11 07:51:59,,,,867488067677285,2820,HBD,,,,,,,,,,,,,,,,,,,,,,,,,,,,,,,,,,,,,,,,,,,,,,,,,,,,,,,,,,,,,,,,,,,,,,,,,,,,,
2025-10-11 07:54:00,,,,867488067677285,2821,HBD,,,,,,,,,,,,,,,,,,,,,,,,,,,,,,,,,,,,,,,,,,,,,,,,,,,,,,,,,,,,,,,,,,,,,,,,,,,,,
2025-10-11 07:56:00,,,,867488067677285,2822,HBD,,,,,,,,,,,,,,,,,,,,,,,,,,,,,,,,,,,,,,,,,,,,,,,,,,,,,,,,,,,,,,,,,,,,,,,,,,,,,
2025-10-11 07:58:01,,,,867488067677285,2823,HBD,,,,,,,,,,,,,,,,,,,,,,,,,,,,,,,,,,,,,,,,,,,,,,,,,,,,,,,,,,,,,,,,,,,,,,,,,,,,,
2025-10-11 08:00:02,,,,867488067677285,2824,HBD,,,,,,,,,,,,,,,,,,,,,,,,,,,,,,,,,,,,,,,,,,,,,,,,,,,,,,,,,,,,,,,,,,,,,,,,,,,,,
2025-10-11 08:02:02,,,,867488067677285,2825,HBD,,,,,,,,,,,,,,,,,,,,,,,,,,,,,,,,,,,,,,,,,,,,,,,,,,,,,,,,,,,,,,,,,,,,,,,,,,,,,
2025-10-11 08:04:03,,,,867488067677285,2826,HBD,,,,,,,,,,,,,,,,,,,,,,,,,,,,,,,,,,,,,,,,,,,,,,,,,,,,,,,,,,,,,,,,,,,,,,,,,,,,,
2025-10-11 08:06:03,,,,867488067677285,2827,HBD,,,,,,,,,,,,,,,,,,,,,,,,,,,,,,,,,,,,,,,,,,,,,,,,,,,,,,,,,,,,,,,,,,,,,,,,,,,,,
2025-10-11 08:08:04,,,,867488067677285,2828,HBD,,,,,,,,,,,,,,,,,,,,,,,,,,,,,,,,,,,,,,,,,,,,,,,,,,,,,,,,,,,,,,,,,,,,,,,,,,,,,
2025-10-11 08:10:04,,,,867488067677285,2829,HBD,,,,,,,,,,,,,,,,,,,,,,,,,,,,,,,,,,,,,,,,,,,,,,,,,,,,,,,,,,,,,,,,,,,,,,,,,,,,,
2025-10-11 08:12:04,,,,867488067677285,2830,HBD,,,,,,,,,,,,,,,,,,,,,,,,,,,,,,,,,,,,,,,,,,,,,,,,,,,,,,,,,,,,,,,,,,,,,,,,,,,,,
2025-10-11 08:14:05,,,,867488067677285,2831,HBD,,,,,,,,,,,,,,,,,,,,,,,,,,,,,,,,,,,,,,,,,,,,,,,,,,,,,,,,,,,,,,,,,,,,,,,,,,,,,
2025-10-11 08:16:05,,,,867488067677285,2832,HBD,,,,,,,,,,,,,,,,,,,,,,,,,,,,,,,,,,,,,,,,,,,,,,,,,,,,,,,,,,,,,,,,,,,,,,,,,,,,,
2025-10-11 08:17:06,,,,867488067677285,2833,HBD,,,,,,,,,,,,,,,,,,,,,,,,,,,,,,,,,,,,,,,,,,,,,,,,,,,,,,,,,,,,,,,,,,,,,,,,,,,,,
2025-10-11 08:19:06,,,,867488067677285,2834,HBD,,,,,,,,,,,,,,,,,,,,,,,,,,,,,,,,,,,,,,,,,,,,,,,,,,,,,,,,,,,,,,,,,,,,,,,,,,,,,
2025-10-11 08:21:07,,,,867488067677285,2835,HBD,,,,,,,,,,,,,,,,,,,,,,,,,,,,,,,,,,,,,,,,,,,,,,,,,,,,,,,,,,,,,,,,,,,,,,,,,,,,,
2025-10-11 08:21:35,2025-10-11 08:21:35,2025-10-11 08:19:36,2025-10-11 08:19:36,867488067677285,2836,GTERI,0x19fe3fbf,0x00028102,802003,0x8303,0x0115,100,12909,0000,-,00,00,11,7,7,-,01,01,0.0,0.0,115,115,494,494,-23.044894,-23.044894,-50.227248,-50.227248,0724,0005,bff7,068fb200,21.4,192.4,192.4,0:30:09,5:50:45,-,-,0,-,,,,,04,7,00000000,00,10,,,,,,,,,,,,,,,,,,,,,,,,,,,,
2025-10-11 08:23:07,,,,867488067677285,2837,HBD,,,,,,,,,,,,,,,,,,,,,,,,,,,,,,,,,,,,,,,,,,,,,,,,,,,,,,,,,,,,,,,,,,,,,,,,,,,,,
2025-10-11 08:25:08,,,,867488067677285,2838,HBD,,,,,,,,,,,,,,,,,,,,,,,,,,,,,,,,,,,,,,,,,,,,,,,,,,,,,,,,,,,,,,,,,,,,,,,,,,,,,
2025-10-11 08:27:08,,,,867488067677285,2839,HBD,,,,,,,,,,,,,,,,,,,,,,,,,,,,,,,,,,,,,,,,,,,,,,,,,,,,,,,,,,,,,,,,,,,,,,,,,,,,,
2025-10-11 08:29:09,,,,867488067677285,2840,HBD,,,,,,,,,,,,,,,,,,,,,,,,,,,,,,,,,,,,,,,,,,,,,,,,,,,,,,,,,,,,,,,,,,,,,,,,,,,,,
2025-10-11 08:31:09,,,,867488067677285,2841,HBD,,,,,,,,,,,,,,,,,,,,,,,,,,,,,,,,,,,,,,,,,,,,,,,,,,,,,,,,,,,,,,,,,,,,,,,,,,,,,
2025-10-11 08:33:09,,,,867488067677285,2842,HBD,,,,,,,,,,,,,,,,,,,,,,,,,,,,,,,,,,,,,,,,,,,,,,,,,,,,,,,,,,,,,,,,,,,,,,,,,,,,,
2025-10-11 08:35:10,,,,867488067677285,2843,HBD,,,,,,,,,,,,,,,,,,,,,,,,,,,,,,,,,,,,,,,,,,,,,,,,,,,,,,,,,,,,,,,,,,,,,,,,,,,,,
2025-10-11 08:37:10,,,,867488067677285,2844,HBD,,,,,,,,,,,,,,,,,,,,,,,,,,,,,,,,,,,,,,,,,,,,,,,,,,,,,,,,,,,,,,,,,,,,,,,,,,,,,
2025-10-11 08:39:11,,,,867488067677285,2845,HBD,,,,,,,,,,,,,,,,,,,,,,,,,,,,,,,,,,,,,,,,,,,,,,,,,,,,,,,,,,,,,,,,,,,,,,,,,,,,,
2025-10-11 08:41:11,,,,867488067677285,2846,HBD,,,,,,,,,,,,,,,,,,,,,,,,,,,,,,,,,,,,,,,,,,,,,,,,,,,,,,,,,,,,,,,,,,,,,,,,,,,,,
2025-10-11 08:43:12,,,,867488067677285,2847,HBD,,,,,,,,,,,,,,,,,,,,,,,,,,,,,,,,,,,,,,,,,,,,,,,,,,,,,,,,,,,,,,,,,,,,,,,,,,,,,
2025-10-11 08:45:12,,,,867488067677285,2848,HBD,,,,,,,,,,,,,,,,,,,,,,,,,,,,,,,,,,,,,,,,,,,,,,,,,,,,,,,,,,,,,,,,,,,,,,,,,,,,,
2025-10-11 08:47:13,,,,867488067677285,2849,HBD,,,,,,,,,,,,,,,,,,,,,,,,,,,,,,,,,,,,,,,,,,,,,,,,,,,,,,,,,,,,,,,,,,,,,,,,,,,,,
2025-10-11 08:49:13,,,,867488067677285,2850,HBD,,,,,,,,,,,,,,,,,,,,,,,,,,,,,,,,,,,,,,,,,,,,,,,,,,,,,,,,,,,,,,,,,,,,,,,,,,,,,
2025-10-11 08:51:14,,,,867488067677285,2851,HBD,,,,,,,,,,,,,,,,,,,,,,,,,,,,,,,,,,,,,,,,,,,,,,,,,,,,,,,,,,,,,,,,,,,,,,,,,,,,,
2025-10-11 08:53:14,,,,867488067677285,2852,HBD,,,,,,,,,,,,,,,,,,,,,,,,,,,,,,,,,,,,,,,,,,,,,,,,,,,,,,,,,,,,,,,,,,,,,,,,,,,,,
2025-10-11 08:55:15,,,,867488067677285,2853,HBD,,,,,,,,,,,,,,,,,,,,,,,,,,,,,,,,,,,,,,,,,,,,,,,,,,,,,,,,,,,,,,,,,,,,,,,,,,,,,
2025-10-11 08:57:15,,,,867488067677285,2854,HBD,,,,,,,,,,,,,,,,,,,,,,,,,,,,,,,,,,,,,,,,,,,,,,,,,,,,,,,,,,,,,,,,,,,,,,,,,,,,,
2025-10-11 08:59:16,,,,867488067677285,2855,HBD,,,,,,,,,,,,,,,,,,,,,,,,,,,,,,,,,,,,,,,,,,,,,,,,,,,,,,,,,,,,,,,,,,,,,,,,,,,,,
2025-10-11 09:01:16,,,,867488067677285,2856,HBD,,,,,,,,,,,,,,,,,,,,,,,,,,,,,,,,,,,,,,,,,,,,,,,,,,,,,,,,,,,,,,,,,,,,,,,,,,,,,
2025-10-11 09:03:17,,,,867488067677285,2857,HBD,,,,,,,,,,,,,,,,,,,,,,,,,,,,,,,,,,,,,,,,,,,,,,,,,,,,,,,,,,,,,,,,,,,,,,,,,,,,,
2025-10-11 09:05:17,,,,867488067677285,2858,HBD,,,,,,,,,,,,,,,,,,,,,,,,,,,,,,,,,,,,,,,,,,,,,,,,,,,,,,,,,,,,,,,,,,,,,,,,,,,,,
2025-10-11 09:07:18,,,,867488067677285,2859,HBD,,,,,,,,,,,,,,,,,,,,,,,,,,,,,,,,,,,,,,,,,,,,,,,,,,,,,,,,,,,,,,,,,,,,,,,,,,,,,
2025-10-11 09:09:18,,,,867488067677285,2860,HBD,,,,,,,,,,,,,,,,,,,,,,,,,,,,,,,,,,,,,,,,,,,,,,,,,,,,,,,,,,,,,,,,,,,,,,,,,,,,,
2025-10-11 09:10:50,2025-10-11 09:10:50,2025-10-11 08:19:36,2025-10-11 08:19:36,867488067677285,2862,GTIGN,0x19fe7fbf,,802003,0x8303,0x0115,100,12509,0000,0000,01,00,21,7,7,42850,00,01,0.0,0.0,115,115,494,494,-23.044894,-23.044894,-50.227248,-50.227248,0724,0005,bff7,068fb200,0.0,192.4,192.4,0:00:00,5:50:45,-,-,0,-,,,,,,,,,,,,,,,,,,,,,,,,,,,,,,,,,,,,,
2025-10-11 09:10:51,2025-10-11 09:10:50,2025-10-11 08:19:36,2025-10-11 08:19:36,867488067677285,2863,GTSTT,0x19fe7fbf,,802003,0x8303,0x0115,100,12509,0000,0000,01,00,21,7,7,-,00,00,0.0,0.0,115,115,494,494,-23.044894,-23.044894,-50.227248,-50.227248,0724,0005,bff7,068fb200,0.0,192.4,192.4,0:00:00,5:50:45,-,-,0,-,,,,,,,,,,,,,,,,,,,,,,,,,,,,,,,,,,,,,
2025-10-11 09:11:19,,,,867488067677285,2864,HBD,,,,,,,,,,,,,,,,,,,,,,,,,,,,,,,,,,,,,,,,,,,,,,,,,,,,,,,,,,,,,,,,,,,,,,,,,,,,,
2025-10-11 09:11:40,2025-10-11 09:11:40,2025-10-11 09:11:40,2025-10-11 09:11:40,867488067677285,2865,GTERI,0x19fe3fbf,0x00028102,802003,0x8303,0x0115,100,12444,0000,-,01,00,21,6,6,-,01,01,0.0,0.0,115,115,494,494,-23.044894,-23.044894,-50.227248,-50.227248,0724,0005,bff7,068fb200,0.0,192.4,192.4,0:00:48,5:51:33,-,-,0,-,,,,,04,7,00000000,00,10,,,,,,,,,,,,,,,,,,,,,,,,,,,,
2025-10-11 09:11:40,2025-10-11 09:11:40,2025-10-11 09:11:40,2025-10-11 09:11:40,867488067677285,2866,GTIGL,0x19fe7fbf,,802003,0x8303,0x0115,100,12444,0000,0000,01,00,21,6,6,-,01,01,0.0,0.0,115,115,494,494,-23.044894,-23.044894,-50.227248,-50.227248,0724,0005,bff7,068fb200,0.0,192.4,192.4,0:00:48,5:51:33,-,-,0,-,,,,,,,,,00,,,,,,,,,,,,,,,,,,,,,,,,,,,,
2025-10-11 09:11:57,2025-10-11 09:11:57,2025-10-11 09:11:57,2025-10-11 09:11:57,867488067677285,2867,GTSTT,0x19fe7fbf,,802003,0x8303,0x0115,100,12444,0000,0000,01,00,22,8,8,-,01,01,0.0,0.0,115,115,494,494,-23.044894,-23.044894,-50.227248,-50.227248,0724,0005,bff7,068fb200,0.0,192.4,192.4,0:01:06,5:51:51,-,-,0,-,,,,,,,,,,,,,,,,,,,,,,,,,,,,,,,,,,,,,
2025-10-11 09:13:19,,,,867488067677285,2869,HBD,,,,,,,,,,,,,,,,,,,,,,,,,,,,,,,,,,,,,,,,,,,,,,,,,,,,,,,,,,,,,,,,,,,,,,,,,,,,,
2025-10-11 09:13:56,2025-10-11 09:13:56,2025-10-11 09:13:55,2025-10-11 09:13:39,867488067677285,2870,GTERI,0x19fe3fbf,0x00028102,802003,0x8303,0x0115,100,13872,0000,-,01,00,22,10,10,-,01,01,12.0,36.6,225,225,465,464,-23.047284,-23.046559,-50.230038,-50.229172,0724,0005,bff7,068fb200,0.4,192.8,192.7,0:03:03,5:53:48,-,-,0,-,,,,,04,7,00000000,00,10,,,,,,,,,,,,,,,,,,,,,,,,,,,,
2025-10-11 09:14:56,,,,867488067677285,2872,ACK,,,,,,,,,,,,,,,,,,,,,,,,,,,,,,,,,,,,,,,,,,,,,,,,,,,,,,,,,,,,,,,,,,,,,,,,,,,,,
2025-10-11 09:14:56,,,,867488067677285,2873,ACK,,,,,,,,,,,,,,,,,,,,,,,,,,,,,,,,,,,,,,,,,,,,,,,,,,,,,,,,,,,,,,,,,,,,,,,,,,,,,
2025-10-11 09:14:56,,,,867488067677285,2874,ACK,,,,,,,,,,,,,,,,,,,,,,,,,,,,,,,,,,,,,,,,,,,,,,,,,,,,,,,,,,,,,,,,,,,,,,,,,,,,,
2025-10-11 09:15:20,,,,867488067677285,2875,HBD,,,,,,,,,,,,,,,,,,,,,,,,,,,,,,,,,,,,,,,,,,,,,,,,,,,,,,,,,,,,,,,,,,,,,,,,,,,,,
2025-10-11 09:16:56,2025-10-11 09:16:56,2025-10-11 09:16:55,2025-10-11 09:16:12,867488067677285,2877,GTERI,0x19fe3fbf,0x00028102,802003,0x8303,0x0115,100,14002,0000,-,01,00,22,12,12,-,01,01,22.7,35.0,112,111,477,473,-23.048689,-23.047685,-50.231648,-50.234256,0724,0005,bff7,068fb204,1.4,193.8,193.5,0:06:03,5:56:48,-,-,0,-,,,,,04,3,00000000,00,10,,,,,,,,,,,,,,,,,,,,,,,,,,,,
2025-10-11 09:17:20,,,,867488067677285,2878,HBD,,,,,,,,,,,,,,,,,,,,,,,,,,,,,,,,,,,,,,,,,,,,,,,,,,,,,,,,,,,,,,,,,,,,,,,,,,,,,
2025-10-11 09:19:21,,,,867488067677285,2880,HBD,,,,,,,,,,,,,,,,,,,,,,,,,,,,,,,,,,,,,,,,,,,,,,,,,,,,,,,,,,,,,,,,,,,,,,,,,,,,,
2025-10-11 09:19:56,2025-10-11 09:19:56,2025-10-11 09:19:55,2025-10-11 09:18:47,867488067677285,2881,GTERI,0x19fe3fbf,0x00028102,802003,0x8303,0x0115,100,13996,0000,-,01,00,22,12,12,-,01,01,14.8,32.8,294,291,474,491,-23.049608,-23.050657,-50.231438,-50.228595,0724,0005,bff7,068fb200,2.3,194.8,194.4,0:09:03,5:59:48,-,-,0,-,,,,,04,7,00000000,00,10,,,,,,,,,,,,,,,,,,,,,,,,,,,,
2025-10-11 09:21:21,,,,867488067677285,2883,HBD,,,,,,,,,,,,,,,,,,,,,,,,,,,,,,,,,,,,,,,,,,,,,,,,,,,,,,,,,,,,,,,,,,,,,,,,,,,,,
2025-10-11 09:22:01,2025-10-11 09:22:00,2025-10-11 09:22:00,2025-10-11 09:22:00,867488067677285,2884,GTIGF,0x19fe7fbf,,802003,0x8303,0x0115,100,13943,0000,0000,00,00,12,12,12,670,01,01,0.0,0.0,294,294,472,472,-23.049158,-23.049158,-50.232137,-50.232137,0724,0005,bff7,068fb200,2.7,195.1,195.1,0:11:09,6:01:54,-,-,0,-,,,,,,,,,,,,,,,,,,,,,,,,,,,,,,,,,,,,,
2025-10-11 09:22:01,2025-10-11 09:22:00,2025-10-11 09:22:00,2025-10-11 09:22:00,867488067677285,2885,GTSTT,0x19fe7fbf,,802003,0x8303,0x0115,100,13943,0000,0000,00,00,12,12,12,-,01,01,0.0,0.0,294,294,472,472,-23.049158,-23.049158,-50.232137,-50.232137,0724,0005,bff7,068fb200,2.7,195.1,195.1,0:11:09,6:01:54,-,-,0,-,,,,,,,,,,,,,,,,,,,,,,,,,,,,,,,,,,,,,
2025-10-11 09:22:01,,,,867488067677285,2886,ACK,,,,,,,,,,,,,,,,,,,,,,,,,,,,,,,,,,,,,,,,,,,,,,,,,,,,,,,,,,,,,,,,,,,,,,,,,,,,,
2025-10-11 09:22:02,,,,867488067677285,2887,ACK,,,,,,,,,,,,,,,,,,,,,,,,,,,,,,,,,,,,,,,,,,,,,,,,,,,,,,,,,,,,,,,,,,,,,,,,,,,,,
2025-10-11 09:22:02,2025-10-11 09:22:01,2025-10-11 09:22:01,2025-10-11 09:22:01,867488067677285,2888,GTIGL,0x19fe7fbf,,802003,0x8303,0x0115,100,13943,0000,0000,00,00,12,12,12,-,01,01,0.0,0.0,294,294,472,472,-23.049158,-23.049158,-50.232137,-50.232137,0724,0005,bff7,068fb200,2.7,195.1,195.1,0:11:09,6:01:54,-,-,0,-,,,,,,,,,01,,,,,,,,,,,,,,,,,,,,,,,,,,,,
2025-10-11 09:22:46,2025-10-11 09:22:46,2025-10-11 09:22:46,2025-10-11 09:22:46,867488067677285,2889,GTSTT,0x19fe7fbf,,802003,0x8303,0x0115,100,12638,0000,0000,00,00,11,12,12,-,01,01,0.0,0.0,294,294,472,472,-23.049158,-23.049158,-50.232137,-50.232137,0724,0005,bff7,068fb200,2.7,195.1,195.1,0:11:09,6:01:54,-,-,0,-,,,,,,,,,,,,,,,,,,,,,,,,,,,,,,,,,,,,,
2025-10-11 09:22:56,2025-10-11 09:22:56,2025-10-11 09:22:55,2025-10-11 09:22:55,867488067677285,2891,GTERI,0x19fe3fbf,0x00028102,802003,0x8303,0x0115,100,12920,0000,-,00,00,11,12,12,-,01,01,0.0,0.0,294,294,472,472,-23.049158,-23.049158,-50.232137,-50.232137,0724,0005,bff7,068fb200,2.7,195.1,195.1,0:11:09,6:01:54,-,-,0,-,,,,,04,7,00000000,00,10,,,,,,,,,,,,,,,,,,,,,,,,,,,,
2025-10-11 09:23:22,,,,867488067677285,2892,HBD,,,,,,,,,,,,,,,,,,,,,,,,,,,,,,,,,,,,,,,,,,,,,,,,,,,,,,,,,,,,,,,,,,,,,,,,,,,,,
2025-10-11 09:25:22,,,,867488067677285,2894,HBD,,,,,,,,,,,,,,,,,,,,,,,,,,,,,,,,,,,,,,,,,,,,,,,,,,,,,,,,,,,,,,,,,,,,,,,,,,,,,
2025-10-11 09:25:56,2025-10-11 09:25:56,2025-10-11 09:25:55,2025-10-11 09:25:55,867488067677285,2895,GTERI,0x19fe3fbf,0x00028102,802003,0x8303,0x0115,100,13010,0000,-,00,00,11,12,12,-,01,01,0.0,0.0,294,294,472,472,-23.049158,-23.049158,-50.232137,-50.232137,0724,0005,bff7,068fb200,2.7,195.1,195.1,0:11:09,6:01:54,-,-,0,-,,,,,04,7,00000000,00,10,,,,,,,,,,,,,,,,,,,,,,,,,,,,
2025-10-11 09:27:01,2025-10-11 09:27:01,2025-10-11 09:27:01,2025-10-11 09:27:01,867488067677285,2897,GTERI,0x19fe3fbf,0x00028102,802003,0x8303,0x0115,100,13028,0000,-,00,00,11,12,12,-,01,01,0.0,0.0,294,294,472,472,-23.049158,-23.049158,-50.232137,-50.232137,0724,0005,bff7,068fb200,2.7,195.1,195.1,0:11:09,6:01:54,-,-,0,-,,,,,04,7,00000000,00,10,,,,,,,,,,,,,,,,,,,,,,,,,,,,
2025-10-11 09:27:23,,,,867488067677285,2898,HBD,,,,,,,,,,,,,,,,,,,,,,,,,,,,,,,,,,,,,,,,,,,,,,,,,,,,,,,,,,,,,,,,,,,,,,,,,,,,,
2025-10-11 09:29:23,,,,867488067677285,2899,HBD,,,,,,,,,,,,,,,,,,,,,,,,,,,,,,,,,,,,,,,,,,,,,,,,,,,,,,,,,,,,,,,,,,,,,,,,,,,,,
2025-10-11 09:31:24,,,,867488067677285,2900,HBD,,,,,,,,,,,,,,,,,,,,,,,,,,,,,,,,,,,,,,,,,,,,,,,,,,,,,,,,,,,,,,,,,,,,,,,,,,,,,
2025-10-11 09:33:24,,,,867488067677285,2901,HBD,,,,,,,,,,,,,,,,,,,,,,,,,,,,,,,,,,,,,,,,,,,,,,,,,,,,,,,,,,,,,,,,,,,,,,,,,,,,,
2025-10-11 09:35:25,,,,867488067677285,2902,HBD,,,,,,,,,,,,,,,,,,,,,,,,,,,,,,,,,,,,,,,,,,,,,,,,,,,,,,,,,,,,,,,,,,,,,,,,,,,,,
2025-10-11 09:37:25,,,,867488067677285,2903,HBD,,,,,,,,,,,,,,,,,,,,,,,,,,,,,,,,,,,,,,,,,,,,,,,,,,,,,,,,,,,,,,,,,,,,,,,,,,,,,
2025-10-11 09:39:26,,,,867488067677285,2904,HBD,,,,,,,,,,,,,,,,,,,,,,,,,,,,,,,,,,,,,,,,,,,,,,,,,,,,,,,,,,,,,,,,,,,,,,,,,,,,,
2025-10-11 09:41:26,,,,867488067677285,2905,HBD,,,,,,,,,,,,,,,,,,,,,,,,,,,,,,,,,,,,,,,,,,,,,,,,,,,,,,,,,,,,,,,,,,,,,,,,,,,,,
2025-10-11 09:43:27,,,,867488067677285,2906,HBD,,,,,,,,,,,,,,,,,,,,,,,,,,,,,,,,,,,,,,,,,,,,,,,,,,,,,,,,,,,,,,,,,,,,,,,,,,,,,
2025-10-11 09:45:27,,,,867488067677285,2907,HBD,,,,,,,,,,,,,,,,,,,,,,,,,,,,,,,,,,,,,,,,,,,,,,,,,,,,,,,,,,,,,,,,,,,,,,,,,,,,,
2025-10-11 09:47:28,,,,867488067677285,2908,HBD,,,,,,,,,,,,,,,,,,,,,,,,,,,,,,,,,,,,,,,,,,,,,,,,,,,,,,,,,,,,,,,,,,,,,,,,,,,,,
2025-10-11 09:49:28,,,,867488067677285,2909,HBD,,,,,,,,,,,,,,,,,,,,,,,,,,,,,,,,,,,,,,,,,,,,,,,,,,,,,,,,,,,,,,,,,,,,,,,,,,,,,
2025-10-11 09:51:29,,,,867488067677285,2910,HBD,,,,,,,,,,,,,,,,,,,,,,,,,,,,,,,,,,,,,,,,,,,,,,,,,,,,,,,,,,,,,,,,,,,,,,,,,,,,,
2025-10-11 09:53:29,,,,867488067677285,2911,HBD,,,,,,,,,,,,,,,,,,,,,,,,,,,,,,,,,,,,,,,,,,,,,,,,,,,,,,,,,,,,,,,,,,,,,,,,,,,,,
2025-10-11 09:55:30,,,,867488067677285,2912,HBD,,,,,,,,,,,,,,,,,,,,,,,,,,,,,,,,,,,,,,,,,,,,,,,,,,,,,,,,,,,,,,,,,,,,,,,,,,,,,
2025-10-11 09:57:30,,,,867488067677285,2913,HBD,,,,,,,,,,,,,,,,,,,,,,,,,,,,,,,,,,,,,,,,,,,,,,,,,,,,,,,,,,,,,,,,,,,,,,,,,,,,,
2025-10-11 09:59:31,,,,867488067677285,2914,HBD,,,,,,,,,,,,,,,,,,,,,,,,,,,,,,,,,,,,,,,,,,,,,,,,,,,,,,,,,,,,,,,,,,,,,,,,,,,,,
2025-10-11 10:01:31,,,,867488067677285,2915,HBD,,,,,,,,,,,,,,,,,,,,,,,,,,,,,,,,,,,,,,,,,,,,,,,,,,,,,,,,,,,,,,,,,,,,,,,,,,,,,
2025-10-11 10:03:32,,,,867488067677285,2916,HBD,,,,,,,,,,,,,,,,,,,,,,,,,,,,,,,,,,,,,,,,,,,,,,,,,,,,,,,,,,,,,,,,,,,,,,,,,,,,,
2025-10-11 10:05:32,,,,867488067677285,2917,HBD,,,,,,,,,,,,,,,,,,,,,,,,,,,,,,,,,,,,,,,,,,,,,,,,,,,,,,,,,,,,,,,,,,,,,,,,,,,,,
2025-10-11 10:07:32,,,,867488067677285,2918,HBD,,,,,,,,,,,,,,,,,,,,,,,,,,,,,,,,,,,,,,,,,,,,,,,,,,,,,,,,,,,,,,,,,,,,,,,,,,,,,
2025-10-11 10:09:33,,,,867488067677285,2919,HBD,,,,,,,,,,,,,,,,,,,,,,,,,,,,,,,,,,,,,,,,,,,,,,,,,,,,,,,,,,,,,,,,,,,,,,,,,,,,,
2025-10-11 10:11:33,,,,867488067677285,2920,HBD,,,,,,,,,,,,,,,,,,,,,,,,,,,,,,,,,,,,,,,,,,,,,,,,,,,,,,,,,,,,,,,,,,,,,,,,,,,,,
2025-10-11 10:13:34,,,,867488067677285,2921,HBD,,,,,,,,,,,,,,,,,,,,,,,,,,,,,,,,,,,,,,,,,,,,,,,,,,,,,,,,,,,,,,,,,,,,,,,,,,,,,
2025-10-11 10:15:34,,,,867488067677285,2922,HBD,,,,,,,,,,,,,,,,,,,,,,,,,,,,,,,,,,,,,,,,,,,,,,,,,,,,,,,,,,,,,,,,,,,,,,,,,,,,,
2025-10-11 10:17:35,,,,867488067677285,2923,HBD,,,,,,,,,,,,,,,,,,,,,,,,,,,,,,,,,,,,,,,,,,,,,,,,,,,,,,,,,,,,,,,,,,,,,,,,,,,,,
2025-10-11 10:19:35,,,,867488067677285,2924,HBD,,,,,,,,,,,,,,,,,,,,,,,,,,,,,,,,,,,,,,,,,,,,,,,,,,,,,,,,,,,,,,,,,,,,,,,,,,,,,
2025-10-11 10:21:36,,,,867488067677285,2925,HBD,,,,,,,,,,,,,,,,,,,,,,,,,,,,,,,,,,,,,,,,,,,,,,,,,,,,,,,,,,,,,,,,,,,,,,,,,,,,,
2025-10-11 10:23:36,,,,867488067677285,2926,HBD,,,,,,,,,,,,,,,,,,,,,,,,,,,,,,,,,,,,,,,,,,,,,,,,,,,,,,,,,,,,,,,,,,,,,,,,,,,,,
2025-10-11 10:25:37,,,,867488067677285,2927,HBD,,,,,,,,,,,,,,,,,,,,,,,,,,,,,,,,,,,,,,,,,,,,,,,,,,,,,,,,,,,,,,,,,,,,,,,,,,,,,
2025-10-11 10:26:56,2025-10-11 10:26:56,2025-10-11 10:24:31,2025-10-11 10:24:31,867488067677285,2928,GTERI,0x19fe3fbf,0x00028102,802003,0x8303,0x0115,100,13027,0000,-,00,00,11,12,12,-,01,01,0.0,0.0,294,294,472,472,-23.049158,-23.049158,-50.232137,-50.232137,0724,0005,bff7,068fb200,2.7,195.1,195.1,0:11:09,6:01:54,-,-,0,-,,,,,04,7,00000000,00,10,,,,,,,,,,,,,,,,,,,,,,,,,,,,
2025-10-11 10:27:37,,,,867488067677285,2929,HBD,,,,,,,,,,,,,,,,,,,,,,,,,,,,,,,,,,,,,,,,,,,,,,,,,,,,,,,,,,,,,,,,,,,,,,,,,,,,,
2025-10-11 10:29:38,,,,867488067677285,2930,HBD,,,,,,,,,,,,,,,,,,,,,,,,,,,,,,,,,,,,,,,,,,,,,,,,,,,,,,,,,,,,,,,,,,,,,,,,,,,,,
2025-10-11 10:31:38,,,,867488067677285,2931,HBD,,,,,,,,,,,,,,,,,,,,,,,,,,,,,,,,,,,,,,,,,,,,,,,,,,,,,,,,,,,,,,,,,,,,,,,,,,,,,
2025-10-11 10:33:39,,,,867488067677285,2932,HBD,,,,,,,,,,,,,,,,,,,,,,,,,,,,,,,,,,,,,,,,,,,,,,,,,,,,,,,,,,,,,,,,,,,,,,,,,,,,,
2025-10-11 10:35:39,,,,867488067677285,2933,HBD,,,,,,,,,,,,,,,,,,,,,,,,,,,,,,,,,,,,,,,,,,,,,,,,,,,,,,,,,,,,,,,,,,,,,,,,,,,,,
2025-10-11 10:37:40,,,,867488067677285,2934,HBD,,,,,,,,,,,,,,,,,,,,,,,,,,,,,,,,,,,,,,,,,,,,,,,,,,,,,,,,,,,,,,,,,,,,,,,,,,,,,
2025-10-11 10:39:40,,,,867488067677285,2935,HBD,,,,,,,,,,,,,,,,,,,,,,,,,,,,,,,,,,,,,,,,,,,,,,,,,,,,,,,,,,,,,,,,,,,,,,,,,,,,,
2025-10-11 10:41:41,,,,867488067677285,2936,HBD,,,,,,,,,,,,,,,,,,,,,,,,,,,,,,,,,,,,,,,,,,,,,,,,,,,,,,,,,,,,,,,,,,,,,,,,,,,,,
2025-10-11 10:43:41,,,,867488067677285,2937,HBD,,,,,,,,,,,,,,,,,,,,,,,,,,,,,,,,,,,,,,,,,,,,,,,,,,,,,,,,,,,,,,,,,,,,,,,,,,,,,
2025-10-11 10:45:42,,,,867488067677285,2938,HBD,,,,,,,,,,,,,,,,,,,,,,,,,,,,,,,,,,,,,,,,,,,,,,,,,,,,,,,,,,,,,,,,,,,,,,,,,,,,,
2025-10-11 10:47:42,,,,867488067677285,2939,HBD,,,,,,,,,,,,,,,,,,,,,,,,,,,,,,,,,,,,,,,,,,,,,,,,,,,,,,,,,,,,,,,,,,,,,,,,,,,,,
2025-10-11 10:49:43,,,,867488067677285,2940,HBD,,,,,,,,,,,,,,,,,,,,,,,,,,,,,,,,,,,,,,,,,,,,,,,,,,,,,,,,,,,,,,,,,,,,,,,,,,,,,
2025-10-11 10:51:43,,,,867488067677285,2941,HBD,,,,,,,,,,,,,,,,,,,,,,,,,,,,,,,,,,,,,,,,,,,,,,,,,,,,,,,,,,,,,,,,,,,,,,,,,,,,,
2025-10-11 10:53:44,,,,867488067677285,2942,HBD,,,,,,,,,,,,,,,,,,,,,,,,,,,,,,,,,,,,,,,,,,,,,,,,,,,,,,,,,,,,,,,,,,,,,,,,,,,,,
2025-10-11 10:55:44,,,,867488067677285,2943,HBD,,,,,,,,,,,,,,,,,,,,,,,,,,,,,,,,,,,,,,,,,,,,,,,,,,,,,,,,,,,,,,,,,,,,,,,,,,,,,
2025-10-11 10:57:45,,,,867488067677285,2944,HBD,,,,,,,,,,,,,,,,,,,,,,,,,,,,,,,,,,,,,,,,,,,,,,,,,,,,,,,,,,,,,,,,,,,,,,,,,,,,,
2025-10-11 10:59:45,,,,867488067677285,2945,HBD,,,,,,,,,,,,,,,,,,,,,,,,,,,,,,,,,,,,,,,,,,,,,,,,,,,,,,,,,,,,,,,,,,,,,,,,,,,,,
2025-10-11 11:00:00,2025-10-11 10:59:59,2025-10-11 10:24:31,2025-10-11 09:21:15,867488067677285,2947,GTIGN,0x19fe7fbf,,802003,0x8303,0x0115,100,12834,0000,0000,01,00,22,12,12,5879,00,01,0.0,25.5,294,112,472,471,-23.049158,-23.04857,-50.232137,-50.23193,0724,0005,bff7,068fb200,0.0,195.1,195.0,0:00:00,6:01:54,-,-,0,-,,,,,,,,,,,,,,,,,,,,,,,,,,,,,,,,,,,,,
2025-10-11 11:00:00,2025-10-11 10:59:59,2025-10-11 10:24:31,2025-10-11 10:24:31,867488067677285,2948,GTSTT,0x19fe7fbf,,802003,0x8303,0x0115,100,12834,0000,0000,01,00,22,12,12,-,00,00,0.0,0.0,294,294,472,472,-23.049158,-23.049158,-50.232137,-50.232137,0724,0005,bff7,068fb200,0.0,195.1,195.1,0:00:00,6:01:54,-,-,0,-,,,,,,,,,,,,,,,,,,,,,,,,,,,,,,,,,,,,,
2025-10-11 11:00:18,2025-10-11 11:00:18,2025-10-11 11:00:18,2025-10-11 11:00:18,867488067677285,2949,GTERI,0x19fe3fbf,0x00028102,802003,0x8303,0x0115,100,13929,0000,-,01,00,22,9,9,-,01,01,1.0,1.0,246,246,492,492,-23.04914,-23.04914,-50.232096,-50.232096,0724,0005,bff7,068fb200,0.0,195.1,195.1,0:00:18,6:02:12,-,-,0,-,,,,,04,7,00000000,00,10,,,,,,,,,,,,,,,,,,,,,,,,,,,,
2025-10-11 11:00:18,2025-10-11 11:00:18,2025-10-11 11:00:18,2025-10-11 11:00:18,867488067677285,2950,GTIGL,0x19fe7fbf,,802003,0x8303,0x0115,100,13929,0000,0000,01,00,22,9,9,-,01,01,1.0,1.0,246,246,492,492,-23.04914,-23.04914,-50.232096,-50.232096,0724,0005,bff7,068fb200,0.0,195.1,195.1,0:00:18,6:02:12,-,-,0,-,,,,,,,,,00,,,,,,,,,,,,,,,,,,,,,,,,,,,,
2025-10-11 11:01:33,,,,867488067677285,2951,HBD,,,,,,,,,,,,,,,,,,,,,,,,,,,,,,,,,,,,,,,,,,,,,,,,,,,,,,,,,,,,,,,,,,,,,,,,,,,,,
2025-10-11 11:01:33,2025-10-11 11:01:33,2025-10-11 11:01:33,2025-10-11 11:00:46,867488067677285,2952,GTSTT,0x19fe7fbf,,802003,0x8303,0x0115,100,13958,0000,0000,01,00,21,12,12,-,01,01,0.0,0.6,246,246,496,495,-23.049134,-23.049136,-50.232076,-50.232081,0724,0005,bff7,068fb200,0.0,195.1,195.1,0:01:33,6:03:27,-,-,0,-,,,,,,,,,,,,,,,,,,,,,,,,,,,,,,,,,,,,,
2025-10-11 11:01:42,2025-10-11 11:01:42,2025-10-11 11:01:42,2025-10-11 11:01:42,867488067677285,2953,GTSTT,0x19fe7fbf,,802003,0x8303,0x0115,100,13958,0000,0000,01,00,22,12,12,-,01,01,0.0,0.0,136,136,496,496,-23.049134,-23.049134,-50.232076,-50.232076,0724,0005,bff7,068fb200,0.0,195.1,195.1,0:01:42,6:03:36,-,-,0,-,,,,,,,,,,,,,,,,,,,,,,,,,,,,,,,,,,,,,
2025-10-11 11:03:07,,,,867488067677285,2955,HBD,,,,,,,,,,,,,,,,,,,,,,,,,,,,,,,,,,,,,,,,,,,,,,,,,,,,,,,,,,,,,,,,,,,,,,,,,,,,,
2025-10-11 11:03:07,2025-10-11 11:03:07,2025-10-11 11:03:06,2025-10-11 11:02:09,867488067677285,2956,GTERI,0x19fe3fbf,0x00028102,802003,0x8303,0x0115,100,13944,0000,-,01,00,22,12,12,-,01,01,5.3,20.5,26,226,485,491,-23.050106,-23.049494,-50.231783,-50.232464,0724,0005,bff7,068fb204,0.2,195.3,195.2,0:03:06,6:05:00,-,-,0,-,,,,,04,3,00000000,00,10,,,,,,,,,,,,,,,,,,,,,,,,,,,,
2025-10-11 11:04:03,,,,867488067677285,2958,ACK,,,,,,,,,,,,,,,,,,,,,,,,,,,,,,,,,,,,,,,,,,,,,,,,,,,,,,,,,,,,,,,,,,,,,,,,,,,,,
2025-10-11 11:04:03,,,,867488067677285,2959,ACK,,,,,,,,,,,,,,,,,,,,,,,,,,,,,,,,,,,,,,,,,,,,,,,,,,,,,,,,,,,,,,,,,,,,,,,,,,,,,
2025-10-11 11:04:04,,,,867488067677285,2960,ACK,,,,,,,,,,,,,,,,,,,,,,,,,,,,,,,,,,,,,,,,,,,,,,,,,,,,,,,,,,,,,,,,,,,,,,,,,,,,,
2025-10-11 11:05:46,,,,867488067677285,2961,HBD,,,,,,,,,,,,,,,,,,,,,,,,,,,,,,,,,,,,,,,,,,,,,,,,,,,,,,,,,,,,,,,,,,,,,,,,,,,,,
2025-10-11 11:06:07,2025-10-11 11:06:07,2025-10-11 11:06:06,2025-10-11 11:06:06,867488067677285,2963,GTERI,0x19fe3fbf,0x00028102,802003,0x8303,0x0115,100,13962,0000,-,01,00,22,12,12,-,01,01,21.3,21.3,112,112,495,495,-23.049659,-23.049659,-50.229009,-50.229009,0724,0005,bff7,068fb200,0.6,195.7,195.7,0:06:06,6:08:00,-,-,0,-,,,,,04,7,00000000,00,10,,,,,,,,,,,,,,,,,,,,,,,,,,,,
2025-10-11 11:07:47,,,,867488067677285,2964,HBD,,,,,,,,,,,,,,,,,,,,,,,,,,,,,,,,,,,,,,,,,,,,,,,,,,,,,,,,,,,,,,,,,,,,,,,,,,,,,
2025-10-11 11:09:07,,,,867488067677285,2966,HBD,,,,,,,,,,,,,,,,,,,,,,,,,,,,,,,,,,,,,,,,,,,,,,,,,,,,,,,,,,,,,,,,,,,,,,,,,,,,,
2025-10-11 11:09:07,2025-10-11 11:09:07,2025-10-11 11:09:06,2025-10-11 11:06:40,867488067677285,2967,GTERI,0x19fe3fbf,0x00028102,802003,0x8303,0x0115,100,13849,0000,-,01,00,22,12,12,-,01,01,0.0,21.7,112,293,482,491,-23.048914,-23.050258,-50.231238,-50.229673,0724,0005,bff7,068fb200,1.1,196.2,195.9,0:09:06,6:11:00,-,-,0,-,,,,,04,7,00000000,00,10,,,,,,,,,,,,,,,,,,,,,,,,,,,,
2025-10-11 11:11:48,,,,867488067677285,2969,HBD,,,,,,,,,,,,,,,,,,,,,,,,,,,,,,,,,,,,,,,,,,,,,,,,,,,,,,,,,,,,,,,,,,,,,,,,,,,,,
2025-10-11 11:12:07,2025-10-11 11:12:07,2025-10-11 11:12:06,2025-10-11 11:10:33,867488067677285,2971,GTERI,0x19fe3fbf,0x00028102,802003,0x8303,0x0115,100,13968,0000,-,01,00,22,12,12,-,01,01,15.8,36.5,293,112,482,489,-23.048477,-23.05002,-50.229767,-50.228052,0724,0005,bff7,068fb200,1.8,196.9,196.5,0:12:06,6:14:00,-,-,0,-,,,,,04,7,00000000,00,10,,,,,,,,,,,,,,,,,,,,,,,,,,,,
2025-10-11 11:13:48,,,,867488067677285,2972,HBD,,,,,,,,,,,,,,,,,,,,,,,,,,,,,,,,,,,,,,,,,,,,,,,,,,,,,,,,,,,,,,,,,,,,,,,,,,,,,
2025-10-11 11:15:07,,,,867488067677285,2974,HBD,,,,,,,,,,,,,,,,,,,,,,,,,,,,,,,,,,,,,,,,,,,,,,,,,,,,,,,,,,,,,,,,,,,,,,,,,,,,,
2025-10-11 11:15:07,2025-10-11 11:15:07,2025-10-11 11:15:06,2025-10-11 11:15:07,867488067677285,2975,GTERI,0x19fe3fbf,0x00028102,802003,0x8303,0x0115,100,14020,0000,-,01,00,22,12,12,-,01,01,39.8,40.1,226,225,473,474,-23.046561,-23.04663,-50.229178,-50.229255,0724,0005,bff7,068fb200,2.6,197.8,197.8,0:15:06,6:17:00,-,-,0,-,,,,,04,7,00000000,00,10,,,,,,,,,,,,,,,,,,,,,,,,,,,,
2025-10-11 11:17:21,,,,867488067677285,2977,HBD,,,,,,,,,,,,,,,,,,,,,,,,,,,,,,,,,,,,,,,,,,,,,,,,,,,,,,,,,,,,,,,,,,,,,,,,,,,,,
2025-10-11 11:17:22,2025-10-11 11:17:21,2025-10-11 11:17:20,2025-10-11 11:17:20,867488067677285,2978,GTIGF,0x19fe7fbf,,802003,0x8303,0x0115,100,13968,0000,0000,00,00,12,12,12,1042,01,01,0.0,0.0,226,226,484,484,-23.048425,-23.048425,-50.22955,-50.22955,0724,0005,bff7,068fb200,3.0,198.1,198.1,0:17:21,6:19:15,-,-,0,-,,,,,,,,,,,,,,,,,,,,,,,,,,,,,,,,,,,,,
2025-10-11 11:17:22,2025-10-11 11:17:21,2025-10-11 11:17:20,2025-10-11 11:17:20,867488067677285,2979,GTSTT,0x19fe7fbf,,802003,0x8303,0x0115,100,13968,0000,0000,00,00,12,12,12,-,01,01,0.0,0.0,226,226,484,484,-23.048425,-23.048425,-50.22955,-50.22955,0724,0005,bff7,068fb200,3.0,198.1,198.1,0:17:21,6:19:15,-,-,0,-,,,,,,,,,,,,,,,,,,,,,,,,,,,,,,,,,,,,,
2025-10-11 11:17:22,2025-10-11 11:17:21,2025-10-11 11:17:21,2025-10-11 11:17:21,867488067677285,2980,GTIGL,0x19fe7fbf,,802003,0x8303,0x0115,100,13968,0000,0000,00,00,12,12,12,-,01,01,0.0,0.0,226,226,484,484,-23.048425,-23.048425,-50.22955,-50.22955,0724,0005,bff7,068fb200,3.0,198.1,198.1,0:17:21,6:19:15,-,-,0,-,,,,,,,,,01,,,,,,,,,,,,,,,,,,,,,,,,,,,,
2025-10-11 11:17:23,,,,867488067677285,2981,ACK,,,,,,,,,,,,,,,,,,,,,,,,,,,,,,,,,,,,,,,,,,,,,,,,,,,,,,,,,,,,,,,,,,,,,,,,,,,,,
2025-10-11 11:17:23,,,,867488067677285,2982,ACK,,,,,,,,,,,,,,,,,,,,,,,,,,,,,,,,,,,,,,,,,,,,,,,,,,,,,,,,,,,,,,,,,,,,,,,,,,,,,
2025-10-11 11:18:05,2025-10-11 11:18:05,2025-10-11 11:18:04,2025-10-11 11:18:04,867488067677285,2984,GTSTT,0x19fe7fbf,,802003,0x8303,0x0115,100,12891,0000,0000,00,00,11,12,12,-,01,01,0.0,0.0,226,226,484,484,-23.048425,-23.048425,-50.22955,-50.22955,0724,0005,bff7,068fb200,3.0,198.1,198.1,0:17:21,6:19:15,-,-,0,-,,,,,,,,,,,,,,,,,,,,,,,,,,,,,,,,,,,,,
2025-10-11 11:18:07,2025-10-11 11:18:07,2025-10-11 11:18:06,2025-10-11 11:18:06,867488067677285,2985,GTERI,0x19fe3fbf,0x00028102,802003,0x8303,0x0115,100,12891,0000,-,00,00,11,12,12,-,01,01,0.0,0.0,226,226,484,484,-23.048425,-23.048425,-50.22955,-50.22955,0724,0005,bff7,068fb200,3.0,198.1,198.1,0:17:21,6:19:15,-,-,0,-,,,,,04,7,00000000,00,10,,,,,,,,,,,,,,,,,,,,,,,,,,,,
2025-10-11 11:19:50,,,,867488067677285,2986,HBD,,,,,,,,,,,,,,,,,,,,,,,,,,,,,,,,,,,,,,,,,,,,,,,,,,,,,,,,,,,,,,,,,,,,,,,,,,,,,
2025-10-11 11:21:07,,,,867488067677285,2988,HBD,,,,,,,,,,,,,,,,,,,,,,,,,,,,,,,,,,,,,,,,,,,,,,,,,,,,,,,,,,,,,,,,,,,,,,,,,,,,,
2025-10-11 11:21:07,2025-10-11 11:21:07,2025-10-11 11:21:06,2025-10-11 11:21:06,867488067677285,2989,GTERI,0x19fe3fbf,0x00028102,802003,0x8303,0x0115,100,12883,0000,-,00,00,11,12,12,-,01,01,0.0,0.0,226,226,484,484,-23.048425,-23.048425,-50.22955,-50.22955,0724,0005,bff7,068fb200,3.0,198.1,198.1,0:17:21,6:19:15,-,-,0,-,,,,,04,7,00000000,00,10,,,,,,,,,,,,,,,,,,,,,,,,,,,,
2025-10-11 11:22:21,2025-10-11 11:22:21,2025-10-11 11:22:21,2025-10-11 11:22:21,867488067677285,2991,GTERI,0x19fe3fbf,0x00028102,802003,0x8303,0x0115,100,12934,0000,-,00,00,11,12,12,-,01,01,0.0,0.0,226,226,484,484,-23.048425,-23.048425,-50.22955,-50.22955,0724,0005,bff7,068fb200,3.0,198.1,198.1,0:17:21,6:19:15,-,-,0,-,,,,,04,7,00000000,00,10,,,,,,,,,,,,,,,,,,,,,,,,,,,,
2025-10-11 11:23:50,,,,867488067677285,2992,HBD,,,,,,,,,,,,,,,,,,,,,,,,,,,,,,,,,,,,,,,,,,,,,,,,,,,,,,,,,,,,,,,,,,,,,,,,,,,,,
2025-10-11 11:25:51,,,,867488067677285,2993,HBD,,,,,,,,,,,,,,,,,,,,,,,,,,,,,,,,,,,,,,,,,,,,,,,,,,,,,,,,,,,,,,,,,,,,,,,,,,,,,
2025-10-11 11:27:51,,,,867488067677285,2994,HBD,,,,,,,,,,,,,,,,,,,,,,,,,,,,,,,,,,,,,,,,,,,,,,,,,,,,,,,,,,,,,,,,,,,,,,,,,,,,,
2025-10-11 11:29:52,,,,867488067677285,2995,HBD,,,,,,,,,,,,,,,,,,,,,,,,,,,,,,,,,,,,,,,,,,,,,,,,,,,,,,,,,,,,,,,,,,,,,,,,,,,,,
2025-10-11 11:31:52,,,,867488067677285,2996,HBD,,,,,,,,,,,,,,,,,,,,,,,,,,,,,,,,,,,,,,,,,,,,,,,,,,,,,,,,,,,,,,,,,,,,,,,,,,,,,
2025-10-11 11:33:53,,,,867488067677285,2997,HBD,,,,,,,,,,,,,,,,,,,,,,,,,,,,,,,,,,,,,,,,,,,,,,,,,,,,,,,,,,,,,,,,,,,,,,,,,,,,,
2025-10-11 11:35:53,,,,867488067677285,2998,HBD,,,,,,,,,,,,,,,,,,,,,,,,,,,,,,,,,,,,,,,,,,,,,,,,,,,,,,,,,,,,,,,,,,,,,,,,,,,,,
2025-10-11 11:37:54,,,,867488067677285,2999,HBD,,,,,,,,,,,,,,,,,,,,,,,,,,,,,,,,,,,,,,,,,,,,,,,,,,,,,,,,,,,,,,,,,,,,,,,,,,,,,
2025-10-11 11:39:54,,,,867488067677285,3000,HBD,,,,,,,,,,,,,,,,,,,,,,,,,,,,,,,,,,,,,,,,,,,,,,,,,,,,,,,,,,,,,,,,,,,,,,,,,,,,,
2025-10-11 11:41:55,,,,867488067677285,3001,HBD,,,,,,,,,,,,,,,,,,,,,,,,,,,,,,,,,,,,,,,,,,,,,,,,,,,,,,,,,,,,,,,,,,,,,,,,,,,,,
2025-10-11 11:43:55,,,,867488067677285,3002,HBD,,,,,,,,,,,,,,,,,,,,,,,,,,,,,,,,,,,,,,,,,,,,,,,,,,,,,,,,,,,,,,,,,,,,,,,,,,,,,
2025-10-11 11:45:56,,,,867488067677285,3003,HBD,,,,,,,,,,,,,,,,,,,,,,,,,,,,,,,,,,,,,,,,,,,,,,,,,,,,,,,,,,,,,,,,,,,,,,,,,,,,,
2025-10-11 11:47:56,,,,867488067677285,3004,HBD,,,,,,,,,,,,,,,,,,,,,,,,,,,,,,,,,,,,,,,,,,,,,,,,,,,,,,,,,,,,,,,,,,,,,,,,,,,,,
2025-10-11 11:49:57,,,,867488067677285,3005,HBD,,,,,,,,,,,,,,,,,,,,,,,,,,,,,,,,,,,,,,,,,,,,,,,,,,,,,,,,,,,,,,,,,,,,,,,,,,,,,
2025-10-11 11:52:04,,,,867488067677285,3006,HBD,,,,,,,,,,,,,,,,,,,,,,,,,,,,,,,,,,,,,,,,,,,,,,,,,,,,,,,,,,,,,,,,,,,,,,,,,,,,,
2025-10-11 11:56:29,,,,867488067677285,3007,HBD,,,,,,,,,,,,,,,,,,,,,,,,,,,,,,,,,,,,,,,,,,,,,,,,,,,,,,,,,,,,,,,,,,,,,,,,,,,,,
2025-10-11 11:56:29,,,,867488067677285,3008,HBD,,,,,,,,,,,,,,,,,,,,,,,,,,,,,,,,,,,,,,,,,,,,,,,,,,,,,,,,,,,,,,,,,,,,,,,,,,,,,
2025-10-11 11:56:30,,,,867488067677285,3009,HBD,,,,,,,,,,,,,,,,,,,,,,,,,,,,,,,,,,,,,,,,,,,,,,,,,,,,,,,,,,,,,,,,,,,,,,,,,,,,,
2025-10-11 11:56:30,2025-10-11 11:55:28,2025-10-11 11:22:21,2025-10-11 11:22:21,867488067677285,3010,GTPDP,0x19fe7fbf,,802003,0x8303,0x0115,100,13064,0000,0000,00,00,11,12,12,-,00,00,0.0,0.0,226,226,484,484,-23.048425,-23.048425,-50.22955,-50.22955,0724,0005,bff7,068fb200,3.0,198.1,198.1,0:17:21,6:19:15,-,-,0,-,,,,,,,,,,,,,,,,,,,,,,,,,,,,,,,,,,,,,
2025-10-11 11:56:31,,,,867488067677285,3011,HBD,,,,,,,,,,,,,,,,,,,,,,,,,,,,,,,,,,,,,,,,,,,,,,,,,,,,,,,,,,,,,,,,,,,,,,,,,,,,,
2025-10-11 11:59:00,,,,867488067677285,3012,HBD,,,,,,,,,,,,,,,,,,,,,,,,,,,,,,,,,,,,,,,,,,,,,,,,,,,,,,,,,,,,,,,,,,,,,,,,,,,,,
2025-10-11 12:01:00,,,,867488067677285,3013,HBD,,,,,,,,,,,,,,,,,,,,,,,,,,,,,,,,,,,,,,,,,,,,,,,,,,,,,,,,,,,,,,,,,,,,,,,,,,,,,
2025-10-11 12:03:01,,,,867488067677285,3014,HBD,,,,,,,,,,,,,,,,,,,,,,,,,,,,,,,,,,,,,,,,,,,,,,,,,,,,,,,,,,,,,,,,,,,,,,,,,,,,,
2025-10-11 12:05:01,,,,867488067677285,3015,HBD,,,,,,,,,,,,,,,,,,,,,,,,,,,,,,,,,,,,,,,,,,,,,,,,,,,,,,,,,,,,,,,,,,,,,,,,,,,,,
2025-10-11 12:07:02,,,,867488067677285,3016,HBD,,,,,,,,,,,,,,,,,,,,,,,,,,,,,,,,,,,,,,,,,,,,,,,,,,,,,,,,,,,,,,,,,,,,,,,,,,,,,
2025-10-11 12:09:02,,,,867488067677285,3017,HBD,,,,,,,,,,,,,,,,,,,,,,,,,,,,,,,,,,,,,,,,,,,,,,,,,,,,,,,,,,,,,,,,,,,,,,,,,,,,,
2025-10-11 12:11:03,,,,867488067677285,3018,HBD,,,,,,,,,,,,,,,,,,,,,,,,,,,,,,,,,,,,,,,,,,,,,,,,,,,,,,,,,,,,,,,,,,,,,,,,,,,,,
2025-10-11 12:13:03,,,,867488067677285,3019,HBD,,,,,,,,,,,,,,,,,,,,,,,,,,,,,,,,,,,,,,,,,,,,,,,,,,,,,,,,,,,,,,,,,,,,,,,,,,,,,
2025-10-11 12:15:04,,,,867488067677285,3020,HBD,,,,,,,,,,,,,,,,,,,,,,,,,,,,,,,,,,,,,,,,,,,,,,,,,,,,,,,,,,,,,,,,,,,,,,,,,,,,,
2025-10-11 12:17:04,,,,867488067677285,3021,HBD,,,,,,,,,,,,,,,,,,,,,,,,,,,,,,,,,,,,,,,,,,,,,,,,,,,,,,,,,,,,,,,,,,,,,,,,,,,,,
2025-10-11 12:19:05,,,,867488067677285,3022,HBD,,,,,,,,,,,,,,,,,,,,,,,,,,,,,,,,,,,,,,,,,,,,,,,,,,,,,,,,,,,,,,,,,,,,,,,,,,,,,
2025-10-11 12:21:05,,,,867488067677285,3023,HBD,,,,,,,,,,,,,,,,,,,,,,,,,,,,,,,,,,,,,,,,,,,,,,,,,,,,,,,,,,,,,,,,,,,,,,,,,,,,,
2025-10-11 12:22:16,2025-10-11 12:22:16,2025-10-11 12:19:53,2025-10-11 12:19:53,867488067677285,3024,GTERI,0x19fe3fbf,0x00028102,802003,0x8303,0x0115,100,12952,0000,-,00,00,11,12,12,-,01,01,0.0,0.0,226,226,484,484,-23.048425,-23.048425,-50.22955,-50.22955,0724,0005,bff7,068fb200,3.0,198.1,198.1,0:17:21,6:19:15,-,-,0,-,,,,,04,7,00000000,00,10,,,,,,,,,,,,,,,,,,,,,,,,,,,,
2025-10-11 12:23:06,,,,867488067677285,3025,HBD,,,,,,,,,,,,,,,,,,,,,,,,,,,,,,,,,,,,,,,,,,,,,,,,,,,,,,,,,,,,,,,,,,,,,,,,,,,,,
2025-10-11 12:25:06,,,,867488067677285,3026,HBD,,,,,,,,,,,,,,,,,,,,,,,,,,,,,,,,,,,,,,,,,,,,,,,,,,,,,,,,,,,,,,,,,,,,,,,,,,,,,
2025-10-11 12:27:07,,,,867488067677285,3027,HBD,,,,,,,,,,,,,,,,,,,,,,,,,,,,,,,,,,,,,,,,,,,,,,,,,,,,,,,,,,,,,,,,,,,,,,,,,,,,,
2025-10-11 12:29:07,,,,867488067677285,3028,HBD,,,,,,,,,,,,,,,,,,,,,,,,,,,,,,,,,,,,,,,,,,,,,,,,,,,,,,,,,,,,,,,,,,,,,,,,,,,,,
2025-10-11 12:31:08,,,,867488067677285,3029,HBD,,,,,,,,,,,,,,,,,,,,,,,,,,,,,,,,,,,,,,,,,,,,,,,,,,,,,,,,,,,,,,,,,,,,,,,,,,,,,
2025-10-11 12:31:47,2025-10-11 12:31:47,2025-10-11 12:19:53,2025-10-11 11:15:08,867488067677285,3031,GTIGN,0x19fe7fbf,,802003,0x8303,0x0115,100,12718,0000,0000,01,00,22,12,12,4466,00,01,0.0,39.3,226,225,484,474,-23.048425,-23.046699,-50.22955,-50.229332,0724,0005,bff7,068fb200,0.0,198.1,197.8,0:00:00,6:19:15,-,-,0,-,,,,,,,,,,,,,,,,,,,,,,,,,,,,,,,,,,,,,
2025-10-11 12:31:47,2025-10-11 12:31:47,2025-10-11 12:19:53,2025-10-11 12:19:53,867488067677285,3032,GTSTT,0x19fe7fbf,,802003,0x8303,0x0115,100,12718,0000,0000,01,00,22,12,12,-,00,00,0.0,0.0,226,226,484,484,-23.048425,-23.048425,-50.22955,-50.22955,0724,0005,bff7,068fb200,0.0,198.1,198.1,0:00:00,6:19:15,-,-,0,-,,,,,,,,,,,,,,,,,,,,,,,,,,,,,,,,,,,,,
2025-10-11 12:32:04,2025-10-11 12:32:04,2025-10-11 12:32:04,2025-10-11 12:32:04,867488067677285,3033,GTERI,0x19fe3fbf,0x00028102,802003,0x8303,0x0115,100,13929,0000,-,01,00,22,11,11,-,01,01,7.4,7.4,281,281,494,494,-23.048368,-23.048368,-50.229644,-50.229644,0724,0005,bff7,068fb200,0.0,198.1,198.1,0:00:15,6:19:30,-,-,0,-,,,,,04,7,00000000,00,10,,,,,,,,,,,,,,,,,,,,,,,,,,,,
2025-10-11 12:32:04,2025-10-11 12:32:04,2025-10-11 12:32:04,2025-10-11 12:32:04,867488067677285,3034,GTIGL,0x19fe7fbf,,802003,0x8303,0x0115,100,13929,0000,0000,01,00,22,11,11,-,01,01,7.4,7.4,281,281,494,494,-23.048368,-23.048368,-50.229644,-50.229644,0724,0005,bff7,068fb200,0.0,198.1,198.1,0:00:15,6:19:30,-,-,0,-,,,,,,,,,00,,,,,,,,,,,,,,,,,,,,,,,,,,,,
2025-10-11 12:33:08,,,,867488067677285,3035,HBD,,,,,,,,,,,,,,,,,,,,,,,,,,,,,,,,,,,,,,,,,,,,,,,,,,,,,,,,,,,,,,,,,,,,,,,,,,,,,
2025-10-11 12:34:52,,,,867488067677285,3037,HBD,,,,,,,,,,,,,,,,,,,,,,,,,,,,,,,,,,,,,,,,,,,,,,,,,,,,,,,,,,,,,,,,,,,,,,,,,,,,,
2025-10-11 12:34:52,2025-10-11 12:34:52,2025-10-11 12:34:51,2025-10-11 12:33:00,867488067677285,3038,GTERI,0x19fe3fbf,0x00028102,802003,0x8303,0x0115,100,13992,0000,-,01,00,22,12,12,-,01,01,15.6,28.1,143,318,493,483,-23.044386,-23.047253,-50.227986,-50.230921,0724,0005,bff7,068fb200,0.8,198.9,198.4,0:03:03,6:22:18,-,-,0,-,,,,,04,7,00000000,00,10,,,,,,,,,,,,,,,,,,,,,,,,,,,,
2025-10-11 12:35:51,,,,867488067677285,3040,ACK,,,,,,,,,,,,,,,,,,,,,,,,,,,,,,,,,,,,,,,,,,,,,,,,,,,,,,,,,,,,,,,,,,,,,,,,,,,,,
2025-10-11 12:35:52,,,,867488067677285,3041,ACK,,,,,,,,,,,,,,,,,,,,,,,,,,,,,,,,,,,,,,,,,,,,,,,,,,,,,,,,,,,,,,,,,,,,,,,,,,,,,
2025-10-11 12:35:52,,,,867488067677285,3042,ACK,,,,,,,,,,,,,,,,,,,,,,,,,,,,,,,,,,,,,,,,,,,,,,,,,,,,,,,,,,,,,,,,,,,,,,,,,,,,,
2025-10-11 12:35:53,2025-10-11 12:35:52,2025-10-11 12:35:51,2025-10-11 12:35:51,867488067677285,3043,GTIGF,0x19fe7fbf,,802003,0x8303,0x0115,100,13982,0000,0000,00,00,12,12,12,245,01,01,0.0,0.0,143,143,488,488,-23.044808,-23.044808,-50.22726,-50.22726,0724,0005,bff7,068fb200,0.9,199.0,199.0,0:04:03,6:23:18,-,-,0,-,,,,,,,,,,,,,,,,,,,,,,,,,,,,,,,,,,,,,
2025-10-11 12:35:53,2025-10-11 12:35:52,2025-10-11 12:35:51,2025-10-11 12:35:51,867488067677285,3044,GTSTT,0x19fe7fbf,,802003,0x8303,0x0115,100,13982,0000,0000,00,00,12,12,12,-,01,01,0.0,0.0,143,143,488,488,-23.044808,-23.044808,-50.22726,-50.22726,0724,0005,bff7,068fb200,0.9,199.0,199.0,0:04:03,6:23:18,-,-,0,-,,,,,,,,,,,,,,,,,,,,,,,,,,,,,,,,,,,,,
2025-10-11 12:35:54,2025-10-11 12:35:52,2025-10-11 12:35:52,2025-10-11 12:35:52,867488067677285,3045,GTIGL,0x19fe7fbf,,802003,0x8303,0x0115,100,13982,0000,0000,00,00,12,12,12,-,01,01,0.0,0.0,143,143,488,488,-23.044808,-23.044808,-50.22726,-50.22726,0724,0005,bff7,068fb200,0.9,199.0,199.0,0:04:03,6:23:18,-,-,0,-,,,,,,,,,01,,,,,,,,,,,,,,,,,,,,,,,,,,,,
2025-10-11 12:35:56,,,,867488067677285,3046,ACK,,,,,,,,,,,,,,,,,,,,,,,,,,,,,,,,,,,,,,,,,,,,,,,,,,,,,,,,,,,,,,,,,,,,,,,,,,,,,
2025-10-11 12:35:57,,,,867488067677285,3047,ACK,,,,,,,,,,,,,,,,,,,,,,,,,,,,,,,,,,,,,,,,,,,,,,,,,,,,,,,,,,,,,,,,,,,,,,,,,,,,,
2025-10-11 12:36:49,,,,867488067677285,3048,HBD,,,,,,,,,,,,,,,,,,,,,,,,,,,,,,,,,,,,,,,,,,,,,,,,,,,,,,,,,,,,,,,,,,,,,,,,,,,,,
2025-10-11 12:36:49,2025-10-11 12:36:49,2025-10-11 12:36:48,2025-10-11 12:36:48,867488067677285,3049,GTSTT,0x19fe7fbf,,802003,0x8303,0x0115,100,12786,0000,0000,00,00,11,12,12,-,01,01,0.0,0.0,143,143,488,488,-23.044808,-23.044808,-50.22726,-50.22726,0724,0005,bff7,068fb200,0.9,199.0,199.0,0:04:03,6:23:18,-,-,0,-,,,,,,,,,,,,,,,,,,,,,,,,,,,,,,,,,,,,,
2025-10-11 12:37:52,2025-10-11 12:37:52,2025-10-11 12:37:51,2025-10-11 12:37:51,867488067677285,3051,GTERI,0x19fe3fbf,0x00028102,802003,0x8303,0x0115,100,12849,0000,-,00,00,11,12,12,-,01,01,0.0,0.0,143,143,488,488,-23.044808,-23.044808,-50.22726,-50.22726,0724,0005,bff7,068fb200,0.9,199.0,199.0,0:04:03,6:23:18,-,-,0,-,,,,,04,7,00000000,00,10,,,,,,,,,,,,,,,,,,,,,,,,,,,,
2025-10-11 12:39:09,,,,867488067677285,3052,HBD,,,,,,,,,,,,,,,,,,,,,,,,,,,,,,,,,,,,,,,,,,,,,,,,,,,,,,,,,,,,,,,,,,,,,,,,,,,,,
2025-10-11 12:40:52,,,,867488067677285,3054,HBD,,,,,,,,,,,,,,,,,,,,,,,,,,,,,,,,,,,,,,,,,,,,,,,,,,,,,,,,,,,,,,,,,,,,,,,,,,,,,
2025-10-11 12:40:52,2025-10-11 12:40:52,2025-10-11 12:40:52,2025-10-11 12:40:52,867488067677285,3055,GTERI,0x19fe3fbf,0x00028102,802003,0x8303,0x0115,100,12912,0000,-,00,00,11,12,12,-,01,01,0.0,0.0,143,143,488,488,-23.044808,-23.044808,-50.22726,-50.22726,0724,0005,bff7,068fb200,0.9,199.0,199.0,0:04:03,6:23:18,-,-,0,-,,,,,04,7,00000000,00,10,,,,,,,,,,,,,,,,,,,,,,,,,,,,
2025-10-11 12:43:10,,,,867488067677285,3056,HBD,,,,,,,,,,,,,,,,,,,,,,,,,,,,,,,,,,,,,,,,,,,,,,,,,,,,,,,,,,,,,,,,,,,,,,,,,,,,,
2025-10-11 12:45:11,,,,867488067677285,3057,HBD,,,,,,,,,,,,,,,,,,,,,,,,,,,,,,,,,,,,,,,,,,,,,,,,,,,,,,,,,,,,,,,,,,,,,,,,,,,,,
2025-10-11 12:47:11,,,,867488067677285,3058,HBD,,,,,,,,,,,,,,,,,,,,,,,,,,,,,,,,,,,,,,,,,,,,,,,,,,,,,,,,,,,,,,,,,,,,,,,,,,,,,
2025-10-11 12:49:12,,,,867488067677285,3059,HBD,,,,,,,,,,,,,,,,,,,,,,,,,,,,,,,,,,,,,,,,,,,,,,,,,,,,,,,,,,,,,,,,,,,,,,,,,,,,,
2025-10-11 12:51:12,,,,867488067677285,3060,HBD,,,,,,,,,,,,,,,,,,,,,,,,,,,,,,,,,,,,,,,,,,,,,,,,,,,,,,,,,,,,,,,,,,,,,,,,,,,,,
2025-10-11 12:53:12,,,,867488067677285,3061,HBD,,,,,,,,,,,,,,,,,,,,,,,,,,,,,,,,,,,,,,,,,,,,,,,,,,,,,,,,,,,,,,,,,,,,,,,,,,,,,
2025-10-11 12:55:13,,,,867488067677285,3062,HBD,,,,,,,,,,,,,,,,,,,,,,,,,,,,,,,,,,,,,,,,,,,,,,,,,,,,,,,,,,,,,,,,,,,,,,,,,,,,,
2025-10-11 12:57:13,,,,867488067677285,3063,HBD,,,,,,,,,,,,,,,,,,,,,,,,,,,,,,,,,,,,,,,,,,,,,,,,,,,,,,,,,,,,,,,,,,,,,,,,,,,,,
2025-10-11 12:59:14,,,,867488067677285,3064,HBD,,,,,,,,,,,,,,,,,,,,,,,,,,,,,,,,,,,,,,,,,,,,,,,,,,,,,,,,,,,,,,,,,,,,,,,,,,,,,
2025-10-11 13:01:14,,,,867488067677285,3065,HBD,,,,,,,,,,,,,,,,,,,,,,,,,,,,,,,,,,,,,,,,,,,,,,,,,,,,,,,,,,,,,,,,,,,,,,,,,,,,,
2025-10-11 13:03:15,,,,867488067677285,3066,HBD,,,,,,,,,,,,,,,,,,,,,,,,,,,,,,,,,,,,,,,,,,,,,,,,,,,,,,,,,,,,,,,,,,,,,,,,,,,,,
2025-10-11 13:05:15,,,,867488067677285,3067,HBD,,,,,,,,,,,,,,,,,,,,,,,,,,,,,,,,,,,,,,,,,,,,,,,,,,,,,,,,,,,,,,,,,,,,,,,,,,,,,
2025-10-11 13:07:16,,,,867488067677285,3068,HBD,,,,,,,,,,,,,,,,,,,,,,,,,,,,,,,,,,,,,,,,,,,,,,,,,,,,,,,,,,,,,,,,,,,,,,,,,,,,,
2025-10-11 13:09:16,,,,867488067677285,3069,HBD,,,,,,,,,,,,,,,,,,,,,,,,,,,,,,,,,,,,,,,,,,,,,,,,,,,,,,,,,,,,,,,,,,,,,,,,,,,,,
2025-10-11 13:11:17,,,,867488067677285,3070,HBD,,,,,,,,,,,,,,,,,,,,,,,,,,,,,,,,,,,,,,,,,,,,,,,,,,,,,,,,,,,,,,,,,,,,,,,,,,,,,
2025-10-11 13:13:17,,,,867488067677285,3071,HBD,,,,,,,,,,,,,,,,,,,,,,,,,,,,,,,,,,,,,,,,,,,,,,,,,,,,,,,,,,,,,,,,,,,,,,,,,,,,,
2025-10-11 13:15:18,,,,867488067677285,3072,HBD,,,,,,,,,,,,,,,,,,,,,,,,,,,,,,,,,,,,,,,,,,,,,,,,,,,,,,,,,,,,,,,,,,,,,,,,,,,,,
2025-10-11 13:17:01,,,,867488067677285,3073,HBD,,,,,,,,,,,,,,,,,,,,,,,,,,,,,,,,,,,,,,,,,,,,,,,,,,,,,,,,,,,,,,,,,,,,,,,,,,,,,
2025-10-11 13:17:02,2025-10-11 13:17:01,2025-10-11 12:40:52,2025-10-11 12:35:08,867488067677285,3075,GTIGN,0x19fe7fbf,,802003,0x8303,0x0115,100,12862,0000,0000,01,00,22,12,12,2469,00,01,0.0,19.3,143,138,488,489,-23.044808,-23.044818,-50.22726,-50.227555,0724,0005,bff7,068fb200,0.0,199.0,199.0,0:00:00,6:23:18,-,-,0,-,,,,,,,,,,,,,,,,,,,,,,,,,,,,,,,,,,,,,
2025-10-11 13:17:02,2025-10-11 13:17:01,2025-10-11 12:40:52,2025-10-11 12:40:52,867488067677285,3076,GTSTT,0x19fe7fbf,,802003,0x8303,0x0115,100,12862,0000,0000,01,00,22,12,12,-,00,00,0.0,0.0,143,143,488,488,-23.044808,-23.044808,-50.22726,-50.22726,0724,0005,bff7,068fb200,0.0,199.0,199.0,0:00:00,6:23:18,-,-,0,-,,,,,,,,,,,,,,,,,,,,,,,,,,,,,,,,,,,,,
2025-10-11 13:17:13,2025-10-11 13:17:13,2025-10-11 13:17:13,2025-10-11 13:17:13,867488067677285,3077,GTERI,0x19fe3fbf,0x00028102,802003,0x8303,0x0115,100,13881,0000,-,01,00,22,12,12,-,01,01,0.0,0.0,97,97,498,498,-23.044777,-23.044777,-50.227274,-50.227274,0724,0005,bff7,068fb200,0.0,199.0,199.0,0:00:09,6:23:27,-,-,0,-,,,,,04,7,00000000,00,10,,,,,,,,,,,,,,,,,,,,,,,,,,,,
2025-10-11 13:17:13,2025-10-11 13:17:13,2025-10-11 13:17:13,2025-10-11 13:17:13,867488067677285,3078,GTIGL,0x19fe7fbf,,802003,0x8303,0x0115,100,13881,0000,0000,01,00,22,12,12,-,01,01,0.0,0.0,97,97,498,498,-23.044777,-23.044777,-50.227274,-50.227274,0724,0005,bff7,068fb200,0.0,199.0,199.0,0:00:09,6:23:27,-,-,0,-,,,,,,,,,00,,,,,,,,,,,,,,,,,,,,,,,,,,,,
2025-10-11 13:19:19,,,,867488067677285,3079,HBD,,,,,,,,,,,,,,,,,,,,,,,,,,,,,,,,,,,,,,,,,,,,,,,,,,,,,,,,,,,,,,,,,,,,,,,,,,,,,
2025-10-11 13:20:08,2025-10-11 13:20:08,2025-10-11 13:20:07,2025-10-11 13:18:33,867488067677285,3081,GTERI,0x19fe3fbf,0x00028102,802003,0x8303,0x0115,100,14024,0000,-,01,00,22,12,12,-,01,01,17.7,40.8,225,225,487,485,-23.049319,-23.046633,-50.232292,-50.229305,0724,0005,bff7,068fb200,0.7,199.7,199.3,0:03:06,6:26:24,-,-,0,-,,,,,04,7,00000000,00,10,,,,,,,,,,,,,,,,,,,,,,,,,,,,
2025-10-11 13:21:02,,,,867488067677285,3082,HBD,,,,,,,,,,,,,,,,,,,,,,,,,,,,,,,,,,,,,,,,,,,,,,,,,,,,,,,,,,,,,,,,,,,,,,,,,,,,,
2025-10-11 13:21:03,,,,867488067677285,3084,ACK,,,,,,,,,,,,,,,,,,,,,,,,,,,,,,,,,,,,,,,,,,,,,,,,,,,,,,,,,,,,,,,,,,,,,,,,,,,,,
2025-10-11 13:21:03,,,,867488067677285,3085,ACK,,,,,,,,,,,,,,,,,,,,,,,,,,,,,,,,,,,,,,,,,,,,,,,,,,,,,,,,,,,,,,,,,,,,,,,,,,,,,
2025-10-11 13:21:04,,,,867488067677285,3086,ACK,,,,,,,,,,,,,,,,,,,,,,,,,,,,,,,,,,,,,,,,,,,,,,,,,,,,,,,,,,,,,,,,,,,,,,,,,,,,,
2025-10-11 13:22:26,2025-10-11 13:22:26,2025-10-11 13:22:26,2025-10-11 13:22:26,867488067677285,3087,GTIGF,0x19fe7fbf,,802003,0x8303,0x0115,100,12800,0000,0000,00,00,12,12,12,325,01,01,0.0,0.0,225,225,491,491,-23.049849,-23.049849,-50.231445,-50.231445,0724,0005,bff7,068fb200,0.9,199.9,199.9,0:05:24,6:28:42,-,-,0,-,,,,,,,,,,,,,,,,,,,,,,,,,,,,,,,,,,,,,
2025-10-11 13:22:26,2025-10-11 13:22:26,2025-10-11 13:22:26,2025-10-11 13:22:26,867488067677285,3088,GTSTT,0x19fe7fbf,,802003,0x8303,0x0115,100,12800,0000,0000,00,00,12,12,12,-,01,01,0.0,0.0,225,225,491,491,-23.049849,-23.049849,-50.231445,-50.231445,0724,0005,bff7,068fb200,0.9,199.9,199.9,0:05:24,6:28:42,-,-,0,-,,,,,,,,,,,,,,,,,,,,,,,,,,,,,,,,,,,,,
2025-10-11 13:22:27,2025-10-11 13:22:27,2025-10-11 13:22:27,2025-10-11 13:22:27,867488067677285,3089,GTIGL,0x19fe7fbf,,802003,0x8303,0x0115,100,12800,0000,0000,00,00,12,12,12,-,01,01,0.0,0.0,225,225,491,491,-23.049849,-23.049849,-50.231445,-50.231445,0724,0005,bff7,068fb200,0.9,199.9,199.9,0:05:24,6:28:42,-,-,0,-,,,,,,,,,01,,,,,,,,,,,,,,,,,,,,,,,,,,,,
2025-10-11 13:22:28,,,,867488067677285,3090,ACK,,,,,,,,,,,,,,,,,,,,,,,,,,,,,,,,,,,,,,,,,,,,,,,,,,,,,,,,,,,,,,,,,,,,,,,,,,,,,
2025-10-11 13:22:28,,,,867488067677285,3091,ACK,,,,,,,,,,,,,,,,,,,,,,,,,,,,,,,,,,,,,,,,,,,,,,,,,,,,,,,,,,,,,,,,,,,,,,,,,,,,,
2025-10-11 13:22:37,,,,867488067677285,3092,HBD,,,,,,,,,,,,,,,,,,,,,,,,,,,,,,,,,,,,,,,,,,,,,,,,,,,,,,,,,,,,,,,,,,,,,,,,,,,,,
2025-10-11 13:22:37,2025-10-11 13:22:37,2025-10-11 13:22:36,2025-10-11 13:22:36,867488067677285,3093,GTSTT,0x19fe7fbf,,802003,0x8303,0x0115,100,12800,0000,0000,00,00,11,12,12,-,01,01,0.0,0.0,225,225,491,491,-23.049849,-23.049849,-50.231445,-50.231445,0724,0005,bff7,068fb200,0.9,199.9,199.9,0:05:24,6:28:42,-,-,0,-,,,,,,,,,,,,,,,,,,,,,,,,,,,,,,,,,,,,,
2025-10-11 13:22:51,2025-10-11 13:22:51,2025-10-11 13:22:50,2025-10-11 13:20:37,867488067677285,3095,GTIGN,0x19fe7fbf,,802003,0x8303,0x0115,100,12606,0000,0000,01,00,21,12,12,25,01,01,0.0,29.7,225,111,491,486,-23.049849,-23.050036,-50.231445,-50.23233,0724,0005,bff7,068fb200,0.0,199.9,199.8,0:00:00,6:28:42,-,-,0,-,,,,,,,,,,,,,,,,,,,,,,,,,,,,,,,,,,,,,
2025-10-11 13:22:51,2025-10-11 13:22:51,2025-10-11 13:22:50,2025-10-11 13:22:50,867488067677285,3096,GTSTT,0x19fe7fbf,,802003,0x8303,0x0115,100,12606,0000,0000,01,00,21,12,12,-,01,01,0.0,0.0,225,225,491,491,-23.049849,-23.049849,-50.231445,-50.231445,0724,0005,bff7,068fb200,0.0,199.9,199.9,0:00:00,6:28:42,-,-,0,-,,,,,,,,,,,,,,,,,,,,,,,,,,,,,,,,,,,,,
2025-10-11 13:22:52,2025-10-11 13:22:51,2025-10-11 13:22:50,2025-10-11 13:22:50,867488067677285,3097,GTSTT,0x19fe7fbf,,802003,0x8303,0x0115,100,12606,0000,0000,01,00,22,12,12,-,01,01,0.0,0.0,225,225,491,491,-23.049849,-23.049849,-50.231445,-50.231445,0724,0005,bff7,068fb200,0.0,199.9,199.9,0:00:00,6:28:42,-,-,0,-,,,,,,,,,,,,,,,,,,,,,,,,,,,,,,,,,,,,,
2025-10-11 13:22:52,2025-10-11 13:22:51,2025-10-11 13:22:51,2025-10-11 13:22:51,867488067677285,3098,GTIGL,0x19fe7fbf,,802003,0x8303,0x0115,100,12606,0000,0000,01,00,22,12,12,-,01,01,0.0,0.0,225,225,491,491,-23.049849,-23.049849,-50.231445,-50.231445,0724,0005,bff7,068fb200,0.0,199.9,199.9,0:00:00,6:28:42,-,-,0,-,,,,,,,,,00,,,,,,,,,,,,,,,,,,,,,,,,,,,,
2025-10-11 13:23:01,2025-10-11 13:23:01,2025-10-11 13:23:01,2025-10-11 13:23:01,867488067677285,3099,GTIGF,0x19fe7fbf,,802003,0x8303,0x0115,100,14078,0000,0000,00,00,12,12,12,10,01,01,0.0,0.0,225,225,491,491,-23.049849,-23.049849,-50.231445,-50.231445,0724,0005,bff7,068fb200,0.0,199.9,199.9,0:00:09,6:28:51,-,-,0,-,,,,,,,,,,,,,,,,,,,,,,,,,,,,,,,,,,,,,
2025-10-11 13:23:01,2025-10-11 13:23:01,2025-10-11 13:23:01,2025-10-11 13:23:01,867488067677285,3100,GTSTT,0x19fe7fbf,,802003,0x8303,0x0115,100,14078,0000,0000,00,00,12,12,12,-,01,01,0.0,0.0,225,225,491,491,-23.049849,-23.049849,-50.231445,-50.231445,0724,0005,bff7,068fb200,0.0,199.9,199.9,0:00:09,6:28:51,-,-,0,-,,,,,,,,,,,,,,,,,,,,,,,,,,,,,,,,,,,,,
2025-10-11 13:23:02,2025-10-11 13:23:02,2025-10-11 13:23:02,2025-10-11 13:23:02,867488067677285,3101,GTIGL,0x19fe7fbf,,802003,0x8303,0x0115,100,14078,0000,0000,00,00,12,12,12,-,01,01,0.0,0.0,225,225,491,491,-23.049849,-23.049849,-50.231445,-50.231445,0724,0005,bff7,068fb200,0.0,199.9,199.9,0:00:09,6:28:51,-,-,0,-,,,,,,,,,01,,,,,,,,,,,,,,,,,,,,,,,,,,,,
2025-10-11 13:23:03,,,,867488067677285,3102,ACK,,,,,,,,,,,,,,,,,,,,,,,,,,,,,,,,,,,,,,,,,,,,,,,,,,,,,,,,,,,,,,,,,,,,,,,,,,,,,
2025-10-11 13:23:03,,,,867488067677285,3103,ACK,,,,,,,,,,,,,,,,,,,,,,,,,,,,,,,,,,,,,,,,,,,,,,,,,,,,,,,,,,,,,,,,,,,,,,,,,,,,,
2025-10-11 13:23:08,2025-10-11 13:23:08,2025-10-11 13:23:07,2025-10-11 13:23:07,867488067677285,3104,GTERI,0x19fe3fbf,0x00028102,802003,0x8303,0x0115,100,12940,0000,-,00,00,12,12,12,-,01,01,0.0,0.0,225,225,491,491,-23.049849,-23.049849,-50.231445,-50.231445,0724,0005,bff7,068fb200,0.0,199.9,199.9,0:00:09,6:28:51,-,-,0,-,,,,,04,7,00000000,00,10,,,,,,,,,,,,,,,,,,,,,,,,,,,,
2025-10-11 13:23:25,2025-10-11 13:23:24,2025-10-11 13:23:24,2025-10-11 13:23:24,867488067677285,3105,GTSTT,0x19fe7fbf,,802003,0x8303,0x0115,100,12891,0000,0000,00,00,11,12,12,-,01,01,0.0,0.0,225,225,491,491,-23.049849,-23.049849,-50.231445,-50.231445,0724,0005,bff7,068fb200,0.0,199.9,199.9,0:00:09,6:28:51,-,-,0,-,,,,,,,,,,,,,,,,,,,,,,,,,,,,,,,,,,,,,
2025-10-11 13:25:20,,,,867488067677285,3106,HBD,,,,,,,,,,,,,,,,,,,,,,,,,,,,,,,,,,,,,,,,,,,,,,,,,,,,,,,,,,,,,,,,,,,,,,,,,,,,,
2025-10-11 13:26:08,2025-10-11 13:26:08,2025-10-11 13:26:07,2025-10-11 13:26:07,867488067677285,3108,GTERI,0x19fe3fbf,0x00028102,802003,0x8303,0x0115,100,12907,0000,-,00,00,11,12,12,-,01,01,0.0,0.0,225,225,491,491,-23.049849,-23.049849,-50.231445,-50.231445,0724,0005,bff7,068fb200,0.0,199.9,199.9,0:00:09,6:28:51,-,-,0,-,,,,,04,7,00000000,00,10,,,,,,,,,,,,,,,,,,,,,,,,,,,,
2025-10-11 13:27:21,,,,867488067677285,3109,HBD,,,,,,,,,,,,,,,,,,,,,,,,,,,,,,,,,,,,,,,,,,,,,,,,,,,,,,,,,,,,,,,,,,,,,,,,,,,,,
2025-10-11 13:28:01,2025-10-11 13:28:01,2025-10-11 13:28:01,2025-10-11 13:28:01,867488067677285,3111,GTERI,0x19fe3fbf,0x00028102,802003,0x8303,0x0115,100,12919,0000,-,00,00,11,12,12,-,01,01,0.0,0.0,225,225,491,491,-23.049849,-23.049849,-50.231445,-50.231445,0724,0005,bff7,068fb200,0.0,199.9,199.9,0:00:09,6:28:51,-,-,0,-,,,,,04,7,00000000,00,10,,,,,,,,,,,,,,,,,,,,,,,,,,,,
2025-10-11 13:29:21,,,,867488067677285,3112,HBD,,,,,,,,,,,,,,,,,,,,,,,,,,,,,,,,,,,,,,,,,,,,,,,,,,,,,,,,,,,,,,,,,,,,,,,,,,,,,
2025-10-11 13:31:22,,,,867488067677285,3113,HBD,,,,,,,,,,,,,,,,,,,,,,,,,,,,,,,,,,,,,,,,,,,,,,,,,,,,,,,,,,,,,,,,,,,,,,,,,,,,,
2025-10-11 13:33:22,,,,867488067677285,3114,HBD,,,,,,,,,,,,,,,,,,,,,,,,,,,,,,,,,,,,,,,,,,,,,,,,,,,,,,,,,,,,,,,,,,,,,,,,,,,,,
2025-10-11 13:35:23,,,,867488067677285,3115,HBD,,,,,,,,,,,,,,,,,,,,,,,,,,,,,,,,,,,,,,,,,,,,,,,,,,,,,,,,,,,,,,,,,,,,,,,,,,,,,
2025-10-11 13:37:23,,,,867488067677285,3116,HBD,,,,,,,,,,,,,,,,,,,,,,,,,,,,,,,,,,,,,,,,,,,,,,,,,,,,,,,,,,,,,,,,,,,,,,,,,,,,,
2025-10-11 13:39:24,,,,867488067677285,3117,HBD,,,,,,,,,,,,,,,,,,,,,,,,,,,,,,,,,,,,,,,,,,,,,,,,,,,,,,,,,,,,,,,,,,,,,,,,,,,,,
2025-10-11 13:41:24,,,,867488067677285,3118,HBD,,,,,,,,,,,,,,,,,,,,,,,,,,,,,,,,,,,,,,,,,,,,,,,,,,,,,,,,,,,,,,,,,,,,,,,,,,,,,
2025-10-11 13:43:25,,,,867488067677285,3119,HBD,,,,,,,,,,,,,,,,,,,,,,,,,,,,,,,,,,,,,,,,,,,,,,,,,,,,,,,,,,,,,,,,,,,,,,,,,,,,,
2025-10-11 13:45:25,,,,867488067677285,3120,HBD,,,,,,,,,,,,,,,,,,,,,,,,,,,,,,,,,,,,,,,,,,,,,,,,,,,,,,,,,,,,,,,,,,,,,,,,,,,,,
2025-10-11 13:47:26,,,,867488067677285,3121,HBD,,,,,,,,,,,,,,,,,,,,,,,,,,,,,,,,,,,,,,,,,,,,,,,,,,,,,,,,,,,,,,,,,,,,,,,,,,,,,
2025-10-11 13:49:26,,,,867488067677285,3122,HBD,,,,,,,,,,,,,,,,,,,,,,,,,,,,,,,,,,,,,,,,,,,,,,,,,,,,,,,,,,,,,,,,,,,,,,,,,,,,,
2025-10-11 13:51:27,,,,867488067677285,3123,HBD,,,,,,,,,,,,,,,,,,,,,,,,,,,,,,,,,,,,,,,,,,,,,,,,,,,,,,,,,,,,,,,,,,,,,,,,,,,,,
2025-10-11 13:53:27,,,,867488067677285,3124,HBD,,,,,,,,,,,,,,,,,,,,,,,,,,,,,,,,,,,,,,,,,,,,,,,,,,,,,,,,,,,,,,,,,,,,,,,,,,,,,
2025-10-11 13:55:28,,,,867488067677285,3125,HBD,,,,,,,,,,,,,,,,,,,,,,,,,,,,,,,,,,,,,,,,,,,,,,,,,,,,,,,,,,,,,,,,,,,,,,,,,,,,,
2025-10-11 13:57:28,,,,867488067677285,3126,HBD,,,,,,,,,,,,,,,,,,,,,,,,,,,,,,,,,,,,,,,,,,,,,,,,,,,,,,,,,,,,,,,,,,,,,,,,,,,,,
2025-10-11 13:59:29,,,,867488067677285,3127,HBD,,,,,,,,,,,,,,,,,,,,,,,,,,,,,,,,,,,,,,,,,,,,,,,,,,,,,,,,,,,,,,,,,,,,,,,,,,,,,
2025-10-11 14:01:29,,,,867488067677285,3128,HBD,,,,,,,,,,,,,,,,,,,,,,,,,,,,,,,,,,,,,,,,,,,,,,,,,,,,,,,,,,,,,,,,,,,,,,,,,,,,,
2025-10-11 14:02:29,,,,867488067677285,3129,HBD,,,,,,,,,,,,,,,,,,,,,,,,,,,,,,,,,,,,,,,,,,,,,,,,,,,,,,,,,,,,,,,,,,,,,,,,,,,,,
2025-10-11 14:04:30,,,,867488067677285,3130,HBD,,,,,,,,,,,,,,,,,,,,,,,,,,,,,,,,,,,,,,,,,,,,,,,,,,,,,,,,,,,,,,,,,,,,,,,,,,,,,
2025-10-11 14:06:30,,,,867488067677285,3131,HBD,,,,,,,,,,,,,,,,,,,,,,,,,,,,,,,,,,,,,,,,,,,,,,,,,,,,,,,,,,,,,,,,,,,,,,,,,,,,,
2025-10-11 14:08:31,,,,867488067677285,3132,HBD,,,,,,,,,,,,,,,,,,,,,,,,,,,,,,,,,,,,,,,,,,,,,,,,,,,,,,,,,,,,,,,,,,,,,,,,,,,,,
2025-10-11 14:10:31,,,,867488067677285,3133,HBD,,,,,,,,,,,,,,,,,,,,,,,,,,,,,,,,,,,,,,,,,,,,,,,,,,,,,,,,,,,,,,,,,,,,,,,,,,,,,
2025-10-11 14:12:32,,,,867488067677285,3134,HBD,,,,,,,,,,,,,,,,,,,,,,,,,,,,,,,,,,,,,,,,,,,,,,,,,,,,,,,,,,,,,,,,,,,,,,,,,,,,,
2025-10-11 14:14:32,,,,867488067677285,3135,HBD,,,,,,,,,,,,,,,,,,,,,,,,,,,,,,,,,,,,,,,,,,,,,,,,,,,,,,,,,,,,,,,,,,,,,,,,,,,,,
2025-10-11 14:16:33,,,,867488067677285,3136,HBD,,,,,,,,,,,,,,,,,,,,,,,,,,,,,,,,,,,,,,,,,,,,,,,,,,,,,,,,,,,,,,,,,,,,,,,,,,,,,
2025-10-11 14:18:33,,,,867488067677285,3137,HBD,,,,,,,,,,,,,,,,,,,,,,,,,,,,,,,,,,,,,,,,,,,,,,,,,,,,,,,,,,,,,,,,,,,,,,,,,,,,,
2025-10-11 14:20:34,,,,867488067677285,3138,HBD,,,,,,,,,,,,,,,,,,,,,,,,,,,,,,,,,,,,,,,,,,,,,,,,,,,,,,,,,,,,,,,,,,,,,,,,,,,,,
2025-10-11 14:22:34,,,,867488067677285,3139,HBD,,,,,,,,,,,,,,,,,,,,,,,,,,,,,,,,,,,,,,,,,,,,,,,,,,,,,,,,,,,,,,,,,,,,,,,,,,,,,
2025-10-11 14:24:35,,,,867488067677285,3140,HBD,,,,,,,,,,,,,,,,,,,,,,,,,,,,,,,,,,,,,,,,,,,,,,,,,,,,,,,,,,,,,,,,,,,,,,,,,,,,,
2025-10-11 14:26:35,,,,867488067677285,3141,HBD,,,,,,,,,,,,,,,,,,,,,,,,,,,,,,,,,,,,,,,,,,,,,,,,,,,,,,,,,,,,,,,,,,,,,,,,,,,,,
2025-10-11 14:27:56,2025-10-11 14:27:56,2025-10-11 14:25:29,2025-10-11 14:25:29,867488067677285,3142,GTERI,0x19fe3fbf,0x00028102,802003,0x8303,0x0115,100,13020,0000,-,00,00,11,12,12,-,01,01,0.0,0.0,225,225,491,491,-23.049849,-23.049849,-50.231445,-50.231445,0724,0005,bff7,068fb200,0.0,199.9,199.9,0:00:09,6:28:51,-,-,0,-,,,,,04,7,00000000,00,10,,,,,,,,,,,,,,,,,,,,,,,,,,,,
2025-10-11 14:28:36,,,,867488067677285,3143,HBD,,,,,,,,,,,,,,,,,,,,,,,,,,,,,,,,,,,,,,,,,,,,,,,,,,,,,,,,,,,,,,,,,,,,,,,,,,,,,
2025-10-11 14:30:36,,,,867488067677285,3144,HBD,,,,,,,,,,,,,,,,,,,,,,,,,,,,,,,,,,,,,,,,,,,,,,,,,,,,,,,,,,,,,,,,,,,,,,,,,,,,,
2025-10-11 14:32:36,,,,867488067677285,3145,HBD,,,,,,,,,,,,,,,,,,,,,,,,,,,,,,,,,,,,,,,,,,,,,,,,,,,,,,,,,,,,,,,,,,,,,,,,,,,,,
2025-10-11 14:34:37,,,,867488067677285,3146,HBD,,,,,,,,,,,,,,,,,,,,,,,,,,,,,,,,,,,,,,,,,,,,,,,,,,,,,,,,,,,,,,,,,,,,,,,,,,,,,
2025-10-11 14:36:37,,,,867488067677285,3147,HBD,,,,,,,,,,,,,,,,,,,,,,,,,,,,,,,,,,,,,,,,,,,,,,,,,,,,,,,,,,,,,,,,,,,,,,,,,,,,,
2025-10-11 14:37:19,2025-10-11 14:37:18,2025-10-11 14:25:29,2025-10-11 14:25:29,867488067677285,3149,GTIGN,0x19fe7fbf,,802003,0x8303,0x0115,100,12719,0000,0000,01,00,22,12,12,4457,00,01,0.0,0.0,225,225,491,491,-23.049849,-23.049849,-50.231445,-50.231445,0724,0005,bff7,068fb200,0.0,199.9,199.9,0:00:00,6:28:51,-,-,0,-,,,,,,,,,,,,,,,,,,,,,,,,,,,,,,,,,,,,,
2025-10-11 14:37:19,2025-10-11 14:37:18,2025-10-11 14:25:29,2025-10-11 14:25:29,867488067677285,3150,GTSTT,0x19fe7fbf,,802003,0x8303,0x0115,100,12719,0000,0000,01,00,22,12,12,-,00,00,0.0,0.0,225,225,491,491,-23.049849,-23.049849,-50.231445,-50.231445,0724,0005,bff7,068fb200,0.0,199.9,199.9,0:00:00,6:28:51,-,-,0,-,,,,,,,,,,,,,,,,,,,,,,,,,,,,,,,,,,,,,
2025-10-11 14:37:31,2025-10-11 14:37:31,2025-10-11 14:37:31,2025-10-11 14:37:31,867488067677285,3151,GTERI,0x19fe3fbf,0x00028102,802003,0x8303,0x0115,100,13936,0000,-,01,00,22,12,12,-,01,01,0.0,0.0,111,111,491,491,-23.049839,-23.049839,-50.231382,-50.231382,0724,0005,bff7,068fb200,0.0,199.9,199.9,0:00:12,6:29:03,-,-,0,-,,,,,04,7,00000000,00,10,,,,,,,,,,,,,,,,,,,,,,,,,,,,
2025-10-11 14:37:31,2025-10-11 14:37:31,2025-10-11 14:37:31,2025-10-11 14:37:31,867488067677285,3152,GTIGL,0x19fe7fbf,,802003,0x8303,0x0115,100,13936,0000,0000,01,00,22,12,12,-,01,01,0.0,0.0,111,111,491,491,-23.049839,-23.049839,-50.231382,-50.231382,0724,0005,bff7,068fb200,0.0,199.9,199.9,0:00:12,6:29:03,-,-,0,-,,,,,,,,,00,,,,,,,,,,,,,,,,,,,,,,,,,,,,
2025-10-11 14:38:38,,,,867488067677285,3153,HBD,,,,,,,,,,,,,,,,,,,,,,,,,,,,,,,,,,,,,,,,,,,,,,,,,,,,,,,,,,,,,,,,,,,,,,,,,,,,,
2025-10-11 14:40:27,2025-10-11 14:40:27,2025-10-11 14:40:26,2025-10-11 14:39:32,867488067677285,3155,GTERI,0x19fe3fbf,0x00028102,802003,0x8303,0x0115,100,14024,0000,-,01,00,22,12,12,-,01,01,0.0,45.8,316,46,494,484,-23.044846,-23.046542,-50.22725,-50.229062,0724,0005,bff7,068fb200,0.7,200.6,200.4,0:03:06,6:31:57,-,-,0,-,,,,,04,7,00000000,00,10,,,,,,,,,,,,,,,,,,,,,,,,,,,,
2025-10-11 14:40:38,,,,867488067677285,3156,HBD,,,,,,,,,,,,,,,,,,,,,,,,,,,,,,,,,,,,,,,,,,,,,,,,,,,,,,,,,,,,,,,,,,,,,,,,,,,,,
2025-10-11 14:40:40,2025-10-11 14:40:40,2025-10-11 14:40:39,2025-10-11 14:40:39,867488067677285,3157,GTIGF,0x19fe7fbf,,802003,0x8303,0x0115,100,13822,0000,0000,00,00,12,12,12,201,01,01,0.0,0.0,316,316,494,494,-23.044846,-23.044846,-50.22725,-50.22725,0724,0005,bff7,068fb200,0.7,200.6,200.6,0:03:21,6:32:12,-,-,0,-,,,,,,,,,,,,,,,,,,,,,,,,,,,,,,,,,,,,,
2025-10-11 14:40:40,2025-10-11 14:40:40,2025-10-11 14:40:39,2025-10-11 14:40:39,867488067677285,3158,GTSTT,0x19fe7fbf,,802003,0x8303,0x0115,100,13822,0000,0000,00,00,12,12,12,-,01,01,0.0,0.0,316,316,494,494,-23.044846,-23.044846,-50.22725,-50.22725,0724,0005,bff7,068fb200,0.7,200.6,200.6,0:03:21,6:32:12,-,-,0,-,,,,,,,,,,,,,,,,,,,,,,,,,,,,,,,,,,,,,
2025-10-11 14:40:40,2025-10-11 14:40:40,2025-10-11 14:40:40,2025-10-11 14:40:40,867488067677285,3159,GTIGL,0x19fe7fbf,,802003,0x8303,0x0115,100,13822,0000,0000,00,00,12,12,12,-,01,01,0.0,0.0,316,316,494,494,-23.044846,-23.044846,-50.22725,-50.22725,0724,0005,bff7,068fb200,0.7,200.6,200.6,0:03:21,6:32:12,-,-,0,-,,,,,,,,,01,,,,,,,,,,,,,,,,,,,,,,,,,,,,
2025-10-11 14:40:42,,,,867488067677285,3160,ACK,,,,,,,,,,,,,,,,,,,,,,,,,,,,,,,,,,,,,,,,,,,,,,,,,,,,,,,,,,,,,,,,,,,,,,,,,,,,,
2025-10-11 14:40:42,,,,867488067677285,3161,ACK,,,,,,,,,,,,,,,,,,,,,,,,,,,,,,,,,,,,,,,,,,,,,,,,,,,,,,,,,,,,,,,,,,,,,,,,,,,,,
2025-10-11 14:40:56,2025-10-11 14:40:55,2025-10-11 14:40:55,2025-10-11 14:40:55,867488067677285,3162,GTSTT,0x19fe7fbf,,802003,0x8303,0x0115,100,12810,0000,0000,00,00,11,12,12,-,01,01,0.0,0.0,316,316,494,494,-23.044846,-23.044846,-50.22725,-50.22725,0724,0005,bff7,068fb200,0.7,200.6,200.6,0:03:21,6:32:12,-,-,0,-,,,,,,,,,,,,,,,,,,,,,,,,,,,,,,,,,,,,,
2025-10-11 14:42:39,,,,867488067677285,3164,HBD,,,,,,,,,,,,,,,,,,,,,,,,,,,,,,,,,,,,,,,,,,,,,,,,,,,,,,,,,,,,,,,,,,,,,,,,,,,,,
2025-10-11 14:43:27,2025-10-11 14:43:27,2025-10-11 14:43:26,2025-10-11 14:43:26,867488067677285,3166,GTERI,0x19fe3fbf,0x00028102,802003,0x8303,0x0115,100,12849,0000,-,00,00,11,12,12,-,01,01,0.0,0.0,316,316,494,494,-23.044846,-23.044846,-50.22725,-50.22725,0724,0005,bff7,068fb200,0.7,200.6,200.6,0:03:21,6:32:12,-,-,0,-,,,,,04,7,00000000,00,10,,,,,,,,,,,,,,,,,,,,,,,,,,,,
2025-10-11 14:44:39,,,,867488067677285,3167,HBD,,,,,,,,,,,,,,,,,,,,,,,,,,,,,,,,,,,,,,,,,,,,,,,,,,,,,,,,,,,,,,,,,,,,,,,,,,,,,
2025-10-11 14:45:40,2025-10-11 14:45:40,2025-10-11 14:45:40,2025-10-11 14:45:40,867488067677285,3169,GTERI,0x19fe3fbf,0x00028102,802003,0x8303,0x0115,100,12850,0000,-,00,00,11,12,12,-,01,01,0.0,0.0,316,316,494,494,-23.044846,-23.044846,-50.22725,-50.22725,0724,0005,bff7,068fb200,0.7,200.6,200.6,0:03:21,6:32:12,-,-,0,-,,,,,04,7,00000000,00,10,,,,,,,,,,,,,,,,,,,,,,,,,,,,
2025-10-11 14:46:40,,,,867488067677285,3170,HBD,,,,,,,,,,,,,,,,,,,,,,,,,,,,,,,,,,,,,,,,,,,,,,,,,,,,,,,,,,,,,,,,,,,,,,,,,,,,,
2025-10-11 14:48:40,,,,867488067677285,3171,HBD,,,,,,,,,,,,,,,,,,,,,,,,,,,,,,,,,,,,,,,,,,,,,,,,,,,,,,,,,,,,,,,,,,,,,,,,,,,,,
2025-10-11 14:50:41,,,,867488067677285,3172,HBD,,,,,,,,,,,,,,,,,,,,,,,,,,,,,,,,,,,,,,,,,,,,,,,,,,,,,,,,,,,,,,,,,,,,,,,,,,,,,
2025-10-11 14:52:41,,,,867488067677285,3173,HBD,,,,,,,,,,,,,,,,,,,,,,,,,,,,,,,,,,,,,,,,,,,,,,,,,,,,,,,,,,,,,,,,,,,,,,,,,,,,,
2025-10-11 14:54:42,,,,867488067677285,3174,HBD,,,,,,,,,,,,,,,,,,,,,,,,,,,,,,,,,,,,,,,,,,,,,,,,,,,,,,,,,,,,,,,,,,,,,,,,,,,,,
2025-10-11 14:56:42,,,,867488067677285,3175,HBD,,,,,,,,,,,,,,,,,,,,,,,,,,,,,,,,,,,,,,,,,,,,,,,,,,,,,,,,,,,,,,,,,,,,,,,,,,,,,
2025-10-11 14:58:43,,,,867488067677285,3176,HBD,,,,,,,,,,,,,,,,,,,,,,,,,,,,,,,,,,,,,,,,,,,,,,,,,,,,,,,,,,,,,,,,,,,,,,,,,,,,,
2025-10-11 15:00:43,,,,867488067677285,3177,HBD,,,,,,,,,,,,,,,,,,,,,,,,,,,,,,,,,,,,,,,,,,,,,,,,,,,,,,,,,,,,,,,,,,,,,,,,,,,,,
2025-10-11 15:02:44,,,,867488067677285,3178,HBD,,,,,,,,,,,,,,,,,,,,,,,,,,,,,,,,,,,,,,,,,,,,,,,,,,,,,,,,,,,,,,,,,,,,,,,,,,,,,
2025-10-11 15:04:44,,,,867488067677285,3179,HBD,,,,,,,,,,,,,,,,,,,,,,,,,,,,,,,,,,,,,,,,,,,,,,,,,,,,,,,,,,,,,,,,,,,,,,,,,,,,,
2025-10-11 15:06:45,,,,867488067677285,3180,HBD,,,,,,,,,,,,,,,,,,,,,,,,,,,,,,,,,,,,,,,,,,,,,,,,,,,,,,,,,,,,,,,,,,,,,,,,,,,,,
2025-10-11 15:08:45,,,,867488067677285,3181,HBD,,,,,,,,,,,,,,,,,,,,,,,,,,,,,,,,,,,,,,,,,,,,,,,,,,,,,,,,,,,,,,,,,,,,,,,,,,,,,
2025-10-11 15:12:17,,,,867488067677285,3182,HBD,,,,,,,,,,,,,,,,,,,,,,,,,,,,,,,,,,,,,,,,,,,,,,,,,,,,,,,,,,,,,,,,,,,,,,,,,,,,,
2025-10-11 15:12:18,,,,867488067677285,3183,HBD,,,,,,,,,,,,,,,,,,,,,,,,,,,,,,,,,,,,,,,,,,,,,,,,,,,,,,,,,,,,,,,,,,,,,,,,,,,,,
2025-10-11 15:12:18,2025-10-11 15:11:16,2025-10-11 14:45:40,2025-10-11 14:45:40,867488067677285,3184,GTPDP,0x19fe7fbf,,802003,0x8303,0x0115,100,12882,0000,0000,00,00,11,12,12,-,00,00,0.0,0.0,316,316,494,494,-23.044846,-23.044846,-50.22725,-50.22725,0724,0005,bff7,068fb204,0.7,200.6,200.6,0:03:21,6:32:12,-,-,0,-,,,,,,,,,,,,,,,,,,,,,,,,,,,,,,,,,,,,,
2025-10-11 15:12:19,,,,867488067677285,3185,HBD,,,,,,,,,,,,,,,,,,,,,,,,,,,,,,,,,,,,,,,,,,,,,,,,,,,,,,,,,,,,,,,,,,,,,,,,,,,,,
2025-10-11 15:14:47,,,,867488067677285,3186,HBD,,,,,,,,,,,,,,,,,,,,,,,,,,,,,,,,,,,,,,,,,,,,,,,,,,,,,,,,,,,,,,,,,,,,,,,,,,,,,
2025-10-11 15:16:48,,,,867488067677285,3187,HBD,,,,,,,,,,,,,,,,,,,,,,,,,,,,,,,,,,,,,,,,,,,,,,,,,,,,,,,,,,,,,,,,,,,,,,,,,,,,,
2025-10-11 15:18:48,,,,867488067677285,3188,HBD,,,,,,,,,,,,,,,,,,,,,,,,,,,,,,,,,,,,,,,,,,,,,,,,,,,,,,,,,,,,,,,,,,,,,,,,,,,,,
2025-10-11 15:20:49,,,,867488067677285,3189,HBD,,,,,,,,,,,,,,,,,,,,,,,,,,,,,,,,,,,,,,,,,,,,,,,,,,,,,,,,,,,,,,,,,,,,,,,,,,,,,
2025-10-11 15:22:50,,,,867488067677285,3190,HBD,,,,,,,,,,,,,,,,,,,,,,,,,,,,,,,,,,,,,,,,,,,,,,,,,,,,,,,,,,,,,,,,,,,,,,,,,,,,,
2025-10-11 15:24:50,,,,867488067677285,3191,HBD,,,,,,,,,,,,,,,,,,,,,,,,,,,,,,,,,,,,,,,,,,,,,,,,,,,,,,,,,,,,,,,,,,,,,,,,,,,,,
2025-10-11 15:26:54,,,,867488067677285,3192,HBD,,,,,,,,,,,,,,,,,,,,,,,,,,,,,,,,,,,,,,,,,,,,,,,,,,,,,,,,,,,,,,,,,,,,,,,,,,,,,
2025-10-11 15:28:51,,,,867488067677285,3193,HBD,,,,,,,,,,,,,,,,,,,,,,,,,,,,,,,,,,,,,,,,,,,,,,,,,,,,,,,,,,,,,,,,,,,,,,,,,,,,,
2025-10-11 15:30:51,,,,867488067677285,3194,HBD,,,,,,,,,,,,,,,,,,,,,,,,,,,,,,,,,,,,,,,,,,,,,,,,,,,,,,,,,,,,,,,,,,,,,,,,,,,,,
2025-10-11 15:32:52,,,,867488067677285,3195,HBD,,,,,,,,,,,,,,,,,,,,,,,,,,,,,,,,,,,,,,,,,,,,,,,,,,,,,,,,,,,,,,,,,,,,,,,,,,,,,
2025-10-11 15:34:52,,,,867488067677285,3196,HBD,,,,,,,,,,,,,,,,,,,,,,,,,,,,,,,,,,,,,,,,,,,,,,,,,,,,,,,,,,,,,,,,,,,,,,,,,,,,,
2025-10-11 15:36:53,,,,867488067677285,3197,HBD,,,,,,,,,,,,,,,,,,,,,,,,,,,,,,,,,,,,,,,,,,,,,,,,,,,,,,,,,,,,,,,,,,,,,,,,,,,,,
2025-10-11 15:38:53,,,,867488067677285,3198,HBD,,,,,,,,,,,,,,,,,,,,,,,,,,,,,,,,,,,,,,,,,,,,,,,,,,,,,,,,,,,,,,,,,,,,,,,,,,,,,
2025-10-11 15:40:54,,,,867488067677285,3199,HBD,,,,,,,,,,,,,,,,,,,,,,,,,,,,,,,,,,,,,,,,,,,,,,,,,,,,,,,,,,,,,,,,,,,,,,,,,,,,,
2025-10-11 15:42:54,,,,867488067677285,3200,HBD,,,,,,,,,,,,,,,,,,,,,,,,,,,,,,,,,,,,,,,,,,,,,,,,,,,,,,,,,,,,,,,,,,,,,,,,,,,,,
2025-10-11 15:44:04,2025-10-11 15:44:03,2025-10-11 15:43:13,2025-10-11 15:43:13,867488067677285,3202,GTIGN,0x19fe7fbf,,802003,0x8303,0x0115,100,12581,0000,0000,01,00,22,12,12,3804,00,01,0.0,0.0,316,316,494,494,-23.044846,-23.044846,-50.22725,-50.22725,0724,0005,bff7,068fb200,0.0,200.6,200.6,0:00:00,6:32:12,-,-,0,-,,,,,,,,,,,,,,,,,,,,,,,,,,,,,,,,,,,,,
2025-10-11 15:44:04,2025-10-11 15:44:03,2025-10-11 15:43:13,2025-10-11 15:43:13,867488067677285,3203,GTSTT,0x19fe7fbf,,802003,0x8303,0x0115,100,12581,0000,0000,01,00,22,12,12,-,00,00,0.0,0.0,316,316,494,494,-23.044846,-23.044846,-50.22725,-50.22725,0724,0005,bff7,068fb200,0.0,200.6,200.6,0:00:00,6:32:12,-,-,0,-,,,,,,,,,,,,,,,,,,,,,,,,,,,,,,,,,,,,,
2025-10-11 15:44:17,2025-10-11 15:44:17,2025-10-11 15:44:17,2025-10-11 15:44:17,867488067677285,3204,GTERI,0x19fe3fbf,0x00028102,802003,0x8303,0x0115,100,13976,0000,-,01,00,22,12,12,-,01,01,0.0,0.0,316,316,514,514,-23.044847,-23.044847,-50.22719,-50.22719,0724,0005,bff7,068fb200,0.0,200.6,200.6,0:00:12,6:32:24,-,-,0,-,,,,,04,7,00000000,00,10,,,,,,,,,,,,,,,,,,,,,,,,,,,,
2025-10-11 15:44:17,2025-10-11 15:44:17,2025-10-11 15:44:17,2025-10-11 15:44:17,867488067677285,3205,GTIGL,0x19fe7fbf,,802003,0x8303,0x0115,100,13976,0000,0000,01,00,22,12,12,-,01,01,0.0,0.0,316,316,514,514,-23.044847,-23.044847,-50.22719,-50.22719,0724,0005,bff7,068fb200,0.0,200.6,200.6,0:00:12,6:32:24,-,-,0,-,,,,,,,,,00,,,,,,,,,,,,,,,,,,,,,,,,,,,,
2025-10-11 15:44:18,,,,867488067677285,3206,HBD,,,,,,,,,,,,,,,,,,,,,,,,,,,,,,,,,,,,,,,,,,,,,,,,,,,,,,,,,,,,,,,,,,,,,,,,,,,,,
2025-10-11 15:46:43,,,,867488067677285,3208,HBD,,,,,,,,,,,,,,,,,,,,,,,,,,,,,,,,,,,,,,,,,,,,,,,,,,,,,,,,,,,,,,,,,,,,,,,,,,,,,
2025-10-11 15:46:43,2025-10-11 15:46:32,2025-10-11 15:46:31,2025-10-11 15:46:31,867488067677285,3209,GTIGF,0x19fe7fbf,,802003,0x8303,0x0115,100,13969,0000,0000,00,00,12,12,12,149,01,01,0.0,0.0,316,316,484,484,-23.043555,-23.043555,-50.225387,-50.225387,0724,0005,bff7,068fb200,0.2,200.8,200.8,0:02:27,6:34:39,-,-,0,-,,,,,,,,,,,,,,,,,,,,,,,,,,,,,,,,,,,,,
2025-10-11 15:46:43,2025-10-11 15:46:32,2025-10-11 15:46:31,2025-10-11 15:46:31,867488067677285,3210,GTSTT,0x19fe7fbf,,802003,0x8303,0x0115,100,13969,0000,0000,00,00,12,12,12,-,01,01,0.0,0.0,316,316,484,484,-23.043555,-23.043555,-50.225387,-50.225387,0724,0005,bff7,068fb200,0.2,200.8,200.8,0:02:27,6:34:39,-,-,0,-,,,,,,,,,,,,,,,,,,,,,,,,,,,,,,,,,,,,,
2025-10-11 15:46:44,2025-10-11 15:46:32,2025-10-11 15:46:32,2025-10-11 15:46:32,867488067677285,3211,GTIGL,0x19fe7fbf,,802003,0x8303,0x0115,100,13969,0000,0000,00,00,12,12,12,-,01,01,0.0,0.0,316,316,484,484,-23.043555,-23.043555,-50.225387,-50.225387,0724,0005,bff7,068fb200,0.2,200.8,200.8,0:02:27,6:34:39,-,-,0,-,,,,,,,,,01,,,,,,,,,,,,,,,,,,,,,,,,,,,,
2025-10-11 15:46:44,,,,867488067677285,3212,ACK,,,,,,,,,,,,,,,,,,,,,,,,,,,,,,,,,,,,,,,,,,,,,,,,,,,,,,,,,,,,,,,,,,,,,,,,,,,,,
2025-10-11 15:46:44,,,,867488067677285,3213,ACK,,,,,,,,,,,,,,,,,,,,,,,,,,,,,,,,,,,,,,,,,,,,,,,,,,,,,,,,,,,,,,,,,,,,,,,,,,,,,
2025-10-11 15:47:12,2025-10-11 15:47:11,2025-10-11 15:47:10,2025-10-11 15:47:10,867488067677285,3214,GTERI,0x19fe3fbf,0x00028102,802003,0x8303,0x0115,100,12799,0000,-,00,00,12,12,12,-,01,01,0.0,0.0,316,316,484,484,-23.043555,-23.043555,-50.225387,-50.225387,0724,0005,bff7,068fb200,0.2,200.8,200.8,0:02:27,6:34:39,-,-,0,-,,,,,01,1800,00000000,00,10,,,,,,,,,,,,,,,,,,,,,,,,,,,,
2025-10-11 15:47:19,2025-10-11 15:47:18,2025-10-11 15:47:18,2025-10-11 15:47:18,867488067677285,3215,GTSTT,0x19fe7fbf,,802003,0x8303,0x0115,100,12862,0000,0000,00,00,11,12,12,-,01,01,0.0,0.0,316,316,484,484,-23.043555,-23.043555,-50.225387,-50.225387,0724,0005,bff7,068fb200,0.2,200.8,200.8,0:02:27,6:34:39,-,-,0,-,,,,,,,,,,,,,,,,,,,,,,,,,,,,,,,,,,,,,
2025-10-11 15:48:56,,,,867488067677285,3217,HBD,,,,,,,,,,,,,,,,,,,,,,,,,,,,,,,,,,,,,,,,,,,,,,,,,,,,,,,,,,,,,,,,,,,,,,,,,,,,,
2025-10-11 15:50:12,2025-10-11 15:50:11,2025-10-11 15:50:10,2025-10-11 15:50:10,867488067677285,3219,GTERI,0x19fe3fbf,0x00028102,802003,0x8303,0x0115,100,12908,0000,-,00,00,11,12,12,-,01,01,0.0,0.0,316,316,484,484,-23.043555,-23.043555,-50.225387,-50.225387,0724,0005,bff7,068fb200,0.2,200.8,200.8,0:02:27,6:34:39,-,-,0,-,,,,,01,1800,00000000,00,10,,,,,,,,,,,,,,,,,,,,,,,,,,,,
2025-10-11 15:51:33,,,,867488067677285,3220,HBD,,,,,,,,,,,,,,,,,,,,,,,,,,,,,,,,,,,,,,,,,,,,,,,,,,,,,,,,,,,,,,,,,,,,,,,,,,,,,
2025-10-11 15:51:33,,,,867488067677285,3221,HBD,,,,,,,,,,,,,,,,,,,,,,,,,,,,,,,,,,,,,,,,,,,,,,,,,,,,,,,,,,,,,,,,,,,,,,,,,,,,,
2025-10-11 15:51:34,2025-10-11 15:51:26,2025-10-11 15:51:26,2025-10-11 15:51:26,867488067677285,3222,GTPDP,0x19fe7fbf,,802003,0x8303,0x0115,100,12906,0000,0000,00,00,11,12,12,-,01,01,0.0,0.0,316,316,484,484,-23.043555,-23.043555,-50.225387,-50.225387,0724,0005,bff7,068fb204,0.2,200.8,200.8,0:02:27,6:34:39,-,-,0,-,,,,,,,,,,,,,,,,,,,,,,,,,,,,,,,,,,,,,
2025-10-11 15:51:34,2025-10-11 15:51:32,2025-10-11 15:51:32,2025-10-11 15:51:32,867488067677285,3223,GTERI,0x19fe3fbf,0x00028102,802003,0x8303,0x0115,100,12906,0000,-,00,00,11,12,12,-,01,01,0.0,0.0,316,316,484,484,-23.043555,-23.043555,-50.225387,-50.225387,0724,0005,bff7,068fb204,0.2,200.8,200.8,0:02:27,6:34:39,-,-,0,-,,,,,04,3,00000000,00,10,,,,,,,,,,,,,,,,,,,,,,,,,,,,
2025-10-11 15:51:35,,,,867488067677285,3224,HBD,,,,,,,,,,,,,,,,,,,,,,,,,,,,,,,,,,,,,,,,,,,,,,,,,,,,,,,,,,,,,,,,,,,,,,,,,,,,,
2025-10-11 15:53:57,,,,867488067677285,3225,HBD,,,,,,,,,,,,,,,,,,,,,,,,,,,,,,,,,,,,,,,,,,,,,,,,,,,,,,,,,,,,,,,,,,,,,,,,,,,,,
2025-10-11 15:55:58,,,,867488067677285,3226,HBD,,,,,,,,,,,,,,,,,,,,,,,,,,,,,,,,,,,,,,,,,,,,,,,,,,,,,,,,,,,,,,,,,,,,,,,,,,,,,
2025-10-11 15:57:58,,,,867488067677285,3227,HBD,,,,,,,,,,,,,,,,,,,,,,,,,,,,,,,,,,,,,,,,,,,,,,,,,,,,,,,,,,,,,,,,,,,,,,,,,,,,,
2025-10-11 15:59:59,,,,867488067677285,3228,HBD,,,,,,,,,,,,,,,,,,,,,,,,,,,,,,,,,,,,,,,,,,,,,,,,,,,,,,,,,,,,,,,,,,,,,,,,,,,,,
2025-10-11 16:01:59,,,,867488067677285,3229,HBD,,,,,,,,,,,,,,,,,,,,,,,,,,,,,,,,,,,,,,,,,,,,,,,,,,,,,,,,,,,,,,,,,,,,,,,,,,,,,
2025-10-11 16:04:00,,,,867488067677285,3230,HBD,,,,,,,,,,,,,,,,,,,,,,,,,,,,,,,,,,,,,,,,,,,,,,,,,,,,,,,,,,,,,,,,,,,,,,,,,,,,,
2025-10-11 16:06:00,,,,867488067677285,3231,HBD,,,,,,,,,,,,,,,,,,,,,,,,,,,,,,,,,,,,,,,,,,,,,,,,,,,,,,,,,,,,,,,,,,,,,,,,,,,,,
2025-10-11 16:08:01,,,,867488067677285,3232,HBD,,,,,,,,,,,,,,,,,,,,,,,,,,,,,,,,,,,,,,,,,,,,,,,,,,,,,,,,,,,,,,,,,,,,,,,,,,,,,
2025-10-11 16:10:01,,,,867488067677285,3233,HBD,,,,,,,,,,,,,,,,,,,,,,,,,,,,,,,,,,,,,,,,,,,,,,,,,,,,,,,,,,,,,,,,,,,,,,,,,,,,,
2025-10-11 16:12:02,,,,867488067677285,3234,HBD,,,,,,,,,,,,,,,,,,,,,,,,,,,,,,,,,,,,,,,,,,,,,,,,,,,,,,,,,,,,,,,,,,,,,,,,,,,,,
2025-10-11 16:14:02,,,,867488067677285,3235,HBD,,,,,,,,,,,,,,,,,,,,,,,,,,,,,,,,,,,,,,,,,,,,,,,,,,,,,,,,,,,,,,,,,,,,,,,,,,,,,
2025-10-11 16:16:03,,,,867488067677285,3236,HBD,,,,,,,,,,,,,,,,,,,,,,,,,,,,,,,,,,,,,,,,,,,,,,,,,,,,,,,,,,,,,,,,,,,,,,,,,,,,,
2025-10-11 16:18:03,,,,867488067677285,3237,HBD,,,,,,,,,,,,,,,,,,,,,,,,,,,,,,,,,,,,,,,,,,,,,,,,,,,,,,,,,,,,,,,,,,,,,,,,,,,,,
2025-10-11 16:20:04,,,,867488067677285,3238,HBD,,,,,,,,,,,,,,,,,,,,,,,,,,,,,,,,,,,,,,,,,,,,,,,,,,,,,,,,,,,,,,,,,,,,,,,,,,,,,
2025-10-11 16:22:04,,,,867488067677285,3239,HBD,,,,,,,,,,,,,,,,,,,,,,,,,,,,,,,,,,,,,,,,,,,,,,,,,,,,,,,,,,,,,,,,,,,,,,,,,,,,,
2025-10-11 16:24:05,,,,867488067677285,3240,HBD,,,,,,,,,,,,,,,,,,,,,,,,,,,,,,,,,,,,,,,,,,,,,,,,,,,,,,,,,,,,,,,,,,,,,,,,,,,,,
2025-10-11 16:26:05,,,,867488067677285,3241,HBD,,,,,,,,,,,,,,,,,,,,,,,,,,,,,,,,,,,,,,,,,,,,,,,,,,,,,,,,,,,,,,,,,,,,,,,,,,,,,
2025-10-11 16:28:06,,,,867488067677285,3242,HBD,,,,,,,,,,,,,,,,,,,,,,,,,,,,,,,,,,,,,,,,,,,,,,,,,,,,,,,,,,,,,,,,,,,,,,,,,,,,,
2025-10-11 16:30:06,,,,867488067677285,3243,HBD,,,,,,,,,,,,,,,,,,,,,,,,,,,,,,,,,,,,,,,,,,,,,,,,,,,,,,,,,,,,,,,,,,,,,,,,,,,,,
2025-10-11 16:32:07,,,,867488067677285,3244,HBD,,,,,,,,,,,,,,,,,,,,,,,,,,,,,,,,,,,,,,,,,,,,,,,,,,,,,,,,,,,,,,,,,,,,,,,,,,,,,
2025-10-11 16:34:07,,,,867488067677285,3245,HBD,,,,,,,,,,,,,,,,,,,,,,,,,,,,,,,,,,,,,,,,,,,,,,,,,,,,,,,,,,,,,,,,,,,,,,,,,,,,,
2025-10-11 16:36:08,,,,867488067677285,3246,HBD,,,,,,,,,,,,,,,,,,,,,,,,,,,,,,,,,,,,,,,,,,,,,,,,,,,,,,,,,,,,,,,,,,,,,,,,,,,,,
2025-10-11 16:38:08,,,,867488067677285,3247,HBD,,,,,,,,,,,,,,,,,,,,,,,,,,,,,,,,,,,,,,,,,,,,,,,,,,,,,,,,,,,,,,,,,,,,,,,,,,,,,
2025-10-11 16:40:09,,,,867488067677285,3248,HBD,,,,,,,,,,,,,,,,,,,,,,,,,,,,,,,,,,,,,,,,,,,,,,,,,,,,,,,,,,,,,,,,,,,,,,,,,,,,,
2025-10-11 16:42:09,,,,867488067677285,3249,HBD,,,,,,,,,,,,,,,,,,,,,,,,,,,,,,,,,,,,,,,,,,,,,,,,,,,,,,,,,,,,,,,,,,,,,,,,,,,,,
2025-10-11 16:44:10,,,,867488067677285,3250,HBD,,,,,,,,,,,,,,,,,,,,,,,,,,,,,,,,,,,,,,,,,,,,,,,,,,,,,,,,,,,,,,,,,,,,,,,,,,,,,
2025-10-11 16:46:10,,,,867488067677285,3251,HBD,,,,,,,,,,,,,,,,,,,,,,,,,,,,,,,,,,,,,,,,,,,,,,,,,,,,,,,,,,,,,,,,,,,,,,,,,,,,,
2025-10-11 16:48:11,,,,867488067677285,3252,HBD,,,,,,,,,,,,,,,,,,,,,,,,,,,,,,,,,,,,,,,,,,,,,,,,,,,,,,,,,,,,,,,,,,,,,,,,,,,,,
2025-10-11 16:50:11,,,,867488067677285,3253,HBD,,,,,,,,,,,,,,,,,,,,,,,,,,,,,,,,,,,,,,,,,,,,,,,,,,,,,,,,,,,,,,,,,,,,,,,,,,,,,
2025-10-11 16:51:27,2025-10-11 16:51:27,2025-10-11 16:49:00,2025-10-11 16:49:00,867488067677285,3254,GTERI,0x19fe3fbf,0x00028102,802003,0x8303,0x0115,100,12958,0000,-,00,00,11,12,12,-,01,01,0.0,0.0,316,316,484,484,-23.043555,-23.043555,-50.225387,-50.225387,0724,0005,bff7,068fb204,0.2,200.8,200.8,0:02:27,6:34:39,-,-,0,-,,,,,04,3,00000000,00,10,,,,,,,,,,,,,,,,,,,,,,,,,,,,
2025-10-11 16:52:12,,,,867488067677285,3255,HBD,,,,,,,,,,,,,,,,,,,,,,,,,,,,,,,,,,,,,,,,,,,,,,,,,,,,,,,,,,,,,,,,,,,,,,,,,,,,,
2025-10-11 16:54:12,,,,867488067677285,3256,HBD,,,,,,,,,,,,,,,,,,,,,,,,,,,,,,,,,,,,,,,,,,,,,,,,,,,,,,,,,,,,,,,,,,,,,,,,,,,,,
2025-10-11 16:56:13,,,,867488067677285,3257,HBD,,,,,,,,,,,,,,,,,,,,,,,,,,,,,,,,,,,,,,,,,,,,,,,,,,,,,,,,,,,,,,,,,,,,,,,,,,,,,
2025-10-11 16:58:13,,,,867488067677285,3258,HBD,,,,,,,,,,,,,,,,,,,,,,,,,,,,,,,,,,,,,,,,,,,,,,,,,,,,,,,,,,,,,,,,,,,,,,,,,,,,,
2025-10-11 17:00:14,,,,867488067677285,3259,HBD,,,,,,,,,,,,,,,,,,,,,,,,,,,,,,,,,,,,,,,,,,,,,,,,,,,,,,,,,,,,,,,,,,,,,,,,,,,,,
2025-10-11 17:02:14,,,,867488067677285,3260,HBD,,,,,,,,,,,,,,,,,,,,,,,,,,,,,,,,,,,,,,,,,,,,,,,,,,,,,,,,,,,,,,,,,,,,,,,,,,,,,
2025-10-11 17:04:14,,,,867488067677285,3261,HBD,,,,,,,,,,,,,,,,,,,,,,,,,,,,,,,,,,,,,,,,,,,,,,,,,,,,,,,,,,,,,,,,,,,,,,,,,,,,,
2025-10-11 17:06:15,,,,867488067677285,3262,HBD,,,,,,,,,,,,,,,,,,,,,,,,,,,,,,,,,,,,,,,,,,,,,,,,,,,,,,,,,,,,,,,,,,,,,,,,,,,,,
2025-10-11 17:08:15,,,,867488067677285,3263,HBD,,,,,,,,,,,,,,,,,,,,,,,,,,,,,,,,,,,,,,,,,,,,,,,,,,,,,,,,,,,,,,,,,,,,,,,,,,,,,
2025-10-11 17:10:16,,,,867488067677285,3264,HBD,,,,,,,,,,,,,,,,,,,,,,,,,,,,,,,,,,,,,,,,,,,,,,,,,,,,,,,,,,,,,,,,,,,,,,,,,,,,,
2025-10-11 17:12:16,,,,867488067677285,3265,HBD,,,,,,,,,,,,,,,,,,,,,,,,,,,,,,,,,,,,,,,,,,,,,,,,,,,,,,,,,,,,,,,,,,,,,,,,,,,,,
2025-10-11 17:14:17,,,,867488067677285,3266,HBD,,,,,,,,,,,,,,,,,,,,,,,,,,,,,,,,,,,,,,,,,,,,,,,,,,,,,,,,,,,,,,,,,,,,,,,,,,,,,
2025-10-11 17:16:17,,,,867488067677285,3267,HBD,,,,,,,,,,,,,,,,,,,,,,,,,,,,,,,,,,,,,,,,,,,,,,,,,,,,,,,,,,,,,,,,,,,,,,,,,,,,,
2025-10-11 17:18:18,,,,867488067677285,3268,HBD,,,,,,,,,,,,,,,,,,,,,,,,,,,,,,,,,,,,,,,,,,,,,,,,,,,,,,,,,,,,,,,,,,,,,,,,,,,,,
2025-10-11 17:20:18,,,,867488067677285,3269,HBD,,,,,,,,,,,,,,,,,,,,,,,,,,,,,,,,,,,,,,,,,,,,,,,,,,,,,,,,,,,,,,,,,,,,,,,,,,,,,
2025-10-11 17:22:19,,,,867488067677285,3270,HBD,,,,,,,,,,,,,,,,,,,,,,,,,,,,,,,,,,,,,,,,,,,,,,,,,,,,,,,,,,,,,,,,,,,,,,,,,,,,,
2025-10-11 17:22:26,2025-10-11 17:22:26,2025-10-11 16:49:00,2025-10-11 15:45:12,867488067677285,3272,GTIGN,0x19fe7fbf,,802003,0x8303,0x0115,100,12810,0000,0000,01,00,22,12,12,5754,00,01,0.0,23.8,316,44,484,493,-23.043555,-23.044302,-50.225387,-50.226529,0724,0005,bff7,068fb204,0.0,200.8,200.7,0:00:00,6:34:39,-,-,0,-,,,,,,,,,,,,,,,,,,,,,,,,,,,,,,,,,,,,,
2025-10-11 17:22:26,2025-10-11 17:22:26,2025-10-11 16:49:00,2025-10-11 16:49:00,867488067677285,3273,GTSTT,0x19fe7fbf,,802003,0x8303,0x0115,100,12810,0000,0000,01,00,22,12,12,-,00,00,0.0,0.0,316,316,484,484,-23.043555,-23.043555,-50.225387,-50.225387,0724,0005,bff7,068fb204,0.0,200.8,200.8,0:00:00,6:34:39,-,-,0,-,,,,,,,,,,,,,,,,,,,,,,,,,,,,,,,,,,,,,
2025-10-11 17:22:45,2025-10-11 17:22:45,2025-10-11 17:22:45,2025-10-11 17:22:45,867488067677285,3274,GTERI,0x19fe3fbf,0x00028102,802003,0x8303,0x0115,100,13940,0000,-,01,00,22,12,12,-,01,01,30.9,30.9,127,127,560,560,-23.043857,-23.043857,-50.22492,-50.22492,0724,0005,bff7,068fb204,0.1,200.9,200.9,0:00:18,6:34:57,-,-,0,-,,,,,04,3,00000000,00,10,,,,,,,,,,,,,,,,,,,,,,,,,,,,
2025-10-11 17:22:45,2025-10-11 17:22:45,2025-10-11 17:22:45,2025-10-11 17:22:45,867488067677285,3275,GTIGL,0x19fe7fbf,,802003,0x8303,0x0115,100,13940,0000,0000,01,00,22,12,12,-,01,01,30.9,30.9,127,127,560,560,-23.043857,-23.043857,-50.22492,-50.22492,0724,0005,bff7,068fb204,0.1,200.9,200.9,0:00:18,6:34:57,-,-,0,-,,,,,,,,,00,,,,,,,,,,,,,,,,,,,,,,,,,,,,
2025-10-11 17:24:19,,,,867488067677285,3276,HBD,,,,,,,,,,,,,,,,,,,,,,,,,,,,,,,,,,,,,,,,,,,,,,,,,,,,,,,,,,,,,,,,,,,,,,,,,,,,,
2025-10-11 17:25:33,,,,867488067677285,3278,HBD,,,,,,,,,,,,,,,,,,,,,,,,,,,,,,,,,,,,,,,,,,,,,,,,,,,,,,,,,,,,,,,,,,,,,,,,,,,,,
2025-10-11 17:25:34,2025-10-11 17:25:33,2025-10-11 17:25:32,2025-10-11 17:22:46,867488067677285,3279,GTERI,0x19fe3fbf,0x00028102,802003,0x8303,0x0115,100,13879,0000,-,01,00,22,12,11,-,01,01,0.0,26.3,127,126,495,556,-23.044855,-23.043826,-50.227192,-50.224961,0724,0005,bff7,068fb204,0.3,201.2,200.9,0:03:06,6:37:45,-,-,0,-,,,,,04,3,00000000,00,10,,,,,,,,,,,,,,,,,,,,,,,,,,,,
2025-10-11 17:25:42,2025-10-11 17:25:42,2025-10-11 17:25:42,2025-10-11 17:25:42,867488067677285,3280,GTIGF,0x19fe7fbf,,802003,0x8303,0x0115,100,14035,0000,0000,00,00,12,12,12,196,01,01,0.0,0.0,127,127,495,495,-23.044855,-23.044855,-50.227192,-50.227192,0724,0005,bff7,068fb204,0.3,201.2,201.2,0:03:15,6:37:54,-,-,0,-,,,,,,,,,,,,,,,,,,,,,,,,,,,,,,,,,,,,,
2025-10-11 17:25:42,2025-10-11 17:25:42,2025-10-11 17:25:42,2025-10-11 17:25:42,867488067677285,3281,GTSTT,0x19fe7fbf,,802003,0x8303,0x0115,100,14035,0000,0000,00,00,12,12,12,-,01,01,0.0,0.0,127,127,495,495,-23.044855,-23.044855,-50.227192,-50.227192,0724,0005,bff7,068fb204,0.3,201.2,201.2,0:03:15,6:37:54,-,-,0,-,,,,,,,,,,,,,,,,,,,,,,,,,,,,,,,,,,,,,
2025-10-11 17:25:43,2025-10-11 17:25:42,2025-10-11 17:25:43,2025-10-11 17:25:43,867488067677285,3282,GTIGL,0x19fe7fbf,,802003,0x8303,0x0115,100,14035,0000,0000,00,00,12,12,12,-,01,01,0.0,0.0,127,127,495,495,-23.044855,-23.044855,-50.227192,-50.227192,0724,0005,bff7,068fb204,0.3,201.2,201.2,0:03:15,6:37:54,-,-,0,-,,,,,,,,,01,,,,,,,,,,,,,,,,,,,,,,,,,,,,
2025-10-11 17:25:45,,,,867488067677285,3283,ACK,,,,,,,,,,,,,,,,,,,,,,,,,,,,,,,,,,,,,,,,,,,,,,,,,,,,,,,,,,,,,,,,,,,,,,,,,,,,,
2025-10-11 17:25:46,,,,867488067677285,3284,ACK,,,,,,,,,,,,,,,,,,,,,,,,,,,,,,,,,,,,,,,,,,,,,,,,,,,,,,,,,,,,,,,,,,,,,,,,,,,,,
2025-10-11 17:26:14,2025-10-11 17:26:14,2025-10-11 17:26:14,2025-10-11 17:26:14,867488067677285,3285,GTSTT,0x19fe7fbf,,802003,0x8303,0x0115,100,12837,0000,0000,00,00,11,12,12,-,01,01,0.0,0.0,127,127,495,495,-23.044855,-23.044855,-50.227192,-50.227192,0724,0005,bff7,068fb204,0.3,201.2,201.2,0:03:15,6:37:54,-,-,0,-,,,,,,,,,,,,,,,,,,,,,,,,,,,,,,,,,,,,,
2025-10-11 17:28:20,,,,867488067677285,3287,HBD,,,,,,,,,,,,,,,,,,,,,,,,,,,,,,,,,,,,,,,,,,,,,,,,,,,,,,,,,,,,,,,,,,,,,,,,,,,,,
2025-10-11 17:28:33,2025-10-11 17:28:33,2025-10-11 17:28:32,2025-10-11 17:28:32,867488067677285,3289,GTERI,0x19fe3fbf,0x00028102,802003,0x8303,0x0115,100,12885,0000,-,00,00,11,12,12,-,01,01,0.0,0.0,127,127,495,495,-23.044855,-23.044855,-50.227192,-50.227192,0724,0005,bff7,068fb200,0.3,201.2,201.2,0:03:15,6:37:54,-,-,0,-,,,,,04,7,00000000,00,10,,,,,,,,,,,,,,,,,,,,,,,,,,,,
2025-10-11 17:30:21,,,,867488067677285,3290,HBD,,,,,,,,,,,,,,,,,,,,,,,,,,,,,,,,,,,,,,,,,,,,,,,,,,,,,,,,,,,,,,,,,,,,,,,,,,,,,
2025-10-11 17:30:43,2025-10-11 17:30:43,2025-10-11 17:30:43,2025-10-11 17:30:43,867488067677285,3292,GTERI,0x19fe3fbf,0x00028102,802003,0x8303,0x0115,100,12894,0000,-,00,00,11,12,12,-,01,01,0.0,0.0,127,127,495,495,-23.044855,-23.044855,-50.227192,-50.227192,0724,0005,bff7,068fb200,0.3,201.2,201.2,0:03:15,6:37:54,-,-,0,-,,,,,04,7,00000000,00,10,,,,,,,,,,,,,,,,,,,,,,,,,,,,
2025-10-11 17:32:21,,,,867488067677285,3293,HBD,,,,,,,,,,,,,,,,,,,,,,,,,,,,,,,,,,,,,,,,,,,,,,,,,,,,,,,,,,,,,,,,,,,,,,,,,,,,,
2025-10-11 17:34:22,,,,867488067677285,3294,HBD,,,,,,,,,,,,,,,,,,,,,,,,,,,,,,,,,,,,,,,,,,,,,,,,,,,,,,,,,,,,,,,,,,,,,,,,,,,,,
2025-10-11 17:36:22,,,,867488067677285,3295,HBD,,,,,,,,,,,,,,,,,,,,,,,,,,,,,,,,,,,,,,,,,,,,,,,,,,,,,,,,,,,,,,,,,,,,,,,,,,,,,
2025-10-11 17:38:23,,,,867488067677285,3296,HBD,,,,,,,,,,,,,,,,,,,,,,,,,,,,,,,,,,,,,,,,,,,,,,,,,,,,,,,,,,,,,,,,,,,,,,,,,,,,,
2025-10-11 17:40:23,,,,867488067677285,3297,HBD,,,,,,,,,,,,,,,,,,,,,,,,,,,,,,,,,,,,,,,,,,,,,,,,,,,,,,,,,,,,,,,,,,,,,,,,,,,,,
2025-10-11 17:42:24,,,,867488067677285,3298,HBD,,,,,,,,,,,,,,,,,,,,,,,,,,,,,,,,,,,,,,,,,,,,,,,,,,,,,,,,,,,,,,,,,,,,,,,,,,,,,
2025-10-11 17:44:24,,,,867488067677285,3299,HBD,,,,,,,,,,,,,,,,,,,,,,,,,,,,,,,,,,,,,,,,,,,,,,,,,,,,,,,,,,,,,,,,,,,,,,,,,,,,,
2025-10-11 17:46:25,,,,867488067677285,3300,HBD,,,,,,,,,,,,,,,,,,,,,,,,,,,,,,,,,,,,,,,,,,,,,,,,,,,,,,,,,,,,,,,,,,,,,,,,,,,,,
2025-10-11 17:48:25,,,,867488067677285,3301,HBD,,,,,,,,,,,,,,,,,,,,,,,,,,,,,,,,,,,,,,,,,,,,,,,,,,,,,,,,,,,,,,,,,,,,,,,,,,,,,
2025-10-11 17:50:25,,,,867488067677285,3302,HBD,,,,,,,,,,,,,,,,,,,,,,,,,,,,,,,,,,,,,,,,,,,,,,,,,,,,,,,,,,,,,,,,,,,,,,,,,,,,,
2025-10-11 17:52:26,,,,867488067677285,3303,HBD,,,,,,,,,,,,,,,,,,,,,,,,,,,,,,,,,,,,,,,,,,,,,,,,,,,,,,,,,,,,,,,,,,,,,,,,,,,,,
2025-10-11 17:54:26,,,,867488067677285,3304,HBD,,,,,,,,,,,,,,,,,,,,,,,,,,,,,,,,,,,,,,,,,,,,,,,,,,,,,,,,,,,,,,,,,,,,,,,,,,,,,
2025-10-11 17:56:27,,,,867488067677285,3305,HBD,,,,,,,,,,,,,,,,,,,,,,,,,,,,,,,,,,,,,,,,,,,,,,,,,,,,,,,,,,,,,,,,,,,,,,,,,,,,,
2025-10-11 17:58:27,,,,867488067677285,3306,HBD,,,,,,,,,,,,,,,,,,,,,,,,,,,,,,,,,,,,,,,,,,,,,,,,,,,,,,,,,,,,,,,,,,,,,,,,,,,,,
2025-10-11 18:00:28,,,,867488067677285,3307,HBD,,,,,,,,,,,,,,,,,,,,,,,,,,,,,,,,,,,,,,,,,,,,,,,,,,,,,,,,,,,,,,,,,,,,,,,,,,,,,
2025-10-11 18:02:28,,,,867488067677285,3308,HBD,,,,,,,,,,,,,,,,,,,,,,,,,,,,,,,,,,,,,,,,,,,,,,,,,,,,,,,,,,,,,,,,,,,,,,,,,,,,,
2025-10-11 18:04:29,,,,867488067677285,3309,HBD,,,,,,,,,,,,,,,,,,,,,,,,,,,,,,,,,,,,,,,,,,,,,,,,,,,,,,,,,,,,,,,,,,,,,,,,,,,,,
2025-10-11 18:06:29,,,,867488067677285,3310,HBD,,,,,,,,,,,,,,,,,,,,,,,,,,,,,,,,,,,,,,,,,,,,,,,,,,,,,,,,,,,,,,,,,,,,,,,,,,,,,
2025-10-11 18:08:26,,,,867488067677285,3311,HBD,,,,,,,,,,,,,,,,,,,,,,,,,,,,,,,,,,,,,,,,,,,,,,,,,,,,,,,,,,,,,,,,,,,,,,,,,,,,,
2025-10-11 18:08:26,2025-10-11 18:08:25,2025-10-11 17:30:43,2025-10-11 17:30:43,867488067677285,3313,GTIGN,0x19fe7fbf,,802003,0x8303,0x0115,100,12644,0000,0000,01,00,22,12,12,2563,00,01,0.0,0.0,127,127,495,495,-23.044855,-23.044855,-50.227192,-50.227192,0724,0005,bff7,068fb200,0.0,201.2,201.2,0:00:00,6:37:54,-,-,0,-,,,,,,,,,,,,,,,,,,,,,,,,,,,,,,,,,,,,,
2025-10-11 18:08:26,2025-10-11 18:08:25,2025-10-11 17:30:43,2025-10-11 17:30:43,867488067677285,3314,GTSTT,0x19fe7fbf,,802003,0x8303,0x0115,100,12644,0000,0000,01,00,22,12,12,-,00,00,0.0,0.0,127,127,495,495,-23.044855,-23.044855,-50.227192,-50.227192,0724,0005,bff7,068fb200,0.0,201.2,201.2,0:00:00,6:37:54,-,-,0,-,,,,,,,,,,,,,,,,,,,,,,,,,,,,,,,,,,,,,
2025-10-11 18:08:44,2025-10-11 18:08:44,2025-10-11 18:08:44,2025-10-11 18:08:44,867488067677285,3315,GTERI,0x19fe3fbf,0x00028102,802003,0x8303,0x0115,100,13937,0000,-,01,00,22,12,12,-,01,01,0.0,0.0,127,127,496,496,-23.044865,-23.044865,-50.227206,-50.227206,0724,0005,bff7,068fb200,0.0,201.2,201.2,0:00:18,6:38:12,-,-,0,-,,,,,04,7,00000000,00,10,,,,,,,,,,,,,,,,,,,,,,,,,,,,
2025-10-11 18:08:44,2025-10-11 18:08:44,2025-10-11 18:08:44,2025-10-11 18:08:44,867488067677285,3316,GTIGL,0x19fe7fbf,,802003,0x8303,0x0115,100,13937,0000,0000,01,00,22,12,12,-,01,01,0.0,0.0,127,127,496,496,-23.044865,-23.044865,-50.227206,-50.227206,0724,0005,bff7,068fb200,0.0,201.2,201.2,0:00:18,6:38:12,-,-,0,-,,,,,,,,,00,,,,,,,,,,,,,,,,,,,,,,,,,,,,
2025-10-11 18:10:30,,,,867488067677285,3317,HBD,,,,,,,,,,,,,,,,,,,,,,,,,,,,,,,,,,,,,,,,,,,,,,,,,,,,,,,,,,,,,,,,,,,,,,,,,,,,,
2025-10-11 18:11:33,,,,867488067677285,3319,HBD,,,,,,,,,,,,,,,,,,,,,,,,,,,,,,,,,,,,,,,,,,,,,,,,,,,,,,,,,,,,,,,,,,,,,,,,,,,,,
2025-10-11 18:11:34,2025-10-11 18:11:33,2025-10-11 18:11:32,2025-10-11 18:10:32,867488067677285,3320,GTERI,0x19fe3fbf,0x00028102,802003,0x8303,0x0115,100,13954,0000,-,01,00,22,12,12,-,01,01,0.0,34.9,127,314,494,495,-23.044288,-23.044766,-50.228038,-50.227568,0724,0005,bff7,068fb200,0.1,201.3,201.2,0:03:06,6:41:00,-,-,0,-,,,,,04,7,00000000,00,10,,,,,,,,,,,,,,,,,,,,,,,,,,,,
2025-10-11 18:12:28,2025-10-11 18:12:28,2025-10-11 18:12:28,2025-10-11 18:12:28,867488067677285,3322,GTSTT,0x19fe7fbf,,802003,0x8303,0x0115,100,13899,0000,0000,01,00,21,12,12,-,01,01,0.0,0.0,127,127,494,494,-23.044288,-23.044288,-50.228038,-50.228038,0724,0005,bff7,068fb200,0.1,201.3,201.3,0:04:00,6:41:54,-,-,0,-,,,,,,,,,,,,,,,,,,,,,,,,,,,,,,,,,,,,,
2025-10-11 18:12:31,,,,867488067677285,3323,ACK,,,,,,,,,,,,,,,,,,,,,,,,,,,,,,,,,,,,,,,,,,,,,,,,,,,,,,,,,,,,,,,,,,,,,,,,,,,,,
2025-10-11 18:12:31,,,,867488067677285,3324,ACK,,,,,,,,,,,,,,,,,,,,,,,,,,,,,,,,,,,,,,,,,,,,,,,,,,,,,,,,,,,,,,,,,,,,,,,,,,,,,
2025-10-11 18:12:31,,,,867488067677285,3325,ACK,,,,,,,,,,,,,,,,,,,,,,,,,,,,,,,,,,,,,,,,,,,,,,,,,,,,,,,,,,,,,,,,,,,,,,,,,,,,,
2025-10-11 18:13:13,2025-10-11 18:13:13,2025-10-11 18:13:13,2025-10-11 18:13:13,867488067677285,3326,GTSTT,0x19fe7fbf,,802003,0x8303,0x0115,100,13943,0000,0000,01,00,22,12,12,-,01,01,0.0,0.0,127,127,494,494,-23.044288,-23.044288,-50.228038,-50.228038,0724,0005,bff7,068fb200,0.1,201.3,201.3,0:04:45,6:42:39,-,-,0,-,,,,,,,,,,,,,,,,,,,,,,,,,,,,,,,,,,,,,
2025-10-11 18:14:31,,,,867488067677285,3327,HBD,,,,,,,,,,,,,,,,,,,,,,,,,,,,,,,,,,,,,,,,,,,,,,,,,,,,,,,,,,,,,,,,,,,,,,,,,,,,,
2025-10-11 18:14:33,2025-10-11 18:14:33,2025-10-11 18:14:32,2025-10-11 18:13:33,867488067677285,3329,GTERI,0x19fe3fbf,0x00028102,802003,0x8303,0x0115,100,13968,0000,-,01,00,22,12,12,-,01,01,38.9,40.6,224,315,494,491,-23.043923,-23.04392,-50.229144,-50.228422,0724,0005,bff7,068fb200,0.3,201.4,201.3,0:06:06,6:44:00,-,-,0,-,,,,,04,7,00000000,00,10,,,,,,,,,,,,,,,,,,,,,,,,,,,,
2025-10-11 18:16:31,,,,867488067677285,3330,HBD,,,,,,,,,,,,,,,,,,,,,,,,,,,,,,,,,,,,,,,,,,,,,,,,,,,,,,,,,,,,,,,,,,,,,,,,,,,,,
2025-10-11 18:17:34,,,,867488067677285,3332,HBD,,,,,,,,,,,,,,,,,,,,,,,,,,,,,,,,,,,,,,,,,,,,,,,,,,,,,,,,,,,,,,,,,,,,,,,,,,,,,
2025-10-11 18:17:34,2025-10-11 18:17:33,2025-10-11 18:17:32,2025-10-11 18:16:51,867488067677285,3333,GTERI,0x19fe3fbf,0x00028102,802003,0x8303,0x0115,100,13940,0000,-,01,00,22,12,12,-,01,01,0.0,51.3,224,112,496,490,-23.0503,-23.049079,-50.229053,-50.230642,0724,0005,bff7,068fb200,1.3,202.5,202.3,0:09:06,6:47:00,-,-,0,-,,,,,04,7,00000000,00,10,,,,,,,,,,,,,,,,,,,,,,,,,,,,
2025-10-11 18:20:33,,,,867488067677285,3335,HBD,,,,,,,,,,,,,,,,,,,,,,,,,,,,,,,,,,,,,,,,,,,,,,,,,,,,,,,,,,,,,,,,,,,,,,,,,,,,,
2025-10-11 18:20:33,2025-10-11 18:20:33,2025-10-11 18:20:32,2025-10-11 18:19:49,867488067677285,3337,GTERI,0x19fe3fbf,0x00028102,802003,0x8303,0x0115,100,13997,0000,-,01,00,22,12,12,-,01,01,33.8,49.2,47,316,493,492,-23.045377,-23.047379,-50.229789,-50.230835,0724,0005,bff7,068fb200,2.2,203.3,203.0,0:12:06,6:50:00,-,-,0,-,,,,,04,7,00000000,00,10,,,,,,,,,,,,,,,,,,,,,,,,,,,,
2025-10-11 18:22:28,,,,867488067677285,3338,HBD,,,,,,,,,,,,,,,,,,,,,,,,,,,,,,,,,,,,,,,,,,,,,,,,,,,,,,,,,,,,,,,,,,,,,,,,,,,,,
2025-10-11 18:22:28,2025-10-11 18:22:28,2025-10-11 18:22:27,2025-10-11 18:22:27,867488067677285,3340,GTIGF,0x19fe7fbf,,802003,0x8303,0x0115,100,13979,0000,0000,00,00,12,12,12,842,01,01,0.0,0.0,47,47,494,494,-23.044861,-23.044861,-50.227272,-50.227272,0724,0005,bff7,068fb200,2.5,203.7,203.7,0:14:00,6:51:54,-,-,0,-,,,,,,,,,,,,,,,,,,,,,,,,,,,,,,,,,,,,,
2025-10-11 18:22:29,2025-10-11 18:22:28,2025-10-11 18:22:27,2025-10-11 18:22:27,867488067677285,3341,GTSTT,0x19fe7fbf,,802003,0x8303,0x0115,100,13979,0000,0000,00,00,12,12,12,-,01,01,0.0,0.0,47,47,494,494,-23.044861,-23.044861,-50.227272,-50.227272,0724,0005,bff7,068fb200,2.5,203.7,203.7,0:14:00,6:51:54,-,-,0,-,,,,,,,,,,,,,,,,,,,,,,,,,,,,,,,,,,,,,
2025-10-11 18:22:29,2025-10-11 18:22:28,2025-10-11 18:22:28,2025-10-11 18:22:28,867488067677285,3342,GTIGL,0x19fe7fbf,,802003,0x8303,0x0115,100,13979,0000,0000,00,00,12,12,12,-,01,01,0.0,0.0,47,47,494,494,-23.044861,-23.044861,-50.227272,-50.227272,0724,0005,bff7,068fb200,2.5,203.7,203.7,0:14:00,6:51:54,-,-,0,-,,,,,,,,,01,,,,,,,,,,,,,,,,,,,,,,,,,,,,
2025-10-11 18:22:32,,,,867488067677285,3343,ACK,,,,,,,,,,,,,,,,,,,,,,,,,,,,,,,,,,,,,,,,,,,,,,,,,,,,,,,,,,,,,,,,,,,,,,,,,,,,,
2025-10-11 18:22:32,,,,867488067677285,3344,ACK,,,,,,,,,,,,,,,,,,,,,,,,,,,,,,,,,,,,,,,,,,,,,,,,,,,,,,,,,,,,,,,,,,,,,,,,,,,,,
2025-10-11 18:23:12,2025-10-11 18:23:12,2025-10-11 18:23:11,2025-10-11 18:23:11,867488067677285,3345,GTSTT,0x19fe7fbf,,802003,0x8303,0x0115,100,12901,0000,0000,00,00,11,12,12,-,01,01,0.0,0.0,47,47,496,496,-23.044857,-23.044857,-50.227265,-50.227265,0724,0005,bff7,068fb200,2.5,203.7,203.7,0:14:00,6:51:54,-,-,0,-,,,,,,,,,,,,,,,,,,,,,,,,,,,,,,,,,,,,,
2025-10-11 18:23:33,,,,867488067677285,3346,HBD,,,,,,,,,,,,,,,,,,,,,,,,,,,,,,,,,,,,,,,,,,,,,,,,,,,,,,,,,,,,,,,,,,,,,,,,,,,,,
2025-10-11 18:23:34,2025-10-11 18:23:33,2025-10-11 18:23:32,2025-10-11 18:23:32,867488067677285,3347,GTERI,0x19fe3fbf,0x00028102,802003,0x8303,0x0115,100,12901,0000,-,00,00,11,12,12,-,01,01,0.0,0.0,47,47,496,496,-23.044857,-23.044857,-50.227265,-50.227265,0724,0005,bff7,068fb200,2.5,203.7,203.7,0:14:00,6:51:54,-,-,0,-,,,,,04,7,00000000,00,10,,,,,,,,,,,,,,,,,,,,,,,,,,,,
2025-10-11 18:25:34,,,,867488067677285,3349,HBD,,,,,,,,,,,,,,,,,,,,,,,,,,,,,,,,,,,,,,,,,,,,,,,,,,,,,,,,,,,,,,,,,,,,,,,,,,,,,
2025-10-11 18:26:33,2025-10-11 18:26:33,2025-10-11 18:26:32,2025-10-11 18:26:32,867488067677285,3351,GTERI,0x19fe3fbf,0x00028102,802003,0x8303,0x0115,100,12982,0000,-,00,00,11,12,12,-,01,01,0.0,0.0,47,47,496,496,-23.044857,-23.044857,-50.227265,-50.227265,0724,0005,bff7,068fb200,2.5,203.7,203.7,0:14:00,6:51:54,-,-,0,-,,,,,04,7,00000000,00,10,,,,,,,,,,,,,,,,,,,,,,,,,,,,
2025-10-11 18:27:28,2025-10-11 18:27:27,2025-10-11 18:27:28,2025-10-11 18:27:28,867488067677285,3352,GTERI,0x19fe3fbf,0x00028102,802003,0x8303,0x0115,100,12983,0000,-,00,00,11,12,12,-,01,01,0.0,0.0,47,47,496,496,-23.044857,-23.044857,-50.227265,-50.227265,0724,0005,bff7,068fb200,2.5,203.7,203.7,0:14:00,6:51:54,-,-,0,-,,,,,04,7,00000000,00,10,,,,,,,,,,,,,,,,,,,,,,,,,,,,
2025-10-11 18:27:34,,,,867488067677285,3353,HBD,,,,,,,,,,,,,,,,,,,,,,,,,,,,,,,,,,,,,,,,,,,,,,,,,,,,,,,,,,,,,,,,,,,,,,,,,,,,,
2025-10-11 18:29:35,,,,867488067677285,3354,HBD,,,,,,,,,,,,,,,,,,,,,,,,,,,,,,,,,,,,,,,,,,,,,,,,,,,,,,,,,,,,,,,,,,,,,,,,,,,,,
2025-10-11 18:31:35,,,,867488067677285,3355,HBD,,,,,,,,,,,,,,,,,,,,,,,,,,,,,,,,,,,,,,,,,,,,,,,,,,,,,,,,,,,,,,,,,,,,,,,,,,,,,
2025-10-11 18:33:36,,,,867488067677285,3356,HBD,,,,,,,,,,,,,,,,,,,,,,,,,,,,,,,,,,,,,,,,,,,,,,,,,,,,,,,,,,,,,,,,,,,,,,,,,,,,,
2025-10-11 18:35:36,,,,867488067677285,3357,HBD,,,,,,,,,,,,,,,,,,,,,,,,,,,,,,,,,,,,,,,,,,,,,,,,,,,,,,,,,,,,,,,,,,,,,,,,,,,,,
2025-10-11 18:37:37,,,,867488067677285,3358,HBD,,,,,,,,,,,,,,,,,,,,,,,,,,,,,,,,,,,,,,,,,,,,,,,,,,,,,,,,,,,,,,,,,,,,,,,,,,,,,
2025-10-11 18:39:37,,,,867488067677285,3359,HBD,,,,,,,,,,,,,,,,,,,,,,,,,,,,,,,,,,,,,,,,,,,,,,,,,,,,,,,,,,,,,,,,,,,,,,,,,,,,,
2025-10-11 18:41:38,,,,867488067677285,3360,HBD,,,,,,,,,,,,,,,,,,,,,,,,,,,,,,,,,,,,,,,,,,,,,,,,,,,,,,,,,,,,,,,,,,,,,,,,,,,,,
2025-10-11 18:43:38,,,,867488067677285,3361,HBD,,,,,,,,,,,,,,,,,,,,,,,,,,,,,,,,,,,,,,,,,,,,,,,,,,,,,,,,,,,,,,,,,,,,,,,,,,,,,
2025-10-11 18:45:39,,,,867488067677285,3362,HBD,,,,,,,,,,,,,,,,,,,,,,,,,,,,,,,,,,,,,,,,,,,,,,,,,,,,,,,,,,,,,,,,,,,,,,,,,,,,,
2025-10-11 18:47:39,,,,867488067677285,3363,HBD,,,,,,,,,,,,,,,,,,,,,,,,,,,,,,,,,,,,,,,,,,,,,,,,,,,,,,,,,,,,,,,,,,,,,,,,,,,,,
2025-10-11 18:49:40,,,,867488067677285,3364,HBD,,,,,,,,,,,,,,,,,,,,,,,,,,,,,,,,,,,,,,,,,,,,,,,,,,,,,,,,,,,,,,,,,,,,,,,,,,,,,
2025-10-11 18:51:40,,,,867488067677285,3365,HBD,,,,,,,,,,,,,,,,,,,,,,,,,,,,,,,,,,,,,,,,,,,,,,,,,,,,,,,,,,,,,,,,,,,,,,,,,,,,,
2025-10-11 18:53:40,,,,867488067677285,3366,HBD,,,,,,,,,,,,,,,,,,,,,,,,,,,,,,,,,,,,,,,,,,,,,,,,,,,,,,,,,,,,,,,,,,,,,,,,,,,,,
2025-10-11 18:55:41,,,,867488067677285,3367,HBD,,,,,,,,,,,,,,,,,,,,,,,,,,,,,,,,,,,,,,,,,,,,,,,,,,,,,,,,,,,,,,,,,,,,,,,,,,,,,
2025-10-11 18:57:41,,,,867488067677285,3368,HBD,,,,,,,,,,,,,,,,,,,,,,,,,,,,,,,,,,,,,,,,,,,,,,,,,,,,,,,,,,,,,,,,,,,,,,,,,,,,,
2025-10-11 18:59:42,,,,867488067677285,3369,HBD,,,,,,,,,,,,,,,,,,,,,,,,,,,,,,,,,,,,,,,,,,,,,,,,,,,,,,,,,,,,,,,,,,,,,,,,,,,,,
2025-10-11 19:01:42,,,,867488067677285,3370,HBD,,,,,,,,,,,,,,,,,,,,,,,,,,,,,,,,,,,,,,,,,,,,,,,,,,,,,,,,,,,,,,,,,,,,,,,,,,,,,
2025-10-11 19:03:43,,,,867488067677285,3371,HBD,,,,,,,,,,,,,,,,,,,,,,,,,,,,,,,,,,,,,,,,,,,,,,,,,,,,,,,,,,,,,,,,,,,,,,,,,,,,,
2025-10-11 19:05:43,,,,867488067677285,3372,HBD,,,,,,,,,,,,,,,,,,,,,,,,,,,,,,,,,,,,,,,,,,,,,,,,,,,,,,,,,,,,,,,,,,,,,,,,,,,,,
2025-10-11 19:07:44,,,,867488067677285,3373,HBD,,,,,,,,,,,,,,,,,,,,,,,,,,,,,,,,,,,,,,,,,,,,,,,,,,,,,,,,,,,,,,,,,,,,,,,,,,,,,
2025-10-11 19:09:44,,,,867488067677285,3374,HBD,,,,,,,,,,,,,,,,,,,,,,,,,,,,,,,,,,,,,,,,,,,,,,,,,,,,,,,,,,,,,,,,,,,,,,,,,,,,,
2025-10-11 19:11:16,2025-10-11 19:11:16,2025-10-11 18:27:28,2025-10-11 18:20:39,867488067677285,3376,GTIGN,0x19fe7fbf,,802003,0x8303,0x0115,100,12885,0000,0000,01,00,22,12,12,2929,00,01,0.0,34.3,47,48,496,495,-23.044857,-23.045106,-50.227265,-50.229474,0724,0005,bff7,068fb200,0.0,203.7,203.4,0:00:00,6:51:54,-,-,0,-,,,,,,,,,,,,,,,,,,,,,,,,,,,,,,,,,,,,,
2025-10-11 19:11:16,2025-10-11 19:11:16,2025-10-11 18:27:28,2025-10-11 18:27:28,867488067677285,3377,GTSTT,0x19fe7fbf,,802003,0x8303,0x0115,100,12885,0000,0000,01,00,22,12,12,-,00,00,0.0,0.0,47,47,496,496,-23.044857,-23.044857,-50.227265,-50.227265,0724,0005,bff7,068fb200,0.0,203.7,203.7,0:00:00,6:51:54,-,-,0,-,,,,,,,,,,,,,,,,,,,,,,,,,,,,,,,,,,,,,
2025-10-11 19:11:30,2025-10-11 19:11:30,2025-10-11 19:11:30,2025-10-11 19:11:30,867488067677285,3378,GTERI,0x19fe3fbf,0x00028102,802003,0x8303,0x0115,100,13901,0000,-,01,00,22,12,12,-,01,01,1.1,1.1,201,201,501,501,-23.044894,-23.044894,-50.227125,-50.227125,0724,0005,bff7,068fb200,0.0,203.7,203.7,0:00:12,6:52:06,-,-,0,-,,,,,04,7,00000000,00,10,,,,,,,,,,,,,,,,,,,,,,,,,,,,
2025-10-11 19:11:30,2025-10-11 19:11:30,2025-10-11 19:11:30,2025-10-11 19:11:30,867488067677285,3379,GTIGL,0x19fe7fbf,,802003,0x8303,0x0115,100,13901,0000,0000,01,00,22,12,12,-,01,01,1.1,1.1,201,201,501,501,-23.044894,-23.044894,-50.227125,-50.227125,0724,0005,bff7,068fb200,0.0,203.7,203.7,0:00:12,6:52:06,-,-,0,-,,,,,,,,,00,,,,,,,,,,,,,,,,,,,,,,,,,,,,
2025-10-11 19:11:45,,,,867488067677285,3380,HBD,,,,,,,,,,,,,,,,,,,,,,,,,,,,,,,,,,,,,,,,,,,,,,,,,,,,,,,,,,,,,,,,,,,,,,,,,,,,,
2025-10-11 19:12:42,2025-10-11 19:12:42,2025-10-11 19:12:41,2025-10-11 19:12:41,867488067677285,3381,GTIGF,0x19fe7fbf,,802003,0x8303,0x0115,100,13084,0000,0000,00,00,12,12,12,85,01,01,0.0,0.0,201,201,501,501,-23.044349,-23.044349,-50.227976,-50.227976,0724,0005,bff7,068fb200,0.1,203.7,203.7,0:01:24,6:53:18,-,-,0,-,,,,,,,,,,,,,,,,,,,,,,,,,,,,,,,,,,,,,
2025-10-11 19:12:42,2025-10-11 19:12:42,2025-10-11 19:12:41,2025-10-11 19:12:41,867488067677285,3382,GTSTT,0x19fe7fbf,,802003,0x8303,0x0115,100,13084,0000,0000,00,00,12,12,12,-,01,01,0.0,0.0,201,201,501,501,-23.044349,-23.044349,-50.227976,-50.227976,0724,0005,bff7,068fb200,0.1,203.7,203.7,0:01:24,6:53:18,-,-,0,-,,,,,,,,,,,,,,,,,,,,,,,,,,,,,,,,,,,,,
2025-10-11 19:12:43,2025-10-11 19:12:42,2025-10-11 19:12:42,2025-10-11 19:12:42,867488067677285,3383,GTIGL,0x19fe7fbf,,802003,0x8303,0x0115,100,13084,0000,0000,00,00,12,12,12,-,01,01,0.0,0.0,314,314,501,501,-23.044349,-23.044349,-50.227976,-50.227976,0724,0005,bff7,068fb200,0.1,203.7,203.7,0:01:24,6:53:18,-,-,0,-,,,,,,,,,01,,,,,,,,,,,,,,,,,,,,,,,,,,,,
2025-10-11 19:12:43,,,,867488067677285,3384,ACK,,,,,,,,,,,,,,,,,,,,,,,,,,,,,,,,,,,,,,,,,,,,,,,,,,,,,,,,,,,,,,,,,,,,,,,,,,,,,
2025-10-11 19:12:44,,,,867488067677285,3385,ACK,,,,,,,,,,,,,,,,,,,,,,,,,,,,,,,,,,,,,,,,,,,,,,,,,,,,,,,,,,,,,,,,,,,,,,,,,,,,,
2025-10-11 19:13:06,2025-10-11 19:13:05,2025-10-11 19:13:05,2025-10-11 19:13:05,867488067677285,3386,GTSTT,0x19fe7fbf,,802003,0x8303,0x0115,100,12828,0000,0000,00,00,11,12,12,-,01,01,0.0,0.0,314,314,501,501,-23.044349,-23.044349,-50.227976,-50.227976,0724,0005,bff7,068fb200,0.1,203.7,203.7,0:01:24,6:53:18,-,-,0,-,,,,,,,,,,,,,,,,,,,,,,,,,,,,,,,,,,,,,
2025-10-11 19:13:45,,,,867488067677285,3388,HBD,,,,,,,,,,,,,,,,,,,,,,,,,,,,,,,,,,,,,,,,,,,,,,,,,,,,,,,,,,,,,,,,,,,,,,,,,,,,,
2025-10-11 19:14:25,2025-10-11 19:14:24,2025-10-11 19:14:23,2025-10-11 19:14:23,867488067677285,3389,GTERI,0x19fe3fbf,0x00028102,802003,0x8303,0x0115,100,12874,0000,-,00,00,11,12,12,-,01,01,0.0,0.0,314,314,501,501,-23.044349,-23.044349,-50.227976,-50.227976,0724,0005,bff7,068fb200,0.1,203.7,203.7,0:01:24,6:53:18,-,-,0,-,,,,,04,7,00000000,00,10,,,,,,,,,,,,,,,,,,,,,,,,,,,,
2025-10-11 19:15:46,,,,867488067677285,3391,HBD,,,,,,,,,,,,,,,,,,,,,,,,,,,,,,,,,,,,,,,,,,,,,,,,,,,,,,,,,,,,,,,,,,,,,,,,,,,,,
2025-10-11 19:16:56,2025-10-11 19:16:56,2025-10-11 19:16:56,2025-10-11 19:12:08,867488067677285,3393,GTIGN,0x19fe7fbf,,802003,0x8303,0x0115,100,12778,0000,0000,01,00,22,12,12,255,01,01,0.0,18.4,314,316,501,501,-23.044349,-23.044877,-50.227976,-50.227434,0724,0005,bff7,068fb200,0.0,203.7,203.7,0:00:00,6:53:18,-,-,0,-,,,,,,,,,,,,,,,,,,,,,,,,,,,,,,,,,,,,,
2025-10-11 19:16:57,2025-10-11 19:16:56,2025-10-11 19:16:56,2025-10-11 19:16:56,867488067677285,3394,GTSTT,0x19fe7fbf,,802003,0x8303,0x0115,100,12778,0000,0000,01,00,22,12,12,-,01,01,0.0,0.0,314,314,501,501,-23.044349,-23.044349,-50.227976,-50.227976,0724,0005,bff7,068fb200,0.0,203.7,203.7,0:00:00,6:53:18,-,-,0,-,,,,,,,,,,,,,,,,,,,,,,,,,,,,,,,,,,,,,
2025-10-11 19:16:57,2025-10-11 19:16:57,2025-10-11 19:16:57,2025-10-11 19:16:57,867488067677285,3395,GTIGL,0x19fe7fbf,,802003,0x8303,0x0115,100,12778,0000,0000,01,00,22,12,12,-,01,01,0.0,0.0,314,314,501,501,-23.044349,-23.044349,-50.227976,-50.227976,0724,0005,bff7,068fb200,0.0,203.7,203.7,0:00:00,6:53:18,-,-,0,-,,,,,,,,,00,,,,,,,,,,,,,,,,,,,,,,,,,,,,
2025-10-11 19:17:25,2025-10-11 19:17:24,2025-10-11 19:17:23,2025-10-11 19:17:15,867488067677285,3396,GTERI,0x19fe3fbf,0x00028102,802003,0x8303,0x0115,100,13971,0000,-,01,00,22,12,12,-,01,01,24.9,31.8,227,227,503,505,-23.044678,-23.044417,-50.228901,-50.228566,0724,0005,bff7,068fb200,0.1,203.8,203.8,0:00:27,6:53:45,-,-,0,-,,,,,04,7,00000000,00,10,,,,,,,,,,,,,,,,,,,,,,,,,,,,
2025-10-11 19:17:46,,,,867488067677285,3397,HBD,,,,,,,,,,,,,,,,,,,,,,,,,,,,,,,,,,,,,,,,,,,,,,,,,,,,,,,,,,,,,,,,,,,,,,,,,,,,,
2025-10-11 19:19:47,,,,867488067677285,3399,HBD,,,,,,,,,,,,,,,,,,,,,,,,,,,,,,,,,,,,,,,,,,,,,,,,,,,,,,,,,,,,,,,,,,,,,,,,,,,,,
2025-10-11 19:20:06,2025-10-11 19:20:06,2025-10-11 19:20:06,2025-10-11 19:18:20,867488067677285,3400,GTSTT,0x19fe7fbf,,802003,0x8303,0x0115,100,13913,0000,0000,01,00,21,12,12,-,01,01,0.0,39.4,227,317,480,489,-23.045713,-23.046586,-50.232297,-50.231652,0724,0005,bff7,068fb200,0.6,204.4,204.2,0:03:09,6:56:27,-,-,0,-,,,,,,,,,,,,,,,,,,,,,,,,,,,,,,,,,,,,,
2025-10-11 19:20:25,2025-10-11 19:20:24,2025-10-11 19:20:23,2025-10-11 19:20:20,867488067677285,3401,GTERI,0x19fe3fbf,0x00028102,802003,0x8303,0x0115,100,13919,0000,-,01,00,21,12,12,-,01,01,0.0,1.0,227,227,478,478,-23.045684,-23.04569,-50.232271,-50.232274,0724,0005,bff7,068fb200,0.6,204.4,204.4,0:03:27,6:56:45,-,-,0,-,,,,,04,7,00000000,00,10,,,,,,,,,,,,,,,,,,,,,,,,,,,,
2025-10-11 19:20:26,2025-10-11 19:20:25,2025-10-11 19:20:25,2025-10-11 19:20:25,867488067677285,3402,GTSTT,0x19fe7fbf,,802003,0x8303,0x0115,100,14006,0000,0000,01,00,22,12,12,-,01,01,0.0,0.0,259,259,478,478,-23.045684,-23.045684,-50.232271,-50.232271,0724,0005,bff7,068fb200,0.6,204.4,204.4,0:03:27,6:56:45,-,-,0,-,,,,,,,,,,,,,,,,,,,,,,,,,,,,,,,,,,,,,
2025-10-11 19:20:47,2025-10-11 19:20:46,2025-10-11 19:20:46,2025-10-11 19:20:46,867488067677285,3403,GTSTT,0x19fe7fbf,,802003,0x8303,0x0115,100,13988,0000,0000,01,00,21,12,12,-,01,01,0.0,0.0,227,227,478,478,-23.045684,-23.045684,-50.232271,-50.232271,0724,0005,bff7,068fb200,0.6,204.4,204.4,0:03:48,6:57:06,-,-,0,-,,,,,,,,,,,,,,,,,,,,,,,,,,,,,,,,,,,,,
2025-10-11 19:21:02,,,,867488067677285,3405,ACK,,,,,,,,,,,,,,,,,,,,,,,,,,,,,,,,,,,,,,,,,,,,,,,,,,,,,,,,,,,,,,,,,,,,,,,,,,,,,
2025-10-11 19:21:02,,,,867488067677285,3406,ACK,,,,,,,,,,,,,,,,,,,,,,,,,,,,,,,,,,,,,,,,,,,,,,,,,,,,,,,,,,,,,,,,,,,,,,,,,,,,,
2025-10-11 19:21:03,,,,867488067677285,3407,ACK,,,,,,,,,,,,,,,,,,,,,,,,,,,,,,,,,,,,,,,,,,,,,,,,,,,,,,,,,,,,,,,,,,,,,,,,,,,,,
2025-10-11 19:21:48,,,,867488067677285,3408,HBD,,,,,,,,,,,,,,,,,,,,,,,,,,,,,,,,,,,,,,,,,,,,,,,,,,,,,,,,,,,,,,,,,,,,,,,,,,,,,
2025-10-11 19:21:52,2025-10-11 19:21:52,2025-10-11 19:21:51,2025-10-11 19:21:51,867488067677285,3410,GTSTT,0x19fe7fbf,,802003,0x8303,0x0115,100,13889,0000,0000,01,00,22,12,12,-,01,01,0.0,0.0,227,227,478,478,-23.045684,-23.045684,-50.232271,-50.232271,0724,0005,bff7,068fb200,0.6,204.4,204.4,0:04:54,6:58:12,-,-,0,-,,,,,,,,,,,,,,,,,,,,,,,,,,,,,,,,,,,,,
2025-10-11 19:23:25,2025-10-11 19:23:24,2025-10-11 19:23:23,2025-10-11 19:22:18,867488067677285,3411,GTERI,0x19fe3fbf,0x00028102,802003,0x8303,0x0115,100,13983,0000,-,01,00,22,12,12,-,01,01,21.0,39.4,111,136,488,489,-23.048872,-23.046274,-50.231271,-50.231996,0724,0005,bff7,068fb200,1.1,204.8,204.4,0:06:27,6:59:45,-,-,0,-,,,,,04,7,00000000,00,10,,,,,,,,,,,,,,,,,,,,,,,,,,,,
2025-10-11 19:23:48,,,,867488067677285,3412,HBD,,,,,,,,,,,,,,,,,,,,,,,,,,,,,,,,,,,,,,,,,,,,,,,,,,,,,,,,,,,,,,,,,,,,,,,,,,,,,
2025-10-11 19:25:49,,,,867488067677285,3414,HBD,,,,,,,,,,,,,,,,,,,,,,,,,,,,,,,,,,,,,,,,,,,,,,,,,,,,,,,,,,,,,,,,,,,,,,,,,,,,,
2025-10-11 19:26:25,2025-10-11 19:26:24,2025-10-11 19:26:23,2025-10-11 19:23:33,867488067677285,3416,GTERI,0x19fe3fbf,0x00028102,802003,0x8303,0x0115,100,14014,0000,-,01,00,22,12,12,-,01,01,12.4,38.8,49,112,498,491,-23.050572,-23.049136,-50.22913,-50.230592,0724,0005,bff7,068fb200,1.9,205.6,204.9,0:09:27,7:02:45,-,-,0,-,,,,,04,7,00000000,00,10,,,,,,,,,,,,,,,,,,,,,,,,,,,,
2025-10-11 19:27:23,2025-10-11 19:27:22,2025-10-11 19:27:22,2025-10-11 19:26:29,867488067677285,3417,GTSTT,0x19fe7fbf,,802003,0x8303,0x0115,100,14016,0000,0000,01,00,21,12,12,-,01,01,0.0,16.7,49,23,500,499,-23.050211,-23.050361,-50.228974,-50.229052,0724,0005,bff7,068fb200,1.9,205.6,205.6,0:10:24,7:03:42,-,-,0,-,,,,,,,,,,,,,,,,,,,,,,,,,,,,,,,,,,,,,
2025-10-11 19:27:50,,,,867488067677285,3418,HBD,,,,,,,,,,,,,,,,,,,,,,,,,,,,,,,,,,,,,,,,,,,,,,,,,,,,,,,,,,,,,,,,,,,,,,,,,,,,,
2025-10-11 19:29:24,2025-10-11 19:29:24,2025-10-11 19:29:23,2025-10-11 19:29:24,867488067677285,3420,GTERI,0x19fe3fbf,0x00028102,802003,0x8303,0x0115,100,12912,0000,-,01,00,21,12,12,-,01,01,0.0,0.0,49,49,500,500,-23.050211,-23.050211,-50.228974,-50.228974,0724,0005,bff7,068fb200,1.9,205.6,205.6,0:12:27,7:05:45,-,-,0,-,,,,,04,7,00000000,00,10,,,,,,,,,,,,,,,,,,,,,,,,,,,,
2025-10-11 19:29:27,2025-10-11 19:29:27,2025-10-11 19:29:27,2025-10-11 19:29:27,867488067677285,3421,GTIGF,0x19fe7fbf,,802003,0x8303,0x0115,100,12912,0000,0000,00,00,11,12,12,751,01,01,0.0,0.0,49,49,500,500,-23.050211,-23.050211,-50.228974,-50.228974,0724,0005,bff7,068fb200,1.9,205.6,205.6,0:12:30,7:05:48,-,-,0,-,,,,,,,,,,,,,,,,,,,,,,,,,,,,,,,,,,,,,
2025-10-11 19:29:28,2025-10-11 19:29:27,2025-10-11 19:29:27,2025-10-11 19:29:27,867488067677285,3422,GTSTT,0x19fe7fbf,,802003,0x8303,0x0115,100,12912,0000,0000,00,00,11,12,12,-,01,01,0.0,0.0,49,49,500,500,-23.050211,-23.050211,-50.228974,-50.228974,0724,0005,bff7,068fb200,1.9,205.6,205.6,0:12:30,7:05:48,-,-,0,-,,,,,,,,,,,,,,,,,,,,,,,,,,,,,,,,,,,,,
2025-10-11 19:29:28,2025-10-11 19:29:28,2025-10-11 19:29:28,2025-10-11 19:29:28,867488067677285,3423,GTIGL,0x19fe7fbf,,802003,0x8303,0x0115,100,12912,0000,0000,00,00,11,12,12,-,01,01,0.0,0.0,49,49,500,500,-23.050211,-23.050211,-50.228974,-50.228974,0724,0005,bff7,068fb200,1.9,205.6,205.6,0:12:30,7:05:48,-,-,0,-,,,,,,,,,01,,,,,,,,,,,,,,,,,,,,,,,,,,,,
2025-10-11 19:29:32,,,,867488067677285,3424,ACK,,,,,,,,,,,,,,,,,,,,,,,,,,,,,,,,,,,,,,,,,,,,,,,,,,,,,,,,,,,,,,,,,,,,,,,,,,,,,
2025-10-11 19:29:32,,,,867488067677285,3425,ACK,,,,,,,,,,,,,,,,,,,,,,,,,,,,,,,,,,,,,,,,,,,,,,,,,,,,,,,,,,,,,,,,,,,,,,,,,,,,,
2025-10-11 19:29:50,,,,867488067677285,3426,HBD,,,,,,,,,,,,,,,,,,,,,,,,,,,,,,,,,,,,,,,,,,,,,,,,,,,,,,,,,,,,,,,,,,,,,,,,,,,,,
2025-10-11 19:31:51,,,,867488067677285,3428,HBD,,,,,,,,,,,,,,,,,,,,,,,,,,,,,,,,,,,,,,,,,,,,,,,,,,,,,,,,,,,,,,,,,,,,,,,,,,,,,
2025-10-11 19:32:25,2025-10-11 19:32:24,2025-10-11 19:32:23,2025-10-11 19:32:23,867488067677285,3429,GTERI,0x19fe3fbf,0x00028102,802003,0x8303,0x0115,100,12975,0000,-,00,00,11,12,12,-,01,01,0.0,0.0,49,49,500,500,-23.050211,-23.050211,-50.228974,-50.228974,0724,0005,bff7,068fb200,1.9,205.6,205.6,0:12:30,7:05:48,-,-,0,-,,,,,04,7,00000000,00,10,,,,,,,,,,,,,,,,,,,,,,,,,,,,
2025-10-11 19:33:51,,,,867488067677285,3430,HBD,,,,,,,,,,,,,,,,,,,,,,,,,,,,,,,,,,,,,,,,,,,,,,,,,,,,,,,,,,,,,,,,,,,,,,,,,,,,,
2025-10-11 19:34:28,2025-10-11 19:34:28,2025-10-11 19:34:28,2025-10-11 19:34:28,867488067677285,3431,GTERI,0x19fe3fbf,0x00028102,802003,0x8303,0x0115,100,12979,0000,-,00,00,11,12,12,-,01,01,0.0,0.0,49,49,500,500,-23.050211,-23.050211,-50.228974,-50.228974,0724,0005,bff7,068fb200,1.9,205.6,205.6,0:12:30,7:05:48,-,-,0,-,,,,,04,7,00000000,00,10,,,,,,,,,,,,,,,,,,,,,,,,,,,,
2025-10-11 19:35:52,,,,867488067677285,3432,HBD,,,,,,,,,,,,,,,,,,,,,,,,,,,,,,,,,,,,,,,,,,,,,,,,,,,,,,,,,,,,,,,,,,,,,,,,,,,,,
2025-10-11 19:37:52,,,,867488067677285,3433,HBD,,,,,,,,,,,,,,,,,,,,,,,,,,,,,,,,,,,,,,,,,,,,,,,,,,,,,,,,,,,,,,,,,,,,,,,,,,,,,
2025-10-11 19:39:53,,,,867488067677285,3434,HBD,,,,,,,,,,,,,,,,,,,,,,,,,,,,,,,,,,,,,,,,,,,,,,,,,,,,,,,,,,,,,,,,,,,,,,,,,,,,,
2025-10-11 19:41:53,,,,867488067677285,3435,HBD,,,,,,,,,,,,,,,,,,,,,,,,,,,,,,,,,,,,,,,,,,,,,,,,,,,,,,,,,,,,,,,,,,,,,,,,,,,,,
2025-10-11 19:43:54,,,,867488067677285,3436,HBD,,,,,,,,,,,,,,,,,,,,,,,,,,,,,,,,,,,,,,,,,,,,,,,,,,,,,,,,,,,,,,,,,,,,,,,,,,,,,
2025-10-11 19:45:54,,,,867488067677285,3437,HBD,,,,,,,,,,,,,,,,,,,,,,,,,,,,,,,,,,,,,,,,,,,,,,,,,,,,,,,,,,,,,,,,,,,,,,,,,,,,,
2025-10-11 19:47:55,,,,867488067677285,3438,HBD,,,,,,,,,,,,,,,,,,,,,,,,,,,,,,,,,,,,,,,,,,,,,,,,,,,,,,,,,,,,,,,,,,,,,,,,,,,,,
2025-10-11 19:49:55,,,,867488067677285,3439,HBD,,,,,,,,,,,,,,,,,,,,,,,,,,,,,,,,,,,,,,,,,,,,,,,,,,,,,,,,,,,,,,,,,,,,,,,,,,,,,
2025-10-11 19:51:55,,,,867488067677285,3440,HBD,,,,,,,,,,,,,,,,,,,,,,,,,,,,,,,,,,,,,,,,,,,,,,,,,,,,,,,,,,,,,,,,,,,,,,,,,,,,,
2025-10-11 19:53:56,,,,867488067677285,3441,HBD,,,,,,,,,,,,,,,,,,,,,,,,,,,,,,,,,,,,,,,,,,,,,,,,,,,,,,,,,,,,,,,,,,,,,,,,,,,,,
2025-10-11 19:55:56,,,,867488067677285,3442,HBD,,,,,,,,,,,,,,,,,,,,,,,,,,,,,,,,,,,,,,,,,,,,,,,,,,,,,,,,,,,,,,,,,,,,,,,,,,,,,
2025-10-11 19:57:57,,,,867488067677285,3443,HBD,,,,,,,,,,,,,,,,,,,,,,,,,,,,,,,,,,,,,,,,,,,,,,,,,,,,,,,,,,,,,,,,,,,,,,,,,,,,,
2025-10-11 19:59:57,,,,867488067677285,3444,HBD,,,,,,,,,,,,,,,,,,,,,,,,,,,,,,,,,,,,,,,,,,,,,,,,,,,,,,,,,,,,,,,,,,,,,,,,,,,,,
2025-10-11 20:01:58,,,,867488067677285,3445,HBD,,,,,,,,,,,,,,,,,,,,,,,,,,,,,,,,,,,,,,,,,,,,,,,,,,,,,,,,,,,,,,,,,,,,,,,,,,,,,
2025-10-11 20:03:58,,,,867488067677285,3446,HBD,,,,,,,,,,,,,,,,,,,,,,,,,,,,,,,,,,,,,,,,,,,,,,,,,,,,,,,,,,,,,,,,,,,,,,,,,,,,,
2025-10-11 20:05:59,,,,867488067677285,3447,HBD,,,,,,,,,,,,,,,,,,,,,,,,,,,,,,,,,,,,,,,,,,,,,,,,,,,,,,,,,,,,,,,,,,,,,,,,,,,,,
2025-10-11 20:07:59,,,,867488067677285,3448,HBD,,,,,,,,,,,,,,,,,,,,,,,,,,,,,,,,,,,,,,,,,,,,,,,,,,,,,,,,,,,,,,,,,,,,,,,,,,,,,
2025-10-11 20:10:00,,,,867488067677285,3449,HBD,,,,,,,,,,,,,,,,,,,,,,,,,,,,,,,,,,,,,,,,,,,,,,,,,,,,,,,,,,,,,,,,,,,,,,,,,,,,,
2025-10-11 20:12:00,,,,867488067677285,3450,HBD,,,,,,,,,,,,,,,,,,,,,,,,,,,,,,,,,,,,,,,,,,,,,,,,,,,,,,,,,,,,,,,,,,,,,,,,,,,,,
2025-10-11 20:14:01,,,,867488067677285,3451,HBD,,,,,,,,,,,,,,,,,,,,,,,,,,,,,,,,,,,,,,,,,,,,,,,,,,,,,,,,,,,,,,,,,,,,,,,,,,,,,
2025-10-11 20:16:02,,,,867488067677285,3452,HBD,,,,,,,,,,,,,,,,,,,,,,,,,,,,,,,,,,,,,,,,,,,,,,,,,,,,,,,,,,,,,,,,,,,,,,,,,,,,,
2025-10-11 20:18:02,,,,867488067677285,3453,HBD,,,,,,,,,,,,,,,,,,,,,,,,,,,,,,,,,,,,,,,,,,,,,,,,,,,,,,,,,,,,,,,,,,,,,,,,,,,,,
2025-10-11 20:20:03,,,,867488067677285,3454,HBD,,,,,,,,,,,,,,,,,,,,,,,,,,,,,,,,,,,,,,,,,,,,,,,,,,,,,,,,,,,,,,,,,,,,,,,,,,,,,
2025-10-11 20:22:03,,,,867488067677285,3455,HBD,,,,,,,,,,,,,,,,,,,,,,,,,,,,,,,,,,,,,,,,,,,,,,,,,,,,,,,,,,,,,,,,,,,,,,,,,,,,,
2025-10-11 20:24:04,,,,867488067677285,3456,HBD,,,,,,,,,,,,,,,,,,,,,,,,,,,,,,,,,,,,,,,,,,,,,,,,,,,,,,,,,,,,,,,,,,,,,,,,,,,,,
2025-10-11 20:26:04,,,,867488067677285,3457,HBD,,,,,,,,,,,,,,,,,,,,,,,,,,,,,,,,,,,,,,,,,,,,,,,,,,,,,,,,,,,,,,,,,,,,,,,,,,,,,
2025-10-11 20:28:05,,,,867488067677285,3458,HBD,,,,,,,,,,,,,,,,,,,,,,,,,,,,,,,,,,,,,,,,,,,,,,,,,,,,,,,,,,,,,,,,,,,,,,,,,,,,,
2025-10-11 20:30:05,,,,867488067677285,3459,HBD,,,,,,,,,,,,,,,,,,,,,,,,,,,,,,,,,,,,,,,,,,,,,,,,,,,,,,,,,,,,,,,,,,,,,,,,,,,,,
2025-10-11 20:32:06,,,,867488067677285,3460,HBD,,,,,,,,,,,,,,,,,,,,,,,,,,,,,,,,,,,,,,,,,,,,,,,,,,,,,,,,,,,,,,,,,,,,,,,,,,,,,
2025-10-11 20:34:06,,,,867488067677285,3461,HBD,,,,,,,,,,,,,,,,,,,,,,,,,,,,,,,,,,,,,,,,,,,,,,,,,,,,,,,,,,,,,,,,,,,,,,,,,,,,,
2025-10-11 20:34:23,2025-10-11 20:34:22,2025-10-11 20:31:56,2025-10-11 20:31:56,867488067677285,3462,GTERI,0x19fe3fbf,0x00028102,802003,0x8303,0x0115,100,13020,0000,-,00,00,11,12,12,-,01,01,0.0,0.0,49,49,500,500,-23.050211,-23.050211,-50.228974,-50.228974,0724,0005,bff7,068fb205,1.9,205.6,205.6,0:12:30,7:05:48,-,-,0,-,,,,,04,3,00000000,00,10,,,,,,,,,,,,,,,,,,,,,,,,,,,,
2025-10-11 20:36:06,,,,867488067677285,3463,HBD,,,,,,,,,,,,,,,,,,,,,,,,,,,,,,,,,,,,,,,,,,,,,,,,,,,,,,,,,,,,,,,,,,,,,,,,,,,,,
2025-10-11 20:38:07,,,,867488067677285,3464,HBD,,,,,,,,,,,,,,,,,,,,,,,,,,,,,,,,,,,,,,,,,,,,,,,,,,,,,,,,,,,,,,,,,,,,,,,,,,,,,
2025-10-11 20:40:07,,,,867488067677285,3465,HBD,,,,,,,,,,,,,,,,,,,,,,,,,,,,,,,,,,,,,,,,,,,,,,,,,,,,,,,,,,,,,,,,,,,,,,,,,,,,,
2025-10-11 20:42:08,,,,867488067677285,3466,HBD,,,,,,,,,,,,,,,,,,,,,,,,,,,,,,,,,,,,,,,,,,,,,,,,,,,,,,,,,,,,,,,,,,,,,,,,,,,,,
2025-10-11 20:44:08,,,,867488067677285,3467,HBD,,,,,,,,,,,,,,,,,,,,,,,,,,,,,,,,,,,,,,,,,,,,,,,,,,,,,,,,,,,,,,,,,,,,,,,,,,,,,
2025-10-11 20:46:09,,,,867488067677285,3468,HBD,,,,,,,,,,,,,,,,,,,,,,,,,,,,,,,,,,,,,,,,,,,,,,,,,,,,,,,,,,,,,,,,,,,,,,,,,,,,,
2025-10-11 20:48:09,,,,867488067677285,3469,HBD,,,,,,,,,,,,,,,,,,,,,,,,,,,,,,,,,,,,,,,,,,,,,,,,,,,,,,,,,,,,,,,,,,,,,,,,,,,,,
2025-10-11 20:50:10,,,,867488067677285,3470,HBD,,,,,,,,,,,,,,,,,,,,,,,,,,,,,,,,,,,,,,,,,,,,,,,,,,,,,,,,,,,,,,,,,,,,,,,,,,,,,
2025-10-11 20:52:12,,,,867488067677285,3471,HBD,,,,,,,,,,,,,,,,,,,,,,,,,,,,,,,,,,,,,,,,,,,,,,,,,,,,,,,,,,,,,,,,,,,,,,,,,,,,,
2025-10-11 20:54:11,,,,867488067677285,3472,HBD,,,,,,,,,,,,,,,,,,,,,,,,,,,,,,,,,,,,,,,,,,,,,,,,,,,,,,,,,,,,,,,,,,,,,,,,,,,,,
2025-10-11 20:56:11,,,,867488067677285,3473,HBD,,,,,,,,,,,,,,,,,,,,,,,,,,,,,,,,,,,,,,,,,,,,,,,,,,,,,,,,,,,,,,,,,,,,,,,,,,,,,
2025-10-11 20:58:13,,,,867488067677285,3474,HBD,,,,,,,,,,,,,,,,,,,,,,,,,,,,,,,,,,,,,,,,,,,,,,,,,,,,,,,,,,,,,,,,,,,,,,,,,,,,,
2025-10-11 21:00:13,,,,867488067677285,3475,HBD,,,,,,,,,,,,,,,,,,,,,,,,,,,,,,,,,,,,,,,,,,,,,,,,,,,,,,,,,,,,,,,,,,,,,,,,,,,,,
2025-10-11 21:02:13,,,,867488067677285,3476,HBD,,,,,,,,,,,,,,,,,,,,,,,,,,,,,,,,,,,,,,,,,,,,,,,,,,,,,,,,,,,,,,,,,,,,,,,,,,,,,
2025-10-11 21:04:13,,,,867488067677285,3477,HBD,,,,,,,,,,,,,,,,,,,,,,,,,,,,,,,,,,,,,,,,,,,,,,,,,,,,,,,,,,,,,,,,,,,,,,,,,,,,,
2025-10-11 21:06:14,,,,867488067677285,3478,HBD,,,,,,,,,,,,,,,,,,,,,,,,,,,,,,,,,,,,,,,,,,,,,,,,,,,,,,,,,,,,,,,,,,,,,,,,,,,,,
2025-10-11 21:08:14,,,,867488067677285,3479,HBD,,,,,,,,,,,,,,,,,,,,,,,,,,,,,,,,,,,,,,,,,,,,,,,,,,,,,,,,,,,,,,,,,,,,,,,,,,,,,
2025-10-11 21:10:15,,,,867488067677285,3480,HBD,,,,,,,,,,,,,,,,,,,,,,,,,,,,,,,,,,,,,,,,,,,,,,,,,,,,,,,,,,,,,,,,,,,,,,,,,,,,,
2025-10-11 21:12:15,,,,867488067677285,3481,HBD,,,,,,,,,,,,,,,,,,,,,,,,,,,,,,,,,,,,,,,,,,,,,,,,,,,,,,,,,,,,,,,,,,,,,,,,,,,,,
2025-10-11 21:14:15,,,,867488067677285,3482,HBD,,,,,,,,,,,,,,,,,,,,,,,,,,,,,,,,,,,,,,,,,,,,,,,,,,,,,,,,,,,,,,,,,,,,,,,,,,,,,
2025-10-11 21:16:16,,,,867488067677285,3483,HBD,,,,,,,,,,,,,,,,,,,,,,,,,,,,,,,,,,,,,,,,,,,,,,,,,,,,,,,,,,,,,,,,,,,,,,,,,,,,,
2025-10-11 21:18:16,,,,867488067677285,3484,HBD,,,,,,,,,,,,,,,,,,,,,,,,,,,,,,,,,,,,,,,,,,,,,,,,,,,,,,,,,,,,,,,,,,,,,,,,,,,,,
2025-10-11 21:20:17,,,,867488067677285,3485,HBD,,,,,,,,,,,,,,,,,,,,,,,,,,,,,,,,,,,,,,,,,,,,,,,,,,,,,,,,,,,,,,,,,,,,,,,,,,,,,
2025-10-11 21:22:17,,,,867488067677285,3486,HBD,,,,,,,,,,,,,,,,,,,,,,,,,,,,,,,,,,,,,,,,,,,,,,,,,,,,,,,,,,,,,,,,,,,,,,,,,,,,,
2025-10-11 21:24:18,,,,867488067677285,3487,HBD,,,,,,,,,,,,,,,,,,,,,,,,,,,,,,,,,,,,,,,,,,,,,,,,,,,,,,,,,,,,,,,,,,,,,,,,,,,,,
2025-10-11 21:26:18,,,,867488067677285,3488,HBD,,,,,,,,,,,,,,,,,,,,,,,,,,,,,,,,,,,,,,,,,,,,,,,,,,,,,,,,,,,,,,,,,,,,,,,,,,,,,
2025-10-11 21:28:19,,,,867488067677285,3489,HBD,,,,,,,,,,,,,,,,,,,,,,,,,,,,,,,,,,,,,,,,,,,,,,,,,,,,,,,,,,,,,,,,,,,,,,,,,,,,,
2025-10-11 21:30:19,,,,867488067677285,3490,HBD,,,,,,,,,,,,,,,,,,,,,,,,,,,,,,,,,,,,,,,,,,,,,,,,,,,,,,,,,,,,,,,,,,,,,,,,,,,,,
2025-10-11 21:32:20,,,,867488067677285,3491,HBD,,,,,,,,,,,,,,,,,,,,,,,,,,,,,,,,,,,,,,,,,,,,,,,,,,,,,,,,,,,,,,,,,,,,,,,,,,,,,
2025-10-11 21:34:20,,,,867488067677285,3492,HBD,,,,,,,,,,,,,,,,,,,,,,,,,,,,,,,,,,,,,,,,,,,,,,,,,,,,,,,,,,,,,,,,,,,,,,,,,,,,,
2025-10-11 21:34:23,2025-10-11 21:34:22,2025-10-11 21:31:56,2025-10-11 21:31:56,867488067677285,3493,GTERI,0x19fe3fbf,0x00028102,802003,0x8303,0x0115,100,13000,0000,-,00,00,11,12,12,-,01,01,0.0,0.0,49,49,500,500,-23.050211,-23.050211,-50.228974,-50.228974,0724,0005,bff7,068fb200,1.9,205.6,205.6,0:12:30,7:05:48,-,-,0,-,,,,,04,7,00000000,00,10,,,,,,,,,,,,,,,,,,,,,,,,,,,,
2025-10-11 21:36:21,,,,867488067677285,3494,HBD,,,,,,,,,,,,,,,,,,,,,,,,,,,,,,,,,,,,,,,,,,,,,,,,,,,,,,,,,,,,,,,,,,,,,,,,,,,,,
2025-10-11 21:38:21,,,,867488067677285,3495,HBD,,,,,,,,,,,,,,,,,,,,,,,,,,,,,,,,,,,,,,,,,,,,,,,,,,,,,,,,,,,,,,,,,,,,,,,,,,,,,
2025-10-11 21:40:22,,,,867488067677285,3496,HBD,,,,,,,,,,,,,,,,,,,,,,,,,,,,,,,,,,,,,,,,,,,,,,,,,,,,,,,,,,,,,,,,,,,,,,,,,,,,,
2025-10-11 21:42:22,,,,867488067677285,3497,HBD,,,,,,,,,,,,,,,,,,,,,,,,,,,,,,,,,,,,,,,,,,,,,,,,,,,,,,,,,,,,,,,,,,,,,,,,,,,,,
2025-10-11 21:44:23,,,,867488067677285,3498,HBD,,,,,,,,,,,,,,,,,,,,,,,,,,,,,,,,,,,,,,,,,,,,,,,,,,,,,,,,,,,,,,,,,,,,,,,,,,,,,
2025-10-11 21:46:23,,,,867488067677285,3499,HBD,,,,,,,,,,,,,,,,,,,,,,,,,,,,,,,,,,,,,,,,,,,,,,,,,,,,,,,,,,,,,,,,,,,,,,,,,,,,,
2025-10-11 21:48:24,,,,867488067677285,3500,HBD,,,,,,,,,,,,,,,,,,,,,,,,,,,,,,,,,,,,,,,,,,,,,,,,,,,,,,,,,,,,,,,,,,,,,,,,,,,,,
2025-10-11 21:50:24,,,,867488067677285,3501,HBD,,,,,,,,,,,,,,,,,,,,,,,,,,,,,,,,,,,,,,,,,,,,,,,,,,,,,,,,,,,,,,,,,,,,,,,,,,,,,
2025-10-11 21:52:02,,,,867488067677285,3502,HBD,,,,,,,,,,,,,,,,,,,,,,,,,,,,,,,,,,,,,,,,,,,,,,,,,,,,,,,,,,,,,,,,,,,,,,,,,,,,,
2025-10-11 21:52:02,2025-10-11 21:52:02,2025-10-11 21:31:56,2025-10-11 21:31:56,867488067677285,3504,GTIGN,0x19fe7fbf,,802003,0x8303,0x0115,100,12735,0000,0000,01,00,22,12,12,8555,00,01,0.0,0.0,49,49,500,500,-23.050211,-23.050211,-50.228974,-50.228974,0724,0005,bff7,068fb200,0.0,205.6,205.6,0:00:00,7:05:48,-,-,0,-,,,,,,,,,,,,,,,,,,,,,,,,,,,,,,,,,,,,,
2025-10-11 21:52:03,2025-10-11 21:52:02,2025-10-11 21:31:56,2025-10-11 21:31:56,867488067677285,3505,GTSTT,0x19fe7fbf,,802003,0x8303,0x0115,100,12735,0000,0000,01,00,22,12,12,-,00,00,0.0,0.0,49,49,500,500,-23.050211,-23.050211,-50.228974,-50.228974,0724,0005,bff7,068fb200,0.0,205.6,205.6,0:00:00,7:05:48,-,-,0,-,,,,,,,,,,,,,,,,,,,,,,,,,,,,,,,,,,,,,
2025-10-11 21:52:18,2025-10-11 21:52:18,2025-10-11 21:52:18,2025-10-11 21:52:18,867488067677285,3506,GTERI,0x19fe3fbf,0x00028102,802003,0x8303,0x0115,100,13996,0000,-,01,00,22,10,10,-,01,01,0.0,0.0,49,49,511,511,-23.050293,-23.050293,-50.228894,-50.228894,0724,0005,bff7,068fb200,0.0,205.6,205.6,0:00:15,7:06:03,-,-,0,-,,,,,04,7,00000000,00,10,,,,,,,,,,,,,,,,,,,,,,,,,,,,
2025-10-11 21:52:18,2025-10-11 21:52:18,2025-10-11 21:52:18,2025-10-11 21:52:18,867488067677285,3507,GTIGL,0x19fe7fbf,,802003,0x8303,0x0115,100,13996,0000,0000,01,00,22,10,10,-,01,01,0.0,0.0,49,49,511,511,-23.050293,-23.050293,-50.228894,-50.228894,0724,0005,bff7,068fb200,0.0,205.6,205.6,0:00:15,7:06:03,-,-,0,-,,,,,,,,,00,,,,,,,,,,,,,,,,,,,,,,,,,,,,
2025-10-11 21:54:25,,,,867488067677285,3508,HBD,,,,,,,,,,,,,,,,,,,,,,,,,,,,,,,,,,,,,,,,,,,,,,,,,,,,,,,,,,,,,,,,,,,,,,,,,,,,,
2025-10-11 21:55:09,2025-10-11 21:55:08,2025-10-11 21:55:07,2025-10-11 21:54:03,867488067677285,3510,GTERI,0x19fe3fbf,0x00028102,802003,0x8303,0x0115,100,14030,0000,-,01,00,22,12,12,-,01,01,27.1,32.3,46,316,494,495,-23.044837,-23.047208,-50.230101,-50.230999,0724,0005,bff7,068fb200,0.9,206.5,206.1,0:03:07,7:08:55,-,-,0,-,,,,,04,7,00000000,00,10,,,,,,,,,,,,,,,,,,,,,,,,,,,,
2025-10-11 21:56:03,,,,867488067677285,3511,HBD,,,,,,,,,,,,,,,,,,,,,,,,,,,,,,,,,,,,,,,,,,,,,,,,,,,,,,,,,,,,,,,,,,,,,,,,,,,,,
2025-10-11 21:56:03,,,,867488067677285,3513,ACK,,,,,,,,,,,,,,,,,,,,,,,,,,,,,,,,,,,,,,,,,,,,,,,,,,,,,,,,,,,,,,,,,,,,,,,,,,,,,
2025-10-11 21:56:04,,,,867488067677285,3514,ACK,,,,,,,,,,,,,,,,,,,,,,,,,,,,,,,,,,,,,,,,,,,,,,,,,,,,,,,,,,,,,,,,,,,,,,,,,,,,,
2025-10-11 21:56:04,,,,867488067677285,3515,ACK,,,,,,,,,,,,,,,,,,,,,,,,,,,,,,,,,,,,,,,,,,,,,,,,,,,,,,,,,,,,,,,,,,,,,,,,,,,,,
2025-10-11 21:57:31,2025-10-11 21:57:31,2025-10-11 21:57:30,2025-10-11 21:57:30,867488067677285,3516,GTIGF,0x19fe7fbf,,802003,0x8303,0x0115,100,13974,0000,0000,00,00,12,12,12,328,01,01,0.0,0.0,46,46,504,504,-23.044381,-23.044381,-50.227991,-50.227991,0724,0005,bff7,068fb200,1.1,206.8,206.8,0:05:28,7:11:16,-,-,0,-,,,,,,,,,,,,,,,,,,,,,,,,,,,,,,,,,,,,,
2025-10-11 21:57:31,2025-10-11 21:57:31,2025-10-11 21:57:30,2025-10-11 21:57:30,867488067677285,3517,GTSTT,0x19fe7fbf,,802003,0x8303,0x0115,100,13974,0000,0000,00,00,12,12,12,-,01,01,0.0,0.0,46,46,504,504,-23.044381,-23.044381,-50.227991,-50.227991,0724,0005,bff7,068fb200,1.1,206.8,206.8,0:05:28,7:11:16,-,-,0,-,,,,,,,,,,,,,,,,,,,,,,,,,,,,,,,,,,,,,
2025-10-11 21:57:32,2025-10-11 21:57:31,2025-10-11 21:57:31,2025-10-11 21:57:31,867488067677285,3518,GTIGL,0x19fe7fbf,,802003,0x8303,0x0115,100,13974,0000,0000,00,00,12,12,12,-,01,01,0.0,0.0,46,46,504,504,-23.044381,-23.044381,-50.227991,-50.227991,0724,0005,bff7,068fb200,1.1,206.8,206.8,0:05:28,7:11:16,-,-,0,-,,,,,,,,,01,,,,,,,,,,,,,,,,,,,,,,,,,,,,
2025-10-11 21:57:33,,,,867488067677285,3519,ACK,,,,,,,,,,,,,,,,,,,,,,,,,,,,,,,,,,,,,,,,,,,,,,,,,,,,,,,,,,,,,,,,,,,,,,,,,,,,,
2025-10-11 21:57:33,,,,867488067677285,3520,ACK,,,,,,,,,,,,,,,,,,,,,,,,,,,,,,,,,,,,,,,,,,,,,,,,,,,,,,,,,,,,,,,,,,,,,,,,,,,,,
2025-10-11 21:57:34,,,,867488067677285,3521,HBD,,,,,,,,,,,,,,,,,,,,,,,,,,,,,,,,,,,,,,,,,,,,,,,,,,,,,,,,,,,,,,,,,,,,,,,,,,,,,
2025-10-11 21:58:05,2025-10-11 21:58:04,2025-10-11 21:58:04,2025-10-11 21:58:04,867488067677285,3523,GTSTT,0x19fe7fbf,,802003,0x8303,0x0115,100,12771,0000,0000,00,00,11,12,12,-,01,01,0.0,0.0,46,46,504,504,-23.044381,-23.044381,-50.227991,-50.227991,0724,0005,bff7,068fb200,1.1,206.8,206.8,0:05:28,7:11:16,-,-,0,-,,,,,,,,,,,,,,,,,,,,,,,,,,,,,,,,,,,,,
2025-10-11 21:58:09,2025-10-11 21:58:08,2025-10-11 21:58:07,2025-10-11 21:58:07,867488067677285,3524,GTERI,0x19fe3fbf,0x00028102,802003,0x8303,0x0115,100,12771,0000,-,00,00,11,12,12,-,01,01,0.0,0.0,46,46,504,504,-23.044381,-23.044381,-50.227991,-50.227991,0724,0005,bff7,068fb200,1.1,206.8,206.8,0:05:28,7:11:16,-,-,0,-,,,,,04,7,00000000,00,10,,,,,,,,,,,,,,,,,,,,,,,,,,,,
2025-10-11 22:00:26,,,,867488067677285,3525,HBD,,,,,,,,,,,,,,,,,,,,,,,,,,,,,,,,,,,,,,,,,,,,,,,,,,,,,,,,,,,,,,,,,,,,,,,,,,,,,
2025-10-11 22:01:09,2025-10-11 22:01:08,2025-10-11 22:01:07,2025-10-11 22:01:07,867488067677285,3527,GTERI,0x19fe3fbf,0x00028102,802003,0x8303,0x0115,100,12890,0000,-,00,00,11,12,12,-,01,01,0.0,0.0,46,46,504,504,-23.044381,-23.044381,-50.227991,-50.227991,0724,0005,bff7,068fb200,1.1,206.8,206.8,0:05:28,7:11:16,-,-,0,-,,,,,04,7,00000000,00,10,,,,,,,,,,,,,,,,,,,,,,,,,,,,
2025-10-11 22:02:27,,,,867488067677285,3528,HBD,,,,,,,,,,,,,,,,,,,,,,,,,,,,,,,,,,,,,,,,,,,,,,,,,,,,,,,,,,,,,,,,,,,,,,,,,,,,,
2025-10-11 22:02:31,2025-10-11 22:02:31,2025-10-11 22:02:31,2025-10-11 22:02:31,867488067677285,3530,GTERI,0x19fe3fbf,0x00028102,802003,0x8303,0x0115,100,12893,0000,-,00,00,11,12,12,-,01,01,0.0,0.0,46,46,504,504,-23.044381,-23.044381,-50.227991,-50.227991,0724,0005,bff7,068fb200,1.1,206.8,206.8,0:05:28,7:11:16,-,-,0,-,,,,,04,7,00000000,00,10,,,,,,,,,,,,,,,,,,,,,,,,,,,,
2025-10-11 22:04:27,,,,867488067677285,3531,HBD,,,,,,,,,,,,,,,,,,,,,,,,,,,,,,,,,,,,,,,,,,,,,,,,,,,,,,,,,,,,,,,,,,,,,,,,,,,,,
2025-10-11 22:06:28,,,,867488067677285,3532,HBD,,,,,,,,,,,,,,,,,,,,,,,,,,,,,,,,,,,,,,,,,,,,,,,,,,,,,,,,,,,,,,,,,,,,,,,,,,,,,
2025-10-11 22:08:28,,,,867488067677285,3533,HBD,,,,,,,,,,,,,,,,,,,,,,,,,,,,,,,,,,,,,,,,,,,,,,,,,,,,,,,,,,,,,,,,,,,,,,,,,,,,,
2025-10-11 22:10:29,,,,867488067677285,3534,HBD,,,,,,,,,,,,,,,,,,,,,,,,,,,,,,,,,,,,,,,,,,,,,,,,,,,,,,,,,,,,,,,,,,,,,,,,,,,,,
2025-10-11 22:12:29,,,,867488067677285,3535,HBD,,,,,,,,,,,,,,,,,,,,,,,,,,,,,,,,,,,,,,,,,,,,,,,,,,,,,,,,,,,,,,,,,,,,,,,,,,,,,
2025-10-11 22:14:30,,,,867488067677285,3536,HBD,,,,,,,,,,,,,,,,,,,,,,,,,,,,,,,,,,,,,,,,,,,,,,,,,,,,,,,,,,,,,,,,,,,,,,,,,,,,,
2025-10-11 22:16:30,,,,867488067677285,3537,HBD,,,,,,,,,,,,,,,,,,,,,,,,,,,,,,,,,,,,,,,,,,,,,,,,,,,,,,,,,,,,,,,,,,,,,,,,,,,,,
2025-10-11 22:18:31,,,,867488067677285,3538,HBD,,,,,,,,,,,,,,,,,,,,,,,,,,,,,,,,,,,,,,,,,,,,,,,,,,,,,,,,,,,,,,,,,,,,,,,,,,,,,
2025-10-11 22:20:31,,,,867488067677285,3539,HBD,,,,,,,,,,,,,,,,,,,,,,,,,,,,,,,,,,,,,,,,,,,,,,,,,,,,,,,,,,,,,,,,,,,,,,,,,,,,,
2025-10-11 22:22:31,,,,867488067677285,3540,HBD,,,,,,,,,,,,,,,,,,,,,,,,,,,,,,,,,,,,,,,,,,,,,,,,,,,,,,,,,,,,,,,,,,,,,,,,,,,,,
2025-10-11 22:24:32,,,,867488067677285,3541,HBD,,,,,,,,,,,,,,,,,,,,,,,,,,,,,,,,,,,,,,,,,,,,,,,,,,,,,,,,,,,,,,,,,,,,,,,,,,,,,
2025-10-11 22:26:32,,,,867488067677285,3542,HBD,,,,,,,,,,,,,,,,,,,,,,,,,,,,,,,,,,,,,,,,,,,,,,,,,,,,,,,,,,,,,,,,,,,,,,,,,,,,,
2025-10-11 22:28:33,,,,867488067677285,3543,HBD,,,,,,,,,,,,,,,,,,,,,,,,,,,,,,,,,,,,,,,,,,,,,,,,,,,,,,,,,,,,,,,,,,,,,,,,,,,,,
2025-10-11 22:30:33,,,,867488067677285,3544,HBD,,,,,,,,,,,,,,,,,,,,,,,,,,,,,,,,,,,,,,,,,,,,,,,,,,,,,,,,,,,,,,,,,,,,,,,,,,,,,
2025-10-11 22:31:34,,,,867488067677285,3545,HBD,,,,,,,,,,,,,,,,,,,,,,,,,,,,,,,,,,,,,,,,,,,,,,,,,,,,,,,,,,,,,,,,,,,,,,,,,,,,,
2025-10-11 22:33:34,,,,867488067677285,3546,HBD,,,,,,,,,,,,,,,,,,,,,,,,,,,,,,,,,,,,,,,,,,,,,,,,,,,,,,,,,,,,,,,,,,,,,,,,,,,,,
2025-10-11 22:35:35,,,,867488067677285,3547,HBD,,,,,,,,,,,,,,,,,,,,,,,,,,,,,,,,,,,,,,,,,,,,,,,,,,,,,,,,,,,,,,,,,,,,,,,,,,,,,
2025-10-11 22:37:35,,,,867488067677285,3548,HBD,,,,,,,,,,,,,,,,,,,,,,,,,,,,,,,,,,,,,,,,,,,,,,,,,,,,,,,,,,,,,,,,,,,,,,,,,,,,,
2025-10-11 22:39:24,2025-10-11 22:39:23,2025-10-11 22:02:31,2025-10-11 21:55:10,867488067677285,3550,GTIGN,0x19fe7fbf,,802003,0x8303,0x0115,100,12690,0000,0000,01,00,21,12,12,2513,00,01,0.0,26.4,46,47,504,495,-23.044381,-23.044702,-50.227991,-50.229949,0724,0005,bff7,068fb200,0.0,206.8,206.5,0:00:00,7:11:16,-,-,0,-,,,,,,,,,,,,,,,,,,,,,,,,,,,,,,,,,,,,,
2025-10-11 22:39:24,2025-10-11 22:39:23,2025-10-11 22:02:31,2025-10-11 22:02:31,867488067677285,3551,GTSTT,0x19fe7fbf,,802003,0x8303,0x0115,100,12690,0000,0000,01,00,21,12,12,-,00,00,0.0,0.0,46,46,504,504,-23.044381,-23.044381,-50.227991,-50.227991,0724,0005,bff7,068fb200,0.0,206.8,206.8,0:00:00,7:11:16,-,-,0,-,,,,,,,,,,,,,,,,,,,,,,,,,,,,,,,,,,,,,
2025-10-11 22:39:25,2025-10-11 22:39:25,2025-10-11 22:02:31,2025-10-11 22:02:31,867488067677285,3552,GTSTT,0x19fe7fbf,,802003,0x8303,0x0115,100,12538,0000,0000,01,00,22,12,12,-,00,00,0.0,0.0,46,46,504,504,-23.044381,-23.044381,-50.227991,-50.227991,0724,0005,bff7,068fb200,0.0,206.8,206.8,0:00:00,7:11:16,-,-,0,-,,,,,,,,,,,,,,,,,,,,,,,,,,,,,,,,,,,,,
2025-10-11 22:39:36,,,,867488067677285,3553,HBD,,,,,,,,,,,,,,,,,,,,,,,,,,,,,,,,,,,,,,,,,,,,,,,,,,,,,,,,,,,,,,,,,,,,,,,,,,,,,
2025-10-11 22:39:36,2025-10-11 22:39:36,2025-10-11 22:39:36,2025-10-11 22:39:36,867488067677285,3554,GTERI,0x19fe3fbf,0x00028102,802003,0x8303,0x0115,100,13949,0000,-,01,00,22,12,12,-,01,01,0.0,0.0,46,46,496,496,-23.044342,-23.044342,-50.228019,-50.228019,0724,0005,bff7,068fb200,0.0,206.8,206.8,0:00:12,7:11:28,-,-,0,-,,,,,04,7,00000000,00,10,,,,,,,,,,,,,,,,,,,,,,,,,,,,
2025-10-11 22:39:36,2025-10-11 22:39:36,2025-10-11 22:39:36,2025-10-11 22:39:36,867488067677285,3555,GTIGL,0x19fe7fbf,,802003,0x8303,0x0115,100,13949,0000,0000,01,00,22,12,12,-,01,01,0.0,0.0,46,46,496,496,-23.044342,-23.044342,-50.228019,-50.228019,0724,0005,bff7,068fb200,0.0,206.8,206.8,0:00:12,7:11:28,-,-,0,-,,,,,,,,,00,,,,,,,,,,,,,,,,,,,,,,,,,,,,
2025-10-11 22:41:36,,,,867488067677285,3557,HBD,,,,,,,,,,,,,,,,,,,,,,,,,,,,,,,,,,,,,,,,,,,,,,,,,,,,,,,,,,,,,,,,,,,,,,,,,,,,,
2025-10-11 22:42:33,2025-10-11 22:42:32,2025-10-11 22:42:31,2025-10-11 22:40:50,867488067677285,3558,GTERI,0x19fe3fbf,0x00028102,802003,0x8303,0x0115,100,14011,0000,-,01,00,22,12,12,-,01,01,19.3,32.4,225,226,479,491,-23.048802,-23.045925,-50.231601,-50.229383,0724,0005,bff7,068fb200,0.7,207.5,207.0,0:03:06,7:14:22,-,-,0,-,,,,,04,7,00000000,00,10,,,,,,,,,,,,,,,,,,,,,,,,,,,,
2025-10-11 22:43:26,,,,867488067677285,3560,ACK,,,,,,,,,,,,,,,,,,,,,,,,,,,,,,,,,,,,,,,,,,,,,,,,,,,,,,,,,,,,,,,,,,,,,,,,,,,,,
2025-10-11 22:43:27,,,,867488067677285,3561,ACK,,,,,,,,,,,,,,,,,,,,,,,,,,,,,,,,,,,,,,,,,,,,,,,,,,,,,,,,,,,,,,,,,,,,,,,,,,,,,
2025-10-11 22:43:27,,,,867488067677285,3562,ACK,,,,,,,,,,,,,,,,,,,,,,,,,,,,,,,,,,,,,,,,,,,,,,,,,,,,,,,,,,,,,,,,,,,,,,,,,,,,,
2025-10-11 22:43:41,,,,867488067677285,3563,HBD,,,,,,,,,,,,,,,,,,,,,,,,,,,,,,,,,,,,,,,,,,,,,,,,,,,,,,,,,,,,,,,,,,,,,,,,,,,,,
2025-10-11 22:45:33,2025-10-11 22:45:32,2025-10-11 22:45:31,2025-10-11 22:44:09,867488067677285,3565,GTERI,0x19fe3fbf,0x00028102,802003,0x8303,0x0115,100,14043,0000,-,01,00,22,12,12,-,01,01,13.4,37.5,204,112,471,483,-23.053809,-23.051361,-50.226303,-50.229033,0724,0005,bff7,068fb201,1.8,208.5,208.0,0:06:06,7:17:22,-,-,0,-,,,,,04,7,00000000,00,10,,,,,,,,,,,,,,,,,,,,,,,,,,,,
2025-10-11 22:45:37,,,,867488067677285,3566,HBD,,,,,,,,,,,,,,,,,,,,,,,,,,,,,,,,,,,,,,,,,,,,,,,,,,,,,,,,,,,,,,,,,,,,,,,,,,,,,
2025-10-11 22:47:38,,,,867488067677285,3568,HBD,,,,,,,,,,,,,,,,,,,,,,,,,,,,,,,,,,,,,,,,,,,,,,,,,,,,,,,,,,,,,,,,,,,,,,,,,,,,,
2025-10-11 22:48:33,2025-10-11 22:48:32,2025-10-11 22:48:31,2025-10-11 22:47:13,867488067677285,3569,GTERI,0x19fe3fbf,0x00028102,802003,0x8303,0x0115,100,14047,0000,-,01,00,22,12,12,-,01,01,22.3,31.3,261,209,449,476,-23.0592,-23.057763,-50.230856,-50.228273,0724,0005,bff7,068fb201,2.6,209.4,209.0,0:09:06,7:20:22,-,-,0,-,,,,,04,7,00000000,00,10,,,,,,,,,,,,,,,,,,,,,,,,,,,,
2025-10-11 22:49:38,,,,867488067677285,3571,HBD,,,,,,,,,,,,,,,,,,,,,,,,,,,,,,,,,,,,,,,,,,,,,,,,,,,,,,,,,,,,,,,,,,,,,,,,,,,,,
2025-10-11 22:51:33,2025-10-11 22:51:32,2025-10-11 22:51:31,2025-10-11 22:49:15,867488067677285,3573,GTERI,0x19fe3fbf,0x00028102,802003,0x8303,0x0115,100,14050,0000,-,01,00,22,12,12,-,01,01,23.5,34.8,20,245,473,430,-23.053956,-23.059708,-50.233245,-50.233771,0724,0005,bff7,068fb206,3.8,210.6,209.7,0:12:06,7:23:22,-,-,0,-,,,,,04,3,00000000,00,10,,,,,,,,,,,,,,,,,,,,,,,,,,,,
2025-10-11 22:51:39,,,,867488067677285,3574,HBD,,,,,,,,,,,,,,,,,,,,,,,,,,,,,,,,,,,,,,,,,,,,,,,,,,,,,,,,,,,,,,,,,,,,,,,,,,,,,
2025-10-11 22:53:39,,,,867488067677285,3576,HBD,,,,,,,,,,,,,,,,,,,,,,,,,,,,,,,,,,,,,,,,,,,,,,,,,,,,,,,,,,,,,,,,,,,,,,,,,,,,,
2025-10-11 22:54:33,2025-10-11 22:54:32,2025-10-11 22:54:31,2025-10-11 22:54:03,867488067677285,3577,GTERI,0x19fe3fbf,0x00028102,802003,0x8303,0x0115,100,14054,0000,-,01,00,22,12,12,-,01,01,30.1,40.1,47,317,490,484,-23.046224,-23.047397,-50.230694,-50.230819,0724,0005,bff7,068fb204,4.8,211.5,211.4,0:15:06,7:26:22,-,-,0,-,,,,,04,3,00000000,00,10,,,,,,,,,,,,,,,,,,,,,,,,,,,,
2025-10-11 22:55:40,,,,867488067677285,3579,HBD,,,,,,,,,,,,,,,,,,,,,,,,,,,,,,,,,,,,,,,,,,,,,,,,,,,,,,,,,,,,,,,,,,,,,,,,,,,,,
2025-10-11 22:57:02,2025-10-11 22:57:02,2025-10-11 22:57:01,2025-10-11 22:57:01,867488067677285,3580,GTIGF,0x19fe7fbf,,802003,0x8303,0x0115,100,13989,0000,0000,00,00,12,12,12,1059,01,01,0.0,0.0,47,47,495,495,-23.044899,-23.044899,-50.22722,-50.22722,0724,0005,bff7,068fb200,5.3,212.0,212.0,0:17:36,7:28:52,-,-,0,-,,,,,,,,,,,,,,,,,,,,,,,,,,,,,,,,,,,,,
2025-10-11 22:57:03,2025-10-11 22:57:02,2025-10-11 22:57:01,2025-10-11 22:57:01,867488067677285,3581,GTSTT,0x19fe7fbf,,802003,0x8303,0x0115,100,13989,0000,0000,00,00,12,12,12,-,01,01,0.0,0.0,47,47,495,495,-23.044899,-23.044899,-50.22722,-50.22722,0724,0005,bff7,068fb200,5.3,212.0,212.0,0:17:36,7:28:52,-,-,0,-,,,,,,,,,,,,,,,,,,,,,,,,,,,,,,,,,,,,,
2025-10-11 22:57:03,2025-10-11 22:57:02,2025-10-11 22:57:03,2025-10-11 22:57:03,867488067677285,3582,GTIGL,0x19fe7fbf,,802003,0x8303,0x0115,100,13989,0000,0000,00,00,12,12,12,-,01,01,0.0,0.0,47,47,495,495,-23.044899,-23.044899,-50.22722,-50.22722,0724,0005,bff7,068fb200,5.3,212.0,212.0,0:17:36,7:28:52,-,-,0,-,,,,,,,,,01,,,,,,,,,,,,,,,,,,,,,,,,,,,,
2025-10-11 22:57:04,,,,867488067677285,3583,ACK,,,,,,,,,,,,,,,,,,,,,,,,,,,,,,,,,,,,,,,,,,,,,,,,,,,,,,,,,,,,,,,,,,,,,,,,,,,,,
2025-10-11 22:57:04,,,,867488067677285,3584,ACK,,,,,,,,,,,,,,,,,,,,,,,,,,,,,,,,,,,,,,,,,,,,,,,,,,,,,,,,,,,,,,,,,,,,,,,,,,,,,
2025-10-11 22:57:12,2025-10-11 22:57:12,2025-10-11 22:57:12,2025-10-11 22:54:33,867488067677285,3586,GTIGN,0x19fe7fbf,,802003,0x8303,0x0115,100,12702,0000,0000,01,00,22,12,12,9,01,01,0.0,27.3,47,46,495,491,-23.044899,-23.046131,-50.22722,-50.230581,0724,0005,bff7,068fb200,0.0,212.0,211.6,0:00:00,7:28:52,-,-,0,-,,,,,,,,,,,,,,,,,,,,,,,,,,,,,,,,,,,,,
2025-10-11 22:57:12,2025-10-11 22:57:12,2025-10-11 22:57:12,2025-10-11 22:57:12,867488067677285,3587,GTSTT,0x19fe7fbf,,802003,0x8303,0x0115,100,12702,0000,0000,01,00,22,12,12,-,01,01,0.0,0.0,47,47,495,495,-23.044899,-23.044899,-50.22722,-50.22722,0724,0005,bff7,068fb200,0.0,212.0,212.0,0:00:00,7:28:52,-,-,0,-,,,,,,,,,,,,,,,,,,,,,,,,,,,,,,,,,,,,,
2025-10-11 22:57:13,2025-10-11 22:57:12,2025-10-11 22:57:13,2025-10-11 22:57:13,867488067677285,3588,GTIGL,0x19fe7fbf,,802003,0x8303,0x0115,100,12702,0000,0000,01,00,22,12,12,-,01,01,0.0,0.0,47,47,495,495,-23.044899,-23.044899,-50.22722,-50.22722,0724,0005,bff7,068fb200,0.0,212.0,212.0,0:00:00,7:28:52,-,-,0,-,,,,,,,,,00,,,,,,,,,,,,,,,,,,,,,,,,,,,,
2025-10-11 22:57:33,2025-10-11 22:57:32,2025-10-11 22:57:31,2025-10-11 22:57:32,867488067677285,3589,GTERI,0x19fe3fbf,0x00028102,802003,0x8303,0x0115,100,13129,0000,-,01,00,22,12,12,-,01,01,0.0,0.0,47,47,495,495,-23.044899,-23.044899,-50.22722,-50.22722,0724,0005,bff7,068fb200,0.0,212.0,212.0,0:00:18,7:29:10,-,-,0,-,,,,,04,7,00000000,00,10,,,,,,,,,,,,,,,,,,,,,,,,,,,,
2025-10-11 22:57:39,,,,867488067677285,3590,HBD,,,,,,,,,,,,,,,,,,,,,,,,,,,,,,,,,,,,,,,,,,,,,,,,,,,,,,,,,,,,,,,,,,,,,,,,,,,,,
2025-10-11 22:57:39,2025-10-11 22:57:38,2025-10-11 22:57:38,2025-10-11 22:57:38,867488067677285,3591,GTIGF,0x19fe7fbf,,802003,0x8303,0x0115,100,12771,0000,0000,00,00,12,12,12,27,01,01,0.0,0.0,47,47,495,495,-23.044899,-23.044899,-50.22722,-50.22722,0724,0005,bff7,068fb200,0.0,212.0,212.0,0:00:24,7:29:16,-,-,0,-,,,,,,,,,,,,,,,,,,,,,,,,,,,,,,,,,,,,,
2025-10-11 22:57:40,2025-10-11 22:57:38,2025-10-11 22:57:38,2025-10-11 22:57:38,867488067677285,3592,GTSTT,0x19fe7fbf,,802003,0x8303,0x0115,100,12771,0000,0000,00,00,12,12,12,-,01,01,0.0,0.0,47,47,495,495,-23.044899,-23.044899,-50.22722,-50.22722,0724,0005,bff7,068fb200,0.0,212.0,212.0,0:00:24,7:29:16,-,-,0,-,,,,,,,,,,,,,,,,,,,,,,,,,,,,,,,,,,,,,
2025-10-11 22:57:40,,,,867488067677285,3593,ACK,,,,,,,,,,,,,,,,,,,,,,,,,,,,,,,,,,,,,,,,,,,,,,,,,,,,,,,,,,,,,,,,,,,,,,,,,,,,,
2025-10-11 22:57:41,,,,867488067677285,3594,ACK,,,,,,,,,,,,,,,,,,,,,,,,,,,,,,,,,,,,,,,,,,,,,,,,,,,,,,,,,,,,,,,,,,,,,,,,,,,,,
2025-10-11 22:57:41,2025-10-11 22:57:39,2025-10-11 22:57:40,2025-10-11 22:57:40,867488067677285,3595,GTIGL,0x19fe7fbf,,802003,0x8303,0x0115,100,12771,0000,0000,00,00,12,12,12,-,01,01,0.0,0.0,47,47,495,495,-23.044899,-23.044899,-50.22722,-50.22722,0724,0005,bff7,068fb200,0.0,212.0,212.0,0:00:24,7:29:16,-,-,0,-,,,,,,,,,01,,,,,,,,,,,,,,,,,,,,,,,,,,,,
2025-10-11 22:58:17,2025-10-11 22:58:16,2025-10-11 22:58:16,2025-10-11 22:58:16,867488067677285,3596,GTSTT,0x19fe7fbf,,802003,0x8303,0x0115,100,12797,0000,0000,00,00,11,12,12,-,01,01,0.0,0.0,47,47,495,495,-23.044899,-23.044899,-50.22722,-50.22722,0724,0005,bff7,068fb200,0.0,212.0,212.0,0:00:24,7:29:16,-,-,0,-,,,,,,,,,,,,,,,,,,,,,,,,,,,,,,,,,,,,,
2025-10-11 22:59:41,,,,867488067677285,3598,HBD,,,,,,,,,,,,,,,,,,,,,,,,,,,,,,,,,,,,,,,,,,,,,,,,,,,,,,,,,,,,,,,,,,,,,,,,,,,,,
2025-10-11 23:00:33,2025-10-11 23:00:32,2025-10-11 23:00:31,2025-10-11 23:00:31,867488067677285,3599,GTERI,0x19fe3fbf,0x00028102,802003,0x8303,0x0115,100,12929,0000,-,00,00,11,12,12,-,01,01,0.0,0.0,47,47,495,495,-23.044899,-23.044899,-50.22722,-50.22722,0724,0005,bff7,068fb200,0.0,212.0,212.0,0:00:24,7:29:16,-,-,0,-,,,,,04,7,00000000,00,10,,,,,,,,,,,,,,,,,,,,,,,,,,,,
2025-10-11 23:01:41,,,,867488067677285,3601,HBD,,,,,,,,,,,,,,,,,,,,,,,,,,,,,,,,,,,,,,,,,,,,,,,,,,,,,,,,,,,,,,,,,,,,,,,,,,,,,
2025-10-11 23:02:39,2025-10-11 23:02:38,2025-10-11 23:02:39,2025-10-11 23:02:39,867488067677285,3602,GTERI,0x19fe3fbf,0x00028102,802003,0x8303,0x0115,100,12938,0000,-,00,00,11,12,12,-,01,01,0.0,0.0,47,47,495,495,-23.044899,-23.044899,-50.22722,-50.22722,0724,0005,bff7,068fb200,0.0,212.0,212.0,0:00:24,7:29:16,-,-,0,-,,,,,04,7,00000000,00,10,,,,,,,,,,,,,,,,,,,,,,,,,,,,
2025-10-11 23:03:42,,,,867488067677285,3603,HBD,,,,,,,,,,,,,,,,,,,,,,,,,,,,,,,,,,,,,,,,,,,,,,,,,,,,,,,,,,,,,,,,,,,,,,,,,,,,,
2025-10-11 23:05:43,,,,867488067677285,3604,HBD,,,,,,,,,,,,,,,,,,,,,,,,,,,,,,,,,,,,,,,,,,,,,,,,,,,,,,,,,,,,,,,,,,,,,,,,,,,,,
2025-10-11 23:07:43,,,,867488067677285,3605,HBD,,,,,,,,,,,,,,,,,,,,,,,,,,,,,,,,,,,,,,,,,,,,,,,,,,,,,,,,,,,,,,,,,,,,,,,,,,,,,
2025-10-11 23:09:43,,,,867488067677285,3606,HBD,,,,,,,,,,,,,,,,,,,,,,,,,,,,,,,,,,,,,,,,,,,,,,,,,,,,,,,,,,,,,,,,,,,,,,,,,,,,,
2025-10-11 23:11:44,,,,867488067677285,3607,HBD,,,,,,,,,,,,,,,,,,,,,,,,,,,,,,,,,,,,,,,,,,,,,,,,,,,,,,,,,,,,,,,,,,,,,,,,,,,,,
2025-10-11 23:13:44,,,,867488067677285,3608,HBD,,,,,,,,,,,,,,,,,,,,,,,,,,,,,,,,,,,,,,,,,,,,,,,,,,,,,,,,,,,,,,,,,,,,,,,,,,,,,
2025-10-11 23:15:45,,,,867488067677285,3609,HBD,,,,,,,,,,,,,,,,,,,,,,,,,,,,,,,,,,,,,,,,,,,,,,,,,,,,,,,,,,,,,,,,,,,,,,,,,,,,,
2025-10-11 23:17:45,,,,867488067677285,3610,HBD,,,,,,,,,,,,,,,,,,,,,,,,,,,,,,,,,,,,,,,,,,,,,,,,,,,,,,,,,,,,,,,,,,,,,,,,,,,,,
2025-10-11 23:19:46,,,,867488067677285,3611,HBD,,,,,,,,,,,,,,,,,,,,,,,,,,,,,,,,,,,,,,,,,,,,,,,,,,,,,,,,,,,,,,,,,,,,,,,,,,,,,
2025-10-11 23:21:46,,,,867488067677285,3612,HBD,,,,,,,,,,,,,,,,,,,,,,,,,,,,,,,,,,,,,,,,,,,,,,,,,,,,,,,,,,,,,,,,,,,,,,,,,,,,,
2025-10-11 23:23:47,,,,867488067677285,3613,HBD,,,,,,,,,,,,,,,,,,,,,,,,,,,,,,,,,,,,,,,,,,,,,,,,,,,,,,,,,,,,,,,,,,,,,,,,,,,,,
2025-10-11 23:25:47,,,,867488067677285,3614,HBD,,,,,,,,,,,,,,,,,,,,,,,,,,,,,,,,,,,,,,,,,,,,,,,,,,,,,,,,,,,,,,,,,,,,,,,,,,,,,
2025-10-11 23:27:48,,,,867488067677285,3615,HBD,,,,,,,,,,,,,,,,,,,,,,,,,,,,,,,,,,,,,,,,,,,,,,,,,,,,,,,,,,,,,,,,,,,,,,,,,,,,,
2025-10-11 23:29:48,,,,867488067677285,3616,HBD,,,,,,,,,,,,,,,,,,,,,,,,,,,,,,,,,,,,,,,,,,,,,,,,,,,,,,,,,,,,,,,,,,,,,,,,,,,,,
2025-10-11 23:31:49,,,,867488067677285,3617,HBD,,,,,,,,,,,,,,,,,,,,,,,,,,,,,,,,,,,,,,,,,,,,,,,,,,,,,,,,,,,,,,,,,,,,,,,,,,,,,
2025-10-11 23:33:49,,,,867488067677285,3618,HBD,,,,,,,,,,,,,,,,,,,,,,,,,,,,,,,,,,,,,,,,,,,,,,,,,,,,,,,,,,,,,,,,,,,,,,,,,,,,,
2025-10-11 23:35:50,,,,867488067677285,3619,HBD,,,,,,,,,,,,,,,,,,,,,,,,,,,,,,,,,,,,,,,,,,,,,,,,,,,,,,,,,,,,,,,,,,,,,,,,,,,,,
2025-10-11 23:38:07,2025-10-11 23:37:24,2025-10-11 23:02:39,2025-10-11 23:02:39,867488067677285,3620,GTPDP,0x19fe7fbf,,802003,0x8303,0x0115,100,12949,0000,0000,00,00,11,12,12,-,00,00,0.0,0.0,47,47,495,495,-23.044899,-23.044899,-50.22722,-50.22722,0000,0000,0000,00000000,0.0,212.0,212.0,0:00:24,7:29:16,-,-,0,-,,,,,,,,,,,,,,,,,,,,,,,,,,,,,,,,,,,,,
2025-10-11 23:38:07,,,,867488067677285,3621,HBD,,,,,,,,,,,,,,,,,,,,,,,,,,,,,,,,,,,,,,,,,,,,,,,,,,,,,,,,,,,,,,,,,,,,,,,,,,,,,
2025-10-11 23:38:08,,,,867488067677285,3622,HBD,,,,,,,,,,,,,,,,,,,,,,,,,,,,,,,,,,,,,,,,,,,,,,,,,,,,,,,,,,,,,,,,,,,,,,,,,,,,,
2025-10-11 23:40:51,,,,867488067677285,3623,HBD,,,,,,,,,,,,,,,,,,,,,,,,,,,,,,,,,,,,,,,,,,,,,,,,,,,,,,,,,,,,,,,,,,,,,,,,,,,,,
2025-10-11 23:42:51,,,,867488067677285,3624,HBD,,,,,,,,,,,,,,,,,,,,,,,,,,,,,,,,,,,,,,,,,,,,,,,,,,,,,,,,,,,,,,,,,,,,,,,,,,,,,
2025-10-11 23:44:51,,,,867488067677285,3625,HBD,,,,,,,,,,,,,,,,,,,,,,,,,,,,,,,,,,,,,,,,,,,,,,,,,,,,,,,,,,,,,,,,,,,,,,,,,,,,,
2025-10-11 23:46:52,,,,867488067677285,3626,HBD,,,,,,,,,,,,,,,,,,,,,,,,,,,,,,,,,,,,,,,,,,,,,,,,,,,,,,,,,,,,,,,,,,,,,,,,,,,,,
2025-10-11 23:48:52,,,,867488067677285,3627,HBD,,,,,,,,,,,,,,,,,,,,,,,,,,,,,,,,,,,,,,,,,,,,,,,,,,,,,,,,,,,,,,,,,,,,,,,,,,,,,
2025-10-11 23:50:53,,,,867488067677285,3628,HBD,,,,,,,,,,,,,,,,,,,,,,,,,,,,,,,,,,,,,,,,,,,,,,,,,,,,,,,,,,,,,,,,,,,,,,,,,,,,,
2025-10-11 23:52:53,,,,867488067677285,3629,HBD,,,,,,,,,,,,,,,,,,,,,,,,,,,,,,,,,,,,,,,,,,,,,,,,,,,,,,,,,,,,,,,,,,,,,,,,,,,,,
2025-10-11 23:54:54,,,,867488067677285,3630,HBD,,,,,,,,,,,,,,,,,,,,,,,,,,,,,,,,,,,,,,,,,,,,,,,,,,,,,,,,,,,,,,,,,,,,,,,,,,,,,
2025-10-11 23:56:54,,,,867488067677285,3631,HBD,,,,,,,,,,,,,,,,,,,,,,,,,,,,,,,,,,,,,,,,,,,,,,,,,,,,,,,,,,,,,,,,,,,,,,,,,,,,,
2025-10-11 23:58:55,,,,867488067677285,3632,HBD,,,,,,,,,,,,,,,,,,,,,,,,,,,,,,,,,,,,,,,,,,,,,,,,,,,,,,,,,,,,,,,,,,,,,,,,,,,,,
2025-10-12 00:00:55,,,,867488067677285,3633,HBD,,,,,,,,,,,,,,,,,,,,,,,,,,,,,,,,,,,,,,,,,,,,,,,,,,,,,,,,,,,,,,,,,,,,,,,,,,,,,
2025-10-12 00:02:35,,,,867488067677285,3634,HBD,,,,,,,,,,,,,,,,,,,,,,,,,,,,,,,,,,,,,,,,,,,,,,,,,,,,,,,,,,,,,,,,,,,,,,,,,,,,,
2025-10-12 00:02:35,2025-10-12 00:02:34,2025-10-12 00:00:08,2025-10-12 00:00:08,867488067677285,3635,GTERI,0x19fe3fbf,0x00028102,802003,0x8303,0x0115,100,13021,0000,-,00,00,11,12,12,-,01,01,0.0,0.0,47,47,495,495,-23.044899,-23.044899,-50.22722,-50.22722,0724,0005,bff7,068fb200,0.0,212.0,212.0,0:00:24,7:29:16,-,-,0,-,,,,,04,7,00000000,00,10,,,,,,,,,,,,,,,,,,,,,,,,,,,,
2025-10-12 00:04:56,,,,867488067677285,3636,HBD,,,,,,,,,,,,,,,,,,,,,,,,,,,,,,,,,,,,,,,,,,,,,,,,,,,,,,,,,,,,,,,,,,,,,,,,,,,,,
2025-10-12 00:06:56,,,,867488067677285,3637,HBD,,,,,,,,,,,,,,,,,,,,,,,,,,,,,,,,,,,,,,,,,,,,,,,,,,,,,,,,,,,,,,,,,,,,,,,,,,,,,
2025-10-12 00:08:57,,,,867488067677285,3638,HBD,,,,,,,,,,,,,,,,,,,,,,,,,,,,,,,,,,,,,,,,,,,,,,,,,,,,,,,,,,,,,,,,,,,,,,,,,,,,,
2025-10-12 00:10:57,,,,867488067677285,3639,HBD,,,,,,,,,,,,,,,,,,,,,,,,,,,,,,,,,,,,,,,,,,,,,,,,,,,,,,,,,,,,,,,,,,,,,,,,,,,,,
2025-10-12 00:12:58,,,,867488067677285,3640,HBD,,,,,,,,,,,,,,,,,,,,,,,,,,,,,,,,,,,,,,,,,,,,,,,,,,,,,,,,,,,,,,,,,,,,,,,,,,,,,
2025-10-12 00:14:58,,,,867488067677285,3641,HBD,,,,,,,,,,,,,,,,,,,,,,,,,,,,,,,,,,,,,,,,,,,,,,,,,,,,,,,,,,,,,,,,,,,,,,,,,,,,,
2025-10-12 00:16:59,,,,867488067677285,3642,HBD,,,,,,,,,,,,,,,,,,,,,,,,,,,,,,,,,,,,,,,,,,,,,,,,,,,,,,,,,,,,,,,,,,,,,,,,,,,,,
2025-10-12 00:18:59,,,,867488067677285,3643,HBD,,,,,,,,,,,,,,,,,,,,,,,,,,,,,,,,,,,,,,,,,,,,,,,,,,,,,,,,,,,,,,,,,,,,,,,,,,,,,
2025-10-12 00:21:00,,,,867488067677285,3644,HBD,,,,,,,,,,,,,,,,,,,,,,,,,,,,,,,,,,,,,,,,,,,,,,,,,,,,,,,,,,,,,,,,,,,,,,,,,,,,,
2025-10-12 00:23:01,,,,867488067677285,3645,HBD,,,,,,,,,,,,,,,,,,,,,,,,,,,,,,,,,,,,,,,,,,,,,,,,,,,,,,,,,,,,,,,,,,,,,,,,,,,,,
2025-10-12 00:25:01,,,,867488067677285,3646,HBD,,,,,,,,,,,,,,,,,,,,,,,,,,,,,,,,,,,,,,,,,,,,,,,,,,,,,,,,,,,,,,,,,,,,,,,,,,,,,
2025-10-12 00:27:02,,,,867488067677285,3647,HBD,,,,,,,,,,,,,,,,,,,,,,,,,,,,,,,,,,,,,,,,,,,,,,,,,,,,,,,,,,,,,,,,,,,,,,,,,,,,,
2025-10-12 00:29:02,,,,867488067677285,3648,HBD,,,,,,,,,,,,,,,,,,,,,,,,,,,,,,,,,,,,,,,,,,,,,,,,,,,,,,,,,,,,,,,,,,,,,,,,,,,,,
2025-10-12 00:31:03,,,,867488067677285,3649,HBD,,,,,,,,,,,,,,,,,,,,,,,,,,,,,,,,,,,,,,,,,,,,,,,,,,,,,,,,,,,,,,,,,,,,,,,,,,,,,
2025-10-12 00:33:03,,,,867488067677285,3650,HBD,,,,,,,,,,,,,,,,,,,,,,,,,,,,,,,,,,,,,,,,,,,,,,,,,,,,,,,,,,,,,,,,,,,,,,,,,,,,,
2025-10-12 00:35:04,,,,867488067677285,3651,HBD,,,,,,,,,,,,,,,,,,,,,,,,,,,,,,,,,,,,,,,,,,,,,,,,,,,,,,,,,,,,,,,,,,,,,,,,,,,,,
2025-10-12 00:37:04,,,,867488067677285,3652,HBD,,,,,,,,,,,,,,,,,,,,,,,,,,,,,,,,,,,,,,,,,,,,,,,,,,,,,,,,,,,,,,,,,,,,,,,,,,,,,
2025-10-12 00:39:05,,,,867488067677285,3653,HBD,,,,,,,,,,,,,,,,,,,,,,,,,,,,,,,,,,,,,,,,,,,,,,,,,,,,,,,,,,,,,,,,,,,,,,,,,,,,,
2025-10-12 00:41:05,,,,867488067677285,3654,HBD,,,,,,,,,,,,,,,,,,,,,,,,,,,,,,,,,,,,,,,,,,,,,,,,,,,,,,,,,,,,,,,,,,,,,,,,,,,,,
2025-10-12 00:43:06,,,,867488067677285,3655,HBD,,,,,,,,,,,,,,,,,,,,,,,,,,,,,,,,,,,,,,,,,,,,,,,,,,,,,,,,,,,,,,,,,,,,,,,,,,,,,
2025-10-12 00:45:06,,,,867488067677285,3656,HBD,,,,,,,,,,,,,,,,,,,,,,,,,,,,,,,,,,,,,,,,,,,,,,,,,,,,,,,,,,,,,,,,,,,,,,,,,,,,,
2025-10-12 00:47:07,,,,867488067677285,3657,HBD,,,,,,,,,,,,,,,,,,,,,,,,,,,,,,,,,,,,,,,,,,,,,,,,,,,,,,,,,,,,,,,,,,,,,,,,,,,,,
2025-10-12 00:48:07,,,,867488067677285,3658,HBD,,,,,,,,,,,,,,,,,,,,,,,,,,,,,,,,,,,,,,,,,,,,,,,,,,,,,,,,,,,,,,,,,,,,,,,,,,,,,
2025-10-12 00:50:07,,,,867488067677285,3659,HBD,,,,,,,,,,,,,,,,,,,,,,,,,,,,,,,,,,,,,,,,,,,,,,,,,,,,,,,,,,,,,,,,,,,,,,,,,,,,,
2025-10-12 00:52:08,,,,867488067677285,3660,HBD,,,,,,,,,,,,,,,,,,,,,,,,,,,,,,,,,,,,,,,,,,,,,,,,,,,,,,,,,,,,,,,,,,,,,,,,,,,,,
2025-10-12 00:54:08,,,,867488067677285,3661,HBD,,,,,,,,,,,,,,,,,,,,,,,,,,,,,,,,,,,,,,,,,,,,,,,,,,,,,,,,,,,,,,,,,,,,,,,,,,,,,
2025-10-12 00:56:09,,,,867488067677285,3662,HBD,,,,,,,,,,,,,,,,,,,,,,,,,,,,,,,,,,,,,,,,,,,,,,,,,,,,,,,,,,,,,,,,,,,,,,,,,,,,,
2025-10-12 00:58:09,,,,867488067677285,3663,HBD,,,,,,,,,,,,,,,,,,,,,,,,,,,,,,,,,,,,,,,,,,,,,,,,,,,,,,,,,,,,,,,,,,,,,,,,,,,,,
2025-10-12 01:00:10,,,,867488067677285,3664,HBD,,,,,,,,,,,,,,,,,,,,,,,,,,,,,,,,,,,,,,,,,,,,,,,,,,,,,,,,,,,,,,,,,,,,,,,,,,,,,
2025-10-12 01:02:11,,,,867488067677285,3665,HBD,,,,,,,,,,,,,,,,,,,,,,,,,,,,,,,,,,,,,,,,,,,,,,,,,,,,,,,,,,,,,,,,,,,,,,,,,,,,,
2025-10-12 01:02:35,2025-10-12 01:02:34,2025-10-12 01:00:11,2025-10-12 01:00:11,867488067677285,3666,GTERI,0x19fe3fbf,0x00028102,802003,0x8303,0x0115,100,12942,0000,-,00,00,11,12,12,-,01,01,0.0,0.0,47,47,495,495,-23.044899,-23.044899,-50.22722,-50.22722,0724,0005,bff7,068fb200,0.0,212.0,212.0,0:00:24,7:29:16,-,-,0,-,,,,,04,7,00000000,00,10,,,,,,,,,,,,,,,,,,,,,,,,,,,,
2025-10-12 01:04:11,,,,867488067677285,3667,HBD,,,,,,,,,,,,,,,,,,,,,,,,,,,,,,,,,,,,,,,,,,,,,,,,,,,,,,,,,,,,,,,,,,,,,,,,,,,,,
2025-10-12 01:06:12,,,,867488067677285,3668,HBD,,,,,,,,,,,,,,,,,,,,,,,,,,,,,,,,,,,,,,,,,,,,,,,,,,,,,,,,,,,,,,,,,,,,,,,,,,,,,
2025-10-12 01:08:12,,,,867488067677285,3669,HBD,,,,,,,,,,,,,,,,,,,,,,,,,,,,,,,,,,,,,,,,,,,,,,,,,,,,,,,,,,,,,,,,,,,,,,,,,,,,,
2025-10-12 01:10:12,,,,867488067677285,3670,HBD,,,,,,,,,,,,,,,,,,,,,,,,,,,,,,,,,,,,,,,,,,,,,,,,,,,,,,,,,,,,,,,,,,,,,,,,,,,,,
2025-10-12 01:12:13,,,,867488067677285,3671,HBD,,,,,,,,,,,,,,,,,,,,,,,,,,,,,,,,,,,,,,,,,,,,,,,,,,,,,,,,,,,,,,,,,,,,,,,,,,,,,
2025-10-12 01:14:13,,,,867488067677285,3672,HBD,,,,,,,,,,,,,,,,,,,,,,,,,,,,,,,,,,,,,,,,,,,,,,,,,,,,,,,,,,,,,,,,,,,,,,,,,,,,,
2025-10-12 01:16:14,,,,867488067677285,3673,HBD,,,,,,,,,,,,,,,,,,,,,,,,,,,,,,,,,,,,,,,,,,,,,,,,,,,,,,,,,,,,,,,,,,,,,,,,,,,,,
2025-10-12 01:18:14,,,,867488067677285,3674,HBD,,,,,,,,,,,,,,,,,,,,,,,,,,,,,,,,,,,,,,,,,,,,,,,,,,,,,,,,,,,,,,,,,,,,,,,,,,,,,
2025-10-12 01:20:15,,,,867488067677285,3675,HBD,,,,,,,,,,,,,,,,,,,,,,,,,,,,,,,,,,,,,,,,,,,,,,,,,,,,,,,,,,,,,,,,,,,,,,,,,,,,,
2025-10-12 01:22:15,,,,867488067677285,3676,HBD,,,,,,,,,,,,,,,,,,,,,,,,,,,,,,,,,,,,,,,,,,,,,,,,,,,,,,,,,,,,,,,,,,,,,,,,,,,,,
2025-10-12 01:24:16,,,,867488067677285,3677,HBD,,,,,,,,,,,,,,,,,,,,,,,,,,,,,,,,,,,,,,,,,,,,,,,,,,,,,,,,,,,,,,,,,,,,,,,,,,,,,
2025-10-12 01:26:16,,,,867488067677285,3678,HBD,,,,,,,,,,,,,,,,,,,,,,,,,,,,,,,,,,,,,,,,,,,,,,,,,,,,,,,,,,,,,,,,,,,,,,,,,,,,,
2025-10-12 01:28:17,,,,867488067677285,3679,HBD,,,,,,,,,,,,,,,,,,,,,,,,,,,,,,,,,,,,,,,,,,,,,,,,,,,,,,,,,,,,,,,,,,,,,,,,,,,,,
2025-10-12 01:30:17,,,,867488067677285,3680,HBD,,,,,,,,,,,,,,,,,,,,,,,,,,,,,,,,,,,,,,,,,,,,,,,,,,,,,,,,,,,,,,,,,,,,,,,,,,,,,
2025-10-12 01:32:18,,,,867488067677285,3681,HBD,,,,,,,,,,,,,,,,,,,,,,,,,,,,,,,,,,,,,,,,,,,,,,,,,,,,,,,,,,,,,,,,,,,,,,,,,,,,,
2025-10-12 01:34:18,,,,867488067677285,3682,HBD,,,,,,,,,,,,,,,,,,,,,,,,,,,,,,,,,,,,,,,,,,,,,,,,,,,,,,,,,,,,,,,,,,,,,,,,,,,,,
2025-10-12 01:36:19,,,,867488067677285,3683,HBD,,,,,,,,,,,,,,,,,,,,,,,,,,,,,,,,,,,,,,,,,,,,,,,,,,,,,,,,,,,,,,,,,,,,,,,,,,,,,
2025-10-12 01:38:19,,,,867488067677285,3684,HBD,,,,,,,,,,,,,,,,,,,,,,,,,,,,,,,,,,,,,,,,,,,,,,,,,,,,,,,,,,,,,,,,,,,,,,,,,,,,,
2025-10-12 01:40:19,,,,867488067677285,3685,HBD,,,,,,,,,,,,,,,,,,,,,,,,,,,,,,,,,,,,,,,,,,,,,,,,,,,,,,,,,,,,,,,,,,,,,,,,,,,,,
2025-10-12 01:42:20,,,,867488067677285,3686,HBD,,,,,,,,,,,,,,,,,,,,,,,,,,,,,,,,,,,,,,,,,,,,,,,,,,,,,,,,,,,,,,,,,,,,,,,,,,,,,
2025-10-12 01:44:20,,,,867488067677285,3687,HBD,,,,,,,,,,,,,,,,,,,,,,,,,,,,,,,,,,,,,,,,,,,,,,,,,,,,,,,,,,,,,,,,,,,,,,,,,,,,,
2025-10-12 01:46:21,,,,867488067677285,3688,HBD,,,,,,,,,,,,,,,,,,,,,,,,,,,,,,,,,,,,,,,,,,,,,,,,,,,,,,,,,,,,,,,,,,,,,,,,,,,,,
2025-10-12 01:48:21,,,,867488067677285,3689,HBD,,,,,,,,,,,,,,,,,,,,,,,,,,,,,,,,,,,,,,,,,,,,,,,,,,,,,,,,,,,,,,,,,,,,,,,,,,,,,
2025-10-12 01:50:22,,,,867488067677285,3690,HBD,,,,,,,,,,,,,,,,,,,,,,,,,,,,,,,,,,,,,,,,,,,,,,,,,,,,,,,,,,,,,,,,,,,,,,,,,,,,,
2025-10-12 01:52:22,,,,867488067677285,3691,HBD,,,,,,,,,,,,,,,,,,,,,,,,,,,,,,,,,,,,,,,,,,,,,,,,,,,,,,,,,,,,,,,,,,,,,,,,,,,,,
2025-10-12 01:54:23,,,,867488067677285,3692,HBD,,,,,,,,,,,,,,,,,,,,,,,,,,,,,,,,,,,,,,,,,,,,,,,,,,,,,,,,,,,,,,,,,,,,,,,,,,,,,
2025-10-12 01:56:23,,,,867488067677285,3693,HBD,,,,,,,,,,,,,,,,,,,,,,,,,,,,,,,,,,,,,,,,,,,,,,,,,,,,,,,,,,,,,,,,,,,,,,,,,,,,,
2025-10-12 01:58:24,,,,867488067677285,3694,HBD,,,,,,,,,,,,,,,,,,,,,,,,,,,,,,,,,,,,,,,,,,,,,,,,,,,,,,,,,,,,,,,,,,,,,,,,,,,,,
2025-10-12 02:00:24,,,,867488067677285,3695,HBD,,,,,,,,,,,,,,,,,,,,,,,,,,,,,,,,,,,,,,,,,,,,,,,,,,,,,,,,,,,,,,,,,,,,,,,,,,,,,
2025-10-12 02:02:25,,,,867488067677285,3696,HBD,,,,,,,,,,,,,,,,,,,,,,,,,,,,,,,,,,,,,,,,,,,,,,,,,,,,,,,,,,,,,,,,,,,,,,,,,,,,,
2025-10-12 02:02:35,2025-10-12 02:02:34,2025-10-12 02:00:36,2025-10-12 02:00:36,867488067677285,3697,GTERI,0x19fe3fbf,0x00028102,802003,0x8303,0x0115,100,12899,0000,-,00,00,11,5,5,-,01,01,0.0,0.0,47,47,495,495,-23.044899,-23.044899,-50.22722,-50.22722,0724,0005,bff7,068fb200,0.0,212.0,212.0,0:00:24,7:29:16,-,-,0,-,,,,,04,7,00000000,00,10,,,,,,,,,,,,,,,,,,,,,,,,,,,,
2025-10-12 02:04:26,,,,867488067677285,3698,HBD,,,,,,,,,,,,,,,,,,,,,,,,,,,,,,,,,,,,,,,,,,,,,,,,,,,,,,,,,,,,,,,,,,,,,,,,,,,,,
2025-10-12 02:06:26,,,,867488067677285,3699,HBD,,,,,,,,,,,,,,,,,,,,,,,,,,,,,,,,,,,,,,,,,,,,,,,,,,,,,,,,,,,,,,,,,,,,,,,,,,,,,
2025-10-12 02:08:26,,,,867488067677285,3700,HBD,,,,,,,,,,,,,,,,,,,,,,,,,,,,,,,,,,,,,,,,,,,,,,,,,,,,,,,,,,,,,,,,,,,,,,,,,,,,,
2025-10-12 02:10:27,,,,867488067677285,3701,HBD,,,,,,,,,,,,,,,,,,,,,,,,,,,,,,,,,,,,,,,,,,,,,,,,,,,,,,,,,,,,,,,,,,,,,,,,,,,,,
2025-10-12 02:12:27,,,,867488067677285,3702,HBD,,,,,,,,,,,,,,,,,,,,,,,,,,,,,,,,,,,,,,,,,,,,,,,,,,,,,,,,,,,,,,,,,,,,,,,,,,,,,
2025-10-12 02:14:28,,,,867488067677285,3703,HBD,,,,,,,,,,,,,,,,,,,,,,,,,,,,,,,,,,,,,,,,,,,,,,,,,,,,,,,,,,,,,,,,,,,,,,,,,,,,,
2025-10-12 02:16:28,,,,867488067677285,3704,HBD,,,,,,,,,,,,,,,,,,,,,,,,,,,,,,,,,,,,,,,,,,,,,,,,,,,,,,,,,,,,,,,,,,,,,,,,,,,,,
2025-10-12 02:18:28,,,,867488067677285,3705,HBD,,,,,,,,,,,,,,,,,,,,,,,,,,,,,,,,,,,,,,,,,,,,,,,,,,,,,,,,,,,,,,,,,,,,,,,,,,,,,
2025-10-12 02:20:29,,,,867488067677285,3706,HBD,,,,,,,,,,,,,,,,,,,,,,,,,,,,,,,,,,,,,,,,,,,,,,,,,,,,,,,,,,,,,,,,,,,,,,,,,,,,,
2025-10-12 02:22:29,,,,867488067677285,3707,HBD,,,,,,,,,,,,,,,,,,,,,,,,,,,,,,,,,,,,,,,,,,,,,,,,,,,,,,,,,,,,,,,,,,,,,,,,,,,,,
2025-10-12 02:24:30,,,,867488067677285,3708,HBD,,,,,,,,,,,,,,,,,,,,,,,,,,,,,,,,,,,,,,,,,,,,,,,,,,,,,,,,,,,,,,,,,,,,,,,,,,,,,
2025-10-12 02:26:30,,,,867488067677285,3709,HBD,,,,,,,,,,,,,,,,,,,,,,,,,,,,,,,,,,,,,,,,,,,,,,,,,,,,,,,,,,,,,,,,,,,,,,,,,,,,,
2025-10-12 02:28:31,,,,867488067677285,3710,HBD,,,,,,,,,,,,,,,,,,,,,,,,,,,,,,,,,,,,,,,,,,,,,,,,,,,,,,,,,,,,,,,,,,,,,,,,,,,,,
2025-10-12 02:30:31,,,,867488067677285,3711,HBD,,,,,,,,,,,,,,,,,,,,,,,,,,,,,,,,,,,,,,,,,,,,,,,,,,,,,,,,,,,,,,,,,,,,,,,,,,,,,
2025-10-12 02:32:32,,,,867488067677285,3712,HBD,,,,,,,,,,,,,,,,,,,,,,,,,,,,,,,,,,,,,,,,,,,,,,,,,,,,,,,,,,,,,,,,,,,,,,,,,,,,,
2025-10-12 02:34:32,,,,867488067677285,3713,HBD,,,,,,,,,,,,,,,,,,,,,,,,,,,,,,,,,,,,,,,,,,,,,,,,,,,,,,,,,,,,,,,,,,,,,,,,,,,,,
2025-10-12 02:36:33,,,,867488067677285,3714,HBD,,,,,,,,,,,,,,,,,,,,,,,,,,,,,,,,,,,,,,,,,,,,,,,,,,,,,,,,,,,,,,,,,,,,,,,,,,,,,
2025-10-12 02:38:33,,,,867488067677285,3715,HBD,,,,,,,,,,,,,,,,,,,,,,,,,,,,,,,,,,,,,,,,,,,,,,,,,,,,,,,,,,,,,,,,,,,,,,,,,,,,,
2025-10-12 02:40:34,,,,867488067677285,3716,HBD,,,,,,,,,,,,,,,,,,,,,,,,,,,,,,,,,,,,,,,,,,,,,,,,,,,,,,,,,,,,,,,,,,,,,,,,,,,,,
2025-10-12 02:42:34,,,,867488067677285,3717,HBD,,,,,,,,,,,,,,,,,,,,,,,,,,,,,,,,,,,,,,,,,,,,,,,,,,,,,,,,,,,,,,,,,,,,,,,,,,,,,
2025-10-12 02:44:35,,,,867488067677285,3718,HBD,,,,,,,,,,,,,,,,,,,,,,,,,,,,,,,,,,,,,,,,,,,,,,,,,,,,,,,,,,,,,,,,,,,,,,,,,,,,,
2025-10-12 02:46:35,,,,867488067677285,3719,HBD,,,,,,,,,,,,,,,,,,,,,,,,,,,,,,,,,,,,,,,,,,,,,,,,,,,,,,,,,,,,,,,,,,,,,,,,,,,,,
2025-10-12 02:48:36,,,,867488067677285,3720,HBD,,,,,,,,,,,,,,,,,,,,,,,,,,,,,,,,,,,,,,,,,,,,,,,,,,,,,,,,,,,,,,,,,,,,,,,,,,,,,
2025-10-12 02:50:36,,,,867488067677285,3721,HBD,,,,,,,,,,,,,,,,,,,,,,,,,,,,,,,,,,,,,,,,,,,,,,,,,,,,,,,,,,,,,,,,,,,,,,,,,,,,,
2025-10-12 02:52:37,,,,867488067677285,3722,HBD,,,,,,,,,,,,,,,,,,,,,,,,,,,,,,,,,,,,,,,,,,,,,,,,,,,,,,,,,,,,,,,,,,,,,,,,,,,,,
2025-10-12 02:54:37,,,,867488067677285,3723,HBD,,,,,,,,,,,,,,,,,,,,,,,,,,,,,,,,,,,,,,,,,,,,,,,,,,,,,,,,,,,,,,,,,,,,,,,,,,,,,
2025-10-12 02:56:37,,,,867488067677285,3724,HBD,,,,,,,,,,,,,,,,,,,,,,,,,,,,,,,,,,,,,,,,,,,,,,,,,,,,,,,,,,,,,,,,,,,,,,,,,,,,,
2025-10-12 02:58:38,,,,867488067677285,3725,HBD,,,,,,,,,,,,,,,,,,,,,,,,,,,,,,,,,,,,,,,,,,,,,,,,,,,,,,,,,,,,,,,,,,,,,,,,,,,,,
2025-10-12 03:00:38,,,,867488067677285,3726,HBD,,,,,,,,,,,,,,,,,,,,,,,,,,,,,,,,,,,,,,,,,,,,,,,,,,,,,,,,,,,,,,,,,,,,,,,,,,,,,
2025-10-12 03:02:35,,,,867488067677285,3727,HBD,,,,,,,,,,,,,,,,,,,,,,,,,,,,,,,,,,,,,,,,,,,,,,,,,,,,,,,,,,,,,,,,,,,,,,,,,,,,,
2025-10-12 03:02:35,2025-10-12 03:02:34,2025-10-12 03:00:31,2025-10-12 03:00:31,867488067677285,3728,GTERI,0x19fe3fbf,0x00028102,802003,0x8303,0x0115,100,12956,0000,-,00,00,11,6,6,-,01,01,0.0,0.0,47,47,495,495,-23.044899,-23.044899,-50.22722,-50.22722,0724,0005,bff7,068fb200,0.0,212.0,212.0,0:00:24,7:29:16,-,-,0,-,,,,,04,7,00000000,00,10,,,,,,,,,,,,,,,,,,,,,,,,,,,,
2025-10-12 03:04:39,,,,867488067677285,3729,HBD,,,,,,,,,,,,,,,,,,,,,,,,,,,,,,,,,,,,,,,,,,,,,,,,,,,,,,,,,,,,,,,,,,,,,,,,,,,,,
2025-10-12 03:06:40,,,,867488067677285,3730,HBD,,,,,,,,,,,,,,,,,,,,,,,,,,,,,,,,,,,,,,,,,,,,,,,,,,,,,,,,,,,,,,,,,,,,,,,,,,,,,
2025-10-12 03:08:40,,,,867488067677285,3731,HBD,,,,,,,,,,,,,,,,,,,,,,,,,,,,,,,,,,,,,,,,,,,,,,,,,,,,,,,,,,,,,,,,,,,,,,,,,,,,,
2025-10-12 03:10:41,,,,867488067677285,3732,HBD,,,,,,,,,,,,,,,,,,,,,,,,,,,,,,,,,,,,,,,,,,,,,,,,,,,,,,,,,,,,,,,,,,,,,,,,,,,,,
2025-10-12 03:12:41,,,,867488067677285,3733,HBD,,,,,,,,,,,,,,,,,,,,,,,,,,,,,,,,,,,,,,,,,,,,,,,,,,,,,,,,,,,,,,,,,,,,,,,,,,,,,
2025-10-12 03:14:42,,,,867488067677285,3734,HBD,,,,,,,,,,,,,,,,,,,,,,,,,,,,,,,,,,,,,,,,,,,,,,,,,,,,,,,,,,,,,,,,,,,,,,,,,,,,,
2025-10-12 03:16:42,,,,867488067677285,3735,HBD,,,,,,,,,,,,,,,,,,,,,,,,,,,,,,,,,,,,,,,,,,,,,,,,,,,,,,,,,,,,,,,,,,,,,,,,,,,,,
2025-10-12 03:18:43,,,,867488067677285,3736,HBD,,,,,,,,,,,,,,,,,,,,,,,,,,,,,,,,,,,,,,,,,,,,,,,,,,,,,,,,,,,,,,,,,,,,,,,,,,,,,
2025-10-12 03:20:43,,,,867488067677285,3737,HBD,,,,,,,,,,,,,,,,,,,,,,,,,,,,,,,,,,,,,,,,,,,,,,,,,,,,,,,,,,,,,,,,,,,,,,,,,,,,,
2025-10-12 03:22:44,,,,867488067677285,3738,HBD,,,,,,,,,,,,,,,,,,,,,,,,,,,,,,,,,,,,,,,,,,,,,,,,,,,,,,,,,,,,,,,,,,,,,,,,,,,,,
2025-10-12 03:24:44,,,,867488067677285,3739,HBD,,,,,,,,,,,,,,,,,,,,,,,,,,,,,,,,,,,,,,,,,,,,,,,,,,,,,,,,,,,,,,,,,,,,,,,,,,,,,
2025-10-12 03:26:45,,,,867488067677285,3740,HBD,,,,,,,,,,,,,,,,,,,,,,,,,,,,,,,,,,,,,,,,,,,,,,,,,,,,,,,,,,,,,,,,,,,,,,,,,,,,,
2025-10-12 03:28:45,,,,867488067677285,3741,HBD,,,,,,,,,,,,,,,,,,,,,,,,,,,,,,,,,,,,,,,,,,,,,,,,,,,,,,,,,,,,,,,,,,,,,,,,,,,,,
2025-10-12 03:30:45,,,,867488067677285,3742,HBD,,,,,,,,,,,,,,,,,,,,,,,,,,,,,,,,,,,,,,,,,,,,,,,,,,,,,,,,,,,,,,,,,,,,,,,,,,,,,
2025-10-12 03:32:46,,,,867488067677285,3743,HBD,,,,,,,,,,,,,,,,,,,,,,,,,,,,,,,,,,,,,,,,,,,,,,,,,,,,,,,,,,,,,,,,,,,,,,,,,,,,,
2025-10-12 03:34:46,,,,867488067677285,3744,HBD,,,,,,,,,,,,,,,,,,,,,,,,,,,,,,,,,,,,,,,,,,,,,,,,,,,,,,,,,,,,,,,,,,,,,,,,,,,,,
2025-10-12 03:36:47,,,,867488067677285,3745,HBD,,,,,,,,,,,,,,,,,,,,,,,,,,,,,,,,,,,,,,,,,,,,,,,,,,,,,,,,,,,,,,,,,,,,,,,,,,,,,
2025-10-12 03:38:47,,,,867488067677285,3746,HBD,,,,,,,,,,,,,,,,,,,,,,,,,,,,,,,,,,,,,,,,,,,,,,,,,,,,,,,,,,,,,,,,,,,,,,,,,,,,,
2025-10-12 03:40:48,,,,867488067677285,3747,HBD,,,,,,,,,,,,,,,,,,,,,,,,,,,,,,,,,,,,,,,,,,,,,,,,,,,,,,,,,,,,,,,,,,,,,,,,,,,,,
2025-10-12 03:42:48,,,,867488067677285,3748,HBD,,,,,,,,,,,,,,,,,,,,,,,,,,,,,,,,,,,,,,,,,,,,,,,,,,,,,,,,,,,,,,,,,,,,,,,,,,,,,
2025-10-12 03:44:49,,,,867488067677285,3749,HBD,,,,,,,,,,,,,,,,,,,,,,,,,,,,,,,,,,,,,,,,,,,,,,,,,,,,,,,,,,,,,,,,,,,,,,,,,,,,,
2025-10-12 03:46:49,,,,867488067677285,3750,HBD,,,,,,,,,,,,,,,,,,,,,,,,,,,,,,,,,,,,,,,,,,,,,,,,,,,,,,,,,,,,,,,,,,,,,,,,,,,,,
2025-10-12 03:48:50,,,,867488067677285,3751,HBD,,,,,,,,,,,,,,,,,,,,,,,,,,,,,,,,,,,,,,,,,,,,,,,,,,,,,,,,,,,,,,,,,,,,,,,,,,,,,
2025-10-12 03:50:50,,,,867488067677285,3752,HBD,,,,,,,,,,,,,,,,,,,,,,,,,,,,,,,,,,,,,,,,,,,,,,,,,,,,,,,,,,,,,,,,,,,,,,,,,,,,,
2025-10-12 03:52:51,,,,867488067677285,3753,HBD,,,,,,,,,,,,,,,,,,,,,,,,,,,,,,,,,,,,,,,,,,,,,,,,,,,,,,,,,,,,,,,,,,,,,,,,,,,,,
2025-10-12 03:54:51,,,,867488067677285,3754,HBD,,,,,,,,,,,,,,,,,,,,,,,,,,,,,,,,,,,,,,,,,,,,,,,,,,,,,,,,,,,,,,,,,,,,,,,,,,,,,
2025-10-12 03:56:52,,,,867488067677285,3755,HBD,,,,,,,,,,,,,,,,,,,,,,,,,,,,,,,,,,,,,,,,,,,,,,,,,,,,,,,,,,,,,,,,,,,,,,,,,,,,,
2025-10-12 03:58:52,,,,867488067677285,3756,HBD,,,,,,,,,,,,,,,,,,,,,,,,,,,,,,,,,,,,,,,,,,,,,,,,,,,,,,,,,,,,,,,,,,,,,,,,,,,,,
2025-10-12 04:00:53,,,,867488067677285,3757,HBD,,,,,,,,,,,,,,,,,,,,,,,,,,,,,,,,,,,,,,,,,,,,,,,,,,,,,,,,,,,,,,,,,,,,,,,,,,,,,
2025-10-12 04:02:35,,,,867488067677285,3758,HBD,,,,,,,,,,,,,,,,,,,,,,,,,,,,,,,,,,,,,,,,,,,,,,,,,,,,,,,,,,,,,,,,,,,,,,,,,,,,,
2025-10-12 04:02:35,2025-10-12 04:02:34,2025-10-12 04:00:08,2025-10-12 04:00:08,867488067677285,3759,GTERI,0x19fe3fbf,0x00028102,802003,0x8303,0x0115,100,12896,0000,-,00,00,11,6,6,-,01,01,0.0,0.0,47,47,495,495,-23.044899,-23.044899,-50.22722,-50.22722,0724,0005,bff7,068fb200,0.0,212.0,212.0,0:00:24,7:29:16,-,-,0,-,,,,,04,7,00000000,00,10,,,,,,,,,,,,,,,,,,,,,,,,,,,,
2025-10-12 04:04:53,,,,867488067677285,3760,HBD,,,,,,,,,,,,,,,,,,,,,,,,,,,,,,,,,,,,,,,,,,,,,,,,,,,,,,,,,,,,,,,,,,,,,,,,,,,,,
2025-10-12 04:06:54,,,,867488067677285,3761,HBD,,,,,,,,,,,,,,,,,,,,,,,,,,,,,,,,,,,,,,,,,,,,,,,,,,,,,,,,,,,,,,,,,,,,,,,,,,,,,
2025-10-12 04:08:54,,,,867488067677285,3762,HBD,,,,,,,,,,,,,,,,,,,,,,,,,,,,,,,,,,,,,,,,,,,,,,,,,,,,,,,,,,,,,,,,,,,,,,,,,,,,,
2025-10-12 04:10:55,,,,867488067677285,3763,HBD,,,,,,,,,,,,,,,,,,,,,,,,,,,,,,,,,,,,,,,,,,,,,,,,,,,,,,,,,,,,,,,,,,,,,,,,,,,,,
2025-10-12 04:12:55,,,,867488067677285,3764,HBD,,,,,,,,,,,,,,,,,,,,,,,,,,,,,,,,,,,,,,,,,,,,,,,,,,,,,,,,,,,,,,,,,,,,,,,,,,,,,
2025-10-12 04:14:56,,,,867488067677285,3765,HBD,,,,,,,,,,,,,,,,,,,,,,,,,,,,,,,,,,,,,,,,,,,,,,,,,,,,,,,,,,,,,,,,,,,,,,,,,,,,,
2025-10-12 04:16:56,,,,867488067677285,3766,HBD,,,,,,,,,,,,,,,,,,,,,,,,,,,,,,,,,,,,,,,,,,,,,,,,,,,,,,,,,,,,,,,,,,,,,,,,,,,,,
2025-10-12 04:18:57,,,,867488067677285,3767,HBD,,,,,,,,,,,,,,,,,,,,,,,,,,,,,,,,,,,,,,,,,,,,,,,,,,,,,,,,,,,,,,,,,,,,,,,,,,,,,
2025-10-12 04:20:57,,,,867488067677285,3768,HBD,,,,,,,,,,,,,,,,,,,,,,,,,,,,,,,,,,,,,,,,,,,,,,,,,,,,,,,,,,,,,,,,,,,,,,,,,,,,,
2025-10-12 04:22:58,,,,867488067677285,3769,HBD,,,,,,,,,,,,,,,,,,,,,,,,,,,,,,,,,,,,,,,,,,,,,,,,,,,,,,,,,,,,,,,,,,,,,,,,,,,,,
2025-10-12 04:24:58,,,,867488067677285,3770,HBD,,,,,,,,,,,,,,,,,,,,,,,,,,,,,,,,,,,,,,,,,,,,,,,,,,,,,,,,,,,,,,,,,,,,,,,,,,,,,
2025-10-12 04:26:59,,,,867488067677285,3771,HBD,,,,,,,,,,,,,,,,,,,,,,,,,,,,,,,,,,,,,,,,,,,,,,,,,,,,,,,,,,,,,,,,,,,,,,,,,,,,,
2025-10-12 04:28:59,,,,867488067677285,3772,HBD,,,,,,,,,,,,,,,,,,,,,,,,,,,,,,,,,,,,,,,,,,,,,,,,,,,,,,,,,,,,,,,,,,,,,,,,,,,,,
2025-10-12 04:30:59,,,,867488067677285,3773,HBD,,,,,,,,,,,,,,,,,,,,,,,,,,,,,,,,,,,,,,,,,,,,,,,,,,,,,,,,,,,,,,,,,,,,,,,,,,,,,
2025-10-12 04:33:00,,,,867488067677285,3774,HBD,,,,,,,,,,,,,,,,,,,,,,,,,,,,,,,,,,,,,,,,,,,,,,,,,,,,,,,,,,,,,,,,,,,,,,,,,,,,,
2025-10-12 04:35:00,,,,867488067677285,3775,HBD,,,,,,,,,,,,,,,,,,,,,,,,,,,,,,,,,,,,,,,,,,,,,,,,,,,,,,,,,,,,,,,,,,,,,,,,,,,,,
2025-10-12 04:37:01,,,,867488067677285,3776,HBD,,,,,,,,,,,,,,,,,,,,,,,,,,,,,,,,,,,,,,,,,,,,,,,,,,,,,,,,,,,,,,,,,,,,,,,,,,,,,
2025-10-12 04:39:01,,,,867488067677285,3777,HBD,,,,,,,,,,,,,,,,,,,,,,,,,,,,,,,,,,,,,,,,,,,,,,,,,,,,,,,,,,,,,,,,,,,,,,,,,,,,,
2025-10-12 04:41:02,,,,867488067677285,3778,HBD,,,,,,,,,,,,,,,,,,,,,,,,,,,,,,,,,,,,,,,,,,,,,,,,,,,,,,,,,,,,,,,,,,,,,,,,,,,,,
2025-10-12 04:43:02,,,,867488067677285,3779,HBD,,,,,,,,,,,,,,,,,,,,,,,,,,,,,,,,,,,,,,,,,,,,,,,,,,,,,,,,,,,,,,,,,,,,,,,,,,,,,
2025-10-12 04:45:03,,,,867488067677285,3780,HBD,,,,,,,,,,,,,,,,,,,,,,,,,,,,,,,,,,,,,,,,,,,,,,,,,,,,,,,,,,,,,,,,,,,,,,,,,,,,,
2025-10-12 04:47:03,,,,867488067677285,3781,HBD,,,,,,,,,,,,,,,,,,,,,,,,,,,,,,,,,,,,,,,,,,,,,,,,,,,,,,,,,,,,,,,,,,,,,,,,,,,,,
2025-10-12 04:49:04,,,,867488067677285,3782,HBD,,,,,,,,,,,,,,,,,,,,,,,,,,,,,,,,,,,,,,,,,,,,,,,,,,,,,,,,,,,,,,,,,,,,,,,,,,,,,
2025-10-12 04:51:04,,,,867488067677285,3783,HBD,,,,,,,,,,,,,,,,,,,,,,,,,,,,,,,,,,,,,,,,,,,,,,,,,,,,,,,,,,,,,,,,,,,,,,,,,,,,,
2025-10-12 04:53:05,,,,867488067677285,3784,HBD,,,,,,,,,,,,,,,,,,,,,,,,,,,,,,,,,,,,,,,,,,,,,,,,,,,,,,,,,,,,,,,,,,,,,,,,,,,,,
2025-10-12 04:55:05,,,,867488067677285,3785,HBD,,,,,,,,,,,,,,,,,,,,,,,,,,,,,,,,,,,,,,,,,,,,,,,,,,,,,,,,,,,,,,,,,,,,,,,,,,,,,
2025-10-12 04:57:06,,,,867488067677285,3786,HBD,,,,,,,,,,,,,,,,,,,,,,,,,,,,,,,,,,,,,,,,,,,,,,,,,,,,,,,,,,,,,,,,,,,,,,,,,,,,,
2025-10-12 04:59:06,,,,867488067677285,3787,HBD,,,,,,,,,,,,,,,,,,,,,,,,,,,,,,,,,,,,,,,,,,,,,,,,,,,,,,,,,,,,,,,,,,,,,,,,,,,,,
2025-10-12 05:01:07,,,,867488067677285,3788,HBD,,,,,,,,,,,,,,,,,,,,,,,,,,,,,,,,,,,,,,,,,,,,,,,,,,,,,,,,,,,,,,,,,,,,,,,,,,,,,
2025-10-12 05:02:35,,,,867488067677285,3789,HBD,,,,,,,,,,,,,,,,,,,,,,,,,,,,,,,,,,,,,,,,,,,,,,,,,,,,,,,,,,,,,,,,,,,,,,,,,,,,,
2025-10-12 05:02:35,2025-10-12 05:02:34,2025-10-12 05:00:36,2025-10-12 05:00:36,867488067677285,3790,GTERI,0x19fe3fbf,0x00028102,802003,0x8303,0x0115,100,12884,0000,-,00,00,11,6,6,-,01,01,0.0,0.0,47,47,495,495,-23.044899,-23.044899,-50.22722,-50.22722,0724,0005,bff7,068fb200,0.0,212.0,212.0,0:00:24,7:29:16,-,-,0,-,,,,,04,7,00000000,00,10,,,,,,,,,,,,,,,,,,,,,,,,,,,,
2025-10-12 05:04:07,,,,867488067677285,3791,HBD,,,,,,,,,,,,,,,,,,,,,,,,,,,,,,,,,,,,,,,,,,,,,,,,,,,,,,,,,,,,,,,,,,,,,,,,,,,,,
2025-10-12 05:06:08,,,,867488067677285,3792,HBD,,,,,,,,,,,,,,,,,,,,,,,,,,,,,,,,,,,,,,,,,,,,,,,,,,,,,,,,,,,,,,,,,,,,,,,,,,,,,
2025-10-12 05:08:08,,,,867488067677285,3793,HBD,,,,,,,,,,,,,,,,,,,,,,,,,,,,,,,,,,,,,,,,,,,,,,,,,,,,,,,,,,,,,,,,,,,,,,,,,,,,,
2025-10-12 05:10:09,,,,867488067677285,3794,HBD,,,,,,,,,,,,,,,,,,,,,,,,,,,,,,,,,,,,,,,,,,,,,,,,,,,,,,,,,,,,,,,,,,,,,,,,,,,,,
2025-10-12 05:12:09,,,,867488067677285,3795,HBD,,,,,,,,,,,,,,,,,,,,,,,,,,,,,,,,,,,,,,,,,,,,,,,,,,,,,,,,,,,,,,,,,,,,,,,,,,,,,
2025-10-12 05:14:09,,,,867488067677285,3796,HBD,,,,,,,,,,,,,,,,,,,,,,,,,,,,,,,,,,,,,,,,,,,,,,,,,,,,,,,,,,,,,,,,,,,,,,,,,,,,,
2025-10-12 05:16:10,,,,867488067677285,3797,HBD,,,,,,,,,,,,,,,,,,,,,,,,,,,,,,,,,,,,,,,,,,,,,,,,,,,,,,,,,,,,,,,,,,,,,,,,,,,,,
2025-10-12 05:18:10,,,,867488067677285,3798,HBD,,,,,,,,,,,,,,,,,,,,,,,,,,,,,,,,,,,,,,,,,,,,,,,,,,,,,,,,,,,,,,,,,,,,,,,,,,,,,
2025-10-12 05:20:11,,,,867488067677285,3799,HBD,,,,,,,,,,,,,,,,,,,,,,,,,,,,,,,,,,,,,,,,,,,,,,,,,,,,,,,,,,,,,,,,,,,,,,,,,,,,,
2025-10-12 05:22:11,,,,867488067677285,3800,HBD,,,,,,,,,,,,,,,,,,,,,,,,,,,,,,,,,,,,,,,,,,,,,,,,,,,,,,,,,,,,,,,,,,,,,,,,,,,,,
2025-10-12 05:24:12,,,,867488067677285,3801,HBD,,,,,,,,,,,,,,,,,,,,,,,,,,,,,,,,,,,,,,,,,,,,,,,,,,,,,,,,,,,,,,,,,,,,,,,,,,,,,
2025-10-12 05:26:12,,,,867488067677285,3802,HBD,,,,,,,,,,,,,,,,,,,,,,,,,,,,,,,,,,,,,,,,,,,,,,,,,,,,,,,,,,,,,,,,,,,,,,,,,,,,,
2025-10-12 05:28:13,,,,867488067677285,3803,HBD,,,,,,,,,,,,,,,,,,,,,,,,,,,,,,,,,,,,,,,,,,,,,,,,,,,,,,,,,,,,,,,,,,,,,,,,,,,,,
2025-10-12 05:30:13,,,,867488067677285,3804,HBD,,,,,,,,,,,,,,,,,,,,,,,,,,,,,,,,,,,,,,,,,,,,,,,,,,,,,,,,,,,,,,,,,,,,,,,,,,,,,
2025-10-12 05:32:14,,,,867488067677285,3805,HBD,,,,,,,,,,,,,,,,,,,,,,,,,,,,,,,,,,,,,,,,,,,,,,,,,,,,,,,,,,,,,,,,,,,,,,,,,,,,,
2025-10-12 05:34:14,,,,867488067677285,3806,HBD,,,,,,,,,,,,,,,,,,,,,,,,,,,,,,,,,,,,,,,,,,,,,,,,,,,,,,,,,,,,,,,,,,,,,,,,,,,,,
2025-10-12 05:36:15,,,,867488067677285,3807,HBD,,,,,,,,,,,,,,,,,,,,,,,,,,,,,,,,,,,,,,,,,,,,,,,,,,,,,,,,,,,,,,,,,,,,,,,,,,,,,
2025-10-12 05:38:15,,,,867488067677285,3808,HBD,,,,,,,,,,,,,,,,,,,,,,,,,,,,,,,,,,,,,,,,,,,,,,,,,,,,,,,,,,,,,,,,,,,,,,,,,,,,,
2025-10-12 05:40:16,,,,867488067677285,3809,HBD,,,,,,,,,,,,,,,,,,,,,,,,,,,,,,,,,,,,,,,,,,,,,,,,,,,,,,,,,,,,,,,,,,,,,,,,,,,,,
2025-10-12 05:42:16,,,,867488067677285,3810,HBD,,,,,,,,,,,,,,,,,,,,,,,,,,,,,,,,,,,,,,,,,,,,,,,,,,,,,,,,,,,,,,,,,,,,,,,,,,,,,
2025-10-12 05:44:16,,,,867488067677285,3811,HBD,,,,,,,,,,,,,,,,,,,,,,,,,,,,,,,,,,,,,,,,,,,,,,,,,,,,,,,,,,,,,,,,,,,,,,,,,,,,,
2025-10-12 05:46:17,,,,867488067677285,3812,HBD,,,,,,,,,,,,,,,,,,,,,,,,,,,,,,,,,,,,,,,,,,,,,,,,,,,,,,,,,,,,,,,,,,,,,,,,,,,,,
2025-10-12 05:48:17,,,,867488067677285,3813,HBD,,,,,,,,,,,,,,,,,,,,,,,,,,,,,,,,,,,,,,,,,,,,,,,,,,,,,,,,,,,,,,,,,,,,,,,,,,,,,
2025-10-12 05:50:18,,,,867488067677285,3814,HBD,,,,,,,,,,,,,,,,,,,,,,,,,,,,,,,,,,,,,,,,,,,,,,,,,,,,,,,,,,,,,,,,,,,,,,,,,,,,,
2025-10-12 05:52:18,,,,867488067677285,3815,HBD,,,,,,,,,,,,,,,,,,,,,,,,,,,,,,,,,,,,,,,,,,,,,,,,,,,,,,,,,,,,,,,,,,,,,,,,,,,,,
2025-10-12 05:54:19,,,,867488067677285,3816,HBD,,,,,,,,,,,,,,,,,,,,,,,,,,,,,,,,,,,,,,,,,,,,,,,,,,,,,,,,,,,,,,,,,,,,,,,,,,,,,
2025-10-12 05:56:19,,,,867488067677285,3817,HBD,,,,,,,,,,,,,,,,,,,,,,,,,,,,,,,,,,,,,,,,,,,,,,,,,,,,,,,,,,,,,,,,,,,,,,,,,,,,,
2025-10-12 05:58:20,,,,867488067677285,3818,HBD,,,,,,,,,,,,,,,,,,,,,,,,,,,,,,,,,,,,,,,,,,,,,,,,,,,,,,,,,,,,,,,,,,,,,,,,,,,,,
2025-10-12 06:00:20,,,,867488067677285,3819,HBD,,,,,,,,,,,,,,,,,,,,,,,,,,,,,,,,,,,,,,,,,,,,,,,,,,,,,,,,,,,,,,,,,,,,,,,,,,,,,
2025-10-12 06:02:21,,,,867488067677285,3820,HBD,,,,,,,,,,,,,,,,,,,,,,,,,,,,,,,,,,,,,,,,,,,,,,,,,,,,,,,,,,,,,,,,,,,,,,,,,,,,,
2025-10-12 06:02:35,2025-10-12 06:02:34,2025-10-12 06:00:18,2025-10-12 06:00:18,867488067677285,3821,GTERI,0x19fe3fbf,0x00028102,802003,0x8303,0x0115,100,12918,0000,-,00,00,11,5,5,-,01,01,0.0,0.0,47,47,495,495,-23.044899,-23.044899,-50.22722,-50.22722,0724,0005,bff7,068fb204,0.0,212.0,212.0,0:00:24,7:29:16,-,-,0,-,,,,,04,3,00000000,00,10,,,,,,,,,,,,,,,,,,,,,,,,,,,,
2025-10-12 06:04:21,,,,867488067677285,3822,HBD,,,,,,,,,,,,,,,,,,,,,,,,,,,,,,,,,,,,,,,,,,,,,,,,,,,,,,,,,,,,,,,,,,,,,,,,,,,,,
2025-10-12 06:06:22,,,,867488067677285,3823,HBD,,,,,,,,,,,,,,,,,,,,,,,,,,,,,,,,,,,,,,,,,,,,,,,,,,,,,,,,,,,,,,,,,,,,,,,,,,,,,
2025-10-12 06:08:22,,,,867488067677285,3824,HBD,,,,,,,,,,,,,,,,,,,,,,,,,,,,,,,,,,,,,,,,,,,,,,,,,,,,,,,,,,,,,,,,,,,,,,,,,,,,,
2025-10-12 06:10:23,,,,867488067677285,3825,HBD,,,,,,,,,,,,,,,,,,,,,,,,,,,,,,,,,,,,,,,,,,,,,,,,,,,,,,,,,,,,,,,,,,,,,,,,,,,,,
2025-10-12 06:12:23,,,,867488067677285,3826,HBD,,,,,,,,,,,,,,,,,,,,,,,,,,,,,,,,,,,,,,,,,,,,,,,,,,,,,,,,,,,,,,,,,,,,,,,,,,,,,
2025-10-12 06:14:24,,,,867488067677285,3827,HBD,,,,,,,,,,,,,,,,,,,,,,,,,,,,,,,,,,,,,,,,,,,,,,,,,,,,,,,,,,,,,,,,,,,,,,,,,,,,,
2025-10-12 06:16:24,,,,867488067677285,3828,HBD,,,,,,,,,,,,,,,,,,,,,,,,,,,,,,,,,,,,,,,,,,,,,,,,,,,,,,,,,,,,,,,,,,,,,,,,,,,,,
2025-10-12 06:18:25,,,,867488067677285,3829,HBD,,,,,,,,,,,,,,,,,,,,,,,,,,,,,,,,,,,,,,,,,,,,,,,,,,,,,,,,,,,,,,,,,,,,,,,,,,,,,
2025-10-12 06:20:25,,,,867488067677285,3830,HBD,,,,,,,,,,,,,,,,,,,,,,,,,,,,,,,,,,,,,,,,,,,,,,,,,,,,,,,,,,,,,,,,,,,,,,,,,,,,,
2025-10-12 06:22:25,,,,867488067677285,3831,HBD,,,,,,,,,,,,,,,,,,,,,,,,,,,,,,,,,,,,,,,,,,,,,,,,,,,,,,,,,,,,,,,,,,,,,,,,,,,,,
2025-10-12 06:24:26,,,,867488067677285,3832,HBD,,,,,,,,,,,,,,,,,,,,,,,,,,,,,,,,,,,,,,,,,,,,,,,,,,,,,,,,,,,,,,,,,,,,,,,,,,,,,
2025-10-12 06:26:26,,,,867488067677285,3833,HBD,,,,,,,,,,,,,,,,,,,,,,,,,,,,,,,,,,,,,,,,,,,,,,,,,,,,,,,,,,,,,,,,,,,,,,,,,,,,,
2025-10-12 06:28:27,,,,867488067677285,3834,HBD,,,,,,,,,,,,,,,,,,,,,,,,,,,,,,,,,,,,,,,,,,,,,,,,,,,,,,,,,,,,,,,,,,,,,,,,,,,,,
2025-10-12 06:30:27,,,,867488067677285,3835,HBD,,,,,,,,,,,,,,,,,,,,,,,,,,,,,,,,,,,,,,,,,,,,,,,,,,,,,,,,,,,,,,,,,,,,,,,,,,,,,
2025-10-12 06:32:28,,,,867488067677285,3836,HBD,,,,,,,,,,,,,,,,,,,,,,,,,,,,,,,,,,,,,,,,,,,,,,,,,,,,,,,,,,,,,,,,,,,,,,,,,,,,,
2025-10-12 06:34:28,,,,867488067677285,3837,HBD,,,,,,,,,,,,,,,,,,,,,,,,,,,,,,,,,,,,,,,,,,,,,,,,,,,,,,,,,,,,,,,,,,,,,,,,,,,,,
2025-10-12 06:36:29,,,,867488067677285,3838,HBD,,,,,,,,,,,,,,,,,,,,,,,,,,,,,,,,,,,,,,,,,,,,,,,,,,,,,,,,,,,,,,,,,,,,,,,,,,,,,
2025-10-12 06:38:29,,,,867488067677285,3839,HBD,,,,,,,,,,,,,,,,,,,,,,,,,,,,,,,,,,,,,,,,,,,,,,,,,,,,,,,,,,,,,,,,,,,,,,,,,,,,,
2025-10-12 06:40:30,,,,867488067677285,3840,HBD,,,,,,,,,,,,,,,,,,,,,,,,,,,,,,,,,,,,,,,,,,,,,,,,,,,,,,,,,,,,,,,,,,,,,,,,,,,,,
2025-10-12 06:42:30,,,,867488067677285,3841,HBD,,,,,,,,,,,,,,,,,,,,,,,,,,,,,,,,,,,,,,,,,,,,,,,,,,,,,,,,,,,,,,,,,,,,,,,,,,,,,
2025-10-12 06:44:31,,,,867488067677285,3842,HBD,,,,,,,,,,,,,,,,,,,,,,,,,,,,,,,,,,,,,,,,,,,,,,,,,,,,,,,,,,,,,,,,,,,,,,,,,,,,,
2025-10-12 06:46:31,,,,867488067677285,3843,HBD,,,,,,,,,,,,,,,,,,,,,,,,,,,,,,,,,,,,,,,,,,,,,,,,,,,,,,,,,,,,,,,,,,,,,,,,,,,,,
2025-10-12 06:48:32,,,,867488067677285,3844,HBD,,,,,,,,,,,,,,,,,,,,,,,,,,,,,,,,,,,,,,,,,,,,,,,,,,,,,,,,,,,,,,,,,,,,,,,,,,,,,
2025-10-12 06:50:32,,,,867488067677285,3845,HBD,,,,,,,,,,,,,,,,,,,,,,,,,,,,,,,,,,,,,,,,,,,,,,,,,,,,,,,,,,,,,,,,,,,,,,,,,,,,,
2025-10-12 06:52:33,,,,867488067677285,3846,HBD,,,,,,,,,,,,,,,,,,,,,,,,,,,,,,,,,,,,,,,,,,,,,,,,,,,,,,,,,,,,,,,,,,,,,,,,,,,,,
2025-10-12 06:54:33,,,,867488067677285,3847,HBD,,,,,,,,,,,,,,,,,,,,,,,,,,,,,,,,,,,,,,,,,,,,,,,,,,,,,,,,,,,,,,,,,,,,,,,,,,,,,
2025-10-12 06:56:33,,,,867488067677285,3848,HBD,,,,,,,,,,,,,,,,,,,,,,,,,,,,,,,,,,,,,,,,,,,,,,,,,,,,,,,,,,,,,,,,,,,,,,,,,,,,,
2025-10-12 06:58:34,,,,867488067677285,3849,HBD,,,,,,,,,,,,,,,,,,,,,,,,,,,,,,,,,,,,,,,,,,,,,,,,,,,,,,,,,,,,,,,,,,,,,,,,,,,,,
2025-10-12 07:00:34,,,,867488067677285,3850,HBD,,,,,,,,,,,,,,,,,,,,,,,,,,,,,,,,,,,,,,,,,,,,,,,,,,,,,,,,,,,,,,,,,,,,,,,,,,,,,
2025-10-12 07:02:35,,,,867488067677285,3851,HBD,,,,,,,,,,,,,,,,,,,,,,,,,,,,,,,,,,,,,,,,,,,,,,,,,,,,,,,,,,,,,,,,,,,,,,,,,,,,,
2025-10-12 07:02:35,2025-10-12 07:02:34,2025-10-12 07:00:29,2025-10-12 07:00:29,867488067677285,3852,GTERI,0x19fe3fbf,0x00028102,802003,0x8303,0x0115,100,12929,0000,-,00,00,11,4,4,-,01,01,0.0,0.0,47,47,495,495,-23.044899,-23.044899,-50.22722,-50.22722,0724,0005,bff7,068fb200,0.0,212.0,212.0,0:00:24,7:29:16,-,-,0,-,,,,,04,7,00000000,00,10,,,,,,,,,,,,,,,,,,,,,,,,,,,,
2025-10-12 07:04:35,,,,867488067677285,3853,HBD,,,,,,,,,,,,,,,,,,,,,,,,,,,,,,,,,,,,,,,,,,,,,,,,,,,,,,,,,,,,,,,,,,,,,,,,,,,,,
2025-10-12 07:06:36,,,,867488067677285,3854,HBD,,,,,,,,,,,,,,,,,,,,,,,,,,,,,,,,,,,,,,,,,,,,,,,,,,,,,,,,,,,,,,,,,,,,,,,,,,,,,
2025-10-12 07:08:36,,,,867488067677285,3855,HBD,,,,,,,,,,,,,,,,,,,,,,,,,,,,,,,,,,,,,,,,,,,,,,,,,,,,,,,,,,,,,,,,,,,,,,,,,,,,,
2025-10-12 07:10:37,,,,867488067677285,3856,HBD,,,,,,,,,,,,,,,,,,,,,,,,,,,,,,,,,,,,,,,,,,,,,,,,,,,,,,,,,,,,,,,,,,,,,,,,,,,,,
2025-10-12 07:12:37,,,,867488067677285,3857,HBD,,,,,,,,,,,,,,,,,,,,,,,,,,,,,,,,,,,,,,,,,,,,,,,,,,,,,,,,,,,,,,,,,,,,,,,,,,,,,
2025-10-12 07:14:38,,,,867488067677285,3858,HBD,,,,,,,,,,,,,,,,,,,,,,,,,,,,,,,,,,,,,,,,,,,,,,,,,,,,,,,,,,,,,,,,,,,,,,,,,,,,,
2025-10-12 07:16:38,,,,867488067677285,3859,HBD,,,,,,,,,,,,,,,,,,,,,,,,,,,,,,,,,,,,,,,,,,,,,,,,,,,,,,,,,,,,,,,,,,,,,,,,,,,,,
2025-10-12 07:18:38,,,,867488067677285,3860,HBD,,,,,,,,,,,,,,,,,,,,,,,,,,,,,,,,,,,,,,,,,,,,,,,,,,,,,,,,,,,,,,,,,,,,,,,,,,,,,
2025-10-12 07:20:39,,,,867488067677285,3861,HBD,,,,,,,,,,,,,,,,,,,,,,,,,,,,,,,,,,,,,,,,,,,,,,,,,,,,,,,,,,,,,,,,,,,,,,,,,,,,,
2025-10-12 07:22:39,,,,867488067677285,3862,HBD,,,,,,,,,,,,,,,,,,,,,,,,,,,,,,,,,,,,,,,,,,,,,,,,,,,,,,,,,,,,,,,,,,,,,,,,,,,,,
2025-10-12 07:24:40,,,,867488067677285,3863,HBD,,,,,,,,,,,,,,,,,,,,,,,,,,,,,,,,,,,,,,,,,,,,,,,,,,,,,,,,,,,,,,,,,,,,,,,,,,,,,
2025-10-12 07:26:40,,,,867488067677285,3864,HBD,,,,,,,,,,,,,,,,,,,,,,,,,,,,,,,,,,,,,,,,,,,,,,,,,,,,,,,,,,,,,,,,,,,,,,,,,,,,,
2025-10-12 07:28:41,,,,867488067677285,3865,HBD,,,,,,,,,,,,,,,,,,,,,,,,,,,,,,,,,,,,,,,,,,,,,,,,,,,,,,,,,,,,,,,,,,,,,,,,,,,,,
2025-10-12 07:30:41,,,,867488067677285,3866,HBD,,,,,,,,,,,,,,,,,,,,,,,,,,,,,,,,,,,,,,,,,,,,,,,,,,,,,,,,,,,,,,,,,,,,,,,,,,,,,
2025-10-12 07:32:42,,,,867488067677285,3867,HBD,,,,,,,,,,,,,,,,,,,,,,,,,,,,,,,,,,,,,,,,,,,,,,,,,,,,,,,,,,,,,,,,,,,,,,,,,,,,,
2025-10-12 07:34:42,,,,867488067677285,3868,HBD,,,,,,,,,,,,,,,,,,,,,,,,,,,,,,,,,,,,,,,,,,,,,,,,,,,,,,,,,,,,,,,,,,,,,,,,,,,,,
2025-10-12 07:35:17,,,,867488067677285,3869,GTINF,,,,,,,,,,,,,,,,,,,,,,,,,,,,,,,,,,,,,,,,,,c1,4200,03,,,,,,,,,,,,,,,,,,,,,,,,,,,,,,,,,
2025-10-12 07:36:43,,,,867488067677285,3870,HBD,,,,,,,,,,,,,,,,,,,,,,,,,,,,,,,,,,,,,,,,,,,,,,,,,,,,,,,,,,,,,,,,,,,,,,,,,,,,,
2025-10-12 07:38:43,,,,867488067677285,3871,HBD,,,,,,,,,,,,,,,,,,,,,,,,,,,,,,,,,,,,,,,,,,,,,,,,,,,,,,,,,,,,,,,,,,,,,,,,,,,,,
2025-10-12 07:40:44,,,,867488067677285,3872,HBD,,,,,,,,,,,,,,,,,,,,,,,,,,,,,,,,,,,,,,,,,,,,,,,,,,,,,,,,,,,,,,,,,,,,,,,,,,,,,
2025-10-12 07:42:44,,,,867488067677285,3873,HBD,,,,,,,,,,,,,,,,,,,,,,,,,,,,,,,,,,,,,,,,,,,,,,,,,,,,,,,,,,,,,,,,,,,,,,,,,,,,,
2025-10-12 07:44:44,,,,867488067677285,3874,HBD,,,,,,,,,,,,,,,,,,,,,,,,,,,,,,,,,,,,,,,,,,,,,,,,,,,,,,,,,,,,,,,,,,,,,,,,,,,,,
2025-10-12 07:46:45,,,,867488067677285,3875,HBD,,,,,,,,,,,,,,,,,,,,,,,,,,,,,,,,,,,,,,,,,,,,,,,,,,,,,,,,,,,,,,,,,,,,,,,,,,,,,
2025-10-12 07:48:45,,,,867488067677285,3876,HBD,,,,,,,,,,,,,,,,,,,,,,,,,,,,,,,,,,,,,,,,,,,,,,,,,,,,,,,,,,,,,,,,,,,,,,,,,,,,,
2025-10-12 07:50:46,,,,867488067677285,3877,HBD,,,,,,,,,,,,,,,,,,,,,,,,,,,,,,,,,,,,,,,,,,,,,,,,,,,,,,,,,,,,,,,,,,,,,,,,,,,,,
2025-10-12 07:52:46,,,,867488067677285,3878,HBD,,,,,,,,,,,,,,,,,,,,,,,,,,,,,,,,,,,,,,,,,,,,,,,,,,,,,,,,,,,,,,,,,,,,,,,,,,,,,
2025-10-12 07:54:47,,,,867488067677285,3879,HBD,,,,,,,,,,,,,,,,,,,,,,,,,,,,,,,,,,,,,,,,,,,,,,,,,,,,,,,,,,,,,,,,,,,,,,,,,,,,,
2025-10-12 07:56:47,,,,867488067677285,3880,HBD,,,,,,,,,,,,,,,,,,,,,,,,,,,,,,,,,,,,,,,,,,,,,,,,,,,,,,,,,,,,,,,,,,,,,,,,,,,,,
2025-10-12 07:58:48,,,,867488067677285,3881,HBD,,,,,,,,,,,,,,,,,,,,,,,,,,,,,,,,,,,,,,,,,,,,,,,,,,,,,,,,,,,,,,,,,,,,,,,,,,,,,
2025-10-12 08:00:48,,,,867488067677285,3882,HBD,,,,,,,,,,,,,,,,,,,,,,,,,,,,,,,,,,,,,,,,,,,,,,,,,,,,,,,,,,,,,,,,,,,,,,,,,,,,,
2025-10-12 08:02:35,,,,867488067677285,3883,HBD,,,,,,,,,,,,,,,,,,,,,,,,,,,,,,,,,,,,,,,,,,,,,,,,,,,,,,,,,,,,,,,,,,,,,,,,,,,,,
2025-10-12 08:02:35,2025-10-12 08:02:34,2025-10-12 08:00:36,2025-10-12 08:00:36,867488067677285,3884,GTERI,0x19fe3fbf,0x00028102,802003,0x8303,0x0115,100,12864,0000,-,00,00,11,9,9,-,01,01,0.0,0.0,47,47,495,495,-23.044899,-23.044899,-50.22722,-50.22722,0724,0005,bff7,068fb200,0.0,212.0,212.0,0:00:24,7:29:16,-,-,0,-,,,,,04,7,00000000,00,10,,,,,,,,,,,,,,,,,,,,,,,,,,,,
2025-10-12 08:04:49,,,,867488067677285,3885,HBD,,,,,,,,,,,,,,,,,,,,,,,,,,,,,,,,,,,,,,,,,,,,,,,,,,,,,,,,,,,,,,,,,,,,,,,,,,,,,
2025-10-12 08:06:49,,,,867488067677285,3886,HBD,,,,,,,,,,,,,,,,,,,,,,,,,,,,,,,,,,,,,,,,,,,,,,,,,,,,,,,,,,,,,,,,,,,,,,,,,,,,,
2025-10-12 08:08:50,,,,867488067677285,3887,HBD,,,,,,,,,,,,,,,,,,,,,,,,,,,,,,,,,,,,,,,,,,,,,,,,,,,,,,,,,,,,,,,,,,,,,,,,,,,,,
2025-10-12 08:10:50,,,,867488067677285,3888,HBD,,,,,,,,,,,,,,,,,,,,,,,,,,,,,,,,,,,,,,,,,,,,,,,,,,,,,,,,,,,,,,,,,,,,,,,,,,,,,
2025-10-12 08:12:51,,,,867488067677285,3889,HBD,,,,,,,,,,,,,,,,,,,,,,,,,,,,,,,,,,,,,,,,,,,,,,,,,,,,,,,,,,,,,,,,,,,,,,,,,,,,,
2025-10-12 08:14:51,,,,867488067677285,3890,HBD,,,,,,,,,,,,,,,,,,,,,,,,,,,,,,,,,,,,,,,,,,,,,,,,,,,,,,,,,,,,,,,,,,,,,,,,,,,,,
2025-10-12 08:16:52,,,,867488067677285,3891,HBD,,,,,,,,,,,,,,,,,,,,,,,,,,,,,,,,,,,,,,,,,,,,,,,,,,,,,,,,,,,,,,,,,,,,,,,,,,,,,
2025-10-12 08:18:52,,,,867488067677285,3892,HBD,,,,,,,,,,,,,,,,,,,,,,,,,,,,,,,,,,,,,,,,,,,,,,,,,,,,,,,,,,,,,,,,,,,,,,,,,,,,,
2025-10-12 08:20:52,,,,867488067677285,3893,HBD,,,,,,,,,,,,,,,,,,,,,,,,,,,,,,,,,,,,,,,,,,,,,,,,,,,,,,,,,,,,,,,,,,,,,,,,,,,,,
2025-10-12 08:22:53,,,,867488067677285,3894,HBD,,,,,,,,,,,,,,,,,,,,,,,,,,,,,,,,,,,,,,,,,,,,,,,,,,,,,,,,,,,,,,,,,,,,,,,,,,,,,
2025-10-12 08:24:53,,,,867488067677285,3895,HBD,,,,,,,,,,,,,,,,,,,,,,,,,,,,,,,,,,,,,,,,,,,,,,,,,,,,,,,,,,,,,,,,,,,,,,,,,,,,,
2025-10-12 08:26:54,,,,867488067677285,3896,HBD,,,,,,,,,,,,,,,,,,,,,,,,,,,,,,,,,,,,,,,,,,,,,,,,,,,,,,,,,,,,,,,,,,,,,,,,,,,,,
2025-10-12 08:28:54,,,,867488067677285,3897,HBD,,,,,,,,,,,,,,,,,,,,,,,,,,,,,,,,,,,,,,,,,,,,,,,,,,,,,,,,,,,,,,,,,,,,,,,,,,,,,
2025-10-12 08:30:55,,,,867488067677285,3898,HBD,,,,,,,,,,,,,,,,,,,,,,,,,,,,,,,,,,,,,,,,,,,,,,,,,,,,,,,,,,,,,,,,,,,,,,,,,,,,,
2025-10-12 08:32:55,,,,867488067677285,3899,HBD,,,,,,,,,,,,,,,,,,,,,,,,,,,,,,,,,,,,,,,,,,,,,,,,,,,,,,,,,,,,,,,,,,,,,,,,,,,,,
2025-10-12 08:34:56,,,,867488067677285,3900,HBD,,,,,,,,,,,,,,,,,,,,,,,,,,,,,,,,,,,,,,,,,,,,,,,,,,,,,,,,,,,,,,,,,,,,,,,,,,,,,
2025-10-12 08:36:56,,,,867488067677285,3901,HBD,,,,,,,,,,,,,,,,,,,,,,,,,,,,,,,,,,,,,,,,,,,,,,,,,,,,,,,,,,,,,,,,,,,,,,,,,,,,,
2025-10-12 08:38:57,,,,867488067677285,3902,HBD,,,,,,,,,,,,,,,,,,,,,,,,,,,,,,,,,,,,,,,,,,,,,,,,,,,,,,,,,,,,,,,,,,,,,,,,,,,,,
2025-10-12 08:40:57,,,,867488067677285,3903,HBD,,,,,,,,,,,,,,,,,,,,,,,,,,,,,,,,,,,,,,,,,,,,,,,,,,,,,,,,,,,,,,,,,,,,,,,,,,,,,
2025-10-12 08:42:58,,,,867488067677285,3904,HBD,,,,,,,,,,,,,,,,,,,,,,,,,,,,,,,,,,,,,,,,,,,,,,,,,,,,,,,,,,,,,,,,,,,,,,,,,,,,,
2025-10-12 08:44:58,,,,867488067677285,3905,HBD,,,,,,,,,,,,,,,,,,,,,,,,,,,,,,,,,,,,,,,,,,,,,,,,,,,,,,,,,,,,,,,,,,,,,,,,,,,,,
2025-10-12 08:46:58,,,,867488067677285,3906,HBD,,,,,,,,,,,,,,,,,,,,,,,,,,,,,,,,,,,,,,,,,,,,,,,,,,,,,,,,,,,,,,,,,,,,,,,,,,,,,
2025-10-12 08:48:59,,,,867488067677285,3907,HBD,,,,,,,,,,,,,,,,,,,,,,,,,,,,,,,,,,,,,,,,,,,,,,,,,,,,,,,,,,,,,,,,,,,,,,,,,,,,,
2025-10-12 08:50:59,,,,867488067677285,3908,HBD,,,,,,,,,,,,,,,,,,,,,,,,,,,,,,,,,,,,,,,,,,,,,,,,,,,,,,,,,,,,,,,,,,,,,,,,,,,,,
2025-10-12 08:53:00,,,,867488067677285,3909,HBD,,,,,,,,,,,,,,,,,,,,,,,,,,,,,,,,,,,,,,,,,,,,,,,,,,,,,,,,,,,,,,,,,,,,,,,,,,,,,
2025-10-12 08:55:00,,,,867488067677285,3910,HBD,,,,,,,,,,,,,,,,,,,,,,,,,,,,,,,,,,,,,,,,,,,,,,,,,,,,,,,,,,,,,,,,,,,,,,,,,,,,,
2025-10-12 08:57:01,,,,867488067677285,3911,HBD,,,,,,,,,,,,,,,,,,,,,,,,,,,,,,,,,,,,,,,,,,,,,,,,,,,,,,,,,,,,,,,,,,,,,,,,,,,,,
2025-10-12 08:59:01,,,,867488067677285,3912,HBD,,,,,,,,,,,,,,,,,,,,,,,,,,,,,,,,,,,,,,,,,,,,,,,,,,,,,,,,,,,,,,,,,,,,,,,,,,,,,
2025-10-12 09:01:02,,,,867488067677285,3913,HBD,,,,,,,,,,,,,,,,,,,,,,,,,,,,,,,,,,,,,,,,,,,,,,,,,,,,,,,,,,,,,,,,,,,,,,,,,,,,,
2025-10-12 09:02:35,,,,867488067677285,3914,HBD,,,,,,,,,,,,,,,,,,,,,,,,,,,,,,,,,,,,,,,,,,,,,,,,,,,,,,,,,,,,,,,,,,,,,,,,,,,,,
2025-10-12 09:02:35,2025-10-12 09:02:34,2025-10-12 09:00:33,2025-10-12 09:00:33,867488067677285,3915,GTERI,0x19fe3fbf,0x00028102,802003,0x8303,0x0115,100,12859,0000,-,00,00,11,6,6,-,01,01,0.0,0.0,47,47,495,495,-23.044899,-23.044899,-50.22722,-50.22722,0724,0005,bff7,068fb200,0.0,212.0,212.0,0:00:24,7:29:16,-,-,0,-,,,,,04,7,00000000,00,10,,,,,,,,,,,,,,,,,,,,,,,,,,,,
2025-10-12 09:05:02,,,,867488067677285,3916,HBD,,,,,,,,,,,,,,,,,,,,,,,,,,,,,,,,,,,,,,,,,,,,,,,,,,,,,,,,,,,,,,,,,,,,,,,,,,,,,
2025-10-12 09:07:03,,,,867488067677285,3917,HBD,,,,,,,,,,,,,,,,,,,,,,,,,,,,,,,,,,,,,,,,,,,,,,,,,,,,,,,,,,,,,,,,,,,,,,,,,,,,,
2025-10-12 09:09:03,,,,867488067677285,3918,HBD,,,,,,,,,,,,,,,,,,,,,,,,,,,,,,,,,,,,,,,,,,,,,,,,,,,,,,,,,,,,,,,,,,,,,,,,,,,,,
2025-10-12 09:11:04,,,,867488067677285,3919,HBD,,,,,,,,,,,,,,,,,,,,,,,,,,,,,,,,,,,,,,,,,,,,,,,,,,,,,,,,,,,,,,,,,,,,,,,,,,,,,
2025-10-12 09:13:04,,,,867488067677285,3920,HBD,,,,,,,,,,,,,,,,,,,,,,,,,,,,,,,,,,,,,,,,,,,,,,,,,,,,,,,,,,,,,,,,,,,,,,,,,,,,,
2025-10-12 09:15:05,,,,867488067677285,3921,HBD,,,,,,,,,,,,,,,,,,,,,,,,,,,,,,,,,,,,,,,,,,,,,,,,,,,,,,,,,,,,,,,,,,,,,,,,,,,,,
2025-10-12 09:17:05,,,,867488067677285,3922,HBD,,,,,,,,,,,,,,,,,,,,,,,,,,,,,,,,,,,,,,,,,,,,,,,,,,,,,,,,,,,,,,,,,,,,,,,,,,,,,
2025-10-12 09:19:06,,,,867488067677285,3923,HBD,,,,,,,,,,,,,,,,,,,,,,,,,,,,,,,,,,,,,,,,,,,,,,,,,,,,,,,,,,,,,,,,,,,,,,,,,,,,,
2025-10-12 09:21:06,,,,867488067677285,3924,HBD,,,,,,,,,,,,,,,,,,,,,,,,,,,,,,,,,,,,,,,,,,,,,,,,,,,,,,,,,,,,,,,,,,,,,,,,,,,,,
2025-10-12 09:23:07,,,,867488067677285,3925,HBD,,,,,,,,,,,,,,,,,,,,,,,,,,,,,,,,,,,,,,,,,,,,,,,,,,,,,,,,,,,,,,,,,,,,,,,,,,,,,
2025-10-12 09:25:07,,,,867488067677285,3926,HBD,,,,,,,,,,,,,,,,,,,,,,,,,,,,,,,,,,,,,,,,,,,,,,,,,,,,,,,,,,,,,,,,,,,,,,,,,,,,,
2025-10-12 09:26:07,,,,867488067677285,3927,HBD,,,,,,,,,,,,,,,,,,,,,,,,,,,,,,,,,,,,,,,,,,,,,,,,,,,,,,,,,,,,,,,,,,,,,,,,,,,,,
2025-10-12 09:28:08,,,,867488067677285,3928,HBD,,,,,,,,,,,,,,,,,,,,,,,,,,,,,,,,,,,,,,,,,,,,,,,,,,,,,,,,,,,,,,,,,,,,,,,,,,,,,
2025-10-12 09:30:08,,,,867488067677285,3929,HBD,,,,,,,,,,,,,,,,,,,,,,,,,,,,,,,,,,,,,,,,,,,,,,,,,,,,,,,,,,,,,,,,,,,,,,,,,,,,,
2025-10-12 09:32:09,,,,867488067677285,3930,HBD,,,,,,,,,,,,,,,,,,,,,,,,,,,,,,,,,,,,,,,,,,,,,,,,,,,,,,,,,,,,,,,,,,,,,,,,,,,,,
2025-10-12 09:34:09,,,,867488067677285,3931,HBD,,,,,,,,,,,,,,,,,,,,,,,,,,,,,,,,,,,,,,,,,,,,,,,,,,,,,,,,,,,,,,,,,,,,,,,,,,,,,
2025-10-12 09:36:10,,,,867488067677285,3932,HBD,,,,,,,,,,,,,,,,,,,,,,,,,,,,,,,,,,,,,,,,,,,,,,,,,,,,,,,,,,,,,,,,,,,,,,,,,,,,,
2025-10-12 09:38:10,,,,867488067677285,3933,HBD,,,,,,,,,,,,,,,,,,,,,,,,,,,,,,,,,,,,,,,,,,,,,,,,,,,,,,,,,,,,,,,,,,,,,,,,,,,,,
2025-10-12 09:40:11,,,,867488067677285,3934,HBD,,,,,,,,,,,,,,,,,,,,,,,,,,,,,,,,,,,,,,,,,,,,,,,,,,,,,,,,,,,,,,,,,,,,,,,,,,,,,
2025-10-12 09:42:11,,,,867488067677285,3935,HBD,,,,,,,,,,,,,,,,,,,,,,,,,,,,,,,,,,,,,,,,,,,,,,,,,,,,,,,,,,,,,,,,,,,,,,,,,,,,,
2025-10-12 09:44:12,,,,867488067677285,3936,HBD,,,,,,,,,,,,,,,,,,,,,,,,,,,,,,,,,,,,,,,,,,,,,,,,,,,,,,,,,,,,,,,,,,,,,,,,,,,,,
2025-10-12 09:46:12,,,,867488067677285,3937,HBD,,,,,,,,,,,,,,,,,,,,,,,,,,,,,,,,,,,,,,,,,,,,,,,,,,,,,,,,,,,,,,,,,,,,,,,,,,,,,
2025-10-12 09:48:13,,,,867488067677285,3938,HBD,,,,,,,,,,,,,,,,,,,,,,,,,,,,,,,,,,,,,,,,,,,,,,,,,,,,,,,,,,,,,,,,,,,,,,,,,,,,,
2025-10-12 09:50:13,,,,867488067677285,3939,HBD,,,,,,,,,,,,,,,,,,,,,,,,,,,,,,,,,,,,,,,,,,,,,,,,,,,,,,,,,,,,,,,,,,,,,,,,,,,,,
2025-10-12 09:52:13,,,,867488067677285,3940,HBD,,,,,,,,,,,,,,,,,,,,,,,,,,,,,,,,,,,,,,,,,,,,,,,,,,,,,,,,,,,,,,,,,,,,,,,,,,,,,
2025-10-12 09:54:14,,,,867488067677285,3941,HBD,,,,,,,,,,,,,,,,,,,,,,,,,,,,,,,,,,,,,,,,,,,,,,,,,,,,,,,,,,,,,,,,,,,,,,,,,,,,,
2025-10-12 09:56:14,,,,867488067677285,3942,HBD,,,,,,,,,,,,,,,,,,,,,,,,,,,,,,,,,,,,,,,,,,,,,,,,,,,,,,,,,,,,,,,,,,,,,,,,,,,,,
2025-10-12 09:58:15,,,,867488067677285,3943,HBD,,,,,,,,,,,,,,,,,,,,,,,,,,,,,,,,,,,,,,,,,,,,,,,,,,,,,,,,,,,,,,,,,,,,,,,,,,,,,
2025-10-12 10:00:15,,,,867488067677285,3944,HBD,,,,,,,,,,,,,,,,,,,,,,,,,,,,,,,,,,,,,,,,,,,,,,,,,,,,,,,,,,,,,,,,,,,,,,,,,,,,,
2025-10-12 10:02:16,,,,867488067677285,3945,HBD,,,,,,,,,,,,,,,,,,,,,,,,,,,,,,,,,,,,,,,,,,,,,,,,,,,,,,,,,,,,,,,,,,,,,,,,,,,,,
2025-10-12 10:02:35,2025-10-12 10:02:34,2025-10-12 10:00:36,2025-10-12 10:00:36,867488067677285,3946,GTERI,0x19fe3fbf,0x00028102,802003,0x8303,0x0115,100,12871,0000,-,00,00,11,7,7,-,01,01,0.0,0.0,47,47,495,495,-23.044899,-23.044899,-50.22722,-50.22722,0724,0005,bff7,068fb200,0.0,212.0,212.0,0:00:24,7:29:16,-,-,0,-,,,,,04,7,00000000,00,10,,,,,,,,,,,,,,,,,,,,,,,,,,,,
2025-10-12 10:04:16,,,,867488067677285,3947,HBD,,,,,,,,,,,,,,,,,,,,,,,,,,,,,,,,,,,,,,,,,,,,,,,,,,,,,,,,,,,,,,,,,,,,,,,,,,,,,
2025-10-12 10:06:17,,,,867488067677285,3948,HBD,,,,,,,,,,,,,,,,,,,,,,,,,,,,,,,,,,,,,,,,,,,,,,,,,,,,,,,,,,,,,,,,,,,,,,,,,,,,,
2025-10-12 10:08:17,,,,867488067677285,3949,HBD,,,,,,,,,,,,,,,,,,,,,,,,,,,,,,,,,,,,,,,,,,,,,,,,,,,,,,,,,,,,,,,,,,,,,,,,,,,,,
2025-10-12 10:10:18,,,,867488067677285,3950,HBD,,,,,,,,,,,,,,,,,,,,,,,,,,,,,,,,,,,,,,,,,,,,,,,,,,,,,,,,,,,,,,,,,,,,,,,,,,,,,
2025-10-12 10:12:18,,,,867488067677285,3951,HBD,,,,,,,,,,,,,,,,,,,,,,,,,,,,,,,,,,,,,,,,,,,,,,,,,,,,,,,,,,,,,,,,,,,,,,,,,,,,,
2025-10-12 10:14:19,,,,867488067677285,3952,HBD,,,,,,,,,,,,,,,,,,,,,,,,,,,,,,,,,,,,,,,,,,,,,,,,,,,,,,,,,,,,,,,,,,,,,,,,,,,,,
2025-10-12 10:16:19,,,,867488067677285,3953,HBD,,,,,,,,,,,,,,,,,,,,,,,,,,,,,,,,,,,,,,,,,,,,,,,,,,,,,,,,,,,,,,,,,,,,,,,,,,,,,
2025-10-12 10:18:19,,,,867488067677285,3954,HBD,,,,,,,,,,,,,,,,,,,,,,,,,,,,,,,,,,,,,,,,,,,,,,,,,,,,,,,,,,,,,,,,,,,,,,,,,,,,,
2025-10-12 10:20:20,,,,867488067677285,3955,HBD,,,,,,,,,,,,,,,,,,,,,,,,,,,,,,,,,,,,,,,,,,,,,,,,,,,,,,,,,,,,,,,,,,,,,,,,,,,,,
2025-10-12 10:22:20,,,,867488067677285,3956,HBD,,,,,,,,,,,,,,,,,,,,,,,,,,,,,,,,,,,,,,,,,,,,,,,,,,,,,,,,,,,,,,,,,,,,,,,,,,,,,
2025-10-12 10:24:21,,,,867488067677285,3957,HBD,,,,,,,,,,,,,,,,,,,,,,,,,,,,,,,,,,,,,,,,,,,,,,,,,,,,,,,,,,,,,,,,,,,,,,,,,,,,,
2025-10-12 10:26:21,,,,867488067677285,3958,HBD,,,,,,,,,,,,,,,,,,,,,,,,,,,,,,,,,,,,,,,,,,,,,,,,,,,,,,,,,,,,,,,,,,,,,,,,,,,,,
2025-10-12 10:28:22,,,,867488067677285,3959,HBD,,,,,,,,,,,,,,,,,,,,,,,,,,,,,,,,,,,,,,,,,,,,,,,,,,,,,,,,,,,,,,,,,,,,,,,,,,,,,
2025-10-12 10:30:22,,,,867488067677285,3960,HBD,,,,,,,,,,,,,,,,,,,,,,,,,,,,,,,,,,,,,,,,,,,,,,,,,,,,,,,,,,,,,,,,,,,,,,,,,,,,,
2025-10-12 10:32:23,,,,867488067677285,3961,HBD,,,,,,,,,,,,,,,,,,,,,,,,,,,,,,,,,,,,,,,,,,,,,,,,,,,,,,,,,,,,,,,,,,,,,,,,,,,,,
2025-10-12 10:34:23,,,,867488067677285,3962,HBD,,,,,,,,,,,,,,,,,,,,,,,,,,,,,,,,,,,,,,,,,,,,,,,,,,,,,,,,,,,,,,,,,,,,,,,,,,,,,
2025-10-12 10:36:24,,,,867488067677285,3963,HBD,,,,,,,,,,,,,,,,,,,,,,,,,,,,,,,,,,,,,,,,,,,,,,,,,,,,,,,,,,,,,,,,,,,,,,,,,,,,,
2025-10-12 10:38:24,,,,867488067677285,3964,HBD,,,,,,,,,,,,,,,,,,,,,,,,,,,,,,,,,,,,,,,,,,,,,,,,,,,,,,,,,,,,,,,,,,,,,,,,,,,,,
2025-10-12 10:40:25,,,,867488067677285,3965,HBD,,,,,,,,,,,,,,,,,,,,,,,,,,,,,,,,,,,,,,,,,,,,,,,,,,,,,,,,,,,,,,,,,,,,,,,,,,,,,
2025-10-12 10:42:25,,,,867488067677285,3966,HBD,,,,,,,,,,,,,,,,,,,,,,,,,,,,,,,,,,,,,,,,,,,,,,,,,,,,,,,,,,,,,,,,,,,,,,,,,,,,,
2025-10-12 10:44:26,,,,867488067677285,3967,HBD,,,,,,,,,,,,,,,,,,,,,,,,,,,,,,,,,,,,,,,,,,,,,,,,,,,,,,,,,,,,,,,,,,,,,,,,,,,,,
2025-10-12 10:46:26,,,,867488067677285,3968,HBD,,,,,,,,,,,,,,,,,,,,,,,,,,,,,,,,,,,,,,,,,,,,,,,,,,,,,,,,,,,,,,,,,,,,,,,,,,,,,
2025-10-12 10:48:27,,,,867488067677285,3969,HBD,,,,,,,,,,,,,,,,,,,,,,,,,,,,,,,,,,,,,,,,,,,,,,,,,,,,,,,,,,,,,,,,,,,,,,,,,,,,,
2025-10-12 10:50:27,,,,867488067677285,3970,HBD,,,,,,,,,,,,,,,,,,,,,,,,,,,,,,,,,,,,,,,,,,,,,,,,,,,,,,,,,,,,,,,,,,,,,,,,,,,,,
2025-10-12 10:52:27,,,,867488067677285,3971,HBD,,,,,,,,,,,,,,,,,,,,,,,,,,,,,,,,,,,,,,,,,,,,,,,,,,,,,,,,,,,,,,,,,,,,,,,,,,,,,
2025-10-12 10:54:28,,,,867488067677285,3972,HBD,,,,,,,,,,,,,,,,,,,,,,,,,,,,,,,,,,,,,,,,,,,,,,,,,,,,,,,,,,,,,,,,,,,,,,,,,,,,,
2025-10-12 10:56:28,,,,867488067677285,3973,HBD,,,,,,,,,,,,,,,,,,,,,,,,,,,,,,,,,,,,,,,,,,,,,,,,,,,,,,,,,,,,,,,,,,,,,,,,,,,,,
2025-10-12 10:58:29,,,,867488067677285,3974,HBD,,,,,,,,,,,,,,,,,,,,,,,,,,,,,,,,,,,,,,,,,,,,,,,,,,,,,,,,,,,,,,,,,,,,,,,,,,,,,
2025-10-12 11:00:29,,,,867488067677285,3975,HBD,,,,,,,,,,,,,,,,,,,,,,,,,,,,,,,,,,,,,,,,,,,,,,,,,,,,,,,,,,,,,,,,,,,,,,,,,,,,,
2025-10-12 11:02:30,,,,867488067677285,3976,HBD,,,,,,,,,,,,,,,,,,,,,,,,,,,,,,,,,,,,,,,,,,,,,,,,,,,,,,,,,,,,,,,,,,,,,,,,,,,,,
2025-10-12 11:02:35,2025-10-12 11:02:34,2025-10-12 11:00:36,2025-10-12 11:00:36,867488067677285,3977,GTERI,0x19fe3fbf,0x00028102,802003,0x8303,0x0115,100,12662,0000,-,00,00,11,4,4,-,01,01,0.0,0.0,47,47,495,495,-23.044899,-23.044899,-50.22722,-50.22722,0724,0005,bff7,068fb200,0.0,212.0,212.0,0:00:24,7:29:16,-,-,0,-,,,,,04,7,00000000,00,10,,,,,,,,,,,,,,,,,,,,,,,,,,,,
2025-10-12 11:04:30,,,,867488067677285,3978,HBD,,,,,,,,,,,,,,,,,,,,,,,,,,,,,,,,,,,,,,,,,,,,,,,,,,,,,,,,,,,,,,,,,,,,,,,,,,,,,
2025-10-12 11:06:31,,,,867488067677285,3979,HBD,,,,,,,,,,,,,,,,,,,,,,,,,,,,,,,,,,,,,,,,,,,,,,,,,,,,,,,,,,,,,,,,,,,,,,,,,,,,,
2025-10-12 11:08:31,,,,867488067677285,3980,HBD,,,,,,,,,,,,,,,,,,,,,,,,,,,,,,,,,,,,,,,,,,,,,,,,,,,,,,,,,,,,,,,,,,,,,,,,,,,,,
2025-10-12 11:10:32,,,,867488067677285,3981,HBD,,,,,,,,,,,,,,,,,,,,,,,,,,,,,,,,,,,,,,,,,,,,,,,,,,,,,,,,,,,,,,,,,,,,,,,,,,,,,
2025-10-12 11:12:32,,,,867488067677285,3982,HBD,,,,,,,,,,,,,,,,,,,,,,,,,,,,,,,,,,,,,,,,,,,,,,,,,,,,,,,,,,,,,,,,,,,,,,,,,,,,,
2025-10-12 11:14:33,,,,867488067677285,3983,HBD,,,,,,,,,,,,,,,,,,,,,,,,,,,,,,,,,,,,,,,,,,,,,,,,,,,,,,,,,,,,,,,,,,,,,,,,,,,,,
2025-10-12 11:16:33,,,,867488067677285,3984,HBD,,,,,,,,,,,,,,,,,,,,,,,,,,,,,,,,,,,,,,,,,,,,,,,,,,,,,,,,,,,,,,,,,,,,,,,,,,,,,
2025-10-12 11:17:28,2025-10-12 11:17:28,2025-10-12 11:00:36,2025-10-12 11:00:36,867488067677285,3986,GTIGN,0x19fe7fbf,,802003,0x8303,0x0115,100,12451,0000,0000,01,00,21,4,4,44389,00,01,0.0,0.0,47,47,495,495,-23.044899,-23.044899,-50.22722,-50.22722,0724,0005,bff7,068fb200,0.0,212.0,212.0,0:00:00,7:29:16,-,-,0,-,,,,,,,,,,,,,,,,,,,,,,,,,,,,,,,,,,,,,
2025-10-12 11:17:28,2025-10-12 11:17:28,2025-10-12 11:00:36,2025-10-12 11:00:36,867488067677285,3987,GTSTT,0x19fe7fbf,,802003,0x8303,0x0115,100,12451,0000,0000,01,00,21,4,4,-,00,00,0.0,0.0,47,47,495,495,-23.044899,-23.044899,-50.22722,-50.22722,0724,0005,bff7,068fb200,0.0,212.0,212.0,0:00:00,7:29:16,-,-,0,-,,,,,,,,,,,,,,,,,,,,,,,,,,,,,,,,,,,,,
2025-10-12 11:17:59,2025-10-12 11:17:58,2025-10-12 11:00:36,2025-10-12 11:00:36,867488067677285,3988,GTSTT,0x19fe7fbf,,802003,0x8303,0x0115,100,13519,0000,0000,01,00,22,4,4,-,00,00,0.0,0.0,47,47,495,495,-23.044899,-23.044899,-50.22722,-50.22722,0724,0005,bff7,068fb200,0.0,212.0,212.0,0:00:30,7:29:46,-,-,0,-,,,,,,,,,,,,,,,,,,,,,,,,,,,,,,,,,,,,,
2025-10-12 11:18:01,2025-10-12 11:18:00,2025-10-12 11:18:01,2025-10-12 11:18:01,867488067677285,3989,GTERI,0x19fe3fbf,0x00028102,802003,0x8303,0x0115,100,13519,0000,-,01,00,22,5,5,-,04,04,0.0,0.0,47,47,539,539,-23.04484,-23.04484,-50.2272,-50.2272,0724,0005,bff7,068fb200,0.0,212.0,212.0,0:00:33,7:29:49,-,-,0,-,,,,,04,7,00000000,00,10,,,,,,,,,,,,,,,,,,,,,,,,,,,,
2025-10-12 11:18:02,2025-10-12 11:18:00,2025-10-12 11:18:01,2025-10-12 11:18:01,867488067677285,3990,GTIGL,0x19fe7fbf,,802003,0x8303,0x0115,100,13519,0000,0000,01,00,22,5,5,-,04,04,0.0,0.0,47,47,539,539,-23.04484,-23.04484,-50.2272,-50.2272,0724,0005,bff7,068fb200,0.0,212.0,212.0,0:00:33,7:29:49,-,-,0,-,,,,,,,,,00,,,,,,,,,,,,,,,,,,,,,,,,,,,,
2025-10-12 11:18:34,,,,867488067677285,3991,HBD,,,,,,,,,,,,,,,,,,,,,,,,,,,,,,,,,,,,,,,,,,,,,,,,,,,,,,,,,,,,,,,,,,,,,,,,,,,,,
2025-10-12 11:20:34,,,,867488067677285,3993,HBD,,,,,,,,,,,,,,,,,,,,,,,,,,,,,,,,,,,,,,,,,,,,,,,,,,,,,,,,,,,,,,,,,,,,,,,,,,,,,
2025-10-12 11:20:36,2025-10-12 11:20:35,2025-10-12 11:20:34,2025-10-12 11:20:13,867488067677285,3994,GTERI,0x19fe3fbf,0x00028102,802003,0x8303,0x0115,100,13838,0000,-,01,00,22,11,11,-,01,01,13.5,50.1,316,46,486,474,-23.044962,-23.045914,-50.229126,-50.229481,0724,0005,bff7,068fb200,0.7,212.7,212.6,0:03:06,7:32:22,-,-,0,-,,,,,04,7,00000000,00,10,,,,,,,,,,,,,,,,,,,,,,,,,,,,
2025-10-12 11:21:05,2025-10-12 11:21:05,2025-10-12 11:21:05,2025-10-12 11:21:05,867488067677285,3995,GTIGF,0x19fe7fbf,,802003,0x8303,0x0115,100,13448,0000,0000,00,00,12,12,12,218,01,01,0.0,0.0,316,316,486,486,-23.044892,-23.044892,-50.229178,-50.229178,0724,0005,bff7,068fb200,0.7,212.7,212.7,0:03:36,7:32:52,-,-,0,-,,,,,,,,,,,,,,,,,,,,,,,,,,,,,,,,,,,,,
2025-10-12 11:21:06,2025-10-12 11:21:05,2025-10-12 11:21:05,2025-10-12 11:21:05,867488067677285,3996,GTSTT,0x19fe7fbf,,802003,0x8303,0x0115,100,13448,0000,0000,00,00,12,12,12,-,01,01,0.0,0.0,316,316,486,486,-23.044892,-23.044892,-50.229178,-50.229178,0724,0005,bff7,068fb200,0.7,212.7,212.7,0:03:36,7:32:52,-,-,0,-,,,,,,,,,,,,,,,,,,,,,,,,,,,,,,,,,,,,,
2025-10-12 11:21:06,2025-10-12 11:21:05,2025-10-12 11:21:05,2025-10-12 11:21:05,867488067677285,3997,GTIGL,0x19fe7fbf,,802003,0x8303,0x0115,100,13448,0000,0000,00,00,12,12,12,-,01,01,0.0,0.0,316,316,486,486,-23.044892,-23.044892,-50.229178,-50.229178,0724,0005,bff7,068fb200,0.7,212.7,212.7,0:03:36,7:32:52,-,-,0,-,,,,,,,,,01,,,,,,,,,,,,,,,,,,,,,,,,,,,,
2025-10-12 11:21:07,,,,867488067677285,3998,ACK,,,,,,,,,,,,,,,,,,,,,,,,,,,,,,,,,,,,,,,,,,,,,,,,,,,,,,,,,,,,,,,,,,,,,,,,,,,,,
2025-10-12 11:21:07,,,,867488067677285,3999,ACK,,,,,,,,,,,,,,,,,,,,,,,,,,,,,,,,,,,,,,,,,,,,,,,,,,,,,,,,,,,,,,,,,,,,,,,,,,,,,
2025-10-12 11:21:27,2025-10-12 11:21:27,2025-10-12 11:21:27,2025-10-12 11:21:27,867488067677285,4000,GTSTT,0x19fe7fbf,,802003,0x8303,0x0115,100,13018,0000,0000,00,00,11,12,12,-,01,01,0.0,0.0,316,316,486,486,-23.044892,-23.044892,-50.229178,-50.229178,0724,0005,bff7,068fb200,0.7,212.7,212.7,0:03:36,7:32:52,-,-,0,-,,,,,,,,,,,,,,,,,,,,,,,,,,,,,,,,,,,,,
2025-10-12 11:22:35,,,,867488067677285,4002,HBD,,,,,,,,,,,,,,,,,,,,,,,,,,,,,,,,,,,,,,,,,,,,,,,,,,,,,,,,,,,,,,,,,,,,,,,,,,,,,
2025-10-12 11:23:36,2025-10-12 11:23:35,2025-10-12 11:23:34,2025-10-12 11:23:34,867488067677285,4004,GTERI,0x19fe3fbf,0x00028102,802003,0x8303,0x0115,100,12989,0000,-,00,00,11,12,12,-,01,01,0.0,0.0,316,316,486,486,-23.044892,-23.044892,-50.229178,-50.229178,0724,0005,bff7,068fb200,0.7,212.7,212.7,0:03:36,7:32:52,-,-,0,-,,,,,04,7,00000000,00,10,,,,,,,,,,,,,,,,,,,,,,,,,,,,
2025-10-12 11:24:35,,,,867488067677285,4005,HBD,,,,,,,,,,,,,,,,,,,,,,,,,,,,,,,,,,,,,,,,,,,,,,,,,,,,,,,,,,,,,,,,,,,,,,,,,,,,,
2025-10-12 11:26:06,2025-10-12 11:26:06,2025-10-12 11:26:06,2025-10-12 11:26:06,867488067677285,4007,GTERI,0x19fe3fbf,0x00028102,802003,0x8303,0x0115,100,12932,0000,-,00,00,11,12,12,-,01,01,0.0,0.0,316,316,486,486,-23.044892,-23.044892,-50.229178,-50.229178,0724,0005,bff7,068fb200,0.7,212.7,212.7,0:03:36,7:32:52,-,-,0,-,,,,,04,7,00000000,00,10,,,,,,,,,,,,,,,,,,,,,,,,,,,,
2025-10-12 11:26:36,,,,867488067677285,4008,HBD,,,,,,,,,,,,,,,,,,,,,,,,,,,,,,,,,,,,,,,,,,,,,,,,,,,,,,,,,,,,,,,,,,,,,,,,,,,,,
2025-10-12 11:28:36,,,,867488067677285,4009,HBD,,,,,,,,,,,,,,,,,,,,,,,,,,,,,,,,,,,,,,,,,,,,,,,,,,,,,,,,,,,,,,,,,,,,,,,,,,,,,
2025-10-12 11:30:36,,,,867488067677285,4010,HBD,,,,,,,,,,,,,,,,,,,,,,,,,,,,,,,,,,,,,,,,,,,,,,,,,,,,,,,,,,,,,,,,,,,,,,,,,,,,,
2025-10-12 11:32:37,,,,867488067677285,4011,HBD,,,,,,,,,,,,,,,,,,,,,,,,,,,,,,,,,,,,,,,,,,,,,,,,,,,,,,,,,,,,,,,,,,,,,,,,,,,,,
2025-10-12 11:34:37,,,,867488067677285,4012,HBD,,,,,,,,,,,,,,,,,,,,,,,,,,,,,,,,,,,,,,,,,,,,,,,,,,,,,,,,,,,,,,,,,,,,,,,,,,,,,
2025-10-12 11:36:38,,,,867488067677285,4013,HBD,,,,,,,,,,,,,,,,,,,,,,,,,,,,,,,,,,,,,,,,,,,,,,,,,,,,,,,,,,,,,,,,,,,,,,,,,,,,,
2025-10-12 11:38:38,,,,867488067677285,4014,HBD,,,,,,,,,,,,,,,,,,,,,,,,,,,,,,,,,,,,,,,,,,,,,,,,,,,,,,,,,,,,,,,,,,,,,,,,,,,,,
2025-10-12 11:40:39,,,,867488067677285,4015,HBD,,,,,,,,,,,,,,,,,,,,,,,,,,,,,,,,,,,,,,,,,,,,,,,,,,,,,,,,,,,,,,,,,,,,,,,,,,,,,
2025-10-12 11:42:39,,,,867488067677285,4016,HBD,,,,,,,,,,,,,,,,,,,,,,,,,,,,,,,,,,,,,,,,,,,,,,,,,,,,,,,,,,,,,,,,,,,,,,,,,,,,,
2025-10-12 11:44:40,,,,867488067677285,4017,HBD,,,,,,,,,,,,,,,,,,,,,,,,,,,,,,,,,,,,,,,,,,,,,,,,,,,,,,,,,,,,,,,,,,,,,,,,,,,,,
2025-10-12 11:46:40,,,,867488067677285,4018,HBD,,,,,,,,,,,,,,,,,,,,,,,,,,,,,,,,,,,,,,,,,,,,,,,,,,,,,,,,,,,,,,,,,,,,,,,,,,,,,
2025-10-12 11:48:41,,,,867488067677285,4019,HBD,,,,,,,,,,,,,,,,,,,,,,,,,,,,,,,,,,,,,,,,,,,,,,,,,,,,,,,,,,,,,,,,,,,,,,,,,,,,,
2025-10-12 11:50:41,,,,867488067677285,4020,HBD,,,,,,,,,,,,,,,,,,,,,,,,,,,,,,,,,,,,,,,,,,,,,,,,,,,,,,,,,,,,,,,,,,,,,,,,,,,,,
2025-10-12 11:52:42,,,,867488067677285,4021,HBD,,,,,,,,,,,,,,,,,,,,,,,,,,,,,,,,,,,,,,,,,,,,,,,,,,,,,,,,,,,,,,,,,,,,,,,,,,,,,
2025-10-12 11:54:42,,,,867488067677285,4022,HBD,,,,,,,,,,,,,,,,,,,,,,,,,,,,,,,,,,,,,,,,,,,,,,,,,,,,,,,,,,,,,,,,,,,,,,,,,,,,,
2025-10-12 11:56:43,,,,867488067677285,4023,HBD,,,,,,,,,,,,,,,,,,,,,,,,,,,,,,,,,,,,,,,,,,,,,,,,,,,,,,,,,,,,,,,,,,,,,,,,,,,,,
2025-10-12 11:58:43,,,,867488067677285,4024,HBD,,,,,,,,,,,,,,,,,,,,,,,,,,,,,,,,,,,,,,,,,,,,,,,,,,,,,,,,,,,,,,,,,,,,,,,,,,,,,
2025-10-12 12:00:43,,,,867488067677285,4025,HBD,,,,,,,,,,,,,,,,,,,,,,,,,,,,,,,,,,,,,,,,,,,,,,,,,,,,,,,,,,,,,,,,,,,,,,,,,,,,,
2025-10-12 12:02:44,,,,867488067677285,4026,HBD,,,,,,,,,,,,,,,,,,,,,,,,,,,,,,,,,,,,,,,,,,,,,,,,,,,,,,,,,,,,,,,,,,,,,,,,,,,,,
2025-10-12 12:04:44,,,,867488067677285,4027,HBD,,,,,,,,,,,,,,,,,,,,,,,,,,,,,,,,,,,,,,,,,,,,,,,,,,,,,,,,,,,,,,,,,,,,,,,,,,,,,
2025-10-12 12:06:45,,,,867488067677285,4028,HBD,,,,,,,,,,,,,,,,,,,,,,,,,,,,,,,,,,,,,,,,,,,,,,,,,,,,,,,,,,,,,,,,,,,,,,,,,,,,,
2025-10-12 12:08:45,,,,867488067677285,4029,HBD,,,,,,,,,,,,,,,,,,,,,,,,,,,,,,,,,,,,,,,,,,,,,,,,,,,,,,,,,,,,,,,,,,,,,,,,,,,,,
2025-10-12 12:10:46,,,,867488067677285,4030,HBD,,,,,,,,,,,,,,,,,,,,,,,,,,,,,,,,,,,,,,,,,,,,,,,,,,,,,,,,,,,,,,,,,,,,,,,,,,,,,
2025-10-12 12:12:46,,,,867488067677285,4031,HBD,,,,,,,,,,,,,,,,,,,,,,,,,,,,,,,,,,,,,,,,,,,,,,,,,,,,,,,,,,,,,,,,,,,,,,,,,,,,,
2025-10-12 12:14:47,,,,867488067677285,4032,HBD,,,,,,,,,,,,,,,,,,,,,,,,,,,,,,,,,,,,,,,,,,,,,,,,,,,,,,,,,,,,,,,,,,,,,,,,,,,,,
2025-10-12 12:16:47,,,,867488067677285,4033,HBD,,,,,,,,,,,,,,,,,,,,,,,,,,,,,,,,,,,,,,,,,,,,,,,,,,,,,,,,,,,,,,,,,,,,,,,,,,,,,
2025-10-12 12:18:48,,,,867488067677285,4034,HBD,,,,,,,,,,,,,,,,,,,,,,,,,,,,,,,,,,,,,,,,,,,,,,,,,,,,,,,,,,,,,,,,,,,,,,,,,,,,,
2025-10-12 12:20:48,,,,867488067677285,4035,HBD,,,,,,,,,,,,,,,,,,,,,,,,,,,,,,,,,,,,,,,,,,,,,,,,,,,,,,,,,,,,,,,,,,,,,,,,,,,,,
2025-10-12 12:22:49,,,,867488067677285,4036,HBD,,,,,,,,,,,,,,,,,,,,,,,,,,,,,,,,,,,,,,,,,,,,,,,,,,,,,,,,,,,,,,,,,,,,,,,,,,,,,
2025-10-12 12:24:49,,,,867488067677285,4037,HBD,,,,,,,,,,,,,,,,,,,,,,,,,,,,,,,,,,,,,,,,,,,,,,,,,,,,,,,,,,,,,,,,,,,,,,,,,,,,,
2025-10-12 12:26:01,2025-10-12 12:26:00,2025-10-12 12:23:34,2025-10-12 12:23:34,867488067677285,4038,GTERI,0x19fe3fbf,0x00028102,802003,0x8303,0x0115,100,12916,0000,-,00,00,11,12,12,-,01,01,0.0,0.0,316,316,486,486,-23.044892,-23.044892,-50.229178,-50.229178,0724,0005,bff7,068fb200,0.7,212.7,212.7,0:03:36,7:32:52,-,-,0,-,,,,,04,7,00000000,00,10,,,,,,,,,,,,,,,,,,,,,,,,,,,,
2025-10-12 12:26:50,,,,867488067677285,4039,HBD,,,,,,,,,,,,,,,,,,,,,,,,,,,,,,,,,,,,,,,,,,,,,,,,,,,,,,,,,,,,,,,,,,,,,,,,,,,,,
2025-10-12 12:28:50,,,,867488067677285,4040,HBD,,,,,,,,,,,,,,,,,,,,,,,,,,,,,,,,,,,,,,,,,,,,,,,,,,,,,,,,,,,,,,,,,,,,,,,,,,,,,
2025-10-12 12:30:51,,,,867488067677285,4041,HBD,,,,,,,,,,,,,,,,,,,,,,,,,,,,,,,,,,,,,,,,,,,,,,,,,,,,,,,,,,,,,,,,,,,,,,,,,,,,,
2025-10-12 12:32:51,,,,867488067677285,4042,HBD,,,,,,,,,,,,,,,,,,,,,,,,,,,,,,,,,,,,,,,,,,,,,,,,,,,,,,,,,,,,,,,,,,,,,,,,,,,,,
2025-10-12 12:34:52,,,,867488067677285,4043,HBD,,,,,,,,,,,,,,,,,,,,,,,,,,,,,,,,,,,,,,,,,,,,,,,,,,,,,,,,,,,,,,,,,,,,,,,,,,,,,
2025-10-12 12:36:52,,,,867488067677285,4044,HBD,,,,,,,,,,,,,,,,,,,,,,,,,,,,,,,,,,,,,,,,,,,,,,,,,,,,,,,,,,,,,,,,,,,,,,,,,,,,,
2025-10-12 12:38:52,,,,867488067677285,4045,HBD,,,,,,,,,,,,,,,,,,,,,,,,,,,,,,,,,,,,,,,,,,,,,,,,,,,,,,,,,,,,,,,,,,,,,,,,,,,,,
2025-10-12 12:40:53,,,,867488067677285,4046,HBD,,,,,,,,,,,,,,,,,,,,,,,,,,,,,,,,,,,,,,,,,,,,,,,,,,,,,,,,,,,,,,,,,,,,,,,,,,,,,
2025-10-12 12:42:53,,,,867488067677285,4047,HBD,,,,,,,,,,,,,,,,,,,,,,,,,,,,,,,,,,,,,,,,,,,,,,,,,,,,,,,,,,,,,,,,,,,,,,,,,,,,,
2025-10-12 12:44:54,,,,867488067677285,4048,HBD,,,,,,,,,,,,,,,,,,,,,,,,,,,,,,,,,,,,,,,,,,,,,,,,,,,,,,,,,,,,,,,,,,,,,,,,,,,,,
2025-10-12 12:46:55,,,,867488067677285,4049,HBD,,,,,,,,,,,,,,,,,,,,,,,,,,,,,,,,,,,,,,,,,,,,,,,,,,,,,,,,,,,,,,,,,,,,,,,,,,,,,
2025-10-12 12:48:55,,,,867488067677285,4050,HBD,,,,,,,,,,,,,,,,,,,,,,,,,,,,,,,,,,,,,,,,,,,,,,,,,,,,,,,,,,,,,,,,,,,,,,,,,,,,,
2025-10-12 12:50:55,,,,867488067677285,4051,HBD,,,,,,,,,,,,,,,,,,,,,,,,,,,,,,,,,,,,,,,,,,,,,,,,,,,,,,,,,,,,,,,,,,,,,,,,,,,,,
2025-10-12 12:52:56,,,,867488067677285,4052,HBD,,,,,,,,,,,,,,,,,,,,,,,,,,,,,,,,,,,,,,,,,,,,,,,,,,,,,,,,,,,,,,,,,,,,,,,,,,,,,
2025-10-12 12:54:56,,,,867488067677285,4053,HBD,,,,,,,,,,,,,,,,,,,,,,,,,,,,,,,,,,,,,,,,,,,,,,,,,,,,,,,,,,,,,,,,,,,,,,,,,,,,,
2025-10-12 12:56:57,,,,867488067677285,4054,HBD,,,,,,,,,,,,,,,,,,,,,,,,,,,,,,,,,,,,,,,,,,,,,,,,,,,,,,,,,,,,,,,,,,,,,,,,,,,,,
2025-10-12 12:58:05,2025-10-12 12:58:04,2025-10-12 12:23:34,2025-10-12 11:20:38,867488067677285,4056,GTIGN,0x19fe7fbf,,802003,0x8303,0x0115,100,12489,0000,0000,01,00,22,12,11,5819,00,01,0.0,7.4,316,329,486,487,-23.044892,-23.044888,-50.229178,-50.229179,0724,0005,bff7,068fb200,0.0,212.7,212.7,0:00:00,7:32:52,-,-,0,-,,,,,,,,,,,,,,,,,,,,,,,,,,,,,,,,,,,,,
2025-10-12 12:58:05,2025-10-12 12:58:04,2025-10-12 12:23:34,2025-10-12 12:23:34,867488067677285,4057,GTSTT,0x19fe7fbf,,802003,0x8303,0x0115,100,12489,0000,0000,01,00,22,12,12,-,00,00,0.0,0.0,316,316,486,486,-23.044892,-23.044892,-50.229178,-50.229178,0724,0005,bff7,068fb200,0.0,212.7,212.7,0:00:00,7:32:52,-,-,0,-,,,,,,,,,,,,,,,,,,,,,,,,,,,,,,,,,,,,,
2025-10-12 12:58:17,,,,867488067677285,4058,HBD,,,,,,,,,,,,,,,,,,,,,,,,,,,,,,,,,,,,,,,,,,,,,,,,,,,,,,,,,,,,,,,,,,,,,,,,,,,,,
2025-10-12 12:58:17,2025-10-12 12:58:16,2025-10-12 12:58:17,2025-10-12 12:58:17,867488067677285,4059,GTERI,0x19fe3fbf,0x00028102,802003,0x8303,0x0115,100,12597,0000,-,01,00,22,12,12,-,01,01,0.0,0.0,316,316,490,490,-23.044933,-23.044933,-50.229152,-50.229152,0724,0005,bff7,068fb200,0.0,212.7,212.7,0:00:12,7:33:04,-,-,0,-,,,,,04,7,00000000,00,10,,,,,,,,,,,,,,,,,,,,,,,,,,,,
2025-10-12 12:58:18,2025-10-12 12:58:16,2025-10-12 12:58:17,2025-10-12 12:58:17,867488067677285,4060,GTIGL,0x19fe7fbf,,802003,0x8303,0x0115,100,12597,0000,0000,01,00,22,12,12,-,01,01,0.0,0.0,316,316,490,490,-23.044933,-23.044933,-50.229152,-50.229152,0724,0005,bff7,068fb200,0.0,212.7,212.7,0:00:12,7:33:04,-,-,0,-,,,,,,,,,00,,,,,,,,,,,,,,,,,,,,,,,,,,,,
2025-10-12 13:00:58,,,,867488067677285,4062,HBD,,,,,,,,,,,,,,,,,,,,,,,,,,,,,,,,,,,,,,,,,,,,,,,,,,,,,,,,,,,,,,,,,,,,,,,,,,,,,
2025-10-12 13:01:12,2025-10-12 13:01:11,2025-10-12 13:01:10,2025-10-12 12:59:33,867488067677285,4063,GTERI,0x19fe3fbf,0x00028102,802003,0x8303,0x0115,100,13998,0000,-,01,00,22,12,12,-,01,01,0.3,35.1,316,141,494,492,-23.044288,-23.044256,-50.228006,-50.228157,0724,0005,bff7,068fb200,0.3,213.1,212.9,0:03:06,7:35:58,-,-,0,-,,,,,04,7,00000000,00,10,,,,,,,,,,,,,,,,,,,,,,,,,,,,
2025-10-12 13:01:15,2025-10-12 13:01:15,2025-10-12 13:01:14,2025-10-12 13:01:14,867488067677285,4064,GTIGF,0x19fe7fbf,,802003,0x8303,0x0115,100,13273,0000,0000,00,00,12,12,12,191,01,01,0.0,0.0,316,316,494,494,-23.044288,-23.044288,-50.228007,-50.228007,0724,0005,bff7,068fb200,0.3,213.1,213.1,0:03:09,7:36:01,-,-,0,-,,,,,,,,,,,,,,,,,,,,,,,,,,,,,,,,,,,,,
2025-10-12 13:01:15,2025-10-12 13:01:15,2025-10-12 13:01:14,2025-10-12 13:01:14,867488067677285,4065,GTSTT,0x19fe7fbf,,802003,0x8303,0x0115,100,13273,0000,0000,00,00,12,12,12,-,01,01,0.0,0.0,316,316,494,494,-23.044288,-23.044288,-50.228007,-50.228007,0724,0005,bff7,068fb200,0.3,213.1,213.1,0:03:09,7:36:01,-,-,0,-,,,,,,,,,,,,,,,,,,,,,,,,,,,,,,,,,,,,,
2025-10-12 13:01:16,2025-10-12 13:01:15,2025-10-12 13:01:16,2025-10-12 13:01:16,867488067677285,4066,GTIGL,0x19fe7fbf,,802003,0x8303,0x0115,100,13273,0000,0000,00,00,12,12,12,-,01,01,0.0,0.0,316,316,494,494,-23.044288,-23.044288,-50.228007,-50.228007,0724,0005,bff7,068fb200,0.3,213.1,213.1,0:03:09,7:36:01,-,-,0,-,,,,,,,,,01,,,,,,,,,,,,,,,,,,,,,,,,,,,,
2025-10-12 13:01:17,,,,867488067677285,4067,ACK,,,,,,,,,,,,,,,,,,,,,,,,,,,,,,,,,,,,,,,,,,,,,,,,,,,,,,,,,,,,,,,,,,,,,,,,,,,,,
2025-10-12 13:01:18,,,,867488067677285,4068,ACK,,,,,,,,,,,,,,,,,,,,,,,,,,,,,,,,,,,,,,,,,,,,,,,,,,,,,,,,,,,,,,,,,,,,,,,,,,,,,
2025-10-12 13:01:42,2025-10-12 13:01:42,2025-10-12 13:01:42,2025-10-12 13:01:42,867488067677285,4069,GTSTT,0x19fe7fbf,,802003,0x8303,0x0115,100,12905,0000,0000,00,00,11,12,12,-,01,01,0.0,0.0,316,316,494,494,-23.044288,-23.044288,-50.228007,-50.228007,0724,0005,bff7,068fb200,0.3,213.1,213.1,0:03:09,7:36:01,-,-,0,-,,,,,,,,,,,,,,,,,,,,,,,,,,,,,,,,,,,,,
2025-10-12 13:02:58,,,,867488067677285,4071,HBD,,,,,,,,,,,,,,,,,,,,,,,,,,,,,,,,,,,,,,,,,,,,,,,,,,,,,,,,,,,,,,,,,,,,,,,,,,,,,
2025-10-12 13:04:12,,,,867488067677285,4073,HBD,,,,,,,,,,,,,,,,,,,,,,,,,,,,,,,,,,,,,,,,,,,,,,,,,,,,,,,,,,,,,,,,,,,,,,,,,,,,,
2025-10-12 13:04:12,2025-10-12 13:04:11,2025-10-12 13:04:10,2025-10-12 13:04:10,867488067677285,4074,GTERI,0x19fe3fbf,0x00028102,802003,0x8303,0x0115,100,12934,0000,-,00,00,11,12,12,-,01,01,0.0,0.0,316,316,494,494,-23.044288,-23.044288,-50.228007,-50.228007,0724,0005,bff7,068fb200,0.3,213.1,213.1,0:03:09,7:36:01,-,-,0,-,,,,,04,7,00000000,00,10,,,,,,,,,,,,,,,,,,,,,,,,,,,,
2025-10-12 13:06:15,,,,867488067677285,4076,HBD,,,,,,,,,,,,,,,,,,,,,,,,,,,,,,,,,,,,,,,,,,,,,,,,,,,,,,,,,,,,,,,,,,,,,,,,,,,,,
2025-10-12 13:06:16,2025-10-12 13:06:15,2025-10-12 13:06:15,2025-10-12 13:06:15,867488067677285,4077,GTERI,0x19fe3fbf,0x00028102,802003,0x8303,0x0115,100,12922,0000,-,00,00,11,12,12,-,01,01,0.0,0.0,316,316,494,494,-23.044288,-23.044288,-50.228007,-50.228007,0724,0005,bff7,068fb200,0.3,213.1,213.1,0:03:09,7:36:01,-,-,0,-,,,,,04,7,00000000,00,10,,,,,,,,,,,,,,,,,,,,,,,,,,,,
2025-10-12 13:08:59,,,,867488067677285,4078,HBD,,,,,,,,,,,,,,,,,,,,,,,,,,,,,,,,,,,,,,,,,,,,,,,,,,,,,,,,,,,,,,,,,,,,,,,,,,,,,
2025-10-12 13:11:00,,,,867488067677285,4079,HBD,,,,,,,,,,,,,,,,,,,,,,,,,,,,,,,,,,,,,,,,,,,,,,,,,,,,,,,,,,,,,,,,,,,,,,,,,,,,,
2025-10-12 13:13:00,,,,867488067677285,4080,HBD,,,,,,,,,,,,,,,,,,,,,,,,,,,,,,,,,,,,,,,,,,,,,,,,,,,,,,,,,,,,,,,,,,,,,,,,,,,,,
2025-10-12 13:15:01,,,,867488067677285,4081,HBD,,,,,,,,,,,,,,,,,,,,,,,,,,,,,,,,,,,,,,,,,,,,,,,,,,,,,,,,,,,,,,,,,,,,,,,,,,,,,
2025-10-12 13:17:01,,,,867488067677285,4082,HBD,,,,,,,,,,,,,,,,,,,,,,,,,,,,,,,,,,,,,,,,,,,,,,,,,,,,,,,,,,,,,,,,,,,,,,,,,,,,,
2025-10-12 13:19:02,,,,867488067677285,4083,HBD,,,,,,,,,,,,,,,,,,,,,,,,,,,,,,,,,,,,,,,,,,,,,,,,,,,,,,,,,,,,,,,,,,,,,,,,,,,,,
2025-10-12 13:21:02,,,,867488067677285,4084,HBD,,,,,,,,,,,,,,,,,,,,,,,,,,,,,,,,,,,,,,,,,,,,,,,,,,,,,,,,,,,,,,,,,,,,,,,,,,,,,
2025-10-12 13:23:03,,,,867488067677285,4085,HBD,,,,,,,,,,,,,,,,,,,,,,,,,,,,,,,,,,,,,,,,,,,,,,,,,,,,,,,,,,,,,,,,,,,,,,,,,,,,,
2025-10-12 13:25:03,,,,867488067677285,4086,HBD,,,,,,,,,,,,,,,,,,,,,,,,,,,,,,,,,,,,,,,,,,,,,,,,,,,,,,,,,,,,,,,,,,,,,,,,,,,,,
2025-10-12 13:27:04,,,,867488067677285,4087,HBD,,,,,,,,,,,,,,,,,,,,,,,,,,,,,,,,,,,,,,,,,,,,,,,,,,,,,,,,,,,,,,,,,,,,,,,,,,,,,
2025-10-12 13:29:04,,,,867488067677285,4088,HBD,,,,,,,,,,,,,,,,,,,,,,,,,,,,,,,,,,,,,,,,,,,,,,,,,,,,,,,,,,,,,,,,,,,,,,,,,,,,,
2025-10-12 13:31:05,,,,867488067677285,4089,HBD,,,,,,,,,,,,,,,,,,,,,,,,,,,,,,,,,,,,,,,,,,,,,,,,,,,,,,,,,,,,,,,,,,,,,,,,,,,,,
2025-10-12 13:33:05,,,,867488067677285,4090,HBD,,,,,,,,,,,,,,,,,,,,,,,,,,,,,,,,,,,,,,,,,,,,,,,,,,,,,,,,,,,,,,,,,,,,,,,,,,,,,
2025-10-12 13:35:06,,,,867488067677285,4091,HBD,,,,,,,,,,,,,,,,,,,,,,,,,,,,,,,,,,,,,,,,,,,,,,,,,,,,,,,,,,,,,,,,,,,,,,,,,,,,,
2025-10-12 13:37:06,,,,867488067677285,4092,HBD,,,,,,,,,,,,,,,,,,,,,,,,,,,,,,,,,,,,,,,,,,,,,,,,,,,,,,,,,,,,,,,,,,,,,,,,,,,,,
2025-10-12 13:39:07,,,,867488067677285,4093,HBD,,,,,,,,,,,,,,,,,,,,,,,,,,,,,,,,,,,,,,,,,,,,,,,,,,,,,,,,,,,,,,,,,,,,,,,,,,,,,
2025-10-12 13:41:07,,,,867488067677285,4094,HBD,,,,,,,,,,,,,,,,,,,,,,,,,,,,,,,,,,,,,,,,,,,,,,,,,,,,,,,,,,,,,,,,,,,,,,,,,,,,,
2025-10-12 13:43:07,,,,867488067677285,4095,HBD,,,,,,,,,,,,,,,,,,,,,,,,,,,,,,,,,,,,,,,,,,,,,,,,,,,,,,,,,,,,,,,,,,,,,,,,,,,,,
2025-10-12 13:44:08,,,,867488067677285,4096,HBD,,,,,,,,,,,,,,,,,,,,,,,,,,,,,,,,,,,,,,,,,,,,,,,,,,,,,,,,,,,,,,,,,,,,,,,,,,,,,
2025-10-12 13:46:08,,,,867488067677285,4097,HBD,,,,,,,,,,,,,,,,,,,,,,,,,,,,,,,,,,,,,,,,,,,,,,,,,,,,,,,,,,,,,,,,,,,,,,,,,,,,,
2025-10-12 13:48:09,,,,867488067677285,4098,HBD,,,,,,,,,,,,,,,,,,,,,,,,,,,,,,,,,,,,,,,,,,,,,,,,,,,,,,,,,,,,,,,,,,,,,,,,,,,,,
2025-10-12 13:50:09,,,,867488067677285,4099,HBD,,,,,,,,,,,,,,,,,,,,,,,,,,,,,,,,,,,,,,,,,,,,,,,,,,,,,,,,,,,,,,,,,,,,,,,,,,,,,
2025-10-12 13:50:52,2025-10-12 13:50:51,2025-10-12 13:06:15,2025-10-12 13:06:15,867488067677285,4101,GTIGN,0x19fe7fbf,,802003,0x8303,0x0115,100,12664,0000,0000,01,00,21,12,12,2976,00,01,0.0,0.0,316,316,494,494,-23.044288,-23.044288,-50.228007,-50.228007,0724,0005,bff7,068fb200,0.0,213.1,213.1,0:00:00,7:36:01,-,-,0,-,,,,,,,,,,,,,,,,,,,,,,,,,,,,,,,,,,,,,
2025-10-12 13:50:52,2025-10-12 13:50:51,2025-10-12 13:06:15,2025-10-12 13:06:15,867488067677285,4102,GTSTT,0x19fe7fbf,,802003,0x8303,0x0115,100,12664,0000,0000,01,00,21,12,12,-,00,00,0.0,0.0,316,316,494,494,-23.044288,-23.044288,-50.228007,-50.228007,0724,0005,bff7,068fb200,0.0,213.1,213.1,0:00:00,7:36:01,-,-,0,-,,,,,,,,,,,,,,,,,,,,,,,,,,,,,,,,,,,,,
2025-10-12 13:50:53,2025-10-12 13:50:52,2025-10-12 13:06:15,2025-10-12 13:06:15,867488067677285,4103,GTSTT,0x19fe7fbf,,802003,0x8303,0x0115,100,12664,0000,0000,01,00,22,12,12,-,00,00,0.0,0.0,316,316,494,494,-23.044288,-23.044288,-50.228007,-50.228007,0724,0005,bff7,068fb200,0.0,213.1,213.1,0:00:00,7:36:01,-,-,0,-,,,,,,,,,,,,,,,,,,,,,,,,,,,,,,,,,,,,,
2025-10-12 13:51:12,2025-10-12 13:51:11,2025-10-12 13:51:12,2025-10-12 13:51:12,867488067677285,4104,GTERI,0x19fe3fbf,0x00028102,802003,0x8303,0x0115,100,13960,0000,-,01,00,22,12,12,-,01,01,20.4,20.4,44,44,503,503,-23.043918,-23.043918,-50.228138,-50.228138,0724,0005,bff7,068fb200,0.0,213.1,213.1,0:00:18,7:36:19,-,-,0,-,,,,,04,7,00000000,00,10,,,,,,,,,,,,,,,,,,,,,,,,,,,,
2025-10-12 13:51:12,2025-10-12 13:51:11,2025-10-12 13:51:12,2025-10-12 13:51:12,867488067677285,4105,GTIGL,0x19fe7fbf,,802003,0x8303,0x0115,100,13960,0000,0000,01,00,22,12,12,-,01,01,20.4,20.4,44,44,503,503,-23.043918,-23.043918,-50.228138,-50.228138,0724,0005,bff7,068fb200,0.0,213.1,213.1,0:00:18,7:36:19,-,-,0,-,,,,,,,,,00,,,,,,,,,,,,,,,,,,,,,,,,,,,,
2025-10-12 13:52:10,,,,867488067677285,4106,HBD,,,,,,,,,,,,,,,,,,,,,,,,,,,,,,,,,,,,,,,,,,,,,,,,,,,,,,,,,,,,,,,,,,,,,,,,,,,,,
2025-10-12 13:52:51,2025-10-12 13:52:51,2025-10-12 13:52:51,2025-10-12 13:52:51,867488067677285,4107,GTIGF,0x19fe7fbf,,802003,0x8303,0x0115,100,12989,0000,0000,00,00,12,12,12,119,01,01,0.0,0.0,44,44,496,496,-23.044829,-23.044829,-50.227241,-50.227241,0724,0005,bff7,068fb200,0.4,213.5,213.5,0:01:57,7:37:58,-,-,0,-,,,,,,,,,,,,,,,,,,,,,,,,,,,,,,,,,,,,,
2025-10-12 13:52:51,2025-10-12 13:52:51,2025-10-12 13:52:51,2025-10-12 13:52:51,867488067677285,4108,GTSTT,0x19fe7fbf,,802003,0x8303,0x0115,100,12989,0000,0000,00,00,12,12,12,-,01,01,0.0,0.0,44,44,496,496,-23.044829,-23.044829,-50.227241,-50.227241,0724,0005,bff7,068fb200,0.4,213.5,213.5,0:01:57,7:37:58,-,-,0,-,,,,,,,,,,,,,,,,,,,,,,,,,,,,,,,,,,,,,
2025-10-12 13:52:52,,,,867488067677285,4110,ACK,,,,,,,,,,,,,,,,,,,,,,,,,,,,,,,,,,,,,,,,,,,,,,,,,,,,,,,,,,,,,,,,,,,,,,,,,,,,,
2025-10-12 13:52:53,,,,867488067677285,4111,ACK,,,,,,,,,,,,,,,,,,,,,,,,,,,,,,,,,,,,,,,,,,,,,,,,,,,,,,,,,,,,,,,,,,,,,,,,,,,,,
2025-10-12 13:52:53,2025-10-12 13:52:51,2025-10-12 13:52:52,2025-10-12 13:52:52,867488067677285,4112,GTIGL,0x19fe7fbf,,802003,0x8303,0x0115,100,12886,0000,0000,00,00,12,12,12,-,01,01,0.0,0.0,44,44,496,496,-23.044829,-23.044829,-50.227241,-50.227241,0724,0005,bff7,068fb200,0.4,213.5,213.5,0:01:57,7:37:58,-,-,0,-,,,,,,,,,01,,,,,,,,,,,,,,,,,,,,,,,,,,,,
2025-10-12 13:53:02,2025-10-12 13:53:01,2025-10-12 13:53:01,2025-10-12 13:53:01,867488067677285,4113,GTSTT,0x19fe7fbf,,802003,0x8303,0x0115,100,12812,0000,0000,00,00,11,12,12,-,01,01,0.0,0.0,44,44,496,496,-23.044829,-23.044829,-50.227241,-50.227241,0724,0005,bff7,068fb200,0.4,213.5,213.5,0:01:57,7:37:58,-,-,0,-,,,,,,,,,,,,,,,,,,,,,,,,,,,,,,,,,,,,,
2025-10-12 13:53:57,2025-10-12 13:53:56,2025-10-12 13:53:55,2025-10-12 13:53:55,867488067677285,4114,GTERI,0x19fe3fbf,0x00028102,802003,0x8303,0x0115,100,12756,0000,-,00,00,1a,12,12,-,01,01,0.0,0.0,44,44,496,496,-23.044829,-23.044829,-50.227241,-50.227241,0724,0005,bff7,068fb200,0.4,213.5,213.5,0:01:57,7:37:58,-,-,0,-,,,,,04,7,00000000,00,10,,,,,,,,,,,,,,,,,,,,,,,,,,,,
2025-10-12 13:54:10,,,,867488067677285,4115,HBD,,,,,,,,,,,,,,,,,,,,,,,,,,,,,,,,,,,,,,,,,,,,,,,,,,,,,,,,,,,,,,,,,,,,,,,,,,,,,
2025-10-12 13:56:11,,,,867488067677285,4117,HBD,,,,,,,,,,,,,,,,,,,,,,,,,,,,,,,,,,,,,,,,,,,,,,,,,,,,,,,,,,,,,,,,,,,,,,,,,,,,,
2025-10-12 13:56:57,2025-10-12 13:56:56,2025-10-12 13:56:55,2025-10-12 13:56:55,867488067677285,4119,GTERI,0x19fe3fbf,0x00028102,802003,0x8303,0x0115,100,12812,0000,-,00,00,11,12,12,-,01,01,0.0,0.0,44,44,496,496,-23.044829,-23.044829,-50.227241,-50.227241,0724,0005,bff7,068fb200,0.4,213.5,213.5,0:01:57,7:37:58,-,-,0,-,,,,,04,7,00000000,00,10,,,,,,,,,,,,,,,,,,,,,,,,,,,,
2025-10-12 13:57:52,2025-10-12 13:57:51,2025-10-12 13:57:52,2025-10-12 13:57:52,867488067677285,4120,GTERI,0x19fe3fbf,0x00028102,802003,0x8303,0x0115,100,12818,0000,-,00,00,11,12,12,-,01,01,0.0,0.0,44,44,496,496,-23.044829,-23.044829,-50.227241,-50.227241,0724,0005,bff7,068fb200,0.4,213.5,213.5,0:01:57,7:37:58,-,-,0,-,,,,,04,7,00000000,00,10,,,,,,,,,,,,,,,,,,,,,,,,,,,,
2025-10-12 13:58:11,,,,867488067677285,4121,HBD,,,,,,,,,,,,,,,,,,,,,,,,,,,,,,,,,,,,,,,,,,,,,,,,,,,,,,,,,,,,,,,,,,,,,,,,,,,,,
2025-10-12 14:00:11,,,,867488067677285,4122,HBD,,,,,,,,,,,,,,,,,,,,,,,,,,,,,,,,,,,,,,,,,,,,,,,,,,,,,,,,,,,,,,,,,,,,,,,,,,,,,
2025-10-12 14:02:12,,,,867488067677285,4123,HBD,,,,,,,,,,,,,,,,,,,,,,,,,,,,,,,,,,,,,,,,,,,,,,,,,,,,,,,,,,,,,,,,,,,,,,,,,,,,,
2025-10-12 14:04:12,,,,867488067677285,4124,HBD,,,,,,,,,,,,,,,,,,,,,,,,,,,,,,,,,,,,,,,,,,,,,,,,,,,,,,,,,,,,,,,,,,,,,,,,,,,,,
2025-10-12 14:06:13,,,,867488067677285,4125,HBD,,,,,,,,,,,,,,,,,,,,,,,,,,,,,,,,,,,,,,,,,,,,,,,,,,,,,,,,,,,,,,,,,,,,,,,,,,,,,
2025-10-12 14:08:13,,,,867488067677285,4126,HBD,,,,,,,,,,,,,,,,,,,,,,,,,,,,,,,,,,,,,,,,,,,,,,,,,,,,,,,,,,,,,,,,,,,,,,,,,,,,,
2025-10-12 14:10:14,,,,867488067677285,4127,HBD,,,,,,,,,,,,,,,,,,,,,,,,,,,,,,,,,,,,,,,,,,,,,,,,,,,,,,,,,,,,,,,,,,,,,,,,,,,,,
2025-10-12 14:12:14,,,,867488067677285,4128,HBD,,,,,,,,,,,,,,,,,,,,,,,,,,,,,,,,,,,,,,,,,,,,,,,,,,,,,,,,,,,,,,,,,,,,,,,,,,,,,
2025-10-12 14:14:15,,,,867488067677285,4129,HBD,,,,,,,,,,,,,,,,,,,,,,,,,,,,,,,,,,,,,,,,,,,,,,,,,,,,,,,,,,,,,,,,,,,,,,,,,,,,,
2025-10-12 14:16:15,,,,867488067677285,4130,HBD,,,,,,,,,,,,,,,,,,,,,,,,,,,,,,,,,,,,,,,,,,,,,,,,,,,,,,,,,,,,,,,,,,,,,,,,,,,,,
2025-10-12 14:18:16,,,,867488067677285,4131,HBD,,,,,,,,,,,,,,,,,,,,,,,,,,,,,,,,,,,,,,,,,,,,,,,,,,,,,,,,,,,,,,,,,,,,,,,,,,,,,
2025-10-12 14:20:16,,,,867488067677285,4132,HBD,,,,,,,,,,,,,,,,,,,,,,,,,,,,,,,,,,,,,,,,,,,,,,,,,,,,,,,,,,,,,,,,,,,,,,,,,,,,,
2025-10-12 14:22:17,,,,867488067677285,4133,HBD,,,,,,,,,,,,,,,,,,,,,,,,,,,,,,,,,,,,,,,,,,,,,,,,,,,,,,,,,,,,,,,,,,,,,,,,,,,,,
2025-10-12 14:24:17,,,,867488067677285,4134,HBD,,,,,,,,,,,,,,,,,,,,,,,,,,,,,,,,,,,,,,,,,,,,,,,,,,,,,,,,,,,,,,,,,,,,,,,,,,,,,
2025-10-12 14:26:18,,,,867488067677285,4135,HBD,,,,,,,,,,,,,,,,,,,,,,,,,,,,,,,,,,,,,,,,,,,,,,,,,,,,,,,,,,,,,,,,,,,,,,,,,,,,,
2025-10-12 14:28:18,,,,867488067677285,4136,HBD,,,,,,,,,,,,,,,,,,,,,,,,,,,,,,,,,,,,,,,,,,,,,,,,,,,,,,,,,,,,,,,,,,,,,,,,,,,,,
2025-10-12 14:30:19,,,,867488067677285,4137,HBD,,,,,,,,,,,,,,,,,,,,,,,,,,,,,,,,,,,,,,,,,,,,,,,,,,,,,,,,,,,,,,,,,,,,,,,,,,,,,
2025-10-12 14:32:19,,,,867488067677285,4138,HBD,,,,,,,,,,,,,,,,,,,,,,,,,,,,,,,,,,,,,,,,,,,,,,,,,,,,,,,,,,,,,,,,,,,,,,,,,,,,,
2025-10-12 14:34:20,,,,867488067677285,4139,HBD,,,,,,,,,,,,,,,,,,,,,,,,,,,,,,,,,,,,,,,,,,,,,,,,,,,,,,,,,,,,,,,,,,,,,,,,,,,,,
2025-10-12 14:36:20,,,,867488067677285,4140,HBD,,,,,,,,,,,,,,,,,,,,,,,,,,,,,,,,,,,,,,,,,,,,,,,,,,,,,,,,,,,,,,,,,,,,,,,,,,,,,
2025-10-12 14:38:21,,,,867488067677285,4141,HBD,,,,,,,,,,,,,,,,,,,,,,,,,,,,,,,,,,,,,,,,,,,,,,,,,,,,,,,,,,,,,,,,,,,,,,,,,,,,,
2025-10-12 14:40:21,,,,867488067677285,4142,HBD,,,,,,,,,,,,,,,,,,,,,,,,,,,,,,,,,,,,,,,,,,,,,,,,,,,,,,,,,,,,,,,,,,,,,,,,,,,,,
2025-10-12 14:42:22,,,,867488067677285,4143,HBD,,,,,,,,,,,,,,,,,,,,,,,,,,,,,,,,,,,,,,,,,,,,,,,,,,,,,,,,,,,,,,,,,,,,,,,,,,,,,
2025-10-12 14:44:22,,,,867488067677285,4144,HBD,,,,,,,,,,,,,,,,,,,,,,,,,,,,,,,,,,,,,,,,,,,,,,,,,,,,,,,,,,,,,,,,,,,,,,,,,,,,,
2025-10-12 14:46:23,,,,867488067677285,4145,HBD,,,,,,,,,,,,,,,,,,,,,,,,,,,,,,,,,,,,,,,,,,,,,,,,,,,,,,,,,,,,,,,,,,,,,,,,,,,,,
2025-10-12 14:48:23,,,,867488067677285,4146,HBD,,,,,,,,,,,,,,,,,,,,,,,,,,,,,,,,,,,,,,,,,,,,,,,,,,,,,,,,,,,,,,,,,,,,,,,,,,,,,
2025-10-12 14:50:24,,,,867488067677285,4147,HBD,,,,,,,,,,,,,,,,,,,,,,,,,,,,,,,,,,,,,,,,,,,,,,,,,,,,,,,,,,,,,,,,,,,,,,,,,,,,,
2025-10-12 14:52:24,,,,867488067677285,4148,HBD,,,,,,,,,,,,,,,,,,,,,,,,,,,,,,,,,,,,,,,,,,,,,,,,,,,,,,,,,,,,,,,,,,,,,,,,,,,,,
2025-10-12 14:54:25,,,,867488067677285,4149,HBD,,,,,,,,,,,,,,,,,,,,,,,,,,,,,,,,,,,,,,,,,,,,,,,,,,,,,,,,,,,,,,,,,,,,,,,,,,,,,
2025-10-12 14:56:25,,,,867488067677285,4150,HBD,,,,,,,,,,,,,,,,,,,,,,,,,,,,,,,,,,,,,,,,,,,,,,,,,,,,,,,,,,,,,,,,,,,,,,,,,,,,,
2025-10-12 14:57:47,2025-10-12 14:57:46,2025-10-12 14:55:22,2025-10-12 14:55:22,867488067677285,4151,GTERI,0x19fe3fbf,0x00028102,802003,0x8303,0x0115,100,12893,0000,-,00,00,11,12,12,-,01,01,0.0,0.0,44,44,496,496,-23.044829,-23.044829,-50.227241,-50.227241,0724,0005,bff7,068fb200,0.4,213.5,213.5,0:01:57,7:37:58,-,-,0,-,,,,,04,7,00000000,00,10,,,,,,,,,,,,,,,,,,,,,,,,,,,,
2025-10-12 14:58:25,,,,867488067677285,4152,HBD,,,,,,,,,,,,,,,,,,,,,,,,,,,,,,,,,,,,,,,,,,,,,,,,,,,,,,,,,,,,,,,,,,,,,,,,,,,,,
2025-10-12 15:00:26,,,,867488067677285,4153,HBD,,,,,,,,,,,,,,,,,,,,,,,,,,,,,,,,,,,,,,,,,,,,,,,,,,,,,,,,,,,,,,,,,,,,,,,,,,,,,
2025-10-12 15:02:27,,,,867488067677285,4154,HBD,,,,,,,,,,,,,,,,,,,,,,,,,,,,,,,,,,,,,,,,,,,,,,,,,,,,,,,,,,,,,,,,,,,,,,,,,,,,,
2025-10-12 15:04:27,,,,867488067677285,4155,HBD,,,,,,,,,,,,,,,,,,,,,,,,,,,,,,,,,,,,,,,,,,,,,,,,,,,,,,,,,,,,,,,,,,,,,,,,,,,,,
2025-10-12 15:06:28,,,,867488067677285,4156,HBD,,,,,,,,,,,,,,,,,,,,,,,,,,,,,,,,,,,,,,,,,,,,,,,,,,,,,,,,,,,,,,,,,,,,,,,,,,,,,
2025-10-12 15:08:28,,,,867488067677285,4157,HBD,,,,,,,,,,,,,,,,,,,,,,,,,,,,,,,,,,,,,,,,,,,,,,,,,,,,,,,,,,,,,,,,,,,,,,,,,,,,,
2025-10-12 15:10:28,,,,867488067677285,4158,HBD,,,,,,,,,,,,,,,,,,,,,,,,,,,,,,,,,,,,,,,,,,,,,,,,,,,,,,,,,,,,,,,,,,,,,,,,,,,,,
2025-10-12 15:12:29,,,,867488067677285,4159,HBD,,,,,,,,,,,,,,,,,,,,,,,,,,,,,,,,,,,,,,,,,,,,,,,,,,,,,,,,,,,,,,,,,,,,,,,,,,,,,
2025-10-12 15:14:29,,,,867488067677285,4160,HBD,,,,,,,,,,,,,,,,,,,,,,,,,,,,,,,,,,,,,,,,,,,,,,,,,,,,,,,,,,,,,,,,,,,,,,,,,,,,,
2025-10-12 15:16:30,,,,867488067677285,4161,HBD,,,,,,,,,,,,,,,,,,,,,,,,,,,,,,,,,,,,,,,,,,,,,,,,,,,,,,,,,,,,,,,,,,,,,,,,,,,,,
2025-10-12 15:18:30,,,,867488067677285,4162,HBD,,,,,,,,,,,,,,,,,,,,,,,,,,,,,,,,,,,,,,,,,,,,,,,,,,,,,,,,,,,,,,,,,,,,,,,,,,,,,
2025-10-12 15:20:31,,,,867488067677285,4163,HBD,,,,,,,,,,,,,,,,,,,,,,,,,,,,,,,,,,,,,,,,,,,,,,,,,,,,,,,,,,,,,,,,,,,,,,,,,,,,,
2025-10-12 15:22:31,,,,867488067677285,4164,HBD,,,,,,,,,,,,,,,,,,,,,,,,,,,,,,,,,,,,,,,,,,,,,,,,,,,,,,,,,,,,,,,,,,,,,,,,,,,,,
2025-10-12 15:24:32,,,,867488067677285,4165,HBD,,,,,,,,,,,,,,,,,,,,,,,,,,,,,,,,,,,,,,,,,,,,,,,,,,,,,,,,,,,,,,,,,,,,,,,,,,,,,
2025-10-12 15:26:32,,,,867488067677285,4166,HBD,,,,,,,,,,,,,,,,,,,,,,,,,,,,,,,,,,,,,,,,,,,,,,,,,,,,,,,,,,,,,,,,,,,,,,,,,,,,,
2025-10-12 15:28:33,,,,867488067677285,4167,HBD,,,,,,,,,,,,,,,,,,,,,,,,,,,,,,,,,,,,,,,,,,,,,,,,,,,,,,,,,,,,,,,,,,,,,,,,,,,,,
2025-10-12 15:30:33,,,,867488067677285,4168,HBD,,,,,,,,,,,,,,,,,,,,,,,,,,,,,,,,,,,,,,,,,,,,,,,,,,,,,,,,,,,,,,,,,,,,,,,,,,,,,
2025-10-12 15:32:34,,,,867488067677285,4169,HBD,,,,,,,,,,,,,,,,,,,,,,,,,,,,,,,,,,,,,,,,,,,,,,,,,,,,,,,,,,,,,,,,,,,,,,,,,,,,,
2025-10-12 15:34:34,,,,867488067677285,4170,HBD,,,,,,,,,,,,,,,,,,,,,,,,,,,,,,,,,,,,,,,,,,,,,,,,,,,,,,,,,,,,,,,,,,,,,,,,,,,,,
2025-10-12 15:36:35,,,,867488067677285,4171,HBD,,,,,,,,,,,,,,,,,,,,,,,,,,,,,,,,,,,,,,,,,,,,,,,,,,,,,,,,,,,,,,,,,,,,,,,,,,,,,
2025-10-12 15:38:35,,,,867488067677285,4172,HBD,,,,,,,,,,,,,,,,,,,,,,,,,,,,,,,,,,,,,,,,,,,,,,,,,,,,,,,,,,,,,,,,,,,,,,,,,,,,,
2025-10-12 15:40:36,,,,867488067677285,4173,HBD,,,,,,,,,,,,,,,,,,,,,,,,,,,,,,,,,,,,,,,,,,,,,,,,,,,,,,,,,,,,,,,,,,,,,,,,,,,,,
2025-10-12 15:42:36,,,,867488067677285,4174,HBD,,,,,,,,,,,,,,,,,,,,,,,,,,,,,,,,,,,,,,,,,,,,,,,,,,,,,,,,,,,,,,,,,,,,,,,,,,,,,
2025-10-12 15:44:37,,,,867488067677285,4175,HBD,,,,,,,,,,,,,,,,,,,,,,,,,,,,,,,,,,,,,,,,,,,,,,,,,,,,,,,,,,,,,,,,,,,,,,,,,,,,,
2025-10-12 15:46:37,,,,867488067677285,4176,HBD,,,,,,,,,,,,,,,,,,,,,,,,,,,,,,,,,,,,,,,,,,,,,,,,,,,,,,,,,,,,,,,,,,,,,,,,,,,,,
2025-10-12 15:48:37,,,,867488067677285,4177,HBD,,,,,,,,,,,,,,,,,,,,,,,,,,,,,,,,,,,,,,,,,,,,,,,,,,,,,,,,,,,,,,,,,,,,,,,,,,,,,
2025-10-12 15:50:38,,,,867488067677285,4178,HBD,,,,,,,,,,,,,,,,,,,,,,,,,,,,,,,,,,,,,,,,,,,,,,,,,,,,,,,,,,,,,,,,,,,,,,,,,,,,,
2025-10-12 15:52:38,,,,867488067677285,4179,HBD,,,,,,,,,,,,,,,,,,,,,,,,,,,,,,,,,,,,,,,,,,,,,,,,,,,,,,,,,,,,,,,,,,,,,,,,,,,,,
2025-10-12 15:54:39,,,,867488067677285,4180,HBD,,,,,,,,,,,,,,,,,,,,,,,,,,,,,,,,,,,,,,,,,,,,,,,,,,,,,,,,,,,,,,,,,,,,,,,,,,,,,
2025-10-12 15:56:39,,,,867488067677285,4181,HBD,,,,,,,,,,,,,,,,,,,,,,,,,,,,,,,,,,,,,,,,,,,,,,,,,,,,,,,,,,,,,,,,,,,,,,,,,,,,,
2025-10-12 15:57:47,2025-10-12 15:57:46,2025-10-12 15:55:24,2025-10-12 15:55:24,867488067677285,4182,GTERI,0x19fe3fbf,0x00028102,802003,0x8303,0x0115,100,12911,0000,-,00,00,11,12,12,-,01,01,0.0,0.0,44,44,496,496,-23.044829,-23.044829,-50.227241,-50.227241,0724,0005,bff7,068fb200,0.4,213.5,213.5,0:01:57,7:37:58,-,-,0,-,,,,,04,7,00000000,00,10,,,,,,,,,,,,,,,,,,,,,,,,,,,,
2025-10-12 15:58:40,,,,867488067677285,4183,HBD,,,,,,,,,,,,,,,,,,,,,,,,,,,,,,,,,,,,,,,,,,,,,,,,,,,,,,,,,,,,,,,,,,,,,,,,,,,,,
2025-10-12 16:00:40,,,,867488067677285,4184,HBD,,,,,,,,,,,,,,,,,,,,,,,,,,,,,,,,,,,,,,,,,,,,,,,,,,,,,,,,,,,,,,,,,,,,,,,,,,,,,
2025-10-12 16:02:41,,,,867488067677285,4185,HBD,,,,,,,,,,,,,,,,,,,,,,,,,,,,,,,,,,,,,,,,,,,,,,,,,,,,,,,,,,,,,,,,,,,,,,,,,,,,,
2025-10-12 16:04:41,,,,867488067677285,4186,HBD,,,,,,,,,,,,,,,,,,,,,,,,,,,,,,,,,,,,,,,,,,,,,,,,,,,,,,,,,,,,,,,,,,,,,,,,,,,,,
2025-10-12 16:06:42,,,,867488067677285,4187,HBD,,,,,,,,,,,,,,,,,,,,,,,,,,,,,,,,,,,,,,,,,,,,,,,,,,,,,,,,,,,,,,,,,,,,,,,,,,,,,
2025-10-12 16:08:42,,,,867488067677285,4188,HBD,,,,,,,,,,,,,,,,,,,,,,,,,,,,,,,,,,,,,,,,,,,,,,,,,,,,,,,,,,,,,,,,,,,,,,,,,,,,,
2025-10-12 16:10:43,,,,867488067677285,4189,HBD,,,,,,,,,,,,,,,,,,,,,,,,,,,,,,,,,,,,,,,,,,,,,,,,,,,,,,,,,,,,,,,,,,,,,,,,,,,,,
2025-10-12 16:12:43,,,,867488067677285,4190,HBD,,,,,,,,,,,,,,,,,,,,,,,,,,,,,,,,,,,,,,,,,,,,,,,,,,,,,,,,,,,,,,,,,,,,,,,,,,,,,
2025-10-12 16:14:44,,,,867488067677285,4191,HBD,,,,,,,,,,,,,,,,,,,,,,,,,,,,,,,,,,,,,,,,,,,,,,,,,,,,,,,,,,,,,,,,,,,,,,,,,,,,,
2025-10-12 16:16:44,,,,867488067677285,4192,HBD,,,,,,,,,,,,,,,,,,,,,,,,,,,,,,,,,,,,,,,,,,,,,,,,,,,,,,,,,,,,,,,,,,,,,,,,,,,,,
2025-10-12 16:18:45,,,,867488067677285,4193,HBD,,,,,,,,,,,,,,,,,,,,,,,,,,,,,,,,,,,,,,,,,,,,,,,,,,,,,,,,,,,,,,,,,,,,,,,,,,,,,
2025-10-12 16:20:45,,,,867488067677285,4194,HBD,,,,,,,,,,,,,,,,,,,,,,,,,,,,,,,,,,,,,,,,,,,,,,,,,,,,,,,,,,,,,,,,,,,,,,,,,,,,,
2025-10-12 16:22:46,,,,867488067677285,4195,HBD,,,,,,,,,,,,,,,,,,,,,,,,,,,,,,,,,,,,,,,,,,,,,,,,,,,,,,,,,,,,,,,,,,,,,,,,,,,,,
2025-10-12 16:24:46,,,,867488067677285,4196,HBD,,,,,,,,,,,,,,,,,,,,,,,,,,,,,,,,,,,,,,,,,,,,,,,,,,,,,,,,,,,,,,,,,,,,,,,,,,,,,
2025-10-12 16:26:47,,,,867488067677285,4197,HBD,,,,,,,,,,,,,,,,,,,,,,,,,,,,,,,,,,,,,,,,,,,,,,,,,,,,,,,,,,,,,,,,,,,,,,,,,,,,,
2025-10-12 16:28:47,,,,867488067677285,4198,HBD,,,,,,,,,,,,,,,,,,,,,,,,,,,,,,,,,,,,,,,,,,,,,,,,,,,,,,,,,,,,,,,,,,,,,,,,,,,,,
2025-10-12 16:30:47,,,,867488067677285,4199,HBD,,,,,,,,,,,,,,,,,,,,,,,,,,,,,,,,,,,,,,,,,,,,,,,,,,,,,,,,,,,,,,,,,,,,,,,,,,,,,
2025-10-12 16:32:48,,,,867488067677285,4200,HBD,,,,,,,,,,,,,,,,,,,,,,,,,,,,,,,,,,,,,,,,,,,,,,,,,,,,,,,,,,,,,,,,,,,,,,,,,,,,,
2025-10-12 16:34:48,,,,867488067677285,4201,HBD,,,,,,,,,,,,,,,,,,,,,,,,,,,,,,,,,,,,,,,,,,,,,,,,,,,,,,,,,,,,,,,,,,,,,,,,,,,,,
2025-10-12 16:36:49,,,,867488067677285,4202,HBD,,,,,,,,,,,,,,,,,,,,,,,,,,,,,,,,,,,,,,,,,,,,,,,,,,,,,,,,,,,,,,,,,,,,,,,,,,,,,
2025-10-12 16:38:49,,,,867488067677285,4203,HBD,,,,,,,,,,,,,,,,,,,,,,,,,,,,,,,,,,,,,,,,,,,,,,,,,,,,,,,,,,,,,,,,,,,,,,,,,,,,,
2025-10-12 16:40:50,,,,867488067677285,4204,HBD,,,,,,,,,,,,,,,,,,,,,,,,,,,,,,,,,,,,,,,,,,,,,,,,,,,,,,,,,,,,,,,,,,,,,,,,,,,,,
2025-10-12 16:42:50,,,,867488067677285,4205,HBD,,,,,,,,,,,,,,,,,,,,,,,,,,,,,,,,,,,,,,,,,,,,,,,,,,,,,,,,,,,,,,,,,,,,,,,,,,,,,
2025-10-12 16:44:51,,,,867488067677285,4206,HBD,,,,,,,,,,,,,,,,,,,,,,,,,,,,,,,,,,,,,,,,,,,,,,,,,,,,,,,,,,,,,,,,,,,,,,,,,,,,,
2025-10-12 16:46:51,,,,867488067677285,4207,HBD,,,,,,,,,,,,,,,,,,,,,,,,,,,,,,,,,,,,,,,,,,,,,,,,,,,,,,,,,,,,,,,,,,,,,,,,,,,,,
2025-10-12 16:48:52,,,,867488067677285,4208,HBD,,,,,,,,,,,,,,,,,,,,,,,,,,,,,,,,,,,,,,,,,,,,,,,,,,,,,,,,,,,,,,,,,,,,,,,,,,,,,
2025-10-12 16:50:52,,,,867488067677285,4209,HBD,,,,,,,,,,,,,,,,,,,,,,,,,,,,,,,,,,,,,,,,,,,,,,,,,,,,,,,,,,,,,,,,,,,,,,,,,,,,,
2025-10-12 16:52:53,,,,867488067677285,4210,HBD,,,,,,,,,,,,,,,,,,,,,,,,,,,,,,,,,,,,,,,,,,,,,,,,,,,,,,,,,,,,,,,,,,,,,,,,,,,,,
2025-10-12 16:54:53,,,,867488067677285,4211,HBD,,,,,,,,,,,,,,,,,,,,,,,,,,,,,,,,,,,,,,,,,,,,,,,,,,,,,,,,,,,,,,,,,,,,,,,,,,,,,
2025-10-12 16:56:54,,,,867488067677285,4212,HBD,,,,,,,,,,,,,,,,,,,,,,,,,,,,,,,,,,,,,,,,,,,,,,,,,,,,,,,,,,,,,,,,,,,,,,,,,,,,,
2025-10-12 16:57:47,2025-10-12 16:57:46,2025-10-12 16:55:38,2025-10-12 16:55:38,867488067677285,4213,GTERI,0x19fe3fbf,0x00028102,802003,0x8303,0x0115,100,12827,0000,-,00,00,11,4,4,-,01,01,0.0,0.0,44,44,496,496,-23.044829,-23.044829,-50.227241,-50.227241,0724,0005,bff7,068fb200,0.4,213.5,213.5,0:01:57,7:37:58,-,-,0,-,,,,,04,7,00000000,00,10,,,,,,,,,,,,,,,,,,,,,,,,,,,,
2025-10-12 16:58:54,,,,867488067677285,4214,HBD,,,,,,,,,,,,,,,,,,,,,,,,,,,,,,,,,,,,,,,,,,,,,,,,,,,,,,,,,,,,,,,,,,,,,,,,,,,,,
2025-10-12 17:00:55,,,,867488067677285,4215,HBD,,,,,,,,,,,,,,,,,,,,,,,,,,,,,,,,,,,,,,,,,,,,,,,,,,,,,,,,,,,,,,,,,,,,,,,,,,,,,
2025-10-12 17:02:55,,,,867488067677285,4216,HBD,,,,,,,,,,,,,,,,,,,,,,,,,,,,,,,,,,,,,,,,,,,,,,,,,,,,,,,,,,,,,,,,,,,,,,,,,,,,,
2025-10-12 17:04:56,,,,867488067677285,4217,HBD,,,,,,,,,,,,,,,,,,,,,,,,,,,,,,,,,,,,,,,,,,,,,,,,,,,,,,,,,,,,,,,,,,,,,,,,,,,,,
2025-10-12 17:06:56,,,,867488067677285,4218,HBD,,,,,,,,,,,,,,,,,,,,,,,,,,,,,,,,,,,,,,,,,,,,,,,,,,,,,,,,,,,,,,,,,,,,,,,,,,,,,
2025-10-12 17:08:56,,,,867488067677285,4219,HBD,,,,,,,,,,,,,,,,,,,,,,,,,,,,,,,,,,,,,,,,,,,,,,,,,,,,,,,,,,,,,,,,,,,,,,,,,,,,,
2025-10-12 17:10:57,,,,867488067677285,4220,HBD,,,,,,,,,,,,,,,,,,,,,,,,,,,,,,,,,,,,,,,,,,,,,,,,,,,,,,,,,,,,,,,,,,,,,,,,,,,,,
2025-10-12 17:12:57,,,,867488067677285,4221,HBD,,,,,,,,,,,,,,,,,,,,,,,,,,,,,,,,,,,,,,,,,,,,,,,,,,,,,,,,,,,,,,,,,,,,,,,,,,,,,
2025-10-12 17:14:58,,,,867488067677285,4222,HBD,,,,,,,,,,,,,,,,,,,,,,,,,,,,,,,,,,,,,,,,,,,,,,,,,,,,,,,,,,,,,,,,,,,,,,,,,,,,,
2025-10-12 17:16:58,,,,867488067677285,4223,HBD,,,,,,,,,,,,,,,,,,,,,,,,,,,,,,,,,,,,,,,,,,,,,,,,,,,,,,,,,,,,,,,,,,,,,,,,,,,,,
2025-10-12 17:18:59,,,,867488067677285,4224,HBD,,,,,,,,,,,,,,,,,,,,,,,,,,,,,,,,,,,,,,,,,,,,,,,,,,,,,,,,,,,,,,,,,,,,,,,,,,,,,
2025-10-12 17:20:59,,,,867488067677285,4225,HBD,,,,,,,,,,,,,,,,,,,,,,,,,,,,,,,,,,,,,,,,,,,,,,,,,,,,,,,,,,,,,,,,,,,,,,,,,,,,,
2025-10-12 17:23:00,,,,867488067677285,4226,HBD,,,,,,,,,,,,,,,,,,,,,,,,,,,,,,,,,,,,,,,,,,,,,,,,,,,,,,,,,,,,,,,,,,,,,,,,,,,,,
2025-10-12 17:25:00,,,,867488067677285,4227,HBD,,,,,,,,,,,,,,,,,,,,,,,,,,,,,,,,,,,,,,,,,,,,,,,,,,,,,,,,,,,,,,,,,,,,,,,,,,,,,
2025-10-12 17:27:01,,,,867488067677285,4228,HBD,,,,,,,,,,,,,,,,,,,,,,,,,,,,,,,,,,,,,,,,,,,,,,,,,,,,,,,,,,,,,,,,,,,,,,,,,,,,,
2025-10-12 17:29:02,,,,867488067677285,4229,HBD,,,,,,,,,,,,,,,,,,,,,,,,,,,,,,,,,,,,,,,,,,,,,,,,,,,,,,,,,,,,,,,,,,,,,,,,,,,,,
2025-10-12 17:31:02,,,,867488067677285,4230,HBD,,,,,,,,,,,,,,,,,,,,,,,,,,,,,,,,,,,,,,,,,,,,,,,,,,,,,,,,,,,,,,,,,,,,,,,,,,,,,
2025-10-12 17:33:03,,,,867488067677285,4231,HBD,,,,,,,,,,,,,,,,,,,,,,,,,,,,,,,,,,,,,,,,,,,,,,,,,,,,,,,,,,,,,,,,,,,,,,,,,,,,,
2025-10-12 17:35:03,,,,867488067677285,4232,HBD,,,,,,,,,,,,,,,,,,,,,,,,,,,,,,,,,,,,,,,,,,,,,,,,,,,,,,,,,,,,,,,,,,,,,,,,,,,,,
2025-10-12 17:37:04,,,,867488067677285,4233,HBD,,,,,,,,,,,,,,,,,,,,,,,,,,,,,,,,,,,,,,,,,,,,,,,,,,,,,,,,,,,,,,,,,,,,,,,,,,,,,
2025-10-12 17:39:04,,,,867488067677285,4234,HBD,,,,,,,,,,,,,,,,,,,,,,,,,,,,,,,,,,,,,,,,,,,,,,,,,,,,,,,,,,,,,,,,,,,,,,,,,,,,,
2025-10-12 17:41:04,,,,867488067677285,4235,HBD,,,,,,,,,,,,,,,,,,,,,,,,,,,,,,,,,,,,,,,,,,,,,,,,,,,,,,,,,,,,,,,,,,,,,,,,,,,,,
2025-10-12 17:43:05,,,,867488067677285,4236,HBD,,,,,,,,,,,,,,,,,,,,,,,,,,,,,,,,,,,,,,,,,,,,,,,,,,,,,,,,,,,,,,,,,,,,,,,,,,,,,
2025-10-12 17:45:05,,,,867488067677285,4237,HBD,,,,,,,,,,,,,,,,,,,,,,,,,,,,,,,,,,,,,,,,,,,,,,,,,,,,,,,,,,,,,,,,,,,,,,,,,,,,,
2025-10-12 17:47:06,,,,867488067677285,4238,HBD,,,,,,,,,,,,,,,,,,,,,,,,,,,,,,,,,,,,,,,,,,,,,,,,,,,,,,,,,,,,,,,,,,,,,,,,,,,,,
2025-10-12 17:49:06,,,,867488067677285,4239,HBD,,,,,,,,,,,,,,,,,,,,,,,,,,,,,,,,,,,,,,,,,,,,,,,,,,,,,,,,,,,,,,,,,,,,,,,,,,,,,
2025-10-12 17:51:07,,,,867488067677285,4240,HBD,,,,,,,,,,,,,,,,,,,,,,,,,,,,,,,,,,,,,,,,,,,,,,,,,,,,,,,,,,,,,,,,,,,,,,,,,,,,,
2025-10-12 17:53:07,,,,867488067677285,4241,HBD,,,,,,,,,,,,,,,,,,,,,,,,,,,,,,,,,,,,,,,,,,,,,,,,,,,,,,,,,,,,,,,,,,,,,,,,,,,,,
2025-10-12 17:54:08,,,,867488067677285,4242,HBD,,,,,,,,,,,,,,,,,,,,,,,,,,,,,,,,,,,,,,,,,,,,,,,,,,,,,,,,,,,,,,,,,,,,,,,,,,,,,
2025-10-12 17:56:08,,,,867488067677285,4243,HBD,,,,,,,,,,,,,,,,,,,,,,,,,,,,,,,,,,,,,,,,,,,,,,,,,,,,,,,,,,,,,,,,,,,,,,,,,,,,,
2025-10-12 17:57:47,2025-10-12 17:57:46,2025-10-12 17:55:52,2025-10-12 17:55:52,867488067677285,4244,GTERI,0x19fe3fbf,0x00028102,802003,0x8303,0x0115,100,12841,0000,-,00,00,11,8,8,-,01,01,0.0,0.0,44,44,496,496,-23.044829,-23.044829,-50.227241,-50.227241,0724,0005,bff7,068fb200,0.4,213.5,213.5,0:01:57,7:37:58,-,-,0,-,,,,,04,7,00000000,00,10,,,,,,,,,,,,,,,,,,,,,,,,,,,,
2025-10-12 17:58:08,,,,867488067677285,4245,HBD,,,,,,,,,,,,,,,,,,,,,,,,,,,,,,,,,,,,,,,,,,,,,,,,,,,,,,,,,,,,,,,,,,,,,,,,,,,,,
2025-10-12 18:00:09,,,,867488067677285,4246,HBD,,,,,,,,,,,,,,,,,,,,,,,,,,,,,,,,,,,,,,,,,,,,,,,,,,,,,,,,,,,,,,,,,,,,,,,,,,,,,
2025-10-12 18:02:10,,,,867488067677285,4247,HBD,,,,,,,,,,,,,,,,,,,,,,,,,,,,,,,,,,,,,,,,,,,,,,,,,,,,,,,,,,,,,,,,,,,,,,,,,,,,,
2025-10-12 18:04:10,,,,867488067677285,4248,HBD,,,,,,,,,,,,,,,,,,,,,,,,,,,,,,,,,,,,,,,,,,,,,,,,,,,,,,,,,,,,,,,,,,,,,,,,,,,,,
2025-10-12 18:06:11,,,,867488067677285,4249,HBD,,,,,,,,,,,,,,,,,,,,,,,,,,,,,,,,,,,,,,,,,,,,,,,,,,,,,,,,,,,,,,,,,,,,,,,,,,,,,
2025-10-12 18:08:11,,,,867488067677285,4250,HBD,,,,,,,,,,,,,,,,,,,,,,,,,,,,,,,,,,,,,,,,,,,,,,,,,,,,,,,,,,,,,,,,,,,,,,,,,,,,,
2025-10-12 18:10:12,,,,867488067677285,4251,HBD,,,,,,,,,,,,,,,,,,,,,,,,,,,,,,,,,,,,,,,,,,,,,,,,,,,,,,,,,,,,,,,,,,,,,,,,,,,,,
2025-10-12 18:12:12,,,,867488067677285,4252,HBD,,,,,,,,,,,,,,,,,,,,,,,,,,,,,,,,,,,,,,,,,,,,,,,,,,,,,,,,,,,,,,,,,,,,,,,,,,,,,
2025-10-12 18:14:13,,,,867488067677285,4253,HBD,,,,,,,,,,,,,,,,,,,,,,,,,,,,,,,,,,,,,,,,,,,,,,,,,,,,,,,,,,,,,,,,,,,,,,,,,,,,,
2025-10-12 18:16:13,,,,867488067677285,4254,HBD,,,,,,,,,,,,,,,,,,,,,,,,,,,,,,,,,,,,,,,,,,,,,,,,,,,,,,,,,,,,,,,,,,,,,,,,,,,,,
2025-10-12 18:18:13,,,,867488067677285,4255,HBD,,,,,,,,,,,,,,,,,,,,,,,,,,,,,,,,,,,,,,,,,,,,,,,,,,,,,,,,,,,,,,,,,,,,,,,,,,,,,
2025-10-12 18:20:14,,,,867488067677285,4256,HBD,,,,,,,,,,,,,,,,,,,,,,,,,,,,,,,,,,,,,,,,,,,,,,,,,,,,,,,,,,,,,,,,,,,,,,,,,,,,,
2025-10-12 18:22:14,,,,867488067677285,4257,HBD,,,,,,,,,,,,,,,,,,,,,,,,,,,,,,,,,,,,,,,,,,,,,,,,,,,,,,,,,,,,,,,,,,,,,,,,,,,,,
2025-10-12 18:24:15,,,,867488067677285,4258,HBD,,,,,,,,,,,,,,,,,,,,,,,,,,,,,,,,,,,,,,,,,,,,,,,,,,,,,,,,,,,,,,,,,,,,,,,,,,,,,
2025-10-12 18:26:15,,,,867488067677285,4259,HBD,,,,,,,,,,,,,,,,,,,,,,,,,,,,,,,,,,,,,,,,,,,,,,,,,,,,,,,,,,,,,,,,,,,,,,,,,,,,,
2025-10-12 18:28:16,,,,867488067677285,4260,HBD,,,,,,,,,,,,,,,,,,,,,,,,,,,,,,,,,,,,,,,,,,,,,,,,,,,,,,,,,,,,,,,,,,,,,,,,,,,,,
2025-10-12 18:30:16,,,,867488067677285,4261,HBD,,,,,,,,,,,,,,,,,,,,,,,,,,,,,,,,,,,,,,,,,,,,,,,,,,,,,,,,,,,,,,,,,,,,,,,,,,,,,
2025-10-12 18:32:17,,,,867488067677285,4262,HBD,,,,,,,,,,,,,,,,,,,,,,,,,,,,,,,,,,,,,,,,,,,,,,,,,,,,,,,,,,,,,,,,,,,,,,,,,,,,,
2025-10-12 18:34:17,,,,867488067677285,4263,HBD,,,,,,,,,,,,,,,,,,,,,,,,,,,,,,,,,,,,,,,,,,,,,,,,,,,,,,,,,,,,,,,,,,,,,,,,,,,,,
2025-10-12 18:36:18,,,,867488067677285,4264,HBD,,,,,,,,,,,,,,,,,,,,,,,,,,,,,,,,,,,,,,,,,,,,,,,,,,,,,,,,,,,,,,,,,,,,,,,,,,,,,
2025-10-12 18:38:18,,,,867488067677285,4265,HBD,,,,,,,,,,,,,,,,,,,,,,,,,,,,,,,,,,,,,,,,,,,,,,,,,,,,,,,,,,,,,,,,,,,,,,,,,,,,,
2025-10-12 18:40:19,,,,867488067677285,4266,HBD,,,,,,,,,,,,,,,,,,,,,,,,,,,,,,,,,,,,,,,,,,,,,,,,,,,,,,,,,,,,,,,,,,,,,,,,,,,,,
2025-10-12 18:42:19,,,,867488067677285,4267,HBD,,,,,,,,,,,,,,,,,,,,,,,,,,,,,,,,,,,,,,,,,,,,,,,,,,,,,,,,,,,,,,,,,,,,,,,,,,,,,
2025-10-12 18:44:20,,,,867488067677285,4268,HBD,,,,,,,,,,,,,,,,,,,,,,,,,,,,,,,,,,,,,,,,,,,,,,,,,,,,,,,,,,,,,,,,,,,,,,,,,,,,,
2025-10-12 18:46:20,,,,867488067677285,4269,HBD,,,,,,,,,,,,,,,,,,,,,,,,,,,,,,,,,,,,,,,,,,,,,,,,,,,,,,,,,,,,,,,,,,,,,,,,,,,,,
2025-10-12 18:48:21,,,,867488067677285,4270,HBD,,,,,,,,,,,,,,,,,,,,,,,,,,,,,,,,,,,,,,,,,,,,,,,,,,,,,,,,,,,,,,,,,,,,,,,,,,,,,
2025-10-12 18:50:21,,,,867488067677285,4271,HBD,,,,,,,,,,,,,,,,,,,,,,,,,,,,,,,,,,,,,,,,,,,,,,,,,,,,,,,,,,,,,,,,,,,,,,,,,,,,,
2025-10-12 18:52:22,,,,867488067677285,4272,HBD,,,,,,,,,,,,,,,,,,,,,,,,,,,,,,,,,,,,,,,,,,,,,,,,,,,,,,,,,,,,,,,,,,,,,,,,,,,,,
2025-10-12 18:54:22,,,,867488067677285,4273,HBD,,,,,,,,,,,,,,,,,,,,,,,,,,,,,,,,,,,,,,,,,,,,,,,,,,,,,,,,,,,,,,,,,,,,,,,,,,,,,
2025-10-12 18:56:22,,,,867488067677285,4274,HBD,,,,,,,,,,,,,,,,,,,,,,,,,,,,,,,,,,,,,,,,,,,,,,,,,,,,,,,,,,,,,,,,,,,,,,,,,,,,,
2025-10-12 18:57:47,2025-10-12 18:57:46,2025-10-12 18:55:33,2025-10-12 18:55:33,867488067677285,4275,GTERI,0x19fe3fbf,0x00028102,802003,0x8303,0x0115,100,12879,0000,-,00,00,11,7,7,-,01,01,0.0,0.0,44,44,496,496,-23.044829,-23.044829,-50.227241,-50.227241,0724,0005,bff7,068fb200,0.4,213.5,213.5,0:01:57,7:37:58,-,-,0,-,,,,,04,7,00000000,00,10,,,,,,,,,,,,,,,,,,,,,,,,,,,,
2025-10-12 18:58:23,,,,867488067677285,4276,HBD,,,,,,,,,,,,,,,,,,,,,,,,,,,,,,,,,,,,,,,,,,,,,,,,,,,,,,,,,,,,,,,,,,,,,,,,,,,,,
2025-10-12 19:00:23,,,,867488067677285,4277,HBD,,,,,,,,,,,,,,,,,,,,,,,,,,,,,,,,,,,,,,,,,,,,,,,,,,,,,,,,,,,,,,,,,,,,,,,,,,,,,
2025-10-12 19:02:24,,,,867488067677285,4278,HBD,,,,,,,,,,,,,,,,,,,,,,,,,,,,,,,,,,,,,,,,,,,,,,,,,,,,,,,,,,,,,,,,,,,,,,,,,,,,,
2025-10-12 19:04:24,,,,867488067677285,4279,HBD,,,,,,,,,,,,,,,,,,,,,,,,,,,,,,,,,,,,,,,,,,,,,,,,,,,,,,,,,,,,,,,,,,,,,,,,,,,,,
2025-10-12 19:06:25,,,,867488067677285,4280,HBD,,,,,,,,,,,,,,,,,,,,,,,,,,,,,,,,,,,,,,,,,,,,,,,,,,,,,,,,,,,,,,,,,,,,,,,,,,,,,
2025-10-12 19:08:25,,,,867488067677285,4281,HBD,,,,,,,,,,,,,,,,,,,,,,,,,,,,,,,,,,,,,,,,,,,,,,,,,,,,,,,,,,,,,,,,,,,,,,,,,,,,,
2025-10-12 19:10:26,,,,867488067677285,4282,HBD,,,,,,,,,,,,,,,,,,,,,,,,,,,,,,,,,,,,,,,,,,,,,,,,,,,,,,,,,,,,,,,,,,,,,,,,,,,,,
2025-10-12 19:12:26,,,,867488067677285,4283,HBD,,,,,,,,,,,,,,,,,,,,,,,,,,,,,,,,,,,,,,,,,,,,,,,,,,,,,,,,,,,,,,,,,,,,,,,,,,,,,
2025-10-12 19:14:27,,,,867488067677285,4284,HBD,,,,,,,,,,,,,,,,,,,,,,,,,,,,,,,,,,,,,,,,,,,,,,,,,,,,,,,,,,,,,,,,,,,,,,,,,,,,,
2025-10-12 19:16:27,,,,867488067677285,4285,HBD,,,,,,,,,,,,,,,,,,,,,,,,,,,,,,,,,,,,,,,,,,,,,,,,,,,,,,,,,,,,,,,,,,,,,,,,,,,,,
2025-10-12 19:18:28,,,,867488067677285,4286,HBD,,,,,,,,,,,,,,,,,,,,,,,,,,,,,,,,,,,,,,,,,,,,,,,,,,,,,,,,,,,,,,,,,,,,,,,,,,,,,
2025-10-12 19:20:28,,,,867488067677285,4287,HBD,,,,,,,,,,,,,,,,,,,,,,,,,,,,,,,,,,,,,,,,,,,,,,,,,,,,,,,,,,,,,,,,,,,,,,,,,,,,,
2025-10-12 19:22:29,,,,867488067677285,4288,HBD,,,,,,,,,,,,,,,,,,,,,,,,,,,,,,,,,,,,,,,,,,,,,,,,,,,,,,,,,,,,,,,,,,,,,,,,,,,,,
2025-10-12 19:24:29,,,,867488067677285,4289,HBD,,,,,,,,,,,,,,,,,,,,,,,,,,,,,,,,,,,,,,,,,,,,,,,,,,,,,,,,,,,,,,,,,,,,,,,,,,,,,
2025-10-12 19:26:29,,,,867488067677285,4290,HBD,,,,,,,,,,,,,,,,,,,,,,,,,,,,,,,,,,,,,,,,,,,,,,,,,,,,,,,,,,,,,,,,,,,,,,,,,,,,,
2025-10-12 19:28:30,,,,867488067677285,4291,HBD,,,,,,,,,,,,,,,,,,,,,,,,,,,,,,,,,,,,,,,,,,,,,,,,,,,,,,,,,,,,,,,,,,,,,,,,,,,,,
2025-10-12 19:30:30,,,,867488067677285,4292,HBD,,,,,,,,,,,,,,,,,,,,,,,,,,,,,,,,,,,,,,,,,,,,,,,,,,,,,,,,,,,,,,,,,,,,,,,,,,,,,
2025-10-12 19:32:31,,,,867488067677285,4293,HBD,,,,,,,,,,,,,,,,,,,,,,,,,,,,,,,,,,,,,,,,,,,,,,,,,,,,,,,,,,,,,,,,,,,,,,,,,,,,,
2025-10-12 19:34:31,,,,867488067677285,4294,HBD,,,,,,,,,,,,,,,,,,,,,,,,,,,,,,,,,,,,,,,,,,,,,,,,,,,,,,,,,,,,,,,,,,,,,,,,,,,,,
2025-10-12 19:36:32,,,,867488067677285,4295,HBD,,,,,,,,,,,,,,,,,,,,,,,,,,,,,,,,,,,,,,,,,,,,,,,,,,,,,,,,,,,,,,,,,,,,,,,,,,,,,
2025-10-12 19:38:32,,,,867488067677285,4296,HBD,,,,,,,,,,,,,,,,,,,,,,,,,,,,,,,,,,,,,,,,,,,,,,,,,,,,,,,,,,,,,,,,,,,,,,,,,,,,,
2025-10-12 19:40:33,,,,867488067677285,4297,HBD,,,,,,,,,,,,,,,,,,,,,,,,,,,,,,,,,,,,,,,,,,,,,,,,,,,,,,,,,,,,,,,,,,,,,,,,,,,,,
2025-10-12 19:42:33,,,,867488067677285,4298,HBD,,,,,,,,,,,,,,,,,,,,,,,,,,,,,,,,,,,,,,,,,,,,,,,,,,,,,,,,,,,,,,,,,,,,,,,,,,,,,
2025-10-12 19:44:34,,,,867488067677285,4299,HBD,,,,,,,,,,,,,,,,,,,,,,,,,,,,,,,,,,,,,,,,,,,,,,,,,,,,,,,,,,,,,,,,,,,,,,,,,,,,,
2025-10-12 19:46:34,,,,867488067677285,4300,HBD,,,,,,,,,,,,,,,,,,,,,,,,,,,,,,,,,,,,,,,,,,,,,,,,,,,,,,,,,,,,,,,,,,,,,,,,,,,,,
2025-10-12 19:48:35,,,,867488067677285,4301,HBD,,,,,,,,,,,,,,,,,,,,,,,,,,,,,,,,,,,,,,,,,,,,,,,,,,,,,,,,,,,,,,,,,,,,,,,,,,,,,
2025-10-12 19:50:35,,,,867488067677285,4302,HBD,,,,,,,,,,,,,,,,,,,,,,,,,,,,,,,,,,,,,,,,,,,,,,,,,,,,,,,,,,,,,,,,,,,,,,,,,,,,,
2025-10-12 19:52:36,,,,867488067677285,4303,HBD,,,,,,,,,,,,,,,,,,,,,,,,,,,,,,,,,,,,,,,,,,,,,,,,,,,,,,,,,,,,,,,,,,,,,,,,,,,,,
2025-10-12 19:54:36,,,,867488067677285,4304,HBD,,,,,,,,,,,,,,,,,,,,,,,,,,,,,,,,,,,,,,,,,,,,,,,,,,,,,,,,,,,,,,,,,,,,,,,,,,,,,
2025-10-12 19:56:37,,,,867488067677285,4305,HBD,,,,,,,,,,,,,,,,,,,,,,,,,,,,,,,,,,,,,,,,,,,,,,,,,,,,,,,,,,,,,,,,,,,,,,,,,,,,,
2025-10-12 19:57:47,2025-10-12 19:57:46,2025-10-12 19:55:24,2025-10-12 19:55:24,867488067677285,4306,GTERI,0x19fe3fbf,0x00028102,802003,0x8303,0x0115,100,12823,0000,-,00,00,11,7,7,-,01,01,0.0,0.0,44,44,496,496,-23.044829,-23.044829,-50.227241,-50.227241,0724,0005,bff7,068fb200,0.4,213.5,213.5,0:01:57,7:37:58,-,-,0,-,,,,,04,7,00000000,00,10,,,,,,,,,,,,,,,,,,,,,,,,,,,,
2025-10-12 19:58:37,,,,867488067677285,4307,HBD,,,,,,,,,,,,,,,,,,,,,,,,,,,,,,,,,,,,,,,,,,,,,,,,,,,,,,,,,,,,,,,,,,,,,,,,,,,,,
2025-10-12 20:00:38,,,,867488067677285,4308,HBD,,,,,,,,,,,,,,,,,,,,,,,,,,,,,,,,,,,,,,,,,,,,,,,,,,,,,,,,,,,,,,,,,,,,,,,,,,,,,
2025-10-12 20:02:38,,,,867488067677285,4309,HBD,,,,,,,,,,,,,,,,,,,,,,,,,,,,,,,,,,,,,,,,,,,,,,,,,,,,,,,,,,,,,,,,,,,,,,,,,,,,,
2025-10-12 20:04:39,,,,867488067677285,4310,HBD,,,,,,,,,,,,,,,,,,,,,,,,,,,,,,,,,,,,,,,,,,,,,,,,,,,,,,,,,,,,,,,,,,,,,,,,,,,,,
2025-10-12 20:06:39,,,,867488067677285,4311,HBD,,,,,,,,,,,,,,,,,,,,,,,,,,,,,,,,,,,,,,,,,,,,,,,,,,,,,,,,,,,,,,,,,,,,,,,,,,,,,
2025-10-12 20:08:40,,,,867488067677285,4312,HBD,,,,,,,,,,,,,,,,,,,,,,,,,,,,,,,,,,,,,,,,,,,,,,,,,,,,,,,,,,,,,,,,,,,,,,,,,,,,,
2025-10-12 20:10:40,,,,867488067677285,4313,HBD,,,,,,,,,,,,,,,,,,,,,,,,,,,,,,,,,,,,,,,,,,,,,,,,,,,,,,,,,,,,,,,,,,,,,,,,,,,,,
2025-10-12 20:12:41,,,,867488067677285,4314,HBD,,,,,,,,,,,,,,,,,,,,,,,,,,,,,,,,,,,,,,,,,,,,,,,,,,,,,,,,,,,,,,,,,,,,,,,,,,,,,
2025-10-12 20:14:41,,,,867488067677285,4315,HBD,,,,,,,,,,,,,,,,,,,,,,,,,,,,,,,,,,,,,,,,,,,,,,,,,,,,,,,,,,,,,,,,,,,,,,,,,,,,,
2025-10-12 20:16:41,,,,867488067677285,4316,HBD,,,,,,,,,,,,,,,,,,,,,,,,,,,,,,,,,,,,,,,,,,,,,,,,,,,,,,,,,,,,,,,,,,,,,,,,,,,,,
2025-10-12 20:18:42,,,,867488067677285,4317,HBD,,,,,,,,,,,,,,,,,,,,,,,,,,,,,,,,,,,,,,,,,,,,,,,,,,,,,,,,,,,,,,,,,,,,,,,,,,,,,
2025-10-12 20:20:42,,,,867488067677285,4318,HBD,,,,,,,,,,,,,,,,,,,,,,,,,,,,,,,,,,,,,,,,,,,,,,,,,,,,,,,,,,,,,,,,,,,,,,,,,,,,,
2025-10-12 20:22:43,,,,867488067677285,4319,HBD,,,,,,,,,,,,,,,,,,,,,,,,,,,,,,,,,,,,,,,,,,,,,,,,,,,,,,,,,,,,,,,,,,,,,,,,,,,,,
2025-10-12 20:24:43,,,,867488067677285,4320,HBD,,,,,,,,,,,,,,,,,,,,,,,,,,,,,,,,,,,,,,,,,,,,,,,,,,,,,,,,,,,,,,,,,,,,,,,,,,,,,
2025-10-12 20:26:44,,,,867488067677285,4321,HBD,,,,,,,,,,,,,,,,,,,,,,,,,,,,,,,,,,,,,,,,,,,,,,,,,,,,,,,,,,,,,,,,,,,,,,,,,,,,,
2025-10-12 20:28:44,,,,867488067677285,4322,HBD,,,,,,,,,,,,,,,,,,,,,,,,,,,,,,,,,,,,,,,,,,,,,,,,,,,,,,,,,,,,,,,,,,,,,,,,,,,,,
2025-10-12 20:30:45,,,,867488067677285,4323,HBD,,,,,,,,,,,,,,,,,,,,,,,,,,,,,,,,,,,,,,,,,,,,,,,,,,,,,,,,,,,,,,,,,,,,,,,,,,,,,
2025-10-12 20:32:45,,,,867488067677285,4324,HBD,,,,,,,,,,,,,,,,,,,,,,,,,,,,,,,,,,,,,,,,,,,,,,,,,,,,,,,,,,,,,,,,,,,,,,,,,,,,,
2025-10-12 20:34:46,,,,867488067677285,4325,HBD,,,,,,,,,,,,,,,,,,,,,,,,,,,,,,,,,,,,,,,,,,,,,,,,,,,,,,,,,,,,,,,,,,,,,,,,,,,,,
2025-10-12 20:36:46,,,,867488067677285,4326,HBD,,,,,,,,,,,,,,,,,,,,,,,,,,,,,,,,,,,,,,,,,,,,,,,,,,,,,,,,,,,,,,,,,,,,,,,,,,,,,
2025-10-12 20:38:47,,,,867488067677285,4327,HBD,,,,,,,,,,,,,,,,,,,,,,,,,,,,,,,,,,,,,,,,,,,,,,,,,,,,,,,,,,,,,,,,,,,,,,,,,,,,,
2025-10-12 20:40:47,,,,867488067677285,4328,HBD,,,,,,,,,,,,,,,,,,,,,,,,,,,,,,,,,,,,,,,,,,,,,,,,,,,,,,,,,,,,,,,,,,,,,,,,,,,,,
2025-10-12 20:42:48,,,,867488067677285,4329,HBD,,,,,,,,,,,,,,,,,,,,,,,,,,,,,,,,,,,,,,,,,,,,,,,,,,,,,,,,,,,,,,,,,,,,,,,,,,,,,
2025-10-12 20:44:48,,,,867488067677285,4330,HBD,,,,,,,,,,,,,,,,,,,,,,,,,,,,,,,,,,,,,,,,,,,,,,,,,,,,,,,,,,,,,,,,,,,,,,,,,,,,,
2025-10-12 20:46:49,,,,867488067677285,4331,HBD,,,,,,,,,,,,,,,,,,,,,,,,,,,,,,,,,,,,,,,,,,,,,,,,,,,,,,,,,,,,,,,,,,,,,,,,,,,,,
2025-10-12 20:48:49,,,,867488067677285,4332,HBD,,,,,,,,,,,,,,,,,,,,,,,,,,,,,,,,,,,,,,,,,,,,,,,,,,,,,,,,,,,,,,,,,,,,,,,,,,,,,
2025-10-12 20:50:50,,,,867488067677285,4333,HBD,,,,,,,,,,,,,,,,,,,,,,,,,,,,,,,,,,,,,,,,,,,,,,,,,,,,,,,,,,,,,,,,,,,,,,,,,,,,,
2025-10-12 20:52:50,,,,867488067677285,4334,HBD,,,,,,,,,,,,,,,,,,,,,,,,,,,,,,,,,,,,,,,,,,,,,,,,,,,,,,,,,,,,,,,,,,,,,,,,,,,,,
2025-10-12 20:54:51,,,,867488067677285,4335,HBD,,,,,,,,,,,,,,,,,,,,,,,,,,,,,,,,,,,,,,,,,,,,,,,,,,,,,,,,,,,,,,,,,,,,,,,,,,,,,
2025-10-12 20:56:51,,,,867488067677285,4336,HBD,,,,,,,,,,,,,,,,,,,,,,,,,,,,,,,,,,,,,,,,,,,,,,,,,,,,,,,,,,,,,,,,,,,,,,,,,,,,,
2025-10-12 20:57:47,2025-10-12 20:57:46,2025-10-12 20:55:52,2025-10-12 20:55:52,867488067677285,4337,GTERI,0x19fe3fbf,0x00028102,802003,0x8303,0x0115,100,12816,0000,-,00,00,11,7,7,-,01,01,0.0,0.0,44,44,496,496,-23.044829,-23.044829,-50.227241,-50.227241,0724,0005,bff7,068fb200,0.4,213.5,213.5,0:01:57,7:37:58,-,-,0,-,,,,,04,7,00000000,00,10,,,,,,,,,,,,,,,,,,,,,,,,,,,,
2025-10-12 20:58:52,,,,867488067677285,4338,HBD,,,,,,,,,,,,,,,,,,,,,,,,,,,,,,,,,,,,,,,,,,,,,,,,,,,,,,,,,,,,,,,,,,,,,,,,,,,,,
2025-10-12 21:00:52,,,,867488067677285,4339,HBD,,,,,,,,,,,,,,,,,,,,,,,,,,,,,,,,,,,,,,,,,,,,,,,,,,,,,,,,,,,,,,,,,,,,,,,,,,,,,
2025-10-12 21:02:53,,,,867488067677285,4340,HBD,,,,,,,,,,,,,,,,,,,,,,,,,,,,,,,,,,,,,,,,,,,,,,,,,,,,,,,,,,,,,,,,,,,,,,,,,,,,,
2025-10-12 21:04:53,,,,867488067677285,4341,HBD,,,,,,,,,,,,,,,,,,,,,,,,,,,,,,,,,,,,,,,,,,,,,,,,,,,,,,,,,,,,,,,,,,,,,,,,,,,,,
2025-10-12 21:06:54,,,,867488067677285,4342,HBD,,,,,,,,,,,,,,,,,,,,,,,,,,,,,,,,,,,,,,,,,,,,,,,,,,,,,,,,,,,,,,,,,,,,,,,,,,,,,
2025-10-12 21:08:54,,,,867488067677285,4343,HBD,,,,,,,,,,,,,,,,,,,,,,,,,,,,,,,,,,,,,,,,,,,,,,,,,,,,,,,,,,,,,,,,,,,,,,,,,,,,,
2025-10-12 21:10:54,,,,867488067677285,4344,HBD,,,,,,,,,,,,,,,,,,,,,,,,,,,,,,,,,,,,,,,,,,,,,,,,,,,,,,,,,,,,,,,,,,,,,,,,,,,,,
2025-10-12 21:12:55,,,,867488067677285,4345,HBD,,,,,,,,,,,,,,,,,,,,,,,,,,,,,,,,,,,,,,,,,,,,,,,,,,,,,,,,,,,,,,,,,,,,,,,,,,,,,
2025-10-12 21:14:55,,,,867488067677285,4346,HBD,,,,,,,,,,,,,,,,,,,,,,,,,,,,,,,,,,,,,,,,,,,,,,,,,,,,,,,,,,,,,,,,,,,,,,,,,,,,,
2025-10-12 21:16:56,,,,867488067677285,4347,HBD,,,,,,,,,,,,,,,,,,,,,,,,,,,,,,,,,,,,,,,,,,,,,,,,,,,,,,,,,,,,,,,,,,,,,,,,,,,,,
2025-10-12 21:18:56,,,,867488067677285,4348,HBD,,,,,,,,,,,,,,,,,,,,,,,,,,,,,,,,,,,,,,,,,,,,,,,,,,,,,,,,,,,,,,,,,,,,,,,,,,,,,
2025-10-12 21:20:57,,,,867488067677285,4349,HBD,,,,,,,,,,,,,,,,,,,,,,,,,,,,,,,,,,,,,,,,,,,,,,,,,,,,,,,,,,,,,,,,,,,,,,,,,,,,,
2025-10-12 21:22:57,,,,867488067677285,4350,HBD,,,,,,,,,,,,,,,,,,,,,,,,,,,,,,,,,,,,,,,,,,,,,,,,,,,,,,,,,,,,,,,,,,,,,,,,,,,,,
2025-10-12 21:24:58,,,,867488067677285,4351,HBD,,,,,,,,,,,,,,,,,,,,,,,,,,,,,,,,,,,,,,,,,,,,,,,,,,,,,,,,,,,,,,,,,,,,,,,,,,,,,
2025-10-12 21:26:58,,,,867488067677285,4352,HBD,,,,,,,,,,,,,,,,,,,,,,,,,,,,,,,,,,,,,,,,,,,,,,,,,,,,,,,,,,,,,,,,,,,,,,,,,,,,,
2025-10-12 21:28:59,,,,867488067677285,4353,HBD,,,,,,,,,,,,,,,,,,,,,,,,,,,,,,,,,,,,,,,,,,,,,,,,,,,,,,,,,,,,,,,,,,,,,,,,,,,,,
2025-10-12 21:30:59,,,,867488067677285,4354,HBD,,,,,,,,,,,,,,,,,,,,,,,,,,,,,,,,,,,,,,,,,,,,,,,,,,,,,,,,,,,,,,,,,,,,,,,,,,,,,
2025-10-12 21:33:00,,,,867488067677285,4355,HBD,,,,,,,,,,,,,,,,,,,,,,,,,,,,,,,,,,,,,,,,,,,,,,,,,,,,,,,,,,,,,,,,,,,,,,,,,,,,,
2025-10-12 21:35:00,,,,867488067677285,4356,HBD,,,,,,,,,,,,,,,,,,,,,,,,,,,,,,,,,,,,,,,,,,,,,,,,,,,,,,,,,,,,,,,,,,,,,,,,,,,,,
2025-10-12 21:37:01,,,,867488067677285,4357,HBD,,,,,,,,,,,,,,,,,,,,,,,,,,,,,,,,,,,,,,,,,,,,,,,,,,,,,,,,,,,,,,,,,,,,,,,,,,,,,
2025-10-12 21:39:01,,,,867488067677285,4358,HBD,,,,,,,,,,,,,,,,,,,,,,,,,,,,,,,,,,,,,,,,,,,,,,,,,,,,,,,,,,,,,,,,,,,,,,,,,,,,,
2025-10-12 21:41:02,,,,867488067677285,4359,HBD,,,,,,,,,,,,,,,,,,,,,,,,,,,,,,,,,,,,,,,,,,,,,,,,,,,,,,,,,,,,,,,,,,,,,,,,,,,,,
2025-10-12 21:43:02,,,,867488067677285,4360,HBD,,,,,,,,,,,,,,,,,,,,,,,,,,,,,,,,,,,,,,,,,,,,,,,,,,,,,,,,,,,,,,,,,,,,,,,,,,,,,
2025-10-12 21:45:03,,,,867488067677285,4361,HBD,,,,,,,,,,,,,,,,,,,,,,,,,,,,,,,,,,,,,,,,,,,,,,,,,,,,,,,,,,,,,,,,,,,,,,,,,,,,,
2025-10-12 21:47:03,,,,867488067677285,4362,HBD,,,,,,,,,,,,,,,,,,,,,,,,,,,,,,,,,,,,,,,,,,,,,,,,,,,,,,,,,,,,,,,,,,,,,,,,,,,,,
2025-10-12 21:49:04,,,,867488067677285,4363,HBD,,,,,,,,,,,,,,,,,,,,,,,,,,,,,,,,,,,,,,,,,,,,,,,,,,,,,,,,,,,,,,,,,,,,,,,,,,,,,
2025-10-12 21:51:04,,,,867488067677285,4364,HBD,,,,,,,,,,,,,,,,,,,,,,,,,,,,,,,,,,,,,,,,,,,,,,,,,,,,,,,,,,,,,,,,,,,,,,,,,,,,,
2025-10-12 21:53:04,,,,867488067677285,4365,HBD,,,,,,,,,,,,,,,,,,,,,,,,,,,,,,,,,,,,,,,,,,,,,,,,,,,,,,,,,,,,,,,,,,,,,,,,,,,,,
2025-10-12 21:55:05,,,,867488067677285,4366,HBD,,,,,,,,,,,,,,,,,,,,,,,,,,,,,,,,,,,,,,,,,,,,,,,,,,,,,,,,,,,,,,,,,,,,,,,,,,,,,
2025-10-12 21:57:05,,,,867488067677285,4367,HBD,,,,,,,,,,,,,,,,,,,,,,,,,,,,,,,,,,,,,,,,,,,,,,,,,,,,,,,,,,,,,,,,,,,,,,,,,,,,,
2025-10-12 21:57:47,2025-10-12 21:57:46,2025-10-12 21:55:31,2025-10-12 21:55:31,867488067677285,4368,GTERI,0x19fe3fbf,0x00028102,802003,0x8303,0x0115,100,12815,0000,-,00,00,11,7,7,-,01,01,0.0,0.0,44,44,496,496,-23.044829,-23.044829,-50.227241,-50.227241,0724,0005,bff7,068fb200,0.4,213.5,213.5,0:01:57,7:37:58,-,-,0,-,,,,,04,7,00000000,00,10,,,,,,,,,,,,,,,,,,,,,,,,,,,,
2025-10-12 21:59:06,,,,867488067677285,4369,HBD,,,,,,,,,,,,,,,,,,,,,,,,,,,,,,,,,,,,,,,,,,,,,,,,,,,,,,,,,,,,,,,,,,,,,,,,,,,,,
2025-10-12 22:01:06,,,,867488067677285,4370,HBD,,,,,,,,,,,,,,,,,,,,,,,,,,,,,,,,,,,,,,,,,,,,,,,,,,,,,,,,,,,,,,,,,,,,,,,,,,,,,
2025-10-12 22:03:07,,,,867488067677285,4371,HBD,,,,,,,,,,,,,,,,,,,,,,,,,,,,,,,,,,,,,,,,,,,,,,,,,,,,,,,,,,,,,,,,,,,,,,,,,,,,,
2025-10-12 22:05:07,,,,867488067677285,4372,HBD,,,,,,,,,,,,,,,,,,,,,,,,,,,,,,,,,,,,,,,,,,,,,,,,,,,,,,,,,,,,,,,,,,,,,,,,,,,,,
2025-10-12 22:06:08,,,,867488067677285,4373,HBD,,,,,,,,,,,,,,,,,,,,,,,,,,,,,,,,,,,,,,,,,,,,,,,,,,,,,,,,,,,,,,,,,,,,,,,,,,,,,
2025-10-12 22:08:08,,,,867488067677285,4374,HBD,,,,,,,,,,,,,,,,,,,,,,,,,,,,,,,,,,,,,,,,,,,,,,,,,,,,,,,,,,,,,,,,,,,,,,,,,,,,,
2025-10-12 22:10:09,,,,867488067677285,4375,HBD,,,,,,,,,,,,,,,,,,,,,,,,,,,,,,,,,,,,,,,,,,,,,,,,,,,,,,,,,,,,,,,,,,,,,,,,,,,,,
2025-10-12 22:12:09,,,,867488067677285,4376,HBD,,,,,,,,,,,,,,,,,,,,,,,,,,,,,,,,,,,,,,,,,,,,,,,,,,,,,,,,,,,,,,,,,,,,,,,,,,,,,
2025-10-12 22:14:09,,,,867488067677285,4377,HBD,,,,,,,,,,,,,,,,,,,,,,,,,,,,,,,,,,,,,,,,,,,,,,,,,,,,,,,,,,,,,,,,,,,,,,,,,,,,,
2025-10-12 22:16:10,,,,867488067677285,4378,HBD,,,,,,,,,,,,,,,,,,,,,,,,,,,,,,,,,,,,,,,,,,,,,,,,,,,,,,,,,,,,,,,,,,,,,,,,,,,,,
2025-10-12 22:18:10,,,,867488067677285,4379,HBD,,,,,,,,,,,,,,,,,,,,,,,,,,,,,,,,,,,,,,,,,,,,,,,,,,,,,,,,,,,,,,,,,,,,,,,,,,,,,
2025-10-12 22:20:11,,,,867488067677285,4380,HBD,,,,,,,,,,,,,,,,,,,,,,,,,,,,,,,,,,,,,,,,,,,,,,,,,,,,,,,,,,,,,,,,,,,,,,,,,,,,,
2025-10-12 22:22:11,,,,867488067677285,4381,HBD,,,,,,,,,,,,,,,,,,,,,,,,,,,,,,,,,,,,,,,,,,,,,,,,,,,,,,,,,,,,,,,,,,,,,,,,,,,,,
2025-10-12 22:24:12,,,,867488067677285,4382,HBD,,,,,,,,,,,,,,,,,,,,,,,,,,,,,,,,,,,,,,,,,,,,,,,,,,,,,,,,,,,,,,,,,,,,,,,,,,,,,
2025-10-12 22:26:12,,,,867488067677285,4383,HBD,,,,,,,,,,,,,,,,,,,,,,,,,,,,,,,,,,,,,,,,,,,,,,,,,,,,,,,,,,,,,,,,,,,,,,,,,,,,,
2025-10-12 22:28:13,,,,867488067677285,4384,HBD,,,,,,,,,,,,,,,,,,,,,,,,,,,,,,,,,,,,,,,,,,,,,,,,,,,,,,,,,,,,,,,,,,,,,,,,,,,,,
2025-10-12 22:30:13,,,,867488067677285,4385,HBD,,,,,,,,,,,,,,,,,,,,,,,,,,,,,,,,,,,,,,,,,,,,,,,,,,,,,,,,,,,,,,,,,,,,,,,,,,,,,
2025-10-12 22:32:14,,,,867488067677285,4386,HBD,,,,,,,,,,,,,,,,,,,,,,,,,,,,,,,,,,,,,,,,,,,,,,,,,,,,,,,,,,,,,,,,,,,,,,,,,,,,,
2025-10-12 22:34:14,,,,867488067677285,4387,HBD,,,,,,,,,,,,,,,,,,,,,,,,,,,,,,,,,,,,,,,,,,,,,,,,,,,,,,,,,,,,,,,,,,,,,,,,,,,,,
2025-10-12 22:36:15,,,,867488067677285,4388,HBD,,,,,,,,,,,,,,,,,,,,,,,,,,,,,,,,,,,,,,,,,,,,,,,,,,,,,,,,,,,,,,,,,,,,,,,,,,,,,
2025-10-12 22:38:15,,,,867488067677285,4389,HBD,,,,,,,,,,,,,,,,,,,,,,,,,,,,,,,,,,,,,,,,,,,,,,,,,,,,,,,,,,,,,,,,,,,,,,,,,,,,,
2025-10-12 22:40:16,,,,867488067677285,4390,HBD,,,,,,,,,,,,,,,,,,,,,,,,,,,,,,,,,,,,,,,,,,,,,,,,,,,,,,,,,,,,,,,,,,,,,,,,,,,,,
2025-10-12 22:42:16,,,,867488067677285,4391,HBD,,,,,,,,,,,,,,,,,,,,,,,,,,,,,,,,,,,,,,,,,,,,,,,,,,,,,,,,,,,,,,,,,,,,,,,,,,,,,
2025-10-12 22:44:17,,,,867488067677285,4392,HBD,,,,,,,,,,,,,,,,,,,,,,,,,,,,,,,,,,,,,,,,,,,,,,,,,,,,,,,,,,,,,,,,,,,,,,,,,,,,,
2025-10-12 22:46:17,,,,867488067677285,4393,HBD,,,,,,,,,,,,,,,,,,,,,,,,,,,,,,,,,,,,,,,,,,,,,,,,,,,,,,,,,,,,,,,,,,,,,,,,,,,,,
2025-10-12 22:48:18,,,,867488067677285,4394,HBD,,,,,,,,,,,,,,,,,,,,,,,,,,,,,,,,,,,,,,,,,,,,,,,,,,,,,,,,,,,,,,,,,,,,,,,,,,,,,
2025-10-12 22:50:18,,,,867488067677285,4395,HBD,,,,,,,,,,,,,,,,,,,,,,,,,,,,,,,,,,,,,,,,,,,,,,,,,,,,,,,,,,,,,,,,,,,,,,,,,,,,,
2025-10-12 22:52:19,,,,867488067677285,4396,HBD,,,,,,,,,,,,,,,,,,,,,,,,,,,,,,,,,,,,,,,,,,,,,,,,,,,,,,,,,,,,,,,,,,,,,,,,,,,,,
2025-10-12 22:54:19,,,,867488067677285,4397,HBD,,,,,,,,,,,,,,,,,,,,,,,,,,,,,,,,,,,,,,,,,,,,,,,,,,,,,,,,,,,,,,,,,,,,,,,,,,,,,
2025-10-12 22:56:20,,,,867488067677285,4398,HBD,,,,,,,,,,,,,,,,,,,,,,,,,,,,,,,,,,,,,,,,,,,,,,,,,,,,,,,,,,,,,,,,,,,,,,,,,,,,,
2025-10-12 22:57:47,2025-10-12 22:57:46,2025-10-12 22:55:55,2025-10-12 22:55:55,867488067677285,4399,GTERI,0x19fe3fbf,0x00028102,802003,0x8303,0x0115,100,12843,0000,-,00,00,11,6,6,-,01,01,0.0,0.0,44,44,496,496,-23.044829,-23.044829,-50.227241,-50.227241,0724,0005,bff7,068fb200,0.4,213.5,213.5,0:01:57,7:37:58,-,-,0,-,,,,,04,7,00000000,00,10,,,,,,,,,,,,,,,,,,,,,,,,,,,,
2025-10-12 22:58:20,,,,867488067677285,4400,HBD,,,,,,,,,,,,,,,,,,,,,,,,,,,,,,,,,,,,,,,,,,,,,,,,,,,,,,,,,,,,,,,,,,,,,,,,,,,,,
2025-10-12 23:00:20,,,,867488067677285,4401,HBD,,,,,,,,,,,,,,,,,,,,,,,,,,,,,,,,,,,,,,,,,,,,,,,,,,,,,,,,,,,,,,,,,,,,,,,,,,,,,
2025-10-12 23:02:21,,,,867488067677285,4402,HBD,,,,,,,,,,,,,,,,,,,,,,,,,,,,,,,,,,,,,,,,,,,,,,,,,,,,,,,,,,,,,,,,,,,,,,,,,,,,,
2025-10-12 23:04:21,,,,867488067677285,4403,HBD,,,,,,,,,,,,,,,,,,,,,,,,,,,,,,,,,,,,,,,,,,,,,,,,,,,,,,,,,,,,,,,,,,,,,,,,,,,,,
2025-10-12 23:06:22,,,,867488067677285,4404,HBD,,,,,,,,,,,,,,,,,,,,,,,,,,,,,,,,,,,,,,,,,,,,,,,,,,,,,,,,,,,,,,,,,,,,,,,,,,,,,
2025-10-12 23:08:22,,,,867488067677285,4405,HBD,,,,,,,,,,,,,,,,,,,,,,,,,,,,,,,,,,,,,,,,,,,,,,,,,,,,,,,,,,,,,,,,,,,,,,,,,,,,,
2025-10-12 23:10:23,,,,867488067677285,4406,HBD,,,,,,,,,,,,,,,,,,,,,,,,,,,,,,,,,,,,,,,,,,,,,,,,,,,,,,,,,,,,,,,,,,,,,,,,,,,,,
2025-10-12 23:12:23,,,,867488067677285,4407,HBD,,,,,,,,,,,,,,,,,,,,,,,,,,,,,,,,,,,,,,,,,,,,,,,,,,,,,,,,,,,,,,,,,,,,,,,,,,,,,
2025-10-12 23:14:24,,,,867488067677285,4408,HBD,,,,,,,,,,,,,,,,,,,,,,,,,,,,,,,,,,,,,,,,,,,,,,,,,,,,,,,,,,,,,,,,,,,,,,,,,,,,,
2025-10-12 23:16:24,,,,867488067677285,4409,HBD,,,,,,,,,,,,,,,,,,,,,,,,,,,,,,,,,,,,,,,,,,,,,,,,,,,,,,,,,,,,,,,,,,,,,,,,,,,,,
2025-10-12 23:18:25,,,,867488067677285,4410,HBD,,,,,,,,,,,,,,,,,,,,,,,,,,,,,,,,,,,,,,,,,,,,,,,,,,,,,,,,,,,,,,,,,,,,,,,,,,,,,
2025-10-12 23:20:25,,,,867488067677285,4411,HBD,,,,,,,,,,,,,,,,,,,,,,,,,,,,,,,,,,,,,,,,,,,,,,,,,,,,,,,,,,,,,,,,,,,,,,,,,,,,,
2025-10-12 23:22:26,,,,867488067677285,4412,HBD,,,,,,,,,,,,,,,,,,,,,,,,,,,,,,,,,,,,,,,,,,,,,,,,,,,,,,,,,,,,,,,,,,,,,,,,,,,,,
2025-10-12 23:24:26,,,,867488067677285,4413,HBD,,,,,,,,,,,,,,,,,,,,,,,,,,,,,,,,,,,,,,,,,,,,,,,,,,,,,,,,,,,,,,,,,,,,,,,,,,,,,
2025-10-12 23:26:27,,,,867488067677285,4414,HBD,,,,,,,,,,,,,,,,,,,,,,,,,,,,,,,,,,,,,,,,,,,,,,,,,,,,,,,,,,,,,,,,,,,,,,,,,,,,,
2025-10-12 23:28:27,,,,867488067677285,4415,HBD,,,,,,,,,,,,,,,,,,,,,,,,,,,,,,,,,,,,,,,,,,,,,,,,,,,,,,,,,,,,,,,,,,,,,,,,,,,,,
2025-10-12 23:30:28,,,,867488067677285,4416,HBD,,,,,,,,,,,,,,,,,,,,,,,,,,,,,,,,,,,,,,,,,,,,,,,,,,,,,,,,,,,,,,,,,,,,,,,,,,,,,
2025-10-12 23:32:28,,,,867488067677285,4417,HBD,,,,,,,,,,,,,,,,,,,,,,,,,,,,,,,,,,,,,,,,,,,,,,,,,,,,,,,,,,,,,,,,,,,,,,,,,,,,,
2025-10-12 23:34:29,,,,867488067677285,4418,HBD,,,,,,,,,,,,,,,,,,,,,,,,,,,,,,,,,,,,,,,,,,,,,,,,,,,,,,,,,,,,,,,,,,,,,,,,,,,,,
2025-10-12 23:36:29,,,,867488067677285,4419,HBD,,,,,,,,,,,,,,,,,,,,,,,,,,,,,,,,,,,,,,,,,,,,,,,,,,,,,,,,,,,,,,,,,,,,,,,,,,,,,
2025-10-12 23:38:30,,,,867488067677285,4420,HBD,,,,,,,,,,,,,,,,,,,,,,,,,,,,,,,,,,,,,,,,,,,,,,,,,,,,,,,,,,,,,,,,,,,,,,,,,,,,,
2025-10-12 23:40:30,,,,867488067677285,4421,HBD,,,,,,,,,,,,,,,,,,,,,,,,,,,,,,,,,,,,,,,,,,,,,,,,,,,,,,,,,,,,,,,,,,,,,,,,,,,,,
2025-10-12 23:42:31,,,,867488067677285,4422,HBD,,,,,,,,,,,,,,,,,,,,,,,,,,,,,,,,,,,,,,,,,,,,,,,,,,,,,,,,,,,,,,,,,,,,,,,,,,,,,
2025-10-12 23:44:31,,,,867488067677285,4423,HBD,,,,,,,,,,,,,,,,,,,,,,,,,,,,,,,,,,,,,,,,,,,,,,,,,,,,,,,,,,,,,,,,,,,,,,,,,,,,,
2025-10-12 23:46:32,,,,867488067677285,4424,HBD,,,,,,,,,,,,,,,,,,,,,,,,,,,,,,,,,,,,,,,,,,,,,,,,,,,,,,,,,,,,,,,,,,,,,,,,,,,,,
2025-10-12 23:48:32,,,,867488067677285,4425,HBD,,,,,,,,,,,,,,,,,,,,,,,,,,,,,,,,,,,,,,,,,,,,,,,,,,,,,,,,,,,,,,,,,,,,,,,,,,,,,
2025-10-12 23:50:32,,,,867488067677285,4426,HBD,,,,,,,,,,,,,,,,,,,,,,,,,,,,,,,,,,,,,,,,,,,,,,,,,,,,,,,,,,,,,,,,,,,,,,,,,,,,,
2025-10-12 23:52:33,,,,867488067677285,4427,HBD,,,,,,,,,,,,,,,,,,,,,,,,,,,,,,,,,,,,,,,,,,,,,,,,,,,,,,,,,,,,,,,,,,,,,,,,,,,,,
2025-10-12 23:54:33,,,,867488067677285,4428,HBD,,,,,,,,,,,,,,,,,,,,,,,,,,,,,,,,,,,,,,,,,,,,,,,,,,,,,,,,,,,,,,,,,,,,,,,,,,,,,
2025-10-12 23:56:34,,,,867488067677285,4429,HBD,,,,,,,,,,,,,,,,,,,,,,,,,,,,,,,,,,,,,,,,,,,,,,,,,,,,,,,,,,,,,,,,,,,,,,,,,,,,,
2025-10-12 23:57:47,2025-10-12 23:57:46,2025-10-12 23:55:52,2025-10-12 23:55:52,867488067677285,4430,GTERI,0x19fe3fbf,0x00028102,802003,0x8303,0x0115,100,12860,0000,-,00,00,11,8,8,-,01,01,0.0,0.0,44,44,496,496,-23.044829,-23.044829,-50.227241,-50.227241,0724,0005,bff7,068fb200,0.4,213.5,213.5,0:01:57,7:37:58,-,-,0,-,,,,,04,7,00000000,00,10,,,,,,,,,,,,,,,,,,,,,,,,,,,,
2025-10-12 23:58:34,,,,867488067677285,4431,HBD,,,,,,,,,,,,,,,,,,,,,,,,,,,,,,,,,,,,,,,,,,,,,,,,,,,,,,,,,,,,,,,,,,,,,,,,,,,,,
2025-10-13 00:00:35,,,,867488067677285,4432,HBD,,,,,,,,,,,,,,,,,,,,,,,,,,,,,,,,,,,,,,,,,,,,,,,,,,,,,,,,,,,,,,,,,,,,,,,,,,,,,
2025-10-13 00:02:35,,,,867488067677285,4433,HBD,,,,,,,,,,,,,,,,,,,,,,,,,,,,,,,,,,,,,,,,,,,,,,,,,,,,,,,,,,,,,,,,,,,,,,,,,,,,,
2025-10-13 00:04:36,,,,867488067677285,4434,HBD,,,,,,,,,,,,,,,,,,,,,,,,,,,,,,,,,,,,,,,,,,,,,,,,,,,,,,,,,,,,,,,,,,,,,,,,,,,,,
2025-10-13 00:06:36,,,,867488067677285,4435,HBD,,,,,,,,,,,,,,,,,,,,,,,,,,,,,,,,,,,,,,,,,,,,,,,,,,,,,,,,,,,,,,,,,,,,,,,,,,,,,
2025-10-13 00:08:37,,,,867488067677285,4436,HBD,,,,,,,,,,,,,,,,,,,,,,,,,,,,,,,,,,,,,,,,,,,,,,,,,,,,,,,,,,,,,,,,,,,,,,,,,,,,,
2025-10-13 00:10:37,,,,867488067677285,4437,HBD,,,,,,,,,,,,,,,,,,,,,,,,,,,,,,,,,,,,,,,,,,,,,,,,,,,,,,,,,,,,,,,,,,,,,,,,,,,,,
2025-10-13 00:12:37,,,,867488067677285,4438,HBD,,,,,,,,,,,,,,,,,,,,,,,,,,,,,,,,,,,,,,,,,,,,,,,,,,,,,,,,,,,,,,,,,,,,,,,,,,,,,
2025-10-13 00:14:38,,,,867488067677285,4439,HBD,,,,,,,,,,,,,,,,,,,,,,,,,,,,,,,,,,,,,,,,,,,,,,,,,,,,,,,,,,,,,,,,,,,,,,,,,,,,,
2025-10-13 00:16:38,,,,867488067677285,4440,HBD,,,,,,,,,,,,,,,,,,,,,,,,,,,,,,,,,,,,,,,,,,,,,,,,,,,,,,,,,,,,,,,,,,,,,,,,,,,,,
2025-10-13 00:18:39,,,,867488067677285,4441,HBD,,,,,,,,,,,,,,,,,,,,,,,,,,,,,,,,,,,,,,,,,,,,,,,,,,,,,,,,,,,,,,,,,,,,,,,,,,,,,
2025-10-13 00:20:39,,,,867488067677285,4442,HBD,,,,,,,,,,,,,,,,,,,,,,,,,,,,,,,,,,,,,,,,,,,,,,,,,,,,,,,,,,,,,,,,,,,,,,,,,,,,,
2025-10-13 00:22:40,,,,867488067677285,4443,HBD,,,,,,,,,,,,,,,,,,,,,,,,,,,,,,,,,,,,,,,,,,,,,,,,,,,,,,,,,,,,,,,,,,,,,,,,,,,,,
2025-10-13 00:24:40,,,,867488067677285,4444,HBD,,,,,,,,,,,,,,,,,,,,,,,,,,,,,,,,,,,,,,,,,,,,,,,,,,,,,,,,,,,,,,,,,,,,,,,,,,,,,
2025-10-13 00:26:41,,,,867488067677285,4445,HBD,,,,,,,,,,,,,,,,,,,,,,,,,,,,,,,,,,,,,,,,,,,,,,,,,,,,,,,,,,,,,,,,,,,,,,,,,,,,,
2025-10-13 00:28:41,,,,867488067677285,4446,HBD,,,,,,,,,,,,,,,,,,,,,,,,,,,,,,,,,,,,,,,,,,,,,,,,,,,,,,,,,,,,,,,,,,,,,,,,,,,,,
2025-10-13 00:30:42,,,,867488067677285,4447,HBD,,,,,,,,,,,,,,,,,,,,,,,,,,,,,,,,,,,,,,,,,,,,,,,,,,,,,,,,,,,,,,,,,,,,,,,,,,,,,
2025-10-13 00:32:42,,,,867488067677285,4448,HBD,,,,,,,,,,,,,,,,,,,,,,,,,,,,,,,,,,,,,,,,,,,,,,,,,,,,,,,,,,,,,,,,,,,,,,,,,,,,,
2025-10-13 00:34:43,,,,867488067677285,4449,HBD,,,,,,,,,,,,,,,,,,,,,,,,,,,,,,,,,,,,,,,,,,,,,,,,,,,,,,,,,,,,,,,,,,,,,,,,,,,,,
2025-10-13 00:36:43,,,,867488067677285,4450,HBD,,,,,,,,,,,,,,,,,,,,,,,,,,,,,,,,,,,,,,,,,,,,,,,,,,,,,,,,,,,,,,,,,,,,,,,,,,,,,
2025-10-13 00:38:44,,,,867488067677285,4451,HBD,,,,,,,,,,,,,,,,,,,,,,,,,,,,,,,,,,,,,,,,,,,,,,,,,,,,,,,,,,,,,,,,,,,,,,,,,,,,,
2025-10-13 00:40:44,,,,867488067677285,4452,HBD,,,,,,,,,,,,,,,,,,,,,,,,,,,,,,,,,,,,,,,,,,,,,,,,,,,,,,,,,,,,,,,,,,,,,,,,,,,,,
2025-10-13 00:42:44,,,,867488067677285,4453,HBD,,,,,,,,,,,,,,,,,,,,,,,,,,,,,,,,,,,,,,,,,,,,,,,,,,,,,,,,,,,,,,,,,,,,,,,,,,,,,
2025-10-13 00:44:45,,,,867488067677285,4454,HBD,,,,,,,,,,,,,,,,,,,,,,,,,,,,,,,,,,,,,,,,,,,,,,,,,,,,,,,,,,,,,,,,,,,,,,,,,,,,,
2025-10-13 00:46:45,,,,867488067677285,4455,HBD,,,,,,,,,,,,,,,,,,,,,,,,,,,,,,,,,,,,,,,,,,,,,,,,,,,,,,,,,,,,,,,,,,,,,,,,,,,,,
2025-10-13 00:48:46,,,,867488067677285,4456,HBD,,,,,,,,,,,,,,,,,,,,,,,,,,,,,,,,,,,,,,,,,,,,,,,,,,,,,,,,,,,,,,,,,,,,,,,,,,,,,
2025-10-13 00:50:46,,,,867488067677285,4457,HBD,,,,,,,,,,,,,,,,,,,,,,,,,,,,,,,,,,,,,,,,,,,,,,,,,,,,,,,,,,,,,,,,,,,,,,,,,,,,,
2025-10-13 00:52:47,,,,867488067677285,4458,HBD,,,,,,,,,,,,,,,,,,,,,,,,,,,,,,,,,,,,,,,,,,,,,,,,,,,,,,,,,,,,,,,,,,,,,,,,,,,,,
2025-10-13 00:54:47,,,,867488067677285,4459,HBD,,,,,,,,,,,,,,,,,,,,,,,,,,,,,,,,,,,,,,,,,,,,,,,,,,,,,,,,,,,,,,,,,,,,,,,,,,,,,
2025-10-13 00:56:48,,,,867488067677285,4460,HBD,,,,,,,,,,,,,,,,,,,,,,,,,,,,,,,,,,,,,,,,,,,,,,,,,,,,,,,,,,,,,,,,,,,,,,,,,,,,,
2025-10-13 00:57:47,2025-10-13 00:57:46,2025-10-13 00:55:30,2025-10-13 00:55:30,867488067677285,4461,GTERI,0x19fe3fbf,0x00028102,802003,0x8303,0x0115,100,12856,0000,-,00,00,11,7,7,-,01,01,0.0,0.0,44,44,496,496,-23.044829,-23.044829,-50.227241,-50.227241,0724,0005,bff7,068fb201,0.4,213.5,213.5,0:01:57,7:37:58,-,-,0,-,,,,,04,7,00000000,00,10,,,,,,,,,,,,,,,,,,,,,,,,,,,,
2025-10-13 00:58:48,,,,867488067677285,4462,HBD,,,,,,,,,,,,,,,,,,,,,,,,,,,,,,,,,,,,,,,,,,,,,,,,,,,,,,,,,,,,,,,,,,,,,,,,,,,,,
2025-10-13 01:00:49,,,,867488067677285,4463,HBD,,,,,,,,,,,,,,,,,,,,,,,,,,,,,,,,,,,,,,,,,,,,,,,,,,,,,,,,,,,,,,,,,,,,,,,,,,,,,
2025-10-13 01:02:49,,,,867488067677285,4464,HBD,,,,,,,,,,,,,,,,,,,,,,,,,,,,,,,,,,,,,,,,,,,,,,,,,,,,,,,,,,,,,,,,,,,,,,,,,,,,,
2025-10-13 01:04:50,,,,867488067677285,4465,HBD,,,,,,,,,,,,,,,,,,,,,,,,,,,,,,,,,,,,,,,,,,,,,,,,,,,,,,,,,,,,,,,,,,,,,,,,,,,,,
2025-10-13 01:06:50,,,,867488067677285,4466,HBD,,,,,,,,,,,,,,,,,,,,,,,,,,,,,,,,,,,,,,,,,,,,,,,,,,,,,,,,,,,,,,,,,,,,,,,,,,,,,
2025-10-13 01:08:50,,,,867488067677285,4467,HBD,,,,,,,,,,,,,,,,,,,,,,,,,,,,,,,,,,,,,,,,,,,,,,,,,,,,,,,,,,,,,,,,,,,,,,,,,,,,,
2025-10-13 01:10:51,,,,867488067677285,4468,HBD,,,,,,,,,,,,,,,,,,,,,,,,,,,,,,,,,,,,,,,,,,,,,,,,,,,,,,,,,,,,,,,,,,,,,,,,,,,,,
2025-10-13 01:12:51,,,,867488067677285,4469,HBD,,,,,,,,,,,,,,,,,,,,,,,,,,,,,,,,,,,,,,,,,,,,,,,,,,,,,,,,,,,,,,,,,,,,,,,,,,,,,
2025-10-13 01:14:52,,,,867488067677285,4470,HBD,,,,,,,,,,,,,,,,,,,,,,,,,,,,,,,,,,,,,,,,,,,,,,,,,,,,,,,,,,,,,,,,,,,,,,,,,,,,,
2025-10-13 01:16:52,,,,867488067677285,4471,HBD,,,,,,,,,,,,,,,,,,,,,,,,,,,,,,,,,,,,,,,,,,,,,,,,,,,,,,,,,,,,,,,,,,,,,,,,,,,,,
2025-10-13 01:18:53,,,,867488067677285,4472,HBD,,,,,,,,,,,,,,,,,,,,,,,,,,,,,,,,,,,,,,,,,,,,,,,,,,,,,,,,,,,,,,,,,,,,,,,,,,,,,
2025-10-13 01:20:53,,,,867488067677285,4473,HBD,,,,,,,,,,,,,,,,,,,,,,,,,,,,,,,,,,,,,,,,,,,,,,,,,,,,,,,,,,,,,,,,,,,,,,,,,,,,,
2025-10-13 01:22:54,,,,867488067677285,4474,HBD,,,,,,,,,,,,,,,,,,,,,,,,,,,,,,,,,,,,,,,,,,,,,,,,,,,,,,,,,,,,,,,,,,,,,,,,,,,,,
2025-10-13 01:24:54,,,,867488067677285,4475,HBD,,,,,,,,,,,,,,,,,,,,,,,,,,,,,,,,,,,,,,,,,,,,,,,,,,,,,,,,,,,,,,,,,,,,,,,,,,,,,
2025-10-13 01:26:55,,,,867488067677285,4476,HBD,,,,,,,,,,,,,,,,,,,,,,,,,,,,,,,,,,,,,,,,,,,,,,,,,,,,,,,,,,,,,,,,,,,,,,,,,,,,,
2025-10-13 01:28:55,,,,867488067677285,4477,HBD,,,,,,,,,,,,,,,,,,,,,,,,,,,,,,,,,,,,,,,,,,,,,,,,,,,,,,,,,,,,,,,,,,,,,,,,,,,,,
2025-10-13 01:30:55,,,,867488067677285,4478,HBD,,,,,,,,,,,,,,,,,,,,,,,,,,,,,,,,,,,,,,,,,,,,,,,,,,,,,,,,,,,,,,,,,,,,,,,,,,,,,
2025-10-13 01:32:56,,,,867488067677285,4479,HBD,,,,,,,,,,,,,,,,,,,,,,,,,,,,,,,,,,,,,,,,,,,,,,,,,,,,,,,,,,,,,,,,,,,,,,,,,,,,,
2025-10-13 01:34:56,,,,867488067677285,4480,HBD,,,,,,,,,,,,,,,,,,,,,,,,,,,,,,,,,,,,,,,,,,,,,,,,,,,,,,,,,,,,,,,,,,,,,,,,,,,,,
2025-10-13 01:36:57,,,,867488067677285,4481,HBD,,,,,,,,,,,,,,,,,,,,,,,,,,,,,,,,,,,,,,,,,,,,,,,,,,,,,,,,,,,,,,,,,,,,,,,,,,,,,
2025-10-13 01:38:57,,,,867488067677285,4482,HBD,,,,,,,,,,,,,,,,,,,,,,,,,,,,,,,,,,,,,,,,,,,,,,,,,,,,,,,,,,,,,,,,,,,,,,,,,,,,,
2025-10-13 01:40:58,,,,867488067677285,4483,HBD,,,,,,,,,,,,,,,,,,,,,,,,,,,,,,,,,,,,,,,,,,,,,,,,,,,,,,,,,,,,,,,,,,,,,,,,,,,,,
2025-10-13 01:42:58,,,,867488067677285,4484,HBD,,,,,,,,,,,,,,,,,,,,,,,,,,,,,,,,,,,,,,,,,,,,,,,,,,,,,,,,,,,,,,,,,,,,,,,,,,,,,
2025-10-13 01:44:59,,,,867488067677285,4485,HBD,,,,,,,,,,,,,,,,,,,,,,,,,,,,,,,,,,,,,,,,,,,,,,,,,,,,,,,,,,,,,,,,,,,,,,,,,,,,,
2025-10-13 01:46:59,,,,867488067677285,4486,HBD,,,,,,,,,,,,,,,,,,,,,,,,,,,,,,,,,,,,,,,,,,,,,,,,,,,,,,,,,,,,,,,,,,,,,,,,,,,,,
2025-10-13 01:49:00,,,,867488067677285,4487,HBD,,,,,,,,,,,,,,,,,,,,,,,,,,,,,,,,,,,,,,,,,,,,,,,,,,,,,,,,,,,,,,,,,,,,,,,,,,,,,
2025-10-13 01:51:00,,,,867488067677285,4488,HBD,,,,,,,,,,,,,,,,,,,,,,,,,,,,,,,,,,,,,,,,,,,,,,,,,,,,,,,,,,,,,,,,,,,,,,,,,,,,,
2025-10-13 01:53:01,,,,867488067677285,4489,HBD,,,,,,,,,,,,,,,,,,,,,,,,,,,,,,,,,,,,,,,,,,,,,,,,,,,,,,,,,,,,,,,,,,,,,,,,,,,,,
2025-10-13 01:55:01,,,,867488067677285,4490,HBD,,,,,,,,,,,,,,,,,,,,,,,,,,,,,,,,,,,,,,,,,,,,,,,,,,,,,,,,,,,,,,,,,,,,,,,,,,,,,
2025-10-13 01:57:02,,,,867488067677285,4491,HBD,,,,,,,,,,,,,,,,,,,,,,,,,,,,,,,,,,,,,,,,,,,,,,,,,,,,,,,,,,,,,,,,,,,,,,,,,,,,,
2025-10-13 01:57:47,2025-10-13 01:57:46,2025-10-13 01:55:53,2025-10-13 01:55:53,867488067677285,4492,GTERI,0x19fe3fbf,0x00028102,802003,0x8303,0x0115,100,12807,0000,-,00,00,11,7,7,-,01,01,0.0,0.0,44,44,496,496,-23.044829,-23.044829,-50.227241,-50.227241,0724,0005,bff7,068fb204,0.4,213.5,213.5,0:01:57,7:37:58,-,-,0,-,,,,,04,3,00000000,00,10,,,,,,,,,,,,,,,,,,,,,,,,,,,,
2025-10-13 01:59:02,,,,867488067677285,4493,HBD,,,,,,,,,,,,,,,,,,,,,,,,,,,,,,,,,,,,,,,,,,,,,,,,,,,,,,,,,,,,,,,,,,,,,,,,,,,,,
2025-10-13 02:01:03,,,,867488067677285,4494,HBD,,,,,,,,,,,,,,,,,,,,,,,,,,,,,,,,,,,,,,,,,,,,,,,,,,,,,,,,,,,,,,,,,,,,,,,,,,,,,
2025-10-13 02:03:03,,,,867488067677285,4495,HBD,,,,,,,,,,,,,,,,,,,,,,,,,,,,,,,,,,,,,,,,,,,,,,,,,,,,,,,,,,,,,,,,,,,,,,,,,,,,,
2025-10-13 02:05:04,,,,867488067677285,4496,HBD,,,,,,,,,,,,,,,,,,,,,,,,,,,,,,,,,,,,,,,,,,,,,,,,,,,,,,,,,,,,,,,,,,,,,,,,,,,,,
2025-10-13 02:07:04,,,,867488067677285,4497,HBD,,,,,,,,,,,,,,,,,,,,,,,,,,,,,,,,,,,,,,,,,,,,,,,,,,,,,,,,,,,,,,,,,,,,,,,,,,,,,
2025-10-13 02:09:05,,,,867488067677285,4498,HBD,,,,,,,,,,,,,,,,,,,,,,,,,,,,,,,,,,,,,,,,,,,,,,,,,,,,,,,,,,,,,,,,,,,,,,,,,,,,,
2025-10-13 02:11:05,,,,867488067677285,4499,HBD,,,,,,,,,,,,,,,,,,,,,,,,,,,,,,,,,,,,,,,,,,,,,,,,,,,,,,,,,,,,,,,,,,,,,,,,,,,,,
2025-10-13 02:13:05,,,,867488067677285,4500,HBD,,,,,,,,,,,,,,,,,,,,,,,,,,,,,,,,,,,,,,,,,,,,,,,,,,,,,,,,,,,,,,,,,,,,,,,,,,,,,
2025-10-13 02:15:06,,,,867488067677285,4501,HBD,,,,,,,,,,,,,,,,,,,,,,,,,,,,,,,,,,,,,,,,,,,,,,,,,,,,,,,,,,,,,,,,,,,,,,,,,,,,,
2025-10-13 02:17:06,,,,867488067677285,4502,HBD,,,,,,,,,,,,,,,,,,,,,,,,,,,,,,,,,,,,,,,,,,,,,,,,,,,,,,,,,,,,,,,,,,,,,,,,,,,,,
2025-10-13 02:19:07,,,,867488067677285,4503,HBD,,,,,,,,,,,,,,,,,,,,,,,,,,,,,,,,,,,,,,,,,,,,,,,,,,,,,,,,,,,,,,,,,,,,,,,,,,,,,
2025-10-13 02:21:07,,,,867488067677285,4504,HBD,,,,,,,,,,,,,,,,,,,,,,,,,,,,,,,,,,,,,,,,,,,,,,,,,,,,,,,,,,,,,,,,,,,,,,,,,,,,,
2025-10-13 02:23:08,,,,867488067677285,4505,HBD,,,,,,,,,,,,,,,,,,,,,,,,,,,,,,,,,,,,,,,,,,,,,,,,,,,,,,,,,,,,,,,,,,,,,,,,,,,,,
2025-10-13 02:24:08,,,,867488067677285,4506,HBD,,,,,,,,,,,,,,,,,,,,,,,,,,,,,,,,,,,,,,,,,,,,,,,,,,,,,,,,,,,,,,,,,,,,,,,,,,,,,
2025-10-13 02:26:08,,,,867488067677285,4507,HBD,,,,,,,,,,,,,,,,,,,,,,,,,,,,,,,,,,,,,,,,,,,,,,,,,,,,,,,,,,,,,,,,,,,,,,,,,,,,,
2025-10-13 02:28:09,,,,867488067677285,4508,HBD,,,,,,,,,,,,,,,,,,,,,,,,,,,,,,,,,,,,,,,,,,,,,,,,,,,,,,,,,,,,,,,,,,,,,,,,,,,,,
2025-10-13 02:30:09,,,,867488067677285,4509,HBD,,,,,,,,,,,,,,,,,,,,,,,,,,,,,,,,,,,,,,,,,,,,,,,,,,,,,,,,,,,,,,,,,,,,,,,,,,,,,
2025-10-13 02:32:10,,,,867488067677285,4510,HBD,,,,,,,,,,,,,,,,,,,,,,,,,,,,,,,,,,,,,,,,,,,,,,,,,,,,,,,,,,,,,,,,,,,,,,,,,,,,,
2025-10-13 02:34:10,,,,867488067677285,4511,HBD,,,,,,,,,,,,,,,,,,,,,,,,,,,,,,,,,,,,,,,,,,,,,,,,,,,,,,,,,,,,,,,,,,,,,,,,,,,,,
2025-10-13 02:36:11,,,,867488067677285,4512,HBD,,,,,,,,,,,,,,,,,,,,,,,,,,,,,,,,,,,,,,,,,,,,,,,,,,,,,,,,,,,,,,,,,,,,,,,,,,,,,
2025-10-13 02:38:11,,,,867488067677285,4513,HBD,,,,,,,,,,,,,,,,,,,,,,,,,,,,,,,,,,,,,,,,,,,,,,,,,,,,,,,,,,,,,,,,,,,,,,,,,,,,,
2025-10-13 02:40:12,,,,867488067677285,4514,HBD,,,,,,,,,,,,,,,,,,,,,,,,,,,,,,,,,,,,,,,,,,,,,,,,,,,,,,,,,,,,,,,,,,,,,,,,,,,,,
2025-10-13 02:42:12,,,,867488067677285,4515,HBD,,,,,,,,,,,,,,,,,,,,,,,,,,,,,,,,,,,,,,,,,,,,,,,,,,,,,,,,,,,,,,,,,,,,,,,,,,,,,
2025-10-13 02:44:13,,,,867488067677285,4516,HBD,,,,,,,,,,,,,,,,,,,,,,,,,,,,,,,,,,,,,,,,,,,,,,,,,,,,,,,,,,,,,,,,,,,,,,,,,,,,,
2025-10-13 02:46:13,,,,867488067677285,4517,HBD,,,,,,,,,,,,,,,,,,,,,,,,,,,,,,,,,,,,,,,,,,,,,,,,,,,,,,,,,,,,,,,,,,,,,,,,,,,,,
2025-10-13 02:48:14,,,,867488067677285,4518,HBD,,,,,,,,,,,,,,,,,,,,,,,,,,,,,,,,,,,,,,,,,,,,,,,,,,,,,,,,,,,,,,,,,,,,,,,,,,,,,
2025-10-13 02:50:14,,,,867488067677285,4519,HBD,,,,,,,,,,,,,,,,,,,,,,,,,,,,,,,,,,,,,,,,,,,,,,,,,,,,,,,,,,,,,,,,,,,,,,,,,,,,,
2025-10-13 02:52:14,,,,867488067677285,4520,HBD,,,,,,,,,,,,,,,,,,,,,,,,,,,,,,,,,,,,,,,,,,,,,,,,,,,,,,,,,,,,,,,,,,,,,,,,,,,,,
2025-10-13 02:54:15,,,,867488067677285,4521,HBD,,,,,,,,,,,,,,,,,,,,,,,,,,,,,,,,,,,,,,,,,,,,,,,,,,,,,,,,,,,,,,,,,,,,,,,,,,,,,
2025-10-13 02:56:15,,,,867488067677285,4522,HBD,,,,,,,,,,,,,,,,,,,,,,,,,,,,,,,,,,,,,,,,,,,,,,,,,,,,,,,,,,,,,,,,,,,,,,,,,,,,,
2025-10-13 02:57:47,2025-10-13 02:57:46,2025-10-13 02:55:53,2025-10-13 02:55:53,867488067677285,4523,GTERI,0x19fe3fbf,0x00028102,802003,0x8303,0x0115,100,12796,0000,-,00,00,11,10,10,-,01,01,0.0,0.0,44,44,496,496,-23.044829,-23.044829,-50.227241,-50.227241,0724,0005,bff7,068fb204,0.4,213.5,213.5,0:01:57,7:37:58,-,-,0,-,,,,,04,3,00000000,00,10,,,,,,,,,,,,,,,,,,,,,,,,,,,,
2025-10-13 02:58:16,,,,867488067677285,4524,HBD,,,,,,,,,,,,,,,,,,,,,,,,,,,,,,,,,,,,,,,,,,,,,,,,,,,,,,,,,,,,,,,,,,,,,,,,,,,,,
2025-10-13 03:00:16,,,,867488067677285,4525,HBD,,,,,,,,,,,,,,,,,,,,,,,,,,,,,,,,,,,,,,,,,,,,,,,,,,,,,,,,,,,,,,,,,,,,,,,,,,,,,
2025-10-13 03:02:17,,,,867488067677285,4526,HBD,,,,,,,,,,,,,,,,,,,,,,,,,,,,,,,,,,,,,,,,,,,,,,,,,,,,,,,,,,,,,,,,,,,,,,,,,,,,,
2025-10-13 03:04:17,,,,867488067677285,4527,HBD,,,,,,,,,,,,,,,,,,,,,,,,,,,,,,,,,,,,,,,,,,,,,,,,,,,,,,,,,,,,,,,,,,,,,,,,,,,,,
2025-10-13 03:06:18,,,,867488067677285,4528,HBD,,,,,,,,,,,,,,,,,,,,,,,,,,,,,,,,,,,,,,,,,,,,,,,,,,,,,,,,,,,,,,,,,,,,,,,,,,,,,
2025-10-13 03:08:18,,,,867488067677285,4529,HBD,,,,,,,,,,,,,,,,,,,,,,,,,,,,,,,,,,,,,,,,,,,,,,,,,,,,,,,,,,,,,,,,,,,,,,,,,,,,,
2025-10-13 03:10:19,,,,867488067677285,4530,HBD,,,,,,,,,,,,,,,,,,,,,,,,,,,,,,,,,,,,,,,,,,,,,,,,,,,,,,,,,,,,,,,,,,,,,,,,,,,,,
2025-10-13 03:12:19,,,,867488067677285,4531,HBD,,,,,,,,,,,,,,,,,,,,,,,,,,,,,,,,,,,,,,,,,,,,,,,,,,,,,,,,,,,,,,,,,,,,,,,,,,,,,
2025-10-13 03:14:19,,,,867488067677285,4532,HBD,,,,,,,,,,,,,,,,,,,,,,,,,,,,,,,,,,,,,,,,,,,,,,,,,,,,,,,,,,,,,,,,,,,,,,,,,,,,,
2025-10-13 03:16:20,,,,867488067677285,4533,HBD,,,,,,,,,,,,,,,,,,,,,,,,,,,,,,,,,,,,,,,,,,,,,,,,,,,,,,,,,,,,,,,,,,,,,,,,,,,,,
2025-10-13 03:18:20,,,,867488067677285,4534,HBD,,,,,,,,,,,,,,,,,,,,,,,,,,,,,,,,,,,,,,,,,,,,,,,,,,,,,,,,,,,,,,,,,,,,,,,,,,,,,
2025-10-13 03:20:21,,,,867488067677285,4535,HBD,,,,,,,,,,,,,,,,,,,,,,,,,,,,,,,,,,,,,,,,,,,,,,,,,,,,,,,,,,,,,,,,,,,,,,,,,,,,,
2025-10-13 03:22:21,,,,867488067677285,4536,HBD,,,,,,,,,,,,,,,,,,,,,,,,,,,,,,,,,,,,,,,,,,,,,,,,,,,,,,,,,,,,,,,,,,,,,,,,,,,,,
2025-10-13 03:24:22,,,,867488067677285,4537,HBD,,,,,,,,,,,,,,,,,,,,,,,,,,,,,,,,,,,,,,,,,,,,,,,,,,,,,,,,,,,,,,,,,,,,,,,,,,,,,
2025-10-13 03:26:22,,,,867488067677285,4538,HBD,,,,,,,,,,,,,,,,,,,,,,,,,,,,,,,,,,,,,,,,,,,,,,,,,,,,,,,,,,,,,,,,,,,,,,,,,,,,,
2025-10-13 03:28:23,,,,867488067677285,4539,HBD,,,,,,,,,,,,,,,,,,,,,,,,,,,,,,,,,,,,,,,,,,,,,,,,,,,,,,,,,,,,,,,,,,,,,,,,,,,,,
2025-10-13 03:30:23,,,,867488067677285,4540,HBD,,,,,,,,,,,,,,,,,,,,,,,,,,,,,,,,,,,,,,,,,,,,,,,,,,,,,,,,,,,,,,,,,,,,,,,,,,,,,
2025-10-13 03:32:24,,,,867488067677285,4541,HBD,,,,,,,,,,,,,,,,,,,,,,,,,,,,,,,,,,,,,,,,,,,,,,,,,,,,,,,,,,,,,,,,,,,,,,,,,,,,,
2025-10-13 03:34:24,,,,867488067677285,4542,HBD,,,,,,,,,,,,,,,,,,,,,,,,,,,,,,,,,,,,,,,,,,,,,,,,,,,,,,,,,,,,,,,,,,,,,,,,,,,,,
2025-10-13 03:36:25,,,,867488067677285,4543,HBD,,,,,,,,,,,,,,,,,,,,,,,,,,,,,,,,,,,,,,,,,,,,,,,,,,,,,,,,,,,,,,,,,,,,,,,,,,,,,
2025-10-13 03:38:25,,,,867488067677285,4544,HBD,,,,,,,,,,,,,,,,,,,,,,,,,,,,,,,,,,,,,,,,,,,,,,,,,,,,,,,,,,,,,,,,,,,,,,,,,,,,,
2025-10-13 03:40:25,,,,867488067677285,4545,HBD,,,,,,,,,,,,,,,,,,,,,,,,,,,,,,,,,,,,,,,,,,,,,,,,,,,,,,,,,,,,,,,,,,,,,,,,,,,,,
2025-10-13 03:42:26,,,,867488067677285,4546,HBD,,,,,,,,,,,,,,,,,,,,,,,,,,,,,,,,,,,,,,,,,,,,,,,,,,,,,,,,,,,,,,,,,,,,,,,,,,,,,
2025-10-13 03:44:26,,,,867488067677285,4547,HBD,,,,,,,,,,,,,,,,,,,,,,,,,,,,,,,,,,,,,,,,,,,,,,,,,,,,,,,,,,,,,,,,,,,,,,,,,,,,,
2025-10-13 03:46:27,,,,867488067677285,4548,HBD,,,,,,,,,,,,,,,,,,,,,,,,,,,,,,,,,,,,,,,,,,,,,,,,,,,,,,,,,,,,,,,,,,,,,,,,,,,,,
2025-10-13 03:48:27,,,,867488067677285,4549,HBD,,,,,,,,,,,,,,,,,,,,,,,,,,,,,,,,,,,,,,,,,,,,,,,,,,,,,,,,,,,,,,,,,,,,,,,,,,,,,
2025-10-13 03:50:28,,,,867488067677285,4550,HBD,,,,,,,,,,,,,,,,,,,,,,,,,,,,,,,,,,,,,,,,,,,,,,,,,,,,,,,,,,,,,,,,,,,,,,,,,,,,,
2025-10-13 03:52:28,,,,867488067677285,4551,HBD,,,,,,,,,,,,,,,,,,,,,,,,,,,,,,,,,,,,,,,,,,,,,,,,,,,,,,,,,,,,,,,,,,,,,,,,,,,,,
2025-10-13 03:54:29,,,,867488067677285,4552,HBD,,,,,,,,,,,,,,,,,,,,,,,,,,,,,,,,,,,,,,,,,,,,,,,,,,,,,,,,,,,,,,,,,,,,,,,,,,,,,
2025-10-13 03:56:29,,,,867488067677285,4553,HBD,,,,,,,,,,,,,,,,,,,,,,,,,,,,,,,,,,,,,,,,,,,,,,,,,,,,,,,,,,,,,,,,,,,,,,,,,,,,,
2025-10-13 03:57:47,2025-10-13 03:57:46,2025-10-13 03:55:25,2025-10-13 03:55:25,867488067677285,4554,GTERI,0x19fe3fbf,0x00028102,802003,0x8303,0x0115,100,12792,0000,-,00,00,11,7,7,-,01,01,0.0,0.0,44,44,496,496,-23.044829,-23.044829,-50.227241,-50.227241,0724,0005,bff7,068fb204,0.4,213.5,213.5,0:01:57,7:37:58,-,-,0,-,,,,,04,3,00000000,00,10,,,,,,,,,,,,,,,,,,,,,,,,,,,,
2025-10-13 03:58:30,,,,867488067677285,4555,HBD,,,,,,,,,,,,,,,,,,,,,,,,,,,,,,,,,,,,,,,,,,,,,,,,,,,,,,,,,,,,,,,,,,,,,,,,,,,,,
2025-10-13 04:00:30,,,,867488067677285,4556,HBD,,,,,,,,,,,,,,,,,,,,,,,,,,,,,,,,,,,,,,,,,,,,,,,,,,,,,,,,,,,,,,,,,,,,,,,,,,,,,
2025-10-13 04:02:31,,,,867488067677285,4557,HBD,,,,,,,,,,,,,,,,,,,,,,,,,,,,,,,,,,,,,,,,,,,,,,,,,,,,,,,,,,,,,,,,,,,,,,,,,,,,,
2025-10-13 04:04:31,,,,867488067677285,4558,HBD,,,,,,,,,,,,,,,,,,,,,,,,,,,,,,,,,,,,,,,,,,,,,,,,,,,,,,,,,,,,,,,,,,,,,,,,,,,,,
2025-10-13 04:06:32,,,,867488067677285,4559,HBD,,,,,,,,,,,,,,,,,,,,,,,,,,,,,,,,,,,,,,,,,,,,,,,,,,,,,,,,,,,,,,,,,,,,,,,,,,,,,
2025-10-13 04:08:32,,,,867488067677285,4560,HBD,,,,,,,,,,,,,,,,,,,,,,,,,,,,,,,,,,,,,,,,,,,,,,,,,,,,,,,,,,,,,,,,,,,,,,,,,,,,,
2025-10-13 04:10:32,,,,867488067677285,4561,HBD,,,,,,,,,,,,,,,,,,,,,,,,,,,,,,,,,,,,,,,,,,,,,,,,,,,,,,,,,,,,,,,,,,,,,,,,,,,,,
2025-10-13 04:12:33,,,,867488067677285,4562,HBD,,,,,,,,,,,,,,,,,,,,,,,,,,,,,,,,,,,,,,,,,,,,,,,,,,,,,,,,,,,,,,,,,,,,,,,,,,,,,
2025-10-13 04:14:33,,,,867488067677285,4563,HBD,,,,,,,,,,,,,,,,,,,,,,,,,,,,,,,,,,,,,,,,,,,,,,,,,,,,,,,,,,,,,,,,,,,,,,,,,,,,,
2025-10-13 04:16:34,,,,867488067677285,4564,HBD,,,,,,,,,,,,,,,,,,,,,,,,,,,,,,,,,,,,,,,,,,,,,,,,,,,,,,,,,,,,,,,,,,,,,,,,,,,,,
2025-10-13 04:18:34,,,,867488067677285,4565,HBD,,,,,,,,,,,,,,,,,,,,,,,,,,,,,,,,,,,,,,,,,,,,,,,,,,,,,,,,,,,,,,,,,,,,,,,,,,,,,
2025-10-13 04:20:35,,,,867488067677285,4566,HBD,,,,,,,,,,,,,,,,,,,,,,,,,,,,,,,,,,,,,,,,,,,,,,,,,,,,,,,,,,,,,,,,,,,,,,,,,,,,,
2025-10-13 04:22:35,,,,867488067677285,4567,HBD,,,,,,,,,,,,,,,,,,,,,,,,,,,,,,,,,,,,,,,,,,,,,,,,,,,,,,,,,,,,,,,,,,,,,,,,,,,,,
2025-10-13 04:24:36,,,,867488067677285,4568,HBD,,,,,,,,,,,,,,,,,,,,,,,,,,,,,,,,,,,,,,,,,,,,,,,,,,,,,,,,,,,,,,,,,,,,,,,,,,,,,
2025-10-13 04:26:36,,,,867488067677285,4569,HBD,,,,,,,,,,,,,,,,,,,,,,,,,,,,,,,,,,,,,,,,,,,,,,,,,,,,,,,,,,,,,,,,,,,,,,,,,,,,,
2025-10-13 04:28:37,,,,867488067677285,4570,HBD,,,,,,,,,,,,,,,,,,,,,,,,,,,,,,,,,,,,,,,,,,,,,,,,,,,,,,,,,,,,,,,,,,,,,,,,,,,,,
2025-10-13 04:30:37,,,,867488067677285,4571,HBD,,,,,,,,,,,,,,,,,,,,,,,,,,,,,,,,,,,,,,,,,,,,,,,,,,,,,,,,,,,,,,,,,,,,,,,,,,,,,
2025-10-13 04:32:37,,,,867488067677285,4572,HBD,,,,,,,,,,,,,,,,,,,,,,,,,,,,,,,,,,,,,,,,,,,,,,,,,,,,,,,,,,,,,,,,,,,,,,,,,,,,,
2025-10-13 04:34:38,,,,867488067677285,4573,HBD,,,,,,,,,,,,,,,,,,,,,,,,,,,,,,,,,,,,,,,,,,,,,,,,,,,,,,,,,,,,,,,,,,,,,,,,,,,,,
2025-10-13 04:36:38,,,,867488067677285,4574,HBD,,,,,,,,,,,,,,,,,,,,,,,,,,,,,,,,,,,,,,,,,,,,,,,,,,,,,,,,,,,,,,,,,,,,,,,,,,,,,
2025-10-13 04:38:39,,,,867488067677285,4575,HBD,,,,,,,,,,,,,,,,,,,,,,,,,,,,,,,,,,,,,,,,,,,,,,,,,,,,,,,,,,,,,,,,,,,,,,,,,,,,,
2025-10-13 04:40:39,,,,867488067677285,4576,HBD,,,,,,,,,,,,,,,,,,,,,,,,,,,,,,,,,,,,,,,,,,,,,,,,,,,,,,,,,,,,,,,,,,,,,,,,,,,,,
2025-10-13 04:42:40,,,,867488067677285,4577,HBD,,,,,,,,,,,,,,,,,,,,,,,,,,,,,,,,,,,,,,,,,,,,,,,,,,,,,,,,,,,,,,,,,,,,,,,,,,,,,
2025-10-13 04:44:40,,,,867488067677285,4578,HBD,,,,,,,,,,,,,,,,,,,,,,,,,,,,,,,,,,,,,,,,,,,,,,,,,,,,,,,,,,,,,,,,,,,,,,,,,,,,,
2025-10-13 04:46:41,,,,867488067677285,4579,HBD,,,,,,,,,,,,,,,,,,,,,,,,,,,,,,,,,,,,,,,,,,,,,,,,,,,,,,,,,,,,,,,,,,,,,,,,,,,,,
2025-10-13 04:48:41,,,,867488067677285,4580,HBD,,,,,,,,,,,,,,,,,,,,,,,,,,,,,,,,,,,,,,,,,,,,,,,,,,,,,,,,,,,,,,,,,,,,,,,,,,,,,
2025-10-13 04:50:42,,,,867488067677285,4581,HBD,,,,,,,,,,,,,,,,,,,,,,,,,,,,,,,,,,,,,,,,,,,,,,,,,,,,,,,,,,,,,,,,,,,,,,,,,,,,,
2025-10-13 04:52:42,,,,867488067677285,4582,HBD,,,,,,,,,,,,,,,,,,,,,,,,,,,,,,,,,,,,,,,,,,,,,,,,,,,,,,,,,,,,,,,,,,,,,,,,,,,,,
2025-10-13 04:54:43,,,,867488067677285,4583,HBD,,,,,,,,,,,,,,,,,,,,,,,,,,,,,,,,,,,,,,,,,,,,,,,,,,,,,,,,,,,,,,,,,,,,,,,,,,,,,
2025-10-13 04:56:43,,,,867488067677285,4584,HBD,,,,,,,,,,,,,,,,,,,,,,,,,,,,,,,,,,,,,,,,,,,,,,,,,,,,,,,,,,,,,,,,,,,,,,,,,,,,,
2025-10-13 04:57:47,2025-10-13 04:57:46,2025-10-13 04:55:26,2025-10-13 04:55:26,867488067677285,4585,GTERI,0x19fe3fbf,0x00028102,802003,0x8303,0x0115,100,12851,0000,-,00,00,11,5,5,-,01,01,0.0,0.0,44,44,496,496,-23.044829,-23.044829,-50.227241,-50.227241,0724,0005,bff7,068fb204,0.4,213.5,213.5,0:01:57,7:37:58,-,-,0,-,,,,,04,3,00000000,00,10,,,,,,,,,,,,,,,,,,,,,,,,,,,,
2025-10-13 04:58:44,,,,867488067677285,4586,HBD,,,,,,,,,,,,,,,,,,,,,,,,,,,,,,,,,,,,,,,,,,,,,,,,,,,,,,,,,,,,,,,,,,,,,,,,,,,,,
2025-10-13 05:00:44,,,,867488067677285,4587,HBD,,,,,,,,,,,,,,,,,,,,,,,,,,,,,,,,,,,,,,,,,,,,,,,,,,,,,,,,,,,,,,,,,,,,,,,,,,,,,
2025-10-13 05:02:44,,,,867488067677285,4588,HBD,,,,,,,,,,,,,,,,,,,,,,,,,,,,,,,,,,,,,,,,,,,,,,,,,,,,,,,,,,,,,,,,,,,,,,,,,,,,,
2025-10-13 05:04:45,,,,867488067677285,4589,HBD,,,,,,,,,,,,,,,,,,,,,,,,,,,,,,,,,,,,,,,,,,,,,,,,,,,,,,,,,,,,,,,,,,,,,,,,,,,,,
2025-10-13 05:06:45,,,,867488067677285,4590,HBD,,,,,,,,,,,,,,,,,,,,,,,,,,,,,,,,,,,,,,,,,,,,,,,,,,,,,,,,,,,,,,,,,,,,,,,,,,,,,
2025-10-13 05:08:46,,,,867488067677285,4591,HBD,,,,,,,,,,,,,,,,,,,,,,,,,,,,,,,,,,,,,,,,,,,,,,,,,,,,,,,,,,,,,,,,,,,,,,,,,,,,,
2025-10-13 05:10:47,,,,867488067677285,4592,HBD,,,,,,,,,,,,,,,,,,,,,,,,,,,,,,,,,,,,,,,,,,,,,,,,,,,,,,,,,,,,,,,,,,,,,,,,,,,,,
2025-10-13 05:12:47,,,,867488067677285,4593,HBD,,,,,,,,,,,,,,,,,,,,,,,,,,,,,,,,,,,,,,,,,,,,,,,,,,,,,,,,,,,,,,,,,,,,,,,,,,,,,
2025-10-13 05:14:47,,,,867488067677285,4594,HBD,,,,,,,,,,,,,,,,,,,,,,,,,,,,,,,,,,,,,,,,,,,,,,,,,,,,,,,,,,,,,,,,,,,,,,,,,,,,,
2025-10-13 05:16:48,,,,867488067677285,4595,HBD,,,,,,,,,,,,,,,,,,,,,,,,,,,,,,,,,,,,,,,,,,,,,,,,,,,,,,,,,,,,,,,,,,,,,,,,,,,,,
2025-10-13 05:18:48,,,,867488067677285,4596,HBD,,,,,,,,,,,,,,,,,,,,,,,,,,,,,,,,,,,,,,,,,,,,,,,,,,,,,,,,,,,,,,,,,,,,,,,,,,,,,
2025-10-13 05:20:49,,,,867488067677285,4597,HBD,,,,,,,,,,,,,,,,,,,,,,,,,,,,,,,,,,,,,,,,,,,,,,,,,,,,,,,,,,,,,,,,,,,,,,,,,,,,,
2025-10-13 05:22:49,,,,867488067677285,4598,HBD,,,,,,,,,,,,,,,,,,,,,,,,,,,,,,,,,,,,,,,,,,,,,,,,,,,,,,,,,,,,,,,,,,,,,,,,,,,,,
2025-10-13 05:24:50,,,,867488067677285,4599,HBD,,,,,,,,,,,,,,,,,,,,,,,,,,,,,,,,,,,,,,,,,,,,,,,,,,,,,,,,,,,,,,,,,,,,,,,,,,,,,
2025-10-13 05:26:50,,,,867488067677285,4600,HBD,,,,,,,,,,,,,,,,,,,,,,,,,,,,,,,,,,,,,,,,,,,,,,,,,,,,,,,,,,,,,,,,,,,,,,,,,,,,,
2025-10-13 05:28:51,,,,867488067677285,4601,HBD,,,,,,,,,,,,,,,,,,,,,,,,,,,,,,,,,,,,,,,,,,,,,,,,,,,,,,,,,,,,,,,,,,,,,,,,,,,,,
2025-10-13 05:30:51,,,,867488067677285,4602,HBD,,,,,,,,,,,,,,,,,,,,,,,,,,,,,,,,,,,,,,,,,,,,,,,,,,,,,,,,,,,,,,,,,,,,,,,,,,,,,
2025-10-13 05:32:51,,,,867488067677285,4603,HBD,,,,,,,,,,,,,,,,,,,,,,,,,,,,,,,,,,,,,,,,,,,,,,,,,,,,,,,,,,,,,,,,,,,,,,,,,,,,,
2025-10-13 05:34:52,,,,867488067677285,4604,HBD,,,,,,,,,,,,,,,,,,,,,,,,,,,,,,,,,,,,,,,,,,,,,,,,,,,,,,,,,,,,,,,,,,,,,,,,,,,,,
2025-10-13 05:36:52,,,,867488067677285,4605,HBD,,,,,,,,,,,,,,,,,,,,,,,,,,,,,,,,,,,,,,,,,,,,,,,,,,,,,,,,,,,,,,,,,,,,,,,,,,,,,
2025-10-13 05:38:53,,,,867488067677285,4606,HBD,,,,,,,,,,,,,,,,,,,,,,,,,,,,,,,,,,,,,,,,,,,,,,,,,,,,,,,,,,,,,,,,,,,,,,,,,,,,,
2025-10-13 05:40:53,,,,867488067677285,4607,HBD,,,,,,,,,,,,,,,,,,,,,,,,,,,,,,,,,,,,,,,,,,,,,,,,,,,,,,,,,,,,,,,,,,,,,,,,,,,,,
2025-10-13 05:42:54,,,,867488067677285,4608,HBD,,,,,,,,,,,,,,,,,,,,,,,,,,,,,,,,,,,,,,,,,,,,,,,,,,,,,,,,,,,,,,,,,,,,,,,,,,,,,
2025-10-13 05:44:54,,,,867488067677285,4609,HBD,,,,,,,,,,,,,,,,,,,,,,,,,,,,,,,,,,,,,,,,,,,,,,,,,,,,,,,,,,,,,,,,,,,,,,,,,,,,,
2025-10-13 05:46:55,,,,867488067677285,4610,HBD,,,,,,,,,,,,,,,,,,,,,,,,,,,,,,,,,,,,,,,,,,,,,,,,,,,,,,,,,,,,,,,,,,,,,,,,,,,,,
2025-10-13 05:48:55,,,,867488067677285,4611,HBD,,,,,,,,,,,,,,,,,,,,,,,,,,,,,,,,,,,,,,,,,,,,,,,,,,,,,,,,,,,,,,,,,,,,,,,,,,,,,
2025-10-13 05:50:56,,,,867488067677285,4612,HBD,,,,,,,,,,,,,,,,,,,,,,,,,,,,,,,,,,,,,,,,,,,,,,,,,,,,,,,,,,,,,,,,,,,,,,,,,,,,,
2025-10-13 05:52:56,,,,867488067677285,4613,HBD,,,,,,,,,,,,,,,,,,,,,,,,,,,,,,,,,,,,,,,,,,,,,,,,,,,,,,,,,,,,,,,,,,,,,,,,,,,,,
2025-10-13 05:54:56,,,,867488067677285,4614,HBD,,,,,,,,,,,,,,,,,,,,,,,,,,,,,,,,,,,,,,,,,,,,,,,,,,,,,,,,,,,,,,,,,,,,,,,,,,,,,
2025-10-13 05:56:57,,,,867488067677285,4615,HBD,,,,,,,,,,,,,,,,,,,,,,,,,,,,,,,,,,,,,,,,,,,,,,,,,,,,,,,,,,,,,,,,,,,,,,,,,,,,,
2025-10-13 05:57:47,2025-10-13 05:57:46,2025-10-13 05:55:53,2025-10-13 05:55:53,867488067677285,4616,GTERI,0x19fe3fbf,0x00028102,802003,0x8303,0x0115,100,12837,0000,-,00,00,11,4,4,-,01,01,0.0,0.0,44,44,496,496,-23.044829,-23.044829,-50.227241,-50.227241,0724,0005,bff7,068fb204,0.4,213.5,213.5,0:01:57,7:37:58,-,-,0,-,,,,,04,3,00000000,00,10,,,,,,,,,,,,,,,,,,,,,,,,,,,,
2025-10-13 05:58:57,,,,867488067677285,4617,HBD,,,,,,,,,,,,,,,,,,,,,,,,,,,,,,,,,,,,,,,,,,,,,,,,,,,,,,,,,,,,,,,,,,,,,,,,,,,,,
2025-10-13 06:00:58,,,,867488067677285,4618,HBD,,,,,,,,,,,,,,,,,,,,,,,,,,,,,,,,,,,,,,,,,,,,,,,,,,,,,,,,,,,,,,,,,,,,,,,,,,,,,
2025-10-13 06:02:58,,,,867488067677285,4619,HBD,,,,,,,,,,,,,,,,,,,,,,,,,,,,,,,,,,,,,,,,,,,,,,,,,,,,,,,,,,,,,,,,,,,,,,,,,,,,,
2025-10-13 06:04:59,,,,867488067677285,4620,HBD,,,,,,,,,,,,,,,,,,,,,,,,,,,,,,,,,,,,,,,,,,,,,,,,,,,,,,,,,,,,,,,,,,,,,,,,,,,,,
2025-10-13 06:06:59,,,,867488067677285,4621,HBD,,,,,,,,,,,,,,,,,,,,,,,,,,,,,,,,,,,,,,,,,,,,,,,,,,,,,,,,,,,,,,,,,,,,,,,,,,,,,
2025-10-13 06:09:00,,,,867488067677285,4622,HBD,,,,,,,,,,,,,,,,,,,,,,,,,,,,,,,,,,,,,,,,,,,,,,,,,,,,,,,,,,,,,,,,,,,,,,,,,,,,,
2025-10-13 06:11:00,,,,867488067677285,4623,HBD,,,,,,,,,,,,,,,,,,,,,,,,,,,,,,,,,,,,,,,,,,,,,,,,,,,,,,,,,,,,,,,,,,,,,,,,,,,,,
2025-10-13 06:13:00,,,,867488067677285,4624,HBD,,,,,,,,,,,,,,,,,,,,,,,,,,,,,,,,,,,,,,,,,,,,,,,,,,,,,,,,,,,,,,,,,,,,,,,,,,,,,
2025-10-13 06:15:01,,,,867488067677285,4625,HBD,,,,,,,,,,,,,,,,,,,,,,,,,,,,,,,,,,,,,,,,,,,,,,,,,,,,,,,,,,,,,,,,,,,,,,,,,,,,,
2025-10-13 06:17:02,,,,867488067677285,4626,HBD,,,,,,,,,,,,,,,,,,,,,,,,,,,,,,,,,,,,,,,,,,,,,,,,,,,,,,,,,,,,,,,,,,,,,,,,,,,,,
2025-10-13 06:19:02,,,,867488067677285,4627,HBD,,,,,,,,,,,,,,,,,,,,,,,,,,,,,,,,,,,,,,,,,,,,,,,,,,,,,,,,,,,,,,,,,,,,,,,,,,,,,
2025-10-13 06:21:03,,,,867488067677285,4628,HBD,,,,,,,,,,,,,,,,,,,,,,,,,,,,,,,,,,,,,,,,,,,,,,,,,,,,,,,,,,,,,,,,,,,,,,,,,,,,,
2025-10-13 06:23:03,,,,867488067677285,4629,HBD,,,,,,,,,,,,,,,,,,,,,,,,,,,,,,,,,,,,,,,,,,,,,,,,,,,,,,,,,,,,,,,,,,,,,,,,,,,,,
2025-10-13 06:25:04,,,,867488067677285,4630,HBD,,,,,,,,,,,,,,,,,,,,,,,,,,,,,,,,,,,,,,,,,,,,,,,,,,,,,,,,,,,,,,,,,,,,,,,,,,,,,
2025-10-13 06:27:04,,,,867488067677285,4631,HBD,,,,,,,,,,,,,,,,,,,,,,,,,,,,,,,,,,,,,,,,,,,,,,,,,,,,,,,,,,,,,,,,,,,,,,,,,,,,,
2025-10-13 06:29:04,,,,867488067677285,4632,HBD,,,,,,,,,,,,,,,,,,,,,,,,,,,,,,,,,,,,,,,,,,,,,,,,,,,,,,,,,,,,,,,,,,,,,,,,,,,,,
2025-10-13 06:31:05,,,,867488067677285,4633,HBD,,,,,,,,,,,,,,,,,,,,,,,,,,,,,,,,,,,,,,,,,,,,,,,,,,,,,,,,,,,,,,,,,,,,,,,,,,,,,
2025-10-13 06:33:05,,,,867488067677285,4634,HBD,,,,,,,,,,,,,,,,,,,,,,,,,,,,,,,,,,,,,,,,,,,,,,,,,,,,,,,,,,,,,,,,,,,,,,,,,,,,,
2025-10-13 06:35:06,,,,867488067677285,4635,HBD,,,,,,,,,,,,,,,,,,,,,,,,,,,,,,,,,,,,,,,,,,,,,,,,,,,,,,,,,,,,,,,,,,,,,,,,,,,,,
2025-10-13 06:37:06,,,,867488067677285,4636,HBD,,,,,,,,,,,,,,,,,,,,,,,,,,,,,,,,,,,,,,,,,,,,,,,,,,,,,,,,,,,,,,,,,,,,,,,,,,,,,
2025-10-13 06:39:07,,,,867488067677285,4637,HBD,,,,,,,,,,,,,,,,,,,,,,,,,,,,,,,,,,,,,,,,,,,,,,,,,,,,,,,,,,,,,,,,,,,,,,,,,,,,,
2025-10-13 06:41:07,,,,867488067677285,4638,HBD,,,,,,,,,,,,,,,,,,,,,,,,,,,,,,,,,,,,,,,,,,,,,,,,,,,,,,,,,,,,,,,,,,,,,,,,,,,,,
2025-10-13 06:43:08,,,,867488067677285,4639,HBD,,,,,,,,,,,,,,,,,,,,,,,,,,,,,,,,,,,,,,,,,,,,,,,,,,,,,,,,,,,,,,,,,,,,,,,,,,,,,
2025-10-13 06:44:08,,,,867488067677285,4640,HBD,,,,,,,,,,,,,,,,,,,,,,,,,,,,,,,,,,,,,,,,,,,,,,,,,,,,,,,,,,,,,,,,,,,,,,,,,,,,,
2025-10-13 06:46:08,,,,867488067677285,4641,HBD,,,,,,,,,,,,,,,,,,,,,,,,,,,,,,,,,,,,,,,,,,,,,,,,,,,,,,,,,,,,,,,,,,,,,,,,,,,,,
2025-10-13 06:48:09,,,,867488067677285,4642,HBD,,,,,,,,,,,,,,,,,,,,,,,,,,,,,,,,,,,,,,,,,,,,,,,,,,,,,,,,,,,,,,,,,,,,,,,,,,,,,
2025-10-13 06:50:09,,,,867488067677285,4643,HBD,,,,,,,,,,,,,,,,,,,,,,,,,,,,,,,,,,,,,,,,,,,,,,,,,,,,,,,,,,,,,,,,,,,,,,,,,,,,,
2025-10-13 06:52:10,,,,867488067677285,4644,HBD,,,,,,,,,,,,,,,,,,,,,,,,,,,,,,,,,,,,,,,,,,,,,,,,,,,,,,,,,,,,,,,,,,,,,,,,,,,,,
2025-10-13 06:54:10,,,,867488067677285,4645,HBD,,,,,,,,,,,,,,,,,,,,,,,,,,,,,,,,,,,,,,,,,,,,,,,,,,,,,,,,,,,,,,,,,,,,,,,,,,,,,
2025-10-13 06:56:11,,,,867488067677285,4646,HBD,,,,,,,,,,,,,,,,,,,,,,,,,,,,,,,,,,,,,,,,,,,,,,,,,,,,,,,,,,,,,,,,,,,,,,,,,,,,,
2025-10-13 06:57:47,2025-10-13 06:57:46,2025-10-13 06:55:53,2025-10-13 06:55:53,867488067677285,4647,GTERI,0x19fe3fbf,0x00028102,802003,0x8303,0x0115,100,12846,0000,-,00,00,11,6,6,-,01,01,0.0,0.0,44,44,496,496,-23.044829,-23.044829,-50.227241,-50.227241,0724,0005,bff7,068fb200,0.4,213.5,213.5,0:01:57,7:37:58,-,-,0,-,,,,,04,7,00000000,00,10,,,,,,,,,,,,,,,,,,,,,,,,,,,,
2025-10-13 06:58:11,,,,867488067677285,4648,HBD,,,,,,,,,,,,,,,,,,,,,,,,,,,,,,,,,,,,,,,,,,,,,,,,,,,,,,,,,,,,,,,,,,,,,,,,,,,,,
2025-10-13 07:00:12,,,,867488067677285,4649,HBD,,,,,,,,,,,,,,,,,,,,,,,,,,,,,,,,,,,,,,,,,,,,,,,,,,,,,,,,,,,,,,,,,,,,,,,,,,,,,
2025-10-13 07:02:12,,,,867488067677285,4650,HBD,,,,,,,,,,,,,,,,,,,,,,,,,,,,,,,,,,,,,,,,,,,,,,,,,,,,,,,,,,,,,,,,,,,,,,,,,,,,,
2025-10-13 07:04:12,,,,867488067677285,4651,HBD,,,,,,,,,,,,,,,,,,,,,,,,,,,,,,,,,,,,,,,,,,,,,,,,,,,,,,,,,,,,,,,,,,,,,,,,,,,,,
2025-10-13 07:06:13,,,,867488067677285,4652,HBD,,,,,,,,,,,,,,,,,,,,,,,,,,,,,,,,,,,,,,,,,,,,,,,,,,,,,,,,,,,,,,,,,,,,,,,,,,,,,
2025-10-13 07:08:13,,,,867488067677285,4653,HBD,,,,,,,,,,,,,,,,,,,,,,,,,,,,,,,,,,,,,,,,,,,,,,,,,,,,,,,,,,,,,,,,,,,,,,,,,,,,,
2025-10-13 07:10:14,,,,867488067677285,4654,HBD,,,,,,,,,,,,,,,,,,,,,,,,,,,,,,,,,,,,,,,,,,,,,,,,,,,,,,,,,,,,,,,,,,,,,,,,,,,,,
2025-10-13 07:11:13,2025-10-13 07:11:12,2025-10-13 06:55:53,2025-10-12 13:51:19,867488067677285,4656,GTIGN,0x19fe7fbf,,802003,0x8303,0x0115,100,12537,0000,0000,01,00,21,6,12,62302,00,01,0.0,30.4,44,46,496,500,-23.044829,-23.04359,-50.227241,-50.227772,0724,0005,bff7,068fb200,0.0,213.5,213.2,0:00:00,7:37:58,-,-,0,-,,,,,,,,,,,,,,,,,,,,,,,,,,,,,,,,,,,,,
2025-10-13 07:11:14,2025-10-13 07:11:12,2025-10-13 06:55:53,2025-10-13 06:55:53,867488067677285,4657,GTSTT,0x19fe7fbf,,802003,0x8303,0x0115,100,12537,0000,0000,01,00,21,6,6,-,00,00,0.0,0.0,44,44,496,496,-23.044829,-23.044829,-50.227241,-50.227241,0724,0005,bff7,068fb200,0.0,213.5,213.5,0:00:00,7:37:58,-,-,0,-,,,,,,,,,,,,,,,,,,,,,,,,,,,,,,,,,,,,,
2025-10-13 07:11:16,2025-10-13 07:11:15,2025-10-13 06:55:53,2025-10-13 06:55:53,867488067677285,4658,GTSTT,0x19fe7fbf,,802003,0x8303,0x0115,100,12537,0000,0000,01,00,22,6,6,-,00,00,0.0,0.0,44,44,496,496,-23.044829,-23.044829,-50.227241,-50.227241,0724,0005,bff7,068fb200,0.0,213.5,213.5,0:00:00,7:37:58,-,-,0,-,,,,,,,,,,,,,,,,,,,,,,,,,,,,,,,,,,,,,
2025-10-13 07:11:26,2025-10-13 07:11:25,2025-10-13 07:11:26,2025-10-13 07:11:26,867488067677285,4659,GTERI,0x19fe3fbf,0x00028102,802003,0x8303,0x0115,100,12074,0000,-,01,00,22,3,3,-,01,01,0.0,0.0,44,44,508,508,-23.044816,-23.044816,-50.227193,-50.227193,0724,0005,bff7,068fb200,0.0,213.5,213.5,0:00:12,7:38:10,-,-,0,-,,,,,04,7,00000000,00,10,,,,,,,,,,,,,,,,,,,,,,,,,,,,
2025-10-13 07:11:26,2025-10-13 07:11:25,2025-10-13 07:11:26,2025-10-13 07:11:26,867488067677285,4660,GTIGL,0x19fe7fbf,,802003,0x8303,0x0115,100,12074,0000,0000,01,00,22,3,3,-,01,01,0.0,0.0,44,44,508,508,-23.044816,-23.044816,-50.227193,-50.227193,0724,0005,bff7,068fb200,0.0,213.5,213.5,0:00:12,7:38:10,-,-,0,-,,,,,,,,,00,,,,,,,,,,,,,,,,,,,,,,,,,,,,
2025-10-13 07:12:14,,,,867488067677285,4661,HBD,,,,,,,,,,,,,,,,,,,,,,,,,,,,,,,,,,,,,,,,,,,,,,,,,,,,,,,,,,,,,,,,,,,,,,,,,,,,,
2025-10-13 07:12:26,2025-10-13 07:12:25,2025-10-13 07:12:26,2025-10-13 07:12:26,867488067677285,4662,GTIGF,0x19fe7fbf,,802003,0x8303,0x0115,100,13129,0000,0000,00,00,12,7,7,73,01,01,0.0,0.0,44,44,503,503,-23.044855,-23.044855,-50.227235,-50.227235,0724,0005,bff7,068fb200,0.0,213.5,213.5,0:01:12,7:39:10,-,-,0,-,,,,,,,,,,,,,,,,,,,,,,,,,,,,,,,,,,,,,
2025-10-13 07:12:26,2025-10-13 07:12:25,2025-10-13 07:12:26,2025-10-13 07:12:26,867488067677285,4663,GTSTT,0x19fe7fbf,,802003,0x8303,0x0115,100,13129,0000,0000,00,00,12,7,7,-,01,01,0.0,0.0,44,44,503,503,-23.044855,-23.044855,-50.227235,-50.227235,0724,0005,bff7,068fb200,0.0,213.5,213.5,0:01:12,7:39:10,-,-,0,-,,,,,,,,,,,,,,,,,,,,,,,,,,,,,,,,,,,,,
2025-10-13 07:12:27,2025-10-13 07:12:26,2025-10-13 07:12:27,2025-10-13 07:12:27,867488067677285,4664,GTIGL,0x19fe7fbf,,802003,0x8303,0x0115,100,13129,0000,0000,00,00,12,8,8,-,01,01,0.0,0.0,44,44,503,503,-23.044855,-23.044855,-50.227235,-50.227235,0724,0005,bff7,068fb200,0.0,213.5,213.5,0:01:12,7:39:10,-,-,0,-,,,,,,,,,01,,,,,,,,,,,,,,,,,,,,,,,,,,,,
2025-10-13 07:12:28,,,,867488067677285,4665,ACK,,,,,,,,,,,,,,,,,,,,,,,,,,,,,,,,,,,,,,,,,,,,,,,,,,,,,,,,,,,,,,,,,,,,,,,,,,,,,
2025-10-13 07:12:29,,,,867488067677285,4666,ACK,,,,,,,,,,,,,,,,,,,,,,,,,,,,,,,,,,,,,,,,,,,,,,,,,,,,,,,,,,,,,,,,,,,,,,,,,,,,,
2025-10-13 07:12:51,2025-10-13 07:12:51,2025-10-13 07:12:51,2025-10-13 07:12:51,867488067677285,4667,GTSTT,0x19fe7fbf,,802003,0x8303,0x0115,100,12889,0000,0000,00,00,11,10,10,-,01,01,0.0,0.0,44,44,501,501,-23.044813,-23.044813,-50.22719,-50.22719,0724,0005,bff7,068fb200,0.0,213.5,213.5,0:01:12,7:39:10,-,-,0,-,,,,,,,,,,,,,,,,,,,,,,,,,,,,,,,,,,,,,
2025-10-13 07:14:15,,,,867488067677285,4669,HBD,,,,,,,,,,,,,,,,,,,,,,,,,,,,,,,,,,,,,,,,,,,,,,,,,,,,,,,,,,,,,,,,,,,,,,,,,,,,,
2025-10-13 07:14:23,2025-10-13 07:14:22,2025-10-13 07:14:22,2025-10-13 07:14:22,867488067677285,4670,GTERI,0x19fe3fbf,0x00028102,802003,0x8303,0x0115,100,12765,0000,-,00,00,11,12,12,-,01,01,0.0,0.0,44,44,501,501,-23.044813,-23.044813,-50.22719,-50.22719,0724,0005,bff7,068fb200,0.0,213.5,213.5,0:01:12,7:39:10,-,-,0,-,,,,,04,7,00000000,00,10,,,,,,,,,,,,,,,,,,,,,,,,,,,,
2025-10-13 07:16:15,,,,867488067677285,4672,HBD,,,,,,,,,,,,,,,,,,,,,,,,,,,,,,,,,,,,,,,,,,,,,,,,,,,,,,,,,,,,,,,,,,,,,,,,,,,,,
2025-10-13 07:17:23,2025-10-13 07:17:22,2025-10-13 07:17:21,2025-10-13 07:17:21,867488067677285,4674,GTERI,0x19fe3fbf,0x00028102,802003,0x8303,0x0115,100,12698,0000,-,00,00,11,12,12,-,01,01,0.0,0.0,44,44,501,501,-23.044813,-23.044813,-50.22719,-50.22719,0724,0005,bff7,068fb200,0.0,213.5,213.5,0:01:12,7:39:10,-,-,0,-,,,,,04,7,00000000,00,10,,,,,,,,,,,,,,,,,,,,,,,,,,,,
2025-10-13 07:17:26,2025-10-13 07:17:25,2025-10-13 07:17:26,2025-10-13 07:17:26,867488067677285,4675,GTERI,0x19fe3fbf,0x00028102,802003,0x8303,0x0115,100,12698,0000,-,00,00,11,12,12,-,01,01,0.0,0.0,44,44,501,501,-23.044813,-23.044813,-50.22719,-50.22719,0724,0005,bff7,068fb200,0.0,213.5,213.5,0:01:12,7:39:10,-,-,0,-,,,,,04,7,00000000,00,10,,,,,,,,,,,,,,,,,,,,,,,,,,,,
2025-10-13 07:18:16,,,,867488067677285,4676,HBD,,,,,,,,,,,,,,,,,,,,,,,,,,,,,,,,,,,,,,,,,,,,,,,,,,,,,,,,,,,,,,,,,,,,,,,,,,,,,
2025-10-13 07:20:16,,,,867488067677285,4677,HBD,,,,,,,,,,,,,,,,,,,,,,,,,,,,,,,,,,,,,,,,,,,,,,,,,,,,,,,,,,,,,,,,,,,,,,,,,,,,,
2025-10-13 07:22:17,,,,867488067677285,4678,HBD,,,,,,,,,,,,,,,,,,,,,,,,,,,,,,,,,,,,,,,,,,,,,,,,,,,,,,,,,,,,,,,,,,,,,,,,,,,,,
2025-10-13 07:24:17,,,,867488067677285,4679,HBD,,,,,,,,,,,,,,,,,,,,,,,,,,,,,,,,,,,,,,,,,,,,,,,,,,,,,,,,,,,,,,,,,,,,,,,,,,,,,
2025-10-13 07:26:18,,,,867488067677285,4680,HBD,,,,,,,,,,,,,,,,,,,,,,,,,,,,,,,,,,,,,,,,,,,,,,,,,,,,,,,,,,,,,,,,,,,,,,,,,,,,,
2025-10-13 07:28:18,,,,867488067677285,4681,HBD,,,,,,,,,,,,,,,,,,,,,,,,,,,,,,,,,,,,,,,,,,,,,,,,,,,,,,,,,,,,,,,,,,,,,,,,,,,,,
2025-10-13 07:30:18,,,,867488067677285,4682,HBD,,,,,,,,,,,,,,,,,,,,,,,,,,,,,,,,,,,,,,,,,,,,,,,,,,,,,,,,,,,,,,,,,,,,,,,,,,,,,
2025-10-13 07:32:19,,,,867488067677285,4683,HBD,,,,,,,,,,,,,,,,,,,,,,,,,,,,,,,,,,,,,,,,,,,,,,,,,,,,,,,,,,,,,,,,,,,,,,,,,,,,,
2025-10-13 07:34:19,,,,867488067677285,4684,HBD,,,,,,,,,,,,,,,,,,,,,,,,,,,,,,,,,,,,,,,,,,,,,,,,,,,,,,,,,,,,,,,,,,,,,,,,,,,,,
2025-10-13 07:35:17,,,,867488067677285,4685,GTINF,,,,,,,,,,,,,,,,,,,,,,,,,,,,,,,,,,,,,,,,,,c1,4200,03,,,,,,,,,,,,,,,,,,,,,,,,,,,,,,,,,
2025-10-13 07:36:20,,,,867488067677285,4686,HBD,,,,,,,,,,,,,,,,,,,,,,,,,,,,,,,,,,,,,,,,,,,,,,,,,,,,,,,,,,,,,,,,,,,,,,,,,,,,,
2025-10-13 07:38:20,,,,867488067677285,4687,HBD,,,,,,,,,,,,,,,,,,,,,,,,,,,,,,,,,,,,,,,,,,,,,,,,,,,,,,,,,,,,,,,,,,,,,,,,,,,,,
2025-10-13 07:40:21,,,,867488067677285,4688,HBD,,,,,,,,,,,,,,,,,,,,,,,,,,,,,,,,,,,,,,,,,,,,,,,,,,,,,,,,,,,,,,,,,,,,,,,,,,,,,
2025-10-13 07:42:21,,,,867488067677285,4689,HBD,,,,,,,,,,,,,,,,,,,,,,,,,,,,,,,,,,,,,,,,,,,,,,,,,,,,,,,,,,,,,,,,,,,,,,,,,,,,,
2025-10-13 07:44:22,,,,867488067677285,4690,HBD,,,,,,,,,,,,,,,,,,,,,,,,,,,,,,,,,,,,,,,,,,,,,,,,,,,,,,,,,,,,,,,,,,,,,,,,,,,,,
2025-10-13 07:46:22,,,,867488067677285,4691,HBD,,,,,,,,,,,,,,,,,,,,,,,,,,,,,,,,,,,,,,,,,,,,,,,,,,,,,,,,,,,,,,,,,,,,,,,,,,,,,
2025-10-13 07:48:23,,,,867488067677285,4692,HBD,,,,,,,,,,,,,,,,,,,,,,,,,,,,,,,,,,,,,,,,,,,,,,,,,,,,,,,,,,,,,,,,,,,,,,,,,,,,,
2025-10-13 07:50:23,,,,867488067677285,4693,HBD,,,,,,,,,,,,,,,,,,,,,,,,,,,,,,,,,,,,,,,,,,,,,,,,,,,,,,,,,,,,,,,,,,,,,,,,,,,,,
2025-10-13 07:52:24,,,,867488067677285,4694,HBD,,,,,,,,,,,,,,,,,,,,,,,,,,,,,,,,,,,,,,,,,,,,,,,,,,,,,,,,,,,,,,,,,,,,,,,,,,,,,
2025-10-13 07:54:24,,,,867488067677285,4695,HBD,,,,,,,,,,,,,,,,,,,,,,,,,,,,,,,,,,,,,,,,,,,,,,,,,,,,,,,,,,,,,,,,,,,,,,,,,,,,,
2025-10-13 07:56:24,,,,867488067677285,4696,HBD,,,,,,,,,,,,,,,,,,,,,,,,,,,,,,,,,,,,,,,,,,,,,,,,,,,,,,,,,,,,,,,,,,,,,,,,,,,,,
2025-10-13 07:58:25,,,,867488067677285,4697,HBD,,,,,,,,,,,,,,,,,,,,,,,,,,,,,,,,,,,,,,,,,,,,,,,,,,,,,,,,,,,,,,,,,,,,,,,,,,,,,
2025-10-13 08:00:25,,,,867488067677285,4698,HBD,,,,,,,,,,,,,,,,,,,,,,,,,,,,,,,,,,,,,,,,,,,,,,,,,,,,,,,,,,,,,,,,,,,,,,,,,,,,,
2025-10-13 08:02:26,,,,867488067677285,4699,HBD,,,,,,,,,,,,,,,,,,,,,,,,,,,,,,,,,,,,,,,,,,,,,,,,,,,,,,,,,,,,,,,,,,,,,,,,,,,,,
2025-10-13 08:04:26,,,,867488067677285,4700,HBD,,,,,,,,,,,,,,,,,,,,,,,,,,,,,,,,,,,,,,,,,,,,,,,,,,,,,,,,,,,,,,,,,,,,,,,,,,,,,
2025-10-13 08:06:27,,,,867488067677285,4701,HBD,,,,,,,,,,,,,,,,,,,,,,,,,,,,,,,,,,,,,,,,,,,,,,,,,,,,,,,,,,,,,,,,,,,,,,,,,,,,,
2025-10-13 08:08:27,,,,867488067677285,4702,HBD,,,,,,,,,,,,,,,,,,,,,,,,,,,,,,,,,,,,,,,,,,,,,,,,,,,,,,,,,,,,,,,,,,,,,,,,,,,,,
2025-10-13 08:10:28,,,,867488067677285,4703,HBD,,,,,,,,,,,,,,,,,,,,,,,,,,,,,,,,,,,,,,,,,,,,,,,,,,,,,,,,,,,,,,,,,,,,,,,,,,,,,
2025-10-13 08:10:31,2025-10-13 08:10:30,2025-10-13 07:17:26,2025-10-13 07:11:50,867488067677285,4705,GTIGN,0x19fe7fbf,,802003,0x8303,0x0115,100,12133,0000,0000,01,00,21,12,6,3485,00,01,0.0,7.6,44,236,501,507,-23.044813,-23.044845,-50.22719,-50.227232,0724,0005,bff7,068fb200,0.0,213.5,213.5,0:00:00,7:39:10,-,-,0,-,,,,,,,,,,,,,,,,,,,,,,,,,,,,,,,,,,,,,
2025-10-13 08:10:31,2025-10-13 08:10:30,2025-10-13 07:17:26,2025-10-13 07:17:26,867488067677285,4706,GTSTT,0x19fe7fbf,,802003,0x8303,0x0115,100,12133,0000,0000,01,00,21,12,12,-,00,00,0.0,0.0,44,44,501,501,-23.044813,-23.044813,-50.22719,-50.22719,0724,0005,bff7,068fb200,0.0,213.5,213.5,0:00:00,7:39:10,-,-,0,-,,,,,,,,,,,,,,,,,,,,,,,,,,,,,,,,,,,,,
2025-10-13 08:10:40,2025-10-13 08:10:39,2025-10-13 07:17:26,2025-10-13 07:17:26,867488067677285,4707,GTSTT,0x19fe7fbf,,802003,0x8303,0x0115,100,12289,0000,0000,01,00,22,12,12,-,00,00,0.0,0.0,44,44,501,501,-23.044813,-23.044813,-50.22719,-50.22719,0724,0005,bff7,068fb200,0.0,213.5,213.5,0:00:06,7:39:16,-,-,0,-,,,,,,,,,,,,,,,,,,,,,,,,,,,,,,,,,,,,,
2025-10-13 08:10:44,2025-10-13 08:10:43,2025-10-13 08:10:44,2025-10-13 08:10:44,867488067677285,4708,GTERI,0x19fe3fbf,0x00028102,802003,0x8303,0x0115,100,12214,0000,-,01,00,22,12,12,-,01,01,0.0,0.0,215,215,492,492,-23.044795,-23.044795,-50.227198,-50.227198,0724,0005,bff7,068fb200,0.0,213.5,213.5,0:00:12,7:39:22,-,-,0,-,,,,,04,7,00000000,00,10,,,,,,,,,,,,,,,,,,,,,,,,,,,,
2025-10-13 08:10:44,2025-10-13 08:10:43,2025-10-13 08:10:44,2025-10-13 08:10:44,867488067677285,4709,GTIGL,0x19fe7fbf,,802003,0x8303,0x0115,100,12214,0000,0000,01,00,22,12,12,-,01,01,0.0,0.0,215,215,492,492,-23.044795,-23.044795,-50.227198,-50.227198,0724,0005,bff7,068fb200,0.0,213.5,213.5,0:00:12,7:39:22,-,-,0,-,,,,,,,,,00,,,,,,,,,,,,,,,,,,,,,,,,,,,,
2025-10-13 08:12:28,,,,867488067677285,4710,HBD,,,,,,,,,,,,,,,,,,,,,,,,,,,,,,,,,,,,,,,,,,,,,,,,,,,,,,,,,,,,,,,,,,,,,,,,,,,,,
2025-10-13 08:15:20,,,,867488067677285,4713,HBD,,,,,,,,,,,,,,,,,,,,,,,,,,,,,,,,,,,,,,,,,,,,,,,,,,,,,,,,,,,,,,,,,,,,,,,,,,,,,
2025-10-13 08:15:20,2025-10-13 08:13:37,2025-10-13 08:13:36,2025-10-13 08:12:13,867488067677285,4712,GTERI,0x19fe3fbf,0x00028102,802003,0x8303,0x0115,100,14254,0000,-,01,00,22,12,12,-,01,01,82.5,85.8,55,40,403,477,-23.030231,-23.039306,-50.212879,-50.225938,0724,0005,9d16,022ad00b,2.6,216.0,214.3,0:03:06,7:42:16,-,-,0,-,,,,,04,28,00000000,00,10,,,,,,,,,,,,,,,,,,,,,,,,,,,,
2025-10-13 08:15:21,,,,867488067677285,4715,ACK,,,,,,,,,,,,,,,,,,,,,,,,,,,,,,,,,,,,,,,,,,,,,,,,,,,,,,,,,,,,,,,,,,,,,,,,,,,,,
2025-10-13 08:15:21,,,,867488067677285,4716,ACK,,,,,,,,,,,,,,,,,,,,,,,,,,,,,,,,,,,,,,,,,,,,,,,,,,,,,,,,,,,,,,,,,,,,,,,,,,,,,
2025-10-13 08:15:22,,,,867488067677285,4717,ACK,,,,,,,,,,,,,,,,,,,,,,,,,,,,,,,,,,,,,,,,,,,,,,,,,,,,,,,,,,,,,,,,,,,,,,,,,,,,,
2025-10-13 08:15:22,2025-10-13 08:14:37,2025-10-13 08:14:38,2025-10-13 08:14:15,867488067677285,4718,GTPDP,0x19fe7fbf,,802003,0x8303,0x0115,100,14010,0000,0000,01,00,22,12,12,-,01,01,84.3,94.4,97,164,456,423,-23.032794,-23.030929,-50.201872,-50.206364,0724,0005,bff7,068fb204,3.9,217.4,216.8,0:04:06,7:43:16,-,-,0,-,,,,,,,,,,,,,,,,,,,,,,,,,,,,,,,,,,,,,
2025-10-13 08:15:23,,,,867488067677285,4720,HBD,,,,,,,,,,,,,,,,,,,,,,,,,,,,,,,,,,,,,,,,,,,,,,,,,,,,,,,,,,,,,,,,,,,,,,,,,,,,,
2025-10-13 08:16:44,2025-10-13 08:16:37,2025-10-13 08:16:36,2025-10-13 08:16:18,867488067677285,4721,GTERI,0x19fe3fbf,0x00028102,802003,0x8303,0x0115,100,14019,0000,-,01,00,22,12,12,-,01,01,98.5,110.0,79,79,497,503,-23.039427,-23.040277,-50.176046,-50.180718,0724,0005,bff7,068fb205,7.0,220.4,219.9,0:06:06,7:45:16,-,-,0,-,,,,,04,3,00000000,00,10,,,,,,,,,,,,,,,,,,,,,,,,,,,,
2025-10-13 08:20:22,,,,867488067677285,4723,HBD,,,,,,,,,,,,,,,,,,,,,,,,,,,,,,,,,,,,,,,,,,,,,,,,,,,,,,,,,,,,,,,,,,,,,,,,,,,,,
2025-10-13 08:20:23,2025-10-13 08:17:47,2025-10-13 08:17:47,2025-10-13 08:17:07,867488067677285,4724,GTPDP,0x19fe7fbf,,802003,0x8303,0x0115,100,14014,0000,0000,01,00,22,12,12,-,01,01,85.8,109.4,78,79,443,443,-23.03583,-23.037844,-50.156265,-50.167371,0000,0000,0000,00000000,9.0,222.5,221.3,0:07:15,7:46:25,-,-,0,-,,,,,,,,,,,,,,,,,,,,,,,,,,,,,,,,,,,,,
2025-10-13 08:20:23,,,,867488067677285,4726,HBD,,,,,,,,,,,,,,,,,,,,,,,,,,,,,,,,,,,,,,,,,,,,,,,,,,,,,,,,,,,,,,,,,,,,,,,,,,,,,
2025-10-13 08:20:24,2025-10-13 08:19:37,2025-10-13 08:19:37,2025-10-13 08:19:38,867488067677285,4727,GTERI,0x19fe3fbf,0x00028102,802003,0x8303,0x0115,100,14010,0000,-,01,00,22,12,12,-,01,01,91.1,91.2,109,109,442,441,-23.034987,-23.035062,-50.135408,-50.135173,0000,0000,0000,00000000,11.2,224.7,224.7,0:09:06,7:48:16,-,-,0,-,,,,,00,0,00000000,00,10,,,,,,,,,,,,,,,,,,,,,,,,,,,,
2025-10-13 08:20:24,,,,867488067677285,4729,HBD,,,,,,,,,,,,,,,,,,,,,,,,,,,,,,,,,,,,,,,,,,,,,,,,,,,,,,,,,,,,,,,,,,,,,,,,,,,,,
2025-10-13 08:22:32,,,,867488067677285,4731,HBD,,,,,,,,,,,,,,,,,,,,,,,,,,,,,,,,,,,,,,,,,,,,,,,,,,,,,,,,,,,,,,,,,,,,,,,,,,,,,
2025-10-13 08:22:38,2025-10-13 08:22:37,2025-10-13 08:22:37,2025-10-13 08:20:45,867488067677285,4732,GTERI,0x19fe3fbf,0x00028102,802003,0x8303,0x0115,100,13999,0000,-,01,00,22,12,12,-,01,01,81.5,142.8,75,109,436,473,-23.038068,-23.041671,-50.084756,-50.114602,0724,0005,bff7,068fd206,16.7,230.1,226.9,0:12:06,7:51:16,-,-,0,-,,,,,04,3,00000000,00,10,,,,,,,,,,,,,,,,,,,,,,,,,,,,
2025-10-13 08:24:33,,,,867488067677285,4734,HBD,,,,,,,,,,,,,,,,,,,,,,,,,,,,,,,,,,,,,,,,,,,,,,,,,,,,,,,,,,,,,,,,,,,,,,,,,,,,,
2025-10-13 08:25:38,2025-10-13 08:25:37,2025-10-13 08:25:36,2025-10-13 08:22:39,867488067677285,4735,GTERI,0x19fe3fbf,0x00028102,802003,0x8303,0x0115,100,14029,0000,-,01,00,22,12,12,-,01,01,18.7,72.1,162,73,437,433,-23.039175,-23.037963,-50.073568,-50.08436,0724,0005,bff7,068fd204,18.0,231.4,230.1,0:15:06,7:54:16,-,-,0,-,,,,,04,3,00000000,00,10,,,,,,,,,,,,,,,,,,,,,,,,,,,,
2025-10-13 08:26:25,,,,867488067677285,4737,HBD,,,,,,,,,,,,,,,,,,,,,,,,,,,,,,,,,,,,,,,,,,,,,,,,,,,,,,,,,,,,,,,,,,,,,,,,,,,,,
2025-10-13 08:26:25,2025-10-13 08:26:24,2025-10-13 08:26:24,2025-10-13 08:26:24,867488067677285,4738,GTIGF,0x19fe7fbf,,802003,0x8303,0x0115,100,13129,0000,0000,00,00,12,12,12,954,01,01,0.0,0.0,162,162,441,441,-23.040495,-23.040495,-50.073124,-50.073124,0724,0005,bff7,068fd204,18.1,231.6,231.6,0:15:51,7:55:01,-,-,0,-,,,,,,,,,,,,,,,,,,,,,,,,,,,,,,,,,,,,,
2025-10-13 08:26:26,2025-10-13 08:26:24,2025-10-13 08:26:24,2025-10-13 08:26:24,867488067677285,4739,GTSTT,0x19fe7fbf,,802003,0x8303,0x0115,100,13129,0000,0000,00,00,12,12,12,-,01,01,0.0,0.0,162,162,441,441,-23.040495,-23.040495,-50.073124,-50.073124,0724,0005,bff7,068fd204,18.1,231.6,231.6,0:15:51,7:55:01,-,-,0,-,,,,,,,,,,,,,,,,,,,,,,,,,,,,,,,,,,,,,
2025-10-13 08:26:26,2025-10-13 08:26:24,2025-10-13 08:26:25,2025-10-13 08:26:25,867488067677285,4740,GTIGL,0x19fe7fbf,,802003,0x8303,0x0115,100,12932,0000,0000,00,00,12,12,12,-,01,01,0.0,0.0,162,162,441,441,-23.040495,-23.040495,-50.073124,-50.073124,0724,0005,bff7,068fd204,18.1,231.6,231.6,0:15:51,7:55:01,-,-,0,-,,,,,,,,,01,,,,,,,,,,,,,,,,,,,,,,,,,,,,
2025-10-13 08:26:27,,,,867488067677285,4741,ACK,,,,,,,,,,,,,,,,,,,,,,,,,,,,,,,,,,,,,,,,,,,,,,,,,,,,,,,,,,,,,,,,,,,,,,,,,,,,,
2025-10-13 08:26:27,,,,867488067677285,4742,ACK,,,,,,,,,,,,,,,,,,,,,,,,,,,,,,,,,,,,,,,,,,,,,,,,,,,,,,,,,,,,,,,,,,,,,,,,,,,,,
2025-10-13 08:26:48,2025-10-13 08:26:47,2025-10-13 08:26:47,2025-10-13 08:26:47,867488067677285,4743,GTSTT,0x19fe7fbf,,802003,0x8303,0x0115,100,12895,0000,0000,00,00,11,12,12,-,01,01,0.0,0.0,162,162,441,441,-23.040495,-23.040495,-50.073124,-50.073124,0724,0005,bff7,068fd204,18.1,231.6,231.6,0:15:51,7:55:01,-,-,0,-,,,,,,,,,,,,,,,,,,,,,,,,,,,,,,,,,,,,,
2025-10-13 08:28:33,,,,867488067677285,4745,HBD,,,,,,,,,,,,,,,,,,,,,,,,,,,,,,,,,,,,,,,,,,,,,,,,,,,,,,,,,,,,,,,,,,,,,,,,,,,,,
2025-10-13 08:28:38,2025-10-13 08:28:37,2025-10-13 08:28:36,2025-10-13 08:28:36,867488067677285,4746,GTERI,0x19fe3fbf,0x00028102,802003,0x8303,0x0115,100,12996,0000,-,00,00,11,12,12,-,01,01,0.0,0.0,162,162,441,441,-23.040495,-23.040495,-50.073124,-50.073124,0724,0005,bff7,068fd204,18.1,231.6,231.6,0:15:51,7:55:01,-,-,0,-,,,,,04,3,00000000,00,10,,,,,,,,,,,,,,,,,,,,,,,,,,,,
2025-10-13 08:30:34,,,,867488067677285,4748,HBD,,,,,,,,,,,,,,,,,,,,,,,,,,,,,,,,,,,,,,,,,,,,,,,,,,,,,,,,,,,,,,,,,,,,,,,,,,,,,
2025-10-13 08:31:25,2025-10-13 08:31:24,2025-10-13 08:31:25,2025-10-13 08:31:25,867488067677285,4749,GTERI,0x19fe3fbf,0x00028102,802003,0x8303,0x0115,100,13005,0000,-,00,00,11,12,12,-,01,01,0.0,0.0,162,162,441,441,-23.040495,-23.040495,-50.073124,-50.073124,0724,0005,bff7,068fd204,18.1,231.6,231.6,0:15:51,7:55:01,-,-,0,-,,,,,04,3,00000000,00,10,,,,,,,,,,,,,,,,,,,,,,,,,,,,
2025-10-13 08:32:35,,,,867488067677285,4750,HBD,,,,,,,,,,,,,,,,,,,,,,,,,,,,,,,,,,,,,,,,,,,,,,,,,,,,,,,,,,,,,,,,,,,,,,,,,,,,,
2025-10-13 08:34:35,,,,867488067677285,4751,HBD,,,,,,,,,,,,,,,,,,,,,,,,,,,,,,,,,,,,,,,,,,,,,,,,,,,,,,,,,,,,,,,,,,,,,,,,,,,,,
2025-10-13 08:34:48,2025-10-13 08:34:47,2025-10-13 08:31:25,2025-10-13 08:25:44,867488067677285,4753,GTIGN,0x19fe7fbf,,802003,0x8303,0x0115,100,12818,0000,0000,01,00,22,12,12,503,00,01,0.0,26.3,162,161,441,438,-23.040495,-23.039605,-50.073124,-50.073417,0724,0005,bff7,068fd204,0.0,231.6,231.5,0:00:00,7:55:01,-,-,0,-,,,,,,,,,,,,,,,,,,,,,,,,,,,,,,,,,,,,,
2025-10-13 08:34:49,2025-10-13 08:34:47,2025-10-13 08:31:25,2025-10-13 08:31:25,867488067677285,4754,GTSTT,0x19fe7fbf,,802003,0x8303,0x0115,100,12818,0000,0000,01,00,22,12,12,-,00,00,0.0,0.0,162,162,441,441,-23.040495,-23.040495,-50.073124,-50.073124,0724,0005,bff7,068fd204,0.0,231.6,231.6,0:00:00,7:55:01,-,-,0,-,,,,,,,,,,,,,,,,,,,,,,,,,,,,,,,,,,,,,
2025-10-13 08:34:58,2025-10-13 08:34:57,2025-10-13 08:34:58,2025-10-13 08:34:58,867488067677285,4755,GTERI,0x19fe3fbf,0x00028102,802003,0x8303,0x0115,100,13952,0000,-,01,00,22,12,12,-,01,01,0.0,0.0,339,339,440,440,-23.040485,-23.040485,-50.073115,-50.073115,0724,0005,bff7,068fd204,0.0,231.6,231.6,0:00:09,7:55:10,-,-,0,-,,,,,04,3,00000000,00,10,,,,,,,,,,,,,,,,,,,,,,,,,,,,
2025-10-13 08:34:58,2025-10-13 08:34:57,2025-10-13 08:34:58,2025-10-13 08:34:58,867488067677285,4756,GTIGL,0x19fe7fbf,,802003,0x8303,0x0115,100,13952,0000,0000,01,00,22,12,12,-,01,01,0.0,0.0,339,339,440,440,-23.040485,-23.040485,-50.073115,-50.073115,0724,0005,bff7,068fd204,0.0,231.6,231.6,0:00:09,7:55:10,-,-,0,-,,,,,,,,,00,,,,,,,,,,,,,,,,,,,,,,,,,,,,
2025-10-13 08:36:36,,,,867488067677285,4757,HBD,,,,,,,,,,,,,,,,,,,,,,,,,,,,,,,,,,,,,,,,,,,,,,,,,,,,,,,,,,,,,,,,,,,,,,,,,,,,,
2025-10-13 08:37:56,2025-10-13 08:37:55,2025-10-13 08:37:55,2025-10-13 08:37:52,867488067677285,4759,GTERI,0x19fe3fbf,0x00028102,802003,0x8303,0x0115,100,14013,0000,-,01,00,22,12,12,-,01,01,50.3,59.5,113,113,450,450,-23.049083,-23.048919,-50.065545,-50.065952,0724,0005,bff7,068fd205,1.4,233.0,232.9,0:03:06,7:58:07,-,-,0,-,,,,,04,3,00000000,00,10,,,,,,,,,,,,,,,,,,,,,,,,,,,,
2025-10-13 08:38:36,,,,867488067677285,4760,HBD,,,,,,,,,,,,,,,,,,,,,,,,,,,,,,,,,,,,,,,,,,,,,,,,,,,,,,,,,,,,,,,,,,,,,,,,,,,,,
2025-10-13 08:38:50,,,,867488067677285,4762,ACK,,,,,,,,,,,,,,,,,,,,,,,,,,,,,,,,,,,,,,,,,,,,,,,,,,,,,,,,,,,,,,,,,,,,,,,,,,,,,
2025-10-13 08:38:50,,,,867488067677285,4763,ACK,,,,,,,,,,,,,,,,,,,,,,,,,,,,,,,,,,,,,,,,,,,,,,,,,,,,,,,,,,,,,,,,,,,,,,,,,,,,,
2025-10-13 08:38:50,,,,867488067677285,4764,ACK,,,,,,,,,,,,,,,,,,,,,,,,,,,,,,,,,,,,,,,,,,,,,,,,,,,,,,,,,,,,,,,,,,,,,,,,,,,,,
2025-10-13 08:40:37,,,,867488067677285,4765,HBD,,,,,,,,,,,,,,,,,,,,,,,,,,,,,,,,,,,,,,,,,,,,,,,,,,,,,,,,,,,,,,,,,,,,,,,,,,,,,
2025-10-13 08:40:56,2025-10-13 08:40:55,2025-10-13 08:40:54,2025-10-13 08:40:19,867488067677285,4767,GTERI,0x19fe3fbf,0x00028102,802003,0x8303,0x0115,100,14012,0000,-,01,00,22,12,12,-,01,01,108.6,124.7,154,133,511,460,-23.076727,-23.069153,-50.056042,-50.063195,0724,0005,bff7,068fd205,5.1,236.7,235.5,0:06:06,8:01:07,-,-,0,-,,,,,04,3,00000000,00,10,,,,,,,,,,,,,,,,,,,,,,,,,,,,
2025-10-13 08:42:57,,,,867488067677285,4768,HBD,,,,,,,,,,,,,,,,,,,,,,,,,,,,,,,,,,,,,,,,,,,,,,,,,,,,,,,,,,,,,,,,,,,,,,,,,,,,,
2025-10-13 08:45:17,2025-10-13 08:43:55,2025-10-13 08:43:54,2025-10-13 08:41:31,867488067677285,4770,GTERI,0x19fe3fbf,0x00028102,802003,0x8303,0x0115,100,14009,0000,-,01,00,22,12,12,-,01,01,100.5,109.2,136,132,562,553,-23.113871,-23.0839,-50.037042,-50.048543,0724,0005,9d16,0225e71b,10.2,241.7,237.7,0:09:06,8:04:07,-,-,0,-,,,,,04,1,00000000,00,10,,,,,,,,,,,,,,,,,,,,,,,,,,,,
2025-10-13 08:45:17,,,,867488067677285,4771,HBD,,,,,,,,,,,,,,,,,,,,,,,,,,,,,,,,,,,,,,,,,,,,,,,,,,,,,,,,,,,,,,,,,,,,,,,,,,,,,
2025-10-13 08:47:50,,,,867488067677285,4774,HBD,,,,,,,,,,,,,,,,,,,,,,,,,,,,,,,,,,,,,,,,,,,,,,,,,,,,,,,,,,,,,,,,,,,,,,,,,,,,,
2025-10-13 08:47:50,2025-10-13 08:46:55,2025-10-13 08:46:55,2025-10-13 08:44:57,867488067677285,4775,GTERI,0x19fe3fbf,0x00028102,802003,0x8303,0x0115,100,14038,0000,-,01,00,22,12,12,-,01,01,64.1,104.0,150,148,597,565,-23.14809,-23.126309,-50.009019,-50.026095,0724,0005,bff7,0690910e,14.9,246.5,243.5,0:12:06,8:07:07,-,-,0,-,,,,,04,3,00000000,00,10,,,,,,,,,,,,,,,,,,,,,,,,,,,,
2025-10-13 08:47:51,2025-10-13 08:46:55,2025-10-13 08:46:56,2025-10-13 08:46:56,867488067677285,4776,GTPDP,0x19fe7fbf,,802003,0x8303,0x0115,100,14038,0000,0000,01,00,22,12,12,-,01,01,64.4,64.4,150,150,597,597,-23.148231,-23.148231,-50.008934,-50.008934,0724,0005,bff7,0690910e,14.9,246.5,246.5,0:12:06,8:07:07,-,-,0,-,,,,,,,,,,,,,,,,,,,,,,,,,,,,,,,,,,,,,
2025-10-13 08:47:51,,,,867488067677285,4778,HBD,,,,,,,,,,,,,,,,,,,,,,,,,,,,,,,,,,,,,,,,,,,,,,,,,,,,,,,,,,,,,,,,,,,,,,,,,,,,,
2025-10-13 08:49:41,,,,867488067677285,4780,HBD,,,,,,,,,,,,,,,,,,,,,,,,,,,,,,,,,,,,,,,,,,,,,,,,,,,,,,,,,,,,,,,,,,,,,,,,,,,,,
2025-10-13 08:49:56,2025-10-13 08:49:55,2025-10-13 08:49:55,2025-10-13 08:47:06,867488067677285,4781,GTERI,0x19fe3fbf,0x00028102,802003,0x8303,0x0115,100,14050,0000,-,01,00,22,12,12,-,01,01,38.5,70.8,81,149,509,601,-23.163137,-23.149748,-49.994452,-50.008048,0724,0005,bff7,0690910d,17.7,249.3,246.7,0:15:06,8:10:07,-,-,0,-,,,,,04,3,00000000,00,10,,,,,,,,,,,,,,,,,,,,,,,,,,,,
2025-10-13 08:51:41,,,,867488067677285,4783,HBD,,,,,,,,,,,,,,,,,,,,,,,,,,,,,,,,,,,,,,,,,,,,,,,,,,,,,,,,,,,,,,,,,,,,,,,,,,,,,
2025-10-13 08:52:56,2025-10-13 08:52:55,2025-10-13 08:52:54,2025-10-13 08:50:12,867488067677285,4784,GTERI,0x19fe3fbf,0x00028102,802003,0x8303,0x0115,100,13979,0000,-,01,00,22,12,12,-,01,01,0.0,57.5,73,88,519,505,-23.161535,-23.162959,-49.980585,-49.992631,0724,0005,bff7,0690911c,19.2,250.8,249.5,0:18:06,8:13:07,-,-,0,-,,,,,04,1,00000000,00,10,,,,,,,,,,,,,,,,,,,,,,,,,,,,
2025-10-13 08:53:42,,,,867488067677285,4786,HBD,,,,,,,,,,,,,,,,,,,,,,,,,,,,,,,,,,,,,,,,,,,,,,,,,,,,,,,,,,,,,,,,,,,,,,,,,,,,,
2025-10-13 08:55:43,,,,867488067677285,4788,HBD,,,,,,,,,,,,,,,,,,,,,,,,,,,,,,,,,,,,,,,,,,,,,,,,,,,,,,,,,,,,,,,,,,,,,,,,,,,,,
2025-10-13 08:55:56,2025-10-13 08:55:55,2025-10-13 08:55:54,2025-10-13 08:54:06,867488067677285,4789,GTERI,0x19fe3fbf,0x00028102,802003,0x8303,0x0115,100,14011,0000,-,01,00,22,12,12,-,01,01,15.6,28.5,67,68,485,497,-23.158728,-23.16032,-49.972967,-49.977329,0724,0005,bff7,06913a09,20.1,251.7,251.2,0:21:06,8:16:07,-,-,0,-,,,,,04,28,00000000,00,10,,,,,,,,,,,,,,,,,,,,,,,,,,,,
2025-10-13 08:57:43,,,,867488067677285,4791,HBD,,,,,,,,,,,,,,,,,,,,,,,,,,,,,,,,,,,,,,,,,,,,,,,,,,,,,,,,,,,,,,,,,,,,,,,,,,,,,
2025-10-13 08:58:56,2025-10-13 08:58:55,2025-10-13 08:58:54,2025-10-13 08:55:59,867488067677285,4792,GTERI,0x19fe3fbf,0x00028102,802003,0x8303,0x0115,100,14033,0000,-,01,00,22,12,12,-,01,01,22.9,30.8,339,67,479,484,-23.157841,-23.158602,-49.97232,-49.972634,0724,0005,bff7,0690912c,20.9,252.5,251.7,0:24:06,8:19:07,-,-,0,-,,,,,04,3,00000000,00,10,,,,,,,,,,,,,,,,,,,,,,,,,,,,
2025-10-13 09:02:52,,,,867488067677285,4794,HBD,,,,,,,,,,,,,,,,,,,,,,,,,,,,,,,,,,,,,,,,,,,,,,,,,,,,,,,,,,,,,,,,,,,,,,,,,,,,,
2025-10-13 09:02:52,2025-10-13 09:00:01,2025-10-13 09:00:02,2025-10-13 08:58:56,867488067677285,4795,GTSTT,0x19fe7fbf,,802003,0x8303,0x0115,100,12904,0000,0000,01,00,21,12,12,-,01,01,0.0,21.1,339,338,480,479,-23.157693,-23.157739,-49.972888,-49.972362,0724,0005,bff7,0690911c,21.0,252.6,252.5,0:25:12,8:20:13,-,-,0,-,,,,,,,,,,,,,,,,,,,,,,,,,,,,,,,,,,,,,
2025-10-13 09:02:53,2025-10-13 09:00:20,2025-10-13 09:00:21,2025-10-13 09:00:21,867488067677285,4796,GTIGF,0x19fe7fbf,,802003,0x8303,0x0115,100,12904,0000,0000,00,00,11,12,12,1533,01,01,0.0,0.0,339,339,480,480,-23.157693,-23.157693,-49.972888,-49.972888,0724,0005,bff7,0690911c,21.0,252.6,252.6,0:25:30,8:20:31,-,-,0,-,,,,,,,,,,,,,,,,,,,,,,,,,,,,,,,,,,,,,
2025-10-13 09:02:53,2025-10-13 09:00:20,2025-10-13 09:00:21,2025-10-13 09:00:21,867488067677285,4797,GTSTT,0x19fe7fbf,,802003,0x8303,0x0115,100,12904,0000,0000,00,00,11,12,12,-,01,01,0.0,0.0,339,339,480,480,-23.157693,-23.157693,-49.972888,-49.972888,0724,0005,bff7,0690911c,21.0,252.6,252.6,0:25:30,8:20:31,-,-,0,-,,,,,,,,,,,,,,,,,,,,,,,,,,,,,,,,,,,,,
2025-10-13 09:02:54,2025-10-13 09:00:21,2025-10-13 09:00:21,2025-10-13 09:00:21,867488067677285,4798,GTIGL,0x19fe7fbf,,802003,0x8303,0x0115,100,12904,0000,0000,00,00,11,12,12,-,01,01,0.0,0.0,339,339,480,480,-23.157693,-23.157693,-49.972888,-49.972888,0724,0005,bff7,0690911c,21.0,252.6,252.6,0:25:30,8:20:31,-,-,0,-,,,,,,,,,01,,,,,,,,,,,,,,,,,,,,,,,,,,,,
2025-10-13 09:02:54,,,,867488067677285,4799,ACK,,,,,,,,,,,,,,,,,,,,,,,,,,,,,,,,,,,,,,,,,,,,,,,,,,,,,,,,,,,,,,,,,,,,,,,,,,,,,
2025-10-13 09:02:55,,,,867488067677285,4800,ACK,,,,,,,,,,,,,,,,,,,,,,,,,,,,,,,,,,,,,,,,,,,,,,,,,,,,,,,,,,,,,,,,,,,,,,,,,,,,,
2025-10-13 09:02:55,,,,867488067677285,4802,HBD,,,,,,,,,,,,,,,,,,,,,,,,,,,,,,,,,,,,,,,,,,,,,,,,,,,,,,,,,,,,,,,,,,,,,,,,,,,,,
2025-10-13 09:02:56,2025-10-13 09:01:55,2025-10-13 09:01:55,2025-10-13 09:01:55,867488067677285,4803,GTERI,0x19fe3fbf,0x00028102,802003,0x8303,0x0115,100,12958,0000,-,00,00,11,12,12,-,01,01,0.0,0.0,339,339,480,480,-23.157693,-23.157693,-49.972888,-49.972888,0724,0005,bff7,0690911c,21.0,252.6,252.6,0:25:30,8:20:31,-,-,0,-,,,,,04,1,00000000,00,10,,,,,,,,,,,,,,,,,,,,,,,,,,,,
2025-10-13 09:02:56,2025-10-13 09:02:38,2025-10-13 09:02:39,2025-10-13 09:02:39,867488067677285,4804,GTPDP,0x19fe7fbf,,802003,0x8303,0x0115,100,12983,0000,0000,00,00,11,12,12,-,01,01,0.0,0.0,339,339,480,480,-23.157693,-23.157693,-49.972888,-49.972888,0724,0005,0607,00009cb8,21.0,252.6,252.6,0:25:30,8:20:31,-,-,0,-,,,,,,,,,,,,,,,,,,,,,,,,,,,,,,,,,,,,,
2025-10-13 09:02:57,,,,867488067677285,4806,HBD,,,,,,,,,,,,,,,,,,,,,,,,,,,,,,,,,,,,,,,,,,,,,,,,,,,,,,,,,,,,,,,,,,,,,,,,,,,,,
2025-10-13 09:04:53,,,,867488067677285,4808,HBD,,,,,,,,,,,,,,,,,,,,,,,,,,,,,,,,,,,,,,,,,,,,,,,,,,,,,,,,,,,,,,,,,,,,,,,,,,,,,
2025-10-13 09:04:56,2025-10-13 09:04:55,2025-10-13 09:04:55,2025-10-13 09:04:55,867488067677285,4809,GTERI,0x19fe3fbf,0x00028102,802003,0x8303,0x0115,100,13002,0000,-,00,00,11,12,12,-,01,01,0.0,0.0,339,339,480,480,-23.157693,-23.157693,-49.972888,-49.972888,0724,0005,bff7,068ff304,21.0,252.6,252.6,0:25:30,8:20:31,-,-,0,-,,,,,04,3,00000000,00,10,,,,,,,,,,,,,,,,,,,,,,,,,,,,
2025-10-13 09:05:22,2025-10-13 09:05:21,2025-10-13 09:05:22,2025-10-13 09:05:22,867488067677285,4810,GTERI,0x19fe3fbf,0x00028102,802003,0x8303,0x0115,100,12996,0000,-,00,00,11,12,12,-,01,01,0.0,0.0,339,339,480,480,-23.157693,-23.157693,-49.972888,-49.972888,0724,0005,bff7,068ff304,21.0,252.6,252.6,0:25:30,8:20:31,-,-,0,-,,,,,04,3,00000000,00,10,,,,,,,,,,,,,,,,,,,,,,,,,,,,
2025-10-13 09:06:54,,,,867488067677285,4811,HBD,,,,,,,,,,,,,,,,,,,,,,,,,,,,,,,,,,,,,,,,,,,,,,,,,,,,,,,,,,,,,,,,,,,,,,,,,,,,,
2025-10-13 09:08:54,,,,867488067677285,4812,HBD,,,,,,,,,,,,,,,,,,,,,,,,,,,,,,,,,,,,,,,,,,,,,,,,,,,,,,,,,,,,,,,,,,,,,,,,,,,,,
2025-10-13 09:10:55,,,,867488067677285,4813,HBD,,,,,,,,,,,,,,,,,,,,,,,,,,,,,,,,,,,,,,,,,,,,,,,,,,,,,,,,,,,,,,,,,,,,,,,,,,,,,
2025-10-13 09:12:55,,,,867488067677285,4814,HBD,,,,,,,,,,,,,,,,,,,,,,,,,,,,,,,,,,,,,,,,,,,,,,,,,,,,,,,,,,,,,,,,,,,,,,,,,,,,,
2025-10-13 09:14:56,,,,867488067677285,4815,HBD,,,,,,,,,,,,,,,,,,,,,,,,,,,,,,,,,,,,,,,,,,,,,,,,,,,,,,,,,,,,,,,,,,,,,,,,,,,,,
2025-10-13 09:16:56,,,,867488067677285,4816,HBD,,,,,,,,,,,,,,,,,,,,,,,,,,,,,,,,,,,,,,,,,,,,,,,,,,,,,,,,,,,,,,,,,,,,,,,,,,,,,
