Data/Hora Inclusão,Data/Hora Evento,GNSS UTC Time,IMEI,Sequência,Tipo Serviço,Tipo Mensagem,Tipo Dispositivo,Event Index,Event Code,Alimentação Externa,Digital Input Status,Ignição,Satélites,HDOP,Fix Status,Velocidade,Azimuth,Altitude,Latitude,Longitude,Hodômetro Total,Accum0,Accum1,Accum2,Accum3,Accum4,Accum5,Accum6,Accum7,Accum8,Accum9,Accum10,Accum11,Accum12,Accum13,Accum14,Accum15,Carrier,RSSI,Comm State
2025-09-29 14:13:29,2025-09-29 14:13:24,2025-09-29 13:26:10,4675529076,1052,01,02,83,255,44,13315,0F,1,17,0.6,24,0,273,670.0,-28.2394873,-52.3989996,476.2,00074412,0001800F,00003403,1900034A,00000000,00000000,00000000,00000000,00000000,039D4E91,00000000,00000000,00000000,00000000,00000000,00000000,0006,FF99,8F
2025-09-29 14:13:29,2025-09-29 14:13:16,2025-09-29 13:26:10,4675529076,1051,01,02,83,112,21,12008,0F,1,17,0.6,24,0,273,670.0,-28.2394873,-52.3989996,476.2,00074412,0001800F,00002EE8,1900034A,00000000,00000000,00000000,00000000,00000000,00000000,00000000,00000000,00000000,00000000,00000000,00000000,0000,0000,00
2025-09-29 14:13:29,2025-09-29 13:26:01,2025-09-29 13:26:01,4675529076,1050,01,02,83,75,27,12585,0E,0,17,0.6,20,0,273,670.0,-28.2394872,-52.3990001,476.2,00074412,0001800E,00003129,1900034A,00000000,00000000,00000000,00000000,00000000,00000000,00000000,00000000,00000000,00000000,00000000,00000000,0006,FF9C,8F
2025-09-29 14:16:21,2025-09-29 14:16:20,2025-09-29 14:16:20,4675529076,1053,01,02,83,123,30,13011,2F,1,13,0.7,00,20,113,677.3,-28.2352984,-52.3937518,477.2,00074830,0001802F,000032D3,1900034A,00000000,00000000,00000000,00000000,00000000,039D4E91,00000000,00000000,00000000,00000000,00000000,00000000,0006,FFA7,8F
2025-09-29 14:19:21,2025-09-29 14:19:20,2025-09-29 14:19:20,4675529076,1054,01,02,83,123,30,13163,2F,1,13,0.8,00,23,47,700.3,-28.2310223,-52.381656,479.4,000750B5,0001802F,0000336B,1900034A,00000000,00000000,00000000,00000000,00000000,039D4E91,00000000,00000000,00000000,00000000,00000000,00000000,0006,FF96,8F
2025-09-29 14:22:01,2025-09-29 14:22:01,2025-09-29 14:22:01,4675529076,1055,01,02,83,255,45,12646,0E,0,13,0.7,00,0,327,683.0,-28.2315735,-52.3841349,480.4,000754B5,0001800E,00003166,1900034A,00000000,00000000,00000000,00000000,00000000,00000000,00000000,00000000,00000000,00000000,00000000,00000000,0006,FF90,8F
2025-09-29 14:22:02,2025-09-29 14:22:01,2025-09-29 14:22:01,4675529076,1056,01,02,83,128,20,12646,0E,0,13,0.7,00,0,327,683.0,-28.2315736,-52.3841347,480.4,000754B5,0001800E,00003166,1900034A,00000000,00000000,00000000,00000000,00000000,00000000,00000000,00000000,00000000,00000000,00000000,00000000,0006,FF90,8F
2025-09-29 14:33:17,2025-09-29 14:30:57,2025-09-29 14:27:11,4675529076,1059,01,02,83,255,44,12068,0F,1,17,0.6,24,0,327,684.5,-28.2315797,-52.3841178,480.4,000754B5,0001800F,00002F24,1900034A,00000000,00000000,00000000,00000000,00000000,039D4E91,00000000,00000000,00000000,00000000,00000000,00000000,0000,FFAC,86
2025-09-29 14:33:17,2025-09-29 14:30:52,2025-09-29 14:27:11,4675529076,1058,01,02,83,112,21,12008,0F,1,17,0.6,24,0,327,684.5,-28.2315797,-52.3841178,480.4,000754B5,0001800F,00002EE8,1900034A,00000000,00000000,00000000,00000000,00000000,00000000,00000000,00000000,00000000,00000000,00000000,00000000,0000,0000,00
2025-09-29 14:33:17,2025-09-29 14:27:01,2025-09-29 14:27:01,4675529076,1057,01,02,83,75,27,12616,0E,0,15,0.7,20,0,327,684.4,-28.2315798,-52.3841181,480.4,000754B5,0001800E,00003148,1900034A,00000000,00000000,00000000,00000000,00000000,00000000,00000000,00000000,00000000,00000000,00000000,00000000,0006,FF96,8F
2025-09-29 14:33:54,2025-09-29 14:33:53,2025-09-29 14:33:53,4675529076,1060,01,02,83,123,30,13163,0F,1,17,0.6,00,21,218,667.1,-28.2333454,-52.3919766,481.3,000757EC,0001800F,0000336B,1900034A,00000000,00000000,00000000,00000000,00000000,039D4E91,00000000,00000000,00000000,00000000,00000000,00000000,0006,FFB1,8F
2025-09-29 14:36:54,2025-09-29 14:36:53,2025-09-29 14:36:53,4675529076,1061,01,02,83,123,30,13193,0F,1,18,0.6,00,39,169,665.6,-28.2376362,-52.399175,482.4,00075C55,0001800F,00003389,1900034A,00000000,00000000,00000000,00000000,00000000,039D4E91,00000000,00000000,00000000,00000000,00000000,00000000,0006,FFA5,8F
2025-09-29 14:38:17,2025-09-29 14:38:16,2025-09-29 14:38:16,4675529076,1063,01,02,83,128,20,12616,0E,0,18,0.6,00,0,255,676.5,-28.2404754,-52.4002452,482.8,00075E1B,0001800E,00003148,1900034A,00000000,00000000,00000000,00000000,00000000,00000000,00000000,00000000,00000000,00000000,00000000,00000000,0006,FF9E,8F
2025-09-29 14:38:17,2025-09-29 14:38:15,2025-09-29 14:38:15,4675529076,1062,01,02,83,255,45,12646,0E,0,17,0.6,00,0,255,676.5,-28.2404754,-52.4002452,482.8,00075E1B,0001800E,00003166,1900034A,00000000,00000000,00000000,00000000,00000000,00000000,00000000,00000000,00000000,00000000,00000000,00000000,0006,FF9E,8F
2025-09-29 14:40:18,2025-09-29 14:40:17,2025-09-29 14:40:17,4675529076,1064,01,02,83,112,21,12038,0F,1,16,0.6,00,0,255,681.0,-28.2404842,-52.4002283,482.8,00075E1B,0001800F,00002F06,1900034A,00000000,00000000,00000000,00000000,00000000,00000000,00000000,00000000,00000000,00000000,00000000,00000000,0006,FF9F,8F
2025-09-29 14:40:22,2025-09-29 14:40:22,2025-09-29 14:40:22,4675529076,1065,01,02,83,255,44,11947,0F,1,14,0.7,00,0,255,680.9,-28.2404852,-52.4002284,482.8,00075E1B,0001800F,00002EAB,1900034A,00000000,00000000,00000000,00000000,00000000,039D4E91,00000000,00000000,00000000,00000000,00000000,00000000,0006,FF9F,8F
2025-09-29 14:41:00,2025-09-29 14:41:00,2025-09-29 14:41:00,4675529076,1066,01,02,83,255,45,12555,0E,0,17,0.6,00,0,167,672.3,-28.2407805,-52.4010372,482.9,00075E7F,0001800E,0000310B,1900034A,00000000,00000000,00000000,00000000,00000000,00000000,00000000,00000000,00000000,00000000,00000000,00000000,0006,FF9A,8F
2025-09-29 14:41:01,2025-09-29 14:41:00,2025-09-29 14:41:00,4675529076,1067,01,02,83,128,20,12433,0E,0,16,0.6,00,0,167,672.6,-28.2407805,-52.4010382,482.9,00075E7F,0001800E,00003091,1900034A,00000000,00000000,00000000,00000000,00000000,00000000,00000000,00000000,00000000,00000000,00000000,00000000,0006,FF9A,8F
2025-09-29 14:41:40,2025-09-29 14:41:39,2025-09-29 14:41:39,4675529076,1068,01,02,83,112,21,12008,0F,1,13,0.7,00,0,167,675.8,-28.2408072,-52.4010341,482.9,00075E7F,0001800F,00002EE8,1900034A,00000000,00000000,00000000,00000000,00000000,00000000,00000000,00000000,00000000,00000000,00000000,00000000,0006,FF9C,8F
2025-09-29 14:41:45,2025-09-29 14:41:45,2025-09-29 14:41:45,4675529076,1069,01,02,83,255,45,12281,0E,0,12,0.8,00,0,167,675.9,-28.2408069,-52.4010345,482.9,00075E7F,0001800E,00002FF9,1900034A,00000000,00000000,00000000,00000000,00000000,00000000,00000000,00000000,00000000,00000000,00000000,00000000,0006,FF9C,8F
2025-09-29 14:41:46,2025-09-29 14:41:45,2025-09-29 14:41:45,4675529076,1070,01,02,83,128,20,12281,0E,0,12,0.8,00,0,167,675.9,-28.2408068,-52.4010346,482.9,00075E7F,0001800E,00002FF9,1900034A,00000000,00000000,00000000,00000000,00000000,00000000,00000000,00000000,00000000,00000000,00000000,00000000,0006,FF9C,8F
2025-09-29 14:44:45,2025-09-29 14:44:44,2025-09-29 14:44:44,4675529076,1071,01,02,83,112,21,12038,0F,1,17,0.6,00,0,167,678.3,-28.2408138,-52.4010494,482.9,00075E7F,0001800F,00002F06,1900034A,00000000,00000000,00000000,00000000,00000000,00000000,00000000,00000000,00000000,00000000,00000000,00000000,0006,FF9B,8F
2025-09-29 14:44:56,2025-09-29 14:44:56,2025-09-29 14:44:56,4675529076,1072,01,02,83,255,44,13072,0F,1,14,0.7,00,0,167,678.3,-28.2408136,-52.4010495,482.9,00075E7F,0001800F,00003310,1900034A,00000000,00000000,00000000,00000000,00000000,039D4E91,00000000,00000000,00000000,00000000,00000000,00000000,0006,FF9C,8F
2025-09-29 14:47:45,2025-09-29 14:47:44,2025-09-29 14:47:44,4675529076,1073,01,02,83,123,30,13102,0F,1,18,0.6,00,22,251,674.6,-28.2420219,-52.3999643,483.5,0007608E,0001800F,0000332E,1900034A,00000000,00000000,00000000,00000000,00000000,039D4E91,00000000,00000000,00000000,00000000,00000000,00000000,0006,FF8B,8F
2025-09-29 14:50:45,2025-09-29 14:50:44,2025-09-29 14:50:44,4675529076,1074,01,02,83,123,30,13041,0F,1,18,0.6,00,0,64,659.8,-28.2428076,-52.4011738,483.7,0007616D,0001800F,000032F1,1900034A,00000000,00000000,00000000,00000000,00000000,039D4E91,00000000,00000000,00000000,00000000,00000000,00000000,0006,FF8D,8F
2025-09-29 14:53:45,2025-09-29 14:53:44,2025-09-29 14:53:44,4675529076,1075,01,02,83,123,30,13041,0F,1,9,1.2,00,0,191,660.9,-28.2422976,-52.4014674,483.8,000761B3,0001800F,000032F1,1900034A,00000000,00000000,00000000,00000000,00000000,039D4E91,00000000,00000000,00000000,00000000,00000000,00000000,0006,FF8E,8F
2025-09-29 14:56:49,2025-09-29 14:56:44,2025-09-29 14:56:44,4675529076,1076,01,02,83,123,30,13193,2F,1,15,0.7,00,15,50,661.2,-28.242178,-52.4013826,483.8,000761BE,0001802F,00003389,1900034A,00000000,00000000,00000000,00000000,00000000,039D4E91,00000000,00000000,00000000,00000000,00000000,00000000,0006,FF91,8F
2025-09-29 14:57:00,2025-09-29 14:56:44,2025-09-29 14:56:44,4675529076,1076,01,02,83,123,30,13193,2F,1,15,0.7,00,15,50,661.2,-28.242178,-52.4013826,483.8,000761BE,0001802F,00003389,1900034A,00000000,00000000,00000000,00000000,00000000,039D4E91,00000000,00000000,00000000,00000000,00000000,00000000,0006,FF91,8F
2025-09-29 14:59:45,2025-09-29 14:59:44,2025-09-29 14:59:44,4675529076,1077,01,02,83,123,30,13132,2F,1,15,0.7,00,12,78,667.5,-28.2352476,-52.3994117,484.8,000765AD,0001802F,0000334C,1900034A,00000000,00000000,00000000,00000000,00000000,039D4E91,00000000,00000000,00000000,00000000,00000000,00000000,0006,FFA9,8F
2025-09-29 15:02:45,2025-09-29 15:02:44,2025-09-29 15:02:44,4675529076,1078,01,02,83,123,30,13163,2F,1,16,0.6,00,31,30,685.1,-28.2340865,-52.3846171,486.5,00076C54,0001802F,0000336B,1900034A,00000000,00000000,00000000,00000000,00000000,039D4E91,00000000,00000000,00000000,00000000,00000000,00000000,0006,FF9A,8F
2025-09-29 15:03:54,2025-09-29 15:03:54,2025-09-29 15:03:54,4675529076,1079,01,02,83,255,45,12585,0E,0,13,0.7,00,0,326,686.1,-28.2315672,-52.3840438,487.0,00076E5A,0001800E,00003129,1900034A,00000000,00000000,00000000,00000000,00000000,00000000,00000000,00000000,00000000,00000000,00000000,00000000,0006,FF94,8F
2025-09-29 15:03:56,2025-09-29 15:03:55,2025-09-29 15:03:55,4675529076,1080,01,02,83,128,20,12616,0E,0,13,0.7,00,0,326,685.8,-28.2315646,-52.3840324,487.0,00076E5A,0001800E,00003148,1900034A,00000000,00000000,00000000,00000000,00000000,00000000,00000000,00000000,00000000,00000000,00000000,00000000,0006,FF94,8F
2025-09-29 15:08:56,2025-09-29 15:08:55,2025-09-29 15:08:55,4675529076,1081,01,02,83,75,27,12646,0E,0,12,0.8,00,0,326,683.4,-28.231557,-52.3840298,487.0,00076E5A,0001800E,00003166,1900034A,00000000,00000000,00000000,00000000,00000000,00000000,00000000,00000000,00000000,00000000,00000000,00000000,0006,FF97,8F
2025-09-29 15:14:09,2025-09-29 15:14:04,2025-09-29 15:09:05,4675529076,1082,01,02,83,112,21,12038,0F,1,14,0.7,24,0,326,682.8,-28.2315569,-52.3840192,487.0,00076E5A,0001800F,00002F06,1900034A,00000000,00000000,00000000,00000000,00000000,00000000,00000000,00000000,00000000,00000000,00000000,00000000,0000,0000,00
2025-09-29 15:14:09,2025-09-29 15:08:55,2025-09-29 15:08:55,4675529076,1081,01,02,83,75,27,12646,0E,0,12,0.8,20,0,326,683.4,-28.231557,-52.3840298,487.0,00076E5A,0001800E,00003166,1900034A,00000000,00000000,00000000,00000000,00000000,00000000,00000000,00000000,00000000,00000000,00000000,00000000,0006,FF97,8F
2025-09-29 15:14:16,2025-09-29 15:14:16,2025-09-29 15:14:16,4675529076,1083,01,02,83,255,44,12950,0F,1,13,0.7,00,0,326,683.0,-28.2315578,-52.3840228,487.0,00076E5A,0001800F,00003296,1900034A,00000000,00000000,00000000,00000000,00000000,039D4E91,00000000,00000000,00000000,00000000,00000000,00000000,0006,FF93,8F
2025-09-29 15:17:07,2025-09-29 15:17:06,2025-09-29 15:17:06,4675529076,1084,01,02,83,123,30,13254,2F,1,15,0.7,00,12,216,675.4,-28.2350185,-52.3933576,488.5,00077431,0001802F,000033C6,1900034A,00000000,00000000,00000000,00000000,00000000,039D4E91,00000000,00000000,00000000,00000000,00000000,00000000,0006,FFAD,8F
2025-09-29 15:19:38,2025-09-29 15:19:38,2025-09-29 15:19:38,4675529076,1085,01,02,83,255,45,12616,0E,0,13,0.7,00,0,274,668.6,-28.23949,-52.3989846,489.6,0007788F,0001800E,00003148,1900034A,00000000,00000000,00000000,00000000,00000000,00000000,00000000,00000000,00000000,00000000,00000000,00000000,0006,FF9B,8F
2025-09-29 15:19:39,2025-09-29 15:19:39,2025-09-29 15:19:39,4675529076,1086,01,02,83,128,20,12585,0E,0,13,0.7,00,0,274,668.6,-28.2394909,-52.3989852,489.6,0007788F,0001800E,00003129,1900034A,00000000,00000000,00000000,00000000,00000000,00000000,00000000,00000000,00000000,00000000,00000000,00000000,0006,FF9B,8F
2025-09-29 16:19:56,2025-09-29 15:24:39,2025-09-29 15:24:39,4675529076,1087,01,02,83,75,27,12646,0E,0,17,0.6,20,0,274,668.7,-28.2394759,-52.3989798,489.6,0007788F,0001800E,00003166,1900034A,00000000,00000000,00000000,00000000,00000000,00000000,00000000,00000000,00000000,00000000,00000000,00000000,0006,FFA1,8F
2025-09-29 16:24:42,2025-09-29 16:24:42,2025-09-29 16:24:42,4675529076,1088,01,02,83,75,27,12585,0E,0,16,0.6,00,0,0,662.6,-28.2394776,-52.3989688,489.6,0007788F,0001800E,00003129,1900034A,00000000,00000000,00000000,00000000,00000000,00000000,00000000,00000000,00000000,00000000,00000000,00000000,0006,FFA1,8F
2025-09-29 18:20:02,2025-09-29 17:24:45,2025-09-29 17:24:45,4675529076,1089,01,02,83,75,27,12555,0E,0,14,0.7,20,0,258,665.9,-28.2394982,-52.3989401,489.6,0007788F,0001800E,0000310B,1900034A,00000000,00000000,00000000,00000000,00000000,00000000,00000000,00000000,00000000,00000000,00000000,00000000,0006,FFA0,8F
2025-09-29 18:24:48,2025-09-29 18:24:48,2025-09-29 18:24:48,4675529076,1090,01,02,83,75,27,12524,0E,0,14,0.8,00,0,0,663.1,-28.2394446,-52.3989215,489.6,0007788F,0001800E,000030EC,1900034A,00000000,00000000,00000000,00000000,00000000,00000000,00000000,00000000,00000000,00000000,00000000,00000000,0006,FFA1,8F
2025-09-29 19:24:51,2025-09-29 19:24:51,2025-09-29 19:24:51,4675529076,1091,01,02,83,75,27,12524,0E,0,12,0.8,00,0,121,677.1,-28.2395297,-52.3989636,489.6,0007788F,0001800E,000030EC,1900034A,00000000,00000000,00000000,00000000,00000000,00000000,00000000,00000000,00000000,00000000,00000000,00000000,0006,FF9E,8F
2025-09-29 20:20:09,2025-09-29 19:24:51,2025-09-29 19:24:51,4675529076,1091,01,02,83,75,27,12524,0E,0,12,0.8,20,0,121,677.1,-28.2395297,-52.3989636,489.6,0007788F,0001800E,000030EC,1900034A,00000000,00000000,00000000,00000000,00000000,00000000,00000000,00000000,00000000,00000000,00000000,00000000,0006,FF9E,8F
2025-09-29 20:24:55,2025-09-29 20:24:55,2025-09-29 20:24:55,4675529076,1092,01,02,83,75,27,12524,0E,0,15,0.6,00,0,133,657.1,-28.2396069,-52.3989317,489.6,0007788F,0001800E,000030EC,1900034A,00000000,00000000,00000000,00000000,00000000,00000000,00000000,00000000,00000000,00000000,00000000,00000000,0006,FFA0,8F
2025-09-29 21:24:59,2025-09-29 21:24:59,2025-09-29 21:24:59,4675529076,1093,01,02,83,75,27,12494,0E,0,17,0.6,00,0,89,671.9,-28.2395884,-52.3989218,489.6,0007788F,0001800E,000030CE,1900034A,00000000,00000000,00000000,00000000,00000000,00000000,00000000,00000000,00000000,00000000,00000000,00000000,0006,FFA1,8F
2025-09-29 22:20:17,2025-09-29 21:24:59,2025-09-29 21:24:59,4675529076,1093,01,02,83,75,27,12494,0E,0,17,0.6,20,0,89,671.9,-28.2395884,-52.3989218,489.6,0007788F,0001800E,000030CE,1900034A,00000000,00000000,00000000,00000000,00000000,00000000,00000000,00000000,00000000,00000000,00000000,00000000,0006,FFA1,8F
2025-09-29 22:25:03,2025-09-29 22:25:03,2025-09-29 22:25:03,4675529076,1094,01,02,83,75,27,12494,0E,0,17,0.7,00,0,357,666.0,-28.2395057,-52.3989966,489.6,0007788F,0001800E,000030CE,1900034A,00000000,00000000,00000000,00000000,00000000,00000000,00000000,00000000,00000000,00000000,00000000,00000000,0006,FF9F,8F
2025-09-30 14:14:31,2025-09-30 14:14:30,2025-09-30 14:14:30,4675529076,1156,01,02,83,123,30,13193,2F,1,16,0.6,00,18,246,653.2,-28.246906,-52.4004763,510.8,0007CB30,0001802F,00003389,1900034A,00000000,00000000,00000000,00000000,00000024,0309C06A,00000000,00000000,00000000,00000000,00000000,00000000,0006,FF87,8F
2025-09-30 14:17:31,2025-09-30 14:17:30,2025-09-30 14:17:30,4675529076,1157,01,02,83,123,30,13284,0F,1,14,0.8,00,24,134,663.0,-28.2353308,-52.3997485,512.4,0007D1A9,0001800F,000033E4,1900034A,00000000,00000000,00000000,00000000,00000024,0309C06A,00000000,00000000,00000000,00000000,00000000,00000000,0006,FF9B,8F
2025-09-30 14:20:31,2025-09-30 14:20:30,2025-09-30 14:20:30,4675529076,1158,01,02,83,123,30,13193,0F,1,17,0.6,00,28,76,676.8,-28.240499,-52.3992286,513.3,0007D504,0001800F,00003389,1900034A,00000000,00000000,00000000,00000000,00000024,0309C06A,00000000,00000000,00000000,00000000,00000000,00000000,0006,FF9C,8F
2025-09-30 14:21:39,2025-09-30 14:21:39,2025-09-30 14:21:39,4675529076,1159,01,02,83,255,45,12342,0E,0,17,0.6,00,0,243,666.7,-28.2394573,-52.3989886,513.5,0007D5BA,0001800E,00003036,1900034A,00000000,00000000,00000000,00000000,00000000,00000000,00000000,00000000,00000000,00000000,00000000,00000000,0006,FF97,8F
2025-09-30 14:21:41,2025-09-30 14:21:40,2025-09-30 14:21:40,4675529076,1160,01,02,83,128,20,12312,0E,0,17,0.6,00,0,243,666.8,-28.2394563,-52.398989,513.5,0007D5BA,0001800E,00003018,1900034A,00000000,00000000,00000000,00000000,00000000,00000000,00000000,00000000,00000000,00000000,00000000,00000000,0006,FF97,8F
2025-09-30 14:26:41,2025-09-30 14:26:40,2025-09-30 14:26:40,4675529076,1161,01,02,83,75,27,12585,0E,0,19,0.6,00,0,243,663.5,-28.2394134,-52.398999,513.5,0007D5BA,0001800E,00003129,1900034A,00000000,00000000,00000000,00000000,00000000,00000000,00000000,00000000,00000000,00000000,00000000,00000000,0006,FF9B,8F
2025-09-30 14:38:23,2025-09-30 14:38:20,2025-09-30 14:26:50,4675529076,1162,01,02,83,112,21,11916,0F,1,18,0.6,24,0,243,663.5,-28.2394134,-52.3989992,513.5,0007D5BA,0001800F,00002E8C,1900034A,00000000,00000000,00000000,00000000,00000000,00000000,00000000,00000000,00000000,00000000,00000000,00000000,0006,FF95,86
2025-09-30 14:38:23,2025-09-30 14:26:40,2025-09-30 14:26:40,4675529076,1161,01,02,83,75,27,12585,0E,0,19,0.6,20,0,243,663.5,-28.2394134,-52.398999,513.5,0007D5BA,0001800E,00003129,1900034A,00000000,00000000,00000000,00000000,00000000,00000000,00000000,00000000,00000000,00000000,00000000,00000000,0006,FF9B,8F
2025-09-30 14:38:40,2025-09-30 14:38:40,2025-09-30 14:38:40,4675529076,1163,01,02,83,255,44,13072,0F,1,18,0.6,00,0,351,671.4,-28.2392982,-52.3989482,513.5,0007D5D1,0001800F,00003310,1900034A,00000000,00000000,00000000,00000000,00000028,03F81DAD,00000000,00000000,00000000,00000000,00000000,00000000,0006,FF99,8F
2025-09-30 14:41:22,2025-09-30 14:41:22,2025-09-30 14:41:22,4675529076,1164,01,02,83,123,30,13376,2F,1,14,0.7,00,33,159,661.2,-28.2406281,-52.402694,514.7,0007DA60,0001802F,00003440,1900034A,00000000,00000000,00000000,00000000,00000028,03F81DAD,00000000,00000000,00000000,00000000,00000000,00000000,0006,FF8A,8F
2025-09-30 14:44:22,2025-09-30 14:44:22,2025-09-30 14:44:22,4675529076,1165,01,02,83,123,30,13284,2F,1,18,0.6,00,46,164,656.5,-28.2499683,-52.3963647,515.9,0007DF2A,0001802F,000033E4,1900034A,00000000,00000000,00000000,00000000,00000028,03F81DAD,00000000,00000000,00000000,00000000,00000000,00000000,0006,FF9F,8F
2025-09-30 14:47:22,2025-09-30 14:47:22,2025-09-30 14:47:22,4675529076,1166,01,02,83,123,30,13193,0F,1,12,0.8,00,0,237,671.8,-28.2583213,-52.4080992,517.4,0007E501,0001800F,00003389,1900034A,00000000,00000000,00000000,00000000,00000028,03F81DAD,00000000,00000000,00000000,00000000,00000000,00000000,0006,FF96,8F
2025-09-30 14:50:22,2025-09-30 14:50:22,2025-09-30 14:50:22,4675529076,1167,01,02,83,123,30,12798,2F,1,13,0.7,00,0,245,693.0,-28.2603047,-52.412215,517.8,0007E6C1,0001802F,000031FE,1900034A,00000000,00000000,00000000,00000000,00000028,03F81DAD,00000000,00000000,00000000,00000000,00000000,00000000,0006,FFB7,8F
2025-09-30 14:53:22,2025-09-30 14:53:22,2025-09-30 14:53:22,4675529076,1168,01,02,83,123,30,13254,2F,1,12,0.8,00,13,72,672.6,-28.2613333,-52.416544,518.5,0007E958,0001802F,000033C6,1900034A,00000000,00000000,00000000,00000000,00000028,03F81DAD,00000000,00000000,00000000,00000000,00000000,00000000,0006,FF8F,8F
2025-09-30 14:56:22,2025-09-30 14:56:22,2025-09-30 14:56:22,4675529076,1169,01,02,83,123,30,13193,0F,1,14,0.7,00,34,328,673.4,-28.2587935,-52.4189582,518.9,0007EB10,0001800F,00003389,1900034A,00000000,00000000,00000000,00000000,00000028,03F81DAD,00000000,00000000,00000000,00000000,00000000,00000000,0006,FF99,8F
2025-09-30 14:59:23,2025-09-30 14:59:22,2025-09-30 14:59:22,4675529076,1170,01,02,83,123,30,13193,0F,1,13,0.8,00,0,31,687.0,-28.2526331,-52.4200825,519.8,0007EE75,0001800F,00003389,1900034A,00000000,00000000,00000000,00000000,00000028,03F81DAD,00000000,00000000,00000000,00000000,00000000,00000000,0006,FF9A,8F
2025-09-30 15:02:22,2025-09-30 15:02:22,2025-09-30 15:02:22,4675529076,1171,01,02,83,123,30,13163,0F,1,16,0.6,00,30,4,667.1,-28.2435102,-52.4274841,521.1,0007F377,0001800F,0000336B,1900034A,00000000,00000000,00000000,00000000,00000028,03F81DAD,00000000,00000000,00000000,00000000,00000000,00000000,0006,FFA6,8F
2025-09-30 15:05:22,2025-09-30 15:05:22,2025-09-30 15:05:22,4675529076,1172,01,02,83,123,30,13284,0F,1,15,0.7,00,50,301,653.4,-28.2305076,-52.4399689,523.4,0007FC6D,0001800F,000033E4,1900034A,00000000,00000000,00000000,00000000,00000028,03F81DAD,00000000,00000000,00000000,00000000,00000000,00000000,0006,FF8E,8F
2025-09-30 15:08:22,2025-09-30 15:08:22,2025-09-30 15:08:22,4675529076,1173,01,02,83,123,30,13224,0F,1,15,0.7,00,51,241,665.9,-28.2217337,-52.4674244,526.4,00080865,0001800F,000033A8,1900034A,00000000,00000000,00000000,00000000,00000028,03F81DAD,00000000,00000000,00000000,00000000,00000000,00000000,0006,FF9C,8F
2025-09-30 15:13:03,2025-09-30 15:11:21,2025-09-30 15:10:44,4675529076,1174,01,02,83,123,30,13345,0F,1,14,0.7,20,64,269,648.0,-28.2290296,-52.4897178,528.8,0008119F,0001800F,00003421,1900034A,00000000,00000000,00000000,00000000,00000028,03F81DAD,00000000,00000000,00000000,00000000,00000000,00000000,0006,FF7A,8E
2025-09-30 15:14:22,2025-09-30 15:14:22,2025-09-30 15:14:22,4675529076,1175,01,02,83,123,30,13345,0F,1,15,0.7,00,69,231,624.3,-28.2364003,-52.5260415,532.7,000820E8,0001800F,00003421,1900034A,00000000,00000000,00000000,00000000,00000028,03F81DAD,00000000,00000000,00000000,00000000,00000000,00000000,0006,FFB3,0F
2025-09-30 15:17:28,2025-09-30 15:17:22,2025-09-30 15:17:22,4675529076,1176,01,02,83,123,30,13376,0F,1,14,0.7,00,73,275,566.9,-28.2424152,-52.5597595,536.1,00082E3B,0001800F,00003440,1900034A,00000000,00000000,00000000,00000000,00000028,03F81DAD,00000000,00000000,00000000,00000000,00000000,00000000,0006,FFA0,0F
2025-09-30 15:21:19,2025-09-30 15:20:22,2025-09-30 15:20:22,4675529076,1177,01,02,83,123,30,13284,0F,1,14,0.7,20,41,240,613.3,-28.2505834,-52.5862091,539.0,00083946,0001800F,000033E4,1900034A,00000000,00000000,00000000,00000000,00000028,03F81DAD,00000000,00000000,00000000,00000000,00000000,00000000,0006,FFA1,08
2025-09-30 15:22:32,2025-09-30 15:20:22,2025-09-30 15:20:22,4675529076,1177,01,02,83,123,30,13284,0F,1,14,0.7,20,41,240,613.3,-28.2505834,-52.5862091,539.0,00083946,0001800F,000033E4,1900034A,00000000,00000000,00000000,00000000,00000028,03F81DAD,00000000,00000000,00000000,00000000,00000000,00000000,0006,FFA1,08
2025-09-30 15:23:22,2025-09-30 15:23:22,2025-09-30 15:23:22,4675529076,1178,01,02,83,123,30,13315,2F,1,15,0.7,00,75,277,596.3,-28.2694245,-52.6070182,542.1,00084575,0001802F,00003403,1900034A,00000000,00000000,00000000,00000000,00000028,03F81DAD,00000000,00000000,00000000,00000000,00000000,00000000,0006,FFB7,0F
2025-09-30 15:26:22,2025-09-30 15:26:22,2025-09-30 15:26:22,4675529076,1179,01,02,83,123,30,13345,0F,1,11,0.8,00,73,242,588.5,-28.2734059,-52.642816,545.7,000853BB,0001800F,00003421,1900034A,00000000,00000000,00000000,00000000,00000028,03F81DAD,00000000,00000000,00000000,00000000,00000000,00000000,0006,FFA9,0F
2025-09-30 15:29:22,2025-09-30 15:29:22,2025-09-30 15:29:22,4675529076,1180,01,02,83,123,30,13406,2F,1,15,0.7,00,97,243,561.2,-28.2725948,-52.6815296,549.7,00086363,0001802F,0000345E,1900034A,00000000,00000000,00000000,00000000,00000028,03F81DAD,00000000,00000000,00000000,00000000,00000000,00000000,0006,FFA8,0F
2025-09-30 15:32:23,2025-09-30 15:32:22,2025-09-30 15:32:22,4675529076,1181,01,02,83,123,30,13345,0F,1,14,0.7,00,72,263,544.9,-28.2899118,-52.7231429,554.4,0008759B,0001800F,00003421,1900034A,00000000,00000000,00000000,00000000,00000028,03F81DAD,00000000,00000000,00000000,00000000,00000000,00000000,0006,FFA5,0F
2025-09-30 15:35:22,2025-09-30 15:35:22,2025-09-30 15:35:22,4675529076,1182,01,02,83,123,30,13345,0F,1,15,0.7,00,48,310,555.3,-28.2983338,-52.7478765,557.3,000880CB,0001800F,00003421,1900034A,00000000,00000000,00000000,00000000,00000028,03F81DAD,00000000,00000000,00000000,00000000,00000000,00000000,0006,FFA6,0F
2025-09-30 15:41:18,2025-09-30 15:38:22,2025-09-30 15:38:22,4675529076,1183,01,02,83,123,30,13284,0F,1,15,0.7,20,36,233,595.9,-28.2753561,-52.7719301,561.1,00088FAD,0001800F,000033E4,1900034A,00000000,00000000,00000000,00000000,00000028,03F81DAD,00000000,00000000,00000000,00000000,00000000,00000000,0006,FF9F,0F
2025-09-30 15:41:22,2025-09-30 15:41:22,2025-09-30 15:41:22,4675529076,1184,01,02,83,123,30,13284,0F,1,15,0.7,00,30,64,611.0,-28.2764435,-52.7739928,562.1,00089397,0001800F,000033E4,1900034A,00000000,00000000,00000000,00000000,00000028,03F81DAD,00000000,00000000,00000000,00000000,00000000,00000000,0006,FF83,8F
2025-09-30 15:44:49,2025-09-30 15:44:22,2025-09-30 15:44:22,4675529076,1185,01,02,83,123,30,13345,0F,1,15,0.7,20,73,123,560.5,-28.2966836,-52.7515129,565.7,0008A1A3,0001800F,00003421,1900034A,00000000,00000000,00000000,00000000,00000028,03F81DAD,00000000,00000000,00000000,00000000,00000000,00000000,0006,FF77,8F
2025-09-30 15:47:22,2025-09-30 15:47:22,2025-09-30 15:47:22,4675529076,1186,01,02,83,123,30,13376,0F,1,16,0.6,00,44,56,572.1,-28.2968841,-52.7346033,568.1,0008AB03,0001800F,00003440,1900034A,00000000,00000000,00000000,00000000,00000028,03F81DAD,00000000,00000000,00000000,00000000,00000000,00000000,0006,FFBE,0F
2025-09-30 15:50:36,2025-09-30 15:50:22,2025-09-30 15:50:22,4675529076,1187,01,02,83,123,30,13376,0F,1,16,0.6,20,27,75,566.7,-28.2866108,-52.7060105,571.2,0008B737,0001800F,00003440,1900034A,00000000,00000000,00000000,00000000,00000028,03F81DAD,00000000,00000000,00000000,00000000,00000000,00000000,0006,FF99,08
2025-09-30 15:53:25,2025-09-30 15:53:22,2025-09-30 15:53:22,4675529076,1188,01,02,83,123,30,13345,0F,1,15,0.7,00,73,61,578.1,-28.2738209,-52.6841537,573.8,0008C17D,0001800F,00003421,1900034A,00000000,00000000,00000000,00000000,00000028,03F81DAD,00000000,00000000,00000000,00000000,00000000,00000000,0006,FF9D,0F
2025-09-30 15:56:22,2025-09-30 15:56:22,2025-09-30 15:56:22,4675529076,1189,01,02,83,123,30,13376,0F,1,16,0.6,00,43,102,576.1,-28.2692424,-52.659625,576.4,0008CB67,0001800F,00003440,1900034A,00000000,00000000,00000000,00000000,00000028,03F81DAD,00000000,00000000,00000000,00000000,00000000,00000000,0006,FFAD,0F
2025-09-30 15:59:22,2025-09-30 15:59:22,2025-09-30 15:59:22,4675529076,1190,01,02,83,123,30,13345,0F,1,16,0.6,00,49,70,599.4,-28.2701123,-52.6344582,579.0,0008D5C0,0001800F,00003421,1900034A,00000000,00000000,00000000,00000000,00000028,03F81DAD,00000000,00000000,00000000,00000000,00000000,00000000,0006,FFBF,0F
2025-09-30 16:02:22,2025-09-30 16:02:22,2025-09-30 16:02:22,4675529076,1191,01,02,83,123,30,13315,0F,1,17,0.6,00,89,55,614.5,-28.2690582,-52.6014713,582.3,0008E2B6,0001800F,00003403,1900034A,00000000,00000000,00000000,00000000,00000028,03F81DAD,00000000,00000000,00000000,00000000,00000000,00000000,0006,FFBC,0F
2025-09-30 16:05:22,2025-09-30 16:05:22,2025-09-30 16:05:22,4675529076,1192,01,02,83,123,30,13345,2F,1,16,0.6,00,82,51,598.4,-28.2457174,-52.5720744,586.4,0008F2B2,0001802F,00003421,1900034A,00000000,00000000,00000000,00000000,00000028,03F81DAD,00000000,00000000,00000000,00000000,00000000,00000000,0006,FFA5,0F
2025-09-30 16:08:22,2025-09-30 16:08:22,2025-09-30 16:08:22,4675529076,1193,01,02,83,123,30,13376,0F,1,16,0.6,00,80,68,621.0,-28.2372291,-52.5275163,591.0,00090470,0001800F,00003440,1900034A,00000000,00000000,00000000,00000000,00000028,03F81DAD,00000000,00000000,00000000,00000000,00000000,00000000,0006,FFA3,0F
2025-09-30 16:11:22,2025-09-30 16:11:22,2025-09-30 16:11:22,4675529076,1194,01,02,83,123,30,13376,0F,1,16,0.6,00,57,90,632.8,-28.2290977,-52.49452,594.6,000912CB,0001800F,00003440,1900034A,00000000,00000000,00000000,00000000,00000028,03F81DAD,00000000,00000000,00000000,00000000,00000000,00000000,0006,FFBB,0F
2025-09-30 16:14:22,2025-09-30 16:14:22,2025-09-30 16:14:22,4675529076,1195,01,02,83,123,30,12798,0E,0,16,0.6,00,0,63,661.8,-28.2258306,-52.4745495,596.7,00091AAD,0001800E,000031FE,1900034A,00000000,00000000,00000000,00000000,00000028,03F81DAD,00000000,00000000,00000000,00000000,00000000,00000000,0006,FF8D,8F
2025-09-30 16:14:23,2025-09-30 16:14:23,2025-09-30 16:14:23,4675529076,1196,01,02,83,255,45,12768,0E,0,16,0.6,00,0,63,661.8,-28.2258312,-52.4745493,596.7,00091AAD,0001800E,000031E0,1900034A,00000000,00000000,00000000,00000000,00000000,00000000,00000000,00000000,00000000,00000000,00000000,00000000,0006,FF8D,8F
2025-09-30 16:14:24,2025-09-30 16:14:24,2025-09-30 16:14:24,4675529076,1197,01,02,83,128,20,12768,0E,0,16,0.6,00,0,63,661.8,-28.2258312,-52.4745493,596.7,00091AAD,0001800E,000031E0,1900034A,00000000,00000000,00000000,00000000,00000000,00000000,00000000,00000000,00000000,00000000,00000000,00000000,0006,FF8D,8F
2025-09-30 16:18:56,2025-09-30 16:18:56,2025-09-30 16:18:56,4675529076,1198,01,02,83,112,21,11977,0F,1,16,0.6,00,0,244,674.7,-28.2257678,-52.4744791,596.7,00091AAD,0001800F,00002EC9,1900034A,00000000,00000000,00000000,00000000,00000000,00000000,00000000,00000000,00000000,00000000,00000000,00000000,0006,FF8F,8F
2025-09-30 16:19:07,2025-09-30 16:19:07,2025-09-30 16:19:07,4675529076,1199,01,02,83,255,44,13193,0F,1,15,0.7,00,0,20,674.1,-28.2257555,-52.4744787,596.7,00091AAD,0001800F,00003389,1900034A,00000000,00000000,00000000,00000000,00000028,03F81DAD,00000000,00000000,00000000,00000000,00000000,00000000,0006,FF8E,8F
2025-09-30 16:23:22,2025-09-30 16:21:55,2025-09-30 16:21:44,4675529076,1200,01,02,83,123,30,13376,0F,1,15,0.7,20,68,121,638.7,-28.2248205,-52.4506444,599.3,00092522,0001800F,00003440,1900034A,00000000,00000000,00000000,00000000,00000028,03F81DAD,00000000,00000000,00000000,00000000,00000000,00000000,0006,FF82,8E
2025-09-30 16:24:56,2025-09-30 16:24:56,2025-09-30 16:24:56,4675529076,1201,01,02,83,123,30,13345,0F,1,16,0.6,00,38,110,629.7,-28.2363306,-52.4275106,602.0,00092F80,0001800F,00003421,1900034A,00000000,00000000,00000000,00000000,00000028,03F81DAD,00000000,00000000,00000000,00000000,00000000,00000000,0006,FFA1,8F
2025-09-30 16:27:56,2025-09-30 16:27:56,2025-09-30 16:27:56,4675529076,1202,01,02,83,123,30,13254,0F,1,14,0.7,00,52,63,669.2,-28.2316004,-52.4024015,604.6,0009398F,0001800F,000033C6,1900034A,00000000,00000000,00000000,00000000,00000028,03F81DAD,00000000,00000000,00000000,00000000,00000000,00000000,0006,FF9D,8F
2025-09-30 16:30:56,2025-09-30 16:30:56,2025-09-30 16:30:56,4675529076,1203,01,02,83,123,30,13284,0F,1,16,0.6,00,53,171,698.0,-28.2408128,-52.387814,606.8,00094220,0001800F,000033E4,1900034A,00000000,00000000,00000000,00000000,00000028,03F81DAD,00000000,00000000,00000000,00000000,00000000,00000000,0006,FFA6,8F
2025-09-30 16:33:56,2025-09-30 16:33:56,2025-09-30 16:33:56,4675529076,1204,01,02,83,123,30,13132,0F,1,13,0.8,00,3,322,683.2,-28.2361996,-52.3934267,607.8,0009463A,0001800F,0000334C,1900034A,00000000,00000000,00000000,00000000,00000028,03F81DAD,00000000,00000000,00000000,00000000,00000000,00000000,0006,FFB1,8F
2025-09-30 16:36:56,2025-09-30 16:36:56,2025-09-30 16:36:56,4675529076,1205,01,02,83,123,30,13224,0F,1,15,0.7,00,15,257,675.0,-28.2350914,-52.3969992,608.3,00094802,0001800F,000033A8,1900034A,00000000,00000000,00000000,00000000,00000028,03F81DAD,00000000,00000000,00000000,00000000,00000000,00000000,0006,FFAB,8F
2025-09-30 16:38:58,2025-09-30 16:38:57,2025-09-30 16:38:57,4675529076,1206,01,02,83,255,45,12676,0E,0,16,0.6,00,0,346,663.4,-28.2394377,-52.3989761,609.0,00094ADE,0001800E,00003184,1900034A,00000000,00000000,00000000,00000000,00000000,00000000,00000000,00000000,00000000,00000000,00000000,00000000,0006,FF9A,8F
2025-09-30 16:38:59,2025-09-30 16:38:59,2025-09-30 16:38:59,4675529076,1207,01,02,83,128,20,12646,0E,0,16,0.6,00,0,346,663.5,-28.2394377,-52.3989752,609.0,00094ADE,0001800E,00003166,1900034A,00000000,00000000,00000000,00000000,00000000,00000000,00000000,00000000,00000000,00000000,00000000,00000000,0006,FF9A,8F
2025-09-30 17:39:17,2025-09-30 16:43:59,2025-09-30 16:43:59,4675529076,1208,01,02,83,75,27,12676,0E,0,16,0.6,20,0,346,666.4,-28.2394453,-52.3989851,609.0,00094ADE,0001800E,00003184,1900034A,00000000,00000000,00000000,00000000,00000000,00000000,00000000,00000000,00000000,00000000,00000000,00000000,0006,FF9D,8F
2025-09-30 17:44:04,2025-09-30 17:44:03,2025-09-30 17:44:03,4675529076,1209,01,02,83,75,27,12676,0E,0,13,0.8,00,0,343,664.5,-28.2395029,-52.3989935,609.0,00094ADE,0001800E,00003184,1900034A,00000000,00000000,00000000,00000000,00000000,00000000,00000000,00000000,00000000,00000000,00000000,00000000,0006,FF9B,8F
2025-09-30 18:44:07,2025-09-30 18:44:06,2025-09-30 18:44:06,4675529076,1210,01,02,83,75,27,12646,0E,0,12,0.8,00,0,0,683.4,-28.2394936,-52.3990258,609.0,00094ADE,0001800E,00003166,1900034A,00000000,00000000,00000000,00000000,00000000,00000000,00000000,00000000,00000000,00000000,00000000,00000000,0006,FF9E,8F
2025-09-30 19:39:23,2025-09-30 18:44:06,2025-09-30 18:44:06,4675529076,1210,01,02,83,75,27,12646,0E,0,12,0.8,20,0,0,683.4,-28.2394936,-52.3990258,609.0,00094ADE,0001800E,00003166,1900034A,00000000,00000000,00000000,00000000,00000000,00000000,00000000,00000000,00000000,00000000,00000000,00000000,0006,FF9E,8F
2025-09-30 19:44:09,2025-09-30 19:44:09,2025-09-30 19:44:09,4675529076,1211,01,02,83,75,27,12646,0E,0,13,0.7,00,0,273,657.7,-28.2394875,-52.3989743,609.0,00094ADE,0001800E,00003166,1900034A,00000000,00000000,00000000,00000000,00000000,00000000,00000000,00000000,00000000,00000000,00000000,00000000,0006,FF9F,8F
2025-09-30 21:39:30,2025-09-30 20:44:12,2025-09-30 20:44:12,4675529076,1212,01,02,83,75,27,12616,0E,0,13,0.8,20,0,33,665.5,-28.2394513,-52.398963,609.0,00094ADE,0001800E,00003148,1900034A,00000000,00000000,00000000,00000000,00000000,00000000,00000000,00000000,00000000,00000000,00000000,00000000,0006,FF9F,8F
2025-09-30 21:44:16,2025-09-30 21:44:16,2025-09-30 21:44:16,4675529076,1213,01,02,83,75,27,12585,0E,0,16,0.7,00,0,0,668.9,-28.2394863,-52.3989111,609.0,00094ADE,0001800E,00003129,1900034A,00000000,00000000,00000000,00000000,00000000,00000000,00000000,00000000,00000000,00000000,00000000,00000000,0006,FF9E,8F
2025-09-30 23:39:38,2025-09-30 22:44:20,2025-09-30 22:44:20,4675529076,1214,01,02,83,75,27,12585,0E,0,18,0.6,20,0,0,661.8,-28.2394491,-52.3989385,609.0,00094ADE,0001800E,00003129,1900034A,00000000,00000000,00000000,00000000,00000000,00000000,00000000,00000000,00000000,00000000,00000000,00000000,0006,FF9F,8F
2025-09-30 23:44:24,2025-09-30 23:44:24,2025-09-30 23:44:24,4675529076,1215,01,02,83,75,27,12555,0E,0,18,0.6,00,0,159,682.7,-28.2394713,-52.3989877,609.0,00094ADE,0001800E,0000310B,1900034A,00000000,00000000,00000000,00000000,00000000,00000000,00000000,00000000,00000000,00000000,00000000,00000000,0006,FF9F,8F
2025-10-01 14:22:12,2025-10-01 13:25:15,2025-10-01 13:25:15,4675529076,1241,01,02,83,75,27,12433,0E,0,17,0.6,20,0,0,613.3,-28.2502909,-52.5826844,630.6,00099F68,0001800E,00003091,1900034A,00000000,00000000,00000000,00000000,00000000,00000000,00000000,00000000,00000000,00000000,00000000,00000000,0006,FFA0,0F
2025-10-01 14:25:20,2025-10-01 14:25:19,2025-10-01 14:25:19,4675529076,1242,01,02,83,75,27,12433,0E,0,17,0.6,00,0,0,608.4,-28.250276,-52.582712,630.6,00099F68,0001800E,00003091,1900034A,00000000,00000000,00000000,00000000,00000000,00000000,00000000,00000000,00000000,00000000,00000000,00000000,0006,FFA6,0F
2025-10-01 17:25:01,2025-10-01 15:25:23,2025-10-01 15:25:23,4675529076,1243,01,02,83,75,27,12403,0E,0,15,0.7,20,0,0,609.6,-28.2502784,-52.5826972,630.6,00099F68,0001800E,00003073,1900034A,00000000,00000000,00000000,00000000,00000000,00000000,00000000,00000000,00000000,00000000,00000000,00000000,0005,0000,00
2025-10-01 17:25:02,2025-10-01 16:25:26,2025-10-01 16:24:56,4675529076,1244,01,02,83,75,27,12464,0E,0,16,0.6,20,0,0,616.0,-28.2502747,-52.5826806,630.6,00099F68,0001800E,000030B0,1900034A,00000000,00000000,00000000,00000000,00000000,00000000,00000000,00000000,00000000,00000000,00000000,00000000,0006,0000,00
2025-10-01 17:25:03,2025-10-01 17:20:41,2025-10-01 17:20:41,4675529076,1245,01,02,83,112,21,11704,0F,1,10,0.9,20,0,273,611.2,-28.2503292,-52.582672,630.6,00099F68,0001800F,00002DB8,1900034A,00000000,00000000,00000000,00000000,00000000,00000000,00000000,00000000,00000000,00000000,00000000,00000000,0000,FFAB,00
2025-10-01 17:25:04,2025-10-01 17:20:48,2025-10-01 17:20:48,4675529076,1246,01,02,83,255,44,13588,0F,1,10,0.9,20,0,202,610.9,-28.2503197,-52.5826699,630.6,00099F68,0001800F,00003514,1900034A,00000000,00000000,00000000,00000000,0000000D,0180E87F,00000000,00000000,00000000,00000000,00000000,00000000,0000,FFAB,00
2025-10-01 17:25:05,2025-10-01 17:23:40,2025-10-01 17:23:40,4675529076,1247,01,02,83,123,30,13680,2F,1,13,0.7,20,95,94,570.8,-28.2425804,-52.5584459,633.3,0009A9A8,0001802F,00003570,1900034A,00000000,00000000,00000000,00000000,0000000D,0180E87F,00000000,00000000,00000000,00000000,00000000,00000000,0006,FF9F,00
2025-10-01 17:26:41,2025-10-01 17:26:40,2025-10-01 17:26:40,4675529076,1248,01,02,83,123,30,13467,0F,1,14,0.7,00,67,64,636.8,-28.23045,-52.5195174,637.4,0009BA05,0001800F,0000349B,1900034A,00000000,00000000,00000000,00000000,0000000D,0180E87F,00000000,00000000,00000000,00000000,00000000,00000000,0006,FFC1,0F
2025-10-01 17:29:41,2025-10-01 17:29:40,2025-10-01 17:29:40,4675529076,1249,01,02,83,123,30,13497,0F,1,14,0.7,00,49,83,660.1,-28.2277804,-52.4839173,641.1,0009C840,0001800F,000034B9,1900034A,00000000,00000000,00000000,00000000,0000000D,0180E87F,00000000,00000000,00000000,00000000,00000000,00000000,0006,FFAD,0F
2025-10-01 17:32:41,2025-10-01 17:32:40,2025-10-01 17:32:40,4675529076,1250,01,02,83,123,30,13528,2F,1,11,0.9,00,83,117,675.2,-28.2280257,-52.4567653,643.9,0009D332,0001802F,000034D8,1900034A,00000000,00000000,00000000,00000000,0000000D,0180E87F,00000000,00000000,00000000,00000000,00000000,00000000,0006,FFA2,8F
2025-10-01 17:35:41,2025-10-01 17:35:40,2025-10-01 17:35:40,4675529076,1251,01,02,83,123,30,13467,0F,1,15,0.7,00,30,111,656.2,-28.238081,-52.4379063,646.2,0009DC37,0001800F,0000349B,1900034A,00000000,00000000,00000000,00000000,0000000D,0180E87F,00000000,00000000,00000000,00000000,00000000,00000000,0006,FF91,8F
2025-10-01 17:38:41,2025-10-01 17:38:40,2025-10-01 17:38:40,4675529076,1252,01,02,83,123,30,13254,0F,1,14,0.7,00,0,326,651.5,-28.2382827,-52.4344246,646.7,0009DDFB,0001800F,000033C6,1900034A,00000000,00000000,00000000,00000000,0000000D,0180E87F,00000000,00000000,00000000,00000000,00000000,00000000,0006,FFA3,8F
2025-10-01 17:39:30,2025-10-01 17:39:30,2025-10-01 17:39:30,4675529076,1253,01,02,83,255,45,12646,0E,0,14,0.7,00,0,46,652.3,-28.2382008,-52.4342554,646.7,0009DE12,0001800E,00003166,1900034A,00000000,00000000,00000000,00000000,00000000,00000000,00000000,00000000,00000000,00000000,00000000,00000000,0006,FF93,8F
2025-10-01 17:39:32,2025-10-01 17:39:31,2025-10-01 17:39:31,4675529076,1254,01,02,83,128,20,12646,0E,0,14,0.7,00,0,46,652.1,-28.238203,-52.4342541,646.7,0009DE12,0001800E,00003166,1900034A,00000000,00000000,00000000,00000000,00000000,00000000,00000000,00000000,00000000,00000000,00000000,00000000,0006,FF93,8F
2025-10-01 18:20:03,2025-10-01 18:19:44,2025-10-01 17:44:41,4675529076,1256,01,02,83,112,21,11977,0F,1,11,0.8,24,0,51,653.9,-28.2382003,-52.4342243,646.7,0009DE12,0001800F,00002EC9,1900034A,00000000,00000000,00000000,00000000,00000000,00000000,00000000,00000000,00000000,00000000,00000000,00000000,0000,0000,00
2025-10-01 18:20:03,2025-10-01 17:44:31,2025-10-01 17:44:31,4675529076,1255,01,02,83,75,27,12616,0E,0,12,0.8,20,0,51,653.9,-28.2382004,-52.4342242,646.7,0009DE12,0001800E,00003148,1900034A,00000000,00000000,00000000,00000000,00000000,00000000,00000000,00000000,00000000,00000000,00000000,00000000,0006,FF95,8F
2025-10-01 18:20:42,2025-10-01 18:20:42,2025-10-01 18:20:42,4675529076,1257,01,02,83,255,45,12585,0E,0,7,1.1,00,0,135,658.7,-28.2382999,-52.4343658,646.7,0009DE1F,0001800E,00003129,1900034A,00000000,00000000,00000000,00000000,00000000,00000000,00000000,00000000,00000000,00000000,00000000,00000000,0006,FF9B,8F
2025-10-01 18:20:43,2025-10-01 18:20:43,2025-10-01 18:20:43,4675529076,1258,01,02,83,128,20,12524,0E,0,7,1.1,00,0,135,658.7,-28.2382999,-52.4343658,646.7,0009DE1F,0001800E,000030EC,1900034A,00000000,00000000,00000000,00000000,00000000,00000000,00000000,00000000,00000000,00000000,00000000,00000000,0006,FF9B,8F
2025-10-01 18:24:20,2025-10-01 18:24:20,2025-10-01 18:24:20,4675529076,1259,01,02,83,112,21,12281,0F,1,10,1.1,00,0,135,668.0,-28.2383016,-52.4343921,646.7,0009DE1F,0001800F,00002FF9,1900034A,00000000,00000000,00000000,00000000,00000000,00000000,00000000,00000000,00000000,00000000,00000000,00000000,0006,FF98,8F
2025-10-01 18:24:30,2025-10-01 18:24:30,2025-10-01 18:24:30,4675529076,1260,01,02,83,255,44,12038,0F,1,10,1.2,00,0,135,668.0,-28.2383015,-52.434392,646.7,0009DE1F,0001800F,00002F06,1900034A,00000000,00000000,00000000,00000000,0000000D,0180E87F,00000000,00000000,00000000,00000000,00000000,00000000,0006,FF9A,8F
2025-10-01 18:27:20,2025-10-01 18:27:20,2025-10-01 18:27:20,4675529076,1261,01,02,83,123,30,13558,0F,1,11,0.8,00,64,83,639.0,-28.236346,-52.422262,648.2,0009E431,0001800F,000034F6,1900034A,00000000,00000000,00000000,00000000,0000000D,0180E87F,00000000,00000000,00000000,00000000,00000000,00000000,0006,FF9C,8F
2025-10-01 18:30:20,2025-10-01 18:30:20,2025-10-01 18:30:20,4675529076,1262,01,02,83,123,30,13497,0F,1,9,1.2,00,56,118,663.9,-28.2314535,-52.3935969,651.2,0009EFBA,0001800F,000034B9,1900034A,00000000,00000000,00000000,00000000,0000000D,0180E87F,00000000,00000000,00000000,00000000,00000000,00000000,0006,FFA4,8F
2025-10-01 18:33:20,2025-10-01 18:33:20,2025-10-01 18:33:20,4675529076,1263,01,02,83,123,30,13345,0F,1,11,0.9,00,3,98,670.3,-28.2395343,-52.3988275,652.9,0009F650,0001800F,00003421,1900034A,00000000,00000000,00000000,00000000,0000000D,0180E87F,00000000,00000000,00000000,00000000,00000000,00000000,0006,FF9E,8F
2025-10-01 18:33:53,2025-10-01 18:33:53,2025-10-01 18:33:53,4675529076,1264,01,02,83,255,45,12464,0E,0,10,0.9,00,0,259,666.0,-28.2395533,-52.3989136,652.9,0009F656,0001800E,000030B0,1900034A,00000000,00000000,00000000,00000000,00000000,00000000,00000000,00000000,00000000,00000000,00000000,00000000,0006,FF9D,8F
2025-10-01 18:33:55,2025-10-01 18:33:55,2025-10-01 18:33:55,4675529076,1265,01,02,83,128,20,12464,0E,0,11,0.9,00,0,259,666.0,-28.2395533,-52.3989136,652.9,0009F656,0001800E,000030B0,1900034A,00000000,00000000,00000000,00000000,00000000,00000000,00000000,00000000,00000000,00000000,00000000,00000000,0006,FF9D,8F
2025-10-01 18:37:12,2025-10-01 18:37:12,2025-10-01 18:37:12,4675529076,1266,01,02,83,112,21,11795,0F,1,14,0.7,00,0,259,669.8,-28.2395891,-52.3989256,652.9,0009F656,0001800F,00002E13,1900034A,00000000,00000000,00000000,00000000,00000000,00000000,00000000,00000000,00000000,00000000,00000000,00000000,0006,FF9E,8F
2025-10-01 18:37:25,2025-10-01 18:37:25,2025-10-01 18:37:25,4675529076,1267,01,02,83,255,45,12494,0E,0,14,0.7,00,0,259,671.8,-28.2395823,-52.3989336,652.9,0009F656,0001800E,000030CE,1900034A,00000000,00000000,00000000,00000000,00000000,00000000,00000000,00000000,00000000,00000000,00000000,00000000,0006,FF9D,8F
2025-10-01 18:37:26,2025-10-01 18:37:26,2025-10-01 18:37:26,4675529076,1268,01,02,83,128,20,12494,0E,0,14,0.7,00,0,259,671.8,-28.2395823,-52.3989334,652.9,0009F656,0001800E,000030CE,1900034A,00000000,00000000,00000000,00000000,00000000,00000000,00000000,00000000,00000000,00000000,00000000,00000000,0006,FF9D,8F
2025-10-01 18:42:26,2025-10-01 18:42:26,2025-10-01 18:42:26,4675529076,1269,01,02,83,75,27,12494,0E,0,15,0.7,00,0,259,673.2,-28.2395879,-52.3989217,652.9,0009F656,0001800E,000030CE,1900034A,00000000,00000000,00000000,00000000,00000000,00000000,00000000,00000000,00000000,00000000,00000000,00000000,0006,FF9D,8F
2025-10-01 19:37:44,2025-10-01 18:42:26,2025-10-01 18:42:26,4675529076,1269,01,02,83,75,27,12494,0E,0,15,0.7,20,0,259,673.2,-28.2395879,-52.3989217,652.9,0009F656,0001800E,000030CE,1900034A,00000000,00000000,00000000,00000000,00000000,00000000,00000000,00000000,00000000,00000000,00000000,00000000,0006,FF9D,8F
2025-10-01 19:42:30,2025-10-01 19:42:29,2025-10-01 19:42:29,4675529076,1270,01,02,83,75,27,12494,0E,0,15,0.7,00,0,38,659.2,-28.2395761,-52.3989099,652.9,0009F656,0001800E,000030CE,1900034A,00000000,00000000,00000000,00000000,00000000,00000000,00000000,00000000,00000000,00000000,00000000,00000000,0006,FFA0,8F
2025-10-01 21:37:49,2025-10-01 20:42:32,2025-10-01 20:42:32,4675529076,1271,01,02,83,75,27,12464,0E,0,14,0.7,20,0,0,677.9,-28.2396496,-52.3988832,652.9,0009F656,0001800E,000030B0,1900034A,00000000,00000000,00000000,00000000,00000000,00000000,00000000,00000000,00000000,00000000,00000000,00000000,0006,FFA1,8F
2025-10-01 21:42:35,2025-10-01 21:42:35,2025-10-01 21:42:35,4675529076,1272,01,02,83,75,27,12494,0E,0,18,0.6,00,0,0,680.9,-28.2396182,-52.3989074,652.9,0009F656,0001800E,000030CE,1900034A,00000000,00000000,00000000,00000000,00000000,00000000,00000000,00000000,00000000,00000000,00000000,00000000,0006,FFA1,8F
2025-10-01 22:21:36,2025-10-01 22:21:29,2025-10-01 21:42:45,4675529076,1273,01,02,83,112,21,11734,0F,1,18,0.6,24,0,223,683.3,-28.23962,-52.3989051,652.9,0009F656,0001800F,00002DD6,1900034A,00000000,00000000,00000000,00000000,00000000,00000000,00000000,00000000,00000000,00000000,00000000,00000000,0000,0000,00
2025-10-01 22:22:28,2025-10-01 22:22:28,2025-10-01 22:22:28,4675529076,1274,01,02,83,255,45,12676,0E,0,10,0.9,00,0,255,681.7,-28.2404638,-52.4002088,653.1,0009F746,0001800E,00003184,1900034A,00000000,00000000,00000000,00000000,00000000,00000000,00000000,00000000,00000000,00000000,00000000,00000000,0006,FF9D,8F
2025-10-01 22:22:29,2025-10-01 22:22:29,2025-10-01 22:22:29,4675529076,1275,01,02,83,128,20,12676,0E,0,10,0.9,00,0,255,681.2,-28.2404628,-52.4001954,653.1,0009F746,0001800E,00003184,1900034A,00000000,00000000,00000000,00000000,00000000,00000000,00000000,00000000,00000000,00000000,00000000,00000000,0006,FF9D,8F
2025-10-01 22:24:38,2025-10-01 22:24:38,2025-10-01 22:24:38,4675529076,1276,01,02,83,112,21,11734,0F,1,17,0.6,00,0,255,683.1,-28.24047,-52.4001599,653.1,0009F746,0001800F,00002DD6,1900034A,00000000,00000000,00000000,00000000,00000000,00000000,00000000,00000000,00000000,00000000,00000000,00000000,0006,FF9F,8F
2025-10-01 22:26:00,2025-10-01 22:26:00,2025-10-01 22:26:00,4675529076,1277,01,02,83,255,45,12737,0E,0,17,0.7,00,0,189,677.1,-28.2395206,-52.3989379,653.4,0009F882,0001800E,000031C1,1900034A,00000000,00000000,00000000,00000000,00000000,00000000,00000000,00000000,00000000,00000000,00000000,00000000,0006,FF9B,8F
2025-10-01 22:26:01,2025-10-01 22:26:01,2025-10-01 22:26:01,4675529076,1278,01,02,83,128,20,12737,0E,0,17,0.7,00,0,189,677.1,-28.2395206,-52.3989379,653.4,0009F882,0001800E,000031C1,1900034A,00000000,00000000,00000000,00000000,00000000,00000000,00000000,00000000,00000000,00000000,00000000,00000000,0006,FF9B,8F
2025-10-01 22:31:01,2025-10-01 22:31:01,2025-10-01 22:31:01,4675529076,1279,01,02,83,75,27,12524,0E,0,15,0.7,00,0,189,677.9,-28.2395191,-52.3989501,653.4,0009F882,0001800E,000030EC,1900034A,00000000,00000000,00000000,00000000,00000000,00000000,00000000,00000000,00000000,00000000,00000000,00000000,0006,FFA1,8F
2025-10-01 23:26:19,2025-10-01 22:31:01,2025-10-01 22:31:01,4675529076,1279,01,02,83,75,27,12524,0E,0,15,0.7,20,0,189,677.9,-28.2395191,-52.3989501,653.4,0009F882,0001800E,000030EC,1900034A,00000000,00000000,00000000,00000000,00000000,00000000,00000000,00000000,00000000,00000000,00000000,00000000,0006,FFA1,8F
2025-10-01 23:31:05,2025-10-01 23:31:05,2025-10-01 23:31:05,4675529076,1280,01,02,83,75,27,12464,0E,0,16,0.6,00,0,301,665.9,-28.2395565,-52.3989964,653.4,0009F882,0001800E,000030B0,1900034A,00000000,00000000,00000000,00000000,00000000,00000000,00000000,00000000,00000000,00000000,00000000,00000000,0006,FFA1,8F
2025-10-02 14:46:42,2025-10-02 13:51:24,2025-10-02 13:51:24,4675529076,1319,01,02,83,75,27,12494,0E,0,10,0.9,20,0,0,661.7,-28.2382143,-52.434252,691.4,000A8CDA,0001800E,000030CE,1900034A,00000000,00000000,00000000,00000000,00000000,00000000,00000000,00000000,00000000,00000000,00000000,00000000,0006,FF9A,8F
2025-10-02 14:51:28,2025-10-02 14:51:28,2025-10-02 14:51:28,4675529076,1320,01,02,83,75,27,12494,0E,0,11,0.8,00,0,326,655.3,-28.2381874,-52.4342678,691.4,000A8CDA,0001800E,000030CE,1900034A,00000000,00000000,00000000,00000000,00000000,00000000,00000000,00000000,00000000,00000000,00000000,00000000,0006,FF9B,8F
2025-10-02 15:51:32,2025-10-02 15:51:32,2025-10-02 15:51:32,4675529076,1321,01,02,83,75,27,12464,0E,0,10,1.0,00,0,0,665.4,-28.2382075,-52.4342607,691.4,000A8CDA,0001800E,000030B0,1900034A,00000000,00000000,00000000,00000000,00000000,00000000,00000000,00000000,00000000,00000000,00000000,00000000,0006,FF9B,8F
2025-10-02 16:46:50,2025-10-02 15:51:32,2025-10-02 15:51:32,4675529076,1321,01,02,83,75,27,12464,0E,0,10,1.0,20,0,0,665.4,-28.2382075,-52.4342607,691.4,000A8CDA,0001800E,000030B0,1900034A,00000000,00000000,00000000,00000000,00000000,00000000,00000000,00000000,00000000,00000000,00000000,00000000,0006,FF9B,8F
2025-10-02 16:51:36,2025-10-02 16:51:35,2025-10-02 16:51:35,4675529076,1322,01,02,83,75,27,12433,0E,0,12,0.8,00,0,69,652.9,-28.238261,-52.434255,691.4,000A8CDA,0001800E,00003091,1900034A,00000000,00000000,00000000,00000000,00000000,00000000,00000000,00000000,00000000,00000000,00000000,00000000,0006,FF9C,8F
2025-10-02 17:05:15,2025-10-02 17:05:15,2025-10-02 17:05:15,4675529076,1323,01,02,83,75,27,12433,0E,0,14,0.7,00,0,123,652.9,-28.2382559,-52.4342331,691.4,000A8CDA,0001800E,00003091,1900034A,00000000,00000000,00000000,00000000,00000000,00000000,00000000,00000000,00000000,00000000,00000000,00000000,0006,FF9C,8F
2025-10-02 18:05:19,2025-10-02 18:05:19,2025-10-02 18:05:19,4675529076,1324,01,02,83,75,27,12433,0E,0,12,0.8,00,0,0,660.8,-28.2382356,-52.4342782,691.4,000A8CDA,0001800E,00003091,1900034A,00000000,00000000,00000000,00000000,00000000,00000000,00000000,00000000,00000000,00000000,00000000,00000000,0006,FF9A,8F
2025-10-02 19:00:36,2025-10-02 18:05:19,2025-10-02 18:05:19,4675529076,1324,01,02,83,75,27,12433,0E,0,12,0.8,20,0,0,660.8,-28.2382356,-52.4342782,691.4,000A8CDA,0001800E,00003091,1900034A,00000000,00000000,00000000,00000000,00000000,00000000,00000000,00000000,00000000,00000000,00000000,00000000,0006,FF9A,8F
2025-10-02 19:05:22,2025-10-02 19:05:22,2025-10-02 19:05:22,4675529076,1325,01,02,83,75,27,12433,0E,0,12,0.8,00,0,0,660.2,-28.2382204,-52.4342886,691.4,000A8CDA,0001800E,00003091,1900034A,00000000,00000000,00000000,00000000,00000000,00000000,00000000,00000000,00000000,00000000,00000000,00000000,0006,FF9A,8F
2025-10-02 19:15:34,2025-10-02 19:15:29,2025-10-02 19:05:32,4675529076,1326,01,02,83,112,21,11673,0F,1,12,0.8,24,0,0,660.4,-28.2382209,-52.4342886,691.4,000A8CDA,0001800F,00002D99,1900034A,00000000,00000000,00000000,00000000,00000000,00000000,00000000,00000000,00000000,00000000,00000000,00000000,0000,0000,00
2025-10-02 19:15:35,2025-10-02 19:15:30,2025-10-02 19:05:32,4675529076,1327,01,02,83,255,44,11552,0F,1,12,0.8,24,0,0,660.4,-28.2382209,-52.4342886,691.4,000A8CDA,0001800F,00002D20,1900034A,00000000,00000000,00000000,00000000,0000000D,0180E87F,00000000,00000000,00000000,00000000,00000000,00000000,0000,0000,00
2025-10-02 19:18:31,2025-10-02 19:18:30,2025-10-02 19:18:30,4675529076,1328,01,02,83,123,30,13467,2F,1,13,0.8,00,33,94,642.0,-28.2396172,-52.4314733,691.8,000A8E65,0001802F,0000349B,1900034A,00000000,00000000,00000000,00000000,0000000D,0180E87F,00000000,00000000,00000000,00000000,00000000,00000000,0006,FF99,8F
2025-10-02 19:21:31,2025-10-02 19:21:30,2025-10-02 19:21:30,4675529076,1329,01,02,83,123,30,13345,0F,1,14,0.7,00,57,67,637.5,-28.2359509,-52.4183017,693.4,000A947C,0001800F,00003421,1900034A,00000000,00000000,00000000,00000000,0000000D,0180E87F,00000000,00000000,00000000,00000000,00000000,00000000,0006,FFB4,8F
2025-10-02 19:24:30,2025-10-02 19:24:30,2025-10-02 19:24:30,4675529076,1330,01,02,83,123,30,13315,2F,1,14,0.7,00,50,217,661.3,-28.2334258,-52.3920524,696.3,000A9FD9,0001802F,00003403,1900034A,00000000,00000000,00000000,00000000,0000000D,0180E87F,00000000,00000000,00000000,00000000,00000000,00000000,0006,FFB7,8F
2025-10-02 19:27:31,2025-10-02 19:27:30,2025-10-02 19:27:30,4675529076,1331,01,02,83,123,30,13224,0F,1,14,0.7,00,0,168,666.4,-28.2393315,-52.3989003,697.6,000AA4FF,0001800F,000033A8,1900034A,00000000,00000000,00000000,00000000,0000000D,0180E87F,00000000,00000000,00000000,00000000,00000000,00000000,0006,FF9E,8F
2025-10-02 19:28:12,2025-10-02 19:28:12,2025-10-02 19:28:12,4675529076,1332,01,02,83,255,45,12494,0E,0,14,0.7,00,0,276,667.9,-28.2395145,-52.3989355,697.6,000AA51A,0001800E,000030CE,1900034A,00000000,00000000,00000000,00000000,00000000,00000000,00000000,00000000,00000000,00000000,00000000,00000000,0006,FF9B,8F
2025-10-02 19:28:13,2025-10-02 19:28:13,2025-10-02 19:28:13,4675529076,1333,01,02,83,128,20,12524,0E,0,14,0.7,00,0,276,667.8,-28.2395113,-52.3989361,697.6,000AA51A,0001800E,000030EC,1900034A,00000000,00000000,00000000,00000000,00000000,00000000,00000000,00000000,00000000,00000000,00000000,00000000,0006,FF9E,8F
2025-10-02 19:33:13,2025-10-02 19:33:13,2025-10-02 19:33:13,4675529076,1334,01,02,83,75,27,12555,0E,0,14,0.7,00,0,276,665.6,-28.2395678,-52.3989705,697.6,000AA51A,0001800E,0000310B,1900034A,00000000,00000000,00000000,00000000,00000000,00000000,00000000,00000000,00000000,00000000,00000000,00000000,0006,FF9D,8F
2025-10-02 20:08:06,2025-10-02 20:08:03,2025-10-02 19:33:23,4675529076,1335,01,02,83,112,21,11764,0F,1,15,0.7,24,0,276,665.4,-28.2395677,-52.3989705,697.6,000AA51A,0001800F,00002DF4,1900034A,00000000,00000000,00000000,00000000,00000000,00000000,00000000,00000000,00000000,00000000,00000000,00000000,0000,0000,00
2025-10-02 20:08:06,2025-10-02 19:33:13,2025-10-02 19:33:13,4675529076,1334,01,02,83,75,27,12555,0E,0,14,0.7,20,0,276,665.6,-28.2395678,-52.3989705,697.6,000AA51A,0001800E,0000310B,1900034A,00000000,00000000,00000000,00000000,00000000,00000000,00000000,00000000,00000000,00000000,00000000,00000000,0006,FF9D,8F
2025-10-02 20:08:10,2025-10-02 20:08:10,2025-10-02 20:08:10,4675529076,1336,01,02,83,255,44,11886,0F,1,15,0.7,00,0,0,665.4,-28.2394976,-52.3989622,697.6,000AA51F,0001800F,00002E6E,1900034A,00000000,00000000,00000000,00000000,00000027,00F03B20,00000000,00000000,00000000,00000000,00000000,00000000,0006,FF9A,8F
2025-10-02 20:11:04,2025-10-02 20:11:04,2025-10-02 20:11:04,4675529076,1337,01,02,83,123,30,13315,2F,1,16,0.6,00,50,296,670.1,-28.23241,-52.3915829,699.1,000AAAEF,0001802F,00003403,1900034A,00000000,00000000,00000000,00000000,00000027,00F03B20,00000000,00000000,00000000,00000000,00000000,00000000,0006,FFB3,8F
2025-10-02 20:14:05,2025-10-02 20:14:04,2025-10-02 20:14:04,4675529076,1338,01,02,83,123,30,13315,0F,1,16,0.6,00,47,261,627.8,-28.2364433,-52.423425,702.4,000AB7D2,0001800F,00003403,1900034A,00000000,00000000,00000000,00000000,00000027,00F03B20,00000000,00000000,00000000,00000000,00000000,00000000,0006,FFB0,0F
2025-10-02 20:19:05,2025-10-02 20:17:04,2025-10-02 20:17:04,4675529076,1339,01,02,83,123,30,13254,0F,1,16,0.6,20,43,300,653.0,-28.2231318,-52.4536983,705.8,000AC4F0,0001800F,000033C6,1900034A,00000000,00000000,00000000,00000000,00000027,00F03B20,00000000,00000000,00000000,00000000,00000000,00000000,0006,FF90,80
2025-10-02 20:20:04,2025-10-02 20:20:04,2025-10-02 20:20:04,4675529076,1340,01,02,83,123,30,13284,0F,1,16,0.6,00,50,241,671.5,-28.2258467,-52.4757147,708.2,000ACE64,0001800F,000033E4,1900034A,00000000,00000000,00000000,00000000,00000027,00F03B20,00000000,00000000,00000000,00000000,00000000,00000000,0006,FF8F,8F
2025-10-02 20:23:04,2025-10-02 20:23:04,2025-10-02 20:23:04,4675529076,1341,01,02,83,123,30,13193,0F,1,15,0.7,00,47,161,622.8,-28.2372863,-52.4679989,710.6,000AD7DE,0001800F,00003389,1900034A,00000000,00000000,00000000,00000000,00000027,00F03B20,00000000,00000000,00000000,00000000,00000000,00000000,0006,FF96,8F
2025-10-02 20:26:04,2025-10-02 20:26:04,2025-10-02 20:24:34,4675529076,1342,01,02,83,123,30,13224,0F,1,14,0.7,04,50,133,612.8,-28.2489301,-52.46093,712.1,000ADDA0,0001800F,000033A8,1900034A,00000000,00000000,00000000,00000000,00000027,00F03B20,00000000,00000000,00000000,00000000,00000000,00000000,0006,FF93,8F
2025-10-02 20:29:04,2025-10-02 20:29:04,2025-10-02 20:29:04,4675529076,1343,01,02,83,123,30,13224,2F,1,15,0.7,00,30,207,621.8,-28.2648633,-52.4573717,714.5,000AE704,0001802F,000033A8,1900034A,00000000,00000000,00000000,00000000,00000027,00F03B20,00000000,00000000,00000000,00000000,00000000,00000000,0006,FF7F,8F
2025-10-02 20:32:04,2025-10-02 20:32:04,2025-10-02 20:32:04,4675529076,1344,01,02,83,123,30,13011,0F,1,14,0.7,00,4,231,667.2,-28.2715352,-52.4494273,715.9,000AEC7A,0001800F,000032D3,1900034A,00000000,00000000,00000000,00000000,00000027,00F03B20,00000000,00000000,00000000,00000000,00000000,00000000,0006,FF88,8F
2025-10-02 20:35:04,2025-10-02 20:35:04,2025-10-02 20:35:04,4675529076,1345,01,02,83,123,30,12768,2F,1,14,0.7,00,0,44,656.3,-28.2679034,-52.4431393,716.9,000AF05F,0001802F,000031E0,1900034A,00000000,00000000,00000000,00000000,00000027,00F03B20,00000000,00000000,00000000,00000000,00000000,00000000,0006,FF9F,8F
2025-10-02 20:38:04,2025-10-02 20:38:04,2025-10-02 20:38:04,4675529076,1346,01,02,83,123,30,12950,0F,1,16,0.7,00,2,9,620.4,-28.2560811,-52.4424254,718.4,000AF635,0001800F,00003296,1900034A,00000000,00000000,00000000,00000000,00000027,00F03B20,00000000,00000000,00000000,00000000,00000000,00000000,0006,FF90,8F
2025-10-02 20:41:04,2025-10-02 20:41:04,2025-10-02 20:41:04,4675529076,1347,01,02,83,123,30,13132,0F,1,16,0.7,00,28,338,631.1,-28.2511367,-52.4369139,719.3,000AF9BA,0001800F,0000334C,1900034A,00000000,00000000,00000000,00000000,00000027,00F03B20,00000000,00000000,00000000,00000000,00000000,00000000,0006,FF9A,8F
2025-10-02 20:44:04,2025-10-02 20:44:04,2025-10-02 20:44:04,4675529076,1348,01,02,83,123,30,13163,0F,1,15,0.7,00,15,104,661.3,-28.2426843,-52.4330684,720.6,000AFF0A,0001800F,0000336B,1900034A,00000000,00000000,00000000,00000000,00000027,00F03B20,00000000,00000000,00000000,00000000,00000000,00000000,0006,FFA3,8F
2025-10-02 20:47:04,2025-10-02 20:47:04,2025-10-02 20:47:04,4675529076,1349,01,02,83,123,30,13132,0F,1,14,0.8,00,58,82,635.6,-28.2364886,-52.4237056,722.3,000B056A,0001800F,0000334C,1900034A,00000000,00000000,00000000,00000000,00000027,00F03B20,00000000,00000000,00000000,00000000,00000000,00000000,0006,FF9E,8F
2025-10-02 20:50:04,2025-10-02 20:50:04,2025-10-02 20:50:04,4675529076,1350,01,02,83,123,30,13254,0F,1,15,0.7,00,69,107,660.2,-28.2307266,-52.3953613,725.2,000B10C5,0001800F,000033C6,1900034A,00000000,00000000,00000000,00000000,00000027,00F03B20,00000000,00000000,00000000,00000000,00000000,00000000,0006,FF9D,8F
2025-10-02 20:53:04,2025-10-02 20:53:04,2025-10-02 20:53:04,4675529076,1351,01,02,83,123,30,13072,0F,1,15,0.7,00,0,171,667.6,-28.2391569,-52.3989947,727.0,000B17ED,0001800F,00003310,1900034A,00000000,00000000,00000000,00000000,00000027,00F03B20,00000000,00000000,00000000,00000000,00000000,00000000,0006,FFA7,8F
2025-10-02 20:53:55,2025-10-02 20:53:55,2025-10-02 20:53:55,4675529076,1352,01,02,83,255,45,12342,0E,0,15,0.7,00,0,260,667.6,-28.2394811,-52.3989851,727.1,000B1816,0001800E,00003036,1900034A,00000000,00000000,00000000,00000000,00000000,00000000,00000000,00000000,00000000,00000000,00000000,00000000,0006,FF99,8F
2025-10-02 20:53:56,2025-10-02 20:53:56,2025-10-02 20:53:56,4675529076,1353,01,02,83,128,20,12342,0E,0,15,0.7,00,0,260,667.6,-28.239481,-52.3989851,727.1,000B1816,0001800E,00003036,1900034A,00000000,00000000,00000000,00000000,00000000,00000000,00000000,00000000,00000000,00000000,00000000,00000000,0006,FF99,8F
2025-10-02 20:58:56,2025-10-02 20:58:56,2025-10-02 20:58:56,4675529076,1354,01,02,83,75,27,12646,0E,0,14,0.7,00,0,260,670.4,-28.2394882,-52.3989951,727.1,000B1816,0001800E,00003166,1900034A,00000000,00000000,00000000,00000000,00000000,00000000,00000000,00000000,00000000,00000000,00000000,00000000,0006,FFA0,8F
2025-10-02 21:54:15,2025-10-02 20:58:56,2025-10-02 20:58:56,4675529076,1354,01,02,83,75,27,12646,0E,0,14,0.7,20,0,260,670.4,-28.2394882,-52.3989951,727.1,000B1816,0001800E,00003166,1900034A,00000000,00000000,00000000,00000000,00000000,00000000,00000000,00000000,00000000,00000000,00000000,00000000,0006,FFA0,8F
2025-10-02 21:59:01,2025-10-02 21:59:01,2025-10-02 21:59:01,4675529076,1355,01,02,83,75,27,12585,0E,0,17,0.6,00,0,0,681.1,-28.2395632,-52.3990135,727.1,000B1816,0001800E,00003129,1900034A,00000000,00000000,00000000,00000000,00000000,00000000,00000000,00000000,00000000,00000000,00000000,00000000,0006,FF9F,8F
2025-10-02 23:31:58,2025-10-02 22:59:05,2025-10-02 22:59:05,4675529076,1356,01,02,83,75,27,12555,0E,0,19,0.6,20,0,161,675.5,-28.2395249,-52.3989688,727.1,000B1816,0001800E,0000310B,1900034A,00000000,00000000,00000000,00000000,00000000,00000000,00000000,00000000,00000000,00000000,00000000,00000000,0006,FF9E,8F
2025-10-02 23:31:59,2025-10-02 23:31:47,2025-10-02 22:59:15,4675529076,1357,01,02,83,112,21,11856,0F,1,19,0.6,24,0,161,675.4,-28.2395248,-52.3989691,727.1,000B1816,0001800F,00002E50,1900034A,00000000,00000000,00000000,00000000,00000000,00000000,00000000,00000000,00000000,00000000,00000000,00000000,0000,0000,00
2025-10-02 23:34:49,2025-10-02 23:34:48,2025-10-02 23:34:48,4675529076,1358,01,02,83,123,30,13376,0F,1,14,0.7,00,46,348,669.2,-28.2366105,-52.3993583,727.4,000B1958,0001800F,00003440,1900034A,00000000,00000000,00000000,00000000,00000000,00000000,00000000,00000000,00000000,00000000,00000000,00000000,0006,FFAA,8F
2025-10-02 23:35:50,2025-10-02 23:35:49,2025-10-02 23:35:49,4675529076,1359,01,02,83,255,46,13345,2F,1,14,0.7,00,25,134,678.6,-28.2350878,-52.3939391,728.1,000B1C28,0001802F,00003421,1900034A,00000000,00000000,00000000,00000000,00000000,00000000,00000000,00000000,00000000,00000000,00000000,00000000,0006,FFA4,8F
2025-10-02 23:37:48,2025-10-02 23:37:48,2025-10-02 23:37:48,4675529076,1360,01,02,83,123,30,13254,0F,1,16,0.7,00,38,100,715.8,-28.2363287,-52.3777464,729.9,000B2329,0001800F,000033C6,1900034A,00000000,00000000,00000000,00000000,00000000,00000000,00000000,00000000,00000000,00000000,00000000,00000000,0006,FFA4,8F
2025-10-02 23:40:49,2025-10-02 23:40:48,2025-10-02 23:40:48,4675529076,1361,01,02,83,123,30,13284,0F,1,17,0.6,00,33,148,692.4,-28.2326155,-52.3732497,731.5,000B293F,0001800F,000033E4,1900034A,00000000,00000000,00000000,00000000,00000000,00000000,00000000,00000000,00000000,00000000,00000000,00000000,0006,FFA2,8F
2025-10-02 23:43:48,2025-10-02 23:43:48,2025-10-02 23:43:48,4675529076,1362,01,02,83,123,30,13254,0F,1,18,0.6,00,77,284,685.0,-28.2347888,-52.383955,733.2,000B3006,0001800F,000033C6,1900034A,00000000,00000000,00000000,00000000,00000000,00000000,00000000,00000000,00000000,00000000,00000000,00000000,0006,FF9D,8F
2025-10-02 23:46:49,2025-10-02 23:46:48,2025-10-02 23:46:48,4675529076,1363,01,02,83,123,30,13193,0F,1,18,0.6,00,8,161,667.6,-28.2391345,-52.3989777,735.4,000B389A,0001800F,00003389,1900034A,00000000,00000000,00000000,00000000,00000000,00000000,00000000,00000000,00000000,00000000,00000000,00000000,0006,FFA8,8F
2025-10-02 23:47:30,2025-10-02 23:47:30,2025-10-02 23:47:30,4675529076,1365,01,02,83,128,20,12312,0E,0,18,0.6,00,0,269,670.3,-28.239483,-52.3989649,735.4,000B38BD,0001800E,00003018,1900034A,00000000,00000000,00000000,00000000,00000000,00000000,00000000,00000000,00000000,00000000,00000000,00000000,0006,FF9B,8F
2025-10-02 23:47:30,2025-10-02 23:47:29,2025-10-02 23:47:29,4675529076,1364,01,02,83,255,45,12312,0E,0,18,0.6,00,0,269,670.3,-28.239483,-52.3989649,735.4,000B38BD,0001800E,00003018,1900034A,00000000,00000000,00000000,00000000,00000000,00000000,00000000,00000000,00000000,00000000,00000000,00000000,0006,FF9B,8F
2025-10-03 14:58:56,2025-10-03 14:03:38,2025-10-03 14:03:38,4675529076,1405,01,02,83,75,27,12555,0E,0,16,0.6,20,0,338,674.8,-28.2395062,-52.3989699,748.5,000B6C02,0001800E,0000310B,1900034A,00000000,00000000,00000000,00000000,00000000,00000000,00000000,00000000,00000000,00000000,00000000,00000000,0006,FFA1,8F
2025-10-03 15:03:42,2025-10-03 15:03:42,2025-10-03 15:03:42,4675529076,1406,01,02,83,75,27,12494,0E,0,15,0.7,00,0,0,665.7,-28.239502,-52.3989672,748.5,000B6C02,0001800E,000030CE,1900034A,00000000,00000000,00000000,00000000,00000000,00000000,00000000,00000000,00000000,00000000,00000000,00000000,0006,FF9D,8F
2025-10-03 15:46:27,2025-10-03 15:46:24,2025-10-03 15:03:51,4675529076,1408,01,02,83,255,44,11947,0F,1,16,0.6,24,0,0,665.8,-28.2395019,-52.398967,748.5,000B6C02,0001800F,00002EAB,1900034A,00000000,00000000,00000000,00000000,00000002,0286BBB5,00000000,00000000,00000000,00000000,00000000,00000000,0000,0000,00
2025-10-03 15:46:27,2025-10-03 15:46:20,2025-10-03 15:03:51,4675529076,1407,01,02,83,112,21,11825,0F,1,16,0.6,24,0,0,665.8,-28.2395019,-52.398967,748.5,000B6C02,0001800F,00002E31,1900034A,00000000,00000000,00000000,00000000,00000000,00000000,00000000,00000000,00000000,00000000,00000000,00000000,0000,0000,00
2025-10-03 15:49:21,2025-10-03 15:49:21,2025-10-03 15:49:21,4675529076,1409,01,02,83,123,30,13528,0F,1,12,0.8,00,37,144,682.2,-28.2392324,-52.3924792,750.1,000B71F2,0001800F,000034D8,1900034A,00000000,00000000,00000000,00000000,00000002,0286BBB5,00000000,00000000,00000000,00000000,00000000,00000000,0006,FFA5,8F
2025-10-03 15:52:21,2025-10-03 15:52:21,2025-10-03 15:52:21,4675529076,1410,01,02,83,123,30,13193,0F,1,14,0.7,00,0,140,665.6,-28.2485712,-52.3900155,751.4,000B771D,0001800F,00003389,1900034A,00000000,00000000,00000000,00000000,00000002,0286BBB5,00000000,00000000,00000000,00000000,00000000,00000000,0006,FF9A,8F
2025-10-03 15:55:21,2025-10-03 15:55:21,2025-10-03 15:55:21,4675529076,1411,01,02,83,123,30,13254,0F,1,12,0.8,00,0,231,641.9,-28.255562,-52.3945925,752.4,000B7B11,0001800F,000033C6,1900034A,00000000,00000000,00000000,00000000,00000002,0286BBB5,00000000,00000000,00000000,00000000,00000000,00000000,0006,FF99,8F
2025-10-03 15:56:39,2025-10-03 15:56:39,2025-10-03 15:56:39,4675529076,1412,01,02,83,255,45,12585,0E,0,14,0.7,00,0,243,650.6,-28.2598565,-52.3912304,753.0,000B7D81,0001800E,00003129,1900034A,00000000,00000000,00000000,00000000,00000000,00000000,00000000,00000000,00000000,00000000,00000000,00000000,0006,FF9B,8F
2025-10-03 15:56:40,2025-10-03 15:56:40,2025-10-03 15:56:40,4675529076,1413,01,02,83,128,20,12646,0E,0,15,0.7,00,0,243,650.5,-28.2598601,-52.391229,753.0,000B7D81,0001800E,00003166,1900034A,00000000,00000000,00000000,00000000,00000000,00000000,00000000,00000000,00000000,00000000,00000000,00000000,0006,FF9B,8F
2025-10-03 16:01:40,2025-10-03 16:01:40,2025-10-03 16:01:40,4675529076,1414,01,02,83,75,27,12646,0E,0,15,0.7,00,0,243,652.2,-28.2598482,-52.3911865,753.0,000B7D81,0001800E,00003166,1900034A,00000000,00000000,00000000,00000000,00000000,00000000,00000000,00000000,00000000,00000000,00000000,00000000,0006,FF9A,8F
2025-10-03 16:09:09,2025-10-03 16:08:59,2025-10-03 16:01:50,4675529076,1416,01,02,83,255,44,12099,0F,1,12,0.8,24,0,243,652.2,-28.2598482,-52.3911866,753.0,000B7D81,0001800F,00002F43,1900034A,00000000,00000000,00000000,00000000,00000002,0286BBB5,00000000,00000000,00000000,00000000,00000000,00000000,0000,0000,00
2025-10-03 16:09:09,2025-10-03 16:08:58,2025-10-03 16:01:50,4675529076,1415,01,02,83,112,21,12099,0F,1,12,0.8,24,0,243,652.2,-28.2598482,-52.3911866,753.0,000B7D81,0001800F,00002F43,1900034A,00000000,00000000,00000000,00000000,00000000,00000000,00000000,00000000,00000000,00000000,00000000,00000000,0000,0000,00
2025-10-03 16:12:00,2025-10-03 16:12:00,2025-10-03 16:12:00,4675529076,1417,01,02,83,123,30,13588,0F,1,15,0.7,00,43,351,656.8,-28.2535685,-52.3926501,754.0,000B8122,0001800F,00003514,1900034A,00000000,00000000,00000000,00000000,00000002,0286BBB5,00000000,00000000,00000000,00000000,00000000,00000000,0006,FF9E,8F
2025-10-03 16:15:00,2025-10-03 16:15:00,2025-10-03 16:15:00,4675529076,1418,01,02,83,123,30,13345,0F,1,13,0.8,00,0,48,674.2,-28.2482968,-52.3890221,754.7,000B8411,0001800F,00003421,1900034A,00000000,00000000,00000000,00000000,00000002,0286BBB5,00000000,00000000,00000000,00000000,00000000,00000000,0006,FF9A,8F
2025-10-03 16:18:00,2025-10-03 16:18:00,2025-10-03 16:18:00,4675529076,1419,01,02,83,123,30,13497,2F,1,13,0.7,00,35,325,679.2,-28.2353359,-52.3936459,756.4,000B8ACE,0001802F,000034B9,1900034A,00000000,00000000,00000000,00000000,00000002,0286BBB5,00000000,00000000,00000000,00000000,00000000,00000000,0006,FFAD,8F
2025-10-03 16:20:24,2025-10-03 16:20:24,2025-10-03 16:20:24,4675529076,1420,01,02,83,255,45,12524,0E,0,15,0.7,00,0,270,663.5,-28.239509,-52.3989694,757.5,000B8F0A,0001800E,000030EC,1900034A,00000000,00000000,00000000,00000000,00000000,00000000,00000000,00000000,00000000,00000000,00000000,00000000,0006,FFA0,8F
2025-10-03 16:20:26,2025-10-03 16:20:26,2025-10-03 16:20:26,4675529076,1421,01,02,83,128,20,12616,0E,0,15,0.7,00,0,270,663.5,-28.239509,-52.3989695,757.5,000B8F0A,0001800E,00003148,1900034A,00000000,00000000,00000000,00000000,00000000,00000000,00000000,00000000,00000000,00000000,00000000,00000000,0006,FFA0,8F
2025-10-03 17:20:44,2025-10-03 16:25:26,2025-10-03 16:25:26,4675529076,1422,01,02,83,75,27,12616,0E,0,16,0.6,20,0,270,666.3,-28.2395295,-52.3989785,757.5,000B8F0A,0001800E,00003148,1900034A,00000000,00000000,00000000,00000000,00000000,00000000,00000000,00000000,00000000,00000000,00000000,00000000,0006,FF9E,8F
2025-10-03 17:25:30,2025-10-03 17:25:30,2025-10-03 17:25:30,4675529076,1423,01,02,83,75,27,12555,0E,0,13,0.8,00,0,301,672.5,-28.239531,-52.3989507,757.5,000B8F0A,0001800E,0000310B,1900034A,00000000,00000000,00000000,00000000,00000000,00000000,00000000,00000000,00000000,00000000,00000000,00000000,0006,FF9E,8F
2025-10-03 18:25:35,2025-10-03 18:25:34,2025-10-03 18:25:34,4675529076,1424,01,02,83,75,27,12555,0E,0,15,0.7,00,0,218,666.2,-28.2395735,-52.3989557,757.5,000B8F0A,0001800E,0000310B,1900034A,00000000,00000000,00000000,00000000,00000000,00000000,00000000,00000000,00000000,00000000,00000000,00000000,0006,FF9E,8F
2025-10-03 19:20:53,2025-10-03 18:25:34,2025-10-03 18:25:34,4675529076,1424,01,02,83,75,27,12555,0E,0,15,0.7,20,0,218,666.2,-28.2395735,-52.3989557,757.5,000B8F0A,0001800E,0000310B,1900034A,00000000,00000000,00000000,00000000,00000000,00000000,00000000,00000000,00000000,00000000,00000000,00000000,0006,FF9E,8F
2025-10-03 19:25:38,2025-10-03 19:25:37,2025-10-03 19:25:37,4675529076,1425,01,02,83,75,27,12524,0E,0,13,0.7,00,0,0,647.9,-28.2395295,-52.3989318,757.5,000B8F0A,0001800E,000030EC,1900034A,00000000,00000000,00000000,00000000,00000000,00000000,00000000,00000000,00000000,00000000,00000000,00000000,0006,FF9E,8F
2025-10-03 20:25:40,2025-10-03 20:25:40,2025-10-03 20:25:40,4675529076,1426,01,02,83,75,27,12524,0E,0,15,0.7,00,0,296,704.9,-28.2395498,-52.3988752,757.5,000B8F0A,0001800E,000030EC,1900034A,00000000,00000000,00000000,00000000,00000000,00000000,00000000,00000000,00000000,00000000,00000000,00000000,0006,FF9F,8F
2025-10-03 21:20:57,2025-10-03 20:25:40,2025-10-03 20:25:40,4675529076,1426,01,02,83,75,27,12524,0E,0,15,0.7,20,0,296,704.9,-28.2395498,-52.3988752,757.5,000B8F0A,0001800E,000030EC,1900034A,00000000,00000000,00000000,00000000,00000000,00000000,00000000,00000000,00000000,00000000,00000000,00000000,0006,FF9F,8F
2025-10-03 21:25:43,2025-10-03 21:25:43,2025-10-03 21:25:43,4675529076,1427,01,02,83,75,27,12494,0E,0,17,0.6,00,0,337,674.9,-28.2395196,-52.3989424,757.5,000B8F0A,0001800E,000030CE,1900034A,00000000,00000000,00000000,00000000,00000000,00000000,00000000,00000000,00000000,00000000,00000000,00000000,0006,FF9E,8F
2025-10-03 22:25:47,2025-10-03 22:25:47,2025-10-03 22:25:47,4675529076,1428,01,02,83,75,27,12464,0E,0,16,0.7,00,0,113,688.6,-28.2394948,-52.3989871,757.5,000B8F0A,0001800E,000030B0,1900034A,00000000,00000000,00000000,00000000,00000000,00000000,00000000,00000000,00000000,00000000,00000000,00000000,0006,FF9E,8F
2025-10-03 23:21:05,2025-10-03 22:25:47,2025-10-03 22:25:47,4675529076,1428,01,02,83,75,27,12464,0E,0,16,0.7,20,0,113,688.6,-28.2394948,-52.3989871,757.5,000B8F0A,0001800E,000030B0,1900034A,00000000,00000000,00000000,00000000,00000000,00000000,00000000,00000000,00000000,00000000,00000000,00000000,0006,FF9E,8F
2025-10-03 23:25:51,2025-10-03 23:25:51,2025-10-03 23:25:51,4675529076,1429,01,02,83,75,27,12464,0E,0,18,0.6,00,0,288,669.7,-28.239505,-52.3989746,757.5,000B8F0A,0001800E,000030B0,1900034A,00000000,00000000,00000000,00000000,00000000,00000000,00000000,00000000,00000000,00000000,00000000,00000000,0006,FF9D,8F
2025-10-04 15:02:32,2025-10-04 15:02:32,2025-10-04 15:02:32,4675529076,1463,01,02,83,75,27,12494,0E,0,13,0.8,00,0,0,659.7,-28.2395013,-52.3989762,776.3,000BD84C,0001800E,000030CE,1900034A,00000000,00000000,00000000,00000000,00000000,00000000,00000000,00000000,00000000,00000000,00000000,00000000,0006,FF9B,8F
2025-10-04 16:57:53,2025-10-04 16:02:36,2025-10-04 16:02:36,4675529076,1464,01,02,83,75,27,12464,0E,0,14,0.8,20,0,0,667.8,-28.2395167,-52.3990052,776.3,000BD84C,0001800E,000030B0,1900034A,00000000,00000000,00000000,00000000,00000000,00000000,00000000,00000000,00000000,00000000,00000000,00000000,0006,FF9E,8F
2025-10-04 17:02:40,2025-10-04 17:02:40,2025-10-04 17:02:40,4675529076,1465,01,02,83,75,27,12494,0E,0,15,0.7,00,0,203,666.5,-28.2395012,-52.3989755,776.3,000BD84C,0001800E,000030CE,1900034A,00000000,00000000,00000000,00000000,00000000,00000000,00000000,00000000,00000000,00000000,00000000,00000000,0006,FF9E,8F
2025-10-04 18:02:44,2025-10-04 18:02:44,2025-10-04 18:02:44,4675529076,1466,01,02,83,75,27,12433,0E,0,14,0.7,00,0,104,679.3,-28.2395448,-52.399025,776.3,000BD84C,0001800E,00003091,1900034A,00000000,00000000,00000000,00000000,00000000,00000000,00000000,00000000,00000000,00000000,00000000,00000000,0006,FF9D,8F
2025-10-04 18:58:01,2025-10-04 18:02:44,2025-10-04 18:02:44,4675529076,1466,01,02,83,75,27,12433,0E,0,14,0.7,20,0,104,679.3,-28.2395448,-52.399025,776.3,000BD84C,0001800E,00003091,1900034A,00000000,00000000,00000000,00000000,00000000,00000000,00000000,00000000,00000000,00000000,00000000,00000000,0006,FF9D,8F
2025-10-04 19:02:48,2025-10-04 19:02:47,2025-10-04 19:02:47,4675529076,1467,01,02,83,75,27,12433,0E,0,13,0.8,00,0,62,668.5,-28.2394864,-52.3989971,776.3,000BD84C,0001800E,00003091,1900034A,00000000,00000000,00000000,00000000,00000000,00000000,00000000,00000000,00000000,00000000,00000000,00000000,0006,FF9E,8F
2025-10-04 20:58:06,2025-10-04 20:02:50,2025-10-04 20:02:50,4675529076,1468,01,02,83,75,27,12403,0E,0,15,0.7,20,0,96,663.1,-28.2395377,-52.3989733,776.3,000BD84C,0001800E,00003073,1900034A,00000000,00000000,00000000,00000000,00000000,00000000,00000000,00000000,00000000,00000000,00000000,00000000,0006,FF9D,8F
2025-10-04 21:02:53,2025-10-04 21:02:53,2025-10-04 21:02:53,4675529076,1469,01,02,83,75,27,12403,0E,0,17,0.6,00,0,310,684.0,-28.2395298,-52.3989605,776.3,000BD84C,0001800E,00003073,1900034A,00000000,00000000,00000000,00000000,00000000,00000000,00000000,00000000,00000000,00000000,00000000,00000000,0006,FF9D,8F
2025-10-04 22:02:56,2025-10-04 22:02:56,2025-10-04 22:02:56,4675529076,1470,01,02,83,75,27,12403,0E,0,17,0.6,00,0,0,669.0,-28.2395082,-52.3989661,776.3,000BD84C,0001800E,00003073,1900034A,00000000,00000000,00000000,00000000,00000000,00000000,00000000,00000000,00000000,00000000,00000000,00000000,0006,FF9D,8F
2025-10-04 22:58:12,2025-10-04 22:02:56,2025-10-04 22:02:56,4675529076,1470,01,02,83,75,27,12403,0E,0,17,0.6,20,0,0,669.0,-28.2395082,-52.3989661,776.3,000BD84C,0001800E,00003073,1900034A,00000000,00000000,00000000,00000000,00000000,00000000,00000000,00000000,00000000,00000000,00000000,00000000,0006,FF9D,8F
2025-10-04 23:02:59,2025-10-04 23:02:59,2025-10-04 23:02:59,4675529076,1471,01,02,83,75,27,12403,0E,0,17,0.6,00,0,199,662.5,-28.2395087,-52.3989461,776.3,000BD84C,0001800E,00003073,1900034A,00000000,00000000,00000000,00000000,00000000,00000000,00000000,00000000,00000000,00000000,00000000,00000000,0006,FF9D,8F
2025-10-05 14:59:10,2025-10-05 14:03:53,2025-10-05 14:03:53,4675529076,1486,01,02,83,75,27,12342,0E,0,17,0.6,20,0,10,687.4,-28.2394386,-52.3989321,776.3,000BD84C,0001800E,00003036,1900034A,00000000,00000000,00000000,00000000,00000000,00000000,00000000,00000000,00000000,00000000,00000000,00000000,0006,FF9E,8F
2025-10-05 15:03:57,2025-10-05 15:03:57,2025-10-05 15:03:57,4675529076,1487,01,02,83,75,27,12312,0E,0,16,0.7,00,0,105,657.0,-28.2394922,-52.3989832,776.3,000BD84C,0001800E,00003018,1900034A,00000000,00000000,00000000,00000000,00000000,00000000,00000000,00000000,00000000,00000000,00000000,00000000,0006,FF9D,8F
2025-10-05 16:59:18,2025-10-05 16:04:01,2025-10-05 16:04:01,4675529076,1488,01,02,83,75,27,12342,0E,0,14,0.7,20,0,0,670.6,-28.2394758,-52.3989926,776.3,000BD84C,0001800E,00003036,1900034A,00000000,00000000,00000000,00000000,00000000,00000000,00000000,00000000,00000000,00000000,00000000,00000000,0006,FF9F,8F
2025-10-05 17:04:05,2025-10-05 17:04:05,2025-10-05 17:04:05,4675529076,1489,01,02,83,75,27,12312,0E,0,14,0.7,00,0,259,676.4,-28.2395148,-52.3989736,776.3,000BD84C,0001800E,00003018,1900034A,00000000,00000000,00000000,00000000,00000000,00000000,00000000,00000000,00000000,00000000,00000000,00000000,0006,FF9E,8F
2025-10-05 18:04:09,2025-10-05 18:04:09,2025-10-05 18:04:09,4675529076,1490,01,02,83,75,27,12342,0E,0,13,0.8,00,0,0,659.4,-28.2395325,-52.3989718,776.3,000BD84C,0001800E,00003036,1900034A,00000000,00000000,00000000,00000000,00000000,00000000,00000000,00000000,00000000,00000000,00000000,00000000,0006,FF9F,8F
2025-10-05 18:59:26,2025-10-05 18:04:09,2025-10-05 18:04:09,4675529076,1490,01,02,83,75,27,12342,0E,0,13,0.8,20,0,0,659.4,-28.2395325,-52.3989718,776.3,000BD84C,0001800E,00003036,1900034A,00000000,00000000,00000000,00000000,00000000,00000000,00000000,00000000,00000000,00000000,00000000,00000000,0006,FF9F,8F
2025-10-05 19:04:13,2025-10-05 19:04:12,2025-10-05 19:04:12,4675529076,1491,01,02,83,75,27,12342,0E,0,13,0.8,00,0,226,674.9,-28.2395283,-52.3988342,776.3,000BD84C,0001800E,00003036,1900034A,00000000,00000000,00000000,00000000,00000000,00000000,00000000,00000000,00000000,00000000,00000000,00000000,0006,FF9E,8F
2025-10-05 20:04:15,2025-10-05 20:04:15,2025-10-05 20:04:15,4675529076,1492,01,02,83,75,27,12342,0E,0,14,0.7,00,0,198,680.8,-28.2395433,-52.3988754,776.3,000BD84C,0001800E,00003036,1900034A,00000000,00000000,00000000,00000000,00000000,00000000,00000000,00000000,00000000,00000000,00000000,00000000,0006,FF9F,8F
2025-10-05 20:59:31,2025-10-05 20:04:15,2025-10-05 20:04:15,4675529076,1492,01,02,83,75,27,12342,0E,0,14,0.7,20,0,198,680.8,-28.2395433,-52.3988754,776.3,000BD84C,0001800E,00003036,1900034A,00000000,00000000,00000000,00000000,00000000,00000000,00000000,00000000,00000000,00000000,00000000,00000000,0006,FF9F,8F
2025-10-05 21:04:18,2025-10-05 21:04:18,2025-10-05 21:04:18,4675529076,1493,01,02,83,75,27,12312,0E,0,15,0.7,00,0,205,692.9,-28.2395961,-52.3988688,776.3,000BD84C,0001800E,00003018,1900034A,00000000,00000000,00000000,00000000,00000000,00000000,00000000,00000000,00000000,00000000,00000000,00000000,0006,FF9F,8F
2025-10-05 22:04:21,2025-10-05 22:04:21,2025-10-05 22:04:21,4675529076,1494,01,02,83,75,27,12342,0E,0,14,0.7,00,0,356,681.1,-28.2395466,-52.3989195,776.3,000BD84C,0001800E,00003036,1900034A,00000000,00000000,00000000,00000000,00000000,00000000,00000000,00000000,00000000,00000000,00000000,00000000,0006,FF9F,8F
2025-10-05 22:59:38,2025-10-05 22:04:21,2025-10-05 22:04:21,4675529076,1494,01,02,83,75,27,12342,0E,0,14,0.7,20,0,356,681.1,-28.2395466,-52.3989195,776.3,000BD84C,0001800E,00003036,1900034A,00000000,00000000,00000000,00000000,00000000,00000000,00000000,00000000,00000000,00000000,00000000,00000000,0006,FF9F,8F
2025-10-05 23:04:25,2025-10-05 23:04:25,2025-10-05 23:04:25,4675529076,1495,01,02,83,75,27,12342,0E,0,13,0.7,00,0,0,677.8,-28.2395607,-52.3989551,776.3,000BD84C,0001800E,00003036,1900034A,00000000,00000000,00000000,00000000,00000000,00000000,00000000,00000000,00000000,00000000,00000000,00000000,0006,FFA0,8F
2025-10-06 14:15:43,2025-10-06 14:15:43,2025-10-06 14:15:43,4675529076,1539,01,02,83,123,30,13163,0F,1,13,0.7,00,9,333,692.4,-28.2621241,-52.4092018,784.7,000BF92A,0001800F,0000336B,1900034A,00000000,00000000,00000000,00000000,00000010,008CD81B,00000000,00000000,00000000,00000000,00000000,00000000,0006,FFA1,8F
2025-10-06 14:18:43,2025-10-06 14:18:43,2025-10-06 14:18:43,4675529076,1540,01,02,83,123,30,13011,2F,1,12,0.8,00,13,280,675.3,-28.2624259,-52.4166022,785.6,000BFCCA,0001802F,000032D3,1900034A,00000000,00000000,00000000,00000000,00000010,008CD81B,00000000,00000000,00000000,00000000,00000000,00000000,0006,FFA1,8F
2025-10-06 14:21:43,2025-10-06 14:21:43,2025-10-06 14:21:43,4675529076,1541,01,02,83,123,30,13163,0F,1,14,0.7,00,13,160,692.1,-28.261859,-52.4155231,786.0,000BFE29,0001800F,0000336B,1900034A,00000000,00000000,00000000,00000000,00000010,008CD81B,00000000,00000000,00000000,00000000,00000000,00000000,0006,FFA0,8F
2025-10-06 14:24:47,2025-10-06 14:24:43,2025-10-06 14:24:43,4675529076,1542,01,02,83,123,30,13163,0F,1,14,0.7,20,17,330,666.4,-28.2612824,-52.4173606,786.8,000C0141,0001800F,0000336B,1900034A,00000000,00000000,00000000,00000000,00000010,008CD81B,00000000,00000000,00000000,00000000,00000000,00000000,0006,FF9A,8F
2025-10-06 14:27:43,2025-10-06 14:27:43,2025-10-06 14:27:43,4675529076,1543,01,02,83,123,30,12859,0F,1,11,1.0,00,0,64,674.5,-28.2600767,-52.4167455,787.0,000C0219,0001800F,0000323B,1900034A,00000000,00000000,00000000,00000000,00000010,008CD81B,00000000,00000000,00000000,00000000,00000000,00000000,0006,FF93,8F
2025-10-06 14:30:43,2025-10-06 14:30:43,2025-10-06 14:30:43,4675529076,1544,01,02,83,123,30,13041,0F,1,11,1.0,00,0,64,674.0,-28.2600765,-52.4167441,787.0,000C0219,0001800F,000032F1,1900034A,00000000,00000000,00000000,00000000,00000010,008CD81B,00000000,00000000,00000000,00000000,00000000,00000000,0006,FF94,8F
2025-10-06 14:33:44,2025-10-06 14:33:43,2025-10-06 14:33:43,4675529076,1545,01,02,83,123,30,13072,0F,1,12,0.9,00,0,177,676.2,-28.2600924,-52.4167476,787.0,000C0219,0001800F,00003310,1900034A,00000000,00000000,00000000,00000000,00000010,008CD81B,00000000,00000000,00000000,00000000,00000000,00000000,0006,FF94,8F
2025-10-06 14:36:43,2025-10-06 14:36:43,2025-10-06 14:36:43,4675529076,1546,01,02,83,123,30,13193,0F,1,15,0.7,00,21,330,661.7,-28.2611565,-52.417452,787.3,000C0350,0001800F,00003389,1900034A,00000000,00000000,00000000,00000000,00000010,008CD81B,00000000,00000000,00000000,00000000,00000000,00000000,0006,FF97,8F
2025-10-06 14:39:43,2025-10-06 14:39:43,2025-10-06 14:39:43,4675529076,1547,01,02,83,123,30,13193,0F,1,17,0.6,00,27,243,686.8,-28.2620098,-52.4157422,787.8,000C052A,0001800F,00003389,1900034A,00000000,00000000,00000000,00000000,00000010,008CD81B,00000000,00000000,00000000,00000000,00000000,00000000,0006,FFA4,8F
2025-10-06 14:42:44,2025-10-06 14:42:43,2025-10-06 14:42:43,4675529076,1548,01,02,83,123,30,13193,0F,1,15,0.7,00,0,333,651.5,-28.2613005,-52.4186586,788.2,000C06D8,0001800F,00003389,1900034A,00000000,00000000,00000000,00000000,00000010,008CD81B,00000000,00000000,00000000,00000000,00000000,00000000,0006,FF93,8F
2025-10-06 14:43:49,2025-10-06 14:43:49,2025-10-06 14:43:49,4675529076,1549,01,02,83,255,45,12403,0E,0,14,0.7,00,0,229,651.8,-28.2613003,-52.4186667,788.2,000C06D8,0001800E,00003073,1900034A,00000000,00000000,00000000,00000000,00000000,00000000,00000000,00000000,00000000,00000000,00000000,00000000,0006,FF93,8F
2025-10-06 14:43:50,2025-10-06 14:43:50,2025-10-06 14:43:50,4675529076,1550,01,02,83,128,20,12342,0E,0,15,0.7,00,0,229,651.8,-28.2613004,-52.4186667,788.2,000C06D8,0001800E,00003036,1900034A,00000000,00000000,00000000,00000000,00000000,00000000,00000000,00000000,00000000,00000000,00000000,00000000,0006,FF93,8F
2025-10-06 14:46:36,2025-10-06 14:46:36,2025-10-06 14:46:36,4675529076,1551,01,02,83,112,21,11825,0F,1,15,0.7,00,0,229,653.0,-28.2612961,-52.4186638,788.2,000C06D8,0001800F,00002E31,1900034A,00000000,00000000,00000000,00000000,00000000,00000000,00000000,00000000,00000000,00000000,00000000,00000000,0006,FF96,8F
2025-10-06 14:46:51,2025-10-06 14:46:36,2025-10-06 14:46:36,4675529076,1551,01,02,83,112,21,11825,0F,1,15,0.7,00,0,229,653.0,-28.2612961,-52.4186638,788.2,000C06D8,0001800F,00002E31,1900034A,00000000,00000000,00000000,00000000,00000000,00000000,00000000,00000000,00000000,00000000,00000000,00000000,0006,FF96,8F
2025-10-06 14:48:06,2025-10-06 14:46:36,2025-10-06 14:46:36,4675529076,1551,01,02,83,112,21,11825,0F,1,15,0.7,20,0,229,653.0,-28.2612961,-52.4186638,788.2,000C06D8,0001800F,00002E31,1900034A,00000000,00000000,00000000,00000000,00000000,00000000,00000000,00000000,00000000,00000000,00000000,00000000,0006,FF96,8F
2025-10-06 14:48:07,2025-10-06 14:46:44,2025-10-06 14:46:44,4675529076,1552,01,02,83,255,44,12859,0F,1,14,0.7,20,0,67,651.8,-28.2612954,-52.4186661,788.2,000C06D8,0001800F,0000323B,1900034A,00000000,00000000,00000000,00000000,00000010,008CD81B,00000000,00000000,00000000,00000000,00000000,00000000,0006,FF96,8F
2025-10-06 14:48:59,2025-10-06 14:48:59,2025-10-06 14:48:59,4675529076,1553,01,02,83,255,45,12737,0E,0,12,0.8,00,0,163,682.9,-28.2606155,-52.4162163,788.6,000C084C,0001800E,000031C1,1900034A,00000000,00000000,00000000,00000000,00000000,00000000,00000000,00000000,00000000,00000000,00000000,00000000,0006,FF96,8F
2025-10-06 14:49:00,2025-10-06 14:49:00,2025-10-06 14:49:00,4675529076,1554,01,02,83,128,20,12707,0E,0,13,0.8,00,0,163,682.9,-28.2606155,-52.4162163,788.6,000C084C,0001800E,000031A3,1900034A,00000000,00000000,00000000,00000000,00000000,00000000,00000000,00000000,00000000,00000000,00000000,00000000,0006,FF96,8F
2025-10-06 14:51:37,2025-10-06 14:51:37,2025-10-06 14:51:37,4675529076,1555,01,02,83,112,21,12342,0F,1,12,0.8,00,0,163,682.9,-28.2606133,-52.4162161,788.6,000C084C,0001800F,00003036,1900034A,00000000,00000000,00000000,00000000,00000000,00000000,00000000,00000000,00000000,00000000,00000000,00000000,0006,FF91,8F
2025-10-06 14:51:40,2025-10-06 14:51:40,2025-10-06 14:51:40,4675529076,1556,01,02,83,255,45,12524,0E,0,12,0.8,00,0,163,682.9,-28.2606133,-52.416216,788.6,000C084C,0001800E,000030EC,1900034A,00000000,00000000,00000000,00000000,00000000,00000000,00000000,00000000,00000000,00000000,00000000,00000000,0006,FF91,8F
2025-10-06 14:51:41,2025-10-06 14:51:41,2025-10-06 14:51:41,4675529076,1557,01,02,83,128,20,12494,0E,0,13,0.7,00,0,163,682.9,-28.2606133,-52.416216,788.6,000C084C,0001800E,000030CE,1900034A,00000000,00000000,00000000,00000000,00000000,00000000,00000000,00000000,00000000,00000000,00000000,00000000,0006,FF91,8F
2025-10-06 14:59:41,2025-10-06 14:56:41,2025-10-06 14:56:41,4675529076,1558,01,02,83,75,27,12524,0E,0,12,0.8,20,0,163,683.8,-28.2606116,-52.4162096,788.6,000C084C,0001800E,000030EC,1900034A,00000000,00000000,00000000,00000000,00000000,00000000,00000000,00000000,00000000,00000000,00000000,00000000,0006,FF92,8F
2025-10-06 15:04:28,2025-10-06 15:04:27,2025-10-06 15:04:27,4675529076,1559,01,02,83,75,27,12494,0E,0,11,0.9,00,0,330,682.7,-28.2606319,-52.4162227,788.6,000C084C,0001800E,000030CE,1900034A,00000000,00000000,00000000,00000000,00000000,00000000,00000000,00000000,00000000,00000000,00000000,00000000,0006,FF95,8F
2025-10-06 15:11:18,2025-10-06 15:11:17,2025-10-06 15:11:17,4675529076,1560,01,02,83,112,21,11947,0F,1,12,0.9,00,0,75,683.3,-28.2606387,-52.4162214,788.6,000C084C,0001800F,00002EAB,1900034A,00000000,00000000,00000000,00000000,00000000,00000000,00000000,00000000,00000000,00000000,00000000,00000000,0006,FF95,8F
2025-10-06 15:11:23,2025-10-06 15:11:23,2025-10-06 15:11:23,4675529076,1561,01,02,83,255,44,12372,0F,1,12,0.9,00,0,244,683.9,-28.2606374,-52.4162172,788.6,000C084C,0001800F,00003054,1900034A,00000000,00000000,00000000,00000000,00000010,008CD81B,00000000,00000000,00000000,00000000,00000000,00000000,0006,FF94,8F
2025-10-06 15:14:18,2025-10-06 15:14:17,2025-10-06 15:14:17,4675529076,1562,01,02,83,123,30,13072,0F,1,16,0.7,00,18,332,663.2,-28.2605909,-52.4177945,788.8,000C095F,0001800F,00003310,1900034A,00000000,00000000,00000000,00000000,00000010,008CD81B,00000000,00000000,00000000,00000000,00000000,00000000,0006,FF95,8F
2025-10-06 15:17:18,2025-10-06 15:17:17,2025-10-06 15:17:17,4675529076,1563,01,02,83,123,30,13011,0F,1,12,0.8,00,0,54,670.0,-28.2612877,-52.416442,789.5,000C0BE9,0001800F,000032D3,1900034A,00000000,00000000,00000000,00000000,00000010,008CD81B,00000000,00000000,00000000,00000000,00000000,00000000,0006,FFA3,8F
2025-10-06 15:20:18,2025-10-06 15:20:17,2025-10-06 15:20:17,4675529076,1564,01,02,83,123,30,13041,0F,1,14,0.8,00,0,54,685.5,-28.2626432,-52.4141975,789.8,000C0D46,0001800F,000032F1,1900034A,00000000,00000000,00000000,00000000,00000010,008CD81B,00000000,00000000,00000000,00000000,00000000,00000000,0006,FFB1,8F
2025-10-06 15:23:18,2025-10-06 15:23:17,2025-10-06 15:23:17,4675529076,1565,01,02,83,123,30,13102,0F,1,14,0.7,00,29,331,687.9,-28.2603591,-52.4135639,790.2,000C0EA0,0001800F,0000332E,1900034A,00000000,00000000,00000000,00000000,00000010,008CD81B,00000000,00000000,00000000,00000000,00000000,00000000,0006,FF9E,8F
2025-10-06 15:26:18,2025-10-06 15:26:17,2025-10-06 15:26:17,4675529076,1566,01,02,83,123,30,13163,0F,1,16,0.7,00,19,306,690.2,-28.2524418,-52.4196532,791.2,000C12CD,0001800F,0000336B,1900034A,00000000,00000000,00000000,00000000,00000010,008CD81B,00000000,00000000,00000000,00000000,00000000,00000000,0006,FF8E,8F
2025-10-06 15:29:18,2025-10-06 15:29:17,2025-10-06 15:29:17,4675529076,1567,01,02,83,123,30,13284,0F,1,16,0.7,00,24,338,676.4,-28.2418493,-52.4182301,793.1,000C1A10,0001800F,000033E4,1900034A,00000000,00000000,00000000,00000000,00000010,008CD81B,00000000,00000000,00000000,00000000,00000000,00000000,0006,FF90,8F
2025-10-06 15:32:18,2025-10-06 15:32:17,2025-10-06 15:32:17,4675529076,1568,01,02,83,123,30,13315,0F,1,17,0.6,00,59,301,656.4,-28.2313325,-52.4384686,795.9,000C24F6,0001800F,00003403,1900034A,00000000,00000000,00000000,00000000,00000010,008CD81B,00000000,00000000,00000000,00000000,00000000,00000000,0006,FF9A,8F
2025-10-06 15:35:18,2025-10-06 15:35:17,2025-10-06 15:35:17,4675529076,1569,01,02,83,123,30,13376,0F,1,17,0.6,00,60,241,667.8,-28.2234385,-52.470826,799.5,000C3316,0001800F,00003440,1900034A,00000000,00000000,00000000,00000000,00000010,008CD81B,00000000,00000000,00000000,00000000,00000000,00000000,0006,FF97,8F
2025-10-06 15:38:21,2025-10-06 15:38:17,2025-10-06 15:38:17,4675529076,1570,01,02,83,123,30,13406,0F,1,18,0.6,00,93,277,631.4,-28.227148,-52.5046396,803.0,000C40A2,0001800F,0000345E,1900034A,00000000,00000000,00000000,00000000,00000010,008CD81B,00000000,00000000,00000000,00000000,00000000,00000000,0006,FF99,8F
2025-10-06 15:41:18,2025-10-06 15:41:17,2025-10-06 15:41:17,4675529076,1571,01,02,83,123,30,13467,2F,1,18,0.6,00,89,256,593.3,-28.2405044,-52.5421813,807.1,000C50D3,0001802F,0000349B,1900034A,00000000,00000000,00000000,00000000,00000010,008CD81B,00000000,00000000,00000000,00000000,00000000,00000000,0006,FF87,8F
2025-10-06 15:45:01,2025-10-06 15:44:17,2025-10-06 15:44:17,4675529076,1572,01,02,83,123,30,13406,0F,1,17,0.6,00,71,263,607.8,-28.249408,-52.5791842,811.0,000C5FFA,0001800F,0000345E,1900034A,00000000,00000000,00000000,00000000,00000010,008CD81B,00000000,00000000,00000000,00000000,00000000,00000000,0006,FF93,8F
2025-10-06 15:45:01,2025-10-06 15:44:17,2025-10-06 15:44:17,4675529076,1572,01,02,83,123,30,13406,0F,1,17,0.6,00,71,263,607.8,-28.249408,-52.5791842,811.0,000C5FFA,0001800F,0000345E,1900034A,00000000,00000000,00000000,00000000,00000010,008CD81B,00000000,00000000,00000000,00000000,00000000,00000000,0006,FF93,8F
2025-10-06 15:47:18,2025-10-06 15:47:17,2025-10-06 15:47:17,4675529076,1573,01,02,83,123,30,13436,0F,1,16,0.6,00,79,276,602.3,-28.269609,-52.6053032,814.7,000C6E40,0001800F,0000347C,1900034A,00000000,00000000,00000000,00000000,00000010,008CD81B,00000000,00000000,00000000,00000000,00000000,00000000,0006,FFB0,0F
2025-10-06 15:47:57,2025-10-06 15:47:56,2025-10-06 15:47:56,4675529076,1574,01,02,83,187,25,13497,0F,1,17,0.6,00,118,277,580.8,-28.2684444,-52.6160007,815.7,000C725B,0003800F,000034B9,1900034A,00000000,00000000,00000000,00000000,00000010,008CD81B,00000000,00000000,00000000,00000000,00000000,00000000,0006,FFB5,0F
2025-10-06 15:48:08,2025-10-06 15:48:07,2025-10-06 15:48:07,4675529076,1575,01,02,83,179,26,13406,2F,1,17,0.6,00,107,278,599.0,-28.2680233,-52.6197044,816.1,000C73CC,0003802F,0000345E,1900034A,00000000,00000000,00000000,00000000,00000010,008CD81B,00000000,00000000,00000000,00000000,00000000,00000000,0006,FFAE,0F
2025-10-06 15:48:09,,,,1576,,,,,,,,,,,,,,,,,,,,,,,,,,,,,,,,,,,,
2025-10-06 15:50:19,2025-10-06 15:50:17,2025-10-06 15:50:17,4675529076,1577,01,02,83,123,30,13467,0F,1,15,0.7,00,70,270,585.9,-28.2738898,-52.6446175,818.7,000C7DEC,0001800F,0000349B,1900034A,00000000,00000000,00000000,00000000,00000010,008CD81B,00000000,00000000,00000000,00000000,00000000,00000000,0006,FFA8,0F
2025-10-06 15:53:18,2025-10-06 15:53:17,2025-10-06 15:53:17,4675529076,1578,01,02,83,123,30,13406,0F,1,16,0.6,00,50,243,560.9,-28.2723513,-52.6809405,822.4,000C8C9A,0001800F,0000345E,1900034A,00000000,00000000,00000000,00000000,00000010,008CD81B,00000000,00000000,00000000,00000000,00000000,00000000,0006,FFAF,0F
2025-10-06 15:56:18,2025-10-06 15:56:17,2025-10-06 15:56:17,4675529076,1579,01,02,83,123,30,13345,0F,1,18,0.6,00,68,221,577.8,-28.2856514,-52.7043401,825.2,000C9775,0001800F,00003421,1900034A,00000000,00000000,00000000,00000000,00000010,008CD81B,00000000,00000000,00000000,00000000,00000000,00000000,0006,FFA9,0F
2025-10-06 15:59:19,2025-10-06 15:59:17,2025-10-06 15:59:17,4675529076,1580,01,02,83,123,30,13376,0F,1,16,0.6,00,44,240,583.8,-28.2953008,-52.7315544,828.1,000CA2F0,0001800F,00003440,1900034A,00000000,00000000,00000000,00000000,00000010,008CD81B,00000000,00000000,00000000,00000000,00000000,00000000,0006,0000,8F
2025-10-06 16:02:20,2025-10-06 16:02:17,2025-10-06 16:02:17,4675529076,1581,01,02,83,123,30,13436,0F,1,16,0.7,00,74,332,572.7,-28.2912921,-52.7567669,831.2,000CAECC,0001800F,0000347C,1900034A,00000000,00000000,00000000,00000000,00000010,008CD81B,00000000,00000000,00000000,00000000,00000000,00000000,0006,FF9E,0F
2025-10-06 16:05:18,2025-10-06 16:05:17,2025-10-06 16:05:17,4675529076,1582,01,02,83,123,30,13315,0F,1,16,0.7,00,31,243,615.7,-28.2766834,-52.7747492,834.1,000CBA36,0001800F,00003403,1900034A,00000000,00000000,00000000,00000000,00000010,008CD81B,00000000,00000000,00000000,00000000,00000000,00000000,0006,FFA9,0F
2025-10-06 16:08:18,2025-10-06 16:08:17,2025-10-06 16:08:17,4675529076,1583,01,02,83,123,30,13345,0F,1,14,0.8,00,0,292,616.2,-28.2773519,-52.7763354,834.3,000CBAE8,0001800F,00003421,1900034A,00000000,00000000,00000000,00000000,00000010,008CD81B,00000000,00000000,00000000,00000000,00000000,00000000,0006,FFB6,0F
2025-10-06 16:11:18,2025-10-06 16:11:17,2025-10-06 16:11:17,4675529076,1584,01,02,83,123,30,13315,0F,1,18,0.6,00,28,63,614.2,-28.276427,-52.7738966,835.0,000CBD8A,0001800F,00003403,1900034A,00000000,00000000,00000000,00000000,00000010,008CD81B,00000000,00000000,00000000,00000000,00000000,00000000,0006,FFAE,0F
2025-10-06 16:14:21,2025-10-06 16:14:17,2025-10-06 16:14:17,4675529076,1585,01,02,83,123,30,13315,0F,1,14,0.7,00,63,151,579.9,-28.2928626,-52.7558941,837.9,000CC922,0001800F,00003403,1900034A,00000000,00000000,00000000,00000000,00000010,008CD81B,00000000,00000000,00000000,00000000,00000000,00000000,0006,FF9C,0F
2025-10-06 16:17:18,2025-10-06 16:17:17,2025-10-06 16:17:17,4675529076,1586,01,02,83,123,30,13315,0F,1,17,0.6,00,81,60,588.5,-28.2955447,-52.7319918,841.2,000CD611,0001800F,00003403,1900034A,00000000,00000000,00000000,00000000,00000010,008CD81B,00000000,00000000,00000000,00000000,00000000,00000000,0006,FFB2,0F
2025-10-06 16:22:54,2025-10-06 16:20:17,2025-10-06 16:20:17,4675529076,1587,01,02,83,123,30,13315,0F,1,16,0.6,20,91,62,582.1,-28.2798076,-52.6974426,845.2,000CE5AE,0001800F,00003403,1900034A,00000000,00000000,00000000,00000000,00000010,008CD81B,00000000,00000000,00000000,00000000,00000000,00000000,0006,0000,80
2025-10-06 16:23:18,2025-10-06 16:23:17,2025-10-06 16:23:17,4675529076,1588,01,02,83,123,30,13406,0F,1,17,0.6,00,67,102,579.0,-28.2694742,-52.6584132,849.4,000CF60D,0001800F,0000345E,1900034A,00000000,00000000,00000000,00000000,00000010,008CD81B,00000000,00000000,00000000,00000000,00000000,00000000,0006,FFAE,0F
2025-10-06 16:26:18,2025-10-06 16:26:17,2025-10-06 16:26:17,4675529076,1589,01,02,83,123,30,13376,0F,1,18,0.6,00,84,97,608.2,-28.2679113,-52.6210759,853.3,000D053F,0001800F,00003440,1900034A,00000000,00000000,00000000,00000000,00000010,008CD81B,00000000,00000000,00000000,00000000,00000000,00000000,0006,FFBC,0F
2025-10-06 16:26:54,2025-10-06 16:26:53,2025-10-06 16:26:53,4675529076,1590,01,02,83,187,25,13345,0F,1,15,0.7,00,140,98,582.3,-28.2690512,-52.6108524,854.3,000D092A,0003800F,00003421,1900034A,00000000,00000000,00000000,00000000,00000010,008CD81B,00000000,00000000,00000000,00000000,00000000,00000000,0006,FFBB,0F
2025-10-06 16:27:08,2025-10-06 16:27:07,2025-10-06 16:27:07,4675529076,1591,01,02,83,179,26,13345,2F,1,15,0.7,00,109,97,606.4,-28.2696237,-52.6058139,854.8,000D0B21,0003802F,00003421,1900034A,00000000,00000000,00000000,00000000,00000010,008CD81B,00000000,00000000,00000000,00000000,00000000,00000000,0006,FFC0,0F
2025-10-06 16:27:09,,,,1592,,,,,,,,,,,,,,,,,,,,,,,,,,,,,,,,,,,,
2025-10-06 16:29:19,2025-10-06 16:29:17,2025-10-06 16:29:17,4675529076,1593,01,02,83,123,30,13345,0F,1,17,0.6,00,63,82,608.8,-28.249816,-52.582635,858.2,000D184E,0001800F,00003421,1900034A,00000000,00000000,00000000,00000000,00000010,008CD81B,00000000,00000000,00000000,00000000,00000000,00000000,0006,FFA2,0F
2025-10-06 16:32:39,2025-10-06 16:32:17,2025-10-06 16:32:17,4675529076,1594,01,02,83,123,30,13376,0F,1,16,0.6,20,104,87,585.0,-28.2416202,-52.5476713,861.9,000D269C,0001800F,00003440,1900034A,00000000,00000000,00000000,00000000,00000010,008CD81B,00000000,00000000,00000000,00000000,00000000,00000000,0006,FF9C,08
2025-10-06 16:35:18,2025-10-06 16:35:17,2025-10-06 16:35:17,4675529076,1595,01,02,83,123,30,13345,0F,1,14,0.7,00,58,64,637.9,-28.229575,-52.5175345,865.2,000D33BB,0001800F,00003421,1900034A,00000000,00000000,00000000,00000000,00000010,008CD81B,00000000,00000000,00000000,00000000,00000000,00000000,0006,FFB3,8F
2025-10-06 16:38:18,2025-10-06 16:38:17,2025-10-06 16:38:17,4675529076,1596,01,02,83,123,30,13315,0F,1,15,0.7,00,61,72,660.5,-28.2280497,-52.4853764,868.5,000D4086,0001800F,00003403,1900034A,00000000,00000000,00000000,00000000,00000010,008CD81B,00000000,00000000,00000000,00000000,00000000,00000000,0006,FFA3,8F
2025-10-06 16:41:18,2025-10-06 16:41:17,2025-10-06 16:41:17,4675529076,1597,01,02,83,123,30,13345,0F,1,15,0.7,00,83,119,654.3,-28.2214954,-52.4568161,871.5,000D4C68,0001800F,00003421,1900034A,00000000,00000000,00000000,00000000,00000010,008CD81B,00000000,00000000,00000000,00000000,00000000,00000000,0006,FF9E,8F
2025-10-06 16:44:18,2025-10-06 16:44:17,2025-10-06 16:44:17,4675529076,1598,01,02,83,123,30,13315,2F,1,16,0.6,00,62,113,646.5,-28.2346764,-52.4322615,874.3,000D5769,0001802F,00003403,1900034A,00000000,00000000,00000000,00000000,00000010,008CD81B,00000000,00000000,00000000,00000000,00000000,00000000,0006,FF92,8F
2025-10-06 16:47:18,2025-10-06 16:47:17,2025-10-06 16:47:17,4675529076,1599,01,02,83,123,30,13254,0F,1,13,0.8,00,42,57,666.5,-28.2336664,-52.4059541,877.0,000D61CD,0001800F,000033C6,1900034A,00000000,00000000,00000000,00000000,00000010,008CD81B,00000000,00000000,00000000,00000000,00000000,00000000,0006,FFA5,8F
2025-10-06 16:50:18,2025-10-06 16:50:17,2025-10-06 16:50:17,4675529076,1600,01,02,83,123,30,13315,0F,1,15,0.7,00,13,312,675.1,-28.2347069,-52.3941997,879.0,000D699E,0001800F,00003403,1900034A,00000000,00000000,00000000,00000000,00000010,008CD81B,00000000,00000000,00000000,00000000,00000000,00000000,0006,FFB3,8F
2025-10-06 16:53:18,2025-10-06 16:53:17,2025-10-06 16:53:17,4675529076,1601,01,02,83,123,30,13193,0F,1,15,0.7,00,9,177,673.7,-28.2395363,-52.3989207,880.0,000D6D8C,0001800F,00003389,1900034A,00000000,00000000,00000000,00000000,00000010,008CD81B,00000000,00000000,00000000,00000000,00000000,00000000,0006,FFA0,8F
2025-10-06 16:54:09,2025-10-06 16:54:09,2025-10-06 16:54:09,4675529076,1602,01,02,83,255,45,12616,0E,0,14,0.7,00,0,99,669.7,-28.239612,-52.398929,880.0,000D6D95,0001800E,00003148,1900034A,00000000,00000000,00000000,00000000,00000000,00000000,00000000,00000000,00000000,00000000,00000000,00000000,0006,FF9A,8F
2025-10-06 16:54:11,2025-10-06 16:54:10,2025-10-06 16:54:10,4675529076,1603,01,02,83,128,20,12646,0E,0,15,0.7,00,0,99,669.8,-28.2396122,-52.398929,880.0,000D6D95,0001800E,00003166,1900034A,00000000,00000000,00000000,00000000,00000000,00000000,00000000,00000000,00000000,00000000,00000000,00000000,0006,FF9A,8F
2025-10-06 16:59:11,2025-10-06 16:59:10,2025-10-06 16:59:10,4675529076,1604,01,02,83,75,27,12676,0E,0,15,0.7,00,0,99,670.5,-28.2396133,-52.3989291,880.0,000D6D95,0001800E,00003184,1900034A,00000000,00000000,00000000,00000000,00000000,00000000,00000000,00000000,00000000,00000000,00000000,00000000,0006,FF9E,8F
2025-10-06 18:54:30,2025-10-06 17:59:13,2025-10-06 17:59:13,4675529076,1605,01,02,83,75,27,12646,0E,0,16,0.7,20,0,70,684.9,-28.2396903,-52.3989277,880.0,000D6D95,0001800E,00003166,1900034A,00000000,00000000,00000000,00000000,00000000,00000000,00000000,00000000,00000000,00000000,00000000,00000000,0006,FF9E,8F
2025-10-06 18:59:17,2025-10-06 18:59:17,2025-10-06 18:59:17,4675529076,1606,01,02,83,75,27,12646,0E,0,14,0.7,00,0,0,681.6,-28.2395816,-52.3988767,880.0,000D6D95,0001800E,00003166,1900034A,00000000,00000000,00000000,00000000,00000000,00000000,00000000,00000000,00000000,00000000,00000000,00000000,0006,FF9F,8F
2025-10-06 20:54:38,2025-10-06 19:59:21,2025-10-06 19:59:21,4675529076,1607,01,02,83,75,27,12616,0E,0,14,0.8,20,0,275,674.6,-28.2395848,-52.3989315,880.0,000D6D95,0001800E,00003148,1900034A,00000000,00000000,00000000,00000000,00000000,00000000,00000000,00000000,00000000,00000000,00000000,00000000,0006,FF9F,8F
2025-10-06 20:59:25,2025-10-06 20:59:25,2025-10-06 20:59:25,4675529076,1608,01,02,83,75,27,12585,0E,0,13,0.7,00,0,60,667.9,-28.239634,-52.3989344,880.0,000D6D95,0001800E,00003129,1900034A,00000000,00000000,00000000,00000000,00000000,00000000,00000000,00000000,00000000,00000000,00000000,00000000,0006,FF9C,8F
2025-10-06 22:54:45,2025-10-06 21:59:28,2025-10-06 21:59:28,4675529076,1609,01,02,83,75,27,12555,0E,0,17,0.6,20,0,107,675.1,-28.2396697,-52.3989598,880.0,000D6D95,0001800E,0000310B,1900034A,00000000,00000000,00000000,00000000,00000000,00000000,00000000,00000000,00000000,00000000,00000000,00000000,0006,FFA0,8F
2025-10-06 22:59:31,2025-10-06 22:59:31,2025-10-06 22:59:31,4675529076,1610,01,02,83,75,27,12555,0E,0,14,0.7,00,0,190,665.7,-28.2397004,-52.3989912,880.0,000D6D95,0001800E,0000310B,1900034A,00000000,00000000,00000000,00000000,00000000,00000000,00000000,00000000,00000000,00000000,00000000,00000000,0006,FFA0,8F
2025-10-06 23:59:34,2025-10-06 23:59:34,2025-10-06 23:59:34,4675529076,1611,01,02,83,75,27,12555,0E,0,17,0.6,00,0,357,690.1,-28.2396804,-52.3989833,880.0,000D6D95,0001800E,0000310B,1900034A,00000000,00000000,00000000,00000000,00000000,00000000,00000000,00000000,00000000,00000000,00000000,00000000,0006,FF9F,8F
