Data/Hora Inclusão,Data/Hora Evento,GNSS UTC Time,MS GNSS UTC Time,IMEI,Sequência,Tipo Mensagem,Máscara Report,Máscara ERI,Tipo Dispositivo,Versão Protocolo,Versão Firmware,Bateria Interna,Alimentação Externa,Analog Input Mode,Analog Input1 Voltage,Digital Input Status,Digital Output Status,Motion Status,Satélites,MS Satellite Number,Duração da Ignição,Precisão GNSS,MS GNSS Accuracy,Velocidade,Max Speed,Azimuth,MS Azimuth,Altitude,MS Altitude,Latitude,MS Latitude,Longitude,MS Longitude,MCC,MNC,LAC,Cell ID,Hodômetro Atual,Hodômetro Total,MS Mileage,Horímetro Atual,Horímetro Total,Motivo Power Off,Motivo Power On,ID,ID Report Type,Comando Customizado,Battery Status,Backup Battery Voltage,Network Type,RAT,Band,IGN Trigger Data,GNSS Trigger Type,Position Report Type,GNSS Signal Status,Message_Category,Match_Type,Match_ID,delta,Delta,Tempo de fix,Match_Complete
2025-09-29 15:16:36,2025-09-29 15:16:36,2025-09-29 15:14:10,2025-09-29 15:14:10,867488068383602,257,GTERI,0x19fe3fbf,0x00028102,802003,0x8303,0x0115,4,24191,0000,-,00,00,11,5,5,-,01,01,0.0,0.0,171,171,1036,1036,-25.047835,-25.047835,-51.542015,-51.542015,0724,0004,85da,0f6ad10a,0.0,0.0,0.0,0:00:00,0:38:36,-,-,0,-,,,,,04,3,00000000,00,10,,T,NA,0,,,146.0,NA_0
2025-09-29 16:16:36,2025-09-29 16:16:36,2025-09-29 16:14:36,2025-09-29 16:14:36,867488068383602,318,GTERI,0x19fe3fbf,0x00028102,802003,0x8303,0x0115,4,23871,0000,-,00,00,11,7,7,-,01,01,0.0,0.0,171,171,1036,1036,-25.047835,-25.047835,-51.542015,-51.542015,0724,0004,85da,0f79f10e,0.0,0.0,0.0,0:00:00,0:38:36,-,-,0,-,,,,,01,1800,00000000,00,10,,T,NA,0,,,120.0,NA_0
2025-09-29 17:16:36,2025-09-29 17:16:36,2025-09-29 17:14:09,2025-09-29 17:14:09,867488068383602,379,GTERI,0x19fe3fbf,0x00028102,802003,0x8303,0x0115,4,23939,0000,-,00,00,11,4,4,-,01,01,0.0,0.0,171,171,1036,1036,-25.047835,-25.047835,-51.542015,-51.542015,0724,0004,85da,0f6ad10a,0.0,0.0,0.0,0:00:00,0:38:36,-,-,0,-,,,,,04,3,00000000,00,10,,T,NA,0,,,147.0,NA_0
2025-09-29 18:16:36,2025-09-29 18:16:36,2025-09-29 18:14:13,2025-09-29 18:14:13,867488068383602,440,GTERI,0x19fe3fbf,0x00028102,802003,0x8303,0x0115,5,23906,0000,-,00,00,11,4,4,-,01,01,0.0,0.0,171,171,1036,1036,-25.047835,-25.047835,-51.542015,-51.542015,0724,0004,85da,0f6ad116,0.0,0.0,0.0,0:00:00,0:38:36,-,-,0,-,,,,,04,1,00000000,00,10,,T,NA,0,,,143.0,NA_0
2025-09-29 18:22:30,2025-09-29 18:22:31,2025-09-29 18:14:13,2025-09-29 18:14:13,867488068383602,447,GTIGN,0x19fe7fbf,,802003,0x8303,0x0115,5,23350,0000,0000,01,00,22,4,4,33538,00,01,0.0,0.0,171,171,1036,1036,-25.047835,-25.047835,-51.542015,-51.542015,0724,0004,85da,0f6ad116,0.0,0.0,0.0,0:00:00,0:38:36,-,-,0,-,,,,,,,,,,,X,NA,0,,,498.0,NA_0
2025-09-29 18:22:31,2025-09-29 18:22:31,2025-09-29 18:14:13,2025-09-29 18:14:13,867488068383602,448,GTSTT,0x19fe7fbf,,802003,0x8303,0x0115,5,23350,0000,0000,01,00,22,4,4,-,00,00,0.0,0.0,171,171,1036,1036,-25.047835,-25.047835,-51.542015,-51.542015,0724,0004,85da,0f6ad116,0.0,0.0,0.0,0:00:00,0:38:36,-,-,0,-,,,,,,,,,,,X,NA,0,,,498.0,NA_0
2025-09-29 18:22:48,2025-09-29 18:22:49,2025-09-29 18:22:48,2025-09-29 18:22:48,867488068383602,449,GTERI,0x19fe3fbf,0x00028102,802003,0x8303,0x0115,5,26335,0000,-,01,00,22,4,4,-,01,01,2.3,2.3,249,249,1035,1035,-25.047915,-25.047915,-51.541813,-51.541813,0724,0004,85da,0f6ad116,0.0,0.0,0.0,0:00:18,0:38:54,-,-,0,-,,,,,04,1,00000000,00,10,,T,NA,0,,,1.0,NA_0
2025-09-29 18:22:48,2025-09-29 18:22:49,2025-09-29 18:22:48,2025-09-29 18:22:48,867488068383602,450,GTIGL,0x19fe7fbf,,802003,0x8303,0x0115,5,26335,0000,0000,01,00,22,4,4,-,01,01,2.3,2.3,249,249,1035,1035,-25.047915,-25.047915,-51.541813,-51.541813,0724,0004,85da,0f6ad116,0.0,0.0,0.0,0:00:18,0:38:54,-,-,0,-,,,,,,,,,00,,X,NA,0,,,1.0,NA_0
2025-09-29 18:25:32,2025-09-29 18:25:32,2025-09-29 18:25:31,2025-09-29 18:25:02,867488068383602,453,GTBTC,0x19fe7fbf,,802003,0x8303,0x0115,5,27179,0000,0000,01,00,22,12,12,-,01,01,0.0,11.8,249,316,1040,1039,-25.047813,-25.047811,-51.541915,-51.541855,0724,0004,85da,0f6ad116,0.0,0.0,0.0,0:03:00,0:41:36,-,-,0,-,,,,,,,,,,,X,NA,0,,,1.0,NA_0
2025-09-29 18:25:36,2025-09-29 18:25:37,2025-09-29 18:25:35,2025-09-29 18:25:36,867488068383602,454,GTERI,0x19fe3fbf,0x00028102,802003,0x8303,0x0115,5,27070,0000,-,01,00,22,12,12,-,01,01,0.0,0.0,115,115,1040,1040,-25.047813,-25.047813,-51.541915,-51.541915,0724,0004,85da,0f6ad116,0.0,0.0,0.0,0:03:06,0:41:42,-,-,0,-,,,,,04,1,00000000,00,10,,T,T5,1,,5.0,2.0,T5_1
2025-09-29 18:26:04,2025-09-29 18:26:04,2025-09-29 18:26:04,2025-09-29 18:26:04,867488068383602,457,GTIGL,0x19fe7fbf,,802003,0x8303,0x0115,23,27254,0000,0000,00,00,12,12,12,-,01,01,0.0,0.0,115,115,1040,1040,-25.047813,-25.047813,-51.541915,-51.541915,0724,0004,85da,0f6ad10a,0.0,0.0,0.0,0:03:33,0:42:09,-,-,0,-,,,,,,,,,01,,X,NA,0,,,0.0,NA_0
2025-09-29 18:26:05,2025-09-29 18:26:04,2025-09-29 18:26:04,2025-09-29 18:26:04,867488068383602,458,GTSTC,0x19fe7fbf,,802003,0x8303,0x0115,23,27254,0000,0000,00,00,12,12,12,-,00,00,0.0,0.0,115,115,1040,1040,-25.047813,-25.047813,-51.541915,-51.541915,0724,0004,85da,0f6ad10a,0.0,0.0,0.0,0:03:33,0:42:09,-,-,0,-,,,,,,,,,,,X,NA,0,,,0.0,NA_0
2025-09-29 18:26:03,2025-09-29 18:26:04,2025-09-29 18:26:03,2025-09-29 18:26:03,867488068383602,455,GTIGF,0x19fe7fbf,,802003,0x8303,0x0115,23,27254,0000,0000,00,00,12,12,12,213,01,01,0.0,0.0,115,115,1040,1040,-25.047813,-25.047813,-51.541915,-51.541915,0724,0004,85da,0f6ad10a,0.0,0.0,0.0,0:03:33,0:42:09,-,-,0,-,,,,,,,,,,,X,NA,0,,,1.0,NA_0
2025-09-29 18:26:04,2025-09-29 18:26:04,2025-09-29 18:26:03,2025-09-29 18:26:03,867488068383602,456,GTSTT,0x19fe7fbf,,802003,0x8303,0x0115,23,27254,0000,0000,00,00,12,12,12,-,01,01,0.0,0.0,115,115,1040,1040,-25.047813,-25.047813,-51.541915,-51.541915,0724,0004,85da,0f6ad10a,0.0,0.0,0.0,0:03:33,0:42:09,-,-,0,-,,,,,,,,,,,X,NA,0,,,1.0,NA_0
2025-09-29 18:26:41,2025-09-29 18:26:42,2025-09-29 18:26:41,2025-09-29 18:26:41,867488068383602,463,GTSTT,0x19fe7fbf,,802003,0x8303,0x0115,12,25421,0000,0000,00,00,11,12,12,-,01,01,0.0,0.0,115,115,1040,1040,-25.047813,-25.047813,-51.541915,-51.541915,0724,0004,85da,0f6ad10a,0.0,0.0,0.0,0:03:33,0:42:09,-,-,0,-,,,,,,,,,,,X,NA,0,,,1.0,NA_0
2025-09-29 18:28:36,2025-09-29 18:28:37,2025-09-29 18:28:35,2025-09-29 18:28:35,867488068383602,466,GTERI,0x19fe3fbf,0x00028102,802003,0x8303,0x0115,6,25160,0000,-,00,00,11,12,12,-,01,01,0.0,0.0,115,115,1040,1040,-25.047813,-25.047813,-51.541915,-51.541915,0724,0004,85da,0f6ad10a,0.0,0.0,0.0,0:03:33,0:42:09,-,-,0,-,,,,,04,3,00000000,00,10,,T,NA,0,,,2.0,NA_0
2025-09-29 18:31:04,2025-09-29 18:31:04,2025-09-29 18:31:04,2025-09-29 18:31:04,867488068383602,469,GTERI,0x19fe3fbf,0x00028102,802003,0x8303,0x0115,5,25095,0000,-,00,00,11,12,12,-,01,01,0.0,0.0,115,115,1040,1040,-25.047813,-25.047813,-51.541915,-51.541915,0724,0004,85da,0f6ad10a,0.0,0.0,0.0,0:03:33,0:42:09,-,-,0,-,,,,,04,3,00000000,00,10,,T,T1,1,,1.0,0.0,T1_1
2025-09-29 19:30:58,2025-09-29 19:30:59,2025-09-29 19:28:31,2025-09-29 19:28:31,867488068383602,500,GTERI,0x19fe3fbf,0x00028102,802003,0x8303,0x0115,6,24902,0000,-,00,00,11,12,12,-,01,01,0.0,0.0,115,115,1040,1040,-25.047813,-25.047813,-51.541915,-51.541915,0724,0004,85da,0f6ad10a,0.0,0.0,0.0,0:03:33,0:42:09,-,-,0,-,,,,,04,3,00000000,00,10,,T,NA,0,,,148.0,NA_0
2025-09-29 20:30:59,2025-09-29 20:30:59,2025-09-29 20:28:33,2025-09-29 20:28:33,867488068383602,531,GTERI,0x19fe3fbf,0x00028102,802003,0x8303,0x0115,7,24756,0000,-,00,00,11,12,12,-,01,01,0.0,0.0,115,115,1040,1040,-25.047813,-25.047813,-51.541915,-51.541915,0724,0004,85da,0f6ad10a,0.0,0.0,0.0,0:03:33,0:42:09,-,-,0,-,,,,,04,3,00000000,00,10,,T,NA,0,,,146.0,NA_0
2025-09-29 21:30:59,2025-09-29 21:30:59,2025-09-29 21:29:00,2025-09-29 21:29:00,867488068383602,562,GTERI,0x19fe3fbf,0x00028102,802003,0x8303,0x0115,7,24585,0000,-,00,00,11,4,4,-,01,01,0.0,0.0,115,115,1040,1040,-25.047813,-25.047813,-51.541915,-51.541915,0724,0004,85da,0f6ad10a,0.0,0.0,0.0,0:03:33,0:42:09,-,-,0,-,,,,,04,3,00000000,00,10,,T,NA,0,,,119.0,NA_0
2025-09-29 22:30:59,2025-09-29 22:30:59,2025-09-29 22:28:39,2025-09-29 22:28:39,867488068383602,593,GTERI,0x19fe3fbf,0x00028102,802003,0x8303,0x0115,8,24353,0000,-,00,00,11,4,4,-,01,01,0.0,0.0,115,115,1040,1040,-25.047813,-25.047813,-51.541915,-51.541915,0724,0004,85da,0f6ad10a,0.0,0.0,0.0,0:03:33,0:42:09,-,-,0,-,,,,,04,3,00000000,00,10,,T,NA,0,,,140.0,NA_0
2025-09-29 23:30:59,2025-09-29 23:30:59,2025-09-29 23:29:02,2025-09-29 23:29:02,867488068383602,624,GTERI,0x19fe3fbf,0x00028102,802003,0x8303,0x0115,8,24272,0000,-,00,00,11,6,6,-,01,01,0.0,0.0,115,115,1040,1040,-25.047813,-25.047813,-51.541915,-51.541915,0724,0004,85da,0f6ad10a,0.0,0.0,0.0,0:03:33,0:42:09,-,-,0,-,,,,,04,3,00000000,00,10,,T,NA,0,,,117.0,NA_0
2025-09-30 00:20:16,2025-09-30 00:19:41,2025-09-29 23:29:02,2025-09-29 23:29:02,867488068383602,649,GTPDP,0x19fe7fbf,,802003,0x8303,0x0115,8,24178,0000,0000,00,00,11,6,6,-,00,00,0.0,0.0,115,115,1040,1040,-25.047813,-25.047813,-51.541915,-51.541915,0000,0000,0000,00000000,0.0,0.0,0.0,0:03:33,0:42:09,-,-,0,-,,,,,,,,,,,X,NA,0,,,3039.0,NA_0
2025-09-30 00:30:59,2025-09-30 00:30:59,2025-09-30 00:28:36,2025-09-30 00:28:36,867488068383602,656,GTERI,0x19fe3fbf,0x00028102,802003,0x8303,0x0115,9,24082,0000,-,00,00,11,5,5,-,01,01,0.0,0.0,115,115,1040,1040,-25.047813,-25.047813,-51.541915,-51.541915,0724,0004,85da,0f6ad10a,0.0,0.0,0.0,0:03:33,0:42:09,-,-,0,-,,,,,04,3,00000000,00,10,,T,NA,0,,,143.0,NA_0
2025-09-30 01:30:59,2025-09-30 01:30:59,2025-09-30 01:29:01,2025-09-30 01:29:01,867488068383602,687,GTERI,0x19fe3fbf,0x00028102,802003,0x8303,0x0115,9,24024,0000,-,00,00,11,7,7,-,01,01,0.0,0.0,115,115,1040,1040,-25.047813,-25.047813,-51.541915,-51.541915,0724,0004,85da,0f6ad10a,0.0,0.0,0.0,0:03:33,0:42:09,-,-,0,-,,,,,04,3,00000000,00,10,,T,NA,0,,,118.0,NA_0
2025-09-30 02:30:59,2025-09-30 02:30:59,2025-09-30 02:28:33,2025-09-30 02:28:33,867488068383602,718,GTERI,0x19fe3fbf,0x00028102,802003,0x8303,0x0115,9,23963,0000,-,00,00,11,6,6,-,01,01,0.0,0.0,115,115,1040,1040,-25.047813,-25.047813,-51.541915,-51.541915,0724,0004,85da,0f6ad10a,0.0,0.0,0.0,0:03:33,0:42:09,-,-,0,-,,,,,04,3,00000000,00,10,,T,NA,0,,,146.0,NA_0
2025-09-30 03:30:59,2025-09-30 03:30:59,2025-09-30 03:28:42,2025-09-30 03:28:42,867488068383602,749,GTERI,0x19fe3fbf,0x00028102,802003,0x8303,0x0115,10,23894,0000,-,00,00,11,4,4,-,01,01,0.0,0.0,115,115,1040,1040,-25.047813,-25.047813,-51.541915,-51.541915,0724,0004,85da,0f6ad10a,0.0,0.0,0.0,0:03:33,0:42:09,-,-,0,-,,,,,04,3,00000000,00,10,,T,NA,0,,,137.0,NA_0
2025-09-30 04:30:59,2025-09-30 04:30:59,2025-09-30 04:28:53,2025-09-30 04:28:53,867488068383602,780,GTERI,0x19fe3fbf,0x00028102,802003,0x8303,0x0115,11,23865,0000,-,00,00,11,6,6,-,01,01,0.0,0.0,115,115,1040,1040,-25.047813,-25.047813,-51.541915,-51.541915,0724,0004,85da,0f6ad10a,0.0,0.0,0.0,0:03:33,0:42:09,-,-,0,-,,,,,04,3,00000000,00,10,,T,NA,0,,,126.0,NA_0
2025-09-30 05:30:59,2025-09-30 05:30:59,2025-09-30 05:28:53,2025-09-30 05:28:53,867488068383602,811,GTERI,0x19fe3fbf,0x00028102,802003,0x8303,0x0115,11,23817,0000,-,00,00,11,4,4,-,01,01,0.0,0.0,115,115,1040,1040,-25.047813,-25.047813,-51.541915,-51.541915,0724,0004,85da,0f6ad10a,0.0,0.0,0.0,0:03:33,0:42:09,-,-,0,-,,,,,04,3,00000000,00,10,,T,NA,0,,,126.0,NA_0
2025-09-30 06:30:59,2025-09-30 06:30:59,2025-09-30 06:28:53,2025-09-30 06:28:53,867488068383602,842,GTERI,0x19fe3fbf,0x00028102,802003,0x8303,0x0115,11,23772,0000,-,00,00,11,5,5,-,01,01,0.0,0.0,115,115,1040,1040,-25.047813,-25.047813,-51.541915,-51.541915,0724,0004,85da,0f6ad10a,0.0,0.0,0.0,0:03:33,0:42:09,-,-,0,-,,,,,04,3,00000000,00,10,,T,NA,0,,,126.0,NA_0
2025-09-30 07:30:59,2025-09-30 07:30:59,2025-09-30 07:28:49,2025-09-30 07:28:49,867488068383602,873,GTERI,0x19fe3fbf,0x00028102,802003,0x8303,0x0115,12,23730,0000,-,00,00,11,6,6,-,01,01,0.0,0.0,115,115,1040,1040,-25.047813,-25.047813,-51.541915,-51.541915,0724,0004,85da,0f6ad10a,0.0,0.0,0.0,0:03:33,0:42:09,-,-,0,-,,,,,04,3,00000000,00,10,,T,NA,0,,,130.0,NA_0
2025-09-30 08:20:08,2025-09-30 08:20:08,2025-09-30 07:28:49,2025-09-30 07:28:49,867488068383602,899,GTIGN,0x19fe7fbf,,802003,0x8303,0x0115,11,23129,0000,0000,01,00,22,6,6,50044,00,01,0.0,0.0,115,115,1040,1040,-25.047813,-25.047813,-51.541915,-51.541915,0724,0004,85da,0f6ad10a,0.0,0.0,0.0,0:00:00,0:42:09,-,-,0,-,,,,,,,,,,,X,NA,0,,,3079.0,NA_0
2025-09-30 08:20:09,2025-09-30 08:20:08,2025-09-30 07:28:49,2025-09-30 07:28:49,867488068383602,900,GTSTT,0x19fe7fbf,,802003,0x8303,0x0115,11,23129,0000,0000,01,00,22,6,6,-,00,00,0.0,0.0,115,115,1040,1040,-25.047813,-25.047813,-51.541915,-51.541915,0724,0004,85da,0f6ad10a,0.0,0.0,0.0,0:00:00,0:42:09,-,-,0,-,,,,,,,,,,,X,NA,0,,,3079.0,NA_0
2025-09-30 08:20:24,2025-09-30 08:20:24,2025-09-30 07:28:49,2025-09-30 07:28:49,867488068383602,902,GTIGF,0x19fe7fbf,,802003,0x8303,0x0115,11,21901,0000,0000,00,00,12,6,6,16,00,00,0.0,0.0,115,115,1040,1040,-25.047813,-25.047813,-51.541915,-51.541915,0724,0004,85da,0f6ad10a,0.0,0.0,0.0,0:00:15,0:42:24,-,-,0,-,,,,,,,,,,,X,NA,0,,,3095.0,NA_0
2025-09-30 08:20:25,2025-09-30 08:20:24,2025-09-30 07:28:49,2025-09-30 07:28:49,867488068383602,903,GTSTT,0x19fe7fbf,,802003,0x8303,0x0115,11,21901,0000,0000,00,00,12,6,6,-,00,00,0.0,0.0,115,115,1040,1040,-25.047813,-25.047813,-51.541915,-51.541915,0724,0004,85da,0f6ad10a,0.0,0.0,0.0,0:00:15,0:42:24,-,-,0,-,,,,,,,,,,,X,NA,0,,,3095.0,NA_0
2025-09-30 08:20:27,2025-09-30 08:20:27,2025-09-30 08:20:27,2025-09-30 08:20:27,867488068383602,904,GTERI,0x19fe3fbf,0x00028102,802003,0x8303,0x0115,11,22204,0000,-,00,00,12,4,4,-,02,02,0.0,0.0,115,115,1016,1016,-25.047711,-25.047711,-51.541859,-51.541859,0724,0004,85da,0f6ad10a,0.0,0.0,0.0,0:00:15,0:42:24,-,-,0,-,,,,,04,3,00000000,00,10,,T,NA,0,,,0.0,NA_0
2025-09-30 08:20:27,2025-09-30 08:20:27,2025-09-30 08:20:27,2025-09-30 08:20:27,867488068383602,905,GTIGL,0x19fe7fbf,,802003,0x8303,0x0115,11,22204,0000,0000,00,00,12,4,4,-,02,02,0.0,0.0,115,115,1016,1016,-25.047711,-25.047711,-51.541859,-51.541859,0724,0004,85da,0f6ad10a,0.0,0.0,0.0,0:00:15,0:42:24,-,-,0,-,,,,,,,,,00,,X,NA,0,,,0.0,NA_0
2025-09-30 08:20:28,2025-09-30 08:20:27,2025-09-30 08:20:27,2025-09-30 08:20:27,867488068383602,906,GTIGL,0x19fe7fbf,,802003,0x8303,0x0115,11,22204,0000,0000,00,00,12,4,4,-,02,02,0.0,0.0,115,115,1016,1016,-25.047711,-25.047711,-51.541859,-51.541859,0724,0004,85da,0f6ad10a,0.0,0.0,0.0,0:00:15,0:42:24,-,-,0,-,,,,,,,,,01,,X,NA,0,,,0.0,NA_0
2025-09-30 08:20:30,2025-09-30 08:20:30,2025-09-30 08:20:29,2025-09-30 08:20:29,867488068383602,910,GTIGN,0x19fe7fbf,,802003,0x8303,0x0115,11,22279,0000,0000,01,00,22,4,4,6,02,02,0.0,0.0,115,115,1016,1016,-25.047711,-25.047711,-51.541859,-51.541859,0724,0004,85da,0f6ad10a,0.0,0.0,0.0,0:00:00,0:42:24,-,-,0,-,,,,,,,,,,,X,NA,0,,,1.0,NA_0
2025-09-30 08:20:30,2025-09-30 08:20:30,2025-09-30 08:20:29,2025-09-30 08:20:29,867488068383602,911,GTSTT,0x19fe7fbf,,802003,0x8303,0x0115,11,22279,0000,0000,01,00,22,4,4,-,02,02,0.0,0.0,115,115,1016,1016,-25.047711,-25.047711,-51.541859,-51.541859,0724,0004,85da,0f6ad10a,0.0,0.0,0.0,0:00:00,0:42:24,-,-,0,-,,,,,,,,,,,X,NA,0,,,1.0,NA_0
2025-09-30 08:20:30,2025-09-30 08:20:30,2025-09-30 08:20:30,2025-09-30 08:20:30,867488068383602,912,GTIGL,0x19fe7fbf,,802003,0x8303,0x0115,11,22279,0000,0000,01,00,22,4,4,-,02,02,0.0,0.0,115,115,1016,1016,-25.047711,-25.047711,-51.541859,-51.541859,0724,0004,85da,0f6ad10a,0.0,0.0,0.0,0:00:00,0:42:24,-,-,0,-,,,,,,,,,00,,X,NA,0,,,0.0,NA_0
2025-09-30 08:20:40,2025-09-30 08:20:40,2025-09-30 08:20:40,2025-09-30 08:20:40,867488068383602,915,GTIGL,0x19fe7fbf,,802003,0x8303,0x0115,11,14767,0000,0000,00,00,12,6,6,-,01,01,0.0,0.0,115,115,1016,1016,-25.047711,-25.047711,-51.541859,-51.541859,0724,0004,85da,0f6ad10a,0.0,0.0,0.0,0:00:09,0:42:33,-,-,0,-,,,,,,,,,01,,X,NA,0,,,0.0,NA_0
2025-09-30 08:20:40,2025-09-30 08:20:40,2025-09-30 08:20:39,2025-09-30 08:20:39,867488068383602,914,GTSTT,0x19fe7fbf,,802003,0x8303,0x0115,11,14767,0000,0000,00,00,12,6,6,-,01,01,0.0,0.0,115,115,1016,1016,-25.047711,-25.047711,-51.541859,-51.541859,0724,0004,85da,0f6ad10a,0.0,0.0,0.0,0:00:09,0:42:33,-,-,0,-,,,,,,,,,,,X,NA,0,,,1.0,NA_0
2025-09-30 08:20:40,2025-09-30 08:20:40,2025-09-30 08:20:39,2025-09-30 08:20:39,867488068383602,913,GTIGF,0x19fe7fbf,,802003,0x8303,0x0115,11,14767,0000,0000,00,00,12,6,6,10,01,01,0.0,0.0,115,115,1016,1016,-25.047711,-25.047711,-51.541859,-51.541859,0724,0004,85da,0f6ad10a,0.0,0.0,0.0,0:00:09,0:42:33,-,-,0,-,,,,,,,,,,,X,NA,0,,,1.0,NA_0
2025-09-30 08:20:46,2025-09-30 08:20:46,2025-09-30 08:20:46,2025-09-30 08:20:46,867488068383602,919,GTIGN,0x19fe7fbf,,802003,0x8303,0x0115,11,22231,0000,0000,01,00,22,6,6,6,01,01,0.0,0.0,115,115,1016,1016,-25.047711,-25.047711,-51.541859,-51.541859,0724,0004,85da,0f6ad10a,0.0,0.0,0.0,0:00:00,0:42:33,-,-,0,-,,,,,,,,,,,X,NA,0,,,0.0,NA_0
2025-09-30 08:20:47,2025-09-30 08:20:46,2025-09-30 08:20:46,2025-09-30 08:20:46,867488068383602,920,GTSTT,0x19fe7fbf,,802003,0x8303,0x0115,11,22231,0000,0000,01,00,22,6,6,-,01,01,0.0,0.0,115,115,1016,1016,-25.047711,-25.047711,-51.541859,-51.541859,0724,0004,85da,0f6ad10a,0.0,0.0,0.0,0:00:00,0:42:33,-,-,0,-,,,,,,,,,,,X,NA,0,,,0.0,NA_0
2025-09-30 08:20:47,2025-09-30 08:20:47,2025-09-30 08:20:47,2025-09-30 08:20:47,867488068383602,921,GTIGL,0x19fe7fbf,,802003,0x8303,0x0115,11,22231,0000,0000,01,00,22,6,6,-,01,01,0.0,0.0,115,115,1016,1016,-25.047711,-25.047711,-51.541859,-51.541859,0724,0004,85da,0f6ad10a,0.0,0.0,0.0,0:00:00,0:42:33,-,-,0,-,,,,,,,,,00,,X,NA,0,,,0.0,NA_0
2025-09-30 08:20:56,2025-09-30 08:20:56,2025-09-30 08:20:55,2025-09-30 08:20:55,867488068383602,922,GTIGF,0x19fe7fbf,,802003,0x8303,0x0115,11,14581,0000,0000,00,00,12,8,8,10,01,01,0.0,0.0,115,115,1016,1016,-25.047711,-25.047711,-51.541859,-51.541859,0724,0004,85da,0f6ad10a,0.0,0.0,0.0,0:00:09,0:42:42,-,-,0,-,,,,,,,,,,,X,NA,0,,,1.0,NA_0
2025-09-30 08:20:56,2025-09-30 08:20:56,2025-09-30 08:20:55,2025-09-30 08:20:55,867488068383602,923,GTSTT,0x19fe7fbf,,802003,0x8303,0x0115,11,14581,0000,0000,00,00,12,8,8,-,01,01,0.0,0.0,115,115,1016,1016,-25.047711,-25.047711,-51.541859,-51.541859,0724,0004,85da,0f6ad10a,0.0,0.0,0.0,0:00:09,0:42:42,-,-,0,-,,,,,,,,,,,X,NA,0,,,1.0,NA_0
2025-09-30 08:20:56,2025-09-30 08:20:56,2025-09-30 08:20:56,2025-09-30 08:20:56,867488068383602,924,GTIGL,0x19fe7fbf,,802003,0x8303,0x0115,11,14581,0000,0000,00,00,12,8,8,-,01,01,0.0,0.0,115,115,1016,1016,-25.047711,-25.047711,-51.541859,-51.541859,0724,0004,85da,0f6ad10a,0.0,0.0,0.0,0:00:09,0:42:42,-,-,0,-,,,,,,,,,01,,X,NA,0,,,0.0,NA_0
2025-09-30 08:21:17,2025-09-30 08:21:17,2025-09-30 08:21:16,2025-09-30 08:21:16,867488068383602,927,GTSTT,0x19fe7fbf,,802003,0x8303,0x0115,11,22339,0000,0000,00,00,11,12,12,-,01,01,0.0,0.0,115,115,1016,1016,-25.047711,-25.047711,-51.541859,-51.541859,0724,0004,85da,0f6ad10a,0.0,0.0,0.0,0:00:09,0:42:42,-,-,0,-,,,,,,,,,,,X,NA,0,,,1.0,NA_0
2025-09-30 08:23:15,2025-09-30 08:23:15,2025-09-30 08:23:13,2025-09-30 08:23:13,867488068383602,930,GTERI,0x19fe3fbf,0x00028102,802003,0x8303,0x0115,10,22491,0000,-,00,00,11,12,12,-,01,01,0.0,0.0,115,115,1016,1016,-25.047711,-25.047711,-51.541859,-51.541859,0724,0004,85da,0f6ad10a,0.0,0.0,0.0,0:00:09,0:42:42,-,-,0,-,,,,,04,3,00000000,00,10,,T,NA,0,,,2.0,NA_0
2025-09-30 08:25:56,2025-09-30 08:25:56,2025-09-30 08:25:56,2025-09-30 08:25:56,867488068383602,933,GTERI,0x19fe3fbf,0x00028102,802003,0x8303,0x0115,10,22548,0000,-,00,00,1a,12,12,-,01,01,0.0,0.0,115,115,1016,1016,-25.047711,-25.047711,-51.541859,-51.541859,0724,0004,85da,0f6ad10a,0.0,0.0,0.0,0:00:09,0:42:42,-,-,0,-,,,,,04,3,00000000,00,10,,T,NA,0,,,0.0,NA_0
2025-09-30 08:28:50,2025-09-30 08:28:49,2025-09-30 08:25:56,2025-09-30 08:25:56,867488068383602,937,GTIGN,0x19fe7fbf,,802003,0x8303,0x0115,10,22674,0000,0000,01,00,22,12,12,473,00,01,0.0,0.0,115,115,1016,1016,-25.047711,-25.047711,-51.541859,-51.541859,0724,0004,85da,0f6ad10a,0.0,0.0,0.0,0:00:00,0:42:42,-,-,0,-,,,,,,,,,,,X,NA,0,,,173.0,NA_0
2025-09-30 08:28:50,2025-09-30 08:28:49,2025-09-30 08:25:56,2025-09-30 08:25:56,867488068383602,938,GTSTT,0x19fe7fbf,,802003,0x8303,0x0115,10,22674,0000,0000,01,00,22,12,12,-,00,00,0.0,0.0,115,115,1016,1016,-25.047711,-25.047711,-51.541859,-51.541859,0724,0004,85da,0f6ad10a,0.0,0.0,0.0,0:00:00,0:42:42,-,-,0,-,,,,,,,,,,,X,NA,0,,,173.0,NA_0
2025-09-30 08:28:59,2025-09-30 08:28:59,2025-09-30 08:28:59,2025-09-30 08:28:59,867488068383602,939,GTERI,0x19fe3fbf,0x00028102,802003,0x8303,0x0115,10,22415,0000,-,01,00,22,12,12,-,01,01,0.0,0.0,115,115,1028,1028,-25.047738,-25.047738,-51.541873,-51.541873,0724,0004,85da,0f6ad10a,0.0,0.0,0.0,0:00:09,0:42:51,-,-,0,-,,,,,04,3,00000000,00,10,,T,NA,0,,,0.0,NA_0
2025-09-30 08:28:59,2025-09-30 08:28:59,2025-09-30 08:28:59,2025-09-30 08:28:59,867488068383602,940,GTIGL,0x19fe7fbf,,802003,0x8303,0x0115,10,22415,0000,0000,01,00,22,12,12,-,01,01,0.0,0.0,115,115,1028,1028,-25.047738,-25.047738,-51.541873,-51.541873,0724,0004,85da,0f6ad10a,0.0,0.0,0.0,0:00:09,0:42:51,-,-,0,-,,,,,,,,,00,,X,NA,0,,,0.0,NA_0
2025-09-30 08:31:49,2025-09-30 08:31:50,2025-09-30 08:31:49,2025-09-30 08:31:49,867488068383602,943,GTBTC,0x19fe7fbf,,802003,0x8303,0x0115,10,27348,0000,0000,01,00,22,12,12,-,01,01,0.0,0.0,288,288,1028,1028,-25.047738,-25.047738,-51.541873,-51.541873,0724,0004,85da,0f6ad10a,0.0,0.0,0.0,0:03:00,0:45:42,-,-,0,-,,,,,,,,,,,X,NA,0,,,1.0,NA_0
2025-09-30 08:31:57,2025-09-30 08:31:57,2025-09-30 08:31:55,2025-09-30 08:31:52,867488068383602,944,GTERI,0x19fe3fbf,0x00028102,802003,0x8303,0x0115,10,27348,0000,-,01,00,22,12,12,-,01,01,5.8,7.1,184,197,1031,1029,-25.047825,-25.047764,-51.541947,-51.54191,0724,0004,85da,0f6ad10a,0.0,0.0,0.0,0:03:06,0:45:48,-,-,0,-,,,,,04,3,00000000,00,10,,T,NA,0,,,2.0,NA_0
2025-09-30 08:34:57,2025-09-30 08:34:57,2025-09-30 08:34:55,2025-09-30 08:32:01,867488068383602,952,GTERI,0x19fe3fbf,0x00028102,802003,0x8303,0x0115,52,27403,0000,-,01,00,22,12,12,-,01,01,0.0,3.3,184,19,1032,1032,-25.047841,-25.047841,-51.542009,-51.541986,0724,0004,85da,0f6ad10a,0.0,0.0,0.0,0:06:06,0:48:48,-,-,0,-,,,,,04,3,00000000,00,10,,T,NA,0,,,2.0,NA_0
2025-09-30 08:37:57,2025-09-30 08:37:57,2025-09-30 08:37:55,2025-09-30 08:37:56,867488068383602,955,GTERI,0x19fe3fbf,0x00028102,802003,0x8303,0x0115,57,27410,0000,-,01,00,22,12,12,-,01,01,0.0,0.0,184,184,1032,1032,-25.047841,-25.047841,-51.542009,-51.542009,0724,0004,85da,0f6ad10a,0.0,0.0,0.0,0:09:06,0:51:48,-,-,0,-,,,,,04,3,00000000,00,10,,T,NA,0,,,2.0,NA_0
2025-09-30 08:40:57,2025-09-30 08:40:57,2025-09-30 08:40:55,2025-09-30 08:40:56,867488068383602,960,GTERI,0x19fe3fbf,0x00028102,802003,0x8303,0x0115,60,27579,0000,-,01,00,22,12,12,-,01,01,0.0,0.0,184,184,1032,1032,-25.047841,-25.047841,-51.542009,-51.542009,0724,0004,85da,0f6ad10a,0.0,0.0,0.0,0:12:06,0:54:48,-,-,0,-,,,,,04,3,00000000,00,10,,T,NA,0,,,2.0,NA_0
2025-09-30 08:43:57,2025-09-30 08:43:57,2025-09-30 08:43:55,2025-09-30 08:43:56,867488068383602,963,GTERI,0x19fe3fbf,0x00028102,802003,0x8303,0x0115,62,27438,0000,-,01,00,22,12,12,-,01,01,0.0,0.0,184,184,1032,1032,-25.047841,-25.047841,-51.542009,-51.542009,0724,0004,85da,0f6ad10a,0.0,0.0,0.0,0:15:06,0:57:48,-,-,0,-,,,,,04,3,00000000,00,10,,T,NA,0,,,2.0,NA_0
2025-09-30 08:46:57,2025-09-30 08:46:57,2025-09-30 08:46:55,2025-09-30 08:46:56,867488068383602,968,GTERI,0x19fe3fbf,0x00028102,802003,0x8303,0x0115,64,27404,0000,-,01,00,22,12,12,-,01,01,0.0,0.0,184,184,1032,1032,-25.047841,-25.047841,-51.542009,-51.542009,0724,0004,85da,0f6ad10a,0.0,0.0,0.0,0:18:06,1:00:48,-,-,0,-,,,,,04,3,00000000,00,10,,T,NA,0,,,2.0,NA_0
2025-09-30 08:49:57,2025-09-30 08:49:57,2025-09-30 08:49:55,2025-09-30 08:49:56,867488068383602,971,GTERI,0x19fe3fbf,0x00028102,802003,0x8303,0x0115,66,27436,0000,-,01,00,22,12,12,-,01,01,0.0,0.0,184,184,1032,1032,-25.047841,-25.047841,-51.542009,-51.542009,0724,0004,85da,0f6ad10a,0.0,0.0,0.0,0:21:06,1:03:48,-,-,0,-,,,,,04,3,00000000,00,10,,T,NA,0,,,2.0,NA_0
2025-09-30 08:52:57,2025-09-30 08:52:57,2025-09-30 08:52:55,2025-09-30 08:52:56,867488068383602,976,GTERI,0x19fe3fbf,0x00028102,802003,0x8303,0x0115,68,27478,0000,-,01,00,22,12,12,-,01,01,0.0,0.0,184,184,1032,1032,-25.047841,-25.047841,-51.542009,-51.542009,0724,0004,85da,0f6ad10a,0.0,0.0,0.0,0:24:06,1:06:48,-,-,0,-,,,,,04,3,00000000,00,10,,T,NA,0,,,2.0,NA_0
2025-09-30 08:55:57,2025-09-30 08:55:57,2025-09-30 08:55:55,2025-09-30 08:55:56,867488068383602,981,GTERI,0x19fe3fbf,0x00028102,802003,0x8303,0x0115,69,27482,0000,-,01,00,22,12,12,-,01,01,0.0,0.0,184,184,1032,1032,-25.047841,-25.047841,-51.542009,-51.542009,0724,0004,85da,0f6ad10a,0.0,0.0,0.0,0:27:06,1:09:48,-,-,0,-,,,,,04,3,00000000,00,10,,T,NA,0,,,2.0,NA_0
2025-09-30 08:58:57,2025-09-30 08:58:57,2025-09-30 08:58:55,2025-09-30 08:58:56,867488068383602,985,GTERI,0x19fe3fbf,0x00028102,802003,0x8303,0x0115,71,27601,0000,-,01,00,22,12,12,-,01,01,0.0,0.0,184,184,1032,1032,-25.047841,-25.047841,-51.542009,-51.542009,0724,0004,85da,0f6ad10a,0.0,0.0,0.0,0:30:06,1:12:48,-,-,0,-,,,,,04,3,00000000,00,10,,T,NA,0,,,2.0,NA_0
2025-09-30 09:01:57,2025-09-30 09:01:57,2025-09-30 09:01:55,2025-09-30 09:01:56,867488068383602,989,GTERI,0x19fe3fbf,0x00028102,802003,0x8303,0x0115,71,27636,0000,-,01,00,22,12,12,-,01,01,0.0,0.0,184,184,1032,1032,-25.047841,-25.047841,-51.542009,-51.542009,0724,0004,85da,0f6ad10a,0.0,0.0,0.0,0:33:06,1:15:48,-,-,0,-,,,,,04,3,00000000,00,10,,T,NA,0,,,2.0,NA_0
2025-09-30 09:04:57,2025-09-30 09:04:57,2025-09-30 09:04:55,2025-09-30 09:04:56,867488068383602,993,GTERI,0x19fe3fbf,0x00028102,802003,0x8303,0x0115,72,27697,0000,-,01,00,22,12,12,-,01,01,0.0,0.0,184,184,1032,1032,-25.047841,-25.047841,-51.542009,-51.542009,0724,0004,85da,0f6ad10a,0.0,0.0,0.0,0:36:06,1:18:48,-,-,0,-,,,,,04,3,00000000,00,10,,T,NA,0,,,2.0,NA_0
2025-09-30 09:07:57,2025-09-30 09:07:57,2025-09-30 09:07:55,2025-09-30 09:07:56,867488068383602,997,GTERI,0x19fe3fbf,0x00028102,802003,0x8303,0x0115,73,27629,0000,-,01,00,22,12,12,-,01,01,0.0,0.0,184,184,1032,1032,-25.047841,-25.047841,-51.542009,-51.542009,0724,0004,85da,0f6ad10a,0.0,0.0,0.0,0:39:06,1:21:48,-,-,0,-,,,,,04,3,00000000,00,10,,T,NA,0,,,2.0,NA_0
2025-09-30 09:10:57,2025-09-30 09:10:57,2025-09-30 09:10:55,2025-09-30 09:10:56,867488068383602,1001,GTERI,0x19fe3fbf,0x00028102,802003,0x8303,0x0115,73,27702,0000,-,01,00,22,12,12,-,01,01,0.0,0.0,184,184,1032,1032,-25.047841,-25.047841,-51.542009,-51.542009,0724,0004,85da,0f6ad10a,0.0,0.0,0.0,0:42:06,1:24:48,-,-,0,-,,,,,04,3,00000000,00,10,,T,NA,0,,,2.0,NA_0
2025-09-30 09:13:57,2025-09-30 09:13:57,2025-09-30 09:13:55,2025-09-30 09:13:56,867488068383602,1005,GTERI,0x19fe3fbf,0x00028102,802003,0x8303,0x0115,74,27690,0000,-,01,00,22,12,12,-,01,01,0.0,0.0,184,184,1032,1032,-25.047841,-25.047841,-51.542009,-51.542009,0724,0004,85da,0f6ad10a,0.0,0.0,0.0,0:45:06,1:27:48,-,-,0,-,,,,,04,3,00000000,00,10,,T,NA,0,,,2.0,NA_0
2025-09-30 09:16:57,2025-09-30 09:16:57,2025-09-30 09:16:55,2025-09-30 09:16:56,867488068383602,1009,GTERI,0x19fe3fbf,0x00028102,802003,0x8303,0x0115,75,27757,0000,-,01,00,22,12,12,-,01,01,0.0,0.0,184,184,1032,1032,-25.047841,-25.047841,-51.542009,-51.542009,0724,0004,85da,0f6ad10a,0.0,0.0,0.0,0:48:06,1:30:48,-,-,0,-,,,,,04,3,00000000,00,10,,T,NA,0,,,2.0,NA_0
2025-09-30 09:19:57,2025-09-30 09:19:57,2025-09-30 09:19:55,2025-09-30 09:19:56,867488068383602,1013,GTERI,0x19fe3fbf,0x00028102,802003,0x8303,0x0115,76,27792,0000,-,01,00,22,12,12,-,01,01,0.0,0.0,184,184,1032,1032,-25.047841,-25.047841,-51.542009,-51.542009,0724,0004,85da,0f6ad10a,0.0,0.0,0.0,0:51:06,1:33:48,-,-,0,-,,,,,04,3,00000000,00,10,,T,NA,0,,,2.0,NA_0
2025-09-30 09:22:34,2025-09-30 09:22:34,2025-09-30 09:22:33,2025-09-30 09:22:33,867488068383602,1017,GTIGF,0x19fe7fbf,,802003,0x8303,0x0115,76,27778,0000,0000,00,00,12,12,12,3225,01,01,0.0,0.0,184,184,1032,1032,-25.047841,-25.047841,-51.542009,-51.542009,0724,0004,85da,0f6ad10a,0.0,0.0,0.0,0:53:42,1:36:24,-,-,0,-,,,,,,,,,,,X,NA,0,,,1.0,NA_0
2025-09-30 09:22:34,2025-09-30 09:22:34,2025-09-30 09:22:33,2025-09-30 09:22:33,867488068383602,1018,GTSTT,0x19fe7fbf,,802003,0x8303,0x0115,76,27778,0000,0000,00,00,12,12,12,-,01,01,0.0,0.0,184,184,1032,1032,-25.047841,-25.047841,-51.542009,-51.542009,0724,0004,85da,0f6ad10a,0.0,0.0,0.0,0:53:42,1:36:24,-,-,0,-,,,,,,,,,,,X,NA,0,,,1.0,NA_0
2025-09-30 09:22:34,2025-09-30 09:22:34,2025-09-30 09:22:33,2025-09-30 09:22:33,867488068383602,1019,GTSTC,0x19fe7fbf,,802003,0x8303,0x0115,76,27778,0000,0000,00,00,12,12,12,-,01,01,0.0,0.0,184,184,1032,1032,-25.047841,-25.047841,-51.542009,-51.542009,0724,0004,85da,0f6ad10a,0.0,0.0,0.0,0:53:42,1:36:24,-,-,0,-,,,,,,,,,,,X,NA,0,,,1.0,NA_0
2025-09-30 09:22:35,2025-09-30 09:22:34,2025-09-30 09:22:34,2025-09-30 09:22:34,867488068383602,1020,GTIGL,0x19fe7fbf,,802003,0x8303,0x0115,76,27778,0000,0000,00,00,12,12,12,-,01,01,0.0,0.0,184,184,1032,1032,-25.047841,-25.047841,-51.542009,-51.542009,0724,0004,85da,0f6ad10a,0.0,0.0,0.0,0:53:42,1:36:24,-,-,0,-,,,,,,,,,01,,X,NA,0,,,0.0,NA_0
2025-09-30 09:22:54,2025-09-30 09:22:55,2025-09-30 09:22:54,2025-09-30 09:22:54,867488068383602,1023,GTSTT,0x19fe7fbf,,802003,0x8303,0x0115,72,26380,0000,0000,00,00,11,12,12,-,01,01,0.0,0.0,184,184,1032,1032,-25.047841,-25.047841,-51.542009,-51.542009,0724,0004,85da,0f6ad10a,0.0,0.0,0.0,0:53:42,1:36:24,-,-,0,-,,,,,,,,,,,X,NA,0,,,1.0,NA_0
2025-09-30 09:22:57,2025-09-30 09:22:57,2025-09-30 09:22:55,2025-09-30 09:22:55,867488068383602,1024,GTERI,0x19fe3fbf,0x00028102,802003,0x8303,0x0115,72,26330,0000,-,00,00,11,12,12,-,01,01,0.0,0.0,184,184,1032,1032,-25.047841,-25.047841,-51.542009,-51.542009,0724,0004,85da,0f6ad10a,0.0,0.0,0.0,0:53:42,1:36:24,-,-,0,-,,,,,04,3,00000000,00,10,,T,NA,0,,,2.0,NA_0
2025-09-30 09:25:57,2025-09-30 09:25:57,2025-09-30 09:25:55,2025-09-30 09:25:55,867488068383602,1028,GTERI,0x19fe3fbf,0x00028102,802003,0x8303,0x0115,56,25926,0000,-,00,00,11,12,12,-,01,01,0.0,0.0,184,184,1032,1032,-25.047841,-25.047841,-51.542009,-51.542009,0724,0004,85da,0f6ad10a,0.0,0.0,0.0,0:53:42,1:36:24,-,-,0,-,,,,,04,3,00000000,00,10,,T,NA,0,,,2.0,NA_0
2025-09-30 09:27:34,2025-09-30 09:27:34,2025-09-30 09:27:34,2025-09-30 09:27:34,867488068383602,1031,GTERI,0x19fe3fbf,0x00028102,802003,0x8303,0x0115,54,25858,0000,-,00,00,11,12,12,-,01,01,0.0,0.0,184,184,1032,1032,-25.047841,-25.047841,-51.542009,-51.542009,0724,0004,85da,0f6ad10a,0.0,0.0,0.0,0:53:42,1:36:24,-,-,0,-,,,,,04,3,00000000,00,10,,T,NA,0,,,0.0,NA_0
2025-09-30 10:27:25,2025-09-30 10:27:25,2025-09-30 10:25:00,2025-09-30 10:25:00,867488068383602,1062,GTERI,0x19fe3fbf,0x00028102,802003,0x8303,0x0115,47,25705,0000,-,00,00,11,12,12,-,01,01,0.0,0.0,184,184,1032,1032,-25.047841,-25.047841,-51.542009,-51.542009,0724,0004,85da,0f6ad10a,0.0,0.0,0.0,0:53:42,1:36:24,-,-,0,-,,,,,04,3,00000000,00,10,,T,NA,0,,,145.0,NA_0
2025-09-30 11:27:25,2025-09-30 11:27:25,2025-09-30 11:25:00,2025-09-30 11:25:00,867488068383602,1093,GTERI,0x19fe3fbf,0x00028102,802003,0x8303,0x0115,46,25620,0000,-,00,00,11,12,12,-,01,01,0.0,0.0,184,184,1032,1032,-25.047841,-25.047841,-51.542009,-51.542009,0724,0004,85da,0f6ad10a,0.0,0.0,0.0,0:53:42,1:36:24,-,-,0,-,,,,,04,3,00000000,00,10,,T,NA,0,,,145.0,NA_0
2025-09-30 12:27:25,2025-09-30 12:27:25,2025-09-30 12:24:59,2025-09-30 12:24:59,867488068383602,1124,GTERI,0x19fe3fbf,0x00028102,802003,0x8303,0x0115,46,25541,0000,-,00,00,11,5,5,-,01,01,0.0,0.0,184,184,1032,1032,-25.047841,-25.047841,-51.542009,-51.542009,0724,0004,85da,0f6ad10a,0.0,0.0,0.0,0:53:42,1:36:24,-,-,0,-,,,,,04,3,00000000,00,10,,T,NA,0,,,146.0,NA_0
2025-09-30 13:27:25,2025-09-30 13:27:25,2025-09-30 13:25:22,2025-09-30 13:25:22,867488068383602,1156,GTERI,0x19fe3fbf,0x00028102,802003,0x8303,0x0115,45,25526,0000,-,00,00,11,5,5,-,01,01,0.0,0.0,184,184,1032,1032,-25.047841,-25.047841,-51.542009,-51.542009,0724,0004,85da,0f6ad10a,0.0,0.0,0.0,0:53:42,1:36:24,-,-,0,-,,,,,04,3,00000000,00,10,,T,NA,0,,,123.0,NA_0
2025-09-30 14:27:25,2025-09-30 14:27:25,2025-09-30 14:25:01,2025-09-30 14:25:01,867488068383602,1187,GTERI,0x19fe3fbf,0x00028102,802003,0x8303,0x0115,46,25546,0000,-,00,00,11,5,5,-,01,01,0.0,0.0,184,184,1032,1032,-25.047841,-25.047841,-51.542009,-51.542009,0724,0004,85da,0f6ad10a,0.0,0.0,0.0,0:53:42,1:36:24,-,-,0,-,,,,,04,3,00000000,00,10,,T,NA,0,,,144.0,NA_0
2025-09-30 15:27:25,2025-09-30 15:27:25,2025-09-30 15:25:06,2025-09-30 15:25:06,867488068383602,1218,GTERI,0x19fe3fbf,0x00028102,802003,0x8303,0x0115,46,25515,0000,-,00,00,11,4,4,-,01,01,0.0,0.0,184,184,1032,1032,-25.047841,-25.047841,-51.542009,-51.542009,0724,0004,85da,0f6ad10a,0.0,0.0,0.0,0:53:42,1:36:24,-,-,0,-,,,,,04,3,00000000,00,10,,T,NA,0,,,139.0,NA_0
2025-09-30 16:27:25,2025-09-30 16:27:25,2025-09-30 16:25:22,2025-09-30 16:25:22,867488068383602,1249,GTERI,0x19fe3fbf,0x00028102,802003,0x8303,0x0115,46,25494,0000,-,00,00,11,6,6,-,01,01,0.0,0.0,184,184,1032,1032,-25.047841,-25.047841,-51.542009,-51.542009,0724,0004,85da,0f6ad10a,0.0,0.0,0.0,0:53:42,1:36:24,-,-,0,-,,,,,04,3,00000000,00,10,,T,NA,0,,,123.0,NA_0
2025-09-30 17:27:25,2025-09-30 17:27:25,2025-09-30 17:25:09,2025-09-30 17:25:09,867488068383602,1280,GTERI,0x19fe3fbf,0x00028102,802003,0x8303,0x0115,47,25379,0000,-,00,00,11,4,4,-,01,01,0.0,0.0,184,184,1032,1032,-25.047841,-25.047841,-51.542009,-51.542009,0724,0004,85da,0f6ad10a,0.0,0.0,0.0,0:53:42,1:36:24,-,-,0,-,,,,,04,3,00000000,00,10,,T,NA,0,,,136.0,NA_0
2025-09-30 18:27:25,2025-09-30 18:27:25,2025-09-30 18:25:23,2025-09-30 18:25:23,867488068383602,1311,GTERI,0x19fe3fbf,0x00028102,802003,0x8303,0x0115,47,25437,0000,-,00,00,11,7,7,-,01,01,0.0,0.0,184,184,1032,1032,-25.047841,-25.047841,-51.542009,-51.542009,0724,0004,85da,0f6ad10a,0.0,0.0,0.0,0:53:42,1:36:24,-,-,0,-,,,,,04,3,00000000,00,10,,T,NA,0,,,122.0,NA_0
2025-09-30 18:30:58,2025-09-30 18:30:57,2025-09-30 18:25:23,2025-09-30 18:25:23,867488068383602,1315,GTIGN,0x19fe7fbf,,802003,0x8303,0x0115,47,25323,0000,0000,01,00,22,7,7,32903,00,01,0.0,0.0,184,184,1032,1032,-25.047841,-25.047841,-51.542009,-51.542009,0724,0004,85da,0f6ad10a,0.0,0.0,0.0,0:00:00,1:36:24,-,-,0,-,,,,,,,,,,,X,NA,0,,,334.0,NA_0
2025-09-30 18:30:58,2025-09-30 18:30:57,2025-09-30 18:25:23,2025-09-30 18:25:23,867488068383602,1316,GTSTT,0x19fe7fbf,,802003,0x8303,0x0115,47,25323,0000,0000,01,00,22,7,7,-,00,00,0.0,0.0,184,184,1032,1032,-25.047841,-25.047841,-51.542009,-51.542009,0724,0004,85da,0f6ad10a,0.0,0.0,0.0,0:00:00,1:36:24,-,-,0,-,,,,,,,,,,,X,NA,0,,,334.0,NA_0
2025-09-30 18:31:10,2025-09-30 18:31:10,2025-09-30 18:31:10,2025-09-30 18:31:10,867488068383602,1317,GTERI,0x19fe3fbf,0x00028102,802003,0x8303,0x0115,47,26960,0000,-,01,00,22,6,6,-,01,01,0.0,0.0,184,184,1016,1016,-25.047926,-25.047926,-51.5422,-51.5422,0724,0004,85da,0f6ad10a,0.0,0.0,0.0,0:00:12,1:36:36,-,-,0,-,,,,,04,3,00000000,00,10,,T,NA,0,,,0.0,NA_0
2025-09-30 18:31:10,2025-09-30 18:31:10,2025-09-30 18:31:10,2025-09-30 18:31:10,867488068383602,1318,GTIGL,0x19fe7fbf,,802003,0x8303,0x0115,47,26960,0000,0000,01,00,22,6,6,-,01,01,0.0,0.0,184,184,1016,1016,-25.047926,-25.047926,-51.5422,-51.5422,0724,0004,85da,0f6ad10a,0.0,0.0,0.0,0:00:12,1:36:36,-,-,0,-,,,,,,,,,00,,X,NA,0,,,0.0,NA_0
2025-09-30 18:33:59,2025-09-30 18:33:58,2025-09-30 18:33:58,2025-09-30 18:32:45,867488068383602,1321,GTBTC,0x19fe7fbf,,802003,0x8303,0x0115,47,27725,0000,0000,01,00,22,12,12,-,01,01,0.0,13.1,184,351,1031,1028,-25.047804,-25.047878,-51.542014,-51.541986,0724,0004,85da,0f6ad10a,0.0,0.1,0.1,0:03:00,1:39:24,-,-,0,-,,,,,,,,,,,X,NA,0,,,0.0,NA_0
2025-09-30 18:34:06,2025-09-30 18:34:06,2025-09-30 18:34:05,2025-09-30 18:34:06,867488068383602,1322,GTERI,0x19fe3fbf,0x00028102,802003,0x8303,0x0115,47,27742,0000,-,01,00,22,12,12,-,01,01,0.0,0.0,184,184,1031,1031,-25.047804,-25.047804,-51.542014,-51.542014,0724,0004,85da,0f6ad10a,0.0,0.1,0.1,0:03:06,1:39:30,-,-,0,-,,,,,04,3,00000000,00,10,,T,T5,2,,2.0,1.0,T5_2
2025-09-30 18:34:15,2025-09-30 18:34:14,2025-09-30 18:34:14,2025-09-30 18:34:14,867488068383602,1323,GTIGF,0x19fe7fbf,,802003,0x8303,0x0115,49,26120,0000,0000,00,00,12,12,12,197,01,01,0.0,0.0,184,184,1031,1031,-25.047804,-25.047804,-51.542014,-51.542014,0724,0004,85da,0f6ad10a,0.0,0.1,0.1,0:03:15,1:39:39,-,-,0,-,,,,,,,,,,,X,NA,0,,,0.0,NA_0
2025-09-30 18:34:15,2025-09-30 18:34:14,2025-09-30 18:34:14,2025-09-30 18:34:14,867488068383602,1324,GTSTT,0x19fe7fbf,,802003,0x8303,0x0115,49,26120,0000,0000,00,00,12,12,12,-,01,01,0.0,0.0,184,184,1031,1031,-25.047804,-25.047804,-51.542014,-51.542014,0724,0004,85da,0f6ad10a,0.0,0.1,0.1,0:03:15,1:39:39,-,-,0,-,,,,,,,,,,,X,NA,0,,,0.0,NA_0
2025-09-30 18:34:17,2025-09-30 18:34:15,2025-09-30 18:34:15,2025-09-30 18:34:15,867488068383602,1328,GTIGL,0x19fe7fbf,,802003,0x8303,0x0115,53,26072,0000,0000,00,00,12,12,12,-,01,01,0.0,0.0,184,184,1031,1031,-25.047804,-25.047804,-51.542014,-51.542014,0724,0004,85da,0f6ad10a,0.0,0.1,0.1,0:03:15,1:39:39,-,-,0,-,,,,,,,,,01,,X,NA,0,,,0.0,NA_0
2025-09-30 18:34:15,2025-09-30 18:34:15,2025-09-30 18:34:14,2025-09-30 18:34:14,867488068383602,1325,GTSTC,0x19fe7fbf,,802003,0x8303,0x0115,53,26072,0000,0000,00,00,12,12,12,-,01,01,0.0,0.0,184,184,1031,1031,-25.047804,-25.047804,-51.542014,-51.542014,0724,0004,85da,0f6ad10a,0.0,0.1,0.1,0:03:15,1:39:39,-,-,0,-,,,,,,,,,,,X,NA,0,,,1.0,NA_0
2025-09-30 18:34:58,2025-09-30 18:34:58,2025-09-30 18:34:57,2025-09-30 18:34:57,867488068383602,1331,GTSTT,0x19fe7fbf,,802003,0x8303,0x0115,50,25726,0000,0000,00,00,11,12,12,-,01,01,0.0,0.0,184,184,1031,1031,-25.047804,-25.047804,-51.542014,-51.542014,0724,0004,85da,0f6ad10a,0.0,0.1,0.1,0:03:15,1:39:39,-,-,0,-,,,,,,,,,,,X,NA,0,,,1.0,NA_0
2025-09-30 18:37:06,2025-09-30 18:37:06,2025-09-30 18:37:04,2025-09-30 18:37:04,867488068383602,1334,GTERI,0x19fe3fbf,0x00028102,802003,0x8303,0x0115,48,25625,0000,-,00,00,11,12,12,-,01,01,0.0,0.0,184,184,1031,1031,-25.047804,-25.047804,-51.542014,-51.542014,0724,0004,85da,0f6ad10a,0.0,0.1,0.1,0:03:15,1:39:39,-,-,0,-,,,,,04,3,00000000,00,10,,T,NA,0,,,2.0,NA_0
2025-09-30 18:39:15,2025-09-30 18:39:15,2025-09-30 18:39:15,2025-09-30 18:39:15,867488068383602,1337,GTERI,0x19fe3fbf,0x00028102,802003,0x8303,0x0115,47,25540,0000,-,00,00,11,12,12,-,01,01,0.0,0.0,184,184,1031,1031,-25.047804,-25.047804,-51.542014,-51.542014,0724,0004,85da,0f6ad10a,0.0,0.1,0.1,0:03:15,1:39:39,-,-,0,-,,,,,04,3,00000000,00,10,,T,T1,2,,0.0,0.0,T1_2
2025-09-30 19:39:10,2025-09-30 19:39:10,2025-09-30 19:36:44,2025-09-30 19:36:44,867488068383602,1368,GTERI,0x19fe3fbf,0x00028102,802003,0x8303,0x0115,47,25313,0000,-,00,00,11,12,12,-,01,01,0.0,0.0,184,184,1031,1031,-25.047804,-25.047804,-51.542014,-51.542014,0724,0004,85da,0f6ad10a,0.0,0.1,0.1,0:03:15,1:39:39,-,-,0,-,,,,,04,3,00000000,00,10,,T,NA,0,,,146.0,NA_0
2025-09-30 20:39:10,2025-09-30 20:39:10,2025-09-30 20:36:45,2025-09-30 20:36:45,867488068383602,1399,GTERI,0x19fe3fbf,0x00028102,802003,0x8303,0x0115,48,25237,0000,-,00,00,11,12,12,-,01,01,0.0,0.0,184,184,1031,1031,-25.047804,-25.047804,-51.542014,-51.542014,0724,0004,85da,0f6ad10a,0.0,0.1,0.1,0:03:15,1:39:39,-,-,0,-,,,,,04,3,00000000,00,10,,T,NA,0,,,145.0,NA_0
2025-09-30 21:39:10,2025-09-30 21:39:10,2025-09-30 21:37:05,2025-09-30 21:37:05,867488068383602,1430,GTERI,0x19fe3fbf,0x00028102,802003,0x8303,0x0115,47,25229,0000,-,00,00,11,6,6,-,01,01,0.0,0.0,184,184,1031,1031,-25.047804,-25.047804,-51.542014,-51.542014,0724,0004,85da,0f6ad10a,0.0,0.1,0.1,0:03:15,1:39:39,-,-,0,-,,,,,04,3,00000000,00,10,,T,NA,0,,,125.0,NA_0
2025-09-30 22:39:10,2025-09-30 22:39:10,2025-09-30 22:36:46,2025-09-30 22:36:46,867488068383602,1461,GTERI,0x19fe3fbf,0x00028102,802003,0x8303,0x0115,48,25101,0000,-,00,00,11,5,5,-,01,01,0.0,0.0,184,184,1031,1031,-25.047804,-25.047804,-51.542014,-51.542014,0724,0004,85da,0f6ad10a,0.0,0.1,0.1,0:03:15,1:39:39,-,-,0,-,,,,,04,3,00000000,00,10,,T,NA,0,,,144.0,NA_0
2025-09-30 23:39:10,2025-09-30 23:39:10,2025-09-30 23:36:48,2025-09-30 23:36:48,867488068383602,1492,GTERI,0x19fe3fbf,0x00028102,802003,0x8303,0x0115,48,25067,0000,-,00,00,11,4,4,-,01,01,0.0,0.0,184,184,1031,1031,-25.047804,-25.047804,-51.542014,-51.542014,0724,0004,85da,0f6ad10a,0.0,0.1,0.1,0:03:15,1:39:39,-,-,0,-,,,,,04,3,00000000,00,10,,T,NA,0,,,142.0,NA_0
2025-10-01 00:39:10,2025-10-01 00:39:10,2025-10-01 00:36:51,2025-10-01 00:36:51,867488068383602,1523,GTERI,0x19fe3fbf,0x00028102,802003,0x8303,0x0115,48,25101,0000,-,00,00,11,4,4,-,01,01,0.0,0.0,184,184,1031,1031,-25.047804,-25.047804,-51.542014,-51.542014,0724,0004,85da,0f6ad10a,0.0,0.1,0.1,0:03:15,1:39:39,-,-,0,-,,,,,04,3,00000000,00,10,,T,NA,0,,,139.0,NA_0
2025-10-01 01:39:10,2025-10-01 01:39:10,2025-10-01 01:37:05,2025-10-01 01:37:05,867488068383602,1554,GTERI,0x19fe3fbf,0x00028102,802003,0x8303,0x0115,48,25060,0000,-,00,00,11,6,6,-,01,01,0.0,0.0,184,184,1031,1031,-25.047804,-25.047804,-51.542014,-51.542014,0724,0004,85da,0f6ad116,0.0,0.1,0.1,0:03:15,1:39:39,-,-,0,-,,,,,04,1,00000000,00,10,,T,NA,0,,,125.0,NA_0
2025-10-01 02:39:10,2025-10-01 02:39:10,2025-10-01 02:36:46,2025-10-01 02:36:46,867488068383602,1585,GTERI,0x19fe3fbf,0x00028102,802003,0x8303,0x0115,48,25017,0000,-,00,00,11,5,5,-,01,01,0.0,0.0,184,184,1031,1031,-25.047804,-25.047804,-51.542014,-51.542014,0724,0004,85da,0f6ad10a,0.0,0.1,0.1,0:03:15,1:39:39,-,-,0,-,,,,,04,3,00000000,00,10,,T,NA,0,,,144.0,NA_0
2025-10-01 03:39:10,2025-10-01 03:39:10,2025-10-01 03:36:55,2025-10-01 03:36:55,867488068383602,1616,GTERI,0x19fe3fbf,0x00028102,802003,0x8303,0x0115,48,24955,0000,-,00,00,11,4,4,-,01,01,0.0,0.0,184,184,1031,1031,-25.047804,-25.047804,-51.542014,-51.542014,0724,0004,85da,0f6ad10a,0.0,0.1,0.1,0:03:15,1:39:39,-,-,0,-,,,,,04,3,00000000,00,10,,T,NA,0,,,135.0,NA_0
2025-10-01 04:39:10,2025-10-01 04:39:10,2025-10-01 04:37:06,2025-10-01 04:37:06,867488068383602,1647,GTERI,0x19fe3fbf,0x00028102,802003,0x8303,0x0115,48,24888,0000,-,00,00,11,9,9,-,01,01,0.0,0.0,184,184,1031,1031,-25.047804,-25.047804,-51.542014,-51.542014,0724,0004,85da,0f6ad10a,0.0,0.1,0.1,0:03:15,1:39:39,-,-,0,-,,,,,04,3,00000000,00,10,,T,NA,0,,,124.0,NA_0
2025-10-01 05:39:10,2025-10-01 05:39:10,2025-10-01 05:36:46,2025-10-01 05:36:46,867488068383602,1678,GTERI,0x19fe3fbf,0x00028102,802003,0x8303,0x0115,48,24855,0000,-,00,00,11,7,7,-,01,01,0.0,0.0,184,184,1031,1031,-25.047804,-25.047804,-51.542014,-51.542014,0724,0004,85da,0f6ad10a,0.0,0.1,0.1,0:03:15,1:39:39,-,-,0,-,,,,,04,3,00000000,00,10,,T,NA,0,,,144.0,NA_0
2025-10-01 06:39:10,2025-10-01 06:39:10,2025-10-01 06:36:45,2025-10-01 06:36:45,867488068383602,1709,GTERI,0x19fe3fbf,0x00028102,802003,0x8303,0x0115,48,24849,0000,-,00,00,11,5,5,-,01,01,0.0,0.0,184,184,1031,1031,-25.047804,-25.047804,-51.542014,-51.542014,0724,0004,85da,0f6ad10a,0.0,0.1,0.1,0:03:15,1:39:39,-,-,0,-,,,,,04,3,00000000,00,10,,T,NA,0,,,145.0,NA_0
2025-10-01 07:39:10,2025-10-01 07:39:10,2025-10-01 07:37:05,2025-10-01 07:37:05,867488068383602,1740,GTERI,0x19fe3fbf,0x00028102,802003,0x8303,0x0115,48,24829,0000,-,00,00,11,4,4,-,01,01,0.0,0.0,184,184,1031,1031,-25.047804,-25.047804,-51.542014,-51.542014,0724,0004,85da,0f6ad10a,0.0,0.1,0.1,0:03:15,1:39:39,-,-,0,-,,,,,04,3,00000000,00,10,,T,NA,0,,,125.0,NA_0
2025-10-01 08:25:18,2025-10-01 08:25:18,2025-10-01 07:37:05,2025-10-01 07:37:05,867488068383602,1765,GTIGN,0x19fe7fbf,,802003,0x8303,0x0115,48,24800,0000,0000,01,00,22,4,4,49864,00,01,0.0,0.0,184,184,1031,1031,-25.047804,-25.047804,-51.542014,-51.542014,0724,0004,85da,0f6ad10a,0.0,0.1,0.1,0:00:00,1:39:39,-,-,0,-,,,,,,,,,,,X,NA,0,,,2893.0,NA_0
2025-10-01 08:25:18,2025-10-01 08:25:18,2025-10-01 07:37:05,2025-10-01 07:37:05,867488068383602,1766,GTSTT,0x19fe7fbf,,802003,0x8303,0x0115,48,24800,0000,0000,01,00,22,4,4,-,00,00,0.0,0.0,184,184,1031,1031,-25.047804,-25.047804,-51.542014,-51.542014,0724,0004,85da,0f6ad10a,0.0,0.1,0.1,0:00:00,1:39:39,-,-,0,-,,,,,,,,,,,X,NA,0,,,2893.0,NA_0
2025-10-01 08:25:37,2025-10-01 08:25:37,2025-10-01 08:25:37,2025-10-01 08:25:37,867488068383602,1767,GTERI,0x19fe3fbf,0x00028102,802003,0x8303,0x0115,48,17394,0000,-,01,00,22,4,4,-,02,02,0.2,0.2,184,184,1015,1015,-25.047784,-25.047784,-51.541759,-51.541759,0724,0004,85da,0f6ad10a,0.0,0.1,0.1,0:00:18,1:39:57,-,-,0,-,,,,,04,3,00000000,00,10,,T,NA,0,,,0.0,NA_0
2025-10-01 08:25:37,2025-10-01 08:25:37,2025-10-01 08:25:37,2025-10-01 08:25:37,867488068383602,1768,GTIGL,0x19fe7fbf,,802003,0x8303,0x0115,48,17394,0000,0000,01,00,22,4,4,-,02,02,0.2,0.2,184,184,1015,1015,-25.047784,-25.047784,-51.541759,-51.541759,0724,0004,85da,0f6ad10a,0.0,0.1,0.1,0:00:18,1:39:57,-,-,0,-,,,,,,,,,00,,X,NA,0,,,0.0,NA_0
2025-10-01 08:28:20,2025-10-01 08:28:20,2025-10-01 08:28:20,2025-10-01 08:28:20,867488068383602,1772,GTBTC,0x19fe7fbf,,802003,0x8303,0x0115,48,27505,0000,0000,01,00,22,12,12,-,01,01,0.0,0.0,184,184,1015,1015,-25.047784,-25.047784,-51.541759,-51.541759,0724,0004,85da,0f6ad10a,0.0,0.1,0.1,0:03:00,1:42:39,-,-,0,-,,,,,,,,,,,X,NA,0,,,0.0,NA_0
2025-10-01 08:28:26,2025-10-01 08:28:26,2025-10-01 08:28:25,2025-10-01 08:28:26,867488068383602,1773,GTERI,0x19fe3fbf,0x00028102,802003,0x8303,0x0115,48,27416,0000,-,01,00,22,12,12,-,01,01,0.0,0.0,184,184,1015,1015,-25.047784,-25.047784,-51.541759,-51.541759,0724,0004,85da,0f6ad10a,0.0,0.1,0.1,0:03:06,1:42:45,-,-,0,-,,,,,04,3,00000000,00,10,,T,NA,0,,,1.0,NA_0
2025-10-01 08:30:36,2025-10-01 08:30:36,2025-10-01 08:30:35,2025-10-01 08:30:35,867488068383602,1779,GTIGF,0x19fe7fbf,,802003,0x8303,0x0115,81,27616,0000,0000,01,00,12,12,12,318,01,01,0.0,0.0,184,184,1026,1026,-25.047989,-25.047989,-51.542023,-51.542023,0724,0004,85da,0f6ad10a,0.1,0.1,0.1,0:05:18,1:44:57,-,-,0,-,,,,,,,,,,,X,NA,0,,,1.0,NA_0
2025-10-01 08:30:36,2025-10-01 08:30:36,2025-10-01 08:30:35,2025-10-01 08:30:35,867488068383602,1780,GTSTT,0x19fe7fbf,,802003,0x8303,0x0115,81,27616,0000,0000,01,00,12,12,12,-,01,01,0.0,0.0,184,184,1026,1026,-25.047989,-25.047989,-51.542023,-51.542023,0724,0004,85da,0f6ad10a,0.1,0.1,0.1,0:05:18,1:44:57,-,-,0,-,,,,,,,,,,,X,NA,0,,,1.0,NA_0
2025-10-01 08:30:37,2025-10-01 08:30:36,2025-10-01 08:30:36,2025-10-01 08:30:36,867488068383602,1781,GTSTC,0x19fe7fbf,,802003,0x8303,0x0115,81,27616,0000,0000,01,00,12,12,12,-,01,01,0.0,0.0,184,184,1026,1026,-25.047989,-25.047989,-51.542023,-51.542023,0724,0004,85da,0f6ad10a,0.1,0.1,0.1,0:05:18,1:44:57,-,-,0,-,,,,,,,,,,,X,NA,0,,,0.0,NA_0
2025-10-01 08:30:37,2025-10-01 08:30:37,2025-10-01 08:30:37,2025-10-01 08:30:37,867488068383602,1782,GTIGL,0x19fe7fbf,,802003,0x8303,0x0115,81,27616,0000,0000,01,00,12,12,12,-,01,01,0.0,0.0,184,184,1026,1026,-25.047989,-25.047989,-51.542023,-51.542023,0724,0004,85da,0f6ad10a,0.1,0.1,0.1,0:05:18,1:44:57,-,-,0,-,,,,,,,,,01,,X,NA,0,,,0.0,NA_0
2025-10-01 08:30:39,2025-10-01 08:30:38,2025-10-01 08:30:37,2025-10-01 08:29:34,867488068383602,1785,GTIGN,0x19fe7fbf,,802003,0x8303,0x0115,81,27616,0000,0000,01,00,22,12,12,2,00,01,0.0,6.4,184,233,1026,1019,-25.047989,-25.047789,-51.542023,-51.541804,0724,0004,85da,0f6ad10a,0.0,0.1,0.1,0:00:00,1:44:57,-,-,0,-,,,,,,,,,,,X,NA,0,,,1.0,NA_0
2025-10-01 08:30:39,2025-10-01 08:30:38,2025-10-01 08:30:37,2025-10-01 08:30:37,867488068383602,1786,GTSTT,0x19fe7fbf,,802003,0x8303,0x0115,81,27616,0000,0000,01,00,22,12,12,-,00,00,0.0,0.0,184,184,1026,1026,-25.047989,-25.047989,-51.542023,-51.542023,0724,0004,85da,0f6ad10a,0.0,0.1,0.1,0:00:00,1:44:57,-,-,0,-,,,,,,,,,,,X,NA,0,,,1.0,NA_0
2025-10-01 08:30:40,2025-10-01 08:30:39,2025-10-01 08:30:39,2025-10-01 08:30:39,867488068383602,1788,GTIGL,0x19fe7fbf,,802003,0x8303,0x0115,81,26433,0000,0000,01,00,22,12,12,-,01,01,0.0,0.0,184,184,1026,1026,-25.047989,-25.047989,-51.542023,-51.542023,0724,0004,85da,0f6ad10a,0.0,0.1,0.1,0:00:00,1:44:57,-,-,0,-,,,,,,,,,00,,X,NA,0,,,0.0,NA_0
2025-10-01 08:30:44,2025-10-01 08:30:44,2025-10-01 08:30:43,2025-10-01 08:30:43,867488068383602,1789,GTIGF,0x19fe7fbf,,802003,0x8303,0x0115,81,26369,0000,0000,00,00,12,12,12,5,01,01,0.0,0.0,184,184,1026,1026,-25.047989,-25.047989,-51.542023,-51.542023,0724,0004,85da,0f6ad10a,0.0,0.1,0.1,0:00:03,1:45:00,-,-,0,-,,,,,,,,,,,X,NA,0,,,1.0,NA_0
2025-10-01 08:30:44,2025-10-01 08:30:44,2025-10-01 08:30:43,2025-10-01 08:30:43,867488068383602,1790,GTSTT,0x19fe7fbf,,802003,0x8303,0x0115,81,26369,0000,0000,00,00,12,12,12,-,01,01,0.0,0.0,184,184,1026,1026,-25.047989,-25.047989,-51.542023,-51.542023,0724,0004,85da,0f6ad10a,0.0,0.1,0.1,0:00:03,1:45:00,-,-,0,-,,,,,,,,,,,X,NA,0,,,1.0,NA_0
2025-10-01 08:30:45,2025-10-01 08:30:45,2025-10-01 08:30:44,2025-10-01 08:30:44,867488068383602,1791,GTIGL,0x19fe7fbf,,802003,0x8303,0x0115,81,26369,0000,0000,00,00,12,12,12,-,01,01,0.0,0.0,184,184,1026,1026,-25.047989,-25.047989,-51.542023,-51.542023,0724,0004,85da,0f6ad10a,0.0,0.1,0.1,0:00:03,1:45:00,-,-,0,-,,,,,,,,,01,,X,NA,0,,,1.0,NA_0
2025-10-01 08:31:10,2025-10-01 08:31:09,2025-10-01 08:31:09,2025-10-01 08:31:09,867488068383602,1794,GTSTT,0x19fe7fbf,,802003,0x8303,0x0115,66,25613,0000,0000,00,00,11,12,12,-,01,01,0.0,0.0,184,184,1026,1026,-25.047989,-25.047989,-51.542023,-51.542023,0724,0004,85da,0f6ad10a,0.0,0.1,0.1,0:00:03,1:45:00,-,-,0,-,,,,,,,,,,,X,NA,0,,,0.0,NA_0
2025-10-01 08:31:26,2025-10-01 08:31:26,2025-10-01 08:31:25,2025-10-01 08:31:25,867488068383602,1795,GTERI,0x19fe3fbf,0x00028102,802003,0x8303,0x0115,60,25562,0000,-,00,00,11,12,12,-,01,01,0.0,0.0,184,184,1026,1026,-25.047989,-25.047989,-51.542023,-51.542023,0724,0004,85da,0f6ad10a,0.0,0.1,0.1,0:00:03,1:45:00,-,-,0,-,,,,,04,3,00000000,00,10,,T,NA,0,,,1.0,NA_0
2025-10-01 08:34:26,2025-10-01 08:34:26,2025-10-01 08:34:25,2025-10-01 08:34:25,867488068383602,1799,GTERI,0x19fe3fbf,0x00028102,802003,0x8303,0x0115,50,25417,0000,-,00,00,11,12,12,-,01,01,0.0,0.0,184,184,1026,1026,-25.047989,-25.047989,-51.542023,-51.542023,0724,0004,85da,0f6ad10a,0.0,0.1,0.1,0:00:03,1:45:00,-,-,0,-,,,,,04,3,00000000,00,10,,T,NA,0,,,1.0,NA_0
2025-10-01 08:35:44,2025-10-01 08:35:44,2025-10-01 08:35:44,2025-10-01 08:35:44,867488068383602,1801,GTERI,0x19fe3fbf,0x00028102,802003,0x8303,0x0115,50,25360,0000,-,00,00,11,12,12,-,01,01,0.0,0.0,184,184,1026,1026,-25.047989,-25.047989,-51.542023,-51.542023,0724,0004,85da,0f6ad10a,0.0,0.1,0.1,0:00:03,1:45:00,-,-,0,-,,,,,04,3,00000000,00,10,,T,NA,0,,,0.0,NA_0
2025-10-01 09:02:17,2025-10-01 09:02:17,2025-10-01 08:35:44,2025-10-01 08:35:44,867488068383602,1815,GTSTT,0x19fe7fbf,,802003,0x8303,0x0115,49,25276,0000,0000,00,00,16,12,12,-,00,00,0.0,0.0,184,184,1026,1026,-25.047989,-25.047989,-51.542023,-51.542023,0724,0004,85da,0f6ad10a,0.0,0.1,0.1,0:00:03,1:45:00,-,-,0,-,,,,,,,,,,,X,NA,0,,,1593.0,NA_0
2025-10-01 09:02:38,2025-10-01 09:02:37,2025-10-01 08:35:44,2025-10-01 08:35:44,867488068383602,1817,GTSTT,0x19fe7fbf,,802003,0x8303,0x0115,49,25281,0000,0000,00,00,11,12,12,-,00,00,0.0,0.0,184,184,1026,1026,-25.047989,-25.047989,-51.542023,-51.542023,0724,0004,85da,0f6ad10a,0.0,0.1,0.1,0:00:03,1:45:00,-,-,0,-,,,,,,,,,,,X,NA,0,,,1613.0,NA_0
2025-10-01 09:35:39,2025-10-01 09:35:39,2025-10-01 09:33:11,2025-10-01 09:33:11,867488068383602,1834,GTERI,0x19fe3fbf,0x00028102,802003,0x8303,0x0115,49,25135,0000,-,00,00,11,12,12,-,01,01,0.0,0.0,184,184,1026,1026,-25.047989,-25.047989,-51.542023,-51.542023,0724,0004,85da,0f6ad10a,0.0,0.1,0.1,0:00:03,1:45:00,-,-,0,-,,,,,04,3,00000000,00,10,,T,NA,0,,,148.0,NA_0
2025-10-01 10:35:39,2025-10-01 10:35:39,2025-10-01 10:33:12,2025-10-01 10:33:12,867488068383602,1865,GTERI,0x19fe3fbf,0x00028102,802003,0x8303,0x0115,48,25121,0000,-,00,00,11,12,12,-,01,01,0.0,0.0,184,184,1026,1026,-25.047989,-25.047989,-51.542023,-51.542023,0724,0004,85da,0f6ad116,0.0,0.1,0.1,0:00:03,1:45:00,-,-,0,-,,,,,04,1,00000000,00,10,,T,NA,0,,,147.0,NA_0
2025-10-01 11:35:44,2025-10-01 11:35:39,2025-10-01 11:33:35,2025-10-01 11:33:35,867488068383602,1896,GTERI,0x19fe3fbf,0x00028102,802003,0x8303,0x0115,48,25045,0000,-,00,00,11,7,7,-,01,01,0.0,0.0,184,184,1026,1026,-25.047989,-25.047989,-51.542023,-51.542023,0724,0004,85da,0f6ad10a,0.0,0.1,0.1,0:00:03,1:45:00,-,-,0,-,,,,,04,3,00000000,00,10,,T,NA,0,,,124.0,NA_0
2025-10-01 12:35:39,2025-10-01 12:35:39,2025-10-01 12:33:14,2025-10-01 12:33:14,867488068383602,1927,GTERI,0x19fe3fbf,0x00028102,802003,0x8303,0x0115,48,25061,0000,-,00,00,11,5,5,-,01,01,0.0,0.0,184,184,1026,1026,-25.047989,-25.047989,-51.542023,-51.542023,0724,0004,85da,0f6ad116,0.0,0.1,0.1,0:00:03,1:45:00,-,-,0,-,,,,,04,1,00000000,00,10,,T,NA,0,,,145.0,NA_0
2025-10-01 13:35:39,2025-10-01 13:35:39,2025-10-01 13:33:14,2025-10-01 13:33:14,867488068383602,1959,GTERI,0x19fe3fbf,0x00028102,802003,0x8303,0x0115,49,24983,0000,-,00,00,11,4,4,-,01,01,0.0,0.0,184,184,1026,1026,-25.047989,-25.047989,-51.542023,-51.542023,0724,0004,85da,0f6ad116,0.0,0.1,0.1,0:00:03,1:45:00,-,-,0,-,,,,,04,1,00000000,00,10,,T,NA,0,,,145.0,NA_0
2025-10-01 14:35:39,2025-10-01 14:35:39,2025-10-01 14:33:20,2025-10-01 14:33:20,867488068383602,1990,GTERI,0x19fe3fbf,0x00028102,802003,0x8303,0x0115,49,25026,0000,-,00,00,11,4,4,-,01,01,0.0,0.0,184,184,1026,1026,-25.047989,-25.047989,-51.542023,-51.542023,0724,0004,85da,0f6ad116,0.0,0.1,0.1,0:00:03,1:45:00,-,-,0,-,,,,,04,1,00000000,00,10,,T,NA,0,,,139.0,NA_0
2025-10-01 15:35:39,2025-10-01 15:35:39,2025-10-01 15:33:35,2025-10-01 15:33:35,867488068383602,2021,GTERI,0x19fe3fbf,0x00028102,802003,0x8303,0x0115,49,25010,0000,-,00,00,11,6,6,-,01,01,0.0,0.0,184,184,1026,1026,-25.047989,-25.047989,-51.542023,-51.542023,0724,0004,85da,0f6ad10a,0.0,0.1,0.1,0:00:03,1:45:00,-,-,0,-,,,,,04,3,00000000,00,10,,T,NA,0,,,124.0,NA_0
2025-10-01 16:35:39,2025-10-01 16:35:39,2025-10-01 16:33:14,2025-10-01 16:33:14,867488068383602,2052,GTERI,0x19fe3fbf,0x00028102,802003,0x8303,0x0115,49,24958,0000,-,00,00,11,5,5,-,01,01,0.0,0.0,184,184,1026,1026,-25.047989,-25.047989,-51.542023,-51.542023,0724,0004,85da,0f6ad10a,0.0,0.1,0.1,0:00:03,1:45:00,-,-,0,-,,,,,04,3,00000000,00,10,,T,NA,0,,,145.0,NA_0
2025-10-01 17:35:39,2025-10-01 17:35:39,2025-10-01 17:33:16,2025-10-01 17:33:16,867488068383602,2084,GTERI,0x19fe3fbf,0x00028102,802003,0x8303,0x0115,50,24915,0000,-,00,00,11,4,4,-,01,01,0.0,0.0,184,184,1026,1026,-25.047989,-25.047989,-51.542023,-51.542023,0724,0004,85da,0f6ad116,0.0,0.1,0.1,0:00:03,1:45:00,-,-,0,-,,,,,04,1,00000000,00,10,,T,NA,0,,,143.0,NA_0
2025-10-01 18:17:48,2025-10-01 18:17:47,2025-10-01 17:33:16,2025-10-01 17:33:16,867488068383602,2107,GTIGN,0x19fe7fbf,,802003,0x8303,0x0115,50,24856,0000,0000,01,00,22,4,4,35224,00,01,0.0,0.0,184,184,1026,1026,-25.047989,-25.047989,-51.542023,-51.542023,0724,0004,85da,0f6ad116,0.0,0.1,0.1,0:00:00,1:45:00,-,-,0,-,,,,,,,,,,,X,NA,0,,,2671.0,NA_0
2025-10-01 18:17:48,2025-10-01 18:17:47,2025-10-01 17:33:16,2025-10-01 17:33:16,867488068383602,2108,GTSTT,0x19fe7fbf,,802003,0x8303,0x0115,50,24856,0000,0000,01,00,22,4,4,-,00,00,0.0,0.0,184,184,1026,1026,-25.047989,-25.047989,-51.542023,-51.542023,0724,0004,85da,0f6ad116,0.0,0.1,0.1,0:00:00,1:45:00,-,-,0,-,,,,,,,,,,,X,NA,0,,,2671.0,NA_0
2025-10-01 18:18:24,2025-10-01 18:18:24,2025-10-01 18:18:24,2025-10-01 18:18:24,867488068383602,2109,GTERI,0x19fe3fbf,0x00028102,802003,0x8303,0x0115,50,27222,0000,-,01,00,22,4,4,-,03,03,0.0,0.0,184,184,1034,1034,-25.047945,-25.047945,-51.542066,-51.542066,0724,0004,85da,0f6ad116,0.0,0.1,0.1,0:00:36,1:45:36,-,-,0,-,,,,,04,1,00000000,00,10,,T,NA,0,,,0.0,NA_0
2025-10-01 18:18:24,2025-10-01 18:18:24,2025-10-01 18:18:24,2025-10-01 18:18:24,867488068383602,2110,GTIGL,0x19fe7fbf,,802003,0x8303,0x0115,50,27222,0000,0000,01,00,22,4,4,-,03,03,0.0,0.0,184,184,1034,1034,-25.047945,-25.047945,-51.542066,-51.542066,0724,0004,85da,0f6ad116,0.0,0.1,0.1,0:00:36,1:45:36,-,-,0,-,,,,,,,,,00,,X,NA,0,,,0.0,NA_0
2025-10-01 18:20:49,2025-10-01 18:20:48,2025-10-01 18:20:48,2025-10-01 18:20:33,867488068383602,2113,GTBTC,0x19fe7fbf,,802003,0x8303,0x0115,50,27579,0000,0000,01,00,22,12,12,-,01,01,0.0,0.6,184,152,1037,1036,-25.047942,-25.04794,-51.542051,-51.542061,0724,0004,85da,0f6ad116,0.0,0.1,0.1,0:03:00,1:48:00,-,-,0,-,,,,,,,,,,,X,NA,0,,,0.0,NA_0
2025-10-01 18:20:55,2025-10-01 18:20:55,2025-10-01 18:20:54,2025-10-01 18:20:55,867488068383602,2114,GTERI,0x19fe3fbf,0x00028102,802003,0x8303,0x0115,50,27635,0000,-,01,00,22,12,12,-,01,01,0.0,0.0,152,152,1037,1037,-25.047942,-25.047942,-51.542051,-51.542051,0724,0004,85da,0f6ad116,0.0,0.1,0.1,0:03:06,1:48:06,-,-,0,-,,,,,04,1,00000000,00,10,,T,T1,3,,1.0,1.0,T1_3
2025-10-01 18:21:57,2025-10-01 18:21:56,2025-10-01 18:21:56,2025-10-01 18:21:56,867488068383602,2120,GTIGF,0x19fe7fbf,,802003,0x8303,0x0115,73,27573,0000,0000,00,00,12,12,12,249,01,01,0.0,0.0,152,152,1041,1041,-25.047742,-25.047742,-51.541711,-51.541711,0724,0004,85da,0f6ad10a,0.0,0.2,0.2,0:04:09,1:49:09,-,-,0,-,,,,,,,,,,,X,NA,0,,,0.0,NA_0
2025-10-01 18:21:57,2025-10-01 18:21:56,2025-10-01 18:21:56,2025-10-01 18:21:56,867488068383602,2121,GTSTT,0x19fe7fbf,,802003,0x8303,0x0115,73,27573,0000,0000,00,00,12,12,12,-,01,01,0.0,0.0,152,152,1041,1041,-25.047742,-25.047742,-51.541711,-51.541711,0724,0004,85da,0f6ad10a,0.0,0.2,0.2,0:04:09,1:49:09,-,-,0,-,,,,,,,,,,,X,NA,0,,,0.0,NA_0
2025-10-01 18:21:57,2025-10-01 18:21:57,2025-10-01 18:21:57,2025-10-01 18:21:57,867488068383602,2122,GTIGL,0x19fe7fbf,,802003,0x8303,0x0115,73,27573,0000,0000,00,00,12,12,12,-,01,01,0.0,0.0,152,152,1041,1041,-25.047742,-25.047742,-51.541711,-51.541711,0724,0004,85da,0f6ad10a,0.0,0.2,0.2,0:04:09,1:49:09,-,-,0,-,,,,,,,,,01,,X,NA,0,,,0.0,NA_0
2025-10-01 18:21:59,2025-10-01 18:21:58,2025-10-01 18:21:58,2025-10-01 18:21:58,867488068383602,2123,GTSTC,0x19fe7fbf,,802003,0x8303,0x0115,73,26311,0000,0000,00,00,12,12,12,-,01,01,0.0,0.0,152,152,1041,1041,-25.047742,-25.047742,-51.541711,-51.541711,0724,0004,85da,0f6ad10a,0.0,0.2,0.2,0:04:09,1:49:09,-,-,0,-,,,,,,,,,,,X,NA,0,,,0.0,NA_0
2025-10-01 18:22:22,2025-10-01 18:22:22,2025-10-01 18:22:22,2025-10-01 18:22:22,867488068383602,2126,GTSTT,0x19fe7fbf,,802003,0x8303,0x0115,68,25765,0000,0000,00,00,11,12,12,-,01,01,0.0,0.0,152,152,1041,1041,-25.047742,-25.047742,-51.541711,-51.541711,0724,0004,85da,0f6ad10a,0.0,0.2,0.2,0:04:09,1:49:09,-,-,0,-,,,,,,,,,,,X,NA,0,,,0.0,NA_0
2025-10-01 18:23:55,2025-10-01 18:23:55,2025-10-01 18:23:54,2025-10-01 18:23:54,867488068383602,2129,GTERI,0x19fe3fbf,0x00028102,802003,0x8303,0x0115,53,25533,0000,-,00,00,11,12,12,-,01,01,0.0,0.0,152,152,1041,1041,-25.047742,-25.047742,-51.541711,-51.541711,0724,0004,85da,0f6ad10a,0.0,0.2,0.2,0:04:09,1:49:09,-,-,0,-,,,,,04,3,00000000,00,10,,T,NA,0,,,1.0,NA_0
2025-10-01 18:26:55,2025-10-01 18:26:55,2025-10-01 18:26:54,2025-10-01 18:26:54,867488068383602,2132,GTERI,0x19fe3fbf,0x00028102,802003,0x8303,0x0115,51,25399,0000,-,00,00,11,12,12,-,01,01,0.0,0.0,152,152,1041,1041,-25.047742,-25.047742,-51.541711,-51.541711,0724,0004,85da,0f6ad10a,0.0,0.2,0.2,0:04:09,1:49:09,-,-,0,-,,,,,04,3,00000000,00,10,,T,T5,3,,3.0,1.0,T5_3
2025-10-01 18:26:57,2025-10-01 18:26:57,2025-10-01 18:26:57,2025-10-01 18:26:57,867488068383602,2133,GTERI,0x19fe3fbf,0x00028102,802003,0x8303,0x0115,51,25399,0000,-,00,00,11,12,12,-,01,01,0.0,0.0,152,152,1041,1041,-25.047742,-25.047742,-51.541711,-51.541711,0724,0004,85da,0f6ad10a,0.0,0.2,0.2,0:04:09,1:49:09,-,-,0,-,,,,,04,3,00000000,00,10,,T,NA,0,,,0.0,NA_0
2025-10-01 19:26:52,2025-10-01 19:26:52,2025-10-01 19:24:31,2025-10-01 19:24:31,867488068383602,2164,GTERI,0x19fe3fbf,0x00028102,802003,0x8303,0x0115,51,25188,0000,-,00,00,11,12,12,-,01,01,0.0,0.0,152,152,1041,1041,-25.047742,-25.047742,-51.541711,-51.541711,0724,0004,85da,0f6ad10a,0.0,0.2,0.2,0:04:09,1:49:09,-,-,0,-,,,,,04,3,00000000,00,10,,T,NA,0,,,141.0,NA_0
2025-10-01 20:26:52,2025-10-01 20:26:52,2025-10-01 20:24:27,2025-10-01 20:24:27,867488068383602,2195,GTERI,0x19fe3fbf,0x00028102,802003,0x8303,0x0115,51,25088,0000,-,00,00,11,12,12,-,01,01,0.0,0.0,152,152,1041,1041,-25.047742,-25.047742,-51.541711,-51.541711,0724,0004,85da,0f6ad10a,0.0,0.2,0.2,0:04:09,1:49:09,-,-,0,-,,,,,04,3,00000000,00,10,,T,NA,0,,,145.0,NA_0
2025-10-01 20:27:12,2025-10-01 20:26:52,2025-10-01 20:24:27,2025-10-01 20:24:27,867488068383602,2195,GTERI,0x19fe3fbf,0x00028102,802003,0x8303,0x0115,51,25088,0000,-,00,00,11,12,12,-,01,01,0.0,0.0,152,152,1041,1041,-25.047742,-25.047742,-51.541711,-51.541711,0724,0004,85da,0f6ad10a,0.0,0.2,0.2,0:04:09,1:49:09,-,-,0,-,,,,,04,3,00000000,00,10,,T,NA,0,,,145.0,NA_0
2025-10-01 20:27:33,2025-10-01 20:26:52,2025-10-01 20:24:27,2025-10-01 20:24:27,867488068383602,2195,GTERI,0x19fe3fbf,0x00028102,802003,0x8303,0x0115,51,25088,0000,-,00,00,11,12,12,-,01,01,0.0,0.0,152,152,1041,1041,-25.047742,-25.047742,-51.541711,-51.541711,0724,0004,85da,0f6ad10a,0.0,0.2,0.2,0:04:09,1:49:09,-,-,0,-,,,,,04,3,00000000,00,10,,T,NA,0,,,145.0,NA_0
2025-10-01 20:27:53,2025-10-01 20:26:52,2025-10-01 20:24:27,2025-10-01 20:24:27,867488068383602,2195,GTERI,0x19fe3fbf,0x00028102,802003,0x8303,0x0115,51,25088,0000,-,00,00,11,12,12,-,01,01,0.0,0.0,152,152,1041,1041,-25.047742,-25.047742,-51.541711,-51.541711,0724,0004,85da,0f6ad10a,0.0,0.2,0.2,0:04:09,1:49:09,-,-,0,-,,,,,04,3,00000000,00,10,,T,NA,0,,,145.0,NA_0
2025-10-01 20:28:13,2025-10-01 20:26:52,2025-10-01 20:24:27,2025-10-01 20:24:27,867488068383602,2195,GTERI,0x19fe3fbf,0x00028102,802003,0x8303,0x0115,51,25088,0000,-,00,00,11,12,12,-,01,01,0.0,0.0,152,152,1041,1041,-25.047742,-25.047742,-51.541711,-51.541711,0724,0004,85da,0f6ad10a,0.0,0.2,0.2,0:04:09,1:49:09,-,-,0,-,,,,,04,3,00000000,00,10,,T,NA,0,,,145.0,NA_0
2025-10-01 20:29:09,2025-10-01 20:26:52,2025-10-01 20:24:27,2025-10-01 20:24:27,867488068383602,2195,GTERI,0x19fe3fbf,0x00028102,802003,0x8303,0x0115,51,25088,0000,-,00,00,11,12,12,-,01,01,0.0,0.0,152,152,1041,1041,-25.047742,-25.047742,-51.541711,-51.541711,0724,0004,85da,0f6ad10a,0.0,0.2,0.2,0:04:09,1:49:09,-,-,0,-,,,,,04,3,00000000,00,10,,T,NA,0,,,145.0,NA_0
2025-10-01 20:29:29,2025-10-01 20:26:52,2025-10-01 20:24:27,2025-10-01 20:24:27,867488068383602,2195,GTERI,0x19fe3fbf,0x00028102,802003,0x8303,0x0115,51,25088,0000,-,00,00,11,12,12,-,01,01,0.0,0.0,152,152,1041,1041,-25.047742,-25.047742,-51.541711,-51.541711,0724,0004,85da,0f6ad10a,0.0,0.2,0.2,0:04:09,1:49:09,-,-,0,-,,,,,04,3,00000000,00,10,,T,NA,0,,,145.0,NA_0
2025-10-01 20:29:49,2025-10-01 20:26:52,2025-10-01 20:24:27,2025-10-01 20:24:27,867488068383602,2195,GTERI,0x19fe3fbf,0x00028102,802003,0x8303,0x0115,51,25088,0000,-,00,00,11,12,12,-,01,01,0.0,0.0,152,152,1041,1041,-25.047742,-25.047742,-51.541711,-51.541711,0724,0004,85da,0f6ad10a,0.0,0.2,0.2,0:04:09,1:49:09,-,-,0,-,,,,,04,3,00000000,00,10,,T,NA,0,,,145.0,NA_0
2025-10-01 20:30:10,2025-10-01 20:26:52,2025-10-01 20:24:27,2025-10-01 20:24:27,867488068383602,2195,GTERI,0x19fe3fbf,0x00028102,802003,0x8303,0x0115,51,25088,0000,-,00,00,11,12,12,-,01,01,0.0,0.0,152,152,1041,1041,-25.047742,-25.047742,-51.541711,-51.541711,0724,0004,85da,0f6ad10a,0.0,0.2,0.2,0:04:09,1:49:09,-,-,0,-,,,,,04,3,00000000,00,10,,T,NA,0,,,145.0,NA_0
2025-10-01 20:30:30,2025-10-01 20:26:52,2025-10-01 20:24:27,2025-10-01 20:24:27,867488068383602,2195,GTERI,0x19fe3fbf,0x00028102,802003,0x8303,0x0115,51,25088,0000,-,00,00,11,12,12,-,01,01,0.0,0.0,152,152,1041,1041,-25.047742,-25.047742,-51.541711,-51.541711,0724,0004,85da,0f6ad10a,0.0,0.2,0.2,0:04:09,1:49:09,-,-,0,-,,,,,04,3,00000000,00,10,,T,NA,0,,,145.0,NA_0
2025-10-01 20:30:30,2025-10-01 20:28:33,2025-10-01 20:24:27,2025-10-01 20:24:27,867488068383602,2197,GTPDP,0x19fe7fbf,,802003,0x8303,0x0115,51,25060,0000,0000,00,00,11,12,12,-,00,00,0.0,0.0,152,152,1041,1041,-25.047742,-25.047742,-51.541711,-51.541711,0724,0004,85da,0f6ad10a,0.0,0.2,0.2,0:04:09,1:49:09,-,-,0,-,,,,,,,,,,,X,NA,0,,,246.0,NA_0
2025-10-01 21:26:52,2025-10-01 21:26:52,2025-10-01 21:25:00,2025-10-01 21:25:00,867488068383602,2227,GTERI,0x19fe3fbf,0x00028102,802003,0x8303,0x0115,51,25011,0000,-,00,00,11,6,6,-,01,01,0.0,0.0,152,152,1041,1041,-25.047742,-25.047742,-51.541711,-51.541711,0724,0004,85da,0f6ad10a,0.0,0.2,0.2,0:04:09,1:49:09,-,-,0,-,,,,,04,3,00000000,00,10,,T,NA,0,,,112.0,NA_0
2025-10-01 22:26:52,2025-10-01 22:26:52,2025-10-01 22:24:41,2025-10-01 22:24:41,867488068383602,2258,GTERI,0x19fe3fbf,0x00028102,802003,0x8303,0x0115,52,24981,0000,-,00,00,11,5,5,-,01,01,0.0,0.0,152,152,1041,1041,-25.047742,-25.047742,-51.541711,-51.541711,0724,0004,85da,0f6ad10a,0.0,0.2,0.2,0:04:09,1:49:09,-,-,0,-,,,,,04,3,00000000,00,10,,T,NA,0,,,131.0,NA_0
2025-10-01 23:26:52,2025-10-01 23:26:52,2025-10-01 23:24:34,2025-10-01 23:24:34,867488068383602,2289,GTERI,0x19fe3fbf,0x00028102,802003,0x8303,0x0115,52,24941,0000,-,00,00,11,5,5,-,01,01,0.0,0.0,152,152,1041,1041,-25.047742,-25.047742,-51.541711,-51.541711,0724,0004,85da,0f6ad10a,0.0,0.2,0.2,0:04:09,1:49:09,-,-,0,-,,,,,04,3,00000000,00,10,,T,NA,0,,,138.0,NA_0
2025-10-02 00:26:52,2025-10-02 00:26:52,2025-10-02 00:24:59,2025-10-02 00:24:59,867488068383602,2320,GTERI,0x19fe3fbf,0x00028102,802003,0x8303,0x0115,52,24983,0000,-,00,00,11,5,5,-,01,01,0.0,0.0,152,152,1041,1041,-25.047742,-25.047742,-51.541711,-51.541711,0724,0004,85da,0f6ad10a,0.0,0.2,0.2,0:04:09,1:49:09,-,-,0,-,,,,,04,3,00000000,00,10,,T,NA,0,,,113.0,NA_0
2025-10-02 01:26:52,2025-10-02 01:26:52,2025-10-02 01:24:43,2025-10-02 01:24:43,867488068383602,2351,GTERI,0x19fe3fbf,0x00028102,802003,0x8303,0x0115,52,24903,0000,-,00,00,11,4,4,-,01,01,0.0,0.0,152,152,1041,1041,-25.047742,-25.047742,-51.541711,-51.541711,0724,0004,85da,0f6ad10a,0.0,0.2,0.2,0:04:09,1:49:09,-,-,0,-,,,,,04,3,00000000,00,10,,T,NA,0,,,129.0,NA_0
2025-10-02 02:26:52,2025-10-02 02:26:52,2025-10-02 02:24:53,2025-10-02 02:24:53,867488068383602,2382,GTERI,0x19fe3fbf,0x00028102,802003,0x8303,0x0115,52,24912,0000,-,00,00,11,6,6,-,01,01,0.0,0.0,152,152,1041,1041,-25.047742,-25.047742,-51.541711,-51.541711,0724,0004,85da,0f6ad10a,0.0,0.2,0.2,0:04:09,1:49:09,-,-,0,-,,,,,04,3,00000000,00,10,,T,NA,0,,,119.0,NA_0
2025-10-02 03:26:52,2025-10-02 03:26:52,2025-10-02 03:24:53,2025-10-02 03:24:53,867488068383602,2413,GTERI,0x19fe3fbf,0x00028102,802003,0x8303,0x0115,52,24882,0000,-,00,00,11,6,6,-,01,01,0.0,0.0,152,152,1041,1041,-25.047742,-25.047742,-51.541711,-51.541711,0724,0004,85da,0f6ad10a,0.0,0.2,0.2,0:04:09,1:49:09,-,-,0,-,,,,,04,3,00000000,00,10,,T,NA,0,,,119.0,NA_0
2025-10-02 04:26:52,2025-10-02 04:26:52,2025-10-02 04:24:40,2025-10-02 04:24:40,867488068383602,2444,GTERI,0x19fe3fbf,0x00028102,802003,0x8303,0x0115,52,24920,0000,-,00,00,11,4,4,-,01,01,0.0,0.0,152,152,1041,1041,-25.047742,-25.047742,-51.541711,-51.541711,0724,0004,85da,0f6ad10a,0.0,0.2,0.2,0:04:09,1:49:09,-,-,0,-,,,,,04,3,00000000,00,10,,T,NA,0,,,132.0,NA_0
2025-10-02 05:26:52,2025-10-02 05:26:52,2025-10-02 05:24:34,2025-10-02 05:24:34,867488068383602,2475,GTERI,0x19fe3fbf,0x00028102,802003,0x8303,0x0115,52,24858,0000,-,00,00,11,4,4,-,01,01,0.0,0.0,152,152,1041,1041,-25.047742,-25.047742,-51.541711,-51.541711,0724,0004,85da,0f6ad10a,0.0,0.2,0.2,0:04:09,1:49:09,-,-,0,-,,,,,04,3,00000000,00,10,,T,NA,0,,,138.0,NA_0
2025-10-02 06:26:52,2025-10-02 06:26:52,2025-10-02 06:24:53,2025-10-02 06:24:53,867488068383602,2506,GTERI,0x19fe3fbf,0x00028102,802003,0x8303,0x0115,53,24898,0000,-,00,00,11,5,5,-,01,01,0.0,0.0,152,152,1041,1041,-25.047742,-25.047742,-51.541711,-51.541711,0724,0004,85da,0f6ad10a,0.0,0.2,0.2,0:04:09,1:49:09,-,-,0,-,,,,,04,3,00000000,00,10,,T,NA,0,,,119.0,NA_0
2025-10-02 07:26:52,2025-10-02 07:26:52,2025-10-02 07:24:52,2025-10-02 07:24:52,867488068383602,2537,GTERI,0x19fe3fbf,0x00028102,802003,0x8303,0x0115,53,24884,0000,-,00,00,11,5,5,-,01,01,0.0,0.0,152,152,1041,1041,-25.047742,-25.047742,-51.541711,-51.541711,0724,0004,85da,0f6ad10a,0.0,0.2,0.2,0:04:09,1:49:09,-,-,0,-,,,,,04,3,00000000,00,10,,T,NA,0,,,120.0,NA_0
2025-10-02 08:26:53,2025-10-02 08:26:52,2025-10-02 08:24:50,2025-10-02 08:24:50,867488068383602,2568,GTERI,0x19fe3fbf,0x00028102,802003,0x8303,0x0115,52,24833,0000,-,00,00,11,9,9,-,01,01,0.0,0.0,152,152,1041,1041,-25.047742,-25.047742,-51.541711,-51.541711,0724,0004,85da,0f6ad10a,0.0,0.2,0.2,0:04:09,1:49:09,-,-,0,-,,,,,04,3,00000000,00,10,,T,NA,0,,,122.0,NA_0
2025-10-02 08:37:36,2025-10-02 08:37:35,2025-10-02 08:24:50,2025-10-02 08:24:50,867488068383602,2577,GTSTT,0x19fe7fbf,,802003,0x8303,0x0115,53,24786,0000,0000,01,00,22,9,9,-,00,00,0.0,0.0,152,152,1041,1041,-25.047742,-25.047742,-51.541711,-51.541711,0724,0004,85da,0f6ad10a,0.0,0.2,0.2,0:00:00,1:49:09,-,-,0,-,,,,,,,,,,,X,NA,0,,,765.0,NA_0
2025-10-02 08:37:36,2025-10-02 08:37:35,2025-10-02 08:24:50,2025-10-01 18:21:01,867488068383602,2576,GTIGN,0x19fe7fbf,,802003,0x8303,0x0115,53,24786,0000,0000,01,00,22,9,12,51338,00,01,0.0,8.8,152,38,1041,1041,-25.047742,-25.047901,-51.541711,-51.541956,0724,0004,85da,0f6ad10a,0.0,0.2,0.1,0:00:00,1:49:09,-,-,0,-,,,,,,,,,,,X,NA,0,,,765.0,NA_0
2025-10-02 08:37:51,2025-10-02 08:37:50,2025-10-02 08:37:51,2025-10-02 08:37:51,867488068383602,2578,GTERI,0x19fe3fbf,0x00028102,802003,0x8303,0x0115,53,27223,0000,-,01,00,22,7,7,-,01,01,1.0,1.0,325,325,1041,1041,-25.047697,-25.047697,-51.541623,-51.541623,0724,0004,85da,0f6ad10a,0.0,0.2,0.2,0:00:15,1:49:24,-,-,0,-,,,,,04,3,00000000,00,10,,T,NA,0,,,-1.0,NA_0
2025-10-02 08:37:51,2025-10-02 08:37:50,2025-10-02 08:37:51,2025-10-02 08:37:51,867488068383602,2579,GTIGL,0x19fe7fbf,,802003,0x8303,0x0115,53,27223,0000,0000,01,00,22,7,7,-,01,01,1.0,1.0,325,325,1041,1041,-25.047697,-25.047697,-51.541623,-51.541623,0724,0004,85da,0f6ad10a,0.0,0.2,0.2,0:00:15,1:49:24,-,-,0,-,,,,,,,,,00,,X,NA,0,,,-1.0,NA_0
2025-10-02 08:40:36,2025-10-02 08:40:36,2025-10-02 08:40:36,2025-10-02 08:40:18,867488068383602,2582,GTBTC,0x19fe7fbf,,802003,0x8303,0x0115,52,27825,0000,0000,01,00,22,12,12,-,01,01,0.0,1.1,305,305,1043,1043,-25.047708,-25.047705,-51.54165,-51.541642,0724,0004,85da,0f6ad10a,0.0,0.2,0.2,0:03:00,1:52:09,-,-,0,-,,,,,,,,,,,X,NA,0,,,0.0,NA_0
2025-10-02 08:40:44,2025-10-02 08:40:43,2025-10-02 08:40:42,2025-10-02 08:40:43,867488068383602,2583,GTERI,0x19fe3fbf,0x00028102,802003,0x8303,0x0115,52,27747,0000,-,01,00,22,12,12,-,01,01,0.0,0.0,305,305,1043,1043,-25.047708,-25.047708,-51.54165,-51.54165,0724,0004,85da,0f6ad10a,0.0,0.2,0.2,0:03:06,1:52:15,-,-,0,-,,,,,04,3,00000000,00,10,,T,NA,0,,,1.0,NA_0
2025-10-02 08:41:59,2025-10-02 08:41:58,2025-10-02 08:41:58,2025-10-02 08:41:58,867488068383602,2589,GTIGF,0x19fe7fbf,,802003,0x8303,0x0115,82,27838,0000,0000,00,00,12,12,12,264,01,01,0.0,0.0,305,305,1043,1043,-25.047841,-25.047841,-51.541959,-51.541959,0724,0004,85da,0f6ad10a,0.1,0.2,0.2,0:04:21,1:53:30,-,-,0,-,,,,,,,,,,,X,NA,0,,,0.0,NA_0
2025-10-02 08:41:59,2025-10-02 08:41:58,2025-10-02 08:41:58,2025-10-02 08:41:58,867488068383602,2590,GTSTT,0x19fe7fbf,,802003,0x8303,0x0115,82,27838,0000,0000,00,00,12,12,12,-,01,01,0.0,0.0,305,305,1043,1043,-25.047841,-25.047841,-51.541959,-51.541959,0724,0004,85da,0f6ad10a,0.1,0.2,0.2,0:04:21,1:53:30,-,-,0,-,,,,,,,,,,,X,NA,0,,,0.0,NA_0
2025-10-02 08:42:00,2025-10-02 08:41:59,2025-10-02 08:41:59,2025-10-02 08:41:59,867488068383602,2591,GTSTC,0x19fe7fbf,,802003,0x8303,0x0115,82,27838,0000,0000,00,00,12,12,12,-,01,01,0.0,0.0,305,305,1043,1043,-25.047841,-25.047841,-51.541959,-51.541959,0724,0004,85da,0f6ad10a,0.1,0.2,0.2,0:04:21,1:53:30,-,-,0,-,,,,,,,,,,,X,NA,0,,,0.0,NA_0
2025-10-02 08:42:00,2025-10-02 08:41:59,2025-10-02 08:42:00,2025-10-02 08:42:00,867488068383602,2592,GTIGL,0x19fe7fbf,,802003,0x8303,0x0115,82,27838,0000,0000,00,00,12,12,12,-,01,01,0.0,0.0,305,305,1043,1043,-25.047841,-25.047841,-51.541959,-51.541959,0724,0004,85da,0f6ad10a,0.1,0.2,0.2,0:04:21,1:53:30,-,-,0,-,,,,,,,,,01,,X,NA,0,,,-1.0,NA_0
2025-10-02 08:42:21,2025-10-02 08:42:21,2025-10-02 08:42:21,2025-10-02 08:42:21,867488068383602,2595,GTSTT,0x19fe7fbf,,802003,0x8303,0x0115,75,25866,0000,0000,00,00,11,12,12,-,01,01,0.0,0.0,305,305,1043,1043,-25.047841,-25.047841,-51.541959,-51.541959,0724,0004,85da,0f6ad10a,0.1,0.2,0.2,0:04:21,1:53:30,-,-,0,-,,,,,,,,,,,X,NA,0,,,0.0,NA_0
2025-10-02 08:43:44,2025-10-02 08:43:43,2025-10-02 08:43:42,2025-10-02 08:43:42,867488068383602,2598,GTERI,0x19fe3fbf,0x00028102,802003,0x8303,0x0115,58,25568,0000,-,00,00,11,12,12,-,01,01,0.0,0.0,305,305,1043,1043,-25.047841,-25.047841,-51.541959,-51.541959,0724,0004,85da,0f6ad10a,0.1,0.2,0.2,0:04:21,1:53:30,-,-,0,-,,,,,04,3,00000000,00,10,,T,NA,0,,,1.0,NA_0
2025-10-02 08:46:44,2025-10-02 08:46:43,2025-10-02 08:46:42,2025-10-02 08:46:42,867488068383602,2601,GTERI,0x19fe3fbf,0x00028102,802003,0x8303,0x0115,55,25431,0000,-,00,00,11,12,12,-,01,01,0.0,0.0,305,305,1043,1043,-25.047841,-25.047841,-51.541959,-51.541959,0724,0004,85da,0f6ad10a,0.1,0.2,0.2,0:04:21,1:53:30,-,-,0,-,,,,,04,3,00000000,00,10,,T,NA,0,,,1.0,NA_0
2025-10-02 08:46:59,2025-10-02 08:46:58,2025-10-02 08:46:59,2025-10-02 08:46:59,867488068383602,2602,GTERI,0x19fe3fbf,0x00028102,802003,0x8303,0x0115,55,25395,0000,-,00,00,11,12,12,-,01,01,0.0,0.0,305,305,1043,1043,-25.047841,-25.047841,-51.541959,-51.541959,0724,0004,85da,0f6ad10a,0.1,0.2,0.2,0:04:21,1:53:30,-,-,0,-,,,,,04,3,00000000,00,10,,T,NA,0,,,-1.0,NA_0
2025-10-02 09:46:55,2025-10-02 09:46:54,2025-10-02 09:44:28,2025-10-02 09:44:28,867488068383602,2633,GTERI,0x19fe3fbf,0x00028102,802003,0x8303,0x0115,54,25161,0000,-,00,00,11,12,12,-,01,01,0.0,0.0,305,305,1043,1043,-25.047841,-25.047841,-51.541959,-51.541959,0724,0004,85da,0f6ad10a,0.1,0.2,0.2,0:04:21,1:53:30,-,-,0,-,,,,,04,3,00000000,00,10,,T,NA,0,,,146.0,NA_0
2025-10-02 10:46:55,2025-10-02 10:46:54,2025-10-02 10:44:28,2025-10-02 10:44:28,867488068383602,2664,GTERI,0x19fe3fbf,0x00028102,802003,0x8303,0x0115,54,25081,0000,-,00,00,11,12,12,-,01,01,0.0,0.0,305,305,1043,1043,-25.047841,-25.047841,-51.541959,-51.541959,0724,0004,85da,0f6ad10a,0.1,0.2,0.2,0:04:21,1:53:30,-,-,0,-,,,,,04,3,00000000,00,10,,T,NA,0,,,146.0,NA_0
2025-10-02 11:46:55,2025-10-02 11:46:54,2025-10-02 11:44:52,2025-10-02 11:44:52,867488068383602,2695,GTERI,0x19fe3fbf,0x00028102,802003,0x8303,0x0115,54,25022,0000,-,00,00,11,5,5,-,01,01,0.0,0.0,305,305,1043,1043,-25.047841,-25.047841,-51.541959,-51.541959,0724,0004,85da,0f6ad10a,0.1,0.2,0.2,0:04:21,1:53:30,-,-,0,-,,,,,04,3,00000000,00,10,,T,NA,0,,,122.0,NA_0
2025-10-02 12:46:55,2025-10-02 12:46:54,2025-10-02 12:44:51,2025-10-02 12:44:51,867488068383602,2726,GTERI,0x19fe3fbf,0x00028102,802003,0x8303,0x0115,54,24988,0000,-,00,00,11,8,8,-,01,01,0.0,0.0,305,305,1043,1043,-25.047841,-25.047841,-51.541959,-51.541959,0724,0004,85da,0f6ad10a,0.1,0.2,0.2,0:04:21,1:53:30,-,-,0,-,,,,,04,3,00000000,00,10,,T,NA,0,,,123.0,NA_0
2025-10-02 13:46:55,2025-10-02 13:46:54,2025-10-02 13:44:31,2025-10-02 13:44:31,867488068383602,2758,GTERI,0x19fe3fbf,0x00028102,802003,0x8303,0x0115,54,24954,0000,-,00,00,11,6,6,-,01,01,0.0,0.0,305,305,1043,1043,-25.047841,-25.047841,-51.541959,-51.541959,0724,0004,85da,0f6ad10a,0.1,0.2,0.2,0:04:21,1:53:30,-,-,0,-,,,,,04,3,00000000,00,10,,T,NA,0,,,143.0,NA_0
2025-10-02 14:46:55,2025-10-02 14:46:54,2025-10-02 14:44:50,2025-10-02 14:44:50,867488068383602,2789,GTERI,0x19fe3fbf,0x00028102,802003,0x8303,0x0115,54,24937,0000,-,00,00,11,12,12,-,01,01,0.0,0.0,305,305,1043,1043,-25.047841,-25.047841,-51.541959,-51.541959,0724,0004,85da,0f6ad10a,0.1,0.2,0.2,0:04:21,1:53:30,-,-,0,-,,,,,04,3,00000000,00,10,,T,NA,0,,,124.0,NA_0
2025-10-02 15:14:54,2025-10-02 15:14:53,2025-10-02 14:44:50,2025-10-02 14:44:50,867488068383602,2804,GTSTT,0x19fe7fbf,,802003,0x8303,0x0115,54,24876,0000,0000,00,00,16,12,12,-,00,00,0.0,0.0,305,305,1043,1043,-25.047841,-25.047841,-51.541959,-51.541959,0724,0004,85da,0f6ad10a,0.1,0.2,0.2,0:04:21,1:53:30,-,-,0,-,,,,,,,,,,,X,NA,0,,,1803.0,NA_0
2025-10-02 15:18:02,2025-10-02 15:18:01,2025-10-02 14:44:50,2025-10-02 14:44:50,867488068383602,2807,GTSTT,0x19fe7fbf,,802003,0x8303,0x0115,54,24921,0000,0000,00,00,11,12,12,-,00,00,0.0,0.0,305,305,1043,1043,-25.047841,-25.047841,-51.541959,-51.541959,0724,0004,85da,0f6ad10a,0.1,0.2,0.2,0:04:21,1:53:30,-,-,0,-,,,,,,,,,,,X,NA,0,,,1991.0,NA_0
2025-10-02 15:46:55,2025-10-02 15:46:54,2025-10-02 15:44:32,2025-10-02 15:44:32,867488068383602,2822,GTERI,0x19fe3fbf,0x00028102,802003,0x8303,0x0115,54,24871,0000,-,00,00,11,8,8,-,01,01,0.0,0.0,305,305,1043,1043,-25.047841,-25.047841,-51.541959,-51.541959,0724,0004,85da,0f6ad10a,0.1,0.2,0.2,0:04:21,1:53:30,-,-,0,-,,,,,04,3,00000000,00,10,,T,NA,0,,,142.0,NA_0
2025-10-02 16:46:55,2025-10-02 16:46:54,2025-10-02 16:44:30,2025-10-02 16:44:30,867488068383602,2853,GTERI,0x19fe3fbf,0x00028102,802003,0x8303,0x0115,54,24913,0000,-,00,00,11,7,7,-,01,01,0.0,0.0,305,305,1043,1043,-25.047841,-25.047841,-51.541959,-51.541959,0724,0004,85da,0f6ad10a,0.1,0.2,0.2,0:04:21,1:53:30,-,-,0,-,,,,,04,3,00000000,00,10,,T,NA,0,,,144.0,NA_0
2025-10-02 17:46:55,2025-10-02 17:46:54,2025-10-02 17:44:53,2025-10-02 17:44:53,867488068383602,2884,GTERI,0x19fe3fbf,0x00028102,802003,0x8303,0x0115,54,24895,0000,-,00,00,11,12,12,-,01,01,0.0,0.0,305,305,1043,1043,-25.047841,-25.047841,-51.541959,-51.541959,0724,0004,85da,0f6ad10a,0.1,0.2,0.2,0:04:21,1:53:30,-,-,0,-,,,,,04,3,00000000,00,10,,T,NA,0,,,121.0,NA_0
2025-10-02 18:46:55,2025-10-02 18:46:54,2025-10-02 18:44:31,2025-10-02 18:44:31,867488068383602,2915,GTERI,0x19fe3fbf,0x00028102,802003,0x8303,0x0115,55,24881,0000,-,00,00,11,7,7,-,01,01,0.0,0.0,305,305,1043,1043,-25.047841,-25.047841,-51.541959,-51.541959,0724,0004,85da,0f6ad10a,0.1,0.2,0.2,0:04:21,1:53:30,-,-,0,-,,,,,04,3,00000000,00,10,,T,NA,0,,,143.0,NA_0
2025-10-02 19:46:55,2025-10-02 19:46:54,2025-10-02 19:44:34,2025-10-02 19:44:34,867488068383602,2946,GTERI,0x19fe3fbf,0x00028102,802003,0x8303,0x0115,55,24871,0000,-,00,00,11,5,5,-,01,01,0.0,0.0,305,305,1043,1043,-25.047841,-25.047841,-51.541959,-51.541959,0724,0004,85da,0f6ad116,0.1,0.2,0.2,0:04:21,1:53:30,-,-,0,-,,,,,04,1,00000000,00,10,,T,NA,0,,,140.0,NA_0
2025-10-02 19:53:19,2025-10-02 19:53:18,2025-10-02 19:44:34,2025-10-02 08:41:13,867488068383602,2952,GTIGN,0x19fe7fbf,,802003,0x8303,0x0115,55,24866,0000,0000,01,00,22,5,12,40280,00,01,0.0,8.0,305,191,1043,1045,-25.047841,-25.047998,-51.541959,-51.541802,0724,0004,85da,0f6ad116,0.0,0.2,0.2,0:00:00,1:53:30,-,-,0,-,,,,,,,,,,,X,NA,0,,,524.0,NA_0
2025-10-02 19:53:20,2025-10-02 19:53:18,2025-10-02 19:44:34,2025-10-02 19:44:34,867488068383602,2953,GTSTT,0x19fe7fbf,,802003,0x8303,0x0115,55,24866,0000,0000,01,00,22,5,5,-,00,00,0.0,0.0,305,305,1043,1043,-25.047841,-25.047841,-51.541959,-51.541959,0724,0004,85da,0f6ad116,0.0,0.2,0.2,0:00:00,1:53:30,-,-,0,-,,,,,,,,,,,X,NA,0,,,524.0,NA_0
2025-10-02 19:53:38,2025-10-02 19:53:37,2025-10-02 19:44:34,2025-10-02 19:44:34,867488068383602,2954,GTIGF,0x19fe7fbf,,802003,0x8303,0x0115,55,15728,0000,0000,00,00,12,5,5,19,00,00,0.0,0.0,305,305,1043,1043,-25.047841,-25.047841,-51.541959,-51.541959,0724,0004,85da,0f6ad116,0.0,0.2,0.2,0:00:18,1:53:48,-,-,0,-,,,,,,,,,,,X,NA,0,,,543.0,NA_0
2025-10-02 19:53:38,2025-10-02 19:53:37,2025-10-02 19:44:34,2025-10-02 19:44:34,867488068383602,2955,GTSTT,0x19fe7fbf,,802003,0x8303,0x0115,55,15728,0000,0000,00,00,12,5,5,-,00,00,0.0,0.0,305,305,1043,1043,-25.047841,-25.047841,-51.541959,-51.541959,0724,0004,85da,0f6ad116,0.0,0.2,0.2,0:00:18,1:53:48,-,-,0,-,,,,,,,,,,,X,NA,0,,,543.0,NA_0
2025-10-02 19:53:54,2025-10-02 19:53:52,2025-10-02 19:53:53,2025-10-02 19:53:53,867488068383602,2960,GTIGL,0x19fe7fbf,,802003,0x8303,0x0115,55,24055,0000,0000,00,00,12,6,6,-,02,02,0.0,0.0,305,305,1017,1017,-25.047723,-25.047723,-51.541902,-51.541902,0724,0004,85da,0f6ad116,0.0,0.2,0.2,0:00:18,1:53:48,-,-,0,-,,,,,,,,,01,,X,NA,0,,,-1.0,NA_0
2025-10-02 19:53:53,2025-10-02 19:53:52,2025-10-02 19:53:53,2025-10-02 19:53:53,867488068383602,2958,GTERI,0x19fe3fbf,0x00028102,802003,0x8303,0x0115,55,24055,0000,-,00,00,12,6,6,-,02,02,0.0,0.0,305,305,1017,1017,-25.047723,-25.047723,-51.541902,-51.541902,0724,0004,85da,0f6ad116,0.0,0.2,0.2,0:00:18,1:53:48,-,-,0,-,,,,,04,1,00000000,00,10,,T,NA,0,,,-1.0,NA_0
2025-10-02 19:53:53,2025-10-02 19:53:52,2025-10-02 19:53:53,2025-10-02 19:53:53,867488068383602,2959,GTIGL,0x19fe7fbf,,802003,0x8303,0x0115,55,24055,0000,0000,00,00,12,6,6,-,02,02,0.0,0.0,305,305,1017,1017,-25.047723,-25.047723,-51.541902,-51.541902,0724,0004,85da,0f6ad116,0.0,0.2,0.2,0:00:18,1:53:48,-,-,0,-,,,,,,,,,00,,X,NA,0,,,-1.0,NA_0
2025-10-02 19:54:03,2025-10-02 19:54:02,2025-10-02 19:54:02,2025-10-02 19:54:02,867488068383602,2962,GTIGN,0x19fe7fbf,,802003,0x8303,0x0115,55,24087,0000,0000,01,00,22,12,12,25,01,01,0.0,0.0,305,305,1017,1017,-25.047723,-25.047723,-51.541902,-51.541902,0724,0004,85da,0f6ad116,0.0,0.2,0.2,0:00:00,1:53:48,-,-,0,-,,,,,,,,,,,X,NA,0,,,0.0,NA_0
2025-10-02 19:54:04,2025-10-02 19:54:02,2025-10-02 19:54:02,2025-10-02 19:54:02,867488068383602,2963,GTSTT,0x19fe7fbf,,802003,0x8303,0x0115,55,24087,0000,0000,01,00,22,12,12,-,01,01,0.0,0.0,305,305,1017,1017,-25.047723,-25.047723,-51.541902,-51.541902,0724,0004,85da,0f6ad116,0.0,0.2,0.2,0:00:00,1:53:48,-,-,0,-,,,,,,,,,,,X,NA,0,,,0.0,NA_0
2025-10-02 19:54:04,2025-10-02 19:54:03,2025-10-02 19:54:02,2025-10-02 19:54:02,867488068383602,2964,GTSTT,0x19fe7fbf,,802003,0x8303,0x0115,55,24087,0000,0000,01,00,21,12,12,-,01,01,0.0,0.0,305,305,1017,1017,-25.047723,-25.047723,-51.541902,-51.541902,0724,0004,85da,0f6ad116,0.0,0.2,0.2,0:00:00,1:53:48,-,-,0,-,,,,,,,,,,,X,NA,0,,,1.0,NA_0
2025-10-02 19:54:04,2025-10-02 19:54:03,2025-10-02 19:54:04,2025-10-02 19:54:04,867488068383602,2965,GTIGL,0x19fe7fbf,,802003,0x8303,0x0115,55,24087,0000,0000,01,00,21,12,12,-,01,01,0.0,0.0,305,305,1017,1017,-25.047723,-25.047723,-51.541902,-51.541902,0724,0004,85da,0f6ad116,0.0,0.2,0.2,0:00:00,1:53:48,-,-,0,-,,,,,,,,,00,,X,NA,0,,,-1.0,NA_0
2025-10-02 19:54:05,2025-10-02 19:54:04,2025-10-02 19:54:04,2025-10-02 19:54:04,867488068383602,2966,GTSTT,0x19fe7fbf,,802003,0x8303,0x0115,55,24087,0000,0000,01,00,22,12,12,-,00,00,0.0,0.0,305,305,1017,1017,-25.047723,-25.047723,-51.541902,-51.541902,0724,0004,85da,0f6ad116,0.0,0.2,0.2,0:00:00,1:53:48,-,-,0,-,,,,,,,,,,,X,NA,0,,,0.0,NA_0
2025-10-02 19:56:26,2025-10-02 19:56:25,2025-10-02 19:56:24,2025-10-02 19:56:25,867488068383602,2969,GTERI,0x19fe3fbf,0x00028102,802003,0x8303,0x0115,55,27354,0000,-,01,00,22,12,12,-,01,01,0.0,0.0,305,305,1017,1017,-25.047723,-25.047723,-51.541902,-51.541902,0724,0004,85da,0f6ad116,0.0,0.2,0.2,0:02:21,1:56:09,-,-,0,-,,,,,04,1,00000000,00,10,,T,NA,0,,,1.0,NA_0
2025-10-02 19:57:05,2025-10-02 19:57:04,2025-10-02 19:57:05,2025-10-02 19:56:56,867488068383602,2970,GTBTC,0x19fe7fbf,,802003,0x8303,0x0115,55,27156,0000,0000,01,00,22,12,12,-,01,01,0.0,14.0,73,54,1023,1019,-25.047694,-25.047695,-51.541706,-51.541844,0724,0004,85da,0f6ad116,0.0,0.2,0.2,0:03:00,1:56:48,-,-,0,-,,,,,,,,,,,X,NA,0,,,-1.0,NA_0
2025-10-02 19:57:27,2025-10-02 19:57:25,2025-10-02 19:57:26,2025-10-02 19:57:26,867488068383602,2972,GTIGF,0x19fe7fbf,,802003,0x8303,0x0115,64,27201,0000,0000,01,00,12,12,12,203,01,01,0.0,0.0,305,305,1025,1025,-25.047724,-25.047724,-51.541692,-51.541692,0724,0004,85da,0f6ad10a,0.0,0.2,0.2,0:03:21,1:57:09,-,-,0,-,,,,,,,,,,,X,NA,0,,,-1.0,NA_0
2025-10-02 19:57:27,2025-10-02 19:57:25,2025-10-02 19:57:26,2025-10-02 19:57:26,867488068383602,2973,GTSTT,0x19fe7fbf,,802003,0x8303,0x0115,64,27201,0000,0000,01,00,12,12,12,-,01,01,0.0,0.0,305,305,1025,1025,-25.047724,-25.047724,-51.541692,-51.541692,0724,0004,85da,0f6ad10a,0.0,0.2,0.2,0:03:21,1:57:09,-,-,0,-,,,,,,,,,,,X,NA,0,,,-1.0,NA_0
2025-10-02 19:57:28,2025-10-02 19:57:26,2025-10-02 19:57:27,2025-10-02 19:57:27,867488068383602,2975,GTIGL,0x19fe7fbf,,802003,0x8303,0x0115,67,26336,0000,0000,01,00,12,12,12,-,01,01,0.0,0.0,305,305,1025,1025,-25.047724,-25.047724,-51.541692,-51.541692,0724,0004,85da,0f6ad10a,0.0,0.2,0.2,0:03:21,1:57:09,-,-,0,-,,,,,,,,,01,,X,NA,0,,,-1.0,NA_0
2025-10-02 19:57:28,2025-10-02 19:57:26,2025-10-02 19:57:26,2025-10-02 19:57:26,867488068383602,2974,GTSTC,0x19fe7fbf,,802003,0x8303,0x0115,67,26336,0000,0000,01,00,12,12,12,-,01,01,0.0,0.0,305,305,1025,1025,-25.047724,-25.047724,-51.541692,-51.541692,0724,0004,85da,0f6ad10a,0.0,0.2,0.2,0:03:21,1:57:09,-,-,0,-,,,,,,,,,,,X,NA,0,,,0.0,NA_0
2025-10-02 19:57:31,2025-10-02 19:57:28,2025-10-02 19:57:29,2025-10-02 19:57:29,867488068383602,2981,GTIGL,0x19fe7fbf,,802003,0x8303,0x0115,67,26136,0000,0000,01,00,22,12,12,-,01,01,0.0,0.0,305,305,1025,1025,-25.047724,-25.047724,-51.541692,-51.541692,0724,0004,85da,0f6ad10a,0.0,0.2,0.2,0:00:00,1:57:09,-,-,0,-,,,,,,,,,00,,X,NA,0,,,-1.0,NA_0
2025-10-02 19:57:30,2025-10-02 19:57:28,2025-10-02 19:57:28,2025-10-02 19:57:09,867488068383602,2978,GTIGN,0x19fe7fbf,,802003,0x8303,0x0115,67,26336,0000,0000,01,00,22,12,12,3,01,01,0.0,3.3,305,120,1025,1023,-25.047724,-25.047703,-51.541692,-51.541705,0724,0004,85da,0f6ad10a,0.0,0.2,0.2,0:00:00,1:57:09,-,-,0,-,,,,,,,,,,,X,NA,0,,,0.0,NA_0
2025-10-02 19:57:30,2025-10-02 19:57:28,2025-10-02 19:57:28,2025-10-02 19:57:28,867488068383602,2979,GTSTT,0x19fe7fbf,,802003,0x8303,0x0115,67,26336,0000,0000,01,00,22,12,12,-,01,01,0.0,0.0,305,305,1025,1025,-25.047724,-25.047724,-51.541692,-51.541692,0724,0004,85da,0f6ad10a,0.0,0.2,0.2,0:00:00,1:57:09,-,-,0,-,,,,,,,,,,,X,NA,0,,,0.0,NA_0
2025-10-02 19:57:34,2025-10-02 19:57:33,2025-10-02 19:57:33,2025-10-02 19:57:33,867488068383602,2982,GTIGF,0x19fe7fbf,,802003,0x8303,0x0115,67,26136,0000,0000,00,00,12,12,12,5,01,01,0.0,0.0,305,305,1025,1025,-25.047724,-25.047724,-51.541692,-51.541692,0724,0004,85da,0f6ad10a,0.0,0.2,0.2,0:00:03,1:57:12,-,-,0,-,,,,,,,,,,,X,NA,0,,,0.0,NA_0
2025-10-02 19:57:34,2025-10-02 19:57:33,2025-10-02 19:57:33,2025-10-02 19:57:33,867488068383602,2983,GTSTT,0x19fe7fbf,,802003,0x8303,0x0115,67,26136,0000,0000,00,00,12,12,12,-,01,01,0.0,0.0,305,305,1025,1025,-25.047724,-25.047724,-51.541692,-51.541692,0724,0004,85da,0f6ad10a,0.0,0.2,0.2,0:00:03,1:57:12,-,-,0,-,,,,,,,,,,,X,NA,0,,,0.0,NA_0
2025-10-02 19:57:34,2025-10-02 19:57:33,2025-10-02 19:57:34,2025-10-02 19:57:34,867488068383602,2984,GTIGL,0x19fe7fbf,,802003,0x8303,0x0115,67,26136,0000,0000,00,00,12,12,12,-,01,01,0.0,0.0,120,120,1025,1025,-25.047724,-25.047724,-51.541692,-51.541692,0724,0004,85da,0f6ad10a,0.0,0.2,0.2,0:00:03,1:57:12,-,-,0,-,,,,,,,,,01,,X,NA,0,,,-1.0,NA_0
2025-10-02 19:57:58,2025-10-02 19:57:57,2025-10-02 19:57:57,2025-10-02 19:57:57,867488068383602,2987,GTSTT,0x19fe7fbf,,802003,0x8303,0x0115,67,25387,0000,0000,00,00,11,12,12,-,01,01,0.0,0.0,120,120,1025,1025,-25.047724,-25.047724,-51.541692,-51.541692,0724,0004,85da,0f6ad10a,0.0,0.2,0.2,0:00:03,1:57:12,-,-,0,-,,,,,,,,,,,X,NA,0,,,0.0,NA_0
2025-10-02 19:59:26,2025-10-02 19:59:25,2025-10-02 19:59:24,2025-10-02 19:59:24,867488068383602,2989,GTERI,0x19fe3fbf,0x00028102,802003,0x8303,0x0115,57,25277,0000,-,00,00,11,12,12,-,01,01,0.0,0.0,120,120,1025,1025,-25.047724,-25.047724,-51.541692,-51.541692,0724,0004,85da,0f6ad10a,0.0,0.2,0.2,0:00:03,1:57:12,-,-,0,-,,,,,04,3,00000000,00,10,,T,NA,0,,,1.0,NA_0
2025-10-02 20:02:26,2025-10-02 20:02:25,2025-10-02 20:02:24,2025-10-02 20:02:24,867488068383602,2993,GTERI,0x19fe3fbf,0x00028102,802003,0x8303,0x0115,55,25142,0000,-,00,00,11,12,12,-,01,01,0.0,0.0,120,120,1025,1025,-25.047724,-25.047724,-51.541692,-51.541692,0724,0004,85da,0f6ad10a,0.0,0.2,0.2,0:00:03,1:57:12,-,-,0,-,,,,,04,3,00000000,00,10,,T,T10,1,,9.0,1.0,T10_1
2025-10-02 20:02:34,2025-10-02 20:02:33,2025-10-02 20:02:34,2025-10-02 20:02:34,867488068383602,2994,GTERI,0x19fe3fbf,0x00028102,802003,0x8303,0x0115,55,25093,0000,-,00,00,11,12,12,-,01,01,0.0,0.0,120,120,1025,1025,-25.047724,-25.047724,-51.541692,-51.541692,0724,0004,85da,0f6ad10a,0.0,0.2,0.2,0:00:03,1:57:12,-,-,0,-,,,,,04,3,00000000,00,10,,T,NA,0,,,-1.0,NA_0
2025-10-02 21:02:30,2025-10-02 21:02:29,2025-10-02 21:00:08,2025-10-02 21:00:08,867488068383602,3025,GTERI,0x19fe3fbf,0x00028102,802003,0x8303,0x0115,55,25010,0000,-,00,00,11,12,12,-,01,01,0.0,0.0,120,120,1025,1025,-25.047724,-25.047724,-51.541692,-51.541692,0724,0004,85da,0f6ad10a,0.0,0.2,0.2,0:00:03,1:57:12,-,-,0,-,,,,,04,3,00000000,00,10,,T,NA,0,,,141.0,NA_0
2025-10-02 22:02:30,2025-10-02 22:02:29,2025-10-02 22:00:05,2025-10-02 22:00:05,867488068383602,3056,GTERI,0x19fe3fbf,0x00028102,802003,0x8303,0x0115,55,24935,0000,-,00,00,11,10,10,-,01,01,0.0,0.0,120,120,1025,1025,-25.047724,-25.047724,-51.541692,-51.541692,0724,0004,85da,0f6ad10a,0.0,0.2,0.2,0:00:03,1:57:12,-,-,0,-,,,,,04,3,00000000,00,10,,T,NA,0,,,144.0,NA_0
2025-10-02 23:02:30,2025-10-02 23:02:29,2025-10-02 23:00:36,2025-10-02 23:00:36,867488068383602,3087,GTERI,0x19fe3fbf,0x00028102,802003,0x8303,0x0115,55,24894,0000,-,00,00,11,5,5,-,01,01,0.0,0.0,120,120,1025,1025,-25.047724,-25.047724,-51.541692,-51.541692,0724,0004,85da,0f6ad10a,0.0,0.2,0.2,0:00:03,1:57:12,-,-,0,-,,,,,04,3,00000000,00,10,,T,NA,0,,,113.0,NA_0
2025-10-03 00:02:30,2025-10-03 00:02:29,2025-10-03 00:00:12,2025-10-03 00:00:12,867488068383602,3118,GTERI,0x19fe3fbf,0x00028102,802003,0x8303,0x0115,56,24867,0000,-,00,00,11,4,4,-,01,01,0.0,0.0,120,120,1025,1025,-25.047724,-25.047724,-51.541692,-51.541692,0724,0004,85da,0f6ad10a,0.0,0.2,0.2,0:00:03,1:57:12,-,-,0,-,,,,,04,3,00000000,00,10,,T,NA,0,,,137.0,NA_0
2025-10-03 01:02:30,2025-10-03 01:02:29,2025-10-03 01:00:23,2025-10-03 01:00:23,867488068383602,3149,GTERI,0x19fe3fbf,0x00028102,802003,0x8303,0x0115,56,24803,0000,-,00,00,11,5,5,-,01,01,0.0,0.0,120,120,1025,1025,-25.047724,-25.047724,-51.541692,-51.541692,0724,0004,85da,0f6ad10a,0.0,0.2,0.2,0:00:03,1:57:12,-,-,0,-,,,,,04,3,00000000,00,10,,T,NA,0,,,126.0,NA_0
2025-10-03 02:02:30,2025-10-03 02:02:29,2025-10-03 02:00:08,2025-10-03 02:00:08,867488068383602,3180,GTERI,0x19fe3fbf,0x00028102,802003,0x8303,0x0115,56,24798,0000,-,00,00,11,5,5,-,01,01,0.0,0.0,120,120,1025,1025,-25.047724,-25.047724,-51.541692,-51.541692,0724,0004,85da,0f6ad10a,0.0,0.2,0.2,0:00:03,1:57:12,-,-,0,-,,,,,04,3,00000000,00,10,,T,NA,0,,,141.0,NA_0
2025-10-03 03:02:30,2025-10-03 03:02:29,2025-10-03 03:00:35,2025-10-03 03:00:35,867488068383602,3211,GTERI,0x19fe3fbf,0x00028102,802003,0x8303,0x0115,56,24770,0000,-,00,00,11,4,4,-,01,01,0.0,0.0,120,120,1025,1025,-25.047724,-25.047724,-51.541692,-51.541692,0724,0004,85da,0f6ad10a,0.0,0.2,0.2,0:00:03,1:57:12,-,-,0,-,,,,,04,3,00000000,00,10,,T,NA,0,,,114.0,NA_0
2025-10-03 04:02:30,2025-10-03 04:02:29,2025-10-03 04:01:01,2025-10-03 04:01:01,867488068383602,3242,GTERI,0x19fe3fbf,0x00028102,802003,0x8303,0x0115,56,24757,0000,-,00,00,11,8,8,-,01,01,0.0,0.0,120,120,1025,1025,-25.047724,-25.047724,-51.541692,-51.541692,0724,0004,85da,0f6ad10a,0.0,0.2,0.2,0:00:03,1:57:12,-,-,0,-,,,,,04,3,00000000,00,10,,T,NA,0,,,88.0,NA_0
2025-10-03 05:02:30,2025-10-03 05:02:29,2025-10-03 05:00:08,2025-10-03 05:00:08,867488068383602,3273,GTERI,0x19fe3fbf,0x00028102,802003,0x8303,0x0115,56,24733,0000,-,00,00,11,8,8,-,01,01,0.0,0.0,120,120,1025,1025,-25.047724,-25.047724,-51.541692,-51.541692,0724,0004,85da,0f6ad10a,0.0,0.2,0.2,0:00:03,1:57:12,-,-,0,-,,,,,04,3,00000000,00,10,,T,NA,0,,,141.0,NA_0
2025-10-03 06:02:30,2025-10-03 06:02:29,2025-10-03 06:00:08,2025-10-03 06:00:08,867488068383602,3304,GTERI,0x19fe3fbf,0x00028102,802003,0x8303,0x0115,56,24790,0000,-,00,00,11,7,7,-,01,01,0.0,0.0,120,120,1025,1025,-25.047724,-25.047724,-51.541692,-51.541692,0724,0004,85da,0f6ad10a,0.0,0.2,0.2,0:00:03,1:57:12,-,-,0,-,,,,,04,3,00000000,00,10,,T,NA,0,,,141.0,NA_0
2025-10-03 07:02:30,2025-10-03 07:02:29,2025-10-03 07:00:35,2025-10-03 07:00:35,867488068383602,3335,GTERI,0x19fe3fbf,0x00028102,802003,0x8303,0x0115,57,24712,0000,-,00,00,11,7,7,-,01,01,0.0,0.0,120,120,1025,1025,-25.047724,-25.047724,-51.541692,-51.541692,0724,0004,85da,0f6ad10a,0.0,0.2,0.2,0:00:03,1:57:12,-,-,0,-,,,,,04,3,00000000,00,10,,T,NA,0,,,114.0,NA_0
2025-10-03 08:02:30,2025-10-03 08:02:29,2025-10-03 08:00:08,2025-10-03 08:00:08,867488068383602,3366,GTERI,0x19fe3fbf,0x00028102,802003,0x8303,0x0115,57,24768,0000,-,00,00,11,6,6,-,01,01,0.0,0.0,120,120,1025,1025,-25.047724,-25.047724,-51.541692,-51.541692,0724,0004,85da,0f6ad10a,0.0,0.2,0.2,0:00:03,1:57:12,-,-,0,-,,,,,04,3,00000000,00,10,,T,NA,0,,,141.0,NA_0
2025-10-03 08:26:21,2025-10-03 08:26:20,2025-10-03 08:00:08,2025-10-03 08:00:08,867488068383602,3380,GTIGN,0x19fe7fbf,,802003,0x8303,0x0115,57,24658,0000,0000,01,00,22,6,6,44927,00,01,0.0,0.0,120,120,1025,1025,-25.047724,-25.047724,-51.541692,-51.541692,0724,0004,85da,0f6ad10a,0.0,0.2,0.2,0:00:00,1:57:12,-,-,0,-,,,,,,,,,,,X,NA,0,,,1572.0,NA_0
2025-10-03 08:26:21,2025-10-03 08:26:20,2025-10-03 08:00:08,2025-10-03 08:00:08,867488068383602,3381,GTSTT,0x19fe7fbf,,802003,0x8303,0x0115,57,24658,0000,0000,01,00,22,6,6,-,00,00,0.0,0.0,120,120,1025,1025,-25.047724,-25.047724,-51.541692,-51.541692,0724,0004,85da,0f6ad10a,0.0,0.2,0.2,0:00:00,1:57:12,-,-,0,-,,,,,,,,,,,X,NA,0,,,1572.0,NA_0
2025-10-03 08:26:45,2025-10-03 08:26:44,2025-10-03 08:00:08,2025-10-03 08:00:08,867488068383602,3382,GTIGF,0x19fe7fbf,,802003,0x8303,0x0115,57,15964,0000,0000,00,00,12,6,6,24,00,00,0.0,0.0,120,120,1025,1025,-25.047724,-25.047724,-51.541692,-51.541692,0724,0004,85da,0f6ad10a,0.0,0.2,0.2,0:00:24,1:57:36,-,-,0,-,,,,,,,,,,,X,NA,0,,,1596.0,NA_0
2025-10-03 08:26:45,2025-10-03 08:26:44,2025-10-03 08:00:08,2025-10-03 08:00:08,867488068383602,3383,GTSTT,0x19fe7fbf,,802003,0x8303,0x0115,57,15964,0000,0000,00,00,12,6,6,-,00,00,0.0,0.0,120,120,1025,1025,-25.047724,-25.047724,-51.541692,-51.541692,0724,0004,85da,0f6ad10a,0.0,0.2,0.2,0:00:24,1:57:36,-,-,0,-,,,,,,,,,,,X,NA,0,,,1596.0,NA_0
2025-10-03 08:26:48,2025-10-03 08:26:47,2025-10-03 08:26:48,2025-10-03 08:26:48,867488068383602,3384,GTERI,0x19fe3fbf,0x00028102,802003,0x8303,0x0115,57,22289,0000,-,00,00,12,4,4,-,02,02,0.0,0.0,120,120,1089,1089,-25.047562,-25.047562,-51.541538,-51.541538,0724,0004,85da,0f6ad10a,0.0,0.2,0.2,0:00:24,1:57:36,-,-,0,-,,,,,04,3,00000000,00,10,,T,NA,0,,,-1.0,NA_0
2025-10-03 08:26:49,2025-10-03 08:26:47,2025-10-03 08:26:48,2025-10-03 08:26:48,867488068383602,3385,GTIGL,0x19fe7fbf,,802003,0x8303,0x0115,57,22289,0000,0000,00,00,12,4,4,-,02,02,0.0,0.0,120,120,1089,1089,-25.047562,-25.047562,-51.541538,-51.541538,0724,0004,85da,0f6ad10a,0.0,0.2,0.2,0:00:24,1:57:36,-,-,0,-,,,,,,,,,00,,X,NA,0,,,-1.0,NA_0
2025-10-03 08:26:49,2025-10-03 08:26:47,2025-10-03 08:26:48,2025-10-03 08:26:48,867488068383602,3386,GTIGL,0x19fe7fbf,,802003,0x8303,0x0115,57,22289,0000,0000,00,00,12,4,4,-,02,02,0.0,0.0,120,120,1089,1089,-25.047562,-25.047562,-51.541538,-51.541538,0724,0004,85da,0f6ad10a,0.0,0.2,0.2,0:00:24,1:57:36,-,-,0,-,,,,,,,,,01,,X,NA,0,,,-1.0,NA_0
2025-10-03 08:27:03,2025-10-03 08:27:02,2025-10-03 08:27:03,2025-10-03 08:27:03,867488068383602,3391,GTSTT,0x19fe7fbf,,802003,0x8303,0x0115,57,23274,0000,0000,01,00,22,7,7,-,01,01,0.0,0.0,0,0,1089,1089,-25.047562,-25.047562,-51.541538,-51.541538,0724,0004,85da,0f6ad10a,0.0,0.2,0.2,0:00:00,1:57:36,-,-,0,-,,,,,,,,,,,X,NA,0,,,-1.0,NA_0
2025-10-03 08:27:03,2025-10-03 08:27:02,2025-10-03 08:27:03,2025-10-03 08:27:03,867488068383602,3390,GTIGN,0x19fe7fbf,,802003,0x8303,0x0115,57,23274,0000,0000,01,00,22,7,7,18,01,01,0.0,0.0,0,0,1089,1089,-25.047562,-25.047562,-51.541538,-51.541538,0724,0004,85da,0f6ad10a,0.0,0.2,0.2,0:00:00,1:57:36,-,-,0,-,,,,,,,,,,,X,NA,0,,,-1.0,NA_0
2025-10-03 08:27:04,2025-10-03 08:27:03,2025-10-03 08:27:04,2025-10-03 08:27:04,867488068383602,3392,GTIGL,0x19fe7fbf,,802003,0x8303,0x0115,57,23274,0000,0000,01,00,22,7,7,-,01,01,0.1,0.1,120,120,1084,1084,-25.047613,-25.047613,-51.541565,-51.541565,0724,0004,85da,0f6ad10a,0.0,0.2,0.2,0:00:00,1:57:36,-,-,0,-,,,,,,,,,00,,X,NA,0,,,-1.0,NA_0
2025-10-03 08:29:26,2025-10-03 08:29:25,2025-10-03 08:29:24,2025-10-03 08:27:05,867488068383602,3396,GTERI,0x19fe3fbf,0x00028102,802003,0x8303,0x0115,56,27404,0000,-,01,00,22,12,7,-,01,01,0.0,0.4,120,120,1082,1082,-25.047644,-25.047632,-51.541595,-51.541583,0724,0004,85da,0f6ad10a,0.0,0.2,0.2,0:02:21,1:59:57,-,-,0,-,,,,,04,3,00000000,00,10,,T,NA,0,,,1.0,NA_0
2025-10-03 08:30:03,2025-10-03 08:30:02,2025-10-03 08:30:03,2025-10-03 08:30:03,867488068383602,3397,GTBTC,0x19fe7fbf,,802003,0x8303,0x0115,57,27520,0000,0000,01,00,22,12,12,-,01,01,0.0,0.0,120,120,1082,1082,-25.047644,-25.047644,-51.541595,-51.541595,0724,0004,85da,0f6ad10a,0.0,0.2,0.2,0:03:00,2:00:36,-,-,0,-,,,,,,,,,,,X,NA,0,,,-1.0,NA_0
2025-10-03 08:32:26,2025-10-03 08:32:25,2025-10-03 08:32:25,2025-10-03 08:30:54,867488068383602,3404,GTERI,0x19fe3fbf,0x00028102,802003,0x8303,0x0115,89,27542,0000,-,01,00,22,12,12,-,01,01,0.0,10.3,120,10,1036,1040,-25.047937,-25.047719,-51.542101,-51.541941,0724,0004,85da,0f6ad10a,0.1,0.3,0.3,0:05:21,2:02:57,-,-,0,-,,,,,04,3,00000000,00,10,,T,NA,0,,,0.0,NA_0
2025-10-03 08:32:33,2025-10-03 08:32:32,2025-10-03 08:32:32,2025-10-03 08:32:32,867488068383602,3405,GTIGF,0x19fe7fbf,,802003,0x8303,0x0115,89,27542,0000,0000,00,00,12,12,12,330,01,01,0.0,0.0,120,120,1036,1036,-25.047937,-25.047937,-51.542101,-51.542101,0724,0004,85da,0f6ad10a,0.1,0.3,0.3,0:05:27,2:03:03,-,-,0,-,,,,,,,,,,,X,NA,0,,,0.0,NA_0
2025-10-03 08:32:33,2025-10-03 08:32:32,2025-10-03 08:32:32,2025-10-03 08:32:32,867488068383602,3406,GTSTT,0x19fe7fbf,,802003,0x8303,0x0115,89,27542,0000,0000,00,00,12,12,12,-,01,01,0.0,0.0,120,120,1036,1036,-25.047937,-25.047937,-51.542101,-51.542101,0724,0004,85da,0f6ad10a,0.1,0.3,0.3,0:05:27,2:03:03,-,-,0,-,,,,,,,,,,,X,NA,0,,,0.0,NA_0
2025-10-03 08:32:33,2025-10-03 08:32:32,2025-10-03 08:32:32,2025-10-03 08:32:32,867488068383602,3407,GTSTC,0x19fe7fbf,,802003,0x8303,0x0115,89,27542,0000,0000,00,00,12,12,12,-,01,01,0.0,0.0,120,120,1036,1036,-25.047937,-25.047937,-51.542101,-51.542101,0724,0004,85da,0f6ad10a,0.1,0.3,0.3,0:05:27,2:03:03,-,-,0,-,,,,,,,,,,,X,NA,0,,,0.0,NA_0
2025-10-03 08:32:34,2025-10-03 08:32:32,2025-10-03 08:32:33,2025-10-03 08:32:33,867488068383602,3408,GTIGL,0x19fe7fbf,,802003,0x8303,0x0115,89,27542,0000,0000,00,00,12,12,12,-,01,01,0.0,0.0,120,120,1036,1036,-25.047937,-25.047937,-51.542101,-51.542101,0724,0004,85da,0f6ad10a,0.1,0.3,0.3,0:05:27,2:03:03,-,-,0,-,,,,,,,,,01,,X,NA,0,,,-1.0,NA_0
2025-10-03 08:33:10,2025-10-03 08:33:09,2025-10-03 08:33:09,2025-10-03 08:33:09,867488068383602,3411,GTSTT,0x19fe7fbf,,802003,0x8303,0x0115,70,25671,0000,0000,00,00,11,12,12,-,01,01,0.0,0.0,120,120,1036,1036,-25.047937,-25.047937,-51.542101,-51.542101,0724,0004,85da,0f6ad10a,0.1,0.3,0.3,0:05:27,2:03:03,-,-,0,-,,,,,,,,,,,X,NA,0,,,0.0,NA_0
2025-10-03 08:35:26,2025-10-03 08:35:25,2025-10-03 08:35:24,2025-10-03 08:35:24,867488068383602,3414,GTERI,0x19fe3fbf,0x00028102,802003,0x8303,0x0115,61,25347,0000,-,00,00,11,12,12,-,01,01,0.0,0.0,120,120,1036,1036,-25.047937,-25.047937,-51.542101,-51.542101,0724,0004,85da,0f6ad10a,0.1,0.3,0.3,0:05:27,2:03:03,-,-,0,-,,,,,04,3,00000000,00,10,,T,NA,0,,,1.0,NA_0
2025-10-03 08:37:33,2025-10-03 08:37:32,2025-10-03 08:37:33,2025-10-03 08:37:33,867488068383602,3416,GTERI,0x19fe3fbf,0x00028102,802003,0x8303,0x0115,60,25309,0000,-,00,00,11,12,12,-,01,01,0.0,0.0,120,120,1036,1036,-25.047937,-25.047937,-51.542101,-51.542101,0724,0004,85da,0f6ad10a,0.1,0.3,0.3,0:05:27,2:03:03,-,-,0,-,,,,,04,3,00000000,00,10,,T,NA,0,,,-1.0,NA_0
2025-10-03 09:37:28,2025-10-03 09:37:27,2025-10-03 09:35:01,2025-10-03 09:35:01,867488068383602,3447,GTERI,0x19fe3fbf,0x00028102,802003,0x8303,0x0115,58,25120,0000,-,00,00,11,12,12,-,01,01,0.0,0.0,120,120,1036,1036,-25.047937,-25.047937,-51.542101,-51.542101,0724,0004,85da,0f6ad10a,0.1,0.3,0.3,0:05:27,2:03:03,-,-,0,-,,,,,04,3,00000000,00,10,,T,NA,0,,,146.0,NA_0
2025-10-03 10:37:28,2025-10-03 10:37:27,2025-10-03 10:35:02,2025-10-03 10:35:02,867488068383602,3478,GTERI,0x19fe3fbf,0x00028102,802003,0x8303,0x0115,58,25059,0000,-,00,00,11,12,12,-,01,01,0.0,0.0,120,120,1036,1036,-25.047937,-25.047937,-51.542101,-51.542101,0724,0004,85da,0f6ad10a,0.1,0.3,0.3,0:05:27,2:03:03,-,-,0,-,,,,,04,3,00000000,00,10,,T,NA,0,,,145.0,NA_0
2025-10-03 11:37:28,2025-10-03 11:37:27,2025-10-03 11:35:30,2025-10-03 11:35:30,867488068383602,3509,GTERI,0x19fe3fbf,0x00028102,802003,0x8303,0x0115,58,24936,0000,-,00,00,11,5,5,-,01,01,0.0,0.0,120,120,1036,1036,-25.047937,-25.047937,-51.542101,-51.542101,0724,0004,85da,0f6ad10a,0.1,0.3,0.3,0:05:27,2:03:03,-,-,0,-,,,,,04,3,00000000,00,10,,T,NA,0,,,117.0,NA_0
2025-10-03 12:37:28,2025-10-03 12:37:27,2025-10-03 12:35:01,2025-10-03 12:35:01,867488068383602,3540,GTERI,0x19fe3fbf,0x00028102,802003,0x8303,0x0115,58,24966,0000,-,00,00,11,7,7,-,01,01,0.0,0.0,120,120,1036,1036,-25.047937,-25.047937,-51.542101,-51.542101,0724,0004,85da,0f6ad10a,0.1,0.3,0.3,0:05:27,2:03:03,-,-,0,-,,,,,04,3,00000000,00,10,,T,NA,0,,,146.0,NA_0
2025-10-03 13:37:28,2025-10-03 13:37:27,2025-10-03 13:35:03,2025-10-03 13:35:03,867488068383602,3572,GTERI,0x19fe3fbf,0x00028102,802003,0x8303,0x0115,58,24912,0000,-,00,00,11,7,7,-,01,01,0.0,0.0,120,120,1036,1036,-25.047937,-25.047937,-51.542101,-51.542101,0724,0004,85da,0f6ad10a,0.1,0.3,0.3,0:05:27,2:03:03,-,-,0,-,,,,,04,3,00000000,00,10,,T,NA,0,,,144.0,NA_0
2025-10-03 14:37:28,2025-10-03 14:37:27,2025-10-03 14:35:23,2025-10-03 14:35:23,867488068383602,3603,GTERI,0x19fe3fbf,0x00028102,802003,0x8303,0x0115,59,24920,0000,-,00,00,11,9,9,-,01,01,0.0,0.0,120,120,1036,1036,-25.047937,-25.047937,-51.542101,-51.542101,0724,0004,85da,0f6ad10a,0.1,0.3,0.3,0:05:27,2:03:03,-,-,0,-,,,,,04,3,00000000,00,10,,T,NA,0,,,124.0,NA_0
2025-10-03 15:34:25,2025-10-03 15:34:24,2025-10-03 14:35:23,2025-10-03 14:35:23,867488068383602,3633,GTIGN,0x19fe7fbf,,802003,0x8303,0x0115,59,24719,0000,0000,01,00,22,9,9,25312,00,01,0.0,0.0,120,120,1036,1036,-25.047937,-25.047937,-51.542101,-51.542101,0724,0004,85da,0f6ad10a,0.0,0.3,0.3,0:00:00,2:03:03,-,-,0,-,,,,,,,,,,,X,NA,0,,,3541.0,NA_0
2025-10-03 15:34:25,2025-10-03 15:34:24,2025-10-03 14:35:23,2025-10-03 14:35:23,867488068383602,3634,GTSTT,0x19fe7fbf,,802003,0x8303,0x0115,59,24719,0000,0000,01,00,22,9,9,-,00,00,0.0,0.0,120,120,1036,1036,-25.047937,-25.047937,-51.542101,-51.542101,0724,0004,85da,0f6ad10a,0.0,0.3,0.3,0:00:00,2:03:03,-,-,0,-,,,,,,,,,,,X,NA,0,,,3541.0,NA_0
2025-10-03 15:34:36,2025-10-03 15:34:34,2025-10-03 14:35:23,2025-10-03 14:35:23,867488068383602,3635,GTIGF,0x19fe7fbf,,802003,0x8303,0x0115,59,24647,0000,0000,00,00,12,9,9,10,00,00,0.0,0.0,120,120,1036,1036,-25.047937,-25.047937,-51.542101,-51.542101,0724,0004,85da,0f6ad10a,0.0,0.3,0.3,0:00:09,2:03:12,-,-,0,-,,,,,,,,,,,X,NA,0,,,3551.0,NA_0
2025-10-03 15:34:36,2025-10-03 15:34:34,2025-10-03 14:35:23,2025-10-03 14:35:23,867488068383602,3636,GTSTT,0x19fe7fbf,,802003,0x8303,0x0115,59,24647,0000,0000,00,00,12,9,9,-,00,00,0.0,0.0,120,120,1036,1036,-25.047937,-25.047937,-51.542101,-51.542101,0724,0004,85da,0f6ad10a,0.0,0.3,0.3,0:00:09,2:03:12,-,-,0,-,,,,,,,,,,,X,NA,0,,,3551.0,NA_0
2025-10-03 15:34:42,2025-10-03 15:34:41,2025-10-03 15:34:42,2025-10-03 15:34:42,867488068383602,3639,GTERI,0x19fe3fbf,0x00028102,802003,0x8303,0x0115,59,24597,0000,-,00,00,12,5,5,-,01,01,0.0,0.0,120,120,1057,1057,-25.047942,-25.047942,-51.542042,-51.542042,0724,0004,85da,0f6ad10a,0.0,0.3,0.3,0:00:09,2:03:12,-,-,0,-,,,,,04,3,00000000,00,10,,T,NA,0,,,-1.0,NA_0
2025-10-03 15:34:42,2025-10-03 15:34:41,2025-10-03 15:34:42,2025-10-03 15:34:42,867488068383602,3640,GTIGL,0x19fe7fbf,,802003,0x8303,0x0115,59,24597,0000,0000,00,00,12,5,5,-,01,01,0.0,0.0,120,120,1057,1057,-25.047942,-25.047942,-51.542042,-51.542042,0724,0004,85da,0f6ad10a,0.0,0.3,0.3,0:00:09,2:03:12,-,-,0,-,,,,,,,,,00,,X,NA,0,,,-1.0,NA_0
2025-10-03 15:34:42,2025-10-03 15:34:41,2025-10-03 15:34:42,2025-10-03 15:34:42,867488068383602,3641,GTIGL,0x19fe7fbf,,802003,0x8303,0x0115,59,24597,0000,0000,00,00,12,5,5,-,01,01,0.0,0.0,120,120,1057,1057,-25.047942,-25.047942,-51.542042,-51.542042,0724,0004,85da,0f6ad10a,0.0,0.3,0.3,0:00:09,2:03:12,-,-,0,-,,,,,,,,,01,,X,NA,0,,,-1.0,NA_0
2025-10-03 15:35:01,2025-10-03 15:35:00,2025-10-03 15:35:00,2025-10-03 15:35:00,867488068383602,3642,GTSTT,0x19fe7fbf,,802003,0x8303,0x0115,59,24603,0000,0000,00,00,11,5,5,-,01,01,0.0,0.0,120,120,1057,1057,-25.047942,-25.047942,-51.542042,-51.542042,0724,0004,85da,0f6ad10a,0.0,0.3,0.3,0:00:09,2:03:12,-,-,0,-,,,,,,,,,,,X,NA,0,,,0.0,NA_0
2025-10-03 15:37:34,2025-10-03 15:37:33,2025-10-03 15:37:33,2025-10-03 15:37:33,867488068383602,3646,GTERI,0x19fe3fbf,0x00028102,802003,0x8303,0x0115,58,24715,0000,-,00,00,11,12,12,-,01,01,0.0,0.0,120,120,1057,1057,-25.047942,-25.047942,-51.542042,-51.542042,0724,0004,85da,0f6ad10a,0.0,0.3,0.3,0:00:09,2:03:12,-,-,0,-,,,,,04,3,00000000,00,10,,T,NA,0,,,0.0,NA_0
2025-10-03 15:39:36,2025-10-03 15:39:35,2025-10-03 15:39:36,2025-10-03 15:39:36,867488068383602,3649,GTERI,0x19fe3fbf,0x00028102,802003,0x8303,0x0115,59,24758,0000,-,00,00,11,12,12,-,01,01,0.0,0.0,120,120,1057,1057,-25.047942,-25.047942,-51.542042,-51.542042,0724,0004,85da,0f6ad10a,0.0,0.3,0.3,0:00:09,2:03:12,-,-,0,-,,,,,04,3,00000000,00,10,,T,T1,4,,1.0,-1.0,T1_4
2025-10-03 16:39:31,2025-10-03 16:39:30,2025-10-03 16:37:04,2025-10-03 16:37:04,867488068383602,3680,GTERI,0x19fe3fbf,0x00028102,802003,0x8303,0x0115,59,24850,0000,-,00,00,11,12,12,-,01,01,0.0,0.0,120,120,1057,1057,-25.047942,-25.047942,-51.542042,-51.542042,0724,0004,85da,0f6ad10a,0.0,0.3,0.3,0:00:09,2:03:12,-,-,0,-,,,,,04,3,00000000,00,10,,T,NA,0,,,146.0,NA_0
2025-10-03 17:39:31,2025-10-03 17:39:30,2025-10-03 17:37:05,2025-10-03 17:37:05,867488068383602,3711,GTERI,0x19fe3fbf,0x00028102,802003,0x8303,0x0115,59,24773,0000,-,00,00,11,12,12,-,01,01,0.0,0.0,120,120,1057,1057,-25.047942,-25.047942,-51.542042,-51.542042,0724,0004,85da,0f6ad10a,0.0,0.3,0.3,0:00:09,2:03:12,-,-,0,-,,,,,04,3,00000000,00,10,,T,NA,0,,,145.0,NA_0
2025-10-03 18:16:27,2025-10-03 18:16:26,2025-10-03 17:37:05,2025-10-03 17:37:05,867488068383602,3731,GTIGN,0x19fe7fbf,,802003,0x8303,0x0115,60,24590,0000,0000,01,00,22,12,12,9712,00,01,0.0,0.0,120,120,1057,1057,-25.047942,-25.047942,-51.542042,-51.542042,0724,0004,85da,0f6ad10a,0.0,0.3,0.3,0:00:00,2:03:12,-,-,0,-,,,,,,,,,,,X,NA,0,,,2361.0,NA_0
2025-10-03 18:16:27,2025-10-03 18:16:26,2025-10-03 17:37:05,2025-10-03 17:37:05,867488068383602,3732,GTSTT,0x19fe7fbf,,802003,0x8303,0x0115,60,24590,0000,0000,01,00,22,12,12,-,00,00,0.0,0.0,120,120,1057,1057,-25.047942,-25.047942,-51.542042,-51.542042,0724,0004,85da,0f6ad10a,0.0,0.3,0.3,0:00:00,2:03:12,-,-,0,-,,,,,,,,,,,X,NA,0,,,2361.0,NA_0
2025-10-03 18:16:39,2025-10-03 18:16:38,2025-10-03 18:16:39,2025-10-03 18:16:39,867488068383602,3733,GTERI,0x19fe3fbf,0x00028102,802003,0x8303,0x0115,60,15607,0000,-,01,00,22,10,10,-,01,01,0.0,0.0,120,120,1060,1060,-25.048004,-25.048004,-51.542075,-51.542075,0724,0004,85da,0f6ad10a,0.0,0.3,0.3,0:00:12,2:03:24,-,-,0,-,,,,,04,3,00000000,00,10,,T,NA,0,,,-1.0,NA_0
2025-10-03 18:16:39,2025-10-03 18:16:38,2025-10-03 18:16:39,2025-10-03 18:16:39,867488068383602,3734,GTIGL,0x19fe7fbf,,802003,0x8303,0x0115,60,15607,0000,0000,01,00,22,10,10,-,01,01,0.0,0.0,120,120,1060,1060,-25.048004,-25.048004,-51.542075,-51.542075,0724,0004,85da,0f6ad10a,0.0,0.3,0.3,0:00:12,2:03:24,-,-,0,-,,,,,,,,,00,,X,NA,0,,,-1.0,NA_0
2025-10-03 18:16:54,2025-10-03 18:16:53,2025-10-03 18:16:54,2025-10-03 18:16:54,867488068383602,3735,GTIGF,0x19fe7fbf,,802003,0x8303,0x0115,59,15409,0000,0000,00,00,12,11,11,27,01,01,0.0,0.0,120,120,1060,1060,-25.048004,-25.048004,-51.542075,-51.542075,0724,0004,85da,0f6ad10a,0.0,0.3,0.3,0:00:27,2:03:39,-,-,0,-,,,,,,,,,,,X,NA,0,,,-1.0,NA_0
2025-10-03 18:16:55,2025-10-03 18:16:53,2025-10-03 18:16:54,2025-10-03 18:16:54,867488068383602,3736,GTSTT,0x19fe7fbf,,802003,0x8303,0x0115,59,15409,0000,0000,00,00,12,11,11,-,01,01,0.0,0.0,120,120,1060,1060,-25.048004,-25.048004,-51.542075,-51.542075,0724,0004,85da,0f6ad10a,0.0,0.3,0.3,0:00:27,2:03:39,-,-,0,-,,,,,,,,,,,X,NA,0,,,-1.0,NA_0
2025-10-03 18:16:55,2025-10-03 18:16:54,2025-10-03 18:16:55,2025-10-03 18:16:55,867488068383602,3737,GTIGL,0x19fe7fbf,,802003,0x8303,0x0115,59,15409,0000,0000,00,00,12,11,11,-,01,01,0.0,0.0,120,120,1060,1060,-25.048004,-25.048004,-51.542075,-51.542075,0724,0004,85da,0f6ad10a,0.0,0.3,0.3,0:00:27,2:03:39,-,-,0,-,,,,,,,,,01,,X,NA,0,,,-1.0,NA_0
2025-10-03 18:16:58,2025-10-03 18:16:57,2025-10-03 18:16:57,2025-10-03 18:16:57,867488068383602,3741,GTIGN,0x19fe7fbf,,802003,0x8303,0x0115,59,22268,0000,0000,01,00,22,11,11,4,01,01,0.0,0.0,120,120,1060,1060,-25.048004,-25.048004,-51.542075,-51.542075,0724,0004,85da,0f6ad10a,0.0,0.3,0.3,0:00:00,2:03:39,-,-,0,-,,,,,,,,,,,X,NA,0,,,0.0,NA_0
2025-10-03 18:16:59,2025-10-03 18:16:57,2025-10-03 18:16:57,2025-10-03 18:16:57,867488068383602,3742,GTSTT,0x19fe7fbf,,802003,0x8303,0x0115,59,22268,0000,0000,01,00,22,11,11,-,01,01,0.0,0.0,120,120,1060,1060,-25.048004,-25.048004,-51.542075,-51.542075,0724,0004,85da,0f6ad10a,0.0,0.3,0.3,0:00:00,2:03:39,-,-,0,-,,,,,,,,,,,X,NA,0,,,0.0,NA_0
2025-10-03 18:16:59,2025-10-03 18:16:58,2025-10-03 18:16:59,2025-10-03 18:16:59,867488068383602,3743,GTIGL,0x19fe7fbf,,802003,0x8303,0x0115,59,22268,0000,0000,01,00,22,11,11,-,01,01,0.0,0.0,120,120,1060,1060,-25.048004,-25.048004,-51.542075,-51.542075,0724,0004,85da,0f6ad10a,0.0,0.3,0.3,0:00:00,2:03:39,-,-,0,-,,,,,,,,,00,,X,NA,0,,,-1.0,NA_0
2025-10-03 18:17:20,2025-10-03 18:17:19,2025-10-03 18:17:19,2025-10-03 18:17:19,867488068383602,3745,GTIGF,0x19fe7fbf,,802003,0x8303,0x0115,59,14965,0000,0000,00,00,12,12,12,22,01,01,0.0,0.0,120,120,1060,1060,-25.048004,-25.048004,-51.542075,-51.542075,0724,0004,85da,0f6ad10a,0.0,0.3,0.3,0:00:21,2:04:00,-,-,0,-,,,,,,,,,,,X,NA,0,,,0.0,NA_0
2025-10-03 18:17:21,2025-10-03 18:17:19,2025-10-03 18:17:19,2025-10-03 18:17:19,867488068383602,3746,GTSTT,0x19fe7fbf,,802003,0x8303,0x0115,59,14965,0000,0000,00,00,12,12,12,-,01,01,0.0,0.0,120,120,1060,1060,-25.048004,-25.048004,-51.542075,-51.542075,0724,0004,85da,0f6ad10a,0.0,0.3,0.3,0:00:21,2:04:00,-,-,0,-,,,,,,,,,,,X,NA,0,,,0.0,NA_0
2025-10-03 18:17:22,2025-10-03 18:17:19,2025-10-03 18:17:20,2025-10-03 18:17:20,867488068383602,3749,GTIGL,0x19fe7fbf,,802003,0x8303,0x0115,59,14965,0000,0000,00,00,12,12,12,-,01,01,0.0,0.0,120,120,1060,1060,-25.048004,-25.048004,-51.542075,-51.542075,0724,0004,85da,0f6ad10a,0.0,0.3,0.3,0:00:21,2:04:00,-,-,0,-,,,,,,,,,01,,X,NA,0,,,-1.0,NA_0
2025-10-03 18:17:38,2025-10-03 18:17:37,2025-10-03 18:17:37,2025-10-03 18:17:37,867488068383602,3750,GTSTT,0x19fe7fbf,,802003,0x8303,0x0115,59,22681,0000,0000,00,00,11,12,12,-,01,01,0.0,0.0,120,120,1060,1060,-25.048004,-25.048004,-51.542075,-51.542075,0724,0004,85da,0f6ad10a,0.0,0.3,0.3,0:00:21,2:04:00,-,-,0,-,,,,,,,,,,,X,NA,0,,,0.0,NA_0
2025-10-03 18:17:49,2025-10-03 18:17:48,2025-10-03 18:17:48,2025-10-03 18:17:48,867488068383602,3752,GTIGN,0x19fe7fbf,,802003,0x8303,0x0115,59,23166,0000,0000,01,00,21,12,12,28,01,01,0.0,0.0,120,120,1060,1060,-25.048004,-25.048004,-51.542075,-51.542075,0724,0004,85da,0f6ad10a,0.0,0.3,0.3,0:00:00,2:04:00,-,-,0,-,,,,,,,,,,,X,NA,0,,,0.0,NA_0
2025-10-03 18:17:49,2025-10-03 18:17:48,2025-10-03 18:17:48,2025-10-03 18:17:48,867488068383602,3753,GTSTT,0x19fe7fbf,,802003,0x8303,0x0115,59,23166,0000,0000,01,00,21,12,12,-,01,01,0.0,0.0,120,120,1060,1060,-25.048004,-25.048004,-51.542075,-51.542075,0724,0004,85da,0f6ad10a,0.0,0.3,0.3,0:00:00,2:04:00,-,-,0,-,,,,,,,,,,,X,NA,0,,,0.0,NA_0
2025-10-03 18:17:49,2025-10-03 18:17:48,2025-10-03 18:17:49,2025-10-03 18:17:49,867488068383602,3754,GTIGL,0x19fe7fbf,,802003,0x8303,0x0115,59,23166,0000,0000,01,00,21,12,12,-,01,01,0.0,0.0,120,120,1060,1060,-25.048004,-25.048004,-51.542075,-51.542075,0724,0004,85da,0f6ad10a,0.0,0.3,0.3,0:00:00,2:04:00,-,-,0,-,,,,,,,,,00,,X,NA,0,,,-1.0,NA_0
2025-10-03 18:17:50,2025-10-03 18:17:49,2025-10-03 18:17:50,2025-10-03 18:17:50,867488068383602,3755,GTSTT,0x19fe7fbf,,802003,0x8303,0x0115,59,23112,0000,0000,01,00,22,12,12,-,01,01,0.0,0.0,120,120,1060,1060,-25.048004,-25.048004,-51.542075,-51.542075,0724,0004,85da,0f6ad10a,0.0,0.3,0.3,0:00:00,2:04:00,-,-,0,-,,,,,,,,,,,X,NA,0,,,-1.0,NA_0
2025-10-03 18:19:32,2025-10-03 18:19:31,2025-10-03 18:19:30,2025-10-03 18:19:28,867488068383602,3757,GTERI,0x19fe3fbf,0x00028102,802003,0x8303,0x0115,59,27450,0000,-,01,00,22,12,12,-,01,01,4.8,5.8,147,175,1058,1058,-25.048041,-25.048018,-51.542058,-51.542071,0724,0004,85da,0f6ad10a,0.0,0.3,0.3,0:01:42,2:05:42,-,-,0,-,,,,,04,3,00000000,00,10,,T,NA,0,,,1.0,NA_0
2025-10-03 18:20:49,2025-10-03 18:20:48,2025-10-03 18:20:48,2025-10-03 18:19:42,867488068383602,3759,GTBTC,0x19fe7fbf,,802003,0x8303,0x0115,59,27518,0000,0000,01,00,22,12,12,-,01,01,0.0,8.2,147,350,1049,1055,-25.047797,-25.04797,-51.541814,-51.54194,0724,0004,85da,0f6ad10a,0.0,0.3,0.3,0:03:00,2:07:00,-,-,0,-,,,,,,,,,,,X,NA,0,,,0.0,NA_0
2025-10-03 18:21:12,2025-10-03 18:21:11,2025-10-03 18:21:11,2025-10-03 18:21:11,867488068383602,3760,GTIGF,0x19fe7fbf,,802003,0x8303,0x0115,70,27604,0000,0000,00,00,12,12,12,204,01,01,0.0,0.0,147,147,1049,1049,-25.047797,-25.047797,-51.541814,-51.541814,0724,0004,85da,0f6ad10a,0.0,0.3,0.3,0:03:21,2:07:21,-,-,0,-,,,,,,,,,,,X,NA,0,,,0.0,NA_0
2025-10-03 18:21:13,2025-10-03 18:21:11,2025-10-03 18:21:11,2025-10-03 18:21:11,867488068383602,3761,GTSTT,0x19fe7fbf,,802003,0x8303,0x0115,70,27604,0000,0000,00,00,12,12,12,-,01,01,0.0,0.0,147,147,1049,1049,-25.047797,-25.047797,-51.541814,-51.541814,0724,0004,85da,0f6ad10a,0.0,0.3,0.3,0:03:21,2:07:21,-,-,0,-,,,,,,,,,,,X,NA,0,,,0.0,NA_0
2025-10-03 18:21:14,2025-10-03 18:21:12,2025-10-03 18:21:13,2025-10-03 18:21:13,867488068383602,3763,GTIGL,0x19fe7fbf,,802003,0x8303,0x0115,70,27604,0000,0000,01,00,12,12,12,-,01,01,0.0,0.0,147,147,1049,1049,-25.047797,-25.047797,-51.541814,-51.541814,0724,0004,85da,0f6ad10a,0.0,0.3,0.3,0:03:21,2:07:21,-,-,0,-,,,,,,,,,01,,X,NA,0,,,-1.0,NA_0
2025-10-03 18:21:14,2025-10-03 18:21:13,2025-10-03 18:21:13,2025-10-03 18:21:13,867488068383602,3764,GTSTC,0x19fe7fbf,,802003,0x8303,0x0115,70,27604,0000,0000,01,00,12,12,12,-,00,00,0.0,0.0,147,147,1049,1049,-25.047797,-25.047797,-51.541814,-51.541814,0724,0004,85da,0f6ad10a,0.0,0.3,0.3,0:03:21,2:07:21,-,-,0,-,,,,,,,,,,,X,NA,0,,,0.0,NA_0
2025-10-03 18:21:15,2025-10-03 18:21:14,2025-10-03 18:21:14,2025-10-03 18:21:14,867488068383602,3766,GTIGN,0x19fe7fbf,,802003,0x8303,0x0115,70,27604,0000,0000,01,00,22,12,12,3,01,01,0.0,0.0,147,147,1049,1049,-25.047797,-25.047797,-51.541814,-51.541814,0724,0004,85da,0f6ad10a,0.0,0.3,0.3,0:00:00,2:07:21,-,-,0,-,,,,,,,,,,,X,NA,0,,,0.0,NA_0
2025-10-03 18:21:15,2025-10-03 18:21:14,2025-10-03 18:21:14,2025-10-03 18:21:14,867488068383602,3767,GTSTT,0x19fe7fbf,,802003,0x8303,0x0115,70,27604,0000,0000,01,00,22,12,12,-,01,01,0.0,0.0,147,147,1049,1049,-25.047797,-25.047797,-51.541814,-51.541814,0724,0004,85da,0f6ad10a,0.0,0.3,0.3,0:00:00,2:07:21,-,-,0,-,,,,,,,,,,,X,NA,0,,,0.0,NA_0
2025-10-03 18:21:16,2025-10-03 18:21:14,2025-10-03 18:21:15,2025-10-03 18:21:15,867488068383602,3768,GTIGL,0x19fe7fbf,,802003,0x8303,0x0115,70,27604,0000,0000,01,00,22,12,12,-,01,01,0.0,0.0,147,147,1049,1049,-25.047797,-25.047797,-51.541814,-51.541814,0724,0004,85da,0f6ad10a,0.0,0.3,0.3,0:00:00,2:07:21,-,-,0,-,,,,,,,,,00,,X,NA,0,,,-1.0,NA_0
2025-10-03 18:21:26,2025-10-03 18:21:24,2025-10-03 18:21:25,2025-10-03 18:21:25,867488068383602,3770,GTSTT,0x19fe7fbf,,802003,0x8303,0x0115,71,27240,0000,0000,00,00,12,12,12,-,01,01,0.0,0.0,147,147,1049,1049,-25.047797,-25.047797,-51.541814,-51.541814,0724,0004,85da,0f6ad10a,0.0,0.3,0.3,0:00:09,2:07:30,-,-,0,-,,,,,,,,,,,X,NA,0,,,-1.0,NA_0
2025-10-03 18:21:25,2025-10-03 18:21:24,2025-10-03 18:21:25,2025-10-03 18:21:25,867488068383602,3769,GTIGF,0x19fe7fbf,,802003,0x8303,0x0115,71,27240,0000,0000,00,00,12,12,12,10,01,01,0.0,0.0,147,147,1049,1049,-25.047797,-25.047797,-51.541814,-51.541814,0724,0004,85da,0f6ad10a,0.0,0.3,0.3,0:00:09,2:07:30,-,-,0,-,,,,,,,,,,,X,NA,0,,,-1.0,NA_0
2025-10-03 18:21:27,2025-10-03 18:21:25,2025-10-03 18:21:26,2025-10-03 18:21:26,867488068383602,3773,GTIGL,0x19fe7fbf,,802003,0x8303,0x0115,71,25984,0000,0000,00,00,12,12,12,-,01,01,0.0,0.0,147,147,1049,1049,-25.047797,-25.047797,-51.541814,-51.541814,0724,0004,85da,0f6ad10a,0.0,0.3,0.3,0:00:09,2:07:30,-,-,0,-,,,,,,,,,01,,X,NA,0,,,-1.0,NA_0
2025-10-03 18:21:54,2025-10-03 18:21:53,2025-10-03 18:21:54,2025-10-03 18:21:54,867488068383602,3774,GTSTT,0x19fe7fbf,,802003,0x8303,0x0115,63,25498,0000,0000,00,00,11,12,12,-,01,01,0.0,0.0,147,147,1049,1049,-25.047797,-25.047797,-51.541814,-51.541814,0724,0004,85da,0f6ad10a,0.0,0.3,0.3,0:00:09,2:07:30,-,-,0,-,,,,,,,,,,,X,NA,0,,,-1.0,NA_0
2025-10-03 18:22:32,2025-10-03 18:22:31,2025-10-03 18:22:30,2025-10-03 18:22:30,867488068383602,3775,GTERI,0x19fe3fbf,0x00028102,802003,0x8303,0x0115,61,25368,0000,-,00,00,11,12,12,-,01,01,0.0,0.0,147,147,1049,1049,-25.047797,-25.047797,-51.541814,-51.541814,0724,0004,85da,0f6ad10a,0.0,0.3,0.3,0:00:09,2:07:30,-,-,0,-,,,,,04,3,00000000,00,10,,T,NA,0,,,1.0,NA_0
2025-10-03 18:25:32,2025-10-03 18:25:31,2025-10-03 18:25:30,2025-10-03 18:25:30,867488068383602,3780,GTERI,0x19fe3fbf,0x00028102,802003,0x8303,0x0115,60,25231,0000,-,00,00,11,12,12,-,01,01,0.0,0.0,147,147,1049,1049,-25.047797,-25.047797,-51.541814,-51.541814,0724,0004,85da,0f6ad10a,0.0,0.3,0.3,0:00:09,2:07:30,-,-,0,-,,,,,04,3,00000000,00,10,,T,NA,0,,,1.0,NA_0
2025-10-03 18:26:25,2025-10-03 18:26:24,2025-10-03 18:26:25,2025-10-03 18:26:25,867488068383602,3781,GTERI,0x19fe3fbf,0x00028102,802003,0x8303,0x0115,60,25211,0000,-,00,00,11,12,12,-,01,01,0.0,0.0,147,147,1049,1049,-25.047797,-25.047797,-51.541814,-51.541814,0724,0004,85da,0f6ad10a,0.0,0.3,0.3,0:00:09,2:07:30,-,-,0,-,,,,,04,3,00000000,00,10,,T,T1,5,,0.0,-1.0,T1_5
2025-10-03 19:26:21,2025-10-03 19:26:20,2025-10-03 19:24:04,2025-10-03 19:24:04,867488068383602,3812,GTERI,0x19fe3fbf,0x00028102,802003,0x8303,0x0115,60,24972,0000,-,00,00,11,12,12,-,01,01,0.0,0.0,147,147,1049,1049,-25.047797,-25.047797,-51.541814,-51.541814,0724,0004,85da,0f6ad10a,0.0,0.3,0.3,0:00:09,2:07:30,-,-,0,-,,,,,04,3,00000000,00,10,,T,NA,0,,,136.0,NA_0
2025-10-03 20:26:21,2025-10-03 20:26:20,2025-10-03 20:24:00,2025-10-03 20:24:00,867488068383602,3843,GTERI,0x19fe3fbf,0x00028102,802003,0x8303,0x0115,60,24952,0000,-,00,00,11,12,12,-,01,01,0.0,0.0,147,147,1049,1049,-25.047797,-25.047797,-51.541814,-51.541814,0724,0004,85da,0f6ad10a,0.0,0.3,0.3,0:00:09,2:07:30,-,-,0,-,,,,,04,3,00000000,00,10,,T,NA,0,,,140.0,NA_0
2025-10-03 21:26:21,2025-10-03 21:26:20,2025-10-03 21:24:22,2025-10-03 21:24:22,867488068383602,3874,GTERI,0x19fe3fbf,0x00028102,802003,0x8303,0x0115,60,24904,0000,-,00,00,11,5,5,-,01,01,0.0,0.0,147,147,1049,1049,-25.047797,-25.047797,-51.541814,-51.541814,0724,0004,85da,0f6ad10a,0.0,0.3,0.3,0:00:09,2:07:30,-,-,0,-,,,,,04,3,00000000,00,10,,T,NA,0,,,118.0,NA_0
2025-10-03 22:26:21,2025-10-03 22:26:20,2025-10-03 22:24:04,2025-10-03 22:24:04,867488068383602,3905,GTERI,0x19fe3fbf,0x00028102,802003,0x8303,0x0115,60,24853,0000,-,00,00,11,5,5,-,01,01,0.0,0.0,147,147,1049,1049,-25.047797,-25.047797,-51.541814,-51.541814,0724,0004,85da,0f6ad10a,0.0,0.3,0.3,0:00:09,2:07:30,-,-,0,-,,,,,04,3,00000000,00,10,,T,NA,0,,,136.0,NA_0
2025-10-03 23:26:21,2025-10-03 23:26:20,2025-10-03 23:24:19,2025-10-03 23:24:19,867488068383602,3936,GTERI,0x19fe3fbf,0x00028102,802003,0x8303,0x0115,60,24818,0000,-,00,00,11,6,6,-,01,01,0.0,0.0,147,147,1049,1049,-25.047797,-25.047797,-51.541814,-51.541814,0724,0004,85da,0f6ad10a,0.0,0.3,0.3,0:00:09,2:07:30,-,-,0,-,,,,,04,3,00000000,00,10,,T,NA,0,,,121.0,NA_0
2025-10-04 00:26:21,2025-10-04 00:26:20,2025-10-03 23:24:19,2025-10-03 23:24:19,867488068383602,3967,GTERI,0x19fe3fbf,0x00028102,802003,0x8303,0x0115,60,24729,0000,-,00,00,11,6,6,-,00,00,0.0,0.0,147,147,1049,1049,-25.047797,-25.047797,-51.541814,-51.541814,0724,0004,85da,0f6ad10a,0.0,0.3,0.3,0:00:09,2:07:30,-,-,0,-,,,,,04,3,00000000,00,10,,T,NA,0,,,3721.0,NA_0
2025-10-04 01:26:21,2025-10-04 01:26:20,2025-10-04 01:24:44,2025-10-04 01:24:44,867488068383602,3998,GTERI,0x19fe3fbf,0x00028102,802003,0x8303,0x0115,60,24697,0000,-,00,00,11,4,4,-,01,01,0.0,0.0,147,147,1049,1049,-25.047797,-25.047797,-51.541814,-51.541814,0724,0004,85da,0f6ad10a,0.0,0.3,0.3,0:00:09,2:07:30,-,-,0,-,,,,,04,3,00000000,00,10,,T,NA,0,,,96.0,NA_0
2025-10-04 02:26:21,2025-10-04 02:26:20,2025-10-04 02:24:24,2025-10-04 02:24:24,867488068383602,4029,GTERI,0x19fe3fbf,0x00028102,802003,0x8303,0x0115,60,24759,0000,-,00,00,11,4,4,-,01,01,0.0,0.0,147,147,1049,1049,-25.047797,-25.047797,-51.541814,-51.541814,0724,0004,85da,0f79f10e,0.0,0.3,0.3,0:00:09,2:07:30,-,-,0,-,,,,,04,28,00000000,00,10,,T,NA,0,,,116.0,NA_0
2025-10-04 03:26:21,2025-10-04 03:26:20,2025-10-04 03:24:36,2025-10-04 03:24:36,867488068383602,4060,GTERI,0x19fe3fbf,0x00028102,802003,0x8303,0x0115,60,24689,0000,-,00,00,11,4,4,-,01,01,0.0,0.0,147,147,1049,1049,-25.047797,-25.047797,-51.541814,-51.541814,0724,0004,85da,0f79f10e,0.0,0.3,0.3,0:00:09,2:07:30,-,-,0,-,,,,,04,28,00000000,00,10,,T,NA,0,,,104.0,NA_0
2025-10-04 04:26:21,2025-10-04 04:26:20,2025-10-04 04:24:24,2025-10-04 04:24:24,867488068383602,4091,GTERI,0x19fe3fbf,0x00028102,802003,0x8303,0x0115,60,24719,0000,-,00,00,11,4,4,-,01,01,0.0,0.0,147,147,1049,1049,-25.047797,-25.047797,-51.541814,-51.541814,0724,0004,85da,0f79f10e,0.0,0.3,0.3,0:00:09,2:07:30,-,-,0,-,,,,,04,28,00000000,00,10,,T,NA,0,,,116.0,NA_0
2025-10-04 05:26:21,2025-10-04 05:26:20,2025-10-04 05:24:13,2025-10-04 05:24:13,867488068383602,4122,GTERI,0x19fe3fbf,0x00028102,802003,0x8303,0x0115,60,24683,0000,-,00,00,11,5,5,-,01,01,0.0,0.0,147,147,1049,1049,-25.047797,-25.047797,-51.541814,-51.541814,0724,0004,85da,0f79f10e,0.0,0.3,0.3,0:00:09,2:07:30,-,-,0,-,,,,,04,28,00000000,00,10,,T,NA,0,,,127.0,NA_0
2025-10-04 06:26:21,2025-10-04 06:26:20,2025-10-04 06:24:21,2025-10-04 06:24:21,867488068383602,4153,GTERI,0x19fe3fbf,0x00028102,802003,0x8303,0x0115,60,24683,0000,-,00,00,11,6,6,-,01,01,0.0,0.0,147,147,1049,1049,-25.047797,-25.047797,-51.541814,-51.541814,0724,0004,85da,0f79f10e,0.0,0.3,0.3,0:00:09,2:07:30,-,-,0,-,,,,,04,28,00000000,00,10,,T,NA,0,,,119.0,NA_0
2025-10-04 07:26:21,2025-10-04 07:26:20,2025-10-04 07:24:28,2025-10-04 07:24:28,867488068383602,4184,GTERI,0x19fe3fbf,0x00028102,802003,0x8303,0x0115,60,24677,0000,-,00,00,11,6,6,-,01,01,0.0,0.0,147,147,1049,1049,-25.047797,-25.047797,-51.541814,-51.541814,0724,0004,85da,0f79f10e,0.0,0.3,0.3,0:00:09,2:07:30,-,-,0,-,,,,,04,28,00000000,00,10,,T,NA,0,,,112.0,NA_0
2025-10-04 08:26:12,2025-10-04 08:26:11,2025-10-04 08:24:23,2025-10-04 08:24:23,867488068383602,4216,GTIGN,0x19fe7fbf,,802003,0x8303,0x0115,60,24467,0000,0000,01,00,22,6,6,50687,00,01,0.0,0.0,147,147,1049,1049,-25.047797,-25.047797,-51.541814,-51.541814,0724,0004,85da,0f6ad10a,0.0,0.3,0.3,0:00:00,2:07:30,-,-,0,-,,,,,,,,,,,X,NA,0,,,108.0,NA_0
2025-10-04 08:26:12,2025-10-04 08:26:11,2025-10-04 08:24:23,2025-10-04 08:24:23,867488068383602,4217,GTSTT,0x19fe7fbf,,802003,0x8303,0x0115,60,24467,0000,0000,01,00,22,6,6,-,00,00,0.0,0.0,147,147,1049,1049,-25.047797,-25.047797,-51.541814,-51.541814,0724,0004,85da,0f6ad10a,0.0,0.3,0.3,0:00:00,2:07:30,-,-,0,-,,,,,,,,,,,X,NA,0,,,108.0,NA_0
2025-10-04 08:26:23,2025-10-04 08:26:22,2025-10-04 08:26:23,2025-10-04 08:26:23,867488068383602,4218,GTERI,0x19fe3fbf,0x00028102,802003,0x8303,0x0115,60,14964,0000,-,01,00,22,7,7,-,01,01,0.7,0.7,147,147,1064,1064,-25.047736,-25.047736,-51.541738,-51.541738,0724,0004,85da,0f6ad10a,0.0,0.3,0.3,0:00:09,2:07:39,-,-,0,-,,,,,04,3,00000000,00,10,,T,NA,0,,,-1.0,NA_0
2025-10-04 08:26:23,2025-10-04 08:26:22,2025-10-04 08:26:23,2025-10-04 08:26:23,867488068383602,4219,GTIGL,0x19fe7fbf,,802003,0x8303,0x0115,60,14964,0000,0000,01,00,22,7,7,-,01,01,0.7,0.7,147,147,1064,1064,-25.047736,-25.047736,-51.541738,-51.541738,0724,0004,85da,0f6ad10a,0.0,0.3,0.3,0:00:09,2:07:39,-,-,0,-,,,,,,,,,00,,X,NA,0,,,-1.0,NA_0
2025-10-04 08:26:35,2025-10-04 08:26:33,2025-10-04 08:26:34,2025-10-04 08:26:34,867488068383602,4220,GTIGF,0x19fe7fbf,,802003,0x8303,0x0115,60,15296,0000,0000,00,00,12,7,7,22,01,01,0.0,0.0,147,147,1063,1063,-25.04774,-25.04774,-51.541735,-51.541735,0724,0004,85da,0f6ad10a,0.0,0.3,0.3,0:00:21,2:07:51,-,-,0,-,,,,,,,,,,,X,NA,0,,,-1.0,NA_0
2025-10-04 08:26:35,2025-10-04 08:26:33,2025-10-04 08:26:34,2025-10-04 08:26:34,867488068383602,4221,GTSTT,0x19fe7fbf,,802003,0x8303,0x0115,60,15296,0000,0000,00,00,12,7,7,-,01,01,0.0,0.0,147,147,1063,1063,-25.04774,-25.04774,-51.541735,-51.541735,0724,0004,85da,0f6ad10a,0.0,0.3,0.3,0:00:21,2:07:51,-,-,0,-,,,,,,,,,,,X,NA,0,,,-1.0,NA_0
2025-10-04 08:26:36,2025-10-04 08:26:34,2025-10-04 08:26:35,2025-10-04 08:26:35,867488068383602,4224,GTIGL,0x19fe7fbf,,802003,0x8303,0x0115,60,15296,0000,0000,00,00,12,7,7,-,01,01,0.0,0.0,147,147,1063,1063,-25.04774,-25.04774,-51.541735,-51.541735,0724,0004,85da,0f6ad10a,0.0,0.3,0.3,0:00:21,2:07:51,-,-,0,-,,,,,,,,,01,,X,NA,0,,,-1.0,NA_0
2025-10-04 08:26:49,2025-10-04 08:26:48,2025-10-04 08:26:48,2025-10-04 08:26:24,867488068383602,4226,GTIGN,0x19fe7fbf,,802003,0x8303,0x0115,60,22772,0000,0000,01,00,22,7,7,15,01,01,0.0,0.4,147,147,1063,1063,-25.04774,-25.04774,-51.541735,-51.541735,0724,0004,85da,0f6ad10a,0.0,0.3,0.3,0:00:00,2:07:51,-,-,0,-,,,,,,,,,,,X,NA,0,,,0.0,NA_0
2025-10-04 08:26:49,2025-10-04 08:26:48,2025-10-04 08:26:48,2025-10-04 08:26:48,867488068383602,4227,GTSTT,0x19fe7fbf,,802003,0x8303,0x0115,60,22772,0000,0000,01,00,22,7,7,-,01,01,0.0,0.0,147,147,1063,1063,-25.04774,-25.04774,-51.541735,-51.541735,0724,0004,85da,0f6ad10a,0.0,0.3,0.3,0:00:00,2:07:51,-,-,0,-,,,,,,,,,,,X,NA,0,,,0.0,NA_0
2025-10-04 08:26:50,2025-10-04 08:26:49,2025-10-04 08:26:50,2025-10-04 08:26:50,867488068383602,4228,GTIGL,0x19fe7fbf,,802003,0x8303,0x0115,60,22662,0000,0000,01,00,22,7,7,-,01,01,0.0,0.0,147,147,1063,1063,-25.04774,-25.04774,-51.541735,-51.541735,0724,0004,85da,0f6ad10a,0.0,0.3,0.3,0:00:00,2:07:51,-,-,0,-,,,,,,,,,00,,X,NA,0,,,-1.0,NA_0
2025-10-04 08:27:03,2025-10-04 08:27:01,2025-10-04 08:27:02,2025-10-04 08:27:02,867488068383602,4230,GTSTT,0x19fe7fbf,,802003,0x8303,0x0115,60,14074,0000,0000,00,00,12,7,7,-,01,01,0.0,0.0,147,147,1063,1063,-25.04774,-25.04774,-51.541735,-51.541735,0724,0004,85da,0f6ad10a,0.0,0.3,0.3,0:00:12,2:08:03,-,-,0,-,,,,,,,,,,,X,NA,0,,,-1.0,NA_0
2025-10-04 08:27:03,2025-10-04 08:27:01,2025-10-04 08:27:02,2025-10-04 08:27:02,867488068383602,4229,GTIGF,0x19fe7fbf,,802003,0x8303,0x0115,60,14074,0000,0000,00,00,12,7,7,13,01,01,0.0,0.0,147,147,1063,1063,-25.04774,-25.04774,-51.541735,-51.541735,0724,0004,85da,0f6ad10a,0.0,0.3,0.3,0:00:12,2:08:03,-,-,0,-,,,,,,,,,,,X,NA,0,,,-1.0,NA_0
2025-10-04 08:27:03,2025-10-04 08:27:02,2025-10-04 08:27:03,2025-10-04 08:27:03,867488068383602,4231,GTIGL,0x19fe7fbf,,802003,0x8303,0x0115,60,21910,0000,0000,00,00,12,7,7,-,01,01,0.0,0.0,147,147,1063,1063,-25.04774,-25.04774,-51.541735,-51.541735,0724,0004,85da,0f6ad10a,0.0,0.3,0.3,0:00:12,2:08:03,-,-,0,-,,,,,,,,,01,,X,NA,0,,,-1.0,NA_0
2025-10-04 08:27:20,2025-10-04 08:27:19,2025-10-04 08:27:20,2025-10-04 08:27:20,867488068383602,4235,GTSTT,0x19fe7fbf,,802003,0x8303,0x0115,60,22510,0000,0000,00,00,11,8,8,-,01,01,0.0,0.0,147,147,1063,1063,-25.04774,-25.04774,-51.541735,-51.541735,0724,0004,85da,0f6ad10a,0.0,0.3,0.3,0:00:12,2:08:03,-,-,0,-,,,,,,,,,,,X,NA,0,,,-1.0,NA_0
2025-10-04 08:28:05,2025-10-04 08:28:03,2025-10-04 08:28:03,2025-10-04 08:28:03,867488068383602,4237,GTIGN,0x19fe7fbf,,802003,0x8303,0x0115,60,23228,0000,0000,01,00,22,11,11,62,01,01,0.0,0.0,147,147,1063,1063,-25.04774,-25.04774,-51.541735,-51.541735,0724,0004,85da,0f6ad10a,0.0,0.3,0.3,0:00:00,2:08:03,-,-,0,-,,,,,,,,,,,X,NA,0,,,0.0,NA_0
2025-10-04 08:28:05,2025-10-04 08:28:03,2025-10-04 08:28:03,2025-10-04 08:28:03,867488068383602,4238,GTSTT,0x19fe7fbf,,802003,0x8303,0x0115,60,23228,0000,0000,01,00,22,11,11,-,01,01,0.0,0.0,147,147,1063,1063,-25.04774,-25.04774,-51.541735,-51.541735,0724,0004,85da,0f6ad10a,0.0,0.3,0.3,0:00:00,2:08:03,-,-,0,-,,,,,,,,,,,X,NA,0,,,0.0,NA_0
2025-10-04 08:28:05,2025-10-04 08:28:04,2025-10-04 08:28:05,2025-10-04 08:28:05,867488068383602,4239,GTIGL,0x19fe7fbf,,802003,0x8303,0x0115,60,23228,0000,0000,01,00,22,10,10,-,01,01,0.0,0.0,147,147,1063,1063,-25.04774,-25.04774,-51.541735,-51.541735,0724,0004,85da,0f6ad10a,0.0,0.3,0.3,0:00:00,2:08:03,-,-,0,-,,,,,,,,,00,,X,NA,0,,,-1.0,NA_0
2025-10-04 08:28:19,2025-10-04 08:28:18,2025-10-04 08:28:18,2025-10-04 08:28:18,867488068383602,4240,GTIGF,0x19fe7fbf,,802003,0x8303,0x0115,60,14917,0000,0000,00,00,12,11,11,15,01,01,0.0,0.0,147,147,1063,1063,-25.04774,-25.04774,-51.541735,-51.541735,0724,0004,85da,0f6ad10a,0.0,0.3,0.3,0:00:12,2:08:15,-,-,0,-,,,,,,,,,,,X,NA,0,,,0.0,NA_0
2025-10-04 08:28:19,2025-10-04 08:28:18,2025-10-04 08:28:18,2025-10-04 08:28:18,867488068383602,4241,GTSTT,0x19fe7fbf,,802003,0x8303,0x0115,60,14917,0000,0000,00,00,12,11,11,-,01,01,0.0,0.0,147,147,1063,1063,-25.04774,-25.04774,-51.541735,-51.541735,0724,0004,85da,0f6ad10a,0.0,0.3,0.3,0:00:12,2:08:15,-,-,0,-,,,,,,,,,,,X,NA,0,,,0.0,NA_0
2025-10-04 08:28:20,2025-10-04 08:28:18,2025-10-04 08:28:19,2025-10-04 08:28:19,867488068383602,4242,GTIGL,0x19fe7fbf,,802003,0x8303,0x0115,60,14917,0000,0000,00,00,12,11,11,-,01,01,0.0,0.0,147,147,1063,1063,-25.04774,-25.04774,-51.541735,-51.541735,0724,0004,85da,0f6ad10a,0.0,0.3,0.3,0:00:12,2:08:15,-,-,0,-,,,,,,,,,01,,X,NA,0,,,-1.0,NA_0
2025-10-04 08:28:23,2025-10-04 08:28:22,2025-10-04 08:28:22,2025-10-04 08:28:22,867488068383602,4246,GTIGN,0x19fe7fbf,,802003,0x8303,0x0115,60,22046,0000,0000,01,00,22,11,11,3,01,01,0.0,0.0,147,147,1063,1063,-25.04774,-25.04774,-51.541735,-51.541735,0724,0004,85da,0f6ad10a,0.0,0.3,0.3,0:00:00,2:08:15,-,-,0,-,,,,,,,,,,,X,NA,0,,,0.0,NA_0
2025-10-04 08:28:23,2025-10-04 08:28:22,2025-10-04 08:28:22,2025-10-04 08:28:22,867488068383602,4247,GTSTT,0x19fe7fbf,,802003,0x8303,0x0115,60,22046,0000,0000,01,00,22,11,11,-,01,01,0.0,0.0,147,147,1063,1063,-25.04774,-25.04774,-51.541735,-51.541735,0724,0004,85da,0f6ad10a,0.0,0.3,0.3,0:00:00,2:08:15,-,-,0,-,,,,,,,,,,,X,NA,0,,,0.0,NA_0
2025-10-04 08:28:24,2025-10-04 08:28:22,2025-10-04 08:28:23,2025-10-04 08:28:23,867488068383602,4248,GTIGL,0x19fe7fbf,,802003,0x8303,0x0115,60,22046,0000,0000,01,00,22,11,11,-,01,01,0.0,0.0,147,147,1063,1063,-25.04774,-25.04774,-51.541735,-51.541735,0724,0004,85da,0f6ad10a,0.0,0.3,0.3,0:00:00,2:08:15,-,-,0,-,,,,,,,,,00,,X,NA,0,,,-1.0,NA_0
2025-10-04 08:29:17,2025-10-04 08:29:16,2025-10-04 08:29:15,2025-10-04 08:29:16,867488068383602,4250,GTERI,0x19fe3fbf,0x00028102,802003,0x8303,0x0115,60,27000,0000,-,01,00,22,11,11,-,01,01,0.0,0.0,147,147,1063,1063,-25.04774,-25.04774,-51.541735,-51.541735,0724,0004,85da,0f6ad10a,0.0,0.3,0.3,0:00:54,2:09:09,-,-,0,-,,,,,04,3,00000000,00,10,,T,NA,0,,,1.0,NA_0
2025-10-04 08:31:23,2025-10-04 08:31:22,2025-10-04 08:31:23,2025-10-04 08:31:11,867488068383602,4253,GTBTC,0x19fe7fbf,,802003,0x8303,0x0115,60,27429,0000,0000,01,00,22,12,12,-,01,01,0.0,1.6,264,264,1059,1061,-25.047742,-25.047746,-51.541722,-51.541722,0724,0004,85da,0f6ad10a,0.0,0.3,0.3,0:03:00,2:11:15,-,-,0,-,,,,,,,,,,,X,NA,0,,,-1.0,NA_0
2025-10-04 08:32:17,2025-10-04 08:32:16,2025-10-04 08:32:16,2025-10-04 08:31:34,867488068383602,4254,GTERI,0x19fe3fbf,0x00028102,802003,0x8303,0x0115,89,27366,0000,-,01,00,22,12,12,-,01,01,3.9,4.5,185,272,1053,1058,-25.047721,-25.047763,-51.542063,-51.541917,0724,0004,85da,0f6ad10a,0.0,0.4,0.3,0:03:54,2:12:09,-,-,0,-,,,,,04,3,00000000,00,10,,T,NA,0,,,0.0,NA_0
2025-10-04 08:32:51,2025-10-04 08:32:49,2025-10-04 08:32:50,2025-10-04 08:32:50,867488068383602,4260,GTIGF,0x19fe7fbf,,802003,0x8303,0x0115,91,27444,0000,0000,00,00,12,12,12,268,01,01,0.0,0.0,185,185,1050,1050,-25.047736,-25.047736,-51.542079,-51.542079,0724,0004,85da,0f6ad10a,0.0,0.4,0.4,0:04:27,2:12:42,-,-,0,-,,,,,,,,,,,X,NA,0,,,-1.0,NA_0
2025-10-04 08:32:51,2025-10-04 08:32:49,2025-10-04 08:32:50,2025-10-04 08:32:50,867488068383602,4261,GTSTT,0x19fe7fbf,,802003,0x8303,0x0115,91,27444,0000,0000,00,00,12,12,12,-,01,01,0.0,0.0,185,185,1050,1050,-25.047736,-25.047736,-51.542079,-51.542079,0724,0004,85da,0f6ad10a,0.0,0.4,0.4,0:04:27,2:12:42,-,-,0,-,,,,,,,,,,,X,NA,0,,,-1.0,NA_0
2025-10-04 08:32:51,2025-10-04 08:32:50,2025-10-04 08:32:50,2025-10-04 08:32:50,867488068383602,4262,GTSTC,0x19fe7fbf,,802003,0x8303,0x0115,91,27444,0000,0000,01,00,12,12,12,-,01,01,0.0,0.0,185,185,1050,1050,-25.047736,-25.047736,-51.542079,-51.542079,0724,0004,85da,0f6ad10a,0.0,0.4,0.4,0:04:27,2:12:42,-,-,0,-,,,,,,,,,,,X,NA,0,,,0.0,NA_0
2025-10-04 08:32:52,2025-10-04 08:32:50,2025-10-04 08:32:51,2025-10-04 08:32:51,867488068383602,4263,GTIGL,0x19fe7fbf,,802003,0x8303,0x0115,91,27444,0000,0000,01,00,12,12,12,-,01,01,0.0,0.0,185,185,1050,1050,-25.047736,-25.047736,-51.542079,-51.542079,0724,0004,85da,0f6ad10a,0.0,0.4,0.4,0:04:27,2:12:42,-,-,0,-,,,,,,,,,01,,X,NA,0,,,-1.0,NA_0
2025-10-04 08:32:53,2025-10-04 08:32:52,2025-10-04 08:32:52,2025-10-04 08:32:18,867488068383602,4265,GTIGN,0x19fe7fbf,,802003,0x8303,0x0115,91,27444,0000,0000,01,00,22,12,12,3,01,01,0.0,3.9,185,180,1050,1052,-25.047736,-25.047734,-51.542079,-51.542071,0724,0004,85da,0f6ad10a,0.0,0.4,0.4,0:00:00,2:12:42,-,-,0,-,,,,,,,,,,,X,NA,0,,,0.0,NA_0
2025-10-04 08:32:53,2025-10-04 08:32:52,2025-10-04 08:32:52,2025-10-04 08:32:52,867488068383602,4266,GTSTT,0x19fe7fbf,,802003,0x8303,0x0115,91,27444,0000,0000,01,00,22,12,12,-,01,01,0.0,0.0,185,185,1050,1050,-25.047736,-25.047736,-51.542079,-51.542079,0724,0004,85da,0f6ad10a,0.0,0.4,0.4,0:00:00,2:12:42,-,-,0,-,,,,,,,,,,,X,NA,0,,,0.0,NA_0
2025-10-04 08:32:54,2025-10-04 08:32:52,2025-10-04 08:32:53,2025-10-04 08:32:53,867488068383602,4267,GTIGL,0x19fe7fbf,,802003,0x8303,0x0115,91,27444,0000,0000,01,00,22,12,12,-,01,01,0.0,0.0,185,185,1050,1050,-25.047736,-25.047736,-51.542079,-51.542079,0724,0004,85da,0f6ad10a,0.0,0.4,0.4,0:00:00,2:12:42,-,-,0,-,,,,,,,,,00,,X,NA,0,,,-1.0,NA_0
2025-10-04 08:33:01,2025-10-04 08:32:59,2025-10-04 08:33:00,2025-10-04 08:33:00,867488068383602,4268,GTIGF,0x19fe7fbf,,802003,0x8303,0x0115,91,27200,0000,0000,00,00,12,12,12,7,01,01,0.0,0.0,185,185,1050,1050,-25.047736,-25.047736,-51.542079,-51.542079,0724,0004,85da,0f6ad10a,0.0,0.4,0.4,0:00:06,2:12:48,-,-,0,-,,,,,,,,,,,X,NA,0,,,-1.0,NA_0
2025-10-04 08:33:01,2025-10-04 08:32:59,2025-10-04 08:33:00,2025-10-04 08:33:00,867488068383602,4269,GTSTT,0x19fe7fbf,,802003,0x8303,0x0115,91,27200,0000,0000,00,00,12,12,12,-,01,01,0.0,0.0,185,185,1050,1050,-25.047736,-25.047736,-51.542079,-51.542079,0724,0004,85da,0f6ad10a,0.0,0.4,0.4,0:00:06,2:12:48,-,-,0,-,,,,,,,,,,,X,NA,0,,,-1.0,NA_0
2025-10-04 08:33:01,2025-10-04 08:33:00,2025-10-04 08:33:01,2025-10-04 08:33:01,867488068383602,4270,GTIGL,0x19fe7fbf,,802003,0x8303,0x0115,91,27200,0000,0000,00,00,12,12,12,-,01,01,0.0,0.0,185,185,1050,1050,-25.047736,-25.047736,-51.542079,-51.542079,0724,0004,85da,0f6ad10a,0.0,0.4,0.4,0:00:06,2:12:48,-,-,0,-,,,,,,,,,01,,X,NA,0,,,-1.0,NA_0
2025-10-04 08:33:37,2025-10-04 08:33:36,2025-10-04 08:33:36,2025-10-04 08:33:36,867488068383602,4274,GTSTT,0x19fe7fbf,,802003,0x8303,0x0115,68,25241,0000,0000,00,00,11,12,12,-,01,01,0.0,0.0,185,185,1050,1050,-25.047736,-25.047736,-51.542079,-51.542079,0724,0004,85da,0f6ad10a,0.0,0.4,0.4,0:00:06,2:12:48,-,-,0,-,,,,,,,,,,,X,NA,0,,,0.0,NA_0
2025-10-04 08:35:17,2025-10-04 08:35:16,2025-10-04 08:35:15,2025-10-04 08:35:15,867488068383602,4277,GTERI,0x19fe3fbf,0x00028102,802003,0x8303,0x0115,63,25133,0000,-,00,00,11,12,12,-,01,01,0.0,0.0,185,185,1050,1050,-25.047736,-25.047736,-51.542079,-51.542079,0724,0004,85da,0f6ad10a,0.0,0.4,0.4,0:00:06,2:12:48,-,-,0,-,,,,,04,3,00000000,00,10,,T,NA,0,,,1.0,NA_0
2025-10-04 08:38:01,2025-10-04 08:38:00,2025-10-04 08:38:01,2025-10-04 08:38:01,867488068383602,4280,GTERI,0x19fe3fbf,0x00028102,802003,0x8303,0x0115,62,25053,0000,-,00,00,11,12,12,-,01,01,0.0,0.0,185,185,1050,1050,-25.047736,-25.047736,-51.542079,-51.542079,0724,0004,85da,0f6ad10a,0.0,0.4,0.4,0:00:06,2:12:48,-,-,0,-,,,,,04,3,00000000,00,10,,T,NA,0,,,-1.0,NA_0
2025-10-04 09:37:56,2025-10-04 09:37:55,2025-10-04 09:35:30,2025-10-04 09:35:30,867488068383602,4311,GTERI,0x19fe3fbf,0x00028102,802003,0x8303,0x0115,60,24322,0000,-,00,00,11,12,12,-,01,01,0.0,0.0,185,185,1050,1050,-25.047736,-25.047736,-51.542079,-51.542079,0724,0004,85da,0f6ad10a,0.0,0.4,0.4,0:00:06,2:12:48,-,-,0,-,,,,,04,3,00000000,00,10,,T,NA,0,,,145.0,NA_0
2025-10-04 10:37:56,2025-10-04 10:37:55,2025-10-04 10:35:30,2025-10-04 10:35:30,867488068383602,4342,GTERI,0x19fe3fbf,0x00028102,802003,0x8303,0x0115,60,23378,0000,-,00,00,11,12,12,-,01,01,0.0,0.0,185,185,1050,1050,-25.047736,-25.047736,-51.542079,-51.542079,0724,0004,85da,0f6ad10a,0.0,0.4,0.4,0:00:06,2:12:48,-,-,0,-,,,,,04,3,00000000,00,10,,T,NA,0,,,145.0,NA_0
2025-10-04 11:37:56,2025-10-04 11:37:55,2025-10-04 11:35:52,2025-10-04 11:35:52,867488068383602,4373,GTERI,0x19fe3fbf,0x00028102,802003,0x8303,0x0115,60,22741,0000,-,00,00,11,6,6,-,01,01,0.0,0.0,185,185,1050,1050,-25.047736,-25.047736,-51.542079,-51.542079,0724,0004,85da,0f6ad10a,0.0,0.4,0.4,0:00:06,2:12:48,-,-,0,-,,,,,04,3,00000000,00,10,,T,NA,0,,,123.0,NA_0
2025-10-04 12:37:56,2025-10-04 12:37:55,2025-10-04 12:35:35,2025-10-04 12:35:35,867488068383602,4404,GTERI,0x19fe3fbf,0x00028102,802003,0x8303,0x0115,60,22710,0000,-,00,00,11,5,5,-,01,01,0.0,0.0,185,185,1050,1050,-25.047736,-25.047736,-51.542079,-51.542079,0724,0004,85da,0f6ad116,0.0,0.4,0.4,0:00:06,2:12:48,-,-,0,-,,,,,04,1,00000000,00,10,,T,NA,0,,,140.0,NA_0
2025-10-04 13:37:56,2025-10-04 13:37:55,2025-10-04 13:35:31,2025-10-04 13:35:31,867488068383602,4436,GTERI,0x19fe3fbf,0x00028102,802003,0x8303,0x0115,61,22677,0000,-,00,00,11,5,5,-,01,01,0.0,0.0,185,185,1050,1050,-25.047736,-25.047736,-51.542079,-51.542079,0724,0004,85da,0f6ad116,0.0,0.4,0.4,0:00:06,2:12:48,-,-,0,-,,,,,04,1,00000000,00,10,,T,NA,0,,,144.0,NA_0
2025-10-04 14:37:56,2025-10-04 14:37:55,2025-10-04 14:35:59,2025-10-04 14:35:59,867488068383602,4467,GTERI,0x19fe3fbf,0x00028102,802003,0x8303,0x0115,61,22687,0000,-,00,00,11,5,5,-,01,01,0.0,0.0,185,185,1050,1050,-25.047736,-25.047736,-51.542079,-51.542079,0724,0004,85da,0f6ad116,0.0,0.4,0.4,0:00:06,2:12:48,-,-,0,-,,,,,04,1,00000000,00,10,,T,NA,0,,,116.0,NA_0
2025-10-04 15:03:09,2025-10-04 15:03:08,2025-10-04 14:35:59,2025-10-04 14:35:59,867488068383602,4481,GTIGN,0x19fe7fbf,,802003,0x8303,0x0115,61,22589,0000,0000,01,00,22,5,5,23408,00,01,0.0,0.0,185,185,1050,1050,-25.047736,-25.047736,-51.542079,-51.542079,0724,0004,85da,0f6ad116,0.0,0.4,0.4,0:00:00,2:12:48,-,-,0,-,,,,,,,,,,,X,NA,0,,,1629.0,NA_0
2025-10-04 15:03:09,2025-10-04 15:03:08,2025-10-04 14:35:59,2025-10-04 14:35:59,867488068383602,4482,GTSTT,0x19fe7fbf,,802003,0x8303,0x0115,61,22589,0000,0000,01,00,22,5,5,-,00,00,0.0,0.0,185,185,1050,1050,-25.047736,-25.047736,-51.542079,-51.542079,0724,0004,85da,0f6ad116,0.0,0.4,0.4,0:00:00,2:12:48,-,-,0,-,,,,,,,,,,,X,NA,0,,,1629.0,NA_0
2025-10-04 15:03:24,2025-10-04 15:03:26,2025-10-04 15:03:24,2025-10-04 15:03:24,867488068383602,4484,GTERI,0x19fe3fbf,0x00028102,802003,0x8303,0x0115,61,17273,0000,-,01,00,22,5,5,-,01,01,0.0,0.0,340,340,990,990,-25.047831,-25.047831,-51.542145,-51.542145,0724,0004,85da,0f79f10e,0.0,0.4,0.4,0:00:15,2:13:03,-,-,0,-,,,,,04,28,00000000,00,10,,T,NA,0,,,2.0,NA_0
2025-10-04 15:03:24,2025-10-04 15:03:26,2025-10-04 15:03:24,2025-10-04 15:03:24,867488068383602,4485,GTIGL,0x19fe7fbf,,802003,0x8303,0x0115,61,17273,0000,0000,01,00,22,5,5,-,01,01,0.0,0.0,340,340,990,990,-25.047831,-25.047831,-51.542145,-51.542145,0724,0004,85da,0f79f10e,0.0,0.4,0.4,0:00:15,2:13:03,-,-,0,-,,,,,,,,,00,,X,NA,0,,,2.0,NA_0
2025-10-04 15:06:09,2025-10-04 15:06:10,2025-10-04 15:06:09,2025-10-04 15:06:09,867488068383602,4488,GTBTC,0x19fe7fbf,,802003,0x8303,0x0115,61,27240,0000,0000,01,00,22,12,12,-,01,01,0.0,0.0,340,340,990,990,-25.047831,-25.047831,-51.542145,-51.542145,0724,0004,85da,0f6ad10a,0.0,0.4,0.4,0:03:02,2:15:50,-,-,0,-,,,,,,,,,,,X,NA,0,,,1.0,NA_0
2025-10-04 15:06:17,2025-10-04 15:06:18,2025-10-04 15:06:16,2025-10-04 15:06:17,867488068383602,4489,GTERI,0x19fe3fbf,0x00028102,802003,0x8303,0x0115,61,27291,0000,-,01,00,22,12,12,-,01,01,0.0,0.0,340,340,990,990,-25.047831,-25.047831,-51.542145,-51.542145,0724,0004,85da,0f6ad10a,0.0,0.4,0.4,0:03:08,2:15:56,-,-,0,-,,,,,04,3,00000000,00,10,,T,T10,2,,7.0,2.0,T10_2
2025-10-04 15:09:02,2025-10-04 15:09:02,2025-10-04 15:09:01,2025-10-04 15:09:01,867488068383602,4496,GTSTT,0x19fe7fbf,,802003,0x8303,0x0115,75,27494,0000,0000,00,00,12,12,12,-,01,01,0.0,0.0,340,340,1012,1012,-25.047806,-25.047806,-51.541768,-51.541768,0724,0004,85da,0f6ad10a,0.0,0.4,0.4,0:05:53,2:18:41,-,-,0,-,,,,,,,,,,,X,NA,0,,,1.0,NA_0
2025-10-04 15:09:02,2025-10-04 15:09:02,2025-10-04 15:09:01,2025-10-04 15:09:01,867488068383602,4497,GTSTC,0x19fe7fbf,,802003,0x8303,0x0115,75,27494,0000,0000,00,00,12,12,12,-,01,01,0.0,0.0,340,340,1012,1012,-25.047806,-25.047806,-51.541768,-51.541768,0724,0004,85da,0f6ad10a,0.0,0.4,0.4,0:05:53,2:18:41,-,-,0,-,,,,,,,,,,,X,NA,0,,,1.0,NA_0
2025-10-04 15:09:01,2025-10-04 15:09:02,2025-10-04 15:09:01,2025-10-04 15:09:01,867488068383602,4495,GTIGF,0x19fe7fbf,,802003,0x8303,0x0115,75,27494,0000,0000,00,00,12,12,12,353,01,01,0.0,0.0,340,340,1012,1012,-25.047806,-25.047806,-51.541768,-51.541768,0724,0004,85da,0f6ad10a,0.0,0.4,0.4,0:05:53,2:18:41,-,-,0,-,,,,,,,,,,,X,NA,0,,,1.0,NA_0
2025-10-04 15:09:03,2025-10-04 15:09:03,2025-10-04 15:09:02,2025-10-04 15:09:02,867488068383602,4498,GTIGL,0x19fe7fbf,,802003,0x8303,0x0115,75,27494,0000,0000,00,00,12,12,12,-,01,01,0.0,0.0,340,340,1012,1012,-25.047806,-25.047806,-51.541768,-51.541768,0724,0004,85da,0f6ad10a,0.0,0.4,0.4,0:05:53,2:18:41,-,-,0,-,,,,,,,,,01,,X,NA,0,,,1.0,NA_0
2025-10-04 15:09:17,2025-10-04 15:09:18,2025-10-04 15:09:16,2025-10-04 15:09:16,867488068383602,4503,GTERI,0x19fe3fbf,0x00028102,802003,0x8303,0x0115,73,25556,0000,-,00,00,12,12,12,-,01,01,0.0,0.0,340,340,1012,1012,-25.047806,-25.047806,-51.541768,-51.541768,0724,0004,85da,0f6ad10a,0.0,0.4,0.4,0:05:53,2:18:41,-,-,0,-,,,,,04,3,00000000,00,10,,T,NA,0,,,2.0,NA_0
2025-10-04 15:09:45,2025-10-04 15:09:46,2025-10-04 15:09:45,2025-10-04 15:09:45,867488068383602,4504,GTSTT,0x19fe7fbf,,802003,0x8303,0x0115,66,25357,0000,0000,00,00,11,12,12,-,01,01,0.0,0.0,340,340,1012,1012,-25.047806,-25.047806,-51.541768,-51.541768,0724,0004,85da,0f6ad10a,0.0,0.4,0.4,0:05:53,2:18:41,-,-,0,-,,,,,,,,,,,X,NA,0,,,1.0,NA_0
2025-10-04 15:12:17,2025-10-04 15:12:18,2025-10-04 15:12:16,2025-10-04 15:12:16,867488068383602,4507,GTERI,0x19fe3fbf,0x00028102,802003,0x8303,0x0115,63,25205,0000,-,00,00,11,12,12,-,01,01,0.0,0.0,340,340,1012,1012,-25.047806,-25.047806,-51.541768,-51.541768,0724,0004,85da,0f6ad10a,0.0,0.4,0.4,0:05:53,2:18:41,-,-,0,-,,,,,04,3,00000000,00,10,,T,NA,0,,,2.0,NA_0
2025-10-04 15:14:02,2025-10-04 15:14:03,2025-10-04 15:14:02,2025-10-04 15:14:02,867488068383602,4510,GTERI,0x19fe3fbf,0x00028102,802003,0x8303,0x0115,63,25126,0000,-,00,00,11,12,12,-,01,01,0.0,0.0,340,340,1012,1012,-25.047806,-25.047806,-51.541768,-51.541768,0724,0004,85da,0f6ad10a,0.0,0.4,0.4,0:05:53,2:18:41,-,-,0,-,,,,,04,3,00000000,00,10,,T,T1,6,,1.0,1.0,T1_6
2025-10-04 16:13:56,2025-10-04 16:13:57,2025-10-04 16:11:31,2025-10-04 16:11:31,867488068383602,4541,GTERI,0x19fe3fbf,0x00028102,802003,0x8303,0x0115,63,24149,0000,-,00,00,11,12,12,-,01,01,0.0,0.0,340,340,1012,1012,-25.047806,-25.047806,-51.541768,-51.541768,0724,0004,85da,0f6ad116,0.0,0.4,0.4,0:05:53,2:18:41,-,-,0,-,,,,,04,1,00000000,00,10,,T,NA,0,,,146.0,NA_0
2025-10-04 17:13:56,2025-10-04 17:13:57,2025-10-04 17:11:35,2025-10-04 17:11:35,867488068383602,4572,GTERI,0x19fe3fbf,0x00028102,802003,0x8303,0x0115,64,22861,0000,-,00,00,11,12,12,-,01,01,0.0,0.0,340,340,1012,1012,-25.047806,-25.047806,-51.541768,-51.541768,0724,0004,85da,0f6ad116,0.0,0.4,0.4,0:05:53,2:18:41,-,-,0,-,,,,,04,1,00000000,00,10,,T,NA,0,,,142.0,NA_0
2025-10-04 18:13:56,2025-10-04 18:13:57,2025-10-04 18:11:36,2025-10-04 18:11:36,867488068383602,4603,GTERI,0x19fe3fbf,0x00028102,802003,0x8303,0x0115,64,22721,0000,-,00,00,11,5,5,-,01,01,0.0,0.0,340,340,1012,1012,-25.047806,-25.047806,-51.541768,-51.541768,0724,0004,85da,0f6ad116,0.0,0.4,0.4,0:05:53,2:18:41,-,-,0,-,,,,,04,1,00000000,00,10,,T,NA,0,,,141.0,NA_0
2025-10-04 19:13:56,2025-10-04 19:13:57,2025-10-04 19:12:08,2025-10-04 19:12:08,867488068383602,4634,GTERI,0x19fe3fbf,0x00028102,802003,0x8303,0x0115,64,22683,0000,-,00,00,11,5,5,-,01,01,0.0,0.0,340,340,1012,1012,-25.047806,-25.047806,-51.541768,-51.541768,0724,0004,85da,0f6ad116,0.0,0.4,0.4,0:05:53,2:18:41,-,-,0,-,,,,,04,1,00000000,00,10,,T,NA,0,,,109.0,NA_0
2025-10-04 20:13:56,2025-10-04 20:13:57,2025-10-04 20:11:41,2025-10-04 20:11:41,867488068383602,4665,GTERI,0x19fe3fbf,0x00028102,802003,0x8303,0x0115,65,22574,0000,-,00,00,11,5,5,-,01,01,0.0,0.0,340,340,1012,1012,-25.047806,-25.047806,-51.541768,-51.541768,0724,0004,85da,0f6ad116,0.0,0.4,0.4,0:05:53,2:18:41,-,-,0,-,,,,,04,1,00000000,00,10,,T,NA,0,,,136.0,NA_0
2025-10-04 21:13:56,2025-10-04 21:13:57,2025-10-04 21:11:42,2025-10-04 21:11:42,867488068383602,4696,GTERI,0x19fe3fbf,0x00028102,802003,0x8303,0x0115,65,22630,0000,-,00,00,11,5,5,-,01,01,0.0,0.0,340,340,1012,1012,-25.047806,-25.047806,-51.541768,-51.541768,0724,0004,85da,0f6ad116,0.0,0.4,0.4,0:05:53,2:18:41,-,-,0,-,,,,,04,1,00000000,00,10,,T,NA,0,,,135.0,NA_0
2025-10-04 22:13:57,2025-10-04 22:13:57,2025-10-04 22:11:50,2025-10-04 22:11:50,867488068383602,4727,GTERI,0x19fe3fbf,0x00028102,802003,0x8303,0x0115,65,22541,0000,-,00,00,11,3,3,-,01,01,0.0,0.0,340,340,1012,1012,-25.047806,-25.047806,-51.541768,-51.541768,0724,0004,85da,0f6ad116,0.0,0.4,0.4,0:05:53,2:18:41,-,-,0,-,,,,,04,1,00000000,00,10,,T,NA,0,,,127.0,NA_0
2025-10-04 23:13:56,2025-10-04 23:13:57,2025-10-04 23:12:06,2025-10-04 23:12:06,867488068383602,4758,GTERI,0x19fe3fbf,0x00028102,802003,0x8303,0x0115,65,22587,0000,-,00,00,11,7,7,-,01,01,0.0,0.0,340,340,1012,1012,-25.047806,-25.047806,-51.541768,-51.541768,0724,0004,85da,0f6ad116,0.0,0.4,0.4,0:05:53,2:18:41,-,-,0,-,,,,,04,1,00000000,00,10,,T,NA,0,,,111.0,NA_0
2025-10-05 00:13:57,2025-10-05 00:13:57,2025-10-05 00:11:43,2025-10-05 00:11:43,867488068383602,4789,GTERI,0x19fe3fbf,0x00028102,802003,0x8303,0x0115,66,22514,0000,-,00,00,11,7,7,-,01,01,0.0,0.0,340,340,1012,1012,-25.047806,-25.047806,-51.541768,-51.541768,0724,0004,85da,0f6ad116,0.0,0.4,0.4,0:05:53,2:18:41,-,-,0,-,,,,,04,1,00000000,00,10,,T,NA,0,,,134.0,NA_0
2025-10-05 01:13:56,2025-10-05 01:13:57,2025-10-05 01:11:34,2025-10-05 01:11:34,867488068383602,4820,GTERI,0x19fe3fbf,0x00028102,802003,0x8303,0x0115,66,22542,0000,-,00,00,11,6,6,-,01,01,0.0,0.0,340,340,1012,1012,-25.047806,-25.047806,-51.541768,-51.541768,0724,0004,85da,0f6ad116,0.0,0.4,0.4,0:05:53,2:18:41,-,-,0,-,,,,,04,1,00000000,00,10,,T,NA,0,,,143.0,NA_0
2025-10-05 02:13:57,2025-10-05 02:13:57,2025-10-05 02:11:46,2025-10-05 02:11:46,867488068383602,4851,GTERI,0x19fe3fbf,0x00028102,802003,0x8303,0x0115,66,22519,0000,-,00,00,11,4,4,-,01,01,0.0,0.0,340,340,1012,1012,-25.047806,-25.047806,-51.541768,-51.541768,0724,0004,85da,0f6ad116,0.0,0.4,0.4,0:05:53,2:18:41,-,-,0,-,,,,,04,1,00000000,00,10,,T,NA,0,,,131.0,NA_0
2025-10-05 03:13:57,2025-10-05 03:13:57,2025-10-05 03:12:08,2025-10-05 03:12:08,867488068383602,4882,GTERI,0x19fe3fbf,0x00028102,802003,0x8303,0x0115,66,22438,0000,-,00,00,11,4,4,-,01,01,0.0,0.0,340,340,1012,1012,-25.047806,-25.047806,-51.541768,-51.541768,0724,0004,85da,0f6ad116,0.0,0.4,0.4,0:05:53,2:18:41,-,-,0,-,,,,,04,1,00000000,00,10,,T,NA,0,,,109.0,NA_0
2025-10-05 04:13:57,2025-10-05 04:13:57,2025-10-05 04:12:00,2025-10-05 04:12:00,867488068383602,4913,GTERI,0x19fe3fbf,0x00028102,802003,0x8303,0x0115,66,22488,0000,-,00,00,11,5,5,-,01,01,0.0,0.0,340,340,1012,1012,-25.047806,-25.047806,-51.541768,-51.541768,0724,0004,85da,0f6ad116,0.0,0.4,0.4,0:05:53,2:18:41,-,-,0,-,,,,,04,1,00000000,00,10,,T,NA,0,,,117.0,NA_0
2025-10-05 05:13:57,2025-10-05 05:13:57,2025-10-05 05:11:38,2025-10-05 05:11:38,867488068383602,4944,GTERI,0x19fe3fbf,0x00028102,802003,0x8303,0x0115,66,22363,0000,-,00,00,11,7,7,-,01,01,0.0,0.0,340,340,1012,1012,-25.047806,-25.047806,-51.541768,-51.541768,0724,0004,85da,0f6ad116,0.0,0.4,0.4,0:05:53,2:18:41,-,-,0,-,,,,,04,1,00000000,00,10,,T,NA,0,,,139.0,NA_0
2025-10-05 06:13:57,2025-10-05 06:13:57,2025-10-05 06:11:41,2025-10-05 06:11:41,867488068383602,4975,GTERI,0x19fe3fbf,0x00028102,802003,0x8303,0x0115,66,22384,0000,-,00,00,11,5,5,-,01,01,0.0,0.0,340,340,1012,1012,-25.047806,-25.047806,-51.541768,-51.541768,0724,0004,85da,0f6ad116,0.0,0.4,0.4,0:05:53,2:18:41,-,-,0,-,,,,,04,1,00000000,00,10,,T,NA,0,,,136.0,NA_0
2025-10-05 07:13:57,2025-10-05 07:13:57,2025-10-05 07:12:05,2025-10-05 07:12:05,867488068383602,5006,GTERI,0x19fe3fbf,0x00028102,802003,0x8303,0x0115,66,22440,0000,-,00,00,11,5,5,-,01,01,0.0,0.0,340,340,1012,1012,-25.047806,-25.047806,-51.541768,-51.541768,0724,0004,85da,0f6ad116,0.0,0.4,0.4,0:05:53,2:18:41,-,-,0,-,,,,,04,1,00000000,00,10,,T,NA,0,,,112.0,NA_0
2025-10-05 08:13:57,2025-10-05 08:13:57,2025-10-05 08:11:39,2025-10-05 08:11:39,867488068383602,5037,GTERI,0x19fe3fbf,0x00028102,802003,0x8303,0x0115,66,22419,0000,-,00,00,11,7,7,-,01,01,0.0,0.0,340,340,1012,1012,-25.047806,-25.047806,-51.541768,-51.541768,0724,0004,85da,0f6ad116,0.0,0.4,0.4,0:05:53,2:18:41,-,-,0,-,,,,,04,1,00000000,00,10,,T,NA,0,,,138.0,NA_0
2025-10-05 09:13:57,2025-10-05 09:13:57,2025-10-05 09:11:49,2025-10-05 09:11:49,867488068383602,5068,GTERI,0x19fe3fbf,0x00028102,802003,0x8303,0x0115,66,22399,0000,-,00,00,11,6,6,-,01,01,0.0,0.0,340,340,1012,1012,-25.047806,-25.047806,-51.541768,-51.541768,0724,0004,85da,0f6ad116,0.0,0.4,0.4,0:05:53,2:18:41,-,-,0,-,,,,,04,1,00000000,00,10,,T,NA,0,,,128.0,NA_0
2025-10-05 10:13:58,2025-10-05 10:13:57,2025-10-05 10:11:53,2025-10-05 10:11:53,867488068383602,5099,GTERI,0x19fe3fbf,0x00028102,802003,0x8303,0x0115,67,22289,0000,-,00,00,11,5,5,-,01,01,0.0,0.0,340,340,1012,1012,-25.047806,-25.047806,-51.541768,-51.541768,0724,0004,85da,0f6ad116,0.0,0.4,0.4,0:05:53,2:18:41,-,-,0,-,,,,,04,1,00000000,00,10,,T,NA,0,,,124.0,NA_0
2025-10-05 11:13:57,2025-10-05 11:13:57,2025-10-05 11:11:53,2025-10-05 11:11:53,867488068383602,5130,GTERI,0x19fe3fbf,0x00028102,802003,0x8303,0x0115,67,22388,0000,-,00,00,11,6,6,-,01,01,0.0,0.0,340,340,1012,1012,-25.047806,-25.047806,-51.541768,-51.541768,0724,0004,85da,0f6ad116,0.0,0.4,0.4,0:05:53,2:18:41,-,-,0,-,,,,,04,1,00000000,00,10,,T,NA,0,,,124.0,NA_0
2025-10-05 12:13:57,2025-10-05 12:13:57,2025-10-05 12:11:37,2025-10-05 12:11:37,867488068383602,5161,GTERI,0x19fe3fbf,0x00028102,802003,0x8303,0x0115,66,22376,0000,-,00,00,11,5,5,-,01,01,0.0,0.0,340,340,1012,1012,-25.047806,-25.047806,-51.541768,-51.541768,0724,0004,85da,0f6ad116,0.0,0.4,0.4,0:05:53,2:18:41,-,-,0,-,,,,,04,1,00000000,00,10,,T,NA,0,,,140.0,NA_0
2025-10-05 13:13:57,2025-10-05 13:13:57,2025-10-05 13:11:53,2025-10-05 13:11:53,867488068383602,5193,GTERI,0x19fe3fbf,0x00028102,802003,0x8303,0x0115,66,22370,0000,-,00,00,11,5,5,-,01,01,0.0,0.0,340,340,1012,1012,-25.047806,-25.047806,-51.541768,-51.541768,0724,0004,85da,0f6ad116,0.0,0.4,0.4,0:05:53,2:18:41,-,-,0,-,,,,,04,1,00000000,00,10,,T,NA,0,,,124.0,NA_0
2025-10-05 14:13:57,2025-10-05 14:13:57,2025-10-05 14:11:44,2025-10-05 14:11:44,867488068383602,5224,GTERI,0x19fe3fbf,0x00028102,802003,0x8303,0x0115,67,22340,0000,-,00,00,11,5,5,-,01,01,0.0,0.0,340,340,1012,1012,-25.047806,-25.047806,-51.541768,-51.541768,0724,0004,85da,0f6ad116,0.0,0.4,0.4,0:05:53,2:18:41,-,-,0,-,,,,,04,1,00000000,00,10,,T,NA,0,,,133.0,NA_0
2025-10-05 15:13:57,2025-10-05 15:13:57,2025-10-05 15:11:42,2025-10-05 15:11:42,867488068383602,5255,GTERI,0x19fe3fbf,0x00028102,802003,0x8303,0x0115,67,22354,0000,-,00,00,11,4,4,-,01,01,0.0,0.0,340,340,1012,1012,-25.047806,-25.047806,-51.541768,-51.541768,0724,0004,85da,0f6ad116,0.0,0.4,0.4,0:05:53,2:18:41,-,-,0,-,,,,,04,1,00000000,00,10,,T,NA,0,,,135.0,NA_0
2025-10-05 16:13:57,2025-10-05 16:13:57,2025-10-05 16:11:52,2025-10-05 16:11:52,867488068383602,5286,GTERI,0x19fe3fbf,0x00028102,802003,0x8303,0x0115,67,22345,0000,-,00,00,11,6,6,-,01,01,0.0,0.0,340,340,1012,1012,-25.047806,-25.047806,-51.541768,-51.541768,0724,0004,85da,0f6ad116,0.0,0.4,0.4,0:05:53,2:18:41,-,-,0,-,,,,,04,1,00000000,00,10,,T,NA,0,,,125.0,NA_0
2025-10-05 17:13:57,2025-10-05 17:13:57,2025-10-05 17:11:38,2025-10-05 17:11:38,867488068383602,5317,GTERI,0x19fe3fbf,0x00028102,802003,0x8303,0x0115,67,22328,0000,-,00,00,11,6,6,-,01,01,0.0,0.0,340,340,1012,1012,-25.047806,-25.047806,-51.541768,-51.541768,0724,0004,85da,0f6ad116,0.0,0.4,0.4,0:05:53,2:18:41,-,-,0,-,,,,,04,1,00000000,00,10,,T,NA,0,,,139.0,NA_0
2025-10-05 18:13:57,2025-10-05 18:13:57,2025-10-05 18:11:45,2025-10-05 18:11:45,867488068383602,5348,GTERI,0x19fe3fbf,0x00028102,802003,0x8303,0x0115,68,22329,0000,-,00,00,11,6,6,-,01,01,0.0,0.0,340,340,1012,1012,-25.047806,-25.047806,-51.541768,-51.541768,0724,0004,85da,0f6ad116,0.0,0.4,0.4,0:05:53,2:18:41,-,-,0,-,,,,,04,1,00000000,00,10,,T,NA,0,,,132.0,NA_0
2025-10-05 19:13:57,2025-10-05 19:13:57,2025-10-05 19:12:00,2025-10-05 19:12:00,867488068383602,5379,GTERI,0x19fe3fbf,0x00028102,802003,0x8303,0x0115,68,22295,0000,-,00,00,11,5,5,-,01,01,0.0,0.0,340,340,1012,1012,-25.047806,-25.047806,-51.541768,-51.541768,0724,0004,85da,0f6ad116,0.0,0.4,0.4,0:05:53,2:18:41,-,-,0,-,,,,,04,1,00000000,00,10,,T,NA,0,,,117.0,NA_0
2025-10-05 20:13:57,2025-10-05 20:13:57,2025-10-05 20:11:35,2025-10-05 20:11:35,867488068383602,5410,GTERI,0x19fe3fbf,0x00028102,802003,0x8303,0x0115,68,22282,0000,-,00,00,11,8,8,-,01,01,0.0,0.0,340,340,1012,1012,-25.047806,-25.047806,-51.541768,-51.541768,0724,0004,85da,0f6ad116,0.0,0.4,0.4,0:05:53,2:18:41,-,-,0,-,,,,,04,1,00000000,00,10,,T,NA,0,,,142.0,NA_0
2025-10-05 21:13:57,2025-10-05 21:13:57,2025-10-05 21:11:37,2025-10-05 21:11:37,867488068383602,5441,GTERI,0x19fe3fbf,0x00028102,802003,0x8303,0x0115,69,22268,0000,-,00,00,11,5,5,-,01,01,0.0,0.0,340,340,1012,1012,-25.047806,-25.047806,-51.541768,-51.541768,0724,0004,85da,0f6ad116,0.0,0.4,0.4,0:05:53,2:18:41,-,-,0,-,,,,,04,1,00000000,00,10,,T,NA,0,,,140.0,NA_0
2025-10-05 22:13:57,2025-10-05 22:13:57,2025-10-05 22:11:35,2025-10-05 22:11:35,867488068383602,5472,GTERI,0x19fe3fbf,0x00028102,802003,0x8303,0x0115,69,22253,0000,-,00,00,11,4,4,-,01,01,0.0,0.0,340,340,1012,1012,-25.047806,-25.047806,-51.541768,-51.541768,0724,0004,85da,0f6ad116,0.0,0.4,0.4,0:05:53,2:18:41,-,-,0,-,,,,,04,1,00000000,00,10,,T,NA,0,,,142.0,NA_0
2025-10-05 23:13:57,2025-10-05 23:13:57,2025-10-05 23:11:59,2025-10-05 23:11:59,867488068383602,5503,GTERI,0x19fe3fbf,0x00028102,802003,0x8303,0x0115,69,22149,0000,-,00,00,11,5,5,-,01,01,0.0,0.0,340,340,1012,1012,-25.047806,-25.047806,-51.541768,-51.541768,0724,0004,85da,0f6ad116,0.0,0.4,0.4,0:05:53,2:18:41,-,-,0,-,,,,,04,1,00000000,00,10,,T,NA,0,,,118.0,NA_0
2025-10-06 00:13:57,2025-10-06 00:13:57,2025-10-06 00:11:53,2025-10-06 00:11:53,867488068383602,5534,GTERI,0x19fe3fbf,0x00028102,802003,0x8303,0x0115,69,22176,0000,-,00,00,11,6,6,-,01,01,0.0,0.0,340,340,1012,1012,-25.047806,-25.047806,-51.541768,-51.541768,0724,0004,85da,0f6ad116,0.0,0.4,0.4,0:05:53,2:18:41,-,-,0,-,,,,,04,1,00000000,00,10,,T,NA,0,,,124.0,NA_0
2025-10-06 01:13:57,2025-10-06 01:13:57,2025-10-06 01:11:37,2025-10-06 01:11:37,867488068383602,5565,GTERI,0x19fe3fbf,0x00028102,802003,0x8303,0x0115,69,22108,0000,-,00,00,11,5,5,-,01,01,0.0,0.0,340,340,1012,1012,-25.047806,-25.047806,-51.541768,-51.541768,0724,0004,85da,0f6ad116,0.0,0.4,0.4,0:05:53,2:18:41,-,-,0,-,,,,,04,1,00000000,00,10,,T,NA,0,,,140.0,NA_0
2025-10-06 02:13:58,2025-10-06 02:13:57,2025-10-06 02:11:53,2025-10-06 02:11:53,867488068383602,5596,GTERI,0x19fe3fbf,0x00028102,802003,0x8303,0x0115,70,21311,0000,-,00,00,11,6,6,-,01,01,0.0,0.0,340,340,1012,1012,-25.047806,-25.047806,-51.541768,-51.541768,0724,0004,85da,0f6ad116,0.0,0.4,0.4,0:05:53,2:18:41,-,-,0,-,,,,,04,1,00000000,00,10,,T,NA,0,,,124.0,NA_0
2025-10-06 03:13:57,2025-10-06 03:13:57,2025-10-06 03:11:53,2025-10-06 03:11:53,867488068383602,5627,GTERI,0x19fe3fbf,0x00028102,802003,0x8303,0x0115,70,20168,0000,-,00,00,11,6,6,-,01,01,0.0,0.0,340,340,1012,1012,-25.047806,-25.047806,-51.541768,-51.541768,0724,0004,85da,0f6ad116,0.0,0.4,0.4,0:05:53,2:18:41,-,-,0,-,,,,,04,1,00000000,00,10,,T,NA,0,,,124.0,NA_0
2025-10-06 04:13:57,2025-10-06 04:13:57,2025-10-06 04:11:36,2025-10-06 04:11:36,867488068383602,5658,GTERI,0x19fe3fbf,0x00028102,802003,0x8303,0x0115,70,20199,0000,-,00,00,11,5,5,-,01,01,0.0,0.0,340,340,1012,1012,-25.047806,-25.047806,-51.541768,-51.541768,0724,0004,85da,0f6ad116,0.0,0.4,0.4,0:05:53,2:18:41,-,-,0,-,,,,,04,1,00000000,00,10,,T,NA,0,,,141.0,NA_0
2025-10-06 05:13:57,2025-10-06 05:13:57,2025-10-06 05:12:01,2025-10-06 05:12:01,867488068383602,5689,GTERI,0x19fe3fbf,0x00028102,802003,0x8303,0x0115,70,20189,0000,-,00,00,11,8,8,-,01,01,0.0,0.0,340,340,1012,1012,-25.047806,-25.047806,-51.541768,-51.541768,0724,0004,85da,0f6ad116,0.0,0.4,0.4,0:05:53,2:18:41,-,-,0,-,,,,,04,1,00000000,00,10,,T,NA,0,,,116.0,NA_0
2025-10-06 06:13:57,2025-10-06 06:13:57,2025-10-06 06:11:50,2025-10-06 06:11:50,867488068383602,5720,GTERI,0x19fe3fbf,0x00028102,802003,0x8303,0x0115,70,20167,0000,-,00,00,11,5,5,-,01,01,0.0,0.0,340,340,1012,1012,-25.047806,-25.047806,-51.541768,-51.541768,0724,0004,85da,0f6ad116,0.0,0.4,0.4,0:05:53,2:18:41,-,-,0,-,,,,,04,1,00000000,00,10,,T,NA,0,,,127.0,NA_0
2025-10-06 07:13:57,2025-10-06 07:13:57,2025-10-06 07:11:48,2025-10-06 07:11:48,867488068383602,5751,GTERI,0x19fe3fbf,0x00028102,802003,0x8303,0x0115,71,20171,0000,-,00,00,11,6,6,-,01,01,0.0,0.0,340,340,1012,1012,-25.047806,-25.047806,-51.541768,-51.541768,0724,0004,85da,0f6ad116,0.0,0.4,0.4,0:05:53,2:18:41,-,-,0,-,,,,,04,1,00000000,00,10,,T,NA,0,,,129.0,NA_0
2025-10-06 08:13:57,2025-10-06 08:13:57,2025-10-06 08:11:35,2025-10-06 08:11:35,867488068383602,5782,GTERI,0x19fe3fbf,0x00028102,802003,0x8303,0x0115,71,20161,0000,-,00,00,11,5,5,-,01,01,0.0,0.0,340,340,1012,1012,-25.047806,-25.047806,-51.541768,-51.541768,0724,0004,85da,0f6ad116,0.0,0.4,0.4,0:05:53,2:18:41,-,-,0,-,,,,,04,1,00000000,00,10,,T,NA,0,,,142.0,NA_0
2025-10-06 08:31:32,2025-10-06 08:31:31,2025-10-06 08:11:35,2025-10-04 15:07:36,867488068383602,5793,GTIGN,0x19fe7fbf,,802003,0x8303,0x0115,71,20115,0000,0000,01,00,22,5,12,148949,00,01,0.0,10.7,340,79,1012,1007,-25.047806,-25.047818,-51.541768,-51.541921,0724,0004,85da,0f6ad116,0.0,0.4,0.4,0:00:00,2:18:41,-,-,0,-,,,,,,,,,,,X,NA,0,,,1196.0,NA_0
2025-10-06 08:31:32,2025-10-06 08:31:31,2025-10-06 08:11:35,2025-10-06 08:11:35,867488068383602,5794,GTSTT,0x19fe7fbf,,802003,0x8303,0x0115,71,20115,0000,0000,01,00,22,5,5,-,00,00,0.0,0.0,340,340,1012,1012,-25.047806,-25.047806,-51.541768,-51.541768,0724,0004,85da,0f6ad116,0.0,0.4,0.4,0:00:00,2:18:41,-,-,0,-,,,,,,,,,,,X,NA,0,,,1196.0,NA_0
2025-10-06 08:31:45,2025-10-06 08:31:45,2025-10-06 08:31:45,2025-10-06 08:31:45,867488068383602,5795,GTERI,0x19fe3fbf,0x00028102,802003,0x8303,0x0115,71,13201,0000,-,01,00,22,5,5,-,02,02,0.7,0.7,340,340,1066,1066,-25.047759,-25.047759,-51.54175,-51.54175,0724,0004,85da,0f6ad116,0.0,0.4,0.4,0:00:12,2:18:53,-,-,0,-,,,,,04,1,00000000,00,10,,T,NA,0,,,0.0,NA_0
2025-10-06 08:31:45,2025-10-06 08:31:45,2025-10-06 08:31:45,2025-10-06 08:31:45,867488068383602,5796,GTIGL,0x19fe7fbf,,802003,0x8303,0x0115,71,13201,0000,0000,01,00,22,5,5,-,02,02,0.7,0.7,340,340,1066,1066,-25.047759,-25.047759,-51.54175,-51.54175,0724,0004,85da,0f6ad116,0.0,0.4,0.4,0:00:12,2:18:53,-,-,0,-,,,,,,,,,00,,X,NA,0,,,0.0,NA_0
2025-10-06 08:32:01,2025-10-06 08:32:01,2025-10-06 08:32:01,2025-10-06 08:32:01,867488068383602,5797,GTIGF,0x19fe7fbf,,802003,0x8303,0x0115,71,12911,0000,0000,00,00,12,8,8,30,01,01,0.0,0.0,340,340,1068,1068,-25.047784,-25.047784,-51.541779,-51.541779,0724,0004,85da,0f6ad116,0.0,0.4,0.4,0:00:27,2:19:08,-,-,0,-,,,,,,,,,,,X,NA,0,,,0.0,NA_0
2025-10-06 08:32:02,2025-10-06 08:32:01,2025-10-06 08:32:01,2025-10-06 08:32:01,867488068383602,5798,GTSTT,0x19fe7fbf,,802003,0x8303,0x0115,71,12911,0000,0000,00,00,12,8,8,-,01,01,0.0,0.0,340,340,1068,1068,-25.047784,-25.047784,-51.541779,-51.541779,0724,0004,85da,0f6ad116,0.0,0.4,0.4,0:00:27,2:19:08,-,-,0,-,,,,,,,,,,,X,NA,0,,,0.0,NA_0
2025-10-06 08:32:03,2025-10-06 08:32:02,2025-10-06 08:32:02,2025-10-06 08:32:02,867488068383602,5799,GTIGL,0x19fe7fbf,,802003,0x8303,0x0115,71,12911,0000,0000,00,00,12,8,8,-,01,01,0.0,0.0,340,340,1068,1068,-25.047784,-25.047784,-51.541779,-51.541779,0724,0004,85da,0f6ad116,0.0,0.4,0.4,0:00:27,2:19:08,-,-,0,-,,,,,,,,,01,,X,NA,0,,,0.0,NA_0
2025-10-06 08:32:10,2025-10-06 08:32:09,2025-10-06 08:32:09,2025-10-06 08:31:57,867488068383602,5803,GTIGN,0x19fe7fbf,,802003,0x8303,0x0115,71,19756,0000,0000,01,00,22,7,5,8,01,02,0.0,1.1,340,340,1068,1068,-25.047784,-25.047784,-51.541779,-51.541779,0724,0004,85da,0f6ad116,0.0,0.4,0.4,0:00:00,2:19:08,-,-,0,-,,,,,,,,,,,X,NA,0,,,0.0,NA_0
2025-10-06 08:32:10,2025-10-06 08:32:09,2025-10-06 08:32:09,2025-10-06 08:32:09,867488068383602,5804,GTSTT,0x19fe7fbf,,802003,0x8303,0x0115,71,19756,0000,0000,01,00,22,7,7,-,01,01,0.0,0.0,340,340,1068,1068,-25.047784,-25.047784,-51.541779,-51.541779,0724,0004,85da,0f6ad116,0.0,0.4,0.4,0:00:00,2:19:08,-,-,0,-,,,,,,,,,,,X,NA,0,,,0.0,NA_0
2025-10-06 08:32:10,2025-10-06 08:32:10,2025-10-06 08:32:10,2025-10-06 08:32:10,867488068383602,5805,GTIGL,0x19fe7fbf,,802003,0x8303,0x0115,71,19689,0000,0000,01,00,22,10,10,-,01,01,0.0,0.0,340,340,1068,1068,-25.047784,-25.047784,-51.541779,-51.541779,0724,0004,85da,0f6ad116,0.0,0.4,0.4,0:00:00,2:19:08,-,-,0,-,,,,,,,,,00,,X,NA,0,,,0.0,NA_0
2025-10-06 08:34:38,2025-10-06 08:34:38,2025-10-06 08:34:36,2025-10-06 08:34:37,867488068383602,5808,GTERI,0x19fe3fbf,0x00028102,802003,0x8303,0x0115,70,27240,0000,-,01,00,22,12,12,-,01,01,0.0,0.0,340,340,1068,1068,-25.047784,-25.047784,-51.541779,-51.541779,0724,0004,85da,0f6ad116,0.0,0.4,0.4,0:02:27,2:21:35,-,-,0,-,,,,,04,1,00000000,00,10,,T,NA,0,,,2.0,NA_0
2025-10-06 08:35:10,2025-10-06 08:35:10,2025-10-06 08:35:10,2025-10-06 08:35:10,867488068383602,5809,GTBTC,0x19fe7fbf,,802003,0x8303,0x0115,71,27072,0000,0000,01,00,22,12,12,-,01,01,0.0,0.0,340,340,1068,1068,-25.047784,-25.047784,-51.541779,-51.541779,0724,0004,85da,0f6ad116,0.0,0.4,0.4,0:03:00,2:22:08,-,-,0,-,,,,,,,,,,,X,NA,0,,,0.0,NA_0
2025-10-06 08:37:38,2025-10-06 08:37:38,2025-10-06 08:37:36,2025-10-06 08:37:37,867488068383602,5817,GTERI,0x19fe3fbf,0x00028102,802003,0x8303,0x0115,94,27145,0000,-,01,00,22,12,12,-,01,01,0.0,0.0,340,340,1068,1068,-25.047784,-25.047784,-51.541779,-51.541779,0724,0004,85da,0f6ad116,0.0,0.4,0.4,0:05:27,2:24:35,-,-,0,-,,,,,04,1,00000000,00,10,,T,NA,0,,,2.0,NA_0
2025-10-06 08:40:35,2025-10-06 08:40:35,2025-10-06 08:40:34,2025-10-06 08:40:34,867488068383602,5820,GTIGF,0x19fe7fbf,,802003,0x8303,0x0115,96,27221,0000,0000,00,00,12,12,12,506,01,01,0.0,0.0,340,340,1051,1051,-25.047938,-25.047938,-51.542083,-51.542083,0724,0004,85da,0f6ad10a,0.0,0.4,0.4,0:08:24,2:27:32,-,-,0,-,,,,,,,,,,,X,NA,0,,,1.0,NA_0
2025-10-06 08:40:35,2025-10-06 08:40:35,2025-10-06 08:40:34,2025-10-06 08:40:34,867488068383602,5821,GTSTT,0x19fe7fbf,,802003,0x8303,0x0115,96,27221,0000,0000,00,00,12,12,12,-,01,01,0.0,0.0,340,340,1051,1051,-25.047938,-25.047938,-51.542083,-51.542083,0724,0004,85da,0f6ad10a,0.0,0.4,0.4,0:08:24,2:27:32,-,-,0,-,,,,,,,,,,,X,NA,0,,,1.0,NA_0
2025-10-06 08:40:36,2025-10-06 08:40:35,2025-10-06 08:40:35,2025-10-06 08:40:35,867488068383602,5822,GTIGL,0x19fe7fbf,,802003,0x8303,0x0115,96,27221,0000,0000,00,00,12,12,12,-,01,01,0.0,0.0,340,340,1051,1051,-25.047938,-25.047938,-51.542083,-51.542083,0724,0004,85da,0f6ad10a,0.0,0.4,0.4,0:08:24,2:27:32,-,-,0,-,,,,,,,,,01,,X,NA,0,,,0.0,NA_0
2025-10-06 08:40:37,2025-10-06 08:40:37,2025-10-06 08:40:36,2025-10-06 08:40:36,867488068383602,5823,GTSTC,0x19fe7fbf,,802003,0x8303,0x0115,96,25632,0000,0000,00,00,12,12,12,-,00,00,0.0,0.0,340,340,1051,1051,-25.047938,-25.047938,-51.542083,-51.542083,0724,0004,85da,0f6ad10a,0.0,0.4,0.4,0:08:24,2:27:32,-,-,0,-,,,,,,,,,,,X,NA,0,,,1.0,NA_0
2025-10-06 08:40:38,2025-10-06 08:40:38,2025-10-06 08:40:36,2025-10-06 08:40:36,867488068383602,5826,GTERI,0x19fe3fbf,0x00028102,802003,0x8303,0x0115,96,25632,0000,-,00,00,12,12,12,-,01,01,0.0,0.0,340,340,1051,1051,-25.047938,-25.047938,-51.542083,-51.542083,0724,0004,85da,0f6ad10a,0.0,0.4,0.4,0:08:24,2:27:32,-,-,0,-,,,,,04,3,00000000,00,10,,T,NA,0,,,2.0,NA_0
2025-10-06 08:40:59,2025-10-06 08:40:59,2025-10-06 08:40:58,2025-10-06 08:40:58,867488068383602,5827,GTSTT,0x19fe7fbf,,802003,0x8303,0x0115,92,25076,0000,0000,00,00,11,12,12,-,01,01,0.0,0.0,340,340,1051,1051,-25.047938,-25.047938,-51.542083,-51.542083,0724,0004,85da,0f6ad10a,0.0,0.4,0.4,0:08:24,2:27:32,-,-,0,-,,,,,,,,,,,X,NA,0,,,1.0,NA_0
2025-10-06 08:43:38,2025-10-06 08:43:38,2025-10-06 08:43:37,2025-10-06 08:43:37,867488068383602,5831,GTERI,0x19fe3fbf,0x00028102,802003,0x8303,0x0115,79,24795,0000,-,00,00,11,12,12,-,01,01,0.0,0.0,340,340,1051,1051,-25.047938,-25.047938,-51.542083,-51.542083,0724,0004,85da,0f6ad10a,0.0,0.4,0.4,0:08:24,2:27:32,-,-,0,-,,,,,04,3,00000000,00,10,,T,NA,0,,,1.0,NA_0
2025-10-06 08:45:35,2025-10-06 08:45:35,2025-10-06 08:45:35,2025-10-06 08:45:35,867488068383602,5833,GTERI,0x19fe3fbf,0x00028102,802003,0x8303,0x0115,78,24713,0000,-,00,00,11,12,12,-,01,01,0.0,0.0,340,340,1051,1051,-25.047938,-25.047938,-51.542083,-51.542083,0724,0004,85da,0f6ad10a,0.0,0.4,0.4,0:08:24,2:27:32,-,-,0,-,,,,,04,3,00000000,00,10,,T,NA,0,,,0.0,NA_0
2025-10-06 09:45:30,2025-10-06 09:45:30,2025-10-06 09:43:04,2025-10-06 09:43:04,867488068383602,5864,GTERI,0x19fe3fbf,0x00028102,802003,0x8303,0x0115,76,24466,0000,-,00,00,11,12,12,-,01,01,0.0,0.0,340,340,1051,1051,-25.047938,-25.047938,-51.542083,-51.542083,0724,0004,85da,0f6ad10a,0.0,0.4,0.4,0:08:24,2:27:32,-,-,0,-,,,,,04,3,00000000,00,10,,T,NA,0,,,146.0,NA_0
2025-10-06 10:45:30,2025-10-06 10:45:30,2025-10-06 10:43:04,2025-10-06 10:43:04,867488068383602,5895,GTERI,0x19fe3fbf,0x00028102,802003,0x8303,0x0115,76,24386,0000,-,00,00,11,12,12,-,01,01,0.0,0.0,340,340,1051,1051,-25.047938,-25.047938,-51.542083,-51.542083,0724,0004,85da,0f6ad10a,0.0,0.4,0.4,0:08:24,2:27:32,-,-,0,-,,,,,04,3,00000000,00,10,,T,NA,0,,,146.0,NA_0
2025-10-06 11:45:30,2025-10-06 11:45:30,2025-10-06 11:43:35,2025-10-06 11:43:35,867488068383602,5926,GTERI,0x19fe3fbf,0x00028102,802003,0x8303,0x0115,76,24308,0000,-,00,00,11,10,10,-,01,01,0.0,0.0,340,340,1051,1051,-25.047938,-25.047938,-51.542083,-51.542083,0724,0004,85da,0f6ad10a,0.0,0.4,0.4,0:08:24,2:27:32,-,-,0,-,,,,,04,3,00000000,00,10,,T,NA,0,,,115.0,NA_0
2025-10-06 12:45:30,2025-10-06 12:45:30,2025-10-06 12:43:05,2025-10-06 12:43:05,867488068383602,5957,GTERI,0x19fe3fbf,0x00028102,802003,0x8303,0x0115,77,24325,0000,-,00,00,11,10,10,-,01,01,0.0,0.0,340,340,1051,1051,-25.047938,-25.047938,-51.542083,-51.542083,0724,0004,85da,0f6ad10a,0.0,0.4,0.4,0:08:24,2:27:32,-,-,0,-,,,,,04,3,00000000,00,10,,T,NA,0,,,145.0,NA_0
2025-10-06 13:45:30,2025-10-06 13:45:30,2025-10-06 13:43:05,2025-10-06 13:43:05,867488068383602,5989,GTERI,0x19fe3fbf,0x00028102,802003,0x8303,0x0115,77,24279,0000,-,00,00,11,9,9,-,01,01,0.0,0.0,340,340,1051,1051,-25.047938,-25.047938,-51.542083,-51.542083,0724,0004,85da,0f6ad10a,0.0,0.4,0.4,0:08:24,2:27:32,-,-,0,-,,,,,04,3,00000000,00,10,,T,NA,0,,,145.0,NA_0
2025-10-06 14:45:30,2025-10-06 14:45:30,2025-10-06 14:43:23,2025-10-06 14:43:23,867488068383602,6020,GTERI,0x19fe3fbf,0x00028102,802003,0x8303,0x0115,77,24222,0000,-,00,00,11,4,4,-,01,01,0.0,0.0,340,340,1051,1051,-25.047938,-25.047938,-51.542083,-51.542083,0724,0004,85da,0f6ad10a,0.0,0.4,0.4,0:08:24,2:27:32,-,-,0,-,,,,,04,3,00000000,00,10,,T,NA,0,,,127.0,NA_0
