Data/Hora Inclusão,Data/Hora Evento,GNSS UTC Time,Tipo Dispositivo,IMEI,Sequência,Tipo Mensagem,Bateria Interna,ERI Mask,Protocol Version,Alimentação Externa,Input Status,Output Status,Motion Status,Duration Ign On,Duration Ign Off,Satélites,Precisão GNSS,MCC,MNC,LAC,Cell ID,Velocidade,Azimuth,Altitude,Latitude,Longitude,Hodômetro Total,Horímetro Total,CSQ RSSI,CSQ BER,RAT,BAND,ICCID,Ext. Pwr Supply,Charging,LED On,Timezone,Daylight Saving,Wave1 Output ID,Wave1 Output Active,BT Report Mask,BT Name,BT MAC Address,Peer Role,Peer Address Type,Driver ID,Login Status,MS GNSS Accuracy,Max Speed,MS Azimuth,MS Altitude,MS Longitude,MS Latitude,MS GNSS UTC Time,MS Satellite Number,MS Mileage,Position Report Type,Data/Hora Inclusão
2025-10-09 07:55:10,2025-10-09 07:55:10,2025-10-09 07:52:47,385349,862689070136657,1411,GTERI,4.09,00008200,698407,12640,80,00,11,,,10,2,0724,0005,A053,06901009,0.0,231,645.2,-23.296443,-51.201473,1.9,,25,0,2,28,,,,,,,,,,,,,,,,2,0.0,231,645.2,-51.201473,-23.296443,2025-10-09 07:52:47,10,1.9,10,2025-10-09 07:55:10
2025-10-09 08:00:34,2025-10-09 08:00:34,2025-10-09 07:52:47,385349,862689070136657,1412,GTIGN,4.09,,698407,12495,81,00,22,,50720,10,3,0724,0005,A053,06901009,0.0,231,645.2,-23.296443,-51.201473,1.9,,,,,,,,,,,,,,,,,,,,,,,,,,,,,,,2025-10-09 08:00:34
2025-10-09 08:00:57,2025-10-09 08:00:58,2025-10-09 08:00:56,385349,862689070136657,1414,GTERI,4.10,00008200,698407,13895,81,00,22,,,6,2,0724,0005,A053,06901009,10.9,3,605.6,-23.296432,-51.201548,1.9,,20,0,2,28,,,,,,,,,,,,,,,,2,10.9,3,605.6,-51.201548,-23.296432,2025-10-09 08:00:56,6,1.9,10,2025-10-09 08:00:57
2025-10-09 08:01:06,2025-10-09 08:01:06,2025-10-09 08:01:05,385349,862689070136657,1416,GTERI,4.12,00008200,698407,12640,80,00,12,,,10,1,0724,0005,A053,06901009,11.7,11,627.0,-23.296323,-51.201503,1.9,,20,0,2,28,,,,,,,,,,,,,,,,1,11.7,11,627.0,-51.201503,-23.296323,2025-10-09 08:01:05,10,1.9,10,2025-10-09 08:01:06
2025-10-09 08:01:06,2025-10-09 08:01:06,2025-10-09 08:01:04,385349,862689070136657,1415,GTIGF,4.12,,698407,14024,80,00,12,32,,9,0,0724,0005,A053,06901009,11.7,11,627.0,-23.296323,-51.201503,1.9,,,,,,,,,,,,,,,,,,,,,,,,,,,,,,,2025-10-09 08:01:06
2025-10-09 08:11:44,2025-10-09 08:11:44,2025-10-09 08:01:05,385349,862689070136657,1417,GTIGN,4.09,,698407,12463,81,00,22,,638,10,1,0724,0005,A053,06901009,11.7,11,627.0,-23.296323,-51.201503,1.9,,,,,,,,,,,,,,,,,,,,,,,,,,,,,,,2025-10-09 08:11:44
2025-10-09 08:11:54,2025-10-09 08:11:55,2025-10-09 08:11:53,385349,862689070136657,1419,GTERI,4.09,00008200,698407,12463,81,00,22,,,8,1,0724,0005,A053,06901009,0.4,286,607.6,-23.296378,-51.201517,1.9,,24,0,2,28,,,,,,,,,,,,,,,,1,0.4,286,607.6,-51.201517,-23.296378,2025-10-09 08:11:53,8,1.9,10,2025-10-09 08:11:54
2025-10-09 08:12:14,2025-10-09 08:12:14,2025-10-09 08:12:15,385349,862689070136657,1421,GTERI,4.11,00008200,698407,13919,80,00,12,,,14,1,0724,0005,A053,06901009,3.0,74,624.3,-23.296398,-51.201398,1.9,,22,0,2,28,,,,,,,,,,,,,,,,1,3.0,74,624.3,-51.201398,-23.296398,2025-10-09 08:12:15,14,1.9,10,2025-10-09 08:12:14
2025-10-09 08:12:14,2025-10-09 08:12:14,2025-10-09 08:12:14,385349,862689070136657,1420,GTIGF,4.11,,698407,13911,80,00,12,30,,13,0,0724,0005,A053,06901009,3.0,74,624.3,-23.296398,-51.201398,1.9,,,,,,,,,,,,,,,,,,,,,,,,,,,,,,,2025-10-09 08:12:14
2025-10-09 08:26:12,2025-10-09 08:26:12,2025-10-09 08:12:15,385349,862689070136657,1422,GTIGN,4.09,,698407,12455,81,00,22,,838,14,1,0724,0005,A053,06901009,3.0,74,624.3,-23.296398,-51.201398,1.9,,,,,,,,,,,,,,,,,,,,,,,,,,,,,,,2025-10-09 08:26:12
2025-10-09 08:26:23,2025-10-09 08:26:23,2025-10-09 08:26:23,385349,862689070136657,1424,GTERI,4.09,00008200,698407,12479,81,00,22,,,11,1,0724,0005,A053,06901009,1.9,326,624.4,-23.296387,-51.201503,1.9,,18,0,2,28,,,,,,,,,,,,,,,,1,1.9,326,624.4,-51.201503,-23.296387,2025-10-09 08:26:23,11,1.9,10,2025-10-09 08:26:23
2025-10-09 08:28:16,2025-10-09 08:28:18,2025-10-09 08:28:17,385349,862689070136657,1427,GTERI,4.19,00008200,698407,13187,80,00,12,,,12,1,0724,0005,A053,06901009,0.0,87,644.0,-23.296255,-51.201463,1.9,,17,0,2,28,,,,,,,,,,,,,,,,1,0.0,87,644.0,-51.201463,-23.296255,2025-10-09 08:28:17,12,1.9,10,2025-10-09 08:28:16
2025-10-09 08:28:16,2025-10-09 08:28:17,2025-10-09 08:28:14,385349,862689070136657,1426,GTIGF,4.19,,698407,13943,80,00,12,122,,12,0,0724,0005,A053,06901009,0.0,87,644.0,-23.296255,-51.201463,1.9,,,,,,,,,,,,,,,,,,,,,,,,,,,,,,,2025-10-09 08:28:16
2025-10-09 09:28:15,2025-10-09 09:28:16,2025-10-09 09:25:59,385349,862689070136657,1428,GTERI,4.06,00008200,698407,12616,80,00,11,,,8,1,0724,0005,A053,06901009,0.0,87,644.0,-23.296255,-51.201463,1.9,,22,0,2,28,,,,,,,,,,,,,,,,1,0.0,87,644.0,-51.201463,-23.296255,2025-10-09 09:25:59,8,1.9,10,2025-10-09 09:28:15
2025-10-09 09:43:50,2025-10-09 09:43:51,2025-10-09 09:25:59,385349,862689070136657,1429,GTIGN,4.06,,698407,12592,81,00,22,,4534,8,1,0724,0005,A053,06901009,0.0,87,644.0,-23.296255,-51.201463,1.9,,,,,,,,,,,,,,,,,,,,,,,,,,,,,,,2025-10-09 09:43:50
2025-10-09 09:44:21,2025-10-09 09:44:22,2025-10-09 09:44:22,385349,862689070136657,1431,GTERI,4.09,00008200,698407,12978,81,00,22,,,6,1,0724,0005,A053,06901009,10.1,56,653.5,-23.296342,-51.201337,1.9,,17,0,2,28,,,,,,,,,,,,,,,,1,10.1,56,653.5,-51.201337,-23.296342,2025-10-09 09:44:22,6,1.9,10,2025-10-09 09:44:21
2025-10-09 09:45:07,2025-10-09 09:45:03,,385349,862689070136657,1432,GTCRA,,,,,,,,,,,,,,,,,,,,,,,,,,,,,,,,,,,,,,,,,,,,,,,,,,,,2025-10-09 09:45:07
2025-10-09 09:45:08,2025-10-09 09:45:03,,385349,862689070136657,1434,GTCRD,,,,,,,,,,,,,,,,,,,,,,,,,,,,,,,,,,,,,,,,,,,,,,,,,,,,2025-10-09 09:45:08
2025-10-09 09:45:08,2025-10-09 09:45:03,,385349,862689070136657,1433,GTCRD,,,,,,,,,,,,,,,,,,,,,,,,,,,,,,,,,,,,,,,,,,,,,,,,,,,,2025-10-09 09:45:08
2025-10-09 09:45:09,2025-10-09 09:45:04,,385349,862689070136657,1436,GTCRD,,,,,,,,,,,,,,,,,,,,,,,,,,,,,,,,,,,,,,,,,,,,,,,,,,,,2025-10-09 09:45:09
2025-10-09 09:45:09,2025-10-09 09:45:03,,385349,862689070136657,1435,GTCRD,,,,,,,,,,,,,,,,,,,,,,,,,,,,,,,,,,,,,,,,,,,,,,,,,,,,2025-10-09 09:45:09
2025-10-09 09:45:10,2025-10-09 09:45:04,,385349,862689070136657,1438,GTCRD,,,,,,,,,,,,,,,,,,,,,,,,,,,,,,,,,,,,,,,,,,,,,,,,,,,,2025-10-09 09:45:10
2025-10-09 09:45:10,2025-10-09 09:45:04,,385349,862689070136657,1437,GTCRD,,,,,,,,,,,,,,,,,,,,,,,,,,,,,,,,,,,,,,,,,,,,,,,,,,,,2025-10-09 09:45:10
2025-10-09 09:45:11,2025-10-09 09:45:04,,385349,862689070136657,1440,GTCRD,,,,,,,,,,,,,,,,,,,,,,,,,,,,,,,,,,,,,,,,,,,,,,,,,,,,2025-10-09 09:45:11
2025-10-09 09:45:11,2025-10-09 09:45:04,,385349,862689070136657,1439,GTCRD,,,,,,,,,,,,,,,,,,,,,,,,,,,,,,,,,,,,,,,,,,,,,,,,,,,,2025-10-09 09:45:11
2025-10-09 09:45:12,2025-10-09 09:45:04,,385349,862689070136657,1442,GTCRD,,,,,,,,,,,,,,,,,,,,,,,,,,,,,,,,,,,,,,,,,,,,,,,,,,,,2025-10-09 09:45:12
2025-10-09 09:45:12,2025-10-09 09:45:04,,385349,862689070136657,1441,GTCRD,,,,,,,,,,,,,,,,,,,,,,,,,,,,,,,,,,,,,,,,,,,,,,,,,,,,2025-10-09 09:45:12
2025-10-09 09:45:13,2025-10-09 09:45:04,,385349,862689070136657,1444,GTCRD,,,,,,,,,,,,,,,,,,,,,,,,,,,,,,,,,,,,,,,,,,,,,,,,,,,,2025-10-09 09:45:13
2025-10-09 09:45:13,2025-10-09 09:45:04,,385349,862689070136657,1443,GTCRD,,,,,,,,,,,,,,,,,,,,,,,,,,,,,,,,,,,,,,,,,,,,,,,,,,,,2025-10-09 09:45:13
2025-10-09 09:45:14,2025-10-09 09:45:04,,385349,862689070136657,1446,GTCRD,,,,,,,,,,,,,,,,,,,,,,,,,,,,,,,,,,,,,,,,,,,,,,,,,,,,2025-10-09 09:45:14
2025-10-09 09:45:14,2025-10-09 09:45:04,,385349,862689070136657,1445,GTCRD,,,,,,,,,,,,,,,,,,,,,,,,,,,,,,,,,,,,,,,,,,,,,,,,,,,,2025-10-09 09:45:14
2025-10-09 09:45:15,2025-10-09 09:45:08,,385349,862689070136657,1448,GTCRD,,,,,,,,,,,,,,,,,,,,,,,,,,,,,,,,,,,,,,,,,,,,,,,,,,,,2025-10-09 09:45:15
2025-10-09 09:45:15,2025-10-09 09:45:04,,385349,862689070136657,1447,GTCRD,,,,,,,,,,,,,,,,,,,,,,,,,,,,,,,,,,,,,,,,,,,,,,,,,,,,2025-10-09 09:45:15
2025-10-09 09:45:16,2025-10-09 09:45:08,,385349,862689070136657,1450,GTCRD,,,,,,,,,,,,,,,,,,,,,,,,,,,,,,,,,,,,,,,,,,,,,,,,,,,,2025-10-09 09:45:16
2025-10-09 09:45:16,2025-10-09 09:45:08,,385349,862689070136657,1449,GTCRD,,,,,,,,,,,,,,,,,,,,,,,,,,,,,,,,,,,,,,,,,,,,,,,,,,,,2025-10-09 09:45:16
2025-10-09 09:45:17,2025-10-09 09:45:08,,385349,862689070136657,1452,GTCRD,,,,,,,,,,,,,,,,,,,,,,,,,,,,,,,,,,,,,,,,,,,,,,,,,,,,2025-10-09 09:45:17
2025-10-09 09:45:17,2025-10-09 09:45:08,,385349,862689070136657,1451,GTCRD,,,,,,,,,,,,,,,,,,,,,,,,,,,,,,,,,,,,,,,,,,,,,,,,,,,,2025-10-09 09:45:17
2025-10-09 09:45:18,2025-10-09 09:45:08,,385349,862689070136657,1454,GTCRD,,,,,,,,,,,,,,,,,,,,,,,,,,,,,,,,,,,,,,,,,,,,,,,,,,,,2025-10-09 09:45:18
2025-10-09 09:45:18,2025-10-09 09:45:08,,385349,862689070136657,1453,GTCRD,,,,,,,,,,,,,,,,,,,,,,,,,,,,,,,,,,,,,,,,,,,,,,,,,,,,2025-10-09 09:45:18
2025-10-09 09:45:19,2025-10-09 09:45:08,,385349,862689070136657,1456,GTCRD,,,,,,,,,,,,,,,,,,,,,,,,,,,,,,,,,,,,,,,,,,,,,,,,,,,,2025-10-09 09:45:19
2025-10-09 09:45:19,2025-10-09 09:45:08,,385349,862689070136657,1455,GTCRD,,,,,,,,,,,,,,,,,,,,,,,,,,,,,,,,,,,,,,,,,,,,,,,,,,,,2025-10-09 09:45:19
2025-10-09 09:45:20,2025-10-09 09:45:08,,385349,862689070136657,1458,GTCRD,,,,,,,,,,,,,,,,,,,,,,,,,,,,,,,,,,,,,,,,,,,,,,,,,,,,2025-10-09 09:45:20
2025-10-09 09:45:20,2025-10-09 09:45:08,,385349,862689070136657,1457,GTCRD,,,,,,,,,,,,,,,,,,,,,,,,,,,,,,,,,,,,,,,,,,,,,,,,,,,,2025-10-09 09:45:20
2025-10-09 09:45:21,2025-10-09 09:45:08,,385349,862689070136657,1460,GTCRD,,,,,,,,,,,,,,,,,,,,,,,,,,,,,,,,,,,,,,,,,,,,,,,,,,,,2025-10-09 09:45:21
2025-10-09 09:45:21,2025-10-09 09:45:08,,385349,862689070136657,1459,GTCRD,,,,,,,,,,,,,,,,,,,,,,,,,,,,,,,,,,,,,,,,,,,,,,,,,,,,2025-10-09 09:45:21
2025-10-09 09:45:22,2025-10-09 09:45:08,,385349,862689070136657,1462,GTCRD,,,,,,,,,,,,,,,,,,,,,,,,,,,,,,,,,,,,,,,,,,,,,,,,,,,,2025-10-09 09:45:22
2025-10-09 09:45:22,2025-10-09 09:45:08,,385349,862689070136657,1461,GTCRD,,,,,,,,,,,,,,,,,,,,,,,,,,,,,,,,,,,,,,,,,,,,,,,,,,,,2025-10-09 09:45:22
2025-10-09 09:45:23,2025-10-09 09:45:20,2025-10-09 09:45:19,385349,862689070136657,1464,GTERI,4.18,00008200,698407,13742,80,00,12,,,7,1,0724,0005,A053,06901009,0.0,133,643.7,-23.296530,-51.200660,2.0,,17,0,2,28,,,,,,,,,,,,,,,,1,0.0,133,643.7,-51.200660,-23.296530,2025-10-09 09:45:19,7,2.0,10,2025-10-09 09:45:23
2025-10-09 09:45:23,2025-10-09 09:45:19,2025-10-09 09:45:18,385349,862689070136657,1463,GTIGF,4.18,,698407,13742,80,00,12,88,,7,0,0724,0005,A053,06901009,0.0,133,643.7,-23.296530,-51.200660,2.0,,,,,,,,,,,,,,,,,,,,,,,,,,,,,,,2025-10-09 09:45:23
2025-10-09 09:46:22,2025-10-09 09:46:23,2025-10-09 09:45:19,385349,862689070136657,1465,GTIGN,4.11,,698407,12648,81,00,22,,64,7,1,0724,0005,A053,06901009,0.0,133,643.7,-23.296530,-51.200660,2.0,,,,,,,,,,,,,,,,,,,,,,,,,,,,,,,2025-10-09 09:46:22
2025-10-09 09:46:40,2025-10-09 09:46:42,2025-10-09 09:46:41,385349,862689070136657,1467,GTERI,4.10,00008200,698407,13919,81,00,22,,,7,1,0724,0005,A053,06901009,5.7,17,642.0,-23.296552,-51.200783,2.0,,19,0,2,28,,,,,,,,,,,,,,,,1,5.7,17,642.0,-51.200783,-23.296552,2025-10-09 09:46:41,7,2.0,10,2025-10-09 09:46:40
2025-10-09 09:47:20,2025-10-09 09:47:22,2025-10-09 09:47:21,385349,862689070136657,1469,GTERI,4.12,00008200,698407,13943,80,00,12,,,10,1,0724,0005,A053,06901009,0.0,262,646.2,-23.296408,-51.201480,2.1,,25,0,2,28,,,,,,,,,,,,,,,,1,0.0,262,646.2,-51.201480,-23.296408,2025-10-09 09:47:21,10,2.1,10,2025-10-09 09:47:20
2025-10-09 09:47:20,2025-10-09 09:47:21,2025-10-09 09:47:20,385349,862689070136657,1468,GTIGF,4.12,,698407,13951,80,00,12,58,,9,0,0724,0005,A053,06901009,0.0,262,646.2,-23.296408,-51.201480,2.1,,,,,,,,,,,,,,,,,,,,,,,,,,,,,,,2025-10-09 09:47:20
2025-10-09 09:48:28,2025-10-09 09:48:29,2025-10-09 09:47:21,385349,862689070136657,1470,GTIGN,4.11,,698407,12648,81,00,22,,68,10,1,0724,0005,A053,06901009,0.0,262,646.2,-23.296408,-51.201480,2.1,,,,,,,,,,,,,,,,,,,,,,,,,,,,,,,2025-10-09 09:48:28
2025-10-09 09:48:41,2025-10-09 09:48:43,2025-10-09 09:48:41,385349,862689070136657,1472,GTERI,4.11,00008200,698407,13895,81,00,22,,,6,3,0724,0005,A053,06901009,3.1,359,647.8,-23.301152,-51.205570,2.1,,19,0,2,28,,,,,,,,,,,,,,,,3,3.1,359,647.8,-51.205570,-23.301152,2025-10-09 09:48:41,6,2.1,10,2025-10-09 09:48:41
2025-10-09 09:51:06,2025-10-09 09:51:08,2025-10-09 09:51:05,385349,862689070136657,1475,GTERI,4.18,00008200,698407,13959,80,00,12,,,12,1,0724,0005,A053,06901009,0.0,281,634.6,-23.297067,-51.201307,2.2,,22,0,2,28,,,,,,,,,,,,,,,,1,0.0,281,634.6,-51.201307,-23.297067,2025-10-09 09:51:05,12,2.2,10,2025-10-09 09:51:06
2025-10-09 09:51:06,2025-10-09 09:51:07,2025-10-09 09:51:04,385349,862689070136657,1474,GTIGF,4.18,,698407,13959,80,00,12,158,,12,0,0724,0005,A053,06901009,0.0,281,634.6,-23.297067,-51.201307,2.2,,,,,,,,,,,,,,,,,,,,,,,,,,,,,,,2025-10-09 09:51:06
2025-10-09 09:51:56,2025-10-09 09:51:57,2025-10-09 09:51:05,385349,862689070136657,1476,GTIGN,4.15,,698407,12865,81,00,21,,50,12,1,0724,0005,A053,06901009,0.0,281,634.6,-23.297067,-51.201307,2.2,,,,,,,,,,,,,,,,,,,,,,,,,,,,,,,2025-10-09 09:51:56
2025-10-09 09:52:08,2025-10-09 09:52:10,2025-10-09 09:52:06,385349,862689070136657,1478,GTERI,4.15,00008200,698407,13935,81,00,22,,,9,1,0724,0005,A053,06901009,1.4,26,645.2,-23.297013,-51.201223,2.2,,18,0,2,28,,,,,,,,,,,,,,,,1,1.4,26,645.2,-51.201223,-23.297013,2025-10-09 09:52:06,9,2.2,10,2025-10-09 09:52:08
2025-10-09 09:52:24,2025-10-09 09:52:25,,385349,862689070136657,1479,GTCRA,,,,,,,,,,,,,,,,,,,,,,,,,,,,,,,,,,,,,,,,,,,,,,,,,,,,2025-10-09 09:52:24
2025-10-09 09:52:25,2025-10-09 09:52:25,,385349,862689070136657,1482,GTCRD,,,,,,,,,,,,,,,,,,,,,,,,,,,,,,,,,,,,,,,,,,,,,,,,,,,,2025-10-09 09:52:25
2025-10-09 09:52:25,2025-10-09 09:52:25,,385349,862689070136657,1481,GTCRD,,,,,,,,,,,,,,,,,,,,,,,,,,,,,,,,,,,,,,,,,,,,,,,,,,,,2025-10-09 09:52:25
2025-10-09 09:52:25,2025-10-09 09:52:25,,385349,862689070136657,1480,GTCRD,,,,,,,,,,,,,,,,,,,,,,,,,,,,,,,,,,,,,,,,,,,,,,,,,,,,2025-10-09 09:52:25
2025-10-09 09:52:26,2025-10-09 09:52:26,,385349,862689070136657,1484,GTCRD,,,,,,,,,,,,,,,,,,,,,,,,,,,,,,,,,,,,,,,,,,,,,,,,,,,,2025-10-09 09:52:26
2025-10-09 09:52:26,2025-10-09 09:52:26,,385349,862689070136657,1483,GTCRD,,,,,,,,,,,,,,,,,,,,,,,,,,,,,,,,,,,,,,,,,,,,,,,,,,,,2025-10-09 09:52:26
2025-10-09 09:52:27,2025-10-09 09:52:26,,385349,862689070136657,1486,GTCRD,,,,,,,,,,,,,,,,,,,,,,,,,,,,,,,,,,,,,,,,,,,,,,,,,,,,2025-10-09 09:52:27
2025-10-09 09:52:27,2025-10-09 09:52:26,,385349,862689070136657,1485,GTCRD,,,,,,,,,,,,,,,,,,,,,,,,,,,,,,,,,,,,,,,,,,,,,,,,,,,,2025-10-09 09:52:27
2025-10-09 09:52:28,2025-10-09 09:52:26,,385349,862689070136657,1487,GTCRD,,,,,,,,,,,,,,,,,,,,,,,,,,,,,,,,,,,,,,,,,,,,,,,,,,,,2025-10-09 09:52:28
2025-10-09 09:52:29,2025-10-09 09:52:26,,385349,862689070136657,1490,GTCRD,,,,,,,,,,,,,,,,,,,,,,,,,,,,,,,,,,,,,,,,,,,,,,,,,,,,2025-10-09 09:52:29
2025-10-09 09:52:29,2025-10-09 09:52:26,,385349,862689070136657,1489,GTCRD,,,,,,,,,,,,,,,,,,,,,,,,,,,,,,,,,,,,,,,,,,,,,,,,,,,,2025-10-09 09:52:29
2025-10-09 09:52:29,2025-10-09 09:52:26,,385349,862689070136657,1488,GTCRD,,,,,,,,,,,,,,,,,,,,,,,,,,,,,,,,,,,,,,,,,,,,,,,,,,,,2025-10-09 09:52:29
2025-10-09 09:52:30,2025-10-09 09:52:26,,385349,862689070136657,1492,GTCRD,,,,,,,,,,,,,,,,,,,,,,,,,,,,,,,,,,,,,,,,,,,,,,,,,,,,2025-10-09 09:52:30
2025-10-09 09:52:30,2025-10-09 09:52:26,,385349,862689070136657,1491,GTCRD,,,,,,,,,,,,,,,,,,,,,,,,,,,,,,,,,,,,,,,,,,,,,,,,,,,,2025-10-09 09:52:30
2025-10-09 09:52:31,2025-10-09 09:52:26,,385349,862689070136657,1494,GTCRD,,,,,,,,,,,,,,,,,,,,,,,,,,,,,,,,,,,,,,,,,,,,,,,,,,,,2025-10-09 09:52:31
2025-10-09 09:52:31,2025-10-09 09:52:26,,385349,862689070136657,1493,GTCRD,,,,,,,,,,,,,,,,,,,,,,,,,,,,,,,,,,,,,,,,,,,,,,,,,,,,2025-10-09 09:52:31
2025-10-09 09:52:32,2025-10-09 09:52:29,,385349,862689070136657,1496,GTCRD,,,,,,,,,,,,,,,,,,,,,,,,,,,,,,,,,,,,,,,,,,,,,,,,,,,,2025-10-09 09:52:32
2025-10-09 09:52:32,2025-10-09 09:52:29,,385349,862689070136657,1495,GTCRD,,,,,,,,,,,,,,,,,,,,,,,,,,,,,,,,,,,,,,,,,,,,,,,,,,,,2025-10-09 09:52:32
2025-10-09 09:52:33,2025-10-09 09:52:29,,385349,862689070136657,1498,GTCRD,,,,,,,,,,,,,,,,,,,,,,,,,,,,,,,,,,,,,,,,,,,,,,,,,,,,2025-10-09 09:52:33
2025-10-09 09:52:33,2025-10-09 09:52:29,,385349,862689070136657,1497,GTCRD,,,,,,,,,,,,,,,,,,,,,,,,,,,,,,,,,,,,,,,,,,,,,,,,,,,,2025-10-09 09:52:33
2025-10-09 09:52:34,2025-10-09 09:52:29,,385349,862689070136657,1500,GTCRD,,,,,,,,,,,,,,,,,,,,,,,,,,,,,,,,,,,,,,,,,,,,,,,,,,,,2025-10-09 09:52:34
2025-10-09 09:52:34,2025-10-09 09:52:29,,385349,862689070136657,1499,GTCRD,,,,,,,,,,,,,,,,,,,,,,,,,,,,,,,,,,,,,,,,,,,,,,,,,,,,2025-10-09 09:52:34
2025-10-09 09:52:35,2025-10-09 09:52:29,,385349,862689070136657,1501,GTCRD,,,,,,,,,,,,,,,,,,,,,,,,,,,,,,,,,,,,,,,,,,,,,,,,,,,,2025-10-09 09:52:35
2025-10-09 09:52:36,2025-10-09 09:52:30,,385349,862689070136657,1503,GTCRD,,,,,,,,,,,,,,,,,,,,,,,,,,,,,,,,,,,,,,,,,,,,,,,,,,,,2025-10-09 09:52:36
2025-10-09 09:52:36,2025-10-09 09:52:30,,385349,862689070136657,1502,GTCRD,,,,,,,,,,,,,,,,,,,,,,,,,,,,,,,,,,,,,,,,,,,,,,,,,,,,2025-10-09 09:52:36
2025-10-09 09:52:37,2025-10-09 09:52:30,,385349,862689070136657,1505,GTCRD,,,,,,,,,,,,,,,,,,,,,,,,,,,,,,,,,,,,,,,,,,,,,,,,,,,,2025-10-09 09:52:37
2025-10-09 09:52:37,2025-10-09 09:52:30,,385349,862689070136657,1504,GTCRD,,,,,,,,,,,,,,,,,,,,,,,,,,,,,,,,,,,,,,,,,,,,,,,,,,,,2025-10-09 09:52:37
2025-10-09 09:52:38,2025-10-09 09:52:30,,385349,862689070136657,1507,GTCRD,,,,,,,,,,,,,,,,,,,,,,,,,,,,,,,,,,,,,,,,,,,,,,,,,,,,2025-10-09 09:52:38
2025-10-09 09:52:38,2025-10-09 09:52:30,,385349,862689070136657,1506,GTCRD,,,,,,,,,,,,,,,,,,,,,,,,,,,,,,,,,,,,,,,,,,,,,,,,,,,,2025-10-09 09:52:38
2025-10-09 09:52:39,2025-10-09 09:52:30,,385349,862689070136657,1509,GTCRD,,,,,,,,,,,,,,,,,,,,,,,,,,,,,,,,,,,,,,,,,,,,,,,,,,,,2025-10-09 09:52:39
2025-10-09 09:52:39,2025-10-09 09:52:30,,385349,862689070136657,1508,GTCRD,,,,,,,,,,,,,,,,,,,,,,,,,,,,,,,,,,,,,,,,,,,,,,,,,,,,2025-10-09 09:52:39
2025-10-09 09:52:40,2025-10-09 09:52:42,2025-10-09 09:52:39,385349,862689070136657,1511,GTERI,4.15,00008200,698407,13919,80,00,12,,,8,1,0724,0005,A053,06901009,0.0,353,633.9,-23.296897,-51.201190,2.2,,19,0,2,28,,,,,,,,,,,,,,,,1,0.0,353,633.9,-51.201190,-23.296897,2025-10-09 09:52:39,8,2.2,10,2025-10-09 09:52:40
2025-10-09 09:52:40,2025-10-09 09:52:41,2025-10-09 09:52:38,385349,862689070136657,1510,GTIGF,4.15,,698407,13919,80,00,12,44,,8,0,0724,0005,A053,06901009,0.0,353,633.9,-23.296897,-51.201190,2.2,,,,,,,,,,,,,,,,,,,,,,,,,,,,,,,2025-10-09 09:52:40
2025-10-09 10:03:38,2025-10-09 10:03:39,2025-10-09 09:52:39,385349,862689070136657,1512,GTIGN,4.08,,698407,12704,81,00,21,,658,8,1,0724,0005,A053,06900A08,0.0,353,633.9,-23.296897,-51.201190,2.2,,,,,,,,,,,,,,,,,,,,,,,,,,,,,,,2025-10-09 10:03:38
2025-10-09 10:04:32,2025-10-09 10:04:33,2025-10-09 10:04:30,385349,862689070136657,1514,GTERI,4.12,00008200,698407,12036,81,00,21,,,6,1,0724,0005,A053,06901009,0.0,353,633.9,-23.296897,-51.201190,2.2,,19,0,2,28,,,,,,,,,,,,,,,,1,0.0,353,633.9,-51.201190,-23.296897,2025-10-09 10:04:30,6,2.2,10,2025-10-09 10:04:32
2025-10-09 10:07:30,2025-10-09 10:07:31,2025-10-09 10:07:25,385349,862689070136657,1516,GTERI,4.18,00008200,698407,12020,81,00,21,,,5,3,0724,0005,A053,06901009,0.0,17,606.7,-23.296892,-51.201125,2.2,,20,0,2,28,,,,,,,,,,,,,,,,1,8.0,12,615.4,-51.201057,-23.296927,2025-10-09 10:06:16,8,2.3,10,2025-10-09 10:07:30
2025-10-09 10:08:58,2025-10-09 10:09:00,2025-10-09 10:08:58,385349,862689070136657,1519,GTERI,4.18,00008200,698407,12318,80,00,12,,,8,1,0724,0005,A053,06901009,3.7,184,587.9,-23.296615,-51.201167,2.3,,19,0,2,28,,,,,,,,,,,,,,,,1,3.7,184,587.9,-51.201167,-23.296615,2025-10-09 10:08:58,8,2.3,10,2025-10-09 10:08:58
2025-10-09 10:08:58,2025-10-09 10:08:59,2025-10-09 10:08:57,385349,862689070136657,1518,GTIGF,4.18,,698407,12141,80,00,12,320,,8,0,0724,0005,A053,06901009,3.7,184,587.9,-23.296615,-51.201167,2.3,,,,,,,,,,,,,,,,,,,,,,,,,,,,,,,2025-10-09 10:08:58
2025-10-09 10:11:04,2025-10-09 10:11:05,2025-10-09 10:08:58,385349,862689070136657,1520,GTIGN,4.11,,698407,12535,81,00,21,,126,8,1,0724,0005,A053,06901009,3.7,184,587.9,-23.296615,-51.201167,2.3,,,,,,,,,,,,,,,,,,,,,,,,,,,,,,,2025-10-09 10:11:04
2025-10-09 10:11:36,2025-10-09 10:11:32,2025-10-09 10:11:30,385349,862689070136657,1522,GTERI,4.11,00008200,698407,13959,81,00,22,,,8,1,0724,0005,A053,06901009,5.1,187,588.3,-23.296562,-51.200887,2.3,,22,0,2,28,,,,,,,,,,,,,,,,1,5.1,187,588.3,-51.200887,-23.296562,2025-10-09 10:11:30,8,2.3,10,2025-10-09 10:11:36
2025-10-09 10:12:10,2025-10-09 10:12:12,2025-10-09 10:12:10,385349,862689070136657,1524,GTERI,4.15,00008200,698407,13927,80,00,12,,,14,1,0724,0005,A053,06901009,0.0,122,588.8,-23.297012,-51.201332,2.3,,21,0,2,28,,,,,,,,,,,,,,,,1,0.0,122,588.8,-51.201332,-23.297012,2025-10-09 10:12:10,14,2.3,10,2025-10-09 10:12:10
2025-10-09 10:12:10,2025-10-09 10:12:11,2025-10-09 10:12:09,385349,862689070136657,1523,GTIGF,4.15,,698407,13951,80,00,12,66,,14,0,0724,0005,A053,06901009,0.0,122,588.8,-23.297012,-51.201332,2.3,,,,,,,,,,,,,,,,,,,,,,,,,,,,,,,2025-10-09 10:12:10
2025-10-09 10:14:26,2025-10-09 10:14:27,2025-10-09 10:12:10,385349,862689070136657,1525,GTIGN,4.11,,698407,12559,81,00,22,,136,14,1,0724,0005,A053,06901009,0.0,122,588.8,-23.297012,-51.201332,2.3,,,,,,,,,,,,,,,,,,,,,,,,,,,,,,,2025-10-09 10:14:26
2025-10-09 10:14:35,2025-10-09 10:14:36,2025-10-09 10:14:34,385349,862689070136657,1527,GTERI,4.11,00008200,698407,13919,81,00,22,,,12,1,0724,0005,A053,06901009,3.1,267,589.1,-23.297103,-51.201440,2.3,,20,0,2,28,,,,,,,,,,,,,,,,1,3.1,267,589.1,-51.201440,-23.297103,2025-10-09 10:14:34,12,2.3,10,2025-10-09 10:14:35
2025-10-09 10:17:35,2025-10-09 10:17:36,2025-10-09 10:17:30,385349,862689070136657,1529,GTERI,4.18,00008200,698407,13927,81,00,22,,,12,1,0724,0005,A053,06901009,14.3,132,613.2,-23.297355,-51.203228,4.0,,26,0,2,28,,,,,,,,,,,,,,,,1,83.8,286,607.4,-51.205923,-23.296333,2025-10-09 10:15:44,10,2.8,10,2025-10-09 10:17:35
2025-10-09 10:18:26,2025-10-09 10:18:27,,385349,862689070136657,1531,GTCRA,,,,,,,,,,,,,,,,,,,,,,,,,,,,,,,,,,,,,,,,,,,,,,,,,,,,2025-10-09 10:18:26
2025-10-09 10:18:27,2025-10-09 10:18:27,,385349,862689070136657,1533,GTCRD,,,,,,,,,,,,,,,,,,,,,,,,,,,,,,,,,,,,,,,,,,,,,,,,,,,,2025-10-09 10:18:27
2025-10-09 10:18:27,2025-10-09 10:18:27,,385349,862689070136657,1532,GTCRD,,,,,,,,,,,,,,,,,,,,,,,,,,,,,,,,,,,,,,,,,,,,,,,,,,,,2025-10-09 10:18:27
2025-10-09 10:18:28,2025-10-09 10:18:28,,385349,862689070136657,1535,GTCRD,,,,,,,,,,,,,,,,,,,,,,,,,,,,,,,,,,,,,,,,,,,,,,,,,,,,2025-10-09 10:18:28
2025-10-09 10:18:28,2025-10-09 10:18:27,,385349,862689070136657,1534,GTCRD,,,,,,,,,,,,,,,,,,,,,,,,,,,,,,,,,,,,,,,,,,,,,,,,,,,,2025-10-09 10:18:28
2025-10-09 10:18:29,2025-10-09 10:18:28,,385349,862689070136657,1537,GTCRD,,,,,,,,,,,,,,,,,,,,,,,,,,,,,,,,,,,,,,,,,,,,,,,,,,,,2025-10-09 10:18:29
2025-10-09 10:18:29,2025-10-09 10:18:28,,385349,862689070136657,1536,GTCRD,,,,,,,,,,,,,,,,,,,,,,,,,,,,,,,,,,,,,,,,,,,,,,,,,,,,2025-10-09 10:18:29
2025-10-09 10:18:30,2025-10-09 10:18:28,,385349,862689070136657,1539,GTCRD,,,,,,,,,,,,,,,,,,,,,,,,,,,,,,,,,,,,,,,,,,,,,,,,,,,,2025-10-09 10:18:30
2025-10-09 10:18:30,2025-10-09 10:18:28,,385349,862689070136657,1538,GTCRD,,,,,,,,,,,,,,,,,,,,,,,,,,,,,,,,,,,,,,,,,,,,,,,,,,,,2025-10-09 10:18:30
2025-10-09 10:18:31,2025-10-09 10:18:28,,385349,862689070136657,1540,GTCRD,,,,,,,,,,,,,,,,,,,,,,,,,,,,,,,,,,,,,,,,,,,,,,,,,,,,2025-10-09 10:18:31
2025-10-09 10:18:32,2025-10-09 10:18:28,,385349,862689070136657,1543,GTCRD,,,,,,,,,,,,,,,,,,,,,,,,,,,,,,,,,,,,,,,,,,,,,,,,,,,,2025-10-09 10:18:32
2025-10-09 10:18:32,2025-10-09 10:18:28,,385349,862689070136657,1542,GTCRD,,,,,,,,,,,,,,,,,,,,,,,,,,,,,,,,,,,,,,,,,,,,,,,,,,,,2025-10-09 10:18:32
2025-10-09 10:18:32,2025-10-09 10:18:28,,385349,862689070136657,1541,GTCRD,,,,,,,,,,,,,,,,,,,,,,,,,,,,,,,,,,,,,,,,,,,,,,,,,,,,2025-10-09 10:18:32
2025-10-09 10:18:34,2025-10-09 10:18:28,,385349,862689070136657,1546,GTCRD,,,,,,,,,,,,,,,,,,,,,,,,,,,,,,,,,,,,,,,,,,,,,,,,,,,,2025-10-09 10:18:34
2025-10-09 10:18:34,2025-10-09 10:18:28,,385349,862689070136657,1545,GTCRD,,,,,,,,,,,,,,,,,,,,,,,,,,,,,,,,,,,,,,,,,,,,,,,,,,,,2025-10-09 10:18:34
2025-10-09 10:18:34,2025-10-09 10:18:28,,385349,862689070136657,1544,GTCRD,,,,,,,,,,,,,,,,,,,,,,,,,,,,,,,,,,,,,,,,,,,,,,,,,,,,2025-10-09 10:18:34
2025-10-09 10:18:35,2025-10-09 10:18:32,,385349,862689070136657,1548,GTCRD,,,,,,,,,,,,,,,,,,,,,,,,,,,,,,,,,,,,,,,,,,,,,,,,,,,,2025-10-09 10:18:35
2025-10-09 10:18:35,2025-10-09 10:18:32,,385349,862689070136657,1547,GTCRD,,,,,,,,,,,,,,,,,,,,,,,,,,,,,,,,,,,,,,,,,,,,,,,,,,,,2025-10-09 10:18:35
2025-10-09 10:18:36,2025-10-09 10:18:32,,385349,862689070136657,1550,GTCRD,,,,,,,,,,,,,,,,,,,,,,,,,,,,,,,,,,,,,,,,,,,,,,,,,,,,2025-10-09 10:18:36
2025-10-09 10:18:36,2025-10-09 10:18:32,,385349,862689070136657,1549,GTCRD,,,,,,,,,,,,,,,,,,,,,,,,,,,,,,,,,,,,,,,,,,,,,,,,,,,,2025-10-09 10:18:36
2025-10-09 10:18:37,2025-10-09 10:18:32,,385349,862689070136657,1552,GTCRD,,,,,,,,,,,,,,,,,,,,,,,,,,,,,,,,,,,,,,,,,,,,,,,,,,,,2025-10-09 10:18:37
2025-10-09 10:18:37,2025-10-09 10:18:32,,385349,862689070136657,1551,GTCRD,,,,,,,,,,,,,,,,,,,,,,,,,,,,,,,,,,,,,,,,,,,,,,,,,,,,2025-10-09 10:18:37
2025-10-09 10:18:38,2025-10-09 10:18:32,,385349,862689070136657,1554,GTCRD,,,,,,,,,,,,,,,,,,,,,,,,,,,,,,,,,,,,,,,,,,,,,,,,,,,,2025-10-09 10:18:38
2025-10-09 10:18:38,2025-10-09 10:18:32,,385349,862689070136657,1553,GTCRD,,,,,,,,,,,,,,,,,,,,,,,,,,,,,,,,,,,,,,,,,,,,,,,,,,,,2025-10-09 10:18:38
2025-10-09 10:18:39,2025-10-09 10:18:32,,385349,862689070136657,1556,GTCRD,,,,,,,,,,,,,,,,,,,,,,,,,,,,,,,,,,,,,,,,,,,,,,,,,,,,2025-10-09 10:18:39
2025-10-09 10:18:39,2025-10-09 10:18:32,,385349,862689070136657,1555,GTCRD,,,,,,,,,,,,,,,,,,,,,,,,,,,,,,,,,,,,,,,,,,,,,,,,,,,,2025-10-09 10:18:39
2025-10-09 10:18:40,2025-10-09 10:18:32,,385349,862689070136657,1558,GTCRD,,,,,,,,,,,,,,,,,,,,,,,,,,,,,,,,,,,,,,,,,,,,,,,,,,,,2025-10-09 10:18:40
2025-10-09 10:18:40,2025-10-09 10:18:32,,385349,862689070136657,1557,GTCRD,,,,,,,,,,,,,,,,,,,,,,,,,,,,,,,,,,,,,,,,,,,,,,,,,,,,2025-10-09 10:18:40
2025-10-09 10:18:41,2025-10-09 10:18:32,,385349,862689070136657,1560,GTCRD,,,,,,,,,,,,,,,,,,,,,,,,,,,,,,,,,,,,,,,,,,,,,,,,,,,,2025-10-09 10:18:41
2025-10-09 10:18:41,2025-10-09 10:18:32,,385349,862689070136657,1559,GTCRD,,,,,,,,,,,,,,,,,,,,,,,,,,,,,,,,,,,,,,,,,,,,,,,,,,,,2025-10-09 10:18:41
2025-10-09 10:18:42,2025-10-09 10:18:43,2025-10-09 10:18:41,385349,862689070136657,1562,GTIGF,4.18,,698407,12833,80,00,12,256,,8,0,0724,0005,A053,06901009,0.0,53,619.1,-23.297443,-51.203053,4.0,,,,,,,,,,,,,,,,,,,,,,,,,,,,,,,2025-10-09 10:18:42
2025-10-09 10:18:42,2025-10-09 10:18:32,,385349,862689070136657,1561,GTCRD,,,,,,,,,,,,,,,,,,,,,,,,,,,,,,,,,,,,,,,,,,,,,,,,,,,,2025-10-09 10:18:42
2025-10-09 10:18:43,2025-10-09 10:18:44,2025-10-09 10:18:42,385349,862689070136657,1563,GTERI,4.18,00008200,698407,12704,80,00,12,,,8,1,0724,0005,A053,06901009,0.0,53,619.1,-23.297443,-51.203053,4.0,,23,0,2,28,,,,,,,,,,,,,,,,1,0.0,53,619.1,-51.203053,-23.297443,2025-10-09 10:18:42,8,4.0,10,2025-10-09 10:18:43
2025-10-09 10:22:23,2025-10-09 10:22:19,2025-10-09 10:18:42,385349,862689070136657,1564,GTIGN,4.12,,698407,12817,81,00,22,,216,8,1,0724,0005,A053,06901009,0.0,53,619.1,-23.297443,-51.203053,4.0,,,,,,,,,,,,,,,,,,,,,,,,,,,,,,,2025-10-09 10:22:23
2025-10-09 10:22:49,2025-10-09 10:22:46,2025-10-09 10:22:44,385349,862689070136657,1566,GTERI,4.13,00008200,698407,13597,81,00,22,,,9,1,0724,0005,A053,06901009,2.3,104,621.4,-23.297445,-51.202805,4.0,,23,0,2,28,,,,,,,,,,,,,,,,1,2.3,104,621.4,-51.202805,-23.297445,2025-10-09 10:22:44,9,4.0,10,2025-10-09 10:22:49
2025-10-09 10:24:19,2025-10-09 10:24:21,,385349,862689070136657,1567,GTASC,,,,,,,,,,,,,,,,,,,,,,,,,,,,,,,,,,,,,,,,,,,,,,,,,,,,2025-10-09 10:24:19
2025-10-09 10:25:40,2025-10-09 10:25:41,2025-10-09 10:25:35,385349,862689070136657,1569,GTERI,4.19,00008200,698407,13976,81,00,22,,,12,1,0724,0005,9C6B,0690BC0A,47.4,103,597.4,-23.300363,-51.187000,5.7,,27,0,2,28,,,,,,,,,,,,,,,,1,58.2,97,602.9,-51.195222,-23.298265,2025-10-09 10:23:59,13,4.8,10,2025-10-09 10:25:40
2025-10-09 10:26:28,2025-10-09 10:26:30,,385349,862689070136657,1571,GTASC,,,,,,,,,,,,,,,,,,,,,,,,,,,,,,,,,,,,,,,,,,,,,,,,,,,,2025-10-09 10:26:28
2025-10-09 10:26:30,2025-10-09 10:26:32,,385349,862689070136657,1572,GTASC,,,,,,,,,,,,,,,,,,,,,,,,,,,,,,,,,,,,,,,,,,,,,,,,,,,,2025-10-09 10:26:30
2025-10-09 10:28:11,2025-10-09 10:28:13,,385349,862689070136657,1573,GTASC,,,,,,,,,,,,,,,,,,,,,,,,,,,,,,,,,,,,,,,,,,,,,,,,,,,,2025-10-09 10:28:11
2025-10-09 10:28:40,2025-10-09 10:28:41,2025-10-09 10:28:35,385349,862689070136657,1575,GTERI,4.19,00008200,698407,13951,81,00,22,,,12,1,0724,0005,9C6B,0690BC08,0.0,100,612.0,-23.302022,-51.173985,7.0,,25,0,2,28,,,,,,,,,,,,,,,,1,56.2,100,604.7,-51.175710,-23.301820,2025-10-09 10:27:58,11,6.9,10,2025-10-09 10:28:40
2025-10-09 10:31:40,2025-10-09 10:31:41,2025-10-09 10:31:35,385349,862689070136657,1577,GTERI,4.19,00008200,698407,13984,81,00,22,,,14,1,0724,0005,9C6B,0692FA09,39.3,104,570.6,-23.298527,-51.170380,7.9,,31,0,2,28,,,,,,,,,,,,,,,,1,51.2,359,606.6,-51.173470,-23.300510,2025-10-09 10:29:37,11,7.3,10,2025-10-09 10:31:40
2025-10-09 10:31:55,2025-10-09 10:31:57,,385349,862689070136657,1578,GTASC,,,,,,,,,,,,,,,,,,,,,,,,,,,,,,,,,,,,,,,,,,,,,,,,,,,,2025-10-09 10:31:55
2025-10-09 10:32:50,2025-10-09 10:32:52,2025-10-09 10:32:50,385349,862689070136657,1581,GTERI,4.19,00008200,698407,12986,80,00,12,,,15,1,0724,0005,9C6B,0690030A,0.0,189,542.9,-23.300052,-51.166362,8.3,,23,0,2,28,,,,,,,,,,,,,,,,1,0.0,189,542.9,-51.166362,-23.300052,2025-10-09 10:32:50,15,8.3,10,2025-10-09 10:32:50
2025-10-09 10:32:50,2025-10-09 10:32:51,2025-10-09 10:32:49,385349,862689070136657,1580,GTIGF,4.19,,698407,13943,80,00,12,632,,15,0,0724,0005,9C6B,0690030A,0.0,189,542.9,-23.300052,-51.166362,8.3,,,,,,,,,,,,,,,,,,,,,,,,,,,,,,,2025-10-09 10:32:50
2025-10-09 11:32:50,2025-10-09 11:32:51,2025-10-09 11:30:28,385349,862689070136657,1582,GTERI,4.08,00008200,698407,12873,80,00,11,,,11,1,0724,0005,9C6B,0692FA09,0.0,189,542.9,-23.300052,-51.166362,8.3,,27,0,2,28,,,,,,,,,,,,,,,,1,0.0,189,542.9,-51.166362,-23.300052,2025-10-09 11:30:28,11,8.3,10,2025-10-09 11:32:50
2025-10-09 11:59:16,2025-10-09 11:59:17,2025-10-09 11:30:28,385349,862689070136657,1583,GTIGN,4.07,,698407,12688,81,00,22,,5186,11,1,0724,0005,9C6B,0692FA09,0.0,189,542.9,-23.300052,-51.166362,8.3,,,,,,,,,,,,,,,,,,,,,,,,,,,,,,,2025-10-09 11:59:16
2025-10-09 11:59:27,2025-10-09 11:59:29,2025-10-09 11:59:27,385349,862689070136657,1585,GTERI,4.07,00008200,698407,13903,81,00,22,,,10,1,0724,0005,9C6B,0692FA09,1.6,240,615.6,-23.300087,-51.166340,8.3,,22,0,2,28,,,,,,,,,,,,,,,,1,1.6,240,615.6,-51.166340,-23.300087,2025-10-09 11:59:27,10,8.3,10,2025-10-09 11:59:27
2025-10-09 12:02:05,2025-10-09 12:02:07,,385349,862689070136657,1587,GTASC,,,,,,,,,,,,,,,,,,,,,,,,,,,,,,,,,,,,,,,,,,,,,,,,,,,,2025-10-09 12:02:05
2025-10-09 12:02:25,2025-10-09 12:02:26,2025-10-09 12:02:20,385349,862689070136657,1588,GTERI,4.18,00008200,698407,13951,81,00,22,,,11,1,0724,0005,9C6B,0690030A,22.6,183,578.3,-23.301255,-51.167398,8.6,,24,0,2,28,,,,,,,,,,,,,,,,1,35.3,268,587.5,-51.166807,-23.300767,2025-10-09 12:01:58,14,8.5,10,2025-10-09 12:02:25
2025-10-09 12:02:44,2025-10-09 12:02:46,,385349,862689070136657,1589,GTASC,,,,,,,,,,,,,,,,,,,,,,,,,,,,,,,,,,,,,,,,,,,,,,,,,,,,2025-10-09 12:02:44
2025-10-09 12:04:12,2025-10-09 12:04:14,,385349,862689070136657,1591,GTASC,,,,,,,,,,,,,,,,,,,,,,,,,,,,,,,,,,,,,,,,,,,,,,,,,,,,2025-10-09 12:04:12
2025-10-09 12:05:25,2025-10-09 12:05:26,2025-10-09 12:05:20,385349,862689070136657,1593,GTERI,4.19,00008200,698407,13959,81,00,22,,,15,1,0724,0005,9C6B,0690BC0A,43.8,271,599.8,-23.297007,-51.183148,10.4,,27,0,2,28,,,,,,,,,,,,,,,,1,54.9,294,595.6,-51.179607,-23.297825,2025-10-09 12:04:34,14,10.0,10,2025-10-09 12:05:25
2025-10-09 12:07:02,2025-10-09 12:07:04,,385349,862689070136657,1594,GTASC,,,,,,,,,,,,,,,,,,,,,,,,,,,,,,,,,,,,,,,,,,,,,,,,,,,,2025-10-09 12:07:02
2025-10-09 12:07:38,2025-10-09 12:07:39,,385349,862689070136657,1596,GTASC,,,,,,,,,,,,,,,,,,,,,,,,,,,,,,,,,,,,,,,,,,,,,,,,,,,,2025-10-09 12:07:38
2025-10-09 12:07:38,2025-10-09 12:07:39,,385349,862689070136657,1596,GTASC,,,,,,,,,,,,,,,,,,,,,,,,,,,,,,,,,,,,,,,,,,,,,,,,,,,,2025-10-09 12:07:38
2025-10-09 12:08:26,2025-10-09 12:08:26,2025-10-09 12:08:20,385349,862689070136657,1597,GTERI,4.19,00008200,698407,13967,81,00,22,,,15,1,0724,0005,A053,06900D08,40.0,223,592.0,-23.300358,-51.193673,11.8,,28,0,2,28,,,,,,,,,,,,,,,,1,50.5,271,599.7,-51.184880,-23.296970,2025-10-09 12:05:33,15,10.5,10,2025-10-09 12:08:26
2025-10-09 12:11:20,2025-10-09 12:11:22,,385349,862689070136657,1600,GTASC,,,,,,,,,,,,,,,,,,,,,,,,,,,,,,,,,,,,,,,,,,,,,,,,,,,,2025-10-09 12:11:20
2025-10-09 12:11:25,2025-10-09 12:11:26,2025-10-09 12:11:20,385349,862689070136657,1601,GTERI,4.19,00008200,698407,13895,81,00,22,,,13,1,0724,0005,A053,06900908,15.6,226,601.7,-23.309808,-51.203772,13.3,,19,0,2,28,,,,,,,,,,,,,,,,1,48.2,223,619.7,-51.200808,-23.307063,2025-10-09 12:10:42,15,12.9,10,2025-10-09 12:11:25
2025-10-09 12:14:26,2025-10-09 12:14:26,2025-10-09 12:14:20,385349,862689070136657,1603,GTERI,4.19,00008200,698407,13976,81,00,22,,,16,1,0724,0005,A053,06900909,27.7,249,625.1,-23.318598,-51.213218,14.7,,23,0,2,28,,,,,,,,,,,,,,,,1,68.0,225,615.7,-51.212623,-23.318093,2025-10-09 12:14:13,15,14.6,10,2025-10-09 12:14:26
2025-10-09 12:14:41,2025-10-09 12:14:43,,385349,862689070136657,1604,GTASC,,,,,,,,,,,,,,,,,,,,,,,,,,,,,,,,,,,,,,,,,,,,,,,,,,,,2025-10-09 12:14:41
2025-10-09 12:17:25,2025-10-09 12:17:26,2025-10-09 12:17:20,385349,862689070136657,1607,GTERI,4.19,00008200,698407,13903,81,00,21,,,11,1,0724,0005,A053,0692D708,0.0,38,625.6,-23.313648,-51.217845,15.4,,18,0,2,28,,,,,,,,,,,,,,,,1,91.4,315,619.2,-51.214855,-23.316920,2025-10-09 12:14:34,15,14.9,10,2025-10-09 12:17:25
2025-10-09 12:18:15,2025-10-09 12:18:14,2025-10-09 12:18:12,385349,862689070136657,1609,GTERI,4.19,00008200,698407,13251,80,00,12,,,12,1,0724,0005,A053,06900909,0.0,200,607.6,-23.313583,-51.217805,15.4,,19,0,2,28,,,,,,,,,,,,,,,,1,0.0,200,607.6,-51.217805,-23.313583,2025-10-09 12:18:12,12,15.4,10,2025-10-09 12:18:15
2025-10-09 12:18:15,2025-10-09 12:18:13,2025-10-09 12:18:11,385349,862689070136657,1608,GTIGF,4.19,,698407,13943,80,00,12,1136,,13,0,0724,0005,A053,06900909,0.0,200,607.6,-23.313583,-51.217805,15.4,,,,,,,,,,,,,,,,,,,,,,,,,,,,,,,2025-10-09 12:18:15
2025-10-09 12:18:15,2025-10-09 12:18:13,2025-10-09 12:18:11,385349,862689070136657,1608,GTIGF,4.19,,698407,13943,80,00,12,1136,,13,0,0724,0005,A053,06900909,0.0,200,607.6,-23.313583,-51.217805,15.4,,,,,,,,,,,,,,,,,,,,,,,,,,,,,,,2025-10-09 12:18:15
2025-10-09 12:21:51,2025-10-09 12:21:51,2025-10-09 12:18:12,385349,862689070136657,1610,GTIGN,4.14,,698407,13066,81,00,21,,218,12,1,0724,0005,A053,0690090A,0.0,200,607.6,-23.313583,-51.217805,15.4,,,,,,,,,,,,,,,,,,,,,,,,,,,,,,,2025-10-09 12:21:51
2025-10-09 12:22:06,2025-10-09 12:22:05,2025-10-09 12:22:03,385349,862689070136657,1612,GTERI,4.15,00008200,698407,13935,81,00,22,,,8,1,0724,0005,A053,0692D708,3.2,298,607.2,-23.313628,-51.217925,15.4,,19,0,2,28,,,,,,,,,,,,,,,,1,3.2,298,607.2,-51.217925,-23.313628,2025-10-09 12:22:03,8,15.4,10,2025-10-09 12:22:06
2025-10-09 12:22:07,2025-10-09 12:22:05,2025-10-09 12:22:03,385349,862689070136657,1612,GTERI,4.15,00008200,698407,13935,81,00,22,,,8,1,0724,0005,A053,0692D708,3.2,298,607.2,-23.313628,-51.217925,15.4,,19,0,2,28,,,,,,,,,,,,,,,,1,3.2,298,607.2,-51.217925,-23.313628,2025-10-09 12:22:03,8,15.4,10,2025-10-09 12:22:07
2025-10-09 12:25:00,2025-10-09 12:25:01,2025-10-09 12:24:55,385349,862689070136657,1614,GTERI,4.19,00008200,698407,13943,81,00,21,,,13,1,0724,0005,A053,0690090A,0.0,334,603.2,-23.311830,-51.217720,15.6,,20,0,2,28,,,,,,,,,,,,,,,,1,27.2,44,604.1,-51.217175,-23.312688,2025-10-09 12:22:38,11,15.6,10,2025-10-09 12:25:00
2025-10-09 12:28:00,2025-10-09 12:28:01,2025-10-09 12:27:55,385349,862689070136657,1617,GTERI,4.19,00008200,698407,13927,81,00,21,,,12,1,0724,0005,A053,0690090A,0.0,334,603.2,-23.311830,-51.217720,15.6,,20,0,2,28,,,,,,,,,,,,,,,,1,0.0,334,603.2,-51.217720,-23.311830,2025-10-09 12:27:59,12,15.7,10,2025-10-09 12:28:00
2025-10-09 12:31:00,2025-10-09 12:31:01,2025-10-09 12:30:55,385349,862689070136657,1619,GTERI,4.19,00008200,698407,13903,81,00,22,,,13,1,0724,0005,A053,0690090A,27.4,318,607.8,-23.311748,-51.217863,15.7,,21,0,2,28,,,,,,,,,,,,,,,,1,28.6,317,608.0,-51.217920,-23.311688,2025-10-09 12:30:56,12,15.7,10,2025-10-09 12:31:00
2025-10-09 12:33:19,2025-10-09 12:33:20,,385349,862689070136657,1621,GTASC,,,,,,,,,,,,,,,,,,,,,,,,,,,,,,,,,,,,,,,,,,,,,,,,,,,,2025-10-09 12:33:19
2025-10-09 12:34:00,2025-10-09 12:34:01,2025-10-09 12:33:55,385349,862689070136657,1623,GTERI,4.19,00008200,698407,13992,81,00,22,,,12,1,0724,0005,A053,06900908,31.9,353,570.0,-23.307293,-51.209648,16.9,,23,0,2,28,,,,,,,,,,,,,,,,1,52.3,46,600.8,-51.213512,-23.309388,2025-10-09 12:33:04,13,16.3,10,2025-10-09 12:34:00
2025-10-09 12:35:01,2025-10-09 12:35:03,,385349,862689070136657,1624,GTASC,,,,,,,,,,,,,,,,,,,,,,,,,,,,,,,,,,,,,,,,,,,,,,,,,,,,2025-10-09 12:35:01
2025-10-09 12:36:18,2025-10-09 12:36:20,,385349,862689070136657,1626,GTASC,,,,,,,,,,,,,,,,,,,,,,,,,,,,,,,,,,,,,,,,,,,,,,,,,,,,2025-10-09 12:36:18
2025-10-09 12:36:40,2025-10-09 12:36:42,,385349,862689070136657,1627,GTASC,,,,,,,,,,,,,,,,,,,,,,,,,,,,,,,,,,,,,,,,,,,,,,,,,,,,2025-10-09 12:36:40
2025-10-09 12:36:42,2025-10-09 12:36:44,,385349,862689070136657,1628,GTASC,,,,,,,,,,,,,,,,,,,,,,,,,,,,,,,,,,,,,,,,,,,,,,,,,,,,2025-10-09 12:36:42
2025-10-09 12:37:00,2025-10-09 12:37:01,2025-10-09 12:36:55,385349,862689070136657,1629,GTERI,4.19,00008200,698407,13911,81,00,22,,,17,1,0724,0005,A053,06900A08,0.0,68,603.8,-23.297513,-51.201407,18.3,,23,0,2,28,,,,,,,,,,,,,,,,1,57.4,45,591.9,-51.208942,-23.304450,2025-10-09 12:34:25,14,17.2,10,2025-10-09 12:37:00
2025-10-09 12:39:38,2025-10-09 12:39:40,2025-10-09 12:39:38,385349,862689070136657,1632,GTERI,4.17,00008200,698407,13099,80,00,12,,,7,1,0724,0005,A053,06900A08,0.0,325,618.2,-23.297180,-51.197473,19.2,,23,0,2,28,,,,,,,,,,,,,,,,1,0.0,325,618.2,-51.197473,-23.297180,2025-10-09 12:39:38,7,19.2,10,2025-10-09 12:39:38
2025-10-09 12:39:38,2025-10-09 12:39:39,2025-10-09 12:39:37,385349,862689070136657,1631,GTIGF,4.17,,698407,13123,80,00,12,1068,,8,0,0724,0005,A053,06900A08,0.0,325,618.2,-23.297180,-51.197473,19.2,,,,,,,,,,,,,,,,,,,,,,,,,,,,,,,2025-10-09 12:39:38
2025-10-09 13:00:58,2025-10-09 13:00:59,2025-10-09 12:39:38,385349,862689070136657,1633,GTIGN,4.15,,698407,13115,81,00,21,,1280,7,1,0724,0005,A053,06900A08,0.0,325,618.2,-23.297180,-51.197473,19.2,,,,,,,,,,,,,,,,,,,,,,,,,,,,,,,2025-10-09 13:00:58
2025-10-09 13:02:04,2025-10-09 13:02:05,2025-10-09 12:39:38,385349,862689070136657,1635,GTIGF,4.18,,698407,12809,80,00,11,66,,0,0,0724,0005,A053,06900A08,0.0,325,618.2,-23.297180,-51.197473,19.2,,,,,,,,,,,,,,,,,,,,,,,,,,,,,,,2025-10-09 13:02:04
2025-10-09 13:02:35,2025-10-09 13:02:37,2025-10-09 13:02:34,385349,862689070136657,1636,GTERI,4.17,00008200,698407,13042,80,00,11,,,4,1,0724,0005,A053,06900A08,0.0,325,618.2,-23.297180,-51.197473,19.2,,21,0,2,28,,,,,,,,,,,,,,,,1,0.0,325,618.2,-51.197473,-23.297180,2025-10-09 13:02:34,4,19.2,10,2025-10-09 13:02:35
2025-10-09 13:26:22,2025-10-09 13:26:23,2025-10-09 13:02:34,385349,862689070136657,1637,GTIGN,4.13,,698407,13066,81,00,21,,1458,4,0,0724,0005,A053,06900A08,0.0,325,618.2,-23.297180,-51.197473,19.2,,,,,,,,,,,,,,,,,,,,,,,,,,,,,,,2025-10-09 13:26:22
2025-10-09 13:27:38,2025-10-09 13:27:39,2025-10-09 13:27:37,385349,862689070136657,1639,GTERI,4.17,00008200,698407,13967,81,00,22,,,11,1,0724,0005,A053,06900A08,31.1,273,622.4,-23.296758,-51.198362,19.2,,25,0,2,28,,,,,,,,,,,,,,,,1,31.1,273,622.4,-51.198362,-23.296758,2025-10-09 13:27:37,11,19.3,10,2025-10-09 13:27:38
2025-10-09 13:30:35,2025-10-09 13:30:36,2025-10-09 13:30:30,385349,862689070136657,1642,GTERI,4.18,00008200,698407,13887,81,00,22,,,13,1,0724,0005,A053,06900D09,0.0,146,599.9,-23.297210,-51.190972,20.2,,30,0,2,28,,,,,,,,,,,,,,,,1,49.3,97,612.4,-51.197580,-23.296625,2025-10-09 13:28:59,13,19.5,10,2025-10-09 13:30:35
2025-10-09 13:33:35,2025-10-09 13:33:36,2025-10-09 13:33:30,385349,862689070136657,1644,GTERI,4.18,00008200,698407,13984,81,00,22,,,13,1,0724,0005,9C6B,0690BC0A,42.4,98,601.5,-23.298872,-51.177952,21.6,,31,0,2,28,,,,,,,,,,,,,,,,1,60.7,92,603.5,-51.184165,-23.297527,2025-10-09 13:31:59,13,20.9,10,2025-10-09 13:33:35
2025-10-09 13:33:59,2025-10-09 13:34:01,,385349,862689070136657,1645,GTASC,,,,,,,,,,,,,,,,,,,,,,,,,,,,,,,,,,,,,,,,,,,,,,,,,,,,2025-10-09 13:33:59
2025-10-09 13:34:04,2025-10-09 13:34:05,,385349,862689070136657,1646,GTASC,,,,,,,,,,,,,,,,,,,,,,,,,,,,,,,,,,,,,,,,,,,,,,,,,,,,2025-10-09 13:34:04
2025-10-09 13:36:35,2025-10-09 13:36:36,2025-10-09 13:36:30,385349,862689070136657,1649,GTERI,4.19,00008200,698407,13935,81,00,22,,,13,1,0724,0005,9C6B,0692FA09,0.0,123,598.7,-23.301013,-51.170510,22.3,,25,0,2,28,,,,,,,,,,,,,,,,1,55.1,98,587.6,-51.175173,-23.299228,2025-10-09 13:33:53,13,21.9,10,2025-10-09 13:36:35
2025-10-09 13:39:35,2025-10-09 13:39:36,2025-10-09 13:39:30,385349,862689070136657,1651,GTERI,4.18,00008200,698407,13943,81,00,22,,,12,1,0724,0005,9C6B,0692E809,0.0,158,586.9,-23.306240,-51.163928,23.3,,25,0,2,28,,,,,,,,,,,,,,,,1,42.3,149,592.3,-51.164772,-23.304187,2025-10-09 13:38:41,14,23.1,10,2025-10-09 13:39:35
2025-10-09 13:42:35,2025-10-09 13:42:36,2025-10-09 13:42:30,385349,862689070136657,1654,GTERI,4.18,00008200,698407,13984,81,00,22,,,11,1,0724,0005,9C6B,06901704,0.0,177,598.4,-23.309637,-51.162827,23.7,,30,0,2,3,,,,,,,,,,,,,,,,1,31.2,179,594.5,-51.162787,-23.309120,2025-10-09 13:41:26,10,23.7,10,2025-10-09 13:42:35
2025-10-09 13:45:35,2025-10-09 13:45:36,2025-10-09 13:45:30,385349,862689070136657,1656,GTERI,4.17,00008200,698407,13992,81,00,22,,,10,1,0724,0005,9C6B,06909A09,21.6,86,599.4,-23.315528,-51.162040,24.5,,28,0,2,28,,,,,,,,,,,,,,,,1,36.6,181,602.6,-51.162792,-23.312470,2025-10-09 13:43:36,8,24.1,10,2025-10-09 13:45:35
2025-10-09 13:48:35,2025-10-09 13:48:36,2025-10-09 13:48:30,385349,862689070136657,1659,GTERI,4.17,00008200,698407,13959,81,00,22,,,13,1,0724,0005,9C6B,0690A908,22.5,92,587.8,-23.315540,-51.155327,25.2,,21,0,2,28,,,,,,,,,,,,,,,,1,36.6,89,595.4,-51.161283,-23.315575,2025-10-09 13:46:14,12,24.6,10,2025-10-09 13:48:35
2025-10-09 13:48:40,2025-10-09 13:48:36,2025-10-09 13:48:30,385349,862689070136657,1659,GTERI,4.17,00008200,698407,13959,81,00,22,,,13,1,0724,0005,9C6B,0690A908,22.5,92,587.8,-23.315540,-51.155327,25.2,,21,0,2,28,,,,,,,,,,,,,,,,1,36.6,89,595.4,-51.161283,-23.315575,2025-10-09 13:46:14,12,24.6,10,2025-10-09 13:48:40
2025-10-09 13:49:18,2025-10-09 13:48:36,2025-10-09 13:48:30,385349,862689070136657,1659,GTERI,4.17,00008200,698407,13959,81,00,22,,,13,1,0724,0005,9C6B,0690A908,22.5,92,587.8,-23.315540,-51.155327,25.2,,21,0,2,28,,,,,,,,,,,,,,,,1,36.6,89,595.4,-51.161283,-23.315575,2025-10-09 13:46:14,12,24.6,10,2025-10-09 13:49:18
2025-10-09 13:49:18,2025-10-09 13:48:36,2025-10-09 13:48:30,385349,862689070136657,1659,GTERI,4.17,00008200,698407,13959,81,00,22,,,13,1,0724,0005,9C6B,0690A908,22.5,92,587.8,-23.315540,-51.155327,25.2,,21,0,2,28,,,,,,,,,,,,,,,,1,36.6,89,595.4,-51.161283,-23.315575,2025-10-09 13:46:14,12,24.6,10,2025-10-09 13:49:18
2025-10-09 13:51:35,2025-10-09 13:51:36,2025-10-09 13:51:30,385349,862689070136657,1661,GTERI,4.17,00008200,698407,14000,81,00,22,,,13,1,0724,0005,9C6B,0690AB08,4.7,328,601.5,-23.319708,-51.156742,25.7,,30,0,2,28,,,,,,,,,,,,,,,,1,40.7,178,584.5,-51.155137,-23.316235,2025-10-09 13:48:42,13,25.3,10,2025-10-09 13:51:35
2025-10-09 13:52:10,2025-10-09 13:52:12,2025-10-09 13:52:10,385349,862689070136657,1663,GTERI,4.17,00008200,698407,13171,80,00,12,,,9,1,0724,0005,9C6B,0690AB08,0.0,318,610.8,-23.319508,-51.156958,25.8,,23,0,2,28,,,,,,,,,,,,,,,,1,0.0,318,610.8,-51.156958,-23.319508,2025-10-09 13:52:10,9,25.8,10,2025-10-09 13:52:10
2025-10-09 13:52:10,2025-10-09 13:52:11,2025-10-09 13:52:09,385349,862689070136657,1662,GTIGF,4.17,,698407,13187,80,00,12,1548,,10,0,0724,0005,9C6B,0690AB08,0.0,318,610.8,-23.319508,-51.156958,25.8,,,,,,,,,,,,,,,,,,,,,,,,,,,,,,,2025-10-09 13:52:10
2025-10-09 14:52:10,2025-10-09 14:52:11,2025-10-09 14:50:03,385349,862689070136657,1664,GTERI,4.14,00008200,698407,13163,80,00,11,,,8,1,0724,0005,9C6B,0690AB08,0.0,318,610.8,-23.319508,-51.156958,25.8,,23,0,2,28,,,,,,,,,,,,,,,,1,0.0,318,610.8,-51.156958,-23.319508,2025-10-09 14:50:03,8,25.8,10,2025-10-09 14:52:10
2025-10-09 15:52:10,2025-10-09 15:52:11,2025-10-09 15:49:51,385349,862689070136657,1665,GTERI,4.11,00008200,698407,13131,80,00,11,,,10,1,0724,0005,9C6B,0690AB08,0.0,318,610.8,-23.319508,-51.156958,25.8,,22,0,2,28,,,,,,,,,,,,,,,,1,0.0,318,610.8,-51.156958,-23.319508,2025-10-09 15:49:51,10,25.8,10,2025-10-09 15:52:10
2025-10-09 16:48:52,2025-10-09 16:48:53,2025-10-09 15:49:51,385349,862689070136657,1666,GTIGN,4.09,,698407,12905,81,00,22,,10602,10,1,0724,0005,9C6B,0690AB08,0.0,318,610.8,-23.319508,-51.156958,25.8,,,,,,,,,,,,,,,,,,,,,,,,,,,,,,,2025-10-09 16:48:52
2025-10-09 16:49:18,2025-10-09 16:49:20,2025-10-09 16:49:18,385349,862689070136657,1669,GTERI,4.10,00008200,698407,12720,80,00,11,,,6,1,0724,0005,9C6B,0690AB08,0.0,318,610.8,-23.319508,-51.156958,25.8,,22,0,2,28,,,,,,,,,,,,,,,,1,0.0,318,610.8,-51.156958,-23.319508,2025-10-09 16:49:18,6,25.8,10,2025-10-09 16:49:18
2025-10-09 16:49:18,2025-10-09 16:49:19,2025-10-09 15:49:51,385349,862689070136657,1668,GTIGF,4.10,,698407,12503,80,00,11,26,,6,0,0724,0005,9C6B,0690AB08,0.0,318,610.8,-23.319508,-51.156958,25.8,,,,,,,,,,,,,,,,,,,,,,,,,,,,,,,2025-10-09 16:49:18
2025-10-09 18:44:38,2025-10-09 18:44:37,2025-10-09 17:49:28,385349,862689070136657,1670,GTIGN,4.02,,698407,12873,81,00,22,,6909,6,1,0724,0005,9C6B,0690AB08,0.0,259,573.4,-23.319730,-51.157068,25.8,,,,,,,,,,,,,,,,,,,,,,,,,,,,,,,2025-10-09 18:44:38
2025-10-09 18:45:19,2025-10-09 18:45:09,2025-10-09 18:45:09,385349,862689070136657,1672,GTERI,4.03,00008200,698407,13911,81,00,22,,,4,2,0724,0005,9C6B,0690AB08,8.8,130,481.5,-23.320078,-51.157040,25.8,,28,0,2,28,,,,,,,,,,,,,,,,2,8.8,130,481.5,-51.157040,-23.320078,2025-10-09 18:45:09,4,25.8,10,2025-10-09 18:45:19
2025-10-09 18:48:11,2025-10-09 18:48:09,2025-10-09 18:48:03,385349,862689070136657,1674,GTERI,4.15,00008200,698407,13967,81,00,22,,,10,1,0724,0005,9C6B,0690AB08,28.2,175,590.2,-23.321047,-51.155120,26.8,,21,0,2,28,,,,,,,,,,,,,,,,1,40.4,90,397.2,-51.157287,-23.320152,2025-10-09 18:47:29,9,26.5,10,2025-10-09 18:48:11
2025-10-09 18:49:11,2025-10-09 18:49:12,,385349,862689070136657,1676,GTASC,,,,,,,,,,,,,,,,,,,,,,,,,,,,,,,,,,,,,,,,,,,,,,,,,,,,2025-10-09 18:49:11
2025-10-09 18:49:13,2025-10-09 18:49:14,,385349,862689070136657,1677,GTASC,,,,,,,,,,,,,,,,,,,,,,,,,,,,,,,,,,,,,,,,,,,,,,,,,,,,2025-10-09 18:49:13
2025-10-09 18:51:08,2025-10-09 18:51:09,2025-10-09 18:51:03,385349,862689070136657,1679,GTERI,4.16,00008200,698407,13959,81,00,22,,,9,1,0724,0005,9C6B,0690BB08,17.5,90,534.8,-23.327067,-51.154613,27.5,,27,0,2,28,,,,,,,,,,,,,,,,1,43.4,183,535.7,-51.155152,-23.325972,2025-10-09 18:49:01,9,27.4,10,2025-10-09 18:51:08
2025-10-09 18:52:33,2025-10-09 18:52:34,2025-10-09 18:52:33,385349,862689070136657,1681,GTERI,4.17,00008200,698407,13090,80,00,12,,,7,1,0724,0005,9C6B,068FFE08,0.0,351,524.1,-23.323473,-51.154888,27.9,,27,0,2,28,,,,,,,,,,,,,,,,1,0.0,351,524.1,-51.154888,-23.323473,2025-10-09 18:52:33,7,27.9,10,2025-10-09 18:52:33
2025-10-09 18:52:33,2025-10-09 18:52:34,2025-10-09 18:52:32,385349,862689070136657,1680,GTIGF,4.17,,698407,13782,80,00,12,474,,7,0,0724,0005,9C6B,068FFE08,0.0,351,524.1,-23.323473,-51.154888,27.9,,,,,,,,,,,,,,,,,,,,,,,,,,,,,,,2025-10-09 18:52:33
2025-10-09 19:33:31,2025-10-09 19:33:32,2025-10-09 18:52:33,385349,862689070136657,1682,GTIGN,4.05,,698407,12905,81,00,22,,2458,7,1,0724,0005,9C6B,068FF80B,0.0,351,524.1,-23.323473,-51.154888,27.9,,,,,,,,,,,,,,,,,,,,,,,,,,,,,,,2025-10-09 19:33:31
2025-10-09 19:33:51,2025-10-09 19:33:52,2025-10-09 19:33:51,385349,862689070136657,1684,GTERI,4.06,00008200,698407,13911,81,00,22,,,8,1,0724,0005,9C6B,068FF80B,0.8,11,609.3,-23.323445,-51.154832,27.9,,27,0,2,28,,,,,,,,,,,,,,,,1,0.8,11,609.3,-51.154832,-23.323445,2025-10-09 19:33:51,8,27.9,10,2025-10-09 19:33:51
2025-10-09 19:34:38,2025-10-09 19:34:39,,385349,862689070136657,1685,GTCRA,,,,,,,,,,,,,,,,,,,,,,,,,,,,,,,,,,,,,,,,,,,,,,,,,,,,2025-10-09 19:34:38
2025-10-09 19:34:39,2025-10-09 19:34:39,,385349,862689070136657,1687,GTCRD,,,,,,,,,,,,,,,,,,,,,,,,,,,,,,,,,,,,,,,,,,,,,,,,,,,,2025-10-09 19:34:39
2025-10-09 19:34:39,2025-10-09 19:34:39,,385349,862689070136657,1686,GTCRD,,,,,,,,,,,,,,,,,,,,,,,,,,,,,,,,,,,,,,,,,,,,,,,,,,,,2025-10-09 19:34:39
2025-10-09 19:34:40,2025-10-09 19:34:39,,385349,862689070136657,1689,GTCRD,,,,,,,,,,,,,,,,,,,,,,,,,,,,,,,,,,,,,,,,,,,,,,,,,,,,2025-10-09 19:34:40
2025-10-09 19:34:40,2025-10-09 19:34:39,,385349,862689070136657,1688,GTCRD,,,,,,,,,,,,,,,,,,,,,,,,,,,,,,,,,,,,,,,,,,,,,,,,,,,,2025-10-09 19:34:40
2025-10-09 19:34:41,2025-10-09 19:34:39,,385349,862689070136657,1691,GTCRD,,,,,,,,,,,,,,,,,,,,,,,,,,,,,,,,,,,,,,,,,,,,,,,,,,,,2025-10-09 19:34:41
2025-10-09 19:34:41,2025-10-09 19:34:39,,385349,862689070136657,1690,GTCRD,,,,,,,,,,,,,,,,,,,,,,,,,,,,,,,,,,,,,,,,,,,,,,,,,,,,2025-10-09 19:34:41
2025-10-09 19:34:42,2025-10-09 19:34:39,,385349,862689070136657,1693,GTCRD,,,,,,,,,,,,,,,,,,,,,,,,,,,,,,,,,,,,,,,,,,,,,,,,,,,,2025-10-09 19:34:42
2025-10-09 19:34:42,2025-10-09 19:34:39,,385349,862689070136657,1692,GTCRD,,,,,,,,,,,,,,,,,,,,,,,,,,,,,,,,,,,,,,,,,,,,,,,,,,,,2025-10-09 19:34:42
2025-10-09 19:34:43,2025-10-09 19:34:39,,385349,862689070136657,1694,GTCRD,,,,,,,,,,,,,,,,,,,,,,,,,,,,,,,,,,,,,,,,,,,,,,,,,,,,2025-10-09 19:34:43
2025-10-09 19:34:44,2025-10-09 19:34:39,,385349,862689070136657,1697,GTCRD,,,,,,,,,,,,,,,,,,,,,,,,,,,,,,,,,,,,,,,,,,,,,,,,,,,,2025-10-09 19:34:44
2025-10-09 19:34:44,2025-10-09 19:34:39,,385349,862689070136657,1696,GTCRD,,,,,,,,,,,,,,,,,,,,,,,,,,,,,,,,,,,,,,,,,,,,,,,,,,,,2025-10-09 19:34:44
2025-10-09 19:34:44,2025-10-09 19:34:39,,385349,862689070136657,1695,GTCRD,,,,,,,,,,,,,,,,,,,,,,,,,,,,,,,,,,,,,,,,,,,,,,,,,,,,2025-10-09 19:34:44
2025-10-09 19:34:45,2025-10-09 19:34:39,,385349,862689070136657,1699,GTCRD,,,,,,,,,,,,,,,,,,,,,,,,,,,,,,,,,,,,,,,,,,,,,,,,,,,,2025-10-09 19:34:45
2025-10-09 19:34:45,2025-10-09 19:34:39,,385349,862689070136657,1698,GTCRD,,,,,,,,,,,,,,,,,,,,,,,,,,,,,,,,,,,,,,,,,,,,,,,,,,,,2025-10-09 19:34:45
2025-10-09 19:34:46,2025-10-09 19:34:43,,385349,862689070136657,1701,GTCRD,,,,,,,,,,,,,,,,,,,,,,,,,,,,,,,,,,,,,,,,,,,,,,,,,,,,2025-10-09 19:34:46
2025-10-09 19:34:46,2025-10-09 19:34:39,,385349,862689070136657,1700,GTCRD,,,,,,,,,,,,,,,,,,,,,,,,,,,,,,,,,,,,,,,,,,,,,,,,,,,,2025-10-09 19:34:46
2025-10-09 19:34:47,2025-10-09 19:34:43,,385349,862689070136657,1703,GTCRD,,,,,,,,,,,,,,,,,,,,,,,,,,,,,,,,,,,,,,,,,,,,,,,,,,,,2025-10-09 19:34:47
2025-10-09 19:34:47,2025-10-09 19:34:43,,385349,862689070136657,1702,GTCRD,,,,,,,,,,,,,,,,,,,,,,,,,,,,,,,,,,,,,,,,,,,,,,,,,,,,2025-10-09 19:34:47
2025-10-09 19:34:48,2025-10-09 19:34:43,,385349,862689070136657,1705,GTCRD,,,,,,,,,,,,,,,,,,,,,,,,,,,,,,,,,,,,,,,,,,,,,,,,,,,,2025-10-09 19:34:48
2025-10-09 19:34:48,2025-10-09 19:34:43,,385349,862689070136657,1704,GTCRD,,,,,,,,,,,,,,,,,,,,,,,,,,,,,,,,,,,,,,,,,,,,,,,,,,,,2025-10-09 19:34:48
2025-10-09 19:34:49,2025-10-09 19:34:43,,385349,862689070136657,1707,GTCRD,,,,,,,,,,,,,,,,,,,,,,,,,,,,,,,,,,,,,,,,,,,,,,,,,,,,2025-10-09 19:34:49
2025-10-09 19:34:49,2025-10-09 19:34:43,,385349,862689070136657,1706,GTCRD,,,,,,,,,,,,,,,,,,,,,,,,,,,,,,,,,,,,,,,,,,,,,,,,,,,,2025-10-09 19:34:49
2025-10-09 19:34:50,2025-10-09 19:34:43,,385349,862689070136657,1709,GTCRD,,,,,,,,,,,,,,,,,,,,,,,,,,,,,,,,,,,,,,,,,,,,,,,,,,,,2025-10-09 19:34:50
2025-10-09 19:34:50,2025-10-09 19:34:43,,385349,862689070136657,1708,GTCRD,,,,,,,,,,,,,,,,,,,,,,,,,,,,,,,,,,,,,,,,,,,,,,,,,,,,2025-10-09 19:34:50
2025-10-09 19:34:51,2025-10-09 19:34:43,,385349,862689070136657,1711,GTCRD,,,,,,,,,,,,,,,,,,,,,,,,,,,,,,,,,,,,,,,,,,,,,,,,,,,,2025-10-09 19:34:51
2025-10-09 19:34:51,2025-10-09 19:34:43,,385349,862689070136657,1710,GTCRD,,,,,,,,,,,,,,,,,,,,,,,,,,,,,,,,,,,,,,,,,,,,,,,,,,,,2025-10-09 19:34:51
2025-10-09 19:34:52,2025-10-09 19:34:43,,385349,862689070136657,1713,GTCRD,,,,,,,,,,,,,,,,,,,,,,,,,,,,,,,,,,,,,,,,,,,,,,,,,,,,2025-10-09 19:34:52
2025-10-09 19:34:52,2025-10-09 19:34:43,,385349,862689070136657,1712,GTCRD,,,,,,,,,,,,,,,,,,,,,,,,,,,,,,,,,,,,,,,,,,,,,,,,,,,,2025-10-09 19:34:52
2025-10-09 19:34:53,2025-10-09 19:34:43,,385349,862689070136657,1715,GTCRD,,,,,,,,,,,,,,,,,,,,,,,,,,,,,,,,,,,,,,,,,,,,,,,,,,,,2025-10-09 19:34:53
2025-10-09 19:34:53,2025-10-09 19:34:43,,385349,862689070136657,1714,GTCRD,,,,,,,,,,,,,,,,,,,,,,,,,,,,,,,,,,,,,,,,,,,,,,,,,,,,2025-10-09 19:34:53
2025-10-09 19:36:48,2025-10-09 19:36:49,2025-10-09 19:36:43,385349,862689070136657,1717,GTERI,4.17,00008200,698407,13959,81,00,22,,,8,1,0724,0005,9C6B,0690AB08,0.0,351,579.8,-23.320362,-51.154950,28.2,,21,0,2,28,,,,,,,,,,,,,,,,1,35.4,359,588.8,-51.154893,-23.322058,2025-10-09 19:35:50,11,28.0,10,2025-10-09 19:36:48
2025-10-09 19:38:27,2025-10-09 19:38:28,2025-10-09 19:38:27,385349,862689070136657,1720,GTERI,4.17,00008200,698407,13219,80,00,12,,,9,1,0724,0005,9C6B,0690AB08,0.0,247,608.3,-23.319577,-51.156932,28.4,,23,0,2,28,,,,,,,,,,,,,,,,1,0.0,247,608.3,-51.156932,-23.319577,2025-10-09 19:38:27,9,28.4,10,2025-10-09 19:38:27
2025-10-09 19:38:27,2025-10-09 19:38:28,2025-10-09 19:38:26,385349,862689070136657,1719,GTIGF,4.17,,698407,13807,80,00,12,296,,9,0,0724,0005,9C6B,0690AB08,0.0,247,608.3,-23.319577,-51.156932,28.4,,,,,,,,,,,,,,,,,,,,,,,,,,,,,,,2025-10-09 19:38:27
2025-10-09 19:49:56,2025-10-09 19:48:37,2025-10-09 19:38:27,385349,862689070136657,1721,GTINF,4.08,,698407,13066,80,00,11,,,,,,,,,,,,,,,,23,0,,,89551808170105429139,1,0,1,+0000,0,,,,,,,,,,,,,,,,,,,,2025-10-09 19:49:56
2025-10-09 20:38:23,2025-10-09 20:38:24,2025-10-09 20:36:16,385349,862689070136657,1722,GTERI,4.05,00008200,698407,13050,80,00,11,,,8,1,0724,0005,9C6B,0690AB08,0.0,247,608.3,-23.319577,-51.156932,28.4,,20,0,2,28,,,,,,,,,,,,,,,,1,0.0,247,608.3,-51.156932,-23.319577,2025-10-09 20:36:16,8,28.4,10,2025-10-09 20:38:23
2025-10-09 21:38:23,2025-10-09 21:38:24,2025-10-09 21:36:03,385349,862689070136657,1723,GTERI,4.02,00008200,698407,13034,80,00,11,,,8,1,0724,0005,9C6B,0690AB08,0.0,247,608.3,-23.319577,-51.156932,28.4,,21,0,2,28,,,,,,,,,,,,,,,,1,0.0,247,608.3,-51.156932,-23.319577,2025-10-09 21:36:03,8,28.4,10,2025-10-09 21:38:23
2025-10-09 22:38:23,2025-10-09 22:38:24,2025-10-09 22:36:01,385349,862689070136657,1724,GTERI,3.98,00008200,698407,13026,80,00,11,,,7,1,0724,0005,9C6B,0690AB08,0.0,247,608.3,-23.319577,-51.156932,28.4,,20,0,2,28,,,,,,,,,,,,,,,,1,0.0,247,608.3,-51.156932,-23.319577,2025-10-09 22:36:01,7,28.4,10,2025-10-09 22:38:23
2025-10-09 23:39:03,2025-10-09 23:38:24,2025-10-09 23:36:06,385349,862689070136657,1725,GTERI,3.96,00008200,698407,13018,80,00,11,,,8,1,0724,0005,9C6B,0690AB08,0.0,247,608.3,-23.319577,-51.156932,28.4,,19,0,2,28,,,,,,,,,,,,,,,,1,0.0,247,608.3,-51.156932,-23.319577,2025-10-09 23:36:06,8,28.4,10,2025-10-09 23:39:03
2025-10-10 00:38:23,2025-10-10 00:38:24,2025-10-10 00:36:02,385349,862689070136657,1726,GTERI,3.92,00008200,698407,13002,80,00,11,,,7,1,0724,0005,9C6B,0690AB08,0.0,247,608.3,-23.319577,-51.156932,28.4,,20,0,2,28,,,,,,,,,,,,,,,,1,0.0,247,608.3,-51.156932,-23.319577,2025-10-10 00:36:02,7,28.4,10,2025-10-10 00:38:23
2025-10-10 01:38:23,2025-10-10 01:38:24,2025-10-10 01:36:08,385349,862689070136657,1727,GTERI,3.90,00008200,698407,13002,80,00,11,,,7,1,0724,0005,9C6B,0690AB08,0.0,247,608.3,-23.319577,-51.156932,28.4,,19,0,2,28,,,,,,,,,,,,,,,,1,0.0,247,608.3,-51.156932,-23.319577,2025-10-10 01:36:08,7,28.4,10,2025-10-10 01:38:23
2025-10-10 02:38:23,2025-10-10 02:38:24,2025-10-10 02:36:01,385349,862689070136657,1728,GTERI,3.89,00008200,698407,12994,80,00,11,,,9,1,0724,0005,9C6B,0690AB08,0.0,247,608.3,-23.319577,-51.156932,28.4,,19,0,2,28,,,,,,,,,,,,,,,,1,0.0,247,608.3,-51.156932,-23.319577,2025-10-10 02:36:01,9,28.4,10,2025-10-10 02:38:23
2025-10-10 03:38:23,2025-10-10 03:38:24,2025-10-10 03:36:04,385349,862689070136657,1729,GTERI,3.87,00008200,698407,12986,80,00,11,,,8,1,0724,0005,9C6B,0690AB08,0.0,247,608.3,-23.319577,-51.156932,28.4,,20,0,2,28,,,,,,,,,,,,,,,,1,0.0,247,608.3,-51.156932,-23.319577,2025-10-10 03:36:04,8,28.4,10,2025-10-10 03:38:23
2025-10-10 04:38:23,2025-10-10 04:38:24,2025-10-10 04:36:07,385349,862689070136657,1730,GTERI,3.86,00008200,698407,12978,80,00,11,,,11,1,0724,0005,9C6B,0690AB08,0.0,247,608.3,-23.319577,-51.156932,28.4,,19,0,2,28,,,,,,,,,,,,,,,,1,0.0,247,608.3,-51.156932,-23.319577,2025-10-10 04:36:07,11,28.4,10,2025-10-10 04:38:23
2025-10-10 05:38:23,2025-10-10 05:38:24,2025-10-10 05:36:07,385349,862689070136657,1731,GTERI,3.84,00008200,698407,12970,80,00,11,,,12,1,0724,0005,9C6B,0690AB08,0.0,247,608.3,-23.319577,-51.156932,28.4,,20,0,2,28,,,,,,,,,,,,,,,,1,0.0,247,608.3,-51.156932,-23.319577,2025-10-10 05:36:07,12,28.4,10,2025-10-10 05:38:23
2025-10-10 06:39:03,2025-10-10 06:38:24,2025-10-10 06:36:01,385349,862689070136657,1732,GTERI,4.19,00008200,698407,12777,80,00,11,,,10,1,0724,0005,9C6B,0690AB08,0.0,247,608.3,-23.319577,-51.156932,28.4,,20,0,2,28,,,,,,,,,,,,,,,,1,0.0,247,608.3,-51.156932,-23.319577,2025-10-10 06:36:01,10,28.4,10,2025-10-10 06:39:03
2025-10-10 07:38:23,2025-10-10 07:38:24,2025-10-10 07:36:02,385349,862689070136657,1733,GTERI,4.14,00008200,698407,12962,80,00,11,,,12,1,0724,0005,9C6B,0690AB08,0.0,247,608.3,-23.319577,-51.156932,28.4,,20,0,2,28,,,,,,,,,,,,,,,,1,0.0,247,608.3,-51.156932,-23.319577,2025-10-10 07:36:02,12,28.4,10,2025-10-10 07:38:23
2025-10-10 08:53:42,2025-10-10 08:48:01,2025-10-10 08:48:00,385349,862689070136657,1736,GTRTL,3.98,,698407,12954,80,00,11,,,11,1,0724,0005,9C6B,0690AB08,0.5,223,668.9,-23.319853,-51.156565,28.4,,,,,,,,,,,,,,,,,,,,,,,,,,,,,,,2025-10-10 08:53:42
2025-10-10 08:53:42,2025-10-10 08:46:46,2025-10-10 08:46:45,385349,862689070136657,1735,GTDOG,,,,,,,,,,,,,,,,,,,,,,,,,,,,,,,,,,,,,,,,,,,,,,,,,,,,2025-10-10 08:53:42
2025-10-10 08:53:42,2025-10-10 08:38:24,2025-10-10 08:36:06,385349,862689070136657,1734,GTERI,4.11,00008200,698407,12962,80,00,11,,,9,1,0724,0005,9C6B,0690AB08,0.0,247,608.3,-23.319577,-51.156932,28.4,,22,0,2,28,,,,,,,,,,,,,,,,1,0.0,247,608.3,-51.156932,-23.319577,2025-10-10 08:36:06,9,28.4,10,2025-10-10 08:53:42
2025-10-10 08:53:42,2025-10-10 08:38:24,2025-10-10 08:36:06,385349,862689070136657,1734,GTERI,4.11,00008200,698407,12962,80,00,11,,,9,1,0724,0005,9C6B,0690AB08,0.0,247,608.3,-23.319577,-51.156932,28.4,,22,0,2,28,,,,,,,,,,,,,,,,1,0.0,247,608.3,-51.156932,-23.319577,2025-10-10 08:36:06,9,28.4,10,2025-10-10 08:53:42
2025-10-10 08:53:42,2025-10-10 08:38:24,2025-10-10 08:36:06,385349,862689070136657,1734,GTERI,4.11,00008200,698407,12962,80,00,11,,,9,1,0724,0005,9C6B,0690AB08,0.0,247,608.3,-23.319577,-51.156932,28.4,,22,0,2,28,,,,,,,,,,,,,,,,1,0.0,247,608.3,-51.156932,-23.319577,2025-10-10 08:36:06,9,28.4,10,2025-10-10 08:53:42
2025-10-10 08:53:42,2025-10-10 08:38:24,2025-10-10 08:36:06,385349,862689070136657,1734,GTERI,4.11,00008200,698407,12962,80,00,11,,,9,1,0724,0005,9C6B,0690AB08,0.0,247,608.3,-23.319577,-51.156932,28.4,,22,0,2,28,,,,,,,,,,,,,,,,1,0.0,247,608.3,-51.156932,-23.319577,2025-10-10 08:36:06,9,28.4,10,2025-10-10 08:53:42
2025-10-10 08:53:43,2025-10-10 08:48:01,2025-10-10 08:48:00,385349,862689070136657,1737,GTERI,3.98,00008200,698407,12954,80,00,11,,,11,1,0724,0005,9C6B,0690AB08,0.5,223,668.9,-23.319853,-51.156565,28.4,,25,0,2,28,,,,,,,,,,,,,,,,1,0.5,223,668.9,-51.156565,-23.319853,2025-10-10 08:48:00,11,28.4,10,2025-10-10 08:53:43
2025-10-10 09:07:26,2025-10-10 09:06:06,2025-10-10 08:48:00,385349,862689070136657,1738,GTIGN,4.07,,698407,12801,81,00,21,,48447,11,1,0724,0005,9C6B,0690AB08,0.5,223,668.9,-23.319853,-51.156565,28.4,,,,,,,,,,,,,,,,,,,,,,,,,,,,,,,2025-10-10 09:07:26
2025-10-10 09:07:27,2025-10-10 09:06:40,2025-10-10 09:06:40,385349,862689070136657,1740,GTERI,4.09,00008200,698407,13871,81,00,22,,,6,2,0724,0005,9C6B,0690AB08,0.4,109,521.6,-23.319325,-51.157102,28.4,,20,0,2,28,,,,,,,,,,,,,,,,2,0.4,109,521.6,-51.157102,-23.319325,2025-10-10 09:06:40,6,28.4,10,2025-10-10 09:07:27
2025-10-10 09:09:38,2025-10-10 09:09:38,2025-10-10 09:09:34,385349,862689070136657,1742,GTERI,4.18,00008200,698407,13887,81,00,21,,,9,1,0724,0005,9C6B,0690AB08,0.0,302,622.9,-23.319503,-51.157102,28.4,,21,0,2,28,,,,,,,,,,,,,,,,1,10.1,320,584.4,-51.157025,-23.319345,2025-10-10 09:07:23,8,28.5,10,2025-10-10 09:09:38
2025-10-10 09:12:38,2025-10-10 09:12:38,2025-10-10 09:12:34,385349,862689070136657,1744,GTERI,4.19,00008200,698407,13959,81,00,21,,,7,1,0724,0005,9C6B,0690AB08,0.0,302,622.9,-23.319503,-51.157102,28.4,,21,0,2,28,,,,,,,,,,,,,,,,1,0.0,302,622.9,-51.157102,-23.319503,2025-10-10 09:12:38,7,28.5,10,2025-10-10 09:12:38
2025-10-10 09:15:38,2025-10-10 09:15:38,2025-10-10 09:15:33,385349,862689070136657,1747,GTERI,4.19,00008200,698407,13992,81,00,22,,,13,1,0724,0005,9C6B,0690AB0A,33.1,271,570.6,-23.319778,-51.158093,28.6,,31,0,2,28,,,,,,,,,,,,,,,,1,35.2,270,568.4,-51.158378,-23.319773,2025-10-10 09:15:36,13,28.7,10,2025-10-10 09:15:38
2025-10-10 09:18:12,2025-10-10 09:18:12,2025-10-10 09:18:11,385349,862689070136657,1749,GTIGF,4.19,,698407,12930,80,00,12,726,,11,0,0724,0005,9C6B,068FF909,0.0,107,573.3,-23.320067,-51.163872,29.3,,,,,,,,,,,,,,,,,,,,,,,,,,,,,,,2025-10-10 09:18:12
2025-10-10 09:18:13,2025-10-10 09:18:12,2025-10-10 09:18:12,385349,862689070136657,1750,GTERI,4.19,00008200,698407,12841,80,00,12,,,11,1,0724,0005,9C6B,068FF909,0.0,107,573.3,-23.320067,-51.163872,29.3,,31,0,2,28,,,,,,,,,,,,,,,,1,0.0,107,573.3,-51.163872,-23.320067,2025-10-10 09:18:12,11,29.3,10,2025-10-10 09:18:13
2025-10-10 09:23:29,2025-10-10 09:22:00,2025-10-10 09:21:59,385349,862689070136657,1753,GTERI,4.11,00008200,698407,13927,81,00,22,,,9,1,0724,0005,9C6B,068FF909,6.4,16,573.3,-23.320022,-51.163880,29.3,,27,0,2,28,,,,,,,,,,,,,,,,1,6.4,16,573.3,-51.163880,-23.320022,2025-10-10 09:21:59,9,29.3,10,2025-10-10 09:23:29
2025-10-10 09:23:29,2025-10-10 09:21:42,2025-10-10 09:18:12,385349,862689070136657,1751,GTIGN,4.11,,698407,13050,81,00,22,,210,11,1,0724,0005,9C6B,068FF909,0.0,107,573.3,-23.320067,-51.163872,29.3,,,,,,,,,,,,,,,,,,,,,,,,,,,,,,,2025-10-10 09:23:29
2025-10-10 09:24:58,2025-10-10 09:24:58,2025-10-10 09:24:53,385349,862689070136657,1754,GTERI,4.18,00008200,698407,14000,81,00,22,,,11,1,0724,0005,9C6B,068FFA0A,35.0,89,577.0,-23.319978,-51.153207,30.4,,26,0,2,28,,,,,,,,,,,,,,,,1,48.9,89,590.7,-51.156875,-23.319975,2025-10-10 09:24:20,10,30.0,10,2025-10-10 09:24:58
2025-10-10 09:27:58,2025-10-10 09:27:58,2025-10-10 09:27:54,385349,862689070136657,1757,GTERI,4.18,00008200,698407,13992,81,00,22,,,15,1,0724,0005,9C6B,068FF608,34.5,14,603.6,-23.310082,-51.148590,32.0,,26,0,2,28,,,,,,,,,,,,,,,,1,68.3,320,586.1,-51.149628,-23.318907,2025-10-10 09:26:39,10,31.0,10,2025-10-10 09:27:58
2025-10-10 09:28:13,2025-10-10 09:28:13,,385349,862689070136657,1758,GTASC,,,,,,,,,,,,,,,,,,,,,,,,,,,,,,,,,,,,,,,,,,,,,,,,,,,,2025-10-10 09:28:13
2025-10-10 09:30:58,2025-10-10 09:30:58,2025-10-10 09:30:54,385349,862689070136657,1760,GTERI,4.19,00008200,698407,14016,81,00,22,,,15,1,0724,0005,9C6B,0692F90A,47.5,357,577.8,-23.297910,-51.145417,33.5,,24,0,2,28,,,,,,,,,,,,,,,,1,68.9,38,604.1,-51.146688,-23.304607,2025-10-10 09:29:37,14,32.6,10,2025-10-10 09:30:58
2025-10-10 09:33:59,2025-10-10 09:33:58,2025-10-10 09:33:54,385349,862689070136657,1763,GTERI,4.19,00008200,698407,14000,81,00,22,,,13,1,0724,0005,A053,0690110A,48.4,88,556.6,-23.293168,-51.134148,35.2,,21,0,2,28,,,,,,,,,,,,,,,,1,67.4,93,523.6,-51.138072,-23.293142,2025-10-10 09:32:45,15,34.8,10,2025-10-10 09:33:59
2025-10-10 09:35:38,2025-10-10 09:35:37,2025-10-10 09:35:37,385349,862689070136657,1765,GTSPD,4.19,,698407,14000,81,00,22,,,15,1,0724,0005,A053,06933D0A,115.1,97,476.1,-23.293537,-51.116007,37.0,,,,,,,,,,,,,,,,,,,,,,,,,,,,,,,2025-10-10 09:35:38
2025-10-10 09:35:46,2025-10-10 09:35:46,2025-10-10 09:35:46,385349,862689070136657,1766,GTSPD,4.19,,698407,14016,81,00,22,,,15,1,0724,0005,A053,06933D0A,104.6,90,484.7,-23.293785,-51.113160,37.3,,,,,,,,,,,,,,,,,,,,,,,,,,,,,,,2025-10-10 09:35:46
2025-10-10 09:36:58,2025-10-10 09:36:58,2025-10-10 09:36:53,385349,862689070136657,1767,GTERI,4.19,00008200,698407,14016,81,00,22,,,14,1,0724,0005,A053,06933D09,65.5,84,485.6,-23.293125,-51.099835,38.8,,25,0,2,28,,,,,,,,,,,,,,,,1,94.5,89,487.7,-51.112617,-23.293787,2025-10-10 09:35:48,14,37.4,10,2025-10-10 09:36:58
2025-10-10 09:37:41,2025-10-10 09:37:41,2025-10-10 09:37:41,385349,862689070136657,1769,GTSPD,4.19,,698407,13992,81,00,22,,,12,1,0724,0005,9FEF,068FEA0A,115.5,359,494.3,-23.290508,-51.094750,39.5,,,,,,,,,,,,,,,,,,,,,,,,,,,,,,,2025-10-10 09:37:41
2025-10-10 09:38:47,2025-10-10 09:38:46,2025-10-10 09:38:46,385349,862689070136657,1770,GTSPD,4.19,,698407,14016,81,00,22,,,15,1,0724,0005,9FEF,068FEA08,107.9,16,473.4,-23.269975,-51.091185,42.0,,,,,,,,,,,,,,,,,,,,,,,,,,,,,,,2025-10-10 09:38:47
2025-10-10 09:38:50,2025-10-10 09:38:50,2025-10-10 09:38:50,385349,862689070136657,1771,GTSPD,4.19,,698407,13959,81,00,22,,,16,1,0724,0005,A053,06933D08,111.7,14,478.6,-23.268963,-51.090768,42.1,,,,,,,,,,,,,,,,,,,,,,,,,,,,,,,2025-10-10 09:38:50
2025-10-10 09:39:04,2025-10-10 09:39:03,2025-10-10 09:39:03,385349,862689070136657,1772,GTSPD,4.19,,698407,13984,81,00,22,,,15,1,0724,0005,9FEF,068FEA08,106.1,16,473.3,-23.265438,-51.091117,42.5,,,,,,,,,,,,,,,,,,,,,,,,,,,,,,,2025-10-10 09:39:04
2025-10-10 09:39:08,2025-10-10 09:39:08,2025-10-10 09:39:08,385349,862689070136657,1773,GTSPD,4.19,,698407,13992,81,00,22,,,15,1,0724,0005,9FEF,068FEA08,118.0,61,474.3,-23.264610,-51.089782,42.7,,,,,,,,,,,,,,,,,,,,,,,,,,,,,,,2025-10-10 09:39:08
2025-10-10 09:39:15,2025-10-10 09:39:15,2025-10-10 09:39:15,385349,862689070136657,1774,GTSPD,4.19,,698407,13992,81,00,22,,,16,1,0724,0005,9FEF,068FE90A,104.4,75,477.0,-23.263842,-51.087660,42.9,,,,,,,,,,,,,,,,,,,,,,,,,,,,,,,2025-10-10 09:39:15
2025-10-10 09:39:58,2025-10-10 09:39:58,2025-10-10 09:39:53,385349,862689070136657,1776,GTERI,4.19,00008200,698407,14000,81,00,22,,,14,1,0724,0005,9FEF,06936A04,92.0,40,465.8,-23.260935,-51.079160,44.0,,14,0,2,3,,,,,,,,,,,,,,,,1,103.5,35,452.0,-51.078547,-23.260032,2025-10-10 09:39:57,14,44.0,10,2025-10-10 09:39:58
2025-10-10 09:40:02,2025-10-10 09:40:03,2025-10-10 09:40:02,385349,862689070136657,1777,GTSPD,4.19,,698407,13992,81,00,22,,,15,1,0724,0005,9FEF,06936A04,114.8,50,445.0,-23.259032,-51.077455,44.1,,,,,,,,,,,,,,,,,,,,,,,,,,,,,,,2025-10-10 09:40:02
2025-10-10 09:40:06,2025-10-10 09:40:07,2025-10-10 09:40:06,385349,862689070136657,1778,GTSPD,4.19,,698407,14000,81,00,22,,,16,1,0724,0005,9FEF,06936A04,101.9,54,442.8,-23.258368,-51.076442,44.2,,,,,,,,,,,,,,,,,,,,,,,,,,,,,,,2025-10-10 09:40:06
2025-10-10 09:40:30,2025-10-10 09:40:31,2025-10-10 09:40:30,385349,862689070136657,1779,GTSPD,4.19,,698407,14008,81,00,22,,,16,1,0724,0005,9FEF,06936A04,119.0,116,446.8,-23.259590,-51.070743,44.9,,,,,,,,,,,,,,,,,,,,,,,,,,,,,,,2025-10-10 09:40:30
2025-10-10 09:40:37,2025-10-10 09:40:38,2025-10-10 09:40:37,385349,862689070136657,1780,GTSPD,4.19,,698407,13976,81,00,22,,,14,1,0724,0005,9FEF,0690900E,97.8,107,447.9,-23.260488,-51.068702,45.1,,,,,,,,,,,,,,,,,,,,,,,,,,,,,,,2025-10-10 09:40:37
2025-10-10 09:40:38,2025-10-10 09:40:39,,385349,862689070136657,1781,GTASC,,,,,,,,,,,,,,,,,,,,,,,,,,,,,,,,,,,,,,,,,,,,,,,,,,,,2025-10-10 09:40:38
2025-10-10 09:40:55,2025-10-10 09:40:56,2025-10-10 09:40:55,385349,862689070136657,1782,GTSPD,4.19,,698407,14000,81,00,22,,,14,1,0724,0005,9FEF,06936A04,113.6,44,418.3,-23.258338,-51.064952,45.6,,,,,,,,,,,,,,,,,,,,,,,,,,,,,,,2025-10-10 09:40:55
2025-10-10 09:41:02,2025-10-10 09:41:03,2025-10-10 09:41:02,385349,862689070136657,1783,GTSPD,4.19,,698407,14008,81,00,22,,,13,1,0724,0005,9FEF,06936A04,103.4,44,429.6,-23.256893,-51.063472,45.8,,,,,,,,,,,,,,,,,,,,,,,,,,,,,,,2025-10-10 09:41:02
2025-10-10 09:54:02,2025-10-10 09:42:59,2025-10-10 09:42:54,385349,862689070136657,1786,GTERI,4.19,00008200,698407,13984,81,00,22,,,13,1,0724,0005,9FEF,06904409,127.5,83,449.4,-23.252198,-51.037580,49.0,,31,0,2,28,,,,,,,,,,,,,,,,1,132.7,93,440.0,-51.040722,-23.251703,2025-10-10 09:42:44,12,48.5,10,2025-10-10 09:54:02
2025-10-10 09:54:02,2025-10-10 09:42:39,2025-10-10 09:42:38,385349,862689070136657,1785,GTSPD,4.19,,698407,14016,81,00,22,,,12,1,0724,0005,9FEF,06904409,114.0,92,424.9,-23.251827,-51.042545,48.3,,,,,,,,,,,,,,,,,,,,,,,,,,,,,,,2025-10-10 09:54:02
2025-10-10 09:54:38,2025-10-10 09:43:23,2025-10-10 09:43:22,385349,862689070136657,1787,GTSPD,4.19,,698407,14024,81,00,22,,,12,1,0724,0005,9FEF,068FE908,101.7,89,410.6,-23.249557,-51.028335,49.9,,,,,,,,,,,,,,,,,,,,,,,,,,,,,,,2025-10-10 09:54:38
2025-10-10 09:54:38,2025-10-10 09:43:23,2025-10-10 09:43:22,385349,862689070136657,1787,GTSPD,4.19,,698407,14024,81,00,22,,,12,1,0724,0005,9FEF,068FE908,101.7,89,410.6,-23.249557,-51.028335,49.9,,,,,,,,,,,,,,,,,,,,,,,,,,,,,,,2025-10-10 09:54:38
2025-10-10 09:54:38,2025-10-10 09:42:59,2025-10-10 09:42:54,385349,862689070136657,1786,GTERI,4.19,00008200,698407,13984,81,00,22,,,13,1,0724,0005,9FEF,06904409,127.5,83,449.4,-23.252198,-51.037580,49.0,,31,0,2,28,,,,,,,,,,,,,,,,1,132.7,93,440.0,-51.040722,-23.251703,2025-10-10 09:42:44,12,48.5,10,2025-10-10 09:54:38
2025-10-10 09:54:39,2025-10-10 09:43:42,2025-10-10 09:43:41,385349,862689070136657,1789,GTSPD,4.19,,698407,14016,81,00,22,,,13,1,0724,0005,9C6B,06908408,113.1,120,451.0,-23.250240,-51.024347,50.3,,,,,,,,,,,,,,,,,,,,,,,,,,,,,,,2025-10-10 09:54:39
2025-10-10 09:54:40,2025-10-10 09:45:08,2025-10-10 09:45:07,385349,862689070136657,1791,GTSPD,4.19,,698407,14024,81,00,22,,,13,1,0724,0005,BFF7,068FF20A,116.5,81,445.6,-23.260588,-51.010032,52.3,,,,,,,,,,,,,,,,,,,,,,,,,,,,,,,2025-10-10 09:54:40
2025-10-10 09:54:40,2025-10-10 09:43:56,2025-10-10 09:43:55,385349,862689070136657,1790,GTSPD,4.19,,698407,13984,81,00,22,,,13,1,0724,0005,9C6B,06908408,105.0,135,464.9,-23.252495,-51.020645,50.8,,,,,,,,,,,,,,,,,,,,,,,,,,,,,,,2025-10-10 09:54:40
2025-10-10 09:54:43,2025-10-10 09:45:59,2025-10-10 09:45:54,385349,862689070136657,1793,GTERI,4.19,00008200,698407,14008,81,00,22,,,13,1,0724,0005,BFF7,068FF20A,83.1,118,437.0,-23.261665,-50.996063,53.8,,20,0,2,28,,,,,,,,,,,,,,,,1,101.7,118,443.3,-50.997063,-23.261148,2025-10-10 09:45:49,14,53.7,10,2025-10-10 09:54:43
2025-10-10 09:54:43,2025-10-10 09:45:38,2025-10-10 09:45:37,385349,862689070136657,1792,GTSPD,4.19,,698407,14016,81,00,22,,,13,1,0724,0005,BFF7,068FF20A,104.2,94,459.1,-23.260073,-50.999922,53.3,,,,,,,,,,,,,,,,,,,,,,,,,,,,,,,2025-10-10 09:54:43
2025-10-10 09:54:43,2025-10-10 09:45:38,2025-10-10 09:45:37,385349,862689070136657,1792,GTSPD,4.19,,698407,14016,81,00,22,,,13,1,0724,0005,BFF7,068FF20A,104.2,94,459.1,-23.260073,-50.999922,53.3,,,,,,,,,,,,,,,,,,,,,,,,,,,,,,,2025-10-10 09:54:43
2025-10-10 09:54:44,2025-10-10 09:48:59,2025-10-10 09:48:54,385349,862689070136657,1797,GTERI,4.19,00008200,698407,14000,81,00,22,,,14,1,0724,0005,BFF7,068FF20A,64.1,47,363.5,-23.260755,-50.988670,54.6,,26,0,2,28,,,,,,,,,,,,,,,,1,67.6,43,364.2,-50.988257,-23.260407,2025-10-10 09:48:57,14,54.6,10,2025-10-10 09:54:44
2025-10-10 09:54:44,2025-10-10 09:46:54,,385349,862689070136657,1795,GTASC,,,,,,,,,,,,,,,,,,,,,,,,,,,,,,,,,,,,,,,,,,,,,,,,,,,,2025-10-10 09:54:44
2025-10-10 09:54:45,2025-10-10 09:50:49,2025-10-10 09:50:48,385349,862689070136657,1800,GTSPD,4.19,,698407,14008,81,00,22,,,14,1,0724,0005,BFF7,068FF209,110.3,119,379.7,-23.264293,-50.973655,56.5,,,,,,,,,,,,,,,,,,,,,,,,,,,,,,,2025-10-10 09:54:45
2025-10-10 09:54:45,2025-10-10 09:50:23,,385349,862689070136657,1798,GTASC,,,,,,,,,,,,,,,,,,,,,,,,,,,,,,,,,,,,,,,,,,,,,,,,,,,,2025-10-10 09:54:45
2025-10-10 09:54:46,2025-10-10 09:51:34,2025-10-10 09:51:33,385349,862689070136657,1802,GTDOG,,,,,,,,,,,,,,,,,,,,,,,,,,,,,,,,,,,,,,,,,,,,,,,,,,,,2025-10-10 09:54:46
2025-10-10 09:54:46,2025-10-10 09:50:54,2025-10-10 09:50:53,385349,862689070136657,1801,GTSPD,4.19,,698407,14016,81,00,22,,,14,1,0724,0005,BFF7,068FF209,106.3,121,371.5,-23.264980,-50.972375,56.7,,,,,,,,,,,,,,,,,,,,,,,,,,,,,,,2025-10-10 09:54:46
2025-10-10 09:54:47,2025-10-10 09:51:59,2025-10-10 09:51:53,385349,862689070136657,1804,GTERI,4.19,00008200,698407,14024,81,00,22,,,14,1,0724,0005,BFF7,068FF209,108.4,143,416.5,-23.276053,-50.962268,58.5,,18,0,2,28,,,,,,,,,,,,,,,,1,113.2,143,416.4,-50.961532,-23.276982,2025-10-10 09:51:57,14,58.5,10,2025-10-10 09:54:47
2025-10-10 09:54:47,2025-10-10 09:51:56,2025-10-10 09:51:55,385349,862689070136657,1803,GTSPD,4.19,,698407,14032,81,00,22,,,14,1,0724,0005,BFF7,068FF209,114.4,142,416.0,-23.276513,-50.961898,58.4,,,,,,,,,,,,,,,,,,,,,,,,,,,,,,,2025-10-10 09:54:47
2025-10-10 09:54:48,2025-10-10 09:52:48,2025-10-10 09:52:48,385349,862689070136657,1806,GTRTL,4.18,,698407,13967,81,00,22,,,9,1,0724,0005,9FEF,06904408,130.8,105,437.1,-23.283847,-50.950990,58.8,,,,,,,,,,,,,,,,,,,,,,,,,,,,,,,2025-10-10 09:54:48
2025-10-10 09:54:48,2025-10-10 09:52:01,2025-10-10 09:52:00,385349,862689070136657,1805,GTSPD,4.19,,698407,14032,81,00,22,,,14,1,0724,0005,BFF7,068FF209,103.6,144,420.6,-23.277640,-50.961047,58.5,,,,,,,,,,,,,,,,,,,,,,,,,,,,,,,2025-10-10 09:54:48
2025-10-10 09:54:51,2025-10-10 09:54:47,2025-10-10 09:54:47,385349,862689070136657,1809,GTSPD,4.17,,698407,14000,81,00,22,,,12,1,0724,0005,BFF7,06903E0A,106.4,88,423.4,-23.285975,-50.905940,63.4,,,,,,,,,,,,,,,,,,,,,,,,,,,,,,,2025-10-10 09:54:51
2025-10-10 09:54:51,2025-10-10 09:52:49,2025-10-10 09:52:49,385349,862689070136657,1808,GTSPD,4.18,,698407,13976,81,00,22,,,9,1,0724,0005,9FEF,06904408,130.0,105,438.5,-23.283948,-50.950632,58.8,,,,,,,,,,,,,,,,,,,,,,,,,,,,,,,2025-10-10 09:54:51
2025-10-10 09:54:51,2025-10-10 09:52:48,2025-10-10 09:52:48,385349,862689070136657,1807,GTERI,4.18,00008200,698407,13967,81,00,22,,,9,1,0724,0005,9FEF,06904408,130.8,105,437.1,-23.283847,-50.950990,58.8,,10,0,2,28,,,,,,,,,,,,,,,,1,130.8,105,437.1,-50.950990,-23.283847,2025-10-10 09:52:48,9,58.8,10,2025-10-10 09:54:51
2025-10-10 09:54:51,2025-10-10 09:52:48,2025-10-10 09:52:48,385349,862689070136657,1807,GTERI,4.18,00008200,698407,13967,81,00,22,,,9,1,0724,0005,9FEF,06904408,130.8,105,437.1,-23.283847,-50.950990,58.8,,10,0,2,28,,,,,,,,,,,,,,,,1,130.8,105,437.1,-50.950990,-23.283847,2025-10-10 09:52:48,9,58.8,10,2025-10-10 09:54:51
2025-10-10 09:54:54,2025-10-10 09:54:54,2025-10-10 09:54:54,385349,862689070136657,1810,GTSPD,4.17,,698407,13992,81,00,22,,,11,1,0724,0005,BFF7,06903E0A,115.0,66,422.7,-23.285485,-50.904007,63.6,,,,,,,,,,,,,,,,,,,,,,,,,,,,,,,2025-10-10 09:54:54
2025-10-10 09:59:49,2025-10-10 09:55:47,2025-10-10 09:55:42,385349,862689070136657,1811,GTERI,4.17,00008200,698407,13992,81,00,22,,,14,1,0724,0005,BFF7,06903E0A,141.6,96,443.0,-23.285932,-50.886082,65.7,,31,0,2,28,,,,,,,,,,,,,,,,1,147.2,96,419.6,-50.894953,-23.284997,2025-10-10 09:55:19,12,64.6,10,2025-10-10 09:59:49
2025-10-10 09:59:49,2025-10-10 09:55:47,2025-10-10 09:55:42,385349,862689070136657,1811,GTERI,4.17,00008200,698407,13992,81,00,22,,,14,1,0724,0005,BFF7,06903E0A,141.6,96,443.0,-23.285932,-50.886082,65.7,,31,0,2,28,,,,,,,,,,,,,,,,1,147.2,96,419.6,-50.894953,-23.284997,2025-10-10 09:55:19,12,64.6,10,2025-10-10 09:59:49
2025-10-10 09:59:49,2025-10-10 09:55:47,2025-10-10 09:55:42,385349,862689070136657,1811,GTERI,4.17,00008200,698407,13992,81,00,22,,,14,1,0724,0005,BFF7,06903E0A,141.6,96,443.0,-23.285932,-50.886082,65.7,,31,0,2,28,,,,,,,,,,,,,,,,1,147.2,96,419.6,-50.894953,-23.284997,2025-10-10 09:55:19,12,64.6,10,2025-10-10 09:59:49
2025-10-10 09:59:49,2025-10-10 09:55:47,2025-10-10 09:55:42,385349,862689070136657,1811,GTERI,4.17,00008200,698407,13992,81,00,22,,,14,1,0724,0005,BFF7,06903E0A,141.6,96,443.0,-23.285932,-50.886082,65.7,,31,0,2,28,,,,,,,,,,,,,,,,1,147.2,96,419.6,-50.894953,-23.284997,2025-10-10 09:55:19,12,64.6,10,2025-10-10 09:59:49
2025-10-10 09:59:50,2025-10-10 09:57:05,2025-10-10 09:57:05,385349,862689070136657,1814,GTSPD,4.17,,698407,14008,81,00,22,,,13,1,0724,0005,BFF7,06903E0A,112.6,118,506.4,-23.278967,-50.856932,68.7,,,,,,,,,,,,,,,,,,,,,,,,,,,,,,,2025-10-10 09:59:50
2025-10-10 09:59:50,2025-10-10 09:56:57,2025-10-10 09:56:57,385349,862689070136657,1813,GTSPD,4.17,,698407,14016,81,00,22,,,14,1,0724,0005,BFF7,06903E0A,102.7,72,495.7,-23.278235,-50.859137,68.5,,,,,,,,,,,,,,,,,,,,,,,,,,,,,,,2025-10-10 09:59:50
2025-10-10 09:59:51,2025-10-10 09:57:52,2025-10-10 09:57:51,385349,862689070136657,1816,GTSPD,4.17,,698407,14016,81,00,22,,,11,1,0724,0005,BFF7,06903E0A,118.8,118,565.2,-23.278873,-50.842142,70.3,,,,,,,,,,,,,,,,,,,,,,,,,,,,,,,2025-10-10 09:59:51
2025-10-10 09:59:51,2025-10-10 09:57:45,2025-10-10 09:57:44,385349,862689070136657,1815,GTSPD,4.17,,698407,14008,81,00,22,,,13,1,0724,0005,BFF7,06903E0A,109.3,75,563.2,-23.278417,-50.844147,70.1,,,,,,,,,,,,,,,,,,,,,,,,,,,,,,,2025-10-10 09:59:51
2025-10-10 09:59:52,2025-10-10 09:58:47,2025-10-10 09:58:42,385349,862689070136657,1817,GTERI,4.17,00008200,698407,14000,81,00,22,,,11,1,0724,0005,BFF7,06903E0A,130.4,80,505.0,-23.274122,-50.825470,72.3,,31,0,2,28,,,,,,,,,,,,,,,,1,158.3,68,533.9,-50.833748,-23.276303,2025-10-10 09:58:17,11,71.3,10,2025-10-10 09:59:52
2025-10-10 10:01:47,2025-10-10 10:01:47,2025-10-10 10:01:42,385349,862689070136657,1819,GTERI,4.17,00008200,698407,13976,81,00,22,,,11,1,0724,0005,BFF7,0690BD0A,151.8,60,526.6,-23.251578,-50.757465,79.8,,10,0,2,28,,,,,,,,,,,,,,,,1,168.5,56,531.8,-50.768775,-23.257648,2025-10-10 10:01:09,13,78.3,10,2025-10-10 10:01:47
2025-10-10 10:02:20,2025-10-10 10:02:11,2025-10-10 10:02:10,385349,862689070136657,1820,GTSPD,4.17,,698407,14040,81,00,22,,,13,1,0724,0005,BFF7,068FDF06,109.8,73,503.6,-23.247143,-50.748913,80.7,,,,,,,,,,,,,,,,,,,,,,,,,,,,,,,2025-10-10 10:02:20
2025-10-10 10:04:51,2025-10-10 10:04:47,2025-10-10 10:04:42,385349,862689070136657,1822,GTERI,4.17,00008200,698407,14040,81,00,22,,,13,1,0724,0005,BFF7,068FE005,86.0,91,405.9,-23.244972,-50.712373,84.7,,7,0,2,3,,,,,,,,,,,,,,,,1,109.9,83,502.0,-50.748312,-23.247105,2025-10-10 10:02:12,13,80.7,10,2025-10-10 10:04:51
2025-10-10 10:07:35,2025-10-10 10:07:31,2025-10-10 10:07:30,385349,862689070136657,1825,GTSPD,4.17,,698407,14040,81,00,22,,,14,1,0724,0005,BFF7,068FE004,112.7,43,488.2,-23.226407,-50.675208,89.3,,,,,,,,,,,,,,,,,,,,,,,,,,,,,,,2025-10-10 10:07:35
2025-10-10 10:07:47,2025-10-10 10:07:47,2025-10-10 10:07:42,385349,862689070136657,1826,GTERI,4.17,00008200,698407,14032,81,00,22,,,14,1,0724,0005,BFF7,068FE004,125.3,43,502.8,-23.223798,-50.672507,89.8,,26,0,2,3,,,,,,,,,,,,,,,,1,125.4,22,509.7,-50.671748,-23.222730,2025-10-10 10:07:46,14,89.8,10,2025-10-10 10:07:47
2025-10-10 10:08:19,2025-10-10 10:08:20,2025-10-10 10:08:19,385349,862689070136657,1827,GTSPD,4.17,,698407,14048,81,00,22,,,13,1,0724,0005,BFF7,06905405,109.0,29,517.9,-23.212753,-50.668365,91.0,,,,,,,,,,,,,,,,,,,,,,,,,,,,,,,2025-10-10 10:08:19
2025-10-10 10:09:00,2025-10-10 10:09:01,2025-10-10 10:09:00,385349,862689070136657,1828,GTSPD,4.17,,698407,14032,81,00,22,,,13,1,0724,0005,BFF7,06905405,113.8,67,542.8,-23.207400,-50.659525,92.1,,,,,,,,,,,,,,,,,,,,,,,,,,,,,,,2025-10-10 10:09:00
2025-10-10 10:09:05,2025-10-10 10:09:06,2025-10-10 10:09:05,385349,862689070136657,1829,GTSPD,4.17,,698407,14024,81,00,22,,,12,1,0724,0005,BFF7,06905405,108.8,68,552.4,-23.206880,-50.658133,92.2,,,,,,,,,,,,,,,,,,,,,,,,,,,,,,,2025-10-10 10:09:05
2025-10-10 10:10:47,2025-10-10 10:10:47,2025-10-10 10:10:42,385349,862689070136657,1831,GTERI,4.17,00008200,698407,13976,81,00,22,,,13,1,0724,0005,BFF7,06905404,0.0,54,645.0,-23.194072,-50.651340,94.1,,26,0,2,3,,,,,,,,,,,,,,,,1,108.0,69,554.7,-50.657585,-23.206705,2025-10-10 10:09:07,12,92.3,10,2025-10-10 10:10:47
2025-10-10 10:13:47,2025-10-10 10:13:47,2025-10-10 10:13:42,385349,862689070136657,1834,GTERI,4.17,00008200,698407,14040,81,00,22,,,14,1,0724,0005,BFF7,068FDC05,31.2,353,713.1,-23.187032,-50.648335,95.0,,24,0,2,3,,,,,,,,,,,,,,,,1,40.1,37,648.0,-50.650900,-23.193530,2025-10-10 10:11:10,14,94.2,10,2025-10-10 10:13:47
2025-10-10 10:16:47,2025-10-10 10:16:47,2025-10-10 10:16:42,385349,862689070136657,1836,GTERI,4.17,00008200,698407,14024,81,00,22,,,13,1,0724,0005,BFF7,06904E05,11.6,354,656.0,-23.181842,-50.648177,96.0,,21,0,2,3,,,,,,,,,,,,,,,,1,42.5,194,648.6,-50.646990,-23.181362,2025-10-10 10:15:56,12,95.8,10,2025-10-10 10:16:47
2025-10-10 10:18:11,2025-10-10 10:18:12,2025-10-10 10:18:11,385349,862689070136657,1839,GTERI,4.17,00008200,698407,13050,80,00,12,,,12,1,0724,0005,BFF7,06904E05,0.0,195,660.2,-23.181637,-50.648150,96.0,,24,0,2,3,,,,,,,,,,,,,,,,1,0.0,195,660.2,-50.648150,-23.181637,2025-10-10 10:18:11,12,96.0,10,2025-10-10 10:18:11
2025-10-10 10:18:11,2025-10-10 10:18:11,2025-10-10 10:18:10,385349,862689070136657,1838,GTIGF,4.17,,698407,13115,80,00,12,3376,,12,0,0724,0005,BFF7,06904E05,0.0,195,660.2,-23.181637,-50.648150,96.0,,,,,,,,,,,,,,,,,,,,,,,,,,,,,,,2025-10-10 10:18:11
2025-10-10 10:31:11,2025-10-10 10:27:42,2025-10-10 10:27:41,385349,862689070136657,1842,GTERI,4.16,00008200,698407,13903,81,00,22,,,7,1,0724,0005,BFF7,06904E05,1.8,46,683.6,-23.181665,-50.648115,96.0,,20,0,2,3,,,,,,,,,,,,,,,,1,1.8,46,683.6,-50.648115,-23.181665,2025-10-10 10:27:41,7,96.0,10,2025-10-10 10:31:11
2025-10-10 10:31:11,2025-10-10 10:27:31,2025-10-10 10:18:11,385349,862689070136657,1840,GTIGN,4.16,,698407,12954,81,00,22,,560,12,1,0724,0005,BFF7,06904E05,0.0,195,660.2,-23.181637,-50.648150,96.0,,,,,,,,,,,,,,,,,,,,,,,,,,,,,,,2025-10-10 10:31:11
2025-10-10 10:31:12,2025-10-10 10:30:37,2025-10-10 10:30:32,385349,862689070136657,1843,GTERI,4.19,00008200,698407,13935,81,00,22,,,11,1,0724,0005,BFF7,068FDC04,0.0,177,673.6,-23.183767,-50.649673,96.6,,25,0,2,3,,,,,,,,,,,,,,,,1,36.1,174,666.4,-50.649877,-23.181583,2025-10-10 10:29:53,9,96.4,10,2025-10-10 10:31:12
2025-10-10 10:32:54,2025-10-10 10:32:54,,385349,862689070136657,1846,GTCRD,,,,,,,,,,,,,,,,,,,,,,,,,,,,,,,,,,,,,,,,,,,,,,,,,,,,2025-10-10 10:32:54
2025-10-10 10:32:54,2025-10-10 10:32:54,,385349,862689070136657,1845,GTCRA,,,,,,,,,,,,,,,,,,,,,,,,,,,,,,,,,,,,,,,,,,,,,,,,,,,,2025-10-10 10:32:54
2025-10-10 10:32:55,2025-10-10 10:32:54,,385349,862689070136657,1848,GTCRD,,,,,,,,,,,,,,,,,,,,,,,,,,,,,,,,,,,,,,,,,,,,,,,,,,,,2025-10-10 10:32:55
2025-10-10 10:32:55,2025-10-10 10:32:54,,385349,862689070136657,1847,GTCRD,,,,,,,,,,,,,,,,,,,,,,,,,,,,,,,,,,,,,,,,,,,,,,,,,,,,2025-10-10 10:32:55
2025-10-10 10:32:56,2025-10-10 10:32:54,,385349,862689070136657,1850,GTCRD,,,,,,,,,,,,,,,,,,,,,,,,,,,,,,,,,,,,,,,,,,,,,,,,,,,,2025-10-10 10:32:56
2025-10-10 10:32:56,2025-10-10 10:32:54,,385349,862689070136657,1849,GTCRD,,,,,,,,,,,,,,,,,,,,,,,,,,,,,,,,,,,,,,,,,,,,,,,,,,,,2025-10-10 10:32:56
2025-10-10 10:32:57,2025-10-10 10:32:54,,385349,862689070136657,1852,GTCRD,,,,,,,,,,,,,,,,,,,,,,,,,,,,,,,,,,,,,,,,,,,,,,,,,,,,2025-10-10 10:32:57
2025-10-10 10:32:57,2025-10-10 10:32:54,,385349,862689070136657,1851,GTCRD,,,,,,,,,,,,,,,,,,,,,,,,,,,,,,,,,,,,,,,,,,,,,,,,,,,,2025-10-10 10:32:57
2025-10-10 10:32:58,2025-10-10 10:32:54,,385349,862689070136657,1854,GTCRD,,,,,,,,,,,,,,,,,,,,,,,,,,,,,,,,,,,,,,,,,,,,,,,,,,,,2025-10-10 10:32:58
2025-10-10 10:32:58,2025-10-10 10:32:54,,385349,862689070136657,1853,GTCRD,,,,,,,,,,,,,,,,,,,,,,,,,,,,,,,,,,,,,,,,,,,,,,,,,,,,2025-10-10 10:32:58
2025-10-10 10:32:59,2025-10-10 10:32:54,,385349,862689070136657,1856,GTCRD,,,,,,,,,,,,,,,,,,,,,,,,,,,,,,,,,,,,,,,,,,,,,,,,,,,,2025-10-10 10:32:59
2025-10-10 10:32:59,2025-10-10 10:32:54,,385349,862689070136657,1855,GTCRD,,,,,,,,,,,,,,,,,,,,,,,,,,,,,,,,,,,,,,,,,,,,,,,,,,,,2025-10-10 10:32:59
2025-10-10 10:33:00,2025-10-10 10:32:54,,385349,862689070136657,1857,GTCRD,,,,,,,,,,,,,,,,,,,,,,,,,,,,,,,,,,,,,,,,,,,,,,,,,,,,2025-10-10 10:33:00
2025-10-10 10:33:01,2025-10-10 10:32:54,,385349,862689070136657,1859,GTCRD,,,,,,,,,,,,,,,,,,,,,,,,,,,,,,,,,,,,,,,,,,,,,,,,,,,,2025-10-10 10:33:01
2025-10-10 10:33:01,2025-10-10 10:32:54,,385349,862689070136657,1858,GTCRD,,,,,,,,,,,,,,,,,,,,,,,,,,,,,,,,,,,,,,,,,,,,,,,,,,,,2025-10-10 10:33:01
2025-10-10 10:33:02,2025-10-10 10:32:59,,385349,862689070136657,1862,GTCRD,,,,,,,,,,,,,,,,,,,,,,,,,,,,,,,,,,,,,,,,,,,,,,,,,,,,2025-10-10 10:33:02
2025-10-10 10:33:02,2025-10-10 10:32:59,,385349,862689070136657,1861,GTCRD,,,,,,,,,,,,,,,,,,,,,,,,,,,,,,,,,,,,,,,,,,,,,,,,,,,,2025-10-10 10:33:02
2025-10-10 10:33:02,2025-10-10 10:32:54,,385349,862689070136657,1860,GTCRD,,,,,,,,,,,,,,,,,,,,,,,,,,,,,,,,,,,,,,,,,,,,,,,,,,,,2025-10-10 10:33:02
2025-10-10 10:33:03,2025-10-10 10:32:59,,385349,862689070136657,1863,GTCRD,,,,,,,,,,,,,,,,,,,,,,,,,,,,,,,,,,,,,,,,,,,,,,,,,,,,2025-10-10 10:33:03
2025-10-10 10:33:04,2025-10-10 10:32:59,,385349,862689070136657,1865,GTCRD,,,,,,,,,,,,,,,,,,,,,,,,,,,,,,,,,,,,,,,,,,,,,,,,,,,,2025-10-10 10:33:04
2025-10-10 10:33:04,2025-10-10 10:32:59,,385349,862689070136657,1864,GTCRD,,,,,,,,,,,,,,,,,,,,,,,,,,,,,,,,,,,,,,,,,,,,,,,,,,,,2025-10-10 10:33:04
2025-10-10 10:33:05,2025-10-10 10:32:59,,385349,862689070136657,1867,GTCRD,,,,,,,,,,,,,,,,,,,,,,,,,,,,,,,,,,,,,,,,,,,,,,,,,,,,2025-10-10 10:33:05
2025-10-10 10:33:05,2025-10-10 10:32:59,,385349,862689070136657,1866,GTCRD,,,,,,,,,,,,,,,,,,,,,,,,,,,,,,,,,,,,,,,,,,,,,,,,,,,,2025-10-10 10:33:05
2025-10-10 10:33:06,2025-10-10 10:32:59,,385349,862689070136657,1869,GTCRD,,,,,,,,,,,,,,,,,,,,,,,,,,,,,,,,,,,,,,,,,,,,,,,,,,,,2025-10-10 10:33:06
2025-10-10 10:33:06,2025-10-10 10:32:59,,385349,862689070136657,1868,GTCRD,,,,,,,,,,,,,,,,,,,,,,,,,,,,,,,,,,,,,,,,,,,,,,,,,,,,2025-10-10 10:33:06
2025-10-10 10:33:07,2025-10-10 10:32:59,,385349,862689070136657,1871,GTCRD,,,,,,,,,,,,,,,,,,,,,,,,,,,,,,,,,,,,,,,,,,,,,,,,,,,,2025-10-10 10:33:07
2025-10-10 10:33:07,2025-10-10 10:32:59,,385349,862689070136657,1870,GTCRD,,,,,,,,,,,,,,,,,,,,,,,,,,,,,,,,,,,,,,,,,,,,,,,,,,,,2025-10-10 10:33:07
2025-10-10 10:33:08,2025-10-10 10:32:59,,385349,862689070136657,1873,GTCRD,,,,,,,,,,,,,,,,,,,,,,,,,,,,,,,,,,,,,,,,,,,,,,,,,,,,2025-10-10 10:33:08
2025-10-10 10:33:08,2025-10-10 10:32:59,,385349,862689070136657,1872,GTCRD,,,,,,,,,,,,,,,,,,,,,,,,,,,,,,,,,,,,,,,,,,,,,,,,,,,,2025-10-10 10:33:08
2025-10-10 10:33:09,2025-10-10 10:32:59,,385349,862689070136657,1875,GTCRD,,,,,,,,,,,,,,,,,,,,,,,,,,,,,,,,,,,,,,,,,,,,,,,,,,,,2025-10-10 10:33:09
2025-10-10 10:33:09,2025-10-10 10:32:59,,385349,862689070136657,1874,GTCRD,,,,,,,,,,,,,,,,,,,,,,,,,,,,,,,,,,,,,,,,,,,,,,,,,,,,2025-10-10 10:33:09
2025-10-10 10:33:37,2025-10-10 10:33:37,2025-10-10 10:33:32,385349,862689070136657,1876,GTERI,4.19,00008200,698407,12954,81,00,22,,,11,1,0724,0005,BFF7,068FDC04,0.0,161,696.9,-23.185618,-50.650002,96.9,,31,0,2,3,,,,,,,,,,,,,,,,1,0.0,161,696.9,-50.650002,-23.185618,2025-10-10 10:33:36,11,97.0,10,2025-10-10 10:33:37
2025-10-10 10:33:47,2025-10-10 10:33:47,2025-10-10 10:33:47,385349,862689070136657,1878,GTERI,4.19,00008200,698407,12946,80,00,12,,,11,1,0724,0005,BFF7,068FDC04,0.0,161,696.9,-23.185618,-50.650002,96.9,,31,0,2,3,,,,,,,,,,,,,,,,1,0.0,161,696.9,-50.650002,-23.185618,2025-10-10 10:33:47,11,96.9,10,2025-10-10 10:33:47
2025-10-10 10:33:47,2025-10-10 10:33:47,2025-10-10 10:33:46,385349,862689070136657,1877,GTIGF,4.19,,698407,12954,80,00,12,376,,11,0,0724,0005,BFF7,068FDC04,0.0,161,696.9,-23.185618,-50.650002,96.9,,,,,,,,,,,,,,,,,,,,,,,,,,,,,,,2025-10-10 10:33:47
2025-10-10 11:33:47,2025-10-10 11:33:47,2025-10-10 11:31:29,385349,862689070136657,1879,GTERI,4.13,00008200,698407,13115,80,00,11,,,9,1,0724,0005,BFF7,068FDC04,0.0,161,696.9,-23.185618,-50.650002,96.9,,31,0,2,3,,,,,,,,,,,,,,,,1,0.0,161,696.9,-50.650002,-23.185618,2025-10-10 11:31:29,9,96.9,10,2025-10-10 11:33:47
2025-10-10 12:02:37,2025-10-10 12:02:37,2025-10-10 11:31:29,385349,862689070136657,1880,GTIGN,4.11,,698407,12801,81,00,22,,5330,9,1,0724,0005,BFF7,068FDC04,0.0,161,696.9,-23.185618,-50.650002,96.9,,,,,,,,,,,,,,,,,,,,,,,,,,,,,,,2025-10-10 12:02:37
2025-10-10 12:02:48,2025-10-10 12:02:49,2025-10-10 12:02:48,385349,862689070136657,1882,GTERI,4.11,00008200,698407,13919,81,00,22,,,5,1,0724,0005,BFF7,068FDC04,6.1,51,691.5,-23.185648,-50.649913,96.9,,31,0,2,3,,,,,,,,,,,,,,,,1,6.1,51,691.5,-50.649913,-23.185648,2025-10-10 12:02:48,5,97.0,10,2025-10-10 12:02:48
2025-10-10 12:05:47,2025-10-10 12:05:47,2025-10-10 12:05:42,385349,862689070136657,1884,GTERI,4.18,00008200,698407,13927,81,00,21,,,10,1,0724,0005,BFF7,068FDC04,0.0,152,702.2,-23.185615,-50.650085,96.9,,29,0,2,3,,,,,,,,,,,,,,,,1,6.4,112,704.8,-50.649928,-23.185710,2025-10-10 12:03:20,10,97.0,10,2025-10-10 12:05:47
2025-10-10 12:08:47,2025-10-10 12:08:47,2025-10-10 12:08:42,385349,862689070136657,1887,GTERI,4.18,00008200,698407,13911,81,00,22,,,9,1,0724,0005,BFF7,068FDC04,4.5,161,697.7,-23.185667,-50.650047,96.9,,31,0,2,3,,,,,,,,,,,,,,,,1,4.5,161,697.7,-50.650047,-23.185667,2025-10-10 12:08:42,9,97.0,10,2025-10-10 12:08:47
2025-10-10 12:11:47,2025-10-10 12:11:47,2025-10-10 12:11:42,385349,862689070136657,1889,GTERI,4.19,00008200,698407,13935,81,00,22,,,10,1,0724,0005,BFF7,06904E05,0.0,7,659.7,-23.180990,-50.647973,97.5,,27,0,2,3,,,,,,,,,,,,,,,,1,46.6,354,691.7,-50.648662,-23.184482,2025-10-10 12:10:30,11,97.2,10,2025-10-10 12:11:47
2025-10-10 12:14:47,2025-10-10 12:14:47,2025-10-10 12:14:42,385349,862689070136657,1892,GTERI,4.19,00008200,698407,14000,81,00,22,,,14,1,0724,0005,BFF7,068FDE06,50.9,93,678.1,-23.175713,-50.641118,98.8,,23,0,2,3,,,,,,,,,,,,,,,,1,56.4,16,668.3,-50.646417,-23.175887,2025-10-10 12:13:13,10,98.1,10,2025-10-10 12:14:47
2025-10-10 12:15:38,2025-10-10 12:15:38,,385349,862689070136657,1893,GTASC,,,,,,,,,,,,,,,,,,,,,,,,,,,,,,,,,,,,,,,,,,,,,,,,,,,,2025-10-10 12:15:38
2025-10-10 12:17:47,2025-10-10 12:17:47,2025-10-10 12:17:42,385349,862689070136657,1895,GTERI,4.19,00008200,698407,14016,81,00,22,,,13,1,0724,0005,BFF7,068FDE04,44.7,85,638.4,-23.174012,-50.624448,100.6,,22,0,2,3,,,,,,,,,,,,,,,,1,57.5,104,627.7,-50.630600,-23.175623,2025-10-10 12:16:19,14,99.9,10,2025-10-10 12:17:47
2025-10-10 12:20:47,2025-10-10 12:20:47,2025-10-10 12:20:42,385349,862689070136657,1898,GTERI,4.19,00008200,698407,14000,81,00,22,,,13,1,0724,0005,BFF7,068FDE04,91.0,58,612.2,-23.173808,-50.614672,101.8,,11,0,2,3,,,,,,,,,,,,,,,,1,106.3,32,609.3,-50.613955,-23.172962,2025-10-10 12:20:46,13,101.8,10,2025-10-10 12:20:47
2025-10-10 12:23:31,2025-10-10 12:23:32,2025-10-10 12:23:31,385349,862689070136657,1900,GTSPD,4.19,,698407,14024,81,00,22,,,16,1,0724,0005,BFF7,068FDE04,113.0,47,559.9,-23.149058,-50.595942,105.1,,,,,,,,,,,,,,,,,,,,,,,,,,,,,,,2025-10-10 12:23:31
2025-10-10 12:23:42,2025-10-10 12:23:43,2025-10-10 12:23:42,385349,862689070136657,1901,GTSPD,4.19,,698407,14000,81,00,22,,,14,1,0724,0005,BFF7,068FDE04,107.2,50,563.3,-23.146978,-50.593175,105.5,,,,,,,,,,,,,,,,,,,,,,,,,,,,,,,2025-10-10 12:23:42
2025-10-10 12:23:47,2025-10-10 12:23:47,2025-10-10 12:23:42,385349,862689070136657,1902,GTERI,4.19,00008200,698407,13992,81,00,22,,,13,1,0724,0005,BFF7,068FDE04,107.2,50,563.3,-23.146978,-50.593175,105.6,,18,0,2,3,,,,,,,,,,,,,,,,1,103.7,49,563.8,-50.592733,-23.146645,2025-10-10 12:23:44,14,105.6,10,2025-10-10 12:23:47
2025-10-10 12:26:47,2025-10-10 12:26:47,2025-10-10 12:26:42,385349,862689070136657,1905,GTERI,4.19,00008200,698407,14008,81,00,22,,,20,1,0724,0005,BFF7,0690340A,98.2,97,522.3,-23.147745,-50.549745,110.2,,9,0,2,28,,,,,,,,,,,,,,,,1,103.7,96,533.4,-50.560342,-23.146837,2025-10-10 12:26:03,19,109.0,10,2025-10-10 12:26:47
2025-10-10 12:29:02,2025-10-10 12:29:03,2025-10-10 12:29:02,385349,862689070136657,1907,GTSPD,4.18,,698407,14008,81,00,22,,,16,1,0724,0005,BFF7,06903409,117.2,99,420.0,-23.154113,-50.519060,113.3,,,,,,,,,,,,,,,,,,,,,,,,,,,,,,,2025-10-10 12:29:02
2025-10-10 12:31:28,2025-10-10 12:29:18,2025-10-10 12:29:17,385349,862689070136657,1908,GTSPD,4.18,,698407,14000,81,00,22,,,16,1,0724,0005,BFF7,06903409,101.1,99,410.5,-23.154830,-50.514388,113.8,,,,,,,,,,,,,,,,,,,,,,,,,,,,,,,2025-10-10 12:31:28
2025-10-10 12:31:29,2025-10-10 12:29:47,2025-10-10 12:29:42,385349,862689070136657,1909,GTERI,4.17,00008200,698407,13992,81,00,22,,,18,1,0724,0005,BFF7,06903409,98.9,94,422.6,-23.155767,-50.507827,114.6,,18,0,2,28,,,,,,,,,,,,,,,,1,100.1,99,412.9,-50.511020,-23.155345,2025-10-10 12:29:30,18,114.2,10,2025-10-10 12:31:29
2025-10-10 12:32:48,2025-10-10 12:32:47,2025-10-10 12:32:42,385349,862689070136657,1911,GTERI,4.17,00008200,698407,14032,81,00,22,,,18,1,0724,0005,BFF7,06903409,99.5,57,447.7,-23.132762,-50.473913,119.1,,10,0,2,28,,,,,,,,,,,,,,,,1,105.9,62,440.1,-50.493180,-23.143708,2025-10-10 12:31:16,15,116.7,10,2025-10-10 12:32:48
2025-10-10 12:37:10,2025-10-10 12:34:40,2025-10-10 12:34:40,385349,862689070136657,1913,GTSPD,4.17,,698407,13984,81,00,22,,,18,1,0724,0005,FDAF,068FC806,112.6,99,393.1,-23.130637,-50.443280,122.3,,,,,,,,,,,,,,,,,,,,,,,,,,,,,,,2025-10-10 12:37:10
2025-10-10 12:37:11,2025-10-10 12:35:33,2025-10-10 12:35:32,385349,862689070136657,1916,GTSPD,4.17,,698407,14032,81,00,22,,,13,1,0724,0005,FDAF,068FC806,114.5,98,438.2,-23.133018,-50.426843,124.0,,,,,,,,,,,,,,,,,,,,,,,,,,,,,,,2025-10-10 12:37:11
2025-10-10 12:37:11,2025-10-10 12:35:18,2025-10-10 12:35:17,385349,862689070136657,1914,GTSPD,4.17,,698407,14032,81,00,22,,,20,1,0724,0005,FDAF,068FC806,102.8,98,429.2,-23.132482,-50.430553,123.7,,,,,,,,,,,,,,,,,,,,,,,,,,,,,,,2025-10-10 12:37:11
2025-10-10 12:37:12,2025-10-10 12:35:47,2025-10-10 12:35:42,385349,862689070136657,1918,GTERI,4.17,00008200,698407,14048,81,00,22,,,20,1,0724,0005,FDAF,068FC806,109.7,98,443.3,-23.133515,-50.423662,124.5,,11,0,2,3,,,,,,,,,,,,,,,,1,103.0,99,445.4,-50.422850,-23.133655,2025-10-10 12:35:45,20,124.5,10,2025-10-10 12:37:12
2025-10-10 12:37:12,2025-10-10 12:35:44,2025-10-10 12:35:43,385349,862689070136657,1917,GTSPD,4.17,,698407,14040,81,00,22,,,20,1,0724,0005,FDAF,068FC806,107.7,98,445.4,-23.133557,-50.423375,124.4,,,,,,,,,,,,,,,,,,,,,,,,,,,,,,,2025-10-10 12:37:12
2025-10-10 12:37:13,2025-10-10 12:36:49,2025-10-10 12:36:48,385349,862689070136657,1920,GTSPD,4.17,,698407,14032,81,00,22,,,18,1,0724,0005,FDAF,068FC805,104.0,98,459.3,-23.136050,-50.406145,126.2,,,,,,,,,,,,,,,,,,,,,,,,,,,,,,,2025-10-10 12:37:13
2025-10-10 12:37:13,2025-10-10 12:36:46,2025-10-10 12:36:45,385349,862689070136657,1919,GTSPD,4.17,,698407,14024,81,00,22,,,17,1,0724,0005,FDAF,068FC804,113.7,98,461.9,-23.135935,-50.407042,126.1,,,,,,,,,,,,,,,,,,,,,,,,,,,,,,,2025-10-10 12:37:13
2025-10-10 12:37:30,2025-10-10 12:37:31,2025-10-10 12:37:30,385349,862689070136657,1921,GTSPD,4.17,,698407,14008,81,00,22,,,17,1,0724,0005,FDAF,068FC805,112.8,94,472.9,-23.138468,-50.395552,127.3,,,,,,,,,,,,,,,,,,,,,,,,,,,,,,,2025-10-10 12:37:30
2025-10-10 12:37:52,2025-10-10 12:37:53,2025-10-10 12:37:52,385349,862689070136657,1922,GTSPD,4.17,,698407,14016,81,00,22,,,14,1,0724,0005,BFF7,06904505,109.2,96,421.0,-23.138907,-50.388657,128.1,,,,,,,,,,,,,,,,,,,,,,,,,,,,,,,2025-10-10 12:37:52
2025-10-10 12:38:47,2025-10-10 12:38:47,2025-10-10 12:38:42,385349,862689070136657,1923,GTERI,4.17,00008200,698407,14032,81,00,22,,,14,1,0724,0005,BFF7,06904505,99.8,57,424.9,-23.135068,-50.376513,129.6,,21,0,2,3,,,,,,,,,,,,,,,,1,105.6,70,401.4,-50.381870,-23.138915,2025-10-10 12:38:17,16,128.8,10,2025-10-10 12:38:47
2025-10-10 12:39:01,2025-10-10 12:39:02,2025-10-10 12:39:01,385349,862689070136657,1924,GTSPD,4.17,,698407,14016,81,00,22,,,14,1,0724,0005,BFF7,06904505,111.2,59,431.0,-23.132522,-50.372085,130.0,,,,,,,,,,,,,,,,,,,,,,,,,,,,,,,2025-10-10 12:39:01
2025-10-10 12:39:09,2025-10-10 12:39:09,2025-10-10 12:39:08,385349,862689070136657,1925,GTSPD,4.17,,698407,14024,81,00,22,,,14,1,0724,0005,BFF7,06904505,108.6,59,438.3,-23.131517,-50.370295,130.2,,,,,,,,,,,,,,,,,,,,,,,,,,,,,,,2025-10-10 12:39:09
2025-10-10 12:39:23,2025-10-10 12:39:24,2025-10-10 12:39:23,385349,862689070136657,1927,GTSPD,4.17,,698407,13984,81,00,22,,,14,1,0724,0005,BFF7,06904504,110.1,58,459.4,-23.129458,-50.366492,130.7,,,,,,,,,,,,,,,,,,,,,,,,,,,,,,,2025-10-10 12:39:23
2025-10-10 12:39:32,2025-10-10 12:39:33,2025-10-10 12:39:32,385349,862689070136657,1928,GTSPD,4.17,,698407,14024,81,00,22,,,16,1,0724,0005,BFF7,06904504,108.2,59,446.8,-23.128187,-50.364130,130.9,,,,,,,,,,,,,,,,,,,,,,,,,,,,,,,2025-10-10 12:39:32
2025-10-10 12:39:54,2025-10-10 12:39:55,,385349,862689070136657,1929,GTASC,,,,,,,,,,,,,,,,,,,,,,,,,,,,,,,,,,,,,,,,,,,,,,,,,,,,2025-10-10 12:39:54
2025-10-10 12:48:39,2025-10-10 12:40:54,2025-10-10 12:40:53,385349,862689070136657,1930,GTSPD,4.17,,698407,14016,81,00,22,,,12,1,0724,0005,BFF7,068FB206,118.1,60,429.3,-23.118535,-50.346688,133.0,,,,,,,,,,,,,,,,,,,,,,,,,,,,,,,2025-10-10 12:48:39
2025-10-10 12:48:40,2025-10-10 12:41:47,2025-10-10 12:41:41,385349,862689070136657,1933,GTERI,4.17,00008200,698407,14016,81,00,22,,,16,1,0724,0005,0607,0067,58.4,51,425.8,-23.112587,-50.336495,134.3,,9,0,1,1800,,,,,,,,,,,,,,,,1,89.0,59,453.1,-50.340192,-23.114683,2025-10-10 12:41:16,16,133.8,10,2025-10-10 12:48:40
2025-10-10 12:48:40,2025-10-10 12:41:15,2025-10-10 12:41:14,385349,862689070136657,1932,GTSPD,4.17,,698407,14000,81,00,22,,,15,1,0724,0005,0607,0067,100.5,57,456.4,-23.114867,-50.340592,133.8,,,,,,,,,,,,,,,,,,,,,,,,,,,,,,,2025-10-10 12:48:40
2025-10-10 12:48:41,2025-10-10 12:42:56,2025-10-10 12:42:55,385349,862689070136657,1935,GTSPD,4.17,,698407,14008,81,00,22,,,14,1,0724,0005,0607,0067,107.4,131,420.5,-23.121373,-50.325863,136.0,,,,,,,,,,,,,,,,,,,,,,,,,,,,,,,2025-10-10 12:48:41
2025-10-10 12:48:41,2025-10-10 12:42:44,2025-10-10 12:42:43,385349,862689070136657,1934,GTSPD,4.17,,698407,14032,81,00,22,,,14,1,0724,0005,0607,0067,116.6,156,405.2,-23.118325,-50.327793,135.6,,,,,,,,,,,,,,,,,,,,,,,,,,,,,,,2025-10-10 12:48:41
2025-10-10 12:48:42,2025-10-10 12:44:21,2025-10-10 12:44:20,385349,862689070136657,1938,GTSPD,4.17,,698407,14032,81,00,22,,,18,1,0724,0005,610B,4E66,103.5,41,403.1,-23.106503,-50.314240,138.2,,,,,,,,,,,,,,,,,,,,,,,,,,,,,,,2025-10-10 12:48:42
2025-10-10 12:48:42,2025-10-10 12:44:11,2025-10-10 12:44:11,385349,862689070136657,1937,GTSPD,4.17,,698407,14008,81,00,22,,,17,1,0724,0005,0607,EAC4,115.7,46,407.7,-23.108307,-50.316227,137.9,,,,,,,,,,,,,,,,,,,,,,,,,,,,,,,2025-10-10 12:48:42
2025-10-10 12:48:43,2025-10-10 12:44:47,2025-10-10 12:44:42,385349,862689070136657,1940,GTERI,4.17,00008200,698407,14032,81,00,22,,,16,1,0724,0005,610B,4E66,109.5,47,408.2,-23.103340,-50.310717,138.9,,17,0,1,1800,,,,,,,,,,,,,,,,1,128.8,46,403.7,-50.309712,-23.102543,2025-10-10 12:44:46,16,138.9,10,2025-10-10 12:48:43
2025-10-10 12:48:43,2025-10-10 12:44:45,2025-10-10 12:44:44,385349,862689070136657,1939,GTSPD,4.17,,698407,14016,81,00,22,,,17,1,0724,0005,610B,4E66,118.7,48,407.0,-23.102968,-50.310242,138.8,,,,,,,,,,,,,,,,,,,,,,,,,,,,,,,2025-10-10 12:48:43
2025-10-10 12:48:44,2025-10-10 12:45:50,2025-10-10 12:45:49,385349,862689070136657,1943,GTSPD,4.17,,698407,14032,81,00,22,,,14,1,0724,0005,610B,4E66,122.3,105,406.9,-23.088505,-50.291680,141.4,,,,,,,,,,,,,,,,,,,,,,,,,,,,,,,2025-10-10 12:48:44
2025-10-10 12:48:44,2025-10-10 12:45:45,2025-10-10 12:45:44,385349,862689070136657,1942,GTSPD,4.17,,698407,14032,81,00,22,,,15,1,0724,0005,610B,4E66,104.2,73,412.5,-23.088068,-50.293257,141.2,,,,,,,,,,,,,,,,,,,,,,,,,,,,,,,2025-10-10 12:48:44
2025-10-10 12:48:45,2025-10-10 12:47:28,2025-10-10 12:47:27,385349,862689070136657,1945,GTSPD,4.17,,698407,14040,81,00,22,,,17,1,0724,0005,610B,4E64,114.7,36,458.5,-23.078538,-50.270613,144.0,,,,,,,,,,,,,,,,,,,,,,,,,,,,,,,2025-10-10 12:48:45
2025-10-10 12:48:45,2025-10-10 12:46:01,2025-10-10 12:46:00,385349,862689070136657,1944,GTSPD,4.17,,698407,14040,81,00,22,,,13,1,0724,0005,610B,4E66,106.6,105,383.9,-23.089502,-50.288187,141.7,,,,,,,,,,,,,,,,,,,,,,,,,,,,,,,2025-10-10 12:48:45
2025-10-10 12:48:46,2025-10-10 12:48:38,2025-10-10 12:48:37,385349,862689070136657,1948,GTSPD,4.17,,698407,14040,81,00,22,,,15,1,0724,0005,0607,EAC4,100.9,52,474.7,-23.061143,-50.252305,146.7,,,,,,,,,,,,,,,,,,,,,,,,,,,,,,,2025-10-10 12:48:46
2025-10-10 12:48:46,2025-10-10 12:47:47,2025-10-10 12:47:42,385349,862689070136657,1946,GTERI,4.17,00008200,698407,14024,81,00,22,,,16,1,0724,0005,610B,4E64,134.5,36,472.7,-23.074742,-50.267585,144.7,,23,0,1,1800,,,,,,,,,,,,,,,,1,139.1,36,474.0,-50.266915,-23.073910,2025-10-10 12:47:45,16,144.7,10,2025-10-10 12:48:46
2025-10-10 12:50:47,2025-10-10 12:50:47,2025-10-10 12:50:42,385349,862689070136657,1950,GTERI,4.17,00008200,698407,13943,81,00,22,,,12,1,0724,0005,0607,EAC4,0.0,41,477.3,-23.048307,-50.236305,148.9,,16,0,1,1800,,,,,,,,,,,,,,,,1,96.5,56,476.1,-50.250855,-23.060178,2025-10-10 12:48:44,13,146.9,10,2025-10-10 12:50:47
2025-10-10 12:50:52,2025-10-10 12:50:52,2025-10-10 12:50:51,385349,862689070136657,1952,GTERI,4.17,00008200,698407,13477,80,00,12,,,13,1,0724,0005,0607,EAC4,0.0,41,478.5,-23.048302,-50.236305,148.9,,19,0,1,1800,,,,,,,,,,,,,,,,1,0.0,41,478.5,-50.236305,-23.048302,2025-10-10 12:50:51,13,148.9,10,2025-10-10 12:50:52
2025-10-10 12:50:52,2025-10-10 12:50:51,2025-10-10 12:50:50,385349,862689070136657,1951,GTIGF,4.17,,698407,13959,80,00,12,2894,,13,0,0724,0005,0607,EAC4,0.0,41,478.5,-23.048302,-50.236305,148.9,,,,,,,,,,,,,,,,,,,,,,,,,,,,,,,2025-10-10 12:50:52
2025-10-10 12:54:45,2025-10-10 12:54:45,2025-10-10 12:50:51,385349,862689070136657,1953,GTIGN,4.16,,698407,12994,81,00,22,,234,13,1,0724,0005,0607,EAC4,0.0,41,478.5,-23.048302,-50.236305,148.9,,,,,,,,,,,,,,,,,,,,,,,,,,,,,,,2025-10-10 12:54:45
2025-10-10 12:54:59,2025-10-10 12:54:59,2025-10-10 12:54:58,385349,862689070136657,1955,GTERI,4.16,00008200,698407,13935,81,00,22,,,7,1,0724,0005,0607,EAC4,1.5,260,477.5,-23.048312,-50.236415,148.9,,16,0,1,1800,,,,,,,,,,,,,,,,1,1.5,260,477.5,-50.236415,-23.048312,2025-10-10 12:54:58,7,149.0,10,2025-10-10 12:54:59
2025-10-10 12:56:59,2025-10-10 12:56:59,2025-10-10 12:56:58,385349,862689070136657,1957,GTIGF,4.19,,698407,13420,80,00,12,134,,12,0,0724,0005,0607,9CA4,0.0,141,474.2,-23.042018,-50.226455,150.3,,,,,,,,,,,,,,,,,,,,,,,,,,,,,,,2025-10-10 12:56:59
2025-10-10 12:57:00,2025-10-10 12:57:00,2025-10-10 12:56:59,385349,862689070136657,1958,GTERI,4.19,00008200,698407,13107,80,00,12,,,12,1,0724,0005,0607,9CA4,0.0,141,474.2,-23.042018,-50.226455,150.3,,15,0,1,1800,,,,,,,,,,,,,,,,1,0.0,141,474.2,-50.226455,-23.042018,2025-10-10 12:56:59,12,150.3,10,2025-10-10 12:57:00
2025-10-10 13:56:57,2025-10-10 13:56:57,2025-10-10 13:54:34,385349,862689070136657,1959,GTERI,4.14,00008200,698407,13171,80,00,11,,,12,1,0724,0005,0607,9CA4,0.0,141,474.2,-23.042018,-50.226455,150.3,,16,0,1,1800,,,,,,,,,,,,,,,,1,0.0,141,474.2,-50.226455,-23.042018,2025-10-10 13:54:34,12,150.3,10,2025-10-10 13:56:57
2025-10-10 14:56:57,2025-10-10 14:56:57,2025-10-10 14:54:37,385349,862689070136657,1960,GTERI,4.11,00008200,698407,13147,80,00,11,,,11,1,0724,0005,0607,9CA4,0.0,141,474.2,-23.042018,-50.226455,150.3,,13,0,1,1800,,,,,,,,,,,,,,,,1,0.0,141,474.2,-50.226455,-23.042018,2025-10-10 14:54:37,11,150.3,10,2025-10-10 14:56:57
2025-10-10 15:36:03,2025-10-10 15:35:23,2025-10-10 14:54:37,385349,862689070136657,1961,GTIGN,4.09,,698407,12954,81,00,22,,9504,11,1,0724,0005,0607,9CA4,0.0,141,474.2,-23.042018,-50.226455,150.3,,,,,,,,,,,,,,,,,,,,,,,,,,,,,,,2025-10-10 15:36:03
2025-10-10 15:36:04,2025-10-10 15:35:39,2025-10-10 15:35:38,385349,862689070136657,1963,GTERI,4.09,00008200,698407,13927,81,00,22,,,7,1,0724,0005,0607,9CA4,2.0,161,450.3,-23.042020,-50.226660,150.3,,14,0,1,1800,,,,,,,,,,,,,,,,1,2.0,161,450.3,-50.226660,-23.042020,2025-10-10 15:35:38,7,150.3,10,2025-10-10 15:36:04
2025-10-10 15:38:37,2025-10-10 15:38:37,2025-10-10 15:38:32,385349,862689070136657,1965,GTERI,4.17,00008200,698407,13903,81,00,22,,,8,1,0724,0005,0607,9CA4,0.0,319,450.1,-23.037872,-50.223168,151.0,,15,0,1,1800,,,,,,,,,,,,,,,,1,36.7,46,464.4,-50.224250,-23.040513,2025-10-10 15:36:58,8,150.6,10,2025-10-10 15:38:37
2025-10-10 15:41:37,2025-10-10 15:41:37,2025-10-10 15:41:32,385349,862689070136657,1967,GTERI,4.18,00008200,698407,13911,81,00,21,,,10,1,0724,0005,0607,9CA4,0.0,54,449.4,-23.037768,-50.223132,151.0,,12,0,1,1800,,,,,,,,,,,,,,,,1,0.0,54,449.4,-50.223132,-23.037768,2025-10-10 15:41:36,10,151.1,10,2025-10-10 15:41:37
2025-10-10 15:44:37,2025-10-10 15:44:37,2025-10-10 15:44:32,385349,862689070136657,1970,GTERI,4.18,00008200,698407,13976,81,00,22,,,11,1,0724,0005,0607,9CA4,8.7,222,467.2,-23.039912,-50.223615,151.4,,18,0,1,1800,,,,,,,,,,,,,,,,1,26.7,142,454.5,-50.222415,-23.038150,2025-10-10 15:43:10,10,151.1,10,2025-10-10 15:44:37
2025-10-10 15:46:41,2025-10-10 15:46:41,2025-10-10 15:46:40,385349,862689070136657,1972,GTIGF,4.18,,698407,13927,80,00,12,678,,10,0,0724,0005,0607,9CA4,0.0,133,485.6,-23.042115,-50.226428,151.8,,,,,,,,,,,,,,,,,,,,,,,,,,,,,,,2025-10-10 15:46:41
2025-10-10 15:46:42,2025-10-10 15:46:42,2025-10-10 15:46:41,385349,862689070136657,1973,GTERI,4.18,00008200,698407,13871,80,00,12,,,10,1,0724,0005,0607,9CA4,0.0,133,485.6,-23.042115,-50.226428,151.8,,17,0,1,1800,,,,,,,,,,,,,,,,1,0.0,133,485.6,-50.226428,-23.042115,2025-10-10 15:46:41,10,151.8,10,2025-10-10 15:46:42
2025-10-10 16:47:59,2025-10-10 16:46:37,2025-10-10 16:44:15,385349,862689070136657,1974,GTERI,4.08,00008200,698407,13123,80,00,11,,,8,1,0724,0005,0607,9CA4,0.0,133,485.6,-23.042115,-50.226428,151.8,,17,0,1,1800,,,,,,,,,,,,,,,,1,0.0,133,485.6,-50.226428,-23.042115,2025-10-10 16:44:15,8,151.8,10,2025-10-10 16:47:59
2025-10-10 17:10:41,2025-10-10 17:10:41,2025-10-10 16:44:15,385349,862689070136657,1975,GTIGN,4.07,,698407,12873,81,00,21,,5040,8,1,0724,0005,0607,9CA4,0.0,133,485.6,-23.042115,-50.226428,151.8,,,,,,,,,,,,,,,,,,,,,,,,,,,,,,,2025-10-10 17:10:41
2025-10-10 17:10:53,2025-10-10 17:10:53,2025-10-10 17:10:52,385349,862689070136657,1977,GTERI,4.07,00008200,698407,13919,81,00,22,,,7,1,0724,0005,0607,9CA4,1.9,118,483.7,-23.042152,-50.226245,151.8,,19,0,1,1800,,,,,,,,,,,,,,,,1,1.9,118,483.7,-50.226245,-23.042152,2025-10-10 17:10:52,7,151.8,10,2025-10-10 17:10:53
2025-10-10 17:13:52,2025-10-10 17:13:52,2025-10-10 17:13:47,385349,862689070136657,1979,GTERI,4.16,00008200,698407,13895,81,00,22,,,10,1,0724,0005,0607,9CA4,0.0,313,486.7,-23.044835,-50.227512,152.3,,24,0,1,1800,,,,,,,,,,,,,,,,1,36.4,229,481.3,-50.227158,-23.043075,2025-10-10 17:11:14,11,152.0,10,2025-10-10 17:13:52
2025-10-10 17:16:52,2025-10-10 17:16:52,2025-10-10 17:16:47,385349,862689070136657,1982,GTERI,4.18,00008200,698407,13951,81,00,21,,,13,1,0724,0005,0607,9CA4,0.0,313,486.7,-23.044837,-50.227515,152.3,,23,0,1,1800,,,,,,,,,,,,,,,,1,0.0,313,486.7,-50.227515,-23.044837,2025-10-10 17:16:51,13,152.3,10,2025-10-10 17:16:52
2025-10-10 17:19:07,2025-10-10 17:19:07,2025-10-10 17:19:06,385349,862689070136657,1984,GTIGF,4.18,,698407,13927,80,00,11,506,,13,0,0724,0005,0607,9CA4,0.0,313,486.7,-23.044837,-50.227515,152.3,,,,,,,,,,,,,,,,,,,,,,,,,,,,,,,2025-10-10 17:19:07
2025-10-10 17:19:08,2025-10-10 17:19:08,2025-10-10 17:19:07,385349,862689070136657,1985,GTERI,4.18,00008200,698407,13927,80,00,11,,,13,1,0724,0005,0607,9CA4,0.0,313,486.7,-23.044837,-50.227515,152.3,,23,0,1,1800,,,,,,,,,,,,,,,,1,0.0,313,486.7,-50.227515,-23.044837,2025-10-10 17:19:07,13,152.3,10,2025-10-10 17:19:08
2025-10-10 17:21:01,2025-10-10 17:21:01,2025-10-10 17:19:07,385349,862689070136657,1986,GTIGN,4.13,,698407,13179,81,00,22,,114,13,1,0724,0005,0607,9CA4,0.0,313,486.7,-23.044837,-50.227515,152.3,,,,,,,,,,,,,,,,,,,,,,,,,,,,,,,2025-10-10 17:21:01
2025-10-10 17:21:14,2025-10-10 17:21:14,2025-10-10 17:21:13,385349,862689070136657,1988,GTERI,4.13,00008200,698407,13943,81,00,22,,,6,1,0724,0005,0607,9CA4,1.3,271,483.1,-23.044593,-50.227718,152.3,,21,0,1,1800,,,,,,,,,,,,,,,,1,1.3,271,483.1,-50.227718,-23.044593,2025-10-10 17:21:13,6,152.3,10,2025-10-10 17:21:14
2025-10-10 17:24:12,2025-10-10 17:24:12,2025-10-10 17:24:07,385349,862689070136657,1990,GTERI,4.18,00008200,698407,13943,81,00,22,,,9,1,0724,0005,0607,9CA4,0.0,231,488.7,-23.044880,-50.227250,152.6,,24,0,1,1800,,,,,,,,,,,,,,,,1,31.0,45,483.6,-50.227292,-23.043887,2025-10-10 17:21:30,11,152.4,10,2025-10-10 17:24:12
2025-10-10 17:24:37,2025-10-10 17:24:37,2025-10-10 17:24:36,385349,862689070136657,1991,GTIGF,4.18,,698407,12905,80,00,12,216,,10,0,0724,0005,0607,9CA4,0.0,288,489.6,-23.044788,-50.227298,152.6,,,,,,,,,,,,,,,,,,,,,,,,,,,,,,,2025-10-10 17:24:37
2025-10-10 17:24:38,2025-10-10 17:24:38,2025-10-10 17:24:37,385349,862689070136657,1992,GTERI,4.18,00008200,698407,12921,80,00,12,,,10,1,0724,0005,0607,9CA4,0.0,288,489.6,-23.044788,-50.227298,152.6,,22,0,1,1800,,,,,,,,,,,,,,,,1,0.0,288,489.6,-50.227298,-23.044788,2025-10-10 17:24:37,10,152.6,10,2025-10-10 17:24:38
2025-10-10 18:24:38,2025-10-10 18:24:37,2025-10-10 18:22:20,385349,862689070136657,1993,GTERI,4.10,00008200,698407,13115,80,00,11,,,6,1,0724,0005,0607,9CA4,0.0,288,489.6,-23.044788,-50.227298,152.6,,20,0,1,1800,,,,,,,,,,,,,,,,1,0.0,288,489.6,-50.227298,-23.044788,2025-10-10 18:22:20,6,152.6,10,2025-10-10 18:24:38
2025-10-10 19:24:37,2025-10-10 19:24:37,2025-10-10 19:22:15,385349,862689070136657,1994,GTERI,4.07,00008200,698407,12954,80,00,11,,,9,1,0724,0005,0607,9CA4,0.0,288,489.6,-23.044788,-50.227298,152.6,,19,0,1,1800,,,,,,,,,,,,,,,,1,0.0,288,489.6,-50.227298,-23.044788,2025-10-10 19:22:15,9,152.6,10,2025-10-10 19:24:37
2025-10-10 19:29:01,2025-10-10 19:28:21,2025-10-10 19:22:15,385349,862689070136657,1995,GTIGN,4.07,,698407,12938,81,00,22,,7424,9,1,0724,0005,0607,9CA4,0.0,288,489.6,-23.044788,-50.227298,152.6,,,,,,,,,,,,,,,,,,,,,,,,,,,,,,,2025-10-10 19:29:01
2025-10-10 19:29:03,2025-10-10 19:28:35,2025-10-10 19:28:34,385349,862689070136657,1997,GTERI,4.07,00008200,698407,13895,81,00,22,,,5,1,0724,0005,0607,9CA4,3.6,263,499.0,-23.044937,-50.227062,152.6,,22,0,1,1800,,,,,,,,,,,,,,,,1,3.6,263,499.0,-50.227062,-23.044937,2025-10-10 19:28:34,5,152.6,10,2025-10-10 19:29:03
2025-10-10 19:31:32,2025-10-10 19:31:32,2025-10-10 19:31:27,385349,862689070136657,1999,GTERI,4.18,00008200,698407,13984,81,00,22,,,11,1,0724,0005,0607,9CA4,53.0,237,504.9,-23.045583,-50.232670,153.4,,23,0,1,1800,,,,,,,,,,,,,,,,1,62.1,223,501.1,-50.230223,-23.043832,2025-10-10 19:31:01,10,153.0,10,2025-10-10 19:31:32
2025-10-10 19:34:32,2025-10-10 19:34:32,2025-10-10 19:34:27,385349,862689070136657,2001,GTERI,4.18,00008200,698407,13992,81,00,22,,,10,1,0724,0005,0607,EAC4,53.6,234,485.2,-23.059802,-50.250322,155.8,,21,0,1,1800,,,,,,,,,,,,,,,,1,72.4,217,484.7,-50.238470,-23.050687,2025-10-10 19:32:24,12,154.2,10,2025-10-10 19:34:32
2025-10-10 19:36:00,2025-10-10 19:36:00,2025-10-10 19:35:59,385349,862689070136657,2003,GTSPD,4.18,,698407,14000,81,00,22,,,13,1,0724,0005,610B,4E64,116.2,219,487.6,-23.068900,-50.262752,157.4,,,,,,,,,,,,,,,,,,,,,,,,,,,,,,,2025-10-10 19:36:00
2025-10-10 19:36:11,2025-10-10 19:36:11,2025-10-10 19:36:10,385349,862689070136657,2004,GTSPD,4.18,,698407,14000,81,00,22,,,11,1,0724,0005,610B,4E64,108.4,216,475.4,-23.071473,-50.264818,157.7,,,,,,,,,,,,,,,,,,,,,,,,,,,,,,,2025-10-10 19:36:11
2025-10-10 19:37:23,2025-10-10 19:37:23,2025-10-10 19:37:22,385349,862689070136657,2006,GTSPD,4.19,,698407,13992,81,00,22,,,14,1,0724,0005,610B,4E64,115.6,242,425.9,-23.085360,-50.277873,159.8,,,,,,,,,,,,,,,,,,,,,,,,,,,,,,,2025-10-10 19:37:23
2025-10-10 19:37:34,2025-10-10 19:37:32,2025-10-10 19:37:27,385349,862689070136657,2007,GTERI,4.19,00008200,698407,14008,81,00,22,,,13,1,0724,0005,610B,4E64,115.9,241,416.2,-23.086042,-50.279277,160.1,,13,0,1,1800,,,,,,,,,,,,,,,,1,116.6,241,419.8,-50.278998,-23.085913,2025-10-10 19:37:26,14,160.0,10,2025-10-10 19:37:34
2025-10-10 19:37:47,2025-10-10 19:37:47,2025-10-10 19:37:46,385349,862689070136657,2008,GTSPD,4.19,,698407,13992,81,00,22,,,12,1,0724,0005,610B,4E65,109.6,241,379.0,-23.088582,-50.284350,160.6,,,,,,,,,,,,,,,,,,,,,,,,,,,,,,,2025-10-10 19:37:47
2025-10-10 19:38:08,2025-10-10 19:38:08,2025-10-10 19:38:07,385349,862689070136657,2009,GTSPD,4.18,,698407,13992,81,00,22,,,9,1,0724,0005,610B,4E66,112.1,286,381.3,-23.089098,-50.289762,161.2,,,,,,,,,,,,,,,,,,,,,,,,,,,,,,,2025-10-10 19:38:08
2025-10-10 19:38:11,2025-10-10 19:38:11,2025-10-10 19:38:10,385349,862689070136657,2010,GTSPD,4.18,,698407,13992,81,00,22,,,11,1,0724,0005,610B,4E66,107.0,285,383.2,-23.088877,-50.290613,161.2,,,,,,,,,,,,,,,,,,,,,,,,,,,,,,,2025-10-10 19:38:11
2025-10-10 19:39:43,2025-10-10 19:39:42,2025-10-10 19:39:41,385349,862689070136657,2012,GTSPD,4.19,,698407,13992,81,00,22,,,11,1,0724,0005,610B,4E66,116.1,227,405.5,-23.101765,-50.308863,163.7,,,,,,,,,,,,,,,,,,,,,,,,,,,,,,,2025-10-10 19:39:43
2025-10-10 19:39:45,2025-10-10 19:39:45,2025-10-10 19:39:44,385349,862689070136657,2013,GTSPD,4.19,,698407,13992,81,00,22,,,12,1,0724,0005,610B,4E66,108.7,225,409.2,-23.102287,-50.309560,163.8,,,,,,,,,,,,,,,,,,,,,,,,,,,,,,,2025-10-10 19:39:45
2025-10-10 19:40:32,2025-10-10 19:40:32,2025-10-10 19:40:27,385349,862689070136657,2014,GTERI,4.19,00008200,698407,14000,81,00,22,,,10,1,0724,0005,610B,4E66,89.0,226,412.3,-23.109478,-50.317395,165.1,,9,0,1,1800,,,,,,,,,,,,,,,,1,104.3,227,413.1,-50.309967,-23.102652,2025-10-10 19:39:46,10,163.9,10,2025-10-10 19:40:32
2025-10-10 19:43:32,2025-10-10 19:43:32,2025-10-10 19:43:27,385349,862689070136657,2017,GTERI,4.19,00008200,698407,14008,81,00,22,,,13,1,0724,0005,0607,0067,88.7,297,402.6,-23.108878,-50.338443,168.8,,12,0,1,900,,,,,,,,,,,,,,,,1,94.4,197,409.9,-50.320725,-23.115178,2025-10-10 19:40:56,12,165.7,10,2025-10-10 19:43:32
2025-10-10 19:46:29,2025-10-10 19:46:29,2025-10-10 19:46:28,385349,862689070136657,2019,GTIGF,4.19,,698407,13992,80,00,12,1088,,11,0,0724,0005,0607,0067,0.0,252,463.9,-23.108448,-50.366220,171.8,,,,,,,,,,,,,,,,,,,,,,,,,,,,,,,2025-10-10 19:46:29
2025-10-10 19:46:30,2025-10-10 19:46:29,2025-10-10 19:46:29,385349,862689070136657,2020,GTERI,4.19,00008200,698407,13139,80,00,12,,,10,1,0724,0005,0607,0067,0.0,252,463.9,-23.108448,-50.366220,171.8,,31,0,1,900,,,,,,,,,,,,,,,,1,0.0,252,463.9,-50.366220,-23.108448,2025-10-10 19:46:29,10,171.8,10,2025-10-10 19:46:30
2025-10-10 19:46:32,2025-10-10 19:46:32,,385349,862689070136657,2021,GTCRA,,,,,,,,,,,,,,,,,,,,,,,,,,,,,,,,,,,,,,,,,,,,,,,,,,,,2025-10-10 19:46:32
2025-10-10 19:46:35,2025-10-10 19:46:32,,385349,862689070136657,2023,GTCRD,,,,,,,,,,,,,,,,,,,,,,,,,,,,,,,,,,,,,,,,,,,,,,,,,,,,2025-10-10 19:46:35
2025-10-10 19:46:35,2025-10-10 19:46:32,,385349,862689070136657,2022,GTCRD,,,,,,,,,,,,,,,,,,,,,,,,,,,,,,,,,,,,,,,,,,,,,,,,,,,,2025-10-10 19:46:35
2025-10-10 19:46:36,2025-10-10 19:46:32,,385349,862689070136657,2024,GTCRD,,,,,,,,,,,,,,,,,,,,,,,,,,,,,,,,,,,,,,,,,,,,,,,,,,,,2025-10-10 19:46:36
2025-10-10 19:46:38,2025-10-10 19:46:32,,385349,862689070136657,2025,GTCRD,,,,,,,,,,,,,,,,,,,,,,,,,,,,,,,,,,,,,,,,,,,,,,,,,,,,2025-10-10 19:46:38
2025-10-10 19:46:39,2025-10-10 19:46:32,,385349,862689070136657,2026,GTCRD,,,,,,,,,,,,,,,,,,,,,,,,,,,,,,,,,,,,,,,,,,,,,,,,,,,,2025-10-10 19:46:39
2025-10-10 19:46:40,2025-10-10 19:46:32,,385349,862689070136657,2028,GTCRD,,,,,,,,,,,,,,,,,,,,,,,,,,,,,,,,,,,,,,,,,,,,,,,,,,,,2025-10-10 19:46:40
2025-10-10 19:46:40,2025-10-10 19:46:32,,385349,862689070136657,2027,GTCRD,,,,,,,,,,,,,,,,,,,,,,,,,,,,,,,,,,,,,,,,,,,,,,,,,,,,2025-10-10 19:46:40
2025-10-10 19:46:41,2025-10-10 19:46:32,,385349,862689070136657,2030,GTCRD,,,,,,,,,,,,,,,,,,,,,,,,,,,,,,,,,,,,,,,,,,,,,,,,,,,,2025-10-10 19:46:41
2025-10-10 19:46:41,2025-10-10 19:46:32,,385349,862689070136657,2029,GTCRD,,,,,,,,,,,,,,,,,,,,,,,,,,,,,,,,,,,,,,,,,,,,,,,,,,,,2025-10-10 19:46:41
2025-10-10 19:46:42,2025-10-10 19:46:32,,385349,862689070136657,2032,GTCRD,,,,,,,,,,,,,,,,,,,,,,,,,,,,,,,,,,,,,,,,,,,,,,,,,,,,2025-10-10 19:46:42
2025-10-10 19:46:42,2025-10-10 19:46:32,,385349,862689070136657,2031,GTCRD,,,,,,,,,,,,,,,,,,,,,,,,,,,,,,,,,,,,,,,,,,,,,,,,,,,,2025-10-10 19:46:42
2025-10-10 19:46:43,2025-10-10 19:46:32,,385349,862689070136657,2034,GTCRD,,,,,,,,,,,,,,,,,,,,,,,,,,,,,,,,,,,,,,,,,,,,,,,,,,,,2025-10-10 19:46:43
2025-10-10 19:46:43,2025-10-10 19:46:32,,385349,862689070136657,2033,GTCRD,,,,,,,,,,,,,,,,,,,,,,,,,,,,,,,,,,,,,,,,,,,,,,,,,,,,2025-10-10 19:46:43
2025-10-10 19:46:44,2025-10-10 19:46:32,,385349,862689070136657,2036,GTCRD,,,,,,,,,,,,,,,,,,,,,,,,,,,,,,,,,,,,,,,,,,,,,,,,,,,,2025-10-10 19:46:44
2025-10-10 19:46:44,2025-10-10 19:46:32,,385349,862689070136657,2035,GTCRD,,,,,,,,,,,,,,,,,,,,,,,,,,,,,,,,,,,,,,,,,,,,,,,,,,,,2025-10-10 19:46:44
2025-10-10 19:46:45,2025-10-10 19:46:36,,385349,862689070136657,2038,GTCRD,,,,,,,,,,,,,,,,,,,,,,,,,,,,,,,,,,,,,,,,,,,,,,,,,,,,2025-10-10 19:46:45
2025-10-10 19:46:45,2025-10-10 19:46:36,,385349,862689070136657,2037,GTCRD,,,,,,,,,,,,,,,,,,,,,,,,,,,,,,,,,,,,,,,,,,,,,,,,,,,,2025-10-10 19:46:45
2025-10-10 19:46:46,2025-10-10 19:46:36,,385349,862689070136657,2040,GTCRD,,,,,,,,,,,,,,,,,,,,,,,,,,,,,,,,,,,,,,,,,,,,,,,,,,,,2025-10-10 19:46:46
2025-10-10 19:46:46,2025-10-10 19:46:36,,385349,862689070136657,2039,GTCRD,,,,,,,,,,,,,,,,,,,,,,,,,,,,,,,,,,,,,,,,,,,,,,,,,,,,2025-10-10 19:46:46
2025-10-10 19:46:47,2025-10-10 19:46:36,,385349,862689070136657,2042,GTCRD,,,,,,,,,,,,,,,,,,,,,,,,,,,,,,,,,,,,,,,,,,,,,,,,,,,,2025-10-10 19:46:47
2025-10-10 19:46:47,2025-10-10 19:46:36,,385349,862689070136657,2041,GTCRD,,,,,,,,,,,,,,,,,,,,,,,,,,,,,,,,,,,,,,,,,,,,,,,,,,,,2025-10-10 19:46:47
2025-10-10 19:46:48,2025-10-10 19:46:36,,385349,862689070136657,2043,GTCRD,,,,,,,,,,,,,,,,,,,,,,,,,,,,,,,,,,,,,,,,,,,,,,,,,,,,2025-10-10 19:46:48
2025-10-10 19:46:49,2025-10-10 19:46:36,,385349,862689070136657,2045,GTCRD,,,,,,,,,,,,,,,,,,,,,,,,,,,,,,,,,,,,,,,,,,,,,,,,,,,,2025-10-10 19:46:49
2025-10-10 19:46:49,2025-10-10 19:46:36,,385349,862689070136657,2044,GTCRD,,,,,,,,,,,,,,,,,,,,,,,,,,,,,,,,,,,,,,,,,,,,,,,,,,,,2025-10-10 19:46:49
2025-10-10 19:46:50,2025-10-10 19:46:36,,385349,862689070136657,2047,GTCRD,,,,,,,,,,,,,,,,,,,,,,,,,,,,,,,,,,,,,,,,,,,,,,,,,,,,2025-10-10 19:46:50
2025-10-10 19:46:50,2025-10-10 19:46:36,,385349,862689070136657,2046,GTCRD,,,,,,,,,,,,,,,,,,,,,,,,,,,,,,,,,,,,,,,,,,,,,,,,,,,,2025-10-10 19:46:50
2025-10-10 19:46:51,2025-10-10 19:46:36,,385349,862689070136657,2049,GTCRD,,,,,,,,,,,,,,,,,,,,,,,,,,,,,,,,,,,,,,,,,,,,,,,,,,,,2025-10-10 19:46:51
2025-10-10 19:46:51,2025-10-10 19:46:36,,385349,862689070136657,2048,GTCRD,,,,,,,,,,,,,,,,,,,,,,,,,,,,,,,,,,,,,,,,,,,,,,,,,,,,2025-10-10 19:46:51
2025-10-10 19:46:52,2025-10-10 19:46:36,,385349,862689070136657,2051,GTCRD,,,,,,,,,,,,,,,,,,,,,,,,,,,,,,,,,,,,,,,,,,,,,,,,,,,,2025-10-10 19:46:52
2025-10-10 19:46:52,2025-10-10 19:46:36,,385349,862689070136657,2050,GTCRD,,,,,,,,,,,,,,,,,,,,,,,,,,,,,,,,,,,,,,,,,,,,,,,,,,,,2025-10-10 19:46:52
2025-10-10 19:48:37,2025-10-10 19:48:37,2025-10-10 19:46:36,385349,862689070136657,2052,GTINF,4.13,,698407,13187,80,00,11,,,,,,,,,,,,,,,,31,0,,,89551808170105429139,1,0,1,+0000,0,,,,,,,,,,,,,,,,,,,,2025-10-10 19:48:37
2025-10-10 19:50:11,2025-10-10 19:50:11,2025-10-10 19:46:36,385349,862689070136657,2053,GTIGN,4.13,,698407,13050,81,00,22,,222,10,1,0724,0005,0607,0067,0.0,252,463.9,-23.108448,-50.366220,171.8,,,,,,,,,,,,,,,,,,,,,,,,,,,,,,,2025-10-10 19:50:11
2025-10-10 19:50:32,2025-10-10 19:50:32,2025-10-10 19:50:31,385349,862689070136657,2055,GTERI,4.14,00008200,698407,13959,81,00,22,,,8,1,0724,0005,0607,0067,15.2,249,463.4,-23.108543,-50.366570,171.8,,31,0,1,900,,,,,,,,,,,,,,,,1,15.2,249,463.4,-50.366570,-23.108543,2025-10-10 19:50:31,8,171.8,10,2025-10-10 19:50:32
2025-10-10 19:53:27,2025-10-10 19:53:27,2025-10-10 19:53:22,385349,862689070136657,2057,GTERI,4.19,00008200,698407,14008,81,00,22,,,14,1,0724,0005,0607,2777,24.2,261,412.5,-23.108380,-50.373755,172.7,,21,0,1,900,,,,,,,,,,,,,,,,1,41.3,252,441.5,-50.370580,-23.109718,2025-10-10 19:52:02,13,172.2,10,2025-10-10 19:53:27
2025-10-10 19:54:03,2025-10-10 19:54:03,2025-10-10 19:54:02,385349,862689070136657,2058,GTIGF,4.19,,698407,13058,80,00,12,232,,8,0,0724,0005,0607,2777,0.0,193,408.2,-23.108808,-50.374840,172.8,,,,,,,,,,,,,,,,,,,,,,,,,,,,,,,2025-10-10 19:54:03
2025-10-10 19:54:04,2025-10-10 19:54:04,2025-10-10 19:54:03,385349,862689070136657,2059,GTERI,4.19,00008200,698407,12946,80,00,12,,,9,1,0724,0005,0607,2777,0.0,193,408.2,-23.108808,-50.374840,172.8,,14,0,1,900,,,,,,,,,,,,,,,,1,0.0,193,408.2,-50.374840,-23.108808,2025-10-10 19:54:03,9,172.8,10,2025-10-10 19:54:04
2025-10-10 20:46:29,2025-10-10 20:46:29,2025-10-10 19:54:03,385349,862689070136657,2060,GTIGN,4.11,,698407,12930,81,00,22,,3146,9,1,0724,0005,0607,2777,0.0,193,408.2,-23.108808,-50.374840,172.8,,,,,,,,,,,,,,,,,,,,,,,,,,,,,,,2025-10-10 20:46:29
2025-10-10 20:46:46,2025-10-10 20:46:46,2025-10-10 20:46:45,385349,862689070136657,2062,GTERI,4.12,00008200,698407,13951,81,00,22,,,5,1,0724,0005,0607,2777,5.9,251,437.6,-23.108722,-50.375080,172.8,,17,0,1,900,,,,,,,,,,,,,,,,1,5.9,251,437.6,-50.375080,-23.108722,2025-10-10 20:46:45,5,172.8,10,2025-10-10 20:46:46
2025-10-10 20:49:42,2025-10-10 20:49:42,2025-10-10 20:49:37,385349,862689070136657,2064,GTERI,4.18,00008200,698407,13992,81,00,22,,,10,1,0724,0005,0607,2777,25.6,71,417.8,-23.108293,-50.369910,173.7,,27,0,1,900,,,,,,,,,,,,,,,,1,25.7,70,417.5,-50.369975,-23.108312,2025-10-10 20:49:36,7,173.7,10,2025-10-10 20:49:42
2025-10-10 20:52:42,2025-10-10 20:52:42,2025-10-10 20:52:37,385349,862689070136657,2067,GTERI,4.19,00008200,698407,14000,81,00,22,,,9,1,0724,0005,0607,0067,81.9,74,439.0,-23.103767,-50.357317,175.2,,14,0,1,900,,,,,,,,,,,,,,,,1,82.5,67,440.2,-50.357747,-23.103848,2025-10-10 20:52:35,9,175.1,10,2025-10-10 20:52:42
2025-10-10 20:55:42,2025-10-10 20:55:42,2025-10-10 20:55:37,385349,862689070136657,2069,GTERI,4.19,00008200,698407,14008,81,00,22,,,11,1,0724,0005,0607,0067,78.4,156,437.1,-23.118723,-50.327610,179.0,,9,0,1,900,,,,,,,,,,,,,,,,1,84.7,93,433.0,-50.354680,-23.103867,2025-10-10 20:52:49,9,175.5,10,2025-10-10 20:55:42
2025-10-10 20:58:42,2025-10-10 20:58:42,2025-10-10 20:58:37,385349,862689070136657,2072,GTERI,4.19,00008200,698407,14016,81,00,22,,,8,1,0724,0005,610B,4E66,84.2,46,367.4,-23.096963,-50.303660,183.0,,11,0,1,1800,,,,,,,,,,,,,,,,1,88.7,24,437.1,-50.321905,-23.119148,2025-10-10 20:56:16,12,179.8,10,2025-10-10 20:58:42
2025-10-10 21:01:42,2025-10-10 21:01:42,2025-10-10 21:01:37,385349,862689070136657,2074,GTERI,4.19,00008200,698407,14024,81,00,22,,,13,1,0724,0005,610B,4E64,77.5,37,440.4,-23.080850,-50.272333,187.0,,27,0,1,1800,,,,,,,,,,,,,,,,1,87.9,66,390.4,-50.293423,-23.088120,2025-10-10 20:59:42,11,184.4,10,2025-10-10 21:01:42
2025-10-10 21:01:59,2025-10-10 21:01:59,2025-10-10 21:01:58,385349,862689070136657,2075,GTSPD,4.19,,698407,14008,81,00,22,,,13,1,0724,0005,610B,4E64,111.3,36,461.9,-23.076860,-50.269127,187.4,,,,,,,,,,,,,,,,,,,,,,,,,,,,,,,2025-10-10 21:01:59
2025-10-10 21:02:16,2025-10-10 21:02:16,2025-10-10 21:02:15,385349,862689070136657,2076,GTSPD,4.19,,698407,14024,81,00,22,,,14,1,0724,0005,610B,4E64,106.9,36,462.8,-23.072927,-50.265957,188.0,,,,,,,,,,,,,,,,,,,,,,,,,,,,,,,2025-10-10 21:02:16
2025-10-10 21:02:19,2025-10-10 21:02:19,2025-10-10 21:02:18,385349,862689070136657,2077,GTSPD,4.19,,698407,14024,81,00,22,,,13,1,0724,0005,610B,4E64,111.2,37,464.3,-23.072272,-50.265418,188.1,,,,,,,,,,,,,,,,,,,,,,,,,,,,,,,2025-10-10 21:02:19
2025-10-10 21:02:38,2025-10-10 21:02:38,2025-10-10 21:02:37,385349,862689070136657,2079,GTSPD,4.19,,698407,14024,81,00,22,,,13,1,0724,0005,610B,4E64,109.0,40,462.3,-23.068052,-50.261950,188.7,,,,,,,,,,,,,,,,,,,,,,,,,,,,,,,2025-10-10 21:02:38
2025-10-10 21:04:42,2025-10-10 21:04:42,2025-10-10 21:04:37,385349,862689070136657,2081,GTERI,4.19,00008200,698407,14016,81,00,22,,,12,1,0724,0005,0607,EAC4,46.2,52,477.6,-23.054400,-50.242453,191.2,,24,0,1,1800,,,,,,,,,,,,,,,,1,107.8,48,464.4,-50.260895,-23.067245,2025-10-10 21:02:42,13,188.9,10,2025-10-10 21:04:42
2025-10-10 21:07:42,2025-10-10 21:07:42,2025-10-10 21:07:37,385349,862689070136657,2083,GTERI,4.19,00008200,698407,13935,81,00,22,,,11,1,0724,0005,0607,9CA4,14.9,116,503.1,-23.049207,-50.230408,192.8,,19,0,1,1800,,,,,,,,,,,,,,,,1,73.9,37,463.2,-50.238977,-23.051440,2025-10-10 21:05:03,12,191.7,10,2025-10-10 21:07:42
2025-10-10 21:10:42,2025-10-10 21:10:42,2025-10-10 21:10:37,385349,862689070136657,2086,GTERI,4.18,00008200,698407,14064,81,00,22,,,12,1,0724,0005,0607,9CA4,8.2,34,497.2,-23.048900,-50.231135,193.5,,23,0,1,1800,,,,,,,,,,,,,,,,1,22.6,294,512.2,-50.230328,-23.049663,2025-10-10 21:09:40,11,193.3,10,2025-10-10 21:10:42
2025-10-10 21:13:42,2025-10-10 21:13:42,2025-10-10 21:13:37,385349,862689070136657,2088,GTERI,4.17,00008200,698407,14064,81,00,22,,,9,1,0724,0005,0607,9CA4,14.5,132,509.9,-23.044327,-50.228090,194.2,,18,0,1,1800,,,,,,,,,,,,,,,,1,27.0,318,478.4,-50.230683,-23.047460,2025-10-10 21:11:27,11,193.7,10,2025-10-10 21:13:42
2025-10-10 21:16:39,2025-10-10 21:16:39,,385349,862689070136657,2091,GTCRA,,,,,,,,,,,,,,,,,,,,,,,,,,,,,,,,,,,,,,,,,,,,,,,,,,,,2025-10-10 21:16:39
2025-10-10 21:16:41,2025-10-10 21:16:39,,385349,862689070136657,2092,GTCRD,,,,,,,,,,,,,,,,,,,,,,,,,,,,,,,,,,,,,,,,,,,,,,,,,,,,2025-10-10 21:16:41
2025-10-10 21:16:42,2025-10-10 21:16:39,,385349,862689070136657,2093,GTCRD,,,,,,,,,,,,,,,,,,,,,,,,,,,,,,,,,,,,,,,,,,,,,,,,,,,,2025-10-10 21:16:42
2025-10-10 21:16:43,2025-10-10 21:16:39,,385349,862689070136657,2094,GTCRD,,,,,,,,,,,,,,,,,,,,,,,,,,,,,,,,,,,,,,,,,,,,,,,,,,,,2025-10-10 21:16:43
2025-10-10 21:16:44,2025-10-10 21:16:39,,385349,862689070136657,2095,GTCRD,,,,,,,,,,,,,,,,,,,,,,,,,,,,,,,,,,,,,,,,,,,,,,,,,,,,2025-10-10 21:16:44
2025-10-10 21:16:45,2025-10-10 21:16:39,,385349,862689070136657,2097,GTCRD,,,,,,,,,,,,,,,,,,,,,,,,,,,,,,,,,,,,,,,,,,,,,,,,,,,,2025-10-10 21:16:45
2025-10-10 21:16:45,2025-10-10 21:16:39,,385349,862689070136657,2096,GTCRD,,,,,,,,,,,,,,,,,,,,,,,,,,,,,,,,,,,,,,,,,,,,,,,,,,,,2025-10-10 21:16:45
2025-10-10 21:16:46,2025-10-10 21:16:39,,385349,862689070136657,2098,GTCRD,,,,,,,,,,,,,,,,,,,,,,,,,,,,,,,,,,,,,,,,,,,,,,,,,,,,2025-10-10 21:16:46
2025-10-10 21:16:47,2025-10-10 21:16:39,,385349,862689070136657,2099,GTCRD,,,,,,,,,,,,,,,,,,,,,,,,,,,,,,,,,,,,,,,,,,,,,,,,,,,,2025-10-10 21:16:47
2025-10-10 21:16:48,2025-10-10 21:16:39,,385349,862689070136657,2100,GTCRD,,,,,,,,,,,,,,,,,,,,,,,,,,,,,,,,,,,,,,,,,,,,,,,,,,,,2025-10-10 21:16:48
2025-10-10 21:16:49,2025-10-10 21:16:39,,385349,862689070136657,2101,GTCRD,,,,,,,,,,,,,,,,,,,,,,,,,,,,,,,,,,,,,,,,,,,,,,,,,,,,2025-10-10 21:16:49
2025-10-10 21:16:50,2025-10-10 21:16:39,,385349,862689070136657,2102,GTCRD,,,,,,,,,,,,,,,,,,,,,,,,,,,,,,,,,,,,,,,,,,,,,,,,,,,,2025-10-10 21:16:50
2025-10-10 21:16:51,2025-10-10 21:16:39,,385349,862689070136657,2103,GTCRD,,,,,,,,,,,,,,,,,,,,,,,,,,,,,,,,,,,,,,,,,,,,,,,,,,,,2025-10-10 21:16:51
2025-10-10 21:16:52,2025-10-10 21:16:39,,385349,862689070136657,2104,GTCRD,,,,,,,,,,,,,,,,,,,,,,,,,,,,,,,,,,,,,,,,,,,,,,,,,,,,2025-10-10 21:16:52
2025-10-10 21:16:53,2025-10-10 21:16:39,,385349,862689070136657,2105,GTCRD,,,,,,,,,,,,,,,,,,,,,,,,,,,,,,,,,,,,,,,,,,,,,,,,,,,,2025-10-10 21:16:53
2025-10-10 21:16:54,2025-10-10 21:16:40,2025-10-10 21:16:39,385349,862689070136657,2108,GTERI,4.17,00008200,698407,13010,80,00,12,,,11,1,0724,0005,0607,9CA4,6.8,19,504.7,-23.044813,-50.227152,194.3,,20,0,1,1800,,,,,,,,,,,,,,,,1,6.8,19,504.7,-50.227152,-23.044813,2025-10-10 21:16:39,11,194.3,10,2025-10-10 21:16:54
2025-10-10 21:16:54,2025-10-10 21:16:39,2025-10-10 21:16:38,385349,862689070136657,2107,GTIGF,4.17,,698407,13010,80,00,12,1810,,11,0,0724,0005,0607,9CA4,6.8,19,504.7,-23.044813,-50.227152,194.3,,,,,,,,,,,,,,,,,,,,,,,,,,,,,,,2025-10-10 21:16:54
2025-10-10 21:16:54,2025-10-10 21:16:39,,385349,862689070136657,2106,GTCRD,,,,,,,,,,,,,,,,,,,,,,,,,,,,,,,,,,,,,,,,,,,,,,,,,,,,2025-10-10 21:16:54
2025-10-10 21:16:56,2025-10-10 21:16:43,,385349,862689070136657,2109,GTCRD,,,,,,,,,,,,,,,,,,,,,,,,,,,,,,,,,,,,,,,,,,,,,,,,,,,,2025-10-10 21:16:56
2025-10-10 21:16:57,2025-10-10 21:16:43,,385349,862689070136657,2110,GTCRD,,,,,,,,,,,,,,,,,,,,,,,,,,,,,,,,,,,,,,,,,,,,,,,,,,,,2025-10-10 21:16:57
2025-10-10 21:16:58,2025-10-10 21:16:43,,385349,862689070136657,2111,GTCRD,,,,,,,,,,,,,,,,,,,,,,,,,,,,,,,,,,,,,,,,,,,,,,,,,,,,2025-10-10 21:16:58
2025-10-10 21:16:59,2025-10-10 21:16:43,,385349,862689070136657,2112,GTCRD,,,,,,,,,,,,,,,,,,,,,,,,,,,,,,,,,,,,,,,,,,,,,,,,,,,,2025-10-10 21:16:59
2025-10-10 21:17:00,2025-10-10 21:16:43,,385349,862689070136657,2113,GTCRD,,,,,,,,,,,,,,,,,,,,,,,,,,,,,,,,,,,,,,,,,,,,,,,,,,,,2025-10-10 21:17:00
2025-10-10 21:17:01,2025-10-10 21:16:43,,385349,862689070136657,2114,GTCRD,,,,,,,,,,,,,,,,,,,,,,,,,,,,,,,,,,,,,,,,,,,,,,,,,,,,2025-10-10 21:17:01
2025-10-10 21:17:02,2025-10-10 21:16:43,,385349,862689070136657,2115,GTCRD,,,,,,,,,,,,,,,,,,,,,,,,,,,,,,,,,,,,,,,,,,,,,,,,,,,,2025-10-10 21:17:02
2025-10-10 21:17:04,2025-10-10 21:16:43,,385349,862689070136657,2116,GTCRD,,,,,,,,,,,,,,,,,,,,,,,,,,,,,,,,,,,,,,,,,,,,,,,,,,,,2025-10-10 21:17:04
2025-10-10 21:17:05,2025-10-10 21:16:43,,385349,862689070136657,2117,GTCRD,,,,,,,,,,,,,,,,,,,,,,,,,,,,,,,,,,,,,,,,,,,,,,,,,,,,2025-10-10 21:17:05
2025-10-10 21:17:06,2025-10-10 21:16:43,,385349,862689070136657,2118,GTCRD,,,,,,,,,,,,,,,,,,,,,,,,,,,,,,,,,,,,,,,,,,,,,,,,,,,,2025-10-10 21:17:06
2025-10-10 21:17:07,2025-10-10 21:16:43,,385349,862689070136657,2119,GTCRD,,,,,,,,,,,,,,,,,,,,,,,,,,,,,,,,,,,,,,,,,,,,,,,,,,,,2025-10-10 21:17:07
2025-10-10 21:17:08,2025-10-10 21:16:43,,385349,862689070136657,2120,GTCRD,,,,,,,,,,,,,,,,,,,,,,,,,,,,,,,,,,,,,,,,,,,,,,,,,,,,2025-10-10 21:17:08
2025-10-10 21:17:09,2025-10-10 21:16:43,,385349,862689070136657,2121,GTCRD,,,,,,,,,,,,,,,,,,,,,,,,,,,,,,,,,,,,,,,,,,,,,,,,,,,,2025-10-10 21:17:09
2025-10-10 21:17:10,2025-10-10 21:16:43,,385349,862689070136657,2122,GTCRD,,,,,,,,,,,,,,,,,,,,,,,,,,,,,,,,,,,,,,,,,,,,,,,,,,,,2025-10-10 21:17:10
2025-10-10 21:17:11,2025-10-10 21:16:43,,385349,862689070136657,2123,GTCRD,,,,,,,,,,,,,,,,,,,,,,,,,,,,,,,,,,,,,,,,,,,,,,,,,,,,2025-10-10 21:17:11
2025-10-10 22:16:37,2025-10-10 22:16:37,2025-10-10 22:14:16,385349,862689070136657,2124,GTERI,4.11,00008200,698407,13139,80,00,11,,,10,1,0724,0005,0607,9CA4,0.0,19,504.7,-23.044813,-50.227152,194.3,,23,0,1,1800,,,,,,,,,,,,,,,,1,0.0,19,504.7,-50.227152,-23.044813,2025-10-10 22:14:16,10,194.3,10,2025-10-10 22:16:37
2025-10-10 23:16:37,2025-10-10 23:16:37,2025-10-10 23:14:16,385349,862689070136657,2125,GTERI,4.09,00008200,698407,13115,80,00,11,,,9,1,0724,0005,0607,9CA4,0.0,19,504.7,-23.044813,-50.227152,194.3,,23,0,1,1800,,,,,,,,,,,,,,,,1,0.0,19,504.7,-50.227152,-23.044813,2025-10-10 23:14:16,9,194.3,10,2025-10-10 23:16:37
2025-10-11 00:16:37,2025-10-11 00:16:37,2025-10-11 00:14:19,385349,862689070136657,2126,GTERI,4.06,00008200,698407,13090,80,00,11,,,10,1,0724,0005,0607,0064,0.0,19,504.7,-23.044813,-50.227152,194.3,,28,0,1,900,,,,,,,,,,,,,,,,1,0.0,19,504.7,-50.227152,-23.044813,2025-10-11 00:14:19,10,194.3,10,2025-10-11 00:16:37
2025-10-11 01:16:37,2025-10-11 01:16:37,2025-10-11 01:14:17,385349,862689070136657,2127,GTERI,4.04,00008200,698407,13082,80,00,11,,,12,1,0724,0005,0607,0064,0.0,19,504.7,-23.044813,-50.227152,194.3,,28,0,1,900,,,,,,,,,,,,,,,,1,0.0,19,504.7,-50.227152,-23.044813,2025-10-11 01:14:17,12,194.3,10,2025-10-11 01:16:37
2025-10-11 02:16:37,2025-10-11 02:16:37,2025-10-11 02:14:16,385349,862689070136657,2128,GTERI,4.00,00008200,698407,13074,80,00,11,,,11,1,0724,0005,0607,0064,0.0,19,504.7,-23.044813,-50.227152,194.3,,28,0,1,900,,,,,,,,,,,,,,,,1,0.0,19,504.7,-50.227152,-23.044813,2025-10-11 02:14:16,11,194.3,10,2025-10-11 02:16:37
2025-10-11 03:16:37,2025-10-11 03:16:37,2025-10-11 03:14:16,385349,862689070136657,2129,GTERI,3.97,00008200,698407,13066,80,00,11,,,8,1,0724,0005,0607,0064,0.0,19,504.7,-23.044813,-50.227152,194.3,,28,0,1,900,,,,,,,,,,,,,,,,1,0.0,19,504.7,-50.227152,-23.044813,2025-10-11 03:14:16,8,194.3,10,2025-10-11 03:16:37
2025-10-11 04:16:37,2025-10-11 04:16:37,2025-10-11 04:14:16,385349,862689070136657,2130,GTERI,3.91,00008200,698407,13058,80,00,11,,,9,1,0724,0005,0607,0064,0.0,19,504.7,-23.044813,-50.227152,194.3,,28,0,1,900,,,,,,,,,,,,,,,,1,0.0,19,504.7,-50.227152,-23.044813,2025-10-11 04:14:16,9,194.3,10,2025-10-11 04:16:37
2025-10-11 05:16:37,2025-10-11 05:16:37,2025-10-11 05:14:16,385349,862689070136657,2131,GTERI,3.91,00008200,698407,13050,80,00,11,,,8,1,0724,0005,0607,0064,0.0,19,504.7,-23.044813,-50.227152,194.3,,28,0,1,900,,,,,,,,,,,,,,,,1,0.0,19,504.7,-50.227152,-23.044813,2025-10-11 05:14:16,8,194.3,10,2025-10-11 05:16:37
2025-10-11 06:16:37,2025-10-11 06:16:37,2025-10-11 06:14:17,385349,862689070136657,2132,GTERI,3.89,00008200,698407,13042,80,00,11,,,8,1,0724,0005,0607,9CA4,0.0,19,504.7,-23.044813,-50.227152,194.3,,24,0,1,1800,,,,,,,,,,,,,,,,1,0.0,19,504.7,-50.227152,-23.044813,2025-10-11 06:14:17,8,194.3,10,2025-10-11 06:16:37
2025-10-11 07:16:37,2025-10-11 07:16:37,2025-10-11 07:14:17,385349,862689070136657,2133,GTERI,3.87,00008200,698407,13042,80,00,11,,,11,1,0724,0005,0607,9CA4,0.0,19,504.7,-23.044813,-50.227152,194.3,,24,0,1,1800,,,,,,,,,,,,,,,,1,0.0,19,504.7,-50.227152,-23.044813,2025-10-11 07:14:17,11,194.3,10,2025-10-11 07:16:37
2025-10-11 08:16:37,2025-10-11 08:16:37,2025-10-11 08:14:27,385349,862689070136657,2134,GTERI,3.86,00008200,698407,13034,80,00,11,,,9,1,0724,0005,0607,9CA4,0.0,19,504.7,-23.044813,-50.227152,194.3,,24,0,1,1800,,,,,,,,,,,,,,,,1,0.0,19,504.7,-50.227152,-23.044813,2025-10-11 08:14:27,9,194.3,10,2025-10-11 08:16:37
2025-10-11 09:10:51,2025-10-11 09:10:51,2025-10-11 08:14:27,385349,862689070136657,2135,GTIGN,3.85,,698407,12777,81,00,22,,42852,9,1,0724,0005,0607,9CA4,0.0,19,504.7,-23.044813,-50.227152,194.3,,,,,,,,,,,,,,,,,,,,,,,,,,,,,,,2025-10-11 09:10:51
2025-10-11 09:11:32,2025-10-11 09:11:32,2025-10-11 09:11:30,385349,862689070136657,2137,GTERI,3.89,00008200,698407,12407,81,00,21,,,5,2,0724,0005,0607,9CA4,1.1,331,601.3,-23.045795,-50.226368,194.3,,18,0,1,1800,,,,,,,,,,,,,,,,2,1.1,331,601.3,-50.226368,-23.045795,2025-10-11 09:11:30,5,194.3,10,2025-10-11 09:11:32
2025-10-11 09:14:27,2025-10-11 09:14:27,2025-10-11 09:14:21,385349,862689070136657,2139,GTERI,4.01,00008200,698407,13839,81,00,22,,,11,1,0724,0005,0607,9CA4,8.9,270,472.7,-23.048098,-50.230772,194.9,,21,0,1,1800,,,,,,,,,,,,,,,,1,37.2,229,478.5,-50.229140,-23.046808,2025-10-11 09:13:41,9,194.7,10,2025-10-11 09:14:27
2025-10-11 09:17:27,2025-10-11 09:17:27,2025-10-11 09:17:21,385349,862689070136657,2142,GTERI,4.03,00008200,698407,13984,81,00,22,,,10,1,0724,0005,0607,9CA4,15.2,119,420.7,-23.048925,-50.230310,195.8,,22,0,1,1800,,,,,,,,,,,,,,,,1,36.3,110,401.3,-50.233528,-23.047578,2025-10-11 09:16:14,11,195.4,10,2025-10-11 09:17:27
2025-10-11 09:20:28,2025-10-11 09:20:27,2025-10-11 09:20:22,385349,862689070136657,2144,GTERI,4.04,00008200,698407,13967,81,00,22,,,12,1,0724,0005,0607,9CA4,22.4,295,506.5,-23.049375,-50.231688,196.6,,17,0,1,1800,,,,,,,,,,,,,,,,1,33.0,294,491.9,-50.228620,-23.050505,2025-10-11 09:18:50,8,196.3,10,2025-10-11 09:20:28
2025-10-11 09:22:01,2025-10-11 09:22:01,2025-10-11 09:22:00,385349,862689070136657,2146,GTIGF,4.05,,698407,13959,80,00,12,670,,11,0,0724,0005,0607,C3B4,0.0,254,495.4,-23.049133,-50.232012,197.0,,,,,,,,,,,,,,,,,,,,,,,,,,,,,,,2025-10-11 09:22:01
2025-10-11 09:22:02,2025-10-11 09:22:02,2025-10-11 09:22:01,385349,862689070136657,2147,GTERI,4.05,00008200,698407,13815,80,00,12,,,11,1,0724,0005,0607,C3B4,0.0,254,495.4,-23.049133,-50.232012,197.0,,19,0,1,1800,,,,,,,,,,,,,,,,1,0.0,254,495.4,-50.232012,-23.049133,2025-10-11 09:22:01,11,197.0,10,2025-10-11 09:22:02
2025-10-11 11:27:08,2025-10-11 11:00:00,2025-10-11 10:22:06,385349,862689070136657,2148,GTIGN,3.85,,698407,12865,81,00,22,,5866,10,1,0724,0005,0607,9CA4,0.0,102,511.8,-23.049090,-50.231977,197.0,,,,,,,,,,,,,,,,,,,,,,,,,,,,,,,2025-10-11 11:27:08
2025-10-11 11:27:09,2025-10-11 11:03:12,2025-10-11 11:03:07,385349,862689070136657,2151,GTERI,3.97,00008200,698407,13863,81,00,22,,,11,1,0724,0005,0607,9CA4,6.1,16,473.3,-23.050125,-50.231757,197.2,,22,0,1,1800,,,,,,,,,,,,,,,,1,18.3,104,460.4,-50.232317,-23.050102,2025-10-11 11:02:38,11,197.2,10,2025-10-11 11:27:09
2025-10-11 11:27:09,2025-10-11 11:00:12,2025-10-11 11:00:11,385349,862689070136657,2150,GTERI,3.85,00008200,698407,13919,81,00,22,,,8,1,0724,0005,0607,9CA4,10.4,150,467.2,-23.048798,-50.232170,197.0,,24,0,1,1800,,,,,,,,,,,,,,,,1,10.4,150,467.2,-50.232170,-23.048798,2025-10-11 11:00:11,8,197.0,10,2025-10-11 11:27:09
2025-10-11 11:27:10,2025-10-11 11:08:26,2025-10-11 11:08:25,385349,862689070136657,2155,GTDOG,,,,,,,,,,,,,,,,,,,,,,,,,,,,,,,,,,,,,,,,,,,,,,,,,,,,2025-10-11 11:27:10
2025-10-11 11:27:10,2025-10-11 11:06:12,2025-10-11 11:06:07,385349,862689070136657,2153,GTERI,3.98,00008200,698407,13943,81,00,22,,,14,1,0724,0005,0607,9CA4,16.1,74,477.8,-23.049613,-50.229003,197.6,,26,0,1,1800,,,,,,,,,,,,,,,,1,20.0,110,480.1,-50.229540,-23.049447,2025-10-11 11:05:57,13,197.5,10,2025-10-11 11:27:10
2025-10-11 11:27:11,2025-10-11 11:09:42,2025-10-11 11:09:42,385349,862689070136657,2158,GTRTL,4.00,,698407,13935,81,00,21,,,11,1,0724,0005,0607,9CA4,18.3,109,464.4,-23.049213,-50.230485,198.0,,,,,,,,,,,,,,,,,,,,,,,,,,,,,,,2025-10-11 11:27:11
2025-10-11 11:27:11,2025-10-11 11:09:15,2025-10-11 11:09:05,385349,862689070136657,2156,GTERI,4.00,00008200,698407,13855,81,00,21,,,0,0,0724,0005,0607,0064,0.0,21,452.2,-23.048930,-50.231182,198.0,,31,0,1,1800,,,,,,,,,,,,,,,,0,0.0,21,452.2,-50.231182,-23.048930,2025-10-11 11:09:05,13,198.0,10,2025-10-11 11:27:11
2025-10-11 11:27:12,2025-10-11 11:15:16,2025-10-11 11:15:11,385349,862689070136657,2162,GTERI,4.03,00008200,698407,13943,81,00,22,,,11,1,0724,0005,0607,9CA4,40.6,212,477.5,-23.046935,-50.229487,199.6,,23,0,1,1800,,,,,,,,,,,,,,,,1,40.6,212,477.5,-50.229487,-23.046935,2025-10-11 11:15:11,11,199.6,10,2025-10-11 11:27:12
2025-10-11 11:27:12,2025-10-11 11:12:15,2025-10-11 11:12:11,385349,862689070136657,2160,GTERI,4.01,00008200,698407,13927,81,00,22,,,10,1,0724,0005,0607,9CA4,18.1,299,447.2,-23.048222,-50.229968,198.7,,20,0,1,900,,,,,,,,,,,,,,,,1,33.1,106,458.2,-50.228223,-23.049760,2025-10-11 11:10:33,11,198.3,10,2025-10-11 11:27:12
2025-10-11 11:27:13,2025-10-11 11:17:21,2025-10-11 11:17:20,385349,862689070136657,2165,GTERI,4.04,00008200,698407,13911,80,00,12,,,11,1,0724,0005,0607,9CA4,4.1,104,521.3,-23.048468,-50.229540,199.9,,19,0,1,1800,,,,,,,,,,,,,,,,1,4.1,104,521.3,-50.229540,-23.048468,2025-10-11 11:17:20,11,199.9,10,2025-10-11 11:27:13
2025-10-11 11:27:13,2025-10-11 11:17:21,2025-10-11 11:17:19,385349,862689070136657,2164,GTIGF,4.04,,698407,13887,80,00,12,1027,,10,0,0724,0005,0607,9CA4,4.1,104,521.3,-23.048468,-50.229540,199.9,,,,,,,,,,,,,,,,,,,,,,,,,,,,,,,2025-10-11 11:27:13
2025-10-11 11:27:14,2025-10-11 11:19:39,2025-10-11 11:19:38,385349,862689070136657,2166,GTDOG,,,,,,,,,,,,,,,,,,,,,,,,,,,,,,,,,,,,,,,,,,,,,,,,,,,,2025-10-11 11:27:14
2025-10-11 11:27:15,2025-10-11 11:20:56,2025-10-11 11:20:55,385349,862689070136657,2168,GTERI,3.87,00008200,698407,13139,80,00,11,,,11,1,0724,0005,0607,9CA4,1.1,296,519.6,-23.048398,-50.229582,199.9,,25,0,1,1800,,,,,,,,,,,,,,,,1,1.1,296,519.6,-50.229582,-23.048398,2025-10-11 11:20:55,11,199.9,10,2025-10-11 11:27:15
2025-10-11 11:27:15,2025-10-11 11:20:56,2025-10-11 11:20:55,385349,862689070136657,2167,GTRTL,3.87,,698407,13139,80,00,11,,,11,1,0724,0005,0607,9CA4,1.1,296,519.6,-23.048398,-50.229582,199.9,,,,,,,,,,,,,,,,,,,,,,,,,,,,,,,2025-10-11 11:27:15
2025-10-11 12:20:56,2025-10-11 12:20:54,2025-10-11 12:18:36,385349,862689070136657,2169,GTERI,3.87,00008200,698407,13074,80,00,11,,,14,1,0724,0005,0607,9CA4,0.0,296,519.6,-23.048398,-50.229582,199.9,,25,0,1,1800,,,,,,,,,,,,,,,,1,0.0,296,519.6,-50.229582,-23.048398,2025-10-11 12:18:36,14,199.9,10,2025-10-11 12:20:56
2025-10-11 12:31:46,2025-10-11 12:31:46,2025-10-11 12:18:36,385349,862689070136657,2170,GTIGN,3.87,,698407,12825,81,00,22,,4453,14,1,0724,0005,0607,9CA4,0.0,296,519.6,-23.048398,-50.229582,199.9,,,,,,,,,,,,,,,,,,,,,,,,,,,,,,,2025-10-11 12:31:46
2025-10-11 12:32:13,2025-10-11 12:32:13,2025-10-11 12:32:12,385349,862689070136657,2172,GTERI,3.88,00008200,698407,13959,81,00,22,,,5,1,0724,0005,0607,9CA4,6.8,273,482.6,-23.048358,-50.229790,199.9,,23,0,1,1800,,,,,,,,,,,,,,,,1,6.8,273,482.6,-50.229790,-23.048358,2025-10-11 12:32:12,5,199.9,10,2025-10-11 12:32:13
2025-10-11 12:35:09,2025-10-11 12:35:09,2025-10-11 12:35:03,385349,862689070136657,2174,GTERI,3.98,00008200,698407,13943,81,00,22,,,11,1,0724,0005,0607,9CA4,17.0,134,473.9,-23.044655,-50.227740,200.7,,22,0,1,1800,,,,,,,,,,,,,,,,1,26.4,321,472.4,-50.230990,-23.047230,2025-10-11 12:33:02,10,200.1,10,2025-10-11 12:35:09
2025-10-11 12:35:52,2025-10-11 12:35:52,2025-10-11 12:35:50,385349,862689070136657,2176,GTIGF,3.98,,698407,13863,80,00,12,246,,9,0,0724,0005,0607,9CA4,0.0,328,469.7,-23.044767,-50.227293,200.8,,,,,,,,,,,,,,,,,,,,,,,,,,,,,,,2025-10-11 12:35:52
2025-10-11 12:35:53,2025-10-11 12:35:52,2025-10-11 12:35:51,385349,862689070136657,2177,GTERI,3.98,00008200,698407,13839,80,00,12,,,12,1,0724,0005,0607,9CA4,0.0,328,469.7,-23.044767,-50.227293,200.8,,24,0,1,1800,,,,,,,,,,,,,,,,1,0.0,328,469.7,-50.227293,-23.044767,2025-10-11 12:35:51,12,200.8,10,2025-10-11 12:35:53
2025-10-11 13:17:02,2025-10-11 13:17:02,2025-10-11 12:35:51,385349,862689070136657,2178,GTIGN,3.87,,698407,12921,81,00,22,,2470,12,1,0724,0005,0607,9CA4,0.0,328,469.7,-23.044767,-50.227293,200.8,,,,,,,,,,,,,,,,,,,,,,,,,,,,,,,2025-10-11 13:17:02
2025-10-11 13:17:22,2025-10-11 13:17:22,2025-10-11 13:17:21,385349,862689070136657,2180,GTERI,3.88,00008200,698407,13911,81,00,22,,,7,1,0724,0005,0607,9CA4,1.0,52,515.6,-23.044783,-50.227122,200.8,,23,0,1,1800,,,,,,,,,,,,,,,,1,1.0,52,515.6,-50.227122,-23.044783,2025-10-11 13:17:21,7,200.8,10,2025-10-11 13:17:22
2025-10-11 13:20:19,2025-10-11 13:20:19,2025-10-11 13:20:13,385349,862689070136657,2182,GTERI,3.99,00008200,698407,13943,81,00,22,,,15,1,0724,0005,0607,9CA4,26.0,223,493.5,-23.049570,-50.232515,201.5,,24,0,1,1800,,,,,,,,,,,,,,,,1,42.4,226,491.1,-50.229322,-23.046738,2025-10-11 13:18:34,15,201.1,10,2025-10-11 13:20:19
2025-10-11 13:22:26,2025-10-11 13:22:26,2025-10-11 13:22:25,385349,862689070136657,2184,GTIGF,4.00,,698407,12897,80,00,12,324,,15,0,0724,0005,0607,9CA4,0.0,53,497.4,-23.049852,-50.231370,201.7,,,,,,,,,,,,,,,,,,,,,,,,,,,,,,,2025-10-11 13:22:26
2025-10-11 13:22:27,2025-10-11 13:22:26,2025-10-11 13:22:26,385349,862689070136657,2185,GTERI,4.00,00008200,698407,12720,80,00,12,,,15,1,0724,0005,0607,9CA4,0.0,53,497.4,-23.049852,-50.231370,201.7,,26,0,1,1800,,,,,,,,,,,,,,,,1,0.0,53,497.4,-50.231370,-23.049852,2025-10-11 13:22:26,15,201.7,10,2025-10-11 13:22:27
2025-10-11 13:22:50,2025-10-11 13:22:50,2025-10-11 13:22:26,385349,862689070136657,2186,GTIGN,3.99,,698407,12921,81,00,21,,24,15,1,0724,0005,0607,9CA4,0.0,53,497.4,-23.049852,-50.231370,201.7,,,,,,,,,,,,,,,,,,,,,,,,,,,,,,,2025-10-11 13:22:50
2025-10-11 13:23:00,2025-10-11 13:23:00,2025-10-11 13:22:26,385349,862689070136657,2188,GTIGF,3.99,,698407,13879,80,00,12,10,,6,0,0724,0005,0607,9CA4,0.0,53,497.4,-23.049852,-50.231370,201.7,,,,,,,,,,,,,,,,,,,,,,,,,,,,,,,2025-10-11 13:23:00
2025-10-11 13:23:03,2025-10-11 13:23:03,2025-10-11 13:23:01,385349,862689070136657,2189,GTERI,3.99,00008200,698407,13324,80,00,12,,,8,1,0724,0005,0607,9CA4,0.0,53,497.4,-23.049852,-50.231370,201.7,,23,0,1,1800,,,,,,,,,,,,,,,,1,0.0,53,497.4,-50.231370,-23.049852,2025-10-11 13:23:01,8,201.7,10,2025-10-11 13:23:03
2025-10-11 13:23:08,2025-10-11 13:23:08,,385349,862689070136657,2190,GTCRA,,,,,,,,,,,,,,,,,,,,,,,,,,,,,,,,,,,,,,,,,,,,,,,,,,,,2025-10-11 13:23:08
2025-10-11 13:23:09,2025-10-11 13:23:08,,385349,862689070136657,2191,GTCRD,,,,,,,,,,,,,,,,,,,,,,,,,,,,,,,,,,,,,,,,,,,,,,,,,,,,2025-10-11 13:23:09
2025-10-11 13:23:11,2025-10-11 13:23:08,,385349,862689070136657,2192,GTCRD,,,,,,,,,,,,,,,,,,,,,,,,,,,,,,,,,,,,,,,,,,,,,,,,,,,,2025-10-11 13:23:11
2025-10-11 13:23:13,2025-10-11 13:23:08,,385349,862689070136657,2193,GTCRD,,,,,,,,,,,,,,,,,,,,,,,,,,,,,,,,,,,,,,,,,,,,,,,,,,,,2025-10-11 13:23:13
2025-10-11 13:23:14,2025-10-11 13:23:08,,385349,862689070136657,2194,GTCRD,,,,,,,,,,,,,,,,,,,,,,,,,,,,,,,,,,,,,,,,,,,,,,,,,,,,2025-10-11 13:23:14
2025-10-11 13:23:15,2025-10-11 13:23:08,,385349,862689070136657,2195,GTCRD,,,,,,,,,,,,,,,,,,,,,,,,,,,,,,,,,,,,,,,,,,,,,,,,,,,,2025-10-11 13:23:15
2025-10-11 13:23:16,2025-10-11 13:23:08,,385349,862689070136657,2196,GTCRD,,,,,,,,,,,,,,,,,,,,,,,,,,,,,,,,,,,,,,,,,,,,,,,,,,,,2025-10-11 13:23:16
2025-10-11 13:23:17,2025-10-11 13:23:08,,385349,862689070136657,2198,GTCRD,,,,,,,,,,,,,,,,,,,,,,,,,,,,,,,,,,,,,,,,,,,,,,,,,,,,2025-10-11 13:23:17
2025-10-11 13:23:17,2025-10-11 13:23:08,,385349,862689070136657,2197,GTCRD,,,,,,,,,,,,,,,,,,,,,,,,,,,,,,,,,,,,,,,,,,,,,,,,,,,,2025-10-11 13:23:17
2025-10-11 13:23:18,2025-10-11 13:23:12,,385349,862689070136657,2199,GTCRD,,,,,,,,,,,,,,,,,,,,,,,,,,,,,,,,,,,,,,,,,,,,,,,,,,,,2025-10-11 13:23:18
2025-10-11 13:23:19,2025-10-11 13:23:12,,385349,862689070136657,2200,GTCRD,,,,,,,,,,,,,,,,,,,,,,,,,,,,,,,,,,,,,,,,,,,,,,,,,,,,2025-10-11 13:23:19
2025-10-11 13:23:20,2025-10-11 13:23:12,,385349,862689070136657,2201,GTCRD,,,,,,,,,,,,,,,,,,,,,,,,,,,,,,,,,,,,,,,,,,,,,,,,,,,,2025-10-11 13:23:20
2025-10-11 13:23:21,2025-10-11 13:23:12,,385349,862689070136657,2202,GTCRD,,,,,,,,,,,,,,,,,,,,,,,,,,,,,,,,,,,,,,,,,,,,,,,,,,,,2025-10-11 13:23:21
2025-10-11 13:23:22,2025-10-11 13:23:12,,385349,862689070136657,2203,GTCRD,,,,,,,,,,,,,,,,,,,,,,,,,,,,,,,,,,,,,,,,,,,,,,,,,,,,2025-10-11 13:23:22
2025-10-11 13:23:23,2025-10-11 13:23:12,,385349,862689070136657,2204,GTCRD,,,,,,,,,,,,,,,,,,,,,,,,,,,,,,,,,,,,,,,,,,,,,,,,,,,,2025-10-11 13:23:23
2025-10-11 13:23:25,2025-10-11 13:23:12,,385349,862689070136657,2205,GTCRD,,,,,,,,,,,,,,,,,,,,,,,,,,,,,,,,,,,,,,,,,,,,,,,,,,,,2025-10-11 13:23:25
2025-10-11 13:23:26,2025-10-11 13:23:12,,385349,862689070136657,2206,GTCRD,,,,,,,,,,,,,,,,,,,,,,,,,,,,,,,,,,,,,,,,,,,,,,,,,,,,2025-10-11 13:23:26
2025-10-11 13:23:27,2025-10-11 13:23:12,,385349,862689070136657,2207,GTCRD,,,,,,,,,,,,,,,,,,,,,,,,,,,,,,,,,,,,,,,,,,,,,,,,,,,,2025-10-11 13:23:27
2025-10-11 13:23:28,2025-10-11 13:23:12,,385349,862689070136657,2208,GTCRD,,,,,,,,,,,,,,,,,,,,,,,,,,,,,,,,,,,,,,,,,,,,,,,,,,,,2025-10-11 13:23:28
2025-10-11 13:23:29,2025-10-11 13:23:12,,385349,862689070136657,2209,GTCRD,,,,,,,,,,,,,,,,,,,,,,,,,,,,,,,,,,,,,,,,,,,,,,,,,,,,2025-10-11 13:23:29
2025-10-11 13:23:30,2025-10-11 13:23:12,,385349,862689070136657,2210,GTCRD,,,,,,,,,,,,,,,,,,,,,,,,,,,,,,,,,,,,,,,,,,,,,,,,,,,,2025-10-11 13:23:30
2025-10-11 13:23:31,2025-10-11 13:23:12,,385349,862689070136657,2211,GTCRD,,,,,,,,,,,,,,,,,,,,,,,,,,,,,,,,,,,,,,,,,,,,,,,,,,,,2025-10-11 13:23:31
2025-10-11 13:23:32,2025-10-11 13:23:12,,385349,862689070136657,2212,GTCRD,,,,,,,,,,,,,,,,,,,,,,,,,,,,,,,,,,,,,,,,,,,,,,,,,,,,2025-10-11 13:23:32
2025-10-11 13:23:33,2025-10-11 13:23:12,,385349,862689070136657,2213,GTCRD,,,,,,,,,,,,,,,,,,,,,,,,,,,,,,,,,,,,,,,,,,,,,,,,,,,,2025-10-11 13:23:33
2025-10-11 14:22:59,2025-10-11 14:22:59,2025-10-11 14:20:36,385349,862689070136657,2214,GTERI,3.87,00008200,698407,13074,80,00,11,,,12,1,0724,0005,0607,9CA4,0.0,53,497.4,-23.049852,-50.231370,201.7,,27,0,1,1800,,,,,,,,,,,,,,,,1,0.0,53,497.4,-50.231370,-23.049852,2025-10-11 14:20:36,12,201.7,10,2025-10-11 14:22:59
2025-10-11 14:37:18,2025-10-11 14:37:18,2025-10-11 14:20:36,385349,862689070136657,2215,GTIGN,3.87,,698407,12833,81,00,21,,4458,12,1,0724,0005,0607,9CA4,0.0,53,497.4,-23.049852,-50.231370,201.7,,,,,,,,,,,,,,,,,,,,,,,,,,,,,,,2025-10-11 14:37:18
2025-10-11 14:37:30,2025-10-11 14:37:30,2025-10-11 14:37:28,385349,862689070136657,2217,GTERI,3.87,00008200,698407,13871,81,00,22,,,8,1,0724,0005,0607,9CA4,4.0,309,507.9,-23.050027,-50.231218,201.7,,27,0,1,1800,,,,,,,,,,,,,,,,1,4.0,309,507.9,-50.231218,-23.050027,2025-10-11 14:37:28,8,201.8,10,2025-10-11 14:37:30
2025-10-11 14:40:29,2025-10-11 14:40:29,2025-10-11 14:40:23,385349,862689070136657,2219,GTERI,3.97,00008200,698407,13927,81,00,22,,,11,1,0724,0005,0607,9CA4,0.0,354,514.7,-23.044835,-50.227162,202.5,,27,0,1,1800,,,,,,,,,,,,,,,,1,45.2,46,493.8,-50.228933,-23.046472,2025-10-11 14:39:33,12,202.3,10,2025-10-11 14:40:29
2025-10-11 14:40:40,2025-10-11 14:40:40,2025-10-11 14:40:39,385349,862689070136657,2221,GTERI,3.97,00008200,698407,13879,80,00,12,,,10,1,0724,0005,0607,9CA4,0.0,354,514.7,-23.044835,-50.227162,202.5,,23,0,1,1800,,,,,,,,,,,,,,,,1,0.0,354,514.7,-50.227162,-23.044835,2025-10-11 14:40:39,10,202.5,10,2025-10-11 14:40:40
2025-10-11 14:40:40,2025-10-11 14:40:40,2025-10-11 14:40:38,385349,862689070136657,2220,GTIGF,3.97,,698407,13879,80,00,12,202,,10,0,0724,0005,0607,9CA4,0.0,354,514.7,-23.044835,-50.227162,202.5,,,,,,,,,,,,,,,,,,,,,,,,,,,,,,,2025-10-11 14:40:40
2025-10-11 15:40:39,2025-10-11 15:40:39,2025-10-11 15:38:17,385349,862689070136657,2222,GTERI,3.87,00008200,698407,12889,80,00,11,,,9,1,0724,0005,0607,9CA4,0.0,354,514.7,-23.044835,-50.227162,202.5,,26,0,1,1800,,,,,,,,,,,,,,,,1,0.0,354,514.7,-50.227162,-23.044835,2025-10-11 15:38:17,9,202.5,10,2025-10-11 15:40:39
2025-10-11 15:44:04,2025-10-11 15:44:04,2025-10-11 15:38:17,385349,862689070136657,2223,GTIGN,3.87,,698407,12857,81,00,22,,3804,9,1,0724,0005,0607,9CA4,0.0,354,514.7,-23.044835,-50.227162,202.5,,,,,,,,,,,,,,,,,,,,,,,,,,,,,,,2025-10-11 15:44:04
2025-10-11 15:44:33,2025-10-11 15:44:33,2025-10-11 15:44:32,385349,862689070136657,2225,GTERI,3.88,00008200,698407,13919,81,00,22,,,6,2,0724,0005,0607,9CA4,1.5,99,487.3,-23.044610,-50.227040,202.5,,24,0,1,1800,,,,,,,,,,,,,,,,2,1.5,99,487.3,-50.227040,-23.044610,2025-10-11 15:44:32,6,202.5,10,2025-10-11 15:44:33
2025-10-11 15:46:32,2025-10-11 15:46:32,2025-10-11 15:46:32,385349,862689070136657,2228,GTERI,3.95,00008200,698407,13058,80,00,12,,,9,1,0724,0005,0607,9CA4,0.0,124,473.5,-23.043677,-50.225407,202.7,,12,0,1,1800,,,,,,,,,,,,,,,,1,0.0,124,473.5,-50.225407,-23.043677,2025-10-11 15:46:32,9,202.7,10,2025-10-11 15:46:32
2025-10-11 15:46:32,2025-10-11 15:46:32,2025-10-11 15:46:31,385349,862689070136657,2227,GTIGF,3.95,,698407,13597,80,00,12,148,,9,0,0724,0005,0607,9CA4,0.0,124,473.5,-23.043677,-50.225407,202.7,,,,,,,,,,,,,,,,,,,,,,,,,,,,,,,2025-10-11 15:46:32
2025-10-11 16:46:29,2025-10-11 16:46:29,2025-10-11 16:44:06,385349,862689070136657,2229,GTERI,3.86,00008200,698407,13050,80,00,11,,,10,1,0724,0005,0607,9CA4,0.0,124,473.5,-23.043677,-50.225407,202.7,,12,0,1,1800,,,,,,,,,,,,,,,,1,0.0,124,473.5,-50.225407,-23.043677,2025-10-11 16:44:06,10,202.7,10,2025-10-11 16:46:29
2025-10-11 17:22:26,2025-10-11 17:22:26,2025-10-11 16:44:06,385349,862689070136657,2230,GTIGN,3.85,,698407,12873,81,00,22,,5754,10,1,0724,0005,0607,9CA4,0.0,124,473.5,-23.043677,-50.225407,202.7,,,,,,,,,,,,,,,,,,,,,,,,,,,,,,,2025-10-11 17:22:26
2025-10-11 17:22:39,2025-10-11 17:22:39,2025-10-11 17:22:37,385349,862689070136657,2232,GTERI,3.85,00008200,698407,13911,81,00,22,,,9,1,0724,0005,0607,9CA4,5.0,285,497.9,-23.043395,-50.225232,202.7,,12,0,1,1800,,,,,,,,,,,,,,,,1,5.0,285,497.9,-50.225232,-23.043395,2025-10-11 17:22:37,9,202.7,10,2025-10-11 17:22:39
2025-10-11 17:25:39,2025-10-11 17:25:39,2025-10-11 17:25:34,385349,862689070136657,2234,GTERI,3.93,00008200,698407,13847,81,00,22,,,7,1,0724,0005,0607,9CA4,0.0,252,487.0,-23.044848,-50.227173,203.0,,22,0,1,1800,,,,,,,,,,,,,,,,1,21.8,232,484.3,-50.226657,-23.044480,2025-10-11 17:24:59,10,203.0,10,2025-10-11 17:25:39
2025-10-11 17:25:42,2025-10-11 17:25:43,2025-10-11 17:25:42,385349,862689070136657,2236,GTERI,3.93,00008200,698407,13799,80,00,12,,,7,1,0724,0005,0607,9CA4,0.0,252,487.0,-23.044848,-50.227173,203.0,,20,0,1,1800,,,,,,,,,,,,,,,,1,0.0,252,487.0,-50.227173,-23.044848,2025-10-11 17:25:42,7,203.0,10,2025-10-11 17:25:42
2025-10-11 17:25:42,2025-10-11 17:25:42,2025-10-11 17:25:41,385349,862689070136657,2235,GTIGF,3.93,,698407,13847,80,00,12,196,,7,0,0724,0005,0607,9CA4,0.0,252,487.0,-23.044848,-50.227173,203.0,,,,,,,,,,,,,,,,,,,,,,,,,,,,,,,2025-10-11 17:25:42
2025-10-11 18:08:26,2025-10-11 18:08:26,2025-10-11 17:25:42,385349,862689070136657,2237,GTIGN,3.84,,698407,12857,81,00,22,,2564,7,1,0724,0005,0607,9CA4,0.0,252,487.0,-23.044848,-50.227173,203.0,,,,,,,,,,,,,,,,,,,,,,,,,,,,,,,2025-10-11 18:08:26
2025-10-11 18:08:42,2025-10-11 18:08:42,2025-10-11 18:08:42,385349,862689070136657,2239,GTERI,3.84,00008200,698407,13903,81,00,22,,,6,1,0724,0005,0607,9CA4,1.2,119,357.9,-23.044123,-50.226415,203.0,,24,0,1,1800,,,,,,,,,,,,,,,,1,1.2,119,357.9,-50.226415,-23.044123,2025-10-11 18:08:42,6,203.0,10,2025-10-11 18:08:42
2025-10-11 18:11:39,2025-10-11 18:11:39,2025-10-11 18:11:34,385349,862689070136657,2241,GTERI,3.93,00008200,698407,13879,81,00,22,,,10,1,0724,0005,0607,9CA4,0.0,304,463.7,-23.044348,-50.228120,203.2,,12,0,1,1800,,,,,,,,,,,,,,,,1,26.9,310,463.5,-50.227695,-23.044728,2025-10-11 18:10:33,7,203.2,10,2025-10-11 18:11:39
2025-10-11 18:14:39,2025-10-11 18:14:39,2025-10-11 18:14:34,385349,862689070136657,2244,GTERI,3.94,00008200,698407,13959,81,00,22,,,9,1,0724,0005,0607,9CA4,34.4,231,472.1,-23.044027,-50.229303,203.4,,17,0,1,1800,,,,,,,,,,,,,,,,1,35.7,231,471.8,-50.229463,-23.044153,2025-10-11 18:14:36,10,203.4,10,2025-10-11 18:14:39
2025-10-11 18:17:39,2025-10-11 18:17:39,2025-10-11 18:17:34,385349,862689070136657,2246,GTERI,3.96,00008200,698407,13895,81,00,22,,,11,1,0724,0005,0607,C3B4,0.0,209,493.1,-23.050340,-50.229047,204.5,,18,0,1,1800,,,,,,,,,,,,,,,,1,50.6,114,485.4,-50.230523,-23.049153,2025-10-11 18:16:52,13,204.2,10,2025-10-11 18:17:39
2025-10-11 18:18:19,2025-10-11 18:17:39,2025-10-11 18:17:34,385349,862689070136657,2246,GTERI,3.96,00008200,698407,13895,81,00,22,,,11,1,0724,0005,0607,C3B4,0.0,209,493.1,-23.050340,-50.229047,204.5,,18,0,1,1800,,,,,,,,,,,,,,,,1,50.6,114,485.4,-50.230523,-23.049153,2025-10-11 18:16:52,13,204.2,10,2025-10-11 18:18:19
2025-10-11 18:20:39,2025-10-11 18:20:39,2025-10-11 18:20:34,385349,862689070136657,2249,GTERI,3.97,00008200,698407,13959,81,00,22,,,14,1,0724,0005,0607,9CA4,27.3,48,499.1,-23.045312,-50.229668,205.3,,24,0,1,1800,,,,,,,,,,,,,,,,1,47.6,314,496.1,-50.230887,-23.047343,2025-10-11 18:19:50,16,205.0,10,2025-10-11 18:20:39
2025-10-11 18:22:28,2025-10-11 18:22:28,2025-10-11 18:22:27,385349,862689070136657,2252,GTERI,3.99,00008200,698407,13018,80,00,12,,,12,1,0724,0005,0607,9CA4,0.0,318,494.8,-23.044913,-50.227212,205.6,,22,0,1,1800,,,,,,,,,,,,,,,,1,0.0,318,494.8,-50.227212,-23.044913,2025-10-11 18:22:27,12,205.6,10,2025-10-11 18:22:28
2025-10-11 18:22:28,2025-10-11 18:22:28,2025-10-11 18:22:26,385349,862689070136657,2251,GTIGF,3.99,,698407,13951,80,00,12,842,,11,0,0724,0005,0607,9CA4,0.0,318,494.8,-23.044913,-50.227212,205.6,,,,,,,,,,,,,,,,,,,,,,,,,,,,,,,2025-10-11 18:22:28
2025-10-11 19:11:16,2025-10-11 19:11:16,2025-10-11 18:22:27,385349,862689070136657,2253,GTIGN,3.88,,698407,12970,81,00,22,,2928,12,1,0724,0005,0607,9CA4,0.0,318,494.8,-23.044913,-50.227212,205.6,,,,,,,,,,,,,,,,,,,,,,,,,,,,,,,2025-10-11 19:11:16
2025-10-11 19:11:30,2025-10-11 19:11:30,2025-10-11 19:11:29,385349,862689070136657,2255,GTERI,3.88,00008200,698407,13911,81,00,22,,,9,1,0724,0005,0607,9CA4,0.4,190,527.1,-23.044928,-50.227130,205.6,,25,0,1,1800,,,,,,,,,,,,,,,,1,0.4,190,527.1,-50.227130,-23.044928,2025-10-11 19:11:29,9,205.6,10,2025-10-11 19:11:30
2025-10-11 19:12:42,2025-10-11 19:12:42,2025-10-11 19:12:41,385349,862689070136657,2257,GTERI,3.94,00008200,698407,12857,80,00,12,,,13,1,0724,0005,0607,9CA4,0.0,323,549.7,-23.044318,-50.227848,205.7,,14,0,1,1800,,,,,,,,,,,,,,,,1,0.0,323,549.7,-50.227848,-23.044318,2025-10-11 19:12:41,13,205.7,10,2025-10-11 19:12:42
2025-10-11 19:12:42,2025-10-11 19:12:42,2025-10-11 19:12:40,385349,862689070136657,2256,GTIGF,3.94,,698407,13107,80,00,12,86,,13,0,0724,0005,0607,9CA4,0.0,323,549.7,-23.044318,-50.227848,205.7,,,,,,,,,,,,,,,,,,,,,,,,,,,,,,,2025-10-11 19:12:42
2025-10-11 19:16:56,2025-10-11 19:16:56,2025-10-11 19:12:41,385349,862689070136657,2258,GTIGN,3.89,,698407,12905,81,00,22,,254,13,1,0724,0005,0607,9CA4,0.0,323,549.7,-23.044318,-50.227848,205.7,,,,,,,,,,,,,,,,,,,,,,,,,,,,,,,2025-10-11 19:16:56
2025-10-11 19:17:06,2025-10-11 19:17:05,2025-10-11 19:17:04,385349,862689070136657,2260,GTERI,3.89,00008200,698407,13911,81,00,22,,,8,1,0724,0005,0607,9CA4,5.4,11,548.8,-23.044198,-50.227937,205.7,,19,0,1,1800,,,,,,,,,,,,,,,,1,5.4,11,548.8,-50.227937,-23.044198,2025-10-11 19:17:04,8,205.7,10,2025-10-11 19:17:06
2025-10-11 19:20:04,2025-10-11 19:20:04,2025-10-11 19:19:59,385349,862689070136657,2262,GTERI,3.99,00008200,698407,13903,81,00,21,,,7,1,0724,0005,0607,9CA4,0.0,33,521.9,-23.045682,-50.232032,206.4,,23,0,1,1800,,,,,,,,,,,,,,,,1,33.0,227,544.1,-50.230032,-23.045748,2025-10-11 19:17:50,14,206.1,10,2025-10-11 19:20:04
2025-10-11 19:22:23,2025-10-11 19:22:23,,385349,862689070136657,2264,GTASC,,,,,,,,,,,,,,,,,,,,,,,,,,,,,,,,,,,,,,,,,,,,,,,,,,,,2025-10-11 19:22:23
2025-10-11 19:23:04,2025-10-11 19:23:04,2025-10-11 19:22:59,385349,862689070136657,2266,GTERI,4.01,00008200,698407,13919,81,00,22,,,11,1,0724,0005,0607,9CA4,16.7,230,538.1,-23.048095,-50.230677,206.7,,24,0,1,1800,,,,,,,,,,,,,,,,1,39.2,136,543.3,-50.231787,-23.046147,2025-10-11 19:22:18,11,206.5,10,2025-10-11 19:23:04
2025-10-11 19:26:04,2025-10-11 19:26:04,2025-10-11 19:25:59,385349,862689070136657,2268,GTERI,4.03,00008200,698407,13959,81,00,22,,,13,1,0724,0005,0607,9CA4,14.5,203,530.9,-23.050158,-50.228830,207.6,,21,0,1,1800,,,,,,,,,,,,,,,,1,39.4,113,540.3,-50.230458,-23.049080,2025-10-11 19:23:33,12,206.9,10,2025-10-11 19:26:04
2025-10-11 19:29:04,2025-10-11 19:29:04,2025-10-11 19:28:59,385349,862689070136657,2271,GTERI,4.05,00008200,698407,12841,81,00,21,,,12,1,0724,0005,0607,C3B4,0.0,21,519.3,-23.050242,-50.228888,207.6,,21,0,1,1800,,,,,,,,,,,,,,,,1,15.4,25,519.2,-50.228947,-23.050382,2025-10-11 19:26:30,13,207.7,10,2025-10-11 19:29:04
2025-10-11 19:29:28,2025-10-11 19:29:28,2025-10-11 19:29:28,385349,862689070136657,2273,GTERI,4.05,00008200,698407,12978,80,00,11,,,12,1,0724,0005,0607,C3B4,0.0,21,519.3,-23.050242,-50.228888,207.6,,21,0,1,1800,,,,,,,,,,,,,,,,1,0.0,21,519.3,-50.228888,-23.050242,2025-10-11 19:29:28,12,207.6,10,2025-10-11 19:29:28
2025-10-11 19:29:28,2025-10-11 19:29:28,2025-10-11 19:29:27,385349,862689070136657,2272,GTIGF,4.05,,698407,12857,80,00,11,752,,12,0,0724,0005,0607,C3B4,0.0,21,519.3,-23.050242,-50.228888,207.6,,,,,,,,,,,,,,,,,,,,,,,,,,,,,,,2025-10-11 19:29:28
2025-10-11 19:48:36,2025-10-11 19:48:36,2025-10-11 19:29:28,385349,862689070136657,2274,GTINF,3.96,,698407,13123,80,00,11,,,,,,,,,,,,,,,,22,0,,,89551808170105429139,1,0,1,+0000,0,,,,,,,,,,,,,,,,,,,,2025-10-11 19:48:36
2025-10-11 20:29:24,2025-10-11 20:29:24,2025-10-11 20:27:03,385349,862689070136657,2275,GTERI,3.93,00008200,698407,13074,80,00,11,,,9,1,0724,0005,0607,C3B4,0.0,21,519.3,-23.050242,-50.228888,207.6,,23,0,1,1800,,,,,,,,,,,,,,,,1,0.0,21,519.3,-50.228888,-23.050242,2025-10-11 20:27:03,9,207.6,10,2025-10-11 20:29:24
2025-10-11 21:29:24,2025-10-11 21:29:24,2025-10-11 21:27:33,385349,862689070136657,2276,GTERI,3.89,00008200,698407,13058,80,00,11,,,10,1,0724,0005,0607,C3B4,0.0,21,519.3,-23.050242,-50.228888,207.6,,23,0,1,1800,,,,,,,,,,,,,,,,1,0.0,21,519.3,-50.228888,-23.050242,2025-10-11 21:27:33,10,207.6,10,2025-10-11 21:29:24
2025-10-11 21:52:02,2025-10-11 21:52:02,2025-10-11 21:27:33,385349,862689070136657,2277,GTIGN,3.89,,698407,12849,81,00,22,,8554,10,1,0724,0005,0607,C3B4,0.0,21,519.3,-23.050242,-50.228888,207.6,,,,,,,,,,,,,,,,,,,,,,,,,,,,,,,2025-10-11 21:52:02
2025-10-11 21:52:20,2025-10-11 21:52:20,2025-10-11 21:52:19,385349,862689070136657,2279,GTERI,3.90,00008200,698407,13935,81,00,22,,,6,1,0724,0005,0607,C3B4,2.0,73,542.1,-23.050190,-50.228578,207.6,,19,0,1,1800,,,,,,,,,,,,,,,,1,2.0,73,542.1,-50.228578,-23.050190,2025-10-11 21:52:19,6,207.7,10,2025-10-11 21:52:20
2025-10-11 21:55:19,2025-10-11 21:55:19,2025-10-11 21:55:13,385349,862689070136657,2281,GTERI,4.01,00008200,698407,13951,81,00,22,,,8,1,0724,0005,0607,9CA4,23.2,49,469.0,-23.044560,-50.229867,208.5,,15,0,1,1800,,,,,,,,,,,,,,,,1,32.5,319,494.7,-50.231017,-23.047128,2025-10-11 21:54:04,7,208.2,10,2025-10-11 21:55:19
2025-10-11 21:57:32,2025-10-11 21:57:32,2025-10-11 21:57:31,385349,862689070136657,2283,GTIGF,4.03,,698407,13967,80,00,12,330,,10,0,0724,0005,0607,9CA4,0.0,127,472.6,-23.044362,-50.228070,208.8,,,,,,,,,,,,,,,,,,,,,,,,,,,,,,,2025-10-11 21:57:32
2025-10-11 21:57:33,2025-10-11 21:57:32,2025-10-11 21:57:32,385349,862689070136657,2284,GTERI,4.03,00008200,698407,13855,80,00,12,,,10,1,0724,0005,0607,9CA4,0.0,127,472.6,-23.044362,-50.228070,208.8,,17,0,1,1800,,,,,,,,,,,,,,,,1,0.0,127,472.6,-50.228070,-23.044362,2025-10-11 21:57:32,10,208.8,10,2025-10-11 21:57:33
2025-10-11 22:39:24,2025-10-11 22:39:24,2025-10-11 21:57:32,385349,862689070136657,2285,GTIGN,3.91,,698407,12881,81,00,22,,2512,10,1,0724,0005,0607,9CA4,0.0,127,472.6,-23.044362,-50.228070,208.8,,,,,,,,,,,,,,,,,,,,,,,,,,,,,,,2025-10-11 22:39:24
2025-10-11 22:39:37,2025-10-11 22:39:36,2025-10-11 22:39:35,385349,862689070136657,2287,GTERI,3.91,00008200,698407,13718,81,00,22,,,6,1,0724,0005,0607,9CA4,3.4,344,485.8,-23.044285,-50.228013,208.8,,18,0,1,1800,,,,,,,,,,,,,,,,1,3.4,344,485.8,-50.228013,-23.044285,2025-10-11 22:39:35,6,208.8,10,2025-10-11 22:39:37
2025-10-11 22:42:34,2025-10-11 22:42:34,2025-10-11 22:42:28,385349,862689070136657,2289,GTERI,4.03,00008200,698407,13992,81,00,22,,,8,1,0724,0005,0607,9CA4,8.5,219,442.8,-23.048825,-50.231535,209.5,,22,0,1,1800,,,,,,,,,,,,,,,,1,31.7,229,475.0,-50.229438,-23.046003,2025-10-11 22:40:51,9,209.1,10,2025-10-11 22:42:34
2025-10-11 22:45:34,2025-10-11 22:45:34,2025-10-11 22:45:28,385349,862689070136657,2292,GTERI,4.05,00008200,698407,13984,81,00,22,,,11,1,0724,0005,0607,C3B4,8.0,202,484.7,-23.053758,-50.226247,210.5,,21,0,1,1800,,,,,,,,,,,,,,,,1,37.2,111,454.4,-50.228928,-23.051473,2025-10-11 22:44:10,9,210.1,10,2025-10-11 22:45:34
2025-10-11 22:48:34,2025-10-11 22:48:34,2025-10-11 22:48:28,385349,862689070136657,2294,GTERI,4.07,00008200,698407,13992,81,00,22,,,12,1,0724,0005,0607,C3B4,19.2,259,454.0,-23.059230,-50.230668,211.4,,22,0,1,1800,,,,,,,,,,,,,,,,1,30.7,214,484.2,-50.228212,-23.057783,2025-10-11 22:47:13,10,211.1,10,2025-10-11 22:48:34
2025-10-11 22:51:34,2025-10-11 22:51:34,2025-10-11 22:51:28,385349,862689070136657,2297,GTERI,4.09,00008200,698407,13992,81,00,22,,,12,1,0724,0005,0607,EAC4,23.4,23,471.3,-23.054112,-50.233267,212.6,,19,0,1,1800,,,,,,,,,,,,,,,,1,34.0,59,458.8,-50.235197,-23.057163,2025-10-11 22:50:29,13,212.2,10,2025-10-11 22:51:34
2025-10-11 22:54:34,2025-10-11 22:54:34,2025-10-11 22:54:28,385349,862689070136657,2299,GTERI,4.10,00008200,698407,14000,81,00,22,,,12,1,0724,0005,0607,9CA4,29.6,49,499.0,-23.046393,-50.230905,213.6,,23,0,1,1800,,,,,,,,,,,,,,,,1,39.2,316,500.8,-50.230957,-23.047237,2025-10-11 22:54:05,11,213.5,10,2025-10-11 22:54:34
2025-10-11 22:57:02,2025-10-11 22:57:02,2025-10-11 22:57:02,385349,862689070136657,2302,GTERI,4.12,00008200,698407,13967,80,00,12,,,8,1,0724,0005,0607,9CA4,0.0,337,488.8,-23.044908,-50.227203,214.1,,20,0,1,1800,,,,,,,,,,,,,,,,1,0.0,337,488.8,-50.227203,-23.044908,2025-10-11 22:57:02,8,214.1,10,2025-10-11 22:57:02
2025-10-11 22:57:02,2025-10-11 22:57:02,2025-10-11 22:57:01,385349,862689070136657,2301,GTIGF,4.12,,698407,13967,80,00,12,1058,,8,0,0724,0005,0607,9CA4,0.0,337,488.8,-23.044908,-50.227203,214.1,,,,,,,,,,,,,,,,,,,,,,,,,,,,,,,2025-10-11 22:57:02
2025-10-11 22:57:12,2025-10-11 22:57:12,2025-10-11 22:57:02,385349,862689070136657,2303,GTIGN,4.12,,698407,13099,81,00,22,,10,8,1,0724,0005,0607,9CA4,0.0,337,488.8,-23.044908,-50.227203,214.1,,,,,,,,,,,,,,,,,,,,,,,,,,,,,,,2025-10-11 22:57:12
2025-10-11 22:57:25,2025-10-11 22:57:25,2025-10-11 22:57:24,385349,862689070136657,2305,GTERI,4.12,00008200,698407,13943,81,00,22,,,7,1,0724,0005,0607,9CA4,1.5,0,488.0,-23.044890,-50.227157,214.1,,23,0,1,1800,,,,,,,,,,,,,,,,1,1.5,0,488.0,-50.227157,-23.044890,2025-10-11 22:57:24,7,214.1,10,2025-10-11 22:57:25
2025-10-11 22:57:38,2025-10-11 22:57:38,2025-10-11 22:57:38,385349,862689070136657,2307,GTERI,4.12,00008200,698407,12913,80,00,12,,,5,2,0724,0005,0607,9CA4,1.2,17,487.1,-23.044840,-50.227147,214.1,,23,0,1,1800,,,,,,,,,,,,,,,,2,1.2,17,487.1,-50.227147,-23.044840,2025-10-11 22:57:38,5,214.1,10,2025-10-11 22:57:38
2025-10-11 22:57:38,2025-10-11 22:57:38,2025-10-11 22:57:37,385349,862689070136657,2306,GTIGF,4.12,,698407,12938,80,00,12,26,,5,0,0724,0005,0607,9CA4,1.2,17,487.1,-23.044840,-50.227147,214.1,,,,,,,,,,,,,,,,,,,,,,,,,,,,,,,2025-10-11 22:57:38
2025-10-11 23:57:34,2025-10-11 23:57:34,2025-10-11 23:55:14,385349,862689070136657,2308,GTERI,3.98,00008200,698407,13082,80,00,11,,,10,2,0724,0005,0607,9CA4,0.0,17,487.1,-23.044840,-50.227147,214.1,,25,0,1,1800,,,,,,,,,,,,,,,,2,0.0,17,487.1,-50.227147,-23.044840,2025-10-11 23:55:14,10,214.1,10,2025-10-11 23:57:34
2025-10-12 00:57:34,2025-10-12 00:57:34,2025-10-12 00:55:20,385349,862689070136657,2309,GTERI,3.95,00008200,698407,13058,80,00,11,,,9,2,0724,0005,0607,0064,0.0,17,487.1,-23.044840,-50.227147,214.1,,28,0,1,900,,,,,,,,,,,,,,,,2,0.0,17,487.1,-50.227147,-23.044840,2025-10-12 00:55:20,9,214.1,10,2025-10-12 00:57:34
2025-10-12 01:57:34,2025-10-12 01:57:34,2025-10-12 01:55:13,385349,862689070136657,2310,GTERI,3.92,00008200,698407,13042,80,00,11,,,10,2,0724,0005,0607,0064,0.0,17,487.1,-23.044840,-50.227147,214.1,,28,0,1,900,,,,,,,,,,,,,,,,2,0.0,17,487.1,-50.227147,-23.044840,2025-10-12 01:55:13,10,214.1,10,2025-10-12 01:57:34
2025-10-12 02:57:34,2025-10-12 02:57:34,2025-10-12 02:55:12,385349,862689070136657,2311,GTERI,3.89,00008200,698407,13034,80,00,11,,,8,2,0724,0005,0607,0064,0.0,17,487.1,-23.044840,-50.227147,214.1,,28,0,1,900,,,,,,,,,,,,,,,,2,0.0,17,487.1,-50.227147,-23.044840,2025-10-12 02:55:12,8,214.1,10,2025-10-12 02:57:34
2025-10-12 03:57:34,2025-10-12 03:57:34,2025-10-12 03:55:11,385349,862689070136657,2312,GTERI,3.87,00008200,698407,13018,80,00,11,,,13,2,0724,0005,0607,0064,0.0,17,487.1,-23.044840,-50.227147,214.1,,28,0,1,900,,,,,,,,,,,,,,,,2,0.0,17,487.1,-50.227147,-23.044840,2025-10-12 03:55:11,13,214.1,10,2025-10-12 03:57:34
2025-10-12 04:57:34,2025-10-12 04:57:34,2025-10-12 04:55:12,385349,862689070136657,2313,GTERI,3.86,00008200,698407,13010,80,00,11,,,8,2,0724,0005,0607,0064,0.0,17,487.1,-23.044840,-50.227147,214.1,,28,0,1,900,,,,,,,,,,,,,,,,2,0.0,17,487.1,-50.227147,-23.044840,2025-10-12 04:55:12,8,214.1,10,2025-10-12 04:57:34
2025-10-12 05:57:34,2025-10-12 05:57:34,2025-10-12 05:55:13,385349,862689070136657,2314,GTERI,3.83,00008200,698407,13002,80,00,11,,,11,2,0724,0005,0607,0064,0.0,17,487.1,-23.044840,-50.227147,214.1,,28,0,1,900,,,,,,,,,,,,,,,,2,0.0,17,487.1,-50.227147,-23.044840,2025-10-12 05:55:13,11,214.1,10,2025-10-12 05:57:34
2025-10-12 06:57:34,2025-10-12 06:57:34,2025-10-12 06:55:11,385349,862689070136657,2315,GTERI,3.82,00008200,698407,12994,80,00,11,,,12,2,0724,0005,0607,9CA4,0.0,17,487.1,-23.044840,-50.227147,214.1,,26,0,1,1800,,,,,,,,,,,,,,,,2,0.0,17,487.1,-50.227147,-23.044840,2025-10-12 06:55:11,12,214.1,10,2025-10-12 06:57:34
2025-10-12 07:57:34,2025-10-12 07:57:34,2025-10-12 07:55:12,385349,862689070136657,2316,GTERI,3.81,00008200,698407,12986,80,00,11,,,8,2,0724,0005,0607,9CA4,0.0,17,487.1,-23.044840,-50.227147,214.1,,25,0,1,1800,,,,,,,,,,,,,,,,2,0.0,17,487.1,-50.227147,-23.044840,2025-10-12 07:55:12,8,214.1,10,2025-10-12 07:57:34
2025-10-12 08:57:34,2025-10-12 08:57:34,2025-10-12 08:55:13,385349,862689070136657,2317,GTERI,3.80,00008200,698407,12986,80,00,11,,,8,2,0724,0005,0607,9CA4,0.0,17,487.1,-23.044840,-50.227147,214.1,,25,0,1,1800,,,,,,,,,,,,,,,,2,0.0,17,487.1,-50.227147,-23.044840,2025-10-12 08:55:13,8,214.1,10,2025-10-12 08:57:34
2025-10-12 09:57:34,2025-10-12 09:57:34,2025-10-12 09:55:15,385349,862689070136657,2318,GTERI,3.79,00008200,698407,12938,80,00,11,,,6,2,0724,0005,0607,9CA4,0.0,17,487.1,-23.044840,-50.227147,214.1,,25,0,1,1800,,,,,,,,,,,,,,,,2,0.0,17,487.1,-50.227147,-23.044840,2025-10-12 09:55:15,6,214.1,10,2025-10-12 09:57:34
2025-10-12 10:57:34,2025-10-12 10:57:34,2025-10-12 10:55:11,385349,862689070136657,2319,GTERI,3.78,00008200,698407,12930,80,00,11,,,9,2,0724,0005,0607,9CA4,0.0,17,487.1,-23.044840,-50.227147,214.1,,25,0,1,1800,,,,,,,,,,,,,,,,2,0.0,17,487.1,-50.227147,-23.044840,2025-10-12 10:55:11,9,214.1,10,2025-10-12 10:57:34
2025-10-12 11:17:28,2025-10-12 11:17:28,2025-10-12 10:55:11,385349,862689070136657,2320,GTIGN,4.00,,698407,12511,81,00,22,,44390,9,1,0724,0005,0607,9CA4,0.0,17,487.1,-23.044840,-50.227147,214.1,,,,,,,,,,,,,,,,,,,,,,,,,,,,,,,2025-10-12 11:17:28
2025-10-12 11:18:06,2025-10-12 11:18:06,2025-10-12 11:18:05,385349,862689070136657,2322,GTERI,4.00,00008200,698407,13831,81,00,22,,,6,1,0724,0005,0607,9CA4,1.4,148,472.7,-23.044648,-50.227272,214.1,,19,0,1,1800,,,,,,,,,,,,,,,,1,1.4,148,472.7,-50.227272,-23.044648,2025-10-12 11:18:05,6,214.1,10,2025-10-12 11:18:06
2025-10-12 11:21:04,2025-10-12 11:21:04,2025-10-12 11:20:58,385349,862689070136657,2324,GTERI,4.01,00008200,698407,13855,81,00,22,,,11,1,0724,0005,0607,9CA4,0.0,319,471.3,-23.044798,-50.229217,214.8,,23,0,1,1800,,,,,,,,,,,,,,,,1,44.7,44,471.9,-50.229395,-23.045753,2025-10-12 11:20:15,11,214.7,10,2025-10-12 11:21:04
2025-10-12 11:21:06,2025-10-12 11:21:06,2025-10-12 11:21:05,385349,862689070136657,2326,GTERI,4.01,00008200,698407,13219,80,00,12,,,10,1,0724,0005,0607,9CA4,0.0,319,471.3,-23.044798,-50.229217,214.8,,23,0,1,1800,,,,,,,,,,,,,,,,1,0.0,319,471.3,-50.229217,-23.044798,2025-10-12 11:21:05,10,214.8,10,2025-10-12 11:21:06
2025-10-12 11:21:06,2025-10-12 11:21:06,2025-10-12 11:21:04,385349,862689070136657,2325,GTIGF,4.01,,698407,13807,80,00,12,218,,10,0,0724,0005,0607,9CA4,0.0,319,471.3,-23.044798,-50.229217,214.8,,,,,,,,,,,,,,,,,,,,,,,,,,,,,,,2025-10-12 11:21:06
2025-10-12 12:58:04,2025-10-12 12:58:04,2025-10-12 12:21:13,385349,862689070136657,2327,GTIGN,4.15,,698407,12809,81,00,22,,5804,10,1,0724,0005,0607,9CA4,0.0,0,499.5,-23.044990,-50.229193,214.8,,,,,,,,,,,,,,,,,,,,,,,,,,,,,,,2025-10-12 12:58:04
2025-10-12 12:58:21,2025-10-12 12:58:21,2025-10-12 12:58:20,385349,862689070136657,2329,GTERI,4.15,00008200,698407,12849,81,00,22,,,7,1,0724,0005,0607,9CA4,1.4,34,482.0,-23.044867,-50.229127,214.8,,23,0,1,1800,,,,,,,,,,,,,,,,1,1.4,34,482.0,-50.229127,-23.044867,2025-10-12 12:58:20,7,214.8,10,2025-10-12 12:58:21
2025-10-12 13:00:11,2025-10-12 13:00:11,,385349,862689070136657,2331,GTCRA,,,,,,,,,,,,,,,,,,,,,,,,,,,,,,,,,,,,,,,,,,,,,,,,,,,,2025-10-12 13:00:11
2025-10-12 13:00:13,2025-10-12 13:00:11,,385349,862689070136657,2332,GTCRD,,,,,,,,,,,,,,,,,,,,,,,,,,,,,,,,,,,,,,,,,,,,,,,,,,,,2025-10-12 13:00:13
2025-10-12 13:00:15,2025-10-12 13:00:11,,385349,862689070136657,2333,GTCRD,,,,,,,,,,,,,,,,,,,,,,,,,,,,,,,,,,,,,,,,,,,,,,,,,,,,2025-10-12 13:00:15
2025-10-12 13:00:18,2025-10-12 13:00:11,,385349,862689070136657,2334,GTCRD,,,,,,,,,,,,,,,,,,,,,,,,,,,,,,,,,,,,,,,,,,,,,,,,,,,,2025-10-12 13:00:18
2025-10-12 13:00:21,2025-10-12 13:00:11,,385349,862689070136657,2335,GTCRD,,,,,,,,,,,,,,,,,,,,,,,,,,,,,,,,,,,,,,,,,,,,,,,,,,,,2025-10-12 13:00:21
2025-10-12 13:00:23,2025-10-12 13:00:11,,385349,862689070136657,2336,GTCRD,,,,,,,,,,,,,,,,,,,,,,,,,,,,,,,,,,,,,,,,,,,,,,,,,,,,2025-10-12 13:00:23
2025-10-12 13:00:25,2025-10-12 13:00:11,,385349,862689070136657,2337,GTCRD,,,,,,,,,,,,,,,,,,,,,,,,,,,,,,,,,,,,,,,,,,,,,,,,,,,,2025-10-12 13:00:25
2025-10-12 13:00:27,2025-10-12 13:00:11,,385349,862689070136657,2338,GTCRD,,,,,,,,,,,,,,,,,,,,,,,,,,,,,,,,,,,,,,,,,,,,,,,,,,,,2025-10-12 13:00:27
2025-10-12 13:00:28,2025-10-12 13:00:11,,385349,862689070136657,2339,GTCRD,,,,,,,,,,,,,,,,,,,,,,,,,,,,,,,,,,,,,,,,,,,,,,,,,,,,2025-10-12 13:00:28
2025-10-12 13:00:30,2025-10-12 13:00:11,,385349,862689070136657,2340,GTCRD,,,,,,,,,,,,,,,,,,,,,,,,,,,,,,,,,,,,,,,,,,,,,,,,,,,,2025-10-12 13:00:30
2025-10-12 13:00:32,2025-10-12 13:00:11,,385349,862689070136657,2341,GTCRD,,,,,,,,,,,,,,,,,,,,,,,,,,,,,,,,,,,,,,,,,,,,,,,,,,,,2025-10-12 13:00:32
2025-10-12 13:00:34,2025-10-12 13:00:11,,385349,862689070136657,2342,GTCRD,,,,,,,,,,,,,,,,,,,,,,,,,,,,,,,,,,,,,,,,,,,,,,,,,,,,2025-10-12 13:00:34
2025-10-12 13:00:35,2025-10-12 13:00:11,,385349,862689070136657,2343,GTCRD,,,,,,,,,,,,,,,,,,,,,,,,,,,,,,,,,,,,,,,,,,,,,,,,,,,,2025-10-12 13:00:35
2025-10-12 13:00:37,2025-10-12 13:00:11,,385349,862689070136657,2344,GTCRD,,,,,,,,,,,,,,,,,,,,,,,,,,,,,,,,,,,,,,,,,,,,,,,,,,,,2025-10-12 13:00:37
2025-10-12 13:00:39,2025-10-12 13:00:11,,385349,862689070136657,2345,GTCRD,,,,,,,,,,,,,,,,,,,,,,,,,,,,,,,,,,,,,,,,,,,,,,,,,,,,2025-10-12 13:00:39
2025-10-12 13:00:40,2025-10-12 13:00:11,,385349,862689070136657,2346,GTCRD,,,,,,,,,,,,,,,,,,,,,,,,,,,,,,,,,,,,,,,,,,,,,,,,,,,,2025-10-12 13:00:40
2025-10-12 13:00:42,2025-10-12 13:00:15,,385349,862689070136657,2347,GTCRD,,,,,,,,,,,,,,,,,,,,,,,,,,,,,,,,,,,,,,,,,,,,,,,,,,,,2025-10-12 13:00:42
2025-10-12 13:00:44,2025-10-12 13:00:15,,385349,862689070136657,2348,GTCRD,,,,,,,,,,,,,,,,,,,,,,,,,,,,,,,,,,,,,,,,,,,,,,,,,,,,2025-10-12 13:00:44
2025-10-12 13:00:45,2025-10-12 13:00:15,,385349,862689070136657,2349,GTCRD,,,,,,,,,,,,,,,,,,,,,,,,,,,,,,,,,,,,,,,,,,,,,,,,,,,,2025-10-12 13:00:45
2025-10-12 13:00:48,2025-10-12 13:00:15,,385349,862689070136657,2350,GTCRD,,,,,,,,,,,,,,,,,,,,,,,,,,,,,,,,,,,,,,,,,,,,,,,,,,,,2025-10-12 13:00:48
2025-10-12 13:00:50,2025-10-12 13:00:15,,385349,862689070136657,2351,GTCRD,,,,,,,,,,,,,,,,,,,,,,,,,,,,,,,,,,,,,,,,,,,,,,,,,,,,2025-10-12 13:00:50
2025-10-12 13:00:52,2025-10-12 13:00:15,,385349,862689070136657,2352,GTCRD,,,,,,,,,,,,,,,,,,,,,,,,,,,,,,,,,,,,,,,,,,,,,,,,,,,,2025-10-12 13:00:52
2025-10-12 13:00:54,2025-10-12 13:00:15,,385349,862689070136657,2353,GTCRD,,,,,,,,,,,,,,,,,,,,,,,,,,,,,,,,,,,,,,,,,,,,,,,,,,,,2025-10-12 13:00:54
2025-10-12 13:00:57,2025-10-12 13:00:15,,385349,862689070136657,2354,GTCRD,,,,,,,,,,,,,,,,,,,,,,,,,,,,,,,,,,,,,,,,,,,,,,,,,,,,2025-10-12 13:00:57
2025-10-12 13:00:59,2025-10-12 13:00:15,,385349,862689070136657,2355,GTCRD,,,,,,,,,,,,,,,,,,,,,,,,,,,,,,,,,,,,,,,,,,,,,,,,,,,,2025-10-12 13:00:59
2025-10-12 13:01:01,2025-10-12 13:00:15,,385349,862689070136657,2356,GTCRD,,,,,,,,,,,,,,,,,,,,,,,,,,,,,,,,,,,,,,,,,,,,,,,,,,,,2025-10-12 13:01:01
2025-10-12 13:01:02,2025-10-12 13:00:16,,385349,862689070136657,2357,GTCRD,,,,,,,,,,,,,,,,,,,,,,,,,,,,,,,,,,,,,,,,,,,,,,,,,,,,2025-10-12 13:01:02
2025-10-12 13:01:03,2025-10-12 13:00:16,,385349,862689070136657,2358,GTCRD,,,,,,,,,,,,,,,,,,,,,,,,,,,,,,,,,,,,,,,,,,,,,,,,,,,,2025-10-12 13:01:03
2025-10-12 13:01:05,2025-10-12 13:00:16,,385349,862689070136657,2359,GTCRD,,,,,,,,,,,,,,,,,,,,,,,,,,,,,,,,,,,,,,,,,,,,,,,,,,,,2025-10-12 13:01:05
2025-10-12 13:01:06,2025-10-12 13:00:16,,385349,862689070136657,2361,GTCRD,,,,,,,,,,,,,,,,,,,,,,,,,,,,,,,,,,,,,,,,,,,,,,,,,,,,2025-10-12 13:01:06
2025-10-12 13:01:06,2025-10-12 13:00:16,,385349,862689070136657,2360,GTCRD,,,,,,,,,,,,,,,,,,,,,,,,,,,,,,,,,,,,,,,,,,,,,,,,,,,,2025-10-12 13:01:06
2025-10-12 13:01:16,2025-10-12 13:01:16,2025-10-12 13:01:15,385349,862689070136657,2362,GTIGF,4.19,,698407,13284,80,00,12,192,,9,0,0724,0005,0607,9CA4,0.0,311,474.1,-23.044278,-50.228005,215.1,,,,,,,,,,,,,,,,,,,,,,,,,,,,,,,2025-10-12 13:01:16
2025-10-12 13:01:17,2025-10-12 13:01:17,2025-10-12 13:01:16,385349,862689070136657,2363,GTERI,4.19,00008200,698407,13187,80,00,12,,,9,1,0724,0005,0607,9CA4,0.0,311,474.1,-23.044278,-50.228005,215.1,,12,0,1,1800,,,,,,,,,,,,,,,,1,0.0,311,474.1,-50.228005,-23.044278,2025-10-12 13:01:16,9,215.1,10,2025-10-12 13:01:17
2025-10-12 13:50:52,2025-10-12 13:50:52,2025-10-12 13:01:16,385349,862689070136657,2364,GTIGN,4.13,,698407,12785,81,00,21,,2976,9,1,0724,0005,0607,9CA4,0.0,311,474.1,-23.044278,-50.228005,215.1,,,,,,,,,,,,,,,,,,,,,,,,,,,,,,,2025-10-12 13:50:52
2025-10-12 13:51:15,2025-10-12 13:51:15,2025-10-12 13:51:14,385349,862689070136657,2366,GTERI,4.14,00008200,698407,13984,81,00,22,,,10,1,0724,0005,0607,9CA4,23.1,43,503.5,-23.043835,-50.228078,215.1,,21,0,1,1800,,,,,,,,,,,,,,,,1,23.1,43,503.5,-50.228078,-23.043835,2025-10-12 13:51:14,10,215.2,10,2025-10-12 13:51:15
2025-10-12 13:52:52,2025-10-12 13:52:52,2025-10-12 13:52:51,385349,862689070136657,2367,GTIGF,4.19,,698407,12994,80,00,12,120,,9,0,0724,0005,0607,9CA4,0.0,285,484.8,-23.044792,-50.227252,215.5,,,,,,,,,,,,,,,,,,,,,,,,,,,,,,,2025-10-12 13:52:52
2025-10-12 13:52:53,2025-10-12 13:52:53,2025-10-12 13:52:52,385349,862689070136657,2368,GTERI,4.19,00008200,698407,12889,80,00,12,,,8,1,0724,0005,0607,9CA4,0.0,285,484.8,-23.044792,-50.227252,215.5,,23,0,1,1800,,,,,,,,,,,,,,,,1,0.0,285,484.8,-50.227252,-23.044792,2025-10-12 13:52:52,8,215.5,10,2025-10-12 13:52:53
2025-10-12 14:52:50,2025-10-12 14:52:50,2025-10-12 14:50:29,385349,862689070136657,2369,GTERI,4.10,00008200,698407,12986,80,00,11,,,10,1,0724,0005,0607,9CA4,0.0,285,484.8,-23.044792,-50.227252,215.5,,22,0,1,1800,,,,,,,,,,,,,,,,1,0.0,285,484.8,-50.227252,-23.044792,2025-10-12 14:50:29,10,215.5,10,2025-10-12 14:52:50
2025-10-12 15:52:50,2025-10-12 15:52:50,2025-10-12 15:50:30,385349,862689070136657,2370,GTERI,4.08,00008200,698407,12978,80,00,11,,,7,1,0724,0005,0607,9CA4,0.0,285,484.8,-23.044792,-50.227252,215.5,,23,0,1,1800,,,,,,,,,,,,,,,,1,0.0,285,484.8,-50.227252,-23.044792,2025-10-12 15:50:30,7,215.5,10,2025-10-12 15:52:50
2025-10-12 16:52:50,2025-10-12 16:52:50,2025-10-12 16:50:31,385349,862689070136657,2371,GTERI,4.06,00008200,698407,12970,80,00,11,,,6,1,0724,0005,0607,9CA4,0.0,285,484.8,-23.044792,-50.227252,215.5,,23,0,1,1800,,,,,,,,,,,,,,,,1,0.0,285,484.8,-50.227252,-23.044792,2025-10-12 16:50:31,6,215.5,10,2025-10-12 16:52:50
2025-10-12 17:52:50,2025-10-12 17:52:50,2025-10-12 17:50:42,385349,862689070136657,2372,GTERI,4.02,00008200,698407,12962,80,00,11,,,9,1,0724,0005,0607,9CA4,0.0,285,484.8,-23.044792,-50.227252,215.5,,24,0,1,1800,,,,,,,,,,,,,,,,1,0.0,285,484.8,-50.227252,-23.044792,2025-10-12 17:50:42,9,215.5,10,2025-10-12 17:52:50
2025-10-12 19:02:37,2025-10-12 18:52:50,2025-10-12 18:50:30,385349,862689070136657,2373,GTERI,4.19,00008200,698407,12785,80,00,11,,,12,1,0724,0005,0607,9CA4,0.0,285,484.8,-23.044792,-50.227252,215.5,,25,0,1,1800,,,,,,,,,,,,,,,,1,0.0,285,484.8,-50.227252,-23.044792,2025-10-12 18:50:30,12,215.5,10,2025-10-12 19:02:37
2025-10-12 19:03:17,2025-10-12 19:01:44,2025-10-12 19:01:43,385349,862689070136657,2374,GTDOG,,,,,,,,,,,,,,,,,,,,,,,,,,,,,,,,,,,,,,,,,,,,,,,,,,,,2025-10-12 19:03:17
2025-10-12 19:03:18,2025-10-12 19:03:01,2025-10-12 19:03:00,385349,862689070136657,2375,GTRTL,4.19,,698407,12753,80,00,11,,,12,1,0724,0005,0607,9CA4,0.4,0,570.4,-23.045007,-50.227197,215.5,,,,,,,,,,,,,,,,,,,,,,,,,,,,,,,2025-10-12 19:03:18
2025-10-12 19:03:19,2025-10-12 19:03:01,2025-10-12 19:03:00,385349,862689070136657,2376,GTERI,4.19,00008200,698407,12753,80,00,11,,,12,1,0724,0005,0607,9CA4,0.4,0,570.4,-23.045007,-50.227197,215.5,,25,0,1,1800,,,,,,,,,,,,,,,,1,0.4,0,570.4,-50.227197,-23.045007,2025-10-12 19:03:00,12,215.5,10,2025-10-12 19:03:19
2025-10-12 19:49:18,2025-10-12 19:48:36,2025-10-12 19:03:00,385349,862689070136657,2377,GTINF,4.14,,698407,12938,80,00,11,,,,,,,,,,,,,,,,26,0,,,89551808170105429139,1,0,1,+0000,0,,,,,,,,,,,,,,,,,,,,2025-10-12 19:49:18
2025-10-12 20:03:39,2025-10-12 20:02:59,2025-10-12 20:00:37,385349,862689070136657,2378,GTERI,4.14,00008200,698407,12946,80,00,11,,,12,1,0724,0005,0607,9CA4,0.0,0,570.4,-23.045007,-50.227197,215.5,,26,0,1,1800,,,,,,,,,,,,,,,,1,0.0,0,570.4,-50.227197,-23.045007,2025-10-12 20:00:37,12,215.5,10,2025-10-12 20:03:39
2025-10-12 21:02:59,2025-10-12 21:02:59,2025-10-12 21:00:37,385349,862689070136657,2379,GTERI,4.11,00008200,698407,12938,80,00,11,,,8,1,0724,0005,0607,9CA4,0.0,0,570.4,-23.045007,-50.227197,215.5,,25,0,1,1800,,,,,,,,,,,,,,,,1,0.0,0,570.4,-50.227197,-23.045007,2025-10-12 21:00:37,8,215.5,10,2025-10-12 21:02:59
2025-10-12 22:02:59,2025-10-12 22:02:59,2025-10-12 22:00:37,385349,862689070136657,2380,GTERI,4.08,00008200,698407,12938,80,00,11,,,9,1,0724,0005,0607,9CA4,0.0,0,570.4,-23.045007,-50.227197,215.5,,25,0,1,1800,,,,,,,,,,,,,,,,1,0.0,0,570.4,-50.227197,-23.045007,2025-10-12 22:00:37,9,215.5,10,2025-10-12 22:02:59
2025-10-12 23:02:59,2025-10-12 23:02:59,2025-10-12 23:00:40,385349,862689070136657,2381,GTERI,4.06,00008200,698407,12930,80,00,11,,,10,1,0724,0005,0607,9CA4,0.0,0,570.4,-23.045007,-50.227197,215.5,,25,0,1,1800,,,,,,,,,,,,,,,,1,0.0,0,570.4,-50.227197,-23.045007,2025-10-12 23:00:40,10,215.5,10,2025-10-12 23:02:59
2025-10-13 00:02:59,2025-10-13 00:02:59,2025-10-13 00:00:37,385349,862689070136657,2382,GTERI,4.04,00008200,698407,12930,80,00,11,,,11,1,0724,0005,0607,9CA4,0.0,0,570.4,-23.045007,-50.227197,215.5,,25,0,1,1800,,,,,,,,,,,,,,,,1,0.0,0,570.4,-50.227197,-23.045007,2025-10-13 00:00:37,11,215.5,10,2025-10-13 00:02:59
2025-10-13 01:02:59,2025-10-13 01:02:59,2025-10-13 01:00:40,385349,862689070136657,2383,GTERI,4.00,00008200,698407,12921,80,00,11,,,12,1,0724,0005,0607,0064,0.0,0,570.4,-23.045007,-50.227197,215.5,,24,0,1,900,,,,,,,,,,,,,,,,1,0.0,0,570.4,-50.227197,-23.045007,2025-10-13 01:00:40,12,215.5,10,2025-10-13 01:02:59
2025-10-13 02:02:59,2025-10-13 02:02:59,2025-10-13 02:00:49,385349,862689070136657,2384,GTERI,3.95,00008200,698407,12921,80,00,11,,,12,1,0724,0005,0607,0064,0.0,0,570.4,-23.045007,-50.227197,215.5,,24,0,1,900,,,,,,,,,,,,,,,,1,0.0,0,570.4,-50.227197,-23.045007,2025-10-13 02:00:49,12,215.5,10,2025-10-13 02:02:59
2025-10-13 03:02:59,2025-10-13 03:02:59,2025-10-13 03:00:39,385349,862689070136657,2385,GTERI,3.93,00008200,698407,12913,80,00,11,,,8,1,0724,0005,0607,0064,0.0,0,570.4,-23.045007,-50.227197,215.5,,24,0,1,900,,,,,,,,,,,,,,,,1,0.0,0,570.4,-50.227197,-23.045007,2025-10-13 03:00:39,8,215.5,10,2025-10-13 03:02:59
2025-10-13 04:02:59,2025-10-13 04:02:59,2025-10-13 04:00:36,385349,862689070136657,2386,GTERI,3.91,00008200,698407,12913,80,00,11,,,12,1,0724,0005,0607,0064,0.0,0,570.4,-23.045007,-50.227197,215.5,,23,0,1,900,,,,,,,,,,,,,,,,1,0.0,0,570.4,-50.227197,-23.045007,2025-10-13 04:00:36,12,215.5,10,2025-10-13 04:02:59
2025-10-13 04:03:01,2025-10-13 04:03:01,,385349,862689070136657,2388,GTATI,,,,,,,,,,,,,,,,,,,,,,,,,,,,,,,,,,,,,,,,,,,,,,,,,,,,2025-10-13 04:03:01
2025-10-13 05:02:59,2025-10-13 05:02:59,2025-10-13 05:00:37,385349,862689070136657,2389,GTERI,3.89,00008200,698407,12913,80,00,11,,,10,1,0724,0005,0607,0064,0.0,0,570.4,-23.045007,-50.227197,215.5,,24,0,1,900,,,,,,,,,,,,,,,,1,0.0,0,570.4,-50.227197,-23.045007,2025-10-13 05:00:37,10,215.5,10,2025-10-13 05:02:59
2025-10-13 06:02:59,2025-10-13 06:02:59,2025-10-13 06:00:49,385349,862689070136657,2390,GTERI,3.87,00008200,698407,12913,80,00,11,,,8,1,0724,0005,0607,9CA4,0.0,0,570.4,-23.045007,-50.227197,215.5,,25,0,1,1800,,,,,,,,,,,,,,,,1,0.0,0,570.4,-50.227197,-23.045007,2025-10-13 06:00:49,8,215.5,10,2025-10-13 06:02:59
2025-10-13 07:03:39,2025-10-13 07:02:59,2025-10-13 07:00:36,385349,862689070136657,2391,GTERI,3.86,00008200,698407,12905,80,00,11,,,8,1,0724,0005,0607,9CA4,0.0,0,570.4,-23.045007,-50.227197,215.5,,25,0,1,1800,,,,,,,,,,,,,,,,1,0.0,0,570.4,-50.227197,-23.045007,2025-10-13 07:00:36,8,215.5,10,2025-10-13 07:03:39
2025-10-13 07:11:13,2025-10-13 07:11:13,2025-10-13 07:00:36,385349,862689070136657,2392,GTIGN,4.06,,698407,12463,81,00,22,,62288,8,1,0724,0005,0607,9CA4,0.0,0,570.4,-23.045007,-50.227197,215.5,,,,,,,,,,,,,,,,,,,,,,,,,,,,,,,2025-10-13 07:11:13
2025-10-13 07:11:37,2025-10-13 07:11:37,2025-10-13 07:11:36,385349,862689070136657,2394,GTERI,4.07,00008200,698407,13211,81,00,22,,,7,1,0724,0005,0607,9CA4,0.6,243,493.2,-23.044890,-50.227217,215.5,,24,0,1,1800,,,,,,,,,,,,,,,,1,0.6,243,493.2,-50.227217,-23.044890,2025-10-13 07:11:36,7,215.5,10,2025-10-13 07:11:37
2025-10-13 07:12:27,2025-10-13 07:12:27,2025-10-13 07:12:27,385349,862689070136657,2396,GTERI,4.07,00008200,698407,13074,80,00,12,,,9,1,0724,0005,0607,9CA4,0.0,41,505.2,-23.044773,-50.227143,215.5,,25,0,1,1800,,,,,,,,,,,,,,,,1,0.0,41,505.2,-50.227143,-23.044773,2025-10-13 07:12:27,9,215.5,10,2025-10-13 07:12:27
2025-10-13 07:12:27,2025-10-13 07:12:27,2025-10-13 07:12:26,385349,862689070136657,2395,GTIGF,4.07,,698407,13203,80,00,12,74,,9,0,0724,0005,0607,9CA4,0.0,41,505.2,-23.044773,-50.227143,215.5,,,,,,,,,,,,,,,,,,,,,,,,,,,,,,,2025-10-13 07:12:27
2025-10-13 08:16:29,2025-10-13 08:10:50,2025-10-13 08:10:49,385349,862689070136657,2399,GTERI,4.19,00008200,698407,13010,81,00,22,,,7,1,0724,0005,0607,9CA4,11.2,234,531.2,-23.044948,-50.227098,215.5,,25,0,1,1800,,,,,,,,,,,,,,,,1,11.2,234,531.2,-50.227098,-23.044948,2025-10-13 08:10:49,7,215.5,10,2025-10-13 08:16:29
2025-10-13 08:16:29,2025-10-13 08:10:31,2025-10-13 08:10:02,385349,862689070136657,2397,GTIGN,4.19,,698407,12149,81,00,21,,3484,8,1,0724,0005,0607,9CA4,0.0,41,505.2,-23.044773,-50.227143,215.5,,,,,,,,,,,,,,,,,,,,,,,,,,,,,,,2025-10-13 08:16:29
2025-10-13 08:16:30,2025-10-13 08:13:49,2025-10-13 08:13:43,385349,862689070136657,2400,GTERI,4.19,00008200,698407,13935,81,00,22,,,12,1,0724,0005,0607,9CA4,79.3,55,385.5,-23.029385,-50.211608,218.2,,16,0,0,0,,,,,,,,,,,,,,,,1,87.6,48,392.8,-50.212328,-23.029822,2025-10-13 08:13:39,13,218.0,10,2025-10-13 08:16:30
2025-10-13 08:18:45,2025-10-13 08:16:49,2025-10-13 08:16:43,385349,862689070136657,2402,GTERI,4.19,00008200,698407,13984,81,00,22,,,13,1,0724,0005,BFF7,068FB205,102.5,77,470.8,-23.039072,-50.174167,222.7,,10,0,2,3,,,,,,,,,,,,,,,,1,110.4,80,475.0,-50.180357,-23.040320,2025-10-13 08:16:19,12,222.0,10,2025-10-13 08:18:45
2025-10-13 08:18:46,2025-10-13 08:16:49,2025-10-13 08:16:43,385349,862689070136657,2402,GTERI,4.19,00008200,698407,13984,81,00,22,,,13,1,0724,0005,BFF7,068FB205,102.5,77,470.8,-23.039072,-50.174167,222.7,,10,0,2,3,,,,,,,,,,,,,,,,1,110.4,80,475.0,-50.180357,-23.040320,2025-10-13 08:16:19,12,222.0,10,2025-10-13 08:18:46
2025-10-13 08:21:46,2025-10-13 08:19:49,2025-10-13 08:19:43,385349,862689070136657,2404,GTERI,4.19,00008200,698407,14016,81,00,22,,,14,1,0724,0005,BFF7,068FB205,98.2,109,433.5,-23.035448,-50.133910,227.0,,5,0,2,3,,,,,,,,,,,,,,,,1,110.7,108,432.8,-50.132847,-23.035793,2025-10-13 08:19:47,14,227.0,10,2025-10-13 08:21:46
2025-10-13 08:21:46,2025-10-13 08:16:49,2025-10-13 08:16:43,385349,862689070136657,2402,GTERI,4.19,00008200,698407,13984,81,00,22,,,13,1,0724,0005,BFF7,068FB205,102.5,77,470.8,-23.039072,-50.174167,222.7,,10,0,2,3,,,,,,,,,,,,,,,,1,110.4,80,475.0,-50.180357,-23.040320,2025-10-13 08:16:19,12,222.0,10,2025-10-13 08:21:46
2025-10-13 08:21:47,2025-10-13 08:19:55,2025-10-13 08:19:54,385349,862689070136657,2406,GTSPD,4.19,,698407,13959,81,00,22,,,11,1,0724,0005,BFF7,068FD206,108.9,109,443.5,-23.036433,-50.130865,227.2,,,,,,,,,,,,,,,,,,,,,,,,,,,,,,,2025-10-13 08:21:47
2025-10-13 08:21:47,2025-10-13 08:19:49,2025-10-13 08:19:48,385349,862689070136657,2405,GTSPD,4.19,,698407,14016,81,00,22,,,14,1,0724,0005,BFF7,068FD206,113.2,108,435.9,-23.035887,-50.132545,227.0,,,,,,,,,,,,,,,,,,,,,,,,,,,,,,,2025-10-13 08:21:47
2025-10-13 08:21:48,2025-10-13 08:21:10,2025-10-13 08:21:09,385349,862689070136657,2409,GTSPD,4.19,,698407,14000,81,00,22,,,13,1,0724,0005,BFF7,068FD206,99.4,96,510.3,-23.043340,-50.106663,229.8,,,,,,,,,,,,,,,,,,,,,,,,,,,,,,,2025-10-13 08:21:48
2025-10-13 08:21:48,2025-10-13 08:20:01,2025-10-13 08:20:00,385349,862689070136657,2407,GTSPD,4.19,,698407,14016,81,00,22,,,12,1,0724,0005,BFF7,068FD206,113.2,109,448.8,-23.036987,-50.129258,227.3,,,,,,,,,,,,,,,,,,,,,,,,,,,,,,,2025-10-13 08:21:48
2025-10-13 08:21:49,2025-10-13 08:21:42,2025-10-13 08:21:41,385349,862689070136657,2411,GTSPD,4.19,,698407,14008,81,00,22,,,13,1,0724,0005,BFF7,068FD206,106.5,70,490.1,-23.041710,-50.099607,230.5,,,,,,,,,,,,,,,,,,,,,,,,,,,,,,,2025-10-13 08:21:49
2025-10-13 08:21:49,2025-10-13 08:21:40,2025-10-13 08:21:39,385349,862689070136657,2410,GTSPD,4.19,,698407,14016,81,00,22,,,12,1,0724,0005,BFF7,068FD206,111.1,70,489.7,-23.041890,-50.100163,230.5,,,,,,,,,,,,,,,,,,,,,,,,,,,,,,,2025-10-13 08:21:49
2025-10-13 08:22:48,2025-10-13 08:22:49,2025-10-13 08:22:44,385349,862689070136657,2412,GTERI,4.19,00008200,698407,14024,81,00,22,,,13,1,0724,0005,BFF7,068FD204,53.7,71,435.1,-23.037732,-50.083540,232.3,,15,0,2,3,,,,,,,,,,,,,,,,1,109.4,70,486.1,-50.096915,-23.040845,2025-10-13 08:21:51,15,230.8,10,2025-10-13 08:22:48
2025-10-13 08:25:46,2025-10-13 08:25:47,,385349,862689070136657,2415,GTCRA,,,,,,,,,,,,,,,,,,,,,,,,,,,,,,,,,,,,,,,,,,,,,,,,,,,,2025-10-13 08:25:46
2025-10-13 08:25:47,2025-10-13 08:25:47,,385349,862689070136657,2417,GTCRD,,,,,,,,,,,,,,,,,,,,,,,,,,,,,,,,,,,,,,,,,,,,,,,,,,,,2025-10-13 08:25:47
2025-10-13 08:25:47,2025-10-13 08:25:47,,385349,862689070136657,2416,GTCRD,,,,,,,,,,,,,,,,,,,,,,,,,,,,,,,,,,,,,,,,,,,,,,,,,,,,2025-10-13 08:25:47
2025-10-13 08:25:48,2025-10-13 08:25:47,,385349,862689070136657,2419,GTCRD,,,,,,,,,,,,,,,,,,,,,,,,,,,,,,,,,,,,,,,,,,,,,,,,,,,,2025-10-13 08:25:48
2025-10-13 08:25:48,2025-10-13 08:25:47,,385349,862689070136657,2418,GTCRD,,,,,,,,,,,,,,,,,,,,,,,,,,,,,,,,,,,,,,,,,,,,,,,,,,,,2025-10-13 08:25:48
2025-10-13 08:25:49,2025-10-13 08:25:47,,385349,862689070136657,2421,GTCRD,,,,,,,,,,,,,,,,,,,,,,,,,,,,,,,,,,,,,,,,,,,,,,,,,,,,2025-10-13 08:25:49
2025-10-13 08:25:49,2025-10-13 08:25:47,,385349,862689070136657,2420,GTCRD,,,,,,,,,,,,,,,,,,,,,,,,,,,,,,,,,,,,,,,,,,,,,,,,,,,,2025-10-13 08:25:49
2025-10-13 08:25:50,2025-10-13 08:25:47,,385349,862689070136657,2423,GTCRD,,,,,,,,,,,,,,,,,,,,,,,,,,,,,,,,,,,,,,,,,,,,,,,,,,,,2025-10-13 08:25:50
2025-10-13 08:25:50,2025-10-13 08:25:47,,385349,862689070136657,2422,GTCRD,,,,,,,,,,,,,,,,,,,,,,,,,,,,,,,,,,,,,,,,,,,,,,,,,,,,2025-10-13 08:25:50
2025-10-13 08:25:51,2025-10-13 08:25:47,,385349,862689070136657,2424,GTCRD,,,,,,,,,,,,,,,,,,,,,,,,,,,,,,,,,,,,,,,,,,,,,,,,,,,,2025-10-13 08:25:51
2025-10-13 08:25:52,2025-10-13 08:25:47,,385349,862689070136657,2427,GTCRD,,,,,,,,,,,,,,,,,,,,,,,,,,,,,,,,,,,,,,,,,,,,,,,,,,,,2025-10-13 08:25:52
2025-10-13 08:25:52,2025-10-13 08:25:47,,385349,862689070136657,2426,GTCRD,,,,,,,,,,,,,,,,,,,,,,,,,,,,,,,,,,,,,,,,,,,,,,,,,,,,2025-10-13 08:25:52
2025-10-13 08:25:52,2025-10-13 08:25:47,,385349,862689070136657,2425,GTCRD,,,,,,,,,,,,,,,,,,,,,,,,,,,,,,,,,,,,,,,,,,,,,,,,,,,,2025-10-13 08:25:52
2025-10-13 08:25:53,2025-10-13 08:25:47,,385349,862689070136657,2429,GTCRD,,,,,,,,,,,,,,,,,,,,,,,,,,,,,,,,,,,,,,,,,,,,,,,,,,,,2025-10-13 08:25:53
2025-10-13 08:25:53,2025-10-13 08:25:47,,385349,862689070136657,2428,GTCRD,,,,,,,,,,,,,,,,,,,,,,,,,,,,,,,,,,,,,,,,,,,,,,,,,,,,2025-10-13 08:25:53
2025-10-13 08:25:54,2025-10-13 08:25:49,2025-10-13 08:25:44,385349,862689070136657,2431,GTERI,4.19,00008200,698407,14032,81,00,22,,,13,1,0724,0005,BFF7,068FD204,25.1,169,427.1,-23.039573,-50.073442,233.5,,16,0,2,3,,,,,,,,,,,,,,,,1,24.1,163,429.6,-50.073345,-23.039810,2025-10-13 08:25:48,13,233.6,10,2025-10-13 08:25:54
2025-10-13 08:25:54,2025-10-13 08:25:47,,385349,862689070136657,2430,GTCRD,,,,,,,,,,,,,,,,,,,,,,,,,,,,,,,,,,,,,,,,,,,,,,,,,,,,2025-10-13 08:25:54
2025-10-13 08:25:55,2025-10-13 08:25:51,,385349,862689070136657,2433,GTCRD,,,,,,,,,,,,,,,,,,,,,,,,,,,,,,,,,,,,,,,,,,,,,,,,,,,,2025-10-13 08:25:55
2025-10-13 08:25:55,2025-10-13 08:25:51,,385349,862689070136657,2432,GTCRD,,,,,,,,,,,,,,,,,,,,,,,,,,,,,,,,,,,,,,,,,,,,,,,,,,,,2025-10-13 08:25:55
2025-10-13 08:25:56,2025-10-13 08:25:51,,385349,862689070136657,2435,GTCRD,,,,,,,,,,,,,,,,,,,,,,,,,,,,,,,,,,,,,,,,,,,,,,,,,,,,2025-10-13 08:25:56
2025-10-13 08:25:56,2025-10-13 08:25:51,,385349,862689070136657,2434,GTCRD,,,,,,,,,,,,,,,,,,,,,,,,,,,,,,,,,,,,,,,,,,,,,,,,,,,,2025-10-13 08:25:56
2025-10-13 08:25:57,2025-10-13 08:25:51,,385349,862689070136657,2437,GTCRD,,,,,,,,,,,,,,,,,,,,,,,,,,,,,,,,,,,,,,,,,,,,,,,,,,,,2025-10-13 08:25:57
2025-10-13 08:25:57,2025-10-13 08:25:51,,385349,862689070136657,2436,GTCRD,,,,,,,,,,,,,,,,,,,,,,,,,,,,,,,,,,,,,,,,,,,,,,,,,,,,2025-10-13 08:25:57
2025-10-13 08:25:58,2025-10-13 08:25:51,,385349,862689070136657,2439,GTCRD,,,,,,,,,,,,,,,,,,,,,,,,,,,,,,,,,,,,,,,,,,,,,,,,,,,,2025-10-13 08:25:58
2025-10-13 08:25:58,2025-10-13 08:25:51,,385349,862689070136657,2438,GTCRD,,,,,,,,,,,,,,,,,,,,,,,,,,,,,,,,,,,,,,,,,,,,,,,,,,,,2025-10-13 08:25:58
2025-10-13 08:25:59,2025-10-13 08:25:51,,385349,862689070136657,2441,GTCRD,,,,,,,,,,,,,,,,,,,,,,,,,,,,,,,,,,,,,,,,,,,,,,,,,,,,2025-10-13 08:25:59
2025-10-13 08:25:59,2025-10-13 08:25:51,,385349,862689070136657,2440,GTCRD,,,,,,,,,,,,,,,,,,,,,,,,,,,,,,,,,,,,,,,,,,,,,,,,,,,,2025-10-13 08:25:59
2025-10-13 08:26:00,2025-10-13 08:25:51,,385349,862689070136657,2443,GTCRD,,,,,,,,,,,,,,,,,,,,,,,,,,,,,,,,,,,,,,,,,,,,,,,,,,,,2025-10-13 08:26:00
2025-10-13 08:26:00,2025-10-13 08:25:51,,385349,862689070136657,2442,GTCRD,,,,,,,,,,,,,,,,,,,,,,,,,,,,,,,,,,,,,,,,,,,,,,,,,,,,2025-10-13 08:26:00
2025-10-13 08:26:01,2025-10-13 08:25:51,,385349,862689070136657,2445,GTCRD,,,,,,,,,,,,,,,,,,,,,,,,,,,,,,,,,,,,,,,,,,,,,,,,,,,,2025-10-13 08:26:01
2025-10-13 08:26:01,2025-10-13 08:25:51,,385349,862689070136657,2444,GTCRD,,,,,,,,,,,,,,,,,,,,,,,,,,,,,,,,,,,,,,,,,,,,,,,,,,,,2025-10-13 08:26:01
2025-10-13 08:26:02,2025-10-13 08:25:52,,385349,862689070136657,2446,GTCRD,,,,,,,,,,,,,,,,,,,,,,,,,,,,,,,,,,,,,,,,,,,,,,,,,,,,2025-10-13 08:26:02
2025-10-13 08:26:24,2025-10-13 08:26:25,,385349,862689070136657,2447,GTCRA,,,,,,,,,,,,,,,,,,,,,,,,,,,,,,,,,,,,,,,,,,,,,,,,,,,,2025-10-13 08:26:24
2025-10-13 08:26:25,2025-10-13 08:26:25,,385349,862689070136657,2449,GTCRD,,,,,,,,,,,,,,,,,,,,,,,,,,,,,,,,,,,,,,,,,,,,,,,,,,,,2025-10-13 08:26:25
2025-10-13 08:26:25,2025-10-13 08:26:25,,385349,862689070136657,2448,GTCRD,,,,,,,,,,,,,,,,,,,,,,,,,,,,,,,,,,,,,,,,,,,,,,,,,,,,2025-10-13 08:26:25
2025-10-13 08:26:26,2025-10-13 08:26:25,,385349,862689070136657,2451,GTCRD,,,,,,,,,,,,,,,,,,,,,,,,,,,,,,,,,,,,,,,,,,,,,,,,,,,,2025-10-13 08:26:26
2025-10-13 08:26:26,2025-10-13 08:26:25,,385349,862689070136657,2450,GTCRD,,,,,,,,,,,,,,,,,,,,,,,,,,,,,,,,,,,,,,,,,,,,,,,,,,,,2025-10-13 08:26:26
2025-10-13 08:26:27,2025-10-13 08:26:25,,385349,862689070136657,2453,GTCRD,,,,,,,,,,,,,,,,,,,,,,,,,,,,,,,,,,,,,,,,,,,,,,,,,,,,2025-10-13 08:26:27
2025-10-13 08:26:27,2025-10-13 08:26:25,,385349,862689070136657,2452,GTCRD,,,,,,,,,,,,,,,,,,,,,,,,,,,,,,,,,,,,,,,,,,,,,,,,,,,,2025-10-13 08:26:27
2025-10-13 08:26:28,2025-10-13 08:26:25,,385349,862689070136657,2455,GTCRD,,,,,,,,,,,,,,,,,,,,,,,,,,,,,,,,,,,,,,,,,,,,,,,,,,,,2025-10-13 08:26:28
2025-10-13 08:26:28,2025-10-13 08:26:25,,385349,862689070136657,2454,GTCRD,,,,,,,,,,,,,,,,,,,,,,,,,,,,,,,,,,,,,,,,,,,,,,,,,,,,2025-10-13 08:26:28
2025-10-13 08:26:29,2025-10-13 08:26:25,,385349,862689070136657,2457,GTCRD,,,,,,,,,,,,,,,,,,,,,,,,,,,,,,,,,,,,,,,,,,,,,,,,,,,,2025-10-13 08:26:29
2025-10-13 08:26:29,2025-10-13 08:26:25,,385349,862689070136657,2456,GTCRD,,,,,,,,,,,,,,,,,,,,,,,,,,,,,,,,,,,,,,,,,,,,,,,,,,,,2025-10-13 08:26:29
2025-10-13 08:26:30,2025-10-13 08:26:25,,385349,862689070136657,2459,GTCRD,,,,,,,,,,,,,,,,,,,,,,,,,,,,,,,,,,,,,,,,,,,,,,,,,,,,2025-10-13 08:26:30
2025-10-13 08:26:30,2025-10-13 08:26:25,,385349,862689070136657,2458,GTCRD,,,,,,,,,,,,,,,,,,,,,,,,,,,,,,,,,,,,,,,,,,,,,,,,,,,,2025-10-13 08:26:30
2025-10-13 08:26:31,2025-10-13 08:26:25,,385349,862689070136657,2461,GTCRD,,,,,,,,,,,,,,,,,,,,,,,,,,,,,,,,,,,,,,,,,,,,,,,,,,,,2025-10-13 08:26:31
2025-10-13 08:26:31,2025-10-13 08:26:25,,385349,862689070136657,2460,GTCRD,,,,,,,,,,,,,,,,,,,,,,,,,,,,,,,,,,,,,,,,,,,,,,,,,,,,2025-10-13 08:26:31
2025-10-13 08:26:32,2025-10-13 08:26:25,2025-10-13 08:26:24,385349,862689070136657,2463,GTIGF,4.19,,698407,12954,80,00,12,954,,11,0,0724,0005,BFF7,068FD204,0.0,182,427.5,-23.040462,-50.073037,233.6,,,,,,,,,,,,,,,,,,,,,,,,,,,,,,,2025-10-13 08:26:32
2025-10-13 08:26:32,2025-10-13 08:26:25,,385349,862689070136657,2462,GTCRD,,,,,,,,,,,,,,,,,,,,,,,,,,,,,,,,,,,,,,,,,,,,,,,,,,,,2025-10-13 08:26:32
2025-10-13 08:26:33,2025-10-13 08:26:29,,385349,862689070136657,2465,GTCRD,,,,,,,,,,,,,,,,,,,,,,,,,,,,,,,,,,,,,,,,,,,,,,,,,,,,2025-10-13 08:26:33
2025-10-13 08:26:33,2025-10-13 08:26:26,2025-10-13 08:26:25,385349,862689070136657,2464,GTERI,4.19,00008200,698407,12954,80,00,12,,,11,1,0724,0005,BFF7,068FD204,0.0,182,427.5,-23.040462,-50.073037,233.6,,19,0,2,3,,,,,,,,,,,,,,,,1,0.0,182,427.5,-50.073037,-23.040462,2025-10-13 08:26:25,11,233.6,10,2025-10-13 08:26:33
2025-10-13 08:26:34,2025-10-13 08:26:29,,385349,862689070136657,2467,GTCRD,,,,,,,,,,,,,,,,,,,,,,,,,,,,,,,,,,,,,,,,,,,,,,,,,,,,2025-10-13 08:26:34
2025-10-13 08:26:34,2025-10-13 08:26:29,,385349,862689070136657,2466,GTCRD,,,,,,,,,,,,,,,,,,,,,,,,,,,,,,,,,,,,,,,,,,,,,,,,,,,,2025-10-13 08:26:34
2025-10-13 08:26:35,2025-10-13 08:26:29,,385349,862689070136657,2469,GTCRD,,,,,,,,,,,,,,,,,,,,,,,,,,,,,,,,,,,,,,,,,,,,,,,,,,,,2025-10-13 08:26:35
2025-10-13 08:26:35,2025-10-13 08:26:29,,385349,862689070136657,2468,GTCRD,,,,,,,,,,,,,,,,,,,,,,,,,,,,,,,,,,,,,,,,,,,,,,,,,,,,2025-10-13 08:26:35
2025-10-13 08:26:36,2025-10-13 08:26:29,,385349,862689070136657,2471,GTCRD,,,,,,,,,,,,,,,,,,,,,,,,,,,,,,,,,,,,,,,,,,,,,,,,,,,,2025-10-13 08:26:36
2025-10-13 08:26:36,2025-10-13 08:26:29,,385349,862689070136657,2470,GTCRD,,,,,,,,,,,,,,,,,,,,,,,,,,,,,,,,,,,,,,,,,,,,,,,,,,,,2025-10-13 08:26:36
2025-10-13 08:26:37,2025-10-13 08:26:30,,385349,862689070136657,2473,GTCRD,,,,,,,,,,,,,,,,,,,,,,,,,,,,,,,,,,,,,,,,,,,,,,,,,,,,2025-10-13 08:26:37
2025-10-13 08:26:37,2025-10-13 08:26:29,,385349,862689070136657,2472,GTCRD,,,,,,,,,,,,,,,,,,,,,,,,,,,,,,,,,,,,,,,,,,,,,,,,,,,,2025-10-13 08:26:37
2025-10-13 08:26:38,2025-10-13 08:26:30,,385349,862689070136657,2475,GTCRD,,,,,,,,,,,,,,,,,,,,,,,,,,,,,,,,,,,,,,,,,,,,,,,,,,,,2025-10-13 08:26:38
2025-10-13 08:26:38,2025-10-13 08:26:30,,385349,862689070136657,2474,GTCRD,,,,,,,,,,,,,,,,,,,,,,,,,,,,,,,,,,,,,,,,,,,,,,,,,,,,2025-10-13 08:26:38
2025-10-13 08:26:39,2025-10-13 08:26:30,,385349,862689070136657,2477,GTCRD,,,,,,,,,,,,,,,,,,,,,,,,,,,,,,,,,,,,,,,,,,,,,,,,,,,,2025-10-13 08:26:39
2025-10-13 08:26:39,2025-10-13 08:26:30,,385349,862689070136657,2476,GTCRD,,,,,,,,,,,,,,,,,,,,,,,,,,,,,,,,,,,,,,,,,,,,,,,,,,,,2025-10-13 08:26:39
2025-10-13 08:26:40,2025-10-13 08:26:30,,385349,862689070136657,2479,GTCRD,,,,,,,,,,,,,,,,,,,,,,,,,,,,,,,,,,,,,,,,,,,,,,,,,,,,2025-10-13 08:26:40
2025-10-13 08:26:40,2025-10-13 08:26:30,,385349,862689070136657,2478,GTCRD,,,,,,,,,,,,,,,,,,,,,,,,,,,,,,,,,,,,,,,,,,,,,,,,,,,,2025-10-13 08:26:40
2025-10-13 08:34:48,2025-10-13 08:34:49,2025-10-13 08:26:29,385349,862689070136657,2480,GTIGN,4.16,,698407,12930,81,00,22,,504,12,1,0724,0005,BFF7,068FD204,0.0,182,427.5,-23.040462,-50.073037,233.6,,,,,,,,,,,,,,,,,,,,,,,,,,,,,,,2025-10-13 08:34:48
2025-10-13 08:35:06,2025-10-13 08:35:06,2025-10-13 08:35:05,385349,862689070136657,2482,GTERI,4.16,00008200,698407,14000,81,00,22,,,10,1,0724,0005,BFF7,068FD204,2.6,118,437.5,-23.040638,-50.073010,233.6,,17,0,2,3,,,,,,,,,,,,,,,,1,2.6,118,437.5,-50.073010,-23.040638,2025-10-13 08:35:05,10,233.6,10,2025-10-13 08:35:06
2025-10-13 08:38:05,2025-10-13 08:38:04,2025-10-13 08:37:58,385349,862689070136657,2484,GTERI,4.19,00008200,698407,14032,81,00,22,,,14,1,0724,0005,BFF7,068FD205,47.4,113,438.3,-23.049247,-50.065247,235.0,,20,0,2,3,,,,,,,,,,,,,,,,1,57.7,113,437.7,-50.065998,-23.048913,2025-10-13 08:37:52,13,235.0,10,2025-10-13 08:38:05
2025-10-13 08:40:15,2025-10-13 08:40:14,2025-10-13 08:40:13,385349,862689070136657,2486,GTSPD,4.19,,698407,14032,81,00,22,,,11,1,0724,0005,BFF7,068FD205,114.5,133,452.6,-23.067888,-50.064667,237.3,,,,,,,,,,,,,,,,,,,,,,,,,,,,,,,2025-10-13 08:40:15
2025-10-13 08:40:44,2025-10-13 08:40:45,2025-10-13 08:40:44,385349,862689070136657,2487,GTSPD,4.19,,698407,14024,81,00,22,,,13,1,0724,0005,BFF7,068FD205,106.0,142,449.1,-23.074232,-50.057353,238.3,,,,,,,,,,,,,,,,,,,,,,,,,,,,,,,2025-10-13 08:40:44
2025-10-13 08:41:03,2025-10-13 08:41:04,2025-10-13 08:40:58,385349,862689070136657,2489,GTERI,4.19,00008200,698407,14024,81,00,22,,,15,1,0724,0005,BFF7,068FD205,109.1,150,476.4,-23.077592,-50.055450,238.9,,8,0,2,3,,,,,,,,,,,,,,,,1,110.1,154,464.8,-50.056113,-23.076382,2025-10-13 08:40:53,13,238.6,10,2025-10-13 08:41:03
2025-10-13 09:15:11,2025-10-13 08:44:04,2025-10-13 08:43:58,385349,862689070136657,2491,GTERI,4.17,00008200,698407,14040,81,00,22,,,15,1,0724,0005,BFF7,068FDE04,100.4,138,576.6,-23.114580,-50.036283,244.0,,12,0,2,3,,,,,,,,,,,,,,,,1,110.9,131,513.9,-50.052462,-23.080573,2025-10-13 08:41:13,13,239.2,10,2025-10-13 09:15:11
2025-10-13 09:15:12,2025-10-13 08:50:04,2025-10-13 08:49:59,385349,862689070136657,2495,GTERI,4.17,00008200,698407,14016,81,00,22,,,12,1,0724,0005,BFF7,0690910D,18.5,81,499.0,-23.163183,-49.994182,251.4,,18,0,2,3,,,,,,,,,,,,,,,,1,71.8,146,598.9,-50.007858,-23.150063,2025-10-13 08:47:08,12,248.8,10,2025-10-13 09:15:12
2025-10-13 09:15:12,2025-10-13 08:47:04,2025-10-13 08:46:59,385349,862689070136657,2493,GTERI,4.17,00008200,698407,14032,81,00,22,,,14,1,0724,0005,BFF7,0690910E,65.7,152,598.5,-23.148665,-50.008678,248.7,,12,0,2,3,,,,,,,,,,,,,,,,1,104.6,148,561.1,-50.025703,-23.126940,2025-10-13 08:45:00,14,245.6,10,2025-10-13 09:15:12
2025-10-13 09:15:13,2025-10-13 08:52:18,,385349,862689070136657,2497,GTASC,,,,,,,,,,,,,,,,,,,,,,,,,,,,,,,,,,,,,,,,,,,,,,,,,,,,2025-10-13 09:15:13
2025-10-13 09:15:13,2025-10-13 08:52:18,,385349,862689070136657,2497,GTASC,,,,,,,,,,,,,,,,,,,,,,,,,,,,,,,,,,,,,,,,,,,,,,,,,,,,2025-10-13 09:15:13
2025-10-13 09:16:33,2025-10-13 08:53:47,2025-10-13 08:53:47,385349,862689070136657,2499,GTRTL,4.17,,698407,14016,81,00,22,,,11,1,0724,0005,BFF7,068FF308,25.6,63,519.6,-23.160747,-49.978460,252.9,,,,,,,,,,,,,,,,,,,,,,,,,,,,,,,2025-10-13 09:16:33
2025-10-13 09:16:33,2025-10-13 08:52:33,2025-10-13 08:52:32,385349,862689070136657,2498,GTDOG,,,,,,,,,,,,,,,,,,,,,,,,,,,,,,,,,,,,,,,,,,,,,,,,,,,,2025-10-13 09:16:33
2025-10-13 09:16:34,2025-10-13 08:56:47,2025-10-13 08:56:42,385349,862689070136657,2502,GTERI,4.17,00008200,698407,14008,81,00,22,,,10,1,0724,0005,BFF7,068FF308,13.6,252,481.0,-23.157888,-49.973157,253.7,,31,0,2,28,,,,,,,,,,,,,,,,1,30.6,67,475.0,-49.972602,-23.158622,2025-10-13 08:55:59,11,253.5,10,2025-10-13 09:16:34
2025-10-13 09:16:34,2025-10-13 08:53:48,2025-10-13 08:53:47,385349,862689070136657,2500,GTERI,4.17,00008200,698407,14016,81,00,22,,,11,1,0724,0005,BFF7,068FF308,25.6,63,519.6,-23.160747,-49.978460,252.9,,20,0,2,28,,,,,,,,,,,,,,,,1,25.6,63,519.6,-49.978460,-23.160747,2025-10-13 08:53:47,11,252.9,10,2025-10-13 09:16:34
2025-10-13 09:16:35,2025-10-13 09:00:21,2025-10-13 09:00:20,385349,862689070136657,2505,GTIGF,4.16,,698407,12897,80,00,11,1523,,9,0,0724,0005,BFF7,068FF308,0.0,265,478.9,-23.157745,-49.972935,254.4,,,,,,,,,,,,,,,,,,,,,,,,,,,,,,,2025-10-13 09:16:35
2025-10-13 09:16:35,2025-10-13 08:59:47,2025-10-13 08:59:42,385349,862689070136657,2504,GTERI,4.16,00008200,698407,12865,81,00,22,,,10,1,0724,0005,BFF7,068FF308,0.0,265,478.9,-23.157745,-49.972935,254.4,,31,0,2,28,,,,,,,,,,,,,,,,1,31.7,68,480.5,-49.972657,-23.158633,2025-10-13 08:58:33,15,254.3,10,2025-10-13 09:16:35
2025-10-13 09:16:36,2025-10-13 09:03:29,2025-10-13 09:03:28,385349,862689070136657,2507,GTDOG,,,,,,,,,,,,,,,,,,,,,,,,,,,,,,,,,,,,,,,,,,,,,,,,,,,,2025-10-13 09:16:36
2025-10-13 09:16:36,2025-10-13 09:00:22,2025-10-13 09:00:21,385349,862689070136657,2506,GTERI,4.16,00008200,698407,12994,80,00,11,,,9,1,0724,0005,BFF7,068FF308,0.0,265,478.9,-23.157745,-49.972935,254.4,,21,0,2,28,,,,,,,,,,,,,,,,1,0.0,265,478.9,-49.972935,-23.157745,2025-10-13 09:00:21,9,254.4,10,2025-10-13 09:16:36
2025-10-13 09:16:37,2025-10-13 09:04:44,2025-10-13 09:04:44,385349,862689070136657,2509,GTERI,4.10,00008200,698407,13171,80,00,11,,,11,1,0724,0005,BFF7,068FF308,0.2,340,480.5,-23.157687,-49.972932,254.4,,23,0,2,28,,,,,,,,,,,,,,,,1,0.2,340,480.5,-49.972932,-23.157687,2025-10-13 09:04:44,11,254.4,10,2025-10-13 09:16:37
2025-10-13 09:16:37,2025-10-13 09:04:44,2025-10-13 09:04:44,385349,862689070136657,2508,GTRTL,4.10,,698407,13171,80,00,11,,,11,1,0724,0005,BFF7,068FF308,0.2,340,480.5,-23.157687,-49.972932,254.4,,,,,,,,,,,,,,,,,,,,,,,,,,,,,,,2025-10-13 09:16:37
2025-10-13 09:16:38,2025-10-13 09:15:50,2025-10-13 09:15:49,385349,862689070136657,2511,GTRTL,4.07,,698407,13131,80,00,11,,,15,1,0724,0005,BFF7,068FF308,0.0,305,477.9,-23.157720,-49.972893,254.4,,,,,,,,,,,,,,,,,,,,,,,,,,,,,,,2025-10-13 09:16:38
2025-10-13 09:16:38,2025-10-13 09:14:26,2025-10-13 09:14:25,385349,862689070136657,2510,GTDOG,,,,,,,,,,,,,,,,,,,,,,,,,,,,,,,,,,,,,,,,,,,,,,,,,,,,2025-10-13 09:16:38
2025-10-13 09:16:39,2025-10-13 09:15:50,2025-10-13 09:15:49,385349,862689070136657,2512,GTERI,4.07,00008200,698407,13131,80,00,11,,,15,1,0724,0005,BFF7,068FF308,0.0,305,477.9,-23.157720,-49.972893,254.4,,22,0,2,28,,,,,,,,,,,,,,,,1,0.0,305,477.9,-49.972893,-23.157720,2025-10-13 09:15:49,15,254.4,10,2025-10-13 09:16:39
2025-10-13 09:52:23,2025-10-13 09:52:23,2025-10-13 09:15:49,385349,862689070136657,2513,GTIGN,4.09,,698407,12873,81,00,22,,2873,15,1,0724,0005,BFF7,068FF308,0.0,305,477.9,-23.157720,-49.972893,254.4,,,,,,,,,,,,,,,,,,,,,,,,,,,,,,,2025-10-13 09:52:23
2025-10-13 09:52:33,2025-10-13 09:52:34,2025-10-13 09:52:33,385349,862689070136657,2515,GTERI,4.09,00008200,698407,13935,81,00,22,,,6,1,0724,0005,BFF7,068FF308,4.6,5,494.0,-23.157627,-49.972928,254.4,,22,0,2,28,,,,,,,,,,,,,,,,1,4.6,5,494.0,-49.972928,-23.157627,2025-10-13 09:52:33,6,254.5,10,2025-10-13 09:52:33
2025-10-13 09:55:29,2025-10-13 09:55:29,2025-10-13 09:55:24,385349,862689070136657,2517,GTERI,4.18,00008200,698407,13984,81,00,21,,,10,1,0724,0005,BFF7,068FF308,0.0,26,506.5,-23.157647,-49.972895,254.4,,25,0,2,28,,,,,,,,,,,,,,,,1,4.1,11,501.1,-49.972910,-23.157607,2025-10-13 09:52:36,6,254.5,10,2025-10-13 09:55:29
2025-10-13 09:58:29,2025-10-13 09:58:29,2025-10-13 09:58:24,385349,862689070136657,2520,GTERI,4.18,00008200,698407,13984,81,00,21,,,9,1,0724,0005,BFF7,068FF308,0.0,26,506.5,-23.157647,-49.972895,254.4,,20,0,2,28,,,,,,,,,,,,,,,,1,0.0,26,506.5,-49.972895,-23.157647,2025-10-13 09:58:28,9,254.5,10,2025-10-13 09:58:29
2025-10-13 10:01:29,2025-10-13 10:01:29,2025-10-13 10:01:24,385349,862689070136657,2522,GTERI,4.18,00008200,698407,12841,81,00,21,,,12,1,0724,0005,BFF7,068FF308,0.0,26,506.5,-23.157647,-49.972895,254.4,,23,0,2,28,,,,,,,,,,,,,,,,1,0.0,26,506.5,-49.972895,-23.157647,2025-10-13 10:01:28,12,254.5,10,2025-10-13 10:01:29
2025-10-13 10:01:35,2025-10-13 10:01:35,2025-10-13 10:01:35,385349,862689070136657,2524,GTERI,4.18,00008200,698407,12825,80,00,11,,,12,1,0724,0005,BFF7,068FF308,0.0,26,506.5,-23.157647,-49.972895,254.4,,24,0,2,28,,,,,,,,,,,,,,,,1,0.0,26,506.5,-49.972895,-23.157647,2025-10-13 10:01:35,12,254.4,10,2025-10-13 10:01:35
2025-10-13 10:01:35,2025-10-13 10:01:35,2025-10-13 10:01:34,385349,862689070136657,2523,GTIGF,4.18,,698407,12825,80,00,11,552,,12,0,0724,0005,BFF7,068FF308,0.0,26,506.5,-23.157647,-49.972895,254.4,,,,,,,,,,,,,,,,,,,,,,,,,,,,,,,2025-10-13 10:01:35
2025-10-13 10:02:05,2025-10-13 10:02:05,2025-10-13 10:01:35,385349,862689070136657,2525,GTIGN,4.17,,698407,13034,81,00,21,,30,12,1,0724,0005,BFF7,068FF308,0.0,26,506.5,-23.157647,-49.972895,254.4,,,,,,,,,,,,,,,,,,,,,,,,,,,,,,,2025-10-13 10:02:05
2025-10-13 10:02:15,2025-10-13 10:02:15,2025-10-13 10:02:14,385349,862689070136657,2527,GTERI,4.17,00008200,698407,12527,81,00,21,,,7,1,0724,0005,BFF7,068FF308,0.0,26,506.5,-23.157647,-49.972895,254.4,,26,0,2,28,,,,,,,,,,,,,,,,1,0.0,26,506.5,-49.972895,-23.157647,2025-10-13 10:02:14,7,254.5,10,2025-10-13 10:02:15
2025-10-13 10:05:14,2025-10-13 10:05:14,2025-10-13 10:05:09,385349,862689070136657,2529,GTERI,4.19,00008200,698407,12495,81,00,21,,,10,1,0724,0005,BFF7,068FF308,0.0,26,506.5,-23.157647,-49.972895,254.4,,23,0,2,28,,,,,,,,,,,,,,,,1,0.0,26,506.5,-49.972895,-23.157647,2025-10-13 10:05:13,10,254.5,10,2025-10-13 10:05:14
2025-10-13 10:08:14,2025-10-13 10:08:14,2025-10-13 10:08:09,385349,862689070136657,2532,GTERI,4.19,00008200,698407,13984,81,00,22,,,14,1,0724,0005,BFF7,06913A08,0.0,345,479.5,-23.156457,-49.970778,255.0,,23,0,2,28,,,,,,,,,,,,,,,,1,44.2,68,486.0,-49.971752,-23.158292,2025-10-13 10:07:17,13,254.7,10,2025-10-13 10:08:14
2025-10-13 10:11:14,2025-10-13 10:11:14,2025-10-13 10:11:09,385349,862689070136657,2534,GTERI,4.19,00008200,698407,14024,81,00,22,,,14,1,0724,0005,BFF7,06913A08,26.7,64,453.3,-23.150335,-49.964977,256.1,,20,0,2,28,,,,,,,,,,,,,,,,1,48.2,20,448.3,-49.965457,-23.151095,2025-10-13 10:10:57,13,256.0,10,2025-10-13 10:11:14
2025-10-13 10:14:14,2025-10-13 10:14:14,2025-10-13 10:14:09,385349,862689070136657,2537,GTERI,4.18,00008200,698407,14024,81,00,22,,,13,1,0724,0005,BFF7,06913A08,78.2,121,476.1,-23.151880,-49.947718,258.2,,20,0,2,28,,,,,,,,,,,,,,,,1,86.9,114,473.4,-49.946880,-23.152223,2025-10-13 10:14:13,13,258.2,10,2025-10-13 10:14:14
2025-10-13 11:22:01,2025-10-13 10:20:14,2025-10-13 10:20:09,385349,862689070136657,2541,GTERI,4.19,00008200,698407,13984,81,00,22,,,15,1,0724,0005,BFF7,06905004,78.7,127,473.7,-23.177640,-49.875400,267.5,,7,0,2,3,,,,,,,,,,,,,,,,1,101.5,85,450.6,-49.888592,-23.169317,2025-10-13 10:18:57,11,265.6,10,2025-10-13 11:22:01
2025-10-13 11:22:01,2025-10-13 10:17:14,2025-10-13 10:17:09,385349,862689070136657,2539,GTERI,4.19,00008200,698407,14008,81,00,22,,,14,1,0724,0005,BFF7,06905004,97.7,161,446.9,-23.159602,-49.910613,262.9,,7,0,2,3,,,,,,,,,,,,,,,,1,103.3,81,478.3,-49.928685,-23.148045,2025-10-13 10:15:32,13,260.3,10,2025-10-13 11:22:01
2025-10-13 11:22:02,2025-10-13 10:24:14,2025-10-13 10:24:13,385349,862689070136657,2545,GTDOG,,,,,,,,,,,,,,,,,,,,,,,,,,,,,,,,,,,,,,,,,,,,,,,,,,,,2025-10-13 11:22:02
2025-10-13 11:22:02,2025-10-13 10:23:14,2025-10-13 10:23:09,385349,862689070136657,2543,GTERI,4.19,00008200,698407,14008,81,00,22,,,15,1,0724,0005,BFF7,0690920A,72.2,135,591.8,-23.183955,-49.843493,271.2,,9,0,2,28,,,,,,,,,,,,,,,,1,96.5,115,520.5,-49.869168,-23.179852,2025-10-13 10:20:43,15,268.1,10,2025-10-13 11:22:02
2025-10-13 11:22:03,2025-10-13 10:25:09,2025-10-13 10:25:09,385349,862689070136657,2547,GTERI,4.19,00008200,698407,13984,81,00,22,,,11,1,,,,,52.4,87,517.6,-23.176130,-49.829130,273.1,,0,0,0,0,,,,,,,,,,,,,,,,1,52.4,87,517.6,-49.829130,-23.176130,2025-10-13 10:25:09,11,273.1,10,2025-10-13 11:22:03
2025-10-13 11:22:03,2025-10-13 10:25:09,2025-10-13 10:25:09,385349,862689070136657,2546,GTRTL,4.19,,698407,13984,81,00,22,,,11,1,,,,,52.4,87,517.6,-23.176130,-49.829130,273.1,,,,,,,,,,,,,,,,,,,,,,,,,,,,,,,2025-10-13 11:22:03
2025-10-13 11:22:04,2025-10-13 10:31:07,2025-10-13 10:31:03,385349,862689070136657,2551,GTERI,4.17,00008200,698407,14024,81,00,22,,,13,1,0724,0005,BFF7,0690920A,49.8,87,580.0,-23.199387,-49.783130,279.6,,31,0,0,0,,,,,,,,,,,,,,,,1,76.3,121,533.6,-49.790593,-23.198150,2025-10-13 10:30:04,14,278.7,10,2025-10-13 11:22:04
2025-10-13 11:22:04,2025-10-13 10:28:07,2025-10-13 10:28:03,385349,862689070136657,2548,GTERI,4.17,00008200,698407,14048,81,00,22,,,13,1,0724,0005,BFF7,0690920A,65.1,137,572.9,-23.194283,-49.804937,276.5,,6,0,2,28,,,,,,,,,,,,,,,,1,107.1,148,529.8,-49.818027,-23.180990,2025-10-13 10:26:28,13,274.5,10,2025-10-13 11:22:04
2025-10-13 11:22:05,2025-10-13 10:36:27,2025-10-13 10:36:26,385349,862689070136657,2555,GTIGF,4.17,,698407,12833,80,00,11,2053,,15,0,0724,0005,BFF7,06909209,0.0,169,628.1,-23.194065,-49.757012,283.5,,,,,,,,,,,,,,,,,,,,,,,,,,,,,,,2025-10-13 11:22:05
2025-10-13 11:22:05,2025-10-13 10:34:07,2025-10-13 10:34:03,385349,862689070136657,2552,GTERI,4.17,00008200,698407,14024,81,00,22,,,15,1,0724,0005,BFF7,06909209,18.3,170,629.4,-23.189780,-49.757773,283.0,,31,0,2,28,,,,,,,,,,,,,,,,1,105.0,28,620.1,-49.778178,-23.193368,2025-10-13 10:31:51,15,280.5,10,2025-10-13 11:22:05
2025-10-13 11:22:06,2025-10-13 10:37:09,2025-10-13 10:37:09,385349,862689070136657,2557,GTDOG,,,,,,,,,,,,,,,,,,,,,,,,,,,,,,,,,,,,,,,,,,,,,,,,,,,,2025-10-13 11:22:06
2025-10-13 11:22:06,2025-10-13 10:36:27,2025-10-13 10:36:27,385349,862689070136657,2556,GTERI,4.17,00008200,698407,12833,80,00,11,,,15,1,0724,0005,BFF7,06909209,0.0,169,628.1,-23.194065,-49.757012,283.5,,31,0,2,28,,,,,,,,,,,,,,,,1,0.0,169,628.1,-49.757012,-23.194065,2025-10-13 10:36:27,15,283.5,10,2025-10-13 11:22:06
2025-10-13 11:22:07,2025-10-13 10:38:25,2025-10-13 10:38:24,385349,862689070136657,2559,GTERI,4.10,00008200,698407,13155,80,00,11,,,15,1,0724,0005,BFF7,06909208,0.5,284,629.0,-23.194030,-49.757032,283.5,,28,0,2,28,,,,,,,,,,,,,,,,1,0.5,284,629.0,-49.757032,-23.194030,2025-10-13 10:38:24,15,283.5,10,2025-10-13 11:22:07
2025-10-13 11:22:07,2025-10-13 10:38:24,2025-10-13 10:38:24,385349,862689070136657,2558,GTRTL,4.10,,698407,13155,80,00,11,,,15,1,0724,0005,BFF7,06909208,0.5,284,629.0,-23.194030,-49.757032,283.5,,,,,,,,,,,,,,,,,,,,,,,,,,,,,,,2025-10-13 11:22:07
2025-10-13 11:22:08,2025-10-13 10:42:16,2025-10-13 10:42:15,385349,862689070136657,2562,GTERI,4.10,00008200,698407,13943,81,00,22,,,13,1,0724,0005,BFF7,06909208,1.7,234,628.3,-23.194087,-49.757088,283.5,,30,0,2,28,,,,,,,,,,,,,,,,1,1.7,234,628.3,-49.757088,-23.194087,2025-10-13 10:42:15,13,283.5,10,2025-10-13 11:22:08
2025-10-13 11:22:08,2025-10-13 10:42:07,2025-10-13 10:38:24,385349,862689070136657,2560,GTIGN,4.10,,698407,12930,81,00,22,,329,15,1,0724,0005,BFF7,06909208,0.5,284,629.0,-23.194030,-49.757032,283.5,,,,,,,,,,,,,,,,,,,,,,,,,,,,,,,2025-10-13 11:22:08
2025-10-13 11:22:09,2025-10-13 10:44:22,2025-10-13 10:44:21,385349,862689070136657,2564,GTERI,4.18,00008200,698407,13597,80,00,12,,,14,1,0724,0005,BFF7,06909208,0.0,262,638.0,-23.198405,-49.757672,284.0,,30,0,2,28,,,,,,,,,,,,,,,,1,0.0,262,638.0,-49.757672,-23.198405,2025-10-13 10:44:21,14,284.0,10,2025-10-13 11:22:09
2025-10-13 11:22:09,2025-10-13 10:44:21,2025-10-13 10:44:20,385349,862689070136657,2563,GTIGF,4.18,,698407,13959,80,00,12,134,,14,0,0724,0005,BFF7,06909208,0.0,262,638.0,-23.198405,-49.757672,284.0,,,,,,,,,,,,,,,,,,,,,,,,,,,,,,,2025-10-13 11:22:09
2025-10-13 11:22:10,2025-10-13 10:47:39,2025-10-13 10:47:38,385349,862689070136657,2567,GTERI,4.09,00008200,698407,13951,81,00,22,,,12,1,0724,0005,BFF7,06909208,1.5,273,639.4,-23.198383,-49.757717,284.0,,30,0,2,28,,,,,,,,,,,,,,,,1,1.5,273,639.4,-49.757717,-23.198383,2025-10-13 10:47:38,12,284.0,10,2025-10-13 11:22:10
2025-10-13 11:22:10,2025-10-13 10:47:25,2025-10-13 10:44:21,385349,862689070136657,2565,GTIGN,4.09,,698407,12930,81,00,22,,184,14,1,0724,0005,BFF7,06909208,0.0,262,638.0,-23.198405,-49.757672,284.0,,,,,,,,,,,,,,,,,,,,,,,,,,,,,,,2025-10-13 11:22:10
2025-10-13 11:22:11,2025-10-13 10:49:13,2025-10-13 10:49:12,385349,862689070136657,2569,GTRTL,4.18,,698407,14000,81,00,22,,,14,1,0724,0005,BFF7,06909209,59.5,173,645.3,-23.204353,-49.758405,284.4,,,,,,,,,,,,,,,,,,,,,,,,,,,,,,,2025-10-13 11:22:11
2025-10-13 11:22:11,2025-10-13 10:47:58,2025-10-13 10:47:57,385349,862689070136657,2568,GTDOG,,,,,,,,,,,,,,,,,,,,,,,,,,,,,,,,,,,,,,,,,,,,,,,,,,,,2025-10-13 11:22:11
2025-10-13 11:22:12,2025-10-13 10:52:11,2025-10-13 10:52:06,385349,862689070136657,2572,GTERI,4.18,00008200,698407,14000,81,00,22,,,14,1,0724,0005,BFF7,06909209,101.0,171,686.3,-23.234600,-49.758777,288.2,,31,0,2,28,,,,,,,,,,,,,,,,1,108.3,161,676.6,-49.759222,-23.232823,2025-10-13 10:51:59,15,287.9,10,2025-10-13 11:22:12
2025-10-13 11:22:12,2025-10-13 10:49:13,2025-10-13 10:49:12,385349,862689070136657,2570,GTERI,4.18,00008200,698407,14000,81,00,22,,,14,1,0724,0005,BFF7,06909209,59.5,173,645.3,-23.204353,-49.758405,284.4,,16,0,2,28,,,,,,,,,,,,,,,,1,59.5,173,645.3,-49.758405,-23.204353,2025-10-13 10:49:12,14,284.4,10,2025-10-13 11:22:12
2025-10-13 11:22:13,2025-10-13 10:57:17,2025-10-13 10:57:16,385349,862689070136657,2575,GTSPD,4.19,,698407,14008,81,00,22,,,15,1,0724,0005,BFF7,06909209,112.8,226,512.9,-23.283602,-49.752580,294.6,,,,,,,,,,,,,,,,,,,,,,,,,,,,,,,2025-10-13 11:22:13
2025-10-13 11:22:13,2025-10-13 10:55:11,2025-10-13 10:55:06,385349,862689070136657,2574,GTERI,4.18,00008200,698407,14000,81,00,22,,,15,1,0724,0005,BFF7,06909209,61.2,162,667.2,-23.268058,-49.760310,292.3,,31,0,2,28,,,,,,,,,,,,,,,,1,106.1,218,690.5,-49.763608,-23.244358,2025-10-13 10:52:53,15,289.3,10,2025-10-13 11:22:13
2025-10-13 11:22:14,2025-10-13 10:57:30,2025-10-13 10:57:29,385349,862689070136657,2577,GTSPD,4.19,,698407,14000,81,00,22,,,15,1,0724,0005,BFF7,06909209,118.7,233,507.9,-23.285967,-49.755557,295.1,,,,,,,,,,,,,,,,,,,,,,,,,,,,,,,2025-10-13 11:22:14
2025-10-13 11:22:14,2025-10-13 10:57:21,2025-10-13 10:57:20,385349,862689070136657,2576,GTSPD,4.19,,698407,14000,81,00,22,,,15,1,0724,0005,BFF7,06909209,108.7,227,520.0,-23.284357,-49.753482,294.8,,,,,,,,,,,,,,,,,,,,,,,,,,,,,,,2025-10-13 11:22:14
2025-10-13 11:22:15,2025-10-13 10:57:46,2025-10-13 10:57:45,385349,862689070136657,2580,GTSPD,4.19,,698407,14008,81,00,22,,,14,1,0724,0005,BFF7,06909209,110.3,232,504.8,-23.288705,-49.759585,295.6,,,,,,,,,,,,,,,,,,,,,,,,,,,,,,,2025-10-13 11:22:15
2025-10-13 11:22:15,2025-10-13 10:57:44,2025-10-13 10:57:43,385349,862689070136657,2579,GTSPD,4.19,,698407,14008,81,00,22,,,13,1,0724,0005,BFF7,06909209,110.0,235,505.2,-23.288383,-49.759105,295.5,,,,,,,,,,,,,,,,,,,,,,,,,,,,,,,2025-10-13 11:22:15
2025-10-13 11:22:16,2025-10-13 10:58:11,2025-10-13 10:58:06,385349,862689070136657,2582,GTERI,4.19,00008200,698407,14000,81,00,22,,,15,1,0724,0005,BFF7,06909209,108.4,234,518.7,-23.292162,-49.764528,296.3,,31,0,2,28,,,,,,,,,,,,,,,,1,110.1,232,513.3,-49.763577,-23.291480,2025-10-13 10:58:02,15,296.1,10,2025-10-13 11:22:16
2025-10-13 11:22:16,2025-10-13 10:57:48,2025-10-13 10:57:47,385349,862689070136657,2581,GTSPD,4.19,,698407,14008,81,00,22,,,14,1,0724,0005,BFF7,06909209,108.5,233,505.3,-23.289038,-49.760050,295.6,,,,,,,,,,,,,,,,,,,,,,,,,,,,,,,2025-10-13 11:22:16
2025-10-13 11:22:17,2025-10-13 10:58:31,2025-10-13 10:58:30,385349,862689070136657,2584,GTSPD,4.19,,698407,14008,81,00,22,,,14,1,0724,0005,BFF7,06909209,101.7,214,506.8,-23.297033,-49.768887,296.9,,,,,,,,,,,,,,,,,,,,,,,,,,,,,,,2025-10-13 11:22:17
2025-10-13 11:22:17,2025-10-13 10:58:26,2025-10-13 10:58:25,385349,862689070136657,2583,GTSPD,4.19,,698407,14008,81,00,22,,,15,1,0724,0005,BFF7,06909209,113.7,213,513.6,-23.295898,-49.768047,296.8,,,,,,,,,,,,,,,,,,,,,,,,,,,,,,,2025-10-13 11:22:17
2025-10-13 11:22:18,2025-10-13 10:59:44,2025-10-13 10:59:43,385349,862689070136657,2586,GTRTL,4.19,,698407,13992,81,00,22,,,14,1,,,,,109.2,201,504.0,-23.307390,-49.782053,298.4,,,,,,,,,,,,,,,,,,,,,,,,,,,,,,,2025-10-13 11:22:18
2025-10-13 11:22:18,2025-10-13 10:58:46,2025-10-13 10:58:45,385349,862689070136657,2585,GTDOG,,,,,,,,,,,,,,,,,,,,,,,,,,,,,,,,,,,,,,,,,,,,,,,,,,,,2025-10-13 11:22:18
2025-10-13 11:22:19,2025-10-13 10:59:46,2025-10-13 10:59:45,385349,862689070136657,2588,GTSPD,4.19,,698407,13992,81,00,22,,,15,1,,,,,111.0,201,503.2,-23.307962,-49.782298,298.4,,,,,,,,,,,,,,,,,,,,,,,,,,,,,,,2025-10-13 11:22:19
2025-10-13 11:22:19,2025-10-13 10:59:44,2025-10-13 10:59:43,385349,862689070136657,2587,GTERI,4.19,00008200,698407,13992,81,00,22,,,14,1,,,,,109.2,201,504.0,-23.307390,-49.782053,298.4,,0,0,0,0,,,,,,,,,,,,,,,,1,109.2,201,504.0,-49.782053,-23.307390,2025-10-13 10:59:43,14,298.4,10,2025-10-13 11:22:19
2025-10-13 11:22:20,2025-10-13 10:59:57,2025-10-13 10:59:56,385349,862689070136657,2590,GTSPD,4.19,,698407,13984,81,00,22,,,14,1,,,,,112.0,181,506.1,-23.310887,-49.782850,298.7,,,,,,,,,,,,,,,,,,,,,,,,,,,,,,,2025-10-13 11:22:20
2025-10-13 11:22:20,2025-10-13 10:59:48,2025-10-13 10:59:47,385349,862689070136657,2589,GTSPD,4.19,,698407,13992,81,00,22,,,15,1,,,,,107.7,200,503.2,-23.308480,-49.782515,298.4,,,,,,,,,,,,,,,,,,,,,,,,,,,,,,,2025-10-13 11:22:20
2025-10-13 11:22:21,2025-10-13 11:00:12,2025-10-13 11:00:11,385349,862689070136657,2592,GTSPD,4.19,,698407,14008,81,00,22,,,15,1,,,,,112.9,172,511.8,-23.314972,-49.782327,299.2,,,,,,,,,,,,,,,,,,,,,,,,,,,,,,,2025-10-13 11:22:21
2025-10-13 11:22:21,2025-10-13 11:00:03,2025-10-13 11:00:02,385349,862689070136657,2591,GTSPD,4.19,,698407,13992,81,00,22,,,14,1,,,,,109.2,175,507.4,-23.312545,-49.782825,298.9,,,,,,,,,,,,,,,,,,,,,,,,,,,,,,,2025-10-13 11:22:21
2025-10-13 11:22:22,2025-10-13 11:00:53,2025-10-13 11:00:52,385349,862689070136657,2595,GTSPD,4.19,,698407,13984,81,00,22,,,15,1,0724,0005,BFF7,0693A706,112.3,156,493.3,-23.326288,-49.780702,300.5,,,,,,,,,,,,,,,,,,,,,,,,,,,,,,,2025-10-13 11:22:22
2025-10-13 11:22:22,2025-10-13 11:00:37,2025-10-13 11:00:36,385349,862689070136657,2594,GTSPD,4.19,,698407,14000,81,00,22,,,15,1,0724,0005,BFF7,0693A706,109.9,178,471.0,-23.322155,-49.782050,300.0,,,,,,,,,,,,,,,,,,,,,,,,,,,,,,,2025-10-13 11:22:22
2025-10-13 11:22:23,2025-10-13 11:01:25,2025-10-13 11:01:25,385349,862689070136657,2597,GTSPD,4.19,,698407,13976,81,00,22,,,15,1,0724,0005,BFF7,0693A706,112.7,203,508.8,-23.334775,-49.783442,301.5,,,,,,,,,,,,,,,,,,,,,,,,,,,,,,,2025-10-13 11:22:23
2025-10-13 11:22:23,2025-10-13 11:01:09,2025-10-13 11:01:09,385349,862689070136657,2596,GTSPD,4.19,,698407,13984,81,00,22,,,15,1,0724,0005,BFF7,0693A706,108.7,203,485.9,-23.330782,-49.781530,301.0,,,,,,,,,,,,,,,,,,,,,,,,,,,,,,,2025-10-13 11:22:23
2025-10-13 11:22:24,2025-10-13 11:02:39,2025-10-13 11:02:34,385349,862689070136657,2599,GTERI,4.19,00008200,698407,14008,81,00,22,,,14,1,0724,0005,BFF7,068FD706,79.5,173,498.3,-23.347615,-49.787862,303.2,,7,0,0,0,,,,,,,,,,,,,,,,1,106.8,202,514.5,-49.785505,-23.339122,2025-10-13 11:01:42,15,302.0,10,2025-10-13 11:22:24
2025-10-13 11:22:24,2025-10-13 11:01:40,2025-10-13 11:01:40,385349,862689070136657,2598,GTSPD,4.19,,698407,14000,81,00,22,,,15,1,0724,0005,BFF7,0693A706,107.7,203,511.9,-23.338635,-49.785273,302.0,,,,,,,,,,,,,,,,,,,,,,,,,,,,,,,2025-10-13 11:22:24
2025-10-13 11:22:25,2025-10-13 11:03:07,2025-10-13 11:03:06,385349,862689070136657,2601,GTSPD,4.18,,698407,14016,81,00,22,,,15,1,0724,0005,0607,4EEF,109.1,192,495.9,-23.355223,-49.787613,303.9,,,,,,,,,,,,,,,,,,,,,,,,,,,,,,,2025-10-13 11:22:25
2025-10-13 11:22:25,2025-10-13 11:02:58,2025-10-13 11:02:57,385349,862689070136657,2600,GTSPD,4.18,,698407,14040,81,00,22,,,14,1,0724,0005,BFF7,068FD706,112.6,178,489.1,-23.352627,-49.787560,303.6,,,,,,,,,,,,,,,,,,,,,,,,,,,,,,,2025-10-13 11:22:25
2025-10-13 11:22:26,2025-10-13 11:03:28,2025-10-13 11:03:28,385349,862689070136657,2603,GTSPD,4.18,,698407,13992,81,00,22,,,15,1,0724,0005,0607,4EEF,107.2,178,488.5,-23.361277,-49.790017,304.7,,,,,,,,,,,,,,,,,,,,,,,,,,,,,,,2025-10-13 11:22:26
2025-10-13 11:22:26,2025-10-13 11:03:10,2025-10-13 11:03:09,385349,862689070136657,2602,GTSPD,4.18,,698407,13984,81,00,22,,,15,1,0724,0005,0607,4EEF,112.6,201,498.0,-23.356032,-49.787920,304.0,,,,,,,,,,,,,,,,,,,,,,,,,,,,,,,2025-10-13 11:22:26
2025-10-13 11:22:27,2025-10-13 11:04:36,2025-10-13 11:04:35,385349,862689070136657,2606,GTSPD,4.18,,698407,14016,81,00,22,,,14,1,0724,0005,0607,4EEF,106.0,181,507.9,-23.383622,-49.792332,307.2,,,,,,,,,,,,,,,,,,,,,,,,,,,,,,,2025-10-13 11:22:27
2025-10-13 11:22:27,2025-10-13 11:03:35,2025-10-13 11:03:35,385349,862689070136657,2604,GTSPD,4.18,,698407,14000,81,00,22,,,15,1,0724,0005,0607,4EEF,114.2,182,503.5,-23.363240,-49.789952,304.9,,,,,,,,,,,,,,,,,,,,,,,,,,,,,,,2025-10-13 11:22:27
2025-10-13 11:22:28,2025-10-13 11:05:31,2025-10-13 11:05:31,385349,862689070136657,2608,GTSPD,4.17,,698407,14016,81,00,22,,,15,1,0724,0005,0607,4EEF,106.8,159,498.6,-23.400213,-49.788083,309.1,,,,,,,,,,,,,,,,,,,,,,,,,,,,,,,2025-10-13 11:22:28
2025-10-13 11:22:28,2025-10-13 11:04:39,2025-10-13 11:04:38,385349,862689070136657,2607,GTSPD,4.18,,698407,14008,81,00,22,,,15,1,0724,0005,0607,4EEF,113.5,171,505.9,-23.384458,-49.792235,307.3,,,,,,,,,,,,,,,,,,,,,,,,,,,,,,,2025-10-13 11:22:28
2025-10-13 11:22:29,2025-10-13 11:05:41,2025-10-13 11:05:41,385349,862689070136657,2610,GTSPD,4.17,,698407,14016,81,00,22,,,15,1,0724,0005,0607,4EEF,115.2,175,489.9,-23.402678,-49.787502,309.3,,,,,,,,,,,,,,,,,,,,,,,,,,,,,,,2025-10-13 11:22:29
2025-10-13 11:22:29,2025-10-13 11:05:39,2025-10-13 11:05:34,385349,862689070136657,2609,GTERI,4.17,00008200,698407,14016,81,00,22,,,15,1,0724,0005,0607,4EEF,100.4,161,503.2,-23.400915,-49.787792,309.3,,17,0,1,900,,,,,,,,,,,,,,,,1,103.5,172,495.8,-49.787605,-23.401863,2025-10-13 11:05:38,15,309.3,10,2025-10-13 11:22:29
2025-10-13 11:22:30,2025-10-13 11:05:53,2025-10-13 11:05:53,385349,862689070136657,2611,GTSPD,4.17,,698407,14024,81,00,22,,,15,1,0724,0005,0607,4EEF,104.5,168,480.0,-23.406205,-49.787203,309.7,,,,,,,,,,,,,,,,,,,,,,,,,,,,,,,2025-10-13 11:22:30
2025-10-13 11:22:31,2025-10-13 11:06:20,2025-10-13 11:06:19,385349,862689070136657,2613,GTSPD,4.17,,698407,14016,81,00,22,,,14,1,0724,0005,0607,4EEF,108.8,99,502.4,-23.408298,-49.780093,310.5,,,,,,,,,,,,,,,,,,,,,,,,,,,,,,,2025-10-13 11:22:31
2025-10-13 11:22:31,2025-10-13 11:06:05,2025-10-13 11:06:05,385349,862689070136657,2612,GTSPD,4.17,,698407,14016,81,00,22,,,14,1,0724,0005,0607,4EEF,114.8,99,479.8,-23.407643,-49.784472,310.1,,,,,,,,,,,,,,,,,,,,,,,,,,,,,,,2025-10-13 11:22:31
2025-10-13 11:22:32,2025-10-13 11:06:37,2025-10-13 11:06:36,385349,862689070136657,2615,GTSPD,4.17,,698407,14016,81,00,22,,,15,1,0724,0005,0607,4EEF,109.8,90,496.5,-23.408055,-49.775073,311.1,,,,,,,,,,,,,,,,,,,,,,,,,,,,,,,2025-10-13 11:22:32
2025-10-13 11:22:32,2025-10-13 11:06:31,2025-10-13 11:06:30,385349,862689070136657,2614,GTSPD,4.17,,698407,14016,81,00,22,,,14,1,0724,0005,0607,4EEF,112.7,78,502.3,-23.408288,-49.776865,310.9,,,,,,,,,,,,,,,,,,,,,,,,,,,,,,,2025-10-13 11:22:32
2025-10-13 11:22:33,2025-10-13 11:09:34,2025-10-13 11:09:33,385349,862689070136657,2619,GTDOG,,,,,,,,,,,,,,,,,,,,,,,,,,,,,,,,,,,,,,,,,,,,,,,,,,,,2025-10-13 11:22:33
2025-10-13 11:22:33,2025-10-13 11:08:39,2025-10-13 11:08:34,385349,862689070136657,2617,GTERI,4.17,00008200,698407,14056,81,00,22,,,13,1,0724,0005,BFF7,0693A706,83.7,130,520.7,-23.421857,-49.750833,314.2,,9,0,2,3,,,,,,,,,,,,,,,,1,110.0,100,493.7,-49.774208,-23.408155,2025-10-13 11:06:39,15,311.2,10,2025-10-13 11:22:33
2025-10-13 11:22:34,2025-10-13 11:10:53,2025-10-13 11:10:53,385349,862689070136657,2621,GTERI,4.17,00008200,698407,14000,81,00,22,,,14,1,0724,0005,BFF7,068FD705,42.7,89,492.8,-23.425578,-49.731645,315.9,,12,0,2,3,,,,,,,,,,,,,,,,1,42.7,89,492.8,-49.731645,-23.425578,2025-10-13 11:10:53,14,315.9,10,2025-10-13 11:22:34
2025-10-13 11:22:34,2025-10-13 11:10:53,2025-10-13 11:10:53,385349,862689070136657,2620,GTRTL,4.17,,698407,14000,81,00,22,,,14,1,0724,0005,BFF7,068FD705,42.7,89,492.8,-23.425578,-49.731645,315.9,,,,,,,,,,,,,,,,,,,,,,,,,,,,,,,2025-10-13 11:22:34
2025-10-13 11:22:35,2025-10-13 11:15:20,2025-10-13 11:15:19,385349,862689070136657,2624,GTIGF,4.17,,698407,12849,80,00,11,931,,13,0,0724,0005,BFF7,068FD706,0.0,141,505.2,-23.426318,-49.722180,317.2,,,,,,,,,,,,,,,,,,,,,,,,,,,,,,,2025-10-13 11:22:35
2025-10-13 11:22:35,2025-10-13 11:13:52,2025-10-13 11:13:47,385349,862689070136657,2623,GTERI,4.17,00008200,698407,14024,81,00,22,,,15,1,0724,0005,BFF7,068FD706,15.0,222,497.6,-23.425778,-49.722367,317.2,,31,0,2,3,,,,,,,,,,,,,,,,1,58.9,87,493.4,-49.728552,-23.425433,2025-10-13 11:11:16,14,316.2,10,2025-10-13 11:22:35
2025-10-13 11:22:36,2025-10-13 11:20:34,2025-10-13 11:20:33,385349,862689070136657,2626,GTDOG,,,,,,,,,,,,,,,,,,,,,,,,,,,,,,,,,,,,,,,,,,,,,,,,,,,,2025-10-13 11:22:36
2025-10-13 11:22:36,2025-10-13 11:15:21,2025-10-13 11:15:20,385349,862689070136657,2625,GTERI,4.17,00008200,698407,12849,80,00,11,,,13,1,0724,0005,BFF7,068FD706,0.0,141,505.2,-23.426318,-49.722180,317.2,,31,0,2,3,,,,,,,,,,,,,,,,1,0.0,141,505.2,-49.722180,-23.426318,2025-10-13 11:15:20,13,317.2,10,2025-10-13 11:22:36
2025-10-13 11:22:37,2025-10-13 11:21:48,2025-10-13 11:21:48,385349,862689070136657,2628,GTERI,4.11,00008200,698407,13018,80,00,11,,,13,1,0724,0005,BFF7,068FD706,0.5,0,491.6,-23.426330,-49.722157,317.2,,21,0,2,3,,,,,,,,,,,,,,,,1,0.5,0,491.6,-49.722157,-23.426330,2025-10-13 11:21:48,13,317.2,10,2025-10-13 11:22:37
2025-10-13 11:22:37,2025-10-13 11:21:48,2025-10-13 11:21:48,385349,862689070136657,2627,GTRTL,4.11,,698407,13018,80,00,11,,,13,1,0724,0005,BFF7,068FD706,0.5,0,491.6,-23.426330,-49.722157,317.2,,,,,,,,,,,,,,,,,,,,,,,,,,,,,,,2025-10-13 11:22:37
2025-10-13 11:38:59,2025-10-13 11:38:58,2025-10-13 11:21:48,385349,862689070136657,2629,GTIGN,4.13,,698407,13099,81,00,21,,1408,13,1,0724,0005,BFF7,068FD706,0.5,0,491.6,-23.426330,-49.722157,317.2,,,,,,,,,,,,,,,,,,,,,,,,,,,,,,,2025-10-13 11:38:59
2025-10-13 11:39:09,2025-10-13 11:39:09,2025-10-13 11:39:08,385349,862689070136657,2631,GTERI,4.13,00008200,698407,13895,81,00,22,,,9,1,0724,0005,BFF7,068FD706,2.9,65,483.1,-23.426262,-49.722158,317.2,,18,0,2,3,,,,,,,,,,,,,,,,1,2.9,65,483.1,-49.722158,-23.426262,2025-10-13 11:39:08,9,317.3,10,2025-10-13 11:39:09
2025-10-13 11:40:43,2025-10-13 11:40:42,2025-10-13 11:40:42,385349,862689070136657,2632,GTIGF,4.18,,698407,13493,80,00,12,104,,15,0,0724,0005,BFF7,068FD704,0.0,90,508.7,-23.428562,-49.720658,317.6,,,,,,,,,,,,,,,,,,,,,,,,,,,,,,,2025-10-13 11:40:43
2025-10-13 11:40:44,2025-10-13 11:40:43,2025-10-13 11:40:43,385349,862689070136657,2633,GTERI,4.18,00008200,698407,12970,80,00,12,,,15,1,0724,0005,BFF7,068FD704,0.0,90,508.7,-23.428562,-49.720658,317.6,,26,0,2,3,,,,,,,,,,,,,,,,1,0.0,90,508.7,-49.720658,-23.428562,2025-10-13 11:40:43,15,317.6,10,2025-10-13 11:40:44
2025-10-13 12:03:03,2025-10-13 12:03:02,2025-10-13 11:40:43,385349,862689070136657,2634,GTIGN,4.12,,698407,13066,81,00,21,,1340,15,1,0724,0005,BFF7,068FD705,0.0,90,508.7,-23.428562,-49.720658,317.6,,,,,,,,,,,,,,,,,,,,,,,,,,,,,,,2025-10-13 12:03:03
2025-10-13 12:03:13,2025-10-13 12:03:13,2025-10-13 12:03:12,385349,862689070136657,2636,GTERI,4.12,00008200,698407,13895,81,00,21,,,7,1,0724,0005,BFF7,068FD705,1.3,240,507.1,-23.428600,-49.720673,317.6,,27,0,2,3,,,,,,,,,,,,,,,,1,1.3,240,507.1,-49.720673,-23.428600,2025-10-13 12:03:12,7,317.6,10,2025-10-13 12:03:13
2025-10-13 12:04:59,2025-10-13 12:04:59,2025-10-13 12:04:59,385349,862689070136657,2638,GTERI,4.18,00008200,698407,12946,80,00,12,,,12,1,0724,0005,BFF7,068FD705,0.0,309,510.0,-23.429620,-49.722390,317.9,,30,0,2,3,,,,,,,,,,,,,,,,1,0.0,309,510.0,-49.722390,-23.429620,2025-10-13 12:04:59,12,317.9,10,2025-10-13 12:04:59
2025-10-13 12:04:59,2025-10-13 12:04:58,2025-10-13 12:04:58,385349,862689070136657,2637,GTIGF,4.18,,698407,13927,80,00,12,116,,12,0,0724,0005,BFF7,068FD705,0.0,309,510.0,-23.429620,-49.722390,317.9,,,,,,,,,,,,,,,,,,,,,,,,,,,,,,,2025-10-13 12:04:59
2025-10-13 12:05:05,2025-10-13 12:05:05,,385349,862689070136657,2639,GTCRA,,,,,,,,,,,,,,,,,,,,,,,,,,,,,,,,,,,,,,,,,,,,,,,,,,,,2025-10-13 12:05:05
2025-10-13 12:05:06,2025-10-13 12:05:05,,385349,862689070136657,2642,GTCRD,,,,,,,,,,,,,,,,,,,,,,,,,,,,,,,,,,,,,,,,,,,,,,,,,,,,2025-10-13 12:05:06
2025-10-13 12:05:06,2025-10-13 12:05:05,,385349,862689070136657,2641,GTCRD,,,,,,,,,,,,,,,,,,,,,,,,,,,,,,,,,,,,,,,,,,,,,,,,,,,,2025-10-13 12:05:06
2025-10-13 12:05:06,2025-10-13 12:05:05,,385349,862689070136657,2640,GTCRD,,,,,,,,,,,,,,,,,,,,,,,,,,,,,,,,,,,,,,,,,,,,,,,,,,,,2025-10-13 12:05:06
2025-10-13 12:05:07,2025-10-13 12:05:05,,385349,862689070136657,2644,GTCRD,,,,,,,,,,,,,,,,,,,,,,,,,,,,,,,,,,,,,,,,,,,,,,,,,,,,2025-10-13 12:05:07
2025-10-13 12:05:07,2025-10-13 12:05:05,,385349,862689070136657,2643,GTCRD,,,,,,,,,,,,,,,,,,,,,,,,,,,,,,,,,,,,,,,,,,,,,,,,,,,,2025-10-13 12:05:07
2025-10-13 12:05:08,2025-10-13 12:05:05,,385349,862689070136657,2646,GTCRD,,,,,,,,,,,,,,,,,,,,,,,,,,,,,,,,,,,,,,,,,,,,,,,,,,,,2025-10-13 12:05:08
2025-10-13 12:05:08,2025-10-13 12:05:05,,385349,862689070136657,2645,GTCRD,,,,,,,,,,,,,,,,,,,,,,,,,,,,,,,,,,,,,,,,,,,,,,,,,,,,2025-10-13 12:05:08
2025-10-13 12:05:09,2025-10-13 12:05:05,,385349,862689070136657,2648,GTCRD,,,,,,,,,,,,,,,,,,,,,,,,,,,,,,,,,,,,,,,,,,,,,,,,,,,,2025-10-13 12:05:09
2025-10-13 12:05:09,2025-10-13 12:05:05,,385349,862689070136657,2647,GTCRD,,,,,,,,,,,,,,,,,,,,,,,,,,,,,,,,,,,,,,,,,,,,,,,,,,,,2025-10-13 12:05:09
2025-10-13 12:05:10,2025-10-13 12:05:05,,385349,862689070136657,2650,GTCRD,,,,,,,,,,,,,,,,,,,,,,,,,,,,,,,,,,,,,,,,,,,,,,,,,,,,2025-10-13 12:05:10
2025-10-13 12:05:10,2025-10-13 12:05:05,,385349,862689070136657,2649,GTCRD,,,,,,,,,,,,,,,,,,,,,,,,,,,,,,,,,,,,,,,,,,,,,,,,,,,,2025-10-13 12:05:10
2025-10-13 12:05:11,2025-10-13 12:05:05,,385349,862689070136657,2651,GTCRD,,,,,,,,,,,,,,,,,,,,,,,,,,,,,,,,,,,,,,,,,,,,,,,,,,,,2025-10-13 12:05:11
2025-10-13 12:05:12,2025-10-13 12:05:05,,385349,862689070136657,2653,GTCRD,,,,,,,,,,,,,,,,,,,,,,,,,,,,,,,,,,,,,,,,,,,,,,,,,,,,2025-10-13 12:05:12
2025-10-13 12:05:12,2025-10-13 12:05:05,,385349,862689070136657,2652,GTCRD,,,,,,,,,,,,,,,,,,,,,,,,,,,,,,,,,,,,,,,,,,,,,,,,,,,,2025-10-13 12:05:12
2025-10-13 12:05:13,2025-10-13 12:05:09,,385349,862689070136657,2655,GTCRD,,,,,,,,,,,,,,,,,,,,,,,,,,,,,,,,,,,,,,,,,,,,,,,,,,,,2025-10-13 12:05:13
2025-10-13 12:05:13,2025-10-13 12:05:05,,385349,862689070136657,2654,GTCRD,,,,,,,,,,,,,,,,,,,,,,,,,,,,,,,,,,,,,,,,,,,,,,,,,,,,2025-10-13 12:05:13
2025-10-13 12:05:14,2025-10-13 12:05:09,,385349,862689070136657,2657,GTCRD,,,,,,,,,,,,,,,,,,,,,,,,,,,,,,,,,,,,,,,,,,,,,,,,,,,,2025-10-13 12:05:14
2025-10-13 12:05:14,2025-10-13 12:05:09,,385349,862689070136657,2656,GTCRD,,,,,,,,,,,,,,,,,,,,,,,,,,,,,,,,,,,,,,,,,,,,,,,,,,,,2025-10-13 12:05:14
2025-10-13 12:05:15,2025-10-13 12:05:09,,385349,862689070136657,2659,GTCRD,,,,,,,,,,,,,,,,,,,,,,,,,,,,,,,,,,,,,,,,,,,,,,,,,,,,2025-10-13 12:05:15
2025-10-13 12:05:15,2025-10-13 12:05:09,,385349,862689070136657,2658,GTCRD,,,,,,,,,,,,,,,,,,,,,,,,,,,,,,,,,,,,,,,,,,,,,,,,,,,,2025-10-13 12:05:15
2025-10-13 12:05:16,2025-10-13 12:05:09,,385349,862689070136657,2661,GTCRD,,,,,,,,,,,,,,,,,,,,,,,,,,,,,,,,,,,,,,,,,,,,,,,,,,,,2025-10-13 12:05:16
2025-10-13 12:05:16,2025-10-13 12:05:09,,385349,862689070136657,2660,GTCRD,,,,,,,,,,,,,,,,,,,,,,,,,,,,,,,,,,,,,,,,,,,,,,,,,,,,2025-10-13 12:05:16
2025-10-13 12:05:17,2025-10-13 12:05:09,,385349,862689070136657,2663,GTCRD,,,,,,,,,,,,,,,,,,,,,,,,,,,,,,,,,,,,,,,,,,,,,,,,,,,,2025-10-13 12:05:17
2025-10-13 12:05:17,2025-10-13 12:05:09,,385349,862689070136657,2662,GTCRD,,,,,,,,,,,,,,,,,,,,,,,,,,,,,,,,,,,,,,,,,,,,,,,,,,,,2025-10-13 12:05:17
2025-10-13 12:05:18,2025-10-13 12:05:09,,385349,862689070136657,2665,GTCRD,,,,,,,,,,,,,,,,,,,,,,,,,,,,,,,,,,,,,,,,,,,,,,,,,,,,2025-10-13 12:05:18
2025-10-13 12:05:18,2025-10-13 12:05:09,,385349,862689070136657,2664,GTCRD,,,,,,,,,,,,,,,,,,,,,,,,,,,,,,,,,,,,,,,,,,,,,,,,,,,,2025-10-13 12:05:18
2025-10-13 12:05:19,2025-10-13 12:05:09,,385349,862689070136657,2667,GTCRD,,,,,,,,,,,,,,,,,,,,,,,,,,,,,,,,,,,,,,,,,,,,,,,,,,,,2025-10-13 12:05:19
2025-10-13 12:05:19,2025-10-13 12:05:09,,385349,862689070136657,2666,GTCRD,,,,,,,,,,,,,,,,,,,,,,,,,,,,,,,,,,,,,,,,,,,,,,,,,,,,2025-10-13 12:05:19
2025-10-13 12:05:20,2025-10-13 12:05:09,,385349,862689070136657,2669,GTCRD,,,,,,,,,,,,,,,,,,,,,,,,,,,,,,,,,,,,,,,,,,,,,,,,,,,,2025-10-13 12:05:20
2025-10-13 12:05:20,2025-10-13 12:05:09,,385349,862689070136657,2668,GTCRD,,,,,,,,,,,,,,,,,,,,,,,,,,,,,,,,,,,,,,,,,,,,,,,,,,,,2025-10-13 12:05:20
2025-10-13 12:57:03,2025-10-13 12:57:02,2025-10-13 12:05:10,385349,862689070136657,2670,GTIGN,4.10,,698407,12817,81,00,21,,3124,13,1,0724,0005,BFF7,068FD705,0.0,309,510.0,-23.429620,-49.722390,317.9,,,,,,,,,,,,,,,,,,,,,,,,,,,,,,,2025-10-13 12:57:03
2025-10-13 12:57:19,2025-10-13 12:57:19,2025-10-13 12:57:19,385349,862689070136657,2672,GTERI,4.11,00008200,698407,13935,81,00,21,,,8,1,0724,0005,BFF7,068FD705,1.3,209,509.2,-23.429658,-49.722360,317.9,,23,0,2,3,,,,,,,,,,,,,,,,1,1.3,209,509.2,-49.722360,-23.429658,2025-10-13 12:57:19,8,317.9,10,2025-10-13 12:57:19
2025-10-13 13:00:17,2025-10-13 13:00:16,2025-10-13 13:00:12,385349,862689070136657,2674,GTERI,4.18,00008200,698407,13984,81,00,22,,,15,1,0724,0005,BFF7,068FD705,20.2,233,526.8,-23.435138,-49.728553,318.9,,20,0,2,3,,,,,,,,,,,,,,,,1,44.5,234,527.5,-49.727937,-23.434745,2025-10-13 12:59:59,14,318.9,10,2025-10-13 13:00:17
2025-10-13 13:00:35,2025-10-13 13:00:35,,385349,862689070136657,2675,GTASC,,,,,,,,,,,,,,,,,,,,,,,,,,,,,,,,,,,,,,,,,,,,,,,,,,,,2025-10-13 13:00:35
2025-10-13 13:03:17,2025-10-13 13:03:16,2025-10-13 13:03:12,385349,862689070136657,2678,GTERI,4.18,00008200,698407,13959,81,00,22,,,14,1,0724,0005,BFF7,068FD705,80.3,237,511.0,-23.452263,-49.755227,322.4,,6,0,2,3,,,,,,,,,,,,,,,,1,98.3,234,514.6,-49.735650,-23.439737,2025-10-13 13:01:20,14,319.9,10,2025-10-13 13:03:17
2025-10-13 13:06:28,2025-10-13 13:06:17,2025-10-13 13:06:12,385349,862689070136657,2680,GTERI,4.18,00008200,698407,13984,81,00,21,,,16,1,0724,0005,BFF7,0693A706,0.0,169,598.1,-23.466582,-49.768950,324.5,,12,0,2,3,,,,,,,,,,,,,,,,1,82.8,236,502.7,-49.757000,-23.453412,2025-10-13 13:03:22,15,322.5,10,2025-10-13 13:06:28
2025-10-13 13:14:00,2025-10-13 13:09:17,2025-10-13 13:09:12,385349,862689070136657,2683,GTERI,4.18,00008200,698407,13992,81,00,22,,,17,1,0724,0005,BFF7,068FD705,79.6,238,688.4,-23.474503,-49.788768,327.2,,7,0,2,3,,,,,,,,,,,,,,,,1,80.0,239,688.9,-49.788960,-23.474603,2025-10-13 13:09:13,16,327.2,10,2025-10-13 13:14:00
2025-10-13 13:14:01,2025-10-13 13:12:16,2025-10-13 13:12:12,385349,862689070136657,2685,GTERI,4.18,00008200,698407,14016,81,00,22,,,17,1,0724,0005,BFF7,0690C909,79.8,275,669.2,-23.490628,-49.822723,331.2,,15,0,2,28,,,,,,,,,,,,,,,,1,87.6,238,665.9,-49.805377,-23.483760,2025-10-13 13:10:42,17,329.2,10,2025-10-13 13:14:01
2025-10-13 13:15:17,2025-10-13 13:15:17,2025-10-13 13:15:12,385349,862689070136657,2687,GTERI,4.19,00008200,698407,14016,81,00,22,,,16,1,0724,0005,BFF7,0690C908,76.9,290,629.3,-23.489480,-49.851948,334.4,,13,0,2,28,,,,,,,,,,,,,,,,1,81.8,289,627.5,-49.849930,-23.490158,2025-10-13 13:15:02,13,334.1,10,2025-10-13 13:15:17
2025-10-13 13:18:17,2025-10-13 13:18:16,2025-10-13 13:18:12,385349,862689070136657,2690,GTERI,4.19,00008200,698407,14024,81,00,22,,,17,1,0724,0005,BFF7,0690C908,78.0,237,596.9,-23.491078,-49.888033,338.4,,7,0,2,28,,,,,,,,,,,,,,,,1,89.9,279,603.6,-49.882325,-23.490375,2025-10-13 13:17:44,15,337.7,10,2025-10-13 13:18:17
2025-10-13 13:21:17,2025-10-13 13:21:16,2025-10-13 13:21:12,385349,862689070136657,2692,GTERI,4.19,00008200,698407,14008,81,00,22,,,16,1,0724,0005,BFF7,068FF106,33.7,251,661.2,-23.497432,-49.921202,341.8,,15,0,2,3,,,,,,,,,,,,,,,,1,103.4,266,649.3,-49.895417,-23.492588,2025-10-13 13:18:46,18,339.1,10,2025-10-13 13:21:17
2025-10-13 13:24:17,2025-10-13 13:24:17,2025-10-13 13:24:12,385349,862689070136657,2695,GTERI,4.18,00008200,698407,12881,81,00,22,,,16,1,0724,0005,BFF7,068FF106,0.0,265,643.9,-23.498127,-49.923715,342.0,,19,0,2,3,,,,,,,,,,,,,,,,1,25.9,256,639.0,-49.923365,-23.498032,2025-10-13 13:23:12,17,342.0,10,2025-10-13 13:24:17
2025-10-13 13:25:05,2025-10-13 13:25:05,2025-10-13 13:25:05,385349,862689070136657,2697,GTERI,4.18,00008200,698407,12962,80,00,11,,,12,1,0724,0005,BFF7,068FF106,0.0,265,643.9,-23.498127,-49.923715,342.0,,25,0,2,3,,,,,,,,,,,,,,,,1,0.0,265,643.9,-49.923715,-23.498127,2025-10-13 13:25:05,12,342.0,10,2025-10-13 13:25:05
2025-10-13 13:25:05,2025-10-13 13:25:04,2025-10-13 13:25:04,385349,862689070136657,2696,GTIGF,4.18,,698407,12873,80,00,11,1682,,12,0,0724,0005,BFF7,068FF106,0.0,265,643.9,-23.498127,-49.923715,342.0,,,,,,,,,,,,,,,,,,,,,,,,,,,,,,,2025-10-13 13:25:05
2025-10-13 14:02:35,2025-10-13 14:02:34,2025-10-13 13:25:05,385349,862689070136657,2698,GTIGN,4.15,,698407,13107,81,00,21,,2250,12,1,0724,0005,BFF7,068FF106,0.0,265,643.9,-23.498127,-49.923715,342.0,,,,,,,,,,,,,,,,,,,,,,,,,,,,,,,2025-10-13 14:02:35
2025-10-13 14:02:53,2025-10-13 14:02:53,2025-10-13 14:02:53,385349,862689070136657,2700,GTERI,4.15,00008200,698407,13984,81,00,22,,,10,1,0724,0005,BFF7,068FF106,4.3,239,634.7,-23.498228,-49.923822,342.0,,20,0,2,3,,,,,,,,,,,,,,,,1,4.3,239,634.7,-49.923822,-23.498228,2025-10-13 14:02:53,10,342.0,10,2025-10-13 14:02:53
2025-10-13 14:05:43,2025-10-13 14:05:43,2025-10-13 14:05:43,385349,862689070136657,2703,GTERI,4.19,00008200,698407,12777,80,00,11,,,12,1,0724,0005,BFF7,068FF106,0.0,72,617.3,-23.499713,-49.924618,342.4,,19,0,2,3,,,,,,,,,,,,,,,,1,0.0,72,617.3,-49.924618,-23.499713,2025-10-13 14:05:43,12,342.4,10,2025-10-13 14:05:43
2025-10-13 14:05:43,2025-10-13 14:05:42,2025-10-13 14:05:42,385349,862689070136657,2702,GTIGF,4.19,,698407,12777,80,00,11,188,,12,0,0724,0005,BFF7,068FF106,0.0,72,617.3,-23.499713,-49.924618,342.4,,,,,,,,,,,,,,,,,,,,,,,,,,,,,,,2025-10-13 14:05:43
2025-10-13 14:09:51,2025-10-13 14:09:50,2025-10-13 14:05:43,385349,862689070136657,2704,GTIGN,4.15,,698407,12841,81,00,22,,248,12,1,0724,0005,BFF7,068FF106,0.0,72,617.3,-23.499713,-49.924618,342.4,,,,,,,,,,,,,,,,,,,,,,,,,,,,,,,2025-10-13 14:09:51
2025-10-13 14:10:00,2025-10-13 14:10:00,2025-10-13 14:10:00,385349,862689070136657,2706,GTERI,4.15,00008200,698407,13967,81,00,22,,,5,1,0724,0005,BFF7,068FF106,1.8,125,617.3,-23.499350,-49.924642,342.4,,17,0,2,3,,,,,,,,,,,,,,,,1,1.8,125,617.3,-49.924642,-23.499350,2025-10-13 14:10:00,5,342.4,10,2025-10-13 14:10:00
2025-10-13 14:10:47,2025-10-13 14:10:47,2025-10-13 14:10:47,385349,862689070136657,2708,GTERI,4.17,00008200,698407,13002,80,00,12,,,10,1,0724,0005,BFF7,068FF106,0.0,186,617.2,-23.500542,-49.924087,342.5,,22,0,2,3,,,,,,,,,,,,,,,,1,0.0,186,617.2,-49.924087,-23.500542,2025-10-13 14:10:47,10,342.5,10,2025-10-13 14:10:47
2025-10-13 14:10:47,2025-10-13 14:10:46,2025-10-13 14:10:46,385349,862689070136657,2707,GTIGF,4.17,,698407,13742,80,00,12,56,,10,0,0724,0005,BFF7,068FF106,0.0,186,617.2,-23.500542,-49.924087,342.5,,,,,,,,,,,,,,,,,,,,,,,,,,,,,,,2025-10-13 14:10:47
2025-10-13 14:12:49,2025-10-13 14:12:49,2025-10-13 14:10:47,385349,862689070136657,2709,GTIGN,4.15,,698407,12849,81,00,22,,123,10,1,0724,0005,BFF7,068FF106,0.0,186,617.2,-23.500542,-49.924087,342.5,,,,,,,,,,,,,,,,,,,,,,,,,,,,,,,2025-10-13 14:12:49
2025-10-13 14:13:02,2025-10-13 14:13:02,2025-10-13 14:13:01,385349,862689070136657,2711,GTERI,4.16,00008200,698407,13943,81,00,22,,,9,1,0724,0005,BFF7,068FF106,5.5,312,616.2,-23.500417,-49.924187,342.5,,22,0,2,3,,,,,,,,,,,,,,,,1,5.5,312,616.2,-49.924187,-23.500417,2025-10-13 14:13:01,9,342.5,10,2025-10-13 14:13:02
2025-10-13 14:16:02,2025-10-13 14:16:01,2025-10-13 14:15:57,385349,862689070136657,2713,GTERI,4.19,00008200,698407,12825,81,00,22,,,8,1,0724,0005,BFF7,068FF106,0.0,2,614.0,-23.496545,-49.926497,343.1,,20,0,2,3,,,,,,,,,,,,,,,,1,35.1,341,617.0,-49.925783,-23.498830,2025-10-13 14:14:34,11,342.8,10,2025-10-13 14:16:02
2025-10-13 14:16:29,2025-10-13 14:16:29,2025-10-13 14:16:29,385349,862689070136657,2715,GTERI,4.19,00008200,698407,12809,80,00,12,,,11,1,0724,0005,BFF7,068FF106,0.0,2,614.0,-23.496545,-49.926497,343.1,,19,0,2,3,,,,,,,,,,,,,,,,1,0.0,2,614.0,-49.926497,-23.496545,2025-10-13 14:16:29,11,343.1,10,2025-10-13 14:16:29
2025-10-13 14:16:29,2025-10-13 14:16:28,2025-10-13 14:16:28,385349,862689070136657,2714,GTIGF,4.19,,698407,12809,80,00,12,219,,11,0,0724,0005,BFF7,068FF106,0.0,2,614.0,-23.496545,-49.926497,343.1,,,,,,,,,,,,,,,,,,,,,,,,,,,,,,,2025-10-13 14:16:29
2025-10-13 14:38:01,2025-10-13 14:38:00,2025-10-13 14:16:29,385349,862689070136657,2716,GTIGN,4.15,,698407,13074,81,00,21,,1292,11,1,0724,0005,BFF7,068FF106,0.0,2,614.0,-23.496545,-49.926497,343.1,,,,,,,,,,,,,,,,,,,,,,,,,,,,,,,2025-10-13 14:38:01
2025-10-13 14:38:12,2025-10-13 14:38:12,2025-10-13 14:38:12,385349,862689070136657,2718,GTERI,4.15,00008200,698407,13976,81,00,21,,,6,1,0724,0005,BFF7,068FF106,4.8,26,597.4,-23.496378,-49.926478,343.1,,16,0,2,3,,,,,,,,,,,,,,,,1,4.8,26,597.4,-49.926478,-23.496378,2025-10-13 14:38:12,6,343.1,10,2025-10-13 14:38:12
2025-10-13 14:40:12,2025-10-13 14:40:12,2025-10-13 14:40:12,385349,862689070136657,2720,GTSPD,4.19,,698407,14000,81,00,22,,,12,1,0724,0005,BFF7,068FF106,110.4,292,584.1,-23.488098,-49.937408,344.5,,,,,,,,,,,,,,,,,,,,,,,,,,,,,,,2025-10-13 14:40:12
2025-10-13 14:40:33,2025-10-13 14:40:31,2025-10-13 14:40:31,385349,862689070136657,2721,GTSPD,4.19,,698407,14000,81,00,22,,,11,1,0724,0005,BFF7,068FF106,108.9,256,535.7,-23.487070,-49.942960,345.1,,,,,,,,,,,,,,,,,,,,,,,,,,,,,,,2025-10-13 14:40:33
2025-10-13 14:40:38,2025-10-13 14:40:38,2025-10-13 14:40:38,385349,862689070136657,2722,GTSPD,4.19,,698407,13967,81,00,22,,,12,1,0724,0005,BFF7,068FF106,112.2,265,520.6,-23.487453,-49.945043,345.3,,,,,,,,,,,,,,,,,,,,,,,,,,,,,,,2025-10-13 14:40:38
2025-10-13 14:40:41,2025-10-13 14:40:41,2025-10-13 14:40:41,385349,862689070136657,2723,GTSPD,4.19,,698407,13992,81,00,22,,,13,1,0724,0005,BFF7,068FF106,108.1,283,513.8,-23.487262,-49.945918,345.4,,,,,,,,,,,,,,,,,,,,,,,,,,,,,,,2025-10-13 14:40:41
2025-10-13 14:40:56,2025-10-13 14:40:56,2025-10-13 14:40:56,385349,862689070136657,2724,GTSPD,4.19,,698407,14000,81,00,22,,,10,1,0724,0005,BFF7,068FF106,111.3,318,495.8,-23.484382,-49.948967,345.8,,,,,,,,,,,,,,,,,,,,,,,,,,,,,,,2025-10-13 14:40:56
2025-10-13 14:41:04,2025-10-13 14:41:03,2025-10-13 14:41:03,385349,862689070136657,2725,GTSPD,4.19,,698407,14000,81,00,22,,,13,1,0724,0005,BFF7,068FF106,109.2,325,495.2,-23.482887,-49.950275,346.0,,,,,,,,,,,,,,,,,,,,,,,,,,,,,,,2025-10-13 14:41:04
2025-10-13 14:41:12,2025-10-13 14:41:11,2025-10-13 14:41:07,385349,862689070136657,2726,GTERI,4.19,00008200,698407,13992,81,00,22,,,12,1,0724,0005,BFF7,068FF106,108.2,333,494.8,-23.481907,-49.950862,346.3,,9,0,2,3,,,,,,,,,,,,,,,,1,109.7,329,496.3,-49.950583,-23.482405,2025-10-13 14:41:05,12,346.1,10,2025-10-13 14:41:12
2025-10-13 14:41:32,2025-10-13 14:41:29,2025-10-13 14:41:29,385349,862689070136657,2727,GTSPD,4.19,,698407,14000,81,00,22,,,13,1,0724,0005,BFF7,068FF106,110.9,308,493.2,-23.476872,-49.954175,346.8,,,,,,,,,,,,,,,,,,,,,,,,,,,,,,,2025-10-13 14:41:32
2025-10-13 14:41:34,2025-10-13 14:41:34,2025-10-13 14:41:34,385349,862689070136657,2728,GTSPD,4.19,,698407,13992,81,00,22,,,12,1,0724,0005,BFF7,068FF106,108.8,300,495.9,-23.476110,-49.955412,347.0,,,,,,,,,,,,,,,,,,,,,,,,,,,,,,,2025-10-13 14:41:34
2025-10-13 14:42:16,2025-10-13 14:42:09,2025-10-13 14:42:09,385349,862689070136657,2730,GTSPD,4.19,,698407,14008,81,00,22,,,13,1,0724,0005,BFF7,068FF106,111.9,288,527.2,-23.475287,-49.965707,348.0,,,,,,,,,,,,,,,,,,,,,,,,,,,,,,,2025-10-13 14:42:16
2025-10-13 14:42:17,2025-10-13 14:42:09,2025-10-13 14:42:09,385349,862689070136657,2730,GTSPD,4.19,,698407,14008,81,00,22,,,13,1,0724,0005,BFF7,068FF106,111.9,288,527.2,-23.475287,-49.965707,348.0,,,,,,,,,,,,,,,,,,,,,,,,,,,,,,,2025-10-13 14:42:17
2025-10-13 14:42:19,2025-10-13 14:42:16,2025-10-13 14:42:16,385349,862689070136657,2731,GTSPD,4.19,,698407,13984,81,00,22,,,12,1,0724,0005,BFF7,068FF106,108.5,302,530.2,-23.474397,-49.967545,348.3,,,,,,,,,,,,,,,,,,,,,,,,,,,,,,,2025-10-13 14:42:19
2025-10-13 14:52:11,2025-10-13 14:42:33,2025-10-13 14:42:33,385349,862689070136657,2733,GTSPD,4.19,,698407,13976,81,00,22,,,13,1,0724,0005,BFF7,068FF106,109.8,304,521.3,-23.471733,-49.971733,348.8,,,,,,,,,,,,,,,,,,,,,,,,,,,,,,,2025-10-13 14:52:11
2025-10-13 14:52:11,2025-10-13 14:42:20,2025-10-13 14:42:20,385349,862689070136657,2732,GTSPD,4.19,,698407,13919,81,00,22,,,12,1,0724,0005,BFF7,068FF106,115.0,302,530.3,-23.473743,-49.968593,348.4,,,,,,,,,,,,,,,,,,,,,,,,,,,,,,,2025-10-13 14:52:11
2025-10-13 14:52:12,2025-10-13 14:42:49,2025-10-13 14:42:49,385349,862689070136657,2734,GTSPD,4.19,,698407,13976,81,00,22,,,13,1,0724,0005,BFF7,068FF106,110.2,304,515.9,-23.469225,-49.975613,349.3,,,,,,,,,,,,,,,,,,,,,,,,,,,,,,,2025-10-13 14:52:12
2025-10-13 14:52:15,2025-10-13 14:43:44,2025-10-13 14:43:44,385349,862689070136657,2736,GTSPD,4.19,,698407,14000,81,00,22,,,11,1,0724,0006,C4A7,07A5AC15,110.6,291,552.2,-23.461097,-49.989248,350.9,,,,,,,,,,,,,,,,,,,,,,,,,,,,,,,2025-10-13 14:52:15
2025-10-13 14:52:15,2025-10-13 14:43:06,2025-10-13 14:43:06,385349,862689070136657,2735,GTSPD,4.19,,698407,13976,81,00,22,,,12,1,0724,0005,BFF7,068FF106,109.8,305,515.7,-23.466558,-49.979810,349.8,,,,,,,,,,,,,,,,,,,,,,,,,,,,,,,2025-10-13 14:52:15
2025-10-13 14:52:16,2025-10-13 14:43:50,2025-10-13 14:43:50,385349,862689070136657,2737,GTSPD,4.19,,698407,14016,81,00,22,,,11,1,0724,0006,C4A7,07A5AC15,109.2,291,550.3,-23.460498,-49.990928,351.1,,,,,,,,,,,,,,,,,,,,,,,,,,,,,,,2025-10-13 14:52:16
2025-10-13 14:52:17,2025-10-13 14:44:11,2025-10-13 14:44:07,385349,862689070136657,2739,GTERI,4.19,00008200,698407,14024,81,00,22,,,14,1,0724,0006,C4A7,07A5AC15,96.5,292,554.3,-23.458740,-49.995467,351.7,,7,0,2,3,,,,,,,,,,,,,,,,1,109.8,292,549.5,-49.991735,-23.460192,2025-10-13 14:43:53,11,351.2,10,2025-10-13 14:52:17
2025-10-13 14:52:48,2025-10-13 14:47:11,2025-10-13 14:47:07,385349,862689070136657,2740,GTERI,4.19,00008200,698407,13992,81,00,22,,,17,1,0724,0005,0607,4ECA,98.6,325,521.4,-23.425100,-50.022852,356.5,,18,0,0,0,,,,,,,,,,,,,,,,1,111.2,326,521.0,-50.004503,-23.449978,2025-10-13 14:45:06,11,353.0,10,2025-10-13 14:52:48
2025-10-13 14:52:48,2025-10-13 14:47:11,2025-10-13 14:47:07,385349,862689070136657,2740,GTERI,4.19,00008200,698407,13992,81,00,22,,,17,1,0724,0005,0607,4ECA,98.6,325,521.4,-23.425100,-50.022852,356.5,,18,0,0,0,,,,,,,,,,,,,,,,1,111.2,326,521.0,-50.004503,-23.449978,2025-10-13 14:45:06,11,353.0,10,2025-10-13 14:52:48
2025-10-13 14:52:49,2025-10-13 14:50:11,2025-10-13 14:50:07,385349,862689070136657,2744,GTERI,4.19,00008200,698407,14008,81,00,22,,,17,1,0724,0005,4DE7,8CA2,105.1,338,530.1,-23.391232,-50.042483,360.8,,7,0,1,1800,,,,,,,,,,,,,,,,1,107.3,339,530.4,-50.042593,-23.390973,2025-10-13 14:50:08,17,360.8,10,2025-10-13 14:52:49
2025-10-13 14:52:49,2025-10-13 14:49:34,2025-10-13 14:49:34,385349,862689070136657,2743,GTSPD,4.19,,698407,14008,81,00,22,,,17,1,0724,0005,BFF7,0690B909,104.7,338,519.0,-23.396803,-50.040330,360.0,,,,,,,,,,,,,,,,,,,,,,,,,,,,,,,2025-10-13 14:52:49
2025-10-13 14:52:49,2025-10-13 14:49:23,2025-10-13 14:49:23,385349,862689070136657,2742,GTSPD,4.19,,698407,14024,81,00,22,,,15,1,0724,0005,BFF7,0690B909,116.9,329,525.4,-23.399640,-50.038713,359.7,,,,,,,,,,,,,,,,,,,,,,,,,,,,,,,2025-10-13 14:52:49
2025-10-13 14:52:50,2025-10-13 14:52:38,2025-10-13 14:52:37,385349,862689070136657,2747,GTRTL,4.19,,698407,13992,81,00,22,,,13,1,0724,0005,BFF7,0690350A,61.9,344,508.0,-23.377067,-50.062410,363.1,,,,,,,,,,,,,,,,,,,,,,,,,,,,,,,2025-10-13 14:52:50
2025-10-13 14:52:50,2025-10-13 14:51:21,2025-10-13 14:51:21,385349,862689070136657,2745,GTDOG,,,,,,,,,,,,,,,,,,,,,,,,,,,,,,,,,,,,,,,,,,,,,,,,,,,,2025-10-13 14:52:50
2025-10-13 14:52:51,2025-10-13 14:52:38,2025-10-13 14:52:37,385349,862689070136657,2748,GTERI,4.19,00008200,698407,13992,81,00,22,,,13,1,0724,0005,BFF7,0690350A,61.9,344,508.0,-23.377067,-50.062410,363.1,,13,0,2,28,,,,,,,,,,,,,,,,1,61.9,344,508.0,-50.062410,-23.377067,2025-10-13 14:52:37,13,363.1,10,2025-10-13 14:52:51
2025-10-13 14:55:23,2025-10-13 14:55:24,2025-10-13 14:55:23,385349,862689070136657,2750,GTIGF,4.17,,698407,13935,80,00,12,1031,,13,0,0724,0006,C4A7,07A75A34,0.0,16,521.0,-23.358448,-50.062392,365.2,,,,,,,,,,,,,,,,,,,,,,,,,,,,,,,2025-10-13 14:55:23
2025-10-13 14:55:24,2025-10-13 14:55:25,2025-10-13 14:55:24,385349,862689070136657,2751,GTERI,4.17,00008200,698407,12930,80,00,12,,,14,1,0724,0006,C4A7,07A75A34,0.0,16,521.0,-23.358448,-50.062392,365.2,,14,0,2,28,,,,,,,,,,,,,,,,1,0.0,16,521.0,-50.062392,-23.358448,2025-10-13 14:55:24,14,365.2,10,2025-10-13 14:55:24
2025-10-13 15:00:45,2025-10-13 15:00:46,2025-10-13 14:55:24,385349,862689070136657,2752,GTIGN,4.16,,698407,12881,81,00,22,,322,14,1,0724,0006,C4A7,07A75A34,0.0,16,521.0,-23.358448,-50.062392,365.2,,,,,,,,,,,,,,,,,,,,,,,,,,,,,,,2025-10-13 15:00:45
2025-10-13 15:01:03,2025-10-13 15:01:04,2025-10-13 15:01:02,385349,862689070136657,2754,GTERI,4.16,00008200,698407,13984,81,00,22,,,9,1,0724,0006,C4A7,07A75A34,8.4,18,515.0,-23.358405,-50.062280,365.2,,14,0,2,28,,,,,,,,,,,,,,,,1,8.4,18,515.0,-50.062280,-23.358405,2025-10-13 15:01:02,9,365.2,10,2025-10-13 15:01:03
2025-10-13 15:04:01,2025-10-13 15:04:01,2025-10-13 15:03:55,385349,862689070136657,2756,GTERI,4.19,00008200,698407,14024,81,00,22,,,15,1,0724,0006,C4A7,07A5EC15,71.7,6,488.3,-23.339398,-50.067392,367.6,,11,0,2,3,,,,,,,,,,,,,,,,1,72.4,334,500.0,-50.066787,-23.345583,2025-10-13 15:03:19,17,366.8,10,2025-10-13 15:04:01
2025-10-13 15:07:00,2025-10-13 15:07:01,2025-10-13 15:06:55,385349,862689070136657,2759,GTERI,4.17,00008200,698407,14008,81,00,22,,,16,1,0724,0006,C4A7,07A5C617,54.1,353,465.5,-23.310825,-50.070148,370.8,,23,0,2,3,,,,,,,,,,,,,,,,1,80.4,349,463.7,-50.068628,-23.317927,2025-10-13 15:06:11,15,370.0,10,2025-10-13 15:07:00
2025-10-13 15:10:00,2025-10-13 15:10:01,2025-10-13 15:09:55,385349,862689070136657,2761,GTERI,4.17,00008200,698407,14040,81,00,22,,,17,1,0724,0006,C4A7,07A5C616,51.9,50,501.3,-23.293937,-50.063958,372.9,,27,0,2,3,,,,,,,,,,,,,,,,1,97.5,359,494.1,-50.070138,-23.306353,2025-10-13 15:07:24,17,371.3,10,2025-10-13 15:10:00
2025-10-13 15:13:00,2025-10-13 15:13:01,2025-10-13 15:12:55,385349,862689070136657,2764,GTERI,4.17,00008200,698407,13976,81,00,21,,,17,1,0724,0006,C4A7,07A5C616,0.0,32,504.8,-23.291897,-50.061947,373.2,,26,0,2,3,,,,,,,,,,,,,,,,1,54.3,38,508.6,-50.062490,-23.292522,2025-10-13 15:10:10,17,373.1,10,2025-10-13 15:13:00
2025-10-13 15:16:01,2025-10-13 15:16:01,2025-10-13 15:15:56,385349,862689070136657,2766,GTERI,4.17,00008200,698407,13984,81,00,21,,,17,1,0724,0006,C4A7,07A5C616,0.0,32,504.8,-23.291897,-50.061947,373.2,,25,0,2,3,,,,,,,,,,,,,,,,1,0.0,32,504.8,-50.061947,-23.291897,2025-10-13 15:16:00,17,373.3,10,2025-10-13 15:16:01
2025-10-13 15:19:00,2025-10-13 15:19:01,2025-10-13 15:18:56,385349,862689070136657,2769,GTERI,4.17,00008200,698407,14024,81,00,22,,,13,1,0724,0006,C4A7,07A5C616,53.5,32,486.6,-23.288085,-50.059198,373.7,,16,0,2,3,,,,,,,,,,,,,,,,1,56.9,33,495.2,-50.060530,-23.289923,2025-10-13 15:18:40,17,373.5,10,2025-10-13 15:19:00
2025-10-13 15:22:00,2025-10-13 15:22:01,2025-10-13 15:21:56,385349,862689070136657,2771,GTERI,4.17,00008200,698407,14040,81,00,22,,,17,1,0724,0006,C4A7,07A5C615,66.7,274,559.0,-23.276027,-50.071568,376.5,,22,0,2,3,,,,,,,,,,,,,,,,1,84.7,307,531.6,-50.063108,-23.277508,2025-10-13 15:21:10,15,375.6,10,2025-10-13 15:22:00
2025-10-13 15:25:34,2025-10-13 15:25:01,2025-10-13 15:24:56,385349,862689070136657,2774,GTERI,4.17,00008200,698407,14008,81,00,22,,,17,1,0724,0006,C4A7,07A5C615,93.6,325,648.5,-23.258242,-50.098950,380.4,,9,0,2,3,,,,,,,,,,,,,,,,1,101.5,291,657.7,-50.094498,-23.260905,2025-10-13 15:24:35,16,379.8,10,2025-10-13 15:25:34
2025-10-13 15:25:34,2025-10-13 15:25:01,2025-10-13 15:24:56,385349,862689070136657,2774,GTERI,4.17,00008200,698407,14008,81,00,22,,,17,1,0724,0006,C4A7,07A5C615,93.6,325,648.5,-23.258242,-50.098950,380.4,,9,0,2,3,,,,,,,,,,,,,,,,1,101.5,291,657.7,-50.094498,-23.260905,2025-10-13 15:24:35,16,379.8,10,2025-10-13 15:25:34
2025-10-13 15:25:34,2025-10-13 15:25:01,2025-10-13 15:24:56,385349,862689070136657,2774,GTERI,4.17,00008200,698407,14008,81,00,22,,,17,1,0724,0006,C4A7,07A5C615,93.6,325,648.5,-23.258242,-50.098950,380.4,,9,0,2,3,,,,,,,,,,,,,,,,1,101.5,291,657.7,-50.094498,-23.260905,2025-10-13 15:24:35,16,379.8,10,2025-10-13 15:25:34
2025-10-13 15:32:40,2025-10-13 15:28:52,2025-10-13 15:28:51,385349,862689070136657,2778,GTSPD,4.17,,698407,14032,81,00,22,,,16,1,0724,0006,C4A7,07A57A16,116.3,288,605.5,-23.221837,-50.128865,386.0,,,,,,,,,,,,,,,,,,,,,,,,,,,,,,,2025-10-13 15:32:40
2025-10-13 15:32:40,2025-10-13 15:28:01,2025-10-13 15:27:55,385349,862689070136657,2776,GTERI,4.17,00008200,698407,13984,81,00,22,,,17,1,0724,0006,C4A7,07A57A16,98.8,322,608.3,-23.232472,-50.121332,384.6,,7,0,2,3,,,,,,,,,,,,,,,,1,104.3,316,608.7,-50.121902,-23.231915,2025-10-13 15:27:58,17,384.6,10,2025-10-13 15:32:40
2025-10-13 15:32:40,2025-10-13 15:28:01,2025-10-13 15:27:55,385349,862689070136657,2776,GTERI,4.17,00008200,698407,13984,81,00,22,,,17,1,0724,0006,C4A7,07A57A16,98.8,322,608.3,-23.232472,-50.121332,384.6,,7,0,2,3,,,,,,,,,,,,,,,,1,104.3,316,608.7,-50.121902,-23.231915,2025-10-13 15:27:58,17,384.6,10,2025-10-13 15:32:40
2025-10-13 15:32:41,2025-10-13 15:29:01,2025-10-13 15:29:00,385349,862689070136657,2779,GTSPD,4.17,,698407,14016,81,00,22,,,16,1,0724,0006,C4A7,07A57A16,105.8,288,591.8,-23.220907,-50.131563,386.3,,,,,,,,,,,,,,,,,,,,,,,,,,,,,,,2025-10-13 15:32:41
2025-10-13 15:32:42,2025-10-13 15:31:01,2025-10-13 15:30:55,385349,862689070136657,2780,GTERI,4.17,00008200,698407,14008,81,00,22,,,17,1,0724,0010,C48E,0DBCC116,70.5,231,582.9,-23.213983,-50.148652,388.7,,8,0,2,3,,,,,,,,,,,,,,,,1,99.7,281,591.1,-50.132123,-23.220757,2025-10-13 15:29:02,16,386.4,10,2025-10-13 15:32:42
2025-10-13 15:36:52,2025-10-13 15:34:01,2025-10-13 15:33:55,385349,862689070136657,2781,GTERI,4.17,00008200,698407,13992,81,00,22,,,16,1,0724,0006,C4A7,07A5C017,98.0,343,507.4,-23.185463,-50.158622,392.7,,8,0,0,0,,,,,,,,,,,,,,,,1,112.2,13,540.3,-50.158590,-23.196977,2025-10-13 15:33:04,16,391.3,10,2025-10-13 15:36:52
2025-10-13 15:36:52,2025-10-13 15:34:01,2025-10-13 15:33:55,385349,862689070136657,2781,GTERI,4.17,00008200,698407,13992,81,00,22,,,16,1,0724,0006,C4A7,07A5C017,98.0,343,507.4,-23.185463,-50.158622,392.7,,8,0,0,0,,,,,,,,,,,,,,,,1,112.2,13,540.3,-50.158590,-23.196977,2025-10-13 15:33:04,16,391.3,10,2025-10-13 15:36:52
2025-10-13 15:37:00,2025-10-13 15:37:01,2025-10-13 15:36:56,385349,862689070136657,2783,GTERI,4.17,00008200,698407,14016,81,00,22,,,17,1,0724,0005,BFF7,0690BF08,85.0,1,408.5,-23.151878,-50.171933,397.0,,8,0,2,28,,,,,,,,,,,,,,,,1,102.5,343,493.2,-50.159088,-23.183997,2025-10-13 15:34:01,17,392.8,10,2025-10-13 15:37:00
2025-10-13 15:40:00,2025-10-13 15:40:01,2025-10-13 15:39:56,385349,862689070136657,2785,GTERI,4.17,00008200,698407,14048,81,00,22,,,17,1,0724,0005,BFF7,0690BF08,70.6,333,494.8,-23.118158,-50.177120,400.9,,17,0,2,28,,,,,,,,,,,,,,,,1,105.2,332,474.5,-50.175065,-23.121937,2025-10-13 15:39:35,15,400.4,10,2025-10-13 15:40:00
2025-10-13 15:41:50,2025-10-13 15:41:50,2025-10-13 15:41:50,385349,862689070136657,2787,GTSPD,4.17,,698407,14048,81,00,22,,,17,1,0724,0005,BFF7,0690BF0A,113.8,334,478.6,-23.098187,-50.184532,403.2,,,,,,,,,,,,,,,,,,,,,,,,,,,,,,,2025-10-13 15:41:50
2025-10-13 15:42:54,2025-10-13 15:42:54,2025-10-13 15:42:53,385349,862689070136657,2789,GTSPD,4.17,,698407,14016,81,00,22,,,18,1,0724,0005,BFF7,0690BF0A,102.5,355,525.8,-23.078813,-50.183688,405.5,,,,,,,,,,,,,,,,,,,,,,,,,,,,,,,2025-10-13 15:42:54
2025-10-13 15:43:01,2025-10-13 15:43:01,2025-10-13 15:42:55,385349,862689070136657,2790,GTERI,4.17,00008200,698407,14000,81,00,22,,,18,1,0724,0005,BFF7,0690BF0A,97.6,350,525.6,-23.078328,-50.183735,405.6,,9,0,2,28,,,,,,,,,,,,,,,,1,97.6,350,525.6,-50.183735,-23.078328,2025-10-13 15:42:55,18,405.5,10,2025-10-13 15:43:01
2025-10-13 15:46:00,2025-10-13 15:46:01,2025-10-13 15:45:55,385349,862689070136657,2792,GTERI,4.17,00008200,698407,14048,81,00,22,,,17,1,0724,0005,BFF7,068FB205,68.6,293,507.1,-23.059258,-50.215683,410.1,,13,0,2,3,,,,,,,,,,,,,,,,1,104.2,250,528.0,-50.196357,-23.077283,2025-10-13 15:43:53,19,407.0,10,2025-10-13 15:46:00
2025-10-13 15:49:00,2025-10-13 15:49:01,2025-10-13 15:48:55,385349,862689070136657,2795,GTERI,4.17,00008200,698407,13976,81,00,22,,,15,1,0724,0005,BFF7,068FB205,0.0,31,495.1,-23.055210,-50.225432,411.1,,16,0,2,3,,,,,,,,,,,,,,,,1,47.8,292,502.8,-50.217898,-23.058427,2025-10-13 15:46:15,17,410.3,10,2025-10-13 15:49:00
2025-10-13 15:52:00,2025-10-13 15:52:01,2025-10-13 15:51:55,385349,862689070136657,2797,GTERI,4.17,00008200,698407,14040,81,00,22,,,16,1,0724,0005,BFF7,068FB205,6.9,345,492.6,-23.052988,-50.224537,411.4,,25,0,2,3,,,,,,,,,,,,,,,,1,29.3,22,491.7,-50.224628,-23.053280,2025-10-13 15:51:45,14,411.4,10,2025-10-13 15:52:00
2025-10-13 15:55:00,2025-10-13 15:55:01,2025-10-13 15:54:55,385349,862689070136657,2800,GTERI,4.17,00008200,698407,14040,81,00,22,,,15,1,0724,0005,BFF7,068FB204,13.3,16,492.9,-23.048785,-50.231183,412.4,,23,0,2,3,,,,,,,,,,,,,,,,1,36.5,292,491.4,-50.224942,-23.052787,2025-10-13 15:52:02,15,411.4,10,2025-10-13 15:55:00
2025-10-13 15:57:41,2025-10-13 15:57:42,2025-10-13 15:57:41,385349,862689070136657,2802,GTIGF,4.17,,698407,12857,80,00,12,3416,,14,0,0724,0005,BFF7,068FB204,0.0,44,486.8,-23.044970,-50.227178,412.9,,,,,,,,,,,,,,,,,,,,,,,,,,,,,,,2025-10-13 15:57:41
2025-10-13 15:57:43,2025-10-13 15:57:43,2025-10-13 15:57:42,385349,862689070136657,2803,GTERI,4.17,00008200,698407,12777,80,00,12,,,14,1,0724,0005,BFF7,068FB204,0.0,44,486.8,-23.044970,-50.227178,412.9,,25,0,2,3,,,,,,,,,,,,,,,,1,0.0,44,486.8,-50.227178,-23.044970,2025-10-13 15:57:42,14,412.9,10,2025-10-13 15:57:43
2025-10-13 16:57:40,2025-10-13 16:57:41,2025-10-13 16:55:18,385349,862689070136657,2804,GTERI,4.14,00008200,698407,13115,80,00,11,,,10,1,0724,0005,BFF7,068FB204,0.0,44,486.8,-23.044970,-50.227178,412.9,,25,0,2,3,,,,,,,,,,,,,,,,1,0.0,44,486.8,-50.227178,-23.044970,2025-10-13 16:55:18,10,412.9,10,2025-10-13 16:57:40
2025-10-13 17:57:40,2025-10-13 17:57:41,2025-10-13 17:55:18,385349,862689070136657,2805,GTERI,4.11,00008200,698407,13090,80,00,11,,,11,1,0724,0005,BFF7,068FB204,0.0,44,486.8,-23.044970,-50.227178,412.9,,26,0,2,3,,,,,,,,,,,,,,,,1,0.0,44,486.8,-50.227178,-23.044970,2025-10-13 17:55:18,11,412.9,10,2025-10-13 17:57:40
2025-10-13 18:48:07,2025-10-13 18:48:08,2025-10-13 17:55:18,385349,862689070136657,2806,GTIGN,4.09,,698407,12849,81,00,22,,10226,11,1,0724,0005,BFF7,068FB204,0.0,44,486.8,-23.044970,-50.227178,412.9,,,,,,,,,,,,,,,,,,,,,,,,,,,,,,,2025-10-13 18:48:07
2025-10-13 18:48:21,2025-10-13 18:48:22,2025-10-13 18:48:20,385349,862689070136657,2808,GTERI,4.09,00008200,698407,13911,81,00,22,,,9,1,0724,0005,BFF7,068FB204,2.2,275,393.0,-23.045068,-50.227312,412.9,,24,0,2,3,,,,,,,,,,,,,,,,1,2.2,275,393.0,-50.227312,-23.045068,2025-10-13 18:48:20,9,412.9,10,2025-10-13 18:48:21
2025-10-13 18:48:51,2025-10-13 18:48:52,2025-10-13 18:48:51,385349,862689070136657,2810,GTERI,4.12,00008200,698407,12978,80,00,12,,,9,1,0724,0005,BFF7,068FB204,4.9,270,479.1,-23.044808,-50.227215,412.9,,18,0,2,3,,,,,,,,,,,,,,,,1,4.9,270,479.1,-50.227215,-23.044808,2025-10-13 18:48:51,9,412.9,10,2025-10-13 18:48:51
2025-10-13 18:48:51,2025-10-13 18:48:52,2025-10-13 18:48:50,385349,862689070136657,2809,GTIGF,4.12,,698407,13485,80,00,12,44,,9,0,0724,0005,BFF7,068FB204,4.9,270,479.1,-23.044808,-50.227215,412.9,,,,,,,,,,,,,,,,,,,,,,,,,,,,,,,2025-10-13 18:48:51
2025-10-13 19:48:34,2025-10-13 19:48:35,2025-10-13 19:46:33,385349,862689070136657,2811,GTINF,4.07,,698407,13050,80,00,11,,,,,,,,,,,,,,,,21,0,,,89551808170105429139,1,0,1,+0000,0,,,,,,,,,,,,,,,,,,,,2025-10-13 19:48:34
2025-10-13 19:48:50,2025-10-13 19:48:51,2025-10-13 19:46:33,385349,862689070136657,2812,GTERI,4.06,00008200,698407,13050,80,00,11,,,12,1,0724,0005,BFF7,068FB204,0.0,270,479.1,-23.044808,-50.227215,412.9,,20,0,2,3,,,,,,,,,,,,,,,,1,0.0,270,479.1,-50.227215,-23.044808,2025-10-13 19:46:33,12,412.9,10,2025-10-13 19:48:50
2025-10-13 20:48:50,2025-10-13 20:48:51,2025-10-13 20:46:46,385349,862689070136657,2813,GTERI,4.05,00008200,698407,13034,80,00,11,,,12,1,0724,0005,BFF7,068FB204,0.0,270,479.1,-23.044808,-50.227215,412.9,,23,0,2,3,,,,,,,,,,,,,,,,1,0.0,270,479.1,-50.227215,-23.044808,2025-10-13 20:46:46,12,412.9,10,2025-10-13 20:48:50
2025-10-13 21:48:51,2025-10-13 21:48:51,2025-10-13 21:46:38,385349,862689070136657,2814,GTERI,4.18,00008200,698407,12817,80,00,11,,,11,1,0724,0005,BFF7,068FB204,0.0,270,479.1,-23.044808,-50.227215,412.9,,23,0,2,3,,,,,,,,,,,,,,,,1,0.0,270,479.1,-50.227215,-23.044808,2025-10-13 21:46:38,11,412.9,10,2025-10-13 21:48:51
2025-10-13 22:48:50,2025-10-13 22:48:51,2025-10-13 22:46:35,385349,862689070136657,2815,GTERI,4.14,00008200,698407,13018,80,00,11,,,10,1,0724,0005,BFF7,068FB204,0.0,270,479.1,-23.044808,-50.227215,412.9,,23,0,2,3,,,,,,,,,,,,,,,,1,0.0,270,479.1,-50.227215,-23.044808,2025-10-13 22:46:35,10,412.9,10,2025-10-13 22:48:50
2025-10-13 23:48:50,2025-10-13 23:48:51,2025-10-13 23:46:42,385349,862689070136657,2816,GTERI,4.11,00008200,698407,13010,80,00,11,,,11,1,0724,0005,BFF7,068FB204,0.0,270,479.1,-23.044808,-50.227215,412.9,,23,0,2,3,,,,,,,,,,,,,,,,1,0.0,270,479.1,-50.227215,-23.044808,2025-10-13 23:46:42,11,412.9,10,2025-10-13 23:48:50
2025-10-15 00:45:28,2025-10-15 00:45:28,2025-10-15 00:43:15,385349,862689070136657,3161,GTERI,3.86,00008200,698407,12946,80,00,11,,,4,1,0724,0005,BFF7,06909508,0.0,325,862.3,-24.147285,-49.823060,637.0,,24,0,2,28,,,,,,,,,,,,,,,,1,0.0,325,862.3,-49.823060,-24.147285,2025-10-15 00:43:15,4,637.0,10,2025-10-15 00:45:28
2025-10-15 01:45:28,2025-10-15 01:45:28,2025-10-15 01:43:31,385349,862689070136657,3162,GTERI,3.84,00008200,698407,12938,80,00,11,,,8,1,0724,0005,BFF7,06909508,0.0,325,862.3,-24.147285,-49.823060,637.0,,23,0,2,28,,,,,,,,,,,,,,,,1,0.0,325,862.3,-49.823060,-24.147285,2025-10-15 01:43:31,8,637.0,10,2025-10-15 01:45:28
2025-10-15 02:45:28,2025-10-15 02:45:28,2025-10-15 02:43:07,385349,862689070136657,3163,GTERI,4.12,00008200,698407,12712,80,00,11,,,8,1,0724,0005,BFF7,06909508,0.0,325,862.3,-24.147285,-49.823060,637.0,,24,0,2,28,,,,,,,,,,,,,,,,1,0.0,325,862.3,-49.823060,-24.147285,2025-10-15 02:43:07,8,637.0,10,2025-10-15 02:45:28
2025-10-15 03:45:28,2025-10-15 03:45:28,2025-10-15 03:43:08,385349,862689070136657,3164,GTERI,4.19,00008200,698407,12801,80,00,11,,,9,1,0724,0005,BFF7,06909508,0.0,325,862.3,-24.147285,-49.823060,637.0,,23,0,2,28,,,,,,,,,,,,,,,,1,0.0,325,862.3,-49.823060,-24.147285,2025-10-15 03:43:08,9,637.0,10,2025-10-15 03:45:28
2025-10-15 04:45:28,2025-10-15 04:45:28,2025-10-15 04:43:08,385349,862689070136657,3165,GTERI,4.12,00008200,698407,12921,80,00,11,,,8,1,0724,0005,BFF7,06909508,0.0,325,862.3,-24.147285,-49.823060,637.0,,23,0,2,28,,,,,,,,,,,,,,,,1,0.0,325,862.3,-49.823060,-24.147285,2025-10-15 04:43:08,8,637.0,10,2025-10-15 04:45:28
2025-10-15 05:45:28,2025-10-15 05:45:28,2025-10-15 05:43:10,385349,862689070136657,3166,GTERI,4.08,00008200,698407,12905,80,00,11,,,9,1,0724,0005,BFF7,06909508,0.0,325,862.3,-24.147285,-49.823060,637.0,,23,0,2,28,,,,,,,,,,,,,,,,1,0.0,325,862.3,-49.823060,-24.147285,2025-10-15 05:43:10,9,637.0,10,2025-10-15 05:45:28
2025-10-15 06:45:28,2025-10-15 06:45:28,2025-10-15 06:43:07,385349,862689070136657,3167,GTERI,4.06,00008200,698407,12905,80,00,11,,,9,1,0724,0005,BFF7,06909508,0.0,325,862.3,-24.147285,-49.823060,637.0,,22,0,2,28,,,,,,,,,,,,,,,,1,0.0,325,862.3,-49.823060,-24.147285,2025-10-15 06:43:07,9,637.0,10,2025-10-15 06:45:28
2025-10-15 07:45:28,2025-10-15 07:45:28,2025-10-15 07:43:06,385349,862689070136657,3168,GTERI,4.03,00008200,698407,12905,80,00,11,,,9,1,0724,0005,BFF7,06909508,0.0,325,862.3,-24.147285,-49.823060,637.0,,24,0,2,28,,,,,,,,,,,,,,,,1,0.0,325,862.3,-49.823060,-24.147285,2025-10-15 07:43:06,9,637.0,10,2025-10-15 07:45:28
2025-10-15 08:45:28,2025-10-15 08:45:28,2025-10-15 08:43:11,385349,862689070136657,3169,GTERI,3.98,00008200,698407,12897,80,00,11,,,7,1,0724,0005,BFF7,06909508,0.0,325,862.3,-24.147285,-49.823060,637.0,,24,0,2,28,,,,,,,,,,,,,,,,1,0.0,325,862.3,-49.823060,-24.147285,2025-10-15 08:43:11,7,637.0,10,2025-10-15 08:45:28
2025-10-15 08:59:52,2025-10-15 08:59:48,2025-10-15 08:43:11,385349,862689070136657,3170,GTIGN,3.97,,698407,12519,81,00,22,,58460,7,1,0724,0005,BFF7,06909508,0.0,325,862.3,-24.147285,-49.823060,637.0,,,,,,,,,,,,,,,,,,,,,,,,,,,,,,,2025-10-15 08:59:52
2025-10-15 09:00:03,2025-10-15 09:00:03,2025-10-15 09:00:02,385349,862689070136657,3172,GTERI,3.99,00008200,698407,13388,81,00,22,,,9,1,0724,0005,BFF7,06909508,12.9,71,859.1,-24.147420,-49.822952,637.0,,26,0,2,28,,,,,,,,,,,,,,,,1,12.9,71,859.1,-49.822952,-24.147420,2025-10-15 09:00:02,9,637.0,10,2025-10-15 09:00:03
2025-10-15 09:02:48,2025-10-15 09:02:49,2025-10-15 09:02:48,385349,862689070136657,3175,GTERI,4.16,00008200,698407,13694,80,00,12,,,12,1,0724,0005,BFF7,06909508,0.0,214,884.5,-24.148355,-49.823883,637.8,,26,0,2,28,,,,,,,,,,,,,,,,1,0.0,214,884.5,-49.823883,-24.148355,2025-10-15 09:02:48,12,637.8,10,2025-10-15 09:02:48
2025-10-15 09:02:48,2025-10-15 09:02:48,2025-10-15 09:02:47,385349,862689070136657,3174,GTIGF,4.16,,698407,13855,80,00,12,180,,12,0,0724,0005,BFF7,06909508,0.0,214,884.5,-24.148355,-49.823883,637.8,,,,,,,,,,,,,,,,,,,,,,,,,,,,,,,2025-10-15 09:02:48
2025-10-15 09:08:50,2025-10-15 09:08:50,2025-10-15 09:02:48,385349,862689070136657,3176,GTIGN,4.00,,698407,12873,81,00,21,,362,12,1,0724,0005,BFF7,06909508,0.0,214,884.5,-24.148355,-49.823883,637.8,,,,,,,,,,,,,,,,,,,,,,,,,,,,,,,2025-10-15 09:08:50
2025-10-15 09:09:05,2025-10-15 09:09:06,2025-10-15 09:09:05,385349,862689070136657,3178,GTERI,4.00,00008200,698407,13927,81,00,21,,,6,1,0724,0005,BFF7,06909508,1.4,349,891.8,-24.148403,-49.823942,637.8,,25,0,2,28,,,,,,,,,,,,,,,,1,1.4,349,891.8,-49.823942,-24.148403,2025-10-15 09:09:05,6,637.8,10,2025-10-15 09:09:05
2025-10-15 09:11:10,2025-10-15 09:11:10,2025-10-15 09:11:09,385349,862689070136657,3180,GTIGF,4.16,,698407,13863,80,00,12,140,,9,0,0724,0005,BFF7,06909508,0.0,347,864.3,-24.147053,-49.820483,638.8,,,,,,,,,,,,,,,,,,,,,,,,,,,,,,,2025-10-15 09:11:10
2025-10-15 09:11:11,2025-10-15 09:11:10,2025-10-15 09:11:10,385349,862689070136657,3181,GTERI,4.16,00008200,698407,13412,80,00,12,,,9,1,0724,0005,BFF7,06909508,0.0,347,864.3,-24.147053,-49.820483,638.8,,18,0,2,28,,,,,,,,,,,,,,,,1,0.0,347,864.3,-49.820483,-24.147053,2025-10-15 09:11:10,9,638.8,10,2025-10-15 09:11:11
2025-10-15 09:11:15,2025-10-15 09:11:15,,385349,862689070136657,3183,GTCRD,,,,,,,,,,,,,,,,,,,,,,,,,,,,,,,,,,,,,,,,,,,,,,,,,,,,2025-10-15 09:11:15
2025-10-15 09:11:15,2025-10-15 09:11:15,,385349,862689070136657,3182,GTCRA,,,,,,,,,,,,,,,,,,,,,,,,,,,,,,,,,,,,,,,,,,,,,,,,,,,,2025-10-15 09:11:15
2025-10-15 09:11:16,2025-10-15 09:11:15,,385349,862689070136657,3186,GTCRD,,,,,,,,,,,,,,,,,,,,,,,,,,,,,,,,,,,,,,,,,,,,,,,,,,,,2025-10-15 09:11:16
2025-10-15 09:11:16,2025-10-15 09:11:15,,385349,862689070136657,3185,GTCRD,,,,,,,,,,,,,,,,,,,,,,,,,,,,,,,,,,,,,,,,,,,,,,,,,,,,2025-10-15 09:11:16
2025-10-15 09:11:16,2025-10-15 09:11:15,,385349,862689070136657,3184,GTCRD,,,,,,,,,,,,,,,,,,,,,,,,,,,,,,,,,,,,,,,,,,,,,,,,,,,,2025-10-15 09:11:16
2025-10-15 09:11:17,2025-10-15 09:11:15,,385349,862689070136657,3188,GTCRD,,,,,,,,,,,,,,,,,,,,,,,,,,,,,,,,,,,,,,,,,,,,,,,,,,,,2025-10-15 09:11:17
2025-10-15 09:11:17,2025-10-15 09:11:15,,385349,862689070136657,3187,GTCRD,,,,,,,,,,,,,,,,,,,,,,,,,,,,,,,,,,,,,,,,,,,,,,,,,,,,2025-10-15 09:11:17
2025-10-15 09:11:18,2025-10-15 09:11:15,,385349,862689070136657,3189,GTCRD,,,,,,,,,,,,,,,,,,,,,,,,,,,,,,,,,,,,,,,,,,,,,,,,,,,,2025-10-15 09:11:18
2025-10-15 09:11:19,2025-10-15 09:11:15,,385349,862689070136657,3191,GTCRD,,,,,,,,,,,,,,,,,,,,,,,,,,,,,,,,,,,,,,,,,,,,,,,,,,,,2025-10-15 09:11:19
2025-10-15 09:11:19,2025-10-15 09:11:15,,385349,862689070136657,3190,GTCRD,,,,,,,,,,,,,,,,,,,,,,,,,,,,,,,,,,,,,,,,,,,,,,,,,,,,2025-10-15 09:11:19
2025-10-15 09:11:20,2025-10-15 09:11:15,,385349,862689070136657,3193,GTCRD,,,,,,,,,,,,,,,,,,,,,,,,,,,,,,,,,,,,,,,,,,,,,,,,,,,,2025-10-15 09:11:20
2025-10-15 09:11:20,2025-10-15 09:11:15,,385349,862689070136657,3192,GTCRD,,,,,,,,,,,,,,,,,,,,,,,,,,,,,,,,,,,,,,,,,,,,,,,,,,,,2025-10-15 09:11:20
2025-10-15 09:11:21,2025-10-15 09:11:15,,385349,862689070136657,3195,GTCRD,,,,,,,,,,,,,,,,,,,,,,,,,,,,,,,,,,,,,,,,,,,,,,,,,,,,2025-10-15 09:11:21
2025-10-15 09:11:21,2025-10-15 09:11:15,,385349,862689070136657,3194,GTCRD,,,,,,,,,,,,,,,,,,,,,,,,,,,,,,,,,,,,,,,,,,,,,,,,,,,,2025-10-15 09:11:21
2025-10-15 09:11:22,2025-10-15 09:11:15,,385349,862689070136657,3197,GTCRD,,,,,,,,,,,,,,,,,,,,,,,,,,,,,,,,,,,,,,,,,,,,,,,,,,,,2025-10-15 09:11:22
2025-10-15 09:11:22,2025-10-15 09:11:15,,385349,862689070136657,3196,GTCRD,,,,,,,,,,,,,,,,,,,,,,,,,,,,,,,,,,,,,,,,,,,,,,,,,,,,2025-10-15 09:11:22
2025-10-15 09:11:23,2025-10-15 09:11:19,,385349,862689070136657,3199,GTCRD,,,,,,,,,,,,,,,,,,,,,,,,,,,,,,,,,,,,,,,,,,,,,,,,,,,,2025-10-15 09:11:23
2025-10-15 09:11:23,2025-10-15 09:11:19,,385349,862689070136657,3198,GTCRD,,,,,,,,,,,,,,,,,,,,,,,,,,,,,,,,,,,,,,,,,,,,,,,,,,,,2025-10-15 09:11:23
2025-10-15 09:11:24,2025-10-15 09:11:19,,385349,862689070136657,3201,GTCRD,,,,,,,,,,,,,,,,,,,,,,,,,,,,,,,,,,,,,,,,,,,,,,,,,,,,2025-10-15 09:11:24
2025-10-15 09:11:24,2025-10-15 09:11:19,,385349,862689070136657,3200,GTCRD,,,,,,,,,,,,,,,,,,,,,,,,,,,,,,,,,,,,,,,,,,,,,,,,,,,,2025-10-15 09:11:24
2025-10-15 09:11:25,2025-10-15 09:11:19,,385349,862689070136657,3203,GTCRD,,,,,,,,,,,,,,,,,,,,,,,,,,,,,,,,,,,,,,,,,,,,,,,,,,,,2025-10-15 09:11:25
2025-10-15 09:11:25,2025-10-15 09:11:19,,385349,862689070136657,3202,GTCRD,,,,,,,,,,,,,,,,,,,,,,,,,,,,,,,,,,,,,,,,,,,,,,,,,,,,2025-10-15 09:11:25
2025-10-15 09:11:26,2025-10-15 09:11:19,,385349,862689070136657,3205,GTCRD,,,,,,,,,,,,,,,,,,,,,,,,,,,,,,,,,,,,,,,,,,,,,,,,,,,,2025-10-15 09:11:26
2025-10-15 09:11:26,2025-10-15 09:11:19,,385349,862689070136657,3204,GTCRD,,,,,,,,,,,,,,,,,,,,,,,,,,,,,,,,,,,,,,,,,,,,,,,,,,,,2025-10-15 09:11:26
2025-10-15 09:11:27,2025-10-15 09:11:19,,385349,862689070136657,3207,GTCRD,,,,,,,,,,,,,,,,,,,,,,,,,,,,,,,,,,,,,,,,,,,,,,,,,,,,2025-10-15 09:11:27
2025-10-15 09:11:27,2025-10-15 09:11:19,,385349,862689070136657,3206,GTCRD,,,,,,,,,,,,,,,,,,,,,,,,,,,,,,,,,,,,,,,,,,,,,,,,,,,,2025-10-15 09:11:27
2025-10-15 09:11:28,2025-10-15 09:11:19,,385349,862689070136657,3209,GTCRD,,,,,,,,,,,,,,,,,,,,,,,,,,,,,,,,,,,,,,,,,,,,,,,,,,,,2025-10-15 09:11:28
2025-10-15 09:11:28,2025-10-15 09:11:19,,385349,862689070136657,3208,GTCRD,,,,,,,,,,,,,,,,,,,,,,,,,,,,,,,,,,,,,,,,,,,,,,,,,,,,2025-10-15 09:11:28
2025-10-15 09:11:29,2025-10-15 09:11:19,,385349,862689070136657,3211,GTCRD,,,,,,,,,,,,,,,,,,,,,,,,,,,,,,,,,,,,,,,,,,,,,,,,,,,,2025-10-15 09:11:29
2025-10-15 09:11:29,2025-10-15 09:11:19,,385349,862689070136657,3210,GTCRD,,,,,,,,,,,,,,,,,,,,,,,,,,,,,,,,,,,,,,,,,,,,,,,,,,,,2025-10-15 09:11:29
2025-10-15 09:11:30,2025-10-15 09:11:19,,385349,862689070136657,3212,GTCRD,,,,,,,,,,,,,,,,,,,,,,,,,,,,,,,,,,,,,,,,,,,,,,,,,,,,2025-10-15 09:11:30
2025-10-15 09:32:26,2025-10-15 09:26:26,2025-10-15 09:11:19,385349,862689070136657,3213,GTIGN,4.00,,698407,13042,81,00,21,,916,9,1,0724,0005,BFF7,06909508,0.0,347,864.3,-24.147053,-49.820483,638.8,,,,,,,,,,,,,,,,,,,,,,,,,,,,,,,2025-10-15 09:32:26
2025-10-15 09:32:27,2025-10-15 09:29:33,2025-10-15 09:29:27,385349,862689070136657,3216,GTERI,4.17,00008200,698407,13959,81,00,22,,,9,1,0724,0005,BFF7,0690950A,83.5,306,893.7,-24.138965,-49.827185,640.4,,20,0,2,28,,,,,,,,,,,,,,,,1,85.0,308,897.1,-49.827913,-24.138452,2025-10-15 09:29:31,9,640.4,10,2025-10-15 09:32:27
2025-10-15 09:32:27,2025-10-15 09:26:35,2025-10-15 09:26:34,385349,862689070136657,3215,GTERI,4.00,00008200,698407,13895,81,00,22,,,7,2,0724,0005,BFF7,06909508,9.6,283,878.9,-24.147102,-49.820598,638.8,,19,0,2,28,,,,,,,,,,,,,,,,2,9.6,283,878.9,-49.820598,-24.147102,2025-10-15 09:26:34,7,638.8,10,2025-10-15 09:32:27
2025-10-15 09:32:33,2025-10-15 09:32:33,2025-10-15 09:32:27,385349,862689070136657,3218,GTERI,4.18,00008200,698407,13967,81,00,22,,,10,1,0724,0005,BFF7,0691480A,50.4,298,879.5,-24.118248,-49.845572,643.5,,20,0,2,28,,,,,,,,,,,,,,,,1,105.7,354,891.1,-49.836900,-24.128953,2025-10-15 09:30:49,10,641.9,10,2025-10-15 09:32:33
2025-10-15 10:33:47,2025-10-15 09:38:33,2025-10-15 09:38:27,385349,862689070136657,3222,GTERI,4.18,00008200,698407,13967,81,00,22,,,11,1,0724,0005,BFF7,0690950A,79.7,355,868.6,-24.059462,-49.831078,651.1,,31,0,2,28,,,,,,,,,,,,,,,,1,84.3,353,868.1,-49.842665,-24.082868,2025-10-15 09:35:48,11,648.0,10,2025-10-15 10:33:47
2025-10-15 10:33:47,2025-10-15 09:35:33,2025-10-15 09:35:27,385349,862689070136657,3220,GTERI,4.18,00008200,698407,13967,81,00,22,,,12,1,0724,0005,BFF7,06913D08,83.5,35,851.3,-24.086387,-49.844867,647.5,,7,0,2,28,,,,,,,,,,,,,,,,1,93.6,3,874.6,-49.847175,-24.104115,2025-10-15 09:33:55,13,645.4,10,2025-10-15 10:33:47
2025-10-15 10:33:48,2025-10-15 09:41:34,2025-10-15 09:41:33,385349,862689070136657,3224,GTSPD,4.18,,698407,13967,81,00,22,,,11,1,0724,0005,BFF7,0690950A,110.9,47,886.0,-24.030867,-49.835072,654.7,,,,,,,,,,,,,,,,,,,,,,,,,,,,,,,2025-10-15 10:33:48
2025-10-15 10:33:48,2025-10-15 09:41:33,2025-10-15 09:41:27,385349,862689070136657,3223,GTERI,4.18,00008200,698407,13967,81,00,22,,,10,1,0724,0005,BFF7,0690950A,91.6,44,888.5,-24.031930,-49.836367,654.6,,7,0,2,28,,,,,,,,,,,,,,,,1,107.4,48,887.0,-49.835522,-24.031235,2025-10-15 09:41:31,10,654.6,10,2025-10-15 10:33:48
2025-10-15 10:33:49,2025-10-15 09:43:12,2025-10-15 09:43:11,385349,862689070136657,3226,GTSPD,4.18,,698407,13967,81,00,22,,,13,1,0724,0005,BFF7,0690950A,114.1,344,820.3,-24.013435,-49.826345,657.0,,,,,,,,,,,,,,,,,,,,,,,,,,,,,,,2025-10-15 10:33:49
2025-10-15 10:33:49,2025-10-15 09:41:38,2025-10-15 09:41:38,385349,862689070136657,3225,GTSPD,4.18,,698407,13976,81,00,22,,,11,1,0724,0005,BFF7,0690950A,107.5,46,884.6,-24.029913,-49.833970,654.8,,,,,,,,,,,,,,,,,,,,,,,,,,,,,,,2025-10-15 10:33:49
2025-10-15 10:33:50,2025-10-15 09:44:12,2025-10-15 09:44:12,385349,862689070136657,3228,GTDOG,,,,,,,,,,,,,,,,,,,,,,,,,,,,,,,,,,,,,,,,,,,,,,,,,,,,2025-10-15 10:33:50
2025-10-15 10:33:50,2025-10-15 09:43:46,2025-10-15 09:43:45,385349,862689070136657,3227,GTSPD,4.18,,698407,13967,81,00,22,,,13,1,0724,0004,AD36,043A302D,107.4,11,857.5,-24.004502,-49.829750,658.1,,,,,,,,,,,,,,,,,,,,,,,,,,,,,,,2025-10-15 10:33:50
2025-10-15 10:33:51,2025-10-15 09:44:27,2025-10-15 09:44:27,385349,862689070136657,3230,GTSPD,4.18,,698407,13976,81,00,22,,,15,1,0724,0004,AD36,043A302D,106.3,19,841.9,-23.993685,-49.825562,659.4,,,,,,,,,,,,,,,,,,,,,,,,,,,,,,,2025-10-15 10:33:51
2025-10-15 10:33:51,2025-10-15 09:44:16,2025-10-15 09:44:16,385349,862689070136657,3229,GTSPD,4.18,,698407,13976,81,00,22,,,14,1,0724,0004,AD36,043A302D,111.7,19,857.6,-23.996580,-49.826652,659.0,,,,,,,,,,,,,,,,,,,,,,,,,,,,,,,2025-10-15 10:33:51
2025-10-15 10:33:52,2025-10-15 09:45:08,2025-10-15 09:45:08,385349,862689070136657,3232,GTRTL,4.18,,698407,13943,81,00,22,,,12,1,,,,,53.4,67,840.4,-23.991123,-49.818900,659.9,,,,,,,,,,,,,,,,,,,,,,,,,,,,,,,2025-10-15 10:33:52
2025-10-15 10:33:52,2025-10-15 09:44:33,2025-10-15 09:44:28,385349,862689070136657,3231,GTERI,4.18,00008200,698407,13967,81,00,22,,,15,1,0724,0004,AD36,043A302D,103.2,20,842.2,-23.993447,-49.825478,659.5,,8,0,3,28,,,,,,,,,,,,,,,,1,99.3,20,845.1,-49.825393,-23.993197,2025-10-15 09:44:29,15,659.4,10,2025-10-15 10:33:52
2025-10-15 10:33:53,2025-10-15 09:47:46,2025-10-15 09:47:46,385349,862689070136657,3234,GTSPD,4.18,,698407,13992,81,00,22,,,14,1,0724,0005,9D16,0227440B,120.3,341,890.5,-23.971093,-49.809370,662.5,,,,,,,,,,,,,,,,,,,,,,,,,,,,,,,2025-10-15 10:33:53
2025-10-15 10:33:53,2025-10-15 09:45:08,2025-10-15 09:45:08,385349,862689070136657,3233,GTERI,4.18,00008200,698407,13943,81,00,22,,,12,1,,,,,53.4,67,840.4,-23.991123,-49.818900,659.9,,0,0,0,0,,,,,,,,,,,,,,,,1,53.4,67,840.4,-49.818900,-23.991123,2025-10-15 09:45:08,12,659.9,10,2025-10-15 10:33:53
2025-10-15 10:33:54,2025-10-15 09:48:19,2025-10-15 09:48:19,385349,862689070136657,3236,GTSPD,4.18,,698407,13976,81,00,22,,,14,1,0724,0005,9D16,0227440B,109.0,342,864.3,-23.960958,-49.812828,663.7,,,,,,,,,,,,,,,,,,,,,,,,,,,,,,,2025-10-15 10:33:54
2025-10-15 10:33:54,2025-10-15 09:48:05,2025-10-15 09:48:01,385349,862689070136657,3235,GTERI,4.18,00008200,698407,14000,81,00,22,,,14,1,0724,0005,9D16,0227440B,132.5,343,868.9,-23.966255,-49.811012,663.2,,8,0,2,28,,,,,,,,,,,,,,,,1,140.6,343,874.1,-49.810580,-23.967585,2025-10-15 09:47:57,14,662.9,10,2025-10-15 10:33:54
2025-10-15 10:33:55,2025-10-15 09:52:01,2025-10-15 09:52:01,385349,862689070136657,3238,GTSPD,4.18,,698407,13992,81,00,22,,,14,1,0724,0003,541B,0F678599,120.1,10,766.9,-23.922503,-49.812923,668.1,,,,,,,,,,,,,,,,,,,,,,,,,,,,,,,2025-10-15 10:33:55
2025-10-15 10:33:55,2025-10-15 09:51:05,2025-10-15 09:51:01,385349,862689070136657,3237,GTERI,4.18,00008200,698407,13967,81,00,22,,,13,1,0724,0003,A21E,0127E021,71.7,14,807.2,-23.933878,-49.814380,666.9,,1,0,3,3,,,,,,,,,,,,,,,,1,108.2,343,866.1,-49.813003,-23.960450,2025-10-15 09:48:21,14,663.8,10,2025-10-15 10:33:55
2025-10-15 10:33:56,2025-10-15 09:54:05,2025-10-15 09:54:01,385349,862689070136657,3240,GTERI,4.18,00008200,698407,13984,81,00,22,,,16,1,0724,0003,541B,0F678599,70.5,327,808.9,-23.906032,-49.818350,670.3,,31,0,3,28,,,,,,,,,,,,,,,,1,84.4,10,736.5,-49.811708,-23.919522,2025-10-15 09:52:20,14,668.5,10,2025-10-15 10:33:56
2025-10-15 10:33:56,2025-10-15 09:52:04,2025-10-15 09:52:04,385349,862689070136657,3239,GTSPD,4.18,,698407,14000,81,00,22,,,13,1,0724,0003,541B,0F678599,103.8,8,757.5,-23.921815,-49.812728,668.2,,,,,,,,,,,,,,,,,,,,,,,,,,,,,,,2025-10-15 10:33:56
2025-10-15 10:33:57,2025-10-15 09:55:34,2025-10-15 09:55:34,385349,862689070136657,3241,GTSPD,4.18,,698407,13976,81,00,22,,,16,1,0724,0003,541B,0F678599,110.2,41,776.1,-23.890555,-49.823735,672.2,,,,,,,,,,,,,,,,,,,,,,,,,,,,,,,2025-10-15 10:33:57
2025-10-15 10:33:58,2025-10-15 10:00:05,2025-10-15 10:00:01,385349,862689070136657,3244,GTERI,4.18,00008200,698407,13992,81,00,22,,,15,1,0724,0003,541B,0F678599,20.5,20,836.8,-23.874460,-49.802935,675.6,,31,0,3,28,,,,,,,,,,,,,,,,1,58.1,39,823.0,-49.812705,-23.877707,2025-10-15 09:57:07,16,674.4,10,2025-10-15 10:33:58
2025-10-15 10:33:58,2025-10-15 09:57:05,2025-10-15 09:57:01,385349,862689070136657,3243,GTERI,4.18,00008200,698407,13976,81,00,22,,,16,1,0724,0003,541B,0F678599,62.6,10,824.2,-23.878482,-49.813140,674.3,,31,0,3,28,,,,,,,,,,,,,,,,1,106.7,27,796.8,-49.820982,-23.886893,2025-10-15 09:55:50,15,672.8,10,2025-10-15 10:33:58
2025-10-15 10:33:58,2025-10-15 09:55:48,2025-10-15 09:55:48,385349,862689070136657,3242,GTSPD,4.18,,698407,13984,81,00,22,,,14,1,0724,0003,541B,0F678599,108.3,27,795.5,-23.887365,-49.821255,672.7,,,,,,,,,,,,,,,,,,,,,,,,,,,,,,,2025-10-15 10:33:58
2025-10-15 10:33:59,2025-10-15 10:02:22,,385349,862689070136657,3245,GTCRA,,,,,,,,,,,,,,,,,,,,,,,,,,,,,,,,,,,,,,,,,,,,,,,,,,,,2025-10-15 10:33:59
2025-10-15 10:34:00,2025-10-15 10:02:23,,385349,862689070136657,3248,GTCRD,,,,,,,,,,,,,,,,,,,,,,,,,,,,,,,,,,,,,,,,,,,,,,,,,,,,2025-10-15 10:34:00
2025-10-15 10:34:00,2025-10-15 10:02:22,,385349,862689070136657,3247,GTCRD,,,,,,,,,,,,,,,,,,,,,,,,,,,,,,,,,,,,,,,,,,,,,,,,,,,,2025-10-15 10:34:00
2025-10-15 10:34:00,2025-10-15 10:02:22,,385349,862689070136657,3246,GTCRD,,,,,,,,,,,,,,,,,,,,,,,,,,,,,,,,,,,,,,,,,,,,,,,,,,,,2025-10-15 10:34:00
2025-10-15 10:34:01,2025-10-15 10:02:23,,385349,862689070136657,3249,GTCRD,,,,,,,,,,,,,,,,,,,,,,,,,,,,,,,,,,,,,,,,,,,,,,,,,,,,2025-10-15 10:34:01
2025-10-15 10:34:02,2025-10-15 10:02:23,,385349,862689070136657,3251,GTCRD,,,,,,,,,,,,,,,,,,,,,,,,,,,,,,,,,,,,,,,,,,,,,,,,,,,,2025-10-15 10:34:02
2025-10-15 10:34:02,2025-10-15 10:02:23,,385349,862689070136657,3250,GTCRD,,,,,,,,,,,,,,,,,,,,,,,,,,,,,,,,,,,,,,,,,,,,,,,,,,,,2025-10-15 10:34:02
2025-10-15 10:34:03,2025-10-15 10:02:23,,385349,862689070136657,3253,GTCRD,,,,,,,,,,,,,,,,,,,,,,,,,,,,,,,,,,,,,,,,,,,,,,,,,,,,2025-10-15 10:34:03
2025-10-15 10:34:03,2025-10-15 10:02:23,,385349,862689070136657,3252,GTCRD,,,,,,,,,,,,,,,,,,,,,,,,,,,,,,,,,,,,,,,,,,,,,,,,,,,,2025-10-15 10:34:03
2025-10-15 10:34:04,2025-10-15 10:02:23,,385349,862689070136657,3254,GTCRD,,,,,,,,,,,,,,,,,,,,,,,,,,,,,,,,,,,,,,,,,,,,,,,,,,,,2025-10-15 10:34:04
2025-10-15 10:34:05,2025-10-15 10:02:23,,385349,862689070136657,3256,GTCRD,,,,,,,,,,,,,,,,,,,,,,,,,,,,,,,,,,,,,,,,,,,,,,,,,,,,2025-10-15 10:34:05
2025-10-15 10:34:05,2025-10-15 10:02:23,,385349,862689070136657,3255,GTCRD,,,,,,,,,,,,,,,,,,,,,,,,,,,,,,,,,,,,,,,,,,,,,,,,,,,,2025-10-15 10:34:05
2025-10-15 10:34:06,2025-10-15 10:02:23,,385349,862689070136657,3258,GTCRD,,,,,,,,,,,,,,,,,,,,,,,,,,,,,,,,,,,,,,,,,,,,,,,,,,,,2025-10-15 10:34:06
2025-10-15 10:34:06,2025-10-15 10:02:23,,385349,862689070136657,3257,GTCRD,,,,,,,,,,,,,,,,,,,,,,,,,,,,,,,,,,,,,,,,,,,,,,,,,,,,2025-10-15 10:34:06
2025-10-15 10:34:07,2025-10-15 10:02:23,,385349,862689070136657,3260,GTCRD,,,,,,,,,,,,,,,,,,,,,,,,,,,,,,,,,,,,,,,,,,,,,,,,,,,,2025-10-15 10:34:07
2025-10-15 10:34:07,2025-10-15 10:02:23,,385349,862689070136657,3259,GTCRD,,,,,,,,,,,,,,,,,,,,,,,,,,,,,,,,,,,,,,,,,,,,,,,,,,,,2025-10-15 10:34:07
2025-10-15 10:34:08,2025-10-15 10:02:27,,385349,862689070136657,3262,GTCRD,,,,,,,,,,,,,,,,,,,,,,,,,,,,,,,,,,,,,,,,,,,,,,,,,,,,2025-10-15 10:34:08
2025-10-15 10:34:08,2025-10-15 10:02:27,,385349,862689070136657,3261,GTCRD,,,,,,,,,,,,,,,,,,,,,,,,,,,,,,,,,,,,,,,,,,,,,,,,,,,,2025-10-15 10:34:08
2025-10-15 10:34:09,2025-10-15 10:02:27,,385349,862689070136657,3264,GTCRD,,,,,,,,,,,,,,,,,,,,,,,,,,,,,,,,,,,,,,,,,,,,,,,,,,,,2025-10-15 10:34:09
2025-10-15 10:34:09,2025-10-15 10:02:27,,385349,862689070136657,3263,GTCRD,,,,,,,,,,,,,,,,,,,,,,,,,,,,,,,,,,,,,,,,,,,,,,,,,,,,2025-10-15 10:34:09
2025-10-15 10:34:10,2025-10-15 10:02:27,,385349,862689070136657,3266,GTCRD,,,,,,,,,,,,,,,,,,,,,,,,,,,,,,,,,,,,,,,,,,,,,,,,,,,,2025-10-15 10:34:10
2025-10-15 10:34:10,2025-10-15 10:02:27,,385349,862689070136657,3265,GTCRD,,,,,,,,,,,,,,,,,,,,,,,,,,,,,,,,,,,,,,,,,,,,,,,,,,,,2025-10-15 10:34:10
2025-10-15 10:34:11,2025-10-15 10:02:27,,385349,862689070136657,3268,GTCRD,,,,,,,,,,,,,,,,,,,,,,,,,,,,,,,,,,,,,,,,,,,,,,,,,,,,2025-10-15 10:34:11
2025-10-15 10:34:11,2025-10-15 10:02:27,,385349,862689070136657,3267,GTCRD,,,,,,,,,,,,,,,,,,,,,,,,,,,,,,,,,,,,,,,,,,,,,,,,,,,,2025-10-15 10:34:11
2025-10-15 10:34:12,2025-10-15 10:02:27,,385349,862689070136657,3270,GTCRD,,,,,,,,,,,,,,,,,,,,,,,,,,,,,,,,,,,,,,,,,,,,,,,,,,,,2025-10-15 10:34:12
2025-10-15 10:34:12,2025-10-15 10:02:27,,385349,862689070136657,3269,GTCRD,,,,,,,,,,,,,,,,,,,,,,,,,,,,,,,,,,,,,,,,,,,,,,,,,,,,2025-10-15 10:34:12
2025-10-15 10:34:13,2025-10-15 10:02:27,,385349,862689070136657,3272,GTCRD,,,,,,,,,,,,,,,,,,,,,,,,,,,,,,,,,,,,,,,,,,,,,,,,,,,,2025-10-15 10:34:13
2025-10-15 10:34:13,2025-10-15 10:02:27,,385349,862689070136657,3271,GTCRD,,,,,,,,,,,,,,,,,,,,,,,,,,,,,,,,,,,,,,,,,,,,,,,,,,,,2025-10-15 10:34:13
2025-10-15 10:34:14,2025-10-15 10:02:27,,385349,862689070136657,3274,GTCRD,,,,,,,,,,,,,,,,,,,,,,,,,,,,,,,,,,,,,,,,,,,,,,,,,,,,2025-10-15 10:34:14
2025-10-15 10:34:14,2025-10-15 10:02:27,,385349,862689070136657,3273,GTCRD,,,,,,,,,,,,,,,,,,,,,,,,,,,,,,,,,,,,,,,,,,,,,,,,,,,,2025-10-15 10:34:14
2025-10-15 10:34:15,2025-10-15 10:02:43,2025-10-15 10:02:43,385349,862689070136657,3276,GTIGF,4.18,,698407,12817,80,00,12,2169,,14,0,0724,0003,541B,0F678599,0.0,47,822.3,-23.873518,-49.802493,676.1,,,,,,,,,,,,,,,,,,,,,,,,,,,,,,,2025-10-15 10:34:15
2025-10-15 10:34:15,2025-10-15 10:02:27,,385349,862689070136657,3275,GTCRD,,,,,,,,,,,,,,,,,,,,,,,,,,,,,,,,,,,,,,,,,,,,,,,,,,,,2025-10-15 10:34:15
2025-10-15 10:34:16,2025-10-15 10:18:17,2025-10-15 10:02:44,385349,862689070136657,3278,GTIGN,4.04,,698407,12849,81,00,22,,934,16,1,0724,0003,A21E,01502435,0.0,47,822.3,-23.873518,-49.802493,676.1,,,,,,,,,,,,,,,,,,,,,,,,,,,,,,,2025-10-15 10:34:16
2025-10-15 10:34:16,2025-10-15 10:02:44,2025-10-15 10:02:44,385349,862689070136657,3277,GTERI,4.18,00008200,698407,13002,80,00,12,,,16,1,0724,0003,541B,0F678599,0.0,47,822.3,-23.873518,-49.802493,676.1,,31,0,3,28,,,,,,,,,,,,,,,,1,0.0,47,822.3,-49.802493,-23.873518,2025-10-15 10:02:44,16,676.1,10,2025-10-15 10:34:16
2025-10-15 10:34:17,2025-10-15 10:21:30,2025-10-15 10:21:26,385349,862689070136657,3281,GTERI,4.18,00008200,698407,13951,81,00,22,,,12,1,0724,0003,A21E,01502435,19.2,21,823.9,-23.877215,-49.804202,676.9,,1,0,3,1,,,,,,,,,,,,,,,,1,34.6,195,825.2,-49.801960,-23.874392,2025-10-15 10:19:13,12,676.4,10,2025-10-15 10:34:17
2025-10-15 10:34:17,2025-10-15 10:18:30,2025-10-15 10:18:30,385349,862689070136657,3280,GTERI,4.04,00008200,698407,13935,81,00,22,,,9,1,0724,0003,A21E,01502435,11.8,13,827.7,-23.873120,-49.802465,676.1,,2,0,3,1,,,,,,,,,,,,,,,,1,11.8,13,827.7,-49.802465,-23.873120,2025-10-15 10:18:30,9,676.1,10,2025-10-15 10:34:17
2025-10-15 10:34:18,2025-10-15 10:24:12,2025-10-15 10:24:12,385349,862689070136657,3283,GTERI,4.18,00008200,698407,12921,80,00,12,,,13,1,0724,0003,A21E,01502435,0.0,325,839.8,-23.873062,-49.801738,677.5,,2,0,3,1,,,,,,,,,,,,,,,,1,0.0,325,839.8,-49.801738,-23.873062,2025-10-15 10:24:12,13,677.5,10,2025-10-15 10:34:18
2025-10-15 10:34:18,2025-10-15 10:24:11,2025-10-15 10:24:11,385349,862689070136657,3282,GTIGF,4.18,,698407,12809,80,00,12,354,,13,0,0724,0003,A21E,01502435,0.0,325,839.8,-23.873062,-49.801738,677.5,,,,,,,,,,,,,,,,,,,,,,,,,,,,,,,2025-10-15 10:34:18
2025-10-15 10:34:19,2025-10-15 10:26:22,2025-10-15 10:26:22,385349,862689070136657,3286,GTERI,4.08,00008200,698407,12358,81,00,21,,,10,1,0724,0003,A21E,01502435,0.8,0,839.5,-23.873115,-49.801793,677.5,,31,0,3,1,,,,,,,,,,,,,,,,1,0.8,0,839.5,-49.801793,-23.873115,2025-10-15 10:26:22,10,677.5,10,2025-10-15 10:34:19
2025-10-15 10:34:19,2025-10-15 10:26:09,2025-10-15 10:24:12,385349,862689070136657,3284,GTIGN,4.08,,698407,13107,81,00,21,,118,13,1,0724,0003,A21E,01502435,0.0,325,839.8,-23.873062,-49.801738,677.5,,,,,,,,,,,,,,,,,,,,,,,,,,,,,,,2025-10-15 10:34:19
2025-10-15 10:34:20,2025-10-15 10:27:22,2025-10-15 10:27:22,385349,862689070136657,3288,GTERI,4.15,00008200,698407,12688,80,00,11,,,14,1,0724,0003,A21E,01502435,0.0,0,839.3,-23.873120,-49.801785,677.5,,31,0,3,1,,,,,,,,,,,,,,,,1,0.0,0,839.3,-49.801785,-23.873120,2025-10-15 10:27:22,14,677.5,10,2025-10-15 10:34:20
2025-10-15 10:34:20,2025-10-15 10:27:21,2025-10-15 10:27:21,385349,862689070136657,3287,GTIGF,4.15,,698407,12688,80,00,11,72,,13,0,0724,0003,A21E,01502435,0.0,0,839.3,-23.873120,-49.801785,677.5,,,,,,,,,,,,,,,,,,,,,,,,,,,,,,,2025-10-15 10:34:20
2025-10-15 10:54:19,2025-10-15 10:54:17,2025-10-15 10:27:22,385349,862689070136657,3289,GTIGN,4.06,,698407,13058,81,00,21,,1616,14,1,0724,0005,BFF7,0692FD04,0.0,0,839.3,-23.873120,-49.801785,677.5,,,,,,,,,,,,,,,,,,,,,,,,,,,,,,,2025-10-15 10:54:19
2025-10-15 10:54:29,2025-10-15 10:54:29,2025-10-15 10:54:29,385349,862689070136657,3291,GTERI,4.06,00008200,698407,12608,81,00,21,,,9,1,0724,0005,BFF7,0692FD04,0.0,0,839.3,-23.873120,-49.801785,677.5,,19,0,2,3,,,,,,,,,,,,,,,,1,0.0,0,839.3,-49.801785,-23.873120,2025-10-15 10:54:29,9,677.5,10,2025-10-15 10:54:29
2025-10-15 10:55:20,2025-10-15 10:55:20,2025-10-15 10:55:20,385349,862689070136657,3293,GTERI,4.11,00008200,698407,12672,80,00,11,,,8,1,0724,0005,BFF7,0692FD04,0.0,0,839.3,-23.873120,-49.801785,677.5,,25,0,2,3,,,,,,,,,,,,,,,,1,0.0,0,839.3,-49.801785,-23.873120,2025-10-15 10:55:20,8,677.5,10,2025-10-15 10:55:20
2025-10-15 10:55:20,2025-10-15 10:55:19,2025-10-15 10:55:19,385349,862689070136657,3292,GTIGF,4.11,,698407,12664,80,00,11,62,,8,0,0724,0005,BFF7,0692FD04,0.0,0,839.3,-23.873120,-49.801785,677.5,,,,,,,,,,,,,,,,,,,,,,,,,,,,,,,2025-10-15 10:55:20
2025-10-15 11:21:20,2025-10-15 11:21:19,2025-10-15 10:55:20,385349,862689070136657,3294,GTIGN,4.06,,698407,13026,81,00,21,,1560,8,1,0724,0005,BFF7,0692FD04,0.0,0,839.3,-23.873120,-49.801785,677.5,,,,,,,,,,,,,,,,,,,,,,,,,,,,,,,2025-10-15 11:21:20
2025-10-15 11:21:30,2025-10-15 11:21:29,2025-10-15 11:21:29,385349,862689070136657,3296,GTERI,4.06,00008200,698407,13686,81,00,22,,,8,1,0724,0005,BFF7,0692FD04,3.0,359,808.2,-23.872923,-49.801745,677.5,,19,0,2,3,,,,,,,,,,,,,,,,1,3.0,359,808.2,-49.801745,-23.872923,2025-10-15 11:21:29,8,677.5,10,2025-10-15 11:21:30
2025-10-15 11:24:26,2025-10-15 11:24:25,2025-10-15 11:24:21,385349,862689070136657,3298,GTERI,4.17,00008200,698407,13959,81,00,22,,,16,1,0724,0005,BFF7,0692FD05,20.8,111,831.5,-23.876280,-49.804193,678.6,,23,0,2,3,,,,,,,,,,,,,,,,1,37.0,194,819.2,-49.803732,-23.873482,2025-10-15 11:23:26,14,678.3,10,2025-10-15 11:24:26
2025-10-15 11:27:26,2025-10-15 11:27:25,2025-10-15 11:27:21,385349,862689070136657,3301,GTERI,4.18,00008200,698407,13927,81,00,22,,,13,1,0724,0005,BFF7,0692FD04,0.0,23,828.9,-23.874518,-49.802997,679.3,,15,0,2,3,,,,,,,,,,,,,,,,1,38.2,23,830.6,-49.804042,-23.876862,2025-10-15 11:26:31,13,679.1,10,2025-10-15 11:27:26
2025-10-15 11:30:26,2025-10-15 11:30:25,2025-10-15 11:30:21,385349,862689070136657,3303,GTERI,4.18,00008200,698407,13935,81,00,22,,,14,1,0724,0005,BFF7,0692FD04,0.0,295,825.7,-23.870770,-49.803133,679.8,,21,0,2,3,,,,,,,,,,,,,,,,1,35.1,341,834.8,-49.802292,-23.871760,2025-10-15 11:28:57,15,679.7,10,2025-10-15 11:30:26
2025-10-15 11:33:26,2025-10-15 11:33:25,2025-10-15 11:33:21,385349,862689070136657,3306,GTERI,4.18,00008200,698407,13919,81,00,21,,,15,1,0724,0005,BFF7,0692FD04,0.0,295,825.7,-23.870770,-49.803133,679.8,,20,0,2,3,,,,,,,,,,,,,,,,1,0.0,295,825.7,-49.803133,-23.870770,2025-10-15 11:33:25,15,679.8,10,2025-10-15 11:33:26
2025-10-15 11:36:26,2025-10-15 11:36:25,2025-10-15 11:36:21,385349,862689070136657,3308,GTERI,4.18,00008200,698407,14008,81,00,22,,,13,1,0724,0005,BFF7,0692FD04,73.8,47,788.6,-23.863228,-49.802667,680.9,,12,0,2,3,,,,,,,,,,,,,,,,1,79.5,343,810.1,-49.805535,-23.866915,2025-10-15 11:35:55,15,680.3,10,2025-10-15 11:36:26
2025-10-15 11:39:26,2025-10-15 11:39:25,2025-10-15 11:39:21,385349,862689070136657,3311,GTERI,4.18,00008200,698407,14000,81,00,22,,,16,1,0724,0005,BFF7,0692FD04,79.1,12,721.1,-23.835317,-49.791403,684.9,,17,0,2,3,,,,,,,,,,,,,,,,1,82.5,42,701.5,-49.789168,-23.854028,2025-10-15 11:37:40,14,682.6,10,2025-10-15 11:39:26
2025-10-15 11:42:06,2025-10-15 11:42:03,2025-10-15 11:42:03,385349,862689070136657,3313,GTSPD,4.19,,698407,14008,81,00,22,,,15,1,0724,0005,BFF7,0692FD04,111.6,336,678.3,-23.804563,-49.787180,688.5,,,,,,,,,,,,,,,,,,,,,,,,,,,,,,,2025-10-15 11:42:06
2025-10-15 11:42:20,2025-10-15 11:42:19,2025-10-15 11:42:19,385349,862689070136657,3314,GTSPD,4.19,,698407,13992,81,00,22,,,14,1,0724,0005,BFF7,0692FD04,108.5,334,674.4,-23.800545,-49.789253,689.0,,,,,,,,,,,,,,,,,,,,,,,,,,,,,,,2025-10-15 11:42:20
2025-10-15 11:50:58,2025-10-15 11:42:25,2025-10-15 11:42:21,385349,862689070136657,3315,GTERI,4.19,00008200,698407,13976,81,00,22,,,15,1,0724,0005,BFF7,0692FD04,104.2,334,674.1,-23.800072,-49.789503,689.1,,7,0,2,3,,,,,,,,,,,,,,,,1,104.2,334,674.1,-49.789503,-23.800072,2025-10-15 11:42:21,14,689.0,10,2025-10-15 11:50:58
2025-10-15 11:50:59,2025-10-15 11:48:25,2025-10-15 11:48:21,385349,862689070136657,3319,GTERI,4.19,00008200,698407,14016,81,00,22,,,16,1,0724,0005,BFF7,06909408,82.4,9,580.4,-23.746640,-49.782468,696.7,,7,0,2,28,,,,,,,,,,,,,,,,1,85.5,15,577.7,-49.782240,-23.745820,2025-10-15 11:48:25,16,696.7,10,2025-10-15 11:50:59
2025-10-15 11:50:59,2025-10-15 11:45:25,2025-10-15 11:45:21,385349,862689070136657,3317,GTERI,4.19,00008200,698407,14016,81,00,22,,,16,1,0724,0005,BFF7,0692FD04,78.3,45,693.0,-23.769820,-49.798482,693.1,,7,0,2,3,,,,,,,,,,,,,,,,1,102.1,317,690.0,-49.794245,-23.792245,2025-10-15 11:42:57,15,690.0,10,2025-10-15 11:50:59
2025-10-15 11:51:26,2025-10-15 11:51:25,2025-10-15 11:51:21,385349,862689070136657,3321,GTERI,4.18,00008200,698407,14008,81,00,22,,,18,1,0724,0005,BFF7,06909408,80.3,355,604.2,-23.714995,-49.791215,700.7,,7,0,2,28,,,,,,,,,,,,,,,,1,103.2,337,631.8,-49.788817,-23.721112,2025-10-15 11:50:53,15,699.9,10,2025-10-15 11:51:26
2025-10-15 11:52:20,2025-10-15 11:52:19,2025-10-15 11:52:19,385349,862689070136657,3322,GTSPD,4.19,,698407,14024,81,00,22,,,17,1,0724,0005,BFF7,06909408,110.2,278,600.3,-23.706392,-49.796048,702.0,,,,,,,,,,,,,,,,,,,,,,,,,,,,,,,2025-10-15 11:52:20
2025-10-15 11:52:22,2025-10-15 11:52:21,2025-10-15 11:52:21,385349,862689070136657,3323,GTSPD,4.19,,698407,14024,81,00,22,,,18,1,0724,0005,BFF7,06909408,109.0,278,603.9,-23.706323,-49.796632,702.0,,,,,,,,,,,,,,,,,,,,,,,,,,,,,,,2025-10-15 11:52:22
2025-10-15 11:52:33,2025-10-15 11:52:32,2025-10-15 11:52:32,385349,862689070136657,3324,GTSPD,4.19,,698407,13951,81,00,22,,,18,1,0724,0005,BFF7,06909408,113.0,279,612.9,-23.705830,-49.799835,702.4,,,,,,,,,,,,,,,,,,,,,,,,,,,,,,,2025-10-15 11:52:33
2025-10-15 11:53:00,2025-10-15 11:52:53,2025-10-15 11:52:53,385349,862689070136657,3325,GTSPD,4.19,,698407,14008,81,00,22,,,18,1,0724,0005,BFF7,06909408,107.1,335,635.7,-23.703492,-49.806020,703.1,,,,,,,,,,,,,,,,,,,,,,,,,,,,,,,2025-10-15 11:53:00
2025-10-15 11:53:00,2025-10-15 11:52:53,2025-10-15 11:52:53,385349,862689070136657,3325,GTSPD,4.19,,698407,14008,81,00,22,,,18,1,0724,0005,BFF7,06909408,107.1,335,635.7,-23.703492,-49.806020,703.1,,,,,,,,,,,,,,,,,,,,,,,,,,,,,,,2025-10-15 11:53:00
2025-10-15 11:54:26,2025-10-15 11:54:25,2025-10-15 11:54:21,385349,862689070136657,3327,GTERI,4.19,00008200,698407,14024,81,00,22,,,16,1,0724,0005,BFF7,06909408,68.3,313,683.2,-23.689590,-49.818272,705.2,,24,0,2,28,,,,,,,,,,,,,,,,1,104.1,347,642.8,-49.806133,-23.702992,2025-10-15 11:52:55,18,703.2,10,2025-10-15 11:54:26
2025-10-15 11:57:26,2025-10-15 11:57:25,2025-10-15 11:57:21,385349,862689070136657,3330,GTERI,4.19,00008200,698407,14016,81,00,22,,,17,1,0724,0005,BFF7,0690940A,28.2,39,682.6,-23.676637,-49.826737,707.0,,21,0,2,28,,,,,,,,,,,,,,,,1,66.1,313,684.4,-49.819065,-23.688920,2025-10-15 11:54:27,16,705.3,10,2025-10-15 11:57:26
2025-10-15 12:00:26,2025-10-15 12:00:25,2025-10-15 12:00:21,385349,862689070136657,3332,GTERI,4.18,00008200,698407,13984,81,00,21,,,17,1,0724,0005,BFF7,0690940A,0.0,78,703.1,-23.673435,-49.822682,707.5,,23,0,2,28,,,,,,,,,,,,,,,,1,48.1,44,678.3,-49.825402,-23.675367,2025-10-15 11:57:39,18,707.2,10,2025-10-15 12:00:26
2025-10-15 12:03:26,2025-10-15 12:03:25,2025-10-15 12:03:21,385349,862689070136657,3335,GTERI,4.17,00008200,698407,13976,81,00,21,,,18,1,0724,0005,BFF7,0690940A,0.0,78,703.1,-23.673435,-49.822682,707.5,,24,0,2,28,,,,,,,,,,,,,,,,1,0.0,78,703.1,-49.822682,-23.673435,2025-10-15 12:03:25,18,707.5,10,2025-10-15 12:03:26
2025-10-15 12:06:26,2025-10-15 12:06:25,2025-10-15 12:06:21,385349,862689070136657,3337,GTERI,4.17,00008200,698407,13992,81,00,21,,,18,1,0724,0005,BFF7,0690940A,0.0,78,703.1,-23.673435,-49.822682,707.5,,25,0,2,28,,,,,,,,,,,,,,,,1,0.0,78,703.1,-49.822682,-23.673435,2025-10-15 12:06:25,18,707.5,10,2025-10-15 12:06:26
2025-10-15 12:09:26,2025-10-15 12:09:25,2025-10-15 12:09:21,385349,862689070136657,3340,GTERI,4.17,00008200,698407,14008,81,00,22,,,20,1,0724,0005,BFF7,0690940A,99.7,67,675.3,-23.670072,-49.812980,708.6,,6,0,2,28,,,,,,,,,,,,,,,,1,100.0,67,672.1,-49.812485,-23.669903,2025-10-15 12:09:23,20,708.6,10,2025-10-15 12:09:26
2025-10-15 12:14:53,2025-10-15 12:14:51,2025-10-15 12:14:51,385349,862689070136657,3344,GTSPD,4.17,,698407,14000,81,00,22,,,17,1,0724,0005,BFF7,0690940A,114.8,53,734.1,-23.624983,-49.777467,715.3,,,,,,,,,,,,,,,,,,,,,,,,,,,,,,,2025-10-15 12:14:53
2025-10-15 12:14:53,2025-10-15 12:12:25,2025-10-15 12:12:21,385349,862689070136657,3342,GTERI,4.17,00008200,698407,14048,81,00,22,,,19,1,0724,0005,BFF7,0690940A,52.1,16,652.3,-23.643433,-49.798905,712.1,,8,0,2,28,,,,,,,,,,,,,,,,1,92.5,62,666.0,-49.811385,-23.669457,2025-10-15 12:09:28,19,708.7,10,2025-10-15 12:14:53
2025-10-15 12:35:53,2025-10-15 12:14:51,2025-10-15 12:14:51,385349,862689070136657,3344,GTSPD,4.17,,698407,14000,81,00,22,,,17,1,0724,0005,BFF7,0690940A,114.8,53,734.1,-23.624983,-49.777467,715.3,,,,,,,,,,,,,,,,,,,,,,,,,,,,,,,2025-10-15 12:35:53
2025-10-15 12:35:54,2025-10-15 12:15:07,2025-10-15 12:15:07,385349,862689070136657,3345,GTSPD,4.17,,698407,14032,81,00,22,,,17,1,0724,0005,BFF7,0690940A,101.5,58,714.2,-23.622540,-49.773438,715.8,,,,,,,,,,,,,,,,,,,,,,,,,,,,,,,2025-10-15 12:35:54
2025-10-15 12:35:55,2025-10-15 12:15:25,2025-10-15 12:15:21,385349,862689070136657,3346,GTERI,4.17,00008200,698407,14040,81,00,22,,,16,1,0724,0005,BFF7,0690940A,94.9,12,712.3,-23.620180,-49.771508,716.2,,6,0,2,28,,,,,,,,,,,,,,,,1,97.4,12,711.9,-49.771347,-23.619448,2025-10-15 12:15:24,16,716.2,10,2025-10-15 12:35:55
2025-10-15 12:35:57,2025-10-15 12:16:29,,385349,862689070136657,3347,GTCRA,,,,,,,,,,,,,,,,,,,,,,,,,,,,,,,,,,,,,,,,,,,,,,,,,,,,2025-10-15 12:35:57
2025-10-15 12:35:59,2025-10-15 12:16:29,,385349,862689070136657,3348,GTCRD,,,,,,,,,,,,,,,,,,,,,,,,,,,,,,,,,,,,,,,,,,,,,,,,,,,,2025-10-15 12:35:59
2025-10-15 12:36:01,2025-10-15 12:16:29,,385349,862689070136657,3349,GTCRD,,,,,,,,,,,,,,,,,,,,,,,,,,,,,,,,,,,,,,,,,,,,,,,,,,,,2025-10-15 12:36:01
2025-10-15 12:36:03,2025-10-15 12:16:30,,385349,862689070136657,3350,GTCRD,,,,,,,,,,,,,,,,,,,,,,,,,,,,,,,,,,,,,,,,,,,,,,,,,,,,2025-10-15 12:36:03
2025-10-15 12:36:06,2025-10-15 12:16:30,,385349,862689070136657,3351,GTCRD,,,,,,,,,,,,,,,,,,,,,,,,,,,,,,,,,,,,,,,,,,,,,,,,,,,,2025-10-15 12:36:06
2025-10-15 12:36:08,2025-10-15 12:16:30,,385349,862689070136657,3352,GTCRD,,,,,,,,,,,,,,,,,,,,,,,,,,,,,,,,,,,,,,,,,,,,,,,,,,,,2025-10-15 12:36:08
2025-10-15 12:36:10,2025-10-15 12:16:30,,385349,862689070136657,3353,GTCRD,,,,,,,,,,,,,,,,,,,,,,,,,,,,,,,,,,,,,,,,,,,,,,,,,,,,2025-10-15 12:36:10
2025-10-15 12:36:13,2025-10-15 12:16:30,,385349,862689070136657,3354,GTCRD,,,,,,,,,,,,,,,,,,,,,,,,,,,,,,,,,,,,,,,,,,,,,,,,,,,,2025-10-15 12:36:13
2025-10-15 12:36:15,2025-10-15 12:16:30,,385349,862689070136657,3355,GTCRD,,,,,,,,,,,,,,,,,,,,,,,,,,,,,,,,,,,,,,,,,,,,,,,,,,,,2025-10-15 12:36:15
2025-10-15 12:36:17,2025-10-15 12:16:30,,385349,862689070136657,3356,GTCRD,,,,,,,,,,,,,,,,,,,,,,,,,,,,,,,,,,,,,,,,,,,,,,,,,,,,2025-10-15 12:36:17
2025-10-15 12:36:20,2025-10-15 12:16:30,,385349,862689070136657,3357,GTCRD,,,,,,,,,,,,,,,,,,,,,,,,,,,,,,,,,,,,,,,,,,,,,,,,,,,,2025-10-15 12:36:20
2025-10-15 12:36:22,2025-10-15 12:16:30,,385349,862689070136657,3358,GTCRD,,,,,,,,,,,,,,,,,,,,,,,,,,,,,,,,,,,,,,,,,,,,,,,,,,,,2025-10-15 12:36:22
2025-10-15 12:36:24,2025-10-15 12:16:30,,385349,862689070136657,3359,GTCRD,,,,,,,,,,,,,,,,,,,,,,,,,,,,,,,,,,,,,,,,,,,,,,,,,,,,2025-10-15 12:36:24
2025-10-15 12:36:26,2025-10-15 12:16:30,,385349,862689070136657,3360,GTCRD,,,,,,,,,,,,,,,,,,,,,,,,,,,,,,,,,,,,,,,,,,,,,,,,,,,,2025-10-15 12:36:26
2025-10-15 12:36:29,2025-10-15 12:16:30,,385349,862689070136657,3361,GTCRD,,,,,,,,,,,,,,,,,,,,,,,,,,,,,,,,,,,,,,,,,,,,,,,,,,,,2025-10-15 12:36:29
2025-10-15 12:36:31,2025-10-15 12:16:30,,385349,862689070136657,3362,GTCRD,,,,,,,,,,,,,,,,,,,,,,,,,,,,,,,,,,,,,,,,,,,,,,,,,,,,2025-10-15 12:36:31
2025-10-15 12:36:33,2025-10-15 12:16:34,,385349,862689070136657,3363,GTCRD,,,,,,,,,,,,,,,,,,,,,,,,,,,,,,,,,,,,,,,,,,,,,,,,,,,,2025-10-15 12:36:33
2025-10-15 12:36:36,2025-10-15 12:16:34,,385349,862689070136657,3364,GTCRD,,,,,,,,,,,,,,,,,,,,,,,,,,,,,,,,,,,,,,,,,,,,,,,,,,,,2025-10-15 12:36:36
2025-10-15 12:36:38,2025-10-15 12:16:34,,385349,862689070136657,3365,GTCRD,,,,,,,,,,,,,,,,,,,,,,,,,,,,,,,,,,,,,,,,,,,,,,,,,,,,2025-10-15 12:36:38
2025-10-15 12:36:40,2025-10-15 12:16:34,,385349,862689070136657,3366,GTCRD,,,,,,,,,,,,,,,,,,,,,,,,,,,,,,,,,,,,,,,,,,,,,,,,,,,,2025-10-15 12:36:40
2025-10-15 12:36:42,2025-10-15 12:16:34,,385349,862689070136657,3367,GTCRD,,,,,,,,,,,,,,,,,,,,,,,,,,,,,,,,,,,,,,,,,,,,,,,,,,,,2025-10-15 12:36:42
2025-10-15 12:36:45,2025-10-15 12:16:34,,385349,862689070136657,3368,GTCRD,,,,,,,,,,,,,,,,,,,,,,,,,,,,,,,,,,,,,,,,,,,,,,,,,,,,2025-10-15 12:36:45
2025-10-15 12:36:47,2025-10-15 12:16:34,,385349,862689070136657,3369,GTCRD,,,,,,,,,,,,,,,,,,,,,,,,,,,,,,,,,,,,,,,,,,,,,,,,,,,,2025-10-15 12:36:47
2025-10-15 12:36:49,2025-10-15 12:16:34,,385349,862689070136657,3370,GTCRD,,,,,,,,,,,,,,,,,,,,,,,,,,,,,,,,,,,,,,,,,,,,,,,,,,,,2025-10-15 12:36:49
2025-10-15 12:36:52,2025-10-15 12:16:34,,385349,862689070136657,3371,GTCRD,,,,,,,,,,,,,,,,,,,,,,,,,,,,,,,,,,,,,,,,,,,,,,,,,,,,2025-10-15 12:36:52
2025-10-15 12:36:54,2025-10-15 12:16:34,,385349,862689070136657,3372,GTCRD,,,,,,,,,,,,,,,,,,,,,,,,,,,,,,,,,,,,,,,,,,,,,,,,,,,,2025-10-15 12:36:54
2025-10-15 12:36:56,2025-10-15 12:16:34,,385349,862689070136657,3373,GTCRD,,,,,,,,,,,,,,,,,,,,,,,,,,,,,,,,,,,,,,,,,,,,,,,,,,,,2025-10-15 12:36:56
2025-10-15 12:36:59,2025-10-15 12:16:34,,385349,862689070136657,3374,GTCRD,,,,,,,,,,,,,,,,,,,,,,,,,,,,,,,,,,,,,,,,,,,,,,,,,,,,2025-10-15 12:36:59
2025-10-15 12:37:01,2025-10-15 12:16:34,,385349,862689070136657,3375,GTCRD,,,,,,,,,,,,,,,,,,,,,,,,,,,,,,,,,,,,,,,,,,,,,,,,,,,,2025-10-15 12:37:01
2025-10-15 12:37:03,2025-10-15 12:16:35,,385349,862689070136657,3376,GTCRD,,,,,,,,,,,,,,,,,,,,,,,,,,,,,,,,,,,,,,,,,,,,,,,,,,,,2025-10-15 12:37:03
2025-10-15 12:37:05,2025-10-15 12:16:35,,385349,862689070136657,3377,GTCRD,,,,,,,,,,,,,,,,,,,,,,,,,,,,,,,,,,,,,,,,,,,,,,,,,,,,2025-10-15 12:37:05
2025-10-15 12:37:07,2025-10-15 12:18:25,2025-10-15 12:18:21,385349,862689070136657,3379,GTERI,4.17,00008200,698407,14016,81,00,22,,,17,1,0724,0005,9D16,06902909,82.4,73,670.4,-23.617907,-49.751955,718.9,,6,0,2,28,,,,,,,,,,,,,,,,1,86.5,133,659.9,-49.754963,-23.617668,2025-10-15 12:18:05,19,718.5,10,2025-10-15 12:37:07
2025-10-15 12:37:08,2025-10-15 12:21:25,2025-10-15 12:21:21,385349,862689070136657,3380,GTERI,4.17,00008200,698407,14016,81,00,22,,,18,1,0724,0005,9D16,06902909,93.9,97,624.6,-23.624135,-49.718330,723.0,,0,0,2,28,,,,,,,,,,,,,,,,1,104.7,98,624.2,-49.717242,-23.624268,2025-10-15 12:21:25,18,723.0,10,2025-10-15 12:37:08
2025-10-15 12:37:09,2025-10-15 12:24:00,2025-10-15 12:24:00,385349,862689070136657,3381,GTDOG,,,,,,,,,,,,,,,,,,,,,,,,,,,,,,,,,,,,,,,,,,,,,,,,,,,,2025-10-15 12:37:09
2025-10-15 12:37:10,2025-10-15 12:24:22,2025-10-15 12:24:22,385349,862689070136657,3382,GTSPD,4.17,,698407,14000,81,00,22,,,19,1,0724,0010,659F,0DBC4E99,112.0,82,563.0,-23.618850,-49.675983,727.6,,,,,,,,,,,,,,,,,,,,,,,,,,,,,,,2025-10-15 12:37:10
2025-10-15 12:37:11,2025-10-15 12:24:25,2025-10-15 12:24:21,385349,862689070136657,3383,GTERI,4.17,00008200,698407,14016,81,00,22,,,18,1,0724,0010,659F,0DBC4E99,112.3,82,560.5,-23.618898,-49.676290,727.7,,4,0,3,28,,,,,,,,,,,,,,,,1,111.4,82,564.7,-49.675382,-23.618807,2025-10-15 12:24:24,20,727.6,10,2025-10-15 12:37:11
2025-10-15 12:37:13,2025-10-15 12:24:26,2025-10-15 12:24:26,385349,862689070136657,3384,GTSPD,4.17,,698407,14016,81,00,22,,,17,1,0724,0010,659F,0DBC4E99,100.8,82,565.8,-23.618753,-49.674835,727.7,,,,,,,,,,,,,,,,,,,,,,,,,,,,,,,2025-10-15 12:37:13
2025-10-15 12:37:14,2025-10-15 12:24:57,2025-10-15 12:24:57,385349,862689070136657,3385,GTRTL,4.17,,698407,13992,81,00,22,,,15,1,,,,,71.7,68,560.5,-23.617588,-49.668027,728.1,,,,,,,,,,,,,,,,,,,,,,,,,,,,,,,2025-10-15 12:37:14
2025-10-15 12:37:15,2025-10-15 12:24:57,2025-10-15 12:24:57,385349,862689070136657,3386,GTERI,4.17,00008200,698407,13992,81,00,22,,,15,1,,,,,71.7,68,560.5,-23.617588,-49.668027,728.1,,0,0,0,0,,,,,,,,,,,,,,,,1,71.7,68,560.5,-49.668027,-23.617588,2025-10-15 12:24:57,15,728.1,10,2025-10-15 12:37:15
2025-10-15 12:37:16,2025-10-15 12:27:53,2025-10-15 12:27:49,385349,862689070136657,3387,GTERI,4.17,00008200,698407,14016,81,00,22,,,16,1,,,,,61.2,60,547.8,-23.610200,-49.634180,732.0,,0,0,0,0,,,,,,,,,,,,,,,,1,100.8,76,556.2,-49.660512,-23.614180,2025-10-15 12:25:37,10,729.0,10,2025-10-15 12:37:16
2025-10-15 12:37:17,2025-10-15 12:30:53,2025-10-15 12:30:49,385349,862689070136657,3390,GTERI,4.17,00008200,698407,13951,81,00,22,,,14,1,0724,0005,0607,4E62,0.0,38,521.1,-23.604505,-49.628787,732.8,,22,0,1,900,,,,,,,,,,,,,,,,1,60.7,51,542.8,-49.633367,-23.609692,2025-10-15 12:27:55,16,732.1,10,2025-10-15 12:37:17
2025-10-15 12:37:18,2025-10-15 12:32:51,,385349,862689070136657,3392,GTCRA,,,,,,,,,,,,,,,,,,,,,,,,,,,,,,,,,,,,,,,,,,,,,,,,,,,,2025-10-15 12:37:18
2025-10-15 12:37:21,2025-10-15 12:32:51,,385349,862689070136657,3393,GTCRD,,,,,,,,,,,,,,,,,,,,,,,,,,,,,,,,,,,,,,,,,,,,,,,,,,,,2025-10-15 12:37:21
2025-10-15 12:37:23,2025-10-15 12:32:51,,385349,862689070136657,3394,GTCRD,,,,,,,,,,,,,,,,,,,,,,,,,,,,,,,,,,,,,,,,,,,,,,,,,,,,2025-10-15 12:37:23
2025-10-15 12:37:25,2025-10-15 12:32:51,,385349,862689070136657,3395,GTCRD,,,,,,,,,,,,,,,,,,,,,,,,,,,,,,,,,,,,,,,,,,,,,,,,,,,,2025-10-15 12:37:25
2025-10-15 12:37:28,2025-10-15 12:32:51,,385349,862689070136657,3396,GTCRD,,,,,,,,,,,,,,,,,,,,,,,,,,,,,,,,,,,,,,,,,,,,,,,,,,,,2025-10-15 12:37:28
2025-10-15 12:37:30,2025-10-15 12:32:52,,385349,862689070136657,3397,GTCRD,,,,,,,,,,,,,,,,,,,,,,,,,,,,,,,,,,,,,,,,,,,,,,,,,,,,2025-10-15 12:37:30
2025-10-15 12:37:32,2025-10-15 12:32:52,,385349,862689070136657,3398,GTCRD,,,,,,,,,,,,,,,,,,,,,,,,,,,,,,,,,,,,,,,,,,,,,,,,,,,,2025-10-15 12:37:32
2025-10-15 12:37:34,2025-10-15 12:32:52,,385349,862689070136657,3399,GTCRD,,,,,,,,,,,,,,,,,,,,,,,,,,,,,,,,,,,,,,,,,,,,,,,,,,,,2025-10-15 12:37:34
2025-10-15 12:37:37,2025-10-15 12:32:52,,385349,862689070136657,3400,GTCRD,,,,,,,,,,,,,,,,,,,,,,,,,,,,,,,,,,,,,,,,,,,,,,,,,,,,2025-10-15 12:37:37
2025-10-15 12:37:39,2025-10-15 12:32:52,,385349,862689070136657,3401,GTCRD,,,,,,,,,,,,,,,,,,,,,,,,,,,,,,,,,,,,,,,,,,,,,,,,,,,,2025-10-15 12:37:39
2025-10-15 12:37:41,2025-10-15 12:32:52,,385349,862689070136657,3402,GTCRD,,,,,,,,,,,,,,,,,,,,,,,,,,,,,,,,,,,,,,,,,,,,,,,,,,,,2025-10-15 12:37:41
2025-10-15 12:37:44,2025-10-15 12:32:52,,385349,862689070136657,3403,GTCRD,,,,,,,,,,,,,,,,,,,,,,,,,,,,,,,,,,,,,,,,,,,,,,,,,,,,2025-10-15 12:37:44
2025-10-15 12:37:46,2025-10-15 12:32:52,,385349,862689070136657,3404,GTCRD,,,,,,,,,,,,,,,,,,,,,,,,,,,,,,,,,,,,,,,,,,,,,,,,,,,,2025-10-15 12:37:46
2025-10-15 12:37:48,2025-10-15 12:32:52,,385349,862689070136657,3405,GTCRD,,,,,,,,,,,,,,,,,,,,,,,,,,,,,,,,,,,,,,,,,,,,,,,,,,,,2025-10-15 12:37:48
2025-10-15 12:37:50,2025-10-15 12:32:52,,385349,862689070136657,3406,GTCRD,,,,,,,,,,,,,,,,,,,,,,,,,,,,,,,,,,,,,,,,,,,,,,,,,,,,2025-10-15 12:37:50
2025-10-15 12:37:53,2025-10-15 12:32:52,,385349,862689070136657,3407,GTCRD,,,,,,,,,,,,,,,,,,,,,,,,,,,,,,,,,,,,,,,,,,,,,,,,,,,,2025-10-15 12:37:53
2025-10-15 12:37:55,2025-10-15 12:32:56,,385349,862689070136657,3408,GTCRD,,,,,,,,,,,,,,,,,,,,,,,,,,,,,,,,,,,,,,,,,,,,,,,,,,,,2025-10-15 12:37:55
2025-10-15 12:37:57,2025-10-15 12:32:56,,385349,862689070136657,3409,GTCRD,,,,,,,,,,,,,,,,,,,,,,,,,,,,,,,,,,,,,,,,,,,,,,,,,,,,2025-10-15 12:37:57
2025-10-15 12:38:00,2025-10-15 12:32:56,,385349,862689070136657,3410,GTCRD,,,,,,,,,,,,,,,,,,,,,,,,,,,,,,,,,,,,,,,,,,,,,,,,,,,,2025-10-15 12:38:00
2025-10-15 12:38:02,2025-10-15 12:32:56,,385349,862689070136657,3411,GTCRD,,,,,,,,,,,,,,,,,,,,,,,,,,,,,,,,,,,,,,,,,,,,,,,,,,,,2025-10-15 12:38:02
2025-10-15 12:38:04,2025-10-15 12:32:56,,385349,862689070136657,3412,GTCRD,,,,,,,,,,,,,,,,,,,,,,,,,,,,,,,,,,,,,,,,,,,,,,,,,,,,2025-10-15 12:38:04
2025-10-15 12:38:06,2025-10-15 12:32:56,,385349,862689070136657,3413,GTCRD,,,,,,,,,,,,,,,,,,,,,,,,,,,,,,,,,,,,,,,,,,,,,,,,,,,,2025-10-15 12:38:06
2025-10-15 12:38:09,2025-10-15 12:32:56,,385349,862689070136657,3414,GTCRD,,,,,,,,,,,,,,,,,,,,,,,,,,,,,,,,,,,,,,,,,,,,,,,,,,,,2025-10-15 12:38:09
2025-10-15 12:38:11,2025-10-15 12:32:56,,385349,862689070136657,3415,GTCRD,,,,,,,,,,,,,,,,,,,,,,,,,,,,,,,,,,,,,,,,,,,,,,,,,,,,2025-10-15 12:38:11
2025-10-15 12:38:13,2025-10-15 12:32:56,,385349,862689070136657,3416,GTCRD,,,,,,,,,,,,,,,,,,,,,,,,,,,,,,,,,,,,,,,,,,,,,,,,,,,,2025-10-15 12:38:13
2025-10-15 12:38:16,2025-10-15 12:32:56,,385349,862689070136657,3417,GTCRD,,,,,,,,,,,,,,,,,,,,,,,,,,,,,,,,,,,,,,,,,,,,,,,,,,,,2025-10-15 12:38:16
2025-10-15 12:38:18,2025-10-15 12:32:56,,385349,862689070136657,3418,GTCRD,,,,,,,,,,,,,,,,,,,,,,,,,,,,,,,,,,,,,,,,,,,,,,,,,,,,2025-10-15 12:38:18
2025-10-15 12:38:20,2025-10-15 12:32:56,,385349,862689070136657,3419,GTCRD,,,,,,,,,,,,,,,,,,,,,,,,,,,,,,,,,,,,,,,,,,,,,,,,,,,,2025-10-15 12:38:20
2025-10-15 12:38:23,2025-10-15 12:32:56,,385349,862689070136657,3420,GTCRD,,,,,,,,,,,,,,,,,,,,,,,,,,,,,,,,,,,,,,,,,,,,,,,,,,,,2025-10-15 12:38:23
2025-10-15 12:38:25,2025-10-15 12:32:56,,385349,862689070136657,3421,GTCRD,,,,,,,,,,,,,,,,,,,,,,,,,,,,,,,,,,,,,,,,,,,,,,,,,,,,2025-10-15 12:38:25
2025-10-15 12:38:27,2025-10-15 12:32:56,,385349,862689070136657,3422,GTCRD,,,,,,,,,,,,,,,,,,,,,,,,,,,,,,,,,,,,,,,,,,,,,,,,,,,,2025-10-15 12:38:27
2025-10-15 12:38:32,2025-10-15 12:33:53,2025-10-15 12:33:49,385349,862689070136657,3423,GTERI,4.17,00008200,698407,13992,81,00,21,,,14,1,0724,0005,0607,4E63,0.0,15,503.2,-23.601570,-49.627643,733.1,,22,0,1,900,,,,,,,,,,,,,,,,1,0.0,15,503.2,-49.627643,-23.601570,2025-10-15 12:33:53,14,733.2,10,2025-10-15 12:38:32
2025-10-15 12:38:33,2025-10-15 12:36:19,2025-10-15 12:36:19,385349,862689070136657,3425,GTIGF,4.17,,698407,12793,80,00,12,4491,,17,0,0724,0005,0607,4E63,0.0,138,502.0,-23.601558,-49.627622,733.1,,,,,,,,,,,,,,,,,,,,,,,,,,,,,,,2025-10-15 12:38:33
2025-10-15 12:38:35,2025-10-15 12:36:20,2025-10-15 12:36:20,385349,862689070136657,3426,GTERI,4.17,00008200,698407,12720,80,00,12,,,17,1,0724,0005,0607,4E63,0.0,138,502.0,-23.601558,-49.627622,733.1,,22,0,1,900,,,,,,,,,,,,,,,,1,0.0,138,502.0,-49.627622,-23.601558,2025-10-15 12:36:20,17,733.1,10,2025-10-15 12:38:35
2025-10-15 12:59:47,2025-10-15 12:59:07,2025-10-15 12:36:20,385349,862689070136657,3427,GTIGN,4.12,,698407,12817,81,00,22,,1368,17,1,0724,0005,0607,4E62,0.0,138,502.0,-23.601558,-49.627622,733.1,,,,,,,,,,,,,,,,,,,,,,,,,,,,,,,2025-10-15 12:59:47
2025-10-15 13:02:55,2025-10-15 12:59:22,2025-10-15 12:59:22,385349,862689070136657,3429,GTERI,4.12,00008200,698407,13959,81,00,22,,,12,1,0724,0005,0607,4E62,11.4,9,508.0,-23.601328,-49.627603,733.1,,20,0,1,900,,,,,,,,,,,,,,,,1,11.4,9,508.0,-49.627603,-23.601328,2025-10-15 12:59:22,12,733.1,10,2025-10-15 13:02:55
2025-10-15 13:04:30,2025-10-15 13:01:17,2025-10-15 13:01:17,385349,862689070136657,3431,GTIGF,4.18,,698407,13774,80,00,12,130,,12,0,0724,0005,0607,4E62,0.0,222,523.1,-23.605542,-49.629295,733.6,,,,,,,,,,,,,,,,,,,,,,,,,,,,,,,2025-10-15 13:04:30
2025-10-15 13:04:31,2025-10-15 13:01:18,2025-10-15 13:01:18,385349,862689070136657,3432,GTERI,4.18,00008200,698407,12913,80,00,12,,,13,1,0724,0005,0607,4E62,0.0,222,523.1,-23.605542,-49.629295,733.6,,24,0,1,900,,,,,,,,,,,,,,,,1,0.0,222,523.1,-49.629295,-23.605542,2025-10-15 13:01:18,13,733.6,10,2025-10-15 13:04:31
2025-10-15 13:38:03,2025-10-15 13:15:13,2025-10-15 13:01:18,385349,862689070136657,3433,GTIGN,4.13,,698407,12849,81,00,22,,836,13,1,0724,0005,0607,4E62,0.0,222,523.1,-23.605542,-49.629295,733.6,,,,,,,,,,,,,,,,,,,,,,,,,,,,,,,2025-10-15 13:38:03
2025-10-15 13:38:07,2025-10-15 13:15:24,2025-10-15 13:15:24,385349,862689070136657,3435,GTERI,4.13,00008200,698407,13943,81,00,22,,,13,1,0724,0005,0607,4E62,10.0,199,533.9,-23.605742,-49.629395,733.6,,26,0,1,900,,,,,,,,,,,,,,,,1,10.0,199,533.9,-49.629395,-23.605742,2025-10-15 13:15:24,13,733.6,10,2025-10-15 13:38:07
2025-10-15 13:39:13,2025-10-15 13:18:24,2025-10-15 13:18:19,385349,862689070136657,3437,GTERI,4.18,00008200,698407,13935,81,00,21,,,17,1,0724,0005,0607,4E62,0.0,223,527.6,-23.606332,-49.629903,733.7,,25,0,1,900,,,,,,,,,,,,,,,,1,25.8,214,526.4,-49.629862,-23.606392,2025-10-15 13:15:37,15,733.7,10,2025-10-15 13:39:13
2025-10-15 13:40:18,2025-10-15 13:21:24,2025-10-15 13:21:19,385349,862689070136657,3440,GTERI,4.18,00008200,698407,13903,81,00,21,,,16,1,0724,0005,0607,4E62,0.0,223,527.6,-23.606332,-49.629903,733.7,,25,0,1,900,,,,,,,,,,,,,,,,1,0.0,223,527.6,-49.629903,-23.606332,2025-10-15 13:21:23,16,733.7,10,2025-10-15 13:40:18
2025-10-15 13:41:25,2025-10-15 13:24:24,2025-10-15 13:24:19,385349,862689070136657,3442,GTERI,4.18,00008200,698407,14008,81,00,22,,,19,1,0724,0005,0607,4E62,36.1,224,535.7,-23.607902,-49.631395,733.9,,20,0,1,900,,,,,,,,,,,,,,,,1,36.1,224,535.7,-49.631395,-23.607902,2025-10-15 13:24:19,18,733.9,10,2025-10-15 13:41:25
2025-10-15 13:50:13,2025-10-15 13:39:24,2025-10-15 13:39:19,385349,862689070136657,3450,GTERI,4.17,00008200,698407,14024,81,00,22,,,17,1,0724,0003,A21E,01502435,69.3,201,719.5,-23.631553,-49.785488,752.5,,0,0,3,1,,,,,,,,,,,,,,,,1,103.7,235,735.4,-49.776532,-23.624297,2025-10-15 13:37:59,17,751.2,10,2025-10-15 13:50:13
2025-10-15 13:50:13,2025-10-15 13:36:24,2025-10-15 13:36:19,385349,862689070136657,3449,GTERI,4.17,00008200,698407,14024,81,00,22,,,16,1,0724,0003,A21E,01502435,69.7,269,697.6,-23.614365,-49.759943,748.9,,5,0,3,1,,,,,,,,,,,,,,,,1,100.9,340,641.0,-49.735603,-23.623527,2025-10-15 13:33:58,17,745.8,10,2025-10-15 13:50:13
2025-10-15 13:50:13,2025-10-15 13:33:24,2025-10-15 13:33:19,385349,862689070136657,3447,GTERI,4.18,00008200,698407,13992,81,00,22,,,16,1,0724,0005,0607,27DF,103.5,258,632.9,-23.625022,-49.728593,744.9,,6,0,0,0,,,,,,,,,,,,,,,,1,108.0,257,624.7,-49.727148,-23.624763,2025-10-15 13:33:14,17,744.7,10,2025-10-15 13:50:13
2025-10-15 13:50:13,2025-10-15 13:30:24,2025-10-15 13:30:19,385349,862689070136657,3446,GTERI,4.19,00008200,698407,14008,81,00,22,,,18,1,0724,0005,9D16,0227440B,77.8,260,616.8,-23.620582,-49.692742,740.9,,7,0,2,28,,,,,,,,,,,,,,,,1,81.6,262,612.0,-49.691057,-23.620318,2025-10-15 13:30:11,18,740.6,10,2025-10-15 13:50:13
2025-10-15 13:50:13,2025-10-15 13:27:24,2025-10-15 13:27:19,385349,862689070136657,3445,GTERI,4.19,00008200,698407,14008,81,00,22,,,16,1,0724,0005,0607,4E62,60.5,269,503.0,-23.614007,-49.659747,737.2,,20,0,0,0,,,,,,,,,,,,,,,,1,86.2,239,495.7,-49.657033,-23.614233,2025-10-15 13:27:05,16,736.9,10,2025-10-15 13:50:13
2025-10-15 13:50:14,2025-10-15 13:41:51,2025-10-15 13:41:50,385349,862689070136657,3455,GTSPD,4.17,,698407,14008,81,00,22,,,16,1,0724,0003,A21E,01502435,106.1,225,624.0,-23.657025,-49.805695,756.2,,,,,,,,,,,,,,,,,,,,,,,,,,,,,,,2025-10-15 13:50:14
2025-10-15 13:50:14,2025-10-15 13:41:49,2025-10-15 13:41:48,385349,862689070136657,3454,GTDOG,,,,,,,,,,,,,,,,,,,,,,,,,,,,,,,,,,,,,,,,,,,,,,,,,,,,2025-10-15 13:50:14
2025-10-15 13:50:14,2025-10-15 13:41:46,2025-10-15 13:41:45,385349,862689070136657,3453,GTSPD,4.17,,698407,14008,81,00,22,,,16,1,0724,0003,A21E,01502435,112.0,222,621.6,-23.656058,-49.804593,756.1,,,,,,,,,,,,,,,,,,,,,,,,,,,,,,,2025-10-15 13:50:14
2025-10-15 13:50:14,2025-10-15 13:41:32,2025-10-15 13:41:31,385349,862689070136657,3452,GTSPD,4.17,,698407,14008,81,00,22,,,16,1,0724,0003,A21E,01502435,105.8,202,595.1,-23.652995,-49.802143,755.7,,,,,,,,,,,,,,,,,,,,,,,,,,,,,,,2025-10-15 13:50:14
2025-10-15 13:50:14,2025-10-15 13:40:50,2025-10-15 13:40:49,385349,862689070136657,3451,GTSPD,4.17,,698407,14008,81,00,22,,,17,1,0724,0003,A21E,01502435,115.2,199,660.7,-23.641650,-49.798345,754.3,,,,,,,,,,,,,,,,,,,,,,,,,,,,,,,2025-10-15 13:50:14
2025-10-15 13:50:15,2025-10-15 13:42:45,2025-10-15 13:42:44,385349,862689070136657,3458,GTERI,4.17,00008200,698407,14000,81,00,22,,,14,1,0724,0005,BFF7,0690940A,78.0,198,668.1,-23.668197,-49.809483,757.2,,7,0,2,28,,,,,,,,,,,,,,,,1,78.0,198,668.1,-49.809483,-23.668197,2025-10-15 13:42:44,14,757.2,10,2025-10-15 13:50:15
2025-10-15 13:50:15,2025-10-15 13:42:45,2025-10-15 13:42:44,385349,862689070136657,3457,GTRTL,4.17,,698407,14000,81,00,22,,,14,1,0724,0005,BFF7,0690940A,78.0,198,668.1,-23.668197,-49.809483,757.2,,,,,,,,,,,,,,,,,,,,,,,,,,,,,,,2025-10-15 13:50:15
2025-10-15 14:05:50,2025-10-15 13:45:42,2025-10-15 13:45:37,385349,862689070136657,3460,GTERI,4.17,00008200,698407,14024,81,00,22,,,17,1,0724,0005,BFF7,0690940A,92.9,303,686.9,-23.669932,-49.840212,760.9,,31,0,2,28,,,,,,,,,,,,,,,,1,104.5,247,671.2,-49.813558,-23.670322,2025-10-15 13:43:02,18,757.7,10,2025-10-15 14:05:50
2025-10-15 14:05:51,2025-10-15 13:51:42,2025-10-15 13:51:37,385349,862689070136657,3465,GTERI,4.17,00008200,698407,14032,81,00,22,,,13,1,0724,0005,0607,4EFF,99.3,351,703.0,-23.625700,-49.841810,766.9,,10,0,1,1800,,,,,,,,,,,,,,,,1,107.2,332,661.7,-49.841180,-23.632847,2025-10-15 13:51:08,15,766.0,10,2025-10-15 14:05:51
2025-10-15 14:05:51,2025-10-15 13:48:42,2025-10-15 13:48:37,385349,862689070136657,3463,GTERI,4.17,00008200,698407,13976,81,00,22,,,15,1,0724,0005,BFF7,0690940A,0.0,52,644.7,-23.643700,-49.840808,764.4,,7,0,2,28,,,,,,,,,,,,,,,,1,94.8,0,685.0,-49.846032,-23.658972,2025-10-15 13:46:35,16,762.3,10,2025-10-15 14:05:51
2025-10-15 14:05:52,2025-10-15 13:54:32,2025-10-15 13:54:32,385349,862689070136657,3467,GTRTL,4.17,,698407,13992,81,00,22,,,14,1,,,,,97.2,342,669.3,-23.591843,-49.866140,771.2,,,,,,,,,,,,,,,,,,,,,,,,,,,,,,,2025-10-15 14:05:52
2025-10-15 14:05:52,2025-10-15 13:53:37,2025-10-15 13:53:36,385349,862689070136657,3466,GTDOG,,,,,,,,,,,,,,,,,,,,,,,,,,,,,,,,,,,,,,,,,,,,,,,,,,,,2025-10-15 14:05:52
2025-10-15 14:05:53,2025-10-15 13:57:29,2025-10-15 13:57:25,385349,862689070136657,3469,GTERI,4.17,00008200,698407,14000,81,00,22,,,15,1,0724,0005,BFF7,06902909,68.4,301,629.8,-23.564775,-49.892593,775.5,,13,0,0,0,,,,,,,,,,,,,,,,1,98.7,342,668.3,-49.866302,-23.591342,2025-10-15 13:54:34,14,771.3,10,2025-10-15 14:05:53
2025-10-15 14:05:53,2025-10-15 13:54:32,2025-10-15 13:54:32,385349,862689070136657,3468,GTERI,4.17,00008200,698407,13992,81,00,22,,,14,1,,,,,97.2,342,669.3,-23.591843,-49.866140,771.2,,13,0,0,0,,,,,,,,,,,,,,,,1,97.2,342,669.3,-49.866140,-23.591843,2025-10-15 13:54:32,14,771.2,10,2025-10-15 14:05:53
2025-10-15 14:05:54,2025-10-15 14:00:53,2025-10-15 14:00:53,385349,862689070136657,3473,GTSPD,4.17,,698407,13992,81,00,22,,,12,1,0724,0005,0607,00AA,113.1,326,662.8,-23.538788,-49.915230,779.3,,,,,,,,,,,,,,,,,,,,,,,,,,,,,,,2025-10-15 14:05:54
2025-10-15 14:05:54,2025-10-15 14:00:29,2025-10-15 14:00:25,385349,862689070136657,3472,GTERI,4.17,00008200,698407,13992,81,00,22,,,11,1,0724,0005,0607,00AA,75.4,331,648.6,-23.544723,-49.912765,778.6,,18,0,1,900,,,,,,,,,,,,,,,,1,79.7,339,646.3,-49.913113,-23.544018,2025-10-15 14:00:29,11,778.7,10,2025-10-15 14:05:54
2025-10-15 14:05:55,2025-10-15 14:01:07,2025-10-15 14:01:07,385349,862689070136657,3474,GTSPD,4.17,,698407,14032,81,00,22,,,16,1,0724,0005,0607,00AA,109.5,346,684.3,-23.535390,-49.917392,779.7,,,,,,,,,,,,,,,,,,,,,,,,,,,,,,,2025-10-15 14:05:55
2025-10-15 14:05:56,2025-10-15 14:03:29,2025-10-15 14:03:25,385349,862689070136657,3476,GTERI,4.17,00008200,698407,14008,81,00,22,,,13,1,0724,0005,0607,00AA,54.5,330,629.9,-23.510662,-49.920715,782.6,,18,0,1,900,,,,,,,,,,,,,,,,1,109.8,354,685.0,-49.917478,-23.534838,2025-10-15 14:01:09,16,779.8,10,2025-10-15 14:05:56
2025-10-15 14:05:58,2025-10-15 14:05:57,2025-10-15 14:05:57,385349,862689070136657,3478,GTIGF,4.17,,698407,13710,80,00,12,1388,,9,0,0724,0005,0607,C3DE,4.9,149,619.4,-23.497172,-49.930457,784.7,,,,,,,,,,,,,,,,,,,,,,,,,,,,,,,2025-10-15 14:05:58
2025-10-15 14:05:59,2025-10-15 14:05:58,2025-10-15 14:05:58,385349,862689070136657,3479,GTERI,4.17,00008200,698407,12809,80,00,12,,,9,1,0724,0005,0607,C3DE,4.9,149,619.4,-23.497172,-49.930457,784.7,,14,0,1,1800,,,,,,,,,,,,,,,,1,4.9,149,619.4,-49.930457,-23.497172,2025-10-15 14:05:58,9,784.7,10,2025-10-15 14:05:59
2025-10-15 14:06:54,2025-10-15 14:06:53,2025-10-15 14:05:58,385349,862689070136657,3480,GTIGN,4.17,,698407,12938,81,00,21,,56,9,1,0724,0005,0607,C3DE,4.9,149,619.4,-23.497172,-49.930457,784.7,,,,,,,,,,,,,,,,,,,,,,,,,,,,,,,2025-10-15 14:06:54
2025-10-15 14:07:04,2025-10-15 14:07:03,2025-10-15 14:05:58,385349,862689070136657,3482,GTIGF,4.17,,698407,13895,80,00,12,10,,0,0,0724,0005,0607,C3DE,4.9,149,619.4,-23.497172,-49.930457,784.7,,,,,,,,,,,,,,,,,,,,,,,,,,,,,,,2025-10-15 14:07:04
2025-10-15 14:07:13,2025-10-15 14:07:12,2025-10-15 14:07:12,385349,862689070136657,3483,GTERI,4.16,00008200,698407,13163,80,00,12,,,8,1,0724,0005,0607,C3DE,4.9,149,619.4,-23.497172,-49.930457,784.7,,14,0,1,1800,,,,,,,,,,,,,,,,1,4.9,149,619.4,-49.930457,-23.497172,2025-10-15 14:07:12,8,784.7,10,2025-10-15 14:07:13
2025-10-15 14:15:02,2025-10-15 14:15:01,2025-10-15 14:07:12,385349,862689070136657,3484,GTIGN,4.16,,698407,12865,81,00,21,,478,8,0,0724,0005,0607,C3DE,4.9,149,619.4,-23.497172,-49.930457,784.7,,,,,,,,,,,,,,,,,,,,,,,,,,,,,,,2025-10-15 14:15:02
2025-10-15 14:15:25,2025-10-15 14:15:24,2025-10-15 14:15:24,385349,862689070136657,3486,GTERI,4.16,00008200,698407,13959,81,00,22,,,11,1,0724,0005,0607,C3DE,20.5,77,612.6,-23.497092,-49.930190,784.7,,15,0,1,1800,,,,,,,,,,,,,,,,1,20.5,77,612.6,-49.930190,-23.497092,2025-10-15 14:15:24,11,784.7,10,2025-10-15 14:15:25
2025-10-15 14:18:22,2025-10-15 14:18:19,2025-10-15 14:18:15,385349,862689070136657,3488,GTERI,4.19,00008200,698407,13984,81,00,22,,,10,1,0724,0005,0607,C3DE,6.2,65,617.4,-23.498137,-49.923513,786.4,,11,0,1,1800,,,,,,,,,,,,,,,,1,83.4,207,611.0,-49.930757,-23.499360,2025-10-15 14:15:55,12,785.1,10,2025-10-15 14:18:22
2025-10-15 14:20:54,2025-10-15 14:20:53,2025-10-15 14:20:53,385349,862689070136657,3490,GTIGF,4.19,,698407,12817,80,00,12,352,,9,0,0724,0005,0607,C3DE,0.0,340,614.8,-23.498648,-49.924058,786.7,,,,,,,,,,,,,,,,,,,,,,,,,,,,,,,2025-10-15 14:20:54
2025-10-15 14:20:55,2025-10-15 14:20:54,2025-10-15 14:20:54,385349,862689070136657,3491,GTERI,4.19,00008200,698407,12769,80,00,12,,,9,1,0724,0005,0607,C3DE,0.0,340,614.8,-23.498648,-49.924058,786.7,,12,0,1,1800,,,,,,,,,,,,,,,,1,0.0,340,614.8,-49.924058,-23.498648,2025-10-15 14:20:54,9,786.7,10,2025-10-15 14:20:55
2025-10-15 15:20:51,2025-10-15 15:20:49,2025-10-15 15:18:29,385349,862689070136657,3492,GTERI,4.14,00008200,698407,13066,80,00,11,,,9,1,0724,0005,0607,C3DE,0.0,340,614.8,-23.498648,-49.924058,786.7,,13,0,1,1800,,,,,,,,,,,,,,,,1,0.0,340,614.8,-49.924058,-23.498648,2025-10-15 15:18:29,9,786.7,10,2025-10-15 15:20:51
2025-10-15 16:07:40,2025-10-15 16:06:19,2025-10-15 15:18:29,385349,862689070136657,3493,GTIGN,4.12,,698407,13018,81,00,21,,6326,9,1,0724,0005,0607,C3DE,0.0,340,614.8,-23.498648,-49.924058,786.7,,,,,,,,,,,,,,,,,,,,,,,,,,,,,,,2025-10-15 16:07:40
2025-10-15 16:07:41,2025-10-15 16:06:35,2025-10-15 16:06:35,385349,862689070136657,3495,GTERI,4.13,00008200,698407,13927,81,00,21,,,7,1,0724,0005,0607,4EAE,2.0,41,616.8,-23.498635,-49.923988,786.7,,15,0,1,900,,,,,,,,,,,,,,,,1,2.0,41,616.8,-49.923988,-23.498635,2025-10-15 16:06:35,7,786.7,10,2025-10-15 16:07:41
2025-10-15 16:09:35,2025-10-15 16:09:34,2025-10-15 16:09:30,385349,862689070136657,3496,GTERI,4.18,00008200,698407,13976,81,00,22,,,13,1,0724,0005,0607,C3DE,27.2,253,627.6,-23.499755,-49.929097,787.2,,11,0,1,1800,,,,,,,,,,,,,,,,1,31.0,250,627.6,-49.928395,-23.499545,2025-10-15 16:09:21,12,787.2,10,2025-10-15 16:09:35
2025-10-15 16:12:35,2025-10-15 16:12:34,2025-10-15 16:12:30,385349,862689070136657,3499,GTERI,4.18,00008200,698407,13967,81,00,22,,,14,1,0724,0005,BFF7,068FF106,64.7,286,520.0,-23.487367,-49.945463,790.2,,31,0,2,3,,,,,,,,,,,,,,,,1,84.4,289,557.8,-49.938375,-23.487783,2025-10-15 16:11:47,14,789.4,10,2025-10-15 16:12:35
2025-10-15 16:13:51,2025-10-15 16:13:51,2025-10-15 16:13:50,385349,862689070136657,3501,GTSPD,4.18,,698407,13984,81,00,22,,,11,1,0724,0005,BFF7,068FF106,111.1,292,567.9,-23.476193,-49.955913,791.8,,,,,,,,,,,,,,,,,,,,,,,,,,,,,,,2025-10-15 16:13:51
2025-10-15 16:14:04,2025-10-15 16:14:04,2025-10-15 16:14:04,385349,862689070136657,3502,GTSPD,4.18,,698407,13992,81,00,22,,,13,1,0724,0005,BFF7,068FF106,107.4,271,566.2,-23.475700,-49.960120,792.2,,,,,,,,,,,,,,,,,,,,,,,,,,,,,,,2025-10-15 16:14:04
2025-10-15 16:14:17,2025-10-15 16:14:16,2025-10-15 16:14:16,385349,862689070136657,3503,GTSPD,4.18,,698407,13984,81,00,22,,,12,1,0724,0005,BFF7,068FF106,110.4,271,565.7,-23.475555,-49.963698,792.6,,,,,,,,,,,,,,,,,,,,,,,,,,,,,,,2025-10-15 16:14:17
2025-10-15 16:15:37,2025-10-15 16:14:51,2025-10-15 16:14:51,385349,862689070136657,3504,GTSPD,4.18,,698407,14008,81,00,22,,,13,1,0724,0005,BFF7,068FF106,109.0,304,540.5,-23.470988,-49.972808,793.7,,,,,,,,,,,,,,,,,,,,,,,,,,,,,,,2025-10-15 16:15:37
2025-10-15 17:38:55,2025-10-15 16:14:51,2025-10-15 16:14:51,385349,862689070136657,3504,GTSPD,4.18,,698407,14008,81,00,22,,,13,1,0724,0005,BFF7,068FF106,109.0,304,540.5,-23.470988,-49.972808,793.7,,,,,,,,,,,,,,,,,,,,,,,,,,,,,,,2025-10-15 17:38:55
2025-10-15 17:38:56,2025-10-15 16:15:23,2025-10-15 16:15:23,385349,862689070136657,3506,GTSPD,4.18,,698407,13951,81,00,22,,,14,1,0724,0005,BFF7,068FF106,109.8,304,515.9,-23.465732,-49.981087,794.7,,,,,,,,,,,,,,,,,,,,,,,,,,,,,,,2025-10-15 17:38:56
2025-10-15 17:38:56,2025-10-15 16:14:59,2025-10-15 16:14:59,385349,862689070136657,3505,GTSPD,4.18,,698407,13951,81,00,22,,,11,1,0724,0005,BFF7,068FF106,112.8,303,535.6,-23.469713,-49.974812,793.9,,,,,,,,,,,,,,,,,,,,,,,,,,,,,,,2025-10-15 17:38:56
2025-10-15 17:38:57,2025-10-15 16:15:35,2025-10-15 16:15:35,385349,862689070136657,3508,GTSPD,4.18,,698407,13959,81,00,22,,,14,1,0724,0005,BFF7,068FF106,111.4,304,524.8,-23.463883,-49.984010,795.1,,,,,,,,,,,,,,,,,,,,,,,,,,,,,,,2025-10-15 17:38:57
2025-10-15 17:38:57,2025-10-15 16:15:34,2025-10-15 16:15:30,385349,862689070136657,3507,GTERI,4.18,00008200,698407,13959,81,00,22,,,14,1,0724,0005,BFF7,068FF106,108.7,304,519.7,-23.464642,-49.982778,795.0,,6,0,0,0,,,,,,,,,,,,,,,,1,110.5,304,524.0,-49.983767,-23.464035,2025-10-15 16:15:34,14,795.1,10,2025-10-15 17:38:57
2025-10-15 17:38:58,2025-10-15 16:15:51,2025-10-15 16:15:51,385349,862689070136657,3511,GTSPD,4.18,,698407,13992,81,00,22,,,13,1,0724,0005,BFF7,068FF106,111.3,292,536.3,-23.461518,-49.988057,795.6,,,,,,,,,,,,,,,,,,,,,,,,,,,,,,,2025-10-15 17:38:58
2025-10-15 17:38:58,2025-10-15 16:15:42,2025-10-15 16:15:42,385349,862689070136657,3510,GTSPD,4.18,,698407,13984,81,00,22,,,14,1,0724,0005,BFF7,068FF106,109.8,303,530.6,-23.462767,-49.985728,795.3,,,,,,,,,,,,,,,,,,,,,,,,,,,,,,,2025-10-15 17:38:58
2025-10-15 17:38:59,2025-10-15 16:16:14,2025-10-15 16:16:14,385349,862689070136657,3513,GTSPD,4.18,,698407,14000,81,00,22,,,13,1,0724,0005,BFF7,068FF106,113.5,293,540.1,-23.459317,-49.994037,796.2,,,,,,,,,,,,,,,,,,,,,,,,,,,,,,,2025-10-15 17:38:59
2025-10-15 17:38:59,2025-10-15 16:15:58,2025-10-15 16:15:58,385349,862689070136657,3512,GTSPD,4.18,,698407,13984,81,00,22,,,13,1,0724,0005,BFF7,068FF106,102.6,291,543.1,-23.460805,-49.989965,795.8,,,,,,,,,,,,,,,,,,,,,,,,,,,,,,,2025-10-15 17:38:59
2025-10-15 17:39:00,2025-10-15 16:16:25,2025-10-15 16:16:24,385349,862689070136657,3515,GTSPD,4.18,,698407,13976,81,00,22,,,15,1,0724,0005,BFF7,068FF106,112.0,292,546.7,-23.458217,-49.996830,796.5,,,,,,,,,,,,,,,,,,,,,,,,,,,,,,,2025-10-15 17:39:00
2025-10-15 17:39:00,2025-10-15 16:16:21,2025-10-15 16:16:20,385349,862689070136657,3514,GTSPD,4.18,,698407,14008,81,00,22,,,15,1,0724,0005,BFF7,068FF106,109.6,291,542.5,-23.458650,-49.995730,796.4,,,,,,,,,,,,,,,,,,,,,,,,,,,,,,,2025-10-15 17:39:00
2025-10-15 17:39:01,2025-10-15 16:16:58,2025-10-15 16:16:58,385349,862689070136657,3517,GTSPD,4.18,,698407,13992,81,00,22,,,13,1,0724,0005,BFF7,068FF106,110.8,325,535.6,-23.451272,-50.003567,797.6,,,,,,,,,,,,,,,,,,,,,,,,,,,,,,,2025-10-15 17:39:01
2025-10-15 17:39:01,2025-10-15 16:16:49,2025-10-15 16:16:49,385349,862689070136657,3516,GTSPD,4.18,,698407,13976,81,00,22,,,14,1,0724,0005,BFF7,068FF106,109.6,325,535.7,-23.453335,-50.002043,797.3,,,,,,,,,,,,,,,,,,,,,,,,,,,,,,,2025-10-15 17:39:01
2025-10-15 17:39:02,2025-10-15 16:17:17,2025-10-15 16:17:17,385349,862689070136657,3519,GTSPD,4.18,,698407,13967,81,00,22,,,14,1,0724,0005,BFF7,068FF106,110.8,324,523.2,-23.446908,-50.006792,798.2,,,,,,,,,,,,,,,,,,,,,,,,,,,,,,,2025-10-15 17:39:02
2025-10-15 17:39:02,2025-10-15 16:17:15,2025-10-15 16:17:15,385349,862689070136657,3518,GTSPD,4.18,,698407,13967,81,00,22,,,13,1,0724,0005,BFF7,068FF106,109.8,326,523.3,-23.447358,-50.006418,798.1,,,,,,,,,,,,,,,,,,,,,,,,,,,,,,,2025-10-15 17:39:02
2025-10-15 17:39:03,2025-10-15 16:17:31,2025-10-15 16:17:31,385349,862689070136657,3521,GTSPD,4.18,,698407,13967,81,00,22,,,14,1,0724,0005,BFF7,068FF106,111.2,325,532.7,-23.443705,-50.009128,798.6,,,,,,,,,,,,,,,,,,,,,,,,,,,,,,,2025-10-15 17:39:03
2025-10-15 17:39:03,2025-10-15 16:17:29,2025-10-15 16:17:29,385349,862689070136657,3520,GTSPD,4.18,,698407,13967,81,00,22,,,14,1,0724,0005,BFF7,068FF106,110.0,325,530.3,-23.444165,-50.008780,798.5,,,,,,,,,,,,,,,,,,,,,,,,,,,,,,,2025-10-15 17:39:03
2025-10-15 17:39:04,2025-10-15 16:18:14,2025-10-15 16:18:14,385349,862689070136657,3524,GTSPD,4.18,,698407,13992,81,00,22,,,15,1,0724,0005,0607,4ECA,111.1,325,520.9,-23.433808,-50.016443,799.9,,,,,,,,,,,,,,,,,,,,,,,,,,,,,,,2025-10-15 17:39:04
2025-10-15 17:39:04,2025-10-15 16:18:05,2025-10-15 16:18:05,385349,862689070136657,3522,GTSPD,4.18,,698407,14000,81,00,22,,,14,1,0724,0005,0607,4ECA,110.0,325,522.7,-23.435835,-50.014972,799.7,,,,,,,,,,,,,,,,,,,,,,,,,,,,,,,2025-10-15 17:39:04
2025-10-15 17:39:05,2025-10-15 16:18:34,2025-10-15 16:18:30,385349,862689070136657,3526,GTERI,4.19,00008200,698407,14008,81,00,22,,,14,1,0724,0005,0607,4ECA,83.9,326,522.2,-23.430750,-50.018703,800.4,,12,0,1,900,,,,,,,,,,,,,,,,1,95.1,325,521.4,-50.017432,-23.432480,2025-10-15 16:18:20,13,800.1,10,2025-10-15 17:39:05
2025-10-15 17:39:05,2025-10-15 16:18:18,2025-10-15 16:18:18,385349,862689070136657,3525,GTSPD,4.18,,698407,13992,81,00,22,,,14,1,0724,0005,0607,4ECA,103.0,325,520.9,-23.432900,-50.017115,800.1,,,,,,,,,,,,,,,,,,,,,,,,,,,,,,,2025-10-15 17:39:05
2025-10-15 17:39:06,2025-10-15 16:18:51,2025-10-15 16:18:51,385349,862689070136657,3528,GTSPD,4.19,,698407,13992,81,00,22,,,15,1,0724,0005,0607,4ECA,110.0,325,511.0,-23.426418,-50.021918,800.9,,,,,,,,,,,,,,,,,,,,,,,,,,,,,,,2025-10-15 17:39:06
2025-10-15 17:39:06,2025-10-15 16:18:44,2025-10-15 16:18:44,385349,862689070136657,3527,GTSPD,4.19,,698407,14000,81,00,22,,,14,1,0724,0005,0607,4ECA,113.6,326,516.8,-23.428018,-50.020698,800.7,,,,,,,,,,,,,,,,,,,,,,,,,,,,,,,2025-10-15 17:39:06
2025-10-15 17:39:07,2025-10-15 16:19:07,2025-10-15 16:19:07,385349,862689070136657,3530,GTSPD,4.19,,698407,14000,81,00,22,,,14,1,0724,0005,0607,4ECA,109.9,326,512.5,-23.422748,-50.024573,801.4,,,,,,,,,,,,,,,,,,,,,,,,,,,,,,,2025-10-15 17:39:07
2025-10-15 17:39:07,2025-10-15 16:19:03,2025-10-15 16:19:03,385349,862689070136657,3529,GTSPD,4.19,,698407,14000,81,00,22,,,13,1,0724,0005,0607,4ECA,110.3,325,512.9,-23.423660,-50.023907,801.3,,,,,,,,,,,,,,,,,,,,,,,,,,,,,,,2025-10-15 17:39:07
2025-10-15 17:39:08,2025-10-15 16:19:14,2025-10-15 16:19:14,385349,862689070136657,3532,GTSPD,4.19,,698407,14008,81,00,22,,,14,1,0724,0005,0607,4ECA,109.3,325,512.1,-23.421147,-50.025765,801.6,,,,,,,,,,,,,,,,,,,,,,,,,,,,,,,2025-10-15 17:39:08
2025-10-15 17:39:08,2025-10-15 16:19:12,2025-10-15 16:19:12,385349,862689070136657,3531,GTSPD,4.19,,698407,14000,81,00,22,,,14,1,0724,0005,0607,4ECA,110.4,325,512.4,-23.421598,-50.025428,801.6,,,,,,,,,,,,,,,,,,,,,,,,,,,,,,,2025-10-15 17:39:08
2025-10-15 17:39:09,2025-10-15 16:19:27,2025-10-15 16:19:27,385349,862689070136657,3534,GTSPD,4.19,,698407,14000,81,00,22,,,15,1,0724,0005,0607,4ECA,109.7,325,514.8,-23.418202,-50.027975,802.0,,,,,,,,,,,,,,,,,,,,,,,,,,,,,,,2025-10-15 17:39:09
2025-10-15 17:39:09,2025-10-15 16:19:24,2025-10-15 16:19:24,385349,862689070136657,3533,GTSPD,4.19,,698407,14000,81,00,22,,,15,1,0724,0005,0607,4ECA,110.2,325,515.7,-23.418883,-50.027450,801.9,,,,,,,,,,,,,,,,,,,,,,,,,,,,,,,2025-10-15 17:39:09
2025-10-15 17:39:10,2025-10-15 16:19:55,2025-10-15 16:19:55,385349,862689070136657,3536,GTSPD,4.19,,698407,14000,81,00,22,,,14,1,0724,0005,0607,4ECA,109.0,317,515.0,-23.412315,-50.033290,802.9,,,,,,,,,,,,,,,,,,,,,,,,,,,,,,,2025-10-15 17:39:10
2025-10-15 17:39:10,2025-10-15 16:19:32,2025-10-15 16:19:32,385349,862689070136657,3535,GTSPD,4.19,,698407,13992,81,00,22,,,14,1,0724,0005,0607,4ECA,110.4,325,513.6,-23.417063,-50.028783,802.2,,,,,,,,,,,,,,,,,,,,,,,,,,,,,,,2025-10-15 17:39:10
2025-10-15 17:39:11,2025-10-15 16:20:09,2025-10-15 16:20:09,385349,862689070136657,3538,GTSPD,4.19,,698407,14000,81,00,22,,,14,1,0724,0005,0607,4ECA,109.6,334,514.1,-23.409037,-50.035548,803.3,,,,,,,,,,,,,,,,,,,,,,,,,,,,,,,2025-10-15 17:39:11
2025-10-15 17:39:11,2025-10-15 16:20:06,2025-10-15 16:20:06,385349,862689070136657,3537,GTSPD,4.19,,698407,14000,81,00,22,,,14,1,0724,0005,0607,4ECA,110.6,334,514.0,-23.409793,-50.035173,803.2,,,,,,,,,,,,,,,,,,,,,,,,,,,,,,,2025-10-15 17:39:11
2025-10-15 17:39:12,2025-10-15 16:23:24,2025-10-15 16:23:24,385349,862689070136657,3540,GTDOG,,,,,,,,,,,,,,,,,,,,,,,,,,,,,,,,,,,,,,,,,,,,,,,,,,,,2025-10-15 17:39:12
2025-10-15 17:39:12,2025-10-15 16:21:34,2025-10-15 16:21:30,385349,862689070136657,3539,GTERI,4.19,00008200,698407,14008,81,00,22,,,14,1,0724,0005,0607,4ECA,78.4,338,527.7,-23.392622,-50.041963,805.4,,12,0,1,900,,,,,,,,,,,,,,,,1,109.7,335,514.7,-50.035678,-23.408792,2025-10-15 16:20:10,14,803.4,10,2025-10-15 17:39:12
2025-10-15 17:39:13,2025-10-15 16:24:19,2025-10-15 16:24:19,385349,862689070136657,3542,GTERI,4.19,00008200,698407,14024,81,00,22,,,10,1,0724,0005,BFF7,0690B909,104.6,344,495.8,-23.377983,-50.062163,808.0,,7,0,2,28,,,,,,,,,,,,,,,,1,104.6,344,495.8,-50.062163,-23.377983,2025-10-15 16:24:19,10,808.0,10,2025-10-15 17:39:13
2025-10-15 17:39:13,2025-10-15 16:24:19,2025-10-15 16:24:19,385349,862689070136657,3541,GTRTL,4.19,,698407,14024,81,00,22,,,10,1,0724,0005,BFF7,0690B909,104.6,344,495.8,-23.377983,-50.062163,808.0,,,,,,,,,,,,,,,,,,,,,,,,,,,,,,,2025-10-15 17:39:13
2025-10-15 17:39:14,2025-10-15 16:30:16,2025-10-15 16:30:11,385349,862689070136657,3545,GTERI,4.18,00008200,698407,14016,81,00,22,,,11,1,0724,0005,BFF7,0690B909,72.1,348,461.2,-23.321862,-50.067740,814.6,,15,0,2,28,,,,,,,,,,,,,,,,1,94.6,7,446.9,-50.066800,-23.334498,2025-10-15 16:28:57,14,813.1,10,2025-10-15 17:39:14
2025-10-15 17:39:14,2025-10-15 16:27:16,2025-10-15 16:27:12,385349,862689070136657,3543,GTERI,4.19,00008200,698407,14000,81,00,22,,,13,1,0724,0005,BFF7,06903509,54.8,338,504.6,-23.351238,-50.062667,811.1,,7,0,2,28,,,,,,,,,,,,,,,,1,98.4,343,499.3,-50.062320,-23.377502,2025-10-15 16:24:21,10,808.0,10,2025-10-15 17:39:14
2025-10-15 17:39:15,2025-10-15 16:36:11,2025-10-15 16:36:11,385349,862689070136657,3549,GTDOG,,,,,,,,,,,,,,,,,,,,,,,,,,,,,,,,,,,,,,,,,,,,,,,,,,,,2025-10-15 17:39:15
2025-10-15 17:39:15,2025-10-15 16:33:16,2025-10-15 16:33:12,385349,862689070136657,3547,GTERI,4.17,00008200,698407,14000,81,00,22,,,13,1,0724,0005,BFF7,0690B909,39.4,38,479.9,-23.297588,-50.068818,817.3,,31,0,2,28,,,,,,,,,,,,,,,,1,86.4,1,490.2,-50.070067,-23.306768,2025-10-15 16:31:52,13,816.2,10,2025-10-15 17:39:15
2025-10-15 17:39:16,2025-10-15 16:37:27,2025-10-15 16:37:26,385349,862689070136657,3551,GTRTL,4.17,,698407,14024,81,00,22,,,9,1,0724,0005,BFF7,06903508,70.6,308,502.3,-23.277992,-50.062418,819.8,,,,,,,,,,,,,,,,,,,,,,,,,,,,,,,2025-10-15 17:39:16
2025-10-15 17:39:16,2025-10-15 16:36:16,2025-10-15 16:36:12,385349,862689070136657,3550,GTERI,4.17,00008200,698407,14016,81,00,22,,,14,1,0724,0005,BFF7,0690B909,59.6,5,487.2,-23.282062,-50.055915,819.5,,31,0,2,28,,,,,,,,,,,,,,,,1,68.3,34,484.1,-50.059133,-23.288022,2025-10-15 16:35:14,13,818.7,10,2025-10-15 17:39:16
2025-10-15 17:39:17,2025-10-15 16:38:58,2025-10-15 16:38:58,385349,862689070136657,3554,GTSPD,4.17,,698407,14048,81,00,22,,,14,1,0724,0005,BFF7,06903508,113.8,295,599.8,-23.274058,-50.078972,821.5,,,,,,,,,,,,,,,,,,,,,,,,,,,,,,,2025-10-15 17:39:17
2025-10-15 17:39:17,2025-10-15 16:37:27,2025-10-15 16:37:26,385349,862689070136657,3552,GTERI,4.17,00008200,698407,14024,81,00,22,,,9,1,0724,0005,BFF7,06903508,70.6,308,502.3,-23.277992,-50.062418,819.8,,15,0,2,28,,,,,,,,,,,,,,,,1,70.6,308,502.3,-50.062418,-23.277992,2025-10-15 16:37:26,9,819.8,10,2025-10-15 17:39:17
2025-10-15 17:39:18,2025-10-15 16:39:16,2025-10-15 16:39:16,385349,862689070136657,3556,GTSPD,4.17,,698407,13992,81,00,22,,,14,1,0724,0005,BFF7,06903508,114.7,274,621.5,-23.272448,-50.084368,822.1,,,,,,,,,,,,,,,,,,,,,,,,,,,,,,,2025-10-15 17:39:18
2025-10-15 17:39:18,2025-10-15 16:39:14,2025-10-15 16:39:14,385349,862689070136657,3555,GTSPD,4.17,,698407,14000,81,00,22,,,14,1,0724,0005,BFF7,06903508,109.6,275,619.3,-23.272473,-50.083770,822.1,,,,,,,,,,,,,,,,,,,,,,,,,,,,,,,2025-10-15 17:39:18
2025-10-15 17:39:19,2025-10-15 16:39:29,2025-10-15 16:39:29,385349,862689070136657,3558,GTSPD,4.17,,698407,13992,81,00,22,,,15,1,0724,0005,BFF7,06903508,111.5,292,625.7,-23.271777,-50.088082,822.5,,,,,,,,,,,,,,,,,,,,,,,,,,,,,,,2025-10-15 17:39:19
2025-10-15 17:39:19,2025-10-15 16:39:23,2025-10-15 16:39:23,385349,862689070136657,3557,GTSPD,4.17,,698407,13992,81,00,22,,,14,1,0724,0005,BFF7,06903508,106.8,280,624.8,-23.272307,-50.086423,822.3,,,,,,,,,,,,,,,,,,,,,,,,,,,,,,,2025-10-15 17:39:19
2025-10-15 17:39:20,2025-10-15 16:40:25,2025-10-15 16:40:20,385349,862689070136657,3560,GTERI,4.17,00008200,698407,14016,81,00,22,,,16,1,0724,0005,BFF7,06903508,78.2,334,639.5,-23.262582,-50.091368,823.8,,19,0,2,28,,,,,,,,,,,,,,,,1,99.9,296,626.6,-50.089112,-23.271305,2025-10-15 16:39:33,13,822.7,10,2025-10-15 17:39:20
2025-10-15 17:39:20,2025-10-15 16:39:31,2025-10-15 16:39:31,385349,862689070136657,3559,GTSPD,4.17,,698407,14000,81,00,22,,,13,1,0724,0005,BFF7,06903508,108.9,292,626.5,-23.271532,-50.088610,822.6,,,,,,,,,,,,,,,,,,,,,,,,,,,,,,,2025-10-15 17:39:20
2025-10-15 17:39:21,2025-10-15 16:46:25,2025-10-15 16:46:20,385349,862689070136657,3563,GTERI,4.17,00008200,698407,14016,81,00,22,,,16,1,0724,0005,BFF7,068FB205,87.0,319,577.3,-23.216487,-50.141870,832.0,,10,0,2,3,,,,,,,,,,,,,,,,1,108.9,316,583.6,-50.121690,-23.232070,2025-10-15 16:44:17,15,828.9,10,2025-10-15 17:39:21
2025-10-15 17:39:21,2025-10-15 16:43:25,2025-10-15 16:43:20,385349,862689070136657,3562,GTERI,4.17,00008200,698407,14008,81,00,22,,,12,1,0724,0005,BFF7,068FB205,81.4,298,604.4,-23.243157,-50.117958,827.5,,5,0,2,3,,,,,,,,,,,,,,,,1,86.1,338,639.4,-50.104575,-23.249835,2025-10-15 16:42:00,16,825.8,10,2025-10-15 17:39:21
2025-10-15 17:39:22,2025-10-15 16:46:59,2025-10-15 16:46:59,385349,862689070136657,3564,GTDOG,,,,,,,,,,,,,,,,,,,,,,,,,,,,,,,,,,,,,,,,,,,,,,,,,,,,2025-10-15 17:39:22
2025-10-15 17:39:23,2025-10-15 16:48:10,2025-10-15 16:48:10,385349,862689070136657,3567,GTSPD,4.17,,698407,14048,81,00,22,,,13,1,0724,0005,BFF7,068FB108,113.6,318,556.4,-23.205968,-50.156507,834.1,,,,,,,,,,,,,,,,,,,,,,,,,,,,,,,2025-10-15 17:39:23
2025-10-15 17:39:23,2025-10-15 16:47:55,2025-10-15 16:47:55,385349,862689070136657,3566,GTERI,4.17,00008200,698407,14040,81,00,22,,,11,1,0724,0005,BFF7,068FB108,69.5,355,556.5,-23.208512,-50.154305,833.8,,8,0,2,28,,,,,,,,,,,,,,,,1,69.5,355,556.5,-50.154305,-23.208512,2025-10-15 16:47:55,11,833.8,10,2025-10-15 17:39:23
2025-10-15 17:39:23,2025-10-15 16:47:55,2025-10-15 16:47:55,385349,862689070136657,3565,GTRTL,4.17,,698407,14040,81,00,22,,,11,1,0724,0005,BFF7,068FB108,69.5,355,556.5,-23.208512,-50.154305,833.8,,,,,,,,,,,,,,,,,,,,,,,,,,,,,,,2025-10-15 17:39:23
2025-10-15 17:39:24,2025-10-15 16:48:16,2025-10-15 16:48:16,385349,862689070136657,3568,GTSPD,4.17,,698407,14016,81,00,22,,,12,1,0724,0005,BFF7,068FB108,108.3,319,557.1,-23.204650,-50.157727,834.3,,,,,,,,,,,,,,,,,,,,,,,,,,,,,,,2025-10-15 17:39:24
2025-10-15 17:39:25,2025-10-15 16:50:52,2025-10-15 16:50:48,385349,862689070136657,3571,GTERI,4.17,00008200,698407,14016,81,00,22,,,12,1,0724,0005,BFF7,068FB205,99.6,305,431.3,-23.174915,-50.166442,838.1,,3,0,2,3,,,,,,,,,,,,,,,,1,105.6,327,435.1,-50.165135,-23.176205,2025-10-15 16:50:41,12,837.8,10,2025-10-15 17:39:25
2025-10-15 17:39:25,2025-10-15 16:49:05,2025-10-15 16:49:05,385349,862689070136657,3570,GTSPD,4.17,,698407,14008,81,00,22,,,12,1,0724,0005,BFF7,068FB205,101.4,13,523.8,-23.191278,-50.157150,835.8,,,,,,,,,,,,,,,,,,,,,,,,,,,,,,,2025-10-15 17:39:25
2025-10-15 17:39:25,2025-10-15 16:48:41,2025-10-15 16:48:41,385349,862689070136657,3569,GTSPD,4.17,,698407,14000,81,00,22,,,14,1,0724,0005,BFF7,068FB205,113.4,5,551.9,-23.198697,-50.159050,835.0,,,,,,,,,,,,,,,,,,,,,,,,,,,,,,,2025-10-15 17:39:25
2025-10-15 17:39:26,2025-10-15 16:53:52,2025-10-15 16:53:48,385349,862689070136657,3572,GTERI,4.17,00008200,698407,14016,81,00,22,,,15,1,0724,0005,BFF7,068FB205,96.3,358,410.0,-23.136518,-50.172922,842.7,,3,0,2,3,,,,,,,,,,,,,,,,1,106.1,357,424.8,-50.169080,-23.160942,2025-10-15 16:52:04,16,839.7,10,2025-10-15 17:39:26
2025-10-15 17:39:27,2025-10-15 17:02:53,2025-10-15 17:02:48,385349,862689070136657,3575,GTERI,4.17,00008200,698407,14008,81,00,22,,,14,1,0724,0003,A3AB,0187142C,35.9,274,495.5,-23.058735,-50.216777,854.1,,7,0,3,28,,,,,,,,,,,,,,,,1,72.4,311,494.2,-50.203903,-23.074555,2025-10-15 17:00:35,15,851.8,10,2025-10-15 17:39:27
2025-10-15 17:39:27,2025-10-15 16:59:53,2025-10-15 16:59:48,385349,862689070136657,3574,GTERI,4.17,00008200,698407,14008,81,00,22,,,15,1,0724,0003,A3AB,0187142C,75.1,251,511.5,-23.077380,-50.196702,851.0,,7,0,3,28,,,,,,,,,,,,,,,,1,102.8,354,522.3,-50.183315,-23.083680,2025-10-15 16:58:03,14,848.9,10,2025-10-15 17:39:27
2025-10-15 17:39:27,2025-10-15 16:56:52,2025-10-15 16:56:47,385349,862689070136657,3573,GTERI,4.17,00008200,698407,14016,81,00,22,,,13,1,0724,0005,BFF7,068FB205,85.7,335,460.2,-23.100282,-50.183382,847.0,,3,0,2,3,,,,,,,,,,,,,,,,1,104.3,351,438.1,-50.181713,-23.103840,2025-10-15 16:56:28,13,846.5,10,2025-10-15 17:39:27
2025-10-15 17:39:28,2025-10-15 17:05:53,2025-10-15 17:05:48,385349,862689070136657,3576,GTERI,4.17,00008200,698407,13976,81,00,22,,,15,1,0724,0003,A3AB,0187142C,0.0,10,489.0,-23.053020,-50.224577,855.3,,31,0,3,28,,,,,,,,,,,,,,,,1,48.3,293,492.3,-50.224812,-23.055887,2025-10-15 17:04:28,13,854.9,10,2025-10-15 17:39:28
2025-10-15 17:39:29,2025-10-15 17:11:53,2025-10-15 17:11:47,385349,862689070136657,3578,GTERI,4.17,00008200,698407,13943,81,00,22,,,13,1,0724,0003,A3AB,0187142C,0.0,271,492.9,-23.044847,-50.227270,856.9,,31,0,3,28,,,,,,,,,,,,,,,,1,41.0,46,477.2,-50.229103,-23.046580,2025-10-15 17:10:16,14,856.7,10,2025-10-15 17:39:29
2025-10-15 17:39:29,2025-10-15 17:08:53,2025-10-15 17:08:48,385349,862689070136657,3577,GTERI,4.17,00008200,698407,13976,81,00,22,,,13,1,0724,0003,A3AB,0187142C,14.5,23,482.2,-23.048510,-50.231105,856.3,,31,0,3,28,,,,,,,,,,,,,,,,1,44.1,292,485.9,-50.229743,-23.050938,2025-10-15 17:06:57,14,855.9,10,2025-10-15 17:39:29
2025-10-15 17:39:30,2025-10-15 17:12:46,2025-10-15 17:12:45,385349,862689070136657,3580,GTERI,4.17,00008200,698407,12720,80,00,11,,,14,1,0724,0003,A3AB,0187142C,0.0,88,492.5,-23.044810,-50.227237,856.9,,5,0,3,28,,,,,,,,,,,,,,,,1,0.0,88,492.5,-50.227237,-23.044810,2025-10-15 17:12:45,14,856.9,10,2025-10-15 17:39:30
2025-10-15 17:39:30,2025-10-15 17:12:45,2025-10-15 17:12:44,385349,862689070136657,3579,GTIGF,4.17,,698407,12785,80,00,11,2131,,14,0,0724,0003,A3AB,0187142C,0.0,88,492.5,-23.044810,-50.227237,856.9,,,,,,,,,,,,,,,,,,,,,,,,,,,,,,,2025-10-15 17:39:30
2025-10-15 17:39:31,2025-10-15 17:24:20,2025-10-15 17:24:20,385349,862689070136657,3583,GTERI,4.09,00008200,698407,13943,81,00,22,,,7,1,0724,0003,A3AB,0187142C,4.9,207,470.7,-23.044867,-50.227262,856.9,,31,0,3,28,,,,,,,,,,,,,,,,1,4.9,207,470.7,-50.227262,-23.044867,2025-10-15 17:24:20,7,856.9,10,2025-10-15 17:39:31
2025-10-15 17:39:31,2025-10-15 17:24:07,2025-10-15 17:12:45,385349,862689070136657,3581,GTIGN,4.09,,698407,12897,81,00,22,,682,14,1,0724,0003,A3AB,0187142C,0.0,88,492.5,-23.044810,-50.227237,856.9,,,,,,,,,,,,,,,,,,,,,,,,,,,,,,,2025-10-15 17:39:31
2025-10-15 17:39:32,2025-10-15 17:30:18,2025-10-15 17:30:13,385349,862689070136657,3585,GTERI,4.18,00008200,698407,14016,81,00,22,,,12,1,0724,0003,A3AB,0187142C,27.1,112,486.0,-23.052215,-50.226682,858.3,,31,0,3,28,,,,,,,,,,,,,,,,1,43.6,111,479.8,-50.228913,-23.051372,2025-10-15 17:29:40,11,858.1,10,2025-10-15 17:39:32
2025-10-15 17:39:32,2025-10-15 17:27:18,2025-10-15 17:27:13,385349,862689070136657,3584,GTERI,4.18,00008200,698407,13976,81,00,22,,,8,1,0724,0003,A3AB,0187142C,12.4,227,429.7,-23.048297,-50.231258,857.5,,31,0,3,28,,,,,,,,,,,,,,,,1,39.2,227,439.4,-50.229165,-23.046482,2025-10-15 17:26:10,8,857.2,10,2025-10-15 17:39:32
2025-10-15 17:39:33,2025-10-15 17:32:02,2025-10-15 17:32:01,385349,862689070136657,3587,GTERI,4.18,00008200,698407,13992,80,00,12,,,11,1,0724,0003,A3AB,0187142C,0.0,205,495.2,-23.056125,-50.225912,858.9,,31,0,3,28,,,,,,,,,,,,,,,,1,0.0,205,495.2,-50.225912,-23.056125,2025-10-15 17:32:01,11,858.9,10,2025-10-15 17:39:33
2025-10-15 17:39:33,2025-10-15 17:32:01,2025-10-15 17:32:00,385349,862689070136657,3586,GTIGF,4.18,,698407,14000,80,00,12,474,,11,0,0724,0003,A3AB,0187142C,0.0,205,495.2,-23.056125,-50.225912,858.9,,,,,,,,,,,,,,,,,,,,,,,,,,,,,,,2025-10-15 17:39:33
2025-10-15 17:58:33,2025-10-15 17:58:33,2025-10-15 17:32:01,385349,862689070136657,3588,GTIGN,4.10,,698407,12857,81,00,22,,1592,11,1,0724,0005,BFF7,068FB205,0.0,205,495.2,-23.056125,-50.225912,858.9,,,,,,,,,,,,,,,,,,,,,,,,,,,,,,,2025-10-15 17:58:33
2025-10-15 17:58:45,2025-10-15 17:58:46,2025-10-15 17:58:45,385349,862689070136657,3590,GTERI,4.11,00008200,698407,13959,81,00,22,,,9,1,0724,0005,BFF7,068FB205,7.3,200,462.7,-23.056213,-50.225998,858.9,,18,0,2,3,,,,,,,,,,,,,,,,1,7.3,200,462.7,-50.225998,-23.056213,2025-10-15 17:58:45,9,858.9,10,2025-10-15 17:58:45
2025-10-15 18:01:43,2025-10-15 18:01:43,2025-10-15 18:01:37,385349,862689070136657,3592,GTERI,4.17,00008200,698407,14008,81,00,22,,,10,1,0724,0005,BFF7,068FB204,20.0,18,465.9,-23.050722,-50.232052,860.0,,29,0,2,3,,,,,,,,,,,,,,,,1,55.9,291,471.3,-50.228265,-23.054593,2025-10-15 17:59:49,13,859.3,10,2025-10-15 18:01:43
2025-10-15 18:04:42,2025-10-15 18:04:43,2025-10-15 18:04:38,385349,862689070136657,3595,GTERI,4.18,00008200,698407,14016,81,00,22,,,12,1,0724,0005,BFF7,068FB204,28.5,46,500.5,-23.044842,-50.229097,860.9,,23,0,2,3,,,,,,,,,,,,,,,,1,31.7,316,494.2,-50.230958,-23.047268,2025-10-15 18:03:32,8,860.5,10,2025-10-15 18:04:42
2025-10-15 18:06:13,2025-10-15 18:06:14,2025-10-15 18:06:13,385349,862689070136657,3597,GTERI,4.18,00008200,698407,12841,80,00,12,,,12,1,0724,0005,BFF7,068FB204,0.0,36,474.2,-23.041302,-50.225040,861.4,,19,0,2,3,,,,,,,,,,,,,,,,1,0.0,36,474.2,-50.225040,-23.041302,2025-10-15 18:06:13,12,861.4,10,2025-10-15 18:06:13
2025-10-15 18:06:13,2025-10-15 18:06:13,2025-10-15 18:06:12,385349,862689070136657,3596,GTIGF,4.18,,698407,14024,80,00,12,460,,9,0,0724,0005,BFF7,068FB204,0.0,36,474.2,-23.041302,-50.225040,861.4,,,,,,,,,,,,,,,,,,,,,,,,,,,,,,,2025-10-15 18:06:13
2025-10-15 18:12:51,2025-10-15 18:12:51,2025-10-15 18:06:13,385349,862689070136657,3598,GTIGN,4.14,,698407,12994,81,00,21,,398,12,1,0724,0005,BFF7,068FB204,0.0,36,474.2,-23.041302,-50.225040,861.4,,,,,,,,,,,,,,,,,,,,,,,,,,,,,,,2025-10-15 18:12:51
2025-10-15 18:13:04,2025-10-15 18:13:04,2025-10-15 18:13:04,385349,862689070136657,3600,GTERI,4.14,00008200,698407,13976,81,00,22,,,9,1,0724,0005,BFF7,068FB204,20.6,42,480.1,-23.041113,-50.224892,861.4,,15,0,2,3,,,,,,,,,,,,,,,,1,20.6,42,480.1,-50.224892,-23.041113,2025-10-15 18:13:04,9,861.4,10,2025-10-15 18:13:04
2025-10-15 18:16:03,2025-10-15 18:16:03,2025-10-15 18:15:57,385349,862689070136657,3602,GTERI,4.18,00008200,698407,14024,81,00,22,,,9,1,0724,0005,BFF7,068FB204,26.5,54,454.7,-23.035168,-50.219467,862.4,,9,0,2,3,,,,,,,,,,,,,,,,1,35.0,327,450.4,-50.221313,-23.037313,2025-10-15 18:14:53,8,862.1,10,2025-10-15 18:16:03
2025-10-15 18:16:07,2025-10-15 18:16:07,2025-10-15 18:16:06,385349,862689070136657,3603,GTIGF,4.18,,698407,13959,80,00,12,196,,10,0,0724,0005,BFF7,068FB204,0.0,57,454.8,-23.035062,-50.219253,862.4,,,,,,,,,,,,,,,,,,,,,,,,,,,,,,,2025-10-15 18:16:07
2025-10-15 18:16:08,2025-10-15 18:16:08,2025-10-15 18:16:07,385349,862689070136657,3604,GTERI,4.18,00008200,698407,13895,80,00,12,,,10,1,0724,0005,BFF7,068FB204,0.0,57,454.8,-23.035062,-50.219253,862.4,,9,0,2,3,,,,,,,,,,,,,,,,1,0.0,57,454.8,-50.219253,-23.035062,2025-10-15 18:16:07,10,862.4,10,2025-10-15 18:16:08
2025-10-15 18:19:32,2025-10-15 18:19:31,2025-10-15 18:16:07,385349,862689070136657,3605,GTIGN,4.15,,698407,13058,81,00,21,,204,10,1,0724,0005,BFF7,068FB204,0.0,57,454.8,-23.035062,-50.219253,862.4,,,,,,,,,,,,,,,,,,,,,,,,,,,,,,,2025-10-15 18:19:32
2025-10-15 18:19:41,2025-10-15 18:19:40,2025-10-15 18:19:40,385349,862689070136657,3607,GTERI,4.15,00008200,698407,13911,81,00,21,,,6,1,0724,0005,BFF7,068FB204,2.1,256,453.5,-23.035087,-50.219232,862.4,,6,0,2,3,,,,,,,,,,,,,,,,1,2.1,256,453.5,-50.219232,-23.035087,2025-10-15 18:19:40,6,862.4,10,2025-10-15 18:19:41
2025-10-15 18:22:38,2025-10-15 18:22:38,2025-10-15 18:22:33,385349,862689070136657,3609,GTERI,4.18,00008200,698407,14048,81,00,22,,,9,1,0724,0005,BFF7,068FB204,24.2,226,466.5,-23.040342,-50.224068,863.4,,19,0,2,3,,,,,,,,,,,,,,,,1,32.7,236,452.2,-50.220952,-23.038133,2025-10-15 18:21:18,9,863.0,10,2025-10-15 18:22:38
2025-10-15 18:24:05,2025-10-15 18:24:06,2025-10-15 18:24:05,385349,862689070136657,3612,GTERI,4.18,00008200,698407,13525,80,00,12,,,8,1,0724,0005,BFF7,068FB204,0.0,144,480.9,-23.042182,-50.226427,863.8,,8,0,2,3,,,,,,,,,,,,,,,,1,0.0,144,480.9,-50.226427,-23.042182,2025-10-15 18:24:05,8,863.8,10,2025-10-15 18:24:05
2025-10-15 18:24:05,2025-10-15 18:24:05,2025-10-15 18:24:04,385349,862689070136657,3611,GTIGF,4.18,,698407,14008,80,00,12,274,,8,0,0724,0005,BFF7,068FB204,0.0,144,480.9,-23.042182,-50.226427,863.8,,,,,,,,,,,,,,,,,,,,,,,,,,,,,,,2025-10-15 18:24:05
2025-10-15 18:31:25,2025-10-15 18:31:25,2025-10-15 18:24:05,385349,862689070136657,3613,GTIGN,4.16,,698407,12873,81,00,21,,440,8,1,0724,0005,BFF7,068FB204,0.0,144,480.9,-23.042182,-50.226427,863.8,,,,,,,,,,,,,,,,,,,,,,,,,,,,,,,2025-10-15 18:31:25
2025-10-15 18:31:40,2025-10-15 18:31:40,2025-10-15 18:31:40,385349,862689070136657,3615,GTERI,4.16,00008200,698407,13959,81,00,22,,,7,1,0724,0005,BFF7,068FB204,0.9,242,485.0,-23.042225,-50.226353,863.8,,11,0,2,3,,,,,,,,,,,,,,,,1,0.9,242,485.0,-50.226353,-23.042225,2025-10-15 18:31:40,7,863.8,10,2025-10-15 18:31:40
2025-10-15 18:33:48,2025-10-15 18:33:49,2025-10-15 18:33:48,385349,862689070136657,3617,GTIGF,4.18,,698407,14008,80,00,12,144,,7,0,0724,0005,BFF7,068FB204,0.0,265,482.2,-23.044937,-50.227272,864.2,,,,,,,,,,,,,,,,,,,,,,,,,,,,,,,2025-10-15 18:33:48
2025-10-15 18:33:49,2025-10-15 18:33:50,2025-10-15 18:33:49,385349,862689070136657,3618,GTERI,4.18,00008200,698407,12970,80,00,12,,,9,1,0724,0005,BFF7,068FB204,0.0,265,482.2,-23.044937,-50.227272,864.2,,16,0,2,3,,,,,,,,,,,,,,,,1,0.0,265,482.2,-50.227272,-23.044937,2025-10-15 18:33:49,9,864.2,10,2025-10-15 18:33:49
2025-10-15 19:33:48,2025-10-15 19:33:48,2025-10-15 19:31:28,385349,862689070136657,3619,GTERI,4.13,00008200,698407,13034,80,00,11,,,7,1,0724,0005,BFF7,068FB204,0.0,265,482.2,-23.044937,-50.227272,864.2,,21,0,2,3,,,,,,,,,,,,,,,,1,0.0,265,482.2,-50.227272,-23.044937,2025-10-15 19:31:28,7,864.2,10,2025-10-15 19:33:48
2025-10-15 19:48:35,2025-10-15 19:48:35,2025-10-15 19:31:28,385349,862689070136657,3620,GTINF,4.13,,698407,13010,80,00,11,,,,,,,,,,,,,,,,21,0,,,89551808170105429139,1,0,1,+0000,0,,,,,,,,,,,,,,,,,,,,2025-10-15 19:48:35
2025-10-15 20:33:48,2025-10-15 20:33:48,2025-10-15 20:31:35,385349,862689070136657,3621,GTERI,4.11,00008200,698407,13018,80,00,11,,,9,1,0724,0005,BFF7,068FB204,0.0,265,482.2,-23.044937,-50.227272,864.2,,22,0,2,3,,,,,,,,,,,,,,,,1,0.0,265,482.2,-50.227272,-23.044937,2025-10-15 20:31:35,9,864.2,10,2025-10-15 20:33:48
2025-10-15 21:33:48,2025-10-15 21:33:48,2025-10-15 21:31:28,385349,862689070136657,3622,GTERI,4.08,00008200,698407,12994,80,00,11,,,8,1,0724,0005,BFF7,068FB204,0.0,265,482.2,-23.044937,-50.227272,864.2,,21,0,2,3,,,,,,,,,,,,,,,,1,0.0,265,482.2,-50.227272,-23.044937,2025-10-15 21:31:28,8,864.2,10,2025-10-15 21:33:48
2025-10-15 22:33:48,2025-10-15 22:33:48,2025-10-15 22:31:27,385349,862689070136657,3623,GTERI,4.06,00008200,698407,12986,80,00,11,,,11,1,0724,0005,BFF7,068FB204,0.0,265,482.2,-23.044937,-50.227272,864.2,,22,0,2,3,,,,,,,,,,,,,,,,1,0.0,265,482.2,-50.227272,-23.044937,2025-10-15 22:31:27,11,864.2,10,2025-10-15 22:33:48
2025-10-15 23:33:48,2025-10-15 23:33:48,2025-10-15 23:31:31,385349,862689070136657,3624,GTERI,4.03,00008200,698407,12978,80,00,11,,,9,1,0724,0005,BFF7,068FB204,0.0,265,482.2,-23.044937,-50.227272,864.2,,21,0,2,3,,,,,,,,,,,,,,,,1,0.0,265,482.2,-50.227272,-23.044937,2025-10-15 23:31:31,9,864.2,10,2025-10-15 23:33:48
2025-10-16 00:33:48,2025-10-16 00:33:48,2025-10-16 00:31:26,385349,862689070136657,3625,GTERI,3.98,00008200,698407,12962,80,00,11,,,10,1,0724,0005,BFF7,068FB204,0.0,265,482.2,-23.044937,-50.227272,864.2,,22,0,2,3,,,,,,,,,,,,,,,,1,0.0,265,482.2,-50.227272,-23.044937,2025-10-16 00:31:26,10,864.2,10,2025-10-16 00:33:48
2025-10-16 01:33:48,2025-10-16 01:33:48,2025-10-16 01:31:27,385349,862689070136657,3626,GTERI,3.95,00008200,698407,12954,80,00,11,,,8,1,0724,0005,BFF7,068FB204,0.0,265,482.2,-23.044937,-50.227272,864.2,,22,0,2,3,,,,,,,,,,,,,,,,1,0.0,265,482.2,-50.227272,-23.044937,2025-10-16 01:31:27,8,864.2,10,2025-10-16 01:33:48
2025-10-16 02:33:48,2025-10-16 02:33:48,2025-10-16 02:31:26,385349,862689070136657,3627,GTERI,3.93,00008200,698407,12946,80,00,11,,,10,1,0724,0005,BFF7,068FB204,0.0,265,482.2,-23.044937,-50.227272,864.2,,22,0,2,3,,,,,,,,,,,,,,,,1,0.0,265,482.2,-50.227272,-23.044937,2025-10-16 02:31:26,10,864.2,10,2025-10-16 02:33:48
2025-10-16 03:33:48,2025-10-16 03:33:48,2025-10-16 03:31:27,385349,862689070136657,3628,GTERI,3.91,00008200,698407,12938,80,00,11,,,12,1,0724,0005,BFF7,068FB204,0.0,265,482.2,-23.044937,-50.227272,864.2,,20,0,2,3,,,,,,,,,,,,,,,,1,0.0,265,482.2,-50.227272,-23.044937,2025-10-16 03:31:27,12,864.2,10,2025-10-16 03:33:48
2025-10-16 04:33:48,2025-10-16 04:33:48,2025-10-16 04:31:27,385349,862689070136657,3629,GTERI,3.89,00008200,698407,12930,80,00,11,,,10,1,0724,0005,BFF7,068FB204,0.0,265,482.2,-23.044937,-50.227272,864.2,,20,0,2,3,,,,,,,,,,,,,,,,1,0.0,265,482.2,-50.227272,-23.044937,2025-10-16 04:31:27,10,864.2,10,2025-10-16 04:33:48
2025-10-16 05:33:47,2025-10-16 05:33:48,2025-10-16 05:31:26,385349,862689070136657,3630,GTERI,3.87,00008200,698407,12921,80,00,11,,,10,1,0724,0005,BFF7,068FB204,0.0,265,482.2,-23.044937,-50.227272,864.2,,22,0,2,3,,,,,,,,,,,,,,,,1,0.0,265,482.2,-50.227272,-23.044937,2025-10-16 05:31:26,10,864.2,10,2025-10-16 05:33:47
2025-10-16 06:43:42,2025-10-16 06:33:48,2025-10-16 06:31:27,385349,862689070136657,3631,GTERI,4.19,00008200,698407,12736,80,00,11,,,8,1,0724,0005,C2B3,06908B08,0.0,265,482.2,-23.044937,-50.227272,864.2,,6,0,2,28,,,,,,,,,,,,,,,,1,0.0,265,482.2,-50.227272,-23.044937,2025-10-16 06:31:27,8,864.2,10,2025-10-16 06:43:42
2025-10-16 06:43:43,2025-10-16 06:42:57,2025-10-16 06:42:56,385349,862689070136657,3632,GTDOG,,,,,,,,,,,,,,,,,,,,,,,,,,,,,,,,,,,,,,,,,,,,,,,,,,,,2025-10-16 06:43:43
2025-10-16 06:44:11,2025-10-16 06:44:11,2025-10-16 06:44:11,385349,862689070136657,3634,GTERI,4.19,00008200,698407,12704,80,00,11,,,14,1,0724,0005,BFF7,068FB204,0.4,0,457.9,-23.044758,-50.227443,864.2,,20,0,2,3,,,,,,,,,,,,,,,,1,0.4,0,457.9,-50.227443,-23.044758,2025-10-16 06:44:11,14,864.2,10,2025-10-16 06:44:11
2025-10-16 06:44:11,2025-10-16 06:44:11,2025-10-16 06:44:11,385349,862689070136657,3633,GTRTL,4.19,,698407,12704,80,00,11,,,14,1,0724,0005,BFF7,068FB204,0.4,0,457.9,-23.044758,-50.227443,864.2,,,,,,,,,,,,,,,,,,,,,,,,,,,,,,,2025-10-16 06:44:11
2025-10-16 07:01:35,2025-10-16 07:01:34,2025-10-16 06:44:11,385349,862689070136657,3635,GTIGN,4.19,,698407,11731,81,00,21,,44854,14,1,0724,0005,BFF7,068FB204,0.4,0,457.9,-23.044758,-50.227443,864.2,,,,,,,,,,,,,,,,,,,,,,,,,,,,,,,2025-10-16 07:01:35
2025-10-16 07:01:53,2025-10-16 07:01:52,2025-10-16 07:01:52,385349,862689070136657,3637,GTERI,4.19,00008200,698407,12994,81,00,22,,,8,1,0724,0005,BFF7,068FB204,2.0,122,486.1,-23.044778,-50.227210,864.2,,25,0,2,3,,,,,,,,,,,,,,,,1,2.0,122,486.1,-50.227210,-23.044778,2025-10-16 07:01:52,8,864.3,10,2025-10-16 07:01:53
2025-10-16 07:03:10,2025-10-16 07:03:10,2025-10-16 07:03:10,385349,862689070136657,3639,GTERI,4.19,00008200,698407,13356,80,00,11,,,13,1,0724,0005,BFF7,068FB204,0.0,49,490.2,-23.044763,-50.227152,864.2,,26,0,2,3,,,,,,,,,,,,,,,,1,0.0,49,490.2,-50.227152,-23.044763,2025-10-16 07:03:10,13,864.2,10,2025-10-16 07:03:10
2025-10-16 07:03:10,2025-10-16 07:03:09,2025-10-16 07:03:09,385349,862689070136657,3638,GTIGF,4.19,,698407,13718,80,00,11,96,,12,0,0724,0005,BFF7,068FB204,0.0,49,490.2,-23.044763,-50.227152,864.2,,,,,,,,,,,,,,,,,,,,,,,,,,,,,,,2025-10-16 07:03:10
2025-10-16 08:03:10,2025-10-16 08:03:09,2025-10-16 08:00:48,385349,862689070136657,3640,GTERI,4.13,00008200,698407,12930,80,00,11,,,10,1,0724,0005,BFF7,068FB204,0.0,49,490.2,-23.044763,-50.227152,864.2,,22,0,2,3,,,,,,,,,,,,,,,,1,0.0,49,490.2,-50.227152,-23.044763,2025-10-16 08:00:48,10,864.2,10,2025-10-16 08:03:10
2025-10-16 09:03:10,2025-10-16 09:03:10,2025-10-16 09:00:49,385349,862689070136657,3641,GTERI,4.09,00008200,698407,12921,80,00,11,,,9,1,0724,0005,BFF7,068FB204,0.0,49,490.2,-23.044763,-50.227152,864.2,,24,0,2,3,,,,,,,,,,,,,,,,1,0.0,49,490.2,-50.227152,-23.044763,2025-10-16 09:00:49,9,864.2,10,2025-10-16 09:03:10
2025-10-16 09:40:28,2025-10-16 09:40:27,2025-10-16 09:00:49,385349,862689070136657,3642,GTIGN,4.08,,698407,11932,81,00,22,,9438,9,1,0724,0005,BFF7,068FB204,0.0,49,490.2,-23.044763,-50.227152,864.2,,,,,,,,,,,,,,,,,,,,,,,,,,,,,,,2025-10-16 09:40:28
2025-10-16 09:40:40,2025-10-16 09:40:39,2025-10-16 09:40:39,385349,862689070136657,3644,GTERI,4.08,00008200,698407,12366,81,00,22,,,9,1,0724,0005,BFF7,068FB204,12.6,243,492.7,-23.045015,-50.227188,864.2,,27,0,2,3,,,,,,,,,,,,,,,,1,12.6,243,492.7,-50.227188,-23.045015,2025-10-16 09:40:39,9,864.3,10,2025-10-16 09:40:40
2025-10-16 09:43:06,2025-10-16 09:43:06,2025-10-16 09:43:06,385349,862689070136657,3647,GTERI,4.18,00008200,698407,13613,80,00,12,,,13,1,0724,0005,BFF7,068FB204,0.0,318,491.2,-23.045880,-50.231878,864.9,,24,0,2,3,,,,,,,,,,,,,,,,1,0.0,318,491.2,-50.231878,-23.045880,2025-10-16 09:43:06,13,864.9,10,2025-10-16 09:43:06
2025-10-16 09:43:06,2025-10-16 09:43:05,2025-10-16 09:43:05,385349,862689070136657,3646,GTIGF,4.18,,698407,13823,80,00,12,158,,13,0,0724,0005,BFF7,068FB204,0.0,318,491.2,-23.045880,-50.231878,864.9,,,,,,,,,,,,,,,,,,,,,,,,,,,,,,,2025-10-16 09:43:06
2025-10-16 09:47:56,2025-10-16 09:47:44,2025-10-16 09:43:06,385349,862689070136657,3648,GTIGN,4.09,,698407,12938,81,00,22,,279,13,1,0724,0005,BFF7,068FB204,0.0,318,491.2,-23.045880,-50.231878,864.9,,,,,,,,,,,,,,,,,,,,,,,,,,,,,,,2025-10-16 09:47:56
2025-10-16 09:48:14,2025-10-16 09:48:00,2025-10-16 09:48:00,385349,862689070136657,3650,GTERI,4.10,00008200,698407,13927,81,00,22,,,9,1,0724,0005,BFF7,068FB204,11.0,41,489.3,-23.045577,-50.232242,864.9,,22,0,2,3,,,,,,,,,,,,,,,,1,11.0,41,489.3,-50.232242,-23.045577,2025-10-16 09:48:00,9,864.9,10,2025-10-16 09:48:14
2025-10-16 09:48:16,2025-10-16 09:48:02,2025-10-16 09:48:02,385349,862689070136657,3652,GTERI,4.10,00008200,698407,13903,80,00,12,,,6,1,0724,0005,BFF7,068FB204,10.4,44,489.1,-23.045573,-50.232218,864.9,,20,0,2,3,,,,,,,,,,,,,,,,1,10.4,44,489.1,-50.232218,-23.045573,2025-10-16 09:48:02,6,864.9,10,2025-10-16 09:48:16
2025-10-16 09:48:16,2025-10-16 09:48:01,2025-10-16 09:48:01,385349,862689070136657,3651,GTIGF,4.10,,698407,13927,80,00,12,17,,9,0,0724,0005,BFF7,068FB204,10.4,44,489.1,-23.045573,-50.232218,864.9,,,,,,,,,,,,,,,,,,,,,,,,,,,,,,,2025-10-16 09:48:16
2025-10-16 09:50:54,2025-10-16 09:50:53,2025-10-16 09:48:02,385349,862689070136657,3653,GTIGN,4.09,,698407,12793,81,00,21,,172,6,1,0724,0005,BFF7,068FB204,10.4,44,489.1,-23.045573,-50.232218,864.9,,,,,,,,,,,,,,,,,,,,,,,,,,,,,,,2025-10-16 09:50:54
2025-10-16 09:51:13,2025-10-16 09:51:12,2025-10-16 09:51:12,385349,862689070136657,3655,GTERI,4.10,00008200,698407,13927,81,00,22,,,11,1,0724,0005,BFF7,068FB204,17.2,25,488.7,-23.045083,-50.231738,864.9,,19,0,2,3,,,,,,,,,,,,,,,,1,17.2,25,488.7,-50.231738,-23.045083,2025-10-16 09:51:12,11,865.0,10,2025-10-16 09:51:13
2025-10-16 09:53:18,2025-10-16 09:53:18,,385349,862689070136657,3657,GTCRA,,,,,,,,,,,,,,,,,,,,,,,,,,,,,,,,,,,,,,,,,,,,,,,,,,,,2025-10-16 09:53:18
2025-10-16 09:53:19,2025-10-16 09:53:18,,385349,862689070136657,3660,GTCRD,,,,,,,,,,,,,,,,,,,,,,,,,,,,,,,,,,,,,,,,,,,,,,,,,,,,2025-10-16 09:53:19
2025-10-16 09:53:19,2025-10-16 09:53:18,,385349,862689070136657,3659,GTCRD,,,,,,,,,,,,,,,,,,,,,,,,,,,,,,,,,,,,,,,,,,,,,,,,,,,,2025-10-16 09:53:19
2025-10-16 09:53:19,2025-10-16 09:53:18,,385349,862689070136657,3658,GTCRD,,,,,,,,,,,,,,,,,,,,,,,,,,,,,,,,,,,,,,,,,,,,,,,,,,,,2025-10-16 09:53:19
2025-10-16 09:53:20,2025-10-16 09:53:18,,385349,862689070136657,3662,GTCRD,,,,,,,,,,,,,,,,,,,,,,,,,,,,,,,,,,,,,,,,,,,,,,,,,,,,2025-10-16 09:53:20
2025-10-16 09:53:20,2025-10-16 09:53:18,,385349,862689070136657,3661,GTCRD,,,,,,,,,,,,,,,,,,,,,,,,,,,,,,,,,,,,,,,,,,,,,,,,,,,,2025-10-16 09:53:20
2025-10-16 09:53:21,2025-10-16 09:53:18,,385349,862689070136657,3664,GTCRD,,,,,,,,,,,,,,,,,,,,,,,,,,,,,,,,,,,,,,,,,,,,,,,,,,,,2025-10-16 09:53:21
2025-10-16 09:53:21,2025-10-16 09:53:18,,385349,862689070136657,3663,GTCRD,,,,,,,,,,,,,,,,,,,,,,,,,,,,,,,,,,,,,,,,,,,,,,,,,,,,2025-10-16 09:53:21
2025-10-16 09:53:22,2025-10-16 09:53:18,,385349,862689070136657,3666,GTCRD,,,,,,,,,,,,,,,,,,,,,,,,,,,,,,,,,,,,,,,,,,,,,,,,,,,,2025-10-16 09:53:22
2025-10-16 09:53:22,2025-10-16 09:53:18,,385349,862689070136657,3665,GTCRD,,,,,,,,,,,,,,,,,,,,,,,,,,,,,,,,,,,,,,,,,,,,,,,,,,,,2025-10-16 09:53:22
2025-10-16 09:53:23,2025-10-16 09:53:18,,385349,862689070136657,3667,GTCRD,,,,,,,,,,,,,,,,,,,,,,,,,,,,,,,,,,,,,,,,,,,,,,,,,,,,2025-10-16 09:53:23
2025-10-16 09:53:24,2025-10-16 09:53:18,,385349,862689070136657,3668,GTCRD,,,,,,,,,,,,,,,,,,,,,,,,,,,,,,,,,,,,,,,,,,,,,,,,,,,,2025-10-16 09:53:24
2025-10-16 09:53:25,2025-10-16 09:53:18,,385349,862689070136657,3671,GTCRD,,,,,,,,,,,,,,,,,,,,,,,,,,,,,,,,,,,,,,,,,,,,,,,,,,,,2025-10-16 09:53:25
2025-10-16 09:53:25,2025-10-16 09:53:18,,385349,862689070136657,3670,GTCRD,,,,,,,,,,,,,,,,,,,,,,,,,,,,,,,,,,,,,,,,,,,,,,,,,,,,2025-10-16 09:53:25
2025-10-16 09:53:25,2025-10-16 09:53:18,,385349,862689070136657,3669,GTCRD,,,,,,,,,,,,,,,,,,,,,,,,,,,,,,,,,,,,,,,,,,,,,,,,,,,,2025-10-16 09:53:25
2025-10-16 09:53:26,2025-10-16 09:53:22,,385349,862689070136657,3673,GTCRD,,,,,,,,,,,,,,,,,,,,,,,,,,,,,,,,,,,,,,,,,,,,,,,,,,,,2025-10-16 09:53:26
2025-10-16 09:53:26,2025-10-16 09:53:18,,385349,862689070136657,3672,GTCRD,,,,,,,,,,,,,,,,,,,,,,,,,,,,,,,,,,,,,,,,,,,,,,,,,,,,2025-10-16 09:53:26
2025-10-16 09:53:27,2025-10-16 09:53:22,,385349,862689070136657,3674,GTCRD,,,,,,,,,,,,,,,,,,,,,,,,,,,,,,,,,,,,,,,,,,,,,,,,,,,,2025-10-16 09:53:27
2025-10-16 09:53:28,2025-10-16 09:53:22,,385349,862689070136657,3677,GTCRD,,,,,,,,,,,,,,,,,,,,,,,,,,,,,,,,,,,,,,,,,,,,,,,,,,,,2025-10-16 09:53:28
2025-10-16 09:53:28,2025-10-16 09:53:22,,385349,862689070136657,3676,GTCRD,,,,,,,,,,,,,,,,,,,,,,,,,,,,,,,,,,,,,,,,,,,,,,,,,,,,2025-10-16 09:53:28
2025-10-16 09:53:28,2025-10-16 09:53:22,,385349,862689070136657,3675,GTCRD,,,,,,,,,,,,,,,,,,,,,,,,,,,,,,,,,,,,,,,,,,,,,,,,,,,,2025-10-16 09:53:28
2025-10-16 09:53:29,2025-10-16 09:53:22,,385349,862689070136657,3678,GTCRD,,,,,,,,,,,,,,,,,,,,,,,,,,,,,,,,,,,,,,,,,,,,,,,,,,,,2025-10-16 09:53:29
2025-10-16 09:53:30,2025-10-16 09:53:22,,385349,862689070136657,3680,GTCRD,,,,,,,,,,,,,,,,,,,,,,,,,,,,,,,,,,,,,,,,,,,,,,,,,,,,2025-10-16 09:53:30
2025-10-16 09:53:30,2025-10-16 09:53:22,,385349,862689070136657,3679,GTCRD,,,,,,,,,,,,,,,,,,,,,,,,,,,,,,,,,,,,,,,,,,,,,,,,,,,,2025-10-16 09:53:30
2025-10-16 09:53:31,2025-10-16 09:53:22,,385349,862689070136657,3683,GTCRD,,,,,,,,,,,,,,,,,,,,,,,,,,,,,,,,,,,,,,,,,,,,,,,,,,,,2025-10-16 09:53:31
2025-10-16 09:53:31,2025-10-16 09:53:22,,385349,862689070136657,3682,GTCRD,,,,,,,,,,,,,,,,,,,,,,,,,,,,,,,,,,,,,,,,,,,,,,,,,,,,2025-10-16 09:53:31
2025-10-16 09:53:31,2025-10-16 09:53:22,,385349,862689070136657,3681,GTCRD,,,,,,,,,,,,,,,,,,,,,,,,,,,,,,,,,,,,,,,,,,,,,,,,,,,,2025-10-16 09:53:31
2025-10-16 09:53:32,2025-10-16 09:53:22,,385349,862689070136657,3685,GTCRD,,,,,,,,,,,,,,,,,,,,,,,,,,,,,,,,,,,,,,,,,,,,,,,,,,,,2025-10-16 09:53:32
2025-10-16 09:53:32,2025-10-16 09:53:22,,385349,862689070136657,3684,GTCRD,,,,,,,,,,,,,,,,,,,,,,,,,,,,,,,,,,,,,,,,,,,,,,,,,,,,2025-10-16 09:53:32
2025-10-16 09:53:33,2025-10-16 09:53:22,,385349,862689070136657,3687,GTCRD,,,,,,,,,,,,,,,,,,,,,,,,,,,,,,,,,,,,,,,,,,,,,,,,,,,,2025-10-16 09:53:33
2025-10-16 09:53:33,2025-10-16 09:53:22,,385349,862689070136657,3686,GTCRD,,,,,,,,,,,,,,,,,,,,,,,,,,,,,,,,,,,,,,,,,,,,,,,,,,,,2025-10-16 09:53:33
2025-10-16 09:53:34,2025-10-16 09:53:30,2025-10-16 09:53:30,385349,862689070136657,3689,GTERI,4.18,00008200,698407,12897,80,00,12,,,13,1,0724,0005,BFF7,068FB204,0.0,246,494.3,-23.044795,-50.227143,865.8,,25,0,2,3,,,,,,,,,,,,,,,,1,0.0,246,494.3,-50.227143,-23.044795,2025-10-16 09:53:30,13,865.8,10,2025-10-16 09:53:34
2025-10-16 09:53:34,2025-10-16 09:53:29,2025-10-16 09:53:29,385349,862689070136657,3688,GTIGF,4.18,,698407,12913,80,00,12,156,,13,0,0724,0005,BFF7,068FB204,0.0,246,494.3,-23.044795,-50.227143,865.8,,,,,,,,,,,,,,,,,,,,,,,,,,,,,,,2025-10-16 09:53:34
2025-10-16 10:53:33,2025-10-16 10:53:30,2025-10-16 10:51:10,385349,862689070136657,3690,GTERI,4.07,00008200,698407,12946,80,00,11,,,11,1,0724,0005,BFF7,068FB204,0.0,246,494.3,-23.044795,-50.227143,865.8,,24,0,2,3,,,,,,,,,,,,,,,,1,0.0,246,494.3,-50.227143,-23.044795,2025-10-16 10:51:10,11,865.8,10,2025-10-16 10:53:33
2025-10-16 11:53:30,2025-10-16 11:53:30,2025-10-16 11:51:08,385349,862689070136657,3691,GTERI,4.05,00008200,698407,12954,80,00,11,,,17,1,0724,0005,BFF7,068FB204,0.0,246,494.3,-23.044795,-50.227143,865.8,,22,0,2,3,,,,,,,,,,,,,,,,1,0.0,246,494.3,-50.227143,-23.044795,2025-10-16 11:51:08,17,865.8,10,2025-10-16 11:53:30
2025-10-16 12:27:34,2025-10-16 12:27:34,2025-10-16 11:51:08,385349,862689070136657,3692,GTIGN,4.04,,698407,12720,81,00,22,,9245,17,1,0724,0005,BFF7,068FB204,0.0,246,494.3,-23.044795,-50.227143,865.8,,,,,,,,,,,,,,,,,,,,,,,,,,,,,,,2025-10-16 12:27:34
2025-10-16 12:27:48,2025-10-16 12:27:47,2025-10-16 12:27:47,385349,862689070136657,3694,GTERI,4.04,00008200,698407,13895,81,00,22,,,5,1,0724,0005,BFF7,068FB204,2.4,168,479.6,-23.044877,-50.227002,865.8,,20,0,2,3,,,,,,,,,,,,,,,,1,2.4,168,479.6,-50.227002,-23.044877,2025-10-16 12:27:47,5,865.9,10,2025-10-16 12:27:48
2025-10-16 12:30:45,2025-10-16 12:30:44,2025-10-16 12:30:40,385349,862689070136657,3696,GTERI,4.14,00008200,698407,13855,81,00,21,,,12,1,0724,0005,BFF7,068FB204,0.0,354,470.7,-23.042120,-50.226268,866.2,,12,0,2,3,,,,,,,,,,,,,,,,1,34.9,46,477.7,-50.226257,-23.043317,2025-10-16 12:28:36,13,866.1,10,2025-10-16 12:30:45
2025-10-16 12:33:45,2025-10-16 12:33:44,2025-10-16 12:33:40,385349,862689070136657,3699,GTERI,4.16,00008200,698407,13951,81,00,22,,,12,1,0724,0005,BFF7,068FB206,90.7,217,461.3,-23.050430,-50.238332,868.0,,21,0,2,3,,,,,,,,,,,,,,,,1,91.6,216,458.8,-50.238933,-23.051160,2025-10-16 12:33:44,12,868.1,10,2025-10-16 12:33:45
2025-10-16 12:36:47,2025-10-16 12:36:36,2025-10-16 12:36:36,385349,862689070136657,3701,GTSPD,4.17,,698407,13959,81,00,22,,,15,1,0724,0005,BFF7,068FB206,115.4,224,473.8,-23.068158,-50.262213,871.1,,,,,,,,,,,,,,,,,,,,,,,,,,,,,,,2025-10-16 12:36:47
2025-10-16 12:36:53,2025-10-16 12:36:44,2025-10-16 12:36:40,385349,862689070136657,3702,GTERI,4.17,00008200,698407,13951,81,00,22,,,13,1,0724,0005,BFF7,068FC72C,117.0,217,471.6,-23.069078,-50.263037,871.3,,12,0,2,3,,,,,,,,,,,,,,,,1,117.0,217,471.6,-50.263037,-23.069078,2025-10-16 12:36:40,14,871.2,10,2025-10-16 12:36:53
2025-10-16 12:37:16,2025-10-16 12:37:09,2025-10-16 12:37:09,385349,862689070136657,3703,GTSPD,4.17,,698407,13959,81,00,22,,,16,1,0724,0005,C2B3,06908B08,106.8,217,455.1,-23.075637,-50.268358,872.1,,,,,,,,,,,,,,,,,,,,,,,,,,,,,,,2025-10-16 12:37:16
2025-10-16 12:39:35,2025-10-16 12:39:34,2025-10-16 12:39:34,385349,862689070136657,3706,GTSPD,4.18,,698407,13959,81,00,22,,,13,1,0724,0005,C2B3,06908B0A,118.0,226,376.5,-23.093575,-50.299917,876.2,,,,,,,,,,,,,,,,,,,,,,,,,,,,,,,2025-10-16 12:39:35
2025-10-16 12:39:47,2025-10-16 12:39:44,2025-10-16 12:39:40,385349,862689070136657,3707,GTERI,4.18,00008200,698407,13951,81,00,22,,,12,1,0724,0005,C2B3,06908B0A,126.3,226,377.3,-23.094875,-50.301392,876.6,,10,0,2,28,,,,,,,,,,,,,,,,1,129.4,226,377.3,-50.301143,-23.094655,2025-10-16 12:39:39,12,876.4,10,2025-10-16 12:39:47
2025-10-16 12:40:09,2025-10-16 12:40:08,2025-10-16 12:40:08,385349,862689070136657,3708,GTSPD,4.18,,698407,13959,81,00,22,,,13,1,0724,0005,C2B3,06908B0A,106.7,225,360.9,-23.100527,-50.307652,877.4,,,,,,,,,,,,,,,,,,,,,,,,,,,,,,,2025-10-16 12:40:09
2025-10-16 12:42:58,2025-10-16 12:42:44,2025-10-16 12:42:40,385349,862689070136657,3710,GTERI,4.18,00008200,698407,13967,81,00,22,,,13,1,0724,0005,BFF7,068FC72C,75.5,333,424.0,-23.116365,-50.328752,881.2,,8,0,2,3,,,,,,,,,,,,,,,,1,107.0,225,380.3,-50.314853,-23.107063,2025-10-16 12:40:45,14,878.4,10,2025-10-16 12:42:58
2025-10-16 12:43:00,2025-10-16 12:42:44,2025-10-16 12:42:40,385349,862689070136657,3710,GTERI,4.18,00008200,698407,13967,81,00,22,,,13,1,0724,0005,BFF7,068FC72C,75.5,333,424.0,-23.116365,-50.328752,881.2,,8,0,2,3,,,,,,,,,,,,,,,,1,107.0,225,380.3,-50.314853,-23.107063,2025-10-16 12:40:45,14,878.4,10,2025-10-16 12:43:00
2025-10-16 12:47:44,2025-10-16 12:45:44,2025-10-16 12:45:40,385349,862689070136657,3713,GTERI,4.18,00008200,698407,13976,81,00,22,,,16,1,0724,0005,BFF7,068FC72C,66.5,237,439.2,-23.104947,-50.360142,884.9,,15,0,2,3,,,,,,,,,,,,,,,,1,93.0,276,388.4,-50.349465,-23.104255,2025-10-16 12:44:49,15,883.7,10,2025-10-16 12:47:44
2025-10-16 12:48:46,2025-10-16 12:48:44,2025-10-16 12:48:40,385349,862689070136657,3715,GTERI,4.18,00008200,698407,13927,81,00,22,,,14,1,0724,0005,BFF7,068FC72D,0.0,333,429.5,-23.104800,-50.370312,886.3,,9,0,2,3,,,,,,,,,,,,,,,,1,56.8,236,441.4,-50.361000,-23.105473,2025-10-16 12:45:46,16,885.0,10,2025-10-16 12:48:46
2025-10-16 12:51:53,2025-10-16 12:51:44,2025-10-16 12:51:40,385349,862689070136657,3718,GTERI,4.18,00008200,698407,13935,81,00,22,,,18,1,0724,0005,BFF7,068FC72D,0.0,170,428.7,-23.109060,-50.368872,886.8,,28,0,2,3,,,,,,,,,,,,,,,,1,47.3,162,432.4,-50.369755,-23.106573,2025-10-16 12:49:58,17,886.5,10,2025-10-16 12:51:53
2025-10-16 12:56:38,2025-10-16 12:54:44,2025-10-16 12:54:40,385349,862689070136657,3720,GTERI,4.18,00008200,698407,13959,81,00,22,,,19,1,0724,0005,BFF7,068FC72D,36.6,224,397.0,-23.117800,-50.375398,888.2,,31,0,2,3,,,,,,,,,,,,,,,,1,61.6,252,410.3,-50.371622,-23.109910,2025-10-16 12:52:23,17,887.1,10,2025-10-16 12:56:38
2025-10-16 12:57:45,2025-10-16 12:57:44,2025-10-16 12:57:40,385349,862689070136657,3722,GTERI,4.19,00008200,698407,14000,81,00,22,,,18,1,0724,0005,FDAF,068FC805,76.5,250,466.9,-23.131437,-50.394460,890.9,,19,0,2,3,,,,,,,,,,,,,,,,1,96.1,251,447.9,-50.387962,-23.129510,2025-10-16 12:57:10,19,890.1,10,2025-10-16 12:57:45
2025-10-16 12:58:56,2025-10-16 12:58:55,2025-10-16 12:58:55,385349,862689070136657,3723,GTSPD,4.19,,698407,14024,81,00,22,,,19,1,0724,0005,FDAF,068FC805,116.5,277,469.0,-23.135923,-50.406623,892.2,,,,,,,,,,,,,,,,,,,,,,,,,,,,,,,2025-10-16 12:58:56
2025-10-16 13:00:00,2025-10-16 12:59:58,2025-10-16 12:59:58,385349,862689070136657,3725,GTSPD,4.19,,698407,13992,81,00,22,,,18,1,0724,0005,FDAF,068FC806,94.0,277,418.7,-23.132700,-50.428775,894.5,,,,,,,,,,,,,,,,,,,,,,,,,,,,,,,2025-10-16 13:00:00
2025-10-16 13:00:25,2025-10-16 12:59:58,2025-10-16 12:59:58,385349,862689070136657,3725,GTSPD,4.19,,698407,13992,81,00,22,,,18,1,0724,0005,FDAF,068FC806,94.0,277,418.7,-23.132700,-50.428775,894.5,,,,,,,,,,,,,,,,,,,,,,,,,,,,,,,2025-10-16 13:00:25
2025-10-16 13:00:45,2025-10-16 13:00:44,2025-10-16 13:00:40,385349,862689070136657,3726,GTERI,4.19,00008200,698407,14008,81,00,22,,,20,1,0724,0005,FDAF,068FC806,83.0,278,405.1,-23.131303,-50.438207,895.6,,11,0,2,3,,,,,,,,,,,,,,,,1,92.2,279,404.1,-50.436785,-23.131492,2025-10-16 13:00:34,20,895.4,10,2025-10-16 13:00:45
2025-10-16 13:02:05,2025-10-16 13:01:50,2025-10-16 13:01:50,385349,862689070136657,3728,GTSPD,4.19,,698407,14024,81,00,22,,,18,1,0724,0005,FDAF,068FC806,111.2,288,384.8,-23.127858,-50.452410,897.0,,,,,,,,,,,,,,,,,,,,,,,,,,,,,,,2025-10-16 13:02:05
2025-10-16 13:02:05,2025-10-16 13:01:50,2025-10-16 13:01:50,385349,862689070136657,3728,GTSPD,4.19,,698407,14024,81,00,22,,,18,1,0724,0005,FDAF,068FC806,111.2,288,384.8,-23.127858,-50.452410,897.0,,,,,,,,,,,,,,,,,,,,,,,,,,,,,,,2025-10-16 13:02:05
2025-10-16 13:02:07,2025-10-16 13:01:50,2025-10-16 13:01:50,385349,862689070136657,3728,GTSPD,4.19,,698407,14024,81,00,22,,,18,1,0724,0005,FDAF,068FC806,111.2,288,384.8,-23.127858,-50.452410,897.0,,,,,,,,,,,,,,,,,,,,,,,,,,,,,,,2025-10-16 13:02:07
2025-10-16 13:02:07,2025-10-16 13:01:50,2025-10-16 13:01:50,385349,862689070136657,3728,GTSPD,4.19,,698407,14024,81,00,22,,,18,1,0724,0005,FDAF,068FC806,111.2,288,384.8,-23.127858,-50.452410,897.0,,,,,,,,,,,,,,,,,,,,,,,,,,,,,,,2025-10-16 13:02:07
2025-10-16 13:02:20,2025-10-16 13:02:19,2025-10-16 13:02:19,385349,862689070136657,3729,GTSPD,4.19,,698407,13976,81,00,22,,,18,1,0724,0005,FDAF,068FC806,105.7,255,384.6,-23.128020,-50.461960,898.0,,,,,,,,,,,,,,,,,,,,,,,,,,,,,,,2025-10-16 13:02:20
2025-10-16 13:02:27,2025-10-16 13:02:23,2025-10-16 13:02:23,385349,862689070136657,3730,GTSPD,4.19,,698407,13984,81,00,22,,,17,1,0724,0005,FDAF,068FC806,112.3,256,391.5,-23.128285,-50.463093,898.1,,,,,,,,,,,,,,,,,,,,,,,,,,,,,,,2025-10-16 13:02:27
2025-10-16 13:03:46,2025-10-16 13:03:44,2025-10-16 13:03:40,385349,862689070136657,3732,GTERI,4.18,00008200,698407,14040,81,00,22,,,19,1,0724,0005,BFF7,06903409,141.3,236,441.3,-23.140945,-50.487650,901.2,,9,0,2,28,,,,,,,,,,,,,,,,1,144.0,236,445.5,-50.473113,-23.132190,2025-10-16 13:02:54,18,899.3,10,2025-10-16 13:03:46
2025-10-16 13:03:52,2025-10-16 13:03:51,2025-10-16 13:03:51,385349,862689070136657,3733,GTSPD,4.18,,698407,14024,81,00,22,,,19,1,0724,0005,BFF7,06903409,99.2,243,428.5,-23.142582,-50.490867,901.4,,,,,,,,,,,,,,,,,,,,,,,,,,,,,,,2025-10-16 13:03:52
2025-10-16 13:06:49,2025-10-16 13:06:44,2025-10-16 13:06:40,385349,862689070136657,3735,GTERI,4.18,00008200,698407,14040,81,00,22,,,16,1,0724,0005,BFF7,06903409,63.9,278,424.2,-23.154698,-50.515183,904.7,,20,0,2,28,,,,,,,,,,,,,,,,1,90.5,243,428.8,-50.491322,-23.142772,2025-10-16 13:03:53,18,901.5,10,2025-10-16 13:06:49
2025-10-16 13:08:22,2025-10-16 13:08:21,2025-10-16 13:08:21,385349,862689070136657,3737,GTSPD,4.17,,698407,14040,81,00,22,,,19,1,0724,0005,BFF7,0690340A,111.4,275,488.3,-23.149348,-50.532033,906.5,,,,,,,,,,,,,,,,,,,,,,,,,,,,,,,2025-10-16 13:08:22
2025-10-16 13:08:35,2025-10-16 13:08:28,2025-10-16 13:08:28,385349,862689070136657,3738,GTSPD,4.17,,698407,14032,81,00,22,,,18,1,0724,0005,BFF7,0690340A,109.1,275,492.2,-23.149125,-50.534148,906.7,,,,,,,,,,,,,,,,,,,,,,,,,,,,,,,2025-10-16 13:08:35
2025-10-16 13:09:52,2025-10-16 13:09:44,2025-10-16 13:09:40,385349,862689070136657,3740,GTERI,4.17,00008200,698407,14032,81,00,22,,,20,1,0724,0005,BFF7,0690B10A,102.6,275,518.8,-23.147360,-50.553703,908.8,,9,0,2,28,,,,,,,,,,,,,,,,1,108.3,275,517.1,-50.551420,-23.147558,2025-10-16 13:09:32,19,908.5,10,2025-10-16 13:09:52
2025-10-16 13:19:39,2025-10-16 13:12:44,2025-10-16 13:12:40,385349,862689070136657,3742,GTERI,4.17,00008200,698407,14040,81,00,22,,,21,1,0724,0005,BFF7,068FDE04,82.7,230,564.5,-23.149572,-50.596602,913.4,,19,0,2,3,,,,,,,,,,,,,,,,1,109.2,275,565.0,-50.573217,-23.145550,2025-10-16 13:10:53,21,910.7,10,2025-10-16 13:19:39
2025-10-16 13:19:40,2025-10-16 13:18:44,2025-10-16 13:18:40,385349,862689070136657,3746,GTERI,4.17,00008200,698407,14032,81,00,22,,,17,1,0724,0005,BFF7,068FDE05,78.6,275,610.1,-23.182787,-50.634628,919.6,,20,0,2,3,,,,,,,,,,,,,,,,1,96.2,230,586.0,-50.631690,-23.181948,2025-10-16 13:18:24,18,919.2,10,2025-10-16 13:19:40
2025-10-16 13:19:40,2025-10-16 13:15:44,2025-10-16 13:15:40,385349,862689070136657,3744,GTERI,4.17,00008200,698407,14016,81,00,22,,,19,1,0724,0005,BFF7,068FDE04,63.1,178,601.6,-23.170702,-50.613213,916.4,,21,0,2,3,,,,,,,,,,,,,,,,1,84.8,230,565.7,-50.597843,-23.150515,2025-10-16 13:12:47,21,913.5,10,2025-10-16 13:19:40
2025-10-16 13:21:45,2025-10-16 13:21:45,2025-10-16 13:21:40,385349,862689070136657,3748,GTERI,4.17,00008200,698407,13976,81,00,22,,,16,1,0724,0005,BFF7,06904E05,0.0,17,686.5,-23.181662,-50.648105,921.4,,22,0,2,3,,,,,,,,,,,,,,,,1,90.4,274,629.3,-50.637175,-23.182608,2025-10-16 13:18:51,16,919.8,10,2025-10-16 13:21:45
2025-10-16 13:21:49,2025-10-16 13:21:49,,385349,862689070136657,3750,GTCRA,,,,,,,,,,,,,,,,,,,,,,,,,,,,,,,,,,,,,,,,,,,,,,,,,,,,2025-10-16 13:21:49
2025-10-16 13:21:50,2025-10-16 13:21:49,,385349,862689070136657,3752,GTCRD,,,,,,,,,,,,,,,,,,,,,,,,,,,,,,,,,,,,,,,,,,,,,,,,,,,,2025-10-16 13:21:50
2025-10-16 13:21:50,2025-10-16 13:21:49,,385349,862689070136657,3751,GTCRD,,,,,,,,,,,,,,,,,,,,,,,,,,,,,,,,,,,,,,,,,,,,,,,,,,,,2025-10-16 13:21:50
2025-10-16 13:21:51,2025-10-16 13:21:49,,385349,862689070136657,3754,GTCRD,,,,,,,,,,,,,,,,,,,,,,,,,,,,,,,,,,,,,,,,,,,,,,,,,,,,2025-10-16 13:21:51
2025-10-16 13:21:51,2025-10-16 13:21:49,,385349,862689070136657,3753,GTCRD,,,,,,,,,,,,,,,,,,,,,,,,,,,,,,,,,,,,,,,,,,,,,,,,,,,,2025-10-16 13:21:51
2025-10-16 13:21:52,2025-10-16 13:21:49,,385349,862689070136657,3756,GTCRD,,,,,,,,,,,,,,,,,,,,,,,,,,,,,,,,,,,,,,,,,,,,,,,,,,,,2025-10-16 13:21:52
2025-10-16 13:21:52,2025-10-16 13:21:49,,385349,862689070136657,3755,GTCRD,,,,,,,,,,,,,,,,,,,,,,,,,,,,,,,,,,,,,,,,,,,,,,,,,,,,2025-10-16 13:21:52
2025-10-16 13:21:53,2025-10-16 13:21:49,,385349,862689070136657,3758,GTCRD,,,,,,,,,,,,,,,,,,,,,,,,,,,,,,,,,,,,,,,,,,,,,,,,,,,,2025-10-16 13:21:53
2025-10-16 13:21:53,2025-10-16 13:21:49,,385349,862689070136657,3757,GTCRD,,,,,,,,,,,,,,,,,,,,,,,,,,,,,,,,,,,,,,,,,,,,,,,,,,,,2025-10-16 13:21:53
2025-10-16 13:21:54,2025-10-16 13:21:49,,385349,862689070136657,3760,GTCRD,,,,,,,,,,,,,,,,,,,,,,,,,,,,,,,,,,,,,,,,,,,,,,,,,,,,2025-10-16 13:21:54
2025-10-16 13:21:54,2025-10-16 13:21:49,,385349,862689070136657,3759,GTCRD,,,,,,,,,,,,,,,,,,,,,,,,,,,,,,,,,,,,,,,,,,,,,,,,,,,,2025-10-16 13:21:54
2025-10-16 13:21:55,2025-10-16 13:21:49,,385349,862689070136657,3762,GTCRD,,,,,,,,,,,,,,,,,,,,,,,,,,,,,,,,,,,,,,,,,,,,,,,,,,,,2025-10-16 13:21:55
2025-10-16 13:21:55,2025-10-16 13:21:49,,385349,862689070136657,3761,GTCRD,,,,,,,,,,,,,,,,,,,,,,,,,,,,,,,,,,,,,,,,,,,,,,,,,,,,2025-10-16 13:21:55
2025-10-16 13:21:56,2025-10-16 13:21:49,,385349,862689070136657,3763,GTCRD,,,,,,,,,,,,,,,,,,,,,,,,,,,,,,,,,,,,,,,,,,,,,,,,,,,,2025-10-16 13:21:56
2025-10-16 13:21:57,2025-10-16 13:21:53,,385349,862689070136657,3766,GTCRD,,,,,,,,,,,,,,,,,,,,,,,,,,,,,,,,,,,,,,,,,,,,,,,,,,,,2025-10-16 13:21:57
2025-10-16 13:21:57,2025-10-16 13:21:49,,385349,862689070136657,3765,GTCRD,,,,,,,,,,,,,,,,,,,,,,,,,,,,,,,,,,,,,,,,,,,,,,,,,,,,2025-10-16 13:21:57
2025-10-16 13:21:57,2025-10-16 13:21:49,,385349,862689070136657,3764,GTCRD,,,,,,,,,,,,,,,,,,,,,,,,,,,,,,,,,,,,,,,,,,,,,,,,,,,,2025-10-16 13:21:57
2025-10-16 13:21:58,2025-10-16 13:21:53,,385349,862689070136657,3768,GTCRD,,,,,,,,,,,,,,,,,,,,,,,,,,,,,,,,,,,,,,,,,,,,,,,,,,,,2025-10-16 13:21:58
2025-10-16 13:21:58,2025-10-16 13:21:53,,385349,862689070136657,3767,GTCRD,,,,,,,,,,,,,,,,,,,,,,,,,,,,,,,,,,,,,,,,,,,,,,,,,,,,2025-10-16 13:21:58
2025-10-16 13:21:59,2025-10-16 13:21:53,,385349,862689070136657,3769,GTCRD,,,,,,,,,,,,,,,,,,,,,,,,,,,,,,,,,,,,,,,,,,,,,,,,,,,,2025-10-16 13:21:59
2025-10-16 13:22:00,2025-10-16 13:21:53,,385349,862689070136657,3772,GTCRD,,,,,,,,,,,,,,,,,,,,,,,,,,,,,,,,,,,,,,,,,,,,,,,,,,,,2025-10-16 13:22:00
2025-10-16 13:22:00,2025-10-16 13:21:53,,385349,862689070136657,3771,GTCRD,,,,,,,,,,,,,,,,,,,,,,,,,,,,,,,,,,,,,,,,,,,,,,,,,,,,2025-10-16 13:22:00
2025-10-16 13:22:00,2025-10-16 13:21:53,,385349,862689070136657,3770,GTCRD,,,,,,,,,,,,,,,,,,,,,,,,,,,,,,,,,,,,,,,,,,,,,,,,,,,,2025-10-16 13:22:00
2025-10-16 13:22:01,2025-10-16 13:21:53,,385349,862689070136657,3774,GTCRD,,,,,,,,,,,,,,,,,,,,,,,,,,,,,,,,,,,,,,,,,,,,,,,,,,,,2025-10-16 13:22:01
2025-10-16 13:22:01,2025-10-16 13:21:53,,385349,862689070136657,3773,GTCRD,,,,,,,,,,,,,,,,,,,,,,,,,,,,,,,,,,,,,,,,,,,,,,,,,,,,2025-10-16 13:22:01
2025-10-16 13:22:02,2025-10-16 13:21:53,,385349,862689070136657,3776,GTCRD,,,,,,,,,,,,,,,,,,,,,,,,,,,,,,,,,,,,,,,,,,,,,,,,,,,,2025-10-16 13:22:02
2025-10-16 13:22:02,2025-10-16 13:21:53,,385349,862689070136657,3775,GTCRD,,,,,,,,,,,,,,,,,,,,,,,,,,,,,,,,,,,,,,,,,,,,,,,,,,,,2025-10-16 13:22:02
2025-10-16 13:22:03,2025-10-16 13:21:53,,385349,862689070136657,3778,GTCRD,,,,,,,,,,,,,,,,,,,,,,,,,,,,,,,,,,,,,,,,,,,,,,,,,,,,2025-10-16 13:22:03
2025-10-16 13:22:03,2025-10-16 13:21:53,,385349,862689070136657,3777,GTCRD,,,,,,,,,,,,,,,,,,,,,,,,,,,,,,,,,,,,,,,,,,,,,,,,,,,,2025-10-16 13:22:03
2025-10-16 13:22:04,2025-10-16 13:21:53,,385349,862689070136657,3780,GTCRD,,,,,,,,,,,,,,,,,,,,,,,,,,,,,,,,,,,,,,,,,,,,,,,,,,,,2025-10-16 13:22:04
2025-10-16 13:22:04,2025-10-16 13:21:53,,385349,862689070136657,3779,GTCRD,,,,,,,,,,,,,,,,,,,,,,,,,,,,,,,,,,,,,,,,,,,,,,,,,,,,2025-10-16 13:22:04
2025-10-16 13:22:05,2025-10-16 13:21:54,2025-10-16 13:21:54,385349,862689070136657,3782,GTERI,4.17,00008200,698407,12946,80,00,12,,,14,1,0724,0005,BFF7,06904E05,0.0,17,686.6,-23.181662,-50.648105,921.4,,27,0,2,3,,,,,,,,,,,,,,,,1,0.0,17,686.6,-50.648105,-23.181662,2025-10-16 13:21:54,14,921.4,10,2025-10-16 13:22:05
2025-10-16 13:22:05,2025-10-16 13:21:54,2025-10-16 13:21:53,385349,862689070136657,3781,GTIGF,4.17,,698407,13951,80,00,12,3260,,14,0,0724,0005,BFF7,06904E05,0.0,17,686.6,-23.181662,-50.648105,921.4,,,,,,,,,,,,,,,,,,,,,,,,,,,,,,,2025-10-16 13:22:05
2025-10-16 13:44:30,2025-10-16 13:44:29,2025-10-16 13:21:54,385349,862689070136657,3783,GTIGN,4.16,,698407,12849,81,00,21,,1355,14,1,0724,0005,BFF7,06904E05,0.0,17,686.6,-23.181662,-50.648105,921.4,,,,,,,,,,,,,,,,,,,,,,,,,,,,,,,2025-10-16 13:44:30
2025-10-16 13:44:41,2025-10-16 13:44:41,2025-10-16 13:44:40,385349,862689070136657,3785,GTERI,4.16,00008200,698407,13943,81,00,21,,,7,1,0724,0005,BFF7,06904E05,2.1,333,683.7,-23.181618,-50.648050,921.4,,23,0,2,3,,,,,,,,,,,,,,,,1,2.1,333,683.7,-50.648050,-23.181618,2025-10-16 13:44:40,7,921.5,10,2025-10-16 13:44:41
2025-10-16 13:47:41,2025-10-16 13:47:40,2025-10-16 13:47:35,385349,862689070136657,3787,GTERI,4.18,00008200,698407,13951,81,00,21,,,9,1,0724,0005,BFF7,06904E05,0.0,284,688.8,-23.181600,-50.648037,921.4,,25,0,2,3,,,,,,,,,,,,,,,,1,3.0,275,687.2,-50.648062,-23.181608,2025-10-16 13:44:53,10,921.5,10,2025-10-16 13:47:41
2025-10-16 13:50:40,2025-10-16 13:50:40,2025-10-16 13:50:35,385349,862689070136657,3790,GTERI,4.18,00008200,698407,13943,81,00,21,,,11,1,0724,0005,BFF7,06904E05,0.0,284,688.8,-23.181600,-50.648037,921.4,,23,0,2,3,,,,,,,,,,,,,,,,1,0.0,284,688.8,-50.648037,-23.181600,2025-10-16 13:50:39,11,921.5,10,2025-10-16 13:50:40
2025-10-16 13:53:40,2025-10-16 13:53:39,2025-10-16 13:53:35,385349,862689070136657,3792,GTERI,4.18,00008200,698407,14000,81,00,21,,,11,1,0724,0005,BFF7,06904E05,0.0,284,688.8,-23.181600,-50.648037,921.4,,23,0,2,3,,,,,,,,,,,,,,,,1,0.0,284,688.8,-50.648037,-23.181600,2025-10-16 13:53:39,11,921.5,10,2025-10-16 13:53:40
2025-10-16 13:56:40,2025-10-16 13:56:40,2025-10-16 13:56:35,385349,862689070136657,3795,GTERI,4.17,00008200,698407,13992,81,00,22,,,15,1,0724,0005,BFF7,068FDE06,26.2,93,685.4,-23.175668,-50.641727,922.6,,21,0,2,3,,,,,,,,,,,,,,,,1,48.0,15,673.8,-50.646663,-23.176727,2025-10-16 13:55:16,14,922.0,10,2025-10-16 13:56:40
2025-10-16 13:59:40,2025-10-16 13:59:40,2025-10-16 13:59:35,385349,862689070136657,3797,GTERI,4.17,00008200,698407,14008,81,00,22,,,16,1,0724,0005,BFF7,068FDE04,22.3,35,642.1,-23.174467,-50.627587,924.2,,31,0,2,3,,,,,,,,,,,,,,,,1,52.4,105,637.0,-50.630557,-23.175602,2025-10-16 13:58:48,13,923.8,10,2025-10-16 13:59:40
2025-10-16 14:00:07,2025-10-16 14:00:07,,385349,862689070136657,3798,GTCRA,,,,,,,,,,,,,,,,,,,,,,,,,,,,,,,,,,,,,,,,,,,,,,,,,,,,2025-10-16 14:00:07
2025-10-16 14:00:08,2025-10-16 14:00:07,,385349,862689070136657,3801,GTCRD,,,,,,,,,,,,,,,,,,,,,,,,,,,,,,,,,,,,,,,,,,,,,,,,,,,,2025-10-16 14:00:08
2025-10-16 14:00:08,2025-10-16 14:00:07,,385349,862689070136657,3800,GTCRD,,,,,,,,,,,,,,,,,,,,,,,,,,,,,,,,,,,,,,,,,,,,,,,,,,,,2025-10-16 14:00:08
2025-10-16 14:00:08,2025-10-16 14:00:07,,385349,862689070136657,3799,GTCRD,,,,,,,,,,,,,,,,,,,,,,,,,,,,,,,,,,,,,,,,,,,,,,,,,,,,2025-10-16 14:00:08
2025-10-16 14:00:09,2025-10-16 14:00:07,,385349,862689070136657,3803,GTCRD,,,,,,,,,,,,,,,,,,,,,,,,,,,,,,,,,,,,,,,,,,,,,,,,,,,,2025-10-16 14:00:09
2025-10-16 14:00:09,2025-10-16 14:00:07,,385349,862689070136657,3802,GTCRD,,,,,,,,,,,,,,,,,,,,,,,,,,,,,,,,,,,,,,,,,,,,,,,,,,,,2025-10-16 14:00:09
2025-10-16 14:00:10,2025-10-16 14:00:07,,385349,862689070136657,3805,GTCRD,,,,,,,,,,,,,,,,,,,,,,,,,,,,,,,,,,,,,,,,,,,,,,,,,,,,2025-10-16 14:00:10
2025-10-16 14:00:10,2025-10-16 14:00:07,,385349,862689070136657,3804,GTCRD,,,,,,,,,,,,,,,,,,,,,,,,,,,,,,,,,,,,,,,,,,,,,,,,,,,,2025-10-16 14:00:10
2025-10-16 14:00:11,2025-10-16 14:00:07,,385349,862689070136657,3807,GTCRD,,,,,,,,,,,,,,,,,,,,,,,,,,,,,,,,,,,,,,,,,,,,,,,,,,,,2025-10-16 14:00:11
2025-10-16 14:00:11,2025-10-16 14:00:07,,385349,862689070136657,3806,GTCRD,,,,,,,,,,,,,,,,,,,,,,,,,,,,,,,,,,,,,,,,,,,,,,,,,,,,2025-10-16 14:00:11
2025-10-16 14:00:12,2025-10-16 14:00:07,,385349,862689070136657,3808,GTCRD,,,,,,,,,,,,,,,,,,,,,,,,,,,,,,,,,,,,,,,,,,,,,,,,,,,,2025-10-16 14:00:12
2025-10-16 14:00:13,2025-10-16 14:00:07,,385349,862689070136657,3811,GTCRD,,,,,,,,,,,,,,,,,,,,,,,,,,,,,,,,,,,,,,,,,,,,,,,,,,,,2025-10-16 14:00:13
2025-10-16 14:00:13,2025-10-16 14:00:07,,385349,862689070136657,3810,GTCRD,,,,,,,,,,,,,,,,,,,,,,,,,,,,,,,,,,,,,,,,,,,,,,,,,,,,2025-10-16 14:00:13
2025-10-16 14:00:13,2025-10-16 14:00:07,,385349,862689070136657,3809,GTCRD,,,,,,,,,,,,,,,,,,,,,,,,,,,,,,,,,,,,,,,,,,,,,,,,,,,,2025-10-16 14:00:13
2025-10-16 14:00:14,2025-10-16 14:00:07,,385349,862689070136657,3812,GTCRD,,,,,,,,,,,,,,,,,,,,,,,,,,,,,,,,,,,,,,,,,,,,,,,,,,,,2025-10-16 14:00:14
2025-10-16 14:00:15,2025-10-16 14:00:11,,385349,862689070136657,3814,GTCRD,,,,,,,,,,,,,,,,,,,,,,,,,,,,,,,,,,,,,,,,,,,,,,,,,,,,2025-10-16 14:00:15
2025-10-16 14:00:15,2025-10-16 14:00:07,,385349,862689070136657,3813,GTCRD,,,,,,,,,,,,,,,,,,,,,,,,,,,,,,,,,,,,,,,,,,,,,,,,,,,,2025-10-16 14:00:15
2025-10-16 14:00:16,2025-10-16 14:00:11,,385349,862689070136657,3817,GTCRD,,,,,,,,,,,,,,,,,,,,,,,,,,,,,,,,,,,,,,,,,,,,,,,,,,,,2025-10-16 14:00:16
2025-10-16 14:00:16,2025-10-16 14:00:11,,385349,862689070136657,3816,GTCRD,,,,,,,,,,,,,,,,,,,,,,,,,,,,,,,,,,,,,,,,,,,,,,,,,,,,2025-10-16 14:00:16
2025-10-16 14:00:16,2025-10-16 14:00:11,,385349,862689070136657,3815,GTCRD,,,,,,,,,,,,,,,,,,,,,,,,,,,,,,,,,,,,,,,,,,,,,,,,,,,,2025-10-16 14:00:16
2025-10-16 14:00:17,2025-10-16 14:00:11,,385349,862689070136657,3818,GTCRD,,,,,,,,,,,,,,,,,,,,,,,,,,,,,,,,,,,,,,,,,,,,,,,,,,,,2025-10-16 14:00:17
2025-10-16 14:00:18,2025-10-16 14:00:11,,385349,862689070136657,3820,GTCRD,,,,,,,,,,,,,,,,,,,,,,,,,,,,,,,,,,,,,,,,,,,,,,,,,,,,2025-10-16 14:00:18
2025-10-16 14:00:18,2025-10-16 14:00:11,,385349,862689070136657,3819,GTCRD,,,,,,,,,,,,,,,,,,,,,,,,,,,,,,,,,,,,,,,,,,,,,,,,,,,,2025-10-16 14:00:18
2025-10-16 14:00:19,2025-10-16 14:00:11,,385349,862689070136657,3822,GTCRD,,,,,,,,,,,,,,,,,,,,,,,,,,,,,,,,,,,,,,,,,,,,,,,,,,,,2025-10-16 14:00:19
2025-10-16 14:00:19,2025-10-16 14:00:11,,385349,862689070136657,3821,GTCRD,,,,,,,,,,,,,,,,,,,,,,,,,,,,,,,,,,,,,,,,,,,,,,,,,,,,2025-10-16 14:00:19
2025-10-16 14:00:20,2025-10-16 14:00:11,,385349,862689070136657,3824,GTCRD,,,,,,,,,,,,,,,,,,,,,,,,,,,,,,,,,,,,,,,,,,,,,,,,,,,,2025-10-16 14:00:20
2025-10-16 14:00:20,2025-10-16 14:00:11,,385349,862689070136657,3823,GTCRD,,,,,,,,,,,,,,,,,,,,,,,,,,,,,,,,,,,,,,,,,,,,,,,,,,,,2025-10-16 14:00:20
2025-10-16 14:00:21,2025-10-16 14:00:12,,385349,862689070136657,3826,GTCRD,,,,,,,,,,,,,,,,,,,,,,,,,,,,,,,,,,,,,,,,,,,,,,,,,,,,2025-10-16 14:00:21
2025-10-16 14:00:21,2025-10-16 14:00:12,,385349,862689070136657,3825,GTCRD,,,,,,,,,,,,,,,,,,,,,,,,,,,,,,,,,,,,,,,,,,,,,,,,,,,,2025-10-16 14:00:21
2025-10-16 14:00:22,2025-10-16 14:00:12,,385349,862689070136657,3828,GTCRD,,,,,,,,,,,,,,,,,,,,,,,,,,,,,,,,,,,,,,,,,,,,,,,,,,,,2025-10-16 14:00:22
2025-10-16 14:00:22,2025-10-16 14:00:12,,385349,862689070136657,3827,GTCRD,,,,,,,,,,,,,,,,,,,,,,,,,,,,,,,,,,,,,,,,,,,,,,,,,,,,2025-10-16 14:00:22
2025-10-16 14:00:25,2025-10-16 14:00:24,2025-10-16 14:00:24,385349,862689070136657,3830,GTERI,4.17,00008200,698407,12785,80,00,12,,,15,1,0724,0005,BFF7,068FDE04,0.0,174,645.2,-23.174527,-50.627403,924.2,,23,0,2,3,,,,,,,,,,,,,,,,1,0.0,174,645.2,-50.627403,-23.174527,2025-10-16 14:00:24,15,924.2,10,2025-10-16 14:00:25
2025-10-16 14:00:25,2025-10-16 14:00:24,2025-10-16 14:00:23,385349,862689070136657,3829,GTIGF,4.17,,698407,13613,80,00,12,955,,14,0,0724,0005,BFF7,068FDE04,0.0,174,645.2,-23.174527,-50.627403,924.2,,,,,,,,,,,,,,,,,,,,,,,,,,,,,,,2025-10-16 14:00:25
2025-10-16 14:03:54,2025-10-16 14:03:53,2025-10-16 14:00:24,385349,862689070136657,3831,GTIGN,4.17,,698407,12889,81,00,22,,209,15,1,0724,0005,BFF7,068FDE04,0.0,174,645.2,-23.174527,-50.627403,924.2,,,,,,,,,,,,,,,,,,,,,,,,,,,,,,,2025-10-16 14:03:54
2025-10-16 14:04:04,2025-10-16 14:04:04,2025-10-16 14:04:04,385349,862689070136657,3833,GTERI,4.17,00008200,698407,13919,81,00,22,,,7,1,0724,0005,BFF7,068FDE04,3.9,25,644.5,-23.174420,-50.627352,924.2,,23,0,2,3,,,,,,,,,,,,,,,,1,3.9,25,644.5,-50.627352,-23.174420,2025-10-16 14:04:04,7,924.2,10,2025-10-16 14:04:04
2025-10-16 14:07:02,2025-10-16 14:06:59,2025-10-16 14:06:55,385349,862689070136657,3835,GTERI,4.18,00008200,698407,14040,81,00,22,,,15,1,0724,0005,BFF7,068FDE04,67.9,105,619.8,-23.173412,-50.618043,925.2,,17,0,2,3,,,,,,,,,,,,,,,,1,81.0,121,619.7,-50.617313,-23.173798,2025-10-16 14:06:59,15,925.3,10,2025-10-16 14:07:02
2025-10-16 14:10:00,2025-10-16 14:09:59,2025-10-16 14:09:55,385349,862689070136657,3838,GTERI,4.17,00008200,698407,14008,81,00,22,,,17,1,0724,0005,BFF7,068FDE04,50.1,51,556.8,-23.151598,-50.599152,928.6,,18,0,2,3,,,,,,,,,,,,,,,,1,82.1,117,619.3,-50.616930,-23.174008,2025-10-16 14:07:01,13,925.3,10,2025-10-16 14:10:00
2025-10-16 14:10:19,2025-10-16 14:10:18,2025-10-16 14:10:18,385349,862689070136657,3839,GTSPD,4.17,,698407,14016,81,00,22,,,16,1,0724,0005,BFF7,068FDE04,114.9,50,554.1,-23.148767,-50.595502,929.0,,,,,,,,,,,,,,,,,,,,,,,,,,,,,,,2025-10-16 14:10:19
2025-10-16 14:10:53,2025-10-16 14:10:53,2025-10-16 14:10:53,385349,862689070136657,3840,GTSPD,4.17,,698407,14024,81,00,22,,,15,1,0724,0005,BFF7,068FDE04,100.6,95,565.0,-23.144525,-50.585028,930.3,,,,,,,,,,,,,,,,,,,,,,,,,,,,,,,2025-10-16 14:10:53
2025-10-16 14:11:08,2025-10-16 14:11:08,2025-10-16 14:11:08,385349,862689070136657,3841,GTSPD,4.17,,698407,14000,81,00,22,,,13,1,0724,0005,BFF7,068FDE04,112.4,96,561.4,-23.144902,-50.581048,930.7,,,,,,,,,,,,,,,,,,,,,,,,,,,,,,,2025-10-16 14:11:08
2025-10-16 14:11:15,2025-10-16 14:11:14,2025-10-16 14:11:14,385349,862689070136657,3842,GTSPD,4.17,,698407,14008,81,00,22,,,12,1,0724,0005,BFF7,068FDE04,90.0,95,556.7,-23.145088,-50.579297,930.9,,,,,,,,,,,,,,,,,,,,,,,,,,,,,,,2025-10-16 14:11:15
2025-10-16 14:13:01,2025-10-16 14:12:59,2025-10-16 14:12:55,385349,862689070136657,3844,GTERI,4.17,00008200,698407,14048,81,00,22,,,16,1,0724,0005,BFF7,0690340A,97.2,94,513.4,-23.147277,-50.555210,933.5,,12,0,2,28,,,,,,,,,,,,,,,,1,99.7,96,513.0,-50.557052,-23.147093,2025-10-16 14:12:48,13,933.2,10,2025-10-16 14:13:01
2025-10-16 14:13:40,2025-10-16 14:13:39,2025-10-16 14:13:39,385349,862689070136657,3845,GTSPD,4.17,,698407,14024,81,00,22,,,17,1,0724,0005,BFF7,0690340A,119.9,97,499.8,-23.148313,-50.543522,934.6,,,,,,,,,,,,,,,,,,,,,,,,,,,,,,,2025-10-16 14:13:40
2025-10-16 14:13:57,2025-10-16 14:13:57,2025-10-16 14:13:57,385349,862689070136657,3847,GTSPD,4.17,,698407,14008,81,00,22,,,14,1,0724,0005,BFF7,0690340A,103.6,95,487.1,-23.148913,-50.537347,935.2,,,,,,,,,,,,,,,,,,,,,,,,,,,,,,,2025-10-16 14:13:57
2025-10-16 14:16:00,2025-10-16 14:15:59,2025-10-16 14:15:55,385349,862689070136657,3849,GTERI,4.17,00008200,698407,14024,81,00,22,,,15,1,0724,0005,BFF7,06903409,78.4,98,411.4,-23.154810,-50.514868,937.7,,13,0,2,28,,,,,,,,,,,,,,,,1,96.3,94,485.4,-50.536817,-23.148958,2025-10-16 14:13:59,14,935.3,10,2025-10-16 14:16:00
2025-10-16 14:19:00,2025-10-16 14:18:59,2025-10-16 14:18:55,385349,862689070136657,3851,GTERI,4.17,00008200,698407,14040,81,00,22,,,17,1,0724,0005,BFF7,06903409,74.2,56,440.6,-23.139807,-50.485588,941.5,,9,0,2,28,,,,,,,,,,,,,,,,1,95.9,62,438.5,-50.494698,-23.144440,2025-10-16 14:18:08,18,940.4,10,2025-10-16 14:19:00
2025-10-16 14:31:34,2025-10-16 14:21:59,2025-10-16 14:21:55,385349,862689070136657,3854,GTERI,4.17,00008200,698407,14000,81,00,22,,,17,1,0724,0005,FDAF,068FC806,85.0,103,359.2,-23.127942,-50.452392,945.3,,6,0,2,3,,,,,,,,,,,,,,,,1,94.3,115,360.7,-50.451463,-23.128253,2025-10-16 14:21:59,17,945.4,10,2025-10-16 14:31:34
2025-10-16 14:31:35,2025-10-16 14:24:08,2025-10-16 14:24:08,385349,862689070136657,3857,GTSPD,4.17,,698407,14016,81,00,22,,,17,1,0724,0005,FDAF,068FC806,108.1,99,462.8,-23.135233,-50.411780,949.5,,,,,,,,,,,,,,,,,,,,,,,,,,,,,,,2025-10-16 14:31:35
2025-10-16 14:31:35,2025-10-16 14:22:38,2025-10-16 14:22:38,385349,862689070136657,3855,GTSPD,4.17,,698407,14040,81,00,22,,,17,1,0724,0005,FDAF,068FC806,112.9,100,381.6,-23.130712,-50.442967,946.2,,,,,,,,,,,,,,,,,,,,,,,,,,,,,,,2025-10-16 14:31:35
2025-10-16 14:31:36,2025-10-16 14:24:27,2025-10-16 14:24:27,385349,862689070136657,3859,GTSPD,4.17,,698407,14000,81,00,22,,,17,1,0724,0005,FDAF,068FC805,89.2,105,467.4,-23.136195,-50.405530,950.1,,,,,,,,,,,,,,,,,,,,,,,,,,,,,,,2025-10-16 14:31:36
2025-10-16 14:31:36,2025-10-16 14:24:27,2025-10-16 14:24:27,385349,862689070136657,3859,GTSPD,4.17,,698407,14000,81,00,22,,,17,1,0724,0005,FDAF,068FC805,89.2,105,467.4,-23.136195,-50.405530,950.1,,,,,,,,,,,,,,,,,,,,,,,,,,,,,,,2025-10-16 14:31:36
2025-10-16 14:31:36,2025-10-16 14:24:10,2025-10-16 14:24:10,385349,862689070136657,3858,GTSPD,4.17,,698407,14032,81,00,22,,,17,1,0724,0005,FDAF,068FC806,117.2,99,465.2,-23.135340,-50.411160,949.5,,,,,,,,,,,,,,,,,,,,,,,,,,,,,,,2025-10-16 14:31:36
2025-10-16 14:32:17,2025-10-16 14:30:44,2025-10-16 14:30:44,385349,862689070136657,3864,GTDOG,,,,,,,,,,,,,,,,,,,,,,,,,,,,,,,,,,,,,,,,,,,,,,,,,,,,2025-10-16 14:32:17
2025-10-16 14:32:17,2025-10-16 14:27:59,2025-10-16 14:27:55,385349,862689070136657,3862,GTERI,4.17,00008200,698407,14000,81,00,22,,,14,1,0724,0005,BFF7,06904506,30.2,44,392.9,-23.120125,-50.377908,953.8,,27,0,2,3,,,,,,,,,,,,,,,,1,95.5,71,451.7,-50.391782,-23.130685,2025-10-16 14:26:12,15,951.8,10,2025-10-16 14:32:17
2025-10-16 14:32:17,2025-10-16 14:24:59,2025-10-16 14:24:55,385349,862689070136657,3860,GTERI,4.17,00008200,698407,13984,81,00,22,,,14,1,0724,0005,FDAF,068FC805,19.6,62,466.4,-23.135867,-50.402733,950.5,,22,0,2,3,,,,,,,,,,,,,,,,1,78.7,112,467.6,-50.405158,-23.136380,2025-10-16 14:24:29,17,950.2,10,2025-10-16 14:32:17
2025-10-16 14:32:18,2025-10-16 14:30:59,2025-10-16 14:30:55,385349,862689070136657,3866,GTERI,4.17,00008200,698407,13935,81,00,22,,,14,1,0724,0005,BFF7,068FC72D,0.0,75,384.2,-23.110265,-50.372900,955.1,,22,0,2,3,,,,,,,,,,,,,,,,1,65.0,28,427.2,-50.373315,-23.115887,2025-10-16 14:29:15,16,954.4,10,2025-10-16 14:32:18
2025-10-16 14:32:19,2025-10-16 14:32:03,2025-10-16 14:32:03,385349,862689070136657,3868,GTERI,4.17,00008200,698407,14008,81,00,21,,,13,1,0724,0005,BFF7,068FC72D,12.1,336,387.6,-23.108568,-50.373350,955.1,,21,0,2,3,,,,,,,,,,,,,,,,1,12.1,336,387.6,-50.373350,-23.108568,2025-10-16 14:32:03,13,955.1,10,2025-10-16 14:32:19
2025-10-16 14:32:19,2025-10-16 14:32:03,2025-10-16 14:32:03,385349,862689070136657,3867,GTRTL,4.17,,698407,14008,81,00,21,,,13,1,0724,0005,BFF7,068FC72D,12.1,336,387.6,-23.108568,-50.373350,955.1,,,,,,,,,,,,,,,,,,,,,,,,,,,,,,,2025-10-16 14:32:19
2025-10-16 14:54:20,2025-10-16 14:35:02,2025-10-16 14:34:57,385349,862689070136657,3871,GTERI,4.17,00008200,698407,13935,81,00,22,,,14,1,0724,0005,BFF7,068FC72D,0.0,173,417.5,-23.104873,-50.370308,955.9,,31,0,2,3,,,,,,,,,,,,,,,,1,49.8,70,433.1,-50.370782,-23.105308,2025-10-16 14:33:46,15,955.7,10,2025-10-16 14:54:20
2025-10-16 14:54:21,2025-10-16 14:40:51,2025-10-16 14:40:50,385349,862689070136657,3875,GTSPD,4.17,,698407,14016,81,00,22,,,13,1,0724,0005,BFF7,068FC72C,111.3,139,401.6,-23.113133,-50.331622,960.6,,,,,,,,,,,,,,,,,,,,,,,,,,,,,,,2025-10-16 14:54:21
2025-10-16 14:54:21,2025-10-16 14:40:51,2025-10-16 14:40:50,385349,862689070136657,3875,GTSPD,4.17,,698407,14016,81,00,22,,,13,1,0724,0005,BFF7,068FC72C,111.3,139,401.6,-23.113133,-50.331622,960.6,,,,,,,,,,,,,,,,,,,,,,,,,,,,,,,2025-10-16 14:54:21
2025-10-16 14:54:21,2025-10-16 14:38:02,2025-10-16 14:37:57,385349,862689070136657,3873,GTERI,4.17,00008200,698407,14048,81,00,22,,,16,1,0724,0005,BFF7,068FC72C,44.4,55,442.4,-23.107157,-50.363642,956.9,,13,0,2,3,,,,,,,,,,,,,,,,1,57.3,60,449.5,-50.364885,-23.107938,2025-10-16 14:37:42,14,956.7,10,2025-10-16 14:54:21
2025-10-16 15:38:02,2025-10-16 14:40:57,2025-10-16 14:40:56,385349,862689070136657,3876,GTSPD,4.17,,698407,14024,81,00,22,,,11,1,0724,0005,BFF7,068FC72C,107.8,140,400.6,-23.114438,-50.330453,960.8,,,,,,,,,,,,,,,,,,,,,,,,,,,,,,,2025-10-16 15:38:02
2025-10-16 15:38:43,2025-10-16 14:41:02,2025-10-16 14:40:57,385349,862689070136657,3877,GTERI,4.17,00008200,698407,14032,81,00,22,,,12,1,0724,0005,BFF7,068FC72C,106.5,139,401.5,-23.114645,-50.330262,960.9,,9,0,2,3,,,,,,,,,,,,,,,,1,105.7,139,402.6,-50.330078,-23.114827,2025-10-16 14:40:58,11,960.8,10,2025-10-16 15:38:43
2025-10-16 15:38:44,2025-10-16 14:42:37,2025-10-16 14:42:36,385349,862689070136657,3878,GTDOG,,,,,,,,,,,,,,,,,,,,,,,,,,,,,,,,,,,,,,,,,,,,,,,,,,,,2025-10-16 15:38:44
2025-10-16 15:38:45,2025-10-16 14:42:51,2025-10-16 14:42:50,385349,862689070136657,3880,GTSPD,4.17,,698407,14016,81,00,22,,,16,1,0724,0005,BFF7,068FB206,102.7,44,389.8,-23.105627,-50.313187,964.0,,,,,,,,,,,,,,,,,,,,,,,,,,,,,,,2025-10-16 15:38:45
2025-10-16 15:38:45,2025-10-16 14:42:49,2025-10-16 14:42:48,385349,862689070136657,3879,GTSPD,4.17,,698407,14032,81,00,22,,,16,1,0724,0005,BFF7,068FB206,111.6,43,389.8,-23.105983,-50.313588,963.9,,,,,,,,,,,,,,,,,,,,,,,,,,,,,,,2025-10-16 15:38:45
2025-10-16 15:38:46,2025-10-16 14:43:52,2025-10-16 14:43:51,385349,862689070136657,3882,GTERI,4.17,00008200,698407,14032,81,00,22,,,11,1,0724,0005,C2B3,06908B0A,110.9,48,378.2,-23.094245,-50.300630,964.8,,7,0,2,28,,,,,,,,,,,,,,,,1,110.9,48,378.2,-50.300630,-23.094245,2025-10-16 14:43:51,11,964.8,10,2025-10-16 15:38:46
2025-10-16 15:38:46,2025-10-16 14:43:51,2025-10-16 14:43:51,385349,862689070136657,3881,GTRTL,4.17,,698407,14032,81,00,22,,,11,1,0724,0005,C2B3,06908B0A,110.9,48,378.2,-23.094245,-50.300630,964.8,,,,,,,,,,,,,,,,,,,,,,,,,,,,,,,2025-10-16 15:38:46
2025-10-16 15:38:47,2025-10-16 14:43:55,2025-10-16 14:43:54,385349,862689070136657,3884,GTSPD,4.17,,698407,14024,81,00,22,,,12,1,0724,0005,C2B3,06908B0A,106.9,48,382.4,-23.093702,-50.299993,964.8,,,,,,,,,,,,,,,,,,,,,,,,,,,,,,,2025-10-16 15:38:47
2025-10-16 15:38:47,2025-10-16 14:43:53,2025-10-16 14:43:52,385349,862689070136657,3883,GTSPD,4.17,,698407,14024,81,00,22,,,11,1,0724,0005,C2B3,06908B0A,111.2,49,380.1,-23.094065,-50.300410,964.8,,,,,,,,,,,,,,,,,,,,,,,,,,,,,,,2025-10-16 15:38:47
2025-10-16 15:38:48,2025-10-16 14:46:41,2025-10-16 14:46:40,385349,862689070136657,3887,GTSPD,4.17,,698407,14024,81,00,22,,,10,1,0724,0005,C2B3,06908B0A,109.9,37,452.7,-23.072643,-50.265750,969.4,,,,,,,,,,,,,,,,,,,,,,,,,,,,,,,2025-10-16 15:38:48
2025-10-16 15:38:48,2025-10-16 14:46:38,2025-10-16 14:46:37,385349,862689070136657,3886,GTSPD,4.17,,698407,14008,81,00,22,,,12,1,0724,0005,C2B3,06908B0A,113.5,37,450.8,-23.073313,-50.266292,969.3,,,,,,,,,,,,,,,,,,,,,,,,,,,,,,,2025-10-16 15:38:48
2025-10-16 15:38:49,2025-10-16 14:46:50,2025-10-16 14:46:45,385349,862689070136657,3889,GTERI,4.17,00008200,698407,14016,81,00,22,,,11,1,0724,0005,C2B3,06908B0A,114.3,36,456.9,-23.071522,-50.264842,969.7,,31,0,2,28,,,,,,,,,,,,,,,,1,118.6,36,458.2,-50.264270,-23.070810,2025-10-16 14:46:48,11,969.7,10,2025-10-16 15:38:49
2025-10-16 15:38:49,2025-10-16 14:46:45,2025-10-16 14:46:44,385349,862689070136657,3888,GTSPD,4.17,,698407,14024,81,00,22,,,12,1,0724,0005,C2B3,06908B0A,112.5,37,456.1,-23.071752,-50.265027,969.5,,,,,,,,,,,,,,,,,,,,,,,,,,,,,,,2025-10-16 15:38:49
2025-10-16 15:38:50,2025-10-16 14:48:38,,385349,862689070136657,3891,GTASC,,,,,,,,,,,,,,,,,,,,,,,,,,,,,,,,,,,,,,,,,,,,,,,,,,,,2025-10-16 15:38:50
2025-10-16 15:38:50,2025-10-16 14:47:08,2025-10-16 14:47:07,385349,862689070136657,3890,GTSPD,4.17,,698407,14016,81,00,22,,,15,1,0724,0005,C2B3,06908B0A,107.7,53,481.6,-23.066763,-50.260223,970.3,,,,,,,,,,,,,,,,,,,,,,,,,,,,,,,2025-10-16 15:38:50
2025-10-16 15:38:51,2025-10-16 14:51:52,2025-10-16 14:51:51,385349,862689070136657,3894,GTIGF,4.17,,698407,12865,80,00,12,1201,,13,0,0724,0005,C2B3,06908B0A,0.0,147,471.7,-23.042097,-50.226348,974.9,,,,,,,,,,,,,,,,,,,,,,,,,,,,,,,2025-10-16 15:38:51
2025-10-16 15:38:51,2025-10-16 14:49:50,2025-10-16 14:49:45,385349,862689070136657,3893,GTERI,4.17,00008200,698407,13951,81,00,22,,,13,1,0724,0005,C2B3,06908B0A,0.0,51,462.3,-23.047230,-50.235402,973.6,,31,0,2,28,,,,,,,,,,,,,,,,1,107.9,52,486.9,-50.259758,-23.066437,2025-10-16 14:47:09,15,970.3,10,2025-10-16 15:38:51
2025-10-16 15:38:52,2025-10-16 14:53:34,2025-10-16 14:53:33,385349,862689070136657,3896,GTDOG,,,,,,,,,,,,,,,,,,,,,,,,,,,,,,,,,,,,,,,,,,,,,,,,,,,,2025-10-16 15:38:52
2025-10-16 15:38:52,2025-10-16 14:51:53,2025-10-16 14:51:52,385349,862689070136657,3895,GTERI,4.17,00008200,698407,12785,80,00,12,,,11,1,0724,0005,C2B3,06908B0A,0.0,147,471.7,-23.042097,-50.226348,974.9,,31,0,2,28,,,,,,,,,,,,,,,,1,0.0,147,471.7,-50.226348,-23.042097,2025-10-16 14:51:52,11,974.9,10,2025-10-16 15:38:52
2025-10-16 15:38:53,2025-10-16 14:54:49,2025-10-16 14:54:48,385349,862689070136657,3898,GTERI,4.11,00008200,698407,13066,80,00,11,,,14,1,0724,0005,BFF7,068FB204,0.6,236,472.8,-23.042193,-50.226482,974.9,,13,0,2,3,,,,,,,,,,,,,,,,1,0.6,236,472.8,-50.226482,-23.042193,2025-10-16 14:54:48,14,974.9,10,2025-10-16 15:38:53
2025-10-16 15:38:53,2025-10-16 14:54:49,2025-10-16 14:54:48,385349,862689070136657,3897,GTRTL,4.11,,698407,13066,80,00,11,,,14,1,0724,0005,BFF7,068FB204,0.6,236,472.8,-23.042193,-50.226482,974.9,,,,,,,,,,,,,,,,,,,,,,,,,,,,,,,2025-10-16 15:38:53
2025-10-16 15:38:54,2025-10-16 15:05:53,2025-10-16 15:05:52,385349,862689070136657,3900,GTRTL,4.06,,698407,13090,80,00,11,,,16,1,0724,0005,BFF7,068FB204,0.0,7,479.1,-23.042090,-50.226417,974.9,,,,,,,,,,,,,,,,,,,,,,,,,,,,,,,2025-10-16 15:38:54
2025-10-16 15:38:54,2025-10-16 15:04:29,2025-10-16 15:04:28,385349,862689070136657,3899,GTDOG,,,,,,,,,,,,,,,,,,,,,,,,,,,,,,,,,,,,,,,,,,,,,,,,,,,,2025-10-16 15:38:54
2025-10-16 15:38:55,2025-10-16 15:15:24,2025-10-16 15:15:23,385349,862689070136657,3902,GTDOG,,,,,,,,,,,,,,,,,,,,,,,,,,,,,,,,,,,,,,,,,,,,,,,,,,,,2025-10-16 15:38:55
2025-10-16 15:38:55,2025-10-16 15:05:53,2025-10-16 15:05:52,385349,862689070136657,3901,GTERI,4.06,00008200,698407,13090,80,00,11,,,16,1,0724,0005,BFF7,068FB204,0.0,7,479.1,-23.042090,-50.226417,974.9,,11,0,2,3,,,,,,,,,,,,,,,,1,0.0,7,479.1,-50.226417,-23.042090,2025-10-16 15:05:52,16,974.9,10,2025-10-16 15:38:55
2025-10-16 15:38:56,2025-10-16 15:16:38,2025-10-16 15:16:37,385349,862689070136657,3904,GTERI,4.00,00008200,698407,13082,80,00,11,,,16,1,0724,0005,BFF7,068FB204,0.1,103,479.0,-23.042173,-50.226415,974.9,,13,0,2,3,,,,,,,,,,,,,,,,1,0.1,103,479.0,-50.226415,-23.042173,2025-10-16 15:16:37,16,974.9,10,2025-10-16 15:38:56
2025-10-16 15:38:56,2025-10-16 15:16:38,2025-10-16 15:16:37,385349,862689070136657,3903,GTRTL,4.00,,698407,13082,80,00,11,,,16,1,0724,0005,BFF7,068FB204,0.1,103,479.0,-23.042173,-50.226415,974.9,,,,,,,,,,,,,,,,,,,,,,,,,,,,,,,2025-10-16 15:38:56
2025-10-16 15:38:57,2025-10-16 15:25:29,,385349,862689070136657,3907,GTCRA,,,,,,,,,,,,,,,,,,,,,,,,,,,,,,,,,,,,,,,,,,,,,,,,,,,,2025-10-16 15:38:57
2025-10-16 15:38:57,2025-10-16 15:25:17,2025-10-16 15:16:37,385349,862689070136657,3905,GTIGN,3.98,,698407,12873,81,00,22,,1185,16,1,0724,0005,0607,0064,0.1,103,479.0,-23.042173,-50.226415,974.9,,,,,,,,,,,,,,,,,,,,,,,,,,,,,,,2025-10-16 15:38:57
2025-10-16 15:38:58,2025-10-16 15:25:29,,385349,862689070136657,3908,GTCRD,,,,,,,,,,,,,,,,,,,,,,,,,,,,,,,,,,,,,,,,,,,,,,,,,,,,2025-10-16 15:38:58
2025-10-16 15:38:59,2025-10-16 15:25:33,,385349,862689070136657,3909,GTCRD,,,,,,,,,,,,,,,,,,,,,,,,,,,,,,,,,,,,,,,,,,,,,,,,,,,,2025-10-16 15:38:59
2025-10-16 15:39:01,2025-10-16 15:25:33,,385349,862689070136657,3910,GTCRD,,,,,,,,,,,,,,,,,,,,,,,,,,,,,,,,,,,,,,,,,,,,,,,,,,,,2025-10-16 15:39:01
2025-10-16 15:39:02,2025-10-16 15:25:33,,385349,862689070136657,3911,GTCRD,,,,,,,,,,,,,,,,,,,,,,,,,,,,,,,,,,,,,,,,,,,,,,,,,,,,2025-10-16 15:39:02
2025-10-16 15:39:03,2025-10-16 15:25:33,,385349,862689070136657,3912,GTCRD,,,,,,,,,,,,,,,,,,,,,,,,,,,,,,,,,,,,,,,,,,,,,,,,,,,,2025-10-16 15:39:03
2025-10-16 15:39:04,2025-10-16 15:25:33,,385349,862689070136657,3913,GTCRD,,,,,,,,,,,,,,,,,,,,,,,,,,,,,,,,,,,,,,,,,,,,,,,,,,,,2025-10-16 15:39:04
2025-10-16 15:39:05,2025-10-16 15:25:33,,385349,862689070136657,3914,GTCRD,,,,,,,,,,,,,,,,,,,,,,,,,,,,,,,,,,,,,,,,,,,,,,,,,,,,2025-10-16 15:39:05
2025-10-16 15:39:07,2025-10-16 15:25:33,,385349,862689070136657,3915,GTCRD,,,,,,,,,,,,,,,,,,,,,,,,,,,,,,,,,,,,,,,,,,,,,,,,,,,,2025-10-16 15:39:07
2025-10-16 15:39:08,2025-10-16 15:25:33,,385349,862689070136657,3916,GTCRD,,,,,,,,,,,,,,,,,,,,,,,,,,,,,,,,,,,,,,,,,,,,,,,,,,,,2025-10-16 15:39:08
2025-10-16 15:39:10,2025-10-16 15:25:33,,385349,862689070136657,3917,GTCRD,,,,,,,,,,,,,,,,,,,,,,,,,,,,,,,,,,,,,,,,,,,,,,,,,,,,2025-10-16 15:39:10
2025-10-16 15:39:12,2025-10-16 15:25:33,,385349,862689070136657,3919,GTCRD,,,,,,,,,,,,,,,,,,,,,,,,,,,,,,,,,,,,,,,,,,,,,,,,,,,,2025-10-16 15:39:12
2025-10-16 15:39:12,2025-10-16 15:25:33,,385349,862689070136657,3918,GTCRD,,,,,,,,,,,,,,,,,,,,,,,,,,,,,,,,,,,,,,,,,,,,,,,,,,,,2025-10-16 15:39:12
2025-10-16 15:39:13,2025-10-16 15:25:33,,385349,862689070136657,3920,GTCRD,,,,,,,,,,,,,,,,,,,,,,,,,,,,,,,,,,,,,,,,,,,,,,,,,,,,2025-10-16 15:39:13
2025-10-16 15:39:14,2025-10-16 15:25:33,,385349,862689070136657,3921,GTCRD,,,,,,,,,,,,,,,,,,,,,,,,,,,,,,,,,,,,,,,,,,,,,,,,,,,,2025-10-16 15:39:14
2025-10-16 15:39:15,2025-10-16 15:25:33,,385349,862689070136657,3922,GTCRD,,,,,,,,,,,,,,,,,,,,,,,,,,,,,,,,,,,,,,,,,,,,,,,,,,,,2025-10-16 15:39:15
2025-10-16 15:39:16,2025-10-16 15:25:34,2025-10-16 15:25:33,385349,862689070136657,3924,GTERI,3.99,00008200,698407,13911,81,00,22,,,12,1,0724,0005,0607,0064,11.2,120,467.9,-23.042233,-50.226320,974.9,,18,0,1,900,,,,,,,,,,,,,,,,1,11.2,120,467.9,-50.226320,-23.042233,2025-10-16 15:25:33,12,974.9,10,2025-10-16 15:39:16
2025-10-16 15:39:16,2025-10-16 15:25:33,,385349,862689070136657,3923,GTCRD,,,,,,,,,,,,,,,,,,,,,,,,,,,,,,,,,,,,,,,,,,,,,,,,,,,,2025-10-16 15:39:16
2025-10-16 15:39:17,2025-10-16 15:27:27,2025-10-16 15:27:26,385349,862689070136657,3926,GTRTL,4.10,,698407,13943,81,00,22,,,10,1,0724,0005,0607,9CA4,13.8,44,430.3,-23.037928,-50.223467,975.3,,,,,,,,,,,,,,,,,,,,,,,,,,,,,,,2025-10-16 15:39:17
2025-10-16 15:39:17,2025-10-16 15:26:11,2025-10-16 15:26:10,385349,862689070136657,3925,GTDOG,,,,,,,,,,,,,,,,,,,,,,,,,,,,,,,,,,,,,,,,,,,,,,,,,,,,2025-10-16 15:39:17
2025-10-16 15:39:18,2025-10-16 15:30:25,2025-10-16 15:30:20,385349,862689070136657,3929,GTERI,4.12,00008200,698407,13887,81,00,21,,,13,1,0724,0005,0607,9CA4,0.0,71,430.8,-23.037950,-50.223340,975.3,,9,0,1,900,,,,,,,,,,,,,,,,1,9.9,65,429.9,-50.223418,-23.037915,2025-10-16 15:27:28,11,975.3,10,2025-10-16 15:39:18
2025-10-16 15:39:18,2025-10-16 15:27:27,2025-10-16 15:27:26,385349,862689070136657,3927,GTERI,4.10,00008200,698407,13943,81,00,22,,,10,1,0724,0005,0607,9CA4,13.8,44,430.3,-23.037928,-50.223467,975.3,,14,0,1,1800,,,,,,,,,,,,,,,,1,13.8,44,430.3,-50.223467,-23.037928,2025-10-16 15:27:26,10,975.3,10,2025-10-16 15:39:18
2025-10-16 15:39:19,2025-10-16 15:35:15,,385349,862689070136657,3933,GTASC,,,,,,,,,,,,,,,,,,,,,,,,,,,,,,,,,,,,,,,,,,,,,,,,,,,,2025-10-16 15:39:19
2025-10-16 15:39:19,2025-10-16 15:33:25,2025-10-16 15:33:20,385349,862689070136657,3932,GTERI,4.14,00008200,698407,13895,81,00,21,,,14,1,0724,0005,0607,9CA4,0.0,71,430.8,-23.037950,-50.223340,975.3,,9,0,1,900,,,,,,,,,,,,,,,,1,0.0,71,430.8,-50.223340,-23.037950,2025-10-16 15:33:24,14,975.3,10,2025-10-16 15:39:19
2025-10-16 15:39:20,2025-10-16 15:36:29,2025-10-16 15:36:28,385349,862689070136657,3936,GTIGF,4.15,,698407,13461,80,00,12,659,,8,0,0724,0005,0607,9CA4,0.0,295,495.3,-23.044793,-50.227207,976.3,,,,,,,,,,,,,,,,,,,,,,,,,,,,,,,2025-10-16 15:39:20
2025-10-16 15:39:20,2025-10-16 15:36:25,2025-10-16 15:36:20,385349,862689070136657,3935,GTERI,4.15,00008200,698407,13919,81,00,22,,,8,1,0724,0005,0607,9CA4,0.0,295,495.3,-23.044793,-50.227207,976.3,,21,0,1,1800,,,,,,,,,,,,,,,,1,46.1,226,462.1,-50.223850,-23.041873,2025-10-16 15:35:03,10,975.9,10,2025-10-16 15:39:20
2025-10-16 15:39:21,2025-10-16 15:36:55,2025-10-16 15:36:29,385349,862689070136657,3938,GTIGN,4.15,,698407,12889,81,00,21,,26,8,1,0724,0005,0607,9CA4,0.0,295,495.3,-23.044793,-50.227207,976.3,,,,,,,,,,,,,,,,,,,,,,,,,,,,,,,2025-10-16 15:39:21
2025-10-16 15:39:21,2025-10-16 15:36:29,2025-10-16 15:36:29,385349,862689070136657,3937,GTERI,4.15,00008200,698407,12793,80,00,12,,,8,1,0724,0005,0607,9CA4,0.0,295,495.3,-23.044793,-50.227207,976.3,,21,0,1,1800,,,,,,,,,,,,,,,,1,0.0,295,495.3,-50.227207,-23.044793,2025-10-16 15:36:29,8,976.3,10,2025-10-16 15:39:21
2025-10-16 15:39:22,2025-10-16 15:37:10,2025-10-16 15:37:09,385349,862689070136657,3941,GTERI,4.14,00008200,698407,13171,80,00,12,,,6,1,0724,0005,0607,9CA4,0.0,295,495.3,-23.044793,-50.227207,976.3,,22,0,1,1800,,,,,,,,,,,,,,,,1,0.0,295,495.3,-50.227207,-23.044793,2025-10-16 15:37:09,6,976.3,10,2025-10-16 15:39:22
2025-10-16 15:39:22,2025-10-16 15:37:03,2025-10-16 15:36:29,385349,862689070136657,3940,GTIGF,4.15,,698407,13871,80,00,12,8,,0,0,0724,0005,0607,9CA4,0.0,295,495.3,-23.044793,-50.227207,976.3,,,,,,,,,,,,,,,,,,,,,,,,,,,,,,,2025-10-16 15:39:22
2025-10-16 15:39:23,2025-10-16 15:38:25,2025-10-16 15:38:25,385349,862689070136657,3943,GTRTL,4.05,,698407,12962,80,00,11,,,7,1,0724,0005,0607,9CA4,0.6,184,500.2,-23.045005,-50.227382,976.3,,,,,,,,,,,,,,,,,,,,,,,,,,,,,,,2025-10-16 15:39:23
2025-10-16 15:39:23,2025-10-16 15:37:10,2025-10-16 15:37:09,385349,862689070136657,3942,GTDOG,,,,,,,,,,,,,,,,,,,,,,,,,,,,,,,,,,,,,,,,,,,,,,,,,,,,2025-10-16 15:39:23
2025-10-16 15:39:24,2025-10-16 15:38:25,2025-10-16 15:38:25,385349,862689070136657,3944,GTERI,4.05,00008200,698407,12962,80,00,11,,,7,1,0724,0005,0607,9CA4,0.6,184,500.2,-23.045005,-50.227382,976.3,,25,0,1,1800,,,,,,,,,,,,,,,,1,0.6,184,500.2,-50.227382,-23.045005,2025-10-16 15:38:25,7,976.3,10,2025-10-16 15:39:24
2025-10-16 16:38:37,2025-10-16 16:38:23,2025-10-16 16:36:08,385349,862689070136657,3945,GTERI,4.03,00008200,698407,13042,80,00,11,,,8,1,0724,0005,0607,9CA4,0.0,184,500.2,-23.045005,-50.227382,976.3,,24,0,1,1800,,,,,,,,,,,,,,,,1,0.0,184,500.2,-50.227382,-23.045005,2025-10-16 16:36:08,8,976.3,10,2025-10-16 16:38:37
2025-10-16 17:38:36,2025-10-16 17:38:23,2025-10-16 17:36:05,385349,862689070136657,3946,GTERI,3.99,00008200,698407,13026,80,00,11,,,9,1,0724,0005,0607,9CA4,0.0,184,500.2,-23.045005,-50.227382,976.3,,24,0,1,1800,,,,,,,,,,,,,,,,1,0.0,184,500.2,-50.227382,-23.045005,2025-10-16 17:36:05,9,976.3,10,2025-10-16 17:38:36
2025-10-16 18:38:23,2025-10-16 18:38:23,2025-10-16 18:36:03,385349,862689070136657,3947,GTERI,3.97,00008200,698407,13010,80,00,11,,,8,1,0724,0005,0607,9CA4,0.0,184,500.2,-23.045005,-50.227382,976.3,,24,0,1,1800,,,,,,,,,,,,,,,,1,0.0,184,500.2,-50.227382,-23.045005,2025-10-16 18:36:03,8,976.3,10,2025-10-16 18:38:23
2025-10-16 19:07:37,2025-10-16 19:07:37,2025-10-16 18:36:03,385349,862689070136657,3948,GTIGN,3.96,,698407,12793,81,00,21,,12621,8,1,0724,0005,0607,9CA4,0.0,184,500.2,-23.045005,-50.227382,976.3,,,,,,,,,,,,,,,,,,,,,,,,,,,,,,,2025-10-16 19:07:37
2025-10-16 19:08:13,2025-10-16 19:08:12,2025-10-16 19:08:12,385349,862689070136657,3950,GTERI,3.98,00008200,698407,13903,81,00,22,,,8,1,0724,0005,0607,9CA4,3.1,347,415.4,-23.044637,-50.227162,976.3,,23,0,1,1800,,,,,,,,,,,,,,,,1,3.1,347,415.4,-50.227162,-23.044637,2025-10-16 19:08:12,8,976.4,10,2025-10-16 19:08:13
2025-10-16 19:11:09,2025-10-16 19:11:08,2025-10-16 19:11:03,385349,862689070136657,3952,GTERI,4.07,00008200,698407,13943,81,00,22,,,10,1,0724,0005,0607,9CA4,0.0,312,472.1,-23.044093,-50.228210,976.5,,20,0,1,1800,,,,,,,,,,,,,,,,1,18.2,318,471.1,-50.228117,-23.044175,2025-10-16 19:10:57,10,976.5,10,2025-10-16 19:11:09
2025-10-16 19:12:33,2025-10-16 19:12:33,2025-10-16 19:12:32,385349,862689070136657,3954,GTIGF,4.08,,698407,13943,80,00,12,296,,11,0,0724,0005,0607,9CA4,0.0,224,491.2,-23.046410,-50.230988,976.8,,,,,,,,,,,,,,,,,,,,,,,,,,,,,,,2025-10-16 19:12:33
2025-10-16 19:12:34,2025-10-16 19:12:33,2025-10-16 19:12:33,385349,862689070136657,3955,GTERI,4.08,00008200,698407,12897,80,00,12,,,11,1,0724,0005,0607,9CA4,0.0,224,491.2,-23.046410,-50.230988,976.8,,22,0,1,1800,,,,,,,,,,,,,,,,1,0.0,224,491.2,-50.230988,-23.046410,2025-10-16 19:12:33,11,976.8,10,2025-10-16 19:12:34
2025-10-16 19:18:10,2025-10-16 19:18:09,2025-10-16 19:12:33,385349,862689070136657,3956,GTIGN,4.00,,698407,12881,81,00,22,,336,11,1,0724,0005,0607,9CA4,0.0,224,491.2,-23.046410,-50.230988,976.8,,,,,,,,,,,,,,,,,,,,,,,,,,,,,,,2025-10-16 19:18:10
2025-10-16 19:18:22,2025-10-16 19:18:21,2025-10-16 19:18:21,385349,862689070136657,3958,GTERI,4.00,00008200,698407,13903,81,00,22,,,11,1,0724,0005,0607,9CA4,2.2,146,491.0,-23.046400,-50.230985,976.8,,26,0,1,1800,,,,,,,,,,,,,,,,1,2.2,146,491.0,-50.230985,-23.046400,2025-10-16 19:18:21,11,976.8,10,2025-10-16 19:18:22
2025-10-16 19:20:14,2025-10-16 19:20:13,2025-10-16 19:20:12,385349,862689070136657,3960,GTIGF,4.08,,698407,13082,80,00,12,124,,11,0,0724,0005,0607,9CA4,0.0,248,488.5,-23.048908,-50.231693,977.2,,,,,,,,,,,,,,,,,,,,,,,,,,,,,,,2025-10-16 19:20:14
2025-10-16 19:20:15,2025-10-16 19:20:13,2025-10-16 19:20:13,385349,862689070136657,3961,GTERI,4.08,00008200,698407,12656,80,00,12,,,11,1,0724,0005,0607,9CA4,0.0,248,488.5,-23.048908,-50.231693,977.2,,27,0,1,1800,,,,,,,,,,,,,,,,1,0.0,248,488.5,-50.231693,-23.048908,2025-10-16 19:20:13,11,977.2,10,2025-10-16 19:20:15
2025-10-16 19:36:04,2025-10-16 19:36:03,2025-10-16 19:20:13,385349,862689070136657,3962,GTIGN,4.00,,698407,12905,81,00,21,,950,11,1,0724,0005,0607,9CA4,0.0,248,488.5,-23.048908,-50.231693,977.2,,,,,,,,,,,,,,,,,,,,,,,,,,,,,,,2025-10-16 19:36:04
2025-10-16 19:36:13,2025-10-16 19:36:13,2025-10-16 19:36:12,385349,862689070136657,3964,GTERI,4.00,00008200,698407,13871,81,00,21,,,8,1,0724,0005,0607,9CA4,2.5,331,489.2,-23.048847,-50.231750,977.2,,30,0,1,1800,,,,,,,,,,,,,,,,1,2.5,331,489.2,-50.231750,-23.048847,2025-10-16 19:36:12,8,977.2,10,2025-10-16 19:36:13
2025-10-16 19:36:53,2025-10-16 19:36:52,,385349,862689070136657,3965,GTCRA,,,,,,,,,,,,,,,,,,,,,,,,,,,,,,,,,,,,,,,,,,,,,,,,,,,,2025-10-16 19:36:53
2025-10-16 19:36:55,2025-10-16 19:36:52,,385349,862689070136657,3966,GTCRD,,,,,,,,,,,,,,,,,,,,,,,,,,,,,,,,,,,,,,,,,,,,,,,,,,,,2025-10-16 19:36:55
2025-10-16 19:36:57,2025-10-16 19:36:52,,385349,862689070136657,3967,GTCRD,,,,,,,,,,,,,,,,,,,,,,,,,,,,,,,,,,,,,,,,,,,,,,,,,,,,2025-10-16 19:36:57
2025-10-16 19:36:59,2025-10-16 19:36:52,,385349,862689070136657,3968,GTCRD,,,,,,,,,,,,,,,,,,,,,,,,,,,,,,,,,,,,,,,,,,,,,,,,,,,,2025-10-16 19:36:59
2025-10-16 19:37:00,2025-10-16 19:36:52,,385349,862689070136657,3969,GTCRD,,,,,,,,,,,,,,,,,,,,,,,,,,,,,,,,,,,,,,,,,,,,,,,,,,,,2025-10-16 19:37:00
2025-10-16 19:37:03,2025-10-16 19:36:52,,385349,862689070136657,3970,GTCRD,,,,,,,,,,,,,,,,,,,,,,,,,,,,,,,,,,,,,,,,,,,,,,,,,,,,2025-10-16 19:37:03
2025-10-16 19:37:04,2025-10-16 19:36:52,,385349,862689070136657,3971,GTCRD,,,,,,,,,,,,,,,,,,,,,,,,,,,,,,,,,,,,,,,,,,,,,,,,,,,,2025-10-16 19:37:04
2025-10-16 19:37:06,2025-10-16 19:36:52,,385349,862689070136657,3972,GTCRD,,,,,,,,,,,,,,,,,,,,,,,,,,,,,,,,,,,,,,,,,,,,,,,,,,,,2025-10-16 19:37:06
2025-10-16 19:37:08,2025-10-16 19:36:52,,385349,862689070136657,3973,GTCRD,,,,,,,,,,,,,,,,,,,,,,,,,,,,,,,,,,,,,,,,,,,,,,,,,,,,2025-10-16 19:37:08
2025-10-16 19:37:10,2025-10-16 19:36:52,,385349,862689070136657,3974,GTCRD,,,,,,,,,,,,,,,,,,,,,,,,,,,,,,,,,,,,,,,,,,,,,,,,,,,,2025-10-16 19:37:10
2025-10-16 19:37:11,2025-10-16 19:36:52,,385349,862689070136657,3975,GTCRD,,,,,,,,,,,,,,,,,,,,,,,,,,,,,,,,,,,,,,,,,,,,,,,,,,,,2025-10-16 19:37:11
2025-10-16 19:37:13,2025-10-16 19:36:52,,385349,862689070136657,3976,GTCRD,,,,,,,,,,,,,,,,,,,,,,,,,,,,,,,,,,,,,,,,,,,,,,,,,,,,2025-10-16 19:37:13
2025-10-16 19:37:14,2025-10-16 19:36:52,,385349,862689070136657,3977,GTCRD,,,,,,,,,,,,,,,,,,,,,,,,,,,,,,,,,,,,,,,,,,,,,,,,,,,,2025-10-16 19:37:14
2025-10-16 19:37:15,2025-10-16 19:36:52,,385349,862689070136657,3978,GTCRD,,,,,,,,,,,,,,,,,,,,,,,,,,,,,,,,,,,,,,,,,,,,,,,,,,,,2025-10-16 19:37:15
2025-10-16 19:37:16,2025-10-16 19:36:52,,385349,862689070136657,3979,GTCRD,,,,,,,,,,,,,,,,,,,,,,,,,,,,,,,,,,,,,,,,,,,,,,,,,,,,2025-10-16 19:37:16
2025-10-16 19:37:17,2025-10-16 19:36:52,,385349,862689070136657,3980,GTCRD,,,,,,,,,,,,,,,,,,,,,,,,,,,,,,,,,,,,,,,,,,,,,,,,,,,,2025-10-16 19:37:17
2025-10-16 19:37:18,2025-10-16 19:36:56,,385349,862689070136657,3981,GTCRD,,,,,,,,,,,,,,,,,,,,,,,,,,,,,,,,,,,,,,,,,,,,,,,,,,,,2025-10-16 19:37:18
2025-10-16 19:37:19,2025-10-16 19:36:56,,385349,862689070136657,3982,GTCRD,,,,,,,,,,,,,,,,,,,,,,,,,,,,,,,,,,,,,,,,,,,,,,,,,,,,2025-10-16 19:37:19
2025-10-16 19:37:20,2025-10-16 19:36:56,,385349,862689070136657,3983,GTCRD,,,,,,,,,,,,,,,,,,,,,,,,,,,,,,,,,,,,,,,,,,,,,,,,,,,,2025-10-16 19:37:20
2025-10-16 19:37:21,2025-10-16 19:36:56,,385349,862689070136657,3984,GTCRD,,,,,,,,,,,,,,,,,,,,,,,,,,,,,,,,,,,,,,,,,,,,,,,,,,,,2025-10-16 19:37:21
2025-10-16 19:37:22,2025-10-16 19:36:56,,385349,862689070136657,3985,GTCRD,,,,,,,,,,,,,,,,,,,,,,,,,,,,,,,,,,,,,,,,,,,,,,,,,,,,2025-10-16 19:37:22
2025-10-16 19:37:23,2025-10-16 19:36:56,,385349,862689070136657,3986,GTCRD,,,,,,,,,,,,,,,,,,,,,,,,,,,,,,,,,,,,,,,,,,,,,,,,,,,,2025-10-16 19:37:23
2025-10-16 19:37:24,2025-10-16 19:36:56,,385349,862689070136657,3987,GTCRD,,,,,,,,,,,,,,,,,,,,,,,,,,,,,,,,,,,,,,,,,,,,,,,,,,,,2025-10-16 19:37:24
2025-10-16 19:37:25,2025-10-16 19:36:56,,385349,862689070136657,3989,GTCRD,,,,,,,,,,,,,,,,,,,,,,,,,,,,,,,,,,,,,,,,,,,,,,,,,,,,2025-10-16 19:37:25
2025-10-16 19:37:25,2025-10-16 19:36:56,,385349,862689070136657,3988,GTCRD,,,,,,,,,,,,,,,,,,,,,,,,,,,,,,,,,,,,,,,,,,,,,,,,,,,,2025-10-16 19:37:25
2025-10-16 19:37:26,2025-10-16 19:36:56,,385349,862689070136657,3990,GTCRD,,,,,,,,,,,,,,,,,,,,,,,,,,,,,,,,,,,,,,,,,,,,,,,,,,,,2025-10-16 19:37:26
2025-10-16 19:37:27,2025-10-16 19:36:56,,385349,862689070136657,3991,GTCRD,,,,,,,,,,,,,,,,,,,,,,,,,,,,,,,,,,,,,,,,,,,,,,,,,,,,2025-10-16 19:37:27
2025-10-16 19:37:28,2025-10-16 19:36:56,,385349,862689070136657,3992,GTCRD,,,,,,,,,,,,,,,,,,,,,,,,,,,,,,,,,,,,,,,,,,,,,,,,,,,,2025-10-16 19:37:28
2025-10-16 19:37:29,2025-10-16 19:36:56,,385349,862689070136657,3993,GTCRD,,,,,,,,,,,,,,,,,,,,,,,,,,,,,,,,,,,,,,,,,,,,,,,,,,,,2025-10-16 19:37:29
2025-10-16 19:37:30,2025-10-16 19:36:56,,385349,862689070136657,3994,GTCRD,,,,,,,,,,,,,,,,,,,,,,,,,,,,,,,,,,,,,,,,,,,,,,,,,,,,2025-10-16 19:37:30
2025-10-16 19:37:31,2025-10-16 19:36:56,,385349,862689070136657,3995,GTCRD,,,,,,,,,,,,,,,,,,,,,,,,,,,,,,,,,,,,,,,,,,,,,,,,,,,,2025-10-16 19:37:31
2025-10-16 19:39:13,2025-10-16 19:39:13,2025-10-16 19:39:08,385349,862689070136657,3997,GTERI,4.10,00008200,698407,13951,81,00,22,,,13,1,0724,0005,0607,9CA4,19.4,46,490.3,-23.046537,-50.231118,977.7,,22,0,1,1800,,,,,,,,,,,,,,,,1,38.8,316,485.4,-50.230880,-23.047257,2025-10-16 19:38:48,11,977.7,10,2025-10-16 19:39:13
2025-10-16 19:40:03,2025-10-16 19:40:03,2025-10-16 19:40:02,385349,862689070136657,3998,GTIGF,4.11,,698407,12720,80,00,12,240,,13,0,0724,0005,0607,9CA4,0.0,46,496.7,-23.046347,-50.230818,977.8,,,,,,,,,,,,,,,,,,,,,,,,,,,,,,,2025-10-16 19:40:03
2025-10-16 19:40:04,2025-10-16 19:40:03,2025-10-16 19:40:03,385349,862689070136657,3999,GTERI,4.11,00008200,698407,12600,80,00,12,,,14,1,0724,0005,0607,9CA4,0.0,46,496.7,-23.046347,-50.230818,977.8,,23,0,1,1800,,,,,,,,,,,,,,,,1,0.0,46,496.7,-50.230818,-23.046347,2025-10-16 19:40:03,14,977.8,10,2025-10-16 19:40:04
2025-10-16 19:48:35,2025-10-16 19:48:35,2025-10-16 19:40:03,385349,862689070136657,4000,GTINF,4.03,,698407,13010,80,00,11,,,,,,,,,,,,,,,,24,0,,,89551808170105429139,1,0,1,+0000,0,,,,,,,,,,,,,,,,,,,,2025-10-16 19:48:35
2025-10-16 20:40:03,2025-10-16 20:40:03,2025-10-16 20:37:41,385349,862689070136657,4001,GTERI,3.99,00008200,698407,13002,80,00,11,,,10,1,0724,0005,0607,9CA4,0.0,46,496.7,-23.046347,-50.230818,977.8,,26,0,1,1800,,,,,,,,,,,,,,,,1,0.0,46,496.7,-50.230818,-23.046347,2025-10-16 20:37:41,10,977.8,10,2025-10-16 20:40:03
2025-10-16 21:40:03,2025-10-16 21:40:03,2025-10-16 21:37:41,385349,862689070136657,4002,GTERI,3.97,00008200,698407,12978,80,00,11,,,11,1,0724,0005,0607,9CA4,0.0,46,496.7,-23.046347,-50.230818,977.8,,25,0,1,1800,,,,,,,,,,,,,,,,1,0.0,46,496.7,-50.230818,-23.046347,2025-10-16 21:37:41,11,977.8,10,2025-10-16 21:40:03
2025-10-16 21:50:44,2025-10-16 21:50:41,2025-10-16 21:37:41,385349,862689070136657,4003,GTIGN,3.89,,698407,12817,81,00,22,,7838,11,1,0724,0005,0607,9CA4,0.0,46,496.7,-23.046347,-50.230818,977.8,,,,,,,,,,,,,,,,,,,,,,,,,,,,,,,2025-10-16 21:50:44
2025-10-16 21:50:56,2025-10-16 21:50:53,,385349,862689070136657,4005,GTCRA,,,,,,,,,,,,,,,,,,,,,,,,,,,,,,,,,,,,,,,,,,,,,,,,,,,,2025-10-16 21:50:56
2025-10-16 21:50:58,2025-10-16 21:50:53,,385349,862689070136657,4006,GTCRD,,,,,,,,,,,,,,,,,,,,,,,,,,,,,,,,,,,,,,,,,,,,,,,,,,,,2025-10-16 21:50:58
2025-10-16 21:50:59,2025-10-16 21:50:56,2025-10-16 21:50:56,385349,862689070136657,4008,GTERI,3.90,00008200,698407,13927,81,00,22,,,8,1,0724,0005,0607,9CA4,0.7,80,507.5,-23.046403,-50.230813,977.8,,26,0,1,1800,,,,,,,,,,,,,,,,1,0.7,80,507.5,-50.230813,-23.046403,2025-10-16 21:50:56,8,977.8,10,2025-10-16 21:50:59
2025-10-16 21:50:59,2025-10-16 21:50:53,,385349,862689070136657,4007,GTCRD,,,,,,,,,,,,,,,,,,,,,,,,,,,,,,,,,,,,,,,,,,,,,,,,,,,,2025-10-16 21:50:59
2025-10-16 21:51:00,2025-10-16 21:50:57,,385349,862689070136657,4009,GTCRD,,,,,,,,,,,,,,,,,,,,,,,,,,,,,,,,,,,,,,,,,,,,,,,,,,,,2025-10-16 21:51:00
2025-10-16 21:51:01,2025-10-16 21:50:57,,385349,862689070136657,4010,GTCRD,,,,,,,,,,,,,,,,,,,,,,,,,,,,,,,,,,,,,,,,,,,,,,,,,,,,2025-10-16 21:51:01
2025-10-16 21:51:03,2025-10-16 21:50:57,,385349,862689070136657,4012,GTCRD,,,,,,,,,,,,,,,,,,,,,,,,,,,,,,,,,,,,,,,,,,,,,,,,,,,,2025-10-16 21:51:03
2025-10-16 21:51:03,2025-10-16 21:50:57,,385349,862689070136657,4011,GTCRD,,,,,,,,,,,,,,,,,,,,,,,,,,,,,,,,,,,,,,,,,,,,,,,,,,,,2025-10-16 21:51:03
2025-10-16 21:51:04,2025-10-16 21:50:57,,385349,862689070136657,4013,GTCRD,,,,,,,,,,,,,,,,,,,,,,,,,,,,,,,,,,,,,,,,,,,,,,,,,,,,2025-10-16 21:51:04
2025-10-16 21:51:05,2025-10-16 21:50:57,,385349,862689070136657,4014,GTCRD,,,,,,,,,,,,,,,,,,,,,,,,,,,,,,,,,,,,,,,,,,,,,,,,,,,,2025-10-16 21:51:05
2025-10-16 21:51:06,2025-10-16 21:50:57,,385349,862689070136657,4015,GTCRD,,,,,,,,,,,,,,,,,,,,,,,,,,,,,,,,,,,,,,,,,,,,,,,,,,,,2025-10-16 21:51:06
2025-10-16 21:51:07,2025-10-16 21:50:57,,385349,862689070136657,4016,GTCRD,,,,,,,,,,,,,,,,,,,,,,,,,,,,,,,,,,,,,,,,,,,,,,,,,,,,2025-10-16 21:51:07
2025-10-16 21:51:08,2025-10-16 21:50:57,,385349,862689070136657,4017,GTCRD,,,,,,,,,,,,,,,,,,,,,,,,,,,,,,,,,,,,,,,,,,,,,,,,,,,,2025-10-16 21:51:08
2025-10-16 21:51:09,2025-10-16 21:50:57,,385349,862689070136657,4018,GTCRD,,,,,,,,,,,,,,,,,,,,,,,,,,,,,,,,,,,,,,,,,,,,,,,,,,,,2025-10-16 21:51:09
2025-10-16 21:51:10,2025-10-16 21:50:57,,385349,862689070136657,4020,GTCRD,,,,,,,,,,,,,,,,,,,,,,,,,,,,,,,,,,,,,,,,,,,,,,,,,,,,2025-10-16 21:51:10
2025-10-16 21:51:10,2025-10-16 21:50:57,,385349,862689070136657,4019,GTCRD,,,,,,,,,,,,,,,,,,,,,,,,,,,,,,,,,,,,,,,,,,,,,,,,,,,,2025-10-16 21:51:10
2025-10-16 21:51:11,2025-10-16 21:50:57,,385349,862689070136657,4021,GTCRD,,,,,,,,,,,,,,,,,,,,,,,,,,,,,,,,,,,,,,,,,,,,,,,,,,,,2025-10-16 21:51:11
2025-10-16 21:51:12,2025-10-16 21:50:57,,385349,862689070136657,4022,GTCRD,,,,,,,,,,,,,,,,,,,,,,,,,,,,,,,,,,,,,,,,,,,,,,,,,,,,2025-10-16 21:51:12
2025-10-16 21:51:13,2025-10-16 21:50:57,,385349,862689070136657,4023,GTCRD,,,,,,,,,,,,,,,,,,,,,,,,,,,,,,,,,,,,,,,,,,,,,,,,,,,,2025-10-16 21:51:13
2025-10-16 21:53:44,2025-10-16 21:53:43,2025-10-16 21:53:43,385349,862689070136657,4026,GTERI,4.06,00008200,698407,13493,80,00,12,,,4,2,0724,0005,0607,9CA4,4.5,195,500.6,-23.044972,-50.227242,978.3,,21,0,1,1800,,,,,,,,,,,,,,,,2,4.5,195,500.6,-50.227242,-23.044972,2025-10-16 21:53:43,4,978.3,10,2025-10-16 21:53:44
2025-10-16 21:53:44,2025-10-16 21:53:43,2025-10-16 21:53:42,385349,862689070136657,4025,GTIGF,4.06,,698407,13895,80,00,12,182,,4,0,0724,0005,0607,9CA4,4.5,195,500.6,-23.044972,-50.227242,978.3,,,,,,,,,,,,,,,,,,,,,,,,,,,,,,,2025-10-16 21:53:44
2025-10-16 22:53:43,2025-10-16 22:53:43,2025-10-16 22:51:28,385349,862689070136657,4027,GTERI,3.94,00008200,698407,12986,80,00,11,,,7,2,0724,0005,0607,0064,0.0,195,500.6,-23.044972,-50.227242,978.3,,26,0,1,900,,,,,,,,,,,,,,,,2,0.0,195,500.6,-50.227242,-23.044972,2025-10-16 22:51:28,7,978.3,10,2025-10-16 22:53:43
2025-10-17 00:12:57,2025-10-16 23:53:43,2025-10-16 23:51:27,385349,862689070136657,4028,GTERI,3.91,00008200,698407,12962,80,00,11,,,8,2,0724,0005,0607,9CA4,0.0,195,500.6,-23.044972,-50.227242,978.3,,18,0,1,1800,,,,,,,,,,,,,,,,2,0.0,195,500.6,-50.227242,-23.044972,2025-10-16 23:51:27,8,978.3,10,2025-10-17 00:12:57
2025-10-17 00:12:58,2025-10-17 00:02:09,2025-10-17 00:02:09,385349,862689070136657,4029,GTDOG,,,,,,,,,,,,,,,,,,,,,,,,,,,,,,,,,,,,,,,,,,,,,,,,,,,,2025-10-17 00:12:58
2025-10-17 00:12:59,2025-10-17 00:03:25,2025-10-17 00:03:25,385349,862689070136657,4031,GTERI,3.89,00008200,698407,12728,80,00,11,,,9,1,0724,0005,0607,0064,0.2,0,506.3,-23.044732,-50.227125,978.3,,27,0,1,900,,,,,,,,,,,,,,,,1,0.2,0,506.3,-50.227125,-23.044732,2025-10-17 00:03:25,9,978.3,10,2025-10-17 00:12:59
2025-10-17 00:12:59,2025-10-17 00:03:25,2025-10-17 00:03:25,385349,862689070136657,4030,GTRTL,3.89,,698407,12728,80,00,11,,,9,1,0724,0005,0607,0064,0.2,0,506.3,-23.044732,-50.227125,978.3,,,,,,,,,,,,,,,,,,,,,,,,,,,,,,,2025-10-17 00:12:59
2025-10-17 01:03:25,2025-10-17 01:03:24,2025-10-17 01:01:10,385349,862689070136657,4032,GTERI,4.19,00008200,698407,12946,80,00,11,,,8,1,0724,0005,0607,0064,0.0,0,506.3,-23.044732,-50.227125,978.3,,27,0,1,900,,,,,,,,,,,,,,,,1,0.0,0,506.3,-50.227125,-23.044732,2025-10-17 01:01:10,8,978.3,10,2025-10-17 01:03:25
2025-10-17 02:03:24,2025-10-17 02:03:24,2025-10-17 02:01:11,385349,862689070136657,4033,GTERI,4.12,00008200,698407,12938,80,00,11,,,12,1,0724,0005,0607,0064,0.0,0,506.3,-23.044732,-50.227125,978.3,,27,0,1,900,,,,,,,,,,,,,,,,1,0.0,0,506.3,-50.227125,-23.044732,2025-10-17 02:01:11,12,978.3,10,2025-10-17 02:03:24
2025-10-17 03:03:24,2025-10-17 03:03:24,2025-10-17 03:01:03,385349,862689070136657,4034,GTERI,4.10,00008200,698407,12930,80,00,11,,,11,1,0724,0005,0607,0064,0.0,0,506.3,-23.044732,-50.227125,978.3,,27,0,1,900,,,,,,,,,,,,,,,,1,0.0,0,506.3,-50.227125,-23.044732,2025-10-17 03:01:03,11,978.3,10,2025-10-17 03:03:24
2025-10-17 04:03:24,2025-10-17 04:03:24,2025-10-17 04:01:04,385349,862689070136657,4035,GTERI,4.07,00008200,698407,12930,80,00,11,,,15,1,0724,0005,0607,0064,0.0,0,506.3,-23.044732,-50.227125,978.3,,26,0,1,900,,,,,,,,,,,,,,,,1,0.0,0,506.3,-50.227125,-23.044732,2025-10-17 04:01:04,15,978.3,10,2025-10-17 04:03:24
2025-10-17 05:03:24,2025-10-17 05:03:24,2025-10-17 05:01:02,385349,862689070136657,4036,GTERI,4.05,00008200,698407,12921,80,00,11,,,10,1,0724,0005,0607,0064,0.0,0,506.3,-23.044732,-50.227125,978.3,,26,0,1,900,,,,,,,,,,,,,,,,1,0.0,0,506.3,-50.227125,-23.044732,2025-10-17 05:01:02,10,978.3,10,2025-10-17 05:03:24
2025-10-17 06:03:24,2025-10-17 06:03:24,2025-10-17 06:01:03,385349,862689070136657,4037,GTERI,4.02,00008200,698407,12913,80,00,11,,,11,1,0724,0005,0607,0064,0.0,0,506.3,-23.044732,-50.227125,978.3,,26,0,1,900,,,,,,,,,,,,,,,,1,0.0,0,506.3,-50.227125,-23.044732,2025-10-17 06:01:03,11,978.3,10,2025-10-17 06:03:24
2025-10-17 07:00:10,2025-10-17 07:00:10,2025-10-17 06:01:03,385349,862689070136657,4038,GTIGN,3.97,,698407,12205,81,00,21,,32773,11,1,0724,0005,0607,9CA4,0.0,0,506.3,-23.044732,-50.227125,978.3,,,,,,,,,,,,,,,,,,,,,,,,,,,,,,,2025-10-17 07:00:10
2025-10-17 07:00:39,2025-10-17 07:00:38,2025-10-17 07:00:38,385349,862689070136657,4040,GTERI,3.99,00008200,698407,13718,81,00,22,,,5,3,0724,0005,0607,9CA4,2.2,350,551.0,-23.045060,-50.227027,978.3,,17,0,1,1800,,,,,,,,,,,,,,,,3,2.2,350,551.0,-50.227027,-23.045060,2025-10-17 07:00:38,5,978.3,10,2025-10-17 07:00:39
2025-10-17 07:03:34,2025-10-17 07:03:34,2025-10-17 07:03:28,385349,862689070136657,4042,GTERI,4.13,00008200,698407,13799,81,00,22,,,11,1,0724,0005,0607,9CA4,12.2,325,489.6,-23.039013,-50.222257,979.3,,21,0,1,1800,,,,,,,,,,,,,,,,1,37.4,47,549.1,-50.225370,-23.043412,2025-10-17 07:01:35,10,978.6,10,2025-10-17 07:03:34
2025-10-17 07:04:04,2025-10-17 07:04:04,2025-10-17 07:04:03,385349,862689070136657,4043,GTIGF,4.13,,698407,13895,80,00,12,234,,12,0,0724,0005,0607,9CA4,0.0,240,483.4,-23.037863,-50.223265,979.4,,,,,,,,,,,,,,,,,,,,,,,,,,,,,,,2025-10-17 07:04:04
2025-10-17 07:04:05,2025-10-17 07:04:04,2025-10-17 07:04:04,385349,862689070136657,4044,GTERI,4.13,00008200,698407,13678,80,00,12,,,13,1,0724,0005,0607,9CA4,0.0,240,483.4,-23.037863,-50.223265,979.4,,14,0,1,1800,,,,,,,,,,,,,,,,1,0.0,240,483.4,-50.223265,-23.037863,2025-10-17 07:04:04,13,979.4,10,2025-10-17 07:04:05
2025-10-17 07:05:34,2025-10-17 07:05:34,2025-10-17 07:04:04,385349,862689070136657,4045,GTIGN,4.04,,698407,12970,81,00,22,,90,13,1,0724,0005,0607,9CA4,0.0,240,483.4,-23.037863,-50.223265,979.4,,,,,,,,,,,,,,,,,,,,,,,,,,,,,,,2025-10-17 07:05:34
2025-10-17 07:05:45,2025-10-17 07:05:44,2025-10-17 07:05:44,385349,862689070136657,4047,GTERI,4.03,00008200,698407,13935,81,00,22,,,9,1,0724,0005,0607,9CA4,4.0,200,482.8,-23.038067,-50.223518,979.4,,15,0,1,1800,,,,,,,,,,,,,,,,1,4.0,200,482.8,-50.223518,-23.038067,2025-10-17 07:05:44,9,979.4,10,2025-10-17 07:05:45
2025-10-17 07:08:44,2025-10-17 07:08:44,2025-10-17 07:08:39,385349,862689070136657,4049,GTERI,4.15,00008200,698407,13967,81,00,22,,,14,1,0724,0005,0607,9CA4,48.1,238,465.8,-23.046463,-50.234325,981.0,,20,0,1,1800,,,,,,,,,,,,,,,,1,92.6,221,471.5,-50.228148,-23.041537,2025-10-17 07:07:31,11,980.1,10,2025-10-17 07:08:44
2025-10-17 07:11:44,2025-10-17 07:11:44,2025-10-17 07:11:39,385349,862689070136657,4052,GTERI,4.17,00008200,698407,13967,81,00,22,,,12,1,0724,0005,0607,9CA4,37.2,110,483.0,-23.050847,-50.226030,982.1,,21,0,1,1800,,,,,,,,,,,,,,,,1,53.8,111,476.7,-50.230622,-23.049062,2025-10-17 07:10:58,13,981.6,10,2025-10-17 07:11:44
2025-10-17 07:12:40,2025-10-17 07:12:40,2025-10-17 07:12:39,385349,862689070136657,4053,GTIGF,4.17,,698407,13831,80,00,12,426,,14,0,0724,0005,0607,C3B4,0.0,300,483.3,-23.051577,-50.226098,982.3,,,,,,,,,,,,,,,,,,,,,,,,,,,,,,,2025-10-17 07:12:40
2025-10-17 07:12:41,2025-10-17 07:12:40,2025-10-17 07:12:40,385349,862689070136657,4054,GTERI,4.17,00008200,698407,12930,80,00,12,,,14,1,0724,0005,0607,C3B4,0.0,300,483.3,-23.051577,-50.226098,982.3,,20,0,1,1800,,,,,,,,,,,,,,,,1,0.0,300,483.3,-50.226098,-23.051577,2025-10-17 07:12:40,14,982.3,10,2025-10-17 07:12:41
2025-10-17 07:13:42,2025-10-17 07:13:42,2025-10-17 07:12:40,385349,862689070136657,4055,GTIGN,4.12,,698407,12930,81,00,22,,62,14,1,0724,0005,0607,C3B4,0.0,300,483.3,-23.051577,-50.226098,982.3,,,,,,,,,,,,,,,,,,,,,,,,,,,,,,,2025-10-17 07:13:42
2025-10-17 07:13:52,2025-10-17 07:13:52,2025-10-17 07:13:51,385349,862689070136657,4057,GTERI,4.12,00008200,698407,13903,81,00,22,,,9,1,0724,0005,0607,C3B4,6.4,339,481.4,-23.051357,-50.226240,982.3,,21,0,1,1800,,,,,,,,,,,,,,,,1,6.4,339,481.4,-50.226240,-23.051357,2025-10-17 07:13:51,9,982.3,10,2025-10-17 07:13:52
2025-10-17 07:16:49,2025-10-17 07:16:49,2025-10-17 07:16:44,385349,862689070136657,4059,GTERI,4.18,00008200,698407,13976,81,00,22,,,14,1,0724,0005,0607,9CA4,17.6,47,471.9,-23.045012,-50.227362,983.6,,22,0,1,1800,,,,,,,,,,,,,,,,1,57.4,47,465.2,-50.228780,-23.046248,2025-10-17 07:16:15,15,983.4,10,2025-10-17 07:16:49
2025-10-17 07:17:30,2025-10-17 07:17:30,2025-10-17 07:17:29,385349,862689070136657,4060,GTIGF,4.18,,698407,12761,80,00,12,228,,14,0,0724,0005,0607,9CA4,0.0,48,474.5,-23.044908,-50.227233,983.6,,,,,,,,,,,,,,,,,,,,,,,,,,,,,,,2025-10-17 07:17:30
2025-10-17 07:17:31,2025-10-17 07:17:30,2025-10-17 07:17:30,385349,862689070136657,4061,GTERI,4.18,00008200,698407,12624,80,00,12,,,14,1,0724,0005,0607,9CA4,0.0,48,474.5,-23.044908,-50.227233,983.6,,23,0,1,1800,,,,,,,,,,,,,,,,1,0.0,48,474.5,-50.227233,-23.044908,2025-10-17 07:17:30,14,983.6,10,2025-10-17 07:17:31
