Data/Hora Inclusão,Data/Hora Evento,GNSS UTC Time,IMEI,Sequência,Tipo Serviço,Message Type,Tipo Dispositivo,Event Index,Event Code,Alimentação Externa,Digital Input Status,Ignição,Satélites,HDOP,Fix Status,Velocidade,Azimuth,Altitude,Latitude,Longitude,Hodômetro Total,Accum0,Accum1,Accum2,Accum3,Accum4,Accum5,Accum6,Accum7,Accum8,Accum9,Accum10,Accum11,Accum12,Accum13,Accum14,Accum15,Carrier,RSSI,Comm State
2025-10-20 08:33:22,2025-10-20 08:33:22,2025-10-20 08:33:22,4675740293,3914,01,02,83,123,30,30613,2F,1,15,0.7,00,57,9,1060.2,-25.0100154,-51.5453658,1140.0,0011654E,0021802F,00007795,14000219,00000000,00000000,00000000,00000000,00000000,000DD183,00000000,00000000,00000000,00000000,00000000,00000000,0005,FF7C,AF
2025-10-20 08:30:22,2025-10-20 08:30:22,2025-10-20 08:30:22,4675740293,3913,01,02,83,123,30,30613,0F,1,16,0.7,00,45,349,1030.5,-25.0384516,-51.5460846,1136.9,001158D8,0021800F,00007795,14000219,00000000,00000000,00000000,00000000,00000000,000DD183,00000000,00000000,00000000,00000000,00000000,00000000,0005,FF97,AF
2025-10-20 08:27:33,2025-10-20 08:27:33,2025-10-20 08:27:33,4675740293,3912,01,02,83,255,44,30704,0F,1,16,0.6,00,0,121,1025.7,-25.0452735,-51.5434559,1136.0,0011559B,0021800F,000077F0,14000219,00000000,00000000,00000000,00000000,00000000,000DD183,00000000,00000000,00000000,00000000,00000000,00000000,0005,FFAD,AF
2025-10-20 08:27:22,2025-10-20 08:27:22,2025-10-20 08:27:22,4675740293,3911,01,02,83,112,21,21797,0F,1,16,0.6,00,0,236,1027.9,-25.0452682,-51.5434616,1136.0,0011559B,0021800F,00005525,14000219,00000000,00000000,00000000,00000000,00000000,00000000,00000000,00000000,00000000,00000000,00000000,00000000,0005,FFA7,AF
2025-10-20 08:27:18,2025-10-20 08:27:18,2025-10-20 08:27:18,4675740293,3910,01,02,83,128,20,24837,0E,0,16,0.6,00,0,206,1028.0,-25.0452621,-51.5434548,1136.0,0011559B,0021800E,00006105,14000219,00000000,00000000,00000000,00000000,00000000,00000000,00000000,00000000,00000000,00000000,00000000,00000000,0005,FFAC,AF
2025-10-20 08:27:16,2025-10-20 08:27:16,2025-10-20 08:27:16,4675740293,3909,01,02,83,255,45,24776,0E,0,16,0.6,00,0,206,1027.8,-25.0452613,-51.543453,1136.0,0011559B,0021800E,000060C8,14000219,00000000,00000000,00000000,00000000,00000000,00000000,00000000,00000000,00000000,00000000,00000000,00000000,0005,FFAC,AF
2025-10-20 08:25:35,2025-10-20 08:25:35,2025-10-20 08:25:35,4675740293,3908,01,02,83,123,30,24502,0F,1,15,0.7,00,0,18,1027.6,-25.0452631,-51.543456,1136.0,0011559B,0021800F,00005FB6,14000219,00000000,00000000,00000000,00000000,00000000,00000000,00000000,00000000,00000000,00000000,00000000,00000000,0005,FFAC,AF
2025-10-20 08:22:35,2025-10-20 08:22:35,2025-10-20 08:22:35,4675740293,3907,01,02,83,123,30,24806,0F,1,13,0.9,00,0,18,1027.3,-25.0452634,-51.5434557,1136.0,0011559B,0021800F,000060E6,14000219,00000000,00000000,00000000,00000000,00000000,00000000,00000000,00000000,00000000,00000000,00000000,00000000,0005,FFAB,AF
2025-10-20 08:20:35,2025-10-20 08:20:34,2025-10-20 08:20:34,4675740293,3906,01,02,83,255,46,24685,0F,1,14,0.8,00,0,82,1028.3,-25.0452768,-51.5434336,1136.0,0011559B,0021800F,0000606D,14000219,00000000,00000000,00000000,00000000,00000000,00000000,00000000,00000000,00000000,00000000,00000000,00000000,0005,FFA8,AF
2025-10-20 08:19:35,2025-10-20 08:19:35,2025-10-20 08:19:35,4675740293,3905,01,02,83,123,30,25049,0F,1,13,0.8,00,0,82,1028.2,-25.0452758,-51.5434338,1136.0,0011559B,0021800F,000061D9,14000219,00000000,00000000,00000000,00000000,00000000,00000000,00000000,00000000,00000000,00000000,00000000,00000000,0005,FFA9,AF
2025-10-20 08:16:35,2025-10-20 08:16:35,2025-10-20 08:16:35,4675740293,3904,01,02,83,112,21,25627,0F,1,15,0.7,00,0,259,1026.5,-25.0452825,-51.5434289,1136.0,0011559B,0021800F,0000641B,14000219,00000000,00000000,00000000,00000000,00000000,00000000,00000000,00000000,00000000,00000000,00000000,00000000,0005,FFA7,AF
2025-10-20 08:16:13,2025-10-20 08:16:13,2025-10-20 08:16:13,4675740293,3903,01,02,83,128,20,25931,0E,0,13,0.8,00,0,51,1026.4,-25.0452833,-51.5434377,1136.0,0011559B,0021800E,0000654B,14000219,00000000,00000000,00000000,00000000,00000000,00000000,00000000,00000000,00000000,00000000,00000000,00000000,0005,FFA9,AF
2025-10-20 08:16:12,2025-10-20 08:16:12,2025-10-20 08:16:12,4675740293,3902,01,02,83,255,45,25931,0E,0,13,0.8,00,0,51,1026.4,-25.0452832,-51.5434377,1136.0,0011559B,0021800E,0000654B,14000219,00000000,00000000,00000000,00000000,00000000,00000000,00000000,00000000,00000000,00000000,00000000,00000000,0005,FFA9,AF
2025-10-20 08:16:06,2025-10-20 08:16:06,2025-10-20 08:16:06,4675740293,3901,01,02,83,123,30,25870,0F,1,14,0.7,00,0,259,1026.3,-25.0452818,-51.5434456,1136.0,0011559B,0021800F,0000650E,14000219,00000000,00000000,00000000,00000000,00000000,00000000,00000000,00000000,00000000,00000000,00000000,00000000,0005,FFAB,AF
2025-10-20 08:13:06,2025-10-20 08:13:06,2025-10-20 08:13:06,4675740293,3900,01,02,83,112,21,26417,0F,1,17,0.6,00,0,259,1027.2,-25.0452821,-51.5434704,1136.0,0011559B,0021800F,00006731,14000219,00000000,00000000,00000000,00000000,00000000,00000000,00000000,00000000,00000000,00000000,00000000,00000000,0005,FFA8,AF
2025-10-20 08:12:45,2025-10-20 08:12:45,2025-10-20 08:12:45,4675740293,3899,01,02,83,128,20,26691,0E,0,15,0.7,00,0,259,1028.0,-25.0452766,-51.5434672,1136.0,0011559B,0021800E,00006843,14000219,00000000,00000000,00000000,00000000,00000000,00000000,00000000,00000000,00000000,00000000,00000000,00000000,0005,FFA8,AF
2025-10-20 08:12:44,2025-10-20 08:12:44,2025-10-20 08:12:44,4675740293,3898,01,02,83,255,45,26873,0E,0,15,0.7,00,0,259,1028.0,-25.0452766,-51.5434672,1136.0,0011559B,0021800E,000068F9,14000219,00000000,00000000,00000000,00000000,00000000,00000000,00000000,00000000,00000000,00000000,00000000,00000000,0005,FFA8,AF
2025-10-20 08:11:30,2025-10-20 08:11:30,2025-10-20 08:11:30,4675740293,3897,01,02,83,112,21,27086,0F,1,17,0.6,00,0,259,1026.3,-25.0452686,-51.5434703,1136.0,0011559B,0021800F,000069CE,14000219,00000000,00000000,00000000,00000000,00000000,00000000,00000000,00000000,00000000,00000000,00000000,00000000,0005,FFAD,AF
2025-10-20 08:10:59,2025-10-20 08:10:59,2025-10-20 08:10:59,4675740293,3896,01,02,83,128,20,27633,0E,0,16,0.7,00,0,259,1026.0,-25.0452613,-51.5434726,1136.0,0011559B,0021800E,00006BF1,14000219,00000000,00000000,00000000,00000000,00000000,00000000,00000000,00000000,00000000,00000000,00000000,00000000,0005,FFAA,AF
2025-10-20 08:10:58,2025-10-20 08:10:57,2025-10-20 08:10:57,4675740293,3895,01,02,83,255,45,27846,0E,0,16,0.7,00,0,259,1026.0,-25.0452613,-51.5434726,1136.0,0011559B,0021800E,00006CC6,14000219,00000000,00000000,00000000,00000000,00000000,00000000,00000000,00000000,00000000,00000000,00000000,00000000,0005,FFAA,AF
2025-10-20 08:10:39,2025-10-20 08:10:39,2025-10-20 08:10:39,4675740293,3894,01,02,83,118,38,28393,2F,1,18,0.6,00,11,219,1025.4,-25.0451378,-51.5431797,1136.0,0011557A,0021802F,00006EE9,14000219,00000000,00000000,00000000,00000000,00000000,000DD183,00000000,00000000,00000000,00000000,00000000,00000000,0005,FFA8,AF
2025-10-20 08:10:32,2025-10-20 08:10:32,2025-10-20 08:10:32,4675740293,3893,01,02,83,118,38,28393,2F,1,17,0.6,00,13,276,1025.5,-25.0450584,-51.5430278,1136.0,00115565,0021802F,00006EE9,14000219,00000000,00000000,00000000,00000000,00000000,000DD183,00000000,00000000,00000000,00000000,00000000,00000000,0005,FFA8,AF
2025-10-20 08:08:27,2025-10-20 08:08:27,2025-10-20 08:08:27,4675740293,3892,01,02,83,255,44,28363,0F,1,17,0.6,00,0,316,1030.9,-25.0505945,-51.5421305,1135.3,001152F1,0021800F,00006ECB,14000219,00000000,00000000,00000000,00000000,00000000,000DD183,00000000,00000000,00000000,00000000,00000000,00000000,0005,FFA3,AF
2025-10-20 08:08:19,2025-10-20 08:08:19,2025-10-20 08:08:19,4675740293,3891,01,02,83,112,21,26083,0F,1,17,0.6,00,0,256,1030.3,-25.0505988,-51.54213,1135.3,001152F1,0021800F,000065E3,14000219,00000000,00000000,00000000,00000000,00000000,00000000,00000000,00000000,00000000,00000000,00000000,00000000,0005,FFA6,AF
2025-10-20 08:04:18,2025-10-20 08:04:18,2025-10-20 08:04:18,4675740293,3890,01,02,83,75,27,26417,0E,0,15,0.6,00,0,359,1035.5,-25.0506067,-51.5421233,1135.3,001152F1,0021800E,00006731,14000219,00000000,00000000,00000000,00000000,00000000,00000000,00000000,00000000,00000000,00000000,00000000,00000000,0005,FFA6,AF
2025-10-20 07:59:18,2025-10-20 07:59:18,2025-10-20 07:59:18,4675740293,3889,01,02,83,128,20,27846,0E,0,17,0.6,00,0,359,1051.9,-25.0506209,-51.54212,1135.3,001152F1,0021800E,00006CC6,14000219,00000000,00000000,00000000,00000000,00000000,00000000,00000000,00000000,00000000,00000000,00000000,00000000,0005,FF9C,AF
2025-10-20 07:59:16,2025-10-20 07:59:16,2025-10-20 07:59:16,4675740293,3888,01,02,83,255,45,27907,0E,0,17,0.6,00,0,359,1051.9,-25.0506209,-51.5421195,1135.3,001152F1,0021800E,00006D03,14000219,00000000,00000000,00000000,00000000,00000000,00000000,00000000,00000000,00000000,00000000,00000000,00000000,0005,FF9C,AF
2025-10-20 07:57:34,2025-10-20 07:57:34,2025-10-20 07:57:34,4675740293,3887,01,02,83,123,30,28393,0F,1,17,0.6,00,0,359,1055.4,-25.0506654,-51.5420995,1135.3,001152EC,0021800F,00006EE9,14000219,00000000,00000000,00000000,00000000,00000000,000DD183,00000000,00000000,00000000,00000000,00000000,00000000,0005,FFA0,AF
2025-10-20 07:54:35,2025-10-20 07:54:35,2025-10-20 07:54:35,4675740293,3886,01,02,83,118,38,28363,2F,1,19,0.6,00,12,185,1050.7,-25.0492299,-51.5421416,1135.1,00115220,0021802F,00006ECB,14000219,00000000,00000000,00000000,00000000,00000000,000DD183,00000000,00000000,00000000,00000000,00000000,00000000,0005,FFA8,AF
2025-10-20 07:52:34,2025-10-20 07:52:34,2025-10-20 07:52:34,4675740293,3885,01,02,83,123,30,28363,0F,1,19,0.6,00,14,264,1059.8,-25.0485212,-51.5365527,1134.6,00114FE6,0021800F,00006ECB,14000219,00000000,00000000,00000000,00000000,00000000,000DD183,00000000,00000000,00000000,00000000,00000000,00000000,0005,FFA4,AF
2025-10-20 07:49:34,2025-10-20 07:49:34,2025-10-20 07:49:34,4675740293,3884,01,02,83,123,30,28393,0F,1,18,0.6,00,0,261,1081.5,-25.0491613,-51.5307944,1133.9,00114D42,0021800F,00006EE9,14000219,00000000,00000000,00000000,00000000,00000000,000DD183,00000000,00000000,00000000,00000000,00000000,00000000,0005,FFA1,AF
2025-10-20 07:47:01,2025-10-20 07:47:01,2025-10-20 07:47:01,4675740293,3883,01,02,83,255,44,28211,0F,1,19,0.6,00,0,104,1083.8,-25.0493437,-51.530682,1133.9,00114D29,0021800F,00006E33,14000219,00000000,00000000,00000000,00000000,00000000,000DD183,00000000,00000000,00000000,00000000,00000000,00000000,0005,FFA3,AF
2025-10-20 07:46:36,2025-10-20 07:46:32,2025-10-20 07:43:58,4675740293,3882,01,02,83,112,21,25080,0F,1,18,0.6,24,0,23,1080.4,-25.0493985,-51.5306793,1133.9,00114D29,0021800F,000061F8,14000219,00000000,00000000,00000000,00000000,00000000,00000000,00000000,00000000,00000000,00000000,00000000,00000000,0000,0000,00
2025-10-20 07:43:47,2025-10-20 07:43:46,2025-10-20 07:43:46,4675740293,3881,01,02,83,75,27,25262,0E,0,17,0.6,00,0,23,1080.4,-25.0493986,-51.5306791,1133.9,00114D29,0021800E,000062AE,14000219,00000000,00000000,00000000,00000000,00000000,00000000,00000000,00000000,00000000,00000000,00000000,00000000,0005,FFA6,AF
2025-10-20 06:43:44,2025-10-20 06:43:43,2025-10-20 06:43:43,4675740293,3880,01,02,83,75,27,25262,0E,0,20,0.5,00,0,39,1105.2,-25.0493676,-51.5306538,1133.9,00114D29,0021800E,000062AE,14000219,00000000,00000000,00000000,00000000,00000000,00000000,00000000,00000000,00000000,00000000,00000000,00000000,0005,FFA6,AF
2025-10-20 05:43:40,2025-10-20 05:43:40,2025-10-20 05:43:40,4675740293,3879,01,02,83,75,27,25262,0E,0,18,0.6,00,0,321,1074.8,-25.0492958,-51.5306937,1133.9,00114D29,0021800E,000062AE,14000219,00000000,00000000,00000000,00000000,00000000,00000000,00000000,00000000,00000000,00000000,00000000,00000000,0005,FFA6,AF
2025-10-20 05:38:54,2025-10-20 04:43:36,2025-10-20 04:43:36,4675740293,3878,01,02,83,75,27,25293,0E,0,19,0.6,20,0,0,1077.5,-25.0494097,-51.5307178,1133.9,00114D29,0021800E,000062CD,14000219,00000000,00000000,00000000,00000000,00000000,00000000,00000000,00000000,00000000,00000000,00000000,00000000,0005,FFA6,AF
2025-10-20 03:43:33,2025-10-20 03:43:32,2025-10-20 03:43:32,4675740293,3877,01,02,83,75,27,25293,0E,0,19,0.6,00,0,0,1088.0,-25.0494085,-51.5306515,1133.9,00114D29,0021800E,000062CD,14000219,00000000,00000000,00000000,00000000,00000000,00000000,00000000,00000000,00000000,00000000,00000000,00000000,0005,FFA7,AF
2025-10-20 03:38:45,2025-10-20 02:43:29,2025-10-20 02:43:29,4675740293,3876,01,02,83,75,27,25293,0E,0,16,0.7,20,0,357,1074.9,-25.0494392,-51.53069,1133.9,00114D29,0021800E,000062CD,14000219,00000000,00000000,00000000,00000000,00000000,00000000,00000000,00000000,00000000,00000000,00000000,00000000,0005,FFA7,AF
2025-10-20 01:43:26,2025-10-20 01:43:26,2025-10-20 01:43:26,4675740293,3875,01,02,83,75,27,25323,0E,0,18,0.6,00,0,0,1088.3,-25.0493997,-51.5306699,1133.9,00114D29,0021800E,000062EB,14000219,00000000,00000000,00000000,00000000,00000000,00000000,00000000,00000000,00000000,00000000,00000000,00000000,0005,FFA6,AF
2025-10-20 01:38:39,2025-10-20 00:43:23,2025-10-20 00:43:23,4675740293,3874,01,02,83,75,27,25323,0E,0,19,0.6,20,0,256,1090.9,-25.0493772,-51.530668,1133.9,00114D29,0021800E,000062EB,14000219,00000000,00000000,00000000,00000000,00000000,00000000,00000000,00000000,00000000,00000000,00000000,00000000,0005,FFA6,AF
2025-10-19 23:43:20,2025-10-19 23:43:20,2025-10-19 23:43:20,4675740293,3873,01,02,83,75,27,25323,0E,0,14,0.7,00,0,25,1096.3,-25.0494411,-51.5306222,1133.9,00114D29,0021800E,000062EB,14000219,00000000,00000000,00000000,00000000,00000000,00000000,00000000,00000000,00000000,00000000,00000000,00000000,0005,FFA7,AF
2025-10-19 22:43:16,2025-10-19 22:43:16,2025-10-19 22:43:16,4675740293,3872,01,02,83,75,27,25323,0E,0,18,0.6,00,0,0,1083.5,-25.0494821,-51.530634,1133.9,00114D29,0021800E,000062EB,14000219,00000000,00000000,00000000,00000000,00000000,00000000,00000000,00000000,00000000,00000000,00000000,00000000,0005,FFA6,AF
2025-10-19 21:43:12,2025-10-19 21:43:12,2025-10-19 21:43:12,4675740293,3871,01,02,83,75,27,25353,0E,0,18,0.6,00,0,342,1076.2,-25.0494525,-51.5306327,1133.9,00114D29,0021800E,00006309,14000219,00000000,00000000,00000000,00000000,00000000,00000000,00000000,00000000,00000000,00000000,00000000,00000000,0005,FFA6,AF
2025-10-19 21:38:25,2025-10-19 20:43:08,2025-10-19 20:43:08,4675740293,3870,01,02,83,75,27,25323,0E,0,16,0.6,20,0,265,1069.6,-25.0494505,-51.5306663,1133.9,00114D29,0021800E,000062EB,14000219,00000000,00000000,00000000,00000000,00000000,00000000,00000000,00000000,00000000,00000000,00000000,00000000,0005,FFA6,AF
2025-10-19 19:43:05,2025-10-19 19:43:05,2025-10-19 19:43:05,4675740293,3869,01,02,83,75,27,25353,0E,0,16,0.7,00,0,22,1094.7,-25.0494638,-51.5306785,1133.9,00114D29,0021800E,00006309,14000219,00000000,00000000,00000000,00000000,00000000,00000000,00000000,00000000,00000000,00000000,00000000,00000000,0005,FFA7,AF
2025-10-19 18:43:02,2025-10-19 18:43:02,2025-10-19 18:43:02,4675740293,3868,01,02,83,75,27,25353,0E,0,16,0.6,00,0,0,1091.0,-25.0494484,-51.530658,1133.9,00114D29,0021800E,00006309,14000219,00000000,00000000,00000000,00000000,00000000,00000000,00000000,00000000,00000000,00000000,00000000,00000000,0005,FFA6,AF
2025-10-19 17:43:00,2025-10-19 17:42:59,2025-10-19 17:42:59,4675740293,3867,01,02,83,75,27,25353,0E,0,13,0.8,00,0,187,1096.0,-25.0494458,-51.5306222,1133.9,00114D29,0021800E,00006309,14000219,00000000,00000000,00000000,00000000,00000000,00000000,00000000,00000000,00000000,00000000,00000000,00000000,0005,FFA6,AF
2025-10-19 17:38:13,2025-10-19 16:42:56,2025-10-19 16:42:56,4675740293,3866,01,02,83,75,27,25353,0E,0,16,0.6,20,0,0,1083.4,-25.0494729,-51.5306823,1133.9,00114D29,0021800E,00006309,14000219,00000000,00000000,00000000,00000000,00000000,00000000,00000000,00000000,00000000,00000000,00000000,00000000,0005,FFA6,AF
2025-10-19 15:42:52,2025-10-19 15:42:52,2025-10-19 15:42:52,4675740293,3865,01,02,83,75,27,25353,0E,0,15,0.7,00,0,0,1084.4,-25.0494113,-51.5306374,1133.9,00114D29,0021800E,00006309,14000219,00000000,00000000,00000000,00000000,00000000,00000000,00000000,00000000,00000000,00000000,00000000,00000000,0005,FFA6,AF
2025-10-19 15:38:05,2025-10-19 14:42:48,2025-10-19 14:42:48,4675740293,3864,01,02,83,75,27,25353,0E,0,18,0.6,20,0,218,1092.7,-25.0494155,-51.5306952,1133.9,00114D29,0021800E,00006309,14000219,00000000,00000000,00000000,00000000,00000000,00000000,00000000,00000000,00000000,00000000,00000000,00000000,0005,FFA6,AF
2025-10-19 13:42:44,2025-10-19 13:42:44,2025-10-19 13:42:44,4675740293,3863,01,02,83,75,27,25353,0E,0,17,0.6,00,0,21,1108.5,-25.0493801,-51.5306774,1133.9,00114D29,0021800E,00006309,14000219,00000000,00000000,00000000,00000000,00000000,00000000,00000000,00000000,00000000,00000000,00000000,00000000,0005,FFA5,AF
2025-10-19 13:37:57,2025-10-19 12:42:41,2025-10-19 12:42:41,4675740293,3862,01,02,83,75,27,25353,0E,0,19,0.6,20,0,0,1089.6,-25.0494089,-51.5306867,1133.9,00114D29,0021800E,00006309,14000219,00000000,00000000,00000000,00000000,00000000,00000000,00000000,00000000,00000000,00000000,00000000,00000000,0005,FFA6,AF
2025-10-19 11:42:39,2025-10-19 11:42:38,2025-10-19 11:42:38,4675740293,3861,01,02,83,75,27,25353,0E,0,18,0.6,00,0,106,1091.9,-25.0494088,-51.5306702,1133.9,00114D29,0021800E,00006309,14000219,00000000,00000000,00000000,00000000,00000000,00000000,00000000,00000000,00000000,00000000,00000000,00000000,0005,FFA6,AF
2025-10-19 11:37:52,2025-10-19 10:42:35,2025-10-19 10:42:35,4675740293,3860,01,02,83,75,27,25353,0E,0,16,0.7,20,0,6,1082.4,-25.0494034,-51.5307368,1133.9,00114D29,0021800E,00006309,14000219,00000000,00000000,00000000,00000000,00000000,00000000,00000000,00000000,00000000,00000000,00000000,00000000,0005,FFA6,AF
2025-10-19 09:42:31,2025-10-19 09:42:31,2025-10-19 09:42:31,4675740293,3859,01,02,83,75,27,25353,0E,0,17,0.6,00,0,0,1083.6,-25.0493604,-51.5306845,1133.9,00114D29,0021800E,00006309,14000219,00000000,00000000,00000000,00000000,00000000,00000000,00000000,00000000,00000000,00000000,00000000,00000000,0005,FFA5,AF
2025-10-19 08:42:27,2025-10-19 08:42:27,2025-10-19 08:42:27,4675740293,3858,01,02,83,75,27,25353,0E,0,16,0.7,00,0,66,1083.9,-25.0493936,-51.5307153,1133.9,00114D29,0021800E,00006309,14000219,00000000,00000000,00000000,00000000,00000000,00000000,00000000,00000000,00000000,00000000,00000000,00000000,0005,FFA4,AF
2025-10-19 07:42:23,2025-10-19 07:42:23,2025-10-19 07:42:23,4675740293,3857,01,02,83,75,27,25384,0E,0,18,0.6,00,0,0,1096.5,-25.0493781,-51.5307097,1133.9,00114D29,0021800E,00006328,14000219,00000000,00000000,00000000,00000000,00000000,00000000,00000000,00000000,00000000,00000000,00000000,00000000,0005,FFA4,AF
2025-10-19 06:42:20,2025-10-19 06:42:20,2025-10-19 06:42:20,4675740293,3856,01,02,83,75,27,25384,0E,0,19,0.6,00,0,0,1085.5,-25.0493588,-51.5306943,1133.9,00114D29,0021800E,00006328,14000219,00000000,00000000,00000000,00000000,00000000,00000000,00000000,00000000,00000000,00000000,00000000,00000000,0005,FFA5,AF
2025-10-19 06:37:33,2025-10-19 05:42:17,2025-10-19 05:42:17,4675740293,3855,01,02,83,75,27,25384,0E,0,16,0.6,20,0,42,1069.6,-25.0493888,-51.5307,1133.9,00114D29,0021800E,00006328,14000219,00000000,00000000,00000000,00000000,00000000,00000000,00000000,00000000,00000000,00000000,00000000,00000000,0005,FFA5,AF
2025-10-19 04:42:14,2025-10-19 04:42:14,2025-10-19 04:42:14,4675740293,3854,01,02,83,75,27,25414,0E,0,19,0.6,00,0,23,1073.5,-25.049422,-51.5306771,1133.9,00114D29,0021800E,00006346,14000219,00000000,00000000,00000000,00000000,00000000,00000000,00000000,00000000,00000000,00000000,00000000,00000000,0005,FFA5,AF
2025-10-19 03:42:10,2025-10-19 03:42:10,2025-10-19 03:42:10,4675740293,3853,01,02,83,75,27,25414,0E,0,18,0.6,00,0,166,1079.8,-25.0494416,-51.5306764,1133.9,00114D29,0021800E,00006346,14000219,00000000,00000000,00000000,00000000,00000000,00000000,00000000,00000000,00000000,00000000,00000000,00000000,0005,FFA5,AF
2025-10-19 02:42:06,2025-10-19 02:42:06,2025-10-19 02:42:06,4675740293,3852,01,02,83,75,27,25414,0E,0,15,0.7,00,0,265,1091.9,-25.0494214,-51.5307245,1133.9,00114D29,0021800E,00006346,14000219,00000000,00000000,00000000,00000000,00000000,00000000,00000000,00000000,00000000,00000000,00000000,00000000,0005,FFA5,AF
2025-10-19 01:42:02,2025-10-19 01:42:02,2025-10-19 01:42:02,4675740293,3851,01,02,83,75,27,25445,0E,0,17,0.6,00,0,0,1098.4,-25.0494081,-51.5306268,1133.9,00114D29,0021800E,00006365,14000219,00000000,00000000,00000000,00000000,00000000,00000000,00000000,00000000,00000000,00000000,00000000,00000000,0005,FFA6,AF
2025-10-19 01:37:15,2025-10-19 00:41:59,2025-10-19 00:41:59,4675740293,3850,01,02,83,75,27,25445,0E,0,17,0.6,20,0,0,1096.5,-25.0493783,-51.530625,1133.9,00114D29,0021800E,00006365,14000219,00000000,00000000,00000000,00000000,00000000,00000000,00000000,00000000,00000000,00000000,00000000,00000000,0005,FFA7,AF
2025-10-19 00:42:12,2025-10-19 00:41:59,2025-10-19 00:41:59,4675740293,3850,01,02,83,75,27,25445,0E,0,17,0.6,00,0,0,1096.5,-25.0493783,-51.530625,1133.9,00114D29,0021800E,00006365,14000219,00000000,00000000,00000000,00000000,00000000,00000000,00000000,00000000,00000000,00000000,00000000,00000000,0005,FFA7,AF
2025-10-19 00:37:12,2025-10-18 23:41:56,2025-10-18 23:41:56,4675740293,3849,01,02,83,75,27,25445,0E,0,16,0.6,20,0,0,1103.7,-25.0494086,-51.5306276,1133.9,00114D29,0021800E,00006365,14000219,00000000,00000000,00000000,00000000,00000000,00000000,00000000,00000000,00000000,00000000,00000000,00000000,0005,FFA6,AF
2025-10-18 22:41:53,2025-10-18 22:41:53,2025-10-18 22:41:53,4675740293,3848,01,02,83,75,27,25445,0E,0,16,0.6,00,0,0,1077.4,-25.0494591,-51.5306827,1133.9,00114D29,0021800E,00006365,14000219,00000000,00000000,00000000,00000000,00000000,00000000,00000000,00000000,00000000,00000000,00000000,00000000,0005,FFA7,AF
2025-10-18 21:41:49,2025-10-18 21:41:49,2025-10-18 21:41:49,4675740293,3847,01,02,83,75,27,25445,0E,0,16,0.6,00,0,0,1092.7,-25.049422,-51.530606,1133.9,00114D29,0021800E,00006365,14000219,00000000,00000000,00000000,00000000,00000000,00000000,00000000,00000000,00000000,00000000,00000000,00000000,0005,FFA5,AF
2025-10-18 20:41:45,2025-10-18 20:41:45,2025-10-18 20:41:45,4675740293,3846,01,02,83,75,27,25445,0E,0,18,0.6,00,0,49,1091.2,-25.0494637,-51.5306379,1133.9,00114D29,0021800E,00006365,14000219,00000000,00000000,00000000,00000000,00000000,00000000,00000000,00000000,00000000,00000000,00000000,00000000,0005,FFA5,AF
2025-10-18 19:41:41,2025-10-18 19:41:41,2025-10-18 19:41:41,4675740293,3845,01,02,83,75,27,25445,0E,0,17,0.6,00,0,0,1087.4,-25.0494654,-51.5306517,1133.9,00114D29,0021800E,00006365,14000219,00000000,00000000,00000000,00000000,00000000,00000000,00000000,00000000,00000000,00000000,00000000,00000000,0005,FFA5,AF
2025-10-18 18:41:39,2025-10-18 18:41:38,2025-10-18 18:41:38,4675740293,3844,01,02,83,75,27,25445,0E,0,16,0.6,00,0,0,1078.8,-25.0494171,-51.5306734,1133.9,00114D29,0021800E,00006365,14000219,00000000,00000000,00000000,00000000,00000000,00000000,00000000,00000000,00000000,00000000,00000000,00000000,0005,FFA5,AF
2025-10-18 17:41:36,2025-10-18 17:41:35,2025-10-18 17:41:35,4675740293,3843,01,02,83,75,27,25445,0E,0,14,0.7,00,0,330,1096.4,-25.0493877,-51.5306099,1133.9,00114D29,0021800E,00006365,14000219,00000000,00000000,00000000,00000000,00000000,00000000,00000000,00000000,00000000,00000000,00000000,00000000,0005,FFA4,AF
2025-10-18 17:36:49,2025-10-18 16:41:32,2025-10-18 16:41:32,4675740293,3842,01,02,83,75,27,25445,0E,0,14,0.7,20,0,0,1092.7,-25.0494453,-51.5306464,1133.9,00114D29,0021800E,00006365,14000219,00000000,00000000,00000000,00000000,00000000,00000000,00000000,00000000,00000000,00000000,00000000,00000000,0005,FFA4,AF
2025-10-18 15:41:28,2025-10-18 15:41:28,2025-10-18 15:41:28,4675740293,3841,01,02,83,75,27,25445,0E,0,16,0.6,00,0,321,1089.1,-25.0494298,-51.5306576,1133.9,00114D29,0021800E,00006365,14000219,00000000,00000000,00000000,00000000,00000000,00000000,00000000,00000000,00000000,00000000,00000000,00000000,0005,FFA5,AF
2025-10-18 14:41:24,2025-10-18 14:41:24,2025-10-18 14:41:24,4675740293,3840,01,02,83,75,27,25445,0E,0,15,0.7,00,0,172,1091.6,-25.0494327,-51.5306926,1133.9,00114D29,0021800E,00006365,14000219,00000000,00000000,00000000,00000000,00000000,00000000,00000000,00000000,00000000,00000000,00000000,00000000,0005,FFA5,AF
2025-10-18 13:41:20,2025-10-18 13:41:20,2025-10-18 13:41:20,4675740293,3839,01,02,83,75,27,25445,0E,0,16,0.6,00,0,0,1090.5,-25.0494187,-51.5306878,1133.9,00114D29,0021800E,00006365,14000219,00000000,00000000,00000000,00000000,00000000,00000000,00000000,00000000,00000000,00000000,00000000,00000000,0005,FFA4,AF
2025-10-18 13:36:33,2025-10-18 12:41:17,2025-10-18 12:41:17,4675740293,3838,01,02,83,75,27,25445,0E,0,19,0.6,20,0,0,1088.7,-25.049398,-51.5306848,1133.9,00114D29,0021800E,00006365,14000219,00000000,00000000,00000000,00000000,00000000,00000000,00000000,00000000,00000000,00000000,00000000,00000000,0005,FFA5,AF
2025-10-18 11:41:15,2025-10-18 11:41:14,2025-10-18 11:41:14,4675740293,3837,01,02,83,75,27,25475,0E,0,17,0.6,00,0,318,1085.2,-25.0493692,-51.5306972,1133.9,00114D29,0021800E,00006383,14000219,00000000,00000000,00000000,00000000,00000000,00000000,00000000,00000000,00000000,00000000,00000000,00000000,0005,FFA5,AF
2025-10-18 10:41:11,2025-10-18 10:41:11,2025-10-18 10:41:11,4675740293,3836,01,02,83,75,27,25475,0E,0,16,0.7,00,0,0,1084.9,-25.0493756,-51.5307497,1133.9,00114D29,0021800E,00006383,14000219,00000000,00000000,00000000,00000000,00000000,00000000,00000000,00000000,00000000,00000000,00000000,00000000,0005,FFA6,AF
2025-10-18 09:58:37,2025-10-18 09:58:37,2025-10-18 09:58:37,4675740293,3835,01,02,83,75,27,25475,0E,0,16,0.7,00,0,0,1083.8,-25.0493383,-51.5307145,1133.9,00114D29,0021800E,00006383,14000219,00000000,00000000,00000000,00000000,00000000,00000000,00000000,00000000,00000000,00000000,00000000,00000000,0005,FFA6,AF
2025-10-18 08:58:33,2025-10-18 08:58:33,2025-10-18 08:58:33,4675740293,3834,01,02,83,75,27,25475,0E,0,16,0.7,00,0,232,1071.5,-25.0494122,-51.530751,1133.9,00114D29,0021800E,00006383,14000219,00000000,00000000,00000000,00000000,00000000,00000000,00000000,00000000,00000000,00000000,00000000,00000000,0005,FFA6,AF
2025-10-18 07:58:29,2025-10-18 07:58:29,2025-10-18 07:58:29,4675740293,3833,01,02,83,75,27,25475,0E,0,18,0.6,00,0,182,1084.5,-25.0493938,-51.5306798,1133.9,00114D29,0021800E,00006383,14000219,00000000,00000000,00000000,00000000,00000000,00000000,00000000,00000000,00000000,00000000,00000000,00000000,0005,FFA6,AF
2025-10-18 06:58:25,2025-10-18 06:58:25,2025-10-18 06:58:25,4675740293,3832,01,02,83,75,27,25475,0E,0,18,0.6,00,0,0,1082.9,-25.049393,-51.5306778,1133.9,00114D29,0021800E,00006383,14000219,00000000,00000000,00000000,00000000,00000000,00000000,00000000,00000000,00000000,00000000,00000000,00000000,0005,FFA6,AF
2025-10-18 05:58:22,2025-10-18 05:58:22,2025-10-18 05:58:22,4675740293,3831,01,02,83,75,27,25475,0E,0,17,0.6,00,0,180,1079.1,-25.0493183,-51.5306914,1133.9,00114D29,0021800E,00006383,14000219,00000000,00000000,00000000,00000000,00000000,00000000,00000000,00000000,00000000,00000000,00000000,00000000,0005,FFA7,AF
2025-10-18 04:58:20,2025-10-18 04:58:19,2025-10-18 04:58:19,4675740293,3830,01,02,83,75,27,25505,0E,0,18,0.6,00,0,354,1070.4,-25.0494319,-51.530661,1133.9,00114D29,0021800E,000063A1,14000219,00000000,00000000,00000000,00000000,00000000,00000000,00000000,00000000,00000000,00000000,00000000,00000000,0005,FFA6,AF
2025-10-18 03:58:17,2025-10-18 03:58:16,2025-10-18 03:58:16,4675740293,3829,01,02,83,75,27,25505,0E,0,20,0.6,00,0,190,1090.0,-25.0493852,-51.530666,1133.9,00114D29,0021800E,000063A1,14000219,00000000,00000000,00000000,00000000,00000000,00000000,00000000,00000000,00000000,00000000,00000000,00000000,0005,FFA6,AF
2025-10-18 02:58:13,2025-10-18 02:58:13,2025-10-18 02:58:13,4675740293,3828,01,02,83,75,27,25505,0E,0,19,0.6,00,0,0,1097.4,-25.0493712,-51.5306777,1133.9,00114D29,0021800E,000063A1,14000219,00000000,00000000,00000000,00000000,00000000,00000000,00000000,00000000,00000000,00000000,00000000,00000000,0005,FFA6,AF
2025-10-18 01:58:09,2025-10-18 01:58:09,2025-10-18 01:58:09,4675740293,3827,01,02,83,75,27,25536,0E,0,16,0.7,00,0,0,1084.0,-25.0493793,-51.5306897,1133.9,00114D29,0021800E,000063C0,14000219,00000000,00000000,00000000,00000000,00000000,00000000,00000000,00000000,00000000,00000000,00000000,00000000,0005,FFA5,AF
2025-10-18 01:53:22,2025-10-18 00:58:05,2025-10-18 00:58:05,4675740293,3826,01,02,83,75,27,25536,0E,0,18,0.6,20,0,0,1101.1,-25.0493674,-51.5306493,1133.9,00114D29,0021800E,000063C0,14000219,00000000,00000000,00000000,00000000,00000000,00000000,00000000,00000000,00000000,00000000,00000000,00000000,0005,FFA5,AF
2025-10-17 23:58:03,2025-10-17 23:58:02,2025-10-17 23:58:02,4675740293,3825,01,02,83,75,27,25566,0E,0,15,0.7,00,0,0,1082.5,-25.0493796,-51.5306704,1133.9,00114D29,0021800E,000063DE,14000219,00000000,00000000,00000000,00000000,00000000,00000000,00000000,00000000,00000000,00000000,00000000,00000000,0005,FFA7,AF
2025-10-17 22:58:00,2025-10-17 22:57:59,2025-10-17 22:57:59,4675740293,3824,01,02,83,75,27,25597,0E,0,17,0.6,00,0,0,1087.0,-25.0494489,-51.5306856,1133.9,00114D29,0021800E,000063FD,14000219,00000000,00000000,00000000,00000000,00000000,00000000,00000000,00000000,00000000,00000000,00000000,00000000,0005,FFA5,AF
2025-10-17 21:57:56,2025-10-17 21:57:56,2025-10-17 21:57:56,4675740293,3823,01,02,83,75,27,25627,0E,0,17,0.6,00,0,0,1091.9,-25.0493706,-51.5306458,1133.9,00114D29,0021800E,0000641B,14000219,00000000,00000000,00000000,00000000,00000000,00000000,00000000,00000000,00000000,00000000,00000000,00000000,0005,FFA6,AF
2025-10-17 20:57:52,2025-10-17 20:57:52,2025-10-17 20:57:52,4675740293,3822,01,02,83,75,27,25627,0E,0,19,0.6,00,0,14,1117.4,-25.0494081,-51.5306564,1133.9,00114D29,0021800E,0000641B,14000219,00000000,00000000,00000000,00000000,00000000,00000000,00000000,00000000,00000000,00000000,00000000,00000000,0005,FFA6,AF
2025-10-17 19:57:48,2025-10-17 19:57:48,2025-10-17 19:57:48,4675740293,3821,01,02,83,75,27,25657,0E,0,17,0.6,00,0,165,1074.5,-25.0494192,-51.5307254,1133.9,00114D29,0021800E,00006439,14000219,00000000,00000000,00000000,00000000,00000000,00000000,00000000,00000000,00000000,00000000,00000000,00000000,0005,FFA6,AF
2025-10-17 19:53:16,,,,40500
2025-10-17 19:53:15,2025-10-17 18:57:44,2025-10-17 18:57:44,4675740293,3820,01,02,83,75,27,25688,0E,0,15,0.7,20,0,20,1081.5,-25.0494505,-51.5306527,1133.9,00114D29,0021800E,00006458,14000219,00000000,00000000,00000000,00000000,00000000,00000000,00000000,00000000,00000000,00000000,00000000,00000000,0005,FFA6,AF
2025-10-17 17:57:41,2025-10-17 17:57:41,2025-10-17 17:57:41,4675740293,3819,01,02,83,75,27,25749,0E,0,15,0.7,00,0,29,1089.4,-25.049417,-51.5306539,1133.9,00114D29,0021800E,00006495,14000219,00000000,00000000,00000000,00000000,00000000,00000000,00000000,00000000,00000000,00000000,00000000,00000000,0005,FFA7,AF
2025-10-17 17:02:26,,,,26976
2025-10-17 17:01:45,,,,26976
2025-10-17 17:01:04,,,,26976
2025-10-17 17:00:23,,,,26976
2025-10-17 16:57:37,2025-10-17 16:57:37,2025-10-17 16:57:37,4675740293,3818,01,02,83,75,27,26357,0E,0,15,0.7,00,0,215,1084.6,-25.0494508,-51.5307171,1133.9,00114D29,0021800E,000066F5,14000219,00000000,00000000,00000000,00000000,00000000,00000000,00000000,00000000,00000000,00000000,00000000,00000000,0005,FFA5,AF
2025-10-17 16:49:50,2025-10-17 16:49:50,2025-10-17 16:49:50,4675740293,3817,01,02,83,75,27,26691,0E,0,15,0.6,00,0,201,1087.1,-25.0494388,-51.5306829,1133.9,00114D29,0021800E,00006843,14000219,00000000,00000000,00000000,00000000,00000000,00000000,00000000,00000000,00000000,00000000,00000000,00000000,0005,FFA6,AF
2025-10-17 16:44:50,2025-10-17 16:44:50,2025-10-17 16:44:50,4675740293,3816,01,02,83,128,20,29488,0E,0,14,0.7,00,0,201,1086.4,-25.0494285,-51.5306706,1133.9,00114D29,0021800E,00007330,14000219,00000000,00000000,00000000,00000000,00000000,00000000,00000000,00000000,00000000,00000000,00000000,00000000,0005,FFA3,AF
2025-10-17 16:44:49,2025-10-17 16:44:49,2025-10-17 16:44:49,4675740293,3815,01,02,83,255,45,29488,0E,0,14,0.7,00,0,201,1086.4,-25.0494285,-51.5306706,1133.9,00114D29,0021800E,00007330,14000219,00000000,00000000,00000000,00000000,00000000,00000000,00000000,00000000,00000000,00000000,00000000,00000000,0005,FFA3,AF
2025-10-17 16:42:03,2025-10-17 16:42:03,2025-10-17 16:42:03,4675740293,3814,01,02,83,118,38,30582,2F,1,14,0.7,00,14,120,1085.6,-25.0491719,-51.5309002,1133.8,00114CF6,0021802F,00007776,14000219,00000000,00000000,00000000,00000000,00000000,000DD183,00000000,00000000,00000000,00000000,00000000,00000000,0005,FF9E,AF
2025-10-17 16:41:57,2025-10-17 16:41:56,2025-10-17 16:41:56,4675740293,3813,01,02,83,118,38,30643,2F,1,15,0.7,00,11,74,1087.3,-25.0490957,-51.5311332,1133.8,00114CDA,0021802F,000077B3,14000219,00000000,00000000,00000000,00000000,00000000,000DD183,00000000,00000000,00000000,00000000,00000000,00000000,0005,FF98,AF
2025-10-17 16:41:16,2025-10-17 16:41:16,2025-10-17 16:41:16,4675740293,3812,01,02,83,118,38,30552,0F,1,13,0.7,00,16,174,1088.6,-25.048246,-51.5319657,1133.6,00114C32,0021800F,00007758,14000219,00000000,00000000,00000000,00000000,00000000,000DD183,00000000,00000000,00000000,00000000,00000000,00000000,0005,FFA4,AF
2025-10-17 16:40:51,2025-10-17 16:40:51,2025-10-17 16:40:51,4675740293,3811,01,02,83,118,38,30643,2F,1,13,0.7,00,14,223,1085.0,-25.0475926,-51.5306961,1133.5,00114B9C,0021802F,000077B3,14000219,00000000,00000000,00000000,00000000,00000000,000DD183,00000000,00000000,00000000,00000000,00000000,00000000,0005,FF94,AF
2025-10-17 16:40:28,2025-10-17 16:40:28,2025-10-17 16:40:28,4675740293,3810,01,02,83,118,38,30613,2F,1,13,0.7,00,25,176,1090.5,-25.0464103,-51.5310909,1133.3,00114B10,0021802F,00007795,14000219,00000000,00000000,00000000,00000000,00000000,000DD183,00000000,00000000,00000000,00000000,00000000,00000000,0005,FF9A,AF
2025-10-17 16:39:47,2025-10-17 16:39:47,2025-10-17 16:39:47,4675740293,3809,01,02,83,118,38,30552,2F,1,13,0.7,00,20,223,1088.7,-25.0449149,-51.5295615,1133.1,00114A13,0021802F,00007758,14000219,00000000,00000000,00000000,00000000,00000000,000DD183,00000000,00000000,00000000,00000000,00000000,00000000,0005,FFAB,AF
2025-10-17 16:38:11,2025-10-17 16:38:11,2025-10-17 16:38:11,4675740293,3808,01,02,83,118,38,30613,2F,1,13,0.7,00,13,125,1058.9,-25.0416607,-51.5295977,1132.6,00114854,0021802F,00007795,14000219,00000000,00000000,00000000,00000000,00000000,000DD183,00000000,00000000,00000000,00000000,00000000,00000000,0005,FFAB,AF
2025-10-17 16:37:34,2025-10-17 16:37:34,2025-10-17 16:37:34,4675740293,3807,01,02,83,123,30,30552,2F,1,14,0.7,00,14,78,1075.6,-25.0420055,-51.5317445,1132.4,00114777,0021802F,00007758,14000219,00000000,00000000,00000000,00000000,00000000,000DD183,00000000,00000000,00000000,00000000,00000000,00000000,0005,FFA5,AF
2025-10-17 16:34:34,2025-10-17 16:34:34,2025-10-17 16:34:34,4675740293,3806,01,02,83,118,38,30613,2F,1,14,0.7,00,17,61,1033.6,-25.0433683,-51.5397767,1131.6,00114441,0021802F,00007795,14000219,00000000,00000000,00000000,00000000,00000000,000DD183,00000000,00000000,00000000,00000000,00000000,00000000,0005,FFA2,AF
2025-10-17 16:34:28,2025-10-17 16:34:28,2025-10-17 16:34:28,4675740293,3805,01,02,83,118,38,30521,2F,1,14,0.7,00,16,109,1033.0,-25.0434941,-51.5400119,1131.6,00114424,0021802F,00007739,14000219,00000000,00000000,00000000,00000000,00000000,000DD183,00000000,00000000,00000000,00000000,00000000,00000000,0005,FF9D,AF
2025-10-17 16:33:37,2025-10-17 16:33:36,2025-10-17 16:33:36,4675740293,3804,01,02,83,118,38,30613,0F,1,14,0.7,00,21,160,1021.5,-25.0411527,-51.5405506,1131.3,00114319,0021800F,00007795,14000219,00000000,00000000,00000000,00000000,00000000,000DD183,00000000,00000000,00000000,00000000,00000000,00000000,0005,FFA0,AF
2025-10-17 16:33:00,2025-10-17 16:33:00,2025-10-17 16:33:00,4675740293,3803,01,02,83,118,38,30613,0F,1,15,0.7,00,23,114,1017.7,-25.0400419,-51.5427412,1131.0,0011421C,0021800F,00007795,14000219,00000000,00000000,00000000,00000000,00000000,000DD183,00000000,00000000,00000000,00000000,00000000,00000000,0005,FFA4,AF
2025-10-17 16:32:17,2025-10-17 16:32:17,2025-10-17 16:32:17,4675740293,3802,01,02,83,118,38,30613,2F,1,15,0.7,00,12,68,1024.2,-25.0407177,-51.5454744,1130.7,001140FA,0021802F,00007795,14000219,00000000,00000000,00000000,00000000,00000000,000DD183,00000000,00000000,00000000,00000000,00000000,00000000,0005,FFA3,AF
2025-10-17 16:32:10,2025-10-17 16:31:54,2025-10-17 16:31:54,4675740293,3801,01,02,83,118,38,30613,2F,1,15,0.7,20,11,132,1024.6,-25.040695,-51.5456604,1130.7,001140E9,0021802F,00007795,14000219,00000000,00000000,00000000,00000000,00000000,000DD183,00000000,00000000,00000000,00000000,00000000,00000000,0005,FFA1,AF
2025-10-17 16:32:10,2025-10-17 16:30:40,2025-10-17 16:30:40,4675740293,3800,01,02,83,123,30,30613,0F,1,12,0.9,20,62,179,1056.1,-25.0308595,-51.5475877,1129.6,00113C99,0021800F,00007795,14000219,00000000,00000000,00000000,00000000,00000000,000DD183,00000000,00000000,00000000,00000000,00000000,00000000,0005,FF90,AF
2025-10-17 16:29:15,2025-10-17 16:27:40,2025-10-17 16:27:40,4675740293,3799,01,02,83,118,38,30673,2F,1,11,0.9,20,73,185,1040.0,-25.0017942,-51.54417,1126.4,00112FDC,0021802F,000077D1,14000219,00000000,00000000,00000000,00000000,00000000,000DD183,00000000,00000000,00000000,00000000,00000000,00000000,02D4,0000,00
2025-10-17 16:29:15,2025-10-17 16:26:14,2025-10-17 16:26:14,4675740293,3798,01,02,83,118,38,30582,2F,1,13,0.8,20,15,139,1020.2,-24.9914626,-51.5489456,1125.1,00112AD4,0021802F,00007776,14000219,00000000,00000000,00000000,00000000,00000000,000DD183,00000000,00000000,00000000,00000000,00000000,00000000,02D4,0000,00
2025-10-17 16:29:15,2025-10-17 16:26:08,2025-10-17 16:26:08,4675740293,3797,01,02,83,118,38,30673,2F,1,12,0.8,20,17,73,1018.1,-24.9913461,-51.5491692,1125.0,00112AB8,0021802F,000077D1,14000219,00000000,00000000,00000000,00000000,00000000,000DD183,00000000,00000000,00000000,00000000,00000000,00000000,02D4,0000,00
2025-10-17 16:29:14,2025-10-17 16:24:57,2025-10-17 16:24:57,4675740293,3796,01,02,83,118,38,30521,2F,1,13,0.8,20,26,24,981.5,-24.9952612,-51.550822,1124.6,001128E7,0021802F,00007739,14000219,00000000,00000000,00000000,00000000,00000000,000DD183,00000000,00000000,00000000,00000000,00000000,00000000,02D4,0000,00
2025-10-17 16:29:14,2025-10-17 16:24:51,2025-10-17 16:24:51,4675740293,3795,01,02,83,118,38,30613,2F,1,12,0.8,20,26,77,981.3,-24.9955211,-51.5511029,1124.5,001128BB,0021802F,00007795,14000219,00000000,00000000,00000000,00000000,00000000,000DD183,00000000,00000000,00000000,00000000,00000000,00000000,02D4,0000,00
2025-10-17 16:29:14,2025-10-17 16:24:24,2025-10-17 16:24:24,4675740293,3794,01,02,83,118,38,30613,2F,1,11,0.8,20,19,124,992.5,-24.9953118,-51.5529567,1124.4,00112801,0021802F,00007795,14000219,00000000,00000000,00000000,00000000,00000000,000DD183,00000000,00000000,00000000,00000000,00000000,00000000,02D4,0000,00
2025-10-17 16:29:14,2025-10-17 16:23:59,2025-10-17 16:23:59,4675740293,3793,01,02,83,118,38,30582,2F,1,13,0.8,20,23,170,988.4,-24.9940894,-51.5535088,1124.2,00112766,0021802F,00007776,14000219,00000000,00000000,00000000,00000000,00000000,000DD183,00000000,00000000,00000000,00000000,00000000,00000000,02D4,0000,00
2025-10-17 16:29:14,2025-10-17 16:23:34,2025-10-17 16:23:34,4675740293,3792,01,02,83,118,38,30582,2F,1,13,0.8,20,23,124,978.4,-24.9925893,-51.5543278,1124.0,001126AB,0021802F,00007776,14000219,00000000,00000000,00000000,00000000,00000000,000DD183,00000000,00000000,00000000,00000000,00000000,00000000,02D4,0000,00
2025-10-17 16:29:14,2025-10-17 16:23:28,2025-10-17 16:23:28,4675740293,3791,01,02,83,123,30,30582,2F,1,12,0.8,20,24,78,976.4,-24.9925201,-51.5547161,1124.0,00112684,0021802F,00007776,14000219,00000000,00000000,00000000,00000000,00000000,000DD183,00000000,00000000,00000000,00000000,00000000,00000000,02D4,0000,00
2025-10-17 16:29:13,2025-10-17 16:20:28,2025-10-17 16:20:28,4675740293,3790,01,02,83,118,38,30552,2F,1,12,0.8,20,36,96,1039.6,-24.9918708,-51.5680261,1122.6,0011210A,0021802F,00007758,14000219,00000000,00000000,00000000,00000000,00000000,000DD183,00000000,00000000,00000000,00000000,00000000,00000000,02D4,FF9C,00
2025-10-17 16:29:13,2025-10-17 16:19:21,2025-10-17 16:19:21,4675740293,3789,01,02,83,118,38,30643,2F,1,13,0.7,20,30,49,1055.1,-24.9946658,-51.5728472,1122.0,00111EC3,0021802F,000077B3,14000219,00000000,00000000,00000000,00000000,00000000,000DD183,00000000,00000000,00000000,00000000,00000000,00000000,02D4,FF9E,00
2025-10-17 16:29:13,2025-10-17 16:19:00,2025-10-17 16:19:00,4675740293,3788,01,02,83,118,38,30552,2F,1,12,0.8,20,35,95,1051.4,-24.9951009,-51.5744713,1121.8,00111E16,0021802F,00007758,14000219,00000000,00000000,00000000,00000000,00000000,000DD183,00000000,00000000,00000000,00000000,00000000,00000000,0000,0000,00
2025-10-17 16:29:13,2025-10-17 16:18:28,2025-10-17 16:18:28,4675740293,3787,01,02,83,118,38,30582,2F,1,12,0.8,20,25,141,1050.2,-24.9935386,-51.5763511,1121.6,00111D11,0021802F,00007776,14000219,00000000,00000000,00000000,00000000,00000000,000DD183,00000000,00000000,00000000,00000000,00000000,00000000,0000,0000,00
2025-10-17 16:29:13,2025-10-17 16:16:20,2025-10-17 16:16:20,4675740293,3786,01,02,83,118,38,30552,2F,1,14,0.7,20,17,95,1021.2,-24.9921661,-51.5847,1120.7,0011198C,0021802F,00007758,14000219,00000000,00000000,00000000,00000000,00000000,000DD183,00000000,00000000,00000000,00000000,00000000,00000000,0000,0000,00
2025-10-17 16:29:13,2025-10-17 16:14:24,2025-10-17 16:14:24,4675740293,3785,01,02,83,118,38,30552,2F,1,15,0.7,20,23,142,991.5,-24.9874711,-51.5909481,1119.8,00111644,0021802F,00007758,14000219,00000000,00000000,00000000,00000000,00000000,000DD183,00000000,00000000,00000000,00000000,00000000,00000000,0000,0000,00
2025-10-17 16:29:12,2025-10-17 16:13:24,2025-10-17 16:13:24,4675740293,3784,01,02,83,118,38,30582,2F,1,15,0.7,20,19,95,992.2,-24.9871182,-51.5921011,1119.7,001115CA,0021802F,00007776,14000219,00000000,00000000,00000000,00000000,00000000,000DD183,00000000,00000000,00000000,00000000,00000000,00000000,0000,0000,00
2025-10-17 16:29:12,2025-10-17 16:11:34,2025-10-17 16:11:34,4675740293,3783,01,02,83,118,38,30521,2F,1,14,0.7,20,27,49,997.5,-24.9897232,-51.5986966,1119.0,001112EB,0021802F,00007739,14000219,00000000,00000000,00000000,00000000,00000000,000DD183,00000000,00000000,00000000,00000000,00000000,00000000,0000,0000,00
2025-10-17 16:29:12,2025-10-17 16:10:05,2025-10-17 16:10:05,4675740293,3782,01,02,83,118,38,30613,2F,1,14,0.7,20,22,95,1005.1,-24.9905691,-51.6042312,1118.4,0011109F,0021802F,00007795,14000219,00000000,00000000,00000000,00000000,00000000,000DD183,00000000,00000000,00000000,00000000,00000000,00000000,0000,0000,00
2025-10-17 16:29:12,2025-10-17 16:08:25,2025-10-17 16:08:25,4675740293,3781,01,02,83,118,38,30552,2F,1,15,0.7,20,24,49,1036.7,-24.9932356,-51.6104026,1117.7,00110DE7,0021802F,00007758,14000219,00000000,00000000,00000000,00000000,00000000,000DD183,00000000,00000000,00000000,00000000,00000000,00000000,0000,0000,00
2025-10-17 16:29:12,2025-10-17 16:07:09,2025-10-17 16:07:09,4675740293,3780,01,02,83,118,38,30582,2F,1,15,0.7,20,29,3,1036.9,-24.9980438,-51.6118002,1117.1,00110BA8,0021802F,00007776,14000219,00000000,00000000,00000000,00000000,00000000,000DD183,00000000,00000000,00000000,00000000,00000000,00000000,0000,0000,00
2025-10-17 16:29:11,2025-10-17 16:06:53,2025-10-17 16:06:53,4675740293,3779,01,02,83,118,38,30491,2F,1,14,0.7,20,30,316,1038.3,-24.9990836,-51.611196,1117.0,00110B24,0021802F,0000771B,14000219,00000000,00000000,00000000,00000000,00000000,000DD183,00000000,00000000,00000000,00000000,00000000,00000000,0000,0000,00
2025-10-17 16:29:11,2025-10-17 16:06:43,2025-10-17 16:06:43,4675740293,3778,01,02,83,118,38,30643,2F,1,14,0.7,20,27,2,1037.0,-24.9997139,-51.6108873,1116.9,00110AD3,0021802F,000077B3,14000219,00000000,00000000,00000000,00000000,00000000,000DD183,00000000,00000000,00000000,00000000,00000000,00000000,0000,0000,00
2025-10-17 16:29:11,2025-10-17 16:05:13,2025-10-17 16:05:13,4675740293,3777,01,02,83,118,38,30613,2F,1,14,0.7,20,36,49,1030.6,-25.0050232,-51.6157002,1116.1,001107AB,0021802F,00007795,14000219,00000000,00000000,00000000,00000000,00000000,000DD183,00000000,00000000,00000000,00000000,00000000,00000000,0000,0000,00
2025-10-17 16:29:11,2025-10-17 16:04:24,2025-10-17 16:04:24,4675740293,3776,01,02,83,118,38,30643,2F,1,8,0.9,20,33,3,1054.3,-25.0090204,-51.6159365,1115.6,001105DA,0021802F,000077B3,14000219,00000000,00000000,00000000,00000000,00000000,000DD183,00000000,00000000,00000000,00000000,00000000,00000000,0000,0000,00
2025-10-17 16:29:11,2025-10-17 16:03:41,2025-10-17 16:02:37,4675740293,3775,01,02,83,123,30,30582,2F,1,14,0.7,24,29,96,1064.7,-25.0100772,-51.6244747,1114.7,00110261,0021802F,00007776,14000219,00000000,00000000,00000000,00000000,00000000,000DD183,00000000,00000000,00000000,00000000,00000000,00000000,0000,0000,00
2025-10-17 16:29:10,2025-10-17 16:00:43,2025-10-17 16:00:43,4675740293,3774,01,02,83,118,38,30613,2F,1,15,0.7,20,33,86,1028.3,-25.0102996,-51.6329314,1113.9,0010FF07,0021802F,00007795,14000219,00000000,00000000,00000000,00000000,00000000,000DD183,00000000,00000000,00000000,00000000,00000000,00000000,0000,0000,00
2025-10-17 16:29:10,2025-10-17 15:59:11,2025-10-17 15:59:11,4675740293,3773,01,02,83,118,38,30613,2F,1,15,0.7,20,36,40,1039.3,-25.0146876,-51.6391265,1113.0,0010FBC9,0021802F,00007795,14000219,00000000,00000000,00000000,00000000,00000000,000DD183,00000000,00000000,00000000,00000000,00000000,00000000,0000,0000,00
2025-10-17 16:29:10,2025-10-17 15:58:28,2025-10-17 15:58:28,4675740293,3772,01,02,83,118,38,30673,2F,1,14,0.7,20,36,86,1020.7,-25.0151559,-51.6426585,1112.7,0010FA57,0021802F,000077D1,14000219,00000000,00000000,00000000,00000000,00000000,000DD183,00000000,00000000,00000000,00000000,00000000,00000000,0000,0000,00
2025-10-17 16:29:09,2025-10-17 15:56:47,2025-10-17 15:56:47,4675740293,3771,01,02,83,118,38,30643,2F,1,13,0.8,20,32,40,1044.8,-25.0199404,-51.6482779,1111.8,0010F71C,0021802F,000077B3,14000219,00000000,00000000,00000000,00000000,00000000,000DD183,00000000,00000000,00000000,00000000,00000000,00000000,0000,0000,00
2025-10-17 16:29:09,2025-10-17 15:56:36,2025-10-17 15:56:36,4675740293,3770,01,02,83,118,38,30613,2F,1,15,0.7,20,22,354,1055.0,-25.0206911,-51.6483691,1111.7,0010F6C1,0021802F,00007795,14000219,00000000,00000000,00000000,00000000,00000000,000DD183,00000000,00000000,00000000,00000000,00000000,00000000,0000,0000,00
2025-10-17 16:29:09,2025-10-17 15:56:23,2025-10-17 15:56:23,4675740293,3769,01,02,83,118,38,30613,2F,1,13,0.8,20,15,46,1056.6,-25.0211527,-51.6486288,1111.7,0010F683,0021802F,00007795,14000219,00000000,00000000,00000000,00000000,00000000,000DD183,00000000,00000000,00000000,00000000,00000000,00000000,0000,0000,00
2025-10-17 16:29:08,2025-10-17 15:54:51,2025-10-17 15:54:51,4675740293,3768,01,02,83,118,38,30521,0F,1,8,0.9,20,0,0,1029.3,-25.0257937,-51.648135,1111.2,0010F47D,0021800F,00007739,14000219,00000000,00000000,00000000,00000000,00000000,000DD183,00000000,00000000,00000000,00000000,00000000,00000000,0000,0000,00
2025-10-17 16:29:08,2025-10-17 15:52:40,2025-10-17 15:52:40,4675740293,3767,01,02,83,118,38,30613,2F,1,16,0.6,20,29,298,1038.3,-25.030936,-51.6459982,1110.5,0010F1C1,0021802F,00007795,14000219,00000000,00000000,00000000,00000000,00000000,000DD183,00000000,00000000,00000000,00000000,00000000,00000000,0000,0000,00
2025-10-17 16:29:07,2025-10-17 15:51:21,2025-10-17 15:51:21,4675740293,3766,01,02,83,118,38,30613,2F,1,15,0.7,20,18,344,1052.2,-25.035709,-51.6445798,1109.9,0010EF85,0021802F,00007795,14000219,00000000,00000000,00000000,00000000,00000000,000DD183,00000000,00000000,00000000,00000000,00000000,00000000,0000,0000,00
2025-10-17 16:29:07,2025-10-17 15:50:41,2025-10-17 15:50:41,4675740293,3765,01,02,83,118,38,30582,2F,1,15,0.7,20,22,298,1047.8,-25.036982,-51.642998,1109.7,0010EEAD,0021802F,00007776,14000219,00000000,00000000,00000000,00000000,00000000,000DD183,00000000,00000000,00000000,00000000,00000000,00000000,0000,0000,00
2025-10-17 16:29:06,2025-10-17 15:50:00,2025-10-17 15:50:00,4675740293,3764,01,02,83,118,38,30613,2F,1,14,0.7,20,22,344,1052.1,-25.0388033,-51.6417917,1109.4,0010EDBC,0021802F,00007795,14000219,00000000,00000000,00000000,00000000,00000000,000DD183,00000000,00000000,00000000,00000000,00000000,00000000,0000,0000,00
2025-10-17 16:29:05,2025-10-17 15:47:21,2025-10-17 15:47:21,4675740293,3763,01,02,83,255,44,28302,0F,1,17,0.6,20,0,221,1077.1,-25.0397496,-51.6402862,1109.3,0010ED0A,0021800F,00006E8E,14000219,00000000,00000000,00000000,00000000,00000000,000DD183,00000000,00000000,00000000,00000000,00000000,00000000,0000,0000,00
2025-10-17 16:29:05,2025-10-17 15:47:07,2025-10-17 15:45:49,4675740293,3762,01,02,83,112,21,22830,0F,1,11,0.9,24,0,276,1045.8,-25.0397608,-51.6401568,1109.2,0010ECFA,0021800F,0000592E,14000219,00000000,00000000,00000000,00000000,00000000,00000000,00000000,00000000,00000000,00000000,00000000,00000000,0000,0000,00
2025-10-17 16:29:04,2025-10-17 15:45:26,2025-10-17 15:45:26,4675740293,3761,01,02,83,75,27,25749,0E,0,17,0.6,20,0,202,1044.2,-25.0397781,-51.6401482,1109.2,0010ECFA,0021800E,00006495,14000219,00000000,00000000,00000000,00000000,00000000,00000000,00000000,00000000,00000000,00000000,00000000,00000000,0000,0000,00
2025-10-17 16:29:01,2025-10-17 15:33:32,2025-10-17 15:33:32,4675740293,3760,01,02,83,75,27,25779,0E,0,14,0.7,20,0,92,1059.3,-25.0397587,-51.6402407,1109.2,0010ECFA,0021800E,000064B3,14000219,00000000,00000000,00000000,00000000,00000000,00000000,00000000,00000000,00000000,00000000,00000000,00000000,0000,0000,00
2025-10-17 16:29:01,2025-10-17 14:33:28,2025-10-17 14:33:28,4675740293,3759,01,02,83,75,27,26843,0E,0,16,0.7,20,0,356,1067.5,-25.0397543,-51.6403454,1109.2,0010ECFA,0021800E,000068DB,14000219,00000000,00000000,00000000,00000000,00000000,00000000,00000000,00000000,00000000,00000000,00000000,00000000,02D4,0000,00
2025-10-17 16:29:00,2025-10-17 14:28:28,2025-10-17 14:28:28,4675740293,3758,01,02,83,128,20,28941,0E,0,16,0.7,20,0,356,1061.3,-25.0397635,-51.6403327,1109.2,0010ECFA,0021800E,0000710D,14000219,00000000,00000000,00000000,00000000,00000000,00000000,00000000,00000000,00000000,00000000,00000000,00000000,02D4,0000,00
2025-10-17 16:28:59,2025-10-17 14:28:26,2025-10-17 14:28:26,4675740293,3757,01,02,83,255,45,30005,0E,0,17,0.6,20,0,356,1061.3,-25.0397635,-51.6403327,1109.2,0010ECFA,0021800E,00007535,14000219,00000000,00000000,00000000,00000000,00000000,00000000,00000000,00000000,00000000,00000000,00000000,00000000,02D4,0000,00
2025-10-17 16:28:59,2025-10-17 14:27:28,2025-10-17 14:27:28,4675740293,3756,01,02,83,118,38,30582,2F,1,17,0.6,20,12,179,1054.4,-25.0398196,-51.6403398,1109.2,0010ECD4,0021802F,00007776,14000219,00000000,00000000,00000000,00000000,00000000,000DD183,00000000,00000000,00000000,00000000,00000000,00000000,02D4,0000,00
2025-10-17 16:28:59,2025-10-17 14:26:48,2025-10-17 14:26:48,4675740293,3755,01,02,83,118,38,30643,2F,1,16,0.7,20,14,132,1051.5,-25.0390473,-51.6416605,1109.0,0010EC2D,0021802F,000077B3,14000219,00000000,00000000,00000000,00000000,00000000,000DD183,00000000,00000000,00000000,00000000,00000000,00000000,02D4,0000,00
2025-10-17 16:28:58,2025-10-17 14:26:37,2025-10-17 14:26:37,4675740293,3754,01,02,83,118,38,30613,0F,1,17,0.6,20,15,179,1053.6,-25.0386529,-51.6418636,1109.0,0010EBFF,0021800F,00007795,14000219,00000000,00000000,00000000,00000000,00000000,000DD183,00000000,00000000,00000000,00000000,00000000,00000000,02D4,0000,00
2025-10-17 16:28:58,2025-10-17 14:24:24,2025-10-17 14:24:24,4675740293,3753,01,02,83,118,38,30582,2F,1,18,0.6,20,13,133,1062.2,-25.0345339,-51.6450966,1108.4,0010E9B8,0021802F,00007776,14000219,00000000,00000000,00000000,00000000,00000000,000DD183,00000000,00000000,00000000,00000000,00000000,00000000,02D4,0000,00
2025-10-17 16:28:58,2025-10-17 14:24:17,2025-10-17 14:24:17,4675740293,3752,01,02,83,118,38,30552,0F,1,18,0.6,20,11,85,1062.3,-25.0344653,-51.6453329,1108.4,0010E99E,0021800F,00007758,14000219,00000000,00000000,00000000,00000000,00000000,000DD183,00000000,00000000,00000000,00000000,00000000,00000000,02D4,0000,00
2025-10-17 16:28:57,2025-10-17 14:24:11,2025-10-17 14:24:11,4675740293,3751,01,02,83,118,38,30613,2F,1,18,0.6,20,11,21,1061.7,-25.0345458,-51.6454887,1108.4,0010E98A,0021802F,00007795,14000219,00000000,00000000,00000000,00000000,00000000,000DD183,00000000,00000000,00000000,00000000,00000000,00000000,02D4,0000,00
2025-10-17 16:28:57,2025-10-17 14:22:30,2025-10-17 14:22:30,4675740293,3750,01,02,83,123,30,30613,0F,1,16,0.6,20,0,34,1065.5,-25.0344878,-51.6454557,1108.3,0010E943,0021800F,00007795,14000219,00000000,00000000,00000000,00000000,00000000,000DD183,00000000,00000000,00000000,00000000,00000000,00000000,02D4,0000,00
2025-10-17 16:28:57,2025-10-17 14:19:30,2025-10-17 14:19:30,4675740293,3749,01,02,83,123,30,30552,0F,1,18,0.6,20,0,34,1060.9,-25.0345284,-51.6454801,1108.3,0010E943,0021800F,00007758,14000219,00000000,00000000,00000000,00000000,00000000,000DD183,00000000,00000000,00000000,00000000,00000000,00000000,02D4,0000,00
2025-10-17 16:28:57,2025-10-17 14:16:31,2025-10-17 14:16:31,4675740293,3748,01,02,83,118,38,30613,2F,1,17,0.6,20,27,165,1049.9,-25.0322969,-51.6451936,1108.0,0010E845,0021802F,00007795,14000219,00000000,00000000,00000000,00000000,00000000,000DD183,00000000,00000000,00000000,00000000,00000000,00000000,02D4,0000,00
2025-10-17 16:28:56,2025-10-17 14:15:40,2025-10-17 14:15:40,4675740293,3747,01,02,83,118,38,30613,2F,1,16,0.7,20,31,119,1037.8,-25.03015,-51.6479627,1107.6,0010E6BA,0021802F,00007795,14000219,00000000,00000000,00000000,00000000,00000000,000DD183,00000000,00000000,00000000,00000000,00000000,00000000,02D4,0000,00
2025-10-17 16:28:56,2025-10-17 14:14:44,2025-10-17 14:14:44,4675740293,3746,01,02,83,118,38,30673,2F,1,16,0.7,20,19,165,1040.2,-25.0275247,-51.6490849,1107.3,0010E56A,0021802F,000077D1,14000219,00000000,00000000,00000000,00000000,00000000,000DD183,00000000,00000000,00000000,00000000,00000000,00000000,02D4,0000,00
2025-10-17 16:28:56,2025-10-17 14:14:31,2025-10-17 14:14:31,4675740293,3745,01,02,83,123,30,30521,2F,1,16,0.7,20,19,212,1039.1,-25.0269605,-51.6488225,1107.2,0010E526,0021802F,00007739,14000219,00000000,00000000,00000000,00000000,00000000,000DD183,00000000,00000000,00000000,00000000,00000000,00000000,02D4,0000,00
2025-10-17 16:28:56,2025-10-17 14:11:32,2025-10-17 14:11:32,4675740293,3744,01,02,83,118,38,30613,2F,1,14,0.7,20,14,199,1050.7,-25.0208691,-51.6484272,1106.5,0010E25B,0021802F,00007795,14000219,00000000,00000000,00000000,00000000,00000000,000DD183,00000000,00000000,00000000,00000000,00000000,00000000,02D4,0000,00
2025-10-17 16:28:56,2025-10-17 14:11:24,2025-10-17 14:11:24,4675740293,3743,01,02,83,118,38,30582,2F,1,13,0.8,20,15,152,1046.2,-25.0205499,-51.6484496,1106.5,0010E238,0021802F,00007776,14000219,00000000,00000000,00000000,00000000,00000000,000DD183,00000000,00000000,00000000,00000000,00000000,00000000,02D4,0000,00
2025-10-17 16:28:55,2025-10-17 14:10:02,2025-10-17 14:10:02,4675740293,3742,01,02,83,118,38,30582,2F,1,16,0.7,20,26,198,1027.3,-25.0165828,-51.6455521,1105.9,0010E000,0021802F,00007776,14000219,00000000,00000000,00000000,00000000,00000000,000DD183,00000000,00000000,00000000,00000000,00000000,00000000,02D4,0000,00
2025-10-17 16:28:55,2025-10-17 14:08:30,2025-10-17 14:08:30,4675740293,3741,01,02,83,118,38,30521,2F,1,17,0.6,20,27,244,1037.2,-25.015038,-51.63969,1105.3,0010DD86,0021802F,00007739,14000219,00000000,00000000,00000000,00000000,00000000,000DD183,00000000,00000000,00000000,00000000,00000000,00000000,02D4,0000,00
2025-10-17 16:28:55,2025-10-17 14:07:15,2025-10-17 14:07:15,4675740293,3740,01,02,83,118,38,30521,2F,1,17,0.6,20,21,198,1047.7,-25.0118066,-51.6364536,1104.8,0010DB9A,0021802F,00007739,14000219,00000000,00000000,00000000,00000000,00000000,000DD183,00000000,00000000,00000000,00000000,00000000,00000000,02D4,0000,00
2025-10-17 16:28:55,2025-10-17 14:05:47,2025-10-17 14:05:47,4675740293,3739,01,02,83,118,38,30613,2F,1,18,0.6,20,31,244,1036.7,-25.0098248,-51.6305867,1104.1,0010D90A,0021802F,00007795,14000219,00000000,00000000,00000000,00000000,00000000,000DD183,00000000,00000000,00000000,00000000,00000000,00000000,02D4,0000,00
2025-10-17 16:28:55,2025-10-17 14:04:13,2025-10-17 14:04:13,4675740293,3738,01,02,83,118,38,30552,2F,1,18,0.6,20,32,290,1059.9,-25.0103895,-51.6236114,1103.4,0010D63E,0021802F,00007758,14000219,00000000,00000000,00000000,00000000,00000000,000DD183,00000000,00000000,00000000,00000000,00000000,00000000,02D4,0000,00
2025-10-17 16:28:54,2025-10-17 14:02:41,2025-10-17 14:02:41,4675740293,3737,01,02,83,118,38,30552,2F,1,16,0.6,20,27,244,1060.5,-25.0099792,-51.6168956,1102.7,0010D391,0021802F,00007758,14000219,00000000,00000000,00000000,00000000,00000000,000DD183,00000000,00000000,00000000,00000000,00000000,00000000,02D4,0000,00
2025-10-17 16:28:54,2025-10-17 14:01:22,2025-10-17 14:01:22,4675740293,3736,01,02,83,118,38,30582,2F,1,18,0.6,20,20,198,1030.8,-25.0057444,-51.616237,1102.2,0010D194,0021802F,00007776,14000219,00000000,00000000,00000000,00000000,00000000,000DD183,00000000,00000000,00000000,00000000,00000000,00000000,02D4,0000,00
2025-10-17 16:28:54,2025-10-17 14:00:45,2025-10-17 14:00:45,4675740293,3735,01,02,83,118,38,30521,2F,1,17,0.6,20,26,244,1022.8,-25.0045486,-51.614248,1102.0,0010D094,0021802F,00007739,14000219,00000000,00000000,00000000,00000000,00000000,000DD183,00000000,00000000,00000000,00000000,00000000,00000000,02D4,0000,00
2025-10-17 16:28:54,2025-10-17 14:00:14,2025-10-17 14:00:14,4675740293,3734,01,02,83,118,38,30521,2F,1,16,0.7,20,26,198,1030.5,-25.002971,-51.6131402,1101.8,0010CFC2,0021802F,00007739,14000219,00000000,00000000,00000000,00000000,00000000,000DD183,00000000,00000000,00000000,00000000,00000000,00000000,02D4,0000,00
2025-10-17 16:28:54,2025-10-17 13:59:56,2025-10-17 13:59:56,4675740293,3733,01,02,83,118,38,30704,2F,1,17,0.6,20,22,244,1031.1,-25.0019318,-51.6123945,1101.6,0010CF35,0021802F,000077F0,14000219,00000000,00000000,00000000,00000000,00000000,000DD183,00000000,00000000,00000000,00000000,00000000,00000000,02D4,0000,00
2025-10-17 16:28:53,2025-10-17 13:59:20,2025-10-17 13:59:20,4675740293,3732,01,02,83,118,38,30552,2F,1,14,0.7,20,25,195,1036.6,-24.9999194,-51.6109705,1101.3,0010CE25,0021802F,00007758,14000219,00000000,00000000,00000000,00000000,00000000,000DD183,00000000,00000000,00000000,00000000,00000000,00000000,02D4,0000,00
2025-10-17 16:28:53,2025-10-17 13:58:57,2025-10-17 13:58:57,4675740293,3731,01,02,83,118,38,30582,2F,1,16,0.6,20,26,149,1035.5,-24.9986082,-51.611684,1101.2,0010CD78,0021802F,00007776,14000219,00000000,00000000,00000000,00000000,00000000,000DD183,00000000,00000000,00000000,00000000,00000000,00000000,02D4,0000,00
2025-10-17 16:28:53,2025-10-17 13:57:44,2025-10-17 13:57:44,4675740293,3730,01,02,83,118,38,30643,2F,1,17,0.6,20,26,195,1032.2,-24.993599,-51.6106871,1100.6,0010CB2E,0021802F,000077B3,14000219,00000000,00000000,00000000,00000000,00000000,000DD183,00000000,00000000,00000000,00000000,00000000,00000000,02D4,0000,00
2025-10-17 16:28:53,2025-10-17 13:56:06,2025-10-17 13:56:06,4675740293,3729,01,02,83,118,38,30552,2F,1,14,0.7,20,18,241,1004.8,-24.9907647,-51.6050896,1099.9,0010C8A1,0021802F,00007758,14000219,00000000,00000000,00000000,00000000,00000000,000DD183,00000000,00000000,00000000,00000000,00000000,00000000,02D4,0000,00
2025-10-17 16:28:53,2025-10-17 13:55:33,2025-10-17 13:55:33,4675740293,3728,01,02,83,123,30,30461,2F,1,17,0.6,20,36,287,986.0,-24.9908577,-51.6031726,1099.7,0010C7D4,0021802F,000076FD,14000219,00000000,00000000,00000000,00000000,00000000,000DD183,00000000,00000000,00000000,00000000,00000000,00000000,02D4,0000,00
2025-10-17 16:28:52,2025-10-17 13:52:34,2025-10-17 13:52:34,4675740293,3727,01,02,83,118,38,30582,2F,1,17,0.6,20,20,245,990.8,-24.9872385,-51.5927503,1098.6,0010C35D,0021802F,00007776,14000219,00000000,00000000,00000000,00000000,00000000,000DD183,00000000,00000000,00000000,00000000,00000000,00000000,02D4,0000,00
2025-10-17 16:28:52,2025-10-17 13:50:52,2025-10-17 13:50:52,4675740293,3726,01,02,83,118,38,30582,2F,1,17,0.6,20,19,291,991.2,-24.987248,-51.5912584,1098.4,0010C2C0,0021802F,00007776,14000219,00000000,00000000,00000000,00000000,00000000,000DD183,00000000,00000000,00000000,00000000,00000000,00000000,02D4,0000,00
2025-10-17 16:28:52,2025-10-17 13:49:38,2025-10-17 13:49:38,4675740293,3725,01,02,83,118,38,30643,2F,1,19,0.6,20,21,338,993.8,-24.9906345,-51.5878184,1097.9,0010C0C3,0021802F,000077B3,14000219,00000000,00000000,00000000,00000000,00000000,000DD183,00000000,00000000,00000000,00000000,00000000,00000000,02D4,0000,00
2025-10-17 16:28:52,2025-10-17 13:49:02,2025-10-17 13:49:02,4675740293,3724,01,02,83,123,30,30552,2F,1,18,0.6,20,20,292,1008.2,-24.9916853,-51.585986,1097.7,0010BFE3,0021802F,00007758,14000219,00000000,00000000,00000000,00000000,00000000,000DD183,00000000,00000000,00000000,00000000,00000000,00000000,02D4,0000,00
2025-10-17 16:28:52,2025-10-17 13:46:19,2025-10-17 13:46:19,4675740293,3723,01,02,83,255,44,30491,0F,1,19,0.6,20,0,39,1045.9,-24.9931319,-51.5821366,1097.3,0010BE30,0021800F,0000771B,14000219,00000000,00000000,00000000,00000000,00000000,000DD183,00000000,00000000,00000000,00000000,00000000,00000000,0000,0000,00
2025-10-17 16:28:51,2025-10-17 13:46:02,2025-10-17 13:46:02,4675740293,3722,01,02,83,112,21,17571,0F,1,20,0.5,20,0,222,1047.3,-24.9931318,-51.5821436,1097.3,0010BE30,0021800F,000044A3,14000219,00000000,00000000,00000000,00000000,00000000,00000000,00000000,00000000,00000000,00000000,00000000,00000000,0000,0000,00
2025-10-17 16:28:51,2025-10-17 13:44:31,2025-10-17 13:44:31,4675740293,3721,01,02,83,75,27,26417,0E,0,18,0.6,20,0,270,1046.8,-24.9931572,-51.5821434,1097.3,0010BE30,0021800E,00006731,14000219,00000000,00000000,00000000,00000000,00000000,00000000,00000000,00000000,00000000,00000000,00000000,00000000,02D4,0000,00
2025-10-17 16:28:51,2025-10-17 13:38:25,2025-10-17 13:38:25,4675740293,3720,01,02,83,75,27,26813,0E,0,18,0.6,20,0,233,1045.3,-24.9931559,-51.5821474,1097.3,0010BE30,0021800E,000068BD,14000219,00000000,00000000,00000000,00000000,00000000,00000000,00000000,00000000,00000000,00000000,00000000,00000000,0000,0000,00
2025-10-17 16:28:50,2025-10-17 13:33:25,2025-10-17 13:33:25,4675740293,3719,01,02,83,128,20,29001,0E,0,15,0.7,20,0,298,1043.5,-24.9931442,-51.5821251,1097.3,0010BE30,0021800E,00007149,14000219,00000000,00000000,00000000,00000000,00000000,00000000,00000000,00000000,00000000,00000000,00000000,00000000,0000,0000,00
2025-10-17 16:28:50,2025-10-17 13:33:23,2025-10-17 13:33:23,4675740293,3718,01,02,83,255,45,30309,0E,0,16,0.6,20,0,298,1043.5,-24.9931442,-51.5821249,1097.3,0010BE30,0021800E,00007665,14000219,00000000,00000000,00000000,00000000,00000000,00000000,00000000,00000000,00000000,00000000,00000000,00000000,0000,0000,00
2025-10-17 16:28:50,2025-10-17 13:30:40,2025-10-17 13:30:40,4675740293,3717,01,02,83,123,30,30582,0F,1,19,0.5,20,0,79,1044.4,-24.9931313,-51.5821184,1097.3,0010BE2E,0021800F,00007776,14000219,00000000,00000000,00000000,00000000,00000000,000DD183,00000000,00000000,00000000,00000000,00000000,00000000,0000,0000,00
2025-10-17 16:28:49,2025-10-17 13:27:40,2025-10-17 13:27:40,4675740293,3716,01,02,83,123,30,30643,0F,1,18,0.6,20,9,135,988.6,-24.9899598,-51.5884515,1096.5,0010BB43,0021800F,000077B3,14000219,00000000,00000000,00000000,00000000,00000000,000DD183,00000000,00000000,00000000,00000000,00000000,00000000,0000,0000,00
2025-10-17 16:28:49,2025-10-17 13:24:40,2025-10-17 13:24:40,4675740293,3715,01,02,83,118,38,30613,2F,1,18,0.6,20,14,106,988.5,-24.9871145,-51.5919198,1096.0,0010B960,0021802F,00007795,14000219,00000000,00000000,00000000,00000000,00000000,000DD183,00000000,00000000,00000000,00000000,00000000,00000000,0000,0000,00
2025-10-17 16:28:49,2025-10-17 13:21:50,2025-10-17 13:21:50,4675740293,3714,01,02,83,118,38,30552,2F,1,17,0.6,20,24,59,988.8,-24.9908169,-51.6022198,1094.9,0010B4F8,0021802F,00007758,14000219,00000000,00000000,00000000,00000000,00000000,000DD183,00000000,00000000,00000000,00000000,00000000,00000000,0000,0000,00
2025-10-17 16:28:48,2025-10-17 13:21:26,2025-10-17 13:21:26,4675740293,3713,01,02,83,118,38,30552,2F,1,18,0.6,20,27,105,1000.6,-24.9905965,-51.6039563,1094.7,0010B43B,0021802F,00007758,14000219,00000000,00000000,00000000,00000000,00000000,000DD183,00000000,00000000,00000000,00000000,00000000,00000000,0000,0000,00
2025-10-17 16:28:48,2025-10-17 13:19:53,2025-10-17 13:19:53,4675740293,3712,01,02,83,118,38,30613,2F,1,18,0.6,20,27,59,1034.7,-24.9931304,-51.610275,1094.0,0010B17C,0021802F,00007795,14000219,00000000,00000000,00000000,00000000,00000000,000DD183,00000000,00000000,00000000,00000000,00000000,00000000,0000,0000,00
2025-10-17 16:28:47,2025-10-17 13:18:39,2025-10-17 13:18:39,4675740293,3711,01,02,83,118,38,30613,2F,1,17,0.6,20,29,13,1035.6,-24.9978123,-51.6118089,1093.4,0010AF47,0021802F,00007795,14000219,00000000,00000000,00000000,00000000,00000000,000DD183,00000000,00000000,00000000,00000000,00000000,00000000,0000,0000,00
2025-10-17 16:28:47,2025-10-17 13:18:16,2025-10-17 13:18:16,4675740293,3710,01,02,83,118,38,30582,2F,1,17,0.6,20,29,327,1036.4,-24.9992732,-51.6110599,1093.3,0010AE88,0021802F,00007776,14000219,00000000,00000000,00000000,00000000,00000000,000DD183,00000000,00000000,00000000,00000000,00000000,00000000,0000,0000,00
2025-10-17 16:28:46,2025-10-17 13:18:08,2025-10-17 13:18:08,4675740293,3709,01,02,83,118,38,30613,2F,1,16,0.6,20,26,13,1037.4,-24.9998418,-51.6109261,1093.2,0010AE49,0021802F,00007795,14000219,00000000,00000000,00000000,00000000,00000000,000DD183,00000000,00000000,00000000,00000000,00000000,00000000,0000,0000,00
2025-10-17 16:28:46,2025-10-17 13:16:34,2025-10-17 13:16:34,4675740293,3708,01,02,83,118,38,30521,2F,1,15,0.7,20,34,59,1024.8,-25.0049134,-51.6155127,1092.4,0010AB48,0021802F,00007739,14000219,00000000,00000000,00000000,00000000,00000000,000DD183,00000000,00000000,00000000,00000000,00000000,00000000,0000,0000,00
2025-10-17 16:28:45,2025-10-17 13:15:39,2025-10-17 13:15:39,4675740293,3707,01,02,83,118,38,30552,2F,1,15,0.6,20,31,13,1054.9,-25.009158,-51.615967,1091.9,0010A951,0021802F,00007758,14000219,00000000,00000000,00000000,00000000,00000000,000DD183,00000000,00000000,00000000,00000000,00000000,00000000,0000,0000,00
2025-10-17 16:28:44,2025-10-17 13:14:45,2025-10-17 13:14:45,4675740293,3706,01,02,83,118,38,30552,2F,1,15,0.6,20,25,59,1063.7,-25.0102645,-51.6196077,1091.5,0010A7BA,0021802F,00007758,14000219,00000000,00000000,00000000,00000000,00000000,000DD183,00000000,00000000,00000000,00000000,00000000,00000000,0000,0000,00
2025-10-17 16:28:43,2025-10-17 13:13:19,2025-10-17 13:13:19,4675740293,3705,01,02,83,118,38,30552,2F,1,16,0.6,20,26,11,1078.3,-25.0153543,-51.6207641,1090.9,0010A564,0021802F,00007758,14000219,00000000,00000000,00000000,00000000,00000000,000DD183,00000000,00000000,00000000,00000000,00000000,00000000,0000,0000,00
2025-10-17 16:28:41,2025-10-17 13:11:27,2025-10-17 13:11:27,4675740293,3704,01,02,83,118,38,30613,2F,1,14,0.7,20,23,325,1065.8,-25.0223928,-51.6201826,1090.1,0010A254,0021802F,00007795,14000219,00000000,00000000,00000000,00000000,00000000,000DD183,00000000,00000000,00000000,00000000,00000000,00000000,0000,0000,00
2025-10-17 16:28:39,2025-10-17 13:10:49,2025-10-17 13:10:49,4675740293,3703,01,02,83,118,38,30643,2F,1,14,0.7,20,22,12,1074.2,-25.0246054,-51.6204118,1089.9,0010A158,0021802F,000077B3,14000219,00000000,00000000,00000000,00000000,00000000,000DD183,00000000,00000000,00000000,00000000,00000000,00000000,0000,0000,00
2025-10-17 16:28:37,2025-10-17 13:09:37,2025-10-17 13:09:37,4675740293,3702,01,02,83,118,38,30582,2F,1,15,0.6,20,16,58,1050.7,-25.0273461,-51.6237921,1089.4,00109F85,0021802F,00007776,14000219,00000000,00000000,00000000,00000000,00000000,000DD183,00000000,00000000,00000000,00000000,00000000,00000000,0000,0000,00
2025-10-17 16:28:36,2025-10-17 13:09:29,2025-10-17 13:09:29,4675740293,3701,01,02,83,118,38,30673,2F,1,15,0.6,20,18,12,1043.6,-25.0276039,-51.6240142,1089.4,00109F5F,0021802F,000077D1,14000219,00000000,00000000,00000000,00000000,00000000,000DD183,00000000,00000000,00000000,00000000,00000000,00000000,0000,0000,00
2025-10-17 16:28:35,2025-10-17 13:09:19,2025-10-17 13:09:19,4675740293,3700,01,02,83,118,38,30613,2F,1,15,0.6,20,14,325,1039.1,-25.0280651,-51.6238767,1089.3,00109F2B,0021802F,00007795,14000219,00000000,00000000,00000000,00000000,00000000,000DD183,00000000,00000000,00000000,00000000,00000000,00000000,0000,0000,00
2025-10-17 16:28:35,2025-10-17 13:09:10,2025-10-17 13:09:10,4675740293,3699,01,02,83,118,38,30613,2F,1,15,0.6,20,19,11,1038.3,-25.0284439,-51.6237786,1089.3,00109EFD,0021802F,00007795,14000219,00000000,00000000,00000000,00000000,00000000,000DD183,00000000,00000000,00000000,00000000,00000000,00000000,0000,0000,00
2025-10-17 16:28:34,2025-10-17 13:08:50,2025-10-17 13:08:50,4675740293,3698,01,02,83,118,38,30613,2F,1,14,0.7,20,19,58,1035.7,-25.0290376,-51.6244917,1089.2,00109E96,0021802F,00007795,14000219,00000000,00000000,00000000,00000000,00000000,000DD183,00000000,00000000,00000000,00000000,00000000,00000000,0000,0000,00
2025-10-17 16:28:34,2025-10-17 13:08:36,2025-10-17 13:08:36,4675740293,3697,01,02,83,118,38,30582,2F,1,15,0.7,20,18,12,1041.7,-25.0297387,-51.625011,1089.1,00109E39,0021802F,00007776,14000219,00000000,00000000,00000000,00000000,00000000,000DD183,00000000,00000000,00000000,00000000,00000000,00000000,0000,0000,00
2025-10-17 16:28:34,2025-10-17 13:07:50,2025-10-17 13:07:50,4675740293,3696,01,02,83,118,38,30613,2F,1,14,0.7,20,16,322,1042.2,-25.0315518,-51.6237996,1088.8,00109D46,0021802F,00007795,14000219,00000000,00000000,00000000,00000000,00000000,000DD183,00000000,00000000,00000000,00000000,00000000,00000000,0000,0000,00
2025-10-17 16:28:33,2025-10-17 13:05:35,2025-10-17 13:05:35,4675740293,3695,01,02,83,255,44,30613,0F,1,9,0.8,20,0,0,1045.8,-25.0354624,-51.6230403,1088.4,00109B8A,0021800F,00007795,14000219,00000000,00000000,00000000,00000000,00000000,000DD183,00000000,00000000,00000000,00000000,00000000,00000000,0000,0000,00
2025-10-17 16:28:33,2025-10-17 13:05:16,2025-10-17 12:10:24,4675740293,3694,01,02,83,112,21,20581,0F,1,18,0.6,24,0,163,1049.5,-25.0354601,-51.6230329,1088.4,00109B64,0021800F,00005065,14000219,00000000,00000000,00000000,00000000,00000000,00000000,00000000,00000000,00000000,00000000,00000000,00000000,0000,0000,00
2025-10-17 16:28:33,2025-10-17 12:10:00,2025-10-17 12:10:00,4675740293,3693,01,02,83,75,27,26843,0E,0,18,0.6,20,0,163,1049.5,-25.03546,-51.6230331,1088.4,00109B64,0021800E,000068DB,14000219,00000000,00000000,00000000,00000000,00000000,00000000,00000000,00000000,00000000,00000000,00000000,00000000,0000,0000,00
2025-10-17 16:28:32,2025-10-17 12:05:00,2025-10-17 12:05:00,4675740293,3692,01,02,83,128,20,28637,0E,0,18,0.6,20,0,163,1049.3,-25.0354792,-51.6230165,1088.4,00109B64,0021800E,00006FDD,14000219,00000000,00000000,00000000,00000000,00000000,00000000,00000000,00000000,00000000,00000000,00000000,00000000,0000,0000,00
2025-10-17 16:28:32,2025-10-17 12:04:59,2025-10-17 12:04:59,4675740293,3691,01,02,83,255,45,29853,0E,0,18,0.6,20,0,163,1049.4,-25.0354796,-51.6230144,1088.4,00109B64,0021800E,0000749D,14000219,00000000,00000000,00000000,00000000,00000000,00000000,00000000,00000000,00000000,00000000,00000000,00000000,0000,0000,00
2025-10-17 16:28:32,2025-10-17 12:04:00,2025-10-17 12:04:00,4675740293,3690,01,02,83,118,38,30582,2F,1,20,0.6,20,21,185,1040.2,-25.0332531,-51.6234279,1088.1,00109A61,0021802F,00007776,14000219,00000000,00000000,00000000,00000000,00000000,000DD183,00000000,00000000,00000000,00000000,00000000,00000000,0000,0000,00
2025-10-17 16:28:32,2025-10-17 12:03:17,2025-10-17 12:03:17,4675740293,3689,01,02,83,118,38,30643,2F,1,20,0.6,20,28,139,1042.0,-25.03088,-51.6245873,1087.8,00109934,0021802F,000077B3,14000219,00000000,00000000,00000000,00000000,00000000,000DD183,00000000,00000000,00000000,00000000,00000000,00000000,0000,0000,00
2025-10-17 16:28:32,2025-10-17 12:02:59,2025-10-17 12:02:59,4675740293,3688,01,02,83,118,38,30491,2F,1,15,0.7,20,23,187,1040.4,-25.0297911,-51.6250404,1087.7,001098B8,0021802F,0000771B,14000219,00000000,00000000,00000000,00000000,00000000,000DD183,00000000,00000000,00000000,00000000,00000000,00000000,0000,0000,00
2025-10-17 16:28:32,2025-10-17 12:02:37,2025-10-17 12:02:37,4675740293,3687,01,02,83,118,38,30613,2F,1,16,0.7,20,28,233,1038.0,-25.028889,-51.6241538,1087.5,00109825,0021802F,00007795,14000219,00000000,00000000,00000000,00000000,00000000,000DD183,00000000,00000000,00000000,00000000,00000000,00000000,0000,0000,00
2025-10-17 16:28:31,2025-10-17 12:02:29,2025-10-17 12:02:29,4675740293,3686,01,02,83,118,38,30582,2F,1,17,0.6,20,28,187,1046.5,-25.028445,-51.6237958,1087.5,001097E4,0021802F,00007776,14000219,00000000,00000000,00000000,00000000,00000000,000DD183,00000000,00000000,00000000,00000000,00000000,00000000,0000,0000,00
2025-10-17 16:28:31,2025-10-17 12:02:24,2025-10-17 12:02:24,4675740293,3685,01,02,83,118,38,30613,2F,1,17,0.6,20,26,140,1047.9,-25.0280857,-51.6239056,1087.4,001097BB,0021802F,00007795,14000219,00000000,00000000,00000000,00000000,00000000,000DD183,00000000,00000000,00000000,00000000,00000000,00000000,0000,0000,00
2025-10-17 16:28:31,2025-10-17 12:02:16,2025-10-17 12:02:16,4675740293,3684,01,02,83,118,38,30613,2F,1,16,0.6,20,23,186,1053.4,-25.0276426,-51.6241009,1087.4,00109784,0021802F,00007795,14000219,00000000,00000000,00000000,00000000,00000000,000DD183,00000000,00000000,00000000,00000000,00000000,00000000,0000,0000,00
2025-10-17 16:28:31,2025-10-17 12:01:08,2025-10-17 12:01:08,4675740293,3683,01,02,83,118,38,30613,2F,1,19,0.6,20,23,232,1077.0,-25.0248953,-51.620644,1086.9,001095B0,0021802F,00007795,14000219,00000000,00000000,00000000,00000000,00000000,000DD183,00000000,00000000,00000000,00000000,00000000,00000000,0000,0000,00
2025-10-17 16:28:31,2025-10-17 12:00:31,2025-10-17 12:00:31,4675740293,3682,01,02,83,118,38,30461,2F,1,18,0.6,20,20,185,1071.3,-25.0226348,-51.6201364,1086.6,001094AA,0021802F,000076FD,14000219,00000000,00000000,00000000,00000000,00000000,000DD183,00000000,00000000,00000000,00000000,00000000,00000000,0000,0000,00
2025-10-17 16:28:31,2025-10-17 12:00:22,2025-10-17 12:00:22,4675740293,3681,01,02,83,118,38,30613,2F,1,20,0.6,20,24,139,1071.1,-25.022155,-51.6203995,1086.6,0010946D,0021802F,00007795,14000219,00000000,00000000,00000000,00000000,00000000,000DD183,00000000,00000000,00000000,00000000,00000000,00000000,0000,0000,00
2025-10-17 16:28:30,2025-10-17 11:57:40,2025-10-17 11:57:40,4675740293,3680,01,02,83,118,38,30613,2F,1,17,0.6,20,28,185,1072.2,-25.011267,-51.6203272,1085.4,00108FA9,0021802F,00007795,14000219,00000000,00000000,00000000,00000000,00000000,000DD183,00000000,00000000,00000000,00000000,00000000,00000000,0000,0000,00
2025-10-17 16:28:30,2025-10-17 11:56:39,2025-10-17 11:56:39,4675740293,3679,01,02,83,118,38,30552,2F,1,20,0.6,20,24,231,1060.5,-25.0096739,-51.6164254,1084.9,00108DD2,0021802F,00007758,14000219,00000000,00000000,00000000,00000000,00000000,000DD183,00000000,00000000,00000000,00000000,00000000,00000000,0000,0000,00
2025-10-17 16:28:30,2025-10-17 11:55:45,2025-10-17 11:55:45,4675740293,3678,01,02,83,118,38,30521,2F,1,18,0.6,20,29,185,1033.9,-25.0059411,-51.6162929,1084.5,00108C27,0021802F,00007739,14000219,00000000,00000000,00000000,00000000,00000000,000DD183,00000000,00000000,00000000,00000000,00000000,00000000,0000,0000,00
2025-10-17 16:28:30,2025-10-17 11:54:27,2025-10-17 11:54:27,4675740293,3677,01,02,83,118,38,30491,2F,1,19,0.6,20,33,231,1035.7,-25.0015754,-51.6118818,1083.8,0010896A,0021802F,0000771B,14000219,00000000,00000000,00000000,00000000,00000000,000DD183,00000000,00000000,00000000,00000000,00000000,00000000,0000,0000,00
2025-10-17 16:28:30,2025-10-17 11:54:03,2025-10-17 11:54:03,4675740293,3676,01,02,83,118,38,30582,2F,1,19,0.6,20,35,185,1037.6,-24.9997511,-51.6109627,1083.5,00108884,0021802F,00007776,14000219,00000000,00000000,00000000,00000000,00000000,000DD183,00000000,00000000,00000000,00000000,00000000,00000000,0000,0000,00
2025-10-17 16:28:30,2025-10-17 11:53:52,2025-10-17 11:53:52,4675740293,3675,01,02,83,118,38,30491,2F,1,20,0.6,20,35,139,1036.7,-24.9988809,-51.6114574,1083.4,00108818,0021802F,0000771B,14000219,00000000,00000000,00000000,00000000,00000000,000DD183,00000000,00000000,00000000,00000000,00000000,00000000,0000,0000,00
2025-10-17 16:28:29,2025-10-17 11:52:47,2025-10-17 11:52:47,4675740293,3674,01,02,83,118,38,30552,2F,1,20,0.6,20,33,185,1035.1,-24.9937802,-51.6107419,1082.8,001085B8,0021802F,00007758,14000219,00000000,00000000,00000000,00000000,00000000,000DD183,00000000,00000000,00000000,00000000,00000000,00000000,0000,0000,00
2025-10-17 16:28:29,2025-10-17 11:52:39,2025-10-17 11:52:39,4675740293,3673,01,02,83,118,38,30582,2F,1,18,0.6,20,34,231,1033.9,-24.9931836,-51.6104398,1082.7,0010856F,0021802F,00007776,14000219,00000000,00000000,00000000,00000000,00000000,000DD183,00000000,00000000,00000000,00000000,00000000,00000000,0000,0000,00
2025-10-17 16:28:29,2025-10-17 11:51:01,2025-10-17 11:51:01,4675740293,3672,01,02,83,118,38,30643,2F,1,17,0.6,20,33,277,986.8,-24.9908862,-51.6028643,1081.9,00108227,0021802F,000077B3,14000219,00000000,00000000,00000000,00000000,00000000,000DD183,00000000,00000000,00000000,00000000,00000000,00000000,0000,0000,00
2025-10-17 16:28:29,2025-10-17 11:49:02,2025-10-17 11:49:02,4675740293,3671,01,02,83,118,38,30461,2F,1,17,0.6,20,26,231,999.3,-24.9878459,-51.5942046,1080.9,00107E71,0021802F,000076FD,14000219,00000000,00000000,00000000,00000000,00000000,000DD183,00000000,00000000,00000000,00000000,00000000,00000000,0000,0000,00
2025-10-17 16:28:29,2025-10-17 11:47:50,2025-10-17 11:47:50,4675740293,3670,01,02,83,255,44,30582,0F,1,15,0.7,20,0,0,989.0,-24.9870776,-51.5916107,1080.7,00107D55,0021800F,00007776,14000219,00000000,00000000,00000000,00000000,00000000,000DD183,00000000,00000000,00000000,00000000,00000000,00000000,0000,0000,00
2025-10-17 16:28:29,2025-10-17 11:47:34,2025-10-17 11:36:23,4675740293,3669,01,02,83,112,21,26053,0F,1,16,0.6,24,0,281,992.1,-24.9871119,-51.5916044,1080.7,00107D55,0021800F,000065C5,14000219,00000000,00000000,00000000,00000000,00000000,00000000,00000000,00000000,00000000,00000000,00000000,00000000,0000,0000,00
2025-10-17 16:28:28,2025-10-17 11:35:59,2025-10-17 11:35:59,4675740293,3668,01,02,83,75,27,26813,0E,0,17,0.6,20,0,281,992.1,-24.9871123,-51.5916043,1080.7,00107D55,0021800E,000068BD,14000219,00000000,00000000,00000000,00000000,00000000,00000000,00000000,00000000,00000000,00000000,00000000,00000000,0000,0000,00
2025-10-17 16:28:28,2025-10-17 11:30:59,2025-10-17 11:30:59,4675740293,3667,01,02,83,128,20,29032,0E,0,16,0.7,20,0,281,990.1,-24.9871202,-51.5916038,1080.7,00107D55,0021800E,00007168,14000219,00000000,00000000,00000000,00000000,00000000,00000000,00000000,00000000,00000000,00000000,00000000,00000000,0000,0000,00
2025-10-17 16:28:27,2025-10-17 11:30:58,2025-10-17 11:30:58,4675740293,3666,01,02,83,255,45,29792,0E,0,16,0.7,20,0,281,989.9,-24.9871204,-51.5916044,1080.7,00107D55,0021800E,00007460,14000219,00000000,00000000,00000000,00000000,00000000,00000000,00000000,00000000,00000000,00000000,00000000,00000000,0000,0000,00
2025-10-17 16:28:27,2025-10-17 11:30:42,2025-10-17 11:30:42,4675740293,3665,01,02,83,118,38,30613,2F,1,16,0.7,20,12,308,988.9,-24.9872341,-51.5912382,1080.6,00107D2E,0021802F,00007795,14000219,00000000,00000000,00000000,00000000,00000000,000DD183,00000000,00000000,00000000,00000000,00000000,00000000,0000,0000,00
2025-10-17 16:28:27,2025-10-17 11:30:04,2025-10-17 11:30:04,4675740293,3664,01,02,83,118,38,30552,2F,1,16,0.7,20,12,110,991.5,-24.9871911,-51.5914119,1080.5,00107CE4,0021802F,00007758,14000219,00000000,00000000,00000000,00000000,00000000,000DD183,00000000,00000000,00000000,00000000,00000000,00000000,0000,0000,00
2025-10-17 16:28:27,2025-10-17 11:28:24,2025-10-17 11:28:24,4675740293,3663,01,02,83,123,30,30582,0F,1,16,0.7,20,0,62,991.1,-24.9874143,-51.5931727,1080.4,00107C32,0021800F,00007776,14000219,00000000,00000000,00000000,00000000,00000000,000DD183,00000000,00000000,00000000,00000000,00000000,00000000,0000,0000,00
2025-10-17 16:28:27,2025-10-17 11:25:25,2025-10-17 11:25:25,4675740293,3662,01,02,83,118,38,30582,2F,1,17,0.6,20,13,248,987.7,-24.9872212,-51.5927799,1080.3,00107BEC,0021802F,00007776,14000219,00000000,00000000,00000000,00000000,00000000,000DD183,00000000,00000000,00000000,00000000,00000000,00000000,0000,0000,00
2025-10-17 16:28:27,2025-10-17 11:23:45,2025-10-17 11:23:45,4675740293,3661,01,02,83,118,38,30582,2F,1,17,0.6,20,16,295,986.6,-24.9872367,-51.591279,1080.2,00107B5A,0021802F,00007776,14000219,00000000,00000000,00000000,00000000,00000000,000DD183,00000000,00000000,00000000,00000000,00000000,00000000,0000,0000,00
2025-10-17 16:28:26,2025-10-17 11:22:31,2025-10-17 11:22:31,4675740293,3660,01,02,83,118,38,30613,2F,1,16,0.7,20,22,341,992.4,-24.9905956,-51.587877,1079.6,0010795B,0021802F,00007795,14000219,00000000,00000000,00000000,00000000,00000000,000DD183,00000000,00000000,00000000,00000000,00000000,00000000,0000,0000,00
2025-10-17 16:28:26,2025-10-17 11:22:07,2025-10-17 11:22:07,4675740293,3659,01,02,83,123,30,30613,2F,1,15,0.7,20,18,295,1002.4,-24.9913527,-51.5867064,1079.5,001078C6,0021802F,00007795,14000219,00000000,00000000,00000000,00000000,00000000,000DD183,00000000,00000000,00000000,00000000,00000000,00000000,0000,0000,00
2025-10-17 16:28:26,2025-10-17 11:19:07,2025-10-17 11:19:07,4675740293,3658,01,02,83,123,30,30643,0F,1,14,0.7,20,0,275,1028.5,-24.9920802,-51.5847837,1079.3,001077F9,0021800F,000077B3,14000219,00000000,00000000,00000000,00000000,00000000,000DD183,00000000,00000000,00000000,00000000,00000000,00000000,0000,0000,00
2025-10-17 16:28:26,2025-10-17 11:16:07,2025-10-17 11:16:07,4675740293,3657,01,02,83,123,30,30643,0F,1,17,0.6,20,0,275,1029.8,-24.9920841,-51.5847801,1079.3,001077F9,0021800F,000077B3,14000219,00000000,00000000,00000000,00000000,00000000,000DD183,00000000,00000000,00000000,00000000,00000000,00000000,0000,0000,00
2025-10-17 16:28:26,2025-10-17 11:13:07,2025-10-17 11:13:07,4675740293,3656,01,02,83,123,30,30521,0F,1,17,0.6,20,0,275,1030.5,-24.9920739,-51.5847828,1079.3,001077F9,0021800F,00007739,14000219,00000000,00000000,00000000,00000000,00000000,000DD183,00000000,00000000,00000000,00000000,00000000,00000000,0000,0000,00
2025-10-17 16:28:26,2025-10-17 11:10:14,2025-10-17 11:10:14,4675740293,3655,01,02,83,255,44,30673,0F,1,17,0.6,20,0,283,1038.1,-24.9921925,-51.5842288,1079.2,001077C5,0021800F,000077D1,14000219,00000000,00000000,00000000,00000000,00000000,000DD183,00000000,00000000,00000000,00000000,00000000,00000000,0000,0000,00
2025-10-17 16:28:26,2025-10-17 11:10:07,2025-10-17 11:10:07,4675740293,3654,01,02,83,112,21,21827,0F,1,19,0.6,20,0,283,1037.4,-24.9921952,-51.5842385,1079.2,001077C5,0021800F,00005543,14000219,00000000,00000000,00000000,00000000,00000000,00000000,00000000,00000000,00000000,00000000,00000000,00000000,0000,0000,00
2025-10-17 16:28:25,2025-10-17 11:08:36,2025-10-17 11:08:36,4675740293,3653,01,02,83,128,20,28363,0E,0,17,0.7,20,0,283,1034.3,-24.9922152,-51.5842329,1079.2,001077C5,0021800E,00006ECB,14000219,00000000,00000000,00000000,00000000,00000000,00000000,00000000,00000000,00000000,00000000,00000000,00000000,0000,0000,00
2025-10-17 16:28:25,2025-10-17 11:08:35,2025-10-17 11:08:35,4675740293,3652,01,02,83,255,45,29184,0E,0,17,0.7,20,0,283,1034.3,-24.9922152,-51.5842329,1079.2,001077C5,0021800E,00007200,14000219,00000000,00000000,00000000,00000000,00000000,00000000,00000000,00000000,00000000,00000000,00000000,00000000,0000,0000,00
2025-10-17 16:28:25,2025-10-17 11:07:19,2025-10-17 11:07:19,4675740293,3651,01,02,83,123,30,30521,0F,1,17,0.6,20,0,283,1035.3,-24.992197,-51.584234,1079.2,001077C5,0021800F,00007739,14000219,00000000,00000000,00000000,00000000,00000000,000DD183,00000000,00000000,00000000,00000000,00000000,00000000,0000,0000,00
2025-10-17 16:28:25,2025-10-17 11:04:20,2025-10-17 11:04:20,4675740293,3650,01,02,83,123,30,30613,0F,1,15,0.7,20,0,138,1054.4,-24.9929843,-51.5767994,1078.5,001074B7,0021800F,00007795,14000219,00000000,00000000,00000000,00000000,00000000,000DD183,00000000,00000000,00000000,00000000,00000000,00000000,0000,0000,00
2025-10-17 16:28:25,2025-10-17 11:01:20,2025-10-17 11:01:20,4675740293,3649,01,02,83,123,30,25384,0F,1,17,0.7,20,0,341,1054.3,-24.992984,-51.5768002,1078.5,001074B7,0021800F,00006328,14000219,00000000,00000000,00000000,00000000,00000000,000DD183,00000000,00000000,00000000,00000000,00000000,00000000,0000,0000,00
2025-10-17 16:28:25,2025-10-17 10:58:20,2025-10-17 10:58:20,4675740293,3648,01,02,83,123,30,25171,0F,1,17,0.7,20,0,39,1053.0,-24.9929903,-51.5767866,1078.5,001074B7,0021800F,00006253,14000219,00000000,00000000,00000000,00000000,00000000,000DD183,00000000,00000000,00000000,00000000,00000000,00000000,0000,0000,00
2025-10-17 16:28:24,2025-10-17 10:55:20,2025-10-17 10:55:20,4675740293,3647,01,02,83,123,30,25201,0F,1,16,0.7,20,0,308,1056.7,-24.9929701,-51.5768078,1078.4,001074B1,0021800F,00006271,14000219,00000000,00000000,00000000,00000000,00000000,000DD183,00000000,00000000,00000000,00000000,00000000,00000000,0000,0000,00
2025-10-17 16:28:24,2025-10-17 10:52:20,2025-10-17 10:47:23,4675740293,3646,01,02,83,255,44,25445,0F,1,16,0.7,24,0,0,1065.2,-24.9929526,-51.576775,1078.4,001074B1,0021800F,00006365,14000219,00000000,00000000,00000000,00000000,00000000,000DD183,00000000,00000000,00000000,00000000,00000000,00000000,0000,0000,00
2025-10-17 16:28:24,2025-10-17 10:52:18,2025-10-17 10:47:23,4675740293,3645,01,02,83,112,21,25475,0F,1,16,0.7,24,0,0,1065.2,-24.9929526,-51.576775,1078.4,001074B1,0021800F,00006383,14000219,00000000,00000000,00000000,00000000,00000000,00000000,00000000,00000000,00000000,00000000,00000000,00000000,0000,0000,00
2025-10-17 16:28:24,2025-10-17 10:46:59,2025-10-17 10:46:59,4675740293,3644,01,02,83,75,27,25840,0E,0,15,0.7,20,0,0,1065.0,-24.9929486,-51.5767765,1078.4,001074B1,0021800E,000064F0,14000219,00000000,00000000,00000000,00000000,00000000,00000000,00000000,00000000,00000000,00000000,00000000,00000000,0000,0000,00
2025-10-17 16:28:24,2025-10-17 09:46:55,2025-10-17 09:46:55,4675740293,3643,01,02,83,75,27,26934,0E,0,16,0.7,20,0,312,1047.5,-24.9930271,-51.5767809,1078.4,001074B1,0021800E,00006936,14000219,00000000,00000000,00000000,00000000,00000000,00000000,00000000,00000000,00000000,00000000,00000000,00000000,02D4,0000,00
2025-10-17 16:28:24,2025-10-17 09:41:55,2025-10-17 09:41:55,4675740293,3642,01,02,83,128,20,28667,0E,0,13,0.8,20,0,312,1048.8,-24.9930152,-51.5767897,1078.4,001074B1,0021800E,00006FFB,14000219,00000000,00000000,00000000,00000000,00000000,00000000,00000000,00000000,00000000,00000000,00000000,00000000,02D4,0000,00
2025-10-17 16:28:23,2025-10-17 09:41:54,2025-10-17 09:41:54,4675740293,3641,01,02,83,255,45,30126,0E,0,13,0.8,20,0,312,1048.8,-24.9930152,-51.5767897,1078.4,001074B1,0021800E,000075AE,14000219,00000000,00000000,00000000,00000000,00000000,00000000,00000000,00000000,00000000,00000000,00000000,00000000,02D4,0000,00
2025-10-17 16:28:23,2025-10-17 09:40:41,2025-10-17 09:40:41,4675740293,3640,01,02,83,118,38,30552,2F,1,12,0.8,20,33,284,1047.3,-24.9950348,-51.5746893,1078.1,00107376,0021802F,00007758,14000219,00000000,00000000,00000000,00000000,00000000,000DD183,00000000,00000000,00000000,00000000,00000000,00000000,0000,0000,00
2025-10-17 16:28:23,2025-10-17 09:39:13,2025-10-17 09:39:13,4675740293,3639,01,02,83,118,38,30582,2F,1,13,0.8,20,37,238,1029.3,-24.9920703,-51.5689565,1077.5,001070D2,0021802F,00007776,14000219,00000000,00000000,00000000,00000000,00000000,000DD183,00000000,00000000,00000000,00000000,00000000,00000000,0000,0000,00
2025-10-17 16:28:23,2025-10-17 09:36:28,2025-10-17 09:36:28,4675740293,3638,01,02,83,118,38,30582,2F,1,13,0.8,20,14,284,999.3,-24.9924462,-51.559187,1076.5,00106CE8,0021802F,00007776,14000219,00000000,00000000,00000000,00000000,00000000,000DD183,00000000,00000000,00000000,00000000,00000000,00000000,0000,0000,00
2025-10-17 16:28:23,2025-10-17 09:35:48,2025-10-17 09:35:48,4675740293,3637,01,02,83,118,38,30613,2F,1,13,0.8,20,9,238,982.7,-24.9921488,-51.5577125,1076.3,00106C57,0021802F,00007795,14000219,00000000,00000000,00000000,00000000,00000000,000DD183,00000000,00000000,00000000,00000000,00000000,00000000,0000,0000,00
2025-10-17 16:28:23,2025-10-17 09:34:49,2025-10-17 09:34:49,4675740293,3636,01,02,83,118,38,30582,2F,1,13,0.8,20,24,286,974.8,-24.9924998,-51.5544995,1076.0,00106AF6,0021802F,00007776,14000219,00000000,00000000,00000000,00000000,00000000,000DD183,00000000,00000000,00000000,00000000,00000000,00000000,0000,0000,00
2025-10-17 16:28:22,2025-10-17 09:34:26,2025-10-17 09:32:47,4675740293,3635,01,02,83,123,30,30552,2F,1,15,0.7,24,11,28,984.7,-24.9970165,-51.5551057,1075.4,001068DA,0021802F,00007758,14000219,00000000,00000000,00000000,00000000,00000000,000DD183,00000000,00000000,00000000,00000000,00000000,00000000,0000,0000,00
2025-10-17 16:28:22,2025-10-17 09:31:38,2025-10-17 09:03:51,4675740293,3634,01,02,83,255,44,30582,0F,1,15,0.7,24,0,5,981.2,-24.997922,-51.5554764,1075.3,00106863,0021800F,00007776,14000219,00000000,00000000,00000000,00000000,00000000,000DD183,00000000,00000000,00000000,00000000,00000000,00000000,0000,0000,00
2025-10-17 16:28:22,2025-10-17 09:31:25,2025-10-17 09:03:51,4675740293,3633,01,02,83,112,21,30582,0F,1,15,0.7,24,0,5,981.2,-24.997922,-51.5554764,1075.3,00106863,0021800F,00007776,14000219,00000000,00000000,00000000,00000000,00000000,00000000,00000000,00000000,00000000,00000000,00000000,00000000,0000,0000,00
2025-10-17 16:28:22,2025-10-17 09:03:28,2025-10-17 09:03:28,4675740293,3632,01,02,83,75,27,26995,0E,0,16,0.6,20,0,5,980.8,-24.9979218,-51.5554765,1075.3,00106863,0021800E,00006973,14000219,00000000,00000000,00000000,00000000,00000000,00000000,00000000,00000000,00000000,00000000,00000000,00000000,0000,0000,00
2025-10-17 16:28:22,2025-10-17 08:58:28,2025-10-17 08:58:28,4675740293,3631,01,02,83,128,20,28910,0E,0,13,0.8,20,0,5,976.6,-24.9979172,-51.5554693,1075.3,00106863,0021800E,000070EE,14000219,00000000,00000000,00000000,00000000,00000000,00000000,00000000,00000000,00000000,00000000,00000000,00000000,0000,0000,00
2025-10-17 16:28:22,2025-10-17 08:58:27,2025-10-17 08:58:27,4675740293,3630,01,02,83,255,45,29670,0E,0,13,0.8,20,0,5,976.6,-24.9979173,-51.5554693,1075.3,00106863,0021800E,000073E6,14000219,00000000,00000000,00000000,00000000,00000000,00000000,00000000,00000000,00000000,00000000,00000000,00000000,0000,0000,00
2025-10-17 16:28:22,2025-10-17 08:57:43,2025-10-17 08:57:43,4675740293,3629,01,02,83,123,30,30552,0F,1,14,0.8,20,5,53,971.3,-24.9978955,-51.5555415,1075.3,00106858,0021800F,00007758,14000219,00000000,00000000,00000000,00000000,00000000,000DD183,00000000,00000000,00000000,00000000,00000000,00000000,0000,0000,00
2025-10-17 16:28:21,2025-10-17 08:54:43,2025-10-17 08:54:43,4675740293,3628,01,02,83,123,30,30491,0F,1,15,0.7,20,0,223,978.0,-24.9979167,-51.5555821,1075.3,00106853,0021800F,0000771B,14000219,00000000,00000000,00000000,00000000,00000000,000DD183,00000000,00000000,00000000,00000000,00000000,00000000,0000,0000,00
2025-10-17 16:28:21,2025-10-17 08:51:43,2025-10-17 08:51:43,4675740293,3627,01,02,83,123,30,30582,0F,1,15,0.7,20,0,31,977.4,-24.9979258,-51.555538,1075.2,0010682E,0021800F,00007776,14000219,00000000,00000000,00000000,00000000,00000000,000DD183,00000000,00000000,00000000,00000000,00000000,00000000,0000,0000,00
2025-10-17 16:28:21,2025-10-17 08:48:43,2025-10-17 08:48:43,4675740293,3626,01,02,83,123,30,30582,0F,1,13,0.8,20,0,31,984.2,-24.9979432,-51.5555392,1075.2,0010682E,0021800F,00007776,14000219,00000000,00000000,00000000,00000000,00000000,000DD183,00000000,00000000,00000000,00000000,00000000,00000000,0000,0000,00
2025-10-17 16:28:21,2025-10-17 08:45:49,2025-10-17 08:25:59,4675740293,3625,01,02,83,255,44,30552,0F,1,13,0.8,24,0,8,982.6,-24.9980072,-51.5556121,1075.2,00106823,0021800F,00007758,14000219,00000000,00000000,00000000,00000000,00000000,000DD183,00000000,00000000,00000000,00000000,00000000,00000000,0000,0000,00
2025-10-17 16:28:21,2025-10-17 08:45:40,2025-10-17 08:25:59,4675740293,3624,01,02,83,112,21,29062,0F,1,13,0.8,24,0,8,982.6,-24.9980072,-51.5556121,1075.2,00106823,0021800F,00007186,14000219,00000000,00000000,00000000,00000000,00000000,00000000,00000000,00000000,00000000,00000000,00000000,00000000,0000,0000,00
2025-10-17 16:28:21,2025-10-17 08:25:36,2025-10-17 08:25:36,4675740293,3623,01,02,83,75,27,27025,0E,0,12,0.9,20,0,8,982.8,-24.9980122,-51.5556233,1075.2,00106823,0021800E,00006991,14000219,00000000,00000000,00000000,00000000,00000000,00000000,00000000,00000000,00000000,00000000,00000000,00000000,0005,0000,88
2025-10-17 16:28:20,2025-10-17 08:20:36,2025-10-17 08:20:36,4675740293,3622,01,02,83,128,20,29032,0E,0,14,0.7,20,0,8,978.7,-24.9980086,-51.5556005,1075.2,00106823,0021800E,00007168,14000219,00000000,00000000,00000000,00000000,00000000,00000000,00000000,00000000,00000000,00000000,00000000,00000000,0005,0000,88
2025-10-17 16:28:20,2025-10-17 08:20:35,2025-10-17 08:20:35,4675740293,3621,01,02,83,255,45,29913,0E,0,14,0.7,20,0,8,978.7,-24.9980086,-51.5556,1075.2,00106823,0021800E,000074D9,14000219,00000000,00000000,00000000,00000000,00000000,00000000,00000000,00000000,00000000,00000000,00000000,00000000,0005,0000,88
2025-10-17 16:28:20,2025-10-17 08:19:10,2025-10-17 08:19:10,4675740293,3620,01,02,83,123,30,30582,0F,1,14,0.7,20,0,90,980.0,-24.9982644,-51.5557042,1075.2,0010680B,0021800F,00007776,14000219,00000000,00000000,00000000,00000000,00000000,000DD183,00000000,00000000,00000000,00000000,00000000,00000000,0005,0000,88
2025-10-17 16:28:20,2025-10-17 08:16:10,2025-10-17 08:16:10,4675740293,3619,01,02,83,123,30,30491,0F,1,12,0.8,20,0,90,979.0,-24.9982624,-51.5557125,1075.2,0010680B,0021800F,0000771B,14000219,00000000,00000000,00000000,00000000,00000000,000DD183,00000000,00000000,00000000,00000000,00000000,00000000,0005,0000,88
2025-10-17 16:28:20,2025-10-17 08:13:10,2025-10-17 08:13:10,4675740293,3618,01,02,83,123,30,30491,0F,1,14,0.7,20,0,201,980.8,-24.9982604,-51.5557093,1075.2,0010680B,0021800F,0000771B,14000219,00000000,00000000,00000000,00000000,00000000,000DD183,00000000,00000000,00000000,00000000,00000000,00000000,0005,0000,88
2025-10-17 16:28:20,2025-10-17 08:10:11,2025-10-17 08:10:11,4675740293,3617,01,02,83,118,38,30552,2F,1,13,0.8,20,13,223,979.1,-24.9976527,-51.5553322,1075.1,001067BC,0021802F,00007758,14000219,00000000,00000000,00000000,00000000,00000000,000DD183,00000000,00000000,00000000,00000000,00000000,00000000,0005,0000,88
2025-10-17 16:28:19,2025-10-17 08:10:01,2025-10-17 08:10:01,4675740293,3616,01,02,83,118,38,30552,2F,1,16,0.7,20,13,177,984.4,-24.9973065,-51.5552129,1075.1,00106794,0021802F,00007758,14000219,00000000,00000000,00000000,00000000,00000000,000DD183,00000000,00000000,00000000,00000000,00000000,00000000,0005,0000,88
2025-10-17 16:28:19,2025-10-17 08:09:48,2025-10-17 08:09:48,4675740293,3615,01,02,83,123,30,30582,2F,1,16,0.7,20,17,223,984.3,-24.9968781,-51.5550251,1075.0,00106760,0021802F,00007776,14000219,00000000,00000000,00000000,00000000,00000000,000DD183,00000000,00000000,00000000,00000000,00000000,00000000,0005,0000,88
2025-10-17 16:28:19,2025-10-17 08:06:49,2025-10-17 08:06:49,4675740293,3614,01,02,83,118,38,30552,2F,1,18,0.6,20,28,249,978.7,-24.9955082,-51.5511325,1074.6,00106589,0021802F,00007758,14000219,00000000,00000000,00000000,00000000,00000000,000DD183,00000000,00000000,00000000,00000000,00000000,00000000,0005,0000,88
2025-10-17 16:28:19,2025-10-17 08:05:38,2025-10-17 08:05:38,4675740293,3613,01,02,83,118,38,30552,0F,1,15,0.7,20,15,203,1013.7,-24.9914378,-51.5493237,1074.1,00106399,0021800F,00007758,14000219,00000000,00000000,00000000,00000000,00000000,000DD183,00000000,00000000,00000000,00000000,00000000,00000000,0005,FF79,88
2025-10-17 16:28:19,2025-10-17 08:05:32,2025-10-17 08:05:32,4675740293,3612,01,02,83,118,38,30582,2F,1,16,0.7,20,13,277,1013.9,-24.9912916,-51.549139,1074.0,00106380,0021802F,00007776,14000219,00000000,00000000,00000000,00000000,00000000,000DD183,00000000,00000000,00000000,00000000,00000000,00000000,0005,FF79,88
2025-10-17 16:28:19,2025-10-17 08:04:20,2025-10-17 08:04:20,4675740293,3611,01,02,83,118,38,30582,2F,1,17,0.6,20,65,324,1024.1,-24.9939496,-51.5463662,1073.6,001061EC,0021802F,00007776,14000219,00000000,00000000,00000000,00000000,00000000,000DD183,00000000,00000000,00000000,00000000,00000000,00000000,0005,FF79,88
2025-10-17 08:01:50,2025-10-17 08:01:49,2025-10-17 08:01:49,4675740293,3610,01,02,83,118,38,30521,2F,1,19,0.6,00,12,10,1065.6,-25.0152173,-51.5450345,1071.2,00105876,0021802F,00007739,14000219,00000000,00000000,00000000,00000000,00000000,000DD183,00000000,00000000,00000000,00000000,00000000,00000000,0005,FF7E,AF
2025-10-17 08:01:14,2025-10-17 08:01:14,2025-10-17 08:01:14,4675740293,3609,01,02,83,118,38,30582,2F,1,15,0.7,00,12,102,1073.4,-25.0151664,-51.5460985,1071.1,00105805,0021802F,00007776,14000219,00000000,00000000,00000000,00000000,00000000,000DD183,00000000,00000000,00000000,00000000,00000000,00000000,0005,FF92,AF
2025-10-17 07:58:33,2025-10-17 07:58:33,2025-10-17 07:58:33,4675740293,3608,01,02,83,255,44,30673,0F,1,19,0.6,00,0,42,1077.9,-25.0178174,-51.5465008,1070.8,001056C0,0021800F,000077D1,14000219,00000000,00000000,00000000,00000000,00000000,000DD183,00000000,00000000,00000000,00000000,00000000,00000000,0005,FF8A,AF
2025-10-17 07:58:24,2025-10-17 07:58:23,2025-10-17 07:58:23,4675740293,3607,01,02,83,112,21,20185,0F,1,19,0.6,00,0,42,1078.0,-25.0178165,-51.5465101,1070.8,001056C0,0021800F,00004ED9,14000219,00000000,00000000,00000000,00000000,00000000,00000000,00000000,00000000,00000000,00000000,00000000,00000000,0005,FF88,AF
2025-10-17 07:55:40,2025-10-17 07:55:40,2025-10-17 07:55:40,4675740293,3606,01,02,83,128,20,28545,0E,0,17,0.6,00,0,42,1078.6,-25.0178114,-51.5464988,1070.8,001056C0,0021800E,00006F81,14000219,00000000,00000000,00000000,00000000,00000000,00000000,00000000,00000000,00000000,00000000,00000000,00000000,0005,FF85,AF
2025-10-17 07:55:39,2025-10-17 07:55:39,2025-10-17 07:55:39,4675740293,3605,01,02,83,255,45,29245,0E,0,18,0.6,00,0,42,1078.6,-25.0178114,-51.5464988,1070.8,001056C0,0021800E,0000723D,14000219,00000000,00000000,00000000,00000000,00000000,00000000,00000000,00000000,00000000,00000000,00000000,00000000,0005,FF85,AF
2025-10-17 07:53:39,2025-10-17 07:53:38,2025-10-17 07:53:38,4675740293,3604,01,02,83,123,30,30552,0F,1,16,0.6,00,0,42,1080.3,-25.0178074,-51.5464935,1070.8,001056C0,0021800F,00007758,14000219,00000000,00000000,00000000,00000000,00000000,00000000,00000000,00000000,00000000,00000000,00000000,00000000,0005,FF88,AF
2025-10-17 07:50:39,2025-10-17 07:50:38,2025-10-17 07:50:38,4675740293,3603,01,02,83,123,30,30552,0F,1,19,0.6,00,0,237,1078.8,-25.017831,-51.5465269,1070.8,001056BF,0021800F,00007758,14000219,00000000,00000000,00000000,00000000,00000000,00000000,00000000,00000000,00000000,00000000,00000000,00000000,0005,FF8B,AF
2025-10-17 07:47:39,2025-10-17 07:47:39,2025-10-17 07:47:39,4675740293,3602,01,02,83,118,38,30582,2F,1,19,0.6,00,11,14,1073.2,-25.0184248,-51.5466389,1070.7,00105672,0021802F,00007776,14000219,00000000,00000000,00000000,00000000,00000000,00000000,00000000,00000000,00000000,00000000,00000000,00000000,0005,FF83,AF
2025-10-17 07:47:26,2025-10-17 07:47:25,2025-10-17 07:47:25,4675740293,3601,01,02,83,123,30,30613,2F,1,19,0.6,00,11,284,1069.8,-25.0186584,-51.546468,1070.7,0010564C,0021802F,00007795,14000219,00000000,00000000,00000000,00000000,00000000,00000000,00000000,00000000,00000000,00000000,00000000,00000000,0005,FF85,AF
2025-10-17 07:44:26,2025-10-17 07:44:26,2025-10-17 07:44:26,4675740293,3600,01,02,83,118,38,30582,2F,1,19,0.6,00,12,323,1060.8,-25.0184057,-51.5453551,1070.5,001055B6,0021802F,00007776,14000219,00000000,00000000,00000000,00000000,00000000,00000000,00000000,00000000,00000000,00000000,00000000,00000000,0005,FF80,AF
2025-10-17 07:43:15,2025-10-17 07:43:14,2025-10-17 07:43:14,4675740293,3599,01,02,83,123,30,30552,0F,1,16,0.6,00,52,9,1068.8,-25.0275626,-51.5470393,1069.5,001051A8,0021800F,00007758,14000219,00000000,00000000,00000000,00000000,00000000,00000000,00000000,00000000,00000000,00000000,00000000,00000000,0005,FF99,AF
2025-10-17 07:40:21,2025-10-17 07:40:15,2025-10-17 07:40:15,4675740293,3598,01,02,83,118,38,30613,2F,1,19,0.6,00,26,355,1041.6,-25.0486522,-51.5422955,1067.1,0010482E,0021802F,00007795,14000219,00000000,00000000,00000000,00000000,00000000,00000000,00000000,00000000,00000000,00000000,00000000,00000000,0005,FFA6,AF
2025-10-17 07:40:21,2025-10-17 07:40:06,2025-10-17 07:40:06,4675740293,3597,01,02,83,118,38,30582,2F,1,18,0.6,00,20,309,1042.9,-25.0490431,-51.5421907,1067.0,00104803,0021802F,00007776,14000219,00000000,00000000,00000000,00000000,00000000,00000000,00000000,00000000,00000000,00000000,00000000,00000000,0005,FFA8,AF
2025-10-17 07:39:03,2025-10-17 07:39:02,2025-10-17 07:39:02,4675740293,3596,01,02,83,123,30,28363,0F,1,18,0.6,00,20,261,1031.9,-25.04875,-51.5384744,1066.6,00104687,0021800F,00006ECB,14000219,00000000,00000000,00000000,00000000,00000000,00000000,00000000,00000000,00000000,00000000,00000000,00000000,0005,FF96,AF
2025-10-17 07:37:33,2025-10-17 07:36:02,2025-10-17 07:36:02,4675740293,3595,01,02,83,123,30,28302,0F,1,18,0.6,20,0,238,1086.2,-25.0491853,-51.531337,1065.8,00104362,0021800F,00006E8E,14000219,00000000,00000000,00000000,00000000,00000000,00000000,00000000,00000000,00000000,00000000,00000000,00000000,0005,FF9B,AF
2025-10-17 07:34:03,2025-10-17 07:34:02,2025-10-17 07:34:02,4675740293,3594,01,02,83,255,46,28333,0F,1,18,0.6,00,0,59,1093.7,-25.0493646,-51.5307728,1065.7,0010430F,0021800F,00006EAD,14000219,00000000,00000000,00000000,00000000,00000000,00000000,00000000,00000000,00000000,00000000,00000000,00000000,0005,FF97,AF
2025-10-17 07:33:03,2025-10-17 07:33:02,2025-10-17 07:33:02,4675740293,3593,01,02,83,123,30,28241,0F,1,18,0.6,00,0,15,1094.4,-25.0493617,-51.5307846,1065.7,0010430F,0021800F,00006E51,14000219,00000000,00000000,00000000,00000000,00000000,00000000,00000000,00000000,00000000,00000000,00000000,00000000,0005,FF97,AF
2025-10-17 07:30:05,2025-10-17 07:30:00,2025-10-17 06:45:04,4675740293,3592,01,02,83,112,21,25232,0F,1,20,0.5,24,0,0,1084.2,-25.0493556,-51.5307343,1065.7,0010430F,0021800F,00006290,14000219,00000000,00000000,00000000,00000000,00000000,00000000,00000000,00000000,00000000,00000000,00000000,00000000,0000,0000,00
2025-10-17 06:44:55,2025-10-17 06:44:54,2025-10-17 06:44:54,4675740293,3591,01,02,83,75,27,25536,0E,0,20,0.5,00,0,0,1084.0,-25.0493555,-51.5307342,1065.7,0010430F,0021800E,000063C0,14000219,00000000,00000000,00000000,00000000,00000000,00000000,00000000,00000000,00000000,00000000,00000000,00000000,0005,FF9B,AF
2025-10-17 06:40:08,2025-10-17 05:44:51,2025-10-17 05:44:51,4675740293,3590,01,02,83,75,27,25566,0E,0,17,0.6,20,0,181,1081.2,-25.0494034,-51.5307297,1065.7,0010430F,0021800E,000063DE,14000219,00000000,00000000,00000000,00000000,00000000,00000000,00000000,00000000,00000000,00000000,00000000,00000000,0005,FF9B,AF
2025-10-17 04:44:47,2025-10-17 04:44:47,2025-10-17 04:44:47,4675740293,3589,01,02,83,75,27,25566,0E,0,20,0.6,00,0,178,1082.0,-25.0493701,-51.5307368,1065.7,0010430F,0021800E,000063DE,14000219,00000000,00000000,00000000,00000000,00000000,00000000,00000000,00000000,00000000,00000000,00000000,00000000,0005,FF9B,AF
2025-10-17 04:40:00,2025-10-17 03:44:43,2025-10-17 03:44:43,4675740293,3588,01,02,83,75,27,25597,0E,0,18,0.6,20,0,247,1083.2,-25.0493901,-51.5307841,1065.7,0010430F,0021800E,000063FD,14000219,00000000,00000000,00000000,00000000,00000000,00000000,00000000,00000000,00000000,00000000,00000000,00000000,0005,FF9B,AF
2025-10-17 02:44:40,2025-10-17 02:44:40,2025-10-17 02:44:40,4675740293,3587,01,02,83,75,27,25597,0E,0,16,0.7,00,0,0,1087.1,-25.0493794,-51.5307982,1065.7,0010430F,0021800E,000063FD,14000219,00000000,00000000,00000000,00000000,00000000,00000000,00000000,00000000,00000000,00000000,00000000,00000000,0005,FF9C,AF
2025-10-17 02:39:53,2025-10-17 01:44:37,2025-10-17 01:44:37,4675740293,3586,01,02,83,75,27,25627,0E,0,16,0.7,20,0,282,1086.9,-25.049381,-51.5307503,1065.7,0010430F,0021800E,0000641B,14000219,00000000,00000000,00000000,00000000,00000000,00000000,00000000,00000000,00000000,00000000,00000000,00000000,0005,FF9C,AF
2025-10-17 00:44:35,2025-10-17 00:44:34,2025-10-17 00:44:34,4675740293,3585,01,02,83,75,27,25627,0E,0,17,0.6,00,0,0,1089.7,-25.0493813,-51.5307844,1065.7,0010430F,0021800E,0000641B,14000219,00000000,00000000,00000000,00000000,00000000,00000000,00000000,00000000,00000000,00000000,00000000,00000000,0005,FF9E,AF
2025-10-16 23:44:31,2025-10-16 23:44:31,2025-10-16 23:44:31,4675740293,3584,01,02,83,75,27,25657,0E,0,16,0.6,00,0,50,1109.7,-25.0495089,-51.5306897,1065.7,0010430F,0021800E,00006439,14000219,00000000,00000000,00000000,00000000,00000000,00000000,00000000,00000000,00000000,00000000,00000000,00000000,0005,FF9C,AF
2025-10-16 22:44:27,2025-10-16 22:44:27,2025-10-16 22:44:27,4675740293,3583,01,02,83,75,27,25688,0E,0,17,0.6,00,0,156,1082.1,-25.049453,-51.5307634,1065.7,0010430F,0021800E,00006458,14000219,00000000,00000000,00000000,00000000,00000000,00000000,00000000,00000000,00000000,00000000,00000000,00000000,0005,FF9C,AF
2025-10-16 22:39:40,2025-10-16 21:44:23,2025-10-16 21:44:23,4675740293,3582,01,02,83,75,27,25688,0E,0,17,0.6,20,0,91,1072.3,-25.0494644,-51.5307086,1065.7,0010430F,0021800E,00006458,14000219,00000000,00000000,00000000,00000000,00000000,00000000,00000000,00000000,00000000,00000000,00000000,00000000,0005,FF9C,AF
2025-10-16 20:44:19,2025-10-16 20:44:19,2025-10-16 20:44:19,4675740293,3581,01,02,83,75,27,25718,0E,0,16,0.6,00,0,1,1074.0,-25.0493801,-51.5308181,1065.7,0010430F,0021800E,00006476,14000219,00000000,00000000,00000000,00000000,00000000,00000000,00000000,00000000,00000000,00000000,00000000,00000000,0005,FF9C,AF
2025-10-16 19:44:17,2025-10-16 19:44:16,2025-10-16 19:44:16,4675740293,3580,01,02,83,75,27,25779,0E,0,14,0.7,00,0,203,1082.4,-25.0494414,-51.5307033,1065.7,0010430F,0021800E,000064B3,14000219,00000000,00000000,00000000,00000000,00000000,00000000,00000000,00000000,00000000,00000000,00000000,00000000,0005,FF9C,AF
2025-10-16 18:44:14,2025-10-16 18:44:13,2025-10-16 18:44:13,4675740293,3579,01,02,83,75,27,25809,0E,0,14,0.7,00,0,252,1103.8,-25.049395,-51.5307049,1065.7,0010430F,0021800E,000064D1,14000219,00000000,00000000,00000000,00000000,00000000,00000000,00000000,00000000,00000000,00000000,00000000,00000000,0005,FF9B,AF
2025-10-16 17:44:11,2025-10-16 17:44:10,2025-10-16 17:44:10,4675740293,3578,01,02,83,75,27,26752,0E,0,14,0.7,00,0,301,1083.0,-25.0494139,-51.5307643,1065.7,0010430F,0021800E,00006880,14000219,00000000,00000000,00000000,00000000,00000000,00000000,00000000,00000000,00000000,00000000,00000000,00000000,0005,FF9D,AF
2025-10-16 17:39:11,2025-10-16 17:39:10,2025-10-16 17:39:10,4675740293,3577,01,02,83,128,20,29275,0E,0,14,0.7,00,0,301,1084.5,-25.0494147,-51.5307512,1065.7,0010430F,0021800E,0000725B,14000219,00000000,00000000,00000000,00000000,00000000,00000000,00000000,00000000,00000000,00000000,00000000,00000000,0005,FF96,AF
2025-10-16 17:39:10,2025-10-16 17:39:09,2025-10-16 17:39:09,4675740293,3576,01,02,83,255,45,29822,0E,0,14,0.7,00,0,301,1084.5,-25.0494147,-51.5307512,1065.7,0010430F,0021800E,0000747E,14000219,00000000,00000000,00000000,00000000,00000000,00000000,00000000,00000000,00000000,00000000,00000000,00000000,0005,FF96,AF
2025-10-16 17:37:30,2025-10-16 17:37:29,2025-10-16 17:37:29,4675740293,3575,01,02,83,123,30,30491,0F,1,15,0.7,00,0,86,1085.5,-25.0493992,-51.530593,1065.7,0010430F,0021800F,0000771B,14000219,00000000,00000000,00000000,00000000,00000000,000DD183,00000000,00000000,00000000,00000000,00000000,00000000,0005,FFA0,AF
2025-10-16 17:34:30,2025-10-16 17:34:30,2025-10-16 17:34:30,4675740293,3574,01,02,83,118,38,30521,2F,1,14,0.7,00,12,121,1085.8,-25.0491361,-51.5309792,1065.7,001042DF,0021802F,00007739,14000219,00000000,00000000,00000000,00000000,00000000,000DD183,00000000,00000000,00000000,00000000,00000000,00000000,0005,FFA6,AF
2025-10-16 17:34:25,2025-10-16 17:34:24,2025-10-16 17:34:24,4675740293,3573,01,02,83,118,38,30552,2F,1,14,0.7,00,12,70,1088.6,-25.0490929,-51.5311488,1065.7,001042C9,0021802F,00007758,14000219,00000000,00000000,00000000,00000000,00000000,000DD183,00000000,00000000,00000000,00000000,00000000,00000000,0005,FFA6,AF
2025-10-16 17:33:45,2025-10-16 17:33:45,2025-10-16 17:33:45,4675740293,3572,01,02,83,118,38,30552,0F,1,14,0.7,00,15,168,1089.6,-25.0484345,-51.5318798,1065.5,0010423B,0021800F,00007758,14000219,00000000,00000000,00000000,00000000,00000000,000DD183,00000000,00000000,00000000,00000000,00000000,00000000,0005,FF9F,AF
2025-10-16 17:33:39,2025-10-16 17:33:39,2025-10-16 17:33:39,4675740293,3571,01,02,83,118,38,30521,0F,1,14,0.7,00,16,112,1089.5,-25.0482481,-51.5319812,1065.5,00104220,0021800F,00007739,14000219,00000000,00000000,00000000,00000000,00000000,000DD183,00000000,00000000,00000000,00000000,00000000,00000000,0005,FF93,AF
2025-10-16 17:30:40,2025-10-16 17:30:40,2025-10-16 17:30:40,4675740293,3570,01,02,83,118,38,30521,2F,1,13,0.8,00,17,65,1048.5,-25.0492825,-51.5420942,1064.5,00103E21,0021802F,00007739,14000219,00000000,00000000,00000000,00000000,00000000,000DD183,00000000,00000000,00000000,00000000,00000000,00000000,0005,FFA8,AF
2025-10-16 17:30:15,2025-10-16 17:30:15,2025-10-16 17:30:15,4675740293,3569,01,02,83,118,38,30430,0F,1,13,0.8,00,12,144,1048.2,-25.0493063,-51.5425185,1064.4,00103DF7,0021800F,000076DE,14000219,00000000,00000000,00000000,00000000,00000000,000DD183,00000000,00000000,00000000,00000000,00000000,00000000,0005,FFA2,AF
2025-10-16 17:27:17,2025-10-16 17:27:16,2025-10-16 17:27:16,4675740293,3568,01,02,83,123,30,30521,0F,1,13,0.8,00,58,191,1068.7,-25.0281102,-51.547157,1062.0,00103462,0021800F,00007739,14000219,00000000,00000000,00000000,00000000,00000000,000DD183,00000000,00000000,00000000,00000000,00000000,00000000,0005,FF98,AF
2025-10-16 17:26:13,2025-10-16 17:24:17,2025-10-16 17:24:17,4675740293,3567,01,02,83,118,38,30491,2F,1,11,0.9,20,66,179,1036.8,-25.000331,-51.5440982,1058.9,00102844,0021802F,0000771B,14000219,00000000,00000000,00000000,00000000,00000000,000DD183,00000000,00000000,00000000,00000000,00000000,00000000,02D4,0000,00
2025-10-16 17:26:13,2025-10-16 17:22:09,2025-10-16 17:22:09,4675740293,3566,01,02,83,118,38,30521,2F,1,11,0.9,20,16,133,1015.4,-24.9914579,-51.5489668,1057.8,001023E0,0021802F,00007739,14000219,00000000,00000000,00000000,00000000,00000000,000DD183,00000000,00000000,00000000,00000000,00000000,00000000,02D4,FF9E,00
2025-10-16 17:26:13,2025-10-16 17:22:03,2025-10-16 17:22:03,4675740293,3565,01,02,83,118,38,30521,2F,1,12,1.0,20,16,67,1012.1,-24.9913672,-51.5492102,1057.7,001023C4,0021802F,00007739,14000219,00000000,00000000,00000000,00000000,00000000,000DD183,00000000,00000000,00000000,00000000,00000000,00000000,0000,0000,00
2025-10-16 17:26:12,2025-10-16 17:20:54,2025-10-16 17:20:54,4675740293,3564,01,02,83,118,38,30521,2F,1,13,0.8,20,26,21,981.5,-24.9952508,-51.5508074,1057.3,001021F9,0021802F,00007739,14000219,00000000,00000000,00000000,00000000,00000000,000DD183,00000000,00000000,00000000,00000000,00000000,00000000,0000,0000,00
2025-10-16 17:26:12,2025-10-16 17:20:48,2025-10-16 17:20:48,4675740293,3563,01,02,83,118,38,30521,2F,1,12,0.8,20,25,67,983.1,-24.9955431,-51.5510636,1057.2,001021CD,0021802F,00007739,14000219,00000000,00000000,00000000,00000000,00000000,000DD183,00000000,00000000,00000000,00000000,00000000,00000000,0000,0000,00
2025-10-16 17:26:12,2025-10-16 17:20:21,2025-10-16 17:20:21,4675740293,3562,01,02,83,118,38,30430,0F,1,13,0.8,20,18,113,994.7,-24.9953969,-51.5528433,1057.0,00102116,0021800F,000076DE,14000219,00000000,00000000,00000000,00000000,00000000,000DD183,00000000,00000000,00000000,00000000,00000000,00000000,0000,0000,00
2025-10-16 17:26:12,2025-10-16 17:19:14,2025-10-16 17:19:14,4675740293,3561,01,02,83,118,38,30491,2F,1,12,0.9,20,12,67,985.5,-24.996809,-51.5548977,1056.8,00102016,0021802F,0000771B,14000219,00000000,00000000,00000000,00000000,00000000,000DD183,00000000,00000000,00000000,00000000,00000000,00000000,0000,0000,00
2025-10-16 17:26:12,2025-10-16 17:19:04,2025-10-16 17:19:04,4675740293,3560,01,02,83,118,38,30521,2F,1,13,0.8,20,16,18,991.9,-24.9971381,-51.5551744,1056.7,00101FE9,0021802F,00007739,14000219,00000000,00000000,00000000,00000000,00000000,000DD183,00000000,00000000,00000000,00000000,00000000,00000000,0000,0000,00
2025-10-16 17:26:12,2025-10-16 17:18:57,2025-10-16 17:18:57,4675740293,3559,01,02,83,118,38,30430,2F,1,11,0.9,20,18,331,987.9,-24.9973992,-51.5552537,1056.7,00101FCB,0021802F,000076DE,14000219,00000000,00000000,00000000,00000000,00000000,000DD183,00000000,00000000,00000000,00000000,00000000,00000000,0000,0000,00
2025-10-16 17:26:11,2025-10-16 17:18:03,2025-10-16 17:18:03,4675740293,3558,01,02,83,123,30,30552,0F,1,11,0.9,20,1,317,982.7,-24.9982578,-51.5556813,1056.6,00101F62,0021800F,00007758,14000219,00000000,00000000,00000000,00000000,00000000,000DD183,00000000,00000000,00000000,00000000,00000000,00000000,0000,0000,00
2025-10-16 17:26:11,2025-10-16 17:15:03,2025-10-16 17:15:03,4675740293,3557,01,02,83,123,30,30521,2F,1,10,1.3,20,0,154,989.1,-24.9982907,-51.5557047,1056.6,00101F62,0021802F,00007739,14000219,00000000,00000000,00000000,00000000,00000000,000DD183,00000000,00000000,00000000,00000000,00000000,00000000,0000,0000,00
2025-10-16 17:26:11,2025-10-16 17:12:06,2025-10-16 16:50:39,4675740293,3556,01,02,83,255,44,30552,0F,1,12,0.9,24,0,88,988.9,-24.9979971,-51.5555351,1056.6,00101F2B,0021800F,00007758,14000219,00000000,00000000,00000000,00000000,00000000,000DD183,00000000,00000000,00000000,00000000,00000000,00000000,0000,0000,00
2025-10-16 17:26:11,2025-10-16 17:12:00,2025-10-16 16:50:39,4675740293,3555,01,02,83,112,21,27025,0F,1,12,0.9,24,0,88,988.9,-24.9979971,-51.5555351,1056.6,00101F2B,0021800F,00006991,14000219,00000000,00000000,00000000,00000000,00000000,00000000,00000000,00000000,00000000,00000000,00000000,00000000,0000,0000,00
2025-10-16 17:26:11,2025-10-16 16:50:16,2025-10-16 16:50:16,4675740293,3554,01,02,83,75,27,26509,0E,0,14,0.7,20,0,88,988.9,-24.9979966,-51.5555359,1056.6,00101F2B,0021800E,0000678D,14000219,00000000,00000000,00000000,00000000,00000000,00000000,00000000,00000000,00000000,00000000,00000000,00000000,0000,0000,00
2025-10-16 17:26:11,2025-10-16 16:45:16,2025-10-16 16:45:16,4675740293,3553,01,02,83,128,20,28150,0E,0,12,0.9,20,0,88,987.2,-24.9979713,-51.5555164,1056.6,00101F2B,0021800E,00006DF6,14000219,00000000,00000000,00000000,00000000,00000000,00000000,00000000,00000000,00000000,00000000,00000000,00000000,0000,0000,00
2025-10-16 17:26:10,2025-10-16 16:45:14,2025-10-16 16:45:14,4675740293,3552,01,02,83,255,45,29518,0E,0,12,0.9,20,0,88,987.5,-24.9979723,-51.5555154,1056.6,00101F2B,0021800E,0000734E,14000219,00000000,00000000,00000000,00000000,00000000,00000000,00000000,00000000,00000000,00000000,00000000,00000000,0000,0000,00
2025-10-16 17:26:10,2025-10-16 16:43:56,2025-10-16 16:43:56,4675740293,3551,01,02,83,118,38,30521,2F,1,13,0.8,20,19,213,988.3,-24.9976399,-51.5552885,1056.5,00101EEC,0021802F,00007739,14000219,00000000,00000000,00000000,00000000,00000000,000DD183,00000000,00000000,00000000,00000000,00000000,00000000,0000,0000,00
2025-10-16 17:26:10,2025-10-16 16:43:49,2025-10-16 16:43:49,4675740293,3550,01,02,83,118,38,30521,2F,1,15,0.7,20,14,166,992.4,-24.9973477,-51.555216,1056.5,00101ECB,0021802F,00007739,14000219,00000000,00000000,00000000,00000000,00000000,000DD183,00000000,00000000,00000000,00000000,00000000,00000000,0000,0000,00
2025-10-16 17:26:10,2025-10-16 16:43:02,2025-10-16 16:43:02,4675740293,3549,01,02,83,118,38,30521,2F,1,14,0.7,20,12,235,998.6,-24.9956245,-51.5537496,1056.2,00101DD3,0021802F,00007739,14000219,00000000,00000000,00000000,00000000,00000000,000DD183,00000000,00000000,00000000,00000000,00000000,00000000,0000,0000,00
2025-10-16 17:26:10,2025-10-16 16:42:36,2025-10-16 16:42:36,4675740293,3548,01,02,83,118,38,30521,2F,1,13,0.9,20,12,160,995.2,-24.9952177,-51.553796,1056.2,00101D96,0021802F,00007739,14000219,00000000,00000000,00000000,00000000,00000000,000DD183,00000000,00000000,00000000,00000000,00000000,00000000,0000,0000,00
2025-10-16 17:26:09,2025-10-16 16:42:13,2025-10-16 16:42:13,4675740293,3547,01,02,83,118,38,30521,2F,1,14,0.7,20,11,211,991.5,-24.9945162,-51.5537748,1056.1,00101D49,0021802F,00007739,14000219,00000000,00000000,00000000,00000000,00000000,000DD183,00000000,00000000,00000000,00000000,00000000,00000000,0000,0000,00
2025-10-16 17:26:09,2025-10-16 16:42:08,2025-10-16 16:42:08,4675740293,3546,01,02,83,118,38,30521,2F,1,15,0.7,20,11,163,991.7,-24.9943723,-51.5537069,1056.1,00101D3A,0021802F,00007739,14000219,00000000,00000000,00000000,00000000,00000000,000DD183,00000000,00000000,00000000,00000000,00000000,00000000,0000,0000,00
2025-10-16 17:26:09,2025-10-16 16:40:24,2025-10-16 16:40:24,4675740293,3545,01,02,83,123,30,30491,0F,1,14,0.7,20,0,189,996.6,-24.9942127,-51.5546327,1055.9,00101CB6,0021800F,0000771B,14000219,00000000,00000000,00000000,00000000,00000000,000DD183,00000000,00000000,00000000,00000000,00000000,00000000,0000,0000,00
2025-10-16 17:26:09,2025-10-16 16:37:24,2025-10-16 16:37:24,4675740293,3544,01,02,83,123,30,30582,0F,1,12,0.9,20,0,241,984.5,-24.9940377,-51.5545777,1055.9,00101C9B,0021800F,00007776,14000219,00000000,00000000,00000000,00000000,00000000,000DD183,00000000,00000000,00000000,00000000,00000000,00000000,0000,0000,00
2025-10-16 17:26:09,2025-10-16 16:34:25,2025-10-16 16:34:25,4675740293,3543,01,02,83,118,38,30521,0F,1,15,0.7,20,12,278,993.8,-24.9941897,-51.5540137,1055.8,00101C5F,0021800F,00007739,14000219,00000000,00000000,00000000,00000000,00000000,000DD183,00000000,00000000,00000000,00000000,00000000,00000000,0000,0000,00
2025-10-16 17:26:09,2025-10-16 16:34:15,2025-10-16 16:34:15,4675740293,3542,01,02,83,118,38,30491,2F,1,14,0.7,20,13,325,992.4,-24.9943202,-51.5536759,1055.8,00101C3C,0021802F,0000771B,14000219,00000000,00000000,00000000,00000000,00000000,000DD183,00000000,00000000,00000000,00000000,00000000,00000000,0000,0000,00
2025-10-16 17:26:08,2025-10-16 16:33:50,2025-10-16 16:33:50,4675740293,3541,01,02,83,118,38,30521,2F,1,16,0.7,20,10,19,994.2,-24.9950041,-51.5537758,1055.7,00101BEF,0021802F,00007739,14000219,00000000,00000000,00000000,00000000,00000000,000DD183,00000000,00000000,00000000,00000000,00000000,00000000,0000,0000,00
2025-10-16 17:26:08,2025-10-16 16:33:41,2025-10-16 16:33:41,4675740293,3540,01,02,83,118,38,30491,2F,1,16,0.7,20,12,330,993.4,-24.9952112,-51.5537521,1055.7,00101BD7,0021802F,0000771B,14000219,00000000,00000000,00000000,00000000,00000000,000DD183,00000000,00000000,00000000,00000000,00000000,00000000,0000,0000,00
2025-10-16 17:26:08,2025-10-16 16:32:48,2025-10-16 16:32:48,4675740293,3539,01,02,83,118,38,30521,2F,1,13,0.8,20,14,53,996.7,-24.9956516,-51.5538116,1055.6,00101B87,0021802F,00007739,14000219,00000000,00000000,00000000,00000000,00000000,000DD183,00000000,00000000,00000000,00000000,00000000,00000000,0000,0000,00
2025-10-16 17:26:08,2025-10-16 16:31:55,2025-10-16 16:31:55,4675740293,3538,01,02,83,118,38,30521,2F,1,14,0.7,20,14,7,994.3,-24.9974284,-51.5552518,1055.4,00101A8F,0021802F,00007739,14000219,00000000,00000000,00000000,00000000,00000000,000DD183,00000000,00000000,00000000,00000000,00000000,00000000,0000,0000,00
2025-10-16 17:26:08,2025-10-16 16:31:07,2025-10-16 16:30:25,4675740293,3537,01,02,83,255,44,30521,0F,1,15,0.7,24,0,337,984.8,-24.9979045,-51.555438,1055.3,00101A45,0021800F,00007739,14000219,00000000,00000000,00000000,00000000,00000000,000DD183,00000000,00000000,00000000,00000000,00000000,00000000,0000,0000,00
2025-10-16 17:26:08,2025-10-16 16:31:02,2025-10-16 16:30:25,4675740293,3536,01,02,83,112,21,26691,0F,1,15,0.7,24,0,337,984.8,-24.9979045,-51.555438,1055.3,00101A45,0021800F,00006843,14000219,00000000,00000000,00000000,00000000,00000000,00000000,00000000,00000000,00000000,00000000,00000000,00000000,0000,0000,00
2025-10-16 17:26:07,2025-10-16 16:30:01,2025-10-16 16:30:01,4675740293,3535,01,02,83,75,27,26174,0E,0,15,0.7,20,0,272,986.9,-24.9979398,-51.5554327,1055.3,00101A45,0021800E,0000663E,14000219,00000000,00000000,00000000,00000000,00000000,00000000,00000000,00000000,00000000,00000000,00000000,00000000,0000,0000,00
2025-10-16 17:26:07,2025-10-16 16:24:20,2025-10-16 16:24:20,4675740293,3534,01,02,83,75,27,26448,0E,0,16,0.7,20,0,115,987.3,-24.9979522,-51.5554668,1055.3,00101A45,0021800E,00006750,14000219,00000000,00000000,00000000,00000000,00000000,00000000,00000000,00000000,00000000,00000000,00000000,00000000,0000,0000,00
2025-10-16 17:26:07,2025-10-16 16:19:20,2025-10-16 16:19:20,4675740293,3533,01,02,83,128,20,28667,0E,0,12,0.8,20,0,115,984.0,-24.997942,-51.5554862,1055.3,00101A45,0021800E,00006FFB,14000219,00000000,00000000,00000000,00000000,00000000,00000000,00000000,00000000,00000000,00000000,00000000,00000000,0000,0000,00
2025-10-16 17:26:07,2025-10-16 16:19:19,2025-10-16 16:19:19,4675740293,3532,01,02,83,255,45,29427,0E,0,12,0.8,20,0,115,983.9,-24.9979462,-51.5554801,1055.3,00101A45,0021800E,000072F3,14000219,00000000,00000000,00000000,00000000,00000000,00000000,00000000,00000000,00000000,00000000,00000000,00000000,0000,0000,00
2025-10-16 17:26:07,2025-10-16 16:17:35,2025-10-16 16:17:35,4675740293,3531,01,02,83,118,38,30521,2F,1,13,0.8,20,18,235,985.9,-24.9977156,-51.5553624,1055.3,00101A15,0021802F,00007739,14000219,00000000,00000000,00000000,00000000,00000000,000DD183,00000000,00000000,00000000,00000000,00000000,00000000,0000,0000,00
2025-10-16 17:26:06,2025-10-16 16:17:24,2025-10-16 16:17:24,4675740293,3530,01,02,83,118,38,30491,2F,1,13,0.8,20,15,189,989.7,-24.9972465,-51.555191,1055.2,001019DB,0021802F,0000771B,14000219,00000000,00000000,00000000,00000000,00000000,000DD183,00000000,00000000,00000000,00000000,00000000,00000000,0000,0000,00
2025-10-16 17:26:06,2025-10-16 16:16:40,2025-10-16 16:16:40,4675740293,3529,01,02,83,118,38,30461,2F,1,13,0.8,20,12,235,994.6,-24.9956132,-51.553755,1055.0,001018F3,0021802F,000076FD,14000219,00000000,00000000,00000000,00000000,00000000,000DD183,00000000,00000000,00000000,00000000,00000000,00000000,0000,0000,00
2025-10-16 17:26:06,2025-10-16 16:16:21,2025-10-16 16:16:21,4675740293,3528,01,02,83,118,38,30491,2F,1,12,0.8,20,10,131,988.1,-24.9953511,-51.5536874,1054.9,001018CB,0021802F,0000771B,14000219,00000000,00000000,00000000,00000000,00000000,000DD183,00000000,00000000,00000000,00000000,00000000,00000000,0000,0000,00
2025-10-16 17:26:06,2025-10-16 16:13:33,2025-10-16 16:13:33,4675740293,3527,01,02,83,123,30,30491,0F,1,13,0.8,20,0,151,984.4,-24.9940203,-51.5544624,1054.7,001017F2,0021800F,0000771B,14000219,00000000,00000000,00000000,00000000,00000000,000DD183,00000000,00000000,00000000,00000000,00000000,00000000,0000,0000,00
2025-10-16 17:26:05,2025-10-16 16:10:33,2025-10-16 16:10:33,4675740293,3526,01,02,83,123,30,30552,0F,1,13,0.8,20,0,151,984.7,-24.9940221,-51.5544554,1054.7,001017F2,0021800F,00007758,14000219,00000000,00000000,00000000,00000000,00000000,000DD183,00000000,00000000,00000000,00000000,00000000,00000000,0000,0000,00
2025-10-16 17:26:05,2025-10-16 16:07:34,2025-10-16 16:07:34,4675740293,3525,01,02,83,118,38,30430,2F,1,14,0.7,20,11,115,986.5,-24.9939134,-51.5541861,1054.7,001017C2,0021802F,000076DE,14000219,00000000,00000000,00000000,00000000,00000000,000DD183,00000000,00000000,00000000,00000000,00000000,00000000,0000,0000,00
2025-10-16 17:26:05,2025-10-16 16:05:22,2025-10-16 16:05:22,4675740293,3524,01,02,83,123,30,30430,0F,1,12,0.8,20,0,31,986.9,-24.9939868,-51.5545084,1054.6,00101799,0021800F,000076DE,14000219,00000000,00000000,00000000,00000000,00000000,000DD183,00000000,00000000,00000000,00000000,00000000,00000000,0000,0000,00
2025-10-16 17:26:05,2025-10-16 16:02:22,2025-10-16 16:02:22,4675740293,3523,01,02,83,123,30,30521,2F,1,14,0.7,20,0,296,986.7,-24.9941638,-51.5539539,1054.5,0010174D,0021802F,00007739,14000219,00000000,00000000,00000000,00000000,00000000,000DD183,00000000,00000000,00000000,00000000,00000000,00000000,0000,0000,00
2025-10-16 17:26:05,2025-10-16 15:59:23,2025-10-16 15:59:23,4675740293,3522,01,02,83,118,38,30521,2F,1,14,0.7,20,19,40,991.3,-24.9967249,-51.5548799,1054.2,001015DE,0021802F,00007739,14000219,00000000,00000000,00000000,00000000,00000000,000DD183,00000000,00000000,00000000,00000000,00000000,00000000,0000,0000,00
2025-10-16 17:26:04,2025-10-16 15:59:02,2025-10-16 15:59:02,4675740293,3521,01,02,83,118,38,30491,2F,1,14,0.7,20,11,353,989.2,-24.9973794,-51.5552018,1054.1,0010158E,0021802F,0000771B,14000219,00000000,00000000,00000000,00000000,00000000,000DD183,00000000,00000000,00000000,00000000,00000000,00000000,0000,0000,00
2025-10-16 17:26:04,2025-10-16 15:57:51,2025-10-16 15:57:51,4675740293,3520,01,02,83,123,30,30461,0F,1,12,0.9,20,0,308,982.4,-24.9979009,-51.5554857,1054.0,00101542,0021800F,000076FD,14000219,00000000,00000000,00000000,00000000,00000000,000DD183,00000000,00000000,00000000,00000000,00000000,00000000,0000,0000,00
2025-10-16 17:26:04,2025-10-16 15:54:51,2025-10-16 15:54:51,4675740293,3519,01,02,83,123,30,30491,0F,1,14,0.7,20,0,42,982.8,-24.997902,-51.5554937,1054.0,00101542,0021800F,0000771B,14000219,00000000,00000000,00000000,00000000,00000000,000DD183,00000000,00000000,00000000,00000000,00000000,00000000,0000,0000,00
2025-10-16 17:26:04,2025-10-16 15:51:51,2025-10-16 15:51:51,4675740293,3518,01,02,83,123,30,30430,0F,1,12,0.8,20,0,40,979.8,-24.9978938,-51.5554844,1054.0,00101542,0021800F,000076DE,14000219,00000000,00000000,00000000,00000000,00000000,000DD183,00000000,00000000,00000000,00000000,00000000,00000000,0000,0000,00
2025-10-16 17:26:03,2025-10-16 15:48:51,2025-10-16 15:48:51,4675740293,3517,01,02,83,123,30,30491,0F,1,13,0.8,20,0,280,982.1,-24.9978815,-51.5554645,1054.0,00101542,0021800F,0000771B,14000219,00000000,00000000,00000000,00000000,00000000,000DD183,00000000,00000000,00000000,00000000,00000000,00000000,0000,0000,00
2025-10-16 17:26:03,2025-10-16 15:45:51,2025-10-16 15:45:51,4675740293,3516,01,02,83,123,30,30491,0F,1,14,0.7,20,0,280,981.8,-24.9978833,-51.5554673,1054.0,00101542,0021800F,0000771B,14000219,00000000,00000000,00000000,00000000,00000000,000DD183,00000000,00000000,00000000,00000000,00000000,00000000,0000,0000,00
2025-10-16 17:26:03,2025-10-16 15:42:51,2025-10-16 15:42:51,4675740293,3515,01,02,83,123,30,30491,0F,1,14,0.7,20,0,75,978.6,-24.9979089,-51.555471,1054.0,00101542,0021800F,0000771B,14000219,00000000,00000000,00000000,00000000,00000000,000DD183,00000000,00000000,00000000,00000000,00000000,00000000,0000,0000,00
2025-10-16 17:26:02,2025-10-16 15:39:51,2025-10-16 15:39:51,4675740293,3514,01,02,83,123,30,30521,0F,1,14,0.7,20,0,75,978.6,-24.9979103,-51.5554742,1054.0,00101542,0021800F,00007739,14000219,00000000,00000000,00000000,00000000,00000000,000DD183,00000000,00000000,00000000,00000000,00000000,00000000,0000,0000,00
2025-10-16 17:26:02,2025-10-16 15:36:51,2025-10-16 15:36:51,4675740293,3513,01,02,83,123,30,30491,0F,1,15,0.7,20,0,75,978.2,-24.9979107,-51.5554746,1054.0,00101542,0021800F,0000771B,14000219,00000000,00000000,00000000,00000000,00000000,000DD183,00000000,00000000,00000000,00000000,00000000,00000000,0000,0000,00
2025-10-16 17:26:01,2025-10-16 15:33:51,2025-10-16 15:33:51,4675740293,3512,01,02,83,123,30,30491,0F,1,13,0.8,20,0,75,979.1,-24.9979122,-51.555483,1054.0,00101542,0021800F,0000771B,14000219,00000000,00000000,00000000,00000000,00000000,000DD183,00000000,00000000,00000000,00000000,00000000,00000000,0000,0000,00
2025-10-16 17:26:01,2025-10-16 15:31:07,2025-10-16 15:31:07,4675740293,3511,01,02,83,255,44,30582,0F,1,15,0.7,20,0,246,985.0,-24.9979861,-51.5557484,1054.0,00101542,0021800F,00007776,14000219,00000000,00000000,00000000,00000000,00000000,000DD183,00000000,00000000,00000000,00000000,00000000,00000000,0000,0000,00
2025-10-16 17:26:00,2025-10-16 15:30:50,2025-10-16 15:22:44,4675740293,3510,01,02,83,112,21,26417,0F,1,15,0.7,24,0,250,976.5,-24.9979816,-51.5556609,1054.0,00101537,0021800F,00006731,14000219,00000000,00000000,00000000,00000000,00000000,00000000,00000000,00000000,00000000,00000000,00000000,00000000,0000,0000,00
2025-10-16 17:26:00,2025-10-16 15:22:20,2025-10-16 15:22:20,4675740293,3509,01,02,83,75,27,26478,0E,0,16,0.6,20,0,250,976.5,-24.9979822,-51.5556611,1054.0,00101537,0021800E,0000676E,14000219,00000000,00000000,00000000,00000000,00000000,00000000,00000000,00000000,00000000,00000000,00000000,00000000,0000,0000,00
2025-10-16 17:25:59,2025-10-16 15:17:20,2025-10-16 15:17:20,4675740293,3508,01,02,83,128,20,28545,0E,0,15,0.7,20,0,250,975.8,-24.9979829,-51.5556594,1054.0,00101537,0021800E,00006F81,14000219,00000000,00000000,00000000,00000000,00000000,00000000,00000000,00000000,00000000,00000000,00000000,00000000,0000,0000,00
2025-10-16 17:25:58,2025-10-16 15:17:19,2025-10-16 15:17:19,4675740293,3507,01,02,83,255,45,29214,0E,0,15,0.7,20,0,250,976.1,-24.9979862,-51.5556603,1054.0,00101537,0021800E,0000721E,14000219,00000000,00000000,00000000,00000000,00000000,00000000,00000000,00000000,00000000,00000000,00000000,00000000,0000,0000,00
2025-10-16 17:25:58,2025-10-16 15:16:56,2025-10-16 15:16:56,4675740293,3506,01,02,83,118,38,30491,2F,1,15,0.7,20,12,236,977.5,-24.9976952,-51.5553571,1054.0,0010150B,0021802F,0000771B,14000219,00000000,00000000,00000000,00000000,00000000,000DD183,00000000,00000000,00000000,00000000,00000000,00000000,0000,0000,00
2025-10-16 17:25:58,2025-10-16 15:16:43,2025-10-16 15:16:43,4675740293,3505,01,02,83,118,38,30461,2F,1,16,0.6,20,13,190,981.3,-24.997221,-51.5551871,1053.9,001014D5,0021802F,000076FD,14000219,00000000,00000000,00000000,00000000,00000000,000DD183,00000000,00000000,00000000,00000000,00000000,00000000,0000,0000,00
2025-10-16 17:25:57,2025-10-16 15:15:53,2025-10-16 15:15:53,4675740293,3504,01,02,83,118,38,30521,2F,1,14,0.7,20,12,236,986.7,-24.9956005,-51.5537352,1053.7,001013EB,0021802F,00007739,14000219,00000000,00000000,00000000,00000000,00000000,000DD183,00000000,00000000,00000000,00000000,00000000,00000000,0000,0000,00
2025-10-16 17:25:56,2025-10-16 15:14:25,2025-10-16 15:14:25,4675740293,3503,01,02,83,118,38,30521,2F,1,17,0.6,20,12,146,979.2,-24.993972,-51.5541455,1053.5,00101313,0021802F,00007739,14000219,00000000,00000000,00000000,00000000,00000000,000DD183,00000000,00000000,00000000,00000000,00000000,00000000,0000,0000,00
2025-10-16 17:25:55,2025-10-16 15:14:18,2025-10-16 15:14:18,4675740293,3502,01,02,83,118,38,30521,2F,1,17,0.6,20,11,65,978.6,-24.993885,-51.5543095,1053.4,001012FF,0021802F,00007739,14000219,00000000,00000000,00000000,00000000,00000000,000DD183,00000000,00000000,00000000,00000000,00000000,00000000,0000,0000,00
2025-10-16 17:25:54,2025-10-16 15:13:31,2025-10-16 15:13:31,4675740293,3501,01,02,83,118,38,30461,2F,1,16,0.6,20,10,243,981.3,-24.993941,-51.5544106,1053.4,001012C4,0021802F,000076FD,14000219,00000000,00000000,00000000,00000000,00000000,000DD183,00000000,00000000,00000000,00000000,00000000,00000000,0000,0000,00
2025-10-16 17:25:54,2025-10-16 15:12:24,2025-10-16 15:12:24,4675740293,3500,01,02,83,123,30,30491,2F,1,17,0.6,20,6,37,990.1,-24.9945091,-51.5537397,1053.3,0010125C,0021802F,0000771B,14000219,00000000,00000000,00000000,00000000,00000000,000DD183,00000000,00000000,00000000,00000000,00000000,00000000,0000,0000,00
2025-10-16 17:25:53,2025-10-16 15:09:25,2025-10-16 15:09:25,4675740293,3499,01,02,83,118,38,30461,2F,1,18,0.6,20,12,44,985.9,-24.9968891,-51.5550096,1053.0,0010111F,0021802F,000076FD,14000219,00000000,00000000,00000000,00000000,00000000,000DD183,00000000,00000000,00000000,00000000,00000000,00000000,0000,0000,00
2025-10-16 17:25:53,2025-10-16 15:09:07,2025-10-16 15:09:07,4675740293,3498,01,02,83,118,38,30430,2F,1,17,0.6,20,12,358,985.1,-24.9973974,-51.5552154,1052.9,001010E1,0021802F,000076DE,14000219,00000000,00000000,00000000,00000000,00000000,000DD183,00000000,00000000,00000000,00000000,00000000,00000000,0000,0000,00
2025-10-16 17:25:53,2025-10-16 15:08:22,2025-10-16 15:08:22,4675740293,3497,01,02,83,123,30,30552,0F,1,16,0.6,20,0,332,981.8,-24.9978669,-51.5555847,1052.8,0010109F,0021800F,00007758,14000219,00000000,00000000,00000000,00000000,00000000,000DD183,00000000,00000000,00000000,00000000,00000000,00000000,0000,0000,00
2025-10-16 17:25:53,2025-10-16 15:05:22,2025-10-16 15:05:22,4675740293,3496,01,02,83,123,30,30552,0F,1,18,0.6,20,0,47,982.1,-24.9978833,-51.5554971,1052.8,00101094,0021800F,00007758,14000219,00000000,00000000,00000000,00000000,00000000,000DD183,00000000,00000000,00000000,00000000,00000000,00000000,0000,0000,00
2025-10-16 17:25:53,2025-10-16 15:02:22,2025-10-16 15:02:22,4675740293,3495,01,02,83,123,30,30491,0F,1,17,0.6,20,0,47,980.2,-24.9979054,-51.5554905,1052.8,00101094,0021800F,0000771B,14000219,00000000,00000000,00000000,00000000,00000000,000DD183,00000000,00000000,00000000,00000000,00000000,00000000,0000,0000,00
2025-10-16 17:25:52,2025-10-16 14:59:22,2025-10-16 14:59:22,4675740293,3494,01,02,83,123,30,30491,0F,1,17,0.6,20,2,44,974.2,-24.9979355,-51.5556031,1052.8,00101091,0021800F,0000771B,14000219,00000000,00000000,00000000,00000000,00000000,000DD183,00000000,00000000,00000000,00000000,00000000,00000000,0000,0000,00
2025-10-16 17:25:52,2025-10-16 14:56:22,2025-10-16 14:56:22,4675740293,3493,01,02,83,123,30,30521,0F,1,17,0.6,20,0,266,969.2,-24.9979524,-51.555636,1052.8,0010108F,0021800F,00007739,14000219,00000000,00000000,00000000,00000000,00000000,000DD183,00000000,00000000,00000000,00000000,00000000,00000000,0000,0000,00
2025-10-16 17:25:52,2025-10-16 14:53:23,2025-10-16 14:53:23,4675740293,3492,01,02,83,118,38,30521,2F,1,18,0.6,20,12,210,983.8,-24.9944862,-51.5537451,1052.3,00100EBE,0021802F,00007739,14000219,00000000,00000000,00000000,00000000,00000000,000DD183,00000000,00000000,00000000,00000000,00000000,00000000,0000,0000,00
2025-10-16 17:25:52,2025-10-16 14:52:57,2025-10-16 14:52:57,4675740293,3491,01,02,83,118,38,30491,2F,1,18,0.6,20,13,145,982.0,-24.993958,-51.5541383,1052.3,00100E69,0021802F,0000771B,14000219,00000000,00000000,00000000,00000000,00000000,000DD183,00000000,00000000,00000000,00000000,00000000,00000000,0000,0000,00
2025-10-16 17:25:51,2025-10-16 14:52:51,2025-10-16 14:52:51,4675740293,3490,01,02,83,118,38,30521,2F,1,18,0.6,20,13,76,981.5,-24.9938849,-51.5543199,1052.2,00100E54,0021802F,00007739,14000219,00000000,00000000,00000000,00000000,00000000,000DD183,00000000,00000000,00000000,00000000,00000000,00000000,0000,0000,00
2025-10-16 17:25:51,2025-10-16 14:52:09,2025-10-16 14:52:09,4675740293,3489,01,02,83,118,38,30521,2F,1,18,0.6,20,13,273,980.4,-24.9939055,-51.5543172,1052.2,00100E10,0021802F,00007739,14000219,00000000,00000000,00000000,00000000,00000000,000DD183,00000000,00000000,00000000,00000000,00000000,00000000,0000,0000,00
2025-10-16 17:25:51,2025-10-16 14:51:49,2025-10-16 14:51:49,4675740293,3488,01,02,83,118,38,30521,2F,1,18,0.6,20,17,321,987.0,-24.9942828,-51.5537532,1052.1,00100DC3,0021802F,00007739,14000219,00000000,00000000,00000000,00000000,00000000,000DD183,00000000,00000000,00000000,00000000,00000000,00000000,0000,0000,00
2025-10-16 17:25:51,2025-10-16 14:51:17,2025-10-16 14:51:17,4675740293,3487,01,02,83,123,30,30521,0F,1,18,0.6,20,0,12,990.5,-24.9948828,-51.5537845,1052.0,00100D81,0021800F,00007739,14000219,00000000,00000000,00000000,00000000,00000000,000DD183,00000000,00000000,00000000,00000000,00000000,00000000,0000,0000,00
2025-10-16 17:25:50,2025-10-16 14:48:18,2025-10-16 14:48:18,4675740293,3486,01,02,83,118,38,30521,2F,1,18,0.6,20,13,59,982.4,-24.9961185,-51.5543452,1051.9,00100CDC,0021802F,00007739,14000219,00000000,00000000,00000000,00000000,00000000,000DD183,00000000,00000000,00000000,00000000,00000000,00000000,0000,0000,00
2025-10-16 17:25:50,2025-10-16 14:47:20,2025-10-16 14:47:20,4675740293,3485,01,02,83,118,38,30491,2F,1,18,0.6,20,12,7,982.8,-24.9974388,-51.5552193,1051.7,00100C3A,0021802F,0000771B,14000219,00000000,00000000,00000000,00000000,00000000,000DD183,00000000,00000000,00000000,00000000,00000000,00000000,0000,0000,00
2025-10-16 17:25:50,2025-10-16 14:44:38,2025-10-16 14:44:38,4675740293,3484,01,02,83,123,30,30582,0F,1,14,0.7,20,0,59,984.1,-24.9978946,-51.5555467,1051.6,00100BF4,0021800F,00007776,14000219,00000000,00000000,00000000,00000000,00000000,000DD183,00000000,00000000,00000000,00000000,00000000,00000000,0000,0000,00
2025-10-16 17:25:50,2025-10-16 14:41:38,2025-10-16 14:41:38,4675740293,3483,01,02,83,123,30,30430,0F,1,16,0.6,20,0,59,983.8,-24.9978913,-51.5555497,1051.6,00100BF4,0021800F,000076DE,14000219,00000000,00000000,00000000,00000000,00000000,000DD183,00000000,00000000,00000000,00000000,00000000,00000000,0000,0000,00
2025-10-16 17:25:50,2025-10-16 14:38:47,2025-10-16 14:38:47,4675740293,3482,01,02,83,255,44,30552,0F,1,16,0.7,20,0,356,1012.8,-24.997936,-51.5555676,1051.6,00100BE9,0021800F,00007758,14000219,00000000,00000000,00000000,00000000,00000000,000DD183,00000000,00000000,00000000,00000000,00000000,00000000,0000,0000,00
2025-10-16 17:25:49,2025-10-16 14:38:39,2025-10-16 14:27:36,4675740293,3481,01,02,83,112,21,26965,0F,1,14,0.7,24,0,187,977.2,-24.9979384,-51.5555849,1051.6,00100BE9,0021800F,00006955,14000219,00000000,00000000,00000000,00000000,00000000,00000000,00000000,00000000,00000000,00000000,00000000,00000000,0000,0000,00
2025-10-16 17:25:49,2025-10-16 14:27:12,2025-10-16 14:27:12,4675740293,3480,01,02,83,75,27,26691,0E,0,15,0.7,20,0,187,977.1,-24.9979395,-51.5555868,1051.6,00100BE9,0021800E,00006843,14000219,00000000,00000000,00000000,00000000,00000000,00000000,00000000,00000000,00000000,00000000,00000000,00000000,0000,0000,00
2025-10-16 17:25:49,2025-10-16 14:22:12,2025-10-16 14:22:12,4675740293,3479,01,02,83,128,20,29001,0E,0,14,0.7,20,0,187,980.8,-24.997938,-51.55559,1051.6,00100BE9,0021800E,00007149,14000219,00000000,00000000,00000000,00000000,00000000,00000000,00000000,00000000,00000000,00000000,00000000,00000000,0000,0000,00
2025-10-16 17:25:49,2025-10-16 14:22:11,2025-10-16 14:22:11,4675740293,3478,01,02,83,255,45,30278,0E,0,14,0.7,20,0,187,980.8,-24.997938,-51.55559,1051.6,00100BE9,0021800E,00007646,14000219,00000000,00000000,00000000,00000000,00000000,00000000,00000000,00000000,00000000,00000000,00000000,00000000,0000,0000,00
2025-10-16 17:25:49,2025-10-16 14:20:13,2025-10-16 14:20:13,4675740293,3477,01,02,83,118,38,30491,2F,1,16,0.6,20,15,203,986.3,-24.996708,-51.5548614,1051.5,00100B4C,0021802F,0000771B,14000219,00000000,00000000,00000000,00000000,00000000,000DD183,00000000,00000000,00000000,00000000,00000000,00000000,0000,0000,00
2025-10-16 17:25:48,2025-10-16 14:19:22,2025-10-16 14:19:22,4675740293,3476,01,02,83,118,38,30491,2F,1,16,0.6,20,16,250,990.2,-24.9953511,-51.553263,1051.2,00100A6D,0021802F,0000771B,14000219,00000000,00000000,00000000,00000000,00000000,000DD183,00000000,00000000,00000000,00000000,00000000,00000000,0000,0000,00
2025-10-16 17:25:48,2025-10-16 14:19:17,2025-10-16 14:19:17,4675740293,3475,01,02,83,118,38,30491,2F,1,15,0.7,20,18,189,988.3,-24.9952496,-51.5530444,1051.2,00100A56,0021802F,0000771B,14000219,00000000,00000000,00000000,00000000,00000000,000DD183,00000000,00000000,00000000,00000000,00000000,00000000,0000,0000,00
2025-10-16 17:25:48,2025-10-16 14:18:32,2025-10-16 14:18:32,4675740293,3474,01,02,83,118,38,30521,2F,1,16,0.6,20,24,139,970.6,-24.9926818,-51.5542254,1050.9,00100918,0021802F,00007739,14000219,00000000,00000000,00000000,00000000,00000000,000DD183,00000000,00000000,00000000,00000000,00000000,00000000,0000,0000,00
2025-10-16 17:25:48,2025-10-16 14:18:09,2025-10-16 14:18:09,4675740293,3473,01,02,83,118,38,30491,2F,1,14,0.7,20,26,92,972.6,-24.9927356,-51.5556688,1050.7,0010087A,0021802F,0000771B,14000219,00000000,00000000,00000000,00000000,00000000,000DD183,00000000,00000000,00000000,00000000,00000000,00000000,0000,0000,00
2025-10-16 17:25:48,2025-10-16 14:17:51,2025-10-16 14:17:51,4675740293,3472,01,02,83,118,38,30491,2F,1,14,0.7,20,27,138,985.8,-24.9922595,-51.5569722,1050.6,001007EA,0021802F,0000771B,14000219,00000000,00000000,00000000,00000000,00000000,000DD183,00000000,00000000,00000000,00000000,00000000,00000000,0000,0000,00
2025-10-16 17:25:48,2025-10-16 14:15:19,2025-10-16 14:15:19,4675740293,3471,01,02,83,118,38,30491,2F,1,13,0.8,20,31,92,1035.9,-24.991856,-51.5681528,1049.4,00100361,0021802F,0000771B,14000219,00000000,00000000,00000000,00000000,00000000,000DD183,00000000,00000000,00000000,00000000,00000000,00000000,0000,0000,00
2025-10-16 17:25:47,2025-10-16 14:14:19,2025-10-16 14:14:19,4675740293,3470,01,02,83,118,38,30521,2F,1,15,0.7,20,34,46,1050.5,-24.9946226,-51.5728617,1048.9,00100124,0021802F,00007739,14000219,00000000,00000000,00000000,00000000,00000000,000DD183,00000000,00000000,00000000,00000000,00000000,00000000,0000,0000,00
2025-10-16 17:25:47,2025-10-16 14:14:01,2025-10-16 14:14:01,4675740293,3469,01,02,83,118,38,30461,2F,1,14,0.7,20,36,92,1049.9,-24.9950759,-51.5744296,1048.7,0010007F,0021802F,000076FD,14000219,00000000,00000000,00000000,00000000,00000000,000DD183,00000000,00000000,00000000,00000000,00000000,00000000,0000,0000,00
2025-10-16 17:25:47,2025-10-16 14:13:23,2025-10-16 14:13:23,4675740293,3468,01,02,83,118,38,30491,2F,1,15,0.7,20,29,138,1051.8,-24.9931845,-51.5766699,1048.4,000FFF3E,0021802F,0000771B,14000219,00000000,00000000,00000000,00000000,00000000,000DD183,00000000,00000000,00000000,00000000,00000000,00000000,0000,0000,00
2025-10-16 17:25:47,2025-10-16 14:12:23,2025-10-16 14:12:23,4675740293,3467,01,02,83,118,38,30369,2F,1,18,0.6,20,25,92,1039.4,-24.9931081,-51.5822333,1047.8,000FFCFF,0021802F,000076A1,14000219,00000000,00000000,00000000,00000000,00000000,000DD183,00000000,00000000,00000000,00000000,00000000,00000000,0000,0000,00
2025-10-16 17:25:47,2025-10-16 14:09:51,2025-10-16 14:09:51,4675740293,3466,01,02,83,118,38,30521,2F,1,17,0.6,20,22,138,988.1,-24.9874168,-51.5910271,1046.7,000FF89D,0021802F,00007739,14000219,00000000,00000000,00000000,00000000,00000000,000DD183,00000000,00000000,00000000,00000000,00000000,00000000,0000,0000,00
2025-10-16 17:25:46,2025-10-16 14:07:13,2025-10-16 14:07:13,4675740293,3465,01,02,83,123,30,30309,0F,1,17,0.6,20,0,129,989.7,-24.9875476,-51.5932241,1046.4,000FF7A5,0021800F,00007665,14000219,00000000,00000000,00000000,00000000,00000000,000DD183,00000000,00000000,00000000,00000000,00000000,00000000,0000,0000,00
2025-10-16 17:25:46,2025-10-16 14:04:13,2025-10-16 14:04:13,4675740293,3464,01,02,83,123,30,30461,0F,1,17,0.6,20,5,256,990.4,-24.9871158,-51.5924049,1046.3,000FF745,0021800F,000076FD,14000219,00000000,00000000,00000000,00000000,00000000,000DD183,00000000,00000000,00000000,00000000,00000000,00000000,0000,0000,00
2025-10-16 17:25:46,2025-10-16 14:01:13,2025-10-16 14:01:13,4675740293,3463,01,02,83,123,30,30400,0F,1,14,0.7,20,0,0,995.7,-24.9871271,-51.5923871,1046.3,000FF743,0021800F,000076C0,14000219,00000000,00000000,00000000,00000000,00000000,000DD183,00000000,00000000,00000000,00000000,00000000,00000000,0000,0000,00
2025-10-16 17:25:46,2025-10-16 13:58:14,2025-10-16 13:58:14,4675740293,3462,01,02,83,118,38,30461,2F,1,16,0.6,20,13,102,995.3,-24.9870983,-51.5920394,1046.3,000FF71A,0021802F,000076FD,14000219,00000000,00000000,00000000,00000000,00000000,000DD183,00000000,00000000,00000000,00000000,00000000,00000000,0000,0000,00
2025-10-16 17:25:45,2025-10-16 13:55:32,2025-10-16 13:55:32,4675740293,3461,01,02,83,118,38,30430,2F,1,16,0.6,20,31,56,989.7,-24.9907955,-51.6021658,1045.2,000FF2B9,0021802F,000076DE,14000219,00000000,00000000,00000000,00000000,00000000,000DD183,00000000,00000000,00000000,00000000,00000000,00000000,0000,0000,00
2025-10-16 17:25:45,2025-10-16 13:55:12,2025-10-16 13:55:12,4675740293,3460,01,02,83,118,38,30491,2F,1,14,0.7,20,25,102,1002.3,-24.9905921,-51.6040612,1045.0,000FF1F8,0021802F,0000771B,14000219,00000000,00000000,00000000,00000000,00000000,000DD183,00000000,00000000,00000000,00000000,00000000,00000000,0000,0000,00
2025-10-16 17:25:45,2025-10-16 13:53:43,2025-10-16 13:53:43,4675740293,3459,01,02,83,118,38,30461,2F,1,17,0.6,20,33,56,1036.1,-24.9931671,-51.610324,1044.3,000FEF36,0021802F,000076FD,14000219,00000000,00000000,00000000,00000000,00000000,000DD183,00000000,00000000,00000000,00000000,00000000,00000000,0005,FF74,88
2025-10-16 17:25:45,2025-10-16 13:52:35,2025-10-16 13:52:35,4675740293,3458,01,02,83,118,38,30521,2F,1,18,0.6,20,35,10,1035.4,-24.9978868,-51.6118225,1043.7,000FED01,0021802F,00007739,14000219,00000000,00000000,00000000,00000000,00000000,000DD183,00000000,00000000,00000000,00000000,00000000,00000000,0005,FF74,88
2025-10-16 17:25:45,2025-10-16 13:52:16,2025-10-16 13:52:16,4675740293,3457,01,02,83,118,38,30491,2F,1,17,0.6,20,33,324,1034.8,-24.9992191,-51.6110845,1043.5,000FEC52,0021802F,0000771B,14000219,00000000,00000000,00000000,00000000,00000000,000DD183,00000000,00000000,00000000,00000000,00000000,00000000,0005,FF74,88
2025-10-16 17:25:44,2025-10-16 13:52:08,2025-10-16 13:52:08,4675740293,3456,01,02,83,118,38,30461,2F,1,15,0.7,20,27,10,1035.2,-24.9997835,-51.6108958,1043.5,000FEC0F,0021802F,000076FD,14000219,00000000,00000000,00000000,00000000,00000000,000DD183,00000000,00000000,00000000,00000000,00000000,00000000,0005,FF74,88
2025-10-16 17:25:44,2025-10-16 13:50:26,2025-10-16 13:50:26,4675740293,3455,01,02,83,118,38,30491,2F,1,18,0.6,20,32,56,1029.1,-25.0049812,-51.6156179,1042.7,000FE8F8,0021802F,0000771B,14000219,00000000,00000000,00000000,00000000,00000000,000DD183,00000000,00000000,00000000,00000000,00000000,00000000,0005,FF74,88
2025-10-16 17:25:44,2025-10-16 13:49:35,2025-10-16 13:49:35,4675740293,3454,01,02,83,118,38,30521,2F,1,18,0.6,20,36,10,1058.3,-25.0091504,-51.6159551,1042.2,000FE714,0021802F,00007739,14000219,00000000,00000000,00000000,00000000,00000000,000DD183,00000000,00000000,00000000,00000000,00000000,00000000,0005,FF74,88
2025-10-16 17:25:44,2025-10-16 13:48:50,2025-10-16 13:48:50,4675740293,3453,01,02,83,118,38,30491,2F,1,17,0.6,20,24,57,1067.9,-25.0102776,-51.6195631,1041.8,000FE577,0021802F,0000771B,14000219,00000000,00000000,00000000,00000000,00000000,000DD183,00000000,00000000,00000000,00000000,00000000,00000000,0005,FF74,88
2025-10-16 17:25:44,2025-10-16 13:48:24,2025-10-16 13:48:24,4675740293,3452,01,02,83,123,30,30552,2F,1,18,0.6,20,31,8,1067.4,-25.0116568,-51.6203375,1041.6,000FE4C9,0021802F,00007758,14000219,00000000,00000000,00000000,00000000,00000000,000DD183,00000000,00000000,00000000,00000000,00000000,00000000,0005,FF74,88
2025-10-16 17:25:43,2025-10-16 13:45:25,2025-10-16 13:45:25,4675740293,3451,01,02,83,118,38,30491,2F,1,18,0.6,20,21,347,1067.8,-25.022542,-51.6201412,1040.4,000FE005,0021802F,0000771B,14000219,00000000,00000000,00000000,00000000,00000000,000DD183,00000000,00000000,00000000,00000000,00000000,00000000,0005,FF74,88
2025-10-16 17:25:43,2025-10-16 13:43:04,2025-10-16 13:43:04,4675740293,3450,01,02,83,255,44,30582,0F,1,18,0.6,20,0,94,1065.7,-25.0263383,-51.6223102,1039.9,000FDDF1,0021800F,00007776,14000219,00000000,00000000,00000000,00000000,00000000,000DD183,00000000,00000000,00000000,00000000,00000000,00000000,0005,FF74,88
2025-10-16 17:25:43,2025-10-16 13:42:51,2025-10-16 13:42:51,4675740293,3449,01,02,83,112,21,26083,0F,1,18,0.6,20,0,94,1065.4,-25.0263569,-51.6223082,1039.9,000FDDF1,0021800F,000065E3,14000219,00000000,00000000,00000000,00000000,00000000,00000000,00000000,00000000,00000000,00000000,00000000,00000000,0005,FF74,88
2025-10-16 17:25:43,2025-10-16 13:40:37,2025-10-16 13:40:37,4675740293,3448,01,02,83,128,20,28515,0E,0,18,0.6,20,0,94,1065.8,-25.0263603,-51.6223135,1039.9,000FDDF1,0021800E,00006F63,14000219,00000000,00000000,00000000,00000000,00000000,00000000,00000000,00000000,00000000,00000000,00000000,00000000,0005,FF74,88
2025-10-16 17:25:42,2025-10-16 13:40:36,2025-10-16 13:40:36,4675740293,3447,01,02,83,255,45,29792,0E,0,18,0.6,20,0,94,1065.8,-25.0263604,-51.6223135,1039.9,000FDDF1,0021800E,00007460,14000219,00000000,00000000,00000000,00000000,00000000,00000000,00000000,00000000,00000000,00000000,00000000,00000000,0005,FF74,88
2025-10-16 17:25:42,2025-10-16 13:39:31,2025-10-16 13:39:31,4675740293,3446,01,02,83,118,38,30552,2F,1,18,0.6,20,15,59,1060.7,-25.0271775,-51.6235681,1039.7,000FDD50,0021802F,00007758,14000219,00000000,00000000,00000000,00000000,00000000,000DD183,00000000,00000000,00000000,00000000,00000000,00000000,0005,FF74,88
2025-10-16 17:25:42,2025-10-16 13:39:12,2025-10-16 13:39:12,4675740293,3445,01,02,83,118,38,30461,2F,1,20,0.5,20,11,13,1052.6,-25.0276167,-51.6240535,1039.6,000FDD0B,0021802F,000076FD,14000219,00000000,00000000,00000000,00000000,00000000,000DD183,00000000,00000000,00000000,00000000,00000000,00000000,0005,FF74,88
2025-10-16 17:25:42,2025-10-16 13:38:53,2025-10-16 13:38:53,4675740293,3444,01,02,83,118,38,30400,2F,1,21,0.5,20,11,326,1045.3,-25.0282064,-51.6238236,1039.6,000FDCC7,0021802F,000076C0,14000219,00000000,00000000,00000000,00000000,00000000,000DD183,00000000,00000000,00000000,00000000,00000000,00000000,0005,FF74,88
2025-10-16 17:25:42,2025-10-16 13:38:44,2025-10-16 13:38:44,4675740293,3443,01,02,83,118,38,30521,2F,1,20,0.5,20,14,19,1040.6,-25.0285334,-51.6238117,1039.5,000FDCA9,0021802F,00007739,14000219,00000000,00000000,00000000,00000000,00000000,000DD183,00000000,00000000,00000000,00000000,00000000,00000000,0005,FF74,88
2025-10-16 17:25:41,2025-10-16 13:38:28,2025-10-16 13:38:28,4675740293,3442,01,02,83,118,38,30521,2F,1,18,0.6,20,20,65,1038.3,-25.0290135,-51.624438,1039.4,000FDC51,0021802F,00007739,14000219,00000000,00000000,00000000,00000000,00000000,000DD183,00000000,00000000,00000000,00000000,00000000,00000000,0005,FF74,88
2025-10-16 17:25:41,2025-10-16 13:38:14,2025-10-16 13:38:14,4675740293,3441,01,02,83,118,38,30521,2F,1,17,0.6,20,20,18,1042.6,-25.0296601,-51.6249946,1039.3,000FDBEF,0021802F,00007739,14000219,00000000,00000000,00000000,00000000,00000000,000DD183,00000000,00000000,00000000,00000000,00000000,00000000,0005,FF74,88
2025-10-16 17:25:41,2025-10-16 13:36:00,2025-10-16 13:36:00,4675740293,3440,01,02,83,118,38,30491,2F,1,17,0.6,20,16,332,1051.4,-25.0355756,-51.6229087,1038.6,000FD92A,0021802F,0000771B,14000219,00000000,00000000,00000000,00000000,00000000,000DD183,00000000,00000000,00000000,00000000,00000000,00000000,0005,FF74,88
2025-10-16 17:25:40,2025-10-16 13:35:45,2025-10-16 13:35:45,4675740293,3439,01,02,83,118,38,30491,2F,1,19,0.5,20,17,286,1059.3,-25.0359145,-51.6223551,1038.6,000FD8E6,0021802F,0000771B,14000219,00000000,00000000,00000000,00000000,00000000,000DD183,00000000,00000000,00000000,00000000,00000000,00000000,0005,FF74,88
2025-10-16 17:25:40,2025-10-16 13:35:15,2025-10-16 13:35:15,4675740293,3438,01,02,83,118,38,30430,2F,1,20,0.5,20,21,332,1070.9,-25.0367607,-51.6212234,1038.4,000FD84C,0021802F,000076DE,14000219,00000000,00000000,00000000,00000000,00000000,000DD183,00000000,00000000,00000000,00000000,00000000,00000000,0005,FF74,88
2025-10-16 17:25:40,2025-10-16 13:34:33,2025-10-16 13:34:33,4675740293,3437,01,02,83,118,38,30369,2F,1,20,0.5,20,28,18,1075.4,-25.0388493,-51.6225092,1038.1,000FD73A,0021802F,000076A1,14000219,00000000,00000000,00000000,00000000,00000000,000DD183,00000000,00000000,00000000,00000000,00000000,00000000,0005,FF74,88
2025-10-16 17:25:39,2025-10-16 13:32:07,2025-10-16 13:32:07,4675740293,3436,01,02,83,118,38,30491,2F,1,20,0.5,20,18,332,1104.3,-25.0466413,-51.6207774,1037.2,000FD384,0021802F,0000771B,14000219,00000000,00000000,00000000,00000000,00000000,000DD183,00000000,00000000,00000000,00000000,00000000,00000000,0005,FF74,88
2025-10-16 17:25:39,2025-10-16 13:31:17,2025-10-16 13:31:17,4675740293,3435,01,02,83,118,38,30491,2F,1,18,0.6,20,28,19,1088.6,-25.0491376,-51.6205736,1036.9,000FD271,0021802F,0000771B,14000219,00000000,00000000,00000000,00000000,00000000,000DD183,00000000,00000000,00000000,00000000,00000000,00000000,0005,FF74,88
2025-10-16 17:25:39,2025-10-16 13:30:35,2025-10-16 13:30:35,4675740293,3434,01,02,83,118,38,30552,0F,1,17,0.6,20,19,65,1093.8,-25.0508839,-51.6223736,1036.6,000FD161,0021800F,00007758,14000219,00000000,00000000,00000000,00000000,00000000,000DD183,00000000,00000000,00000000,00000000,00000000,00000000,0005,FF74,88
2025-10-16 17:25:38,2025-10-16 13:29:04,2025-10-16 13:29:04,4675740293,3433,01,02,83,118,38,30461,2F,1,17,0.6,20,15,18,1107.6,-25.0554105,-51.6239865,1036.1,000FCF35,0021802F,000076FD,14000219,00000000,00000000,00000000,00000000,00000000,000DD183,00000000,00000000,00000000,00000000,00000000,00000000,0005,FF74,88
2025-10-16 17:25:37,2025-10-16 13:27:19,2025-10-16 13:27:19,4675740293,3432,01,02,83,118,38,30430,2F,1,20,0.5,20,13,331,1136.0,-25.0603335,-51.6228537,1035.5,000FCCF1,0021802F,000076DE,14000219,00000000,00000000,00000000,00000000,00000000,000DD183,00000000,00000000,00000000,00000000,00000000,00000000,0005,FF84,AF
2025-10-16 17:25:37,2025-10-16 13:25:09,2025-10-16 13:25:09,4675740293,3431,01,02,83,118,38,30461,2F,1,19,0.6,20,31,17,1110.7,-25.066246,-51.6245079,1034.8,000FCA13,0021802F,000076FD,14000219,00000000,00000000,00000000,00000000,00000000,000DD183,00000000,00000000,00000000,00000000,00000000,00000000,02D4,0000,00
2025-10-16 17:25:37,2025-10-16 13:24:09,2025-10-16 13:24:09,4675740293,3430,01,02,83,118,38,30521,2F,1,20,0.5,20,14,331,1129.6,-25.0695947,-51.623972,1034.4,000FC88D,0021802F,00007739,14000219,00000000,00000000,00000000,00000000,00000000,000DD183,00000000,00000000,00000000,00000000,00000000,00000000,02D4,0000,00
2025-10-16 17:25:37,2025-10-16 13:21:13,2025-10-16 13:21:13,4675740293,3429,01,02,83,123,30,30491,0F,1,17,0.6,20,0,264,1098.5,-25.0716788,-51.6199749,1033.8,000FC66F,0021800F,0000771B,14000219,00000000,00000000,00000000,00000000,00000000,000DD183,00000000,00000000,00000000,00000000,00000000,00000000,02D4,0000,00
2025-10-16 17:25:37,2025-10-16 13:18:13,2025-10-16 13:18:13,4675740293,3428,01,02,83,123,30,30552,0F,1,19,0.5,20,0,264,1100.8,-25.0716692,-51.6199568,1033.8,000FC66F,0021800F,00007758,14000219,00000000,00000000,00000000,00000000,00000000,000DD183,00000000,00000000,00000000,00000000,00000000,00000000,02D4,0000,00
2025-10-16 17:25:36,2025-10-16 13:15:13,2025-10-16 13:15:13,4675740293,3427,01,02,83,123,30,30521,0F,1,18,0.6,20,0,264,1101.8,-25.0716717,-51.6199695,1033.8,000FC66F,0021800F,00007739,14000219,00000000,00000000,00000000,00000000,00000000,000DD183,00000000,00000000,00000000,00000000,00000000,00000000,02D4,0000,00
2025-10-16 17:25:36,2025-10-16 13:12:13,2025-10-16 13:12:13,4675740293,3426,01,02,83,123,30,30491,0F,1,16,0.6,20,0,264,1102.4,-25.0716921,-51.6199746,1033.8,000FC66F,0021800F,0000771B,14000219,00000000,00000000,00000000,00000000,00000000,000DD183,00000000,00000000,00000000,00000000,00000000,00000000,02D4,0000,00
2025-10-16 17:25:35,2025-10-16 13:09:14,2025-10-16 13:09:14,4675740293,3425,01,02,83,118,38,30552,2F,1,17,0.6,20,14,173,1103.4,-25.0715415,-51.6196698,1033.8,000FC637,0021802F,00007758,14000219,00000000,00000000,00000000,00000000,00000000,000DD183,00000000,00000000,00000000,00000000,00000000,00000000,02D4,0000,00
2025-10-16 17:25:35,2025-10-16 13:07:31,2025-10-16 13:07:31,4675740293,3424,01,02,83,118,38,30521,2F,1,19,0.6,20,18,126,1126.6,-25.0693983,-51.6241633,1033.2,000FC420,0021802F,00007739,14000219,00000000,00000000,00000000,00000000,00000000,000DD183,00000000,00000000,00000000,00000000,00000000,00000000,02D4,0000,00
2025-10-16 17:25:35,2025-10-16 13:06:49,2025-10-16 13:06:49,4675740293,3423,01,02,83,118,38,28181,2F,1,19,0.6,20,30,172,1111.4,-25.06729,-51.6246624,1033.0,000FC32D,0021802F,00006E15,14000219,00000000,00000000,00000000,00000000,00000000,000DD183,00000000,00000000,00000000,00000000,00000000,00000000,02D4,0000,00
2025-10-16 17:25:34,2025-10-16 13:05:55,2025-10-16 13:05:55,4675740293,3422,01,02,83,118,38,28272,2F,1,19,0.6,20,20,218,1126.3,-25.0646018,-51.6229772,1032.6,000FC1C2,0021802F,00006E70,14000219,00000000,00000000,00000000,00000000,00000000,000DD183,00000000,00000000,00000000,00000000,00000000,00000000,02D4,0000,00
2025-10-16 17:25:33,2025-10-16 13:03:10,2025-10-16 13:03:10,4675740293,3421,01,02,83,118,38,28181,2F,1,18,0.6,20,14,172,1110.4,-25.055557,-51.6240025,1031.6,000FBDA7,0021802F,00006E15,14000219,00000000,00000000,00000000,00000000,00000000,000DD183,00000000,00000000,00000000,00000000,00000000,00000000,0000,0000,00
2025-10-16 17:25:33,2025-10-16 13:03:02,2025-10-16 13:03:02,4675740293,3420,01,02,83,118,38,28363,2F,1,18,0.6,20,14,218,1109.7,-25.0552393,-51.6238944,1031.6,000FBD85,0021802F,00006ECB,14000219,00000000,00000000,00000000,00000000,00000000,000DD183,00000000,00000000,00000000,00000000,00000000,00000000,0000,0000,00
2025-10-16 17:25:32,2025-10-16 13:02:12,2025-10-16 13:02:12,4675740293,3419,01,02,83,118,38,28272,2F,1,18,0.6,20,23,172,1098.9,-25.0523921,-51.6233278,1031.2,000FBC37,0021802F,00006E70,14000219,00000000,00000000,00000000,00000000,00000000,000DD183,00000000,00000000,00000000,00000000,00000000,00000000,0000,0000,00
2025-10-16 17:25:31,2025-10-16 13:01:10,2025-10-16 13:01:10,4675740293,3418,01,02,83,118,38,28302,2F,1,16,0.6,20,31,218,1093.0,-25.0492744,-51.6206676,1030.8,000FBA75,0021802F,00006E8E,14000219,00000000,00000000,00000000,00000000,00000000,000DD183,00000000,00000000,00000000,00000000,00000000,00000000,0000,0000,00
2025-10-16 17:25:31,2025-10-16 13:00:33,2025-10-16 13:00:33,4675740293,3417,01,02,83,118,38,28241,2F,1,18,0.6,20,28,172,1106.4,-25.0469594,-51.6206692,1030.5,000FB96D,0021802F,00006E51,14000219,00000000,00000000,00000000,00000000,00000000,000DD183,00000000,00000000,00000000,00000000,00000000,00000000,0000,0000,00
2025-10-16 17:25:30,2025-10-16 13:00:07,2025-10-16 13:00:07,4675740293,3416,01,02,83,118,38,28302,2F,1,18,0.6,20,22,125,1099.2,-25.0457915,-51.6217321,1030.3,000FB8C3,0021802F,00006E8E,14000219,00000000,00000000,00000000,00000000,00000000,000DD183,00000000,00000000,00000000,00000000,00000000,00000000,0000,0000,00
2025-10-16 17:25:30,2025-10-16 12:58:48,2025-10-16 12:58:48,4675740293,3415,01,02,83,118,38,28272,2F,1,18,0.6,20,23,171,1080.9,-25.0413481,-51.6229734,1029.8,000FB6A9,0021802F,00006E70,14000219,00000000,00000000,00000000,00000000,00000000,000DD183,00000000,00000000,00000000,00000000,00000000,00000000,0000,0000,00
2025-10-16 17:25:30,2025-10-16 12:57:31,2025-10-16 12:57:31,4675740293,3414,01,02,83,118,38,28272,2F,1,18,0.6,20,20,218,1071.1,-25.0371751,-51.6212882,1029.3,000FB4AD,0021802F,00006E70,14000219,00000000,00000000,00000000,00000000,00000000,000DD183,00000000,00000000,00000000,00000000,00000000,00000000,0000,0000,00
2025-10-16 17:25:29,2025-10-16 12:57:25,2025-10-16 12:57:25,4675740293,3413,01,02,83,118,38,28272,2F,1,18,0.6,20,20,170,1069.3,-25.036896,-51.6211804,1029.3,000FB48C,0021802F,00006E70,14000219,00000000,00000000,00000000,00000000,00000000,000DD183,00000000,00000000,00000000,00000000,00000000,00000000,0000,0000,00
2025-10-16 17:25:29,2025-10-16 12:54:44,2025-10-16 12:22:08,4675740293,3412,01,02,83,255,44,28150,0F,1,18,0.6,24,0,0,1046.2,-25.0355848,-51.6230227,1029.0,000FB3A0,0021800F,00006DF6,14000219,00000000,00000000,00000000,00000000,00000000,000DD183,00000000,00000000,00000000,00000000,00000000,00000000,0000,0000,00
2025-10-16 17:25:29,2025-10-16 12:54:38,2025-10-16 12:22:08,4675740293,3411,01,02,83,112,21,25445,0F,1,18,0.6,24,0,0,1046.2,-25.0355848,-51.6230227,1029.0,000FB3A0,0021800F,00006365,14000219,00000000,00000000,00000000,00000000,00000000,00000000,00000000,00000000,00000000,00000000,00000000,00000000,0000,0000,00
2025-10-16 17:25:28,2025-10-16 12:21:45,2025-10-16 12:21:45,4675740293,3410,01,02,83,75,27,25901,0E,0,17,0.6,20,0,0,1046.9,-25.0355851,-51.6230224,1029.0,000FB3A0,0021800E,0000652D,14000219,00000000,00000000,00000000,00000000,00000000,00000000,00000000,00000000,00000000,00000000,00000000,00000000,0000,0000,00
2025-10-16 17:25:28,2025-10-16 11:21:40,2025-10-16 11:21:40,4675740293,3409,01,02,83,75,27,26752,0E,0,17,0.6,20,0,142,1045.4,-25.0355876,-51.6230262,1029.0,000FB3A0,0021800E,00006880,14000219,00000000,00000000,00000000,00000000,00000000,00000000,00000000,00000000,00000000,00000000,00000000,00000000,0000,0000,00
2025-10-16 17:25:28,2025-10-16 11:16:40,2025-10-16 11:16:40,4675740293,3408,01,02,83,128,20,28910,0E,0,17,0.6,20,0,142,1043.9,-25.0355926,-51.6230151,1029.0,000FB3A0,0021800E,000070EE,14000219,00000000,00000000,00000000,00000000,00000000,00000000,00000000,00000000,00000000,00000000,00000000,00000000,0000,0000,00
2025-10-16 17:25:28,2025-10-16 11:16:39,2025-10-16 11:16:39,4675740293,3407,01,02,83,255,45,29792,0E,0,16,0.7,20,0,142,1043.9,-25.0355926,-51.6230151,1029.0,000FB3A0,0021800E,00007460,14000219,00000000,00000000,00000000,00000000,00000000,00000000,00000000,00000000,00000000,00000000,00000000,00000000,0000,0000,00
2025-10-16 17:25:27,2025-10-16 11:16:06,2025-10-16 11:16:06,4675740293,3406,01,02,83,123,30,30430,0F,1,17,0.6,20,0,142,1043.8,-25.0355927,-51.6230146,1029.0,000FB3A0,0021800F,000076DE,14000219,00000000,00000000,00000000,00000000,00000000,000DD183,00000000,00000000,00000000,00000000,00000000,00000000,0000,0000,00
2025-10-16 17:25:27,2025-10-16 11:13:06,2025-10-16 11:13:06,4675740293,3405,01,02,83,123,30,30461,0F,1,14,0.8,20,0,169,1033.6,-25.0339163,-51.6235354,1028.8,000FB2DB,0021800F,000076FD,14000219,00000000,00000000,00000000,00000000,00000000,000DD183,00000000,00000000,00000000,00000000,00000000,00000000,0000,0000,00
2025-10-16 17:25:27,2025-10-16 11:10:06,2025-10-16 11:10:06,4675740293,3404,01,02,83,123,30,30521,0F,1,15,0.7,20,0,169,1031.9,-25.0338974,-51.6235507,1028.8,000FB2DB,0021800F,00007739,14000219,00000000,00000000,00000000,00000000,00000000,000DD183,00000000,00000000,00000000,00000000,00000000,00000000,0000,0000,00
2025-10-16 17:25:27,2025-10-16 11:07:07,2025-10-16 11:07:07,4675740293,3403,01,02,83,118,38,30552,2F,1,17,0.6,20,16,167,1034.7,-25.0299698,-51.625024,1028.3,000FB0F4,0021802F,00007758,14000219,00000000,00000000,00000000,00000000,00000000,000DD183,00000000,00000000,00000000,00000000,00000000,00000000,0000,0000,00
2025-10-16 17:25:26,2025-10-16 11:06:24,2025-10-16 11:06:24,4675740293,3402,01,02,83,118,38,30461,2F,1,16,0.8,20,20,213,1041.3,-25.0286372,-51.6238956,1028.1,000FB029,0021802F,000076FD,14000219,00000000,00000000,00000000,00000000,00000000,000DD183,00000000,00000000,00000000,00000000,00000000,00000000,0000,0000,00
2025-10-16 17:25:26,2025-10-16 11:06:17,2025-10-16 11:06:17,4675740293,3401,01,02,83,118,38,30521,2F,1,17,0.7,20,19,167,1044.8,-25.0282933,-51.6237851,1028.1,000FB000,0021802F,00007739,14000219,00000000,00000000,00000000,00000000,00000000,000DD183,00000000,00000000,00000000,00000000,00000000,00000000,0000,0000,00
2025-10-16 17:25:26,2025-10-16 11:06:11,2025-10-16 11:06:11,4675740293,3400,01,02,83,118,38,30491,2F,1,18,0.6,20,16,117,1046.5,-25.0280364,-51.6239448,1028.1,000FAFE2,0021802F,0000771B,14000219,00000000,00000000,00000000,00000000,00000000,000DD183,00000000,00000000,00000000,00000000,00000000,00000000,0000,0000,00
2025-10-16 17:25:26,2025-10-16 11:06:06,2025-10-16 11:06:06,4675740293,3399,01,02,83,118,38,30491,2F,1,17,0.6,20,17,168,1047.2,-25.0278189,-51.6240794,1028.0,000FAFC6,0021802F,0000771B,14000219,00000000,00000000,00000000,00000000,00000000,000DD183,00000000,00000000,00000000,00000000,00000000,00000000,0000,0000,00
2025-10-16 17:25:26,2025-10-16 11:04:37,2025-10-16 11:04:37,4675740293,3398,01,02,83,118,38,30491,2F,1,18,0.6,20,20,216,1071.9,-25.0248472,-51.620545,1027.5,000FADD5,0021802F,0000771B,14000219,00000000,00000000,00000000,00000000,00000000,000DD183,00000000,00000000,00000000,00000000,00000000,00000000,0000,0000,00
2025-10-16 17:25:26,2025-10-16 11:03:03,2025-10-16 11:03:03,4675740293,3397,01,02,83,123,30,30461,2F,1,18,0.6,20,24,170,1081.8,-25.0199669,-51.6207505,1027.0,000FABA5,0021802F,000076FD,14000219,00000000,00000000,00000000,00000000,00000000,000DD183,00000000,00000000,00000000,00000000,00000000,00000000,0000,0000,00
2025-10-16 17:25:25,2025-10-16 11:00:03,2025-10-16 11:00:03,4675740293,3396,01,02,83,118,38,30430,2F,1,18,0.6,20,16,192,1063.8,-25.010528,-51.6199383,1025.9,000FA791,0021802F,000076DE,14000219,00000000,00000000,00000000,00000000,00000000,000DD183,00000000,00000000,00000000,00000000,00000000,00000000,0000,0000,00
2025-10-16 17:25:25,2025-10-16 10:59:58,2025-10-16 10:59:58,4675740293,3395,01,02,83,118,38,30552,2F,1,16,0.7,20,16,124,1060.6,-25.0103091,-51.6199844,1025.9,000FA778,0021802F,00007758,14000219,00000000,00000000,00000000,00000000,00000000,000DD183,00000000,00000000,00000000,00000000,00000000,00000000,0000,0000,00
2025-10-16 17:25:25,2025-10-16 10:59:10,2025-10-16 10:59:10,4675740293,3394,01,02,83,118,38,30430,2F,1,17,0.7,20,24,74,1052.6,-25.010464,-51.6229592,1025.6,000FA647,0021802F,000076DE,14000219,00000000,00000000,00000000,00000000,00000000,000DD183,00000000,00000000,00000000,00000000,00000000,00000000,0000,0000,00
2025-10-16 17:25:25,2025-10-16 10:58:55,2025-10-16 10:58:55,4675740293,3393,01,02,83,118,38,30491,2F,1,17,0.7,20,29,120,1055.8,-25.0102212,-51.6239849,1025.5,000FA5D7,0021802F,0000771B,14000219,00000000,00000000,00000000,00000000,00000000,000DD183,00000000,00000000,00000000,00000000,00000000,00000000,0000,0000,00
2025-10-16 17:25:25,2025-10-16 10:56:07,2025-10-16 10:56:07,4675740293,3392,01,02,83,123,30,30521,2F,1,16,0.7,20,20,74,1029.4,-25.0105895,-51.6345119,1024.4,000FA19D,0021802F,00007739,14000219,00000000,00000000,00000000,00000000,00000000,000DD183,00000000,00000000,00000000,00000000,00000000,00000000,0000,0000,00
2025-10-16 17:25:24,2025-10-16 10:53:08,2025-10-16 10:53:08,4675740293,3391,01,02,83,118,38,30521,2F,1,16,0.7,20,31,59,1013.6,-25.0154251,-51.6434482,1023.3,000F9D41,0021802F,00007739,14000219,00000000,00000000,00000000,00000000,00000000,000DD183,00000000,00000000,00000000,00000000,00000000,00000000,0000,0000,00
2025-10-16 17:25:24,2025-10-16 10:52:24,2025-10-16 10:52:24,4675740293,3390,01,02,83,118,38,30461,2F,1,16,0.7,20,13,105,1034.6,-25.0153549,-51.6458458,1023.0,000F9C39,0021802F,000076FD,14000219,00000000,00000000,00000000,00000000,00000000,000DD183,00000000,00000000,00000000,00000000,00000000,00000000,0000,0000,00
2025-10-16 17:25:24,2025-10-16 10:51:33,2025-10-16 10:51:33,4675740293,3389,01,02,83,118,38,30582,2F,1,16,0.7,20,11,169,1047.8,-25.0130133,-51.6461972,1022.8,000F9B30,0021802F,00007776,14000219,00000000,00000000,00000000,00000000,00000000,000DD183,00000000,00000000,00000000,00000000,00000000,00000000,0000,0000,00
2025-10-16 17:25:24,2025-10-16 10:48:43,2025-10-16 10:48:43,4675740293,3388,01,02,83,123,30,30461,0F,1,15,0.7,20,0,213,1044.0,-25.0130945,-51.6465327,1022.7,000F9B07,0021800F,000076FD,14000219,00000000,00000000,00000000,00000000,00000000,000DD183,00000000,00000000,00000000,00000000,00000000,00000000,0000,0000,00
2025-10-16 17:25:24,2025-10-16 10:45:43,2025-10-16 10:45:43,4675740293,3387,01,02,83,123,30,30491,0F,1,15,0.7,20,2,215,1041.6,-25.0130207,-51.6464654,1022.7,000F9B00,0021800F,0000771B,14000219,00000000,00000000,00000000,00000000,00000000,000DD183,00000000,00000000,00000000,00000000,00000000,00000000,0000,0000,00
2025-10-16 17:25:23,2025-10-16 10:43:03,2025-10-16 10:43:03,4675740293,3386,01,02,83,255,44,30552,0F,1,16,0.7,20,0,264,1045.0,-25.0112204,-51.6494801,1022.3,000F9974,0021800F,00007758,14000219,00000000,00000000,00000000,00000000,00000000,000DD183,00000000,00000000,00000000,00000000,00000000,00000000,0000,0000,00
2025-10-16 17:25:23,2025-10-16 10:42:43,2025-10-16 10:42:43,4675740293,3385,01,02,83,112,21,22769,0F,1,16,0.7,20,0,264,1047.0,-25.0112211,-51.649478,1022.3,000F9974,0021800F,000058F1,14000219,00000000,00000000,00000000,00000000,00000000,00000000,00000000,00000000,00000000,00000000,00000000,00000000,0000,0000,00
2025-10-16 17:25:23,2025-10-16 10:39:15,2025-10-16 10:39:15,4675740293,3384,01,02,83,75,27,26691,0E,0,16,0.7,20,0,264,1040.0,-25.0112223,-51.6494461,1022.3,000F9974,0021800E,00006843,14000219,00000000,00000000,00000000,00000000,00000000,00000000,00000000,00000000,00000000,00000000,00000000,00000000,0005,FF74,88
2025-10-16 17:25:23,2025-10-16 10:34:15,2025-10-16 10:34:15,4675740293,3383,01,02,83,128,20,29062,0E,0,16,0.7,20,0,264,1040.4,-25.0112173,-51.6494484,1022.3,000F9974,0021800E,00007186,14000219,00000000,00000000,00000000,00000000,00000000,00000000,00000000,00000000,00000000,00000000,00000000,00000000,0005,FF74,88
2025-10-16 17:25:23,2025-10-16 10:34:14,2025-10-16 10:34:14,4675740293,3382,01,02,83,255,45,29944,0E,0,16,0.7,20,0,264,1040.4,-25.0112174,-51.6494484,1022.3,000F9974,0021800E,000074F8,14000219,00000000,00000000,00000000,00000000,00000000,00000000,00000000,00000000,00000000,00000000,00000000,00000000,0005,FF74,88
2025-10-16 17:25:22,2025-10-16 10:33:01,2025-10-16 10:33:01,4675740293,3381,01,02,83,118,38,30491,2F,1,15,0.7,20,11,253,1041.4,-25.0110974,-51.6492062,1022.3,000F995B,0021802F,0000771B,14000219,00000000,00000000,00000000,00000000,00000000,000DD183,00000000,00000000,00000000,00000000,00000000,00000000,0005,FF74,88
2025-10-16 17:25:22,2025-10-16 10:31:52,2025-10-16 10:31:52,4675740293,3380,01,02,83,118,38,30491,2F,1,15,0.7,20,16,300,1038.8,-25.0129625,-51.6466532,1022.0,000F980C,0021802F,0000771B,14000219,00000000,00000000,00000000,00000000,00000000,000DD183,00000000,00000000,00000000,00000000,00000000,00000000,0005,FF74,88
2025-10-16 17:25:22,2025-10-16 10:31:46,2025-10-16 10:31:46,4675740293,3379,01,02,83,118,38,30552,2F,1,15,0.7,20,15,226,1039.1,-25.0130145,-51.646435,1021.9,000F97F3,0021802F,00007758,14000219,00000000,00000000,00000000,00000000,00000000,000DD183,00000000,00000000,00000000,00000000,00000000,00000000,0005,FF74,88
2025-10-16 17:25:22,2025-10-16 10:31:04,2025-10-16 10:31:04,4675740293,3378,01,02,83,118,38,30521,2F,1,15,0.7,20,13,12,1036.8,-25.0145194,-51.6459748,1021.7,000F972F,0021802F,00007739,14000219,00000000,00000000,00000000,00000000,00000000,000DD183,00000000,00000000,00000000,00000000,00000000,00000000,0005,FF74,88
2025-10-16 17:25:22,2025-10-16 10:30:39,2025-10-16 10:30:39,4675740293,3377,01,02,83,118,38,30521,2F,1,15,0.7,20,14,326,1035.2,-25.0152962,-51.6459381,1021.7,000F96DA,0021802F,00007739,14000219,00000000,00000000,00000000,00000000,00000000,000DD183,00000000,00000000,00000000,00000000,00000000,00000000,0005,FF74,88
2025-10-16 17:25:21,2025-10-16 10:30:33,2025-10-16 10:30:33,4675740293,3376,01,02,83,118,38,30491,2F,1,15,0.7,20,20,272,1034.2,-25.0153722,-51.6457111,1021.6,000F96BE,0021802F,0000771B,14000219,00000000,00000000,00000000,00000000,00000000,000DD183,00000000,00000000,00000000,00000000,00000000,00000000,0005,FF74,88
2025-10-16 17:25:21,2025-10-16 10:30:11,2025-10-16 10:30:11,4675740293,3375,01,02,83,118,38,30521,2F,1,15,0.7,20,14,318,1029.7,-25.0157101,-51.6446329,1021.5,000F9649,0021802F,00007739,14000219,00000000,00000000,00000000,00000000,00000000,000DD183,00000000,00000000,00000000,00000000,00000000,00000000,0005,FF74,88
2025-10-16 17:25:21,2025-10-16 10:29:35,2025-10-16 10:29:35,4675740293,3374,01,02,83,123,30,30491,2F,1,15,0.7,20,30,271,1018.5,-25.0150991,-51.6425511,1021.3,000F9566,0021802F,0000771B,14000219,00000000,00000000,00000000,00000000,00000000,000DD183,00000000,00000000,00000000,00000000,00000000,00000000,0005,FF74,88
2025-10-16 17:25:21,2025-10-16 10:26:35,2025-10-16 10:26:35,4675740293,3373,01,02,83,118,38,30491,2F,1,15,0.7,20,29,239,1032.6,-25.0098624,-51.6307069,1019.9,000F8FD8,0021802F,0000771B,14000219,00000000,00000000,00000000,00000000,00000000,000DD183,00000000,00000000,00000000,00000000,00000000,00000000,0005,FF74,88
2025-10-16 17:25:21,2025-10-16 10:25:07,2025-10-16 10:25:07,4675740293,3372,01,02,83,118,38,30521,2F,1,15,0.7,20,33,285,1059.3,-25.0104026,-51.623542,1019.1,000F8CFB,0021802F,00007739,14000219,00000000,00000000,00000000,00000000,00000000,000DD183,00000000,00000000,00000000,00000000,00000000,00000000,0005,FF74,88
2025-10-16 17:25:21,2025-10-16 10:23:49,2025-10-16 10:23:49,4675740293,3371,01,02,83,118,38,30461,2F,1,15,0.7,20,29,239,1058.6,-25.0099015,-51.6167337,1018.4,000F8A44,0021802F,000076FD,14000219,00000000,00000000,00000000,00000000,00000000,000DD183,00000000,00000000,00000000,00000000,00000000,00000000,0005,FF74,88
2025-10-16 17:25:20,2025-10-16 10:22:47,2025-10-16 10:22:47,4675740293,3370,01,02,83,118,38,30582,2F,1,15,0.7,20,21,193,1028.5,-25.005774,-51.6162664,1017.9,000F885A,0021802F,00007776,14000219,00000000,00000000,00000000,00000000,00000000,000DD183,00000000,00000000,00000000,00000000,00000000,00000000,0005,FF74,88
2025-10-16 17:25:20,2025-10-16 10:22:16,2025-10-16 10:22:16,4675740293,3369,01,02,83,118,38,30491,2F,1,14,0.8,20,37,239,1021.7,-25.0044795,-51.6142124,1017.7,000F874B,0021802F,0000771B,14000219,00000000,00000000,00000000,00000000,00000000,000DD183,00000000,00000000,00000000,00000000,00000000,00000000,0005,FF74,88
2025-10-16 17:25:20,2025-10-16 10:21:05,2025-10-16 10:21:05,4675740293,3368,01,02,83,118,38,30521,2F,1,15,0.7,20,32,193,1033.5,-24.9998937,-51.6109781,1017.1,000F84DB,0021802F,00007739,14000219,00000000,00000000,00000000,00000000,00000000,000DD183,00000000,00000000,00000000,00000000,00000000,00000000,0005,FF74,88
2025-10-16 17:25:20,2025-10-16 10:20:48,2025-10-16 10:20:48,4675740293,3367,01,02,83,118,38,30521,2F,1,15,0.7,20,33,147,1032.5,-24.9986346,-51.6116666,1016.9,000F843B,0021802F,00007739,14000219,00000000,00000000,00000000,00000000,00000000,000DD183,00000000,00000000,00000000,00000000,00000000,00000000,0005,FF74,88
2025-10-16 17:25:20,2025-10-16 10:19:42,2025-10-16 10:19:42,4675740293,3366,01,02,83,118,38,30521,2F,1,15,0.7,20,28,194,1031.6,-24.993579,-51.6106953,1016.3,000F81EB,0021802F,00007739,14000219,00000000,00000000,00000000,00000000,00000000,000DD183,00000000,00000000,00000000,00000000,00000000,00000000,0005,FF74,88
2025-10-16 17:25:20,2025-10-16 10:18:22,2025-10-16 10:18:22,4675740293,3365,01,02,83,123,30,30552,2F,1,16,0.7,20,20,240,1015.1,-24.9910285,-51.6056305,1015.7,000F7F97,0021802F,00007758,14000219,00000000,00000000,00000000,00000000,00000000,000DD183,00000000,00000000,00000000,00000000,00000000,00000000,0005,FF74,88
2025-10-16 17:25:20,2025-10-16 10:15:23,2025-10-16 10:15:23,4675740293,3364,01,02,83,118,38,30521,2F,1,16,0.7,20,30,252,988.2,-24.98712,-51.592474,1014.3,000F79F9,0021802F,00007739,14000219,00000000,00000000,00000000,00000000,00000000,000DD183,00000000,00000000,00000000,00000000,00000000,00000000,0005,FF74,88
2025-10-16 17:25:19,2025-10-16 10:15:06,2025-10-16 10:15:06,4675740293,3363,01,02,83,118,38,30430,2F,1,16,0.7,20,29,298,986.4,-24.9872462,-51.5911932,1014.1,000F7970,0021802F,000076DE,14000219,00000000,00000000,00000000,00000000,00000000,000DD183,00000000,00000000,00000000,00000000,00000000,00000000,0005,FF74,88
2025-10-16 17:25:19,2025-10-16 10:14:13,2025-10-16 10:14:13,4675740293,3362,01,02,83,118,38,30491,2F,1,15,0.7,20,27,344,991.5,-24.9905659,-51.5878603,1013.6,000F777C,0021802F,0000771B,14000219,00000000,00000000,00000000,00000000,00000000,000DD183,00000000,00000000,00000000,00000000,00000000,00000000,0005,FF74,88
2025-10-16 17:25:19,2025-10-16 10:13:30,2025-10-16 10:13:30,4675740293,3361,01,02,83,123,30,30521,2F,1,16,0.7,20,20,298,1022.9,-24.9919707,-51.5851516,1013.3,000F763D,0021802F,00007739,14000219,00000000,00000000,00000000,00000000,00000000,000DD183,00000000,00000000,00000000,00000000,00000000,00000000,0005,FF74,88
2025-10-16 17:25:19,2025-10-16 10:10:30,2025-10-16 10:10:30,4675740293,3360,01,02,83,123,30,30491,0F,1,14,0.8,20,0,268,1043.9,-24.993068,-51.5822308,1013.0,000F7501,0021800F,0000771B,14000219,00000000,00000000,00000000,00000000,00000000,000DD183,00000000,00000000,00000000,00000000,00000000,00000000,0005,FF74,88
2025-10-16 17:25:18,2025-10-16 10:07:30,2025-10-16 10:07:30,4675740293,3359,01,02,83,118,38,30521,2F,1,15,0.7,20,32,295,1056.3,-24.9949427,-51.5748601,1012.1,000F71AB,0021802F,00007739,14000219,00000000,00000000,00000000,00000000,00000000,000DD183,00000000,00000000,00000000,00000000,00000000,00000000,0005,FF74,88
2025-10-16 17:25:18,2025-10-16 10:06:10,2025-10-16 10:06:10,4675740293,3358,01,02,83,118,38,30461,2F,1,15,0.7,20,37,249,1032.6,-24.9918898,-51.5686074,1011.4,000F6ECB,0021802F,000076FD,14000219,00000000,00000000,00000000,00000000,00000000,000DD183,00000000,00000000,00000000,00000000,00000000,00000000,0005,FF74,88
2025-10-16 17:25:18,2025-10-16 10:04:16,2025-10-16 10:04:16,4675740293,3357,01,02,83,118,38,30521,2F,1,16,0.7,20,20,295,1019.9,-24.9921736,-51.5600073,1010.5,000F6B5E,0021802F,00007739,14000219,00000000,00000000,00000000,00000000,00000000,000DD183,00000000,00000000,00000000,00000000,00000000,00000000,0005,FF74,88
2025-10-16 17:25:18,2025-10-16 10:03:28,2025-10-16 10:03:28,4675740293,3356,01,02,83,118,38,30491,2F,1,15,0.7,20,21,249,990.1,-24.9921075,-51.5576339,1010.3,000F6A61,0021802F,0000771B,14000219,00000000,00000000,00000000,00000000,00000000,000DD183,00000000,00000000,00000000,00000000,00000000,00000000,0005,FF74,88
2025-10-16 17:25:18,2025-10-16 10:03:09,2025-10-16 10:03:09,4675740293,3355,01,02,83,118,38,30430,2F,1,14,0.8,20,27,296,977.4,-24.9924666,-51.5567318,1010.2,000F69F6,0021802F,000076DE,14000219,00000000,00000000,00000000,00000000,00000000,000DD183,00000000,00000000,00000000,00000000,00000000,00000000,0005,FF74,88
2025-10-16 17:25:17,2025-10-16 10:02:44,2025-10-16 10:02:44,4675740293,3354,01,02,83,118,38,30491,2F,1,14,0.8,20,30,250,972.9,-24.9925523,-51.554972,1010.0,000F6937,0021802F,0000771B,14000219,00000000,00000000,00000000,00000000,00000000,000DD183,00000000,00000000,00000000,00000000,00000000,00000000,0005,FF74,88
2025-10-16 17:25:17,2025-10-16 10:02:37,2025-10-16 10:02:37,4675740293,3353,01,02,83,118,38,30521,2F,1,16,0.7,20,27,296,975.9,-24.9925191,-51.5544155,1009.9,000F6900,0021802F,00007739,14000219,00000000,00000000,00000000,00000000,00000000,000DD183,00000000,00000000,00000000,00000000,00000000,00000000,0005,FF74,88
2025-10-16 17:25:17,2025-10-16 10:02:03,2025-10-16 10:02:03,4675740293,3352,01,02,83,118,38,30491,2F,1,16,0.7,20,23,342,992.5,-24.9946955,-51.5533872,1009.6,000F67F2,0021802F,0000771B,14000219,00000000,00000000,00000000,00000000,00000000,000DD183,00000000,00000000,00000000,00000000,00000000,00000000,0005,FF74,88
2025-10-16 17:25:17,2025-10-16 10:01:49,2025-10-16 10:01:49,4675740293,3351,01,02,83,118,38,30521,2F,1,16,0.7,20,20,296,995.1,-24.995292,-51.5528905,1009.6,000F679F,0021802F,00007739,14000219,00000000,00000000,00000000,00000000,00000000,000DD183,00000000,00000000,00000000,00000000,00000000,00000000,0005,FF74,88
2025-10-16 13:28:05,2025-10-16 10:01:25,2025-10-16 10:01:25,4675740293,3350,01,02,83,118,38,30461,2F,1,16,0.7,20,30,250,980.8,-24.9955165,-51.5511405,1009.4,000F66F0,0021802F,000076FD,14000219,00000000,00000000,00000000,00000000,00000000,000DD183,00000000,00000000,00000000,00000000,00000000,00000000,0005,FF74,88
2025-10-16 13:28:05,2025-10-16 10:00:24,2025-10-16 10:00:24,4675740293,3349,01,02,83,118,38,30521,2F,1,15,0.7,20,19,204,1019.1,-24.9913957,-51.5493034,1008.9,000F64FC,0021802F,00007739,14000219,00000000,00000000,00000000,00000000,00000000,000DD183,00000000,00000000,00000000,00000000,00000000,00000000,0005,FF74,88
2025-10-16 13:28:05,2025-10-16 10:00:19,2025-10-16 10:00:19,4675740293,3348,01,02,83,118,38,30491,2F,1,15,0.7,20,17,289,1019.9,-24.9912789,-51.5490905,1008.9,000F64E2,0021802F,0000771B,14000219,00000000,00000000,00000000,00000000,00000000,000DD183,00000000,00000000,00000000,00000000,00000000,00000000,0005,FF74,88
2025-10-16 13:28:04,2025-10-16 09:59:23,2025-10-16 09:59:23,4675740293,3347,01,02,83,118,38,30491,0F,1,16,0.7,20,63,336,1033.1,-24.9960703,-51.5450484,1008.2,000F6241,0021800F,0000771B,14000219,00000000,00000000,00000000,00000000,00000000,000DD183,00000000,00000000,00000000,00000000,00000000,00000000,0005,FF74,88
2025-10-16 09:56:26,2025-10-16 09:56:25,2025-10-16 09:56:25,4675740293,3346,01,02,83,118,38,30521,2F,1,16,0.7,00,12,22,1058.4,-25.018714,-51.5451968,1005.7,000F5856,0021802F,00007739,14000219,00000000,00000000,00000000,00000000,00000000,000DD183,00000000,00000000,00000000,00000000,00000000,00000000,0005,FF80,AF
2025-10-16 09:53:32,2025-10-16 09:53:32,2025-10-16 09:53:32,4675740293,3345,01,02,83,123,30,30582,0F,1,17,0.6,00,0,221,1078.2,-25.0178135,-51.5469227,1005.4,000F5753,0021800F,00007776,14000219,00000000,00000000,00000000,00000000,00000000,000DD183,00000000,00000000,00000000,00000000,00000000,00000000,0005,FF8B,AF
2025-10-16 09:50:37,2025-10-16 09:50:32,2025-10-16 09:50:32,4675740293,3344,01,02,83,123,30,30552,0F,1,16,0.6,00,0,221,1078.4,-25.0178153,-51.5469248,1005.4,000F5753,0021800F,00007758,14000219,00000000,00000000,00000000,00000000,00000000,000DD183,00000000,00000000,00000000,00000000,00000000,00000000,0005,FF8B,AF
2025-10-16 09:47:35,2025-10-16 09:47:32,2025-10-16 09:47:32,4675740293,3343,01,02,83,123,30,30461,0F,1,17,0.6,00,0,221,1078.5,-25.0178171,-51.5469256,1005.4,000F5753,0021800F,000076FD,14000219,00000000,00000000,00000000,00000000,00000000,000DD183,00000000,00000000,00000000,00000000,00000000,00000000,0005,FF82,AF
2025-10-16 09:44:33,2025-10-16 09:44:33,2025-10-16 09:44:33,4675740293,3342,01,02,83,118,38,30521,2F,1,16,0.7,00,11,319,1075.6,-25.0180405,-51.5467984,1005.4,000F5728,0021802F,00007739,14000219,00000000,00000000,00000000,00000000,00000000,000DD183,00000000,00000000,00000000,00000000,00000000,00000000,0005,FF8C,AF
2025-10-16 09:44:22,2025-10-16 09:44:22,2025-10-16 09:44:22,4675740293,3341,01,02,83,118,38,30521,2F,1,16,0.7,00,14,17,1074.1,-25.0183686,-51.5467679,1005.3,000F5702,0021802F,00007739,14000219,00000000,00000000,00000000,00000000,00000000,000DD183,00000000,00000000,00000000,00000000,00000000,00000000,0005,FF8B,AF
2025-10-16 09:44:16,2025-10-16 09:44:16,2025-10-16 09:44:16,4675740293,3340,01,02,83,118,38,30552,2F,1,16,0.7,00,13,63,1073.6,-25.0185219,-51.5468698,1005.3,000F56ED,0021802F,00007758,14000219,00000000,00000000,00000000,00000000,00000000,000DD183,00000000,00000000,00000000,00000000,00000000,00000000,0005,FF8B,AF
2025-10-16 09:44:10,2025-10-16 09:44:10,2025-10-16 09:44:10,4675740293,3339,01,02,83,118,38,30521,0F,1,16,0.7,00,14,114,1075.5,-25.0185236,-51.5470795,1005.3,000F56D8,0021800F,00007739,14000219,00000000,00000000,00000000,00000000,00000000,000DD183,00000000,00000000,00000000,00000000,00000000,00000000,0005,FF84,AF
2025-10-16 09:44:04,2025-10-16 09:44:04,2025-10-16 09:44:04,4675740293,3338,01,02,83,118,38,30552,2F,1,16,0.7,00,11,55,1075.2,-25.0184747,-51.5472816,1005.2,000F56C1,0021802F,00007758,14000219,00000000,00000000,00000000,00000000,00000000,000DD183,00000000,00000000,00000000,00000000,00000000,00000000,0005,FF84,AF
2025-10-16 09:43:18,2025-10-16 09:42:43,2025-10-16 09:42:43,4675740293,3337,01,02,83,118,38,30521,2F,1,14,0.8,00,21,4,1076.3,-25.0233731,-51.5480444,1004.7,000F5499,0021802F,00007739,14000219,00000000,00000000,00000000,00000000,00000000,000DD183,00000000,00000000,00000000,00000000,00000000,00000000,0005,FF79,AF
2025-10-16 09:43:18,2025-10-16 09:42:43,2025-10-16 09:42:43,4675740293,3337,01,02,83,118,38,30521,2F,1,14,0.8,00,21,4,1076.3,-25.0233731,-51.5480444,1004.7,000F5499,0021802F,00007739,14000219,00000000,00000000,00000000,00000000,00000000,000DD183,00000000,00000000,00000000,00000000,00000000,00000000,0005,FF79,AF
2025-10-16 09:41:44,2025-10-16 09:41:43,2025-10-16 09:41:43,4675740293,3336,01,02,83,118,38,30552,2F,1,15,0.7,00,27,318,1071.7,-25.026441,-51.5472848,1004.3,000F532E,0021802F,00007758,14000219,00000000,00000000,00000000,00000000,00000000,000DD183,00000000,00000000,00000000,00000000,00000000,00000000,0005,FF8E,AF
2025-10-16 09:41:19,2025-10-16 09:40:44,2025-10-16 09:40:44,4675740293,3335,01,02,83,118,38,30521,2F,1,14,0.8,20,20,5,1061.5,-25.0302453,-51.5477272,1003.9,000F517D,0021802F,00007739,14000219,00000000,00000000,00000000,00000000,00000000,000DD183,00000000,00000000,00000000,00000000,00000000,00000000,0005,FF96,AF
2025-10-16 09:41:19,2025-10-16 09:40:38,2025-10-16 09:40:38,4675740293,3334,01,02,83,118,38,30552,2F,1,15,0.7,20,13,71,1061.5,-25.0304622,-51.5478197,1003.9,000F5162,0021802F,00007758,14000219,00000000,00000000,00000000,00000000,00000000,000DD183,00000000,00000000,00000000,00000000,00000000,00000000,0005,FF9B,AF
2025-10-16 09:41:19,2025-10-16 09:39:49,2025-10-16 09:39:49,4675740293,3333,01,02,83,118,38,30521,2F,1,13,0.8,20,24,117,1080.6,-25.0291116,-51.5500284,1003.6,000F5053,0021802F,00007739,14000219,00000000,00000000,00000000,00000000,00000000,000DD183,00000000,00000000,00000000,00000000,00000000,00000000,0005,0000,AF
2025-10-16 09:38:25,2025-10-16 09:38:25,2025-10-16 09:38:25,4675740293,3332,01,02,83,118,38,30491,2F,1,16,0.7,00,11,71,1092.2,-25.0293036,-51.5541649,1003.2,000F4EAF,0021802F,0000771B,14000219,00000000,00000000,00000000,00000000,00000000,000DD183,00000000,00000000,00000000,00000000,00000000,00000000,0005,FF7E,AF
2025-10-16 09:37:14,2025-10-16 09:37:14,2025-10-16 09:37:14,4675740293,3331,01,02,83,118,38,30521,2F,1,16,0.7,00,23,23,1079.3,-25.0333609,-51.5557834,1002.7,000F4CC9,0021802F,00007739,14000219,00000000,00000000,00000000,00000000,00000000,000DD183,00000000,00000000,00000000,00000000,00000000,00000000,0005,FF80,AF
2025-10-16 09:36:48,2025-10-16 09:36:47,2025-10-16 09:36:47,4675740293,3330,01,02,83,118,38,30552,2F,1,14,0.8,00,24,70,1083.0,-25.0347402,-51.5571605,1002.5,000F4BF6,0021802F,00007758,14000219,00000000,00000000,00000000,00000000,00000000,000DD183,00000000,00000000,00000000,00000000,00000000,00000000,0005,FF84,AF
2025-10-16 09:35:40,2025-10-16 09:33:54,2025-10-16 09:33:54,4675740293,3329,01,02,83,118,38,30521,2F,1,17,0.6,20,21,117,1047.6,-25.0349951,-51.5700313,1001.2,000F46DC,0021802F,00007739,14000219,00000000,00000000,00000000,00000000,00000000,000DD183,00000000,00000000,00000000,00000000,00000000,00000000,0005,FF77,88
2025-10-16 09:35:40,2025-10-16 09:33:32,2025-10-16 09:33:32,4675740293,3328,01,02,83,118,38,30552,2F,1,16,0.7,20,29,70,1034.3,-25.0351645,-51.5714725,1001.0,000F4644,0021802F,00007758,14000219,00000000,00000000,00000000,00000000,00000000,000DD183,00000000,00000000,00000000,00000000,00000000,00000000,0005,FF77,88
2025-10-16 09:35:40,2025-10-16 09:33:15,2025-10-16 09:33:15,4675740293,3327,01,02,83,118,38,30552,2F,1,16,0.7,20,24,116,1026.7,-25.0348064,-51.5727233,1000.9,000F45BD,0021802F,00007758,14000219,00000000,00000000,00000000,00000000,00000000,000DD183,00000000,00000000,00000000,00000000,00000000,00000000,0005,FF77,88
2025-10-16 09:35:39,2025-10-16 09:33:07,2025-10-16 09:33:07,4675740293,3326,01,02,83,118,38,30521,2F,1,16,0.7,20,28,162,1026.6,-25.0344426,-51.5730636,1000.8,000F4582,0021802F,00007739,14000219,00000000,00000000,00000000,00000000,00000000,000DD183,00000000,00000000,00000000,00000000,00000000,00000000,0005,FF77,88
2025-10-16 09:35:39,2025-10-16 09:32:15,2025-10-16 09:32:15,4675740293,3325,01,02,83,118,38,30521,2F,1,12,0.9,00,21,116,1056.8,-25.0332911,-51.5764049,1000.5,000F4409,0021802F,00007739,14000219,00000000,00000000,00000000,00000000,00000000,000DD183,00000000,00000000,00000000,00000000,00000000,00000000,0005,FF77,AF
2025-10-16 09:35:39,2025-10-16 09:32:15,2025-10-16 09:32:15,4675740293,3325,01,02,83,118,38,30521,2F,1,12,0.9,00,21,116,1056.8,-25.0332911,-51.5764049,1000.5,000F4409,0021802F,00007739,14000219,00000000,00000000,00000000,00000000,00000000,000DD183,00000000,00000000,00000000,00000000,00000000,00000000,0005,FF77,AF
2025-10-16 09:31:44,2025-10-16 09:31:44,2025-10-16 09:31:44,4675740293,3324,01,02,83,118,38,30491,2F,1,16,0.7,00,22,164,1077.7,-25.0320446,-51.5773841,1000.3,000F435E,0021802F,0000771B,14000219,00000000,00000000,00000000,00000000,00000000,000DD183,00000000,00000000,00000000,00000000,00000000,00000000,0005,FF7A,AF
2025-10-16 09:31:40,2025-10-16 09:31:39,2025-10-16 09:31:39,4675740293,3323,01,02,83,118,38,30491,2F,1,15,0.7,00,23,117,1082.6,-25.0317724,-51.5775589,1000.3,000F433C,0021802F,0000771B,14000219,00000000,00000000,00000000,00000000,00000000,000DD183,00000000,00000000,00000000,00000000,00000000,00000000,0005,FF92,AF
2025-10-16 09:29:27,2025-10-16 09:29:27,2025-10-16 09:29:27,4675740293,3322,01,02,83,118,38,30552,2F,1,15,0.7,00,16,70,1099.0,-25.0330951,-51.584818,999.5,000F404F,0021802F,00007758,14000219,00000000,00000000,00000000,00000000,00000000,000DD183,00000000,00000000,00000000,00000000,00000000,00000000,0005,FF7C,AF
2025-10-16 09:29:09,2025-10-16 09:29:07,2025-10-16 09:29:07,4675740293,3321,01,02,83,118,38,30521,2F,1,15,0.7,20,20,24,1097.3,-25.0342299,-51.584926,999.4,000F3FC5,0021802F,00007739,14000219,00000000,00000000,00000000,00000000,00000000,000DD183,00000000,00000000,00000000,00000000,00000000,00000000,0005,FF87,AF
2025-10-16 09:29:08,2025-10-16 09:28:54,2025-10-16 09:28:54,4675740293,3320,01,02,83,118,38,30491,2F,1,15,0.7,20,27,71,1101.8,-25.0344232,-51.5856053,999.3,000F3F75,0021802F,0000771B,14000219,00000000,00000000,00000000,00000000,00000000,000DD183,00000000,00000000,00000000,00000000,00000000,00000000,02D4,FF9E,80
2025-10-16 09:29:08,2025-10-16 09:28:26,2025-10-16 09:28:26,4675740293,3319,01,02,83,118,38,30491,2F,1,16,0.7,20,17,23,1094.9,-25.0359643,-51.5867736,999.1,000F3EA5,0021802F,0000771B,14000219,00000000,00000000,00000000,00000000,00000000,000DD183,00000000,00000000,00000000,00000000,00000000,00000000,02D4,0000,80
2025-10-16 09:29:08,2025-10-16 09:28:09,2025-10-16 09:28:09,4675740293,3318,01,02,83,118,38,30491,2F,1,16,0.7,20,22,72,1090.9,-25.0366345,-51.5877264,999.0,000F3E27,0021802F,0000771B,14000219,00000000,00000000,00000000,00000000,00000000,000DD183,00000000,00000000,00000000,00000000,00000000,00000000,02D4,0000,80
2025-10-16 09:29:08,2025-10-16 09:27:09,2025-10-16 09:27:09,4675740293,3317,01,02,83,118,38,30521,2F,1,15,0.7,20,22,119,1073.4,-25.0357666,-51.5917536,998.5,000F3C8E,0021802F,00007739,14000219,00000000,00000000,00000000,00000000,00000000,000DD183,00000000,00000000,00000000,00000000,00000000,00000000,02D4,0000,80
2025-10-16 09:29:08,2025-10-16 09:26:52,2025-10-16 09:26:52,4675740293,3316,01,02,83,118,38,30491,2F,1,16,0.7,20,16,73,1084.5,-25.0355789,-51.5927486,998.4,000F3C25,0021802F,0000771B,14000219,00000000,00000000,00000000,00000000,00000000,000DD183,00000000,00000000,00000000,00000000,00000000,00000000,02D4,0000,80
2025-10-16 09:29:07,2025-10-16 09:25:12,2025-10-16 09:25:12,4675740293,3315,01,02,83,118,38,30521,2F,1,16,0.7,20,20,26,1086.0,-25.0402268,-51.5946405,997.9,000F39F6,0021802F,00007739,14000219,00000000,00000000,00000000,00000000,00000000,000DD183,00000000,00000000,00000000,00000000,00000000,00000000,02D4,0000,80
2025-10-16 09:29:07,2025-10-16 09:24:33,2025-10-16 09:24:33,4675740293,3314,01,02,83,118,38,30491,2F,1,15,0.7,20,10,73,1080.1,-25.0409629,-51.5964458,997.7,000F3931,0021802F,0000771B,14000219,00000000,00000000,00000000,00000000,00000000,000DD183,00000000,00000000,00000000,00000000,00000000,00000000,02D4,0000,80
2025-10-16 09:29:07,2025-10-16 09:24:07,2025-10-16 09:24:07,4675740293,3313,01,02,83,118,38,30491,2F,1,14,0.8,20,22,121,1096.3,-25.0403291,-51.5977138,997.5,000F3897,0021802F,0000771B,14000219,00000000,00000000,00000000,00000000,00000000,000DD183,00000000,00000000,00000000,00000000,00000000,00000000,02D4,0000,80
2025-10-16 09:29:07,2025-10-16 09:23:23,2025-10-16 09:23:23,4675740293,3312,01,02,83,118,38,30521,2F,1,16,0.7,20,22,75,1099.9,-25.0412567,-51.6001813,997.2,000F3770,0021802F,00007739,14000219,00000000,00000000,00000000,00000000,00000000,000DD183,00000000,00000000,00000000,00000000,00000000,00000000,02D4,0000,80
2025-10-16 09:29:06,2025-10-16 09:23:01,2025-10-16 09:23:01,4675740293,3311,01,02,83,118,38,30461,2F,1,16,0.7,20,14,122,1101.8,-25.0411036,-51.6013653,997.1,000F36EF,0021802F,000076FD,14000219,00000000,00000000,00000000,00000000,00000000,000DD183,00000000,00000000,00000000,00000000,00000000,00000000,02D4,0000,80
2025-10-16 09:29:06,2025-10-16 09:22:44,2025-10-16 09:22:44,4675740293,3310,01,02,83,118,38,30461,2F,1,15,0.7,20,14,168,1101.5,-25.0404553,-51.6015371,997.0,000F369D,0021802F,000076FD,14000219,00000000,00000000,00000000,00000000,00000000,000DD183,00000000,00000000,00000000,00000000,00000000,00000000,02D4,0000,80
2025-10-16 09:29:06,2025-10-16 09:22:36,2025-10-16 09:22:36,4675740293,3309,01,02,83,118,38,30491,2F,1,15,0.7,20,15,119,1101.5,-25.0402745,-51.6016926,997.0,000F3682,0021802F,0000771B,14000219,00000000,00000000,00000000,00000000,00000000,000DD183,00000000,00000000,00000000,00000000,00000000,00000000,02D4,0000,80
2025-10-16 09:29:06,2025-10-16 09:21:01,2025-10-16 09:21:01,4675740293,3308,01,02,83,123,30,30491,0F,1,16,0.7,20,0,252,1101.9,-25.0403986,-51.6030417,996.9,000F35FB,0021800F,0000771B,14000219,00000000,00000000,00000000,00000000,00000000,000DD183,00000000,00000000,00000000,00000000,00000000,00000000,02D4,0000,80
2025-10-16 09:29:06,2025-10-16 09:18:01,2025-10-16 09:18:01,4675740293,3307,01,02,83,123,30,30552,0F,1,16,0.7,20,0,129,1103.6,-25.0403803,-51.6030446,996.9,000F35FB,0021800F,00007758,14000219,00000000,00000000,00000000,00000000,00000000,000DD183,00000000,00000000,00000000,00000000,00000000,00000000,02D4,0000,80
2025-10-16 09:29:06,2025-10-16 09:15:01,2025-10-16 09:15:01,4675740293,3306,01,02,83,123,30,30613,0F,1,16,0.7,20,0,129,1103.6,-25.0403804,-51.6030451,996.9,000F35FB,0021800F,00007795,14000219,00000000,00000000,00000000,00000000,00000000,000DD183,00000000,00000000,00000000,00000000,00000000,00000000,02D4,0000,80
2025-10-16 09:29:05,2025-10-16 09:12:01,2025-10-16 09:12:01,4675740293,3305,01,02,83,123,30,30582,0F,1,16,0.7,20,0,129,1103.6,-25.0403803,-51.6030453,996.9,000F35FB,0021800F,00007776,14000219,00000000,00000000,00000000,00000000,00000000,000DD183,00000000,00000000,00000000,00000000,00000000,00000000,02D4,0000,80
2025-10-16 09:29:05,2025-10-16 09:09:01,2025-10-16 09:09:01,4675740293,3304,01,02,83,118,38,30521,2F,1,16,0.7,20,12,136,1102.5,-25.0403632,-51.6030794,996.9,000F35F6,0021802F,00007739,14000219,00000000,00000000,00000000,00000000,00000000,000DD183,00000000,00000000,00000000,00000000,00000000,00000000,02D4,0000,80
2025-10-16 09:29:05,2025-10-16 09:08:43,2025-10-16 09:08:43,4675740293,3303,01,02,83,118,38,30552,2F,1,16,0.7,20,18,182,1095.9,-25.0396041,-51.6029641,996.8,000F359C,0021802F,00007758,14000219,00000000,00000000,00000000,00000000,00000000,000DD183,00000000,00000000,00000000,00000000,00000000,00000000,02D4,0000,80
2025-10-16 09:29:05,2025-10-16 09:07:58,2025-10-16 09:07:58,4675740293,3302,01,02,83,118,38,30521,2F,1,14,0.8,20,13,136,1099.3,-25.0382124,-51.6043153,996.6,000F34CA,0021802F,00007739,14000219,00000000,00000000,00000000,00000000,00000000,000DD183,00000000,00000000,00000000,00000000,00000000,00000000,02D4,0000,80
2025-10-16 09:29:05,2025-10-16 09:06:33,2025-10-16 09:06:33,4675740293,3301,01,02,83,123,30,30521,0F,1,16,0.7,20,8,211,1088.5,-25.036704,-51.6024328,996.3,000F33B5,0021800F,00007739,14000219,00000000,00000000,00000000,00000000,00000000,000DD183,00000000,00000000,00000000,00000000,00000000,00000000,02D4,0000,80
2025-10-16 09:29:05,2025-10-16 09:03:33,2025-10-16 09:03:33,4675740293,3300,01,02,83,118,38,30491,2F,1,17,0.6,20,11,351,1088.9,-25.0363546,-51.6023665,996.2,000F3352,0021802F,0000771B,14000219,00000000,00000000,00000000,00000000,00000000,000DD183,00000000,00000000,00000000,00000000,00000000,00000000,02D4,0000,80
2025-10-16 09:29:04,2025-10-16 09:01:58,2025-10-16 09:01:58,4675740293,3299,01,02,83,118,38,30521,2F,1,15,0.7,20,11,37,1099.4,-25.0379289,-51.6043758,995.9,000F323E,0021802F,00007739,14000219,00000000,00000000,00000000,00000000,00000000,000DD183,00000000,00000000,00000000,00000000,00000000,00000000,02D4,0000,80
2025-10-16 09:29:04,2025-10-16 09:01:20,2025-10-16 09:01:20,4675740293,3298,01,02,83,118,38,30521,2F,1,15,0.7,20,17,316,1096.6,-25.0392208,-51.6031411,995.7,000F3171,0021802F,00007739,14000219,00000000,00000000,00000000,00000000,00000000,000DD183,00000000,00000000,00000000,00000000,00000000,00000000,02D4,FF9C,80
2025-10-16 09:29:04,2025-10-16 09:00:57,2025-10-16 09:00:57,4675740293,3297,01,02,83,118,38,30521,2F,1,15,0.7,20,12,2,1100.7,-25.0401946,-51.6031285,995.6,000F3100,0021802F,00007739,14000219,00000000,00000000,00000000,00000000,00000000,000DD183,00000000,00000000,00000000,00000000,00000000,00000000,02D4,FF9C,80
2025-10-16 09:29:04,2025-10-16 08:58:58,2025-10-16 08:58:58,4675740293,3296,01,02,83,123,30,30521,0F,1,16,0.7,20,3,95,1101.2,-25.039881,-51.6044797,995.4,000F304C,0021800F,00007739,14000219,00000000,00000000,00000000,00000000,00000000,000DD183,00000000,00000000,00000000,00000000,00000000,00000000,019C,0000,80
2025-10-16 09:29:04,2025-10-16 08:55:59,2025-10-16 08:55:59,4675740293,3295,01,02,83,118,38,30552,2F,1,17,0.6,20,18,281,1103.5,-25.040246,-51.6017572,995.1,000F2F24,0021802F,00007758,14000219,00000000,00000000,00000000,00000000,00000000,000DD183,00000000,00000000,00000000,00000000,00000000,00000000,0005,FF74,88
2025-10-16 09:29:04,2025-10-16 08:55:43,2025-10-16 08:55:43,4675740293,3294,01,02,83,118,38,30552,2F,1,17,0.6,20,19,327,1098.7,-25.0409663,-51.601506,995.0,000F2EC6,0021802F,00007758,14000219,00000000,00000000,00000000,00000000,00000000,000DD183,00000000,00000000,00000000,00000000,00000000,00000000,0005,FF74,88
2025-10-16 09:29:03,2025-10-16 08:55:29,2025-10-16 08:55:29,4675740293,3293,01,02,83,118,38,30491,2F,1,16,0.6,20,17,278,1098.3,-25.0413301,-51.6008849,994.9,000F2E77,0021802F,0000771B,14000219,00000000,00000000,00000000,00000000,00000000,000DD183,00000000,00000000,00000000,00000000,00000000,00000000,0005,FF74,88
2025-10-16 09:29:03,2025-10-16 08:54:58,2025-10-16 08:54:58,4675740293,3292,01,02,83,118,38,30491,0F,1,15,0.7,20,26,231,1092.3,-25.0404274,-51.5990997,994.7,000F2DA5,0021800F,0000771B,14000219,00000000,00000000,00000000,00000000,00000000,000DD183,00000000,00000000,00000000,00000000,00000000,00000000,0005,FF74,88
2025-10-16 09:29:03,2025-10-16 08:54:31,2025-10-16 08:54:31,4675740293,3291,01,02,83,118,38,30552,2F,1,13,0.8,20,17,277,1087.6,-25.0402877,-51.597879,994.6,000F2D1F,0021802F,00007758,14000219,00000000,00000000,00000000,00000000,00000000,000DD183,00000000,00000000,00000000,00000000,00000000,00000000,0005,FF74,88
2025-10-16 09:29:03,2025-10-16 08:54:22,2025-10-16 08:54:22,4675740293,3290,01,02,83,118,38,30521,2F,1,14,0.8,20,13,323,1078.3,-25.0405011,-51.5975306,994.6,000F2CF7,0021802F,00007739,14000219,00000000,00000000,00000000,00000000,00000000,000DD183,00000000,00000000,00000000,00000000,00000000,00000000,0005,FF74,88
2025-10-16 09:29:02,2025-10-16 08:53:19,2025-10-16 08:53:19,4675740293,3289,01,02,83,118,38,30521,2F,1,15,0.7,20,15,274,1087.9,-25.0405564,-51.5952086,994.3,000F2BFF,0021802F,00007739,14000219,00000000,00000000,00000000,00000000,00000000,000DD183,00000000,00000000,00000000,00000000,00000000,00000000,0005,FF74,88
2025-10-16 09:29:02,2025-10-16 08:53:08,2025-10-16 08:53:08,4675740293,3288,01,02,83,118,38,30552,2F,1,14,0.7,20,15,227,1086.7,-25.0404262,-51.5947986,994.3,000F2BD7,0021802F,00007758,14000219,00000000,00000000,00000000,00000000,00000000,000DD183,00000000,00000000,00000000,00000000,00000000,00000000,0005,FF74,88
2025-10-16 09:29:02,2025-10-16 08:52:39,2025-10-16 08:52:39,4675740293,3287,01,02,83,118,38,30552,2F,1,12,0.8,20,18,181,1088.4,-25.0392284,-51.594429,994.1,000F2B48,0021802F,00007758,14000219,00000000,00000000,00000000,00000000,00000000,000DD183,00000000,00000000,00000000,00000000,00000000,00000000,0005,FF74,88
2025-10-16 09:29:02,2025-10-16 08:52:04,2025-10-16 08:52:04,4675740293,3286,01,02,83,118,38,30582,2F,1,14,0.7,20,24,227,1079.0,-25.0374787,-51.5936376,993.9,000F2A78,0021802F,00007776,14000219,00000000,00000000,00000000,00000000,00000000,000DD183,00000000,00000000,00000000,00000000,00000000,00000000,0005,FF74,88
2025-10-16 09:29:01,2025-10-16 08:51:33,2025-10-16 08:51:33,4675740293,3285,01,02,83,118,38,30552,2F,1,15,0.7,20,16,181,1072.5,-25.0359921,-51.5930748,993.7,000F29C8,0021802F,00007758,14000219,00000000,00000000,00000000,00000000,00000000,000DD183,00000000,00000000,00000000,00000000,00000000,00000000,0005,FF74,88
2025-10-16 09:29:01,2025-10-16 08:51:26,2025-10-16 08:51:26,4675740293,3284,01,02,83,118,38,30582,0F,1,16,0.7,20,17,227,1071.5,-25.0356722,-51.5929811,993.7,000F29A6,0021800F,00007776,14000219,00000000,00000000,00000000,00000000,00000000,000DD183,00000000,00000000,00000000,00000000,00000000,00000000,0005,FF74,88
2025-10-16 09:29:01,2025-10-16 08:48:59,2025-10-16 08:48:59,4675740293,3283,01,02,83,118,38,30552,2F,1,17,0.6,20,19,274,1100.2,-25.0366164,-51.5880037,993.2,000F2790,0021802F,00007758,14000219,00000000,00000000,00000000,00000000,00000000,000DD183,00000000,00000000,00000000,00000000,00000000,00000000,0005,FF74,88
2025-10-16 09:29:01,2025-10-16 08:48:08,2025-10-16 08:48:08,4675740293,3282,01,02,83,118,38,30582,2F,1,16,0.6,20,25,227,1102.5,-25.0346207,-51.5859257,992.8,000F264D,0021802F,00007776,14000219,00000000,00000000,00000000,00000000,00000000,000DD183,00000000,00000000,00000000,00000000,00000000,00000000,0005,FF74,AF
2025-10-16 08:47:58,2025-10-16 08:47:58,2025-10-16 08:47:58,4675740293,3281,01,02,83,118,38,30552,2F,1,16,0.6,00,21,273,1103.1,-25.0343785,-51.5852849,992.8,000F2609,0021802F,00007758,14000219,00000000,00000000,00000000,00000000,00000000,000DD183,00000000,00000000,00000000,00000000,00000000,00000000,0005,FF7F,AF
2025-10-16 08:47:53,2025-10-16 08:47:53,2025-10-16 08:47:53,4675740293,3280,01,02,83,118,38,30582,2F,1,14,0.7,00,20,224,1104.7,-25.0343672,-51.5849985,992.8,000F25EF,0021802F,00007776,14000219,00000000,00000000,00000000,00000000,00000000,000DD183,00000000,00000000,00000000,00000000,00000000,00000000,0005,FF85,AF
2025-10-16 08:47:41,2025-10-16 08:47:41,2025-10-16 08:47:41,4675740293,3279,01,02,83,118,38,30521,2F,1,14,0.7,00,28,172,1100.6,-25.0336941,-51.5849793,992.7,000F259C,0021802F,00007739,14000219,00000000,00000000,00000000,00000000,00000000,000DD183,00000000,00000000,00000000,00000000,00000000,00000000,0005,FF80,AF
2025-10-16 08:47:33,2025-10-16 08:47:33,2025-10-16 08:47:33,4675740293,3278,01,02,83,118,38,30552,2F,1,17,0.6,00,18,218,1100.6,-25.0331831,-51.5849453,992.6,000F2566,0021802F,00007758,14000219,00000000,00000000,00000000,00000000,00000000,000DD183,00000000,00000000,00000000,00000000,00000000,00000000,0005,FF7D,AF
2025-10-16 08:45:34,2025-10-16 08:45:34,2025-10-16 08:45:34,4675740293,3277,01,02,83,118,38,30582,2F,1,16,0.6,00,13,268,1084.8,-25.0317314,-51.5777392,991.9,000F227A,0021802F,00007776,14000219,00000000,00000000,00000000,00000000,00000000,000DD183,00000000,00000000,00000000,00000000,00000000,00000000,0005,FF7D,AF
2025-10-16 08:45:15,2025-10-16 08:44:42,2025-10-16 08:44:42,4675740293,3276,01,02,83,118,38,30582,2F,1,12,0.9,20,12,314,1053.5,-25.0330931,-51.5766383,991.7,000F21B8,0021802F,00007776,14000219,00000000,00000000,00000000,00000000,00000000,000DD183,00000000,00000000,00000000,00000000,00000000,00000000,0005,FF74,88
2025-10-16 08:45:15,2025-10-16 08:44:18,2025-10-16 08:44:18,4675740293,3275,01,02,83,118,38,30582,2F,1,12,0.9,20,20,268,1037.5,-25.0333051,-51.5757814,991.6,000F2158,0021802F,00007776,14000219,00000000,00000000,00000000,00000000,00000000,000DD183,00000000,00000000,00000000,00000000,00000000,00000000,0005,FF74,88
2025-10-16 08:45:14,2025-10-16 08:43:18,2025-10-16 08:43:18,4675740293,3274,01,02,83,118,38,30613,2F,1,16,0.6,20,24,314,1023.8,-25.0346693,-51.5729165,991.2,000F2004,0021802F,00007795,14000219,00000000,00000000,00000000,00000000,00000000,000DD183,00000000,00000000,00000000,00000000,00000000,00000000,0005,FF74,88
2025-10-16 08:45:14,2025-10-16 08:42:15,2025-10-16 08:42:15,4675740293,3273,01,02,83,123,30,30552,2F,1,16,0.6,20,19,266,1056.2,-25.0350666,-51.5694269,990.9,000F1E8A,0021802F,00007758,14000219,00000000,00000000,00000000,00000000,00000000,000DD183,00000000,00000000,00000000,00000000,00000000,00000000,0005,FF74,88
2025-10-16 08:39:17,2025-10-16 08:39:16,2025-10-16 08:39:16,4675740293,3272,01,02,83,118,38,30552,2F,1,15,0.7,00,22,272,1084.1,-25.0348463,-51.5578078,989.7,000F19F4,0021802F,00007758,14000219,00000000,00000000,00000000,00000000,00000000,000DD183,00000000,00000000,00000000,00000000,00000000,00000000,0005,FF82,AF
2025-10-16 08:38:42,2025-10-16 08:38:42,2025-10-16 08:38:42,4675740293,3271,01,02,83,118,38,30613,2F,1,15,0.7,00,23,226,1083.2,-25.033549,-51.5559634,989.4,000F1901,0021802F,00007795,14000219,00000000,00000000,00000000,00000000,00000000,000DD183,00000000,00000000,00000000,00000000,00000000,00000000,0005,FF80,AF
2025-10-16 08:37:47,2025-10-16 08:37:47,2025-10-16 08:37:47,4675740293,3270,01,02,83,118,38,30582,2F,1,15,0.7,00,25,180,1083.7,-25.0302214,-51.5544337,989.0,000F1763,0021802F,00007776,14000219,00000000,00000000,00000000,00000000,00000000,000DD183,00000000,00000000,00000000,00000000,00000000,00000000,0005,FF84,AF
2025-10-16 08:37:28,2025-10-16 08:37:27,2025-10-16 08:37:27,4675740293,3269,01,02,83,118,38,28333,0F,1,14,0.8,00,14,226,1086.4,-25.0293444,-51.5542319,988.9,000F1701,0021800F,00006EAD,14000219,00000000,00000000,00000000,00000000,00000000,000DD183,00000000,00000000,00000000,00000000,00000000,00000000,0005,FF7F,AF
2025-10-16 08:36:12,2025-10-16 08:36:12,2025-10-16 08:36:12,4675740293,3268,01,02,83,118,38,28333,2F,1,13,0.8,00,26,273,1065.4,-25.0290093,-51.5503442,988.5,000F1571,0021802F,00006EAD,14000219,00000000,00000000,00000000,00000000,00000000,000DD183,00000000,00000000,00000000,00000000,00000000,00000000,0005,FF83,AF
2025-10-16 08:35:21,2025-10-16 08:35:21,2025-10-16 08:35:21,4675740293,3267,01,02,83,118,38,28302,2F,1,12,0.8,00,15,319,1055.4,-25.0303421,-51.5480167,988.3,000F145B,0021802F,00006E8E,14000219,00000000,00000000,00000000,00000000,00000000,000DD183,00000000,00000000,00000000,00000000,00000000,00000000,0005,FF96,AF
2025-10-16 08:35:12,2025-10-16 08:35:12,2025-10-16 08:35:12,4675740293,3266,01,02,83,118,38,28302,2F,1,14,0.7,00,13,6,1053.0,-25.0306533,-51.547871,988.2,000F1434,0021802F,00006E8E,14000219,00000000,00000000,00000000,00000000,00000000,000DD183,00000000,00000000,00000000,00000000,00000000,00000000,0005,FF97,AF
2025-10-16 08:34:59,2025-10-16 08:34:59,2025-10-16 08:34:59,4675740293,3265,01,02,83,118,38,28241,2F,1,14,0.7,00,11,232,1052.4,-25.0308609,-51.5477375,988.2,000F1412,0021802F,00006E51,14000219,00000000,00000000,00000000,00000000,00000000,000DD183,00000000,00000000,00000000,00000000,00000000,00000000,0005,FF98,AF
2025-10-16 08:33:20,2025-10-16 08:33:20,2025-10-16 08:33:20,4675740293,3264,01,02,83,118,38,28272,2F,1,14,0.7,00,23,182,1059.9,-25.0194492,-51.5454208,986.9,000F0F0D,0021802F,00006E70,14000219,00000000,00000000,00000000,00000000,00000000,000DD183,00000000,00000000,00000000,00000000,00000000,00000000,0005,FF82,AF
2025-10-16 08:32:33,2025-10-16 08:32:33,2025-10-16 08:32:33,4675740293,3263,01,02,83,118,38,28302,2F,1,14,0.7,00,12,110,1070.2,-25.0186617,-51.5464461,986.7,000F0E69,0021802F,00006E8E,14000219,00000000,00000000,00000000,00000000,00000000,000DD183,00000000,00000000,00000000,00000000,00000000,00000000,0005,FF8A,AF
2025-10-16 08:31:25,2025-10-16 08:31:11,2025-10-16 08:31:11,4675740293,3262,01,02,83,255,44,28181,0F,1,14,0.7,00,0,0,1079.8,-25.0178671,-51.5469206,986.6,000F0DEB,0021800F,00006E15,14000219,00000000,00000000,00000000,00000000,00000000,000DD183,00000000,00000000,00000000,00000000,00000000,00000000,0005,FF8B,AF
2025-10-16 08:31:07,2025-10-16 08:31:07,2025-10-16 08:31:07,4675740293,3261,01,02,83,112,21,22648,0F,1,15,0.7,00,0,0,1079.8,-25.0178672,-51.5469208,986.6,000F0DEB,0021800F,00005878,14000219,00000000,00000000,00000000,00000000,00000000,00000000,00000000,00000000,00000000,00000000,00000000,00000000,0005,FF8C,AF
2025-10-16 08:07:03,2025-10-16 08:07:01,2025-10-16 08:07:01,4675740293,3260,01,02,83,75,27,26539,0E,0,19,0.6,00,0,2,1076.3,-25.0178331,-51.5469109,986.6,000F0DEB,0021800E,000067AB,14000219,00000000,00000000,00000000,00000000,00000000,00000000,00000000,00000000,00000000,00000000,00000000,00000000,0005,FF85,AF
2025-10-16 08:02:02,2025-10-16 08:02:01,2025-10-16 08:02:01,4675740293,3259,01,02,83,128,20,27694,0E,0,18,0.6,00,0,2,1075.5,-25.0178317,-51.5469098,986.6,000F0DEB,0021800E,00006C2E,14000219,00000000,00000000,00000000,00000000,00000000,00000000,00000000,00000000,00000000,00000000,00000000,00000000,0005,FF8A,AF
2025-10-16 08:02:00,2025-10-16 08:02:00,2025-10-16 08:02:00,4675740293,3258,01,02,83,255,45,27816,0E,0,18,0.6,00,0,2,1075.7,-25.0178336,-51.5469073,986.6,000F0DEB,0021800E,00006CA8,14000219,00000000,00000000,00000000,00000000,00000000,00000000,00000000,00000000,00000000,00000000,00000000,00000000,0005,FF8A,AF
2025-10-16 07:59:39,2025-10-16 07:59:38,2025-10-16 07:59:38,4675740293,3257,01,02,83,118,38,28272,2F,1,18,0.6,00,15,312,1059.6,-25.0188977,-51.5454122,986.3,000F0CD4,0021802F,00006E70,14000219,00000000,00000000,00000000,00000000,00000000,000DD183,00000000,00000000,00000000,00000000,00000000,00000000,0005,FF7C,AF
2025-10-16 07:58:08,2025-10-16 07:58:07,2025-10-16 07:58:07,4675740293,3256,01,02,83,123,30,28302,0F,1,15,0.7,00,50,359,1055.3,-25.0307206,-51.5475675,985.0,000F0798,0021800F,00006E8E,14000219,00000000,00000000,00000000,00000000,00000000,000DD183,00000000,00000000,00000000,00000000,00000000,00000000,0005,FFA4,AF
2025-10-16 07:55:08,2025-10-16 07:55:08,2025-10-16 07:55:08,4675740293,3255,01,02,83,118,38,28333,0F,1,19,0.6,00,12,356,1042.4,-25.0488087,-51.5422635,982.9,000EFF72,0021800F,00006EAD,14000219,00000000,00000000,00000000,00000000,00000000,000DD183,00000000,00000000,00000000,00000000,00000000,00000000,0005,FFA4,AF
2025-10-16 07:54:59,2025-10-16 07:54:58,2025-10-16 07:54:58,4675740293,3254,01,02,83,118,38,28302,0F,1,19,0.6,00,14,310,1044.5,-25.0490265,-51.5422004,982.9,000EFF57,0021800F,00006E8E,14000219,00000000,00000000,00000000,00000000,00000000,000DD183,00000000,00000000,00000000,00000000,00000000,00000000,0005,FFAA,AF
2025-10-16 07:54:35,2025-10-16 07:54:34,2025-10-16 07:54:34,4675740293,3253,01,02,83,123,30,28333,0F,1,19,0.6,00,27,263,1035.7,-25.0489956,-51.5410104,982.7,000EFEDD,0021800F,00006EAD,14000219,00000000,00000000,00000000,00000000,00000000,000DD183,00000000,00000000,00000000,00000000,00000000,00000000,0005,FF9A,AF
2025-10-16 07:51:35,2025-10-16 07:51:34,2025-10-16 07:51:34,4675740293,3252,01,02,83,123,30,28272,0F,1,19,0.6,00,15,342,1085.7,-25.0489538,-51.5316465,981.7,000EFAEC,0021800F,00006E70,14000219,00000000,00000000,00000000,00000000,00000000,000DD183,00000000,00000000,00000000,00000000,00000000,00000000,0005,FFAB,AF
2025-10-16 07:48:45,2025-10-16 07:48:34,2025-10-16 07:37:44,4675740293,3251,01,02,83,255,44,28150,0F,1,20,0.5,24,0,263,1086.7,-25.0490462,-51.5309449,981.6,000EFA7D,0021800F,00006DF6,14000219,00000000,00000000,00000000,00000000,00000000,000DD183,00000000,00000000,00000000,00000000,00000000,00000000,0000,0000,00
2025-10-16 07:48:45,2025-10-16 07:48:32,2025-10-16 07:37:44,4675740293,3250,01,02,83,112,21,28089,0F,1,20,0.5,24,0,263,1086.7,-25.0490462,-51.5309449,981.6,000EFA7D,0021800F,00006DB9,14000219,00000000,00000000,00000000,00000000,00000000,00000000,00000000,00000000,00000000,00000000,00000000,00000000,0000,0000,00
2025-10-16 07:48:45,2025-10-16 07:37:35,2025-10-16 07:37:35,4675740293,3249,01,02,83,75,27,25505,0E,0,20,0.5,20,0,263,1086.8,-25.0490464,-51.5309452,981.6,000EFA7D,0021800E,000063A1,14000219,00000000,00000000,00000000,00000000,00000000,00000000,00000000,00000000,00000000,00000000,00000000,00000000,0005,FF9D,AF
2025-10-16 06:37:32,2025-10-16 06:37:32,2025-10-16 06:37:32,4675740293,3248,01,02,83,75,27,25505,0E,0,20,0.5,00,0,313,1082.2,-25.0490347,-51.5309338,981.6,000EFA7D,0021800E,000063A1,14000219,00000000,00000000,00000000,00000000,00000000,00000000,00000000,00000000,00000000,00000000,00000000,00000000,0005,FF9E,AF
2025-10-16 06:32:45,2025-10-16 05:37:29,2025-10-16 05:37:29,4675740293,3247,01,02,83,75,27,25536,0E,0,16,0.7,20,0,69,1087.2,-25.049083,-51.5309215,981.6,000EFA7D,0021800E,000063C0,14000219,00000000,00000000,00000000,00000000,00000000,00000000,00000000,00000000,00000000,00000000,00000000,00000000,0005,FF9E,AF
2025-10-16 04:37:27,2025-10-16 04:37:26,2025-10-16 04:37:26,4675740293,3246,01,02,83,75,27,25536,0E,0,19,0.6,00,0,0,1085.2,-25.0490743,-51.5309168,981.6,000EFA7D,0021800E,000063C0,14000219,00000000,00000000,00000000,00000000,00000000,00000000,00000000,00000000,00000000,00000000,00000000,00000000,0005,FF9E,AF
2025-10-16 03:37:23,2025-10-16 03:37:23,2025-10-16 03:37:23,4675740293,3245,01,02,83,75,27,25536,0E,0,16,0.7,00,0,0,1086.4,-25.0490929,-51.5308967,981.6,000EFA7D,0021800E,000063C0,14000219,00000000,00000000,00000000,00000000,00000000,00000000,00000000,00000000,00000000,00000000,00000000,00000000,0005,FF9E,AF
2025-10-16 02:37:19,2025-10-16 02:37:19,2025-10-16 02:37:19,4675740293,3244,01,02,83,75,27,25566,0E,0,17,0.7,00,0,58,1082.0,-25.0490579,-51.5309002,981.6,000EFA7D,0021800E,000063DE,14000219,00000000,00000000,00000000,00000000,00000000,00000000,00000000,00000000,00000000,00000000,00000000,00000000,0005,FF9E,AF
2025-10-16 02:32:32,2025-10-16 01:37:15,2025-10-16 01:37:15,4675740293,3243,01,02,83,75,27,25566,0E,0,17,0.6,20,0,144,1103.2,-25.0490782,-51.5308631,981.6,000EFA7D,0021800E,000063DE,14000219,00000000,00000000,00000000,00000000,00000000,00000000,00000000,00000000,00000000,00000000,00000000,00000000,0005,FF9E,AF
2025-10-16 00:37:12,2025-10-16 00:37:12,2025-10-16 00:37:12,4675740293,3242,01,02,83,75,27,25566,0E,0,17,0.6,00,0,0,1086.2,-25.0490586,-51.5308603,981.6,000EFA7D,0021800E,000063DE,14000219,00000000,00000000,00000000,00000000,00000000,00000000,00000000,00000000,00000000,00000000,00000000,00000000,0005,FF9F,AF
2025-10-16 00:32:25,2025-10-15 23:37:09,2025-10-15 23:37:09,4675740293,3241,01,02,83,75,27,25597,0E,0,17,0.6,20,0,325,1099.6,-25.049157,-51.5308751,981.6,000EFA7D,0021800E,000063FD,14000219,00000000,00000000,00000000,00000000,00000000,00000000,00000000,00000000,00000000,00000000,00000000,00000000,0005,FF9E,AF
2025-10-15 22:37:06,2025-10-15 22:37:06,2025-10-15 22:37:06,4675740293,3240,01,02,83,75,27,25597,0E,0,19,0.5,00,0,52,1080.8,-25.0491582,-51.5308821,981.6,000EFA7D,0021800E,000063FD,14000219,00000000,00000000,00000000,00000000,00000000,00000000,00000000,00000000,00000000,00000000,00000000,00000000,0005,FF9F,AF
2025-10-15 21:37:02,2025-10-15 21:37:02,2025-10-15 21:37:02,4675740293,3239,01,02,83,75,27,25627,0E,0,17,0.6,00,0,0,1094.6,-25.0491463,-51.5308333,981.6,000EFA7D,0021800E,0000641B,14000219,00000000,00000000,00000000,00000000,00000000,00000000,00000000,00000000,00000000,00000000,00000000,00000000,0005,FF9F,AF
2025-10-15 20:36:58,2025-10-15 20:36:58,2025-10-15 20:36:58,4675740293,3238,01,02,83,75,27,25627,0E,0,18,0.6,00,0,206,1080.7,-25.0491553,-51.5308758,981.6,000EFA7D,0021800E,0000641B,14000219,00000000,00000000,00000000,00000000,00000000,00000000,00000000,00000000,00000000,00000000,00000000,00000000,0005,FF9F,AF
2025-10-15 20:32:11,2025-10-15 19:36:54,2025-10-15 19:36:54,4675740293,3237,01,02,83,75,27,25657,0E,0,15,0.6,20,0,161,1083.6,-25.0491486,-51.5308517,981.6,000EFA7D,0021800E,00006439,14000219,00000000,00000000,00000000,00000000,00000000,00000000,00000000,00000000,00000000,00000000,00000000,00000000,0005,FF9E,AF
2025-10-15 18:36:51,2025-10-15 18:36:50,2025-10-15 18:36:50,4675740293,3236,01,02,83,75,27,25718,0E,0,17,0.6,00,0,272,1095.3,-25.0491697,-51.5309234,981.6,000EFA7D,0021800E,00006476,14000219,00000000,00000000,00000000,00000000,00000000,00000000,00000000,00000000,00000000,00000000,00000000,00000000,0005,FF9F,AF
2025-10-15 18:32:04,2025-10-15 17:36:47,2025-10-15 17:36:47,4675740293,3235,01,02,83,75,27,26417,0E,0,14,0.8,20,0,312,1086.3,-25.0490981,-51.5309094,981.6,000EFA7D,0021800E,00006731,14000219,00000000,00000000,00000000,00000000,00000000,00000000,00000000,00000000,00000000,00000000,00000000,00000000,0005,FF9E,AF
2025-10-15 17:31:47,2025-10-15 17:31:47,2025-10-15 17:31:47,4675740293,3234,01,02,83,128,20,27755,0E,0,14,0.8,00,0,312,1084.9,-25.0491025,-51.5309098,981.6,000EFA7D,0021800E,00006C6B,14000219,00000000,00000000,00000000,00000000,00000000,00000000,00000000,00000000,00000000,00000000,00000000,00000000,0005,FF9D,AF
2025-10-15 17:31:47,2025-10-15 17:31:46,2025-10-15 17:31:46,4675740293,3233,01,02,83,255,45,28120,0E,0,13,0.9,00,0,312,1084.9,-25.0491026,-51.5309098,981.6,000EFA7D,0021800E,00006DD8,14000219,00000000,00000000,00000000,00000000,00000000,00000000,00000000,00000000,00000000,00000000,00000000,00000000,0005,FF9D,AF
2025-10-15 17:29:51,2025-10-15 17:29:51,2025-10-15 17:29:51,4675740293,3232,01,02,83,118,38,28241,0F,1,15,0.7,00,17,127,1090.3,-25.0482925,-51.5319503,981.4,000EF9AC,0021800F,00006E51,14000219,00000000,00000000,00000000,00000000,00000000,000DD183,00000000,00000000,00000000,00000000,00000000,00000000,0005,FF98,AF
2025-10-15 17:27:25,2025-10-15 17:27:25,2025-10-15 17:27:25,4675740293,3231,01,02,83,118,38,28272,2F,1,15,0.7,00,11,79,1050.9,-25.0493703,-51.5423082,980.4,000EF590,0021802F,00006E70,14000219,00000000,00000000,00000000,00000000,00000000,000DD183,00000000,00000000,00000000,00000000,00000000,00000000,0005,FF96,AF
2025-10-15 17:27:22,2025-10-15 17:27:20,2025-10-15 17:27:20,4675740293,3230,01,02,83,118,38,28241,0F,1,15,0.7,00,14,132,1050.7,-25.049335,-51.5424861,980.4,000EF57E,0021800F,00006E51,14000219,00000000,00000000,00000000,00000000,00000000,000DD183,00000000,00000000,00000000,00000000,00000000,00000000,0005,FF96,AF
2025-10-15 17:27:04,2025-10-15 17:27:03,2025-10-15 17:27:03,4675740293,3229,01,02,83,123,30,28211,0F,1,15,0.7,00,45,180,1045.1,-25.0481158,-51.5423125,980.2,000EF4EF,0021800F,00006E33,14000219,00000000,00000000,00000000,00000000,00000000,000DD183,00000000,00000000,00000000,00000000,00000000,00000000,0005,FF97,AF
2025-10-15 17:24:04,2025-10-15 17:24:03,2025-10-15 17:24:03,4675740293,3228,01,02,83,123,30,28272,2F,1,13,0.9,00,58,190,1072.0,-25.0254358,-51.5466168,977.6,000EEABF,0021802F,00006E70,14000219,00000000,00000000,00000000,00000000,00000000,000DD183,00000000,00000000,00000000,00000000,00000000,00000000,0005,FF86,AF
2025-10-15 17:22:07,2025-10-15 17:21:04,2025-10-15 17:21:04,4675740293,3227,01,02,83,118,38,28272,0F,1,12,0.9,20,59,189,1056.2,-25.0053,-51.5444458,975.4,000EE200,0021800F,00006E70,14000219,00000000,00000000,00000000,00000000,00000000,000DD183,00000000,00000000,00000000,00000000,00000000,00000000,0000,0000,00
2025-10-15 17:22:07,2025-10-15 17:18:59,2025-10-15 17:18:59,4675740293,3226,01,02,83,118,38,28241,2F,1,12,0.8,20,15,143,1014.6,-24.9914674,-51.548959,973.7,000EDB6D,0021802F,00006E51,14000219,00000000,00000000,00000000,00000000,00000000,000DD183,00000000,00000000,00000000,00000000,00000000,00000000,0000,0000,00
2025-10-15 17:22:07,2025-10-15 17:18:54,2025-10-15 17:18:54,4675740293,3225,01,02,83,118,38,28272,2F,1,14,0.7,20,17,72,1012.7,-24.9913641,-51.5491638,973.7,000EDB57,0021802F,00006E70,14000219,00000000,00000000,00000000,00000000,00000000,000DD183,00000000,00000000,00000000,00000000,00000000,00000000,0000,0000,00
2025-10-15 17:22:07,2025-10-15 17:17:42,2025-10-15 17:17:42,4675740293,3224,01,02,83,118,38,28272,2F,1,14,0.7,20,25,26,979.1,-24.995273,-51.5508134,973.2,000ED984,0021802F,00006E70,14000219,00000000,00000000,00000000,00000000,00000000,000DD183,00000000,00000000,00000000,00000000,00000000,00000000,0000,0000,00
2025-10-15 17:22:06,2025-10-15 17:17:36,2025-10-15 17:17:36,4675740293,3223,01,02,83,118,38,28272,2F,1,12,1.0,20,24,74,977.8,-24.9955512,-51.551111,973.1,000ED959,0021802F,00006E70,14000219,00000000,00000000,00000000,00000000,00000000,000DD183,00000000,00000000,00000000,00000000,00000000,00000000,0000,0000,00
2025-10-15 17:22:06,2025-10-15 17:17:10,2025-10-15 17:17:10,4675740293,3222,01,02,83,118,38,28272,2F,1,13,0.8,20,20,122,989.3,-24.9953377,-51.5529036,973.0,000ED89F,0021802F,00006E70,14000219,00000000,00000000,00000000,00000000,00000000,000DD183,00000000,00000000,00000000,00000000,00000000,00000000,0000,0000,00
2025-10-15 17:22:06,2025-10-15 17:16:47,2025-10-15 17:16:47,4675740293,3221,01,02,83,118,38,28241,2F,1,13,0.8,20,24,168,983.3,-24.9941661,-51.5534775,972.8,000ED808,0021802F,00006E51,14000219,00000000,00000000,00000000,00000000,00000000,000DD183,00000000,00000000,00000000,00000000,00000000,00000000,0000,0000,00
2025-10-15 17:22:06,2025-10-15 17:16:21,2025-10-15 17:16:21,4675740293,3220,01,02,83,118,38,28272,2F,1,13,0.8,20,24,122,974.3,-24.9925999,-51.5543602,972.6,000ED748,0021802F,00006E70,14000219,00000000,00000000,00000000,00000000,00000000,000DD183,00000000,00000000,00000000,00000000,00000000,00000000,0000,0000,00
2025-10-15 17:22:06,2025-10-15 17:16:00,2025-10-15 17:16:00,4675740293,3219,01,02,83,118,38,28272,2F,1,14,0.7,20,18,75,972.1,-24.9927483,-51.5555218,972.5,000ED6C9,0021802F,00006E70,14000219,00000000,00000000,00000000,00000000,00000000,000DD183,00000000,00000000,00000000,00000000,00000000,00000000,0000,0000,00
2025-10-15 17:22:06,2025-10-15 17:15:36,2025-10-15 17:15:36,4675740293,3218,01,02,83,123,30,28302,2F,1,14,0.7,20,25,121,987.2,-24.9921836,-51.5570893,972.3,000ED616,0021802F,00006E8E,14000219,00000000,00000000,00000000,00000000,00000000,000DD183,00000000,00000000,00000000,00000000,00000000,00000000,0000,0000,00
2025-10-15 17:22:05,2025-10-15 17:12:37,2025-10-15 17:12:37,4675740293,3217,01,02,83,118,38,28272,2F,1,13,0.8,20,38,104,1036.6,-24.9919713,-51.5676309,971.2,000ED1D7,0021802F,00006E70,14000219,00000000,00000000,00000000,00000000,00000000,000DD183,00000000,00000000,00000000,00000000,00000000,00000000,0000,0000,00
2025-10-15 17:22:05,2025-10-15 17:11:28,2025-10-15 17:11:28,4675740293,3216,01,02,83,118,38,28241,2F,1,11,0.9,20,33,58,1053.6,-24.9947674,-51.5729671,970.6,000ECF4E,0021802F,00006E51,14000219,00000000,00000000,00000000,00000000,00000000,000DD183,00000000,00000000,00000000,00000000,00000000,00000000,0000,0000,00
2025-10-15 17:22:05,2025-10-15 17:09:20,2025-10-15 17:09:20,4675740293,3215,01,02,83,123,30,28211,0F,1,15,0.7,20,4,178,1049.1,-24.9930119,-51.5821252,969.5,000ECB3C,0021800F,00006E33,14000219,00000000,00000000,00000000,00000000,00000000,000DD183,00000000,00000000,00000000,00000000,00000000,00000000,0000,0000,00
2025-10-15 17:22:05,2025-10-15 17:06:20,2025-10-15 17:06:20,4675740293,3214,01,02,83,123,30,28272,2F,1,14,0.8,20,11,186,1026.7,-24.9859141,-51.581931,968.7,000EC82B,0021802F,00006E70,14000219,00000000,00000000,00000000,00000000,00000000,000DD183,00000000,00000000,00000000,00000000,00000000,00000000,0000,0000,00
2025-10-15 17:22:05,2025-10-15 17:03:21,2025-10-15 16:57:58,4675740293,3213,01,02,83,255,44,28120,0F,1,16,0.6,24,0,148,1006.2,-24.9819251,-51.5843314,968.2,000EC63A,0021800F,00006DD8,14000219,00000000,00000000,00000000,00000000,00000000,000DD183,00000000,00000000,00000000,00000000,00000000,00000000,0000,0000,00
2025-10-15 17:22:05,2025-10-15 17:03:19,2025-10-15 16:57:58,4675740293,3212,01,02,83,112,21,27360,0F,1,16,0.6,24,0,148,1006.2,-24.9819251,-51.5843314,968.2,000EC63A,0021800F,00006AE0,14000219,00000000,00000000,00000000,00000000,00000000,00000000,00000000,00000000,00000000,00000000,00000000,00000000,0000,0000,00
2025-10-15 17:22:04,2025-10-15 16:57:35,2025-10-15 16:57:35,4675740293,3211,01,02,83,75,27,26235,0E,0,14,0.8,20,0,148,1005.1,-24.9819199,-51.5843294,968.2,000EC63A,0021800E,0000667B,14000219,00000000,00000000,00000000,00000000,00000000,00000000,00000000,00000000,00000000,00000000,00000000,00000000,0005,0000,00
2025-10-15 17:22:04,2025-10-15 16:52:35,2025-10-15 16:52:35,4675740293,3210,01,02,83,128,20,27664,0E,0,14,0.7,20,0,148,996.4,-24.9819221,-51.5843001,968.2,000EC63A,0021800E,00006C10,14000219,00000000,00000000,00000000,00000000,00000000,00000000,00000000,00000000,00000000,00000000,00000000,00000000,0005,0000,00
2025-10-15 17:22:04,2025-10-15 16:52:34,2025-10-15 16:52:34,4675740293,3209,01,02,83,255,45,27907,0E,0,14,0.7,20,0,148,996.4,-24.9819221,-51.5843001,968.2,000EC63A,0021800E,00006D03,14000219,00000000,00000000,00000000,00000000,00000000,00000000,00000000,00000000,00000000,00000000,00000000,00000000,0005,0000,00
2025-10-15 17:22:04,2025-10-15 16:50:30,2025-10-15 16:50:30,4675740293,3208,01,02,83,123,30,28211,0F,1,13,0.8,20,0,188,994.0,-24.9795235,-51.5847276,968.0,000EC523,0021800F,00006E33,14000219,00000000,00000000,00000000,00000000,00000000,000DD183,00000000,00000000,00000000,00000000,00000000,00000000,0005,0000,00
2025-10-15 17:22:04,2025-10-15 16:47:30,2025-10-15 16:47:30,4675740293,3207,01,02,83,123,30,28241,0F,1,14,0.7,20,2,159,994.4,-24.9788478,-51.5850344,967.9,000EC4D0,0021800F,00006E51,14000219,00000000,00000000,00000000,00000000,00000000,000DD183,00000000,00000000,00000000,00000000,00000000,00000000,0005,0000,00
2025-10-15 17:22:04,2025-10-15 16:44:30,2025-10-15 16:44:30,4675740293,3206,01,02,83,123,30,28241,0F,1,12,0.9,20,4,11,990.9,-24.9795471,-51.5847383,967.8,000EC44F,0021800F,00006E51,14000219,00000000,00000000,00000000,00000000,00000000,000DD183,00000000,00000000,00000000,00000000,00000000,00000000,0005,0000,00
2025-10-15 17:22:04,2025-10-15 16:41:30,2025-10-15 16:41:30,4675740293,3205,01,02,83,123,30,28181,0F,1,14,0.7,20,0,350,992.5,-24.9810623,-51.5847117,967.5,000EC379,0021800F,00006E15,14000219,00000000,00000000,00000000,00000000,00000000,000DD183,00000000,00000000,00000000,00000000,00000000,00000000,0005,0000,00
2025-10-15 17:22:03,2025-10-15 16:38:30,2025-10-15 16:38:30,4675740293,3204,01,02,83,123,30,28272,0F,1,14,0.7,20,3,356,1031.1,-24.9855756,-51.581871,967.0,000EC13A,0021800F,00006E70,14000219,00000000,00000000,00000000,00000000,00000000,000DD183,00000000,00000000,00000000,00000000,00000000,00000000,0005,0000,00
2025-10-15 17:22:03,2025-10-15 16:35:30,2025-10-15 16:35:30,4675740293,3203,01,02,83,123,30,28272,2F,1,14,0.7,20,13,6,1040.1,-24.9891334,-51.5824427,966.6,000EBFB2,0021802F,00006E70,14000219,00000000,00000000,00000000,00000000,00000000,000DD183,00000000,00000000,00000000,00000000,00000000,00000000,02D4,0000,00
2025-10-15 17:22:03,2025-10-15 16:32:38,2025-10-15 16:29:12,4675740293,3202,01,02,83,255,44,28241,0F,1,14,0.7,24,0,233,1042.0,-24.9931065,-51.5825012,966.1,000EBDCB,0021800F,00006E51,14000219,00000000,00000000,00000000,00000000,00000000,000DD183,00000000,00000000,00000000,00000000,00000000,00000000,0000,0000,00
2025-10-15 17:22:03,2025-10-15 16:32:28,2025-10-15 16:29:12,4675740293,3201,01,02,83,112,21,27086,0F,1,14,0.7,24,0,233,1042.0,-24.9931065,-51.5825012,966.1,000EBDCB,0021800F,000069CE,14000219,00000000,00000000,00000000,00000000,00000000,00000000,00000000,00000000,00000000,00000000,00000000,00000000,0000,0000,00
2025-10-15 17:22:03,2025-10-15 16:28:48,2025-10-15 16:28:48,4675740293,3200,01,02,83,75,27,25749,0E,0,14,0.7,20,0,39,1041.8,-24.9931106,-51.5825076,966.1,000EBDCB,0021800E,00006495,14000219,00000000,00000000,00000000,00000000,00000000,00000000,00000000,00000000,00000000,00000000,00000000,00000000,02D4,FF9C,00
2025-10-15 17:22:03,2025-10-15 15:28:45,2025-10-15 15:28:45,4675740293,3199,01,02,83,75,27,26205,0E,0,19,0.6,20,0,116,1041.8,-24.9930809,-51.5825011,966.1,000EBDCB,0021800E,0000665D,14000219,00000000,00000000,00000000,00000000,00000000,00000000,00000000,00000000,00000000,00000000,00000000,00000000,02D4,0000,00
2025-10-15 17:22:03,2025-10-15 15:23:45,2025-10-15 15:23:45,4675740293,3198,01,02,83,128,20,27421,0E,0,16,0.6,20,0,116,1039.8,-24.9930949,-51.5825178,966.1,000EBDCB,0021800E,00006B1D,14000219,00000000,00000000,00000000,00000000,00000000,00000000,00000000,00000000,00000000,00000000,00000000,00000000,02D4,0000,00
2025-10-15 17:22:02,2025-10-15 15:23:44,2025-10-15 15:23:44,4675740293,3197,01,02,83,255,45,27755,0E,0,16,0.6,20,0,116,1039.8,-24.9930949,-51.5825178,966.1,000EBDCB,0021800E,00006C6B,14000219,00000000,00000000,00000000,00000000,00000000,00000000,00000000,00000000,00000000,00000000,00000000,00000000,02D4,0000,00
2025-10-15 17:22:02,2025-10-15 15:22:17,2025-10-15 15:22:17,4675740293,3196,01,02,83,123,30,28272,0F,1,16,0.6,20,0,116,1039.8,-24.9931017,-51.5825144,966.1,000EBDCB,0021800F,00006E70,14000219,00000000,00000000,00000000,00000000,00000000,000DD183,00000000,00000000,00000000,00000000,00000000,00000000,02D4,0000,00
2025-10-15 17:22:02,2025-10-15 15:19:18,2025-10-15 15:19:18,4675740293,3195,01,02,83,118,38,28272,2F,1,17,0.6,20,20,115,989.6,-24.9910318,-51.5874784,965.5,000EBBA4,0021802F,00006E70,14000219,00000000,00000000,00000000,00000000,00000000,000DD183,00000000,00000000,00000000,00000000,00000000,00000000,02D4,0000,00
2025-10-15 17:22:02,2025-10-15 15:19:09,2025-10-15 15:19:09,4675740293,3194,01,02,83,118,38,28089,2F,1,17,0.6,20,26,161,988.3,-24.9906392,-51.5878879,965.5,000EBB69,0021802F,00006DB9,14000219,00000000,00000000,00000000,00000000,00000000,000DD183,00000000,00000000,00000000,00000000,00000000,00000000,02D4,0000,00
2025-10-15 17:22:02,2025-10-15 15:18:05,2025-10-15 15:18:05,4675740293,3193,01,02,83,118,38,28181,2F,1,17,0.6,20,23,115,983.9,-24.987312,-51.591223,965.0,000EB970,0021802F,00006E15,14000219,00000000,00000000,00000000,00000000,00000000,000DD183,00000000,00000000,00000000,00000000,00000000,00000000,02D4,0000,00
2025-10-15 17:22:02,2025-10-15 15:17:41,2025-10-15 15:17:41,4675740293,3192,01,02,83,123,30,28333,2F,1,17,0.6,20,23,69,984.3,-24.9872122,-51.5925652,964.8,000EB8E3,0021802F,00006EAD,14000219,00000000,00000000,00000000,00000000,00000000,000DD183,00000000,00000000,00000000,00000000,00000000,00000000,02D4,0000,00
2025-10-15 17:22:02,2025-10-15 15:14:42,2025-10-15 15:14:42,4675740293,3191,01,02,83,118,38,28272,2F,1,17,0.6,20,23,78,999.2,-24.9906254,-51.6045678,963.5,000EB3C3,0021802F,00006E70,14000219,00000000,00000000,00000000,00000000,00000000,000DD183,00000000,00000000,00000000,00000000,00000000,00000000,02D4,0000,00
2025-10-15 17:22:01,2025-10-15 15:13:10,2025-10-15 15:13:10,4675740293,3190,01,02,83,118,38,28211,2F,1,18,0.6,20,30,32,1029.7,-24.9934163,-51.6105692,962.8,000EB118,0021802F,00006E33,14000219,00000000,00000000,00000000,00000000,00000000,000DD183,00000000,00000000,00000000,00000000,00000000,00000000,02D4,0000,00
2025-10-15 17:22:01,2025-10-15 15:12:53,2025-10-15 15:12:53,4675740293,3189,01,02,83,118,38,28302,2F,1,18,0.6,20,28,346,1031.3,-24.9946476,-51.6106188,962.7,000EB08E,0021802F,00006E8E,14000219,00000000,00000000,00000000,00000000,00000000,000DD183,00000000,00000000,00000000,00000000,00000000,00000000,02D4,0000,00
2025-10-15 17:22:01,2025-10-15 15:12:34,2025-10-15 15:12:34,4675740293,3188,01,02,83,118,38,28241,2F,1,18,0.6,20,31,32,1033.7,-24.9958988,-51.6111672,962.5,000EAFF1,0021802F,00006E51,14000219,00000000,00000000,00000000,00000000,00000000,000DD183,00000000,00000000,00000000,00000000,00000000,00000000,02D4,0000,00
2025-10-15 17:22:01,2025-10-15 15:11:39,2025-10-15 15:11:39,4675740293,3187,01,02,83,118,38,28241,2F,1,18,0.6,20,30,346,1031.6,-24.9995496,-51.6109106,962.1,000EAE2F,0021802F,00006E51,14000219,00000000,00000000,00000000,00000000,00000000,000DD183,00000000,00000000,00000000,00000000,00000000,00000000,02D4,0000,00
2025-10-15 17:22:01,2025-10-15 15:10:13,2025-10-15 15:10:13,4675740293,3186,01,02,83,118,38,28333,2F,1,16,0.7,20,28,32,1026.4,-25.0042792,-51.6138641,961.5,000EABC3,0021802F,00006EAD,14000219,00000000,00000000,00000000,00000000,00000000,000DD183,00000000,00000000,00000000,00000000,00000000,00000000,02D4,0000,00
2025-10-15 17:22:01,2025-10-15 15:10:00,2025-10-15 15:10:00,4675740293,3185,01,02,83,118,38,28089,2F,1,16,0.6,20,32,79,1023.0,-25.0047002,-51.6148496,961.4,000EAB53,0021802F,00006DB9,14000219,00000000,00000000,00000000,00000000,00000000,000DD183,00000000,00000000,00000000,00000000,00000000,00000000,02D4,0000,00
2025-10-15 17:22:01,2025-10-15 15:08:49,2025-10-15 15:08:49,4675740293,3184,01,02,83,118,38,28272,2F,1,18,0.6,20,31,33,1052.5,-25.009436,-51.6160684,960.8,000EA8F5,0021802F,00006E70,14000219,00000000,00000000,00000000,00000000,00000000,000DD183,00000000,00000000,00000000,00000000,00000000,00000000,02D4,0000,00
2025-10-15 17:22:00,2025-10-15 15:08:08,2025-10-15 15:08:08,4675740293,3183,01,02,83,118,38,28241,2F,1,16,0.7,20,25,79,1062.9,-25.0102742,-51.6194683,960.4,000EA786,0021802F,00006E51,14000219,00000000,00000000,00000000,00000000,00000000,000DD183,00000000,00000000,00000000,00000000,00000000,00000000,02D4,0000,00
2025-10-15 17:22:00,2025-10-15 15:07:35,2025-10-15 15:07:35,4675740293,3182,01,02,83,118,38,28302,2F,1,18,0.6,20,26,32,1058.5,-25.0121217,-51.6204213,960.2,000EA6A4,0021802F,00006E8E,14000219,00000000,00000000,00000000,00000000,00000000,000DD183,00000000,00000000,00000000,00000000,00000000,00000000,02D4,0000,00
2025-10-15 17:22:00,2025-10-15 15:04:39,2025-10-15 15:04:39,4675740293,3181,01,02,83,118,38,28302,2F,1,18,0.6,20,23,346,1065.8,-25.0225612,-51.6201168,959.0,000EA20C,0021802F,00006E8E,14000219,00000000,00000000,00000000,00000000,00000000,000DD183,00000000,00000000,00000000,00000000,00000000,00000000,02D4,0000,00
2025-10-15 17:22:00,2025-10-15 15:02:49,2025-10-15 15:02:49,4675740293,3180,01,02,83,118,38,28272,2F,1,18,0.6,20,13,32,1049.1,-25.0275412,-51.6240369,958.3,000E9F35,0021802F,00006E70,14000219,00000000,00000000,00000000,00000000,00000000,000DD183,00000000,00000000,00000000,00000000,00000000,00000000,02D4,0000,00
2025-10-15 17:22:00,2025-10-15 15:02:40,2025-10-15 15:02:40,4675740293,3179,01,02,83,118,38,28211,2F,1,17,0.6,20,16,346,1041.7,-25.0278598,-51.6240887,958.2,000E9F12,0021802F,00006E33,14000219,00000000,00000000,00000000,00000000,00000000,000DD183,00000000,00000000,00000000,00000000,00000000,00000000,02D4,0000,00
2025-10-15 17:22:00,2025-10-15 15:02:31,2025-10-15 15:02:31,4675740293,3178,01,02,83,118,38,28120,2F,1,17,0.6,20,13,300,1038.3,-25.02813,-51.6239167,958.2,000E9EEE,0021802F,00006DD8,14000219,00000000,00000000,00000000,00000000,00000000,000DD183,00000000,00000000,00000000,00000000,00000000,00000000,02D4,0000,00
2025-10-15 17:22:00,2025-10-15 15:02:24,2025-10-15 15:02:24,4675740293,3177,01,02,83,118,38,28302,2F,1,16,0.7,20,16,347,1035.1,-25.0283347,-51.623776,958.2,000E9ED4,0021802F,00006E8E,14000219,00000000,00000000,00000000,00000000,00000000,000DD183,00000000,00000000,00000000,00000000,00000000,00000000,02D4,0000,00
2025-10-15 17:21:59,2025-10-15 15:01:54,2025-10-15 15:01:54,4675740293,3176,01,02,83,118,38,28241,2F,1,18,0.6,20,23,35,1032.6,-25.0293781,-51.6248322,958.0,000E9E2A,0021802F,00006E51,14000219,00000000,00000000,00000000,00000000,00000000,000DD183,00000000,00000000,00000000,00000000,00000000,00000000,02D4,0000,00
2025-10-15 17:21:59,2025-10-15 14:59:53,2025-10-15 14:59:53,4675740293,3175,01,02,83,118,38,28241,2F,1,18,0.6,20,24,347,1041.1,-25.0353879,-51.6229824,957.3,000E9B51,0021802F,00006E51,14000219,00000000,00000000,00000000,00000000,00000000,000DD183,00000000,00000000,00000000,00000000,00000000,00000000,02D4,0000,00
2025-10-15 17:21:59,2025-10-15 14:59:18,2025-10-15 14:59:18,4675740293,3174,01,02,83,118,38,28272,2F,1,18,0.6,20,17,301,1063.7,-25.0362828,-51.6217323,957.1,000E9AA9,0021802F,00006E70,14000219,00000000,00000000,00000000,00000000,00000000,000DD183,00000000,00000000,00000000,00000000,00000000,00000000,02D4,0000,00
2025-10-15 17:21:59,2025-10-15 14:59:00,2025-10-15 14:59:00,4675740293,3173,01,02,83,118,38,28272,2F,1,18,0.6,20,19,347,1067.6,-25.0368842,-51.621185,957.0,000E9A52,0021802F,00006E70,14000219,00000000,00000000,00000000,00000000,00000000,000DD183,00000000,00000000,00000000,00000000,00000000,00000000,02D4,0000,00
2025-10-15 17:21:59,2025-10-15 14:58:32,2025-10-15 14:58:32,4675740293,3172,01,02,83,118,38,28272,2F,1,18,0.6,20,22,33,1075.0,-25.0381501,-51.622117,956.8,000E99A3,0021802F,00006E70,14000219,00000000,00000000,00000000,00000000,00000000,000DD183,00000000,00000000,00000000,00000000,00000000,00000000,02D4,0000,00
2025-10-15 17:21:59,2025-10-15 14:57:04,2025-10-15 14:57:04,4675740293,3171,01,02,83,118,38,28302,2F,1,18,0.6,20,23,347,1082.6,-25.0442903,-51.622996,956.1,000E96F0,0021802F,00006E8E,14000219,00000000,00000000,00000000,00000000,00000000,000DD183,00000000,00000000,00000000,00000000,00000000,00000000,02D4,0000,00
2025-10-15 17:21:58,2025-10-15 14:56:21,2025-10-15 14:56:21,4675740293,3170,01,02,83,118,38,28241,2F,1,18,0.6,20,21,300,1096.7,-25.0460379,-51.6213514,955.9,000E95EE,0021802F,00006E51,14000219,00000000,00000000,00000000,00000000,00000000,000DD183,00000000,00000000,00000000,00000000,00000000,00000000,02D4,0000,00
2025-10-15 17:21:58,2025-10-15 14:55:24,2025-10-15 14:55:24,4675740293,3169,01,02,83,118,38,28272,2F,1,18,0.6,20,20,348,1085.0,-25.0488287,-51.6205419,955.5,000E949D,0021802F,00006E70,14000219,00000000,00000000,00000000,00000000,00000000,000DD183,00000000,00000000,00000000,00000000,00000000,00000000,02D4,0000,00
2025-10-15 17:21:58,2025-10-15 14:54:26,2025-10-15 14:54:26,4675740293,3168,01,02,83,118,38,28241,2F,1,15,0.7,20,25,34,1091.4,-25.0515387,-51.6230248,955.1,000E9308,0021802F,00006E51,14000219,00000000,00000000,00000000,00000000,00000000,000DD183,00000000,00000000,00000000,00000000,00000000,00000000,02D4,0000,00
2025-10-15 17:21:58,2025-10-15 14:54:07,2025-10-15 14:54:07,4675740293,3167,01,02,83,118,38,28241,2F,1,17,0.6,20,23,348,1095.1,-25.0526678,-51.6232657,955.0,000E9286,0021802F,00006E51,14000219,00000000,00000000,00000000,00000000,00000000,000DD183,00000000,00000000,00000000,00000000,00000000,00000000,02D4,0000,00
2025-10-15 17:21:58,2025-10-15 14:51:56,2025-10-15 14:51:56,4675740293,3166,01,02,83,123,30,28089,0F,1,18,0.6,20,0,32,1104.1,-25.0550691,-51.6237417,954.7,000E9172,0021800F,00006DB9,14000219,00000000,00000000,00000000,00000000,00000000,000DD183,00000000,00000000,00000000,00000000,00000000,00000000,02D4,0000,00
2025-10-15 17:21:58,2025-10-15 14:48:56,2025-10-15 14:48:56,4675740293,3165,01,02,83,123,30,28302,2F,1,18,0.6,20,21,351,1103.6,-25.0558184,-51.6239425,954.6,000E9117,0021802F,00006E8E,14000219,00000000,00000000,00000000,00000000,00000000,000DD183,00000000,00000000,00000000,00000000,00000000,00000000,02D4,FF9E,00
2025-10-15 17:21:58,2025-10-15 14:45:57,2025-10-15 14:45:57,4675740293,3164,01,02,83,118,38,28272,2F,1,14,0.7,20,19,358,1114.9,-25.0639923,-51.6227848,953.7,000E8D65,0021802F,00006E70,14000219,00000000,00000000,00000000,00000000,00000000,000DD183,00000000,00000000,00000000,00000000,00000000,00000000,0000,0000,00
2025-10-15 17:21:57,2025-10-15 14:44:26,2025-10-15 14:43:37,4675740293,3163,01,02,83,123,30,28302,2F,1,17,0.6,20,19,317,1121.9,-25.069941,-51.6236606,953.0,000E8AD5,0021802F,00006E8E,14000219,00000000,00000000,00000000,00000000,00000000,000DD183,00000000,00000000,00000000,00000000,00000000,00000000,0000,0000,00
2025-10-15 17:21:57,2025-10-15 14:41:25,2025-10-15 14:40:01,4675740293,3162,01,02,83,123,30,28272,0F,1,17,0.6,24,0,297,1098.0,-25.0716742,-51.6199883,952.6,000E890F,0021800F,00006E70,14000219,00000000,00000000,00000000,00000000,00000000,000DD183,00000000,00000000,00000000,00000000,00000000,00000000,0000,0000,00
2025-10-15 17:21:57,2025-10-15 14:38:26,2025-10-15 14:38:26,4675740293,3161,01,02,83,123,30,28029,0F,1,17,0.6,20,0,297,1095.5,-25.0716679,-51.6199932,952.6,000E890F,0021800F,00006D7D,14000219,00000000,00000000,00000000,00000000,00000000,000DD183,00000000,00000000,00000000,00000000,00000000,00000000,02D4,0000,00
2025-10-15 17:21:57,2025-10-15 14:35:26,2025-10-15 14:35:26,4675740293,3160,01,02,83,123,30,28272,0F,1,17,0.6,20,0,107,1097.1,-25.0717876,-51.6198201,952.6,000E8901,0021800F,00006E70,14000219,00000000,00000000,00000000,00000000,00000000,000DD183,00000000,00000000,00000000,00000000,00000000,00000000,02D4,0000,00
2025-10-15 17:21:57,2025-10-15 14:32:26,2025-10-15 14:32:26,4675740293,3159,01,02,83,123,30,28181,0F,1,17,0.6,20,0,107,1097.4,-25.0717861,-51.6198188,952.6,000E8901,0021800F,00006E15,14000219,00000000,00000000,00000000,00000000,00000000,000DD183,00000000,00000000,00000000,00000000,00000000,00000000,02D4,0000,00
2025-10-15 17:21:57,2025-10-15 14:29:26,2025-10-15 14:29:26,4675740293,3158,01,02,83,123,30,28150,0F,1,17,0.6,20,0,107,1096.0,-25.071782,-51.6198251,952.6,000E8901,0021800F,00006DF6,14000219,00000000,00000000,00000000,00000000,00000000,000DD183,00000000,00000000,00000000,00000000,00000000,00000000,02D4,0000,00
2025-10-15 17:21:56,2025-10-15 14:26:27,2025-10-15 14:26:27,4675740293,3157,01,02,83,118,38,28181,2F,1,17,0.6,20,23,109,1115.7,-25.0710185,-51.6220484,952.3,000E87DA,0021802F,00006E15,14000219,00000000,00000000,00000000,00000000,00000000,000DD183,00000000,00000000,00000000,00000000,00000000,00000000,02D4,0000,00
2025-10-15 17:21:56,2025-10-15 14:25:21,2025-10-15 14:25:21,4675740293,3156,01,02,83,118,38,28272,2F,1,17,0.6,20,20,155,1117.6,-25.0691816,-51.6244186,952.0,000E869A,0021802F,00006E70,14000219,00000000,00000000,00000000,00000000,00000000,000DD183,00000000,00000000,00000000,00000000,00000000,00000000,02D4,0000,00
2025-10-15 17:21:56,2025-10-15 14:23:36,2025-10-15 14:23:36,4675740293,3155,01,02,83,118,38,28241,2F,1,17,0.6,20,17,201,1121.2,-25.0645231,-51.622884,951.4,000E844F,0021802F,00006E51,14000219,00000000,00000000,00000000,00000000,00000000,000DD183,00000000,00000000,00000000,00000000,00000000,00000000,02D4,FF9E,00
2025-10-15 17:21:56,2025-10-15 14:22:32,2025-10-15 14:22:32,4675740293,3154,01,02,83,123,30,28272,2F,1,17,0.6,20,19,155,1129.4,-25.0609177,-51.6226664,951.0,000E82BA,0021802F,00006E70,14000219,00000000,00000000,00000000,00000000,00000000,000DD183,00000000,00000000,00000000,00000000,00000000,00000000,02D4,FFA0,00
2025-10-15 17:21:56,2025-10-15 14:19:33,2025-10-15 14:19:33,4675740293,3153,01,02,83,118,38,28241,2F,1,16,0.6,20,25,175,1093.7,-25.0523657,-51.623321,950.0,000E7ED0,0021802F,00006E51,14000219,00000000,00000000,00000000,00000000,00000000,000DD183,00000000,00000000,00000000,00000000,00000000,00000000,0000,0000,00
2025-10-15 17:21:56,2025-10-15 14:18:27,2025-10-15 14:18:27,4675740293,3152,01,02,83,118,38,28272,2F,1,14,0.7,20,26,223,1092.9,-25.0493612,-51.6207425,949.5,000E7D1C,0021802F,00006E70,14000219,00000000,00000000,00000000,00000000,00000000,000DD183,00000000,00000000,00000000,00000000,00000000,00000000,0000,0000,00
2025-10-15 17:21:56,2025-10-15 14:17:46,2025-10-15 14:17:46,4675740293,3151,01,02,83,118,38,28272,2F,1,17,0.6,20,20,177,1101.0,-25.0470949,-51.6206468,949.3,000E7C24,0021802F,00006E70,14000219,00000000,00000000,00000000,00000000,00000000,000DD183,00000000,00000000,00000000,00000000,00000000,00000000,0000,0000,00
2025-10-15 17:21:55,2025-10-15 14:17:01,2025-10-15 14:17:01,4675740293,3150,01,02,83,118,38,28272,2F,1,17,0.6,20,16,129,1093.1,-25.0454499,-51.6221924,949.0,000E7B2C,0021802F,00006E70,14000219,00000000,00000000,00000000,00000000,00000000,000DD183,00000000,00000000,00000000,00000000,00000000,00000000,0000,0000,00
2025-10-15 17:21:55,2025-10-15 14:15:40,2025-10-15 14:15:40,4675740293,3149,01,02,83,118,38,28241,2F,1,18,0.6,20,19,175,1081.0,-25.0413112,-51.6229689,948.6,000E794A,0021802F,00006E51,14000219,00000000,00000000,00000000,00000000,00000000,000DD183,00000000,00000000,00000000,00000000,00000000,00000000,0000,0000,00
2025-10-15 17:21:55,2025-10-15 14:14:34,2025-10-15 14:14:34,4675740293,3148,01,02,83,118,38,28211,2F,1,17,0.6,20,20,221,1072.0,-25.0377188,-51.6216865,948.1,000E779E,0021802F,00006E33,14000219,00000000,00000000,00000000,00000000,00000000,000DD183,00000000,00000000,00000000,00000000,00000000,00000000,0000,0000,00
2025-10-15 17:21:55,2025-10-15 14:14:14,2025-10-15 14:14:14,4675740293,3147,01,02,83,118,38,28211,2F,1,17,0.6,20,16,175,1066.0,-25.0369183,-51.6211812,948.0,000E7734,0021802F,00006E33,14000219,00000000,00000000,00000000,00000000,00000000,000DD183,00000000,00000000,00000000,00000000,00000000,00000000,0000,0000,00
2025-10-15 17:21:55,2025-10-15 14:13:37,2025-10-15 14:13:37,4675740293,3146,01,02,83,118,38,28241,2F,1,16,0.6,20,21,128,1050.0,-25.0358156,-51.6226973,947.8,000E7669,0021802F,00006E51,14000219,00000000,00000000,00000000,00000000,00000000,000DD183,00000000,00000000,00000000,00000000,00000000,00000000,0000,0000,00
2025-10-15 17:21:55,2025-10-15 14:12:18,2025-10-15 14:12:18,4675740293,3145,01,02,83,118,38,28302,2F,1,14,0.7,20,22,175,1038.1,-25.0322155,-51.6234757,947.4,000E74C6,0021802F,00006E8E,14000219,00000000,00000000,00000000,00000000,00000000,000DD183,00000000,00000000,00000000,00000000,00000000,00000000,0000,0000,00
2025-10-15 17:21:54,2025-10-15 14:11:57,2025-10-15 14:11:57,4675740293,3144,01,02,83,118,38,28211,2F,1,14,0.7,20,20,127,1040.2,-25.0312523,-51.624188,947.3,000E7446,0021802F,00006E33,14000219,00000000,00000000,00000000,00000000,00000000,000DD183,00000000,00000000,00000000,00000000,00000000,00000000,0000,0000,00
2025-10-15 17:21:54,2025-10-15 14:11:27,2025-10-15 14:11:27,4675740293,3143,01,02,83,118,38,28241,2F,1,16,0.6,20,17,174,1037.3,-25.0299303,-51.6250233,947.1,000E739C,0021802F,00006E51,14000219,00000000,00000000,00000000,00000000,00000000,000DD183,00000000,00000000,00000000,00000000,00000000,00000000,0000,0000,00
2025-10-15 17:21:54,2025-10-15 14:10:51,2025-10-15 14:10:51,4675740293,3142,01,02,83,118,38,28302,2F,1,16,0.7,20,19,221,1039.1,-25.0287705,-51.623975,946.9,000E72EB,0021802F,00006E8E,14000219,00000000,00000000,00000000,00000000,00000000,000DD183,00000000,00000000,00000000,00000000,00000000,00000000,0000,0000,00
2025-10-15 17:21:54,2025-10-15 14:10:29,2025-10-15 14:10:29,4675740293,3141,01,02,83,118,38,28272,2F,1,17,0.6,20,19,175,1053.5,-25.0277755,-51.6240847,946.8,000E726F,0021802F,00006E70,14000219,00000000,00000000,00000000,00000000,00000000,000DD183,00000000,00000000,00000000,00000000,00000000,00000000,0000,0000,00
2025-10-15 17:21:54,2025-10-15 14:09:04,2025-10-15 14:09:04,4675740293,3140,01,02,83,118,38,28241,2F,1,16,0.7,20,24,221,1078.8,-25.0248751,-51.6205427,946.3,000E7083,0021802F,00006E51,14000219,00000000,00000000,00000000,00000000,00000000,000DD183,00000000,00000000,00000000,00000000,00000000,00000000,0000,0000,00
2025-10-15 17:21:54,2025-10-15 14:08:10,2025-10-15 14:08:10,4675740293,3139,01,02,83,123,30,28272,2F,1,15,0.7,20,28,175,1073.2,-25.0217279,-51.6205817,945.9,000E6F12,0021802F,00006E70,14000219,00000000,00000000,00000000,00000000,00000000,000DD183,00000000,00000000,00000000,00000000,00000000,00000000,0000,0000,00
2025-10-15 17:21:54,2025-10-15 14:05:11,2025-10-15 14:05:11,4675740293,3138,01,02,83,118,38,28150,2F,1,17,0.6,20,19,190,1072.5,-25.0111106,-51.6202843,944.8,000E6A92,0021802F,00006DF6,14000219,00000000,00000000,00000000,00000000,00000000,000DD183,00000000,00000000,00000000,00000000,00000000,00000000,0000,0000,00
2025-10-15 17:21:53,2025-10-15 14:04:15,2025-10-15 14:04:15,4675740293,3137,01,02,83,118,38,28272,2F,1,17,0.6,20,33,236,1058.6,-25.0099066,-51.6166823,944.4,000E68F2,0021802F,00006E70,14000219,00000000,00000000,00000000,00000000,00000000,000DD183,00000000,00000000,00000000,00000000,00000000,00000000,0000,0000,00
2025-10-15 17:21:53,2025-10-15 14:03:15,2025-10-15 14:03:15,4675740293,3136,01,02,83,118,38,28181,2F,1,17,0.6,20,24,190,1029.5,-25.005799,-51.6162392,943.9,000E6706,0021802F,00006E15,14000219,00000000,00000000,00000000,00000000,00000000,000DD183,00000000,00000000,00000000,00000000,00000000,00000000,0000,0000,00
2025-10-15 17:21:53,2025-10-15 14:02:45,2025-10-15 14:02:45,4675740293,3135,01,02,83,118,38,28272,2F,1,14,0.7,20,35,239,1024.6,-25.0045497,-51.6141927,943.6,000E65FE,0021802F,00006E70,14000219,00000000,00000000,00000000,00000000,00000000,000DD183,00000000,00000000,00000000,00000000,00000000,00000000,0000,0000,00
2025-10-15 17:21:53,2025-10-15 14:01:34,2025-10-15 14:01:34,4675740293,3134,01,02,83,118,38,28272,2F,1,15,0.7,20,31,192,1036.1,-24.9998644,-51.610952,943.0,000E6385,0021802F,00006E70,14000219,00000000,00000000,00000000,00000000,00000000,000DD183,00000000,00000000,00000000,00000000,00000000,00000000,0000,0000,00
2025-10-15 17:21:53,2025-10-15 14:01:16,2025-10-15 14:01:16,4675740293,3133,01,02,83,118,38,28272,2F,1,17,0.6,20,29,146,1036.6,-24.9986183,-51.6116833,942.8,000E62E6,0021802F,00006E70,14000219,00000000,00000000,00000000,00000000,00000000,000DD183,00000000,00000000,00000000,00000000,00000000,00000000,0000,0000,00
2025-10-15 17:21:53,2025-10-15 14:00:12,2025-10-15 14:00:12,4675740293,3132,01,02,83,118,38,28181,2F,1,17,0.6,20,28,193,1035.2,-24.9936494,-51.6107132,942.2,000E609D,0021802F,00006E15,14000219,00000000,00000000,00000000,00000000,00000000,000DD183,00000000,00000000,00000000,00000000,00000000,00000000,0000,0000,00
2025-10-15 17:21:52,2025-10-15 13:58:57,2025-10-15 13:58:57,4675740293,3131,01,02,83,118,38,28211,2F,1,15,0.7,20,27,239,1014.8,-24.9908815,-51.6053334,941.6,000E5E21,0021802F,00006E33,14000219,00000000,00000000,00000000,00000000,00000000,000DD183,00000000,00000000,00000000,00000000,00000000,00000000,0000,0000,00
2025-10-15 17:21:52,2025-10-15 13:58:29,2025-10-15 13:58:29,4675740293,3130,01,02,83,118,38,28302,2F,1,18,0.6,20,34,285,990.8,-24.9908887,-51.6030465,941.4,000E5D2F,0021802F,00006E8E,14000219,00000000,00000000,00000000,00000000,00000000,000DD183,00000000,00000000,00000000,00000000,00000000,00000000,0000,0000,00
2025-10-15 17:21:52,2025-10-15 13:56:31,2025-10-15 13:56:31,4675740293,3129,01,02,83,118,38,28181,2F,1,18,0.6,20,31,239,1000.8,-24.9877853,-51.5940204,940.4,000E594D,0021802F,00006E15,14000219,00000000,00000000,00000000,00000000,00000000,000DD183,00000000,00000000,00000000,00000000,00000000,00000000,0000,0000,00
2025-10-15 17:21:52,2025-10-15 13:55:57,2025-10-15 13:55:57,4675740293,3128,01,02,83,118,38,28241,2F,1,18,0.6,20,28,285,994.2,-24.9872198,-51.5913653,940.1,000E5831,0021802F,00006E51,14000219,00000000,00000000,00000000,00000000,00000000,000DD183,00000000,00000000,00000000,00000000,00000000,00000000,0000,0000,00
2025-10-15 17:21:52,2025-10-15 13:54:57,2025-10-15 13:54:57,4675740293,3127,01,02,83,118,38,28272,2F,1,17,0.6,20,28,331,999.3,-24.9907179,-51.5878159,939.5,000E561D,0021802F,00006E70,14000219,00000000,00000000,00000000,00000000,00000000,000DD183,00000000,00000000,00000000,00000000,00000000,00000000,0000,0000,00
2025-10-15 17:21:52,2025-10-15 13:52:03,2025-10-15 13:52:03,4675740293,3126,01,02,83,118,38,28272,2F,1,17,0.6,20,33,285,1056.7,-24.9950588,-51.5746574,938.0,000E5039,0021802F,00006E70,14000219,00000000,00000000,00000000,00000000,00000000,000DD183,00000000,00000000,00000000,00000000,00000000,00000000,0000,0000,00
2025-10-15 17:21:52,2025-10-15 13:51:08,2025-10-15 13:51:08,4675740293,3125,01,02,83,118,38,28241,2F,1,18,0.6,20,14,235,1052.5,-24.9931508,-51.570895,937.6,000E4E7C,0021802F,00006E51,14000219,00000000,00000000,00000000,00000000,00000000,000DD183,00000000,00000000,00000000,00000000,00000000,00000000,0000,0000,00
2025-10-15 17:21:51,2025-10-15 13:48:50,2025-10-15 13:48:50,4675740293,3124,01,02,83,123,30,28211,0F,1,16,0.6,20,0,136,989.8,-24.9881759,-51.5711526,937.0,000E4C51,0021800F,00006E33,14000219,00000000,00000000,00000000,00000000,00000000,000DD183,00000000,00000000,00000000,00000000,00000000,00000000,0000,0000,00
2025-10-15 17:21:51,2025-10-15 13:45:50,2025-10-15 13:45:48,4675740293,3123,01,02,83,123,30,28302,0F,1,18,0.6,20,3,327,992.3,-24.9880766,-51.5712273,937.0,000E4C4B,0021800F,00006E8E,14000219,00000000,00000000,00000000,00000000,00000000,000DD183,00000000,00000000,00000000,00000000,00000000,00000000,0000,0000,00
2025-10-15 17:21:51,2025-10-15 13:42:50,2025-10-15 13:42:50,4675740293,3122,01,02,83,123,30,28272,0F,1,17,0.6,20,0,306,991.9,-24.9880417,-51.5712663,937.0,000E4C20,0021800F,00006E70,14000219,00000000,00000000,00000000,00000000,00000000,000DD183,00000000,00000000,00000000,00000000,00000000,00000000,0000,0000,00
2025-10-15 17:21:51,2025-10-15 13:39:52,2025-10-15 13:37:42,4675740293,3121,01,02,83,255,44,28089,0F,1,17,0.6,24,0,48,1028.5,-24.9910642,-51.5711003,936.7,000E4ADE,0021800F,00006DB9,14000219,00000000,00000000,00000000,00000000,00000000,000DD183,00000000,00000000,00000000,00000000,00000000,00000000,0000,0000,00
2025-10-15 17:21:51,2025-10-15 13:39:49,2025-10-15 13:37:42,4675740293,3120,01,02,83,112,21,26843,0F,1,17,0.6,24,0,48,1028.5,-24.9910642,-51.5711003,936.7,000E4ADE,0021800F,000068DB,14000219,00000000,00000000,00000000,00000000,00000000,00000000,00000000,00000000,00000000,00000000,00000000,00000000,0000,0000,00
2025-10-15 17:21:51,2025-10-15 13:37:19,2025-10-15 13:37:19,4675740293,3119,01,02,83,75,27,26448,0E,0,17,0.6,20,0,48,1028.6,-24.9910648,-51.5711008,936.7,000E4ADE,0021800E,00006750,14000219,00000000,00000000,00000000,00000000,00000000,00000000,00000000,00000000,00000000,00000000,00000000,00000000,0000,0000,00
2025-10-15 17:21:50,2025-10-15 13:32:19,2025-10-15 13:32:19,4675740293,3118,01,02,83,128,20,27481,0E,0,17,0.6,20,0,48,1025.3,-24.9910682,-51.5710689,936.7,000E4ADE,0021800E,00006B59,14000219,00000000,00000000,00000000,00000000,00000000,00000000,00000000,00000000,00000000,00000000,00000000,00000000,0000,0000,00
2025-10-15 17:21:50,2025-10-15 13:32:18,2025-10-15 13:32:18,4675740293,3117,01,02,83,255,45,27998,0E,0,17,0.6,20,0,48,1025.8,-24.9910652,-51.571072,936.7,000E4ADE,0021800E,00006D5E,14000219,00000000,00000000,00000000,00000000,00000000,00000000,00000000,00000000,00000000,00000000,00000000,00000000,0000,0000,00
2025-10-15 17:21:50,2025-10-15 13:31:53,2025-10-15 13:31:53,4675740293,3116,01,02,83,123,30,28120,0F,1,17,0.6,20,5,54,1025.2,-24.9910752,-51.5710852,936.7,000E4ADC,0021800F,00006DD8,14000219,00000000,00000000,00000000,00000000,00000000,000DD183,00000000,00000000,00000000,00000000,00000000,00000000,0000,0000,00
2025-10-15 17:21:50,2025-10-15 13:28:53,2025-10-15 13:28:53,4675740293,3115,01,02,83,123,30,28241,0F,1,17,0.6,20,9,350,1037.2,-24.9920148,-51.5710025,936.6,000E4A74,0021800F,00006E51,14000219,00000000,00000000,00000000,00000000,00000000,000DD183,00000000,00000000,00000000,00000000,00000000,00000000,0000,0000,00
2025-10-15 17:21:50,2025-10-15 13:25:54,2025-10-15 13:25:54,4675740293,3114,01,02,83,118,38,28333,2F,1,19,0.6,20,29,51,1055.5,-24.9946909,-51.5728939,936.2,000E48EE,0021802F,00006EAD,14000219,00000000,00000000,00000000,00000000,00000000,000DD183,00000000,00000000,00000000,00000000,00000000,00000000,0000,0000,00
2025-10-15 17:21:50,2025-10-15 13:25:33,2025-10-15 13:25:33,4675740293,3113,01,02,83,118,38,28302,2F,1,16,0.6,20,32,97,1054.2,-24.9950918,-51.5745346,936.0,000E4843,0021802F,00006E8E,14000219,00000000,00000000,00000000,00000000,00000000,000DD183,00000000,00000000,00000000,00000000,00000000,00000000,0000,0000,00
2025-10-15 17:21:50,2025-10-15 13:25:04,2025-10-15 13:25:04,4675740293,3112,01,02,83,118,38,28241,2F,1,19,0.5,20,28,143,1052.5,-24.9937245,-51.5762027,935.8,000E4759,0021802F,00006E51,14000219,00000000,00000000,00000000,00000000,00000000,000DD183,00000000,00000000,00000000,00000000,00000000,00000000,0000,0000,00
2025-10-15 17:21:49,2025-10-15 13:22:42,2025-10-15 13:22:42,4675740293,3111,01,02,83,118,38,28302,2F,1,16,0.6,20,12,97,1024.6,-24.9921751,-51.5846964,934.8,000E43BA,0021802F,00006E8E,14000219,00000000,00000000,00000000,00000000,00000000,000DD183,00000000,00000000,00000000,00000000,00000000,00000000,0000,0000,00
2025-10-15 17:21:49,2025-10-15 13:20:10,2025-10-15 13:20:10,4675740293,3110,01,02,83,118,38,28241,2F,1,19,0.6,20,28,143,987.9,-24.9875221,-51.5909565,934.0,000E4074,0021802F,00006E51,14000219,00000000,00000000,00000000,00000000,00000000,000DD183,00000000,00000000,00000000,00000000,00000000,00000000,0000,0000,00
2025-10-15 17:21:49,2025-10-15 13:19:29,2025-10-15 13:19:29,4675740293,3109,01,02,83,118,38,28302,2F,1,18,0.6,20,19,97,993.0,-24.9871213,-51.5920603,933.9,000E3FFB,0021802F,00006E8E,14000219,00000000,00000000,00000000,00000000,00000000,000DD183,00000000,00000000,00000000,00000000,00000000,00000000,0000,0000,00
2025-10-15 17:21:49,2025-10-15 13:18:55,2025-10-15 13:18:55,4675740293,3108,01,02,83,118,38,28272,2F,1,16,0.6,20,27,51,1003.5,-24.9880981,-51.5944254,933.6,000E3EF3,0021802F,00006E70,14000219,00000000,00000000,00000000,00000000,00000000,000DD183,00000000,00000000,00000000,00000000,00000000,00000000,0000,0000,00
2025-10-15 17:21:49,2025-10-15 13:16:25,2025-10-15 13:16:25,4675740293,3107,01,02,83,118,38,28272,2F,1,20,0.5,20,22,97,1006.1,-24.9905728,-51.6042107,932.6,000E3ACB,0021802F,00006E70,14000219,00000000,00000000,00000000,00000000,00000000,000DD183,00000000,00000000,00000000,00000000,00000000,00000000,0000,0000,00
2025-10-15 17:21:49,2025-10-15 13:14:48,2025-10-15 13:14:48,4675740293,3106,01,02,83,118,38,28302,2F,1,20,0.5,20,30,51,1038.8,-24.9932287,-51.6103997,931.9,000E3818,0021802F,00006E8E,14000219,00000000,00000000,00000000,00000000,00000000,000DD183,00000000,00000000,00000000,00000000,00000000,00000000,0000,0000,00
2025-10-15 17:21:48,2025-10-15 13:13:37,2025-10-15 13:13:37,4675740293,3105,01,02,83,118,38,28211,2F,1,19,0.6,20,29,5,1038.2,-24.9979818,-51.6118307,931.3,000E35E3,0021802F,00006E33,14000219,00000000,00000000,00000000,00000000,00000000,000DD183,00000000,00000000,00000000,00000000,00000000,00000000,0000,0000,00
2025-10-15 17:21:48,2025-10-15 13:13:18,2025-10-15 13:13:18,4675740293,3104,01,02,83,118,38,28241,2F,1,19,0.6,20,28,319,1039.3,-24.9991014,-51.6112031,931.2,000E3551,0021802F,00006E51,14000219,00000000,00000000,00000000,00000000,00000000,000DD183,00000000,00000000,00000000,00000000,00000000,00000000,0000,0000,00
2025-10-15 17:21:48,2025-10-15 13:13:07,2025-10-15 13:13:07,4675740293,3103,01,02,83,118,38,28241,2F,1,19,0.6,20,25,5,1039.3,-24.9997375,-51.6108853,931.1,000E3501,0021802F,00006E51,14000219,00000000,00000000,00000000,00000000,00000000,000DD183,00000000,00000000,00000000,00000000,00000000,00000000,0000,0000,00
2025-10-15 17:21:48,2025-10-15 13:11:17,2025-10-15 13:11:17,4675740293,3102,01,02,83,118,38,28272,2F,1,17,0.6,20,31,51,1030.7,-25.00504,-51.6157002,930.3,000E31D7,0021802F,00006E70,14000219,00000000,00000000,00000000,00000000,00000000,000DD183,00000000,00000000,00000000,00000000,00000000,00000000,0000,0000,00
2025-10-15 17:21:48,2025-10-15 13:10:24,2025-10-15 13:10:24,4675740293,3101,01,02,83,118,38,28272,2F,1,19,0.6,20,33,5,1059.7,-25.0090783,-51.6159435,929.8,000E3004,0021802F,00006E70,14000219,00000000,00000000,00000000,00000000,00000000,000DD183,00000000,00000000,00000000,00000000,00000000,00000000,0000,0000,00
2025-10-15 17:21:48,2025-10-15 13:09:34,2025-10-15 13:09:34,4675740293,3100,01,02,83,118,38,28272,2F,1,18,0.6,20,25,51,1070.2,-25.010272,-51.6196205,929.4,000E2E5B,0021802F,00006E70,14000219,00000000,00000000,00000000,00000000,00000000,000DD183,00000000,00000000,00000000,00000000,00000000,00000000,0000,0000,00
2025-10-15 17:21:48,2025-10-15 13:09:11,2025-10-15 13:09:11,4675740293,3099,01,02,83,123,30,28272,2F,1,19,0.6,20,24,5,1072.6,-25.0114327,-51.6203106,929.2,000E2DC4,0021802F,00006E70,14000219,00000000,00000000,00000000,00000000,00000000,000DD183,00000000,00000000,00000000,00000000,00000000,00000000,0000,0000,00
2025-10-15 17:21:47,2025-10-15 13:06:11,2025-10-15 13:06:11,4675740293,3098,01,02,83,118,38,28241,2F,1,16,0.6,20,23,350,1071.9,-25.0225573,-51.6201223,928.0,000E28E1,0021802F,00006E51,14000219,00000000,00000000,00000000,00000000,00000000,000DD183,00000000,00000000,00000000,00000000,00000000,00000000,0000,0000,00
2025-10-15 17:21:47,2025-10-15 13:04:00,2025-10-15 13:04:00,4675740293,3097,01,02,83,118,38,28272,2F,1,16,0.6,20,12,36,1050.9,-25.0275152,-51.6240021,927.2,000E2611,0021802F,00006E70,14000219,00000000,00000000,00000000,00000000,00000000,000DD183,00000000,00000000,00000000,00000000,00000000,00000000,0000,0000,00
2025-10-15 17:21:47,2025-10-15 13:03:33,2025-10-15 13:03:33,4675740293,3096,01,02,83,118,38,28302,2F,1,14,0.7,20,12,350,1039.4,-25.0283713,-51.6237712,927.1,000E25AB,0021802F,00006E8E,14000219,00000000,00000000,00000000,00000000,00000000,000DD183,00000000,00000000,00000000,00000000,00000000,00000000,0000,0000,00
2025-10-15 17:21:47,2025-10-15 13:03:11,2025-10-15 13:03:11,4675740293,3095,01,02,83,118,38,28272,2F,1,16,0.6,20,29,47,1036.6,-25.0291314,-51.6246019,927.0,000E252C,0021802F,00006E70,14000219,00000000,00000000,00000000,00000000,00000000,000DD183,00000000,00000000,00000000,00000000,00000000,00000000,0000,0000,00
2025-10-15 17:21:47,2025-10-15 13:02:57,2025-10-15 13:02:57,4675740293,3094,01,02,83,118,38,28272,2F,1,15,0.7,20,21,1,1044.1,-25.0298792,-51.6250333,926.9,000E24C7,0021802F,00006E70,14000219,00000000,00000000,00000000,00000000,00000000,000DD183,00000000,00000000,00000000,00000000,00000000,00000000,0000,0000,00
2025-10-15 17:21:47,2025-10-15 13:02:28,2025-10-15 13:02:28,4675740293,3093,01,02,83,118,38,28272,2F,1,15,0.7,20,21,313,1043.0,-25.0314197,-51.6239771,926.7,000E23FA,0021802F,00006E70,14000219,00000000,00000000,00000000,00000000,00000000,000DD183,00000000,00000000,00000000,00000000,00000000,00000000,0000,0000,00
2025-10-15 17:21:46,2025-10-15 13:00:22,2025-10-15 12:29:40,4675740293,3092,01,02,83,255,44,28181,0F,1,15,0.7,24,0,271,1061.9,-25.0354835,-51.6229831,926.2,000E2227,0021800F,00006E15,14000219,00000000,00000000,00000000,00000000,00000000,000DD183,00000000,00000000,00000000,00000000,00000000,00000000,0000,0000,00
2025-10-15 17:21:46,2025-10-15 13:00:18,2025-10-15 12:29:40,4675740293,3091,01,02,83,112,21,22739,0F,1,15,0.7,24,0,271,1061.9,-25.0354835,-51.6229831,926.2,000E2227,0021800F,000058D3,14000219,00000000,00000000,00000000,00000000,00000000,00000000,00000000,00000000,00000000,00000000,00000000,00000000,0000,0000,00
2025-10-15 17:21:46,2025-10-15 12:29:17,2025-10-15 12:29:17,4675740293,3090,01,02,83,75,27,25870,0E,0,15,0.7,20,0,0,1056.6,-25.0354803,-51.6229625,926.2,000E2227,0021800E,0000650E,14000219,00000000,00000000,00000000,00000000,00000000,00000000,00000000,00000000,00000000,00000000,00000000,00000000,0000,0000,00
2025-10-15 17:21:46,2025-10-15 11:29:13,2025-10-15 11:29:13,4675740293,3089,01,02,83,75,27,26569,0E,0,16,0.7,20,0,332,1043.7,-25.0354889,-51.6230014,926.2,000E2227,0021800E,000067C9,14000219,00000000,00000000,00000000,00000000,00000000,00000000,00000000,00000000,00000000,00000000,00000000,00000000,0005,0000,00
2025-10-15 17:21:46,2025-10-15 11:24:13,2025-10-15 11:24:13,4675740293,3088,01,02,83,128,20,27664,0E,0,17,0.6,20,0,332,1044.3,-25.0354846,-51.6230066,926.2,000E2227,0021800E,00006C10,14000219,00000000,00000000,00000000,00000000,00000000,00000000,00000000,00000000,00000000,00000000,00000000,00000000,0005,0000,00
2025-10-15 17:21:46,2025-10-15 11:24:11,2025-10-15 11:24:11,4675740293,3087,01,02,83,255,45,27907,0E,0,17,0.6,20,0,332,1044.3,-25.0354846,-51.6230066,926.2,000E2227,0021800E,00006D03,14000219,00000000,00000000,00000000,00000000,00000000,00000000,00000000,00000000,00000000,00000000,00000000,00000000,0005,0000,00
2025-10-15 17:21:46,2025-10-15 11:22:56,2025-10-15 11:22:56,4675740293,3086,01,02,83,118,38,28241,2F,1,18,0.6,20,17,308,1064.5,-25.0363157,-51.6216495,926.1,000E217C,0021802F,00006E51,14000219,00000000,00000000,00000000,00000000,00000000,000DD183,00000000,00000000,00000000,00000000,00000000,00000000,0005,0000,00
2025-10-15 17:21:45,2025-10-15 11:22:41,2025-10-15 11:22:41,4675740293,3085,01,02,83,118,38,28211,2F,1,18,0.6,20,22,354,1068.3,-25.0368852,-51.6211851,926.0,000E212F,0021802F,00006E33,14000219,00000000,00000000,00000000,00000000,00000000,000DD183,00000000,00000000,00000000,00000000,00000000,00000000,0005,0000,00
2025-10-15 17:21:45,2025-10-15 11:22:17,2025-10-15 11:22:17,4675740293,3084,01,02,83,118,38,28181,2F,1,18,0.6,20,21,41,1074.1,-25.0379961,-51.622016,925.8,000E2096,0021802F,00006E15,14000219,00000000,00000000,00000000,00000000,00000000,000DD183,00000000,00000000,00000000,00000000,00000000,00000000,0005,0000,00
2025-10-15 17:21:45,2025-10-15 11:20:44,2025-10-15 11:20:44,4675740293,3083,01,02,83,118,38,28272,2F,1,16,0.7,20,24,354,1083.2,-25.044172,-51.6230358,925.1,000E1DD7,0021802F,00006E70,14000219,00000000,00000000,00000000,00000000,00000000,000DD183,00000000,00000000,00000000,00000000,00000000,00000000,0005,0000,00
2025-10-15 17:21:45,2025-10-15 11:19:57,2025-10-15 11:19:57,4675740293,3082,01,02,83,118,38,28241,2F,1,18,0.6,20,23,308,1103.8,-25.0460914,-51.6212107,924.9,000E1CB6,0021802F,00006E51,14000219,00000000,00000000,00000000,00000000,00000000,000DD183,00000000,00000000,00000000,00000000,00000000,00000000,0005,0000,00
2025-10-15 17:21:45,2025-10-15 11:18:58,2025-10-15 11:18:58,4675740293,3081,01,02,83,118,38,28302,2F,1,14,0.8,20,21,355,1089.4,-25.0489301,-51.6205454,924.5,000E1B70,0021802F,00006E8E,14000219,00000000,00000000,00000000,00000000,00000000,000DD183,00000000,00000000,00000000,00000000,00000000,00000000,0005,0000,00
2025-10-15 17:21:45,2025-10-15 11:18:04,2025-10-15 11:18:04,4675740293,3080,01,02,83,118,38,28302,2F,1,14,0.8,20,27,42,1094.6,-25.0514364,-51.6229512,924.1,000E19EE,0021802F,00006E8E,14000219,00000000,00000000,00000000,00000000,00000000,000DD183,00000000,00000000,00000000,00000000,00000000,00000000,0005,0000,00
2025-10-15 17:21:44,2025-10-15 11:16:37,2025-10-15 11:16:37,4675740293,3079,01,02,83,123,30,28272,2F,1,16,0.7,20,20,356,1106.7,-25.0558433,-51.6239447,923.6,000E17F1,0021802F,00006E70,14000219,00000000,00000000,00000000,00000000,00000000,000DD183,00000000,00000000,00000000,00000000,00000000,00000000,0005,0000,00
2025-10-15 17:21:44,2025-10-15 11:13:37,2025-10-15 11:13:37,4675740293,3078,01,02,83,118,38,28181,2F,1,16,0.7,20,24,347,1119.0,-25.0637703,-51.6228113,922.7,000E1453,0021802F,00006E15,14000219,00000000,00000000,00000000,00000000,00000000,000DD183,00000000,00000000,00000000,00000000,00000000,00000000,0000,0000,00
2025-10-15 17:21:44,2025-10-15 11:12:33,2025-10-15 11:12:33,4675740293,3077,01,02,83,118,38,28302,2F,1,15,0.8,20,22,33,1110.4,-25.0660121,-51.6243895,922.4,000E131E,0021802F,00006E8E,14000219,00000000,00000000,00000000,00000000,00000000,000DD183,00000000,00000000,00000000,00000000,00000000,00000000,0000,0000,00
2025-10-15 17:21:44,2025-10-15 11:10:49,2025-10-15 11:10:49,4675740293,3076,01,02,83,118,38,28211,2F,1,17,0.6,20,13,347,1118.8,-25.0691138,-51.6244568,922.0,000E11C1,0021802F,00006E33,14000219,00000000,00000000,00000000,00000000,00000000,000DD183,00000000,00000000,00000000,00000000,00000000,00000000,0000,0000,00
2025-10-15 17:21:44,2025-10-15 11:09:48,2025-10-15 11:09:48,4675740293,3075,01,02,83,123,30,28272,2F,1,15,0.8,20,22,300,1119.0,-25.0708268,-51.6224326,921.8,000E10A8,0021802F,00006E70,14000219,00000000,00000000,00000000,00000000,00000000,000DD183,00000000,00000000,00000000,00000000,00000000,00000000,0000,0000,00
2025-10-15 17:21:44,2025-10-15 11:06:48,2025-10-15 11:06:48,4675740293,3074,01,02,83,123,30,28302,0F,1,14,0.8,20,0,85,1099.1,-25.0716858,-51.6198656,921.4,000E0F61,0021800F,00006E8E,14000219,00000000,00000000,00000000,00000000,00000000,000DD183,00000000,00000000,00000000,00000000,00000000,00000000,0000,0000,00
2025-10-15 17:21:44,2025-10-15 11:03:48,2025-10-15 11:03:48,4675740293,3073,01,02,83,123,30,28272,0F,1,15,0.7,20,0,292,1100.2,-25.071681,-51.6199698,921.4,000E0F61,0021800F,00006E70,14000219,00000000,00000000,00000000,00000000,00000000,000DD183,00000000,00000000,00000000,00000000,00000000,00000000,0000,0000,00
2025-10-15 17:21:43,2025-10-15 11:00:48,2025-10-15 11:00:48,4675740293,3072,01,02,83,123,30,28272,0F,1,13,0.8,20,0,292,1100.1,-25.0716883,-51.619977,921.4,000E0F61,0021800F,00006E70,14000219,00000000,00000000,00000000,00000000,00000000,000DD183,00000000,00000000,00000000,00000000,00000000,00000000,0000,0000,00
2025-10-15 17:21:43,2025-10-15 10:57:48,2025-10-15 10:57:48,4675740293,3071,01,02,83,123,30,28211,0F,1,16,0.7,20,0,219,1101.5,-25.0717398,-51.6198642,921.4,000E0F3E,0021800F,00006E33,14000219,00000000,00000000,00000000,00000000,00000000,000DD183,00000000,00000000,00000000,00000000,00000000,00000000,02D4,0000,80
2025-10-15 17:21:43,2025-10-15 10:54:48,2025-10-15 10:54:48,4675740293,3070,01,02,83,123,30,28302,0F,1,16,0.7,20,0,219,1100.3,-25.0717377,-51.6198606,921.4,000E0F3E,0021800F,00006E8E,14000219,00000000,00000000,00000000,00000000,00000000,000DD183,00000000,00000000,00000000,00000000,00000000,00000000,02D4,0000,80
2025-10-15 17:21:43,2025-10-15 10:51:48,2025-10-15 10:51:48,4675740293,3069,01,02,83,118,38,28272,2F,1,15,0.7,20,18,104,1115.5,-25.0710392,-51.6219033,921.1,000E0E24,0021802F,00006E70,14000219,00000000,00000000,00000000,00000000,00000000,000DD183,00000000,00000000,00000000,00000000,00000000,00000000,02D4,0000,80
2025-10-15 17:21:43,2025-10-15 10:50:38,2025-10-15 10:50:38,4675740293,3068,01,02,83,118,38,28333,2F,1,15,0.7,20,13,150,1120.4,-25.0691567,-51.6244175,920.8,000E0CD7,0021802F,00006EAD,14000219,00000000,00000000,00000000,00000000,00000000,000DD183,00000000,00000000,00000000,00000000,00000000,00000000,02D4,0000,80
2025-10-15 17:21:43,2025-10-15 10:48:17,2025-10-15 10:48:17,4675740293,3067,01,02,83,118,38,28241,2F,1,15,0.7,20,22,197,1117.8,-25.0622332,-51.6227039,920.0,000E0993,0021802F,00006E51,14000219,00000000,00000000,00000000,00000000,00000000,000DD183,00000000,00000000,00000000,00000000,00000000,00000000,02D4,FF9F,80
2025-10-15 17:21:42,2025-10-15 10:46:33,2025-10-15 10:46:33,4675740293,3066,01,02,83,118,38,28272,2F,1,16,0.7,20,20,151,1112.0,-25.0572784,-51.6237161,919.4,000E0744,0021802F,00006E70,14000219,00000000,00000000,00000000,00000000,00000000,000DD183,00000000,00000000,00000000,00000000,00000000,00000000,02D4,0000,80
2025-10-15 17:21:42,2025-10-15 10:44:43,2025-10-15 10:44:43,4675740293,3065,01,02,83,118,38,28241,2F,1,15,0.7,20,27,197,1090.6,-25.0520505,-51.6232867,918.8,000E04ED,0021802F,00006E51,14000219,00000000,00000000,00000000,00000000,00000000,000DD183,00000000,00000000,00000000,00000000,00000000,00000000,02D4,0000,80
2025-10-15 17:21:42,2025-10-15 10:44:15,2025-10-15 10:44:15,4675740293,3064,01,02,83,118,38,28272,2F,1,16,0.7,20,21,243,1089.7,-25.0507919,-51.6221678,918.6,000E0430,0021802F,00006E70,14000219,00000000,00000000,00000000,00000000,00000000,000DD183,00000000,00000000,00000000,00000000,00000000,00000000,02D4,0000,80
2025-10-15 17:21:42,2025-10-15 10:43:17,2025-10-15 10:43:17,4675740293,3063,01,02,83,118,38,28272,2F,1,15,0.7,20,25,197,1094.3,-25.048252,-51.6205533,918.2,000E02D9,0021802F,00006E70,14000219,00000000,00000000,00000000,00000000,00000000,000DD183,00000000,00000000,00000000,00000000,00000000,00000000,02D4,0000,80
2025-10-15 17:21:42,2025-10-15 10:41:48,2025-10-15 10:41:48,4675740293,3062,01,02,83,118,38,28302,2F,1,17,0.6,20,23,150,1081.1,-25.0445184,-51.6228851,917.7,000E00F1,0021802F,00006E8E,14000219,00000000,00000000,00000000,00000000,00000000,000DD183,00000000,00000000,00000000,00000000,00000000,00000000,02D4,0000,80
2025-10-15 17:21:42,2025-10-15 10:39:36,2025-10-15 10:39:36,4675740293,3061,01,02,83,118,38,28302,2F,1,17,0.6,20,18,196,1064.9,-25.0370101,-51.621199,916.9,000DFD81,0021802F,00006E8E,14000219,00000000,00000000,00000000,00000000,00000000,000DD183,00000000,00000000,00000000,00000000,00000000,00000000,02D4,0000,80
2025-10-15 17:21:42,2025-10-15 10:38:21,2025-10-15 10:38:21,4675740293,3060,01,02,83,118,38,28241,2F,1,15,0.7,20,19,148,1039.0,-25.0339784,-51.6234678,916.4,000DFBC9,0021802F,00006E51,14000219,00000000,00000000,00000000,00000000,00000000,000DD183,00000000,00000000,00000000,00000000,00000000,00000000,02D4,0000,80
2025-10-15 17:21:41,2025-10-15 10:38:10,2025-10-15 10:38:10,4675740293,3059,01,02,83,118,38,28302,2F,1,15,0.7,20,16,195,1039.7,-25.0334818,-51.6234546,916.4,000DFB95,0021802F,00006E8E,14000219,00000000,00000000,00000000,00000000,00000000,000DD183,00000000,00000000,00000000,00000000,00000000,00000000,02D4,0000,80
2025-10-15 17:21:41,2025-10-15 10:37:16,2025-10-15 10:37:16,4675740293,3058,01,02,83,118,38,28272,2F,1,16,0.7,20,27,149,1040.0,-25.0307432,-51.6247195,916.0,000DFA3A,0021802F,00006E70,14000219,00000000,00000000,00000000,00000000,00000000,000DD183,00000000,00000000,00000000,00000000,00000000,00000000,02D4,0000,80
2025-10-15 17:21:41,2025-10-15 10:36:55,2025-10-15 10:36:55,4675740293,3057,01,02,83,118,38,28363,2F,1,15,0.7,20,18,195,1038.3,-25.029646,-51.6249922,915.9,000DF9BB,0021802F,00006ECB,14000219,00000000,00000000,00000000,00000000,00000000,000DD183,00000000,00000000,00000000,00000000,00000000,00000000,02D4,0000,80
2025-10-15 17:21:41,2025-10-15 10:36:34,2025-10-15 10:36:34,4675740293,3056,01,02,83,118,38,28272,2F,1,16,0.7,20,21,241,1036.7,-25.0289383,-51.6242232,915.8,000DF94B,0021802F,00006E70,14000219,00000000,00000000,00000000,00000000,00000000,000DD183,00000000,00000000,00000000,00000000,00000000,00000000,02D4,0000,80
2025-10-15 17:21:41,2025-10-15 10:36:25,2025-10-15 10:36:25,4675740293,3055,01,02,83,118,38,28302,2F,1,16,0.7,20,22,195,1041.5,-25.028516,-51.623801,915.7,000DF90B,0021802F,00006E8E,14000219,00000000,00000000,00000000,00000000,00000000,000DD183,00000000,00000000,00000000,00000000,00000000,00000000,02D4,0000,80
2025-10-15 17:21:41,2025-10-15 10:36:15,2025-10-15 10:36:15,4675740293,3054,01,02,83,118,38,28272,2F,1,16,0.7,20,26,149,1046.5,-25.0279806,-51.6239858,915.7,000DF8C7,0021802F,00006E70,14000219,00000000,00000000,00000000,00000000,00000000,000DD183,00000000,00000000,00000000,00000000,00000000,00000000,02D4,0000,80
2025-10-15 17:21:40,2025-10-15 10:36:07,2025-10-15 10:36:07,4675740293,3053,01,02,83,118,38,28241,2F,1,17,0.6,20,20,199,1052.2,-25.0275935,-51.6240634,915.6,000DF897,0021802F,00006E51,14000219,00000000,00000000,00000000,00000000,00000000,000DD183,00000000,00000000,00000000,00000000,00000000,00000000,02D4,0000,80
2025-10-15 17:21:40,2025-10-15 10:34:53,2025-10-15 10:34:53,4675740293,3052,01,02,83,118,38,28272,2F,1,17,0.6,20,20,246,1073.8,-25.024972,-51.6207477,915.2,000DF6D9,0021802F,00006E70,14000219,00000000,00000000,00000000,00000000,00000000,000DD183,00000000,00000000,00000000,00000000,00000000,00000000,02D4,0000,80
2025-10-15 17:21:40,2025-10-15 10:34:08,2025-10-15 10:34:08,4675740293,3051,01,02,83,118,38,28211,2F,1,17,0.6,20,18,200,1066.8,-25.0227341,-51.6201338,914.9,000DF5CF,0021802F,00006E33,14000219,00000000,00000000,00000000,00000000,00000000,000DD183,00000000,00000000,00000000,00000000,00000000,00000000,02D4,0000,80
2025-10-15 17:21:40,2025-10-15 10:33:53,2025-10-15 10:33:53,4675740293,3050,01,02,83,118,38,28302,2F,1,16,0.7,20,26,153,1069.1,-25.0220548,-51.6204756,914.8,000DF577,0021802F,00006E8E,14000219,00000000,00000000,00000000,00000000,00000000,000DD183,00000000,00000000,00000000,00000000,00000000,00000000,02D4,0000,80
2025-10-15 17:21:40,2025-10-15 10:30:58,2025-10-15 10:30:58,4675740293,3049,01,02,83,118,38,28272,2F,1,17,0.6,20,23,200,1064.4,-25.0109679,-51.620186,913.6,000DF0B0,0021802F,00006E70,14000219,00000000,00000000,00000000,00000000,00000000,000DD183,00000000,00000000,00000000,00000000,00000000,00000000,02D4,0000,80
2025-10-15 17:21:40,2025-10-15 10:30:08,2025-10-15 10:30:08,4675740293,3048,01,02,83,118,38,28302,2F,1,15,0.7,20,30,246,1059.6,-25.0100184,-51.6169687,913.2,000DEF41,0021802F,00006E8E,14000219,00000000,00000000,00000000,00000000,00000000,000DD183,00000000,00000000,00000000,00000000,00000000,00000000,02D4,0000,80
2025-10-15 17:21:40,2025-10-15 10:29:00,2025-10-15 10:29:00,4675740293,3047,01,02,83,118,38,28333,2F,1,16,0.7,20,27,200,1028.8,-25.0056736,-51.6162389,912.7,000DED2D,0021802F,00006EAD,14000219,00000000,00000000,00000000,00000000,00000000,000DD183,00000000,00000000,00000000,00000000,00000000,00000000,02D4,0000,80
2025-10-15 17:21:39,2025-10-15 10:28:32,2025-10-15 10:28:32,4675740293,3046,01,02,83,118,38,28302,2F,1,16,0.7,20,33,248,1023.3,-25.0045825,-51.6143779,912.4,000DEC41,0021802F,00006E8E,14000219,00000000,00000000,00000000,00000000,00000000,000DD183,00000000,00000000,00000000,00000000,00000000,00000000,02D4,0000,80
2025-10-15 17:21:39,2025-10-15 10:27:26,2025-10-15 10:27:26,4675740293,3045,01,02,83,118,38,28333,2F,1,15,0.7,20,32,202,1032.4,-25.0007075,-51.6112879,911.9,000DEA22,0021802F,00006EAD,14000219,00000000,00000000,00000000,00000000,00000000,000DD183,00000000,00000000,00000000,00000000,00000000,00000000,02D4,0000,80
2025-10-15 17:21:39,2025-10-15 10:26:54,2025-10-15 10:26:54,4675740293,3044,01,02,83,118,38,28302,2F,1,16,0.7,20,31,156,1034.3,-24.9985186,-51.611754,911.6,000DE90C,0021802F,00006E8E,14000219,00000000,00000000,00000000,00000000,00000000,000DD183,00000000,00000000,00000000,00000000,00000000,00000000,02D4,0000,80
2025-10-15 17:21:39,2025-10-15 10:25:43,2025-10-15 10:25:43,4675740293,3043,01,02,83,118,38,28302,2F,1,15,0.7,20,29,202,1032.9,-24.9934864,-51.6106646,911.0,000DE6BC,0021802F,00006E8E,14000219,00000000,00000000,00000000,00000000,00000000,000DD183,00000000,00000000,00000000,00000000,00000000,00000000,02D4,0000,80
2025-10-15 17:21:39,2025-10-15 10:24:42,2025-10-15 10:24:42,4675740293,3042,01,02,83,123,30,28241,2F,1,16,0.7,20,25,248,1023.8,-24.9912368,-51.6061118,910.5,000DE4AF,0021802F,00006E51,14000219,00000000,00000000,00000000,00000000,00000000,000DD183,00000000,00000000,00000000,00000000,00000000,00000000,02D4,0000,80
2025-10-15 17:21:39,2025-10-15 10:21:42,2025-10-15 10:21:42,4675740293,3041,01,02,83,118,38,28272,2F,1,16,0.7,20,29,252,989.8,-24.9871268,-51.5924855,909.0,000DDED5,0021802F,00006E70,14000219,00000000,00000000,00000000,00000000,00000000,000DD183,00000000,00000000,00000000,00000000,00000000,00000000,02D4,0000,80
2025-10-15 17:21:39,2025-10-15 10:20:22,2025-10-15 10:20:22,4675740293,3040,01,02,83,123,30,28302,2F,1,16,0.7,20,30,298,995.0,-24.990946,-51.587548,908.3,000DDC2A,0021802F,00006E8E,14000219,00000000,00000000,00000000,00000000,00000000,000DD183,00000000,00000000,00000000,00000000,00000000,00000000,02D4,0000,80
2025-10-15 17:21:38,2025-10-15 10:17:22,2025-10-15 10:17:22,4675740293,3039,01,02,83,118,38,28241,2F,1,16,0.7,20,32,280,1049.3,-24.9950521,-51.5746234,906.9,000DD669,0021802F,00006E51,14000219,00000000,00000000,00000000,00000000,00000000,000DD183,00000000,00000000,00000000,00000000,00000000,00000000,02D4,FFA5,80
2025-10-15 17:21:38,2025-10-15 10:16:13,2025-10-15 10:16:13,4675740293,3038,01,02,83,118,38,28272,2F,1,16,0.7,20,12,234,1045.4,-24.993169,-51.5709103,906.4,000DD4B2,0021802F,00006E70,14000219,00000000,00000000,00000000,00000000,00000000,000DD183,00000000,00000000,00000000,00000000,00000000,00000000,0005,0000,80
2025-10-15 17:21:38,2025-10-15 10:14:34,2025-10-15 10:14:34,4675740293,3037,01,02,83,123,30,28272,0F,1,15,0.7,20,0,309,1019.7,-24.991032,-51.5711593,906.2,000DD3BC,0021800F,00006E70,14000219,00000000,00000000,00000000,00000000,00000000,000DD183,00000000,00000000,00000000,00000000,00000000,00000000,0005,0000,80
2025-10-15 17:21:38,2025-10-15 10:11:34,2025-10-15 10:11:34,4675740293,3036,01,02,83,123,30,28272,0F,1,15,0.7,20,0,309,1021.2,-24.9910289,-51.571158,906.2,000DD3BC,0021800F,00006E70,14000219,00000000,00000000,00000000,00000000,00000000,000DD183,00000000,00000000,00000000,00000000,00000000,00000000,0005,0000,80
2025-10-15 17:21:38,2025-10-15 10:08:34,2025-10-15 10:08:34,4675740293,3035,01,02,83,118,38,28302,2F,1,16,0.6,20,14,347,1042.5,-24.992837,-51.5708511,906.0,000DD2E7,0021802F,00006E8E,14000219,00000000,00000000,00000000,00000000,00000000,000DD183,00000000,00000000,00000000,00000000,00000000,00000000,0005,FF74,88
2025-10-15 17:21:38,2025-10-15 10:07:08,2025-10-15 10:07:08,4675740293,3034,01,02,83,123,30,28333,2F,1,16,0.6,20,21,256,1033.7,-24.9921288,-51.565786,905.4,000DD0B6,0021802F,00006EAD,14000219,00000000,00000000,00000000,00000000,00000000,000DD183,00000000,00000000,00000000,00000000,00000000,00000000,0005,FF74,88
2025-10-15 17:21:37,2025-10-15 10:04:08,2025-10-15 10:04:08,4675740293,3033,01,02,83,118,38,28272,2F,1,16,0.6,20,15,257,979.5,-24.992086,-51.5575691,904.6,000DCD76,0021802F,00006E70,14000219,00000000,00000000,00000000,00000000,00000000,000DD183,00000000,00000000,00000000,00000000,00000000,00000000,0005,FF74,88
2025-10-15 17:21:37,2025-10-15 10:03:45,2025-10-15 10:03:45,4675740293,3032,01,02,83,118,38,28302,2F,1,16,0.6,20,14,303,971.0,-24.9924588,-51.5567924,904.5,000DCD19,0021802F,00006E8E,14000219,00000000,00000000,00000000,00000000,00000000,000DD183,00000000,00000000,00000000,00000000,00000000,00000000,0005,FF74,88
2025-10-15 17:21:37,2025-10-15 10:03:08,2025-10-15 10:03:08,4675740293,3031,01,02,83,118,38,28272,2F,1,16,0.6,20,27,257,968.6,-24.9925279,-51.5548027,904.3,000DCC44,0021802F,00006E70,14000219,00000000,00000000,00000000,00000000,00000000,000DD183,00000000,00000000,00000000,00000000,00000000,00000000,0005,FF74,88
2025-10-15 17:21:37,2025-10-15 10:03:02,2025-10-15 10:03:02,4675740293,3030,01,02,83,118,38,28302,2F,1,16,0.6,20,25,303,971.7,-24.9925557,-51.5543873,904.2,000DCC1A,0021802F,00006E8E,14000219,00000000,00000000,00000000,00000000,00000000,000DD183,00000000,00000000,00000000,00000000,00000000,00000000,0005,FF74,88
2025-10-15 17:21:37,2025-10-15 10:02:29,2025-10-15 10:02:29,4675740293,3029,01,02,83,118,38,28272,2F,1,16,0.6,20,23,349,987.2,-24.9946766,-51.5534279,904.0,000DCB1E,0021802F,00006E70,14000219,00000000,00000000,00000000,00000000,00000000,000DD183,00000000,00000000,00000000,00000000,00000000,00000000,0005,FF74,88
2025-10-15 17:21:37,2025-10-15 10:02:13,2025-10-15 10:02:13,4675740293,3028,01,02,83,118,38,28302,2F,1,15,0.7,20,20,302,987.4,-24.9953175,-51.5528961,903.9,000DCABF,0021802F,00006E8E,14000219,00000000,00000000,00000000,00000000,00000000,000DD183,00000000,00000000,00000000,00000000,00000000,00000000,0005,FF74,88
2025-10-15 17:21:37,2025-10-15 10:01:46,2025-10-15 10:01:46,4675740293,3027,01,02,83,118,38,28302,2F,1,15,0.7,20,29,253,978.4,-24.9955334,-51.5511466,903.7,000DCA0D,0021802F,00006E8E,14000219,00000000,00000000,00000000,00000000,00000000,000DD183,00000000,00000000,00000000,00000000,00000000,00000000,0005,FF74,88
2025-10-15 17:21:36,2025-10-15 10:00:38,2025-10-15 10:00:38,4675740293,3026,01,02,83,118,38,28302,2F,1,16,0.6,20,19,206,1012.0,-24.9914669,-51.5493501,903.2,000DC823,0021802F,00006E8E,14000219,00000000,00000000,00000000,00000000,00000000,000DD183,00000000,00000000,00000000,00000000,00000000,00000000,0005,FF74,88
2025-10-15 17:21:36,2025-10-15 10:00:32,2025-10-15 10:00:32,4675740293,3025,01,02,83,118,38,28089,0F,1,16,0.6,20,17,273,1014.6,-24.9913152,-51.549151,903.2,000DC804,0021800F,00006DB9,14000219,00000000,00000000,00000000,00000000,00000000,000DD183,00000000,00000000,00000000,00000000,00000000,00000000,0005,FF74,88
2025-10-15 17:21:36,2025-10-15 09:59:52,2025-10-15 09:59:52,4675740293,3024,01,02,83,118,38,28302,0F,1,15,0.7,20,60,320,1019.4,-24.9932737,-51.5469296,902.9,000DC6CD,0021800F,00006E8E,14000219,00000000,00000000,00000000,00000000,00000000,000DD183,00000000,00000000,00000000,00000000,00000000,00000000,0005,FF74,88
2025-10-15 17:21:36,2025-10-15 09:58:48,2025-10-15 09:58:48,4675740293,3023,01,02,83,123,30,28333,0F,1,15,0.7,20,71,6,1053.4,-25.0049638,-51.5443903,901.5,000DC17C,0021800F,00006EAD,14000219,00000000,00000000,00000000,00000000,00000000,000DD183,00000000,00000000,00000000,00000000,00000000,00000000,0005,FF76,AF
2025-10-15 09:55:49,2025-10-15 09:55:48,2025-10-15 09:55:48,4675740293,3022,01,02,83,118,38,28302,2F,1,16,0.7,00,16,350,1057.3,-25.0305971,-51.5475562,898.6,000DB642,0021802F,00006E8E,14000219,00000000,00000000,00000000,00000000,00000000,000DD183,00000000,00000000,00000000,00000000,00000000,00000000,0005,FF94,AF
2025-10-15 09:55:07,2025-10-15 09:55:07,2025-10-15 09:55:07,4675740293,3021,01,02,83,118,38,28272,0F,1,16,0.7,00,10,56,1052.2,-25.0311967,-51.5477464,898.5,000DB5E7,0021800F,00006E70,14000219,00000000,00000000,00000000,00000000,00000000,000DD183,00000000,00000000,00000000,00000000,00000000,00000000,0005,FFA1,AF
2025-10-15 09:54:31,2025-10-15 09:54:19,2025-10-15 09:52:37,4675740293,3020,01,02,83,112,21,28211,0F,1,16,0.7,24,0,106,1051.5,-25.0322227,-51.5478698,898.4,000DB570,0021800F,00006E33,14000219,00000000,00000000,00000000,00000000,00000000,000DD183,00000000,00000000,00000000,00000000,00000000,00000000,0000,0000,00
2025-10-15 09:54:31,2025-10-15 09:54:19,2025-10-15 09:52:37,4675740293,3019,01,02,83,255,44,28211,0F,1,16,0.7,24,0,106,1051.5,-25.0322227,-51.5478698,898.4,000DB570,0021800F,00006E33,14000219,00000000,00000000,00000000,00000000,00000000,000DD183,00000000,00000000,00000000,00000000,00000000,00000000,0000,0000,00
2025-10-15 09:54:31,2025-10-15 09:52:27,2025-10-15 09:52:27,4675740293,3018,01,02,83,75,27,26539,0E,0,15,0.7,20,0,106,1051.5,-25.0322224,-51.5478701,898.4,000DB570,0021800E,000067AB,14000219,00000000,00000000,00000000,00000000,00000000,00000000,00000000,00000000,00000000,00000000,00000000,00000000,0005,FF93,AF
2025-10-15 09:47:28,2025-10-15 09:47:27,2025-10-15 09:47:27,4675740293,3017,01,02,83,128,20,27481,0E,0,15,0.7,00,0,106,1049.5,-25.0322155,-51.5478778,898.4,000DB570,0021800E,00006B59,14000219,00000000,00000000,00000000,00000000,00000000,00000000,00000000,00000000,00000000,00000000,00000000,00000000,0005,FF93,AF
2025-10-15 09:47:26,2025-10-15 09:47:26,2025-10-15 09:47:26,4675740293,3016,01,02,83,255,45,27785,0E,0,16,0.7,00,0,106,1049.5,-25.0322156,-51.547878,898.4,000DB570,0021800E,00006C89,14000219,00000000,00000000,00000000,00000000,00000000,00000000,00000000,00000000,00000000,00000000,00000000,00000000,0005,FF93,AF
2025-10-15 09:45:44,2025-10-15 09:45:43,2025-10-15 09:45:43,4675740293,3015,01,02,83,123,30,28302,2F,1,16,0.7,00,12,348,1039.6,-25.0335456,-51.5470676,898.2,000DB488,0021802F,00006E8E,14000219,00000000,00000000,00000000,00000000,00000000,000DD183,00000000,00000000,00000000,00000000,00000000,00000000,0005,FF89,AF
2025-10-15 09:42:45,2025-10-15 09:42:44,2025-10-15 09:42:44,4675740293,3014,01,02,83,118,38,28272,0F,1,15,0.7,00,20,4,1045.9,-25.049916,-51.5424033,896.3,000DAD1B,0021800F,00006E70,14000219,00000000,00000000,00000000,00000000,00000000,000DD183,00000000,00000000,00000000,00000000,00000000,00000000,0005,FF9E,AF
2025-10-15 09:41:48,2025-10-15 09:41:48,2025-10-15 09:41:48,4675740293,3013,01,02,83,255,44,28211,0F,1,15,0.7,00,0,333,1049.9,-25.0505617,-51.5421136,896.2,000DACD2,0021800F,00006E33,14000219,00000000,00000000,00000000,00000000,00000000,000DD183,00000000,00000000,00000000,00000000,00000000,00000000,0005,FFA5,AF
2025-10-15 09:41:45,2025-10-15 09:41:44,2025-10-15 09:41:44,4675740293,3012,01,02,83,112,21,28089,0F,1,14,0.7,00,0,140,1042.7,-25.0505834,-51.5421245,896.2,000DACD2,0021800F,00006DB9,14000219,00000000,00000000,00000000,00000000,00000000,00000000,00000000,00000000,00000000,00000000,00000000,00000000,0005,FFA5,AF
2025-10-15 09:41:41,2025-10-15 09:35:10,2025-10-15 09:35:10,4675740293,3011,01,02,83,75,27,26569,0E,0,16,0.6,20,0,234,1042.4,-25.0505934,-51.5421275,896.2,000DACD2,0021800E,000067C9,14000219,00000000,00000000,00000000,00000000,00000000,00000000,00000000,00000000,00000000,00000000,00000000,00000000,0005,FFA8,AF
2025-10-15 09:30:11,2025-10-15 09:30:10,2025-10-15 09:30:10,4675740293,3010,01,02,83,128,20,27269,0E,0,15,0.7,00,0,6,1042.0,-25.0506188,-51.5421229,896.2,000DACD2,0021800E,00006A85,14000219,00000000,00000000,00000000,00000000,00000000,00000000,00000000,00000000,00000000,00000000,00000000,00000000,0005,FFA5,AF
2025-10-15 09:30:10,2025-10-15 09:30:10,2025-10-15 09:30:10,4675740293,3009,01,02,83,255,45,27238,0E,0,15,0.7,00,0,6,1042.0,-25.0506188,-51.5421229,896.2,000DACD2,0021800E,00006A66,14000219,00000000,00000000,00000000,00000000,00000000,00000000,00000000,00000000,00000000,00000000,00000000,00000000,0005,FFA5,AF
2025-10-15 09:30:09,2025-10-15 09:30:08,2025-10-15 09:30:08,4675740293,3008,01,02,83,112,21,27238,0E,0,15,0.7,00,0,6,1042.4,-25.0506237,-51.5421161,896.2,000DACD2,0021800E,00006A66,14000219,00000000,00000000,00000000,00000000,00000000,00000000,00000000,00000000,00000000,00000000,00000000,00000000,0005,FFA5,AF
2025-10-15 09:29:36,2025-10-15 09:29:35,2025-10-15 09:29:35,4675740293,3007,01,02,83,128,20,27664,0E,0,16,0.6,00,0,1,1044.1,-25.0506119,-51.5421089,896.2,000DACD2,0021800E,00006C10,14000219,00000000,00000000,00000000,00000000,00000000,00000000,00000000,00000000,00000000,00000000,00000000,00000000,0005,FFA7,AF
2025-10-15 09:29:35,2025-10-15 09:29:34,2025-10-15 09:29:34,4675740293,3006,01,02,83,255,45,27755,0E,0,16,0.6,00,0,1,1044.1,-25.0506125,-51.5421085,896.2,000DACD2,0021800E,00006C6B,14000219,00000000,00000000,00000000,00000000,00000000,00000000,00000000,00000000,00000000,00000000,00000000,00000000,0005,FFA7,AF
2025-10-15 09:29:30,2025-10-15 09:29:30,2025-10-15 09:29:30,4675740293,3005,01,02,83,255,45,27998,0E,0,15,0.7,00,0,1,1044.8,-25.0506134,-51.542102,896.2,000DACD2,0021800E,00006D5E,14000219,00000000,00000000,00000000,00000000,00000000,00000000,00000000,00000000,00000000,00000000,00000000,00000000,0005,FFA7,AF
2025-10-15 09:29:14,2025-10-15 09:29:13,2025-10-15 09:29:13,4675740293,3004,01,02,83,118,38,28241,0F,1,16,0.6,00,10,359,1047.4,-25.0507209,-51.5420854,896.2,000DACC5,0021800F,00006E51,14000219,00000000,00000000,00000000,00000000,00000000,000DD183,00000000,00000000,00000000,00000000,00000000,00000000,0005,FF98,AF
2025-10-15 09:29:07,2025-10-15 09:29:07,2025-10-15 09:29:07,4675740293,3003,01,02,83,118,38,28272,0F,1,15,0.7,00,22,49,1049.5,-25.0509506,-51.5422761,896.2,000DACA6,0021800F,00006E70,14000219,00000000,00000000,00000000,00000000,00000000,000DD183,00000000,00000000,00000000,00000000,00000000,00000000,0005,FF98,AF
2025-10-15 09:28:54,2025-10-15 09:28:53,2025-10-15 09:28:53,4675740293,3002,01,02,83,123,30,28302,2F,1,15,0.7,00,56,2,1052.3,-25.0523399,-51.5425089,896.0,000DABFC,0021802F,00006E8E,14000219,00000000,00000000,00000000,00000000,00000000,000DD183,00000000,00000000,00000000,00000000,00000000,00000000,0005,FF9B,AF
2025-10-15 09:27:41,2025-10-15 09:25:53,2025-10-15 09:25:53,4675740293,3001,01,02,83,123,30,28333,0F,1,16,0.6,20,64,359,1113.9,-25.0820768,-51.539208,892.6,000D9ECD,0021800F,00006EAD,14000219,00000000,00000000,00000000,00000000,00000000,000DD183,00000000,00000000,00000000,00000000,00000000,00000000,0005,FF84,AF
2025-10-15 09:22:54,2025-10-15 09:22:53,2025-10-15 09:22:53,4675740293,3000,01,02,83,123,30,28272,0F,1,15,0.7,00,0,6,1131.0,-25.0888582,-51.5378224,891.9,000D9BD4,0021800F,00006E70,14000219,00000000,00000000,00000000,00000000,00000000,000DD183,00000000,00000000,00000000,00000000,00000000,00000000,0005,FF86,AF
2025-10-15 09:20:00,2025-10-15 09:20:00,2025-10-15 09:20:00,4675740293,2999,01,02,83,255,44,28241,0F,1,15,0.7,00,0,225,1130.9,-25.0889601,-51.5378222,891.9,000D9BCE,0021800F,00006E51,14000219,00000000,00000000,00000000,00000000,00000000,000DD183,00000000,00000000,00000000,00000000,00000000,00000000,0005,FF7F,AF
2025-10-15 09:19:54,2025-10-15 09:19:53,2025-10-15 09:19:53,4675740293,2998,01,02,83,112,21,19517,0F,1,15,0.7,00,0,225,1131.1,-25.0889588,-51.5378197,891.9,000D9BCE,0021800F,00004C3D,14000219,00000000,00000000,00000000,00000000,00000000,00000000,00000000,00000000,00000000,00000000,00000000,00000000,0005,FF7F,AF
2025-10-15 08:55:35,2025-10-15 08:55:34,2025-10-15 08:55:34,4675740293,2997,01,02,83,75,27,25992,0E,0,14,0.8,00,0,75,1130.3,-25.0889714,-51.5378197,891.9,000D9BCE,0021800E,00006588,14000219,00000000,00000000,00000000,00000000,00000000,00000000,00000000,00000000,00000000,00000000,00000000,00000000,0005,FF7D,AF
2025-10-15 08:50:47,2025-10-15 08:46:11,2025-10-15 08:46:11,4675740293,2996,01,02,83,75,27,26053,0E,0,16,0.7,20,0,112,1130.2,-25.0889806,-51.5377995,891.9,000D9BCE,0021800E,000065C5,14000219,00000000,00000000,00000000,00000000,00000000,00000000,00000000,00000000,00000000,00000000,00000000,00000000,0005,FF83,AF
2025-10-15 08:29:28,2025-10-15 08:29:27,2025-10-15 08:29:27,4675740293,2995,01,02,83,75,27,26326,0E,0,15,0.7,00,0,51,1128.4,-25.0889576,-51.5377852,891.9,000D9BCE,0021800E,000066D6,14000219,00000000,00000000,00000000,00000000,00000000,00000000,00000000,00000000,00000000,00000000,00000000,00000000,0005,FF83,AF
2025-10-15 08:24:41,2025-10-15 08:23:12,2025-10-15 08:23:12,4675740293,2994,01,02,83,75,27,26721,0E,0,14,0.7,20,0,183,1131.8,-25.0889415,-51.5377861,891.9,000D9BCE,0021800E,00006861,14000219,00000000,00000000,00000000,00000000,00000000,00000000,00000000,00000000,00000000,00000000,00000000,00000000,0005,FF80,AF
2025-10-15 08:18:12,2025-10-15 08:18:12,2025-10-15 08:18:12,4675740293,2993,01,02,83,128,20,27755,0E,0,17,0.6,00,0,183,1131.4,-25.088946,-51.5377968,891.9,000D9BCE,0021800E,00006C6B,14000219,00000000,00000000,00000000,00000000,00000000,00000000,00000000,00000000,00000000,00000000,00000000,00000000,0005,FF81,AF
2025-10-15 08:18:11,2025-10-15 08:18:10,2025-10-15 08:18:10,4675740293,2992,01,02,83,255,45,27816,0E,0,17,0.6,00,0,183,1132.0,-25.0889479,-51.5377956,891.9,000D9BCE,0021800E,00006CA8,14000219,00000000,00000000,00000000,00000000,00000000,00000000,00000000,00000000,00000000,00000000,00000000,00000000,0005,FF81,AF
2025-10-15 08:16:06,2025-10-15 08:16:05,2025-10-15 08:16:05,4675740293,2991,01,02,83,123,30,28241,0F,1,15,0.7,00,0,132,1129.4,-25.0888203,-51.5378288,891.9,000D9BCE,0021800F,00006E51,14000219,00000000,00000000,00000000,00000000,00000000,000DD183,00000000,00000000,00000000,00000000,00000000,00000000,0005,FF8B,AF
2025-10-15 08:14:45,2025-10-15 08:13:05,2025-10-15 08:13:05,4675740293,2990,01,02,83,118,38,28393,2F,1,19,0.6,20,11,9,1135.5,-25.0886431,-51.5371272,891.7,000D9B33,0021802F,00006EE9,14000219,00000000,00000000,00000000,00000000,00000000,000DD183,00000000,00000000,00000000,00000000,00000000,00000000,0005,0000,AF
2025-10-15 08:14:44,2025-10-15 08:12:50,2025-10-15 08:12:50,4675740293,2989,01,02,83,118,38,28211,2F,1,16,0.7,00,12,62,1129.9,-25.0888253,-51.5374935,891.7,000D9B07,0021802F,00006E33,14000219,00000000,00000000,00000000,00000000,00000000,000DD183,00000000,00000000,00000000,00000000,00000000,00000000,0005,0000,AF
2025-10-15 08:14:44,2025-10-15 08:12:50,2025-10-15 08:12:50,4675740293,2989,01,02,83,118,38,28211,2F,1,16,0.7,00,12,62,1129.9,-25.0888253,-51.5374935,891.7,000D9B07,0021802F,00006E33,14000219,00000000,00000000,00000000,00000000,00000000,000DD183,00000000,00000000,00000000,00000000,00000000,00000000,0005,0000,AF
2025-10-15 08:12:33,2025-10-15 08:12:32,2025-10-15 08:12:32,4675740293,2988,01,02,83,118,38,28241,2F,1,18,0.6,00,13,123,1130.2,-25.0887197,-51.5379588,891.6,000D9AD2,0021802F,00006E51,14000219,00000000,00000000,00000000,00000000,00000000,000DD183,00000000,00000000,00000000,00000000,00000000,00000000,0005,FF86,AF
2025-10-15 08:09:38,2025-10-15 08:09:37,2025-10-15 08:09:37,4675740293,2987,01,02,83,123,30,28272,0F,1,18,0.6,00,54,169,1093.3,-25.064644,-51.5428193,888.8,000D9007,0021800F,00006E70,14000219,00000000,00000000,00000000,00000000,00000000,000DD183,00000000,00000000,00000000,00000000,00000000,00000000,0005,FF95,AF
2025-10-15 08:06:37,2025-10-15 08:06:37,2025-10-15 08:06:37,4675740293,2986,01,02,83,123,30,28302,2F,1,18,0.6,00,44,172,1033.6,-25.0468819,-51.5424242,886.9,000D885C,0021802F,00006E8E,14000219,00000000,00000000,00000000,00000000,00000000,000DD183,00000000,00000000,00000000,00000000,00000000,00000000,0005,FFA8,AF
2025-10-15 08:03:39,2025-10-15 08:03:37,2025-10-15 08:03:37,4675740293,2985,01,02,83,123,30,28363,0F,1,15,0.7,00,48,190,1064.6,-25.0263594,-51.5467957,884.5,000D7F1B,0021800F,00006ECB,14000219,00000000,00000000,00000000,00000000,00000000,000DD183,00000000,00000000,00000000,00000000,00000000,00000000,0005,FF89,AF
2025-10-15 08:02:19,2025-10-15 08:00:38,2025-10-15 08:00:38,4675740293,2984,01,02,83,118,38,28302,0F,1,16,0.7,20,63,183,1033.9,-25.0010628,-51.5441099,881.7,000D741B,0021800F,00006E8E,14000219,00000000,00000000,00000000,00000000,00000000,000DD183,00000000,00000000,00000000,00000000,00000000,00000000,02D4,0000,00
2025-10-15 08:02:19,2025-10-15 07:58:40,2025-10-15 07:58:40,4675740293,2983,01,02,83,118,38,28302,2F,1,19,0.6,20,15,137,1020.9,-24.9914122,-51.5489699,880.5,000D6F55,0021802F,00006E8E,14000219,00000000,00000000,00000000,00000000,00000000,000DD183,00000000,00000000,00000000,00000000,00000000,00000000,02D4,FF9E,00
2025-10-15 08:02:19,2025-10-15 07:58:34,2025-10-15 07:58:34,4675740293,2982,01,02,83,118,38,28302,2F,1,18,0.6,20,14,67,1019.8,-24.9913355,-51.5491895,880.4,000D6F3B,0021802F,00006E8E,14000219,00000000,00000000,00000000,00000000,00000000,000DD183,00000000,00000000,00000000,00000000,00000000,00000000,02D4,FF83,00
2025-10-15 08:02:18,2025-10-15 07:57:15,2025-10-15 07:57:15,4675740293,2981,01,02,83,123,30,28302,2F,1,14,0.8,20,8,22,990.5,-24.9937894,-51.5502118,880.2,000D6E1C,0021802F,00006E8E,14000219,00000000,00000000,00000000,00000000,00000000,000DD183,00000000,00000000,00000000,00000000,00000000,00000000,0000,0000,00
2025-10-15 08:02:18,2025-10-15 07:54:15,2025-10-15 07:54:15,4675740293,2980,01,02,83,123,30,28211,0F,1,19,0.6,20,0,355,986.3,-24.9939585,-51.550622,880.1,000D6DE2,0021800F,00006E33,14000219,00000000,00000000,00000000,00000000,00000000,000DD183,00000000,00000000,00000000,00000000,00000000,00000000,0000,0000,00
2025-10-15 08:02:15,2025-10-15 07:51:59,2025-10-15 07:51:59,4675740293,2979,01,02,83,255,44,28181,0F,1,19,0.6,20,0,352,986.0,-24.9940549,-51.5505481,880.1,000D6DD8,0021800F,00006E15,14000219,00000000,00000000,00000000,00000000,00000000,000DD183,00000000,00000000,00000000,00000000,00000000,00000000,0000,0000,00
2025-10-15 08:02:15,2025-10-15 07:51:15,2025-10-15 07:51:15,4675740293,2978,01,02,83,112,21,20125,0F,1,18,0.6,20,0,1,986.2,-24.9940746,-51.5505347,880.1,000D6DD8,0021800F,00004E9D,14000219,00000000,00000000,00000000,00000000,00000000,00000000,00000000,00000000,00000000,00000000,00000000,00000000,0000,0000,00
2025-10-15 08:02:15,2025-10-15 07:46:34,2025-10-15 07:46:34,4675740293,2977,01,02,83,75,27,25536,0E,0,16,0.6,20,0,0,985.1,-24.9940767,-51.550533,880.1,000D6DD8,0021800E,000063C0,14000219,00000000,00000000,00000000,00000000,00000000,00000000,00000000,00000000,00000000,00000000,00000000,00000000,0000,0000,00
2025-10-15 08:02:14,2025-10-15 06:46:31,2025-10-15 06:46:31,4675740293,2976,01,02,83,75,27,25566,0E,0,19,0.5,20,0,189,978.3,-24.9940626,-51.5505728,880.1,000D6DD8,0021800E,000063DE,14000219,00000000,00000000,00000000,00000000,00000000,00000000,00000000,00000000,00000000,00000000,00000000,00000000,0000,0000,00
2025-10-15 08:02:14,2025-10-15 05:46:27,2025-10-15 05:46:27,4675740293,2975,01,02,83,75,27,25566,0E,0,15,0.7,20,0,148,986.7,-24.9940667,-51.5505124,880.1,000D6DD8,0021800E,000063DE,14000219,00000000,00000000,00000000,00000000,00000000,00000000,00000000,00000000,00000000,00000000,00000000,00000000,0000,0000,00
2025-10-15 08:02:14,2025-10-15 04:46:23,2025-10-15 04:46:23,4675740293,2974,01,02,83,75,27,25566,0E,0,16,0.7,20,0,225,990.4,-24.9940956,-51.5505691,880.1,000D6DD8,0021800E,000063DE,14000219,00000000,00000000,00000000,00000000,00000000,00000000,00000000,00000000,00000000,00000000,00000000,00000000,0000,0000,00
2025-10-15 08:02:13,2025-10-15 03:46:19,2025-10-15 03:46:19,4675740293,2973,01,02,83,75,27,25566,0E,0,17,0.7,20,0,0,989.3,-24.9940835,-51.5505332,880.1,000D6DD8,0021800E,000063DE,14000219,00000000,00000000,00000000,00000000,00000000,00000000,00000000,00000000,00000000,00000000,00000000,00000000,0000,0000,00
2025-10-15 08:02:13,2025-10-15 02:46:16,2025-10-15 02:46:16,4675740293,2972,01,02,83,75,27,25597,0E,0,16,0.7,20,0,148,980.2,-24.9940034,-51.5505169,880.1,000D6DD8,0021800E,000063FD,14000219,00000000,00000000,00000000,00000000,00000000,00000000,00000000,00000000,00000000,00000000,00000000,00000000,0000,0000,00
2025-10-15 08:02:13,2025-10-15 01:46:13,2025-10-15 01:46:13,4675740293,2971,01,02,83,75,27,25597,0E,0,17,0.6,20,0,267,1030.8,-24.9941149,-51.5505608,880.1,000D6DD8,0021800E,000063FD,14000219,00000000,00000000,00000000,00000000,00000000,00000000,00000000,00000000,00000000,00000000,00000000,00000000,0000,0000,00
2025-10-15 08:02:12,2025-10-15 00:46:10,2025-10-15 00:46:10,4675740293,2970,01,02,83,75,27,25627,0E,0,15,0.7,20,0,0,983.4,-24.9940648,-51.5505581,880.1,000D6DD8,0021800E,0000641B,14000219,00000000,00000000,00000000,00000000,00000000,00000000,00000000,00000000,00000000,00000000,00000000,00000000,0000,0000,00
2025-10-15 08:02:12,2025-10-14 23:46:07,2025-10-14 23:46:07,4675740293,2969,01,02,83,75,27,25657,0E,0,15,0.6,20,0,52,988.7,-24.9940729,-51.5505557,880.1,000D6DD8,0021800E,00006439,14000219,00000000,00000000,00000000,00000000,00000000,00000000,00000000,00000000,00000000,00000000,00000000,00000000,0000,0000,00
2025-10-15 08:02:12,2025-10-14 22:46:03,2025-10-14 22:46:03,4675740293,2968,01,02,83,75,27,25657,0E,0,18,0.6,20,0,37,974.0,-24.9941113,-51.5505618,880.1,000D6DD8,0021800E,00006439,14000219,00000000,00000000,00000000,00000000,00000000,00000000,00000000,00000000,00000000,00000000,00000000,00000000,0000,0000,00
2025-10-15 08:02:11,2025-10-14 21:45:59,2025-10-14 21:45:59,4675740293,2967,01,02,83,75,27,25688,0E,0,17,0.6,20,0,0,992.6,-24.9941283,-51.5504923,880.1,000D6DD8,0021800E,00006458,14000219,00000000,00000000,00000000,00000000,00000000,00000000,00000000,00000000,00000000,00000000,00000000,00000000,0000,0000,00
2025-10-15 08:02:11,2025-10-14 20:45:55,2025-10-14 20:45:55,4675740293,2966,01,02,83,75,27,25718,0E,0,15,0.7,20,0,0,996.8,-24.9941809,-51.5504662,880.1,000D6DD8,0021800E,00006476,14000219,00000000,00000000,00000000,00000000,00000000,00000000,00000000,00000000,00000000,00000000,00000000,00000000,0000,0000,00
2025-10-15 08:02:10,2025-10-14 19:45:52,2025-10-14 19:45:52,4675740293,2965,01,02,83,75,27,25749,0E,0,14,0.7,20,0,0,995.6,-24.9941328,-51.5505122,880.1,000D6DD8,0021800E,00006495,14000219,00000000,00000000,00000000,00000000,00000000,00000000,00000000,00000000,00000000,00000000,00000000,00000000,0000,0000,00
2025-10-15 08:02:10,2025-10-14 18:45:49,2025-10-14 18:45:49,4675740293,2964,01,02,83,75,27,25779,0E,0,14,0.7,20,0,244,976.9,-24.9940817,-51.5505164,880.1,000D6DD8,0021800E,000064B3,14000219,00000000,00000000,00000000,00000000,00000000,00000000,00000000,00000000,00000000,00000000,00000000,00000000,0000,0000,00
2025-10-15 08:02:10,2025-10-14 17:45:45,2025-10-14 17:45:45,4675740293,2963,01,02,83,75,27,25809,0E,0,14,0.7,20,0,115,986.5,-24.9940651,-51.5505833,880.1,000D6DD8,0021800E,000064D1,14000219,00000000,00000000,00000000,00000000,00000000,00000000,00000000,00000000,00000000,00000000,00000000,00000000,0000,0000,00
2025-10-15 08:02:09,2025-10-14 16:45:41,2025-10-14 16:45:41,4675740293,2962,01,02,83,75,27,26387,0E,0,15,0.7,20,0,169,991.8,-24.994096,-51.5505357,880.1,000D6DD8,0021800E,00006713,14000219,00000000,00000000,00000000,00000000,00000000,00000000,00000000,00000000,00000000,00000000,00000000,00000000,019C,0000,80
2025-10-15 08:02:09,2025-10-14 16:40:41,2025-10-14 16:40:41,4675740293,2961,01,02,83,128,20,27421,0E,0,13,0.8,20,0,169,990.5,-24.9940903,-51.5505423,880.1,000D6DD8,0021800E,00006B1D,14000219,00000000,00000000,00000000,00000000,00000000,00000000,00000000,00000000,00000000,00000000,00000000,00000000,019C,0000,80
2025-10-15 08:02:09,2025-10-14 16:40:40,2025-10-14 16:40:40,4675740293,2960,01,02,83,255,45,27968,0E,0,13,0.8,20,0,169,990.5,-24.9940902,-51.5505423,880.1,000D6DD8,0021800E,00006D40,14000219,00000000,00000000,00000000,00000000,00000000,00000000,00000000,00000000,00000000,00000000,00000000,00000000,019C,0000,80
2025-10-15 08:02:08,2025-10-14 16:39:45,2025-10-14 16:39:45,4675740293,2959,01,02,83,123,30,28241,0F,1,14,0.7,20,0,319,985.7,-24.9940199,-51.5504377,880.1,000D6DC0,0021800F,00006E51,14000219,00000000,00000000,00000000,00000000,00000000,000DD183,00000000,00000000,00000000,00000000,00000000,00000000,019C,0000,80
2025-10-15 08:01:52,2025-10-14 16:37:22,2025-10-14 16:37:22,4675740293,2958,01,02,83,255,44,28241,0F,1,12,0.9,20,0,159,1022.0,-24.9912215,-51.5492564,879.7,000D6C68,0021800F,00006E51,14000219,00000000,00000000,00000000,00000000,00000000,000DD183,00000000,00000000,00000000,00000000,00000000,00000000,0005,FF74,88
2025-10-15 08:01:52,2025-10-14 16:36:44,2025-10-14 16:06:53,4675740293,2957,01,02,83,112,21,22891,0F,1,14,0.7,24,0,164,1019.1,-24.9912337,-51.5492202,879.7,000D6C5F,0021800F,0000596B,14000219,00000000,00000000,00000000,00000000,00000000,00000000,00000000,00000000,00000000,00000000,00000000,00000000,0000,0000,00
2025-10-15 08:01:51,2025-10-14 16:06:29,2025-10-14 16:06:29,4675740293,2956,01,02,83,75,27,26448,0E,0,12,0.8,20,0,164,1020.6,-24.9912329,-51.5492147,879.7,000D6C5F,0021800E,00006750,14000219,00000000,00000000,00000000,00000000,00000000,00000000,00000000,00000000,00000000,00000000,00000000,00000000,02D4,FF9E,00
2025-10-15 08:01:51,2025-10-14 16:01:29,2025-10-14 16:01:29,4675740293,2955,01,02,83,128,20,27573,0E,0,14,0.7,20,0,164,1022.7,-24.9912222,-51.5492263,879.7,000D6C5F,0021800E,00006BB5,14000219,00000000,00000000,00000000,00000000,00000000,00000000,00000000,00000000,00000000,00000000,00000000,00000000,0000,0000,00
2025-10-15 08:01:51,2025-10-14 16:01:28,2025-10-14 16:01:28,4675740293,2954,01,02,83,255,45,27846,0E,0,14,0.7,20,0,164,1021.7,-24.9912239,-51.5492298,879.7,000D6C5F,0021800E,00006CC6,14000219,00000000,00000000,00000000,00000000,00000000,00000000,00000000,00000000,00000000,00000000,00000000,00000000,0000,0000,00
2025-10-15 08:01:51,2025-10-14 15:59:50,2025-10-14 15:59:50,4675740293,2953,01,02,83,118,38,28181,2F,1,15,0.7,20,12,233,1022.0,-24.9913744,-51.5492262,879.7,000D6C43,0021802F,00006E15,14000219,00000000,00000000,00000000,00000000,00000000,000DD183,00000000,00000000,00000000,00000000,00000000,00000000,0000,0000,00
2025-10-15 08:01:51,2025-10-14 15:57:59,2025-10-14 15:57:59,4675740293,2952,01,02,83,118,38,28181,2F,1,14,0.7,20,13,15,1007.1,-24.9922165,-51.5496051,879.5,000D6BA4,0021802F,00006E15,14000219,00000000,00000000,00000000,00000000,00000000,000DD183,00000000,00000000,00000000,00000000,00000000,00000000,0000,0000,00
2025-10-15 08:01:51,2025-10-14 15:56:40,2025-10-14 15:56:40,4675740293,2951,01,02,83,118,38,28272,2F,1,15,0.7,20,19,61,978.8,-24.9955183,-51.5510373,879.1,000D6A19,0021802F,00006E70,14000219,00000000,00000000,00000000,00000000,00000000,000DD183,00000000,00000000,00000000,00000000,00000000,00000000,0000,0000,00
2025-10-15 08:01:50,2025-10-14 15:55:32,2025-10-14 15:55:32,4675740293,2950,01,02,83,118,38,28241,2F,1,16,0.6,20,15,108,987.0,-24.9953642,-51.5527725,879.0,000D6969,0021802F,00006E51,14000219,00000000,00000000,00000000,00000000,00000000,000DD183,00000000,00000000,00000000,00000000,00000000,00000000,0000,0000,00
2025-10-15 08:01:50,2025-10-14 15:52:49,2025-10-14 15:52:49,4675740293,2949,01,02,83,118,38,28302,2F,1,16,0.6,20,21,156,978.3,-24.9930952,-51.5539436,878.7,000D684F,0021802F,00006E8E,14000219,00000000,00000000,00000000,00000000,00000000,000DD183,00000000,00000000,00000000,00000000,00000000,00000000,0000,0000,00
2025-10-15 08:01:50,2025-10-14 15:51:40,2025-10-14 15:51:40,4675740293,2948,01,02,83,118,38,28211,2F,1,15,0.7,20,15,109,989.8,-24.9921061,-51.5571944,878.3,000D66CC,0021802F,00006E33,14000219,00000000,00000000,00000000,00000000,00000000,000DD183,00000000,00000000,00000000,00000000,00000000,00000000,0000,0000,00
2025-10-15 08:01:50,2025-10-14 15:51:25,2025-10-14 15:51:25,4675740293,2947,01,02,83,123,30,28241,2F,1,15,0.7,20,15,63,998.7,-24.992225,-51.5578091,878.2,000D6689,0021802F,00006E51,14000219,00000000,00000000,00000000,00000000,00000000,000DD183,00000000,00000000,00000000,00000000,00000000,00000000,0000,0000,00
2025-10-15 08:01:50,2025-10-14 15:48:26,2025-10-14 15:48:26,4675740293,2946,01,02,83,118,38,28333,2F,1,15,0.7,20,43,85,1040.5,-24.9918645,-51.5682524,877.1,000D6256,0021802F,00006EAD,14000219,00000000,00000000,00000000,00000000,00000000,000DD183,00000000,00000000,00000000,00000000,00000000,00000000,0000,0000,00
2025-10-15 08:01:50,2025-10-14 15:47:27,2025-10-14 15:47:27,4675740293,2945,01,02,83,118,38,28302,2F,1,16,0.6,20,31,39,1057.6,-24.9945426,-51.5727337,876.6,000D6032,0021802F,00006E8E,14000219,00000000,00000000,00000000,00000000,00000000,000DD183,00000000,00000000,00000000,00000000,00000000,00000000,0000,0000,00
2025-10-15 08:01:49,2025-10-14 15:47:07,2025-10-14 15:47:07,4675740293,2944,01,02,83,118,38,28302,2F,1,15,0.7,20,35,85,1057.0,-24.9950968,-51.5743785,876.4,000D5F7F,0021802F,00006E8E,14000219,00000000,00000000,00000000,00000000,00000000,000DD183,00000000,00000000,00000000,00000000,00000000,00000000,0000,0000,00
2025-10-15 08:01:49,2025-10-14 15:46:24,2025-10-14 15:46:24,4675740293,2943,01,02,83,118,38,28302,2F,1,17,0.6,20,24,132,1054.8,-24.9930496,-51.576781,876.1,000D5E2A,0021802F,00006E8E,14000219,00000000,00000000,00000000,00000000,00000000,000DD183,00000000,00000000,00000000,00000000,00000000,00000000,0005,0000,80
2025-10-15 08:01:49,2025-10-14 15:45:56,2025-10-14 15:45:56,4675740293,2942,01,02,83,123,30,28241,2F,1,15,0.7,20,41,86,1043.0,-24.9930486,-51.5789298,875.9,000D5D4A,0021802F,00006E51,14000219,00000000,00000000,00000000,00000000,00000000,000DD183,00000000,00000000,00000000,00000000,00000000,00000000,0005,0000,80
2025-10-15 08:01:49,2025-10-14 15:42:56,2025-10-14 15:42:56,4675740293,2941,01,02,83,118,38,28333,2F,1,14,0.7,20,22,112,993.4,-24.9911439,-51.5872147,875.0,000D59D1,0021802F,00006EAD,14000219,00000000,00000000,00000000,00000000,00000000,000DD183,00000000,00000000,00000000,00000000,00000000,00000000,0005,0000,80
2025-10-15 08:01:49,2025-10-14 15:42:44,2025-10-14 15:42:44,4675740293,2940,01,02,83,118,38,28211,2F,1,18,0.6,20,31,158,992.7,-24.9905872,-51.5878799,874.9,000D5973,0021802F,00006E33,14000219,00000000,00000000,00000000,00000000,00000000,000DD183,00000000,00000000,00000000,00000000,00000000,00000000,0005,0000,80
2025-10-15 08:01:49,2025-10-14 15:41:48,2025-10-14 15:41:48,4675740293,2939,01,02,83,118,38,28211,2F,1,17,0.6,20,25,111,991.0,-24.987273,-51.5912532,874.4,000D5779,0021802F,00006E33,14000219,00000000,00000000,00000000,00000000,00000000,000DD183,00000000,00000000,00000000,00000000,00000000,00000000,0005,0000,80
2025-10-15 08:01:48,2025-10-14 15:38:57,2025-10-14 15:38:57,4675740293,2938,01,02,83,118,38,28272,2F,1,16,0.6,20,35,65,988.6,-24.9908589,-51.6022471,873.2,000D52CA,0021802F,00006E70,14000219,00000000,00000000,00000000,00000000,00000000,000DD183,00000000,00000000,00000000,00000000,00000000,00000000,0005,0000,80
2025-10-15 08:01:48,2025-10-14 15:38:43,2025-10-14 15:38:43,4675740293,2937,01,02,83,118,38,28241,2F,1,17,0.6,20,26,111,993.5,-24.9907,-51.6036443,873.0,000D5235,0021802F,00006E51,14000219,00000000,00000000,00000000,00000000,00000000,000DD183,00000000,00000000,00000000,00000000,00000000,00000000,0005,0000,80
2025-10-15 08:01:48,2025-10-14 15:36:59,2025-10-14 15:36:59,4675740293,2936,01,02,83,118,38,28272,2F,1,17,0.6,20,27,65,1034.5,-24.9930393,-51.6100144,872.3,000D4F70,0021802F,00006E70,14000219,00000000,00000000,00000000,00000000,00000000,000DD183,00000000,00000000,00000000,00000000,00000000,00000000,0005,0000,80
2025-10-15 08:01:48,2025-10-14 15:35:56,2025-10-14 15:35:56,4675740293,2935,01,02,83,118,38,28272,2F,1,17,0.6,20,25,19,1039.1,-24.996979,-51.6116445,871.8,000D4D80,0021802F,00006E70,14000219,00000000,00000000,00000000,00000000,00000000,000DD183,00000000,00000000,00000000,00000000,00000000,00000000,0005,0000,80
2025-10-15 08:01:48,2025-10-14 15:35:22,2025-10-14 15:35:22,4675740293,2934,01,02,83,118,38,28302,2F,1,17,0.6,20,30,333,1032.7,-24.9994174,-51.6109681,871.5,000D4C54,0021802F,00006E8E,14000219,00000000,00000000,00000000,00000000,00000000,000DD183,00000000,00000000,00000000,00000000,00000000,00000000,0005,0000,80
2025-10-15 08:01:48,2025-10-14 15:34:22,2025-10-14 15:34:22,4675740293,2933,01,02,83,118,38,28241,2F,1,16,0.6,20,27,20,1034.1,-25.0032811,-51.6132029,871.0,000D4A55,0021802F,00006E51,14000219,00000000,00000000,00000000,00000000,00000000,000DD183,00000000,00000000,00000000,00000000,00000000,00000000,0005,0000,80
2025-10-15 08:01:48,2025-10-14 15:33:44,2025-10-14 15:33:44,4675740293,2932,01,02,83,118,38,28211,2F,1,15,0.7,20,33,66,1027.5,-25.0047444,-51.6151403,870.7,000D4943,0021802F,00006E33,14000219,00000000,00000000,00000000,00000000,00000000,000DD183,00000000,00000000,00000000,00000000,00000000,00000000,0005,0000,80
2025-10-15 08:01:47,2025-10-14 15:32:44,2025-10-14 15:32:44,4675740293,2931,01,02,83,118,38,28241,2F,1,16,0.6,20,34,20,1057.9,-25.0092651,-51.6159516,870.2,000D471B,0021802F,00006E51,14000219,00000000,00000000,00000000,00000000,00000000,000DD183,00000000,00000000,00000000,00000000,00000000,00000000,0005,0000,80
2025-10-15 08:01:47,2025-10-14 15:32:01,2025-10-14 15:32:01,4675740293,2930,01,02,83,118,38,28302,2F,1,15,0.7,20,27,67,1067.4,-25.0102676,-51.6195054,869.8,000D4594,0021802F,00006E8E,14000219,00000000,00000000,00000000,00000000,00000000,000DD183,00000000,00000000,00000000,00000000,00000000,00000000,0005,0000,80
2025-10-15 08:01:47,2025-10-14 15:31:21,2025-10-14 15:31:21,4675740293,2929,01,02,83,123,30,28181,2F,1,15,0.7,20,27,20,1063.8,-25.0124696,-51.6205903,869.5,000D4486,0021802F,00006E15,14000219,00000000,00000000,00000000,00000000,00000000,000DD183,00000000,00000000,00000000,00000000,00000000,00000000,0005,0000,80
2025-10-15 08:01:47,2025-10-14 15:28:22,2025-10-14 15:28:22,4675740293,2928,01,02,83,118,38,28272,2F,1,15,0.7,20,29,349,1064.6,-25.0234101,-51.6202241,868.3,000D3FBB,0021802F,00006E70,14000219,00000000,00000000,00000000,00000000,00000000,000DD183,00000000,00000000,00000000,00000000,00000000,00000000,0005,0000,80
2025-10-15 08:01:47,2025-10-14 15:26:42,2025-10-14 15:26:42,4675740293,2927,01,02,83,118,38,28150,0F,1,17,0.6,20,12,35,1047.0,-25.0274819,-51.6239528,867.7,000D3D4F,0021800F,00006DF6,14000219,00000000,00000000,00000000,00000000,00000000,000DD183,00000000,00000000,00000000,00000000,00000000,00000000,0005,0000,80
2025-10-15 08:01:47,2025-10-14 15:26:15,2025-10-14 15:26:15,4675740293,2926,01,02,83,118,38,28272,2F,1,17,0.6,20,12,348,1032.5,-25.0283125,-51.6237491,867.6,000D3CEC,0021802F,00006E70,14000219,00000000,00000000,00000000,00000000,00000000,000DD183,00000000,00000000,00000000,00000000,00000000,00000000,0005,0000,80
2025-10-15 08:01:46,2025-10-14 15:25:46,2025-10-14 15:25:46,4675740293,2925,01,02,83,118,38,28241,2F,1,15,0.7,20,27,36,1028.9,-25.029312,-51.6247574,867.4,000D3C46,0021802F,00006E51,14000219,00000000,00000000,00000000,00000000,00000000,000DD183,00000000,00000000,00000000,00000000,00000000,00000000,0005,0000,80
2025-10-15 08:01:46,2025-10-14 15:23:57,2025-10-14 15:23:57,4675740293,2924,01,02,83,118,38,28272,2F,1,17,0.6,20,22,350,1044.1,-25.0353482,-51.6229782,866.7,000D3967,0021802F,00006E70,14000219,00000000,00000000,00000000,00000000,00000000,000DD183,00000000,00000000,00000000,00000000,00000000,00000000,0005,0000,80
2025-10-15 08:01:46,2025-10-14 15:23:29,2025-10-14 15:23:29,4675740293,2923,01,02,83,118,38,28211,2F,1,17,0.6,20,21,304,1064.9,-25.0362879,-51.6216953,866.5,000D38B8,0021802F,00006E33,14000219,00000000,00000000,00000000,00000000,00000000,000DD183,00000000,00000000,00000000,00000000,00000000,00000000,0005,0000,80
2025-10-15 08:01:46,2025-10-14 15:23:14,2025-10-14 15:23:14,4675740293,2922,01,02,83,118,38,28272,2F,1,17,0.6,20,22,350,1067.6,-25.0368773,-51.6211715,866.4,000D385F,0021802F,00006E70,14000219,00000000,00000000,00000000,00000000,00000000,000DD183,00000000,00000000,00000000,00000000,00000000,00000000,0005,0000,80
2025-10-15 08:01:46,2025-10-14 15:22:51,2025-10-14 15:22:51,4675740293,2921,01,02,83,118,38,28211,2F,1,17,0.6,20,23,37,1074.5,-25.038059,-51.6220528,866.2,000D37BE,0021802F,00006E33,14000219,00000000,00000000,00000000,00000000,00000000,000DD183,00000000,00000000,00000000,00000000,00000000,00000000,0005,0000,80
2025-10-15 08:01:46,2025-10-14 15:21:18,2025-10-14 15:21:18,4675740293,2920,01,02,83,118,38,28181,2F,1,17,0.6,20,22,351,1087.6,-25.0442196,-51.6229941,865.5,000D3507,0021802F,00006E15,14000219,00000000,00000000,00000000,00000000,00000000,000DD183,00000000,00000000,00000000,00000000,00000000,00000000,0005,0000,80
2025-10-15 08:01:46,2025-10-14 15:20:31,2025-10-14 15:20:31,4675740293,2919,01,02,83,118,38,28241,2F,1,18,0.6,20,21,305,1103.7,-25.0460756,-51.6212167,865.3,000D33EA,0021802F,00006E51,14000219,00000000,00000000,00000000,00000000,00000000,000DD183,00000000,00000000,00000000,00000000,00000000,00000000,0005,0000,80
2025-10-15 08:01:45,2025-10-14 15:19:29,2025-10-14 15:19:29,4675740293,2918,01,02,83,118,38,28120,2F,1,17,0.6,20,20,351,1084.3,-25.0489216,-51.620549,864.9,000D32A3,0021802F,00006DD8,14000219,00000000,00000000,00000000,00000000,00000000,000DD183,00000000,00000000,00000000,00000000,00000000,00000000,0005,0000,80
2025-10-15 08:01:45,2025-10-14 15:18:38,2025-10-14 15:18:38,4675740293,2917,01,02,83,118,38,28241,2F,1,16,0.6,20,19,49,1089.5,-25.0509438,-51.6224601,864.6,000D3170,0021802F,00006E51,14000219,00000000,00000000,00000000,00000000,00000000,000DD183,00000000,00000000,00000000,00000000,00000000,00000000,0005,0000,80
2025-10-15 08:01:45,2025-10-14 15:16:50,2025-10-14 15:16:50,4675740293,2916,01,02,83,118,38,28302,2F,1,18,0.6,20,19,2,1106.9,-25.056232,-51.6239366,864.0,000D2EFA,0021802F,00006E8E,14000219,00000000,00000000,00000000,00000000,00000000,000DD183,00000000,00000000,00000000,00000000,00000000,00000000,0005,FFA1,80
2025-10-15 08:01:45,2025-10-14 15:16:25,2025-10-14 15:16:25,4675740293,2915,01,02,83,118,38,28272,2F,1,18,0.6,20,23,314,1117.2,-25.0574678,-51.6235494,863.9,000D2E6A,0021802F,00006E70,14000219,00000000,00000000,00000000,00000000,00000000,000DD183,00000000,00000000,00000000,00000000,00000000,00000000,0005,FFA1,80
2025-10-15 08:01:45,2025-10-14 15:13:59,2025-10-14 15:13:59,4675740293,2914,01,02,83,118,38,30461,2F,1,18,0.6,20,17,0,1120.7,-25.0639792,-51.6227578,863.1,000D2B77,0021802F,000076FD,14000219,00000000,00000000,00000000,00000000,00000000,000DD183,00000000,00000000,00000000,00000000,00000000,00000000,019C,0000,80
2025-10-15 08:01:45,2025-10-14 15:13:20,2025-10-14 15:13:20,4675740293,2913,01,02,83,118,38,30461,2F,1,15,0.7,20,21,49,1111.4,-25.0650757,-51.623659,862.9,000D2AD6,0021802F,000076FD,14000219,00000000,00000000,00000000,00000000,00000000,000DD183,00000000,00000000,00000000,00000000,00000000,00000000,019C,0000,80
2025-10-15 08:01:44,2025-10-14 15:12:20,2025-10-14 15:12:20,4675740293,2912,01,02,83,118,38,30491,2F,1,18,0.6,20,16,1,1111.3,-25.0682875,-51.6245388,862.5,000D2954,0021802F,0000771B,14000219,00000000,00000000,00000000,00000000,00000000,000DD183,00000000,00000000,00000000,00000000,00000000,00000000,019C,0000,80
2025-10-15 08:01:44,2025-10-14 15:10:05,2025-10-14 15:10:05,4675740293,2911,01,02,83,123,30,30400,0F,1,18,0.6,20,0,163,1127.4,-25.0697494,-51.6239091,862.4,000D28A5,0021800F,000076C0,14000219,00000000,00000000,00000000,00000000,00000000,000DD183,00000000,00000000,00000000,00000000,00000000,00000000,019C,0000,80
2025-10-15 08:01:44,2025-10-14 15:07:05,2025-10-14 15:07:05,4675740293,2910,01,02,83,123,30,30430,2F,1,17,0.6,20,22,298,1118.6,-25.0708661,-51.6223429,862.1,000D2786,0021802F,000076DE,14000219,00000000,00000000,00000000,00000000,00000000,000DD183,00000000,00000000,00000000,00000000,00000000,00000000,019C,0000,80
2025-10-15 08:01:44,2025-10-14 15:04:05,2025-10-14 15:04:05,4675740293,2909,01,02,83,123,30,30278,0F,1,17,0.6,20,0,240,1099.5,-25.0717041,-51.6198352,861.8,000D264C,0021800F,00007646,14000219,00000000,00000000,00000000,00000000,00000000,000DD183,00000000,00000000,00000000,00000000,00000000,00000000,019C,0000,80
2025-10-15 08:01:44,2025-10-14 15:01:05,2025-10-14 15:01:05,4675740293,2908,01,02,83,123,30,30673,0F,1,18,0.6,20,0,240,1099.6,-25.0717026,-51.6198424,861.8,000D264C,0021800F,000077D1,14000219,00000000,00000000,00000000,00000000,00000000,000DD183,00000000,00000000,00000000,00000000,00000000,00000000,019C,0000,80
2025-10-15 08:01:44,2025-10-14 14:58:05,2025-10-14 14:58:05,4675740293,2907,01,02,83,123,30,30521,0F,1,17,0.6,20,0,240,1099.5,-25.0716975,-51.6198414,861.8,000D264C,0021800F,00007739,14000219,00000000,00000000,00000000,00000000,00000000,000DD183,00000000,00000000,00000000,00000000,00000000,00000000,019C,0000,80
2025-10-15 08:01:44,2025-10-14 14:55:05,2025-10-14 14:54:56,4675740293,2906,01,02,83,123,30,30369,0F,1,18,0.6,20,0,264,1111.2,-25.0718571,-51.6155196,861.3,000D2474,0021800F,000076A1,14000219,00000000,00000000,00000000,00000000,00000000,000DD183,00000000,00000000,00000000,00000000,00000000,00000000,019C,0000,80
2025-10-15 08:01:43,2025-10-14 14:52:06,2025-10-14 14:52:06,4675740293,2905,01,02,83,118,38,30491,2F,1,12,0.8,20,14,315,1128.9,-25.0738455,-51.6129,860.9,000D230A,0021802F,0000771B,14000219,00000000,00000000,00000000,00000000,00000000,000DD183,00000000,00000000,00000000,00000000,00000000,00000000,019C,0000,80
2025-10-15 08:01:43,2025-10-14 14:49:34,2025-10-14 14:49:34,4675740293,2904,01,02,83,118,38,30491,2F,1,18,0.6,20,10,268,1130.6,-25.0738836,-51.611926,860.8,000D22A6,0021802F,0000771B,14000219,00000000,00000000,00000000,00000000,00000000,000DD183,00000000,00000000,00000000,00000000,00000000,00000000,019C,FF9A,80
2025-10-15 08:01:43,2025-10-14 14:47:15,2025-10-14 14:47:15,4675740293,2903,01,02,83,118,38,30521,2F,1,15,0.7,20,19,222,1152.3,-25.0685671,-51.6070697,860.1,000D1F9D,0021802F,00007739,14000219,00000000,00000000,00000000,00000000,00000000,000DD183,00000000,00000000,00000000,00000000,00000000,00000000,0005,FF74,88
2025-10-15 08:01:43,2025-10-14 14:46:23,2025-10-14 14:46:23,4675740293,2902,01,02,83,118,38,30491,2F,1,17,0.6,20,15,268,1149.4,-25.0674671,-51.6039217,859.7,000D1E4B,0021802F,0000771B,14000219,00000000,00000000,00000000,00000000,00000000,000DD183,00000000,00000000,00000000,00000000,00000000,00000000,0005,FF74,88
