Data/Hora Inclusão,Data/Hora Evento,GNSS UTC Time,MS GNSS UTC Time,IMEI,Sequência,Tipo Mensagem,Máscara Report,Máscara ERI,Tipo Dispositivo,Versão Protocolo,Versão Firmware,Bateria Interna,Alimentação Externa,Analog Input Mode,Analog Input1 Voltage,Digital Input Status,Digital Output Status,Motion Status,Satélites,MS Satellite Number,Duração da Ignição,Precisão GNSS,MS GNSS Accuracy,Velocidade,Max Speed,Azimuth,MS Azimuth,Altitude,MS Altitude,Latitude,MS Latitude,Longitude,MS Longitude,MCC,MNC,LAC,Cell ID,Hodômetro Atual,Hodômetro Total,MS Mileage,Horímetro Atual,Horímetro Total,Motivo Power Off,Motivo Power On,ID,ID Report Type,Comando Customizado,Battery Status,Backup Battery Voltage,Network Type,RAT,Band,IGN Trigger Data,GNSS Trigger Type,Position Report Type,GNSS Signal Status,
2025-10-20 10:19:13,2025-10-20 10:19:12,2025-10-20 10:16:49,2025-10-20 10:16:49,867488067662790,17421,GTERI,0x19FE3FBF,0x00028102,802003,0x8303,0x0115,100,12276,0000,-,00,00,11,7,7,-,01,01,0.0,0.0,40,40,680,680,-28.239388,-28.239388,-52.398985,-52.398985,0724,0006,8A8B,0AB2C817,5.5,1269.3,1269.3,0:09:51,46:07:07,-,-,0,-,,,,,04,3,00000000,00,10,,
2025-10-20 09:19:13,2025-10-20 09:19:12,2025-10-20 09:16:49,2025-10-20 09:16:49,867488067662790,17420,GTERI,0x19FE3FBF,0x00028102,802003,0x8303,0x0115,100,12314,0000,-,00,00,11,10,10,-,01,01,0.0,0.0,40,40,680,680,-28.239388,-28.239388,-52.398985,-52.398985,0724,0006,8A8B,0AB2C817,5.5,1269.3,1269.3,0:09:51,46:07:07,-,-,0,-,,,,,04,3,00000000,00,10,,
2025-10-20 08:19:13,2025-10-20 08:19:12,2025-10-20 08:17:19,2025-10-20 08:17:19,867488067662790,17419,GTERI,0x19FE3FBF,0x00028102,802003,0x8303,0x0115,100,12243,0000,-,00,00,11,11,11,-,01,01,0.0,0.0,40,40,680,680,-28.239388,-28.239388,-52.398985,-52.398985,0724,0006,8A8B,0AB2C803,5.5,1269.3,1269.3,0:09:51,46:07:07,-,-,0,-,,,,,04,7,00000000,00,10,,
2025-10-20 07:19:13,2025-10-20 07:19:12,2025-10-20 07:16:57,2025-10-20 07:16:57,867488067662790,17418,GTERI,0x19FE3FBF,0x00028102,802003,0x8303,0x0115,100,12232,0000,-,00,00,11,6,6,-,01,01,0.0,0.0,40,40,680,680,-28.239388,-28.239388,-52.398985,-52.398985,0724,0006,8A8B,0AB2C803,5.5,1269.3,1269.3,0:09:51,46:07:07,-,-,0,-,,,,,04,7,00000000,00,10,,
2025-10-20 06:19:13,2025-10-20 06:19:12,2025-10-20 06:16:49,2025-10-20 06:16:49,867488067662790,17417,GTERI,0x19FE3FBF,0x00028102,802003,0x8303,0x0115,100,12296,0000,-,00,00,11,11,11,-,01,01,0.0,0.0,40,40,680,680,-28.239388,-28.239388,-52.398985,-52.398985,0724,0006,8A8B,0AB2C803,5.5,1269.3,1269.3,0:09:51,46:07:07,-,-,0,-,,,,,04,7,00000000,00,10,,
2025-10-20 05:19:13,2025-10-20 05:19:12,2025-10-20 05:17:19,2025-10-20 05:17:19,867488067662790,17416,GTERI,0x19FE3FBF,0x00028102,802003,0x8303,0x0115,100,12273,0000,-,00,00,11,11,11,-,01,01,0.0,0.0,40,40,680,680,-28.239388,-28.239388,-52.398985,-52.398985,0724,0006,8A8B,0AB2C817,5.5,1269.3,1269.3,0:09:51,46:07:07,-,-,0,-,,,,,04,3,00000000,00,10,,
2025-10-20 04:19:13,2025-10-20 04:19:12,2025-10-20 04:16:52,2025-10-20 04:16:52,867488067662790,17415,GTERI,0x19FE3FBF,0x00028102,802003,0x8303,0x0115,100,12312,0000,-,00,00,11,6,6,-,01,01,0.0,0.0,40,40,680,680,-28.239388,-28.239388,-52.398985,-52.398985,0724,0006,8A8B,0AB2C803,5.5,1269.3,1269.3,0:09:51,46:07:07,-,-,0,-,,,,,04,7,00000000,00,10,,
2025-10-20 03:21:05,2025-10-20 03:20:02,2025-10-20 03:16:46,2025-10-20 03:16:46,867488067662790,17414,GTPDP,0x19FE7FBF,,802003,0x8303,0x0115,100,12317,0000,0000,00,00,11,7,7,-,00,00,0.0,0.0,40,40,680,680,-28.239388,-28.239388,-52.398985,-52.398985,0724,0006,8A8B,0AB2C803,5.5,1269.3,1269.3,0:09:51,46:07:07,-,-,0,-
2025-10-20 03:19:13,2025-10-20 03:19:12,2025-10-20 03:16:46,2025-10-20 03:16:46,867488067662790,17413,GTERI,0x19FE3FBF,0x00028102,802003,0x8303,0x0115,100,12301,0000,-,00,00,11,7,7,-,01,01,0.0,0.0,40,40,680,680,-28.239388,-28.239388,-52.398985,-52.398985,0724,0006,8A8B,0AB2C803,5.5,1269.3,1269.3,0:09:51,46:07:07,-,-,0,-,,,,,04,7,00000000,00,10,,
2025-10-20 02:19:13,2025-10-20 02:19:12,2025-10-20 02:17:05,2025-10-20 02:17:05,867488067662790,17412,GTERI,0x19FE3FBF,0x00028102,802003,0x8303,0x0115,100,12334,0000,-,00,00,11,9,9,-,01,01,0.0,0.0,40,40,680,680,-28.239388,-28.239388,-52.398985,-52.398985,0724,0006,8A8B,0AB2C817,5.5,1269.3,1269.3,0:09:51,46:07:07,-,-,0,-,,,,,04,3,00000000,00,10,,
2025-10-20 01:19:13,2025-10-20 01:19:12,2025-10-20 01:16:57,2025-10-20 01:16:57,867488067662790,17411,GTERI,0x19FE3FBF,0x00028102,802003,0x8303,0x0115,100,12210,0000,-,00,00,11,4,4,-,01,01,0.0,0.0,40,40,680,680,-28.239388,-28.239388,-52.398985,-52.398985,0724,0006,8A8B,0AB2C817,5.5,1269.3,1269.3,0:09:51,46:07:07,-,-,0,-,,,,,04,3,00000000,00,10,,
2025-10-20 00:19:13,2025-10-20 00:19:12,2025-10-20 00:16:49,2025-10-20 00:16:49,867488067662790,17410,GTERI,0x19FE3FBF,0x00028102,802003,0x8303,0x0115,100,12342,0000,-,00,00,11,7,7,-,01,01,0.0,0.0,40,40,680,680,-28.239388,-28.239388,-52.398985,-52.398985,0724,0006,8A8B,0AB2C817,5.5,1269.3,1269.3,0:09:51,46:07:07,-,-,0,-,,,,,04,3,00000000,00,10,,
2025-10-19 23:19:13,2025-10-19 23:19:12,2025-10-19 23:17:20,2025-10-19 23:17:20,867488067662790,17409,GTERI,0x19FE3FBF,0x00028102,802003,0x8303,0x0115,100,12301,0000,-,00,00,11,8,8,-,01,01,0.0,0.0,40,40,680,680,-28.239388,-28.239388,-52.398985,-52.398985,0724,0006,8A8B,0AB2C817,5.5,1269.3,1269.3,0:09:51,46:07:07,-,-,0,-,,,,,04,3,00000000,00,10,,
2025-10-19 22:19:13,2025-10-19 22:19:12,2025-10-19 22:16:51,2025-10-19 22:16:51,867488067662790,17408,GTERI,0x19FE3FBF,0x00028102,802003,0x8303,0x0115,100,12279,0000,-,00,00,11,6,6,-,01,01,0.0,0.0,40,40,680,680,-28.239388,-28.239388,-52.398985,-52.398985,0724,0006,8A8B,0AB2C803,5.5,1269.3,1269.3,0:09:51,46:07:07,-,-,0,-,,,,,04,7,00000000,00,10,,
2025-10-19 21:19:13,2025-10-19 21:19:12,2025-10-19 21:16:49,2025-10-19 21:16:49,867488067662790,17407,GTERI,0x19FE3FBF,0x00028102,802003,0x8303,0x0115,100,12322,0000,-,00,00,11,8,8,-,01,01,0.0,0.0,40,40,680,680,-28.239388,-28.239388,-52.398985,-52.398985,0724,0006,8A8B,0AB2C803,5.5,1269.3,1269.3,0:09:51,46:07:07,-,-,0,-,,,,,04,7,00000000,00,10,,
2025-10-19 20:19:13,2025-10-19 20:19:12,2025-10-19 20:17:14,2025-10-19 20:17:14,867488067662790,17406,GTERI,0x19FE3FBF,0x00028102,802003,0x8303,0x0115,100,12413,0000,-,00,00,11,7,7,-,01,01,0.0,0.0,40,40,680,680,-28.239388,-28.239388,-52.398985,-52.398985,0724,0006,8A8B,0AB2C835,5.5,1269.3,1269.3,0:09:51,46:07:07,-,-,0,-,,,,,04,28,00000000,00,10,,
2025-10-19 19:19:13,2025-10-19 19:19:12,2025-10-19 19:16:48,2025-10-19 19:16:48,867488067662790,17405,GTERI,0x19FE3FBF,0x00028102,802003,0x8303,0x0115,100,12438,0000,-,00,00,11,8,8,-,01,01,0.0,0.0,40,40,680,680,-28.239388,-28.239388,-52.398985,-52.398985,0724,0006,8A8B,0AB2C835,5.5,1269.3,1269.3,0:09:51,46:07:07,-,-,0,-,,,,,04,28,00000000,00,10,,
2025-10-19 18:19:13,2025-10-19 18:19:12,2025-10-19 18:16:47,2025-10-19 18:16:47,867488067662790,17404,GTERI,0x19FE3FBF,0x00028102,802003,0x8303,0x0115,100,12389,0000,-,00,00,11,8,8,-,01,01,0.0,0.0,40,40,680,680,-28.239388,-28.239388,-52.398985,-52.398985,0724,0006,8A8B,0AB2C835,5.5,1269.3,1269.3,0:09:51,46:07:07,-,-,0,-,,,,,04,28,00000000,00,10,,
2025-10-19 17:19:13,2025-10-19 17:19:12,2025-10-19 17:17:20,2025-10-19 17:17:20,867488067662790,17403,GTERI,0x19FE3FBF,0x00028102,802003,0x8303,0x0115,100,12375,0000,-,00,00,11,8,8,-,01,01,0.0,0.0,40,40,680,680,-28.239388,-28.239388,-52.398985,-52.398985,0724,0006,8A8B,0AB2C835,5.5,1269.3,1269.3,0:09:51,46:07:07,-,-,0,-,,,,,04,28,00000000,00,10,,
2025-10-19 16:19:13,2025-10-19 16:19:12,2025-10-19 16:16:51,2025-10-19 16:16:51,867488067662790,17402,GTERI,0x19FE3FBF,0x00028102,802003,0x8303,0x0115,100,12490,0000,-,00,00,11,5,5,-,01,01,0.0,0.0,40,40,680,680,-28.239388,-28.239388,-52.398985,-52.398985,0724,0006,8A8B,0AB2C817,5.5,1269.3,1269.3,0:09:51,46:07:07,-,-,0,-,,,,,04,3,00000000,00,10,,
2025-10-19 15:19:13,2025-10-19 15:19:12,2025-10-19 15:16:50,2025-10-19 15:16:50,867488067662790,17401,GTERI,0x19FE3FBF,0x00028102,802003,0x8303,0x0115,100,12520,0000,-,00,00,11,4,4,-,01,01,0.0,0.0,40,40,680,680,-28.239388,-28.239388,-52.398985,-52.398985,0724,0006,8A8B,0AB2C817,5.5,1269.3,1269.3,0:09:51,46:07:07,-,-,0,-,,,,,04,3,00000000,00,10,,
2025-10-19 14:19:13,2025-10-19 14:19:12,2025-10-19 14:17:05,2025-10-19 14:17:05,867488067662790,17400,GTERI,0x19FE3FBF,0x00028102,802003,0x8303,0x0115,100,12542,0000,-,00,00,11,6,6,-,01,01,0.0,0.0,40,40,680,680,-28.239388,-28.239388,-52.398985,-52.398985,0724,0006,8A8B,0AB2C817,5.5,1269.3,1269.3,0:09:51,46:07:07,-,-,0,-,,,,,04,3,00000000,00,10,,
2025-10-19 13:47:21,,,,867488067662790,17399,GTINF,,,,,,,,,,,,,,,,,,,,,,,,,,,,,,,,,,,,,,,,,,C1,4200,03
2025-10-19 13:19:13,2025-10-19 13:19:12,2025-10-19 13:16:58,2025-10-19 13:16:58,867488067662790,17398,GTERI,0x19FE3FBF,0x00028102,802003,0x8303,0x0115,100,12572,0000,-,00,00,11,12,12,-,01,01,0.0,0.0,40,40,680,680,-28.239388,-28.239388,-52.398985,-52.398985,0724,0006,8A8B,0AB2C803,5.5,1269.3,1269.3,0:09:51,46:07:07,-,-,0,-,,,,,04,7,00000000,00,10,,
2025-10-19 12:19:13,2025-10-19 12:19:12,2025-10-19 12:16:47,2025-10-19 12:16:47,867488067662790,17397,GTERI,0x19FE3FBF,0x00028102,802003,0x8303,0x0115,100,12610,0000,-,00,00,11,12,12,-,01,01,0.0,0.0,40,40,680,680,-28.239388,-28.239388,-52.398985,-52.398985,0724,0006,8A8B,0AB2C803,5.5,1269.3,1269.3,0:09:51,46:07:07,-,-,0,-,,,,,04,7,00000000,00,10,,
2025-10-19 11:19:18,2025-10-19 11:19:17,2025-10-19 11:19:18,2025-10-19 11:19:18,867488067662790,17396,GTERI,0x19FE3FBF,0x00028102,802003,0x8303,0x0115,100,12545,0000,-,00,00,11,12,12,-,01,01,0.0,0.0,40,40,680,680,-28.239388,-28.239388,-52.398985,-52.398985,0724,0006,8A8B,0AB2C817,5.5,1269.3,1269.3,0:09:51,46:07:07,-,-,0,-,,,,,04,3,00000000,00,10,,
2025-10-19 11:18:44,2025-10-19 11:18:43,2025-10-19 11:18:42,2025-10-19 11:18:42,867488067662790,17395,GTERI,0x19FE3FBF,0x00028102,802003,0x8303,0x0115,100,12600,0000,-,00,00,11,12,12,-,01,01,0.0,0.0,40,40,680,680,-28.239388,-28.239388,-52.398985,-52.398985,0724,0006,8A8B,0AB2C817,5.5,1269.3,1269.3,0:09:51,46:07:07,-,-,0,-,,,,,04,3,00000000,00,10,,
2025-10-19 11:15:44,2025-10-19 11:15:43,2025-10-19 11:15:43,2025-10-19 11:15:43,867488067662790,17394,GTERI,0x19FE3FBF,0x00028102,802003,0x8303,0x0115,100,12616,0000,-,00,00,11,12,12,-,01,01,0.0,0.0,40,40,680,680,-28.239388,-28.239388,-52.398985,-52.398985,0724,0006,8A8B,0AB2C817,5.5,1269.3,1269.3,0:09:51,46:07:07,-,-,0,-,,,,,04,3,00000000,00,10,,
2025-10-19 11:14:48,2025-10-19 11:14:48,2025-10-19 11:14:48,2025-10-19 11:14:48,867488067662790,17393,GTSTT,0x19FE7FBF,,802003,0x8303,0x0115,100,12626,0000,0000,00,00,11,12,12,-,01,01,0.0,0.0,40,40,680,680,-28.239388,-28.239388,-52.398985,-52.398985,0724,0006,8A8B,0AB2C817,5.5,1269.3,1269.3,0:09:51,46:07:07,-,-,0,-
2025-10-19 11:14:48,,,,867488067662790,17392,HBD
2025-10-19 11:14:19,,,,867488067662790,17391,ACK
2025-10-19 11:14:18,,,,867488067662790,17390,ACK
2025-10-19 11:14:18,2025-10-19 11:14:17,2025-10-19 11:14:18,2025-10-19 11:14:18,867488067662790,17389,GTIGL,0x19FE7FBF,,802003,0x8303,0x0115,100,12713,0000,0000,00,00,12,12,12,-,01,01,0.0,0.0,40,40,680,680,-28.239388,-28.239388,-52.398985,-52.398985,0724,0006,8A8B,0AB2C817,5.5,1269.3,1269.3,0:09:51,46:07:07,-,-,0,-,,,,,,,,,01
2025-10-19 11:14:18,2025-10-19 11:14:17,2025-10-19 11:14:17,2025-10-19 11:14:17,867488067662790,17388,GTSTT,0x19FE7FBF,,802003,0x8303,0x0115,100,12713,0000,0000,00,00,12,12,12,-,01,01,0.0,0.0,40,40,680,680,-28.239388,-28.239388,-52.398985,-52.398985,0724,0006,8A8B,0AB2C817,5.5,1269.3,1269.3,0:09:51,46:07:07,-,-,0,-
2025-10-19 11:14:17,2025-10-19 11:14:17,2025-10-19 11:14:17,2025-10-19 11:14:17,867488067662790,17387,GTIGF,0x19FE7FBF,,802003,0x8303,0x0115,100,12713,0000,0000,00,00,12,12,12,593,01,01,0.0,0.0,40,40,680,680,-28.239388,-28.239388,-52.398985,-52.398985,0724,0006,8A8B,0AB2C817,5.5,1269.3,1269.3,0:09:51,46:07:07,-,-,0,-
2025-10-19 11:12:44,2025-10-19 11:12:43,2025-10-19 11:12:43,2025-10-19 11:11:08,867488067662790,17386,GTERI,0x19FE3FBF,0x00028102,802003,0x8303,0x0115,100,13120,0000,-,01,00,22,12,12,-,01,01,57.7,62.8,40,325,657,648,-28.23606,-28.24434,-52.400807,-52.400554,0724,0006,8A8B,0AB2C817,5.0,1268.7,1267.7,0:08:18,46:05:34,-,-,0,-,,,,,04,3,00000000,00,10,,
2025-10-19 11:12:44,,,,867488067662790,17385,HBD
2025-10-19 11:10:51,,,,867488067662790,17384,HBD
2025-10-19 11:09:44,2025-10-19 11:09:43,2025-10-19 11:09:42,2025-10-19 11:08:57,867488067662790,17383,GTERI,0x19FE3FBF,0x00028102,802003,0x8303,0x0115,100,13084,0000,-,01,00,22,12,12,-,01,01,37.7,72.8,330,49,661,651,-28.247125,-28.251413,-52.397616,-52.397776,0724,0006,8A8B,0F5E3033,3.1,1266.9,1266.3,0:05:18,46:02:34,-,-,0,-,,,,,04,28,00000000,00,10,,
2025-10-19 11:08:29,,,,867488067662790,17382,ACK
2025-10-19 11:08:28,,,,867488067662790,17381,ACK
2025-10-19 11:08:28,,,,867488067662790,17380,ACK
2025-10-19 11:08:27,,,,867488067662790,17379,HBD
2025-10-19 11:06:44,2025-10-19 11:06:43,2025-10-19 11:06:43,2025-10-19 11:06:19,867488067662790,17378,GTERI,0x19FE3FBF,0x00028102,802003,0x8303,0x0115,100,13157,0000,-,01,00,22,12,12,-,01,01,56.9,67.7,152,156,657,676,-28.252995,-28.250233,-52.408369,-52.409764,0724,0006,8A8B,0AB3B115,1.1,1264.9,1264.6,0:02:18,45:59:34,-,-,0,-,,,,,04,3,00000000,00,10,,
2025-10-19 11:06:44,,,,867488067662790,17377,HBD
2025-10-19 11:04:26,2025-10-19 11:04:24,2025-10-19 11:04:25,2025-10-19 11:04:25,867488067662790,17376,GTIGL,0x19FE7FBF,,802003,0x8303,0x0115,100,12074,0000,0000,01,00,22,12,12,-,01,01,0.0,0.0,290,290,662,662,-28.244989,-28.244989,-52.409776,-52.409776,0724,0006,8A8B,0AB70A34,0.0,1263.8,1263.8,0:00:00,45:57:16,-,-,0,-,,,,,,,,,00
2025-10-19 11:04:25,2025-10-19 11:04:24,2025-10-19 11:04:24,2025-10-19 11:04:24,867488067662790,17375,GTSTT,0x19FE7FBF,,802003,0x8303,0x0115,100,12351,0000,0000,01,00,22,12,12,-,01,01,0.0,0.0,290,290,662,662,-28.244989,-28.244989,-52.409776,-52.409776,0724,0006,8A8B,0AB70A34,0.0,1263.8,1263.8,0:00:00,45:57:16,-,-,0,-
2025-10-19 11:04:25,2025-10-19 11:04:24,2025-10-19 11:04:24,2025-10-19 11:01:30,867488067662790,17374,GTIGN,0x19FE7FBF,,802003,0x8303,0x0115,100,12351,0000,0000,01,00,22,12,12,119,01,01,0.0,46.6,290,286,662,658,-28.244989,-28.244074,-52.409776,-52.408066,0724,0006,8A8B,0AB70A34,0.0,1263.8,1263.5,0:00:00,45:57:16,-,-,0,-
2025-10-19 11:04:24,,,,867488067662790,17373,HBD
2025-10-19 11:03:44,2025-10-19 11:03:43,2025-10-19 11:03:42,2025-10-19 11:03:42,867488067662790,17372,GTERI,0x19FE3FBF,0x00028102,802003,0x8303,0x0115,100,12554,0000,-,00,00,11,12,12,-,01,01,0.0,0.0,290,290,662,662,-28.244989,-28.244989,-52.409776,-52.409776,0724,0006,8A8B,0AB70A34,0.4,1263.8,1263.8,0:01:48,45:57:16,-,-,0,-,,,,,04,28,00000000,00,10,,
2025-10-19 11:02:53,2025-10-19 11:02:53,2025-10-19 11:02:53,2025-10-19 11:02:53,867488067662790,17371,GTSTT,0x19FE7FBF,,802003,0x8303,0x0115,100,12504,0000,0000,00,00,11,12,12,-,01,01,0.0,0.0,290,290,662,662,-28.244989,-28.244989,-52.409776,-52.409776,0724,0006,8A8B,0AB70A34,0.4,1263.8,1263.8,0:01:48,45:57:16,-,-,0,-
2025-10-19 11:02:49,,,,867488067662790,17370,HBD
2025-10-19 11:02:28,,,,867488067662790,17369,ACK
2025-10-19 11:02:28,,,,867488067662790,17368,ACK
2025-10-19 11:02:26,2025-10-19 11:02:25,2025-10-19 11:02:26,2025-10-19 11:02:26,867488067662790,17367,GTIGL,0x19FE7FBF,,802003,0x8303,0x0115,100,12538,0000,0000,00,00,12,12,12,-,01,01,0.0,0.0,290,290,662,662,-28.244989,-28.244989,-52.409776,-52.409776,0724,0006,8A8B,0AB70A34,0.4,1263.8,1263.8,0:01:48,45:57:16,-,-,0,-,,,,,,,,,01
2025-10-19 11:02:26,2025-10-19 11:02:25,2025-10-19 11:02:25,2025-10-19 11:02:25,867488067662790,17366,GTSTT,0x19FE7FBF,,802003,0x8303,0x0115,100,12538,0000,0000,00,00,12,12,12,-,01,01,0.0,0.0,290,290,662,662,-28.244989,-28.244989,-52.409776,-52.409776,0724,0006,8A8B,0AB70A34,0.4,1263.8,1263.8,0:01:48,45:57:16,-,-,0,-
2025-10-19 11:02:26,2025-10-19 11:02:25,2025-10-19 11:02:25,2025-10-19 11:02:25,867488067662790,17365,GTIGF,0x19FE7FBF,,802003,0x8303,0x0115,100,12538,0000,0000,00,00,12,12,12,110,01,01,0.0,0.0,290,290,662,662,-28.244989,-28.244989,-52.409776,-52.409776,0724,0006,8A8B,0AB70A34,0.4,1263.8,1263.8,0:01:48,45:57:16,-,-,0,-
2025-10-19 11:00:44,2025-10-19 11:00:43,2025-10-19 11:00:42,2025-10-19 11:00:43,867488067662790,17364,GTERI,0x19FE3FBF,0x00028102,802003,0x8303,0x0115,100,12020,0000,-,01,00,22,12,12,-,01,01,0.0,0.0,290,290,664,664,-28.244318,-28.244318,-52.406975,-52.406975,0724,0006,8A8B,0AB72116,0.0,1263.4,1263.4,0:00:06,45:55:34,-,-,0,-,,,,,04,3,00000000,00,10,,
2025-10-19 11:00:37,2025-10-19 11:00:35,2025-10-19 11:00:36,2025-10-19 11:00:36,867488067662790,17363,GTIGL,0x19FE7FBF,,802003,0x8303,0x0115,100,12371,0000,0000,01,00,22,12,12,-,01,01,0.0,0.0,290,290,664,664,-28.244318,-28.244318,-52.406975,-52.406975,0724,0006,8A8B,0AB70A34,0.0,1263.4,1263.4,0:00:00,45:55:28,-,-,0,-,,,,,,,,,00
2025-10-19 11:00:37,2025-10-19 11:00:35,2025-10-19 11:00:35,2025-10-19 11:00:35,867488067662790,17362,GTSTT,0x19FE7FBF,,802003,0x8303,0x0115,100,12371,0000,0000,01,00,22,12,12,-,01,01,0.0,0.0,290,290,664,664,-28.244318,-28.244318,-52.406975,-52.406975,0724,0006,8A8B,0AB70A34,0.0,1263.4,1263.4,0:00:00,45:55:28,-,-,0,-
2025-10-19 11:00:36,2025-10-19 11:00:35,2025-10-19 11:00:35,2025-10-19 10:58:28,867488067662790,17361,GTIGN,0x19FE7FBF,,802003,0x8303,0x0115,100,12371,0000,0000,01,00,22,12,12,69,01,01,0.0,63.8,290,66,664,675,-28.244318,-28.245904,-52.406975,-52.408463,0724,0006,8A8B,0AB70A34,0.0,1263.4,1263.0,0:00:00,45:55:28,-,-,0,-
2025-10-19 11:00:36,,,,867488067662790,17360,HBD
2025-10-19 11:00:36,,,,867488067662790,17359,HBD
2025-10-19 10:59:48,2025-10-19 10:59:48,2025-10-19 10:59:48,2025-10-19 10:59:48,867488067662790,17358,GTSTT,0x19FE7FBF,,802003,0x8303,0x0115,100,12586,0000,0000,00,00,11,12,12,-,01,01,0.0,0.0,290,290,664,664,-28.244318,-28.244318,-52.406975,-52.406975,0724,0006,8A8B,0AB70A34,6.1,1263.4,1263.4,0:16:21,45:55:28,-,-,0,-
2025-10-19 10:59:29,2025-10-19 10:59:26,2025-10-19 10:59:27,2025-10-19 10:59:27,867488067662790,17357,GTIGL,0x19FE7FBF,,802003,0x8303,0x0115,100,12469,0000,0000,00,00,12,12,12,-,01,01,0.0,0.0,290,290,664,664,-28.244318,-28.244318,-52.406975,-52.406975,0724,0006,8A8B,0AB70A34,6.1,1263.4,1263.4,0:16:21,45:55:28,-,-,0,-,,,,,,,,,01
2025-10-19 10:59:28,,,,867488067662790,17356,ACK
2025-10-19 10:59:28,,,,867488067662790,17355,ACK
2025-10-19 10:59:27,2025-10-19 10:59:26,2025-10-19 10:59:26,2025-10-19 10:59:26,867488067662790,17354,GTSTT,0x19FE7FBF,,802003,0x8303,0x0115,100,12469,0000,0000,00,00,12,12,12,-,01,01,0.0,0.0,289,289,664,664,-28.244318,-28.244318,-52.406975,-52.406975,0724,0006,8A8B,0AB70A34,6.1,1263.4,1263.4,0:16:21,45:55:28,-,-,0,-
2025-10-19 10:59:27,2025-10-19 10:59:26,2025-10-19 10:59:26,2025-10-19 10:59:26,867488067662790,17353,GTIGF,0x19FE7FBF,,802003,0x8303,0x0115,100,12469,0000,0000,00,00,12,12,12,983,01,01,0.0,0.0,289,289,664,664,-28.244318,-28.244318,-52.406975,-52.406975,0724,0006,8A8B,0AB70A34,6.1,1263.4,1263.4,0:16:21,45:55:28,-,-,0,-
2025-10-19 10:58:48,,,,867488067662790,17352,HBD
2025-10-19 10:57:44,2025-10-19 10:57:43,2025-10-19 10:57:42,2025-10-19 10:56:16,867488067662790,17351,GTERI,0x19FE3FBF,0x00028102,802003,0x8303,0x0115,100,13414,0000,-,01,00,22,12,12,-,01,01,33.7,50.7,290,319,675,650,-28.24676,-28.249203,-52.410914,-52.404843,0724,0006,8A8B,0AB70A34,5.2,1262.5,1261.8,0:14:39,45:53:46,-,-,0,-,,,,,04,28,00000000,00,10,,
2025-10-19 10:56:48,,,,867488067662790,17350,HBD
2025-10-19 10:54:44,2025-10-19 10:54:43,2025-10-19 10:54:42,2025-10-19 10:52:34,867488067662790,17349,GTERI,0x19FE3FBF,0x00028102,802003,0x8303,0x0115,100,13260,0000,-,01,00,22,12,12,-,01,01,42.7,56.9,229,243,651,654,-28.251962,-28.246207,-52.398537,-52.400504,0724,0006,8A8B,0F5E3065,3.6,1260.9,1259.7,0:11:39,45:50:46,-,-,0,-,,,,,04,7,00000000,00,10,,
2025-10-19 10:54:44,,,,867488067662790,17348,HBD
2025-10-19 10:52:47,,,,867488067662790,17347,HBD
2025-10-19 10:51:44,2025-10-19 10:51:43,2025-10-19 10:51:42,2025-10-19 10:50:12,867488067662790,17346,GTERI,0x19FE3FBF,0x00028102,802003,0x8303,0x0115,100,13195,0000,-,01,00,22,12,12,-,01,01,44.9,66.6,150,270,648,668,-28.243024,-28.235228,-52.401464,-52.398496,0724,0006,8A8B,0F5E2B33,2.0,1259.2,1258.1,0:08:39,45:47:46,-,-,0,-,,,,,04,28,00000000,00,10,,
2025-10-19 10:50:46,,,,867488067662790,17345,HBD
2025-10-19 10:48:45,2025-10-19 10:48:43,2025-10-19 10:48:43,2025-10-19 10:48:44,867488067662790,17344,GTERI,0x19FE3FBF,0x00028102,802003,0x8303,0x0115,100,13120,0000,-,01,00,22,12,12,-,01,01,0.0,0.0,291,291,683,683,-28.235133,-28.235133,-52.397212,-52.397212,0724,0006,8A8B,0AB2C803,0.7,1258.0,1258.0,0:05:39,45:44:46,-,-,0,-,,,,,04,7,00000000,00,10,,
2025-10-19 10:48:44,,,,867488067662790,17343,HBD
2025-10-19 10:47:06,,,,867488067662790,17342,ACK
2025-10-19 10:47:06,,,,867488067662790,17341,ACK
2025-10-19 10:47:05,,,,867488067662790,17340,ACK
2025-10-19 10:47:05,,,,867488067662790,17339,HBD
2025-10-19 10:45:45,2025-10-19 10:45:43,2025-10-19 10:45:42,2025-10-19 10:44:08,867488067662790,17338,GTERI,0x19FE3FBF,0x00028102,802003,0x8303,0x0115,100,13382,0000,-,01,00,22,12,12,-,01,01,0.0,51.9,291,349,683,666,-28.235133,-28.23669,-52.397212,-52.399355,0724,0006,8A8B,0AB2C803,0.7,1258.0,1257.6,0:02:39,45:41:46,-,-,0,-,,,,,04,7,00000000,00,10,,
2025-10-19 10:45:45,,,,867488067662790,17337,HBD
2025-10-19 10:43:04,2025-10-19 10:43:03,2025-10-19 10:43:04,2025-10-19 10:43:04,867488067662790,17336,GTIGL,0x19FE7FBF,,802003,0x8303,0x0115,100,11882,0000,0000,01,00,22,9,9,-,01,01,0.0,0.0,291,291,672,672,-28.239426,-28.239426,-52.399031,-52.399031,0724,0006,8A8B,0AB2C803,0.0,1257.3,1257.3,0:00:00,45:39:07,-,-,0,-,,,,,,,,,00
2025-10-19 10:43:04,2025-10-19 10:43:03,2025-10-19 10:43:03,2025-10-19 10:43:03,867488067662790,17335,GTSTT,0x19FE7FBF,,802003,0x8303,0x0115,100,11882,0000,0000,01,00,22,9,9,-,01,01,0.0,0.0,291,291,672,672,-28.239426,-28.239426,-52.399031,-52.399031,0724,0006,8A8B,0AB2C803,0.0,1257.3,1257.3,0:00:00,45:39:07,-,-,0,-
2025-10-19 10:43:04,2025-10-19 10:43:03,2025-10-19 10:43:03,2025-10-19 10:43:03,867488067662790,17334,GTIGN,0x19FE7FBF,,802003,0x8303,0x0115,100,11882,0000,0000,01,00,22,9,9,15,01,01,0.0,0.0,291,291,672,672,-28.239426,-28.239426,-52.399031,-52.399031,0724,0006,8A8B,0AB2C803,0.0,1257.3,1257.3,0:00:00,45:39:07,-,-,0,-
2025-10-19 10:43:04,,,,867488067662790,17333,HBD
2025-10-19 10:42:52,2025-10-19 10:42:50,2025-10-19 10:42:51,2025-10-19 10:42:51,867488067662790,17332,GTIGL,0x19FE7FBF,,802003,0x8303,0x0115,100,11940,0000,0000,00,00,12,8,8,-,01,01,0.0,0.0,291,291,672,672,-28.239426,-28.239426,-52.399031,-52.399031,0724,0006,8A8B,0AB2C803,0.0,1257.3,1257.3,0:00:09,45:39:07,-,-,0,-,,,,,,,,,01
2025-10-19 10:42:51,2025-10-19 10:42:50,2025-10-19 10:42:51,2025-10-19 10:42:51,867488067662790,17331,GTIGL,0x19FE7FBF,,802003,0x8303,0x0115,100,11940,0000,0000,00,00,12,8,8,-,01,01,0.0,0.0,291,291,672,672,-28.239426,-28.239426,-52.399031,-52.399031,0724,0006,8A8B,0AB2C803,0.0,1257.3,1257.3,0:00:09,45:39:07,-,-,0,-,,,,,,,,,00
2025-10-19 10:42:51,2025-10-19 10:42:50,2025-10-19 10:42:51,2025-10-19 10:42:51,867488067662790,17330,GTERI,0x19FE3FBF,0x00028102,802003,0x8303,0x0115,100,11940,0000,-,00,00,12,8,8,-,01,01,0.0,0.0,291,291,672,672,-28.239426,-28.239426,-52.399031,-52.399031,0724,0006,8A8B,0AB2C803,0.0,1257.3,1257.3,0:00:09,45:39:07,-,-,0,-,,,,,04,7,00000000,00,10,,
2025-10-19 10:42:50,,,,867488067662790,17329,ACK
2025-10-19 10:42:50,,,,867488067662790,17328,ACK
2025-10-19 10:42:49,2025-10-19 10:42:48,2025-10-19 10:30:31,2025-10-19 10:30:31,867488067662790,17327,GTSTT,0x19FE7FBF,,802003,0x8303,0x0115,100,11300,0000,0000,00,00,12,9,9,-,00,00,0.0,0.0,291,291,665,665,-28.239391,-28.239391,-52.398948,-52.398948,0724,0006,8A8B,0AB2C803,0.0,1257.3,1257.3,0:00:09,45:39:07,-,-,0,-
2025-10-19 10:42:49,2025-10-19 10:42:48,2025-10-19 10:30:31,2025-10-19 10:30:31,867488067662790,17326,GTIGF,0x19FE7FBF,,802003,0x8303,0x0115,100,11300,0000,0000,00,00,12,9,9,10,00,00,0.0,0.0,291,291,665,665,-28.239391,-28.239391,-52.398948,-52.398948,0724,0006,8A8B,0AB2C803,0.0,1257.3,1257.3,0:00:09,45:39:07,-,-,0,-
2025-10-19 10:42:39,2025-10-19 10:42:38,2025-10-19 10:30:31,2025-10-19 10:30:31,867488067662790,17325,GTSTT,0x19FE7FBF,,802003,0x8303,0x0115,100,12177,0000,0000,01,00,22,9,9,-,00,00,0.0,0.0,291,291,665,665,-28.239391,-28.239391,-52.398948,-52.398948,0724,0006,8A8B,0AB2C803,0.0,1257.3,1257.3,0:00:00,45:38:58,-,-,0,-
2025-10-19 10:42:39,2025-10-19 10:42:38,2025-10-19 10:30:31,2025-10-17 16:26:55,867488067662790,17324,GTIGN,0x19FE7FBF,,802003,0x8303,0x0115,100,12177,0000,0000,01,00,22,9,12,152086,00,01,0.0,28.1,291,348,665,673,-28.239391,-28.240043,-52.398948,-52.398689,0724,0006,8A8B,0AB2C803,0.0,1257.3,1257.2,0:00:00,45:38:58,-,-,0,-
2025-10-19 10:42:39,,,,867488067662790,17323,HBD
2025-10-19 10:32:48,2025-10-19 10:32:47,2025-10-19 10:30:31,2025-10-19 10:30:31,867488067662790,17322,GTERI,0x19FE3FBF,0x00028102,802003,0x8303,0x0115,100,12267,0000,-,00,00,11,9,9,-,01,01,0.0,0.0,291,291,665,665,-28.239391,-28.239391,-52.398948,-52.398948,0724,0006,8A8B,0AB2C803,0.3,1257.3,1257.3,0:02:18,45:38:58,-,-,0,-,,,,,04,7,00000000,00,10,,
2025-10-19 09:32:48,2025-10-19 09:32:47,2025-10-19 09:30:54,2025-10-19 09:30:54,867488067662790,17321,GTERI,0x19FE3FBF,0x00028102,802003,0x8303,0x0115,100,12262,0000,-,00,00,11,9,9,-,01,01,0.0,0.0,291,291,665,665,-28.239391,-28.239391,-52.398948,-52.398948,0724,0006,8A8B,0AB2C803,0.3,1257.3,1257.3,0:02:18,45:38:58,-,-,0,-,,,,,04,7,00000000,00,10,,
2025-10-19 08:32:48,2025-10-19 08:32:47,2025-10-19 08:30:28,2025-10-19 08:30:28,867488067662790,17320,GTERI,0x19FE3FBF,0x00028102,802003,0x8303,0x0115,100,12264,0000,-,00,00,11,3,3,-,01,01,0.0,0.0,291,291,665,665,-28.239391,-28.239391,-52.398948,-52.398948,0724,0006,8A8B,0AB2C803,0.3,1257.3,1257.3,0:02:18,45:38:58,-,-,0,-,,,,,04,7,00000000,00,10,,
2025-10-19 07:32:48,2025-10-19 07:32:47,2025-10-19 07:30:37,2025-10-19 07:30:37,867488067662790,17319,GTERI,0x19FE3FBF,0x00028102,802003,0x8303,0x0115,100,12294,0000,-,00,00,11,5,5,-,01,01,0.0,0.0,291,291,665,665,-28.239391,-28.239391,-52.398948,-52.398948,0724,0006,8A8B,0AB2C803,0.3,1257.3,1257.3,0:02:18,45:38:58,-,-,0,-,,,,,04,7,00000000,00,10,,
2025-10-19 06:32:48,2025-10-19 06:32:47,2025-10-19 06:30:21,2025-10-19 06:30:21,867488067662790,17318,GTERI,0x19FE3FBF,0x00028102,802003,0x8303,0x0115,100,12312,0000,-,00,00,11,8,8,-,01,01,0.0,0.0,291,291,665,665,-28.239391,-28.239391,-52.398948,-52.398948,0724,0006,8A8B,0AB2C817,0.3,1257.3,1257.3,0:02:18,45:38:58,-,-,0,-,,,,,04,3,00000000,00,10,,
2025-10-19 05:32:48,2025-10-19 05:32:47,2025-10-19 05:30:53,2025-10-19 05:30:53,867488067662790,17317,GTERI,0x19FE3FBF,0x00028102,802003,0x8303,0x0115,100,12319,0000,-,00,00,11,8,8,-,01,01,0.0,0.0,291,291,665,665,-28.239391,-28.239391,-52.398948,-52.398948,0724,0006,8A8B,0AB2C817,0.3,1257.3,1257.3,0:02:18,45:38:58,-,-,0,-,,,,,04,3,00000000,00,10,,
2025-10-19 04:32:48,2025-10-19 04:32:47,2025-10-19 04:30:24,2025-10-19 04:30:24,867488067662790,17316,GTERI,0x19FE3FBF,0x00028102,802003,0x8303,0x0115,100,12326,0000,-,00,00,11,8,8,-,01,01,0.0,0.0,291,291,665,665,-28.239391,-28.239391,-52.398948,-52.398948,0724,0006,8A8B,0AB2C817,0.3,1257.3,1257.3,0:02:18,45:38:58,-,-,0,-,,,,,04,3,00000000,00,10,,
2025-10-19 03:32:48,2025-10-19 03:32:47,2025-10-19 03:30:23,2025-10-19 03:30:23,867488067662790,17315,GTERI,0x19FE3FBF,0x00028102,802003,0x8303,0x0115,100,12337,0000,-,00,00,11,10,10,-,01,01,0.0,0.0,291,291,665,665,-28.239391,-28.239391,-52.398948,-52.398948,0724,0006,8A8B,0AB2C817,0.3,1257.3,1257.3,0:02:18,45:38:58,-,-,0,-,,,,,04,3,00000000,00,10,,
2025-10-19 02:32:48,2025-10-19 02:32:47,2025-10-19 02:30:49,2025-10-19 02:30:49,867488067662790,17314,GTERI,0x19FE3FBF,0x00028102,802003,0x8303,0x0115,100,12247,0000,-,00,00,11,11,11,-,01,01,0.0,0.0,291,291,665,665,-28.239391,-28.239391,-52.398948,-52.398948,0724,0006,8A8B,0AB2C817,0.3,1257.3,1257.3,0:02:18,45:38:58,-,-,0,-,,,,,04,3,00000000,00,10,,
2025-10-19 01:32:48,2025-10-19 01:32:47,2025-10-19 01:30:31,2025-10-19 01:30:31,867488067662790,17313,GTERI,0x19FE3FBF,0x00028102,802003,0x8303,0x0115,100,12335,0000,-,00,00,11,7,7,-,01,01,0.0,0.0,291,291,665,665,-28.239391,-28.239391,-52.398948,-52.398948,0724,0006,8A8B,0AB2C817,0.3,1257.3,1257.3,0:02:18,45:38:58,-,-,0,-,,,,,04,3,00000000,00,10,,
2025-10-19 00:32:48,2025-10-19 00:32:47,2025-10-19 00:30:26,2025-10-19 00:30:26,867488067662790,17312,GTERI,0x19FE3FBF,0x00028102,802003,0x8303,0x0115,100,12320,0000,-,00,00,11,9,9,-,01,01,0.0,0.0,291,291,665,665,-28.239391,-28.239391,-52.398948,-52.398948,0724,0006,8A8B,0AB2C817,0.3,1257.3,1257.3,0:02:18,45:38:58,-,-,0,-,,,,,04,3,00000000,00,10,,
2025-10-18 23:32:48,2025-10-18 23:32:47,2025-10-18 23:30:54,2025-10-18 23:30:54,867488067662790,17311,GTERI,0x19FE3FBF,0x00028102,802003,0x8303,0x0115,100,12298,0000,-,00,00,11,9,9,-,01,01,0.0,0.0,291,291,665,665,-28.239391,-28.239391,-52.398948,-52.398948,0724,0006,8A8B,0AB2C817,0.3,1257.3,1257.3,0:02:18,45:38:58,-,-,0,-,,,,,04,3,00000000,00,10,,
2025-10-18 22:32:48,2025-10-18 22:32:47,2025-10-18 22:30:27,2025-10-18 22:30:27,867488067662790,17310,GTERI,0x19FE3FBF,0x00028102,802003,0x8303,0x0115,100,12355,0000,-,00,00,11,4,4,-,01,01,0.0,0.0,291,291,665,665,-28.239391,-28.239391,-52.398948,-52.398948,0724,0006,8A8B,0AB2C817,0.3,1257.3,1257.3,0:02:18,45:38:58,-,-,0,-,,,,,04,3,00000000,00,10,,
2025-10-18 21:32:48,2025-10-18 21:32:47,2025-10-18 21:30:24,2025-10-18 21:30:24,867488067662790,17309,GTERI,0x19FE3FBF,0x00028102,802003,0x8303,0x0115,100,12256,0000,-,00,00,11,7,7,-,01,01,0.0,0.0,291,291,665,665,-28.239391,-28.239391,-52.398948,-52.398948,0724,0006,8A8B,0AB2C817,0.3,1257.3,1257.3,0:02:18,45:38:58,-,-,0,-,,,,,04,3,00000000,00,10,,
2025-10-18 20:32:48,2025-10-18 20:32:47,2025-10-18 20:30:22,2025-10-18 20:30:22,867488067662790,17308,GTERI,0x19FE3FBF,0x00028102,802003,0x8303,0x0115,100,12370,0000,-,00,00,11,9,9,-,01,01,0.0,0.0,291,291,665,665,-28.239391,-28.239391,-52.398948,-52.398948,0724,0006,8A8B,0AB2C817,0.3,1257.3,1257.3,0:02:18,45:38:58,-,-,0,-,,,,,04,3,00000000,00,10,,
2025-10-18 19:32:48,2025-10-18 19:32:47,2025-10-18 19:30:53,2025-10-18 19:30:53,867488067662790,17307,GTERI,0x19FE3FBF,0x00028102,802003,0x8303,0x0115,100,12380,0000,-,00,00,11,10,10,-,01,01,0.0,0.0,291,291,665,665,-28.239391,-28.239391,-52.398948,-52.398948,0724,0006,8A8B,0AB2C817,0.3,1257.3,1257.3,0:02:18,45:38:58,-,-,0,-,,,,,04,3,00000000,00,10,,
2025-10-18 18:32:48,2025-10-18 18:32:47,2025-10-18 18:30:24,2025-10-18 18:30:24,867488067662790,17306,GTERI,0x19FE3FBF,0x00028102,802003,0x8303,0x0115,100,12330,0000,-,00,00,11,6,6,-,01,01,0.0,0.0,291,291,665,665,-28.239391,-28.239391,-52.398948,-52.398948,0724,0006,8A8B,0AB2C817,0.3,1257.3,1257.3,0:02:18,45:38:58,-,-,0,-,,,,,04,3,00000000,00,10,,
2025-10-18 17:32:51,2025-10-18 17:32:47,2025-10-18 17:30:24,2025-10-18 17:30:24,867488067662790,17305,GTERI,0x19FE3FBF,0x00028102,802003,0x8303,0x0115,100,12328,0000,-,00,00,11,7,7,-,01,01,0.0,0.0,291,291,665,665,-28.239391,-28.239391,-52.398948,-52.398948,0724,0006,8A8B,0AB2C817,0.3,1257.3,1257.3,0:02:18,45:38:58,-,-,0,-,,,,,04,3,00000000,00,10,,
2025-10-18 16:32:48,2025-10-18 16:32:47,2025-10-18 16:30:50,2025-10-18 16:30:50,867488067662790,17304,GTERI,0x19FE3FBF,0x00028102,802003,0x8303,0x0115,100,12356,0000,-,00,00,11,11,11,-,01,01,0.0,0.0,291,291,665,665,-28.239391,-28.239391,-52.398948,-52.398948,0724,0006,8A8B,0AB2C817,0.3,1257.3,1257.3,0:02:18,45:38:58,-,-,0,-,,,,,04,3,00000000,00,10,,
2025-10-18 15:32:48,2025-10-18 15:32:47,2025-10-18 15:30:40,2025-10-18 15:30:40,867488067662790,17303,GTERI,0x19FE3FBF,0x00028102,802003,0x8303,0x0115,100,12372,0000,-,00,00,11,5,5,-,01,01,0.0,0.0,291,291,665,665,-28.239391,-28.239391,-52.398948,-52.398948,0724,0006,8A8B,0AB2C835,0.3,1257.3,1257.3,0:02:18,45:38:58,-,-,0,-,,,,,04,28,00000000,00,10,,
2025-10-18 14:32:48,2025-10-18 14:32:47,2025-10-18 14:30:50,2025-10-18 14:30:50,867488067662790,17302,GTERI,0x19FE3FBF,0x00028102,802003,0x8303,0x0115,100,12405,0000,-,00,00,11,9,9,-,01,01,0.0,0.0,291,291,665,665,-28.239391,-28.239391,-52.398948,-52.398948,0724,0006,8A8B,0AB2C835,0.3,1257.3,1257.3,0:02:18,45:38:58,-,-,0,-,,,,,04,28,00000000,00,10,,
2025-10-18 13:47:23,,,,867488067662790,17301,GTINF,,,,,,,,,,,,,,,,,,,,,,,,,,,,,,,,,,,,,,,,,,C1,4200,03
2025-10-18 13:32:48,2025-10-18 13:32:47,2025-10-18 13:30:24,2025-10-18 13:30:24,867488067662790,17300,GTERI,0x19FE3FBF,0x00028102,802003,0x8303,0x0115,100,12391,0000,-,00,00,11,7,7,-,01,01,0.0,0.0,291,291,665,665,-28.239391,-28.239391,-52.398948,-52.398948,0724,0006,8A8B,0AB2C803,0.3,1257.3,1257.3,0:02:18,45:38:58,-,-,0,-,,,,,04,7,00000000,00,10,,
2025-10-18 12:32:48,2025-10-18 12:32:47,2025-10-18 12:30:23,2025-10-18 12:30:23,867488067662790,17299,GTERI,0x19FE3FBF,0x00028102,802003,0x8303,0x0115,100,12400,0000,-,00,00,11,9,9,-,01,01,0.0,0.0,291,291,665,665,-28.239391,-28.239391,-52.398948,-52.398948,0724,0006,8A8B,0AB2C803,0.3,1257.3,1257.3,0:02:18,45:38:58,-,-,0,-,,,,,04,7,00000000,00,10,,
2025-10-18 11:32:48,2025-10-18 11:32:47,2025-10-18 11:30:54,2025-10-18 11:30:54,867488067662790,17298,GTERI,0x19FE3FBF,0x00028102,802003,0x8303,0x0115,100,12298,0000,-,00,00,11,8,8,-,01,01,0.0,0.0,291,291,665,665,-28.239391,-28.239391,-52.398948,-52.398948,0724,0006,8A8B,0AB2C803,0.3,1257.3,1257.3,0:02:18,45:38:58,-,-,0,-,,,,,04,7,00000000,00,10,,
2025-10-18 10:32:48,2025-10-18 10:32:47,2025-10-18 10:30:42,2025-10-18 10:30:42,867488067662790,17297,GTERI,0x19FE3FBF,0x00028102,802003,0x8303,0x0115,100,12338,0000,-,00,00,11,4,4,-,01,01,0.0,0.0,291,291,665,665,-28.239391,-28.239391,-52.398948,-52.398948,0724,0006,8A8B,0AB2C835,0.3,1257.3,1257.3,0:02:18,45:38:58,-,-,0,-,,,,,04,28,00000000,00,10,,
2025-10-18 09:32:48,2025-10-18 09:32:47,2025-10-18 09:30:24,2025-10-18 09:30:24,867488067662790,17296,GTERI,0x19FE3FBF,0x00028102,802003,0x8303,0x0115,100,12384,0000,-,00,00,11,5,5,-,01,01,0.0,0.0,291,291,665,665,-28.239391,-28.239391,-52.398948,-52.398948,0724,0006,8A8B,0AB2C803,0.3,1257.3,1257.3,0:02:18,45:38:58,-,-,0,-,,,,,04,7,00000000,00,10,,
2025-10-18 08:32:48,2025-10-18 08:32:47,2025-10-18 08:30:50,2025-10-18 08:30:50,867488067662790,17295,GTERI,0x19FE3FBF,0x00028102,802003,0x8303,0x0115,100,12404,0000,-,00,00,11,9,9,-,01,01,0.0,0.0,291,291,665,665,-28.239391,-28.239391,-52.398948,-52.398948,0724,0006,8A8B,0AB2C817,0.3,1257.3,1257.3,0:02:18,45:38:58,-,-,0,-,,,,,04,3,00000000,00,10,,
2025-10-18 08:25:32,2025-10-18 08:25:01,2025-10-18 07:30:25,2025-10-18 07:30:25,867488067662790,17294,GTPDP,0x19FE7FBF,,802003,0x8303,0x0115,100,12358,0000,0000,00,00,11,6,6,-,00,00,0.0,0.0,291,291,665,665,-28.239391,-28.239391,-52.398948,-52.398948,0724,0006,8A8B,0AB2C817,0.3,1257.3,1257.3,0:02:18,45:38:58,-,-,0,-
2025-10-18 08:25:32,2025-10-18 08:22:01,2025-10-18 07:30:25,2025-10-18 07:30:25,867488067662790,17293,GTPDP,0x19FE7FBF,,802003,0x8303,0x0115,100,12439,0000,0000,00,00,11,6,6,-,00,00,0.0,0.0,291,291,665,665,-28.239391,-28.239391,-52.398948,-52.398948,0724,0006,8A8B,0AB2C817,0.3,1257.3,1257.3,0:02:18,45:38:58,-,-,0,-
2025-10-18 07:32:48,2025-10-18 07:32:47,2025-10-18 07:30:25,2025-10-18 07:30:25,867488067662790,17292,GTERI,0x19FE3FBF,0x00028102,802003,0x8303,0x0115,100,12410,0000,-,00,00,11,6,6,-,01,01,0.0,0.0,291,291,665,665,-28.239391,-28.239391,-52.398948,-52.398948,0724,0006,8A8B,0AB2C817,0.3,1257.3,1257.3,0:02:18,45:38:58,-,-,0,-,,,,,04,3,00000000,00,10,,
2025-10-18 06:32:48,2025-10-18 06:32:47,2025-10-18 06:30:23,2025-10-18 06:30:23,867488067662790,17291,GTERI,0x19FE3FBF,0x00028102,802003,0x8303,0x0115,100,12356,0000,-,00,00,11,12,12,-,01,01,0.0,0.0,291,291,665,665,-28.239391,-28.239391,-52.398948,-52.398948,0724,0006,8A8B,0AB2C817,0.3,1257.3,1257.3,0:02:18,45:38:58,-,-,0,-,,,,,04,3,00000000,00,10,,
2025-10-18 05:32:48,2025-10-18 05:32:47,2025-10-18 05:30:52,2025-10-18 05:30:52,867488067662790,17290,GTERI,0x19FE3FBF,0x00028102,802003,0x8303,0x0115,100,12427,0000,-,00,00,11,12,12,-,01,01,0.0,0.0,291,291,665,665,-28.239391,-28.239391,-52.398948,-52.398948,0724,0006,8A8B,0AB2C803,0.3,1257.3,1257.3,0:02:18,45:38:58,-,-,0,-,,,,,04,7,00000000,00,10,,
2025-10-18 04:32:48,2025-10-18 04:32:47,2025-10-18 04:30:29,2025-10-18 04:30:29,867488067662790,17289,GTERI,0x19FE3FBF,0x00028102,802003,0x8303,0x0115,100,12416,0000,-,00,00,11,4,4,-,01,01,0.0,0.0,291,291,665,665,-28.239391,-28.239391,-52.398948,-52.398948,0724,0006,8A8B,0AB2C803,0.3,1257.3,1257.3,0:02:18,45:38:58,-,-,0,-,,,,,04,7,00000000,00,10,,
2025-10-18 03:32:48,2025-10-18 03:32:47,2025-10-18 03:30:22,2025-10-18 03:30:22,867488067662790,17288,GTERI,0x19FE3FBF,0x00028102,802003,0x8303,0x0115,100,12361,0000,-,00,00,11,6,6,-,01,01,0.0,0.0,291,291,665,665,-28.239391,-28.239391,-52.398948,-52.398948,0724,0006,8A8B,0AB2C803,0.3,1257.3,1257.3,0:02:18,45:38:58,-,-,0,-,,,,,04,7,00000000,00,10,,
2025-10-18 02:32:48,2025-10-18 02:32:47,2025-10-18 02:30:23,2025-10-18 02:30:23,867488067662790,17287,GTERI,0x19FE3FBF,0x00028102,802003,0x8303,0x0115,100,12424,0000,-,00,00,11,9,9,-,01,01,0.0,0.0,291,291,665,665,-28.239391,-28.239391,-52.398948,-52.398948,0724,0006,8A8B,0AB2C803,0.3,1257.3,1257.3,0:02:18,45:38:58,-,-,0,-,,,,,04,7,00000000,00,10,,
2025-10-18 01:32:48,2025-10-18 01:32:47,2025-10-18 01:30:50,2025-10-18 01:30:50,867488067662790,17286,GTERI,0x19FE3FBF,0x00028102,802003,0x8303,0x0115,100,12399,0000,-,00,00,11,12,12,-,01,01,0.0,0.0,291,291,665,665,-28.239391,-28.239391,-52.398948,-52.398948,0724,0006,8A8B,0AB2C803,0.3,1257.3,1257.3,0:02:18,45:38:58,-,-,0,-,,,,,04,7,00000000,00,10,,
2025-10-18 00:32:48,2025-10-18 00:32:47,2025-10-18 00:30:28,2025-10-18 00:30:28,867488067662790,17285,GTERI,0x19FE3FBF,0x00028102,802003,0x8303,0x0115,100,12405,0000,-,00,00,11,8,8,-,01,01,0.0,0.0,291,291,665,665,-28.239391,-28.239391,-52.398948,-52.398948,0724,0006,8A8B,0AB2C803,0.3,1257.3,1257.3,0:02:18,45:38:58,-,-,0,-,,,,,04,7,00000000,00,10,,
2025-10-17 23:32:48,2025-10-17 23:32:47,2025-10-17 23:30:56,2025-10-17 23:30:56,867488067662790,17284,GTERI,0x19FE3FBF,0x00028102,802003,0x8303,0x0115,100,12485,0000,-,00,00,11,8,8,-,01,01,0.0,0.0,291,291,665,665,-28.239391,-28.239391,-52.398948,-52.398948,0724,0006,8A8B,0AB2C803,0.3,1257.3,1257.3,0:02:18,45:38:58,-,-,0,-,,,,,04,7,00000000,00,10,,
2025-10-17 22:32:48,2025-10-17 22:32:47,2025-10-17 22:30:53,2025-10-17 22:30:53,867488067662790,17283,GTERI,0x19FE3FBF,0x00028102,802003,0x8303,0x0115,100,12485,0000,-,00,00,11,7,7,-,01,01,0.0,0.0,291,291,665,665,-28.239391,-28.239391,-52.398948,-52.398948,0724,0006,8A8B,0AB2C803,0.3,1257.3,1257.3,0:02:18,45:38:58,-,-,0,-,,,,,04,7,00000000,00,10,,
2025-10-17 21:32:51,2025-10-17 21:32:47,2025-10-17 21:30:24,2025-10-17 21:30:24,867488067662790,17282,GTERI,0x19FE3FBF,0x00028102,802003,0x8303,0x0115,100,12517,0000,-,00,00,11,6,6,-,01,01,0.0,0.0,291,291,665,665,-28.239391,-28.239391,-52.398948,-52.398948,0724,0006,8A8B,0AB2C817,0.3,1257.3,1257.3,0:02:18,45:38:58,-,-,0,-,,,,,04,3,00000000,00,10,,
2025-10-17 20:32:48,2025-10-17 20:32:47,2025-10-17 20:30:21,2025-10-17 20:30:21,867488067662790,17281,GTERI,0x19FE3FBF,0x00028102,802003,0x8303,0x0115,100,12529,0000,-,00,00,11,9,9,-,01,01,0.0,0.0,291,291,665,665,-28.239391,-28.239391,-52.398948,-52.398948,0724,0006,8A8B,0AB2C817,0.3,1257.3,1257.3,0:02:18,45:38:58,-,-,0,-,,,,,04,3,00000000,00,10,,
2025-10-17 19:32:48,2025-10-17 19:32:47,2025-10-17 19:30:54,2025-10-17 19:30:54,867488067662790,17280,GTERI,0x19FE3FBF,0x00028102,802003,0x8303,0x0115,100,12470,0000,-,00,00,11,10,10,-,01,01,0.0,0.0,291,291,665,665,-28.239391,-28.239391,-52.398948,-52.398948,0724,0006,8A8B,0AB2C803,0.3,1257.3,1257.3,0:02:18,45:38:58,-,-,0,-,,,,,04,7,00000000,00,10,,
2025-10-17 18:32:48,2025-10-17 18:32:47,2025-10-17 18:30:24,2025-10-17 18:30:24,867488067662790,17279,GTERI,0x19FE3FBF,0x00028102,802003,0x8303,0x0115,100,12509,0000,-,00,00,11,11,11,-,01,01,0.0,0.0,291,291,665,665,-28.239391,-28.239391,-52.398948,-52.398948,0724,0006,8A8B,0AB2C817,0.3,1257.3,1257.3,0:02:18,45:38:58,-,-,0,-,,,,,04,3,00000000,00,10,,
2025-10-17 17:32:48,2025-10-17 17:32:47,2025-10-17 17:30:21,2025-10-17 17:30:21,867488067662790,17278,GTERI,0x19FE3FBF,0x00028102,802003,0x8303,0x0115,100,12539,0000,-,00,00,11,12,12,-,01,01,0.0,0.0,291,291,665,665,-28.239391,-28.239391,-52.398948,-52.398948,0724,0006,8A8B,0AB2C835,0.3,1257.3,1257.3,0:02:18,45:38:58,-,-,0,-,,,,,04,28,00000000,00,10,,
2025-10-17 16:32:52,2025-10-17 16:32:52,2025-10-17 16:32:52,2025-10-17 16:32:52,867488067662790,17277,GTERI,0x19FE3FBF,0x00028102,802003,0x8303,0x0115,100,12604,0000,-,00,00,11,12,12,-,01,01,0.0,0.0,291,291,665,665,-28.239391,-28.239391,-52.398948,-52.398948,0724,0006,8A8B,0AB2C803,0.3,1257.3,1257.3,0:02:18,45:38:58,-,-,0,-,,,,,04,7,00000000,00,10,,
2025-10-17 16:31:41,2025-10-17 16:31:40,2025-10-17 16:31:39,2025-10-17 16:31:39,867488067662790,17276,GTERI,0x19FE3FBF,0x00028102,802003,0x8303,0x0115,100,12612,0000,-,00,00,11,12,12,-,01,01,0.0,0.0,291,291,665,665,-28.239391,-28.239391,-52.398948,-52.398948,0724,0006,8A8B,0AB2C835,0.3,1257.3,1257.3,0:02:18,45:38:58,-,-,0,-,,,,,04,28,00000000,00,10,,
2025-10-17 16:31:41,,,,867488067662790,17275,HBD
2025-10-17 16:29:49,,,,867488067662790,17274,HBD
2025-10-17 16:28:41,2025-10-17 16:28:40,2025-10-17 16:28:39,2025-10-17 16:28:39,867488067662790,17273,GTERI,0x19FE3FBF,0x00028102,802003,0x8303,0x0115,100,12656,0000,-,00,00,11,12,12,-,01,01,0.0,0.0,291,291,665,665,-28.239391,-28.239391,-52.398948,-52.398948,0724,0006,8A8B,0AB2C835,0.3,1257.3,1257.3,0:02:18,45:38:58,-,-,0,-,,,,,04,28,00000000,00,10,,
2025-10-17 16:28:24,2025-10-17 16:28:23,2025-10-17 16:28:23,2025-10-17 16:28:23,867488067662790,17272,GTSTT,0x19FE7FBF,,802003,0x8303,0x0115,100,12691,0000,0000,00,00,11,12,12,-,01,01,0.0,0.0,291,291,665,665,-28.239391,-28.239391,-52.398948,-52.398948,0724,0006,8A8B,0AB2C835,0.3,1257.3,1257.3,0:02:18,45:38:58,-,-,0,-
2025-10-17 16:27:57,,,,867488067662790,17271,ACK
2025-10-17 16:27:57,,,,867488067662790,17270,ACK
2025-10-17 16:27:52,2025-10-17 16:27:52,2025-10-17 16:27:52,2025-10-17 16:27:52,867488067662790,17269,GTIGL,0x19FE7FBF,,802003,0x8303,0x0115,100,12743,0000,0000,00,00,12,12,12,-,01,01,0.0,0.0,291,291,665,665,-28.239391,-28.239391,-52.398948,-52.398948,0724,0006,8A8B,0AB2C835,0.3,1257.3,1257.3,0:02:18,45:38:58,-,-,0,-,,,,,,,,,01
2025-10-17 16:27:52,2025-10-17 16:27:52,2025-10-17 16:27:51,2025-10-17 16:27:51,867488067662790,17268,GTSTT,0x19FE7FBF,,802003,0x8303,0x0115,100,12743,0000,0000,00,00,12,12,12,-,01,01,0.0,0.0,291,291,665,665,-28.239391,-28.239391,-52.398948,-52.398948,0724,0006,8A8B,0AB2C835,0.3,1257.3,1257.3,0:02:18,45:38:58,-,-,0,-
2025-10-17 16:27:52,2025-10-17 16:27:52,2025-10-17 16:27:51,2025-10-17 16:27:51,867488067662790,17267,GTIGF,0x19FE7FBF,,802003,0x8303,0x0115,100,12743,0000,0000,00,00,12,12,12,140,01,01,0.0,0.0,291,291,665,665,-28.239391,-28.239391,-52.398948,-52.398948,0724,0006,8A8B,0AB2C835,0.3,1257.3,1257.3,0:02:18,45:38:58,-,-,0,-
2025-10-17 16:27:48,,,,867488067662790,17266,HBD
2025-10-17 16:25:42,2025-10-17 16:25:42,2025-10-17 16:25:42,2025-10-17 16:25:42,867488067662790,17265,GTIGL,0x19FE7FBF,,802003,0x8303,0x0115,100,13200,0000,0000,01,00,22,12,12,-,01,01,0.0,0.0,291,291,667,667,-28.240491,-28.240491,-52.400642,-52.400642,0724,0006,8A8B,0AB2C817,0.0,1257.0,1257.0,0:00:09,45:36:49,-,-,0,-,,,,,,,,,00
2025-10-17 16:25:42,2025-10-17 16:25:42,2025-10-17 16:25:42,2025-10-17 16:25:42,867488067662790,17264,GTERI,0x19FE3FBF,0x00028102,802003,0x8303,0x0115,100,13200,0000,-,01,00,22,12,12,-,01,01,0.0,0.0,291,291,667,667,-28.240491,-28.240491,-52.400642,-52.400642,0724,0006,8A8B,0AB2C817,0.0,1257.0,1257.0,0:00:09,45:36:49,-,-,0,-,,,,,04,3,00000000,00,10,,
2025-10-17 16:25:32,2025-10-17 16:25:32,2025-10-17 16:23:59,2025-10-17 16:23:59,867488067662790,17263,GTSTT,0x19FE7FBF,,802003,0x8303,0x0115,100,12406,0000,0000,01,00,22,12,12,-,00,00,0.0,0.0,291,291,674,674,-28.24053,-28.24053,-52.400648,-52.400648,0724,0006,8A8B,0AB2C817,0.0,1257.0,1257.0,0:00:00,45:36:40,-,-,0,-
2025-10-17 16:25:32,2025-10-17 16:25:32,2025-10-17 16:23:59,2025-10-17 16:18:22,867488067662790,17262,GTIGN,0x19FE7FBF,,802003,0x8303,0x0115,100,12406,0000,0000,01,00,22,12,12,394,00,01,0.0,34.7,291,257,674,680,-28.24053,-28.240462,-52.400648,-52.399484,0724,0006,8A8B,0AB2C817,0.0,1257.0,1256.9,0:00:00,45:36:40,-,-,0,-
2025-10-17 16:25:32,,,,867488067662790,17261,HBD
2025-10-17 16:23:59,2025-10-17 16:23:59,2025-10-17 16:23:59,2025-10-17 16:23:59,867488067662790,17260,GTERI,0x19FE3FBF,0x00028102,802003,0x8303,0x0115,100,12518,0000,-,00,00,11,12,12,-,01,01,0.0,0.0,291,291,674,674,-28.24053,-28.24053,-52.400648,-52.400648,0724,0006,8A8B,0AB2C817,0.3,1257.0,1257.0,0:01:24,45:36:40,-,-,0,-,,,,,04,3,00000000,00,10,,
2025-10-17 16:23:41,2025-10-17 16:23:40,2025-10-17 16:23:39,2025-10-17 16:23:39,867488067662790,17259,GTERI,0x19FE3FBF,0x00028102,802003,0x8303,0x0115,100,12518,0000,-,00,00,11,12,12,-,01,01,0.0,0.0,291,291,674,674,-28.24053,-28.24053,-52.400648,-52.400648,0724,0006,8A8B,0AB2C817,0.3,1257.0,1257.0,0:01:24,45:36:40,-,-,0,-,,,,,04,3,00000000,00,10,,
2025-10-17 16:23:41,,,,867488067662790,17258,HBD
2025-10-17 16:21:47,,,,867488067662790,17257,HBD
2025-10-17 16:20:41,2025-10-17 16:20:40,2025-10-17 16:20:39,2025-10-17 16:20:39,867488067662790,17256,GTERI,0x19FE3FBF,0x00028102,802003,0x8303,0x0115,100,12591,0000,-,00,00,11,12,12,-,01,01,0.0,0.0,291,291,674,674,-28.24053,-28.24053,-52.400648,-52.400648,0724,0006,8A8B,0AB2C817,0.3,1257.0,1257.0,0:01:24,45:36:40,-,-,0,-,,,,,04,3,00000000,00,10,,
2025-10-17 16:19:47,,,,867488067662790,17255,HBD
2025-10-17 16:19:27,2025-10-17 16:19:27,2025-10-17 16:19:27,2025-10-17 16:19:27,867488067662790,17254,GTSTT,0x19FE7FBF,,802003,0x8303,0x0115,100,12687,0000,0000,00,00,11,12,12,-,01,01,0.0,0.0,291,291,674,674,-28.24053,-28.24053,-52.400648,-52.400648,0724,0006,8A8B,0AB2C817,0.3,1257.0,1257.0,0:01:24,45:36:40,-,-,0,-
2025-10-17 16:19:00,2025-10-17 16:18:59,2025-10-17 16:19:00,2025-10-17 16:19:00,867488067662790,17253,GTIGL,0x19FE7FBF,,802003,0x8303,0x0115,100,12740,0000,0000,00,00,12,12,12,-,01,01,0.0,0.0,291,291,674,674,-28.24053,-28.24053,-52.400648,-52.400648,0724,0006,8A8B,0AB2C817,0.3,1257.0,1257.0,0:01:24,45:36:40,-,-,0,-,,,,,,,,,01
2025-10-17 16:19:00,,,,867488067662790,17252,ACK
2025-10-17 16:18:59,,,,867488067662790,17251,ACK
2025-10-17 16:18:59,2025-10-17 16:18:58,2025-10-17 16:18:58,2025-10-17 16:18:58,867488067662790,17250,GTSTT,0x19FE7FBF,,802003,0x8303,0x0115,100,12843,0000,0000,00,00,12,12,12,-,01,01,0.0,0.0,291,291,674,674,-28.24053,-28.24053,-52.400648,-52.400648,0724,0006,8A8B,0AB2C817,0.3,1257.0,1257.0,0:01:24,45:36:40,-,-,0,-
2025-10-17 16:18:59,2025-10-17 16:18:58,2025-10-17 16:18:58,2025-10-17 16:18:58,867488067662790,17249,GTIGF,0x19FE7FBF,,802003,0x8303,0x0115,100,12843,0000,0000,00,00,12,12,12,85,01,01,0.0,0.0,291,291,674,674,-28.24053,-28.24053,-52.400648,-52.400648,0724,0006,8A8B,0AB2C817,0.3,1257.0,1257.0,0:01:24,45:36:40,-,-,0,-
2025-10-17 16:17:45,2025-10-17 16:17:45,2025-10-17 16:17:45,2025-10-17 16:17:45,867488067662790,17248,GTIGL,0x19FE7FBF,,802003,0x8303,0x0115,100,13302,0000,0000,01,00,22,12,12,-,01,01,0.0,0.0,291,291,681,681,-28.239433,-28.239433,-52.398968,-52.398968,0724,0006,8A8B,0AB2C817,0.0,1256.7,1256.7,0:00:12,45:35:28,-,-,0,-,,,,,,,,,00
2025-10-17 16:17:45,2025-10-17 16:17:45,2025-10-17 16:17:45,2025-10-17 16:17:45,867488067662790,17247,GTERI,0x19FE3FBF,0x00028102,802003,0x8303,0x0115,100,13302,0000,-,01,00,22,12,12,-,01,01,0.0,0.0,291,291,681,681,-28.239433,-28.239433,-52.398968,-52.398968,0724,0006,8A8B,0AB2C817,0.0,1256.7,1256.7,0:00:12,45:35:28,-,-,0,-,,,,,04,3,00000000,00,10,,
2025-10-17 16:17:34,2025-10-17 16:17:33,2025-10-17 15:55:24,2025-10-17 15:55:24,867488067662790,17246,GTSTT,0x19FE7FBF,,802003,0x8303,0x0115,100,12394,0000,0000,01,00,22,12,12,-,00,00,0.0,0.0,291,291,676,676,-28.239278,-28.239278,-52.398983,-52.398983,0724,0006,8A8B,0AB2C817,0.0,1256.7,1256.7,0:00:00,45:35:16,-,-,0,-
2025-10-17 16:17:34,2025-10-17 16:17:33,2025-10-17 15:55:24,2025-10-17 15:49:49,867488067662790,17245,GTIGN,0x19FE7FBF,,802003,0x8303,0x0115,100,12394,0000,0000,01,00,22,12,12,1630,00,01,0.0,27.8,291,168,676,671,-28.239278,-28.239038,-52.398983,-52.399001,0724,0006,8A8B,0AB2C817,0.0,1256.7,1256.7,0:00:00,45:35:16,-,-,0,-
2025-10-17 16:17:33,,,,867488067662790,17244,HBD
2025-10-17 15:55:24,2025-10-17 15:55:24,2025-10-17 15:55:24,2025-10-17 15:55:24,867488067662790,17243,GTERI,0x19FE3FBF,0x00028102,802003,0x8303,0x0115,100,12437,0000,-,00,00,11,12,12,-,01,01,0.0,0.0,291,291,676,676,-28.239278,-28.239278,-52.398983,-52.398983,0724,0006,8A8B,0AB2C817,0.1,1256.7,1256.7,0:00:51,45:35:16,-,-,0,-,,,,,04,3,00000000,00,10,,
2025-10-17 15:53:43,,,,867488067662790,17242,HBD
2025-10-17 15:52:40,2025-10-17 15:52:39,2025-10-17 15:52:38,2025-10-17 15:52:38,867488067662790,17241,GTERI,0x19FE3FBF,0x00028102,802003,0x8303,0x0115,100,12466,0000,-,00,00,11,12,12,-,01,01,0.0,0.0,291,291,676,676,-28.239278,-28.239278,-52.398983,-52.398983,0724,0006,8A8B,0AB2C817,0.1,1256.7,1256.7,0:00:51,45:35:16,-,-,0,-,,,,,04,3,00000000,00,10,,
2025-10-17 15:51:42,,,,867488067662790,17240,HBD
2025-10-17 15:50:52,2025-10-17 15:50:52,2025-10-17 15:50:52,2025-10-17 15:50:52,867488067662790,17239,GTSTT,0x19FE7FBF,,802003,0x8303,0x0115,100,12532,0000,0000,00,00,11,12,12,-,01,01,0.0,0.0,291,291,676,676,-28.239278,-28.239278,-52.398983,-52.398983,0724,0006,8A8B,0AB2C817,0.1,1256.7,1256.7,0:00:51,45:35:16,-,-,0,-
2025-10-17 15:50:49,,,,867488067662790,17238,ACK
2025-10-17 15:50:49,,,,867488067662790,17237,ACK
2025-10-17 15:50:24,2025-10-17 15:50:24,2025-10-17 15:50:24,2025-10-17 15:50:24,867488067662790,17236,GTIGL,0x19FE7FBF,,802003,0x8303,0x0115,100,12745,0000,0000,00,00,12,12,12,-,01,01,0.0,0.0,291,291,676,676,-28.239278,-28.239278,-52.398983,-52.398983,0724,0006,8A8B,0AB2C817,0.1,1256.7,1256.7,0:00:51,45:35:16,-,-,0,-,,,,,,,,,01
2025-10-17 15:50:24,2025-10-17 15:50:23,2025-10-17 15:50:23,2025-10-17 15:50:23,867488067662790,17235,GTSTT,0x19FE7FBF,,802003,0x8303,0x0115,100,12745,0000,0000,00,00,12,12,12,-,01,01,0.0,0.0,291,291,676,676,-28.239278,-28.239278,-52.398983,-52.398983,0724,0006,8A8B,0AB2C817,0.1,1256.7,1256.7,0:00:51,45:35:16,-,-,0,-
2025-10-17 15:50:24,2025-10-17 15:50:23,2025-10-17 15:50:23,2025-10-17 15:50:23,867488067662790,17234,GTIGF,0x19FE7FBF,,802003,0x8303,0x0115,100,12745,0000,0000,00,00,12,12,12,53,01,01,0.0,0.0,291,291,676,676,-28.239278,-28.239278,-52.398983,-52.398983,0724,0006,8A8B,0AB2C817,0.1,1256.7,1256.7,0:00:51,45:35:16,-,-,0,-
2025-10-17 15:49:41,2025-10-17 15:49:41,2025-10-17 15:49:41,2025-10-17 15:49:41,867488067662790,17233,GTIGL,0x19FE7FBF,,802003,0x8303,0x0115,100,12413,0000,0000,01,00,22,12,12,-,01,01,7.3,7.3,291,291,670,670,-28.238889,-28.238889,-52.398912,-52.398912,0724,0006,8A8B,0AB2C817,0.0,1256.6,1256.6,0:00:09,45:34:34,-,-,0,-,,,,,,,,,00
2025-10-17 15:49:41,2025-10-17 15:49:41,2025-10-17 15:49:41,2025-10-17 15:49:41,867488067662790,17232,GTERI,0x19FE3FBF,0x00028102,802003,0x8303,0x0115,100,12413,0000,-,01,00,22,12,12,-,01,01,7.3,7.3,291,291,670,670,-28.238889,-28.238889,-52.398912,-52.398912,0724,0006,8A8B,0AB2C817,0.0,1256.6,1256.6,0:00:09,45:34:34,-,-,0,-,,,,,04,3,00000000,00,10,,
2025-10-17 15:49:31,2025-10-17 15:49:30,2025-10-17 15:48:34,2025-10-17 15:48:34,867488067662790,17231,GTSTT,0x19FE7FBF,,802003,0x8303,0x0115,100,12565,0000,0000,01,00,22,12,12,-,00,00,0.0,0.0,97,97,672,672,-28.239014,-28.239014,-52.398893,-52.398893,0724,0006,8A8B,0AB2C817,0.0,1256.6,1256.6,0:00:00,45:34:25,-,-,0,-
2025-10-17 15:49:31,2025-10-17 15:49:30,2025-10-17 15:48:34,2025-10-17 15:42:54,867488067662790,17230,GTIGN,0x19FE7FBF,,802003,0x8303,0x0115,100,12565,0000,0000,01,00,22,12,12,357,00,01,0.0,32.4,97,349,672,676,-28.239014,-28.240075,-52.398893,-52.398659,0724,0006,8A8B,0AB2C817,0.0,1256.6,1256.5,0:00:00,45:34:25,-,-,0,-
2025-10-17 15:49:30,,,,867488067662790,17229,HBD
2025-10-17 15:48:34,2025-10-17 15:48:34,2025-10-17 15:48:34,2025-10-17 15:48:34,867488067662790,17228,GTERI,0x19FE3FBF,0x00028102,802003,0x8303,0x0115,100,12419,0000,-,00,00,11,12,12,-,01,01,0.0,0.0,97,97,672,672,-28.239014,-28.239014,-52.398893,-52.398893,0724,0006,8A8B,0AB2C817,0.2,1256.6,1256.6,0:01:03,45:34:25,-,-,0,-,,,,,04,3,00000000,00,10,,
2025-10-17 15:48:34,,,,867488067662790,17227,HBD
2025-10-17 15:46:41,,,,867488067662790,17226,HBD
2025-10-17 15:45:40,2025-10-17 15:45:39,2025-10-17 15:45:38,2025-10-17 15:45:38,867488067662790,17225,GTERI,0x19FE3FBF,0x00028102,802003,0x8303,0x0115,100,12462,0000,-,00,00,11,12,12,-,01,01,0.0,0.0,97,97,672,672,-28.239014,-28.239014,-52.398893,-52.398893,0724,0006,8A8B,0AB2C817,0.2,1256.6,1256.6,0:01:03,45:34:25,-,-,0,-,,,,,04,3,00000000,00,10,,
2025-10-17 15:44:41,,,,867488067662790,17224,HBD
2025-10-17 15:43:55,2025-10-17 15:43:54,2025-10-17 15:43:54,2025-10-17 15:43:54,867488067662790,17223,GTSTT,0x19FE7FBF,,802003,0x8303,0x0115,100,12459,0000,0000,00,00,11,12,12,-,01,01,0.0,0.0,97,97,672,672,-28.239014,-28.239014,-52.398893,-52.398893,0724,0006,8A8B,0AB2C835,0.2,1256.6,1256.6,0:01:03,45:34:25,-,-,0,-
2025-10-17 15:43:36,,,,867488067662790,17222,ACK
2025-10-17 15:43:36,,,,867488067662790,17221,ACK
2025-10-17 15:43:34,2025-10-17 15:43:34,2025-10-17 15:43:34,2025-10-17 15:43:34,867488067662790,17220,GTIGL,0x19FE7FBF,,802003,0x8303,0x0115,100,12459,0000,0000,00,00,12,12,12,-,01,01,0.0,0.0,97,97,672,672,-28.239014,-28.239014,-52.398893,-52.398893,0724,0006,8A8B,0AB2C835,0.2,1256.6,1256.6,0:01:03,45:34:25,-,-,0,-,,,,,,,,,01
2025-10-17 15:43:34,2025-10-17 15:43:33,2025-10-17 15:43:33,2025-10-17 15:43:33,867488067662790,17219,GTSTT,0x19FE7FBF,,802003,0x8303,0x0115,100,12459,0000,0000,00,00,12,12,12,-,01,01,0.0,0.0,97,97,672,672,-28.239014,-28.239014,-52.398893,-52.398893,0724,0006,8A8B,0AB2C835,0.2,1256.6,1256.6,0:01:03,45:34:25,-,-,0,-
2025-10-17 15:43:34,2025-10-17 15:43:33,2025-10-17 15:43:33,2025-10-17 15:43:33,867488067662790,17218,GTIGF,0x19FE7FBF,,802003,0x8303,0x0115,100,12459,0000,0000,00,00,12,12,12,63,01,01,0.0,0.0,97,97,672,672,-28.239014,-28.239014,-52.398893,-52.398893,0724,0006,8A8B,0AB2C835,0.2,1256.6,1256.6,0:01:03,45:34:25,-,-,0,-
2025-10-17 15:42:38,2025-10-17 15:42:38,2025-10-17 15:42:38,2025-10-17 15:42:38,867488067662790,17217,GTIGL,0x19FE7FBF,,802003,0x8303,0x0115,100,11968,0000,0000,01,00,22,12,12,-,01,01,20.3,20.3,97,97,676,676,-28.240515,-28.240515,-52.399317,-52.399317,0724,0006,8A8B,0AB2C803,0.0,1256.4,1256.4,0:00:06,45:33:28,-,-,0,-,,,,,,,,,00
2025-10-17 15:42:38,2025-10-17 15:42:38,2025-10-17 15:42:38,2025-10-17 15:42:38,867488067662790,17216,GTERI,0x19FE3FBF,0x00028102,802003,0x8303,0x0115,100,11968,0000,-,01,00,22,12,12,-,01,01,20.3,20.3,97,97,676,676,-28.240515,-28.240515,-52.399317,-52.399317,0724,0006,8A8B,0AB2C803,0.0,1256.4,1256.4,0:00:06,45:33:28,-,-,0,-,,,,,04,7,00000000,00,10,,
2025-10-17 15:42:30,2025-10-17 15:42:30,2025-10-17 15:39:09,2025-10-17 15:39:09,867488067662790,17215,GTSTT,0x19FE7FBF,,802003,0x8303,0x0115,100,12110,0000,0000,01,00,22,12,12,-,00,00,0.0,0.0,94,94,676,676,-28.240484,-28.240484,-52.399499,-52.399499,0724,0006,8A8B,0AB2C803,0.0,1256.4,1256.4,0:00:00,45:33:22,-,-,0,-
2025-10-17 15:42:30,2025-10-17 15:42:30,2025-10-17 15:39:09,2025-10-17 15:33:59,867488067662790,17214,GTIGN,0x19FE7FBF,,802003,0x8303,0x0115,100,12110,0000,0000,01,00,22,12,12,502,00,01,0.0,25.2,94,77,676,679,-28.240484,-28.240539,-52.399499,-52.399679,0724,0006,8A8B,0AB2C803,0.0,1256.4,1256.4,0:00:00,45:33:22,-,-,0,-
2025-10-17 15:42:30,,,,867488067662790,17213,HBD
2025-10-17 15:39:09,2025-10-17 15:39:09,2025-10-17 15:39:09,2025-10-17 15:39:09,867488067662790,17212,GTERI,0x19FE3FBF,0x00028102,802003,0x8303,0x0115,100,12155,0000,-,00,00,11,12,12,-,01,01,0.0,0.0,94,94,676,676,-28.240484,-28.240484,-52.399499,-52.399499,0724,0006,8A8B,0AB2C803,0.0,1256.4,1256.4,0:00:21,45:33:22,-,-,0,-,,,,,04,7,00000000,00,10,,
2025-10-17 15:38:40,,,,867488067662790,17211,HBD
2025-10-17 15:36:55,2025-10-17 15:36:54,2025-10-17 15:36:53,2025-10-17 15:36:53,867488067662790,17210,GTERI,0x19FE3FBF,0x00028102,802003,0x8303,0x0115,100,12248,0000,-,00,00,11,12,12,-,01,01,0.0,0.0,94,94,676,676,-28.240484,-28.240484,-52.399499,-52.399499,0724,0006,8A8B,0AB2C817,0.0,1256.4,1256.4,0:00:21,45:33:22,-,-,0,-,,,,,04,3,00000000,00,10,,
2025-10-17 15:36:39,,,,867488067662790,17209,HBD
2025-10-17 15:34:28,2025-10-17 15:34:28,2025-10-17 15:34:28,2025-10-17 15:34:28,867488067662790,17208,GTSTT,0x19FE7FBF,,802003,0x8303,0x0115,100,12218,0000,0000,00,00,11,12,12,-,01,01,0.0,0.0,94,94,676,676,-28.240484,-28.240484,-52.399499,-52.399499,0724,0006,8A8B,0AB2C817,0.0,1256.4,1256.4,0:00:21,45:33:22,-,-,0,-
2025-10-17 15:34:09,2025-10-17 15:34:09,2025-10-17 15:34:09,2025-10-17 15:34:09,867488067662790,17207,GTIGL,0x19FE7FBF,,802003,0x8303,0x0115,100,12697,0000,0000,00,00,12,12,12,-,01,01,0.0,0.0,94,94,676,676,-28.240484,-28.240484,-52.399499,-52.399499,0724,0006,8A8B,0AB2C817,0.0,1256.4,1256.4,0:00:21,45:33:22,-,-,0,-,,,,,,,,,01
2025-10-17 15:34:09,,,,867488067662790,17206,ACK
2025-10-17 15:34:09,,,,867488067662790,17205,ACK
2025-10-17 15:34:08,2025-10-17 15:34:08,2025-10-17 15:34:07,2025-10-17 15:34:07,867488067662790,17204,GTSTT,0x19FE7FBF,,802003,0x8303,0x0115,100,12697,0000,0000,00,00,12,12,12,-,01,01,0.0,0.0,94,94,676,676,-28.240484,-28.240484,-52.399499,-52.399499,0724,0006,8A8B,0AB2C817,0.0,1256.4,1256.4,0:00:21,45:33:22,-,-,0,-
2025-10-17 15:34:08,2025-10-17 15:34:08,2025-10-17 15:34:07,2025-10-17 15:34:07,867488067662790,17203,GTIGF,0x19FE7FBF,,802003,0x8303,0x0115,100,12697,0000,0000,00,00,12,12,12,22,01,01,0.0,0.0,94,94,676,676,-28.240484,-28.240484,-52.399499,-52.399499,0724,0006,8A8B,0AB2C817,0.0,1256.4,1256.4,0:00:21,45:33:22,-,-,0,-
2025-10-17 15:33:56,2025-10-17 15:33:56,2025-10-17 15:33:56,2025-10-17 15:33:56,867488067662790,17202,GTIGL,0x19FE7FBF,,802003,0x8303,0x0115,100,12360,0000,0000,01,00,22,12,12,-,01,01,13.6,13.6,94,94,686,686,-28.240583,-28.240583,-52.399871,-52.399871,0724,0006,8A8B,0AB2C817,0.0,1256.4,1256.4,0:00:09,45:33:10,-,-,0,-,,,,,,,,,00
2025-10-17 15:33:56,2025-10-17 15:33:56,2025-10-17 15:33:56,2025-10-17 15:33:56,867488067662790,17201,GTERI,0x19FE3FBF,0x00028102,802003,0x8303,0x0115,100,12360,0000,-,01,00,22,12,12,-,01,01,13.6,13.6,94,94,686,686,-28.240583,-28.240583,-52.399871,-52.399871,0724,0006,8A8B,0AB2C817,0.0,1256.4,1256.4,0:00:09,45:33:10,-,-,0,-,,,,,04,3,00000000,00,10,,
2025-10-17 15:33:47,2025-10-17 15:33:46,2025-10-17 15:27:43,2025-10-17 15:27:43,867488067662790,17200,GTSTT,0x19FE7FBF,,802003,0x8303,0x0115,100,12313,0000,0000,01,00,22,12,12,-,00,00,0.0,0.0,188,188,679,679,-28.240503,-28.240503,-52.399919,-52.399919,0724,0006,8A8B,0AB2C817,0.0,1256.4,1256.4,0:00:00,45:33:01,-,-,0,-
2025-10-17 15:33:46,2025-10-17 15:33:46,2025-10-17 15:27:43,2025-10-17 15:22:32,867488067662790,17199,GTIGN,0x19FE7FBF,,802003,0x8303,0x0115,100,12313,0000,0000,01,00,22,12,12,663,00,01,0.0,30.4,188,78,679,678,-28.240503,-28.240449,-52.399919,-52.400262,0724,0006,8A8B,0AB2C817,0.0,1256.4,1256.4,0:00:00,45:33:01,-,-,0,-
2025-10-17 15:33:46,,,,867488067662790,17198,HBD
2025-10-17 15:27:43,2025-10-17 15:27:43,2025-10-17 15:27:43,2025-10-17 15:27:43,867488067662790,17197,GTERI,0x19FE3FBF,0x00028102,802003,0x8303,0x0115,100,12304,0000,-,00,00,11,12,12,-,01,01,0.0,0.0,188,188,679,679,-28.240503,-28.240503,-52.399919,-52.399919,0724,0006,8A8B,0AB2C817,0.1,1256.4,1256.4,0:00:36,45:33:01,-,-,0,-,,,,,04,3,00000000,00,10,,
2025-10-17 15:26:38,,,,867488067662790,17196,HBD
2025-10-17 15:25:15,2025-10-17 15:25:14,2025-10-17 15:25:13,2025-10-17 15:25:13,867488067662790,17195,GTERI,0x19FE3FBF,0x00028102,802003,0x8303,0x0115,100,12236,0000,-,00,00,11,12,12,-,01,01,0.0,0.0,188,188,679,679,-28.240503,-28.240503,-52.399919,-52.399919,0724,0006,8A8B,0AB2C817,0.1,1256.4,1256.4,0:00:36,45:33:01,-,-,0,-,,,,,04,3,00000000,00,10,,
2025-10-17 15:24:37,,,,867488067662790,17194,HBD
2025-10-17 15:23:05,2025-10-17 15:23:04,2025-10-17 15:23:04,2025-10-17 15:23:04,867488067662790,17193,GTSTT,0x19FE7FBF,,802003,0x8303,0x0115,100,12455,0000,0000,00,00,11,12,12,-,01,01,0.0,0.0,188,188,679,679,-28.240503,-28.240503,-52.399919,-52.399919,0724,0006,8A8B,0AB2C817,0.1,1256.4,1256.4,0:00:36,45:33:01,-,-,0,-
2025-10-17 15:22:46,,,,867488067662790,17192,ACK
2025-10-17 15:22:46,,,,867488067662790,17191,ACK
2025-10-17 15:22:44,2025-10-17 15:22:43,2025-10-17 15:22:43,2025-10-17 15:22:43,867488067662790,17190,GTIGL,0x19FE7FBF,,802003,0x8303,0x0115,100,12679,0000,0000,00,00,12,12,12,-,01,01,0.0,0.0,188,188,679,679,-28.240503,-28.240503,-52.399919,-52.399919,0724,0006,8A8B,0AB2C817,0.1,1256.4,1256.4,0:00:36,45:33:01,-,-,0,-,,,,,,,,,01
2025-10-17 15:22:43,2025-10-17 15:22:43,2025-10-17 15:22:42,2025-10-17 15:22:42,867488067662790,17189,GTSTT,0x19FE7FBF,,802003,0x8303,0x0115,100,12679,0000,0000,00,00,12,12,12,-,01,01,0.0,0.0,188,188,679,679,-28.240503,-28.240503,-52.399919,-52.399919,0724,0006,8A8B,0AB2C817,0.1,1256.4,1256.4,0:00:36,45:33:01,-,-,0,-
2025-10-17 15:22:43,2025-10-17 15:22:43,2025-10-17 15:22:42,2025-10-17 15:22:42,867488067662790,17188,GTIGF,0x19FE7FBF,,802003,0x8303,0x0115,100,12679,0000,0000,00,00,12,12,12,39,01,01,0.0,0.0,188,188,679,679,-28.240503,-28.240503,-52.399919,-52.399919,0724,0006,8A8B,0AB2C817,0.1,1256.4,1256.4,0:00:36,45:33:01,-,-,0,-
2025-10-17 15:22:15,2025-10-17 15:22:15,2025-10-17 15:22:15,2025-10-17 15:22:15,867488067662790,17187,GTIGL,0x19FE7FBF,,802003,0x8303,0x0115,100,11997,0000,0000,01,00,22,12,12,-,01,01,2.1,2.1,188,188,675,675,-28.240562,-28.240562,-52.40082,-52.40082,0724,0006,8A8B,0AB2C817,0.0,1256.3,1256.3,0:00:09,45:32:34,-,-,0,-,,,,,,,,,00
2025-10-17 15:22:15,2025-10-17 15:22:15,2025-10-17 15:22:15,2025-10-17 15:22:15,867488067662790,17186,GTERI,0x19FE3FBF,0x00028102,802003,0x8303,0x0115,100,11997,0000,-,01,00,22,12,12,-,01,01,2.1,2.1,188,188,675,675,-28.240562,-28.240562,-52.40082,-52.40082,0724,0006,8A8B,0AB2C817,0.0,1256.3,1256.3,0:00:09,45:32:34,-,-,0,-,,,,,04,3,00000000,00,10,,
2025-10-17 15:22:05,2025-10-17 15:22:04,2025-10-17 15:06:18,2025-10-17 15:06:18,867488067662790,17185,GTSTT,0x19FE7FBF,,802003,0x8303,0x0115,100,12626,0000,0000,01,00,22,12,12,-,00,00,0.0,0.0,194,194,674,674,-28.240506,-28.240506,-52.400837,-52.400837,0724,0006,8A8B,0AB2C817,0.0,1256.3,1256.3,0:00:00,45:32:25,-,-,0,-
2025-10-17 15:22:05,2025-10-17 15:22:04,2025-10-17 15:06:18,2025-10-17 15:00:42,867488067662790,17184,GTIGN,0x19FE7FBF,,802003,0x8303,0x0115,100,12626,0000,0000,01,00,22,12,12,1247,00,01,0.0,46.4,194,169,674,682,-28.240506,-28.239909,-52.400837,-52.398864,0724,0006,8A8B,0AB2C817,0.0,1256.3,1256.1,0:00:00,45:32:25,-,-,0,-
2025-10-17 15:22:05,,,,867488067662790,17183,HBD
2025-10-17 15:06:18,2025-10-17 15:06:18,2025-10-17 15:06:18,2025-10-17 15:06:18,867488067662790,17182,GTERI,0x19FE3FBF,0x00028102,802003,0x8303,0x0115,100,12576,0000,-,00,00,11,12,12,-,01,01,0.0,0.0,194,194,674,674,-28.240506,-28.240506,-52.400837,-52.400837,0724,0006,8A8B,0AB2C817,1.3,1256.3,1256.3,0:04:42,45:32:25,-,-,0,-,,,,,04,3,00000000,00,10,,
2025-10-17 15:05:40,2025-10-17 15:05:39,2025-10-17 15:05:38,2025-10-17 15:05:38,867488067662790,17181,GTERI,0x19FE3FBF,0x00028102,802003,0x8303,0x0115,100,12601,0000,-,00,00,11,12,12,-,01,01,0.0,0.0,194,194,674,674,-28.240506,-28.240506,-52.400837,-52.400837,0724,0006,8A8B,0AB2C817,1.3,1256.3,1256.3,0:04:42,45:32:25,-,-,0,-,,,,,04,3,00000000,00,10,,
2025-10-17 15:04:34,,,,867488067662790,17180,HBD
2025-10-17 15:02:40,2025-10-17 15:02:39,2025-10-17 15:02:38,2025-10-17 15:02:38,867488067662790,17179,GTERI,0x19FE3FBF,0x00028102,802003,0x8303,0x0115,100,12631,0000,-,00,00,11,12,12,-,01,01,0.0,0.0,194,194,674,674,-28.240506,-28.240506,-52.400837,-52.400837,0724,0006,8A8B,0AB2C817,1.3,1256.3,1256.3,0:04:42,45:32:25,-,-,0,-,,,,,04,3,00000000,00,10,,
2025-10-17 15:02:40,,,,867488067662790,17178,HBD
2025-10-17 15:01:38,2025-10-17 15:01:38,2025-10-17 15:01:38,2025-10-17 15:01:38,867488067662790,17177,GTSTT,0x19FE7FBF,,802003,0x8303,0x0115,100,12627,0000,0000,00,00,11,12,12,-,01,01,0.0,0.0,194,194,674,674,-28.240506,-28.240506,-52.400837,-52.400837,0724,0006,8A8B,0AB2C817,1.3,1256.3,1256.3,0:04:42,45:32:25,-,-,0,-
2025-10-17 15:01:19,,,,867488067662790,17176,ACK
2025-10-17 15:01:19,,,,867488067662790,17175,ACK
2025-10-17 15:01:18,2025-10-17 15:01:18,2025-10-17 15:01:18,2025-10-17 15:01:18,867488067662790,17174,GTIGL,0x19FE7FBF,,802003,0x8303,0x0115,100,12688,0000,0000,00,00,12,12,12,-,01,01,0.0,0.0,194,194,674,674,-28.240506,-28.240506,-52.400837,-52.400837,0724,0006,8A8B,0AB2C817,1.3,1256.3,1256.3,0:04:42,45:32:25,-,-,0,-,,,,,,,,,01
2025-10-17 15:01:18,2025-10-17 15:01:17,2025-10-17 15:01:17,2025-10-17 15:01:17,867488067662790,17173,GTSTT,0x19FE7FBF,,802003,0x8303,0x0115,100,12688,0000,0000,00,00,12,12,12,-,01,01,0.0,0.0,259,259,674,674,-28.240506,-28.240506,-52.400837,-52.400837,0724,0006,8A8B,0AB2C817,1.3,1256.3,1256.3,0:04:42,45:32:25,-,-,0,-
2025-10-17 15:01:18,2025-10-17 15:01:17,2025-10-17 15:01:17,2025-10-17 15:01:17,867488067662790,17172,GTIGF,0x19FE7FBF,,802003,0x8303,0x0115,100,12688,0000,0000,00,00,12,12,12,284,01,01,0.0,0.0,259,259,674,674,-28.240506,-28.240506,-52.400837,-52.400837,0724,0006,8A8B,0AB2C817,1.3,1256.3,1256.3,0:04:42,45:32:25,-,-,0,-
2025-10-17 15:00:38,,,,867488067662790,17171,ACK
2025-10-17 15:00:38,,,,867488067662790,17170,ACK
2025-10-17 15:00:38,,,,867488067662790,17169,ACK
2025-10-17 15:00:38,,,,867488067662790,17168,HBD
2025-10-17 14:59:39,2025-10-17 14:59:39,2025-10-17 14:59:38,2025-10-17 14:59:11,867488067662790,17167,GTERI,0x19FE3FBF,0x00028102,802003,0x8303,0x0115,100,13295,0000,-,01,00,22,12,12,-,01,01,9.5,38.7,194,79,666,671,-28.239011,-28.239607,-52.399152,-52.399401,0724,0006,8A8B,0AB2C817,0.7,1255.7,1255.6,0:03:03,45:30:46,-,-,0,-,,,,,04,3,00000000,00,10,,
2025-10-17 14:59:33,,,,867488067662790,17166,HBD
2025-10-17 14:56:46,2025-10-17 14:56:46,2025-10-17 14:56:46,2025-10-17 14:56:46,867488067662790,17165,GTIGL,0x19FE7FBF,,802003,0x8303,0x0115,100,13200,0000,0000,01,00,22,12,12,-,01,01,0.0,0.0,339,339,688,688,-28.240466,-28.240466,-52.399515,-52.399515,0724,0006,8A8B,0AB2C817,0.0,1255.0,1255.0,0:00:12,45:27:55,-,-,0,-,,,,,,,,,00
2025-10-17 14:56:46,2025-10-17 14:56:46,2025-10-17 14:56:46,2025-10-17 14:56:46,867488067662790,17164,GTERI,0x19FE3FBF,0x00028102,802003,0x8303,0x0115,100,13200,0000,-,01,00,22,12,12,-,01,01,0.0,0.0,339,339,688,688,-28.240466,-28.240466,-52.399515,-52.399515,0724,0006,8A8B,0AB2C817,0.0,1255.0,1255.0,0:00:12,45:27:55,-,-,0,-,,,,,04,3,00000000,00,10,,
2025-10-17 14:56:34,2025-10-17 14:56:33,2025-10-17 14:27:23,2025-10-17 14:27:23,867488067662790,17163,GTSTT,0x19FE7FBF,,802003,0x8303,0x0115,100,12639,0000,0000,01,00,22,12,12,-,00,00,0.0,0.0,339,339,683,683,-28.240438,-28.240438,-52.399545,-52.399545,0724,0006,8A8B,0AB2C817,0.0,1255.0,1255.0,0:00:00,45:27:43,-,-,0,-
2025-10-17 14:56:34,2025-10-17 14:56:33,2025-10-17 14:27:23,2025-10-17 14:22:09,867488067662790,17162,GTIGN,0x19FE7FBF,,802003,0x8303,0x0115,100,12639,0000,0000,01,00,22,12,12,2051,00,01,0.0,27.9,339,259,683,683,-28.240438,-28.240343,-52.399545,-52.399025,0724,0006,8A8B,0AB2C817,0.0,1255.0,1255.0,0:00:00,45:27:43,-,-,0,-
2025-10-17 14:56:34,,,,867488067662790,17161,HBD
2025-10-17 14:27:23,2025-10-17 14:27:23,2025-10-17 14:27:23,2025-10-17 14:27:23,867488067662790,17160,GTERI,0x19FE3FBF,0x00028102,802003,0x8303,0x0115,100,12517,0000,-,00,00,11,12,12,-,01,01,0.0,0.0,339,339,683,683,-28.240438,-28.240438,-52.399545,-52.399545,0724,0006,8A8B,0AB2C816,0.2,1255.0,1255.0,0:01:21,45:27:43,-,-,0,-,,,,,04,3,00000000,00,10,,
2025-10-17 14:27:08,2025-10-17 14:27:07,2025-10-17 14:27:06,2025-10-17 14:27:06,867488067662790,17159,GTERI,0x19FE3FBF,0x00028102,802003,0x8303,0x0115,100,12517,0000,-,00,00,11,12,12,-,01,01,0.0,0.0,339,339,683,683,-28.240438,-28.240438,-52.399545,-52.399545,0724,0006,8A8B,0AB2C816,0.2,1255.0,1255.0,0:01:21,45:27:43,-,-,0,-,,,,,04,3,00000000,00,10,,
2025-10-17 14:27:08,,,,867488067662790,17158,HBD
2025-10-17 14:25:28,,,,867488067662790,17157,HBD
2025-10-17 14:24:08,2025-10-17 14:24:07,2025-10-17 14:24:06,2025-10-17 14:24:06,867488067662790,17156,GTERI,0x19FE3FBF,0x00028102,802003,0x8303,0x0115,100,12537,0000,-,00,00,11,12,12,-,01,01,0.0,0.0,339,339,683,683,-28.240438,-28.240438,-52.399545,-52.399545,0724,0006,8A8B,0AB2C816,0.2,1255.0,1255.0,0:01:21,45:27:43,-,-,0,-,,,,,04,3,00000000,00,10,,
2025-10-17 14:23:28,,,,867488067662790,17155,HBD
2025-10-17 14:22:49,2025-10-17 14:22:49,2025-10-17 14:22:49,2025-10-17 14:22:49,867488067662790,17154,GTSTT,0x19FE7FBF,,802003,0x8303,0x0115,100,12590,0000,0000,00,00,11,12,12,-,01,01,0.0,0.0,339,339,683,683,-28.240438,-28.240438,-52.399545,-52.399545,0724,0006,8A8B,0AB2C817,0.2,1255.0,1255.0,0:01:21,45:27:43,-,-,0,-
2025-10-17 14:22:24,,,,867488067662790,17153,ACK
2025-10-17 14:22:24,,,,867488067662790,17152,ACK
2025-10-17 14:22:23,2025-10-17 14:22:23,2025-10-17 14:22:23,2025-10-17 14:22:23,867488067662790,17151,GTIGL,0x19FE7FBF,,802003,0x8303,0x0115,100,13283,0000,0000,00,00,12,12,12,-,01,01,0.0,0.0,339,339,683,683,-28.240438,-28.240438,-52.399545,-52.399545,0724,0006,8A8B,0AB2C817,0.2,1255.0,1255.0,0:01:21,45:27:43,-,-,0,-,,,,,,,,,01
2025-10-17 14:22:23,2025-10-17 14:22:22,2025-10-17 14:22:22,2025-10-17 14:22:22,867488067662790,17150,GTSTT,0x19FE7FBF,,802003,0x8303,0x0115,100,13283,0000,0000,00,00,12,12,12,-,01,01,0.0,0.0,339,339,683,683,-28.240438,-28.240438,-52.399545,-52.399545,0724,0006,8A8B,0AB2C817,0.2,1255.0,1255.0,0:01:21,45:27:43,-,-,0,-
2025-10-17 14:22:23,2025-10-17 14:22:22,2025-10-17 14:22:22,2025-10-17 14:22:22,867488067662790,17149,GTIGF,0x19FE7FBF,,802003,0x8303,0x0115,100,13283,0000,0000,00,00,12,12,12,83,01,01,0.0,0.0,339,339,683,683,-28.240438,-28.240438,-52.399545,-52.399545,0724,0006,8A8B,0AB2C817,0.2,1255.0,1255.0,0:01:21,45:27:43,-,-,0,-
2025-10-17 14:21:10,2025-10-17 14:21:10,2025-10-17 14:21:10,2025-10-17 14:21:10,867488067662790,17148,GTIGL,0x19FE7FBF,,802003,0x8303,0x0115,100,12231,0000,0000,01,00,22,12,12,-,01,01,6.9,6.9,339,339,667,667,-28.238935,-28.238935,-52.398916,-52.398916,0724,0006,8A8B,0AB2C817,0.0,1254.8,1254.8,0:00:09,45:26:31,-,-,0,-,,,,,,,,,00
2025-10-17 14:21:10,2025-10-17 14:21:10,2025-10-17 14:21:10,2025-10-17 14:21:10,867488067662790,17147,GTERI,0x19FE3FBF,0x00028102,802003,0x8303,0x0115,100,12231,0000,-,01,00,22,12,12,-,01,01,6.9,6.9,339,339,667,667,-28.238935,-28.238935,-52.398916,-52.398916,0724,0006,8A8B,0AB2C817,0.0,1254.8,1254.8,0:00:09,45:26:31,-,-,0,-,,,,,04,3,00000000,00,10,,
2025-10-17 14:21:00,2025-10-17 14:20:59,2025-10-17 14:10:57,2025-10-17 14:10:57,867488067662790,17146,GTSTT,0x19FE7FBF,,802003,0x8303,0x0115,100,12630,0000,0000,01,00,22,12,12,-,00,00,0.0,0.0,258,258,667,667,-28.238957,-28.238957,-52.398914,-52.398914,0724,0006,8A8B,0AB2C803,0.0,1254.8,1254.8,0:00:00,45:26:22,-,-,0,-
2025-10-17 14:21:00,2025-10-17 14:20:59,2025-10-17 14:10:57,2025-10-17 14:05:33,867488067662790,17145,GTIGN,0x19FE7FBF,,802003,0x8303,0x0115,100,12630,0000,0000,01,00,22,12,12,903,00,01,0.0,62.5,258,167,667,667,-28.238957,-28.237159,-52.398914,-52.399287,0724,0006,8A8B,0AB2C803,0.0,1254.8,1254.6,0:00:00,45:26:22,-,-,0,-
2025-10-17 14:21:00,,,,867488067662790,17144,HBD
2025-10-17 14:10:57,2025-10-17 14:10:57,2025-10-17 14:10:57,2025-10-17 14:10:57,867488067662790,17143,GTERI,0x19FE3FBF,0x00028102,802003,0x8303,0x0115,100,12608,0000,-,00,00,11,12,12,-,01,01,0.0,0.0,258,258,667,667,-28.238957,-28.238957,-52.398914,-52.398914,0724,0006,8A8B,0AB2C817,3.0,1254.8,1254.8,0:04:30,45:26:22,-,-,0,-,,,,,04,3,00000000,00,10,,
2025-10-17 14:08:03,2025-10-17 14:08:02,2025-10-17 14:08:01,2025-10-17 14:08:01,867488067662790,17142,GTERI,0x19FE3FBF,0x00028102,802003,0x8303,0x0115,100,12616,0000,-,00,00,11,12,12,-,01,01,0.0,0.0,258,258,667,667,-28.238957,-28.238957,-52.398914,-52.398914,0724,0006,8A8B,0AB2C817,3.0,1254.8,1254.8,0:04:30,45:26:22,-,-,0,-,,,,,04,3,00000000,00,10,,
2025-10-17 14:06:19,2025-10-17 14:06:19,2025-10-17 14:06:19,2025-10-17 14:06:19,867488067662790,17141,GTSTT,0x19FE7FBF,,802003,0x8303,0x0115,100,12624,0000,0000,00,00,11,12,12,-,01,01,0.0,0.0,258,258,667,667,-28.238957,-28.238957,-52.398914,-52.398914,0724,0006,8A8B,0AB2C817,3.0,1254.8,1254.8,0:04:30,45:26:22,-,-,0,-
2025-10-17 14:05:59,,,,867488067662790,17140,ACK
2025-10-17 14:05:59,,,,867488067662790,17139,ACK
2025-10-17 14:05:57,2025-10-17 14:05:57,2025-10-17 14:05:57,2025-10-17 14:05:57,867488067662790,17138,GTIGL,0x19FE7FBF,,802003,0x8303,0x0115,100,12682,0000,0000,00,00,12,12,12,-,01,01,0.0,0.0,258,258,667,667,-28.238957,-28.238957,-52.398914,-52.398914,0724,0006,8A8B,0AB2C817,3.0,1254.8,1254.8,0:04:30,45:26:22,-,-,0,-,,,,,,,,,01
2025-10-17 14:05:56,2025-10-17 14:05:56,2025-10-17 14:05:56,2025-10-17 14:05:56,867488067662790,17137,GTSTT,0x19FE7FBF,,802003,0x8303,0x0115,100,12682,0000,0000,00,00,12,12,12,-,01,01,0.0,0.0,258,258,667,667,-28.238957,-28.238957,-52.398914,-52.398914,0724,0006,8A8B,0AB2C817,3.0,1254.8,1254.8,0:04:30,45:26:22,-,-,0,-
2025-10-17 14:05:56,2025-10-17 14:05:56,2025-10-17 14:05:56,2025-10-17 14:05:56,867488067662790,17136,GTIGF,0x19FE7FBF,,802003,0x8303,0x0115,100,12682,0000,0000,00,00,12,12,12,272,01,01,0.0,0.0,258,258,667,667,-28.238957,-28.238957,-52.398914,-52.398914,0724,0006,8A8B,0AB2C817,3.0,1254.8,1254.8,0:04:30,45:26:22,-,-,0,-
2025-10-17 14:05:29,,,,867488067662790,17135,ACK
2025-10-17 14:05:29,,,,867488067662790,17134,ACK
2025-10-17 14:05:28,,,,867488067662790,17133,ACK
2025-10-17 14:05:28,,,,867488067662790,17132,HBD
2025-10-17 14:05:25,,,,867488067662790,17131,HBD
2025-10-17 14:05:03,2025-10-17 14:05:02,2025-10-17 14:05:01,2025-10-17 14:03:59,867488067662790,17130,GTERI,0x19FE3FBF,0x00028102,802003,0x8303,0x0115,100,13227,0000,-,01,00,22,12,12,-,01,01,50.7,89.8,258,324,676,688,-28.235079,-28.239668,-52.397067,-52.392053,0724,0006,8A8B,0AB2C817,2.4,1254.2,1253.3,0:03:36,45:25:28,-,-,0,-,,,,,04,3,00000000,00,10,,
2025-10-17 14:03:24,,,,867488067662790,17129,HBD
2025-10-17 14:02:03,2025-10-17 14:02:02,2025-10-17 14:02:01,2025-10-17 14:01:54,867488067662790,17128,GTERI,0x19FE3FBF,0x00028102,802003,0x8303,0x0115,100,12925,0000,-,01,00,22,12,12,-,01,01,2.0,27.5,356,50,693,696,-28.240948,-28.241148,-52.379336,-52.379446,0724,0006,8A8B,0F5E2E0B,0.1,1251.9,1251.8,0:00:36,45:22:28,-,-,0,-,,,,,04,1,00000000,00,10,,
2025-10-17 14:01:25,2025-10-17 14:01:25,2025-10-17 14:01:25,2025-10-17 14:01:25,867488067662790,17127,GTIGL,0x19FE7FBF,,802003,0x8303,0x0115,100,12426,0000,0000,01,00,22,12,12,-,01,01,0.0,0.0,4,4,696,696,-28.241531,-28.241531,-52.379815,-52.379815,0724,0006,8A8B,0F5E2E0B,0.0,1251.8,1251.8,0:00:00,45:21:52,-,-,0,-,,,,,,,,,00
2025-10-17 14:01:25,,,,867488067662790,17126,HBD
2025-10-17 14:01:24,2025-10-17 14:01:24,2025-10-17 14:01:24,2025-10-17 14:01:24,867488067662790,17126,GTSTT,0x19FE7FBF,,802003,0x8303,0x0115,100,12426,0000,0000,01,00,22,12,12,-,01,01,0.0,0.0,4,4,696,696,-28.241531,-28.241531,-52.379815,-52.379815,0724,0006,8A8B,0F5E2E0B,0.0,1251.8,1251.8,0:00:00,45:21:52,-,-,0,-
2025-10-17 14:01:24,2025-10-17 14:01:24,2025-10-17 14:01:24,2025-10-17 13:57:04,867488067662790,17125,GTIGN,0x19FE7FBF,,802003,0x8303,0x0115,100,12426,0000,0000,01,00,22,12,12,178,01,01,0.0,46.7,4,49,696,704,-28.241531,-28.244671,-52.379815,-52.384177,0724,0006,8A8B,0F5E2E0B,0.0,1251.8,1251.3,0:00:00,45:21:52,-,-,0,-
2025-10-17 14:00:24,,,,867488067662790,17123,HBD
2025-10-17 13:59:03,2025-10-17 13:59:02,2025-10-17 13:59:01,2025-10-17 13:59:01,867488067662790,17122,GTERI,0x19FE3FBF,0x00028102,802003,0x8303,0x0115,100,12638,0000,-,00,00,11,12,12,-,01,01,0.0,0.0,4,4,696,696,-28.241531,-28.241531,-52.379815,-52.379815,0724,0006,8A8B,0F5E2E15,1.0,1251.8,1251.8,0:02:30,45:21:52,-,-,0,-,,,,,04,3,00000000,00,10,,
2025-10-17 13:58:48,2025-10-17 13:58:48,2025-10-17 13:58:47,2025-10-17 13:58:47,867488067662790,17121,GTSTT,0x19FE7FBF,,802003,0x8303,0x0115,100,12638,0000,0000,00,00,11,12,12,-,01,01,0.0,0.0,4,4,696,696,-28.241531,-28.241531,-52.379815,-52.379815,0724,0006,8A8B,0F5E2E15,1.0,1251.8,1251.8,0:02:30,45:21:52,-,-,0,-
2025-10-17 13:58:28,,,,867488067662790,17120,ACK
2025-10-17 13:58:28,,,,867488067662790,17119,ACK
2025-10-17 13:58:27,2025-10-17 13:58:27,2025-10-17 13:58:27,2025-10-17 13:58:27,867488067662790,17118,GTIGL,0x19FE7FBF,,802003,0x8303,0x0115,100,12587,0000,0000,00,00,12,12,12,-,01,01,0.0,0.0,4,4,696,696,-28.241531,-28.241531,-52.379815,-52.379815,0724,0006,8A8B,0F5E2E15,1.0,1251.8,1251.8,0:02:30,45:21:52,-,-,0,-,,,,,,,,,01
2025-10-17 13:58:26,2025-10-17 13:58:26,2025-10-17 13:58:26,2025-10-17 13:58:26,867488067662790,17117,GTSTT,0x19FE7FBF,,802003,0x8303,0x0115,100,12587,0000,0000,00,00,12,12,12,-,01,01,0.0,0.0,4,4,696,696,-28.241531,-28.241531,-52.379815,-52.379815,0724,0006,8A8B,0F5E2E15,1.0,1251.8,1251.8,0:02:30,45:21:52,-,-,0,-
2025-10-17 13:58:26,2025-10-17 13:58:26,2025-10-17 13:58:26,2025-10-17 13:58:26,867488067662790,17116,GTIGF,0x19FE7FBF,,802003,0x8303,0x0115,100,12587,0000,0000,00,00,12,12,12,151,01,01,0.0,0.0,4,4,696,696,-28.241531,-28.241531,-52.379815,-52.379815,0724,0006,8A8B,0F5E2E15,1.0,1251.8,1251.8,0:02:30,45:21:52,-,-,0,-
2025-10-17 13:58:23,,,,867488067662790,17115,HBD
2025-10-17 13:56:10,2025-10-17 13:56:10,2025-10-17 13:56:10,2025-10-17 13:56:10,867488067662790,17114,GTIGL,0x19FE7FBF,,802003,0x8303,0x0115,100,13095,0000,0000,01,00,22,12,12,-,01,01,8.8,8.8,4,4,686,686,-28.246839,-28.246839,-52.386946,-52.386946,0724,0006,8A8B,0F5E3717,0.1,1250.9,1250.9,0:00:15,45:19:37,-,-,0,-,,,,,,,,,00
2025-10-17 13:56:10,2025-10-17 13:56:10,2025-10-17 13:56:10,2025-10-17 13:56:10,867488067662790,17113,GTERI,0x19FE3FBF,0x00028102,802003,0x8303,0x0115,100,13095,0000,-,01,00,22,12,12,-,01,01,8.8,8.8,4,4,686,686,-28.246839,-28.246839,-52.386946,-52.386946,0724,0006,8A8B,0F5E3717,0.1,1250.9,1250.9,0:00:15,45:19:37,-,-,0,-,,,,,04,3,00000000,00,10,,
2025-10-17 13:55:55,2025-10-17 13:55:55,2025-10-17 13:55:06,2025-10-17 13:55:06,867488067662790,17112,GTSTT,0x19FE7FBF,,802003,0x8303,0x0115,100,12344,0000,0000,01,00,22,12,12,-,00,00,0.0,0.0,48,48,677,677,-28.247217,-28.247217,-52.387242,-52.387242,0724,0006,8A8B,0F5E3717,0.0,1250.9,1250.9,0:00:00,45:19:22,-,-,0,-
2025-10-17 13:55:55,2025-10-17 13:55:55,2025-10-17 13:55:06,2025-10-17 13:47:42,867488067662790,17111,GTIGN,0x19FE7FBF,,802003,0x8303,0x0115,100,12344,0000,0000,01,00,22,12,12,350,00,01,0.0,67.6,48,350,677,662,-28.247217,-28.253368,-52.387242,-52.392736,0724,0006,8A8B,0F5E3717,0.0,1250.9,1249.9,0:00:00,45:19:22,-,-,0,-
2025-10-17 13:55:55,,,,867488067662790,17110,HBD
2025-10-17 13:55:06,2025-10-17 13:55:06,2025-10-17 13:55:06,2025-10-17 13:55:06,867488067662790,17109,GTERI,0x19FE3FBF,0x00028102,802003,0x8303,0x0115,100,12454,0000,-,00,00,11,12,12,-,01,01,0.0,0.0,48,48,677,677,-28.247217,-28.247217,-52.387242,-52.387242,0724,0006,8A8B,0F5E3717,3.0,1250.9,1250.9,0:08:54,45:19:22,-,-,0,-,,,,,04,3,00000000,00,10,,
2025-10-17 13:53:19,2025-10-17 13:53:18,2025-10-17 13:53:17,2025-10-17 13:53:17,867488067662790,17108,GTERI,0x19FE3FBF,0x00028102,802003,0x8303,0x0115,100,12508,0000,-,00,00,11,12,12,-,01,01,0.0,0.0,48,48,677,677,-28.247217,-28.247217,-52.387242,-52.387242,0724,0006,8A8B,0F5E3717,3.0,1250.9,1250.9,0:08:54,45:19:22,-,-,0,-,,,,,04,3,00000000,00,10,,
2025-10-17 13:53:19,,,,867488067662790,17107,HBD
2025-10-17 13:51:22,,,,867488067662790,17106,HBD
2025-10-17 13:50:51,2025-10-17 13:50:50,2025-10-17 13:50:50,2025-10-17 13:50:50,867488067662790,17105,GTSTT,0x19FE7FBF,,802003,0x8303,0x0115,100,12552,0000,0000,00,00,11,12,12,-,01,01,0.0,0.0,48,48,677,677,-28.247217,-28.247217,-52.387242,-52.387242,0724,0006,8A8B,0F5E3717,3.0,1250.9,1250.9,0:08:54,45:19:22,-,-,0,-
2025-10-17 13:50:19,2025-10-17 13:50:18,2025-10-17 13:50:17,2025-10-17 13:50:17,867488067662790,17104,GTERI,0x19FE3FBF,0x00028102,802003,0x8303,0x0115,100,12552,0000,-,00,00,12,12,12,-,01,01,1.7,1.7,48,48,677,677,-28.247205,-28.247205,-52.387168,-52.387168,0724,0006,8A8B,0F5E3717,3.0,1250.9,1250.9,0:08:54,45:19:22,-,-,0,-,,,,,04,3,00000000,00,10,,
2025-10-17 13:50:07,2025-10-17 13:50:06,2025-10-17 13:50:06,2025-10-17 13:50:06,867488067662790,17103,GTIGL,0x19FE7FBF,,802003,0x8303,0x0115,100,13132,0000,0000,00,00,12,12,12,-,01,01,0.0,0.0,48,48,676,676,-28.247189,-28.247189,-52.387136,-52.387136,0724,0006,8A8B,0F5E3717,3.0,1250.9,1250.9,0:08:54,45:19:22,-,-,0,-,,,,,,,,,01
2025-10-17 13:50:06,,,,867488067662790,17102,ACK
2025-10-17 13:50:06,,,,867488067662790,17101,ACK
2025-10-17 13:50:06,2025-10-17 13:50:05,2025-10-17 13:50:05,2025-10-17 13:50:05,867488067662790,17100,GTSTT,0x19FE7FBF,,802003,0x8303,0x0115,100,13132,0000,0000,00,00,12,12,12,-,01,01,0.0,0.0,48,48,676,676,-28.247189,-28.247189,-52.387136,-52.387136,0724,0006,8A8B,0F5E3717,3.0,1250.9,1250.9,0:08:54,45:19:22,-,-,0,-
2025-10-17 13:50:06,2025-10-17 13:50:05,2025-10-17 13:50:05,2025-10-17 13:50:05,867488067662790,17099,GTIGF,0x19FE7FBF,,802003,0x8303,0x0115,100,13132,0000,0000,00,00,12,12,12,536,01,01,0.0,0.0,48,48,676,676,-28.247189,-28.247189,-52.387136,-52.387136,0724,0006,8A8B,0F5E3717,3.0,1250.9,1250.9,0:08:54,45:19:22,-,-,0,-
2025-10-17 13:49:21,,,,867488067662790,17098,HBD
2025-10-17 13:47:19,2025-10-17 13:47:18,2025-10-17 13:47:17,2025-10-17 13:45:02,867488067662790,17097,GTERI,0x19FE3FBF,0x00028102,802003,0x8303,0x0115,100,13249,0000,-,01,00,22,12,12,-,01,01,19.4,45.3,48,32,654,671,-28.255056,-28.259816,-52.393948,-52.400404,0724,0006,8A8B,0F5E3015,1.8,1249.6,1248.7,0:06:09,45:16:37,-,-,0,-,,,,,04,3,00000000,00,10,,
2025-10-17 13:47:17,,,,867488067662790,17096,GTINF,,,,,,,,,,,,,,,,,,,,,,,,,,,,,,,,,,,,,,,,,,C1,4200,03
2025-10-17 13:47:17,,,,867488067662790,17095,HBD
2025-10-17 13:45:12,,,,867488067662790,17094,ACK
2025-10-17 13:45:12,,,,867488067662790,17093,ACK
2025-10-17 13:45:11,,,,867488067662790,17092,ACK
2025-10-17 13:45:11,,,,867488067662790,17091,HBD
2025-10-17 13:44:19,2025-10-17 13:44:18,2025-10-17 13:44:17,2025-10-17 13:43:11,867488067662790,17090,GTERI,0x19FE3FBF,0x00028102,802003,0x8303,0x0115,100,12969,0000,-,01,00,22,12,12,-,01,01,0.0,41.6,0,57,695,695,-28.261848,-28.262084,-52.403442,-52.403912,0724,0006,8A8B,0F5E3403,0.5,1248.3,1248.3,0:03:09,45:13:37,-,-,0,-,,,,,04,7,00000000,00,10,,
2025-10-17 13:43:20,,,,867488067662790,17089,HBD
2025-10-17 13:41:19,2025-10-17 13:41:18,2025-10-17 13:41:18,2025-10-17 13:41:18,867488067662790,17088,GTIGL,0x19FE7FBF,,802003,0x8303,0x0115,100,12017,0000,0000,01,00,22,9,9,-,01,01,0.0,0.0,0,0,701,701,-28.2641,-28.2641,-52.407847,-52.407847,0724,0006,8A8B,0F5E2C17,0.0,1247.8,1247.8,0:00:09,45:10:37,-,-,0,-,,,,,,,,,00
2025-10-17 13:41:18,2025-10-17 13:41:18,2025-10-17 13:41:18,2025-10-17 13:41:18,867488067662790,17087,GTERI,0x19FE3FBF,0x00028102,802003,0x8303,0x0115,100,12017,0000,-,01,00,22,9,9,-,01,01,0.0,0.0,0,0,701,701,-28.2641,-28.2641,-52.407847,-52.407847,0724,0006,8A8B,0F5E2C17,0.0,1247.8,1247.8,0:00:09,45:10:37,-,-,0,-,,,,,04,3,00000000,00,10,,
2025-10-17 13:41:10,2025-10-17 13:41:09,2025-10-17 13:40:52,2025-10-17 13:40:52,867488067662790,17086,GTSTT,0x19FE7FBF,,802003,0x8303,0x0115,100,12445,0000,0000,01,00,22,12,12,-,00,00,0.0,0.0,0,0,697,697,-28.263962,-28.263962,-52.407816,-52.407816,0724,0006,8A8B,0F5E2C17,0.0,1247.8,1247.8,0:00:00,45:10:28,-,-,0,-
2025-10-17 13:41:09,2025-10-17 13:41:09,2025-10-17 13:40:52,2025-10-17 13:35:43,867488067662790,17085,GTIGN,0x19FE7FBF,,802003,0x8303,0x0115,100,12445,0000,0000,01,00,22,12,12,317,00,01,0.0,7.7,0,46,697,694,-28.263962,-28.263987,-52.407816,-52.407849,0724,0006,8A8B,0F5E2C17,0.0,1247.8,1247.8,0:00:00,45:10:28,-,-,0,-
2025-10-17 13:41:09,,,,867488067662790,17084,HBD
2025-10-17 13:40:52,2025-10-17 13:40:52,2025-10-17 13:40:52,2025-10-17 13:40:52,867488067662790,17083,GTERI,0x19FE3FBF,0x00028102,802003,0x8303,0x0115,100,12495,0000,-,00,00,11,12,12,-,01,01,0.0,0.0,0,0,697,697,-28.263962,-28.263962,-52.407816,-52.407816,0724,0006,8A8B,0F5E2C17,1.5,1247.8,1247.8,0:09:18,45:10:28,-,-,0,-,,,,,04,3,00000000,00,10,,
2025-10-17 13:40:52,,,,867488067662790,17082,HBD
2025-10-17 13:38:40,2025-10-17 13:38:39,2025-10-17 13:38:38,2025-10-17 13:38:38,867488067662790,17081,GTERI,0x19FE3FBF,0x00028102,802003,0x8303,0x0115,100,12587,0000,-,00,00,11,12,12,-,01,01,0.0,0.0,0,0,697,697,-28.263962,-28.263962,-52.407816,-52.407816,0724,0006,8A8B,0F5E2C17,1.5,1247.8,1247.8,0:09:18,45:10:28,-,-,0,-,,,,,04,3,00000000,00,10,,
2025-10-17 13:38:40,,,,867488067662790,17080,HBD
2025-10-17 13:37:19,,,,867488067662790,17079,HBD
2025-10-17 13:36:20,2025-10-17 13:36:20,2025-10-17 13:36:20,2025-10-17 13:36:20,867488067662790,17078,GTSTT,0x19FE7FBF,,802003,0x8303,0x0115,100,12605,0000,0000,00,00,11,12,12,-,01,01,0.0,0.0,0,0,697,697,-28.263962,-28.263962,-52.407816,-52.407816,0724,0006,8A8B,0F5E2C17,1.5,1247.8,1247.8,0:09:18,45:10:28,-,-,0,-
2025-10-17 13:35:55,,,,867488067662790,17077,ACK
2025-10-17 13:35:54,,,,867488067662790,17076,ACK
2025-10-17 13:35:53,2025-10-17 13:35:53,2025-10-17 13:35:53,2025-10-17 13:35:53,867488067662790,17075,GTIGL,0x19FE7FBF,,802003,0x8303,0x0115,100,12606,0000,0000,01,00,12,12,12,-,01,01,0.0,0.0,0,0,697,697,-28.263962,-28.263962,-52.407816,-52.407816,0724,0006,8A8B,0F5E2C17,1.5,1247.8,1247.8,0:09:18,45:10:28,-,-,0,-,,,,,,,,,01
2025-10-17 13:35:52,2025-10-17 13:35:52,2025-10-17 13:35:51,2025-10-17 13:35:51,867488067662790,17074,GTSTT,0x19FE7FBF,,802003,0x8303,0x0115,100,12606,0000,0000,00,00,12,12,12,-,01,01,0.0,0.0,0,0,697,697,-28.263962,-28.263962,-52.407816,-52.407816,0724,0006,8A8B,0F5E2C17,1.5,1247.8,1247.8,0:09:18,45:10:28,-,-,0,-
2025-10-17 13:35:52,2025-10-17 13:35:52,2025-10-17 13:35:51,2025-10-17 13:35:51,867488067662790,17073,GTIGF,0x19FE7FBF,,802003,0x8303,0x0115,100,12606,0000,0000,00,00,12,12,12,560,01,01,0.0,0.0,0,0,697,697,-28.263962,-28.263962,-52.407816,-52.407816,0724,0006,8A8B,0F5E2C17,1.5,1247.8,1247.8,0:09:18,45:10:28,-,-,0,-
2025-10-17 13:35:40,2025-10-17 13:35:39,2025-10-17 13:35:38,2025-10-17 13:35:24,867488067662790,17072,GTERI,0x19FE3FBF,0x00028102,802003,0x8303,0x0115,100,13157,0000,-,01,00,22,12,12,-,01,01,6.9,24.1,0,331,692,688,-28.264053,-28.264615,-52.407889,-52.40759,0724,0006,8A8B,0F5E2C17,1.5,1247.8,1247.7,0:09:06,45:10:16,-,-,0,-,,,,,04,3,00000000,00,10,,
2025-10-17 13:35:19,,,,867488067662790,17071,HBD
2025-10-17 13:32:40,2025-10-17 13:32:39,2025-10-17 13:32:37,2025-10-17 13:30:46,867488067662790,17070,GTERI,0x19FE3FBF,0x00028102,802003,0x8303,0x0115,100,13203,0000,-,01,00,22,12,12,-,01,01,0.0,28.0,197,354,675,657,-28.266506,-28.267856,-52.406775,-52.406657,0724,0006,8A8B,0F5E2D33,1.2,1247.6,1247.5,0:06:06,45:07:16,-,-,0,-,,,,,04,28,00000000,00,10,,
2025-10-17 13:32:40,,,,867488067662790,17069,HBD
2025-10-17 13:30:38,,,,867488067662790,17068,ACK
2025-10-17 13:30:38,,,,867488067662790,17067,ACK
2025-10-17 13:30:37,,,,867488067662790,17066,ACK
2025-10-17 13:30:37,,,,867488067662790,17065,HBD
2025-10-17 13:29:40,2025-10-17 13:29:39,2025-10-17 13:29:38,2025-10-17 13:28:21,867488067662790,17064,GTERI,0x19FE3FBF,0x00028102,802003,0x8303,0x0115,100,13349,0000,-,01,00,22,12,12,-,01,01,0.0,57.8,197,30,653,670,-28.268308,-28.272164,-52.406613,-52.40767,0724,0006,8A8B,0F5E2D0B,1.1,1247.4,1247.0,0:03:06,45:04:16,-,-,0,-,,,,,04,1,00000000,00,10,,
2025-10-17 13:29:18,,,,867488067662790,17063,HBD
2025-10-17 13:26:43,2025-10-17 13:26:43,2025-10-17 13:26:43,2025-10-17 13:26:43,867488067662790,17062,GTIGL,0x19FE7FBF,,802003,0x8303,0x0115,100,11970,0000,0000,01,00,22,12,12,-,01,01,0.0,0.0,197,197,674,674,-28.27569,-28.27569,-52.40978,-52.40978,0724,0006,8A8B,0F5E2D0D,0.0,1246.4,1246.4,0:00:09,45:01:19,-,-,0,-,,,,,,,,,00
2025-10-17 13:26:43,2025-10-17 13:26:43,2025-10-17 13:26:43,2025-10-17 13:26:43,867488067662790,17061,GTERI,0x19FE3FBF,0x00028102,802003,0x8303,0x0115,100,11970,0000,-,01,00,22,12,12,-,01,01,0.0,0.0,197,197,674,674,-28.27569,-28.27569,-52.40978,-52.40978,0724,0006,8A8B,0F5E2D0D,0.0,1246.4,1246.4,0:00:09,45:01:19,-,-,0,-,,,,,04,1,00000000,00,10,,
2025-10-17 13:26:33,2025-10-17 13:26:32,2025-10-17 13:22:05,2025-10-17 13:22:05,867488067662790,17060,GTSTT,0x19FE7FBF,,802003,0x8303,0x0115,100,12382,0000,0000,01,00,22,12,12,-,00,00,0.0,0.0,197,197,659,659,-28.275831,-28.275831,-52.409789,-52.409789,0724,0006,8A8B,0F5E2D0D,0.0,1246.4,1246.4,0:00:00,45:01:10,-,-,0,-
2025-10-17 13:26:32,2025-10-17 13:26:32,2025-10-17 13:22:05,2025-10-17 12:18:04,867488067662790,17059,GTIGN,0x19FE7FBF,,802003,0x8303,0x0115,100,12382,0000,0000,01,00,22,12,12,4019,00,01,0.0,45.4,197,261,659,678,-28.275831,-28.275667,-52.409789,-52.403926,0724,0006,8A8B,0F5E2D0D,0.0,1246.4,1245.8,0:00:00,45:01:10,-,-,0,-
2025-10-17 13:26:32,,,,867488067662790,17058,HBD
2025-10-17 13:24:29,2025-10-17 13:24:28,2025-10-17 13:22:05,2025-10-17 13:22:05,867488067662790,17057,GTERI,0x19FE3FBF,0x00028102,802003,0x8303,0x0115,100,12520,0000,-,00,00,11,12,12,-,01,01,0.0,0.0,197,197,659,659,-28.275831,-28.275831,-52.409789,-52.409789,0724,0006,8A8B,0F5E2D0D,7.4,1246.4,1246.4,0:20:39,45:01:10,-,-,0,-,,,,,04,1,00000000,00,10,,
2025-10-17 12:24:34,2025-10-17 12:24:34,2025-10-17 12:24:34,2025-10-17 12:24:34,867488067662790,17056,GTERI,0x19FE3FBF,0x00028102,802003,0x8303,0x0115,100,12583,0000,-,00,00,11,12,12,-,01,01,0.0,0.0,197,197,659,659,-28.275831,-28.275831,-52.409789,-52.409789,0724,0006,8A8B,0F5E2D0D,7.4,1246.4,1246.4,0:20:39,45:01:10,-,-,0,-,,,,,04,1,00000000,00,10,,
2025-10-17 12:23:02,2025-10-17 12:23:01,2025-10-17 12:23:00,2025-10-17 12:23:00,867488067662790,17055,GTERI,0x19FE3FBF,0x00028102,802003,0x8303,0x0115,100,12612,0000,-,00,00,11,12,12,-,01,01,0.0,0.0,197,197,659,659,-28.275831,-28.275831,-52.409789,-52.409789,0724,0006,8A8B,0F5E2D0D,7.4,1246.4,1246.4,0:20:39,45:01:10,-,-,0,-,,,,,04,1,00000000,00,10,,
2025-10-17 12:23:02,,,,867488067662790,17054,HBD
2025-10-17 12:21:08,,,,867488067662790,17053,HBD
2025-10-17 12:20:02,2025-10-17 12:20:01,2025-10-17 12:20:00,2025-10-17 12:20:00,867488067662790,17052,GTERI,0x19FE3FBF,0x00028102,802003,0x8303,0x0115,100,12614,0000,-,00,00,11,12,12,-,01,01,0.0,0.0,197,197,659,659,-28.275831,-28.275831,-52.409789,-52.409789,0724,0006,8A8B,0F5E2D0D,7.4,1246.4,1246.4,0:20:39,45:01:10,-,-,0,-,,,,,04,1,00000000,00,10,,
2025-10-17 12:20:01,2025-10-17 12:20:01,2025-10-17 12:20:00,2025-10-17 12:20:00,867488067662790,17051,GTSTT,0x19FE7FBF,,802003,0x8303,0x0115,100,12614,0000,0000,00,00,11,12,12,-,00,00,0.0,0.0,197,197,659,659,-28.275831,-28.275831,-52.409789,-52.409789,0724,0006,8A8B,0F5E2D0D,7.4,1246.4,1246.4,0:20:39,45:01:10,-,-,0,-
2025-10-17 12:19:38,,,,867488067662790,17050,ACK
2025-10-17 12:19:38,,,,867488067662790,17049,ACK
2025-10-17 12:19:34,2025-10-17 12:19:34,2025-10-17 12:19:34,2025-10-17 12:19:34,867488067662790,17048,GTIGL,0x19FE7FBF,,802003,0x8303,0x0115,100,12627,0000,0000,00,00,12,12,12,-,01,01,0.0,0.0,197,197,659,659,-28.275831,-28.275831,-52.409789,-52.409789,0724,0006,8A8B,0F5E2D0D,7.4,1246.4,1246.4,0:20:39,45:01:10,-,-,0,-,,,,,,,,,01
2025-10-17 12:19:34,2025-10-17 12:19:33,2025-10-17 12:19:33,2025-10-17 12:19:33,867488067662790,17047,GTSTT,0x19FE7FBF,,802003,0x8303,0x0115,100,12934,0000,0000,00,00,12,12,12,-,01,01,0.0,0.0,197,197,659,659,-28.275831,-28.275831,-52.409789,-52.409789,0724,0006,8A8B,0F5E2D0D,7.4,1246.4,1246.4,0:20:39,45:01:10,-,-,0,-
2025-10-17 12:19:34,2025-10-17 12:19:33,2025-10-17 12:19:33,2025-10-17 12:19:33,867488067662790,17046,GTIGF,0x19FE7FBF,,802003,0x8303,0x0115,100,12934,0000,0000,00,00,12,12,12,1241,01,01,0.0,0.0,197,197,659,659,-28.275831,-28.275831,-52.409789,-52.409789,0724,0006,8A8B,0F5E2D0D,7.4,1246.4,1246.4,0:20:39,45:01:10,-,-,0,-
2025-10-17 12:19:07,,,,867488067662790,17045,HBD
2025-10-17 12:17:02,2025-10-17 12:17:01,2025-10-17 12:17:00,2025-10-17 12:16:56,867488067662790,17044,GTERI,0x19FE3FBF,0x00028102,802003,0x8303,0x0115,100,13226,0000,-,01,00,22,12,12,-,01,01,35.9,45.9,197,196,675,669,-28.274567,-28.274175,-52.402216,-52.402089,0724,0006,8A8B,0F5E2B17,6.6,1245.5,1245.5,0:18:09,44:58:40,-,-,0,-,,,,,04,3,00000000,00,10,,
2025-10-17 12:17:02,,,,867488067662790,17043,HBD
2025-10-17 12:15:06,,,,867488067662790,17042,HBD
2025-10-17 12:14:02,2025-10-17 12:14:01,2025-10-17 12:14:00,2025-10-17 12:12:27,867488067662790,17041,GTERI,0x19FE3FBF,0x00028102,802003,0x8303,0x0115,100,13186,0000,-,01,00,22,12,12,-,01,01,32.2,42.1,195,191,696,703,-28.267756,-28.264068,-52.399981,-52.398415,0724,0006,8A8B,0F5E3416,5.8,1244.7,1244.3,0:15:09,44:55:40,-,-,0,-,,,,,04,3,00000000,00,10,,
2025-10-17 12:13:06,,,,867488067662790,17040,HBD
2025-10-17 12:11:02,2025-10-17 12:11:01,2025-10-17 12:11:00,2025-10-17 12:10:48,867488067662790,17039,GTERI,0x19FE3FBF,0x00028102,802003,0x8303,0x0115,100,13207,0000,-,01,00,22,12,12,-,01,01,36.7,53.1,189,190,677,664,-28.260117,-28.258862,-52.396585,-52.396342,0724,0006,8A8B,0F5E3415,4.8,1243.8,1243.6,0:12:09,44:52:40,-,-,0,-,,,,,04,3,00000000,00,10,,
2025-10-17 12:11:02,,,,867488067662790,17038,HBD
2025-10-17 12:09:05,,,,867488067662790,17037,HBD
2025-10-17 12:08:02,2025-10-17 12:08:01,2025-10-17 12:08:00,2025-10-17 12:05:40,867488067662790,17036,GTERI,0x19FE3FBF,0x00028102,802003,0x8303,0x0115,82,12897,0000,-,01,00,22,12,12,-,01,01,0.0,69.8,146,229,664,666,-28.254235,-28.249506,-52.397827,-52.390923,0724,0006,8A8B,0F5E3015,4.0,1242.9,1241.9,0:09:09,44:49:40,-,-,0,-,,,,,04,3,00000000,00,10,,
2025-10-17 12:07:05,,,,867488067662790,17035,HBD
2025-10-17 12:05:02,2025-10-17 12:05:01,2025-10-17 12:05:00,2025-10-17 12:03:50,867488067662790,17034,GTERI,0x19FE3FBF,0x00028102,802003,0x8303,0x0115,80,12967,0000,-,01,00,22,12,12,-,01,01,0.0,56.4,146,139,667,694,-28.248415,-28.245565,-52.390081,-52.392806,0724,0006,8A8B,0F5E3717,2.8,1241.7,1241.3,0:06:09,44:46:40,-,-,0,-,,,,,04,3,00000000,00,10,,
2025-10-17 12:05:02,,,,867488067662790,17033,HBD
2025-10-17 12:02:56,,,,867488067662790,17032,ACK
2025-10-17 12:02:56,,,,867488067662790,17031,ACK
2025-10-17 12:02:56,,,,867488067662790,17030,ACK
2025-10-17 12:02:56,,,,867488067662790,17029,HBD
2025-10-17 12:02:01,2025-10-17 12:02:01,2025-10-17 12:02:00,2025-10-17 12:01:59,867488067662790,17028,GTERI,0x19FE3FBF,0x00028102,802003,0x8303,0x0115,70,13490,0000,-,01,00,22,12,12,-,01,01,37.5,38.6,146,149,688,689,-28.238826,-28.238746,-52.392804,-52.392861,0724,0006,8A8B,0AB2C816,1.5,1240.4,1240.4,0:03:09,44:43:40,-,-,0,-,,,,,04,3,00000000,00,10,,
2025-10-17 12:01:59,2025-10-17 12:01:59,2025-10-17 12:01:58,2025-10-17 12:01:58,867488067662790,17027,GTSTC,0x19FE7FBF,,802003,0x8303,0x0115,70,13578,0000,0000,01,00,22,12,12,-,01,01,40.3,40.3,157,157,689,689,-28.23866,-28.23866,-52.392913,-52.392913,0724,0006,8A8B,0AB2C816,1.5,1240.4,1240.4,0:03:06,44:43:37,-,-,0,-
2025-10-17 12:01:57,2025-10-17 12:01:57,2025-10-17 12:01:56,2025-10-17 11:59:44,867488067662790,17026,GTBTC,0x19FE7FBF,,802003,0x8303,0x0115,70,13501,0000,0000,01,00,22,12,9,-,01,01,40.1,59.0,167,348,689,665,-28.238469,-28.237803,-52.39298,-52.399103,0724,0006,8A8B,0AB2C816,1.4,1240.4,1239.1,0:03:03,44:43:34,-,-,0,-
2025-10-17 12:01:04,,,,867488067662790,17025,HBD
2025-10-17 11:59:02,2025-10-17 11:59:02,2025-10-17 11:59:02,2025-10-17 11:59:02,867488067662790,17024,GTIGL,0x19FE7FBF,,802003,0x8303,0x0115,100,13690,0000,0000,01,00,22,8,8,-,01,01,0.0,0.0,274,274,665,665,-28.239443,-28.239443,-52.39906,-52.39906,0724,0006,8A8B,0AB2C835,0.0,1238.9,1238.9,0:00:09,44:40:40,-,-,0,-,,,,,,,,,00
2025-10-17 11:59:02,2025-10-17 11:59:02,2025-10-17 11:59:02,2025-10-17 11:59:02,867488067662790,17023,GTERI,0x19FE3FBF,0x00028102,802003,0x8303,0x0115,100,13690,0000,-,01,00,22,8,8,-,01,01,0.0,0.0,274,274,665,665,-28.239443,-28.239443,-52.39906,-52.39906,0724,0006,8A8B,0AB2C835,0.0,1238.9,1238.9,0:00:09,44:40:40,-,-,0,-,,,,,04,28,00000000,00,10,,
2025-10-17 11:58:52,2025-10-17 11:58:52,2025-10-17 11:42:26,2025-10-17 11:42:26,867488067662790,17022,GTSTT,0x19FE7FBF,,802003,0x8303,0x0115,100,12085,0000,0000,01,00,22,9,9,-,00,00,0.0,0.0,274,274,683,683,-28.239399,-28.239399,-52.398941,-52.398941,0724,0006,8A8B,0AB2C835,0.0,1238.9,1238.9,0:00:00,44:40:31,-,-,0,-
2025-10-17 11:58:52,2025-10-17 11:58:52,2025-10-17 11:42:26,2025-10-16 15:37:55,867488067662790,17021,GTIGN,0x19FE7FBF,,802003,0x8303,0x0115,100,12085,0000,0000,01,00,22,9,12,73133,00,01,0.0,37.6,274,168,683,668,-28.239399,-28.236111,-52.398941,-52.399485,0724,0006,8A8B,0AB2C835,0.0,1238.9,1238.6,0:00:00,44:40:31,-,-,0,-
2025-10-17 11:58:52,,,,867488067662790,17020,HBD
2025-10-17 11:44:50,2025-10-17 11:44:50,2025-10-17 11:42:26,2025-10-17 11:42:26,867488067662790,17019,GTERI,0x19FE3FBF,0x00028102,802003,0x8303,0x0115,100,12399,0000,-,00,00,11,9,9,-,01,01,0.0,0.0,274,274,683,683,-28.239399,-28.239399,-52.398941,-52.398941,0724,0006,8A8B,0AB2C834,26.4,1238.9,1238.9,0:56:42,44:40:31,-,-,0,-,,,,,04,28,00000000,00,10,,
2025-10-17 10:44:51,2025-10-17 10:44:50,2025-10-17 10:42:49,2025-10-17 10:42:49,867488067662790,17018,GTERI,0x19FE3FBF,0x00028102,802003,0x8303,0x0115,100,12415,0000,-,00,00,11,9,9,-,01,01,0.0,0.0,274,274,683,683,-28.239399,-28.239399,-52.398941,-52.398941,0724,0006,8A8B,0AB2C835,26.4,1238.9,1238.9,0:56:42,44:40:31,-,-,0,-,,,,,04,28,00000000,00,10,,
2025-10-17 09:44:50,2025-10-17 09:44:50,2025-10-17 09:42:32,2025-10-17 09:42:32,867488067662790,17017,GTERI,0x19FE3FBF,0x00028102,802003,0x8303,0x0115,100,12418,0000,-,00,00,11,6,6,-,01,01,0.0,0.0,274,274,683,683,-28.239399,-28.239399,-52.398941,-52.398941,0724,0006,8A8B,0AB2C817,26.4,1238.9,1238.9,0:56:42,44:40:31,-,-,0,-,,,,,04,3,00000000,00,10,,
2025-10-17 08:44:50,2025-10-17 08:44:50,2025-10-17 08:42:24,2025-10-17 08:42:24,867488067662790,17016,GTERI,0x19FE3FBF,0x00028102,802003,0x8303,0x0115,100,12410,0000,-,00,00,11,7,7,-,01,01,0.0,0.0,274,274,683,683,-28.239399,-28.239399,-52.398941,-52.398941,0724,0006,8A8B,0AB2C817,26.4,1238.9,1238.9,0:56:42,44:40:31,-,-,0,-,,,,,04,3,00000000,00,10,,
2025-10-17 07:44:50,2025-10-17 07:44:50,2025-10-17 07:42:52,2025-10-17 07:42:52,867488067662790,17015,GTERI,0x19FE3FBF,0x00028102,802003,0x8303,0x0115,100,12415,0000,-,00,00,11,7,7,-,01,01,0.0,0.0,274,274,683,683,-28.239399,-28.239399,-52.398941,-52.398941,0724,0006,8A8B,0AB2C835,26.4,1238.9,1238.9,0:56:42,44:40:31,-,-,0,-,,,,,04,28,00000000,00,10,,
2025-10-17 06:44:50,2025-10-17 06:44:50,2025-10-17 06:42:31,2025-10-17 06:42:31,867488067662790,17014,GTERI,0x19FE3FBF,0x00028102,802003,0x8303,0x0115,100,12355,0000,-,00,00,11,5,5,-,01,01,0.0,0.0,274,274,683,683,-28.239399,-28.239399,-52.398941,-52.398941,0724,0006,8A8B,0AB2C817,26.4,1238.9,1238.9,0:56:42,44:40:31,-,-,0,-,,,,,04,3,00000000,00,10,,
2025-10-17 05:44:50,2025-10-17 05:44:50,2025-10-17 05:42:25,2025-10-17 05:42:25,867488067662790,17013,GTERI,0x19FE3FBF,0x00028102,802003,0x8303,0x0115,100,12371,0000,-,00,00,11,11,11,-,01,01,0.0,0.0,274,274,683,683,-28.239399,-28.239399,-52.398941,-52.398941,0724,0006,8A8B,0AB2C817,26.4,1238.9,1238.9,0:56:42,44:40:31,-,-,0,-,,,,,04,3,00000000,00,10,,
2025-10-17 04:44:50,2025-10-17 04:44:50,2025-10-17 04:42:24,2025-10-17 04:42:24,867488067662790,17012,GTERI,0x19FE3FBF,0x00028102,802003,0x8303,0x0115,100,12426,0000,-,00,00,11,12,12,-,01,01,0.0,0.0,274,274,683,683,-28.239399,-28.239399,-52.398941,-52.398941,0724,0006,8A8B,0AB2C817,26.4,1238.9,1238.9,0:56:42,44:40:31,-,-,0,-,,,,,04,3,00000000,00,10,,
2025-10-17 03:44:50,2025-10-17 03:44:50,2025-10-17 03:42:53,2025-10-17 03:42:53,867488067662790,17011,GTERI,0x19FE3FBF,0x00028102,802003,0x8303,0x0115,100,12354,0000,-,00,00,11,12,12,-,01,01,0.0,0.0,274,274,683,683,-28.239399,-28.239399,-52.398941,-52.398941,0724,0006,8A8B,0AB2C817,26.4,1238.9,1238.9,0:56:42,44:40:31,-,-,0,-,,,,,04,3,00000000,00,10,,
2025-10-17 02:44:50,2025-10-17 02:44:50,2025-10-17 02:42:28,2025-10-17 02:42:28,867488067662790,17010,GTERI,0x19FE3FBF,0x00028102,802003,0x8303,0x0115,100,12409,0000,-,00,00,11,5,5,-,01,01,0.0,0.0,274,274,683,683,-28.239399,-28.239399,-52.398941,-52.398941,0724,0006,8A8B,0AB2C817,26.4,1238.9,1238.9,0:56:42,44:40:31,-,-,0,-,,,,,04,3,00000000,00,10,,
2025-10-17 01:44:50,2025-10-17 01:44:50,2025-10-17 01:42:27,2025-10-17 01:42:27,867488067662790,17009,GTERI,0x19FE3FBF,0x00028102,802003,0x8303,0x0115,100,12440,0000,-,00,00,11,9,9,-,01,01,0.0,0.0,274,274,683,683,-28.239399,-28.239399,-52.398941,-52.398941,0724,0006,8A8B,0AB2C817,26.4,1238.9,1238.9,0:56:42,44:40:31,-,-,0,-,,,,,04,3,00000000,00,10,,
2025-10-17 00:44:50,2025-10-17 00:44:50,2025-10-17 00:42:49,2025-10-17 00:42:49,867488067662790,17008,GTERI,0x19FE3FBF,0x00028102,802003,0x8303,0x0115,100,12482,0000,-,00,00,11,12,12,-,01,01,0.0,0.0,274,274,683,683,-28.239399,-28.239399,-52.398941,-52.398941,0724,0006,8A8B,0AB2C817,26.4,1238.9,1238.9,0:56:42,44:40:31,-,-,0,-,,,,,04,3,00000000,00,10,,
2025-10-16 23:44:50,2025-10-16 23:44:50,2025-10-16 23:42:28,2025-10-16 23:42:28,867488067662790,17007,GTERI,0x19FE3FBF,0x00028102,802003,0x8303,0x0115,100,12486,0000,-,00,00,11,6,6,-,01,01,0.0,0.0,274,274,683,683,-28.239399,-28.239399,-52.398941,-52.398941,0724,0006,8A8B,0AB2C835,26.4,1238.9,1238.9,0:56:42,44:40:31,-,-,0,-,,,,,04,28,00000000,00,10,,
2025-10-16 22:44:50,2025-10-16 22:44:50,2025-10-16 22:42:49,2025-10-16 22:42:49,867488067662790,17006,GTERI,0x19FE3FBF,0x00028102,802003,0x8303,0x0115,100,12514,0000,-,00,00,11,9,9,-,01,01,0.0,0.0,274,274,683,683,-28.239399,-28.239399,-52.398941,-52.398941,0724,0006,8A8B,0AB2C802,26.4,1238.9,1238.9,0:56:42,44:40:31,-,-,0,-,,,,,04,7,00000000,00,10,,
2025-10-16 21:44:51,2025-10-16 21:44:50,2025-10-16 21:42:27,2025-10-16 21:42:27,867488067662790,17005,GTERI,0x19FE3FBF,0x00028102,802003,0x8303,0x0115,100,12529,0000,-,00,00,11,9,9,-,01,01,0.0,0.0,274,274,683,683,-28.239399,-28.239399,-52.398941,-52.398941,0724,0006,8A8B,0AB2C817,26.4,1238.9,1238.9,0:56:42,44:40:31,-,-,0,-,,,,,04,3,00000000,00,10,,
2025-10-16 20:44:51,2025-10-16 20:44:50,2025-10-16 20:42:25,2025-10-16 20:42:25,867488067662790,17004,GTERI,0x19FE3FBF,0x00028102,802003,0x8303,0x0115,100,12491,0000,-,00,00,11,11,11,-,01,01,0.0,0.0,274,274,683,683,-28.239399,-28.239399,-52.398941,-52.398941,0724,0006,8A8B,0AB2C817,26.4,1238.9,1238.9,0:56:42,44:40:31,-,-,0,-,,,,,04,3,00000000,00,10,,
2025-10-16 19:44:50,2025-10-16 19:44:50,2025-10-16 19:42:50,2025-10-16 19:42:50,867488067662790,17003,GTERI,0x19FE3FBF,0x00028102,802003,0x8303,0x0115,100,12498,0000,-,00,00,11,12,12,-,01,01,0.0,0.0,274,274,683,683,-28.239399,-28.239399,-52.398941,-52.398941,0724,0006,8A8B,0AB2C817,26.4,1238.9,1238.9,0:56:42,44:40:31,-,-,0,-,,,,,04,3,00000000,00,10,,
2025-10-16 18:44:50,2025-10-16 18:44:50,2025-10-16 18:42:37,2025-10-16 18:42:37,867488067662790,17002,GTERI,0x19FE3FBF,0x00028102,802003,0x8303,0x0115,100,12530,0000,-,00,00,11,4,4,-,01,01,0.0,0.0,274,274,683,683,-28.239399,-28.239399,-52.398941,-52.398941,0724,0006,8A8B,0AB2C817,26.4,1238.9,1238.9,0:56:42,44:40:31,-,-,0,-,,,,,04,3,00000000,00,10,,
2025-10-16 17:44:50,2025-10-16 17:44:50,2025-10-16 17:42:25,2025-10-16 17:42:25,867488067662790,17001,GTERI,0x19FE3FBF,0x00028102,802003,0x8303,0x0115,100,12608,0000,-,00,00,11,12,12,-,01,01,0.0,0.0,274,274,683,683,-28.239399,-28.239399,-52.398941,-52.398941,0724,0006,8A8B,0AB2C817,26.4,1238.9,1238.9,0:56:42,44:40:31,-,-,0,-,,,,,04,3,00000000,00,10,,
2025-10-16 16:44:50,2025-10-16 16:44:50,2025-10-16 16:42:24,2025-10-16 16:42:24,867488067662790,17000,GTERI,0x19FE3FBF,0x00028102,802003,0x8303,0x0115,100,12579,0000,-,00,00,11,12,12,-,01,01,0.0,0.0,274,274,683,683,-28.239399,-28.239399,-52.398941,-52.398941,0724,0006,8A8B,0AB2C817,26.4,1238.9,1238.9,0:56:42,44:40:31,-,-,0,-,,,,,04,3,00000000,00,10,,
2025-10-16 15:45:00,2025-10-16 15:45:00,2025-10-16 15:45:00,2025-10-16 15:45:00,867488067662790,16999,GTERI,0x19FE3FBF,0x00028102,802003,0x8303,0x0115,100,12579,0000,-,00,00,11,12,12,-,01,01,0.0,0.0,274,274,683,683,-28.239399,-28.239399,-52.398941,-52.398941,0724,0006,8A8B,0AB2C817,26.4,1238.9,1238.9,0:56:42,44:40:31,-,-,0,-,,,,,04,3,00000000,00,10,,
2025-10-16 15:45:00,,,,867488067662790,16998,HBD
2025-10-16 15:43:22,2025-10-16 15:43:22,2025-10-16 15:43:21,2025-10-16 15:43:21,867488067662790,16997,GTERI,0x19FE3FBF,0x00028102,802003,0x8303,0x0115,100,12542,0000,-,00,00,11,12,12,-,01,01,0.0,0.0,274,274,683,683,-28.239399,-28.239399,-52.398941,-52.398941,0724,0006,8A8B,0AB2C817,26.4,1238.9,1238.9,0:56:42,44:40:31,-,-,0,-,,,,,04,3,00000000,00,10,,
2025-10-16 15:43:14,,,,867488067662790,16996,HBD
2025-10-16 15:41:13,,,,867488067662790,16995,HBD
2025-10-16 15:40:22,2025-10-16 15:40:22,2025-10-16 15:40:20,2025-10-16 15:40:20,867488067662790,16994,GTERI,0x19FE3FBF,0x00028102,802003,0x8303,0x0115,100,12477,0000,-,00,00,11,12,12,-,01,01,0.0,0.0,274,274,683,683,-28.239399,-28.239399,-52.398941,-52.398941,0724,0006,8A8B,0AB2C803,26.4,1238.9,1238.9,0:56:42,44:40:31,-,-,0,-,,,,,04,7,00000000,00,10,,
2025-10-16 15:40:15,2025-10-16 15:40:15,2025-10-16 15:40:14,2025-10-16 15:40:14,867488067662790,16993,GTSTT,0x19FE7FBF,,802003,0x8303,0x0115,100,12477,0000,0000,00,00,11,12,12,-,01,01,0.0,0.0,274,274,683,683,-28.239399,-28.239399,-52.398941,-52.398941,0724,0006,8A8B,0AB2C817,26.4,1238.9,1238.9,0:56:42,44:40:31,-,-,0,-
2025-10-16 15:40:03,,,,867488067662790,16992,ACK
2025-10-16 15:40:03,,,,867488067662790,16991,ACK
2025-10-16 15:40:00,2025-10-16 15:40:00,2025-10-16 15:40:00,2025-10-16 15:40:00,867488067662790,16990,GTIGL,0x19FE7FBF,,802003,0x8303,0x0115,100,12209,0000,0000,00,00,12,12,12,-,01,01,0.0,0.0,274,274,683,683,-28.239399,-28.239399,-52.398941,-52.398941,0724,0006,8A8B,0AB2C817,26.4,1238.9,1238.9,0:56:42,44:40:31,-,-,0,-,,,,,,,,,01
2025-10-16 15:40:00,2025-10-16 15:39:59,2025-10-16 15:39:58,2025-10-16 15:39:58,867488067662790,16989,GTSTT,0x19FE7FBF,,802003,0x8303,0x0115,100,11938,0000,0000,00,00,12,12,12,-,01,01,0.0,0.0,274,274,683,683,-28.239399,-28.239399,-52.398941,-52.398941,0724,0006,8A8B,0AB2C817,26.4,1238.9,1238.9,0:56:42,44:40:31,-,-,0,-
2025-10-16 15:39:59,2025-10-16 15:39:59,2025-10-16 15:39:58,2025-10-16 15:39:58,867488067662790,16988,GTIGF,0x19FE7FBF,,802003,0x8303,0x0115,100,11938,0000,0000,00,00,12,12,12,3403,01,01,0.0,0.0,274,274,683,683,-28.239399,-28.239399,-52.398941,-52.398941,0724,0006,8A8B,0AB2C817,26.4,1238.9,1238.9,0:56:42,44:40:31,-,-,0,-
2025-10-16 15:39:13,,,,867488067662790,16987,HBD
2025-10-16 15:37:22,2025-10-16 15:37:22,2025-10-16 15:37:21,2025-10-16 15:35:26,867488067662790,16986,GTERI,0x19FE3FBF,0x00028102,802003,0x8303,0x0115,100,13190,0000,-,01,00,22,12,12,-,01,01,29.7,41.7,274,216,669,667,-28.235161,-28.233832,-52.398314,-52.39239,0724,0006,8A8B,0AB2C817,25.8,1238.3,1237.7,0:54:06,44:37:55,-,-,0,-,,,,,04,3,00000000,00,10,,
2025-10-16 15:37:12,,,,867488067662790,16985,HBD
2025-10-16 15:35:12,,,,867488067662790,16984,HBD
2025-10-16 15:34:22,2025-10-16 15:34:22,2025-10-16 15:34:21,2025-10-16 15:33:13,867488067662790,16983,GTERI,0x19FE3FBF,0x00028102,802003,0x8303,0x0115,100,12820,0000,-,01,00,22,12,12,-,01,01,8.5,81.5,216,73,668,678,-28.233071,-28.231217,-52.39177,-52.401173,0724,0006,8A8B,0AB2C815,25.0,1237.6,1236.5,0:51:06,44:34:55,-,-,0,-,,,,,04,3,00000000,00,10,,
2025-10-16 15:33:11,,,,867488067662790,16982,HBD
2025-10-16 15:31:22,2025-10-16 15:31:22,2025-10-16 15:31:21,2025-10-16 15:31:16,867488067662790,16981,GTERI,0x19FE3FBF,0x00028102,802003,0x8303,0x0115,100,13180,0000,-,01,00,22,12,12,-,01,01,59.3,73.4,80,82,635,635,-28.236358,-28.236478,-52.422564,-52.423498,0724,0006,8A8B,0AB70A17,21.8,1234.3,1234.2,0:48:06,44:31:55,-,-,0,-,,,,,04,3,00000000,00,10,,
2025-10-16 15:31:11,,,,867488067662790,16980,HBD
2025-10-16 15:29:10,,,,867488067662790,16979,HBD
2025-10-16 15:28:22,2025-10-16 15:28:22,2025-10-16 15:28:21,2025-10-16 15:25:29,867488067662790,16978,GTERI,0x19FE3FBF,0x00028102,802003,0x8303,0x0115,100,13175,0000,-,01,00,22,12,12,-,01,01,47.2,53.2,323,49,670,642,-28.245486,-28.253546,-52.427882,-52.432609,0724,0006,8A8B,0F5E2735,20.1,1232.6,1231.3,0:45:06,44:28:55,-,-,0,-,,,,,04,28,00000000,00,10,,
2025-10-16 15:27:10,,,,867488067662790,16977,HBD
2025-10-16 15:25:22,2025-10-16 15:25:22,2025-10-16 15:25:21,2025-10-16 15:25:19,867488067662790,16976,GTERI,0x19FE3FBF,0x00028102,802003,0x8303,0x0115,100,13193,0000,-,01,00,22,12,12,-,01,01,42.3,42.5,50,52,632,631,-28.254152,-28.254284,-52.433431,-52.433618,0724,0006,8A8B,0F5E3303,18.7,1231.2,1231.2,0:42:06,44:25:55,-,-,0,-,,,,,04,7,00000000,00,10,,
2025-10-16 15:24:41,,,,867488067662790,16975,HBD
2025-10-16 15:24:40,2025-10-16 15:24:09,2025-10-16 15:24:08,2025-10-16 15:23:01,867488067662790,16974,GTPDP,0x19FE7FBF,,802003,0x8303,0x0115,100,13209,0000,0000,01,00,22,12,12,-,01,01,23.1,38.3,12,8,636,649,-28.256843,-28.25978,-52.436866,-52.435663,0000,0000,0000,00000000,18.2,1230.7,1230.3,0:40:51,44:24:40,-,-,0,-
2025-10-16 15:22:23,2025-10-16 15:22:22,2025-10-16 15:22:21,2025-10-16 15:20:01,867488067662790,16972,GTERI,0x19FE3FBF,0x00028102,802003,0x8303,0x0115,100,13293,0000,-,01,00,22,12,12,-,01,01,13.0,51.1,44,64,656,679,-28.262301,-28.267672,-52.436215,-52.437795,0724,0006,8A8B,0F5E2A16,17.5,1230.0,1228.9,0:39:06,44:22:55,-,-,0,-,,,,,04,3,00000000,00,10,,
2025-10-16 15:22:08,,,,867488067662790,16971,HBD
2025-10-16 15:19:22,2025-10-16 15:19:22,2025-10-16 15:19:21,2025-10-16 15:17:10,867488067662790,16970,GTERI,0x19FE3FBF,0x00028102,802003,0x8303,0x0115,100,13270,0000,-,01,00,22,12,12,-,01,01,45.2,63.1,35,25,675,659,-28.271133,-28.283234,-52.440977,-52.452406,0724,0006,8A8B,0F5E2A17,15.8,1228.4,1226.5,0:36:06,44:19:55,-,-,0,-,,,,,04,3,00000000,00,10,,
2025-10-16 15:19:22,,,,867488067662790,16969,HBD
2025-10-16 15:18:07,,,,867488067662790,16968,HBD
2025-10-16 15:16:23,2025-10-16 15:16:22,2025-10-16 15:16:21,2025-10-16 15:15:58,867488067662790,16967,GTERI,0x19FE3FBF,0x00028102,802003,0x8303,0x0115,100,13178,0000,-,01,00,22,12,12,-,01,01,38.2,54.4,17,307,646,639,-28.289305,-28.290743,-52.454686,-52.453244,0724,0006,8A8B,0AB3D233,13.3,1225.8,1225.5,0:33:06,44:16:55,-,-,0,-,,,,,04,28,00000000,00,10,,
2025-10-16 15:16:07,,,,867488067662790,16966,HBD
2025-10-16 15:13:57,2025-10-16 15:13:22,2025-10-16 15:13:21,2025-10-16 15:11:29,867488067662790,16965,GTERI,0x19FE3FBF,0x00028102,802003,0x8303,0x0115,100,13284,0000,-,01,00,22,12,12,-,01,01,35.9,65.6,147,202,636,664,-28.291913,-28.28085,-52.450712,-52.451263,0724,0006,8A8B,0AB3D233,11.9,1224.4,1222.8,0:30:06,44:13:55,-,-,0,-,,,,,04,28,00000000,00,10,,
2025-10-16 15:13:57,,,,867488067662790,16964,HBD
2025-10-16 15:13:57,,,,867488067662790,16964,HBD
2025-10-16 15:12:09,,,,867488067662790,16963,HBD
2025-10-16 15:10:22,2025-10-16 15:10:22,2025-10-16 15:10:21,2025-10-16 15:10:05,867488067662790,16962,GTERI,0x19FE3FBF,0x00028102,802003,0x8303,0x0115,100,13316,0000,-,01,00,22,12,12,-,01,01,54.8,60.5,247,242,665,671,-28.273467,-28.272613,-52.445396,-52.443032,0724,0006,8A8B,0F5E2A03,9.2,1221.8,1221.5,0:27:06,44:10:55,-,-,0,-,,,,,04,7,00000000,00,10,,
2025-10-16 15:10:05,,,,867488067662790,16961,HBD
2025-10-16 15:07:22,2025-10-16 15:07:22,2025-10-16 15:07:21,2025-10-16 15:05:07,867488067662790,16960,GTERI,0x19FE3FBF,0x00028102,802003,0x8303,0x0115,100,13225,0000,-,01,00,22,12,12,-,01,01,40.4,42.8,278,242,671,688,-28.269336,-28.265757,-52.427777,-52.418342,0724,0006,8A8B,0F5E3101,7.2,1219.7,1218.7,0:24:06,44:07:55,-,-,0,-,,,,,04,7,00000000,00,10,,
2025-10-16 15:07:22,,,,867488067662790,16959,HBD
2025-10-16 15:06:05,,,,867488067662790,16958,HBD
2025-10-16 15:04:22,2025-10-16 15:04:22,2025-10-16 15:04:21,2025-10-16 15:04:10,867488067662790,16957,GTERI,0x19FE3FBF,0x00028102,802003,0x8303,0x0115,100,13260,0000,-,01,00,22,12,12,-,01,01,33.2,38.4,246,240,693,693,-28.263896,-28.263446,-52.414126,-52.413139,0724,0006,8A8B,0F5E3603,5.7,1218.2,1218.1,0:21:06,44:04:55,-,-,0,-,,,,,04,7,00000000,00,10,,
2025-10-16 15:04:04,,,,867488067662790,16956,HBD
2025-10-16 15:01:22,2025-10-16 15:01:22,2025-10-16 15:01:21,2025-10-16 15:00:39,867488067662790,16955,GTERI,0x19FE3FBF,0x00028102,802003,0x8303,0x0115,100,13073,0000,-,01,00,22,12,12,-,01,01,0.0,34.6,229,230,694,702,-28.26129,-28.260504,-52.408522,-52.406762,0724,0006,8A8B,0F5E2601,5.1,1217.6,1217.4,0:18:06,44:01:55,-,-,0,-,,,,,04,7,00000000,00,10,,
2025-10-16 15:01:22,,,,867488067662790,16954,HBD
2025-10-16 15:00:04,,,,867488067662790,16953,HBD
2025-10-16 14:58:22,2025-10-16 14:58:22,2025-10-16 14:58:21,2025-10-16 14:57:12,867488067662790,16952,GTERI,0x19FE3FBF,0x00028102,802003,0x8303,0x0115,100,13295,0000,-,01,00,22,12,12,-,01,01,27.0,42.7,229,230,689,685,-28.258373,-28.256535,-52.402727,-52.400311,0724,0006,8A8B,0F5E3467,4.5,1217.0,1216.7,0:15:06,43:58:55,-,-,0,-,,,,,04,7,00000000,00,10,,
2025-10-16 14:58:03,,,,867488067662790,16951,HBD
2025-10-16 14:55:22,2025-10-16 14:55:22,2025-10-16 14:55:21,2025-10-16 14:53:51,867488067662790,16950,GTERI,0x19FE3FBF,0x00028102,802003,0x8303,0x0115,100,13308,0000,-,01,00,22,12,12,-,01,01,0.0,42.8,157,230,653,665,-28.252662,-28.250393,-52.395137,-52.392129,0724,0006,8A8B,0F5E3065,3.5,1216.0,1215.6,0:12:06,43:55:55,-,-,0,-,,,,,04,7,00000000,00,10,,
2025-10-16 14:55:22,,,,867488067662790,16949,HBD
2025-10-16 14:54:02,,,,867488067662790,16948,HBD
2025-10-16 14:52:22,2025-10-16 14:52:22,2025-10-16 14:52:21,2025-10-16 14:50:22,867488067662790,16947,GTERI,0x19FE3FBF,0x00028102,802003,0x8303,0x0115,90,13242,0000,-,01,00,22,12,12,-,01,01,0.0,40.0,157,221,671,699,-28.248596,-28.24343,-52.390008,-52.391555,0724,0006,8A8B,0F5E3717,2.8,1215.4,1214.6,0:09:06,43:52:55,-,-,0,-,,,,,04,3,00000000,00,10,,
2025-10-16 14:52:02,,,,867488067662790,16946,HBD
2025-10-16 14:49:22,2025-10-16 14:49:22,2025-10-16 14:49:21,2025-10-16 14:46:39,867488067662790,16945,GTERI,0x19FE3FBF,0x00028102,802003,0x8303,0x0115,100,13409,0000,-,01,00,22,12,12,-,01,01,26.5,37.0,157,93,695,666,-28.240328,-28.235223,-52.391618,-52.397967,0724,0006,8A8B,0AB2C816,1.7,1214.2,1213.1,0:06:06,43:49:55,-,-,0,-,,,,,04,3,00000000,00,10,,
2025-10-16 14:49:22,,,,867488067662790,16944,HBD
2025-10-16 14:47:19,,,,867488067662790,16943,ACK
2025-10-16 14:47:19,,,,867488067662790,16942,ACK
2025-10-16 14:47:18,,,,867488067662790,16941,ACK
2025-10-16 14:47:18,,,,867488067662790,16940,HBD
2025-10-16 14:46:32,2025-10-16 14:46:32,2025-10-16 14:46:32,2025-10-16 14:46:32,867488067662790,16939,GTSTC,0x19FE7FBF,,802003,0x8303,0x0115,78,13551,0000,0000,01,00,22,12,12,-,01,01,31.6,31.6,82,82,665,665,-28.235197,-28.235197,-52.398656,-52.398656,0724,0006,8A8B,0AB2C817,0.5,1213.0,1213.0,0:03:15,43:47:04,-,-,0,-
2025-10-16 14:46:30,2025-10-16 14:46:30,2025-10-16 14:46:30,2025-10-16 14:46:30,867488067662790,16938,GTBTC,0x19FE7FBF,,802003,0x8303,0x0115,72,13551,0000,0000,01,00,22,12,12,-,01,01,30.3,30.3,87,87,666,666,-28.235211,-28.235211,-52.398833,-52.398833,0724,0006,8A8B,0AB2C817,0.5,1213.0,1213.0,0:03:12,43:47:01,-,-,0,-
2025-10-16 14:46:22,2025-10-16 14:46:22,2025-10-16 14:46:21,2025-10-16 14:46:00,867488067662790,16937,GTERI,0x19FE3FBF,0x00028102,802003,0x8303,0x0115,71,13551,0000,-,01,00,22,12,12,-,01,01,14.0,35.9,61,349,666,669,-28.235322,-28.236799,-52.399421,-52.399362,0724,0006,8A8B,0AB2C817,0.5,1213.0,1212.8,0:03:06,43:46:55,-,-,0,-,,,,,04,3,00000000,00,10,,
2025-10-16 14:46:01,,,,867488067662790,16936,HBD
2025-10-16 14:43:32,2025-10-16 14:43:32,2025-10-16 14:43:32,2025-10-16 14:43:32,867488067662790,16935,GTIGL,0x19FE7FBF,,802003,0x8303,0x0115,100,13585,0000,0000,01,00,22,5,5,-,01,01,0.0,0.0,262,262,667,667,-28.239376,-28.239376,-52.398926,-52.398926,0724,0006,8A8B,0AB2C817,0.0,1212.5,1212.5,0:00:15,43:44:04,-,-,0,-,,,,,,,,,00
2025-10-16 14:43:32,2025-10-16 14:43:32,2025-10-16 14:43:32,2025-10-16 14:43:32,867488067662790,16934,GTERI,0x19FE3FBF,0x00028102,802003,0x8303,0x0115,100,13585,0000,-,01,00,22,5,5,-,01,01,0.0,0.0,262,262,667,667,-28.239376,-28.239376,-52.398926,-52.398926,0724,0006,8A8B,0AB2C817,0.0,1212.5,1212.5,0:00:15,43:44:04,-,-,0,-,,,,,04,3,00000000,00,10,,
2025-10-16 14:43:16,2025-10-16 14:43:16,2025-10-16 13:54:52,2025-10-16 13:54:52,867488067662790,16933,GTSTT,0x19FE7FBF,,802003,0x8303,0x0115,100,12204,0000,0000,01,00,22,7,7,-,00,00,0.0,0.0,262,262,668,668,-28.239443,-28.239443,-52.398928,-52.398928,0724,0006,8A8B,0AB2C817,0.0,1212.5,1212.5,0:00:00,43:43:49,-,-,0,-
2025-10-16 14:43:16,2025-10-16 14:43:16,2025-10-16 13:54:52,2025-10-15 14:50:58,867488067662790,16932,GTIGN,0x19FE7FBF,,802003,0x8303,0x0115,100,12204,0000,0000,01,00,22,7,12,85875,00,01,0.0,25.0,262,76,668,680,-28.239443,-28.24056,-52.398928,-52.399412,0724,0006,8A8B,0AB2C817,0.0,1212.5,1212.3,0:00:00,43:43:49,-,-,0,-
2025-10-16 14:43:16,,,,867488067662790,16931,HBD
2025-10-16 13:56:56,2025-10-16 13:56:56,2025-10-16 13:54:52,2025-10-16 13:54:52,867488067662790,16930,GTERI,0x19FE3FBF,0x00028102,802003,0x8303,0x0115,100,12408,0000,-,00,00,11,7,7,-,01,01,0.0,0.0,262,262,668,668,-28.239443,-28.239443,-52.398928,-52.398928,0724,0006,8A8B,0AB2C803,5.3,1212.5,1212.5,0:17:27,43:43:49,-,-,0,-,,,,,04,7,00000000,00,10,,
2025-10-16 13:47:16,,,,867488067662790,16929,GTINF,,,,,,,,,,,,,,,,,,,,,,,,,,,,,,,,,,,,,,,,,,C1,4200,03
2025-10-16 12:56:56,2025-10-16 12:56:56,2025-10-16 12:54:45,2025-10-16 12:54:45,867488067662790,16928,GTERI,0x19FE3FBF,0x00028102,802003,0x8303,0x0115,100,12370,0000,-,00,00,11,5,5,-,01,01,0.0,0.0,262,262,668,668,-28.239443,-28.239443,-52.398928,-52.398928,0724,0006,8A8B,0AB2C817,5.3,1212.5,1212.5,0:17:27,43:43:49,-,-,0,-,,,,,04,3,00000000,00,10,,
2025-10-16 11:56:56,2025-10-16 11:56:56,2025-10-16 11:54:39,2025-10-16 11:54:39,867488067662790,16927,GTERI,0x19FE3FBF,0x00028102,802003,0x8303,0x0115,100,12365,0000,-,00,00,11,6,6,-,01,01,0.0,0.0,262,262,668,668,-28.239443,-28.239443,-52.398928,-52.398928,0724,0006,8A8B,0AB2C817,5.3,1212.5,1212.5,0:17:27,43:43:49,-,-,0,-,,,,,04,3,00000000,00,10,,
2025-10-16 10:56:56,2025-10-16 10:56:56,2025-10-16 10:54:53,2025-10-16 10:54:53,867488067662790,16926,GTERI,0x19FE3FBF,0x00028102,802003,0x8303,0x0115,100,12366,0000,-,00,00,11,8,8,-,01,01,0.0,0.0,262,262,668,668,-28.239443,-28.239443,-52.398928,-52.398928,0724,0006,8A8B,0AB2C817,5.3,1212.5,1212.5,0:17:27,43:43:49,-,-,0,-,,,,,04,3,00000000,00,10,,
2025-10-16 09:56:56,2025-10-16 09:56:56,2025-10-16 09:54:31,2025-10-16 09:54:31,867488067662790,16925,GTERI,0x19FE3FBF,0x00028102,802003,0x8303,0x0115,100,12329,0000,-,00,00,11,5,5,-,01,01,0.0,0.0,262,262,668,668,-28.239443,-28.239443,-52.398928,-52.398928,0724,0006,8A8B,0AB2C803,5.3,1212.5,1212.5,0:17:27,43:43:49,-,-,0,-,,,,,04,7,00000000,00,10,,
2025-10-16 08:56:56,2025-10-16 08:56:56,2025-10-16 08:54:31,2025-10-16 08:54:31,867488067662790,16924,GTERI,0x19FE3FBF,0x00028102,802003,0x8303,0x0115,100,12372,0000,-,00,00,11,7,7,-,01,01,0.0,0.0,262,262,668,668,-28.239443,-28.239443,-52.398928,-52.398928,0724,0006,8A8B,0AB2C817,5.3,1212.5,1212.5,0:17:27,43:43:49,-,-,0,-,,,,,04,3,00000000,00,10,,
2025-10-16 07:56:56,2025-10-16 07:56:56,2025-10-16 07:54:54,2025-10-16 07:54:54,867488067662790,16923,GTERI,0x19FE3FBF,0x00028102,802003,0x8303,0x0115,100,12353,0000,-,00,00,11,6,6,-,01,01,0.0,0.0,262,262,668,668,-28.239443,-28.239443,-52.398928,-52.398928,0724,0006,8A8B,0AB2C817,5.3,1212.5,1212.5,0:17:27,43:43:49,-,-,0,-,,,,,04,3,00000000,00,10,,
2025-10-16 06:56:56,2025-10-16 06:56:56,2025-10-16 06:54:37,2025-10-16 06:54:37,867488067662790,16922,GTERI,0x19FE3FBF,0x00028102,802003,0x8303,0x0115,100,12450,0000,-,00,00,11,4,4,-,01,01,0.0,0.0,262,262,668,668,-28.239443,-28.239443,-52.398928,-52.398928,0724,0006,8A8B,0AB2C817,5.3,1212.5,1212.5,0:17:27,43:43:49,-,-,0,-,,,,,04,3,00000000,00,10,,
2025-10-16 05:56:56,2025-10-16 05:56:56,2025-10-16 05:54:45,2025-10-16 05:54:45,867488067662790,16921,GTERI,0x19FE3FBF,0x00028102,802003,0x8303,0x0115,100,12403,0000,-,00,00,11,5,5,-,01,01,0.0,0.0,262,262,668,668,-28.239443,-28.239443,-52.398928,-52.398928,0724,0006,8A8B,0AB2C817,5.3,1212.5,1212.5,0:17:27,43:43:49,-,-,0,-,,,,,04,3,00000000,00,10,,
2025-10-16 04:56:56,2025-10-16 04:56:56,2025-10-16 04:54:49,2025-10-16 04:54:49,867488067662790,16920,GTERI,0x19FE3FBF,0x00028102,802003,0x8303,0x0115,100,12463,0000,-,00,00,11,7,7,-,01,01,0.0,0.0,262,262,668,668,-28.239443,-28.239443,-52.398928,-52.398928,0724,0006,8A8B,0AB2C817,5.3,1212.5,1212.5,0:17:27,43:43:49,-,-,0,-,,,,,04,3,00000000,00,10,,
2025-10-16 03:56:56,2025-10-16 03:56:56,2025-10-16 03:54:33,2025-10-16 03:54:33,867488067662790,16919,GTERI,0x19FE3FBF,0x00028102,802003,0x8303,0x0115,100,12476,0000,-,00,00,11,4,4,-,01,01,0.0,0.0,262,262,668,668,-28.239443,-28.239443,-52.398928,-52.398928,0724,0006,8A8B,0AB2C817,5.3,1212.5,1212.5,0:17:27,43:43:49,-,-,0,-,,,,,04,3,00000000,00,10,,
2025-10-16 02:56:56,2025-10-16 02:56:56,2025-10-16 02:54:40,2025-10-16 02:54:40,867488067662790,16918,GTERI,0x19FE3FBF,0x00028102,802003,0x8303,0x0115,100,12482,0000,-,00,00,11,5,5,-,01,01,0.0,0.0,262,262,668,668,-28.239443,-28.239443,-52.398928,-52.398928,0724,0006,8A8B,0AB2C817,5.3,1212.5,1212.5,0:17:27,43:43:49,-,-,0,-,,,,,04,3,00000000,00,10,,
2025-10-16 01:56:56,2025-10-16 01:56:56,2025-10-16 01:54:53,2025-10-16 01:54:53,867488067662790,16917,GTERI,0x19FE3FBF,0x00028102,802003,0x8303,0x0115,100,12493,0000,-,00,00,11,7,7,-,01,01,0.0,0.0,262,262,668,668,-28.239443,-28.239443,-52.398928,-52.398928,0724,0006,8A8B,0AB2C817,5.3,1212.5,1212.5,0:17:27,43:43:49,-,-,0,-,,,,,04,3,00000000,00,10,,
2025-10-16 00:56:56,2025-10-16 00:56:56,2025-10-16 00:54:49,2025-10-16 00:54:49,867488067662790,16916,GTERI,0x19FE3FBF,0x00028102,802003,0x8303,0x0115,100,12502,0000,-,00,00,11,5,5,-,01,01,0.0,0.0,262,262,668,668,-28.239443,-28.239443,-52.398928,-52.398928,0724,0006,8A8B,0AB2C817,5.3,1212.5,1212.5,0:17:27,43:43:49,-,-,0,-,,,,,04,3,00000000,00,10,,
2025-10-15 23:56:56,2025-10-15 23:56:56,2025-10-15 23:54:36,2025-10-15 23:54:36,867488067662790,16915,GTERI,0x19FE3FBF,0x00028102,802003,0x8303,0x0115,100,12465,0000,-,00,00,11,6,6,-,01,01,0.0,0.0,262,262,668,668,-28.239443,-28.239443,-52.398928,-52.398928,0724,0006,8A8B,0AB2C817,5.3,1212.5,1212.5,0:17:27,43:43:49,-,-,0,-,,,,,04,3,00000000,00,10,,
2025-10-15 22:56:56,2025-10-15 22:56:56,2025-10-15 22:54:55,2025-10-15 22:54:55,867488067662790,16914,GTERI,0x19FE3FBF,0x00028102,802003,0x8303,0x0115,100,12550,0000,-,00,00,11,8,8,-,01,01,0.0,0.0,262,262,668,668,-28.239443,-28.239443,-52.398928,-52.398928,0724,0006,8A8B,0AB2C817,5.3,1212.5,1212.5,0:17:27,43:43:49,-,-,0,-,,,,,04,3,00000000,00,10,,
2025-10-15 21:56:56,2025-10-15 21:56:56,2025-10-15 21:55:07,2025-10-15 21:55:07,867488067662790,16913,GTERI,0x19FE3FBF,0x00028102,802003,0x8303,0x0115,100,12581,0000,-,00,00,11,5,5,-,01,01,0.0,0.0,262,262,668,668,-28.239443,-28.239443,-52.398928,-52.398928,0724,0006,8A8B,0AB2C817,5.3,1212.5,1212.5,0:17:27,43:43:49,-,-,0,-,,,,,04,3,00000000,00,10,,
2025-10-15 20:56:56,2025-10-15 20:56:56,2025-10-15 20:54:38,2025-10-15 20:54:38,867488067662790,16912,GTERI,0x19FE3FBF,0x00028102,802003,0x8303,0x0115,100,12582,0000,-,00,00,11,6,6,-,01,01,0.0,0.0,262,262,668,668,-28.239443,-28.239443,-52.398928,-52.398928,0724,0006,8A8B,0AB2C817,5.3,1212.5,1212.5,0:17:27,43:43:49,-,-,0,-,,,,,04,3,00000000,00,10,,
2025-10-15 19:56:56,2025-10-15 19:56:56,2025-10-15 19:54:32,2025-10-15 19:54:32,867488067662790,16911,GTERI,0x19FE3FBF,0x00028102,802003,0x8303,0x0115,100,12533,0000,-,00,00,11,8,8,-,01,01,0.0,0.0,262,262,668,668,-28.239443,-28.239443,-52.398928,-52.398928,0724,0006,8A8B,0AB2C803,5.3,1212.5,1212.5,0:17:27,43:43:49,-,-,0,-,,,,,04,7,00000000,00,10,,
2025-10-15 18:56:56,2025-10-15 18:56:56,2025-10-15 18:54:50,2025-10-15 18:54:50,867488067662790,16910,GTERI,0x19FE3FBF,0x00028102,802003,0x8303,0x0115,100,12625,0000,-,00,00,11,9,9,-,01,01,0.0,0.0,262,262,668,668,-28.239443,-28.239443,-52.398928,-52.398928,0724,0006,8A8B,0AB2C834,5.3,1212.5,1212.5,0:17:27,43:43:49,-,-,0,-,,,,,04,28,00000000,00,10,,
2025-10-15 17:56:56,2025-10-15 17:56:56,2025-10-15 17:54:59,2025-10-15 17:54:59,867488067662790,16909,GTERI,0x19FE3FBF,0x00028102,802003,0x8303,0x0115,100,12655,0000,-,00,00,11,4,4,-,01,01,0.0,0.0,262,262,668,668,-28.239443,-28.239443,-52.398928,-52.398928,0724,0006,8A8B,0AB2C817,5.3,1212.5,1212.5,0:17:27,43:43:49,-,-,0,-,,,,,04,3,00000000,00,10,,
2025-10-15 16:56:56,2025-10-15 16:56:56,2025-10-15 16:54:33,2025-10-15 16:54:33,867488067662790,16908,GTERI,0x19FE3FBF,0x00028102,802003,0x8303,0x0115,100,12656,0000,-,00,00,11,12,12,-,01,01,0.0,0.0,262,262,668,668,-28.239443,-28.239443,-52.398928,-52.398928,0724,0006,8A8B,0AB2C817,5.3,1212.5,1212.5,0:17:27,43:43:49,-,-,0,-,,,,,04,3,00000000,00,10,,
2025-10-15 15:56:56,2025-10-15 15:56:56,2025-10-15 15:54:30,2025-10-15 15:54:30,867488067662790,16907,GTERI,0x19FE3FBF,0x00028102,802003,0x8303,0x0115,100,12671,0000,-,00,00,11,12,12,-,01,01,0.0,0.0,262,262,668,668,-28.239443,-28.239443,-52.398928,-52.398928,0724,0006,8A8B,0AB2C835,5.3,1212.5,1212.5,0:17:27,43:43:49,-,-,0,-,,,,,04,28,00000000,00,10,,
2025-10-15 14:57:01,2025-10-15 14:57:02,2025-10-15 14:57:01,2025-10-15 14:57:01,867488067662790,16906,GTERI,0x19FE3FBF,0x00028102,802003,0x8303,0x0115,100,12647,0000,-,00,00,11,12,12,-,01,01,0.0,0.0,262,262,668,668,-28.239443,-28.239443,-52.398928,-52.398928,0724,0006,8A8B,0AB2C817,5.3,1212.5,1212.5,0:17:27,43:43:49,-,-,0,-,,,,,04,3,00000000,00,10,,
2025-10-15 14:56:38,,,,867488067662790,16905,HBD
2025-10-15 14:55:38,2025-10-15 14:55:38,2025-10-15 14:55:36,2025-10-15 14:55:36,867488067662790,16904,GTERI,0x19FE3FBF,0x00028102,802003,0x8303,0x0115,100,12674,0000,-,00,00,11,12,12,-,01,01,0.0,0.0,262,262,668,668,-28.239443,-28.239443,-52.398928,-52.398928,0724,0006,8A8B,0AB2C817,5.3,1212.5,1212.5,0:17:27,43:43:49,-,-,0,-,,,,,04,3,00000000,00,10,,
2025-10-15 14:54:38,,,,867488067662790,16903,HBD
2025-10-15 14:52:38,2025-10-15 14:52:38,2025-10-15 14:52:37,2025-10-15 14:52:37,867488067662790,16902,GTERI,0x19FE3FBF,0x00028102,802003,0x8303,0x0115,100,12687,0000,-,00,00,11,12,12,-,01,01,0.0,0.0,262,262,668,668,-28.239443,-28.239443,-52.398928,-52.398928,0724,0006,8A8B,0AB2C803,5.3,1212.5,1212.5,0:17:27,43:43:49,-,-,0,-,,,,,04,7,00000000,00,10,,
2025-10-15 14:52:37,,,,867488067662790,16901,HBD
2025-10-15 14:52:29,2025-10-15 14:52:29,2025-10-15 14:52:28,2025-10-15 14:52:28,867488067662790,16900,GTSTT,0x19FE7FBF,,802003,0x8303,0x0115,100,12637,0000,0000,00,00,11,12,12,-,01,01,0.0,0.0,262,262,668,668,-28.239443,-28.239443,-52.398928,-52.398928,0724,0006,8A8B,0AB2C803,5.3,1212.5,1212.5,0:17:27,43:43:49,-,-,0,-
2025-10-15 14:52:04,,,,867488067662790,16899,ACK
2025-10-15 14:52:04,,,,867488067662790,16898,ACK
2025-10-15 14:52:01,2025-10-15 14:52:02,2025-10-15 14:52:01,2025-10-15 14:52:01,867488067662790,16897,GTIGL,0x19FE7FBF,,802003,0x8303,0x0115,100,12698,0000,0000,00,00,12,12,12,-,01,01,0.0,0.0,262,262,668,668,-28.239443,-28.239443,-52.398928,-52.398928,0724,0006,8A8B,0AB2C817,5.3,1212.5,1212.5,0:17:27,43:43:49,-,-,0,-,,,,,,,,,01
2025-10-15 14:52:01,2025-10-15 14:52:01,2025-10-15 14:52:00,2025-10-15 14:52:00,867488067662790,16896,GTSTT,0x19FE7FBF,,802003,0x8303,0x0115,100,12698,0000,0000,00,00,12,12,12,-,01,01,0.0,0.0,262,262,668,668,-28.239443,-28.239443,-52.398928,-52.398928,0724,0006,8A8B,0AB2C817,5.3,1212.5,1212.5,0:17:27,43:43:49,-,-,0,-
2025-10-15 14:52:00,2025-10-15 14:52:01,2025-10-15 14:52:00,2025-10-15 14:52:00,867488067662790,16895,GTIGF,0x19FE7FBF,,802003,0x8303,0x0115,100,12698,0000,0000,00,00,12,12,12,1048,01,01,0.0,0.0,262,262,668,668,-28.239443,-28.239443,-52.398928,-52.398928,0724,0006,8A8B,0AB2C817,5.3,1212.5,1212.5,0:17:27,43:43:49,-,-,0,-
2025-10-15 14:50:37,,,,867488067662790,16894,HBD
2025-10-15 14:49:38,2025-10-15 14:49:38,2025-10-15 14:49:36,2025-10-15 14:46:38,867488067662790,16893,GTERI,0x19FE3FBF,0x00028102,802003,0x8303,0x0115,100,12919,0000,-,01,00,22,12,12,-,01,01,0.0,28.6,262,269,687,679,-28.241431,-28.240488,-52.401335,-52.399777,0724,0006,8A8B,0AB72134,4.9,1212.1,1211.8,0:15:03,43:41:25,-,-,0,-,,,,,04,28,00000000,00,10,,
2025-10-15 14:48:36,,,,867488067662790,16892,HBD
2025-10-15 14:46:38,2025-10-15 14:46:38,2025-10-15 14:46:36,2025-10-15 14:44:34,867488067662790,16891,GTERI,0x19FE3FBF,0x00028102,802003,0x8303,0x0115,100,13288,0000,-,01,00,22,12,12,-,01,01,29.2,48.5,262,263,679,675,-28.240477,-28.235161,-52.399614,-52.39745,0724,0006,8A8B,0AB2C817,4.6,1211.8,1211.0,0:12:03,43:38:25,-,-,0,-,,,,,04,3,00000000,00,10,,
2025-10-15 14:46:36,,,,867488067662790,16890,HBD
2025-10-15 14:44:35,,,,867488067662790,16889,HBD
2025-10-15 14:43:38,2025-10-15 14:43:38,2025-10-15 14:43:36,2025-10-15 14:43:17,867488067662790,16888,GTERI,0x19FE3FBF,0x00028102,802003,0x8303,0x0115,100,13222,0000,-,01,00,22,12,12,-,01,01,46.2,51.3,349,324,692,691,-28.237275,-28.239288,-52.393164,-52.392391,0724,0006,8A8B,0AB2C816,3.2,1210.3,1210.1,0:09:03,43:35:25,-,-,0,-,,,,,04,3,00000000,00,10,,
2025-10-15 14:42:35,,,,867488067662790,16887,HBD
2025-10-15 14:40:38,2025-10-15 14:40:38,2025-10-15 14:40:36,2025-10-15 14:38:31,867488067662790,16886,GTERI,0x19FE3FBF,0x00028102,802003,0x8303,0x0115,100,13073,0000,-,01,00,22,12,12,-,01,01,0.0,64.7,211,49,678,662,-28.248294,-28.25462,-52.389054,-52.393296,0724,0006,8A8B,0F5E3717,1.7,1208.8,1207.9,0:06:03,43:32:25,-,-,0,-,,,,,04,3,00000000,00,10,,
2025-10-15 14:40:34,,,,867488067662790,16885,HBD
2025-10-15 14:38:35,,,,867488067662790,16884,ACK
2025-10-15 14:38:35,,,,867488067662790,16883,ACK
2025-10-15 14:38:35,,,,867488067662790,16882,ACK
2025-10-15 14:38:34,,,,867488067662790,16881,HBD
2025-10-15 14:37:38,2025-10-15 14:37:38,2025-10-15 14:37:36,2025-10-15 14:37:12,867488067662790,16880,GTERI,0x19FE3FBF,0x00028102,802003,0x8303,0x0115,100,13003,0000,-,01,00,22,12,12,-,01,01,0.0,48.7,211,319,662,664,-28.256681,-28.257184,-52.394002,-52.39352,0724,0006,8A8B,0F5E2835,0.4,1207.6,1207.5,0:03:03,43:29:25,-,-,0,-,,,,,04,28,00000000,00,10,,
2025-10-15 14:36:33,,,,867488067662790,16879,HBD
2025-10-15 14:34:43,2025-10-15 14:34:43,2025-10-15 14:34:43,2025-10-15 14:34:43,867488067662790,16878,GTIGL,0x19FE7FBF,,802003,0x8303,0x0115,100,12722,0000,0000,01,00,22,12,12,-,01,01,0.0,0.0,211,211,675,675,-28.259781,-28.259781,-52.391109,-52.391109,0724,0006,8A8B,0F5E3415,0.0,1207.2,1207.2,0:00:09,43:26:31,-,-,0,-,,,,,,,,,00
2025-10-15 14:34:43,2025-10-15 14:34:43,2025-10-15 14:34:43,2025-10-15 14:34:43,867488067662790,16877,GTERI,0x19FE3FBF,0x00028102,802003,0x8303,0x0115,100,12722,0000,-,01,00,22,12,12,-,01,01,0.0,0.0,211,211,675,675,-28.259781,-28.259781,-52.391109,-52.391109,0724,0006,8A8B,0F5E3415,0.0,1207.2,1207.2,0:00:09,43:26:31,-,-,0,-,,,,,04,3,00000000,00,10,,
2025-10-15 14:34:33,2025-10-15 14:34:33,2025-10-15 14:31:57,2025-10-15 14:31:57,867488067662790,16876,GTSTT,0x19FE7FBF,,802003,0x8303,0x0115,100,12545,0000,0000,01,00,22,12,12,-,00,00,0.0,0.0,211,211,656,656,-28.259808,-28.259808,-52.391238,-52.391238,0724,0006,8A8B,0F5E2835,0.0,1207.2,1207.2,0:00:00,43:26:22,-,-,0,-
2025-10-15 14:34:32,2025-10-15 14:34:33,2025-10-15 14:31:57,2025-10-15 14:26:45,867488067662790,16875,GTIGN,0x19FE7FBF,,802003,0x8303,0x0115,100,12545,0000,0000,01,00,22,12,12,457,00,01,0.0,10.0,211,232,656,655,-28.259808,-28.259777,-52.391238,-52.391184,0724,0006,8A8B,0F5E2835,0.0,1207.2,1207.2,0:00:00,43:26:22,-,-,0,-
2025-10-15 14:34:32,,,,867488067662790,16874,HBD
2025-10-15 14:31:57,2025-10-15 14:31:57,2025-10-15 14:31:57,2025-10-15 14:31:57,867488067662790,16873,GTERI,0x19FE3FBF,0x00028102,802003,0x8303,0x0115,100,12501,0000,-,00,00,11,12,12,-,01,01,0.0,0.0,211,211,656,656,-28.259808,-28.259808,-52.391238,-52.391238,0724,0006,8A8B,0F5E3415,4.5,1207.2,1207.2,0:09:18,43:26:22,-,-,0,-,,,,,04,3,00000000,00,10,,
2025-10-15 14:31:57,,,,867488067662790,16872,HBD
2025-10-15 14:29:44,2025-10-15 14:29:44,2025-10-15 14:29:42,2025-10-15 14:29:42,867488067662790,16871,GTERI,0x19FE3FBF,0x00028102,802003,0x8303,0x0115,100,12578,0000,-,00,00,1A,12,12,-,01,01,0.0,0.0,211,211,656,656,-28.259808,-28.259808,-52.391238,-52.391238,0724,0006,8A8B,0F5E3415,4.5,1207.2,1207.2,0:09:18,43:26:22,-,-,0,-,,,,,04,3,00000000,00,10,,
2025-10-15 14:29:44,,,,867488067662790,16870,HBD
2025-10-15 14:28:32,,,,867488067662790,16869,HBD
2025-10-15 14:27:12,2025-10-15 14:27:12,2025-10-15 14:27:11,2025-10-15 14:27:11,867488067662790,16868,GTSTT,0x19FE7FBF,,802003,0x8303,0x0115,100,12694,0000,0000,00,00,11,12,12,-,01,01,0.0,0.0,211,211,656,656,-28.259808,-28.259808,-52.391238,-52.391238,0724,0006,8A8B,0F5E3415,4.5,1207.2,1207.2,0:09:18,43:26:22,-,-,0,-
2025-10-15 14:26:59,,,,867488067662790,16867,ACK
2025-10-15 14:26:59,,,,867488067662790,16866,ACK
2025-10-15 14:26:57,2025-10-15 14:26:57,2025-10-15 14:26:57,2025-10-15 14:26:57,867488067662790,16865,GTIGL,0x19FE7FBF,,802003,0x8303,0x0115,100,12600,0000,0000,00,00,12,12,12,-,01,01,0.0,0.0,211,211,656,656,-28.259808,-28.259808,-52.391238,-52.391238,0724,0006,8A8B,0F5E3415,4.5,1207.2,1207.2,0:09:18,43:26:22,-,-,0,-,,,,,,,,,01
2025-10-15 14:26:56,2025-10-15 14:26:56,2025-10-15 14:26:56,2025-10-15 14:26:56,867488067662790,16864,GTSTT,0x19FE7FBF,,802003,0x8303,0x0115,100,12600,0000,0000,00,00,12,12,12,-,01,01,0.0,0.0,211,211,656,656,-28.259808,-28.259808,-52.391238,-52.391238,0724,0006,8A8B,0F5E3415,4.5,1207.2,1207.2,0:09:18,43:26:22,-,-,0,-
2025-10-15 14:26:56,2025-10-15 14:26:56,2025-10-15 14:26:56,2025-10-15 14:26:56,867488067662790,16863,GTIGF,0x19FE7FBF,,802003,0x8303,0x0115,100,12600,0000,0000,00,00,12,12,12,560,01,01,0.0,0.0,211,211,656,656,-28.259808,-28.259808,-52.391238,-52.391238,0724,0006,8A8B,0F5E3415,4.5,1207.2,1207.2,0:09:18,43:26:22,-,-,0,-
2025-10-15 14:26:44,2025-10-15 14:26:44,2025-10-15 14:26:43,2025-10-15 14:23:55,867488067662790,16862,GTERI,0x19FE3FBF,0x00028102,802003,0x8303,0x0115,100,13190,0000,-,01,00,22,12,12,-,01,01,11.0,94.7,211,229,655,658,-28.259747,-28.25045,-52.391143,-52.392049,0724,0006,8A8B,0F5E2835,4.4,1207.2,1205.9,0:09:06,43:26:10,-,-,0,-,,,,,04,28,00000000,00,10,,
2025-10-15 14:26:31,,,,867488067662790,16861,HBD
2025-10-15 14:23:44,2025-10-15 14:23:44,2025-10-15 14:23:42,2025-10-15 14:21:48,867488067662790,16860,GTERI,0x19FE3FBF,0x00028102,802003,0x8303,0x0115,100,13328,0000,-,01,00,22,12,12,-,01,01,36.3,43.8,229,221,665,705,-28.248929,-28.242731,-52.390116,-52.390867,0724,0006,8A8B,0F5E3717,2.9,1205.6,1204.7,0:06:06,43:23:10,-,-,0,-,,,,,04,3,00000000,00,10,,
2025-10-15 14:23:44,,,,867488067662790,16859,HBD
2025-10-15 14:21:40,,,,867488067662790,16858,ACK
2025-10-15 14:21:39,,,,867488067662790,16857,ACK
2025-10-15 14:21:39,,,,867488067662790,16856,ACK
2025-10-15 14:21:39,,,,867488067662790,16855,HBD
2025-10-15 14:20:44,2025-10-15 14:20:44,2025-10-15 14:20:42,2025-10-15 14:19:26,867488067662790,16854,GTERI,0x19FE3FBF,0x00028102,802003,0x8303,0x0115,100,13307,0000,-,01,00,22,12,10,-,01,01,48.7,57.0,144,93,690,680,-28.239229,-28.235195,-52.392485,-52.39802,0724,0006,8A8B,0AB2C816,1.5,1204.3,1203.4,0:03:06,43:20:10,-,-,0,-,,,,,04,3,00000000,00,10,,
2025-10-15 14:20:30,,,,867488067662790,16853,HBD
2025-10-15 14:17:48,2025-10-15 14:17:48,2025-10-15 14:17:48,2025-10-15 14:17:48,867488067662790,16852,GTIGL,0x19FE7FBF,,802003,0x8303,0x0115,100,13192,0000,0000,01,00,22,7,7,-,01,01,0.0,0.0,268,268,695,695,-28.239503,-28.239503,-52.398974,-52.398974,0724,0006,8A8B,0AB2C817,0.0,1202.7,1202.7,0:00:12,43:17:16,-,-,0,-,,,,,,,,,00
2025-10-15 14:17:48,2025-10-15 14:17:48,2025-10-15 14:17:48,2025-10-15 14:17:48,867488067662790,16851,GTERI,0x19FE3FBF,0x00028102,802003,0x8303,0x0115,100,13192,0000,-,01,00,22,7,7,-,01,01,0.0,0.0,268,268,695,695,-28.239503,-28.239503,-52.398974,-52.398974,0724,0006,8A8B,0AB2C817,0.0,1202.7,1202.7,0:00:12,43:17:16,-,-,0,-,,,,,04,3,00000000,00,10,,
2025-10-15 14:17:36,2025-10-15 14:17:36,2025-10-15 13:36:25,2025-10-15 13:36:25,867488067662790,16850,GTSTT,0x19FE7FBF,,802003,0x8303,0x0115,100,12339,0000,0000,01,00,22,8,8,-,00,00,0.0,0.0,268,268,664,664,-28.239475,-28.239475,-52.398883,-52.398883,0724,0006,8A8B,0AB2C817,0.0,1202.7,1202.7,0:00:00,43:17:04,-,-,0,-
2025-10-15 14:17:36,2025-10-15 14:17:36,2025-10-15 13:36:25,2025-10-15 06:32:12,867488067662790,16849,GTIGN,0x19FE7FBF,,802003,0x8303,0x0115,100,12339,0000,0000,01,00,22,8,12,27823,00,01,0.0,48.1,268,168,664,659,-28.239475,-28.237103,-52.398883,-52.399282,0724,0006,8A8B,0AB2C817,0.0,1202.7,1202.5,0:00:00,43:17:04,-,-,0,-
2025-10-15 14:17:36,,,,867488067662790,16848,HBD
2025-10-15 13:47:15,,,,867488067662790,16847,GTINF,,,,,,,,,,,,,,,,,,,,,,,,,,,,,,,,,,,,,,,,,,C1,4200,03
2025-10-15 13:38:50,2025-10-15 13:38:48,2025-10-15 13:36:25,2025-10-15 13:36:25,867488067662790,16846,GTERI,0x19FE3FBF,0x00028102,802003,0x8303,0x0115,100,12498,0000,-,00,00,11,8,8,-,01,01,0.0,0.0,268,268,664,664,-28.239475,-28.239475,-52.398883,-52.398883,0724,0006,8A8B,0AB2C817,8.6,1202.7,1202.7,0:23:29,43:17:04,-,-,0,-,,,,,04,3,00000000,00,10,,
2025-10-15 12:38:48,2025-10-15 12:38:48,2025-10-15 12:36:50,2025-10-15 12:36:50,867488067662790,16845,GTERI,0x19FE3FBF,0x00028102,802003,0x8303,0x0115,100,12554,0000,-,00,00,11,8,8,-,01,01,0.0,0.0,268,268,664,664,-28.239475,-28.239475,-52.398883,-52.398883,0724,0006,8A8B,0AB2C817,8.6,1202.7,1202.7,0:23:29,43:17:04,-,-,0,-,,,,,04,3,00000000,00,10,,
2025-10-15 11:38:48,2025-10-15 11:38:48,2025-10-15 11:36:23,2025-10-15 11:36:23,867488067662790,16844,GTERI,0x19FE3FBF,0x00028102,802003,0x8303,0x0115,100,12495,0000,-,00,00,11,11,11,-,01,01,0.0,0.0,268,268,664,664,-28.239475,-28.239475,-52.398883,-52.398883,0724,0006,8A8B,0AB2C817,8.6,1202.7,1202.7,0:23:29,43:17:04,-,-,0,-,,,,,04,3,00000000,00,10,,
2025-10-15 10:38:48,2025-10-15 10:38:48,2025-10-15 10:36:25,2025-10-15 10:36:25,867488067662790,16843,GTERI,0x19FE3FBF,0x00028102,802003,0x8303,0x0115,100,12546,0000,-,00,00,11,12,12,-,01,01,0.0,0.0,268,268,664,664,-28.239475,-28.239475,-52.398883,-52.398883,0724,0006,8A8B,0AB2C817,8.6,1202.7,1202.7,0:23:29,43:17:04,-,-,0,-,,,,,04,3,00000000,00,10,,
2025-10-15 09:38:48,2025-10-15 09:38:48,2025-10-15 09:36:53,2025-10-15 09:36:53,867488067662790,16842,GTERI,0x19FE3FBF,0x00028102,802003,0x8303,0x0115,100,12508,0000,-,00,00,11,12,12,-,01,01,0.0,0.0,268,268,664,664,-28.239475,-28.239475,-52.398883,-52.398883,0724,0006,8A8B,0F5E2E03,8.6,1202.7,1202.7,0:23:29,43:17:04,-,-,0,-,,,,,04,7,00000000,00,10,,
2025-10-15 08:38:48,2025-10-15 08:38:48,2025-10-15 08:36:24,2025-10-15 08:36:24,867488067662790,16841,GTERI,0x19FE3FBF,0x00028102,802003,0x8303,0x0115,100,12555,0000,-,00,00,11,12,12,-,01,01,0.0,0.0,268,268,664,664,-28.239475,-28.239475,-52.398883,-52.398883,0724,0006,8A8B,0AB2C817,8.6,1202.7,1202.7,0:23:29,43:17:04,-,-,0,-,,,,,04,3,00000000,00,10,,
2025-10-15 07:38:48,2025-10-15 07:38:48,2025-10-15 07:36:29,2025-10-15 07:36:29,867488067662790,16840,GTERI,0x19FE3FBF,0x00028102,802003,0x8303,0x0115,100,12577,0000,-,00,00,11,12,12,-,01,01,0.0,0.0,268,268,664,664,-28.239475,-28.239475,-52.398883,-52.398883,0724,0006,8A8B,0AB2C835,8.6,1202.7,1202.7,0:23:29,43:17:04,-,-,0,-,,,,,04,28,00000000,00,10,,
2025-10-15 06:38:52,2025-10-15 06:38:53,2025-10-15 06:38:52,2025-10-15 06:38:52,867488067662790,16839,GTERI,0x19FE3FBF,0x00028102,802003,0x8303,0x0115,95,12574,0000,-,00,00,11,12,12,-,01,01,0.0,0.0,268,268,664,664,-28.239475,-28.239475,-52.398883,-52.398883,0724,0006,8A8B,0AB2C817,8.6,1202.7,1202.7,0:23:29,43:17:04,-,-,0,-,,,,,04,3,00000000,00,10,,
2025-10-15 06:38:52,,,,867488067662790,16838,HBD
2025-10-15 06:37:34,2025-10-15 06:37:34,2025-10-15 06:37:32,2025-10-15 06:37:32,867488067662790,16837,GTERI,0x19FE3FBF,0x00028102,802003,0x8303,0x0115,91,12549,0000,-,00,00,11,12,12,-,01,01,0.0,0.0,268,268,664,664,-28.239475,-28.239475,-52.398883,-52.398883,0724,0006,8A8B,0AB2C817,8.6,1202.7,1202.7,0:23:29,43:17:04,-,-,0,-,,,,,04,3,00000000,00,10,,
2025-10-15 06:37:23,,,,867488067662790,16836,HBD
2025-10-15 06:34:35,2025-10-15 06:34:35,2025-10-15 06:34:34,2025-10-15 06:34:34,867488067662790,16835,GTSTT,0x19FE7FBF,,802003,0x8303,0x0115,82,12495,0000,0000,00,00,11,12,12,-,01,01,0.0,0.0,268,268,664,664,-28.239475,-28.239475,-52.398883,-52.398883,0724,0006,8A8B,0AB2C817,8.6,1202.7,1202.7,0:23:29,43:17:04,-,-,0,-
2025-10-15 06:34:34,2025-10-15 06:34:34,2025-10-15 06:34:32,2025-10-15 06:34:32,867488067662790,16834,GTERI,0x19FE3FBF,0x00028102,802003,0x8303,0x0115,82,12495,0000,-,00,00,12,12,12,-,01,01,0.0,0.0,268,268,664,664,-28.239475,-28.239475,-52.398883,-52.398883,0724,0006,8A8B,0AB2C817,8.6,1202.7,1202.7,0:23:29,43:17:04,-,-,0,-,,,,,04,3,00000000,00,10,,
2025-10-15 06:34:34,,,,867488067662790,16833,HBD
2025-10-15 06:33:57,,,,867488067662790,16832,ACK
2025-10-15 06:33:57,,,,867488067662790,16831,ACK
2025-10-15 06:33:53,2025-10-15 06:33:53,2025-10-15 06:33:52,2025-10-15 06:33:52,867488067662790,16830,GTIGL,0x19FE7FBF,,802003,0x8303,0x0115,100,12323,0000,0000,00,00,12,12,12,-,01,01,0.0,0.0,268,268,664,664,-28.239475,-28.239475,-52.398883,-52.398883,0724,0006,8A8B,0AB2C817,8.6,1202.7,1202.7,0:23:29,43:17:04,-,-,0,-,,,,,,,,,01
2025-10-15 06:33:52,2025-10-15 06:33:53,2025-10-15 06:33:51,2025-10-15 06:33:51,867488067662790,16829,GTSTT,0x19FE7FBF,,802003,0x8303,0x0115,100,12323,0000,0000,00,00,12,12,12,-,01,01,0.0,0.0,268,268,664,664,-28.239475,-28.239475,-52.398883,-52.398883,0724,0006,8A8B,0AB2C817,8.6,1202.7,1202.7,0:23:29,43:17:04,-,-,0,-
2025-10-15 06:33:52,2025-10-15 06:33:53,2025-10-15 06:33:51,2025-10-15 06:33:51,867488067662790,16828,GTIGF,0x19FE7FBF,,802003,0x8303,0x0115,100,12323,0000,0000,00,00,12,12,12,1407,01,01,0.0,0.0,268,268,664,664,-28.239475,-28.239475,-52.398883,-52.398883,0724,0006,8A8B,0AB2C817,8.6,1202.7,1202.7,0:23:29,43:17:04,-,-,0,-
2025-10-15 06:33:23,,,,867488067662790,16827,HBD
2025-10-15 06:31:34,2025-10-15 06:31:34,2025-10-15 06:31:32,2025-10-15 06:31:23,867488067662790,16826,GTERI,0x19FE3FBF,0x00028102,802003,0x8303,0x0115,95,12964,0000,-,01,00,22,12,12,-,01,01,25.3,41.4,268,268,658,663,-28.23515,-28.235145,-52.398597,-52.397742,0724,0006,8A8B,0AB2C817,8.1,1202.2,1202.1,0:21:11,43:14:46,-,-,0,-,,,,,04,3,00000000,00,10,,
2025-10-15 06:31:22,,,,867488067662790,16825,HBD
2025-10-15 06:28:34,2025-10-15 06:28:34,2025-10-15 06:28:31,2025-10-15 06:26:07,867488067662790,16824,GTERI,0x19FE3FBF,0x00028102,802003,0x8303,0x0115,100,13026,0000,-,01,00,22,12,12,-,01,01,27.4,63.2,320,228,703,670,-28.243151,-28.248724,-52.389746,-52.38521,0724,0006,8A8B,0F5E3717,6.6,1200.7,1199.7,0:18:11,43:11:46,-,-,0,-,,,,,04,3,00000000,00,10,,
2025-10-15 06:28:34,,,,867488067662790,16823,HBD
2025-10-15 06:27:21,,,,867488067662790,16822,HBD
2025-10-15 06:25:34,2025-10-15 06:25:34,2025-10-15 06:25:32,2025-10-15 06:23:43,867488067662790,16821,GTERI,0x19FE3FBF,0x00028102,802003,0x8303,0x0115,100,13050,0000,-,01,00,22,12,12,-,01,01,35.8,73.3,316,48,687,651,-28.25013,-28.255464,-52.383072,-52.382267,0724,0006,8A8B,0F5E3702,5.3,1199.4,1198.7,0:15:11,43:08:46,-,-,0,-,,,,,04,7,00000000,00,10,,
2025-10-15 06:25:21,,,,867488067662790,16820,HBD
2025-10-15 06:22:34,2025-10-15 06:22:34,2025-10-15 06:22:32,2025-10-15 06:22:30,867488067662790,16819,GTERI,0x19FE3FBF,0x00028102,802003,0x8303,0x0115,100,13187,0000,-,01,00,22,12,12,-,01,01,39.8,57.0,210,210,648,648,-28.254798,-28.254588,-52.384614,-52.384472,0724,0006,8A8B,0F5E2816,4.1,1198.3,1198.2,0:12:11,43:05:46,-,-,0,-,,,,,04,3,00000000,00,10,,
2025-10-15 06:22:34,,,,867488067662790,16818,HBD
2025-10-15 06:21:20,,,,867488067662790,16817,HBD
2025-10-15 06:19:34,2025-10-15 06:19:34,2025-10-15 06:19:32,2025-10-15 06:18:27,867488067662790,16816,GTERI,0x19FE3FBF,0x00028102,802003,0x8303,0x0115,100,13215,0000,-,01,00,22,12,12,-,01,01,42.5,58.9,116,142,648,682,-28.254839,-28.250855,-52.384999,-52.389537,0724,0006,8A8B,0F5E2816,3.8,1197.9,1197.3,0:09:11,43:02:46,-,-,0,-,,,,,04,3,00000000,00,10,,
2025-10-15 06:19:19,,,,867488067662790,16815,HBD
2025-10-15 06:16:34,2025-10-15 06:16:34,2025-10-15 06:16:32,2025-10-15 06:14:12,867488067662790,16814,GTERI,0x19FE3FBF,0x00028102,802003,0x8303,0x0115,100,13354,0000,-,01,00,22,12,12,-,01,01,22.7,61.0,139,144,663,681,-28.248518,-28.239421,-52.390001,-52.392278,0724,0006,8A8B,0F5E3717,2.8,1196.9,1195.7,0:06:11,42:59:46,-,-,0,-,,,,,04,3,00000000,00,10,,
2025-10-15 06:16:34,,,,867488067662790,16813,HBD
2025-10-15 06:14:25,,,,867488067662790,16812,HBD
2025-10-15 06:14:25,,,,867488067662790,16811,ACK
2025-10-15 06:14:24,,,,867488067662790,16810,ACK
2025-10-15 06:14:24,,,,867488067662790,16809,ACK
2025-10-15 06:13:48,2025-10-15 06:13:34,2025-10-15 06:13:32,2025-10-15 06:13:31,867488067662790,16808,GTERI,0x19FE3FBF,0x00028102,802003,0x8303,0x0115,64,13297,0000,-,01,00,22,12,12,-,01,01,32.5,37.9,138,137,671,672,-28.235217,-28.235155,-52.393831,-52.393897,0724,0006,8A8B,0AB2C816,1.0,1195.2,1195.1,0:03:11,42:56:46,-,-,0,-,,,,,04,3,00000000,00,10,,
2025-10-15 06:13:47,2025-10-15 06:13:31,2025-10-15 06:13:30,2025-10-15 06:13:29,867488067662790,16807,GTSTC,0x19FE7FBF,,802003,0x8303,0x0115,64,13460,0000,0000,01,00,22,12,12,-,01,01,38.0,38.2,137,139,672,672,-28.235085,-28.235014,-52.39397,-52.394042,0724,0006,8A8B,0AB2C815,1.0,1195.1,1195.1,0:03:08,42:56:43,-,-,0,-
2025-10-15 06:13:47,2025-10-15 06:13:28,2025-10-15 06:13:27,2025-10-15 06:13:10,867488067662790,16806,GTBTC,0x19FE7FBF,,802003,0x8303,0x0115,64,13460,0000,0000,01,00,22,12,12,-,01,01,35.9,42.9,134,79,672,675,-28.234876,-28.234897,-52.394186,-52.395737,0724,0006,8A8B,0AB2C815,1.0,1195.1,1195.0,0:03:05,42:56:40,-,-,0,-
2025-10-15 06:13:27,2025-10-15 06:13:28,2025-10-15 06:13:27,2025-10-15 06:13:10,867488067662790,16806,GTBTC,0x19FE7FBF,,802003,0x8303,0x0115,64,13460,0000,0000,01,00,22,12,12,-,01,01,35.9,42.9,134,79,672,675,-28.234876,-28.234897,-52.394186,-52.395737,0724,0006,8A8B,0AB2C815,1.0,1195.1,1195.0,0:03:05,42:56:40,-,-,0,-
2025-10-15 06:13:18,,,,867488067662790,16805,HBD
2025-10-15 06:11:05,2025-10-15 06:11:04,2025-10-15 06:11:05,2025-10-15 06:11:05,867488067662790,16804,GTIGL,0x19FE7FBF,,802003,0x8303,0x0115,75,13505,0000,0000,01,00,22,6,6,-,02,02,0.0,0.0,137,137,661,661,-28.239346,-28.239346,-52.398984,-52.398984,0724,0006,8A8B,0AB2C803,0.0,1194.1,1194.1,0:00:39,42:54:14,-,-,0,-,,,,,,,,,00
2025-10-15 06:11:05,2025-10-15 06:11:04,2025-10-15 06:11:05,2025-10-15 06:11:05,867488067662790,16803,GTERI,0x19FE3FBF,0x00028102,802003,0x8303,0x0115,75,13505,0000,-,01,00,22,6,6,-,02,02,0.0,0.0,137,137,661,661,-28.239346,-28.239346,-52.398984,-52.398984,0724,0006,8A8B,0AB2C803,0.0,1194.1,1194.1,0:00:39,42:54:14,-,-,0,-,,,,,04,7,00000000,00,10,,
2025-10-15 06:10:25,2025-10-15 06:10:23,2025-10-15 05:22:27,2025-10-15 05:22:27,867488067662790,16802,GTSTT,0x19FE7FBF,,802003,0x8303,0x0115,100,12344,0000,0000,01,00,22,5,5,-,00,00,0.0,0.0,137,137,667,667,-28.239385,-28.239385,-52.398903,-52.398903,0724,0006,8A8B,0AB2C803,0.0,1194.1,1194.1,0:00:00,42:53:35,-,-,0,-
2025-10-15 06:10:24,2025-10-15 06:10:23,2025-10-15 05:22:27,2025-10-14 16:18:52,867488067662790,16801,GTIGN,0x19FE7FBF,,802003,0x8303,0x0115,100,12344,0000,0000,01,00,22,5,12,49833,00,01,0.0,36.7,137,353,667,676,-28.239385,-28.240115,-52.398903,-52.398641,0724,0006,8A8B,0AB2C803,0.0,1194.1,1194.0,0:00:00,42:53:35,-,-,0,-
2025-10-15 06:10:24,,,,867488067662790,16800,HBD
2025-10-15 05:24:48,2025-10-15 05:24:46,2025-10-15 05:22:27,2025-10-15 05:22:27,867488067662790,16799,GTERI,0x19FE3FBF,0x00028102,802003,0x8303,0x0115,100,12490,0000,-,00,00,11,5,5,-,01,01,0.0,0.0,137,137,667,667,-28.239385,-28.239385,-52.398903,-52.398903,0724,0006,8A8B,0AB2C803,0.3,1194.1,1194.1,0:01:33,42:53:35,-,-,0,-,,,,,04,7,00000000,00,10,,
2025-10-15 04:24:48,2025-10-15 04:24:46,2025-10-15 04:22:25,2025-10-15 04:22:25,867488067662790,16798,GTERI,0x19FE3FBF,0x00028102,802003,0x8303,0x0115,100,12495,0000,-,00,00,11,7,7,-,01,01,0.0,0.0,137,137,667,667,-28.239385,-28.239385,-52.398903,-52.398903,0724,0006,8A8B,0AB2C816,0.3,1194.1,1194.1,0:01:33,42:53:35,-,-,0,-,,,,,04,3,00000000,00,10,,
2025-10-15 03:24:48,2025-10-15 03:24:46,2025-10-15 03:22:49,2025-10-15 03:22:49,867488067662790,16797,GTERI,0x19FE3FBF,0x00028102,802003,0x8303,0x0115,100,12424,0000,-,00,00,11,9,9,-,01,01,0.0,0.0,137,137,667,667,-28.239385,-28.239385,-52.398903,-52.398903,0724,0006,8A8B,0AB2C816,0.3,1194.1,1194.1,0:01:33,42:53:35,-,-,0,-,,,,,04,3,00000000,00,10,,
2025-10-15 02:24:48,2025-10-15 02:24:46,2025-10-15 02:22:25,2025-10-15 02:22:25,867488067662790,16796,GTERI,0x19FE3FBF,0x00028102,802003,0x8303,0x0115,100,12467,0000,-,00,00,11,6,6,-,01,01,0.0,0.0,137,137,667,667,-28.239385,-28.239385,-52.398903,-52.398903,0724,0006,8A8B,0AB2C816,0.3,1194.1,1194.1,0:01:33,42:53:35,-,-,0,-,,,,,04,3,00000000,00,10,,
2025-10-15 01:24:48,2025-10-15 01:24:46,2025-10-15 01:22:53,2025-10-15 01:22:53,867488067662790,16795,GTERI,0x19FE3FBF,0x00028102,802003,0x8303,0x0115,100,12490,0000,-,00,00,11,7,7,-,01,01,0.0,0.0,137,137,667,667,-28.239385,-28.239385,-52.398903,-52.398903,0724,0006,8A8B,0AB2C816,0.3,1194.1,1194.1,0:01:33,42:53:35,-,-,0,-,,,,,04,3,00000000,00,10,,
2025-10-15 00:24:48,2025-10-15 00:24:46,2025-10-15 00:22:30,2025-10-15 00:22:30,867488067662790,16794,GTERI,0x19FE3FBF,0x00028102,802003,0x8303,0x0115,100,12532,0000,-,00,00,11,6,6,-,01,01,0.0,0.0,137,137,667,667,-28.239385,-28.239385,-52.398903,-52.398903,0724,0006,8A8B,0AB2C816,0.3,1194.1,1194.1,0:01:33,42:53:35,-,-,0,-,,,,,04,3,00000000,00,10,,
