Data/Hora Inclusão,Data/Hora Evento,GNSS UTC Time,MS GNSS UTC Time,IMEI,Sequência,Tipo Mensagem,Máscara Report,Máscara ERI,Tipo Dispositivo,Versão Protocolo,Versão Firmware,Bateria Interna,Alimentação Externa,Analog Input Mode,Analog Input1 Voltage,Digital Input Status,Digital Output Status,Motion Status,Satélites,MS Satellite Number,Duração da Ignição,Precisão GNSS,MS GNSS Accuracy,Velocidade,Max Speed,Azimuth,MS Azimuth,Altitude,MS Altitude,Latitude,MS Latitude,Longitude,MS Longitude,MCC,MNC,LAC,Cell ID,Hodômetro Atual,Hodômetro Total,MS Mileage,Horímetro Atual,Horímetro Total,Motivo Power Off,Motivo Power On,ID,ID Report Type,Comando Customizado,Battery Status,Backup Battery Voltage,Network Type,RAT,Band,IGN Trigger Data,GNSS Trigger Type,Position Report Type,GNSS Signal Status,
2025-10-20 09:55:35,2025-10-20 09:55:34,2025-10-20 07:50:21,2025-10-20 07:50:21,867488068342780,26536,GTERI,0x19FE3FBF,0x00028102,802003,0x8303,0x0115,100,12986,0000,-,00,00,11,4,4,-,00,00,33.0,33.0,34,34,541,541,-23.328556,-23.328556,-51.176662,-51.176662,0724,0006,C4A7,07A71434,17.7,761.2,761.2,0:47:27,90:19:25,-,-,0,-,,,,,04,28,00000000,00,10,,
2025-10-20 08:55:35,2025-10-20 08:55:34,2025-10-20 07:50:21,2025-10-20 07:50:21,867488068342780,26535,GTERI,0x19FE3FBF,0x00028102,802003,0x8303,0x0115,100,13024,0000,-,00,00,11,4,4,-,00,00,33.0,33.0,34,34,541,541,-23.328556,-23.328556,-51.176662,-51.176662,0724,0006,C4A7,07A71434,17.7,761.2,761.2,0:47:27,90:19:25,-,-,0,-,,,,,04,28,00000000,00,10,,
2025-10-20 08:23:27,,,,867488068342780,26534,GTINF,,,,,,,,,,,,,,,,,,,,,,,,,,,,,,,,,,,,,,,,,,C1,4172,03
2025-10-20 07:55:41,2025-10-20 07:55:40,2025-10-20 07:50:21,2025-10-20 07:50:21,867488068342780,26533,GTERI,0x19FE3FBF,0x00028102,802003,0x8303,0x0115,100,13090,0000,-,00,00,11,4,4,-,00,00,33.0,33.0,34,34,541,541,-23.328556,-23.328556,-51.176662,-51.176662,0724,0006,C4A7,07A71434,17.7,761.2,761.2,0:47:27,90:19:25,-,-,0,-,,,,,04,28,00000000,00,10,,
2025-10-20 07:55:24,2025-10-20 07:55:23,2025-10-20 07:50:21,2025-10-20 07:50:21,867488068342780,26532,GTGSS,0x19FE7FBF,,802003,0x8303,0x0115,100,13040,0000,0000,00,00,11,0,0,-,00,00,33.0,33.0,34,34,541,541,-23.328556,-23.328556,-51.176662,-51.176662,0724,0006,C4A7,07A71434,17.7,761.2,761.2,0:47:27,90:19:25,-,-,0,-,-,,,,,,,,,00
2025-10-20 07:55:13,,,,867488068342780,26531,HBD
2025-10-20 07:54:17,2025-10-20 07:54:16,2025-10-20 07:50:05,2025-10-20 07:50:05,867488068342780,26530,GTERI,0x19FE3FBF,0x00028102,802003,0x8303,0x0115,100,13099,0000,-,00,00,11,12,12,-,00,00,11.9,11.9,30,30,551,551,-23.329501,-23.329501,-51.177508,-51.177508,0724,0006,C4A7,07A71434,17.7,761.2,761.2,0:47:27,90:19:25,-,-,0,-,,,,,04,28,00000000,00,10,,
2025-10-20 07:53:12,,,,867488068342780,26529,HBD
2025-10-20 07:51:17,2025-10-20 07:51:16,2025-10-20 07:50:05,2025-10-20 07:50:05,867488068342780,26528,GTERI,0x19FE3FBF,0x00028102,802003,0x8303,0x0115,100,12937,0000,-,00,00,11,12,12,-,00,00,11.9,11.9,30,30,551,551,-23.329501,-23.329501,-51.177508,-51.177508,0724,0006,C4A7,07A71434,17.7,761.2,761.2,0:47:27,90:19:25,-,-,0,-,,,,,04,28,00000000,00,10,,
2025-10-20 07:51:12,,,,867488068342780,26527,HBD
2025-10-20 07:51:01,2025-10-20 07:51:00,2025-10-20 07:50:21,2025-10-20 07:50:21,867488068342780,26526,GTSTT,0x19FE7FBF,,802003,0x8303,0x0115,100,12886,0000,0000,00,00,11,4,4,-,00,00,33.0,33.0,34,34,541,541,-23.328556,-23.328556,-51.176662,-51.176662,0724,0006,C4A7,07A71434,17.7,761.2,761.2,0:47:27,90:19:25,-,-,0,-
2025-10-20 07:50:44,,,,867488068342780,26525,ACK
2025-10-20 07:50:44,,,,867488068342780,26524,ACK
2025-10-20 07:50:41,2025-10-20 07:50:40,2025-10-20 07:50:05,2025-10-20 07:50:05,867488068342780,26523,GTIGL,0x19FE7FBF,,802003,0x8303,0x0115,100,12979,0000,0000,00,00,12,12,12,-,00,00,11.9,11.9,30,30,551,551,-23.329501,-23.329501,-51.177508,-51.177508,0724,0006,C4A7,07A71434,17.7,761.2,761.2,0:47:27,90:19:25,-,-,0,-,,,,,,,,,01
2025-10-20 07:50:40,2025-10-20 07:50:39,2025-10-20 07:50:21,2025-10-20 07:50:21,867488068342780,26522,GTSTT,0x19FE7FBF,,802003,0x8303,0x0115,100,12979,0000,0000,00,00,12,4,4,-,00,00,33.0,33.0,34,34,541,541,-23.328556,-23.328556,-51.176662,-51.176662,0724,0006,C4A7,07A71434,17.7,761.2,761.2,0:47:27,90:19:25,-,-,0,-
2025-10-20 07:50:40,2025-10-20 07:50:39,2025-10-20 07:50:21,2025-10-20 07:50:21,867488068342780,26521,GTIGF,0x19FE7FBF,,802003,0x8303,0x0115,100,12979,0000,0000,00,00,12,4,4,2848,00,00,33.0,33.0,34,34,541,541,-23.328556,-23.328556,-51.176662,-51.176662,0724,0006,C4A7,07A71434,17.7,761.2,761.2,0:47:27,90:19:25,-,-,0,-
2025-10-20 07:50:18,,,,26520,GTHBE
2025-10-20 07:50:05,2025-10-20 07:50:04,2025-10-20 07:50:05,2025-10-20 07:50:05,867488068342780,26519,GTERI,0x19FE3FBF,0x00028102,802003,0x8303,0x0115,100,13850,0000,-,01,00,22,12,12,-,01,01,11.9,11.9,30,30,551,551,-23.329501,-23.329501,-51.177508,-51.177508,0724,0006,C4A7,07A71402,17.6,761.1,761.1,0:46:51,90:18:49,-,-,0,-,,,,,04,7,00000000,00,11,,
2025-10-20 07:50:03,2025-10-20 07:50:02,2025-10-20 07:50:03,2025-10-20 07:50:03,867488068342780,26518,GTERI,0x19FE3FBF,0x00028102,802003,0x8303,0x0115,100,13850,0000,-,01,00,22,12,12,-,01,01,11.8,11.8,325,325,552,552,-23.329542,-23.329542,-51.177558,-51.177558,0724,0006,C4A7,07A71402,17.6,761.1,761.1,0:46:51,90:18:49,-,-,0,-,,,,,04,7,00000000,00,11,,
2025-10-20 07:49:53,2025-10-20 07:49:52,2025-10-20 07:49:53,2025-10-20 07:49:52,867488068342780,26517,GTERI,0x19FE3FBF,0x00028102,802003,0x8303,0x0115,100,13621,0000,-,01,00,22,12,12,-,01,01,10.2,12.1,250,199,555,555,-23.329636,-23.329627,-51.177583,-51.177569,0724,0006,C4A7,07A71402,17.5,761.1,761.1,0:46:39,90:18:37,-,-,0,-,,,,,04,7,00000000,00,11,,
2025-10-20 07:49:48,2025-10-20 07:49:47,2025-10-20 07:49:48,2025-10-20 07:48:44,867488068342780,26516,GTERI,0x19FE3FBF,0x00028102,802003,0x8303,0x0115,100,13782,0000,-,01,00,22,12,12,-,01,01,8.3,35.7,200,180,559,540,-23.329551,-23.326716,-51.177508,-51.17735,0724,0006,C4A7,07A71402,17.5,761.1,760.7,0:46:36,90:18:34,-,-,0,-,,,,,04,7,00000000,00,11,,
2025-10-20 07:49:48,,,,867488068342780,26515,HBD
2025-10-20 07:48:36,2025-10-20 07:48:35,2025-10-20 07:48:36,2025-10-20 07:48:36,867488068342780,26514,GTERI,0x19FE3FBF,0x00028102,802003,0x8303,0x0115,100,13826,0000,-,01,00,22,12,12,-,01,01,24.9,24.9,151,151,535,535,-23.326124,-23.326124,-51.177421,-51.177421,0724,0006,C4A7,07A7140B,17.2,760.7,760.7,0:45:24,90:17:22,-,-,0,-,,,,,04,1,00000000,00,11,,
2025-10-20 07:48:31,2025-10-20 07:48:30,2025-10-20 07:48:31,2025-10-20 07:48:27,867488068342780,26513,GTERI,0x19FE3FBF,0x00028102,802003,0x8303,0x0115,100,13762,0000,-,01,00,22,12,12,-,01,01,16.3,21.0,201,253,535,535,-23.3259,-23.325772,-51.17745,-51.177306,0724,0006,C4A7,07A7140B,17.1,760.7,760.6,0:45:18,90:17:16,-,-,0,-,,,,,04,1,00000000,00,11,,
2025-10-20 07:48:25,2025-10-20 07:48:24,2025-10-20 07:48:25,2025-10-20 07:48:17,867488068342780,26512,GTERI,0x19FE3FBF,0x00028102,802003,0x8303,0x0115,100,13791,0000,-,01,00,22,12,12,-,01,01,18.4,28.8,254,208,535,535,-23.325747,-23.325399,-51.177202,-51.176896,0724,0006,C4A7,07A7140B,17.1,760.6,760.6,0:45:12,90:17:10,-,-,0,-,,,,,04,1,00000000,00,11,,
2025-10-20 07:48:17,2025-10-20 07:48:16,2025-10-20 07:48:15,2025-10-20 07:48:14,867488068342780,26511,GTERI,0x19FE3FBF,0x00028102,802003,0x8303,0x0115,100,13846,0000,-,01,00,22,12,12,-,01,01,29.7,29.8,203,191,535,535,-23.325268,-23.325198,-51.176821,-51.176793,0724,0006,C4A7,07A7140B,17.1,760.6,760.6,0:45:03,90:17:01,-,-,0,-,,,,,04,1,00000000,00,10,,
2025-10-20 07:48:10,2025-10-20 07:48:09,2025-10-20 07:48:10,2025-10-20 07:48:10,867488068342780,26510,GTERI,0x19FE3FBF,0x00028102,802003,0x8303,0x0115,100,13846,0000,-,01,00,22,12,12,-,01,01,26.9,26.9,160,160,535,535,-23.32492,-23.32492,-51.176828,-51.176828,0724,0006,C4A7,07A7140B,17.0,760.5,760.5,0:44:57,90:16:55,-,-,0,-,,,,,04,1,00000000,00,11,,
2025-10-20 07:48:09,,,,26509,GTHBE
2025-10-20 07:47:33,2025-10-20 07:47:32,2025-10-20 07:47:33,2025-10-20 07:47:32,867488068342780,26508,GTERI,0x19FE3FBF,0x00028102,802003,0x8303,0x0115,100,13778,0000,-,01,00,22,12,12,-,01,01,13.7,18.0,209,204,542,542,-23.324301,-23.324268,-51.176243,-51.176224,0724,0006,C4A7,07A7140B,16.9,760.4,760.4,0:44:21,90:16:19,-,-,0,-,,,,,04,1,00000000,00,11,,
2025-10-20 07:47:32,,,,26507,GTHBE
2025-10-20 07:47:32,,,,867488068342780,26506,HBD
2025-10-20 07:46:23,,,,26505,GTHBE
2025-10-20 07:46:12,,,,867488068342780,26504,ACK
2025-10-20 07:46:11,2025-10-20 07:46:10,2025-10-20 07:46:11,2025-10-20 07:46:07,867488068342780,26503,GTSPD,0x19FE7FBF,,802003,0x8303,0x0115,100,13792,0000,0000,01,00,22,12,12,-,01,01,40.9,47.5,173,173,575,577,-23.320351,-23.319908,-51.17661,-51.17667,0724,0006,C4A7,07A55316,16.5,760.0,759.9,0:42:57,90:14:55,-,-,0,-,,,,,,,,,01
2025-10-20 07:46:02,,,,867488068342780,26502,ACK
2025-10-20 07:45:59,2025-10-20 07:45:58,2025-10-20 07:45:59,2025-10-20 07:45:59,867488068342780,26501,GTSPD,0x19FE7FBF,,802003,0x8303,0x0115,100,13845,0000,0000,01,00,22,12,12,-,01,01,47.0,47.0,172,172,583,583,-23.318967,-23.318967,-51.176795,-51.176795,0724,0006,C4A7,07A71503,16.3,759.8,759.8,0:42:45,90:14:43,-,-,0,-,,,,,,,,,00
2025-10-20 07:45:36,,,,867488068342780,26500,ACK
2025-10-20 07:45:35,2025-10-20 07:45:34,2025-10-20 07:45:35,2025-10-20 07:45:27,867488068342780,26499,GTSPD,0x19FE7FBF,,802003,0x8303,0x0115,100,13759,0000,0000,01,00,22,12,12,-,01,01,35.2,56.0,172,173,587,588,-23.316826,-23.315833,-51.177047,-51.177179,0724,0006,C4A7,07A55302,16.1,759.6,759.5,0:42:21,90:14:19,-,-,0,-,,,,,,,,,01
2025-10-20 07:45:27,,,,867488068342780,26498,ACK
2025-10-20 07:45:24,2025-10-20 07:45:23,2025-10-20 07:45:24,2025-10-20 07:45:24,867488068342780,26497,GTSPD,0x19FE7FBF,,802003,0x8303,0x0115,100,13824,0000,0000,01,00,22,12,12,-,01,01,50.4,50.4,173,173,588,588,-23.315428,-23.315428,-51.177228,-51.177228,0724,0006,C4A7,07A55302,15.9,759.4,759.4,0:42:12,90:14:10,-,-,0,-,,,,,,,,,00
2025-10-20 07:45:20,2025-10-20 07:45:16,2025-10-20 07:45:16,2025-10-20 07:45:16,867488068342780,26496,GTERI,0x19FE3FBF,0x00028102,802003,0x8303,0x0115,100,13736,0000,-,01,00,22,12,12,-,01,01,35.7,35.7,160,160,590,590,-23.314721,-23.314721,-51.177611,-51.177611,0724,0006,C4A7,07A55302,15.8,759.3,759.3,0:42:03,90:14:01,-,-,0,-,,,,,04,7,00000000,00,10,,
2025-10-20 07:45:14,2025-10-20 07:45:13,2025-10-20 07:45:14,2025-10-20 07:45:13,867488068342780,26495,GTERI,0x19FE3FBF,0x00028102,802003,0x8303,0x0115,100,13859,0000,-,01,00,22,12,12,-,01,01,34.5,34.8,194,211,590,590,-23.314547,-23.314466,-51.177626,-51.177595,0724,0006,C4A7,07A55302,15.8,759.3,759.3,0:42:00,90:13:58,-,-,0,-,,,,,04,7,00000000,00,11,,
2025-10-20 07:45:12,,,,867488068342780,26494,HBD
2025-10-20 07:45:12,,,,26493,GTHBE
2025-10-20 07:45:12,2025-10-20 07:45:10,2025-10-20 07:45:11,2025-10-20 07:45:11,867488068342780,26492,GTERI,0x19FE3FBF,0x00028102,802003,0x8303,0x0115,100,13798,0000,-,01,00,22,12,12,-,01,01,32.5,32.5,247,247,590,590,-23.314353,-23.314353,-51.177463,-51.177463,0724,0006,C4A7,07A55302,15.8,759.3,759.3,0:41:57,90:13:55,-,-,0,-,,,,,04,7,00000000,00,11,,
2025-10-20 07:44:03,2025-10-20 07:44:02,2025-10-20 07:44:03,2025-10-20 07:44:03,867488068342780,26491,GTERI,0x19FE3FBF,0x00028102,802003,0x8303,0x0115,100,13704,0000,-,01,00,22,12,12,-,01,01,24.2,24.2,298,298,583,583,-23.314853,-23.314853,-51.176216,-51.176216,0724,0006,C4A7,07A71503,15.7,759.2,759.2,0:40:51,90:12:49,-,-,0,-,,,,,04,7,00000000,00,11,,
2025-10-20 07:44:02,2025-10-20 07:43:59,2025-10-20 07:44:00,2025-10-20 07:43:51,867488068342780,26490,GTERI,0x19FE3FBF,0x00028102,802003,0x8303,0x0115,100,13812,0000,-,01,00,22,12,12,-,01,01,17.5,40.9,250,170,582,584,-23.314887,-23.31431,-51.17605,-51.175971,0724,0006,C4A7,07A71503,15.7,759.2,759.1,0:40:48,90:12:46,-,-,0,-,,,,,04,7,00000000,00,11,,
2025-10-20 07:43:44,2025-10-20 07:43:43,2025-10-20 07:43:44,2025-10-20 07:43:24,867488068342780,26489,GTERI,0x19FE3FBF,0x00028102,802003,0x8303,0x0115,100,13762,0000,-,01,00,22,12,12,-,01,01,19.1,31.4,192,261,587,578,-23.313725,-23.313491,-51.176043,-51.174996,0724,0006,C4A7,07B11102,15.5,759.0,758.9,0:40:30,90:12:28,-,-,0,-,,,,,04,7,00000000,00,11,,
2025-10-20 07:43:23,2025-10-20 07:43:20,2025-10-20 07:43:21,2025-10-20 07:43:21,867488068342780,26488,GTERI,0x19FE3FBF,0x00028102,802003,0x8303,0x0115,100,13730,0000,-,01,00,22,12,12,-,01,01,27.1,27.1,254,254,576,576,-23.313456,-23.313456,-51.17476,-51.17476,0724,0006,C4A7,07B11102,15.4,758.9,758.9,0:40:09,90:12:07,-,-,0,-,,,,,04,7,00000000,00,11,,
2025-10-20 07:43:22,2025-10-20 07:43:18,2025-10-20 07:43:19,2025-10-20 07:43:04,867488068342780,26487,GTERI,0x19FE3FBF,0x00028102,802003,0x8303,0x0115,100,13730,0000,-,01,00,22,12,12,-,01,01,25.3,45.0,204,185,575,572,-23.313385,-23.31216,-51.174645,-51.174503,0724,0006,C4A7,07B11102,15.4,758.9,758.7,0:40:06,90:12:04,-,-,0,-,,,,,04,7,00000000,00,11,,
2025-10-20 07:43:22,,,,867488068342780,26486,HBD
2025-10-20 07:42:30,2025-10-20 07:42:29,2025-10-20 07:42:30,2025-10-20 07:42:18,867488068342780,26485,GTERI,0x19FE3FBF,0x00028102,802003,0x8303,0x0115,100,13662,0000,-,01,00,22,12,12,-,01,01,19.5,36.1,156,93,575,580,-23.309283,-23.309188,-51.174236,-51.174989,0724,0006,C4A7,07B1110C,14.9,758.4,758.3,0:39:18,90:11:16,-,-,0,-,,,,,04,1,00000000,00,11,,
2025-10-20 07:42:17,2025-10-20 07:42:16,2025-10-20 07:42:16,2025-10-20 07:42:17,867488068342780,26484,GTERI,0x19FE3FBF,0x00028102,802003,0x8303,0x0115,100,13703,0000,-,01,00,22,12,12,-,01,01,30.7,33.6,96,93,581,581,-23.309173,-23.309181,-51.175174,-51.175085,0724,0006,C4A7,07B1110C,14.8,758.3,758.3,0:39:03,90:11:01,-,-,0,-,,,,,04,1,00000000,00,10,,
2025-10-20 07:42:13,2025-10-20 07:42:12,2025-10-20 07:42:13,2025-10-20 07:41:31,867488068342780,26483,GTERI,0x19FE3FBF,0x00028102,802003,0x8303,0x0115,100,13675,0000,-,01,00,22,12,12,-,01,01,17.9,42.1,113,171,583,586,-23.309136,-23.308519,-51.175371,-51.17552,0724,0006,C4A7,07B1110C,14.8,758.3,758.3,0:39:00,90:10:58,-,-,0,-,,,,,04,1,00000000,00,11,,
2025-10-20 07:42:10,,,,867488068342780,26482,HBD
2025-10-20 07:40:19,,,,867488068342780,26481,ACK
2025-10-20 07:40:16,2025-10-20 07:40:15,2025-10-20 07:40:16,2025-10-20 07:40:04,867488068342780,26480,GTSPD,0x19FE7FBF,,802003,0x8303,0x0115,100,13773,0000,0000,01,01,22,12,12,-,01,01,37.7,60.8,173,180,593,596,-23.305878,-23.304196,-51.175966,-51.176035,0724,0006,C4A7,07B1110B,14.5,758.0,757.8,0:37:03,90:09:01,-,-,0,-,,,,,,,,,01
2025-10-20 07:40:09,,,,867488068342780,26479,ACK
2025-10-20 07:39:59,,,,867488068342780,26478,ACK
2025-10-20 07:39:55,2025-10-20 07:39:54,2025-10-20 07:39:55,2025-10-20 07:39:55,867488068342780,26477,GTSPD,0x19FE7FBF,,802003,0x8303,0x0115,100,13816,0000,0000,01,00,22,12,12,-,01,01,50.1,50.1,182,182,602,602,-23.30291,-23.30291,-51.17602,-51.17602,0724,0006,C4A7,07B1110B,14.1,757.6,757.6,0:36:42,90:08:40,-,-,0,-,,,,,,,,,00
2025-10-20 07:39:45,2025-10-20 07:39:44,2025-10-20 07:39:45,2025-10-20 07:39:45,867488068342780,26476,GTERI,0x19FE3FBF,0x00028102,802003,0x8303,0x0115,100,13680,0000,-,01,00,22,12,12,-,01,01,21.7,21.7,182,182,600,600,-23.301966,-23.301966,-51.175966,-51.175966,0724,0006,C4A7,07A54201,14.0,757.5,757.5,0:36:33,90:08:31,-,-,0,-,,,,,04,7,00000000,00,11,,
2025-10-20 07:39:43,,,,26475,GTHBE
2025-10-20 07:39:17,2025-10-20 07:39:16,2025-10-20 07:39:15,2025-10-20 07:39:14,867488068342780,26474,GTERI,0x19FE3FBF,0x00028102,802003,0x8303,0x0115,100,13636,0000,-,01,00,22,12,12,-,01,01,0.1,5.5,133,98,604,604,-23.301604,-23.301603,-51.177417,-51.17742,0724,0006,C4A7,07A54201,13.9,757.4,757.4,0:36:03,90:08:01,-,-,0,-,,,,,04,7,00000000,00,10,,
2025-10-20 07:39:14,,,,26473,GTHBE
2025-10-20 07:39:13,,,,867488068342780,26472,HBD
2025-10-20 07:38:57,2025-10-20 07:38:56,2025-10-20 07:38:57,2025-10-20 07:38:57,867488068342780,26471,GTERI,0x19FE3FBF,0x00028102,802003,0x8303,0x0115,100,13769,0000,-,01,00,22,12,12,-,01,01,23.9,23.9,133,133,608,608,-23.301322,-23.301322,-51.179026,-51.179026,0724,0006,C4A7,07A5F501,13.7,757.2,757.2,0:35:45,90:07:43,-,-,0,-,,,,,04,7,00000000,00,11,,
2025-10-20 07:38:55,,,,26470,GTHBE
2025-10-20 07:38:54,2025-10-20 07:38:53,2025-10-20 07:38:54,2025-10-20 07:36:31,867488068342780,26469,GTERI,0x19FE3FBF,0x00028102,802003,0x8303,0x0115,100,13769,0000,-,01,00,22,12,12,-,01,01,18.0,43.6,189,263,608,601,-23.301156,-23.300232,-51.179087,-51.174684,0724,0006,C4A7,07A5F501,13.7,757.2,756.7,0:35:42,90:07:40,-,-,0,-,,,,,04,7,00000000,00,11,,
2025-10-20 07:38:09,,,,867488068342780,26468,HBD
2025-10-20 07:36:21,2025-10-20 07:36:20,2025-10-20 07:36:21,2025-10-20 07:36:21,867488068342780,26467,GTERI,0x19FE3FBF,0x00028102,802003,0x8303,0x0115,100,13756,0000,-,01,00,22,12,12,-,01,01,28.9,28.9,237,237,596,596,-23.300097,-23.300097,-51.173654,-51.173654,0724,0006,C4A7,07A54201,13.1,756.6,756.6,0:33:09,90:05:07,-,-,0,-,,,,,04,7,00000000,00,11,,
2025-10-20 07:36:21,,,,26466,GTHBE
2025-10-20 07:36:17,2025-10-20 07:36:16,2025-10-20 07:36:16,2025-10-20 07:36:14,867488068342780,26465,GTERI,0x19FE3FBF,0x00028102,802003,0x8303,0x0115,100,13692,0000,-,01,00,22,12,12,-,01,01,25.5,28.4,178,170,593,592,-23.299769,-23.29964,-51.173564,-51.17357,0724,0006,C4A7,07A54201,13.1,756.6,756.6,0:33:03,90:05:01,-,-,0,-,,,,,04,7,00000000,00,10,,
2025-10-20 07:36:09,2025-10-20 07:36:08,2025-10-20 07:36:09,2025-10-20 07:36:08,867488068342780,26464,GTERI,0x19FE3FBF,0x00028102,802003,0x8303,0x0115,100,13864,0000,-,01,00,22,12,12,-,01,01,25.6,28.1,171,184,591,591,-23.299342,-23.299276,-51.173703,-51.173706,0724,0006,C4A7,07A54201,13.0,756.5,756.5,0:32:57,90:04:55,-,-,0,-,,,,,04,7,00000000,00,11,,
2025-10-20 07:36:02,,,,26463,GTHBE
2025-10-20 07:36:02,,,,867488068342780,26462,HBD
2025-10-20 07:34:39,,,,867488068342780,26461,ACK
2025-10-20 07:34:35,2025-10-20 07:34:34,2025-10-20 07:34:35,2025-10-20 07:34:30,867488068342780,26460,GTSPD,0x19FE7FBF,,802003,0x8303,0x0115,100,13865,0000,0000,01,00,22,12,12,-,01,01,42.3,46.0,181,181,561,557,-23.295115,-23.294555,-51.173377,-51.173355,0724,0006,C4A7,07A7550C,12.6,756.1,756.0,0:31:21,90:03:19,-,-,0,-,,,,,,,,,01
2025-10-20 07:34:29,2025-10-20 07:34:28,2025-10-20 07:34:29,2025-10-20 07:34:29,867488068342780,26459,GTSPD,0x19FE7FBF,,802003,0x8303,0x0115,100,13948,0000,0000,01,00,22,12,12,-,01,01,45.8,45.8,182,182,557,557,-23.29444,-23.29444,-51.173351,-51.173351,0724,0006,C4A7,07A7550C,12.5,756.0,756.0,0:31:15,90:03:13,-,-,0,-,,,,,,,,,00
2025-10-20 07:34:29,,,,867488068342780,26458,ACK
2025-10-20 07:33:55,2025-10-20 07:33:54,2025-10-20 07:33:55,2025-10-20 07:33:55,867488068342780,26457,GTERI,0x19FE3FBF,0x00028102,802003,0x8303,0x0115,100,13898,0000,-,01,00,22,12,12,-,01,01,19.9,19.9,216,216,543,543,-23.292292,-23.292292,-51.173248,-51.173248,0724,0006,C4A7,07A5BE0C,12.2,755.8,755.8,0:30:42,90:02:40,-,-,0,-,,,,,04,1,00000000,00,11,,
2025-10-20 07:33:53,,,,26456,GTHBE
2025-10-20 07:33:17,2025-10-20 07:33:16,2025-10-20 07:33:16,2025-10-20 07:32:27,867488068342780,26455,GTERI,0x19FE3FBF,0x00028102,802003,0x8303,0x0115,100,13729,0000,-,01,00,22,12,12,-,01,01,0.0,39.2,270,284,542,546,-23.292232,-23.292371,-51.173012,-51.172531,0724,0006,C4A7,07A5BE0C,12.2,755.7,755.7,0:30:03,90:02:01,-,-,0,-,,,,,04,1,00000000,00,10,,
2025-10-20 07:33:17,,,,867488068342780,26454,HBD
2025-10-20 07:32:27,,,,867488068342780,26453,ACK
2025-10-20 07:32:26,2025-10-20 07:32:25,2025-10-20 07:32:26,2025-10-20 07:32:15,867488068342780,26452,GTSPD,0x19FE7FBF,,802003,0x8303,0x0115,100,13802,0000,0000,01,01,22,12,12,-,01,01,41.4,56.5,282,275,547,556,-23.292396,-23.292629,-51.172427,-51.170919,0724,0006,C4A7,07A5BE0C,12.2,755.7,755.5,0:29:12,90:01:10,-,-,0,-,,,,,,,,,01
2025-10-20 07:32:17,,,,867488068342780,26451,ACK
2025-10-20 07:32:08,2025-10-20 07:32:07,2025-10-20 07:32:08,2025-10-20 07:32:08,867488068342780,26450,GTSPD,0x19FE7FBF,,802003,0x8303,0x0115,100,13867,0000,0000,01,00,22,12,12,-,01,01,46.2,46.2,271,271,556,556,-23.292669,-23.292669,-51.169943,-51.169943,0724,0006,C4A7,07A7550C,11.9,755.4,755.4,0:28:54,90:00:52,-,-,0,-,,,,,,,,,00
2025-10-20 07:32:07,,,,867488068342780,26449,ACK
2025-10-20 07:31:22,,,,867488068342780,26448,ACK
2025-10-20 07:31:21,2025-10-20 07:31:20,2025-10-20 07:31:21,2025-10-20 07:31:13,867488068342780,26447,GTSPD,0x19FE7FBF,,802003,0x8303,0x0115,100,13918,0000,0000,01,01,22,12,12,-,01,01,43.6,53.5,272,270,542,539,-23.292726,-23.292765,-51.164821,-51.163761,0724,0006,C4A7,07A7430D,11.4,754.9,754.8,0:28:09,90:00:07,-,-,0,-,,,,,,,,,01
2025-10-20 07:31:17,,,,867488068342780,26446,ACK
2025-10-20 07:31:17,,,,867488068342780,26445,HBD
2025-10-20 07:31:07,,,,867488068342780,26444,ACK
2025-10-20 07:31:06,2025-10-20 07:31:05,2025-10-20 07:31:06,2025-10-20 07:31:06,867488068342780,26443,GTSPD,0x19FE7FBF,,802003,0x8303,0x0115,100,13906,0000,0000,01,00,22,12,12,-,01,01,50.0,50.0,272,272,537,537,-23.292781,-23.292781,-51.162758,-51.162758,0724,0006,C4A7,07A7430D,11.2,754.7,754.7,0:27:54,89:59:52,-,-,0,-,,,,,,,,,00
2025-10-20 07:30:27,,,,867488068342780,26442,ACK
2025-10-20 07:30:24,2025-10-20 07:30:23,2025-10-20 07:30:24,2025-10-20 07:30:18,867488068342780,26441,GTSPD,0x19FE7FBF,,802003,0x8303,0x0115,100,13921,0000,0000,01,01,22,12,12,-,01,01,39.4,62.1,270,270,533,532,-23.292842,-23.292846,-51.159767,-51.158975,0724,0006,C4A7,07A7430D,10.9,754.4,754.3,0:27:12,89:59:10,-,-,0,-,,,,,,,,,01
2025-10-20 07:30:17,2025-10-20 07:30:16,2025-10-20 07:30:16,2025-10-20 07:30:15,867488068342780,26440,GTERI,0x19FE3FBF,0x00028102,802003,0x8303,0x0115,100,13921,0000,-,01,01,22,12,12,-,01,01,66.6,68.2,270,270,531,531,-23.292848,-23.292849,-51.158623,-51.158441,0724,0006,C4A7,07A7430D,10.8,754.3,754.3,0:27:03,89:59:01,-,-,0,-,,,,,04,1,00000000,00,10,,
2025-10-20 07:30:07,,,,867488068342780,26439,ACK
2025-10-20 07:29:57,,,,867488068342780,26438,ACK
2025-10-20 07:29:55,2025-10-20 07:29:54,2025-10-20 07:29:55,2025-10-20 07:29:55,867488068342780,26437,GTSPD,0x19FE7FBF,,802003,0x8303,0x0115,100,13932,0000,0000,01,00,22,12,12,-,01,01,47.9,47.9,270,270,526,526,-23.292838,-23.292838,-51.155325,-51.155325,0724,0006,C4A7,07A70735,10.4,754.0,754.0,0:26:42,89:58:40,-,-,0,-,,,,,,,,,00
2025-10-20 07:29:55,,,,867488068342780,26436,HBD
2025-10-20 07:28:02,,,,867488068342780,26435,ACK
2025-10-20 07:27:58,2025-10-20 07:27:57,2025-10-20 07:27:58,2025-10-20 07:27:41,867488068342780,26434,GTSPD,0x19FE7FBF,,802003,0x8303,0x0115,100,14009,0000,0000,01,01,22,12,12,-,01,01,43.9,64.1,270,270,509,513,-23.29287,-23.292892,-51.150859,-51.148319,0724,0006,C4A7,07A70703,10.0,753.5,753.2,0:24:45,89:56:43,-,-,0,-,,,,,,,,,01
2025-10-20 07:27:31,,,,867488068342780,26433,ACK
2025-10-20 07:27:21,,,,867488068342780,26432,ACK
2025-10-20 07:27:18,2025-10-20 07:27:17,2025-10-20 07:27:18,2025-10-20 07:27:18,867488068342780,26431,GTSPD,0x19FE7FBF,,802003,0x8303,0x0115,100,14072,0000,0000,01,00,22,12,12,-,01,01,46.6,46.6,270,270,528,528,-23.292921,-23.292921,-51.144813,-51.144813,0724,0006,C4A7,07A7430B,9.4,752.9,752.9,0:24:06,89:56:04,-,-,0,-,,,,,,,,,00
2025-10-20 07:27:17,2025-10-20 07:27:16,2025-10-20 07:27:16,2025-10-20 07:27:17,867488068342780,26430,GTERI,0x19FE3FBF,0x00028102,802003,0x8303,0x0115,100,14072,0000,-,01,00,22,12,12,-,01,01,43.9,45.1,270,270,528,528,-23.292922,-23.292922,-51.144567,-51.144689,0724,0006,C4A7,07A7430B,9.4,752.9,752.9,0:24:03,89:56:01,-,-,0,-,,,,,04,1,00000000,00,10,,
2025-10-20 07:27:17,,,,867488068342780,26429,HBD
2025-10-20 07:26:07,,,,867488068342780,26428,HBD
2025-10-20 07:24:17,2025-10-20 07:24:16,2025-10-20 07:24:16,2025-10-20 07:24:07,867488068342780,26427,GTERI,0x19FE3FBF,0x00028102,802003,0x8303,0x0115,100,13996,0000,-,01,00,22,12,12,-,01,01,0.0,0.2,229,229,526,526,-23.29289,-23.29289,-51.13909,-51.139089,0724,0006,C4A7,07A54F0D,8.8,752.3,752.3,0:21:03,89:53:01,-,-,0,-,,,,,04,1,00000000,00,10,,
2025-10-20 07:24:06,2025-10-20 07:24:05,2025-10-20 07:24:06,2025-10-20 07:23:40,867488068342780,26426,GTERI,0x19FE3FBF,0x00028102,802003,0x8303,0x0115,100,14119,0000,-,01,00,22,12,12,-,01,01,4.5,36.7,229,181,526,526,-23.292889,-23.291562,-51.139086,-51.138978,0724,0006,C4A7,07A54F0D,8.8,752.3,752.2,0:20:54,89:52:52,-,-,0,-,,,,,04,1,00000000,00,11,,
2025-10-20 07:23:41,,,,867488068342780,26425,ACK
2025-10-20 07:23:39,2025-10-20 07:23:38,2025-10-20 07:23:39,2025-10-20 07:22:53,867488068342780,26424,GTSPD,0x19FE7FBF,,802003,0x8303,0x0115,100,14149,0000,0000,01,01,22,12,12,-,01,01,40.8,72.2,181,180,526,494,-23.291466,-23.284852,-51.138975,-51.138777,0724,0006,C4A7,07A54F0D,8.7,752.2,751.5,0:20:27,89:52:25,-,-,0,-,,,,,,,,,01
2025-10-20 07:23:39,,,,867488068342780,26423,HBD
2025-10-20 07:22:51,,,,867488068342780,26422,ACK
2025-10-20 07:22:41,,,,867488068342780,26421,ACK
2025-10-20 07:22:38,2025-10-20 07:22:37,2025-10-20 07:22:38,2025-10-20 07:22:38,867488068342780,26420,GTSPD,0x19FE7FBF,,802003,0x8303,0x0115,100,14124,0000,0000,01,00,22,12,12,-,01,01,48.5,48.5,181,181,509,509,-23.282439,-23.282439,-51.138731,-51.138731,0724,0006,C4A7,07A54F0B,7.7,751.2,751.2,0:19:24,89:51:22,-,-,0,-,,,,,,,,,00
2025-10-20 07:22:36,,,,867488068342780,26419,ACK
2025-10-20 07:22:33,2025-10-20 07:22:32,2025-10-20 07:22:33,2025-10-20 07:22:23,867488068342780,26418,GTSPD,0x19FE7FBF,,802003,0x8303,0x0115,100,14074,0000,0000,01,01,22,12,12,-,01,01,42.2,50.9,181,182,514,523,-23.281883,-23.28066,-51.138713,-51.138673,0724,0006,C4A7,07A54F0B,7.6,751.1,751.0,0:19:21,89:51:19,-,-,0,-,,,,,,,,,01
2025-10-20 07:22:21,,,,867488068342780,26417,ACK
2025-10-20 07:22:11,,,,867488068342780,26416,ACK
2025-10-20 07:22:11,2025-10-20 07:22:10,2025-10-20 07:22:11,2025-10-20 07:22:11,867488068342780,26415,GTSPD,0x19FE7FBF,,802003,0x8303,0x0115,100,14113,0000,0000,01,00,22,12,12,-,01,01,48.8,48.8,181,181,532,532,-23.27914,-23.27914,-51.13862,-51.13862,0724,0006,C4A7,07A54F0B,7.3,750.8,750.8,0:18:57,89:50:55,-,-,0,-,,,,,,,,,00
2025-10-20 07:22:10,2025-10-20 07:22:09,2025-10-20 07:22:10,2025-10-20 07:22:10,867488068342780,26414,GTERI,0x19FE3FBF,0x00028102,802003,0x8303,0x0115,100,14113,0000,-,01,00,22,12,12,-,01,01,46.0,46.0,180,180,532,532,-23.27902,-23.27902,-51.138617,-51.138617,0724,0006,C4A7,07A54F0B,7.3,750.8,750.8,0:18:57,89:50:55,-,-,0,-,,,,,04,1,00000000,00,11,,
2025-10-20 07:22:08,,,,26413,GTHBE
2025-10-20 07:22:05,2025-10-20 07:22:04,2025-10-20 07:22:05,2025-10-20 07:21:57,867488068342780,26412,GTERI,0x19FE3FBF,0x00028102,802003,0x8303,0x0115,100,14211,0000,-,01,00,22,12,12,-,01,01,40.4,41.3,131,216,534,534,-23.278563,-23.277855,-51.138853,-51.138981,0724,0006,C4A7,07A54F0B,7.2,750.7,750.6,0:18:51,89:50:49,-,-,0,-,,,,,04,1,00000000,00,11,,
2025-10-20 07:21:51,,,,867488068342780,26411,ACK
2025-10-20 07:21:49,2025-10-20 07:21:48,2025-10-20 07:21:49,2025-10-20 07:21:37,867488068342780,26410,GTSPD,0x19FE7FBF,,802003,0x8303,0x0115,100,14065,0000,0000,01,01,22,12,12,-,01,01,41.0,58.5,180,180,529,515,-23.277194,-23.27561,-51.138615,-51.138581,0724,0006,C4A7,07A54F0B,7.0,750.6,750.4,0:18:36,89:50:34,-,-,0,-,,,,,,,,,01
2025-10-20 07:21:20,,,,867488068342780,26409,ACK
2025-10-20 07:21:17,2025-10-20 07:21:16,2025-10-20 07:21:16,2025-10-20 07:21:13,867488068342780,26408,GTERI,0x19FE3FBF,0x00028102,802003,0x8303,0x0115,100,14179,0000,-,01,00,22,12,12,-,01,01,54.3,54.6,182,183,488,486,-23.272784,-23.272378,-51.138486,-51.138462,0724,0006,C4A7,07A72902,6.6,750.1,750.0,0:18:03,89:50:01,-,-,0,-,,,,,04,7,00000000,00,10,,
2025-10-20 07:21:17,,,,867488068342780,26407,HBD
2025-10-20 07:21:10,,,,867488068342780,26406,ACK
2025-10-20 07:21:09,2025-10-20 07:21:08,2025-10-20 07:21:09,2025-10-20 07:21:09,867488068342780,26405,GTSPD,0x19FE7FBF,,802003,0x8303,0x0115,100,14122,0000,0000,01,00,22,12,12,-,01,01,46.3,46.3,182,182,486,486,-23.27187,-23.27187,-51.138429,-51.138429,0724,0006,C4A7,07A5CCE7,6.5,750.0,750.0,0:17:57,89:49:55,-,-,0,-,,,,,,,,,00
2025-10-20 07:21:00,,,,867488068342780,26404,ACK
2025-10-20 07:20:59,2025-10-20 07:20:58,2025-10-20 07:20:59,2025-10-20 07:20:42,867488068342780,26403,GTSPD,0x19FE7FBF,,802003,0x8303,0x0115,100,14060,0000,0000,01,01,22,12,12,-,01,01,43.0,62.9,181,181,494,515,-23.270776,-23.268386,-51.138384,-51.138308,0724,0006,C4A7,07A5CCE7,6.3,749.8,749.6,0:17:45,89:49:43,-,-,0,-,,,,,,,,,01
2025-10-20 07:20:40,,,,867488068342780,26402,ACK
2025-10-20 07:20:30,,,,867488068342780,26401,ACK
2025-10-20 07:20:27,2025-10-20 07:20:26,2025-10-20 07:20:27,2025-10-20 07:20:27,867488068342780,26400,GTSPD,0x19FE7FBF,,802003,0x8303,0x0115,100,14148,0000,0000,01,00,22,12,12,-,01,01,51.3,51.3,181,181,532,532,-23.266177,-23.266177,-51.138185,-51.138185,0724,0006,C4A7,07A57D02,5.8,749.3,749.3,0:17:15,89:49:13,-,-,0,-,,,,,,,,,00
2025-10-20 07:20:17,2025-10-20 07:20:16,2025-10-20 07:20:17,2025-10-20 07:20:17,867488068342780,26399,GTERI,0x19FE3FBF,0x00028102,802003,0x8303,0x0115,100,13998,0000,-,01,00,22,12,12,-,01,01,10.9,10.9,205,205,540,540,-23.265321,-23.265321,-51.138134,-51.138134,0724,0006,C4A7,07A72902,5.7,749.3,749.3,0:17:03,89:49:01,-,-,0,-,,,,,04,7,00000000,00,11,,
2025-10-20 07:20:09,2025-10-20 07:20:08,2025-10-20 07:20:09,2025-10-20 07:20:05,867488068342780,26398,GTERI,0x19FE3FBF,0x00028102,802003,0x8303,0x0115,100,14077,0000,-,01,00,22,12,12,-,01,01,6.0,12.7,262,296,540,540,-23.265307,-23.265328,-51.138121,-51.138022,0724,0006,C4A7,07A54F01,5.7,749.3,749.2,0:16:57,89:48:55,-,-,0,-,,,,,04,7,00000000,00,11,,
2025-10-20 07:20:01,2025-10-20 07:20:00,2025-10-20 07:20:01,2025-10-20 07:20:01,867488068342780,26397,GTERI,0x19FE3FBF,0x00028102,802003,0x8303,0x0115,100,14088,0000,-,01,00,22,12,12,-,01,01,6.3,6.3,314,314,539,539,-23.265396,-23.265396,-51.137921,-51.137921,0724,0006,C4A7,07A54F01,5.7,749.2,749.2,0:16:48,89:48:46,-,-,0,-,,,,,04,7,00000000,00,11,,
2025-10-20 07:19:51,2025-10-20 07:19:50,2025-10-20 07:19:50,2025-10-20 07:19:50,867488068342780,26396,GTSTT,0x19FE7FBF,,802003,0x8303,0x0115,100,14051,0000,0000,01,00,22,12,12,-,01,01,0.0,0.0,171,171,539,539,-23.265402,-23.265402,-51.137915,-51.137915,0724,0006,C4A7,07A54F01,5.7,749.2,749.2,0:16:39,89:48:37,-,-,0,-
2025-10-20 07:19:45,2025-10-20 07:19:44,2025-10-20 07:19:45,2025-10-20 07:19:14,867488068342780,26395,GTSTT,0x19FE7FBF,,802003,0x8303,0x0115,100,14051,0000,0000,01,00,21,12,12,-,01,01,0.0,6.6,171,144,539,539,-23.265402,-23.265377,-51.137915,-51.137939,0724,0006,C4A7,07A54F01,5.7,749.2,749.2,0:16:33,89:48:31,-,-,0,-
2025-10-20 07:19:45,,,,867488068342780,26394,HBD
2025-10-20 07:19:10,2025-10-20 07:19:09,2025-10-20 07:19:10,2025-10-20 07:19:01,867488068342780,26393,GTERI,0x19FE3FBF,0x00028102,802003,0x8303,0x0115,100,14128,0000,-,01,00,22,12,12,-,01,01,4.4,5.7,171,2,539,539,-23.265328,-23.265335,-51.137979,-51.137982,0724,0006,C4A7,07A72902,5.7,749.2,749.2,0:15:57,89:47:55,-,-,0,-,,,,,04,7,00000000,00,11,,
2025-10-20 07:19:00,2025-10-20 07:18:59,2025-10-20 07:19:00,2025-10-20 07:18:50,867488068342780,26392,GTERI,0x19FE3FBF,0x00028102,802003,0x8303,0x0115,100,14016,0000,-,01,00,22,12,12,-,01,01,3.3,12.9,19,104,539,540,-23.265347,-23.265328,-51.137983,-51.138174,0724,0006,C4A7,07A72902,5.7,749.2,749.2,0:15:48,89:47:46,-,-,0,-,,,,,04,7,00000000,00,11,,
2025-10-20 07:18:17,2025-10-20 07:18:16,2025-10-20 07:18:16,2025-10-20 07:18:00,867488068342780,26391,GTERI,0x19FE3FBF,0x00028102,802003,0x8303,0x0115,100,14332,0000,-,01,00,22,12,12,-,01,01,8.9,40.2,90,90,536,530,-23.26531,-23.265296,-51.138673,-51.13982,0724,0006,C4A7,07A73915,5.7,749.2,749.1,0:15:03,89:47:01,-,-,0,-,,,,,04,3,00000000,00,10,,
2025-10-20 07:17:49,2025-10-20 07:17:48,2025-10-20 07:17:49,2025-10-20 07:17:49,867488068342780,26390,GTERI,0x19FE3FBF,0x00028102,802003,0x8303,0x0115,100,14147,0000,-,01,00,22,12,12,-,01,01,22.1,22.1,95,95,527,527,-23.265295,-23.265295,-51.140902,-51.140902,0724,0006,C4A7,07A57D16,5.4,749.0,749.0,0:14:36,89:46:34,-,-,0,-,,,,,04,3,00000000,00,11,,
2025-10-20 07:17:46,2025-10-20 07:17:45,2025-10-20 07:17:46,2025-10-20 07:17:45,867488068342780,26389,GTERI,0x19FE3FBF,0x00028102,802003,0x8303,0x0115,100,14178,0000,-,01,00,22,12,12,-,01,01,19.7,22.6,42,20,523,522,-23.265298,-23.265334,-51.141057,-51.141093,0724,0006,C4A7,07A57D16,5.4,748.9,748.9,0:14:33,89:46:31,-,-,0,-,,,,,04,3,00000000,00,11,,
2025-10-20 07:17:45,,,,26388,GTHBE
2025-10-20 07:17:45,,,,867488068342780,26387,HBD
2025-10-20 07:17:04,2025-10-20 07:17:03,2025-10-20 07:17:04,2025-10-20 07:17:04,867488068342780,26386,GTERI,0x19FE3FBF,0x00028102,802003,0x8303,0x0115,100,14191,0000,-,01,00,22,12,12,-,01,01,15.7,15.7,339,339,515,515,-23.268553,-23.268553,-51.141064,-51.141064,0724,0006,C4A7,07A7390B,5.1,748.6,748.6,0:13:51,89:45:49,-,-,0,-,,,,,04,1,00000000,00,11,,
2025-10-20 07:17:03,,,,26385,GTHBE
2025-10-20 07:17:01,2025-10-20 07:17:00,2025-10-20 07:17:01,2025-10-20 07:16:51,867488068342780,26384,GTERI,0x19FE3FBF,0x00028102,802003,0x8303,0x0115,100,14078,0000,-,01,00,22,12,12,-,01,01,11.9,28.2,24,90,515,517,-23.268656,-23.268705,-51.141048,-51.14138,0724,0006,C4A7,07A7390B,5.1,748.6,748.5,0:13:48,89:45:46,-,-,0,-,,,,,04,1,00000000,00,11,,
2025-10-20 07:16:38,,,,26383,GTHBE
2025-10-20 07:15:46,2025-10-20 07:15:45,2025-10-20 07:15:46,2025-10-20 07:15:45,867488068342780,26382,GTERI,0x19FE3FBF,0x00028102,802003,0x8303,0x0115,100,14339,0000,-,01,00,22,12,12,-,01,01,32.3,34.0,87,86,511,510,-23.268659,-23.268663,-51.146828,-51.146917,0724,0006,C4A7,07A7290C,4.5,748.0,748.0,0:12:33,89:44:31,-,-,0,-,,,,,04,1,00000000,00,11,,
2025-10-20 07:15:44,,,,867488068342780,26381,ACK
2025-10-20 07:15:44,2025-10-20 07:15:43,2025-10-20 07:15:44,2025-10-20 07:15:39,867488068342780,26380,GTSPD,0x19FE7FBF,,802003,0x8303,0x0115,100,14339,0000,0000,01,00,22,12,12,-,01,01,38.7,49.6,81,55,509,503,-23.268672,-23.268869,-51.147012,-51.14758,0724,0006,C4A7,07A7290C,4.5,748.0,747.9,0:12:30,89:44:28,-,-,0,-,,,,,,,,,01
2025-10-20 07:15:39,,,,867488068342780,26379,ACK
2025-10-20 07:15:37,2025-10-20 07:15:36,2025-10-20 07:15:37,2025-10-20 07:15:37,867488068342780,26378,GTSPD,0x19FE7FBF,,802003,0x8303,0x0115,100,14356,0000,0000,01,00,22,12,12,-,01,01,48.2,48.2,45,45,502,502,-23.269023,-23.269023,-51.14779,-51.14779,0724,0006,C4A7,07A7290C,4.4,747.9,747.9,0:12:24,89:44:22,-,-,0,-,,,,,,,,,00
2025-10-20 07:15:35,2025-10-20 07:15:34,2025-10-20 07:15:35,2025-10-20 07:15:35,867488068342780,26377,GTERI,0x19FE3FBF,0x00028102,802003,0x8303,0x0115,100,14356,0000,-,01,00,22,12,12,-,01,01,43.7,43.7,42,42,502,502,-23.269191,-23.269191,-51.147966,-51.147966,0724,0006,C4A7,07A7290C,4.3,747.9,747.9,0:12:21,89:44:19,-,-,0,-,,,,,04,1,00000000,00,11,,
2025-10-20 07:15:27,2025-10-20 07:15:26,2025-10-20 07:15:27,2025-10-20 07:15:18,867488068342780,26376,GTERI,0x19FE3FBF,0x00028102,802003,0x8303,0x0115,100,14355,0000,-,01,00,22,12,12,-,01,01,33.6,35.3,357,45,507,502,-23.269832,-23.270426,-51.148211,-51.148547,0724,0006,C4A7,07A5CC0B,4.3,747.8,747.7,0:12:15,89:44:13,-,-,0,-,,,,,04,1,00000000,00,11,,
2025-10-20 07:15:17,2025-10-20 07:15:16,2025-10-20 07:15:16,2025-10-20 07:15:15,867488068342780,26375,GTERI,0x19FE3FBF,0x00028102,802003,0x8303,0x0115,100,14360,0000,-,01,00,22,12,12,-,01,01,39.9,40.7,45,46,501,500,-23.270555,-23.270623,-51.148692,-51.148771,0724,0006,C4A7,07A7290C,4.2,747.7,747.7,0:12:03,89:44:01,-,-,0,-,,,,,04,1,00000000,00,10,,
2025-10-20 07:15:17,,,,867488068342780,26374,HBD
2025-10-20 07:15:11,2025-10-20 07:15:10,2025-10-20 07:15:11,2025-10-20 07:15:11,867488068342780,26373,GTERI,0x19FE3FBF,0x00028102,802003,0x8303,0x0115,100,14118,0000,-,01,00,22,12,12,-,01,01,39.9,39.9,87,87,497,497,-23.270797,-23.270797,-51.149159,-51.149159,0724,0006,C4A7,07A7290C,4.1,747.6,747.6,0:11:57,89:43:55,-,-,0,-,,,,,04,1,00000000,00,11,,
2025-10-20 07:15:10,,,,26372,GTHBE
2025-10-20 07:15:07,2025-10-20 07:15:06,2025-10-20 07:15:07,2025-10-20 07:15:06,867488068342780,26371,GTERI,0x19FE3FBF,0x00028102,802003,0x8303,0x0115,100,14235,0000,-,01,00,22,12,12,-,01,01,37.0,37.5,137,150,499,500,-23.270663,-23.270588,-51.14954,-51.149605,0724,0006,C4A7,07A7390D,4.1,747.6,747.6,0:11:54,89:43:52,-,-,0,-,,,,,04,1,00000000,00,11,,
2025-10-20 07:14:57,2025-10-20 07:14:56,2025-10-20 07:14:57,2025-10-20 07:14:16,867488068342780,26370,GTERI,0x19FE3FBF,0x00028102,802003,0x8303,0x0115,100,14351,0000,-,01,00,22,12,12,-,01,01,27.8,40.0,185,110,510,518,-23.269829,-23.269114,-51.149517,-51.151145,0724,0006,C4A7,07A5CC0B,4.0,747.5,747.3,0:11:45,89:43:43,-,-,0,-,,,,,04,1,00000000,00,11,,
2025-10-20 07:14:15,2025-10-20 07:14:14,2025-10-20 07:14:15,2025-10-20 07:13:52,867488068342780,26369,GTSPD,0x19FE7FBF,,802003,0x8303,0x0115,100,14237,0000,0000,01,00,22,12,12,-,01,01,41.0,57.4,113,154,519,548,-23.269077,-23.266861,-51.151246,-51.153402,0724,0006,C4A7,07A7290C,3.8,747.3,747.0,0:11:03,89:43:01,-,-,0,-,,,,,,,,,01
2025-10-20 07:14:14,,,,867488068342780,26368,ACK
2025-10-20 07:13:29,,,,867488068342780,26367,ACK
2025-10-20 07:13:19,,,,867488068342780,26366,ACK
2025-10-20 07:13:19,2025-10-20 07:13:17,2025-10-20 07:13:18,2025-10-20 07:13:18,867488068342780,26365,GTSPD,0x19FE7FBF,,802003,0x8303,0x0115,100,14288,0000,0000,01,00,22,12,12,-,01,01,50.9,50.9,134,134,569,569,-23.26305,-23.26305,-51.156248,-51.156248,0724,0006,C4A7,07A7290B,2.9,746.4,746.4,0:10:06,89:42:04,-,-,0,-,,,,,,,,,00
2025-10-20 07:13:18,2025-10-20 07:13:17,2025-10-20 07:13:18,2025-10-20 07:13:18,867488068342780,26364,GTERI,0x19FE3FBF,0x00028102,802003,0x8303,0x0115,100,14288,0000,-,01,00,22,12,12,-,01,01,50.9,50.9,134,134,569,569,-23.26305,-23.26305,-51.156248,-51.156248,0724,0006,C4A7,07A7290B,2.9,746.4,746.4,0:10:06,89:42:04,-,-,0,-,,,,,04,1,00000000,00,11,,
2025-10-20 07:13:18,,,,867488068342780,26363,HBD
2025-10-20 07:13:10,2025-10-20 07:13:09,2025-10-20 07:13:10,2025-10-20 07:13:03,867488068342780,26362,GTSPD,0x19FE7FBF,,802003,0x8303,0x0115,100,14247,0000,0000,01,00,22,12,12,-,01,01,41.4,46.7,90,89,573,574,-23.262747,-23.26275,-51.157015,-51.15787,0724,0006,C4A7,07A5BC01,2.8,746.3,746.3,0:09:57,89:41:55,-,-,0,-,,,,,,,,,01
2025-10-20 07:13:10,,,,867488068342780,26361,ACK
2025-10-20 07:13:04,,,,867488068342780,26360,ACK
2025-10-20 07:13:01,2025-10-20 07:13:00,2025-10-20 07:13:01,2025-10-20 07:13:01,867488068342780,26359,GTSPD,0x19FE7FBF,,802003,0x8303,0x0115,100,14387,0000,0000,01,00,22,12,12,-,01,01,46.2,46.2,89,89,573,573,-23.262749,-23.262749,-51.158123,-51.158123,0724,0006,C4A7,07A5BC01,2.7,746.2,746.2,0:09:48,89:41:46,-,-,0,-,,,,,,,,,00
2025-10-20 07:12:59,,,,867488068342780,26358,ACK
2025-10-20 07:12:57,2025-10-20 07:12:56,2025-10-20 07:12:57,2025-10-20 07:12:55,867488068342780,26357,GTSPD,0x19FE7FBF,,802003,0x8303,0x0115,100,14387,0000,0000,01,00,22,12,12,-,01,01,44.0,45.7,90,90,570,569,-23.262748,-23.262749,-51.158612,-51.158853,0724,0006,C4A7,07A5BC01,2.7,746.2,746.2,0:09:45,89:41:43,-,-,0,-,,,,,,,,,01
2025-10-20 07:12:54,,,,867488068342780,26356,ACK
2025-10-20 07:12:54,2025-10-20 07:12:53,2025-10-20 07:12:54,2025-10-20 07:12:54,867488068342780,26355,GTSPD,0x19FE7FBF,,802003,0x8303,0x0115,100,14387,0000,0000,01,00,22,12,12,-,01,01,46.3,46.3,90,90,568,568,-23.262748,-23.262748,-51.158977,-51.158977,0724,0006,C4A7,07A5BC01,2.6,746.1,746.1,0:09:42,89:41:40,-,-,0,-,,,,,,,,,00
2025-10-20 07:12:19,2025-10-20 07:12:18,2025-10-20 07:12:19,2025-10-20 07:12:18,867488068342780,26354,GTSPD,0x19FE7FBF,,802003,0x8303,0x0115,100,14247,0000,0000,01,01,22,12,12,-,01,01,39.2,42.5,90,90,550,550,-23.262741,-23.26274,-51.162248,-51.162357,0724,0006,C4A7,07A5BC16,2.3,745.8,745.8,0:09:06,89:41:04,-,-,0,-,,,,,,,,,01
2025-10-20 07:12:19,,,,867488068342780,26353,ACK
2025-10-20 07:12:17,2025-10-20 07:12:16,2025-10-20 07:12:16,2025-10-20 07:12:12,867488068342780,26352,GTERI,0x19FE3FBF,0x00028102,802003,0x8303,0x0115,100,14354,0000,-,01,01,22,12,12,-,01,01,47.3,50.4,89,87,551,553,-23.26274,-23.262752,-51.162599,-51.163134,0724,0006,C4A7,07A5BC16,2.3,745.8,745.7,0:09:03,89:41:01,-,-,0,-,,,,,04,3,00000000,00,10,,
2025-10-20 07:11:59,,,,867488068342780,26351,ACK
2025-10-20 07:11:49,,,,867488068342780,26350,ACK
2025-10-20 07:11:47,2025-10-20 07:11:46,2025-10-20 07:11:47,2025-10-20 07:11:47,867488068342780,26349,GTSPD,0x19FE7FBF,,802003,0x8303,0x0115,100,14328,0000,0000,01,00,22,12,12,-,01,01,46.7,46.7,90,90,570,570,-23.262758,-23.262758,-51.166372,-51.166372,0724,0006,C4A7,07A5BC17,1.9,745.4,745.4,0:08:33,89:40:31,-,-,0,-,,,,,,,,,00
2025-10-20 07:11:47,,,,867488068342780,26348,HBD
2025-10-20 07:10:40,2025-10-20 07:10:39,2025-10-20 07:10:40,2025-10-20 07:09:47,867488068342780,26347,GTERI,0x19FE3FBF,0x00028102,802003,0x8303,0x0115,100,14210,0000,-,01,00,22,12,12,-,01,01,23.4,41.7,67,0,586,583,-23.262809,-23.265453,-51.17216,-51.17233,0724,0006,C4A7,07A5BC17,1.3,744.8,744.5,0:07:27,89:39:25,-,-,0,-,,,,,04,3,00000000,00,11,,
2025-10-20 07:09:17,2025-10-20 07:09:16,2025-10-20 07:09:16,2025-10-20 07:09:17,867488068342780,26346,GTERI,0x19FE3FBF,0x00028102,802003,0x8303,0x0115,100,14329,0000,-,01,00,22,12,12,-,01,01,0.0,9.6,1,0,575,576,-23.26769,-23.267682,-51.172364,-51.172363,0724,0006,C4A7,07B2DC0C,0.7,744.3,744.3,0:06:03,89:38:01,-,-,0,-,,,,,04,1,00000000,00,10,,
2025-10-20 07:09:17,,,,867488068342780,26345,HBD
2025-10-20 07:09:11,2025-10-20 07:09:10,2025-10-20 07:09:10,2025-10-20 07:09:10,867488068342780,26344,GTSTT,0x19FE7FBF,,802003,0x8303,0x0115,100,14226,0000,0000,01,00,22,12,12,-,01,01,0.0,0.0,3,3,575,575,-23.26769,-23.26769,-51.172364,-51.172364,0724,0006,C4A7,07B2DC0C,0.7,744.3,744.3,0:05:57,89:37:55,-,-,0,-
2025-10-20 07:07:18,2025-10-20 07:07:17,2025-10-20 07:07:18,2025-10-20 07:07:18,867488068342780,26343,GTSTT,0x19FE7FBF,,802003,0x8303,0x0115,100,14246,0000,0000,01,00,21,12,12,-,01,01,0.0,0.0,3,3,575,575,-23.26769,-23.26769,-51.172364,-51.172364,0724,0006,C4A7,07B2DC0C,0.7,744.3,744.3,0:04:06,89:36:04,-,-,0,-
2025-10-20 07:07:15,,,,867488068342780,26342,ACK
2025-10-20 07:07:15,,,,867488068342780,26341,ACK
2025-10-20 07:07:14,,,,867488068342780,26340,ACK
2025-10-20 07:07:14,,,,867488068342780,26339,HBD
2025-10-20 07:06:17,2025-10-20 07:06:16,2025-10-20 07:06:16,2025-10-20 07:06:08,867488068342780,26338,GTERI,0x19FE3FBF,0x00028102,802003,0x8303,0x0115,100,14240,0000,-,01,00,22,12,12,-,01,01,0.0,12.4,3,24,575,573,-23.26769,-23.267778,-51.172364,-51.172372,0724,0006,C4A7,07B2DC0C,0.7,744.3,744.3,0:03:03,89:35:01,-,-,0,-,,,,,04,1,00000000,00,10,,
2025-10-20 07:06:06,2025-10-20 07:06:05,2025-10-20 07:06:06,2025-10-20 07:06:05,867488068342780,26337,GTERI,0x19FE3FBF,0x00028102,802003,0x8303,0x0115,100,14441,0000,-,01,00,22,12,12,-,01,01,14.3,14.8,3,359,573,573,-23.267831,-23.267867,-51.172394,-51.172395,0724,0006,C4A7,07B2DC16,0.7,744.2,744.2,0:02:54,89:34:52,-,-,0,-,,,,,04,3,00000000,00,11,,
2025-10-20 07:06:00,2025-10-20 07:05:59,2025-10-20 07:06:00,2025-10-20 07:05:45,867488068342780,26336,GTERI,0x19FE3FBF,0x00028102,802003,0x8303,0x0115,100,14368,0000,-,01,00,22,12,12,-,01,01,7.8,37.4,315,268,572,573,-23.268022,-23.268075,-51.172372,-51.171452,0724,0006,C4A7,07A5BE15,0.7,744.2,744.1,0:02:48,89:34:46,-,-,0,-,,,,,04,3,00000000,00,11,,
2025-10-20 07:06:00,,,,867488068342780,26335,HBD
2025-10-20 07:04:50,2025-10-20 07:04:49,2025-10-20 07:04:50,2025-10-20 07:04:49,867488068342780,26334,GTERI,0x19FE3FBF,0x00028102,802003,0x8303,0x0115,100,14514,0000,-,01,00,22,6,6,-,01,01,17.3,17.5,270,274,550,549,-23.26807,-23.268072,-51.167968,-51.167919,0724,0006,C4A7,07A5CC17,0.3,743.8,743.8,0:01:36,89:33:34,-,-,0,-,,,,,04,3,00000000,00,11,,
2025-10-20 07:04:49,2025-10-20 07:04:46,2025-10-20 07:04:47,2025-10-20 07:04:22,867488068342780,26333,GTERI,0x19FE3FBF,0x00028102,802003,0x8303,0x0115,100,14514,0000,-,01,00,22,6,5,-,01,01,9.2,29.5,316,358,553,516,-23.26809,-23.269476,-51.167846,-51.167822,0724,0006,C4A7,07A54234,0.2,743.8,743.6,0:01:33,89:33:31,-,-,0,-,,,,,04,28,00000000,00,11,,
2025-10-20 07:04:14,2025-10-20 07:04:13,2025-10-20 07:04:14,2025-10-20 07:04:14,867488068342780,26332,GTIGL,0x19FE7FBF,,802003,0x8303,0x0115,100,14551,0000,0000,01,00,22,5,5,-,01,01,17.1,17.1,1,1,522,522,-23.269961,-23.269961,-51.167843,-51.167843,0724,0006,C4A7,07A5CC0D,0.0,743.6,743.6,0:01:00,89:32:58,-,-,0,-,,,,,,,,,00
2025-10-20 07:04:14,2025-10-20 07:04:13,2025-10-20 07:04:14,2025-10-20 07:04:14,867488068342780,26331,GTERI,0x19FE3FBF,0x00028102,802003,0x8303,0x0115,100,14551,0000,-,01,00,22,5,5,-,01,01,17.1,17.1,1,1,522,522,-23.269961,-23.269961,-51.167843,-51.167843,0724,0006,C4A7,07A5CC0D,0.0,743.6,743.6,0:01:00,89:32:58,-,-,0,-,,,,,04,1,00000000,00,10,,
2025-10-20 07:03:12,2025-10-20 07:03:11,2025-10-20 06:30:06,2025-10-20 06:30:06,867488068342780,26330,GTSTT,0x19FE7FBF,,802003,0x8303,0x0115,100,12039,0000,0000,01,00,22,7,7,-,00,00,0.0,0.0,40,40,566,566,-23.270348,-23.270348,-51.167722,-51.167722,0724,0006,C4A7,07A72717,0.0,743.5,743.5,0:00:00,89:31:58,-,-,0,-
2025-10-20 07:03:12,2025-10-20 07:03:11,2025-10-20 06:30:06,2025-10-19 18:27:46,867488068342780,26329,GTIGN,0x19FE7FBF,,802003,0x8303,0x0115,100,12039,0000,0000,01,00,22,7,12,45356,00,01,0.0,0.6,40,40,566,566,-23.270348,-23.27035,-51.167722,-51.167721,0724,0006,C4A7,07A72717,0.0,743.5,743.5,0:00:00,89:31:58,-,-,0,-
2025-10-20 07:03:12,,,,867488068342780,26328,HBD
2025-10-20 06:32:11,2025-10-20 06:32:10,2025-10-20 06:30:06,2025-10-20 06:30:06,867488068342780,26327,GTERI,0x19FE3FBF,0x00028102,802003,0x8303,0x0115,100,12705,0000,-,00,00,11,7,7,-,01,01,0.0,0.0,40,40,566,566,-23.270348,-23.270348,-51.167722,-51.167722,0724,0006,C4A7,07A5CC17,0.0,743.5,743.5,0:03:06,89:31:58,-,-,0,-,,,,,04,3,00000000,00,10,,
2025-10-20 05:32:11,2025-10-20 05:32:10,2025-10-20 05:30:06,2025-10-20 05:30:06,867488068342780,26326,GTERI,0x19FE3FBF,0x00028102,802003,0x8303,0x0115,100,12796,0000,-,00,00,11,5,5,-,01,01,0.0,0.0,40,40,566,566,-23.270348,-23.270348,-51.167722,-51.167722,0724,0006,C4A7,07A5CC17,0.0,743.5,743.5,0:03:06,89:31:58,-,-,0,-,,,,,04,3,00000000,00,10,,
2025-10-20 04:32:11,2025-10-20 04:32:10,2025-10-20 04:29:53,2025-10-20 04:29:53,867488068342780,26325,GTERI,0x19FE3FBF,0x00028102,802003,0x8303,0x0115,100,12702,0000,-,00,00,11,7,7,-,01,01,0.0,0.0,40,40,566,566,-23.270348,-23.270348,-51.167722,-51.167722,0724,0006,C4A7,07A5CC17,0.0,743.5,743.5,0:03:06,89:31:58,-,-,0,-,,,,,04,3,00000000,00,10,,
2025-10-20 03:32:11,2025-10-20 03:32:10,2025-10-20 03:30:20,2025-10-20 03:30:20,867488068342780,26324,GTERI,0x19FE3FBF,0x00028102,802003,0x8303,0x0115,100,12823,0000,-,00,00,11,8,8,-,01,01,0.0,0.0,40,40,566,566,-23.270348,-23.270348,-51.167722,-51.167722,0724,0006,C4A7,07A5CC17,0.0,743.5,743.5,0:03:06,89:31:58,-,-,0,-,,,,,04,3,00000000,00,10,,
2025-10-20 02:42:05,2025-10-20 02:42:01,2025-10-20 02:29:49,2025-10-20 02:29:49,867488068342780,26323,GTPDP,0x19FE7FBF,,802003,0x8303,0x0115,100,12724,0000,0000,00,00,11,5,5,-,00,00,0.0,0.0,40,40,566,566,-23.270348,-23.270348,-51.167722,-51.167722,0000,0000,0000,00000000,0.0,743.5,743.5,0:03:06,89:31:58,-,-,0,-
2025-10-20 02:32:12,2025-10-20 02:32:10,2025-10-20 02:29:49,2025-10-20 02:29:49,867488068342780,26322,GTERI,0x19FE3FBF,0x00028102,802003,0x8303,0x0115,100,12755,0000,-,00,00,11,5,5,-,01,01,0.0,0.0,40,40,566,566,-23.270348,-23.270348,-51.167722,-51.167722,0724,0006,0BE3,00002D5B,0.0,743.5,743.5,0:03:06,89:31:58,-,-,0,-,,,,,01,850,00000000,00,10,,
2025-10-20 02:30:46,2025-10-20 02:29:57,2025-10-20 02:29:49,2025-10-20 02:29:49,867488068342780,26321,GTPDP,0x19FE7FBF,,802003,0x8303,0x0115,100,12680,0000,0000,00,00,11,5,5,-,00,00,0.0,0.0,40,40,566,566,-23.270348,-23.270348,-51.167722,-51.167722,0000,0000,0000,00000000,0.0,743.5,743.5,0:03:06,89:31:58,-,-,0,-
2025-10-20 01:32:11,2025-10-20 01:32:10,2025-10-20 01:30:30,2025-10-20 01:30:30,867488068342780,26320,GTERI,0x19FE3FBF,0x00028102,802003,0x8303,0x0115,100,12707,0000,-,00,00,11,4,4,-,01,01,0.0,0.0,40,40,566,566,-23.270348,-23.270348,-51.167722,-51.167722,0724,0006,C4A7,07A5CC35,0.0,743.5,743.5,0:03:06,89:31:58,-,-,0,-,,,,,04,28,00000000,00,10,,
2025-10-20 00:32:11,2025-10-20 00:32:10,2025-10-20 00:30:23,2025-10-20 00:30:23,867488068342780,26319,GTERI,0x19FE3FBF,0x00028102,802003,0x8303,0x0115,100,12700,0000,-,00,00,11,4,4,-,01,01,0.0,0.0,40,40,566,566,-23.270348,-23.270348,-51.167722,-51.167722,0724,0006,C4A7,07A5CC17,0.0,743.5,743.5,0:03:06,89:31:58,-,-,0,-,,,,,04,3,00000000,00,10,,
2025-10-19 23:32:11,2025-10-19 23:32:10,2025-10-19 23:30:24,2025-10-19 23:30:24,867488068342780,26318,GTERI,0x19FE3FBF,0x00028102,802003,0x8303,0x0115,100,12745,0000,-,00,00,11,7,7,-,01,01,0.0,0.0,40,40,566,566,-23.270348,-23.270348,-51.167722,-51.167722,0724,0006,C4A7,07A5CC35,0.0,743.5,743.5,0:03:06,89:31:58,-,-,0,-,,,,,04,28,00000000,00,10,,
2025-10-19 22:32:11,2025-10-19 22:32:10,2025-10-19 22:30:16,2025-10-19 22:30:16,867488068342780,26317,GTERI,0x19FE3FBF,0x00028102,802003,0x8303,0x0115,100,12811,0000,-,00,00,11,6,6,-,01,01,0.0,0.0,40,40,566,566,-23.270348,-23.270348,-51.167722,-51.167722,0724,0006,C4A7,07A5CC17,0.0,743.5,743.5,0:03:06,89:31:58,-,-,0,-,,,,,04,3,00000000,00,10,,
2025-10-19 21:32:11,2025-10-19 21:32:10,2025-10-19 21:30:23,2025-10-19 21:30:23,867488068342780,26316,GTERI,0x19FE3FBF,0x00028102,802003,0x8303,0x0115,100,12817,0000,-,00,00,11,5,5,-,01,01,0.0,0.0,40,40,566,566,-23.270348,-23.270348,-51.167722,-51.167722,0724,0006,C4A7,07A5CC17,0.0,743.5,743.5,0:03:06,89:31:58,-,-,0,-,,,,,04,3,00000000,00,10,,
2025-10-19 20:32:11,2025-10-19 20:32:10,2025-10-19 20:29:53,2025-10-19 20:29:53,867488068342780,26315,GTERI,0x19FE3FBF,0x00028102,802003,0x8303,0x0115,100,12786,0000,-,00,00,11,11,11,-,01,01,0.0,0.0,40,40,566,566,-23.270348,-23.270348,-51.167722,-51.167722,0724,0006,C4A7,07A5CC35,0.0,743.5,743.5,0:03:06,89:31:58,-,-,0,-,,,,,04,28,00000000,00,10,,
2025-10-19 19:32:11,2025-10-19 19:32:10,2025-10-19 19:29:48,2025-10-19 19:29:48,867488068342780,26314,GTERI,0x19FE3FBF,0x00028102,802003,0x8303,0x0115,100,12820,0000,-,00,00,11,12,12,-,01,01,0.0,0.0,40,40,566,566,-23.270348,-23.270348,-51.167722,-51.167722,0724,0006,C4A7,07A5CC35,0.0,743.5,743.5,0:03:06,89:31:58,-,-,0,-,,,,,04,28,00000000,00,10,,
2025-10-19 18:32:16,2025-10-19 18:32:15,2025-10-19 18:32:16,2025-10-19 18:32:16,867488068342780,26313,GTERI,0x19FE3FBF,0x00028102,802003,0x8303,0x0115,100,12686,0000,-,00,00,11,12,12,-,01,01,0.0,0.0,40,40,566,566,-23.270348,-23.270348,-51.167722,-51.167722,0724,0006,C4A7,07A5CC35,0.0,743.5,743.5,0:03:06,89:31:58,-,-,0,-,,,,,04,28,00000000,00,10,,
2025-10-19 18:32:12,,,,867488068342780,26312,HBD
2025-10-19 18:30:15,2025-10-19 18:30:14,2025-10-19 18:30:14,2025-10-19 18:30:14,867488068342780,26311,GTERI,0x19FE3FBF,0x00028102,802003,0x8303,0x0115,100,12538,0000,-,00,00,11,12,12,-,01,01,0.0,0.0,40,40,566,566,-23.270348,-23.270348,-51.167722,-51.167722,0724,0006,C4A7,07A5CC35,0.0,743.5,743.5,0:03:06,89:31:58,-,-,0,-,,,,,04,28,00000000,00,10,,
2025-10-19 18:30:12,,,,867488068342780,26310,HBD
2025-10-19 18:28:11,,,,867488068342780,26309,HBD
2025-10-19 18:28:03,2025-10-19 18:28:02,2025-10-19 18:28:02,2025-10-19 18:28:02,867488068342780,26308,GTSTT,0x19FE7FBF,,802003,0x8303,0x0115,100,12487,0000,0000,00,00,11,12,12,-,01,01,0.0,0.0,40,40,566,566,-23.270348,-23.270348,-51.167722,-51.167722,0724,0006,C4A7,07A5CC35,0.0,743.5,743.5,0:03:06,89:31:58,-,-,0,-
2025-10-19 18:27:17,,,,867488068342780,26307,ACK
2025-10-19 18:27:17,,,,867488068342780,26306,ACK
2025-10-19 18:27:16,2025-10-19 18:27:15,2025-10-19 18:27:16,2025-10-19 18:27:16,867488068342780,26305,GTIGL,0x19FE7FBF,,802003,0x8303,0x0115,100,12327,0000,0000,00,00,12,12,12,-,01,01,0.0,0.0,40,40,568,568,-23.270348,-23.270348,-51.167721,-51.167721,0724,0006,C4A7,07A5CC35,0.0,743.5,743.5,0:03:06,89:31:58,-,-,0,-,,,,,,,,,01
2025-10-19 18:27:16,2025-10-19 18:27:15,2025-10-19 18:27:15,2025-10-19 18:27:15,867488068342780,26304,GTSTT,0x19FE7FBF,,802003,0x8303,0x0115,100,12327,0000,0000,00,00,12,12,12,-,01,01,0.0,0.0,40,40,568,568,-23.270348,-23.270348,-51.167721,-51.167721,0724,0006,C4A7,07A5CC35,0.0,743.5,743.5,0:03:06,89:31:58,-,-,0,-
2025-10-19 18:27:15,2025-10-19 18:27:15,2025-10-19 18:27:15,2025-10-19 18:27:15,867488068342780,26303,GTIGF,0x19FE7FBF,,802003,0x8303,0x0115,100,12327,0000,0000,00,00,12,12,12,187,01,01,0.0,0.0,40,40,568,568,-23.270348,-23.270348,-51.167721,-51.167721,0724,0006,C4A7,07A5CC35,0.0,743.5,743.5,0:03:06,89:31:58,-,-,0,-
2025-10-19 18:27:15,2025-10-19 18:27:14,2025-10-19 18:27:13,2025-10-19 18:26:57,867488068342780,26302,GTERI,0x19FE3FBF,0x00028102,802003,0x8303,0x0115,100,12327,0000,-,00,00,22,11,11,-,01,01,0.0,3.9,40,46,568,570,-23.270348,-23.270359,-51.167721,-51.167719,0724,0006,C4A7,07A5CC35,0.0,743.5,743.5,0:03:06,89:31:58,-,-,0,-,,,,,04,28,00000000,00,10,,
2025-10-19 18:26:50,2025-10-19 18:26:49,2025-10-19 18:26:49,2025-10-19 18:26:47,867488068342780,26301,GTSTT,0x19FE7FBF,,802003,0x8303,0x0115,100,11592,0000,0000,01,00,22,11,11,-,01,01,0.0,1.7,40,40,572,571,-23.270366,-23.270364,-51.167721,-51.16772,0724,0006,C4A7,07A5CC35,0.0,743.5,743.5,0:02:39,89:31:31,-,-,0,-
2025-10-19 18:26:44,2025-10-19 18:26:43,2025-10-19 18:26:44,2025-10-19 18:26:44,867488068342780,26300,GTERI,0x19FE3FBF,0x00028102,802003,0x8303,0x0115,100,11607,0000,-,01,00,21,11,11,-,01,01,3.1,3.1,40,40,571,571,-23.27036,-23.27036,-51.167725,-51.167725,0724,0006,C4A7,07A5CC35,0.0,743.5,743.5,0:02:33,89:31:25,-,-,0,-,,,,,04,28,00000000,00,11,,
2025-10-19 18:26:35,2025-10-19 18:26:34,2025-10-19 18:26:34,2025-10-19 18:26:13,867488068342780,26299,GTSTT,0x19FE7FBF,,802003,0x8303,0x0115,100,11658,0000,0000,01,00,21,11,10,-,01,01,0.0,2.7,346,34,572,572,-23.270358,-23.270365,-51.167742,-51.167761,0724,0006,C4A7,07A5CC35,0.0,743.5,743.5,0:02:24,89:31:16,-,-,0,-
2025-10-19 18:26:11,2025-10-19 18:26:10,2025-10-19 18:26:10,2025-10-19 18:24:57,867488068342780,26298,GTSTT,0x19FE7FBF,,802003,0x8303,0x0115,100,11855,0000,0000,01,00,22,11,8,-,01,01,0.0,1.5,331,331,569,569,-23.270369,-23.270369,-51.167773,-51.167773,0724,0006,C4A7,07A5CC35,0.0,743.5,743.5,0:02:00,89:30:52,-,-,0,-
2025-10-19 18:26:11,,,,867488068342780,26297,HBD
2025-10-19 18:24:54,2025-10-19 18:24:53,2025-10-19 18:24:54,2025-10-19 18:24:54,867488068342780,26296,GTERI,0x19FE3FBF,0x00028102,802003,0x8303,0x0115,100,11905,0000,-,01,00,21,8,8,-,01,01,3.1,3.1,346,346,568,568,-23.270374,-23.270374,-51.167777,-51.167777,0724,0006,C4A7,07A5CC35,0.0,743.5,743.5,0:00:45,89:29:37,-,-,0,-,,,,,04,28,00000000,00,11,,
2025-10-19 18:24:33,2025-10-19 18:24:32,2025-10-19 18:24:33,2025-10-19 18:24:33,867488068342780,26295,GTIGL,0x19FE7FBF,,802003,0x8303,0x0115,100,11945,0000,0000,01,00,21,10,10,-,01,01,0.0,0.0,63,63,569,569,-23.270379,-23.270379,-51.16779,-51.16779,0724,0006,C4A7,07A5CC35,0.0,743.5,743.5,0:00:24,89:29:16,-,-,0,-,,,,,,,,,00
2025-10-19 18:24:33,2025-10-19 18:24:32,2025-10-19 18:24:33,2025-10-19 18:24:33,867488068342780,26294,GTERI,0x19FE3FBF,0x00028102,802003,0x8303,0x0115,100,11945,0000,-,01,00,21,10,10,-,01,01,0.0,0.0,63,63,569,569,-23.270379,-23.270379,-51.16779,-51.16779,0724,0006,C4A7,07A5CC35,0.0,743.5,743.5,0:00:24,89:29:16,-,-,0,-,,,,,04,28,00000000,00,10,,
2025-10-19 18:24:28,2025-10-19 18:24:27,2025-10-19 17:57:58,2025-10-19 17:57:58,867488068342780,26293,GTSTT,0x19FE7FBF,,802003,0x8303,0x0115,100,11853,0000,0000,01,00,21,8,8,-,00,00,0.0,0.0,63,63,555,555,-23.270357,-23.270357,-51.167786,-51.167786,0724,0006,C4A7,07A5CC35,0.0,743.5,743.5,0:00:18,89:29:10,-,-,0,-
2025-10-19 18:24:09,2025-10-19 18:24:08,2025-10-19 17:57:58,2025-10-19 17:57:58,867488068342780,26292,GTSTT,0x19FE7FBF,,802003,0x8303,0x0115,100,12382,0000,0000,01,00,22,8,8,-,00,00,0.0,0.0,63,63,555,555,-23.270357,-23.270357,-51.167786,-51.167786,0724,0006,C4A7,07A5CC35,0.0,743.5,743.5,0:00:00,89:28:52,-,-,0,-
2025-10-19 18:24:09,2025-10-19 18:24:08,2025-10-19 17:57:58,2025-10-19 15:55:20,867488068342780,26291,GTIGN,0x19FE7FBF,,802003,0x8303,0x0115,100,12382,0000,0000,01,00,22,8,12,8925,00,01,0.0,1.8,63,63,555,554,-23.270357,-23.270367,-51.167786,-51.167806,0724,0006,C4A7,07A5CC35,0.0,743.5,743.5,0:00:00,89:28:52,-,-,0,-
2025-10-19 18:24:09,,,,867488068342780,26290,HBD
2025-10-19 18:21:59,2025-10-19 18:21:58,2025-10-19 17:57:58,2025-10-19 17:57:58,867488068342780,26289,GTSTT,0x19FE7FBF,,802003,0x8303,0x0115,100,12550,0000,0000,00,00,11,8,8,-,00,00,0.0,0.0,63,63,555,555,-23.270357,-23.270357,-51.167786,-51.167786,0724,0006,C4A7,07A5CC35,16.4,743.5,743.5,0:25:09,89:28:52,-,-,0,-
2025-10-19 18:21:06,2025-10-19 18:21:05,2025-10-19 17:57:58,2025-10-19 17:57:58,867488068342780,26288,GTSTT,0x19FE7FBF,,802003,0x8303,0x0115,100,12669,0000,0000,00,00,16,8,8,-,00,00,0.0,0.0,63,63,555,555,-23.270357,-23.270357,-51.167786,-51.167786,0724,0006,C4A7,07A5CC35,16.4,743.5,743.5,0:25:09,89:28:52,-,-,0,-
2025-10-19 18:17:15,2025-10-19 18:17:14,2025-10-19 17:57:58,2025-10-19 17:57:58,867488068342780,26287,GTSTT,0x19FE7FBF,,802003,0x8303,0x0115,100,12587,0000,0000,00,00,11,8,8,-,00,00,0.0,0.0,63,63,555,555,-23.270357,-23.270357,-51.167786,-51.167786,0724,0006,C4A7,07A5CC35,16.4,743.5,743.5,0:25:09,89:28:52,-,-,0,-
2025-10-19 18:16:02,2025-10-19 18:16:02,2025-10-19 17:57:58,2025-10-19 17:57:58,867488068342780,26286,GTSTT,0x19FE7FBF,,802003,0x8303,0x0115,100,12681,0000,0000,00,00,16,8,8,-,00,00,0.0,0.0,63,63,555,555,-23.270357,-23.270357,-51.167786,-51.167786,0724,0006,C4A7,07A5CC35,16.4,743.5,743.5,0:25:09,89:28:52,-,-,0,-
2025-10-19 18:09:27,2025-10-19 18:09:26,2025-10-19 17:57:58,2025-10-19 17:57:58,867488068342780,26285,GTSTT,0x19FE7FBF,,802003,0x8303,0x0115,100,12767,0000,0000,00,00,11,8,8,-,00,00,0.0,0.0,63,63,555,555,-23.270357,-23.270357,-51.167786,-51.167786,0724,0006,C4A7,07A5CC35,16.4,743.5,743.5,0:25:09,89:28:52,-,-,0,-
2025-10-19 18:08:11,2025-10-19 18:08:10,2025-10-19 17:57:58,2025-10-19 17:57:58,867488068342780,26284,GTSTT,0x19FE7FBF,,802003,0x8303,0x0115,100,12793,0000,0000,00,00,16,8,8,-,00,00,0.0,0.0,63,63,555,555,-23.270357,-23.270357,-51.167786,-51.167786,0724,0006,C4A7,07A5CC35,16.4,743.5,743.5,0:25:09,89:28:52,-,-,0,-
2025-10-19 18:07:07,2025-10-19 18:07:06,2025-10-19 17:57:58,2025-10-19 17:57:58,867488068342780,26283,GTSTT,0x19FE7FBF,,802003,0x8303,0x0115,100,12750,0000,0000,00,00,11,8,8,-,00,00,0.0,0.0,63,63,555,555,-23.270357,-23.270357,-51.167786,-51.167786,0724,0006,C4A7,07A5CC35,16.4,743.5,743.5,0:25:09,89:28:52,-,-,0,-
2025-10-19 18:06:23,2025-10-19 18:06:23,2025-10-19 17:57:58,2025-10-19 17:57:58,867488068342780,26282,GTSTT,0x19FE7FBF,,802003,0x8303,0x0115,100,12710,0000,0000,00,00,16,8,8,-,00,00,0.0,0.0,63,63,555,555,-23.270357,-23.270357,-51.167786,-51.167786,0724,0006,C4A7,07A5CC35,16.4,743.5,743.5,0:25:09,89:28:52,-,-,0,-
2025-10-19 18:00:19,2025-10-19 18:00:18,2025-10-19 17:57:58,2025-10-19 17:57:58,867488068342780,26281,GTERI,0x19FE3FBF,0x00028102,802003,0x8303,0x0115,100,12919,0000,-,00,00,11,8,8,-,01,01,0.0,0.0,63,63,555,555,-23.270357,-23.270357,-51.167786,-51.167786,0724,0006,C4A7,07A5CC35,16.4,743.5,743.5,0:25:09,89:28:52,-,-,0,-,,,,,04,28,00000000,00,10,,
2025-10-19 17:00:19,2025-10-19 17:00:18,2025-10-19 16:57:53,2025-10-19 16:57:53,867488068342780,26280,GTERI,0x19FE3FBF,0x00028102,802003,0x8303,0x0115,100,12914,0000,-,00,00,11,12,12,-,01,01,0.0,0.0,63,63,555,555,-23.270357,-23.270357,-51.167786,-51.167786,0724,0006,C4A7,07A5CC17,16.4,743.5,743.5,0:25:09,89:28:52,-,-,0,-,,,,,04,3,00000000,00,10,,
2025-10-19 16:00:24,2025-10-19 16:00:23,2025-10-19 16:00:24,2025-10-19 16:00:24,867488068342780,26279,GTERI,0x19FE3FBF,0x00028102,802003,0x8303,0x0115,100,13035,0000,-,00,00,11,12,12,-,01,01,0.0,0.0,63,63,555,555,-23.270357,-23.270357,-51.167786,-51.167786,0724,0006,C4A7,07A5CC17,16.4,743.5,743.5,0:25:09,89:28:52,-,-,0,-,,,,,04,3,00000000,00,10,,
2025-10-19 16:00:18,2025-10-19 16:00:17,2025-10-19 16:00:16,2025-10-19 16:00:16,867488068342780,26278,GTERI,0x19FE3FBF,0x00028102,802003,0x8303,0x0115,100,12967,0000,-,00,00,11,12,12,-,01,01,0.0,0.0,63,63,555,555,-23.270357,-23.270357,-51.167786,-51.167786,0724,0006,C4A7,07A5CC17,16.4,743.5,743.5,0:25:09,89:28:52,-,-,0,-,,,,,04,3,00000000,00,10,,
2025-10-19 16:00:18,,,,867488068342780,26277,HBD
2025-10-19 15:58:50,,,,867488068342780,26276,HBD
2025-10-19 15:57:18,2025-10-19 15:57:17,2025-10-19 15:57:16,2025-10-19 15:57:16,867488068342780,26275,GTERI,0x19FE3FBF,0x00028102,802003,0x8303,0x0115,100,12992,0000,-,00,00,1A,12,12,-,01,01,0.0,0.0,63,63,555,555,-23.270357,-23.270357,-51.167786,-51.167786,0724,0006,C4A7,07A5CC17,16.4,743.5,743.5,0:25:09,89:28:52,-,-,0,-,,,,,04,3,00000000,00,10,,
2025-10-19 15:56:18,2025-10-19 15:56:18,2025-10-19 15:56:18,2025-10-19 15:56:18,867488068342780,26274,GTSTT,0x19FE7FBF,,802003,0x8303,0x0115,100,12942,0000,0000,00,00,11,12,12,-,01,01,0.0,0.0,63,63,555,555,-23.270357,-23.270357,-51.167786,-51.167786,0724,0006,C4A7,07A5CC35,16.4,743.5,743.5,0:25:09,89:28:52,-,-,0,-
2025-10-19 15:56:18,,,,867488068342780,26273,HBD
2025-10-19 15:55:28,,,,867488068342780,26272,ACK
2025-10-19 15:55:27,,,,867488068342780,26271,ACK
2025-10-19 15:55:24,2025-10-19 15:55:23,2025-10-19 15:55:24,2025-10-19 15:55:24,867488068342780,26270,GTIGL,0x19FE7FBF,,802003,0x8303,0x0115,100,13393,0000,0000,00,00,12,12,12,-,01,01,0.2,0.2,63,63,554,554,-23.270365,-23.270365,-51.167797,-51.167797,0724,0006,C4A7,07A5CC35,16.4,743.5,743.5,0:25:09,89:28:52,-,-,0,-,,,,,,,,,01
2025-10-19 15:55:24,2025-10-19 15:55:23,2025-10-19 15:55:23,2025-10-19 15:55:23,867488068342780,26269,GTSTT,0x19FE7FBF,,802003,0x8303,0x0115,100,13393,0000,0000,00,00,12,12,12,-,01,01,0.2,0.2,63,63,554,554,-23.270365,-23.270365,-51.167801,-51.167801,0724,0006,C4A7,07A5CC35,16.4,743.5,743.5,0:25:09,89:28:52,-,-,0,-
2025-10-19 15:55:24,2025-10-19 15:55:23,2025-10-19 15:55:23,2025-10-19 15:55:23,867488068342780,26268,GTIGF,0x19FE7FBF,,802003,0x8303,0x0115,100,13393,0000,0000,00,00,12,12,12,1511,01,01,0.2,0.2,63,63,554,554,-23.270365,-23.270365,-51.167801,-51.167801,0724,0006,C4A7,07A5CC35,16.4,743.5,743.5,0:25:09,89:28:52,-,-,0,-
2025-10-19 15:55:01,2025-10-19 15:55:00,2025-10-19 15:55:01,2025-10-19 15:55:01,867488068342780,26267,GTSTT,0x19FE7FBF,,802003,0x8303,0x0115,100,13728,0000,0000,01,00,22,12,12,-,01,01,0.0,0.0,63,63,553,553,-23.270366,-23.270366,-51.167805,-51.167805,0724,0006,C4A7,07A5CC35,16.4,743.5,743.5,0:24:48,89:28:31,-,-,0,-
2025-10-19 15:54:39,2025-10-19 15:54:38,2025-10-19 15:54:39,2025-10-19 15:54:39,867488068342780,26266,GTSTT,0x19FE7FBF,,802003,0x8303,0x0115,100,13647,0000,0000,01,00,21,12,12,-,01,01,0.0,0.0,63,63,553,553,-23.270366,-23.270366,-51.167805,-51.167805,0724,0006,C4A7,07A5CC35,16.4,743.5,743.5,0:24:24,89:28:07,-,-,0,-
2025-10-19 15:54:18,2025-10-19 15:54:17,2025-10-19 15:54:17,2025-10-19 15:53:38,867488068342780,26265,GTERI,0x19FE3FBF,0x00028102,802003,0x8303,0x0115,100,13665,0000,-,01,00,22,12,12,-,01,01,0.0,5.0,63,56,553,553,-23.270366,-23.27039,-51.167805,-51.167838,0724,0006,C4A7,07A5CC35,16.4,743.5,743.5,0:24:03,89:27:46,-,-,0,-,,,,,04,28,00000000,00,10,,
2025-10-19 15:54:18,,,,867488068342780,26264,HBD
2025-10-19 15:53:37,2025-10-19 15:53:37,2025-10-19 15:53:37,2025-10-19 15:53:37,867488068342780,26263,GTERI,0x19FE3FBF,0x00028102,802003,0x8303,0x0115,100,13729,0000,-,01,00,22,12,12,-,01,01,4.0,4.0,63,63,553,553,-23.270398,-23.270398,-51.167848,-51.167848,0724,0006,C4A7,07A5CC35,16.4,743.5,743.5,0:23:24,89:27:07,-,-,0,-,,,,,04,28,00000000,00,11,,
2025-10-19 15:53:34,2025-10-19 15:53:34,2025-10-19 15:53:34,2025-10-19 15:53:19,867488068342780,26262,GTERI,0x19FE3FBF,0x00028102,802003,0x8303,0x0115,100,13653,0000,-,01,00,22,12,12,-,01,01,4.5,33.2,230,177,553,557,-23.2704,-23.269729,-51.167854,-51.167849,0724,0006,C4A7,07A5CC35,16.4,743.5,743.5,0:23:21,89:27:04,-,-,0,-,,,,,04,28,00000000,00,11,,
2025-10-19 15:53:00,2025-10-19 15:52:59,2025-10-19 15:53:00,2025-10-19 15:53:00,867488068342780,26261,GTERI,0x19FE3FBF,0x00028102,802003,0x8303,0x0115,100,13867,0000,-,01,00,22,12,12,-,01,01,24.5,24.5,185,185,575,575,-23.268241,-23.268241,-51.167848,-51.167848,0724,0006,C4A7,07A5BC0D,16.2,743.3,743.3,0:22:45,89:26:28,-,-,0,-,,,,,04,1,00000000,00,11,,
2025-10-19 15:52:58,2025-10-19 15:52:57,2025-10-19 15:52:58,2025-10-19 15:52:56,867488068342780,26260,GTERI,0x19FE3FBF,0x00028102,802003,0x8303,0x0115,100,13867,0000,-,01,00,22,12,12,-,01,01,22.4,24.7,232,269,575,577,-23.268137,-23.268094,-51.16781,-51.167695,0724,0006,C4A7,07A5BC0D,16.1,743.3,743.3,0:22:45,89:26:28,-,-,0,-,,,,,04,1,00000000,00,11,,
2025-10-19 15:52:55,2025-10-19 15:52:54,2025-10-19 15:52:55,2025-10-19 15:52:54,867488068342780,26259,GTERI,0x19FE3FBF,0x00028102,802003,0x8303,0x0115,100,13936,0000,-,01,00,22,12,12,-,01,01,26.0,27.7,277,271,577,577,-23.268097,-23.268103,-51.167627,-51.167556,0724,0006,C4A7,07A5BC0D,16.1,743.2,743.2,0:22:42,89:26:25,-,-,0,-,,,,,04,1,00000000,00,11,,
2025-10-19 15:52:50,2025-10-19 15:52:49,2025-10-19 15:52:50,2025-10-19 15:52:44,867488068342780,26258,GTERI,0x19FE3FBF,0x00028102,802003,0x8303,0x0115,100,13770,0000,-,01,00,22,12,12,-,01,01,23.9,27.8,227,141,577,578,-23.268077,-23.267729,-51.167281,-51.167306,0724,0006,C4A7,07A5BC0D,16.1,743.2,743.2,0:22:36,89:26:19,-,-,0,-,,,,,04,1,00000000,00,11,,
2025-10-19 15:52:42,2025-10-19 15:52:41,2025-10-19 15:52:42,2025-10-19 15:52:41,867488068342780,26257,GTERI,0x19FE3FBF,0x00028102,802003,0x8303,0x0115,100,13957,0000,-,01,00,22,12,12,-,01,01,27.4,27.5,160,177,578,578,-23.267616,-23.26755,-51.16739,-51.167409,0724,0006,C4A7,07A5BC0D,16.0,743.2,743.2,0:22:27,89:26:10,-,-,0,-,,,,,04,1,00000000,00,11,,
2025-10-19 15:52:40,,,,26256,GTHBE
2025-10-19 15:52:32,,,,867488068342780,26255,ACK
2025-10-19 15:52:28,2025-10-19 15:52:27,2025-10-19 15:52:28,2025-10-19 15:52:11,867488068342780,26254,GTSPD,0x19FE7FBF,,802003,0x8303,0x0115,100,13957,0000,0000,01,01,22,12,12,-,01,01,43.2,55.7,179,179,572,567,-23.266628,-23.264488,-51.167094,-51.167067,0724,0006,C4A7,07A5BC0D,15.9,743.0,742.8,0:22:15,89:25:58,-,-,0,-,,,,,,,,,01
2025-10-19 15:52:17,,,,867488068342780,26253,ACK
2025-10-19 15:52:16,,,,867488068342780,26252,HBD
2025-10-19 15:52:06,,,,867488068342780,26251,ACK
2025-10-19 15:52:04,2025-10-19 15:52:03,2025-10-19 15:52:04,2025-10-19 15:52:04,867488068342780,26250,GTSPD,0x19FE7FBF,,802003,0x8303,0x0115,100,13941,0000,0000,01,00,22,12,12,-,01,01,49.4,49.4,180,180,574,574,-23.263555,-23.263555,-51.167062,-51.167062,0724,0006,C4A7,07A5BC0D,15.6,742.7,742.7,0:21:51,89:25:34,-,-,0,-,,,,,,,,,00
2025-10-19 15:51:53,2025-10-19 15:51:52,2025-10-19 15:51:53,2025-10-19 15:51:40,867488068342780,26249,GTERI,0x19FE3FBF,0x00028102,802003,0x8303,0x0115,100,13874,0000,-,01,00,22,12,12,-,01,01,13.6,40.1,215,265,580,578,-23.262644,-23.26258,-51.167049,-51.166321,0724,0006,C4A7,07A5BC0D,15.5,742.6,742.5,0:21:39,89:25:22,-,-,0,-,,,,,04,1,00000000,00,11,,
2025-10-19 15:51:42,,,,867488068342780,26248,ACK
2025-10-19 15:51:39,2025-10-19 15:51:38,2025-10-19 15:51:39,2025-10-19 15:51:29,867488068342780,26247,GTSPD,0x19FE7FBF,,802003,0x8303,0x0115,100,13901,0000,0000,01,01,22,12,12,-,01,01,42.0,55.6,266,270,577,572,-23.262573,-23.262563,-51.16621,-51.164862,0724,0006,C4A7,07A5BC0D,15.4,742.5,742.4,0:21:24,89:25:07,-,-,0,-,,,,,,,,,01
2025-10-19 15:51:27,,,,867488068342780,26246,ACK
2025-10-19 15:51:18,2025-10-19 15:51:17,2025-10-19 15:51:16,2025-10-19 15:51:16,867488068342780,26245,GTERI,0x19FE3FBF,0x00028102,802003,0x8303,0x0115,100,13962,0000,-,01,00,22,12,12,-,01,01,46.3,46.3,272,272,560,560,-23.262576,-23.262576,-51.163012,-51.163012,0724,0006,C4A7,07A5BC0C,15.1,742.2,742.2,0:21:03,89:24:46,-,-,0,-,,,,,04,1,00000000,00,10,,
2025-10-19 15:51:17,2025-10-19 15:51:16,2025-10-19 15:51:17,2025-10-19 15:51:17,867488068342780,26244,GTSPD,0x19FE7FBF,,802003,0x8303,0x0115,100,13962,0000,0000,01,00,22,12,12,-,01,01,47.5,47.5,272,272,561,561,-23.26257,-23.26257,-51.16314,-51.16314,0724,0006,C4A7,07A5BC0C,15.1,742.2,742.2,0:21:03,89:24:46,-,-,0,-,,,,,,,,,00
2025-10-19 15:51:17,,,,867488068342780,26243,ACK
2025-10-19 15:51:02,2025-10-19 15:51:01,2025-10-19 15:51:02,2025-10-19 15:50:56,867488068342780,26242,GTSPD,0x19FE7FBF,,802003,0x8303,0x0115,100,13807,0000,0000,01,00,22,12,12,-,01,01,34.6,57.9,269,269,557,562,-23.262575,-23.262576,-51.161784,-51.160978,0724,0006,C4A7,07A5BC0C,14.9,742.1,742.0,0:20:48,89:24:31,-,-,0,-,,,,,,,,,01
2025-10-19 15:51:02,,,,867488068342780,26241,ACK
2025-10-19 15:50:47,,,,867488068342780,26240,ACK
2025-10-19 15:50:36,,,,867488068342780,26239,ACK
2025-10-19 15:50:36,2025-10-19 15:50:35,2025-10-19 15:50:36,2025-10-19 15:50:36,867488068342780,26238,GTSPD,0x19FE7FBF,,802003,0x8303,0x0115,100,13892,0000,0000,01,00,22,12,12,-,01,01,50.0,50.0,259,259,580,580,-23.262496,-23.262496,-51.158012,-51.158012,0724,0006,C4A7,07A5BC0C,14.5,741.7,741.7,0:20:21,89:24:04,-,-,0,-,,,,,,,,,00
2025-10-19 15:50:26,2025-10-19 15:50:25,2025-10-19 15:50:26,2025-10-19 15:50:25,867488068342780,26237,GTERI,0x19FE3FBF,0x00028102,802003,0x8303,0x0115,100,13956,0000,-,01,00,22,12,12,-,01,01,28.2,28.5,248,227,579,579,-23.2623,-23.262268,-51.157014,-51.156947,0724,0006,C4A7,07A72901,14.4,741.6,741.6,0:20:12,89:23:55,-,-,0,-,,,,,04,7,00000000,00,11,,
2025-10-19 15:50:24,2025-10-19 15:50:23,2025-10-19 15:50:24,2025-10-19 15:50:22,867488068342780,26236,GTERI,0x19FE3FBF,0x00028102,802003,0x8303,0x0115,100,13956,0000,-,01,00,22,12,12,-,01,01,30.5,36.8,203,170,578,578,-23.262213,-23.262055,-51.156897,-51.156879,0724,0006,C4A7,07A72901,14.4,741.6,741.5,0:20:09,89:23:52,-,-,0,-,,,,,04,7,00000000,00,11,,
2025-10-19 15:50:21,,,,867488068342780,26235,ACK
2025-10-19 15:50:21,2025-10-19 15:50:20,2025-10-19 15:50:21,2025-10-19 15:50:07,867488068342780,26234,GTSPD,0x19FE7FBF,,802003,0x8303,0x0115,100,13903,0000,0000,01,01,22,12,12,-,01,01,39.8,53.8,168,169,578,580,-23.261962,-23.260264,-51.156898,-51.157283,0724,0006,C4A7,07A72901,14.4,741.5,741.3,0:20:06,89:23:49,-,-,0,-,,,,,,,,,01
2025-10-19 15:50:16,,,,867488068342780,26233,ACK
2025-10-19 15:50:16,,,,867488068342780,26232,HBD
2025-10-19 15:50:07,,,,867488068342780,26231,ACK
2025-10-19 15:50:04,2025-10-19 15:50:03,2025-10-19 15:50:04,2025-10-19 15:50:04,867488068342780,26230,GTSPD,0x19FE7FBF,,802003,0x8303,0x0115,100,14036,0000,0000,01,00,22,12,12,-,01,01,49.5,49.5,171,171,580,580,-23.259873,-23.259873,-51.157354,-51.157354,0724,0006,C4A7,07A5BC01,14.1,741.3,741.3,0:19:51,89:23:34,-,-,0,-,,,,,,,,,00
2025-10-19 15:49:50,2025-10-19 15:49:50,2025-10-19 15:49:50,2025-10-19 15:49:46,867488068342780,26229,GTERI,0x19FE3FBF,0x00028102,802003,0x8303,0x0115,100,13866,0000,-,01,00,22,12,12,-,01,01,18.6,23.3,150,190,579,578,-23.258785,-23.258598,-51.157872,-51.15791,0724,0006,C4A7,07A57DF3,14.0,741.1,741.1,0:19:36,89:23:19,-,-,0,-,,,,,04,7,00000000,00,11,,
2025-10-19 15:49:45,2025-10-19 15:49:45,2025-10-19 15:49:45,2025-10-19 15:49:42,867488068342780,26228,GTERI,0x19FE3FBF,0x00028102,802003,0x8303,0x0115,100,14003,0000,-,01,00,22,12,12,-,01,01,23.8,25.5,203,242,578,576,-23.25854,-23.258404,-51.157895,-51.157768,0724,0006,C4A7,07A72915,14.0,741.1,741.1,0:19:30,89:23:13,-,-,0,-,,,,,04,3,00000000,00,11,,
2025-10-19 15:49:41,2025-10-19 15:49:41,2025-10-19 15:49:41,2025-10-19 15:49:39,867488068342780,26227,GTERI,0x19FE3FBF,0x00028102,802003,0x8303,0x0115,100,13934,0000,-,01,00,22,12,12,-,01,01,28.9,29.0,255,284,576,574,-23.258377,-23.25837,-51.157702,-51.157547,0724,0006,C4A7,07A72915,14.0,741.1,741.1,0:19:27,89:23:10,-,-,0,-,,,,,04,3,00000000,00,11,,
2025-10-19 15:49:39,,,,26226,GTHBE
2025-10-19 15:49:38,2025-10-19 15:49:38,2025-10-19 15:49:38,2025-10-19 15:49:37,867488068342780,26225,GTERI,0x19FE3FBF,0x00028102,802003,0x8303,0x0115,100,14006,0000,-,01,00,22,12,12,-,01,01,29.0,30.3,302,318,574,574,-23.258394,-23.258439,-51.157474,-51.157411,0724,0006,C4A7,07A5BC16,13.9,741.1,741.1,0:19:24,89:23:07,-,-,0,-,,,,,04,3,00000000,00,11,,
2025-10-19 15:49:27,2025-10-19 15:49:27,2025-10-19 15:49:27,2025-10-19 15:49:23,867488068342780,26224,GTERI,0x19FE3FBF,0x00028102,802003,0x8303,0x0115,100,13993,0000,-,01,00,22,12,12,-,01,01,7.3,25.5,354,348,577,577,-23.258964,-23.259084,-51.157407,-51.157389,0724,0006,C4A7,07A5BC16,13.9,741.0,741.0,0:19:12,89:22:55,-,-,0,-,,,,,04,3,00000000,00,11,,
2025-10-19 15:49:22,2025-10-19 15:49:22,2025-10-19 15:49:22,2025-10-19 15:48:50,867488068342780,26223,GTSPD,0x19FE7FBF,,802003,0x8303,0x0115,100,14059,0000,0000,01,00,22,12,12,-,01,01,33.0,78.3,346,315,577,566,-23.259153,-23.263906,-51.157373,-51.155179,0724,0006,C4A7,07A72915,13.8,741.0,740.4,0:19:09,89:22:52,-,-,0,-,,,,,,,,,01
2025-10-19 15:49:22,,,,867488068342780,26222,ACK
2025-10-19 15:48:22,2025-10-19 15:48:17,2025-10-19 15:48:16,2025-10-19 15:48:11,867488068342780,26221,GTERI,0x19FE3FBF,0x00028102,802003,0x8303,0x0115,100,14057,0000,-,01,01,22,12,12,-,01,01,55.4,59.8,307,288,529,522,-23.268749,-23.269095,-51.151722,-51.151038,0724,0006,C4A7,07A72916,12.6,739.8,739.7,0:18:03,89:21:46,-,-,0,-,,,,,04,3,00000000,00,10,,
2025-10-19 15:48:21,,,,867488068342780,26220,HBD
2025-10-19 15:48:21,,,,867488068342780,26219,ACK
2025-10-19 15:48:20,,,,867488068342780,26218,ACK
2025-10-19 15:48:20,2025-10-19 15:48:00,2025-10-19 15:48:00,2025-10-19 15:48:00,867488068342780,26217,GTSPD,0x19FE7FBF,,802003,0x8303,0x0115,100,13956,0000,0000,01,00,22,12,12,-,01,01,49.4,49.4,275,275,513,513,-23.269542,-23.269542,-51.149398,-51.149398,0724,0006,C4A7,07A7390D,12.4,739.5,739.5,0:17:45,89:21:28,-,-,0,-,,,,,,,,,00
2025-10-19 15:48:01,2025-10-19 15:48:00,2025-10-19 15:48:00,2025-10-19 15:48:00,867488068342780,26217,GTSPD,0x19FE7FBF,,802003,0x8303,0x0115,100,13956,0000,0000,01,00,22,12,12,-,01,01,49.4,49.4,275,275,513,513,-23.269542,-23.269542,-51.149398,-51.149398,0724,0006,C4A7,07A7390D,12.4,739.5,739.5,0:17:45,89:21:28,-,-,0,-,,,,,,,,,00
2025-10-19 15:47:52,2025-10-19 15:47:52,2025-10-19 15:47:52,2025-10-19 15:47:52,867488068342780,26216,GTERI,0x19FE3FBF,0x00028102,802003,0x8303,0x0115,100,14050,0000,-,01,00,22,12,12,-,01,01,41.0,41.0,298,298,509,509,-23.269532,-23.269532,-51.148485,-51.148485,0724,0006,C4A7,07A7290C,12.3,739.4,739.4,0:17:39,89:21:22,-,-,0,-,,,,,04,1,00000000,00,11,,
2025-10-19 15:47:48,2025-10-19 15:47:48,2025-10-19 15:47:48,2025-10-19 15:47:45,867488068342780,26215,GTERI,0x19FE3FBF,0x00028102,802003,0x8303,0x0115,100,14050,0000,-,01,00,22,12,12,-,01,01,39.7,40.4,347,26,507,505,-23.269837,-23.270126,-51.14822,-51.148243,0724,0006,C4A7,07A7290C,12.2,739.4,739.3,0:17:33,89:21:16,-,-,0,-,,,,,04,1,00000000,00,11,,
2025-10-19 15:47:47,,,,867488068342780,26214,ACK
2025-10-19 15:47:45,,,,26213,GTHBE
2025-10-19 15:47:43,2025-10-19 15:47:42,2025-10-19 15:47:43,2025-10-19 15:47:37,867488068342780,26212,GTSPD,0x19FE7FBF,,802003,0x8303,0x0115,100,14050,0000,0000,01,01,22,12,12,-,01,01,42.1,52.0,43,41,504,497,-23.270296,-23.270824,-51.148367,-51.148891,0724,0006,C4A7,07A5CC0B,12.2,739.3,739.2,0:17:30,89:21:13,-,-,0,-,,,,,,,,,01
2025-10-19 15:47:35,2025-10-19 15:47:34,2025-10-19 15:47:35,2025-10-19 15:47:29,867488068342780,26211,GTERI,0x19FE3FBF,0x00028102,802003,0x8303,0x0115,100,14059,0000,-,01,01,22,12,12,-,01,01,51.5,59.9,39,357,496,495,-23.271018,-23.271777,-51.149075,-51.149332,0724,0006,C4A7,07A7290C,12.0,739.2,739.1,0:17:21,89:21:04,-,-,0,-,,,,,04,1,00000000,00,11,,
2025-10-19 15:47:21,,,,867488068342780,26210,ACK
2025-10-19 15:47:11,,,,867488068342780,26209,ACK
2025-10-19 15:47:09,2025-10-19 15:47:08,2025-10-19 15:47:09,2025-10-19 15:47:09,867488068342780,26208,GTSPD,0x19FE7FBF,,802003,0x8303,0x0115,100,14102,0000,0000,01,00,22,12,12,-,01,01,48.4,48.4,359,359,515,515,-23.274594,-23.274594,-51.149238,-51.149238,0724,0006,C4A7,07A7390D,11.6,738.8,738.8,0:16:54,89:20:37,-,-,0,-,,,,,,,,,00
2025-10-19 15:46:52,,,,26207,GTHBE
2025-10-19 15:46:47,,,,867488068342780,26206,ACK
2025-10-19 15:46:44,2025-10-19 15:46:43,2025-10-19 15:46:44,2025-10-19 15:46:33,867488068342780,26205,GTSPD,0x19FE7FBF,,802003,0x8303,0x0115,100,14077,0000,0000,01,01,22,12,12,-,01,01,40.5,60.8,0,0,523,536,-23.276033,-23.277496,-51.149244,-51.149255,0724,0006,C4A7,07A7390D,11.5,738.6,738.5,0:16:30,89:20:13,-,-,0,-,,,,,,,,,01
2025-10-19 15:46:27,,,,867488068342780,26204,ACK
2025-10-19 15:46:17,,,,867488068342780,26203,ACK
2025-10-19 15:46:16,2025-10-19 15:46:15,2025-10-19 15:46:16,2025-10-19 15:46:16,867488068342780,26202,GTSPD,0x19FE7FBF,,802003,0x8303,0x0115,100,14106,0000,0000,01,00,22,12,12,-,01,01,49.1,49.1,350,350,562,562,-23.279976,-23.279976,-51.149259,-51.149259,0724,0006,C4A7,07A5CC15,11.1,738.2,738.2,0:16:03,89:19:46,-,-,0,-,,,,,,,,,00
2025-10-19 15:46:16,2025-10-19 15:46:15,2025-10-19 15:46:16,2025-10-19 15:46:16,867488068342780,26201,GTERI,0x19FE3FBF,0x00028102,802003,0x8303,0x0115,100,14106,0000,-,01,00,22,12,12,-,01,01,49.1,49.1,350,350,562,562,-23.279976,-23.279976,-51.149259,-51.149259,0724,0006,C4A7,07A5CC15,11.1,738.2,738.2,0:16:03,89:19:46,-,-,0,-,,,,,04,3,00000000,00,11,,
2025-10-19 15:46:16,,,,867488068342780,26200,HBD
2025-10-19 15:46:07,,,,867488068342780,26199,ACK
2025-10-19 15:46:05,2025-10-19 15:46:04,2025-10-19 15:46:05,2025-10-19 15:46:04,867488068342780,26198,GTSPD,0x19FE7FBF,,802003,0x8303,0x0115,100,14049,0000,0000,01,01,22,12,12,-,01,01,39.4,44.0,305,301,565,565,-23.280811,-23.280869,-51.148633,-51.148541,0724,0006,C4A7,07A5A215,10.9,738.1,738.1,0:15:51,89:19:34,-,-,0,-,,,,,,,,,01
2025-10-19 15:46:03,2025-10-19 15:46:02,2025-10-19 15:46:03,2025-10-19 15:45:40,867488068342780,26197,GTERI,0x19FE3FBF,0x00028102,802003,0x8303,0x0115,100,14173,0000,-,01,01,22,12,12,-,01,01,48.2,93.5,302,359,565,535,-23.280928,-23.285074,-51.148436,-51.147867,0724,0006,C4A7,07A5A215,10.9,738.0,737.6,0:15:48,89:19:31,-,-,0,-,,,,,04,3,00000000,00,11,,
2025-10-19 15:45:18,2025-10-19 15:45:17,2025-10-19 15:45:17,2025-10-19 15:45:17,867488068342780,26196,GTERI,0x19FE3FBF,0x00028102,802003,0x8303,0x0115,100,14090,0000,-,01,01,22,12,12,-,01,01,86.5,86.5,348,348,509,509,-23.290167,-23.290167,-51.147811,-51.147811,0724,0006,C4A7,07A7430B,9.9,737.0,737.0,0:15:03,89:18:46,-,-,0,-,,,,,04,1,00000000,00,10,,
2025-10-19 15:44:32,,,,867488068342780,26195,ACK
2025-10-19 15:44:22,,,,867488068342780,26194,ACK
2025-10-19 15:44:20,2025-10-19 15:44:19,2025-10-19 15:44:20,2025-10-19 15:44:20,867488068342780,26193,GTSPD,0x19FE7FBF,,802003,0x8303,0x0115,100,14057,0000,0000,01,00,22,12,12,-,01,01,48.8,48.8,357,357,544,544,-23.299526,-23.299526,-51.145464,-51.145464,0724,0006,C4A7,07A7070C,8.8,735.9,735.9,0:14:06,89:17:49,-,-,0,-,,,,,,,,,00
2025-10-19 15:44:20,,,,867488068342780,26192,HBD
2025-10-19 15:43:22,,,,867488068342780,26191,ACK
2025-10-19 15:43:19,2025-10-19 15:43:18,2025-10-19 15:43:19,2025-10-19 15:43:07,867488068342780,26190,GTSPD,0x19FE7FBF,,802003,0x8303,0x0115,100,14047,0000,0000,01,01,22,12,12,-,01,01,30.9,60.2,356,0,546,546,-23.300655,-23.302227,-51.145406,-51.145336,0724,0006,C4A7,07A7070C,8.7,735.8,735.6,0:13:06,89:16:49,-,-,0,-,,,,,,,,,01
2025-10-19 15:43:12,,,,867488068342780,26189,ACK
2025-10-19 15:43:02,,,,867488068342780,26188,ACK
2025-10-19 15:42:59,2025-10-19 15:42:58,2025-10-19 15:42:59,2025-10-19 15:42:59,867488068342780,26187,GTSPD,0x19FE7FBF,,802003,0x8303,0x0115,100,14091,0000,0000,01,00,22,12,12,-,01,01,47.2,47.2,13,13,547,547,-23.303333,-23.303333,-51.145447,-51.145447,0724,0006,C4A7,07A55516,8.4,735.5,735.5,0:12:45,89:16:28,-,-,0,-,,,,,,,,,00
2025-10-19 15:42:58,2025-10-19 15:42:57,2025-10-19 15:42:58,2025-10-19 15:42:58,867488068342780,26186,GTERI,0x19FE3FBF,0x00028102,802003,0x8303,0x0115,100,14091,0000,-,01,00,22,12,12,-,01,01,45.5,45.5,17,17,546,546,-23.303446,-23.303446,-51.145479,-51.145479,0724,0006,C4A7,07A55516,8.4,735.5,735.5,0:12:45,89:16:28,-,-,0,-,,,,,04,3,00000000,00,11,,
2025-10-19 15:42:54,,,,26185,GTHBE
2025-10-19 15:42:50,2025-10-19 15:42:49,2025-10-19 15:42:50,2025-10-19 15:42:47,867488068342780,26184,GTERI,0x19FE3FBF,0x00028102,802003,0x8303,0x0115,100,14073,0000,-,01,00,22,12,12,-,01,01,29.4,29.5,63,49,547,547,-23.303933,-23.304057,-51.146049,-51.146239,0724,0006,C4A7,07A55516,8.3,735.4,735.4,0:12:36,89:16:19,-,-,0,-,,,,,04,3,00000000,00,11,,
2025-10-19 15:42:47,,,,867488068342780,26183,ACK
2025-10-19 15:42:46,2025-10-19 15:42:45,2025-10-19 15:42:46,2025-10-19 15:42:37,867488068342780,26182,GTSPD,0x19FE7FBF,,802003,0x8303,0x0115,100,14149,0000,0000,01,01,22,12,12,-,01,01,35.5,58.5,48,30,547,543,-23.304108,-23.304958,-51.146304,-51.147145,0724,0006,C4A7,07A55516,8.2,735.4,735.2,0:12:33,89:16:16,-,-,0,-,,,,,,,,,01
2025-10-19 15:42:31,,,,867488068342780,26181,ACK
2025-10-19 15:42:21,,,,867488068342780,26180,ACK
2025-10-19 15:42:18,2025-10-19 15:42:17,2025-10-19 15:42:18,2025-10-19 15:42:18,867488068342780,26179,GTSPD,0x19FE7FBF,,802003,0x8303,0x0115,100,14202,0000,0000,01,00,22,12,12,-,01,01,48.8,48.8,15,15,542,542,-23.307475,-23.307475,-51.148004,-51.148004,0724,0006,C4A7,07A54E15,7.8,735.0,735.0,0:12:03,89:15:46,-,-,0,-,,,,,,,,,00
2025-10-19 15:42:18,2025-10-19 15:42:17,2025-10-19 15:42:16,2025-10-19 15:42:17,867488068342780,26178,GTERI,0x19FE3FBF,0x00028102,802003,0x8303,0x0115,100,14202,0000,-,01,00,22,12,12,-,01,01,43.5,46.2,15,15,543,542,-23.307704,-23.307593,-51.148073,-51.148039,0724,0006,C4A7,07A54E15,7.8,734.9,734.9,0:12:03,89:15:46,-,-,0,-,,,,,04,3,00000000,00,10,,
2025-10-19 15:42:18,,,,867488068342780,26177,HBD
2025-10-19 15:41:46,,,,867488068342780,26176,ACK
2025-10-19 15:41:44,2025-10-19 15:41:43,2025-10-19 15:41:44,2025-10-19 15:41:39,867488068342780,26175,GTSPD,0x19FE7FBF,,802003,0x8303,0x0115,100,14155,0000,0000,01,00,22,12,12,-,01,01,37.0,50.0,14,14,551,554,-23.308993,-23.309537,-51.148448,-51.148601,0724,0006,C4A7,07A54E15,7.6,734.8,734.7,0:11:30,89:15:13,-,-,0,-,,,,,,,,,01
2025-10-19 15:41:36,,,,867488068342780,26174,ACK
2025-10-19 15:41:35,2025-10-19 15:41:35,2025-10-19 15:41:35,2025-10-19 15:41:35,867488068342780,26173,GTSPD,0x19FE7FBF,,802003,0x8303,0x0115,100,14231,0000,0000,01,00,22,12,12,-,01,01,47.3,47.3,23,23,557,557,-23.309998,-23.309998,-51.148781,-51.148781,0724,0006,C4A7,07A54E16,7.5,734.7,734.7,0:11:21,89:15:04,-,-,0,-,,,,,,,,,00
2025-10-19 15:41:31,2025-10-19 15:41:31,2025-10-19 15:41:31,2025-10-19 15:40:39,867488068342780,26172,GTSPD,0x19FE7FBF,,802003,0x8303,0x0115,100,14140,0000,0000,01,00,22,12,12,-,01,01,41.3,85.2,14,330,562,548,-23.310425,-23.319768,-51.148929,-51.149455,0724,0006,C4A7,07A55516,7.5,734.6,733.5,0:11:18,89:15:01,-,-,0,-,,,,,,,,,01
2025-10-19 15:41:31,,,,867488068342780,26171,ACK
2025-10-19 15:40:47,,,,867488068342780,26170,HBD
2025-10-19 15:39:18,2025-10-19 15:39:17,2025-10-19 15:39:16,2025-10-19 15:39:03,867488068342780,26169,GTERI,0x19FE3FBF,0x00028102,802003,0x8303,0x0115,100,14229,0000,-,01,01,22,12,12,-,01,01,67.8,72.7,358,337,522,518,-23.334812,-23.337,-51.146289,-51.145802,0724,0006,C4A7,07A54B0C,4.7,731.8,731.5,0:09:03,89:12:46,-,-,0,-,,,,,04,1,00000000,00,10,,
2025-10-19 15:38:59,,,,867488068342780,26168,ACK
2025-10-19 15:38:46,2025-10-19 15:38:45,2025-10-19 15:38:46,2025-10-19 15:38:46,867488068342780,26167,GTSPD,0x19FE7FBF,,802003,0x8303,0x0115,100,14174,0000,0000,01,00,22,12,12,-,01,01,50.0,50.0,326,326,524,524,-23.339372,-23.339372,-51.144197,-51.144197,0724,0006,C4A7,07A54B0C,4.1,731.2,731.2,0:08:33,89:12:16,-,-,0,-,,,,,,,,,00
2025-10-19 15:38:45,,,,867488068342780,26166,ACK
2025-10-19 15:38:13,2025-10-19 15:38:12,2025-10-19 15:38:13,2025-10-19 15:38:13,867488068342780,26165,GTERI,0x19FE3FBF,0x00028102,802003,0x8303,0x0115,100,14228,0000,-,01,00,22,12,12,-,01,01,17.7,17.7,345,345,529,529,-23.340228,-23.340228,-51.143612,-51.143612,0724,0006,C4A7,07A54B0C,4.0,731.1,731.1,0:08:00,89:11:43,-,-,0,-,,,,,04,1,00000000,00,11,,
2025-10-19 15:38:13,,,,867488068342780,26164,HBD
2025-10-19 15:38:10,2025-10-19 15:38:09,2025-10-19 15:38:10,2025-10-19 15:38:05,867488068342780,26163,GTERI,0x19FE3FBF,0x00028102,802003,0x8303,0x0115,100,14309,0000,-,01,00,22,12,12,-,01,01,13.6,21.1,39,123,530,531,-23.340339,-23.340347,-51.143617,-51.143847,0724,0006,C4A7,07A54B0C,4.0,731.1,731.1,0:07:57,89:11:40,-,-,0,-,,,,,04,1,00000000,00,11,,
2025-10-19 15:37:27,,,,26162,GTHBE
2025-10-19 15:37:24,,,,867488068342780,26161,ACK
2025-10-19 15:37:23,2025-10-19 15:37:22,2025-10-19 15:37:23,2025-10-19 15:37:15,867488068342780,26160,GTSPD,0x19FE7FBF,,802003,0x8303,0x0115,100,14241,0000,0000,01,01,22,12,12,-,01,01,39.4,56.9,120,119,533,534,-23.340076,-23.339566,-51.144318,-51.145278,0724,0006,C4A7,07A54B0C,3.9,731.0,730.9,0:07:09,89:10:52,-,-,0,-,,,,,,,,,01
2025-10-19 15:37:15,,,,867488068342780,26159,ACK
2025-10-19 15:37:14,2025-10-19 15:37:08,2025-10-19 15:37:09,2025-10-19 15:37:09,867488068342780,26158,GTERI,0x19FE3FBF,0x00028102,802003,0x8303,0x0115,100,14316,0000,-,01,00,22,12,12,-,01,01,54.0,54.0,104,104,535,535,-23.339219,-23.339219,-51.146095,-51.146095,0724,0006,C4A7,07A54B0C,3.7,730.8,730.8,0:06:54,89:10:37,-,-,0,-,,,,,04,1,00000000,00,11,,
2025-10-19 15:37:14,,,,867488068342780,26157,ACK
2025-10-19 15:37:13,2025-10-19 15:37:04,2025-10-19 15:37:04,2025-10-19 15:37:04,867488068342780,26156,GTSPD,0x19FE7FBF,,802003,0x8303,0x0115,100,14361,0000,0000,01,00,22,12,12,-,01,01,46.5,46.5,86,86,536,536,-23.339148,-23.339148,-51.146787,-51.146787,0724,0006,C4A7,07A54B0C,3.6,730.8,730.8,0:06:51,89:10:34,-,-,0,-,,,,,,,,,00
2025-10-19 15:37:13,2025-10-19 15:36:58,2025-10-19 15:36:58,2025-10-19 15:36:58,867488068342780,26155,GTERI,0x19FE3FBF,0x00028102,802003,0x8303,0x0115,100,14185,0000,-,01,00,22,12,12,-,01,01,32.3,32.3,58,58,537,537,-23.339396,-23.339396,-51.147377,-51.147377,0724,0006,C4A7,07A54B0C,3.6,730.7,730.7,0:06:45,89:10:28,-,-,0,-,,,,,04,1,00000000,00,11,,
2025-10-19 15:37:12,2025-10-19 15:36:55,2025-10-19 15:36:55,2025-10-19 15:36:54,867488068342780,26154,GTERI,0x19FE3FBF,0x00028102,802003,0x8303,0x0115,100,14321,0000,-,01,01,22,12,12,-,01,01,31.1,31.7,105,91,538,538,-23.339419,-23.339404,-51.147617,-51.1477,0724,0006,C4A7,07A54B0C,3.5,730.7,730.6,0:06:42,89:10:25,-,-,0,-,,,,,04,1,00000000,00,11,,
2025-10-19 15:37:12,,,,867488068342780,26153,ACK
2025-10-19 15:37:11,,,,26152,GTHBE
2025-10-19 15:37:11,2025-10-19 15:36:51,2025-10-19 15:36:51,2025-10-19 15:36:41,867488068342780,26151,GTSPD,0x19FE7FBF,,802003,0x8303,0x0115,100,14316,0000,0000,01,01,22,12,12,-,01,01,38.6,54.4,55,53,538,542,-23.339479,-23.340222,-51.147957,-51.149049,0724,0006,C4A7,07A54B0D,3.5,730.6,730.5,0:06:36,89:10:19,-,-,0,-,,,,,,,,,01
2025-10-19 15:36:51,2025-10-19 15:36:51,2025-10-19 15:36:51,2025-10-19 15:36:41,867488068342780,26151,GTSPD,0x19FE7FBF,,802003,0x8303,0x0115,100,14316,0000,0000,01,01,22,12,12,-,01,01,38.6,54.4,55,53,538,542,-23.339479,-23.340222,-51.147957,-51.149049,0724,0006,C4A7,07A54B0D,3.5,730.6,730.5,0:06:36,89:10:19,-,-,0,-,,,,,,,,,01
2025-10-19 15:36:45,,,,867488068342780,26150,ACK
2025-10-19 15:36:35,2025-10-19 15:36:35,2025-10-19 15:36:35,2025-10-19 15:36:35,867488068342780,26149,GTSPD,0x19FE7FBF,,802003,0x8303,0x0115,100,14271,0000,0000,01,00,22,12,12,-,01,01,48.2,48.2,53,53,542,542,-23.340691,-23.340691,-51.149733,-51.149733,0724,0006,C4A7,07A54B0D,3.3,730.4,730.4,0:06:21,89:10:04,-,-,0,-,,,,,,,,,00
2025-10-19 15:36:35,,,,867488068342780,26148,ACK
2025-10-19 15:36:30,2025-10-19 15:36:30,2025-10-19 15:36:30,2025-10-19 15:36:25,867488068342780,26147,GTERI,0x19FE3FBF,0x00028102,802003,0x8303,0x0115,100,14357,0000,-,01,00,22,12,12,-,01,01,39.5,43.0,50,87,540,535,-23.341022,-23.34117,-51.150207,-51.150715,0724,0006,C4A7,07A54B0D,3.2,730.3,730.3,0:06:15,89:09:58,-,-,0,-,,,,,04,1,00000000,00,11,,
2025-10-19 15:36:20,,,,867488068342780,26146,ACK
2025-10-19 15:36:19,2025-10-19 15:36:19,2025-10-19 15:36:19,2025-10-19 15:36:18,867488068342780,26145,GTERI,0x19FE3FBF,0x00028102,802003,0x8303,0x0115,100,14269,0000,-,01,01,22,12,12,-,01,01,34.6,37.5,99,121,532,532,-23.341278,-23.341253,-51.151338,-51.151429,0724,0006,C4A7,07A54B0D,3.1,730.2,730.2,0:06:06,89:09:49,-,-,0,-,,,,,04,1,00000000,00,11,,
2025-10-19 15:36:18,2025-10-19 15:36:17,2025-10-19 15:36:16,2025-10-19 15:36:17,867488068342780,26144,GTERI,0x19FE3FBF,0x00028102,802003,0x8303,0x0115,100,14339,0000,-,01,01,22,12,12,-,01,01,42.8,40.3,156,142,531,532,-23.341109,-23.341195,-51.15157,-51.15151,0724,0006,C4A7,07A54B0D,3.1,730.2,730.2,0:06:03,89:09:46,-,-,0,-,,,,,04,1,00000000,00,10,,
2025-10-19 15:36:16,2025-10-19 15:36:16,2025-10-19 15:36:16,2025-10-19 15:36:12,867488068342780,26143,GTSPD,0x19FE7FBF,,802003,0x8303,0x0115,100,14339,0000,0000,01,01,22,12,12,-,01,01,42.8,49.6,156,134,531,530,-23.341109,-23.340706,-51.15157,-51.151801,0724,0006,C4A7,07A54B0D,3.0,730.2,730.1,0:06:03,89:09:46,-,-,0,-,,,,,,,,,01
2025-10-19 15:36:16,,,,867488068342780,26142,HBD
2025-10-19 15:36:11,2025-10-19 15:36:11,2025-10-19 15:36:11,2025-10-19 15:36:10,867488068342780,26141,GTERI,0x19FE3FBF,0x00028102,802003,0x8303,0x0115,100,14270,0000,-,01,01,22,12,12,-,01,01,50.5,51.4,123,112,531,531,-23.340624,-23.340561,-51.151903,-51.152022,0724,0006,C4A7,07A54B0D,3.0,730.1,730.1,0:05:57,89:09:40,-,-,0,-,,,,,04,1,00000000,00,11,,
2025-10-19 15:36:10,,,,26140,GTHBE
2025-10-19 15:35:59,,,,867488068342780,26139,ACK
2025-10-19 15:35:49,,,,867488068342780,26138,ACK
2025-10-19 15:35:47,2025-10-19 15:35:46,2025-10-19 15:35:47,2025-10-19 15:35:47,867488068342780,26137,GTSPD,0x19FE7FBF,,802003,0x8303,0x0115,100,14355,0000,0000,01,00,22,12,12,-,01,01,48.6,48.6,67,67,550,550,-23.341147,-23.341147,-51.155386,-51.155386,0724,0006,C4A7,07A5BF0B,2.6,729.8,729.8,0:05:33,89:09:16,-,-,0,-,,,,,,,,,00
2025-10-19 15:35:44,,,,867488068342780,26136,ACK
2025-10-19 15:35:44,2025-10-19 15:35:43,2025-10-19 15:35:44,2025-10-19 15:35:37,867488068342780,26135,GTSPD,0x19FE7FBF,,802003,0x8303,0x0115,100,14355,0000,0000,01,00,22,12,12,-,01,01,44.6,52.2,68,66,551,552,-23.341275,-23.341592,-51.155737,-51.156576,0724,0006,C4A7,07A5BF0B,2.6,729.7,729.6,0:05:30,89:09:13,-,-,0,-,,,,,,,,,01
2025-10-19 15:35:34,,,,867488068342780,26134,ACK
2025-10-19 15:35:33,2025-10-19 15:35:32,2025-10-19 15:35:33,2025-10-19 15:35:33,867488068342780,26133,GTSPD,0x19FE7FBF,,802003,0x8303,0x0115,100,14386,0000,0000,01,00,22,12,12,-,01,01,47.3,47.3,65,65,553,553,-23.341799,-23.341799,-51.157075,-51.157075,0724,0006,C4A7,07A5BF0B,2.4,729.6,729.6,0:05:18,89:09:01,-,-,0,-,,,,,,,,,00
2025-10-19 15:35:20,,,,867488068342780,26132,ACK
2025-10-19 15:35:19,2025-10-19 15:35:18,2025-10-19 15:35:19,2025-10-19 15:35:13,867488068342780,26131,GTSPD,0x19FE7FBF,,802003,0x8303,0x0115,100,14239,0000,0000,01,00,22,12,12,-,01,01,35.4,52.8,67,68,553,553,-23.34225,-23.342519,-51.158208,-51.15891,0724,0006,C4A7,07A5BF0B,2.3,729.4,729.4,0:05:06,89:08:49,-,-,0,-,,,,,,,,,01
2025-10-19 15:35:10,,,,867488068342780,26130,ACK
2025-10-19 15:35:10,2025-10-19 15:35:09,2025-10-19 15:35:10,2025-10-19 15:35:10,867488068342780,26129,GTSPD,0x19FE7FBF,,802003,0x8303,0x0115,100,14349,0000,0000,01,00,22,12,12,-,01,01,48.8,48.8,67,67,553,553,-23.342664,-23.342664,-51.159299,-51.159299,0724,0006,C4A7,07A5BF0B,2.2,729.3,729.3,0:04:57,89:08:40,-,-,0,-,,,,,,,,,00
2025-10-19 15:34:59,,,,26128,GTHBE
2025-10-19 15:34:50,,,,867488068342780,26127,ACK
2025-10-19 15:34:47,2025-10-19 15:34:46,2025-10-19 15:34:47,2025-10-19 15:34:37,867488068342780,26126,GTSPD,0x19FE7FBF,,802003,0x8303,0x0115,100,14349,0000,0000,01,01,22,12,12,-,01,01,39.8,54.5,65,68,554,556,-23.343204,-23.343695,-51.160731,-51.161962,0724,0006,C4A7,07A5BF0B,2.0,729.2,729.0,0:04:33,89:08:16,-,-,0,-,,,,,,,,,01
2025-10-19 15:34:40,,,,867488068342780,26125,ACK
2025-10-19 15:34:30,,,,867488068342780,26124,ACK
2025-10-19 15:34:28,2025-10-19 15:34:28,2025-10-19 15:34:28,2025-10-19 15:34:28,867488068342780,26123,GTSPD,0x19FE7FBF,,802003,0x8303,0x0115,100,14336,0000,0000,01,00,22,12,12,-,01,01,48.8,48.8,67,67,562,562,-23.344136,-23.344136,-51.163154,-51.163154,0724,0006,C4A7,07A5BF01,1.8,728.9,728.9,0:04:15,89:07:58,-,-,0,-,,,,,,,,,00
2025-10-19 15:34:24,,,,867488068342780,26122,ACK
2025-10-19 15:34:22,2025-10-19 15:34:21,2025-10-19 15:34:22,2025-10-19 15:34:04,867488068342780,26121,GTSPD,0x19FE7FBF,,802003,0x8303,0x0115,100,14401,0000,0000,01,00,22,12,12,-,01,01,42.3,55.1,68,68,564,579,-23.344383,-23.345221,-51.16382,-51.16607,0724,0006,C4A7,07A5BF01,1.7,728.8,728.6,0:04:09,89:07:52,-,-,0,-,,,,,,,,,01
2025-10-19 15:34:16,,,,867488068342780,26120,ACK
2025-10-19 15:34:15,,,,867488068342780,26119,ACK
2025-10-19 15:34:15,,,,867488068342780,26118,ACK
2025-10-19 15:34:14,,,,867488068342780,26117,HBD
2025-10-19 15:33:54,,,,867488068342780,26116,ACK
2025-10-19 15:33:46,2025-10-19 15:33:45,2025-10-19 15:33:46,2025-10-19 15:33:46,867488068342780,26115,GTSPD,0x19FE7FBF,,802003,0x8303,0x0115,100,14360,0000,0000,01,00,22,12,12,-,01,01,47.8,47.8,67,67,593,593,-23.346109,-23.346109,-51.168439,-51.168439,0724,0006,C4A7,07A5BF01,1.2,728.3,728.3,0:03:33,89:07:16,-,-,0,-,,,,,,,,,00
2025-10-19 15:33:45,,,,867488068342780,26114,ACK
2025-10-19 15:33:37,2025-10-19 15:33:36,2025-10-19 15:33:37,2025-10-19 15:33:37,867488068342780,26113,GTERI,0x19FE3FBF,0x00028102,802003,0x8303,0x0115,100,14295,0000,-,01,00,22,12,12,-,01,01,26.5,26.5,68,68,596,596,-23.346437,-23.346437,-51.169317,-51.169317,0724,0006,C4A7,07A5BF01,1.1,728.2,728.2,0:03:24,89:07:07,-,-,0,-,,,,,04,7,00000000,00,11,,
2025-10-19 15:33:33,2025-10-19 15:33:32,2025-10-19 15:33:33,2025-10-19 15:33:21,867488068342780,26112,GTERI,0x19FE3FBF,0x00028102,802003,0x8303,0x0115,100,14295,0000,-,01,00,22,12,12,-,01,01,12.8,34.5,113,181,597,594,-23.346475,-23.346023,-51.169521,-51.169574,0724,0006,C4A7,07A5BF01,1.0,728.2,728.1,0:03:18,89:07:01,-,-,0,-,,,,,04,7,00000000,00,11,,
2025-10-19 15:33:20,2025-10-19 15:33:19,2025-10-19 15:33:20,2025-10-19 15:33:18,867488068342780,26111,GTSPD,0x19FE7FBF,,802003,0x8303,0x0115,100,14346,0000,0000,01,01,22,12,12,-,01,01,38.5,45.6,180,179,594,592,-23.345934,-23.345726,-51.169572,-51.169573,0724,0006,C4A7,07A5BF01,1.0,728.1,728.1,0:03:06,89:06:49,-,-,0,-,,,,,,,,,01
2025-10-19 15:33:20,,,,867488068342780,26110,ACK
2025-10-19 15:33:18,2025-10-19 15:33:17,2025-10-19 15:33:16,2025-10-19 15:33:06,867488068342780,26109,GTERI,0x19FE3FBF,0x00028102,802003,0x8303,0x0115,100,14346,0000,-,01,01,22,12,12,-,01,01,47.3,48.5,177,180,591,583,-23.345492,-23.344314,-51.169579,-51.16959,0724,0006,C4A7,07A5BF01,1.0,728.1,727.9,0:03:03,89:06:46,-,-,0,-,,,,,04,7,00000000,00,10,,
2025-10-19 15:33:15,,,,867488068342780,26108,ACK
2025-10-19 15:33:05,2025-10-19 15:33:04,2025-10-19 15:33:05,2025-10-19 15:33:05,867488068342780,26107,GTSPD,0x19FE7FBF,,802003,0x8303,0x0115,100,14431,0000,0000,01,00,22,12,12,-,01,01,47.1,47.1,180,180,582,582,-23.344193,-23.344193,-51.169588,-51.169588,0724,0006,C4A7,07A5BF01,0.8,727.9,727.9,0:02:51,89:06:34,-,-,0,-,,,,,,,,,00
2025-10-19 15:33:05,,,,867488068342780,26106,ACK
2025-10-19 15:32:34,,,,867488068342780,26105,ACK
2025-10-19 15:32:34,2025-10-19 15:32:33,2025-10-19 15:32:34,2025-10-19 15:32:28,867488068342780,26104,GTSPD,0x19FE7FBF,,802003,0x8303,0x0115,100,14356,0000,0000,01,00,22,11,12,-,01,01,41.4,52.0,179,181,557,551,-23.340877,-23.340173,-51.169555,-51.169538,0724,0006,C4A7,07A5BF01,0.4,727.6,727.5,0:02:21,89:06:04,-,-,0,-,,,,,,,,,01
2025-10-19 15:32:24,,,,867488068342780,26103,ACK
2025-10-19 15:32:23,2025-10-19 15:32:22,2025-10-19 15:32:23,2025-10-19 15:32:23,867488068342780,26102,GTSPD,0x19FE7FBF,,802003,0x8303,0x0115,100,14356,0000,0000,01,00,22,12,12,-,01,01,47.8,47.8,179,179,551,551,-23.339539,-23.339539,-51.16953,-51.16953,0724,0006,C4A7,07A5BF01,0.3,727.4,727.4,0:02:09,89:05:52,-,-,0,-,,,,,,,,,00
2025-10-19 15:32:20,2025-10-19 15:32:19,2025-10-19 15:32:20,2025-10-19 15:32:20,867488068342780,26101,GTERI,0x19FE3FBF,0x00028102,802003,0x8303,0x0115,100,14356,0000,-,01,00,22,12,12,-,01,01,44.0,44.0,169,169,553,553,-23.3392,-23.3392,-51.16956,-51.16956,0724,0006,C4A7,07A5BF01,0.2,727.4,727.4,0:02:06,89:05:49,-,-,0,-,,,,,04,7,00000000,00,11,,
2025-10-19 15:32:20,,,,867488068342780,26100,HBD
2025-10-19 15:32:08,2025-10-19 15:32:07,2025-10-19 15:32:08,2025-10-19 15:32:08,867488068342780,26099,GTERI,0x19FE3FBF,0x00028102,802003,0x8303,0x0115,100,14290,0000,-,01,00,22,12,12,-,01,01,21.1,21.1,123,123,567,567,-23.338411,-23.338411,-51.170197,-51.170197,0724,0006,C4A7,07A5BF01,0.1,727.3,727.3,0:01:54,89:05:37,-,-,0,-,,,,,04,7,00000000,00,11,,
2025-10-19 15:32:05,2025-10-19 15:32:05,2025-10-19 15:32:05,2025-10-19 15:32:05,867488068342780,26098,GTERI,0x19FE3FBF,0x00028102,802003,0x8303,0x0115,100,14354,0000,-,01,00,22,12,12,-,01,01,11.2,11.2,168,168,570,570,-23.33833,-23.33833,-51.17029,-51.17029,0724,0006,C4A7,07A5BF01,0.1,727.3,727.3,0:01:51,89:05:34,-,-,0,-,,,,,04,7,00000000,00,11,,
2025-10-19 15:32:03,2025-10-19 15:32:03,2025-10-19 15:32:03,2025-10-19 15:31:57,867488068342780,26097,GTERI,0x19FE3FBF,0x00028102,802003,0x8303,0x0115,100,14354,0000,-,01,00,22,12,12,-,01,01,10.3,20.3,219,301,571,572,-23.338281,-23.338326,-51.170286,-51.170074,0724,0006,C4A7,07A5BF01,0.1,727.3,727.2,0:01:48,89:05:31,-,-,0,-,,,,,04,7,00000000,00,11,,
2025-10-19 15:31:49,2025-10-19 15:31:49,2025-10-19 15:31:49,2025-10-19 15:31:45,867488068342780,26096,GTERI,0x19FE3FBF,0x00028102,802003,0x8303,0x0115,100,14265,0000,-,01,00,22,12,12,-,01,01,8.9,11.2,280,241,571,567,-23.338474,-23.33848,-51.169776,-51.169708,0724,0006,C4A7,07A5BF01,0.0,727.2,727.2,0:01:36,89:05:19,-,-,0,-,,,,,04,7,00000000,00,11,,
2025-10-19 15:31:37,2025-10-19 15:31:37,2025-10-19 15:31:37,2025-10-19 15:31:30,867488068342780,26095,GTERI,0x19FE3FBF,0x00028102,802003,0x8303,0x0115,100,14215,0000,-,01,00,22,12,12,-,01,01,6.4,10.0,226,276,565,563,-23.338386,-23.338319,-51.169581,-51.16945,0724,0006,C4A7,07A5BF01,0.0,727.2,727.1,0:01:24,89:05:07,-,-,0,-,,,,,04,7,00000000,00,11,,
2025-10-19 15:31:26,2025-10-19 15:31:26,2025-10-19 15:31:26,2025-10-19 15:31:26,867488068342780,26094,GTERI,0x19FE3FBF,0x00028102,802003,0x8303,0x0115,100,14290,0000,-,01,00,22,12,12,-,01,01,9.8,9.8,271,271,563,563,-23.338318,-23.338318,-51.169309,-51.169309,0724,0006,C4A7,07A5BF01,0.0,727.1,727.1,0:01:12,89:04:55,-,-,0,-,,,,,04,7,00000000,00,11,,
2025-10-19 15:30:25,2025-10-19 15:30:24,2025-10-19 15:30:25,2025-10-19 15:30:25,867488068342780,26093,GTIGL,0x19FE7FBF,,802003,0x8303,0x0115,100,12269,0000,0000,01,00,22,8,8,-,01,01,0.0,0.0,352,352,564,564,-23.33835,-23.33835,-51.1693,-51.1693,0724,0006,C4A7,07A5BF01,0.0,727.1,727.1,0:00:12,89:03:55,-,-,0,-,,,,,,,,,00
2025-10-19 15:30:25,2025-10-19 15:30:24,2025-10-19 15:30:25,2025-10-19 15:30:25,867488068342780,26092,GTERI,0x19FE3FBF,0x00028102,802003,0x8303,0x0115,100,12269,0000,-,01,00,22,8,8,-,01,01,0.0,0.0,352,352,564,564,-23.33835,-23.33835,-51.1693,-51.1693,0724,0006,C4A7,07A5BF01,0.0,727.1,727.1,0:00:12,89:03:55,-,-,0,-,,,,,04,7,00000000,00,10,,
2025-10-19 15:30:14,2025-10-19 15:30:12,2025-10-19 15:24:00,2025-10-19 15:24:00,867488068342780,26091,GTSTT,0x19FE7FBF,,802003,0x8303,0x0115,100,12067,0000,0000,01,00,22,8,8,-,00,00,0.0,0.0,352,352,561,561,-23.33832,-23.33832,-51.169307,-51.169307,0724,0006,C4A7,07A5BF01,0.0,727.1,727.1,0:00:00,89:03:43,-,-,0,-
2025-10-19 15:30:13,2025-10-19 15:30:12,2025-10-19 15:24:00,2025-10-19 15:24:00,867488068342780,26090,GTSTT,0x19FE7FBF,,802003,0x8303,0x0115,100,12067,0000,0000,01,00,21,8,8,-,00,00,0.0,0.0,352,352,561,561,-23.33832,-23.33832,-51.169307,-51.169307,0724,0006,C4A7,07A5BF01,0.0,727.1,727.1,0:00:00,89:03:43,-,-,0,-
2025-10-19 15:30:13,2025-10-19 15:30:12,2025-10-19 15:24:00,2025-10-19 11:21:16,867488068342780,26089,GTIGN,0x19FE7FBF,,802003,0x8303,0x0115,100,12067,0000,0000,01,00,21,8,12,14926,00,01,0.0,4.4,352,358,561,561,-23.33832,-23.338336,-51.169307,-51.169306,0724,0006,C4A7,07A5BF01,0.0,727.1,727.1,0:00:00,89:03:43,-,-,0,-
2025-10-19 15:30:13,,,,867488068342780,26088,HBD
2025-10-19 15:26:22,2025-10-19 15:26:21,2025-10-19 15:24:00,2025-10-19 15:24:00,867488068342780,26087,GTERI,0x19FE3FBF,0x00028102,802003,0x8303,0x0115,100,12857,0000,-,00,00,11,8,8,-,01,01,0.0,0.0,352,352,561,561,-23.33832,-23.33832,-51.169307,-51.169307,0724,0006,C4A7,07A5BF01,0.5,727.1,727.1,0:01:51,89:03:43,-,-,0,-,,,,,04,7,00000000,00,10,,
2025-10-19 14:26:22,2025-10-19 14:26:21,2025-10-19 14:24:20,2025-10-19 14:24:20,867488068342780,26086,GTERI,0x19FE3FBF,0x00028102,802003,0x8303,0x0115,100,12876,0000,-,00,00,11,11,11,-,01,01,0.0,0.0,352,352,561,561,-23.33832,-23.33832,-51.169307,-51.169307,0724,0006,C4A7,07A5BF01,0.5,727.1,727.1,0:01:51,89:03:43,-,-,0,-,,,,,04,7,00000000,00,10,,
2025-10-19 13:26:22,2025-10-19 13:26:21,2025-10-19 13:23:58,2025-10-19 13:23:58,867488068342780,26085,GTERI,0x19FE3FBF,0x00028102,802003,0x8303,0x0115,100,12958,0000,-,00,00,11,12,12,-,01,01,0.0,0.0,352,352,561,561,-23.33832,-23.33832,-51.169307,-51.169307,0724,0006,C4A7,07A5BF01,0.5,727.1,727.1,0:01:51,89:03:43,-,-,0,-,,,,,04,7,00000000,00,10,,
2025-10-19 12:26:22,2025-10-19 12:26:21,2025-10-19 12:23:57,2025-10-19 12:23:57,867488068342780,26084,GTERI,0x19FE3FBF,0x00028102,802003,0x8303,0x0115,100,12974,0000,-,00,00,11,12,12,-,01,01,0.0,0.0,352,352,561,561,-23.33832,-23.33832,-51.169307,-51.169307,0724,0006,C4A7,07A5BF01,0.5,727.1,727.1,0:01:51,89:03:43,-,-,0,-,,,,,04,7,00000000,00,10,,
2025-10-19 11:26:27,2025-10-19 11:26:27,2025-10-19 11:26:27,2025-10-19 11:26:27,867488068342780,26083,GTERI,0x19FE3FBF,0x00028102,802003,0x8303,0x0115,100,13084,0000,-,00,00,11,12,12,-,01,01,0.0,0.0,352,352,561,561,-23.33832,-23.33832,-51.169307,-51.169307,0724,0006,C4A7,07A5BF01,0.5,727.1,727.1,0:01:51,89:03:43,-,-,0,-,,,,,04,7,00000000,00,10,,
2025-10-19 11:25:07,2025-10-19 11:25:06,2025-10-19 11:25:05,2025-10-19 11:25:05,867488068342780,26082,GTERI,0x19FE3FBF,0x00028102,802003,0x8303,0x0115,100,13060,0000,-,00,00,11,12,12,-,01,01,0.0,0.0,352,352,561,561,-23.33832,-23.33832,-51.169307,-51.169307,0724,0006,C4A7,07A5BF01,0.5,727.1,727.1,0:01:51,89:03:43,-,-,0,-,,,,,04,7,00000000,00,10,,
2025-10-19 11:24:10,,,,867488068342780,26081,HBD
2025-10-19 11:22:07,2025-10-19 11:22:06,2025-10-19 11:22:06,2025-10-19 11:22:06,867488068342780,26080,GTSTT,0x19FE7FBF,,802003,0x8303,0x0115,100,13110,0000,0000,00,00,11,12,12,-,01,01,0.0,0.0,352,352,561,561,-23.33832,-23.33832,-51.169307,-51.169307,0724,0006,C4A7,07A5BF01,0.5,727.1,727.1,0:01:51,89:03:43,-,-,0,-
2025-10-19 11:22:07,2025-10-19 11:22:06,2025-10-19 11:22:05,2025-10-19 11:22:05,867488068342780,26079,GTERI,0x19FE3FBF,0x00028102,802003,0x8303,0x0115,100,13110,0000,-,00,00,12,12,12,-,01,01,0.0,0.0,352,352,561,561,-23.33832,-23.33832,-51.169307,-51.169307,0724,0006,C4A7,07A5BF01,0.5,727.1,727.1,0:01:51,89:03:43,-,-,0,-,,,,,04,7,00000000,00,10,,
2025-10-19 11:22:07,,,,867488068342780,26078,HBD
2025-10-19 11:21:28,,,,867488068342780,26077,ACK
2025-10-19 11:21:28,,,,867488068342780,26076,ACK
2025-10-19 11:21:27,2025-10-19 11:21:27,2025-10-19 11:21:27,2025-10-19 11:21:27,867488068342780,26075,GTIGL,0x19FE7FBF,,802003,0x8303,0x0115,100,13421,0000,0000,00,00,12,12,12,-,01,01,0.0,0.0,352,352,561,561,-23.33832,-23.33832,-51.169307,-51.169307,0724,0006,C4A7,07A5BF01,0.5,727.1,727.1,0:01:51,89:03:43,-,-,0,-,,,,,,,,,01
2025-10-19 11:21:27,2025-10-19 11:21:26,2025-10-19 11:21:26,2025-10-19 11:21:26,867488068342780,26074,GTSTT,0x19FE7FBF,,802003,0x8303,0x0115,100,13474,0000,0000,00,00,12,12,12,-,01,01,0.0,0.0,352,352,561,561,-23.33832,-23.33832,-51.169307,-51.169307,0724,0006,C4A7,07A5BF01,0.5,727.1,727.1,0:01:51,89:03:43,-,-,0,-
2025-10-19 11:21:26,2025-10-19 11:21:26,2025-10-19 11:21:26,2025-10-19 11:21:26,867488068342780,26073,GTIGF,0x19FE7FBF,,802003,0x8303,0x0115,100,13474,0000,0000,00,00,12,12,12,112,01,01,0.0,0.0,352,352,561,561,-23.33832,-23.33832,-51.169307,-51.169307,0724,0006,C4A7,07A5BF01,0.5,727.1,727.1,0:01:51,89:03:43,-,-,0,-
2025-10-19 11:21:14,2025-10-19 11:21:14,2025-10-19 11:21:14,2025-10-19 11:21:11,867488068342780,26072,GTERI,0x19FE3FBF,0x00028102,802003,0x8303,0x0115,100,14075,0000,-,01,00,22,12,12,-,01,01,3.0,3.4,352,199,561,561,-23.338359,-23.338363,-51.169306,-51.169307,0724,0006,C4A7,07A5BF01,0.5,727.1,727.1,0:01:39,89:03:31,-,-,0,-,,,,,04,7,00000000,00,11,,
2025-10-19 11:21:10,2025-10-19 11:21:10,2025-10-19 11:21:10,2025-10-19 11:21:10,867488068342780,26071,GTERI,0x19FE3FBF,0x00028102,802003,0x8303,0x0115,100,14072,0000,-,01,00,22,12,12,-,01,01,5.2,5.2,212,212,561,561,-23.338356,-23.338356,-51.169306,-51.169306,0724,0006,C4A7,07A5BF01,0.5,727.1,727.1,0:01:36,89:03:28,-,-,0,-,,,,,04,7,00000000,00,11,,
2025-10-19 11:21:03,2025-10-19 11:21:03,2025-10-19 11:21:03,2025-10-19 11:21:03,867488068342780,26070,GTERI,0x19FE3FBF,0x00028102,802003,0x8303,0x0115,100,14175,0000,-,01,00,22,12,12,-,01,01,5.0,5.0,292,292,560,560,-23.338368,-23.338368,-51.169292,-51.169292,0724,0006,C4A7,07A5BF01,0.5,727.1,727.1,0:01:27,89:03:19,-,-,0,-,,,,,04,7,00000000,00,11,,
2025-10-19 11:21:02,2025-10-19 11:21:02,2025-10-19 11:21:02,2025-10-19 11:21:02,867488068342780,26069,GTERI,0x19FE3FBF,0x00028102,802003,0x8303,0x0115,100,14102,0000,-,01,00,22,12,12,-,01,01,3.8,3.8,246,246,560,560,-23.338375,-23.338375,-51.169282,-51.169282,0724,0006,C4A7,07A5BF01,0.5,727.1,727.1,0:01:27,89:03:19,-,-,0,-,,,,,04,7,00000000,00,11,,
2025-10-19 11:20:59,,,,26068,GTHBE
2025-10-19 11:20:53,2025-10-19 11:20:53,2025-10-19 11:20:53,2025-10-19 11:20:51,867488068342780,26067,GTERI,0x19FE3FBF,0x00028102,802003,0x8303,0x0115,100,14219,0000,-,01,00,22,12,12,-,01,01,15.5,16.2,88,82,560,560,-23.338336,-23.338339,-51.169458,-51.169543,0724,0006,C4A7,07A5BF01,0.5,727.1,727.1,0:01:18,89:03:10,-,-,0,-,,,,,04,7,00000000,00,11,,
2025-10-19 11:20:43,2025-10-19 11:20:43,2025-10-19 11:20:43,2025-10-19 11:20:20,867488068342780,26066,GTERI,0x19FE3FBF,0x00028102,802003,0x8303,0x0115,100,14153,0000,-,01,00,22,12,12,-,01,01,6.6,36.1,43,332,557,553,-23.338479,-23.338789,-51.169765,-51.169572,0724,0006,C4A7,07A5BF01,0.5,727.1,727.1,0:01:09,89:03:01,-,-,0,-,,,,,04,7,00000000,00,11,,
2025-10-19 11:20:23,,,,867488068342780,26065,ACK
2025-10-19 11:20:19,2025-10-19 11:20:19,2025-10-19 11:20:19,2025-10-19 11:20:08,867488068342780,26064,GTSPD,0x19FE7FBF,,802003,0x8303,0x0115,100,14251,0000,0000,01,01,22,12,12,-,01,01,38.4,49.9,336,0,552,548,-23.338871,-23.340141,-51.169528,-51.169413,0724,0006,C4A7,07A5BF01,0.5,727.1,726.9,0:00:45,89:02:37,-,-,0,-,,,,,,,,,01
2025-10-19 11:20:18,,,,867488068342780,26063,ACK
2025-10-19 11:20:08,,,,867488068342780,26062,ACK
2025-10-19 11:20:07,2025-10-19 11:20:07,2025-10-19 11:20:07,2025-10-19 11:20:07,867488068342780,26061,GTSPD,0x19FE7FBF,,802003,0x8303,0x0115,100,14104,0000,0000,01,00,22,12,12,-,01,01,48.4,48.4,359,359,549,549,-23.340265,-23.340265,-51.169413,-51.169413,0724,0006,C4A7,07A5BF01,0.3,726.9,726.9,0:00:30,89:02:22,-,-,0,-,,,,,,,,,00
2025-10-19 11:19:39,2025-10-19 11:19:38,2025-10-19 11:19:39,2025-10-19 11:19:39,867488068342780,26060,GTERI,0x19FE3FBF,0x00028102,802003,0x8303,0x0115,100,13766,0000,-,01,00,22,12,12,-,01,01,10.1,10.1,355,355,576,576,-23.343019,-23.343019,-51.169424,-51.169424,0724,0006,C4A7,07A5BF01,0.0,726.6,726.6,0:00:03,89:01:55,-,-,0,-,,,,,04,7,00000000,00,11,,
2025-10-19 11:19:35,2025-10-19 11:19:34,2025-10-19 11:19:35,2025-10-19 11:19:35,867488068342780,26059,GTIGL,0x19FE7FBF,,802003,0x8303,0x0115,100,12704,0000,0000,01,00,22,12,12,-,01,01,0.0,0.0,193,193,576,576,-23.34303,-23.34303,-51.16942,-51.16942,0724,0006,C4A7,07A5BF01,0.0,726.6,726.6,0:00:00,89:01:52,-,-,0,-,,,,,,,,,00
2025-10-19 11:19:35,2025-10-19 11:19:34,2025-10-19 11:19:34,2025-10-19 11:19:34,867488068342780,26058,GTSTT,0x19FE7FBF,,802003,0x8303,0x0115,100,12704,0000,0000,01,00,22,12,12,-,01,01,0.0,0.0,193,193,576,576,-23.34303,-23.34303,-51.16942,-51.16942,0724,0006,C4A7,07A5BF01,0.0,726.6,726.6,0:00:00,89:01:52,-,-,0,-
2025-10-19 11:19:34,2025-10-19 11:19:34,2025-10-19 11:19:34,2025-10-19 11:15:00,867488068342780,26057,GTIGN,0x19FE7FBF,,802003,0x8303,0x0115,100,12704,0000,0000,01,00,22,12,12,263,01,01,0.0,8.0,193,183,576,577,-23.34303,-23.342981,-51.16942,-51.169425,0724,0006,C4A7,07A5BF01,0.0,726.6,726.6,0:00:00,89:01:52,-,-,0,-
2025-10-19 11:19:34,,,,867488068342780,26056,HBD
2025-10-19 11:19:07,2025-10-19 11:19:06,2025-10-19 11:19:05,2025-10-19 11:19:05,867488068342780,26055,GTERI,0x19FE3FBF,0x00028102,802003,0x8303,0x0115,100,13072,0000,-,00,00,11,12,12,-,01,01,0.0,0.0,193,193,576,576,-23.34303,-23.34303,-51.16942,-51.16942,0724,0006,C4A7,07A5BF01,1.4,726.6,726.6,0:05:09,89:01:52,-,-,0,-,,,,,04,7,00000000,00,10,,
2025-10-19 11:18:09,,,,867488068342780,26054,HBD
2025-10-19 11:16:07,2025-10-19 11:16:06,2025-10-19 11:16:05,2025-10-19 11:16:05,867488068342780,26053,GTERI,0x19FE3FBF,0x00028102,802003,0x8303,0x0115,100,13210,0000,-,00,00,11,12,12,-,01,01,0.0,0.0,193,193,576,576,-23.34303,-23.34303,-51.16942,-51.16942,0724,0006,C4A7,07A5BF01,1.4,726.6,726.6,0:05:09,89:01:52,-,-,0,-,,,,,04,7,00000000,00,10,,
2025-10-19 11:16:07,,,,867488068342780,26052,HBD
2025-10-19 11:15:33,2025-10-19 11:15:32,2025-10-19 11:15:32,2025-10-19 11:15:32,867488068342780,26051,GTSTT,0x19FE7FBF,,802003,0x8303,0x0115,100,13227,0000,0000,00,00,11,12,12,-,01,01,0.0,0.0,193,193,576,576,-23.34303,-23.34303,-51.16942,-51.16942,0724,0006,C4A7,07A5BF01,1.4,726.6,726.6,0:05:09,89:01:52,-,-,0,-
2025-10-19 11:15:13,2025-10-19 11:15:12,2025-10-19 11:15:12,2025-10-19 11:15:12,867488068342780,26050,GTIGL,0x19FE7FBF,,802003,0x8303,0x0115,100,13526,0000,0000,00,00,12,12,12,-,01,01,0.0,0.0,193,193,576,576,-23.34303,-23.34303,-51.16942,-51.16942,0724,0006,C4A7,07A5BF15,1.4,726.6,726.6,0:05:09,89:01:52,-,-,0,-,,,,,,,,,01
2025-10-19 11:15:13,,,,867488068342780,26049,ACK
2025-10-19 11:15:12,,,,867488068342780,26048,ACK
2025-10-19 11:15:12,2025-10-19 11:15:11,2025-10-19 11:15:11,2025-10-19 11:15:11,867488068342780,26047,GTSTT,0x19FE7FBF,,802003,0x8303,0x0115,100,14080,0000,0000,00,00,12,12,12,-,01,01,0.0,0.0,193,193,576,576,-23.34303,-23.34303,-51.16942,-51.16942,0724,0006,C4A7,07A5BF15,1.4,726.6,726.6,0:05:09,89:01:52,-,-,0,-
2025-10-19 11:15:11,2025-10-19 11:15:11,2025-10-19 11:15:11,2025-10-19 11:15:11,867488068342780,26046,GTIGF,0x19FE7FBF,,802003,0x8303,0x0115,100,14080,0000,0000,00,00,12,12,12,311,01,01,0.0,0.0,193,193,576,576,-23.34303,-23.34303,-51.16942,-51.16942,0724,0006,C4A7,07A5BF15,1.4,726.6,726.6,0:05:09,89:01:52,-,-,0,-
2025-10-19 11:14:59,2025-10-19 11:14:59,2025-10-19 11:14:59,2025-10-19 11:14:49,867488068342780,26045,GTERI,0x19FE3FBF,0x00028102,802003,0x8303,0x0115,100,14170,0000,-,01,00,22,12,12,-,01,01,6.0,23.6,193,359,577,581,-23.342963,-23.343195,-51.169425,-51.169452,0724,0006,C4A7,07A5BF15,1.4,726.6,726.6,0:04:57,89:01:40,-,-,0,-,,,,,04,3,00000000,00,11,,
2025-10-19 11:14:46,2025-10-19 11:14:46,2025-10-19 11:14:46,2025-10-19 11:14:46,867488068342780,26044,GTERI,0x19FE3FBF,0x00028102,802003,0x8303,0x0115,100,14323,0000,-,01,00,22,12,12,-,01,01,14.1,14.1,30,30,583,583,-23.343339,-23.343339,-51.169465,-51.169465,0724,0006,C4A7,07A5BF15,1.4,726.6,726.6,0:04:45,89:01:28,-,-,0,-,,,,,04,3,00000000,00,11,,
2025-10-19 11:14:44,2025-10-19 11:14:44,2025-10-19 11:14:44,2025-10-19 11:14:44,867488068342780,26043,GTERI,0x19FE3FBF,0x00028102,802003,0x8303,0x0115,100,14206,0000,-,01,00,22,12,12,-,01,01,5.4,5.4,76,76,584,584,-23.343378,-23.343378,-51.169502,-51.169502,0724,0006,C4A7,07A5BF15,1.4,726.6,726.6,0:04:42,89:01:25,-,-,0,-,,,,,04,3,00000000,00,11,,
2025-10-19 11:14:40,2025-10-19 11:14:40,2025-10-19 11:14:40,2025-10-19 11:14:38,867488068342780,26042,GTERI,0x19FE3FBF,0x00028102,802003,0x8303,0x0115,100,14144,0000,-,01,00,22,12,12,-,01,01,5.1,17.3,127,159,584,584,-23.343379,-23.343349,-51.169528,-51.169561,0724,0006,C4A7,07A5BF15,1.4,726.6,726.6,0:04:39,89:01:22,-,-,0,-,,,,,04,3,00000000,00,11,,
2025-10-19 11:14:38,,,,26041,GTHBE
2025-10-19 11:14:36,,,,867488068342780,26040,ACK
2025-10-19 11:14:35,2025-10-19 11:14:34,2025-10-19 11:14:35,2025-10-19 11:14:12,867488068342780,26039,GTSPD,0x19FE7FBF,,802003,0x8303,0x0115,100,14294,0000,0000,01,00,22,12,12,-,01,01,41.1,68.0,180,181,581,548,-23.343126,-23.3401,-51.169568,-51.169548,0724,0006,C4A7,07A5BF15,1.4,726.6,726.2,0:04:33,89:01:16,-,-,0,-,,,,,,,,,01
2025-10-19 11:14:08,,,,867488068342780,26038,ACK
2025-10-19 11:14:08,,,,867488068342780,26037,ACK
2025-10-19 11:14:07,,,,867488068342780,26036,ACK
2025-10-19 11:14:07,2025-10-19 11:14:06,2025-10-19 11:14:07,2025-10-19 11:14:07,867488068342780,26035,GTERI,0x19FE3FBF,0x00028102,802003,0x8303,0x0115,100,14201,0000,-,01,01,22,12,12,-,01,01,61.1,61.1,172,172,550,550,-23.339282,-23.339282,-51.169563,-51.169563,0724,0006,C4A7,07A5BF15,1.0,726.1,726.1,0:04:06,89:00:49,-,-,0,-,,,,,04,3,00000000,00,11,,
2025-10-19 11:14:07,,,,867488068342780,26034,HBD
2025-10-19 11:13:59,2025-10-19 11:13:58,2025-10-19 11:13:59,2025-10-19 11:13:59,867488068342780,26033,GTERI,0x19FE3FBF,0x00028102,802003,0x8303,0x0115,100,14264,0000,-,01,01,22,12,12,-,01,01,52.0,52.0,122,122,564,564,-23.3384,-23.3384,-51.17018,-51.17018,0724,0006,C4A7,07A5BF15,0.8,726.0,726.0,0:03:57,89:00:40,-,-,0,-,,,,,04,3,00000000,00,11,,
2025-10-19 11:13:57,,,,867488068342780,26032,ACK
2025-10-19 11:13:50,2025-10-19 11:13:49,2025-10-19 11:13:50,2025-10-19 11:13:45,867488068342780,26031,GTERI,0x19FE3FBF,0x00028102,802003,0x8303,0x0115,100,14250,0000,-,01,00,22,12,12,-,01,01,50.0,51.1,168,180,572,574,-23.337501,-23.336882,-51.170889,-51.170923,0724,0006,C4A7,07A5BF15,0.7,725.9,725.8,0:03:48,89:00:31,-,-,0,-,,,,,04,3,00000000,00,11,,
2025-10-19 11:13:47,,,,867488068342780,26030,ACK
2025-10-19 11:13:43,2025-10-19 11:13:43,2025-10-19 11:13:43,2025-10-19 11:13:43,867488068342780,26029,GTSPD,0x19FE7FBF,,802003,0x8303,0x0115,100,14249,0000,0000,01,00,22,12,12,-,01,01,45.9,45.9,181,181,574,574,-23.336641,-23.336641,-51.170918,-51.170918,0724,0006,C4A7,07A5BF15,0.6,725.8,725.8,0:03:42,89:00:25,-,-,0,-,,,,,,,,,00
2025-10-19 11:13:18,2025-10-19 11:13:18,2025-10-19 11:13:18,2025-10-19 11:13:18,867488068342780,26028,GTERI,0x19FE3FBF,0x00028102,802003,0x8303,0x0115,100,14331,0000,-,01,00,22,12,12,-,01,01,24.7,24.7,216,216,572,572,-23.334961,-23.334961,-51.17085,-51.17085,0724,0006,C4A7,07A6D80B,0.4,725.6,725.6,0:03:18,89:00:01,-,-,0,-,,,,,04,1,00000000,00,11,,
2025-10-19 11:13:17,,,,26027,GTHBE
2025-10-19 11:13:07,2025-10-19 11:13:06,2025-10-19 11:13:05,2025-10-19 11:12:37,867488068342780,26026,GTERI,0x19FE3FBF,0x00028102,802003,0x8303,0x0115,100,14103,0000,-,01,00,22,12,12,-,01,01,0.2,35.4,268,272,570,568,-23.334912,-23.334968,-51.17027,-51.169228,0724,0006,C4A7,07A6D80B,0.4,725.5,725.5,0:03:06,88:59:49,-,-,0,-,,,,,04,1,00000000,00,10,,
2025-10-19 11:12:15,2025-10-19 11:12:15,2025-10-19 11:12:15,2025-10-19 11:12:15,867488068342780,26025,GTERI,0x19FE3FBF,0x00028102,802003,0x8303,0x0115,100,14156,0000,-,01,00,22,12,12,-,01,01,21.2,21.2,268,268,566,566,-23.33494,-23.33494,-51.167723,-51.167723,0724,0006,C4A7,07A7340C,0.1,725.3,725.3,0:02:15,88:58:58,-,-,0,-,,,,,04,1,00000000,00,11,,
2025-10-19 11:12:12,2025-10-19 11:12:12,2025-10-19 11:12:12,2025-10-19 11:12:12,867488068342780,26024,GTERI,0x19FE3FBF,0x00028102,802003,0x8303,0x0115,100,14156,0000,-,01,00,22,12,12,-,01,01,20.8,20.8,322,322,566,566,-23.335,-23.335,-51.167576,-51.167576,0724,0006,C4A7,07A7340C,0.1,725.3,725.3,0:02:12,88:58:55,-,-,0,-,,,,,04,1,00000000,00,11,,
2025-10-19 11:12:09,2025-10-19 11:12:09,2025-10-19 11:12:09,2025-10-19 11:12:08,867488068342780,26023,GTERI,0x19FE3FBF,0x00028102,802003,0x8303,0x0115,100,14092,0000,-,01,00,22,12,12,-,01,01,20.6,22.2,22,45,567,567,-23.335153,-23.335204,-51.167545,-51.167575,0724,0006,C4A7,07A7340C,0.1,725.3,725.2,0:02:09,88:58:52,-,-,0,-,,,,,04,1,00000000,00,11,,
2025-10-19 11:12:06,,,,26022,GTHBE
2025-10-19 11:12:06,,,,867488068342780,26021,HBD
2025-10-19 11:11:57,2025-10-19 11:11:57,2025-10-19 11:11:57,2025-10-19 11:11:57,867488068342780,26020,GTERI,0x19FE3FBF,0x00028102,802003,0x8303,0x0115,100,14280,0000,-,01,00,22,12,12,-,01,01,11.8,11.8,77,77,568,568,-23.335226,-23.335226,-51.168179,-51.168179,0724,0006,C4A7,07A7340C,0.0,725.2,725.2,0:01:57,88:58:40,-,-,0,-,,,,,04,1,00000000,00,11,,
2025-10-19 11:11:48,2025-10-19 11:11:48,2025-10-19 11:11:48,2025-10-19 11:11:48,867488068342780,26019,GTERI,0x19FE3FBF,0x00028102,802003,0x8303,0x0115,100,14088,0000,-,01,00,22,12,12,-,01,01,8.2,8.2,4,4,571,571,-23.335412,-23.335412,-51.168269,-51.168269,0724,0006,C4A7,07A7340C,0.0,725.2,725.2,0:01:48,88:58:31,-,-,0,-,,,,,04,1,00000000,00,11,,
2025-10-19 11:10:30,2025-10-19 11:10:30,2025-10-19 11:10:30,2025-10-19 11:10:30,867488068342780,26018,GTIGL,0x19FE7FBF,,802003,0x8303,0x0115,100,14179,0000,0000,01,00,22,12,12,-,01,01,0.0,0.0,94,94,575,575,-23.335476,-23.335476,-51.168292,-51.168292,0724,0006,C4A7,07A7340C,0.0,725.2,725.2,0:00:30,88:57:13,-,-,0,-,,,,,,,,,00
2025-10-19 11:10:30,2025-10-19 11:10:30,2025-10-19 11:10:30,2025-10-19 11:10:30,867488068342780,26017,GTERI,0x19FE3FBF,0x00028102,802003,0x8303,0x0115,100,14179,0000,-,01,00,22,12,12,-,01,01,0.0,0.0,94,94,575,575,-23.335476,-23.335476,-51.168292,-51.168292,0724,0006,C4A7,07A7340C,0.0,725.2,725.2,0:00:30,88:57:13,-,-,0,-,,,,,04,1,00000000,00,10,,
2025-10-19 11:10:01,2025-10-19 11:10:00,2025-10-19 10:15:40,2025-10-19 10:15:40,867488068342780,26016,GTSTT,0x19FE7FBF,,802003,0x8303,0x0115,100,12617,0000,0000,01,00,22,4,4,-,00,00,0.0,0.0,94,94,581,581,-23.335222,-23.335222,-51.168162,-51.168162,0724,0006,C4A7,07A7340C,0.0,725.2,725.2,0:00:00,88:56:43,-,-,0,-
2025-10-19 11:10:00,2025-10-19 11:10:00,2025-10-19 10:15:40,2025-10-19 09:11:59,867488068342780,26015,GTIGN,0x19FE7FBF,,802003,0x8303,0x0115,100,12617,0000,0000,01,00,22,4,12,7080,00,01,0.0,6.2,94,79,581,574,-23.335222,-23.335413,-51.168162,-51.168061,0724,0006,C4A7,07A7340C,0.0,725.2,725.2,0:00:00,88:56:43,-,-,0,-
2025-10-19 11:10:00,,,,867488068342780,26014,HBD
2025-10-19 10:16:56,2025-10-19 10:16:55,2025-10-19 10:15:40,2025-10-19 10:15:40,867488068342780,26013,GTERI,0x19FE3FBF,0x00028102,802003,0x8303,0x0115,100,12987,0000,-,00,00,11,4,4,-,01,01,0.0,0.0,94,94,581,581,-23.335222,-23.335222,-51.168162,-51.168162,0724,0006,C4A7,07A7340C,8.5,725.2,725.2,0:20:03,88:56:43,-,-,0,-,,,,,04,1,00000000,00,10,,
2025-10-19 09:17:01,2025-10-19 09:17:01,2025-10-19 09:17:01,2025-10-19 09:17:01,867488068342780,26012,GTERI,0x19FE3FBF,0x00028102,802003,0x8303,0x0115,100,13122,0000,-,00,00,11,12,12,-,01,01,0.0,0.0,94,94,581,581,-23.335222,-23.335222,-51.168162,-51.168162,0724,0006,C4A7,07A7340C,8.5,725.2,725.2,0:20:03,88:56:43,-,-,0,-,,,,,04,1,00000000,00,10,,
2025-10-19 09:15:30,2025-10-19 09:15:29,2025-10-19 09:15:28,2025-10-19 09:15:28,867488068342780,26011,GTERI,0x19FE3FBF,0x00028102,802003,0x8303,0x0115,100,13094,0000,-,00,00,11,12,12,-,01,01,0.0,0.0,94,94,581,581,-23.335222,-23.335222,-51.168162,-51.168162,0724,0006,C4A7,07A7340C,8.5,725.2,725.2,0:20:03,88:56:43,-,-,0,-,,,,,04,1,00000000,00,10,,
2025-10-19 09:12:35,2025-10-19 09:12:35,2025-10-19 09:12:35,2025-10-19 09:12:35,867488068342780,26010,GTSTT,0x19FE7FBF,,802003,0x8303,0x0115,100,13175,0000,0000,00,00,11,12,12,-,01,01,0.0,0.0,94,94,581,581,-23.335222,-23.335222,-51.168162,-51.168162,0724,0006,C4A7,07A7340C,8.5,725.2,725.2,0:20:03,88:56:43,-,-,0,-
2025-10-19 09:12:30,2025-10-19 09:12:29,2025-10-19 09:12:28,2025-10-19 09:12:28,867488068342780,26009,GTERI,0x19FE3FBF,0x00028102,802003,0x8303,0x0115,100,13175,0000,-,00,00,12,12,12,-,01,01,0.0,0.0,94,94,581,581,-23.335222,-23.335222,-51.168162,-51.168162,0724,0006,C4A7,07A7340C,8.5,725.2,725.2,0:20:03,88:56:43,-,-,0,-,,,,,04,1,00000000,00,10,,
2025-10-19 09:12:29,,,,867488068342780,26008,HBD
2025-10-19 09:12:02,2025-10-19 09:12:01,2025-10-19 09:12:01,2025-10-19 09:12:01,867488068342780,26007,GTIGL,0x19FE7FBF,,802003,0x8303,0x0115,100,13399,0000,0000,00,00,12,12,12,-,01,01,4.0,4.0,94,94,574,574,-23.335379,-23.335379,-51.168074,-51.168074,0724,0006,C4A7,07A7340C,8.5,725.2,725.2,0:20:03,88:56:43,-,-,0,-,,,,,,,,,01
2025-10-19 09:12:02,,,,867488068342780,26006,ACK
2025-10-19 09:12:01,,,,867488068342780,26005,ACK
2025-10-19 09:12:01,2025-10-19 09:12:00,2025-10-19 09:12:00,2025-10-19 09:12:00,867488068342780,26004,GTSTT,0x19FE7FBF,,802003,0x8303,0x0115,100,13399,0000,0000,00,00,12,12,12,-,01,01,4.3,4.3,69,69,576,576,-23.335395,-23.335395,-51.168072,-51.168072,0724,0006,C4A7,07A7340C,8.5,725.2,725.2,0:20:03,88:56:43,-,-,0,-
2025-10-19 09:12:00,2025-10-19 09:12:00,2025-10-19 09:12:00,2025-10-19 09:12:00,867488068342780,26003,GTIGF,0x19FE7FBF,,802003,0x8303,0x0115,100,13399,0000,0000,00,00,12,12,12,1204,01,01,4.3,4.3,69,69,576,576,-23.335395,-23.335395,-51.168072,-51.168072,0724,0006,C4A7,07A7340C,8.5,725.2,725.2,0:20:03,88:56:43,-,-,0,-
2025-10-19 09:11:59,2025-10-19 09:11:58,2025-10-19 09:11:58,2025-10-19 09:11:47,867488068342780,26002,GTERI,0x19FE3FBF,0x00028102,802003,0x8303,0x0115,100,13896,0000,-,01,00,22,12,12,-,01,01,6.0,11.4,94,118,576,573,-23.33543,-23.335388,-51.168065,-51.16818,0724,0006,C4A7,07A7340C,8.5,725.2,725.2,0:20:00,88:56:40,-,-,0,-,,,,,04,1,00000000,00,11,,
2025-10-19 09:11:33,2025-10-19 09:11:33,2025-10-19 09:11:33,2025-10-19 09:11:17,867488068342780,26001,GTERI,0x19FE3FBF,0x00028102,802003,0x8303,0x0115,100,13917,0000,-,01,00,22,12,12,-,01,01,5.9,8.5,141,229,561,561,-23.335401,-23.335268,-51.168327,-51.168248,0724,0006,C4A7,07A7340C,8.5,725.1,725.1,0:19:36,88:56:16,-,-,0,-,,,,,04,1,00000000,00,11,,
2025-10-19 09:11:16,2025-10-19 09:11:16,2025-10-19 09:11:16,2025-10-19 09:11:14,867488068342780,26000,GTERI,0x19FE3FBF,0x00028102,802003,0x8303,0x0115,100,13895,0000,-,01,00,22,12,12,-,01,01,9.6,11.1,217,194,561,561,-23.335254,-23.335209,-51.168229,-51.168202,0724,0006,C4A7,07A7340C,8.5,725.1,725.1,0:19:18,88:55:58,-,-,0,-,,,,,04,1,00000000,00,11,,
2025-10-19 09:11:10,2025-10-19 09:11:10,2025-10-19 09:11:10,2025-10-19 09:10:48,867488068342780,25999,GTERI,0x19FE3FBF,0x00028102,802003,0x8303,0x0115,100,13895,0000,-,01,00,22,12,12,-,01,01,5.3,36.7,162,91,560,562,-23.335118,-23.334992,-51.168194,-51.169495,0724,0006,C4A7,07A7340C,8.4,725.1,725.0,0:19:12,88:55:52,-,-,0,-,,,,,04,1,00000000,00,11,,
2025-10-19 09:10:41,2025-10-19 09:10:41,2025-10-19 09:10:41,2025-10-19 09:10:41,867488068342780,25998,GTERI,0x19FE3FBF,0x00028102,802003,0x8303,0x0115,100,13836,0000,-,01,00,22,12,12,-,01,01,15.4,15.4,103,103,562,562,-23.334983,-23.334983,-51.169992,-51.169992,0724,0006,C4A7,07A6D80D,8.3,724.9,724.9,0:18:42,88:55:22,-,-,0,-,,,,,04,1,00000000,00,11,,
2025-10-19 09:10:38,2025-10-19 09:10:38,2025-10-19 09:10:38,2025-10-19 09:10:38,867488068342780,25997,GTERI,0x19FE3FBF,0x00028102,802003,0x8303,0x0115,100,13929,0000,-,01,00,22,12,12,-,01,01,9.7,9.7,177,177,562,562,-23.334936,-23.334936,-51.17007,-51.17007,0724,0006,C4A7,07A7340C,8.3,724.9,724.9,0:18:39,88:55:19,-,-,0,-,,,,,04,1,00000000,00,11,,
2025-10-19 09:10:38,,,,25996,GTHBE
2025-10-19 09:10:38,,,,867488068342780,25995,HBD
2025-10-19 09:09:58,2025-10-19 09:09:58,2025-10-19 09:09:58,2025-10-19 09:09:58,867488068342780,25994,GTERI,0x19FE3FBF,0x00028102,802003,0x8303,0x0115,100,13920,0000,-,01,00,22,12,12,-,01,01,17.0,17.0,237,237,561,561,-23.334891,-23.334891,-51.167874,-51.167874,0724,0006,C4A7,07A7340C,8.0,724.7,724.7,0:18:00,88:54:40,-,-,0,-,,,,,04,1,00000000,00,11,,
2025-10-19 09:09:29,2025-10-19 09:09:29,2025-10-19 09:09:28,2025-10-19 09:09:17,867488068342780,25993,GTERI,0x19FE3FBF,0x00028102,802003,0x8303,0x0115,100,13941,0000,-,01,00,22,12,12,-,01,01,30.0,44.3,180,179,559,553,-23.334541,-23.333443,-51.167785,-51.167778,0724,0006,C4A7,07A7340C,8.0,724.7,724.5,0:17:33,88:54:13,-,-,0,-,,,,,04,1,00000000,00,10,,
2025-10-19 09:08:49,,,,867488068342780,25992,HBD
2025-10-19 09:07:46,2025-10-19 09:07:45,2025-10-19 09:07:46,2025-10-19 09:07:25,867488068342780,25991,GTERI,0x19FE3FBF,0x00028102,802003,0x8303,0x0115,100,13990,0000,-,01,00,22,12,12,-,01,01,22.9,31.4,172,91,550,554,-23.327238,-23.327079,-51.167727,-51.168616,0724,0006,C4A7,07A7340B,7.2,723.9,723.8,0:15:48,88:52:28,-,-,0,-,,,,,04,1,00000000,00,11,,
2025-10-19 09:07:17,,,,25990,GTHBE
2025-10-19 09:07:17,2025-10-19 09:07:16,2025-10-19 09:07:17,2025-10-19 09:06:53,867488068342780,25989,GTERI,0x19FE3FBF,0x00028102,802003,0x8303,0x0115,100,13843,0000,-,01,00,22,12,12,-,01,01,14.6,44.0,126,177,554,565,-23.327043,-23.325202,-51.169175,-51.169234,0724,0006,C4A7,07A7340B,7.0,723.7,723.5,0:15:18,88:51:58,-,-,0,-,,,,,04,1,00000000,00,11,,
2025-10-19 09:06:56,,,,867488068342780,25988,ACK
2025-10-19 09:06:52,2025-10-19 09:06:51,2025-10-19 09:06:52,2025-10-19 09:06:44,867488068342780,25987,GTSPD,0x19FE7FBF,,802003,0x8303,0x0115,100,14041,0000,0000,01,01,22,12,12,-,01,01,44.1,49.0,177,180,565,568,-23.325092,-23.324161,-51.169239,-51.169255,0724,0006,C4A7,07A7340B,6.8,723.5,723.4,0:14:54,88:51:34,-,-,0,-,,,,,,,,,01
2025-10-19 09:06:41,,,,867488068342780,25986,ACK
2025-10-19 09:06:31,,,,867488068342780,25985,ACK
2025-10-19 09:06:30,2025-10-19 09:06:29,2025-10-19 09:06:28,2025-10-19 09:06:28,867488068342780,25984,GTERI,0x19FE3FBF,0x00028102,802003,0x8303,0x0115,100,14004,0000,-,01,00,22,12,12,-,01,01,45.5,45.5,180,180,571,571,-23.322261,-23.322261,-51.169249,-51.169249,0724,0006,C4A7,07A5500B,6.5,723.2,723.2,0:14:33,88:51:13,-,-,0,-,,,,,04,1,00000000,00,10,,
2025-10-19 09:06:29,2025-10-19 09:06:29,2025-10-19 09:06:29,2025-10-19 09:06:29,867488068342780,25983,GTSPD,0x19FE7FBF,,802003,0x8303,0x0115,100,14004,0000,0000,01,00,22,12,12,-,01,01,46.0,46.0,179,179,571,571,-23.322376,-23.322376,-51.169248,-51.169248,0724,0006,C4A7,07A5500B,6.5,723.2,723.2,0:14:33,88:51:13,-,-,0,-,,,,,,,,,00
2025-10-19 09:06:29,,,,867488068342780,25982,HBD
2025-10-19 09:05:57,,,,25981,GTHBE
2025-10-19 09:05:49,2025-10-19 09:05:49,2025-10-19 09:05:49,2025-10-19 09:05:49,867488068342780,25980,GTERI,0x19FE3FBF,0x00028102,802003,0x8303,0x0115,100,13852,0000,-,01,00,22,12,12,-,01,01,32.9,32.9,179,179,576,576,-23.320173,-23.320173,-51.169252,-51.169252,0724,0006,C4A7,07A5500B,6.3,722.9,722.9,0:13:51,88:50:31,-,-,0,-,,,,,04,1,00000000,00,11,,
2025-10-19 09:05:47,,,,25979,GTHBE
2025-10-19 09:05:41,2025-10-19 09:05:41,2025-10-19 09:05:41,2025-10-19 09:05:39,867488068342780,25978,GTSPD,0x19FE7FBF,,802003,0x8303,0x0115,100,13983,0000,0000,01,00,22,12,12,-,01,01,43.5,45.7,118,127,575,573,-23.319801,-23.319683,-51.169783,-51.169988,0724,0006,C4A7,07A5500B,6.2,722.9,722.9,0:13:42,88:50:22,-,-,0,-,,,,,,,,,01
2025-10-19 09:05:40,,,,867488068342780,25977,ACK
2025-10-19 09:05:38,2025-10-19 09:05:38,2025-10-19 09:05:38,2025-10-19 09:05:35,867488068342780,25976,GTERI,0x19FE3FBF,0x00028102,802003,0x8303,0x0115,100,13983,0000,-,01,00,22,12,12,-,01,01,46.1,46.5,131,145,573,572,-23.319611,-23.319353,-51.170085,-51.170337,0724,0006,C4A7,07A5500B,6.2,722.9,722.8,0:13:39,88:50:19,-,-,0,-,,,,,04,1,00000000,00,11,,
2025-10-19 09:05:35,,,,867488068342780,25975,ACK
2025-10-19 09:05:34,2025-10-19 09:05:34,2025-10-19 09:05:34,2025-10-19 09:05:34,867488068342780,25974,GTSPD,0x19FE7FBF,,802003,0x8303,0x0115,100,13983,0000,0000,01,00,22,12,12,-,01,01,46.3,46.3,149,149,572,572,-23.319256,-23.319256,-51.170406,-51.170406,0724,0006,C4A7,07A5500B,6.1,722.8,722.8,0:13:36,88:50:16,-,-,0,-,,,,,,,,,00
2025-10-19 09:04:55,,,,867488068342780,25973,ACK
2025-10-19 09:04:52,2025-10-19 09:04:51,2025-10-19 09:04:52,2025-10-19 09:04:47,867488068342780,25972,GTSPD,0x19FE7FBF,,802003,0x8303,0x0115,100,14041,0000,0000,01,00,22,12,12,-,01,01,43.4,48.7,180,181,575,575,-23.316453,-23.315874,-51.170612,-51.170588,0724,0006,C4A7,07A55316,5.8,722.5,722.4,0:12:54,88:49:34,-,-,0,-,,,,,,,,,01
2025-10-19 09:04:49,,,,867488068342780,25971,ACK
2025-10-19 09:04:46,2025-10-19 09:04:46,2025-10-19 09:04:46,2025-10-19 09:04:46,867488068342780,25970,GTSPD,0x19FE7FBF,,802003,0x8303,0x0115,100,13930,0000,0000,01,00,22,12,12,-,01,01,49.3,49.3,179,179,575,575,-23.315751,-23.315751,-51.170586,-51.170586,0724,0006,C4A7,07A55316,5.7,722.4,722.4,0:12:48,88:49:28,-,-,0,-,,,,,,,,,00
2025-10-19 09:04:29,,,,867488068342780,25969,ACK
2025-10-19 09:04:25,2025-10-19 09:04:25,2025-10-19 09:04:25,2025-10-19 09:04:06,867488068342780,25968,GTSPD,0x19FE7FBF,,802003,0x8303,0x0115,100,13951,0000,0000,01,01,22,12,12,-,01,01,42.9,55.3,178,180,577,577,-23.313656,-23.311192,-51.170592,-51.170587,0724,0006,C4A7,07A71517,5.5,722.2,721.9,0:12:27,88:49:07,-,-,0,-,,,,,,,,,01
2025-10-19 09:04:09,,,,867488068342780,25967,ACK
2025-10-19 09:04:09,,,,867488068342780,25966,HBD
2025-10-19 09:03:59,,,,867488068342780,25965,ACK
2025-10-19 09:03:58,2025-10-19 09:03:58,2025-10-19 09:03:58,2025-10-19 09:03:58,867488068342780,25964,GTSPD,0x19FE7FBF,,802003,0x8303,0x0115,100,13946,0000,0000,01,00,22,12,12,-,01,01,50.5,50.5,179,179,581,581,-23.310103,-23.310103,-51.170596,-51.170596,0724,0006,C4A7,07B11116,5.1,721.8,721.8,0:12:00,88:48:40,-,-,0,-,,,,,,,,,00
2025-10-19 09:03:29,2025-10-19 09:03:29,2025-10-19 09:03:28,2025-10-19 09:03:00,867488068342780,25963,GTERI,0x19FE3FBF,0x00028102,802003,0x8303,0x0115,100,13815,0000,-,01,00,22,12,12,-,01,01,0.0,9.7,177,179,587,587,-23.30915,-23.309136,-51.170592,-51.170594,0724,0006,C4A7,07A55117,5.0,721.7,721.7,0:11:33,88:48:13,-,-,0,-,,,,,04,3,00000000,00,10,,
2025-10-19 09:03:00,,,,25962,GTHBE
2025-10-19 09:02:30,2025-10-19 09:02:30,2025-10-19 09:02:30,2025-10-19 09:02:22,867488068342780,25961,GTERI,0x19FE3FBF,0x00028102,802003,0x8303,0x0115,100,13916,0000,-,01,00,22,12,12,-,01,01,42.7,43.6,177,126,600,605,-23.306387,-23.305717,-51.17064,-51.171119,0724,0006,C4A7,07A5420D,4.7,721.4,721.3,0:10:33,88:47:13,-,-,0,-,,,,,04,1,00000000,00,11,,
2025-10-19 09:02:19,,,,867488068342780,25960,ACK
2025-10-19 09:02:19,2025-10-19 09:02:19,2025-10-19 09:02:19,2025-10-19 09:02:14,867488068342780,25959,GTSPD,0x19FE7FBF,,802003,0x8303,0x0115,100,13979,0000,0000,01,01,22,12,12,-,01,01,43.9,47.8,126,126,606,607,-23.305521,-23.305183,-51.171405,-51.171909,0724,0006,C4A7,07A5420D,4.6,721.2,721.2,0:10:21,88:47:01,-,-,0,-,,,,,,,,,01
2025-10-19 09:02:19,,,,867488068342780,25958,HBD
2025-10-19 09:02:07,2025-10-19 09:02:07,2025-10-19 09:02:07,2025-10-19 09:01:59,867488068342780,25957,GTERI,0x19FE3FBF,0x00028102,802003,0x8303,0x0115,100,13997,0000,-,01,01,22,12,12,-,01,01,44.8,46.3,130,185,606,606,-23.304696,-23.303874,-51.172626,-51.172987,0724,0006,C4A7,07A5420D,4.4,721.1,721.0,0:10:09,88:46:49,-,-,0,-,,,,,04,1,00000000,00,11,,
2025-10-19 09:02:00,,,,867488068342780,25956,ACK
2025-10-19 09:01:58,2025-10-19 09:01:57,2025-10-19 09:01:58,2025-10-19 09:01:58,867488068342780,25955,GTSPD,0x19FE7FBF,,802003,0x8303,0x0115,100,14007,0000,0000,01,00,22,12,12,-,01,01,46.5,46.5,190,190,606,606,-23.303758,-23.303758,-51.172972,-51.172972,0724,0006,C4A7,07A5420D,4.3,721.0,721.0,0:10:00,88:46:40,-,-,0,-,,,,,,,,,00
2025-10-19 09:01:56,2025-10-19 09:01:55,2025-10-19 09:01:56,2025-10-19 09:01:54,867488068342780,25954,GTSPD,0x19FE7FBF,,802003,0x8303,0x0115,100,14007,0000,0000,01,00,22,12,12,-,01,01,44.3,45.3,193,193,607,607,-23.303531,-23.303312,-51.17292,-51.172863,0724,0006,C4A7,07A5420B,4.3,720.9,720.9,0:09:57,88:46:37,-,-,0,-,,,,,,,,,01
2025-10-19 09:01:53,2025-10-19 09:01:52,2025-10-19 09:01:53,2025-10-19 09:01:52,867488068342780,25953,GTSPD,0x19FE7FBF,,802003,0x8303,0x0115,100,13997,0000,0000,01,00,22,12,12,-,01,01,45.7,46.1,192,186,607,608,-23.3032,-23.303087,-51.172834,-51.172809,0724,0006,C4A7,07A5420B,4.2,720.9,720.9,0:09:54,88:46:34,-,-,0,-,,,,,,,,,00
2025-10-19 09:01:51,2025-10-19 09:01:50,2025-10-19 09:01:51,2025-10-19 09:01:49,867488068342780,25952,GTERI,0x19FE3FBF,0x00028102,802003,0x8303,0x0115,100,13997,0000,-,01,00,22,12,12,-,01,01,44.8,45.6,176,162,608,609,-23.302972,-23.302747,-51.172801,-51.172837,0724,0006,C4A7,07A5420B,4.2,720.9,720.8,0:09:54,88:46:34,-,-,0,-,,,,,04,1,00000000,00,11,,
2025-10-19 09:01:50,,,,867488068342780,25951,ACK
2025-10-19 09:01:40,2025-10-19 09:01:40,2025-10-19 09:01:40,2025-10-19 09:01:40,867488068342780,25950,GTERI,0x19FE3FBF,0x00028102,802003,0x8303,0x0115,100,13882,0000,-,01,00,22,12,12,-,01,01,27.6,27.6,129,129,610,610,-23.302144,-23.302144,-51.173488,-51.173488,0724,0006,C4A7,07A5420B,4.1,720.7,720.7,0:09:42,88:46:22,-,-,0,-,,,,,04,1,00000000,00,11,,
2025-10-19 09:01:39,,,,25949,GTHBE
2025-10-19 09:00:30,2025-10-19 09:00:29,2025-10-19 09:00:28,2025-10-19 09:00:18,867488068342780,25948,GTERI,0x19FE3FBF,0x00028102,802003,0x8303,0x0115,100,13992,0000,-,01,00,22,12,12,-,01,01,32.9,43.0,181,180,609,605,-23.301253,-23.300263,-51.173567,-51.173549,0724,0006,C4A7,07A5420B,4.0,720.7,720.5,0:08:33,88:45:13,-,-,0,-,,,,,04,1,00000000,00,10,,
2025-10-19 09:00:29,,,,867488068342780,25947,HBD
2025-10-19 09:00:06,,,,25946,GTHBE
2025-10-19 08:59:09,2025-10-19 08:59:09,2025-10-19 08:59:09,2025-10-19 08:59:09,867488068342780,25945,GTSPD,0x19FE7FBF,,802003,0x8303,0x0115,100,14093,0000,0000,01,00,22,12,12,-,01,01,45.0,45.0,181,181,559,559,-23.293676,-23.293676,-51.173339,-51.173339,0724,0006,C4A7,07A7550C,3.1,719.8,719.8,0:07:12,88:43:52,-,-,0,-,,,,,,,,,01
2025-10-19 08:59:07,2025-10-19 08:59:07,2025-10-19 08:59:07,2025-10-19 08:59:07,867488068342780,25944,GTSPD,0x19FE7FBF,,802003,0x8303,0x0115,100,14093,0000,0000,01,00,22,12,12,-,01,01,45.4,45.4,182,182,557,557,-23.29345,-23.29345,-51.173332,-51.173332,0724,0006,C4A7,07A7550C,3.1,719.8,719.8,0:07:09,88:43:49,-,-,0,-,,,,,,,,,00
2025-10-19 08:58:15,,,,867488068342780,25943,ACK
2025-10-19 08:58:14,2025-10-19 08:58:14,2025-10-19 08:58:14,2025-10-19 08:58:06,867488068342780,25942,GTSPD,0x19FE7FBF,,802003,0x8303,0x0115,100,14024,0000,0000,01,01,22,12,12,-,01,01,41.0,54.7,182,181,540,530,-23.291402,-23.290406,-51.173261,-51.173231,0724,0006,C4A7,07A5BE0C,2.9,719.6,719.4,0:06:15,88:42:55,-,-,0,-,,,,,,,,,01
2025-10-19 08:58:14,,,,867488068342780,25941,HBD
2025-10-19 08:58:04,,,,867488068342780,25940,ACK
2025-10-19 08:57:55,2025-10-19 08:57:54,2025-10-19 08:57:55,2025-10-19 08:57:55,867488068342780,25939,GTSPD,0x19FE7FBF,,802003,0x8303,0x0115,100,14039,0000,0000,01,00,22,12,12,-,01,01,47.3,47.3,182,182,529,529,-23.288985,-23.288985,-51.173171,-51.173171,0724,0006,C4A7,07A5420C,2.6,719.3,719.3,0:05:57,88:42:37,-,-,0,-,,,,,,,,,00
2025-10-19 08:57:54,,,,867488068342780,25938,ACK
2025-10-19 08:57:34,,,,867488068342780,25937,ACK
2025-10-19 08:57:32,2025-10-19 08:57:31,2025-10-19 08:57:32,2025-10-19 08:57:31,867488068342780,25936,GTSPD,0x19FE7FBF,,802003,0x8303,0x0115,100,14028,0000,0000,01,00,22,12,12,-,01,01,43.7,44.8,181,181,548,549,-23.286648,-23.286537,-51.173102,-51.173099,0724,0006,C4A7,07A5BE0C,2.4,719.0,719.0,0:05:33,88:42:13,-,-,0,-,,,,,,,,,01
2025-10-19 08:57:30,2025-10-19 08:57:29,2025-10-19 08:57:30,2025-10-19 08:57:30,867488068342780,25935,GTSPD,0x19FE7FBF,,802003,0x8303,0x0115,100,14028,0000,0000,01,00,22,12,12,-,01,01,45.6,45.6,181,181,550,550,-23.286424,-23.286424,-51.173097,-51.173097,0724,0006,C4A7,07A5BE0C,2.3,719.0,719.0,0:05:33,88:42:13,-,-,0,-,,,,,,,,,00
2025-10-19 08:57:29,2025-10-19 08:57:29,2025-10-19 08:57:28,2025-10-19 08:57:29,867488068342780,25934,GTERI,0x19FE3FBF,0x00028102,802003,0x8303,0x0115,100,14028,0000,-,01,00,22,12,12,-,01,01,44.6,45.1,182,181,552,551,-23.286197,-23.28631,-51.17309,-51.173093,0724,0006,C4A7,07A5BE0C,2.3,719.0,719.0,0:05:33,88:42:13,-,-,0,-,,,,,04,1,00000000,00,10,,
2025-10-19 08:57:29,,,,867488068342780,25933,ACK
2025-10-19 08:56:47,,,,867488068342780,25932,HBD
2025-10-19 08:56:00,,,,867488068342780,25931,ACK
2025-10-19 08:56:00,,,,867488068342780,25930,ACK
2025-10-19 08:55:59,,,,867488068342780,25929,ACK
2025-10-19 08:55:59,,,,867488068342780,25928,HBD
2025-10-19 08:54:30,2025-10-19 08:54:29,2025-10-19 08:54:28,2025-10-19 08:54:27,867488068342780,25927,GTERI,0x19FE3FBF,0x00028102,802003,0x8303,0x0115,100,14196,0000,-,01,00,22,12,12,-,01,01,22.9,23.9,181,181,509,509,-23.275931,-23.275873,-51.172625,-51.172623,0724,0006,C4A7,07A6FD0C,1.2,717.9,717.8,0:02:33,88:39:13,-,-,0,-,,,,,04,1,00000000,00,10,,
2025-10-19 08:54:29,,,,867488068342780,25926,ACK
2025-10-19 08:54:26,2025-10-19 08:54:25,2025-10-19 08:54:26,2025-10-19 08:54:23,867488068342780,25925,GTSPD,0x19FE7FBF,,802003,0x8303,0x0115,100,14239,0000,0000,01,01,22,12,12,-,01,01,28.9,45.3,181,180,509,509,-23.275809,-23.275527,-51.17262,-51.172615,0724,0006,C4A7,07A6FD0C,1.2,717.8,717.8,0:02:27,88:39:07,-,-,0,-,,,,,,,,,01
2025-10-19 08:54:24,,,,867488068342780,25924,ACK
2025-10-19 08:54:22,2025-10-19 08:54:22,2025-10-19 08:54:22,2025-10-19 08:54:16,867488068342780,25923,GTERI,0x19FE3FBF,0x00028102,802003,0x8303,0x0115,100,14239,0000,-,01,00,22,12,12,-,01,01,47.4,50.4,176,149,509,512,-23.275412,-23.274718,-51.172617,-51.172861,0724,0006,C4A7,07A5BE0B,1.1,717.8,717.7,0:02:24,88:39:04,-,-,0,-,,,,,04,1,00000000,00,11,,
2025-10-19 08:54:14,,,,867488068342780,25922,ACK
2025-10-19 08:54:11,2025-10-19 08:54:11,2025-10-19 08:54:11,2025-10-19 08:54:11,867488068342780,25921,GTSPD,0x19FE7FBF,,802003,0x8303,0x0115,100,14157,0000,0000,01,00,22,12,12,-,01,01,48.3,48.3,150,150,517,517,-23.274185,-23.274185,-51.173206,-51.173206,0724,0006,C4A7,07A5BE0B,1.0,717.7,717.7,0:02:15,88:38:55,-,-,0,-,,,,,,,,,00
2025-10-19 08:54:02,,,,25920,GTHBE
2025-10-19 08:54:01,2025-10-19 08:54:01,2025-10-19 08:54:01,2025-10-19 08:54:01,867488068342780,25919,GTERI,0x19FE3FBF,0x00028102,802003,0x8303,0x0115,100,14251,0000,-,01,00,22,12,12,-,01,01,38.7,38.7,131,131,525,525,-23.273487,-23.273487,-51.173974,-51.173974,0724,0006,C4A7,07A6FD0C,0.9,717.5,717.5,0:02:03,88:38:43,-,-,0,-,,,,,04,1,00000000,00,11,,
2025-10-19 08:53:58,2025-10-19 08:53:58,2025-10-19 08:53:58,2025-10-19 08:53:13,867488068342780,25918,GTERI,0x19FE3FBF,0x00028102,802003,0x8303,0x0115,100,14251,0000,-,01,00,22,12,12,-,01,01,37.6,43.8,182,267,528,552,-23.273235,-23.272802,-51.174101,-51.171307,0724,0006,C4A7,07A5BE0B,0.8,717.5,717.2,0:02:00,88:38:40,-,-,0,-,,,,,04,1,00000000,00,11,,
2025-10-19 08:53:58,,,,867488068342780,25917,HBD
2025-10-19 08:52:36,2025-10-19 08:52:36,2025-10-19 08:52:36,2025-10-19 08:52:24,867488068342780,25916,GTERI,0x19FE3FBF,0x00028102,802003,0x8303,0x0115,100,14234,0000,-,01,00,22,12,12,-,01,01,17.3,30.9,242,181,541,548,-23.272013,-23.271365,-51.167972,-51.167871,0724,0006,C4A7,07A72717,0.2,716.9,716.8,0:00:39,88:37:19,-,-,0,-,,,,,04,3,00000000,00,11,,
2025-10-19 08:51:57,2025-10-19 08:51:57,2025-10-19 08:51:57,2025-10-19 08:51:57,867488068342780,25915,GTIGL,0x19FE7FBF,,802003,0x8303,0x0115,100,12707,0000,0000,01,00,22,12,12,-,01,01,0.0,0.0,182,182,552,552,-23.27034,-23.27034,-51.167809,-51.167809,0724,0006,C4A7,07A5CC35,0.0,716.7,716.7,0:00:00,88:36:40,-,-,0,-,,,,,,,,,00
2025-10-19 08:51:57,2025-10-19 08:51:56,2025-10-19 08:51:56,2025-10-19 08:51:56,867488068342780,25914,GTSTT,0x19FE7FBF,,802003,0x8303,0x0115,100,12707,0000,0000,01,00,22,12,12,-,01,01,0.0,0.0,182,182,552,552,-23.27034,-23.27034,-51.167809,-51.167809,0724,0006,C4A7,07A5CC35,0.0,716.7,716.7,0:00:00,88:36:40,-,-,0,-
2025-10-19 08:51:56,2025-10-19 08:51:56,2025-10-19 08:51:56,2025-10-19 08:46:54,867488068342780,25913,GTIGN,0x19FE7FBF,,802003,0x8303,0x0115,100,12707,0000,0000,01,00,22,12,12,289,01,01,0.0,23.9,182,170,552,552,-23.27034,-23.270176,-51.167809,-51.167834,0724,0006,C4A7,07A5CC35,0.0,716.7,716.7,0:00:00,88:36:40,-,-,0,-
2025-10-19 08:51:56,,,,867488068342780,25912,HBD
2025-10-19 08:51:30,2025-10-19 08:51:29,2025-10-19 08:51:28,2025-10-19 08:51:28,867488068342780,25911,GTERI,0x19FE3FBF,0x00028102,802003,0x8303,0x0115,100,12970,0000,-,00,00,11,12,12,-,01,01,0.0,0.0,182,182,552,552,-23.27034,-23.27034,-51.167809,-51.167809,0724,0006,C4A7,07A5CC35,3.9,716.7,716.7,0:07:45,88:36:40,-,-,0,-,,,,,04,28,00000000,00,10,,
2025-10-19 08:51:30,,,,867488068342780,25910,HBD
2025-10-19 08:49:46,,,,867488068342780,25909,HBD
2025-10-19 08:48:29,2025-10-19 08:48:29,2025-10-19 08:48:28,2025-10-19 08:48:28,867488068342780,25908,GTERI,0x19FE3FBF,0x00028102,802003,0x8303,0x0115,100,12849,0000,-,00,00,1A,12,12,-,01,01,0.0,0.0,182,182,552,552,-23.27034,-23.27034,-51.167809,-51.167809,0724,0006,C4A7,07A5CC35,3.9,716.7,716.7,0:07:45,88:36:40,-,-,0,-,,,,,04,28,00000000,00,10,,
2025-10-19 08:47:39,2025-10-19 08:47:39,2025-10-19 08:47:39,2025-10-19 08:47:39,867488068342780,25907,GTSTT,0x19FE7FBF,,802003,0x8303,0x0115,100,13041,0000,0000,00,00,11,12,12,-,01,01,0.0,0.0,182,182,552,552,-23.27034,-23.27034,-51.167809,-51.167809,0724,0006,C4A7,07A5CC35,3.9,716.7,716.7,0:07:45,88:36:40,-,-,0,-
2025-10-19 08:47:39,,,,867488068342780,25906,HBD
2025-10-19 08:47:11,,,,867488068342780,25905,ACK
2025-10-19 08:47:11,,,,867488068342780,25904,ACK
2025-10-19 08:47:08,2025-10-19 08:47:07,2025-10-19 08:47:08,2025-10-19 08:47:08,867488068342780,25903,GTIGL,0x19FE7FBF,,802003,0x8303,0x0115,100,13343,0000,0000,00,00,12,12,12,-,01,01,0.0,0.0,182,182,551,551,-23.270331,-23.270331,-51.167821,-51.167821,0724,0006,C4A7,07A5CC17,3.9,716.7,716.7,0:07:45,88:36:40,-,-,0,-,,,,,,,,,01
2025-10-19 08:47:08,2025-10-19 08:47:07,2025-10-19 08:47:07,2025-10-19 08:47:07,867488068342780,25902,GTSTT,0x19FE7FBF,,802003,0x8303,0x0115,100,13343,0000,0000,00,00,12,12,12,-,01,01,0.0,0.0,172,172,551,551,-23.270331,-23.270331,-51.167821,-51.167821,0724,0006,C4A7,07A5CC17,3.9,716.7,716.7,0:07:45,88:36:40,-,-,0,-
2025-10-19 08:47:08,2025-10-19 08:47:07,2025-10-19 08:47:07,2025-10-19 08:47:07,867488068342780,25901,GTIGF,0x19FE7FBF,,802003,0x8303,0x0115,100,13343,0000,0000,00,00,12,12,12,466,01,01,0.0,0.0,172,172,551,551,-23.270331,-23.270331,-51.167821,-51.167821,0724,0006,C4A7,07A5CC17,3.9,716.7,716.7,0:07:45,88:36:40,-,-,0,-
2025-10-19 08:46:53,2025-10-19 08:46:52,2025-10-19 08:46:53,2025-10-19 08:46:44,867488068342780,25900,GTERI,0x19FE3FBF,0x00028102,802003,0x8303,0x0115,100,14168,0000,-,01,00,22,12,12,-,01,01,28.8,38.2,172,180,552,558,-23.270114,-23.269311,-51.167845,-51.167844,0724,0006,C4A7,07A72917,3.9,716.7,716.6,0:07:30,88:36:25,-,-,0,-,,,,,04,3,00000000,00,11,,
2025-10-19 08:46:30,2025-10-19 08:46:29,2025-10-19 08:46:30,2025-10-19 08:46:26,867488068342780,25899,GTERI,0x19FE3FBF,0x00028102,802003,0x8303,0x0115,100,14255,0000,-,01,00,22,12,12,-,01,01,25.0,30.1,220,274,573,572,-23.268129,-23.268066,-51.16782,-51.167557,0724,0006,C4A7,07A5BE15,3.6,716.4,716.4,0:07:06,88:36:01,-,-,0,-,,,,,04,3,00000000,00,11,,
2025-10-19 08:46:24,2025-10-19 08:46:23,2025-10-19 08:46:24,2025-10-19 08:46:24,867488068342780,25898,GTERI,0x19FE3FBF,0x00028102,802003,0x8303,0x0115,100,14162,0000,-,01,00,22,12,12,-,01,01,26.0,26.0,265,265,573,573,-23.268073,-23.268073,-51.167401,-51.167401,0724,0006,C4A7,07A5CC17,3.6,716.4,716.4,0:07:00,88:35:55,-,-,0,-,,,,,04,3,00000000,00,11,,
2025-10-19 08:46:22,2025-10-19 08:46:22,2025-10-19 08:46:22,2025-10-19 08:46:16,867488068342780,25897,GTERI,0x19FE3FBF,0x00028102,802003,0x8303,0x0115,100,14162,0000,-,01,00,22,12,12,-,01,01,23.9,30.1,220,139,572,573,-23.268033,-23.267659,-51.167281,-51.16735,0724,0006,C4A7,07A5BC17,3.6,716.4,716.3,0:07:00,88:35:55,-,-,0,-,,,,,04,3,00000000,00,11,,
2025-10-19 08:46:14,2025-10-19 08:46:14,2025-10-19 08:46:14,2025-10-19 08:46:13,867488068342780,25896,GTERI,0x19FE3FBF,0x00028102,802003,0x8303,0x0115,100,14312,0000,-,01,00,22,12,12,-,01,01,28.6,28.7,170,191,573,573,-23.267534,-23.267463,-51.16743,-51.167435,0724,0006,C4A7,07A5BC17,3.5,716.3,716.3,0:06:51,88:35:46,-,-,0,-,,,,,04,3,00000000,00,11,,
2025-10-19 08:46:13,,,,25895,GTHBE
2025-10-19 08:46:09,2025-10-19 08:46:09,2025-10-19 08:46:09,2025-10-19 08:46:07,867488068342780,25894,GTERI,0x19FE3FBF,0x00028102,802003,0x8303,0x0115,100,14312,0000,-,01,00,22,12,12,-,01,01,31.5,34.9,230,197,572,570,-23.267238,-23.267111,-51.167253,-51.167149,0724,0006,C4A7,07A5BC17,3.5,716.3,716.3,0:06:48,88:35:43,-,-,0,-,,,,,04,3,00000000,00,11,,
2025-10-19 08:46:06,2025-10-19 08:46:06,2025-10-19 08:46:06,2025-10-19 08:45:54,867488068342780,25893,GTSPD,0x19FE7FBF,,802003,0x8303,0x0115,100,14306,0000,0000,01,00,22,12,12,-,01,01,37.8,62.7,186,180,569,559,-23.267024,-23.265368,-51.167125,-51.167109,0724,0006,C4A7,07A5BC17,3.5,716.2,716.1,0:06:45,88:35:40,-,-,0,-,,,,,,,,,01
2025-10-19 08:46:06,,,,867488068342780,25892,ACK
2025-10-19 08:45:51,,,,867488068342780,25891,ACK
2025-10-19 08:45:41,,,,867488068342780,25890,ACK
2025-10-19 08:45:40,2025-10-19 08:45:40,2025-10-19 08:45:40,2025-10-19 08:45:40,867488068342780,25889,GTSPD,0x19FE7FBF,,802003,0x8303,0x0115,100,14331,0000,0000,01,00,22,12,12,-,01,01,50.7,50.7,180,180,568,568,-23.263372,-23.263372,-51.16708,-51.16708,0724,0006,C4A7,07A5BC17,3.0,715.8,715.8,0:06:18,88:35:13,-,-,0,-,,,,,,,,,00
2025-10-19 08:45:34,2025-10-19 08:45:34,2025-10-19 08:45:34,2025-10-19 08:45:34,867488068342780,25888,GTERI,0x19FE3FBF,0x00028102,802003,0x8303,0x0115,100,14331,0000,-,01,00,22,12,12,-,01,01,25.4,25.4,178,178,572,572,-23.262779,-23.262779,-51.167086,-51.167086,0724,0006,C4A7,07A5BC17,3.0,715.8,715.8,0:06:12,88:35:07,-,-,0,-,,,,,04,3,00000000,00,11,,
2025-10-19 08:45:31,2025-10-19 08:45:31,2025-10-19 08:45:31,2025-10-19 08:45:30,867488068342780,25887,GTERI,0x19FE3FBF,0x00028102,802003,0x8303,0x0115,100,14200,0000,-,01,00,22,12,12,-,01,01,17.6,18.7,223,252,573,573,-23.262619,-23.262592,-51.167054,-51.167018,0724,0006,C4A7,07A5BC17,3.0,715.8,715.8,0:06:09,88:35:04,-,-,0,-,,,,,04,3,00000000,00,11,,
2025-10-19 08:45:29,2025-10-19 08:45:29,2025-10-19 08:45:28,2025-10-19 08:45:23,867488068342780,25886,GTERI,0x19FE3FBF,0x00028102,802003,0x8303,0x0115,100,14269,0000,-,01,00,22,12,12,-,01,01,21.3,33.0,271,269,573,573,-23.26258,-23.26258,-51.166909,-51.166624,0724,0006,C4A7,07A5BC17,3.0,715.8,715.7,0:06:06,88:35:01,-,-,0,-,,,,,04,3,00000000,00,10,,
2025-10-19 08:45:26,,,,867488068342780,25885,ACK
2025-10-19 08:45:22,2025-10-19 08:45:22,2025-10-19 08:45:22,2025-10-19 08:45:13,867488068342780,25884,GTSPD,0x19FE7FBF,,802003,0x8303,0x0115,100,14218,0000,0000,01,01,22,12,12,-,01,01,39.0,54.2,269,269,573,569,-23.26258,-23.262578,-51.16653,-51.165339,0724,0006,C4A7,07A5BC17,2.9,715.7,715.6,0:06:00,88:34:55,-,-,0,-,,,,,,,,,01
2025-10-19 08:45:22,,,,867488068342780,25883,HBD
2025-10-19 08:45:10,,,,867488068342780,25882,ACK
2025-10-19 08:45:01,,,,867488068342780,25881,ACK
2025-10-19 08:44:59,2025-10-19 08:44:59,2025-10-19 08:44:59,2025-10-19 08:44:59,867488068342780,25880,GTSPD,0x19FE7FBF,,802003,0x8303,0x0115,100,14283,0000,0000,01,00,22,12,12,-,01,01,46.5,46.5,270,270,559,559,-23.262552,-23.262552,-51.163377,-51.163377,0724,0006,C4A7,07A5BC01,2.6,715.4,715.4,0:05:36,88:34:31,-,-,0,-,,,,,,,,,00
2025-10-19 08:44:56,2025-10-19 08:44:56,2025-10-19 08:44:56,2025-10-19 08:44:56,867488068342780,25879,GTERI,0x19FE3FBF,0x00028102,802003,0x8303,0x0115,100,14349,0000,-,01,00,22,12,12,-,01,01,43.4,43.4,271,271,557,557,-23.26256,-23.26256,-51.163009,-51.163009,0724,0006,C4A7,07A5BC01,2.6,715.4,715.4,0:05:33,88:34:28,-,-,0,-,,,,,04,7,00000000,00,11,,
2025-10-19 08:44:41,2025-10-19 08:44:40,2025-10-19 08:44:41,2025-10-19 08:44:25,867488068342780,25878,GTSPD,0x19FE7FBF,,802003,0x8303,0x0115,100,14302,0000,0000,01,00,22,12,12,-,01,01,32.7,57.4,269,269,554,570,-23.262558,-23.262527,-51.161776,-51.159495,0724,0006,C4A7,07A5BC01,2.4,715.2,715.0,0:05:18,88:34:13,-,-,0,-,,,,,,,,,01
2025-10-19 08:44:40,,,,867488068342780,25877,ACK
2025-10-19 08:44:26,,,,867488068342780,25876,ACK
2025-10-19 08:44:16,,,,867488068342780,25875,ACK
2025-10-19 08:44:16,2025-10-19 08:44:14,2025-10-19 08:44:15,2025-10-19 08:44:15,867488068342780,25874,GTSPD,0x19FE7FBF,,802003,0x8303,0x0115,100,14349,0000,0000,01,00,22,12,12,-,01,01,49.1,49.1,260,260,578,578,-23.262469,-23.262469,-51.158038,-51.158038,0724,0006,C4A7,07A72901,2.0,714.8,714.8,0:04:51,88:33:46,-,-,0,-,,,,,,,,,00
2025-10-19 08:44:04,2025-10-19 08:44:03,2025-10-19 08:44:04,2025-10-19 08:43:59,867488068342780,25873,GTERI,0x19FE3FBF,0x00028102,802003,0x8303,0x0115,100,14218,0000,-,01,00,22,12,12,-,01,01,25.9,42.5,226,166,577,576,-23.262235,-23.261847,-51.15695,-51.156935,0724,0006,C4A7,07A72901,1.9,714.7,714.7,0:04:42,88:33:37,-,-,0,-,,,,,04,7,00000000,00,11,,
2025-10-19 08:44:01,,,,867488068342780,25872,ACK
2025-10-19 08:43:58,2025-10-19 08:43:57,2025-10-19 08:43:58,2025-10-19 08:43:46,867488068342780,25871,GTSPD,0x19FE7FBF,,802003,0x8303,0x0115,100,14337,0000,0000,01,01,22,12,12,-,01,01,43.7,47.8,166,168,576,579,-23.261742,-23.260385,-51.15696,-51.157276,0724,0006,C4A7,07A72901,1.9,714.7,714.5,0:04:36,88:33:31,-,-,0,-,,,,,,,,,01
2025-10-19 08:43:56,,,,867488068342780,25870,ACK
2025-10-19 08:43:46,,,,867488068342780,25869,ACK
2025-10-19 08:43:44,2025-10-19 08:43:43,2025-10-19 08:43:44,2025-10-19 08:43:44,867488068342780,25868,GTSPD,0x19FE7FBF,,802003,0x8303,0x0115,100,14296,0000,0000,01,00,22,12,12,-,01,01,46.5,46.5,167,167,579,579,-23.260156,-23.260156,-51.157328,-51.157328,0724,0006,C4A7,07A57DF3,1.7,714.5,714.5,0:04:21,88:33:16,-,-,0,-,,,,,,,,,00
2025-10-19 08:43:28,2025-10-19 08:43:27,2025-10-19 08:43:28,2025-10-19 08:43:26,867488068342780,25867,GTERI,0x19FE3FBF,0x00028102,802003,0x8303,0x0115,100,14338,0000,-,01,00,22,12,12,-,01,01,29.2,29.9,161,190,578,577,-23.258721,-23.258576,-51.157891,-51.157909,0724,0006,C4A7,07A57DF3,1.5,714.3,714.3,0:04:06,88:33:01,-,-,0,-,,,,,04,7,00000000,00,11,,
2025-10-19 08:43:26,,,,867488068342780,25866,ACK
2025-10-19 08:43:26,,,,867488068342780,25865,ACK
2025-10-19 08:43:25,,,,867488068342780,25864,ACK
2025-10-19 08:43:25,2025-10-19 08:43:24,2025-10-19 08:43:25,2025-10-19 08:43:24,867488068342780,25863,GTERI,0x19FE3FBF,0x00028102,802003,0x8303,0x0115,100,14226,0000,-,01,00,22,12,12,-,01,01,28.5,28.8,207,223,577,577,-23.258505,-23.258445,-51.157888,-51.157846,0724,0006,C4A7,07A72901,1.5,714.3,714.3,0:04:03,88:32:58,-,-,0,-,,,,,04,7,00000000,00,11,,
2025-10-19 08:43:22,2025-10-19 08:43:21,2025-10-19 08:43:22,2025-10-19 08:43:21,867488068342780,25862,GTERI,0x19FE3FBF,0x00028102,802003,0x8303,0x0115,100,14226,0000,-,01,00,22,12,12,-,01,01,29.9,30.7,254,270,576,575,-23.258366,-23.258352,-51.157718,-51.157638,0724,0006,C4A7,07A72901,1.5,714.3,714.3,0:04:00,88:32:55,-,-,0,-,,,,,04,7,00000000,00,11,,
2025-10-19 08:43:22,,,,867488068342780,25861,HBD
2025-10-19 08:43:19,2025-10-19 08:43:18,2025-10-19 08:43:19,2025-10-19 08:43:19,867488068342780,25860,GTERI,0x19FE3FBF,0x00028102,802003,0x8303,0x0115,100,14336,0000,-,01,00,22,12,12,-,01,01,29.8,29.8,299,299,574,574,-23.258381,-23.258381,-51.157478,-51.157478,0724,0006,C4A7,07A72901,1.5,714.2,714.2,0:03:57,88:32:52,-,-,0,-,,,,,04,7,00000000,00,11,,
2025-10-19 08:43:15,,,,25859,GTHBE
2025-10-19 08:43:04,2025-10-19 08:43:03,2025-10-19 08:43:04,2025-10-19 08:43:04,867488068342780,25858,GTERI,0x19FE3FBF,0x00028102,802003,0x8303,0x0115,100,14193,0000,-,01,00,22,12,12,-,01,01,17.9,17.9,347,347,577,577,-23.259144,-23.259144,-51.15736,-51.15736,0724,0006,C4A7,07A72901,1.4,714.2,714.2,0:03:42,88:32:37,-,-,0,-,,,,,04,7,00000000,00,11,,
2025-10-19 08:42:59,2025-10-19 08:42:59,2025-10-19 08:42:59,2025-10-19 08:42:55,867488068342780,25857,GTERI,0x19FE3FBF,0x00028102,802003,0x8303,0x0115,100,14193,0000,-,01,00,22,12,12,-,01,01,3.5,5.4,294,329,577,577,-23.259245,-23.259256,-51.157261,-51.15724,0724,0006,C4A7,07A72901,1.3,714.1,714.1,0:03:36,88:32:31,-,-,0,-,,,,,04,7,00000000,00,11,,
2025-10-19 08:42:54,,,,25856,GTHBE
2025-10-19 08:42:30,2025-10-19 08:42:29,2025-10-19 08:42:28,2025-10-19 08:42:28,867488068342780,25855,GTERI,0x19FE3FBF,0x00028102,802003,0x8303,0x0115,100,14382,0000,-,01,00,22,12,12,-,01,01,41.1,41.1,347,347,572,572,-23.261473,-23.261473,-51.156709,-51.156709,0724,0006,C4A7,07A72901,1.1,713.9,713.9,0:03:06,88:32:01,-,-,0,-,,,,,04,7,00000000,00,10,,
2025-10-19 08:42:16,2025-10-19 08:42:16,2025-10-19 08:42:16,2025-10-19 08:41:55,867488068342780,25854,GTERI,0x19FE3FBF,0x00028102,802003,0x8303,0x0115,100,14357,0000,-,01,00,22,12,12,-,01,01,19.2,36.3,330,269,571,561,-23.262421,-23.262488,-51.156482,-51.154949,0724,0006,C4A7,07A72901,1.0,713.8,713.6,0:02:54,88:31:49,-,-,0,-,,,,,04,7,00000000,00,11,,
2025-10-19 08:41:31,2025-10-19 08:41:31,2025-10-19 08:41:31,2025-10-19 08:41:14,867488068342780,25853,GTERI,0x19FE3FBF,0x00028102,802003,0x8303,0x0115,100,14391,0000,-,01,00,22,12,12,-,01,01,23.3,35.2,271,212,541,542,-23.262264,-23.261523,-51.153137,-51.152531,0724,0006,C4A7,07A72901,0.6,713.4,713.3,0:02:09,88:31:04,-,-,0,-,,,,,04,7,00000000,00,11,,
2025-10-19 08:41:31,,,,867488068342780,25852,HBD
2025-10-19 08:40:54,2025-10-19 08:40:54,2025-10-19 08:40:54,2025-10-19 08:40:37,867488068342780,25851,GTERI,0x19FE3FBF,0x00028102,802003,0x8303,0x0115,100,14328,0000,-,01,00,22,12,12,-,01,01,19.0,29.5,214,268,557,562,-23.260178,-23.260135,-51.151689,-51.151053,0724,0006,C4A7,07A72901,0.4,713.1,713.1,0:01:33,88:30:28,-,-,0,-,,,,,04,7,00000000,00,11,,
2025-10-19 08:40:22,2025-10-19 08:40:22,2025-10-19 08:40:22,2025-10-19 08:40:22,867488068342780,25850,GTERI,0x19FE3FBF,0x00028102,802003,0x8303,0x0115,100,14185,0000,-,01,00,22,12,12,-,01,01,14.7,14.7,259,259,570,570,-23.26013,-23.26013,-51.149942,-51.149942,0724,0006,C4A7,07A72901,0.2,713.0,713.0,0:01:00,88:29:55,-,-,0,-,,,,,04,7,00000000,00,11,,
2025-10-19 08:40:18,2025-10-19 08:40:18,2025-10-19 08:40:18,2025-10-19 08:40:07,867488068342780,25849,GTERI,0x19FE3FBF,0x00028102,802003,0x8303,0x0115,100,14272,0000,-,01,00,22,12,12,-,01,01,13.2,25.7,198,179,570,573,-23.260062,-23.259443,-51.149846,-51.149834,0724,0006,C4A7,07A72901,0.2,713.0,712.9,0:00:57,88:29:52,-,-,0,-,,,,,04,7,00000000,00,11,,
2025-10-19 08:39:54,2025-10-19 08:39:54,2025-10-19 08:39:54,2025-10-19 08:39:38,867488068342780,25848,GTERI,0x19FE3FBF,0x00028102,802003,0x8303,0x0115,100,14380,0000,-,01,00,22,12,12,-,01,01,11.0,14.4,153,91,575,575,-23.258801,-23.258743,-51.149847,-51.150028,0724,0006,C4A7,07A57DF3,0.0,712.8,712.8,0:00:33,88:29:28,-,-,0,-,,,,,04,7,00000000,00,11,,
2025-10-19 08:39:31,2025-10-19 08:39:31,2025-10-19 08:39:31,2025-10-19 08:39:31,867488068342780,25847,GTIGL,0x19FE7FBF,,802003,0x8303,0x0115,100,14114,0000,0000,01,00,22,12,12,-,01,01,6.6,6.6,99,99,574,574,-23.258724,-23.258724,-51.150234,-51.150234,0724,0006,C4A7,07A57DF3,0.0,712.8,712.8,0:00:09,88:29:04,-,-,0,-,,,,,,,,,00
2025-10-19 08:39:31,2025-10-19 08:39:31,2025-10-19 08:39:31,2025-10-19 08:39:31,867488068342780,25846,GTERI,0x19FE3FBF,0x00028102,802003,0x8303,0x0115,100,14114,0000,-,01,00,22,12,12,-,01,01,6.6,6.6,99,99,574,574,-23.258724,-23.258724,-51.150234,-51.150234,0724,0006,C4A7,07A57DF3,0.0,712.8,712.8,0:00:09,88:29:04,-,-,0,-,,,,,04,7,00000000,00,10,,
2025-10-19 08:39:22,2025-10-19 08:39:21,2025-10-19 07:50:24,2025-10-19 07:50:24,867488068342780,25845,GTSTT,0x19FE7FBF,,802003,0x8303,0x0115,100,12301,0000,0000,01,00,22,12,12,-,00,00,0.0,0.0,278,278,567,567,-23.258729,-23.258729,-51.150217,-51.150217,0724,0006,C4A7,07A57DF3,0.0,712.8,712.8,0:00:00,88:28:55,-,-,0,-
2025-10-19 08:39:21,2025-10-19 08:39:21,2025-10-19 07:50:24,2025-10-19 07:45:04,867488068342780,25844,GTIGN,0x19FE7FBF,,802003,0x8303,0x0115,100,12301,0000,0000,01,00,22,12,12,3238,00,01,0.0,6.3,278,289,567,567,-23.258729,-23.258742,-51.150217,-51.150187,0724,0006,C4A7,07A57DF3,0.0,712.8,712.8,0:00:00,88:28:55,-,-,0,-
2025-10-19 08:39:21,,,,867488068342780,25843,HBD
2025-10-19 08:29:58,2025-10-19 08:29:54,2025-10-19 07:50:24,2025-10-19 07:50:24,867488068342780,25842,GTPDP,0x19FE7FBF,,802003,0x8303,0x0115,100,12981,0000,0000,00,00,11,12,12,-,00,00,0.0,0.0,278,278,567,567,-23.258729,-23.258729,-51.150217,-51.150217,0000,0000,0000,00000000,3.3,712.8,712.8,0:08:18,88:28:55,-,-,0,-
2025-10-19 08:23:26,,,,867488068342780,25841,GTINF,,,,,,,,,,,,,,,,,,,,,,,,,,,,,,,,,,,,,,,,,,C1,4175,01
2025-10-19 08:18:02,2025-10-19 08:17:50,2025-10-19 07:50:24,2025-10-19 07:50:24,867488068342780,25840,GTPDP,0x19FE7FBF,,802003,0x8303,0x0115,100,13127,0000,0000,00,00,11,12,12,-,00,00,0.0,0.0,278,278,567,567,-23.258729,-23.258729,-51.150217,-51.150217,0000,0000,0000,00000000,3.3,712.8,712.8,0:08:18,88:28:55,-,-,0,-
2025-10-19 07:50:24,2025-10-19 07:50:23,2025-10-19 07:50:24,2025-10-19 07:50:24,867488068342780,25839,GTERI,0x19FE3FBF,0x00028102,802003,0x8303,0x0115,100,13141,0000,-,00,00,11,12,12,-,01,01,0.0,0.0,278,278,567,567,-23.258729,-23.258729,-51.150217,-51.150217,0724,0006,C4A7,07A57DF3,3.3,712.8,712.8,0:08:18,88:28:55,-,-,0,-,,,,,04,7,00000000,00,10,,
2025-10-19 07:49:12,2025-10-19 07:49:11,2025-10-19 07:49:10,2025-10-19 07:49:10,867488068342780,25838,GTERI,0x19FE3FBF,0x00028102,802003,0x8303,0x0115,100,13156,0000,-,00,00,11,12,12,-,01,01,0.0,0.0,278,278,567,567,-23.258729,-23.258729,-51.150217,-51.150217,0724,0006,C4A7,07A57DF3,3.3,712.8,712.8,0:08:18,88:28:55,-,-,0,-,,,,,04,7,00000000,00,10,,
2025-10-19 07:49:12,,,,867488068342780,25837,HBD
2025-10-19 07:47:37,,,,867488068342780,25836,HBD
2025-10-19 07:46:11,2025-10-19 07:46:11,2025-10-19 07:46:10,2025-10-19 07:46:10,867488068342780,25835,GTERI,0x19FE3FBF,0x00028102,802003,0x8303,0x0115,100,13277,0000,-,00,00,11,12,12,-,01,01,0.0,0.0,278,278,567,567,-23.258729,-23.258729,-51.150217,-51.150217,0724,0006,C4A7,07A57DF3,3.3,712.8,712.8,0:08:18,88:28:55,-,-,0,-,,,,,04,7,00000000,00,10,,
2025-10-19 07:45:50,2025-10-19 07:45:50,2025-10-19 07:45:50,2025-10-19 07:45:50,867488068342780,25834,GTSTT,0x19FE7FBF,,802003,0x8303,0x0115,100,13277,0000,0000,00,00,11,12,12,-,01,01,0.0,0.0,278,278,567,567,-23.258729,-23.258729,-51.150217,-51.150217,0724,0006,C4A7,07A57DF3,3.3,712.8,712.8,0:08:18,88:28:55,-,-,0,-
2025-10-19 07:45:25,2025-10-19 07:45:23,2025-10-19 07:45:24,2025-10-19 07:45:24,867488068342780,25833,GTIGL,0x19FE7FBF,,802003,0x8303,0x0115,100,13504,0000,0000,00,00,12,12,12,-,01,01,0.0,0.0,278,278,567,567,-23.258729,-23.258729,-51.150217,-51.150217,0724,0006,C4A7,07A57DF3,3.3,712.8,712.8,0:08:18,88:28:55,-,-,0,-,,,,,,,,,01
2025-10-19 07:45:25,,,,867488068342780,25832,ACK
2025-10-19 07:45:25,,,,867488068342780,25831,ACK
2025-10-19 07:45:24,2025-10-19 07:45:23,2025-10-19 07:45:23,2025-10-19 07:45:23,867488068342780,25830,GTSTT,0x19FE7FBF,,802003,0x8303,0x0115,100,13504,0000,0000,00,00,12,12,12,-,01,01,0.0,0.0,278,278,567,567,-23.258729,-23.258729,-51.150217,-51.150217,0724,0006,C4A7,07A57DF3,3.3,712.8,712.8,0:08:18,88:28:55,-,-,0,-
2025-10-19 07:45:24,2025-10-19 07:45:23,2025-10-19 07:45:23,2025-10-19 07:45:23,867488068342780,25829,GTIGF,0x19FE7FBF,,802003,0x8303,0x0115,100,13504,0000,0000,00,00,12,12,12,499,01,01,0.0,0.0,278,278,567,567,-23.258729,-23.258729,-51.150217,-51.150217,0724,0006,C4A7,07A57DF3,3.3,712.8,712.8,0:08:18,88:28:55,-,-,0,-
2025-10-19 07:45:23,,,,867488068342780,25828,HBD
2025-10-19 07:45:03,2025-10-19 07:45:02,2025-10-19 07:45:03,2025-10-19 07:45:03,867488068342780,25827,GTERI,0x19FE3FBF,0x00028102,802003,0x8303,0x0115,100,14275,0000,-,01,00,22,12,12,-,01,01,6.7,6.7,278,278,567,567,-23.258749,-23.258749,-51.150172,-51.150172,0724,0006,C4A7,07A57DF3,3.3,712.8,712.8,0:07:57,88:28:34,-,-,0,-,,,,,04,7,00000000,00,11,,
2025-10-19 07:44:58,2025-10-19 07:44:57,2025-10-19 07:44:58,2025-10-19 07:44:21,867488068342780,25826,GTERI,0x19FE3FBF,0x00028102,802003,0x8303,0x0115,100,14278,0000,-,01,00,22,12,12,-,01,01,4.1,36.8,99,29,567,560,-23.258754,-23.259593,-51.150169,-51.151262,0724,0006,C4A7,07A57DF3,3.3,712.8,712.7,0:07:51,88:28:28,-,-,0,-,,,,,04,7,00000000,00,11,,
2025-10-19 07:44:07,2025-10-19 07:44:07,2025-10-19 07:44:07,2025-10-19 07:44:07,867488068342780,25825,GTERI,0x19FE3FBF,0x00028102,802003,0x8303,0x0115,100,14324,0000,-,01,00,22,12,12,-,01,01,16.3,16.3,52,52,550,550,-23.260468,-23.260468,-51.151831,-51.151831,0724,0006,C4A7,07A72901,3.0,712.5,712.5,0:07:03,88:27:40,-,-,0,-,,,,,04,7,00000000,00,11,,
2025-10-19 07:44:05,2025-10-19 07:44:05,2025-10-19 07:44:05,2025-10-19 07:44:05,867488068342780,25824,GTERI,0x19FE3FBF,0x00028102,802003,0x8303,0x0115,100,14238,0000,-,01,00,22,12,12,-,01,01,9.9,9.9,99,99,550,550,-23.260494,-23.260494,-51.151898,-51.151898,0724,0006,C4A7,07A72901,3.0,712.5,712.5,0:07:00,88:27:37,-,-,0,-,,,,,04,7,00000000,00,11,,
2025-10-19 07:44:05,,,,25823,GTHBE
2025-10-19 07:43:48,2025-10-19 07:43:48,2025-10-19 07:43:48,2025-10-19 07:43:34,867488068342780,25822,GTERI,0x19FE3FBF,0x00028102,802003,0x8303,0x0115,100,14388,0000,-,01,00,22,12,12,-,01,01,9.4,30.0,152,90,555,556,-23.259703,-23.259677,-51.152033,-51.152313,0724,0006,C4A7,07A72901,2.9,712.4,712.4,0:06:42,88:27:19,-,-,0,-,,,,,04,7,00000000,00,11,,
2025-10-19 07:43:19,2025-10-19 07:43:19,2025-10-19 07:43:19,2025-10-19 07:43:19,867488068342780,25821,GTERI,0x19FE3FBF,0x00028102,802003,0x8303,0x0115,100,14314,0000,-,01,00,22,12,12,-,01,01,21.9,21.9,87,87,553,553,-23.259657,-23.259657,-51.153275,-51.153275,0724,0006,C4A7,07A72901,2.8,712.3,712.3,0:06:12,88:26:49,-,-,0,-,,,,,04,7,00000000,00,11,,
2025-10-19 07:43:15,2025-10-19 07:43:15,2025-10-19 07:43:15,2025-10-19 07:43:12,867488068342780,25820,GTERI,0x19FE3FBF,0x00028102,802003,0x8303,0x0115,100,14195,0000,-,01,00,22,12,12,-,01,01,20.4,31.4,135,181,553,553,-23.259625,-23.259462,-51.153492,-51.153547,0724,0006,C4A7,07A72901,2.8,712.3,712.3,0:06:09,88:26:46,-,-,0,-,,,,,04,7,00000000,00,11,,
2025-10-19 07:43:12,2025-10-19 07:43:11,2025-10-19 07:43:10,2025-10-19 07:43:08,867488068342780,25819,GTERI,0x19FE3FBF,0x00028102,802003,0x8303,0x0115,100,14268,0000,-,01,00,22,12,12,-,01,01,38.4,40.9,180,180,554,556,-23.259287,-23.259088,-51.153543,-51.15354,0724,0006,C4A7,07A72901,2.8,712.3,712.2,0:06:06,88:26:43,-,-,0,-,,,,,04,7,00000000,00,10,,
2025-10-19 07:43:11,,,,867488068342780,25818,HBD
2025-10-19 07:42:52,2025-10-19 07:42:52,2025-10-19 07:42:52,2025-10-19 07:42:28,867488068342780,25817,GTERI,0x19FE3FBF,0x00028102,802003,0x8303,0x0115,100,14396,0000,-,01,00,22,12,12,-,01,01,10.2,42.1,146,80,560,562,-23.257946,-23.257796,-51.153561,-51.154877,0724,0006,C4A7,07A57DF3,2.6,712.1,712.0,0:05:45,88:26:22,-,-,0,-,,,,,04,7,00000000,00,11,,
2025-10-19 07:42:19,2025-10-19 07:42:19,2025-10-19 07:42:19,2025-10-19 07:42:14,867488068342780,25816,GTSPD,0x19FE7FBF,,802003,0x8303,0x0115,100,14331,0000,0000,01,00,22,12,12,-,01,01,41.6,51.7,63,66,566,569,-23.258143,-23.258388,-51.155798,-51.15637,0724,0006,C4A7,07A7290B,2.4,711.9,711.8,0:05:12,88:25:49,-,-,0,-,,,,,,,,,01
2025-10-19 07:42:18,,,,867488068342780,25815,ACK
2025-10-19 07:42:13,,,,867488068342780,25814,ACK
2025-10-19 07:42:12,2025-10-19 07:42:12,2025-10-19 07:42:12,2025-10-19 07:42:12,867488068342780,25813,GTSPD,0x19FE7FBF,,802003,0x8303,0x0115,100,14436,0000,0000,01,00,22,12,12,-,01,01,48.5,48.5,66,66,570,570,-23.258492,-23.258492,-51.156626,-51.156626,0724,0006,C4A7,07A7290B,2.3,711.8,711.8,0:05:06,88:25:43,-,-,0,-,,,,,,,,,00
2025-10-19 07:41:53,,,,25812,GTHBE
2025-10-19 07:41:44,2025-10-19 07:41:43,2025-10-19 07:41:44,2025-10-19 07:41:43,867488068342780,25811,GTSPD,0x19FE7FBF,,802003,0x8303,0x0115,100,14336,0000,0000,01,00,22,12,12,-,01,01,43.1,44.6,82,85,578,578,-23.259195,-23.259207,-51.158599,-51.158717,0724,0006,C4A7,07A5BC0C,2.1,711.6,711.6,0:04:39,88:25:16,-,-,0,-,,,,,,,,,01
2025-10-19 07:41:42,2025-10-19 07:41:41,2025-10-19 07:41:42,2025-10-19 07:41:42,867488068342780,25810,GTSPD,0x19FE7FBF,,802003,0x8303,0x0115,100,14395,0000,0000,01,00,22,12,12,-,01,01,45.7,45.7,87,87,578,578,-23.259216,-23.259216,-51.158838,-51.158838,0724,0006,C4A7,07A5BC0C,2.1,711.6,711.6,0:04:36,88:25:13,-,-,0,-,,,,,,,,,00
2025-10-19 07:41:33,2025-10-19 07:41:32,2025-10-19 07:41:33,2025-10-19 07:41:31,867488068342780,25809,GTSPD,0x19FE7FBF,,802003,0x8303,0x0115,100,14371,0000,0000,01,00,22,12,12,-,01,01,44.1,45.3,107,113,579,579,-23.259096,-23.259019,-51.159907,-51.160135,0724,0006,C4A7,07A5BC0C,1.9,711.4,711.4,0:04:27,88:25:04,-,-,0,-,,,,,,,,,01
2025-10-19 07:41:30,2025-10-19 07:41:29,2025-10-19 07:41:30,2025-10-19 07:41:30,867488068342780,25808,GTSPD,0x19FE7FBF,,802003,0x8303,0x0115,100,14371,0000,0000,01,00,22,12,12,-,01,01,46.7,46.7,115,115,579,579,-23.258973,-23.258973,-51.160248,-51.160248,0724,0006,C4A7,07A5BC0C,1.9,711.4,711.4,0:04:24,88:25:01,-,-,0,-,,,,,,,,,00
2025-10-19 07:41:12,2025-10-19 07:41:11,2025-10-19 07:41:12,2025-10-19 07:41:07,867488068342780,25807,GTERI,0x19FE3FBF,0x00028102,802003,0x8303,0x0115,100,14287,0000,-,01,00,22,12,12,-,01,01,20.8,23.0,92,84,577,577,-23.258298,-23.25831,-51.161951,-51.16216,0724,0006,C4A7,07A5BC0B,1.7,711.2,711.2,0:04:06,88:24:43,-,-,0,-,,,,,04,1,00000000,00,11,,
2025-10-19 07:41:10,,,,867488068342780,25806,ACK
2025-10-19 07:41:09,,,,867488068342780,25805,ACK
2025-10-19 07:41:09,,,,867488068342780,25804,ACK
2025-10-19 07:41:09,,,,867488068342780,25803,ACK
2025-10-19 07:41:06,2025-10-19 07:41:05,2025-10-19 07:41:06,2025-10-19 07:40:54,867488068342780,25802,GTSPD,0x19FE7FBF,,802003,0x8303,0x0115,100,14400,0000,0000,01,01,22,11,11,-,01,01,32.0,53.0,81,45,577,573,-23.258318,-23.259077,-51.16223,-51.163556,0724,0006,C4A7,07A5BC0B,1.7,711.2,711.0,0:04:00,88:24:37,-,-,0,-,,,,,,,,,01
2025-10-19 07:41:06,,,,867488068342780,25801,HBD
2025-10-19 07:40:53,,,,867488068342780,25800,ACK
2025-10-19 07:40:43,,,,867488068342780,25799,ACK
2025-10-19 07:40:43,2025-10-19 07:40:42,2025-10-19 07:40:43,2025-10-19 07:40:43,867488068342780,25798,GTSPD,0x19FE7FBF,,802003,0x8303,0x0115,100,14407,0000,0000,01,00,22,12,12,-,01,01,46.8,46.8,45,45,573,573,-23.260063,-23.260063,-51.164607,-51.164607,0724,0006,C4A7,07A5BC0B,1.4,710.9,710.9,0:03:36,88:24:13,-,-,0,-,,,,,,,,,00
2025-10-19 07:40:11,2025-10-19 07:40:11,2025-10-19 07:40:09,2025-10-19 07:40:10,867488068342780,25797,GTERI,0x19FE3FBF,0x00028102,802003,0x8303,0x0115,100,14360,0000,-,01,00,22,11,11,-,01,01,10.1,14.3,47,61,578,578,-23.261339,-23.261321,-51.166895,-51.166864,0724,0006,C4A7,07A5BC0D,1.1,710.6,710.6,0:03:06,88:23:43,-,-,0,-,,,,,04,1,00000000,00,10,,
2025-10-19 07:39:55,,,,25796,GTHBE
2025-10-19 07:39:34,,,,867488068342780,25795,ACK
2025-10-19 07:39:33,2025-10-19 07:39:33,2025-10-19 07:39:33,2025-10-19 07:39:16,867488068342780,25794,GTSPD,0x19FE7FBF,,802003,0x8303,0x0115,100,14359,0000,0000,01,01,22,10,10,-,01,01,33.6,63.7,2,0,574,562,-23.263,-23.265313,-51.166949,-51.166962,0724,0006,C4A7,07A5BC0D,0.9,710.4,710.2,0:02:27,88:23:04,-,-,0,-,,,,,,,,,01
2025-10-19 07:39:19,,,,867488068342780,25793,ACK
2025-10-19 07:39:08,,,,867488068342780,25792,ACK
2025-10-19 07:39:07,2025-10-19 07:39:07,2025-10-19 07:39:07,2025-10-19 07:39:07,867488068342780,25791,GTSPD,0x19FE7FBF,,802003,0x8303,0x0115,100,14336,0000,0000,01,00,22,9,9,-,01,01,51.0,51.0,0,0,569,569,-23.266647,-23.266647,-51.166981,-51.166981,0724,0006,C4A7,07A5BC0D,0.5,710.0,710.0,0:02:00,88:22:37,-,-,0,-,,,,,,,,,00
2025-10-19 07:39:07,,,,867488068342780,25790,HBD
2025-10-19 07:39:01,2025-10-19 07:39:01,2025-10-19 07:39:01,2025-10-19 07:39:01,867488068342780,25789,GTERI,0x19FE3FBF,0x00028102,802003,0x8303,0x0115,100,14382,0000,-,01,00,22,9,9,-,01,01,22.7,22.7,13,13,573,573,-23.267235,-23.267235,-51.167005,-51.167005,0724,0006,C4A7,07A5BC0D,0.5,710.0,710.0,0:01:54,88:22:31,-,-,0,-,,,,,04,1,00000000,00,11,,
2025-10-19 07:38:58,2025-10-19 07:38:57,2025-10-19 07:38:58,2025-10-19 07:38:56,867488068342780,25788,GTERI,0x19FE3FBF,0x00028102,802003,0x8303,0x0115,100,14316,0000,-,01,00,22,9,9,-,01,01,23.5,28.8,86,54,575,576,-23.267333,-23.267345,-51.167128,-51.167266,0724,0006,C4A7,07A5BC0D,0.4,709.9,709.9,0:01:51,88:22:28,-,-,0,-,,,,,04,1,00000000,00,11,,
2025-10-19 07:38:55,2025-10-19 07:38:54,2025-10-19 07:38:55,2025-10-19 07:38:53,867488068342780,25787,GTERI,0x19FE3FBF,0x00028102,802003,0x8303,0x0115,100,14458,0000,-,01,00,22,9,9,-,01,01,29.4,31.8,36,354,575,576,-23.267387,-23.267523,-51.167325,-51.167385,0724,0006,C4A7,07A5BC0D,0.4,709.9,709.9,0:01:48,88:22:25,-,-,0,-,,,,,04,1,00000000,00,11,,
2025-10-19 07:38:53,,,,25786,GTHBE
2025-10-19 07:38:48,2025-10-19 07:38:47,2025-10-19 07:38:48,2025-10-19 07:38:32,867488068342780,25785,GTERI,0x19FE3FBF,0x00028102,802003,0x8303,0x0115,100,14473,0000,-,01,00,22,9,6,-,01,01,35.4,38.7,350,0,575,555,-23.267891,-23.269322,-51.167198,-51.167205,0724,0006,C4A7,07A5BC0D,0.4,709.9,709.7,0:01:42,88:22:19,-,-,0,-,,,,,04,1,00000000,00,11,,
2025-10-19 07:38:15,2025-10-19 07:38:14,2025-10-19 07:38:15,2025-10-19 07:38:09,867488068342780,25784,GTERI,0x19FE3FBF,0x00028102,802003,0x8303,0x0115,100,14426,0000,-,01,00,22,5,5,-,01,01,10.6,15.9,42,89,543,542,-23.270546,-23.270572,-51.167293,-51.167435,0724,0006,C4A7,07A72717,0.1,709.5,709.5,0:01:09,88:21:46,-,-,0,-,,,,,04,3,00000000,00,11,,
2025-10-19 07:38:04,2025-10-19 07:38:03,2025-10-19 07:38:04,2025-10-19 07:38:04,867488068342780,25783,GTIGL,0x19FE7FBF,,802003,0x8303,0x0115,100,14480,0000,0000,01,00,22,5,5,-,01,01,15.0,15.0,91,91,546,546,-23.270556,-23.270556,-51.167627,-51.167627,0724,0006,C4A7,07A72917,0.0,709.5,709.5,0:00:57,88:21:34,-,-,0,-,,,,,,,,,00
2025-10-19 07:38:04,2025-10-19 07:38:03,2025-10-19 07:38:04,2025-10-19 07:38:04,867488068342780,25782,GTERI,0x19FE3FBF,0x00028102,802003,0x8303,0x0115,100,14480,0000,-,01,00,22,5,5,-,01,01,15.0,15.0,91,91,546,546,-23.270556,-23.270556,-51.167627,-51.167627,0724,0006,C4A7,07A72917,0.0,709.5,709.5,0:00:57,88:21:34,-,-,0,-,,,,,04,3,00000000,00,10,,
2025-10-19 07:37:05,2025-10-19 07:37:04,2025-10-19 06:56:59,2025-10-19 06:56:59,867488068342780,25781,GTSTT,0x19FE7FBF,,802003,0x8303,0x0115,100,11965,0000,0000,01,00,22,4,4,-,00,00,0.0,0.0,31,31,560,560,-23.270415,-23.270415,-51.167808,-51.167808,0724,0006,C4A7,07A5CC17,0.0,709.5,709.5,0:00:00,88:20:37,-,-,0,-
2025-10-19 07:37:04,2025-10-19 07:37:04,2025-10-19 06:56:59,2025-10-18 18:53:27,867488068342780,25780,GTIGN,0x19FE7FBF,,802003,0x8303,0x0115,100,11965,0000,0000,01,00,22,4,12,45779,00,01,0.0,2.2,31,41,560,560,-23.270415,-23.270427,-51.167808,-51.167824,0724,0006,C4A7,07A5CC17,0.0,709.5,709.5,0:00:00,88:20:37,-,-,0,-
2025-10-19 07:37:04,,,,867488068342780,25779,HBD
2025-10-19 06:59:01,2025-10-19 06:59:00,2025-10-19 06:56:59,2025-10-19 06:56:59,867488068342780,25778,GTERI,0x19FE3FBF,0x00028102,802003,0x8303,0x0115,100,12869,0000,-,00,00,11,4,4,-,01,01,0.0,0.0,31,31,560,560,-23.270415,-23.270415,-51.167808,-51.167808,0724,0006,C4A7,07A5CC35,11.7,709.5,709.5,0:17:00,88:20:37,-,-,0,-,,,,,04,28,00000000,00,10,,
2025-10-19 05:59:00,2025-10-19 05:59:00,2025-10-19 05:57:08,2025-10-19 05:57:08,867488068342780,25777,GTERI,0x19FE3FBF,0x00028102,802003,0x8303,0x0115,100,12885,0000,-,00,00,11,4,4,-,01,01,0.0,0.0,31,31,560,560,-23.270415,-23.270415,-51.167808,-51.167808,0724,0006,C4A7,07A5CC17,11.7,709.5,709.5,0:17:00,88:20:37,-,-,0,-,,,,,04,3,00000000,00,10,,
2025-10-19 04:59:00,2025-10-19 04:59:00,2025-10-19 04:56:54,2025-10-19 04:56:54,867488068342780,25776,GTERI,0x19FE3FBF,0x00028102,802003,0x8303,0x0115,100,12895,0000,-,00,00,11,4,4,-,01,01,0.0,0.0,31,31,560,560,-23.270415,-23.270415,-51.167808,-51.167808,0724,0006,C4A7,07A5CC35,11.7,709.5,709.5,0:17:00,88:20:37,-,-,0,-,,,,,04,28,00000000,00,10,,
2025-10-19 03:59:00,2025-10-19 03:59:00,2025-10-19 03:56:54,2025-10-19 03:56:54,867488068342780,25775,GTERI,0x19FE3FBF,0x00028102,802003,0x8303,0x0115,100,12819,0000,-,00,00,11,5,5,-,01,01,0.0,0.0,31,31,560,560,-23.270415,-23.270415,-51.167808,-51.167808,0724,0006,C4A7,07A5CC35,11.7,709.5,709.5,0:17:00,88:20:37,-,-,0,-,,,,,04,28,00000000,00,10,,
2025-10-19 02:59:00,2025-10-19 02:59:00,2025-10-19 02:56:37,2025-10-19 02:56:37,867488068342780,25774,GTERI,0x19FE3FBF,0x00028102,802003,0x8303,0x0115,100,12933,0000,-,00,00,11,6,6,-,01,01,0.0,0.0,31,31,560,560,-23.270415,-23.270415,-51.167808,-51.167808,0724,0006,C4A7,07A5CC35,11.7,709.5,709.5,0:17:00,88:20:37,-,-,0,-,,,,,04,28,00000000,00,10,,
2025-10-19 01:59:00,2025-10-19 01:59:00,2025-10-19 01:57:05,2025-10-19 01:57:05,867488068342780,25773,GTERI,0x19FE3FBF,0x00028102,802003,0x8303,0x0115,100,12866,0000,-,00,00,11,5,5,-,01,01,0.0,0.0,31,31,560,560,-23.270415,-23.270415,-51.167808,-51.167808,0724,0006,C4A7,07A5CC35,11.7,709.5,709.5,0:17:00,88:20:37,-,-,0,-,,,,,04,28,00000000,00,10,,
2025-10-19 00:59:00,2025-10-19 00:59:00,2025-10-19 00:57:25,2025-10-19 00:57:25,867488068342780,25772,GTERI,0x19FE3FBF,0x00028102,802003,0x8303,0x0115,100,12884,0000,-,00,00,11,5,5,-,01,01,0.0,0.0,31,31,560,560,-23.270415,-23.270415,-51.167808,-51.167808,0724,0006,C4A7,07A5CC17,11.7,709.5,709.5,0:17:00,88:20:37,-,-,0,-,,,,,04,3,00000000,00,10,,
2025-10-18 23:59:00,2025-10-18 23:59:00,2025-10-18 23:56:54,2025-10-18 23:56:54,867488068342780,25771,GTERI,0x19FE3FBF,0x00028102,802003,0x8303,0x0115,100,12907,0000,-,00,00,11,5,5,-,01,01,0.0,0.0,31,31,560,560,-23.270415,-23.270415,-51.167808,-51.167808,0724,0006,C4A7,07A5CC17,11.7,709.5,709.5,0:17:00,88:20:37,-,-,0,-,,,,,04,3,00000000,00,10,,
2025-10-18 22:59:00,2025-10-18 22:59:00,2025-10-18 22:57:51,2025-10-18 22:57:51,867488068342780,25770,GTERI,0x19FE3FBF,0x00028102,802003,0x8303,0x0115,100,12909,0000,-,00,00,11,6,6,-,01,01,0.0,0.0,31,31,560,560,-23.270415,-23.270415,-51.167808,-51.167808,0724,0006,C4A7,07A5CC35,11.7,709.5,709.5,0:17:00,88:20:37,-,-,0,-,,,,,04,28,00000000,00,10,,
2025-10-18 21:59:00,2025-10-18 21:59:00,2025-10-18 21:57:06,2025-10-18 21:57:06,867488068342780,25769,GTERI,0x19FE3FBF,0x00028102,802003,0x8303,0x0115,100,12974,0000,-,00,00,11,4,4,-,01,01,0.0,0.0,31,31,560,560,-23.270415,-23.270415,-51.167808,-51.167808,0724,0006,C4A7,07A5CC35,11.7,709.5,709.5,0:17:00,88:20:37,-,-,0,-,,,,,04,28,00000000,00,10,,
2025-10-18 20:59:00,2025-10-18 20:59:00,2025-10-18 20:56:40,2025-10-18 20:56:40,867488068342780,25768,GTERI,0x19FE3FBF,0x00028102,802003,0x8303,0x0115,100,13069,0000,-,00,00,11,11,11,-,01,01,0.0,0.0,31,31,560,560,-23.270415,-23.270415,-51.167808,-51.167808,0724,0006,C4A7,07A5CC35,11.7,709.5,709.5,0:17:00,88:20:37,-,-,0,-,,,,,04,28,00000000,00,10,,
2025-10-18 19:59:00,2025-10-18 19:59:00,2025-10-18 19:56:44,2025-10-18 19:56:44,867488068342780,25767,GTERI,0x19FE3FBF,0x00028102,802003,0x8303,0x0115,100,13106,0000,-,00,00,11,11,11,-,01,01,0.0,0.0,31,31,560,560,-23.270415,-23.270415,-51.167808,-51.167808,0724,0006,C4A7,07A5CC35,11.7,709.5,709.5,0:17:00,88:20:37,-,-,0,-,,,,,04,28,00000000,00,10,,
2025-10-18 18:59:05,2025-10-18 18:59:05,2025-10-18 18:59:05,2025-10-18 18:59:05,867488068342780,25766,GTERI,0x19FE3FBF,0x00028102,802003,0x8303,0x0115,100,13071,0000,-,00,00,11,12,12,-,01,01,0.0,0.0,31,31,560,560,-23.270415,-23.270415,-51.167808,-51.167808,0724,0006,C4A7,07A5CC35,11.7,709.5,709.5,0:17:00,88:20:37,-,-,0,-,,,,,04,28,00000000,00,10,,
2025-10-18 18:59:05,,,,867488068342780,25765,HBD
2025-10-18 18:58:12,2025-10-18 18:58:12,2025-10-18 18:58:11,2025-10-18 18:58:11,867488068342780,25764,GTERI,0x19FE3FBF,0x00028102,802003,0x8303,0x0115,100,13070,0000,-,00,00,11,12,12,-,01,01,0.0,0.0,31,31,560,560,-23.270415,-23.270415,-51.167808,-51.167808,0724,0006,C4A7,07A5CC35,11.7,709.5,709.5,0:17:00,88:20:37,-,-,0,-,,,,,04,28,00000000,00,10,,
2025-10-18 18:57:46,,,,867488068342780,25763,HBD
2025-10-18 18:55:12,2025-10-18 18:55:12,2025-10-18 18:55:11,2025-10-18 18:55:11,867488068342780,25762,GTERI,0x19FE3FBF,0x00028102,802003,0x8303,0x0115,100,13077,0000,-,00,00,11,12,12,-,01,01,0.0,0.0,31,31,560,560,-23.270415,-23.270415,-51.167808,-51.167808,0724,0006,C4A7,07A5CC35,11.7,709.5,709.5,0:17:00,88:20:37,-,-,0,-,,,,,04,28,00000000,00,10,,
2025-10-18 18:55:12,,,,867488068342780,25761,HBD
2025-10-18 18:54:41,2025-10-18 18:54:41,2025-10-18 18:54:41,2025-10-18 18:54:41,867488068342780,25760,GTSTT,0x19FE7FBF,,802003,0x8303,0x0115,100,13026,0000,0000,00,00,11,12,12,-,01,01,0.0,0.0,31,31,560,560,-23.270415,-23.270415,-51.167808,-51.167808,0724,0006,C4A7,07A5CC35,11.7,709.5,709.5,0:17:00,88:20:37,-,-,0,-
2025-10-18 18:54:10,,,,867488068342780,25759,ACK
2025-10-18 18:54:09,,,,867488068342780,25758,ACK
2025-10-18 18:54:06,2025-10-18 18:54:06,2025-10-18 18:54:06,2025-10-18 18:54:06,867488068342780,25757,GTIGL,0x19FE7FBF,,802003,0x8303,0x0115,100,13197,0000,0000,00,00,12,12,12,-,01,01,0.0,0.0,31,31,560,560,-23.270415,-23.270415,-51.167808,-51.167808,0724,0006,C4A7,07A5CC35,11.7,709.5,709.5,0:17:00,88:20:37,-,-,0,-,,,,,,,,,01
2025-10-18 18:54:05,2025-10-18 18:54:05,2025-10-18 18:54:05,2025-10-18 18:54:05,867488068342780,25756,GTSTT,0x19FE7FBF,,802003,0x8303,0x0115,100,13197,0000,0000,00,00,12,12,12,-,01,01,0.0,0.0,31,31,560,560,-23.270415,-23.270415,-51.167808,-51.167808,0724,0006,C4A7,07A5CC35,11.7,709.5,709.5,0:17:00,88:20:37,-,-,0,-
2025-10-18 18:54:05,2025-10-18 18:54:05,2025-10-18 18:54:05,2025-10-18 18:54:05,867488068342780,25755,GTIGF,0x19FE7FBF,,802003,0x8303,0x0115,100,13197,0000,0000,00,00,12,12,12,1022,01,01,0.0,0.0,31,31,560,560,-23.270415,-23.270415,-51.167808,-51.167808,0724,0006,C4A7,07A5CC35,11.7,709.5,709.5,0:17:00,88:20:37,-,-,0,-
2025-10-18 18:53:26,2025-10-18 18:53:26,2025-10-18 18:53:26,2025-10-18 18:52:52,867488068342780,25754,GTERI,0x19FE3FBF,0x00028102,802003,0x8303,0x0115,100,13374,0000,-,01,00,22,12,12,-,01,01,3.2,42.5,31,179,560,569,-23.270433,-23.269287,-51.16783,-51.167794,0724,0006,C4A7,07A5CC35,11.7,709.5,709.4,0:16:21,88:19:58,-,-,0,-,,,,,04,28,00000000,00,11,,
2025-10-18 18:53:26,,,,867488068342780,25753,HBD
2025-10-18 18:52:39,2025-10-18 18:52:39,2025-10-18 18:52:39,2025-10-18 18:52:33,867488068342780,25752,GTERI,0x19FE3FBF,0x00028102,802003,0x8303,0x0115,100,13456,0000,-,01,00,22,12,12,-,01,01,16.5,24.5,207,272,583,584,-23.268183,-23.268123,-51.167779,-51.167478,0724,0006,C4A7,07A5BC35,11.5,709.2,709.2,0:15:33,88:19:10,-,-,0,-,,,,,04,28,00000000,00,11,,
2025-10-18 18:52:30,2025-10-18 18:52:30,2025-10-18 18:52:30,2025-10-18 18:52:28,867488068342780,25751,GTERI,0x19FE3FBF,0x00028102,802003,0x8303,0x0115,100,13525,0000,-,01,00,22,12,12,-,01,01,20.1,22.7,252,206,583,582,-23.268113,-23.268053,-51.167293,-51.167205,0724,0006,C4A7,07A5CC35,11.4,709.2,709.2,0:15:24,88:19:01,-,-,0,-,,,,,04,28,00000000,00,11,,
2025-10-18 18:52:27,2025-10-18 18:52:27,2025-10-18 18:52:27,2025-10-18 18:52:24,867488068342780,25750,GTERI,0x19FE3FBF,0x00028102,802003,0x8303,0x0115,100,13425,0000,-,01,00,22,12,12,-,01,01,24.1,27.2,187,147,582,583,-23.268,-23.267817,-51.167182,-51.167217,0724,0006,C4A7,07A5BC35,11.4,709.2,709.2,0:15:21,88:18:58,-,-,0,-,,,,,04,28,00000000,00,11,,
2025-10-18 18:52:23,2025-10-18 18:52:23,2025-10-18 18:52:23,2025-10-18 18:52:20,867488068342780,25749,GTERI,0x19FE3FBF,0x00028102,802003,0x8303,0x0115,100,13525,0000,-,01,00,22,12,12,-,01,01,27.6,28.0,141,173,583,584,-23.26776,-23.267584,-51.167259,-51.167372,0724,0006,C4A7,07A5BC35,11.4,709.2,709.1,0:15:18,88:18:55,-,-,0,-,,,,,04,28,00000000,00,11,,
2025-10-18 18:52:20,2025-10-18 18:52:19,2025-10-18 18:52:19,2025-10-18 18:52:19,867488068342780,25748,GTERI,0x19FE3FBF,0x00028102,802003,0x8303,0x0115,100,13525,0000,-,01,00,22,12,12,-,01,01,28.4,28.4,187,187,583,583,-23.267514,-23.267514,-51.167376,-51.167376,0724,0006,C4A7,07A5BC35,11.3,709.1,709.1,0:15:15,88:18:52,-,-,0,-,,,,,04,28,00000000,00,11,,
2025-10-18 18:52:15,2025-10-18 18:52:15,2025-10-18 18:52:15,2025-10-18 18:52:13,867488068342780,25747,GTERI,0x19FE3FBF,0x00028102,802003,0x8303,0x0115,100,13525,0000,-,01,00,22,12,12,-,01,01,25.9,26.1,237,208,582,581,-23.267302,-23.267218,-51.167213,-51.167112,0724,0006,C4A7,07A5BC35,11.3,709.1,709.1,0:15:09,88:18:46,-,-,0,-,,,,,04,28,00000000,00,11,,
2025-10-18 18:52:12,2025-10-18 18:52:12,2025-10-18 18:52:11,2025-10-18 18:52:08,867488068342780,25746,GTERI,0x19FE3FBF,0x00028102,802003,0x8303,0x0115,100,13525,0000,-,01,00,22,12,12,-,01,01,33.8,40.2,187,181,580,577,-23.26708,-23.266805,-51.167062,-51.167036,0724,0006,C4A7,07A5BC35,11.3,709.1,709.0,0:15:09,88:18:46,-,-,0,-,,,,,04,28,00000000,00,10,,
2025-10-18 18:52:09,,,,867488068342780,25745,ACK
2025-10-18 18:52:07,2025-10-18 18:52:07,2025-10-18 18:52:07,2025-10-18 18:51:48,867488068342780,25744,GTSPD,0x19FE7FBF,,802003,0x8303,0x0115,100,13517,0000,0000,01,01,22,12,12,-,01,01,41.2,62.1,182,180,576,572,-23.266704,-23.26427,-51.167033,-51.167029,0724,0006,C4A7,07A5BC35,11.2,709.0,708.7,0:15:03,88:18:40,-,-,0,-,,,,,,,,,01
2025-10-18 18:51:54,,,,867488068342780,25743,ACK
2025-10-18 18:51:44,,,,867488068342780,25742,ACK
2025-10-18 18:51:42,2025-10-18 18:51:42,2025-10-18 18:51:42,2025-10-18 18:51:42,867488068342780,25741,GTSPD,0x19FE7FBF,,802003,0x8303,0x0115,100,13618,0000,0000,01,00,22,12,12,-,01,01,48.5,48.5,181,181,578,578,-23.263426,-23.263426,-51.167016,-51.167016,0724,0006,C4A7,07A5BC35,10.9,708.6,708.6,0:14:36,88:18:13,-,-,0,-,,,,,,,,,00
2025-10-18 18:51:35,2025-10-18 18:51:35,2025-10-18 18:51:35,2025-10-18 18:51:35,867488068342780,25740,GTERI,0x19FE3FBF,0x00028102,802003,0x8303,0x0115,100,13528,0000,-,01,00,22,12,12,-,01,01,24.9,24.9,182,182,582,582,-23.262762,-23.262762,-51.167013,-51.167013,0724,0006,C4A7,07A5BC35,10.8,708.6,708.6,0:14:30,88:18:07,-,-,0,-,,,,,04,28,00000000,00,11,,
2025-10-18 18:51:34,,,,25739,GTHBE
2025-10-18 18:51:24,,,,867488068342780,25738,ACK
2025-10-18 18:51:24,2025-10-18 18:51:23,2025-10-18 18:51:23,2025-10-18 18:51:12,867488068342780,25737,GTSPD,0x19FE7FBF,,802003,0x8303,0x0115,100,13633,0000,0000,01,01,22,12,12,-,01,01,42.5,54.8,269,269,582,577,-23.262624,-23.262622,-51.166351,-51.164895,0724,0006,C4A7,07A5BC35,10.7,708.5,708.3,0:14:18,88:17:55,-,-,0,-,,,,,,,,,01
2025-10-18 18:51:10,,,,867488068342780,25736,ACK
2025-10-18 18:51:09,,,,867488068342780,25735,HBD
2025-10-18 18:50:59,,,,867488068342780,25734,ACK
2025-10-18 18:50:58,2025-10-18 18:50:58,2025-10-18 18:50:57,2025-10-18 18:50:57,867488068342780,25733,GTSPD,0x19FE7FBF,,802003,0x8303,0x0115,100,13641,0000,0000,01,00,22,12,12,-,01,01,46.2,46.2,271,271,565,565,-23.262636,-23.262636,-51.162801,-51.162801,0724,0006,C4A7,07A5BC34,10.4,708.1,708.1,0:13:54,88:17:31,-,-,0,-,,,,,,,,,00
2025-10-18 18:50:44,,,,867488068342780,25732,ACK
2025-10-18 18:50:43,2025-10-18 18:50:43,2025-10-18 18:50:43,2025-10-18 18:50:31,867488068342780,25731,GTSPD,0x19FE7FBF,,802003,0x8303,0x0115,100,13543,0000,0000,01,01,22,12,12,-,01,01,39.1,67.7,269,269,564,578,-23.262635,-23.262611,-51.161629,-51.159713,0724,0006,C4A7,07A5BC34,10.2,708.0,707.8,0:13:39,88:17:16,-,-,0,-,,,,,,,,,01
2025-10-18 18:50:29,,,,867488068342780,25730,ACK
2025-10-18 18:50:19,2025-10-18 18:50:19,2025-10-18 18:50:19,2025-10-18 18:50:19,867488068342780,25729,GTSPD,0x19FE7FBF,,802003,0x8303,0x0115,100,13623,0000,0000,01,00,22,12,12,-,01,01,48.4,48.4,256,256,588,588,-23.262495,-23.262495,-51.157776,-51.157776,0724,0006,C4A7,07A72933,9.8,707.6,707.6,0:13:15,88:16:52,-,-,0,-,,,,,,,,,00
2025-10-18 18:50:19,,,,867488068342780,25728,ACK
2025-10-18 18:50:11,2025-10-18 18:50:11,2025-10-18 18:50:11,2025-10-18 18:50:10,867488068342780,25727,GTERI,0x19FE3FBF,0x00028102,802003,0x8303,0x0115,100,13778,0000,-,01,00,22,12,12,-,01,01,33.9,36.2,231,198,586,586,-23.262296,-23.262233,-51.156924,-51.156865,0724,0006,C4A7,07A72933,9.7,707.5,707.5,0:13:06,88:16:43,-,-,0,-,,,,,04,28,00000000,00,11,,
2025-10-18 18:50:10,,,,25726,GTHBE
2025-10-18 18:50:10,2025-10-18 18:50:09,2025-10-18 18:50:09,2025-10-18 18:50:09,867488068342780,25725,GTSPD,0x19FE7FBF,,802003,0x8303,0x0115,100,13592,0000,0000,01,00,22,12,12,-,01,01,37.6,37.6,173,173,585,585,-23.262144,-23.262144,-51.156847,-51.156847,0724,0006,C4A7,07A72933,9.7,707.5,707.5,0:13:06,88:16:43,-,-,0,-,,,,,,,,,01
2025-10-18 18:50:09,2025-10-18 18:50:09,2025-10-18 18:50:09,2025-10-18 18:50:00,867488068342780,25724,GTERI,0x19FE3FBF,0x00028102,802003,0x8303,0x0115,100,13592,0000,-,01,00,22,12,12,-,01,01,37.6,75.9,173,170,585,586,-23.262144,-23.260845,-51.156847,-51.157111,0724,0006,C4A7,07A72933,9.7,707.5,707.4,0:13:06,88:16:43,-,-,0,-,,,,,04,28,00000000,00,11,,
2025-10-18 18:50:09,,,,867488068342780,25723,ACK
2025-10-18 18:50:04,,,,867488068342780,25722,ACK
2025-10-18 18:49:54,,,,867488068342780,25721,ACK
2025-10-18 18:49:51,2025-10-18 18:49:51,2025-10-18 18:49:51,2025-10-18 18:49:51,867488068342780,25720,GTSPD,0x19FE7FBF,,802003,0x8303,0x0115,100,13653,0000,0000,01,00,22,12,12,-,01,01,50.8,50.8,167,167,585,585,-23.259389,-23.259389,-51.157437,-51.157437,0724,0006,C4A7,07A72933,9.4,707.2,707.2,0:12:48,88:16:25,-,-,0,-,,,,,,,,,00
2025-10-18 18:49:45,2025-10-18 18:49:45,2025-10-18 18:49:45,2025-10-18 18:49:45,867488068342780,25719,GTERI,0x19FE3FBF,0x00028102,802003,0x8303,0x0115,100,13481,0000,-,01,00,22,12,12,-,01,01,27.2,27.2,128,128,584,584,-23.258849,-23.258849,-51.157746,-51.157746,0724,0006,C4A7,07A57D33,9.3,707.1,707.1,0:12:42,88:16:19,-,-,0,-,,,,,04,28,00000000,00,11,,
2025-10-18 18:49:42,2025-10-18 18:49:42,2025-10-18 18:49:42,2025-10-18 18:49:41,867488068342780,25718,GTERI,0x19FE3FBF,0x00028102,802003,0x8303,0x0115,100,13674,0000,-,01,00,22,12,12,-,01,01,30.7,32.1,175,193,584,583,-23.258688,-23.258611,-51.157852,-51.15785,0724,0006,C4A7,07A57D33,9.3,707.1,707.1,0:12:39,88:16:16,-,-,0,-,,,,,04,28,00000000,00,11,,
2025-10-18 18:49:39,2025-10-18 18:49:39,2025-10-18 18:49:39,2025-10-18 18:49:39,867488068342780,25717,GTERI,0x19FE3FBF,0x00028102,802003,0x8303,0x0115,100,13578,0000,-,01,00,22,12,12,-,01,01,32.9,32.9,233,233,583,583,-23.258475,-23.258475,-51.157765,-51.157765,0724,0006,C4A7,07A57D33,9.3,707.1,707.1,0:12:36,88:16:13,-,-,0,-,,,,,04,28,00000000,00,11,,
2025-10-18 18:49:36,2025-10-18 18:49:36,2025-10-18 18:49:36,2025-10-18 18:49:36,867488068342780,25716,GTERI,0x19FE3FBF,0x00028102,802003,0x8303,0x0115,100,13651,0000,-,01,00,22,12,12,-,01,01,29.6,29.6,289,289,582,582,-23.258425,-23.258425,-51.157528,-51.157528,0724,0006,C4A7,07A5BC0C,9.3,707.1,707.1,0:12:33,88:16:10,-,-,0,-,,,,,04,1,00000000,00,11,,
2025-10-18 18:49:33,2025-10-18 18:49:33,2025-10-18 18:49:33,2025-10-18 18:49:32,867488068342780,25715,GTERI,0x19FE3FBF,0x00028102,802003,0x8303,0x0115,100,13651,0000,-,01,00,22,12,12,-,01,01,24.4,24.5,338,351,582,582,-23.258555,-23.258612,-51.157365,-51.157345,0724,0006,C4A7,07A5BC0C,9.2,707.0,707.0,0:12:30,88:16:07,-,-,0,-,,,,,04,1,00000000,00,11,,
2025-10-18 18:49:32,,,,25714,GTHBE
2025-10-18 18:49:28,2025-10-18 18:49:28,2025-10-18 18:49:28,2025-10-18 18:49:22,867488068342780,25713,GTERI,0x19FE3FBF,0x00028102,802003,0x8303,0x0115,100,13641,0000,-,01,00,22,12,12,-,01,01,18.3,22.9,33,348,583,583,-23.258826,-23.259013,-51.157409,-51.157422,0724,0006,C4A7,07A5BC0C,9.2,707.0,707.0,0:12:24,88:16:01,-,-,0,-,,,,,04,1,00000000,00,11,,
2025-10-18 18:49:23,,,,867488068342780,25712,ACK
2025-10-18 18:49:21,,,,25711,GTHBE
2025-10-18 18:49:21,2025-10-18 18:49:21,2025-10-18 18:49:21,2025-10-18 18:49:13,867488068342780,25710,GTSPD,0x19FE7FBF,,802003,0x8303,0x0115,100,13692,0000,0000,01,01,22,12,12,-,01,01,34.9,72.8,347,347,583,582,-23.259078,-23.260186,-51.157407,-51.157127,0724,0006,C4A7,07A5BC0C,9.2,707.0,706.9,0:12:15,88:15:52,-,-,0,-,,,,,,,,,01
2025-10-18 18:49:13,2025-10-18 18:49:12,2025-10-18 18:49:11,2025-10-18 18:49:07,867488068342780,25709,GTERI,0x19FE3FBF,0x00028102,802003,0x8303,0x0115,100,13594,0000,-,01,01,22,12,12,-,01,01,79.7,87.2,347,347,582,580,-23.260555,-23.26138,-51.15704,-51.156842,0724,0006,C4A7,07A72901,9.1,706.8,706.7,0:12:09,88:15:46,-,-,0,-,,,,,04,7,00000000,00,10,,
2025-10-18 18:49:03,,,,867488068342780,25708,HBD
2025-10-18 18:49:03,2025-10-18 18:49:03,2025-10-18 18:49:03,2025-10-18 18:48:55,867488068342780,25707,GTERI,0x19FE3FBF,0x00028102,802003,0x8303,0x0115,100,13689,0000,-,01,01,22,12,12,-,01,01,87.5,88.9,342,315,580,577,-23.2622,-23.263492,-51.156648,-51.155657,0724,0006,C4A7,07A72901,8.8,706.6,706.5,0:11:57,88:15:34,-,-,0,-,,,,,04,7,00000000,00,11,,
2025-10-18 18:48:03,2025-10-18 18:48:03,2025-10-18 18:48:03,2025-10-18 18:48:03,867488068342780,25706,GTERI,0x19FE3FBF,0x00028102,802003,0x8303,0x0115,100,13700,0000,-,01,01,22,12,12,-,01,01,50.1,50.1,297,297,518,518,-23.269553,-23.269553,-51.148482,-51.148482,0724,0006,C4A7,07A5CCDD,7.6,705.4,705.4,0:10:57,88:14:34,-,-,0,-,,,,,04,7,00000000,00,11,,
2025-10-18 18:48:00,2025-10-18 18:48:00,2025-10-18 18:48:00,2025-10-18 18:47:53,867488068342780,25705,GTERI,0x19FE3FBF,0x00028102,802003,0x8303,0x0115,100,13784,0000,-,01,01,22,12,12,-,01,01,49.3,69.6,342,44,516,509,-23.269822,-23.270634,-51.148216,-51.148663,0724,0006,C4A7,07A5CCDD,7.5,705.3,705.2,0:10:54,88:14:31,-,-,0,-,,,,,04,7,00000000,00,11,,
2025-10-18 18:47:50,2025-10-18 18:47:50,2025-10-18 18:47:50,2025-10-18 18:47:47,867488068342780,25704,GTERI,0x19FE3FBF,0x00028102,802003,0x8303,0x0115,100,13606,0000,-,01,01,22,12,12,-,01,01,70.7,73.3,40,7,506,504,-23.271014,-23.271483,-51.149054,-51.149312,0724,0006,C4A7,07A5CCDD,7.4,705.2,705.1,0:10:45,88:14:22,-,-,0,-,,,,,04,7,00000000,00,11,,
2025-10-18 18:47:46,,,,25703,GTHBE
2025-10-18 18:47:38,,,,867488068342780,25702,ACK
2025-10-18 18:47:29,2025-10-18 18:47:29,2025-10-18 18:47:29,2025-10-18 18:47:29,867488068342780,25701,GTSPD,0x19FE7FBF,,802003,0x8303,0x0115,100,13627,0000,0000,01,00,22,12,12,-,01,01,48.7,48.7,359,359,526,526,-23.274923,-23.274923,-51.149246,-51.149246,0724,0006,C4A7,07A72902,6.9,704.7,704.7,0:10:24,88:14:01,-,-,0,-,,,,,,,,,00
2025-10-18 18:47:28,,,,867488068342780,25700,ACK
2025-10-18 18:47:04,,,,25699,GTHBE
2025-10-18 18:47:04,,,,867488068342780,25698,HBD
2025-10-18 18:46:58,,,,867488068342780,25697,ACK
2025-10-18 18:46:58,2025-10-18 18:46:58,2025-10-18 18:46:58,2025-10-18 18:46:44,867488068342780,25696,GTSPD,0x19FE7FBF,,802003,0x8303,0x0115,100,13699,0000,0000,01,01,22,12,12,-,01,01,37.4,77.8,0,0,532,549,-23.275904,-23.277985,-51.149248,-51.149267,0724,0006,C4A7,07A57DD5,6.9,704.6,704.4,0:09:54,88:13:31,-,-,0,-,,,,,,,,,01
2025-10-18 18:46:43,,,,867488068342780,25695,ACK
2025-10-18 18:46:33,,,,867488068342780,25694,ACK
2025-10-18 18:46:32,2025-10-18 18:46:32,2025-10-18 18:46:32,2025-10-18 18:46:32,867488068342780,25693,GTSPD,0x19FE7FBF,,802003,0x8303,0x0115,100,13715,0000,0000,01,00,22,12,12,-,01,01,49.6,49.6,352,352,568,568,-23.279978,-23.279978,-51.149263,-51.149263,0724,0006,C4A7,07A57DD5,6.4,704.2,704.2,0:09:27,88:13:04,-,-,0,-,,,,,,,,,00
2025-10-18 18:46:32,2025-10-18 18:46:32,2025-10-18 18:46:32,2025-10-18 18:46:32,867488068342780,25692,GTERI,0x19FE3FBF,0x00028102,802003,0x8303,0x0115,100,13715,0000,-,01,00,22,12,12,-,01,01,49.6,49.6,352,352,568,568,-23.279978,-23.279978,-51.149263,-51.149263,0724,0006,C4A7,07A57DD5,6.4,704.2,704.2,0:09:27,88:13:04,-,-,0,-,,,,,04,7,00000000,00,11,,
2025-10-18 18:46:24,,,,867488068342780,25691,ACK
2025-10-18 18:46:20,2025-10-18 18:46:20,2025-10-18 18:46:20,2025-10-18 18:46:18,867488068342780,25690,GTSPD,0x19FE7FBF,,802003,0x8303,0x0115,100,13819,0000,0000,01,01,22,12,12,-,01,01,40.3,45.3,303,304,571,570,-23.280859,-23.280973,-51.148618,-51.148426,0724,0006,C4A7,07A5CCF1,6.3,704.1,704.0,0:09:15,88:12:52,-,-,0,-,,,,,,,,,01
2025-10-18 18:46:17,2025-10-18 18:46:17,2025-10-18 18:46:17,2025-10-18 18:46:13,867488068342780,25689,GTERI,0x19FE3FBF,0x00028102,802003,0x8303,0x0115,100,13819,0000,-,01,01,22,12,12,-,01,01,48.2,59.4,307,339,570,566,-23.281041,-23.281452,-51.148325,-51.147978,0724,0006,C4A7,07A5CCF1,6.2,704.0,704.0,0:09:12,88:12:49,-,-,0,-,,,,,04,7,00000000,00,11,,
2025-10-18 18:46:15,2025-10-18 18:46:12,2025-10-18 18:46:11,2025-10-18 18:46:01,867488068342780,25688,GTERI,0x19FE3FBF,0x00028102,802003,0x8303,0x0115,100,13819,0000,-,01,01,22,12,12,-,01,01,71.9,116.8,355,0,564,547,-23.281761,-23.284209,-51.147899,-51.147888,0724,0006,C4A7,07A5CC16,6.1,703.9,703.7,0:09:09,88:12:46,-,-,0,-,,,,,04,3,00000000,00,10,,
2025-10-18 18:45:38,,,,867488068342780,25687,ACK
2025-10-18 18:45:30,,,,25686,GTHBE
2025-10-18 18:45:28,,,,867488068342780,25685,ACK
2025-10-18 18:45:25,2025-10-18 18:45:25,2025-10-18 18:45:25,2025-10-18 18:45:25,867488068342780,25684,GTSPD,0x19FE7FBF,,802003,0x8303,0x0115,100,13786,0000,0000,01,00,22,12,12,-,01,01,52.8,52.8,344,344,517,517,-23.292117,-23.292117,-51.147093,-51.147093,0724,0006,C4A7,07A70703,5.0,702.8,702.8,0:08:21,88:11:58,-,-,0,-,,,,,,,,,00
2025-10-18 18:45:23,,,,867488068342780,25683,ACK
2025-10-18 18:45:20,2025-10-18 18:45:20,2025-10-18 18:45:20,2025-10-18 18:45:12,867488068342780,25682,GTSPD,0x19FE7FBF,,802003,0x8303,0x0115,100,13675,0000,0000,01,01,22,12,12,-,01,01,42.7,71.9,336,333,518,524,-23.292643,-23.293591,-51.146861,-51.146371,0724,0006,C4A7,07A70703,4.9,702.7,702.6,0:08:15,88:11:52,-,-,0,-,,,,,,,,,01
2025-10-18 18:45:11,2025-10-18 18:45:11,2025-10-18 18:45:11,2025-10-18 18:45:05,867488068342780,25681,GTERI,0x19FE3FBF,0x00028102,802003,0x8303,0x0115,100,13738,0000,-,01,01,22,12,12,-,01,01,76.7,85.4,333,348,525,537,-23.293757,-23.294902,-51.146283,-51.145845,0724,0006,C4A7,07A70703,4.8,702.6,702.4,0:08:06,88:11:43,-,-,0,-,,,,,04,7,00000000,00,11,,
2025-10-18 18:45:11,,,,867488068342780,25680,HBD
2025-10-18 18:44:53,,,,867488068342780,25679,ACK
2025-10-18 18:44:44,,,,867488068342780,25678,ACK
2025-10-18 18:44:41,2025-10-18 18:44:41,2025-10-18 18:44:41,2025-10-18 18:44:41,867488068342780,25677,GTSPD,0x19FE7FBF,,802003,0x8303,0x0115,100,13769,0000,0000,01,00,22,12,12,-,01,01,53.0,53.0,358,358,548,548,-23.299361,-23.299361,-51.145436,-51.145436,0724,0006,C4A7,07A70702,4.1,701.9,701.9,0:07:36,88:11:13,-,-,0,-,,,,,,,,,00
2025-10-18 18:44:13,,,,867488068342780,25676,ACK
2025-10-18 18:44:13,2025-10-18 18:44:13,2025-10-18 18:44:13,2025-10-18 18:44:04,867488068342780,25675,GTSPD,0x19FE7FBF,,802003,0x8303,0x0115,100,13659,0000,0000,01,01,22,12,12,-,01,01,35.9,68.3,357,1,549,549,-23.301098,-23.302404,-51.145359,-51.145316,0724,0006,C4A7,07A70702,3.9,701.7,701.6,0:07:09,88:10:46,-,-,0,-,,,,,,,,,01
2025-10-18 18:44:08,,,,867488068342780,25674,ACK
2025-10-18 18:43:58,,,,867488068342780,25673,ACK
2025-10-18 18:43:58,2025-10-18 18:43:58,2025-10-18 18:43:58,2025-10-18 18:43:58,867488068342780,25672,GTSPD,0x19FE7FBF,,802003,0x8303,0x0115,100,13720,0000,0000,01,00,22,12,12,-,01,01,51.7,51.7,8,8,550,550,-23.303341,-23.303341,-51.145394,-51.145394,0724,0006,C4A7,07A55502,3.7,701.5,701.5,0:06:54,88:10:31,-,-,0,-,,,,,,,,,00
2025-10-18 18:43:56,2025-10-18 18:43:56,2025-10-18 18:43:56,2025-10-18 18:43:56,867488068342780,25671,GTERI,0x19FE3FBF,0x00028102,802003,0x8303,0x0115,100,13720,0000,-,01,00,22,12,12,-,01,01,44.9,44.9,18,18,550,550,-23.303582,-23.303582,-51.145451,-51.145451,0724,0006,C4A7,07A55502,3.7,701.5,701.5,0:06:51,88:10:28,-,-,0,-,,,,,04,7,00000000,00,11,,
2025-10-18 18:43:53,,,,25670,GTHBE
2025-10-18 18:43:50,2025-10-18 18:43:50,2025-10-18 18:43:50,2025-10-18 18:43:50,867488068342780,25669,GTERI,0x19FE3FBF,0x00028102,802003,0x8303,0x0115,100,13669,0000,-,01,00,22,12,12,-,01,01,35.4,35.4,73,73,550,550,-23.303961,-23.303961,-51.145928,-51.145928,0724,0006,C4A7,07A55502,3.6,701.4,701.4,0:06:45,88:10:22,-,-,0,-,,,,,04,7,00000000,00,11,,
2025-10-18 18:43:48,,,,867488068342780,25668,ACK
2025-10-18 18:43:48,2025-10-18 18:43:48,2025-10-18 18:43:48,2025-10-18 18:43:39,867488068342780,25667,GTSPD,0x19FE7FBF,,802003,0x8303,0x0115,100,13744,0000,0000,01,01,22,12,12,-,01,01,33.2,67.1,51,36,550,547,-23.304036,-23.3049,-51.14609,-51.147028,0724,0006,C4A7,07A55502,3.6,701.4,701.2,0:06:42,88:10:19,-,-,0,-,,,,,,,,,01
2025-10-18 18:43:33,,,,867488068342780,25666,ACK
2025-10-18 18:43:23,,,,867488068342780,25665,ACK
2025-10-18 18:43:19,2025-10-18 18:43:19,2025-10-18 18:43:19,2025-10-18 18:43:19,867488068342780,25664,GTSPD,0x19FE7FBF,,802003,0x8303,0x0115,100,13770,0000,0000,01,00,22,12,12,-,01,01,48.0,48.0,15,15,548,548,-23.307728,-23.307728,-51.148063,-51.148063,0724,0006,C4A7,07A54E0B,3.1,700.9,700.9,0:06:15,88:09:52,-,-,0,-,,,,,,,,,00
2025-10-18 18:43:12,2025-10-18 18:43:12,2025-10-18 18:43:11,2025-10-18 18:42:50,867488068342780,25663,GTERI,0x19FE3FBF,0x00028102,802003,0x8303,0x0115,100,13837,0000,-,01,00,22,12,12,-,01,01,13.5,32.5,15,14,549,550,-23.308397,-23.308831,-51.148262,-51.148389,0724,0006,C4A7,07A54E15,3.0,700.8,700.8,0:06:09,88:09:46,-,-,0,-,,,,,04,3,00000000,00,10,,
2025-10-18 18:43:12,,,,867488068342780,25662,HBD
2025-10-18 18:42:49,,,,867488068342780,25661,ACK
2025-10-18 18:42:48,2025-10-18 18:42:48,2025-10-18 18:42:48,2025-10-18 18:42:44,867488068342780,25660,GTSPD,0x19FE7FBF,,802003,0x8303,0x0115,100,13716,0000,0000,01,01,22,12,12,-,01,01,36.3,48.4,13,14,551,553,-23.308991,-23.309413,-51.148434,-51.14855,0724,0006,C4A7,07A54E15,3.0,700.7,700.7,0:05:42,88:09:19,-,-,0,-,,,,,,,,,01
2025-10-18 18:42:38,2025-10-18 18:42:38,2025-10-18 18:42:38,2025-10-18 18:42:38,867488068342780,25659,GTSPD,0x19FE7FBF,,802003,0x8303,0x0115,100,13647,0000,0000,01,01,22,12,12,-,01,01,46.6,46.6,19,19,557,557,-23.310092,-23.310092,-51.148809,-51.148809,0724,0006,C4A7,07A55516,2.8,700.6,700.6,0:05:33,88:09:10,-,-,0,-,,,,,,,,,00
2025-10-18 18:42:35,2025-10-18 18:42:35,2025-10-18 18:42:35,2025-10-18 18:42:32,867488068342780,25658,GTSPD,0x19FE7FBF,,802003,0x8303,0x0115,100,13647,0000,0000,01,01,22,12,12,-,01,01,44.4,48.1,14,13,560,563,-23.31042,-23.310751,-51.148914,-51.149006,0724,0006,C4A7,07A55516,2.8,700.6,700.5,0:05:30,88:09:07,-,-,0,-,,,,,,,,,01
2025-10-18 18:42:31,,,,25657,GTHBE
2025-10-18 18:42:05,2025-10-18 18:42:05,2025-10-18 18:42:05,2025-10-18 18:42:05,867488068342780,25656,GTERI,0x19FE3FBF,0x00028102,802003,0x8303,0x0115,100,13829,0000,-,01,01,22,12,12,-,01,01,75.9,75.9,8,8,562,562,-23.315916,-23.315916,-51.150424,-51.150424,0724,0006,C4A7,07A74515,2.2,700.0,700.0,0:05:00,88:08:37,-,-,0,-,,,,,04,3,00000000,00,11,,
2025-10-18 18:41:53,,,,867488068342780,25655,ACK
2025-10-18 18:41:43,,,,867488068342780,25654,ACK
2025-10-18 18:41:41,2025-10-18 18:41:41,2025-10-18 18:41:41,2025-10-18 18:41:41,867488068342780,25653,GTSPD,0x19FE7FBF,,802003,0x8303,0x0115,100,13845,0000,0000,01,00,22,12,12,-,01,01,57.2,57.2,323,323,567,567,-23.319448,-23.319448,-51.149233,-51.149233,0724,0006,C4A7,07A54ED5,1.8,699.5,699.5,0:04:36,88:08:13,-,-,0,-,,,,,,,,,00
2025-10-18 18:41:38,2025-10-18 18:41:38,2025-10-18 18:41:38,2025-10-18 18:41:38,867488068342780,25652,GTERI,0x19FE3FBF,0x00028102,802003,0x8303,0x0115,100,13734,0000,-,01,00,22,12,12,-,01,01,34.7,34.7,323,323,570,570,-23.319737,-23.319737,-51.149005,-51.149005,0724,0006,C4A7,07A54ED5,1.7,699.5,699.5,0:04:33,88:08:10,-,-,0,-,,,,,04,7,00000000,00,11,,
2025-10-18 18:41:37,,,,25651,GTHBE
2025-10-18 18:41:36,2025-10-18 18:41:36,2025-10-18 18:41:36,2025-10-18 18:41:07,867488068342780,25650,GTERI,0x19FE3FBF,0x00028102,802003,0x8303,0x0115,100,13734,0000,-,01,00,22,12,12,-,01,01,17.2,31.4,27,89,571,573,-23.319855,-23.319927,-51.148953,-51.150748,0724,0006,C4A7,07A54ED5,1.7,699.5,699.3,0:04:33,88:08:10,-,-,0,-,,,,,04,7,00000000,00,11,,
2025-10-18 18:41:09,,,,867488068342780,25649,ACK
2025-10-18 18:41:08,,,,867488068342780,25648,ACK
2025-10-18 18:41:08,,,,867488068342780,25647,ACK
2025-10-18 18:41:06,2025-10-18 18:41:06,2025-10-18 18:41:06,2025-10-18 18:41:01,867488068342780,25646,GTSPD,0x19FE7FBF,,802003,0x8303,0x0115,100,13787,0000,0000,01,00,22,12,12,-,01,01,37.2,45.7,89,89,574,576,-23.319929,-23.319928,-51.150839,-51.151436,0724,0006,C4A7,07A72A0D,1.5,699.3,699.2,0:04:00,88:07:37,-,-,0,-,,,,,,,,,01
2025-10-18 18:41:03,,,,867488068342780,25645,ACK
2025-10-18 18:41:03,,,,867488068342780,25644,HBD
2025-10-18 18:40:59,2025-10-18 18:40:59,2025-10-18 18:40:59,2025-10-18 18:40:59,867488068342780,25643,GTSPD,0x19FE7FBF,,802003,0x8303,0x0115,100,13880,0000,0000,01,00,22,12,12,-,01,01,45.9,45.9,89,89,577,577,-23.319929,-23.319929,-51.151685,-51.151685,0724,0006,C4A7,07A7450B,1.4,699.2,699.2,0:03:54,88:07:31,-,-,0,-,,,,,,,,,00
2025-10-18 18:40:58,,,,867488068342780,25642,ACK
2025-10-18 18:40:39,,,,25641,GTHBE
2025-10-18 18:40:12,2025-10-18 18:40:12,2025-10-18 18:40:11,2025-10-18 18:40:06,867488068342780,25640,GTERI,0x19FE3FBF,0x00028102,802003,0x8303,0x0115,100,13836,0000,-,01,00,22,12,12,-,01,01,21.0,33.9,90,89,588,590,-23.319945,-23.319952,-51.154084,-51.154468,0724,0006,C4A7,07A7450D,1.2,699.0,698.9,0:03:09,88:06:46,-,-,0,-,,,,,04,1,00000000,00,10,,
2025-10-18 18:40:02,2025-10-18 18:40:02,2025-10-18 18:40:02,2025-10-18 18:40:02,867488068342780,25639,GTERI,0x19FE3FBF,0x00028102,802003,0x8303,0x0115,100,13877,0000,-,01,00,22,12,12,-,01,01,25.3,25.3,74,74,592,592,-23.319966,-23.319966,-51.154797,-51.154797,0724,0006,C4A7,07A54317,1.1,698.9,698.9,0:02:57,88:06:34,-,-,0,-,,,,,04,3,00000000,00,11,,
2025-10-18 18:40:00,2025-10-18 18:40:00,2025-10-18 18:40:00,2025-10-18 18:39:41,867488068342780,25638,GTERI,0x19FE3FBF,0x00028102,802003,0x8303,0x0115,100,13807,0000,-,01,00,22,12,12,-,01,01,19.5,38.3,23,359,593,597,-23.320025,-23.321549,-51.154893,-51.15496,0724,0006,C4A7,07A54E35,1.1,698.9,698.7,0:02:54,88:06:31,-,-,0,-,,,,,04,28,00000000,00,11,,
2025-10-18 18:39:22,,,,867488068342780,25637,ACK
2025-10-18 18:39:22,2025-10-18 18:39:22,2025-10-18 18:39:22,2025-10-18 18:39:09,867488068342780,25636,GTSPD,0x19FE7FBF,,802003,0x8303,0x0115,100,13894,0000,0000,01,01,22,12,12,-,01,01,40.3,64.6,0,357,593,584,-23.322512,-23.324224,-51.154953,-51.15496,0724,0006,C4A7,07A6EB15,0.9,698.6,698.4,0:02:18,88:05:55,-,-,0,-,,,,,,,,,01
2025-10-18 18:39:07,,,,867488068342780,25635,ACK
2025-10-18 18:39:07,,,,867488068342780,25634,HBD
2025-10-18 18:38:57,,,,867488068342780,25633,ACK
2025-10-18 18:38:54,2025-10-18 18:38:54,2025-10-18 18:38:54,2025-10-18 18:38:54,867488068342780,25632,GTSPD,0x19FE7FBF,,802003,0x8303,0x0115,100,13918,0000,0000,01,00,22,12,12,-,01,01,47.4,47.4,337,337,578,578,-23.326386,-23.326386,-51.154702,-51.154702,0724,0006,C4A7,07A6EB15,0.4,698.2,698.2,0:01:48,88:05:25,-,-,0,-,,,,,,,,,00
2025-10-18 18:38:50,2025-10-18 18:38:50,2025-10-18 18:38:50,2025-10-18 18:38:50,867488068342780,25631,GTERI,0x19FE3FBF,0x00028102,802003,0x8303,0x0115,100,13783,0000,-,01,00,22,12,12,-,01,01,34.0,34.0,336,336,577,577,-23.326785,-23.326785,-51.154508,-51.154508,0724,0006,C4A7,07A6EB15,0.4,698.2,698.2,0:01:45,88:05:22,-,-,0,-,,,,,04,3,00000000,00,11,,
2025-10-18 18:38:48,,,,25630,GTHBE
2025-10-18 18:38:47,2025-10-18 18:38:47,2025-10-18 18:38:47,2025-10-18 18:38:47,867488068342780,25629,GTERI,0x19FE3FBF,0x00028102,802003,0x8303,0x0115,100,13783,0000,-,01,00,22,12,12,-,01,01,22.9,22.9,31,31,577,577,-23.326987,-23.326987,-51.154487,-51.154487,0724,0006,C4A7,07A6EB15,0.3,698.1,698.1,0:01:42,88:05:19,-,-,0,-,,,,,04,3,00000000,00,11,,
2025-10-18 18:38:28,,,,25628,GTHBE
2025-10-18 18:38:25,2025-10-18 18:38:25,2025-10-18 18:38:25,2025-10-18 18:38:16,867488068342780,25627,GTERI,0x19FE3FBF,0x00028102,802003,0x8303,0x0115,100,13865,0000,-,01,00,22,12,12,-,01,01,18.6,37.2,81,89,580,583,-23.327084,-23.327091,-51.155039,-51.155795,0724,0006,C4A7,07A6EB17,0.3,698.1,698.0,0:01:21,88:04:58,-,-,0,-,,,,,04,3,00000000,00,11,,
2025-10-18 18:37:53,2025-10-18 18:37:53,2025-10-18 18:37:53,2025-10-18 18:37:53,867488068342780,25626,GTERI,0x19FE3FBF,0x00028102,802003,0x8303,0x0115,100,13847,0000,-,01,00,22,12,12,-,01,01,16.9,16.9,128,128,589,589,-23.327072,-23.327072,-51.157591,-51.157591,0724,0006,C4A7,07A6EB17,0.0,697.8,697.8,0:00:48,88:04:25,-,-,0,-,,,,,04,3,00000000,00,11,,
2025-10-18 18:37:52,,,,25625,GTHBE
2025-10-18 18:37:38,2025-10-18 18:37:38,2025-10-18 18:37:38,2025-10-18 18:37:38,867488068342780,25624,GTERI,0x19FE3FBF,0x00028102,802003,0x8303,0x0115,100,13673,0000,-,01,00,22,12,12,-,01,01,7.1,7.1,181,181,590,590,-23.326795,-23.326795,-51.157657,-51.157657,0724,0006,C4A7,07A6EB17,0.0,697.8,697.8,0:00:33,88:04:10,-,-,0,-,,,,,04,3,00000000,00,11,,
2025-10-18 18:37:33,2025-10-18 18:37:33,2025-10-18 18:37:33,2025-10-18 18:37:30,867488068342780,25623,GTERI,0x19FE3FBF,0x00028102,802003,0x8303,0x0115,100,13820,0000,-,01,00,22,12,12,-,01,01,3.1,4.2,351,305,590,590,-23.326801,-23.326832,-51.157661,-51.157657,0724,0006,C4A7,07A6EB17,0.0,697.8,697.8,0:00:30,88:04:07,-,-,0,-,,,,,04,3,00000000,00,11,,
2025-10-18 18:37:29,2025-10-18 18:37:29,2025-10-18 18:37:29,2025-10-18 18:37:29,867488068342780,25622,GTERI,0x19FE3FBF,0x00028102,802003,0x8303,0x0115,100,13820,0000,-,01,00,22,12,12,-,01,01,3.6,3.6,296,296,591,591,-23.326839,-23.326839,-51.157649,-51.157649,0724,0006,C4A7,07A6EB17,0.0,697.8,697.8,0:00:24,88:04:01,-,-,0,-,,,,,04,3,00000000,00,11,,
2025-10-18 18:37:13,2025-10-18 18:37:13,2025-10-18 18:37:13,2025-10-18 18:37:13,867488068342780,25621,GTIGL,0x19FE7FBF,,802003,0x8303,0x0115,100,11927,0000,0000,01,00,22,12,12,-,01,01,0.0,0.0,100,100,594,594,-23.326856,-23.326856,-51.157627,-51.157627,0724,0006,C4A7,07A6EB17,0.0,697.8,697.8,0:00:09,88:03:46,-,-,0,-,,,,,,,,,00
2025-10-18 18:37:13,2025-10-18 18:37:13,2025-10-18 18:37:13,2025-10-18 18:37:13,867488068342780,25620,GTERI,0x19FE3FBF,0x00028102,802003,0x8303,0x0115,100,11927,0000,-,01,00,22,12,12,-,01,01,0.0,0.0,100,100,594,594,-23.326856,-23.326856,-51.157627,-51.157627,0724,0006,C4A7,07A6EB17,0.0,697.8,697.8,0:00:09,88:03:46,-,-,0,-,,,,,04,3,00000000,00,10,,
2025-10-18 18:37:04,2025-10-18 18:37:03,2025-10-18 18:35:36,2025-10-18 18:35:36,867488068342780,25619,GTSTT,0x19FE7FBF,,802003,0x8303,0x0115,100,12876,0000,0000,01,00,22,12,12,-,00,00,0.0,0.0,100,100,578,578,-23.326826,-23.326826,-51.157633,-51.157633,0724,0006,C4A7,07A6EB17,0.0,697.8,697.8,0:00:00,88:03:37,-,-,0,-
2025-10-18 18:37:03,2025-10-18 18:37:03,2025-10-18 18:35:36,2025-10-18 18:30:33,867488068342780,25618,GTIGN,0x19FE7FBF,,802003,0x8303,0x0115,100,12876,0000,0000,01,00,22,12,12,388,00,01,0.0,3.9,100,96,578,578,-23.326826,-23.326825,-51.157633,-51.157637,0724,0006,C4A7,07A6EB17,0.0,697.8,697.8,0:00:00,88:03:37,-,-,0,-
2025-10-18 18:37:03,,,,867488068342780,25617,HBD
2025-10-18 18:35:36,2025-10-18 18:35:36,2025-10-18 18:35:36,2025-10-18 18:35:36,867488068342780,25616,GTERI,0x19FE3FBF,0x00028102,802003,0x8303,0x0115,100,13064,0000,-,00,00,11,12,12,-,01,01,0.0,0.0,100,100,578,578,-23.326826,-23.326826,-51.157633,-51.157633,0724,0006,C4A7,07A6EB17,0.3,697.8,697.8,0:01:54,88:03:37,-,-,0,-,,,,,04,3,00000000,00,10,,
2025-10-18 18:34:46,2025-10-18 18:34:46,2025-10-18 18:34:45,2025-10-18 18:34:45,867488068342780,25615,GTERI,0x19FE3FBF,0x00028102,802003,0x8303,0x0115,100,13013,0000,-,00,00,11,12,12,-,01,01,0.0,0.0,100,100,578,578,-23.326826,-23.326826,-51.157633,-51.157633,0724,0006,C4A7,07A6EB17,0.3,697.8,697.8,0:01:54,88:03:37,-,-,0,-,,,,,04,3,00000000,00,10,,
2025-10-18 18:34:42,,,,867488068342780,25614,HBD
2025-10-18 18:32:42,,,,867488068342780,25613,HBD
2025-10-18 18:31:46,2025-10-18 18:31:46,2025-10-18 18:31:45,2025-10-18 18:31:45,867488068342780,25612,GTERI,0x19FE3FBF,0x00028102,802003,0x8303,0x0115,100,13184,0000,-,00,00,11,12,12,-,01,01,0.0,0.0,100,100,578,578,-23.326826,-23.326826,-51.157633,-51.157633,0724,0006,C4A7,07A6EB17,0.3,697.8,697.8,0:01:54,88:03:37,-,-,0,-,,,,,04,3,00000000,00,10,,
2025-10-18 18:31:08,2025-10-18 18:31:08,2025-10-18 18:31:08,2025-10-18 18:31:08,867488068342780,25611,GTSTT,0x19FE7FBF,,802003,0x8303,0x0115,100,13241,0000,0000,00,00,11,12,12,-,01,01,0.0,0.0,100,100,578,578,-23.326826,-23.326826,-51.157633,-51.157633,0724,0006,C4A7,07A6EB17,0.3,697.8,697.8,0:01:54,88:03:37,-,-,0,-
2025-10-18 18:30:41,,,,867488068342780,25610,HBD
2025-10-18 18:30:37,,,,867488068342780,25609,ACK
2025-10-18 18:30:37,,,,867488068342780,25608,ACK
2025-10-18 18:30:36,2025-10-18 18:30:36,2025-10-18 18:30:36,2025-10-18 18:30:36,867488068342780,25607,GTIGL,0x19FE7FBF,,802003,0x8303,0x0115,100,13687,0000,0000,00,00,12,12,12,-,01,01,0.1,0.1,100,100,578,578,-23.326826,-23.326826,-51.157631,-51.157631,0724,0006,C4A7,07A6EB17,0.3,697.8,697.8,0:01:54,88:03:37,-,-,0,-,,,,,,,,,01
2025-10-18 18:30:36,2025-10-18 18:30:35,2025-10-18 18:30:35,2025-10-18 18:30:35,867488068342780,25606,GTSTT,0x19FE7FBF,,802003,0x8303,0x0115,100,13687,0000,0000,00,00,12,12,12,-,01,01,0.1,0.1,100,100,578,578,-23.326826,-23.326826,-51.15763,-51.15763,0724,0006,C4A7,07A6EB17,0.3,697.8,697.8,0:01:54,88:03:37,-,-,0,-
2025-10-18 18:30:35,2025-10-18 18:30:35,2025-10-18 18:30:35,2025-10-18 18:30:35,867488068342780,25605,GTIGF,0x19FE7FBF,,802003,0x8303,0x0115,100,13687,0000,0000,00,00,12,12,12,116,01,01,0.1,0.1,100,100,578,578,-23.326826,-23.326826,-51.15763,-51.15763,0724,0006,C4A7,07A6EB17,0.3,697.8,697.8,0:01:54,88:03:37,-,-,0,-
2025-10-18 18:30:32,2025-10-18 18:30:32,2025-10-18 18:30:32,2025-10-18 18:30:31,867488068342780,25604,GTERI,0x19FE3FBF,0x00028102,802003,0x8303,0x0115,100,13874,0000,-,01,00,22,12,12,-,01,01,5.9,8.3,100,105,577,577,-23.326821,-23.326819,-51.157648,-51.157666,0724,0006,C4A7,07A6EB17,0.3,697.8,697.8,0:01:51,88:03:34,-,-,0,-,,,,,04,3,00000000,00,11,,
2025-10-18 18:30:28,2025-10-18 18:30:28,2025-10-18 18:30:28,2025-10-18 18:30:17,867488068342780,25603,GTERI,0x19FE3FBF,0x00028102,802003,0x8303,0x0115,100,13736,0000,-,01,00,22,12,12,-,01,01,3.1,40.2,149,177,576,578,-23.326814,-23.326172,-51.157678,-51.157717,0724,0006,C4A7,07A6EB17,0.3,697.8,697.7,0:01:48,88:03:31,-,-,0,-,,,,,04,3,00000000,00,11,,
2025-10-18 18:29:53,2025-10-18 18:29:53,2025-10-18 18:29:53,2025-10-18 18:29:53,867488068342780,25602,GTERI,0x19FE3FBF,0x00028102,802003,0x8303,0x0115,100,13852,0000,-,01,00,22,12,12,-,01,01,16.8,16.8,199,199,581,581,-23.324234,-23.324234,-51.1576,-51.1576,0724,0006,C4A7,07A7580C,0.0,697.5,697.5,0:01:12,88:02:55,-,-,0,-,,,,,04,1,00000000,00,11,,
2025-10-18 18:29:50,2025-10-18 18:29:50,2025-10-18 18:29:50,2025-10-18 18:29:15,867488068342780,25601,GTERI,0x19FE3FBF,0x00028102,802003,0x8303,0x0115,100,13852,0000,-,01,00,22,12,12,-,01,01,11.7,21.1,254,271,580,574,-23.324147,-23.324127,-51.157515,-51.157242,0724,0006,C4A7,07A7580C,0.0,697.5,697.5,0:01:09,88:02:52,-,-,0,-,,,,,04,1,00000000,00,11,,
2025-10-18 18:29:07,2025-10-18 18:29:07,2025-10-18 18:29:07,2025-10-18 18:29:07,867488068342780,25600,GTERI,0x19FE3FBF,0x00028102,802003,0x8303,0x0115,100,13636,0000,-,01,00,22,12,12,-,01,01,3.9,3.9,304,304,572,572,-23.324171,-23.324171,-51.156979,-51.156979,0724,0006,C4A7,07A75834,0.0,697.5,697.5,0:00:27,88:02:10,-,-,0,-,,,,,04,28,00000000,00,11,,
2025-10-18 18:28:50,2025-10-18 18:28:50,2025-10-18 18:28:50,2025-10-18 18:28:50,867488068342780,25599,GTIGL,0x19FE7FBF,,802003,0x8303,0x0115,100,13728,0000,0000,01,00,22,12,12,-,01,01,0.0,0.0,103,103,566,566,-23.324168,-23.324168,-51.156973,-51.156973,0724,0006,C4A7,07A75834,0.0,697.5,697.5,0:00:09,88:01:52,-,-,0,-,,,,,,,,,00
2025-10-18 18:28:50,2025-10-18 18:28:50,2025-10-18 18:28:50,2025-10-18 18:28:50,867488068342780,25598,GTERI,0x19FE3FBF,0x00028102,802003,0x8303,0x0115,100,13728,0000,-,01,00,22,12,12,-,01,01,0.0,0.0,103,103,566,566,-23.324168,-23.324168,-51.156973,-51.156973,0724,0006,C4A7,07A75834,0.0,697.5,697.5,0:00:09,88:01:52,-,-,0,-,,,,,04,28,00000000,00,10,,
2025-10-18 18:28:40,2025-10-18 18:28:39,2025-10-18 18:10:25,2025-10-18 18:10:25,867488068342780,25597,GTSTT,0x19FE7FBF,,802003,0x8303,0x0115,100,12864,0000,0000,01,00,22,12,12,-,00,00,0.0,0.0,103,103,591,591,-23.324172,-23.324172,-51.156874,-51.156874,0724,0006,C4A7,07A75834,0.0,697.5,697.5,0:00:00,88:01:43,-,-,0,-
2025-10-18 18:28:40,2025-10-18 18:28:39,2025-10-18 18:10:25,2025-10-18 17:08:10,867488068342780,25596,GTIGN,0x19FE7FBF,,802003,0x8303,0x0115,100,12864,0000,0000,01,00,22,12,12,4844,00,01,0.0,11.6,103,342,591,591,-23.324172,-23.32418,-51.156874,-51.156898,0724,0006,C4A7,07A75834,0.0,697.5,697.5,0:00:00,88:01:43,-,-,0,-
2025-10-18 18:28:40,,,,867488068342780,25595,HBD
2025-10-18 18:12:50,2025-10-18 18:12:50,2025-10-18 18:10:25,2025-10-18 18:10:25,867488068342780,25594,GTERI,0x19FE3FBF,0x00028102,802003,0x8303,0x0115,100,13012,0000,-,00,00,11,12,12,-,01,01,0.0,0.0,103,103,591,591,-23.324172,-23.324172,-51.156874,-51.156874,0724,0006,C4A7,07A75834,3.3,697.5,697.5,0:08:51,88:01:43,-,-,0,-,,,,,04,28,00000000,00,10,,
2025-10-18 17:12:55,2025-10-18 17:12:55,2025-10-18 17:12:55,2025-10-18 17:12:55,867488068342780,25593,GTERI,0x19FE3FBF,0x00028102,802003,0x8303,0x0115,100,13106,0000,-,00,00,11,12,12,-,01,01,0.0,0.0,103,103,591,591,-23.324172,-23.324172,-51.156874,-51.156874,0724,0006,C4A7,07A75834,3.3,697.5,697.5,0:08:51,88:01:43,-,-,0,-,,,,,04,28,00000000,00,10,,
2025-10-18 17:11:07,2025-10-18 17:11:07,2025-10-18 17:11:06,2025-10-18 17:11:06,867488068342780,25592,GTERI,0x19FE3FBF,0x00028102,802003,0x8303,0x0115,100,13127,0000,-,00,00,11,12,12,-,01,01,0.0,0.0,103,103,591,591,-23.324172,-23.324172,-51.156874,-51.156874,0724,0006,C4A7,07A75834,3.3,697.5,697.5,0:08:51,88:01:43,-,-,0,-,,,,,04,28,00000000,00,10,,
2025-10-18 17:11:07,,,,867488068342780,25591,HBD
2025-10-18 17:09:29,,,,867488068342780,25590,HBD
2025-10-18 17:08:25,2025-10-18 17:08:25,2025-10-18 17:08:24,2025-10-18 17:08:24,867488068342780,25589,GTSTT,0x19FE7FBF,,802003,0x8303,0x0115,100,13188,0000,0000,00,00,11,12,12,-,01,01,0.0,0.0,103,103,591,591,-23.324172,-23.324172,-51.156874,-51.156874,0724,0006,C4A7,07A75834,3.3,697.5,697.5,0:08:51,88:01:43,-,-,0,-
2025-10-18 17:08:07,2025-10-18 17:08:07,2025-10-18 17:08:05,2025-10-18 17:08:05,867488068342780,25588,GTERI,0x19FE3FBF,0x00028102,802003,0x8303,0x0115,100,13215,0000,-,00,00,12,12,12,-,01,01,0.0,0.0,103,103,592,592,-23.324207,-23.324207,-51.156883,-51.156883,0724,0006,C4A7,07A75834,3.3,697.5,697.5,0:08:51,88:01:43,-,-,0,-,,,,,04,28,00000000,00,10,,
2025-10-18 17:08:00,,,,867488068342780,25587,ACK
2025-10-18 17:07:59,,,,867488068342780,25586,ACK
2025-10-18 17:07:56,2025-10-18 17:07:55,2025-10-18 17:07:55,2025-10-18 17:07:55,867488068342780,25585,GTIGL,0x19FE7FBF,,802003,0x8303,0x0115,100,13813,0000,0000,00,00,12,12,12,-,01,01,0.0,0.0,103,103,592,592,-23.324207,-23.324207,-51.156883,-51.156883,0724,0006,C4A7,07A75835,3.3,697.5,697.5,0:08:51,88:01:43,-,-,0,-,,,,,,,,,01
2025-10-18 17:07:55,2025-10-18 17:07:55,2025-10-18 17:07:54,2025-10-18 17:07:54,867488068342780,25584,GTSTT,0x19FE7FBF,,802003,0x8303,0x0115,100,13813,0000,0000,00,00,12,12,12,-,01,01,0.0,0.0,103,103,592,592,-23.324207,-23.324207,-51.156883,-51.156883,0724,0006,C4A7,07A75835,3.3,697.5,697.5,0:08:51,88:01:43,-,-,0,-
2025-10-18 17:07:55,2025-10-18 17:07:55,2025-10-18 17:07:54,2025-10-18 17:07:54,867488068342780,25583,GTIGF,0x19FE7FBF,,802003,0x8303,0x0115,100,13813,0000,0000,00,00,12,12,12,534,01,01,0.0,0.0,103,103,592,592,-23.324207,-23.324207,-51.156883,-51.156883,0724,0006,C4A7,07A75835,3.3,697.5,697.5,0:08:51,88:01:43,-,-,0,-
2025-10-18 17:07:21,2025-10-18 17:07:21,2025-10-18 17:07:21,2025-10-18 17:07:15,867488068342780,25582,GTERI,0x19FE3FBF,0x00028102,802003,0x8303,0x0115,100,13693,0000,-,01,00,22,12,12,-,01,01,3.2,5.4,103,252,593,593,-23.324207,-23.324208,-51.156901,-51.156886,0724,0006,C4A7,07A6EBD3,3.3,697.5,697.5,0:08:18,88:01:10,-,-,0,-,,,,,04,7,00000000,00,11,,
2025-10-18 17:07:12,2025-10-18 17:07:12,2025-10-18 17:07:12,2025-10-18 17:07:03,867488068342780,25581,GTERI,0x19FE3FBF,0x00028102,802003,0x8303,0x0115,100,13720,0000,-,01,00,22,12,12,-,01,01,4.3,17.2,256,268,593,592,-23.324194,-23.324191,-51.156853,-51.156612,0724,0006,C4A7,07A6EBD3,3.3,697.5,697.4,0:08:09,88:01:01,-,-,0,-,,,,,04,7,00000000,00,11,,
2025-10-18 17:07:12,,,,867488068342780,25580,HBD
2025-10-18 17:06:58,2025-10-18 17:06:58,2025-10-18 17:06:58,2025-10-18 17:06:34,867488068342780,25579,GTERI,0x19FE3FBF,0x00028102,802003,0x8303,0x0115,100,13811,0000,-,01,00,22,12,12,-,01,01,15.4,34.2,302,0,591,591,-23.324217,-23.324752,-51.156418,-51.15637,0724,0006,C4A7,07A6EBD3,3.3,697.4,697.4,0:07:54,88:00:46,-,-,0,-,,,,,04,7,00000000,00,11,,
2025-10-18 17:06:29,2025-10-18 17:06:29,2025-10-18 17:06:29,2025-10-18 17:06:29,867488068342780,25578,GTERI,0x19FE3FBF,0x00028102,802003,0x8303,0x0115,100,13733,0000,-,01,00,22,12,12,-,01,01,23.6,23.6,6,6,589,589,-23.325124,-23.325124,-51.156373,-51.156373,0724,0006,C4A7,07A6EBD3,3.2,697.3,697.3,0:07:27,88:00:19,-,-,0,-,,,,,04,7,00000000,00,11,,
2025-10-18 17:06:27,2025-10-18 17:06:27,2025-10-18 17:06:27,2025-10-18 17:06:20,867488068342780,25577,GTERI,0x19FE3FBF,0x00028102,802003,0x8303,0x0115,100,13733,0000,-,01,00,22,12,12,-,01,01,15.5,36.4,58,88,589,591,-23.325214,-23.325241,-51.156415,-51.156916,0724,0006,C4A7,07A6EBD3,3.2,697.3,697.3,0:07:24,88:00:16,-,-,0,-,,,,,04,7,00000000,00,11,,
2025-10-18 17:06:12,2025-10-18 17:06:12,2025-10-18 17:06:12,2025-10-18 17:06:12,867488068342780,25576,GTERI,0x19FE3FBF,0x00028102,802003,0x8303,0x0115,100,13800,0000,-,01,00,22,12,12,-,01,01,23.2,23.2,105,105,591,591,-23.325226,-23.325226,-51.157595,-51.157595,0724,0006,C4A7,07A75816,3.1,697.2,697.2,0:07:09,88:00:01,-,-,0,-,,,,,04,3,00000000,00,11,,
2025-10-18 17:06:10,,,,25575,GTHBE
2025-10-18 17:06:08,2025-10-18 17:06:07,2025-10-18 17:06:07,2025-10-18 17:06:07,867488068342780,25574,GTERI,0x19FE3FBF,0x00028102,802003,0x8303,0x0115,100,13777,0000,-,01,00,22,12,12,-,01,01,13.1,13.1,150,150,592,592,-23.325065,-23.325065,-51.157736,-51.157736,0724,0006,C4A7,07A75803,3.0,697.2,697.2,0:07:03,87:59:55,-,-,0,-,,,,,04,7,00000000,00,11,,
2025-10-18 17:06:08,,,,867488068342780,25573,ACK
2025-10-18 17:06:08,2025-10-18 17:06:04,2025-10-18 17:06:04,2025-10-18 17:06:02,867488068342780,25572,GTERI,0x19FE3FBF,0x00028102,802003,0x8303,0x0115,100,13777,0000,-,01,00,22,12,12,-,01,01,19.3,36.6,100,91,592,592,-23.325008,-23.325,-51.157809,-51.157952,0724,0006,C4A7,07A75803,3.0,697.2,697.1,0:07:00,87:59:52,-,-,0,-,,,,,04,7,00000000,00,11,,
2025-10-18 17:06:01,2025-10-18 17:06:01,2025-10-18 17:06:01,2025-10-18 17:05:59,867488068342780,25571,GTSPD,0x19FE7FBF,,802003,0x8303,0x0115,100,13828,0000,0000,01,00,22,12,12,-,01,01,41.5,46.7,91,90,591,591,-23.324997,-23.324994,-51.158055,-51.15829,0724,0006,C4A7,07A75803,3.0,697.1,697.1,0:06:57,87:59:49,-,-,0,-,,,,,,,,,01
2025-10-18 17:05:59,,,,867488068342780,25570,ACK
2025-10-18 17:05:58,2025-10-18 17:05:58,2025-10-18 17:05:58,2025-10-18 17:05:58,867488068342780,25569,GTSPD,0x19FE7FBF,,802003,0x8303,0x0115,100,13828,0000,0000,01,00,22,12,12,-,01,01,46.8,46.8,90,90,591,591,-23.324993,-23.324993,-51.158416,-51.158416,0724,0006,C4A7,07A550E8,3.0,697.1,697.1,0:06:54,87:59:46,-,-,0,-,,,,,,,,,00
2025-10-18 17:05:10,2025-10-18 17:05:10,2025-10-18 17:05:10,2025-10-18 17:05:08,867488068342780,25568,GTERI,0x19FE3FBF,0x00028102,802003,0x8303,0x0115,100,13903,0000,-,01,00,22,12,12,-,01,01,23.1,24.7,49,9,560,560,-23.325028,-23.325128,-51.162582,-51.162646,0724,0006,C4A7,07A55034,2.6,696.7,696.7,0:06:06,87:58:58,-,-,0,-,,,,,04,28,00000000,00,11,,
2025-10-18 17:05:07,2025-10-18 17:05:07,2025-10-18 17:05:06,2025-10-18 17:05:03,867488068342780,25567,GTERI,0x19FE3FBF,0x00028102,802003,0x8303,0x0115,100,13841,0000,-,01,00,22,12,12,-,01,01,28.5,33.0,359,0,560,559,-23.325259,-23.325493,-51.162653,-51.162651,0724,0006,C4A7,07A55034,2.5,696.6,696.6,0:06:03,87:58:55,-,-,0,-,,,,,04,28,00000000,00,10,,
2025-10-18 17:05:07,,,,867488068342780,25566,HBD
2025-10-18 17:04:52,,,,25565,GTHBE
2025-10-18 17:04:51,2025-10-18 17:04:31,2025-10-18 17:04:31,2025-10-18 17:04:31,867488068342780,25564,GTERI,0x19FE3FBF,0x00028102,802003,0x8303,0x0115,100,13832,0000,-,01,00,22,12,12,-,01,01,20.3,20.3,358,358,553,553,-23.327908,-23.327908,-51.162605,-51.162605,0724,0006,C4A7,07A6D834,2.2,696.3,696.3,0:05:27,87:58:19,-,-,0,-,,,,,04,28,00000000,00,11,,
2025-10-18 17:04:31,2025-10-18 17:04:31,2025-10-18 17:04:31,2025-10-18 17:04:31,867488068342780,25564,GTERI,0x19FE3FBF,0x00028102,802003,0x8303,0x0115,100,13832,0000,-,01,00,22,12,12,-,01,01,20.3,20.3,358,358,553,553,-23.327908,-23.327908,-51.162605,-51.162605,0724,0006,C4A7,07A6D834,2.2,696.3,696.3,0:05:27,87:58:19,-,-,0,-,,,,,04,28,00000000,00,11,,
2025-10-18 17:04:28,2025-10-18 17:04:28,2025-10-18 17:04:28,2025-10-18 17:04:20,867488068342780,25563,GTERI,0x19FE3FBF,0x00028102,802003,0x8303,0x0115,100,13832,0000,-,01,00,22,12,12,-,01,01,10.8,30.2,52,81,553,547,-23.328016,-23.328084,-51.162628,-51.163024,0724,0006,C4A7,07A7340B,2.2,696.3,696.3,0:05:24,87:58:16,-,-,0,-,,,,,04,1,00000000,00,11,,
2025-10-18 17:04:16,2025-10-18 17:04:16,2025-10-18 17:04:16,2025-10-18 17:04:16,867488068342780,25562,GTERI,0x19FE3FBF,0x00028102,802003,0x8303,0x0115,100,13852,0000,-,01,00,22,12,12,-,01,01,20.5,20.5,113,113,541,541,-23.328104,-23.328104,-51.163298,-51.163298,0724,0006,C4A7,07A7340B,2.2,696.3,696.3,0:05:12,87:58:04,-,-,0,-,,,,,04,1,00000000,00,11,,
2025-10-18 17:04:15,,,,25561,GTHBE
2025-10-18 17:04:03,2025-10-18 17:04:03,2025-10-18 17:04:03,2025-10-18 17:04:03,867488068342780,25560,GTERI,0x19FE3FBF,0x00028102,802003,0x8303,0x0115,100,13854,0000,-,01,00,22,12,12,-,01,01,30.3,30.3,161,161,543,543,-23.327424,-23.327424,-51.163483,-51.163483,0724,0006,C4A7,07A7340B,2.1,696.2,696.2,0:05:00,87:57:52,-,-,0,-,,,,,04,1,00000000,00,11,,
2025-10-18 17:03:58,2025-10-18 17:03:58,2025-10-18 17:03:58,2025-10-18 17:03:47,867488068342780,25559,GTERI,0x19FE3FBF,0x00028102,802003,0x8303,0x0115,100,13854,0000,-,01,00,22,12,12,-,01,01,19.3,40.8,112,92,543,542,-23.327198,-23.327157,-51.16372,-51.164341,0724,0006,C4A7,07A7340B,2.0,696.1,696.1,0:04:54,87:57:46,-,-,0,-,,,,,04,1,00000000,00,11,,
2025-10-18 17:03:48,,,,867488068342780,25558,ACK
2025-10-18 17:03:46,2025-10-18 17:03:46,2025-10-18 17:03:46,2025-10-18 17:03:44,867488068342780,25557,GTSPD,0x19FE7FBF,,802003,0x8303,0x0115,100,13864,0000,0000,01,00,22,12,12,-,01,01,42.6,45.7,91,89,543,544,-23.327153,-23.32715,-51.164453,-51.164693,0724,0006,C4A7,07A7340B,2.0,696.1,696.1,0:04:42,87:57:34,-,-,0,-,,,,,,,,,01
2025-10-18 17:03:43,2025-10-18 17:03:43,2025-10-18 17:03:43,2025-10-18 17:03:43,867488068342780,25556,GTSPD,0x19FE7FBF,,802003,0x8303,0x0115,100,13864,0000,0000,01,00,22,12,12,-,01,01,46.2,46.2,89,89,545,545,-23.32715,-23.32715,-51.164817,-51.164817,0724,0006,C4A7,07A7340B,1.9,696.0,696.0,0:04:39,87:57:31,-,-,0,-,,,,,,,,,00
2025-10-18 17:03:39,2025-10-18 17:03:39,2025-10-18 17:03:39,2025-10-18 17:03:38,867488068342780,25555,GTSPD,0x19FE7FBF,,802003,0x8303,0x0115,100,13769,0000,0000,01,00,22,12,12,-,01,01,44.0,45.0,90,90,550,551,-23.327152,-23.327152,-51.165306,-51.165426,0724,0006,C4A7,07A7340B,1.9,696.0,696.0,0:04:36,87:57:28,-,-,0,-,,,,,,,,,01
2025-10-18 17:03:38,,,,867488068342780,25554,ACK
2025-10-18 17:03:37,2025-10-18 17:03:37,2025-10-18 17:03:37,2025-10-18 17:03:37,867488068342780,25553,GTSPD,0x19FE7FBF,,802003,0x8303,0x0115,100,13769,0000,0000,01,00,22,12,12,-,01,01,45.9,45.9,89,89,552,552,-23.327152,-23.327152,-51.165548,-51.165548,0724,0006,C4A7,07A7340B,1.8,696.0,696.0,0:04:33,87:57:25,-,-,0,-,,,,,,,,,00
2025-10-18 17:03:18,,,,25552,GTHBE
2025-10-18 17:03:18,2025-10-18 17:03:18,2025-10-18 17:03:18,2025-10-18 17:03:12,867488068342780,25551,GTERI,0x19FE3FBF,0x00028102,802003,0x8303,0x0115,100,13762,0000,-,01,00,22,12,12,-,01,01,23.6,33.2,67,0,556,551,-23.327152,-23.327492,-51.167417,-51.167507,0724,0006,C4A7,07A7340B,1.7,695.8,695.7,0:04:15,87:57:07,-,-,0,-,,,,,04,1,00000000,00,11,,
2025-10-18 17:03:08,,,,867488068342780,25550,ACK
2025-10-18 17:03:06,2025-10-18 17:03:06,2025-10-18 17:03:06,2025-10-18 17:03:01,867488068342780,25549,GTSPD,0x19FE7FBF,,802003,0x8303,0x0115,100,13838,0000,0000,01,00,22,12,12,-,01,01,34.8,54.2,2,0,546,541,-23.327954,-23.328532,-51.167526,-51.16753,0724,0006,C4A7,07A7340B,1.6,695.7,695.6,0:04:03,87:56:55,-,-,0,-,,,,,,,,,01
2025-10-18 17:03:05,,,,867488068342780,25548,ACK
2025-10-18 17:03:04,,,,867488068342780,25547,ACK
2025-10-18 17:03:04,,,,867488068342780,25546,ACK
2025-10-18 17:03:03,,,,867488068342780,25545,HBD
2025-10-18 17:02:58,,,,867488068342780,25544,ACK
2025-10-18 17:02:55,2025-10-18 17:02:55,2025-10-18 17:02:55,2025-10-18 17:02:55,867488068342780,25543,GTSPD,0x19FE7FBF,,802003,0x8303,0x0115,100,13982,0000,0000,01,00,22,12,12,-,01,01,47.9,47.9,0,0,537,537,-23.329305,-23.329305,-51.167536,-51.167536,0724,0006,C4A7,07A7340B,1.4,695.5,695.5,0:03:51,87:56:43,-,-,0,-,,,,,,,,,00
2025-10-18 17:02:07,2025-10-18 17:02:07,2025-10-18 17:02:06,2025-10-18 17:02:01,867488068342780,25542,GTERI,0x19FE3FBF,0x00028102,802003,0x8303,0x0115,100,13828,0000,-,01,00,22,12,12,-,01,01,35.5,42.1,359,0,554,557,-23.332571,-23.333063,-51.167585,-51.167588,0724,0006,C4A7,07A7340B,1.1,695.2,695.1,0:03:03,87:55:55,-,-,0,-,,,,,04,1,00000000,00,10,,
2025-10-18 17:02:03,,,,867488068342780,25541,ACK
2025-10-18 17:02:00,2025-10-18 17:02:00,2025-10-18 17:02:00,2025-10-18 17:01:56,867488068342780,25540,GTSPD,0x19FE7FBF,,802003,0x8303,0x0115,100,13877,0000,0000,01,00,22,12,12,-,01,01,42.9,45.5,1,359,557,559,-23.333168,-23.333614,-51.167589,-51.16759,0724,0006,C4A7,07A7340B,1.0,695.1,695.1,0:02:57,87:55:49,-,-,0,-,,,,,,,,,01
2025-10-18 17:01:58,,,,867488068342780,25539,ACK
2025-10-18 17:01:55,2025-10-18 17:01:55,2025-10-18 17:01:55,2025-10-18 17:01:55,867488068342780,25538,GTSPD,0x19FE7FBF,,802003,0x8303,0x0115,100,13929,0000,0000,01,00,22,12,12,-,01,01,45.9,45.9,359,359,560,560,-23.333728,-23.333728,-51.167589,-51.167589,0724,0006,C4A7,07A7340C,0.9,695.0,695.0,0:02:51,87:55:43,-,-,0,-,,,,,,,,,00
2025-10-18 17:01:39,,,,25537,GTHBE
2025-10-18 17:01:39,2025-10-18 17:01:39,2025-10-18 17:01:39,2025-10-18 17:01:19,867488068342780,25536,GTERI,0x19FE3FBF,0x00028102,802003,0x8303,0x0115,100,13961,0000,-,01,00,22,12,12,-,01,01,18.7,24.9,15,92,569,571,-23.33507,-23.33506,-51.167506,-51.168307,0724,0006,C4A7,07A7340C,0.8,694.9,694.8,0:02:36,87:55:28,-,-,0,-,,,,,04,1,00000000,00,11,,
2025-10-18 17:01:18,,,,867488068342780,25535,ACK
2025-10-18 17:01:18,2025-10-18 17:01:18,2025-10-18 17:01:18,2025-10-18 17:01:14,867488068342780,25534,GTSPD,0x19FE7FBF,,802003,0x8303,0x0115,100,13920,0000,0000,01,00,22,12,12,-,01,01,33.0,54.6,93,93,571,571,-23.335056,-23.335026,-51.168381,-51.168879,0724,0006,C4A7,07A6D835,0.7,694.8,694.8,0:02:15,87:55:07,-,-,0,-,,,,,,,,,01
2025-10-18 17:01:08,,,,867488068342780,25533,ACK
2025-10-18 17:01:08,2025-10-18 17:01:08,2025-10-18 17:01:08,2025-10-18 17:01:08,867488068342780,25532,GTSPD,0x19FE7FBF,,802003,0x8303,0x0115,100,13973,0000,0000,01,00,22,12,12,-,01,01,48.7,48.7,92,92,571,571,-23.334982,-23.334982,-51.169744,-51.169744,0724,0006,C4A7,07A6D835,0.6,694.7,694.7,0:02:06,87:54:58,-,-,0,-,,,,,,,,,00
2025-10-18 17:01:08,,,,867488068342780,25531,HBD
2025-10-18 17:01:00,2025-10-18 17:01:00,2025-10-18 17:01:00,2025-10-18 17:01:00,867488068342780,25530,GTERI,0x19FE3FBF,0x00028102,802003,0x8303,0x0115,100,13911,0000,-,01,00,22,12,12,-,01,01,26.4,26.4,82,82,573,573,-23.334958,-23.334958,-51.170551,-51.170551,0724,0006,C4A7,07A6D835,0.5,694.6,694.6,0:01:57,87:54:49,-,-,0,-,,,,,04,28,00000000,00,11,,
2025-10-18 17:00:59,,,,25529,GTHBE
2025-10-18 17:00:57,2025-10-18 17:00:57,2025-10-18 17:00:57,2025-10-18 17:00:41,867488068342780,25528,GTERI,0x19FE3FBF,0x00028102,802003,0x8303,0x0115,100,13994,0000,-,01,00,22,12,12,-,01,01,21.4,43.9,13,0,573,576,-23.33506,-23.336291,-51.170687,-51.170718,0724,0006,C4A7,07A6D835,0.5,694.6,694.4,0:01:54,87:54:46,-,-,0,-,,,,,04,28,00000000,00,11,,
2025-10-18 17:00:23,2025-10-18 17:00:23,2025-10-18 17:00:23,2025-10-18 17:00:23,867488068342780,25527,GTERI,0x19FE3FBF,0x00028102,802003,0x8303,0x0115,100,13997,0000,-,01,00,22,12,12,-,01,01,32.5,32.5,323,323,570,570,-23.337995,-23.337995,-51.170426,-51.170426,0724,0006,C4A7,07A5BF0B,0.1,694.2,694.2,0:01:21,87:54:13,-,-,0,-,,,,,04,1,00000000,00,11,,
2025-10-18 17:00:10,2025-10-18 17:00:10,2025-10-18 17:00:10,2025-10-18 17:00:10,867488068342780,25526,GTERI,0x19FE3FBF,0x00028102,802003,0x8303,0x0115,100,13886,0000,-,01,00,22,12,12,-,01,01,14.2,14.2,276,276,563,563,-23.338464,-23.338464,-51.169726,-51.169726,0724,0006,C4A7,07A5BF0B,0.0,694.1,694.1,0:01:06,87:53:58,-,-,0,-,,,,,04,1,00000000,00,11,,
2025-10-18 16:59:53,,,,25525,GTHBE
2025-10-18 16:59:52,2025-10-18 16:59:52,2025-10-18 16:59:52,2025-10-18 16:59:52,867488068342780,25524,GTERI,0x19FE3FBF,0x00028102,802003,0x8303,0x0115,100,13895,0000,-,01,00,22,12,12,-,01,01,8.5,8.5,229,229,561,561,-23.338398,-23.338398,-51.169555,-51.169555,0724,0006,C4A7,07A5BF0B,0.0,694.1,694.1,0:00:48,87:53:40,-,-,0,-,,,,,04,1,00000000,00,11,,
2025-10-18 16:59:34,2025-10-18 16:59:34,2025-10-18 16:59:34,2025-10-18 16:59:34,867488068342780,25523,GTERI,0x19FE3FBF,0x00028102,802003,0x8303,0x0115,100,14065,0000,-,01,00,22,12,12,-,01,01,7.5,7.5,275,275,556,556,-23.338355,-23.338355,-51.169295,-51.169295,0724,0006,C4A7,07A5BF15,0.0,694.1,694.1,0:00:30,87:53:22,-,-,0,-,,,,,04,3,00000000,00,11,,
2025-10-18 16:59:12,2025-10-18 16:59:12,2025-10-18 16:59:12,2025-10-18 16:59:12,867488068342780,25522,GTIGL,0x19FE7FBF,,802003,0x8303,0x0115,100,13804,0000,0000,01,00,22,12,12,-,01,01,0.0,0.0,102,102,555,555,-23.338352,-23.338352,-51.169291,-51.169291,0724,0006,C4A7,07A5BF15,0.0,694.1,694.1,0:00:09,87:53:01,-,-,0,-,,,,,,,,,00
2025-10-18 16:59:12,2025-10-18 16:59:12,2025-10-18 16:59:12,2025-10-18 16:59:12,867488068342780,25521,GTERI,0x19FE3FBF,0x00028102,802003,0x8303,0x0115,100,13804,0000,-,01,00,22,12,12,-,01,01,0.0,0.0,102,102,555,555,-23.338352,-23.338352,-51.169291,-51.169291,0724,0006,C4A7,07A5BF15,0.0,694.1,694.1,0:00:09,87:53:01,-,-,0,-,,,,,04,3,00000000,00,10,,
2025-10-18 16:59:02,2025-10-18 16:59:02,2025-10-18 16:54:16,2025-10-18 16:54:16,867488068342780,25520,GTSTT,0x19FE7FBF,,802003,0x8303,0x0115,100,12751,0000,0000,01,00,22,12,12,-,00,00,0.0,0.0,102,102,566,566,-23.338362,-23.338362,-51.169237,-51.169237,0724,0006,C4A7,07A5BF15,0.0,694.1,694.1,0:00:00,87:52:52,-,-,0,-
2025-10-18 16:59:02,2025-10-18 16:59:01,2025-10-18 16:54:16,2025-10-18 16:54:16,867488068342780,25519,GTSTT,0x19FE7FBF,,802003,0x8303,0x0115,100,12751,0000,0000,01,00,21,12,12,-,00,00,0.0,0.0,102,102,566,566,-23.338362,-23.338362,-51.169237,-51.169237,0724,0006,C4A7,07A5BF15,0.0,694.1,694.1,0:00:00,87:52:52,-,-,0,-
2025-10-18 16:59:01,2025-10-18 16:59:01,2025-10-18 16:54:16,2025-10-18 16:49:02,867488068342780,25518,GTIGN,0x19FE7FBF,,802003,0x8303,0x0115,100,12751,0000,0000,01,00,21,12,12,586,00,01,0.0,1.9,102,280,566,567,-23.338362,-23.338358,-51.169237,-51.169236,0724,0006,C4A7,07A5BF15,0.0,694.1,694.1,0:00:00,87:52:52,-,-,0,-
2025-10-18 16:59:01,,,,867488068342780,25517,HBD
2025-10-18 16:54:16,2025-10-18 16:54:16,2025-10-18 16:54:16,2025-10-18 16:54:16,867488068342780,25516,GTERI,0x19FE3FBF,0x00028102,802003,0x8303,0x0115,100,13048,0000,-,00,00,11,12,12,-,01,01,0.0,0.0,102,102,566,566,-23.338362,-23.338362,-51.169237,-51.169237,0724,0006,C4A7,07A5BF15,9.0,694.1,694.1,0:18:51,87:52:52,-,-,0,-,,,,,04,3,00000000,00,10,,
2025-10-18 16:52:26,,,,867488068342780,25515,HBD
2025-10-18 16:51:31,2025-10-18 16:51:31,2025-10-18 16:51:30,2025-10-18 16:51:30,867488068342780,25514,GTERI,0x19FE3FBF,0x00028102,802003,0x8303,0x0115,100,12977,0000,-,00,00,11,12,12,-,01,01,0.0,0.0,102,102,566,566,-23.338362,-23.338362,-51.169237,-51.169237,0724,0006,C4A7,07A5BF15,9.0,694.1,694.1,0:18:51,87:52:52,-,-,0,-,,,,,04,3,00000000,00,10,,
2025-10-18 16:50:25,,,,867488068342780,25513,HBD
2025-10-18 16:50:05,2025-10-18 16:50:04,2025-10-18 16:50:04,2025-10-18 16:50:04,867488068342780,25512,GTSTT,0x19FE7FBF,,802003,0x8303,0x0115,100,13086,0000,0000,00,00,11,12,12,-,01,01,0.0,0.0,102,102,566,566,-23.338362,-23.338362,-51.169237,-51.169237,0724,0006,C4A7,07A5BF15,9.0,694.1,694.1,0:18:51,87:52:52,-,-,0,-
2025-10-18 16:49:17,,,,867488068342780,25511,ACK
2025-10-18 16:49:17,,,,867488068342780,25510,ACK
2025-10-18 16:49:16,2025-10-18 16:49:16,2025-10-18 16:49:16,2025-10-18 16:49:16,867488068342780,25509,GTIGL,0x19FE7FBF,,802003,0x8303,0x0115,100,13613,0000,0000,00,00,12,12,12,-,01,01,0.0,0.0,102,102,566,566,-23.338362,-23.338362,-51.169237,-51.169237,0724,0006,C4A7,07A5BF0B,9.0,694.1,694.1,0:18:51,87:52:52,-,-,0,-,,,,,,,,,01
2025-10-18 16:49:16,2025-10-18 16:49:15,2025-10-18 16:49:15,2025-10-18 16:49:15,867488068342780,25508,GTSTT,0x19FE7FBF,,802003,0x8303,0x0115,100,13613,0000,0000,00,00,12,12,12,-,01,01,0.0,0.0,102,102,566,566,-23.338362,-23.338362,-51.169237,-51.169237,0724,0006,C4A7,07A5BF0B,9.0,694.1,694.1,0:18:51,87:52:52,-,-,0,-
2025-10-18 16:49:15,2025-10-18 16:49:15,2025-10-18 16:49:15,2025-10-18 16:49:15,867488068342780,25507,GTIGF,0x19FE7FBF,,802003,0x8303,0x0115,100,13613,0000,0000,00,00,12,12,12,1132,01,01,0.0,0.0,102,102,566,566,-23.338362,-23.338362,-51.169237,-51.169237,0724,0006,C4A7,07A5BF0B,9.0,694.1,694.1,0:18:51,87:52:52,-,-,0,-
2025-10-18 16:48:44,,,,25506,GTHBE
2025-10-18 16:48:43,2025-10-18 16:48:43,2025-10-18 16:48:43,2025-10-18 16:48:39,867488068342780,25505,GTERI,0x19FE3FBF,0x00028102,802003,0x8303,0x0115,100,13713,0000,-,01,00,22,12,12,-,01,01,12.0,17.6,102,89,567,567,-23.338336,-23.338328,-51.169265,-51.16943,0724,0006,C4A7,07A5BF0B,9.0,694.1,694.1,0:18:18,87:52:19,-,-,0,-,,,,,04,1,00000000,00,11,,
2025-10-18 16:48:31,2025-10-18 16:48:31,2025-10-18 16:48:30,2025-10-18 16:48:22,867488068342780,25504,GTERI,0x19FE3FBF,0x00028102,802003,0x8303,0x0115,100,13632,0000,-,01,00,22,12,12,-,01,01,8.2,24.0,52,323,561,557,-23.338473,-23.338687,-51.169707,-51.169626,0724,0006,C4A7,07A5BF0B,8.9,694.1,694.1,0:18:06,87:52:07,-,-,0,-,,,,,04,1,00000000,00,10,,
2025-10-18 16:48:25,,,,867488068342780,25503,HBD
2025-10-18 16:48:19,2025-10-18 16:48:19,2025-10-18 16:48:19,2025-10-18 16:48:19,867488068342780,25502,GTERI,0x19FE3FBF,0x00028102,802003,0x8303,0x0115,100,13612,0000,-,01,00,22,12,12,-,01,01,15.1,15.1,358,358,555,555,-23.33882,-23.33882,-51.169544,-51.169544,0724,0006,C4A7,07A5BF0B,8.9,694.0,694.0,0:17:54,87:51:55,-,-,0,-,,,,,04,1,00000000,00,11,,
2025-10-18 16:48:17,2025-10-18 16:48:17,2025-10-18 16:48:17,2025-10-18 16:48:17,867488068342780,25501,GTERI,0x19FE3FBF,0x00028102,802003,0x8303,0x0115,100,13560,0000,-,01,00,22,12,12,-,01,01,11.4,11.4,75,75,554,554,-23.338872,-23.338872,-51.169569,-51.169569,0724,0006,C4A7,07A5BF0B,8.9,694.0,694.0,0:17:54,87:51:55,-,-,0,-,,,,,04,1,00000000,00,11,,
2025-10-18 16:48:16,,,,25500,GTHBE
2025-10-18 16:48:16,,,,25499,GTHBE
2025-10-18 16:48:12,,,,867488068342780,25498,ACK
2025-10-18 16:48:11,2025-10-18 16:48:11,2025-10-18 16:48:11,2025-10-18 16:48:06,867488068342780,25497,GTSPD,0x19FE7FBF,,802003,0x8303,0x0115,100,13683,0000,0000,01,01,22,12,12,-,01,01,41.7,48.0,132,127,557,561,-23.338618,-23.338275,-51.169845,-51.170341,0724,0006,C4A7,07A5BF0B,8.8,694.0,693.9,0:17:48,87:51:49,-,-,0,-,,,,,,,,,01
2025-10-18 16:48:03,2025-10-18 16:48:03,2025-10-18 16:48:03,2025-10-18 16:47:56,867488068342780,25496,GTERI,0x19FE3FBF,0x00028102,802003,0x8303,0x0115,100,13683,0000,-,01,01,22,12,12,-,01,01,48.4,54.8,146,178,564,572,-23.338015,-23.337173,-51.170613,-51.170896,0724,0006,C4A7,07A5BF0B,8.7,693.9,693.8,0:17:39,87:51:40,-,-,0,-,,,,,04,1,00000000,00,11,,
2025-10-18 16:48:02,,,,867488068342780,25495,ACK
2025-10-18 16:47:52,,,,867488068342780,25494,ACK
2025-10-18 16:47:50,2025-10-18 16:47:50,2025-10-18 16:47:50,2025-10-18 16:47:50,867488068342780,25493,GTSPD,0x19FE7FBF,,802003,0x8303,0x0115,100,13777,0000,0000,01,00,22,12,12,-,01,01,50.9,50.9,180,180,575,575,-23.336365,-23.336365,-51.170891,-51.170891,0724,0006,C4A7,07A5BF0B,8.5,693.7,693.7,0:17:27,87:51:28,-,-,0,-,,,,,,,,,00
2025-10-18 16:47:36,2025-10-18 16:47:35,2025-10-18 16:47:35,2025-10-18 16:47:35,867488068342780,25492,GTERI,0x19FE3FBF,0x00028102,802003,0x8303,0x0115,100,13723,0000,-,01,00,22,12,12,-,01,01,27.8,27.8,193,193,573,573,-23.335057,-23.335057,-51.170867,-51.170867,0724,0006,C4A7,07A6D80D,8.4,693.5,693.5,0:17:12,87:51:13,-,-,0,-,,,,,04,1,00000000,00,11,,
2025-10-18 16:47:34,,,,25491,GTHBE
2025-10-18 16:46:57,2025-10-18 16:46:57,2025-10-18 16:46:57,2025-10-18 16:46:57,867488068342780,25490,GTERI,0x19FE3FBF,0x00028102,802003,0x8303,0x0115,100,13686,0000,-,01,00,22,12,12,-,01,01,29.3,29.3,249,249,568,568,-23.334982,-23.334982,-51.16789,-51.16789,0724,0006,C4A7,07A7340C,8.1,693.2,693.2,0:16:33,87:50:34,-,-,0,-,,,,,04,1,00000000,00,11,,
2025-10-18 16:46:57,,,,25489,GTHBE
2025-10-18 16:46:53,2025-10-18 16:46:53,2025-10-18 16:46:53,2025-10-18 16:46:44,867488068342780,25488,GTSPD,0x19FE7FBF,,802003,0x8303,0x0115,100,13686,0000,0000,01,00,22,12,12,-,01,01,34.6,70.0,184,179,566,558,-23.334736,-23.333423,-51.167735,-51.16774,0724,0006,C4A7,07A7340C,8.0,693.2,693.1,0:16:30,87:50:31,-,-,0,-,,,,,,,,,01
2025-10-18 16:46:53,,,,867488068342780,25487,ACK
2025-10-18 16:46:47,,,,867488068342780,25486,ACK
2025-10-18 16:46:37,,,,867488068342780,25485,ACK
2025-10-18 16:46:36,2025-10-18 16:46:36,2025-10-18 16:46:36,2025-10-18 16:46:36,867488068342780,25484,GTSPD,0x19FE7FBF,,802003,0x8303,0x0115,100,13788,0000,0000,01,00,22,12,12,-,01,01,52.0,52.0,180,180,551,551,-23.332205,-23.332205,-51.167734,-51.167734,0724,0006,C4A7,07A6D8DE,7.8,692.9,692.9,0:16:12,87:50:13,-,-,0,-,,,,,,,,,00
2025-10-18 16:46:24,,,,867488068342780,25483,HBD
2025-10-18 16:45:31,2025-10-18 16:45:31,2025-10-18 16:45:29,2025-10-18 16:45:23,867488068342780,25482,GTERI,0x19FE3FBF,0x00028102,802003,0x8303,0x0115,100,13729,0000,-,01,00,22,12,12,-,01,01,22.0,41.9,182,179,542,547,-23.328438,-23.32796,-51.167645,-51.167646,0724,0006,C4A7,07A6D8D4,7.3,692.5,692.4,0:15:06,87:49:07,-,-,0,-,,,,,04,7,00000000,00,10,,
2025-10-18 16:45:16,2025-10-18 16:45:16,2025-10-18 16:45:16,2025-10-18 16:45:16,867488068342780,25481,GTERI,0x19FE3FBF,0x00028102,802003,0x8303,0x0115,100,13720,0000,-,01,00,22,12,12,-,01,01,29.1,29.1,176,176,554,554,-23.327305,-23.327305,-51.167656,-51.167656,0724,0006,C4A7,07A6D8D4,7.2,692.4,692.4,0:14:51,87:48:52,-,-,0,-,,,,,04,7,00000000,00,11,,
2025-10-18 16:45:15,,,,25480,GTHBE
2025-10-18 16:44:37,2025-10-18 16:44:37,2025-10-18 16:44:37,2025-10-18 16:44:37,867488068342780,25479,GTERI,0x19FE3FBF,0x00028102,802003,0x8303,0x0115,100,13644,0000,-,01,00,22,12,12,-,01,01,16.1,16.1,113,113,556,556,-23.327117,-23.327117,-51.169111,-51.169111,0724,0006,C4A7,07A7340B,7.1,692.2,692.2,0:14:12,87:48:13,-,-,0,-,,,,,04,1,00000000,00,11,,
2025-10-18 16:44:32,,,,25478,GTHBE
2025-10-18 16:44:32,,,,867488068342780,25477,ACK
2025-10-18 16:44:30,2025-10-18 16:44:30,2025-10-18 16:44:30,2025-10-18 16:44:16,867488068342780,25476,GTSPD,0x19FE7FBF,,802003,0x8303,0x0115,100,13798,0000,0000,01,01,22,12,12,-,01,01,32.9,76.6,182,181,557,569,-23.326867,-23.324676,-51.169182,-51.169191,0724,0006,C4A7,07A7340B,7.1,692.2,692.0,0:14:06,87:48:07,-,-,0,-,,,,,,,,,01
2025-10-18 16:44:24,,,,867488068342780,25475,HBD
2025-10-18 16:44:12,,,,867488068342780,25474,ACK
2025-10-18 16:44:02,,,,867488068342780,25473,ACK
2025-10-18 16:43:58,2025-10-18 16:43:58,2025-10-18 16:43:58,2025-10-18 16:43:58,867488068342780,25472,GTSPD,0x19FE7FBF,,802003,0x8303,0x0115,100,13838,0000,0000,01,00,22,12,12,-,01,01,48.9,48.9,179,179,576,576,-23.321524,-23.321524,-51.169172,-51.169172,0724,0006,C4A7,07A55033,6.5,691.6,691.6,0:13:33,87:47:34,-,-,0,-,,,,,,,,,00
2025-10-18 16:43:40,,,,25471,GTHBE
2025-10-18 16:43:32,2025-10-18 16:43:32,2025-10-18 16:43:32,2025-10-18 16:43:32,867488068342780,25470,GTERI,0x19FE3FBF,0x00028102,802003,0x8303,0x0115,100,13766,0000,-,01,00,22,12,12,-,01,01,32.0,32.0,177,177,579,579,-23.320279,-23.320279,-51.169181,-51.169181,0724,0006,C4A7,07A55001,6.3,691.5,691.5,0:13:09,87:47:10,-,-,0,-,,,,,04,7,00000000,00,11,,
2025-10-18 16:43:28,,,,25469,GTHBE
2025-10-18 16:43:23,2025-10-18 16:43:23,2025-10-18 16:43:23,2025-10-18 16:43:21,867488068342780,25468,GTSPD,0x19FE7FBF,,802003,0x8303,0x0115,100,13877,0000,0000,01,00,22,12,12,-,01,01,40.8,49.8,116,128,579,578,-23.319846,-23.319731,-51.169713,-51.169917,0724,0006,C4A7,07B11102,6.3,691.4,691.4,0:13:00,87:47:01,-,-,0,-,,,,,,,,,01
2025-10-18 16:43:22,,,,867488068342780,25467,ACK
2025-10-18 16:43:20,2025-10-18 16:43:20,2025-10-18 16:43:20,2025-10-18 16:43:20,867488068342780,25466,GTERI,0x19FE3FBF,0x00028102,802003,0x8303,0x0115,100,13877,0000,-,01,00,22,12,12,-,01,01,50.7,50.7,132,132,577,577,-23.31965,-23.31965,-51.170022,-51.170022,0724,0006,C4A7,07A55302,6.2,691.4,691.4,0:12:57,87:46:58,-,-,0,-,,,,,04,7,00000000,00,11,,
2025-10-18 16:43:17,,,,867488068342780,25465,ACK
2025-10-18 16:43:14,2025-10-18 16:43:14,2025-10-18 16:43:14,2025-10-18 16:43:14,867488068342780,25464,GTSPD,0x19FE7FBF,,802003,0x8303,0x0115,100,13877,0000,0000,01,00,22,12,12,-,01,01,45.4,45.4,158,158,576,576,-23.319076,-23.319076,-51.17046,-51.17046,0724,0006,C4A7,07A55001,6.2,691.3,691.3,0:12:51,87:46:52,-,-,0,-,,,,,,,,,00
2025-10-18 16:43:12,,,,867488068342780,25463,ACK
2025-10-18 16:43:12,2025-10-18 16:43:12,2025-10-18 16:43:12,2025-10-18 16:43:12,867488068342780,25462,GTSPD,0x19FE7FBF,,802003,0x8303,0x0115,100,13877,0000,0000,01,00,22,12,12,-,01,01,45.0,45.0,168,168,576,576,-23.31886,-23.31886,-51.170535,-51.170535,0724,0006,C4A7,07A55001,6.1,691.3,691.3,0:12:48,87:46:49,-,-,0,-,,,,,,,,,01
2025-10-18 16:43:10,2025-10-18 16:43:10,2025-10-18 16:43:10,2025-10-18 16:43:09,867488068342780,25461,GTSPD,0x19FE7FBF,,802003,0x8303,0x0115,100,13877,0000,0000,01,00,22,12,12,-,01,01,45.8,46.0,176,180,576,576,-23.318635,-23.318519,-51.170571,-51.170576,0724,0006,C4A7,07A55001,6.1,691.2,691.2,0:12:45,87:46:46,-,-,0,-,,,,,,,,,00
2025-10-18 16:43:07,,,,867488068342780,25460,ACK
2025-10-18 16:42:31,2025-10-18 16:42:31,2025-10-18 16:42:30,2025-10-18 16:42:29,867488068342780,25459,GTERI,0x19FE3FBF,0x00028102,802003,0x8303,0x0115,100,13957,0000,-,01,00,22,12,12,-,01,01,44.3,44.6,180,179,580,580,-23.316124,-23.316012,-51.170569,-51.170569,0724,0006,C4A7,07A55302,5.8,691.0,691.0,0:12:06,87:46:07,-,-,0,-,,,,,04,7,00000000,00,10,,
2025-10-18 16:42:23,,,,867488068342780,25458,HBD
2025-10-18 16:42:22,,,,867488068342780,25457,ACK
2025-10-18 16:42:19,2025-10-18 16:42:19,2025-10-18 16:42:19,2025-10-18 16:42:18,867488068342780,25456,GTSPD,0x19FE7FBF,,802003,0x8303,0x0115,100,13859,0000,0000,01,00,22,12,12,-,01,01,40.2,43.8,180,180,583,583,-23.315016,-23.314911,-51.170578,-51.170576,0724,0006,C4A7,07A55302,5.7,690.9,690.8,0:11:54,87:45:55,-,-,0,-,,,,,,,,,01
2025-10-18 16:42:17,2025-10-18 16:42:17,2025-10-18 16:42:17,2025-10-18 16:42:17,867488068342780,25455,GTSPD,0x19FE7FBF,,802003,0x8303,0x0115,100,13859,0000,0000,01,00,22,12,12,-,01,01,46.4,46.4,182,182,584,584,-23.314799,-23.314799,-51.170572,-51.170572,0724,0006,C4A7,07A71503,5.7,690.8,690.8,0:11:54,87:45:55,-,-,0,-,,,,,,,,,00
2025-10-18 16:42:17,,,,867488068342780,25454,ACK
2025-10-18 16:40:54,,,,25453,GTHBE
2025-10-18 16:40:52,2025-10-18 16:40:52,2025-10-18 16:40:52,2025-10-18 16:40:40,867488068342780,25452,GTSPD,0x19FE7FBF,,802003,0x8303,0x0115,100,13948,0000,0000,01,00,22,12,12,-,01,01,33.2,62.5,176,180,583,588,-23.311626,-23.309957,-51.170554,-51.170555,0724,0006,C4A7,07A7150B,5.3,690.5,690.3,0:10:27,87:44:28,-,-,0,-,,,,,,,,,01
2025-10-18 16:40:52,,,,867488068342780,25451,ACK
2025-10-18 16:40:42,,,,867488068342780,25450,ACK
2025-10-18 16:40:32,2025-10-18 16:40:32,2025-10-18 16:40:32,2025-10-18 16:40:32,867488068342780,25449,GTSPD,0x19FE7FBF,,802003,0x8303,0x0115,100,14046,0000,0000,01,00,22,12,12,-,01,01,51.5,51.5,173,173,596,596,-23.308732,-23.308732,-51.170577,-51.170577,0724,0006,C4A7,07A55135,5.0,690.1,690.1,0:10:09,87:44:10,-,-,0,-,,,,,,,,,00
2025-10-18 16:40:32,,,,867488068342780,25448,ACK
2025-10-18 16:40:23,,,,867488068342780,25447,HBD
2025-10-18 16:40:07,2025-10-18 16:40:07,2025-10-18 16:40:07,2025-10-18 16:40:01,867488068342780,25446,GTERI,0x19FE3FBF,0x00028102,802003,0x8303,0x0115,100,13961,0000,-,01,00,22,12,12,-,01,01,22.3,28.8,175,131,607,610,-23.306269,-23.305959,-51.170582,-51.170757,0724,0006,C4A7,07A542DF,4.7,689.9,689.8,0:09:42,87:43:43,-,-,0,-,,,,,04,7,00000000,00,11,,
2025-10-18 16:40:02,,,,867488068342780,25445,ACK
2025-10-18 16:40:00,2025-10-18 16:40:00,2025-10-18 16:40:00,2025-10-18 16:39:53,867488068342780,25444,GTSPD,0x19FE7FBF,,802003,0x8303,0x0115,100,13959,0000,0000,01,01,22,12,12,-,01,01,32.4,66.7,128,121,610,613,-23.30591,-23.305369,-51.170819,-51.171638,0724,0006,C4A7,07A542DF,4.7,689.8,689.7,0:09:36,87:43:37,-,-,0,-,,,,,,,,,01
2025-10-18 16:39:52,,,,867488068342780,25443,ACK
2025-10-18 16:39:47,2025-10-18 16:39:47,2025-10-18 16:39:47,2025-10-18 16:39:47,867488068342780,25442,GTERI,0x19FE3FBF,0x00028102,802003,0x8303,0x0115,100,14031,0000,-,01,00,22,12,12,-,01,01,56.6,56.6,126,126,613,613,-23.304832,-23.304832,-51.17249,-51.17249,0724,0006,C4A7,07A542E9,4.5,689.6,689.6,0:09:24,87:43:25,-,-,0,-,,,,,04,7,00000000,00,11,,
2025-10-18 16:39:42,,,,867488068342780,25441,ACK
2025-10-18 16:39:40,2025-10-18 16:39:40,2025-10-18 16:39:40,2025-10-18 16:39:39,867488068342780,25440,GTSPD,0x19FE7FBF,,802003,0x8303,0x0115,100,14031,0000,0000,01,00,22,12,12,-,01,01,45.4,45.7,171,179,612,612,-23.304123,-23.30401,-51.172962,-51.172976,0724,0006,C4A7,07A54201,4.4,689.5,689.5,0:09:15,87:43:16,-,-,0,-,,,,,,,,,00
2025-10-18 16:39:37,,,,867488068342780,25439,ACK
2025-10-18 16:39:35,2025-10-18 16:39:35,2025-10-18 16:39:35,2025-10-18 16:39:32,867488068342780,25438,GTSPD,0x19FE7FBF,,802003,0x8303,0x0115,100,14031,0000,0000,01,00,22,12,12,-,01,01,44.2,48.0,195,191,613,613,-23.30357,-23.30324,-51.172897,-51.172803,0724,0006,C4A7,07A54201,4.3,689.5,689.4,0:09:12,87:43:13,-,-,0,-,,,,,,,,,01
2025-10-18 16:39:31,2025-10-18 16:39:31,2025-10-18 16:39:30,2025-10-18 16:39:30,867488068342780,25437,GTERI,0x19FE3FBF,0x00028102,802003,0x8303,0x0115,100,14031,0000,-,01,00,22,12,12,-,01,01,51.4,51.4,174,174,613,613,-23.302994,-23.302994,-51.172779,-51.172779,0724,0006,C4A7,07A54201,4.3,689.4,689.4,0:09:06,87:43:07,-,-,0,-,,,,,04,7,00000000,00,10,,
2025-10-18 16:39:29,2025-10-18 16:39:29,2025-10-18 16:39:29,2025-10-18 16:39:29,867488068342780,25436,GTERI,0x19FE3FBF,0x00028102,802003,0x8303,0x0115,100,14031,0000,-,01,00,22,12,12,-,01,01,52.3,52.3,169,169,613,613,-23.302865,-23.302865,-51.172797,-51.172797,0724,0006,C4A7,07A54201,4.2,689.4,689.4,0:09:06,87:43:07,-,-,0,-,,,,,04,7,00000000,00,11,,
2025-10-18 16:39:27,2025-10-18 16:39:27,2025-10-18 16:39:27,2025-10-18 16:39:27,867488068342780,25435,GTSPD,0x19FE7FBF,,802003,0x8303,0x0115,100,14031,0000,0000,01,00,22,12,12,-,01,01,49.6,49.6,148,148,613,613,-23.302623,-23.302623,-51.172889,-51.172889,0724,0006,C4A7,07A54201,4.2,689.4,689.4,0:09:03,87:43:04,-,-,0,-,,,,,,,,,00
2025-10-18 16:39:27,,,,867488068342780,25434,ACK
2025-10-18 16:39:21,2025-10-18 16:39:21,2025-10-18 16:39:21,2025-10-18 16:39:21,867488068342780,25433,GTERI,0x19FE3FBF,0x00028102,802003,0x8303,0x0115,100,14031,0000,-,01,00,22,12,12,-,01,01,28.7,28.7,123,123,612,612,-23.30222,-23.30222,-51.173391,-51.173391,0724,0006,C4A7,07A54201,4.1,689.3,689.3,0:08:57,87:42:58,-,-,0,-,,,,,04,7,00000000,00,11,,
2025-10-18 16:39:19,,,,25432,GTHBE
2025-10-18 16:38:42,,,,867488068342780,25431,ACK
2025-10-18 16:38:41,2025-10-18 16:38:41,2025-10-18 16:38:41,2025-10-18 16:38:37,867488068342780,25430,GTSPD,0x19FE7FBF,,802003,0x8303,0x0115,100,14122,0000,0000,01,00,22,12,12,-,01,01,41.8,49.3,181,181,611,610,-23.301083,-23.300622,-51.173525,-51.173514,0724,0006,C4A7,07A54201,4.0,689.2,689.1,0:08:18,87:42:19,-,-,0,-,,,,,,,,,01
2025-10-18 16:38:37,,,,867488068342780,25429,ACK
2025-10-18 16:38:35,2025-10-18 16:38:35,2025-10-18 16:38:35,2025-10-18 16:38:35,867488068342780,25428,GTSPD,0x19FE7FBF,,802003,0x8303,0x0115,100,14054,0000,0000,01,00,22,12,12,-,01,01,48.0,48.0,181,181,609,609,-23.300378,-23.300378,-51.173512,-51.173512,0724,0006,C4A7,07A54201,3.9,689.1,689.1,0:08:12,87:42:13,-,-,0,-,,,,,,,,,00
2025-10-18 16:38:32,2025-10-18 16:38:32,2025-10-18 16:38:32,2025-10-18 16:38:32,867488068342780,25427,GTERI,0x19FE3FBF,0x00028102,802003,0x8303,0x0115,100,14049,0000,-,01,00,22,12,12,-,01,01,41.1,41.1,179,179,607,607,-23.300032,-23.300032,-51.173504,-51.173504,0724,0006,C4A7,07A54201,3.9,689.1,689.1,0:08:09,87:42:10,-,-,0,-,,,,,04,7,00000000,00,11,,
2025-10-18 16:38:26,2025-10-18 16:38:26,2025-10-18 16:38:26,2025-10-18 16:38:26,867488068342780,25426,GTERI,0x19FE3FBF,0x00028102,802003,0x8303,0x0115,100,14113,0000,-,01,00,22,12,12,-,01,01,31.8,31.8,134,134,603,603,-23.299553,-23.299553,-51.173623,-51.173623,0724,0006,C4A7,07A54201,3.8,689.0,689.0,0:08:03,87:42:04,-,-,0,-,,,,,04,7,00000000,00,11,,
2025-10-18 16:38:26,,,,867488068342780,25425,HBD
2025-10-18 16:38:21,,,,25424,GTHBE
2025-10-18 16:38:02,,,,867488068342780,25423,ACK
2025-10-18 16:38:01,2025-10-18 16:38:01,2025-10-18 16:38:01,2025-10-18 16:37:36,867488068342780,25422,GTSPD,0x19FE7FBF,,802003,0x8303,0x0115,100,14140,0000,0000,01,01,22,12,12,-,01,01,42.0,72.3,182,181,593,570,-23.298217,-23.294484,-51.173476,-51.173334,0724,0006,C4A7,07A54202,3.7,688.8,688.4,0:07:36,87:41:37,-,-,0,-,,,,,,,,,01
2025-10-18 16:37:32,,,,867488068342780,25421,ACK
2025-10-18 16:37:22,,,,867488068342780,25420,ACK
2025-10-18 16:37:19,2025-10-18 16:37:19,2025-10-18 16:37:19,2025-10-18 16:37:19,867488068342780,25419,GTSPD,0x19FE7FBF,,802003,0x8303,0x0115,100,14105,0000,0000,01,00,22,12,12,-,01,01,50.4,50.4,181,181,551,551,-23.291874,-23.291874,-51.173221,-51.173221,0724,0006,C4A7,07A71002,3.0,688.1,688.1,0:06:54,87:40:55,-,-,0,-,,,,,,,,,00
2025-10-18 16:37:12,,,,867488068342780,25418,ACK
2025-10-18 16:37:09,2025-10-18 16:37:09,2025-10-18 16:37:09,2025-10-18 16:36:55,867488068342780,25417,GTSPD,0x19FE7FBF,,802003,0x8303,0x0115,100,14041,0000,0000,01,01,22,12,12,-,01,01,42.2,58.8,182,182,541,535,-23.290869,-23.289071,-51.17319,-51.173092,0724,0006,C4A7,07A5BE02,2.9,688.0,687.8,0:06:45,87:40:46,-,-,0,-,,,,,,,,,01
2025-10-18 16:36:32,,,,867488068342780,25416,ACK
2025-10-18 16:36:31,2025-10-18 16:36:31,2025-10-18 16:36:30,2025-10-18 16:36:31,867488068342780,25415,GTERI,0x19FE3FBF,0x00028102,802003,0x8303,0x0115,100,13982,0000,-,01,00,22,12,12,-,01,01,51.2,51.6,181,181,560,559,-23.285852,-23.285981,-51.172999,-51.173003,0724,0006,C4A7,07A5BE02,2.3,687.5,687.5,0:06:06,87:40:07,-,-,0,-,,,,,04,7,00000000,00,10,,
2025-10-18 16:36:31,,,,867488068342780,25414,HBD
2025-10-18 16:36:22,,,,867488068342780,25413,ACK
2025-10-18 16:36:22,2025-10-18 16:36:22,2025-10-18 16:36:22,2025-10-18 16:36:22,867488068342780,25412,GTSPD,0x19FE7FBF,,802003,0x8303,0x0115,100,14121,0000,0000,01,00,22,12,12,-,01,01,45.6,45.6,183,183,566,566,-23.284859,-23.284859,-51.172973,-51.172973,0724,0006,C4A7,07A5BE02,2.2,687.4,687.4,0:05:57,87:39:58,-,-,0,-,,,,,,,,,00
2025-10-18 16:36:12,,,,867488068342780,25411,ACK
2025-10-18 16:36:11,2025-10-18 16:36:11,2025-10-18 16:36:11,2025-10-18 16:36:04,867488068342780,25410,GTSPD,0x19FE7FBF,,802003,0x8303,0x0115,100,14121,0000,0000,01,00,22,12,10,-,01,01,42.9,54.5,182,183,572,569,-23.283672,-23.282823,-51.172925,-51.172888,0724,0006,C4A7,07A5BE01,2.1,687.2,687.1,0:05:48,87:39:49,-,-,0,-,,,,,,,,,01
2025-10-18 16:36:07,,,,867488068342780,25409,ACK
2025-10-18 16:36:03,2025-10-18 16:36:03,2025-10-18 16:36:03,2025-10-18 16:36:03,867488068342780,25408,GTSPD,0x19FE7FBF,,802003,0x8303,0x0115,100,14211,0000,0000,01,00,22,11,11,-,01,01,49.2,49.2,186,186,569,569,-23.28269,-23.28269,-51.172878,-51.172878,0724,0006,C4A7,07A5BE01,2.0,687.1,687.1,0:05:39,87:39:40,-,-,0,-,,,,,,,,,00
2025-10-18 16:36:03,,,,25407,GTHBE
2025-10-18 16:35:52,,,,867488068342780,25406,ACK
2025-10-18 16:35:48,2025-10-18 16:35:48,2025-10-18 16:35:48,2025-10-18 16:35:43,867488068342780,25405,GTSPD,0x19FE7FBF,,802003,0x8303,0x0115,100,14163,0000,0000,01,00,22,11,11,-,01,01,42.4,48.0,184,181,566,562,-23.281257,-23.280683,-51.172754,-51.172717,0724,0006,C4A7,07A5BE01,1.8,686.9,686.9,0:05:24,87:39:25,-,-,0,-,,,,,,,,,01
2025-10-18 16:35:42,2025-10-18 16:35:42,2025-10-18 16:35:42,2025-10-18 16:35:42,867488068342780,25404,GTSPD,0x19FE7FBF,,802003,0x8303,0x0115,100,14163,0000,0000,01,00,22,11,11,-,01,01,50.5,50.5,182,182,561,561,-23.280561,-23.280561,-51.172714,-51.172714,0724,0006,C4A7,07A5BE01,1.7,686.9,686.9,0:05:18,87:39:19,-,-,0,-,,,,,,,,,00
2025-10-18 16:35:42,,,,867488068342780,25403,ACK
2025-10-18 16:35:07,,,,867488068342780,25402,ACK
2025-10-18 16:35:05,2025-10-18 16:35:05,2025-10-18 16:35:05,2025-10-18 16:35:00,867488068342780,25401,GTSPD,0x19FE7FBF,,802003,0x8303,0x0115,100,14219,0000,0000,01,00,22,11,11,-,01,01,38.9,51.7,181,181,539,534,-23.277915,-23.277324,-51.172638,-51.172617,0724,0006,C4A7,07A6FD0C,1.4,686.6,686.5,0:04:42,87:38:43,-,-,0,-,,,,,,,,,01
2025-10-18 16:34:57,,,,867488068342780,25400,ACK
2025-10-18 16:34:57,2025-10-18 16:34:57,2025-10-18 16:34:57,2025-10-18 16:34:57,867488068342780,25399,GTSPD,0x19FE7FBF,,802003,0x8303,0x0115,100,14219,0000,0000,01,00,22,11,11,-,01,01,47.8,47.8,181,181,529,529,-23.276942,-23.276942,-51.172601,-51.172601,0724,0006,C4A7,07A6FD0C,1.3,686.5,686.5,0:04:33,87:38:34,-,-,0,-,,,,,,,,,00
2025-10-18 16:34:47,,,,867488068342780,25398,ACK
2025-10-18 16:34:44,2025-10-18 16:34:44,2025-10-18 16:34:44,2025-10-18 16:34:44,867488068342780,25397,GTSPD,0x19FE7FBF,,802003,0x8303,0x0115,100,14218,0000,0000,01,01,22,10,10,-,01,01,32.9,32.9,181,181,524,524,-23.275914,-23.275914,-51.172561,-51.172561,0724,0006,C4A7,07A5BE0B,1.2,686.4,686.4,0:04:21,87:38:22,-,-,0,-,,,,,,,,,01
2025-10-18 16:34:44,,,,25396,GTHBE
2025-10-18 16:34:42,,,,867488068342780,25395,ACK
2025-10-18 16:34:38,2025-10-18 16:34:38,2025-10-18 16:34:38,2025-10-18 16:34:37,867488068342780,25394,GTERI,0x19FE3FBF,0x00028102,802003,0x8303,0x0115,100,14218,0000,-,01,00,22,9,9,-,01,01,70.9,73.8,159,153,527,528,-23.275102,-23.274937,-51.172634,-51.172707,0724,0006,C4A7,07A5BE0B,1.1,686.3,686.3,0:04:15,87:38:16,-,-,0,-,,,,,04,1,00000000,00,11,,
2025-10-18 16:34:33,,,,867488068342780,25393,ACK
2025-10-18 16:34:33,,,,867488068342780,25392,ACK
2025-10-18 16:34:32,,,,867488068342780,25391,ACK
2025-10-18 16:34:32,,,,867488068342780,25390,ACK
2025-10-18 16:34:29,,,,25389,GTHBE
2025-10-18 16:34:28,2025-10-18 16:34:28,2025-10-18 16:34:28,2025-10-18 16:34:28,867488068342780,25388,GTSPD,0x19FE7FBF,,802003,0x8303,0x0115,100,14139,0000,0000,01,00,22,10,10,-,01,01,51.3,51.3,119,119,541,541,-23.273734,-23.273734,-51.17355,-51.17355,0724,0006,C4A7,07A5BE0B,0.9,686.1,686.1,0:04:03,87:38:04,-,-,0,-,,,,,,,,,00
2025-10-18 16:34:26,2025-10-18 16:34:26,2025-10-18 16:34:26,2025-10-18 16:34:26,867488068342780,25387,GTERI,0x19FE3FBF,0x00028102,802003,0x8303,0x0115,100,14271,0000,-,01,00,22,10,10,-,01,01,38.7,38.7,112,112,543,543,-23.273638,-23.273638,-51.173782,-51.173782,0724,0006,C4A7,07A5BE0B,0.9,686.1,686.1,0:04:03,87:38:04,-,-,0,-,,,,,04,1,00000000,00,11,,
2025-10-18 16:34:26,,,,867488068342780,25386,HBD
2025-10-18 16:34:22,2025-10-18 16:34:22,2025-10-18 16:34:22,2025-10-18 16:34:21,867488068342780,25385,GTERI,0x19FE3FBF,0x00028102,802003,0x8303,0x0115,100,14300,0000,-,01,00,22,10,10,-,01,01,36.4,36.9,165,179,546,547,-23.273393,-23.273304,-51.174059,-51.174075,0724,0006,C4A7,07A5BE0B,0.9,686.0,686.0,0:03:57,87:37:58,-,-,0,-,,,,,04,1,00000000,00,11,,
2025-10-18 16:34:19,2025-10-18 16:34:19,2025-10-18 16:34:19,2025-10-18 16:33:34,867488068342780,25384,GTERI,0x19FE3FBF,0x00028102,802003,0x8303,0x0115,100,14241,0000,-,01,00,22,10,8,-,01,01,33.5,42.5,212,268,549,573,-23.273134,-23.272856,-51.174033,-51.171267,0724,0006,C4A7,07A5BE15,0.8,686.0,685.7,0:03:54,87:37:55,-,-,0,-,,,,,04,3,00000000,00,11,,
2025-10-18 16:33:32,,,,867488068342780,25383,ACK
2025-10-18 16:33:32,2025-10-18 16:33:32,2025-10-18 16:33:32,2025-10-18 16:33:32,867488068342780,25382,GTSPD,0x19FE7FBF,,802003,0x8303,0x0115,100,14255,0000,0000,01,00,22,8,8,-,01,01,42.7,42.7,262,262,573,573,-23.272837,-23.272837,-51.171037,-51.171037,0724,0006,C4A7,07A5BE15,0.5,685.7,685.7,0:03:09,87:37:10,-,-,0,-,,,,,,,,,01
2025-10-18 16:33:31,2025-10-18 16:33:31,2025-10-18 16:33:30,2025-10-18 16:33:25,867488068342780,25381,GTERI,0x19FE3FBF,0x00028102,802003,0x8303,0x0115,100,14255,0000,-,01,00,22,9,9,-,01,01,45.6,49.2,260,251,573,570,-23.272805,-23.272678,-51.170799,-51.170171,0724,0006,C4A7,07A5BE15,0.5,685.7,685.6,0:03:06,87:37:07,-,-,0,-,,,,,04,3,00000000,00,10,,
2025-10-18 16:33:23,2025-10-18 16:33:23,2025-10-18 16:33:23,2025-10-18 16:33:22,867488068342780,25380,GTSPD,0x19FE7FBF,,802003,0x8303,0x0115,100,14255,0000,0000,01,00,22,9,8,-,01,01,45.8,46.0,253,253,570,570,-23.272612,-23.27258,-51.169921,-51.169801,0724,0006,C4A7,07A72717,0.4,685.6,685.6,0:03:00,87:37:01,-,-,0,-,,,,,,,,,00
2025-10-18 16:33:22,,,,867488068342780,25379,ACK
2025-10-18 16:33:04,2025-10-18 16:33:04,2025-10-18 16:33:04,2025-10-18 16:33:04,867488068342780,25378,GTERI,0x19FE3FBF,0x00028102,802003,0x8303,0x0115,100,14179,0000,-,01,00,22,8,8,-,01,01,29.2,29.2,253,253,565,565,-23.272106,-23.272106,-51.167974,-51.167974,0724,0006,C4A7,07A72717,0.2,685.3,685.3,0:02:39,87:36:40,-,-,0,-,,,,,04,3,00000000,00,11,,
2025-10-18 16:33:03,,,,25377,GTHBE
2025-10-18 16:32:28,2025-10-18 16:32:28,2025-10-18 16:32:28,2025-10-18 16:32:28,867488068342780,25376,GTERI,0x19FE3FBF,0x00028102,802003,0x8303,0x0115,100,14247,0000,-,01,00,22,7,7,-,01,01,5.9,5.9,201,201,583,583,-23.270481,-23.270481,-51.167818,-51.167818,0724,0006,C4A7,07A5CC17,0.0,685.2,685.2,0:02:03,87:36:04,-,-,0,-,,,,,04,3,00000000,00,11,,
2025-10-18 16:32:28,,,,867488068342780,25375,HBD
2025-10-18 16:32:21,2025-10-18 16:32:21,2025-10-18 16:32:21,2025-10-18 16:32:21,867488068342780,25374,GTERI,0x19FE3FBF,0x00028102,802003,0x8303,0x0115,100,14302,0000,-,01,00,22,7,7,-,01,01,4.1,4.1,253,253,584,584,-23.270494,-23.270494,-51.167792,-51.167792,0724,0006,C4A7,07A5CC17,0.0,685.2,685.2,0:01:57,87:35:58,-,-,0,-,,,,,04,3,00000000,00,11,,
2025-10-18 16:32:17,2025-10-18 16:32:17,2025-10-18 16:32:17,2025-10-18 16:32:17,867488068342780,25373,GTERI,0x19FE3FBF,0x00028102,802003,0x8303,0x0115,100,14302,0000,-,01,00,22,7,7,-,01,01,3.6,3.6,330,330,584,584,-23.270515,-23.270515,-51.167764,-51.167764,0724,0006,C4A7,07A5CC17,0.0,685.2,685.2,0:01:54,87:35:55,-,-,0,-,,,,,04,3,00000000,00,11,,
2025-10-18 16:32:08,2025-10-18 16:32:08,2025-10-18 16:32:08,2025-10-18 16:32:08,867488068342780,25372,GTERI,0x19FE3FBF,0x00028102,802003,0x8303,0x0115,100,14147,0000,-,01,00,22,6,6,-,01,01,3.0,3.0,39,39,583,583,-23.270521,-23.270521,-51.167707,-51.167707,0724,0006,C4A7,07A5CC17,0.0,685.2,685.2,0:01:45,87:35:46,-,-,0,-,,,,,04,3,00000000,00,11,,
2025-10-18 16:31:52,2025-10-18 16:31:52,2025-10-18 16:31:52,2025-10-18 16:31:44,867488068342780,25371,GTSTT,0x19FE7FBF,,802003,0x8303,0x0115,100,12137,0000,0000,01,00,22,6,5,-,02,03,0.0,3.0,92,92,580,580,-23.270563,-23.270559,-51.167665,-51.167668,0724,0006,C4A7,07A5CC17,0.0,685.2,685.2,0:01:27,87:35:28,-,-,0,-
2025-10-18 16:31:40,2025-10-18 16:31:40,2025-10-18 16:31:38,2025-10-18 16:31:38,867488068342780,25370,GTSTT,0x19FE7FBF,,802003,0x8303,0x0115,100,12242,0000,0000,01,00,21,6,6,-,01,01,2.8,2.8,92,92,579,579,-23.270554,-23.270554,-51.167667,-51.167667,0724,0006,C4A7,07A5CC17,0.0,685.2,685.2,0:01:15,87:35:16,-,-,0,-
2025-10-18 16:31:30,2025-10-18 16:31:30,2025-10-18 16:31:30,2025-10-18 16:31:23,867488068342780,25369,GTERI,0x19FE3FBF,0x00028102,802003,0x8303,0x0115,100,12242,0000,-,01,00,22,5,5,-,02,03,3.5,4.8,92,20,567,555,-23.270435,-23.270309,-51.167709,-51.167766,0724,0006,C4A7,07A5CC17,0.0,685.2,685.2,0:01:06,87:35:07,-,-,0,-,,,,,04,3,00000000,00,11,,
2025-10-18 16:31:20,2025-10-18 16:31:20,2025-10-18 16:31:20,2025-10-18 16:31:19,867488068342780,25368,GTSTT,0x19FE7FBF,,802003,0x8303,0x0115,100,12179,0000,0000,01,00,22,5,5,-,03,03,0.0,2.9,20,20,555,555,-23.270289,-23.270289,-51.167764,-51.167764,0724,0006,C4A7,07A5CC17,0.0,685.2,685.2,0:00:57,87:34:58,-,-,0,-
2025-10-18 16:31:16,2025-10-18 16:31:16,2025-10-18 16:31:16,2025-10-18 16:31:16,867488068342780,25367,GTERI,0x19FE3FBF,0x00028102,802003,0x8303,0x0115,100,12179,0000,-,01,00,21,5,5,-,03,03,4.0,4.0,20,20,553,553,-23.270279,-23.270279,-51.167756,-51.167756,0724,0006,C4A7,07A5CC17,0.0,685.2,685.2,0:00:51,87:34:52,-,-,0,-,,,,,04,3,00000000,00,11,,
2025-10-18 16:31:13,2025-10-18 16:31:13,2025-10-18 16:31:13,2025-10-18 16:31:02,867488068342780,25366,GTERI,0x19FE3FBF,0x00028102,802003,0x8303,0x0115,100,12179,0000,-,01,00,21,5,6,-,03,02,4.0,5.4,70,49,548,549,-23.270251,-23.270258,-51.167756,-51.167727,0724,0006,C4A7,07A5CC17,0.0,685.2,685.2,0:00:48,87:34:49,-,-,0,-,,,,,04,3,00000000,00,11,,
2025-10-18 16:30:49,2025-10-18 16:30:50,2025-10-18 16:30:49,2025-10-18 16:30:49,867488068342780,25365,GTSTT,0x19FE7FBF,,802003,0x8303,0x0115,100,12232,0000,0000,01,00,21,5,5,-,03,03,2.9,2.9,24,24,550,550,-23.270229,-23.270229,-51.167777,-51.167777,0724,0006,C4A7,07A5CC17,0.0,685.2,685.2,0:00:24,87:34:25,-,-,0,-
2025-10-18 16:30:45,2025-10-18 16:30:45,2025-10-18 16:30:45,2025-10-18 16:30:45,867488068342780,25364,GTIGL,0x19FE7FBF,,802003,0x8303,0x0115,100,12232,0000,0000,01,00,22,6,6,-,01,01,3.1,3.1,24,24,546,546,-23.270205,-23.270205,-51.167777,-51.167777,0724,0006,C4A7,07A5CC17,0.0,685.2,685.2,0:00:21,87:34:22,-,-,0,-,,,,,,,,,00
2025-10-18 16:30:45,2025-10-18 16:30:45,2025-10-18 16:30:45,2025-10-18 16:30:45,867488068342780,25363,GTERI,0x19FE3FBF,0x00028102,802003,0x8303,0x0115,100,12232,0000,-,01,00,22,6,6,-,01,01,3.1,3.1,24,24,546,546,-23.270205,-23.270205,-51.167777,-51.167777,0724,0006,C4A7,07A5CC17,0.0,685.2,685.2,0:00:21,87:34:22,-,-,0,-,,,,,04,3,00000000,00,10,,
2025-10-18 16:30:23,2025-10-18 16:30:23,2025-10-18 15:48:36,2025-10-18 15:48:36,867488068342780,25362,GTSTT,0x19FE7FBF,,802003,0x8303,0x0115,100,12432,0000,0000,01,00,22,8,8,-,00,00,0.0,0.0,24,24,562,562,-23.270337,-23.270337,-51.167822,-51.167822,0724,0006,C4A7,07A5CC17,0.0,685.2,685.2,0:00:00,87:34:01,-,-,0,-
2025-10-18 16:30:23,2025-10-18 16:30:23,2025-10-18 15:48:36,2025-10-17 20:44:58,867488068342780,25361,GTIGN,0x19FE7FBF,,802003,0x8303,0x0115,100,12432,0000,0000,01,00,22,8,12,71089,00,01,0.0,3.4,24,32,562,561,-23.270337,-23.270341,-51.167822,-51.167828,0724,0006,C4A7,07A5CC17,0.0,685.2,685.2,0:00:00,87:34:01,-,-,0,-
2025-10-18 16:30:23,,,,867488068342780,25360,HBD
2025-10-18 15:50:30,2025-10-18 15:50:30,2025-10-18 15:48:36,2025-10-18 15:48:36,867488068342780,25359,GTERI,0x19FE3FBF,0x00028102,802003,0x8303,0x0115,100,12733,0000,-,00,00,11,8,8,-,01,01,0.0,0.0,24,24,562,562,-23.270337,-23.270337,-51.167822,-51.167822,0724,0006,C4A7,07A5CC17,6.0,685.2,685.2,0:10:36,87:34:01,-,-,0,-,,,,,04,3,00000000,00,10,,
2025-10-18 14:50:30,2025-10-18 14:50:30,2025-10-18 14:48:15,2025-10-18 14:48:15,867488068342780,25358,GTERI,0x19FE3FBF,0x00028102,802003,0x8303,0x0115,100,12697,0000,-,00,00,11,4,4,-,01,01,0.0,0.0,24,24,562,562,-23.270337,-23.270337,-51.167822,-51.167822,0724,0006,C4A7,07A5CC35,6.0,685.2,685.2,0:10:36,87:34:01,-,-,0,-,,,,,04,28,00000000,00,10,,
2025-10-18 14:17:51,2025-10-18 14:17:47,2025-10-18 13:48:42,2025-10-18 13:48:42,867488068342780,25357,GTPDP,0x19FE7FBF,,802003,0x8303,0x0115,100,12839,0000,0000,00,00,11,5,5,-,00,00,0.0,0.0,24,24,562,562,-23.270337,-23.270337,-51.167822,-51.167822,0000,0000,0000,00000000,6.0,685.2,685.2,0:10:36,87:34:01,-,-,0,-
2025-10-18 14:06:31,2025-10-18 14:05:47,2025-10-18 13:48:42,2025-10-18 13:48:42,867488068342780,25356,GTPDP,0x19FE7FBF,,802003,0x8303,0x0115,100,12739,0000,0000,00,00,11,5,5,-,00,00,0.0,0.0,24,24,562,562,-23.270337,-23.270337,-51.167822,-51.167822,0000,0000,0000,00000000,6.0,685.2,685.2,0:10:36,87:34:01,-,-,0,-
2025-10-18 13:50:30,2025-10-18 13:50:30,2025-10-18 13:48:42,2025-10-18 13:48:42,867488068342780,25355,GTERI,0x19FE3FBF,0x00028102,802003,0x8303,0x0115,100,12769,0000,-,00,00,11,5,5,-,01,01,0.0,0.0,24,24,562,562,-23.270337,-23.270337,-51.167822,-51.167822,0724,0006,C4A7,07A5CC35,6.0,685.2,685.2,0:10:36,87:34:01,-,-,0,-,,,,,04,28,00000000,00,10,,
2025-10-18 12:50:30,2025-10-18 12:50:30,2025-10-18 12:48:23,2025-10-18 12:48:23,867488068342780,25354,GTERI,0x19FE3FBF,0x00028102,802003,0x8303,0x0115,100,12827,0000,-,00,00,11,5,5,-,01,01,0.0,0.0,24,24,562,562,-23.270337,-23.270337,-51.167822,-51.167822,0724,0006,C4A7,07A5CC35,6.0,685.2,685.2,0:10:36,87:34:01,-,-,0,-,,,,,04,28,00000000,00,10,,
2025-10-18 11:50:30,2025-10-18 11:50:30,2025-10-18 11:48:35,2025-10-18 11:48:35,867488068342780,25353,GTERI,0x19FE3FBF,0x00028102,802003,0x8303,0x0115,100,12820,0000,-,00,00,11,6,6,-,01,01,0.0,0.0,24,24,562,562,-23.270337,-23.270337,-51.167822,-51.167822,0724,0006,C4A7,07A5CC35,6.0,685.2,685.2,0:10:36,87:34:01,-,-,0,-,,,,,04,28,00000000,00,10,,
2025-10-18 10:50:30,2025-10-18 10:50:30,2025-10-18 10:49:06,2025-10-18 10:49:06,867488068342780,25352,GTERI,0x19FE3FBF,0x00028102,802003,0x8303,0x0115,100,12807,0000,-,00,00,11,5,5,-,01,01,0.0,0.0,24,24,562,562,-23.270337,-23.270337,-51.167822,-51.167822,0724,0006,C4A7,07A5CC17,6.0,685.2,685.2,0:10:36,87:34:01,-,-,0,-,,,,,04,3,00000000,00,10,,
2025-10-18 09:50:30,2025-10-18 09:50:30,2025-10-18 09:48:16,2025-10-18 09:48:16,867488068342780,25351,GTERI,0x19FE3FBF,0x00028102,802003,0x8303,0x0115,100,12856,0000,-,00,00,11,6,6,-,01,01,0.0,0.0,24,24,562,562,-23.270337,-23.270337,-51.167822,-51.167822,0724,0006,C4A7,07A5CC17,6.0,685.2,685.2,0:10:36,87:34:01,-,-,0,-,,,,,04,3,00000000,00,10,,
2025-10-18 08:50:30,2025-10-18 08:50:30,2025-10-18 08:48:50,2025-10-18 08:48:50,867488068342780,25350,GTERI,0x19FE3FBF,0x00028102,802003,0x8303,0x0115,100,12833,0000,-,00,00,11,8,8,-,01,01,0.0,0.0,24,24,562,562,-23.270337,-23.270337,-51.167822,-51.167822,0724,0006,C4A7,07A5CC17,6.0,685.2,685.2,0:10:36,87:34:01,-,-,0,-,,,,,04,3,00000000,00,10,,
2025-10-18 08:23:25,,,,867488068342780,25349,GTINF,,,,,,,,,,,,,,,,,,,,,,,,,,,,,,,,,,,,,,,,,,C1,4177,03
2025-10-18 07:50:30,2025-10-18 07:50:30,2025-10-18 06:48:38,2025-10-18 06:48:38,867488068342780,25348,GTERI,0x19FE3FBF,0x00028102,802003,0x8303,0x0115,100,12847,0000,-,00,00,11,4,4,-,00,00,0.0,0.0,24,24,562,562,-23.270337,-23.270337,-51.167822,-51.167822,0724,0006,C4A7,07A5CC17,6.0,685.2,685.2,0:10:36,87:34:01,-,-,0,-,,,,,04,3,00000000,00,10,,
2025-10-18 06:50:30,2025-10-18 06:50:30,2025-10-18 06:48:38,2025-10-18 06:48:38,867488068342780,25347,GTERI,0x19FE3FBF,0x00028102,802003,0x8303,0x0115,100,12893,0000,-,00,00,11,4,4,-,01,01,0.0,0.0,24,24,562,562,-23.270337,-23.270337,-51.167822,-51.167822,0724,0006,C4A7,07A5CC17,6.0,685.2,685.2,0:10:36,87:34:01,-,-,0,-,,,,,04,3,00000000,00,10,,
2025-10-18 05:50:30,2025-10-18 05:50:30,2025-10-18 05:48:33,2025-10-18 05:48:33,867488068342780,25346,GTERI,0x19FE3FBF,0x00028102,802003,0x8303,0x0115,100,12808,0000,-,00,00,11,5,5,-,01,01,0.0,0.0,24,24,562,562,-23.270337,-23.270337,-51.167822,-51.167822,0724,0006,C4A7,07A5CC17,6.0,685.2,685.2,0:10:36,87:34:01,-,-,0,-,,,,,04,3,00000000,00,10,,
2025-10-18 04:50:30,2025-10-18 04:50:30,2025-10-18 04:48:23,2025-10-18 04:48:23,867488068342780,25345,GTERI,0x19FE3FBF,0x00028102,802003,0x8303,0x0115,100,12881,0000,-,00,00,11,7,7,-,01,01,0.0,0.0,24,24,562,562,-23.270337,-23.270337,-51.167822,-51.167822,0724,0006,C4A7,07A5CC17,6.0,685.2,685.2,0:10:36,87:34:01,-,-,0,-,,,,,04,3,00000000,00,10,,
2025-10-18 03:50:30,2025-10-18 03:50:30,2025-10-18 03:49:03,2025-10-18 03:49:03,867488068342780,25344,GTERI,0x19FE3FBF,0x00028102,802003,0x8303,0x0115,100,12757,0000,-,00,00,11,8,8,-,01,01,0.0,0.0,24,24,562,562,-23.270337,-23.270337,-51.167822,-51.167822,0724,0006,C4A7,07A5CC17,6.0,685.2,685.2,0:10:36,87:34:01,-,-,0,-,,,,,04,3,00000000,00,10,,
2025-10-18 02:50:30,2025-10-18 02:50:30,2025-10-18 02:48:37,2025-10-18 02:48:37,867488068342780,25343,GTERI,0x19FE3FBF,0x00028102,802003,0x8303,0x0115,100,12853,0000,-,00,00,11,4,4,-,01,01,0.0,0.0,24,24,562,562,-23.270337,-23.270337,-51.167822,-51.167822,0724,0006,C4A7,07A5CC17,6.0,685.2,685.2,0:10:36,87:34:01,-,-,0,-,,,,,04,3,00000000,00,10,,
2025-10-18 01:50:30,2025-10-18 01:50:30,2025-10-18 01:48:47,2025-10-18 01:48:47,867488068342780,25342,GTERI,0x19FE3FBF,0x00028102,802003,0x8303,0x0115,100,12822,0000,-,00,00,11,4,4,-,01,01,0.0,0.0,24,24,562,562,-23.270337,-23.270337,-51.167822,-51.167822,0724,0006,C4A7,07A5CC17,6.0,685.2,685.2,0:10:36,87:34:01,-,-,0,-,,,,,04,3,00000000,00,10,,
2025-10-18 00:50:30,2025-10-18 00:50:30,2025-10-18 00:48:25,2025-10-18 00:48:25,867488068342780,25341,GTERI,0x19FE3FBF,0x00028102,802003,0x8303,0x0115,100,12899,0000,-,00,00,11,5,5,-,01,01,0.0,0.0,24,24,562,562,-23.270337,-23.270337,-51.167822,-51.167822,0724,0006,C4A7,07A5CC17,6.0,685.2,685.2,0:10:36,87:34:01,-,-,0,-,,,,,04,3,00000000,00,10,,
2025-10-17 23:50:30,2025-10-17 23:50:30,2025-10-17 23:49:00,2025-10-17 23:49:00,867488068342780,25340,GTERI,0x19FE3FBF,0x00028102,802003,0x8303,0x0115,100,12959,0000,-,00,00,11,5,5,-,01,01,0.0,0.0,24,24,562,562,-23.270337,-23.270337,-51.167822,-51.167822,0724,0006,C4A7,07A5CC17,6.0,685.2,685.2,0:10:36,87:34:01,-,-,0,-,,,,,04,3,00000000,00,10,,
2025-10-17 22:50:30,2025-10-17 22:50:30,2025-10-17 22:48:23,2025-10-17 22:48:23,867488068342780,25339,GTERI,0x19FE3FBF,0x00028102,802003,0x8303,0x0115,100,13054,0000,-,00,00,11,10,10,-,01,01,0.0,0.0,24,24,562,562,-23.270337,-23.270337,-51.167822,-51.167822,0724,0006,C4A7,07A5CC35,6.0,685.2,685.2,0:10:36,87:34:01,-,-,0,-,,,,,04,28,00000000,00,10,,
2025-10-17 21:50:30,2025-10-17 21:50:30,2025-10-17 21:48:22,2025-10-17 21:48:22,867488068342780,25338,GTERI,0x19FE3FBF,0x00028102,802003,0x8303,0x0115,100,12964,0000,-,00,00,11,12,12,-,01,01,0.0,0.0,24,24,562,562,-23.270337,-23.270337,-51.167822,-51.167822,0724,0006,C4A7,07A5CC35,6.0,685.2,685.2,0:10:36,87:34:01,-,-,0,-,,,,,04,28,00000000,00,10,,
2025-10-17 20:50:34,2025-10-17 20:50:35,2025-10-17 20:50:34,2025-10-17 20:50:34,867488068342780,25337,GTERI,0x19FE3FBF,0x00028102,802003,0x8303,0x0115,100,13090,0000,-,00,00,11,12,12,-,01,01,0.0,0.0,24,24,562,562,-23.270337,-23.270337,-51.167822,-51.167822,0724,0006,C4A7,07A5CC17,6.0,685.2,685.2,0:10:36,87:34:01,-,-,0,-,,,,,04,3,00000000,00,10,,
2025-10-17 20:50:03,2025-10-17 20:50:03,2025-10-17 20:50:01,2025-10-17 20:50:01,867488068342780,25336,GTERI,0x19FE3FBF,0x00028102,802003,0x8303,0x0115,100,13067,0000,-,00,00,11,12,12,-,01,01,0.0,0.0,24,24,562,562,-23.270337,-23.270337,-51.167822,-51.167822,0724,0006,C4A7,07A5CC17,6.0,685.2,685.2,0:10:36,87:34:01,-,-,0,-,,,,,04,3,00000000,00,10,,
2025-10-17 20:49:26,,,,867488068342780,25335,HBD
2025-10-17 20:47:03,2025-10-17 20:47:03,2025-10-17 20:47:01,2025-10-17 20:47:01,867488068342780,25334,GTERI,0x19FE3FBF,0x00028102,802003,0x8303,0x0115,100,12977,0000,-,00,00,11,12,12,-,01,01,0.0,0.0,24,24,562,562,-23.270337,-23.270337,-51.167822,-51.167822,0724,0006,C4A7,07A5CC17,6.0,685.2,685.2,0:10:36,87:34:01,-,-,0,-,,,,,04,3,00000000,00,10,,
2025-10-17 20:47:03,,,,867488068342780,25333,HBD
2025-10-17 20:46:08,2025-10-17 20:46:09,2025-10-17 20:46:08,2025-10-17 20:46:08,867488068342780,25332,GTSTT,0x19FE7FBF,,802003,0x8303,0x0115,100,13236,0000,0000,00,00,11,12,12,-,01,01,0.0,0.0,24,24,562,562,-23.270337,-23.270337,-51.167822,-51.167822,0724,0006,C4A7,07A5CC17,6.0,685.2,685.2,0:10:36,87:34:01,-,-,0,-
2025-10-17 20:45:37,,,,867488068342780,25331,ACK
2025-10-17 20:45:37,,,,867488068342780,25330,ACK
2025-10-17 20:45:35,2025-10-17 20:45:36,2025-10-17 20:45:35,2025-10-17 20:45:35,867488068342780,25329,GTIGL,0x19FE7FBF,,802003,0x8303,0x0115,100,13461,0000,0000,00,00,12,12,12,-,01,01,0.0,0.0,24,24,562,562,-23.270337,-23.270337,-51.167822,-51.167822,0724,0006,C4A7,07A5CC17,6.0,685.2,685.2,0:10:36,87:34:01,-,-,0,-,,,,,,,,,01
2025-10-17 20:45:34,2025-10-17 20:45:35,2025-10-17 20:45:33,2025-10-17 20:45:33,867488068342780,25328,GTSTT,0x19FE7FBF,,802003,0x8303,0x0115,100,13461,0000,0000,00,00,12,12,12,-,01,01,0.0,0.0,41,41,562,562,-23.270337,-23.270337,-51.167822,-51.167822,0724,0006,C4A7,07A5CC17,6.0,685.2,685.2,0:10:36,87:34:01,-,-,0,-
2025-10-17 20:45:34,2025-10-17 20:45:35,2025-10-17 20:45:33,2025-10-17 20:45:33,867488068342780,25327,GTIGF,0x19FE7FBF,,802003,0x8303,0x0115,100,13461,0000,0000,00,00,12,12,12,636,01,01,0.0,0.0,41,41,562,562,-23.270337,-23.270337,-51.167822,-51.167822,0724,0006,C4A7,07A5CC17,6.0,685.2,685.2,0:10:36,87:34:01,-,-,0,-
2025-10-17 20:45:26,,,,867488068342780,25326,HBD
2025-10-17 20:44:57,2025-10-17 20:44:57,2025-10-17 20:44:57,2025-10-17 20:44:33,867488068342780,25325,GTERI,0x19FE3FBF,0x00028102,802003,0x8303,0x0115,100,13714,0000,-,01,00,22,12,12,-,01,01,4.0,39.8,24,180,562,575,-23.270348,-23.268779,-51.167835,-51.167812,0724,0006,C4A7,07A5CC17,6.0,685.2,685.0,0:09:57,87:33:22,-,-,0,-,,,,,04,3,00000000,00,11,,
2025-10-17 20:44:26,2025-10-17 20:44:26,2025-10-17 20:44:26,2025-10-17 20:44:22,867488068342780,25324,GTERI,0x19FE3FBF,0x00028102,802003,0x8303,0x0115,100,13790,0000,-,01,00,22,12,12,-,01,01,25.6,31.6,206,274,584,584,-23.26816,-23.26806,-51.167801,-51.167552,0724,0006,C4A7,07A5BE15,5.7,684.9,684.9,0:09:27,87:32:52,-,-,0,-,,,,,04,3,00000000,00,11,,
2025-10-17 20:44:19,2025-10-17 20:44:19,2025-10-17 20:44:19,2025-10-17 20:44:19,867488068342780,25323,GTERI,0x19FE3FBF,0x00028102,802003,0x8303,0x0115,100,13790,0000,-,01,00,22,12,12,-,01,01,21.4,21.4,259,259,585,585,-23.26807,-23.26807,-51.167329,-51.167329,0724,0006,C4A7,07A5BC17,5.6,684.8,684.8,0:09:21,87:32:46,-,-,0,-,,,,,04,3,00000000,00,11,,
2025-10-17 20:44:16,2025-10-17 20:44:16,2025-10-17 20:44:16,2025-10-17 20:44:12,867488068342780,25322,GTERI,0x19FE3FBF,0x00028102,802003,0x8303,0x0115,100,13790,0000,-,01,00,22,12,12,-,01,01,23.2,27.7,197,145,582,582,-23.267986,-23.267741,-51.167205,-51.167241,0724,0006,C4A7,07A5BC17,5.6,684.8,684.8,0:09:18,87:32:43,-,-,0,-,,,,,04,3,00000000,00,11,,
2025-10-17 20:44:10,2025-10-17 20:44:10,2025-10-17 20:44:10,2025-10-17 20:44:04,867488068342780,25321,GTERI,0x19FE3FBF,0x00028102,802003,0x8303,0x0115,100,13972,0000,-,01,00,22,12,12,-,01,01,25.9,29.0,146,231,583,582,-23.267634,-23.267272,-51.167329,-51.167266,0724,0006,C4A7,07A5BC17,5.6,684.8,684.8,0:09:12,87:32:37,-,-,0,-,,,,,04,3,00000000,00,11,,
2025-10-17 20:44:03,2025-10-17 20:44:03,2025-10-17 20:44:01,2025-10-17 20:43:53,867488068342780,25320,GTERI,0x19FE3FBF,0x00028102,802003,0x8303,0x0115,100,13961,0000,-,01,00,22,12,12,-,01,01,24.4,38.0,201,179,580,576,-23.267126,-23.266583,-51.167111,-51.167076,0724,0006,C4A7,07A5BC17,5.5,684.7,684.7,0:09:03,87:32:28,-,-,0,-,,,,,04,3,00000000,00,10,,
2025-10-17 20:43:52,,,,867488068342780,25319,ACK
2025-10-17 20:43:52,2025-10-17 20:43:52,2025-10-17 20:43:52,2025-10-17 20:43:43,867488068342780,25318,GTSPD,0x19FE7FBF,,802003,0x8303,0x0115,100,13935,0000,0000,01,01,22,12,12,-,01,01,40.9,57.3,180,180,575,569,-23.266485,-23.265385,-51.167076,-51.167064,0724,0006,C4A7,07A5BC17,5.5,684.7,684.5,0:08:54,87:32:19,-,-,0,-,,,,,,,,,01
2025-10-17 20:43:43,,,,867488068342780,25317,ACK
2025-10-17 20:43:33,,,,867488068342780,25316,ACK
2025-10-17 20:43:29,2025-10-17 20:43:29,2025-10-17 20:43:29,2025-10-17 20:43:29,867488068342780,25315,GTSPD,0x19FE7FBF,,802003,0x8303,0x0115,100,13961,0000,0000,01,00,22,12,12,-,01,01,46.6,46.6,180,180,578,578,-23.26351,-23.26351,-51.167058,-51.167058,0724,0006,C4A7,07A5BC17,5.1,684.3,684.3,0:08:30,87:31:55,-,-,0,-,,,,,,,,,00
2025-10-17 20:43:10,2025-10-17 20:43:11,2025-10-17 20:43:10,2025-10-17 20:43:00,867488068342780,25314,GTERI,0x19FE3FBF,0x00028102,802003,0x8303,0x0115,100,13965,0000,-,01,00,22,12,12,-,01,01,14.3,36.2,215,268,583,581,-23.262633,-23.262568,-51.167064,-51.166501,0724,0006,C4A7,07A5BC17,5.0,684.2,684.2,0:08:12,87:31:37,-,-,0,-,,,,,04,3,00000000,00,11,,
2025-10-17 20:43:02,,,,867488068342780,25313,ACK
2025-10-17 20:42:59,2025-10-17 20:43:00,2025-10-17 20:42:59,2025-10-17 20:42:54,867488068342780,25312,GTSPD,0x19FE7FBF,,802003,0x8303,0x0115,100,13898,0000,0000,01,00,22,12,12,-,01,01,40.4,51.7,269,270,580,579,-23.262564,-23.262566,-51.166399,-51.165775,0724,0006,C4A7,07A5BC17,5.0,684.2,684.1,0:08:00,87:31:25,-,-,0,-,,,,,,,,,01
2025-10-17 20:42:59,,,,867488068342780,25311,HBD
2025-10-17 20:42:52,,,,867488068342780,25310,ACK
2025-10-17 20:42:49,2025-10-17 20:42:50,2025-10-17 20:42:49,2025-10-17 20:42:49,867488068342780,25309,GTSPD,0x19FE7FBF,,802003,0x8303,0x0115,100,13985,0000,0000,01,00,22,12,12,-,01,01,46.2,46.2,268,268,577,577,-23.262566,-23.262566,-51.165095,-51.165095,0724,0006,C4A7,07A5BC17,4.8,684.0,684.0,0:07:51,87:31:16,-,-,0,-,,,,,,,,,00
2025-10-17 20:42:42,,,,867488068342780,25308,ACK
2025-10-17 20:42:40,2025-10-17 20:42:41,2025-10-17 20:42:40,2025-10-17 20:42:36,867488068342780,25307,GTSPD,0x19FE7FBF,,802003,0x8303,0x0115,100,13985,0000,0000,01,00,22,12,12,-,01,01,43.2,50.9,270,268,573,571,-23.262567,-23.262567,-51.164026,-51.163513,0724,0006,C4A7,07A5BC16,4.7,683.9,683.9,0:07:42,87:31:07,-,-,0,-,,,,,,,,,01
2025-10-17 20:42:32,,,,867488068342780,25306,ACK
2025-10-17 20:42:30,2025-10-17 20:42:31,2025-10-17 20:42:30,2025-10-17 20:42:29,867488068342780,25305,GTSPD,0x19FE7FBF,,802003,0x8303,0x0115,100,13968,0000,0000,01,00,22,12,12,-,01,01,47.2,47.6,270,269,567,566,-23.262572,-23.262572,-51.162709,-51.162581,0724,0006,C4A7,07A5BC16,4.6,683.8,683.8,0:07:33,87:30:58,-,-,0,-,,,,,,,,,00
2025-10-17 20:42:22,,,,867488068342780,25304,ACK
2025-10-17 20:42:21,,,,25303,GTHBE
2025-10-17 20:42:20,2025-10-17 20:42:21,2025-10-17 20:42:20,2025-10-17 20:42:13,867488068342780,25302,GTSPD,0x19FE7FBF,,802003,0x8303,0x0115,100,13934,0000,0000,01,01,22,12,12,-,01,01,33.0,61.3,269,269,566,571,-23.262569,-23.262564,-51.161808,-51.160837,0724,0006,C4A7,07A5BC16,4.5,683.7,683.6,0:07:21,87:30:46,-,-,0,-,,,,,,,,,01
2025-10-17 20:42:08,,,,867488068342780,25301,ACK
2025-10-17 20:41:59,2025-10-17 20:42:00,2025-10-17 20:41:59,2025-10-17 20:41:59,867488068342780,25300,GTERI,0x19FE3FBF,0x00028102,802003,0x8303,0x0115,100,13946,0000,-,01,00,22,12,12,-,01,01,53.1,53.1,267,267,588,588,-23.262548,-23.262548,-51.158609,-51.158609,0724,0006,C4A7,07A5BC16,4.2,683.4,683.4,0:07:00,87:30:25,-,-,0,-,,,,,04,3,00000000,00,11,,
2025-10-17 20:41:58,,,,867488068342780,25299,ACK
2025-10-17 20:41:54,2025-10-17 20:41:55,2025-10-17 20:41:54,2025-10-17 20:41:54,867488068342780,25298,GTSPD,0x19FE7FBF,,802003,0x8303,0x0115,100,13913,0000,0000,01,00,22,12,12,-,01,01,48.9,48.9,258,258,591,591,-23.26247,-23.26247,-51.157912,-51.157912,0724,0006,C4A7,07A5BC16,4.1,683.3,683.3,0:06:54,87:30:19,-,-,0,-,,,,,,,,,00
2025-10-17 20:41:44,2025-10-17 20:41:45,2025-10-17 20:41:44,2025-10-17 20:41:42,867488068342780,25297,GTERI,0x19FE3FBF,0x00028102,802003,0x8303,0x0115,100,13796,0000,-,01,00,22,12,12,-,01,01,28.6,34.9,221,178,587,587,-23.262254,-23.262116,-51.156933,-51.15687,0724,0006,C4A7,07A72915,4.0,683.2,683.2,0:06:45,87:30:10,-,-,0,-,,,,,04,3,00000000,00,11,,
2025-10-17 20:41:43,,,,867488068342780,25296,ACK
2025-10-17 20:41:41,2025-10-17 20:41:42,2025-10-17 20:41:41,2025-10-17 20:41:31,867488068342780,25295,GTSPD,0x19FE7FBF,,802003,0x8303,0x0115,100,14005,0000,0000,01,01,22,12,12,-,01,01,39.6,58.8,169,167,587,588,-23.262026,-23.260723,-51.156879,-51.157158,0724,0006,C4A7,07A72915,4.0,683.2,683.0,0:06:42,87:30:07,-,-,0,-,,,,,,,,,01
2025-10-17 20:41:33,,,,867488068342780,25294,ACK
2025-10-17 20:41:22,,,,867488068342780,25293,ACK
2025-10-17 20:41:22,2025-10-17 20:41:23,2025-10-17 20:41:22,2025-10-17 20:41:21,867488068342780,25292,GTSPD,0x19FE7FBF,,802003,0x8303,0x0115,100,14052,0000,0000,01,00,22,12,12,-,01,01,45.1,45.8,169,168,588,587,-23.259557,-23.259446,-51.157426,-51.15745,0724,0006,C4A7,07A72915,3.7,682.9,682.9,0:06:24,87:29:49,-,-,0,-,,,,,,,,,00
2025-10-17 20:41:10,2025-10-17 20:41:10,2025-10-17 20:41:10,2025-10-17 20:41:10,867488068342780,25291,GTERI,0x19FE3FBF,0x00028102,802003,0x8303,0x0115,100,14074,0000,-,01,00,22,12,12,-,01,01,20.5,20.5,169,169,588,588,-23.258701,-23.258701,-51.157882,-51.157882,0724,0006,C4A7,07A57D0D,3.6,682.8,682.8,0:06:12,87:29:37,-,-,0,-,,,,,04,1,00000000,00,11,,
2025-10-17 20:41:06,2025-10-17 20:41:06,2025-10-17 20:41:06,2025-10-17 20:41:03,867488068342780,25290,GTERI,0x19FE3FBF,0x00028102,802003,0x8303,0x0115,100,13989,0000,-,01,00,22,12,12,-,01,01,16.1,16.2,214,242,587,587,-23.258522,-23.25845,-51.157848,-51.157764,0724,0006,C4A7,07A72915,3.6,682.8,682.7,0:06:06,87:29:31,-,-,0,-,,,,,04,3,00000000,00,11,,
2025-10-17 20:41:03,2025-10-17 20:41:03,2025-10-17 20:41:01,2025-10-17 20:41:01,867488068342780,25289,GTERI,0x19FE3FBF,0x00028102,802003,0x8303,0x0115,100,14049,0000,-,01,00,22,12,12,-,01,01,24.1,24.1,265,265,586,586,-23.258419,-23.258419,-51.157662,-51.157662,0724,0006,C4A7,07A72915,3.5,682.7,682.7,0:06:03,87:29:28,-,-,0,-,,,,,04,3,00000000,00,10,,
2025-10-17 20:41:00,2025-10-17 20:41:00,2025-10-17 20:41:00,2025-10-17 20:40:59,867488068342780,25288,GTERI,0x19FE3FBF,0x00028102,802003,0x8303,0x0115,100,13957,0000,-,01,00,22,12,12,-,01,01,24.8,26.4,280,295,586,587,-23.258422,-23.258441,-51.157596,-51.157528,0724,0006,C4A7,07A72915,3.5,682.7,682.7,0:06:00,87:29:25,-,-,0,-,,,,,04,3,00000000,00,11,,
2025-10-17 20:40:58,,,,25287,GTHBE
2025-10-17 20:40:58,,,,867488068342780,25286,HBD
2025-10-17 20:40:57,2025-10-17 20:40:57,2025-10-17 20:40:57,2025-10-17 20:40:57,867488068342780,25285,GTERI,0x19FE3FBF,0x00028102,802003,0x8303,0x0115,100,13943,0000,-,01,00,22,12,12,-,01,01,27.9,27.9,328,328,588,588,-23.258531,-23.258531,-51.157411,-51.157411,0724,0006,C4A7,07A5BC16,3.5,682.7,682.7,0:05:57,87:29:22,-,-,0,-,,,,,04,3,00000000,00,11,,
2025-10-17 20:40:52,2025-10-17 20:40:52,2025-10-17 20:40:52,2025-10-17 20:40:32,867488068342780,25284,GTERI,0x19FE3FBF,0x00028102,802003,0x8303,0x0115,100,13995,0000,-,01,00,22,12,12,-,01,01,20.2,34.2,27,344,589,588,-23.25885,-23.259304,-51.157421,-51.157379,0724,0006,C4A7,07A5BC16,3.5,682.7,682.6,0:05:54,87:29:19,-,-,0,-,,,,,04,3,00000000,00,11,,
2025-10-17 20:40:33,,,,867488068342780,25283,ACK
2025-10-17 20:40:31,2025-10-17 20:40:31,2025-10-17 20:40:31,2025-10-17 20:39:59,867488068342780,25282,GTSPD,0x19FE7FBF,,802003,0x8303,0x0115,100,14070,0000,0000,01,01,22,12,12,-,01,01,39.4,72.3,345,316,588,572,-23.25939,-23.263993,-51.157354,-51.15516,0724,0006,C4A7,07A72915,3.4,682.6,682.0,0:05:33,87:28:58,-,-,0,-,,,,,,,,,01
2025-10-17 20:39:39,2025-10-17 20:39:39,2025-10-17 20:39:39,2025-10-17 20:39:27,867488068342780,25281,GTERI,0x19FE3FBF,0x00028102,802003,0x8303,0x0115,100,14102,0000,-,01,01,22,12,12,-,01,01,66.2,67.8,332,312,559,541,-23.266965,-23.268564,-51.153292,-51.152017,0724,0006,C4A7,07A5CC15,2.5,681.7,681.4,0:04:39,87:28:04,-,-,0,-,,,,,04,3,00000000,00,11,,
2025-10-17 20:39:17,,,,867488068342780,25280,ACK
2025-10-17 20:39:07,2025-10-17 20:39:08,2025-10-17 20:39:07,2025-10-17 20:39:07,867488068342780,25279,GTSPD,0x19FE7FBF,,802003,0x8303,0x0115,100,14037,0000,0000,01,00,22,12,12,-,01,01,46.0,46.0,262,262,519,519,-23.26952,-23.26952,-51.148977,-51.148977,0724,0006,C4A7,07A7390D,1.9,681.1,681.1,0:04:09,87:27:34,-,-,0,-,,,,,,,,,00
2025-10-17 20:39:07,,,,867488068342780,25278,ACK
2025-10-17 20:39:04,2025-10-17 20:39:05,2025-10-17 20:39:04,2025-10-17 20:39:04,867488068342780,25277,GTERI,0x19FE3FBF,0x00028102,802003,0x8303,0x0115,100,14037,0000,-,01,00,22,12,12,-,01,01,44.0,44.0,287,287,517,517,-23.269522,-23.269522,-51.148611,-51.148611,0724,0006,C4A7,07A5CC0B,1.8,681.0,681.0,0:04:06,87:27:31,-,-,0,-,,,,,04,1,00000000,00,11,,
2025-10-17 20:39:03,,,,867488068342780,25276,ACK
2025-10-17 20:39:02,,,,867488068342780,25275,ACK
2025-10-17 20:39:02,,,,867488068342780,25274,ACK
2025-10-17 20:39:00,2025-10-17 20:39:01,2025-10-17 20:39:00,2025-10-17 20:39:00,867488068342780,25273,GTERI,0x19FE3FBF,0x00028102,802003,0x8303,0x0115,100,14037,0000,-,01,00,22,12,12,-,01,01,42.3,42.3,340,340,515,515,-23.269795,-23.269795,-51.148273,-51.148273,0724,0006,C4A7,07A7290C,1.8,681.0,681.0,0:04:03,87:27:28,-,-,0,-,,,,,04,1,00000000,00,11,,
2025-10-17 20:38:58,,,,867488068342780,25272,HBD
2025-10-17 20:38:57,2025-10-17 20:38:58,2025-10-17 20:38:57,2025-10-17 20:38:57,867488068342780,25271,GTSPD,0x19FE7FBF,,802003,0x8303,0x0115,100,14100,0000,0000,01,01,22,12,12,-,01,01,42.6,42.6,19,19,513,513,-23.270104,-23.270104,-51.148257,-51.148257,0724,0006,C4A7,07A7290C,1.8,681.0,681.0,0:04:00,87:27:25,-,-,0,-,,,,,,,,,01
2025-10-17 20:38:57,,,,867488068342780,25270,ACK
2025-10-17 20:38:57,,,,25269,GTHBE
2025-10-17 20:38:47,2025-10-17 20:38:48,2025-10-17 20:38:47,2025-10-17 20:38:40,867488068342780,25268,GTERI,0x19FE3FBF,0x00028102,802003,0x8303,0x0115,100,14002,0000,-,01,01,22,12,12,-,01,01,59.4,75.8,35,355,505,506,-23.271116,-23.272213,-51.149207,-51.149365,0724,0006,C4A7,07A7390D,1.6,680.8,680.7,0:03:48,87:27:13,-,-,0,-,,,,,04,1,00000000,00,11,,
2025-10-17 20:38:37,,,,867488068342780,25267,ACK
2025-10-17 20:38:27,,,,867488068342780,25266,ACK
2025-10-17 20:38:26,2025-10-17 20:38:27,2025-10-17 20:38:26,2025-10-17 20:38:26,867488068342780,25265,GTSPD,0x19FE7FBF,,802003,0x8303,0x0115,100,14046,0000,0000,01,00,22,12,12,-,01,01,49.3,49.3,355,355,524,524,-23.274517,-23.274517,-51.149194,-51.149194,0724,0006,C4A7,07A7390D,1.2,680.4,680.4,0:03:27,87:26:52,-,-,0,-,,,,,,,,,00
2025-10-17 20:38:19,2025-10-17 20:38:20,2025-10-17 20:38:19,2025-10-17 20:38:12,867488068342780,25264,GTERI,0x19FE3FBF,0x00028102,802003,0x8303,0x0115,100,14046,0000,-,01,00,22,12,12,-,01,01,23.2,35.8,342,263,527,524,-23.275197,-23.275251,-51.149167,-51.148704,0724,0006,C4A7,07A7390D,1.2,680.4,680.3,0:03:21,87:26:46,-,-,0,-,,,,,04,1,00000000,00,11,,
2025-10-17 20:38:03,2025-10-17 20:38:03,2025-10-17 20:38:01,2025-10-17 20:37:23,867488068342780,25263,GTERI,0x19FE3FBF,0x00028102,802003,0x8303,0x0115,100,13894,0000,-,01,00,22,12,12,-,01,01,26.2,37.6,293,299,524,521,-23.275285,-23.276537,-51.147961,-51.145518,0724,0006,C4A7,07A7390D,1.0,680.2,680.0,0:03:03,87:26:28,-,-,0,-,,,,,04,1,00000000,00,10,,
2025-10-17 20:37:05,,,,25262,GTHBE
2025-10-17 20:37:05,,,,867488068342780,25261,HBD
2025-10-17 20:36:36,2025-10-17 20:36:36,2025-10-17 20:36:36,2025-10-17 20:36:36,867488068342780,25260,GTERI,0x19FE3FBF,0x00028102,802003,0x8303,0x0115,100,14090,0000,-,01,00,22,12,12,-,01,01,14.5,14.5,340,340,535,535,-23.279141,-23.279141,-51.144315,-51.144315,0724,0006,C4A7,07A7390C,0.4,679.6,679.6,0:01:36,87:25:01,-,-,0,-,,,,,04,1,00000000,00,11,,
2025-10-17 20:36:32,2025-10-17 20:36:32,2025-10-17 20:36:32,2025-10-17 20:36:23,867488068342780,25259,GTERI,0x19FE3FBF,0x00028102,802003,0x8303,0x0115,100,13826,0000,-,01,00,22,12,12,-,01,01,9.4,35.5,288,272,535,533,-23.279209,-23.279236,-51.144251,-51.14359,0724,0006,C4A7,07A7390C,0.4,679.6,679.5,0:01:33,87:24:58,-,-,0,-,,,,,04,1,00000000,00,11,,
2025-10-17 20:35:35,,,,25258,GTHBE
2025-10-17 20:35:15,2025-10-17 20:35:15,2025-10-17 20:35:15,2025-10-17 20:35:15,867488068342780,25257,GTERI,0x19FE3FBF,0x00028102,802003,0x8303,0x0115,100,13959,0000,-,01,00,22,12,12,-,01,01,13.5,13.5,237,237,529,529,-23.278392,-23.278392,-51.14086,-51.14086,0724,0006,C4A7,07A54F01,0.0,679.2,679.2,0:00:15,87:23:40,-,-,0,-,,,,,04,7,00000000,00,11,,
2025-10-17 20:35:12,2025-10-17 20:35:13,2025-10-17 20:35:12,2025-10-17 20:35:12,867488068342780,25256,GTERI,0x19FE3FBF,0x00028102,802003,0x8303,0x0115,100,14112,0000,-,01,00,22,12,12,-,01,01,3.9,3.9,178,178,526,526,-23.278335,-23.278335,-51.140805,-51.140805,0724,0006,C4A7,07A54F01,0.0,679.2,679.2,0:00:15,87:23:40,-,-,0,-,,,,,04,7,00000000,00,11,,
2025-10-17 20:35:07,2025-10-17 20:35:07,2025-10-17 20:35:07,2025-10-17 20:35:07,867488068342780,25255,GTIGL,0x19FE7FBF,,802003,0x8303,0x0115,100,13956,0000,0000,01,00,22,12,12,-,01,01,0.8,0.8,79,79,516,516,-23.278236,-23.278236,-51.140715,-51.140715,0724,0006,C4A7,07A54F01,0.0,679.2,679.2,0:00:09,87:23:34,-,-,0,-,,,,,,,,,00
2025-10-17 20:35:07,2025-10-17 20:35:07,2025-10-17 20:35:07,2025-10-17 20:35:07,867488068342780,25254,GTERI,0x19FE3FBF,0x00028102,802003,0x8303,0x0115,100,13956,0000,-,01,00,22,12,12,-,01,01,0.8,0.8,79,79,516,516,-23.278236,-23.278236,-51.140715,-51.140715,0724,0006,C4A7,07A54F01,0.0,679.2,679.2,0:00:09,87:23:34,-,-,0,-,,,,,04,7,00000000,00,10,,
2025-10-17 20:34:58,2025-10-17 20:34:58,2025-10-17 19:47:40,2025-10-17 19:47:40,867488068342780,25253,GTSTT,0x19FE7FBF,,802003,0x8303,0x0115,100,12343,0000,0000,01,00,22,12,12,-,00,00,0.0,0.0,79,79,541,541,-23.278391,-23.278391,-51.14077,-51.14077,0724,0006,C4A7,07A54F01,0.0,679.2,679.2,0:00:00,87:23:25,-,-,0,-
2025-10-17 20:34:57,2025-10-17 20:34:58,2025-10-17 19:47:40,2025-10-17 19:47:40,867488068342780,25252,GTIGN,0x19FE7FBF,,802003,0x8303,0x0115,100,12343,0000,0000,01,00,22,12,12,6586,00,01,0.0,0.0,79,79,541,541,-23.278391,-23.278391,-51.14077,-51.14077,0724,0006,C4A7,07A54F01,0.0,679.2,679.2,0:00:00,87:23:25,-,-,0,-
2025-10-17 20:34:57,,,,867488068342780,25251,HBD
2025-10-17 20:05:48,2025-10-17 20:05:42,2025-10-17 19:47:40,2025-10-17 19:47:40,867488068342780,25250,GTPDP,0x19FE7FBF,,802003,0x8303,0x0115,100,13011,0000,0000,00,00,11,12,12,-,00,00,0.0,0.0,79,79,541,541,-23.278391,-23.278391,-51.14077,-51.14077,0000,0000,0000,00000000,5.3,679.2,679.2,0:12:09,87:23:25,-,-,0,-
2025-10-17 19:54:18,2025-10-17 19:53:38,2025-10-17 19:47:40,2025-10-17 19:47:40,867488068342780,25249,GTPDP,0x19FE7FBF,,802003,0x8303,0x0115,100,13035,0000,0000,00,00,11,12,12,-,00,00,0.0,0.0,79,79,541,541,-23.278391,-23.278391,-51.14077,-51.14077,0000,0000,0000,00000000,5.3,679.2,679.2,0:12:09,87:23:25,-,-,0,-
2025-10-17 19:50:07,2025-10-17 19:50:07,2025-10-17 19:47:40,2025-10-17 19:47:40,867488068342780,25248,GTERI,0x19FE3FBF,0x00028102,802003,0x8303,0x0115,100,12937,0000,-,00,00,11,12,12,-,01,01,0.0,0.0,79,79,541,541,-23.278391,-23.278391,-51.14077,-51.14077,0724,0006,C4A7,07A54F01,5.3,679.2,679.2,0:12:09,87:23:25,-,-,0,-,,,,,04,7,00000000,00,10,,
2025-10-17 18:50:12,2025-10-17 18:50:12,2025-10-17 18:50:12,2025-10-17 18:50:12,867488068342780,25247,GTERI,0x19FE3FBF,0x00028102,802003,0x8303,0x0115,100,13033,0000,-,00,00,11,12,12,-,01,01,0.0,0.0,79,79,541,541,-23.278391,-23.278391,-51.14077,-51.14077,0724,0006,C4A7,07A54F01,5.3,679.2,679.2,0:12:09,87:23:25,-,-,0,-,,,,,04,7,00000000,00,10,,
2025-10-17 18:49:08,,,,867488068342780,25246,HBD
2025-10-17 18:48:05,2025-10-17 18:48:06,2025-10-17 18:48:04,2025-10-17 18:48:04,867488068342780,25245,GTERI,0x19FE3FBF,0x00028102,802003,0x8303,0x0115,100,13034,0000,-,00,00,11,12,12,-,01,01,0.0,0.0,79,79,541,541,-23.278391,-23.278391,-51.14077,-51.14077,0724,0006,C4A7,07A54F01,5.3,679.2,679.2,0:12:09,87:23:25,-,-,0,-,,,,,04,7,00000000,00,10,,
2025-10-17 18:47:08,,,,867488068342780,25244,HBD
2025-10-17 18:46:23,2025-10-17 18:46:23,2025-10-17 18:46:22,2025-10-17 18:46:22,867488068342780,25243,GTSTT,0x19FE7FBF,,802003,0x8303,0x0115,100,12978,0000,0000,00,00,11,12,12,-,01,01,0.0,0.0,79,79,541,541,-23.278391,-23.278391,-51.14077,-51.14077,0724,0006,C4A7,07A54F01,5.3,679.2,679.2,0:12:09,87:23:25,-,-,0,-
2025-10-17 18:45:14,,,,867488068342780,25242,ACK
2025-10-17 18:45:14,,,,867488068342780,25241,ACK
2025-10-17 18:45:12,2025-10-17 18:45:13,2025-10-17 18:45:12,2025-10-17 18:45:12,867488068342780,25240,GTIGL,0x19FE7FBF,,802003,0x8303,0x0115,100,13163,0000,0000,00,00,12,12,12,-,01,01,0.0,0.0,79,79,541,541,-23.278391,-23.278391,-51.14077,-51.14077,0724,0006,C4A7,07A73915,5.3,679.2,679.2,0:12:09,87:23:25,-,-,0,-,,,,,,,,,01
2025-10-17 18:45:12,2025-10-17 18:45:12,2025-10-17 18:45:11,2025-10-17 18:45:11,867488068342780,25239,GTSTT,0x19FE7FBF,,802003,0x8303,0x0115,100,13163,0000,0000,00,00,12,12,12,-,01,01,0.0,0.0,79,79,541,541,-23.278391,-23.278391,-51.14077,-51.14077,0724,0006,C4A7,07A73915,5.3,679.2,679.2,0:12:09,87:23:25,-,-,0,-
2025-10-17 18:45:11,2025-10-17 18:45:12,2025-10-17 18:45:11,2025-10-17 18:45:11,867488068342780,25238,GTIGF,0x19FE7FBF,,802003,0x8303,0x0115,100,13163,0000,0000,00,00,12,12,12,732,01,01,0.0,0.0,79,79,541,541,-23.278391,-23.278391,-51.14077,-51.14077,0724,0006,C4A7,07A73915,5.3,679.2,679.2,0:12:09,87:23:25,-,-,0,-
2025-10-17 18:45:06,2025-10-17 18:45:06,2025-10-17 18:45:04,2025-10-17 18:44:51,867488068342780,25237,GTERI,0x19FE3FBF,0x00028102,802003,0x8303,0x0115,100,13494,0000,-,01,00,22,12,12,-,01,01,0.0,6.0,79,63,541,540,-23.278391,-23.278422,-51.14077,-51.140799,0724,0006,C4A7,07A73915,5.3,679.2,679.2,0:12:03,87:23:19,-,-,0,-,,,,,04,3,00000000,00,10,,
2025-10-17 18:45:05,,,,867488068342780,25236,HBD
2025-10-17 18:44:50,2025-10-17 18:44:51,2025-10-17 18:44:50,2025-10-17 18:44:50,867488068342780,25235,GTERI,0x19FE3FBF,0x00028102,802003,0x8303,0x0115,100,13470,0000,-,01,00,22,12,12,-,01,01,5.5,5.5,79,79,540,540,-23.278429,-23.278429,-51.140813,-51.140813,0724,0006,C4A7,07A73915,5.3,679.2,679.2,0:11:48,87:23:04,-,-,0,-,,,,,04,3,00000000,00,11,,
2025-10-17 18:44:47,,,,25234,GTHBE
2025-10-17 18:44:46,2025-10-17 18:44:47,2025-10-17 18:44:46,2025-10-17 18:44:40,867488068342780,25233,GTERI,0x19FE3FBF,0x00028102,802003,0x8303,0x0115,100,13616,0000,-,01,00,22,12,12,-,01,01,9.2,27.1,244,251,540,542,-23.278429,-23.278327,-51.140813,-51.140524,0724,0006,C4A7,07A73915,5.3,679.2,679.2,0:11:45,87:23:01,-,-,0,-,,,,,04,3,00000000,00,11,,
2025-10-17 18:44:35,2025-10-17 18:44:36,2025-10-17 18:44:35,2025-10-17 18:44:35,867488068342780,25232,GTERI,0x19FE3FBF,0x00028102,802003,0x8303,0x0115,100,13561,0000,-,01,00,22,12,12,-,01,01,11.7,11.7,291,291,543,543,-23.278276,-23.278276,-51.140238,-51.140238,0724,0006,C4A7,07A74315,5.3,679.2,679.2,0:11:33,87:22:49,-,-,0,-,,,,,04,3,00000000,00,11,,
2025-10-17 18:44:33,2025-10-17 18:44:34,2025-10-17 18:44:33,2025-10-17 18:44:17,867488068342780,25231,GTERI,0x19FE3FBF,0x00028102,802003,0x8303,0x0115,100,13561,0000,-,01,00,22,12,12,-,01,01,7.1,35.7,348,52,543,540,-23.2783,-23.278715,-51.140196,-51.14108,0724,0006,C4A7,07A73915,5.3,679.2,679.1,0:11:33,87:22:49,-,-,0,-,,,,,04,3,00000000,00,11,,
2025-10-17 18:44:11,2025-10-17 18:44:12,2025-10-17 18:44:11,2025-10-17 18:44:11,867488068342780,25230,GTERI,0x19FE3FBF,0x00028102,802003,0x8303,0x0115,100,13592,0000,-,01,00,22,12,12,-,01,01,24.7,24.7,55,55,539,539,-23.279009,-23.279009,-51.141459,-51.141459,0724,0006,C4A7,07A73916,5.1,679.0,679.0,0:11:09,87:22:25,-,-,0,-,,,,,04,3,00000000,00,11,,
2025-10-17 18:44:09,,,,25229,GTHBE
2025-10-17 18:44:09,2025-10-17 18:44:10,2025-10-17 18:44:09,2025-10-17 18:43:26,867488068342780,25228,GTERI,0x19FE3FBF,0x00028102,802003,0x8303,0x0115,100,13592,0000,-,01,00,22,12,12,-,01,01,17.1,42.0,101,180,539,526,-23.279047,-23.276013,-51.141561,-51.141644,0724,0006,C4A7,07A54F15,5.1,679.0,678.7,0:11:09,87:22:25,-,-,0,-,,,,,04,3,00000000,00,11,,
2025-10-17 18:43:12,2025-10-17 18:43:13,2025-10-17 18:43:12,2025-10-17 18:43:12,867488068342780,25227,GTERI,0x19FE3FBF,0x00028102,802003,0x8303,0x0115,100,13654,0000,-,01,00,22,12,12,-,01,01,27.7,27.7,179,179,516,516,-23.274713,-23.274713,-51.141652,-51.141652,0724,0006,C4A7,07A73915,4.6,678.5,678.5,0:10:12,87:21:28,-,-,0,-,,,,,04,3,00000000,00,11,,
2025-10-17 18:43:09,2025-10-17 18:43:10,2025-10-17 18:43:09,2025-10-17 18:43:05,867488068342780,25226,GTERI,0x19FE3FBF,0x00028102,802003,0x8303,0x0115,100,13620,0000,-,01,00,22,12,12,-,01,01,18.9,29.0,134,91,515,513,-23.274548,-23.274503,-51.141689,-51.141918,0724,0006,C4A7,07A73915,4.6,678.5,678.5,0:10:09,87:21:25,-,-,0,-,,,,,04,3,00000000,00,11,,
2025-10-17 18:43:07,,,,867488068342780,25225,HBD
2025-10-17 18:42:59,2025-10-17 18:43:00,2025-10-17 18:42:59,2025-10-17 18:42:49,867488068342780,25224,GTERI,0x19FE3FBF,0x00028102,802003,0x8303,0x0115,100,13635,0000,-,01,00,22,12,12,-,01,01,24.8,29.1,88,147,507,501,-23.274496,-23.274253,-51.142347,-51.142746,0724,0006,C4A7,07A73915,4.5,678.4,678.4,0:09:57,87:21:13,-,-,0,-,,,,,04,3,00000000,00,11,,
2025-10-17 18:42:48,2025-10-17 18:42:49,2025-10-17 18:42:48,2025-10-17 18:42:46,867488068342780,25223,GTSPD,0x19FE7FBF,,802003,0x8303,0x0115,100,13638,0000,0000,01,00,22,12,12,-,01,01,36.2,45.7,147,145,500,498,-23.274187,-23.274016,-51.142792,-51.142909,0724,0006,C4A7,07A73915,4.5,678.4,678.4,0:09:48,87:21:04,-,-,0,-,,,,,,,,,01
2025-10-17 18:42:45,2025-10-17 18:42:46,2025-10-17 18:42:45,2025-10-17 18:42:45,867488068342780,25222,GTSPD,0x19FE7FBF,,802003,0x8303,0x0115,100,13638,0000,0000,01,00,22,12,12,-,01,01,47.0,47.0,147,147,498,498,-23.27392,-23.27392,-51.142979,-51.142979,0724,0006,C4A7,07A73915,4.4,678.3,678.3,0:09:45,87:21:01,-,-,0,-,,,,,,,,,00
2025-10-17 18:42:40,2025-10-17 18:42:41,2025-10-17 18:42:40,2025-10-17 18:42:35,867488068342780,25221,GTERI,0x19FE3FBF,0x00028102,802003,0x8303,0x0115,100,13474,0000,-,01,00,22,12,12,-,01,01,25.1,34.7,134,75,502,502,-23.273512,-23.273547,-51.143279,-51.143588,0724,0006,C4A7,07A73915,4.4,678.3,678.3,0:09:39,87:20:55,-,-,0,-,,,,,04,3,00000000,00,11,,
2025-10-17 18:42:34,2025-10-17 18:42:35,2025-10-17 18:42:34,2025-10-17 18:42:32,867488068342780,25220,GTERI,0x19FE3FBF,0x00028102,802003,0x8303,0x0115,100,13528,0000,-,01,00,22,12,12,-,01,01,39.2,41.7,84,90,502,502,-23.273565,-23.273571,-51.143685,-51.143905,0724,0006,C4A7,07A73915,4.3,678.2,678.2,0:09:33,87:20:49,-,-,0,-,,,,,04,3,00000000,00,11,,
2025-10-17 18:42:24,,,,867488068342780,25219,ACK
2025-10-17 18:42:22,2025-10-17 18:42:23,2025-10-17 18:42:22,2025-10-17 18:42:20,867488068342780,25218,GTSPD,0x19FE7FBF,,802003,0x8303,0x0115,100,13684,0000,0000,01,00,22,12,12,-,01,01,42.7,45.4,132,131,504,503,-23.273196,-23.273049,-51.144859,-51.145035,0724,0006,C4A7,07A73915,4.2,678.1,678.1,0:09:21,87:20:37,-,-,0,-,,,,,,,,,01
2025-10-17 18:42:19,2025-10-17 18:42:20,2025-10-17 18:42:19,2025-10-17 18:42:19,867488068342780,25217,GTSPD,0x19FE7FBF,,802003,0x8303,0x0115,100,13623,0000,0000,01,00,22,12,12,-,01,01,46.0,46.0,131,131,503,503,-23.272974,-23.272974,-51.145127,-51.145127,0724,0006,C4A7,07A73915,4.2,678.1,678.1,0:09:18,87:20:34,-,-,0,-,,,,,,,,,00
2025-10-17 18:42:19,,,,867488068342780,25216,ACK
2025-10-17 18:42:14,,,,867488068342780,25215,ACK
2025-10-17 18:42:10,2025-10-17 18:42:11,2025-10-17 18:42:10,2025-10-17 18:42:08,867488068342780,25214,GTSPD,0x19FE7FBF,,802003,0x8303,0x0115,100,13631,0000,0000,01,00,22,12,12,-,01,01,42.9,46.4,131,132,502,502,-23.272322,-23.272173,-51.145897,-51.146078,0724,0006,C4A7,07A73915,4.0,678.0,677.9,0:09:09,87:20:25,-,-,0,-,,,,,,,,,01
2025-10-17 18:42:05,2025-10-17 18:42:06,2025-10-17 18:42:04,2025-10-17 18:42:05,867488068342780,25213,GTERI,0x19FE3FBF,0x00028102,802003,0x8303,0x0115,100,13688,0000,-,01,00,22,12,12,-,01,01,46.0,45.8,131,131,503,503,-23.27186,-23.271936,-51.146451,-51.146357,0724,0006,C4A7,07A73915,4.0,677.9,677.9,0:09:03,87:20:19,-,-,0,-,,,,,04,3,00000000,00,10,,
2025-10-17 18:42:04,2025-10-17 18:42:05,2025-10-17 18:42:04,2025-10-17 18:42:04,867488068342780,25212,GTSPD,0x19FE7FBF,,802003,0x8303,0x0115,100,13688,0000,0000,01,00,22,12,12,-,01,01,46.0,46.0,131,131,503,503,-23.27186,-23.27186,-51.146451,-51.146451,0724,0006,C4A7,07A73915,4.0,677.9,677.9,0:09:03,87:20:19,-,-,0,-,,,,,,,,,00
2025-10-17 18:42:04,,,,867488068342780,25211,ACK
2025-10-17 18:42:02,2025-10-17 18:42:03,2025-10-17 18:42:02,2025-10-17 18:42:02,867488068342780,25210,GTERI,0x19FE3FBF,0x00028102,802003,0x8303,0x0115,100,13632,0000,-,01,00,22,12,12,-,01,01,44.8,44.8,133,133,503,503,-23.271708,-23.271708,-51.146636,-51.146636,0724,0006,C4A7,07A73915,3.9,677.9,677.9,0:09:00,87:20:16,-,-,0,-,,,,,04,3,00000000,00,11,,
2025-10-17 18:42:01,,,,25209,GTHBE
2025-10-17 18:41:59,2025-10-17 18:42:00,2025-10-17 18:41:59,2025-10-17 18:41:55,867488068342780,25208,GTSPD,0x19FE7FBF,,802003,0x8303,0x0115,100,13632,0000,0000,01,00,22,12,12,-,01,01,43.6,49.9,169,181,503,507,-23.271432,-23.270965,-51.146827,-51.146844,0724,0006,C4A7,07A73915,3.9,677.8,677.8,0:08:57,87:20:13,-,-,0,-,,,,,,,,,01
2025-10-17 18:41:59,,,,867488068342780,25207,ACK
2025-10-17 18:41:54,,,,867488068342780,25206,ACK
2025-10-17 18:41:43,,,,867488068342780,25205,ACK
2025-10-17 18:41:43,2025-10-17 18:41:44,2025-10-17 18:41:43,2025-10-17 18:41:43,867488068342780,25204,GTSPD,0x19FE7FBF,,802003,0x8303,0x0115,100,13665,0000,0000,01,00,22,12,12,-,01,01,46.1,46.1,181,181,514,514,-23.269535,-23.269535,-51.146835,-51.146835,0724,0006,C4A7,07A72916,3.7,677.6,677.6,0:08:42,87:19:58,-,-,0,-,,,,,,,,,00
2025-10-17 18:41:36,2025-10-17 18:41:37,2025-10-17 18:41:36,2025-10-17 18:41:36,867488068342780,25203,GTERI,0x19FE3FBF,0x00028102,802003,0x8303,0x0115,100,13718,0000,-,01,00,22,12,12,-,01,01,23.2,23.2,179,179,515,515,-23.268846,-23.268846,-51.146834,-51.146834,0724,0006,C4A7,07A72916,3.6,677.5,677.5,0:08:36,87:19:52,-,-,0,-,,,,,04,3,00000000,00,11,,
2025-10-17 18:41:33,2025-10-17 18:41:34,2025-10-17 18:41:33,2025-10-17 18:41:28,867488068342780,25202,GTERI,0x19FE3FBF,0x00028102,802003,0x8303,0x0115,100,13633,0000,-,01,00,22,12,12,-,01,01,15.5,34.2,123,71,517,513,-23.268728,-23.268741,-51.146872,-51.147185,0724,0006,C4A7,07A72916,3.6,677.5,677.5,0:08:33,87:19:49,-,-,0,-,,,,,04,3,00000000,00,11,,
2025-10-17 18:41:28,,,,867488068342780,25201,ACK
2025-10-17 18:41:27,2025-10-17 18:41:28,2025-10-17 18:41:27,2025-10-17 18:41:27,867488068342780,25200,GTERI,0x19FE3FBF,0x00028102,802003,0x8303,0x0115,100,13677,0000,-,01,00,22,12,12,-,01,01,36.7,36.7,68,68,511,511,-23.26877,-23.26877,-51.147275,-51.147275,0724,0006,C4A7,07A72916,3.6,677.5,677.5,0:08:27,87:19:43,-,-,0,-,,,,,04,3,00000000,00,11,,
2025-10-17 18:41:26,2025-10-17 18:41:27,2025-10-17 18:41:26,2025-10-17 18:41:24,867488068342780,25199,GTSPD,0x19FE7FBF,,802003,0x8303,0x0115,100,13677,0000,0000,01,00,22,12,12,-,01,01,39.4,45.3,65,57,511,509,-23.268806,-23.268904,-51.14737,-51.147571,0724,0006,C4A7,07A72916,3.6,677.5,677.5,0:08:24,87:19:40,-,-,0,-,,,,,,,,,01
2025-10-17 18:41:23,,,,867488068342780,25198,ACK
2025-10-17 18:41:23,2025-10-17 18:41:23,2025-10-17 18:41:23,2025-10-17 18:41:22,867488068342780,25197,GTSPD,0x19FE7FBF,,802003,0x8303,0x0115,100,13677,0000,0000,01,00,22,12,12,-,01,01,45.6,46.4,49,45,508,508,-23.26897,-23.269047,-51.147672,-51.147765,0724,0006,C4A7,07A72916,3.5,677.4,677.4,0:08:21,87:19:37,-,-,0,-,,,,,,,,,00
2025-10-17 18:41:09,2025-10-17 18:41:09,2025-10-17 18:41:09,2025-10-17 18:41:07,867488068342780,25196,GTERI,0x19FE3FBF,0x00028102,802003,0x8303,0x0115,100,13579,0000,-,01,00,22,12,12,-,01,01,35.9,36.1,22,38,512,510,-23.270136,-23.270293,-51.14825,-51.148348,0724,0006,C4A7,07A72916,3.4,677.3,677.3,0:08:09,87:19:25,-,-,0,-,,,,,04,3,00000000,00,11,,
2025-10-17 18:41:07,,,,867488068342780,25195,HBD
2025-10-17 18:40:55,2025-10-17 18:40:56,2025-10-17 18:40:55,2025-10-17 18:40:39,867488068342780,25194,GTERI,0x19FE3FBF,0x00028102,802003,0x8303,0x0115,100,13730,0000,-,01,00,22,12,12,-,01,01,11.7,27.9,73,123,503,504,-23.270874,-23.270814,-51.149091,-51.149384,0724,0006,C4A7,07A72916,3.3,677.2,677.1,0:07:54,87:19:10,-,-,0,-,,,,,04,3,00000000,00,11,,
2025-10-17 18:40:38,2025-10-17 18:40:39,2025-10-17 18:40:38,2025-10-17 18:40:30,867488068342780,25193,GTERI,0x19FE3FBF,0x00028102,802003,0x8303,0x0115,100,13649,0000,-,01,00,22,12,12,-,01,01,30.8,37.4,132,201,504,512,-23.270772,-23.270148,-51.149447,-51.149518,0724,0006,C4A7,07A73917,3.2,677.1,677.0,0:07:36,87:18:52,-,-,0,-,,,,,04,3,00000000,00,11,,
2025-10-17 18:40:27,2025-10-17 18:40:28,2025-10-17 18:40:27,2025-10-17 18:40:07,867488068342780,25192,GTERI,0x19FE3FBF,0x00028102,802003,0x8303,0x0115,100,13671,0000,-,01,00,22,12,12,-,01,01,25.1,41.1,180,107,515,521,-23.269904,-23.269382,-51.149446,-51.150247,0724,0006,C4A7,07A72916,3.1,677.0,676.9,0:07:27,87:18:43,-,-,0,-,,,,,04,3,00000000,00,11,,
2025-10-17 18:40:03,,,,867488068342780,25191,ACK
2025-10-17 18:40:00,2025-10-17 18:40:01,2025-10-17 18:40:00,2025-10-17 18:39:38,867488068342780,25190,GTSPD,0x19FE7FBF,,802003,0x8303,0x0115,100,13613,0000,0000,01,01,22,12,12,-,01,01,39.5,62.0,106,151,525,552,-23.269198,-23.267191,-51.150887,-51.153188,0724,0006,C4A7,07A72902,2.9,676.8,676.5,0:07:00,87:18:16,-,-,0,-,,,,,,,,,01
2025-10-17 18:39:14,,,,867488068342780,25189,ACK
2025-10-17 18:39:05,2025-10-17 18:39:06,2025-10-17 18:39:04,2025-10-17 18:39:05,867488068342780,25188,GTERI,0x19FE3FBF,0x00028102,802003,0x8303,0x0115,100,13661,0000,-,01,00,22,12,12,-,01,01,50.7,51.1,135,135,576,576,-23.26326,-23.263351,-51.156028,-51.155932,0724,0006,C4A7,07A72901,2.1,676.0,676.0,0:06:03,87:17:19,-,-,0,-,,,,,04,7,00000000,00,10,,
2025-10-17 18:39:04,,,,867488068342780,25187,ACK
2025-10-17 18:39:03,2025-10-17 18:39:04,2025-10-17 18:39:03,2025-10-17 18:39:03,867488068342780,25186,GTSPD,0x19FE7FBF,,802003,0x8303,0x0115,100,13752,0000,0000,01,00,22,12,12,-,01,01,50.0,50.0,134,134,577,577,-23.26317,-23.26317,-51.156124,-51.156124,0724,0006,C4A7,07A72901,2.1,676.0,676.0,0:06:03,87:17:19,-,-,0,-,,,,,,,,,00
2025-10-17 18:39:03,,,,867488068342780,25185,HBD
2025-10-17 18:38:58,2025-10-17 18:38:58,2025-10-17 18:38:58,2025-10-17 18:38:51,867488068342780,25184,GTERI,0x19FE3FBF,0x00028102,802003,0x8303,0x0115,100,13555,0000,-,01,00,22,12,12,-,01,01,33.2,41.4,108,89,580,584,-23.262844,-23.262801,-51.156563,-51.157213,0724,0006,C4A7,07A72901,2.0,675.9,675.9,0:05:57,87:17:13,-,-,0,-,,,,,04,7,00000000,00,11,,
2025-10-17 18:38:54,,,,867488068342780,25183,ACK
2025-10-17 18:38:50,2025-10-17 18:38:50,2025-10-17 18:38:50,2025-10-17 18:38:31,867488068342780,25182,GTSPD,0x19FE7FBF,,802003,0x8303,0x0115,100,13705,0000,0000,01,01,22,12,12,-,01,01,42.6,50.2,89,88,584,572,-23.262801,-23.262776,-51.157327,-51.159819,0724,0006,C4A7,07A5BC01,1.9,675.8,675.6,0:05:48,87:17:04,-,-,0,-,,,,,,,,,01
2025-10-17 18:38:33,,,,867488068342780,25181,ACK
2025-10-17 18:38:24,2025-10-17 18:38:24,2025-10-17 18:38:24,2025-10-17 18:38:24,867488068342780,25180,GTSPD,0x19FE7FBF,,802003,0x8303,0x0115,100,13712,0000,0000,01,00,22,12,12,-,01,01,46.1,46.1,88,88,565,565,-23.26278,-23.26278,-51.160731,-51.160731,0724,0006,C4A7,07A5BC01,1.6,675.5,675.5,0:05:24,87:16:40,-,-,0,-,,,,,,,,,00
2025-10-17 18:38:23,,,,867488068342780,25179,ACK
2025-10-17 18:38:08,,,,867488068342780,25178,ACK
2025-10-17 18:38:08,2025-10-17 18:38:08,2025-10-17 18:38:08,2025-10-17 18:37:55,867488068342780,25177,GTSPD,0x19FE7FBF,,802003,0x8303,0x0115,100,13676,0000,0000,01,01,22,12,12,-,01,01,36.9,53.7,90,90,558,566,-23.262787,-23.262804,-51.162137,-51.163898,0724,0006,C4A7,07A5BC01,1.4,675.3,675.2,0:05:06,87:16:22,-,-,0,-,,,,,,,,,01
2025-10-17 18:37:53,,,,867488068342780,25176,ACK
2025-10-17 18:37:44,,,,867488068342780,25175,ACK
2025-10-17 18:37:40,2025-10-17 18:37:41,2025-10-17 18:37:40,2025-10-17 18:37:40,867488068342780,25174,GTSPD,0x19FE7FBF,,802003,0x8303,0x0115,100,13724,0000,0000,01,00,22,12,12,-,01,01,48.8,48.8,90,90,576,576,-23.262799,-23.262799,-51.166005,-51.166005,0724,0006,C4A7,07A5BC0D,1.0,674.9,674.9,0:04:39,87:15:55,-,-,0,-,,,,,,,,,00
2025-10-17 18:37:31,2025-10-17 18:37:31,2025-10-17 18:37:31,2025-10-17 18:37:22,867488068342780,25173,GTERI,0x19FE3FBF,0x00028102,802003,0x8303,0x0115,100,13743,0000,-,01,00,22,12,12,-,01,01,17.5,40.4,59,0,578,575,-23.262826,-23.263371,-51.166852,-51.166947,0724,0006,C4A7,07A5BC0D,1.0,674.9,674.8,0:04:30,87:15:46,-,-,0,-,,,,,04,1,00000000,00,11,,
2025-10-17 18:37:24,,,,867488068342780,25172,ACK
2025-10-17 18:37:21,2025-10-17 18:37:21,2025-10-17 18:37:21,2025-10-17 18:37:03,867488068342780,25171,GTSPD,0x19FE7FBF,,802003,0x8303,0x0115,100,13682,0000,0000,01,01,22,12,12,-,01,01,42.4,56.5,0,0,574,564,-23.263474,-23.265814,-51.166948,-51.166981,0724,0006,C4A7,07A5BC0D,0.9,674.8,674.5,0:04:21,87:15:37,-,-,0,-,,,,,,,,,01
2025-10-17 18:37:08,,,,867488068342780,25170,ACK
2025-10-17 18:37:05,,,,867488068342780,25169,ACK
2025-10-17 18:37:04,,,,867488068342780,25168,ACK
2025-10-17 18:37:04,,,,867488068342780,25167,ACK
2025-10-17 18:37:03,,,,867488068342780,25166,HBD
2025-10-17 18:36:58,,,,867488068342780,25165,ACK
2025-10-17 18:36:58,2025-10-17 18:36:59,2025-10-17 18:36:58,2025-10-17 18:36:58,867488068342780,25164,GTSPD,0x19FE7FBF,,802003,0x8303,0x0115,100,13785,0000,0000,01,00,22,12,12,-,01,01,48.9,48.9,0,0,569,569,-23.266484,-23.266484,-51.166994,-51.166994,0724,0006,C4A7,07A5BC0D,0.5,674.4,674.4,0:03:57,87:15:13,-,-,0,-,,,,,,,,,00
2025-10-17 18:36:50,2025-10-17 18:36:51,2025-10-17 18:36:50,2025-10-17 18:36:46,867488068342780,25163,GTERI,0x19FE3FBF,0x00028102,802003,0x8303,0x0115,100,13692,0000,-,01,00,22,12,12,-,01,01,19.7,24.9,12,77,576,577,-23.26722,-23.267312,-51.166999,-51.167169,0724,0006,C4A7,07A5BC0D,0.5,674.4,674.4,0:03:48,87:15:04,-,-,0,-,,,,,04,1,00000000,00,11,,
2025-10-17 18:36:45,2025-10-17 18:36:46,2025-10-17 18:36:45,2025-10-17 18:36:21,867488068342780,25162,GTERI,0x19FE3FBF,0x00028102,802003,0x8303,0x0115,100,13619,0000,-,01,00,22,12,12,-,01,01,25.4,41.1,61,0,577,559,-23.267328,-23.269263,-51.167234,-51.167158,0724,0006,C4A7,07A5BC0D,0.4,674.3,674.1,0:03:45,87:15:01,-,-,0,-,,,,,04,1,00000000,00,11,,
2025-10-17 18:36:08,2025-10-17 18:36:09,2025-10-17 18:36:08,2025-10-17 18:36:08,867488068342780,25161,GTERI,0x19FE3FBF,0x00028102,802003,0x8303,0x0115,100,13663,0000,-,01,00,22,12,12,-,01,01,19.5,19.5,4,4,548,548,-23.270389,-23.270389,-51.167169,-51.167169,0724,0006,C4A7,07A5CC17,0.1,674.0,674.0,0:03:06,87:14:22,-,-,0,-,,,,,04,3,00000000,00,11,,
2025-10-17 18:36:05,2025-10-17 18:36:06,2025-10-17 18:36:04,2025-10-17 18:35:53,867488068342780,25160,GTERI,0x19FE3FBF,0x00028102,802003,0x8303,0x0115,100,13663,0000,-,01,00,22,12,12,-,01,01,7.8,21.1,51,91,547,550,-23.270525,-23.270522,-51.16721,-51.167584,0724,0006,C4A7,07A5CC17,0.1,674.0,673.9,0:03:03,87:14:19,-,-,0,-,,,,,04,3,00000000,00,10,,
2025-10-17 18:35:52,2025-10-17 18:35:53,2025-10-17 18:35:52,2025-10-17 18:35:52,867488068342780,25159,GTERI,0x19FE3FBF,0x00028102,802003,0x8303,0x0115,100,13803,0000,-,01,00,22,12,12,-,01,01,18.2,18.2,96,96,551,551,-23.270518,-23.270518,-51.167637,-51.167637,0724,0006,C4A7,07A5CC17,0.0,673.9,673.9,0:02:51,87:14:07,-,-,0,-,,,,,04,3,00000000,00,11,,
2025-10-17 18:35:49,2025-10-17 18:35:50,2025-10-17 18:35:49,2025-10-17 18:35:46,867488068342780,25158,GTERI,0x19FE3FBF,0x00028102,802003,0x8303,0x0115,100,13803,0000,-,01,00,22,12,12,-,01,01,10.7,11.8,141,185,552,552,-23.270474,-23.270389,-51.167744,-51.167763,0724,0006,C4A7,07A5CC17,0.0,673.9,673.9,0:02:48,87:14:04,-,-,0,-,,,,,04,3,00000000,00,11,,
2025-10-17 18:35:44,2025-10-17 18:35:45,2025-10-17 18:35:44,2025-10-17 18:35:44,867488068342780,25157,GTERI,0x19FE3FBF,0x00028102,802003,0x8303,0x0115,100,13687,0000,-,01,00,22,12,12,-,01,01,7.7,7.7,188,188,551,551,-23.270329,-23.270329,-51.167749,-51.167749,0724,0006,C4A7,07A5CC17,0.0,673.9,673.9,0:02:42,87:13:58,-,-,0,-,,,,,04,3,00000000,00,11,,
2025-10-17 18:35:27,2025-10-17 18:35:27,2025-10-17 18:35:26,2025-10-17 18:35:26,867488068342780,25156,GTSTT,0x19FE7FBF,,802003,0x8303,0x0115,100,13635,0000,0000,01,00,22,12,12,-,01,01,0.0,0.0,48,48,550,550,-23.270317,-23.270317,-51.167745,-51.167745,0724,0006,C4A7,07A5CC17,0.0,673.9,673.9,0:02:24,87:13:40,-,-,0,-
2025-10-17 18:35:22,2025-10-17 18:35:22,2025-10-17 18:35:21,2025-10-17 18:34:34,867488068342780,25155,GTSTT,0x19FE7FBF,,802003,0x8303,0x0115,100,13635,0000,0000,01,00,21,12,12,-,01,01,0.0,2.7,48,45,550,550,-23.270317,-23.270311,-51.167745,-51.167738,0724,0006,C4A7,07A5CC17,0.0,673.9,673.9,0:02:21,87:13:37,-,-,0,-
2025-10-17 18:35:05,,,,867488068342780,25154,HBD
2025-10-17 18:34:33,2025-10-17 18:34:33,2025-10-17 18:34:33,2025-10-17 18:34:33,867488068342780,25153,GTERI,0x19FE3FBF,0x00028102,802003,0x8303,0x0115,100,13816,0000,-,01,00,22,12,12,-,01,01,4.5,4.5,48,48,549,549,-23.270314,-23.270314,-51.167739,-51.167739,0724,0006,C4A7,07A5CC17,0.0,673.9,673.9,0:01:33,87:12:49,-,-,0,-,,,,,04,3,00000000,00,11,,
2025-10-17 18:34:30,2025-10-17 18:34:30,2025-10-17 18:34:30,2025-10-17 18:34:30,867488068342780,25152,GTERI,0x19FE3FBF,0x00028102,802003,0x8303,0x0115,100,13711,0000,-,01,00,22,12,12,-,01,01,3.4,3.4,198,198,548,548,-23.270321,-23.270321,-51.16774,-51.16774,0724,0006,C4A7,07A5CC17,0.0,673.9,673.9,0:01:30,87:12:46,-,-,0,-,,,,,04,3,00000000,00,11,,
2025-10-17 18:34:25,2025-10-17 18:34:25,2025-10-17 18:34:24,2025-10-17 18:34:24,867488068342780,25151,GTSTT,0x19FE7FBF,,802003,0x8303,0x0115,100,13711,0000,0000,01,00,22,12,12,-,01,01,0.0,0.0,278,278,547,547,-23.270322,-23.270322,-51.167738,-51.167738,0724,0006,C4A7,07A5CC17,0.0,673.9,673.9,0:01:24,87:12:40,-,-,0,-
2025-10-17 18:34:14,2025-10-17 18:34:14,2025-10-17 18:34:14,2025-10-17 18:33:11,867488068342780,25150,GTSTT,0x19FE7FBF,,802003,0x8303,0x0115,100,13666,0000,0000,01,00,21,12,12,-,01,01,0.0,2.5,278,280,547,547,-23.270322,-23.270322,-51.167738,-51.167738,0724,0006,C4A7,07A5CC17,0.0,673.9,673.9,0:01:12,87:12:28,-,-,0,-
2025-10-17 18:33:10,2025-10-17 18:33:10,2025-10-17 18:33:10,2025-10-17 18:33:10,867488068342780,25149,GTIGL,0x19FE7FBF,,802003,0x8303,0x0115,100,13667,0000,0000,01,00,22,12,12,-,01,01,2.7,2.7,278,278,547,547,-23.270318,-23.270318,-51.167728,-51.167728,0724,0006,C4A7,07A5CC17,0.0,673.9,673.9,0:00:09,87:11:25,-,-,0,-,,,,,,,,,00
2025-10-17 18:33:10,2025-10-17 18:33:10,2025-10-17 18:33:10,2025-10-17 18:33:10,867488068342780,25148,GTERI,0x19FE3FBF,0x00028102,802003,0x8303,0x0115,100,13667,0000,-,01,00,22,12,12,-,01,01,2.7,2.7,278,278,547,547,-23.270318,-23.270318,-51.167728,-51.167728,0724,0006,C4A7,07A5CC17,0.0,673.9,673.9,0:00:09,87:11:25,-,-,0,-,,,,,04,3,00000000,00,10,,
2025-10-17 18:33:02,2025-10-17 18:33:02,2025-10-17 18:31:54,2025-10-17 18:31:54,867488068342780,25147,GTSTT,0x19FE7FBF,,802003,0x8303,0x0115,100,12477,0000,0000,01,00,22,12,12,-,00,00,0.0,0.0,53,53,559,559,-23.270332,-23.270332,-51.167737,-51.167737,0724,0006,C4A7,07A5CC17,0.0,673.9,673.9,0:00:00,87:11:16,-,-,0,-
2025-10-17 18:33:00,2025-10-17 18:33:00,2025-10-17 18:31:54,2025-10-17 18:31:54,867488068342780,25146,GTSTT,0x19FE7FBF,,802003,0x8303,0x0115,100,12750,0000,0000,01,00,21,12,12,-,00,00,0.0,0.0,53,53,559,559,-23.270332,-23.270332,-51.167737,-51.167737,0724,0006,C4A7,07A5CC17,0.0,673.9,673.9,0:00:00,87:11:16,-,-,0,-
2025-10-17 18:33:00,2025-10-17 18:33:00,2025-10-17 18:31:54,2025-10-17 18:26:47,867488068342780,25145,GTIGN,0x19FE7FBF,,802003,0x8303,0x0115,100,12750,0000,0000,01,00,21,12,12,366,00,01,0.0,5.0,53,62,559,556,-23.270332,-23.27034,-51.167737,-51.167776,0724,0006,C4A7,07A5CC17,0.0,673.9,673.9,0:00:00,87:11:16,-,-,0,-
2025-10-17 18:33:00,,,,867488068342780,25144,HBD
2025-10-17 18:31:54,2025-10-17 18:31:55,2025-10-17 18:31:54,2025-10-17 18:31:54,867488068342780,25143,GTERI,0x19FE3FBF,0x00028102,802003,0x8303,0x0115,100,13057,0000,-,00,00,11,12,12,-,01,01,0.0,0.0,53,53,559,559,-23.270332,-23.270332,-51.167737,-51.167737,0724,0006,C4A7,07A5CC17,1.1,673.9,673.9,0:03:00,87:11:16,-,-,0,-,,,,,04,3,00000000,00,10,,
2025-10-17 18:31:54,,,,867488068342780,25142,HBD
2025-10-17 18:30:01,2025-10-17 18:30:01,2025-10-17 18:29:59,2025-10-17 18:29:59,867488068342780,25141,GTERI,0x19FE3FBF,0x00028102,802003,0x8303,0x0115,100,13036,0000,-,00,00,11,12,12,-,01,01,0.0,0.0,53,53,559,559,-23.270332,-23.270332,-51.167737,-51.167737,0724,0006,C4A7,07A5CC17,1.1,673.9,673.9,0:03:00,87:11:16,-,-,0,-,,,,,04,3,00000000,00,10,,
2025-10-17 18:30:01,,,,867488068342780,25140,HBD
2025-10-17 18:27:54,2025-10-17 18:27:55,2025-10-17 18:27:54,2025-10-17 18:27:54,867488068342780,25139,GTSTT,0x19FE7FBF,,802003,0x8303,0x0115,100,12963,0000,0000,00,00,11,12,12,-,01,01,0.0,0.0,53,53,559,559,-23.270332,-23.270332,-51.167737,-51.167737,0724,0006,C4A7,07A5CC17,1.1,673.9,673.9,0:03:00,87:11:16,-,-,0,-
2025-10-17 18:27:54,,,,867488068342780,25138,HBD
2025-10-17 18:27:00,2025-10-17 18:27:01,2025-10-17 18:26:59,2025-10-17 18:26:59,867488068342780,25137,GTERI,0x19FE3FBF,0x00028102,802003,0x8303,0x0115,100,13203,0000,-,00,00,12,12,12,-,01,01,0.0,0.0,53,53,559,559,-23.270332,-23.270332,-51.167737,-51.167737,0724,0006,C4A7,07A5CC17,1.1,673.9,673.9,0:03:00,87:11:16,-,-,0,-,,,,,04,3,00000000,00,10,,
2025-10-17 18:26:56,,,,867488068342780,25136,ACK
2025-10-17 18:26:55,,,,867488068342780,25135,ACK
2025-10-17 18:26:55,2025-10-17 18:26:55,2025-10-17 18:26:54,2025-10-17 18:26:54,867488068342780,25134,GTIGL,0x19FE7FBF,,802003,0x8303,0x0115,100,13521,0000,0000,00,00,12,12,12,-,01,01,2.6,2.6,53,53,557,557,-23.270332,-23.270332,-51.167746,-51.167746,0724,0006,C4A7,07A5CC17,1.1,673.9,673.9,0:03:00,87:11:16,-,-,0,-,,,,,,,,,01
2025-10-17 18:26:54,2025-10-17 18:26:55,2025-10-17 18:26:53,2025-10-17 18:26:53,867488068342780,25133,GTSTT,0x19FE7FBF,,802003,0x8303,0x0115,100,13521,0000,0000,00,00,12,12,12,-,01,01,0.2,0.2,61,61,558,558,-23.270335,-23.270335,-51.167751,-51.167751,0724,0006,C4A7,07A5CC17,1.1,673.9,673.9,0:03:00,87:11:16,-,-,0,-
2025-10-17 18:26:54,2025-10-17 18:26:55,2025-10-17 18:26:53,2025-10-17 18:26:53,867488068342780,25132,GTIGF,0x19FE7FBF,,802003,0x8303,0x0115,100,13521,0000,0000,00,00,12,12,12,183,01,01,0.2,0.2,61,61,558,558,-23.270335,-23.270335,-51.167751,-51.167751,0724,0006,C4A7,07A5CC17,1.1,673.9,673.9,0:03:00,87:11:16,-,-,0,-
2025-10-17 18:26:46,2025-10-17 18:26:47,2025-10-17 18:26:46,2025-10-17 18:26:25,867488068342780,25131,GTERI,0x19FE3FBF,0x00028102,802003,0x8303,0x0115,100,13429,0000,-,01,00,22,12,12,-,01,01,3.7,4.0,61,132,557,557,-23.270345,-23.270358,-51.167789,-51.167828,0724,0006,C4A7,07A5CC17,1.1,673.9,673.9,0:02:54,87:11:10,-,-,0,-,,,,,04,3,00000000,00,11,,
2025-10-17 18:26:24,2025-10-17 18:26:25,2025-10-17 18:26:24,2025-10-17 18:26:23,867488068342780,25130,GTERI,0x19FE3FBF,0x00028102,802003,0x8303,0x0115,100,13463,0000,-,01,00,22,12,12,-,01,01,4.0,5.2,146,157,557,557,-23.270352,-23.270345,-51.167838,-51.167847,0724,0006,C4A7,07A5CC17,1.1,673.9,673.9,0:02:33,87:10:49,-,-,0,-,,,,,04,3,00000000,00,11,,
2025-10-17 18:26:22,2025-10-17 18:26:23,2025-10-17 18:26:22,2025-10-17 18:26:18,867488068342780,25129,GTERI,0x19FE3FBF,0x00028102,802003,0x8303,0x0115,100,13556,0000,-,01,00,22,12,12,-,01,01,4.4,7.8,196,341,558,558,-23.270336,-23.270348,-51.167855,-51.167842,0724,0006,C4A7,07A5CC17,1.1,673.9,673.9,0:02:30,87:10:46,-,-,0,-,,,,,04,3,00000000,00,11,,
2025-10-17 18:26:17,2025-10-17 18:26:18,2025-10-17 18:26:17,2025-10-17 18:26:14,867488068342780,25128,GTERI,0x19FE3FBF,0x00028102,802003,0x8303,0x0115,100,13673,0000,-,01,00,22,12,12,-,01,01,9.0,13.6,356,6,558,558,-23.270366,-23.270449,-51.167833,-51.167836,0724,0006,C4A7,07A5CC17,1.1,673.9,673.9,0:02:24,87:10:40,-,-,0,-,,,,,04,3,00000000,00,11,,
2025-10-17 18:26:11,2025-10-17 18:26:12,2025-10-17 18:26:11,2025-10-17 18:25:58,867488068342780,25127,GTERI,0x19FE3FBF,0x00028102,802003,0x8303,0x0115,100,13384,0000,-,01,00,22,12,12,-,01,01,8.7,35.4,41,91,558,567,-23.270537,-23.270586,-51.167864,-51.168593,0724,0006,C4A7,07A72917,1.1,673.9,673.8,0:02:18,87:10:34,-,-,0,-,,,,,04,3,00000000,00,11,,
2025-10-17 18:26:04,,,,867488068342780,25126,HBD
2025-10-17 18:25:40,,,,25125,GTHBE
2025-10-17 18:25:14,2025-10-17 18:25:15,2025-10-17 18:25:14,2025-10-17 18:25:13,867488068342780,25124,GTERI,0x19FE3FBF,0x00028102,802003,0x8303,0x0115,100,13677,0000,-,01,00,22,12,12,-,01,01,14.0,14.6,94,113,581,581,-23.270573,-23.270564,-51.172381,-51.17242,0724,0006,C4A7,07B2DC0C,0.6,673.4,673.4,0:01:21,87:09:37,-,-,0,-,,,,,04,1,00000000,00,11,,
2025-10-17 18:25:13,,,,25123,GTHBE
2025-10-17 18:25:03,,,,25122,GTHBE
2025-10-17 18:24:55,,,,867488068342780,25121,ACK
2025-10-17 18:24:54,2025-10-17 18:24:55,2025-10-17 18:24:54,2025-10-17 18:24:47,867488068342780,25120,GTSPD,0x19FE7FBF,,802003,0x8303,0x0115,100,13742,0000,0000,01,00,22,12,12,-,01,01,44.0,51.6,182,179,586,587,-23.269786,-23.268958,-51.172456,-51.172438,0724,0006,C4A7,07A5BE0B,0.5,673.3,673.3,0:01:03,87:09:19,-,-,0,-,,,,,,,,,01
2025-10-17 18:24:45,,,,867488068342780,25119,ACK
2025-10-17 18:24:45,2025-10-17 18:24:46,2025-10-17 18:24:45,2025-10-17 18:24:45,867488068342780,25118,GTSPD,0x19FE7FBF,,802003,0x8303,0x0115,100,13742,0000,0000,01,00,22,12,12,-,01,01,47.8,47.8,180,180,587,587,-23.268708,-23.268708,-51.17244,-51.17244,0724,0006,C4A7,07B2DC0C,0.4,673.2,673.2,0:00:54,87:09:10,-,-,0,-,,,,,,,,,00
2025-10-17 18:24:28,2025-10-17 18:24:29,2025-10-17 18:24:28,2025-10-17 18:24:19,867488068342780,25117,GTERI,0x19FE3FBF,0x00028102,802003,0x8303,0x0115,100,13718,0000,-,01,00,22,12,12,-,01,01,17.8,36.1,143,92,588,587,-23.267568,-23.267484,-51.172444,-51.172813,0724,0006,C4A7,07B2DC0C,0.3,673.1,673.1,0:00:36,87:08:52,-,-,0,-,,,,,04,1,00000000,00,11,,
2025-10-17 18:24:22,,,,867488068342780,25116,ACK
2025-10-17 18:24:21,2025-10-17 18:24:19,2025-10-17 18:24:18,2025-10-17 18:24:13,867488068342780,25115,GTSPD,0x19FE7FBF,,802003,0x8303,0x0115,100,13776,0000,0000,01,00,22,12,12,-,01,01,40.2,52.3,92,92,587,584,-23.267479,-23.267451,-51.172915,-51.173549,0724,0006,C4A7,07B2DC0C,0.2,673.0,673.0,0:00:27,87:08:43,-,-,0,-,,,,,,,,,01
2025-10-17 18:24:21,,,,867488068342780,25114,ACK
2025-10-17 18:24:20,2025-10-17 18:24:10,2025-10-17 18:24:09,2025-10-17 18:24:09,867488068342780,25113,GTSPD,0x19FE7FBF,,802003,0x8303,0x0115,100,13776,0000,0000,01,00,22,12,12,-,01,01,49.1,49.1,90,90,582,582,-23.267441,-23.267441,-51.174105,-51.174105,0724,0006,C4A7,07B2DC0C,0.1,672.9,672.9,0:00:18,87:08:34,-,-,0,-,,,,,,,,,00
2025-10-17 18:24:20,2025-10-17 18:24:01,2025-10-17 18:24:00,2025-10-17 18:24:00,867488068342780,25112,GTIGL,0x19FE7FBF,,802003,0x8303,0x0115,100,13718,0000,0000,01,00,22,12,12,-,01,01,18.2,18.2,93,93,579,579,-23.267427,-23.267427,-51.174948,-51.174948,0724,0006,C4A7,07A7100C,0.0,672.8,672.8,0:00:09,87:08:25,-,-,0,-,,,,,,,,,00
2025-10-17 18:24:20,2025-10-17 18:24:01,2025-10-17 18:24:00,2025-10-17 18:24:00,867488068342780,25111,GTERI,0x19FE3FBF,0x00028102,802003,0x8303,0x0115,100,13718,0000,-,01,00,22,12,12,-,01,01,18.2,18.2,93,93,579,579,-23.267427,-23.267427,-51.174948,-51.174948,0724,0006,C4A7,07A7100C,0.0,672.8,672.8,0:00:09,87:08:25,-,-,0,-,,,,,04,1,00000000,00,10,,
2025-10-17 18:24:02,2025-10-17 18:24:01,2025-10-17 18:24:00,2025-10-17 18:24:00,867488068342780,25111,GTERI,0x19FE3FBF,0x00028102,802003,0x8303,0x0115,100,13718,0000,-,01,00,22,12,12,-,01,01,18.2,18.2,93,93,579,579,-23.267427,-23.267427,-51.174948,-51.174948,0724,0006,C4A7,07A7100C,0.0,672.8,672.8,0:00:09,87:08:25,-,-,0,-,,,,,04,1,00000000,00,10,,
2025-10-17 18:23:51,2025-10-17 18:23:52,2025-10-17 18:09:55,2025-10-17 18:09:55,867488068342780,25110,GTSTT,0x19FE7FBF,,802003,0x8303,0x0115,100,12506,0000,0000,01,00,22,12,12,-,00,00,0.0,0.0,155,155,577,577,-23.267375,-23.267375,-51.175052,-51.175052,0724,0006,C4A7,07A7100C,0.0,672.8,672.8,0:00:00,87:08:16,-,-,0,-
2025-10-17 18:23:51,2025-10-17 18:23:52,2025-10-17 18:09:55,2025-10-17 18:09:55,867488068342780,25109,GTIGN,0x19FE7FBF,,802003,0x8303,0x0115,100,12506,0000,0000,01,00,22,12,12,1136,00,01,0.0,0.0,155,155,577,577,-23.267375,-23.267375,-51.175052,-51.175052,0724,0006,C4A7,07A7100C,0.0,672.8,672.8,0:00:00,87:08:16,-,-,0,-
2025-10-17 18:23:51,,,,867488068342780,25108,HBD
2025-10-17 18:09:55,2025-10-17 18:09:55,2025-10-17 18:09:55,2025-10-17 18:09:55,867488068342780,25107,GTERI,0x19FE3FBF,0x00028102,802003,0x8303,0x0115,100,13104,0000,-,00,00,11,12,12,-,01,01,0.0,0.0,155,155,577,577,-23.267375,-23.267375,-51.175052,-51.175052,0724,0006,C4A7,07A71034,1.8,672.8,672.8,0:05:15,87:08:16,-,-,0,-,,,,,04,28,00000000,00,10,,
2025-10-17 18:07:51,2025-10-17 18:07:52,2025-10-17 18:07:50,2025-10-17 18:07:50,867488068342780,25106,GTERI,0x19FE3FBF,0x00028102,802003,0x8303,0x0115,100,13127,0000,-,00,00,11,12,12,-,01,01,0.0,0.0,155,155,577,577,-23.267375,-23.267375,-51.175052,-51.175052,0724,0006,C4A7,07B2DC0C,1.8,672.8,672.8,0:05:15,87:08:16,-,-,0,-,,,,,04,1,00000000,00,10,,
2025-10-17 18:06:01,,,,867488068342780,25105,HBD
2025-10-17 18:05:19,2025-10-17 18:05:19,2025-10-17 18:05:18,2025-10-17 18:05:18,867488068342780,25104,GTSTT,0x19FE7FBF,,802003,0x8303,0x0115,100,13174,0000,0000,00,00,11,12,12,-,01,01,0.0,0.0,155,155,577,577,-23.267375,-23.267375,-51.175052,-51.175052,0724,0006,C4A7,07A5BE15,1.8,672.8,672.8,0:05:15,87:08:16,-,-,0,-
2025-10-17 18:05:04,,,,867488068342780,25103,ACK
2025-10-17 18:05:04,,,,867488068342780,25102,ACK
2025-10-17 18:05:03,2025-10-17 18:04:55,2025-10-17 18:04:55,2025-10-17 18:04:55,867488068342780,25101,GTIGL,0x19FE7FBF,,802003,0x8303,0x0115,100,13254,0000,0000,00,00,12,12,12,-,01,01,0.0,0.0,155,155,577,577,-23.267375,-23.267375,-51.175052,-51.175052,0724,0006,C4A7,07B2DC16,1.8,672.8,672.8,0:05:15,87:08:16,-,-,0,-,,,,,,,,,01
2025-10-17 18:05:02,2025-10-17 18:04:55,2025-10-17 18:04:54,2025-10-17 18:04:54,867488068342780,25100,GTSTT,0x19FE7FBF,,802003,0x8303,0x0115,100,13254,0000,0000,00,00,12,12,12,-,01,01,0.0,0.0,133,133,577,577,-23.267375,-23.267375,-51.175052,-51.175052,0724,0006,C4A7,07B2DC16,1.8,672.8,672.8,0:05:15,87:08:16,-,-,0,-
2025-10-17 18:05:02,2025-10-17 18:04:55,2025-10-17 18:04:54,2025-10-17 18:04:54,867488068342780,25099,GTIGF,0x19FE7FBF,,802003,0x8303,0x0115,100,13254,0000,0000,00,00,12,12,12,316,01,01,0.0,0.0,133,133,577,577,-23.267375,-23.267375,-51.175052,-51.175052,0724,0006,C4A7,07B2DC16,1.8,672.8,672.8,0:05:15,87:08:16,-,-,0,-
2025-10-17 18:05:01,2025-10-17 18:04:52,2025-10-17 18:04:50,2025-10-17 18:04:47,867488068342780,25098,GTERI,0x19FE3FBF,0x00028102,802003,0x8303,0x0115,100,13723,0000,-,01,00,22,12,12,-,01,01,0.1,2.1,155,133,577,576,-23.267375,-23.267376,-51.175052,-51.175054,0724,0006,C4A7,07B2DC16,1.8,672.8,672.8,0:05:12,87:08:13,-,-,0,-,,,,,04,3,00000000,00,10,,
2025-10-17 18:05:01,2025-10-17 18:04:46,2025-10-17 18:04:46,2025-10-17 18:04:42,867488068342780,25097,GTERI,0x19FE3FBF,0x00028102,802003,0x8303,0x0115,100,13577,0000,-,01,00,22,12,12,-,01,01,3.8,4.6,155,266,576,577,-23.267376,-23.26738,-51.175061,-51.175056,0724,0006,C4A7,07B2DC16,1.8,672.8,672.8,0:05:06,87:08:07,-,-,0,-,,,,,04,3,00000000,00,11,,
2025-10-17 18:05:01,2025-10-17 18:04:41,2025-10-17 18:04:41,2025-10-17 18:04:34,867488068342780,25096,GTERI,0x19FE3FBF,0x00028102,802003,0x8303,0x0115,100,13702,0000,-,01,00,22,12,12,-,01,01,4.7,16.0,250,90,576,576,-23.267383,-23.267402,-51.175045,-51.175137,0724,0006,C4A7,07A71034,1.8,672.8,672.8,0:05:00,87:08:01,-,-,0,-,,,,,04,28,00000000,00,11,,
2025-10-17 18:04:41,2025-10-17 18:04:41,2025-10-17 18:04:41,2025-10-17 18:04:34,867488068342780,25096,GTERI,0x19FE3FBF,0x00028102,802003,0x8303,0x0115,100,13702,0000,-,01,00,22,12,12,-,01,01,4.7,16.0,250,90,576,576,-23.267383,-23.267402,-51.175045,-51.175137,0724,0006,C4A7,07A71034,1.8,672.8,672.8,0:05:00,87:08:01,-,-,0,-,,,,,04,28,00000000,00,11,,
2025-10-17 18:04:33,,,,25095,GTHBE
2025-10-17 18:04:33,2025-10-17 18:04:33,2025-10-17 18:04:33,2025-10-17 18:04:33,867488068342780,25094,GTERI,0x19FE3FBF,0x00028102,802003,0x8303,0x0115,100,13612,0000,-,01,00,22,12,12,-,01,01,14.0,14.0,112,112,576,576,-23.267398,-23.267398,-51.175177,-51.175177,0724,0006,C4A7,07A5F533,1.8,672.8,672.8,0:04:54,87:07:55,-,-,0,-,,,,,04,28,00000000,00,11,,
2025-10-17 18:04:31,2025-10-17 18:04:31,2025-10-17 18:04:31,2025-10-17 18:04:31,867488068342780,25093,GTERI,0x19FE3FBF,0x00028102,802003,0x8303,0x0115,100,13612,0000,-,01,00,22,12,12,-,01,01,12.1,12.1,183,183,576,576,-23.267356,-23.267356,-51.175222,-51.175222,0724,0006,C4A7,07A5F533,1.8,672.8,672.8,0:04:51,87:07:52,-,-,0,-,,,,,04,28,00000000,00,11,,
2025-10-17 18:04:29,2025-10-17 18:04:29,2025-10-17 18:04:29,2025-10-17 18:04:20,867488068342780,25092,GTERI,0x19FE3FBF,0x00028102,802003,0x8303,0x0115,100,13756,0000,-,01,00,22,12,12,-,01,01,12.6,36.3,251,269,577,579,-23.26731,-23.267305,-51.175199,-51.174578,0724,0006,C4A7,07A71033,1.8,672.8,672.8,0:04:48,87:07:49,-,-,0,-,,,,,04,28,00000000,00,11,,
2025-10-17 18:04:19,2025-10-17 18:04:19,2025-10-17 18:04:19,2025-10-17 18:04:12,867488068342780,25091,GTSPD,0x19FE7FBF,,802003,0x8303,0x0115,100,13743,0000,0000,01,00,22,12,12,-,01,01,39.2,49.4,269,272,579,582,-23.267304,-23.267313,-51.174477,-51.173606,0724,0006,C4A7,07A6FD34,1.7,672.8,672.7,0:04:39,87:07:40,-,-,0,-,,,,,,,,,01
2025-10-17 18:04:18,,,,867488068342780,25090,ACK
2025-10-17 18:04:13,,,,867488068342780,25089,ACK
2025-10-17 18:04:09,2025-10-17 18:04:10,2025-10-17 18:04:09,2025-10-17 18:04:09,867488068342780,25088,GTSPD,0x19FE7FBF,,802003,0x8303,0x0115,100,13720,0000,0000,01,00,22,12,12,-,01,01,48.3,48.3,273,273,584,584,-23.267333,-23.267333,-51.173209,-51.173209,0724,0006,C4A7,07A6FD34,1.6,672.6,672.6,0:04:30,87:07:31,-,-,0,-,,,,,,,,,00
2025-10-17 18:03:53,,,,867488068342780,25087,ACK
2025-10-17 18:03:52,2025-10-17 18:03:53,2025-10-17 18:03:52,2025-10-17 18:03:46,867488068342780,25086,GTSPD,0x19FE7FBF,,802003,0x8303,0x0115,100,13775,0000,0000,01,00,22,12,12,-,01,01,33.9,53.4,268,268,589,589,-23.267383,-23.267378,-51.171921,-51.171146,0724,0006,C4A7,07A72935,1.5,672.5,672.4,0:04:12,87:07:13,-,-,0,-,,,,,,,,,01
2025-10-17 18:03:52,,,,867488068342780,25085,HBD
2025-10-17 18:03:43,,,,867488068342780,25084,ACK
2025-10-17 18:03:43,,,,867488068342780,25083,ACK
2025-10-17 18:03:43,,,,867488068342780,25082,ACK
2025-10-17 18:03:42,,,,867488068342780,25081,ACK
2025-10-17 18:03:41,2025-10-17 18:03:42,2025-10-17 18:03:41,2025-10-17 18:03:41,867488068342780,25080,GTSPD,0x19FE7FBF,,802003,0x8303,0x0115,100,13779,0000,0000,01,00,22,12,12,-,01,01,45.5,45.5,270,270,588,588,-23.267379,-23.267379,-51.170467,-51.170467,0724,0006,C4A7,07A72935,1.3,672.4,672.4,0:04:00,87:07:01,-,-,0,-,,,,,,,,,00
2025-10-17 18:03:41,,,,867488068342780,25079,HBD
2025-10-17 18:03:32,2025-10-17 18:03:33,2025-10-17 18:03:32,2025-10-17 18:03:32,867488068342780,25078,GTERI,0x19FE3FBF,0x00028102,802003,0x8303,0x0115,100,13705,0000,-,01,00,22,12,12,-,01,01,13.3,13.3,303,303,586,586,-23.2674,-23.2674,-51.169693,-51.169693,0724,0006,C4A7,07A54234,1.3,672.3,672.3,0:03:51,87:06:52,-,-,0,-,,,,,04,28,00000000,00,11,,
2025-10-17 18:03:32,,,,25077,GTHBE
2025-10-17 18:03:24,2025-10-17 18:03:25,2025-10-17 18:03:24,2025-10-17 18:03:19,867488068342780,25076,GTERI,0x19FE3FBF,0x00028102,802003,0x8303,0x0115,100,13616,0000,-,01,00,22,12,12,-,01,01,11.9,38.3,5,357,584,583,-23.267549,-23.267889,-51.169668,-51.169667,0724,0006,C4A7,07A54234,1.2,672.3,672.2,0:03:45,87:06:46,-,-,0,-,,,,,04,28,00000000,00,11,,
2025-10-17 18:03:24,,,,867488068342780,25075,ACK
2025-10-17 18:03:18,2025-10-17 18:03:19,2025-10-17 18:03:18,2025-10-17 18:03:08,867488068342780,25074,GTSPD,0x19FE7FBF,,802003,0x8303,0x0115,100,13777,0000,0000,01,00,22,12,12,-,01,01,40.4,51.0,358,0,583,578,-23.267986,-23.269176,-51.169663,-51.169669,0724,0006,C4A7,07A54234,1.2,672.2,672.1,0:03:39,87:06:40,-,-,0,-,,,,,,,,,01
2025-10-17 18:03:08,,,,867488068342780,25073,ACK
2025-10-17 18:03:06,2025-10-17 18:03:07,2025-10-17 18:03:06,2025-10-17 18:03:06,867488068342780,25072,GTSPD,0x19FE7FBF,,802003,0x8303,0x0115,100,13742,0000,0000,01,00,22,12,12,-,01,01,47.4,47.4,359,359,577,577,-23.269423,-23.269423,-51.169668,-51.169668,0724,0006,C4A7,07A5BC17,1.0,672.1,672.1,0:03:27,87:06:28,-,-,0,-,,,,,,,,,00
2025-10-17 18:02:52,2025-10-17 18:02:53,2025-10-17 18:02:52,2025-10-17 18:02:45,867488068342780,25071,GTERI,0x19FE3FBF,0x00028102,802003,0x8303,0x0115,100,13825,0000,-,01,00,22,12,12,-,01,01,18.3,32.3,319,269,579,574,-23.270485,-23.270547,-51.169641,-51.16921,0724,0006,C4A7,07A5CC35,0.9,671.9,671.9,0:03:12,87:06:13,-,-,0,-,,,,,04,28,00000000,00,11,,
2025-10-17 18:02:27,2025-10-17 18:02:28,2025-10-17 18:02:27,2025-10-17 18:02:26,867488068342780,25070,GTERI,0x19FE3FBF,0x00028102,802003,0x8303,0x0115,100,13787,0000,-,01,00,22,12,12,-,01,01,22.3,23.5,269,257,561,561,-23.270526,-23.270521,-51.168042,-51.167982,0724,0006,C4A7,07A72917,0.7,671.8,671.8,0:02:48,87:05:49,-,-,0,-,,,,,04,3,00000000,00,11,,
2025-10-17 18:02:24,2025-10-17 18:02:25,2025-10-17 18:02:24,2025-10-17 18:02:24,867488068342780,25069,GTERI,0x19FE3FBF,0x00028102,802003,0x8303,0x0115,100,13787,0000,-,01,00,22,12,12,-,01,01,17.8,17.8,219,219,560,560,-23.270474,-23.270474,-51.167881,-51.167881,0724,0006,C4A7,07A72917,0.7,671.8,671.8,0:02:45,87:05:46,-,-,0,-,,,,,04,3,00000000,00,11,,
2025-10-17 18:01:52,2025-10-17 18:01:52,2025-10-17 18:01:50,2025-10-17 18:01:08,867488068342780,25068,GTERI,0x19FE3FBF,0x00028102,802003,0x8303,0x0115,100,13661,0000,-,01,00,22,12,12,-,01,01,0.0,34.5,173,180,560,573,-23.270337,-23.268787,-51.167822,-51.167838,0724,0006,C4A7,07A5CC17,0.7,671.8,671.6,0:02:12,87:05:13,-,-,0,-,,,,,04,3,00000000,00,10,,
2025-10-17 18:01:51,,,,867488068342780,25067,HBD
2025-10-17 18:01:01,2025-10-17 18:01:02,2025-10-17 18:01:01,2025-10-17 18:00:21,867488068342780,25066,GTERI,0x19FE3FBF,0x00028102,802003,0x8303,0x0115,100,13632,0000,-,01,00,22,12,12,-,01,01,25.3,44.5,173,89,580,587,-23.268212,-23.268077,-51.167839,-51.170981,0724,0006,C4A7,07A5BC0D,0.5,671.5,671.2,0:01:21,87:04:22,-,-,0,-,,,,,04,1,00000000,00,11,,
2025-10-17 18:00:05,2025-10-17 18:00:06,2025-10-17 18:00:05,2025-10-17 18:00:05,867488068342780,25065,GTERI,0x19FE3FBF,0x00028102,802003,0x8303,0x0115,100,13727,0000,-,01,00,22,12,12,-,01,01,12.5,12.5,118,118,587,587,-23.268044,-23.268044,-51.172373,-51.172373,0724,0006,C4A7,07B2DC0C,0.0,671.1,671.1,0:00:27,87:03:28,-,-,0,-,,,,,04,1,00000000,00,11,,
2025-10-17 18:00:03,,,,25064,GTHBE
2025-10-17 17:59:39,2025-10-17 17:59:40,2025-10-17 17:59:39,2025-10-17 17:59:39,867488068342780,25063,GTIGL,0x19FE7FBF,,802003,0x8303,0x0115,100,12683,0000,0000,01,00,22,12,12,-,01,01,0.0,0.0,179,179,584,584,-23.267743,-23.267743,-51.172412,-51.172412,0724,0006,C4A7,07B2DC0C,0.0,671.0,671.0,0:00:00,87:03:01,-,-,0,-,,,,,,,,,00
2025-10-17 17:59:39,2025-10-17 17:59:39,2025-10-17 17:59:38,2025-10-17 17:59:38,867488068342780,25062,GTSTT,0x19FE7FBF,,802003,0x8303,0x0115,100,12683,0000,0000,01,00,22,12,12,-,01,01,0.0,0.0,179,179,584,584,-23.267743,-23.267743,-51.172412,-51.172412,0724,0006,C4A7,07B2DC0C,0.0,671.0,671.0,0:00:00,87:03:01,-,-,0,-
2025-10-17 17:59:39,2025-10-17 17:59:39,2025-10-17 17:59:38,2025-10-17 17:57:35,867488068342780,25061,GTIGN,0x19FE7FBF,,802003,0x8303,0x0115,100,12683,0000,0000,01,00,22,12,12,108,01,01,0.0,18.2,179,174,584,584,-23.267743,-23.267516,-51.172412,-51.172404,0724,0006,C4A7,07B2DC0C,0.0,671.0,671.0,0:00:00,87:03:01,-,-,0,-
2025-10-17 17:59:38,,,,867488068342780,25060,HBD
2025-10-17 17:58:52,2025-10-17 17:58:52,2025-10-17 17:58:50,2025-10-17 17:58:50,867488068342780,25059,GTERI,0x19FE3FBF,0x00028102,802003,0x8303,0x0115,100,12981,0000,-,00,00,11,12,12,-,01,01,0.0,0.0,179,179,584,584,-23.267743,-23.267743,-51.172412,-51.172412,0724,0006,C4A7,07B2DC0C,18.2,671.0,671.0,0:35:05,87:03:01,-,-,0,-,,,,,04,1,00000000,00,10,,
2025-10-17 17:58:51,,,,867488068342780,25058,HBD
2025-10-17 17:58:10,2025-10-17 17:58:11,2025-10-17 17:58:10,2025-10-17 17:58:10,867488068342780,25057,GTSTT,0x19FE7FBF,,802003,0x8303,0x0115,100,13149,0000,0000,00,00,11,12,12,-,01,01,0.0,0.0,179,179,584,584,-23.267743,-23.267743,-51.172412,-51.172412,0724,0006,C4A7,07B2DC0C,18.2,671.0,671.0,0:35:05,87:03:01,-,-,0,-
2025-10-17 17:57:52,,,,867488068342780,25056,ACK
2025-10-17 17:57:52,,,,867488068342780,25055,ACK
2025-10-17 17:57:51,2025-10-17 17:57:52,2025-10-17 17:57:51,2025-10-17 17:57:51,867488068342780,25054,GTIGL,0x19FE7FBF,,802003,0x8303,0x0115,100,13349,0000,0000,00,00,12,12,12,-,01,01,0.0,0.0,179,179,584,584,-23.267743,-23.267743,-51.172412,-51.172412,0724,0006,C4A7,07B2DC0C,18.2,671.0,671.0,0:35:05,87:03:01,-,-,0,-,,,,,,,,,01
2025-10-17 17:57:51,2025-10-17 17:57:51,2025-10-17 17:57:50,2025-10-17 17:57:50,867488068342780,25053,GTSTT,0x19FE7FBF,,802003,0x8303,0x0115,100,13349,0000,0000,00,00,12,12,12,-,01,01,0.0,0.0,179,179,584,584,-23.267743,-23.267743,-51.172412,-51.172412,0724,0006,C4A7,07B2DC0C,18.2,671.0,671.0,0:35:05,87:03:01,-,-,0,-
2025-10-17 17:57:51,2025-10-17 17:57:51,2025-10-17 17:57:50,2025-10-17 17:57:50,867488068342780,25052,GTIGF,0x19FE7FBF,,802003,0x8303,0x0115,100,13349,0000,0000,00,00,12,12,12,2105,01,01,0.0,0.0,179,179,584,584,-23.267743,-23.267743,-51.172412,-51.172412,0724,0006,C4A7,07B2DC0C,18.2,671.0,671.0,0:35:05,87:03:01,-,-,0,-
2025-10-17 17:57:33,2025-10-17 17:57:34,2025-10-17 17:57:33,2025-10-17 17:57:13,867488068342780,25051,GTERI,0x19FE3FBF,0x00028102,802003,0x8303,0x0115,100,13562,0000,-,01,00,22,12,12,-,01,01,12.0,34.7,179,268,584,584,-23.267428,-23.267386,-51.172413,-51.171905,0724,0006,C4A7,07B2DC16,18.2,671.0,671.0,0:34:47,87:02:43,-,-,0,-,,,,,04,3,00000000,00,11,,
2025-10-17 17:57:12,2025-10-17 17:57:13,2025-10-17 17:57:12,2025-10-17 17:56:53,867488068342780,25050,GTSPD,0x19FE7FBF,,802003,0x8303,0x0115,100,13722,0000,0000,01,00,22,12,12,-,01,01,40.5,57.7,267,269,585,582,-23.267383,-23.267376,-51.171806,-51.169109,0724,0006,C4A7,07A5BC17,18.1,671.0,670.7,0:34:26,87:02:22,-,-,0,-,,,,,,,,,01
2025-10-17 17:57:11,,,,867488068342780,25049,ACK
2025-10-17 17:56:56,,,,867488068342780,25048,ACK
2025-10-17 17:56:46,,,,867488068342780,25047,ACK
2025-10-17 17:56:46,,,,867488068342780,25046,HBD
2025-10-17 17:56:44,2025-10-17 17:56:45,2025-10-17 17:56:44,2025-10-17 17:56:44,867488068342780,25045,GTSPD,0x19FE7FBF,,802003,0x8303,0x0115,100,13782,0000,0000,01,00,22,12,12,-,01,01,46.3,46.3,268,268,579,579,-23.267363,-23.267363,-51.167777,-51.167777,0724,0006,C4A7,07A5BC17,17.7,670.6,670.6,0:33:59,87:01:55,-,-,0,-,,,,,,,,,00
2025-10-17 17:56:41,,,,867488068342780,25044,ACK
2025-10-17 17:56:41,2025-10-17 17:56:42,2025-10-17 17:56:41,2025-10-17 17:56:41,867488068342780,25043,GTERI,0x19FE3FBF,0x00028102,802003,0x8303,0x0115,100,13677,0000,-,01,01,22,12,12,-,01,01,38.7,38.7,252,252,578,578,-23.267332,-23.267332,-51.167416,-51.167416,0724,0006,C4A7,07A5BC17,17.7,670.5,670.5,0:33:56,87:01:52,-,-,0,-,,,,,04,3,00000000,00,11,,
2025-10-17 17:56:37,2025-10-17 17:56:38,2025-10-17 17:56:37,2025-10-17 17:56:25,867488068342780,25042,GTSPD,0x19FE7FBF,,802003,0x8303,0x0115,100,13677,0000,0000,01,01,22,12,12,-,01,01,34.8,76.1,202,181,577,565,-23.267132,-23.265214,-51.167132,-51.167067,0724,0006,C4A7,07A5BC17,17.6,670.5,670.3,0:33:53,87:01:49,-,-,0,-,,,,,,,,,01
2025-10-17 17:56:27,,,,867488068342780,25041,ACK
2025-10-17 17:56:17,,,,867488068342780,25040,ACK
2025-10-17 17:56:14,2025-10-17 17:56:14,2025-10-17 17:56:14,2025-10-17 17:56:14,867488068342780,25039,GTSPD,0x19FE7FBF,,802003,0x8303,0x0115,100,13756,0000,0000,01,00,22,12,12,-,01,01,48.7,48.7,180,180,575,575,-23.263392,-23.263392,-51.167036,-51.167036,0724,0006,C4A7,07A5BC17,17.2,670.1,670.1,0:33:29,87:01:25,-,-,0,-,,,,,,,,,00
2025-10-17 17:56:00,2025-10-17 17:56:00,2025-10-17 17:56:00,2025-10-17 17:55:52,867488068342780,25038,GTERI,0x19FE3FBF,0x00028102,802003,0x8303,0x0115,100,13647,0000,-,01,00,22,12,12,-,01,01,14.2,24.2,205,269,579,578,-23.262643,-23.262595,-51.167038,-51.166644,0724,0006,C4A7,07A5BC17,17.1,670.0,669.9,0:33:14,87:01:10,-,-,0,-,,,,,04,3,00000000,00,11,,
2025-10-17 17:55:52,,,,867488068342780,25037,ACK
2025-10-17 17:55:51,2025-10-17 17:55:52,2025-10-17 17:55:50,2025-10-17 17:55:50,867488068342780,25036,GTERI,0x19FE3FBF,0x00028102,802003,0x8303,0x0115,100,13687,0000,-,01,01,22,12,12,-,01,01,37.0,37.0,269,269,578,578,-23.262595,-23.262595,-51.166485,-51.166485,0724,0006,C4A7,07A5BC17,17.1,669.9,669.9,0:33:08,87:01:04,-,-,0,-,,,,,04,3,00000000,00,10,,
2025-10-17 17:55:51,2025-10-17 17:55:51,2025-10-17 17:55:51,2025-10-17 17:55:36,867488068342780,25035,GTSPD,0x19FE7FBF,,802003,0x8303,0x0115,100,13687,0000,0000,01,01,22,12,12,-,01,01,30.5,59.7,269,270,578,571,-23.262595,-23.262591,-51.166573,-51.164473,0724,0006,C4A7,07A5BC17,17.1,669.9,669.7,0:33:05,87:01:01,-,-,0,-,,,,,,,,,01
2025-10-17 17:55:36,,,,867488068342780,25034,ACK
2025-10-17 17:55:26,,,,867488068342780,25033,ACK
2025-10-17 17:55:24,2025-10-17 17:55:24,2025-10-17 17:55:24,2025-10-17 17:55:23,867488068342780,25032,GTSPD,0x19FE7FBF,,802003,0x8303,0x0115,100,13754,0000,0000,01,00,22,12,12,-,01,01,45.8,46.0,268,268,561,560,-23.262609,-23.262607,-51.162704,-51.162579,0724,0006,C4A7,07A5BC34,16.7,669.5,669.5,0:32:38,87:00:34,-,-,0,-,,,,,,,,,00
2025-10-17 17:55:16,,,,867488068342780,25031,ACK
2025-10-17 17:55:13,2025-10-17 17:55:14,2025-10-17 17:55:13,2025-10-17 17:55:00,867488068342780,25030,GTSPD,0x19FE7FBF,,802003,0x8303,0x0115,100,13585,0000,0000,01,01,22,12,12,-,01,01,35.2,60.1,270,269,560,573,-23.262606,-23.262584,-51.161774,-51.159875,0724,0006,C4A7,07A5BC34,16.6,669.4,669.2,0:32:29,87:00:25,-,-,0,-,,,,,,,,,01
2025-10-17 17:54:56,,,,867488068342780,25029,ACK
2025-10-17 17:54:48,2025-10-17 17:54:48,2025-10-17 17:54:47,2025-10-17 17:54:47,867488068342780,25028,GTSPD,0x19FE7FBF,,802003,0x8303,0x0115,100,13766,0000,0000,01,00,22,12,12,-,01,01,48.6,48.6,259,259,584,584,-23.26251,-23.26251,-51.157966,-51.157966,0724,0006,C4A7,07A5BC34,16.2,669.1,669.1,0:32:02,86:59:58,-,-,0,-,,,,,,,,,00
2025-10-17 17:54:47,,,,867488068342780,25027,ACK
2025-10-17 17:54:47,,,,867488068342780,25026,HBD
2025-10-17 17:54:39,2025-10-17 17:54:39,2025-10-17 17:54:39,2025-10-17 17:54:39,867488068342780,25025,GTERI,0x19FE3FBF,0x00028102,802003,0x8303,0x0115,100,13638,0000,-,01,00,22,12,12,-,01,01,29.6,29.6,257,257,583,583,-23.262327,-23.262327,-51.157095,-51.157095,0724,0006,C4A7,07A72933,16.1,669.0,669.0,0:31:53,86:59:49,-,-,0,-,,,,,04,28,00000000,00,11,,
2025-10-17 17:54:37,,,,867488068342780,25024,ACK
2025-10-17 17:54:36,2025-10-17 17:54:36,2025-10-17 17:54:36,2025-10-17 17:54:36,867488068342780,25023,GTERI,0x19FE3FBF,0x00028102,802003,0x8303,0x0115,100,13565,0000,-,01,01,22,12,12,-,01,01,28.6,28.6,207,207,581,581,-23.262228,-23.262228,-51.156907,-51.156907,0724,0006,C4A7,07A72933,16.1,668.9,668.9,0:31:50,86:59:46,-,-,0,-,,,,,04,28,00000000,00,11,,
2025-10-17 17:54:35,2025-10-17 17:54:36,2025-10-17 17:54:35,2025-10-17 17:54:28,867488068342780,25022,GTSPD,0x19FE7FBF,,802003,0x8303,0x0115,100,13668,0000,0000,01,01,22,12,12,-,01,01,31.5,60.0,184,168,580,580,-23.26216,-23.26131,-51.15688,-51.157028,0724,0006,C4A7,07A72933,16.1,668.9,668.8,0:31:50,86:59:46,-,-,0,-,,,,,,,,,01
2025-10-17 17:54:32,,,,867488068342780,25021,ACK
2025-10-17 17:54:22,,,,867488068342780,25020,ACK
2025-10-17 17:54:21,2025-10-17 17:54:21,2025-10-17 17:54:21,2025-10-17 17:54:21,867488068342780,25019,GTSPD,0x19FE7FBF,,802003,0x8303,0x0115,100,13797,0000,0000,01,00,22,12,12,-,01,01,46.7,46.7,167,167,581,581,-23.260373,-23.260373,-51.157267,-51.157267,0724,0006,C4A7,07A72933,15.9,668.7,668.7,0:31:35,86:59:31,-,-,0,-,,,,,,,,,00
2025-10-17 17:54:02,2025-10-17 17:54:02,2025-10-17 17:54:02,2025-10-17 17:54:02,867488068342780,25018,GTERI,0x19FE3FBF,0x00028102,802003,0x8303,0x0115,100,13777,0000,-,01,00,22,12,12,-,01,01,29.4,29.4,156,156,581,581,-23.258762,-23.258762,-51.157843,-51.157843,0724,0006,C4A7,07A57D33,15.7,668.5,668.5,0:31:17,86:59:13,-,-,0,-,,,,,04,28,00000000,00,11,,
2025-10-17 17:53:59,2025-10-17 17:53:59,2025-10-17 17:53:59,2025-10-17 17:53:57,867488068342780,25017,GTERI,0x19FE3FBF,0x00028102,802003,0x8303,0x0115,100,13608,0000,-,01,00,22,12,12,-,01,01,29.0,29.9,205,242,580,579,-23.258549,-23.258439,-51.157852,-51.157752,0724,0006,C4A7,07A72915,15.6,668.5,668.5,0:31:14,86:59:10,-,-,0,-,,,,,04,3,00000000,00,11,,
2025-10-17 17:53:56,2025-10-17 17:53:56,2025-10-17 17:53:56,2025-10-17 17:53:56,867488068342780,25016,GTERI,0x19FE3FBF,0x00028102,802003,0x8303,0x0115,100,13608,0000,-,01,00,22,12,12,-,01,01,30.8,30.8,259,259,578,578,-23.258411,-23.258411,-51.157677,-51.157677,0724,0006,C4A7,07A72915,15.6,668.5,668.5,0:31:11,86:59:07,-,-,0,-,,,,,04,3,00000000,00,11,,
2025-10-17 17:53:54,,,,25015,GTHBE
2025-10-17 17:53:53,2025-10-17 17:53:53,2025-10-17 17:53:53,2025-10-17 17:53:51,867488068342780,25014,GTERI,0x19FE3FBF,0x00028102,802003,0x8303,0x0115,100,13700,0000,-,01,00,22,12,12,-,01,01,29.2,29.5,313,351,578,578,-23.258462,-23.258586,-51.157447,-51.157368,0724,0006,C4A7,07A5BC16,15.6,668.5,668.5,0:31:08,86:59:04,-,-,0,-,,,,,04,3,00000000,00,11,,
2025-10-17 17:53:45,2025-10-17 17:53:46,2025-10-17 17:53:45,2025-10-17 17:53:24,867488068342780,25013,GTERI,0x19FE3FBF,0x00028102,802003,0x8303,0x0115,100,13718,0000,-,01,00,22,12,12,-,01,01,4.3,34.1,4,345,579,579,-23.25891,-23.259187,-51.157441,-51.157392,0724,0006,C4A7,07A5BC16,15.6,668.4,668.4,0:31:02,86:58:58,-,-,0,-,,,,,04,3,00000000,00,11,,
2025-10-17 17:53:26,,,,867488068342780,25012,ACK
2025-10-17 17:53:23,2025-10-17 17:53:24,2025-10-17 17:53:23,2025-10-17 17:52:52,867488068342780,25011,GTSPD,0x19FE7FBF,,802003,0x8303,0x0115,100,13787,0000,0000,01,01,22,12,12,-,01,01,38.8,75.4,345,316,579,568,-23.259273,-23.263978,-51.157366,-51.155133,0724,0006,C4A7,07A72915,15.5,668.4,667.8,0:30:38,86:58:34,-,-,0,-,,,,,,,,,01
2025-10-17 17:52:52,2025-10-17 17:52:52,2025-10-17 17:52:50,2025-10-17 17:52:50,867488068342780,25010,GTERI,0x19FE3FBF,0x00028102,802003,0x8303,0x0115,100,13834,0000,-,01,01,22,12,12,-,01,01,75.4,75.4,318,318,566,566,-23.264254,-23.264254,-51.154855,-51.154855,0724,0006,C4A7,07A72915,14.9,667.8,667.8,0:30:08,86:58:04,-,-,0,-,,,,,04,3,00000000,00,10,,
2025-10-17 17:52:51,,,,867488068342780,25009,HBD
2025-10-17 17:52:19,2025-10-17 17:52:20,2025-10-17 17:52:19,2025-10-17 17:52:13,867488068342780,25008,GTERI,0x19FE3FBF,0x00028102,802003,0x8303,0x0115,100,13810,0000,-,01,01,22,12,12,-,01,01,63.3,70.1,310,287,531,522,-23.268692,-23.269152,-51.151791,-51.150849,0724,0006,C4A7,07A72916,14.3,667.2,667.1,0:29:35,86:57:31,-,-,0,-,,,,,04,3,00000000,00,11,,
2025-10-17 17:52:11,,,,867488068342780,25007,ACK
2025-10-17 17:52:01,,,,867488068342780,25006,ACK
2025-10-17 17:52:01,2025-10-17 17:52:02,2025-10-17 17:52:01,2025-10-17 17:52:01,867488068342780,25005,GTERI,0x19FE3FBF,0x00028102,802003,0x8303,0x0115,100,13836,0000,-,01,00,22,12,12,-,01,01,50.8,50.8,265,265,514,514,-23.269495,-23.269495,-51.148835,-51.148835,0724,0006,C4A7,07A7390B,14.0,666.8,666.8,0:29:17,86:57:13,-,-,0,-,,,,,04,1,00000000,00,11,,
2025-10-17 17:52:00,2025-10-17 17:52:00,2025-10-17 17:51:59,2025-10-17 17:51:59,867488068342780,25004,GTSPD,0x19FE7FBF,,802003,0x8303,0x0115,100,13836,0000,0000,01,00,22,12,12,-,01,01,47.7,47.7,287,287,512,512,-23.269513,-23.269513,-51.148568,-51.148568,0724,0006,C4A7,07A5CC15,14.0,666.8,666.8,0:29:14,86:57:10,-,-,0,-,,,,,,,,,00
2025-10-17 17:51:57,2025-10-17 17:51:58,2025-10-17 17:51:57,2025-10-17 17:51:57,867488068342780,25003,GTERI,0x19FE3FBF,0x00028102,802003,0x8303,0x0115,100,13836,0000,-,01,00,22,12,12,-,01,01,44.9,44.9,316,316,512,512,-23.269627,-23.269627,-51.148348,-51.148348,0724,0006,C4A7,07A5CC15,13.9,666.8,666.8,0:29:11,86:57:07,-,-,0,-,,,,,04,3,00000000,00,11,,
2025-10-17 17:51:56,,,,867488068342780,25002,ACK
2025-10-17 17:51:53,2025-10-17 17:51:54,2025-10-17 17:51:53,2025-10-17 17:51:42,867488068342780,25001,GTSPD,0x19FE7FBF,,802003,0x8303,0x0115,100,13836,0000,0000,01,01,22,12,12,-,01,01,43.7,66.0,10,22,510,499,-23.270028,-23.271255,-51.148198,-51.149264,0724,0006,C4A7,07A72916,13.9,666.7,666.5,0:29:08,86:57:04,-,-,0,-,,,,,,,,,01
2025-10-17 17:51:41,,,,25000,GTHBE
2025-10-17 17:51:41,2025-10-17 17:51:42,2025-10-17 17:51:41,2025-10-17 17:51:38,867488068342780,24999,GTERI,0x19FE3FBF,0x00028102,802003,0x8303,0x0115,100,13697,0000,-,01,01,22,12,12,-,01,01,67.5,73.2,10,357,499,500,-23.271414,-23.271942,-51.149321,-51.149333,0724,0006,C4A7,07A72916,13.7,666.5,666.5,0:28:56,86:56:52,-,-,0,-,,,,,04,3,00000000,00,11,,
2025-10-17 17:51:32,,,,867488068342780,24998,ACK
2025-10-17 17:51:22,,,,867488068342780,24997,ACK
2025-10-17 17:51:21,2025-10-17 17:51:21,2025-10-17 17:51:21,2025-10-17 17:51:21,867488068342780,24996,GTSPD,0x19FE7FBF,,802003,0x8303,0x0115,100,13831,0000,0000,01,00,22,12,12,-,01,01,50.5,50.5,0,0,520,520,-23.274684,-23.274684,-51.149256,-51.149256,0724,0006,C4A7,07A73917,13.3,666.2,666.2,0:28:35,86:56:31,-,-,0,-,,,,,,,,,00
2025-10-17 17:50:57,,,,867488068342780,24995,HBD
2025-10-17 17:50:21,,,,867488068342780,24994,ACK
2025-10-17 17:50:17,2025-10-17 17:50:18,2025-10-17 17:50:17,2025-10-17 17:50:09,867488068342780,24993,GTSPD,0x19FE7FBF,,802003,0x8303,0x0115,100,13698,0000,0000,01,01,22,12,12,-,01,01,39.1,55.4,0,0,539,549,-23.277329,-23.278308,-51.149272,-51.149279,0724,0006,C4A7,07A73917,13.0,665.9,665.8,0:27:32,86:55:28,-,-,0,-,,,,,,,,,01
2025-10-17 17:50:11,,,,867488068342780,24992,ACK
2025-10-17 17:50:01,,,,867488068342780,24991,ACK
2025-10-17 17:49:58,2025-10-17 17:49:59,2025-10-17 17:49:58,2025-10-17 17:49:58,867488068342780,24990,GTSPD,0x19FE7FBF,,802003,0x8303,0x0115,100,13607,0000,0000,01,00,22,12,12,-,01,01,49.9,49.9,0,0,564,564,-23.279785,-23.279785,-51.149292,-51.149292,0724,0006,C4A7,07A57DD5,12.7,665.6,665.6,0:27:14,86:55:10,-,-,0,-,,,,,,,,,00
2025-10-17 17:49:51,2025-10-17 17:49:52,2025-10-17 17:49:50,2025-10-17 17:49:51,867488068342780,24989,GTERI,0x19FE3FBF,0x00028102,802003,0x8303,0x0115,100,13815,0000,-,01,00,22,12,12,-,01,01,29.9,34.2,322,313,569,569,-23.280494,-23.280434,-51.148955,-51.149017,0724,0006,C4A7,07A5CCF1,12.7,665.5,665.5,0:27:08,86:55:04,-,-,0,-,,,,,04,7,00000000,00,10,,
2025-10-17 17:49:04,2025-10-17 17:49:05,2025-10-17 17:49:04,2025-10-17 17:48:51,867488068342780,24988,GTERI,0x19FE3FBF,0x00028102,802003,0x8303,0x0115,100,13657,0000,-,01,00,22,12,12,-,01,01,6.0,10.4,314,329,566,565,-23.281194,-23.281423,-51.148216,-51.148042,0724,0006,C4A7,07A54F01,12.5,665.4,665.4,0:26:20,86:54:16,-,-,0,-,,,,,04,7,00000000,00,11,,
2025-10-17 17:48:57,,,,867488068342780,24987,HBD
2025-10-17 17:46:52,2025-10-17 17:46:52,2025-10-17 17:46:50,2025-10-17 17:45:44,867488068342780,24986,GTERI,0x19FE3FBF,0x00028102,802003,0x8303,0x0115,100,13826,0000,-,01,00,22,12,12,-,01,01,7.3,32.1,0,359,556,546,-23.282493,-23.283916,-51.14791,-51.147917,0724,0006,C4A7,07A5CCF1,12.4,665.3,665.1,0:24:08,86:52:04,-,-,0,-,,,,,04,7,00000000,00,10,,
2025-10-17 17:46:52,,,,867488068342780,24985,HBD
2025-10-17 17:45:45,,,,867488068342780,24984,ACK
2025-10-17 17:45:43,2025-10-17 17:45:44,2025-10-17 17:45:43,2025-10-17 17:45:24,867488068342780,24983,GTSPD,0x19FE7FBF,,802003,0x8303,0x0115,100,13754,0000,0000,01,01,22,12,12,-,01,01,38.7,75.9,359,359,546,534,-23.284002,-23.286996,-51.147917,-51.14792,0724,0006,C4A7,07A5CCD4,12.2,665.1,664.8,0:22:59,86:50:55,-,-,0,-,,,,,,,,,01
2025-10-17 17:44:56,,,,867488068342780,24982,HBD
2025-10-17 17:44:35,,,,867488068342780,24981,ACK
2025-10-17 17:44:25,2025-10-17 17:44:26,2025-10-17 17:44:25,2025-10-17 17:44:25,867488068342780,24980,GTSPD,0x19FE7FBF,,802003,0x8303,0x0115,100,13830,0000,0000,01,00,22,12,12,-,01,01,51.1,51.1,352,352,545,545,-23.295861,-23.295861,-51.145724,-51.145724,0724,0006,C4A7,07A70703,10.9,663.7,663.7,0:21:41,86:49:37,-,-,0,-,,,,,,,,,00
2025-10-17 17:44:25,,,,867488068342780,24979,ACK
2025-10-17 17:44:19,,,,867488068342780,24978,ACK
2025-10-17 17:44:17,2025-10-17 17:44:18,2025-10-17 17:44:17,2025-10-17 17:44:12,867488068342780,24977,GTSPD,0x19FE7FBF,,802003,0x8303,0x0115,100,13830,0000,0000,01,00,22,12,12,-,01,01,36.9,50.0,357,355,547,547,-23.296682,-23.297262,-51.145634,-51.145599,0724,0006,C4A7,07A70702,10.8,663.7,663.6,0:21:32,86:49:28,-,-,0,-,,,,,,,,,01
2025-10-17 17:44:14,,,,867488068342780,24976,ACK
2025-10-17 17:44:11,2025-10-17 17:44:12,2025-10-17 17:44:11,2025-10-17 17:44:11,867488068342780,24975,GTSPD,0x19FE7FBF,,802003,0x8303,0x0115,100,13761,0000,0000,01,00,22,12,12,-,01,01,48.3,48.3,355,355,547,547,-23.297385,-23.297385,-51.145589,-51.145589,0724,0006,C4A7,07A70702,10.7,663.6,663.6,0:21:26,86:49:22,-,-,0,-,,,,,,,,,00
2025-10-17 17:43:51,2025-10-17 17:43:52,2025-10-17 17:43:50,2025-10-17 17:43:10,867488068342780,24974,GTERI,0x19FE3FBF,0x00028102,802003,0x8303,0x0115,100,13693,0000,-,01,00,22,12,12,-,01,01,33.2,43.3,357,5,548,550,-23.299176,-23.302729,-51.145456,-51.145331,0724,0006,C4A7,07A70702,10.5,663.4,663.0,0:21:08,86:49:04,-,-,0,-,,,,,04,7,00000000,00,10,,
2025-10-17 17:43:01,2025-10-17 17:43:01,2025-10-17 17:43:01,2025-10-17 17:43:01,867488068342780,24973,GTERI,0x19FE3FBF,0x00028102,802003,0x8303,0x0115,100,13836,0000,-,01,00,22,12,12,-,01,01,35.5,35.5,25,25,550,550,-23.30363,-23.30363,-51.14551,-51.14551,0724,0006,C4A7,07A55502,10.0,662.9,662.9,0:20:17,86:48:13,-,-,0,-,,,,,04,7,00000000,00,11,,
2025-10-17 17:42:54,2025-10-17 17:42:54,2025-10-17 17:42:54,2025-10-17 17:42:34,867488068342780,24972,GTERI,0x19FE3FBF,0x00028102,802003,0x8303,0x0115,100,13836,0000,-,01,00,22,12,12,-,01,01,25.4,42.8,71,40,550,547,-23.303939,-23.304671,-51.145984,-51.146889,0724,0006,C4A7,07A55502,9.9,662.8,662.7,0:20:08,86:48:04,-,-,0,-,,,,,04,7,00000000,00,11,,
2025-10-17 17:42:54,,,,867488068342780,24971,HBD
2025-10-17 17:42:34,,,,867488068342780,24970,ACK
2025-10-17 17:42:34,2025-10-17 17:42:34,2025-10-17 17:42:34,2025-10-17 17:42:13,867488068342780,24969,GTSPD,0x19FE7FBF,,802003,0x8303,0x0115,100,13870,0000,0000,01,01,22,12,12,-,01,01,42.8,54.5,40,14,547,544,-23.304671,-23.30713,-51.146889,-51.147876,0724,0006,C4A7,07A54E01,9.8,662.7,662.4,0:19:50,86:47:46,-,-,0,-,,,,,,,,,01
2025-10-17 17:42:09,,,,867488068342780,24968,ACK
2025-10-17 17:41:59,,,,867488068342780,24967,ACK
2025-10-17 17:41:55,2025-10-17 17:41:56,2025-10-17 17:41:55,2025-10-17 17:41:55,867488068342780,24966,GTSPD,0x19FE7FBF,,802003,0x8303,0x0115,100,13825,0000,0000,01,00,22,12,12,-,01,01,47.7,47.7,12,12,551,551,-23.309382,-23.309382,-51.148518,-51.148518,0724,0006,C4A7,07A55502,9.3,662.2,662.2,0:19:11,86:47:07,-,-,0,-,,,,,,,,,00
2025-10-17 17:41:38,2025-10-17 17:41:39,2025-10-17 17:41:38,2025-10-17 17:41:38,867488068342780,24965,GTERI,0x19FE3FBF,0x00028102,802003,0x8303,0x0115,100,13905,0000,-,01,00,22,12,12,-,01,01,19.4,19.4,16,16,553,553,-23.310648,-23.310648,-51.148855,-51.148855,0724,0006,C4A7,07A54E02,9.1,662.0,662.0,0:18:53,86:46:49,-,-,0,-,,,,,04,7,00000000,00,11,,
2025-10-17 17:41:28,2025-10-17 17:41:29,2025-10-17 17:41:28,2025-10-17 17:41:27,867488068342780,24964,GTERI,0x19FE3FBF,0x00028102,802003,0x8303,0x0115,100,13936,0000,-,01,00,22,12,12,-,01,01,11.5,12.9,330,332,555,557,-23.310909,-23.310939,-51.148813,-51.148796,0724,0006,C4A7,07A54E02,9.1,662.0,662.0,0:18:44,86:46:40,-,-,0,-,,,,,04,7,00000000,00,11,,
2025-10-17 17:40:52,2025-10-17 17:40:52,2025-10-17 17:40:50,2025-10-17 17:40:43,867488068342780,24963,GTERI,0x19FE3FBF,0x00028102,802003,0x8303,0x0115,100,13966,0000,-,01,00,22,12,12,-,01,01,13.6,32.5,16,5,557,560,-23.311127,-23.311435,-51.148765,-51.148787,0724,0006,C4A7,07A54E02,9.1,661.9,661.9,0:18:08,86:46:04,-,-,0,-,,,,,04,7,00000000,00,10,,
2025-10-17 17:40:51,,,,867488068342780,24962,HBD
2025-10-17 17:40:20,,,,24961,GTHBE
2025-10-17 17:40:19,,,,867488068342780,24960,ACK
2025-10-17 17:40:15,2025-10-17 17:40:16,2025-10-17 17:40:15,2025-10-17 17:39:50,867488068342780,24959,GTSPD,0x19FE7FBF,,802003,0x8303,0x0115,100,13804,0000,0000,01,01,22,12,12,-,01,01,35.6,76.1,21,13,561,562,-23.312198,-23.315658,-51.149237,-51.150356,0724,0006,C4A7,07A54E02,9.0,661.8,661.4,0:17:29,86:45:25,-,-,0,-,,,,,,,,,01
2025-10-17 17:39:49,2025-10-17 17:39:50,2025-10-17 17:39:49,2025-10-17 17:38:53,867488068342780,24958,GTERI,0x19FE3FBF,0x00028102,802003,0x8303,0x0115,100,13960,0000,-,01,01,22,12,12,-,01,01,75.8,87.7,12,340,562,539,-23.315845,-23.3267,-51.150404,-51.14631,0724,0006,C4A7,07A7450B,8.6,661.4,660.1,0:17:05,86:45:01,-,-,0,-,,,,,04,1,00000000,00,11,,
2025-10-17 17:38:55,,,,867488068342780,24957,HBD
2025-10-17 17:37:51,2025-10-17 17:37:52,2025-10-17 17:37:50,2025-10-17 17:37:51,867488068342780,24956,GTERI,0x19FE3FBF,0x00028102,802003,0x8303,0x0115,100,13941,0000,-,01,01,22,12,12,-,01,01,70.3,71.3,327,329,525,525,-23.337738,-23.337585,-51.145397,-51.145497,0724,0006,C4A7,07A54B0C,6.0,658.9,658.9,0:15:08,86:43:04,-,-,0,-,,,,,04,1,00000000,00,10,,
2025-10-17 17:37:49,,,,867488068342780,24955,ACK
2025-10-17 17:37:39,,,,867488068342780,24954,ACK
2025-10-17 17:37:37,2025-10-17 17:37:37,2025-10-17 17:37:37,2025-10-17 17:37:37,867488068342780,24953,GTSPD,0x19FE7FBF,,802003,0x8303,0x0115,100,13934,0000,0000,01,00,22,12,12,-,01,01,50.8,50.8,325,325,529,529,-23.339443,-23.339443,-51.144157,-51.144157,0724,0006,C4A7,07A54B0C,5.8,658.6,658.6,0:14:53,86:42:49,-,-,0,-,,,,,,,,,00
2025-10-17 17:37:30,2025-10-17 17:37:30,2025-10-17 17:37:30,2025-10-17 17:37:30,867488068342780,24952,GTERI,0x19FE3FBF,0x00028102,802003,0x8303,0x0115,100,13885,0000,-,01,00,22,12,12,-,01,01,19.9,19.9,327,327,532,532,-23.339998,-23.339998,-51.143757,-51.143757,0724,0006,C4A7,07A54B0C,5.7,658.6,658.6,0:14:44,86:42:40,-,-,0,-,,,,,04,1,00000000,00,11,,
2025-10-17 17:37:17,2025-10-17 17:37:17,2025-10-17 17:37:17,2025-10-17 17:37:16,867488068342780,24951,GTERI,0x19FE3FBF,0x00028102,802003,0x8303,0x0115,100,13897,0000,-,01,00,22,12,12,-,01,01,18.2,18.6,12,38,533,533,-23.340283,-23.340325,-51.143631,-51.143648,0724,0006,C4A7,07A54B0C,5.7,658.5,658.5,0:14:32,86:42:28,-,-,0,-,,,,,04,1,00000000,00,11,,
2025-10-17 17:37:15,,,,24950,GTHBE
2025-10-17 17:37:15,2025-10-17 17:37:15,2025-10-17 17:37:15,2025-10-17 17:36:32,867488068342780,24949,GTERI,0x19FE3FBF,0x00028102,802003,0x8303,0x0115,100,13897,0000,-,01,00,22,12,12,-,01,01,19.5,34.7,65,119,534,535,-23.340357,-23.339922,-51.143684,-51.144629,0724,0006,C4A7,07A54B0C,5.6,658.5,658.4,0:14:29,86:42:25,-,-,0,-,,,,,04,1,00000000,00,11,,
2025-10-17 17:36:55,,,,867488068342780,24948,HBD
2025-10-17 17:36:35,,,,867488068342780,24947,ACK
2025-10-17 17:36:31,2025-10-17 17:36:32,2025-10-17 17:36:31,2025-10-17 17:36:25,867488068342780,24946,GTSPD,0x19FE7FBF,,802003,0x8303,0x0115,100,13794,0000,0000,01,01,22,12,12,-,01,01,38.4,50.5,120,119,536,536,-23.339878,-23.339533,-51.144713,-51.145367,0724,0006,C4A7,07A6EBD4,5.6,658.4,658.3,0:13:47,86:41:43,-,-,0,-,,,,,,,,,01
2025-10-17 17:36:24,,,,867488068342780,24945,ACK
2025-10-17 17:36:24,2025-10-17 17:36:25,2025-10-17 17:36:24,2025-10-17 17:36:17,867488068342780,24944,GTERI,0x19FE3FBF,0x00028102,802003,0x8303,0x0115,100,13946,0000,-,01,00,22,12,12,-,01,01,51.0,54.3,119,96,536,537,-23.339471,-23.339177,-51.145487,-51.146415,0724,0006,C4A7,07A54BF2,5.4,658.3,658.2,0:13:38,86:41:34,-,-,0,-,,,,,04,7,00000000,00,11,,
2025-10-17 17:36:15,2025-10-17 17:36:16,2025-10-17 17:36:15,2025-10-17 17:36:15,867488068342780,24943,GTSPD,0x19FE7FBF,,802003,0x8303,0x0115,100,13760,0000,0000,01,00,22,12,12,-,01,01,49.4,49.4,90,90,538,538,-23.33916,-23.33916,-51.146699,-51.146699,0724,0006,C4A7,07A54BF2,5.3,658.2,658.2,0:13:29,86:41:25,-,-,0,-,,,,,,,,,00
2025-10-17 17:36:14,,,,867488068342780,24942,ACK
2025-10-17 17:36:00,,,,867488068342780,24941,ACK
2025-10-17 17:35:57,2025-10-17 17:35:58,2025-10-17 17:35:57,2025-10-17 17:35:51,867488068342780,24940,GTSPD,0x19FE7FBF,,802003,0x8303,0x0115,100,13875,0000,0000,01,01,22,12,12,-,01,01,35.6,56.6,58,53,540,543,-23.339463,-23.339889,-51.147918,-51.148555,0724,0006,C4A7,07A54BF2,5.2,658.1,658.0,0:13:11,86:41:07,-,-,0,-,,,,,,,,,01
2025-10-17 17:35:49,,,,867488068342780,24939,ACK
2025-10-17 17:35:39,,,,867488068342780,24938,ACK
2025-10-17 17:35:39,2025-10-17 17:35:40,2025-10-17 17:35:39,2025-10-17 17:35:39,867488068342780,24937,GTSPD,0x19FE7FBF,,802003,0x8303,0x0115,100,13925,0000,0000,01,00,22,12,12,-,01,01,47.0,47.0,56,56,545,545,-23.340826,-23.340826,-51.149898,-51.149898,0724,0006,C4A7,07A54B03,4.9,657.8,657.8,0:12:53,86:40:49,-,-,0,-,,,,,,,,,00
2025-10-17 17:35:27,2025-10-17 17:35:28,2025-10-17 17:35:27,2025-10-17 17:35:27,867488068342780,24936,GTERI,0x19FE3FBF,0x00028102,802003,0x8303,0x0115,100,13920,0000,-,01,00,22,12,12,-,01,01,38.9,38.9,72,72,536,536,-23.341229,-23.341229,-51.151142,-51.151142,0724,0006,C4A7,07A54B03,4.8,657.7,657.7,0:12:41,86:40:37,-,-,0,-,,,,,04,7,00000000,00,11,,
2025-10-17 17:35:26,,,,24935,GTHBE
2025-10-17 17:35:10,2025-10-17 17:35:11,2025-10-17 17:35:10,2025-10-17 17:35:07,867488068342780,24934,GTERI,0x19FE3FBF,0x00028102,802003,0x8303,0x0115,100,13969,0000,-,01,00,22,12,12,-,01,01,27.4,33.4,118,97,533,534,-23.340569,-23.340498,-51.151995,-51.152221,0724,0006,C4A7,07A54B03,4.7,657.5,657.5,0:12:26,86:40:22,-,-,0,-,,,,,04,7,00000000,00,11,,
2025-10-17 17:35:09,,,,867488068342780,24933,ACK
2025-10-17 17:35:06,2025-10-17 17:35:07,2025-10-17 17:35:06,2025-10-17 17:35:00,867488068342780,24932,GTSPD,0x19FE7FBF,,802003,0x8303,0x0115,100,13969,0000,0000,01,01,22,12,12,-,01,01,38.4,51.1,89,82,534,539,-23.340491,-23.340578,-51.152315,-51.153068,0724,0006,C4A7,07A54B03,4.6,657.5,657.4,0:12:20,86:40:16,-,-,0,-,,,,,,,,,01
2025-10-17 17:34:54,,,,867488068342780,24931,ACK
2025-10-17 17:34:52,2025-10-17 17:34:52,2025-10-17 17:34:50,2025-10-17 17:34:50,867488068342780,24930,GTERI,0x19FE3FBF,0x00028102,802003,0x8303,0x0115,100,14015,0000,-,01,00,22,12,12,-,01,01,47.9,47.9,72,72,549,549,-23.340784,-23.340784,-51.154383,-51.154383,0724,0006,C4A7,07A54B03,4.4,657.3,657.3,0:12:08,86:40:04,-,-,0,-,,,,,04,7,00000000,00,10,,
2025-10-17 17:34:51,,,,867488068342780,24929,HBD
2025-10-17 17:34:44,2025-10-17 17:34:44,2025-10-17 17:34:44,2025-10-17 17:34:44,867488068342780,24928,GTSPD,0x19FE7FBF,,802003,0x8303,0x0115,100,14024,0000,0000,01,00,22,12,12,-,01,01,47.1,47.1,68,68,552,552,-23.341037,-23.341037,-51.155104,-51.155104,0724,0006,C4A7,07A54B03,4.4,657.2,657.2,0:11:59,86:39:55,-,-,0,-,,,,,,,,,00
2025-10-17 17:34:44,,,,867488068342780,24927,ACK
2025-10-17 17:34:29,2025-10-17 17:34:29,2025-10-17 17:34:29,2025-10-17 17:34:27,867488068342780,24926,GTSPD,0x19FE7FBF,,802003,0x8303,0x0115,100,14107,0000,0000,01,00,22,12,12,-,01,01,44.5,45.4,65,65,554,554,-23.341623,-23.341717,-51.156655,-51.156876,0724,0006,C4A7,07A54B03,4.2,657.0,657.0,0:11:44,86:39:40,-,-,0,-,,,,,,,,,01
2025-10-17 17:34:26,2025-10-17 17:34:26,2025-10-17 17:34:26,2025-10-17 17:34:26,867488068342780,24925,GTSPD,0x19FE7FBF,,802003,0x8303,0x0115,100,14033,0000,0000,01,00,22,12,12,-,01,01,46.4,46.4,65,65,554,554,-23.341765,-23.341765,-51.156989,-51.156989,0724,0006,C4A7,07A5BF02,4.1,657.0,657.0,0:11:41,86:39:37,-,-,0,-,,,,,,,,,00
2025-10-17 17:33:50,,,,24924,GTHBE
2025-10-17 17:33:34,,,,867488068342780,24923,ACK
2025-10-17 17:33:31,2025-10-17 17:33:32,2025-10-17 17:33:31,2025-10-17 17:33:27,867488068342780,24922,GTSPD,0x19FE7FBF,,802003,0x8303,0x0115,100,14103,0000,0000,01,00,22,12,12,-,01,01,37.1,49.2,67,68,556,557,-23.343519,-23.343685,-51.161568,-51.162018,0724,0006,C4A7,07A5BF0C,3.6,656.5,656.4,0:10:47,86:38:43,-,-,0,-,,,,,,,,,01
2025-10-17 17:33:24,,,,867488068342780,24921,ACK
2025-10-17 17:33:20,2025-10-17 17:33:21,2025-10-17 17:33:20,2025-10-17 17:33:20,867488068342780,24920,GTSPD,0x19FE7FBF,,802003,0x8303,0x0115,100,14103,0000,0000,01,00,22,12,12,-,01,01,47.2,47.2,67,67,561,561,-23.344009,-23.344009,-51.162876,-51.162876,0724,0006,C4A7,07A5BF0B,3.5,656.4,656.4,0:10:35,86:38:31,-,-,0,-,,,,,,,,,00
2025-10-17 17:32:54,,,,867488068342780,24919,HBD
2025-10-17 17:32:33,,,,867488068342780,24918,ACK
2025-10-17 17:32:32,2025-10-17 17:32:33,2025-10-17 17:32:32,2025-10-17 17:32:19,867488068342780,24917,GTSPD,0x19FE7FBF,,802003,0x8303,0x0115,100,14083,0000,0000,01,01,22,12,12,-,01,01,38.1,60.5,68,67,569,580,-23.344621,-23.345279,-51.164556,-51.166321,0724,0006,C4A7,07A5BF0B,3.3,656.2,656.0,0:09:47,86:37:43,-,-,0,-,,,,,,,,,01
2025-10-17 17:32:13,,,,867488068342780,24916,ACK
2025-10-17 17:32:04,,,,867488068342780,24915,ACK
2025-10-17 17:32:02,2025-10-17 17:32:03,2025-10-17 17:32:02,2025-10-17 17:32:02,867488068342780,24914,GTSPD,0x19FE7FBF,,802003,0x8303,0x0115,100,14178,0000,0000,01,00,22,12,12,-,01,01,49.2,49.2,67,67,594,594,-23.34616,-23.34616,-51.168693,-51.168693,0724,0006,C4A7,07A5BF0B,2.9,655.7,655.7,0:09:17,86:37:13,-,-,0,-,,,,,,,,,00
2025-10-17 17:31:53,2025-10-17 17:31:54,2025-10-17 17:31:53,2025-10-17 17:31:53,867488068342780,24913,GTERI,0x19FE3FBF,0x00028102,802003,0x8303,0x0115,100,14058,0000,-,01,00,22,12,12,-,01,01,16.4,16.4,82,82,597,597,-23.34645,-23.34645,-51.169499,-51.169499,0724,0006,C4A7,07A5BF0B,2.8,655.6,655.6,0:09:08,86:37:04,-,-,0,-,,,,,04,1,00000000,00,11,,
2025-10-17 17:31:51,2025-10-17 17:31:52,2025-10-17 17:31:50,2025-10-17 17:31:26,867488068342780,24912,GTERI,0x19FE3FBF,0x00028102,802003,0x8303,0x0115,100,14211,0000,-,01,00,22,12,12,-,01,01,4.0,36.7,146,179,596,592,-23.346431,-23.345929,-51.169575,-51.16959,0724,0006,C4A7,07A5BF0B,2.8,655.6,655.6,0:09:08,86:37:04,-,-,0,-,,,,,04,1,00000000,00,10,,
2025-10-17 17:31:29,,,,867488068342780,24911,ACK
2025-10-17 17:31:25,2025-10-17 17:31:26,2025-10-17 17:31:25,2025-10-17 17:31:21,867488068342780,24910,GTSPD,0x19FE7FBF,,802003,0x8303,0x0115,100,14222,0000,0000,01,01,22,12,12,-,01,01,40.4,47.9,179,179,591,588,-23.345834,-23.345383,-51.169591,-51.169594,0724,0006,C4A7,07A5BF01,2.7,655.6,655.5,0:08:41,86:36:37,-,-,0,-,,,,,,,,,01
2025-10-17 17:31:23,,,,867488068342780,24909,ACK
2025-10-17 17:31:14,2025-10-17 17:31:15,2025-10-17 17:31:14,2025-10-17 17:31:14,867488068342780,24908,GTSPD,0x19FE7FBF,,802003,0x8303,0x0115,100,14222,0000,0000,01,00,22,12,12,-,01,01,45.8,45.8,180,180,582,582,-23.344558,-23.344558,-51.169604,-51.169604,0724,0006,C4A7,07A5BF01,2.6,655.4,655.4,0:08:29,86:36:25,-,-,0,-,,,,,,,,,00
2025-10-17 17:31:13,,,,867488068342780,24907,ACK
2025-10-17 17:30:53,,,,867488068342780,24906,ACK
2025-10-17 17:30:52,2025-10-17 17:30:53,2025-10-17 17:30:52,2025-10-17 17:30:34,867488068342780,24905,GTSPD,0x19FE7FBF,,802003,0x8303,0x0115,100,14204,0000,0000,01,01,22,12,12,-,01,01,44.1,70.1,180,180,566,546,-23.342247,-23.339825,-51.169583,-51.169564,0724,0006,C4A7,07A5BF01,2.3,655.2,654.9,0:08:08,86:36:04,-,-,0,-,,,,,,,,,01
2025-10-17 17:30:52,,,,867488068342780,24904,HBD
2025-10-17 17:30:38,,,,867488068342780,24903,ACK
2025-10-17 17:30:28,2025-10-17 17:30:29,2025-10-17 17:30:28,2025-10-17 17:30:28,867488068342780,24902,GTSPD,0x19FE7FBF,,802003,0x8303,0x0115,100,14078,0000,0000,01,00,22,12,12,-,01,01,51.4,51.4,152,152,554,554,-23.338888,-23.338888,-51.169708,-51.169708,0724,0006,C4A7,07A5BF01,1.9,654.8,654.8,0:07:44,86:35:40,-,-,0,-,,,,,,,,,00
2025-10-17 17:30:28,,,,867488068342780,24901,ACK
2025-10-17 17:30:19,2025-10-17 17:30:20,2025-10-17 17:30:19,2025-10-17 17:30:19,867488068342780,24900,GTERI,0x19FE3FBF,0x00028102,802003,0x8303,0x0115,100,13998,0000,-,01,00,22,12,12,-,01,01,16.7,16.7,149,149,560,560,-23.338333,-23.338333,-51.170308,-51.170308,0724,0006,C4A7,07A5BF01,1.9,654.7,654.7,0:07:35,86:35:31,-,-,0,-,,,,,04,7,00000000,00,11,,
2025-10-17 17:30:18,,,,24899,GTHBE
2025-10-17 17:30:17,2025-10-17 17:30:18,2025-10-17 17:30:17,2025-10-17 17:30:16,867488068342780,24898,GTERI,0x19FE3FBF,0x00028102,802003,0x8303,0x0115,100,13942,0000,-,01,00,22,12,12,-,01,01,8.3,8.9,214,239,560,561,-23.338278,-23.338261,-51.170323,-51.17031,0724,0006,C4A7,07A5BF01,1.9,654.7,654.7,0:07:32,86:35:28,-,-,0,-,,,,,04,7,00000000,00,11,,
2025-10-17 17:30:15,2025-10-17 17:30:16,2025-10-17 17:30:15,2025-10-17 17:30:12,867488068342780,24897,GTERI,0x19FE3FBF,0x00028102,802003,0x8303,0x0115,100,14131,0000,-,01,00,22,12,12,-,01,01,13.2,27.0,272,300,561,560,-23.338253,-23.338319,-51.170286,-51.170142,0724,0006,C4A7,07A5BF01,1.9,654.7,654.7,0:07:29,86:35:25,-,-,0,-,,,,,04,7,00000000,00,11,,
2025-10-17 17:29:41,2025-10-17 17:29:41,2025-10-17 17:29:41,2025-10-17 17:29:40,867488068342780,24896,GTERI,0x19FE3FBF,0x00028102,802003,0x8303,0x0115,100,13926,0000,-,01,00,22,12,12,-,01,01,12.0,14.0,340,0,554,554,-23.33876,-23.33879,-51.169638,-51.169632,0724,0006,C4A7,07A5BF01,1.8,654.6,654.6,0:06:56,86:34:52,-,-,0,-,,,,,04,7,00000000,00,11,,
2025-10-17 17:29:40,,,,24895,GTHBE
2025-10-17 17:29:39,2025-10-17 17:29:40,2025-10-17 17:29:39,2025-10-17 17:29:39,867488068342780,24894,GTERI,0x19FE3FBF,0x00028102,802003,0x8303,0x0115,100,13926,0000,-,01,00,22,12,12,-,01,01,11.9,11.9,35,35,554,554,-23.338821,-23.338821,-51.169641,-51.169641,0724,0006,C4A7,07A5BF01,1.8,654.6,654.6,0:06:56,86:34:52,-,-,0,-,,,,,04,7,00000000,00,11,,
2025-10-17 17:29:34,,,,24893,GTHBE
2025-10-17 17:29:27,,,,867488068342780,24892,ACK
2025-10-17 17:29:27,2025-10-17 17:29:27,2025-10-17 17:29:27,2025-10-17 17:29:24,867488068342780,24891,GTSPD,0x19FE7FBF,,802003,0x8303,0x0115,100,14105,0000,0000,01,01,22,12,12,-,01,01,41.7,46.3,130,125,557,559,-23.338542,-23.338355,-51.169959,-51.170253,0724,0006,C4A7,07A5BF01,1.7,654.6,654.6,0:06:41,86:34:37,-,-,0,-,,,,,,,,,01
2025-10-17 17:29:23,2025-10-17 17:29:23,2025-10-17 17:29:23,2025-10-17 17:29:14,867488068342780,24890,GTERI,0x19FE3FBF,0x00028102,802003,0x8303,0x0115,100,14105,0000,-,01,01,22,12,12,-,01,01,47.3,54.8,129,176,560,567,-23.338285,-23.33731,-51.170355,-51.170915,0724,0006,C4A7,07A5BF01,1.7,654.5,654.4,0:06:38,86:34:34,-,-,0,-,,,,,04,7,00000000,00,11,,
2025-10-17 17:29:17,,,,867488068342780,24889,ACK
2025-10-17 17:29:07,2025-10-17 17:29:08,2025-10-17 17:29:07,2025-10-17 17:29:07,867488068342780,24888,GTSPD,0x19FE7FBF,,802003,0x8303,0x0115,100,14208,0000,0000,01,00,22,12,12,-,01,01,48.0,48.0,180,180,571,571,-23.336391,-23.336391,-51.170914,-51.170914,0724,0006,C4A7,07A5BF01,1.5,654.3,654.3,0:06:23,86:34:19,-,-,0,-,,,,,,,,,00
2025-10-17 17:29:07,,,,867488068342780,24887,ACK
2025-10-17 17:28:51,2025-10-17 17:28:52,2025-10-17 17:28:50,2025-10-17 17:28:51,867488068342780,24886,GTERI,0x19FE3FBF,0x00028102,802003,0x8303,0x0115,100,14096,0000,-,01,00,22,12,12,-,01,01,25.6,27.2,175,177,570,570,-23.33512,-23.335187,-51.170922,-51.170918,0724,0006,C4A7,07A6D8DD,1.3,654.2,654.2,0:06:08,86:34:04,-,-,0,-,,,,,04,7,00000000,00,10,,
2025-10-17 17:28:47,2025-10-17 17:28:48,2025-10-17 17:28:47,2025-10-17 17:27:46,867488068342780,24885,GTERI,0x19FE3FBF,0x00028102,802003,0x8303,0x0115,100,14176,0000,-,01,00,22,12,12,-,01,01,20.7,34.7,124,92,570,576,-23.334965,-23.334792,-51.170988,-51.17376,0724,0006,C4A7,07A6D803,1.3,654.2,653.9,0:06:02,86:33:58,-,-,0,-,,,,,04,7,00000000,00,11,,
2025-10-17 17:28:47,,,,867488068342780,24884,HBD
2025-10-17 17:26:59,,,,24883,GTHBE
2025-10-17 17:26:53,,,,867488068342780,24882,ACK
2025-10-17 17:26:52,,,,867488068342780,24881,ACK
2025-10-17 17:26:52,,,,867488068342780,24880,ACK
2025-10-17 17:26:52,,,,867488068342780,24879,HBD
2025-10-17 17:26:24,2025-10-17 17:26:25,2025-10-17 17:26:24,2025-10-17 17:26:24,867488068342780,24878,GTERI,0x19FE3FBF,0x00028102,802003,0x8303,0x0115,100,14167,0000,-,01,00,22,12,12,-,01,01,27.3,27.3,75,75,610,610,-23.335419,-23.335419,-51.177496,-51.177496,0724,0006,C4A7,07A6D803,0.6,653.5,653.5,0:03:38,86:31:34,-,-,0,-,,,,,04,7,00000000,00,11,,
2025-10-17 17:26:21,2025-10-17 17:26:22,2025-10-17 17:26:21,2025-10-17 17:26:21,867488068342780,24877,GTERI,0x19FE3FBF,0x00028102,802003,0x8303,0x0115,100,14244,0000,-,01,00,22,12,12,-,01,01,25.2,25.2,131,131,612,612,-23.33538,-23.33538,-51.177695,-51.177695,0724,0006,C4A7,07A6D803,0.6,653.5,653.5,0:03:35,86:31:31,-,-,0,-,,,,,04,7,00000000,00,11,,
2025-10-17 17:26:18,,,,24876,GTHBE
2025-10-17 17:25:52,2025-10-17 17:25:52,2025-10-17 17:25:50,2025-10-17 17:25:10,867488068342780,24875,GTERI,0x19FE3FBF,0x00028102,802003,0x8303,0x0115,100,14323,0000,-,01,00,22,12,12,-,01,01,12.8,34.9,186,182,608,602,-23.334719,-23.333468,-51.177576,-51.177575,0724,0006,C4A7,07A6D835,0.6,653.4,653.3,0:03:08,86:31:04,-,-,0,-,,,,,04,28,00000000,00,10,,
2025-10-17 17:24:52,,,,867488068342780,24874,HBD
2025-10-17 17:24:35,2025-10-17 17:24:36,2025-10-17 17:24:35,2025-10-17 17:24:35,867488068342780,24873,GTERI,0x19FE3FBF,0x00028102,802003,0x8303,0x0115,100,14310,0000,-,01,00,22,12,12,-,01,01,26.8,26.8,150,150,585,585,-23.33074,-23.33074,-51.177717,-51.177717,0724,0006,C4A7,07A7140C,0.1,653.0,653.0,0:01:51,86:29:47,-,-,0,-,,,,,04,1,00000000,00,11,,
2025-10-17 17:24:32,,,,24872,GTHBE
2025-10-17 17:24:27,2025-10-17 17:24:28,2025-10-17 17:24:26,2025-10-17 17:24:26,867488068342780,24871,GTIGL,0x19FE7FBF,,802003,0x8303,0x0115,100,14231,0000,0000,01,00,22,10,10,-,01,01,9.5,9.5,201,201,573,573,-23.330332,-23.330332,-51.177741,-51.177741,0724,0006,C4A7,07A7140C,0.1,652.9,652.9,0:01:39,86:29:35,-,-,0,-,,,,,,,,,00
2025-10-17 17:24:26,2025-10-17 17:24:28,2025-10-17 17:24:26,2025-10-17 17:24:26,867488068342780,24870,GTERI,0x19FE3FBF,0x00028102,802003,0x8303,0x0115,100,14231,0000,-,01,00,22,10,10,-,01,01,9.5,9.5,201,201,573,573,-23.330332,-23.330332,-51.177741,-51.177741,0724,0006,C4A7,07A7140C,0.1,652.9,652.9,0:01:39,86:29:35,-,-,0,-,,,,,04,1,00000000,00,10,,
2025-10-17 17:24:26,2025-10-17 17:24:28,2025-10-17 17:24:26,2025-10-17 17:24:26,867488068342780,24869,GTGSS,0x19FE7FBF,,802003,0x8303,0x0115,100,14231,0000,0000,01,00,22,10,10,-,01,01,9.5,9.5,201,201,573,573,-23.330332,-23.330332,-51.177741,-51.177741,0724,0006,C4A7,07A7140C,0.1,652.9,652.9,0:01:39,86:29:35,-,-,0,-,-,,,,,,,,,01
2025-10-17 17:23:23,2025-10-17 17:23:22,2025-10-17 07:29:39,2025-10-17 07:29:39,867488068342780,24868,GTSTT,0x19FE7FBF,,802003,0x8303,0x0115,100,12332,0000,0000,01,00,22,10,10,-,00,00,8.6,8.6,267,267,559,559,-23.329796,-23.329796,-51.177584,-51.177584,0724,0006,C4A7,07A71434,0.0,652.9,652.9,0:00:36,86:28:32,-,-,0,-
2025-10-17 17:23:03,2025-10-17 17:23:02,2025-10-17 07:29:39,2025-10-17 07:29:39,867488068342780,24867,GTSTT,0x19FE7FBF,,802003,0x8303,0x0115,100,12347,0000,0000,01,00,21,10,10,-,00,00,8.6,8.6,267,267,559,559,-23.329796,-23.329796,-51.177584,-51.177584,0724,0006,C4A7,07A71434,0.0,652.9,652.9,0:00:18,86:28:14,-,-,0,-
2025-10-17 17:22:46,2025-10-17 17:22:44,2025-10-17 07:29:39,2025-10-17 07:29:39,867488068342780,24866,GTSTT,0x19FE7FBF,,802003,0x8303,0x0115,100,12094,0000,0000,01,00,22,10,10,-,00,00,8.6,8.6,267,267,559,559,-23.329796,-23.329796,-51.177584,-51.177584,0724,0006,C4A7,07A71434,0.0,652.9,652.9,0:00:00,86:27:56,-,-,0,-
2025-10-17 17:22:46,2025-10-17 17:22:44,2025-10-17 07:29:39,2025-10-17 07:29:39,867488068342780,24865,GTIGN,0x19FE7FBF,,802003,0x8303,0x0115,100,12094,0000,0000,01,00,22,10,10,35550,00,00,8.6,8.6,267,267,559,559,-23.329796,-23.329796,-51.177584,-51.177584,0724,0006,C4A7,07A71434,0.0,652.9,652.9,0:00:00,86:27:56,-,-,0,-
2025-10-17 17:22:45,,,,867488068342780,24864,HBD
2025-10-17 16:35:11,2025-10-17 16:35:09,2025-10-17 07:29:39,2025-10-17 07:29:39,867488068342780,24863,GTERI,0x19FE3FBF,0x00028102,802003,0x8303,0x0115,100,12904,0000,-,00,00,11,10,10,-,00,00,8.6,8.6,267,267,559,559,-23.329796,-23.329796,-51.177584,-51.177584,0724,0006,C4A7,07A71434,8.1,652.9,652.9,0:23:48,86:27:56,-,-,0,-,,,,,04,28,00000000,00,10,,
2025-10-17 15:35:10,2025-10-17 15:35:09,2025-10-17 07:29:39,2025-10-17 07:29:39,867488068342780,24862,GTERI,0x19FE3FBF,0x00028102,802003,0x8303,0x0115,100,12791,0000,-,00,00,11,10,10,-,00,00,8.6,8.6,267,267,559,559,-23.329796,-23.329796,-51.177584,-51.177584,0724,0006,C4A7,07A71434,8.1,652.9,652.9,0:23:48,86:27:56,-,-,0,-,,,,,04,28,00000000,00,10,,
2025-10-17 14:35:10,2025-10-17 14:35:09,2025-10-17 07:29:39,2025-10-17 07:29:39,867488068342780,24861,GTERI,0x19FE3FBF,0x00028102,802003,0x8303,0x0115,100,12797,0000,-,00,00,11,10,10,-,00,00,8.6,8.6,267,267,559,559,-23.329796,-23.329796,-51.177584,-51.177584,0724,0006,C4A7,07A71434,8.1,652.9,652.9,0:23:48,86:27:56,-,-,0,-,,,,,04,28,00000000,00,10,,
2025-10-17 13:35:10,2025-10-17 13:35:09,2025-10-17 07:29:39,2025-10-17 07:29:39,867488068342780,24860,GTERI,0x19FE3FBF,0x00028102,802003,0x8303,0x0115,100,12786,0000,-,00,00,11,10,10,-,00,00,8.6,8.6,267,267,559,559,-23.329796,-23.329796,-51.177584,-51.177584,0724,0006,C4A7,07A71434,8.1,652.9,652.9,0:23:48,86:27:56,-,-,0,-,,,,,04,28,00000000,00,10,,
2025-10-17 12:35:10,2025-10-17 12:35:09,2025-10-17 07:29:39,2025-10-17 07:29:39,867488068342780,24859,GTERI,0x19FE3FBF,0x00028102,802003,0x8303,0x0115,100,12845,0000,-,00,00,11,10,10,-,00,00,8.6,8.6,267,267,559,559,-23.329796,-23.329796,-51.177584,-51.177584,0724,0006,C4A7,07A71434,8.1,652.9,652.9,0:23:48,86:27:56,-,-,0,-,,,,,04,28,00000000,00,10,,
2025-10-17 11:35:10,2025-10-17 11:35:09,2025-10-17 07:29:39,2025-10-17 07:29:39,867488068342780,24858,GTERI,0x19FE3FBF,0x00028102,802003,0x8303,0x0115,100,12948,0000,-,00,00,11,10,10,-,00,00,8.6,8.6,267,267,559,559,-23.329796,-23.329796,-51.177584,-51.177584,0724,0006,C4A7,07A71434,8.1,652.9,652.9,0:23:48,86:27:56,-,-,0,-,,,,,04,28,00000000,00,10,,
2025-10-17 10:35:10,2025-10-17 10:35:09,2025-10-17 07:29:39,2025-10-17 07:29:39,867488068342780,24857,GTERI,0x19FE3FBF,0x00028102,802003,0x8303,0x0115,100,12950,0000,-,00,00,11,10,10,-,00,00,8.6,8.6,267,267,559,559,-23.329796,-23.329796,-51.177584,-51.177584,0724,0006,C4A7,07A71434,8.1,652.9,652.9,0:23:48,86:27:56,-,-,0,-,,,,,04,28,00000000,00,10,,
2025-10-17 09:35:10,2025-10-17 09:35:09,2025-10-17 07:29:39,2025-10-17 07:29:39,867488068342780,24856,GTERI,0x19FE3FBF,0x00028102,802003,0x8303,0x0115,100,12992,0000,-,00,00,11,10,10,-,00,00,8.6,8.6,267,267,559,559,-23.329796,-23.329796,-51.177584,-51.177584,0724,0006,C4A7,07A71434,8.1,652.9,652.9,0:23:48,86:27:56,-,-,0,-,,,,,04,28,00000000,00,10,,
2025-10-17 08:35:10,2025-10-17 08:35:09,2025-10-17 07:29:39,2025-10-17 07:29:39,867488068342780,24855,GTERI,0x19FE3FBF,0x00028102,802003,0x8303,0x0115,100,12993,0000,-,00,00,11,10,10,-,00,00,8.6,8.6,267,267,559,559,-23.329796,-23.329796,-51.177584,-51.177584,0724,0006,C4A7,07A71434,8.1,652.9,652.9,0:23:48,86:27:56,-,-,0,-,,,,,04,28,00000000,00,10,,
2025-10-17 08:23:24,,,,867488068342780,24854,GTINF,,,,,,,,,,,,,,,,,,,,,,,,,,,,,,,,,,,,,,,,,,C1,4177,03
2025-10-17 07:35:20,2025-10-17 07:35:19,2025-10-17 07:29:39,2025-10-17 07:29:39,867488068342780,24853,GTERI,0x19FE3FBF,0x00028102,802003,0x8303,0x0115,100,13094,0000,-,00,00,11,10,10,-,00,00,8.6,8.6,267,267,559,559,-23.329796,-23.329796,-51.177584,-51.177584,0724,0006,C4A7,07A71434,8.1,652.9,652.9,0:23:48,86:27:56,-,-,0,-,,,,,04,28,00000000,00,10,,
2025-10-17 07:34:43,2025-10-17 07:34:42,2025-10-17 07:29:39,2025-10-17 07:29:39,867488068342780,24852,GTGSS,0x19FE7FBF,,802003,0x8303,0x0115,100,13094,0000,0000,00,00,11,0,0,-,00,00,8.6,8.6,267,267,559,559,-23.329796,-23.329796,-51.177584,-51.177584,0724,0006,C4A7,07A71434,8.1,652.9,652.9,0:23:48,86:27:56,-,-,0,-,-,,,,,,,,,00
2025-10-17 07:32:55,2025-10-17 07:32:54,2025-10-17 07:29:23,2025-10-17 07:29:23,867488068342780,24851,GTERI,0x19FE3FBF,0x00028102,802003,0x8303,0x0115,100,13136,0000,-,00,00,11,12,12,-,00,00,7.5,7.5,267,267,561,561,-23.329611,-23.329611,-51.177577,-51.177577,0724,0006,C4A7,07A71434,8.1,652.9,652.9,0:23:48,86:27:56,-,-,0,-,,,,,04,28,00000000,00,10,,
2025-10-17 07:31:26,,,,867488068342780,24850,HBD
2025-10-17 07:30:45,2025-10-17 07:30:44,2025-10-17 07:29:39,2025-10-17 07:29:39,867488068342780,24849,GTSTT,0x19FE7FBF,,802003,0x8303,0x0115,100,13209,0000,0000,00,00,11,10,10,-,00,00,8.6,8.6,267,267,559,559,-23.329796,-23.329796,-51.177584,-51.177584,0724,0006,C4A7,07A71434,8.1,652.9,652.9,0:23:48,86:27:56,-,-,0,-
2025-10-17 07:30:19,2025-10-17 07:30:18,2025-10-17 07:29:23,2025-10-17 07:29:23,867488068342780,24848,GTIGL,0x19FE7FBF,,802003,0x8303,0x0115,100,13195,0000,0000,00,00,12,12,12,-,00,00,7.5,7.5,267,267,561,561,-23.329611,-23.329611,-51.177577,-51.177577,0724,0006,C4A7,07A71434,8.1,652.9,652.9,0:23:48,86:27:56,-,-,0,-,,,,,,,,,01
2025-10-17 07:30:19,,,,867488068342780,24847,ACK
2025-10-17 07:30:19,,,,867488068342780,24846,ACK
2025-10-17 07:30:15,2025-10-17 07:30:14,2025-10-17 07:29:39,2025-10-17 07:29:39,867488068342780,24845,GTSTT,0x19FE7FBF,,802003,0x8303,0x0115,100,13264,0000,0000,00,00,12,10,10,-,00,00,8.6,8.6,267,267,559,559,-23.329796,-23.329796,-51.177584,-51.177584,0724,0006,C4A7,07A71434,8.1,652.9,652.9,0:23:48,86:27:56,-,-,0,-
2025-10-17 07:30:15,2025-10-17 07:30:14,2025-10-17 07:29:39,2025-10-17 07:29:39,867488068342780,24844,GTIGF,0x19FE7FBF,,802003,0x8303,0x0115,100,13264,0000,0000,00,00,12,10,10,1430,00,00,8.6,8.6,267,267,559,559,-23.329796,-23.329796,-51.177584,-51.177584,0724,0006,C4A7,07A71434,8.1,652.9,652.9,0:23:48,86:27:56,-,-,0,-
2025-10-17 07:29:55,2025-10-17 07:29:54,2025-10-17 07:29:23,2025-10-17 07:29:23,867488068342780,24843,GTERI,0x19FE3FBF,0x00028102,802003,0x8303,0x0115,100,13870,0000,-,01,00,22,12,12,-,00,00,7.5,7.5,267,267,561,561,-23.329611,-23.329611,-51.177577,-51.177577,0724,0006,C4A7,07A71434,8.1,652.9,652.9,0:23:30,86:27:38,-,-,0,-,,,,,04,28,00000000,00,10,,
2025-10-17 07:29:47,,,,24842,GTHBE
2025-10-17 07:29:23,2025-10-17 07:29:22,2025-10-17 07:29:23,2025-10-17 07:29:21,867488068342780,24841,GTERI,0x19FE3FBF,0x00028102,802003,0x8303,0x0115,100,13769,0000,-,01,00,22,12,12,-,01,01,7.5,8.9,267,237,561,561,-23.329611,-23.329609,-51.177577,-51.177542,0724,0006,C4A7,07A7140C,8.1,652.8,652.8,0:22:57,86:27:05,-,-,0,-,,,,,04,1,00000000,00,11,,
2025-10-17 07:29:19,2025-10-17 07:29:18,2025-10-17 07:29:19,2025-10-17 07:28:43,867488068342780,24840,GTERI,0x19FE3FBF,0x00028102,802003,0x8303,0x0115,100,13769,0000,-,01,00,22,12,12,-,01,01,7.7,38.7,214,182,558,544,-23.329589,-23.327548,-51.177504,-51.177353,0724,0006,C4A7,07A7140C,8.1,652.8,652.6,0:22:54,86:27:02,-,-,0,-,,,,,04,1,00000000,00,11,,
2025-10-17 07:29:19,,,,867488068342780,24839,HBD
2025-10-17 07:28:24,2025-10-17 07:28:23,2025-10-17 07:28:24,2025-10-17 07:28:22,867488068342780,24838,GTERI,0x19FE3FBF,0x00028102,802003,0x8303,0x0115,100,13736,0000,-,01,00,22,12,12,-,01,01,22.7,23.1,164,192,537,536,-23.326055,-23.325943,-51.177411,-51.177418,0724,0006,C4A7,07A71401,7.7,652.5,652.4,0:21:57,86:26:05,-,-,0,-,,,,,04,7,00000000,00,11,,
2025-10-17 07:27:39,2025-10-17 07:27:38,2025-10-17 07:27:39,2025-10-17 07:27:31,867488068342780,24837,GTERI,0x19FE3FBF,0x00028102,802003,0x8303,0x0115,100,13818,0000,-,01,00,22,12,12,-,01,01,15.9,26.5,212,202,535,533,-23.325634,-23.325242,-51.177013,-51.176787,0724,0006,C4A7,07A71401,7.6,652.4,652.3,0:21:12,86:25:20,-,-,0,-,,,,,04,7,00000000,00,11,,
2025-10-17 07:27:23,2025-10-17 07:27:22,2025-10-17 07:27:23,2025-10-17 07:27:19,867488068342780,24836,GTERI,0x19FE3FBF,0x00028102,802003,0x8303,0x0115,100,13803,0000,-,01,00,22,12,12,-,01,01,10.1,12.9,166,200,532,532,-23.324864,-23.324757,-51.176813,-51.176808,0724,0006,C4A7,07A71401,7.5,652.3,652.3,0:20:57,86:25:05,-,-,0,-,,,,,04,7,00000000,00,11,,
2025-10-17 07:27:18,2025-10-17 07:27:17,2025-10-17 07:27:18,2025-10-17 07:27:13,867488068342780,24835,GTERI,0x19FE3FBF,0x00028102,802003,0x8303,0x0115,100,13786,0000,-,01,00,22,12,12,-,01,01,14.8,16.5,212,257,532,533,-23.324726,-23.324627,-51.176792,-51.176629,0724,0006,C4A7,07A71401,7.5,652.3,652.2,0:20:51,86:24:59,-,-,0,-,,,,,04,7,00000000,00,11,,
2025-10-17 07:27:12,2025-10-17 07:27:11,2025-10-17 07:27:12,2025-10-17 07:27:12,867488068342780,24834,GTERI,0x19FE3FBF,0x00028102,802003,0x8303,0x0115,100,13854,0000,-,01,00,22,12,12,-,01,01,15.9,15.9,257,257,534,534,-23.324618,-23.324618,-51.176586,-51.176586,0724,0006,C4A7,07A71401,7.5,652.2,652.2,0:20:45,86:24:53,-,-,0,-,,,,,04,7,00000000,00,11,,
2025-10-17 07:27:12,,,,867488068342780,24833,HBD
2025-10-17 07:26:55,2025-10-17 07:26:54,2025-10-17 07:26:54,2025-10-17 07:26:54,867488068342780,24832,GTERI,0x19FE3FBF,0x00028102,802003,0x8303,0x0115,100,13842,0000,-,01,00,22,12,12,-,01,01,15.8,15.8,207,207,539,539,-23.324288,-23.324288,-51.176205,-51.176205,0724,0006,C4A7,07A71401,7.5,652.2,652.2,0:20:30,86:24:38,-,-,0,-,,,,,04,7,00000000,00,10,,
2025-10-17 07:26:24,,,,24831,GTHBE
2025-10-17 07:25:43,2025-10-17 07:25:22,2025-10-17 07:25:23,2025-10-17 07:25:20,867488068342780,24830,GTSPD,0x19FE7FBF,,802003,0x8303,0x0115,100,13798,0000,0000,01,00,22,12,12,-,01,01,42.2,46.1,174,172,579,581,-23.320089,-23.319756,-51.17663,-51.176673,0724,0006,C4A7,07A7150D,7.0,651.7,651.7,0:18:57,86:23:05,-,-,0,-,,,,,,,,,01
2025-10-17 07:25:43,,,,867488068342780,24829,ACK
2025-10-17 07:25:23,,,,867488068342780,24829,ACK
2025-10-17 07:25:19,2025-10-17 07:25:18,2025-10-17 07:25:19,2025-10-17 07:25:19,867488068342780,24828,GTSPD,0x19FE7FBF,,802003,0x8303,0x0115,100,13815,0000,0000,01,00,22,12,12,-,01,01,46.3,46.3,173,173,582,582,-23.319641,-23.319641,-51.176689,-51.176689,0724,0006,C4A7,07A7150D,6.9,651.7,651.7,0:18:51,86:22:59,-,-,0,-,,,,,,,,,00
2025-10-17 07:25:19,,,,867488068342780,24827,ACK
2025-10-17 07:25:19,,,,867488068342780,24826,HBD
2025-10-17 07:24:38,2025-10-17 07:24:37,2025-10-17 07:24:38,2025-10-17 07:24:32,867488068342780,24825,GTSPD,0x19FE7FBF,,802003,0x8303,0x0115,100,13814,0000,0000,01,00,22,12,12,-,01,01,29.8,59.0,172,172,594,595,-23.316852,-23.316123,-51.177056,-51.177156,0724,0006,C4A7,07A5530C,6.6,651.4,651.3,0:18:12,86:22:20,-,-,0,-,,,,,,,,,01
2025-10-17 07:24:38,,,,867488068342780,24824,ACK
2025-10-17 07:24:28,,,,867488068342780,24823,ACK
2025-10-17 07:24:27,2025-10-17 07:24:26,2025-10-17 07:24:27,2025-10-17 07:24:27,867488068342780,24822,GTSPD,0x19FE7FBF,,802003,0x8303,0x0115,100,13802,0000,0000,01,00,22,12,12,-,01,01,48.1,48.1,172,172,596,596,-23.315433,-23.315433,-51.17725,-51.17725,0724,0006,C4A7,07A5530C,6.5,651.2,651.2,0:18:00,86:22:08,-,-,0,-,,,,,,,,,00
2025-10-17 07:24:24,2025-10-17 07:24:23,2025-10-17 07:24:24,2025-10-17 07:24:24,867488068342780,24821,GTERI,0x19FE3FBF,0x00028102,802003,0x8303,0x0115,100,13829,0000,-,01,00,22,12,12,-,01,01,34.1,34.1,170,170,596,596,-23.315106,-23.315106,-51.177292,-51.177292,0724,0006,C4A7,07A5530C,6.4,651.2,651.2,0:17:57,86:22:05,-,-,0,-,,,,,04,1,00000000,00,11,,
2025-10-17 07:24:23,,,,24820,GTHBE
2025-10-17 07:24:19,2025-10-17 07:24:18,2025-10-17 07:24:19,2025-10-17 07:24:19,867488068342780,24819,GTERI,0x19FE3FBF,0x00028102,802003,0x8303,0x0115,100,13829,0000,-,01,00,22,12,12,-,01,01,20.6,20.6,125,125,597,597,-23.314839,-23.314839,-51.177536,-51.177536,0724,0006,C4A7,07A5530C,6.4,651.1,651.1,0:17:54,86:22:02,-,-,0,-,,,,,04,1,00000000,00,11,,
2025-10-17 07:24:13,2025-10-17 07:24:12,2025-10-17 07:24:13,2025-10-17 07:24:08,867488068342780,24818,GTERI,0x19FE3FBF,0x00028102,802003,0x8303,0x0115,100,13795,0000,-,01,00,22,12,12,-,01,01,18.8,27.0,170,216,597,593,-23.314624,-23.314356,-51.177704,-51.177638,0724,0006,C4A7,07A5530C,6.4,651.1,651.1,0:17:48,86:21:56,-,-,0,-,,,,,04,1,00000000,00,11,,
2025-10-17 07:24:05,2025-10-17 07:24:04,2025-10-17 07:24:05,2025-10-17 07:24:05,867488068342780,24817,GTERI,0x19FE3FBF,0x00028102,802003,0x8303,0x0115,100,13828,0000,-,01,00,22,12,12,-,01,01,17.2,17.2,219,219,592,592,-23.314209,-23.314209,-51.177511,-51.177511,0724,0006,C4A7,07A5530C,6.3,651.1,651.1,0:17:39,86:21:47,-,-,0,-,,,,,04,1,00000000,00,11,,
2025-10-17 07:23:55,2025-10-17 07:23:54,2025-10-17 07:23:54,2025-10-17 07:23:10,867488068342780,24816,GTERI,0x19FE3FBF,0x00028102,802003,0x8303,0x0115,100,13664,0000,-,01,00,22,12,12,-,01,01,0.0,0.1,173,173,590,590,-23.31405,-23.31405,-51.177468,-51.177468,0724,0006,C4A7,07A5530C,6.3,651.1,651.1,0:17:30,86:21:38,-,-,0,-,,,,,04,1,00000000,00,10,,
2025-10-17 07:23:25,,,,867488068342780,24815,HBD
2025-10-17 07:23:07,,,,24814,GTHBE
2025-10-17 07:22:03,,,,867488068342780,24813,ACK
2025-10-17 07:22:01,2025-10-17 07:22:00,2025-10-17 07:22:01,2025-10-17 07:21:56,867488068342780,24812,GTSPD,0x19FE7FBF,,802003,0x8303,0x0115,100,13857,0000,0000,01,00,22,12,12,-,01,01,42.6,49.0,172,173,600,600,-23.308467,-23.307892,-51.17824,-51.178318,0724,0006,C4A7,07B1110C,5.7,650.4,650.4,0:15:33,86:19:41,-,-,0,-,,,,,,,,,01
2025-10-17 07:21:54,2025-10-17 07:21:53,2025-10-17 07:21:54,2025-10-17 07:21:54,867488068342780,24811,GTSPD,0x19FE7FBF,,802003,0x8303,0x0115,100,13857,0000,0000,01,00,22,12,12,-,01,01,49.7,49.7,172,172,600,600,-23.307648,-23.307648,-51.17835,-51.17835,0724,0006,C4A7,07B1110B,5.6,650.4,650.4,0:15:27,86:19:35,-,-,0,-,,,,,,,,,00
2025-10-17 07:21:53,,,,867488068342780,24810,ACK
2025-10-17 07:21:24,,,,867488068342780,24809,HBD
2025-10-17 07:20:55,2025-10-17 07:20:54,2025-10-17 07:20:53,2025-10-17 07:20:54,867488068342780,24808,GTERI,0x19FE3FBF,0x00028102,802003,0x8303,0x0115,100,13813,0000,-,01,00,22,12,12,-,01,01,41.2,41.6,173,172,604,604,-23.304056,-23.30416,-51.178815,-51.178801,0724,0006,C4A7,07B1110B,5.2,650.0,650.0,0:14:30,86:18:38,-,-,0,-,,,,,04,1,00000000,00,10,,
2025-10-17 07:20:16,2025-10-17 07:20:15,2025-10-17 07:20:16,2025-10-17 07:20:12,867488068342780,24807,GTERI,0x19FE3FBF,0x00028102,802003,0x8303,0x0115,100,13946,0000,-,01,00,22,12,12,-,01,01,21.1,30.5,169,173,607,608,-23.302059,-23.301787,-51.179111,-51.17915,0724,0006,C4A7,07A5F50B,5.0,649.7,649.7,0:13:48,86:17:56,-,-,0,-,,,,,04,1,00000000,00,11,,
2025-10-17 07:19:58,2025-10-17 07:19:57,2025-10-17 07:19:58,2025-10-17 07:19:58,867488068342780,24806,GTERI,0x19FE3FBF,0x00028102,802003,0x8303,0x0115,100,13887,0000,-,01,00,22,12,12,-,01,01,22.9,22.9,214,214,611,611,-23.300922,-23.300922,-51.179019,-51.179019,0724,0006,C4A7,07A5F50B,4.9,649.6,649.6,0:13:33,86:17:41,-,-,0,-,,,,,04,1,00000000,00,11,,
2025-10-17 07:19:24,,,,867488068342780,24805,HBD
2025-10-17 07:18:43,,,,24804,GTHBE
2025-10-17 07:17:55,2025-10-17 07:17:54,2025-10-17 07:17:54,2025-10-17 07:17:33,867488068342780,24803,GTERI,0x19FE3FBF,0x00028102,802003,0x8303,0x0115,100,14021,0000,-,01,00,22,12,12,-,01,01,14.7,45.0,259,263,605,600,-23.300416,-23.300263,-51.176171,-51.174748,0724,0006,C4A7,07A5420B,4.6,649.3,649.2,0:11:30,86:15:38,-,-,0,-,,,,,04,1,00000000,00,10,,
2025-10-17 07:17:22,2025-10-17 07:17:21,2025-10-17 07:17:22,2025-10-17 07:17:22,867488068342780,24802,GTERI,0x19FE3FBF,0x00028102,802003,0x8303,0x0115,100,13942,0000,-,01,00,22,12,12,-,01,01,23.3,23.3,233,233,597,597,-23.300127,-23.300127,-51.173621,-51.173621,0724,0006,C4A7,07A5420B,4.3,649.1,649.1,0:10:57,86:15:05,-,-,0,-,,,,,04,1,00000000,00,11,,
2025-10-17 07:17:21,,,,24801,GTHBE
2025-10-17 07:17:21,,,,867488068342780,24800,HBD
2025-10-17 07:16:43,,,,867488068342780,24799,ACK
2025-10-17 07:16:41,2025-10-17 07:16:40,2025-10-17 07:16:41,2025-10-17 07:16:37,867488068342780,24798,GTSPD,0x19FE7FBF,,802003,0x8303,0x0115,100,14123,0000,0000,01,00,22,12,12,-,01,01,43.7,46.0,182,181,581,578,-23.29797,-23.297519,-51.173466,-51.173446,0724,0006,C4A7,07A54215,4.1,648.8,648.8,0:10:15,86:14:23,-,-,0,-,,,,,,,,,01
2025-10-17 07:16:33,,,,867488068342780,24797,ACK
2025-10-17 07:16:33,2025-10-17 07:16:32,2025-10-17 07:16:33,2025-10-17 07:16:33,867488068342780,24796,GTSPD,0x19FE7FBF,,802003,0x8303,0x0115,100,14123,0000,0000,01,00,22,12,12,-,01,01,45.7,45.7,182,182,575,575,-23.297062,-23.297062,-51.173429,-51.173429,0724,0006,C4A7,07A54216,4.0,648.7,648.7,0:10:06,86:14:14,-,-,0,-,,,,,,,,,00
2025-10-17 07:15:23,,,,867488068342780,24795,HBD
2025-10-17 07:14:55,2025-10-17 07:14:54,2025-10-17 07:14:54,2025-10-17 07:14:46,867488068342780,24794,GTERI,0x19FE3FBF,0x00028102,802003,0x8303,0x0115,100,14133,0000,-,01,00,22,12,12,-,01,01,33.6,41.7,182,181,522,520,-23.29025,-23.289519,-51.173192,-51.173166,0724,0006,C4A7,07A5BE02,3.2,648.0,647.9,0:08:30,86:12:38,-,-,0,-,,,,,04,7,00000000,00,10,,
2025-10-17 07:14:48,,,,867488068342780,24793,ACK
2025-10-17 07:14:45,2025-10-17 07:14:44,2025-10-17 07:14:45,2025-10-17 07:14:40,867488068342780,24792,GTSPD,0x19FE7FBF,,802003,0x8303,0x0115,100,14200,0000,0000,01,01,22,12,12,-,01,01,43.4,47.9,181,182,520,522,-23.289413,-23.288841,-51.173162,-51.173137,0724,0006,C4A7,07A5BE02,3.1,647.9,647.8,0:08:18,86:12:26,-,-,0,-,,,,,,,,,01
2025-10-17 07:14:43,,,,867488068342780,24791,ACK
2025-10-17 07:14:33,2025-10-17 07:14:32,2025-10-17 07:14:33,2025-10-17 07:14:33,867488068342780,24790,GTSPD,0x19FE7FBF,,802003,0x8303,0x0115,100,14082,0000,0000,01,00,22,12,12,-,01,01,45.7,45.7,182,182,528,528,-23.28802,-23.28802,-51.173104,-51.173104,0724,0006,C4A7,07A54202,3.0,647.7,647.7,0:08:06,86:12:14,-,-,0,-,,,,,,,,,00
2025-10-17 07:14:33,,,,867488068342780,24789,ACK
2025-10-17 07:14:28,,,,867488068342780,24788,ACK
2025-10-17 07:14:24,2025-10-17 07:14:23,2025-10-17 07:14:24,2025-10-17 07:14:19,867488068342780,24787,GTSPD,0x19FE7FBF,,802003,0x8303,0x0115,100,14139,0000,0000,01,00,22,12,12,-,01,01,44.0,49.3,180,181,536,541,-23.287024,-23.286438,-51.173072,-51.173059,0724,0006,C4A7,07A5BE0C,2.8,647.6,647.5,0:07:57,86:12:05,-,-,0,-,,,,,,,,,01
2025-10-17 07:14:18,,,,867488068342780,24786,ACK
2025-10-17 07:14:15,2025-10-17 07:14:14,2025-10-17 07:14:15,2025-10-17 07:14:15,867488068342780,24785,GTSPD,0x19FE7FBF,,802003,0x8303,0x0115,100,14189,0000,0000,01,00,22,12,12,-,01,01,47.2,47.2,180,180,546,546,-23.285951,-23.285951,-51.173048,-51.173048,0724,0006,C4A7,07A5BE0C,2.7,647.5,647.5,0:07:48,86:11:56,-,-,0,-,,,,,,,,,00
2025-10-17 07:13:37,,,,24784,GTHBE
2025-10-17 07:13:28,,,,867488068342780,24783,ACK
2025-10-17 07:13:27,2025-10-17 07:13:26,2025-10-17 07:13:27,2025-10-17 07:13:24,867488068342780,24782,GTSPD,0x19FE7FBF,,802003,0x8303,0x0115,100,14219,0000,0000,01,00,22,12,12,-,01,01,42.6,47.3,182,182,562,562,-23.283558,-23.28322,-51.172972,-51.172959,0724,0006,C4A7,07A5BE0B,2.5,647.2,647.2,0:07:00,86:11:08,-,-,0,-,,,,,,,,,01
2025-10-17 07:13:23,2025-10-17 07:13:22,2025-10-17 07:13:23,2025-10-17 07:13:23,867488068342780,24781,GTSPD,0x19FE7FBF,,802003,0x8303,0x0115,100,14219,0000,0000,01,00,22,12,12,-,01,01,46.6,46.6,182,182,562,562,-23.2831,-23.2831,-51.172954,-51.172954,0724,0006,C4A7,07A5BE0B,2.4,647.2,647.2,0:06:57,86:11:05,-,-,0,-,,,,,,,,,00
2025-10-17 07:13:23,,,,867488068342780,24780,ACK
2025-10-17 07:13:22,,,,867488068342780,24779,HBD
2025-10-17 07:11:55,2025-10-17 07:11:54,2025-10-17 07:11:54,2025-10-17 07:11:34,867488068342780,24778,GTERI,0x19FE3FBF,0x00028102,802003,0x8303,0x0115,100,14237,0000,-,01,00,22,12,12,-,01,01,26.1,29.4,181,181,552,548,-23.280948,-23.280424,-51.17278,-51.172768,0724,0006,C4A7,07A5BE0B,2.2,646.9,646.9,0:05:30,86:09:38,-,-,0,-,,,,,04,1,00000000,00,10,,
2025-10-17 07:11:34,,,,867488068342780,24777,ACK
2025-10-17 07:11:33,2025-10-17 07:11:32,2025-10-17 07:11:33,2025-10-17 07:11:26,867488068342780,24776,GTSPD,0x19FE7FBF,,802003,0x8303,0x0115,100,14167,0000,0000,01,00,22,12,12,-,01,01,37.2,50.1,181,181,547,540,-23.280344,-23.27953,-51.172765,-51.17274,0724,0006,C4A7,07A5BC17,2.1,646.9,646.8,0:05:06,86:09:14,-,-,0,-,,,,,,,,,01
2025-10-17 07:11:28,,,,867488068342780,24775,ACK
2025-10-17 07:11:25,2025-10-17 07:11:24,2025-10-17 07:11:25,2025-10-17 07:11:25,867488068342780,24774,GTSPD,0x19FE7FBF,,802003,0x8303,0x0115,100,14262,0000,0000,01,00,22,12,12,-,01,01,48.1,48.1,181,181,539,539,-23.279405,-23.279405,-51.172736,-51.172736,0724,0006,C4A7,07B2DC16,2.0,646.8,646.8,0:05:00,86:09:08,-,-,0,-,,,,,,,,,00
2025-10-17 07:11:22,,,,867488068342780,24773,HBD
2025-10-17 07:10:29,,,,867488068342780,24772,ACK
2025-10-17 07:10:28,,,,867488068342780,24771,ACK
2025-10-17 07:10:28,,,,867488068342780,24770,ACK
2025-10-17 07:10:27,,,,867488068342780,24769,HBD
2025-10-17 07:10:07,,,,867488068342780,24768,ACK
2025-10-17 07:10:05,2025-10-17 07:10:04,2025-10-17 07:10:05,2025-10-17 07:10:02,867488068342780,24767,GTSPD,0x19FE7FBF,,802003,0x8303,0x0115,100,14228,0000,0000,01,01,22,12,12,-,01,01,39.7,46.6,181,171,506,507,-23.275607,-23.275279,-51.172626,-51.172637,0724,0006,C4A7,07A5BE15,1.6,646.4,646.3,0:03:39,86:07:47,-,-,0,-,,,,,,,,,01
2025-10-17 07:10:02,,,,867488068342780,24766,ACK
2025-10-17 07:10:01,2025-10-17 07:10:00,2025-10-17 07:10:01,2025-10-17 07:09:56,867488068342780,24765,GTERI,0x19FE3FBF,0x00028102,802003,0x8303,0x0115,100,14285,0000,-,01,00,22,12,12,-,01,01,47.5,52.5,166,149,508,511,-23.275164,-23.274598,-51.17266,-51.172928,0724,0006,C4A7,07A5BE15,1.6,646.3,646.3,0:03:33,86:07:41,-,-,0,-,,,,,04,3,00000000,00,11,,
2025-10-17 07:09:52,,,,867488068342780,24764,ACK
2025-10-17 07:09:51,2025-10-17 07:09:50,2025-10-17 07:09:51,2025-10-17 07:09:51,867488068342780,24763,GTSPD,0x19FE7FBF,,802003,0x8303,0x0115,100,14314,0000,0000,01,00,22,12,12,-,01,01,48.9,48.9,150,150,516,516,-23.274039,-23.274039,-51.173282,-51.173282,0724,0006,C4A7,07A5BE15,1.4,646.2,646.2,0:03:24,86:07:32,-,-,0,-,,,,,,,,,00
2025-10-17 07:09:43,2025-10-17 07:09:42,2025-10-17 07:09:43,2025-10-17 07:09:42,867488068342780,24762,GTERI,0x19FE3FBF,0x00028102,802003,0x8303,0x0115,100,14245,0000,-,01,00,22,12,12,-,01,01,38.4,38.7,120,137,522,523,-23.273496,-23.27344,-51.173889,-51.173971,0724,0006,C4A7,07A5BE15,1.3,646.1,646.1,0:03:15,86:07:23,-,-,0,-,,,,,04,3,00000000,00,11,,
2025-10-17 07:09:40,2025-10-17 07:09:39,2025-10-17 07:09:40,2025-10-17 07:09:40,867488068342780,24761,GTERI,0x19FE3FBF,0x00028102,802003,0x8303,0x0115,100,14297,0000,-,01,00,22,12,12,-,01,01,38.3,38.3,171,171,524,524,-23.27327,-23.27327,-51.174064,-51.174064,0724,0006,C4A7,07A5BE15,1.3,646.1,646.1,0:03:12,86:07:20,-,-,0,-,,,,,04,3,00000000,00,11,,
2025-10-17 07:09:37,2025-10-17 07:09:36,2025-10-17 07:09:37,2025-10-17 07:09:37,867488068342780,24760,GTERI,0x19FE3FBF,0x00028102,802003,0x8303,0x0115,100,14297,0000,-,01,00,22,12,12,-,01,01,33.8,33.8,218,218,527,527,-23.272999,-23.272999,-51.173992,-51.173992,0724,0006,C4A7,07A5BE15,1.3,646.0,646.0,0:03:09,86:07:17,-,-,0,-,,,,,04,3,00000000,00,11,,
2025-10-17 07:09:33,,,,24759,GTHBE
2025-10-17 07:08:55,2025-10-17 07:08:54,2025-10-17 07:08:53,2025-10-17 07:08:43,867488068342780,24758,GTERI,0x19FE3FBF,0x00028102,802003,0x8303,0x0115,100,14262,0000,-,01,00,22,12,12,-,01,01,17.0,42.2,270,268,542,546,-23.272742,-23.272747,-51.172179,-51.171338,0724,0006,C4A7,07A5BE15,1.1,645.8,645.8,0:02:30,86:06:38,-,-,0,-,,,,,04,3,00000000,00,10,,
2025-10-17 07:08:42,2025-10-17 07:08:41,2025-10-17 07:08:42,2025-10-17 07:08:41,867488068342780,24757,GTERI,0x19FE3FBF,0x00028102,802003,0x8303,0x0115,100,14327,0000,-,01,00,22,12,12,-,01,01,42.4,45.2,267,265,547,546,-23.272743,-23.272737,-51.171222,-51.171106,0724,0006,C4A7,07A5BE15,1.0,645.7,645.7,0:02:15,86:06:23,-,-,0,-,,,,,04,3,00000000,00,11,,
2025-10-17 07:08:26,2025-10-17 07:08:25,2025-10-17 07:08:26,2025-10-17 07:07:46,867488068342780,24756,GTERI,0x19FE3FBF,0x00028102,802003,0x8303,0x0115,100,14419,0000,-,01,00,22,12,12,-,01,01,15.5,39.4,222,179,545,568,-23.272457,-23.26998,-51.169776,-51.169719,0724,0006,C4A7,07A72717,0.8,645.6,645.3,0:02:00,86:06:08,-,-,0,-,,,,,04,3,00000000,00,11,,
2025-10-17 07:08:26,,,,867488068342780,24755,HBD
2025-10-17 07:07:47,,,,867488068342780,24754,ACK
2025-10-17 07:07:45,2025-10-17 07:07:44,2025-10-17 07:07:45,2025-10-17 07:07:37,867488068342780,24753,GTSPD,0x19FE7FBF,,802003,0x8303,0x0115,100,14354,0000,0000,01,01,22,12,12,-,01,01,41.7,48.6,179,180,568,571,-23.26988,-23.26896,-51.169719,-51.169718,0724,0006,C4A7,07A5BC17,0.5,645.3,645.2,0:01:18,86:05:26,-,-,0,-,,,,,,,,,01
2025-10-17 07:07:42,,,,867488068342780,24752,ACK
2025-10-17 07:07:32,,,,867488068342780,24751,ACK
2025-10-17 07:07:32,2025-10-17 07:07:31,2025-10-17 07:07:32,2025-10-17 07:07:32,867488068342780,24750,GTSPD,0x19FE7FBF,,802003,0x8303,0x0115,100,14360,0000,0000,01,00,22,12,12,-,01,01,47.5,47.5,180,180,575,575,-23.268362,-23.268362,-51.169717,-51.169717,0724,0006,C4A7,07A5BC0D,0.4,645.1,645.1,0:01:06,86:05:14,-,-,0,-,,,,,,,,,00
2025-10-17 07:07:24,2025-10-17 07:07:23,2025-10-17 07:07:24,2025-10-17 07:07:24,867488068342780,24749,GTERI,0x19FE3FBF,0x00028102,802003,0x8303,0x0115,100,14275,0000,-,01,00,22,12,12,-,01,01,25.4,25.4,163,163,581,581,-23.267592,-23.267592,-51.169715,-51.169715,0724,0006,C4A7,07A5BC0D,0.3,645.0,645.0,0:00:57,86:05:05,-,-,0,-,,,,,04,1,00000000,00,11,,
2025-10-17 07:07:23,,,,24748,GTHBE
2025-10-17 07:07:22,2025-10-17 07:07:21,2025-10-17 07:07:22,2025-10-17 07:07:05,867488068342780,24747,GTERI,0x19FE3FBF,0x00028102,802003,0x8303,0x0115,100,14349,0000,-,01,00,22,12,12,-,01,01,25.1,40.1,112,89,582,587,-23.267496,-23.267465,-51.169788,-51.171391,0724,0006,C4A7,07A5BC0D,0.3,645.0,644.9,0:00:57,86:05:05,-,-,0,-,,,,,04,1,00000000,00,11,,
2025-10-17 07:06:53,2025-10-17 07:06:52,2025-10-17 07:06:53,2025-10-17 07:06:53,867488068342780,24746,GTERI,0x19FE3FBF,0x00028102,802003,0x8303,0x0115,100,14363,0000,-,01,00,22,12,12,-,01,01,15.5,15.5,62,62,585,585,-23.267493,-23.267493,-51.172292,-51.172292,0724,0006,C4A7,07B2DC0C,0.0,644.8,644.8,0:00:27,86:04:35,-,-,0,-,,,,,04,1,00000000,00,11,,
2025-10-17 07:06:26,2025-10-17 07:06:25,2025-10-17 07:06:26,2025-10-17 07:06:26,867488068342780,24745,GTIGL,0x19FE7FBF,,802003,0x8303,0x0115,100,12676,0000,0000,01,00,22,12,12,-,01,01,0.0,0.0,358,358,581,581,-23.267768,-23.267768,-51.172354,-51.172354,0724,0006,C4A7,07B2DC16,0.0,644.8,644.8,0:00:00,86:04:08,-,-,0,-,,,,,,,,,00
2025-10-17 07:06:26,2025-10-17 07:06:24,2025-10-17 07:06:25,2025-10-17 07:06:25,867488068342780,24744,GTSTT,0x19FE7FBF,,802003,0x8303,0x0115,100,13079,0000,0000,01,00,22,12,12,-,01,01,0.0,0.0,358,358,581,581,-23.267768,-23.267768,-51.172354,-51.172354,0724,0006,C4A7,07B2DC16,0.0,644.8,644.8,0:00:00,86:04:08,-,-,0,-
2025-10-17 07:06:25,2025-10-17 07:06:24,2025-10-17 07:06:25,2025-10-17 07:04:58,867488068342780,24743,GTIGN,0x19FE7FBF,,802003,0x8303,0x0115,100,13079,0000,0000,01,00,22,12,9,73,01,01,0.0,16.7,358,2,581,580,-23.267768,-23.267916,-51.172354,-51.172352,0724,0006,C4A7,07B2DC16,0.0,644.8,644.8,0:00:00,86:04:08,-,-,0,-
2025-10-17 07:06:25,,,,867488068342780,24742,HBD
2025-10-17 07:05:55,2025-10-17 07:05:54,2025-10-17 07:05:53,2025-10-17 07:05:53,867488068342780,24741,GTERI,0x19FE3FBF,0x00028102,802003,0x8303,0x0115,100,13199,0000,-,00,00,11,12,12,-,01,01,0.0,0.0,358,358,581,581,-23.267768,-23.267768,-51.172354,-51.172354,0724,0006,C4A7,07B2DC16,0.7,644.8,644.8,0:02:24,86:04:08,-,-,0,-,,,,,04,3,00000000,00,10,,
2025-10-17 07:05:46,2025-10-17 07:05:45,2025-10-17 07:05:46,2025-10-17 07:05:46,867488068342780,24740,GTSTT,0x19FE7FBF,,802003,0x8303,0x0115,100,13199,0000,0000,00,00,11,12,12,-,01,01,0.0,0.0,358,358,581,581,-23.267768,-23.267768,-51.172354,-51.172354,0724,0006,C4A7,07B2DC16,0.7,644.8,644.8,0:02:24,86:04:08,-,-,0,-
2025-10-17 07:05:14,,,,867488068342780,24739,ACK
2025-10-17 07:05:13,2025-10-17 07:05:11,2025-10-17 07:05:12,2025-10-17 07:05:12,867488068342780,24738,GTIGL,0x19FE7FBF,,802003,0x8303,0x0115,100,13531,0000,0000,00,00,12,9,9,-,01,01,0.0,0.0,358,358,581,581,-23.267768,-23.267768,-51.172354,-51.172354,0724,0006,C4A7,07B2DC16,0.7,644.8,644.8,0:02:24,86:04:08,-,-,0,-,,,,,,,,,01
2025-10-17 07:05:13,,,,867488068342780,24737,ACK
2025-10-17 07:05:12,2025-10-17 07:05:11,2025-10-17 07:05:11,2025-10-17 07:05:11,867488068342780,24736,GTSTT,0x19FE7FBF,,802003,0x8303,0x0115,100,13531,0000,0000,00,00,12,10,10,-,01,01,0.0,0.0,358,358,581,581,-23.267768,-23.267768,-51.172354,-51.172354,0724,0006,C4A7,07B2DC16,0.7,644.8,644.8,0:02:24,86:04:08,-,-,0,-
2025-10-17 07:05:12,2025-10-17 07:05:11,2025-10-17 07:05:11,2025-10-17 07:05:11,867488068342780,24735,GTIGF,0x19FE7FBF,,802003,0x8303,0x0115,100,13531,0000,0000,00,00,12,10,10,145,01,01,0.0,0.0,358,358,581,581,-23.267768,-23.267768,-51.172354,-51.172354,0724,0006,C4A7,07B2DC16,0.7,644.8,644.8,0:02:24,86:04:08,-,-,0,-
2025-10-17 07:04:57,2025-10-17 07:04:56,2025-10-17 07:04:57,2025-10-17 07:04:05,867488068342780,24734,GTERI,0x19FE3FBF,0x00028102,802003,0x8303,0x0115,100,14449,0000,-,01,00,22,9,7,-,01,01,15.0,37.4,358,268,580,575,-23.267955,-23.268037,-51.172353,-51.168898,0724,0006,C4A7,07B2DC16,0.7,644.7,644.4,0:02:09,86:03:53,-,-,0,-,,,,,04,3,00000000,00,11,,
2025-10-17 07:04:57,,,,867488068342780,24733,HBD
2025-10-17 07:04:12,2025-10-17 07:03:51,2025-10-17 07:03:52,2025-10-17 07:03:32,867488068342780,24732,GTERI,0x19FE3FBF,0x00028102,802003,0x8303,0x0115,100,14392,0000,-,01,00,22,7,7,-,01,01,13.0,32.0,299,3,573,562,-23.26805,-23.269043,-51.167864,-51.167794,0724,0006,C4A7,07A5BC17,0.3,644.3,644.2,0:01:03,86:02:47,-,-,0,-,,,,,04,3,00000000,00,11,,
2025-10-17 07:03:52,2025-10-17 07:03:51,2025-10-17 07:03:52,2025-10-17 07:03:32,867488068342780,24732,GTERI,0x19FE3FBF,0x00028102,802003,0x8303,0x0115,100,14392,0000,-,01,00,22,7,7,-,01,01,13.0,32.0,299,3,573,562,-23.26805,-23.269043,-51.167864,-51.167794,0724,0006,C4A7,07A5BC17,0.3,644.3,644.2,0:01:03,86:02:47,-,-,0,-,,,,,04,3,00000000,00,11,,
2025-10-17 07:03:21,2025-10-17 07:03:20,2025-10-17 07:03:21,2025-10-17 07:03:21,867488068342780,24731,GTIGL,0x19FE7FBF,,802003,0x8303,0x0115,100,14396,0000,0000,01,00,22,7,7,-,01,01,26.6,26.6,0,0,547,547,-23.26976,-23.26976,-51.167747,-51.167747,0724,0006,C4A7,07A5CC17,0.1,644.1,644.1,0:00:33,86:02:17,-,-,0,-,,,,,,,,,00
2025-10-17 07:03:21,2025-10-17 07:03:20,2025-10-17 07:03:21,2025-10-17 07:03:21,867488068342780,24730,GTERI,0x19FE3FBF,0x00028102,802003,0x8303,0x0115,100,14396,0000,-,01,00,22,7,7,-,01,01,26.6,26.6,0,0,547,547,-23.26976,-23.26976,-51.167747,-51.167747,0724,0006,C4A7,07A5CC17,0.1,644.1,644.1,0:00:33,86:02:17,-,-,0,-,,,,,04,3,00000000,00,10,,
2025-10-17 07:02:47,2025-10-17 07:02:46,2025-10-17 06:36:16,2025-10-17 06:36:16,867488068342780,24729,GTSTT,0x19FE7FBF,,802003,0x8303,0x0115,100,12551,0000,0000,01,00,22,7,7,-,00,00,0.0,0.0,355,355,556,556,-23.270395,-23.270395,-51.167779,-51.167779,0724,0006,C4A7,07A5CC17,0.0,644.0,644.0,0:00:00,86:01:44,-,-,0,-
2025-10-17 07:02:47,2025-10-17 07:02:46,2025-10-17 06:36:16,2025-10-16 19:33:19,867488068342780,24728,GTIGN,0x19FE7FBF,,802003,0x8303,0x0115,100,12551,0000,0000,01,00,22,7,12,41354,00,01,0.0,2.9,355,81,556,556,-23.270395,-23.270392,-51.167779,-51.167817,0724,0006,C4A7,07A5CC17,0.0,644.0,644.0,0:00:00,86:01:44,-,-,0,-
2025-10-17 07:02:47,,,,867488068342780,24727,HBD
2025-10-17 06:38:29,2025-10-17 06:38:28,2025-10-17 06:36:16,2025-10-17 06:36:16,867488068342780,24726,GTERI,0x19FE3FBF,0x00028102,802003,0x8303,0x0115,100,12793,0000,-,00,00,11,7,7,-,01,01,0.0,0.0,355,355,556,556,-23.270395,-23.270395,-51.167779,-51.167779,0724,0006,C4A7,07A5CC0D,0.3,644.0,644.0,0:02:18,86:01:44,-,-,0,-,,,,,04,1,00000000,00,10,,
2025-10-17 05:38:29,2025-10-17 05:38:28,2025-10-17 05:36:35,2025-10-17 05:36:35,867488068342780,24725,GTERI,0x19FE3FBF,0x00028102,802003,0x8303,0x0115,100,12791,0000,-,00,00,11,7,7,-,01,01,0.0,0.0,355,355,556,556,-23.270395,-23.270395,-51.167779,-51.167779,0724,0006,C4A7,07A5CC0D,0.3,644.0,644.0,0:02:18,86:01:44,-,-,0,-,,,,,04,1,00000000,00,10,,
2025-10-17 04:38:29,2025-10-17 04:38:28,2025-10-17 04:36:20,2025-10-17 04:36:20,867488068342780,24724,GTERI,0x19FE3FBF,0x00028102,802003,0x8303,0x0115,100,12914,0000,-,00,00,11,4,4,-,01,01,0.0,0.0,355,355,556,556,-23.270395,-23.270395,-51.167779,-51.167779,0724,0006,C4A7,07A5CC17,0.3,644.0,644.0,0:02:18,86:01:44,-,-,0,-,,,,,04,3,00000000,00,10,,
2025-10-17 03:38:29,2025-10-17 03:38:28,2025-10-17 03:36:17,2025-10-17 03:36:17,867488068342780,24723,GTERI,0x19FE3FBF,0x00028102,802003,0x8303,0x0115,100,12918,0000,-,00,00,11,6,6,-,01,01,0.0,0.0,355,355,556,556,-23.270395,-23.270395,-51.167779,-51.167779,0724,0006,C4A7,07A5CC17,0.3,644.0,644.0,0:02:18,86:01:44,-,-,0,-,,,,,04,3,00000000,00,10,,
2025-10-17 02:38:29,2025-10-17 02:38:28,2025-10-17 02:36:36,2025-10-17 02:36:36,867488068342780,24722,GTERI,0x19FE3FBF,0x00028102,802003,0x8303,0x0115,100,12894,0000,-,00,00,11,7,7,-,01,01,0.0,0.0,355,355,556,556,-23.270395,-23.270395,-51.167779,-51.167779,0724,0006,C4A7,07A5CC17,0.3,644.0,644.0,0:02:18,86:01:44,-,-,0,-,,,,,04,3,00000000,00,10,,
2025-10-17 01:53:38,2025-10-17 01:53:35,2025-10-17 01:36:31,2025-10-17 01:36:31,867488068342780,24721,GTPDP,0x19FE7FBF,,802003,0x8303,0x0115,100,12880,0000,0000,00,00,11,6,6,-,00,00,0.0,0.0,355,355,556,556,-23.270395,-23.270395,-51.167779,-51.167779,0000,0000,0000,00000000,0.3,644.0,644.0,0:02:18,86:01:44,-,-,0,-
2025-10-17 01:38:29,2025-10-17 01:38:28,2025-10-17 01:36:31,2025-10-17 01:36:31,867488068342780,24720,GTERI,0x19FE3FBF,0x00028102,802003,0x8303,0x0115,100,12883,0000,-,00,00,11,6,6,-,01,01,0.0,0.0,355,355,556,556,-23.270395,-23.270395,-51.167779,-51.167779,0724,0006,C4A7,07A5CC17,0.3,644.0,644.0,0:02:18,86:01:44,-,-,0,-,,,,,04,3,00000000,00,10,,
2025-10-17 00:38:29,2025-10-17 00:38:28,2025-10-17 00:36:12,2025-10-17 00:36:12,867488068342780,24719,GTERI,0x19FE3FBF,0x00028102,802003,0x8303,0x0115,100,12974,0000,-,00,00,11,5,5,-,01,01,0.0,0.0,355,355,556,556,-23.270395,-23.270395,-51.167779,-51.167779,0724,0006,C4A7,07A5CC17,0.3,644.0,644.0,0:02:18,86:01:44,-,-,0,-,,,,,04,3,00000000,00,10,,
2025-10-16 23:38:29,2025-10-16 23:38:28,2025-10-16 23:36:50,2025-10-16 23:36:50,867488068342780,24718,GTERI,0x19FE3FBF,0x00028102,802003,0x8303,0x0115,100,12827,0000,-,00,00,11,6,6,-,01,01,0.0,0.0,355,355,556,556,-23.270395,-23.270395,-51.167779,-51.167779,0724,0006,C4A7,07A5CC17,0.3,644.0,644.0,0:02:18,86:01:44,-,-,0,-,,,,,04,3,00000000,00,10,,
2025-10-16 22:38:29,2025-10-16 22:38:28,2025-10-16 22:36:31,2025-10-16 22:36:31,867488068342780,24717,GTERI,0x19FE3FBF,0x00028102,802003,0x8303,0x0115,100,13018,0000,-,00,00,11,6,6,-,01,01,0.0,0.0,355,355,556,556,-23.270395,-23.270395,-51.167779,-51.167779,0724,0006,C4A7,07A5CC0D,0.3,644.0,644.0,0:02:18,86:01:44,-,-,0,-,,,,,04,1,00000000,00,10,,
2025-10-16 21:38:29,2025-10-16 21:38:28,2025-10-16 21:36:10,2025-10-16 21:36:10,867488068342780,24716,GTERI,0x19FE3FBF,0x00028102,802003,0x8303,0x0115,100,12963,0000,-,00,00,11,7,7,-,01,01,0.0,0.0,355,355,556,556,-23.270395,-23.270395,-51.167779,-51.167779,0724,0006,C4A7,07A5CC0D,0.3,644.0,644.0,0:02:18,86:01:44,-,-,0,-,,,,,04,1,00000000,00,10,,
2025-10-16 20:38:29,2025-10-16 20:38:28,2025-10-16 20:36:05,2025-10-16 20:36:05,867488068342780,24715,GTERI,0x19FE3FBF,0x00028102,802003,0x8303,0x0115,100,13053,0000,-,00,00,11,12,12,-,01,01,0.0,0.0,355,355,556,556,-23.270395,-23.270395,-51.167779,-51.167779,0724,0006,C4A7,07A5CC17,0.3,644.0,644.0,0:02:18,86:01:44,-,-,0,-,,,,,04,3,00000000,00,10,,
2025-10-16 19:38:33,2025-10-16 19:38:33,2025-10-16 19:38:33,2025-10-16 19:38:33,867488068342780,24714,GTERI,0x19FE3FBF,0x00028102,802003,0x8303,0x0115,100,12972,0000,-,00,00,11,12,12,-,01,01,0.0,0.0,355,355,556,556,-23.270395,-23.270395,-51.167779,-51.167779,0724,0006,C4A7,07A5CC17,0.3,644.0,644.0,0:02:18,86:01:44,-,-,0,-,,,,,04,3,00000000,00,10,,
2025-10-16 19:37:22,2025-10-16 19:37:21,2025-10-16 19:37:20,2025-10-16 19:37:20,867488068342780,24713,GTERI,0x19FE3FBF,0x00028102,802003,0x8303,0x0115,100,12979,0000,-,00,00,11,12,12,-,01,01,0.0,0.0,355,355,556,556,-23.270395,-23.270395,-51.167779,-51.167779,0724,0006,C4A7,07A5CC17,0.3,644.0,644.0,0:02:18,86:01:44,-,-,0,-,,,,,04,3,00000000,00,10,,
2025-10-16 19:37:22,,,,867488068342780,24712,HBD
2025-10-16 19:35:43,,,,867488068342780,24711,HBD
2025-10-16 19:34:22,2025-10-16 19:34:21,2025-10-16 19:34:20,2025-10-16 19:34:20,867488068342780,24710,GTERI,0x19FE3FBF,0x00028102,802003,0x8303,0x0115,100,13018,0000,-,00,00,1A,12,12,-,01,01,0.0,0.0,355,355,556,556,-23.270395,-23.270395,-51.167779,-51.167779,0724,0006,C4A7,07A5CC17,0.3,644.0,644.0,0:02:18,86:01:44,-,-,0,-,,,,,04,3,00000000,00,10,,
2025-10-16 19:33:59,2025-10-16 19:33:59,2025-10-16 19:33:59,2025-10-16 19:33:59,867488068342780,24709,GTSTT,0x19FE7FBF,,802003,0x8303,0x0115,100,13146,0000,0000,00,00,11,12,12,-,01,01,0.0,0.0,355,355,556,556,-23.270395,-23.270395,-51.167779,-51.167779,0724,0006,C4A7,07A5CC17,0.3,644.0,644.0,0:02:18,86:01:44,-,-,0,-
2025-10-16 19:33:35,2025-10-16 19:33:33,2025-10-16 19:33:34,2025-10-16 19:33:34,867488068342780,24708,GTIGL,0x19FE7FBF,,802003,0x8303,0x0115,100,13843,0000,0000,00,00,12,12,12,-,01,01,0.5,0.5,355,355,556,556,-23.270395,-23.270395,-51.16779,-51.16779,0724,0006,C4A7,07A5CC17,0.3,644.0,644.0,0:02:18,86:01:44,-,-,0,-,,,,,,,,,01
2025-10-16 19:33:35,,,,867488068342780,24707,ACK
2025-10-16 19:33:34,,,,867488068342780,24706,ACK
2025-10-16 19:33:34,2025-10-16 19:33:32,2025-10-16 19:33:33,2025-10-16 19:33:33,867488068342780,24705,GTSTT,0x19FE7FBF,,802003,0x8303,0x0115,100,13843,0000,0000,00,00,12,12,12,-,01,01,0.0,0.0,355,355,556,556,-23.270394,-23.270394,-51.167794,-51.167794,0724,0006,C4A7,07A5CC17,0.3,644.0,644.0,0:02:18,86:01:44,-,-,0,-
2025-10-16 19:33:33,2025-10-16 19:33:32,2025-10-16 19:33:33,2025-10-16 19:33:33,867488068342780,24704,GTIGF,0x19FE7FBF,,802003,0x8303,0x0115,100,13843,0000,0000,00,00,12,12,12,139,01,01,0.0,0.0,355,355,556,556,-23.270394,-23.270394,-51.167794,-51.167794,0724,0006,C4A7,07A5CC17,0.3,644.0,644.0,0:02:18,86:01:44,-,-,0,-
2025-10-16 19:33:33,,,,867488068342780,24703,HBD
2025-10-16 19:32:43,2025-10-16 19:32:43,2025-10-16 19:32:43,2025-10-16 19:32:16,867488068342780,24702,GTERI,0x19FE3FBF,0x00028102,802003,0x8303,0x0115,100,13805,0000,-,01,00,22,12,12,-,01,01,3.4,25.2,355,180,556,564,-23.270394,-23.269311,-51.167824,-51.167814,0724,0006,C4A7,07A5CC17,0.3,644.0,643.9,0:01:27,86:00:53,-,-,0,-,,,,,04,3,00000000,00,11,,
2025-10-16 19:31:52,2025-10-16 19:31:52,2025-10-16 19:31:52,2025-10-16 19:31:48,867488068342780,24701,GTERI,0x19FE3FBF,0x00028102,802003,0x8303,0x0115,100,13934,0000,-,01,00,22,12,12,-,01,01,20.3,25.3,207,273,576,576,-23.26819,-23.268106,-51.167805,-51.167601,0724,0006,C4A7,07A5BCF2,0.1,643.8,643.8,0:00:36,86:00:02,-,-,0,-,,,,,04,7,00000000,00,11,,
2025-10-16 19:31:44,2025-10-16 19:31:44,2025-10-16 19:31:44,2025-10-16 19:31:44,867488068342780,24700,GTERI,0x19FE3FBF,0x00028102,802003,0x8303,0x0115,100,13961,0000,-,01,00,22,12,12,-,01,01,21.2,21.2,257,257,576,576,-23.268113,-23.268113,-51.167338,-51.167338,0724,0006,C4A7,07A5BCF2,0.0,643.7,643.7,0:00:30,85:59:56,-,-,0,-,,,,,04,7,00000000,00,11,,
2025-10-16 19:31:28,2025-10-16 19:31:28,2025-10-16 19:31:28,2025-10-16 19:31:28,867488068342780,24699,GTERI,0x19FE3FBF,0x00028102,802003,0x8303,0x0115,100,13833,0000,-,01,00,22,12,12,-,01,01,3.1,3.1,211,211,577,577,-23.267717,-23.267717,-51.167146,-51.167146,0724,0006,C4A7,07A5BCF2,0.0,643.7,643.7,0:00:12,85:59:38,-,-,0,-,,,,,04,7,00000000,00,11,,
2025-10-16 19:31:24,2025-10-16 19:31:24,2025-10-16 19:31:24,2025-10-16 19:31:24,867488068342780,24698,GTIGL,0x19FE7FBF,,802003,0x8303,0x0115,100,13040,0000,0000,01,00,22,12,12,-,01,01,0.0,0.0,259,259,578,578,-23.267697,-23.267697,-51.167134,-51.167134,0724,0006,C4A7,07A5BCF2,0.0,643.7,643.7,0:00:09,85:59:35,-,-,0,-,,,,,,,,,00
2025-10-16 19:31:24,2025-10-16 19:31:24,2025-10-16 19:31:24,2025-10-16 19:31:24,867488068342780,24697,GTERI,0x19FE3FBF,0x00028102,802003,0x8303,0x0115,100,13040,0000,-,01,00,22,12,12,-,01,01,0.0,0.0,259,259,578,578,-23.267697,-23.267697,-51.167134,-51.167134,0724,0006,C4A7,07A5BCF2,0.0,643.7,643.7,0:00:09,85:59:35,-,-,0,-,,,,,04,7,00000000,00,10,,
2025-10-16 19:31:14,2025-10-16 19:31:13,2025-10-16 19:27:39,2025-10-16 19:27:39,867488068342780,24696,GTSTT,0x19FE7FBF,,802003,0x8303,0x0115,100,12778,0000,0000,01,00,22,12,12,-,00,00,0.0,0.0,98,98,579,579,-23.267704,-23.267704,-51.167155,-51.167155,0724,0006,C4A7,07A5BCF2,0.0,643.7,643.7,0:00:00,85:59:26,-,-,0,-
2025-10-16 19:31:14,2025-10-16 19:31:13,2025-10-16 19:27:39,2025-10-16 18:24:55,867488068342780,24695,GTIGN,0x19FE7FBF,,802003,0x8303,0x0115,100,12778,0000,0000,01,00,22,12,12,3964,00,01,0.0,6.2,98,101,579,579,-23.267704,-23.267702,-51.167155,-51.167201,0724,0006,C4A7,07A5BCF2,0.0,643.7,643.7,0:00:00,85:59:26,-,-,0,-
2025-10-16 19:31:14,,,,867488068342780,24694,HBD
2025-10-16 19:30:06,2025-10-16 19:30:05,2025-10-16 19:27:39,2025-10-16 19:27:39,867488068342780,24693,GTERI,0x19FE3FBF,0x00028102,802003,0x8303,0x0115,100,13028,0000,-,00,00,11,12,12,-,01,01,0.0,0.0,98,98,579,579,-23.267704,-23.267704,-51.167155,-51.167155,0724,0006,C4A7,07A5BCF2,0.4,643.7,643.7,0:01:24,85:59:26,-,-,0,-,,,,,04,7,00000000,00,10,,
2025-10-16 18:30:10,2025-10-16 18:30:09,2025-10-16 18:30:10,2025-10-16 18:30:10,867488068342780,24692,GTERI,0x19FE3FBF,0x00028102,802003,0x8303,0x0115,100,13022,0000,-,00,00,11,12,12,-,01,01,0.0,0.0,98,98,579,579,-23.267704,-23.267704,-51.167155,-51.167155,0724,0006,C4A7,07A5BCF2,0.4,643.7,643.7,0:01:24,85:59:26,-,-,0,-,,,,,04,7,00000000,00,10,,
2025-10-16 18:29:50,2025-10-16 18:29:49,2025-10-16 18:29:48,2025-10-16 18:29:48,867488068342780,24691,GTERI,0x19FE3FBF,0x00028102,802003,0x8303,0x0115,100,13022,0000,-,00,00,11,12,12,-,01,01,0.0,0.0,98,98,579,579,-23.267704,-23.267704,-51.167155,-51.167155,0724,0006,C4A7,07A5BCF2,0.4,643.7,643.7,0:01:24,85:59:26,-,-,0,-,,,,,04,7,00000000,00,10,,
2025-10-16 18:29:50,,,,867488068342780,24690,HBD
2025-10-16 18:28:33,,,,867488068342780,24689,HBD
2025-10-16 18:26:50,2025-10-16 18:26:49,2025-10-16 18:26:48,2025-10-16 18:26:48,867488068342780,24688,GTERI,0x19FE3FBF,0x00028102,802003,0x8303,0x0115,100,13038,0000,-,00,00,11,12,12,-,01,01,0.0,0.0,98,98,579,579,-23.267704,-23.267704,-51.167155,-51.167155,0724,0006,C4A7,07A5BCF2,0.4,643.7,643.7,0:01:24,85:59:26,-,-,0,-,,,,,04,7,00000000,00,10,,
2025-10-16 18:25:48,2025-10-16 18:25:48,2025-10-16 18:25:47,2025-10-16 18:25:47,867488068342780,24687,GTSTT,0x19FE7FBF,,802003,0x8303,0x0115,100,13035,0000,0000,00,00,11,12,12,-,01,01,0.0,0.0,98,98,579,579,-23.267704,-23.267704,-51.167155,-51.167155,0724,0006,C4A7,07A5BCF2,0.4,643.7,643.7,0:01:24,85:59:26,-,-,0,-
2025-10-16 18:25:48,,,,867488068342780,24686,HBD
2025-10-16 18:25:15,,,,867488068342780,24685,ACK
2025-10-16 18:25:15,,,,867488068342780,24684,ACK
2025-10-16 18:25:11,2025-10-16 18:25:10,2025-10-16 18:25:10,2025-10-16 18:25:10,867488068342780,24683,GTIGL,0x19FE7FBF,,802003,0x8303,0x0115,100,13285,0000,0000,00,00,12,12,12,-,01,01,0.0,0.0,98,98,579,579,-23.267704,-23.267704,-51.167155,-51.167155,0724,0006,C4A7,07A5BC17,0.4,643.7,643.7,0:01:24,85:59:26,-,-,0,-,,,,,,,,,01
2025-10-16 18:25:10,2025-10-16 18:25:09,2025-10-16 18:25:09,2025-10-16 18:25:09,867488068342780,24682,GTSTT,0x19FE7FBF,,802003,0x8303,0x0115,100,13285,0000,0000,00,00,12,12,12,-,01,01,0.0,0.0,98,98,579,579,-23.267704,-23.267704,-51.167155,-51.167155,0724,0006,C4A7,07A5BC17,0.4,643.7,643.7,0:01:24,85:59:26,-,-,0,-
2025-10-16 18:25:10,2025-10-16 18:25:09,2025-10-16 18:25:09,2025-10-16 18:25:09,867488068342780,24681,GTIGF,0x19FE7FBF,,802003,0x8303,0x0115,100,13285,0000,0000,00,00,12,12,12,87,01,01,0.0,0.0,98,98,579,579,-23.267704,-23.267704,-51.167155,-51.167155,0724,0006,C4A7,07A5BC17,0.4,643.7,643.7,0:01:24,85:59:26,-,-,0,-
2025-10-16 18:24:53,2025-10-16 18:24:53,2025-10-16 18:24:53,2025-10-16 18:24:50,867488068342780,24680,GTERI,0x19FE3FBF,0x00028102,802003,0x8303,0x0115,100,13779,0000,-,01,00,22,12,12,-,01,01,4.8,6.2,98,304,579,579,-23.267692,-23.267688,-51.167232,-51.167242,0724,0006,C4A7,07A5BC17,0.4,643.7,643.7,0:01:09,85:59:11,-,-,0,-,,,,,04,3,00000000,00,11,,
2025-10-16 18:24:49,2025-10-16 18:24:49,2025-10-16 18:24:49,2025-10-16 18:24:47,867488068342780,24679,GTERI,0x19FE3FBF,0x00028102,802003,0x8303,0x0115,100,13718,0000,-,01,00,22,12,12,-,01,01,8.9,9.1,305,333,579,579,-23.267697,-23.267722,-51.167226,-51.167187,0724,0006,C4A7,07A5BC17,0.4,643.7,643.7,0:01:06,85:59:08,-,-,0,-,,,,,04,3,00000000,00,11,,
2025-10-16 18:24:46,2025-10-16 18:24:46,2025-10-16 18:24:46,2025-10-16 18:24:35,867488068342780,24678,GTERI,0x19FE3FBF,0x00028102,802003,0x8303,0x0115,100,13828,0000,-,01,00,22,12,12,-,01,01,11.1,41.1,353,359,580,573,-23.267744,-23.268545,-51.167176,-51.167189,0724,0006,C4A7,07A5BC17,0.4,643.7,643.6,0:01:03,85:59:05,-,-,0,-,,,,,04,3,00000000,00,11,,
2025-10-16 18:24:34,,,,867488068342780,24677,ACK
2025-10-16 18:24:34,2025-10-16 18:24:34,2025-10-16 18:24:34,2025-10-16 18:24:29,867488068342780,24676,GTSPD,0x19FE7FBF,,802003,0x8303,0x0115,100,13891,0000,0000,01,00,22,12,12,-,01,01,42.8,49.9,359,0,572,563,-23.268649,-23.269241,-51.167188,-51.167194,0724,0006,C4A7,07A5BE15,0.3,643.6,643.5,0:00:51,85:58:53,-,-,0,-,,,,,,,,,01
2025-10-16 18:24:29,,,,867488068342780,24675,ACK
2025-10-16 18:24:28,2025-10-16 18:24:27,2025-10-16 18:24:27,2025-10-16 18:24:27,867488068342780,24674,GTSPD,0x19FE7FBF,,802003,0x8303,0x0115,100,13943,0000,0000,01,00,22,12,12,-,01,01,48.3,48.3,359,359,560,560,-23.269488,-23.269488,-51.167194,-51.167194,0724,0006,C4A7,07A5CC0D,0.2,643.5,643.5,0:00:42,85:58:44,-,-,0,-,,,,,,,,,00
2025-10-16 18:24:14,2025-10-16 18:24:14,2025-10-16 18:24:14,2025-10-16 18:24:00,867488068342780,24673,GTERI,0x19FE3FBF,0x00028102,802003,0x8303,0x0115,100,13821,0000,-,01,00,22,12,12,-,01,01,10.4,22.7,39,92,551,555,-23.27055,-23.270542,-51.167254,-51.167511,0724,0006,C4A7,07A5CC0D,0.1,643.4,643.3,0:00:30,85:58:32,-,-,0,-,,,,,04,1,00000000,00,11,,
2025-10-16 18:23:56,2025-10-16 18:23:56,2025-10-16 18:23:56,2025-10-16 18:23:56,867488068342780,24672,GTERI,0x19FE3FBF,0x00028102,802003,0x8303,0x0115,100,13845,0000,-,01,00,22,12,12,-,01,01,17.3,17.3,116,116,559,559,-23.270526,-23.270526,-51.16774,-51.16774,0724,0006,C4A7,07A5CC0D,0.0,643.3,643.3,0:00:12,85:58:14,-,-,0,-,,,,,04,1,00000000,00,11,,
2025-10-16 18:23:52,2025-10-16 18:23:52,2025-10-16 18:23:52,2025-10-16 18:23:52,867488068342780,24671,GTIGL,0x19FE7FBF,,802003,0x8303,0x0115,100,13739,0000,0000,01,00,22,12,12,-,01,01,12.6,12.6,184,184,560,560,-23.270411,-23.270411,-51.167803,-51.167803,0724,0006,C4A7,07A5CC0D,0.0,643.3,643.3,0:00:09,85:58:11,-,-,0,-,,,,,,,,,00
2025-10-16 18:23:52,2025-10-16 18:23:52,2025-10-16 18:23:52,2025-10-16 18:23:52,867488068342780,24670,GTERI,0x19FE3FBF,0x00028102,802003,0x8303,0x0115,100,13739,0000,-,01,00,22,12,12,-,01,01,12.6,12.6,184,184,560,560,-23.270411,-23.270411,-51.167803,-51.167803,0724,0006,C4A7,07A5CC0D,0.0,643.3,643.3,0:00:09,85:58:11,-,-,0,-,,,,,04,1,00000000,00,10,,
2025-10-16 18:23:44,2025-10-16 18:23:43,2025-10-16 18:16:54,2025-10-16 18:16:54,867488068342780,24669,GTSTT,0x19FE7FBF,,802003,0x8303,0x0115,100,12367,0000,0000,01,00,22,12,12,-,00,00,0.0,0.0,212,212,558,558,-23.270353,-23.270353,-51.167805,-51.167805,0724,0006,C4A7,07A5CC0D,0.0,643.3,643.3,0:00:00,85:58:02,-,-,0,-
2025-10-16 18:23:43,2025-10-16 18:23:43,2025-10-16 18:16:54,2025-10-16 18:11:46,867488068342780,24668,GTIGN,0x19FE7FBF,,802003,0x8303,0x0115,100,12367,0000,0000,01,00,22,12,12,709,00,01,0.0,0.6,212,211,558,558,-23.270353,-23.270353,-51.167805,-51.167804,0724,0006,C4A7,07A5CC0D,0.0,643.3,643.3,0:00:00,85:58:02,-,-,0,-
2025-10-16 18:23:43,,,,867488068342780,24667,HBD
2025-10-16 18:16:54,2025-10-16 18:16:54,2025-10-16 18:16:54,2025-10-16 18:16:54,867488068342780,24666,GTERI,0x19FE3FBF,0x00028102,802003,0x8303,0x0115,100,13035,0000,-,00,00,11,12,12,-,01,01,0.0,0.0,212,212,558,558,-23.270353,-23.270353,-51.167805,-51.167805,0724,0006,C4A7,07A54202,0.7,643.3,643.3,0:01:54,85:58:02,-,-,0,-,,,,,04,7,00000000,00,10,,
2025-10-16 18:16:31,,,,867488068342780,24665,HBD
2025-10-16 18:14:02,2025-10-16 18:14:01,2025-10-16 18:14:00,2025-10-16 18:14:00,867488068342780,24664,GTERI,0x19FE3FBF,0x00028102,802003,0x8303,0x0115,100,13052,0000,-,00,00,11,12,12,-,01,01,0.0,0.0,212,212,558,558,-23.270353,-23.270353,-51.167805,-51.167805,0724,0006,C4A7,07A54202,0.7,643.3,643.3,0:01:54,85:58:02,-,-,0,-,,,,,04,7,00000000,00,10,,
2025-10-16 18:14:02,,,,867488068342780,24663,HBD
2025-10-16 18:13:06,2025-10-16 18:13:05,2025-10-16 18:13:05,2025-10-16 18:13:05,867488068342780,24662,GTSTT,0x19FE7FBF,,802003,0x8303,0x0115,100,13035,0000,0000,00,00,11,12,12,-,01,01,0.0,0.0,212,212,558,558,-23.270353,-23.270353,-51.167805,-51.167805,0724,0006,C4A7,07A54202,0.7,643.3,643.3,0:01:54,85:58:02,-,-,0,-
2025-10-16 18:11:58,,,,867488068342780,24661,ACK
2025-10-16 18:11:58,,,,867488068342780,24660,ACK
2025-10-16 18:11:58,,,,867488068342780,24659,HBD
2025-10-16 18:11:54,2025-10-16 18:11:53,2025-10-16 18:11:54,2025-10-16 18:11:54,867488068342780,24658,GTIGL,0x19FE7FBF,,802003,0x8303,0x0115,100,13356,0000,0000,00,00,12,12,12,-,01,01,0.0,0.0,212,212,558,558,-23.270353,-23.270353,-51.167805,-51.167805,0724,0006,C4A7,07A5CC35,0.7,643.3,643.3,0:01:54,85:58:02,-,-,0,-,,,,,,,,,01
2025-10-16 18:11:53,2025-10-16 18:11:53,2025-10-16 18:11:53,2025-10-16 18:11:53,867488068342780,24657,GTSTT,0x19FE7FBF,,802003,0x8303,0x0115,100,13708,0000,0000,00,00,12,12,12,-,01,01,0.0,0.0,212,212,558,558,-23.270353,-23.270353,-51.167805,-51.167805,0724,0006,C4A7,07A5CC35,0.7,643.3,643.3,0:01:54,85:58:02,-,-,0,-
2025-10-16 18:11:53,2025-10-16 18:11:53,2025-10-16 18:11:53,2025-10-16 18:11:53,867488068342780,24656,GTIGF,0x19FE7FBF,,802003,0x8303,0x0115,100,13708,0000,0000,00,00,12,12,12,116,01,01,0.0,0.0,212,212,558,558,-23.270353,-23.270353,-51.167805,-51.167805,0724,0006,C4A7,07A5CC35,0.7,643.3,643.3,0:01:54,85:58:02,-,-,0,-
2025-10-16 18:11:45,2025-10-16 18:11:44,2025-10-16 18:11:45,2025-10-16 18:11:42,867488068342780,24655,GTERI,0x19FE3FBF,0x00028102,802003,0x8303,0x0115,100,13552,0000,-,01,00,22,12,12,-,01,01,3.7,4.8,212,352,558,558,-23.270349,-23.27035,-51.167804,-51.167804,0724,0006,C4A7,07A5CC35,0.7,643.3,643.3,0:01:45,85:57:53,-,-,0,-,,,,,04,28,00000000,00,11,,
2025-10-16 18:11:41,2025-10-16 18:11:40,2025-10-16 18:11:41,2025-10-16 18:11:24,867488068342780,24654,GTERI,0x19FE3FBF,0x00028102,802003,0x8303,0x0115,100,13615,0000,-,01,00,22,12,12,-,01,01,4.3,40.0,320,180,558,564,-23.270362,-23.269429,-51.167807,-51.167824,0724,0006,C4A7,07A5CC35,0.7,643.3,643.2,0:01:42,85:57:50,-,-,0,-,,,,,04,28,00000000,00,11,,
2025-10-16 18:11:12,2025-10-16 18:11:10,2025-10-16 18:11:11,2025-10-16 18:11:03,867488068342780,24653,GTERI,0x19FE3FBF,0x00028102,802003,0x8303,0x0115,100,13711,0000,-,01,00,22,12,12,-,01,01,27.0,41.0,154,89,581,582,-23.268194,-23.268097,-51.167839,-51.168558,0724,0006,C4A7,07A5CB0B,0.5,643.1,643.0,0:01:12,85:57:20,-,-,0,-,,,,,04,1,00000000,00,11,,
2025-10-16 18:11:02,2025-10-16 18:11:01,2025-10-16 18:11:00,2025-10-16 18:10:34,867488068342780,24652,GTERI,0x19FE3FBF,0x00028102,802003,0x8303,0x0115,100,13873,0000,-,01,00,22,12,12,-,01,01,40.5,43.1,89,91,583,589,-23.268099,-23.268098,-51.168891,-51.170955,0724,0006,C4A7,07A5BC0D,0.4,643.0,642.7,0:01:03,85:57:11,-,-,0,-,,,,,04,1,00000000,00,10,,
2025-10-16 18:10:16,2025-10-16 18:10:15,2025-10-16 18:10:16,2025-10-16 18:10:16,867488068342780,24651,GTERI,0x19FE3FBF,0x00028102,802003,0x8303,0x0115,100,13715,0000,-,01,00,22,12,12,-,01,01,17.2,17.2,95,95,589,589,-23.268084,-23.268084,-51.172288,-51.172288,0724,0006,C4A7,07A7100C,0.0,642.6,642.6,0:00:18,85:56:26,-,-,0,-,,,,,04,1,00000000,00,11,,
2025-10-16 18:10:13,,,,24650,GTHBE
2025-10-16 18:10:13,2025-10-16 18:10:12,2025-10-16 18:10:13,2025-10-16 18:10:07,867488068342780,24649,GTERI,0x19FE3FBF,0x00028102,802003,0x8303,0x0115,100,13446,0000,-,01,00,22,12,12,-,01,01,8.6,16.5,157,181,589,589,-23.268034,-23.267879,-51.172391,-51.172392,0724,0006,C4A7,07B2DC0C,0.0,642.6,642.6,0:00:15,85:56:23,-,-,0,-,,,,,04,1,00000000,00,11,,
2025-10-16 18:09:59,2025-10-16 18:09:57,2025-10-16 18:09:58,2025-10-16 18:09:58,867488068342780,24648,GTIGL,0x19FE7FBF,,802003,0x8303,0x0115,100,12796,0000,0000,01,00,22,12,12,-,01,01,0.0,0.0,202,202,587,587,-23.267761,-23.267761,-51.172389,-51.172389,0724,0006,C4A7,07B2DC0C,0.0,642.6,642.6,0:00:00,85:56:08,-,-,0,-,,,,,,,,,00
2025-10-16 18:09:58,2025-10-16 18:09:57,2025-10-16 18:09:57,2025-10-16 18:09:57,867488068342780,24647,GTSTT,0x19FE7FBF,,802003,0x8303,0x0115,100,12796,0000,0000,01,00,22,12,12,-,01,01,0.0,0.0,202,202,587,587,-23.267761,-23.267761,-51.172389,-51.172389,0724,0006,C4A7,07B2DC0C,0.0,642.6,642.6,0:00:00,85:56:08,-,-,0,-
2025-10-16 18:09:57,2025-10-16 18:09:57,2025-10-16 18:09:57,2025-10-16 18:06:24,867488068342780,24646,GTIGN,0x19FE7FBF,,802003,0x8303,0x0115,100,12796,0000,0000,01,00,22,12,12,206,01,01,0.0,2.4,202,195,587,587,-23.267761,-23.267759,-51.172389,-51.172389,0724,0006,C4A7,07B2DC0C,0.0,642.6,642.6,0:00:00,85:56:08,-,-,0,-
2025-10-16 18:09:57,,,,867488068342780,24645,HBD
2025-10-16 18:08:02,2025-10-16 18:08:01,2025-10-16 18:08:00,2025-10-16 18:08:00,867488068342780,24644,GTERI,0x19FE3FBF,0x00028102,802003,0x8303,0x0115,100,12903,0000,-,00,00,11,12,12,-,01,01,0.0,0.0,202,202,587,587,-23.267761,-23.267761,-51.172389,-51.172389,0724,0006,C4A7,07B2DC0C,13.5,642.6,642.6,0:29:54,85:56:08,-,-,0,-,,,,,04,1,00000000,00,10,,
2025-10-16 18:07:29,,,,867488068342780,24643,HBD
2025-10-16 18:06:58,2025-10-16 18:06:57,2025-10-16 18:06:57,2025-10-16 18:06:57,867488068342780,24642,GTSTT,0x19FE7FBF,,802003,0x8303,0x0115,100,13073,0000,0000,00,00,11,12,12,-,01,01,0.0,0.0,202,202,587,587,-23.267761,-23.267761,-51.172389,-51.172389,0724,0006,C4A7,07B2DC0C,13.5,642.6,642.6,0:29:54,85:56:08,-,-,0,-
2025-10-16 18:06:33,2025-10-16 18:06:31,2025-10-16 18:06:32,2025-10-16 18:06:32,867488068342780,24641,GTIGL,0x19FE7FBF,,802003,0x8303,0x0115,100,13325,0000,0000,00,00,12,12,12,-,01,01,0.0,0.0,202,202,587,587,-23.267761,-23.267761,-51.172389,-51.172389,0724,0006,C4A7,07B2DC0C,13.5,642.6,642.6,0:29:54,85:56:08,-,-,0,-,,,,,,,,,01
2025-10-16 18:06:33,,,,867488068342780,24640,ACK
2025-10-16 18:06:32,,,,867488068342780,24639,ACK
2025-10-16 18:06:31,2025-10-16 18:06:31,2025-10-16 18:06:31,2025-10-16 18:06:31,867488068342780,24638,GTSTT,0x19FE7FBF,,802003,0x8303,0x0115,100,13608,0000,0000,00,00,12,12,12,-,01,01,0.0,0.0,202,202,587,587,-23.267761,-23.267761,-51.172389,-51.172389,0724,0006,C4A7,07B2DC0C,13.5,642.6,642.6,0:29:54,85:56:08,-,-,0,-
2025-10-16 18:06:31,2025-10-16 18:06:31,2025-10-16 18:06:31,2025-10-16 18:06:31,867488068342780,24637,GTIGF,0x19FE7FBF,,802003,0x8303,0x0115,100,13608,0000,0000,00,00,12,12,12,1796,01,01,0.0,0.0,202,202,587,587,-23.267761,-23.267761,-51.172389,-51.172389,0724,0006,C4A7,07B2DC0C,13.5,642.6,642.6,0:29:54,85:56:08,-,-,0,-
2025-10-16 18:06:23,2025-10-16 18:06:22,2025-10-16 18:06:23,2025-10-16 18:06:18,867488068342780,24636,GTERI,0x19FE3FBF,0x00028102,802003,0x8303,0x0115,100,13625,0000,-,01,00,22,12,12,-,01,01,3.3,3.9,202,349,587,587,-23.267751,-23.267765,-51.172389,-51.172381,0724,0006,C4A7,07B2DC0C,13.5,642.6,642.6,0:29:45,85:55:59,-,-,0,-,,,,,04,1,00000000,00,11,,
2025-10-16 18:06:17,2025-10-16 18:06:16,2025-10-16 18:06:17,2025-10-16 18:06:02,867488068342780,24635,GTERI,0x19FE3FBF,0x00028102,802003,0x8303,0x0115,100,13470,0000,-,01,00,22,12,12,-,01,01,4.1,17.0,353,179,587,586,-23.267775,-23.267554,-51.172378,-51.172385,0724,0006,C4A7,07B2DC0C,13.5,642.6,642.5,0:29:39,85:55:53,-,-,0,-,,,,,04,1,00000000,00,11,,
2025-10-16 18:06:01,2025-10-16 18:06:00,2025-10-16 18:06:01,2025-10-16 18:06:01,867488068342780,24634,GTERI,0x19FE3FBF,0x00028102,802003,0x8303,0x0115,100,13540,0000,-,01,00,22,12,12,-,01,01,17.5,17.5,184,184,586,586,-23.267511,-23.267511,-51.172384,-51.172384,0724,0006,C4A7,07B2DC16,13.4,642.5,642.5,0:29:24,85:55:38,-,-,0,-,,,,,04,3,00000000,00,11,,
2025-10-16 18:05:52,,,,867488068342780,24633,ACK
2025-10-16 18:05:52,,,,24632,GTHBE
2025-10-16 18:05:51,2025-10-16 18:05:50,2025-10-16 18:05:51,2025-10-16 18:05:29,867488068342780,24631,GTSPD,0x19FE7FBF,,802003,0x8303,0x0115,100,13536,0000,0000,01,01,22,12,12,-,01,01,23.3,58.8,269,269,586,582,-23.267381,-23.267362,-51.17208,-51.169069,0724,0006,C4A7,07A5BC17,13.4,642.5,642.2,0:29:15,85:55:29,-,-,0,-,,,,,,,,,01
2025-10-16 18:05:32,,,,867488068342780,24630,ACK
2025-10-16 18:05:22,,,,867488068342780,24629,ACK
2025-10-16 18:05:20,2025-10-16 18:05:19,2025-10-16 18:05:20,2025-10-16 18:05:20,867488068342780,24628,GTSPD,0x19FE7FBF,,802003,0x8303,0x0115,100,13716,0000,0000,01,00,22,12,12,-,01,01,45.9,45.9,269,269,579,579,-23.267351,-23.267351,-51.167745,-51.167745,0724,0006,C4A7,07A5BC17,13.0,642.1,642.1,0:28:42,85:54:56,-,-,0,-,,,,,,,,,00
2025-10-16 18:05:17,,,,867488068342780,24627,ACK
2025-10-16 18:05:15,2025-10-16 18:05:14,2025-10-16 18:05:15,2025-10-16 18:05:14,867488068342780,24626,GTERI,0x19FE3FBF,0x00028102,802003,0x8303,0x0115,100,13699,0000,-,01,01,22,12,12,-,01,01,31.9,34.6,230,212,578,577,-23.267243,-23.267185,-51.16722,-51.167159,0724,0006,C4A7,07A5BC17,12.9,642.0,642.0,0:28:39,85:54:53,-,-,0,-,,,,,04,3,00000000,00,11,,
2025-10-16 18:05:13,2025-10-16 18:05:12,2025-10-16 18:05:13,2025-10-16 18:05:05,867488068342780,24625,GTSPD,0x19FE7FBF,,802003,0x8303,0x0115,100,13602,0000,0000,01,01,22,12,12,-,01,01,37.4,63.2,195,180,577,569,-23.267106,-23.266031,-51.167115,-51.16707,0724,0006,C4A7,07A5BC17,12.9,642.0,641.9,0:28:36,85:54:50,-,-,0,-,,,,,,,,,01
2025-10-16 18:05:02,2025-10-16 18:05:01,2025-10-16 18:05:00,2025-10-16 18:04:57,867488068342780,24624,GTERI,0x19FE3FBF,0x00028102,802003,0x8303,0x0115,100,13761,0000,-,01,00,22,12,12,-,01,01,60.9,62.7,179,179,566,567,-23.265245,-23.264779,-51.167063,-51.167061,0724,0006,C4A7,07A5BC17,12.7,641.8,641.7,0:28:24,85:54:38,-,-,0,-,,,,,04,3,00000000,00,10,,
2025-10-16 18:05:02,,,,867488068342780,24623,ACK
2025-10-16 18:05:02,,,,867488068342780,24622,HBD
2025-10-16 18:04:51,,,,867488068342780,24621,ACK
2025-10-16 18:04:48,2025-10-16 18:04:47,2025-10-16 18:04:48,2025-10-16 18:04:48,867488068342780,24620,GTSPD,0x19FE7FBF,,802003,0x8303,0x0115,100,13697,0000,0000,01,00,22,12,12,-,01,01,51.4,51.4,180,180,575,575,-23.263434,-23.263434,-51.167044,-51.167044,0724,0006,C4A7,07A5BC17,12.5,641.6,641.6,0:28:12,85:54:26,-,-,0,-,,,,,,,,,00
2025-10-16 18:04:22,2025-10-16 18:04:20,2025-10-16 18:04:21,2025-10-16 18:04:14,867488068342780,24619,GTERI,0x19FE3FBF,0x00028102,802003,0x8303,0x0115,100,13648,0000,-,01,00,22,12,12,-,01,01,14.4,25.6,203,270,580,579,-23.26266,-23.262589,-51.167047,-51.166672,0724,0006,C4A7,07A5BC17,12.4,641.5,641.4,0:27:45,85:53:59,-,-,0,-,,,,,04,3,00000000,00,11,,
2025-10-16 18:04:16,,,,867488068342780,24618,ACK
2025-10-16 18:04:13,2025-10-16 18:04:13,2025-10-16 18:04:13,2025-10-16 18:04:02,867488068342780,24617,GTSPD,0x19FE7FBF,,802003,0x8303,0x0115,100,13669,0000,0000,01,01,22,12,12,-,01,01,32.6,59.4,269,269,579,574,-23.26259,-23.262584,-51.166597,-51.165024,0724,0006,C4A7,07A5BC17,12.3,641.4,641.3,0:27:36,85:53:50,-,-,0,-,,,,,,,,,01
2025-10-16 18:04:02,,,,867488068342780,24616,ACK
2025-10-16 18:03:52,,,,867488068342780,24615,ACK
2025-10-16 18:03:48,2025-10-16 18:03:48,2025-10-16 18:03:48,2025-10-16 18:03:48,867488068342780,24614,GTSPD,0x19FE7FBF,,802003,0x8303,0x0115,100,13697,0000,0000,01,00,22,12,12,-,01,01,47.4,47.4,271,271,563,563,-23.2626,-23.2626,-51.162934,-51.162934,0724,0006,C4A7,07A5BC16,12.0,641.1,641.1,0:27:12,85:53:26,-,-,0,-,,,,,,,,,00
2025-10-16 18:03:37,,,,867488068342780,24613,ACK
2025-10-16 18:03:35,2025-10-16 18:03:35,2025-10-16 18:03:35,2025-10-16 18:03:22,867488068342780,24612,GTSPD,0x19FE7FBF,,802003,0x8303,0x0115,100,13668,0000,0000,01,01,22,12,12,-,01,01,36.7,60.3,269,269,561,573,-23.2626,-23.262572,-51.161737,-51.1598,0724,0006,C4A7,07A5BC16,11.9,641.0,640.7,0:27:00,85:53:14,-,-,0,-,,,,,,,,,01
2025-10-16 18:03:21,,,,867488068342780,24611,ACK
2025-10-16 18:03:12,,,,867488068342780,24610,ACK
2025-10-16 18:03:11,2025-10-16 18:03:11,2025-10-16 18:03:11,2025-10-16 18:03:11,867488068342780,24609,GTSPD,0x19FE7FBF,,802003,0x8303,0x0115,100,13695,0000,0000,01,00,22,12,12,-,01,01,51.7,51.7,264,264,584,584,-23.262528,-23.262528,-51.158117,-51.158117,0724,0006,C4A7,07A5BC16,11.5,640.6,640.6,0:26:33,85:52:47,-,-,0,-,,,,,,,,,00
2025-10-16 18:03:11,,,,867488068342780,24608,HBD
2025-10-16 18:03:00,2025-10-16 18:03:00,2025-10-16 18:03:00,2025-10-16 18:02:57,867488068342780,24607,GTERI,0x19FE3FBF,0x00028102,802003,0x8303,0x0115,100,13593,0000,-,01,00,22,12,12,-,01,01,19.4,20.2,256,250,584,584,-23.262306,-23.262269,-51.157111,-51.156964,0724,0006,C4A7,07A72915,11.4,640.5,640.5,0:26:24,85:52:38,-,-,0,-,,,,,04,3,00000000,00,11,,
2025-10-16 18:02:55,2025-10-16 18:02:55,2025-10-16 18:02:55,2025-10-16 18:02:41,867488068342780,24606,GTERI,0x19FE3FBF,0x00028102,802003,0x8303,0x0115,100,13692,0000,-,01,00,22,12,12,-,01,01,20.8,43.2,211,168,583,582,-23.262214,-23.261049,-51.156876,-51.1571,0724,0006,C4A7,07A72915,11.3,640.4,640.3,0:26:18,85:52:32,-,-,0,-,,,,,04,3,00000000,00,11,,
2025-10-16 18:02:36,2025-10-16 18:02:36,2025-10-16 18:02:36,2025-10-16 18:02:34,867488068342780,24605,GTSPD,0x19FE7FBF,,802003,0x8303,0x0115,100,13661,0000,0000,01,00,22,12,12,-,01,01,44.2,45.9,168,167,583,583,-23.260526,-23.260306,-51.157219,-51.157264,0724,0006,C4A7,07A72915,11.1,640.3,640.2,0:26:00,85:52:14,-,-,0,-,,,,,,,,,01
2025-10-16 18:02:33,2025-10-16 18:02:33,2025-10-16 18:02:33,2025-10-16 18:02:33,867488068342780,24604,GTSPD,0x19FE7FBF,,802003,0x8303,0x0115,100,13755,0000,0000,01,00,22,12,12,-,01,01,46.4,46.4,167,167,583,583,-23.260193,-23.260193,-51.157291,-51.157291,0724,0006,C4A7,07A72915,11.1,640.2,640.2,0:25:57,85:52:11,-,-,0,-,,,,,,,,,00
2025-10-16 18:02:15,2025-10-16 18:02:14,2025-10-16 18:02:15,2025-10-16 18:02:15,867488068342780,24603,GTERI,0x19FE3FBF,0x00028102,802003,0x8303,0x0115,100,13736,0000,-,01,00,22,12,12,-,01,01,31.3,31.3,165,165,580,580,-23.258721,-23.258721,-51.157832,-51.157832,0724,0006,C4A7,07A57D17,10.9,640.0,640.0,0:25:39,85:51:53,-,-,0,-,,,,,04,3,00000000,00,11,,
2025-10-16 18:02:12,2025-10-16 18:02:11,2025-10-16 18:02:12,2025-10-16 18:02:10,867488068342780,24602,GTERI,0x19FE3FBF,0x00028102,802003,0x8303,0x0115,100,13736,0000,-,01,00,22,12,12,-,01,01,28.9,30.0,217,254,579,578,-23.258508,-23.258422,-51.157801,-51.157678,0724,0006,C4A7,07A72915,10.9,640.0,640.0,0:25:36,85:51:50,-,-,0,-,,,,,04,3,00000000,00,11,,
2025-10-16 18:02:09,2025-10-16 18:02:08,2025-10-16 18:02:09,2025-10-16 18:02:09,867488068342780,24601,GTERI,0x19FE3FBF,0x00028102,802003,0x8303,0x0115,100,13736,0000,-,01,00,22,12,12,-,01,01,30.2,30.2,272,272,577,577,-23.258409,-23.258409,-51.157598,-51.157598,0724,0006,C4A7,07A72915,10.9,640.0,640.0,0:25:33,85:51:47,-,-,0,-,,,,,04,3,00000000,00,11,,
2025-10-16 18:02:06,2025-10-16 18:02:05,2025-10-16 18:02:06,2025-10-16 18:02:06,867488068342780,24600,GTERI,0x19FE3FBF,0x00028102,802003,0x8303,0x0115,100,13736,0000,-,01,00,22,12,12,-,01,01,28.9,28.9,326,326,577,577,-23.258502,-23.258502,-51.157392,-51.157392,0724,0006,C4A7,07A5BC16,10.9,640.0,640.0,0:25:30,85:51:44,-,-,0,-,,,,,04,3,00000000,00,11,,
2025-10-16 18:02:04,,,,24599,GTHBE
2025-10-16 18:02:02,2025-10-16 18:02:01,2025-10-16 18:02:00,2025-10-16 18:01:26,867488068342780,24598,GTERI,0x19FE3FBF,0x00028102,802003,0x8303,0x0115,100,13736,0000,-,01,00,22,12,12,-,01,01,18.5,35.2,15,345,578,580,-23.258868,-23.259576,-51.157406,-51.157272,0724,0006,C4A7,07A5BC16,10.8,639.9,639.9,0:25:24,85:51:38,-,-,0,-,,,,,04,3,00000000,00,10,,
2025-10-16 18:01:26,,,,867488068342780,24597,ACK
2025-10-16 18:01:26,2025-10-16 18:01:24,2025-10-16 18:01:25,2025-10-16 18:00:54,867488068342780,24596,GTSPD,0x19FE7FBF,,802003,0x8303,0x0115,100,13654,0000,0000,01,01,22,12,12,-,01,01,39.3,67.1,345,315,580,570,-23.259665,-23.263792,-51.157247,-51.155266,0724,0006,C4A7,07A72915,10.7,639.9,639.3,0:24:48,85:51:02,-,-,0,-,,,,,,,,,01
2025-10-16 18:01:25,,,,867488068342780,24595,HBD
2025-10-16 18:00:33,2025-10-16 18:00:32,2025-10-16 18:00:33,2025-10-16 18:00:14,867488068342780,24594,GTERI,0x19FE3FBF,0x00028102,802003,0x8303,0x0115,100,13761,0000,-,01,01,22,12,12,-,01,01,52.9,53.5,336,311,557,535,-23.266538,-23.268558,-51.153398,-51.151862,0724,0006,C4A7,07A72916,9.9,639.0,638.7,0:23:57,85:50:11,-,-,0,-,,,,,04,3,00000000,00,11,,
2025-10-16 18:00:10,,,,867488068342780,24593,ACK
2025-10-16 18:00:08,2025-10-16 18:00:08,2025-10-16 18:00:08,2025-10-16 18:00:02,867488068342780,24592,GTERI,0x19FE3FBF,0x00028102,802003,0x8303,0x0115,100,13703,0000,-,01,00,22,12,12,-,01,01,53.2,57.6,291,287,527,522,-23.268998,-23.26926,-51.15114,-51.150273,0724,0006,C4A7,07A5CC15,9.5,638.6,638.5,0:23:33,85:49:47,-,-,0,-,,,,,04,3,00000000,00,11,,
2025-10-16 18:00:01,,,,867488068342780,24591,ACK
2025-10-16 17:59:57,2025-10-16 17:59:57,2025-10-16 17:59:57,2025-10-16 17:59:57,867488068342780,24590,GTSPD,0x19FE7FBF,,802003,0x8303,0x0115,100,13738,0000,0000,01,00,22,12,12,-,01,01,49.2,49.2,284,284,519,519,-23.269453,-23.269453,-51.149564,-51.149564,0724,0006,C4A7,07A72916,9.3,638.4,638.4,0:23:21,85:49:35,-,-,0,-,,,,,,,,,00
2025-10-16 17:59:25,,,,867488068342780,24589,ACK
2025-10-16 17:59:22,2025-10-16 17:59:22,2025-10-16 17:59:22,2025-10-16 17:59:18,867488068342780,24588,GTSPD,0x19FE7FBF,,802003,0x8303,0x0115,100,13736,0000,0000,01,00,22,12,12,-,01,01,37.8,48.9,222,231,511,510,-23.269271,-23.268952,-51.148036,-51.147696,0724,0006,C4A7,07A72916,9.2,638.3,638.2,0:22:45,85:48:59,-,-,0,-,,,,,,,,,01
2025-10-16 17:59:16,2025-10-16 17:59:16,2025-10-16 17:59:16,2025-10-16 17:59:16,867488068342780,24587,GTSPD,0x19FE7FBF,,802003,0x8303,0x0115,100,13708,0000,0000,01,00,22,12,12,-,01,01,47.3,47.3,242,242,511,511,-23.268816,-23.268816,-51.147478,-51.147478,0724,0006,C4A7,07A72916,9.1,638.2,638.2,0:22:39,85:48:53,-,-,0,-,,,,,,,,,00
2025-10-16 17:59:16,,,,867488068342780,24586,ACK
2025-10-16 17:59:11,2025-10-16 17:59:11,2025-10-16 17:59:11,2025-10-16 17:59:11,867488068342780,24585,GTERI,0x19FE3FBF,0x00028102,802003,0x8303,0x0115,100,13708,0000,-,01,00,22,12,12,-,01,01,30.4,30.4,244,244,518,518,-23.268638,-23.268638,-51.146941,-51.146941,0724,0006,C4A7,07A72916,9.0,638.1,638.1,0:22:33,85:48:47,-,-,0,-,,,,,04,3,00000000,00,11,,
2025-10-16 17:59:02,2025-10-16 17:59:01,2025-10-16 17:59:00,2025-10-16 17:58:45,867488068342780,24584,GTERI,0x19FE3FBF,0x00028102,802003,0x8303,0x0115,100,13701,0000,-,01,00,22,12,12,-,01,01,19.9,33.1,180,179,520,525,-23.268241,-23.267649,-51.146791,-51.146785,0724,0006,C4A7,07A72916,9.0,638.1,638.0,0:22:24,85:48:38,-,-,0,-,,,,,04,3,00000000,00,10,,
2025-10-16 17:59:02,,,,867488068342780,24583,HBD
2025-10-16 17:58:41,2025-10-16 17:58:41,2025-10-16 17:58:41,2025-10-16 17:58:41,867488068342780,24582,GTERI,0x19FE3FBF,0x00028102,802003,0x8303,0x0115,100,13618,0000,-,01,00,22,12,12,-,01,01,16.6,16.6,204,204,527,527,-23.26736,-23.26736,-51.146774,-51.146774,0724,0006,C4A7,07A72916,8.9,638.0,638.0,0:22:03,85:48:17,-,-,0,-,,,,,04,3,00000000,00,11,,
2025-10-16 17:58:38,,,,24581,GTHBE
2025-10-16 17:57:26,2025-10-16 17:57:25,2025-10-16 17:57:26,2025-10-16 17:57:26,867488068342780,24580,GTERI,0x19FE3FBF,0x00028102,802003,0x8303,0x0115,100,13691,0000,-,01,00,22,12,12,-,01,01,23.3,23.3,255,255,525,525,-23.267275,-23.267275,-51.141262,-51.141262,0724,0006,C4A7,07A54F15,8.3,637.4,637.4,0:20:48,85:47:02,-,-,0,-,,,,,04,3,00000000,00,11,,
2025-10-16 17:57:20,,,,867488068342780,24579,ACK
2025-10-16 17:57:19,,,,24578,GTHBE
2025-10-16 17:57:16,2025-10-16 17:57:15,2025-10-16 17:57:16,2025-10-16 17:57:11,867488068342780,24577,GTSPD,0x19FE7FBF,,802003,0x8303,0x0115,100,13732,0000,0000,01,00,22,12,12,-,01,01,42.1,47.7,180,180,526,528,-23.266746,-23.266172,-51.1411,-51.141098,0724,0006,C4A7,07A57D16,8.2,637.3,637.3,0:20:39,85:46:53,-,-,0,-,,,,,,,,,01
2025-10-16 17:57:10,,,,867488068342780,24576,ACK
2025-10-16 17:57:09,2025-10-16 17:57:08,2025-10-16 17:57:09,2025-10-16 17:57:09,867488068342780,24575,GTSPD,0x19FE7FBF,,802003,0x8303,0x0115,100,13629,0000,0000,01,00,22,12,12,-,01,01,47.0,47.0,180,180,529,529,-23.265934,-23.265934,-51.141091,-51.141091,0724,0006,C4A7,07A57D16,8.2,637.3,637.3,0:20:33,85:46:47,-,-,0,-,,,,,,,,,00
2025-10-16 17:57:03,,,,24574,GTHBE
2025-10-16 17:57:02,2025-10-16 17:57:01,2025-10-16 17:57:02,2025-10-16 17:56:48,867488068342780,24573,GTERI,0x19FE3FBF,0x00028102,802003,0x8303,0x0115,100,13736,0000,-,01,00,22,12,12,-,01,01,17.4,33.6,207,272,531,532,-23.265309,-23.265294,-51.141061,-51.140844,0724,0006,C4A7,07A57D16,8.1,637.2,637.2,0:20:24,85:46:38,-,-,0,-,,,,,04,3,00000000,00,11,,
2025-10-16 17:57:02,,,,867488068342780,24572,HBD
2025-10-16 17:56:50,,,,867488068342780,24571,ACK
2025-10-16 17:56:47,2025-10-16 17:56:46,2025-10-16 17:56:47,2025-10-16 17:56:37,867488068342780,24570,GTSPD,0x19FE7FBF,,802003,0x8303,0x0115,100,13641,0000,0000,01,01,22,12,12,-,01,01,39.2,48.6,270,270,532,538,-23.265298,-23.265302,-51.140749,-51.139496,0724,0006,C4A7,07A57D16,8.0,637.2,637.0,0:20:09,85:46:23,-,-,0,-,,,,,,,,,01
2025-10-16 17:56:44,,,,867488068342780,24569,ACK
2025-10-16 17:56:35,2025-10-16 17:56:34,2025-10-16 17:56:35,2025-10-16 17:56:35,867488068342780,24568,GTSPD,0x19FE7FBF,,802003,0x8303,0x0115,100,13714,0000,0000,01,00,22,12,12,-,01,01,47.2,47.2,272,272,540,540,-23.265305,-23.265305,-51.139237,-51.139237,0724,0006,C4A7,07A72902,7.9,637.0,637.0,0:19:57,85:46:11,-,-,0,-,,,,,,,,,00
2025-10-16 17:56:34,,,,867488068342780,24567,ACK
2025-10-16 17:56:24,2025-10-16 17:56:23,2025-10-16 17:56:24,2025-10-16 17:56:24,867488068342780,24566,GTERI,0x19FE3FBF,0x00028102,802003,0x8303,0x0115,100,13699,0000,-,01,00,22,12,12,-,01,01,18.5,18.5,274,274,548,548,-23.265311,-23.265311,-51.138121,-51.138121,0724,0006,C4A7,07A72902,7.8,636.9,636.9,0:19:48,85:46:02,-,-,0,-,,,,,04,7,00000000,00,11,,
2025-10-16 17:56:18,2025-10-16 17:56:17,2025-10-16 17:56:18,2025-10-16 17:56:18,867488068342780,24565,GTERI,0x19FE3FBF,0x00028102,802003,0x8303,0x0115,100,13470,0000,-,01,00,22,12,12,-,01,01,6.1,6.1,320,320,547,547,-23.265376,-23.265376,-51.137954,-51.137954,0724,0006,C4A7,07A72902,7.8,636.9,636.9,0:19:42,85:45:56,-,-,0,-,,,,,04,7,00000000,00,11,,
2025-10-16 17:56:02,2025-10-16 17:56:01,2025-10-16 17:56:00,2025-10-16 17:55:55,867488068342780,24564,GTERI,0x19FE3FBF,0x00028102,802003,0x8303,0x0115,100,13445,0000,-,01,00,22,12,12,-,01,01,0.2,7.8,144,147,547,548,-23.265379,-23.26533,-51.137952,-51.137998,0724,0006,C4A7,07A72902,7.8,636.9,636.9,0:19:24,85:45:38,-,-,0,-,,,,,04,7,00000000,00,10,,
2025-10-16 17:55:53,2025-10-16 17:55:53,2025-10-16 17:55:53,2025-10-16 17:55:51,867488068342780,24563,GTERI,0x19FE3FBF,0x00028102,802003,0x8303,0x0115,100,13643,0000,-,01,00,22,12,12,-,01,01,3.5,5.1,144,334,548,548,-23.2653,-23.265295,-51.138021,-51.138028,0724,0006,C4A7,07A72902,7.8,636.9,636.9,0:19:18,85:45:32,-,-,0,-,,,,,04,7,00000000,00,11,,
2025-10-16 17:55:50,2025-10-16 17:55:50,2025-10-16 17:55:50,2025-10-16 17:55:49,867488068342780,24562,GTERI,0x19FE3FBF,0x00028102,802003,0x8303,0x0115,100,13643,0000,-,01,00,22,12,12,-,01,01,9.9,10.0,341,5,548,548,-23.265309,-23.26533,-51.138024,-51.138019,0724,0006,C4A7,07A72902,7.8,636.9,636.9,0:19:15,85:45:29,-,-,0,-,,,,,04,7,00000000,00,11,,
2025-10-16 17:55:48,2025-10-16 17:55:48,2025-10-16 17:55:48,2025-10-16 17:55:48,867488068342780,24561,GTERI,0x19FE3FBF,0x00028102,802003,0x8303,0x0115,100,13593,0000,-,01,00,22,12,12,-,01,01,10.3,10.3,26,26,548,548,-23.265354,-23.265354,-51.138027,-51.138027,0724,0006,C4A7,07A72902,7.8,636.9,636.9,0:19:12,85:45:26,-,-,0,-,,,,,04,7,00000000,00,11,,
2025-10-16 17:55:46,,,,24560,GTHBE
2025-10-16 17:55:27,,,,867488068342780,24559,HBD
2025-10-16 17:54:44,2025-10-16 17:54:44,2025-10-16 17:54:44,2025-10-16 17:54:31,867488068342780,24558,GTERI,0x19FE3FBF,0x00028102,802003,0x8303,0x0115,100,13635,0000,-,01,00,22,12,12,-,01,01,19.7,35.4,81,1,529,526,-23.265316,-23.266264,-51.140975,-51.141103,0724,0006,C4A7,07A57D16,7.5,636.6,636.5,0:18:06,85:44:20,-,-,0,-,,,,,04,3,00000000,00,11,,
2025-10-16 17:54:16,2025-10-16 17:54:16,2025-10-16 17:54:16,2025-10-16 17:54:16,867488068342780,24557,GTERI,0x19FE3FBF,0x00028102,802003,0x8303,0x0115,100,13751,0000,-,01,00,22,12,12,-,01,01,15.0,15.0,25,25,523,523,-23.26725,-23.26725,-51.141126,-51.141126,0724,0006,C4A7,07A54F15,7.3,636.4,636.4,0:17:39,85:43:53,-,-,0,-,,,,,04,3,00000000,00,11,,
2025-10-16 17:54:15,,,,24556,GTHBE
2025-10-16 17:53:57,2025-10-16 17:53:57,2025-10-16 17:53:57,2025-10-16 17:53:57,867488068342780,24555,GTERI,0x19FE3FBF,0x00028102,802003,0x8303,0x0115,100,13527,0000,-,01,00,22,12,12,-,01,01,18.4,18.4,75,75,531,531,-23.267312,-23.267312,-51.14212,-51.14212,0724,0006,C4A7,07A57D16,7.2,636.3,636.3,0:17:21,85:43:35,-,-,0,-,,,,,04,3,00000000,00,11,,
2025-10-16 17:53:51,,,,24554,GTHBE
2025-10-16 17:53:37,,,,24553,GTHBE
2025-10-16 17:53:36,2025-10-16 17:53:36,2025-10-16 17:53:36,2025-10-16 17:53:34,867488068342780,24552,GTERI,0x19FE3FBF,0x00028102,802003,0x8303,0x0115,100,13750,0000,-,01,00,22,12,12,-,01,01,23.8,27.2,29,81,532,533,-23.26865,-23.268723,-51.142244,-51.142341,0724,0006,C4A7,07A73915,7.0,636.1,636.1,0:17:00,85:43:14,-,-,0,-,,,,,04,3,00000000,00,11,,
2025-10-16 17:53:34,,,,24551,GTHBE
2025-10-16 17:53:02,2025-10-16 17:53:01,2025-10-16 17:53:00,2025-10-16 17:52:52,867488068342780,24550,GTERI,0x19FE3FBF,0x00028102,802003,0x8303,0x0115,100,13740,0000,-,01,00,22,12,12,-,01,01,33.4,38.6,89,90,530,523,-23.268698,-23.268699,-51.145679,-51.146442,0724,0006,C4A7,07A72916,6.7,635.8,635.7,0:16:24,85:42:38,-,-,0,-,,,,,04,3,00000000,00,10,,
2025-10-16 17:53:02,,,,867488068342780,24549,HBD
2025-10-16 17:52:47,2025-10-16 17:52:47,2025-10-16 17:52:47,2025-10-16 17:52:43,867488068342780,24548,GTSPD,0x19FE7FBF,,802003,0x8303,0x0115,100,13740,0000,0000,01,00,22,12,12,-,01,01,39.4,53.0,82,61,517,512,-23.268711,-23.268847,-51.146947,-51.147413,0724,0006,C4A7,07A72916,6.6,635.7,635.6,0:16:09,85:42:23,-,-,0,-,,,,,,,,,01
2025-10-16 17:52:47,,,,867488068342780,24547,ACK
2025-10-16 17:52:42,2025-10-16 17:52:42,2025-10-16 17:52:42,2025-10-16 17:52:42,867488068342780,24546,GTERI,0x19FE3FBF,0x00028102,802003,0x8303,0x0115,100,13740,0000,-,01,00,22,12,12,-,01,01,54.5,54.5,56,56,511,511,-23.268914,-23.268914,-51.147538,-51.147538,0724,0006,C4A7,07A72916,6.5,635.6,635.6,0:16:06,85:42:20,-,-,0,-,,,,,04,3,00000000,00,11,,
2025-10-16 17:52:42,,,,867488068342780,24545,ACK
2025-10-16 17:52:38,2025-10-16 17:52:38,2025-10-16 17:52:38,2025-10-16 17:52:38,867488068342780,24544,GTSPD,0x19FE7FBF,,802003,0x8303,0x0115,100,13740,0000,0000,01,00,22,12,12,-,01,01,49.0,49.0,41,41,511,511,-23.269272,-23.269272,-51.147964,-51.147964,0724,0006,C4A7,07A72916,6.4,635.5,635.5,0:16:00,85:42:14,-,-,0,-,,,,,,,,,00
2025-10-16 17:52:32,,,,867488068342780,24543,ACK
2025-10-16 17:52:29,2025-10-16 17:52:29,2025-10-16 17:52:29,2025-10-16 17:52:17,867488068342780,24542,GTSPD,0x19FE7FBF,,802003,0x8303,0x0115,100,13669,0000,0000,01,01,22,12,12,-,01,01,42.4,53.9,25,19,512,502,-23.270157,-23.271291,-51.148208,-51.149296,0724,0006,C4A7,07A72916,6.3,635.4,635.3,0:15:51,85:42:05,-,-,0,-,,,,,,,,,01
2025-10-16 17:52:16,2025-10-16 17:52:15,2025-10-16 17:52:16,2025-10-16 17:52:09,867488068342780,24541,GTERI,0x19FE3FBF,0x00028102,802003,0x8303,0x0115,100,13715,0000,-,01,01,22,12,12,-,01,01,55.0,61.7,9,355,502,506,-23.271422,-23.272457,-51.149337,-51.149298,0724,0006,C4A7,07A72916,6.1,635.2,635.1,0:15:39,85:41:53,-,-,0,-,,,,,04,3,00000000,00,11,,
2025-10-16 17:52:07,,,,867488068342780,24540,ACK
2025-10-16 17:51:57,,,,867488068342780,24539,ACK
2025-10-16 17:51:54,2025-10-16 17:51:53,2025-10-16 17:51:53,2025-10-16 17:51:53,867488068342780,24538,GTSPD,0x19FE7FBF,,802003,0x8303,0x0115,100,13718,0000,0000,01,00,22,12,12,-,01,01,49.5,49.5,0,0,523,523,-23.2748,-23.2748,-51.149269,-51.149269,0724,0006,C4A7,07A73917,5.8,634.9,634.9,0:15:18,85:41:32,-,-,0,-,,,,,,,,,00
2025-10-16 17:51:15,,,,24537,GTHBE
2025-10-16 17:51:15,,,,867488068342780,24536,HBD
2025-10-16 17:50:57,,,,867488068342780,24535,ACK
2025-10-16 17:50:55,2025-10-16 17:50:54,2025-10-16 17:50:54,2025-10-16 17:50:52,867488068342780,24534,GTSPD,0x19FE7FBF,,802003,0x8303,0x0115,100,13702,0000,0000,01,00,22,12,12,-,01,01,45.0,46.7,0,0,541,544,-23.277455,-23.277684,-51.149253,-51.149256,0724,0006,C4A7,07A5CC33,5.5,634.6,634.6,0:14:18,85:40:32,-,-,0,-,,,,,,,,,01
2025-10-16 17:50:52,,,,867488068342780,24533,ACK
2025-10-16 17:50:51,2025-10-16 17:50:51,2025-10-16 17:50:51,2025-10-16 17:50:51,867488068342780,24532,GTSPD,0x19FE7FBF,,802003,0x8303,0x0115,100,13669,0000,0000,01,00,22,12,12,-,01,01,47.0,47.0,0,0,545,545,-23.277802,-23.277802,-51.149257,-51.149257,0724,0006,C4A7,07A5CC33,5.4,634.5,634.5,0:14:15,85:40:29,-,-,0,-,,,,,,,,,00
2025-10-16 17:50:24,2025-10-16 17:50:24,2025-10-16 17:50:24,2025-10-16 17:50:24,867488068342780,24531,GTERI,0x19FE3FBF,0x00028102,802003,0x8303,0x0115,100,13779,0000,-,01,00,22,12,12,-,01,01,29.9,29.9,324,324,569,569,-23.280445,-23.280445,-51.148946,-51.148946,0724,0006,C4A7,07A5CCF1,5.1,634.2,634.2,0:13:48,85:40:02,-,-,0,-,,,,,04,7,00000000,00,11,,
2025-10-16 17:50:21,2025-10-16 17:50:21,2025-10-16 17:50:21,2025-10-16 17:50:20,867488068342780,24530,GTERI,0x19FE3FBF,0x00028102,802003,0x8303,0x0115,100,13809,0000,-,01,00,22,12,12,-,01,01,27.3,28.4,18,34,570,570,-23.280646,-23.280708,-51.148895,-51.148925,0724,0006,C4A7,07A5CCF1,5.1,634.2,634.2,0:13:45,85:39:59,-,-,0,-,,,,,04,7,00000000,00,11,,
2025-10-16 17:50:19,,,,24529,GTHBE
2025-10-16 17:50:02,2025-10-16 17:50:01,2025-10-16 17:50:00,2025-10-16 17:49:33,867488068342780,24528,GTERI,0x19FE3FBF,0x00028102,802003,0x8303,0x0115,100,13658,0000,-,01,00,22,12,12,-,01,01,7.0,39.8,70,76,570,571,-23.280875,-23.281063,-51.149747,-51.15039,0724,0006,C4A7,07A5CCF1,5.0,634.1,634.0,0:13:24,85:39:38,-,-,0,-,,,,,04,7,00000000,00,10,,
2025-10-16 17:49:36,,,,867488068342780,24527,ACK
2025-10-16 17:49:32,2025-10-16 17:49:32,2025-10-16 17:49:32,2025-10-16 17:49:27,867488068342780,24526,GTSPD,0x19FE7FBF,,802003,0x8303,0x0115,100,13681,0000,0000,01,00,22,12,12,-,01,01,41.9,49.1,78,76,571,573,-23.281086,-23.281174,-51.150497,-51.15111,0724,0006,C4A7,07A5CCF1,4.9,634.0,634.0,0:12:54,85:39:08,-,-,0,-,,,,,,,,,01
2025-10-16 17:49:26,,,,867488068342780,24525,ACK
2025-10-16 17:49:22,2025-10-16 17:49:21,2025-10-16 17:49:22,2025-10-16 17:49:22,867488068342780,24524,GTSPD,0x19FE7FBF,,802003,0x8303,0x0115,100,13813,0000,0000,01,00,22,12,12,-,01,01,47.3,47.3,59,59,575,575,-23.281386,-23.281386,-51.151728,-51.151728,0724,0006,C4A7,07A5CCF1,4.8,633.9,633.9,0:12:45,85:38:59,-,-,0,-,,,,,,,,,00
2025-10-16 17:49:18,,,,24523,GTHBE
2025-10-16 17:49:17,,,,867488068342780,24522,HBD
2025-10-16 17:49:01,2025-10-16 17:49:00,2025-10-16 17:49:01,2025-10-16 17:48:58,867488068342780,24521,GTSPD,0x19FE7FBF,,802003,0x8303,0x0115,100,13754,0000,0000,01,00,22,12,12,-,01,01,39.3,46.3,73,73,579,580,-23.28207,-23.282161,-51.153478,-51.153817,0724,0006,C4A7,07A5CC0B,4.6,633.7,633.7,0:12:24,85:38:38,-,-,0,-,,,,,,,,,01
2025-10-16 17:48:57,2025-10-16 17:48:56,2025-10-16 17:48:57,2025-10-16 17:48:57,867488068342780,24520,GTSPD,0x19FE7FBF,,802003,0x8303,0x0115,100,13757,0000,0000,01,00,22,12,12,-,01,01,46.5,46.5,75,75,579,579,-23.282192,-23.282192,-51.153938,-51.153938,0724,0006,C4A7,07A5CC0C,4.6,633.7,633.7,0:12:21,85:38:35,-,-,0,-,,,,,,,,,00
2025-10-16 17:48:46,2025-10-16 17:48:45,2025-10-16 17:48:46,2025-10-16 17:48:46,867488068342780,24519,GTERI,0x19FE3FBF,0x00028102,802003,0x8303,0x0115,100,13741,0000,-,01,00,22,12,12,-,01,01,34.9,34.9,69,69,577,577,-23.282659,-23.282659,-51.154925,-51.154925,0724,0006,C4A7,07A5CCF2,4.4,633.5,633.5,0:12:09,85:38:23,-,-,0,-,,,,,04,7,00000000,00,11,,
2025-10-16 17:48:44,,,,24518,GTHBE
2025-10-16 17:48:41,2025-10-16 17:48:40,2025-10-16 17:48:41,2025-10-16 17:48:41,867488068342780,24517,GTERI,0x19FE3FBF,0x00028102,802003,0x8303,0x0115,100,13741,0000,-,01,00,22,12,12,-,01,01,26.5,26.5,124,124,578,578,-23.282599,-23.282599,-51.155353,-51.155353,0724,0006,C4A7,07A5CCF2,4.4,633.5,633.5,0:12:03,85:38:17,-,-,0,-,,,,,04,7,00000000,00,11,,
2025-10-16 17:48:30,,,,24516,GTHBE
2025-10-16 17:48:25,,,,867488068342780,24515,ACK
2025-10-16 17:48:22,2025-10-16 17:48:21,2025-10-16 17:48:22,2025-10-16 17:48:11,867488068342780,24514,GTSPD,0x19FE7FBF,,802003,0x8303,0x0115,100,13784,0000,0000,01,01,22,12,12,-,01,01,44.1,55.8,80,80,582,583,-23.282576,-23.282797,-51.156318,-51.157805,0724,0006,C4A7,07A5CC03,4.3,633.4,633.2,0:11:45,85:37:59,-,-,0,-,,,,,,,,,01
2025-10-16 17:48:11,,,,867488068342780,24513,ACK
2025-10-16 17:48:01,,,,867488068342780,24512,ACK
2025-10-16 17:47:59,2025-10-16 17:47:58,2025-10-16 17:47:59,2025-10-16 17:47:59,867488068342780,24511,GTSPD,0x19FE7FBF,,802003,0x8303,0x0115,100,13647,0000,0000,01,00,22,12,12,-,01,01,48.8,48.8,81,81,575,575,-23.283047,-23.283047,-51.15953,-51.15953,0724,0006,C4A7,07A5CC03,4.0,633.1,633.1,0:11:21,85:37:35,-,-,0,-,,,,,,,,,00
2025-10-16 17:47:56,,,,867488068342780,24510,ACK
2025-10-16 17:47:56,2025-10-16 17:47:55,2025-10-16 17:47:56,2025-10-16 17:47:46,867488068342780,24509,GTSPD,0x19FE7FBF,,802003,0x8303,0x0115,100,13757,0000,0000,01,01,22,12,12,-,01,01,42.8,59.9,80,79,573,567,-23.283099,-23.283309,-51.1599,-51.16124,0724,0006,C4A7,07A5CC03,3.9,633.0,632.9,0:11:18,85:37:32,-,-,0,-,,,,,,,,,01
2025-10-16 17:47:51,,,,867488068342780,24508,ACK
2025-10-16 17:47:41,,,,867488068342780,24507,ACK
2025-10-16 17:47:39,2025-10-16 17:47:38,2025-10-16 17:47:39,2025-10-16 17:47:39,867488068342780,24506,GTSPD,0x19FE7FBF,,802003,0x8303,0x0115,100,13794,0000,0000,01,00,22,12,12,-,01,01,51.7,51.7,80,80,564,564,-23.283475,-23.283475,-51.162305,-51.162305,0724,0006,C4A7,07A54202,3.7,632.8,632.8,0:11:03,85:37:17,-,-,0,-,,,,,,,,,00
2025-10-16 17:47:26,2025-10-16 17:47:26,2025-10-16 17:47:26,2025-10-16 17:47:08,867488068342780,24505,GTSPD,0x19FE7FBF,,802003,0x8303,0x0115,100,13759,0000,0000,01,00,22,12,12,-,01,01,37.2,53.1,80,80,563,564,-23.283662,-23.284046,-51.16348,-51.165896,0724,0006,C4A7,07A5CC03,3.5,632.7,632.4,0:10:51,85:37:05,-,-,0,-,,,,,,,,,01
2025-10-16 17:47:26,,,,867488068342780,24504,ACK
2025-10-16 17:47:15,,,,867488068342780,24503,ACK
2025-10-16 17:47:06,2025-10-16 17:47:06,2025-10-16 17:47:06,2025-10-16 17:47:06,867488068342780,24502,GTSPD,0x19FE7FBF,,802003,0x8303,0x0115,100,13752,0000,0000,01,00,22,12,12,-,01,01,47.8,47.8,80,80,564,564,-23.284089,-23.284089,-51.166167,-51.166167,0724,0006,C4A7,07A54202,3.3,632.4,632.4,0:10:30,85:36:44,-,-,0,-,,,,,,,,,00
2025-10-16 17:47:05,,,,867488068342780,24501,ACK
2025-10-16 17:47:02,2025-10-16 17:47:01,2025-10-16 17:47:00,2025-10-16 17:47:01,867488068342780,24500,GTERI,0x19FE3FBF,0x00028102,802003,0x8303,0x0115,100,13808,0000,-,01,00,22,12,12,-,01,01,26.8,34.1,79,79,563,563,-23.284195,-23.28418,-51.166805,-51.16672,0724,0006,C4A7,07A5F501,3.2,632.3,632.3,0:10:24,85:36:38,-,-,0,-,,,,,04,7,00000000,00,10,,
2025-10-16 17:47:02,,,,867488068342780,24499,HBD
2025-10-16 17:46:55,,,,867488068342780,24498,ACK
2025-10-16 17:46:55,2025-10-16 17:46:55,2025-10-16 17:46:55,2025-10-16 17:46:33,867488068342780,24497,GTSPD,0x19FE7FBF,,802003,0x8303,0x0115,100,13699,0000,0000,01,01,22,12,12,-,01,01,31.5,63.7,80,78,563,555,-23.284244,-23.284775,-51.167098,-51.170418,0724,0006,C4A7,07A54202,3.2,632.3,631.9,0:10:18,85:36:32,-,-,0,-,,,,,,,,,01
2025-10-16 17:46:36,,,,867488068342780,24496,ACK
2025-10-16 17:46:26,,,,867488068342780,24495,ACK
2025-10-16 17:46:22,2025-10-16 17:46:21,2025-10-16 17:46:22,2025-10-16 17:46:22,867488068342780,24494,GTSPD,0x19FE7FBF,,802003,0x8303,0x0115,100,13792,0000,0000,01,00,22,12,12,-,01,01,51.5,51.5,80,80,559,559,-23.285069,-23.285069,-51.172094,-51.172094,0724,0006,C4A7,07A5BE02,2.6,631.7,631.7,0:09:45,85:35:59,-,-,0,-,,,,,,,,,00
2025-10-16 17:46:16,2025-10-16 17:46:15,2025-10-16 17:46:16,2025-10-16 17:44:52,867488068342780,24493,GTERI,0x19FE3FBF,0x00028102,802003,0x8303,0x0115,100,13636,0000,-,01,00,22,12,12,-,01,01,31.2,42.3,52,2,561,529,-23.285211,-23.289605,-51.172758,-51.172998,0724,0006,C4A7,07A5BE02,2.6,631.7,631.2,0:09:39,85:35:53,-,-,0,-,,,,,04,7,00000000,00,11,,
2025-10-16 17:45:26,,,,867488068342780,24492,HBD
2025-10-16 17:44:02,2025-10-16 17:44:01,2025-10-16 17:44:00,2025-10-16 17:42:32,867488068342780,24491,GTERI,0x19FE3FBF,0x00028102,802003,0x8303,0x0115,100,13753,0000,-,01,00,22,12,12,-,01,01,0.0,38.7,359,2,561,575,-23.29356,-23.295762,-51.173151,-51.173244,0724,0006,C4A7,07A5BE02,1.7,630.8,630.5,0:07:24,85:33:38,-,-,0,-,,,,,04,7,00000000,00,10,,
2025-10-16 17:43:25,,,,867488068342780,24490,HBD
2025-10-16 17:41:40,,,,24489,GTHBE
2025-10-16 17:41:25,2025-10-16 17:41:25,2025-10-16 17:41:25,2025-10-16 17:41:25,867488068342780,24488,GTERI,0x19FE3FBF,0x00028102,802003,0x8303,0x0115,100,13772,0000,-,01,00,22,12,12,-,01,01,18.7,18.7,359,359,608,608,-23.300508,-23.300508,-51.173492,-51.173492,0724,0006,C4A7,07A54201,0.9,630.0,630.0,0:04:48,85:31:02,-,-,0,-,,,,,04,7,00000000,00,11,,
2025-10-16 17:41:23,2025-10-16 17:41:22,2025-10-16 17:41:23,2025-10-16 17:41:23,867488068342780,24487,GTERI,0x19FE3FBF,0x00028102,802003,0x8303,0x0115,100,13709,0000,-,01,00,22,12,12,-,01,01,4.0,4.0,44,44,608,608,-23.300567,-23.300567,-51.173507,-51.173507,0724,0006,C4A7,07A54201,0.9,630.0,630.0,0:04:45,85:30:59,-,-,0,-,,,,,04,7,00000000,00,11,,
2025-10-16 17:41:11,2025-10-16 17:41:10,2025-10-16 17:41:11,2025-10-16 17:41:07,867488068342780,24486,GTERI,0x19FE3FBF,0x00028102,802003,0x8303,0x0115,100,13585,0000,-,01,00,22,12,12,-,01,01,3.8,20.8,114,180,609,608,-23.30057,-23.300459,-51.173534,-51.173586,0724,0006,C4A7,07A54201,0.9,630.0,630.0,0:04:33,85:30:47,-,-,0,-,,,,,04,7,00000000,00,11,,
2025-10-16 17:41:05,2025-10-16 17:41:05,2025-10-16 17:41:05,2025-10-16 17:41:05,867488068342780,24485,GTERI,0x19FE3FBF,0x00028102,802003,0x8303,0x0115,100,13796,0000,-,01,00,22,12,12,-,01,01,17.0,17.0,170,170,607,607,-23.300365,-23.300365,-51.173596,-51.173596,0724,0006,C4A7,07A54201,0.9,630.0,630.0,0:04:27,85:30:41,-,-,0,-,,,,,04,7,00000000,00,11,,
2025-10-16 17:41:03,2025-10-16 17:41:03,2025-10-16 17:41:03,2025-10-16 17:41:03,867488068342780,24484,GTERI,0x19FE3FBF,0x00028102,802003,0x8303,0x0115,100,13796,0000,-,01,00,22,12,12,-,01,01,15.2,15.2,122,122,607,607,-23.300292,-23.300292,-51.173641,-51.173641,0724,0006,C4A7,07A54201,0.9,630.0,630.0,0:04:27,85:30:41,-,-,0,-,,,,,04,7,00000000,00,11,,
2025-10-16 17:41:02,2025-10-16 17:41:01,2025-10-16 17:41:00,2025-10-16 17:41:01,867488068342780,24483,GTERI,0x19FE3FBF,0x00028102,802003,0x8303,0x0115,100,13681,0000,-,01,00,22,12,12,-,01,01,0.0,0.0,58,58,607,607,-23.300279,-23.300279,-51.173657,-51.173657,0724,0006,C4A7,07A54201,0.9,630.0,630.0,0:04:24,85:30:38,-,-,0,-,,,,,04,7,00000000,00,10,,
2025-10-16 17:41:02,,,,867488068342780,24482,HBD
2025-10-16 17:40:55,,,,24481,GTHBE
2025-10-16 17:40:42,,,,867488068342780,24480,ACK
2025-10-16 17:40:41,,,,867488068342780,24479,ACK
2025-10-16 17:40:41,,,,867488068342780,24478,ACK
2025-10-16 17:40:40,,,,867488068342780,24477,HBD
2025-10-16 17:39:45,,,,24476,GTHBE
2025-10-16 17:39:02,2025-10-16 17:39:02,2025-10-16 17:39:02,2025-10-16 17:38:56,867488068342780,24475,GTERI,0x19FE3FBF,0x00028102,802003,0x8303,0x0115,100,13788,0000,-,01,00,22,12,12,-,01,01,23.1,31.2,58,329,617,617,-23.300719,-23.301048,-51.177598,-51.177526,0724,0006,C4A7,07A5F515,0.5,629.6,629.5,0:02:27,85:28:41,-,-,0,-,,,,,04,3,00000000,00,11,,
2025-10-16 17:38:51,2025-10-16 17:38:51,2025-10-16 17:38:51,2025-10-16 17:38:51,867488068342780,24474,GTERI,0x19FE3FBF,0x00028102,802003,0x8303,0x0115,100,13749,0000,-,01,00,22,12,12,-,01,01,20.6,20.6,355,355,615,615,-23.301368,-23.301368,-51.177404,-51.177404,0724,0006,C4A7,07A5F515,0.4,629.5,629.5,0:02:15,85:28:29,-,-,0,-,,,,,04,3,00000000,00,11,,
2025-10-16 17:38:48,2025-10-16 17:38:48,2025-10-16 17:38:48,2025-10-16 17:38:48,867488068342780,24473,GTERI,0x19FE3FBF,0x00028102,802003,0x8303,0x0115,100,13774,0000,-,01,00,22,12,12,-,01,01,19.7,19.7,47,47,616,616,-23.301512,-23.301512,-51.177434,-51.177434,0724,0006,C4A7,07A5F515,0.4,629.5,629.5,0:02:12,85:28:26,-,-,0,-,,,,,04,3,00000000,00,11,,
2025-10-16 17:38:47,,,,24472,GTHBE
2025-10-16 17:38:47,,,,867488068342780,24471,HBD
2025-10-16 17:38:34,2025-10-16 17:38:34,2025-10-16 17:38:34,2025-10-16 17:38:34,867488068342780,24470,GTERI,0x19FE3FBF,0x00028102,802003,0x8303,0x0115,100,13867,0000,-,01,00,22,12,12,-,01,01,40.8,40.8,96,96,617,617,-23.301452,-23.301452,-51.1785,-51.1785,0724,0006,C4A7,07A5F515,0.3,629.4,629.4,0:01:57,85:28:11,-,-,0,-,,,,,04,3,00000000,00,11,,
2025-10-16 17:38:28,2025-10-16 17:38:28,2025-10-16 17:38:28,2025-10-16 17:38:28,867488068342780,24469,GTERI,0x19FE3FBF,0x00028102,802003,0x8303,0x0115,100,13867,0000,-,01,00,22,12,12,-,01,01,23.0,23.0,49,49,616,616,-23.301486,-23.301486,-51.179,-51.179,0724,0006,C4A7,07A5F515,0.2,629.3,629.3,0:01:51,85:28:05,-,-,0,-,,,,,04,3,00000000,00,11,,
2025-10-16 17:38:02,2025-10-16 17:38:01,2025-10-16 17:38:00,2025-10-16 17:37:04,867488068342780,24468,GTERI,0x19FE3FBF,0x00028102,802003,0x8303,0x0115,100,13680,0000,-,01,00,22,12,12,-,01,01,0.0,30.6,347,352,615,613,-23.301732,-23.302854,-51.17904,-51.178909,0724,0006,C4A7,07A5F515,0.2,629.3,629.2,0:01:24,85:27:38,-,-,0,-,,,,,04,3,00000000,00,10,,
2025-10-16 17:36:57,2025-10-16 17:36:57,2025-10-16 17:36:57,2025-10-16 17:36:57,867488068342780,24467,GTERI,0x19FE3FBF,0x00028102,802003,0x8303,0x0115,100,13886,0000,-,01,00,22,12,12,-,01,01,13.2,13.2,347,347,611,611,-23.303264,-23.303264,-51.178824,-51.178824,0724,0006,C4A7,07B11101,0.0,629.1,629.1,0:00:21,85:26:35,-,-,0,-,,,,,04,7,00000000,00,11,,
2025-10-16 17:36:52,2025-10-16 17:36:52,2025-10-16 17:36:52,2025-10-16 17:36:48,867488068342780,24466,GTERI,0x19FE3FBF,0x00028102,802003,0x8303,0x0115,100,13839,0000,-,01,00,22,12,12,-,01,01,5.6,7.3,298,324,609,606,-23.303328,-23.303372,-51.178752,-51.178704,0724,0006,C4A7,07B11101,0.0,629.1,629.1,0:00:15,85:26:29,-,-,0,-,,,,,04,7,00000000,00,11,,
2025-10-16 17:36:46,2025-10-16 17:36:46,2025-10-16 17:36:46,2025-10-16 17:36:46,867488068342780,24465,GTERI,0x19FE3FBF,0x00028102,802003,0x8303,0x0115,100,13721,0000,-,01,00,22,12,12,-,01,01,6.1,6.1,343,343,608,608,-23.30339,-23.30339,-51.178682,-51.178682,0724,0006,C4A7,07B11101,0.0,629.1,629.1,0:00:09,85:26:23,-,-,0,-,,,,,04,7,00000000,00,11,,
2025-10-16 17:36:36,2025-10-16 17:36:35,2025-10-16 17:36:36,2025-10-16 17:36:36,867488068342780,24464,GTIGL,0x19FE7FBF,,802003,0x8303,0x0115,100,12538,0000,0000,01,00,22,12,12,-,01,01,0.0,0.0,48,48,610,610,-23.303395,-23.303395,-51.178679,-51.178679,0724,0006,C4A7,07B11101,0.0,629.1,629.1,0:00:00,85:26:14,-,-,0,-,,,,,,,,,00
2025-10-16 17:36:36,2025-10-16 17:36:35,2025-10-16 17:36:35,2025-10-16 17:36:35,867488068342780,24463,GTSTT,0x19FE7FBF,,802003,0x8303,0x0115,100,12846,0000,0000,01,00,22,12,12,-,01,01,0.0,0.0,48,48,610,610,-23.303395,-23.303395,-51.178679,-51.178679,0724,0006,C4A7,07B11101,0.0,629.1,629.1,0:00:00,85:26:14,-,-,0,-
2025-10-16 17:36:36,2025-10-16 17:36:35,2025-10-16 17:36:35,2025-10-16 17:32:50,867488068342780,24462,GTIGN,0x19FE7FBF,,802003,0x8303,0x0115,100,12846,0000,0000,01,00,22,12,12,214,01,01,0.0,9.6,48,64,610,609,-23.303395,-23.303433,-51.178679,-51.178736,0724,0006,C4A7,07B11101,0.0,629.1,629.1,0:00:00,85:26:14,-,-,0,-
2025-10-16 17:36:35,,,,867488068342780,24461,HBD
2025-10-16 17:35:02,2025-10-16 17:35:01,2025-10-16 17:35:00,2025-10-16 17:35:00,867488068342780,24460,GTERI,0x19FE3FBF,0x00028102,802003,0x8303,0x0115,100,13146,0000,-,00,00,11,12,12,-,01,01,0.0,0.0,48,48,610,610,-23.303395,-23.303395,-51.178679,-51.178679,0724,0006,C4A7,07B11101,3.2,629.1,629.1,0:10:06,85:26:14,-,-,0,-,,,,,04,7,00000000,00,10,,
2025-10-16 17:35:02,,,,867488068342780,24459,HBD
2025-10-16 17:33:22,2025-10-16 17:33:22,2025-10-16 17:33:22,2025-10-16 17:33:22,867488068342780,24458,GTSTT,0x19FE7FBF,,802003,0x8303,0x0115,100,13253,0000,0000,00,00,11,12,12,-,01,01,0.0,0.0,48,48,610,610,-23.303395,-23.303395,-51.178679,-51.178679,0724,0006,C4A7,07B11101,3.2,629.1,629.1,0:10:06,85:26:14,-,-,0,-
2025-10-16 17:33:04,,,,867488068342780,24457,ACK
2025-10-16 17:33:04,,,,867488068342780,24456,ACK
2025-10-16 17:33:03,2025-10-16 17:33:02,2025-10-16 17:33:02,2025-10-16 17:33:02,867488068342780,24455,GTIGL,0x19FE7FBF,,802003,0x8303,0x0115,100,13312,0000,0000,00,00,12,12,12,-,01,01,0.0,0.0,48,48,610,610,-23.303395,-23.303395,-51.178679,-51.178679,0724,0006,C4A7,07B11101,3.2,629.1,629.1,0:10:06,85:26:14,-,-,0,-,,,,,,,,,01
2025-10-16 17:33:02,2025-10-16 17:33:01,2025-10-16 17:33:01,2025-10-16 17:33:01,867488068342780,24454,GTSTT,0x19FE7FBF,,802003,0x8303,0x0115,100,13385,0000,0000,00,00,12,12,12,-,01,01,0.0,0.0,48,48,610,610,-23.303395,-23.303395,-51.178679,-51.178679,0724,0006,C4A7,07B11101,3.2,629.1,629.1,0:10:06,85:26:14,-,-,0,-
2025-10-16 17:33:02,2025-10-16 17:33:01,2025-10-16 17:33:01,2025-10-16 17:33:01,867488068342780,24453,GTIGF,0x19FE7FBF,,802003,0x8303,0x0115,100,13385,0000,0000,00,00,12,12,12,608,01,01,0.0,0.0,48,48,610,610,-23.303395,-23.303395,-51.178679,-51.178679,0724,0006,C4A7,07B11101,3.2,629.1,629.1,0:10:06,85:26:14,-,-,0,-
2025-10-16 17:33:01,,,,867488068342780,24452,HBD
2025-10-16 17:32:48,2025-10-16 17:32:48,2025-10-16 17:32:48,2025-10-16 17:32:23,867488068342780,24451,GTERI,0x19FE3FBF,0x00028102,802003,0x8303,0x0115,100,13682,0000,-,01,00,22,12,12,-,01,01,10.9,30.8,48,355,609,608,-23.303454,-23.304065,-51.178782,-51.178746,0724,0006,C4A7,07B11101,3.2,629.1,629.0,0:09:54,85:26:02,-,-,0,-,,,,,04,7,00000000,00,11,,
2025-10-16 17:32:23,,,,867488068342780,24450,ACK
2025-10-16 17:32:22,2025-10-16 17:32:21,2025-10-16 17:32:22,2025-10-16 17:32:19,867488068342780,24449,GTSPD,0x19FE7FBF,,802003,0x8303,0x0115,100,13830,0000,0000,01,00,22,12,12,-,01,01,36.6,49.5,357,353,608,607,-23.304146,-23.304467,-51.17874,-51.178719,0724,0006,C4A7,07B11101,3.1,629.0,629.0,0:09:27,85:25:35,-,-,0,-,,,,,,,,,01
2025-10-16 17:32:19,,,,867488068342780,24448,ACK
2025-10-16 17:32:18,2025-10-16 17:32:17,2025-10-16 17:32:18,2025-10-16 17:32:18,867488068342780,24447,GTSPD,0x19FE7FBF,,802003,0x8303,0x0115,100,13830,0000,0000,01,00,22,12,12,-,01,01,51.4,51.4,352,352,607,607,-23.304591,-23.304591,-51.178701,-51.178701,0724,0006,C4A7,07B11101,3.1,629.0,629.0,0:09:24,85:25:32,-,-,0,-,,,,,,,,,00
2025-10-16 17:32:15,2025-10-16 17:32:14,2025-10-16 17:32:15,2025-10-16 17:32:07,867488068342780,24446,GTSPD,0x19FE7FBF,,802003,0x8303,0x0115,100,13780,0000,0000,01,00,22,12,12,-,01,01,43.0,47.6,353,352,606,605,-23.304945,-23.305852,-51.178651,-51.178527,0724,0006,C4A7,07B11101,3.0,628.9,628.8,0:09:21,85:25:29,-,-,0,-,,,,,,,,,01
2025-10-16 17:32:14,,,,867488068342780,24445,ACK
2025-10-16 17:32:09,,,,867488068342780,24444,ACK
2025-10-16 17:32:06,2025-10-16 17:32:05,2025-10-16 17:32:06,2025-10-16 17:32:06,867488068342780,24443,GTSPD,0x19FE7FBF,,802003,0x8303,0x0115,100,13905,0000,0000,01,00,22,12,12,-,01,01,47.5,47.5,352,352,605,605,-23.305971,-23.305971,-51.178511,-51.178511,0724,0006,C4A7,07B11101,2.9,628.8,628.8,0:09:12,85:25:20,-,-,0,-,,,,,,,,,00
2025-10-16 17:32:02,2025-10-16 17:32:01,2025-10-16 17:32:00,2025-10-16 17:31:53,867488068342780,24442,GTERI,0x19FE3FBF,0x00028102,802003,0x8303,0x0115,100,13844,0000,-,01,00,22,12,12,-,01,01,34.9,41.7,353,353,604,604,-23.306604,-23.307236,-51.178425,-51.178339,0724,0006,C4A7,07B11101,2.9,628.8,628.7,0:09:06,85:25:14,-,-,0,-,,,,,04,7,00000000,00,10,,
2025-10-16 17:31:54,,,,867488068342780,24441,ACK
2025-10-16 17:31:52,2025-10-16 17:31:51,2025-10-16 17:31:52,2025-10-16 17:31:50,867488068342780,24440,GTSPD,0x19FE7FBF,,802003,0x8303,0x0115,100,13925,0000,0000,01,00,22,12,12,-,01,01,43.3,45.8,352,352,603,603,-23.30734,-23.307561,-51.178325,-51.178295,0724,0006,C4A7,07B11101,2.8,628.7,628.6,0:08:57,85:25:05,-,-,0,-,,,,,,,,,01
2025-10-16 17:31:49,2025-10-16 17:31:48,2025-10-16 17:31:49,2025-10-16 17:31:48,867488068342780,24439,GTSPD,0x19FE7FBF,,802003,0x8303,0x0115,100,13925,0000,0000,01,00,22,12,12,-,01,01,45.6,45.8,352,352,603,603,-23.307675,-23.307788,-51.178279,-51.178263,0724,0006,C4A7,07B11102,2.7,628.6,628.6,0:08:54,85:25:02,-,-,0,-,,,,,,,,,00
2025-10-16 17:31:49,,,,867488068342780,24438,ACK
2025-10-16 17:31:23,,,,867488068342780,24437,HBD
2025-10-16 17:30:43,,,,867488068342780,24436,ACK
2025-10-16 17:30:40,2025-10-16 17:30:40,2025-10-16 17:30:40,2025-10-16 17:30:35,867488068342780,24435,GTSPD,0x19FE7FBF,,802003,0x8303,0x0115,100,13837,0000,0000,01,00,22,12,12,-,01,01,42.1,51.6,352,350,604,602,-23.31269,-23.313278,-51.177583,-51.177498,0724,0006,C4A7,07A55302,2.2,628.1,628.0,0:07:45,85:23:53,-,-,0,-,,,,,,,,,01
2025-10-16 17:30:34,,,,867488068342780,24434,ACK
2025-10-16 17:30:31,2025-10-16 17:30:31,2025-10-16 17:30:31,2025-10-16 17:30:31,867488068342780,24433,GTSPD,0x19FE7FBF,,802003,0x8303,0x0115,100,14006,0000,0000,01,00,22,12,12,-,01,01,47.3,47.3,352,352,600,600,-23.313775,-23.313775,-51.177409,-51.177409,0724,0006,C4A7,07A55302,2.0,628.0,628.0,0:07:36,85:23:44,-,-,0,-,,,,,,,,,00
2025-10-16 17:30:23,2025-10-16 17:30:23,2025-10-16 17:30:23,2025-10-16 17:30:23,867488068342780,24432,GTERI,0x19FE3FBF,0x00028102,802003,0x8303,0x0115,100,13998,0000,-,01,00,22,12,12,-,01,01,36.5,36.5,331,331,596,596,-23.314498,-23.314498,-51.177019,-51.177019,0724,0006,C4A7,07A55302,2.0,627.9,627.9,0:07:27,85:23:35,-,-,0,-,,,,,04,7,00000000,00,11,,
2025-10-16 17:30:21,,,,24431,GTHBE
2025-10-16 17:29:33,,,,867488068342780,24430,ACK
2025-10-16 17:29:32,2025-10-16 17:29:32,2025-10-16 17:29:32,2025-10-16 17:29:29,867488068342780,24429,GTSPD,0x19FE7FBF,,802003,0x8303,0x0115,100,13998,0000,0000,01,00,22,12,12,-,01,01,40.1,47.8,352,353,597,597,-23.317385,-23.317717,-51.176935,-51.176891,0724,0006,C4A7,07A55302,1.7,627.6,627.5,0:06:36,85:22:44,-,-,0,-,,,,,,,,,01
2025-10-16 17:29:28,,,,867488068342780,24428,ACK
2025-10-16 17:29:27,2025-10-16 17:29:27,2025-10-16 17:29:27,2025-10-16 17:29:27,867488068342780,24427,GTSPD,0x19FE7FBF,,802003,0x8303,0x0115,100,13998,0000,0000,01,00,22,12,12,-,01,01,47.9,47.9,353,353,596,596,-23.317956,-23.317956,-51.17686,-51.17686,0724,0006,C4A7,07A55316,1.6,627.5,627.5,0:06:33,85:22:41,-,-,0,-,,,,,,,,,00
2025-10-16 17:29:02,2025-10-16 17:29:01,2025-10-16 17:29:00,2025-10-16 17:28:13,867488068342780,24426,GTERI,0x19FE3FBF,0x00028102,802003,0x8303,0x0115,100,13868,0000,-,01,00,22,12,12,-,01,01,0.0,44.7,23,352,593,578,-23.319195,-23.321215,-51.176698,-51.176436,0724,0006,C4A7,07A71503,1.5,627.4,627.1,0:06:06,85:22:14,-,-,0,-,,,,,04,7,00000000,00,10,,
2025-10-16 17:29:02,,,,867488068342780,24425,HBD
2025-10-16 17:27:31,2025-10-16 17:27:31,2025-10-16 17:27:31,2025-10-16 17:27:30,867488068342780,24424,GTERI,0x19FE3FBF,0x00028102,802003,0x8303,0x0115,100,14059,0000,-,01,00,22,12,12,-,01,01,22.5,22.9,23,43,545,545,-23.325167,-23.325216,-51.17609,-51.176121,0724,0006,C4A7,07A71401,0.8,626.7,626.7,0:04:36,85:20:44,-,-,0,-,,,,,04,7,00000000,00,11,,
2025-10-16 17:27:30,,,,24423,GTHBE
2025-10-16 17:27:19,2025-10-16 17:27:19,2025-10-16 17:27:19,2025-10-16 17:26:38,867488068342780,24422,GTERI,0x19FE3FBF,0x00028102,802003,0x8303,0x0115,100,14034,0000,-,01,00,22,12,12,-,01,01,9.6,28.4,82,15,545,550,-23.325292,-23.325869,-51.176434,-51.176962,0724,0006,C4A7,07A71401,0.8,626.7,626.6,0:04:24,85:20:32,-,-,0,-,,,,,04,7,00000000,00,11,,
2025-10-16 17:27:00,,,,867488068342780,24421,ACK
2025-10-16 17:26:59,,,,867488068342780,24420,ACK
2025-10-16 17:26:59,,,,867488068342780,24419,ACK
2025-10-16 17:26:59,,,,867488068342780,24418,HBD
2025-10-16 17:26:31,2025-10-16 17:26:31,2025-10-16 17:26:31,2025-10-16 17:26:31,867488068342780,24417,GTERI,0x19FE3FBF,0x00028102,802003,0x8303,0x0115,100,14124,0000,-,01,00,22,12,12,-,01,01,25.3,25.3,36,36,552,552,-23.326248,-23.326248,-51.177156,-51.177156,0724,0006,C4A7,07A71401,0.7,626.6,626.6,0:03:36,85:19:44,-,-,0,-,,,,,04,7,00000000,00,11,,
2025-10-16 17:26:02,2025-10-16 17:26:01,2025-10-16 17:26:00,2025-10-16 17:25:17,867488068342780,24416,GTERI,0x19FE3FBF,0x00028102,802003,0x8303,0x0115,100,14039,0000,-,01,00,22,12,12,-,01,01,0.0,35.8,349,1,555,565,-23.326665,-23.327881,-51.177238,-51.177251,0724,0006,C4A7,07A71401,0.6,626.5,626.4,0:03:06,85:19:14,-,-,0,-,,,,,04,7,00000000,00,10,,
2025-10-16 17:25:24,,,,867488068342780,24415,HBD
2025-10-16 17:24:40,2025-10-16 17:24:39,2025-10-16 17:24:40,2025-10-16 17:24:38,867488068342780,24414,GTERI,0x19FE3FBF,0x00028102,802003,0x8303,0x0115,100,14290,0000,-,01,00,22,12,12,-,01,01,24.8,29.8,349,20,575,575,-23.330439,-23.330574,-51.17713,-51.177131,0724,0006,C4A7,07A71402,0.2,626.1,626.1,0:01:45,85:17:53,-,-,0,-,,,,,04,7,00000000,00,11,,
2025-10-16 17:24:37,2025-10-16 17:24:36,2025-10-16 17:24:37,2025-10-16 17:24:37,867488068342780,24413,GTERI,0x19FE3FBF,0x00028102,802003,0x8303,0x0115,100,14184,0000,-,01,00,22,12,12,-,01,01,29.1,29.1,35,35,575,575,-23.330641,-23.330641,-51.177164,-51.177164,0724,0006,C4A7,07A71402,0.2,626.1,626.1,0:01:42,85:17:50,-,-,0,-,,,,,04,7,00000000,00,11,,
2025-10-16 17:24:36,,,,24412,GTHBE
2025-10-16 17:24:34,2025-10-16 17:24:33,2025-10-16 17:24:34,2025-10-16 17:24:33,867488068342780,24411,GTERI,0x19FE3FBF,0x00028102,802003,0x8303,0x0115,100,14184,0000,-,01,00,22,12,12,-,01,01,27.3,27.5,84,99,574,574,-23.33075,-23.330752,-51.17735,-51.177424,0724,0006,C4A7,07A71402,0.1,626.1,626.0,0:01:39,85:17:47,-,-,0,-,,,,,04,7,00000000,00,11,,
2025-10-16 17:24:31,2025-10-16 17:24:30,2025-10-16 17:24:31,2025-10-16 17:24:28,867488068342780,24410,GTERI,0x19FE3FBF,0x00028102,802003,0x8303,0x0115,100,14268,0000,-,01,00,22,12,12,-,01,01,26.5,27.8,129,175,574,574,-23.330705,-23.330535,-51.177559,-51.177667,0724,0006,C4A7,07A71402,0.1,626.0,626.0,0:01:36,85:17:44,-,-,0,-,,,,,04,7,00000000,00,11,,
2025-10-16 17:24:13,2025-10-16 17:24:12,2025-10-16 17:24:12,2025-10-16 17:24:12,867488068342780,24409,GTIGL,0x19FE7FBF,,802003,0x8303,0x0115,100,14211,0000,0000,01,00,22,8,8,-,02,02,15.1,15.1,187,187,570,570,-23.329943,-23.329943,-51.177569,-51.177569,0724,0006,C4A7,07A71434,0.0,625.9,625.9,0:01:18,85:17:26,-,-,0,-,,,,,,,,,00
2025-10-16 17:24:12,2025-10-16 17:24:12,2025-10-16 17:24:12,2025-10-16 17:24:12,867488068342780,24408,GTERI,0x19FE3FBF,0x00028102,802003,0x8303,0x0115,100,14211,0000,-,01,00,22,8,8,-,02,02,15.1,15.1,187,187,570,570,-23.329943,-23.329943,-51.177569,-51.177569,0724,0006,C4A7,07A71434,0.0,625.9,625.9,0:01:18,85:17:26,-,-,0,-,,,,,04,28,00000000,00,10,,
2025-10-16 17:24:12,2025-10-16 17:24:12,2025-10-16 17:24:12,2025-10-16 17:24:12,867488068342780,24407,GTGSS,0x19FE7FBF,,802003,0x8303,0x0115,100,14211,0000,0000,01,00,22,8,8,-,02,02,15.1,15.1,187,187,570,570,-23.329943,-23.329943,-51.177569,-51.177569,0724,0006,C4A7,07A71434,0.0,625.9,625.9,0:01:18,85:17:26,-,-,0,-,-,,,,,,,,,01
2025-10-16 17:24:04,,,,24406,GTHBE
2025-10-16 17:22:54,2025-10-16 17:22:53,2025-10-16 15:28:56,2025-10-16 15:28:56,867488068342780,24405,GTSTT,0x19FE7FBF,,802003,0x8303,0x0115,100,12294,0000,0000,01,00,22,12,12,-,00,00,14.3,14.3,143,143,547,547,-23.329796,-23.329796,-51.177385,-51.177385,0724,0006,C4A7,07A71434,0.0,625.9,625.9,0:00:00,85:16:08,-,-,0,-
2025-10-16 17:22:54,2025-10-16 17:22:53,2025-10-16 15:28:56,2025-10-16 15:28:56,867488068342780,24404,GTIGN,0x19FE7FBF,,802003,0x8303,0x0115,100,12294,0000,0000,01,00,22,12,12,6773,00,00,14.3,14.3,143,143,547,547,-23.329796,-23.329796,-51.177385,-51.177385,0724,0006,C4A7,07A71434,0.0,625.9,625.9,0:00:00,85:16:08,-,-,0,-
2025-10-16 17:22:54,,,,867488068342780,24403,HBD
2025-10-16 16:34:56,2025-10-16 16:34:55,2025-10-16 15:28:56,2025-10-16 15:28:56,867488068342780,24402,GTERI,0x19FE3FBF,0x00028102,802003,0x8303,0x0115,100,13084,0000,-,00,00,11,12,12,-,00,00,14.3,14.3,143,143,547,547,-23.329796,-23.329796,-51.177385,-51.177385,0724,0006,C4A7,07A71434,3.8,625.9,625.9,0:12:45,85:16:08,-,-,0,-,,,,,04,28,00000000,00,10,,
2025-10-16 15:35:02,2025-10-16 15:35:01,2025-10-16 15:28:56,2025-10-16 15:28:56,867488068342780,24401,GTERI,0x19FE3FBF,0x00028102,802003,0x8303,0x0115,100,13108,0000,-,00,00,11,12,12,-,00,00,14.3,14.3,143,143,547,547,-23.329796,-23.329796,-51.177385,-51.177385,0724,0006,C4A7,07A71434,3.8,625.9,625.9,0:12:45,85:16:08,-,-,0,-,,,,,04,28,00000000,00,10,,
2025-10-16 15:34:00,2025-10-16 15:33:59,2025-10-16 15:28:56,2025-10-16 15:28:56,867488068342780,24400,GTGSS,0x19FE7FBF,,802003,0x8303,0x0115,100,13103,0000,0000,00,00,11,0,0,-,00,00,14.3,14.3,143,143,547,547,-23.329796,-23.329796,-51.177385,-51.177385,0724,0006,C4A7,07A71434,3.8,625.9,625.9,0:12:45,85:16:08,-,-,0,-,-,,,,,,,,,00
2025-10-16 15:33:59,,,,867488068342780,24399,HBD
2025-10-16 15:32:20,2025-10-16 15:32:19,2025-10-16 15:28:50,2025-10-16 15:28:50,867488068342780,24398,GTERI,0x19FE3FBF,0x00028102,802003,0x8303,0x0115,100,13134,0000,-,00,00,11,12,12,-,00,00,11.9,11.9,184,184,548,548,-23.329639,-23.329639,-51.177529,-51.177529,0724,0006,C4A7,07A71434,3.8,625.9,625.9,0:12:45,85:16:08,-,-,0,-,,,,,04,28,00000000,00,10,,
2025-10-16 15:32:04,,,,867488068342780,24397,HBD
2025-10-16 15:30:29,2025-10-16 15:30:28,2025-10-16 15:28:56,2025-10-16 15:28:56,867488068342780,24396,GTSTT,0x19FE7FBF,,802003,0x8303,0x0115,100,13154,0000,0000,00,00,11,12,12,-,00,00,14.3,14.3,143,143,547,547,-23.329796,-23.329796,-51.177385,-51.177385,0724,0006,C4A7,07A71434,3.8,625.9,625.9,0:12:45,85:16:08,-,-,0,-
2025-10-16 15:30:03,,,,867488068342780,24395,ACK
2025-10-16 15:30:03,,,,867488068342780,24394,ACK
2025-10-16 15:30:01,2025-10-16 15:30:01,2025-10-16 15:28:50,2025-10-16 15:28:50,867488068342780,24393,GTIGL,0x19FE7FBF,,802003,0x8303,0x0115,100,13411,0000,0000,00,00,12,12,12,-,00,00,11.9,11.9,184,184,548,548,-23.329639,-23.329639,-51.177529,-51.177529,0724,0006,C4A7,07A71434,3.8,625.9,625.9,0:12:45,85:16:08,-,-,0,-,,,,,,,,,01
2025-10-16 15:30:01,2025-10-16 15:30:00,2025-10-16 15:28:56,2025-10-16 15:28:56,867488068342780,24392,GTSTT,0x19FE7FBF,,802003,0x8303,0x0115,100,13411,0000,0000,00,00,12,12,12,-,00,00,14.3,14.3,143,143,547,547,-23.329796,-23.329796,-51.177385,-51.177385,0724,0006,C4A7,07A71434,3.8,625.9,625.9,0:12:45,85:16:08,-,-,0,-
2025-10-16 15:30:01,2025-10-16 15:30:00,2025-10-16 15:28:56,2025-10-16 15:28:56,867488068342780,24391,GTIGF,0x19FE7FBF,,802003,0x8303,0x0115,100,13411,0000,0000,00,00,12,12,12,768,00,00,14.3,14.3,143,143,547,547,-23.329796,-23.329796,-51.177385,-51.177385,0724,0006,C4A7,07A71434,3.8,625.9,625.9,0:12:45,85:16:08,-,-,0,-
2025-10-16 15:29:20,2025-10-16 15:29:19,2025-10-16 15:28:50,2025-10-16 15:28:55,867488068342780,24390,GTERI,0x19FE3FBF,0x00028102,802003,0x8303,0x0115,100,13834,0000,-,01,00,22,12,12,-,00,01,11.9,14.4,184,184,548,548,-23.329639,-23.329771,-51.177529,-51.177412,0724,0006,C4A7,07A71434,3.8,625.9,625.9,0:12:06,85:15:29,-,-,0,-,,,,,04,28,00000000,00,10,,
2025-10-16 15:29:20,,,,867488068342780,24389,HBD
2025-10-16 15:28:50,2025-10-16 15:28:50,2025-10-16 15:28:50,2025-10-16 15:28:50,867488068342780,24388,GTERI,0x19FE3FBF,0x00028102,802003,0x8303,0x0115,100,13817,0000,-,01,00,22,12,12,-,01,01,11.9,11.9,184,184,548,548,-23.329639,-23.329639,-51.177529,-51.177529,0724,0006,C4A7,07A71434,3.8,625.9,625.9,0:11:36,85:14:59,-,-,0,-,,,,,04,28,00000000,00,11,,
2025-10-16 15:28:29,2025-10-16 15:28:29,2025-10-16 15:28:29,2025-10-16 15:28:29,867488068342780,24387,GTERI,0x19FE3FBF,0x00028102,802003,0x8303,0x0115,100,13870,0000,-,01,00,22,12,12,-,01,01,8.1,8.1,263,263,552,552,-23.329488,-23.329488,-51.177574,-51.177574,0724,0006,C4A7,07A71402,3.8,625.9,625.9,0:11:15,85:14:38,-,-,0,-,,,,,04,7,00000000,00,11,,
2025-10-16 15:28:25,2025-10-16 15:28:25,2025-10-16 15:28:25,2025-10-16 15:27:59,867488068342780,24386,GTERI,0x19FE3FBF,0x00028102,802003,0x8303,0x0115,100,13975,0000,-,01,00,22,12,12,-,01,01,6.4,26.5,216,186,556,556,-23.329428,-23.329143,-51.177505,-51.177474,0724,0006,C4A7,07A71402,3.8,625.9,625.8,0:11:12,85:14:35,-,-,0,-,,,,,04,7,00000000,00,11,,
2025-10-16 15:27:49,2025-10-16 15:27:49,2025-10-16 15:27:49,2025-10-16 15:27:07,867488068342780,24385,GTERI,0x19FE3FBF,0x00028102,802003,0x8303,0x0115,100,13941,0000,-,01,00,22,12,12,-,01,01,12.5,21.8,162,93,553,555,-23.328591,-23.328479,-51.177439,-51.177783,0724,0006,C4A7,07A71401,3.7,625.8,625.8,0:10:36,85:13:59,-,-,0,-,,,,,04,7,00000000,00,11,,
2025-10-16 15:27:49,,,,867488068342780,24384,HBD
2025-10-16 15:27:05,2025-10-16 15:27:05,2025-10-16 15:27:05,2025-10-16 15:27:02,867488068342780,24383,GTERI,0x19FE3FBF,0x00028102,802003,0x8303,0x0115,100,13873,0000,-,01,00,22,12,12,-,01,01,20.4,21.1,94,91,556,557,-23.328471,-23.328466,-51.177902,-51.178062,0724,0006,C4A7,07A71401,3.6,625.8,625.7,0:09:51,85:13:14,-,-,0,-,,,,,04,7,00000000,00,11,,
2025-10-16 15:26:57,2025-10-16 15:26:57,2025-10-16 15:26:57,2025-10-16 15:26:23,867488068342780,24382,GTERI,0x19FE3FBF,0x00028102,802003,0x8303,0x0115,100,13849,0000,-,01,00,22,12,12,-,01,01,12.0,35.5,49,6,557,570,-23.328487,-23.329669,-51.178277,-51.178437,0724,0006,C4A7,07A71401,3.6,625.7,625.6,0:09:42,85:13:05,-,-,0,-,,,,,04,7,00000000,00,11,,
2025-10-16 15:26:19,2025-10-16 15:26:19,2025-10-16 15:26:18,2025-10-16 15:26:19,867488068342780,24381,GTERI,0x19FE3FBF,0x00028102,802003,0x8303,0x0115,100,13975,0000,-,01,00,22,12,12,-,01,01,33.5,35.9,2,5,572,571,-23.330112,-23.330025,-51.178479,-51.178471,0724,0006,C4A7,07A7140B,3.4,625.6,625.6,0:09:06,85:12:29,-,-,0,-,,,,,04,1,00000000,00,10,,
2025-10-16 15:26:16,2025-10-16 15:26:16,2025-10-16 15:26:16,2025-10-16 15:26:16,867488068342780,24380,GTERI,0x19FE3FBF,0x00028102,802003,0x8303,0x0115,100,13878,0000,-,01,00,22,12,12,-,01,01,23.6,23.6,356,356,572,572,-23.330261,-23.330261,-51.178481,-51.178481,0724,0006,C4A7,07A7140C,3.4,625.5,625.5,0:09:03,85:12:26,-,-,0,-,,,,,04,1,00000000,00,11,,
2025-10-16 15:26:14,2025-10-16 15:26:14,2025-10-16 15:26:14,2025-10-16 15:26:10,867488068342780,24379,GTERI,0x19FE3FBF,0x00028102,802003,0x8303,0x0115,100,13945,0000,-,01,00,22,12,12,-,01,01,16.5,29.3,293,272,572,571,-23.330359,-23.330395,-51.178445,-51.178174,0724,0006,C4A7,07A7140C,3.4,625.5,625.5,0:09:00,85:12:23,-,-,0,-,,,,,04,1,00000000,00,11,,
2025-10-16 15:25:48,2025-10-16 15:25:47,2025-10-16 15:25:48,2025-10-16 15:25:45,867488068342780,24378,GTERI,0x19FE3FBF,0x00028102,802003,0x8303,0x0115,100,14062,0000,-,01,00,22,12,12,-,01,01,22.0,23.3,238,272,568,568,-23.330291,-23.330242,-51.177553,-51.177394,0724,0006,C4A7,07A71402,3.3,625.4,625.4,0:08:33,85:11:56,-,-,0,-,,,,,04,7,00000000,00,11,,
2025-10-16 15:25:44,2025-10-16 15:25:43,2025-10-16 15:25:44,2025-10-16 15:25:43,867488068342780,24377,GTERI,0x19FE3FBF,0x00028102,802003,0x8303,0x0115,100,14044,0000,-,01,00,22,12,12,-,01,01,24.7,26.9,286,301,568,568,-23.330248,-23.330269,-51.17733,-51.177267,0724,0006,C4A7,07A71402,3.3,625.4,625.4,0:08:30,85:11:53,-,-,0,-,,,,,04,7,00000000,00,11,,
2025-10-16 15:25:42,,,,24376,GTHBE
2025-10-16 15:25:41,2025-10-16 15:25:40,2025-10-16 15:25:41,2025-10-16 15:25:41,867488068342780,24375,GTERI,0x19FE3FBF,0x00028102,802003,0x8303,0x0115,100,14051,0000,-,01,00,22,12,12,-,01,01,30.6,30.6,334,334,567,567,-23.330366,-23.330366,-51.17716,-51.17716,0724,0006,C4A7,07A71402,3.3,625.4,625.4,0:08:27,85:11:50,-,-,0,-,,,,,04,7,00000000,00,11,,
2025-10-16 15:25:34,2025-10-16 15:25:33,2025-10-16 15:25:34,2025-10-16 15:25:04,867488068342780,24374,GTERI,0x19FE3FBF,0x00028102,802003,0x8303,0x0115,100,13985,0000,-,01,00,22,12,12,-,01,01,26.4,43.7,20,2,570,593,-23.330816,-23.333338,-51.177319,-51.177435,0724,0006,C4A7,07A71402,3.2,625.3,625.1,0:08:21,85:11:44,-,-,0,-,,,,,04,7,00000000,00,11,,
2025-10-16 15:25:34,,,,867488068342780,24373,HBD
2025-10-16 15:25:07,,,,867488068342780,24372,ACK
2025-10-16 15:25:04,2025-10-16 15:25:03,2025-10-16 15:25:03,2025-10-16 15:24:58,867488068342780,24371,GTSPD,0x19FE7FBF,,802003,0x8303,0x0115,100,14010,0000,0000,01,00,22,12,12,-,01,01,44.1,47.8,1,1,594,598,-23.333448,-23.334025,-51.177439,-51.177461,0724,0006,C4A7,07A6D803,2.9,625.1,625.0,0:07:51,85:11:14,-,-,0,-,,,,,,,,,01
2025-10-16 15:24:58,,,,867488068342780,24370,ACK
2025-10-16 15:24:55,2025-10-16 15:24:55,2025-10-16 15:24:55,2025-10-16 15:24:55,867488068342780,24369,GTSPD,0x19FE7FBF,,802003,0x8303,0x0115,100,13992,0000,0000,01,00,22,12,12,-,01,01,45.9,45.9,1,1,600,600,-23.334379,-23.334379,-51.177474,-51.177474,0724,0006,C4A7,07A6D803,2.8,624.9,624.9,0:07:42,85:11:05,-,-,0,-,,,,,,,,,00
2025-10-16 15:24:47,2025-10-16 15:24:47,2025-10-16 15:24:47,2025-10-16 15:24:46,867488068342780,24368,GTERI,0x19FE3FBF,0x00028102,802003,0x8303,0x0115,100,14052,0000,-,01,00,22,12,12,-,01,01,28.9,29.1,331,344,604,603,-23.335144,-23.33521,-51.177394,-51.177362,0724,0006,C4A7,07A6D803,2.7,624.8,624.8,0:07:33,85:10:56,-,-,0,-,,,,,04,7,00000000,00,11,,
2025-10-16 15:24:44,2025-10-16 15:24:44,2025-10-16 15:24:44,2025-10-16 15:24:44,867488068342780,24367,GTERI,0x19FE3FBF,0x00028102,802003,0x8303,0x0115,100,14000,0000,-,01,00,22,12,12,-,01,01,28.0,28.0,19,19,604,604,-23.33535,-23.33535,-51.17736,-51.17736,0724,0006,C4A7,07A6D803,2.7,624.8,624.8,0:07:30,85:10:53,-,-,0,-,,,,,04,7,00000000,00,11,,
2025-10-16 15:24:44,,,,24366,GTHBE
2025-10-16 15:23:20,2025-10-16 15:23:19,2025-10-16 15:23:18,2025-10-16 15:23:19,867488068342780,24365,GTERI,0x19FE3FBF,0x00028102,802003,0x8303,0x0115,100,14123,0000,-,01,00,22,12,12,-,01,01,39.0,40.4,75,75,596,596,-23.336673,-23.336648,-51.182806,-51.182701,0724,0006,C4A7,07A54801,2.1,624.3,624.3,0:06:06,85:09:29,-,-,0,-,,,,,04,7,00000000,00,10,,
2025-10-16 15:23:19,,,,867488068342780,24364,HBD
2025-10-16 15:23:09,2025-10-16 15:23:09,2025-10-16 15:23:09,2025-10-16 15:23:06,867488068342780,24363,GTERI,0x19FE3FBF,0x00028102,802003,0x8303,0x0115,100,14177,0000,-,01,00,22,12,12,-,01,01,32.0,34.6,88,52,592,591,-23.336995,-23.337059,-51.183571,-51.183824,0724,0006,C4A7,07A54801,2.0,624.2,624.1,0:05:54,85:09:17,-,-,0,-,,,,,04,7,00000000,00,11,,
2025-10-16 15:23:01,,,,24362,GTHBE
2025-10-16 15:22:36,2025-10-16 15:22:36,2025-10-16 15:22:36,2025-10-16 15:22:36,867488068342780,24361,GTERI,0x19FE3FBF,0x00028102,802003,0x8303,0x0115,100,14159,0000,-,01,00,22,12,12,-,01,01,25.7,25.7,34,34,601,601,-23.338862,-23.338862,-51.185794,-51.185794,0724,0006,C4A7,07A54801,1.7,623.9,623.9,0:05:21,85:08:44,-,-,0,-,,,,,04,7,00000000,00,11,,
2025-10-16 15:21:46,2025-10-16 15:21:46,2025-10-16 15:21:46,2025-10-16 15:21:46,867488068342780,24360,GTERI,0x19FE3FBF,0x00028102,802003,0x8303,0x0115,100,14087,0000,-,01,00,22,12,12,-,01,01,12.2,12.2,335,335,602,602,-23.339575,-23.339575,-51.185463,-51.185463,0724,0006,C4A7,07A54801,1.7,623.8,623.8,0:04:33,85:07:56,-,-,0,-,,,,,04,7,00000000,00,11,,
2025-10-16 15:21:45,,,,24359,GTHBE
2025-10-16 15:21:44,2025-10-16 15:21:44,2025-10-16 15:21:44,2025-10-16 15:21:44,867488068342780,24358,GTERI,0x19FE3FBF,0x00028102,802003,0x8303,0x0115,100,14149,0000,-,01,00,22,12,12,-,01,01,6.5,6.5,47,47,602,602,-23.339621,-23.339621,-51.185461,-51.185461,0724,0006,C4A7,07A54801,1.7,623.8,623.8,0:04:30,85:07:53,-,-,0,-,,,,,04,7,00000000,00,11,,
2025-10-16 15:21:27,2025-10-16 15:21:27,2025-10-16 15:21:27,2025-10-16 15:21:27,867488068342780,24357,GTERI,0x19FE3FBF,0x00028102,802003,0x8303,0x0115,100,13590,0000,-,01,00,22,12,12,-,01,01,8.9,8.9,110,110,602,602,-23.339623,-23.339623,-51.185477,-51.185477,0724,0006,C4A7,07A54801,1.7,623.8,623.8,0:04:12,85:07:35,-,-,0,-,,,,,04,7,00000000,00,11,,
2025-10-16 15:21:27,,,,24356,GTHBE
2025-10-16 15:21:19,,,,867488068342780,24355,ACK
2025-10-16 15:21:18,,,,867488068342780,24354,ACK
2025-10-16 15:21:18,,,,867488068342780,24353,ACK
2025-10-16 15:21:15,2025-10-16 15:21:14,2025-10-16 15:21:15,2025-10-16 15:20:54,867488068342780,24352,GTERI,0x19FE3FBF,0x00028102,802003,0x8303,0x0115,100,14077,0000,-,01,00,22,12,12,-,01,01,15.9,38.4,161,224,604,603,-23.338942,-23.338629,-51.185955,-51.185689,0724,0006,C4A7,07A54801,1.6,623.7,623.7,0:04:00,85:07:23,-,-,0,-,,,,,04,7,00000000,00,11,,
2025-10-16 15:21:15,,,,867488068342780,24351,HBD
2025-10-16 15:20:53,2025-10-16 15:20:52,2025-10-16 15:20:53,2025-10-16 15:20:49,867488068342780,24350,GTSPD,0x19FE7FBF,,802003,0x8303,0x0115,100,14216,0000,0000,01,00,22,12,12,-,01,01,41.1,49.6,224,223,603,601,-23.338558,-23.338229,-51.185613,-51.185265,0724,0006,C4A7,07A54801,1.5,623.7,623.6,0:03:39,85:07:02,-,-,0,-,,,,,,,,,01
2025-10-16 15:20:52,,,,867488068342780,24349,ACK
2025-10-16 15:20:47,,,,867488068342780,24348,ACK
2025-10-16 15:20:45,2025-10-16 15:20:44,2025-10-16 15:20:45,2025-10-16 15:20:45,867488068342780,24347,GTSPD,0x19FE7FBF,,802003,0x8303,0x0115,100,14216,0000,0000,01,00,22,12,12,-,01,01,46.9,46.9,221,221,598,598,-23.337863,-23.337863,-51.184912,-51.184912,0724,0006,C4A7,07A54801,1.4,623.6,623.6,0:03:30,85:06:53,-,-,0,-,,,,,,,,,00
2025-10-16 15:20:29,2025-10-16 15:20:28,2025-10-16 15:20:29,2025-10-16 15:20:29,867488068342780,24346,GTERI,0x19FE3FBF,0x00028102,802003,0x8303,0x0115,100,14206,0000,-,01,00,22,12,12,-,01,01,31.2,31.2,209,209,594,594,-23.336758,-23.336758,-51.183653,-51.183653,0724,0006,C4A7,07A54801,1.2,623.4,623.4,0:03:15,85:06:38,-,-,0,-,,,,,04,7,00000000,00,11,,
2025-10-16 15:20:28,,,,24345,GTHBE
2025-10-16 15:20:20,2025-10-16 15:20:19,2025-10-16 15:20:18,2025-10-16 15:20:17,867488068342780,24344,GTERI,0x19FE3FBF,0x00028102,802003,0x8303,0x0115,100,14239,0000,-,01,00,22,12,12,-,01,01,35.0,38.1,255,255,597,598,-23.336565,-23.336543,-51.182891,-51.182796,0724,0006,C4A7,07A54801,1.2,623.3,623.3,0:03:06,85:06:29,-,-,0,-,,,,,04,7,00000000,00,10,,
2025-10-16 15:20:17,,,,867488068342780,24343,ACK
2025-10-16 15:20:16,2025-10-16 15:20:15,2025-10-16 15:20:16,2025-10-16 15:20:12,867488068342780,24342,GTSPD,0x19FE7FBF,,802003,0x8303,0x0115,100,14239,0000,0000,01,00,22,12,12,-,01,01,40.9,48.5,255,255,599,602,-23.336519,-23.3364,-51.182693,-51.182217,0724,0006,C4A7,07A54801,1.2,623.3,623.2,0:03:03,85:06:26,-,-,0,-,,,,,,,,,01
2025-10-16 15:20:03,,,,867488068342780,24341,ACK
2025-10-16 15:20:03,2025-10-16 15:20:02,2025-10-16 15:20:03,2025-10-16 15:20:02,867488068342780,24340,GTSPD,0x19FE7FBF,,802003,0x8303,0x0115,100,14250,0000,0000,01,00,22,12,12,-,01,01,47.1,47.5,255,255,609,609,-23.336137,-23.336108,-51.181092,-51.180968,0724,0006,C4A7,07A54801,1.0,623.1,623.1,0:02:48,85:06:11,-,-,0,-,,,,,,,,,00
2025-10-16 15:19:35,2025-10-16 15:19:35,2025-10-16 15:19:35,2025-10-16 15:19:35,867488068342780,24339,GTERI,0x19FE3FBF,0x00028102,802003,0x8303,0x0115,100,14321,0000,-,01,00,22,12,12,-,01,01,31.9,31.9,243,243,610,610,-23.335359,-23.335359,-51.178156,-51.178156,0724,0006,C4A7,07A6D803,0.7,622.8,622.8,0:02:21,85:05:44,-,-,0,-,,,,,04,7,00000000,00,11,,
2025-10-16 15:19:35,,,,867488068342780,24338,HBD
2025-10-16 15:19:11,2025-10-16 15:19:10,2025-10-16 15:19:11,2025-10-16 15:18:54,867488068342780,24337,GTERI,0x19FE3FBF,0x00028102,802003,0x8303,0x0115,100,14213,0000,-,01,00,22,12,12,-,01,01,9.8,42.5,193,182,604,597,-23.334765,-23.333844,-51.177647,-51.17759,0724,0006,C4A7,07A6D803,0.6,622.7,622.6,0:01:57,85:05:20,-,-,0,-,,,,,04,7,00000000,00,11,,
2025-10-16 15:18:15,2025-10-16 15:18:15,2025-10-16 15:18:15,2025-10-16 15:18:15,867488068342780,24336,GTERI,0x19FE3FBF,0x00028102,802003,0x8303,0x0115,100,14352,0000,-,01,00,22,12,12,-,01,01,29.4,29.4,147,147,577,577,-23.330648,-23.330648,-51.177648,-51.177648,0724,0006,C4A7,07A71402,0.1,622.3,622.3,0:01:00,85:04:23,-,-,0,-,,,,,04,7,00000000,00,11,,
2025-10-16 15:18:12,,,,24335,GTHBE
2025-10-16 15:18:05,2025-10-16 15:18:04,2025-10-16 15:18:04,2025-10-16 15:18:04,867488068342780,24334,GTIGL,0x19FE7FBF,,802003,0x8303,0x0115,100,14373,0000,0000,01,00,22,11,11,-,01,01,10.3,10.3,200,200,589,589,-23.33013,-23.33013,-51.17747,-51.17747,0724,0006,C4A7,07A71402,0.1,622.2,622.2,0:00:51,85:04:14,-,-,0,-,,,,,,,,,00
2025-10-16 15:18:04,2025-10-16 15:18:04,2025-10-16 15:18:04,2025-10-16 15:18:04,867488068342780,24333,GTERI,0x19FE3FBF,0x00028102,802003,0x8303,0x0115,100,14373,0000,-,01,00,22,11,11,-,01,01,10.3,10.3,200,200,589,589,-23.33013,-23.33013,-51.17747,-51.17747,0724,0006,C4A7,07A71402,0.1,622.2,622.2,0:00:51,85:04:14,-,-,0,-,,,,,04,7,00000000,00,10,,
2025-10-16 15:18:04,2025-10-16 15:18:04,2025-10-16 15:18:04,2025-10-16 15:18:04,867488068342780,24332,GTGSS,0x19FE7FBF,,802003,0x8303,0x0115,100,14373,0000,0000,01,00,22,11,11,-,01,01,10.3,10.3,200,200,589,589,-23.33013,-23.33013,-51.17747,-51.17747,0724,0006,C4A7,07A71402,0.1,622.2,622.2,0:00:51,85:04:14,-,-,0,-,-,,,,,,,,,01
2025-10-16 15:17:13,2025-10-16 15:17:12,2025-10-16 09:56:23,2025-10-16 09:56:23,867488068342780,24331,GTSTT,0x19FE7FBF,,802003,0x8303,0x0115,100,12267,0000,0000,01,00,22,12,12,-,00,00,7.2,7.2,157,157,560,560,-23.329772,-23.329772,-51.177214,-51.177214,0724,0006,C4A7,07A71434,0.0,622.1,622.1,0:00:00,85:03:23,-,-,0,-
2025-10-16 15:17:13,2025-10-16 15:17:12,2025-10-16 09:56:23,2025-10-16 09:56:13,867488068342780,24330,GTIGN,0x19FE7FBF,,802003,0x8303,0x0115,100,12267,0000,0000,01,00,22,12,9,19245,00,01,7.2,11.2,157,127,560,569,-23.329772,-23.329616,-51.177214,-51.177214,0724,0006,C4A7,07A71434,0.0,622.1,622.1,0:00:00,85:03:23,-,-,0,-
2025-10-16 15:17:13,,,,867488068342780,24329,HBD
2025-10-16 15:01:24,2025-10-16 15:01:23,2025-10-16 09:56:23,2025-10-16 09:56:23,867488068342780,24328,GTERI,0x19FE3FBF,0x00028102,802003,0x8303,0x0115,100,12931,0000,-,00,00,11,12,12,-,00,00,7.2,7.2,157,157,560,560,-23.329772,-23.329772,-51.177214,-51.177214,0724,0006,C4A7,07A71434,4.0,622.1,622.1,0:11:27,85:03:23,-,-,0,-,,,,,04,28,00000000,00,10,,
2025-10-16 14:01:23,2025-10-16 14:01:23,2025-10-16 09:56:23,2025-10-16 09:56:23,867488068342780,24327,GTERI,0x19FE3FBF,0x00028102,802003,0x8303,0x0115,100,12894,0000,-,00,00,11,12,12,-,00,00,7.2,7.2,157,157,560,560,-23.329772,-23.329772,-51.177214,-51.177214,0724,0006,C4A7,07A71434,4.0,622.1,622.1,0:11:27,85:03:23,-,-,0,-,,,,,04,28,00000000,00,10,,
2025-10-16 13:01:23,2025-10-16 13:01:23,2025-10-16 09:56:23,2025-10-16 09:56:23,867488068342780,24326,GTERI,0x19FE3FBF,0x00028102,802003,0x8303,0x0115,100,12912,0000,-,00,00,11,12,12,-,00,00,7.2,7.2,157,157,560,560,-23.329772,-23.329772,-51.177214,-51.177214,0724,0006,C4A7,07A71434,4.0,622.1,622.1,0:11:27,85:03:23,-,-,0,-,,,,,04,28,00000000,00,10,,
2025-10-16 12:01:23,2025-10-16 12:01:23,2025-10-16 09:56:23,2025-10-16 09:56:23,867488068342780,24325,GTERI,0x19FE3FBF,0x00028102,802003,0x8303,0x0115,100,12936,0000,-,00,00,11,12,12,-,00,00,7.2,7.2,157,157,560,560,-23.329772,-23.329772,-51.177214,-51.177214,0724,0006,C4A7,07A71434,4.0,622.1,622.1,0:11:27,85:03:23,-,-,0,-,,,,,04,28,00000000,00,10,,
2025-10-16 11:01:23,2025-10-16 11:01:23,2025-10-16 09:56:23,2025-10-16 09:56:23,867488068342780,24324,GTERI,0x19FE3FBF,0x00028102,802003,0x8303,0x0115,100,12966,0000,-,00,00,11,12,12,-,00,00,7.2,7.2,157,157,560,560,-23.329772,-23.329772,-51.177214,-51.177214,0724,0006,C4A7,07A71434,4.0,622.1,622.1,0:11:27,85:03:23,-,-,0,-,,,,,04,28,00000000,00,10,,
2025-10-16 10:01:28,2025-10-16 10:01:28,2025-10-16 09:56:23,2025-10-16 09:56:23,867488068342780,24323,GTERI,0x19FE3FBF,0x00028102,802003,0x8303,0x0115,100,13089,0000,-,00,00,11,12,12,-,00,00,7.2,7.2,157,157,560,560,-23.329772,-23.329772,-51.177214,-51.177214,0724,0006,C4A7,07A71434,4.0,622.1,622.1,0:11:27,85:03:23,-,-,0,-,,,,,04,28,00000000,00,10,,
2025-10-16 10:01:26,2025-10-16 10:01:26,2025-10-16 09:56:23,2025-10-16 09:56:23,867488068342780,24322,GTGSS,0x19FE7FBF,,802003,0x8303,0x0115,100,13089,0000,0000,00,00,11,0,0,-,00,00,7.2,7.2,157,157,560,560,-23.329772,-23.329772,-51.177214,-51.177214,0724,0006,C4A7,07A71434,4.0,622.1,622.1,0:11:27,85:03:23,-,-,0,-,-,,,,,,,,,00
2025-10-16 10:01:16,,,,867488068342780,24321,HBD
2025-10-16 10:00:07,2025-10-16 10:00:07,2025-10-16 09:56:11,2025-10-16 09:56:11,867488068342780,24320,GTERI,0x19FE3FBF,0x00028102,802003,0x8303,0x0115,100,13099,0000,-,00,00,11,8,8,-,00,00,10.5,10.5,127,127,570,570,-23.329582,-23.329582,-51.177279,-51.177279,0724,0006,C4A7,07A71434,4.0,622.1,622.1,0:11:27,85:03:23,-,-,0,-,,,,,04,28,00000000,00,10,,
2025-10-16 09:59:16,,,,867488068342780,24319,HBD
2025-10-16 09:57:08,2025-10-16 09:57:07,2025-10-16 09:56:11,2025-10-16 09:56:11,867488068342780,24318,GTERI,0x19FE3FBF,0x00028102,802003,0x8303,0x0115,100,13216,0000,-,00,00,11,8,8,-,00,00,10.5,10.5,127,127,570,570,-23.329582,-23.329582,-51.177279,-51.177279,0724,0006,C4A7,07A71434,4.0,622.1,622.1,0:11:27,85:03:23,-,-,0,-,,,,,04,28,00000000,00,10,,
2025-10-16 09:57:07,,,,867488068342780,24317,HBD
2025-10-16 09:56:52,2025-10-16 09:56:52,2025-10-16 09:56:23,2025-10-16 09:56:23,867488068342780,24316,GTSTT,0x19FE7FBF,,802003,0x8303,0x0115,100,13216,0000,0000,00,00,11,12,12,-,00,00,7.2,7.2,157,157,560,560,-23.329772,-23.329772,-51.177214,-51.177214,0724,0006,C4A7,07A71434,4.0,622.1,622.1,0:11:27,85:03:23,-,-,0,-
2025-10-16 09:56:29,,,,867488068342780,24315,ACK
2025-10-16 09:56:29,,,,867488068342780,24314,ACK
2025-10-16 09:56:28,2025-10-16 09:56:28,2025-10-16 09:56:11,2025-10-16 09:56:11,867488068342780,24313,GTIGL,0x19FE7FBF,,802003,0x8303,0x0115,100,13379,0000,0000,00,00,12,8,8,-,00,00,10.5,10.5,127,127,570,570,-23.329582,-23.329582,-51.177279,-51.177279,0724,0006,C4A7,07A71434,4.0,622.1,622.1,0:11:27,85:03:23,-,-,0,-,,,,,,,,,01
2025-10-16 09:56:28,2025-10-16 09:56:27,2025-10-16 09:56:23,2025-10-16 09:56:23,867488068342780,24312,GTSTT,0x19FE7FBF,,802003,0x8303,0x0115,100,13379,0000,0000,00,00,12,12,12,-,01,01,7.2,7.2,157,157,560,560,-23.329772,-23.329772,-51.177214,-51.177214,0724,0006,C4A7,07A71434,4.0,622.1,622.1,0:11:27,85:03:23,-,-,0,-
2025-10-16 09:56:28,2025-10-16 09:56:27,2025-10-16 09:56:23,2025-10-16 09:56:23,867488068342780,24311,GTIGF,0x19FE7FBF,,802003,0x8303,0x0115,100,13379,0000,0000,00,00,12,12,12,690,01,01,7.2,7.2,157,157,560,560,-23.329772,-23.329772,-51.177214,-51.177214,0724,0006,C4A7,07A71434,4.0,622.1,622.1,0:11:27,85:03:23,-,-,0,-
2025-10-16 09:56:11,2025-10-16 09:56:11,2025-10-16 09:56:11,2025-10-16 09:56:09,867488068342780,24310,GTERI,0x19FE3FBF,0x00028102,802003,0x8303,0x0115,100,13949,0000,-,01,00,22,8,9,-,01,01,10.5,12.0,127,99,570,566,-23.329582,-23.329574,-51.177279,-51.177318,0724,0006,C4A7,07A71434,4.0,622.1,622.1,0:11:12,85:03:08,-,-,0,-,,,,,04,28,00000000,00,11,,
2025-10-16 09:56:08,2025-10-16 09:56:08,2025-10-16 09:56:08,2025-10-16 09:56:08,867488068342780,24309,GTERI,0x19FE3FBF,0x00028102,802003,0x8303,0x0115,100,13888,0000,-,01,00,22,12,12,-,01,01,12.0,12.0,81,81,566,566,-23.329559,-23.329559,-51.177346,-51.177346,0724,0006,C4A7,07A71434,3.9,622.1,622.1,0:11:09,85:03:05,-,-,0,-,,,,,04,28,00000000,00,11,,
2025-10-16 09:56:07,2025-10-16 09:56:07,2025-10-16 09:56:07,2025-10-16 09:56:07,867488068342780,24308,GTERI,0x19FE3FBF,0x00028102,802003,0x8303,0x0115,100,13888,0000,-,01,00,22,12,12,-,01,01,15.8,15.8,18,18,569,569,-23.329537,-23.329537,-51.177346,-51.177346,0724,0006,C4A7,07A71434,3.9,622.1,622.1,0:11:09,85:03:05,-,-,0,-,,,,,04,28,00000000,00,11,,
2025-10-16 09:56:06,,,,24307,GTHBE
2025-10-16 09:55:46,2025-10-16 09:55:46,2025-10-16 09:55:46,2025-10-16 09:55:43,867488068342780,24306,GTERI,0x19FE3FBF,0x00028102,802003,0x8303,0x0115,100,13884,0000,-,01,00,22,12,12,-,01,01,7.3,12.1,290,273,561,561,-23.329549,-23.329572,-51.177654,-51.177588,0724,0006,C4A7,07A71402,3.9,622.1,622.1,0:10:48,85:02:44,-,-,0,-,,,,,04,7,00000000,00,11,,
2025-10-16 09:55:40,2025-10-16 09:55:40,2025-10-16 09:55:40,2025-10-16 09:55:18,867488068342780,24305,GTERI,0x19FE3FBF,0x00028102,802003,0x8303,0x0115,100,13800,0000,-,01,00,22,12,12,-,01,01,4.6,32.5,242,184,560,557,-23.329561,-23.329177,-51.177507,-51.177447,0724,0006,C4A7,07A71402,3.9,622.1,622.0,0:10:42,85:02:38,-,-,0,-,,,,,04,7,00000000,00,11,,
2025-10-16 09:55:10,2025-10-16 09:55:10,2025-10-16 09:55:10,2025-10-16 09:55:10,867488068342780,24304,GTERI,0x19FE3FBF,0x00028102,802003,0x8303,0x0115,100,13829,0000,-,01,00,22,12,12,-,01,01,17.1,17.1,160,160,553,553,-23.328659,-23.328659,-51.177407,-51.177407,0724,0006,C4A7,07A7140B,3.8,622.0,622.0,0:10:12,85:02:08,-,-,0,-,,,,,04,1,00000000,00,11,,
2025-10-16 09:55:06,2025-10-16 09:55:06,2025-10-16 09:55:06,2025-10-16 09:55:02,867488068342780,24303,GTERI,0x19FE3FBF,0x00028102,802003,0x8303,0x0115,100,13806,0000,-,01,00,22,12,12,-,01,01,20.1,30.2,114,95,553,555,-23.328547,-23.32849,-51.177515,-51.177789,0724,0006,C4A7,07A7140B,3.8,622.0,621.9,0:10:06,85:02:02,-,-,0,-,,,,,04,1,00000000,00,11,,
2025-10-16 09:55:06,,,,867488068342780,24302,HBD
2025-10-16 09:54:54,2025-10-16 09:54:54,2025-10-16 09:54:54,2025-10-16 09:54:31,867488068342780,24301,GTERI,0x19FE3FBF,0x00028102,802003,0x8303,0x0115,100,13818,0000,-,01,00,22,12,12,-,01,01,10.2,33.0,60,5,557,564,-23.328492,-23.329876,-51.178308,-51.178525,0724,0006,C4A7,07A7140B,3.7,621.9,621.7,0:09:54,85:01:50,-,-,0,-,,,,,04,1,00000000,00,11,,
2025-10-16 09:54:20,2025-10-16 09:54:20,2025-10-16 09:54:20,2025-10-16 09:54:08,867488068342780,24300,GTERI,0x19FE3FBF,0x00028102,802003,0x8303,0x0115,100,13857,0000,-,01,00,22,12,12,-,01,01,3.2,35.8,8,93,567,574,-23.330481,-23.330486,-51.178545,-51.178931,0724,0006,C4A7,07A71434,3.5,621.7,621.6,0:09:21,85:01:17,-,-,0,-,,,,,04,28,00000000,00,11,,
2025-10-16 09:54:07,2025-10-16 09:54:07,2025-10-16 09:54:06,2025-10-16 09:53:03,867488068342780,24299,GTERI,0x19FE3FBF,0x00028102,802003,0x8303,0x0115,100,14011,0000,-,01,00,22,12,12,-,01,01,36.9,44.6,91,82,575,587,-23.330474,-23.330856,-51.179128,-51.184388,0724,0006,C4A7,07A71434,3.4,621.6,621.1,0:09:09,85:01:05,-,-,0,-,,,,,04,28,00000000,00,10,,
2025-10-16 09:53:14,,,,867488068342780,24298,HBD
2025-10-16 09:52:54,2025-10-16 09:52:54,2025-10-16 09:52:54,2025-10-16 09:52:54,867488068342780,24297,GTERI,0x19FE3FBF,0x00028102,802003,0x8303,0x0115,100,14065,0000,-,01,00,22,12,12,-,01,01,39.0,39.0,71,71,586,586,-23.331015,-23.331015,-51.185407,-51.185407,0724,0006,C4A7,07A6B00C,2.8,621.0,621.0,0:07:54,84:59:50,-,-,0,-,,,,,04,1,00000000,00,11,,
2025-10-16 09:52:47,2025-10-16 09:52:47,2025-10-16 09:52:47,2025-10-16 09:52:39,867488068342780,24296,GTERI,0x19FE3FBF,0x00028102,802003,0x8303,0x0115,100,13976,0000,-,01,00,22,12,12,-,01,01,31.1,37.3,21,333,587,590,-23.331417,-23.331913,-51.185905,-51.185767,0724,0006,C4A7,07A6B00C,2.7,620.9,620.8,0:07:48,84:59:44,-,-,0,-,,,,,04,1,00000000,00,11,,
2025-10-16 09:52:38,,,,867488068342780,24295,ACK
2025-10-16 09:52:38,2025-10-16 09:52:38,2025-10-16 09:52:38,2025-10-16 09:52:20,867488068342780,24294,GTSPD,0x19FE7FBF,,802003,0x8303,0x0115,100,13897,0000,0000,01,01,22,12,12,-,01,01,40.2,61.3,333,339,591,602,-23.331999,-23.334298,-51.18572,-51.184787,0724,0006,C4A7,07A6B00C,2.6,620.8,620.5,0:07:39,84:59:35,-,-,0,-,,,,,,,,,01
2025-10-16 09:52:23,,,,867488068342780,24293,ACK
2025-10-16 09:52:14,,,,867488068342780,24292,ACK
2025-10-16 09:52:11,2025-10-16 09:52:11,2025-10-16 09:52:11,2025-10-16 09:52:11,867488068342780,24291,GTSPD,0x19FE7FBF,,802003,0x8303,0x0115,100,14074,0000,0000,01,00,22,12,12,-,01,01,48.2,48.2,340,340,601,601,-23.335474,-23.335474,-51.18431,-51.18431,0724,0006,C4A7,07A5480B,2.2,620.4,620.4,0:07:12,84:59:08,-,-,0,-,,,,,,,,,00
2025-10-16 09:51:55,2025-10-16 09:51:55,2025-10-16 09:51:55,2025-10-16 09:51:55,867488068342780,24290,GTERI,0x19FE3FBF,0x00028102,802003,0x8303,0x0115,100,13999,0000,-,01,00,22,12,12,-,01,01,25.7,25.7,327,327,591,591,-23.336707,-23.336707,-51.183425,-51.183425,0724,0006,C4A7,07A5480B,2.1,620.2,620.2,0:06:57,84:58:53,-,-,0,-,,,,,04,1,00000000,00,11,,
2025-10-16 09:51:53,2025-10-16 09:51:53,2025-10-16 09:51:53,2025-10-16 09:51:48,867488068342780,24289,GTERI,0x19FE3FBF,0x00028102,802003,0x8303,0x0115,100,13999,0000,-,01,00,22,12,12,-,01,01,24.2,24.6,18,85,591,590,-23.336822,-23.33694,-51.183395,-51.183652,0724,0006,C4A7,07A5480B,2.1,620.2,620.2,0:06:54,84:58:50,-,-,0,-,,,,,04,1,00000000,00,11,,
2025-10-16 09:51:47,2025-10-16 09:51:47,2025-10-16 09:51:47,2025-10-16 09:51:45,867488068342780,24288,GTERI,0x19FE3FBF,0x00028102,802003,0x8303,0x0115,100,14079,0000,-,01,00,22,12,12,-,01,01,26.1,29.4,71,51,590,589,-23.33695,-23.337011,-51.183718,-51.183848,0724,0006,C4A7,07A5480B,2.0,620.2,620.2,0:06:48,84:58:44,-,-,0,-,,,,,04,1,00000000,00,11,,
2025-10-16 09:51:39,2025-10-16 09:51:39,2025-10-16 09:51:39,2025-10-16 09:51:37,867488068342780,24287,GTERI,0x19FE3FBF,0x00028102,802003,0x8303,0x0115,100,13985,0000,-,01,00,22,12,12,-,01,01,25.7,25.9,26,64,590,591,-23.33733,-23.337425,-51.184082,-51.184171,0724,0006,C4A7,07A5480B,1.9,620.1,620.1,0:06:39,84:58:35,-,-,0,-,,,,,04,1,00000000,00,11,,
2025-10-16 09:51:37,,,,24286,GTHBE
2025-10-16 09:51:35,2025-10-16 09:51:35,2025-10-16 09:51:35,2025-10-16 09:51:23,867488068342780,24285,GTERI,0x19FE3FBF,0x00028102,802003,0x8303,0x0115,100,14052,0000,-,01,00,22,12,12,-,01,01,25.4,41.8,77,44,592,599,-23.337463,-23.338151,-51.184302,-51.185138,0724,0006,C4A7,07A5480B,1.9,620.1,620.0,0:06:36,84:58:32,-,-,0,-,,,,,04,1,00000000,00,11,,
2025-10-16 09:51:12,2025-10-16 09:51:12,2025-10-16 09:51:12,2025-10-16 09:51:12,867488068342780,24284,GTERI,0x19FE3FBF,0x00028102,802003,0x8303,0x0115,100,14054,0000,-,01,00,22,12,12,-,01,01,21.1,21.1,23,23,604,604,-23.338872,-23.338872,-51.185857,-51.185857,0724,0006,C4A7,07A5480B,1.7,619.9,619.9,0:06:12,84:58:08,-,-,0,-,,,,,04,1,00000000,00,11,,
2025-10-16 09:51:08,2025-10-16 09:51:07,2025-10-16 09:51:06,2025-10-16 09:50:30,867488068342780,24283,GTERI,0x19FE3FBF,0x00028102,802003,0x8303,0x0115,100,14054,0000,-,01,00,22,12,12,-,01,01,0.0,29.5,334,323,603,602,-23.339037,-23.339267,-51.185859,-51.18571,0724,0006,C4A7,07A5480B,1.7,619.9,619.8,0:06:09,84:58:05,-,-,0,-,,,,,04,1,00000000,00,10,,
2025-10-16 09:51:07,,,,867488068342780,24282,HBD
2025-10-16 09:50:24,2025-10-16 09:50:24,2025-10-16 09:50:24,2025-10-16 09:50:24,867488068342780,24281,GTERI,0x19FE3FBF,0x00028102,802003,0x8303,0x0115,100,14079,0000,-,01,00,22,12,12,-,01,01,11.8,11.8,334,334,603,603,-23.33952,-23.33952,-51.185506,-51.185506,0724,0006,C4A7,07A54801,1.6,619.8,619.8,0:05:24,84:57:20,-,-,0,-,,,,,04,7,00000000,00,11,,
2025-10-16 09:50:24,,,,24280,GTHBE
2025-10-16 09:50:22,2025-10-16 09:50:22,2025-10-16 09:50:22,2025-10-16 09:50:21,867488068342780,24279,GTERI,0x19FE3FBF,0x00028102,802003,0x8303,0x0115,100,13942,0000,-,01,00,22,12,12,-,01,01,8.7,9.5,46,88,603,603,-23.339561,-23.339573,-51.185503,-51.185523,0724,0006,C4A7,07A54801,1.6,619.8,619.8,0:05:24,84:57:20,-,-,0,-,,,,,04,7,00000000,00,11,,
2025-10-16 09:50:20,2025-10-16 09:50:20,2025-10-16 09:50:20,2025-10-16 09:50:19,867488068342780,24278,GTERI,0x19FE3FBF,0x00028102,802003,0x8303,0x0115,100,14040,0000,-,01,00,22,12,12,-,01,01,13.4,17.5,113,131,603,603,-23.339569,-23.339548,-51.185552,-51.185587,0724,0006,C4A7,07A54801,1.6,619.8,619.8,0:05:21,84:57:17,-,-,0,-,,,,,04,7,00000000,00,11,,
2025-10-16 09:50:12,,,,24277,GTHBE
2025-10-16 09:49:59,2025-10-16 09:49:59,2025-10-16 09:49:59,2025-10-16 09:49:59,867488068342780,24276,GTERI,0x19FE3FBF,0x00028102,802003,0x8303,0x0115,100,14129,0000,-,01,00,22,12,12,-,01,01,11.1,11.1,165,165,604,604,-23.338886,-23.338886,-51.185984,-51.185984,0724,0006,C4A7,07A54801,1.6,619.8,619.8,0:05:00,84:56:56,-,-,0,-,,,,,04,7,00000000,00,11,,
2025-10-16 09:49:22,,,,24275,GTHBE
2025-10-16 09:49:18,,,,867488068342780,24274,ACK
2025-10-16 09:49:16,2025-10-16 09:49:16,2025-10-16 09:49:16,2025-10-16 09:49:12,867488068342780,24273,GTSPD,0x19FE7FBF,,802003,0x8303,0x0115,100,14217,0000,0000,01,00,22,12,12,-,01,01,42.0,47.9,224,222,604,603,-23.338536,-23.338205,-51.185633,-51.185291,0724,0006,C4A7,07A54801,1.5,619.7,619.6,0:04:18,84:56:14,-,-,0,-,,,,,,,,,01
2025-10-16 09:49:13,,,,867488068342780,24272,ACK
2025-10-16 09:49:09,2025-10-16 09:49:09,2025-10-16 09:49:09,2025-10-16 09:49:09,867488068342780,24271,GTSPD,0x19FE7FBF,,802003,0x8303,0x0115,100,14217,0000,0000,01,00,22,12,12,-,01,01,46.4,46.4,221,221,601,601,-23.337938,-23.337938,-51.185032,-51.185032,0724,0006,C4A7,07A54801,1.4,619.6,619.6,0:04:09,84:56:05,-,-,0,-,,,,,,,,,00
2025-10-16 09:49:04,,,,867488068342780,24270,ACK
2025-10-16 09:49:03,,,,867488068342780,24269,ACK
2025-10-16 09:49:03,,,,867488068342780,24268,ACK
2025-10-16 09:49:03,,,,867488068342780,24267,HBD
2025-10-16 09:48:50,,,,24266,GTHBE
2025-10-16 09:48:29,,,,867488068342780,24265,ACK
2025-10-16 09:48:26,2025-10-16 09:48:26,2025-10-16 09:48:26,2025-10-16 09:48:21,867488068342780,24264,GTSPD,0x19FE7FBF,,802003,0x8303,0x0115,100,14087,0000,0000,01,00,22,12,12,-,01,01,43.1,46.9,254,254,609,613,-23.336183,-23.336039,-51.181339,-51.180752,0724,0006,C4A7,07A54801,1.0,619.2,619.1,0:03:27,84:55:23,-,-,0,-,,,,,,,,,01
2025-10-16 09:48:18,,,,867488068342780,24263,ACK
2025-10-16 09:48:18,2025-10-16 09:48:18,2025-10-16 09:48:18,2025-10-16 09:48:18,867488068342780,24262,GTSPD,0x19FE7FBF,,802003,0x8303,0x0115,100,14186,0000,0000,01,00,22,12,12,-,01,01,46.2,46.2,255,255,614,614,-23.335948,-23.335948,-51.180384,-51.180384,0724,0006,C4A7,07A6D817,0.9,619.1,619.1,0:03:18,84:55:14,-,-,0,-,,,,,,,,,00
2025-10-16 09:48:07,2025-10-16 09:48:07,2025-10-16 09:48:06,2025-10-16 09:48:07,867488068342780,24261,GTERI,0x19FE3FBF,0x00028102,802003,0x8303,0x0115,100,14186,0000,-,01,00,22,12,12,-,01,01,41.7,42.0,254,255,617,617,-23.335615,-23.335644,-51.179032,-51.179142,0724,0006,C4A7,07A6D803,0.8,618.9,618.9,0:03:09,84:55:05,-,-,0,-,,,,,04,7,00000000,00,10,,
2025-10-16 09:47:54,2025-10-16 09:47:54,2025-10-16 09:47:54,2025-10-16 09:47:22,867488068342780,24260,GTERI,0x19FE3FBF,0x00028102,802003,0x8303,0x0115,100,14186,0000,-,01,00,22,12,12,-,01,01,26.4,36.8,229,181,612,600,-23.335229,-23.333891,-51.177992,-51.177621,0724,0006,C4A7,07A6D817,0.6,618.8,618.7,0:02:54,84:54:50,-,-,0,-,,,,,04,3,00000000,00,11,,
2025-10-16 09:47:13,,,,867488068342780,24259,HBD
2025-10-16 09:46:36,2025-10-16 09:46:36,2025-10-16 09:46:36,2025-10-16 09:46:22,867488068342780,24258,GTERI,0x19FE3FBF,0x00028102,802003,0x8303,0x0115,100,14236,0000,-,01,00,22,12,12,-,01,01,14.9,24.1,183,137,587,588,-23.331018,-23.330652,-51.177488,-51.177538,0724,0006,C4A7,07A71416,0.2,618.3,618.3,0:01:36,84:53:32,-,-,0,-,,,,,04,3,00000000,00,11,,
2025-10-16 09:46:21,2025-10-16 09:46:21,2025-10-16 09:46:21,2025-10-16 09:46:20,867488068342780,24257,GTERI,0x19FE3FBF,0x00028102,802003,0x8303,0x0115,100,14189,0000,-,01,00,22,12,12,-,01,01,21.0,24.5,138,141,589,588,-23.330604,-23.330561,-51.177577,-51.177617,0724,0006,C4A7,07A71416,0.1,618.3,618.3,0:01:21,84:53:17,-,-,0,-,,,,,04,3,00000000,00,11,,
2025-10-16 09:45:47,2025-10-16 09:45:46,2025-10-16 09:45:46,2025-10-16 09:45:46,867488068342780,24256,GTIGL,0x19FE7FBF,,802003,0x8303,0x0115,100,14273,0000,0000,01,00,22,12,12,-,01,01,6.2,6.2,184,184,564,564,-23.329819,-23.329819,-51.1776,-51.1776,0724,0006,C4A7,07A71416,0.0,618.2,618.2,0:00:48,84:52:44,-,-,0,-,,,,,,,,,00
2025-10-16 09:45:46,2025-10-16 09:45:46,2025-10-16 09:45:46,2025-10-16 09:45:46,867488068342780,24255,GTERI,0x19FE3FBF,0x00028102,802003,0x8303,0x0115,100,14273,0000,-,01,00,22,12,12,-,01,01,6.2,6.2,184,184,564,564,-23.329819,-23.329819,-51.1776,-51.1776,0724,0006,C4A7,07A71416,0.0,618.2,618.2,0:00:48,84:52:44,-,-,0,-,,,,,04,3,00000000,00,10,,
2025-10-16 09:45:46,2025-10-16 09:45:46,2025-10-16 09:45:46,2025-10-16 09:45:46,867488068342780,24254,GTGSS,0x19FE7FBF,,802003,0x8303,0x0115,100,14273,0000,0000,01,00,22,12,12,-,01,01,6.2,6.2,184,184,564,564,-23.329819,-23.329819,-51.1776,-51.1776,0724,0006,C4A7,07A71416,0.0,618.2,618.2,0:00:48,84:52:44,-,-,0,-,-,,,,,,,,,01
2025-10-16 09:44:58,2025-10-16 09:44:58,2025-10-16 07:43:19,2025-10-16 07:43:19,867488068342780,24253,GTSTT,0x19FE7FBF,,802003,0x8303,0x0115,100,12349,0000,0000,01,00,22,10,10,-,00,00,8.7,8.7,255,255,564,564,-23.329515,-23.329515,-51.177594,-51.177594,0724,0006,C4A7,07A71434,0.0,618.2,618.2,0:00:00,84:51:56,-,-,0,-
2025-10-16 09:44:58,2025-10-16 09:44:58,2025-10-16 07:43:19,2025-10-16 07:43:15,867488068342780,24252,GTIGN,0x19FE7FBF,,802003,0x8303,0x0115,100,12349,0000,0000,01,00,22,10,9,7261,00,01,8.7,9.5,255,255,564,564,-23.329515,-23.329607,-51.177594,-51.177567,0724,0006,C4A7,07A71434,0.0,618.2,618.2,0:00:00,84:51:56,-,-,0,-
2025-10-16 09:44:58,,,,867488068342780,24251,HBD
2025-10-16 08:48:52,,,,867488068342780,24250,ACK
2025-10-16 08:48:51,2025-10-16 08:48:51,2025-10-16 07:43:19,2025-10-16 07:43:19,867488068342780,24249,GTERI,0x19FE3FBF,0x00028102,802003,0x8303,0x0115,100,12991,0000,-,00,00,11,10,10,-,00,00,8.7,8.7,255,255,564,564,-23.329515,-23.329515,-51.177594,-51.177594,0724,0006,C4A7,07A71434,16.2,618.2,618.2,0:38:33,84:51:56,-,-,0,-,,,,,04,28,00000000,00,10,,
2025-10-16 08:23:23,,,,867488068342780,24248,GTINF,,,,,,,,,,,,,,,,,,,,,,,,,,,,,,,,,,,,,,,,,,C1,4174,03
2025-10-16 07:54:06,2025-10-16 07:53:34,2025-10-16 07:43:19,2025-10-16 07:43:19,867488068342780,24247,GTPDP,0x19FE7FBF,,802003,0x8303,0x0115,100,13107,0000,0000,00,00,11,10,10,-,00,00,8.7,8.7,255,255,564,564,-23.329515,-23.329515,-51.177594,-51.177594,0000,0000,0000,00000000,16.2,618.2,618.2,0:38:33,84:51:56,-,-,0,-
2025-10-16 07:54:05,2025-10-16 07:52:31,2025-10-16 07:43:19,2025-10-16 07:43:19,867488068342780,24246,GTPDP,0x19FE7FBF,,802003,0x8303,0x0115,100,13053,0000,0000,00,00,11,10,10,-,00,00,8.7,8.7,255,255,564,564,-23.329515,-23.329515,-51.177594,-51.177594,0724,0006,C4A7,07A71434,16.2,618.2,618.2,0:38:33,84:51:56,-,-,0,-
2025-10-16 07:54:05,2025-10-16 07:49:00,2025-10-16 07:43:19,2025-10-16 07:43:19,867488068342780,24245,GTERI,0x19FE3FBF,0x00028102,802003,0x8303,0x0115,100,13030,0000,-,00,00,11,10,10,-,00,00,8.7,8.7,255,255,564,564,-23.329515,-23.329515,-51.177594,-51.177594,0724,0006,C4A7,07A71434,16.2,618.2,618.2,0:38:33,84:51:56,-,-,0,-,,,,,04,28,00000000,00,10,,
2025-10-16 07:48:39,,,,867488068342780,24242,ACK
2025-10-16 07:48:38,2025-10-16 07:48:38,2025-10-16 07:43:19,2025-10-16 07:43:19,867488068342780,24241,GTERI,0x19FE3FBF,0x00028102,802003,0x8303,0x0115,100,13030,0000,-,00,00,11,10,10,-,00,00,8.7,8.7,255,255,564,564,-23.329515,-23.329515,-51.177594,-51.177594,0724,0006,C4A7,07A71434,16.2,618.2,618.2,0:38:33,84:51:56,-,-,0,-,,,,,04,28,00000000,00,10,,
2025-10-16 07:48:22,2025-10-16 07:48:22,2025-10-16 07:43:19,2025-10-16 07:43:19,867488068342780,24240,GTGSS,0x19FE7FBF,,802003,0x8303,0x0115,100,12971,0000,0000,00,00,11,0,0,-,00,00,8.7,8.7,255,255,564,564,-23.329515,-23.329515,-51.177594,-51.177594,0724,0006,C4A7,07A71434,16.2,618.2,618.2,0:38:33,84:51:56,-,-,0,-,-,,,,,,,,,00
2025-10-16 07:45:38,2025-10-16 07:45:38,2025-10-16 07:43:02,2025-10-16 07:43:02,867488068342780,24239,GTERI,0x19FE3FBF,0x00028102,802003,0x8303,0x0115,100,12977,0000,-,00,00,11,12,12,-,00,00,7.9,7.9,255,255,565,565,-23.329606,-23.329606,-51.177545,-51.177545,0724,0006,C4A7,07A71434,16.2,618.2,618.2,0:38:33,84:51:56,-,-,0,-,,,,,04,28,00000000,00,10,,
2025-10-16 07:44:21,2025-10-16 07:44:20,2025-10-16 07:43:19,2025-10-16 07:43:19,867488068342780,24238,GTSTT,0x19FE7FBF,,802003,0x8303,0x0115,100,12817,0000,0000,00,00,11,10,10,-,00,00,8.7,8.7,255,255,564,564,-23.329515,-23.329515,-51.177594,-51.177594,0724,0006,C4A7,07A71434,16.2,618.2,618.2,0:38:33,84:51:56,-,-,0,-
2025-10-16 07:44:20,,,,867488068342780,24237,HBD
2025-10-16 07:44:00,2025-10-16 07:43:59,2025-10-16 07:43:02,2025-10-16 07:43:02,867488068342780,24236,GTIGL,0x19FE7FBF,,802003,0x8303,0x0115,100,12869,0000,0000,00,00,12,12,12,-,00,00,7.9,7.9,255,255,565,565,-23.329606,-23.329606,-51.177545,-51.177545,0724,0006,C4A7,07A71434,16.2,618.2,618.2,0:38:33,84:51:56,-,-,0,-,,,,,,,,,01
2025-10-16 07:43:59,,,,867488068342780,24235,ACK
2025-10-16 07:43:59,,,,867488068342780,24234,ACK
2025-10-16 07:43:56,2025-10-16 07:43:56,2025-10-16 07:43:19,2025-10-16 07:43:19,867488068342780,24233,GTSTT,0x19FE7FBF,,802003,0x8303,0x0115,100,12963,0000,0000,00,00,12,10,10,-,00,00,8.7,8.7,255,255,564,564,-23.329515,-23.329515,-51.177594,-51.177594,0724,0006,C4A7,07A71434,16.2,618.2,618.2,0:38:33,84:51:56,-,-,0,-
2025-10-16 07:43:56,2025-10-16 07:43:56,2025-10-16 07:43:19,2025-10-16 07:43:19,867488068342780,24232,GTIGF,0x19FE7FBF,,802003,0x8303,0x0115,100,12963,0000,0000,00,00,12,10,10,2316,00,00,8.7,8.7,255,255,564,564,-23.329515,-23.329515,-51.177594,-51.177594,0724,0006,C4A7,07A71434,16.2,618.2,618.2,0:38:33,84:51:56,-,-,0,-
2025-10-16 07:43:02,2025-10-16 07:43:02,2025-10-16 07:43:02,2025-10-16 07:42:44,867488068342780,24231,GTERI,0x19FE3FBF,0x00028102,802003,0x8303,0x0115,100,13630,0000,-,01,00,22,12,12,-,01,01,7.9,28.2,255,187,565,558,-23.329606,-23.32911,-51.177545,-51.177419,0724,0006,C4A7,07A71416,16.2,618.2,618.1,0:37:39,84:51:02,-,-,0,-,,,,,04,3,00000000,00,11,,
2025-10-16 07:42:38,2025-10-16 07:42:38,2025-10-16 07:42:37,2025-10-16 07:42:20,867488068342780,24230,GTERI,0x19FE3FBF,0x00028102,802003,0x8303,0x0115,100,13702,0000,-,01,00,22,12,12,-,01,01,24.1,40.9,183,180,555,548,-23.328654,-23.327294,-51.177361,-51.177342,0724,0006,C4A7,07A71415,16.1,618.1,617.9,0:37:15,84:50:38,-,-,0,-,,,,,04,3,00000000,00,10,,
2025-10-16 07:42:38,,,,867488068342780,24229,HBD
2025-10-16 07:42:07,2025-10-16 07:42:07,2025-10-16 07:42:07,2025-10-16 07:42:07,867488068342780,24228,GTERI,0x19FE3FBF,0x00028102,802003,0x8303,0x0115,100,13634,0000,-,01,00,22,12,12,-,01,01,29.4,29.4,151,151,537,537,-23.326135,-23.326135,-51.177382,-51.177382,0724,0006,C4A7,07A7140B,15.8,617.8,617.8,0:36:45,84:50:08,-,-,0,-,,,,,04,1,00000000,00,11,,
2025-10-16 07:42:04,2025-10-16 07:42:04,2025-10-16 07:42:04,2025-10-16 07:42:01,867488068342780,24227,GTERI,0x19FE3FBF,0x00028102,802003,0x8303,0x0115,100,13545,0000,-,01,00,22,12,12,-,01,01,26.8,28.1,197,251,537,536,-23.325935,-23.325791,-51.177435,-51.177294,0724,0006,C4A7,07A7140B,15.8,617.8,617.8,0:36:42,84:50:05,-,-,0,-,,,,,04,1,00000000,00,11,,
2025-10-16 07:42:00,2025-10-16 07:42:00,2025-10-16 07:42:00,2025-10-16 07:41:59,867488068342780,24226,GTERI,0x19FE3FBF,0x00028102,802003,0x8303,0x0115,100,13689,0000,-,01,00,22,12,12,-,01,01,28.3,29.3,254,242,536,536,-23.325769,-23.325747,-51.177222,-51.177149,0724,0006,C4A7,07A7140B,15.7,617.7,617.7,0:36:39,84:50:02,-,-,0,-,,,,,04,1,00000000,00,11,,
2025-10-16 07:41:58,,,,24225,GTHBE
2025-10-16 07:41:53,2025-10-16 07:41:53,2025-10-16 07:41:53,2025-10-16 07:41:53,867488068342780,24224,GTERI,0x19FE3FBF,0x00028102,802003,0x8303,0x0115,100,13770,0000,-,01,00,22,12,12,-,01,01,30.7,30.7,207,207,535,535,-23.325338,-23.325338,-51.176846,-51.176846,0724,0006,C4A7,07A7140B,15.7,617.7,617.7,0:36:30,84:49:53,-,-,0,-,,,,,04,1,00000000,00,11,,
2025-10-16 07:41:46,2025-10-16 07:41:46,2025-10-16 07:41:46,2025-10-16 07:41:41,867488068342780,24223,GTERI,0x19FE3FBF,0x00028102,802003,0x8303,0x0115,100,13712,0000,-,01,00,22,12,12,-,01,01,23.2,30.6,162,247,535,535,-23.324892,-23.324634,-51.17681,-51.176677,0724,0006,C4A7,07A7140B,15.6,617.6,617.6,0:36:24,84:49:47,-,-,0,-,,,,,04,1,00000000,00,11,,
2025-10-16 07:41:35,2025-10-16 07:41:35,2025-10-16 07:41:35,2025-10-16 07:41:35,867488068342780,24222,GTERI,0x19FE3FBF,0x00028102,802003,0x8303,0x0115,100,13662,0000,-,01,00,22,12,12,-,01,01,25.3,25.3,220,220,539,539,-23.324409,-23.324409,-51.176297,-51.176297,0724,0006,C4A7,07A7140B,15.5,617.5,617.5,0:36:12,84:49:35,-,-,0,-,,,,,04,1,00000000,00,11,,
2025-10-16 07:41:11,,,,24221,GTHBE
2025-10-16 07:40:53,,,,867488068342780,24220,HBD
2025-10-16 07:39:38,2025-10-16 07:39:38,2025-10-16 07:39:37,2025-10-16 07:38:46,867488068342780,24219,GTERI,0x19FE3FBF,0x00028102,802003,0x8303,0x0115,100,13665,0000,-,01,00,22,12,12,-,01,01,30.9,42.5,174,173,577,592,-23.320518,-23.31625,-51.176574,-51.177148,0724,0006,C4A7,07A71401,15.1,617.1,616.6,0:34:15,84:47:38,-,-,0,-,,,,,04,7,00000000,00,10,,
2025-10-16 07:38:45,2025-10-16 07:38:45,2025-10-16 07:38:45,2025-10-16 07:38:42,867488068342780,24218,GTSPD,0x19FE7FBF,,802003,0x8303,0x0115,100,13764,0000,0000,01,00,22,12,12,-,01,01,43.8,46.6,172,172,592,592,-23.316142,-23.315801,-51.177162,-51.17721,0724,0006,C4A7,07A55302,14.7,616.6,616.6,0:33:24,84:46:47,-,-,0,-,,,,,,,,,01
2025-10-16 07:38:41,2025-10-16 07:38:41,2025-10-16 07:38:41,2025-10-16 07:38:41,867488068342780,24217,GTSPD,0x19FE7FBF,,802003,0x8303,0x0115,100,13764,0000,0000,01,00,22,12,12,-,01,01,46.9,46.9,172,172,593,593,-23.315683,-23.315683,-51.177226,-51.177226,0724,0006,C4A7,07A55302,14.6,616.6,616.6,0:33:18,84:46:41,-,-,0,-,,,,,,,,,00
2025-10-16 07:38:29,2025-10-16 07:38:29,2025-10-16 07:38:29,2025-10-16 07:38:29,867488068342780,24216,GTERI,0x19FE3FBF,0x00028102,802003,0x8303,0x0115,100,13582,0000,-,01,00,22,12,12,-,01,01,33.5,33.5,160,160,595,595,-23.314675,-23.314675,-51.177656,-51.177656,0724,0006,C4A7,07A55302,14.5,616.5,616.5,0:33:06,84:46:29,-,-,0,-,,,,,04,7,00000000,00,11,,
2025-10-16 07:38:28,,,,24215,GTHBE
2025-10-16 07:38:23,2025-10-16 07:38:23,2025-10-16 07:38:23,2025-10-16 07:36:39,867488068342780,24214,GTERI,0x19FE3FBF,0x00028102,802003,0x8303,0x0115,100,13644,0000,-,01,00,22,12,12,-,01,01,22.9,42.8,219,172,596,601,-23.314269,-23.311307,-51.177526,-51.177833,0724,0006,C4A7,07A55302,14.4,616.4,616.1,0:33:00,84:46:23,-,-,0,-,,,,,04,7,00000000,00,11,,
2025-10-16 07:38:23,,,,867488068342780,24213,HBD
2025-10-16 07:36:38,2025-10-16 07:36:38,2025-10-16 07:36:37,2025-10-16 07:36:38,867488068342780,24212,GTERI,0x19FE3FBF,0x00028102,802003,0x8303,0x0115,100,13787,0000,-,01,00,22,12,12,-,01,01,41.4,42.3,172,172,601,601,-23.311096,-23.311201,-51.177863,-51.177848,0724,0006,C4A7,07B11102,14.1,616.1,616.1,0:31:15,84:44:38,-,-,0,-,,,,,04,7,00000000,00,10,,
2025-10-16 07:36:38,,,,867488068342780,24211,HBD
2025-10-16 07:34:52,,,,867488068342780,24210,HBD
2025-10-16 07:33:59,,,,24209,GTHBE
2025-10-16 07:33:55,2025-10-16 07:33:55,2025-10-16 07:33:55,2025-10-16 07:33:52,867488068342780,24208,GTERI,0x19FE3FBF,0x00028102,802003,0x8303,0x0115,100,13790,0000,-,01,00,22,12,12,-,01,01,32.4,35.2,171,173,608,609,-23.301993,-23.301739,-51.179121,-51.179157,0724,0006,C4A7,07A5F50B,13.1,615.1,615.1,0:28:33,84:41:56,-,-,0,-,,,,,04,1,00000000,00,11,,
2025-10-16 07:33:38,2025-10-16 07:33:38,2025-10-16 07:33:37,2025-10-16 07:32:21,867488068342780,24207,GTERI,0x19FE3FBF,0x00028102,802003,0x8303,0x0115,100,13587,0000,-,01,00,22,12,12,-,01,01,0.0,14.1,216,215,609,610,-23.300991,-23.300934,-51.179058,-51.179016,0724,0006,C4A7,07A5F50B,13.0,615.0,615.0,0:28:15,84:41:38,-,-,0,-,,,,,04,1,00000000,00,10,,
2025-10-16 07:32:20,2025-10-16 07:32:20,2025-10-16 07:32:20,2025-10-16 07:32:16,867488068342780,24206,GTERI,0x19FE3FBF,0x00028102,802003,0x8303,0x0115,100,13567,0000,-,01,00,22,12,12,-,01,01,17.9,24.3,216,233,610,610,-23.300902,-23.300743,-51.178991,-51.178811,0724,0006,C4A7,07A5F50B,13.0,615.0,614.9,0:26:57,84:40:20,-,-,0,-,,,,,04,1,00000000,00,11,,
2025-10-16 07:32:20,,,,867488068342780,24205,HBD
2025-10-16 07:31:10,,,,24204,GTHBE
2025-10-16 07:30:38,2025-10-16 07:30:38,2025-10-16 07:30:37,2025-10-16 07:30:29,867488068342780,24203,GTERI,0x19FE3FBF,0x00028102,802003,0x8303,0x0115,100,13739,0000,-,01,00,22,12,12,-,01,01,19.5,38.1,263,263,606,606,-23.300348,-23.300307,-51.1755,-51.175125,0724,0006,C4A7,07A54233,12.6,614.6,614.6,0:25:15,84:38:38,-,-,0,-,,,,,04,28,00000000,00,10,,
2025-10-16 07:30:30,,,,867488068342780,24202,ACK
2025-10-16 07:30:28,2025-10-16 07:30:28,2025-10-16 07:30:28,2025-10-16 07:30:25,867488068342780,24201,GTSPD,0x19FE7FBF,,802003,0x8303,0x0115,100,13677,0000,0000,01,00,22,12,12,-,01,01,41.2,47.5,263,262,606,605,-23.300295,-23.300257,-51.175019,-51.174663,0724,0006,C4A7,07A54233,12.6,614.6,614.5,0:25:06,84:38:29,-,-,0,-,,,,,,,,,01
2025-10-16 07:30:25,,,,867488068342780,24200,ACK
2025-10-16 07:30:24,2025-10-16 07:30:24,2025-10-16 07:30:24,2025-10-16 07:30:24,867488068342780,24199,GTSPD,0x19FE7FBF,,802003,0x8303,0x0115,100,13828,0000,0000,01,00,22,12,12,-,01,01,48.7,48.7,263,263,604,604,-23.300242,-23.300242,-51.174534,-51.174534,0724,0006,C4A7,07A54233,12.5,614.5,614.5,0:25:03,84:38:26,-,-,0,-,,,,,,,,,00
2025-10-16 07:30:18,2025-10-16 07:30:18,2025-10-16 07:30:18,2025-10-16 07:30:18,867488068342780,24198,GTERI,0x19FE3FBF,0x00028102,802003,0x8303,0x0115,100,13828,0000,-,01,00,22,12,12,-,01,01,35.0,35.0,263,263,601,601,-23.300171,-23.300171,-51.173833,-51.173833,0724,0006,C4A7,07A54233,12.5,614.4,614.4,0:24:57,84:38:20,-,-,0,-,,,,,04,28,00000000,00,11,,
2025-10-16 07:30:18,,,,867488068342780,24197,HBD
2025-10-16 07:30:15,,,,24196,GTHBE
2025-10-16 07:30:15,2025-10-16 07:30:15,2025-10-16 07:30:15,2025-10-16 07:30:14,867488068342780,24195,GTERI,0x19FE3FBF,0x00028102,802003,0x8303,0x0115,100,13744,0000,-,01,00,22,12,12,-,01,01,27.8,28.0,218,189,600,599,-23.300115,-23.300056,-51.173599,-51.173562,0724,0006,C4A7,07A54233,12.4,614.4,614.4,0:24:54,84:38:17,-,-,0,-,,,,,04,28,00000000,00,11,,
2025-10-16 07:30:02,2025-10-16 07:30:02,2025-10-16 07:30:02,2025-10-16 07:29:43,867488068342780,24194,GTERI,0x19FE3FBF,0x00028102,802003,0x8303,0x0115,100,13846,0000,-,01,00,22,12,12,-,01,01,21.6,39.2,164,181,595,586,-23.299385,-23.298266,-51.173724,-51.173502,0724,0006,C4A7,07A54234,12.3,614.3,614.2,0:24:39,84:38:02,-,-,0,-,,,,,04,28,00000000,00,11,,
2025-10-16 07:29:44,,,,867488068342780,24193,ACK
2025-10-16 07:29:42,2025-10-16 07:29:42,2025-10-16 07:29:42,2025-10-16 07:29:38,867488068342780,24192,GTSPD,0x19FE7FBF,,802003,0x8303,0x0115,100,13769,0000,0000,01,00,22,12,12,-,01,01,42.3,48.6,182,181,585,581,-23.298165,-23.297709,-51.173498,-51.17348,0724,0006,C4A7,07A54234,12.2,614.2,614.1,0:24:21,84:37:44,-,-,0,-,,,,,,,,,01
2025-10-16 07:29:39,,,,867488068342780,24191,ACK
2025-10-16 07:29:35,2025-10-16 07:29:35,2025-10-16 07:29:35,2025-10-16 07:29:35,867488068342780,24190,GTSPD,0x19FE7FBF,,802003,0x8303,0x0115,100,13769,0000,0000,01,00,22,12,12,-,01,01,46.7,46.7,181,181,579,579,-23.297349,-23.297349,-51.173466,-51.173466,0724,0006,C4A7,07A5BE34,12.1,614.1,614.1,0:24:12,84:37:35,-,-,0,-,,,,,,,,,00
2025-10-16 07:28:50,,,,867488068342780,24189,ACK
2025-10-16 07:28:47,2025-10-16 07:28:47,2025-10-16 07:28:47,2025-10-16 07:28:37,867488068342780,24188,GTSPD,0x19FE7FBF,,802003,0x8303,0x0115,100,13803,0000,0000,01,01,22,12,12,-,01,01,41.1,52.1,181,181,566,558,-23.295409,-23.294162,-51.173389,-51.173342,0724,0006,C4A7,07A5BE34,11.9,613.9,613.7,0:23:24,84:36:47,-,-,0,-,,,,,,,,,01
2025-10-16 07:28:45,,,,867488068342780,24187,ACK
2025-10-16 07:28:35,,,,867488068342780,24186,ACK
2025-10-16 07:28:34,2025-10-16 07:28:34,2025-10-16 07:28:34,2025-10-16 07:28:33,867488068342780,24185,GTSPD,0x19FE7FBF,,802003,0x8303,0x0115,100,13859,0000,0000,01,00,22,12,12,-,01,01,48.9,49.2,181,181,556,555,-23.293781,-23.293659,-51.173329,-51.173324,0724,0006,C4A7,07A5BE34,11.7,613.7,613.7,0:23:12,84:36:35,-,-,0,-,,,,,,,,,00
2025-10-16 07:28:34,,,,867488068342780,24184,HBD
2025-10-16 07:28:12,2025-10-16 07:28:12,2025-10-16 07:28:12,2025-10-16 07:28:12,867488068342780,24183,GTERI,0x19FE3FBF,0x00028102,802003,0x8303,0x0115,100,13720,0000,-,01,00,22,12,12,-,01,01,21.9,21.9,214,214,545,545,-23.292309,-23.292309,-51.173251,-51.173251,0724,0006,C4A7,07A5BE02,11.5,613.5,613.5,0:22:51,84:36:14,-,-,0,-,,,,,04,7,00000000,00,11,,
2025-10-16 07:28:12,,,,24182,GTHBE
2025-10-16 07:27:38,2025-10-16 07:27:38,2025-10-16 07:27:37,2025-10-16 07:27:09,867488068342780,24181,GTERI,0x19FE3FBF,0x00028102,802003,0x8303,0x0115,100,13554,0000,-,01,00,22,12,12,-,01,01,0.0,40.9,270,279,545,551,-23.292261,-23.292475,-51.172962,-51.172044,0724,0006,C4A7,07A5BE02,11.5,613.5,613.4,0:22:15,84:35:38,-,-,0,-,,,,,04,7,00000000,00,10,,
2025-10-16 07:27:10,,,,867488068342780,24180,ACK
2025-10-16 07:27:08,2025-10-16 07:27:08,2025-10-16 07:27:08,2025-10-16 07:27:04,867488068342780,24179,GTSPD,0x19FE7FBF,,802003,0x8303,0x0115,100,13795,0000,0000,01,00,22,12,12,-,01,01,41.2,50.1,279,279,552,555,-23.292491,-23.292565,-51.171934,-51.171448,0724,0006,C4A7,07A7550C,11.4,613.4,613.3,0:21:45,84:35:08,-,-,0,-,,,,,,,,,01
2025-10-16 07:27:05,,,,867488068342780,24178,ACK
2025-10-16 07:27:03,2025-10-16 07:27:03,2025-10-16 07:27:03,2025-10-16 07:27:03,867488068342780,24177,GTSPD,0x19FE7FBF,,802003,0x8303,0x0115,100,13795,0000,0000,01,00,22,12,12,-,01,01,49.5,49.5,279,279,556,556,-23.292586,-23.292586,-51.171314,-51.171314,0724,0006,C4A7,07A5BE02,11.4,613.3,613.3,0:21:42,84:35:05,-,-,0,-,,,,,,,,,00
2025-10-16 07:26:50,,,,867488068342780,24176,HBD
2025-10-16 07:26:14,,,,867488068342780,24175,ACK
2025-10-16 07:26:13,2025-10-16 07:26:13,2025-10-16 07:26:13,2025-10-16 07:25:51,867488068342780,24174,GTSPD,0x19FE7FBF,,802003,0x8303,0x0115,100,13816,0000,0000,01,01,22,12,12,-,01,01,41.3,53.0,270,273,549,540,-23.29272,-23.2928,-51.166283,-51.163367,0724,0006,C4A7,07A7430D,10.8,612.8,612.5,0:20:51,84:34:14,-,-,0,-,,,,,,,,,01
2025-10-16 07:25:59,,,,867488068342780,24173,ACK
2025-10-16 07:25:49,,,,867488068342780,24172,ACK
2025-10-16 07:25:48,2025-10-16 07:25:48,2025-10-16 07:25:48,2025-10-16 07:25:48,867488068342780,24171,GTSPD,0x19FE7FBF,,802003,0x8303,0x0115,100,13824,0000,0000,01,00,22,12,12,-,01,01,49.6,49.6,271,271,539,539,-23.292816,-23.292816,-51.16295,-51.16295,0724,0006,C4A7,07A7430D,10.5,612.5,612.5,0:20:27,84:33:50,-,-,0,-,,,,,,,,,00
2025-10-16 07:25:44,,,,867488068342780,24170,ACK
2025-10-16 07:25:42,2025-10-16 07:25:42,2025-10-16 07:25:42,2025-10-16 07:25:38,867488068342780,24169,GTSPD,0x19FE7FBF,,802003,0x8303,0x0115,100,13826,0000,0000,01,00,22,12,12,-,01,01,38.6,54.2,269,270,538,537,-23.292818,-23.292824,-51.162277,-51.161772,0724,0006,C4A7,07A7430D,10.4,612.4,612.4,0:20:21,84:33:44,-,-,0,-,,,,,,,,,01
2025-10-16 07:25:39,,,,867488068342780,24168,ACK
2025-10-16 07:25:36,2025-10-16 07:25:36,2025-10-16 07:25:36,2025-10-16 07:25:36,867488068342780,24167,GTSPD,0x19FE7FBF,,802003,0x8303,0x0115,100,13895,0000,0000,01,00,22,12,12,-,01,01,51.0,51.0,270,270,537,537,-23.292827,-23.292827,-51.161481,-51.161481,0724,0006,C4A7,07A7430D,10.3,612.3,612.3,0:20:15,84:33:38,-,-,0,-,,,,,,,,,00
2025-10-16 07:25:04,2025-10-16 07:25:04,2025-10-16 07:25:04,2025-10-16 07:24:58,867488068342780,24166,GTSPD,0x19FE7FBF,,802003,0x8303,0x0115,100,13893,0000,0000,01,00,22,12,12,-,01,01,37.9,50.4,270,267,532,531,-23.292857,-23.292836,-51.158043,-51.157295,0724,0006,C4A7,07A7430D,10.0,612.0,611.9,0:19:42,84:33:05,-,-,0,-,,,,,,,,,01
2025-10-16 07:25:03,,,,867488068342780,24165,ACK
2025-10-16 07:24:58,,,,867488068342780,24164,ACK
2025-10-16 07:24:56,2025-10-16 07:24:56,2025-10-16 07:24:56,2025-10-16 07:24:56,867488068342780,24163,GTSPD,0x19FE7FBF,,802003,0x8303,0x0115,100,13893,0000,0000,01,00,22,12,12,-,01,01,48.2,48.2,268,268,530,530,-23.292829,-23.292829,-51.157025,-51.157025,0724,0006,C4A7,07A7430B,9.9,611.9,611.9,0:19:33,84:32:56,-,-,0,-,,,,,,,,,00
2025-10-16 07:24:44,2025-10-16 07:24:44,2025-10-16 07:24:44,2025-10-16 07:24:42,867488068342780,24162,GTSPD,0x19FE7FBF,,802003,0x8303,0x0115,100,13893,0000,0000,01,00,22,12,12,-,01,01,43.6,46.3,270,270,528,528,-23.292805,-23.292806,-51.15561,-51.155366,0724,0006,C4A7,07A7430B,9.7,611.7,611.7,0:19:21,84:32:44,-,-,0,-,,,,,,,,,01
2025-10-16 07:24:41,2025-10-16 07:24:41,2025-10-16 07:24:41,2025-10-16 07:24:41,867488068342780,24161,GTSPD,0x19FE7FBF,,802003,0x8303,0x0115,100,13893,0000,0000,01,00,22,12,12,-,01,01,46.9,46.9,270,270,527,527,-23.292807,-23.292807,-51.155239,-51.155239,0724,0006,C4A7,07A7430B,9.7,611.7,611.7,0:19:18,84:32:41,-,-,0,-,,,,,,,,,00
2025-10-16 07:24:38,2025-10-16 07:24:38,2025-10-16 07:24:37,2025-10-16 07:24:38,867488068342780,24160,GTERI,0x19FE3FBF,0x00028102,802003,0x8303,0x0115,100,13829,0000,-,01,00,22,12,12,-,01,01,39.7,41.6,270,270,526,527,-23.29281,-23.292809,-51.154758,-51.15487,0724,0006,C4A7,07A7430B,9.7,611.7,611.7,0:19:15,84:32:38,-,-,0,-,,,,,04,1,00000000,00,10,,
2025-10-16 07:24:38,,,,867488068342780,24159,HBD
2025-10-16 07:22:42,,,,867488068342780,24158,ACK
2025-10-16 07:22:38,2025-10-16 07:22:38,2025-10-16 07:22:38,2025-10-16 07:22:17,867488068342780,24157,GTSPD,0x19FE7FBF,,802003,0x8303,0x0115,100,13893,0000,0000,01,01,22,12,12,-,01,01,42.0,62.4,270,268,507,520,-23.292876,-23.292828,-51.150148,-51.146918,0724,0006,C4A7,07A7430B,9.2,611.2,610.9,0:17:15,84:30:38,-,-,0,-,,,,,,,,,01
2025-10-16 07:22:38,,,,867488068342780,24156,HBD
2025-10-16 07:22:13,,,,867488068342780,24155,ACK
2025-10-16 07:22:03,,,,867488068342780,24154,ACK
2025-10-16 07:22:02,2025-10-16 07:22:02,2025-10-16 07:22:02,2025-10-16 07:22:02,867488068342780,24153,GTSPD,0x19FE7FBF,,802003,0x8303,0x0115,100,13970,0000,0000,01,00,22,12,12,-,01,01,52.5,52.5,269,269,530,530,-23.292915,-23.292915,-51.144486,-51.144486,0724,0006,C4A7,07A7430B,8.6,610.6,610.6,0:16:39,84:30:02,-,-,0,-,,,,,,,,,00
2025-10-16 07:21:38,2025-10-16 07:21:38,2025-10-16 07:21:37,2025-10-16 07:20:40,867488068342780,24152,GTERI,0x19FE3FBF,0x00028102,802003,0x8303,0x0115,100,14082,0000,-,01,00,22,12,12,-,01,01,30.4,34.9,270,270,533,535,-23.292904,-23.292928,-51.142247,-51.140629,0724,0006,C4A7,07A54F0D,8.4,610.4,610.2,0:16:15,84:29:38,-,-,0,-,,,,,04,1,00000000,00,10,,
2025-10-16 07:20:49,,,,867488068342780,24151,HBD
2025-10-16 07:19:57,2025-10-16 07:19:57,2025-10-16 07:19:57,2025-10-16 07:19:31,867488068342780,24150,GTERI,0x19FE3FBF,0x00028102,802003,0x8303,0x0115,100,14060,0000,-,01,00,22,12,12,-,01,01,17.4,38.0,230,181,531,533,-23.292883,-23.291461,-51.139054,-51.138961,0724,0006,C4A7,07A54F0D,8.1,610.1,609.9,0:14:36,84:27:59,-,-,0,-,,,,,04,1,00000000,00,11,,
2025-10-16 07:19:31,,,,867488068342780,24149,ACK
2025-10-16 07:19:30,2025-10-16 07:19:30,2025-10-16 07:19:30,2025-10-16 07:18:49,867488068342780,24148,GTSPD,0x19FE7FBF,,802003,0x8303,0x0115,100,14152,0000,0000,01,01,22,12,12,-,01,01,41.3,73.6,181,182,533,501,-23.291363,-23.284941,-51.13896,-51.138751,0724,0006,C4A7,07A54F0D,7.9,609.9,609.2,0:14:09,84:27:32,-,-,0,-,,,,,,,,,01
2025-10-16 07:18:46,,,,867488068342780,24147,ACK
2025-10-16 07:18:38,2025-10-16 07:18:38,2025-10-16 07:18:37,2025-10-16 07:18:38,867488068342780,24146,GTERI,0x19FE3FBF,0x00028102,802003,0x8303,0x0115,100,14144,0000,-,01,00,22,12,12,-,01,01,57.9,60.0,181,181,511,509,-23.282926,-23.283075,-51.138717,-51.138721,0724,0006,C4A7,07A54F0B,7.0,609.0,609.0,0:13:15,84:26:38,-,-,0,-,,,,,04,1,00000000,00,10,,
2025-10-16 07:18:36,,,,867488068342780,24145,ACK
2025-10-16 07:18:33,2025-10-16 07:18:33,2025-10-16 07:18:33,2025-10-16 07:18:33,867488068342780,24144,GTSPD,0x19FE7FBF,,802003,0x8303,0x0115,100,14144,0000,0000,01,00,22,12,12,-,01,01,49.7,49.7,181,181,516,516,-23.282385,-23.282385,-51.138698,-51.138698,0724,0006,C4A7,07A54F0B,6.9,608.9,608.9,0:13:12,84:26:35,-,-,0,-,,,,,,,,,00
2025-10-16 07:18:31,,,,867488068342780,24143,ACK
2025-10-16 07:18:28,2025-10-16 07:18:28,2025-10-16 07:18:28,2025-10-16 07:18:18,867488068342780,24142,GTSPD,0x19FE7FBF,,802003,0x8303,0x0115,100,14080,0000,0000,01,01,22,12,12,-,01,01,41.5,51.6,181,181,520,527,-23.281826,-23.280613,-51.138679,-51.138672,0724,0006,C4A7,07A54F0B,6.8,608.8,608.7,0:13:06,84:26:29,-,-,0,-,,,,,,,,,01
2025-10-16 07:18:28,,,,867488068342780,24141,HBD
2025-10-16 07:18:16,,,,867488068342780,24140,ACK
2025-10-16 07:18:07,2025-10-16 07:18:07,2025-10-16 07:18:07,2025-10-16 07:18:07,867488068342780,24139,GTSPD,0x19FE7FBF,,802003,0x8303,0x0115,100,14101,0000,0000,01,00,22,12,12,-,01,01,49.3,49.3,181,181,533,533,-23.279222,-23.279222,-51.138623,-51.138623,0724,0006,C4A7,07A54F0B,6.6,608.6,608.6,0:12:45,84:26:08,-,-,0,-,,,,,,,,,00
2025-10-16 07:18:06,,,,867488068342780,24138,ACK
2025-10-16 07:17:57,2025-10-16 07:17:57,2025-10-16 07:17:57,2025-10-16 07:17:51,867488068342780,24137,GTERI,0x19FE3FBF,0x00028102,802003,0x8303,0x0115,100,14169,0000,-,01,00,22,12,12,-,01,01,36.5,38.5,161,221,538,537,-23.278325,-23.277802,-51.139049,-51.138931,0724,0006,C4A7,07A54F0B,6.5,608.4,608.4,0:12:36,84:25:59,-,-,0,-,,,,,04,1,00000000,00,11,,
2025-10-16 07:17:46,,,,867488068342780,24136,ACK
2025-10-16 07:17:45,2025-10-16 07:17:45,2025-10-16 07:17:45,2025-10-16 07:17:11,867488068342780,24135,GTSPD,0x19FE7FBF,,802003,0x8303,0x0115,100,14118,0000,0000,01,01,22,12,12,-,01,01,39.1,56.7,188,183,534,495,-23.277349,-23.272871,-51.138627,-51.138481,0724,0006,C4A7,07A54F0B,6.3,608.3,607.8,0:12:24,84:25:47,-,-,0,-,,,,,,,,,01
2025-10-16 07:17:11,,,,867488068342780,24134,ACK
2025-10-16 07:17:01,,,,867488068342780,24133,ACK
2025-10-16 07:16:59,2025-10-16 07:16:59,2025-10-16 07:16:59,2025-10-16 07:16:59,867488068342780,24132,GTSPD,0x19FE7FBF,,802003,0x8303,0x0115,100,14191,0000,0000,01,00,22,12,12,-,01,01,45.9,45.9,183,183,494,494,-23.271323,-23.271323,-51.138385,-51.138385,0724,0006,C4A7,07A7390B,5.6,607.6,607.6,0:11:36,84:24:59,-,-,0,-,,,,,,,,,00
2025-10-16 07:16:57,2025-10-16 07:16:57,2025-10-16 07:16:57,2025-10-16 07:16:40,867488068342780,24131,GTSPD,0x19FE7FBF,,802003,0x8303,0x0115,100,14132,0000,0000,01,00,22,12,12,-,01,01,43.5,67.5,180,181,496,520,-23.271096,-23.268696,-51.138371,-51.138325,0724,0006,C4A7,07A7390B,5.6,607.6,607.4,0:11:36,84:24:59,-,-,0,-,,,,,,,,,01
2025-10-16 07:16:56,,,,867488068342780,24130,ACK
2025-10-16 07:16:36,,,,867488068342780,24129,ACK
2025-10-16 07:16:26,,,,867488068342780,24128,ACK
2025-10-16 07:16:23,2025-10-16 07:16:23,2025-10-16 07:16:23,2025-10-16 07:16:23,867488068342780,24127,GTSPD,0x19FE7FBF,,802003,0x8303,0x0115,100,14103,0000,0000,01,00,22,12,12,-,01,01,51.4,51.4,182,182,540,540,-23.266055,-23.266055,-51.13821,-51.13821,0724,0006,C4A7,07A54F0B,5.1,607.1,607.1,0:11:00,84:24:23,-,-,0,-,,,,,,,,,00
2025-10-16 07:16:23,,,,867488068342780,24126,HBD
2025-10-16 07:16:15,2025-10-16 07:16:15,2025-10-16 07:16:15,2025-10-16 07:16:15,867488068342780,24125,GTERI,0x19FE3FBF,0x00028102,802003,0x8303,0x0115,100,14180,0000,-,01,00,22,12,12,-,01,01,16.6,16.6,216,216,545,545,-23.265352,-23.265352,-51.138115,-51.138115,0724,0006,C4A7,07A7390B,5.0,607.0,607.0,0:10:54,84:24:17,-,-,0,-,,,,,04,1,00000000,00,11,,
2025-10-16 07:16:13,2025-10-16 07:16:13,2025-10-16 07:16:13,2025-10-16 07:16:13,867488068342780,24124,GTERI,0x19FE3FBF,0x00028102,802003,0x8303,0x0115,100,14180,0000,-,01,00,22,12,12,-,01,01,13.6,13.6,266,266,545,545,-23.265314,-23.265314,-51.138045,-51.138045,0724,0006,C4A7,07A7390B,5.0,607.0,607.0,0:10:51,84:24:14,-,-,0,-,,,,,04,1,00000000,00,11,,
2025-10-16 07:16:00,2025-10-16 07:16:00,2025-10-16 07:16:00,2025-10-16 07:16:00,867488068342780,24123,GTERI,0x19FE3FBF,0x00028102,802003,0x8303,0x0115,100,13993,0000,-,01,00,22,12,12,-,01,01,3.6,3.6,322,322,545,545,-23.265336,-23.265336,-51.137987,-51.137987,0724,0006,C4A7,07A7390B,5.0,607.0,607.0,0:10:39,84:24:02,-,-,0,-,,,,,04,1,00000000,00,11,,
2025-10-16 07:15:38,2025-10-16 07:15:38,2025-10-16 07:15:37,2025-10-16 07:15:18,867488068342780,24122,GTERI,0x19FE3FBF,0x00028102,802003,0x8303,0x0115,100,14078,0000,-,01,00,22,12,12,-,01,01,0.0,6.3,157,150,545,545,-23.265335,-23.265298,-51.137987,-51.138019,0724,0006,C4A7,07A7390B,5.0,607.0,607.0,0:10:15,84:23:38,-,-,0,-,,,,,04,1,00000000,00,10,,
2025-10-16 07:15:17,2025-10-16 07:15:17,2025-10-16 07:15:17,2025-10-16 07:15:14,867488068342780,24121,GTERI,0x19FE3FBF,0x00028102,802003,0x8303,0x0115,100,13956,0000,-,01,00,22,12,12,-,01,01,3.8,8.3,157,329,545,545,-23.265286,-23.265285,-51.138029,-51.138031,0724,0006,C4A7,07A7390B,5.0,607.0,607.0,0:09:54,84:23:17,-,-,0,-,,,,,04,1,00000000,00,11,,
2025-10-16 07:15:13,2025-10-16 07:15:13,2025-10-16 07:15:13,2025-10-16 07:15:12,867488068342780,24120,GTERI,0x19FE3FBF,0x00028102,802003,0x8303,0x0115,100,14088,0000,-,01,00,22,12,12,-,01,01,9.5,10.4,339,3,545,544,-23.265304,-23.265328,-51.138021,-51.138016,0724,0006,C4A7,07A7290C,5.0,607.0,607.0,0:09:51,84:23:14,-,-,0,-,,,,,04,1,00000000,00,11,,
2025-10-16 07:15:11,2025-10-16 07:15:11,2025-10-16 07:15:11,2025-10-16 07:14:46,867488068342780,24119,GTERI,0x19FE3FBF,0x00028102,802003,0x8303,0x0115,100,14088,0000,-,01,00,22,12,12,-,01,01,10.3,37.6,39,90,544,540,-23.26535,-23.265312,-51.138025,-51.138636,0724,0006,C4A7,07A7290C,5.0,607.0,606.9,0:09:48,84:23:11,-,-,0,-,,,,,04,1,00000000,00,11,,
2025-10-16 07:14:46,,,,867488068342780,24118,ACK
2025-10-16 07:14:45,2025-10-16 07:14:45,2025-10-16 07:14:45,2025-10-16 07:14:42,867488068342780,24117,GTSPD,0x19FE7FBF,,802003,0x8303,0x0115,100,14187,0000,0000,01,00,22,12,12,-,01,01,41.3,47.4,90,90,539,536,-23.265311,-23.265308,-51.138741,-51.1391,0724,0006,C4A7,07A57D34,4.9,606.9,606.9,0:09:24,84:22:47,-,-,0,-,,,,,,,,,01
2025-10-16 07:14:41,,,,867488068342780,24116,ACK
2025-10-16 07:14:38,2025-10-16 07:14:38,2025-10-16 07:14:38,2025-10-16 07:14:38,867488068342780,24115,GTSPD,0x19FE7FBF,,802003,0x8303,0x0115,100,14262,0000,0000,01,00,22,12,12,-,01,01,45.7,45.7,91,91,532,532,-23.265303,-23.265303,-51.139607,-51.139607,0724,0006,C4A7,07A57D34,4.8,606.8,606.8,0:09:15,84:22:38,-,-,0,-,,,,,,,,,00
2025-10-16 07:14:25,2025-10-16 07:14:25,2025-10-16 07:14:25,2025-10-16 07:14:25,867488068342780,24114,GTERI,0x19FE3FBF,0x00028102,802003,0x8303,0x0115,100,14120,0000,-,01,00,22,12,12,-,01,01,21.2,21.2,90,90,525,525,-23.265285,-23.265285,-51.140955,-51.140955,0724,0006,C4A7,07A57D34,4.7,606.7,606.7,0:09:03,84:22:26,-,-,0,-,,,,,04,28,00000000,00,11,,
2025-10-16 07:14:23,2025-10-16 07:14:23,2025-10-16 07:14:23,2025-10-16 07:13:52,867488068342780,24113,GTERI,0x19FE3FBF,0x00028102,802003,0x8303,0x0115,100,14120,0000,-,01,00,22,12,12,-,01,01,20.0,43.5,45,0,525,517,-23.265306,-23.267749,-51.141057,-51.141142,0724,0006,C4A7,07A57D34,4.7,606.7,606.4,0:09:00,84:22:23,-,-,0,-,,,,,04,28,00000000,00,11,,
2025-10-16 07:14:23,,,,867488068342780,24112,HBD
2025-10-16 07:13:42,,,,24111,GTHBE
2025-10-16 07:13:42,2025-10-16 07:13:42,2025-10-16 07:13:42,2025-10-16 07:13:42,867488068342780,24110,GTERI,0x19FE3FBF,0x00028102,802003,0x8303,0x0115,100,14244,0000,-,01,00,22,12,12,-,01,01,18.4,18.4,351,351,518,518,-23.26859,-23.26859,-51.141043,-51.141043,0724,0006,C4A7,07A7390B,4.3,606.3,606.3,0:08:21,84:21:44,-,-,0,-,,,,,04,1,00000000,00,11,,
2025-10-16 07:13:39,2025-10-16 07:13:39,2025-10-16 07:13:39,2025-10-16 07:13:36,867488068342780,24109,GTERI,0x19FE3FBF,0x00028102,802003,0x8303,0x0115,100,14104,0000,-,01,00,22,12,12,-,01,01,8.5,10.0,45,85,518,519,-23.268696,-23.268718,-51.141064,-51.141111,0724,0006,C4A7,07A7390B,4.3,606.3,606.3,0:08:18,84:21:41,-,-,0,-,,,,,04,1,00000000,00,11,,
2025-10-16 07:13:36,,,,24108,GTHBE
2025-10-16 07:12:38,2025-10-16 07:12:38,2025-10-16 07:12:37,2025-10-16 07:12:38,867488068342780,24107,GTERI,0x19FE3FBF,0x00028102,802003,0x8303,0x0115,100,14272,0000,-,01,00,22,12,12,-,01,01,35.4,35.5,91,91,521,522,-23.26866,-23.268663,-51.146379,-51.146283,0724,0006,C4A7,07A72902,3.8,605.8,605.8,0:07:15,84:20:38,-,-,0,-,,,,,04,7,00000000,00,10,,
2025-10-16 07:12:30,2025-10-16 07:12:30,2025-10-16 07:12:30,2025-10-16 07:12:30,867488068342780,24106,GTERI,0x19FE3FBF,0x00028102,802003,0x8303,0x0115,100,14272,0000,-,01,00,22,12,12,-,01,01,39.6,39.6,80,80,514,514,-23.268677,-23.268677,-51.147046,-51.147046,0724,0006,C4A7,07A72902,3.7,605.7,605.7,0:07:09,84:20:32,-,-,0,-,,,,,04,7,00000000,00,11,,
2025-10-16 07:12:30,,,,867488068342780,24105,ACK
2025-10-16 07:12:29,2025-10-16 07:12:29,2025-10-16 07:12:29,2025-10-16 07:12:25,867488068342780,24104,GTSPD,0x19FE7FBF,,802003,0x8303,0x0115,100,14334,0000,0000,01,00,22,12,12,-,01,01,42.3,47.4,76,54,512,507,-23.268695,-23.268884,-51.147154,-51.147601,0724,0006,C4A7,07A72902,3.7,605.7,605.6,0:07:06,84:20:29,-,-,0,-,,,,,,,,,01
2025-10-16 07:12:24,,,,867488068342780,24103,ACK
2025-10-16 07:12:24,2025-10-16 07:12:24,2025-10-16 07:12:24,2025-10-16 07:12:24,867488068342780,24102,GTSPD,0x19FE7FBF,,802003,0x8303,0x0115,100,14334,0000,0000,01,00,22,12,12,-,01,01,47.0,47.0,49,49,507,507,-23.268955,-23.268955,-51.147704,-51.147704,0724,0006,C4A7,07A5CCDD,3.6,605.6,605.6,0:07:03,84:20:26,-,-,0,-,,,,,,,,,00
2025-10-16 07:12:24,,,,867488068342780,24101,HBD
2025-10-16 07:12:10,2025-10-16 07:12:10,2025-10-16 07:12:10,2025-10-16 07:12:10,867488068342780,24100,GTERI,0x19FE3FBF,0x00028102,802003,0x8303,0x0115,100,14191,0000,-,01,00,22,12,12,-,01,01,32.7,32.7,35,35,509,509,-23.270133,-23.270133,-51.148265,-51.148265,0724,0006,C4A7,07A5CCDD,3.5,605.5,605.5,0:06:48,84:20:11,-,-,0,-,,,,,04,7,00000000,00,11,,
2025-10-16 07:12:10,,,,24099,GTHBE
2025-10-16 07:11:58,2025-10-16 07:11:58,2025-10-16 07:11:58,2025-10-16 07:11:56,867488068342780,24098,GTERI,0x19FE3FBF,0x00028102,802003,0x8303,0x0115,100,14175,0000,-,01,00,22,12,12,-,01,01,36.3,39.1,83,110,500,501,-23.270808,-23.27079,-51.149124,-51.149327,0724,0006,C4A7,07A72902,3.4,605.4,605.3,0:06:36,84:19:59,-,-,0,-,,,,,04,7,00000000,00,11,,
2025-10-16 07:11:54,2025-10-16 07:11:54,2025-10-16 07:11:54,2025-10-16 07:11:54,867488068342780,24097,GTERI,0x19FE3FBF,0x00028102,802003,0x8303,0x0115,100,14251,0000,-,01,00,22,12,12,-,01,01,39.9,39.9,135,135,502,502,-23.270687,-23.270687,-51.14951,-51.14951,0724,0006,C4A7,07A71002,3.3,605.3,605.3,0:06:33,84:19:56,-,-,0,-,,,,,04,7,00000000,00,11,,
2025-10-16 07:11:44,2025-10-16 07:11:44,2025-10-16 07:11:44,2025-10-16 07:11:16,867488068342780,24096,GTERI,0x19FE3FBF,0x00028102,802003,0x8303,0x0115,100,14232,0000,-,01,00,22,12,12,-,01,01,24.5,39.9,184,103,513,517,-23.269838,-23.269371,-51.149482,-51.150174,0724,0006,C4A7,07A5CCDD,3.2,605.2,605.1,0:06:21,84:19:44,-,-,0,-,,,,,04,7,00000000,00,11,,
2025-10-16 07:11:09,,,,867488068342780,24095,ACK
2025-10-16 07:11:08,2025-10-16 07:11:08,2025-10-16 07:11:08,2025-10-16 07:10:46,867488068342780,24094,GTSPD,0x19FE7FBF,,802003,0x8303,0x0115,100,14209,0000,0000,01,01,22,12,12,-,01,01,36.8,56.4,107,149,520,547,-23.269196,-23.267329,-51.150872,-51.153129,0724,0006,C4A7,07A5CCDD,3.1,605.0,604.7,0:05:45,84:19:08,-,-,0,-,,,,,,,,,01
2025-10-16 07:10:24,,,,867488068342780,24093,ACK
2025-10-16 07:10:24,,,,867488068342780,24092,HBD
2025-10-16 07:10:14,,,,867488068342780,24091,ACK
2025-10-16 07:10:10,2025-10-16 07:10:10,2025-10-16 07:10:10,2025-10-16 07:10:10,867488068342780,24090,GTSPD,0x19FE7FBF,,802003,0x8303,0x0115,100,14278,0000,0000,01,00,22,12,12,-,01,01,50.3,50.3,134,134,574,574,-23.263234,-23.263234,-51.156051,-51.156051,0724,0006,C4A7,07A72901,2.2,604.2,604.2,0:04:48,84:18:11,-,-,0,-,,,,,,,,,00
2025-10-16 07:10:07,2025-10-16 07:10:07,2025-10-16 07:10:07,2025-10-16 07:09:57,867488068342780,24089,GTERI,0x19FE3FBF,0x00028102,802003,0x8303,0x0115,100,14367,0000,-,01,00,22,12,12,-,01,01,40.7,41.4,134,89,576,581,-23.262987,-23.262758,-51.156319,-51.157221,0724,0006,C4A7,07A72901,2.2,604.1,604.0,0:04:45,84:18:08,-,-,0,-,,,,,04,7,00000000,00,11,,
2025-10-16 07:09:59,,,,867488068342780,24088,ACK
2025-10-16 07:09:56,2025-10-16 07:09:56,2025-10-16 07:09:56,2025-10-16 07:09:51,867488068342780,24087,GTSPD,0x19FE7FBF,,802003,0x8303,0x0115,100,14258,0000,0000,01,00,22,12,12,-,01,01,42.0,47.1,89,90,582,581,-23.262759,-23.262762,-51.157334,-51.157946,0724,0006,C4A7,07A5BC01,2.0,604.0,604.0,0:04:33,84:17:56,-,-,0,-,,,,,,,,,01
2025-10-16 07:09:49,,,,867488068342780,24086,ACK
2025-10-16 07:09:47,2025-10-16 07:09:47,2025-10-16 07:09:47,2025-10-16 07:09:47,867488068342780,24085,GTSPD,0x19FE7FBF,,802003,0x8303,0x0115,100,14353,0000,0000,01,00,22,12,12,-,01,01,45.9,45.9,90,90,578,578,-23.26276,-23.26276,-51.158451,-51.158451,0724,0006,C4A7,07A5BC01,1.9,603.9,603.9,0:04:24,84:17:47,-,-,0,-,,,,,,,,,00
2025-10-16 07:09:44,,,,867488068342780,24084,ACK
2025-10-16 07:09:43,2025-10-16 07:09:43,2025-10-16 07:09:43,2025-10-16 07:09:40,867488068342780,24083,GTSPD,0x19FE7FBF,,802003,0x8303,0x0115,100,14285,0000,0000,01,00,22,12,12,-,01,01,43.9,45.7,90,90,576,573,-23.262759,-23.262758,-51.158939,-51.159301,0724,0006,C4A7,07A5BC01,1.9,603.9,603.8,0:04:21,84:17:44,-,-,0,-,,,,,,,,,01
2025-10-16 07:09:38,2025-10-16 07:09:38,2025-10-16 07:09:37,2025-10-16 07:09:37,867488068342780,24082,GTERI,0x19FE3FBF,0x00028102,802003,0x8303,0x0115,100,14361,0000,-,01,00,22,12,12,-,01,01,46.0,46.0,89,89,571,571,-23.262758,-23.262758,-51.159672,-51.159672,0724,0006,C4A7,07A5BC01,1.8,603.8,603.8,0:04:15,84:17:38,-,-,0,-,,,,,04,7,00000000,00,10,,
2025-10-16 07:09:34,2025-10-16 07:09:34,2025-10-16 07:09:34,2025-10-16 07:09:34,867488068342780,24081,GTSPD,0x19FE7FBF,,802003,0x8303,0x0115,100,14311,0000,0000,01,00,22,12,12,-,01,01,45.3,45.3,89,89,569,569,-23.262762,-23.262762,-51.160045,-51.160045,0724,0006,C4A7,07A5BC01,1.8,603.7,603.7,0:04:12,84:17:35,-,-,0,-,,,,,,,,,00
2025-10-16 07:09:34,,,,867488068342780,24080,ACK
2025-10-16 07:09:29,2025-10-16 07:09:29,2025-10-16 07:09:29,2025-10-16 07:09:28,867488068342780,24079,GTERI,0x19FE3FBF,0x00028102,802003,0x8303,0x0115,100,14330,0000,-,01,00,22,12,12,-,01,01,42.1,42.4,93,89,565,564,-23.262749,-23.262744,-51.160642,-51.160757,0724,0006,C4A7,07A5BC01,1.7,603.7,603.7,0:04:06,84:17:29,-,-,0,-,,,,,04,7,00000000,00,11,,
2025-10-16 07:09:26,,,,867488068342780,24078,ACK
2025-10-16 07:09:25,,,,867488068342780,24077,ACK
2025-10-16 07:09:25,,,,867488068342780,24076,ACK
2025-10-16 07:09:25,,,,867488068342780,24075,HBD
2025-10-16 07:09:10,2025-10-16 07:09:10,2025-10-16 07:09:10,2025-10-16 07:08:45,867488068342780,24074,GTSPD,0x19FE7FBF,,802003,0x8303,0x0115,100,14244,0000,0000,01,00,22,12,12,-,01,01,40.5,50.4,90,89,557,574,-23.262754,-23.262773,-51.162315,-51.16555,0724,0006,C4A7,07A5BC01,1.5,603.5,603.2,0:03:48,84:17:11,-,-,0,-,,,,,,,,,01
2025-10-16 07:09:09,,,,867488068342780,24073,ACK
2025-10-16 07:08:49,,,,867488068342780,24072,ACK
2025-10-16 07:08:39,,,,867488068342780,24071,ACK
2025-10-16 07:08:38,2025-10-16 07:08:38,2025-10-16 07:08:38,2025-10-16 07:08:38,867488068342780,24070,GTSPD,0x19FE7FBF,,802003,0x8303,0x0115,100,14335,0000,0000,01,00,22,12,12,-,01,01,46.3,46.3,89,89,577,577,-23.262771,-23.262771,-51.166476,-51.166476,0724,0006,C4A7,07A5BCD5,1.1,603.1,603.1,0:03:15,84:16:38,-,-,0,-,,,,,,,,,00
2025-10-16 07:07:59,,,,867488068342780,24069,ACK
2025-10-16 07:07:55,2025-10-16 07:07:55,2025-10-16 07:07:55,2025-10-16 07:07:52,867488068342780,24068,GTSPD,0x19FE7FBF,,802003,0x8303,0x0115,100,14314,0000,0000,01,00,22,12,12,-,01,01,44.2,45.8,89,90,588,590,-23.262772,-23.262774,-51.170664,-51.171028,0724,0006,C4A7,07A5BCDF,0.7,602.7,602.6,0:02:33,84:15:56,-,-,0,-,,,,,,,,,01
2025-10-16 07:07:54,,,,867488068342780,24067,ACK
2025-10-16 07:07:51,2025-10-16 07:07:51,2025-10-16 07:07:51,2025-10-16 07:07:50,867488068342780,24066,GTSPD,0x19FE7FBF,,802003,0x8303,0x0115,100,14314,0000,0000,01,00,22,12,12,-,01,01,46.2,46.5,90,90,590,591,-23.262773,-23.262773,-51.171152,-51.171277,0724,0006,C4A7,07A5BCDF,0.6,602.6,602.6,0:02:30,84:15:53,-,-,0,-,,,,,,,,,00
2025-10-16 07:07:40,2025-10-16 07:07:40,2025-10-16 07:07:40,2025-10-16 07:06:57,867488068342780,24065,GTERI,0x19FE3FBF,0x00028102,802003,0x8303,0x0115,100,14224,0000,-,01,00,22,12,12,-,01,01,19.3,44.7,48,0,594,590,-23.262814,-23.263647,-51.172199,-51.172271,0724,0006,C4A7,07A5BCDF,0.5,602.5,602.4,0:02:18,84:15:41,-,-,0,-,,,,,04,7,00000000,00,11,,
2025-10-16 07:07:40,,,,867488068342780,24064,HBD
2025-10-16 07:06:38,2025-10-16 07:06:38,2025-10-16 07:06:37,2025-10-16 07:06:37,867488068342780,24063,GTERI,0x19FE3FBF,0x00028102,802003,0x8303,0x0115,100,14305,0000,-,01,00,22,12,12,-,01,01,42.5,42.5,0,0,590,590,-23.265227,-23.265227,-51.172298,-51.172298,0724,0006,C4A7,07A5BCD5,0.3,602.3,602.3,0:01:15,84:14:38,-,-,0,-,,,,,04,7,00000000,00,10,,
2025-10-16 07:06:38,,,,867488068342780,24062,ACK
2025-10-16 07:06:36,2025-10-16 07:06:36,2025-10-16 07:06:36,2025-10-16 07:06:32,867488068342780,24061,GTSPD,0x19FE7FBF,,802003,0x8303,0x0115,100,14305,0000,0000,01,00,22,12,12,-,01,01,42.7,45.7,0,1,590,589,-23.265334,-23.265783,-51.1723,-51.17231,0724,0006,C4A7,07A5BCD5,0.2,602.2,602.2,0:01:15,84:14:38,-,-,0,-,,,,,,,,,01
2025-10-16 07:06:33,,,,867488068342780,24060,ACK
2025-10-16 07:06:30,2025-10-16 07:06:30,2025-10-16 07:06:30,2025-10-16 07:06:30,867488068342780,24059,GTSPD,0x19FE7FBF,,802003,0x8303,0x0115,100,14305,0000,0000,01,00,22,12,12,-,01,01,46.4,46.4,359,359,589,589,-23.266014,-23.266014,-51.172314,-51.172314,0724,0006,C4A7,07A5BCD5,0.2,602.2,602.2,0:01:09,84:14:32,-,-,0,-,,,,,,,,,00
2025-10-16 07:05:43,2025-10-16 07:05:43,2025-10-16 07:05:43,2025-10-16 07:05:43,867488068342780,24058,GTERI,0x19FE3FBF,0x00028102,802003,0x8303,0x0115,100,14383,0000,-,01,00,22,12,12,-,01,01,7.6,7.6,358,358,579,579,-23.26775,-23.26775,-51.172344,-51.172344,0724,0006,C4A7,07B2DC16,0.0,602.0,602.0,0:00:21,84:13:44,-,-,0,-,,,,,04,3,00000000,00,11,,
2025-10-16 07:05:22,2025-10-16 07:05:21,2025-10-16 07:05:21,2025-10-16 07:05:21,867488068342780,24057,GTSTT,0x19FE7FBF,,802003,0x8303,0x0115,100,12778,0000,0000,01,00,22,12,12,-,00,00,0.0,0.0,207,207,578,578,-23.267761,-23.267761,-51.172351,-51.172351,0724,0006,C4A7,07B2DC16,0.0,602.0,602.0,0:00:00,84:13:23,-,-,0,-
2025-10-16 07:05:22,2025-10-16 07:05:21,2025-10-16 07:05:21,2025-10-16 07:05:21,867488068342780,24056,GTIGL,0x19FE7FBF,,802003,0x8303,0x0115,100,12778,0000,0000,01,00,21,12,12,-,01,01,0.0,0.0,207,207,578,578,-23.267761,-23.267761,-51.172351,-51.172351,0724,0006,C4A7,07B2DC16,0.0,602.0,602.0,0:00:00,84:13:23,-,-,0,-,,,,,,,,,00
2025-10-16 07:05:21,2025-10-16 07:05:20,2025-10-16 07:05:20,2025-10-16 07:05:20,867488068342780,24055,GTSTT,0x19FE7FBF,,802003,0x8303,0x0115,100,12778,0000,0000,01,00,21,12,12,-,01,01,0.0,0.0,207,207,578,578,-23.267761,-23.267761,-51.172351,-51.172351,0724,0006,C4A7,07B2DC16,0.0,602.0,602.0,0:00:00,84:13:23,-,-,0,-
2025-10-16 07:05:21,2025-10-16 07:05:20,2025-10-16 07:05:20,2025-10-16 07:03:09,867488068342780,24054,GTIGN,0x19FE7FBF,,802003,0x8303,0x0115,100,12778,0000,0000,01,00,21,12,8,123,01,01,0.0,4.4,207,195,578,580,-23.267761,-23.267749,-51.172351,-51.172356,0724,0006,C4A7,07B2DC16,0.0,602.0,602.0,0:00:00,84:13:23,-,-,0,-
2025-10-16 07:05:20,,,,867488068342780,24053,HBD
2025-10-16 07:04:46,,,,867488068342780,24052,HBD
2025-10-16 07:03:42,2025-10-16 07:03:42,2025-10-16 07:03:41,2025-10-16 07:03:41,867488068342780,24051,GTSTT,0x19FE7FBF,,802003,0x8303,0x0115,100,13140,0000,0000,00,00,11,9,9,-,01,01,0.0,0.0,207,207,578,578,-23.267761,-23.267761,-51.172351,-51.172351,0724,0006,C4A7,07B2DC16,0.6,602.0,602.0,0:02:45,84:13:23,-,-,0,-
2025-10-16 07:03:38,2025-10-16 07:03:38,2025-10-16 07:03:37,2025-10-16 07:03:37,867488068342780,24050,GTERI,0x19FE3FBF,0x00028102,802003,0x8303,0x0115,100,13222,0000,-,00,00,12,9,9,-,01,01,0.0,0.0,207,207,578,578,-23.267761,-23.267761,-51.172351,-51.172351,0724,0006,C4A7,07B2DC16,0.6,602.0,602.0,0:02:45,84:13:23,-,-,0,-,,,,,04,3,00000000,00,10,,
2025-10-16 07:03:19,2025-10-16 07:03:18,2025-10-16 07:03:18,2025-10-16 07:03:18,867488068342780,24049,GTIGL,0x19FE7FBF,,802003,0x8303,0x0115,100,13435,0000,0000,00,00,12,8,8,-,01,01,0.0,0.0,207,207,578,578,-23.267761,-23.267761,-51.172351,-51.172351,0724,0006,C4A7,07B2DC16,0.6,602.0,602.0,0:02:45,84:13:23,-,-,0,-,,,,,,,,,01
2025-10-16 07:03:19,,,,867488068342780,24048,ACK
2025-10-16 07:03:18,,,,867488068342780,24047,ACK
2025-10-16 07:03:18,2025-10-16 07:03:17,2025-10-16 07:03:17,2025-10-16 07:03:17,867488068342780,24046,GTSTT,0x19FE7FBF,,802003,0x8303,0x0115,100,14063,0000,0000,00,00,12,8,8,-,01,01,0.0,0.0,207,207,578,578,-23.267761,-23.267761,-51.172351,-51.172351,0724,0006,C4A7,07B2DC16,0.6,602.0,602.0,0:02:45,84:13:23,-,-,0,-
2025-10-16 07:03:18,2025-10-16 07:03:17,2025-10-16 07:03:17,2025-10-16 07:03:17,867488068342780,24045,GTIGF,0x19FE7FBF,,802003,0x8303,0x0115,100,14063,0000,0000,00,00,12,8,8,166,01,01,0.0,0.0,207,207,578,578,-23.267761,-23.267761,-51.172351,-51.172351,0724,0006,C4A7,07B2DC16,0.6,602.0,602.0,0:02:45,84:13:23,-,-,0,-
2025-10-16 07:03:08,2025-10-16 07:03:08,2025-10-16 07:03:08,2025-10-16 07:03:00,867488068342780,24044,GTERI,0x19FE3FBF,0x00028102,802003,0x8303,0x0115,100,14271,0000,-,01,00,22,8,7,-,01,01,3.8,18.7,207,2,580,578,-23.267738,-23.267843,-51.172355,-51.172382,0724,0006,C4A7,07A6FD34,0.6,602.0,602.0,0:02:36,84:13:14,-,-,0,-,,,,,04,28,00000000,00,11,,
2025-10-16 07:02:56,2025-10-16 07:02:56,2025-10-16 07:02:56,2025-10-16 07:02:42,867488068342780,24043,GTERI,0x19FE3FBF,0x00028102,802003,0x8303,0x0115,100,14306,0000,-,01,00,22,7,4,-,01,02,11.1,41.6,328,268,577,576,-23.267995,-23.268081,-51.1724,-51.171448,0724,0006,C4A7,07A6FD34,0.6,602.0,601.9,0:02:24,84:13:02,-,-,0,-,,,,,04,28,00000000,00,11,,
2025-10-16 07:02:39,2025-10-16 07:02:38,2025-10-16 07:02:38,2025-10-16 07:02:38,867488068342780,24042,GTIGL,0x19FE7FBF,,802003,0x8303,0x0115,100,14411,0000,0000,01,00,22,4,4,-,02,02,40.8,40.8,271,271,574,574,-23.268079,-23.268079,-51.171012,-51.171012,0724,0006,C4A7,07A5CC35,0.4,601.8,601.8,0:02:06,84:12:44,-,-,0,-,,,,,,,,,00
2025-10-16 07:02:38,2025-10-16 07:02:38,2025-10-16 07:02:38,2025-10-16 07:02:38,867488068342780,24041,GTERI,0x19FE3FBF,0x00028102,802003,0x8303,0x0115,100,14411,0000,-,01,00,22,4,4,-,02,02,40.8,40.8,271,271,574,574,-23.268079,-23.268079,-51.171012,-51.171012,0724,0006,C4A7,07A5CC35,0.4,601.8,601.8,0:02:06,84:12:44,-,-,0,-,,,,,04,28,00000000,00,10,,
2025-10-16 07:02:38,,,,867488068342780,24040,HBD
2025-10-16 07:00:32,2025-10-16 07:00:31,2025-10-16 06:23:50,2025-10-16 06:23:50,867488068342780,24039,GTSTT,0x19FE7FBF,,802003,0x8303,0x0115,100,12609,0000,0000,01,00,22,4,4,-,00,00,0.0,0.0,95,95,555,555,-23.270415,-23.270415,-51.167772,-51.167772,0724,0006,C4A7,07A72717,0.0,601.4,601.4,0:00:00,84:10:38,-,-,0,-
2025-10-16 07:00:32,2025-10-16 07:00:31,2025-10-16 06:23:50,2025-10-16 06:23:50,867488068342780,24038,GTIGN,0x19FE7FBF,,802003,0x8303,0x0115,100,12609,0000,0000,01,00,22,4,4,41974,00,01,0.0,0.0,95,95,555,555,-23.270415,-23.270415,-51.167772,-51.167772,0724,0006,C4A7,07A72717,0.0,601.4,601.4,0:00:00,84:10:38,-,-,0,-
2025-10-16 07:00:32,,,,867488068342780,24037,HBD
2025-10-16 06:25:52,2025-10-16 06:25:52,2025-10-16 06:23:50,2025-10-16 06:23:50,867488068342780,24036,GTERI,0x19FE3FBF,0x00028102,802003,0x8303,0x0115,100,12845,0000,-,00,00,11,4,4,-,01,01,0.0,0.0,95,95,555,555,-23.270415,-23.270415,-51.167772,-51.167772,0724,0006,C4A7,07A5CC17,2.7,601.4,601.4,0:07:36,84:10:38,-,-,0,-,,,,,04,3,00000000,00,10,,
2025-10-16 05:25:52,2025-10-16 05:25:52,2025-10-16 05:23:49,2025-10-16 05:23:49,867488068342780,24035,GTERI,0x19FE3FBF,0x00028102,802003,0x8303,0x0115,100,12917,0000,-,00,00,11,5,5,-,01,01,0.0,0.0,95,95,555,555,-23.270415,-23.270415,-51.167772,-51.167772,0724,0006,C4A7,07A5CC0D,2.7,601.4,601.4,0:07:36,84:10:38,-,-,0,-,,,,,04,1,00000000,00,10,,
2025-10-16 05:24:49,2025-10-16 05:24:46,2025-10-16 05:23:49,2025-10-16 05:23:49,867488068342780,24034,GTPDP,0x19FE7FBF,,802003,0x8303,0x0115,100,12838,0000,0000,00,00,11,5,5,-,00,00,0.0,0.0,95,95,555,555,-23.270415,-23.270415,-51.167772,-51.167772,0000,0000,0000,00000000,2.7,601.4,601.4,0:07:36,84:10:38,-,-,0,-
2025-10-16 05:12:57,2025-10-16 05:12:44,2025-10-16 04:23:43,2025-10-16 04:23:43,867488068342780,24033,GTPDP,0x19FE7FBF,,802003,0x8303,0x0115,100,12863,0000,0000,00,00,11,5,5,-,00,00,0.0,0.0,95,95,555,555,-23.270415,-23.270415,-51.167772,-51.167772,0000,0000,0000,00000000,2.7,601.4,601.4,0:07:36,84:10:38,-,-,0,-
2025-10-16 04:25:52,2025-10-16 04:25:52,2025-10-16 04:23:43,2025-10-16 04:23:43,867488068342780,24032,GTERI,0x19FE3FBF,0x00028102,802003,0x8303,0x0115,100,12764,0000,-,00,00,11,5,5,-,01,01,0.0,0.0,95,95,555,555,-23.270415,-23.270415,-51.167772,-51.167772,0724,0006,C4A7,07A5CC0D,2.7,601.4,601.4,0:07:36,84:10:38,-,-,0,-,,,,,04,1,00000000,00,10,,
2025-10-16 03:25:52,2025-10-16 03:25:52,2025-10-16 03:24:06,2025-10-16 03:24:06,867488068342780,24031,GTERI,0x19FE3FBF,0x00028102,802003,0x8303,0x0115,100,12892,0000,-,00,00,11,7,7,-,01,01,0.0,0.0,95,95,555,555,-23.270415,-23.270415,-51.167772,-51.167772,0724,0006,C4A7,07A5CC0D,2.7,601.4,601.4,0:07:36,84:10:38,-,-,0,-,,,,,04,1,00000000,00,10,,
2025-10-16 02:25:52,2025-10-16 02:25:52,2025-10-16 02:23:42,2025-10-16 02:23:42,867488068342780,24030,GTERI,0x19FE3FBF,0x00028102,802003,0x8303,0x0115,100,12904,0000,-,00,00,11,5,5,-,01,01,0.0,0.0,95,95,555,555,-23.270415,-23.270415,-51.167772,-51.167772,0724,0006,C4A7,07A5CC0D,2.7,601.4,601.4,0:07:36,84:10:38,-,-,0,-,,,,,04,1,00000000,00,10,,
2025-10-16 01:25:52,2025-10-16 01:25:52,2025-10-16 01:23:50,2025-10-16 01:23:50,867488068342780,24029,GTERI,0x19FE3FBF,0x00028102,802003,0x8303,0x0115,100,12978,0000,-,00,00,11,5,5,-,01,01,0.0,0.0,95,95,555,555,-23.270415,-23.270415,-51.167772,-51.167772,0724,0006,C4A7,07A5CC0D,2.7,601.4,601.4,0:07:36,84:10:38,-,-,0,-,,,,,04,1,00000000,00,10,,
2025-10-16 00:25:52,2025-10-16 00:25:52,2025-10-16 00:23:47,2025-10-16 00:23:47,867488068342780,24028,GTERI,0x19FE3FBF,0x00028102,802003,0x8303,0x0115,100,12878,0000,-,00,00,11,6,6,-,01,01,0.0,0.0,95,95,555,555,-23.270415,-23.270415,-51.167772,-51.167772,0724,0006,C4A7,07A5CC17,2.7,601.4,601.4,0:07:36,84:10:38,-,-,0,-,,,,,04,3,00000000,00,10,,
2025-10-15 23:25:52,2025-10-15 23:25:52,2025-10-15 23:24:05,2025-10-15 23:24:05,867488068342780,24027,GTERI,0x19FE3FBF,0x00028102,802003,0x8303,0x0115,100,12934,0000,-,00,00,11,6,6,-,01,01,0.0,0.0,95,95,555,555,-23.270415,-23.270415,-51.167772,-51.167772,0724,0006,C4A7,07A5CC0D,2.7,601.4,601.4,0:07:36,84:10:38,-,-,0,-,,,,,04,1,00000000,00,10,,
2025-10-15 22:26:52,2025-10-15 22:25:52,2025-10-15 22:23:36,2025-10-15 22:23:36,867488068342780,24026,GTERI,0x19FE3FBF,0x00028102,802003,0x8303,0x0115,100,12977,0000,-,00,00,11,4,4,-,01,01,0.0,0.0,95,95,555,555,-23.270415,-23.270415,-51.167772,-51.167772,0724,0006,C4A7,07A5CC0D,2.7,601.4,601.4,0:07:36,84:10:38,-,-,0,-,,,,,04,1,00000000,00,10,,
2025-10-15 22:25:52,2025-10-15 22:25:52,2025-10-15 22:23:36,2025-10-15 22:23:36,867488068342780,24026,GTERI,0x19FE3FBF,0x00028102,802003,0x8303,0x0115,100,12977,0000,-,00,00,11,4,4,-,01,01,0.0,0.0,95,95,555,555,-23.270415,-23.270415,-51.167772,-51.167772,0724,0006,C4A7,07A5CC0D,2.7,601.4,601.4,0:07:36,84:10:38,-,-,0,-,,,,,04,1,00000000,00,10,,
2025-10-15 21:25:52,2025-10-15 21:25:52,2025-10-15 21:23:30,2025-10-15 21:23:30,867488068342780,24025,GTERI,0x19FE3FBF,0x00028102,802003,0x8303,0x0115,100,12936,0000,-,00,00,11,10,10,-,01,01,0.0,0.0,95,95,555,555,-23.270415,-23.270415,-51.167772,-51.167772,0724,0006,C4A7,07A5CC0D,2.7,601.4,601.4,0:07:36,84:10:38,-,-,0,-,,,,,04,1,00000000,00,10,,
2025-10-15 20:25:52,2025-10-15 20:25:52,2025-10-15 20:23:27,2025-10-15 20:23:27,867488068342780,24024,GTERI,0x19FE3FBF,0x00028102,802003,0x8303,0x0115,100,13003,0000,-,00,00,11,12,12,-,01,01,0.0,0.0,95,95,555,555,-23.270415,-23.270415,-51.167772,-51.167772,0724,0006,C4A7,07A5CC0D,2.7,601.4,601.4,0:07:36,84:10:38,-,-,0,-,,,,,04,1,00000000,00,10,,
2025-10-15 19:25:57,2025-10-15 19:25:57,2025-10-15 19:25:57,2025-10-15 19:25:57,867488068342780,24023,GTERI,0x19FE3FBF,0x00028102,802003,0x8303,0x0115,100,13005,0000,-,00,00,11,12,12,-,01,01,0.0,0.0,95,95,555,555,-23.270415,-23.270415,-51.167772,-51.167772,0724,0006,C4A7,07A5CC17,2.7,601.4,601.4,0:07:36,84:10:38,-,-,0,-,,,,,04,3,00000000,00,10,,
2025-10-15 19:25:30,2025-10-15 19:25:30,2025-10-15 19:25:28,2025-10-15 19:25:28,867488068342780,24022,GTERI,0x19FE3FBF,0x00028102,802003,0x8303,0x0115,100,13005,0000,-,00,00,11,12,12,-,01,01,0.0,0.0,95,95,555,555,-23.270415,-23.270415,-51.167772,-51.167772,0724,0006,C4A7,07A5CC17,2.7,601.4,601.4,0:07:36,84:10:38,-,-,0,-,,,,,04,3,00000000,00,10,,
2025-10-15 19:25:30,,,,867488068342780,24021,HBD
2025-10-15 19:24:06,,,,867488068342780,24020,HBD
2025-10-15 19:22:30,2025-10-15 19:22:30,2025-10-15 19:22:28,2025-10-15 19:22:28,867488068342780,24019,GTERI,0x19FE3FBF,0x00028102,802003,0x8303,0x0115,100,13031,0000,-,00,00,11,12,12,-,01,01,0.0,0.0,95,95,555,555,-23.270415,-23.270415,-51.167772,-51.167772,0724,0006,C4A7,07A5CC17,2.7,601.4,601.4,0:07:36,84:10:38,-,-,0,-,,,,,04,3,00000000,00,10,,
2025-10-15 19:21:40,2025-10-15 19:21:40,2025-10-15 19:21:39,2025-10-15 19:21:39,867488068342780,24018,GTSTT,0x19FE7FBF,,802003,0x8303,0x0115,100,13122,0000,0000,00,00,11,12,12,-,01,01,0.0,0.0,95,95,555,555,-23.270415,-23.270415,-51.167772,-51.167772,0724,0006,C4A7,07A5CC17,2.7,601.4,601.4,0:07:36,84:10:38,-,-,0,-
2025-10-15 19:21:40,,,,867488068342780,24017,HBD
2025-10-15 19:20:58,,,,867488068342780,24016,ACK
2025-10-15 19:20:58,,,,867488068342780,24015,ACK
2025-10-15 19:20:57,2025-10-15 19:20:57,2025-10-15 19:20:57,2025-10-15 19:20:57,867488068342780,24014,GTIGL,0x19FE7FBF,,802003,0x8303,0x0115,100,13361,0000,0000,00,00,12,12,12,-,01,01,0.0,0.0,95,95,555,555,-23.270415,-23.270415,-51.167772,-51.167772,0724,0006,C4A7,07A5CC17,2.7,601.4,601.4,0:07:36,84:10:38,-,-,0,-,,,,,,,,,01
2025-10-15 19:20:57,2025-10-15 19:20:57,2025-10-15 19:20:56,2025-10-15 19:20:56,867488068342780,24013,GTSTT,0x19FE7FBF,,802003,0x8303,0x0115,100,13361,0000,0000,00,00,12,12,12,-,01,01,0.0,0.0,95,95,555,555,-23.270415,-23.270415,-51.167772,-51.167772,0724,0006,C4A7,07A5CC17,2.7,601.4,601.4,0:07:36,84:10:38,-,-,0,-
2025-10-15 19:20:57,2025-10-15 19:20:57,2025-10-15 19:20:56,2025-10-15 19:20:56,867488068342780,24012,GTIGF,0x19FE7FBF,,802003,0x8303,0x0115,100,13361,0000,0000,00,00,12,12,12,456,01,01,0.0,0.0,95,95,555,555,-23.270415,-23.270415,-51.167772,-51.167772,0724,0006,C4A7,07A5CC17,2.7,601.4,601.4,0:07:36,84:10:38,-,-,0,-
2025-10-15 19:20:12,2025-10-15 19:20:12,2025-10-15 19:20:12,2025-10-15 19:20:07,867488068342780,24011,GTERI,0x19FE3FBF,0x00028102,802003,0x8303,0x0115,100,13397,0000,-,01,00,22,12,12,-,01,01,3.4,5.9,95,159,555,556,-23.270415,-23.270392,-51.167772,-51.167809,0724,0006,C4A7,07A5CC17,2.7,601.4,601.4,0:06:51,84:09:53,-,-,0,-,,,,,04,3,00000000,00,11,,
2025-10-15 19:20:06,2025-10-15 19:20:06,2025-10-15 19:20:06,2025-10-15 19:20:02,867488068342780,24010,GTERI,0x19FE3FBF,0x00028102,802003,0x8303,0x0115,100,13565,0000,-,01,00,22,12,12,-,01,01,5.0,7.5,170,329,555,555,-23.270379,-23.270383,-51.167815,-51.167812,0724,0006,C4A7,07A5CC17,2.7,601.4,601.4,0:06:45,84:09:47,-,-,0,-,,,,,04,3,00000000,00,11,,
2025-10-15 19:20:01,2025-10-15 19:20:01,2025-10-15 19:20:01,2025-10-15 19:19:53,867488068342780,24009,GTERI,0x19FE3FBF,0x00028102,802003,0x8303,0x0115,100,13511,0000,-,01,00,22,12,12,-,01,01,6.9,11.5,342,29,554,554,-23.270398,-23.270542,-51.167803,-51.167816,0724,0006,C4A7,07A5CC17,2.7,601.4,601.4,0:06:39,84:09:41,-,-,0,-,,,,,04,3,00000000,00,11,,
2025-10-15 19:19:52,2025-10-15 19:19:52,2025-10-15 19:19:52,2025-10-15 19:19:41,867488068342780,24008,GTERI,0x19FE3FBF,0x00028102,802003,0x8303,0x0115,100,13516,0000,-,01,00,22,12,12,-,01,01,12.7,31.2,39,92,554,562,-23.270569,-23.270632,-51.167831,-51.16851,0724,0006,C4A7,07A72917,2.7,601.4,601.3,0:06:30,84:09:32,-,-,0,-,,,,,04,3,00000000,00,11,,
2025-10-15 19:19:30,2025-10-15 19:19:30,2025-10-15 19:19:28,2025-10-15 19:19:29,867488068342780,24007,GTERI,0x19FE3FBF,0x00028102,802003,0x8303,0x0115,100,13689,0000,-,01,00,22,12,12,-,01,01,24.1,26.3,88,88,575,575,-23.270636,-23.270635,-51.169537,-51.169466,0724,0006,C4A7,07A5CC17,2.5,601.2,601.2,0:06:09,84:09:11,-,-,0,-,,,,,04,3,00000000,00,10,,
2025-10-15 19:19:30,,,,867488068342780,24006,HBD
2025-10-15 19:19:19,,,,24005,GTHBE
2025-10-15 19:18:49,2025-10-15 19:18:49,2025-10-15 19:18:49,2025-10-15 19:18:47,867488068342780,24004,GTERI,0x19FE3FBF,0x00028102,802003,0x8303,0x0115,100,13741,0000,-,01,00,22,12,12,-,01,01,22.1,26.6,71,16,579,578,-23.270647,-23.270719,-51.172303,-51.172392,0724,0006,C4A7,07A71001,2.2,600.9,600.9,0:05:27,84:08:29,-,-,0,-,,,,,04,7,00000000,00,11,,
2025-10-15 19:18:47,,,,24003,GTHBE
2025-10-15 19:18:17,,,,867488068342780,24002,ACK
2025-10-15 19:18:14,2025-10-15 19:18:14,2025-10-15 19:18:14,2025-10-15 19:18:07,867488068342780,24001,GTSPD,0x19FE7FBF,,802003,0x8303,0x0115,100,13706,0000,0000,01,00,22,12,12,-,01,01,43.9,53.8,1,356,531,517,-23.274081,-23.274941,-51.172482,-51.172497,0724,0006,C4A7,07A5BE01,1.8,600.5,600.5,0:04:51,84:07:53,-,-,0,-,,,,,,,,,01
2025-10-15 19:18:07,,,,867488068342780,24000,ACK
2025-10-15 19:18:04,2025-10-15 19:18:04,2025-10-15 19:18:04,2025-10-15 19:18:04,867488068342780,23999,GTSPD,0x19FE7FBF,,802003,0x8303,0x0115,100,13686,0000,0000,01,00,22,12,12,-,01,01,47.7,47.7,355,355,515,515,-23.275327,-23.275327,-51.172467,-51.172467,0724,0006,C4A7,07A6FD02,1.7,600.4,600.4,0:04:42,84:07:44,-,-,0,-,,,,,,,,,00
2025-10-15 19:17:38,2025-10-15 19:17:38,2025-10-15 19:17:38,2025-10-15 19:17:37,867488068342780,23998,GTSPD,0x19FE7FBF,,802003,0x8303,0x0115,100,13798,0000,0000,01,00,22,12,12,-,01,01,44.0,44.6,1,1,534,535,-23.277857,-23.277968,-51.172524,-51.172526,0724,0006,C4A7,07A5BE01,1.4,600.1,600.1,0:04:15,84:07:17,-,-,0,-,,,,,,,,,01
2025-10-15 19:17:36,2025-10-15 19:17:36,2025-10-15 19:17:36,2025-10-15 19:17:36,867488068342780,23997,GTSPD,0x19FE7FBF,,802003,0x8303,0x0115,100,13716,0000,0000,01,00,22,12,12,-,01,01,45.5,45.5,0,0,536,536,-23.278081,-23.278081,-51.172528,-51.172528,0724,0006,C4A7,07A5BE01,1.4,600.1,600.1,0:04:15,84:07:17,-,-,0,-,,,,,,,,,00
2025-10-15 19:17:28,,,,867488068342780,23996,ACK
2025-10-15 19:17:28,,,,867488068342780,23995,ACK
2025-10-15 19:17:27,,,,867488068342780,23994,ACK
2025-10-15 19:17:27,,,,867488068342780,23993,HBD
2025-10-15 19:17:02,,,,867488068342780,23992,ACK
2025-10-15 19:16:59,2025-10-15 19:16:59,2025-10-15 19:16:59,2025-10-15 19:16:57,867488068342780,23991,GTSPD,0x19FE7FBF,,802003,0x8303,0x0115,100,13700,0000,0000,01,00,22,12,12,-,01,01,44.9,45.2,1,1,558,559,-23.280777,-23.281003,-51.172606,-51.172612,0724,0006,C4A7,07A5BE01,1.1,599.8,599.8,0:03:36,84:06:38,-,-,0,-,,,,,,,,,01
2025-10-15 19:16:56,,,,867488068342780,23990,ACK
2025-10-15 19:16:56,2025-10-15 19:16:56,2025-10-15 19:16:56,2025-10-15 19:16:56,867488068342780,23989,GTSPD,0x19FE7FBF,,802003,0x8303,0x0115,100,13789,0000,0000,01,00,22,12,12,-,01,01,45.3,45.3,1,1,560,560,-23.281117,-23.281117,-51.172615,-51.172615,0724,0006,C4A7,07A5BE01,1.0,599.8,599.8,0:03:33,84:06:35,-,-,0,-,,,,,,,,,00
2025-10-15 19:16:30,2025-10-15 19:16:30,2025-10-15 19:16:28,2025-10-15 19:15:43,867488068342780,23988,GTERI,0x19FE3FBF,0x00028102,802003,0x8303,0x0115,100,13901,0000,-,01,00,22,12,12,-,01,01,0.0,27.1,3,5,566,566,-23.28337,-23.28363,-51.172772,-51.17279,0724,0006,C4A7,07A5BE01,0.8,599.5,599.5,0:03:09,84:06:11,-,-,0,-,,,,,04,7,00000000,00,10,,
2025-10-15 19:15:42,2025-10-15 19:15:42,2025-10-15 19:15:42,2025-10-15 19:15:34,867488068342780,23987,GTERI,0x19FE3FBF,0x00028102,802003,0x8303,0x0115,100,13826,0000,-,01,00,22,12,12,-,01,01,28.6,34.8,5,2,566,564,-23.283699,-23.284355,-51.172796,-51.172826,0724,0006,C4A7,07A5BE02,0.7,599.5,599.4,0:02:21,84:05:23,-,-,0,-,,,,,04,7,00000000,00,11,,
2025-10-15 19:15:25,2025-10-15 19:15:25,2025-10-15 19:15:25,2025-10-15 19:15:24,867488068342780,23986,GTERI,0x19FE3FBF,0x00028102,802003,0x8303,0x0115,100,13769,0000,-,01,00,22,12,12,-,01,01,16.5,17.0,320,304,561,561,-23.284973,-23.285001,-51.1728,-51.172768,0724,0006,C4A7,07A5BE02,0.6,599.3,599.3,0:02:03,84:05:05,-,-,0,-,,,,,04,7,00000000,00,11,,
2025-10-15 19:15:25,,,,867488068342780,23985,HBD
2025-10-15 19:15:07,,,,23984,GTHBE
2025-10-15 19:15:01,2025-10-15 19:15:01,2025-10-15 19:15:01,2025-10-15 19:14:57,867488068342780,23983,GTERI,0x19FE3FBF,0x00028102,802003,0x8303,0x0115,100,13928,0000,-,01,00,22,12,12,-,01,01,30.8,39.0,261,259,559,558,-23.284999,-23.284939,-51.172307,-51.171941,0724,0006,C4A7,07A5BE02,0.6,599.3,599.3,0:01:39,84:04:41,-,-,0,-,,,,,04,7,00000000,00,11,,
2025-10-15 19:14:56,,,,867488068342780,23982,ACK
2025-10-15 19:14:56,2025-10-15 19:14:56,2025-10-15 19:14:56,2025-10-15 19:14:46,867488068342780,23981,GTSPD,0x19FE7FBF,,802003,0x8303,0x0115,100,13876,0000,0000,01,00,22,12,12,-,01,01,41.4,49.6,260,260,558,557,-23.284921,-23.28472,-51.171835,-51.170587,0724,0006,C4A7,07A5BE02,0.5,599.3,599.1,0:01:33,84:04:35,-,-,0,-,,,,,,,,,01
2025-10-15 19:14:46,,,,867488068342780,23980,ACK
2025-10-15 19:14:42,2025-10-15 19:14:42,2025-10-15 19:14:42,2025-10-15 19:14:42,867488068342780,23979,GTSPD,0x19FE7FBF,,802003,0x8303,0x0115,100,13882,0000,0000,01,00,22,12,12,-,01,01,46.7,46.7,260,260,557,557,-23.28464,-23.28464,-51.170068,-51.170068,0724,0006,C4A7,07A5F501,0.3,599.1,599.1,0:01:21,84:04:23,-,-,0,-,,,,,,,,,00
2025-10-15 19:14:20,2025-10-15 19:14:20,2025-10-15 19:14:20,2025-10-15 19:14:02,867488068342780,23978,GTERI,0x19FE3FBF,0x00028102,802003,0x8303,0x0115,100,13900,0000,-,01,00,22,12,12,-,01,01,10.7,15.5,216,169,562,566,-23.284267,-23.28391,-51.168004,-51.168064,0724,0006,C4A7,07A5F501,0.1,598.9,598.8,0:00:57,84:03:59,-,-,0,-,,,,,04,7,00000000,00,11,,
2025-10-15 19:13:57,2025-10-15 19:13:55,2025-10-15 19:13:55,2025-10-15 19:13:50,867488068342780,23977,GTERI,0x19FE3FBF,0x00028102,802003,0x8303,0x0115,100,13766,0000,-,01,00,22,12,12,-,01,01,11.2,17.9,140,88,569,569,-23.283723,-23.283656,-51.168117,-51.168292,0724,0006,C4A7,07A54202,0.1,598.8,598.8,0:00:33,84:03:35,-,-,0,-,,,,,04,7,00000000,00,11,,
2025-10-15 19:13:43,2025-10-15 19:13:43,2025-10-15 19:13:43,2025-10-15 19:13:43,867488068342780,23976,GTERI,0x19FE3FBF,0x00028102,802003,0x8303,0x0115,100,13739,0000,-,01,00,22,12,12,-,01,01,6.1,6.1,95,95,569,569,-23.283686,-23.283686,-51.16857,-51.16857,0724,0006,C4A7,07A54202,0.0,598.7,598.7,0:00:21,84:03:23,-,-,0,-,,,,,04,7,00000000,00,11,,
2025-10-15 19:13:30,2025-10-15 19:13:30,2025-10-15 19:13:30,2025-10-15 19:13:30,867488068342780,23975,GTIGL,0x19FE7FBF,,802003,0x8303,0x0115,100,13770,0000,0000,01,00,22,12,12,-,01,01,2.3,2.3,347,347,571,571,-23.283655,-23.283655,-51.168551,-51.168551,0724,0006,C4A7,07A5F501,0.0,598.7,598.7,0:00:09,84:03:11,-,-,0,-,,,,,,,,,00
2025-10-15 19:13:30,2025-10-15 19:13:30,2025-10-15 19:13:30,2025-10-15 19:13:30,867488068342780,23974,GTERI,0x19FE3FBF,0x00028102,802003,0x8303,0x0115,100,13770,0000,-,01,00,22,12,12,-,01,01,2.3,2.3,347,347,571,571,-23.283655,-23.283655,-51.168551,-51.168551,0724,0006,C4A7,07A5F501,0.0,598.7,598.7,0:00:09,84:03:11,-,-,0,-,,,,,04,7,00000000,00,10,,
2025-10-15 19:13:21,2025-10-15 19:13:21,2025-10-15 18:27:18,2025-10-15 18:27:18,867488068342780,23973,GTSTT,0x19FE7FBF,,802003,0x8303,0x0115,100,12306,0000,0000,01,00,22,12,12,-,00,00,0.0,0.0,177,177,572,572,-23.283729,-23.283729,-51.168559,-51.168559,0724,0006,C4A7,07A5F501,0.0,598.7,598.7,0:00:00,84:03:02,-,-,0,-
2025-10-15 19:13:21,2025-10-15 19:13:21,2025-10-15 18:27:18,2025-10-15 18:22:10,867488068342780,23972,GTIGN,0x19FE7FBF,,802003,0x8303,0x0115,100,12306,0000,0000,01,00,22,12,12,3063,00,01,0.0,3.4,177,164,572,571,-23.283729,-23.283728,-51.168559,-51.16856,0724,0006,C4A7,07A5F501,0.0,598.7,598.7,0:00:00,84:03:02,-,-,0,-
2025-10-15 19:13:21,,,,867488068342780,23971,HBD
2025-10-15 18:27:19,2025-10-15 18:27:18,2025-10-15 18:27:18,2025-10-15 18:27:18,867488068342780,23970,GTERI,0x19FE3FBF,0x00028102,802003,0x8303,0x0115,100,13098,0000,-,00,00,11,12,12,-,01,01,0.0,0.0,177,177,572,572,-23.283729,-23.283729,-51.168559,-51.168559,0724,0006,C4A7,07A5F501,2.8,598.7,598.7,0:07:06,84:03:02,-,-,0,-,,,,,04,7,00000000,00,10,,
2025-10-15 18:26:26,2025-10-15 18:26:26,2025-10-15 18:26:24,2025-10-15 18:26:24,867488068342780,23969,GTERI,0x19FE3FBF,0x00028102,802003,0x8303,0x0115,100,13098,0000,-,00,00,11,12,12,-,01,01,0.0,0.0,177,177,572,572,-23.283729,-23.283729,-51.168559,-51.168559,0724,0006,C4A7,07A5F501,2.8,598.7,598.7,0:07:06,84:03:02,-,-,0,-,,,,,04,7,00000000,00,10,,
2025-10-15 18:23:26,2025-10-15 18:23:26,2025-10-15 18:23:24,2025-10-15 18:23:24,867488068342780,23968,GTERI,0x19FE3FBF,0x00028102,802003,0x8303,0x0115,100,13133,0000,-,00,00,11,12,12,-,01,01,0.0,0.0,177,177,572,572,-23.283729,-23.283729,-51.168559,-51.168559,0724,0006,C4A7,07A5F501,2.8,598.7,598.7,0:07:06,84:03:02,-,-,0,-,,,,,04,7,00000000,00,10,,
2025-10-15 18:23:05,2025-10-15 18:23:05,2025-10-15 18:23:05,2025-10-15 18:23:05,867488068342780,23967,GTSTT,0x19FE7FBF,,802003,0x8303,0x0115,100,13133,0000,0000,00,00,11,12,12,-,01,01,0.0,0.0,177,177,572,572,-23.283729,-23.283729,-51.168559,-51.168559,0724,0006,C4A7,07A5F501,2.8,598.7,598.7,0:07:06,84:03:02,-,-,0,-
2025-10-15 18:22:22,,,,867488068342780,23966,ACK
2025-10-15 18:22:22,,,,867488068342780,23965,ACK
2025-10-15 18:22:18,2025-10-15 18:22:19,2025-10-15 18:22:18,2025-10-15 18:22:18,867488068342780,23964,GTIGL,0x19FE7FBF,,802003,0x8303,0x0115,100,13370,0000,0000,00,00,12,12,12,-,01,01,0.0,0.0,177,177,572,572,-23.283729,-23.283729,-51.168559,-51.168559,0724,0006,C4A7,07A5F501,2.8,598.7,598.7,0:07:06,84:03:02,-,-,0,-,,,,,,,,,01
2025-10-15 18:22:18,2025-10-15 18:22:18,2025-10-15 18:22:17,2025-10-15 18:22:17,867488068342780,23963,GTSTT,0x19FE7FBF,,802003,0x8303,0x0115,100,13370,0000,0000,00,00,12,12,12,-,01,01,0.0,0.0,177,177,572,572,-23.283729,-23.283729,-51.168559,-51.168559,0724,0006,C4A7,07A5F501,2.8,598.7,598.7,0:07:06,84:03:02,-,-,0,-
2025-10-15 18:22:18,2025-10-15 18:22:18,2025-10-15 18:22:17,2025-10-15 18:22:17,867488068342780,23962,GTIGF,0x19FE7FBF,,802003,0x8303,0x0115,100,13370,0000,0000,00,00,12,12,12,427,01,01,0.0,0.0,177,177,572,572,-23.283729,-23.283729,-51.168559,-51.168559,0724,0006,C4A7,07A5F501,2.8,598.7,598.7,0:07:06,84:03:02,-,-,0,-
2025-10-15 18:22:09,2025-10-15 18:22:10,2025-10-15 18:22:09,2025-10-15 18:22:09,867488068342780,23961,GTERI,0x19FE3FBF,0x00028102,802003,0x8303,0x0115,100,13664,0000,-,01,00,22,12,12,-,01,01,10.1,10.1,177,177,572,572,-23.283716,-23.283716,-51.168565,-51.168565,0724,0006,C4A7,07A5F501,2.8,598.7,598.7,0:06:57,84:02:53,-,-,0,-,,,,,04,7,00000000,00,11,,
2025-10-15 18:22:09,,,,23960,GTHBE
2025-10-15 18:22:04,2025-10-15 18:22:05,2025-10-15 18:22:04,2025-10-15 18:22:04,867488068342780,23959,GTERI,0x19FE3FBF,0x00028102,802003,0x8303,0x0115,100,13822,0000,-,01,00,22,12,12,-,01,01,19.9,19.9,262,262,572,572,-23.283643,-23.283643,-51.168373,-51.168373,0724,0006,C4A7,07A5F501,2.8,598.7,598.7,0:06:51,84:02:47,-,-,0,-,,,,,04,7,00000000,00,11,,
2025-10-15 18:22:00,2025-10-15 18:22:01,2025-10-15 18:22:00,2025-10-15 18:21:54,867488068342780,23958,GTERI,0x19FE3FBF,0x00028102,802003,0x8303,0x0115,100,13821,0000,-,01,00,22,12,12,-,01,01,19.2,27.8,308,346,572,569,-23.283662,-23.284009,-51.168173,-51.168035,0724,0006,C4A7,07A5F501,2.8,598.7,598.7,0:06:48,84:02:44,-,-,0,-,,,,,04,7,00000000,00,11,,
2025-10-15 18:21:47,2025-10-15 18:21:47,2025-10-15 18:21:47,2025-10-15 18:21:39,867488068342780,23957,GTERI,0x19FE3FBF,0x00028102,802003,0x8303,0x0115,100,13637,0000,-,01,00,22,12,12,-,01,01,7.4,13.5,356,53,566,566,-23.28436,-23.284385,-51.167948,-51.167963,0724,0006,C4A7,07A71002,2.7,598.6,598.6,0:06:36,84:02:32,-,-,0,-,,,,,04,7,00000000,00,11,,
2025-10-15 18:21:39,,,,23956,GTHBE
2025-10-15 18:21:38,2025-10-15 18:21:38,2025-10-15 18:21:38,2025-10-15 18:21:32,867488068342780,23955,GTSPD,0x19FE7FBF,,802003,0x8303,0x0115,100,13802,0000,0000,01,00,22,12,12,-,01,01,27.1,48.6,75,80,566,565,-23.284405,-23.284519,-51.168005,-51.168703,0724,0006,C4A7,07A71002,2.7,598.6,598.6,0:06:27,84:02:23,-,-,0,-,,,,,,,,,01
2025-10-15 18:21:37,,,,867488068342780,23954,ACK
2025-10-15 18:21:32,,,,867488068342780,23953,ACK
2025-10-15 18:21:32,,,,867488068342780,23952,HBD
2025-10-15 18:21:30,2025-10-15 18:21:30,2025-10-15 18:21:30,2025-10-15 18:21:30,867488068342780,23951,GTSPD,0x19FE7FBF,,802003,0x8303,0x0115,100,13798,0000,0000,01,00,22,12,12,-,01,01,47.3,47.3,80,80,564,564,-23.284559,-23.284559,-51.168961,-51.168961,0724,0006,C4A7,07A54202,2.6,598.5,598.5,0:06:18,84:02:14,-,-,0,-,,,,,,,,,00
2025-10-15 18:21:20,2025-10-15 18:21:20,2025-10-15 18:21:20,2025-10-15 18:21:14,867488068342780,23950,GTERI,0x19FE3FBF,0x00028102,802003,0x8303,0x0115,100,13808,0000,-,01,00,22,12,12,-,01,01,22.4,30.1,70,358,562,560,-23.284748,-23.284988,-51.169976,-51.170109,0724,0006,C4A7,07A54202,2.5,598.4,598.4,0:06:09,84:02:05,-,-,0,-,,,,,04,7,00000000,00,11,,
2025-10-15 18:21:08,2025-10-15 18:21:08,2025-10-15 18:21:08,2025-10-15 18:21:08,867488068342780,23949,GTERI,0x19FE3FBF,0x00028102,802003,0x8303,0x0115,100,13743,0000,-,01,00,22,12,12,-,01,01,16.6,16.6,16,16,557,557,-23.285365,-23.285365,-51.170122,-51.170122,0724,0006,C4A7,07A5420C,2.4,598.3,598.3,0:05:57,84:01:53,-,-,0,-,,,,,04,1,00000000,00,11,,
2025-10-15 18:21:06,,,,23948,GTHBE
2025-10-15 18:21:04,2025-10-15 18:21:04,2025-10-15 18:21:04,2025-10-15 18:20:48,867488068342780,23947,GTERI,0x19FE3FBF,0x00028102,802003,0x8303,0x0115,100,13536,0000,-,01,00,22,12,12,-,01,01,6.5,43.4,69,80,557,561,-23.285457,-23.28566,-51.170192,-51.171493,0724,0006,C4A7,07A5420C,2.4,598.3,598.2,0:05:51,84:01:47,-,-,0,-,,,,,04,1,00000000,00,11,,
2025-10-15 18:20:33,,,,23946,GTHBE
2025-10-15 18:20:32,2025-10-15 18:20:32,2025-10-15 18:20:32,2025-10-15 18:20:32,867488068342780,23945,GTERI,0x19FE3FBF,0x00028102,802003,0x8303,0x0115,100,13725,0000,-,01,00,22,12,12,-,01,01,12.2,12.2,120,120,564,564,-23.285814,-23.285814,-51.172921,-51.172921,0724,0006,C4A7,07A5BE0C,2.1,598.1,598.1,0:05:21,84:01:17,-,-,0,-,,,,,04,1,00000000,00,11,,
2025-10-15 18:20:26,2025-10-15 18:20:26,2025-10-15 18:20:24,2025-10-15 18:18:51,867488068342780,23944,GTERI,0x19FE3FBF,0x00028102,802003,0x8303,0x0115,100,13603,0000,-,01,00,22,12,12,-,01,01,0.0,42.9,181,182,566,577,-23.285768,-23.283716,-51.172967,-51.172923,0724,0006,C4A7,07A5BE0C,2.1,598.1,597.8,0:05:12,84:01:08,-,-,0,-,,,,,04,1,00000000,00,10,,
2025-10-15 18:19:56,,,,867488068342780,23943,HBD
2025-10-15 18:19:13,,,,867488068342780,23942,ACK
2025-10-15 18:19:13,,,,867488068342780,23941,ACK
2025-10-15 18:19:12,,,,867488068342780,23940,ACK
2025-10-15 18:19:12,,,,867488068342780,23939,HBD
2025-10-15 18:17:57,,,,867488068342780,23938,ACK
2025-10-15 18:17:57,2025-10-15 18:17:57,2025-10-15 18:17:57,2025-10-15 18:17:50,867488068342780,23937,GTSPD,0x19FE7FBF,,802003,0x8303,0x0115,100,13795,0000,0000,01,01,22,12,12,-,01,01,42.9,52.5,178,181,564,556,-23.280383,-23.279535,-51.172707,-51.172692,0724,0006,C4A7,07A5BC17,1.6,597.5,597.4,0:02:45,83:58:41,-,-,0,-,,,,,,,,,01
2025-10-15 18:17:52,,,,867488068342780,23936,ACK
2025-10-15 18:17:42,,,,867488068342780,23935,ACK
2025-10-15 18:17:38,2025-10-15 18:17:38,2025-10-15 18:17:38,2025-10-15 18:17:38,867488068342780,23934,GTSPD,0x19FE7FBF,,802003,0x8303,0x0115,100,13805,0000,0000,01,00,22,12,12,-,01,01,45.9,45.9,181,181,541,541,-23.278038,-23.278038,-51.172644,-51.172644,0724,0006,C4A7,07A6FD0C,1.3,597.2,597.2,0:02:27,83:58:23,-,-,0,-,,,,,,,,,00
2025-10-15 18:17:26,2025-10-15 18:17:26,2025-10-15 18:17:24,2025-10-15 18:17:25,867488068342780,23933,GTERI,0x19FE3FBF,0x00028102,802003,0x8303,0x0115,100,13751,0000,-,01,00,22,12,12,-,01,01,44.2,46.6,181,181,522,524,-23.276487,-23.276601,-51.172605,-51.172607,0724,0006,C4A7,07A6FD0C,1.2,597.1,597.1,0:02:12,83:58:08,-,-,0,-,,,,,04,1,00000000,00,10,,
2025-10-15 18:17:17,2025-10-15 18:17:17,2025-10-15 18:17:17,2025-10-15 18:17:07,867488068342780,23932,GTSPD,0x19FE7FBF,,802003,0x8303,0x0115,100,13751,0000,0000,01,00,22,12,12,-,01,01,33.1,66.6,181,149,519,524,-23.275908,-23.274578,-51.172589,-51.172932,0724,0006,C4A7,07A6FD0C,1.1,597.0,596.8,0:02:03,83:57:59,-,-,0,-,,,,,,,,,01
2025-10-15 18:17:17,,,,867488068342780,23931,ACK
2025-10-15 18:17:12,,,,867488068342780,23930,ACK
2025-10-15 18:17:12,,,,867488068342780,23929,HBD
2025-10-15 18:17:01,,,,867488068342780,23928,ACK
2025-10-15 18:17:01,2025-10-15 18:17:01,2025-10-15 18:17:01,2025-10-15 18:17:01,867488068342780,23927,GTSPD,0x19FE7FBF,,802003,0x8303,0x0115,100,13803,0000,0000,01,00,22,12,12,-,01,01,48.6,48.6,144,144,533,533,-23.27379,-23.27379,-51.173432,-51.173432,0724,0006,C4A7,07A5BE0B,0.8,596.7,596.7,0:01:48,83:57:44,-,-,0,-,,,,,,,,,00
2025-10-15 18:16:56,2025-10-15 18:16:56,2025-10-15 18:16:56,2025-10-15 18:16:56,867488068342780,23926,GTERI,0x19FE3FBF,0x00028102,802003,0x8303,0x0115,100,13707,0000,-,01,00,22,12,12,-,01,01,39.3,39.3,138,138,537,537,-23.273479,-23.273479,-51.173912,-51.173912,0724,0006,C4A7,07A6FD0C,0.7,596.7,596.7,0:01:42,83:57:38,-,-,0,-,,,,,04,1,00000000,00,11,,
2025-10-15 18:16:55,,,,23925,GTHBE
2025-10-15 18:16:53,2025-10-15 18:16:53,2025-10-15 18:16:53,2025-10-15 18:16:53,867488068342780,23924,GTERI,0x19FE3FBF,0x00028102,802003,0x8303,0x0115,100,13630,0000,-,01,00,22,12,12,-,01,01,35.1,35.1,194,194,540,540,-23.273217,-23.273217,-51.173998,-51.173998,0724,0006,C4A7,07A5BE0B,0.7,596.6,596.6,0:01:39,83:57:35,-,-,0,-,,,,,04,1,00000000,00,11,,
2025-10-15 18:16:24,2025-10-15 18:16:24,2025-10-15 18:16:24,2025-10-15 18:16:24,867488068342780,23923,GTERI,0x19FE3FBF,0x00028102,802003,0x8303,0x0115,100,13654,0000,-,01,00,22,12,12,-,01,01,25.8,25.8,251,251,554,554,-23.272829,-23.272829,-51.172609,-51.172609,0724,0006,C4A7,07A6FD0C,0.6,596.5,596.5,0:01:12,83:57:08,-,-,0,-,,,,,04,1,00000000,00,11,,
2025-10-15 18:16:23,,,,23922,GTHBE
2025-10-15 18:15:16,2025-10-15 18:15:16,2025-10-15 18:15:15,2025-10-15 18:15:15,867488068342780,23921,GTSTT,0x19FE7FBF,,802003,0x8303,0x0115,100,12358,0000,0000,01,00,22,12,12,-,01,01,0.0,0.0,201,201,594,594,-23.267775,-23.267775,-51.172381,-51.172381,0724,0006,C4A7,07B2DC0C,0.0,595.9,595.9,0:00:03,83:55:59,-,-,0,-
2025-10-15 18:15:12,2025-10-15 18:15:12,2025-10-15 18:15:12,2025-10-15 18:15:12,867488068342780,23920,GTIGL,0x19FE7FBF,,802003,0x8303,0x0115,100,12666,0000,0000,01,00,21,12,12,-,01,01,0.0,0.0,201,201,594,594,-23.267775,-23.267775,-51.172381,-51.172381,0724,0006,C4A7,07B2DC0C,0.0,595.9,595.9,0:00:00,83:55:56,-,-,0,-,,,,,,,,,00
2025-10-15 18:15:12,2025-10-15 18:15:11,2025-10-15 18:15:10,2025-10-15 18:15:10,867488068342780,23919,GTSTT,0x19FE7FBF,,802003,0x8303,0x0115,100,12666,0000,0000,01,00,21,12,12,-,01,01,0.0,0.0,201,201,594,594,-23.267775,-23.267775,-51.172381,-51.172381,0724,0006,C4A7,07B2DC0C,0.0,595.9,595.9,0:00:00,83:55:56,-,-,0,-
2025-10-15 18:15:11,2025-10-15 18:15:11,2025-10-15 18:15:10,2025-10-15 18:12:14,867488068342780,23918,GTIGN,0x19FE7FBF,,802003,0x8303,0x0115,100,12666,0000,0000,01,00,21,12,12,159,01,01,0.0,17.9,201,178,594,592,-23.267775,-23.26754,-51.172381,-51.17238,0724,0006,C4A7,07B2DC0C,0.0,595.9,595.9,0:00:00,83:55:56,-,-,0,-
2025-10-15 18:15:11,,,,867488068342780,23917,HBD
2025-10-15 18:14:26,2025-10-15 18:14:26,2025-10-15 18:14:24,2025-10-15 18:14:24,867488068342780,23916,GTERI,0x19FE3FBF,0x00028102,802003,0x8303,0x0115,100,12851,0000,-,00,00,11,12,12,-,01,01,0.0,0.0,201,201,594,594,-23.267775,-23.267775,-51.172381,-51.172381,0724,0006,C4A7,07B2DC0C,5.7,595.9,595.9,0:10:09,83:55:56,-,-,0,-,,,,,04,1,00000000,00,10,,
2025-10-15 18:14:26,,,,867488068342780,23915,HBD
2025-10-15 18:12:58,2025-10-15 18:12:59,2025-10-15 18:12:58,2025-10-15 18:12:58,867488068342780,23914,GTSTT,0x19FE7FBF,,802003,0x8303,0x0115,100,13095,0000,0000,00,00,11,12,12,-,01,01,0.0,0.0,201,201,594,594,-23.267775,-23.267775,-51.172381,-51.172381,0724,0006,C4A7,07B2DC0C,5.7,595.9,595.9,0:10:09,83:55:56,-,-,0,-
2025-10-15 18:12:37,,,,867488068342780,23913,ACK
2025-10-15 18:12:36,,,,867488068342780,23912,ACK
2025-10-15 18:12:33,2025-10-15 18:12:33,2025-10-15 18:12:33,2025-10-15 18:12:33,867488068342780,23911,GTIGL,0x19FE7FBF,,802003,0x8303,0x0115,100,13329,0000,0000,00,00,12,12,12,-,01,01,0.0,0.0,201,201,594,594,-23.267775,-23.267775,-51.172381,-51.172381,0724,0006,C4A7,07B2DC0C,5.7,595.9,595.9,0:10:09,83:55:56,-,-,0,-,,,,,,,,,01
2025-10-15 18:12:32,2025-10-15 18:12:32,2025-10-15 18:12:31,2025-10-15 18:12:31,867488068342780,23910,GTSTT,0x19FE7FBF,,802003,0x8303,0x0115,100,13329,0000,0000,00,00,12,12,12,-,01,01,0.0,0.0,201,201,594,594,-23.267775,-23.267775,-51.172381,-51.172381,0724,0006,C4A7,07B2DC0C,5.7,595.9,595.9,0:10:09,83:55:56,-,-,0,-
2025-10-15 18:12:32,2025-10-15 18:12:32,2025-10-15 18:12:31,2025-10-15 18:12:31,867488068342780,23909,GTIGF,0x19FE7FBF,,802003,0x8303,0x0115,100,13329,0000,0000,00,00,12,12,12,611,01,01,0.0,0.0,201,201,594,594,-23.267775,-23.267775,-51.172381,-51.172381,0724,0006,C4A7,07B2DC0C,5.7,595.9,595.9,0:10:09,83:55:56,-,-,0,-
2025-10-15 18:12:32,,,,867488068342780,23908,HBD
2025-10-15 18:12:12,2025-10-15 18:12:12,2025-10-15 18:12:12,2025-10-15 18:11:43,867488068342780,23907,GTERI,0x19FE3FBF,0x00028102,802003,0x8303,0x0115,100,13635,0000,-,01,00,22,12,12,-,01,01,13.0,45.1,201,273,592,591,-23.267458,-23.267396,-51.172379,-51.170157,0724,0006,C4A7,07A5BC17,5.7,595.9,595.7,0:09:51,83:55:38,-,-,0,-,,,,,04,3,00000000,00,11,,
2025-10-15 18:11:37,,,,867488068342780,23906,ACK
2025-10-15 18:11:37,2025-10-15 18:11:37,2025-10-15 18:11:37,2025-10-15 18:11:32,867488068342780,23905,GTSPD,0x19FE7FBF,,802003,0x8303,0x0115,100,13806,0000,0000,01,00,22,12,12,-,01,01,42.1,48.3,270,270,589,586,-23.267403,-23.267401,-51.169455,-51.168838,0724,0006,C4A7,07A5BC17,5.4,595.6,595.5,0:09:15,83:55:02,-,-,0,-,,,,,,,,,01
2025-10-15 18:11:32,,,,867488068342780,23904,ACK
2025-10-15 18:11:30,2025-10-15 18:11:30,2025-10-15 18:11:29,2025-10-15 18:11:29,867488068342780,23903,GTSPD,0x19FE7FBF,,802003,0x8303,0x0115,100,13803,0000,0000,01,00,22,12,12,-,01,01,47.6,47.6,269,269,585,585,-23.267398,-23.267398,-51.168451,-51.168451,0724,0006,C4A7,07A5BC17,5.3,595.5,595.5,0:09:09,83:54:56,-,-,0,-,,,,,,,,,00
2025-10-15 18:11:26,2025-10-15 18:11:26,2025-10-15 18:11:24,2025-10-15 18:11:25,867488068342780,23902,GTERI,0x19FE3FBF,0x00028102,802003,0x8303,0x0115,100,13803,0000,-,01,00,22,12,12,-,01,01,41.7,41.9,268,268,584,585,-23.267387,-23.26739,-51.167849,-51.167962,0724,0006,C4A7,07A5BC17,5.2,595.4,595.4,0:09:03,83:54:50,-,-,0,-,,,,,04,3,00000000,00,10,,
2025-10-15 18:11:16,2025-10-15 18:11:17,2025-10-15 18:11:16,2025-10-15 18:11:03,867488068342780,23901,GTERI,0x19FE3FBF,0x00028102,802003,0x8303,0x0115,100,13749,0000,-,01,00,22,12,12,-,01,01,19.0,36.2,235,181,583,577,-23.267287,-23.266593,-51.167227,-51.167064,0724,0006,C4A7,07A5BC17,5.1,595.3,595.3,0:08:54,83:54:41,-,-,0,-,,,,,04,3,00000000,00,11,,
2025-10-15 18:11:02,2025-10-15 18:11:03,2025-10-15 18:11:02,2025-10-15 18:10:53,867488068342780,23900,GTSPD,0x19FE7FBF,,802003,0x8303,0x0115,100,13674,0000,0000,01,00,22,12,12,-,01,01,39.0,58.8,179,180,576,569,-23.266501,-23.265346,-51.167062,-51.167051,0724,0006,C4A7,07A5BC17,5.0,595.3,595.1,0:08:39,83:54:26,-,-,0,-,,,,,,,,,01
2025-10-15 18:11:01,,,,867488068342780,23899,ACK
2025-10-15 18:10:51,,,,867488068342780,23898,ACK
2025-10-15 18:10:41,,,,867488068342780,23897,ACK
2025-10-15 18:10:40,2025-10-15 18:10:40,2025-10-15 18:10:40,2025-10-15 18:10:40,867488068342780,23896,GTSPD,0x19FE7FBF,,802003,0x8303,0x0115,100,13780,0000,0000,01,00,22,12,12,-,01,01,46.2,46.2,181,181,578,578,-23.263605,-23.263605,-51.167038,-51.167038,0724,0006,C4A7,07A5BC17,4.7,595.0,595.0,0:08:18,83:54:05,-,-,0,-,,,,,,,,,00
2025-10-15 18:10:30,2025-10-15 18:10:30,2025-10-15 18:10:30,2025-10-15 18:10:19,867488068342780,23895,GTERI,0x19FE3FBF,0x00028102,802003,0x8303,0x0115,100,13700,0000,-,01,00,22,12,12,-,01,01,18.4,38.3,190,269,584,583,-23.262714,-23.262615,-51.167037,-51.166452,0724,0006,C4A7,07A5BC17,4.6,594.8,594.8,0:08:09,83:53:56,-,-,0,-,,,,,04,3,00000000,00,11,,
2025-10-15 18:10:22,,,,867488068342780,23894,ACK
2025-10-15 18:10:22,,,,867488068342780,23893,HBD
2025-10-15 18:10:18,2025-10-15 18:10:18,2025-10-15 18:10:18,2025-10-15 18:10:04,867488068342780,23892,GTSPD,0x19FE7FBF,,802003,0x8303,0x0115,100,13776,0000,0000,01,01,22,12,12,-,01,01,41.2,55.8,270,270,583,575,-23.262615,-23.262613,-51.166345,-51.164384,0724,0006,C4A7,07A5BC17,4.5,594.8,594.6,0:07:57,83:53:44,-,-,0,-,,,,,,,,,01
2025-10-15 18:10:08,,,,867488068342780,23891,ACK
2025-10-15 18:09:57,,,,867488068342780,23890,ACK
2025-10-15 18:09:55,2025-10-15 18:09:54,2025-10-15 18:09:54,2025-10-15 18:09:54,867488068342780,23889,GTSPD,0x19FE7FBF,,802003,0x8303,0x0115,100,13794,0000,0000,01,00,22,12,12,-,01,01,46.7,46.7,272,272,567,567,-23.262624,-23.262624,-51.16298,-51.16298,0724,0006,C4A7,07A5BC01,4.2,594.4,594.4,0:07:33,83:53:20,-,-,0,-,,,,,,,,,00
2025-10-15 18:09:42,,,,867488068342780,23888,ACK
2025-10-15 18:09:40,2025-10-15 18:09:40,2025-10-15 18:09:40,2025-10-15 18:09:36,867488068342780,23887,GTSPD,0x19FE7FBF,,802003,0x8303,0x0115,100,13834,0000,0000,01,01,22,12,12,-,01,01,36.1,53.2,269,268,564,567,-23.262628,-23.262623,-51.161714,-51.161222,0724,0006,C4A7,07A5BC01,4.1,594.3,594.3,0:07:18,83:53:05,-,-,0,-,,,,,,,,,01
2025-10-15 18:09:26,,,,867488068342780,23886,ACK
2025-10-15 18:09:16,,,,867488068342780,23885,ACK
2025-10-15 18:09:13,2025-10-15 18:09:13,2025-10-15 18:09:13,2025-10-15 18:09:13,867488068342780,23884,GTSPD,0x19FE7FBF,,802003,0x8303,0x0115,100,13776,0000,0000,01,00,22,12,12,-,01,01,47.9,47.9,260,260,586,586,-23.262519,-23.262519,-51.158017,-51.158017,0724,0006,C4A7,07A5BC01,3.7,593.9,593.9,0:06:51,83:52:38,-,-,0,-,,,,,,,,,00
2025-10-15 18:09:03,2025-10-15 18:09:03,2025-10-15 18:09:03,2025-10-15 18:09:03,867488068342780,23883,GTERI,0x19FE3FBF,0x00028102,802003,0x8303,0x0115,100,13738,0000,-,01,00,22,12,12,-,01,01,27.1,27.1,252,252,585,585,-23.262306,-23.262306,-51.156988,-51.156988,0724,0006,C4A7,07A72901,3.6,593.8,593.8,0:06:42,83:52:29,-,-,0,-,,,,,04,7,00000000,00,11,,
2025-10-15 18:09:01,,,,867488068342780,23882,ACK
2025-10-15 18:09:01,2025-10-15 18:09:01,2025-10-15 18:09:01,2025-10-15 18:09:01,867488068342780,23881,GTERI,0x19FE3FBF,0x00028102,802003,0x8303,0x0115,100,13648,0000,-,01,01,22,12,12,-,01,01,28.9,28.9,207,207,585,585,-23.262234,-23.262234,-51.156873,-51.156873,0724,0006,C4A7,07A72901,3.6,593.8,593.8,0:06:39,83:52:26,-,-,0,-,,,,,04,7,00000000,00,11,,
2025-10-15 18:09:00,,,,23880,GTHBE
2025-10-15 18:08:58,2025-10-15 18:08:58,2025-10-15 18:08:58,2025-10-15 18:08:46,867488068342780,23879,GTSPD,0x19FE7FBF,,802003,0x8303,0x0115,100,13764,0000,0000,01,01,22,12,12,-,01,01,42.2,55.0,166,169,585,586,-23.261989,-23.260484,-51.156871,-51.157191,0724,0006,C4A7,07A72901,3.5,593.8,593.6,0:06:36,83:52:23,-,-,0,-,,,,,,,,,01
2025-10-15 18:08:51,,,,867488068342780,23878,ACK
2025-10-15 18:08:41,,,,867488068342780,23877,ACK
2025-10-15 18:08:41,2025-10-15 18:08:41,2025-10-15 18:08:41,2025-10-15 18:08:41,867488068342780,23876,GTSPD,0x19FE7FBF,,802003,0x8303,0x0115,100,13777,0000,0000,01,00,22,12,12,-,01,01,48.8,48.8,168,168,587,587,-23.259832,-23.259832,-51.157331,-51.157331,0724,0006,C4A7,07A72901,3.3,593.5,593.5,0:06:18,83:52:05,-,-,0,-,,,,,,,,,00
2025-10-15 18:08:28,2025-10-15 18:08:29,2025-10-15 18:08:28,2025-10-15 18:08:27,867488068342780,23875,GTERI,0x19FE3FBF,0x00028102,802003,0x8303,0x0115,100,13777,0000,-,01,00,22,12,12,-,01,01,29.5,29.7,153,170,585,585,-23.258797,-23.258729,-51.157811,-51.15784,0724,0006,C4A7,07A57DF3,3.2,593.4,593.4,0:06:06,83:51:53,-,-,0,-,,,,,04,7,00000000,00,11,,
2025-10-15 18:08:26,2025-10-15 18:08:26,2025-10-15 18:08:25,2025-10-15 18:08:26,867488068342780,23874,GTERI,0x19FE3FBF,0x00028102,802003,0x8303,0x0115,100,13687,0000,-,01,00,22,12,12,-,01,01,29.2,29.4,204,186,584,585,-23.258586,-23.258656,-51.157831,-51.157847,0724,0006,C4A7,07A57DF3,3.2,593.4,593.4,0:06:03,83:51:50,-,-,0,-,,,,,04,7,00000000,00,10,,
2025-10-15 18:08:22,2025-10-15 18:08:22,2025-10-15 18:08:22,2025-10-15 18:08:20,867488068342780,23873,GTERI,0x19FE3FBF,0x00028102,802003,0x8303,0x0115,100,13685,0000,-,01,00,22,12,12,-,01,01,29.9,31.2,256,292,583,583,-23.258445,-23.258451,-51.157664,-51.157501,0724,0006,C4A7,07A72901,3.1,593.3,593.3,0:06:00,83:51:47,-,-,0,-,,,,,04,7,00000000,00,11,,
2025-10-15 18:08:22,,,,867488068342780,23872,HBD
2025-10-15 18:08:19,2025-10-15 18:08:19,2025-10-15 18:08:19,2025-10-15 18:08:19,867488068342780,23871,GTERI,0x19FE3FBF,0x00028102,802003,0x8303,0x0115,100,13746,0000,-,01,00,22,12,12,-,01,01,30.4,30.4,311,311,583,583,-23.258487,-23.258487,-51.157428,-51.157428,0724,0006,C4A7,07A5BC01,3.1,593.3,593.3,0:05:57,83:51:44,-,-,0,-,,,,,04,7,00000000,00,11,,
2025-10-15 18:08:16,,,,23870,GTHBE
2025-10-15 18:08:12,2025-10-15 18:08:12,2025-10-15 18:08:12,2025-10-15 18:07:53,867488068342780,23869,GTERI,0x19FE3FBF,0x00028102,802003,0x8303,0x0115,100,13746,0000,-,01,00,22,12,12,-,01,01,17.4,33.9,8,345,584,585,-23.258923,-23.259469,-51.157412,-51.157298,0724,0006,C4A7,07A5BC01,3.0,593.3,593.2,0:05:51,83:51:38,-,-,0,-,,,,,04,7,00000000,00,11,,
2025-10-15 18:07:56,,,,867488068342780,23868,ACK
2025-10-15 18:07:52,2025-10-15 18:07:52,2025-10-15 18:07:52,2025-10-15 18:07:16,867488068342780,23867,GTSPD,0x19FE7FBF,,802003,0x8303,0x0115,100,13682,0000,0000,01,01,22,12,12,-,01,01,37.9,66.8,345,317,585,573,-23.259554,-23.264293,-51.157273,-51.15476,0724,0006,C4A7,07A72901,3.0,593.2,592.6,0:05:30,83:51:17,-,-,0,-,,,,,,,,,01
2025-10-15 18:06:50,2025-10-15 18:06:50,2025-10-15 18:06:50,2025-10-15 18:06:50,867488068342780,23866,GTERI,0x19FE3FBF,0x00028102,802003,0x8303,0x0115,100,13760,0000,-,01,01,22,12,12,-,01,01,55.0,55.0,323,323,550,550,-23.267707,-23.267707,-51.152703,-51.152703,0724,0006,C4A7,07A5CC15,1.9,592.2,592.2,0:04:27,83:50:14,-,-,0,-,,,,,04,3,00000000,00,11,,
2025-10-15 18:06:36,,,,867488068342780,23865,ACK
2025-10-15 18:06:27,,,,867488068342780,23864,ACK
2025-10-15 18:06:26,,,,867488068342780,23863,ACK
2025-10-15 18:06:26,,,,867488068342780,23862,ACK
2025-10-15 18:06:26,,,,867488068342780,23861,ACK
2025-10-15 18:06:25,2025-10-15 18:06:25,2025-10-15 18:06:25,2025-10-15 18:06:25,867488068342780,23860,GTSPD,0x19FE7FBF,,802003,0x8303,0x0115,100,13695,0000,0000,01,00,22,12,12,-,01,01,47.0,47.0,286,286,523,523,-23.26943,-23.26943,-51.149752,-51.149752,0724,0006,C4A7,07A5CC15,1.6,591.8,591.8,0:04:03,83:49:50,-,-,0,-,,,,,,,,,00
2025-10-15 18:06:25,,,,867488068342780,23859,HBD
2025-10-15 18:06:12,2025-10-15 18:06:12,2025-10-15 18:06:12,2025-10-15 18:05:38,867488068342780,23858,GTERI,0x19FE3FBF,0x00028102,802003,0x8303,0x0115,100,13744,0000,-,01,00,22,12,12,-,01,01,21.6,41.5,278,231,519,515,-23.269464,-23.268971,-51.148513,-51.147651,0724,0006,C4A7,07A5CC15,1.4,591.7,591.6,0:03:51,83:49:38,-,-,0,-,,,,,04,3,00000000,00,11,,
2025-10-15 18:05:29,2025-10-15 18:05:29,2025-10-15 18:05:29,2025-10-15 18:05:26,867488068342780,23857,GTERI,0x19FE3FBF,0x00028102,802003,0x8303,0x0115,100,13730,0000,-,01,00,22,12,12,-,01,01,23.6,29.4,228,185,524,526,-23.268639,-23.268481,-51.146858,-51.146771,0724,0006,C4A7,07A72902,1.2,591.5,591.4,0:03:06,83:48:53,-,-,0,-,,,,,04,7,00000000,00,11,,
2025-10-15 18:05:26,2025-10-15 18:05:26,2025-10-15 18:05:24,2025-10-15 18:05:22,867488068342780,23856,GTERI,0x19FE3FBF,0x00028102,802003,0x8303,0x0115,100,13790,0000,-,01,00,22,12,12,-,01,01,34.8,37.1,179,179,527,527,-23.268322,-23.268142,-51.146765,-51.146769,0724,0006,C4A7,07A72902,1.2,591.4,591.4,0:03:03,83:48:50,-,-,0,-,,,,,04,7,00000000,00,10,,
2025-10-15 18:05:14,2025-10-15 18:05:14,2025-10-15 18:05:14,2025-10-15 18:04:46,867488068342780,23855,GTERI,0x19FE3FBF,0x00028102,802003,0x8303,0x0115,100,13741,0000,-,01,00,22,12,12,-,01,01,21.6,37.2,182,269,531,546,-23.267473,-23.267303,-51.146768,-51.144968,0724,0006,C4A7,07A72902,1.1,591.3,591.2,0:02:51,83:48:38,-,-,0,-,,,,,04,7,00000000,00,11,,
2025-10-15 18:04:54,,,,867488068342780,23854,HBD
2025-10-15 18:03:49,2025-10-15 18:03:49,2025-10-15 18:03:49,2025-10-15 18:03:36,867488068342780,23853,GTERI,0x19FE3FBF,0x00028102,802003,0x8303,0x0115,100,13557,0000,-,01,00,22,12,12,-,01,01,23.4,44.6,234,180,527,529,-23.267283,-23.266414,-51.141189,-51.141104,0724,0006,C4A7,07A54F01,0.5,590.8,590.7,0:01:27,83:47:14,-,-,0,-,,,,,04,7,00000000,00,11,,
2025-10-15 18:03:25,2025-10-15 18:03:25,2025-10-15 18:03:25,2025-10-15 18:03:25,867488068342780,23852,GTERI,0x19FE3FBF,0x00028102,802003,0x8303,0x0115,100,13788,0000,-,01,00,22,12,12,-,01,01,18.4,18.4,182,182,534,534,-23.265426,-23.265426,-51.141075,-51.141075,0724,0006,C4A7,07A57D02,0.3,590.5,590.5,0:01:03,83:46:50,-,-,0,-,,,,,04,7,00000000,00,11,,
2025-10-15 18:03:22,2025-10-15 18:03:22,2025-10-15 18:03:22,2025-10-15 18:03:12,867488068342780,23851,GTERI,0x19FE3FBF,0x00028102,802003,0x8303,0x0115,100,13631,0000,-,01,00,22,12,12,-,01,01,9.2,29.4,237,271,534,535,-23.265326,-23.26532,-51.141043,-51.140724,0724,0006,C4A7,07A57D02,0.3,590.5,590.5,0:01:00,83:46:47,-,-,0,-,,,,,04,7,00000000,00,11,,
2025-10-15 18:03:02,,,,23850,GTHBE
2025-10-15 18:02:38,2025-10-15 18:02:39,2025-10-15 18:02:38,2025-10-15 18:02:38,867488068342780,23849,GTERI,0x19FE3FBF,0x00028102,802003,0x8303,0x0115,100,13592,0000,-,01,00,22,12,12,-,01,01,11.7,11.7,283,283,550,550,-23.265382,-23.265382,-51.137928,-51.137928,0724,0006,C4A7,07A72902,0.0,590.2,590.2,0:00:15,83:46:02,-,-,0,-,,,,,04,7,00000000,00,11,,
2025-10-15 18:02:30,2025-10-15 18:02:31,2025-10-15 18:02:30,2025-10-15 18:02:30,867488068342780,23848,GTIGL,0x19FE7FBF,,802003,0x8303,0x0115,100,13530,0000,0000,01,00,22,12,12,-,01,01,0.0,0.0,175,175,548,548,-23.265399,-23.265399,-51.137894,-51.137894,0724,0006,C4A7,07A72902,0.0,590.2,590.2,0:00:09,83:45:56,-,-,0,-,,,,,,,,,00
2025-10-15 18:02:30,2025-10-15 18:02:31,2025-10-15 18:02:30,2025-10-15 18:02:30,867488068342780,23847,GTERI,0x19FE3FBF,0x00028102,802003,0x8303,0x0115,100,13530,0000,-,01,00,22,12,12,-,01,01,0.0,0.0,175,175,548,548,-23.265399,-23.265399,-51.137894,-51.137894,0724,0006,C4A7,07A72902,0.0,590.2,590.2,0:00:09,83:45:56,-,-,0,-,,,,,04,7,00000000,00,10,,
2025-10-15 18:02:22,2025-10-15 18:02:21,2025-10-15 18:00:45,2025-10-15 18:00:45,867488068342780,23846,GTSTT,0x19FE7FBF,,802003,0x8303,0x0115,100,12825,0000,0000,01,00,22,12,12,-,00,00,0.0,0.0,158,158,549,549,-23.265404,-23.265404,-51.137937,-51.137937,0724,0006,C4A7,07A72902,0.0,590.2,590.2,0:00:00,83:45:47,-,-,0,-
2025-10-15 18:02:21,2025-10-15 18:02:21,2025-10-15 18:00:45,2025-10-15 18:00:45,867488068342780,23845,GTSTT,0x19FE7FBF,,802003,0x8303,0x0115,100,12825,0000,0000,01,00,21,12,12,-,00,00,0.0,0.0,158,158,549,549,-23.265404,-23.265404,-51.137937,-51.137937,0724,0006,C4A7,07A72902,0.0,590.2,590.2,0:00:00,83:45:47,-,-,0,-
2025-10-15 18:02:21,2025-10-15 18:02:21,2025-10-15 18:00:45,2025-10-15 17:55:28,867488068342780,23844,GTIGN,0x19FE7FBF,,802003,0x8303,0x0115,100,12825,0000,0000,01,00,21,12,12,396,00,01,0.0,6.1,158,151,549,550,-23.265404,-23.265367,-51.137937,-51.137974,0724,0006,C4A7,07A72902,0.0,590.2,590.2,0:00:00,83:45:47,-,-,0,-
2025-10-15 18:02:21,,,,867488068342780,23843,HBD
2025-10-15 18:00:45,2025-10-15 18:00:45,2025-10-15 18:00:45,2025-10-15 18:00:45,867488068342780,23842,GTERI,0x19FE3FBF,0x00028102,802003,0x8303,0x0115,100,12819,0000,-,00,00,11,12,12,-,01,01,0.0,0.0,158,158,549,549,-23.265404,-23.265404,-51.137937,-51.137937,0724,0006,C4A7,07A72902,10.4,590.2,590.2,0:26:03,83:45:47,-,-,0,-,,,,,04,7,00000000,00,10,,
2025-10-15 17:58:57,2025-10-15 17:58:57,2025-10-15 17:58:55,2025-10-15 17:58:55,867488068342780,23841,GTERI,0x19FE3FBF,0x00028102,802003,0x8303,0x0115,100,12873,0000,-,00,00,11,12,12,-,01,01,0.0,0.0,158,158,549,549,-23.265404,-23.265404,-51.137937,-51.137937,0724,0006,C4A7,07A72902,10.4,590.2,590.2,0:26:03,83:45:47,-,-,0,-,,,,,04,7,00000000,00,10,,
2025-10-15 17:56:52,,,,867488068342780,23840,HBD
2025-10-15 17:55:57,2025-10-15 17:55:57,2025-10-15 17:55:55,2025-10-15 17:55:55,867488068342780,23839,GTERI,0x19FE3FBF,0x00028102,802003,0x8303,0x0115,100,13248,0000,-,00,00,11,12,12,-,01,01,0.0,0.0,158,158,549,549,-23.265404,-23.265404,-51.137937,-51.137937,0724,0006,C4A7,07A7390B,10.4,590.2,590.2,0:26:03,83:45:47,-,-,0,-,,,,,04,1,00000000,00,10,,
2025-10-15 17:55:52,2025-10-15 17:55:53,2025-10-15 17:55:52,2025-10-15 17:55:52,867488068342780,23838,GTSTT,0x19FE7FBF,,802003,0x8303,0x0115,100,13308,0000,0000,00,00,11,12,12,-,01,01,0.0,0.0,158,158,549,549,-23.265404,-23.265404,-51.137937,-51.137937,0724,0006,C4A7,07A7390B,10.4,590.2,590.2,0:26:03,83:45:47,-,-,0,-
2025-10-15 17:55:49,,,,867488068342780,23837,ACK
2025-10-15 17:55:49,,,,867488068342780,23836,ACK
2025-10-15 17:55:45,2025-10-15 17:55:45,2025-10-15 17:55:45,2025-10-15 17:55:45,867488068342780,23835,GTIGL,0x19FE7FBF,,802003,0x8303,0x0115,100,13308,0000,0000,00,00,12,12,12,-,01,01,0.0,0.0,158,158,549,549,-23.265404,-23.265404,-51.137937,-51.137937,0724,0006,C4A7,07A7390B,10.4,590.2,590.2,0:26:03,83:45:47,-,-,0,-,,,,,,,,,01
2025-10-15 17:55:45,2025-10-15 17:55:45,2025-10-15 17:55:44,2025-10-15 17:55:44,867488068342780,23834,GTSTT,0x19FE7FBF,,802003,0x8303,0x0115,100,13308,0000,0000,00,00,12,12,12,-,01,01,0.0,0.0,158,158,549,549,-23.265404,-23.265404,-51.137937,-51.137937,0724,0006,C4A7,07A7390B,10.4,590.2,590.2,0:26:03,83:45:47,-,-,0,-
2025-10-15 17:55:44,2025-10-15 17:55:45,2025-10-15 17:55:44,2025-10-15 17:55:44,867488068342780,23833,GTIGF,0x19FE7FBF,,802003,0x8303,0x0115,100,13308,0000,0000,00,00,12,12,12,1564,01,01,0.0,0.0,158,158,549,549,-23.265404,-23.265404,-51.137937,-51.137937,0724,0006,C4A7,07A7390B,10.4,590.2,590.2,0:26:03,83:45:47,-,-,0,-
2025-10-15 17:55:27,2025-10-15 17:55:27,2025-10-15 17:55:27,2025-10-15 17:55:27,867488068342780,23832,GTERI,0x19FE3FBF,0x00028102,802003,0x8303,0x0115,100,13484,0000,-,01,00,22,12,12,-,01,01,6.2,6.2,158,158,550,550,-23.265355,-23.265355,-51.137985,-51.137985,0724,0006,C4A7,07A7390B,10.4,590.2,590.2,0:25:45,83:45:29,-,-,0,-,,,,,04,1,00000000,00,11,,
2025-10-15 17:55:25,2025-10-15 17:55:25,2025-10-15 17:55:25,2025-10-15 17:55:21,867488068342780,23831,GTERI,0x19FE3FBF,0x00028102,802003,0x8303,0x0115,100,13661,0000,-,01,00,22,12,12,-,01,01,4.5,9.9,216,352,550,550,-23.26533,-23.265337,-51.137999,-51.138,0724,0006,C4A7,07A7390B,10.4,590.2,590.2,0:25:42,83:45:26,-,-,0,-,,,,,04,1,00000000,00,11,,
2025-10-15 17:55:20,2025-10-15 17:55:20,2025-10-15 17:55:20,2025-10-15 17:54:54,867488068342780,23830,GTERI,0x19FE3FBF,0x00028102,802003,0x8303,0x0115,100,13729,0000,-,01,00,22,12,12,-,01,01,11.2,37.0,16,90,550,546,-23.265362,-23.265365,-51.138001,-51.138576,0724,0006,C4A7,07A7290C,10.4,590.2,590.2,0:25:39,83:45:23,-,-,0,-,,,,,04,1,00000000,00,11,,
2025-10-15 17:54:54,,,,867488068342780,23829,ACK
2025-10-15 17:54:53,2025-10-15 17:54:53,2025-10-15 17:54:53,2025-10-15 17:54:47,867488068342780,23828,GTSPD,0x19FE7FBF,,802003,0x8303,0x0115,100,13775,0000,0000,01,00,22,12,12,-,01,01,40.7,48.5,90,90,545,539,-23.265365,-23.265361,-51.138679,-51.139425,0724,0006,C4A7,07A57D0C,10.3,590.2,590.1,0:25:12,83:44:56,-,-,0,-,,,,,,,,,01
2025-10-15 17:54:44,2025-10-15 17:54:44,2025-10-15 17:54:44,2025-10-15 17:54:44,867488068342780,23827,GTSPD,0x19FE7FBF,,802003,0x8303,0x0115,100,13693,0000,0000,01,00,22,12,12,-,01,01,46.6,46.6,90,90,536,536,-23.265357,-23.265357,-51.139813,-51.139813,0724,0006,C4A7,07A57D0C,10.2,590.1,590.1,0:25:03,83:44:47,-,-,0,-,,,,,,,,,00
2025-10-15 17:54:44,,,,867488068342780,23826,ACK
2025-10-15 17:54:33,2025-10-15 17:54:33,2025-10-15 17:54:33,2025-10-15 17:54:26,867488068342780,23825,GTERI,0x19FE3FBF,0x00028102,802003,0x8303,0x0115,100,13538,0000,-,01,00,22,12,12,-,01,01,22.4,44.2,83,0,531,529,-23.265335,-23.265806,-51.140957,-51.141101,0724,0006,C4A7,07A57D0C,10.1,589.9,589.9,0:24:51,83:44:35,-,-,0,-,,,,,04,1,00000000,00,11,,
2025-10-15 17:54:33,,,,867488068342780,23824,HBD
2025-10-15 17:54:07,2025-10-15 17:54:07,2025-10-15 17:54:07,2025-10-15 17:54:07,867488068342780,23823,GTERI,0x19FE3FBF,0x00028102,802003,0x8303,0x0115,100,13592,0000,-,01,00,22,12,12,-,01,01,15.0,15.0,28,28,524,524,-23.267291,-23.267291,-51.141153,-51.141153,0724,0006,C4A7,07A54F0B,9.8,589.7,589.7,0:24:24,83:44:08,-,-,0,-,,,,,04,1,00000000,00,11,,
2025-10-15 17:54:07,,,,23822,GTHBE
2025-10-15 17:53:59,,,,23821,GTHBE
2025-10-15 17:53:48,2025-10-15 17:53:49,2025-10-15 17:53:48,2025-10-15 17:53:36,867488068342780,23820,GTERI,0x19FE3FBF,0x00028102,802003,0x8303,0x0115,100,13680,0000,-,01,00,22,12,12,-,01,01,23.1,36.8,84,0,531,533,-23.267328,-23.268081,-51.142068,-51.142233,0724,0006,C4A7,07A73915,9.7,589.6,589.5,0:24:06,83:43:50,-,-,0,-,,,,,04,3,00000000,00,11,,
2025-10-15 17:53:29,,,,23819,GTHBE
2025-10-15 17:53:28,2025-10-15 17:53:29,2025-10-15 17:53:28,2025-10-15 17:53:03,867488068342780,23818,GTERI,0x19FE3FBF,0x00028102,802003,0x8303,0x0115,100,13623,0000,-,01,00,22,12,12,-,01,01,22.2,44.5,27,90,533,538,-23.268683,-23.268713,-51.142238,-51.144958,0724,0006,C4A7,07A73915,9.6,589.5,589.2,0:23:45,83:43:29,-,-,0,-,,,,,04,3,00000000,00,11,,
2025-10-15 17:52:57,2025-10-15 17:52:57,2025-10-15 17:52:55,2025-10-15 17:52:47,867488068342780,23817,GTERI,0x19FE3FBF,0x00028102,802003,0x8303,0x0115,100,13790,0000,-,01,00,22,12,12,-,01,01,39.1,41.6,91,88,528,518,-23.268705,-23.268696,-51.14587,-51.146701,0724,0006,C4A7,07A72916,9.2,589.1,589.0,0:23:15,83:42:59,-,-,0,-,,,,,04,3,00000000,00,10,,
2025-10-15 17:52:47,,,,867488068342780,23816,ACK
2025-10-15 17:52:46,2025-10-15 17:52:46,2025-10-15 17:52:46,2025-10-15 17:52:46,867488068342780,23815,GTSPD,0x19FE7FBF,,802003,0x8303,0x0115,100,13793,0000,0000,01,00,22,12,12,-,01,01,41.2,41.2,87,87,517,517,-23.268698,-23.268698,-51.146814,-51.146814,0724,0006,C4A7,07A72916,9.1,589.0,589.0,0:23:03,83:42:47,-,-,0,-,,,,,,,,,01
2025-10-15 17:52:46,2025-10-15 17:52:46,2025-10-15 17:52:46,2025-10-15 17:52:39,867488068342780,23814,GTERI,0x19FE3FBF,0x00028102,802003,0x8303,0x0115,100,13793,0000,-,01,00,22,12,12,-,01,01,41.2,55.5,87,48,517,509,-23.268698,-23.269,-51.146814,-51.147682,0724,0006,C4A7,07A72916,9.1,589.0,588.9,0:23:03,83:42:47,-,-,0,-,,,,,04,3,00000000,00,11,,
2025-10-15 17:52:38,,,,867488068342780,23813,ACK
2025-10-15 17:52:36,2025-10-15 17:52:36,2025-10-15 17:52:36,2025-10-15 17:52:36,867488068342780,23812,GTSPD,0x19FE7FBF,,802003,0x8303,0x0115,100,13800,0000,0000,01,00,22,12,12,-,01,01,49.3,49.3,41,41,510,510,-23.269283,-23.269283,-51.147988,-51.147988,0724,0006,C4A7,07A72916,9.0,588.9,588.9,0:22:54,83:42:38,-,-,0,-,,,,,,,,,00
2025-10-15 17:52:36,2025-10-15 17:52:36,2025-10-15 17:52:36,2025-10-15 17:52:36,867488068342780,23811,GTERI,0x19FE3FBF,0x00028102,802003,0x8303,0x0115,100,13800,0000,-,01,00,22,12,12,-,01,01,49.3,49.3,41,41,510,510,-23.269283,-23.269283,-51.147988,-51.147988,0724,0006,C4A7,07A72916,9.0,588.9,588.9,0:22:54,83:42:38,-,-,0,-,,,,,04,3,00000000,00,11,,
2025-10-15 17:52:30,2025-10-15 17:52:30,2025-10-15 17:52:30,2025-10-15 17:52:22,867488068342780,23810,GTERI,0x19FE3FBF,0x00028102,802003,0x8303,0x0115,100,13793,0000,-,01,00,22,12,12,-,01,01,37.3,39.7,355,43,513,507,-23.269846,-23.270471,-51.148176,-51.148515,0724,0006,C4A7,07A5CC15,8.9,588.8,588.7,0:22:48,83:42:32,-,-,0,-,,,,,04,3,00000000,00,11,,
2025-10-15 17:52:23,,,,867488068342780,23809,ACK
2025-10-15 17:52:21,2025-10-15 17:52:21,2025-10-15 17:52:21,2025-10-15 17:52:19,867488068342780,23808,GTSPD,0x19FE7FBF,,802003,0x8303,0x0115,100,13709,0000,0000,01,01,22,12,12,-,01,01,41.7,47.7,43,43,506,504,-23.270545,-23.270704,-51.14859,-51.148756,0724,0006,C4A7,07A72916,8.8,588.7,588.7,0:22:39,83:42:23,-,-,0,-,,,,,,,,,01
2025-10-15 17:52:18,2025-10-15 17:52:18,2025-10-15 17:52:18,2025-10-15 17:52:07,867488068342780,23807,GTERI,0x19FE3FBF,0x00028102,802003,0x8303,0x0115,100,13703,0000,-,01,01,22,12,12,-,01,01,49.1,64.8,43,355,503,503,-23.27079,-23.27219,-51.148846,-51.149307,0724,0006,C4A7,07A72916,8.8,588.7,588.5,0:22:36,83:42:20,-,-,0,-,,,,,04,3,00000000,00,11,,
2025-10-15 17:52:18,,,,867488068342780,23806,HBD
2025-10-15 17:52:04,,,,867488068342780,23805,ACK
2025-10-15 17:51:53,,,,867488068342780,23804,ACK
2025-10-15 17:51:49,2025-10-15 17:51:49,2025-10-15 17:51:49,2025-10-15 17:51:49,867488068342780,23803,GTSPD,0x19FE7FBF,,802003,0x8303,0x0115,100,13789,0000,0000,01,00,22,12,12,-,01,01,52.4,52.4,359,359,523,523,-23.27494,-23.27494,-51.149246,-51.149246,0724,0006,C4A7,07A5CCDD,8.3,588.2,588.2,0:22:06,83:41:50,-,-,0,-,,,,,,,,,00
2025-10-15 17:50:58,,,,867488068342780,23802,ACK
2025-10-15 17:50:55,2025-10-15 17:50:55,2025-10-15 17:50:55,2025-10-15 17:50:44,867488068342780,23801,GTSPD,0x19FE7FBF,,802003,0x8303,0x0115,100,13617,0000,0000,01,01,22,12,12,-,01,01,41.8,52.1,0,0,552,566,-23.278327,-23.27965,-51.149304,-51.149313,0724,0006,C4A7,07A5CCE7,7.9,587.8,587.7,0:21:12,83:40:56,-,-,0,-,,,,,,,,,01
2025-10-15 17:50:53,,,,867488068342780,23800,ACK
2025-10-15 17:50:43,,,,867488068342780,23799,ACK
2025-10-15 17:50:42,2025-10-15 17:50:42,2025-10-15 17:50:42,2025-10-15 17:50:42,867488068342780,23798,GTSPD,0x19FE7FBF,,802003,0x8303,0x0115,100,13644,0000,0000,01,00,22,12,12,-,01,01,48.4,48.4,357,357,567,567,-23.279907,-23.279907,-51.149311,-51.149311,0724,0006,C4A7,07A5CCF1,7.8,587.6,587.6,0:21:00,83:40:44,-,-,0,-,,,,,,,,,00
2025-10-15 17:50:42,2025-10-15 17:50:42,2025-10-15 17:50:42,2025-10-15 17:50:42,867488068342780,23797,GTERI,0x19FE3FBF,0x00028102,802003,0x8303,0x0115,100,13644,0000,-,01,00,22,12,12,-,01,01,48.4,48.4,357,357,567,567,-23.279907,-23.279907,-51.149311,-51.149311,0724,0006,C4A7,07A5CCF1,7.8,587.6,587.6,0:21:00,83:40:44,-,-,0,-,,,,,04,7,00000000,00,11,,
2025-10-15 17:50:36,2025-10-15 17:50:36,2025-10-15 17:50:36,2025-10-15 17:50:36,867488068342780,23796,GTERI,0x19FE3FBF,0x00028102,802003,0x8303,0x0115,100,13749,0000,-,01,00,22,12,12,-,01,01,31.7,31.7,312,312,571,571,-23.280434,-23.280434,-51.149035,-51.149035,0724,0006,C4A7,07A5CCF1,7.7,587.6,587.6,0:20:54,83:40:38,-,-,0,-,,,,,04,7,00000000,00,11,,
2025-10-15 17:50:33,2025-10-15 17:50:33,2025-10-15 17:50:33,2025-10-15 17:50:33,867488068342780,23795,GTERI,0x19FE3FBF,0x00028102,802003,0x8303,0x0115,100,13749,0000,-,01,00,22,12,12,-,01,01,27.3,27.3,6,6,572,572,-23.280628,-23.280628,-51.148936,-51.148936,0724,0006,C4A7,07A5CCF1,7.7,587.5,587.5,0:20:51,83:40:35,-,-,0,-,,,,,04,7,00000000,00,11,,
2025-10-15 17:50:32,,,,23794,GTHBE
2025-10-15 17:50:32,,,,867488068342780,23793,HBD
2025-10-15 17:49:57,2025-10-15 17:49:57,2025-10-15 17:49:55,2025-10-15 17:48:41,867488068342780,23792,GTERI,0x19FE3FBF,0x00028102,802003,0x8303,0x0115,100,13701,0000,-,01,00,22,12,12,-,01,01,5.3,44.2,70,68,572,575,-23.280845,-23.281266,-51.149679,-51.151451,0724,0006,C4A7,07A5CCF1,7.6,587.5,587.3,0:20:15,83:39:59,-,-,0,-,,,,,04,7,00000000,00,10,,
2025-10-15 17:48:43,,,,867488068342780,23791,ACK
2025-10-15 17:48:40,2025-10-15 17:48:40,2025-10-15 17:48:40,2025-10-15 17:48:37,867488068342780,23790,GTSPD,0x19FE7FBF,,802003,0x8303,0x0115,100,13683,0000,0000,01,00,22,12,12,-,01,01,44.6,45.6,64,51,575,576,-23.281309,-23.281478,-51.151563,-51.15188,0724,0006,C4A7,07A7430B,7.4,587.3,587.2,0:18:57,83:38:41,-,-,0,-,,,,,,,,,01
2025-10-15 17:48:38,,,,867488068342780,23789,ACK
2025-10-15 17:48:36,,,,23788,GTHBE
2025-10-15 17:48:34,2025-10-15 17:48:34,2025-10-15 17:48:34,2025-10-15 17:48:33,867488068342780,23787,GTSPD,0x19FE7FBF,,802003,0x8303,0x0115,100,13726,0000,0000,01,00,22,12,12,-,01,01,46.4,46.9,61,64,577,577,-23.281688,-23.281742,-51.15217,-51.152282,0724,0006,C4A7,07A7430B,7.3,587.2,587.2,0:18:51,83:38:35,-,-,0,-,,,,,,,,,00
2025-10-15 17:48:23,,,,867488068342780,23786,ACK
2025-10-15 17:48:21,2025-10-15 17:48:21,2025-10-15 17:48:21,2025-10-15 17:48:16,867488068342780,23785,GTSPD,0x19FE7FBF,,802003,0x8303,0x0115,100,13789,0000,0000,01,00,22,12,12,-,01,01,35.7,49.9,76,75,579,581,-23.282016,-23.282162,-51.153249,-51.153848,0724,0006,C4A7,07A5CC0B,7.2,587.1,587.0,0:18:39,83:38:23,-,-,0,-,,,,,,,,,01
2025-10-15 17:48:18,,,,867488068342780,23784,ACK
2025-10-15 17:48:18,,,,867488068342780,23783,HBD
2025-10-15 17:48:15,2025-10-15 17:48:15,2025-10-15 17:48:15,2025-10-15 17:48:15,867488068342780,23782,GTSPD,0x19FE7FBF,,802003,0x8303,0x0115,100,13789,0000,0000,01,00,22,12,12,-,01,01,48.5,48.5,74,74,580,580,-23.282194,-23.282194,-51.153979,-51.153979,0724,0006,C4A7,07A5CC0C,7.1,587.0,587.0,0:18:33,83:38:17,-,-,0,-,,,,,,,,,00
2025-10-15 17:48:03,2025-10-15 17:48:03,2025-10-15 17:48:03,2025-10-15 17:48:02,867488068342780,23781,GTERI,0x19FE3FBF,0x00028102,802003,0x8303,0x0115,100,13750,0000,-,01,00,22,12,12,-,01,01,32.5,33.5,71,84,579,578,-23.282656,-23.282677,-51.154937,-51.155023,0724,0006,C4A7,07A5CCF2,7.0,586.9,586.9,0:18:21,83:38:05,-,-,0,-,,,,,04,7,00000000,00,11,,
2025-10-15 17:48:01,,,,23780,GTHBE
2025-10-15 17:47:58,2025-10-15 17:47:58,2025-10-15 17:47:58,2025-10-15 17:47:28,867488068342780,23779,GTERI,0x19FE3FBF,0x00028102,802003,0x8303,0x0115,100,13750,0000,-,01,00,22,12,12,-,01,01,27.6,42.5,127,80,580,587,-23.28259,-23.282767,-51.155345,-51.157354,0724,0006,C4A7,07A5CCF2,7.0,586.9,586.6,0:18:15,83:37:59,-,-,0,-,,,,,04,7,00000000,00,11,,
2025-10-15 17:46:57,2025-10-15 17:46:57,2025-10-15 17:46:55,2025-10-15 17:46:52,867488068342780,23778,GTERI,0x19FE3FBF,0x00028102,802003,0x8303,0x0115,100,13784,0000,-,01,00,22,12,12,-,01,01,33.6,40.4,81,79,573,572,-23.283195,-23.28324,-51.160268,-51.16056,0724,0006,C4A7,07A5CC03,6.5,586.4,586.3,0:17:15,83:36:59,-,-,0,-,,,,,04,7,00000000,00,10,,
2025-10-15 17:46:52,,,,867488068342780,23777,ACK
2025-10-15 17:46:51,2025-10-15 17:46:51,2025-10-15 17:46:51,2025-10-15 17:46:42,867488068342780,23776,GTSPD,0x19FE7FBF,,802003,0x8303,0x0115,100,13724,0000,0000,01,00,22,12,12,-,01,01,42.5,54.6,80,79,571,567,-23.283258,-23.283448,-51.16067,-51.161876,0724,0006,C4A7,07A5F501,6.4,586.3,586.2,0:17:09,83:36:53,-,-,0,-,,,,,,,,,01
2025-10-15 17:46:42,,,,867488068342780,23775,ACK
2025-10-15 17:46:39,2025-10-15 17:46:39,2025-10-15 17:46:39,2025-10-15 17:46:39,867488068342780,23774,GTSPD,0x19FE7FBF,,802003,0x8303,0x0115,100,13787,0000,0000,01,00,22,12,12,-,01,01,48.9,48.9,80,80,565,565,-23.283515,-23.283515,-51.1623,-51.1623,0724,0006,C4A7,07A5CC03,6.3,586.1,586.1,0:16:57,83:36:41,-,-,0,-,,,,,,,,,00
2025-10-15 17:46:27,2025-10-15 17:46:27,2025-10-15 17:46:27,2025-10-15 17:46:21,867488068342780,23773,GTSPD,0x19FE7FBF,,802003,0x8303,0x0115,100,13693,0000,0000,01,00,22,12,12,-,01,01,31.0,55.7,79,80,566,567,-23.283678,-23.2838,-51.163374,-51.16413,0724,0006,C4A7,07A5CC03,6.1,586.0,585.9,0:16:45,83:36:29,-,-,0,-,,,,,,,,,01
2025-10-15 17:46:26,,,,867488068342780,23772,ACK
2025-10-15 17:46:22,,,,867488068342780,23771,ACK
2025-10-15 17:46:22,,,,867488068342780,23770,HBD
2025-10-15 17:46:11,,,,867488068342780,23769,ACK
2025-10-15 17:46:08,2025-10-15 17:46:08,2025-10-15 17:46:08,2025-10-15 17:46:08,867488068342780,23768,GTSPD,0x19FE7FBF,,802003,0x8303,0x0115,100,13737,0000,0000,01,00,22,12,12,-,01,01,49.5,49.5,80,80,567,567,-23.284092,-23.284092,-51.165984,-51.165984,0724,0006,C4A7,07A5F501,5.9,585.8,585.8,0:16:27,83:36:11,-,-,0,-,,,,,,,,,00
2025-10-15 17:45:56,,,,867488068342780,23767,ACK
2025-10-15 17:45:56,2025-10-15 17:45:56,2025-10-15 17:45:56,2025-10-15 17:45:37,867488068342780,23766,GTSPD,0x19FE7FBF,,802003,0x8303,0x0115,100,13711,0000,0000,01,01,22,12,12,-,01,01,31.6,67.3,79,80,565,559,-23.284256,-23.284725,-51.167044,-51.169983,0724,0006,C4A7,07A5F501,5.8,585.6,585.3,0:16:15,83:35:59,-,-,0,-,,,,,,,,,01
2025-10-15 17:45:36,,,,867488068342780,23765,ACK
2025-10-15 17:45:26,,,,867488068342780,23764,ACK
2025-10-15 17:45:25,2025-10-15 17:45:25,2025-10-15 17:45:25,2025-10-15 17:45:25,867488068342780,23763,GTSPD,0x19FE7FBF,,802003,0x8303,0x0115,100,13801,0000,0000,01,00,22,12,12,-,01,01,51.7,51.7,79,79,562,562,-23.285069,-23.285069,-51.171989,-51.171989,0724,0006,C4A7,07A5BE02,5.3,585.1,585.1,0:15:42,83:35:26,-,-,0,-,,,,,,,,,00
2025-10-15 17:45:18,2025-10-15 17:45:18,2025-10-15 17:45:18,2025-10-15 17:45:18,867488068342780,23762,GTERI,0x19FE3FBF,0x00028102,802003,0x8303,0x0115,100,13801,0000,-,01,00,22,12,12,-,01,01,31.2,31.2,51,51,564,564,-23.285217,-23.285217,-51.172748,-51.172748,0724,0006,C4A7,07A5BE02,5.2,585.0,585.0,0:15:36,83:35:20,-,-,0,-,,,,,04,7,00000000,00,11,,
2025-10-15 17:45:18,,,,23761,GTHBE
2025-10-15 17:45:06,,,,867488068342780,23760,ACK
2025-10-15 17:45:02,2025-10-15 17:45:02,2025-10-15 17:45:02,2025-10-15 17:44:44,867488068342780,23759,GTSPD,0x19FE7FBF,,802003,0x8303,0x0115,100,13818,0000,0000,01,01,22,12,12,-,01,01,42.9,89.0,1,2,554,531,-23.28674,-23.28938,-51.172924,-51.173013,0724,0006,C4A7,07A54202,5.0,584.9,584.6,0:15:21,83:35:05,-,-,0,-,,,,,,,,,01
2025-10-15 17:44:45,,,,867488068342780,23758,ACK
2025-10-15 17:44:35,,,,867488068342780,23757,ACK
2025-10-15 17:44:32,2025-10-15 17:44:32,2025-10-15 17:44:32,2025-10-15 17:44:32,867488068342780,23756,GTSPD,0x19FE7FBF,,802003,0x8303,0x0115,100,13800,0000,0000,01,00,22,12,12,-,01,01,50.1,50.1,2,2,547,547,-23.291513,-23.291513,-51.173099,-51.173099,0724,0006,C4A7,07A5BE02,4.5,584.3,584.3,0:14:51,83:34:35,-,-,0,-,,,,,,,,,00
2025-10-15 17:44:32,,,,867488068342780,23755,HBD
2025-10-15 17:43:57,2025-10-15 17:43:57,2025-10-15 17:43:55,2025-10-15 17:43:12,867488068342780,23754,GTERI,0x19FE3FBF,0x00028102,802003,0x8303,0x0115,100,13654,0000,-,01,00,22,12,12,-,01,01,0.0,5.8,6,2,562,562,-23.293492,-23.293499,-51.173194,-51.173194,0724,0006,C4A7,07A5BE16,4.3,584.1,584.1,0:14:15,83:33:59,-,-,0,-,,,,,04,3,00000000,00,10,,
2025-10-15 17:43:12,,,,23753,GTHBE
2025-10-15 17:42:50,,,,867488068342780,23752,HBD
2025-10-15 17:41:30,2025-10-15 17:41:31,2025-10-15 17:41:30,2025-10-15 17:41:30,867488068342780,23751,GTERI,0x19FE3FBF,0x00028102,802003,0x8303,0x0115,100,13636,0000,-,01,00,22,12,12,-,01,01,15.8,15.8,6,6,609,609,-23.30053,-23.30053,-51.173449,-51.173449,0724,0006,C4A7,07A5420B,3.5,583.3,583.3,0:11:48,83:31:32,-,-,0,-,,,,,04,1,00000000,00,11,,
2025-10-15 17:41:29,2025-10-15 17:41:30,2025-10-15 17:41:29,2025-10-15 17:41:29,867488068342780,23750,GTERI,0x19FE3FBF,0x00028102,802003,0x8303,0x0115,100,13636,0000,-,01,00,22,12,12,-,01,01,10.9,10.9,53,53,609,609,-23.300563,-23.300563,-51.173459,-51.173459,0724,0006,C4A7,07A5420B,3.5,583.3,583.3,0:11:48,83:31:32,-,-,0,-,,,,,04,1,00000000,00,11,,
2025-10-15 17:41:29,,,,23749,GTHBE
2025-10-15 17:41:27,2025-10-15 17:41:28,2025-10-15 17:41:27,2025-10-15 17:41:20,867488068342780,23748,GTERI,0x19FE3FBF,0x00028102,802003,0x8303,0x0115,100,13636,0000,-,01,00,22,12,12,-,01,01,8.3,9.8,124,181,609,609,-23.300577,-23.300439,-51.173503,-51.173539,0724,0006,C4A7,07A5420B,3.5,583.3,583.3,0:11:45,83:31:29,-,-,0,-,,,,,04,1,00000000,00,11,,
2025-10-15 17:41:19,2025-10-15 17:41:20,2025-10-15 17:41:19,2025-10-15 17:41:02,867488068342780,23747,GTERI,0x19FE3FBF,0x00028102,802003,0x8303,0x0115,100,13748,0000,-,01,00,22,12,12,-,01,01,8.7,12.5,179,156,608,608,-23.300415,-23.300354,-51.173541,-51.173564,0724,0006,C4A7,07A5420B,3.5,583.3,583.3,0:11:36,83:31:20,-,-,0,-,,,,,04,1,00000000,00,11,,
2025-10-15 17:41:01,2025-10-15 17:41:02,2025-10-15 17:41:01,2025-10-15 17:41:01,867488068342780,23746,GTERI,0x19FE3FBF,0x00028102,802003,0x8303,0x0115,100,13728,0000,-,01,00,22,12,12,-,01,01,14.4,14.4,134,134,608,608,-23.300326,-23.300326,-51.173582,-51.173582,0724,0006,C4A7,07A5420B,3.5,583.3,583.3,0:11:18,83:31:02,-,-,0,-,,,,,04,1,00000000,00,11,,
2025-10-15 17:40:57,2025-10-15 17:40:57,2025-10-15 17:40:55,2025-10-15 17:39:43,867488068342780,23745,GTERI,0x19FE3FBF,0x00028102,802003,0x8303,0x0115,100,13603,0000,-,01,00,22,12,12,-,01,01,0.0,44.8,83,84,608,612,-23.300297,-23.30043,-51.173626,-51.174862,0724,0006,C4A7,07A5420B,3.5,583.3,583.2,0:11:15,83:30:59,-,-,0,-,,,,,04,1,00000000,00,10,,
2025-10-15 17:40:50,,,,867488068342780,23744,HBD
2025-10-15 17:39:15,2025-10-15 17:39:15,2025-10-15 17:39:15,2025-10-15 17:39:15,867488068342780,23743,GTERI,0x19FE3FBF,0x00028102,802003,0x8303,0x0115,100,13761,0000,-,01,00,22,12,12,-,01,01,32.4,32.4,83,83,618,618,-23.300692,-23.300692,-51.177397,-51.177397,0724,0006,C4A7,07A5F501,3.1,583.0,583.0,0:09:33,83:29:17,-,-,0,-,,,,,04,7,00000000,00,11,,
2025-10-15 17:39:12,2025-10-15 17:39:12,2025-10-15 17:39:12,2025-10-15 17:39:12,867488068342780,23742,GTERI,0x19FE3FBF,0x00028102,802003,0x8303,0x0115,100,13761,0000,-,01,00,22,12,12,-,01,01,22.7,22.7,38,38,619,619,-23.300749,-23.300749,-51.177607,-51.177607,0724,0006,C4A7,07A5F501,3.1,582.9,582.9,0:09:30,83:29:14,-,-,0,-,,,,,04,7,00000000,00,11,,
2025-10-15 17:39:12,,,,23741,GTHBE
2025-10-15 17:39:06,2025-10-15 17:39:06,2025-10-15 17:39:06,2025-10-15 17:39:06,867488068342780,23740,GTERI,0x19FE3FBF,0x00028102,802003,0x8303,0x0115,100,13673,0000,-,01,00,22,12,12,-,01,01,35.4,35.4,337,337,616,616,-23.301144,-23.301144,-51.177474,-51.177474,0724,0006,C4A7,07A5F501,3.0,582.9,582.9,0:09:24,83:29:08,-,-,0,-,,,,,04,7,00000000,00,11,,
2025-10-15 17:39:01,2025-10-15 17:39:01,2025-10-15 17:39:01,2025-10-15 17:38:47,867488068342780,23739,GTERI,0x19FE3FBF,0x00028102,802003,0x8303,0x0115,100,13601,0000,-,01,00,22,12,12,-,01,01,19.8,42.9,24,96,616,618,-23.30149,-23.30146,-51.177418,-51.178377,0724,0006,C4A7,07A54201,3.0,582.9,582.8,0:09:18,83:29:02,-,-,0,-,,,,,04,7,00000000,00,11,,
2025-10-15 17:38:42,2025-10-15 17:38:42,2025-10-15 17:38:42,2025-10-15 17:38:42,867488068342780,23738,GTERI,0x19FE3FBF,0x00028102,802003,0x8303,0x0115,100,13587,0000,-,01,00,22,12,12,-,01,01,29.4,29.4,86,86,619,619,-23.301434,-23.301434,-51.178901,-51.178901,0724,0006,C4A7,07A5F501,2.8,582.7,582.7,0:09:00,83:28:44,-,-,0,-,,,,,04,7,00000000,00,11,,
2025-10-15 17:38:41,,,,23737,GTHBE
2025-10-15 17:38:40,2025-10-15 17:38:40,2025-10-15 17:38:40,2025-10-15 17:38:35,867488068342780,23736,GTERI,0x19FE3FBF,0x00028102,802003,0x8303,0x0115,100,13587,0000,-,01,00,22,12,12,-,01,01,26.3,36.9,37,352,618,618,-23.30148,-23.301868,-51.179033,-51.179041,0724,0006,C4A7,07A5F501,2.8,582.7,582.6,0:08:57,83:28:41,-,-,0,-,,,,,04,7,00000000,00,11,,
2025-10-15 17:38:40,,,,867488068342780,23735,HBD
2025-10-15 17:37:57,2025-10-15 17:37:57,2025-10-15 17:37:55,2025-10-15 17:36:54,867488068342780,23734,GTERI,0x19FE3FBF,0x00028102,802003,0x8303,0x0115,100,13582,0000,-,01,00,22,12,12,-,01,01,0.0,39.7,352,352,612,609,-23.304097,-23.307941,-51.17876,-51.178229,0724,0006,C4A7,07B11101,2.5,582.4,582.0,0:08:15,83:27:59,-,-,0,-,,,,,04,7,00000000,00,10,,
2025-10-15 17:36:23,,,,23733,GTHBE
2025-10-15 17:36:23,,,,867488068342780,23732,HBD
2025-10-15 17:35:18,,,,867488068342780,23731,ACK
2025-10-15 17:35:15,2025-10-15 17:35:16,2025-10-15 17:35:15,2025-10-15 17:35:11,867488068342780,23730,GTSPD,0x19FE7FBF,,802003,0x8303,0x0115,100,13754,0000,0000,01,01,22,12,12,-,01,01,39.2,52.8,352,352,606,605,-23.310969,-23.311431,-51.177819,-51.177753,0724,0006,C4A7,07B11102,1.8,581.7,581.6,0:05:33,83:25:17,-,-,0,-,,,,,,,,,01
2025-10-15 17:35:07,,,,867488068342780,23729,ACK
2025-10-15 17:34:57,,,,867488068342780,23728,ACK
2025-10-15 17:34:57,2025-10-15 17:34:57,2025-10-15 17:34:55,2025-10-15 17:34:55,867488068342780,23727,GTERI,0x19FE3FBF,0x00028102,802003,0x8303,0x0115,100,13785,0000,-,01,00,22,12,12,-,01,01,45.7,45.7,352,352,604,604,-23.313469,-23.313469,-51.177464,-51.177464,0724,0006,C4A7,07A55302,1.5,581.4,581.4,0:05:15,83:24:59,-,-,0,-,,,,,04,7,00000000,00,10,,
2025-10-15 17:34:56,2025-10-15 17:34:56,2025-10-15 17:34:56,2025-10-15 17:34:56,867488068342780,23726,GTSPD,0x19FE7FBF,,802003,0x8303,0x0115,100,13785,0000,0000,01,00,22,12,12,-,01,01,47.3,47.3,352,352,604,604,-23.313353,-23.313353,-51.177481,-51.177481,0724,0006,C4A7,07A55302,1.5,581.4,581.4,0:05:15,83:24:59,-,-,0,-,,,,,,,,,00
2025-10-15 17:34:43,2025-10-15 17:34:43,2025-10-15 17:34:43,2025-10-15 17:34:42,867488068342780,23725,GTERI,0x19FE3FBF,0x00028102,802003,0x8303,0x0115,100,13838,0000,-,01,00,22,12,12,-,01,01,29.3,29.4,316,332,598,598,-23.314467,-23.314525,-51.17709,-51.17704,0724,0006,C4A7,07A55302,1.4,581.3,581.2,0:05:00,83:24:44,-,-,0,-,,,,,04,7,00000000,00,11,,
2025-10-15 17:34:41,,,,23724,GTHBE
2025-10-15 17:34:41,,,,867488068342780,23723,HBD
2025-10-15 17:33:44,,,,867488068342780,23722,ACK
2025-10-15 17:33:43,,,,867488068342780,23721,ACK
2025-10-15 17:33:43,,,,867488068342780,23720,ACK
2025-10-15 17:33:43,,,,867488068342780,23719,HBD
2025-10-15 17:31:57,2025-10-15 17:31:57,2025-10-15 17:31:55,2025-10-15 17:31:02,867488068342780,23718,GTERI,0x19FE3FBF,0x00028102,802003,0x8303,0x0115,100,13795,0000,-,01,00,22,12,12,-,01,01,0.0,42.4,2,3,567,546,-23.322265,-23.324474,-51.176305,-51.176095,0724,0006,C4A7,07A71433,0.5,580.4,580.2,0:02:15,83:21:59,-,-,0,-,,,,,04,28,00000000,00,10,,
2025-10-15 17:31:48,,,,867488068342780,23717,HBD
2025-10-15 17:30:55,2025-10-15 17:30:56,2025-10-15 17:30:55,2025-10-15 17:30:52,867488068342780,23716,GTERI,0x19FE3FBF,0x00028102,802003,0x8303,0x0115,100,13819,0000,-,01,00,22,12,12,-,01,01,26.0,26.8,2,60,541,539,-23.325116,-23.325283,-51.176064,-51.176161,0724,0006,C4A7,07A71401,0.2,580.1,580.1,0:01:12,83:20:56,-,-,0,-,,,,,04,7,00000000,00,11,,
2025-10-15 17:30:52,,,,23715,GTHBE
2025-10-15 17:30:33,2025-10-15 17:30:34,2025-10-15 17:30:33,2025-10-15 17:30:02,867488068342780,23714,GTERI,0x19FE3FBF,0x00028102,802003,0x8303,0x0115,100,14031,0000,-,01,00,22,12,12,-,01,01,25.2,30.5,52,25,540,542,-23.325405,-23.325816,-51.176606,-51.176911,0724,0006,C4A7,07A71401,0.1,580.0,580.0,0:00:51,83:20:35,-,-,0,-,,,,,04,7,00000000,00,11,,
2025-10-15 17:29:57,,,,23713,GTHBE
2025-10-15 17:29:42,2025-10-15 17:29:41,2025-10-15 17:29:41,2025-10-15 17:29:41,867488068342780,23712,GTIGL,0x19FE7FBF,,802003,0x8303,0x0115,100,13238,0000,0000,01,00,22,12,12,-,01,01,0.0,0.0,3,3,547,547,-23.326613,-23.326613,-51.17723,-51.17723,0724,0006,C4A7,07A7140B,0.0,579.9,579.9,0:00:00,83:19:44,-,-,0,-,,,,,,,,,00
2025-10-15 17:29:42,2025-10-15 17:29:41,2025-10-15 17:29:40,2025-10-15 17:29:40,867488068342780,23711,GTSTT,0x19FE7FBF,,802003,0x8303,0x0115,100,13238,0000,0000,01,00,22,12,12,-,01,01,0.0,0.0,3,3,547,547,-23.326613,-23.326613,-51.17723,-51.17723,0724,0006,C4A7,07A7140B,0.0,579.9,579.9,0:00:00,83:19:44,-,-,0,-
2025-10-15 17:29:41,2025-10-15 17:29:41,2025-10-15 17:29:40,2025-10-15 17:29:40,867488068342780,23710,GTSTT,0x19FE7FBF,,802003,0x8303,0x0115,100,13238,0000,0000,01,00,21,12,12,-,01,01,0.0,0.0,3,3,547,547,-23.326613,-23.326613,-51.17723,-51.17723,0724,0006,C4A7,07A7140B,0.0,579.9,579.9,0:00:00,83:19:44,-,-,0,-
2025-10-15 17:29:41,2025-10-15 17:29:41,2025-10-15 17:29:40,2025-10-15 17:28:57,867488068342780,23709,GTIGN,0x19FE7FBF,,802003,0x8303,0x0115,100,13238,0000,0000,01,00,21,12,12,25,01,01,0.0,2.1,3,3,547,547,-23.326613,-23.326613,-51.17723,-51.17723,0724,0006,C4A7,07A7140B,0.0,579.9,579.9,0:00:00,83:19:44,-,-,0,-
2025-10-15 17:29:40,,,,867488068342780,23708,HBD
2025-10-15 17:29:30,2025-10-15 17:29:30,2025-10-15 17:29:29,2025-10-15 17:29:29,867488068342780,23707,GTSTT,0x19FE7FBF,,802003,0x8303,0x0115,100,13363,0000,0000,00,00,11,12,12,-,01,01,0.0,0.0,3,3,547,547,-23.326613,-23.326613,-51.17723,-51.17723,0724,0006,C4A7,07A7140B,4.8,579.9,579.9,0:09:24,83:19:44,-,-,0,-
2025-10-15 17:29:18,,,,867488068342780,23706,ACK
2025-10-15 17:29:17,,,,867488068342780,23705,ACK
2025-10-15 17:29:17,2025-10-15 17:29:16,2025-10-15 17:29:16,2025-10-15 17:29:16,867488068342780,23704,GTIGL,0x19FE7FBF,,802003,0x8303,0x0115,100,13469,0000,0000,00,00,12,12,12,-,01,01,0.0,0.0,3,3,547,547,-23.326613,-23.326613,-51.17723,-51.17723,0724,0006,C4A7,07A7140B,4.8,579.9,579.9,0:09:24,83:19:44,-,-,0,-,,,,,,,,,01
2025-10-15 17:29:16,2025-10-15 17:29:16,2025-10-15 17:29:15,2025-10-15 17:29:15,867488068342780,23703,GTSTT,0x19FE7FBF,,802003,0x8303,0x0115,100,13839,0000,0000,00,00,12,12,12,-,01,01,0.0,0.0,3,3,547,547,-23.326613,-23.326613,-51.17723,-51.17723,0724,0006,C4A7,07A7140B,4.8,579.9,579.9,0:09:24,83:19:44,-,-,0,-
2025-10-15 17:29:16,2025-10-15 17:29:16,2025-10-15 17:29:15,2025-10-15 17:29:15,867488068342780,23702,GTIGF,0x19FE7FBF,,802003,0x8303,0x0115,100,13839,0000,0000,00,00,12,12,12,565,01,01,0.0,0.0,3,3,547,547,-23.326613,-23.326613,-51.17723,-51.17723,0724,0006,C4A7,07A7140B,4.8,579.9,579.9,0:09:24,83:19:44,-,-,0,-
2025-10-15 17:28:57,2025-10-15 17:28:57,2025-10-15 17:28:55,2025-10-15 17:28:55,867488068342780,23701,GTERI,0x19FE3FBF,0x00028102,802003,0x8303,0x0115,100,14020,0000,-,01,00,22,12,12,-,01,01,4.6,4.6,3,3,547,547,-23.32663,-23.32663,-51.177231,-51.177231,0724,0006,C4A7,07A71401,4.8,579.9,579.9,0:09:06,83:19:26,-,-,0,-,,,,,04,7,00000000,00,10,,
2025-10-15 17:28:45,,,,23700,GTHBE
2025-10-15 17:28:45,,,,867488068342780,23699,HBD
2025-10-15 17:27:37,2025-10-15 17:27:37,2025-10-15 17:27:37,2025-10-15 17:27:37,867488068342780,23698,GTERI,0x19FE3FBF,0x00028102,802003,0x8303,0x0115,100,14028,0000,-,01,00,22,12,12,-,01,01,32.3,32.3,329,329,572,572,-23.330372,-23.330372,-51.177194,-51.177194,0724,0006,C4A7,07A71402,4.4,579.5,579.5,0:07:45,83:18:05,-,-,0,-,,,,,04,7,00000000,00,11,,
2025-10-15 17:27:34,2025-10-15 17:27:34,2025-10-15 17:27:34,2025-10-15 17:27:34,867488068342780,23697,GTERI,0x19FE3FBF,0x00028102,802003,0x8303,0x0115,100,14028,0000,-,01,00,22,12,12,-,01,01,30.4,30.4,27,27,572,572,-23.330596,-23.330596,-51.177168,-51.177168,0724,0006,C4A7,07A71402,4.4,579.5,579.5,0:07:42,83:18:02,-,-,0,-,,,,,04,7,00000000,00,11,,
2025-10-15 17:27:32,,,,23696,GTHBE
2025-10-15 17:27:31,2025-10-15 17:27:31,2025-10-15 17:27:31,2025-10-15 17:27:31,867488068342780,23695,GTERI,0x19FE3FBF,0x00028102,802003,0x8303,0x0115,100,14028,0000,-,01,00,22,12,12,-,01,01,26.9,26.9,81,81,573,573,-23.330728,-23.330728,-51.177349,-51.177349,0724,0006,C4A7,07A71402,4.4,579.4,579.4,0:07:39,83:17:59,-,-,0,-,,,,,04,7,00000000,00,11,,
2025-10-15 17:27:27,2025-10-15 17:27:27,2025-10-15 17:27:27,2025-10-15 17:26:38,867488068342780,23694,GTERI,0x19FE3FBF,0x00028102,802003,0x8303,0x0115,100,14144,0000,-,01,00,22,12,12,-,01,01,23.3,40.7,126,92,573,578,-23.330646,-23.33053,-51.177615,-51.178825,0724,0006,C4A7,07A71402,4.3,579.4,579.3,0:07:36,83:17:56,-,-,0,-,,,,,04,7,00000000,00,11,,
2025-10-15 17:26:37,2025-10-15 17:26:37,2025-10-15 17:26:37,2025-10-15 17:26:30,867488068342780,23693,GTSPD,0x19FE7FBF,,802003,0x8303,0x0115,100,14120,0000,0000,01,00,22,12,11,-,01,01,41.6,48.1,90,90,579,581,-23.330526,-23.330516,-51.178937,-51.179804,0724,0006,C4A7,07A71434,4.2,579.3,579.2,0:06:45,83:17:05,-,-,0,-,,,,,,,,,01
2025-10-15 17:26:36,,,,867488068342780,23692,ACK
2025-10-15 17:26:31,,,,867488068342780,23691,ACK
2025-10-15 17:26:29,2025-10-15 17:26:29,2025-10-15 17:26:29,2025-10-15 17:26:29,867488068342780,23690,GTSPD,0x19FE7FBF,,802003,0x8303,0x0115,100,14229,0000,0000,01,00,22,11,11,-,01,01,48.7,48.7,91,91,581,581,-23.330516,-23.330516,-51.179936,-51.179936,0724,0006,C4A7,07A71434,4.1,579.2,579.2,0:06:36,83:16:56,-,-,0,-,,,,,,,,,00
2025-10-15 17:25:57,2025-10-15 17:25:57,2025-10-15 17:25:55,2025-10-15 17:25:43,867488068342780,23689,GTERI,0x19FE3FBF,0x00028102,802003,0x8303,0x0115,100,14182,0000,-,01,00,22,12,12,-,01,01,27.8,41.5,81,81,593,593,-23.33076,-23.330926,-51.183254,-51.184475,0724,0006,C4A7,07A6B034,3.8,578.8,578.7,0:06:06,83:16:26,-,-,0,-,,,,,04,28,00000000,00,10,,
2025-10-15 17:25:57,,,,867488068342780,23688,HBD
2025-10-15 17:25:35,2025-10-15 17:25:35,2025-10-15 17:25:35,2025-10-15 17:25:35,867488068342780,23687,GTERI,0x19FE3FBF,0x00028102,802003,0x8303,0x0115,100,14224,0000,-,01,00,22,12,12,-,01,01,37.5,37.5,73,73,592,592,-23.331051,-23.331051,-51.185323,-51.185323,0724,0006,C4A7,07A6B016,3.6,578.6,578.6,0:05:42,83:16:02,-,-,0,-,,,,,04,3,00000000,00,11,,
2025-10-15 17:25:28,2025-10-15 17:25:28,2025-10-15 17:25:28,2025-10-15 17:25:11,867488068342780,23686,GTERI,0x19FE3FBF,0x00028102,802003,0x8303,0x0115,100,14118,0000,-,01,00,22,12,12,-,01,01,28.6,41.6,26,336,592,601,-23.331419,-23.332637,-51.185823,-51.185374,0724,0006,C4A7,07A6B016,3.5,578.5,578.4,0:05:36,83:15:56,-,-,0,-,,,,,04,3,00000000,00,11,,
2025-10-15 17:25:11,,,,867488068342780,23685,ACK
2025-10-15 17:25:09,2025-10-15 17:25:09,2025-10-15 17:25:09,2025-10-15 17:24:51,867488068342780,23684,GTSPD,0x19FE7FBF,,802003,0x8303,0x0115,100,14169,0000,0000,01,00,22,12,12,-,01,01,43.5,72.6,342,341,602,608,-23.33283,-23.335141,-51.18529,-51.184473,0724,0006,C4A7,07A6B016,3.3,578.4,578.1,0:05:18,83:15:38,-,-,0,-,,,,,,,,,01
2025-10-15 17:24:24,2025-10-15 17:24:24,2025-10-15 17:24:24,2025-10-15 17:24:18,867488068342780,23683,GTERI,0x19FE3FBF,0x00028102,802003,0x8303,0x0115,100,14239,0000,-,01,00,22,12,12,-,01,01,72.3,75.2,337,329,593,594,-23.339439,-23.340439,-51.182924,-51.182398,0724,0006,C4A7,07A5480B,2.6,577.6,577.5,0:04:33,83:14:53,-,-,0,-,,,,,04,1,00000000,00,11,,
2025-10-15 17:24:13,,,,867488068342780,23682,ACK
2025-10-15 17:24:12,,,,867488068342780,23681,ACK
2025-10-15 17:24:12,,,,867488068342780,23680,ACK
2025-10-15 17:24:12,,,,867488068342780,23679,HBD
2025-10-15 17:23:52,,,,867488068342780,23679,HBD
2025-10-15 17:23:17,,,,867488068342780,23678,ACK
2025-10-15 17:23:07,,,,867488068342780,23677,ACK
2025-10-15 17:23:07,2025-10-15 17:23:07,2025-10-15 17:23:07,2025-10-15 17:23:07,867488068342780,23676,GTSPD,0x19FE7FBF,,802003,0x8303,0x0115,100,14193,0000,0000,01,00,22,12,12,-,01,01,49.5,49.5,296,296,596,596,-23.346881,-23.346881,-51.172647,-51.172647,0724,0006,C4A7,07A5BF0D,1.2,576.2,576.2,0:03:15,83:13:35,-,-,0,-,,,,,,,,,00
2025-10-15 17:23:02,2025-10-15 17:23:02,2025-10-15 17:23:02,2025-10-15 17:23:02,867488068342780,23675,GTERI,0x19FE3FBF,0x00028102,802003,0x8303,0x0115,100,14190,0000,-,01,00,22,12,12,-,01,01,35.9,35.9,292,292,598,598,-23.347109,-23.347109,-51.172127,-51.172127,0724,0006,C4A7,07A5BF0D,1.1,576.2,576.2,0:03:09,83:13:29,-,-,0,-,,,,,04,1,00000000,00,11,,
2025-10-15 17:22:57,2025-10-15 17:22:57,2025-10-15 17:22:55,2025-10-15 17:22:56,867488068342780,23674,GTERI,0x19FE3FBF,0x00028102,802003,0x8303,0x0115,100,14190,0000,-,01,00,22,12,12,-,01,01,31.0,31.2,245,244,600,600,-23.347033,-23.347065,-51.17155,-51.171626,0724,0006,C4A7,07A5BF0D,1.1,576.1,576.1,0:03:06,83:13:26,-,-,0,-,,,,,04,1,00000000,00,10,,
2025-10-15 17:22:54,,,,23673,GTHBE
2025-10-15 17:22:53,2025-10-15 17:22:54,2025-10-15 17:22:53,2025-10-15 17:22:53,867488068342780,23672,GTERI,0x19FE3FBF,0x00028102,802003,0x8303,0x0115,100,14190,0000,-,01,00,22,12,12,-,01,01,25.7,25.7,269,269,601,601,-23.34699,-23.34699,-51.171404,-51.171404,0724,0006,C4A7,07A5BF0D,1.0,576.1,576.1,0:03:00,83:13:20,-,-,0,-,,,,,04,1,00000000,00,11,,
2025-10-15 17:22:51,2025-10-15 17:22:52,2025-10-15 17:22:51,2025-10-15 17:22:50,867488068342780,23671,GTERI,0x19FE3FBF,0x00028102,802003,0x8303,0x0115,100,14137,0000,-,01,00,22,12,12,-,01,01,28.9,29.6,318,344,602,602,-23.347033,-23.347092,-51.171279,-51.171237,0724,0006,C4A7,07A5BF0D,1.0,576.1,576.1,0:03:00,83:13:20,-,-,0,-,,,,,04,1,00000000,00,11,,
2025-10-15 17:22:49,2025-10-15 17:22:50,2025-10-15 17:22:49,2025-10-15 17:22:41,867488068342780,23670,GTERI,0x19FE3FBF,0x00028102,802003,0x8303,0x0115,100,14301,0000,-,01,00,22,12,12,-,01,01,30.2,36.9,12,67,602,599,-23.347164,-23.347376,-51.171227,-51.171864,0724,0006,C4A7,07A5BF0D,1.0,576.1,576.0,0:02:57,83:13:17,-,-,0,-,,,,,04,1,00000000,00,11,,
2025-10-15 17:22:31,2025-10-15 17:22:32,2025-10-15 17:22:31,2025-10-15 17:22:29,867488068342780,23669,GTERI,0x19FE3FBF,0x00028102,802003,0x8303,0x0115,100,14070,0000,-,01,00,22,12,12,-,01,01,29.8,31.0,79,121,596,596,-23.347795,-23.34778,-51.172652,-51.172812,0724,0006,C4A7,07A5BF0D,0.8,575.9,575.9,0:02:39,83:12:59,-,-,0,-,,,,,04,1,00000000,00,11,,
2025-10-15 17:22:28,2025-10-15 17:22:29,2025-10-15 17:22:28,2025-10-15 17:22:26,867488068342780,23668,GTERI,0x19FE3FBF,0x00028102,802003,0x8303,0x0115,100,14206,0000,-,01,00,22,12,12,-,01,01,30.5,31.1,141,179,596,596,-23.347733,-23.347595,-51.172879,-51.172943,0724,0006,C4A7,07A5BF0D,0.8,575.9,575.9,0:02:36,83:12:56,-,-,0,-,,,,,04,1,00000000,00,11,,
2025-10-15 17:22:25,,,,23667,GTHBE
2025-10-15 17:22:23,2025-10-15 17:22:24,2025-10-15 17:22:23,2025-10-15 17:22:23,867488068342780,23666,GTERI,0x19FE3FBF,0x00028102,802003,0x8303,0x0115,100,14123,0000,-,01,00,22,12,12,-,01,01,17.4,17.4,191,191,596,596,-23.347416,-23.347416,-51.172918,-51.172918,0724,0006,C4A7,07A5BF0D,0.8,575.8,575.8,0:02:30,83:12:50,-,-,0,-,,,,,04,1,00000000,00,11,,
2025-10-15 17:22:03,2025-10-15 17:22:03,2025-10-15 17:22:03,2025-10-15 17:21:40,867488068342780,23665,GTERI,0x19FE3FBF,0x00028102,802003,0x8303,0x0115,100,14110,0000,-,01,00,22,12,12,-,01,01,9.4,44.1,138,116,595,593,-23.347223,-23.346715,-51.172972,-51.173995,0724,0006,C4A7,07A5BF0D,0.8,575.8,575.7,0:02:12,83:12:32,-,-,0,-,,,,,04,1,00000000,00,11,,
2025-10-15 17:22:03,,,,867488068342780,23664,HBD
2025-10-15 17:21:41,,,,867488068342780,23663,ACK
2025-10-15 17:21:39,2025-10-15 17:21:39,2025-10-15 17:21:39,2025-10-15 17:21:25,867488068342780,23662,GTSPD,0x19FE7FBF,,802003,0x8303,0x0115,100,14257,0000,0000,01,01,22,12,12,-,01,01,44.7,55.8,116,117,593,593,-23.346666,-23.345872,-51.174102,-51.175795,0724,0006,C4A7,07A5BF0D,0.6,575.7,575.5,0:01:48,83:12:08,-,-,0,-,,,,,,,,,01
2025-10-15 17:21:21,,,,867488068342780,23661,ACK
2025-10-15 17:21:11,2025-10-15 17:21:11,2025-10-15 17:21:11,2025-10-15 17:21:11,867488068342780,23660,GTSPD,0x19FE7FBF,,802003,0x8303,0x0115,100,14261,0000,0000,01,00,22,12,12,-,01,01,49.9,49.9,117,117,595,595,-23.345035,-23.345035,-51.177621,-51.177621,0724,0006,C4A7,07A5BF17,0.2,575.3,575.3,0:01:18,83:11:38,-,-,0,-,,,,,,,,,00
2025-10-15 17:21:11,,,,867488068342780,23659,ACK
2025-10-15 17:20:57,2025-10-15 17:20:57,2025-10-15 17:20:57,2025-10-15 17:20:57,867488068342780,23658,GTERI,0x19FE3FBF,0x00028102,802003,0x8303,0x0115,100,14234,0000,-,01,00,22,12,12,-,01,01,11.7,11.7,93,93,595,595,-23.344463,-23.344463,-51.178652,-51.178652,0724,0006,C4A7,07A5BF17,0.1,575.2,575.2,0:01:06,83:11:26,-,-,0,-,,,,,04,3,00000000,00,11,,
2025-10-15 17:20:52,2025-10-15 17:20:52,2025-10-15 17:20:52,2025-10-15 17:20:37,867488068342780,23657,GTERI,0x19FE3FBF,0x00028102,802003,0x8303,0x0115,100,14226,0000,-,01,00,22,12,12,-,01,01,6.7,10.9,35,357,596,597,-23.344481,-23.344792,-51.178724,-51.178728,0724,0006,C4A7,07A5BF17,0.1,575.1,575.1,0:01:00,83:11:20,-,-,0,-,,,,,04,3,00000000,00,11,,
2025-10-15 17:20:30,2025-10-15 17:20:30,2025-10-15 17:20:30,2025-10-15 17:20:28,867488068342780,23656,GTERI,0x19FE3FBF,0x00028102,802003,0x8303,0x0115,100,14020,0000,-,01,00,22,12,12,-,01,01,7.6,9.0,343,313,597,596,-23.344948,-23.344986,-51.178742,-51.178728,0724,0006,C4A7,07A5BF17,0.0,575.1,575.1,0:00:39,83:10:59,-,-,0,-,,,,,04,3,00000000,00,11,,
2025-10-15 17:20:26,2025-10-15 17:20:26,2025-10-15 17:20:26,2025-10-15 17:20:17,867488068342780,23655,GTERI,0x19FE3FBF,0x00028102,802003,0x8303,0x0115,100,14193,0000,-,01,00,22,12,12,-,01,01,6.9,12.6,285,263,596,595,-23.345011,-23.345028,-51.178693,-51.178438,0724,0006,C4A7,07A5BF17,0.0,575.1,575.1,0:00:33,83:10:53,-,-,0,-,,,,,04,3,00000000,00,11,,
2025-10-15 17:20:09,2025-10-15 17:20:09,2025-10-15 17:20:09,2025-10-15 17:20:09,867488068342780,23654,GTERI,0x19FE3FBF,0x00028102,802003,0x8303,0x0115,100,14206,0000,-,01,00,22,12,12,-,01,01,6.0,6.0,240,240,595,595,-23.344927,-23.344927,-51.178297,-51.178297,0724,0006,C4A7,07A5BF17,0.0,575.1,575.1,0:00:18,83:10:38,-,-,0,-,,,,,04,3,00000000,00,11,,
2025-10-15 17:20:03,2025-10-15 17:20:03,2025-10-15 17:20:03,2025-10-15 17:20:03,867488068342780,23653,GTIGL,0x19FE7FBF,,802003,0x8303,0x0115,100,14042,0000,0000,01,00,22,12,12,-,01,01,0.0,0.0,107,107,597,597,-23.344919,-23.344919,-51.178329,-51.178329,0724,0006,C4A7,07A5BF17,0.0,575.1,575.1,0:00:12,83:10:32,-,-,0,-,,,,,,,,,00
2025-10-15 17:20:03,2025-10-15 17:20:03,2025-10-15 17:20:03,2025-10-15 17:20:03,867488068342780,23652,GTERI,0x19FE3FBF,0x00028102,802003,0x8303,0x0115,100,14042,0000,-,01,00,22,12,12,-,01,01,0.0,0.0,107,107,597,597,-23.344919,-23.344919,-51.178329,-51.178329,0724,0006,C4A7,07A5BF17,0.0,575.1,575.1,0:00:12,83:10:32,-,-,0,-,,,,,04,3,00000000,00,10,,
2025-10-15 17:19:51,2025-10-15 17:19:51,2025-10-15 16:55:31,2025-10-15 16:55:31,867488068342780,23651,GTSTT,0x19FE7FBF,,802003,0x8303,0x0115,100,12316,0000,0000,01,00,22,12,12,-,00,00,0.0,0.0,320,320,598,598,-23.344867,-23.344867,-51.17835,-51.17835,0724,0006,C4A7,07A5BF17,0.0,575.1,575.1,0:00:00,83:10:20,-,-,0,-
2025-10-15 17:19:51,2025-10-15 17:19:51,2025-10-15 16:55:31,2025-10-15 15:52:52,867488068342780,23650,GTIGN,0x19FE7FBF,,802003,0x8303,0x0115,100,12316,0000,0000,01,00,22,12,12,5210,00,01,0.0,6.1,320,305,598,598,-23.344867,-23.344868,-51.17835,-51.178335,0724,0006,C4A7,07A5BF17,0.0,575.1,575.1,0:00:00,83:10:20,-,-,0,-
2025-10-15 17:19:51,,,,867488068342780,23649,HBD
2025-10-15 16:57:56,2025-10-15 16:57:56,2025-10-15 16:55:31,2025-10-15 16:55:31,867488068342780,23648,GTERI,0x19FE3FBF,0x00028102,802003,0x8303,0x0115,100,13066,0000,-,00,00,11,12,12,-,01,01,0.0,0.0,320,320,598,598,-23.344867,-23.344867,-51.17835,-51.17835,0724,0006,C4A7,07A5BF17,2.1,575.1,575.1,0:05:48,83:10:20,-,-,0,-,,,,,04,3,00000000,00,10,,
2025-10-15 15:58:01,2025-10-15 15:58:02,2025-10-15 15:58:01,2025-10-15 15:58:01,867488068342780,23647,GTERI,0x19FE3FBF,0x00028102,802003,0x8303,0x0115,100,13127,0000,-,00,00,11,12,12,-,01,01,0.0,0.0,320,320,598,598,-23.344867,-23.344867,-51.17835,-51.17835,0724,0006,C4A7,07A5BF0D,2.1,575.1,575.1,0:05:48,83:10:20,-,-,0,-,,,,,04,1,00000000,00,10,,
2025-10-15 15:57:35,,,,867488068342780,23646,HBD
2025-10-15 15:56:22,2025-10-15 15:56:22,2025-10-15 15:56:20,2025-10-15 15:56:20,867488068342780,23645,GTERI,0x19FE3FBF,0x00028102,802003,0x8303,0x0115,100,13118,0000,-,00,00,11,12,12,-,01,01,0.0,0.0,320,320,598,598,-23.344867,-23.344867,-51.17835,-51.17835,0724,0006,C4A7,07A5BF0D,2.1,575.1,575.1,0:05:48,83:10:20,-,-,0,-,,,,,04,1,00000000,00,10,,
2025-10-15 15:55:34,,,,867488068342780,23644,HBD
2025-10-15 15:53:32,2025-10-15 15:53:32,2025-10-15 15:53:31,2025-10-15 15:53:31,867488068342780,23643,GTSTT,0x19FE7FBF,,802003,0x8303,0x0115,100,13283,0000,0000,00,00,11,12,12,-,01,01,0.0,0.0,320,320,598,598,-23.344867,-23.344867,-51.17835,-51.17835,0724,0006,C4A7,07A73417,2.1,575.1,575.1,0:05:48,83:10:20,-,-,0,-
2025-10-15 15:53:22,2025-10-15 15:53:22,2025-10-15 15:53:20,2025-10-15 15:53:20,867488068342780,23642,GTERI,0x19FE3FBF,0x00028102,802003,0x8303,0x0115,100,13283,0000,-,00,00,12,12,12,-,01,01,0.0,0.0,320,320,598,598,-23.344867,-23.344867,-51.17835,-51.17835,0724,0006,C4A7,07A73417,2.1,575.1,575.1,0:05:48,83:10:20,-,-,0,-,,,,,04,3,00000000,00,10,,
2025-10-15 15:53:22,,,,867488068342780,23641,HBD
2025-10-15 15:53:04,,,,867488068342780,23640,ACK
2025-10-15 15:53:04,,,,867488068342780,23639,ACK
2025-10-15 15:53:01,2025-10-15 15:53:02,2025-10-15 15:53:01,2025-10-15 15:53:01,867488068342780,23638,GTIGL,0x19FE7FBF,,802003,0x8303,0x0115,100,13507,0000,0000,00,00,12,12,12,-,01,01,0.0,0.0,320,320,598,598,-23.344867,-23.344867,-51.17835,-51.17835,0724,0006,C4A7,07A5BF17,2.1,575.1,575.1,0:05:48,83:10:20,-,-,0,-,,,,,,,,,01
2025-10-15 15:53:01,2025-10-15 15:53:01,2025-10-15 15:53:00,2025-10-15 15:53:00,867488068342780,23637,GTSTT,0x19FE7FBF,,802003,0x8303,0x0115,100,13507,0000,0000,00,00,12,12,12,-,01,01,0.0,0.0,320,320,598,598,-23.344867,-23.344867,-51.17835,-51.17835,0724,0006,C4A7,07A5BF17,2.1,575.1,575.1,0:05:48,83:10:20,-,-,0,-
2025-10-15 15:53:01,2025-10-15 15:53:01,2025-10-15 15:53:00,2025-10-15 15:53:00,867488068342780,23636,GTIGF,0x19FE7FBF,,802003,0x8303,0x0115,100,13507,0000,0000,00,00,12,12,12,348,01,01,0.0,0.0,320,320,598,598,-23.344867,-23.344867,-51.17835,-51.17835,0724,0006,C4A7,07A5BF17,2.1,575.1,575.1,0:05:48,83:10:20,-,-,0,-
2025-10-15 15:52:51,2025-10-15 15:52:52,2025-10-15 15:52:51,2025-10-15 15:52:50,867488068342780,23635,GTERI,0x19FE3FBF,0x00028102,802003,0x8303,0x0115,100,14192,0000,-,01,00,22,12,12,-,01,01,6.7,8.1,320,347,598,599,-23.344873,-23.344885,-51.17832,-51.178306,0724,0006,C4A7,07A5BF17,2.1,575.1,575.1,0:05:36,83:10:08,-,-,0,-,,,,,04,3,00000000,00,11,,
2025-10-15 15:52:49,2025-10-15 15:52:50,2025-10-15 15:52:49,2025-10-15 15:52:48,867488068342780,23634,GTERI,0x19FE3FBF,0x00028102,802003,0x8303,0x0115,100,14137,0000,-,01,00,22,12,12,-,01,01,8.3,9.2,9,32,599,598,-23.344903,-23.344923,-51.178299,-51.178302,0724,0006,C4A7,07A5BF17,2.1,575.1,575.1,0:05:36,83:10:08,-,-,0,-,,,,,04,3,00000000,00,11,,
2025-10-15 15:52:46,2025-10-15 15:52:47,2025-10-15 15:52:46,2025-10-15 15:52:45,867488068342780,23633,GTERI,0x19FE3FBF,0x00028102,802003,0x8303,0x0115,100,14188,0000,-,01,00,22,12,12,-,01,01,9.4,10.2,65,75,599,599,-23.344957,-23.344966,-51.178332,-51.178356,0724,0006,C4A7,07A73417,2.1,575.1,575.1,0:05:33,83:10:05,-,-,0,-,,,,,04,3,00000000,00,11,,
2025-10-15 15:52:30,2025-10-15 15:52:31,2025-10-15 15:52:30,2025-10-15 15:52:21,867488068342780,23632,GTERI,0x19FE3FBF,0x00028102,802003,0x8303,0x0115,100,14142,0000,-,01,00,22,12,12,-,01,01,7.7,16.5,111,181,595,594,-23.344978,-23.344815,-51.178682,-51.178777,0724,0006,C4A7,07A54816,2.1,575.0,575.0,0:05:15,83:09:47,-,-,0,-,,,,,04,3,00000000,00,11,,
2025-10-15 15:52:02,2025-10-15 15:52:03,2025-10-15 15:52:02,2025-10-15 15:51:50,867488068342780,23631,GTERI,0x19FE3FBF,0x00028102,802003,0x8303,0x0115,100,14233,0000,-,01,00,22,12,12,-,01,01,11.6,41.2,161,130,590,590,-23.344367,-23.343901,-51.178762,-51.179337,0724,0006,C4A7,07A5BF17,2.0,575.0,574.9,0:04:48,83:09:20,-,-,0,-,,,,,04,3,00000000,00,11,,
2025-10-15 15:51:53,,,,867488068342780,23630,ACK
2025-10-15 15:51:49,2025-10-15 15:51:50,2025-10-15 15:51:49,2025-10-15 15:51:43,867488068342780,23629,GTSPD,0x19FE7FBF,,802003,0x8303,0x0115,100,14332,0000,0000,01,00,22,12,12,-,01,01,43.4,48.3,130,132,590,590,-23.343832,-23.343365,-51.179423,-51.179994,0724,0006,C4A7,07A72A17,1.9,574.9,574.8,0:04:36,83:09:08,-,-,0,-,,,,,,,,,01
2025-10-15 15:51:43,,,,867488068342780,23628,ACK
2025-10-15 15:51:39,2025-10-15 15:51:39,2025-10-15 15:51:39,2025-10-15 15:51:39,867488068342780,23627,GTSPD,0x19FE7FBF,,802003,0x8303,0x0115,100,14266,0000,0000,01,00,22,12,12,-,01,01,46.9,46.9,131,131,590,590,-23.343045,-23.343045,-51.180377,-51.180377,0724,0006,C4A7,07A54816,1.8,574.7,574.7,0:04:24,83:08:56,-,-,0,-,,,,,,,,,00
2025-10-15 15:51:36,2025-10-15 15:51:36,2025-10-15 15:51:36,2025-10-15 15:51:36,867488068342780,23626,GTERI,0x19FE3FBF,0x00028102,802003,0x8303,0x0115,100,14182,0000,-,01,00,22,12,12,-,01,01,42.9,42.9,116,116,591,591,-23.342831,-23.342831,-51.180662,-51.180662,0724,0006,C4A7,07A54816,1.8,574.7,574.7,0:04:21,83:08:53,-,-,0,-,,,,,04,3,00000000,00,11,,
2025-10-15 15:51:31,2025-10-15 15:51:31,2025-10-15 15:51:31,2025-10-15 15:51:31,867488068342780,23625,GTERI,0x19FE3FBF,0x00028102,802003,0x8303,0x0115,100,14183,0000,-,01,00,22,12,12,-,01,01,39.3,39.3,66,66,592,592,-23.342878,-23.342878,-51.181195,-51.181195,0724,0006,C4A7,07A54816,1.7,574.6,574.6,0:04:18,83:08:50,-,-,0,-,,,,,04,3,00000000,00,11,,
2025-10-15 15:51:28,2025-10-15 15:51:28,2025-10-15 15:51:28,2025-10-15 15:51:26,867488068342780,23624,GTERI,0x19FE3FBF,0x00028102,802003,0x8303,0x0115,100,14122,0000,-,01,00,22,12,12,-,01,01,33.8,34.6,113,155,593,592,-23.342913,-23.342806,-51.181473,-51.18161,0724,0006,C4A7,07A54816,1.7,574.6,574.6,0:04:15,83:08:47,-,-,0,-,,,,,04,3,00000000,00,11,,
2025-10-15 15:51:25,2025-10-15 15:51:25,2025-10-15 15:51:25,2025-10-15 15:51:24,867488068342780,23623,GTERI,0x19FE3FBF,0x00028102,802003,0x8303,0x0115,100,14097,0000,-,01,00,22,12,12,-,01,01,35.8,37.1,176,198,591,591,-23.342724,-23.342634,-51.181639,-51.181633,0724,0006,C4A7,07A54816,1.6,574.6,574.6,0:04:12,83:08:44,-,-,0,-,,,,,04,3,00000000,00,11,,
2025-10-15 15:51:21,2025-10-15 15:51:21,2025-10-15 15:51:21,2025-10-15 15:51:15,867488068342780,23622,GTERI,0x19FE3FBF,0x00028102,802003,0x8303,0x0115,100,14367,0000,-,01,00,22,12,12,-,01,01,36.1,40.2,242,194,589,588,-23.342441,-23.341982,-51.18144,-51.181104,0724,0006,C4A7,07A54816,1.6,574.6,574.5,0:04:06,83:08:38,-,-,0,-,,,,,04,3,00000000,00,11,,
2025-10-15 15:51:19,,,,867488068342780,23621,ACK
2025-10-15 15:51:18,,,,867488068342780,23620,ACK
2025-10-15 15:51:18,,,,867488068342780,23619,ACK
2025-10-15 15:51:18,,,,867488068342780,23618,HBD
2025-10-15 15:51:10,,,,23617,GTHBE
2025-10-15 15:50:57,,,,867488068342780,23616,ACK
2025-10-15 15:50:57,2025-10-15 15:50:57,2025-10-15 15:50:57,2025-10-15 15:50:48,867488068342780,23615,GTSPD,0x19FE7FBF,,802003,0x8303,0x0115,100,14323,0000,0000,01,01,22,12,12,-,01,01,39.6,54.1,179,190,584,580,-23.340844,-23.339757,-51.180728,-51.180699,0724,0006,C4A7,07A5BF0D,1.4,574.4,574.2,0:03:42,83:08:14,-,-,0,-,,,,,,,,,01
2025-10-15 15:50:47,2025-10-15 15:50:47,2025-10-15 15:50:47,2025-10-15 15:50:45,867488068342780,23614,GTERI,0x19FE3FBF,0x00028102,802003,0x8303,0x0115,100,14323,0000,-,01,01,22,12,12,-,01,01,55.6,57.1,194,200,580,581,-23.339623,-23.339353,-51.180668,-51.18058,0724,0006,C4A7,07A5480B,1.3,574.2,574.2,0:03:33,83:08:05,-,-,0,-,,,,,04,1,00000000,00,11,,
2025-10-15 15:50:27,,,,867488068342780,23613,ACK
2025-10-15 15:50:22,2025-10-15 15:50:22,2025-10-15 15:50:20,2025-10-15 15:50:19,867488068342780,23612,GTERI,0x19FE3FBF,0x00028102,802003,0x8303,0x0115,100,14222,0000,-,01,00,22,12,12,-,01,01,45.0,45.2,240,243,612,612,-23.336901,-23.336846,-51.178545,-51.178439,0724,0006,C4A7,07A54833,0.9,573.9,573.8,0:03:09,83:07:41,-,-,0,-,,,,,04,28,00000000,00,10,,
2025-10-15 15:50:18,,,,867488068342780,23611,ACK
2025-10-15 15:50:18,2025-10-15 15:50:18,2025-10-15 15:50:18,2025-10-15 15:50:17,867488068342780,23610,GTSPD,0x19FE7FBF,,802003,0x8303,0x0115,100,14282,0000,0000,01,00,22,12,12,-,01,01,45.1,45.5,244,244,613,613,-23.336795,-23.336746,-51.178329,-51.17822,0724,0006,C4A7,07A5BF35,0.9,573.8,573.8,0:03:03,83:07:35,-,-,0,-,,,,,,,,,00
2025-10-15 15:50:16,2025-10-15 15:50:15,2025-10-15 15:50:15,2025-10-15 15:50:15,867488068342780,23609,GTERI,0x19FE3FBF,0x00028102,802003,0x8303,0x0115,100,14230,0000,-,01,00,22,12,12,-,01,01,42.9,42.9,235,235,613,613,-23.336643,-23.336643,-51.178008,-51.178008,0724,0006,C4A7,07A54833,0.8,573.8,573.8,0:03:00,83:07:32,-,-,0,-,,,,,04,28,00000000,00,11,,
2025-10-15 15:50:06,2025-10-15 15:50:06,2025-10-15 15:50:06,2025-10-15 15:50:05,867488068342780,23608,GTERI,0x19FE3FBF,0x00028102,802003,0x8303,0x0115,100,14295,0000,-,01,00,22,12,12,-,01,01,35.0,35.2,185,177,611,611,-23.335924,-23.335836,-51.177525,-51.177521,0724,0006,C4A7,07A6D80D,0.7,573.7,573.7,0:02:51,83:07:23,-,-,0,-,,,,,04,1,00000000,00,11,,
2025-10-15 15:49:59,2025-10-15 15:49:59,2025-10-15 15:49:59,2025-10-15 15:49:59,867488068342780,23607,GTERI,0x19FE3FBF,0x00028102,802003,0x8303,0x0115,100,14295,0000,-,01,00,22,12,12,-,01,01,26.7,26.7,134,134,611,611,-23.335448,-23.335448,-51.177775,-51.177775,0724,0006,C4A7,07A6D80D,0.7,573.6,573.6,0:02:45,83:07:17,-,-,0,-,,,,,04,1,00000000,00,11,,
2025-10-15 15:49:57,,,,23606,GTHBE
2025-10-15 15:49:33,,,,867488068342780,23605,HBD
2025-10-15 15:48:22,,,,23604,GTHBE
2025-10-15 15:48:10,,,,867488068342780,23603,ACK
2025-10-15 15:48:09,2025-10-15 15:48:09,2025-10-15 15:48:09,2025-10-15 15:48:09,867488068342780,23602,GTIGL,0x19FE7FBF,,802003,0x8303,0x0115,100,14371,0000,0000,01,00,22,12,12,-,01,01,12.2,12.2,184,184,579,579,-23.33005,-23.33005,-51.177481,-51.177481,0724,0006,C4A7,07A71402,0.1,573.0,573.0,0:00:54,83:05:26,-,-,0,-,,,,,,,,,00
2025-10-15 15:48:09,2025-10-15 15:48:09,2025-10-15 15:48:09,2025-10-15 15:48:09,867488068342780,23601,GTERI,0x19FE3FBF,0x00028102,802003,0x8303,0x0115,100,14371,0000,-,01,00,22,12,12,-,01,01,12.2,12.2,184,184,579,579,-23.33005,-23.33005,-51.177481,-51.177481,0724,0006,C4A7,07A71402,0.1,573.0,573.0,0:00:54,83:05:26,-,-,0,-,,,,,04,7,00000000,00,10,,
2025-10-15 15:48:09,2025-10-15 15:48:09,2025-10-15 15:48:09,2025-10-15 15:48:09,867488068342780,23600,GTGSS,0x19FE7FBF,,802003,0x8303,0x0115,100,14371,0000,0000,01,00,22,12,12,-,01,01,12.2,12.2,184,184,579,579,-23.33005,-23.33005,-51.177481,-51.177481,0724,0006,C4A7,07A71402,0.1,573.0,573.0,0:00:54,83:05:26,-,-,0,-,-,,,,,,,,,01
2025-10-15 15:47:14,2025-10-15 15:47:13,2025-10-15 07:51:38,2025-10-15 07:51:38,867488068342780,23599,GTSTT,0x19FE7FBF,,802003,0x8303,0x0115,100,12553,0000,0000,01,00,22,12,12,-,00,00,1.9,1.9,254,254,560,560,-23.32948,-23.32948,-51.177572,-51.177572,0724,0006,C4A7,07A71434,0.0,573.0,573.0,0:00:00,83:04:32,-,-,0,-
2025-10-15 15:47:13,2025-10-15 15:47:13,2025-10-15 07:51:38,2025-10-15 07:51:25,867488068342780,23598,GTIGN,0x19FE7FBF,,802003,0x8303,0x0115,100,12553,0000,0000,01,00,22,12,12,28507,00,01,1.9,9.7,254,270,560,564,-23.32948,-23.32959,-51.177572,-51.177565,0724,0006,C4A7,07A71434,0.0,573.0,573.0,0:00:00,83:04:32,-,-,0,-
2025-10-15 15:47:13,,,,867488068342780,23597,HBD
2025-10-15 14:57:01,2025-10-15 14:57:01,2025-10-15 07:51:38,2025-10-15 07:51:38,867488068342780,23596,GTERI,0x19FE3FBF,0x00028102,802003,0x8303,0x0115,100,12854,0000,-,00,00,11,12,12,-,00,00,1.9,1.9,254,254,560,560,-23.32948,-23.32948,-51.177572,-51.177572,0724,0006,C4A7,07A71434,19.2,573.0,573.0,0:41:06,83:04:32,-,-,0,-,,,,,04,28,00000000,00,10,,
2025-10-15 13:57:01,2025-10-15 13:57:01,2025-10-15 07:51:38,2025-10-15 07:51:38,867488068342780,23595,GTERI,0x19FE3FBF,0x00028102,802003,0x8303,0x0115,100,12927,0000,-,00,00,11,12,12,-,00,00,1.9,1.9,254,254,560,560,-23.32948,-23.32948,-51.177572,-51.177572,0724,0006,C4A7,07A71434,19.2,573.0,573.0,0:41:06,83:04:32,-,-,0,-,,,,,04,28,00000000,00,10,,
2025-10-15 12:57:01,2025-10-15 12:57:01,2025-10-15 07:51:38,2025-10-15 07:51:38,867488068342780,23594,GTERI,0x19FE3FBF,0x00028102,802003,0x8303,0x0115,100,12896,0000,-,00,00,11,12,12,-,00,00,1.9,1.9,254,254,560,560,-23.32948,-23.32948,-51.177572,-51.177572,0724,0006,C4A7,07A71434,19.2,573.0,573.0,0:41:06,83:04:32,-,-,0,-,,,,,04,28,00000000,00,10,,
2025-10-15 11:57:01,2025-10-15 11:57:01,2025-10-15 07:51:38,2025-10-15 07:51:38,867488068342780,23593,GTERI,0x19FE3FBF,0x00028102,802003,0x8303,0x0115,100,12980,0000,-,00,00,11,12,12,-,00,00,1.9,1.9,254,254,560,560,-23.32948,-23.32948,-51.177572,-51.177572,0724,0006,C4A7,07A71434,19.2,573.0,573.0,0:41:06,83:04:32,-,-,0,-,,,,,04,28,00000000,00,10,,
2025-10-15 11:12:45,2025-10-15 11:06:41,2025-10-15 07:51:38,2025-10-15 07:51:38,867488068342780,23592,GTPDP,0x19FE7FBF,,802003,0x8303,0x0115,100,12938,0000,0000,00,00,11,12,12,-,00,00,1.9,1.9,254,254,560,560,-23.32948,-23.32948,-51.177572,-51.177572,0000,0000,0000,00000000,19.2,573.0,573.0,0:41:06,83:04:32,-,-,0,-
2025-10-15 10:57:01,2025-10-15 10:57:01,2025-10-15 07:51:38,2025-10-15 07:51:38,867488068342780,23591,GTERI,0x19FE3FBF,0x00028102,802003,0x8303,0x0115,100,13050,0000,-,00,00,11,12,12,-,00,00,1.9,1.9,254,254,560,560,-23.32948,-23.32948,-51.177572,-51.177572,0724,0006,C4A7,07A71434,19.2,573.0,573.0,0:41:06,83:04:32,-,-,0,-,,,,,04,28,00000000,00,10,,
2025-10-15 09:57:01,2025-10-15 09:57:01,2025-10-15 07:51:38,2025-10-15 07:51:38,867488068342780,23590,GTERI,0x19FE3FBF,0x00028102,802003,0x8303,0x0115,100,12995,0000,-,00,00,11,12,12,-,00,00,1.9,1.9,254,254,560,560,-23.32948,-23.32948,-51.177572,-51.177572,0724,0006,C4A7,07A71434,19.2,573.0,573.0,0:41:06,83:04:32,-,-,0,-,,,,,04,28,00000000,00,10,,
2025-10-15 08:57:01,2025-10-15 08:57:01,2025-10-15 07:51:38,2025-10-15 07:51:38,867488068342780,23589,GTERI,0x19FE3FBF,0x00028102,802003,0x8303,0x0115,100,13061,0000,-,00,00,11,12,12,-,00,00,1.9,1.9,254,254,560,560,-23.32948,-23.32948,-51.177572,-51.177572,0724,0006,C4A7,07A71434,19.2,573.0,573.0,0:41:06,83:04:32,-,-,0,-,,,,,04,28,00000000,00,10,,
2025-10-15 08:23:22,,,,867488068342780,23588,GTINF,,,,,,,,,,,,,,,,,,,,,,,,,,,,,,,,,,,,,,,,,,C1,4171,03
2025-10-15 07:57:08,2025-10-15 07:57:09,2025-10-15 07:51:38,2025-10-15 07:51:38,867488068342780,23587,GTERI,0x19FE3FBF,0x00028102,802003,0x8303,0x0115,100,13092,0000,-,00,00,11,12,12,-,00,00,1.9,1.9,254,254,560,560,-23.32948,-23.32948,-51.177572,-51.177572,0724,0006,C4A7,07A71434,19.2,573.0,573.0,0:41:06,83:04:32,-,-,0,-,,,,,04,28,00000000,00,10,,
2025-10-15 07:56:51,2025-10-15 07:56:52,2025-10-15 07:51:38,2025-10-15 07:51:38,867488068342780,23586,GTERI,0x19FE3FBF,0x00028102,802003,0x8303,0x0115,100,13095,0000,-,00,00,11,12,12,-,00,00,1.9,1.9,254,254,560,560,-23.32948,-23.32948,-51.177572,-51.177572,0724,0006,C4A7,07A71434,19.2,573.0,573.0,0:41:06,83:04:32,-,-,0,-,,,,,04,28,00000000,00,10,,
2025-10-15 07:56:41,2025-10-15 07:56:42,2025-10-15 07:51:38,2025-10-15 07:51:38,867488068342780,23585,GTGSS,0x19FE7FBF,,802003,0x8303,0x0115,100,13095,0000,0000,00,00,11,0,0,-,00,00,1.9,1.9,254,254,560,560,-23.32948,-23.32948,-51.177572,-51.177572,0724,0006,C4A7,07A71434,19.2,573.0,573.0,0:41:06,83:04:32,-,-,0,-,-,,,,,,,,,00
2025-10-15 07:53:52,2025-10-15 07:53:52,2025-10-15 07:51:23,2025-10-15 07:51:23,867488068342780,23584,GTERI,0x19FE3FBF,0x00028102,802003,0x8303,0x0115,100,13186,0000,-,00,00,11,12,12,-,00,00,10.8,10.8,254,254,565,565,-23.329591,-23.329591,-51.177538,-51.177538,0724,0006,C4A7,07A71434,19.2,573.0,573.0,0:41:06,83:04:32,-,-,0,-,,,,,04,28,00000000,00,10,,
2025-10-15 07:52:35,2025-10-15 07:52:35,2025-10-15 07:51:38,2025-10-15 07:51:38,867488068342780,23583,GTSTT,0x19FE7FBF,,802003,0x8303,0x0115,100,13154,0000,0000,00,00,11,12,12,-,00,00,1.9,1.9,254,254,560,560,-23.32948,-23.32948,-51.177572,-51.177572,0724,0006,C4A7,07A71434,19.2,573.0,573.0,0:41:06,83:04:32,-,-,0,-
2025-10-15 07:52:09,,,,867488068342780,23582,ACK
2025-10-15 07:52:09,,,,867488068342780,23581,ACK
2025-10-15 07:52:08,2025-10-15 07:52:08,2025-10-15 07:51:23,2025-10-15 07:51:23,867488068342780,23580,GTIGL,0x19FE7FBF,,802003,0x8303,0x0115,100,13230,0000,0000,00,00,12,12,12,-,00,00,10.8,10.8,254,254,565,565,-23.329591,-23.329591,-51.177538,-51.177538,0724,0006,C4A7,07A71434,19.2,573.0,573.0,0:41:06,83:04:32,-,-,0,-,,,,,,,,,01
2025-10-15 07:52:05,2025-10-15 07:52:06,2025-10-15 07:51:38,2025-10-15 07:51:38,867488068342780,23579,GTSTT,0x19FE7FBF,,802003,0x8303,0x0115,100,13230,0000,0000,00,00,12,12,12,-,00,00,1.9,1.9,254,254,560,560,-23.32948,-23.32948,-51.177572,-51.177572,0724,0006,C4A7,07A71434,19.2,573.0,573.0,0:41:06,83:04:32,-,-,0,-
2025-10-15 07:52:05,2025-10-15 07:52:06,2025-10-15 07:51:38,2025-10-15 07:51:38,867488068342780,23578,GTIGF,0x19FE7FBF,,802003,0x8303,0x0115,100,13230,0000,0000,00,00,12,12,12,2469,00,00,1.9,1.9,254,254,560,560,-23.32948,-23.32948,-51.177572,-51.177572,0724,0006,C4A7,07A71434,19.2,573.0,573.0,0:41:06,83:04:32,-,-,0,-
2025-10-15 07:52:05,,,,867488068342780,23577,HBD
2025-10-15 07:51:23,2025-10-15 07:51:23,2025-10-15 07:51:23,2025-10-15 07:51:13,867488068342780,23576,GTERI,0x19FE3FBF,0x00028102,802003,0x8303,0x0115,100,13542,0000,-,01,00,22,12,12,-,01,01,10.8,31.4,254,184,565,557,-23.329591,-23.329136,-51.177538,-51.177444,0724,0006,C4A7,07A71434,19.2,573.0,572.9,0:40:24,83:03:50,-,-,0,-,,,,,04,28,00000000,00,11,,
2025-10-15 07:50:51,2025-10-15 07:50:52,2025-10-15 07:50:50,2025-10-15 07:50:45,867488068342780,23575,GTERI,0x19FE3FBF,0x00028102,802003,0x8303,0x0115,100,13538,0000,-,01,00,22,12,12,-,01,01,0.0,13.0,176,183,555,555,-23.328671,-23.328649,-51.177394,-51.177396,0724,0006,C4A7,07A71401,19.1,572.9,572.9,0:39:54,83:03:20,-,-,0,-,,,,,04,7,00000000,00,10,,
2025-10-15 07:50:45,,,,23574,GTHBE
2025-10-15 07:50:44,,,,867488068342780,23573,ACK
2025-10-15 07:50:41,2025-10-15 07:50:42,2025-10-15 07:50:41,2025-10-15 07:50:39,867488068342780,23572,GTSPD,0x19FE7FBF,,802003,0x8303,0x0115,100,13631,0000,0000,01,00,22,12,12,-,01,01,42.7,46.6,184,180,553,552,-23.328351,-23.328129,-51.177371,-51.177363,0724,0006,C4A7,07A71415,19.0,572.8,572.8,0:39:42,83:03:08,-,-,0,-,,,,,,,,,01
2025-10-15 07:50:39,,,,867488068342780,23571,ACK
2025-10-15 07:50:35,2025-10-15 07:50:36,2025-10-15 07:50:35,2025-10-15 07:50:34,867488068342780,23570,GTSPD,0x19FE7FBF,,802003,0x8303,0x0115,100,13727,0000,0000,01,00,22,12,12,-,01,01,45.4,45.9,179,181,549,548,-23.327669,-23.327554,-51.177359,-51.17736,0724,0006,C4A7,07A71517,19.0,572.8,572.7,0:39:36,83:03:02,-,-,0,-,,,,,,,,,00
2025-10-15 07:50:14,2025-10-15 07:50:15,2025-10-15 07:50:14,2025-10-15 07:50:12,867488068342780,23569,GTERI,0x19FE3FBF,0x00028102,802003,0x8303,0x0115,100,13692,0000,-,01,00,22,12,12,-,01,01,26.0,26.3,176,210,535,535,-23.326007,-23.32588,-51.177476,-51.177452,0724,0006,C4A7,07A71415,18.8,572.6,572.5,0:39:15,83:02:41,-,-,0,-,,,,,04,3,00000000,00,11,,
2025-10-15 07:50:06,2025-10-15 07:50:07,2025-10-15 07:50:06,2025-10-15 07:50:00,867488068342780,23568,GTERI,0x19FE3FBF,0x00028102,802003,0x8303,0x0115,100,13692,0000,-,01,00,22,12,12,-,01,01,26.0,30.4,226,207,533,533,-23.325696,-23.325342,-51.177116,-51.176878,0724,0006,C4A7,07A71415,18.7,572.5,572.5,0:39:09,83:02:35,-,-,0,-,,,,,04,3,00000000,00,11,,
2025-10-15 07:49:53,2025-10-15 07:49:54,2025-10-15 07:49:53,2025-10-15 07:49:51,867488068342780,23567,GTERI,0x19FE3FBF,0x00028102,802003,0x8303,0x0115,100,13707,0000,-,01,00,22,12,12,-,01,01,25.9,26.2,174,208,533,533,-23.324846,-23.32472,-51.176856,-51.176837,0724,0006,C4A7,07A71415,18.6,572.4,572.4,0:38:54,83:02:20,-,-,0,-,,,,,04,3,00000000,00,11,,
2025-10-15 07:49:50,,,,23566,GTHBE
2025-10-15 07:49:42,2025-10-15 07:49:43,2025-10-15 07:49:42,2025-10-15 07:49:42,867488068342780,23565,GTERI,0x19FE3FBF,0x00028102,802003,0x8303,0x0115,100,13666,0000,-,01,00,22,12,12,-,01,01,23.7,23.7,219,219,537,537,-23.324383,-23.324383,-51.176319,-51.176319,0724,0006,C4A7,07A71415,18.5,572.3,572.3,0:38:45,83:02:11,-,-,0,-,,,,,04,3,00000000,00,11,,
2025-10-15 07:49:42,,,,867488068342780,23564,HBD
2025-10-15 07:49:22,,,,23563,GTHBE
2025-10-15 07:48:53,,,,23562,GTHBE
2025-10-15 07:48:52,,,,867488068342780,23561,ACK
2025-10-15 07:48:52,2025-10-15 07:48:33,2025-10-15 07:48:32,2025-10-15 07:48:25,867488068342780,23560,GTSPD,0x19FE7FBF,,802003,0x8303,0x0115,100,13638,0000,0000,01,00,22,12,12,-,01,01,40.1,51.9,172,173,572,578,-23.320538,-23.319705,-51.176587,-51.176698,0724,0006,C4A7,07A71417,18.1,571.9,571.8,0:37:33,83:00:59,-,-,0,-,,,,,,,,,01
2025-10-15 07:48:33,2025-10-15 07:48:33,2025-10-15 07:48:32,2025-10-15 07:48:25,867488068342780,23560,GTSPD,0x19FE7FBF,,802003,0x8303,0x0115,100,13638,0000,0000,01,00,22,12,12,-,01,01,40.1,51.9,172,173,572,578,-23.320538,-23.319705,-51.176587,-51.176698,0724,0006,C4A7,07A71417,18.1,571.9,571.8,0:37:33,83:00:59,-,-,0,-,,,,,,,,,01
2025-10-15 07:48:23,,,,867488068342780,23559,ACK
2025-10-15 07:48:22,2025-10-15 07:48:23,2025-10-15 07:48:22,2025-10-15 07:48:22,867488068342780,23558,GTSPD,0x19FE7FBF,,802003,0x8303,0x0115,100,13685,0000,0000,01,00,22,12,12,-,01,01,49.5,49.5,176,176,580,580,-23.31932,-23.31932,-51.176728,-51.176728,0724,0006,C4A7,07A7150D,18.0,571.8,571.8,0:37:24,83:00:50,-,-,0,-,,,,,,,,,00
2025-10-15 07:48:18,,,,867488068342780,23557,ACK
2025-10-15 07:48:17,2025-10-15 07:48:18,2025-10-15 07:48:17,2025-10-15 07:48:10,867488068342780,23556,GTSPD,0x19FE7FBF,,802003,0x8303,0x0115,100,13685,0000,0000,01,00,22,12,12,-,01,01,38.4,49.7,167,172,584,587,-23.318792,-23.31798,-51.176807,-51.176931,0724,0006,C4A7,07A7150D,17.9,571.7,571.6,0:37:18,83:00:44,-,-,0,-,,,,,,,,,01
2025-10-15 07:48:09,2025-10-15 07:48:10,2025-10-15 07:48:09,2025-10-15 07:48:09,867488068342780,23555,GTSPD,0x19FE7FBF,,802003,0x8303,0x0115,100,13742,0000,0000,01,00,22,12,12,-,01,01,48.3,48.3,172,172,588,588,-23.317857,-23.317857,-51.176947,-51.176947,0724,0006,C4A7,07A55316,17.8,571.6,571.6,0:37:12,83:00:38,-,-,0,-,,,,,,,,,00
2025-10-15 07:48:08,,,,867488068342780,23554,ACK
2025-10-15 07:47:58,,,,867488068342780,23553,ACK
2025-10-15 07:47:55,2025-10-15 07:47:56,2025-10-15 07:47:55,2025-10-15 07:47:52,867488068342780,23552,GTSPD,0x19FE7FBF,,802003,0x8303,0x0115,100,13372,0000,0000,01,00,22,12,12,-,01,01,36.7,51.4,173,173,588,588,-23.316734,-23.316407,-51.1771,-51.177143,0724,0006,C4A7,07A55316,17.7,571.5,571.4,0:36:57,83:00:23,-,-,0,-,,,,,,,,,01
2025-10-15 07:47:51,2025-10-15 07:47:52,2025-10-15 07:47:50,2025-10-15 07:47:48,867488068342780,23551,GTERI,0x19FE3FBF,0x00028102,802003,0x8303,0x0115,100,13695,0000,-,01,00,22,12,12,-,01,01,54.9,55.6,172,173,589,589,-23.316144,-23.315869,-51.17718,-51.177218,0724,0006,C4A7,07A55316,17.6,571.4,571.4,0:36:54,83:00:20,-,-,0,-,,,,,04,3,00000000,00,10,,
2025-10-15 07:47:48,,,,867488068342780,23550,ACK
2025-10-15 07:47:45,2025-10-15 07:47:46,2025-10-15 07:47:45,2025-10-15 07:47:45,867488068342780,23549,GTSPD,0x19FE7FBF,,802003,0x8303,0x0115,100,13589,0000,0000,01,00,22,12,12,-,01,01,50.1,50.1,173,173,590,590,-23.315464,-23.315464,-51.177272,-51.177272,0724,0006,C4A7,07A55316,17.5,571.3,571.3,0:36:48,83:00:14,-,-,0,-,,,,,,,,,00
2025-10-15 07:47:37,,,,23548,GTHBE
2025-10-15 07:47:36,2025-10-15 07:47:37,2025-10-15 07:47:36,2025-10-15 07:47:36,867488068342780,23547,GTERI,0x19FE3FBF,0x00028102,802003,0x8303,0x0115,100,13673,0000,-,01,00,22,12,12,-,01,01,34.6,34.6,166,166,591,591,-23.314696,-23.314696,-51.177681,-51.177681,0724,0006,C4A7,07A55316,17.4,571.2,571.2,0:36:39,83:00:05,-,-,0,-,,,,,04,3,00000000,00,11,,
2025-10-15 07:47:36,,,,867488068342780,23546,HBD
2025-10-15 07:47:28,2025-10-15 07:47:29,2025-10-15 07:47:28,2025-10-15 07:45:48,867488068342780,23545,GTERI,0x19FE3FBF,0x00028102,802003,0x8303,0x0115,100,13574,0000,-,01,00,22,12,12,-,01,01,6.9,43.6,224,172,591,599,-23.31426,-23.307283,-51.177498,-51.178402,0724,0006,C4A7,07A55316,17.4,571.2,570.4,0:36:30,82:59:56,-,-,0,-,,,,,04,3,00000000,00,11,,
2025-10-15 07:46:24,,,,867488068342780,23544,HBD
2025-10-15 07:44:58,2025-10-15 07:44:58,2025-10-15 07:44:58,2025-10-15 07:44:54,867488068342780,23543,GTSPD,0x19FE7FBF,,802003,0x8303,0x0115,100,13758,0000,0000,01,00,22,12,12,-,01,01,42.8,46.2,173,172,603,604,-23.304922,-23.304479,-51.178728,-51.178789,0724,0006,C4A7,07B11101,16.3,570.1,570.1,0:34:00,82:57:26,-,-,0,-,,,,,,,,,01
2025-10-15 07:44:53,2025-10-15 07:44:54,2025-10-15 07:44:53,2025-10-15 07:44:53,867488068342780,23542,GTSPD,0x19FE7FBF,,802003,0x8303,0x0115,100,13758,0000,0000,01,00,22,12,12,-,01,01,46.5,46.5,172,172,604,604,-23.304364,-23.304364,-51.178806,-51.178806,0724,0006,C4A7,07B11101,16.3,570.1,570.1,0:33:54,82:57:20,-,-,0,-,,,,,,,,,00
2025-10-15 07:44:52,2025-10-15 07:44:52,2025-10-15 07:44:50,2025-10-15 07:44:51,867488068342780,23541,GTERI,0x19FE3FBF,0x00028102,802003,0x8303,0x0115,100,13758,0000,-,01,00,22,12,12,-,01,01,41.1,43.4,172,172,604,604,-23.30403,-23.304137,-51.178854,-51.178838,0724,0006,C4A7,07B11101,16.3,570.1,570.1,0:33:54,82:57:20,-,-,0,-,,,,,04,7,00000000,00,10,,
2025-10-15 07:44:12,2025-10-15 07:44:13,2025-10-15 07:44:12,2025-10-15 07:44:12,867488068342780,23540,GTERI,0x19FE3FBF,0x00028102,802003,0x8303,0x0115,100,13763,0000,-,01,00,22,12,12,-,01,01,39.1,39.1,174,174,611,611,-23.301605,-23.301605,-51.179199,-51.179199,0724,0006,C4A7,07A5F515,16.0,569.8,569.8,0:33:15,82:56:41,-,-,0,-,,,,,04,3,00000000,00,11,,
2025-10-15 07:44:12,,,,867488068342780,23539,HBD
2025-10-15 07:42:52,2025-10-15 07:42:53,2025-10-15 07:42:52,2025-10-15 07:42:47,867488068342780,23538,GTERI,0x19FE3FBF,0x00028102,802003,0x8303,0x0115,100,13662,0000,-,01,00,22,12,12,-,01,01,31.7,40.7,219,251,611,613,-23.300902,-23.300627,-51.17899,-51.178571,0724,0006,C4A7,07A5F515,15.9,569.7,569.6,0:31:54,82:55:20,-,-,0,-,,,,,04,3,00000000,00,11,,
2025-10-15 07:42:48,,,,867488068342780,23537,ACK
2025-10-15 07:42:45,2025-10-15 07:42:46,2025-10-15 07:42:45,2025-10-15 07:42:43,867488068342780,23536,GTSPD,0x19FE7FBF,,802003,0x8303,0x0115,100,13737,0000,0000,01,00,22,12,12,-,01,01,41.5,45.2,264,270,613,613,-23.300583,-23.300574,-51.178354,-51.178121,0724,0006,C4A7,07A5F515,15.8,569.6,569.6,0:31:48,82:55:14,-,-,0,-,,,,,,,,,01
2025-10-15 07:42:42,2025-10-15 07:42:43,2025-10-15 07:42:42,2025-10-15 07:42:38,867488068342780,23535,GTERI,0x19FE3FBF,0x00028102,802003,0x8303,0x0115,100,13712,0000,-,01,00,22,12,12,-,01,01,46.7,48.9,269,262,613,611,-23.300575,-23.300536,-51.177997,-51.177479,0724,0006,C4A7,07A5F515,15.8,569.6,569.5,0:31:45,82:55:11,-,-,0,-,,,,,04,3,00000000,00,11,,
2025-10-15 07:42:38,,,,867488068342780,23534,ACK
2025-10-15 07:42:37,2025-10-15 07:42:38,2025-10-15 07:42:37,2025-10-15 07:42:37,867488068342780,23533,GTSPD,0x19FE7FBF,,802003,0x8303,0x0115,100,13712,0000,0000,01,00,22,12,12,-,01,01,48.5,48.5,263,263,612,612,-23.300521,-23.300521,-51.177347,-51.177347,0724,0006,C4A7,07A5F515,15.7,569.5,569.5,0:31:39,82:55:05,-,-,0,-,,,,,,,,,00
2025-10-15 07:42:08,2025-10-15 07:42:09,2025-10-15 07:42:08,2025-10-15 07:42:04,867488068342780,23532,GTSPD,0x19FE7FBF,,802003,0x8303,0x0115,100,13622,0000,0000,01,00,22,12,12,-,01,01,33.9,52.0,262,263,608,606,-23.300285,-23.300237,-51.175187,-51.17471,0724,0006,C4A7,07A54215,15.5,569.3,569.3,0:31:09,82:54:35,-,-,0,-,,,,,,,,,01
2025-10-15 07:42:07,,,,867488068342780,23531,ACK
2025-10-15 07:42:02,,,,867488068342780,23530,ACK
2025-10-15 07:42:00,2025-10-15 07:42:01,2025-10-15 07:42:00,2025-10-15 07:41:59,867488068342780,23529,GTSPD,0x19FE7FBF,,802003,0x8303,0x0115,100,13718,0000,0000,01,00,22,12,12,-,01,01,46.4,46.9,262,263,605,605,-23.300181,-23.300167,-51.17417,-51.174044,0724,0006,C4A7,07A54215,15.4,569.2,569.2,0:31:03,82:54:29,-,-,0,-,,,,,,,,,00
2025-10-15 07:41:55,2025-10-15 07:41:56,2025-10-15 07:41:55,2025-10-15 07:41:52,867488068342780,23528,GTERI,0x19FE3FBF,0x00028102,802003,0x8303,0x0115,100,13631,0000,-,01,00,22,12,12,-,01,01,32.0,33.8,223,180,602,601,-23.300098,-23.299875,-51.173629,-51.173551,0724,0006,C4A7,07A54215,15.3,569.1,569.1,0:30:57,82:54:23,-,-,0,-,,,,,04,3,00000000,00,11,,
2025-10-15 07:41:51,2025-10-15 07:41:52,2025-10-15 07:41:50,2025-10-15 07:41:49,867488068342780,23527,GTERI,0x19FE3FBF,0x00028102,802003,0x8303,0x0115,100,13652,0000,-,01,00,22,12,12,-,01,01,34.4,34.7,176,163,599,599,-23.299705,-23.29962,-51.173552,-51.173563,0724,0006,C4A7,07A54215,15.3,569.1,569.1,0:30:54,82:54:20,-,-,0,-,,,,,04,3,00000000,00,10,,
2025-10-15 07:41:47,2025-10-15 07:41:47,2025-10-15 07:41:47,2025-10-15 07:41:47,867488068342780,23526,GTERI,0x19FE3FBF,0x00028102,802003,0x8303,0x0115,100,13746,0000,-,01,00,22,12,12,-,01,01,31.6,31.6,145,145,598,598,-23.29947,-23.29947,-51.173643,-51.173643,0724,0006,C4A7,07A54215,15.3,569.1,569.1,0:30:48,82:54:14,-,-,0,-,,,,,04,3,00000000,00,11,,
2025-10-15 07:41:46,,,,23525,GTHBE
2025-10-15 07:41:44,2025-10-15 07:41:44,2025-10-15 07:41:44,2025-10-15 07:41:44,867488068342780,23524,GTERI,0x19FE3FBF,0x00028102,802003,0x8303,0x0115,100,13675,0000,-,01,00,22,12,12,-,01,01,34.0,34.0,197,197,598,598,-23.299238,-23.299238,-51.173699,-51.173699,0724,0006,C4A7,07A54215,15.2,569.0,569.0,0:30:45,82:54:11,-,-,0,-,,,,,04,3,00000000,00,11,,
2025-10-15 07:41:41,2025-10-15 07:41:41,2025-10-15 07:41:41,2025-10-15 07:41:39,867488068342780,23523,GTERI,0x19FE3FBF,0x00028102,802003,0x8303,0x0115,100,13675,0000,-,01,00,22,12,12,-,01,01,33.6,37.2,257,295,597,596,-23.29906,-23.299074,-51.173522,-51.173336,0724,0006,C4A7,07A54215,15.2,569.0,569.0,0:30:42,82:54:08,-,-,0,-,,,,,04,3,00000000,00,11,,
2025-10-15 07:41:37,,,,867488068342780,23522,ACK
2025-10-15 07:41:34,2025-10-15 07:41:34,2025-10-15 07:41:34,2025-10-15 07:41:21,867488068342780,23521,GTSPD,0x19FE7FBF,,802003,0x8303,0x0115,100,13661,0000,0000,01,01,22,12,12,-,01,01,30.9,53.6,297,302,597,594,-23.299268,-23.30011,-51.172958,-51.171519,0724,0006,C4A7,07A5420B,15.1,568.9,568.8,0:30:36,82:54:02,-,-,0,-,,,,,,,,,01
2025-10-15 07:41:32,,,,867488068342780,23520,ACK
2025-10-15 07:41:32,,,,867488068342780,23519,HBD
2025-10-15 07:41:22,,,,867488068342780,23518,ACK
2025-10-15 07:41:18,2025-10-15 07:41:19,2025-10-15 07:41:18,2025-10-15 07:41:18,867488068342780,23517,GTSPD,0x19FE7FBF,,802003,0x8303,0x0115,100,13788,0000,0000,01,00,22,12,12,-,01,01,47.2,47.2,303,303,593,593,-23.30032,-23.30032,-51.171169,-51.171169,0724,0006,C4A7,07A5420C,14.9,568.7,568.7,0:30:21,82:53:47,-,-,0,-,,,,,,,,,00
2025-10-15 07:41:12,,,,867488068342780,23516,ACK
2025-10-15 07:41:11,2025-10-15 07:41:12,2025-10-15 07:41:11,2025-10-15 07:41:07,867488068342780,23515,GTSPD,0x19FE7FBF,,802003,0x8303,0x0115,100,13725,0000,0000,01,01,22,12,12,-,01,01,36.3,48.3,302,293,592,592,-23.300742,-23.300949,-51.170549,-51.17014,0724,0006,C4A7,07A5420C,14.8,568.6,568.6,0:30:12,82:53:38,-,-,0,-,,,,,,,,,01
2025-10-15 07:41:08,,,,867488068342780,23514,ACK
2025-10-15 07:40:58,,,,867488068342780,23513,ACK
2025-10-15 07:40:54,2025-10-15 07:40:55,2025-10-15 07:40:54,2025-10-15 07:40:54,867488068342780,23512,GTSPD,0x19FE7FBF,,802003,0x8303,0x0115,100,13700,0000,0000,01,00,22,12,12,-,01,01,46.6,46.6,285,285,591,591,-23.301401,-23.301401,-51.168563,-51.168563,0724,0006,C4A7,07A5420C,14.6,568.4,568.4,0:29:57,82:53:23,-,-,0,-,,,,,,,,,00
2025-10-15 07:40:23,2025-10-15 07:40:24,2025-10-15 07:40:23,2025-10-15 07:40:19,867488068342780,23511,GTSPD,0x19FE7FBF,,802003,0x8303,0x0115,100,13664,0000,0000,01,00,22,12,12,-,01,01,41.6,47.6,306,311,587,586,-23.302406,-23.302693,-51.166213,-51.165838,0724,0006,C4A7,07A5CB0B,14.4,568.2,568.1,0:29:24,82:52:50,-,-,0,-,,,,,,,,,01
2025-10-15 07:40:22,,,,867488068342780,23510,ACK
2025-10-15 07:40:18,2025-10-15 07:40:19,2025-10-15 07:40:18,2025-10-15 07:40:18,867488068342780,23509,GTSPD,0x19FE7FBF,,802003,0x8303,0x0115,100,13775,0000,0000,01,00,22,12,12,-,01,01,46.5,46.5,312,312,586,586,-23.302774,-23.302774,-51.165742,-51.165742,0724,0006,C4A7,07A5CB0B,14.3,568.1,568.1,0:29:21,82:52:47,-,-,0,-,,,,,,,,,00
2025-10-15 07:40:18,,,,867488068342780,23508,ACK
2025-10-15 07:40:17,,,,867488068342780,23507,HBD
2025-10-15 07:39:04,2025-10-15 07:39:05,2025-10-15 07:39:04,2025-10-15 07:39:04,867488068342780,23506,GTERI,0x19FE3FBF,0x00028102,802003,0x8303,0x0115,100,13826,0000,-,01,00,22,12,12,-,01,01,40.3,40.3,315,315,579,579,-23.307338,-23.307338,-51.162941,-51.162941,0724,0006,C4A7,07A5CBE8,13.7,567.5,567.5,0:28:06,82:51:32,-,-,0,-,,,,,04,7,00000000,00,11,,
2025-10-15 07:38:51,2025-10-15 07:38:52,2025-10-15 07:38:50,2025-10-15 07:37:30,867488068342780,23505,GTERI,0x19FE3FBF,0x00028102,802003,0x8303,0x0115,100,13711,0000,-,01,00,22,12,12,-,01,01,10.4,43.5,269,269,575,568,-23.307677,-23.307653,-51.162121,-51.157751,0724,0006,C4A7,07A5CBE8,13.6,567.4,567.0,0:27:54,82:51:20,-,-,0,-,,,,,04,7,00000000,00,10,,
2025-10-15 07:37:33,,,,867488068342780,23504,ACK
2025-10-15 07:37:33,,,,867488068342780,23503,HBD
2025-10-15 07:37:30,2025-10-15 07:37:30,2025-10-15 07:37:29,2025-10-15 07:37:29,867488068342780,23502,GTSPD,0x19FE7FBF,,802003,0x8303,0x0115,100,13788,0000,0000,01,00,22,12,12,-,01,01,44.6,44.6,270,270,568,568,-23.307653,-23.307653,-51.157631,-51.157631,0724,0006,C4A7,07A5CBDE,13.2,567.0,567.0,0:26:33,82:49:59,-,-,0,-,,,,,,,,,01
2025-10-15 07:37:28,2025-10-15 07:37:28,2025-10-15 07:37:28,2025-10-15 07:37:28,867488068342780,23501,GTSPD,0x19FE7FBF,,802003,0x8303,0x0115,100,13698,0000,0000,01,00,22,12,12,-,01,01,45.9,45.9,269,269,567,567,-23.307652,-23.307652,-51.157507,-51.157507,0724,0006,C4A7,07A5CBDE,13.2,567.0,567.0,0:26:30,82:49:56,-,-,0,-,,,,,,,,,00
2025-10-15 07:37:26,2025-10-15 07:37:26,2025-10-15 07:37:25,2025-10-15 07:37:24,867488068342780,23500,GTSPD,0x19FE7FBF,,802003,0x8303,0x0115,100,13698,0000,0000,01,00,22,12,12,-,01,01,43.5,44.7,272,272,568,568,-23.307652,-23.307655,-51.157126,-51.157002,0724,0006,C4A7,07A5CBDE,13.1,566.9,566.9,0:26:27,82:49:53,-,-,0,-,,,,,,,,,01
2025-10-15 07:37:23,2025-10-15 07:37:24,2025-10-15 07:37:23,2025-10-15 07:37:23,867488068342780,23499,GTSPD,0x19FE7FBF,,802003,0x8303,0x0115,100,13790,0000,0000,01,00,22,12,12,-,01,01,50.1,50.1,273,273,569,569,-23.307661,-23.307661,-51.156872,-51.156872,0724,0006,C4A7,07A5CBDE,13.1,566.9,566.9,0:26:24,82:49:50,-,-,0,-,,,,,,,,,00
2025-10-15 07:37:23,,,,867488068342780,23498,ACK
2025-10-15 07:35:52,2025-10-15 07:35:52,2025-10-15 07:35:50,2025-10-15 07:35:25,867488068342780,23497,GTERI,0x19FE3FBF,0x00028102,802003,0x8303,0x0115,100,13643,0000,-,01,00,22,12,12,-,01,01,0.0,29.3,286,306,573,574,-23.308897,-23.30897,-51.153551,-51.153443,0724,0006,C4A7,07A5550C,12.8,566.6,566.5,0:24:54,82:48:20,-,-,0,-,,,,,04,1,00000000,00,10,,
2025-10-15 07:35:51,,,,867488068342780,23496,HBD
2025-10-15 07:35:26,,,,867488068342780,23495,ACK
2025-10-15 07:35:24,2025-10-15 07:35:25,2025-10-15 07:35:24,2025-10-15 07:35:20,867488068342780,23494,GTSPD,0x19FE7FBF,,802003,0x8303,0x0115,100,13775,0000,0000,01,00,22,12,12,-,01,01,33.5,49.1,308,309,574,574,-23.309017,-23.309298,-51.153377,-51.153011,0724,0006,C4A7,07A54E0B,12.7,566.5,566.5,0:24:27,82:47:53,-,-,0,-,,,,,,,,,01
2025-10-15 07:35:16,,,,867488068342780,23493,ACK
2025-10-15 07:35:16,2025-10-15 07:35:17,2025-10-15 07:35:16,2025-10-15 07:35:16,867488068342780,23492,GTSPD,0x19FE7FBF,,802003,0x8303,0x0115,100,13843,0000,0000,01,00,22,12,12,-,01,01,46.4,46.4,310,310,573,573,-23.30961,-23.30961,-51.152613,-51.152613,0724,0006,C4A7,07A54E0B,12.6,566.4,566.4,0:24:18,82:47:44,-,-,0,-,,,,,,,,,00
2025-10-15 07:34:14,2025-10-15 07:34:15,2025-10-15 07:34:14,2025-10-15 07:34:10,867488068342780,23491,GTERI,0x19FE3FBF,0x00028102,802003,0x8303,0x0115,100,13783,0000,-,01,00,22,12,12,-,01,01,39.4,42.8,286,280,569,565,-23.31103,-23.311118,-51.150563,-51.150157,0724,0006,C4A7,07A54E0C,12.4,566.2,566.1,0:23:15,82:46:41,-,-,0,-,,,,,04,1,00000000,00,11,,
2025-10-15 07:34:04,,,,23490,GTHBE
2025-10-15 07:34:03,2025-10-15 07:34:04,2025-10-15 07:34:03,2025-10-15 07:33:42,867488068342780,23489,GTERI,0x19FE3FBF,0x00028102,802003,0x8303,0x0115,100,13713,0000,-,01,00,22,12,12,-,01,01,21.6,28.1,240,195,559,557,-23.311068,-23.310623,-51.149465,-51.149183,0724,0006,C4A7,07A54E0C,12.3,566.1,566.0,0:23:06,82:46:32,-,-,0,-,,,,,04,1,00000000,00,11,,
2025-10-15 07:33:41,,,,867488068342780,23488,ACK
2025-10-15 07:33:41,2025-10-15 07:33:42,2025-10-15 07:33:41,2025-10-15 07:33:31,867488068342780,23487,GTSPD,0x19FE7FBF,,802003,0x8303,0x0115,100,13671,0000,0000,01,01,22,12,12,-,01,01,33.4,57.7,197,196,557,550,-23.310552,-23.309324,-51.14916,-51.148668,0724,0006,C4A7,07A5550C,12.2,566.0,565.9,0:22:42,82:46:08,-,-,0,-,,,,,,,,,01
2025-10-15 07:33:36,,,,867488068342780,23486,ACK
2025-10-15 07:33:36,,,,867488068342780,23485,HBD
2025-10-15 07:33:26,,,,867488068342780,23484,ACK
2025-10-15 07:33:26,2025-10-15 07:33:26,2025-10-15 07:33:26,2025-10-15 07:33:26,867488068342780,23483,GTSPD,0x19FE7FBF,,802003,0x8303,0x0115,100,13779,0000,0000,01,00,22,12,12,-,01,01,46.3,46.3,194,194,547,547,-23.308696,-23.308696,-51.148488,-51.148488,0724,0006,C4A7,07A54E0B,12.0,565.8,565.8,0:22:27,82:45:53,-,-,0,-,,,,,,,,,00
2025-10-15 07:32:51,2025-10-15 07:32:52,2025-10-15 07:32:50,2025-10-15 07:32:38,867488068342780,23482,GTERI,0x19FE3FBF,0x00028102,802003,0x8303,0x0115,100,13611,0000,-,01,00,22,12,12,-,01,01,0.0,25.8,192,194,543,542,-23.306363,-23.306263,-51.147808,-51.147776,0724,0006,C4A7,07A54E0B,11.7,565.5,565.5,0:21:54,82:45:20,-,-,0,-,,,,,04,1,00000000,00,10,,
2025-10-15 07:32:38,,,,23481,GTHBE
2025-10-15 07:32:31,,,,867488068342780,23480,ACK
2025-10-15 07:32:29,2025-10-15 07:32:30,2025-10-15 07:32:29,2025-10-15 07:32:23,867488068342780,23479,GTSPD,0x19FE7FBF,,802003,0x8303,0x0115,100,13770,0000,0000,01,01,22,12,12,-,01,01,42.6,51.6,197,212,542,542,-23.305533,-23.304873,-51.14756,-51.147251,0724,0006,C4A7,07A54E0B,11.7,565.5,565.4,0:21:30,82:44:56,-,-,0,-,,,,,,,,,01
2025-10-15 07:32:26,,,,867488068342780,23478,ACK
2025-10-15 07:32:16,2025-10-15 07:32:17,2025-10-15 07:32:16,2025-10-15 07:32:16,867488068342780,23477,GTSPD,0x19FE7FBF,,802003,0x8303,0x0115,100,13760,0000,0000,01,00,22,12,12,-,01,01,47.5,47.5,226,226,544,544,-23.304207,-23.304207,-51.146627,-51.146627,0724,0006,C4A7,07A54E0B,11.5,565.3,565.3,0:21:18,82:44:44,-,-,0,-,,,,,,,,,00
2025-10-15 07:32:15,,,,867488068342780,23476,ACK
2025-10-15 07:31:35,2025-10-15 07:31:36,2025-10-15 07:31:35,2025-10-15 07:31:29,867488068342780,23475,GTERI,0x19FE3FBF,0x00028102,802003,0x8303,0x0115,100,13734,0000,-,01,00,22,12,12,-,01,01,9.2,33.0,192,182,543,542,-23.302652,-23.302342,-51.145486,-51.145443,0724,0006,C4A7,07A7070C,11.3,565.1,565.0,0:20:36,82:44:02,-,-,0,-,,,,,04,1,00000000,00,11,,
2025-10-15 07:31:30,,,,867488068342780,23474,ACK
2025-10-15 07:31:30,,,,867488068342780,23473,HBD
2025-10-15 07:31:28,2025-10-15 07:31:29,2025-10-15 07:31:28,2025-10-15 07:31:24,867488068342780,23472,GTSPD,0x19FE7FBF,,802003,0x8303,0x0115,100,13734,0000,0000,01,00,22,12,12,-,01,01,38.1,47.8,180,177,542,542,-23.302255,-23.301804,-51.14544,-51.145451,0724,0006,C4A7,07A7070C,11.2,565.0,565.0,0:20:30,82:43:56,-,-,0,-,,,,,,,,,01
2025-10-15 07:31:25,,,,867488068342780,23471,ACK
2025-10-15 07:31:23,2025-10-15 07:31:24,2025-10-15 07:31:23,2025-10-15 07:31:23,867488068342780,23470,GTSPD,0x19FE7FBF,,802003,0x8303,0x0115,100,13795,0000,0000,01,00,22,12,12,-,01,01,48.0,48.0,177,177,542,542,-23.301684,-23.301684,-51.145457,-51.145457,0724,0006,C4A7,07A7070C,11.2,565.0,565.0,0:20:24,82:43:50,-,-,0,-,,,,,,,,,00
2025-10-15 07:30:29,,,,867488068342780,23469,ACK
2025-10-15 07:30:29,2025-10-15 07:30:30,2025-10-15 07:30:29,2025-10-15 07:30:18,867488068342780,23468,GTSPD,0x19FE7FBF,,802003,0x8303,0x0115,100,13692,0000,0000,01,00,22,12,12,-,01,01,40.3,52.3,176,176,540,538,-23.297412,-23.296068,-51.14573,-51.145763,0724,0006,C4A7,07A7070C,10.7,564.5,564.3,0:19:30,82:42:56,-,-,0,-,,,,,,,,,01
2025-10-15 07:30:19,,,,867488068342780,23467,ACK
2025-10-15 07:30:16,2025-10-15 07:30:17,2025-10-15 07:30:16,2025-10-15 07:30:16,867488068342780,23466,GTSPD,0x19FE7FBF,,802003,0x8303,0x0115,100,13842,0000,0000,01,00,22,12,12,-,01,01,47.9,47.9,173,173,537,537,-23.295815,-23.295815,-51.145785,-51.145785,0724,0006,C4A7,07A7070D,10.5,564.3,564.3,0:19:18,82:42:44,-,-,0,-,,,,,,,,,00
2025-10-15 07:30:10,2025-10-15 07:30:11,2025-10-15 07:30:10,2025-10-15 07:30:06,867488068342780,23465,GTSPD,0x19FE7FBF,,802003,0x8303,0x0115,100,13893,0000,0000,01,00,22,12,12,-,01,01,43.2,54.9,170,166,532,527,-23.295159,-23.294687,-51.145883,-51.14598,0724,0006,C4A7,07A7070D,10.4,564.2,564.2,0:19:12,82:42:38,-,-,0,-,,,,,,,,,01
2025-10-15 07:30:09,,,,867488068342780,23464,ACK
2025-10-15 07:29:59,,,,867488068342780,23463,ACK
2025-10-15 07:29:56,2025-10-15 07:29:57,2025-10-15 07:29:56,2025-10-15 07:29:56,867488068342780,23462,GTSPD,0x19FE7FBF,,802003,0x8303,0x0115,100,13825,0000,0000,01,00,22,12,12,-,01,01,46.6,46.6,154,154,515,515,-23.293486,-23.293486,-51.146498,-51.146498,0724,0006,C4A7,07A7070D,10.2,564.0,564.0,0:18:57,82:42:23,-,-,0,-,,,,,,,,,00
2025-10-15 07:29:52,2025-10-15 07:29:52,2025-10-15 07:29:50,2025-10-15 07:29:51,867488068342780,23461,GTERI,0x19FE3FBF,0x00028102,802003,0x8303,0x0115,100,13921,0000,-,01,00,22,12,12,-,01,01,38.8,42.7,147,152,513,513,-23.292897,-23.292989,-51.146813,-51.146759,0724,0006,C4A7,07A7070D,10.2,564.0,564.0,0:18:54,82:42:20,-,-,0,-,,,,,04,1,00000000,00,10,,
2025-10-15 07:29:51,,,,867488068342780,23460,HBD
2025-10-15 07:29:19,2025-10-15 07:29:20,2025-10-15 07:29:19,2025-10-15 07:29:19,867488068342780,23459,GTERI,0x19FE3FBF,0x00028102,802003,0x8303,0x0115,100,13887,0000,-,01,00,22,12,12,-,01,01,26.0,26.0,153,153,506,506,-23.290442,-23.290442,-51.147962,-51.147962,0724,0006,C4A7,07A7070D,9.9,563.7,563.7,0:18:21,82:41:47,-,-,0,-,,,,,04,1,00000000,00,11,,
2025-10-15 07:29:15,2025-10-15 07:29:16,2025-10-15 07:29:15,2025-10-15 07:29:01,867488068342780,23458,GTERI,0x19FE3FBF,0x00028102,802003,0x8303,0x0115,100,13887,0000,-,01,00,22,12,12,-,01,01,22.4,24.5,105,66,506,506,-23.290277,-23.290337,-51.148147,-51.14899,0724,0006,C4A7,07A7430B,9.8,563.6,563.5,0:18:18,82:41:44,-,-,0,-,,,,,04,1,00000000,00,11,,
2025-10-15 07:28:59,2025-10-15 07:29:00,2025-10-15 07:28:59,2025-10-15 07:28:54,867488068342780,23457,GTERI,0x19FE3FBF,0x00028102,802003,0x8303,0x0115,100,13841,0000,-,01,00,22,12,12,-,01,01,22.8,38.1,60,42,505,504,-23.290388,-23.290595,-51.149107,-51.149404,0724,0006,C4A7,07A7430B,9.7,563.5,563.5,0:18:00,82:41:26,-,-,0,-,,,,,04,1,00000000,00,11,,
2025-10-15 07:28:54,,,,867488068342780,23456,ACK
2025-10-15 07:28:53,2025-10-15 07:28:54,2025-10-15 07:28:53,2025-10-15 07:28:44,867488068342780,23455,GTSPD,0x19FE7FBF,,802003,0x8303,0x0115,100,13865,0000,0000,01,01,22,12,12,-,01,01,40.7,54.8,34,19,504,505,-23.29067,-23.291679,-51.149474,-51.149912,0724,0006,C4A7,07A7430B,9.7,563.5,563.4,0:17:54,82:41:20,-,-,0,-,,,,,,,,,01
2025-10-15 07:28:40,2025-10-15 07:28:41,2025-10-15 07:28:40,2025-10-15 07:28:40,867488068342780,23454,GTSPD,0x19FE7FBF,,802003,0x8303,0x0115,100,13946,0000,0000,01,01,22,12,12,-,01,01,48.4,48.4,14,14,507,507,-23.29218,-23.29218,-51.150096,-51.150096,0724,0006,C4A7,07A7430B,9.5,563.3,563.3,0:17:42,82:41:08,-,-,0,-,,,,,,,,,00
2025-10-15 07:28:40,2025-10-15 07:28:41,2025-10-15 07:28:40,2025-10-15 07:28:40,867488068342780,23453,GTERI,0x19FE3FBF,0x00028102,802003,0x8303,0x0115,100,13946,0000,-,01,01,22,12,12,-,01,01,48.4,48.4,14,14,507,507,-23.29218,-23.29218,-51.150096,-51.150096,0724,0006,C4A7,07A7430B,9.5,563.3,563.3,0:17:42,82:41:08,-,-,0,-,,,,,04,1,00000000,00,11,,
2025-10-15 07:28:39,,,,867488068342780,23452,ACK
2025-10-15 07:28:36,2025-10-15 07:28:37,2025-10-15 07:28:36,2025-10-15 07:28:36,867488068342780,23451,GTSPD,0x19FE7FBF,,802003,0x8303,0x0115,100,13946,0000,0000,01,00,22,12,12,-,01,01,42.5,42.5,326,326,507,507,-23.29261,-23.29261,-51.150066,-51.150066,0724,0006,C4A7,07A7430B,9.5,563.3,563.3,0:17:39,82:41:05,-,-,0,-,,,,,,,,,01
2025-10-15 07:28:36,2025-10-15 07:28:37,2025-10-15 07:28:36,2025-10-15 07:28:36,867488068342780,23450,GTERI,0x19FE3FBF,0x00028102,802003,0x8303,0x0115,100,13946,0000,-,01,00,22,12,12,-,01,01,42.5,42.5,326,326,507,507,-23.29261,-23.29261,-51.150066,-51.150066,0724,0006,C4A7,07A7430B,9.5,563.3,563.3,0:17:39,82:41:05,-,-,0,-,,,,,04,1,00000000,00,11,,
2025-10-15 07:28:35,,,,23449,GTHBE
2025-10-15 07:28:29,,,,867488068342780,23448,ACK
2025-10-15 07:28:28,2025-10-15 07:28:29,2025-10-15 07:28:28,2025-10-15 07:28:28,867488068342780,23447,GTSPD,0x19FE7FBF,,802003,0x8303,0x0115,100,13841,0000,0000,01,00,22,12,12,-,01,01,50.3,50.3,273,273,510,510,-23.292835,-23.292835,-51.149114,-51.149114,0724,0006,C4A7,07A7430B,9.3,563.1,563.1,0:17:30,82:40:56,-,-,0,-,,,,,,,,,00
2025-10-15 07:27:50,,,,867488068342780,23446,ACK
2025-10-15 07:27:46,2025-10-15 07:27:46,2025-10-15 07:27:46,2025-10-15 07:27:41,867488068342780,23445,GTSPD,0x19FE7FBF,,802003,0x8303,0x0115,100,13892,0000,0000,01,01,22,12,12,-,01,01,34.8,59.1,264,269,517,521,-23.292859,-23.29282,-51.147463,-51.146783,0724,0006,C4A7,07A7070D,9.2,563.0,562.9,0:16:48,82:40:14,-,-,0,-,,,,,,,,,01
2025-10-15 07:27:40,,,,867488068342780,23444,ACK
2025-10-15 07:27:30,,,,867488068342780,23443,HBD
2025-10-15 07:27:30,,,,867488068342780,23442,ACK
2025-10-15 07:27:29,2025-10-15 07:27:30,2025-10-15 07:27:29,2025-10-15 07:27:29,867488068342780,23441,GTSPD,0x19FE7FBF,,802003,0x8303,0x0115,100,13964,0000,0000,01,00,22,12,12,-,01,01,46.1,46.1,270,270,527,527,-23.292911,-23.292911,-51.145025,-51.145025,0724,0006,C4A7,07A7430B,8.9,562.7,562.7,0:16:30,82:39:56,-,-,0,-,,,,,,,,,00
2025-10-15 07:26:51,2025-10-15 07:26:52,2025-10-15 07:26:50,2025-10-15 07:24:53,867488068342780,23440,GTERI,0x19FE3FBF,0x00028102,802003,0x8303,0x0115,100,14011,0000,-,01,00,22,12,12,-,01,01,10.2,30.3,270,256,534,533,-23.292903,-23.292888,-51.141802,-51.139204,0724,0006,C4A7,07A54F0D,8.6,562.4,562.2,0:15:54,82:39:20,-,-,0,-,,,,,04,1,00000000,00,10,,
2025-10-15 07:26:20,,,,867488068342780,23439,HBD
2025-10-15 07:24:52,2025-10-15 07:24:53,2025-10-15 07:24:52,2025-10-15 07:24:52,867488068342780,23438,GTERI,0x19FE3FBF,0x00028102,802003,0x8303,0x0115,100,14104,0000,-,01,00,22,12,12,-,01,01,28.5,28.5,244,244,532,532,-23.292866,-23.292866,-51.139128,-51.139128,0724,0006,C4A7,07A54F0D,8.4,562.1,562.1,0:13:54,82:37:20,-,-,0,-,,,,,04,1,00000000,00,11,,
2025-10-15 07:24:51,,,,23437,GTHBE
2025-10-15 07:24:29,,,,867488068342780,23436,ACK
2025-10-15 07:24:28,2025-10-15 07:24:29,2025-10-15 07:24:28,2025-10-15 07:23:52,867488068342780,23435,GTSPD,0x19FE7FBF,,802003,0x8303,0x0115,100,14138,0000,0000,01,01,22,12,12,-,01,01,39.9,70.3,181,181,534,506,-23.291473,-23.28586,-51.138955,-51.138766,0724,0006,C4A7,07A54F0D,8.2,562.0,561.4,0:13:30,82:36:56,-,-,0,-,,,,,,,,,01
2025-10-15 07:23:51,2025-10-15 07:23:52,2025-10-15 07:23:50,2025-10-15 07:23:47,867488068342780,23434,GTERI,0x19FE3FBF,0x00028102,802003,0x8303,0x0115,100,14157,0000,-,01,01,22,12,12,-,01,01,73.1,76.6,181,181,503,498,-23.285502,-23.28494,-51.138756,-51.138742,0724,0006,C4A7,07A7390C,7.6,561.4,561.3,0:12:54,82:36:20,-,-,0,-,,,,,04,1,00000000,00,10,,
2025-10-15 07:23:43,,,,867488068342780,23433,ACK
2025-10-15 07:23:33,,,,867488068342780,23432,ACK
2025-10-15 07:23:31,2025-10-15 07:23:31,2025-10-15 07:23:31,2025-10-15 07:23:31,867488068342780,23431,GTSPD,0x19FE7FBF,,802003,0x8303,0x0115,100,14090,0000,0000,01,00,22,12,12,-,01,01,47.3,47.3,181,181,513,513,-23.282285,-23.282285,-51.138692,-51.138692,0724,0006,C4A7,07A54F01,7.2,561.0,561.0,0:12:33,82:35:59,-,-,0,-,,,,,,,,,00
2025-10-15 07:23:31,,,,867488068342780,23430,HBD
2025-10-15 07:23:29,2025-10-15 07:23:29,2025-10-15 07:23:29,2025-10-15 07:23:21,867488068342780,23429,GTSPD,0x19FE7FBF,,802003,0x8303,0x0115,100,14090,0000,0000,01,00,22,12,12,-,01,01,44.6,58.5,181,182,515,523,-23.282052,-23.280997,-51.138685,-51.138652,0724,0006,C4A7,07A54F01,7.2,561.0,560.8,0:12:30,82:35:56,-,-,0,-,,,,,,,,,01
2025-10-15 07:23:28,,,,867488068342780,23428,ACK
2025-10-15 07:23:18,,,,867488068342780,23427,ACK
2025-10-15 07:23:08,2025-10-15 07:23:09,2025-10-15 07:23:08,2025-10-15 07:23:08,867488068342780,23426,GTSPD,0x19FE7FBF,,802003,0x8303,0x0115,100,14083,0000,0000,01,00,22,12,12,-,01,01,50.2,50.2,181,181,533,533,-23.279177,-23.279177,-51.138592,-51.138592,0724,0006,C4A7,07A54F01,6.8,560.6,560.6,0:12:09,82:35:35,-,-,0,-,,,,,,,,,00
2025-10-15 07:23:08,,,,867488068342780,23425,ACK
2025-10-15 07:23:06,2025-10-15 07:23:07,2025-10-15 07:23:06,2025-10-15 07:23:06,867488068342780,23424,GTERI,0x19FE3FBF,0x00028102,802003,0x8303,0x0115,100,14028,0000,-,01,00,22,12,12,-,01,01,43.9,43.9,176,176,534,534,-23.278937,-23.278937,-51.138591,-51.138591,0724,0006,C4A7,07A54F01,6.8,560.6,560.6,0:12:09,82:35:35,-,-,0,-,,,,,04,7,00000000,00,11,,
2025-10-15 07:23:04,,,,23423,GTHBE
2025-10-15 07:23:01,2025-10-15 07:23:02,2025-10-15 07:23:01,2025-10-15 07:22:52,867488068342780,23422,GTERI,0x19FE3FBF,0x00028102,802003,0x8303,0x0115,100,14115,0000,-,01,00,22,12,12,-,01,01,36.6,40.5,131,220,537,533,-23.278549,-23.277808,-51.138871,-51.138922,0724,0006,C4A7,07A54F01,6.8,560.6,560.4,0:12:03,82:35:29,-,-,0,-,,,,,04,7,00000000,00,11,,
2025-10-15 07:22:49,,,,867488068342780,23421,ACK
2025-10-15 07:22:47,2025-10-15 07:22:48,2025-10-15 07:22:47,2025-10-15 07:22:27,867488068342780,23420,GTSPD,0x19FE7FBF,,802003,0x8303,0x0115,100,13997,0000,0000,01,01,22,12,12,-,01,01,38.9,70.1,192,181,530,505,-23.277422,-23.274293,-51.138629,-51.138498,0724,0006,C4A7,07A54F01,6.6,560.4,560.1,0:11:48,82:35:14,-,-,0,-,,,,,,,,,01
2025-10-15 07:22:08,2025-10-15 07:22:09,2025-10-15 07:22:08,2025-10-15 07:22:08,867488068342780,23419,GTSPD,0x19FE7FBF,,802003,0x8303,0x0115,100,14049,0000,0000,01,01,22,12,12,-,01,01,46.4,46.4,181,181,489,489,-23.271344,-23.271344,-51.138353,-51.138353,0724,0006,C4A7,07A5CCE7,5.9,559.7,559.7,0:11:09,82:34:35,-,-,0,-,,,,,,,,,00
2025-10-15 07:22:05,2025-10-15 07:22:06,2025-10-15 07:22:05,2025-10-15 07:21:50,867488068342780,23418,GTSPD,0x19FE7FBF,,802003,0x8303,0x0115,100,14049,0000,0000,01,01,22,12,12,-,01,01,42.8,60.5,181,181,493,513,-23.271005,-23.269054,-51.138343,-51.138295,0724,0006,C4A7,07A5CCE7,5.9,559.7,559.5,0:11:06,82:34:32,-,-,0,-,,,,,,,,,01
2025-10-15 07:21:43,,,,867488068342780,23417,ACK
2025-10-15 07:21:33,,,,867488068342780,23416,ACK
2025-10-15 07:21:33,,,,867488068342780,23415,HBD
2025-10-15 07:21:29,2025-10-15 07:21:30,2025-10-15 07:21:29,2025-10-15 07:21:29,867488068342780,23414,GTSPD,0x19FE7FBF,,802003,0x8303,0x0115,100,14110,0000,0000,01,00,22,12,12,-,01,01,49.4,49.4,181,181,537,537,-23.266013,-23.266013,-51.138168,-51.138168,0724,0006,C4A7,07A72902,5.3,559.1,559.1,0:10:30,82:33:56,-,-,0,-,,,,,,,,,00
2025-10-15 07:21:22,2025-10-15 07:21:23,2025-10-15 07:21:22,2025-10-15 07:21:22,867488068342780,23413,GTERI,0x19FE3FBF,0x00028102,802003,0x8303,0x0115,100,14054,0000,-,01,00,22,12,12,-,01,01,17.5,17.5,186,186,542,542,-23.26538,-23.26538,-51.138131,-51.138131,0724,0006,C4A7,07A72902,5.3,559.1,559.1,0:10:24,82:33:50,-,-,0,-,,,,,04,7,00000000,00,11,,
2025-10-15 07:21:20,2025-10-15 07:21:21,2025-10-15 07:21:20,2025-10-15 07:21:16,867488068342780,23412,GTERI,0x19FE3FBF,0x00028102,802003,0x8303,0x0115,100,13990,0000,-,01,00,22,12,12,-,01,01,5.8,12.1,232,272,543,544,-23.265324,-23.265319,-51.138107,-51.138026,0724,0006,C4A7,07A72902,5.3,559.1,559.1,0:10:21,82:33:47,-,-,0,-,,,,,04,7,00000000,00,11,,
2025-10-15 07:20:57,2025-10-15 07:20:58,2025-10-15 07:20:57,2025-10-15 07:20:57,867488068342780,23411,GTERI,0x19FE3FBF,0x00028102,802003,0x8303,0x0115,100,13998,0000,-,01,00,22,12,12,-,01,01,3.3,3.3,286,286,545,545,-23.265334,-23.265334,-51.137974,-51.137974,0724,0006,C4A7,07A72902,5.3,559.1,559.1,0:10:00,82:33:26,-,-,0,-,,,,,04,7,00000000,00,11,,
2025-10-15 07:20:52,2025-10-15 07:20:52,2025-10-15 07:20:50,2025-10-15 07:20:20,867488068342780,23410,GTERI,0x19FE3FBF,0x00028102,802003,0x8303,0x0115,100,14038,0000,-,01,00,22,12,12,-,01,01,0.0,5.5,173,151,545,546,-23.265334,-23.265316,-51.137973,-51.137986,0724,0006,C4A7,07A72902,5.3,559.1,559.1,0:09:54,82:33:20,-,-,0,-,,,,,04,7,00000000,00,10,,
2025-10-15 07:20:18,2025-10-15 07:20:19,2025-10-15 07:20:18,2025-10-15 07:20:16,867488068342780,23409,GTERI,0x19FE3FBF,0x00028102,802003,0x8303,0x0115,100,14031,0000,-,01,00,22,12,12,-,01,01,3.2,6.2,173,329,546,546,-23.265296,-23.265293,-51.137999,-51.138001,0724,0006,C4A7,07A72902,5.3,559.1,559.1,0:09:21,82:32:47,-,-,0,-,,,,,04,7,00000000,00,11,,
2025-10-15 07:20:15,2025-10-15 07:20:16,2025-10-15 07:20:15,2025-10-15 07:20:15,867488068342780,23408,GTERI,0x19FE3FBF,0x00028102,802003,0x8303,0x0115,100,14031,0000,-,01,00,22,12,12,-,01,01,10.1,10.1,338,338,546,546,-23.26531,-23.26531,-51.137992,-51.137992,0724,0006,C4A7,07A72902,5.3,559.1,559.1,0:09:18,82:32:44,-,-,0,-,,,,,04,7,00000000,00,11,,
2025-10-15 07:20:13,2025-10-15 07:20:14,2025-10-15 07:20:13,2025-10-15 07:19:39,867488068342780,23407,GTERI,0x19FE3FBF,0x00028102,802003,0x8303,0x0115,100,13938,0000,-,01,00,22,12,12,-,01,01,9.0,44.6,32,90,547,531,-23.265356,-23.265312,-51.137986,-51.14019,0724,0006,C4A7,07A72902,5.3,559.1,558.8,0:09:15,82:32:41,-,-,0,-,,,,,04,7,00000000,00,11,,
2025-10-15 07:19:32,2025-10-15 07:19:33,2025-10-15 07:19:32,2025-10-15 07:19:22,867488068342780,23406,GTERI,0x19FE3FBF,0x00028102,802003,0x8303,0x0115,100,14148,0000,-,01,00,22,12,12,-,01,01,23.9,44.1,90,0,526,523,-23.265302,-23.265937,-51.140907,-51.141123,0724,0006,C4A7,07A57D16,4.9,558.7,558.7,0:08:33,82:31:59,-,-,0,-,,,,,04,3,00000000,00,11,,
2025-10-15 07:19:32,,,,867488068342780,23405,HBD
2025-10-15 07:19:06,,,,23404,GTHBE
2025-10-15 07:19:05,2025-10-15 07:19:06,2025-10-15 07:19:05,2025-10-15 07:18:55,867488068342780,23403,GTERI,0x19FE3FBF,0x00028102,802003,0x8303,0x0115,100,13893,0000,-,01,00,22,12,12,-,01,01,12.4,38.5,41,87,520,524,-23.267253,-23.267292,-51.141152,-51.141807,0724,0006,C4A7,07A54F15,4.7,558.5,558.5,0:08:06,82:31:32,-,-,0,-,,,,,04,3,00000000,00,11,,
2025-10-15 07:19:04,2025-10-15 07:18:54,2025-10-15 07:18:53,2025-10-15 07:18:47,867488068342780,23402,GTERI,0x19FE3FBF,0x00028102,802003,0x8303,0x0115,100,14180,0000,-,01,00,22,12,12,-,01,01,32.0,33.4,90,0,525,528,-23.267292,-23.267493,-51.142006,-51.142242,0724,0006,C4A7,07A54F15,4.6,558.4,558.4,0:07:54,82:31:20,-,-,0,-,,,,,04,3,00000000,00,11,,
2025-10-15 07:19:03,,,,867488068342780,23401,ACK
2025-10-15 07:19:03,2025-10-15 07:18:46,2025-10-15 07:18:46,2025-10-15 07:18:44,867488068342780,23400,GTSPD,0x19FE7FBF,,802003,0x8303,0x0115,100,14231,0000,0000,01,00,22,12,12,-,01,01,38.6,44.3,0,0,528,528,-23.267581,-23.267787,-51.142242,-51.142243,0724,0006,C4A7,07A6BE17,4.6,558.4,558.4,0:07:48,82:31:14,-,-,0,-,,,,,,,,,01
2025-10-15 07:19:03,2025-10-15 07:18:43,2025-10-15 07:18:43,2025-10-15 07:18:43,867488068342780,23399,GTSPD,0x19FE7FBF,,802003,0x8303,0x0115,100,14100,0000,0000,01,00,22,12,12,-,01,01,45.5,45.5,1,1,528,528,-23.267899,-23.267899,-51.142244,-51.142244,0724,0006,C4A7,07A6BE03,4.5,558.3,558.3,0:07:45,82:31:11,-,-,0,-,,,,,,,,,00
2025-10-15 07:18:43,2025-10-15 07:18:43,2025-10-15 07:18:43,2025-10-15 07:18:43,867488068342780,23399,GTSPD,0x19FE7FBF,,802003,0x8303,0x0115,100,14100,0000,0000,01,00,22,12,12,-,01,01,45.5,45.5,1,1,528,528,-23.267899,-23.267899,-51.142244,-51.142244,0724,0006,C4A7,07A6BE03,4.5,558.3,558.3,0:07:45,82:31:11,-,-,0,-,,,,,,,,,00
2025-10-15 07:18:42,,,,867488068342780,23398,ACK
2025-10-15 07:18:36,,,,23397,GTHBE
2025-10-15 07:18:35,2025-10-15 07:18:35,2025-10-15 07:18:35,2025-10-15 07:18:30,867488068342780,23396,GTERI,0x19FE3FBF,0x00028102,802003,0x8303,0x0115,100,14100,0000,-,01,00,22,12,12,-,01,01,24.3,27.7,42,92,530,533,-23.268648,-23.2687,-51.142292,-51.142607,0724,0006,C4A7,07A6BE03,4.5,558.3,558.2,0:07:36,82:31:02,-,-,0,-,,,,,04,7,00000000,00,11,,
2025-10-15 07:17:51,2025-10-15 07:17:52,2025-10-15 07:17:50,2025-10-15 07:17:45,867488068342780,23395,GTERI,0x19FE3FBF,0x00028102,802003,0x8303,0x0115,100,14268,0000,-,01,00,22,12,12,-,01,01,20.6,37.7,90,90,535,532,-23.268676,-23.268675,-51.144714,-51.145088,0724,0006,C4A7,07A72916,4.2,558.0,558.0,0:06:54,82:30:20,-,-,0,-,,,,,04,3,00000000,00,10,,
2025-10-15 07:17:48,,,,867488068342780,23394,ACK
2025-10-15 07:17:44,2025-10-15 07:17:44,2025-10-15 07:17:44,2025-10-15 07:17:42,867488068342780,23393,GTSPD,0x19FE7FBF,,802003,0x8303,0x0115,100,14257,0000,0000,01,00,22,12,12,-,01,01,41.3,46.0,90,89,531,529,-23.268673,-23.268674,-51.145194,-51.145428,0724,0006,C4A7,07A72916,4.2,558.0,558.0,0:06:45,82:30:11,-,-,0,-,,,,,,,,,01
2025-10-15 07:17:43,,,,867488068342780,23392,ACK
2025-10-15 07:17:41,2025-10-15 07:17:41,2025-10-15 07:17:41,2025-10-15 07:17:41,867488068342780,23391,GTSPD,0x19FE7FBF,,802003,0x8303,0x0115,100,14257,0000,0000,01,00,22,12,12,-,01,01,46.4,46.4,90,90,528,528,-23.268674,-23.268674,-51.145553,-51.145553,0724,0006,C4A7,07A72916,4.1,557.9,557.9,0:06:42,82:30:08,-,-,0,-,,,,,,,,,00
2025-10-15 07:17:41,,,,867488068342780,23390,HBD
2025-10-15 07:17:22,2025-10-15 07:17:22,2025-10-15 07:17:22,2025-10-15 07:17:07,867488068342780,23389,GTERI,0x19FE3FBF,0x00028102,802003,0x8303,0x0115,100,14331,0000,-,01,00,22,12,12,-,01,01,27.1,39.7,70,2,509,509,-23.268723,-23.269636,-51.147209,-51.148207,0724,0006,C4A7,07A72916,4.0,557.8,557.6,0:06:24,82:29:50,-,-,0,-,,,,,04,3,00000000,00,11,,
2025-10-15 07:17:07,,,,867488068342780,23388,ACK
2025-10-15 07:17:06,2025-10-15 07:17:06,2025-10-15 07:17:06,2025-10-15 07:17:04,867488068342780,23387,GTSPD,0x19FE7FBF,,802003,0x8303,0x0115,100,14272,0000,0000,01,01,22,12,12,-,01,01,42.6,45.9,355,6,509,508,-23.269737,-23.269957,-51.148208,-51.148199,0724,0006,C4A7,07A5CC15,3.8,557.6,557.6,0:06:09,82:29:35,-,-,0,-,,,,,,,,,01
2025-10-15 07:17:03,,,,23386,GTHBE
2025-10-15 07:16:57,,,,867488068342780,23385,ACK
2025-10-15 07:16:47,2025-10-15 07:16:48,2025-10-15 07:16:47,2025-10-15 07:16:47,867488068342780,23384,GTSPD,0x19FE7FBF,,802003,0x8303,0x0115,100,14231,0000,0000,01,00,22,12,12,-,01,01,53.4,53.4,2,2,498,498,-23.271972,-23.271972,-51.149393,-51.149393,0724,0006,C4A7,07A73917,3.5,557.3,557.3,0:05:48,82:29:14,-,-,0,-,,,,,,,,,00
2025-10-15 07:16:47,,,,867488068342780,23383,ACK
2025-10-15 07:16:44,2025-10-15 07:16:45,2025-10-15 07:16:44,2025-10-15 07:16:44,867488068342780,23382,GTERI,0x19FE3FBF,0x00028102,802003,0x8303,0x0115,100,14317,0000,-,01,00,22,12,12,-,01,01,38.2,38.2,25,25,501,501,-23.272318,-23.272318,-51.149426,-51.149426,0724,0006,C4A7,07A73917,3.5,557.3,557.3,0:05:45,82:29:11,-,-,0,-,,,,,04,3,00000000,00,11,,
2025-10-15 07:16:42,2025-10-15 07:16:43,2025-10-15 07:16:42,2025-10-15 07:16:42,867488068342780,23381,GTERI,0x19FE3FBF,0x00028102,802003,0x8303,0x0115,100,14161,0000,-,01,01,22,12,12,-,01,01,36.1,36.1,75,75,502,502,-23.272441,-23.272441,-51.149563,-51.149563,0724,0006,C4A7,07A72916,3.5,557.2,557.2,0:05:45,82:29:11,-,-,0,-,,,,,04,3,00000000,00,11,,
2025-10-15 07:16:42,,,,867488068342780,23380,ACK
2025-10-15 07:16:41,2025-10-15 07:16:42,2025-10-15 07:16:41,2025-10-15 07:16:38,867488068342780,23379,GTSPD,0x19FE7FBF,,802003,0x8303,0x0115,100,14296,0000,0000,01,01,22,12,12,-,01,01,37.7,48.4,97,130,502,500,-23.272452,-23.27232,-51.149661,-51.149982,0724,0006,C4A7,07A72916,3.5,557.2,557.2,0:05:42,82:29:08,-,-,0,-,,,,,,,,,01
2025-10-15 07:16:37,2025-10-15 07:16:38,2025-10-15 07:16:37,2025-10-15 07:16:35,867488068342780,23378,GTERI,0x19FE3FBF,0x00028102,802003,0x8303,0x0115,100,14233,0000,-,01,01,22,12,12,-,01,01,48.8,50.9,141,164,499,499,-23.272236,-23.272019,-51.150076,-51.150205,0724,0006,C4A7,07A72916,3.4,557.2,557.2,0:05:39,82:29:05,-,-,0,-,,,,,04,3,00000000,00,11,,
2025-10-15 07:16:34,,,,23377,GTHBE
2025-10-15 07:16:33,,,,867488068342780,23376,ACK
2025-10-15 07:16:23,2025-10-15 07:16:24,2025-10-15 07:16:23,2025-10-15 07:16:23,867488068342780,23375,GTSPD,0x19FE7FBF,,802003,0x8303,0x0115,100,14258,0000,0000,01,00,22,12,12,-,01,01,52.5,52.5,201,201,503,503,-23.270387,-23.270387,-51.149674,-51.149674,0724,0006,C4A7,07A73917,3.2,557.0,557.0,0:05:24,82:28:50,-,-,0,-,,,,,,,,,00
2025-10-15 07:16:23,,,,867488068342780,23374,ACK
2025-10-15 07:16:18,2025-10-15 07:16:19,2025-10-15 07:16:18,2025-10-15 07:15:37,867488068342780,23373,GTERI,0x19FE3FBF,0x00028102,802003,0x8303,0x0115,100,14121,0000,-,01,00,22,12,12,-,01,01,28.2,39.6,186,107,511,515,-23.26989,-23.269333,-51.149486,-51.15027,0724,0006,C4A7,07A72916,3.1,556.9,556.8,0:05:21,82:28:47,-,-,0,-,,,,,04,3,00000000,00,11,,
2025-10-15 07:15:32,,,,867488068342780,23372,ACK
2025-10-15 07:15:30,2025-10-15 07:15:31,2025-10-15 07:15:30,2025-10-15 07:14:57,867488068342780,23371,GTSPD,0x19FE7FBF,,802003,0x8303,0x0115,100,14256,0000,0000,01,00,22,12,12,-,01,01,37.3,66.8,106,150,518,558,-23.269156,-23.26532,-51.150876,-51.154135,0724,0006,C4A7,07A72916,2.9,556.7,556.2,0:04:33,82:27:59,-,-,0,-,,,,,,,,,01
2025-10-15 07:15:30,,,,867488068342780,23370,HBD
2025-10-15 07:15:04,,,,867488068342780,23369,ACK
2025-10-15 07:15:04,,,,867488068342780,23368,ACK
2025-10-15 07:15:03,,,,867488068342780,23367,ACK
2025-10-15 07:15:03,,,,867488068342780,23366,HBD
2025-10-15 07:14:51,2025-10-15 07:14:52,2025-10-15 07:14:50,2025-10-15 07:14:42,867488068342780,23365,GTERI,0x19FE3FBF,0x00028102,802003,0x8303,0x0115,100,14361,0000,-,01,01,22,12,12,-,01,01,55.6,64.0,141,133,564,571,-23.264414,-23.263582,-51.154794,-51.155612,0724,0006,C4A7,07A7290B,2.3,556.1,555.9,0:03:54,82:27:20,-,-,0,-,,,,,04,1,00000000,00,10,,
2025-10-15 07:14:47,,,,867488068342780,23364,ACK
2025-10-15 07:14:37,2025-10-15 07:14:37,2025-10-15 07:14:37,2025-10-15 07:14:37,867488068342780,23363,GTSPD,0x19FE7FBF,,802003,0x8303,0x0115,100,14457,0000,0000,01,00,22,12,12,-,01,01,51.4,51.4,133,133,577,577,-23.263068,-23.263068,-51.156211,-51.156211,0724,0006,C4A7,07A7290B,2.1,555.9,555.9,0:03:39,82:27:05,-,-,0,-,,,,,,,,,00
2025-10-15 07:14:37,,,,867488068342780,23362,ACK
2025-10-15 07:14:33,2025-10-15 07:14:33,2025-10-15 07:14:33,2025-10-15 07:14:33,867488068342780,23361,GTERI,0x19FE3FBF,0x00028102,802003,0x8303,0x0115,100,14326,0000,-,01,00,22,12,12,-,01,01,36.2,36.2,110,110,580,580,-23.262799,-23.262799,-51.156577,-51.156577,0724,0006,C4A7,07A7290B,2.0,555.8,555.8,0:03:36,82:27:02,-,-,0,-,,,,,04,1,00000000,00,11,,
2025-10-15 07:14:32,,,,867488068342780,23360,ACK
2025-10-15 07:14:30,2025-10-15 07:14:31,2025-10-15 07:14:30,2025-10-15 07:14:21,867488068342780,23359,GTSPD,0x19FE7FBF,,802003,0x8303,0x0115,100,14326,0000,0000,01,01,22,12,12,-,01,01,36.8,56.9,90,89,583,584,-23.262753,-23.262756,-51.156852,-51.158081,0724,0006,C4A7,07A72901,2.0,555.8,555.6,0:03:33,82:26:59,-,-,0,-,,,,,,,,,01
2025-10-15 07:14:16,,,,867488068342780,23358,ACK
2025-10-15 07:14:06,,,,867488068342780,23357,ACK
2025-10-15 07:14:06,2025-10-15 07:14:07,2025-10-15 07:14:06,2025-10-15 07:14:06,867488068342780,23356,GTSPD,0x19FE7FBF,,802003,0x8303,0x0115,100,14307,0000,0000,01,00,22,12,12,-,01,01,48.2,48.2,90,90,568,568,-23.262761,-23.262761,-51.160293,-51.160293,0724,0006,C4A7,07A5BC01,1.6,555.4,555.4,0:03:09,82:26:35,-,-,0,-,,,,,,,,,00
2025-10-15 07:13:51,,,,867488068342780,23355,ACK
2025-10-15 07:13:47,2025-10-15 07:13:48,2025-10-15 07:13:47,2025-10-15 07:13:40,867488068342780,23354,GTSPD,0x19FE7FBF,,802003,0x8303,0x0115,100,14336,0000,0000,01,01,22,12,12,-,01,01,33.4,59.3,90,87,558,561,-23.262753,-23.262763,-51.162105,-51.163068,0724,0006,C4A7,07A5BC16,1.5,555.3,555.1,0:02:48,82:26:14,-,-,0,-,,,,,,,,,01
2025-10-15 07:13:31,,,,867488068342780,23353,ACK
2025-10-15 07:13:21,,,,867488068342780,23352,ACK
2025-10-15 07:13:20,2025-10-15 07:13:21,2025-10-15 07:13:20,2025-10-15 07:13:20,867488068342780,23351,GTSPD,0x19FE7FBF,,802003,0x8303,0x0115,100,14370,0000,0000,01,00,22,12,12,-,01,01,49.2,49.2,89,89,576,576,-23.262771,-23.262771,-51.166032,-51.166032,0724,0006,C4A7,07A5BC17,1.0,554.8,554.8,0:02:21,82:25:47,-,-,0,-,,,,,,,,,00
2025-10-15 07:13:11,2025-10-15 07:13:12,2025-10-15 07:13:11,2025-10-15 07:13:05,867488068342780,23350,GTERI,0x19FE3FBF,0x00028102,802003,0x8303,0x0115,100,14194,0000,-,01,00,22,12,12,-,01,01,16.2,20.0,63,12,577,576,-23.262799,-23.262881,-51.166869,-51.166941,0724,0006,C4A7,07A5BC17,1.0,554.8,554.7,0:02:12,82:25:38,-,-,0,-,,,,,04,3,00000000,00,11,,
2025-10-15 07:13:06,,,,867488068342780,23349,ACK
2025-10-15 07:13:04,2025-10-15 07:13:05,2025-10-15 07:13:04,2025-10-15 07:12:52,867488068342780,23348,GTSPD,0x19FE7FBF,,802003,0x8303,0x0115,100,14382,0000,0000,01,01,22,12,12,-,01,01,30.1,76.3,1,0,576,562,-23.262939,-23.264768,-51.16695,-51.166987,0724,0006,C4A7,07A5BC17,0.9,554.7,554.5,0:02:06,82:25:32,-,-,0,-,,,,,,,,,01
2025-10-15 07:13:04,,,,867488068342780,23347,HBD
2025-10-15 07:12:51,,,,867488068342780,23346,ACK
2025-10-15 07:12:40,,,,867488068342780,23345,ACK
2025-10-15 07:12:40,2025-10-15 07:12:41,2025-10-15 07:12:40,2025-10-15 07:12:40,867488068342780,23344,GTSPD,0x19FE7FBF,,802003,0x8303,0x0115,100,14336,0000,0000,01,00,22,12,12,-,01,01,48.2,48.2,357,357,570,570,-23.266763,-23.266763,-51.167019,-51.167019,0724,0006,C4A7,07A5BC17,0.5,554.3,554.3,0:01:42,82:25:08,-,-,0,-,,,,,,,,,00
2025-10-15 07:12:36,2025-10-15 07:12:37,2025-10-15 07:12:36,2025-10-15 07:12:36,867488068342780,23343,GTERI,0x19FE3FBF,0x00028102,802003,0x8303,0x0115,100,14261,0000,-,01,00,22,12,12,-,01,01,25.1,25.1,14,14,573,573,-23.267165,-23.267165,-51.167016,-51.167016,0724,0006,C4A7,07A5BC17,0.5,554.3,554.3,0:01:39,82:25:05,-,-,0,-,,,,,04,3,00000000,00,11,,
2025-10-15 07:12:31,2025-10-15 07:12:32,2025-10-15 07:12:31,2025-10-15 07:12:30,867488068342780,23342,GTERI,0x19FE3FBF,0x00028102,802003,0x8303,0x0115,100,14336,0000,-,01,00,22,12,12,-,01,01,24.7,26.6,68,46,576,578,-23.267302,-23.26733,-51.167258,-51.167321,0724,0006,C4A7,07A5BC17,0.4,554.2,554.2,0:01:33,82:24:59,-,-,0,-,,,,,04,3,00000000,00,11,,
2025-10-15 07:12:29,2025-10-15 07:12:30,2025-10-15 07:12:29,2025-10-15 07:12:25,867488068342780,23341,GTERI,0x19FE3FBF,0x00028102,802003,0x8303,0x0115,100,14210,0000,-,01,00,22,12,12,-,01,01,28.7,33.0,21,323,577,573,-23.267381,-23.267664,-51.167371,-51.167314,0724,0006,C4A7,07A5BC17,0.4,554.2,554.2,0:01:30,82:24:56,-,-,0,-,,,,,04,3,00000000,00,11,,
2025-10-15 07:12:24,2025-10-15 07:12:25,2025-10-15 07:12:24,2025-10-15 07:12:11,867488068342780,23340,GTERI,0x19FE3FBF,0x00028102,802003,0x8303,0x0115,100,14274,0000,-,01,00,22,12,12,-,01,01,34.4,43.0,330,359,574,559,-23.267733,-23.269009,-51.167263,-51.167204,0724,0006,C4A7,07A5BC17,0.4,554.2,554.0,0:01:27,82:24:53,-,-,0,-,,,,,04,3,00000000,00,11,,
2025-10-15 07:12:10,2025-10-15 07:12:11,2025-10-15 07:12:10,2025-10-15 07:12:08,867488068342780,23339,GTSPD,0x19FE7FBF,,802003,0x8303,0x0115,100,14323,0000,0000,01,00,22,12,12,-,01,01,44.0,45.7,359,0,558,555,-23.269118,-23.269341,-51.167204,-51.167204,0724,0006,C4A7,07A5CC17,0.2,554.0,554.0,0:01:12,82:24:38,-,-,0,-,,,,,,,,,01
2025-10-15 07:12:07,2025-10-15 07:12:08,2025-10-15 07:12:07,2025-10-15 07:12:07,867488068342780,23338,GTSPD,0x19FE7FBF,,802003,0x8303,0x0115,100,14323,0000,0000,01,00,22,12,12,-,01,01,45.7,45.7,0,0,553,553,-23.269456,-23.269456,-51.167206,-51.167206,0724,0006,C4A7,07A5CC17,0.2,554.0,554.0,0:01:09,82:24:35,-,-,0,-,,,,,,,,,00
2025-10-15 07:11:55,2025-10-15 07:11:56,2025-10-15 07:11:55,2025-10-15 07:11:55,867488068342780,23337,GTERI,0x19FE3FBF,0x00028102,802003,0x8303,0x0115,100,14272,0000,-,01,00,22,12,12,-,01,01,16.7,16.7,21,21,544,544,-23.270479,-23.270479,-51.167238,-51.167238,0724,0006,C4A7,07A5CC35,0.1,553.9,553.9,0:00:57,82:24:23,-,-,0,-,,,,,04,28,00000000,00,11,,
2025-10-15 07:11:54,,,,23336,GTHBE
2025-10-15 07:11:51,2025-10-15 07:11:52,2025-10-15 07:11:50,2025-10-15 07:11:46,867488068342780,23335,GTERI,0x19FE3FBF,0x00028102,802003,0x8303,0x0115,100,14272,0000,-,01,00,22,12,12,-,01,01,10.9,29.8,81,88,543,546,-23.270546,-23.270552,-51.167317,-51.167561,0724,0006,C4A7,07A5CC35,0.1,553.9,553.8,0:00:54,82:24:20,-,-,0,-,,,,,04,28,00000000,00,10,,
2025-10-15 07:11:43,2025-10-15 07:11:44,2025-10-15 07:11:43,2025-10-15 07:11:43,867488068342780,23334,GTERI,0x19FE3FBF,0x00028102,802003,0x8303,0x0115,100,14252,0000,-,01,00,22,12,12,-,01,01,18.3,18.3,115,115,548,548,-23.270537,-23.270537,-51.16777,-51.16777,0724,0006,C4A7,07A72935,0.0,553.8,553.8,0:00:45,82:24:11,-,-,0,-,,,,,04,28,00000000,00,11,,
2025-10-15 07:11:38,,,,23333,GTHBE
2025-10-15 07:11:34,2025-10-15 07:11:35,2025-10-15 07:11:34,2025-10-15 07:11:34,867488068342780,23332,GTERI,0x19FE3FBF,0x00028102,802003,0x8303,0x0115,100,14233,0000,-,01,00,22,12,12,-,01,01,9.8,9.8,186,186,549,549,-23.270337,-23.270337,-51.16783,-51.16783,0724,0006,C4A7,07A5CC35,0.0,553.8,553.8,0:00:36,82:24:02,-,-,0,-,,,,,04,28,00000000,00,11,,
2025-10-15 07:11:10,2025-10-15 07:11:11,2025-10-15 07:11:10,2025-10-15 07:11:06,867488068342780,23331,GTERI,0x19FE3FBF,0x00028102,802003,0x8303,0x0115,100,13979,0000,-,01,00,22,12,12,-,01,01,4.4,8.7,16,189,548,548,-23.270358,-23.270341,-51.167832,-51.167839,0724,0006,C4A7,07A5CC35,0.0,553.8,553.8,0:00:12,82:23:38,-,-,0,-,,,,,04,28,00000000,00,11,,
2025-10-15 07:10:58,2025-10-15 07:10:58,2025-10-15 07:10:57,2025-10-15 07:10:57,867488068342780,23330,GTIGL,0x19FE7FBF,,802003,0x8303,0x0115,100,13012,0000,0000,01,00,22,12,12,-,01,01,0.0,0.0,166,166,548,548,-23.27033,-23.27033,-51.167842,-51.167842,0724,0006,C4A7,07A5CC35,0.0,553.8,553.8,0:00:00,82:23:26,-,-,0,-,,,,,,,,,00
2025-10-15 07:10:57,2025-10-15 07:10:57,2025-10-15 07:10:56,2025-10-15 07:10:56,867488068342780,23329,GTSTT,0x19FE7FBF,,802003,0x8303,0x0115,100,13012,0000,0000,01,00,22,12,12,-,01,01,0.0,0.0,166,166,548,548,-23.27033,-23.27033,-51.167842,-51.167842,0724,0006,C4A7,07A5CC35,0.0,553.8,553.8,0:00:00,82:23:26,-,-,0,-
2025-10-15 07:10:57,2025-10-15 07:10:57,2025-10-15 07:10:56,2025-10-15 07:09:16,867488068342780,23328,GTIGN,0x19FE7FBF,,802003,0x8303,0x0115,100,13012,0000,0000,01,00,22,12,12,73,01,01,0.0,40.5,166,181,548,561,-23.27033,-23.269198,-51.167842,-51.167866,0724,0006,C4A7,07A5CC35,0.0,553.8,553.7,0:00:00,82:23:26,-,-,0,-
2025-10-15 07:10:57,,,,867488068342780,23327,HBD
2025-10-15 07:10:09,2025-10-15 07:10:09,2025-10-15 07:10:08,2025-10-15 07:10:08,867488068342780,23326,GTSTT,0x19FE7FBF,,802003,0x8303,0x0115,100,13221,0000,0000,00,00,11,12,12,-,01,01,0.0,0.0,166,166,548,548,-23.27033,-23.27033,-51.167842,-51.167842,0724,0006,C4A7,07A5CC35,0.8,553.8,553.8,0:02:15,82:23:26,-,-,0,-
2025-10-15 07:09:46,,,,867488068342780,23325,ACK
2025-10-15 07:09:46,,,,867488068342780,23324,ACK
2025-10-15 07:09:44,2025-10-15 07:09:45,2025-10-15 07:09:44,2025-10-15 07:09:44,867488068342780,23323,GTIGL,0x19FE7FBF,,802003,0x8303,0x0115,100,13458,0000,0000,00,00,12,12,12,-,01,01,0.0,0.0,166,166,548,548,-23.27033,-23.27033,-51.167842,-51.167842,0724,0006,C4A7,07A5CC35,0.8,553.8,553.8,0:02:15,82:23:26,-,-,0,-,,,,,,,,,01
2025-10-15 07:09:44,2025-10-15 07:09:44,2025-10-15 07:09:43,2025-10-15 07:09:43,867488068342780,23322,GTSTT,0x19FE7FBF,,802003,0x8303,0x0115,100,14324,0000,0000,00,00,12,12,12,-,01,01,0.0,0.0,166,166,548,548,-23.27033,-23.27033,-51.167842,-51.167842,0724,0006,C4A7,07A5CC35,0.8,553.8,553.8,0:02:15,82:23:26,-,-,0,-
2025-10-15 07:09:44,2025-10-15 07:09:44,2025-10-15 07:09:43,2025-10-15 07:09:43,867488068342780,23321,GTIGF,0x19FE7FBF,,802003,0x8303,0x0115,100,14324,0000,0000,00,00,12,12,12,138,01,01,0.0,0.0,166,166,548,548,-23.27033,-23.27033,-51.167842,-51.167842,0724,0006,C4A7,07A5CC35,0.8,553.8,553.8,0:02:15,82:23:26,-,-,0,-
2025-10-15 07:09:44,,,,867488068342780,23320,HBD
2025-10-15 07:09:05,2025-10-15 07:09:06,2025-10-15 07:09:05,2025-10-15 07:08:53,867488068342780,23319,GTERI,0x19FE3FBF,0x00028102,802003,0x8303,0x0115,100,14208,0000,-,01,00,22,12,12,-,01,01,24.4,42.3,166,89,576,577,-23.268201,-23.268101,-51.167863,-51.168968,0724,0006,C4A7,07A5BC0D,0.5,553.6,553.5,0:01:39,82:22:50,-,-,0,-,,,,,04,1,00000000,00,11,,
2025-10-15 07:08:51,2025-10-15 07:08:52,2025-10-15 07:08:50,2025-10-15 07:08:51,867488068342780,23318,GTERI,0x19FE3FBF,0x00028102,802003,0x8303,0x0115,100,14333,0000,-,01,00,22,12,12,-,01,01,36.5,37.9,89,90,577,577,-23.268101,-23.268101,-51.169291,-51.169189,0724,0006,C4A7,07A5BC0D,0.4,553.4,553.4,0:01:24,82:22:35,-,-,0,-,,,,,04,1,00000000,00,10,,
2025-10-15 07:08:46,2025-10-15 07:08:47,2025-10-15 07:08:46,2025-10-15 07:08:46,867488068342780,23317,GTERI,0x19FE3FBF,0x00028102,802003,0x8303,0x0115,100,14220,0000,-,01,00,22,12,12,-,01,01,21.6,21.6,108,108,578,578,-23.26809,-23.26809,-51.169611,-51.169611,0724,0006,C4A7,07A5BC0D,0.4,553.4,553.4,0:01:18,82:22:29,-,-,0,-,,,,,04,1,00000000,00,11,,
2025-10-15 07:08:45,,,,23316,GTHBE
2025-10-15 07:08:38,2025-10-15 07:08:39,2025-10-15 07:08:38,2025-10-15 07:08:38,867488068342780,23315,GTERI,0x19FE3FBF,0x00028102,802003,0x8303,0x0115,100,14407,0000,-,01,00,22,12,12,-,01,01,23.3,23.3,173,173,581,581,-23.267617,-23.267617,-51.169713,-51.169713,0724,0006,C4A7,07A5BC0D,0.3,553.3,553.3,0:01:12,82:22:23,-,-,0,-,,,,,04,1,00000000,00,11,,
2025-10-15 07:08:36,2025-10-15 07:08:37,2025-10-15 07:08:36,2025-10-15 07:08:27,867488068342780,23314,GTERI,0x19FE3FBF,0x00028102,802003,0x8303,0x0115,100,14277,0000,-,01,00,22,12,12,-,01,01,21.6,44.5,125,89,581,584,-23.267518,-23.26748,-51.169757,-51.170614,0724,0006,C4A7,07A5BC0D,0.3,553.3,553.2,0:01:09,82:22:20,-,-,0,-,,,,,04,1,00000000,00,11,,
2025-10-15 07:08:09,2025-10-15 07:08:10,2025-10-15 07:08:09,2025-10-15 07:08:09,867488068342780,23313,GTERI,0x19FE3FBF,0x00028102,802003,0x8303,0x0115,100,14337,0000,-,01,00,22,12,12,-,01,01,17.8,17.8,69,69,578,578,-23.267492,-23.267492,-51.172296,-51.172296,0724,0006,C4A7,07B2DC0C,0.0,553.1,553.1,0:00:42,82:21:53,-,-,0,-,,,,,04,1,00000000,00,11,,
2025-10-15 07:08:07,2025-10-15 07:08:08,2025-10-15 07:08:07,2025-10-15 07:08:07,867488068342780,23312,GTERI,0x19FE3FBF,0x00028102,802003,0x8303,0x0115,100,14337,0000,-,01,00,22,12,12,-,01,01,13.0,13.0,18,18,579,579,-23.267537,-23.267537,-51.17236,-51.17236,0724,0006,C4A7,07B2DC0C,0.0,553.1,553.1,0:00:39,82:21:50,-,-,0,-,,,,,04,1,00000000,00,11,,
2025-10-15 07:07:29,2025-10-15 07:07:29,2025-10-15 07:07:28,2025-10-15 07:07:28,867488068342780,23311,GTSTT,0x19FE7FBF,,802003,0x8303,0x0115,100,12876,0000,0000,01,00,22,12,12,-,01,01,0.0,0.0,329,329,574,574,-23.267768,-23.267768,-51.172361,-51.172361,0724,0006,C4A7,07B2DC0C,0.0,553.0,553.0,0:00:03,82:21:14,-,-,0,-
2025-10-15 07:07:27,2025-10-15 07:07:27,2025-10-15 07:07:26,2025-10-15 07:07:26,867488068342780,23310,GTIGL,0x19FE7FBF,,802003,0x8303,0x0115,100,12876,0000,0000,01,00,21,12,12,-,01,01,0.0,0.0,329,329,574,574,-23.267768,-23.267768,-51.172361,-51.172361,0724,0006,C4A7,07B2DC0C,0.0,553.0,553.0,0:00:00,82:21:11,-,-,0,-,,,,,,,,,00
2025-10-15 07:07:27,2025-10-15 07:07:26,2025-10-15 07:07:25,2025-10-15 07:07:25,867488068342780,23309,GTSTT,0x19FE7FBF,,802003,0x8303,0x0115,100,12876,0000,0000,01,00,21,12,12,-,01,01,0.0,0.0,329,329,574,574,-23.267768,-23.267768,-51.172361,-51.172361,0724,0006,C4A7,07B2DC0C,0.0,553.0,553.0,0:00:00,82:21:11,-,-,0,-
2025-10-15 07:07:26,2025-10-15 07:07:26,2025-10-15 07:07:25,2025-10-15 07:05:20,867488068342780,23308,GTIGN,0x19FE7FBF,,802003,0x8303,0x0115,100,12876,0000,0000,01,00,21,12,12,116,01,01,0.0,18.2,329,1,574,574,-23.267768,-23.267843,-51.172361,-51.17236,0724,0006,C4A7,07B2DC0C,0.0,553.0,553.0,0:00:00,82:21:11,-,-,0,-
2025-10-15 07:07:26,,,,867488068342780,23307,HBD
2025-10-15 07:07:17,,,,867488068342780,23306,HBD
2025-10-15 07:05:53,2025-10-15 07:05:54,2025-10-15 07:05:53,2025-10-15 07:05:53,867488068342780,23305,GTSTT,0x19FE7FBF,,802003,0x8303,0x0115,100,13256,0000,0000,00,00,11,12,12,-,01,01,0.0,0.0,329,329,574,574,-23.267768,-23.267768,-51.172361,-51.172361,0724,0006,C4A7,07A6FD34,0.7,553.0,553.0,0:02:44,82:21:11,-,-,0,-
2025-10-15 07:05:51,2025-10-15 07:05:52,2025-10-15 07:05:50,2025-10-15 07:05:50,867488068342780,23304,GTERI,0x19FE3FBF,0x00028102,802003,0x8303,0x0115,100,13256,0000,-,00,00,12,12,12,-,01,01,0.0,0.0,329,329,574,574,-23.267768,-23.267768,-51.172361,-51.172361,0724,0006,C4A7,07A6FD34,0.7,553.0,553.0,0:02:44,82:21:11,-,-,0,-,,,,,04,28,00000000,00,10,,
2025-10-15 07:05:32,2025-10-15 07:05:32,2025-10-15 07:05:31,2025-10-15 07:05:31,867488068342780,23303,GTIGL,0x19FE7FBF,,802003,0x8303,0x0115,100,13439,0000,0000,00,00,12,12,12,-,01,01,0.0,0.0,329,329,574,574,-23.267768,-23.267768,-51.172361,-51.172361,0724,0006,C4A7,07A6FD34,0.7,553.0,553.0,0:02:44,82:21:11,-,-,0,-,,,,,,,,,01
2025-10-15 07:05:31,,,,867488068342780,23302,ACK
2025-10-15 07:05:31,,,,867488068342780,23301,ACK
2025-10-15 07:05:30,2025-10-15 07:05:31,2025-10-15 07:05:29,2025-10-15 07:05:29,867488068342780,23300,GTSTT,0x19FE7FBF,,802003,0x8303,0x0115,100,13546,0000,0000,00,00,12,12,12,-,01,01,0.0,0.0,329,329,574,574,-23.267768,-23.267768,-51.172361,-51.172361,0724,0006,C4A7,07A6FD34,0.7,553.0,553.0,0:02:44,82:21:11,-,-,0,-
2025-10-15 07:05:30,2025-10-15 07:05:31,2025-10-15 07:05:29,2025-10-15 07:05:29,867488068342780,23299,GTIGF,0x19FE7FBF,,802003,0x8303,0x0115,100,13546,0000,0000,00,00,12,12,12,164,01,01,0.0,0.0,329,329,574,574,-23.267768,-23.267768,-51.172361,-51.172361,0724,0006,C4A7,07A6FD34,0.7,553.0,553.0,0:02:44,82:21:11,-,-,0,-
2025-10-15 07:05:16,2025-10-15 07:05:17,2025-10-15 07:05:16,2025-10-15 07:05:01,867488068342780,23298,GTERI,0x19FE3FBF,0x00028102,802003,0x8303,0x0115,100,14244,0000,-,01,00,22,12,12,-,01,01,13.5,36.3,329,268,572,572,-23.268004,-23.268072,-51.172365,-51.171339,0724,0006,C4A7,07A6FD34,0.7,553.0,552.9,0:02:32,82:20:59,-,-,0,-,,,,,04,28,00000000,00,11,,
2025-10-15 07:05:16,,,,867488068342780,23297,HBD
2025-10-15 07:04:11,2025-10-15 07:04:12,2025-10-15 07:04:11,2025-10-15 07:03:42,867488068342780,23296,GTERI,0x19FE3FBF,0x00028102,802003,0x8303,0x0115,100,14403,0000,-,01,00,22,9,7,-,01,01,16.0,26.3,272,0,566,540,-23.268076,-23.269431,-51.168003,-51.16787,0724,0006,C4A7,07A5BE15,0.3,552.6,552.4,0:01:27,82:19:54,-,-,0,-,,,,,04,3,00000000,00,11,,
2025-10-15 07:03:22,2025-10-15 07:03:23,2025-10-15 07:03:22,2025-10-15 07:03:22,867488068342780,23295,GTERI,0x19FE3FBF,0x00028102,802003,0x8303,0x0115,100,14420,0000,-,01,00,22,7,7,-,01,01,7.5,7.5,322,322,531,531,-23.270318,-23.270318,-51.167868,-51.167868,0724,0006,C4A7,07A5CC17,0.0,552.3,552.3,0:00:39,82:19:06,-,-,0,-,,,,,04,3,00000000,00,11,,
2025-10-15 07:03:05,2025-10-15 07:03:04,2025-10-15 07:03:05,2025-10-15 07:03:05,867488068342780,23294,GTERI,0x19FE3FBF,0x00028102,802003,0x8303,0x0115,100,14361,0000,-,01,00,22,7,7,-,01,01,3.7,3.7,252,252,525,525,-23.270366,-23.270366,-51.167866,-51.167866,0724,0006,C4A7,07A5CC17,0.0,552.3,552.3,0:00:18,82:18:45,-,-,0,-,,,,,04,3,00000000,00,11,,
2025-10-15 07:02:59,2025-10-15 07:02:58,2025-10-15 07:02:59,2025-10-15 07:02:59,867488068342780,23293,GTIGL,0x19FE7FBF,,802003,0x8303,0x0115,100,14323,0000,0000,01,00,22,6,6,-,01,01,0.0,0.0,57,57,519,519,-23.270324,-23.270324,-51.167883,-51.167883,0724,0006,C4A7,07A5CC17,0.0,552.3,552.3,0:00:12,82:18:39,-,-,0,-,,,,,,,,,00
2025-10-15 07:02:59,2025-10-15 07:02:58,2025-10-15 07:02:59,2025-10-15 07:02:59,867488068342780,23292,GTERI,0x19FE3FBF,0x00028102,802003,0x8303,0x0115,100,14323,0000,-,01,00,22,6,6,-,01,01,0.0,0.0,57,57,519,519,-23.270324,-23.270324,-51.167883,-51.167883,0724,0006,C4A7,07A5CC17,0.0,552.3,552.3,0:00:12,82:18:39,-,-,0,-,,,,,04,3,00000000,00,10,,
2025-10-15 07:02:46,2025-10-15 07:02:44,2025-10-15 07:01:55,2025-10-15 07:01:55,867488068342780,23291,GTSTT,0x19FE7FBF,,802003,0x8303,0x0115,100,12181,0000,0000,01,00,22,7,7,-,00,00,0.0,0.0,57,57,557,557,-23.270348,-23.270348,-51.167777,-51.167777,0724,0006,C4A7,07A5CC17,0.0,552.3,552.3,0:00:00,82:18:27,-,-,0,-
2025-10-15 07:02:46,2025-10-15 07:02:44,2025-10-15 07:01:55,2025-10-14 17:58:06,867488068342780,23290,GTIGN,0x19FE7FBF,,802003,0x8303,0x0115,100,12181,0000,0000,01,00,22,7,12,47031,00,01,0.0,4.0,57,50,557,557,-23.270348,-23.270351,-51.167777,-51.167829,0724,0006,C4A7,07A5CC17,0.0,552.3,552.3,0:00:00,82:18:27,-,-,0,-
2025-10-15 07:02:46,,,,867488068342780,23289,HBD
2025-10-15 06:03:50,2025-10-15 06:03:49,2025-10-15 06:02:00,2025-10-15 06:02:00,867488068342780,23288,GTERI,0x19FE3FBF,0x00028102,802003,0x8303,0x0115,100,12823,0000,-,00,00,11,7,7,-,01,01,0.0,0.0,57,57,557,557,-23.270348,-23.270348,-51.167777,-51.167777,0724,0006,C4A7,07A5CC35,0.7,552.3,552.3,0:02:39,82:18:27,-,-,0,-,,,,,04,28,00000000,00,10,,
2025-10-15 05:03:50,2025-10-15 05:03:49,2025-10-15 05:01:51,2025-10-15 05:01:51,867488068342780,23287,GTERI,0x19FE3FBF,0x00028102,802003,0x8303,0x0115,100,12809,0000,-,00,00,11,4,4,-,01,01,0.0,0.0,57,57,557,557,-23.270348,-23.270348,-51.167777,-51.167777,0724,0006,C4A7,07A5CC35,0.7,552.3,552.3,0:02:39,82:18:27,-,-,0,-,,,,,04,28,00000000,00,10,,
2025-10-15 04:03:50,2025-10-15 04:03:49,2025-10-15 04:01:37,2025-10-15 04:01:37,867488068342780,23286,GTERI,0x19FE3FBF,0x00028102,802003,0x8303,0x0115,100,12940,0000,-,00,00,11,6,6,-,01,01,0.0,0.0,57,57,557,557,-23.270348,-23.270348,-51.167777,-51.167777,0724,0006,C4A7,07A5CC35,0.7,552.3,552.3,0:02:39,82:18:27,-,-,0,-,,,,,04,28,00000000,00,10,,
2025-10-15 03:03:50,2025-10-15 03:03:49,2025-10-15 03:01:54,2025-10-15 03:01:54,867488068342780,23285,GTERI,0x19FE3FBF,0x00028102,802003,0x8303,0x0115,100,12814,0000,-,00,00,11,5,5,-,01,01,0.0,0.0,57,57,557,557,-23.270348,-23.270348,-51.167777,-51.167777,0724,0006,C4A7,07A5CC35,0.7,552.3,552.3,0:02:39,82:18:27,-,-,0,-,,,,,04,28,00000000,00,10,,
2025-10-15 02:03:50,2025-10-15 02:03:49,2025-10-15 02:02:06,2025-10-15 02:02:06,867488068342780,23284,GTERI,0x19FE3FBF,0x00028102,802003,0x8303,0x0115,100,12878,0000,-,00,00,11,6,6,-,01,01,0.0,0.0,57,57,557,557,-23.270348,-23.270348,-51.167777,-51.167777,0724,0006,C4A7,07A5CC35,0.7,552.3,552.3,0:02:39,82:18:27,-,-,0,-,,,,,04,28,00000000,00,10,,
2025-10-15 01:03:50,2025-10-15 01:03:49,2025-10-15 01:01:57,2025-10-15 01:01:57,867488068342780,23283,GTERI,0x19FE3FBF,0x00028102,802003,0x8303,0x0115,100,12922,0000,-,00,00,11,5,5,-,01,01,0.0,0.0,57,57,557,557,-23.270348,-23.270348,-51.167777,-51.167777,0724,0006,C4A7,07A5CC35,0.7,552.3,552.3,0:02:39,82:18:27,-,-,0,-,,,,,04,28,00000000,00,10,,
2025-10-15 00:03:50,2025-10-15 00:03:49,2025-10-15 00:02:30,2025-10-15 00:02:30,867488068342780,23282,GTERI,0x19FE3FBF,0x00028102,802003,0x8303,0x0115,100,12937,0000,-,00,00,11,6,6,-,01,01,0.0,0.0,57,57,557,557,-23.270348,-23.270348,-51.167777,-51.167777,0724,0006,C4A7,07A5CC35,0.7,552.3,552.3,0:02:39,82:18:27,-,-,0,-,,,,,04,28,00000000,00,10,,
