Data/Hora Inclusão,Data/Hora Evento,GNSS UTC Time,MS GNSS UTC Time,IMEI,Sequência,Tipo Mensagem,Máscara Report,Máscara ERI,Tipo Dispositivo,Versão Protocolo,Versão Firmware,Bateria Interna,Alimentação Externa,Analog Input Mode,Analog Input1 Voltage,Digital Input Status,Digital Output Status,Motion Status,Satélites,MS Satellite Number,Duração da Ignição,Precisão GNSS,MS GNSS Accuracy,Velocidade,Max Speed,Azimuth,MS Azimuth,Altitude,MS Altitude,Latitude,MS Latitude,Longitude,MS Longitude,MCC,MNC,LAC,Cell ID,Hodômetro Atual,Hodômetro Total,MS Mileage,Horímetro Atual,Horímetro Total,Motivo Power Off,Motivo Power On,ID,ID Report Type,Comando Customizado,Battery Status,Backup Battery Voltage,Network Type,RAT,Band,IGN Trigger Data,GNSS Trigger Type,Position Report Type,GNSS Signal Status,
2025-10-20 09:18:49,,,,867488068351542,17164,HBD
2025-10-20 09:18:48,2025-10-20 09:18:10,2025-10-20 09:18:10,2025-10-20 09:17:26,867488068351542,17163,GTPDP,0x19FE7FBF,,802003,0x8303,0x0115,100,30494,0000,0000,01,00,22,12,12,-,01,01,0.0,22.4,293,355,1118,1126,-25.053743,-25.054548,-51.628672,-51.628293,0000,0000,0000,00000000,22.4,868.5,868.3,0:50:48,83:16:49,-,-,0,-
2025-10-20 09:18:48,2025-10-20 09:17:25,2025-10-20 09:17:23,2025-10-20 09:15:31,867488068351542,17162,GTERI,0x19FE3FBF,0x00028102,802003,0x8303,0x0115,100,30426,0000,-,01,00,22,12,12,-,01,01,22.7,27.5,354,183,1126,1096,-25.054716,-25.053688,-51.62828,-51.623178,0724,0004,85DE,0F6BA90D,22.3,868.3,867.7,0:50:00,83:16:01,-,-,0,-,,,,,04,28,00000000,00,10,,
2025-10-20 09:17:34,,,,867488068351542,17160,HBD
2025-10-20 09:17:34,,,,867488068351542,17159,HBD
2025-10-20 09:17:10,2025-10-20 09:14:25,2025-10-20 09:14:23,2025-10-20 09:14:24,867488068351542,17158,GTERI,0x19FE3FBF,0x00028102,802003,0x8303,0x0115,100,30571,0000,-,01,00,22,12,12,-,01,01,21.0,22.6,210,208,1085,1085,-25.050101,-25.050151,-51.621529,-51.621558,0000,0000,0000,00000000,21.2,867.2,867.2,0:47:00,83:13:01,-,-,0,-,,,,,00,0,00000000,00,10,,
2025-10-20 09:17:09,2025-10-20 09:13:13,2025-10-20 09:13:12,2025-10-20 09:12:45,867488068351542,17157,GTPDP,0x19FE7FBF,,802003,0x8303,0x0115,100,30509,0000,0000,01,00,22,12,12,-,01,01,17.3,30.8,173,167,1089,1096,-25.048492,-25.046915,-51.620574,-51.620673,0000,0000,0000,00000000,21.0,867.0,866.9,0:45:48,83:11:49,-,-,0,-
2025-10-20 09:17:09,,,,867488068351542,17156,HBD
2025-10-20 09:17:08,,,,867488068351542,17155,HBD
2025-10-20 09:17:08,2025-10-20 09:11:25,2025-10-20 09:11:23,2025-10-20 09:11:03,867488068351542,17154,GTERI,0x19FE3FBF,0x00028102,802003,0x8303,0x0115,100,30481,0000,-,01,00,22,12,12,-,01,01,27.7,34.2,180,182,1076,1074,-25.04337,-25.041933,-51.62303,-51.622895,0000,0000,0000,00000000,20.4,866.4,866.2,0:44:00,83:10:01,-,-,0,-,,,,,00,0,00000000,00,10,,
2025-10-20 09:17:07,,,,867488068351542,17153,HBD
2025-10-20 09:17:07,2025-10-20 09:08:25,2025-10-20 09:08:23,2025-10-20 09:05:56,867488068351542,17152,GTERI,0x19FE3FBF,0x00028102,802003,0x8303,0x0115,100,30571,0000,-,01,00,22,12,12,-,01,01,18.5,30.5,189,220,1035,1033,-25.033465,-25.028784,-51.623427,-51.623991,0000,0000,0000,00000000,19.1,865.1,864.5,0:41:00,83:07:01,-,-,0,-,,,,,00,0,00000000,00,10,,
2025-10-20 09:17:05,2025-10-20 09:05:25,2025-10-20 09:05:23,2025-10-20 09:03:18,867488068351542,17149,GTERI,0x19FE3FBF,0x00028102,802003,0x8303,0x0115,100,30493,0000,-,01,00,22,12,12,-,01,01,19.0,32.2,234,176,1052,1064,-25.027198,-25.021535,-51.623582,-51.62061,0000,0000,0000,00000000,18.3,864.3,863.5,0:38:00,83:04:01,-,-,0,-,,,,,00,0,00000000,00,10,,
2025-10-20 09:17:04,2025-10-20 09:02:25,2025-10-20 09:02:23,2025-10-20 09:00:07,867488068351542,17147,GTERI,0x19FE3FBF,0x00028102,802003,0x8303,0x0115,100,30567,0000,-,01,00,22,12,12,-,01,01,24.3,35.3,175,268,1082,1053,-25.017851,-25.010205,-51.620874,-51.618763,0000,0000,0000,00000000,17.1,863.1,862.1,0:35:00,83:01:01,-,-,0,-,,,,,00,0,00000000,00,10,,
2025-10-20 09:17:03,2025-10-20 08:59:25,2025-10-20 08:59:23,2025-10-20 08:58:05,867488068351542,17144,GTERI,0x19FE3FBF,0x00028102,802003,0x8303,0x0115,100,30526,0000,-,01,00,22,12,12,-,01,01,28.2,33.9,173,247,1048,1020,-25.008754,-25.004572,-51.615958,-51.614278,0000,0000,0000,00000000,15.7,861.7,861.2,0:32:00,82:58:01,-,-,0,-,,,,,00,0,00000000,00,10,,
2025-10-20 09:17:02,2025-10-20 08:56:25,2025-10-20 08:56:23,2025-10-20 08:54:09,867488068351542,17142,GTERI,0x19FE3FBF,0x00028102,802003,0x8303,0x0115,100,30461,0000,-,01,00,22,12,12,-,01,01,25.9,27.4,137,186,1030,1031,-24.998933,-24.997236,-51.611399,-51.611764,0000,0000,0000,00000000,14.4,860.4,860.2,0:29:00,82:55:01,-,-,0,-,,,,,00,0,00000000,00,10,,
2025-10-20 09:17:00,2025-10-20 08:53:25,2025-10-20 08:53:23,2025-10-20 08:50:38,867488068351542,17139,GTERI,0x19FE3FBF,0x00028102,802003,0x8303,0x0115,100,30512,0000,-,01,00,22,12,12,-,01,01,19.7,33.4,193,256,1029,979,-24.99506,-24.990903,-51.610633,-51.602447,0000,0000,0000,00000000,13.9,859.9,858.8,0:26:00,82:52:01,-,-,0,-,,,,,00,0,00000000,00,10,,
2025-10-20 09:12:35,2025-10-20 08:50:25,2025-10-20 08:50:23,2025-10-20 08:49:39,867488068351542,17137,GTERI,0x19FE3FBF,0x00028102,802003,0x8303,0x0115,100,30472,0000,-,01,00,22,12,12,-,01,01,27.8,34.6,259,250,990,992,-24.990361,-24.989502,-51.601327,-51.598316,0000,0000,0000,00000000,12.7,858.7,858.4,0:23:00,82:49:01,-,-,0,-,,,,,00,0,00000000,00,10,,
2025-10-20 09:12:33,2025-10-20 08:47:25,2025-10-20 08:47:23,2025-10-20 08:45:16,867488068351542,17134,GTERI,0x19FE3FBF,0x00028102,802003,0x8303,0x0115,100,30651,0000,-,01,00,22,12,12,-,01,01,29.0,32.8,321,283,990,1038,-24.989042,-24.993117,-51.589256,-51.581573,0000,0000,0000,00000000,11.3,857.3,856.4,0:20:00,82:46:01,-,-,0,-,,,,,00,0,00000000,00,10,,
2025-10-20 09:12:32,2025-10-20 08:45:06,2025-10-20 08:45:06,2025-10-20 08:44:43,867488068351542,17132,GTPDP,0x19FE7FBF,,802003,0x8303,0x0115,100,30543,0000,0000,01,00,22,12,12,-,01,01,26.6,38.1,265,266,1042,1038,-24.993281,-24.993008,-51.580807,-51.578833,0000,0000,0000,00000000,10.3,856.3,856.1,0:17:42,82:43:43,-,-,0,-
2025-10-20 09:12:32,2025-10-20 08:44:25,2025-10-20 08:44:23,2025-10-20 08:41:45,867488068351542,17131,GTERI,0x19FE3FBF,0x00028102,802003,0x8303,0x0115,100,30489,0000,-,01,00,22,12,12,-,01,01,24.3,37.4,281,283,1048,1030,-24.992849,-24.991903,-51.577157,-51.567759,0724,0004,85DE,0F795E0E,9.9,855.9,854.8,0:17:00,82:43:01,-,-,0,-,,,,,04,28,00000000,00,10,,
2025-10-20 08:43:57,,,,867488068351542,17130,HBD
2025-10-20 08:43:56,,,,867488068351542,17129,HBD
2025-10-20 08:43:56,2025-10-20 08:41:25,2025-10-20 08:41:23,2025-10-20 08:40:48,867488068351542,17128,GTERI,0x19FE3FBF,0x00028102,802003,0x8303,0x0115,100,30593,0000,-,01,00,22,12,12,-,01,01,24.9,30.5,268,261,1034,1023,-24.992211,-24.991968,-51.566127,-51.563771,0000,0000,0000,00000000,8.6,854.6,854.3,0:14:00,82:40:01,-,-,0,-,,,,,00,0,00000000,00,10,,
2025-10-20 08:43:55,,,,867488068351542,17127,HBD
2025-10-20 08:43:55,2025-10-20 08:38:25,2025-10-20 08:38:23,2025-10-20 08:37:53,867488068351542,17126,GTERI,0x19FE3FBF,0x00028102,802003,0x8303,0x0115,100,30575,0000,-,01,00,22,12,12,-,01,01,22.1,36.5,255,334,967,978,-24.992752,-24.993341,-51.555519,-51.553817,0000,0000,0000,00000000,7.5,853.5,853.2,0:11:00,82:37:01,-,-,0,-,,,,,00,0,00000000,00,10,,
2025-10-20 08:43:54,,,,867488068351542,17125,HBD
2025-10-20 08:43:54,,,,867488068351542,17124,HBD
2025-10-20 08:43:54,2025-10-20 08:35:25,2025-10-20 08:35:23,2025-10-20 08:34:36,867488068351542,17123,GTERI,0x19FE3FBF,0x00028102,802003,0x8303,0x0115,100,30591,0000,-,01,00,22,12,12,-,01,01,17.8,77.4,280,342,1015,1028,-24.991958,-24.99704,-51.54831,-51.544645,0000,0000,0000,00000000,6.2,852.2,851.5,0:08:00,82:34:01,-,-,0,-,,,,,00,0,00000000,00,10,,
2025-10-20 08:43:33,2025-10-20 08:35:25,2025-10-20 08:35:23,2025-10-20 08:34:36,867488068351542,17123,GTERI,0x19FE3FBF,0x00028102,802003,0x8303,0x0115,100,30591,0000,-,01,00,22,12,12,-,01,01,17.8,77.4,280,342,1015,1028,-24.991958,-24.99704,-51.54831,-51.544645,0000,0000,0000,00000000,6.2,852.2,851.5,0:08:00,82:34:01,-,-,0,-,,,,,00,0,00000000,00,10,,
2025-10-20 08:43:33,2025-10-20 08:34:36,2025-10-20 08:34:35,2025-10-20 08:34:24,867488068351542,17122,GTPDP,0x19FE7FBF,,802003,0x8303,0x0115,100,30506,0000,0000,01,00,22,12,12,-,01,01,78.0,86.2,343,355,1028,1027,-24.997226,-24.999425,-51.544583,-51.544111,0000,0000,0000,00000000,5.5,851.5,851.2,0:07:12,82:33:13,-,-,0,-
2025-10-20 08:43:32,,,,867488068351542,17121,HBD
2025-10-20 08:32:25,2025-10-20 08:32:25,2025-10-20 08:32:23,2025-10-20 08:32:15,867488068351542,17120,GTERI,0x19FE3FBF,0x00028102,802003,0x8303,0x0115,100,30626,0000,-,01,00,22,12,12,-,01,01,79.8,83.6,10,10,1057,1055,-25.020882,-25.022496,-51.54563,-51.54597,0724,0004,85DA,0F6AD117,2.8,848.9,848.7,0:05:00,82:31:01,-,-,0,-,,,,,04,1,00000000,00,10,,
2025-10-20 08:32:24,,,,867488068351542,17119,HBD
2025-10-20 08:31:25,,,,867488068351542,17118,ACK
2025-10-20 08:31:24,,,,867488068351542,17117,ACK
2025-10-20 08:31:24,,,,867488068351542,17116,ACK
2025-10-20 08:31:24,,,,867488068351542,17115,HBD
2025-10-20 08:29:25,2025-10-20 08:29:25,2025-10-20 08:29:23,2025-10-20 08:29:24,867488068351542,17114,GTERI,0x19FE3FBF,0x00028102,802003,0x8303,0x0115,100,30485,0000,-,01,00,22,12,12,-,01,01,40.8,41.5,332,332,1019,1019,-25.043665,-25.04357,-51.543969,-51.544018,0724,0004,85DA,0F6AD10A,0.2,846.2,846.2,0:02:00,82:28:01,-,-,0,-,,,,,04,3,00000000,00,10,,
2025-10-20 08:29:24,,,,867488068351542,17113,HBD
2025-10-20 08:27:23,2025-10-20 08:27:23,2025-10-20 08:27:23,2025-10-20 08:27:23,867488068351542,17112,GTIGL,0x19FE7FBF,,802003,0x8303,0x0115,100,24756,0000,0000,01,00,22,12,12,-,01,01,0.0,0.0,259,259,1020,1020,-25.045273,-25.045273,-51.543449,-51.543449,0724,0004,85DA,0F6AD10A,0.0,846.0,846.0,0:00:00,82:26:01,-,-,0,-,,,,,,,,,00
2025-10-20 08:27:23,2025-10-20 08:27:22,2025-10-20 08:27:21,2025-10-20 08:27:21,867488068351542,17111,GTSTT,0x19FE7FBF,,802003,0x8303,0x0115,100,24756,0000,0000,01,00,22,12,12,-,01,01,0.0,0.0,259,259,1020,1020,-25.045273,-25.045273,-51.543449,-51.543449,0724,0004,85DA,0F6AD10A,0.0,846.0,846.0,0:00:00,82:26:01,-,-,0,-
2025-10-20 08:27:22,2025-10-20 08:27:22,2025-10-20 08:27:21,2025-10-20 08:27:21,867488068351542,17110,GTIGN,0x19FE7FBF,,802003,0x8303,0x0115,100,24756,0000,0000,01,00,22,12,12,5,01,01,0.0,0.0,259,259,1020,1020,-25.045273,-25.045273,-51.543449,-51.543449,0724,0004,85DA,0F6AD10A,0.0,846.0,846.0,0:00:00,82:26:01,-,-,0,-
2025-10-20 08:27:22,,,,867488068351542,17109,HBD
2025-10-20 08:27:19,,,,867488068351542,17108,ACK
2025-10-20 08:27:19,,,,867488068351542,17107,ACK
2025-10-20 08:27:18,2025-10-20 08:27:19,2025-10-20 08:27:18,2025-10-20 08:27:18,867488068351542,17106,GTIGL,0x19FE7FBF,,802003,0x8303,0x0115,100,24455,0000,0000,00,00,12,12,12,-,01,01,0.0,0.0,259,259,1020,1020,-25.045273,-25.045273,-51.543449,-51.543449,0724,0004,85DA,0F6AD10A,0.0,846.0,846.0,0:10:42,82:26:01,-,-,0,-,,,,,,,,,01
2025-10-20 08:27:17,2025-10-20 08:27:17,2025-10-20 08:27:16,2025-10-20 08:27:16,867488068351542,17105,GTSTT,0x19FE7FBF,,802003,0x8303,0x0115,100,24455,0000,0000,00,00,12,12,12,-,01,01,0.0,0.0,259,259,1020,1020,-25.045273,-25.045273,-51.543449,-51.543449,0724,0004,85DA,0F6AD10A,0.0,846.0,846.0,0:10:42,82:26:01,-,-,0,-
2025-10-20 08:27:17,2025-10-20 08:27:17,2025-10-20 08:27:16,2025-10-20 08:27:16,867488068351542,17104,GTIGF,0x19FE7FBF,,802003,0x8303,0x0115,100,24455,0000,0000,00,00,12,12,12,643,01,01,0.0,0.0,259,259,1020,1020,-25.045273,-25.045273,-51.543449,-51.543449,0724,0004,85DA,0F6AD10A,0.0,846.0,846.0,0:10:42,82:26:01,-,-,0,-
2025-10-20 08:27:13,2025-10-20 08:27:14,2025-10-20 08:27:13,2025-10-20 08:27:13,867488068351542,17103,GTSTT,0x19FE7FBF,,802003,0x8303,0x0115,100,24455,0000,0000,01,00,22,12,12,-,01,01,0.0,0.0,259,259,1020,1020,-25.045273,-25.045273,-51.543449,-51.543449,0724,0004,85DA,0F6AD10A,0.0,846.0,846.0,0:10:39,82:25:58,-,-,0,-
2025-10-20 08:27:10,,,,867488068351542,17102,HBD
2025-10-20 08:26:24,2025-10-20 08:26:25,2025-10-20 08:26:23,2025-10-20 08:26:24,867488068351542,17101,GTERI,0x19FE3FBF,0x00028102,802003,0x8303,0x0115,100,24455,0000,-,01,00,21,12,12,-,01,01,0.0,0.0,259,259,1020,1020,-25.045273,-25.045273,-51.543449,-51.543449,0724,0004,85DA,0F6AD10A,0.0,846.0,846.0,0:09:48,82:25:07,-,-,0,-,,,,,04,3,00000000,00,10,,
2025-10-20 08:25:10,,,,867488068351542,17100,HBD
2025-10-20 08:23:24,2025-10-20 08:23:25,2025-10-20 08:23:23,2025-10-20 08:23:24,867488068351542,17099,GTERI,0x19FE3FBF,0x00028102,802003,0x8303,0x0115,100,24646,0000,-,01,00,21,12,12,-,01,01,0.0,0.0,259,259,1020,1020,-25.045273,-25.045273,-51.543449,-51.543449,0724,0004,85DA,0F6AD10A,0.0,846.0,846.0,0:06:48,82:22:07,-,-,0,-,,,,,04,3,00000000,00,10,,
2025-10-20 08:23:09,,,,867488068351542,17098,HBD
2025-10-20 08:22:13,2025-10-20 08:22:14,2025-10-20 08:22:13,2025-10-20 08:22:13,867488068351542,17097,GTSTT,0x19FE7FBF,,802003,0x8303,0x0115,100,24830,0000,0000,01,00,21,12,12,-,01,01,0.0,0.0,259,259,1020,1020,-25.045273,-25.045273,-51.543449,-51.543449,0724,0004,85DA,0F6AD10A,0.0,846.0,846.0,0:05:39,82:20:58,-,-,0,-
2025-10-20 08:21:08,,,,867488068351542,17096,HBD
2025-10-20 08:20:58,2025-10-20 08:20:58,2025-10-20 08:20:57,2025-10-20 08:20:57,867488068351542,17095,GTSTT,0x19FE7FBF,,802003,0x8303,0x0115,100,24874,0000,0000,01,00,22,12,12,-,01,01,0.0,0.0,259,259,1020,1020,-25.045273,-25.045273,-51.543449,-51.543449,0724,0004,85DA,0F6AD10A,0.0,846.0,846.0,0:04:21,82:19:40,-,-,0,-
2025-10-20 08:20:56,2025-10-20 08:20:56,2025-10-20 08:20:55,2025-10-20 08:20:55,867488068351542,17094,GTSTT,0x19FE7FBF,,802003,0x8303,0x0115,100,24874,0000,0000,01,00,21,12,12,-,01,01,0.0,0.0,259,259,1020,1020,-25.045273,-25.045273,-51.543449,-51.543449,0724,0004,85DA,0F6AD10A,0.0,846.0,846.0,0:04:21,82:19:40,-,-,0,-
2025-10-20 08:20:40,,,,867488068351542,17093,ACK
2025-10-20 08:20:39,,,,867488068351542,17092,ACK
2025-10-20 08:20:39,,,,867488068351542,17091,ACK
2025-10-20 08:20:36,2025-10-20 08:20:36,2025-10-20 08:20:35,2025-10-20 08:20:35,867488068351542,17090,GTSTT,0x19FE7FBF,,802003,0x8303,0x0115,100,24649,0000,0000,01,00,22,12,12,-,01,01,0.0,0.0,259,259,1020,1020,-25.045273,-25.045273,-51.543449,-51.543449,0724,0004,85DA,0F6AD10A,0.0,846.0,846.0,0:04:00,82:19:19,-,-,0,-
2025-10-20 08:20:36,,,,867488068351542,17089,HBD
2025-10-20 08:20:24,2025-10-20 08:20:25,2025-10-20 08:20:23,2025-10-20 08:20:24,867488068351542,17088,GTERI,0x19FE3FBF,0x00028102,802003,0x8303,0x0115,100,24711,0000,-,01,00,21,12,12,-,01,01,0.0,0.0,259,259,1020,1020,-25.045273,-25.045273,-51.543449,-51.543449,0724,0004,85DA,0F6AD10A,0.0,846.0,846.0,0:03:48,82:19:07,-,-,0,-,,,,,04,3,00000000,00,10,,
2025-10-20 08:19:08,,,,867488068351542,17087,HBD
2025-10-20 08:17:26,2025-10-20 08:17:25,2025-10-20 08:17:23,2025-10-20 08:17:24,867488068351542,17086,GTERI,0x19FE3FBF,0x00028102,802003,0x8303,0x0115,100,25249,0000,-,01,00,21,12,12,-,01,01,0.0,0.0,259,259,1020,1020,-25.045273,-25.045273,-51.543449,-51.543449,0724,0004,85DA,0F6AD10A,0.0,846.0,846.0,0:00:48,82:16:07,-,-,0,-,,,,,04,3,00000000,00,10,,
2025-10-20 08:17:01,2025-10-20 08:17:01,2025-10-20 08:17:01,2025-10-20 08:17:01,867488068351542,17085,GTSTT,0x19FE7FBF,,802003,0x8303,0x0115,100,25305,0000,0000,01,00,21,12,12,-,01,01,0.0,0.0,259,259,1020,1020,-25.045273,-25.045273,-51.543449,-51.543449,0724,0004,85DA,0F6AD10A,0.0,846.0,846.0,0:00:27,82:15:46,-,-,0,-
2025-10-20 08:16:35,2025-10-20 08:16:35,2025-10-20 08:16:35,2025-10-20 08:16:35,867488068351542,17084,GTIGL,0x19FE7FBF,,802003,0x8303,0x0115,100,25921,0000,0000,01,00,22,12,12,-,01,01,0.0,0.0,259,259,1020,1020,-25.045273,-25.045273,-51.543449,-51.543449,0724,0004,85DA,0F6AD10A,0.0,846.0,846.0,0:00:00,82:15:19,-,-,0,-,,,,,,,,,00
2025-10-20 08:16:35,2025-10-20 08:16:34,2025-10-20 08:16:34,2025-10-20 08:16:34,867488068351542,17083,GTSTT,0x19FE7FBF,,802003,0x8303,0x0115,100,25921,0000,0000,01,00,22,12,12,-,01,01,0.0,0.0,259,259,1020,1020,-25.045273,-25.045273,-51.543449,-51.543449,0724,0004,85DA,0F6AD10A,0.0,846.0,846.0,0:00:00,82:15:19,-,-,0,-
2025-10-20 08:16:34,2025-10-20 08:16:34,2025-10-20 08:16:34,2025-10-20 08:16:34,867488068351542,17082,GTIGN,0x19FE7FBF,,802003,0x8303,0x0115,100,25921,0000,0000,01,00,22,12,12,22,01,01,0.0,0.0,259,259,1020,1020,-25.045273,-25.045273,-51.543449,-51.543449,0724,0004,85DA,0F6AD10A,0.0,846.0,846.0,0:00:00,82:15:19,-,-,0,-
2025-10-20 08:16:34,,,,867488068351542,17081,HBD
2025-10-20 08:16:14,,,,867488068351542,17080,ACK
2025-10-20 08:16:14,,,,867488068351542,17079,ACK
2025-10-20 08:16:13,2025-10-20 08:16:13,2025-10-20 08:16:13,2025-10-20 08:16:13,867488068351542,17078,GTIGL,0x19FE7FBF,,802003,0x8303,0x0115,100,25816,0000,0000,00,00,12,12,12,-,01,01,0.0,0.0,259,259,1020,1020,-25.045273,-25.045273,-51.543449,-51.543449,0724,0004,85DA,0F6AD10A,0.0,846.0,846.0,0:03:06,82:15:19,-,-,0,-,,,,,,,,,01
2025-10-20 08:16:12,2025-10-20 08:16:13,2025-10-20 08:16:12,2025-10-20 08:16:12,867488068351542,17077,GTSTT,0x19FE7FBF,,802003,0x8303,0x0115,100,25816,0000,0000,00,00,12,12,12,-,01,01,0.0,0.0,259,259,1020,1020,-25.045273,-25.045273,-51.543449,-51.543449,0724,0004,85DA,0F6AD10A,0.0,846.0,846.0,0:03:06,82:15:19,-,-,0,-
2025-10-20 08:16:12,2025-10-20 08:16:13,2025-10-20 08:16:12,2025-10-20 08:16:12,867488068351542,17076,GTIGF,0x19FE7FBF,,802003,0x8303,0x0115,100,25816,0000,0000,00,00,12,12,12,186,01,01,0.0,0.0,259,259,1020,1020,-25.045273,-25.045273,-51.543449,-51.543449,0724,0004,85DA,0F6AD10A,0.0,846.0,846.0,0:03:06,82:15:19,-,-,0,-
2025-10-20 08:16:06,2025-10-20 08:16:07,2025-10-20 08:16:06,2025-10-20 08:16:06,867488068351542,17075,GTSTT,0x19FE7FBF,,802003,0x8303,0x0115,100,25827,0000,0000,01,00,22,12,12,-,01,01,0.0,0.0,259,259,1020,1020,-25.045273,-25.045273,-51.543449,-51.543449,0724,0004,85DA,0F6AD10A,0.0,846.0,846.0,0:03:00,82:15:13,-,-,0,-
2025-10-20 08:15:57,2025-10-20 08:15:57,2025-10-20 08:15:56,2025-10-20 08:15:56,867488068351542,17074,GTSTT,0x19FE7FBF,,802003,0x8303,0x0115,100,25827,0000,0000,01,00,21,12,12,-,01,01,0.0,0.0,259,259,1020,1020,-25.045273,-25.045273,-51.543449,-51.543449,0724,0004,85DA,0F6AD10A,0.0,846.0,846.0,0:02:51,82:15:04,-,-,0,-
2025-10-20 08:15:07,,,,867488068351542,17073,HBD
2025-10-20 08:14:24,2025-10-20 08:14:25,2025-10-20 08:14:23,2025-10-20 08:14:24,867488068351542,17072,GTERI,0x19FE3FBF,0x00028102,802003,0x8303,0x0115,100,26049,0000,-,01,00,22,12,12,-,01,01,0.0,0.0,259,259,1020,1020,-25.045273,-25.045273,-51.543449,-51.543449,0724,0004,85DA,0F6AD10A,0.0,846.0,846.0,0:01:18,82:13:31,-,-,0,-,,,,,04,3,00000000,00,10,,
2025-10-20 08:14:13,2025-10-20 08:14:13,2025-10-20 08:14:12,2025-10-20 08:14:12,867488068351542,17071,GTSTT,0x19FE7FBF,,802003,0x8303,0x0115,100,26049,0000,0000,01,00,22,12,12,-,01,01,0.0,0.0,259,259,1020,1020,-25.045273,-25.045273,-51.543449,-51.543449,0724,0004,85DA,0F6AD10A,0.0,846.0,846.0,0:01:06,82:13:19,-,-,0,-
2025-10-20 08:13:49,2025-10-20 08:13:49,2025-10-20 08:13:48,2025-10-20 08:13:48,867488068351542,17070,GTSTT,0x19FE7FBF,,802003,0x8303,0x0115,100,26167,0000,0000,01,00,21,12,12,-,01,01,0.0,0.0,259,259,1020,1020,-25.045273,-25.045273,-51.543449,-51.543449,0724,0004,85DA,0F6AD10A,0.0,846.0,846.0,0:00:42,82:12:55,-,-,0,-
2025-10-20 08:13:07,2025-10-20 08:13:06,2025-10-20 08:13:06,2025-10-20 08:13:06,867488068351542,17069,GTIGL,0x19FE7FBF,,802003,0x8303,0x0115,100,26432,0000,0000,01,00,22,12,12,-,01,01,0.0,0.0,259,259,1020,1020,-25.045273,-25.045273,-51.543449,-51.543449,0724,0004,85DA,0F6AD10A,0.0,846.0,846.0,0:00:00,82:12:13,-,-,0,-,,,,,,,,,00
2025-10-20 08:13:06,2025-10-20 08:13:06,2025-10-20 08:13:05,2025-10-20 08:13:05,867488068351542,17068,GTSTT,0x19FE7FBF,,802003,0x8303,0x0115,100,26432,0000,0000,01,00,22,12,12,-,01,01,0.0,0.0,259,259,1020,1020,-25.045273,-25.045273,-51.543449,-51.543449,0724,0004,85DA,0F6AD10A,0.0,846.0,846.0,0:00:00,82:12:13,-,-,0,-
2025-10-20 08:13:06,2025-10-20 08:13:06,2025-10-20 08:13:05,2025-10-20 08:13:05,867488068351542,17067,GTIGN,0x19FE7FBF,,802003,0x8303,0x0115,100,26432,0000,0000,01,00,22,12,12,21,01,01,0.0,0.0,259,259,1020,1020,-25.045273,-25.045273,-51.543449,-51.543449,0724,0004,85DA,0F6AD10A,0.0,846.0,846.0,0:00:00,82:12:13,-,-,0,-
2025-10-20 08:13:06,,,,867488068351542,17066,HBD
2025-10-20 08:12:49,,,,867488068351542,17065,ACK
2025-10-20 08:12:49,,,,867488068351542,17064,ACK
2025-10-20 08:12:46,2025-10-20 08:12:46,2025-10-20 08:12:46,2025-10-20 08:12:46,867488068351542,17063,GTIGL,0x19FE7FBF,,802003,0x8303,0x0115,100,30548,0000,0000,00,00,12,12,12,-,01,01,0.0,0.0,259,259,1020,1020,-25.045273,-25.045273,-51.543449,-51.543449,0724,0004,85DA,0F6AD10A,0.0,846.0,846.0,0:01:12,82:12:13,-,-,0,-,,,,,,,,,01
2025-10-20 08:12:45,2025-10-20 08:12:45,2025-10-20 08:12:44,2025-10-20 08:12:44,867488068351542,17062,GTSTT,0x19FE7FBF,,802003,0x8303,0x0115,100,30548,0000,0000,00,00,12,12,12,-,01,01,0.0,0.0,259,259,1020,1020,-25.045273,-25.045273,-51.543449,-51.543449,0724,0004,85DA,0F6AD10A,0.0,846.0,846.0,0:01:12,82:12:13,-,-,0,-
2025-10-20 08:12:45,2025-10-20 08:12:45,2025-10-20 08:12:44,2025-10-20 08:12:44,867488068351542,17061,GTIGF,0x19FE7FBF,,802003,0x8303,0x0115,100,30548,0000,0000,00,00,12,12,12,75,01,01,0.0,0.0,259,259,1020,1020,-25.045273,-25.045273,-51.543449,-51.543449,0724,0004,85DA,0F6AD10A,0.0,846.0,846.0,0:01:12,82:12:13,-,-,0,-
2025-10-20 08:11:31,2025-10-20 08:11:31,2025-10-20 08:11:30,2025-10-20 08:11:30,867488068351542,17060,GTIGL,0x19FE7FBF,,802003,0x8303,0x0115,100,27147,0000,0000,01,00,22,12,12,-,01,01,0.0,0.0,259,259,1020,1020,-25.045273,-25.045273,-51.543449,-51.543449,0724,0004,85DA,0F6AD10A,0.0,846.0,846.0,0:00:00,82:11:01,-,-,0,-,,,,,,,,,00
2025-10-20 08:11:31,2025-10-20 08:11:30,2025-10-20 08:11:29,2025-10-20 08:11:29,867488068351542,17059,GTSTT,0x19FE7FBF,,802003,0x8303,0x0115,100,27147,0000,0000,01,00,22,12,12,-,01,01,0.0,0.0,259,259,1020,1020,-25.045273,-25.045273,-51.543449,-51.543449,0724,0004,85DA,0F6AD10A,0.0,846.0,846.0,0:00:00,82:11:01,-,-,0,-
2025-10-20 08:11:30,2025-10-20 08:11:30,2025-10-20 08:11:29,2025-10-20 08:10:09,867488068351542,17058,GTIGN,0x19FE7FBF,,802003,0x8303,0x0115,100,27147,0000,0000,01,00,22,12,12,31,01,01,0.0,48.2,259,346,1020,1024,-25.045273,-25.046303,-51.543449,-51.542512,0724,0004,85DA,0F6AD10A,0.0,846.0,845.9,0:00:00,82:11:01,-,-,0,-
2025-10-20 08:11:30,,,,867488068351542,17057,HBD
2025-10-20 08:11:24,2025-10-20 08:11:25,2025-10-20 08:11:23,2025-10-20 08:11:23,867488068351542,17056,GTERI,0x19FE3FBF,0x00028102,802003,0x8303,0x0115,100,27233,0000,-,00,00,11,12,12,-,01,01,0.0,0.0,259,259,1020,1020,-25.045273,-25.045273,-51.543449,-51.543449,0724,0004,85DA,0F6AD10A,0.7,846.0,846.0,0:02:39,82:11:01,-,-,0,-,,,,,04,3,00000000,00,10,,
2025-10-20 08:11:23,2025-10-20 08:11:23,2025-10-20 08:11:22,2025-10-20 08:11:22,867488068351542,17055,GTSTT,0x19FE7FBF,,802003,0x8303,0x0115,100,27311,0000,0000,00,00,11,12,12,-,01,01,0.0,0.0,259,259,1020,1020,-25.045273,-25.045273,-51.543449,-51.543449,0724,0004,85DA,0F6AD10A,0.7,846.0,846.0,0:02:39,82:11:01,-,-,0,-
2025-10-20 08:11:01,2025-10-20 08:10:59,2025-10-20 08:10:59,2025-10-20 08:10:59,867488068351542,17054,GTIGL,0x19FE7FBF,,802003,0x8303,0x0115,100,28278,0000,0000,00,00,12,12,12,-,01,01,0.0,0.0,259,259,1020,1020,-25.045273,-25.045273,-51.543449,-51.543449,0724,0004,85DA,0F6AD10A,0.7,846.0,846.0,0:02:39,82:11:01,-,-,0,-,,,,,,,,,01
2025-10-20 08:11:00,,,,867488068351542,17053,ACK
2025-10-20 08:11:00,,,,867488068351542,17052,ACK
2025-10-20 08:10:59,2025-10-20 08:10:59,2025-10-20 08:10:58,2025-10-20 08:10:58,867488068351542,17051,GTSTT,0x19FE7FBF,,802003,0x8303,0x0115,100,28278,0000,0000,00,00,12,12,12,-,01,01,0.0,0.0,259,259,1020,1020,-25.045273,-25.045273,-51.543449,-51.543449,0724,0004,85DA,0F6AD10A,0.7,846.0,846.0,0:02:39,82:11:01,-,-,0,-
2025-10-20 08:10:59,2025-10-20 08:10:59,2025-10-20 08:10:58,2025-10-20 08:10:58,867488068351542,17050,GTIGF,0x19FE7FBF,,802003,0x8303,0x0115,100,28278,0000,0000,00,00,12,12,12,160,01,01,0.0,0.0,259,259,1020,1020,-25.045273,-25.045273,-51.543449,-51.543449,0724,0004,85DA,0F6AD10A,0.7,846.0,846.0,0:02:39,82:11:01,-,-,0,-
2025-10-20 08:10:59,,,,867488068351542,17049,HBD
2025-10-20 08:08:29,2025-10-20 08:08:30,2025-10-20 08:08:29,2025-10-20 08:08:29,867488068351542,17048,GTIGL,0x19FE7FBF,,802003,0x8303,0x0115,100,28284,0000,0000,01,00,22,12,12,-,01,01,0.0,0.0,259,259,1028,1028,-25.050562,-25.050562,-51.542127,-51.542127,0724,0004,85DA,0F6AD10A,0.0,845.4,845.4,0:00:09,82:08:31,-,-,0,-,,,,,,,,,00
2025-10-20 08:08:29,2025-10-20 08:08:30,2025-10-20 08:08:29,2025-10-20 08:08:29,867488068351542,17047,GTERI,0x19FE3FBF,0x00028102,802003,0x8303,0x0115,100,28284,0000,-,01,00,22,12,12,-,01,01,0.0,0.0,259,259,1028,1028,-25.050562,-25.050562,-51.542127,-51.542127,0724,0004,85DA,0F6AD10A,0.0,845.4,845.4,0:00:09,82:08:31,-,-,0,-,,,,,04,3,00000000,00,10,,
2025-10-20 08:08:20,2025-10-20 08:08:19,2025-10-20 08:04:18,2025-10-20 08:04:18,867488068351542,17046,GTSTT,0x19FE7FBF,,802003,0x8303,0x0115,100,26092,0000,0000,01,00,22,12,12,-,00,00,0.0,0.0,259,259,1047,1047,-25.05066,-25.05066,-51.54207,-51.54207,0724,0004,85DA,0F6AD10A,0.0,845.4,845.4,0:00:00,82:08:22,-,-,0,-
2025-10-20 08:08:19,2025-10-20 08:08:19,2025-10-20 08:04:18,2025-10-20 08:04:18,867488068351542,17045,GTIGN,0x19FE7FBF,,802003,0x8303,0x0115,100,26092,0000,0000,01,00,22,12,12,541,00,01,0.0,0.0,259,259,1047,1047,-25.05066,-25.05066,-51.54207,-51.54207,0724,0004,85DA,0F6AD10A,0.0,845.4,845.4,0:00:00,82:08:22,-,-,0,-
2025-10-20 08:08:19,,,,867488068351542,17044,HBD
2025-10-20 08:04:18,2025-10-20 08:04:18,2025-10-20 08:04:18,2025-10-20 08:04:18,867488068351542,17043,GTERI,0x19FE3FBF,0x00028102,802003,0x8303,0x0115,100,26397,0000,-,00,00,11,12,12,-,01,01,0.0,0.0,259,259,1047,1047,-25.05066,-25.05066,-51.54207,-51.54207,0724,0004,85DA,0F6AD10A,1.4,845.4,845.4,0:12:42,82:08:22,-,-,0,-,,,,,04,3,00000000,00,10,,
2025-10-20 08:03:04,,,,867488068351542,17042,HBD
2025-10-20 08:01:42,2025-10-20 08:01:43,2025-10-20 08:01:41,2025-10-20 08:01:41,867488068351542,17041,GTERI,0x19FE3FBF,0x00028102,802003,0x8303,0x0115,100,26686,0000,-,00,00,11,12,12,-,01,01,0.0,0.0,259,259,1047,1047,-25.05066,-25.05066,-51.54207,-51.54207,0724,0004,85DA,0F6AD10A,1.4,845.4,845.4,0:12:42,82:08:22,-,-,0,-,,,,,04,3,00000000,00,10,,
2025-10-20 08:01:04,,,,867488068351542,17040,HBD
2025-10-20 07:59:41,2025-10-20 07:59:41,2025-10-20 07:59:41,2025-10-20 07:59:41,867488068351542,17039,GTSTT,0x19FE7FBF,,802003,0x8303,0x0115,100,27535,0000,0000,00,00,11,12,12,-,01,01,0.0,0.0,259,259,1047,1047,-25.05066,-25.05066,-51.54207,-51.54207,0724,0004,85DA,0F6AD10A,1.4,845.4,845.4,0:12:42,82:08:22,-,-,0,-
2025-10-20 07:59:19,2025-10-20 07:59:18,2025-10-20 07:59:18,2025-10-20 07:59:18,867488068351542,17038,GTIGL,0x19FE7FBF,,802003,0x8303,0x0115,100,28267,0000,0000,00,00,12,12,12,-,01,01,0.0,0.0,259,259,1047,1047,-25.05066,-25.05066,-51.54207,-51.54207,0724,0004,85DA,0F6AD10A,1.4,845.4,845.4,0:12:42,82:08:22,-,-,0,-,,,,,,,,,01
2025-10-20 07:59:19,,,,867488068351542,17037,ACK
2025-10-20 07:59:18,,,,867488068351542,17036,ACK
2025-10-20 07:59:18,2025-10-20 07:59:18,2025-10-20 07:59:17,2025-10-20 07:59:17,867488068351542,17035,GTSTT,0x19FE7FBF,,802003,0x8303,0x0115,100,28267,0000,0000,00,00,12,12,12,-,01,01,0.0,0.0,259,259,1047,1047,-25.05066,-25.05066,-51.54207,-51.54207,0724,0004,85DA,0F6AD10A,1.4,845.4,845.4,0:12:42,82:08:22,-,-,0,-
2025-10-20 07:59:18,2025-10-20 07:59:18,2025-10-20 07:59:17,2025-10-20 07:59:17,867488068351542,17034,GTIGF,0x19FE7FBF,,802003,0x8303,0x0115,100,28267,0000,0000,00,00,12,12,12,764,01,01,0.0,0.0,259,259,1047,1047,-25.05066,-25.05066,-51.54207,-51.54207,0724,0004,85DA,0F6AD10A,1.4,845.4,845.4,0:12:42,82:08:22,-,-,0,-
2025-10-20 07:58:43,2025-10-20 07:58:43,2025-10-20 07:58:41,2025-10-20 07:58:42,867488068351542,17033,GTERI,0x19FE3FBF,0x00028102,802003,0x8303,0x0115,100,28309,0000,-,01,00,22,12,12,-,01,01,0.0,0.0,259,259,1047,1047,-25.05066,-25.05066,-51.54207,-51.54207,0724,0004,85DA,0F6AD10A,1.4,845.4,845.4,0:12:06,82:07:46,-,-,0,-,,,,,04,3,00000000,00,10,,
2025-10-20 07:58:42,,,,867488068351542,17032,HBD
2025-10-20 07:57:03,,,,867488068351542,17031,HBD
2025-10-20 07:55:42,2025-10-20 07:55:43,2025-10-20 07:55:41,2025-10-20 07:54:07,867488068351542,17030,GTERI,0x19FE3FBF,0x00028102,802003,0x8303,0x0115,100,28244,0000,-,01,00,22,12,12,-,01,01,0.0,30.4,259,260,1047,1034,-25.05066,-25.049015,-51.54207,-51.541113,0724,0004,85DA,0F6AD10A,1.4,845.4,845.1,0:09:06,82:04:46,-,-,0,-,,,,,04,3,00000000,00,10,,
2025-10-20 07:55:02,,,,867488068351542,17029,HBD
2025-10-20 07:52:43,2025-10-20 07:52:43,2025-10-20 07:52:41,2025-10-20 07:51:32,867488068351542,17028,GTERI,0x19FE3FBF,0x00028102,802003,0x8303,0x0115,100,28320,0000,-,01,00,22,12,12,-,01,01,17.0,46.1,259,266,1054,1067,-25.048565,-25.048205,-51.536862,-51.533018,0724,0004,85DA,0F6AD10A,0.7,844.7,844.3,0:06:06,82:01:46,-,-,0,-,,,,,04,3,00000000,00,10,,
2025-10-20 07:52:42,,,,867488068351542,17027,HBD
2025-10-20 07:50:38,,,,867488068351542,17026,ACK
2025-10-20 07:50:37,,,,867488068351542,17025,ACK
2025-10-20 07:50:37,,,,867488068351542,17024,ACK
2025-10-20 07:50:36,,,,867488068351542,17023,HBD
2025-10-20 07:49:42,2025-10-20 07:49:43,2025-10-20 07:49:41,2025-10-20 07:49:04,867488068351542,17022,GTERI,0x19FE3FBF,0x00028102,802003,0x8303,0x0115,100,28310,0000,-,01,00,22,12,12,-,01,01,0.0,9.6,282,350,1080,1080,-25.049205,-25.049273,-51.530796,-51.530714,0724,0004,85DA,0F6AD10A,0.0,844.0,844.0,0:03:06,81:58:46,-,-,0,-,,,,,04,3,00000000,00,10,,
2025-10-20 07:49:01,,,,867488068351542,17021,HBD
2025-10-20 07:47:19,2025-10-20 07:47:19,2025-10-20 07:47:19,2025-10-20 07:47:19,867488068351542,17020,GTIGL,0x19FE7FBF,,802003,0x8303,0x0115,100,28355,0000,0000,01,00,22,4,4,-,03,03,0.0,0.0,241,241,1081,1081,-25.049374,-25.049374,-51.530713,-51.530713,0724,0004,85DA,0F6AD10A,0.0,844.0,844.0,0:00:45,81:56:25,-,-,0,-,,,,,,,,,00
2025-10-20 07:47:19,2025-10-20 07:47:19,2025-10-20 07:47:19,2025-10-20 07:47:19,867488068351542,17019,GTERI,0x19FE3FBF,0x00028102,802003,0x8303,0x0115,100,28355,0000,-,01,00,22,4,4,-,03,03,0.0,0.0,241,241,1081,1081,-25.049374,-25.049374,-51.530713,-51.530713,0724,0004,85DA,0F6AD10A,0.0,844.0,844.0,0:00:45,81:56:25,-,-,0,-,,,,,04,3,00000000,00,10,,
2025-10-20 07:46:34,2025-10-20 07:46:34,2025-10-20 06:47:27,2025-10-20 06:47:27,867488068351542,17018,GTSTT,0x19FE7FBF,,802003,0x8303,0x0115,100,25258,0000,0000,01,00,22,6,6,-,00,00,0.0,0.0,241,241,1081,1081,-25.049284,-25.049284,-51.530582,-51.530582,0724,0004,85DA,0F6AD10A,0.0,844.0,844.0,0:00:00,81:55:40,-,-,0,-
2025-10-20 07:46:34,2025-10-20 07:46:34,2025-10-20 06:47:27,2025-10-20 06:47:27,867488068351542,17017,GTIGN,0x19FE7FBF,,802003,0x8303,0x0115,100,25258,0000,0000,01,00,22,6,6,226903,00,01,0.0,0.0,241,241,1081,1081,-25.049284,-25.049284,-51.530582,-51.530582,0724,0004,85DA,0F6AD10A,0.0,844.0,844.0,0:00:00,81:55:40,-,-,0,-
2025-10-20 07:46:34,,,,867488068351542,17016,HBD
2025-10-20 07:27:59,,,,867488068351542,17015,GTINF,,,,,,,,,,,,,,,,,,,,,,,,,,,,,,,,,,,,,,,,,,C1,4200,03
2025-10-20 06:49:46,2025-10-20 06:49:47,2025-10-20 06:47:27,2025-10-20 06:47:27,867488068351542,17014,GTERI,0x19FE3FBF,0x00028102,802003,0x8303,0x0115,100,25232,0000,-,00,00,11,6,6,-,01,01,0.0,0.0,241,241,1081,1081,-25.049284,-25.049284,-51.530582,-51.530582,0724,0004,85DA,0F6AD10A,24.8,844.0,844.0,0:57:40,81:55:40,-,-,0,-,,,,,04,3,00000000,00,10,,
2025-10-20 05:49:46,2025-10-20 05:49:47,2025-10-20 05:47:21,2025-10-20 05:47:21,867488068351542,17013,GTERI,0x19FE3FBF,0x00028102,802003,0x8303,0x0115,100,25290,0000,-,00,00,11,12,12,-,01,01,0.0,0.0,241,241,1081,1081,-25.049284,-25.049284,-51.530582,-51.530582,0724,0004,85DA,0F6AD115,24.8,844.0,844.0,0:57:40,81:55:40,-,-,0,-,,,,,04,1,00000000,00,10,,
2025-10-20 04:49:47,2025-10-20 04:49:47,2025-10-20 04:47:22,2025-10-20 04:47:22,867488068351542,17012,GTERI,0x19FE3FBF,0x00028102,802003,0x8303,0x0115,100,25289,0000,-,00,00,11,12,12,-,01,01,0.0,0.0,241,241,1081,1081,-25.049284,-25.049284,-51.530582,-51.530582,0724,0004,85DA,0F6AD109,24.8,844.0,844.0,0:57:40,81:55:40,-,-,0,-,,,,,04,3,00000000,00,10,,
2025-10-20 03:49:46,2025-10-20 03:49:47,2025-10-20 03:47:49,2025-10-20 03:47:49,867488068351542,17011,GTERI,0x19FE3FBF,0x00028102,802003,0x8303,0x0115,100,25237,0000,-,00,00,11,12,12,-,01,01,0.0,0.0,241,241,1081,1081,-25.049284,-25.049284,-51.530582,-51.530582,0724,0004,85DA,0F6AD116,24.8,844.0,844.0,0:57:40,81:55:40,-,-,0,-,,,,,04,1,00000000,00,10,,
2025-10-20 02:49:46,2025-10-20 02:49:47,2025-10-20 02:47:36,2025-10-20 02:47:36,867488068351542,17010,GTERI,0x19FE3FBF,0x00028102,802003,0x8303,0x0115,100,25318,0000,-,00,00,11,4,4,-,01,01,0.0,0.0,241,241,1081,1081,-25.049284,-25.049284,-51.530582,-51.530582,0724,0004,85DA,0F6AD116,24.8,844.0,844.0,0:57:40,81:55:40,-,-,0,-,,,,,04,1,00000000,00,10,,
2025-10-20 01:49:46,2025-10-20 01:49:47,2025-10-20 01:47:21,2025-10-20 01:47:21,867488068351542,17009,GTERI,0x19FE3FBF,0x00028102,802003,0x8303,0x0115,100,25263,0000,-,00,00,11,7,7,-,01,01,0.0,0.0,241,241,1081,1081,-25.049284,-25.049284,-51.530582,-51.530582,0724,0004,85DA,0F6AD10A,24.8,844.0,844.0,0:57:40,81:55:40,-,-,0,-,,,,,04,3,00000000,00,10,,
2025-10-20 00:49:46,2025-10-20 00:49:47,2025-10-20 00:47:19,2025-10-20 00:47:19,867488068351542,17008,GTERI,0x19FE3FBF,0x00028102,802003,0x8303,0x0115,100,25348,0000,-,00,00,11,9,9,-,01,01,0.0,0.0,241,241,1081,1081,-25.049284,-25.049284,-51.530582,-51.530582,0724,0004,85DA,0F6AD10A,24.8,844.0,844.0,0:57:40,81:55:40,-,-,0,-,,,,,04,3,00000000,00,10,,
2025-10-19 23:49:46,2025-10-19 23:49:47,2025-10-19 23:47:50,2025-10-19 23:47:50,867488068351542,17007,GTERI,0x19FE3FBF,0x00028102,802003,0x8303,0x0115,100,25363,0000,-,00,00,11,9,9,-,01,01,0.0,0.0,241,241,1081,1081,-25.049284,-25.049284,-51.530582,-51.530582,0724,0004,85DA,0F6AD10A,24.8,844.0,844.0,0:57:40,81:55:40,-,-,0,-,,,,,04,3,00000000,00,10,,
2025-10-19 22:49:46,2025-10-19 22:49:47,2025-10-19 22:47:24,2025-10-19 22:47:24,867488068351542,17006,GTERI,0x19FE3FBF,0x00028102,802003,0x8303,0x0115,100,25381,0000,-,00,00,11,6,6,-,01,01,0.0,0.0,241,241,1081,1081,-25.049284,-25.049284,-51.530582,-51.530582,0724,0004,85DA,0F6AD10A,24.8,844.0,844.0,0:57:40,81:55:40,-,-,0,-,,,,,04,3,00000000,00,10,,
2025-10-19 21:49:46,2025-10-19 21:49:47,2025-10-19 21:47:21,2025-10-19 21:47:21,867488068351542,17005,GTERI,0x19FE3FBF,0x00028102,802003,0x8303,0x0115,100,25405,0000,-,00,00,11,8,8,-,01,01,0.0,0.0,241,241,1081,1081,-25.049284,-25.049284,-51.530582,-51.530582,0724,0004,85DA,0F6AD10A,24.8,844.0,844.0,0:57:40,81:55:40,-,-,0,-,,,,,04,3,00000000,00,10,,
2025-10-19 20:49:46,2025-10-19 20:49:47,2025-10-19 20:47:54,2025-10-19 20:47:54,867488068351542,17004,GTERI,0x19FE3FBF,0x00028102,802003,0x8303,0x0115,100,25411,0000,-,00,00,11,7,7,-,01,01,0.0,0.0,241,241,1081,1081,-25.049284,-25.049284,-51.530582,-51.530582,0724,0004,85DA,0F6AD10A,24.8,844.0,844.0,0:57:40,81:55:40,-,-,0,-,,,,,04,3,00000000,00,10,,
2025-10-19 19:49:46,2025-10-19 19:49:47,2025-10-19 19:47:25,2025-10-19 19:47:25,867488068351542,17003,GTERI,0x19FE3FBF,0x00028102,802003,0x8303,0x0115,100,25439,0000,-,00,00,11,4,4,-,01,01,0.0,0.0,241,241,1081,1081,-25.049284,-25.049284,-51.530582,-51.530582,0724,0004,85DA,0F6AD10A,24.8,844.0,844.0,0:57:40,81:55:40,-,-,0,-,,,,,04,3,00000000,00,10,,
2025-10-19 18:49:46,2025-10-19 18:49:47,2025-10-19 18:47:22,2025-10-19 18:47:22,867488068351542,17002,GTERI,0x19FE3FBF,0x00028102,802003,0x8303,0x0115,100,25455,0000,-,00,00,11,5,5,-,01,01,0.0,0.0,241,241,1081,1081,-25.049284,-25.049284,-51.530582,-51.530582,0724,0004,85DA,0F6AD10A,24.8,844.0,844.0,0:57:40,81:55:40,-,-,0,-,,,,,04,3,00000000,00,10,,
2025-10-19 17:49:46,2025-10-19 17:49:47,2025-10-19 17:47:36,2025-10-19 17:47:36,867488068351542,17001,GTERI,0x19FE3FBF,0x00028102,802003,0x8303,0x0115,100,25420,0000,-,00,00,11,5,5,-,01,01,0.0,0.0,241,241,1081,1081,-25.049284,-25.049284,-51.530582,-51.530582,0724,0004,85DA,0F6AD10A,24.8,844.0,844.0,0:57:40,81:55:40,-,-,0,-,,,,,04,3,00000000,00,10,,
2025-10-19 16:49:46,2025-10-19 16:49:47,2025-10-19 16:47:35,2025-10-19 16:47:35,867488068351542,17000,GTERI,0x19FE3FBF,0x00028102,802003,0x8303,0x0115,100,25445,0000,-,00,00,11,4,4,-,01,01,0.0,0.0,241,241,1081,1081,-25.049284,-25.049284,-51.530582,-51.530582,0724,0004,85DA,0F6AD10A,24.8,844.0,844.0,0:57:40,81:55:40,-,-,0,-,,,,,04,3,00000000,00,10,,
2025-10-19 15:49:46,2025-10-19 15:49:47,2025-10-19 15:47:23,2025-10-19 15:47:23,867488068351542,16999,GTERI,0x19FE3FBF,0x00028102,802003,0x8303,0x0115,100,25445,0000,-,00,00,11,5,5,-,01,01,0.0,0.0,241,241,1081,1081,-25.049284,-25.049284,-51.530582,-51.530582,0724,0004,85DA,0F6AD10A,24.8,844.0,844.0,0:57:40,81:55:40,-,-,0,-,,,,,04,3,00000000,00,10,,
2025-10-19 14:49:46,2025-10-19 14:49:47,2025-10-19 14:47:26,2025-10-19 14:47:26,867488068351542,16998,GTERI,0x19FE3FBF,0x00028102,802003,0x8303,0x0115,100,25471,0000,-,00,00,11,7,7,-,01,01,0.0,0.0,241,241,1081,1081,-25.049284,-25.049284,-51.530582,-51.530582,0724,0004,85DA,0F6AD10A,24.8,844.0,844.0,0:57:40,81:55:40,-,-,0,-,,,,,04,3,00000000,00,10,,
2025-10-19 13:49:46,2025-10-19 13:49:47,2025-10-19 13:47:50,2025-10-19 13:47:50,867488068351542,16997,GTERI,0x19FE3FBF,0x00028102,802003,0x8303,0x0115,100,25472,0000,-,00,00,11,8,8,-,01,01,0.0,0.0,241,241,1081,1081,-25.049284,-25.049284,-51.530582,-51.530582,0724,0004,85DA,0F6AD10A,24.8,844.0,844.0,0:57:40,81:55:40,-,-,0,-,,,,,04,3,00000000,00,10,,
2025-10-19 12:49:46,2025-10-19 12:49:47,2025-10-19 12:47:21,2025-10-19 12:47:21,867488068351542,16996,GTERI,0x19FE3FBF,0x00028102,802003,0x8303,0x0115,100,25460,0000,-,00,00,11,5,5,-,01,01,0.0,0.0,241,241,1081,1081,-25.049284,-25.049284,-51.530582,-51.530582,0724,0004,85DA,0F6AD109,24.8,844.0,844.0,0:57:40,81:55:40,-,-,0,-,,,,,04,3,00000000,00,10,,
2025-10-19 11:49:46,2025-10-19 11:49:47,2025-10-19 11:47:21,2025-10-19 11:47:21,867488068351542,16995,GTERI,0x19FE3FBF,0x00028102,802003,0x8303,0x0115,100,25435,0000,-,00,00,11,6,6,-,01,01,0.0,0.0,241,241,1081,1081,-25.049284,-25.049284,-51.530582,-51.530582,0724,0004,85DA,0F6AD109,24.8,844.0,844.0,0:57:40,81:55:40,-,-,0,-,,,,,04,3,00000000,00,10,,
2025-10-19 10:49:46,2025-10-19 10:49:47,2025-10-19 10:47:50,2025-10-19 10:47:50,867488068351542,16994,GTERI,0x19FE3FBF,0x00028102,802003,0x8303,0x0115,100,25425,0000,-,00,00,11,8,8,-,01,01,0.0,0.0,241,241,1081,1081,-25.049284,-25.049284,-51.530582,-51.530582,0724,0004,85DA,0F6AD109,24.8,844.0,844.0,0:57:40,81:55:40,-,-,0,-,,,,,04,3,00000000,00,10,,
2025-10-19 09:49:46,2025-10-19 09:49:47,2025-10-19 09:47:35,2025-10-19 09:47:35,867488068351542,16993,GTERI,0x19FE3FBF,0x00028102,802003,0x8303,0x0115,100,25423,0000,-,00,00,11,4,4,-,01,01,0.0,0.0,241,241,1081,1081,-25.049284,-25.049284,-51.530582,-51.530582,0724,0004,85DA,0F6AD109,24.8,844.0,844.0,0:57:40,81:55:40,-,-,0,-,,,,,04,3,00000000,00,10,,
2025-10-19 08:49:46,2025-10-19 08:49:47,2025-10-19 08:47:35,2025-10-19 08:47:35,867488068351542,16992,GTERI,0x19FE3FBF,0x00028102,802003,0x8303,0x0115,100,25415,0000,-,00,00,11,4,4,-,01,01,0.0,0.0,241,241,1081,1081,-25.049284,-25.049284,-51.530582,-51.530582,0724,0004,85DA,0F6AD116,24.8,844.0,844.0,0:57:40,81:55:40,-,-,0,-,,,,,04,1,00000000,00,10,,
2025-10-19 07:49:46,2025-10-19 07:49:47,2025-10-19 07:47:22,2025-10-19 07:47:22,867488068351542,16991,GTERI,0x19FE3FBF,0x00028102,802003,0x8303,0x0115,100,25408,0000,-,00,00,11,12,12,-,01,01,0.0,0.0,241,241,1081,1081,-25.049284,-25.049284,-51.530582,-51.530582,0724,0004,85DA,0F6AD116,24.8,844.0,844.0,0:57:40,81:55:40,-,-,0,-,,,,,04,1,00000000,00,10,,
2025-10-19 07:27:59,,,,867488068351542,16990,GTINF,,,,,,,,,,,,,,,,,,,,,,,,,,,,,,,,,,,,,,,,,,C1,4200,03
2025-10-19 06:49:46,2025-10-19 06:49:47,2025-10-19 06:47:18,2025-10-19 06:47:18,867488068351542,16989,GTERI,0x19FE3FBF,0x00028102,802003,0x8303,0x0115,100,25351,0000,-,00,00,11,12,12,-,01,01,0.0,0.0,241,241,1081,1081,-25.049284,-25.049284,-51.530582,-51.530582,0724,0004,85DA,0F6AD116,24.8,844.0,844.0,0:57:40,81:55:40,-,-,0,-,,,,,04,1,00000000,00,10,,
2025-10-19 05:49:46,2025-10-19 05:49:47,2025-10-19 05:47:50,2025-10-19 05:47:50,867488068351542,16988,GTERI,0x19FE3FBF,0x00028102,802003,0x8303,0x0115,100,25415,0000,-,00,00,11,12,12,-,01,01,0.0,0.0,241,241,1081,1081,-25.049284,-25.049284,-51.530582,-51.530582,0724,0004,85DA,0F6AD116,24.8,844.0,844.0,0:57:40,81:55:40,-,-,0,-,,,,,04,1,00000000,00,10,,
2025-10-19 04:49:46,2025-10-19 04:49:47,2025-10-19 04:47:32,2025-10-19 04:47:32,867488068351542,16987,GTERI,0x19FE3FBF,0x00028102,802003,0x8303,0x0115,100,25372,0000,-,00,00,11,4,4,-,01,01,0.0,0.0,241,241,1081,1081,-25.049284,-25.049284,-51.530582,-51.530582,0724,0004,85DA,0F6AD116,24.8,844.0,844.0,0:57:40,81:55:40,-,-,0,-,,,,,04,1,00000000,00,10,,
2025-10-19 03:49:46,2025-10-19 03:49:47,2025-10-19 03:47:21,2025-10-19 03:47:21,867488068351542,16986,GTERI,0x19FE3FBF,0x00028102,802003,0x8303,0x0115,100,25440,0000,-,00,00,11,7,7,-,01,01,0.0,0.0,241,241,1081,1081,-25.049284,-25.049284,-51.530582,-51.530582,0724,0004,85DA,0F6AD116,24.8,844.0,844.0,0:57:40,81:55:40,-,-,0,-,,,,,04,1,00000000,00,10,,
2025-10-19 02:49:46,2025-10-19 02:49:47,2025-10-19 02:47:24,2025-10-19 02:47:24,867488068351542,16985,GTERI,0x19FE3FBF,0x00028102,802003,0x8303,0x0115,100,25398,0000,-,00,00,11,8,8,-,01,01,0.0,0.0,241,241,1081,1081,-25.049284,-25.049284,-51.530582,-51.530582,0724,0004,85DA,0F6AD116,24.8,844.0,844.0,0:57:40,81:55:40,-,-,0,-,,,,,04,1,00000000,00,10,,
2025-10-19 01:49:46,2025-10-19 01:49:47,2025-10-19 01:47:49,2025-10-19 01:47:49,867488068351542,16984,GTERI,0x19FE3FBF,0x00028102,802003,0x8303,0x0115,100,25476,0000,-,00,00,11,9,9,-,01,01,0.0,0.0,241,241,1081,1081,-25.049284,-25.049284,-51.530582,-51.530582,0724,0004,85DA,0F6AD116,24.8,844.0,844.0,0:57:40,81:55:40,-,-,0,-,,,,,04,1,00000000,00,10,,
2025-10-19 00:49:46,2025-10-19 00:49:47,2025-10-19 00:47:22,2025-10-19 00:47:22,867488068351542,16983,GTERI,0x19FE3FBF,0x00028102,802003,0x8303,0x0115,100,25399,0000,-,00,00,11,5,5,-,01,01,0.0,0.0,241,241,1081,1081,-25.049284,-25.049284,-51.530582,-51.530582,0724,0004,85DA,0F6AD116,24.8,844.0,844.0,0:57:40,81:55:40,-,-,0,-,,,,,04,1,00000000,00,10,,
2025-10-18 23:49:46,2025-10-18 23:49:48,2025-10-18 23:47:23,2025-10-18 23:47:23,867488068351542,16982,GTERI,0x19FE3FBF,0x00028102,802003,0x8303,0x0115,100,25445,0000,-,00,00,11,8,8,-,01,01,0.0,0.0,241,241,1081,1081,-25.049284,-25.049284,-51.530582,-51.530582,0724,0004,85DA,0F6AD116,24.8,844.0,844.0,0:57:40,81:55:40,-,-,0,-,,,,,04,1,00000000,00,10,,
2025-10-18 22:49:46,2025-10-18 22:49:45,2025-10-18 22:47:23,2025-10-18 22:47:23,867488068351542,16981,GTERI,0x19FE3FBF,0x00028102,802003,0x8303,0x0115,100,25473,0000,-,00,00,11,10,10,-,01,01,0.0,0.0,241,241,1081,1081,-25.049284,-25.049284,-51.530582,-51.530582,0724,0004,85DA,0F6AD116,24.8,844.0,844.0,0:57:40,81:55:40,-,-,0,-,,,,,04,1,00000000,00,10,,
2025-10-18 21:49:46,2025-10-18 21:49:45,2025-10-18 21:47:50,2025-10-18 21:47:50,867488068351542,16980,GTERI,0x19FE3FBF,0x00028102,802003,0x8303,0x0115,100,25526,0000,-,00,00,11,11,11,-,01,01,0.0,0.0,241,241,1081,1081,-25.049284,-25.049284,-51.530582,-51.530582,0724,0004,85DA,0F6AD116,24.8,844.0,844.0,0:57:40,81:55:40,-,-,0,-,,,,,04,1,00000000,00,10,,
2025-10-18 20:49:46,2025-10-18 20:49:45,2025-10-18 20:47:20,2025-10-18 20:47:20,867488068351542,16979,GTERI,0x19FE3FBF,0x00028102,802003,0x8303,0x0115,100,25542,0000,-,00,00,11,5,5,-,01,01,0.0,0.0,241,241,1081,1081,-25.049284,-25.049284,-51.530582,-51.530582,0724,0004,85DA,0F6AD116,24.8,844.0,844.0,0:57:40,81:55:40,-,-,0,-,,,,,04,1,00000000,00,10,,
2025-10-18 19:49:46,2025-10-18 19:49:45,2025-10-18 19:47:40,2025-10-18 19:47:40,867488068351542,16978,GTERI,0x19FE3FBF,0x00028102,802003,0x8303,0x0115,100,25557,0000,-,00,00,11,5,5,-,01,01,0.0,0.0,241,241,1081,1081,-25.049284,-25.049284,-51.530582,-51.530582,0724,0004,85DA,0F6AD116,24.8,844.0,844.0,0:57:40,81:55:40,-,-,0,-,,,,,04,1,00000000,00,10,,
2025-10-18 18:49:46,2025-10-18 18:49:45,2025-10-18 18:47:36,2025-10-18 18:47:36,867488068351542,16977,GTERI,0x19FE3FBF,0x00028102,802003,0x8303,0x0115,100,25520,0000,-,00,00,11,5,5,-,01,01,0.0,0.0,241,241,1081,1081,-25.049284,-25.049284,-51.530582,-51.530582,0724,0004,85DA,0F6AD116,24.8,844.0,844.0,0:57:40,81:55:40,-,-,0,-,,,,,04,1,00000000,00,10,,
2025-10-18 17:49:46,2025-10-18 17:49:45,2025-10-18 17:47:24,2025-10-18 17:47:24,867488068351542,16976,GTERI,0x19FE3FBF,0x00028102,802003,0x8303,0x0115,100,25522,0000,-,00,00,11,7,7,-,01,01,0.0,0.0,241,241,1081,1081,-25.049284,-25.049284,-51.530582,-51.530582,0724,0004,85DA,0F6AD116,24.8,844.0,844.0,0:57:40,81:55:40,-,-,0,-,,,,,04,1,00000000,00,10,,
2025-10-18 16:49:46,2025-10-18 16:49:45,2025-10-18 16:47:21,2025-10-18 16:47:21,867488068351542,16975,GTERI,0x19FE3FBF,0x00028102,802003,0x8303,0x0115,100,25596,0000,-,00,00,11,11,11,-,01,01,0.0,0.0,241,241,1081,1081,-25.049284,-25.049284,-51.530582,-51.530582,0724,0004,85DA,0F6AD10A,24.8,844.0,844.0,0:57:40,81:55:40,-,-,0,-,,,,,04,3,00000000,00,10,,
2025-10-18 15:49:46,2025-10-18 15:49:45,2025-10-18 15:47:49,2025-10-18 15:47:49,867488068351542,16974,GTERI,0x19FE3FBF,0x00028102,802003,0x8303,0x0115,100,25589,0000,-,00,00,11,11,11,-,01,01,0.0,0.0,241,241,1081,1081,-25.049284,-25.049284,-51.530582,-51.530582,0724,0004,85DA,0F6AD10A,24.8,844.0,844.0,0:57:40,81:55:40,-,-,0,-,,,,,04,3,00000000,00,10,,
2025-10-18 14:49:46,2025-10-18 14:49:45,2025-10-18 14:47:24,2025-10-18 14:47:24,867488068351542,16973,GTERI,0x19FE3FBF,0x00028102,802003,0x8303,0x0115,100,25573,0000,-,00,00,11,5,5,-,01,01,0.0,0.0,241,241,1081,1081,-25.049284,-25.049284,-51.530582,-51.530582,0724,0004,85DA,0F6AD10A,24.8,844.0,844.0,0:57:40,81:55:40,-,-,0,-,,,,,04,3,00000000,00,10,,
2025-10-18 13:49:46,2025-10-18 13:49:45,2025-10-18 13:47:27,2025-10-18 13:47:27,867488068351542,16972,GTERI,0x19FE3FBF,0x00028102,802003,0x8303,0x0115,100,25573,0000,-,00,00,11,9,9,-,01,01,0.0,0.0,241,241,1081,1081,-25.049284,-25.049284,-51.530582,-51.530582,0724,0004,85DA,0F6AD10A,24.8,844.0,844.0,0:57:40,81:55:40,-,-,0,-,,,,,04,3,00000000,00,10,,
2025-10-18 12:49:46,2025-10-18 12:49:45,2025-10-18 12:47:22,2025-10-18 12:47:22,867488068351542,16971,GTERI,0x19FE3FBF,0x00028102,802003,0x8303,0x0115,100,25555,0000,-,00,00,11,10,10,-,01,01,0.0,0.0,241,241,1081,1081,-25.049284,-25.049284,-51.530582,-51.530582,0724,0004,85DA,0F6AD109,24.8,844.0,844.0,0:57:40,81:55:40,-,-,0,-,,,,,04,3,00000000,00,10,,
2025-10-18 11:49:46,2025-10-18 11:49:45,2025-10-18 11:47:50,2025-10-18 11:47:50,867488068351542,16970,GTERI,0x19FE3FBF,0x00028102,802003,0x8303,0x0115,100,25496,0000,-,00,00,11,10,10,-,01,01,0.0,0.0,241,241,1081,1081,-25.049284,-25.049284,-51.530582,-51.530582,0724,0004,85DA,0F6AD109,24.8,844.0,844.0,0:57:40,81:55:40,-,-,0,-,,,,,04,3,00000000,00,10,,
2025-10-18 10:49:46,2025-10-18 10:49:45,2025-10-18 10:47:24,2025-10-18 10:47:24,867488068351542,16969,GTERI,0x19FE3FBF,0x00028102,802003,0x8303,0x0115,100,25546,0000,-,00,00,11,6,6,-,01,01,0.0,0.0,241,241,1081,1081,-25.049284,-25.049284,-51.530582,-51.530582,0724,0004,85DA,0F6AD116,24.8,844.0,844.0,0:57:40,81:55:40,-,-,0,-,,,,,04,1,00000000,00,10,,
2025-10-18 09:49:46,2025-10-18 09:49:45,2025-10-18 09:47:21,2025-10-18 09:47:21,867488068351542,16968,GTERI,0x19FE3FBF,0x00028102,802003,0x8303,0x0115,100,25543,0000,-,00,00,11,8,8,-,01,01,0.0,0.0,241,241,1081,1081,-25.049284,-25.049284,-51.530582,-51.530582,0724,0004,85DA,0F6AD116,24.8,844.0,844.0,0:57:40,81:55:40,-,-,0,-,,,,,04,1,00000000,00,10,,
2025-10-18 08:49:46,2025-10-18 08:49:45,2025-10-18 08:47:50,2025-10-18 08:47:50,867488068351542,16967,GTERI,0x19FE3FBF,0x00028102,802003,0x8303,0x0115,100,25546,0000,-,00,00,11,10,10,-,01,01,0.0,0.0,241,241,1081,1081,-25.049284,-25.049284,-51.530582,-51.530582,0724,0004,85DA,0F6AD116,24.8,844.0,844.0,0:57:40,81:55:40,-,-,0,-,,,,,04,1,00000000,00,10,,
2025-10-18 07:49:46,2025-10-18 07:49:45,2025-10-18 07:47:21,2025-10-18 07:47:21,867488068351542,16966,GTERI,0x19FE3FBF,0x00028102,802003,0x8303,0x0115,100,25473,0000,-,00,00,11,7,7,-,01,01,0.0,0.0,241,241,1081,1081,-25.049284,-25.049284,-51.530582,-51.530582,0724,0004,85DA,0F6AD116,24.8,844.0,844.0,0:57:40,81:55:40,-,-,0,-,,,,,04,1,00000000,00,10,,
2025-10-18 07:27:58,,,,867488068351542,16965,GTINF,,,,,,,,,,,,,,,,,,,,,,,,,,,,,,,,,,,,,,,,,,C1,4200,03
2025-10-18 06:49:46,2025-10-18 06:49:45,2025-10-18 06:47:21,2025-10-18 06:47:21,867488068351542,16964,GTERI,0x19FE3FBF,0x00028102,802003,0x8303,0x0115,100,25497,0000,-,00,00,11,10,10,-,01,01,0.0,0.0,241,241,1081,1081,-25.049284,-25.049284,-51.530582,-51.530582,0724,0004,85DA,0F6AD116,24.8,844.0,844.0,0:57:40,81:55:40,-,-,0,-,,,,,04,1,00000000,00,10,,
2025-10-18 05:49:46,2025-10-18 05:49:45,2025-10-18 05:47:49,2025-10-18 05:47:49,867488068351542,16963,GTERI,0x19FE3FBF,0x00028102,802003,0x8303,0x0115,100,25491,0000,-,00,00,11,10,10,-,01,01,0.0,0.0,241,241,1081,1081,-25.049284,-25.049284,-51.530582,-51.530582,0724,0004,85DA,0F6AD116,24.8,844.0,844.0,0:57:40,81:55:40,-,-,0,-,,,,,04,1,00000000,00,10,,
2025-10-18 04:49:46,2025-10-18 04:49:45,2025-10-18 04:47:25,2025-10-18 04:47:25,867488068351542,16962,GTERI,0x19FE3FBF,0x00028102,802003,0x8303,0x0115,100,25546,0000,-,00,00,11,4,4,-,01,01,0.0,0.0,241,241,1081,1081,-25.049284,-25.049284,-51.530582,-51.530582,0724,0004,85DA,0F6AD116,24.8,844.0,844.0,0:57:40,81:55:40,-,-,0,-,,,,,04,1,00000000,00,10,,
2025-10-18 03:49:46,2025-10-18 03:49:45,2025-10-18 03:47:21,2025-10-18 03:47:21,867488068351542,16961,GTERI,0x19FE3FBF,0x00028102,802003,0x8303,0x0115,100,25518,0000,-,00,00,11,7,7,-,01,01,0.0,0.0,241,241,1081,1081,-25.049284,-25.049284,-51.530582,-51.530582,0724,0004,85DA,0F6AD116,24.8,844.0,844.0,0:57:40,81:55:40,-,-,0,-,,,,,04,1,00000000,00,10,,
2025-10-18 02:49:46,2025-10-18 02:49:45,2025-10-18 02:47:20,2025-10-18 02:47:20,867488068351542,16960,GTERI,0x19FE3FBF,0x00028102,802003,0x8303,0x0115,100,25580,0000,-,00,00,11,10,10,-,01,01,0.0,0.0,241,241,1081,1081,-25.049284,-25.049284,-51.530582,-51.530582,0724,0004,85DA,0F6AD10A,24.8,844.0,844.0,0:57:40,81:55:40,-,-,0,-,,,,,04,3,00000000,00,10,,
2025-10-18 01:49:46,2025-10-18 01:49:45,2025-10-18 01:47:50,2025-10-18 01:47:50,867488068351542,16959,GTERI,0x19FE3FBF,0x00028102,802003,0x8303,0x0115,100,25572,0000,-,00,00,11,12,12,-,01,01,0.0,0.0,241,241,1081,1081,-25.049284,-25.049284,-51.530582,-51.530582,0724,0004,85DA,0F6AD10A,24.8,844.0,844.0,0:57:40,81:55:40,-,-,0,-,,,,,04,3,00000000,00,10,,
2025-10-18 00:49:46,2025-10-18 00:49:45,2025-10-18 00:47:36,2025-10-18 00:47:36,867488068351542,16958,GTERI,0x19FE3FBF,0x00028102,802003,0x8303,0x0115,100,25625,0000,-,00,00,11,5,5,-,01,01,0.0,0.0,241,241,1081,1081,-25.049284,-25.049284,-51.530582,-51.530582,0724,0004,85DA,0F6AD10A,24.8,844.0,844.0,0:57:40,81:55:40,-,-,0,-,,,,,04,3,00000000,00,10,,
2025-10-17 23:49:46,2025-10-17 23:49:45,2025-10-17 23:47:35,2025-10-17 23:47:35,867488068351542,16957,GTERI,0x19FE3FBF,0x00028102,802003,0x8303,0x0115,100,25639,0000,-,00,00,11,4,4,-,01,01,0.0,0.0,241,241,1081,1081,-25.049284,-25.049284,-51.530582,-51.530582,0724,0004,85DA,0F6AD10A,24.8,844.0,844.0,0:57:40,81:55:40,-,-,0,-,,,,,04,3,00000000,00,10,,
2025-10-17 22:49:46,2025-10-17 22:49:45,2025-10-17 22:47:36,2025-10-17 22:47:36,867488068351542,16956,GTERI,0x19FE3FBF,0x00028102,802003,0x8303,0x0115,100,25622,0000,-,00,00,11,4,4,-,01,01,0.0,0.0,241,241,1081,1081,-25.049284,-25.049284,-51.530582,-51.530582,0724,0004,85DA,0F6AD10A,24.8,844.0,844.0,0:57:40,81:55:40,-,-,0,-,,,,,04,3,00000000,00,10,,
2025-10-17 21:49:46,2025-10-17 21:49:45,2025-10-17 21:47:28,2025-10-17 21:47:28,867488068351542,16955,GTERI,0x19FE3FBF,0x00028102,802003,0x8303,0x0115,100,25711,0000,-,00,00,11,6,6,-,01,01,0.0,0.0,241,241,1081,1081,-25.049284,-25.049284,-51.530582,-51.530582,0724,0004,85DA,0F6AD10A,24.8,844.0,844.0,0:57:40,81:55:40,-,-,0,-,,,,,04,3,00000000,00,10,,
2025-10-17 20:49:46,2025-10-17 20:49:45,2025-10-17 20:47:22,2025-10-17 20:47:22,867488068351542,16954,GTERI,0x19FE3FBF,0x00028102,802003,0x8303,0x0115,100,25729,0000,-,00,00,11,6,6,-,01,01,0.0,0.0,241,241,1081,1081,-25.049284,-25.049284,-51.530582,-51.530582,0724,0004,85DA,0F6AD10A,24.8,844.0,844.0,0:57:40,81:55:40,-,-,0,-,,,,,04,3,00000000,00,10,,
2025-10-17 19:49:46,2025-10-17 19:49:45,2025-10-17 19:47:49,2025-10-17 19:47:49,867488068351542,16953,GTERI,0x19FE3FBF,0x00028102,802003,0x8303,0x0115,100,25719,0000,-,00,00,11,10,10,-,01,01,0.0,0.0,241,241,1081,1081,-25.049284,-25.049284,-51.530582,-51.530582,0724,0004,85DA,0F6AD10A,24.8,844.0,844.0,0:57:40,81:55:40,-,-,0,-,,,,,04,3,00000000,00,10,,
2025-10-17 18:49:46,2025-10-17 18:49:45,2025-10-17 18:47:24,2025-10-17 18:47:24,867488068351542,16952,GTERI,0x19FE3FBF,0x00028102,802003,0x8303,0x0115,100,25813,0000,-,00,00,11,10,10,-,01,01,0.0,0.0,241,241,1081,1081,-25.049284,-25.049284,-51.530582,-51.530582,0724,0004,85DA,0F6AD10A,24.8,844.0,844.0,0:57:40,81:55:40,-,-,0,-,,,,,04,3,00000000,00,10,,
2025-10-17 17:49:46,2025-10-17 17:49:45,2025-10-17 17:47:22,2025-10-17 17:47:22,867488068351542,16951,GTERI,0x19FE3FBF,0x00028102,802003,0x8303,0x0115,100,25895,0000,-,00,00,11,12,12,-,01,01,0.0,0.0,241,241,1081,1081,-25.049284,-25.049284,-51.530582,-51.530582,0724,0004,85DA,0F6AD109,24.8,844.0,844.0,0:57:40,81:55:40,-,-,0,-,,,,,04,3,00000000,00,10,,
2025-10-17 16:49:51,2025-10-17 16:49:50,2025-10-17 16:49:51,2025-10-17 16:49:51,867488068351542,16950,GTERI,0x19FE3FBF,0x00028102,802003,0x8303,0x0115,100,26783,0000,-,00,00,11,12,12,-,01,01,0.0,0.0,241,241,1081,1081,-25.049284,-25.049284,-51.530582,-51.530582,0724,0004,85DA,0F6AD10A,24.8,844.0,844.0,0:57:40,81:55:40,-,-,0,-,,,,,04,3,00000000,00,10,,
2025-10-17 16:48:52,,,,867488068351542,16949,HBD
2025-10-17 16:47:15,2025-10-17 16:47:13,2025-10-17 16:47:12,2025-10-17 16:47:12,867488068351542,16948,GTERI,0x19FE3FBF,0x00028102,802003,0x8303,0x0115,100,26837,0000,-,00,00,1A,12,12,-,01,01,0.0,0.0,241,241,1081,1081,-25.049284,-25.049284,-51.530582,-51.530582,0724,0004,85DA,0F6AD10A,24.8,844.0,844.0,0:57:40,81:55:40,-,-,0,-,,,,,04,3,00000000,00,10,,
2025-10-17 16:46:51,,,,867488068351542,16947,HBD
2025-10-17 16:45:31,2025-10-17 16:45:30,2025-10-17 16:45:30,2025-10-17 16:45:30,867488068351542,16946,GTSTT,0x19FE7FBF,,802003,0x8303,0x0115,100,27257,0000,0000,00,00,11,12,12,-,01,01,0.0,0.0,241,241,1081,1081,-25.049284,-25.049284,-51.530582,-51.530582,0724,0004,85DA,0F6AD10A,24.8,844.0,844.0,0:57:40,81:55:40,-,-,0,-
2025-10-17 16:44:52,,,,867488068351542,16945,ACK
2025-10-17 16:44:52,,,,867488068351542,16944,ACK
2025-10-17 16:44:51,2025-10-17 16:44:50,2025-10-17 16:44:51,2025-10-17 16:44:51,867488068351542,16943,GTIGL,0x19FE7FBF,,802003,0x8303,0x0115,100,30837,0000,0000,00,00,12,12,12,-,01,01,0.0,0.0,241,241,1081,1081,-25.049284,-25.049284,-51.530582,-51.530582,0724,0004,85DA,0F6AD10A,24.8,844.0,844.0,0:57:40,81:55:40,-,-,0,-,,,,,,,,,01
2025-10-17 16:44:51,2025-10-17 16:44:49,2025-10-17 16:44:49,2025-10-17 16:44:49,867488068351542,16942,GTSTT,0x19FE7FBF,,802003,0x8303,0x0115,100,30837,0000,0000,00,00,12,12,12,-,01,01,0.0,0.0,241,241,1081,1081,-25.049284,-25.049284,-51.530582,-51.530582,0724,0004,85DA,0F6AD10A,24.8,844.0,844.0,0:57:40,81:55:40,-,-,0,-
2025-10-17 16:44:50,2025-10-17 16:44:49,2025-10-17 16:44:49,2025-10-17 16:44:49,867488068351542,16941,GTIGF,0x19FE7FBF,,802003,0x8303,0x0115,100,30837,0000,0000,00,00,12,12,12,3462,01,01,0.0,0.0,241,241,1081,1081,-25.049284,-25.049284,-51.530582,-51.530582,0724,0004,85DA,0F6AD10A,24.8,844.0,844.0,0:57:40,81:55:40,-,-,0,-
2025-10-17 16:44:50,,,,867488068351542,16940,HBD
2025-10-17 16:44:14,2025-10-17 16:44:13,2025-10-17 16:44:12,2025-10-17 16:41:33,867488068351542,16939,GTERI,0x19FE3FBF,0x00028102,802003,0x8303,0x0115,100,30744,0000,-,01,00,22,12,12,-,01,01,0.0,22.9,241,159,1081,1082,-25.049284,-25.048886,-51.530582,-51.531709,0724,0004,85DA,0F6AD10A,24.8,844.0,843.8,0:57:04,81:55:04,-,-,0,-,,,,,04,3,00000000,00,10,,
2025-10-17 16:42:50,,,,867488068351542,16938,HBD
2025-10-17 16:41:14,2025-10-17 16:41:13,2025-10-17 16:41:12,2025-10-17 16:41:01,867488068351542,16937,GTERI,0x19FE3FBF,0x00028102,802003,0x8303,0x0115,100,30726,0000,-,01,00,22,12,12,-,01,01,15.5,29.4,241,244,1083,1080,-25.0481,-25.047839,-51.531889,-51.531269,0724,0004,85DA,0F6AD10A,24.5,843.7,843.6,0:54:04,81:52:04,-,-,0,-,,,,,04,3,00000000,00,10,,
2025-10-17 16:40:49,,,,867488068351542,16936,HBD
2025-10-17 16:38:49,,,,867488068351542,16935,HBD
2025-10-17 16:38:14,2025-10-17 16:38:13,2025-10-17 16:38:12,2025-10-17 16:36:43,867488068351542,16934,GTERI,0x19FE3FBF,0x00028102,802003,0x8303,0x0115,100,30723,0000,-,01,00,22,12,12,-,01,01,13.6,27.1,133,79,1057,1071,-25.041678,-25.042291,-51.529597,-51.533563,0724,0004,85DA,0F6AD109,23.6,842.7,842.3,0:51:04,81:49:04,-,-,0,-,,,,,04,3,00000000,00,10,,
2025-10-17 16:36:48,,,,867488068351542,16933,HBD
2025-10-17 16:35:14,2025-10-17 16:35:13,2025-10-17 16:35:12,2025-10-17 16:33:17,867488068351542,16932,GTERI,0x19FE3FBF,0x00028102,802003,0x8303,0x0115,100,30763,0000,-,01,00,22,12,12,-,01,01,19.6,34.0,78,113,1050,1018,-25.043028,-25.040498,-51.537795,-51.541589,0724,0004,85DA,0F6AD10B,22.7,841.9,841.3,0:48:04,81:46:04,-,-,0,-,,,,,04,3,00000000,00,10,,
2025-10-17 16:34:47,,,,867488068351542,16931,HBD
2025-10-17 16:32:47,,,,867488068351542,16930,HBD
2025-10-17 16:32:14,2025-10-17 16:32:13,2025-10-17 16:32:12,2025-10-17 16:29:44,867488068351542,16929,GTERI,0x19FE3FBF,0x00028102,802003,0x8303,0x0115,100,30679,0000,-,01,00,22,12,12,-,01,01,0.4,79.4,119,190,1022,1058,-25.040736,-25.022431,-51.545535,-51.545989,0724,0004,85DA,0F6AD117,21.7,840.9,838.8,0:45:04,81:43:04,-,-,0,-,,,,,04,1,00000000,00,10,,
2025-10-17 16:30:46,,,,867488068351542,16928,HBD
2025-10-17 16:29:14,2025-10-17 16:29:13,2025-10-17 16:29:12,2025-10-17 16:27:30,867488068351542,16927,GTERI,0x19FE3FBF,0x00028102,802003,0x8303,0x0115,100,30740,0000,-,01,00,22,12,12,-,01,01,68.8,78.1,180,174,1061,1030,-25.0166,-24.999785,-51.544966,-51.544101,0724,0004,85DA,0F79F10F,19.0,838.2,836.3,0:42:04,81:40:04,-,-,0,-,,,,,04,28,00000000,00,10,,
2025-10-17 16:29:03,,,,867488068351542,16926,HBD
2025-10-17 16:29:02,,,,867488068351542,16925,HBD
2025-10-17 16:29:02,2025-10-17 16:26:13,2025-10-17 16:26:12,2025-10-17 16:23:49,867488068351542,16924,GTERI,0x19FE3FBF,0x00028102,802003,0x8303,0x0115,100,30695,0000,-,01,00,22,12,12,-,01,01,16.1,33.5,122,152,1024,980,-24.991381,-24.993417,-51.548999,-51.553785,0000,0000,0000,00000000,16.0,835.2,834.2,0:39:03,81:37:03,-,-,0,-,,,,,00,0,00000000,00,10,,
2025-10-17 16:29:01,,,,867488068351542,16923,HBD
2025-10-17 16:29:01,2025-10-17 16:23:13,2025-10-17 16:23:12,2025-10-17 16:21:07,867488068351542,16922,GTERI,0x19FE3FBF,0x00028102,802003,0x8303,0x0115,100,30692,0000,-,01,00,22,12,12,-,01,01,28.8,44.6,99,87,972,1035,-24.992748,-24.992035,-51.555761,-51.564891,0000,0000,0000,00000000,14.8,834.0,833.0,0:36:03,81:34:03,-,-,0,-,,,,,00,0,00000000,00,10,,
2025-10-17 16:29:00,,,,867488068351542,16921,HBD
2025-10-17 16:29:00,,,,867488068351542,16920,HBD
2025-10-17 16:28:59,2025-10-17 16:20:38,2025-10-17 16:20:39,2025-10-17 16:20:20,867488068351542,16919,GTPDP,0x19FE7FBF,,802003,0x8303,0x0115,100,30797,0000,0000,01,00,22,12,12,-,01,01,27.7,40.7,108,51,1037,1034,-24.992087,-24.992072,-51.567099,-51.568923,0000,0000,0000,00000000,13.6,832.8,832.6,0:33:30,81:31:30,-,-,0,-
2025-10-17 16:28:59,2025-10-17 16:20:13,2025-10-17 16:20:12,2025-10-17 16:17:56,867488068351542,16918,GTERI,0x19FE3FBF,0x00028102,802003,0x8303,0x0115,100,30714,0000,-,01,00,22,12,12,-,01,01,33.6,38.7,61,84,1040,1046,-24.992482,-24.993002,-51.569605,-51.578677,0724,0004,85DE,0F795E0F,13.3,832.5,831.4,0:33:03,81:31:03,-,-,0,-,,,,,04,28,00000000,00,10,,
2025-10-17 16:28:58,2025-10-17 16:17:13,2025-10-17 16:17:12,2025-10-17 16:15:07,867488068351542,16916,GTERI,0x19FE3FBF,0x00028102,802003,0x8303,0x0115,100,30737,0000,-,01,00,22,12,12,-,01,01,22.7,32.7,96,138,1048,987,-24.993114,-24.989661,-51.582217,-51.588729,0000,0000,0000,00000000,11.9,831.1,830.2,0:30:03,81:28:03,-,-,0,-,,,,,00,0,00000000,00,10,,
2025-10-17 16:28:56,2025-10-17 16:14:36,2025-10-17 16:14:37,2025-10-17 16:14:35,867488068351542,16913,GTDOG,0x19FE7FBF,,802003,0x8303,0x0115,100,30671,0000,0000,01,00,22,12,12,-,01,01,25.8,27.8,146,142,985,984,-24.988064,-24.987954,-51.590464,-51.590549,0000,0000,0000,00000000,10.8,830.0,830.0,0:27:27,81:25:27,-,-,0,-,,,,,,,,,07
2025-10-17 16:28:56,2025-10-17 16:14:13,2025-10-17 16:14:12,2025-10-17 16:12:58,867488068351542,16912,GTERI,0x19FE3FBF,0x00028102,802003,0x8303,0x0115,100,30642,0000,-,01,00,22,12,12,-,01,01,16.8,29.4,100,63,991,995,-24.987174,-24.987692,-51.591653,-51.593804,0000,0000,0000,00000000,10.7,829.8,829.6,0:27:03,81:25:03,-,-,0,-,,,,,00,0,00000000,00,10,,
2025-10-17 16:28:55,2025-10-17 16:11:13,2025-10-17 16:11:12,2025-10-17 16:09:03,867488068351542,16910,GTERI,0x19FE3FBF,0x00028102,802003,0x8303,0x0115,100,30726,0000,-,01,00,22,12,12,-,01,01,17.8,33.3,79,58,1006,1029,-24.990223,-24.992074,-51.600218,-51.607946,0000,0000,0000,00000000,9.7,828.9,828.0,0:24:03,81:22:03,-,-,0,-,,,,,00,0,00000000,00,10,,
2025-10-17 16:28:53,2025-10-17 16:08:13,2025-10-17 16:08:12,2025-10-17 16:06:05,867488068351542,16907,GTERI,0x19FE3FBF,0x00028102,802003,0x8303,0x0115,100,30701,0000,-,01,00,22,12,12,-,01,01,25.7,39.6,0,33,1037,1032,-24.994023,-25.002283,-51.610692,-51.612693,0000,0000,0000,00000000,8.5,827.7,826.6,0:21:03,81:19:03,-,-,0,-,,,,,00,0,00000000,00,10,,
2025-10-17 16:28:52,2025-10-17 16:05:13,2025-10-17 16:05:12,2025-10-17 16:02:45,867488068351542,16905,GTERI,0x19FE3FBF,0x00028102,802003,0x8303,0x0115,100,30655,0000,-,01,00,22,12,12,-,01,01,38.2,38.6,46,123,1026,1059,-25.005111,-25.0103,-51.615773,-51.623855,0000,0000,0000,00000000,7.0,826.2,824.8,0:18:03,81:16:03,-,-,0,-,,,,,00,0,00000000,00,10,,
2025-10-17 16:28:51,2025-10-17 16:02:13,2025-10-17 16:02:12,2025-10-17 16:00:34,867488068351542,16902,GTERI,0x19FE3FBF,0x00028102,802003,0x8303,0x0115,100,30705,0000,-,01,00,22,12,12,-,01,01,27.6,41.3,94,73,1069,1027,-25.009911,-25.010447,-51.626334,-51.63388,0000,0000,0000,00000000,5.4,824.6,823.8,0:15:03,81:13:03,-,-,0,-,,,,,00,0,00000000,00,10,,
2025-10-17 16:28:50,2025-10-17 15:59:13,2025-10-17 15:59:12,2025-10-17 15:57:19,867488068351542,16900,GTERI,0x19FE3FBF,0x00028102,802003,0x8303,0x0115,100,30664,0000,-,01,00,22,12,12,-,01,01,37.1,39.3,38,50,1039,1027,-25.014617,-25.018229,-51.63907,-51.646352,0000,0000,0000,00000000,3.9,823.1,822.1,0:12:03,81:10:03,-,-,0,-,,,,,00,0,00000000,00,10,,
2025-10-17 16:28:48,2025-10-17 15:56:13,2025-10-17 15:56:11,2025-10-17 15:56:10,867488068351542,16897,GTERI,0x19FE3FBF,0x00028102,802003,0x8303,0x0115,100,30676,0000,-,01,00,22,12,12,-,01,01,33.1,33.4,347,344,1055,1055,-25.021902,-25.021984,-51.648784,-51.648763,0000,0000,0000,00000000,2.5,821.7,821.6,0:09:03,81:07:03,-,-,0,-,,,,,00,0,00000000,00,10,,
2025-10-17 16:28:47,2025-10-17 15:53:13,2025-10-17 15:53:12,2025-10-17 15:52:05,867488068351542,16895,GTERI,0x19FE3FBF,0x00028102,802003,0x8303,0x0115,100,30632,0000,-,01,00,22,12,12,-,01,01,21.4,33.3,304,9,1044,1056,-25.029944,-25.033152,-51.648283,-51.645154,0000,0000,0000,00000000,1.5,820.7,820.2,0:06:03,81:04:03,-,-,0,-,,,,,00,0,00000000,00,10,,
2025-10-17 16:28:46,,,,867488068351542,16893,ACK
2025-10-17 16:28:46,,,,867488068351542,16892,ACK
2025-10-17 16:28:45,,,,867488068351542,16891,ACK
2025-10-17 16:28:44,2025-10-17 15:50:13,2025-10-17 15:50:12,2025-10-17 15:50:12,867488068351542,16889,GTERI,0x19FE3FBF,0x00028102,802003,0x8303,0x0115,100,30714,0000,-,01,00,22,12,12,-,01,01,22.0,22.0,323,323,1054,1054,-25.038281,-25.038281,-51.641972,-51.641972,0000,0000,0000,00000000,0.3,819.5,819.5,0:03:03,81:01:03,-,-,0,-,,,,,00,0,00000000,00,10,,
2025-10-17 16:28:43,2025-10-17 15:50:12,2025-10-17 15:50:13,2025-10-17 15:49:58,867488068351542,16888,GTPDP,0x19FE7FBF,,802003,0x8303,0x0115,100,30714,0000,0000,01,00,22,12,12,-,01,01,23.4,26.4,322,325,1053,1052,-25.038236,-25.03895,-51.642009,-51.641712,0000,0000,0000,00000000,0.3,819.5,819.4,0:03:03,81:01:03,-,-,0,-
2025-10-17 16:28:42,2025-10-17 15:47:36,2025-10-17 15:47:37,2025-10-17 15:47:37,867488068351542,16886,GTIGL,0x19FE7FBF,,802003,0x8303,0x0115,100,28416,0000,0000,01,00,22,12,12,-,01,01,0.9,0.9,356,356,1059,1059,-25.039702,-25.039702,-51.640244,-51.640244,0000,0000,0000,00000000,0.0,819.2,819.2,0:00:27,80:58:27,-,-,0,-,,,,,,,,,00
2025-10-17 16:28:42,2025-10-17 15:47:36,2025-10-17 15:47:37,2025-10-17 15:47:37,867488068351542,16885,GTERI,0x19FE3FBF,0x00028102,802003,0x8303,0x0115,100,28416,0000,-,01,00,22,12,12,-,01,01,0.9,0.9,356,356,1059,1059,-25.039702,-25.039702,-51.640244,-51.640244,0000,0000,0000,00000000,0.0,819.2,819.2,0:00:27,80:58:27,-,-,0,-,,,,,00,0,00000000,00,10,,
2025-10-17 16:28:41,2025-10-17 15:47:12,2025-10-17 15:31:01,2025-10-17 15:31:01,867488068351542,16884,GTPDP,0x19FE7FBF,,802003,0x8303,0x0115,100,28174,0000,0000,01,00,22,12,12,-,00,00,0.0,0.0,3,3,1066,1066,-25.039948,-25.039948,-51.640332,-51.640332,0000,0000,0000,00000000,0.0,819.2,819.2,0:00:03,80:58:03,-,-,0,-
2025-10-17 16:28:41,2025-10-17 15:47:07,2025-10-17 15:31:01,2025-10-17 15:31:01,867488068351542,16883,GTSTT,0x19FE7FBF,,802003,0x8303,0x0115,100,25901,0000,0000,01,00,22,12,12,-,00,00,0.0,0.0,3,3,1066,1066,-25.039948,-25.039948,-51.640332,-51.640332,0000,0000,0000,00000000,0.0,819.2,819.2,0:00:00,80:58:00,-,-,0,-
2025-10-17 16:28:40,2025-10-17 15:47:07,2025-10-17 15:31:01,2025-10-17 15:31:01,867488068351542,16882,GTIGN,0x19FE7FBF,,802003,0x8303,0x0115,100,25901,0000,0000,01,00,22,12,12,4721,00,01,0.0,0.0,3,3,1066,1066,-25.039948,-25.039948,-51.640332,-51.640332,0000,0000,0000,00000000,0.0,819.2,819.2,0:00:00,80:58:00,-,-,0,-
2025-10-17 16:28:39,2025-10-17 15:33:22,2025-10-17 15:31:01,2025-10-17 15:31:01,867488068351542,16880,GTERI,0x19FE3FBF,0x00028102,802003,0x8303,0x0115,100,25910,0000,-,00,00,11,12,12,-,01,01,0.0,0.0,3,3,1066,1066,-25.039948,-25.039948,-51.640332,-51.640332,0000,0000,0000,00000000,11.9,819.2,819.2,0:42:24,80:58:00,-,-,0,-,,,,,00,0,00000000,00,10,,
2025-10-17 16:28:39,2025-10-17 15:14:48,2025-10-17 15:14:49,2025-10-17 15:14:49,867488068351542,16879,GTDOG,0x19FE7FBF,,802003,0x8303,0x0115,100,25884,0000,0000,00,00,11,12,12,-,01,01,0.0,0.0,3,3,1066,1066,-25.039948,-25.039948,-51.640332,-51.640332,0000,0000,0000,00000000,11.9,819.2,819.2,0:42:24,80:58:00,-,-,0,-,,,,,,,,,07
2025-10-17 16:28:38,2025-10-17 14:36:34,2025-10-17 14:33:28,2025-10-17 14:33:28,867488068351542,16878,GTPDP,0x19FE7FBF,,802003,0x8303,0x0115,100,26843,0000,0000,00,00,11,12,12,-,00,00,0.0,0.0,3,3,1066,1066,-25.039948,-25.039948,-51.640332,-51.640332,0000,0000,0000,00000000,11.9,819.2,819.2,0:42:24,80:58:00,-,-,0,-
2025-10-17 16:28:38,2025-10-17 14:33:31,2025-10-17 14:33:28,2025-10-17 14:33:28,867488068351542,16877,GTPDP,0x19FE7FBF,,802003,0x8303,0x0115,100,26974,0000,0000,00,00,11,12,12,-,00,00,0.0,0.0,3,3,1066,1066,-25.039948,-25.039948,-51.640332,-51.640332,0000,0000,0000,00000000,11.9,819.2,819.2,0:42:24,80:58:00,-,-,0,-
2025-10-17 16:28:37,2025-10-17 14:33:27,2025-10-17 14:33:28,2025-10-17 14:33:28,867488068351542,16876,GTERI,0x19FE3FBF,0x00028102,802003,0x8303,0x0115,100,26981,0000,-,00,00,11,12,12,-,01,01,0.0,0.0,3,3,1066,1066,-25.039948,-25.039948,-51.640332,-51.640332,0000,0000,0000,00000000,11.9,819.2,819.2,0:42:24,80:58:00,-,-,0,-,,,,,00,0,00000000,00,10,,
2025-10-17 16:28:36,2025-10-17 14:31:10,2025-10-17 14:31:09,2025-10-17 14:31:09,867488068351542,16874,GTERI,0x19FE3FBF,0x00028102,802003,0x8303,0x0115,100,27141,0000,-,00,00,11,12,12,-,01,01,0.0,0.0,3,3,1066,1066,-25.039948,-25.039948,-51.640332,-51.640332,0000,0000,0000,00000000,11.9,819.2,819.2,0:42:24,80:58:00,-,-,0,-,,,,,00,0,00000000,00,10,,
2025-10-17 16:28:35,2025-10-17 14:29:12,2025-10-17 14:29:12,2025-10-17 14:29:12,867488068351542,16872,GTSTT,0x19FE7FBF,,802003,0x8303,0x0115,100,27407,0000,0000,00,00,11,12,12,-,01,01,0.0,0.0,3,3,1066,1066,-25.039948,-25.039948,-51.640332,-51.640332,0000,0000,0000,00000000,11.9,819.2,819.2,0:42:24,80:58:00,-,-,0,-
2025-10-17 16:28:35,,,,867488068351542,16871,ACK
2025-10-17 16:28:34,,,,867488068351542,16870,ACK
2025-10-17 16:28:34,2025-10-17 14:28:27,2025-10-17 14:28:28,2025-10-17 14:28:28,867488068351542,16869,GTIGL,0x19FE7FBF,,802003,0x8303,0x0115,100,30805,0000,0000,00,00,12,12,12,-,01,01,0.0,0.0,3,3,1066,1066,-25.039948,-25.039948,-51.640332,-51.640332,0000,0000,0000,00000000,11.9,819.2,819.2,0:42:24,80:58:00,-,-,0,-,,,,,,,,,01
2025-10-17 16:28:33,2025-10-17 14:28:26,2025-10-17 14:28:27,2025-10-17 14:28:27,867488068351542,16868,GTSTT,0x19FE7FBF,,802003,0x8303,0x0115,100,30805,0000,0000,00,00,12,12,12,-,01,01,0.0,0.0,3,3,1066,1066,-25.039948,-25.039948,-51.640332,-51.640332,0000,0000,0000,00000000,11.9,819.2,819.2,0:42:24,80:58:00,-,-,0,-
2025-10-17 16:28:33,2025-10-17 14:28:26,2025-10-17 14:28:27,2025-10-17 14:28:27,867488068351542,16867,GTIGF,0x19FE7FBF,,802003,0x8303,0x0115,100,30805,0000,0000,00,00,12,12,12,2545,01,01,0.0,0.0,3,3,1066,1066,-25.039948,-25.039948,-51.640332,-51.640332,0000,0000,0000,00000000,11.9,819.2,819.2,0:42:24,80:58:00,-,-,0,-
2025-10-17 16:28:32,2025-10-17 14:28:10,2025-10-17 14:28:09,2025-10-17 14:26:20,867488068351542,16866,GTERI,0x19FE3FBF,0x00028102,802003,0x8303,0x0115,100,30754,0000,-,01,00,22,12,12,-,01,01,0.0,20.1,3,148,1066,1053,-25.039948,-25.038004,-51.640332,-51.642191,0000,0000,0000,00000000,11.9,819.2,818.9,0:42:06,80:57:42,-,-,0,-,,,,,00,0,00000000,00,10,,
2025-10-17 16:28:31,2025-10-17 14:25:10,2025-10-17 14:25:09,2025-10-17 14:24:37,867488068351542,16863,GTERI,0x19FE3FBF,0x00028102,802003,0x8303,0x0115,100,30736,0000,-,01,00,22,12,12,-,01,01,15.9,18.3,135,153,1048,1056,-25.03613,-25.034987,-51.644327,-51.644811,0000,0000,0000,00000000,11.3,818.6,818.4,0:39:06,80:54:42,-,-,0,-,,,,,00,0,00000000,00,10,,
2025-10-17 16:28:30,2025-10-17 14:22:10,2025-10-17 14:22:09,2025-10-17 14:22:10,867488068351542,16861,GTERI,0x19FE3FBF,0x00028102,802003,0x8303,0x0115,100,30774,0000,-,01,00,22,12,12,-,01,01,0.0,0.0,126,126,1061,1061,-25.034527,-25.034527,-51.645493,-51.645493,0000,0000,0000,00000000,11.1,818.3,818.3,0:36:06,80:51:42,-,-,0,-,,,,,00,0,00000000,00,10,,
2025-10-17 16:28:28,2025-10-17 14:19:10,2025-10-17 14:19:09,2025-10-17 14:16:43,867488068351542,16858,GTERI,0x19FE3FBF,0x00028102,802003,0x8303,0x0115,100,30679,0000,-,01,00,22,12,12,-,01,01,0.0,30.4,126,189,1061,1051,-25.034527,-25.033127,-51.645493,-51.645186,0000,0000,0000,00000000,11.1,818.3,818.1,0:33:06,80:48:42,-,-,0,-,,,,,00,0,00000000,00,10,,
2025-10-17 16:28:27,2025-10-17 14:16:10,2025-10-17 14:16:09,2025-10-17 14:15:40,867488068351542,16856,GTERI,0x19FE3FBF,0x00028102,802003,0x8303,0x0115,100,30592,0000,-,01,00,22,12,12,-,01,01,29.2,32.2,126,121,1038,1037,-25.030974,-25.03011,-51.645938,-51.648018,0000,0000,0000,00000000,10.6,817.9,817.6,0:30:06,80:45:42,-,-,0,-,,,,,00,0,00000000,00,10,,
2025-10-17 16:28:26,2025-10-17 14:14:35,2025-10-17 14:14:36,2025-10-17 14:14:29,867488068351542,16854,GTDOG,0x19FE7FBF,,802003,0x8303,0x0115,100,30678,0000,0000,01,00,22,12,12,-,01,01,18.8,20.7,210,216,1037,1037,-25.027137,-25.026841,-51.64893,-51.648738,0000,0000,0000,00000000,10.0,817.3,817.2,0:28:33,80:44:09,-,-,0,-,,,,,,,,,07
2025-10-17 16:28:25,2025-10-17 14:13:10,2025-10-17 14:13:09,2025-10-17 14:10:33,867488068351542,16852,GTERI,0x19FE3FBF,0x00028102,802003,0x8303,0x0115,100,30782,0000,-,01,00,22,12,12,-,01,01,10.8,35.5,193,230,1041,1024,-25.025627,-25.018313,-51.648261,-51.64647,0000,0000,0000,00000000,9.8,817.1,816.2,0:27:06,80:42:42,-,-,0,-,,,,,00,0,00000000,00,10,,
2025-10-17 16:28:24,2025-10-17 14:10:10,2025-10-17 14:10:09,2025-10-17 14:08:23,867488068351542,16850,GTERI,0x19FE3FBF,0x00028102,802003,0x8303,0x0115,100,30714,0000,-,01,00,22,12,12,-,01,01,22.1,31.9,178,226,1022,1035,-25.016965,-25.014704,-51.645541,-51.63922,0000,0000,0000,00000000,8.7,816.0,815.2,0:24:06,80:39:42,-,-,0,-,,,,,00,0,00000000,00,10,,
2025-10-17 16:28:23,2025-10-17 14:07:10,2025-10-17 14:07:09,2025-10-17 14:07:02,867488068351542,16847,GTERI,0x19FE3FBF,0x00028102,802003,0x8303,0x0115,100,30634,0000,-,01,00,22,12,12,-,01,01,24.3,35.8,224,229,1042,1033,-25.011503,-25.011136,-51.636246,-51.635808,0000,0000,0000,00000000,7.5,814.8,814.7,0:21:06,80:36:42,-,-,0,-,,,,,00,0,00000000,00,10,,
2025-10-17 16:28:22,2025-10-17 14:04:10,2025-10-17 14:04:09,2025-10-17 14:03:09,867488068351542,16845,GTERI,0x19FE3FBF,0x00028102,802003,0x8303,0x0115,100,30802,0000,-,01,00,22,12,12,-,01,01,29.7,31.9,269,268,1059,1062,-25.010453,-25.010214,-51.623226,-51.618897,0000,0000,0000,00000000,6.1,813.4,812.9,0:18:06,80:33:42,-,-,0,-,,,,,00,0,00000000,00,10,,
2025-10-17 16:20:03,2025-10-17 14:01:10,2025-10-17 14:01:09,2025-10-17 13:59:46,867488068351542,16842,GTERI,0x19FE3FBF,0x00028102,802003,0x8303,0x0115,100,30659,0000,-,01,00,22,12,12,-,01,01,26.0,32.3,229,225,1024,1034,-25.005045,-25.001472,-51.615756,-51.611717,0000,0000,0000,00000000,4.9,812.1,811.5,0:15:06,80:30:42,-,-,0,-,,,,,00,0,00000000,00,10,,
2025-10-17 16:20:01,2025-10-17 13:58:10,2025-10-17 13:58:09,2025-10-17 13:55:34,867488068351542,16840,GTERI,0x19FE3FBF,0x00028102,802003,0x8303,0x0115,100,30747,0000,-,01,00,22,12,12,-,01,01,30.3,36.2,204,287,1033,982,-24.99527,-24.990823,-51.610709,-51.603224,0000,0000,0000,00000000,3.5,810.8,809.7,0:12:06,80:27:42,-,-,0,-,,,,,00,0,00000000,00,10,,
2025-10-17 16:19:57,2025-10-17 13:55:10,2025-10-17 13:55:09,2025-10-17 13:54:27,867488068351542,16837,GTERI,0x19FE3FBF,0x00028102,802003,0x8303,0x0115,100,30716,0000,-,01,00,22,12,12,-,01,01,18.5,31.1,237,254,987,995,-24.990503,-24.990093,-51.601703,-51.599674,0000,0000,0000,00000000,2.3,809.5,809.3,0:09:06,80:24:42,-,-,0,-,,,,,00,0,00000000,00,10,,
2025-10-17 16:19:56,2025-10-17 13:52:10,2025-10-17 13:52:09,2025-10-17 13:50:35,867488068351542,16835,GTERI,0x19FE3FBF,0x00028102,802003,0x8303,0x0115,100,30742,0000,-,01,00,22,12,12,-,01,01,0.0,28.5,298,322,991,986,-24.987104,-24.987985,-51.591809,-51.590493,0000,0000,0000,00000000,1.2,808.5,808.3,0:06:06,80:21:42,-,-,0,-,,,,,00,0,00000000,00,10,,
2025-10-17 16:19:56,,,,867488068351542,16833,ACK
2025-10-17 16:19:55,,,,867488068351542,16832,ACK
2025-10-17 16:19:55,,,,867488068351542,16831,ACK
2025-10-17 16:19:55,2025-10-17 13:49:10,2025-10-17 13:49:09,2025-10-17 13:49:07,867488068351542,16829,GTERI,0x19FE3FBF,0x00028102,802003,0x8303,0x0115,100,30693,0000,-,01,00,22,12,12,-,01,01,21.4,22.5,298,296,1005,1007,-24.991509,-24.991559,-51.586368,-51.586261,0000,0000,0000,00000000,0.5,807.7,807.7,0:03:06,80:18:42,-,-,0,-,,,,,00,0,00000000,00,10,,
2025-10-17 16:19:54,2025-10-17 13:49:06,2025-10-17 13:49:06,2025-10-17 13:49:06,867488068351542,16828,GTPDP,0x19FE7FBF,,802003,0x8303,0x0115,100,30693,0000,0000,01,00,22,12,12,-,01,01,22.2,22.2,295,295,1007,1007,-24.991584,-24.991584,-51.586205,-51.586205,0000,0000,0000,00000000,0.4,807.7,807.7,0:03:03,80:18:39,-,-,0,-
2025-10-17 16:19:54,2025-10-17 13:46:14,2025-10-17 13:46:15,2025-10-17 13:46:15,867488068351542,16826,GTIGL,0x19FE7FBF,,802003,0x8303,0x0115,100,30669,0000,0000,01,00,22,12,12,-,01,01,0.0,0.0,94,94,1065,1065,-24.99308,-24.99308,-51.582036,-51.582036,0000,0000,0000,00000000,0.0,807.3,807.3,0:00:12,80:15:48,-,-,0,-,,,,,,,,,00
2025-10-17 16:19:54,2025-10-17 13:46:14,2025-10-17 13:46:15,2025-10-17 13:46:15,867488068351542,16825,GTERI,0x19FE3FBF,0x00028102,802003,0x8303,0x0115,100,30669,0000,-,01,00,22,12,12,-,01,01,0.0,0.0,94,94,1065,1065,-24.99308,-24.99308,-51.582036,-51.582036,0000,0000,0000,00000000,0.0,807.3,807.3,0:00:12,80:15:48,-,-,0,-,,,,,00,0,00000000,00,10,,
2025-10-17 16:19:53,2025-10-17 13:46:06,2025-10-17 13:38:25,2025-10-17 13:38:25,867488068351542,16824,GTPDP,0x19FE7FBF,,802003,0x8303,0x0115,100,27338,0000,0000,01,00,22,12,12,-,00,00,0.0,0.0,94,94,1045,1045,-24.993139,-24.993139,-51.582087,-51.582087,0000,0000,0000,00000000,0.0,807.3,807.3,0:00:03,80:15:39,-,-,0,-
2025-10-17 16:19:53,2025-10-17 13:46:01,2025-10-17 13:38:25,2025-10-17 13:38:25,867488068351542,16823,GTSTT,0x19FE7FBF,,802003,0x8303,0x0115,100,26480,0000,0000,01,00,22,12,12,-,00,00,0.0,0.0,94,94,1045,1045,-24.993139,-24.993139,-51.582087,-51.582087,0000,0000,0000,00000000,0.0,807.3,807.3,0:00:00,80:15:36,-,-,0,-
2025-10-17 16:19:53,2025-10-17 13:46:01,2025-10-17 13:38:25,2025-10-17 13:38:25,867488068351542,16822,GTIGN,0x19FE7FBF,,802003,0x8303,0x0115,100,26480,0000,0000,01,00,22,12,12,757,00,01,0.0,0.0,94,94,1045,1045,-24.993139,-24.993139,-51.582087,-51.582087,0000,0000,0000,00000000,0.0,807.3,807.3,0:00:00,80:15:36,-,-,0,-
2025-10-17 16:19:52,2025-10-17 13:41:29,2025-10-17 13:38:25,2025-10-17 13:38:25,867488068351542,16820,GTPDP,0x19FE7FBF,,802003,0x8303,0x0115,100,26689,0000,0000,00,00,11,12,12,-,00,00,0.0,0.0,94,94,1045,1045,-24.993139,-24.993139,-51.582087,-51.582087,0000,0000,0000,00000000,8.9,807.3,807.3,0:28:06,80:15:36,-,-,0,-
2025-10-17 16:19:51,2025-10-17 13:41:21,2025-10-17 13:38:25,2025-10-17 13:38:25,867488068351542,16819,GTSTT,0x19FE7FBF,,802003,0x8303,0x0115,100,26689,0000,0000,00,00,11,12,12,-,00,00,0.0,0.0,94,94,1045,1045,-24.993139,-24.993139,-51.582087,-51.582087,0000,0000,0000,00000000,8.9,807.3,807.3,0:28:06,80:15:36,-,-,0,-
2025-10-17 16:19:50,2025-10-17 13:40:25,2025-10-17 13:38:25,2025-10-17 13:38:25,867488068351542,16818,GTSTT,0x19FE7FBF,,802003,0x8303,0x0115,100,26795,0000,0000,00,00,16,12,12,-,00,00,0.0,0.0,94,94,1045,1045,-24.993139,-24.993139,-51.582087,-51.582087,0000,0000,0000,00000000,8.9,807.3,807.3,0:28:06,80:15:36,-,-,0,-
2025-10-17 16:19:50,2025-10-17 13:38:36,2025-10-17 13:38:25,2025-10-17 13:38:25,867488068351542,16817,GTPDP,0x19FE7FBF,,802003,0x8303,0x0115,100,26932,0000,0000,00,00,11,12,12,-,00,00,0.0,0.0,94,94,1045,1045,-24.993139,-24.993139,-51.582087,-51.582087,0000,0000,0000,00000000,8.9,807.3,807.3,0:28:06,80:15:36,-,-,0,-
2025-10-17 16:19:49,2025-10-17 13:38:24,2025-10-17 13:38:25,2025-10-17 13:38:25,867488068351542,16816,GTERI,0x19FE3FBF,0x00028102,802003,0x8303,0x0115,100,26932,0000,-,00,00,1A,12,12,-,01,01,0.0,0.0,94,94,1045,1045,-24.993139,-24.993139,-51.582087,-51.582087,0000,0000,0000,00000000,8.9,807.3,807.3,0:28:06,80:15:36,-,-,0,-,,,,,00,0,00000000,00,10,,
2025-10-17 16:19:48,2025-10-17 13:35:57,2025-10-17 13:35:57,2025-10-17 13:35:57,867488068351542,16814,GTSTT,0x19FE7FBF,,802003,0x8303,0x0115,100,27173,0000,0000,00,00,11,12,12,-,01,01,0.0,0.0,94,94,1045,1045,-24.993139,-24.993139,-51.582087,-51.582087,0000,0000,0000,00000000,8.9,807.3,807.3,0:28:06,80:15:36,-,-,0,-
2025-10-17 16:19:48,2025-10-17 13:35:48,2025-10-17 13:35:48,2025-10-17 13:35:48,867488068351542,16813,GTSTT,0x19FE7FBF,,802003,0x8303,0x0115,100,27173,0000,0000,00,00,16,12,12,-,01,01,0.0,0.0,94,94,1045,1045,-24.993139,-24.993139,-51.582087,-51.582087,0000,0000,0000,00000000,8.9,807.3,807.3,0:28:06,80:15:36,-,-,0,-
2025-10-17 16:19:47,2025-10-17 13:35:26,2025-10-17 13:35:25,2025-10-17 13:35:25,867488068351542,16812,GTERI,0x19FE3FBF,0x00028102,802003,0x8303,0x0115,100,27234,0000,-,00,00,1A,12,12,-,01,01,0.0,0.0,94,94,1045,1045,-24.993139,-24.993139,-51.582087,-51.582087,0000,0000,0000,00000000,8.9,807.3,807.3,0:28:06,80:15:36,-,-,0,-,,,,,00,0,00000000,00,10,,
2025-10-17 16:19:46,2025-10-17 13:34:19,2025-10-17 13:34:19,2025-10-17 13:34:19,867488068351542,16810,GTSTT,0x19FE7FBF,,802003,0x8303,0x0115,100,27396,0000,0000,00,00,11,12,12,-,01,01,0.0,0.0,94,94,1045,1045,-24.993139,-24.993139,-51.582087,-51.582087,0000,0000,0000,00000000,8.9,807.3,807.3,0:28:06,80:15:36,-,-,0,-
2025-10-17 16:19:46,,,,867488068351542,16809,ACK
2025-10-17 16:19:45,,,,867488068351542,16808,ACK
2025-10-17 16:19:45,2025-10-17 13:33:24,2025-10-17 13:33:25,2025-10-17 13:33:25,867488068351542,16807,GTIGL,0x19FE7FBF,,802003,0x8303,0x0115,100,30769,0000,0000,00,00,12,12,12,-,01,01,0.0,0.0,94,94,1045,1045,-24.993139,-24.993139,-51.582087,-51.582087,0000,0000,0000,00000000,8.9,807.3,807.3,0:28:06,80:15:36,-,-,0,-,,,,,,,,,01
2025-10-17 16:19:44,2025-10-17 13:33:24,2025-10-17 13:33:24,2025-10-17 13:33:24,867488068351542,16806,GTSTT,0x19FE7FBF,,802003,0x8303,0x0115,100,30769,0000,0000,00,00,12,12,12,-,01,01,0.0,0.0,94,94,1045,1045,-24.993139,-24.993139,-51.582087,-51.582087,0000,0000,0000,00000000,8.9,807.3,807.3,0:28:06,80:15:36,-,-,0,-
2025-10-17 16:19:44,2025-10-17 13:33:24,2025-10-17 13:33:24,2025-10-17 13:33:24,867488068351542,16805,GTIGF,0x19FE7FBF,,802003,0x8303,0x0115,100,30769,0000,0000,00,00,12,12,12,1687,01,01,0.0,0.0,94,94,1045,1045,-24.993139,-24.993139,-51.582087,-51.582087,0000,0000,0000,00000000,8.9,807.3,807.3,0:28:06,80:15:36,-,-,0,-
2025-10-17 16:19:43,2025-10-17 13:32:26,2025-10-17 13:32:25,2025-10-17 13:29:56,867488068351542,16803,GTERI,0x19FE3FBF,0x00028102,802003,0x8303,0x0115,100,30744,0000,-,01,00,22,12,12,-,01,01,0.0,22.6,94,117,1045,1038,-24.993139,-24.992761,-51.582087,-51.583382,0000,0000,0000,00000000,8.9,807.3,807.1,0:27:06,80:14:36,-,-,0,-,,,,,00,0,00000000,00,10,,
2025-10-17 16:19:42,2025-10-17 13:29:26,2025-10-17 13:29:25,2025-10-17 13:28:39,867488068351542,16801,GTERI,0x19FE3FBF,0x00028102,802003,0x8303,0x0115,100,30774,0000,-,01,00,22,12,12,-,01,01,7.9,24.6,94,115,1027,1005,-24.992138,-24.991631,-51.584767,-51.58612,0000,0000,0000,00000000,8.6,807.0,806.8,0:24:06,80:11:36,-,-,0,-,,,,,00,0,00000000,00,10,,
2025-10-17 16:19:40,2025-10-17 13:26:26,2025-10-17 13:26:25,2025-10-17 13:24:05,867488068351542,16798,GTERI,0x19FE3FBF,0x00028102,802003,0x8303,0x0115,100,30587,0000,-,01,00,22,12,12,-,01,01,17.7,30.1,144,62,993,997,-24.989193,-24.987717,-51.589186,-51.593911,0000,0000,0000,00000000,8.1,806.4,805.8,0:21:06,80:08:36,-,-,0,-,,,,,00,0,00000000,00,10,,
2025-10-17 16:19:39,2025-10-17 13:23:26,2025-10-17 13:23:25,2025-10-17 13:20:27,867488068351542,16796,GTERI,0x19FE3FBF,0x00028102,802003,0x8303,0x0115,100,30663,0000,-,01,00,22,12,12,-,01,01,22.1,33.6,66,57,1012,1027,-24.988703,-24.992046,-51.596318,-51.607924,0000,0000,0000,00000000,7.2,805.6,804.3,0:18:06,80:05:36,-,-,0,-,,,,,00,0,00000000,00,10,,
2025-10-17 16:19:38,2025-10-17 13:20:26,2025-10-17 13:20:25,2025-10-17 13:20:26,867488068351542,16793,GTERI,0x19FE3FBF,0x00028102,802003,0x8303,0x0115,100,30726,0000,-,01,00,22,12,12,-,01,01,33.8,34.0,63,59,1027,1027,-24.992131,-24.99209,-51.608085,-51.608003,0000,0000,0000,00000000,5.9,804.3,804.3,0:15:06,80:02:36,-,-,0,-,,,,,00,0,00000000,00,10,,
2025-10-17 16:19:38,2025-10-17 13:17:40,2025-10-17 13:17:40,2025-10-17 13:17:40,867488068351542,16791,GTPDP,0x19FE7FBF,,802003,0x8303,0x0115,100,30543,0000,0000,01,00,22,12,12,-,01,01,32.1,32.1,55,55,1030,1030,-25.001705,-25.001705,-51.612,-51.612,0000,0000,0000,00000000,4.6,803.0,803.0,0:12:21,79:59:51,-,-,0,-
2025-10-17 16:19:38,2025-10-17 13:17:26,2025-10-17 13:17:25,2025-10-17 13:16:07,867488068351542,16790,GTERI,0x19FE3FBF,0x00028102,802003,0x8303,0x0115,100,30670,0000,-,01,00,22,12,12,-,01,01,30.8,37.9,30,350,1027,1040,-25.002412,-25.006982,-51.612851,-51.616176,0000,0000,0000,00000000,4.5,802.8,802.2,0:12:06,79:59:36,-,-,0,-,,,,,00,0,00000000,00,10,,
2025-10-17 16:19:37,2025-10-17 13:14:40,2025-10-17 13:14:41,2025-10-17 13:14:37,867488068351542,16788,GTPDP,0x19FE7FBF,,802003,0x8303,0x0115,100,30651,0000,0000,01,00,22,12,12,-,01,01,22.7,24.5,39,45,1080,1084,-25.01061,-25.010813,-51.61988,-51.620065,0000,0000,0000,00000000,3.1,801.5,801.4,0:09:21,79:56:51,-,-,0,-
2025-10-17 16:19:36,2025-10-17 13:14:26,2025-10-17 13:14:25,2025-10-17 13:13:45,867488068351542,16786,GTERI,0x19FE3FBF,0x00028102,802003,0x8303,0x0115,100,30784,0000,-,01,00,22,12,12,-,01,01,13.6,30.5,359,350,1098,1081,-25.01142,-25.013817,-51.620375,-51.620832,0000,0000,0000,00000000,3.0,801.4,801.1,0:09:06,79:56:36,-,-,0,-,,,,,00,0,00000000,00,10,,
2025-10-17 16:19:34,2025-10-17 13:13:28,2025-10-17 13:13:28,2025-10-17 13:12:59,867488068351542,16785,GTPDP,0x19FE7FBF,,802003,0x8303,0x0115,100,30699,0000,0000,01,00,22,12,12,-,01,01,27.0,34.9,357,1,1072,1076,-25.014853,-25.016812,-51.620661,-51.620906,0000,0000,0000,00000000,2.6,801.0,800.8,0:08:09,79:55:39,-,-,0,-
2025-10-17 16:19:34,2025-10-17 13:11:26,2025-10-17 13:11:25,2025-10-17 13:11:04,867488068351542,16783,GTERI,0x19FE3FBF,0x00028102,802003,0x8303,0x0115,100,30706,0000,-,01,00,22,12,12,-,01,01,20.7,30.7,345,7,1065,1070,-25.022509,-25.023695,-51.620136,-51.620242,0000,0000,0000,00000000,1.7,800.1,800.0,0:06:06,79:53:36,-,-,0,-,,,,,00,0,00000000,00,10,,
2025-10-17 16:19:33,,,,867488068351542,16781,ACK
2025-10-17 16:19:32,,,,867488068351542,16780,ACK
2025-10-17 16:19:32,,,,867488068351542,16779,ACK
2025-10-17 16:19:31,2025-10-17 13:08:26,2025-10-17 13:08:25,2025-10-17 13:08:23,867488068351542,16777,GTERI,0x19FE3FBF,0x00028102,802003,0x8303,0x0115,100,30673,0000,-,01,00,22,12,12,-,01,01,16.5,17.2,339,341,1037,1036,-25.030292,-25.030373,-51.624897,-51.624866,0000,0000,0000,00000000,0.6,799.0,799.0,0:03:06,79:50:36,-,-,0,-,,,,,00,0,00000000,00,10,,
2025-10-17 16:19:31,2025-10-17 13:08:22,2025-10-17 13:08:22,2025-10-17 13:08:12,867488068351542,16776,GTPDP,0x19FE7FBF,,802003,0x8303,0x0115,100,30673,0000,0000,01,00,22,12,12,-,01,01,15.0,23.3,343,322,1036,1040,-25.030414,-25.03085,-51.624852,-51.624649,0000,0000,0000,00000000,0.6,799.0,798.9,0:03:03,79:50:33,-,-,0,-
2025-10-17 16:19:30,2025-10-17 13:05:32,2025-10-17 13:05:31,2025-10-17 13:05:31,867488068351542,16774,GTPDP,0x19FE7FBF,,802003,0x8303,0x0115,100,30729,0000,0000,01,00,22,5,5,-,02,02,0.0,0.0,249,249,1043,1043,-25.035519,-25.035519,-51.622995,-51.622995,0000,0000,0000,00000000,0.0,798.4,798.4,0:00:15,79:47:45,-,-,0,-
2025-10-17 16:19:30,2025-10-17 13:05:27,2025-10-17 13:05:28,2025-10-17 13:05:28,867488068351542,16773,GTIGL,0x19FE7FBF,,802003,0x8303,0x0115,100,30849,0000,0000,01,00,22,12,12,-,01,01,0.0,0.0,249,249,1043,1043,-25.035519,-25.035519,-51.622995,-51.622995,0000,0000,0000,00000000,0.0,798.4,798.4,0:00:09,79:47:39,-,-,0,-,,,,,,,,,00
2025-10-17 16:19:26,2025-10-17 13:05:27,2025-10-17 13:05:28,2025-10-17 13:05:28,867488068351542,16772,GTERI,0x19FE3FBF,0x00028102,802003,0x8303,0x0115,100,30849,0000,-,01,00,22,12,12,-,01,01,0.0,0.0,249,249,1043,1043,-25.035519,-25.035519,-51.622995,-51.622995,0000,0000,0000,00000000,0.0,798.4,798.4,0:00:09,79:47:39,-,-,0,-,,,,,00,0,00000000,00,10,,
2025-10-17 16:19:26,2025-10-17 13:05:17,2025-10-17 12:20:44,2025-10-17 12:20:44,867488068351542,16771,GTSTT,0x19FE7FBF,,802003,0x8303,0x0115,100,25950,0000,0000,01,00,22,12,12,-,00,00,0.0,0.0,249,249,1044,1044,-25.035486,-25.035486,-51.623007,-51.623007,0000,0000,0000,00000000,0.0,798.4,798.4,0:00:00,79:47:30,-,-,0,-
2025-10-17 16:19:25,2025-10-17 13:05:17,2025-10-17 12:20:44,2025-10-17 12:03:35,867488068351542,16770,GTIGN,0x19FE7FBF,,802003,0x8303,0x0115,100,25950,0000,0000,01,00,22,12,12,3618,00,01,0.0,30.6,249,149,1044,1039,-25.035486,-25.031753,-51.623007,-51.623646,0000,0000,0000,00000000,0.0,798.4,797.9,0:00:00,79:47:30,-,-,0,-
2025-10-17 16:19:24,2025-10-17 12:20:43,2025-10-17 12:20:44,2025-10-17 12:20:44,867488068351542,16768,GTDOG,0x19FE7FBF,,802003,0x8303,0x0115,100,26329,0000,0000,00,00,11,12,12,-,01,01,0.0,0.0,249,249,1044,1044,-25.035486,-25.035486,-51.623007,-51.623007,0000,0000,0000,00000000,7.7,798.4,798.4,0:17:21,79:47:30,-,-,0,-,,,,,,,,,07
2025-10-17 16:19:24,2025-10-17 12:13:04,2025-10-17 12:10:00,2025-10-17 12:10:00,867488068351542,16767,GTPDP,0x19FE7FBF,,802003,0x8303,0x0115,100,26806,0000,0000,00,00,11,12,12,-,00,00,0.0,0.0,249,249,1044,1044,-25.035486,-25.035486,-51.623007,-51.623007,0000,0000,0000,00000000,7.7,798.4,798.4,0:17:21,79:47:30,-,-,0,-
2025-10-17 16:19:23,2025-10-17 12:10:04,2025-10-17 12:10:00,2025-10-17 12:10:00,867488068351542,16766,GTPDP,0x19FE7FBF,,802003,0x8303,0x0115,100,26958,0000,0000,00,00,11,12,12,-,00,00,0.0,0.0,249,249,1044,1044,-25.035486,-25.035486,-51.623007,-51.623007,0000,0000,0000,00000000,7.7,798.4,798.4,0:17:21,79:47:30,-,-,0,-
2025-10-17 16:19:23,2025-10-17 12:09:59,2025-10-17 12:10:00,2025-10-17 12:10:00,867488068351542,16765,GTERI,0x19FE3FBF,0x00028102,802003,0x8303,0x0115,100,26958,0000,-,00,00,11,12,12,-,01,01,0.0,0.0,249,249,1044,1044,-25.035486,-25.035486,-51.623007,-51.623007,0000,0000,0000,00000000,7.7,798.4,798.4,0:17:21,79:47:30,-,-,0,-,,,,,00,0,00000000,00,10,,
2025-10-17 16:19:22,2025-10-17 12:08:41,2025-10-17 12:08:40,2025-10-17 12:08:40,867488068351542,16763,GTERI,0x19FE3FBF,0x00028102,802003,0x8303,0x0115,100,27066,0000,-,00,00,11,12,12,-,01,01,0.0,0.0,249,249,1044,1044,-25.035486,-25.035486,-51.623007,-51.623007,0000,0000,0000,00000000,7.7,798.4,798.4,0:17:21,79:47:30,-,-,0,-,,,,,00,0,00000000,00,10,,
2025-10-17 16:19:21,2025-10-17 12:05:41,2025-10-17 12:05:40,2025-10-17 12:05:40,867488068351542,16761,GTERI,0x19FE3FBF,0x00028102,802003,0x8303,0x0115,100,27491,0000,-,00,00,11,12,12,-,01,01,0.0,0.0,249,249,1044,1044,-25.035486,-25.035486,-51.623007,-51.623007,0000,0000,0000,00000000,7.7,798.4,798.4,0:17:21,79:47:30,-,-,0,-,,,,,00,0,00000000,00,10,,
2025-10-17 16:19:20,2025-10-17 12:05:30,2025-10-17 12:05:30,2025-10-17 12:05:30,867488068351542,16759,GTSTT,0x19FE7FBF,,802003,0x8303,0x0115,100,27542,0000,0000,00,00,11,12,12,-,01,01,0.0,0.0,249,249,1044,1044,-25.035486,-25.035486,-51.623007,-51.623007,0000,0000,0000,00000000,7.7,798.4,798.4,0:17:21,79:47:30,-,-,0,-
2025-10-17 16:19:19,,,,867488068351542,16758,ACK
2025-10-17 16:19:19,,,,867488068351542,16757,ACK
2025-10-17 16:19:18,2025-10-17 12:04:59,2025-10-17 12:05:00,2025-10-17 12:05:00,867488068351542,16756,GTIGL,0x19FE7FBF,,802003,0x8303,0x0115,100,30673,0000,0000,00,00,12,12,12,-,01,01,0.0,0.0,249,249,1044,1044,-25.035486,-25.035486,-51.623007,-51.623007,0000,0000,0000,00000000,7.7,798.4,798.4,0:17:21,79:47:30,-,-,0,-,,,,,,,,,01
2025-10-17 16:19:18,2025-10-17 12:04:59,2025-10-17 12:04:59,2025-10-17 12:04:59,867488068351542,16755,GTSTT,0x19FE7FBF,,802003,0x8303,0x0115,100,30673,0000,0000,00,00,12,12,12,-,01,01,0.0,0.0,249,249,1044,1044,-25.035486,-25.035486,-51.623007,-51.623007,0000,0000,0000,00000000,7.7,798.4,798.4,0:17:21,79:47:30,-,-,0,-
2025-10-17 16:19:17,2025-10-17 12:04:59,2025-10-17 12:04:59,2025-10-17 12:04:59,867488068351542,16754,GTIGF,0x19FE7FBF,,802003,0x8303,0x0115,100,30673,0000,0000,00,00,12,12,12,1044,01,01,0.0,0.0,249,249,1044,1044,-25.035486,-25.035486,-51.623007,-51.623007,0000,0000,0000,00000000,7.7,798.4,798.4,0:17:21,79:47:30,-,-,0,-
2025-10-17 16:19:16,2025-10-17 12:02:41,2025-10-17 12:02:40,2025-10-17 11:59:50,867488068351542,16752,GTERI,0x19FE3FBF,0x00028102,802003,0x8303,0x0115,100,30742,0000,-,01,00,22,12,12,-,01,01,23.8,32.1,249,173,1026,1082,-25.028931,-25.019904,-51.624293,-51.620737,0000,0000,0000,00000000,6.9,797.5,796.3,0:15:06,79:45:15,-,-,0,-,,,,,00,0,00000000,00,10,,
2025-10-17 16:19:15,2025-10-17 11:59:41,2025-10-17 11:59:40,2025-10-17 11:57:09,867488068351542,16750,GTERI,0x19FE3FBF,0x00028102,802003,0x8303,0x0115,100,30733,0000,-,01,00,22,12,12,-,01,01,25.6,37.9,177,268,1086,1058,-25.019161,-25.010198,-51.620774,-51.618842,0000,0000,0000,00000000,5.6,796.2,795.1,0:12:06,79:42:15,-,-,0,-,,,,,00,0,00000000,00,10,,
2025-10-17 16:19:14,2025-10-17 11:56:40,2025-10-17 11:56:39,2025-10-17 11:54:15,867488068351542,16747,GTERI,0x19FE3FBF,0x00028102,802003,0x8303,0x0115,100,30732,0000,-,01,00,22,12,12,-,01,01,24.9,37.3,230,198,1058,1034,-25.009656,-25.000711,-51.616384,-51.61129,0000,0000,0000,00000000,4.2,794.9,793.6,0:09:03,79:39:12,-,-,0,-,,,,,00,0,00000000,00,10,,
2025-10-17 16:19:13,2025-10-17 11:53:40,2025-10-17 11:53:39,2025-10-17 11:52:11,867488068351542,16745,GTERI,0x19FE3FBF,0x00028102,802003,0x8303,0x0115,100,30707,0000,-,01,00,22,12,12,-,01,01,34.6,38.4,189,240,1033,1026,-24.997857,-24.992119,-51.611852,-51.608096,0000,0000,0000,00000000,2.7,793.3,792.5,0:06:03,79:36:12,-,-,0,-,,,,,00,0,00000000,00,10,,
2025-10-17 16:19:12,,,,867488068351542,16743,ACK
2025-10-17 16:19:11,,,,867488068351542,16742,ACK
2025-10-17 16:19:11,,,,867488068351542,16741,ACK
2025-10-17 16:19:10,2025-10-17 11:50:40,2025-10-17 11:50:39,2025-10-17 11:50:39,867488068351542,16739,GTERI,0x19FE3FBF,0x00028102,802003,0x8303,0x0115,100,30763,0000,-,01,00,22,12,12,-,01,01,30.2,30.2,262,262,997,997,-24.990303,-24.990303,-51.60102,-51.60102,0000,0000,0000,00000000,1.0,791.7,791.7,0:03:03,79:33:12,-,-,0,-,,,,,00,0,00000000,00,10,,
2025-10-17 16:19:09,2025-10-17 11:50:40,2025-10-17 11:50:40,2025-10-17 11:50:21,867488068351542,16738,GTPDP,0x19FE7FBF,,802003,0x8303,0x0115,100,30763,0000,0000,01,00,22,12,12,-,01,01,30.1,32.3,259,255,996,997,-24.990315,-24.990092,-51.601102,-51.59972,0000,0000,0000,00000000,1.0,791.7,791.5,0:03:03,79:33:12,-,-,0,-
2025-10-17 16:19:08,2025-10-17 11:47:45,2025-10-17 11:47:46,2025-10-17 11:47:46,867488068351542,16736,GTIGL,0x19FE7FBF,,802003,0x8303,0x0115,100,30768,0000,0000,01,00,22,12,12,-,01,01,0.0,0.0,248,248,990,990,-24.987127,-24.987127,-51.591553,-51.591553,0000,0000,0000,00000000,0.0,790.6,790.6,0:00:09,79:30:18,-,-,0,-,,,,,,,,,00
2025-10-17 16:19:08,2025-10-17 11:47:45,2025-10-17 11:47:46,2025-10-17 11:47:46,867488068351542,16735,GTERI,0x19FE3FBF,0x00028102,802003,0x8303,0x0115,100,30768,0000,-,01,00,22,12,12,-,01,01,0.0,0.0,248,248,990,990,-24.987127,-24.987127,-51.591553,-51.591553,0000,0000,0000,00000000,0.0,790.6,790.6,0:00:09,79:30:18,-,-,0,-,,,,,00,0,00000000,00,10,,
2025-10-17 16:19:07,2025-10-17 11:47:40,2025-10-17 11:36:00,2025-10-17 11:36:00,867488068351542,16734,GTPDP,0x19FE7FBF,,802003,0x8303,0x0115,100,29922,0000,0000,01,00,22,12,12,-,00,00,0.0,0.0,248,248,991,991,-24.98713,-24.98713,-51.591599,-51.591599,0000,0000,0000,00000000,0.0,790.6,790.6,0:00:03,79:30:12,-,-,0,-
2025-10-17 16:19:07,2025-10-17 11:47:35,2025-10-17 11:36:00,2025-10-17 11:36:00,867488068351542,16733,GTSTT,0x19FE7FBF,,802003,0x8303,0x0115,100,26312,0000,0000,01,00,22,12,12,-,00,00,0.0,0.0,248,248,991,991,-24.98713,-24.98713,-51.591599,-51.591599,0000,0000,0000,00000000,0.0,790.6,790.6,0:00:00,79:30:09,-,-,0,-
2025-10-17 16:19:06,2025-10-17 11:47:35,2025-10-17 11:36:00,2025-10-17 11:29:14,867488068351542,16732,GTIGN,0x19FE7FBF,,802003,0x8303,0x0115,100,26312,0000,0000,01,00,22,12,12,997,00,01,0.0,17.4,248,92,991,990,-24.98713,-24.987123,-51.591599,-51.592085,0000,0000,0000,00000000,0.0,790.6,790.5,0:00:00,79:30:09,-,-,0,-
2025-10-17 16:19:05,2025-10-17 11:35:59,2025-10-17 11:36:00,2025-10-17 11:36:00,867488068351542,16730,GTERI,0x19FE3FBF,0x00028102,802003,0x8303,0x0115,100,26910,0000,-,00,00,11,12,12,-,01,01,0.0,0.0,248,248,991,991,-24.98713,-24.98713,-51.591599,-51.591599,0000,0000,0000,00000000,1.3,790.6,790.6,0:20:49,79:30:09,-,-,0,-,,,,,00,0,00000000,00,10,,
2025-10-17 16:19:05,2025-10-17 11:35:06,2025-10-17 11:35:07,2025-10-17 11:35:07,867488068351542,16729,GTPDP,0x19FE7FBF,,802003,0x8303,0x0115,100,27015,0000,0000,00,00,11,12,12,-,01,01,0.0,0.0,248,248,991,991,-24.98713,-24.98713,-51.591599,-51.591599,0000,0000,0000,00000000,1.3,790.6,790.6,0:20:49,79:30:09,-,-,0,-
2025-10-17 16:19:04,2025-10-17 11:34:22,2025-10-17 11:34:21,2025-10-17 11:34:21,867488068351542,16728,GTERI,0x19FE3FBF,0x00028102,802003,0x8303,0x0115,100,27120,0000,-,00,00,11,12,12,-,01,01,0.0,0.0,248,248,991,991,-24.98713,-24.98713,-51.591599,-51.591599,0000,0000,0000,00000000,1.3,790.6,790.6,0:20:49,79:30:09,-,-,0,-,,,,,00,0,00000000,00,10,,
2025-10-17 16:19:04,2025-10-17 11:32:03,2025-10-17 11:32:04,2025-10-17 11:32:04,867488068351542,16727,GTPDP,0x19FE7FBF,,802003,0x8303,0x0115,100,27465,0000,0000,00,00,11,12,12,-,01,01,0.0,0.0,248,248,991,991,-24.98713,-24.98713,-51.591599,-51.591599,0000,0000,0000,00000000,1.3,790.6,790.6,0:20:49,79:30:09,-,-,0,-
2025-10-17 16:19:03,2025-10-17 11:31:22,2025-10-17 11:31:21,2025-10-17 11:31:21,867488068351542,16726,GTERI,0x19FE3FBF,0x00028102,802003,0x8303,0x0115,100,27620,0000,-,00,00,11,12,12,-,01,01,0.0,0.0,248,248,991,991,-24.98713,-24.98713,-51.591599,-51.591599,0000,0000,0000,00000000,1.3,790.6,790.6,0:20:49,79:30:09,-,-,0,-,,,,,00,0,00000000,00,10,,
2025-10-17 16:19:02,2025-10-17 11:31:18,2025-10-17 11:31:19,2025-10-17 11:31:19,867488068351542,16724,GTSTT,0x19FE7FBF,,802003,0x8303,0x0115,100,27620,0000,0000,00,00,11,12,12,-,01,01,0.0,0.0,248,248,991,991,-24.98713,-24.98713,-51.591599,-51.591599,0000,0000,0000,00000000,1.3,790.6,790.6,0:20:49,79:30:09,-,-,0,-
2025-10-17 16:19:02,,,,867488068351542,16723,ACK
2025-10-17 16:19:01,,,,867488068351542,16722,ACK
2025-10-17 16:19:01,2025-10-17 11:30:59,2025-10-17 11:31:00,2025-10-17 11:31:00,867488068351542,16721,GTIGL,0x19FE7FBF,,802003,0x8303,0x0115,100,30524,0000,0000,00,00,12,12,12,-,01,01,0.0,0.0,248,248,991,991,-24.98713,-24.98713,-51.591599,-51.591599,0000,0000,0000,00000000,1.3,790.6,790.6,0:20:49,79:30:09,-,-,0,-,,,,,,,,,01
2025-10-17 16:19:00,2025-10-17 11:30:58,2025-10-17 11:30:58,2025-10-17 11:30:58,867488068351542,16720,GTSTT,0x19FE7FBF,,802003,0x8303,0x0115,100,30524,0000,0000,00,00,12,12,12,-,01,01,0.1,0.1,248,248,991,991,-24.98713,-24.98713,-51.591599,-51.591599,0000,0000,0000,00000000,1.3,790.6,790.6,0:20:49,79:30:09,-,-,0,-
2025-10-17 16:19:00,2025-10-17 11:30:58,2025-10-17 11:30:58,2025-10-17 11:30:58,867488068351542,16719,GTIGF,0x19FE7FBF,,802003,0x8303,0x0115,100,30524,0000,0000,00,00,12,12,12,1251,01,01,0.1,0.1,248,248,991,991,-24.98713,-24.98713,-51.591599,-51.591599,0000,0000,0000,00000000,1.3,790.6,790.6,0:20:49,79:30:09,-,-,0,-
2025-10-17 16:18:59,2025-10-17 11:28:22,2025-10-17 11:28:21,2025-10-17 11:25:26,867488068351542,16717,GTERI,0x19FE3FBF,0x00028102,802003,0x8303,0x0115,100,30684,0000,-,01,00,22,12,12,-,01,01,0.0,16.4,248,244,988,989,-24.987438,-24.98724,-51.593073,-51.592806,0000,0000,0000,00000000,1.1,790.4,790.4,0:18:12,79:27:32,-,-,0,-,,,,,00,0,00000000,00,10,,
2025-10-17 16:18:58,2025-10-17 11:25:22,2025-10-17 11:25:21,2025-10-17 11:23:41,867488068351542,16715,GTERI,0x19FE3FBF,0x00028102,802003,0x8303,0x0115,100,30733,0000,-,01,00,22,12,12,-,01,01,2.7,20.9,248,318,990,985,-24.987196,-24.987341,-51.592672,-51.591046,0000,0000,0000,00000000,1.1,790.4,790.2,0:15:12,79:24:32,-,-,0,-,,,,,00,0,00000000,00,10,,
2025-10-17 16:18:58,2025-10-17 11:23:39,2025-10-17 11:23:40,2025-10-17 11:23:29,867488068351542,16713,GTPDP,0x19FE7FBF,,802003,0x8303,0x0115,100,30695,0000,0000,01,00,22,12,12,-,01,01,21.2,30.4,325,319,985,983,-24.98738,-24.987926,-51.591008,-51.590556,0000,0000,0000,00000000,0.9,790.2,790.1,0:13:30,79:22:50,-,-,0,-
2025-10-17 16:18:57,2025-10-17 11:22:22,2025-10-17 11:22:21,2025-10-17 11:22:22,867488068351542,16711,GTERI,0x19FE3FBF,0x00028102,802003,0x8303,0x0115,100,30707,0000,-,01,00,22,12,12,-,01,01,23.6,24.0,293,293,995,995,-24.991071,-24.991046,-51.587334,-51.587395,0000,0000,0000,00000000,0.3,789.7,789.7,0:12:12,79:21:32,-,-,0,-,,,,,00,0,00000000,00,10,,
2025-10-17 16:18:56,2025-10-17 11:20:39,2025-10-17 11:20:40,2025-10-17 11:20:40,867488068351542,16709,GTPDP,0x19FE7FBF,,802003,0x8303,0x0115,100,30707,0000,0000,01,00,22,12,12,-,01,01,5.1,5.1,278,278,1030,1030,-24.992202,-24.992202,-51.584219,-51.584219,0000,0000,0000,00000000,0.0,789.3,789.3,0:10:30,79:19:50,-,-,0,-
2025-10-17 16:18:55,2025-10-17 11:20:00,2025-10-17 11:20:01,2025-10-17 11:20:01,867488068351542,16708,GTPDP,0x19FE7FBF,,802003,0x8303,0x0115,100,30679,0000,0000,01,00,22,12,12,-,01,01,0.0,0.0,251,251,1029,1029,-24.99221,-24.99221,-51.584197,-51.584197,0000,0000,0000,00000000,0.0,789.3,789.3,0:09:51,79:19:11,-,-,0,-
2025-10-17 16:18:55,2025-10-17 11:19:22,2025-10-17 11:19:21,2025-10-17 11:19:22,867488068351542,16707,GTERI,0x19FE3FBF,0x00028102,802003,0x8303,0x0115,100,30635,0000,-,01,00,22,12,12,-,01,01,0.0,0.0,251,251,1029,1029,-24.99221,-24.99221,-51.584197,-51.584197,0724,0004,85DE,0F795E0F,0.0,789.3,789.3,0:09:12,79:18:32,-,-,0,-,,,,,04,28,00000000,00,10,,
2025-10-17 16:18:53,2025-10-17 11:17:43,2025-10-17 11:17:44,2025-10-17 11:17:44,867488068351542,16704,GTPDP,0x19FE7FBF,,802003,0x8303,0x0115,100,30715,0000,0000,01,00,22,12,12,-,01,01,0.0,0.0,251,251,1029,1029,-24.99221,-24.99221,-51.584197,-51.584197,0000,0000,0000,00000000,0.0,789.3,789.3,0:07:36,79:16:56,-,-,0,-
2025-10-17 16:18:52,2025-10-17 11:16:22,2025-10-17 11:16:21,2025-10-17 11:16:22,867488068351542,16702,GTERI,0x19FE3FBF,0x00028102,802003,0x8303,0x0115,100,30728,0000,-,01,00,22,12,12,-,01,01,0.0,0.0,251,251,1029,1029,-24.99221,-24.99221,-51.584197,-51.584197,0000,0000,0000,00000000,0.0,789.3,789.3,0:06:15,79:15:35,-,-,0,-,,,,,00,0,00000000,00,10,,
2025-10-17 16:18:52,2025-10-17 11:14:40,2025-10-17 11:14:41,2025-10-17 11:14:41,867488068351542,16701,GTPDP,0x19FE7FBF,,802003,0x8303,0x0115,100,30593,0000,0000,01,00,22,12,12,-,01,01,0.0,0.0,251,251,1029,1029,-24.99221,-24.99221,-51.584197,-51.584197,0000,0000,0000,00000000,0.0,789.3,789.3,0:04:33,79:13:53,-,-,0,-
2025-10-17 16:18:51,,,,867488068351542,16699,ACK
2025-10-17 16:18:51,,,,867488068351542,16698,ACK
2025-10-17 16:18:50,,,,867488068351542,16697,ACK
2025-10-17 16:18:49,2025-10-17 11:13:22,2025-10-17 11:13:21,2025-10-17 11:13:22,867488068351542,16695,GTERI,0x19FE3FBF,0x00028102,802003,0x8303,0x0115,100,30731,0000,-,01,00,22,12,12,-,01,01,0.0,0.0,251,251,1029,1029,-24.99221,-24.99221,-51.584197,-51.584197,0000,0000,0000,00000000,0.0,789.3,789.3,0:03:15,79:12:35,-,-,0,-,,,,,00,0,00000000,00,10,,
2025-10-17 16:18:49,2025-10-17 11:13:12,2025-10-17 11:13:12,2025-10-17 11:13:12,867488068351542,16694,GTPDP,0x19FE7FBF,,802003,0x8303,0x0115,100,30659,0000,0000,01,00,22,12,12,-,01,01,0.0,0.0,251,251,1029,1029,-24.99221,-24.99221,-51.584197,-51.584197,0000,0000,0000,00000000,0.0,789.3,789.3,0:03:03,79:12:23,-,-,0,-
2025-10-17 16:18:48,2025-10-17 11:10:22,2025-10-17 11:10:21,2025-10-17 11:10:22,867488068351542,16692,GTERI,0x19FE3FBF,0x00028102,802003,0x8303,0x0115,100,30766,0000,-,01,00,22,12,12,-,01,01,0.0,0.0,251,286,1029,1029,-24.99221,-24.99221,-51.584197,-51.584197,0000,0000,0000,00000000,0.0,789.3,789.3,0:00:15,79:09:35,-,-,0,-,,,,,00,0,00000000,00,10,,
2025-10-17 16:18:47,2025-10-17 11:10:12,2025-10-17 11:10:12,2025-10-17 11:10:12,867488068351542,16691,GTPDP,0x19FE7FBF,,802003,0x8303,0x0115,100,29572,0000,0000,01,00,22,12,12,-,01,01,0.0,0.0,251,251,1029,1029,-24.99221,-24.99221,-51.584197,-51.584197,0000,0000,0000,00000000,0.0,789.3,789.3,0:00:03,79:09:23,-,-,0,-
2025-10-17 16:18:47,2025-10-17 11:10:07,2025-10-17 11:10:08,2025-10-17 11:10:08,867488068351542,16690,GTIGL,0x19FE7FBF,,802003,0x8303,0x0115,100,27379,0000,0000,01,00,22,12,12,-,01,01,0.0,0.0,251,251,1029,1029,-24.99221,-24.99221,-51.584197,-51.584197,0000,0000,0000,00000000,0.0,789.3,789.3,0:00:00,79:09:20,-,-,0,-,,,,,,,,,00
2025-10-17 16:18:46,2025-10-17 11:10:07,2025-10-17 11:10:07,2025-10-17 11:10:07,867488068351542,16689,GTSTT,0x19FE7FBF,,802003,0x8303,0x0115,100,27498,0000,0000,01,00,22,12,12,-,01,01,0.0,0.0,251,251,1029,1029,-24.99221,-24.99221,-51.584197,-51.584197,0000,0000,0000,00000000,0.0,789.3,789.3,0:00:00,79:09:20,-,-,0,-
2025-10-17 16:18:46,2025-10-17 11:10:07,2025-10-17 11:10:07,2025-10-17 11:10:07,867488068351542,16688,GTIGN,0x19FE7FBF,,802003,0x8303,0x0115,100,27498,0000,0000,01,00,22,12,12,92,01,01,0.0,0.0,251,251,1029,1029,-24.99221,-24.99221,-51.584197,-51.584197,0000,0000,0000,00000000,0.0,789.3,789.3,0:00:00,79:09:20,-,-,0,-
2025-10-17 16:18:45,2025-10-17 11:08:56,2025-10-17 11:08:57,2025-10-17 11:08:57,867488068351542,16686,GTSTT,0x19FE7FBF,,802003,0x8303,0x0115,100,27943,0000,0000,00,00,11,12,12,-,01,01,0.0,0.0,251,251,1029,1029,-24.99221,-24.99221,-51.584197,-51.584197,0000,0000,0000,00000000,0.8,789.3,789.3,0:16:21,79:09:20,-,-,0,-
2025-10-17 16:18:44,,,,867488068351542,16685,ACK
2025-10-17 16:18:44,,,,867488068351542,16684,ACK
2025-10-17 16:18:43,2025-10-17 11:08:36,2025-10-17 11:08:37,2025-10-17 11:08:37,867488068351542,16683,GTIGL,0x19FE7FBF,,802003,0x8303,0x0115,100,30684,0000,0000,00,00,12,12,12,-,01,01,0.0,0.0,251,251,1029,1029,-24.99221,-24.99221,-51.584197,-51.584197,0000,0000,0000,00000000,0.8,789.3,789.3,0:16:21,79:09:20,-,-,0,-,,,,,,,,,01
2025-10-17 16:18:43,2025-10-17 11:08:35,2025-10-17 11:08:36,2025-10-17 11:08:36,867488068351542,16682,GTSTT,0x19FE7FBF,,802003,0x8303,0x0115,100,30684,0000,0000,00,00,12,12,12,-,01,01,0.0,0.0,251,251,1029,1029,-24.99221,-24.99221,-51.584197,-51.584197,0000,0000,0000,00000000,0.8,789.3,789.3,0:16:21,79:09:20,-,-,0,-
2025-10-17 16:18:42,2025-10-17 11:08:35,2025-10-17 11:08:36,2025-10-17 11:08:36,867488068351542,16681,GTIGF,0x19FE7FBF,,802003,0x8303,0x0115,100,30684,0000,0000,00,00,12,12,12,981,01,01,0.0,0.0,251,251,1029,1029,-24.99221,-24.99221,-51.584197,-51.584197,0000,0000,0000,00000000,0.8,789.3,789.3,0:16:21,79:09:20,-,-,0,-
2025-10-17 16:18:41,2025-10-17 11:07:22,2025-10-17 11:07:21,2025-10-17 11:05:31,867488068351542,16679,GTERI,0x19FE3FBF,0x00028102,802003,0x8303,0x0115,100,30646,0000,-,01,00,22,12,12,-,01,01,0.0,32.7,251,267,1029,1055,-24.99221,-24.992997,-51.584197,-51.578773,0000,0000,0000,00000000,0.8,789.3,788.7,0:15:06,79:08:05,-,-,0,-,,,,,00,0,00000000,00,10,,
2025-10-17 16:18:40,2025-10-17 11:04:22,2025-10-17 11:04:21,2025-10-17 11:04:22,867488068351542,16677,GTERI,0x19FE3FBF,0x00028102,802003,0x8303,0x0115,100,30711,0000,-,01,00,22,12,12,-,01,01,0.0,0.0,251,251,1076,1076,-24.992912,-24.992912,-51.576641,-51.576641,0000,0000,0000,00000000,0.0,788.5,788.5,0:12:06,79:05:05,-,-,0,-,,,,,00,0,00000000,00,10,,
2025-10-17 16:18:39,2025-10-17 11:03:14,2025-10-17 11:03:14,2025-10-17 11:03:14,867488068351542,16675,GTSTT,0x19FE7FBF,,802003,0x8303,0x0115,100,25450,0000,0000,01,00,22,12,12,-,01,01,0.0,0.0,251,251,1076,1076,-24.992912,-24.992912,-51.576641,-51.576641,0000,0000,0000,00000000,0.0,788.5,788.5,0:11:00,79:03:59,-,-,0,-
2025-10-17 11:19:30,2025-10-17 11:01:41,2025-10-17 11:01:42,2025-10-17 11:01:42,867488068351542,16673,GTSTT,0x19FE7FBF,,802003,0x8303,0x0115,100,25443,0000,0000,01,00,21,12,12,-,01,01,0.0,0.0,251,251,1076,1076,-24.992912,-24.992912,-51.576641,-51.576641,0000,0000,0000,00000000,0.0,788.5,788.5,0:09:27,79:02:26,-,-,0,-
2025-10-17 11:19:30,2025-10-17 11:01:22,2025-10-17 11:01:21,2025-10-17 11:01:22,867488068351542,16672,GTERI,0x19FE3FBF,0x00028102,802003,0x8303,0x0115,100,25443,0000,-,01,00,22,12,12,-,01,01,0.0,0.0,251,251,1076,1076,-24.992912,-24.992912,-51.576641,-51.576641,0000,0000,0000,00000000,0.0,788.5,788.5,0:09:06,79:02:05,-,-,0,-,,,,,00,0,00000000,00,10,,
2025-10-17 11:19:29,2025-10-17 11:01:14,2025-10-17 11:01:14,2025-10-17 11:01:14,867488068351542,16671,GTSTT,0x19FE7FBF,,802003,0x8303,0x0115,100,25503,0000,0000,01,00,22,12,12,-,01,01,0.0,0.0,251,251,1076,1076,-24.992912,-24.992912,-51.576641,-51.576641,0000,0000,0000,00000000,0.0,788.5,788.5,0:09:00,79:01:59,-,-,0,-
2025-10-17 11:19:28,2025-10-17 10:58:22,2025-10-17 10:58:21,2025-10-17 10:58:22,867488068351542,16669,GTERI,0x19FE3FBF,0x00028102,802003,0x8303,0x0115,100,25224,0000,-,01,00,21,12,12,-,01,01,0.0,0.0,251,251,1076,1076,-24.992912,-24.992912,-51.576641,-51.576641,0000,0000,0000,00000000,0.0,788.5,788.5,0:06:06,78:59:05,-,-,0,-,,,,,00,0,00000000,00,10,,
2025-10-17 11:19:27,2025-10-17 10:56:38,2025-10-17 10:56:38,2025-10-17 10:56:38,867488068351542,16667,GTSTT,0x19FE7FBF,,802003,0x8303,0x0115,100,25237,0000,0000,01,00,21,12,12,-,01,01,0.0,0.0,251,251,1076,1076,-24.992912,-24.992912,-51.576641,-51.576641,0000,0000,0000,00000000,0.0,788.5,788.5,0:04:24,78:57:23,-,-,0,-
2025-10-17 11:19:26,,,,867488068351542,16666,ACK
2025-10-17 11:19:26,,,,867488068351542,16665,ACK
2025-10-17 11:19:26,,,,867488068351542,16664,ACK
2025-10-17 11:19:25,2025-10-17 10:56:10,2025-10-17 10:56:10,2025-10-17 10:56:10,867488068351542,16662,GTSTT,0x19FE7FBF,,802003,0x8303,0x0115,100,25232,0000,0000,01,00,22,12,12,-,01,01,0.0,0.0,251,251,1076,1076,-24.992912,-24.992912,-51.576641,-51.576641,0000,0000,0000,00000000,0.0,788.5,788.5,0:03:54,78:56:53,-,-,0,-
2025-10-17 11:19:24,2025-10-17 10:55:22,2025-10-17 10:55:21,2025-10-17 10:55:22,867488068351542,16661,GTERI,0x19FE3FBF,0x00028102,802003,0x8303,0x0115,100,25232,0000,-,01,00,21,12,12,-,01,01,0.0,0.0,251,251,1076,1076,-24.992912,-24.992912,-51.576641,-51.576641,0000,0000,0000,00000000,0.0,788.5,788.5,0:03:06,78:56:05,-,-,0,-,,,,,00,0,00000000,00,10,,
2025-10-17 11:19:24,2025-10-17 10:55:00,2025-10-17 10:55:00,2025-10-17 10:55:00,867488068351542,16660,GTSTT,0x19FE7FBF,,802003,0x8303,0x0115,100,25232,0000,0000,01,00,21,12,12,-,01,01,0.0,0.0,251,251,1076,1076,-24.992912,-24.992912,-51.576641,-51.576641,0000,0000,0000,00000000,0.0,788.5,788.5,0:02:45,78:55:44,-,-,0,-
2025-10-17 11:19:24,2025-10-17 10:54:39,2025-10-17 10:54:40,2025-10-17 10:54:40,867488068351542,16659,GTSTT,0x19FE7FBF,,802003,0x8303,0x0115,100,25210,0000,0000,01,00,22,12,12,-,01,01,0.0,0.0,251,251,1076,1076,-24.992912,-24.992912,-51.576641,-51.576641,0000,0000,0000,00000000,0.0,788.5,788.5,0:02:24,78:55:23,-,-,0,-
2025-10-17 11:19:23,2025-10-17 10:53:08,2025-10-17 10:53:08,2025-10-17 10:53:08,867488068351542,16657,GTSTT,0x19FE7FBF,,802003,0x8303,0x0115,100,25260,0000,0000,01,00,21,12,12,-,01,01,0.0,0.0,251,251,1076,1076,-24.992912,-24.992912,-51.576641,-51.576641,0000,0000,0000,00000000,0.0,788.5,788.5,0:00:54,78:53:53,-,-,0,-
2025-10-17 11:19:22,2025-10-17 10:52:23,2025-10-17 10:52:24,2025-10-17 10:52:24,867488068351542,16656,GTIGL,0x19FE7FBF,,802003,0x8303,0x0115,100,25497,0000,0000,01,00,22,12,12,-,01,01,0.1,0.1,251,251,1076,1076,-24.992912,-24.992912,-51.576641,-51.576641,0000,0000,0000,00000000,0.0,788.5,788.5,0:00:09,78:53:08,-,-,0,-,,,,,,,,,00
2025-10-17 11:19:22,2025-10-17 10:52:23,2025-10-17 10:52:24,2025-10-17 10:52:24,867488068351542,16655,GTERI,0x19FE3FBF,0x00028102,802003,0x8303,0x0115,100,25497,0000,-,01,00,22,12,12,-,01,01,0.1,0.1,251,251,1076,1076,-24.992912,-24.992912,-51.576641,-51.576641,0000,0000,0000,00000000,0.0,788.5,788.5,0:00:09,78:53:08,-,-,0,-,,,,,00,0,00000000,00,10,,
2025-10-17 11:19:22,2025-10-17 10:52:17,2025-10-17 10:44:20,2025-10-17 10:44:20,867488068351542,16654,GTSTT,0x19FE7FBF,,802003,0x8303,0x0115,100,25563,0000,0000,01,00,22,12,12,-,00,00,0.0,0.0,251,251,1051,1051,-24.992998,-24.992998,-51.576796,-51.576796,0000,0000,0000,00000000,0.0,788.5,788.5,0:00:03,78:53:02,-,-,0,-
2025-10-17 11:19:21,2025-10-17 10:52:14,2025-10-17 10:44:20,2025-10-17 10:44:20,867488068351542,16653,GTSTT,0x19FE7FBF,,802003,0x8303,0x0115,100,25973,0000,0000,01,00,21,12,12,-,00,00,0.0,0.0,251,251,1051,1051,-24.992998,-24.992998,-51.576796,-51.576796,0000,0000,0000,00000000,0.0,788.5,788.5,0:00:00,78:52:59,-,-,0,-
2025-10-17 11:19:21,2025-10-17 10:52:14,2025-10-17 10:44:20,2025-10-17 10:44:20,867488068351542,16652,GTIGN,0x19FE7FBF,,802003,0x8303,0x0115,100,25973,0000,0000,01,00,21,12,12,4220,00,01,0.0,0.0,251,251,1051,1051,-24.992998,-24.992998,-51.576796,-51.576796,0000,0000,0000,00000000,0.0,788.5,788.5,0:00:00,78:52:59,-,-,0,-
2025-10-17 11:19:20,2025-10-17 10:46:45,2025-10-17 10:44:20,2025-10-17 10:44:20,867488068351542,16650,GTERI,0x19FE3FBF,0x00028102,802003,0x8303,0x0115,100,25929,0000,-,00,00,11,12,12,-,01,01,0.0,0.0,251,251,1051,1051,-24.992998,-24.992998,-51.576796,-51.576796,0000,0000,0000,00000000,3.3,788.5,788.5,0:10:33,78:52:59,-,-,0,-,,,,,00,0,00000000,00,10,,
2025-10-17 11:19:20,2025-10-17 10:45:28,2025-10-17 10:44:20,2025-10-17 10:44:20,867488068351542,16649,GTPDP,0x19FE7FBF,,802003,0x8303,0x0115,100,25873,0000,0000,00,00,11,12,12,-,00,00,0.0,0.0,251,251,1051,1051,-24.992998,-24.992998,-51.576796,-51.576796,0000,0000,0000,00000000,3.3,788.5,788.5,0:10:33,78:52:59,-,-,0,-
2025-10-17 10:45:04,2025-10-17 10:40:42,2025-10-17 10:40:43,2025-10-17 10:40:43,867488068351542,16648,GTDOG,0x19FE7FBF,,802003,0x8303,0x0115,100,25890,0000,0000,00,00,11,12,12,-,01,01,0.0,0.0,251,251,1051,1051,-24.992998,-24.992998,-51.576796,-51.576796,0000,0000,0000,00000000,3.3,788.5,788.5,0:10:33,78:52:59,-,-,0,-,,,,,,,,,07
2025-10-17 10:45:04,2025-10-17 09:46:54,2025-10-17 09:46:55,2025-10-17 09:46:55,867488068351542,16647,GTERI,0x19FE3FBF,0x00028102,802003,0x8303,0x0115,100,27009,0000,-,00,00,11,12,12,-,01,01,0.0,0.0,251,251,1051,1051,-24.992998,-24.992998,-51.576796,-51.576796,0000,0000,0000,00000000,3.3,788.5,788.5,0:10:33,78:52:59,-,-,0,-,,,,,00,0,00000000,00,10,,
2025-10-17 10:45:04,,,,867488068351542,16646,HBD
2025-10-17 10:45:03,2025-10-17 09:46:29,2025-10-17 09:46:28,2025-10-17 09:46:28,867488068351542,16645,GTERI,0x19FE3FBF,0x00028102,802003,0x8303,0x0115,100,27061,0000,-,00,00,11,12,12,-,01,01,0.0,0.0,251,251,1051,1051,-24.992998,-24.992998,-51.576796,-51.576796,0000,0000,0000,00000000,3.3,788.5,788.5,0:10:33,78:52:59,-,-,0,-,,,,,00,0,00000000,00,10,,
2025-10-17 10:45:03,,,,867488068351542,16644,HBD
2025-10-17 10:45:02,2025-10-17 09:43:29,2025-10-17 09:43:28,2025-10-17 09:43:28,867488068351542,16643,GTERI,0x19FE3FBF,0x00028102,802003,0x8303,0x0115,100,27401,0000,-,00,00,11,12,12,-,01,01,0.0,0.0,251,251,1051,1051,-24.992998,-24.992998,-51.576796,-51.576796,0000,0000,0000,00000000,3.3,788.5,788.5,0:10:33,78:52:59,-,-,0,-,,,,,00,0,00000000,00,10,,
2025-10-17 10:45:01,,,,867488068351542,16642,HBD
2025-10-17 10:45:01,2025-10-17 09:42:14,2025-10-17 09:42:15,2025-10-17 09:42:15,867488068351542,16641,GTSTT,0x19FE7FBF,,802003,0x8303,0x0115,100,27683,0000,0000,00,00,11,12,12,-,01,01,0.0,0.0,251,251,1051,1051,-24.992998,-24.992998,-51.576796,-51.576796,0000,0000,0000,00000000,3.3,788.5,788.5,0:10:33,78:52:59,-,-,0,-
2025-10-17 10:45:00,,,,867488068351542,16640,ACK
2025-10-17 10:45:00,,,,867488068351542,16639,ACK
2025-10-17 10:44:59,2025-10-17 09:41:54,2025-10-17 09:41:55,2025-10-17 09:41:55,867488068351542,16638,GTIGL,0x19FE7FBF,,802003,0x8303,0x0115,100,30634,0000,0000,00,00,12,12,12,-,01,01,0.0,0.0,251,251,1051,1051,-24.992998,-24.992998,-51.576796,-51.576796,0000,0000,0000,00000000,3.3,788.5,788.5,0:10:33,78:52:59,-,-,0,-,,,,,,,,,01
2025-10-17 10:44:59,2025-10-17 09:41:54,2025-10-17 09:41:54,2025-10-17 09:41:54,867488068351542,16637,GTSTT,0x19FE7FBF,,802003,0x8303,0x0115,100,30634,0000,0000,00,00,12,12,12,-,01,01,0.0,0.0,251,251,1051,1051,-24.992998,-24.992998,-51.576796,-51.576796,0000,0000,0000,00000000,3.3,788.5,788.5,0:10:33,78:52:59,-,-,0,-
2025-10-17 10:44:58,2025-10-17 09:41:54,2025-10-17 09:41:54,2025-10-17 09:41:54,867488068351542,16636,GTIGF,0x19FE7FBF,,802003,0x8303,0x0115,100,30634,0000,0000,00,00,12,12,12,633,01,01,0.0,0.0,251,251,1051,1051,-24.992998,-24.992998,-51.576796,-51.576796,0000,0000,0000,00000000,3.3,788.5,788.5,0:10:33,78:52:59,-,-,0,-
2025-10-17 10:44:58,2025-10-17 09:41:53,2025-10-17 09:41:54,2025-10-17 09:40:40,867488068351542,16635,GTPDP,0x19FE7FBF,,802003,0x8303,0x0115,100,30634,0000,0000,00,00,22,12,12,-,01,01,0.0,34.7,251,275,1051,1052,-24.992998,-24.99505,-51.576796,-51.574539,0000,0000,0000,00000000,3.3,788.5,788.2,0:10:30,78:52:56,-,-,0,-
2025-10-17 09:41:24,,,,867488068351542,16634,HBD
2025-10-17 09:41:23,2025-10-17 09:40:29,2025-10-17 09:40:28,2025-10-17 09:38:18,867488068351542,16633,GTERI,0x19FE3FBF,0x00028102,802003,0x8303,0x0115,100,30515,0000,-,01,00,22,12,12,-,01,01,26.3,42.4,251,269,1054,1016,-24.994911,-24.992058,-51.573531,-51.564833,0000,0000,0000,00000000,2.8,788.1,787.1,0:09:06,78:51:32,-,-,0,-,,,,,00,0,00000000,00,10,,
2025-10-17 09:41:23,,,,867488068351542,16632,HBD
2025-10-17 09:41:22,2025-10-17 09:37:29,2025-10-17 09:37:28,2025-10-17 09:34:36,867488068351542,16631,GTERI,0x19FE3FBF,0x00028102,802003,0x8303,0x0115,100,30666,0000,-,01,00,22,12,12,-,01,01,18.3,33.2,256,334,1025,963,-24.992017,-24.993271,-51.561246,-51.553863,0000,0000,0000,00000000,1.5,786.7,785.9,0:06:06,78:48:32,-,-,0,-,,,,,00,0,00000000,00,10,,
2025-10-17 09:41:22,,,,867488068351542,16630,HBD
2025-10-17 09:41:21,,,,867488068351542,16629,ACK
2025-10-17 09:41:21,,,,867488068351542,16628,ACK
2025-10-17 09:41:20,,,,867488068351542,16627,ACK
2025-10-17 09:41:20,,,,867488068351542,16626,HBD
2025-10-17 09:41:19,2025-10-17 09:34:29,2025-10-17 09:34:28,2025-10-17 09:34:29,867488068351542,16625,GTERI,0x19FE3FBF,0x00028102,802003,0x8303,0x0115,100,30613,0000,-,01,00,22,12,12,-,01,01,25.2,27.7,338,339,973,972,-24.993826,-24.993763,-51.553596,-51.553622,0000,0000,0000,00000000,0.6,785.9,785.9,0:03:06,78:45:32,-,-,0,-,,,,,00,0,00000000,00,10,,
2025-10-17 09:41:19,2025-10-17 09:34:26,2025-10-17 09:34:26,2025-10-17 09:34:22,867488068351542,16624,GTPDP,0x19FE7FBF,,802003,0x8303,0x0115,100,30613,0000,0000,01,00,22,12,12,-,01,01,26.2,30.1,345,351,976,978,-24.993946,-24.994194,-51.553552,-51.553489,0000,0000,0000,00000000,0.6,785.8,785.8,0:03:03,78:45:29,-,-,0,-
2025-10-17 09:41:18,2025-10-17 09:31:33,2025-10-17 09:31:34,2025-10-17 09:31:34,867488068351542,16622,GTIGL,0x19FE7FBF,,802003,0x8303,0x0115,100,30672,0000,0000,01,00,22,12,12,-,01,01,0.0,0.0,35,35,973,973,-24.997911,-24.997911,-51.555488,-51.555488,0000,0000,0000,00000000,0.0,785.3,785.3,0:00:12,78:42:38,-,-,0,-,,,,,,,,,00
2025-10-17 09:41:17,2025-10-17 09:31:33,2025-10-17 09:31:34,2025-10-17 09:31:34,867488068351542,16621,GTERI,0x19FE3FBF,0x00028102,802003,0x8303,0x0115,100,30672,0000,-,01,00,22,12,12,-,01,01,0.0,0.0,35,35,973,973,-24.997911,-24.997911,-51.555488,-51.555488,0000,0000,0000,00000000,0.0,785.3,785.3,0:00:12,78:42:38,-,-,0,-,,,,,00,0,00000000,00,10,,
2025-10-17 09:41:17,2025-10-17 09:31:26,2025-10-17 09:03:29,2025-10-17 09:03:29,867488068351542,16620,GTPDP,0x19FE7FBF,,802003,0x8303,0x0115,100,30415,0000,0000,01,00,22,12,12,-,00,00,0.0,0.0,35,35,981,981,-24.997756,-24.997756,-51.55546,-51.55546,0000,0000,0000,00000000,0.0,785.3,785.3,0:00:03,78:42:29,-,-,0,-
2025-10-17 09:41:16,2025-10-17 09:31:21,2025-10-17 09:03:29,2025-10-17 09:03:29,867488068351542,16619,GTSTT,0x19FE7FBF,,802003,0x8303,0x0115,100,26157,0000,0000,01,00,22,12,12,-,00,00,0.0,0.0,35,35,981,981,-24.997756,-24.997756,-51.55546,-51.55546,0000,0000,0000,00000000,0.0,785.3,785.3,0:00:00,78:42:26,-,-,0,-
2025-10-17 09:41:16,2025-10-17 09:31:21,2025-10-17 09:03:29,2025-10-17 08:57:48,867488068351542,16618,GTIGN,0x19FE7FBF,,802003,0x8303,0x0115,100,26157,0000,0000,01,00,22,12,12,1973,00,01,0.0,4.7,35,22,981,981,-24.997756,-24.997763,-51.55546,-51.555432,0000,0000,0000,00000000,0.0,785.3,785.3,0:00:00,78:42:26,-,-,0,-
2025-10-17 09:41:15,2025-10-17 09:06:36,2025-10-17 09:03:29,2025-10-17 09:03:29,867488068351542,16616,GTPDP,0x19FE7FBF,,802003,0x8303,0x0115,100,26836,0000,0000,00,00,11,12,12,-,00,00,0.0,0.0,35,35,981,981,-24.997756,-24.997756,-51.55546,-51.55546,0000,0000,0000,00000000,0.0,785.3,785.3,0:12:45,78:42:26,-,-,0,-
2025-10-17 09:41:14,2025-10-17 09:03:33,2025-10-17 09:03:29,2025-10-17 09:03:29,867488068351542,16615,GTPDP,0x19FE7FBF,,802003,0x8303,0x0115,100,27059,0000,0000,00,00,11,12,12,-,00,00,0.0,0.0,35,35,981,981,-24.997756,-24.997756,-51.55546,-51.55546,0000,0000,0000,00000000,0.0,785.3,785.3,0:12:45,78:42:26,-,-,0,-
2025-10-17 09:41:14,2025-10-17 09:03:28,2025-10-17 09:03:29,2025-10-17 09:03:29,867488068351542,16614,GTERI,0x19FE3FBF,0x00028102,802003,0x8303,0x0115,100,27059,0000,-,00,00,11,12,12,-,01,01,0.0,0.0,35,35,981,981,-24.997756,-24.997756,-51.55546,-51.55546,0000,0000,0000,00000000,0.0,785.3,785.3,0:12:45,78:42:26,-,-,0,-,,,,,00,0,00000000,00,10,,
2025-10-17 09:41:13,2025-10-17 09:02:31,2025-10-17 09:02:32,2025-10-17 09:02:32,867488068351542,16613,GTDOG,0x19FE7FBF,,802003,0x8303,0x0115,100,27167,0000,0000,00,00,11,12,12,-,01,01,0.0,0.0,35,35,981,981,-24.997756,-24.997756,-51.55546,-51.55546,0000,0000,0000,00000000,0.0,785.3,785.3,0:12:45,78:42:26,-,-,0,-,,,,,,,,,07
2025-10-17 09:41:12,2025-10-17 09:00:47,2025-10-17 09:00:46,2025-10-17 09:00:46,867488068351542,16611,GTERI,0x19FE3FBF,0x00028102,802003,0x8303,0x0115,100,27383,0000,-,00,00,11,12,12,-,01,01,0.0,0.0,35,35,981,981,-24.997756,-24.997756,-51.55546,-51.55546,0000,0000,0000,00000000,0.0,785.3,785.3,0:12:45,78:42:26,-,-,0,-,,,,,00,0,00000000,00,10,,
2025-10-17 09:41:11,2025-10-17 08:58:54,2025-10-17 08:58:54,2025-10-17 08:58:54,867488068351542,16609,GTSTT,0x19FE7FBF,,802003,0x8303,0x0115,100,27733,0000,0000,00,00,11,12,12,-,01,01,0.0,0.0,35,35,981,981,-24.997756,-24.997756,-51.55546,-51.55546,0000,0000,0000,00000000,0.0,785.3,785.3,0:12:45,78:42:26,-,-,0,-
2025-10-17 09:41:11,2025-10-17 08:58:28,2025-10-17 08:58:29,2025-10-17 08:58:29,867488068351542,16608,GTIGL,0x19FE7FBF,,802003,0x8303,0x0115,100,30558,0000,0000,00,00,12,12,12,-,01,01,0.0,0.0,35,35,981,981,-24.997756,-24.997756,-51.55546,-51.55546,0000,0000,0000,00000000,0.0,785.3,785.3,0:12:45,78:42:26,-,-,0,-,,,,,,,,,01
2025-10-17 09:41:10,,,,867488068351542,16607,ACK
2025-10-17 09:41:10,,,,867488068351542,16606,ACK
2025-10-17 09:41:09,2025-10-17 08:58:28,2025-10-17 08:58:28,2025-10-17 08:58:28,867488068351542,16605,GTSTT,0x19FE7FBF,,802003,0x8303,0x0115,100,30558,0000,0000,00,00,12,12,12,-,01,01,0.0,0.0,35,35,981,981,-24.997756,-24.997756,-51.55546,-51.55546,0000,0000,0000,00000000,0.0,785.3,785.3,0:12:45,78:42:26,-,-,0,-
2025-10-17 09:41:09,2025-10-17 08:58:28,2025-10-17 08:58:28,2025-10-17 08:58:28,867488068351542,16604,GTIGF,0x19FE7FBF,,802003,0x8303,0x0115,100,30558,0000,0000,00,00,12,12,12,767,01,01,0.0,0.0,35,35,981,981,-24.997756,-24.997756,-51.55546,-51.55546,0000,0000,0000,00000000,0.0,785.3,785.3,0:12:45,78:42:26,-,-,0,-
2025-10-17 09:41:08,2025-10-17 08:57:47,2025-10-17 08:57:46,2025-10-17 08:57:46,867488068351542,16603,GTERI,0x19FE3FBF,0x00028102,802003,0x8303,0x0115,100,30629,0000,-,01,00,22,12,12,-,01,01,5.4,5.4,35,35,981,981,-24.99778,-24.99778,-51.555434,-51.555434,0000,0000,0000,00000000,0.0,785.3,785.3,0:12:06,78:41:47,-,-,0,-,,,,,00,0,00000000,00,10,,
2025-10-17 09:41:07,2025-10-17 08:56:30,2025-10-17 08:56:30,2025-10-17 08:56:30,867488068351542,16601,GTSTT,0x19FE7FBF,,802003,0x8303,0x0115,100,30617,0000,0000,01,00,22,12,12,-,01,01,0.0,0.0,232,232,979,979,-24.997784,-24.997784,-51.555468,-51.555468,0000,0000,0000,00000000,0.0,785.3,785.3,0:10:48,78:40:29,-,-,0,-
2025-10-17 09:41:07,2025-10-17 08:56:22,2025-10-17 08:56:22,2025-10-17 08:56:22,867488068351542,16600,GTSTT,0x19FE7FBF,,802003,0x8303,0x0115,100,30566,0000,0000,01,00,21,12,12,-,01,01,0.0,0.0,232,232,979,979,-24.997784,-24.997784,-51.555468,-51.555468,0000,0000,0000,00000000,0.0,785.3,785.3,0:10:39,78:40:20,-,-,0,-
2025-10-17 09:41:07,2025-10-17 08:55:45,2025-10-17 08:55:45,2025-10-17 08:55:45,867488068351542,16599,GTSTT,0x19FE7FBF,,802003,0x8303,0x0115,100,30571,0000,0000,01,00,22,12,12,-,01,01,0.0,0.0,232,232,979,979,-24.997784,-24.997784,-51.555468,-51.555468,0000,0000,0000,00000000,0.0,785.3,785.3,0:10:03,78:39:44,-,-,0,-
2025-10-17 09:41:05,2025-10-17 08:55:18,2025-10-17 08:55:18,2025-10-17 08:55:18,867488068351542,16597,GTSTT,0x19FE7FBF,,802003,0x8303,0x0115,100,30549,0000,0000,01,00,21,12,12,-,01,01,0.0,0.0,232,232,979,979,-24.997784,-24.997784,-51.555468,-51.555468,0000,0000,0000,00000000,0.0,785.3,785.3,0:09:36,78:39:17,-,-,0,-
2025-10-17 09:41:05,2025-10-17 08:54:47,2025-10-17 08:54:46,2025-10-17 08:52:03,867488068351542,16596,GTERI,0x19FE3FBF,0x00028102,802003,0x8303,0x0115,100,30601,0000,-,01,00,22,12,12,-,01,01,0.0,4.9,232,28,979,977,-24.997784,-24.997822,-51.555468,-51.555496,0000,0000,0000,00000000,0.0,785.3,785.3,0:09:06,78:38:47,-,-,0,-,,,,,00,0,00000000,00,10,,
2025-10-17 09:41:04,2025-10-17 08:51:47,2025-10-17 08:51:46,2025-10-17 08:51:47,867488068351542,16594,GTERI,0x19FE3FBF,0x00028102,802003,0x8303,0x0115,100,30575,0000,-,01,00,22,12,12,-,01,01,0.0,0.0,232,232,977,977,-24.99787,-24.99787,-51.555516,-51.555516,0000,0000,0000,00000000,0.0,785.3,785.3,0:06:06,78:35:47,-,-,0,-,,,,,00,0,00000000,00,10,,
2025-10-17 09:41:03,,,,867488068351542,16592,ACK
2025-10-17 09:41:02,,,,867488068351542,16591,ACK
2025-10-17 09:41:02,,,,867488068351542,16590,ACK
2025-10-17 09:41:01,2025-10-17 08:48:47,2025-10-17 08:48:46,2025-10-17 08:48:47,867488068351542,16588,GTERI,0x19FE3FBF,0x00028102,802003,0x8303,0x0115,100,30648,0000,-,01,00,22,12,12,-,01,01,0.0,0.0,232,232,977,977,-24.99787,-24.99787,-51.555516,-51.555516,0000,0000,0000,00000000,0.0,785.3,785.3,0:03:06,78:32:47,-,-,0,-,,,,,00,0,00000000,00,10,,
2025-10-17 09:41:00,2025-10-17 08:48:41,2025-10-17 08:48:41,2025-10-17 08:46:04,867488068351542,16587,GTPDP,0x19FE7FBF,,802003,0x8303,0x0115,100,30648,0000,0000,01,00,22,12,12,-,01,01,0.0,6.0,232,31,977,974,-24.99787,-24.997941,-51.555516,-51.555545,0000,0000,0000,00000000,0.0,785.3,785.3,0:03:00,78:32:41,-,-,0,-
2025-10-17 09:40:59,2025-10-17 08:45:53,2025-10-17 08:45:54,2025-10-17 08:45:54,867488068351542,16585,GTIGL,0x19FE7FBF,,802003,0x8303,0x0115,100,30700,0000,0000,01,00,22,12,12,-,01,01,0.0,0.0,232,232,971,971,-24.997974,-24.997974,-51.555561,-51.555561,0000,0000,0000,00000000,0.0,785.3,785.3,0:00:12,78:29:53,-,-,0,-,,,,,,,,,00
2025-10-17 09:40:59,2025-10-17 08:45:53,2025-10-17 08:45:54,2025-10-17 08:45:54,867488068351542,16584,GTERI,0x19FE3FBF,0x00028102,802003,0x8303,0x0115,100,30700,0000,-,01,00,22,12,12,-,01,01,0.0,0.0,232,232,971,971,-24.997974,-24.997974,-51.555561,-51.555561,0000,0000,0000,00000000,0.0,785.3,785.3,0:00:12,78:29:53,-,-,0,-,,,,,00,0,00000000,00,10,,
2025-10-17 09:40:58,2025-10-17 08:45:43,2025-10-17 08:25:37,2025-10-17 08:25:37,867488068351542,16583,GTPDP,0x19FE7FBF,,802003,0x8303,0x0115,100,25926,0000,0000,01,00,22,12,12,-,00,00,0.0,0.0,232,232,979,979,-24.997981,-24.997981,-51.555601,-51.555601,0000,0000,0000,00000000,0.0,785.3,785.3,0:00:00,78:29:41,-,-,0,-
2025-10-17 09:40:58,2025-10-17 08:45:41,2025-10-17 08:25:37,2025-10-17 08:25:37,867488068351542,16582,GTSTT,0x19FE7FBF,,802003,0x8303,0x0115,100,26222,0000,0000,01,00,22,12,12,-,00,00,0.0,0.0,232,232,979,979,-24.997981,-24.997981,-51.555601,-51.555601,0000,0000,0000,00000000,0.0,785.3,785.3,0:00:00,78:29:41,-,-,0,-
2025-10-17 09:40:57,2025-10-17 08:45:41,2025-10-17 08:25:37,2025-10-17 08:20:29,867488068351542,16581,GTIGN,0x19FE7FBF,,802003,0x8303,0x0115,100,26222,0000,0000,01,00,22,12,12,1506,00,01,0.0,7.1,232,12,979,978,-24.997981,-24.998024,-51.555601,-51.555612,0000,0000,0000,00000000,0.0,785.3,785.3,0:00:00,78:29:41,-,-,0,-
2025-10-17 09:40:56,2025-10-17 08:25:36,2025-10-17 08:25:37,2025-10-17 08:25:37,867488068351542,16579,GTERI,0x19FE3FBF,0x00028102,802003,0x8303,0x0115,100,27080,0000,-,00,00,11,12,12,-,01,01,0.0,0.0,232,232,979,979,-24.997981,-24.997981,-51.555601,-51.555601,0000,0000,0000,00000000,4.4,785.3,785.3,0:22:12,78:29:41,-,-,0,-,,,,,00,0,00000000,00,10,,
2025-10-17 09:40:56,2025-10-17 08:24:07,2025-10-17 08:24:06,2025-10-17 08:24:06,867488068351542,16578,GTERI,0x19FE3FBF,0x00028102,802003,0x8303,0x0115,100,27245,0000,-,00,00,11,12,12,-,01,01,0.0,0.0,232,232,979,979,-24.997981,-24.997981,-51.555601,-51.555601,0000,0000,0000,00000000,4.4,785.3,785.3,0:22:12,78:29:41,-,-,0,-,,,,,00,0,00000000,00,10,,
2025-10-17 09:40:55,2025-10-17 08:21:07,2025-10-17 08:21:06,2025-10-17 08:21:06,867488068351542,16577,GTERI,0x19FE3FBF,0x00028102,802003,0x8303,0x0115,100,27783,0000,-,00,00,11,12,12,-,01,01,0.0,0.0,232,232,979,979,-24.997981,-24.997981,-51.555601,-51.555601,0000,0000,0000,00000000,4.4,785.3,785.3,0:22:12,78:29:41,-,-,0,-,,,,,00,0,00000000,00,10,,
2025-10-17 09:40:55,2025-10-17 08:21:01,2025-10-17 08:21:01,2025-10-17 08:21:01,867488068351542,16576,GTSTT,0x19FE7FBF,,802003,0x8303,0x0115,100,27835,0000,0000,00,00,11,12,12,-,01,01,0.0,0.0,232,232,979,979,-24.997981,-24.997981,-51.555601,-51.555601,0000,0000,0000,00000000,4.4,785.3,785.3,0:22:12,78:29:41,-,-,0,-
2025-10-17 09:40:54,,,,867488068351542,16574,ACK
2025-10-17 09:40:53,,,,867488068351542,16573,ACK
2025-10-17 09:40:53,2025-10-17 08:20:35,2025-10-17 08:20:36,2025-10-17 08:20:36,867488068351542,16572,GTIGL,0x19FE7FBF,,802003,0x8303,0x0115,100,30636,0000,0000,00,00,12,12,12,-,01,01,0.3,0.3,232,232,979,979,-24.997981,-24.997981,-51.555601,-51.555601,0000,0000,0000,00000000,4.4,785.3,785.3,0:22:12,78:29:41,-,-,0,-,,,,,,,,,01
2025-10-17 09:40:52,2025-10-17 08:20:35,2025-10-17 08:20:35,2025-10-17 08:20:35,867488068351542,16571,GTSTT,0x19FE7FBF,,802003,0x8303,0x0115,100,30636,0000,0000,00,00,12,12,12,-,01,01,0.2,0.2,232,232,979,979,-24.997981,-24.997981,-51.555601,-51.555601,0000,0000,0000,00000000,4.4,785.3,785.3,0:22:12,78:29:41,-,-,0,-
2025-10-17 09:40:52,2025-10-17 08:20:35,2025-10-17 08:20:35,2025-10-17 08:20:35,867488068351542,16570,GTIGF,0x19FE7FBF,,802003,0x8303,0x0115,100,30636,0000,0000,00,00,12,12,12,1333,01,01,0.2,0.2,232,232,979,979,-24.997981,-24.997981,-51.555601,-51.555601,0000,0000,0000,00000000,4.4,785.3,785.3,0:22:12,78:29:41,-,-,0,-
2025-10-17 09:40:51,2025-10-17 08:18:07,2025-10-17 08:18:06,2025-10-17 08:18:07,867488068351542,16568,GTERI,0x19FE3FBF,0x00028102,802003,0x8303,0x0115,100,30642,0000,-,01,00,22,12,12,-,01,01,0.0,0.0,232,232,975,975,-24.998168,-24.998168,-51.555653,-51.555653,0000,0000,0000,00000000,4.4,785.3,785.3,0:19:42,78:27:11,-,-,0,-,,,,,00,0,00000000,00,10,,
2025-10-17 09:40:50,2025-10-17 08:15:07,2025-10-17 08:15:06,2025-10-17 08:15:07,867488068351542,16566,GTERI,0x19FE3FBF,0x00028102,802003,0x8303,0x0115,100,30612,0000,-,01,00,22,12,12,-,01,01,0.0,0.0,232,232,975,975,-24.998168,-24.998168,-51.555653,-51.555653,0000,0000,0000,00000000,4.4,785.3,785.3,0:16:42,78:24:11,-,-,0,-,,,,,00,0,00000000,00,10,,
2025-10-17 09:40:48,2025-10-17 08:12:07,2025-10-17 08:12:06,2025-10-17 08:09:26,867488068351542,16563,GTERI,0x19FE3FBF,0x00028102,802003,0x8303,0x0115,100,30609,0000,-,01,00,22,12,12,-,01,01,0.0,19.1,232,220,975,985,-24.998168,-24.996097,-51.555653,-51.554356,0000,0000,0000,00000000,4.4,785.3,785.0,0:13:42,78:21:11,-,-,0,-,,,,,00,0,00000000,00,10,,
2025-10-17 09:40:47,2025-10-17 08:09:07,2025-10-17 08:09:06,2025-10-17 08:06:20,867488068351542,16561,GTERI,0x19FE3FBF,0x00028102,802003,0x8303,0x0115,100,30640,0000,-,01,00,22,12,12,-,01,01,10.0,33.2,232,201,988,984,-24.995584,-24.993537,-51.553724,-51.550154,0000,0000,0000,00000000,4.0,784.9,784.4,0:10:42,78:18:11,-,-,0,-,,,,,00,0,00000000,00,10,,
2025-10-17 09:40:46,2025-10-17 08:06:07,2025-10-17 08:06:06,2025-10-17 08:03:44,867488068351542,16558,GTERI,0x19FE3FBF,0x00028102,802003,0x8303,0x0115,100,30590,0000,-,01,00,22,12,12,-,01,01,19.5,78.3,199,356,996,1026,-24.992647,-24.999871,-51.549797,-51.544085,0000,0000,0000,00000000,3.4,784.3,783.0,0:07:42,78:15:11,-,-,0,-,,,,,00,0,00000000,00,10,,
2025-10-17 09:40:45,2025-10-17 08:03:30,2025-10-17 08:03:30,2025-10-17 08:03:30,867488068351542,16556,GTPDP,0x19FE7FBF,,802003,0x8303,0x0115,100,30598,0000,0000,01,00,22,12,12,-,01,01,70.0,70.0,4,4,1038,1038,-25.002479,-25.002479,-51.544183,-51.544183,0000,0000,0000,00000000,1.8,782.7,782.7,0:05:06,78:12:35,-,-,0,-
2025-10-17 09:40:45,2025-10-17 08:03:07,2025-10-17 08:03:06,2025-10-17 08:03:07,867488068351542,16555,GTERI,0x19FE3FBF,0x00028102,802003,0x8303,0x0115,100,30598,0000,-,01,00,22,12,12,-,01,01,61.0,61.7,10,10,1054,1054,-25.006362,-25.00621,-51.544639,-51.544608,0724,0004,85DA,0F6AD117,1.4,782.3,782.3,0:04:42,78:12:11,-,-,0,-,,,,,04,1,00000000,00,10,,
2025-10-17 08:02:45,,,,867488068351542,16554,HBD
2025-10-17 08:02:29,,,,867488068351542,16553,ACK
2025-10-17 08:02:28,,,,867488068351542,16552,ACK
2025-10-17 08:02:28,,,,867488068351542,16551,ACK
2025-10-17 08:02:28,,,,867488068351542,16550,HBD
2025-10-17 08:00:44,,,,867488068351542,16549,HBD
2025-10-17 08:00:08,2025-10-17 08:00:07,2025-10-17 08:00:06,2025-10-17 07:59:53,867488068351542,16548,GTERI,0x19FE3FBF,0x00028102,802003,0x8303,0x0115,100,30638,0000,-,01,00,22,12,12,-,01,01,11.4,12.1,359,3,1068,1069,-25.016272,-25.016629,-51.54634,-51.54635,0724,0004,85DA,0F6AD10B,0.2,781.0,781.0,0:01:42,78:09:11,-,-,0,-,,,,,04,3,00000000,00,10,,
2025-10-17 07:58:25,2025-10-17 07:58:23,2025-10-17 07:58:24,2025-10-17 07:58:24,867488068351542,16547,GTIGL,0x19FE7FBF,,802003,0x8303,0x0115,100,27247,0000,0000,01,00,22,12,12,-,01,01,0.0,0.0,24,24,1075,1075,-25.017756,-25.017756,-51.546471,-51.546471,0724,0004,85DA,0F6AD117,0.0,780.9,780.9,0:00:00,78:07:29,-,-,0,-,,,,,,,,,00
2025-10-17 07:58:24,2025-10-17 07:58:22,2025-10-17 07:58:23,2025-10-17 07:58:23,867488068351542,16546,GTSTT,0x19FE7FBF,,802003,0x8303,0x0115,100,27247,0000,0000,01,00,22,12,12,-,01,01,0.0,0.0,24,24,1075,1075,-25.017756,-25.017756,-51.546471,-51.546471,0724,0004,85DA,0F6AD117,0.0,780.9,780.9,0:00:00,78:07:29,-,-,0,-
2025-10-17 07:58:24,2025-10-17 07:58:22,2025-10-17 07:58:23,2025-10-17 07:58:23,867488068351542,16545,GTIGN,0x19FE7FBF,,802003,0x8303,0x0115,100,27247,0000,0000,01,00,22,12,12,163,01,01,0.0,0.0,24,24,1075,1075,-25.017756,-25.017756,-51.546471,-51.546471,0724,0004,85DA,0F6AD117,0.0,780.9,780.9,0:00:00,78:07:29,-,-,0,-
2025-10-17 07:58:23,,,,867488068351542,16544,HBD
2025-10-17 07:58:23,,,,867488068351542,16543,HBD
2025-10-17 07:57:08,2025-10-17 07:57:07,2025-10-17 07:57:06,2025-10-17 07:57:06,867488068351542,16542,GTERI,0x19FE3FBF,0x00028102,802003,0x8303,0x0115,100,27527,0000,-,00,00,11,12,12,-,01,01,0.0,0.0,24,24,1075,1075,-25.017756,-25.017756,-51.546471,-51.546471,0724,0004,85DA,0F6AD10B,5.0,780.9,780.9,0:25:36,78:07:29,-,-,0,-,,,,,04,3,00000000,00,10,,
2025-10-17 07:56:03,2025-10-17 07:56:02,2025-10-17 07:56:03,2025-10-17 07:56:03,867488068351542,16541,GTSTT,0x19FE7FBF,,802003,0x8303,0x0115,100,27919,0000,0000,00,00,11,12,12,-,01,01,0.0,0.0,24,24,1075,1075,-25.017756,-25.017756,-51.546471,-51.546471,0724,0004,85DA,0F6AD10B,5.0,780.9,780.9,0:25:36,78:07:29,-,-,0,-
2025-10-17 07:56:03,,,,867488068351542,16540,HBD
2025-10-17 07:55:42,,,,867488068351542,16539,ACK
2025-10-17 07:55:41,,,,867488068351542,16538,ACK
2025-10-17 07:55:41,2025-10-17 07:55:40,2025-10-17 07:55:41,2025-10-17 07:55:41,867488068351542,16537,GTIGL,0x19FE7FBF,,802003,0x8303,0x0115,100,30538,0000,0000,00,00,12,12,12,-,01,01,0.0,0.0,24,24,1075,1075,-25.017756,-25.017756,-51.546471,-51.546471,0724,0004,85DA,0F6AD10B,5.0,780.9,780.9,0:25:36,78:07:29,-,-,0,-,,,,,,,,,01
2025-10-17 07:55:40,2025-10-17 07:55:39,2025-10-17 07:55:39,2025-10-17 07:55:39,867488068351542,16536,GTSTT,0x19FE7FBF,,802003,0x8303,0x0115,100,30538,0000,0000,00,00,12,12,12,-,01,01,0.0,0.0,24,24,1075,1075,-25.017756,-25.017756,-51.546471,-51.546471,0724,0004,85DA,0F6AD10B,5.0,780.9,780.9,0:25:36,78:07:29,-,-,0,-
2025-10-17 07:55:40,2025-10-17 07:55:39,2025-10-17 07:55:39,2025-10-17 07:55:39,867488068351542,16535,GTIGF,0x19FE7FBF,,802003,0x8303,0x0115,100,30538,0000,0000,00,00,12,12,12,1538,01,01,0.0,0.0,24,24,1075,1075,-25.017756,-25.017756,-51.546471,-51.546471,0724,0004,85DA,0F6AD10B,5.0,780.9,780.9,0:25:36,78:07:29,-,-,0,-
2025-10-17 07:54:08,2025-10-17 07:54:07,2025-10-17 07:54:06,2025-10-17 07:52:23,867488068351542,16534,GTERI,0x19FE3FBF,0x00028102,802003,0x8303,0x0115,100,30618,0000,-,01,00,22,12,12,-,01,01,0.0,1.1,24,28,1075,1075,-25.017756,-25.017753,-51.546471,-51.546471,0724,0004,85DA,0F6AD10B,5.0,780.9,780.9,0:24:03,78:05:56,-,-,0,-,,,,,04,3,00000000,00,10,,
2025-10-17 07:54:08,,,,867488068351542,16533,HBD
2025-10-17 07:52:42,,,,867488068351542,16532,HBD
2025-10-17 07:51:08,2025-10-17 07:51:07,2025-10-17 07:51:05,2025-10-17 07:48:09,867488068351542,16531,GTERI,0x19FE3FBF,0x00028102,802003,0x8303,0x0115,100,30549,0000,-,01,00,22,12,12,-,01,01,0.0,6.4,24,35,1075,1075,-25.01775,-25.017793,-51.54647,-51.546493,0724,0004,85DA,0F6AD10B,5.0,780.9,780.9,0:21:03,78:02:56,-,-,0,-,,,,,04,3,00000000,00,10,,
2025-10-17 07:50:42,,,,867488068351542,16530,HBD
2025-10-17 07:48:08,2025-10-17 07:48:07,2025-10-17 07:48:06,2025-10-17 07:47:43,867488068351542,16529,GTERI,0x19FE3FBF,0x00028102,802003,0x8303,0x0115,100,30505,0000,-,01,00,22,12,12,-,01,01,6.7,14.3,24,8,1075,1073,-25.017834,-25.018295,-51.546517,-51.546604,0724,0004,85DA,0F6AD10B,5.0,780.9,780.8,0:18:03,77:59:56,-,-,0,-,,,,,04,3,00000000,00,10,,
2025-10-17 07:48:08,,,,867488068351542,16528,HBD
2025-10-17 07:46:41,,,,867488068351542,16527,HBD
2025-10-17 07:45:08,2025-10-17 07:45:07,2025-10-17 07:45:06,2025-10-17 07:43:48,867488068351542,16526,GTERI,0x19FE3FBF,0x00028102,802003,0x8303,0x0115,100,30595,0000,-,01,00,22,12,12,-,01,01,0.0,73.2,348,10,1060,1052,-25.018367,-25.022429,-51.545528,-51.545957,0724,0004,85DA,0F6AD10B,4.8,780.7,780.2,0:15:03,77:56:56,-,-,0,-,,,,,04,3,00000000,00,10,,
2025-10-17 07:44:40,,,,867488068351542,16525,HBD
2025-10-17 07:42:08,2025-10-17 07:42:07,2025-10-17 07:42:06,2025-10-17 07:40:43,867488068351542,16524,GTERI,0x19FE3FBF,0x00028102,802003,0x8303,0x0115,100,30595,0000,-,01,00,22,12,12,-,01,01,48.0,61.5,348,338,1034,1021,-25.036764,-25.045215,-51.54643,-51.542911,0724,0004,85DA,0F6AD117,2.7,778.6,777.6,0:12:03,77:53:56,-,-,0,-,,,,,04,1,00000000,00,10,,
2025-10-17 07:42:08,,,,867488068351542,16523,HBD
2025-10-17 07:40:39,,,,867488068351542,16522,HBD
2025-10-17 07:39:08,2025-10-17 07:39:07,2025-10-17 07:39:06,2025-10-17 07:37:37,867488068351542,16521,GTERI,0x19FE3FBF,0x00028102,802003,0x8303,0x0115,100,28247,0000,-,01,00,22,12,12,-,01,01,10.2,44.5,263,263,1032,1064,-25.048755,-25.048221,-51.538603,-51.533029,0724,0004,85DA,0F6AD116,0.9,776.8,776.2,0:09:03,77:50:56,-,-,0,-,,,,,04,1,00000000,00,10,,
2025-10-17 07:38:38,,,,867488068351542,16520,HBD
2025-10-17 07:36:08,2025-10-17 07:36:07,2025-10-17 07:36:06,2025-10-17 07:35:42,867488068351542,16519,GTERI,0x19FE3FBF,0x00028102,802003,0x8303,0x0115,100,28268,0000,-,01,00,22,12,12,-,01,01,0.0,8.8,85,282,1081,1078,-25.049208,-25.049112,-51.53136,-51.531169,0724,0004,85DA,0F6AD10A,0.1,776.0,776.0,0:06:03,77:47:56,-,-,0,-,,,,,04,3,00000000,00,10,,
2025-10-17 07:36:08,,,,867488068351542,16518,HBD
2025-10-17 07:34:05,,,,867488068351542,16517,ACK
2025-10-17 07:34:04,,,,867488068351542,16516,ACK
2025-10-17 07:34:04,,,,867488068351542,16515,ACK
2025-10-17 07:34:04,,,,867488068351542,16514,HBD
2025-10-17 07:33:08,2025-10-17 07:33:07,2025-10-17 07:33:06,2025-10-17 07:33:07,867488068351542,16513,GTERI,0x19FE3FBF,0x00028102,802003,0x8303,0x0115,100,28251,0000,-,01,00,22,12,12,-,01,01,0.0,0.0,85,85,1073,1073,-25.049472,-25.049472,-51.531021,-51.531021,0724,0004,85DA,0F6AD10A,0.0,775.9,775.9,0:03:03,77:44:56,-,-,0,-,,,,,04,3,00000000,00,10,,
2025-10-17 07:32:37,,,,867488068351542,16512,HBD
2025-10-17 07:30:32,2025-10-17 07:30:31,2025-10-17 07:30:32,2025-10-17 07:30:32,867488068351542,16511,GTIGL,0x19FE7FBF,,802003,0x8303,0x0115,100,28170,0000,0000,01,00,22,6,6,-,01,01,0.0,0.0,85,85,1073,1073,-25.049472,-25.049472,-51.531021,-51.531021,0724,0004,85DA,0F6AD10A,0.0,775.9,775.9,0:00:30,77:42:23,-,-,0,-,,,,,,,,,00
2025-10-17 07:30:32,2025-10-17 07:30:31,2025-10-17 07:30:32,2025-10-17 07:30:32,867488068351542,16510,GTERI,0x19FE3FBF,0x00028102,802003,0x8303,0x0115,100,28170,0000,-,01,00,22,6,6,-,01,01,0.0,0.0,85,85,1073,1073,-25.049472,-25.049472,-51.531021,-51.531021,0724,0004,85DA,0F6AD10A,0.0,775.9,775.9,0:00:30,77:42:23,-,-,0,-,,,,,04,3,00000000,00,10,,
2025-10-17 07:30:03,2025-10-17 07:30:01,2025-10-17 06:41:42,2025-10-17 06:41:42,867488068351542,16509,GTSTT,0x19FE7FBF,,802003,0x8303,0x0115,100,25516,0000,0000,01,00,22,6,6,-,00,00,0.0,0.0,85,85,1083,1083,-25.049387,-25.049387,-51.530578,-51.530578,0724,0004,85DA,0F6AD10A,0.0,775.9,775.9,0:00:00,77:41:53,-,-,0,-
2025-10-17 07:30:02,2025-10-17 07:30:01,2025-10-17 06:41:42,2025-10-17 06:41:42,867488068351542,16508,GTIGN,0x19FE7FBF,,802003,0x8303,0x0115,100,25516,0000,0000,01,00,22,6,6,49851,00,01,0.0,0.0,85,85,1083,1083,-25.049387,-25.049387,-51.530578,-51.530578,0724,0004,85DA,0F6AD10A,0.0,775.9,775.9,0:00:00,77:41:53,-,-,0,-
2025-10-17 07:30:02,,,,867488068351542,16507,HBD
2025-10-17 07:27:57,,,,867488068351542,16506,GTINF,,,,,,,,,,,,,,,,,,,,,,,,,,,,,,,,,,,,,,,,,,C1,4200,03
2025-10-17 06:44:07,2025-10-17 06:44:06,2025-10-17 06:41:42,2025-10-17 06:41:42,867488068351542,16505,GTERI,0x19FE3FBF,0x00028102,802003,0x8303,0x0115,100,25586,0000,-,00,00,11,6,6,-,01,01,0.0,0.0,85,85,1083,1083,-25.049387,-25.049387,-51.530578,-51.530578,0724,0004,85DA,0F6AD10A,9.2,775.9,775.9,0:27:09,77:41:53,-,-,0,-,,,,,04,3,00000000,00,10,,
2025-10-17 05:44:07,2025-10-17 05:44:06,2025-10-17 05:42:01,2025-10-17 05:42:01,867488068351542,16504,GTERI,0x19FE3FBF,0x00028102,802003,0x8303,0x0115,100,25605,0000,-,00,00,11,6,6,-,01,01,0.0,0.0,85,85,1083,1083,-25.049387,-25.049387,-51.530578,-51.530578,0724,0004,85DA,0F6AD109,9.2,775.9,775.9,0:27:09,77:41:53,-,-,0,-,,,,,04,3,00000000,00,10,,
2025-10-17 04:44:07,2025-10-17 04:44:06,2025-10-17 04:41:45,2025-10-17 04:41:45,867488068351542,16503,GTERI,0x19FE3FBF,0x00028102,802003,0x8303,0x0115,100,25573,0000,-,00,00,11,6,6,-,01,01,0.0,0.0,85,85,1083,1083,-25.049387,-25.049387,-51.530578,-51.530578,0724,0004,85DA,0F6AD109,9.2,775.9,775.9,0:27:09,77:41:53,-,-,0,-,,,,,04,3,00000000,00,10,,
2025-10-17 03:44:07,2025-10-17 03:44:06,2025-10-17 03:42:06,2025-10-17 03:42:06,867488068351542,16502,GTERI,0x19FE3FBF,0x00028102,802003,0x8303,0x0115,100,25643,0000,-,00,00,11,8,8,-,01,01,0.0,0.0,85,85,1083,1083,-25.049387,-25.049387,-51.530578,-51.530578,0724,0004,85DA,0F6AD109,9.2,775.9,775.9,0:27:09,77:41:53,-,-,0,-,,,,,04,3,00000000,00,10,,
2025-10-17 02:44:07,2025-10-17 02:44:06,2025-10-17 02:41:42,2025-10-17 02:41:42,867488068351542,16501,GTERI,0x19FE3FBF,0x00028102,802003,0x8303,0x0115,100,25607,0000,-,00,00,11,5,5,-,01,01,0.0,0.0,85,85,1083,1083,-25.049387,-25.049387,-51.530578,-51.530578,0724,0004,85DA,0F6AD109,9.2,775.9,775.9,0:27:09,77:41:53,-,-,0,-,,,,,04,3,00000000,00,10,,
2025-10-17 01:44:07,2025-10-17 01:44:06,2025-10-17 01:42:05,2025-10-17 01:42:05,867488068351542,16500,GTERI,0x19FE3FBF,0x00028102,802003,0x8303,0x0115,100,25625,0000,-,00,00,11,4,4,-,01,01,0.0,0.0,85,85,1083,1083,-25.049387,-25.049387,-51.530578,-51.530578,0724,0004,85DA,0F6AD109,9.2,775.9,775.9,0:27:09,77:41:53,-,-,0,-,,,,,04,3,00000000,00,10,,
2025-10-17 00:44:07,2025-10-17 00:44:06,2025-10-17 00:41:43,2025-10-17 00:41:43,867488068351542,16499,GTERI,0x19FE3FBF,0x00028102,802003,0x8303,0x0115,100,25685,0000,-,00,00,11,4,4,-,01,01,0.0,0.0,85,85,1083,1083,-25.049387,-25.049387,-51.530578,-51.530578,0724,0004,85DA,0F6AD109,9.2,775.9,775.9,0:27:09,77:41:53,-,-,0,-,,,,,04,3,00000000,00,10,,
2025-10-16 23:44:07,2025-10-16 23:44:06,2025-10-16 23:42:05,2025-10-16 23:42:05,867488068351542,16498,GTERI,0x19FE3FBF,0x00028102,802003,0x8303,0x0115,100,25736,0000,-,00,00,11,4,4,-,01,01,0.0,0.0,85,85,1083,1083,-25.049387,-25.049387,-51.530578,-51.530578,0724,0004,85DA,0F6AD10A,9.2,775.9,775.9,0:27:09,77:41:53,-,-,0,-,,,,,04,3,00000000,00,10,,
2025-10-16 22:44:07,2025-10-16 22:44:06,2025-10-16 22:41:43,2025-10-16 22:41:43,867488068351542,16497,GTERI,0x19FE3FBF,0x00028102,802003,0x8303,0x0115,100,25767,0000,-,00,00,11,6,6,-,01,01,0.0,0.0,85,85,1083,1083,-25.049387,-25.049387,-51.530578,-51.530578,0724,0004,85DA,0F6AD10A,9.2,775.9,775.9,0:27:09,77:41:53,-,-,0,-,,,,,04,3,00000000,00,10,,
2025-10-16 21:44:10,2025-10-16 21:44:06,2025-10-16 21:41:47,2025-10-16 21:41:47,867488068351542,16496,GTERI,0x19FE3FBF,0x00028102,802003,0x8303,0x0115,100,25799,0000,-,00,00,11,6,6,-,01,01,0.0,0.0,85,85,1083,1083,-25.049387,-25.049387,-51.530578,-51.530578,0724,0004,85DA,0F6AD10A,9.2,775.9,775.9,0:27:09,77:41:53,-,-,0,-,,,,,04,3,00000000,00,10,,
2025-10-16 20:44:07,2025-10-16 20:44:06,2025-10-16 20:42:01,2025-10-16 20:42:01,867488068351542,16495,GTERI,0x19FE3FBF,0x00028102,802003,0x8303,0x0115,100,25846,0000,-,00,00,11,8,8,-,01,01,0.0,0.0,85,85,1083,1083,-25.049387,-25.049387,-51.530578,-51.530578,0724,0004,85DA,0F6AD10A,9.2,775.9,775.9,0:27:09,77:41:53,-,-,0,-,,,,,04,3,00000000,00,10,,
2025-10-16 19:44:07,2025-10-16 19:44:06,2025-10-16 19:41:41,2025-10-16 19:41:41,867488068351542,16494,GTERI,0x19FE3FBF,0x00028102,802003,0x8303,0x0115,100,25879,0000,-,00,00,11,12,12,-,01,01,0.0,0.0,85,85,1083,1083,-25.049387,-25.049387,-51.530578,-51.530578,0724,0004,85DA,0F6AD10A,9.2,775.9,775.9,0:27:09,77:41:53,-,-,0,-,,,,,04,3,00000000,00,10,,
2025-10-16 18:44:07,2025-10-16 18:44:06,2025-10-16 18:41:41,2025-10-16 18:41:41,867488068351542,16493,GTERI,0x19FE3FBF,0x00028102,802003,0x8303,0x0115,100,25963,0000,-,00,00,11,12,12,-,01,01,0.0,0.0,85,85,1083,1083,-25.049387,-25.049387,-51.530578,-51.530578,0724,0004,85DA,0F6AD10A,9.2,775.9,775.9,0:27:09,77:41:53,-,-,0,-,,,,,04,3,00000000,00,10,,
2025-10-16 17:44:11,2025-10-16 17:44:11,2025-10-16 17:44:11,2025-10-16 17:44:11,867488068351542,16492,GTERI,0x19FE3FBF,0x00028102,802003,0x8303,0x0115,100,26900,0000,-,00,00,11,12,12,-,01,01,0.0,0.0,85,85,1083,1083,-25.049387,-25.049387,-51.530578,-51.530578,0724,0004,85DA,0F6AD10A,9.2,775.9,775.9,0:27:09,77:41:53,-,-,0,-,,,,,04,3,00000000,00,10,,
2025-10-16 17:43:12,,,,867488068351542,16491,HBD
2025-10-16 17:42:09,2025-10-16 17:42:08,2025-10-16 17:42:07,2025-10-16 17:42:07,867488068351542,16490,GTERI,0x19FE3FBF,0x00028102,802003,0x8303,0x0115,100,27063,0000,-,00,00,11,12,12,-,01,01,0.0,0.0,85,85,1083,1083,-25.049387,-25.049387,-51.530578,-51.530578,0724,0004,85DA,0F6AD10A,9.2,775.9,775.9,0:27:09,77:41:53,-,-,0,-,,,,,04,3,00000000,00,10,,
2025-10-16 17:42:09,,,,867488068351542,16489,HBD
2025-10-16 17:39:58,2025-10-16 17:39:58,2025-10-16 17:39:58,2025-10-16 17:39:58,867488068351542,16488,GTSTT,0x19FE7FBF,,802003,0x8303,0x0115,100,27357,0000,0000,00,00,11,12,12,-,01,01,0.0,0.0,85,85,1083,1083,-25.049387,-25.049387,-51.530578,-51.530578,0724,0004,85DA,0F6AD10A,9.2,775.9,775.9,0:27:09,77:41:53,-,-,0,-
2025-10-16 17:39:13,2025-10-16 17:39:11,2025-10-16 17:39:12,2025-10-16 17:39:12,867488068351542,16487,GTIGL,0x19FE7FBF,,802003,0x8303,0x0115,100,30640,0000,0000,00,00,12,12,12,-,01,01,0.0,0.0,85,85,1083,1083,-25.049387,-25.049387,-51.530578,-51.530578,0724,0004,85DA,0F6AD10A,9.2,775.9,775.9,0:27:09,77:41:53,-,-,0,-,,,,,,,,,01
2025-10-16 17:39:13,,,,867488068351542,16486,HBD
2025-10-16 17:39:12,,,,867488068351542,16485,ACK
2025-10-16 17:39:12,,,,867488068351542,16484,ACK
2025-10-16 17:39:11,2025-10-16 17:39:10,2025-10-16 17:39:10,2025-10-16 17:39:10,867488068351542,16483,GTSTT,0x19FE7FBF,,802003,0x8303,0x0115,100,30640,0000,0000,00,00,12,12,12,-,01,01,0.0,0.0,85,85,1083,1083,-25.049387,-25.049387,-51.530578,-51.530578,0724,0004,85DA,0F6AD10A,9.2,775.9,775.9,0:27:09,77:41:53,-,-,0,-
2025-10-16 17:39:11,2025-10-16 17:39:10,2025-10-16 17:39:10,2025-10-16 17:39:10,867488068351542,16482,GTIGF,0x19FE7FBF,,802003,0x8303,0x0115,100,30640,0000,0000,00,00,12,12,12,1629,01,01,0.0,0.0,85,85,1083,1083,-25.049387,-25.049387,-51.530578,-51.530578,0724,0004,85DA,0F6AD10A,9.2,775.9,775.9,0:27:09,77:41:53,-,-,0,-
2025-10-16 17:39:09,2025-10-16 17:39:08,2025-10-16 17:39:07,2025-10-16 17:39:08,867488068351542,16481,GTERI,0x19FE3FBF,0x00028102,802003,0x8303,0x0115,100,30640,0000,-,01,00,22,12,12,-,01,01,0.0,0.0,85,85,1083,1083,-25.049387,-25.049387,-51.530578,-51.530578,0724,0004,85DA,0F6AD10A,9.2,775.9,775.9,0:27:06,77:41:50,-,-,0,-,,,,,04,3,00000000,00,10,,
2025-10-16 17:38:10,,,,867488068351542,16480,HBD
2025-10-16 17:36:09,2025-10-16 17:36:08,2025-10-16 17:36:07,2025-10-16 17:33:28,867488068351542,16479,GTERI,0x19FE3FBF,0x00028102,802003,0x8303,0x0115,100,30604,0000,-,01,00,22,12,12,-,01,01,0.0,45.5,85,84,1083,1070,-25.049387,-25.048306,-51.530578,-51.532968,0724,0004,85DA,0F6AD10A,9.2,775.9,775.6,0:24:06,77:38:50,-,-,0,-,,,,,04,3,00000000,00,10,,
2025-10-16 17:36:08,,,,867488068351542,16478,HBD
2025-10-16 17:34:09,,,,867488068351542,16477,HBD
2025-10-16 17:33:08,2025-10-16 17:33:08,2025-10-16 17:33:07,2025-10-16 17:31:16,867488068351542,16476,GTERI,0x19FE3FBF,0x00028102,802003,0x8303,0x0115,100,30676,0000,-,01,00,22,12,12,-,01,01,19.2,24.7,85,83,1071,1030,-25.048475,-25.049047,-51.53472,-51.54026,0724,0004,85DA,0F6AD10A,8.7,775.4,774.8,0:21:06,77:35:50,-,-,0,-,,,,,04,3,00000000,00,10,,
2025-10-16 17:32:09,,,,867488068351542,16475,HBD
2025-10-16 17:30:08,2025-10-16 17:30:08,2025-10-16 17:30:07,2025-10-16 17:27:50,867488068351542,16474,GTERI,0x19FE3FBF,0x00028102,802003,0x8303,0x0115,100,30672,0000,-,01,00,22,12,12,-,01,01,26.2,68.9,198,169,1045,1042,-25.04895,-25.033355,-51.542413,-51.547154,0724,0004,85DA,0F6AD116,7.9,774.6,772.8,0:18:06,77:32:50,-,-,0,-,,,,,04,1,00000000,00,10,,
2025-10-16 17:30:08,,,,867488068351542,16473,HBD
2025-10-16 17:27:24,,,,867488068351542,16472,HBD
2025-10-16 17:27:23,2025-10-16 17:27:08,2025-10-16 17:27:07,2025-10-16 17:26:40,867488068351542,16471,GTERI,0x19FE3FBF,0x00028102,802003,0x8303,0x0115,100,30623,0000,-,01,00,22,12,12,-,01,01,55.9,75.2,190,190,1070,1056,-25.026726,-25.022536,-51.546863,-51.54599,0724,0004,85DA,0F79F10F,5.3,772.0,771.5,0:15:06,77:29:50,-,-,0,-,,,,,04,28,00000000,00,10,,
2025-10-16 17:27:23,,,,867488068351542,16470,HBD
2025-10-16 17:27:22,2025-10-16 17:24:08,2025-10-16 17:24:07,2025-10-16 17:24:08,867488068351542,16469,GTERI,0x19FE3FBF,0x00028102,802003,0x8303,0x0115,100,30625,0000,-,01,00,22,12,12,-,01,01,64.0,64.6,170,171,1031,1031,-24.998564,-24.998723,-51.544251,-51.544223,0000,0000,0000,00000000,2.2,768.8,768.8,0:12:06,77:26:50,-,-,0,-,,,,,00,0,00000000,00,10,,
2025-10-16 17:27:22,,,,867488068351542,16468,HBD
2025-10-16 17:27:21,,,,867488068351542,16467,HBD
2025-10-16 17:27:21,2025-10-16 17:21:07,2025-10-16 17:21:06,2025-10-16 17:21:03,867488068351542,16466,GTERI,0x19FE3FBF,0x00028102,802003,0x8303,0x0115,100,30520,0000,-,01,00,22,12,12,-,01,01,32.0,33.0,20,21,984,983,-24.994392,-24.99462,-51.550464,-51.550562,0000,0000,0000,00000000,0.8,767.5,767.5,0:09:06,77:23:50,-,-,0,-,,,,,00,0,00000000,00,10,,
2025-10-16 17:27:20,,,,867488068351542,16465,HBD
2025-10-16 17:27:20,2025-10-16 17:18:07,2025-10-16 17:18:06,2025-10-16 17:18:07,867488068351542,16464,GTERI,0x19FE3FBF,0x00028102,802003,0x8303,0x0115,100,30722,0000,-,01,00,22,12,12,-,01,01,0.0,0.0,41,41,984,984,-24.998287,-24.998287,-51.555699,-51.555699,0000,0000,0000,00000000,0.0,766.7,766.7,0:06:06,77:20:50,-,-,0,-,,,,,00,0,00000000,00,10,,
2025-10-16 17:27:19,,,,867488068351542,16463,HBD
2025-10-16 17:27:19,,,,867488068351542,16462,ACK
2025-10-16 17:27:18,,,,867488068351542,16461,ACK
2025-10-16 17:27:18,,,,867488068351542,16460,ACK
2025-10-16 17:27:17,2025-10-16 17:15:09,2025-10-16 17:15:09,2025-10-16 17:15:09,867488068351542,16458,GTPDP,0x19FE7FBF,,802003,0x8303,0x0115,100,30585,0000,0000,01,00,22,12,12,-,01,01,0.0,0.0,226,226,984,984,-24.998287,-24.998287,-51.555699,-51.555699,0000,0000,0000,00000000,0.0,766.7,766.7,0:03:06,77:17:50,-,-,0,-
2025-10-16 17:27:16,2025-10-16 17:15:08,2025-10-16 17:15:09,2025-10-16 17:15:09,867488068351542,16457,GTDOG,0x19FE7FBF,,802003,0x8303,0x0115,100,30585,0000,0000,01,00,22,12,12,-,01,01,0.0,0.0,226,226,984,984,-24.998287,-24.998287,-51.555699,-51.555699,0000,0000,0000,00000000,0.0,766.7,766.7,0:03:06,77:17:50,-,-,0,-,,,,,,,,,07
2025-10-16 17:27:16,2025-10-16 17:15:07,2025-10-16 17:15:06,2025-10-16 17:12:27,867488068351542,16456,GTERI,0x19FE3FBF,0x00028102,802003,0x8303,0x0115,100,30533,0000,-,01,00,22,12,12,-,01,01,0.0,10.2,226,199,984,987,-24.998287,-24.998059,-51.555699,-51.55561,0000,0000,0000,00000000,0.0,766.7,766.7,0:03:06,77:17:50,-,-,0,-,,,,,00,0,00000000,00,10,,
2025-10-16 17:27:15,2025-10-16 17:12:11,2025-10-16 17:12:11,2025-10-16 17:12:11,867488068351542,16454,GTIGL,0x19FE7FBF,,802003,0x8303,0x0115,100,30541,0000,0000,01,00,22,12,12,-,01,01,0.0,0.0,226,226,991,991,-24.997972,-24.997972,-51.555489,-51.555489,0000,0000,0000,00000000,0.0,766.7,766.7,0:00:09,77:14:53,-,-,0,-,,,,,,,,,00
2025-10-16 17:27:14,2025-10-16 17:12:11,2025-10-16 17:12:11,2025-10-16 17:12:11,867488068351542,16453,GTERI,0x19FE3FBF,0x00028102,802003,0x8303,0x0115,100,30541,0000,-,01,00,22,12,12,-,01,01,0.0,0.0,226,226,991,991,-24.997972,-24.997972,-51.555489,-51.555489,0000,0000,0000,00000000,0.0,766.7,766.7,0:00:09,77:14:53,-,-,0,-,,,,,00,0,00000000,00,10,,
2025-10-16 17:27:14,2025-10-16 17:12:06,2025-10-16 16:50:15,2025-10-16 16:50:15,867488068351542,16452,GTPDP,0x19FE7FBF,,802003,0x8303,0x0115,100,26160,0000,0000,01,00,22,12,12,-,00,00,0.0,0.0,226,226,990,990,-24.997966,-24.997966,-51.55564,-51.55564,0000,0000,0000,00000000,0.0,766.7,766.7,0:00:03,77:14:47,-,-,0,-
2025-10-16 17:27:13,2025-10-16 17:12:01,2025-10-16 16:50:15,2025-10-16 16:50:15,867488068351542,16451,GTSTT,0x19FE7FBF,,802003,0x8303,0x0115,100,26141,0000,0000,01,00,22,12,12,-,00,00,0.0,0.0,226,226,990,990,-24.997966,-24.997966,-51.55564,-51.55564,0000,0000,0000,00000000,0.0,766.7,766.7,0:00:00,77:14:44,-,-,0,-
2025-10-16 17:27:13,2025-10-16 17:12:01,2025-10-16 16:50:15,2025-10-16 16:43:20,867488068351542,16450,GTIGN,0x19FE7FBF,,802003,0x8303,0x0115,100,26141,0000,0000,01,00,22,12,12,1606,00,01,0.0,22.7,226,220,990,997,-24.997966,-24.996135,-51.55564,-51.554384,0000,0000,0000,00000000,0.0,766.7,766.4,0:00:00,77:14:44,-,-,0,-
2025-10-16 17:27:12,2025-10-16 16:53:20,2025-10-16 16:50:15,2025-10-16 16:50:15,867488068351542,16448,GTPDP,0x19FE7FBF,,802003,0x8303,0x0115,100,26526,0000,0000,00,00,11,12,12,-,00,00,0.0,0.0,226,226,990,990,-24.997966,-24.997966,-51.55564,-51.55564,0000,0000,0000,00000000,1.2,766.7,766.7,0:14:09,77:14:44,-,-,0,-
2025-10-16 17:27:11,2025-10-16 16:50:20,2025-10-16 16:50:15,2025-10-16 16:50:15,867488068351542,16447,GTPDP,0x19FE7FBF,,802003,0x8303,0x0115,100,26629,0000,0000,00,00,1A,12,12,-,00,00,0.0,0.0,226,226,990,990,-24.997966,-24.997966,-51.55564,-51.55564,0000,0000,0000,00000000,1.2,766.7,766.7,0:14:09,77:14:44,-,-,0,-
2025-10-16 17:27:11,2025-10-16 16:50:15,2025-10-16 16:50:15,2025-10-16 16:50:15,867488068351542,16446,GTERI,0x19FE3FBF,0x00028102,802003,0x8303,0x0115,100,26618,0000,-,00,00,1A,12,12,-,01,01,0.0,0.0,226,226,990,990,-24.997966,-24.997966,-51.55564,-51.55564,0000,0000,0000,00000000,1.2,766.7,766.7,0:14:09,77:14:44,-,-,0,-,,,,,00,0,00000000,00,10,,
2025-10-16 17:27:10,2025-10-16 16:49:12,2025-10-16 16:49:11,2025-10-16 16:49:11,867488068351542,16445,GTERI,0x19FE3FBF,0x00028102,802003,0x8303,0x0115,100,26674,0000,-,00,00,11,12,12,-,01,01,0.0,0.0,226,226,990,990,-24.997966,-24.997966,-51.55564,-51.55564,0000,0000,0000,00000000,1.2,766.7,766.7,0:14:09,77:14:44,-,-,0,-,,,,,00,0,00000000,00,10,,
2025-10-16 17:27:09,2025-10-16 16:46:12,2025-10-16 16:46:11,2025-10-16 16:46:11,867488068351542,16442,GTERI,0x19FE3FBF,0x00028102,802003,0x8303,0x0115,100,27144,0000,-,00,00,1A,12,12,-,01,01,0.0,0.0,226,226,990,990,-24.997966,-24.997966,-51.55564,-51.55564,0000,0000,0000,00000000,1.2,766.7,766.7,0:14:09,77:14:44,-,-,0,-,,,,,00,0,00000000,00,10,,
2025-10-16 17:27:08,2025-10-16 16:45:35,2025-10-16 16:45:35,2025-10-16 16:45:35,867488068351542,16441,GTSTT,0x19FE7FBF,,802003,0x8303,0x0115,100,27249,0000,0000,00,00,11,12,12,-,01,01,0.0,0.0,226,226,990,990,-24.997966,-24.997966,-51.55564,-51.55564,0000,0000,0000,00000000,1.2,766.7,766.7,0:14:09,77:14:44,-,-,0,-
2025-10-16 17:27:08,,,,867488068351542,16440,ACK
2025-10-16 17:27:07,,,,867488068351542,16439,ACK
2025-10-16 17:27:07,2025-10-16 16:45:15,2025-10-16 16:45:16,2025-10-16 16:45:16,867488068351542,16438,GTIGL,0x19FE7FBF,,802003,0x8303,0x0115,100,30621,0000,0000,00,00,12,12,12,-,01,01,0.0,0.0,226,226,990,990,-24.997966,-24.997966,-51.55564,-51.55564,0000,0000,0000,00000000,1.2,766.7,766.7,0:14:09,77:14:44,-,-,0,-,,,,,,,,,01
2025-10-16 17:27:07,2025-10-16 16:45:15,2025-10-16 16:45:15,2025-10-16 16:45:15,867488068351542,16437,GTSTT,0x19FE7FBF,,802003,0x8303,0x0115,100,30621,0000,0000,00,00,12,12,12,-,01,01,0.0,0.0,226,226,990,990,-24.997966,-24.997966,-51.55564,-51.55564,0000,0000,0000,00000000,1.2,766.7,766.7,0:14:09,77:14:44,-,-,0,-
2025-10-16 17:27:05,2025-10-16 16:45:15,2025-10-16 16:45:15,2025-10-16 16:45:15,867488068351542,16436,GTIGF,0x19FE7FBF,,802003,0x8303,0x0115,100,30621,0000,0000,00,00,12,12,12,852,01,01,0.0,0.0,226,226,990,990,-24.997966,-24.997966,-51.55564,-51.55564,0000,0000,0000,00000000,1.2,766.7,766.7,0:14:09,77:14:44,-,-,0,-
2025-10-16 17:27:04,2025-10-16 16:43:12,2025-10-16 16:43:11,2025-10-16 16:43:12,867488068351542,16434,GTERI,0x19FE3FBF,0x00028102,802003,0x8303,0x0115,100,30698,0000,-,01,00,22,12,12,-,01,01,18.2,19.4,226,227,998,997,-24.995789,-24.995822,-51.554011,-51.554051,0000,0000,0000,00000000,0.9,766.4,766.4,0:12:06,77:12:41,-,-,0,-,,,,,00,0,00000000,00,10,,
2025-10-16 17:27:03,2025-10-16 16:40:12,2025-10-16 16:40:11,2025-10-16 16:37:38,867488068351542,16431,GTERI,0x19FE3FBF,0x00028102,802003,0x8303,0x0115,100,30644,0000,-,01,00,22,12,12,-,01,01,0.0,6.2,20,217,985,988,-24.994124,-24.994016,-51.554659,-51.554506,0000,0000,0000,00000000,0.6,766.1,766.1,0:09:06,77:09:41,-,-,0,-,,,,,00,0,00000000,00,10,,
2025-10-16 17:27:02,2025-10-16 16:37:12,2025-10-16 16:37:11,2025-10-16 16:34:22,867488068351542,16429,GTERI,0x19FE3FBF,0x00028102,802003,0x8303,0x0115,100,30648,0000,-,01,00,22,12,12,-,01,01,0.0,13.9,20,295,987,993,-24.993985,-24.994258,-51.554476,-51.553878,0000,0000,0000,00000000,0.5,766.1,766.0,0:06:06,77:06:41,-,-,0,-,,,,,00,0,00000000,00,10,,
2025-10-16 17:27:01,,,,867488068351542,16427,ACK
2025-10-16 17:27:00,,,,867488068351542,16426,ACK
2025-10-16 17:27:00,,,,867488068351542,16425,ACK
2025-10-16 17:26:59,2025-10-16 16:34:12,2025-10-16 16:34:11,2025-10-16 16:34:09,867488068351542,16423,GTERI,0x19FE3FBF,0x00028102,802003,0x8303,0x0115,100,30619,0000,-,01,00,22,12,12,-,01,01,10.2,11.3,20,29,1000,1000,-24.994488,-24.994537,-51.553665,-51.553689,0000,0000,0000,00000000,0.5,766.0,766.0,0:03:06,77:03:41,-,-,0,-,,,,,00,0,00000000,00,10,,
2025-10-16 17:26:58,2025-10-16 16:34:08,2025-10-16 16:34:08,2025-10-16 16:32:39,867488068351542,16422,GTPDP,0x19FE7FBF,,802003,0x8303,0x0115,100,30622,0000,0000,01,00,22,12,12,-,01,01,11.2,20.4,32,39,998,991,-24.994563,-24.995973,-51.553703,-51.554181,0000,0000,0000,00000000,0.5,766.0,765.8,0:03:03,77:03:38,-,-,0,-
2025-10-16 17:26:57,2025-10-16 16:31:14,2025-10-16 16:31:14,2025-10-16 16:31:14,867488068351542,16420,GTPDP,0x19FE7FBF,,802003,0x8303,0x0115,100,30709,0000,0000,01,00,22,12,12,-,01,01,0.0,0.0,181,181,992,992,-24.997908,-24.997908,-51.555504,-51.555504,0000,0000,0000,00000000,0.0,765.5,765.5,0:00:09,77:00:44,-,-,0,-
2025-10-16 17:26:57,2025-10-16 16:31:12,2025-10-16 16:31:13,2025-10-16 16:31:13,867488068351542,16419,GTIGL,0x19FE7FBF,,802003,0x8303,0x0115,100,30709,0000,0000,01,00,22,12,12,-,01,01,0.0,0.0,181,181,992,992,-24.997908,-24.997908,-51.555504,-51.555504,0000,0000,0000,00000000,0.0,765.5,765.5,0:00:09,77:00:44,-,-,0,-,,,,,,,,,00
2025-10-16 17:26:56,2025-10-16 16:31:12,2025-10-16 16:31:13,2025-10-16 16:31:13,867488068351542,16418,GTERI,0x19FE3FBF,0x00028102,802003,0x8303,0x0115,100,30709,0000,-,01,00,22,12,12,-,01,01,0.0,0.0,181,181,992,992,-24.997908,-24.997908,-51.555504,-51.555504,0000,0000,0000,00000000,0.0,765.5,765.5,0:00:09,77:00:44,-,-,0,-,,,,,00,0,00000000,00,10,,
2025-10-16 17:26:56,2025-10-16 16:31:03,2025-10-16 16:24:21,2025-10-16 16:24:21,867488068351542,16417,GTSTT,0x19FE7FBF,,802003,0x8303,0x0115,100,26294,0000,0000,01,00,22,12,12,-,00,00,0.0,0.0,181,181,986,986,-24.997937,-24.997937,-51.555577,-51.555577,0000,0000,0000,00000000,0.0,765.5,765.5,0:00:00,77:00:35,-,-,0,-
2025-10-16 17:26:55,2025-10-16 16:31:03,2025-10-16 16:24:21,2025-10-16 16:24:21,867488068351542,16416,GTIGN,0x19FE7FBF,,802003,0x8303,0x0115,100,26294,0000,0000,01,00,22,12,12,703,00,01,0.0,0.0,181,181,986,986,-24.997937,-24.997937,-51.555577,-51.555577,0000,0000,0000,00000000,0.0,765.5,765.5,0:00:00,77:00:35,-,-,0,-
2025-10-16 17:26:54,2025-10-16 16:27:25,2025-10-16 16:24:21,2025-10-16 16:24:21,867488068351542,16414,GTPDP,0x19FE7FBF,,802003,0x8303,0x0115,100,26474,0000,0000,00,00,11,12,12,-,00,00,0.0,0.0,181,181,986,986,-24.997937,-24.997937,-51.555577,-51.555577,0000,0000,0000,00000000,1.1,765.5,765.5,0:48:28,77:00:35,-,-,0,-
2025-10-16 17:26:54,2025-10-16 16:24:25,2025-10-16 16:24:21,2025-10-16 16:24:21,867488068351542,16413,GTPDP,0x19FE7FBF,,802003,0x8303,0x0115,100,26550,0000,0000,00,00,1A,12,12,-,00,00,0.0,0.0,181,181,986,986,-24.997937,-24.997937,-51.555577,-51.555577,0000,0000,0000,00000000,1.1,765.5,765.5,0:48:28,77:00:35,-,-,0,-
2025-10-16 17:26:53,2025-10-16 16:24:21,2025-10-16 16:24:21,2025-10-16 16:24:21,867488068351542,16412,GTERI,0x19FE3FBF,0x00028102,802003,0x8303,0x0115,100,26550,0000,-,00,00,1A,12,12,-,01,01,0.0,0.0,181,181,986,986,-24.997937,-24.997937,-51.555577,-51.555577,0000,0000,0000,00000000,1.1,765.5,765.5,0:48:28,77:00:35,-,-,0,-,,,,,00,0,00000000,00,10,,
2025-10-16 17:26:52,2025-10-16 16:21:57,2025-10-16 16:21:56,2025-10-16 16:21:56,867488068351542,16410,GTERI,0x19FE3FBF,0x00028102,802003,0x8303,0x0115,100,26831,0000,-,00,00,1A,12,12,-,01,01,0.0,0.0,181,181,986,986,-24.997937,-24.997937,-51.555577,-51.555577,0000,0000,0000,00000000,1.1,765.5,765.5,0:48:28,77:00:35,-,-,0,-,,,,,00,0,00000000,00,10,,
2025-10-16 17:26:51,2025-10-16 16:19:55,2025-10-16 16:19:55,2025-10-16 16:19:55,867488068351542,16408,GTSTT,0x19FE7FBF,,802003,0x8303,0x0115,100,27219,0000,0000,00,00,11,12,12,-,01,01,0.0,0.0,181,181,986,986,-24.997937,-24.997937,-51.555577,-51.555577,0000,0000,0000,00000000,1.1,765.5,765.5,0:48:28,77:00:35,-,-,0,-
2025-10-16 17:26:51,,,,867488068351542,16407,ACK
2025-10-16 17:26:50,,,,867488068351542,16406,ACK
2025-10-16 17:26:50,2025-10-16 16:19:21,2025-10-16 16:19:21,2025-10-16 16:19:21,867488068351542,16405,GTIGL,0x19FE7FBF,,802003,0x8303,0x0115,100,30656,0000,0000,00,00,12,12,12,-,01,01,0.0,0.0,181,181,986,986,-24.997937,-24.997937,-51.555577,-51.555577,0000,0000,0000,00000000,1.1,765.5,765.5,0:48:28,77:00:35,-,-,0,-,,,,,,,,,01
2025-10-16 17:26:49,2025-10-16 16:19:20,2025-10-16 16:19:20,2025-10-16 16:19:20,867488068351542,16404,GTSTT,0x19FE7FBF,,802003,0x8303,0x0115,100,30656,0000,0000,00,00,12,12,12,-,01,01,0.0,0.0,181,181,986,986,-24.997937,-24.997937,-51.555577,-51.555577,0000,0000,0000,00000000,1.1,765.5,765.5,0:48:28,77:00:35,-,-,0,-
2025-10-16 17:26:49,2025-10-16 16:19:20,2025-10-16 16:19:20,2025-10-16 16:19:20,867488068351542,16403,GTIGF,0x19FE7FBF,,802003,0x8303,0x0115,100,30656,0000,0000,00,00,12,12,12,2909,01,01,0.0,0.0,181,181,986,986,-24.997937,-24.997937,-51.555577,-51.555577,0000,0000,0000,00000000,1.1,765.5,765.5,0:48:28,77:00:35,-,-,0,-
2025-10-16 17:26:48,2025-10-16 16:18:57,2025-10-16 16:18:56,2025-10-16 16:17:16,867488068351542,16402,GTERI,0x19FE3FBF,0x00028102,802003,0x8303,0x0115,100,30543,0000,-,01,00,22,12,12,-,01,01,0.0,24.1,181,215,986,997,-24.997937,-24.996812,-51.555577,-51.554948,0000,0000,0000,00000000,1.1,765.5,765.4,0:48:04,77:00:11,-,-,0,-,,,,,00,0,00000000,00,10,,
2025-10-16 17:26:47,2025-10-16 16:15:57,2025-10-16 16:15:56,2025-10-16 16:15:30,867488068351542,16399,GTERI,0x19FE3FBF,0x00028102,802003,0x8303,0x0115,100,30648,0000,-,01,00,22,12,12,-,01,01,11.3,11.4,181,105,1000,995,-24.994588,-24.994181,-51.553792,-51.553856,0000,0000,0000,00000000,0.7,765.1,765.0,0:45:04,76:57:11,-,-,0,-,,,,,00,0,00000000,00,10,,
2025-10-16 17:26:46,2025-10-16 16:15:07,2025-10-16 16:15:07,2025-10-16 16:14:06,867488068351542,16398,GTDOG,0x19FE7FBF,,802003,0x8303,0x0115,100,30735,0000,0000,01,00,22,12,12,-,01,01,0.0,8.6,338,110,995,991,-24.994144,-24.993899,-51.553965,-51.554088,0000,0000,0000,00000000,0.6,765.0,765.0,0:44:16,76:56:23,-,-,0,-,,,,,,,,,07
2025-10-16 17:26:45,2025-10-16 16:12:57,2025-10-16 16:12:56,2025-10-16 16:12:57,867488068351542,16396,GTERI,0x19FE3FBF,0x00028102,802003,0x8303,0x0115,100,30760,0000,-,01,00,22,12,12,-,01,01,0.0,0.0,338,338,982,982,-24.993966,-24.993966,-51.554248,-51.554248,0000,0000,0000,00000000,0.6,765.0,765.0,0:42:04,76:54:11,-,-,0,-,,,,,00,0,00000000,00,10,,
2025-10-16 17:26:44,2025-10-16 16:09:57,2025-10-16 16:09:55,2025-10-16 16:07:33,867488068351542,16393,GTERI,0x19FE3FBF,0x00028102,802003,0x8303,0x0115,100,30646,0000,-,01,00,22,12,12,-,01,01,0.0,12.9,338,105,982,986,-24.993966,-24.993952,-51.554248,-51.554233,0000,0000,0000,00000000,0.6,765.0,765.0,0:39:04,76:51:11,-,-,0,-,,,,,00,0,00000000,00,10,,
2025-10-16 17:26:43,2025-10-16 16:06:57,2025-10-16 16:06:56,2025-10-16 16:04:35,867488068351542,16391,GTERI,0x19FE3FBF,0x00028102,802003,0x8303,0x0115,100,30792,0000,-,01,00,22,12,12,-,01,01,0.0,6.1,338,224,985,985,-24.994062,-24.994031,-51.554549,-51.554476,0000,0000,0000,00000000,0.5,765.0,765.0,0:36:04,76:48:11,-,-,0,-,,,,,00,0,00000000,00,10,,
2025-10-16 17:26:42,2025-10-16 16:03:57,2025-10-16 16:03:56,2025-10-16 16:02:55,867488068351542,16388,GTERI,0x19FE3FBF,0x00028102,802003,0x8303,0x0115,100,30498,0000,-,01,00,22,12,12,-,01,01,0.0,12.1,338,315,986,990,-24.993981,-24.994213,-51.554388,-51.553928,0000,0000,0000,00000000,0.5,765.0,764.9,0:33:04,76:45:11,-,-,0,-,,,,,00,0,00000000,00,10,,
2025-10-16 17:26:41,2025-10-16 16:00:57,2025-10-16 16:00:56,2025-10-16 15:59:27,867488068351542,16386,GTERI,0x19FE3FBF,0x00028102,802003,0x8303,0x0115,100,30653,0000,-,01,00,22,12,12,-,01,01,9.3,20.5,338,35,994,990,-24.995189,-24.996618,-51.553763,-51.554766,0000,0000,0000,00000000,0.4,764.8,764.6,0:30:04,76:42:11,-,-,0,-,,,,,00,0,00000000,00,10,,
2025-10-16 17:26:39,2025-10-16 15:57:57,2025-10-16 15:57:56,2025-10-16 15:57:57,867488068351542,16383,GTERI,0x19FE3FBF,0x00028102,802003,0x8303,0x0115,100,30538,0000,-,01,00,22,12,12,-,01,01,0.0,0.0,66,66,983,983,-24.997974,-24.997974,-51.55561,-51.55561,0000,0000,0000,00000000,0.0,764.4,764.4,0:27:04,76:39:11,-,-,0,-,,,,,00,0,00000000,00,10,,
2025-10-16 17:26:38,2025-10-16 15:54:57,2025-10-16 15:54:56,2025-10-16 15:54:57,867488068351542,16381,GTERI,0x19FE3FBF,0x00028102,802003,0x8303,0x0115,100,30521,0000,-,01,00,22,12,12,-,01,01,0.0,0.0,66,66,983,983,-24.997974,-24.997974,-51.55561,-51.55561,0000,0000,0000,00000000,0.0,764.4,764.4,0:24:04,76:36:11,-,-,0,-,,,,,00,0,00000000,00,10,,
2025-10-16 17:26:36,2025-10-16 15:51:57,2025-10-16 15:51:55,2025-10-16 15:51:56,867488068351542,16378,GTERI,0x19FE3FBF,0x00028102,802003,0x8303,0x0115,100,30703,0000,-,01,00,22,12,12,-,01,01,0.0,0.0,66,66,983,983,-24.997974,-24.997974,-51.55561,-51.55561,0000,0000,0000,00000000,0.0,764.4,764.4,0:21:04,76:33:11,-,-,0,-,,,,,00,0,00000000,00,10,,
2025-10-16 17:26:35,2025-10-16 15:48:57,2025-10-16 15:48:56,2025-10-16 15:48:57,867488068351542,16376,GTERI,0x19FE3FBF,0x00028102,802003,0x8303,0x0115,100,30724,0000,-,01,00,22,12,12,-,01,01,0.0,0.0,66,66,983,983,-24.997974,-24.997974,-51.55561,-51.55561,0000,0000,0000,00000000,0.0,764.4,764.4,0:18:07,76:30:14,-,-,0,-,,,,,00,0,00000000,00,10,,
2025-10-16 17:26:34,2025-10-16 15:45:57,2025-10-16 15:45:55,2025-10-16 15:45:57,867488068351542,16373,GTERI,0x19FE3FBF,0x00028102,802003,0x8303,0x0115,100,30619,0000,-,01,00,22,12,12,-,01,01,0.0,0.0,66,66,983,983,-24.997974,-24.997974,-51.55561,-51.55561,0000,0000,0000,00000000,0.0,764.4,764.4,0:15:07,76:27:14,-,-,0,-,,,,,00,0,00000000,00,10,,
2025-10-16 17:26:33,2025-10-16 15:42:57,2025-10-16 15:42:56,2025-10-16 15:42:57,867488068351542,16371,GTERI,0x19FE3FBF,0x00028102,802003,0x8303,0x0115,100,30701,0000,-,01,00,22,12,12,-,01,01,0.0,0.0,66,66,983,983,-24.997974,-24.997974,-51.55561,-51.55561,0000,0000,0000,00000000,0.0,764.4,764.4,0:12:07,76:24:14,-,-,0,-,,,,,00,0,00000000,00,10,,
2025-10-16 17:26:31,2025-10-16 15:39:57,2025-10-16 15:39:56,2025-10-16 15:39:57,867488068351542,16368,GTERI,0x19FE3FBF,0x00028102,802003,0x8303,0x0115,100,30600,0000,-,01,00,22,12,12,-,01,01,0.0,0.0,66,66,983,983,-24.997974,-24.997974,-51.55561,-51.55561,0000,0000,0000,00000000,0.0,764.4,764.4,0:09:07,76:21:14,-,-,0,-,,,,,00,0,00000000,00,10,,
2025-10-16 17:26:30,2025-10-16 15:36:57,2025-10-16 15:36:56,2025-10-16 15:36:57,867488068351542,16366,GTERI,0x19FE3FBF,0x00028102,802003,0x8303,0x0115,100,30588,0000,-,01,00,22,12,12,-,01,01,0.0,0.0,66,66,983,983,-24.997974,-24.997974,-51.55561,-51.55561,0000,0000,0000,00000000,0.0,764.4,764.4,0:06:06,76:18:13,-,-,0,-,,,,,00,0,00000000,00,10,,
2025-10-16 17:26:29,,,,867488068351542,16364,ACK
2025-10-16 17:26:29,,,,867488068351542,16363,ACK
2025-10-16 17:26:28,,,,867488068351542,16362,ACK
2025-10-16 17:26:27,2025-10-16 15:33:57,2025-10-16 15:33:56,2025-10-16 15:33:57,867488068351542,16360,GTERI,0x19FE3FBF,0x00028102,802003,0x8303,0x0115,100,30517,0000,-,01,00,22,12,12,-,01,01,0.0,0.0,66,66,983,983,-24.997974,-24.997974,-51.55561,-51.55561,0000,0000,0000,00000000,0.0,764.4,764.4,0:03:06,76:15:13,-,-,0,-,,,,,00,0,00000000,00,10,,
2025-10-16 17:26:27,2025-10-16 15:33:56,2025-10-16 15:33:56,2025-10-16 15:31:43,867488068351542,16359,GTPDP,0x19FE7FBF,,802003,0x8303,0x0115,100,30577,0000,0000,01,00,22,12,12,-,00,01,0.0,0.8,66,310,983,983,-24.997974,-24.997982,-51.55561,-51.555627,0000,0000,0000,00000000,0.0,764.4,764.4,0:03:03,76:15:10,-,-,0,-
2025-10-16 17:26:26,2025-10-16 15:31:01,2025-10-16 15:31:01,2025-10-16 15:31:01,867488068351542,16357,GTIGL,0x19FE7FBF,,802003,0x8303,0x0115,100,30700,0000,0000,01,00,22,12,12,-,01,01,0.0,0.0,66,66,982,982,-24.997982,-24.997982,-51.555639,-51.555639,0000,0000,0000,00000000,0.0,764.4,764.4,0:00:09,76:12:16,-,-,0,-,,,,,,,,,00
2025-10-16 17:26:25,2025-10-16 15:31:01,2025-10-16 15:31:01,2025-10-16 15:31:01,867488068351542,16356,GTERI,0x19FE3FBF,0x00028102,802003,0x8303,0x0115,100,30700,0000,-,01,00,22,12,12,-,01,01,0.0,0.0,66,66,982,982,-24.997982,-24.997982,-51.555639,-51.555639,0000,0000,0000,00000000,0.0,764.4,764.4,0:00:09,76:12:16,-,-,0,-,,,,,00,0,00000000,00,10,,
2025-10-16 17:26:25,2025-10-16 15:30:56,2025-10-16 15:22:21,2025-10-16 15:22:21,867488068351542,16355,GTPDP,0x19FE7FBF,,802003,0x8303,0x0115,100,26266,0000,0000,01,00,22,12,12,-,00,00,0.0,0.0,98,98,983,983,-24.997965,-24.997965,-51.555641,-51.555641,0000,0000,0000,00000000,0.0,764.4,764.4,0:00:03,76:12:10,-,-,0,-
2025-10-16 17:26:24,2025-10-16 15:30:51,2025-10-16 15:22:21,2025-10-16 15:22:21,867488068351542,16354,GTSTT,0x19FE7FBF,,802003,0x8303,0x0115,100,26266,0000,0000,01,00,22,12,12,-,00,00,0.0,0.0,98,98,983,983,-24.997965,-24.997965,-51.555641,-51.555641,0000,0000,0000,00000000,0.0,764.4,764.4,0:00:00,76:12:07,-,-,0,-
2025-10-16 17:26:24,2025-10-16 15:30:51,2025-10-16 15:22:21,2025-10-16 15:16:32,867488068351542,16353,GTIGN,0x19FE7FBF,,802003,0x8303,0x0115,100,26266,0000,0000,01,00,22,12,12,811,00,01,0.0,23.1,98,218,983,996,-24.997965,-24.996804,-51.555641,-51.554972,0000,0000,0000,00000000,0.0,764.4,764.3,0:00:00,76:12:07,-,-,0,-
2025-10-16 17:26:23,2025-10-16 15:25:28,2025-10-16 15:22:21,2025-10-16 15:22:21,867488068351542,16351,GTPDP,0x19FE7FBF,,802003,0x8303,0x0115,100,26446,0000,0000,00,00,11,12,12,-,00,00,0.0,0.0,98,98,983,983,-24.997965,-24.997965,-51.555641,-51.555641,0000,0000,0000,00000000,2.3,764.4,764.4,0:38:42,76:12:07,-,-,0,-
2025-10-16 17:26:22,2025-10-16 15:22:25,2025-10-16 15:22:21,2025-10-16 15:22:21,867488068351542,16350,GTPDP,0x19FE7FBF,,802003,0x8303,0x0115,100,26623,0000,0000,00,00,11,12,12,-,00,00,0.0,0.0,98,98,983,983,-24.997965,-24.997965,-51.555641,-51.555641,0000,0000,0000,00000000,2.3,764.4,764.4,0:38:42,76:12:07,-,-,0,-
2025-10-16 17:26:22,2025-10-16 15:22:21,2025-10-16 15:22:21,2025-10-16 15:22:21,867488068351542,16349,GTERI,0x19FE3FBF,0x00028102,802003,0x8303,0x0115,100,26623,0000,-,00,00,11,12,12,-,01,01,0.0,0.0,98,98,983,983,-24.997965,-24.997965,-51.555641,-51.555641,0000,0000,0000,00000000,2.3,764.4,764.4,0:38:42,76:12:07,-,-,0,-,,,,,00,0,00000000,00,10,,
2025-10-16 17:26:21,2025-10-16 15:20:44,2025-10-16 15:20:43,2025-10-16 15:20:43,867488068351542,16348,GTERI,0x19FE3FBF,0x00028102,802003,0x8303,0x0115,100,26780,0000,-,00,00,11,12,12,-,01,01,0.0,0.0,98,98,983,983,-24.997965,-24.997965,-51.555641,-51.555641,0000,0000,0000,00000000,2.3,764.4,764.4,0:38:42,76:12:07,-,-,0,-,,,,,00,0,00000000,00,10,,
2025-10-16 17:26:20,2025-10-16 15:18:12,2025-10-16 15:18:11,2025-10-16 15:18:11,867488068351542,16345,GTSTT,0x19FE7FBF,,802003,0x8303,0x0115,100,27175,0000,0000,00,00,11,12,12,-,01,01,0.0,0.0,98,98,983,983,-24.997965,-24.997965,-51.555641,-51.555641,0000,0000,0000,00000000,2.3,764.4,764.4,0:38:42,76:12:07,-,-,0,-
2025-10-16 17:26:19,2025-10-16 15:17:44,2025-10-16 15:17:42,2025-10-16 15:17:42,867488068351542,16344,GTERI,0x19FE3FBF,0x00028102,802003,0x8303,0x0115,100,27343,0000,-,00,00,12,12,12,-,01,01,0.0,0.0,98,98,983,983,-24.997965,-24.997965,-51.555641,-51.555641,0000,0000,0000,00000000,2.3,764.4,764.4,0:38:42,76:12:07,-,-,0,-,,,,,00,0,00000000,00,10,,
2025-10-16 17:26:19,,,,867488068351542,16343,ACK
2025-10-16 17:26:18,,,,867488068351542,16342,ACK
2025-10-16 17:26:18,2025-10-16 15:17:21,2025-10-16 15:17:21,2025-10-16 15:17:21,867488068351542,16341,GTIGL,0x19FE7FBF,,802003,0x8303,0x0115,100,30504,0000,0000,00,00,12,12,12,-,01,01,0.0,0.0,98,98,983,983,-24.997965,-24.997965,-51.555641,-51.555641,0000,0000,0000,00000000,2.3,764.4,764.4,0:38:42,76:12:07,-,-,0,-,,,,,,,,,01
2025-10-16 17:26:17,2025-10-16 15:17:20,2025-10-16 15:17:20,2025-10-16 15:17:20,867488068351542,16340,GTSTT,0x19FE7FBF,,802003,0x8303,0x0115,100,30504,0000,0000,00,00,12,12,12,-,01,01,0.0,0.0,98,98,983,983,-24.997965,-24.997965,-51.555641,-51.555641,0000,0000,0000,00000000,2.3,764.4,764.4,0:38:42,76:12:07,-,-,0,-
2025-10-16 17:26:17,2025-10-16 15:17:20,2025-10-16 15:17:20,2025-10-16 15:17:20,867488068351542,16339,GTIGF,0x19FE7FBF,,802003,0x8303,0x0115,100,30504,0000,0000,00,00,12,12,12,2322,01,01,0.0,0.0,98,98,983,983,-24.997965,-24.997965,-51.555641,-51.555641,0000,0000,0000,00000000,2.3,764.4,764.4,0:38:42,76:12:07,-,-,0,-
2025-10-16 17:26:16,2025-10-16 15:15:04,2025-10-16 15:15:05,2025-10-16 15:14:47,867488068351542,16337,GTDOG,0x19FE7FBF,,802003,0x8303,0x0115,100,30658,0000,0000,01,00,22,12,12,-,01,01,10.8,13.4,186,116,992,987,-24.994648,-24.994226,-51.553794,-51.553809,0000,0000,0000,00000000,1.8,764.0,763.9,0:36:24,76:09:49,-,-,0,-,,,,,,,,,07
2025-10-16 17:26:15,2025-10-16 15:14:44,2025-10-16 15:14:43,2025-10-16 15:14:23,867488068351542,16336,GTERI,0x19FE3FBF,0x00028102,802003,0x8303,0x0115,100,30604,0000,-,01,00,22,12,12,-,01,01,8.4,13.3,98,126,986,982,-24.994187,-24.993931,-51.553926,-51.554209,0000,0000,0000,00000000,1.7,763.9,763.8,0:36:03,76:09:28,-,-,0,-,,,,,00,0,00000000,00,10,,
2025-10-16 17:26:14,2025-10-16 15:11:44,2025-10-16 15:11:43,2025-10-16 15:09:54,867488068351542,16333,GTERI,0x19FE3FBF,0x00028102,802003,0x8303,0x0115,100,30591,0000,-,01,00,22,12,12,-,01,01,0.0,20.4,270,43,998,982,-24.994763,-24.996027,-51.553805,-51.554295,0000,0000,0000,00000000,1.5,763.7,763.5,0:33:03,76:06:28,-,-,0,-,,,,,00,0,00000000,00,10,,
2025-10-16 17:26:13,2025-10-16 15:08:44,2025-10-16 15:08:43,2025-10-16 15:08:44,867488068351542,16331,GTERI,0x19FE3FBF,0x00028102,802003,0x8303,0x0115,100,30659,0000,-,01,00,22,12,12,-,01,01,0.0,0.0,270,270,982,982,-24.997946,-24.997946,-51.555632,-51.555632,0000,0000,0000,00000000,1.1,763.3,763.3,0:30:03,76:03:28,-,-,0,-,,,,,00,0,00000000,00,10,,
2025-10-16 17:26:12,2025-10-16 15:05:44,2025-10-16 15:05:43,2025-10-16 15:05:44,867488068351542,16328,GTERI,0x19FE3FBF,0x00028102,802003,0x8303,0x0115,100,30683,0000,-,01,00,22,12,12,-,01,01,0.0,0.0,270,270,982,982,-24.997946,-24.997946,-51.555632,-51.555632,0000,0000,0000,00000000,1.1,763.3,763.3,0:27:03,76:00:28,-,-,0,-,,,,,00,0,00000000,00,10,,
2025-10-16 17:26:10,2025-10-16 15:02:44,2025-10-16 15:02:43,2025-10-16 15:02:44,867488068351542,16326,GTERI,0x19FE3FBF,0x00028102,802003,0x8303,0x0115,100,30658,0000,-,01,00,22,12,12,-,01,01,0.0,0.0,270,270,982,982,-24.997946,-24.997946,-51.555632,-51.555632,0000,0000,0000,00000000,1.1,763.3,763.3,0:24:03,75:57:28,-,-,0,-,,,,,00,0,00000000,00,10,,
2025-10-16 17:26:08,2025-10-16 14:59:44,2025-10-16 14:59:43,2025-10-16 14:59:44,867488068351542,16323,GTERI,0x19FE3FBF,0x00028102,802003,0x8303,0x0115,100,30625,0000,-,01,00,22,12,12,-,01,01,0.0,0.0,270,270,982,982,-24.997946,-24.997946,-51.555632,-51.555632,0000,0000,0000,00000000,1.1,763.3,763.3,0:21:03,75:54:28,-,-,0,-,,,,,00,0,00000000,00,10,,
2025-10-16 17:26:07,2025-10-16 14:56:44,2025-10-16 14:56:42,2025-10-16 14:55:14,867488068351542,16321,GTERI,0x19FE3FBF,0x00028102,802003,0x8303,0x0115,100,30728,0000,-,01,00,22,12,12,-,01,01,0.0,21.7,175,215,982,990,-24.997946,-24.996382,-51.555632,-51.554595,0000,0000,0000,00000000,1.1,763.3,763.1,0:18:03,75:51:28,-,-,0,-,,,,,00,0,00000000,00,10,,
2025-10-16 17:26:06,2025-10-16 14:53:44,2025-10-16 14:53:43,2025-10-16 14:51:50,867488068351542,16318,GTERI,0x19FE3FBF,0x00028102,802003,0x8303,0x0115,100,30638,0000,-,01,00,22,12,12,-,01,01,4.5,19.1,175,299,985,995,-24.995008,-24.994276,-51.55382,-51.553796,0000,0000,0000,00000000,0.7,762.9,762.6,0:15:03,75:48:28,-,-,0,-,,,,,00,0,00000000,00,10,,
2025-10-16 17:26:06,2025-10-16 14:50:44,2025-10-16 14:50:43,2025-10-16 14:48:21,867488068351542,16316,GTERI,0x19FE3FBF,0x00028102,802003,0x8303,0x0115,100,30637,0000,-,01,00,22,12,12,-,01,01,0.8,21.0,353,45,999,999,-24.995165,-24.996,-51.553802,-51.554247,0000,0000,0000,00000000,0.4,762.5,762.4,0:12:03,75:45:28,-,-,0,-,,,,,00,0,00000000,00,10,,
2025-10-16 17:26:03,2025-10-16 14:47:44,2025-10-16 14:47:43,2025-10-16 14:47:20,867488068351542,16313,GTERI,0x19FE3FBF,0x00028102,802003,0x8303,0x0115,100,30651,0000,-,01,00,22,12,12,-,01,01,3.6,12.8,27,7,1006,1003,-24.997085,-24.997472,-51.55514,-51.55522,0000,0000,0000,00000000,0.1,762.3,762.2,0:09:03,75:42:28,-,-,0,-,,,,,00,0,00000000,00,10,,
2025-10-16 17:26:02,2025-10-16 14:44:44,2025-10-16 14:44:43,2025-10-16 14:44:44,867488068351542,16311,GTERI,0x19FE3FBF,0x00028102,802003,0x8303,0x0115,100,30574,0000,-,01,00,22,12,12,-,01,01,0.0,0.0,155,155,1006,1006,-24.997961,-24.997961,-51.555525,-51.555525,0000,0000,0000,00000000,0.0,762.2,762.2,0:06:03,75:39:28,-,-,0,-,,,,,00,0,00000000,00,10,,
2025-10-16 17:26:01,,,,867488068351542,16309,ACK
2025-10-16 17:26:01,,,,867488068351542,16308,ACK
2025-10-16 17:26:00,,,,867488068351542,16307,ACK
2025-10-16 17:25:59,2025-10-16 14:41:44,2025-10-16 14:41:43,2025-10-16 14:41:44,867488068351542,16305,GTERI,0x19FE3FBF,0x00028102,802003,0x8303,0x0115,100,30674,0000,-,01,00,22,12,12,-,01,01,0.0,0.0,155,155,1006,1006,-24.997961,-24.997961,-51.555525,-51.555525,0000,0000,0000,00000000,0.0,762.2,762.2,0:03:03,75:36:28,-,-,0,-,,,,,00,0,00000000,00,10,,
2025-10-16 17:25:59,2025-10-16 14:41:43,2025-10-16 14:41:43,2025-10-16 14:39:05,867488068351542,16304,GTPDP,0x19FE7FBF,,802003,0x8303,0x0115,100,30674,0000,0000,01,00,22,12,12,-,00,01,0.0,0.6,155,214,1006,1006,-24.997961,-24.997961,-51.555525,-51.555525,0000,0000,0000,00000000,0.0,762.2,762.2,0:03:03,75:36:28,-,-,0,-
2025-10-16 17:25:58,2025-10-16 14:38:49,2025-10-16 14:38:49,2025-10-16 14:38:49,867488068351542,16302,GTIGL,0x19FE7FBF,,802003,0x8303,0x0115,100,30773,0000,0000,01,00,22,12,12,-,01,01,0.0,0.0,155,155,1014,1014,-24.997955,-24.997955,-51.555506,-51.555506,0000,0000,0000,00000000,0.0,762.2,762.2,0:00:09,75:33:34,-,-,0,-,,,,,,,,,00
2025-10-16 17:25:57,2025-10-16 14:38:49,2025-10-16 14:38:49,2025-10-16 14:38:49,867488068351542,16301,GTERI,0x19FE3FBF,0x00028102,802003,0x8303,0x0115,100,30773,0000,-,01,00,22,12,12,-,01,01,0.0,0.0,155,155,1014,1014,-24.997955,-24.997955,-51.555506,-51.555506,0000,0000,0000,00000000,0.0,762.2,762.2,0:00:09,75:33:34,-,-,0,-,,,,,00,0,00000000,00,10,,
2025-10-16 17:25:57,2025-10-16 14:38:43,2025-10-16 14:27:12,2025-10-16 14:27:12,867488068351542,16300,GTPDP,0x19FE7FBF,,802003,0x8303,0x0115,100,27049,0000,0000,01,00,22,12,12,-,00,00,0.0,0.0,155,155,987,987,-24.997925,-24.997925,-51.555578,-51.555578,0000,0000,0000,00000000,0.0,762.2,762.2,0:00:03,75:33:28,-,-,0,-
2025-10-16 17:25:56,2025-10-16 14:38:38,2025-10-16 14:27:12,2025-10-16 14:27:12,867488068351542,16299,GTSTT,0x19FE7FBF,,802003,0x8303,0x0115,100,26375,0000,0000,01,00,22,12,12,-,00,00,0.0,0.0,155,155,987,987,-24.997925,-24.997925,-51.555578,-51.555578,0000,0000,0000,00000000,0.0,762.2,762.2,0:00:00,75:33:25,-,-,0,-
2025-10-16 17:25:56,2025-10-16 14:38:38,2025-10-16 14:27:12,2025-10-16 14:27:12,867488068351542,16298,GTIGN,0x19FE7FBF,,802003,0x8303,0x0115,100,26375,0000,0000,01,00,22,12,12,986,00,01,0.0,0.0,155,155,987,987,-24.997925,-24.997925,-51.555578,-51.555578,0000,0000,0000,00000000,0.0,762.2,762.2,0:00:00,75:33:25,-,-,0,-
2025-10-16 17:25:55,2025-10-16 14:27:12,2025-10-16 14:27:12,2025-10-16 14:27:12,867488068351542,16296,GTERI,0x19FE3FBF,0x00028102,802003,0x8303,0x0115,100,26825,0000,-,00,00,11,12,12,-,01,01,0.0,0.0,155,155,987,987,-24.997925,-24.997925,-51.555578,-51.555578,0000,0000,0000,00000000,11.7,762.2,762.2,0:39:21,75:33:25,-,-,0,-,,,,,00,0,00000000,00,10,,
2025-10-16 17:25:54,2025-10-16 14:24:48,2025-10-16 14:24:47,2025-10-16 14:24:47,867488068351542,16295,GTERI,0x19FE3FBF,0x00028102,802003,0x8303,0x0115,100,27036,0000,-,00,00,11,12,12,-,01,01,0.0,0.0,155,155,987,987,-24.997925,-24.997925,-51.555578,-51.555578,0000,0000,0000,00000000,11.7,762.2,762.2,0:39:21,75:33:25,-,-,0,-,,,,,00,0,00000000,00,10,,
2025-10-16 17:25:54,2025-10-16 14:22:38,2025-10-16 14:22:38,2025-10-16 14:22:38,867488068351542,16294,GTSTT,0x19FE7FBF,,802003,0x8303,0x0115,100,27390,0000,0000,00,00,11,12,12,-,01,01,0.0,0.0,155,155,987,987,-24.997925,-24.997925,-51.555578,-51.555578,0000,0000,0000,00000000,11.7,762.2,762.2,0:39:21,75:33:25,-,-,0,-
2025-10-16 17:25:53,,,,867488068351542,16293,ACK
2025-10-16 17:25:53,,,,867488068351542,16292,ACK
2025-10-16 17:25:52,2025-10-16 14:22:12,2025-10-16 14:22:13,2025-10-16 14:22:13,867488068351542,16291,GTIGL,0x19FE7FBF,,802003,0x8303,0x0115,100,30705,0000,0000,00,00,12,12,12,-,01,01,0.0,0.0,155,155,987,987,-24.997925,-24.997925,-51.555578,-51.555578,0000,0000,0000,00000000,11.7,762.2,762.2,0:39:21,75:33:25,-,-,0,-,,,,,,,,,01
2025-10-16 17:25:52,2025-10-16 14:22:12,2025-10-16 14:22:12,2025-10-16 14:22:12,867488068351542,16290,GTSTT,0x19FE7FBF,,802003,0x8303,0x0115,100,30705,0000,0000,00,00,12,12,12,-,01,01,0.0,0.0,155,155,987,987,-24.997925,-24.997925,-51.555578,-51.555578,0000,0000,0000,00000000,11.7,762.2,762.2,0:39:21,75:33:25,-,-,0,-
2025-10-16 17:25:51,2025-10-16 14:22:12,2025-10-16 14:22:12,2025-10-16 14:22:12,867488068351542,16289,GTIGF,0x19FE7FBF,,802003,0x8303,0x0115,100,30705,0000,0000,00,00,12,12,12,2362,01,01,0.0,0.0,155,155,987,987,-24.997925,-24.997925,-51.555578,-51.555578,0000,0000,0000,00000000,11.7,762.2,762.2,0:39:21,75:33:25,-,-,0,-
2025-10-16 17:25:50,2025-10-16 14:21:48,2025-10-16 14:21:47,2025-10-16 14:18:48,867488068351542,16287,GTERI,0x19FE3FBF,0x00028102,802003,0x8303,0x0115,100,30574,0000,-,01,00,22,12,12,-,01,01,0.0,27.2,155,157,987,980,-24.997925,-24.993607,-51.555578,-51.553718,0000,0000,0000,00000000,11.7,762.2,761.5,0:38:57,75:33:01,-,-,0,-,,,,,00,0,00000000,00,10,,
2025-10-16 17:25:49,2025-10-16 14:18:48,2025-10-16 14:18:46,2025-10-16 14:16:00,867488068351542,16285,GTERI,0x19FE3FBF,0x00028102,802003,0x8303,0x0115,100,30683,0000,-,01,00,22,12,12,-,01,01,28.4,41.7,155,93,979,1034,-24.993479,-24.992085,-51.55378,-51.56482,0000,0000,0000,00000000,11.1,761.5,760.3,0:35:57,75:30:01,-,-,0,-,,,,,00,0,00000000,00,10,,
2025-10-16 17:25:48,2025-10-16 14:15:48,2025-10-16 14:15:47,2025-10-16 14:15:45,867488068351542,16282,GTERI,0x19FE3FBF,0x00028102,802003,0x8303,0x0115,100,30676,0000,-,01,00,22,12,12,-,01,01,28.6,30.0,82,78,1045,1045,-24.992213,-24.992217,-51.565966,-51.566125,0000,0000,0000,00000000,9.8,760.2,760.2,0:32:57,75:27:01,-,-,0,-,,,,,00,0,00000000,00,10,,
2025-10-16 17:25:47,2025-10-16 14:15:30,2025-10-16 14:15:30,2025-10-16 14:13:00,867488068351542,16281,GTPDP,0x19FE7FBF,,802003,0x8303,0x0115,100,30562,0000,0000,01,00,22,12,12,-,01,01,28.6,42.3,109,84,1040,1043,-24.99207,-24.99301,-51.567251,-51.578663,0000,0000,0000,00000000,9.6,760.1,758.7,0:32:39,75:26:43,-,-,0,-
2025-10-16 17:25:46,2025-10-16 14:12:48,2025-10-16 14:12:47,2025-10-16 14:12:46,867488068351542,16279,GTERI,0x19FE3FBF,0x00028102,802003,0x8303,0x0115,100,30668,0000,-,01,00,22,12,12,-,01,01,36.6,36.9,79,79,1042,1042,-24.99318,-24.993196,-51.580054,-51.580153,0000,0000,0000,00000000,8.1,758.6,758.5,0:29:57,75:24:01,-,-,0,-,,,,,00,0,00000000,00,10,,
2025-10-16 17:25:45,2025-10-16 14:09:46,2025-10-16 14:09:45,2025-10-16 14:09:47,867488068351542,16276,GTERI,0x19FE3FBF,0x00028102,802003,0x8303,0x0115,100,30673,0000,-,01,00,22,12,12,-,01,01,18.1,19.0,112,119,989,988,-24.987254,-24.987297,-51.591272,-51.591182,0000,0000,0000,00000000,6.8,757.2,757.2,0:26:54,75:20:58,-,-,0,-,,,,,00,0,00000000,00,10,,
2025-10-16 17:25:44,2025-10-16 14:06:46,2025-10-16 14:06:45,2025-10-16 14:05:24,867488068351542,16274,GTERI,0x19FE3FBF,0x00028102,802003,0x8303,0x0115,100,30612,0000,-,01,00,22,12,12,-,01,01,0.0,8.3,64,244,990,990,-24.987502,-24.987275,-51.59315,-51.592879,0000,0000,0000,00000000,6.6,757.0,757.0,0:23:54,75:17:58,-,-,0,-,,,,,00,0,00000000,00,10,,
2025-10-16 17:25:42,2025-10-16 14:03:46,2025-10-16 14:03:46,2025-10-16 14:03:47,867488068351542,16271,GTERI,0x19FE3FBF,0x00028102,802003,0x8303,0x0115,100,30602,0000,-,01,00,22,12,12,-,01,01,0.0,0.0,64,64,989,989,-24.98705,-24.98705,-51.592308,-51.592308,0000,0000,0000,00000000,6.5,757.0,757.0,0:20:54,75:14:58,-,-,0,-,,,,,00,0,00000000,00,10,,
2025-10-16 17:25:41,2025-10-16 14:00:46,2025-10-16 14:00:46,2025-10-16 13:57:47,867488068351542,16269,GTERI,0x19FE3FBF,0x00028102,802003,0x8303,0x0115,100,30604,0000,-,01,00,22,12,12,-,01,01,0.0,24.9,64,64,989,988,-24.98705,-24.98733,-51.592308,-51.592961,0000,0000,0000,00000000,6.5,757.0,756.8,0:17:54,75:11:58,-,-,0,-,,,,,00,0,00000000,00,10,,
2025-10-16 17:25:40,2025-10-16 13:57:46,2025-10-16 13:57:45,2025-10-16 13:55:21,867488068351542,16266,GTERI,0x19FE3FBF,0x00028102,802003,0x8303,0x0115,100,30619,0000,-,01,00,22,12,12,-,01,01,27.5,40.8,64,108,988,985,-24.987384,-24.990828,-51.593089,-51.603261,0000,0000,0000,00000000,6.3,756.8,755.7,0:14:54,75:08:58,-,-,0,-,,,,,00,0,00000000,00,10,,
2025-10-16 17:25:39,2025-10-16 13:54:46,2025-10-16 13:54:45,2025-10-16 13:54:13,867488068351542,16264,GTERI,0x19FE3FBF,0x00028102,802003,0x8303,0x0115,100,30645,0000,-,01,00,22,12,12,-,01,01,25.2,36.8,63,56,1017,1025,-24.991107,-24.99204,-51.605737,-51.607916,0000,0000,0000,00000000,5.0,755.4,755.2,0:11:54,75:05:58,-,-,0,-,,,,,00,0,00000000,00,10,,
2025-10-16 17:25:37,2025-10-16 13:51:46,2025-10-16 13:51:45,2025-10-16 13:49:57,867488068351542,16261,GTERI,0x19FE3FBF,0x00028102,802003,0x8303,0x0115,100,30654,0000,-,01,00,22,12,12,-,01,01,33.3,39.9,44,353,1030,1038,-25.001459,-25.007217,-51.611655,-51.616135,0000,0000,0000,00000000,3.4,753.9,753.0,0:08:54,75:02:58,-,-,0,-,,,,,00,0,00000000,00,10,,
2025-10-16 17:25:36,2025-10-16 13:49:31,2025-10-16 13:49:31,2025-10-16 13:49:01,867488068351542,16259,GTPDP,0x19FE7FBF,,802003,0x8303,0x0115,100,30671,0000,0000,01,00,22,12,12,-,01,01,34.6,36.9,41,86,1057,1057,-25.009503,-25.010294,-51.616134,-51.618699,0000,0000,0000,00000000,2.3,752.7,752.5,0:06:39,75:00:43,-,-,0,-
2025-10-16 17:25:36,2025-10-16 13:48:47,2025-10-16 13:48:46,2025-10-16 13:47:58,867488068351542,16258,GTERI,0x19FE3FBF,0x00028102,802003,0x8303,0x0115,100,30590,0000,-,01,00,22,12,12,-,01,01,25.3,37.1,37,357,1061,1072,-25.010535,-25.01365,-51.619827,-51.620784,0724,0004,85DE,0F795E0F,1.9,752.3,751.9,0:05:54,74:59:58,-,-,0,-,,,,,04,28,00000000,00,10,,
2025-10-16 17:25:35,2025-10-16 13:47:41,2025-10-16 13:47:41,2025-10-16 13:47:16,867488068351542,16256,GTPDP,0x19FE7FBF,,802003,0x8303,0x0115,100,30665,0000,0000,01,00,22,12,12,-,01,01,33.3,34.4,8,0,1075,1077,-25.01493,-25.016863,-51.620633,-51.620902,0000,0000,0000,00000000,1.4,751.8,751.6,0:04:51,74:58:55,-,-,0,-
2025-10-16 17:25:34,,,,867488068351542,16254,ACK
2025-10-16 17:25:33,,,,867488068351542,16253,ACK
2025-10-16 17:25:33,,,,867488068351542,16252,ACK
2025-10-16 17:25:32,2025-10-16 13:45:56,2025-10-16 13:45:56,2025-10-16 13:45:46,867488068351542,16250,GTPDP,0x19FE7FBF,,802003,0x8303,0x0115,100,30551,0000,0000,01,00,22,12,12,-,01,01,11.6,29.4,1,353,1079,1073,-25.020828,-25.021247,-51.62067,-51.620628,0000,0000,0000,00000000,0.7,751.1,751.1,0:03:03,74:57:07,-,-,0,-
2025-10-16 17:25:31,2025-10-16 13:45:45,2025-10-16 13:45:44,2025-10-16 13:45:43,867488068351542,16249,GTERI,0x19FE3FBF,0x00028102,802003,0x8303,0x0115,100,30655,0000,-,01,00,22,12,12,-,01,01,32.4,32.5,354,351,1071,1071,-25.021398,-25.021479,-51.620614,-51.620605,0000,0000,0000,00000000,0.7,751.1,751.1,0:02:54,74:56:58,-,-,0,-,,,,,00,0,00000000,00,10,,
2025-10-16 17:25:30,2025-10-16 13:43:04,2025-10-16 13:43:04,2025-10-16 13:43:04,867488068351542,16247,GTPDP,0x19FE7FBF,,802003,0x8303,0x0115,100,30595,0000,0000,01,00,22,12,12,-,01,01,0.0,0.0,40,40,1056,1056,-25.02635,-25.02635,-51.622304,-51.622304,0000,0000,0000,00000000,0.0,750.4,750.4,0:00:12,74:54:16,-,-,0,-
2025-10-16 17:25:30,2025-10-16 13:42:51,2025-10-16 13:42:51,2025-10-16 13:42:51,867488068351542,16246,GTIGL,0x19FE7FBF,,802003,0x8303,0x0115,100,27099,0000,0000,01,00,22,12,12,-,01,01,0.0,0.0,40,40,1056,1056,-25.02635,-25.02635,-51.622304,-51.622304,0000,0000,0000,00000000,0.0,750.4,750.4,0:00:00,74:54:04,-,-,0,-,,,,,,,,,00
2025-10-16 17:25:29,2025-10-16 13:42:51,2025-10-16 13:42:51,2025-10-16 13:42:51,867488068351542,16245,GTSTT,0x19FE7FBF,,802003,0x8303,0x0115,100,27099,0000,0000,01,00,22,12,12,-,01,01,0.0,0.0,40,40,1056,1056,-25.02635,-25.02635,-51.622304,-51.622304,0000,0000,0000,00000000,0.0,750.4,750.4,0:00:00,74:54:04,-,-,0,-
2025-10-16 17:25:28,2025-10-16 13:42:51,2025-10-16 13:42:51,2025-10-16 13:39:47,867488068351542,16244,GTIGN,0x19FE7FBF,,802003,0x8303,0x0115,100,27099,0000,0000,01,00,22,12,12,134,01,01,0.0,23.1,40,41,1056,1058,-25.02635,-25.026691,-51.622304,-51.622942,0000,0000,0000,00000000,0.0,750.4,750.4,0:00:00,74:54:04,-,-,0,-
2025-10-16 17:25:28,2025-10-16 13:42:45,2025-10-16 13:42:44,2025-10-16 13:42:44,867488068351542,16242,GTERI,0x19FE3FBF,0x00028102,802003,0x8303,0x0115,100,27099,0000,-,00,00,11,12,12,-,01,01,0.0,0.0,40,40,1056,1056,-25.02635,-25.02635,-51.622304,-51.622304,0000,0000,0000,00000000,10.8,750.4,750.4,0:45:57,74:54:04,-,-,0,-,,,,,00,0,00000000,00,10,,
2025-10-16 17:25:27,2025-10-16 13:41:17,2025-10-16 13:41:17,2025-10-16 13:41:17,867488068351542,16240,GTSTT,0x19FE7FBF,,802003,0x8303,0x0115,100,27315,0000,0000,00,00,11,12,12,-,01,01,0.0,0.0,40,40,1056,1056,-25.02635,-25.02635,-51.622304,-51.622304,0000,0000,0000,00000000,10.8,750.4,750.4,0:45:57,74:54:04,-,-,0,-
2025-10-16 17:25:26,,,,867488068351542,16239,ACK
2025-10-16 17:25:26,,,,867488068351542,16238,ACK
2025-10-16 17:25:25,2025-10-16 13:40:37,2025-10-16 13:40:37,2025-10-16 13:40:37,867488068351542,16237,GTIGL,0x19FE7FBF,,802003,0x8303,0x0115,100,30625,0000,0000,00,00,12,12,12,-,01,01,0.0,0.0,40,40,1056,1056,-25.02635,-25.02635,-51.622304,-51.622304,0000,0000,0000,00000000,10.8,750.4,750.4,0:45:57,74:54:04,-,-,0,-,,,,,,,,,01
2025-10-16 17:25:25,2025-10-16 13:40:37,2025-10-16 13:40:36,2025-10-16 13:40:36,867488068351542,16236,GTSTT,0x19FE7FBF,,802003,0x8303,0x0115,100,30625,0000,0000,00,00,12,12,12,-,01,01,0.0,0.0,40,40,1056,1056,-25.02635,-25.02635,-51.622304,-51.622304,0000,0000,0000,00000000,10.8,750.4,750.4,0:45:57,74:54:04,-,-,0,-
2025-10-16 17:25:24,2025-10-16 13:40:37,2025-10-16 13:40:36,2025-10-16 13:40:36,867488068351542,16235,GTIGF,0x19FE7FBF,,802003,0x8303,0x0115,100,30625,0000,0000,00,00,12,12,12,2757,01,01,0.0,0.0,40,40,1056,1056,-25.02635,-25.02635,-51.622304,-51.622304,0000,0000,0000,00000000,10.8,750.4,750.4,0:45:57,74:54:04,-,-,0,-
2025-10-16 17:25:23,2025-10-16 13:39:45,2025-10-16 13:39:44,2025-10-16 13:37:32,867488068351542,16233,GTERI,0x19FE3FBF,0x00028102,802003,0x8303,0x0115,100,30475,0000,-,01,00,22,12,12,-,01,01,22.1,30.0,40,330,1058,1047,-25.026821,-25.031794,-51.623064,-51.6236,0000,0000,0000,00000000,10.7,750.4,749.6,0:45:06,74:53:13,-,-,0,-,,,,,00,0,00000000,00,10,,
2025-10-16 17:25:22,2025-10-16 13:36:45,2025-10-16 13:36:44,2025-10-16 13:33:48,867488068351542,16231,GTERI,0x19FE3FBF,0x00028102,802003,0x8303,0x0115,100,30630,0000,-,01,00,22,12,12,-,01,01,20.6,30.7,327,359,1034,1076,-25.034214,-25.04181,-51.623294,-51.622889,0000,0000,0000,00000000,9.7,749.4,748.4,0:42:06,74:50:13,-,-,0,-,,,,,00,0,00000000,00,10,,
2025-10-16 17:25:21,2025-10-16 13:33:45,2025-10-16 13:33:44,2025-10-16 13:33:43,867488068351542,16228,GTERI,0x19FE3FBF,0x00028102,802003,0x8303,0x0115,100,30655,0000,-,01,00,22,12,12,-,01,01,28.5,29.3,9,7,1076,1075,-25.0421,-25.042172,-51.622901,-51.622913,0000,0000,0000,00000000,8.7,748.3,748.3,0:39:06,74:47:13,-,-,0,-,,,,,00,0,00000000,00,10,,
2025-10-16 17:25:20,2025-10-16 13:30:45,2025-10-16 13:30:44,2025-10-16 13:29:56,867488068351542,16226,GTERI,0x19FE3FBF,0x00028102,802003,0x8303,0x0115,100,30610,0000,-,01,00,22,12,12,-,01,01,19.4,30.1,49,354,1092,1096,-25.050691,-25.053125,-51.621943,-51.623187,0000,0000,0000,00000000,7.6,747.2,746.9,0:36:06,74:44:13,-,-,0,-,,,,,00,0,00000000,00,10,,
2025-10-16 17:25:19,2025-10-16 13:29:48,2025-10-16 13:29:48,2025-10-16 13:28:33,867488068351542,16224,GTPDP,0x19FE7FBF,,802003,0x8303,0x0115,100,30613,0000,0000,01,00,22,12,12,-,01,01,24.3,26.5,4,343,1097,1110,-25.053678,-25.057015,-51.623178,-51.623799,0000,0000,0000,00000000,7.2,746.8,746.4,0:35:09,74:43:16,-,-,0,-
2025-10-16 17:25:18,2025-10-16 13:28:21,2025-10-16 13:28:21,2025-10-16 13:28:21,867488068351542,16223,GTPDP,0x19FE7FBF,,802003,0x8303,0x0115,100,30643,0000,0000,01,00,22,12,12,-,01,01,25.9,25.9,322,322,1118,1118,-25.057648,-25.057648,-51.623344,-51.623344,0000,0000,0000,00000000,6.7,746.4,746.4,0:33:42,74:41:49,-,-,0,-
2025-10-16 17:25:17,2025-10-16 13:27:45,2025-10-16 13:27:44,2025-10-16 13:27:45,867488068351542,16221,GTERI,0x19FE3FBF,0x00028102,802003,0x8303,0x0115,100,30643,0000,-,01,00,22,12,12,-,01,01,21.6,22.6,8,6,1139,1139,-25.059457,-25.059402,-51.622963,-51.622956,0724,0004,85DA,0F79F10E,6.5,746.2,746.2,0:33:06,74:41:13,-,-,0,-,,,,,01,1800,00000000,00,10,,
2025-10-16 17:25:17,2025-10-16 13:26:48,2025-10-16 13:26:48,2025-10-16 13:26:19,867488068351542,16220,GTPDP,0x19FE7FBF,,802003,0x8303,0x0115,100,30610,0000,0000,01,00,22,12,12,-,01,01,9.5,33.5,348,1,1122,1118,-25.06115,-25.063161,-51.62258,-51.622855,0000,0000,0000,00000000,6.3,746.0,745.7,0:32:09,74:40:16,-,-,0,-
2025-10-16 17:25:16,2025-10-16 13:24:45,2025-10-16 13:24:44,2025-10-16 13:23:27,867488068351542,16218,GTERI,0x19FE3FBF,0x00028102,802003,0x8303,0x0115,100,30685,0000,-,01,00,22,12,12,-,01,01,22.7,24.9,0,297,1108,1113,-25.06811,-25.070992,-51.624527,-51.622202,0000,0000,0000,00000000,5.5,745.1,744.7,0:30:06,74:38:13,-,-,0,-,,,,,00,0,00000000,00,10,,
2025-10-16 17:25:14,2025-10-16 13:21:46,2025-10-16 13:21:45,2025-10-16 13:21:46,867488068351542,16215,GTERI,0x19FE3FBF,0x00028102,802003,0x8303,0x0115,100,30663,0000,-,01,00,22,12,12,-,01,01,0.0,0.0,293,293,1097,1097,-25.071698,-25.071698,-51.619909,-51.619909,0000,0000,0000,00000000,4.8,744.4,744.4,0:27:06,74:35:13,-,-,0,-,,,,,00,0,00000000,00,10,,
2025-10-16 17:25:13,2025-10-16 13:18:45,2025-10-16 13:18:44,2025-10-16 13:18:45,867488068351542,16213,GTERI,0x19FE3FBF,0x00028102,802003,0x8303,0x0115,100,30708,0000,-,01,00,22,12,12,-,01,01,0.0,0.0,328,328,1097,1097,-25.071698,-25.071698,-51.619909,-51.619909,0000,0000,0000,00000000,4.8,744.4,744.4,0:24:06,74:32:13,-,-,0,-,,,,,00,0,00000000,00,10,,
2025-10-16 17:25:12,2025-10-16 13:15:45,2025-10-16 13:15:44,2025-10-16 13:15:45,867488068351542,16210,GTERI,0x19FE3FBF,0x00028102,802003,0x8303,0x0115,100,30574,0000,-,01,00,22,12,12,-,01,01,0.0,0.0,328,328,1097,1097,-25.071698,-25.071698,-51.619909,-51.619909,0000,0000,0000,00000000,4.8,744.4,744.4,0:21:06,74:29:13,-,-,0,-,,,,,00,0,00000000,00,10,,
2025-10-16 14:14:11,2025-10-16 13:12:45,2025-10-16 13:12:44,2025-10-16 13:09:46,867488068351542,16208,GTERI,0x19FE3FBF,0x00028102,802003,0x8303,0x0115,100,30562,0000,-,01,00,22,12,12,-,01,01,0.0,3.6,328,293,1097,1097,-25.071698,-25.071698,-51.619909,-51.619909,0000,0000,0000,00000000,4.8,744.4,744.4,0:18:06,74:26:13,-,-,0,-,,,,,00,0,00000000,00,10,,
2025-10-16 14:14:09,2025-10-16 13:09:45,2025-10-16 13:09:44,2025-10-16 13:06:50,867488068351542,16205,GTERI,0x19FE3FBF,0x00028102,802003,0x8303,0x0115,100,30611,0000,-,01,00,22,12,12,-,01,01,3.5,30.4,328,169,1097,1104,-25.071707,-25.067345,-51.619894,-51.62466,0000,0000,0000,00000000,4.8,744.4,743.7,0:15:06,74:23:13,-,-,0,-,,,,,00,0,00000000,00,10,,
2025-10-16 14:14:08,2025-10-16 13:06:45,2025-10-16 13:06:45,2025-10-16 13:06:45,867488068351542,16203,GTERI,0x19FE3FBF,0x00028102,802003,0x8303,0x0115,100,28370,0000,-,01,00,22,12,12,-,01,01,29.3,29.3,190,190,1103,1103,-25.066972,-25.066972,-51.624672,-51.624672,0000,0000,0000,00000000,4.0,743.6,743.6,0:12:06,74:20:13,-,-,0,-,,,,,00,0,00000000,00,10,,
2025-10-16 14:14:07,2025-10-16 13:06:03,2025-10-16 13:06:03,2025-10-16 13:03:48,867488068351542,16201,GTPDP,0x19FE7FBF,,802003,0x8303,0x0115,100,28378,0000,0000,01,00,22,12,12,-,01,01,22.2,29.3,233,136,1116,1115,-25.064862,-25.057581,-51.623322,-51.623409,0000,0000,0000,00000000,3.7,743.3,742.5,0:11:24,74:19:31,-,-,0,-
2025-10-16 14:14:06,2025-10-16 13:03:45,2025-10-16 13:03:44,2025-10-16 13:02:30,867488068351542,16199,GTERI,0x19FE3FBF,0x00028102,802003,0x8303,0x0115,100,28372,0000,-,01,00,22,12,12,-,01,01,26.4,32.1,139,185,1113,1093,-25.057371,-25.053665,-51.62362,-51.62319,0000,0000,0000,00000000,2.8,742.4,742.0,0:09:06,74:17:13,-,-,0,-,,,,,00,0,00000000,00,10,,
2025-10-16 14:14:05,2025-10-16 13:00:45,2025-10-16 13:00:44,2025-10-16 12:58:56,867488068351542,16197,GTERI,0x19FE3FBF,0x00028102,802003,0x8303,0x0115,100,28330,0000,-,01,00,22,12,12,-,01,01,27.5,32.0,160,180,1085,1074,-25.047545,-25.041848,-51.620551,-51.622913,0000,0000,0000,00000000,1.6,741.2,740.5,0:06:06,74:14:13,-,-,0,-,,,,,00,0,00000000,00,10,,
2025-10-16 14:14:04,,,,867488068351542,16195,ACK
2025-10-16 14:14:04,,,,867488068351542,16194,ACK
2025-10-16 14:14:04,,,,867488068351542,16193,ACK
2025-10-16 14:14:02,2025-10-16 12:57:45,2025-10-16 12:57:44,2025-10-16 12:57:45,867488068351542,16191,GTERI,0x19FE3FBF,0x00028102,802003,0x8303,0x0115,100,28359,0000,-,01,00,22,12,12,-,01,01,22.4,21.9,221,224,1065,1066,-25.037749,-25.037788,-51.621745,-51.621787,0000,0000,0000,00000000,0.3,740.0,740.0,0:03:06,74:11:13,-,-,0,-,,,,,00,0,00000000,00,10,,
2025-10-16 14:14:02,2025-10-16 12:57:44,2025-10-16 12:57:44,2025-10-16 12:57:39,867488068351542,16190,GTPDP,0x19FE7FBF,,802003,0x8303,0x0115,100,28359,0000,0000,01,00,22,12,12,-,00,01,22.4,24.7,221,212,1065,1064,-25.037749,-25.037507,-51.621745,-51.621553,0000,0000,0000,00000000,0.3,740.0,740.0,0:03:03,74:11:10,-,-,0,-
2025-10-16 14:14:01,2025-10-16 12:54:53,2025-10-16 12:54:53,2025-10-16 12:54:53,867488068351542,16188,GTIGL,0x19FE7FBF,,802003,0x8303,0x0115,100,28248,0000,0000,01,00,22,12,12,-,01,01,0.0,0.0,176,176,1029,1029,-25.035542,-25.035542,-51.622932,-51.622932,0000,0000,0000,00000000,0.0,739.6,739.6,0:00:12,74:08:19,-,-,0,-,,,,,,,,,00
2025-10-16 14:14:00,2025-10-16 12:54:53,2025-10-16 12:54:53,2025-10-16 12:54:53,867488068351542,16187,GTERI,0x19FE3FBF,0x00028102,802003,0x8303,0x0115,100,28248,0000,-,01,00,22,12,12,-,01,01,0.0,0.0,176,176,1029,1029,-25.035542,-25.035542,-51.622932,-51.622932,0000,0000,0000,00000000,0.0,739.6,739.6,0:00:12,74:08:19,-,-,0,-,,,,,00,0,00000000,00,10,,
2025-10-16 14:14:00,2025-10-16 12:54:44,2025-10-16 12:19:09,2025-10-16 12:19:09,867488068351542,16186,GTPDP,0x19FE7FBF,,802003,0x8303,0x0115,100,27531,0000,0000,01,00,22,12,12,-,00,00,0.0,0.0,176,176,1045,1045,-25.035558,-25.035558,-51.623002,-51.623002,0000,0000,0000,00000000,0.0,739.6,739.6,0:00:03,74:08:10,-,-,0,-
2025-10-16 14:13:59,2025-10-16 12:54:39,2025-10-16 12:19:09,2025-10-16 12:19:09,867488068351542,16185,GTSTT,0x19FE7FBF,,802003,0x8303,0x0115,100,25983,0000,0000,01,00,22,12,12,-,00,00,0.0,0.0,176,176,1045,1045,-25.035558,-25.035558,-51.623002,-51.623002,0000,0000,0000,00000000,0.0,739.6,739.6,0:00:00,74:08:07,-,-,0,-
2025-10-16 14:13:59,2025-10-16 12:54:39,2025-10-16 12:19:09,2025-10-16 11:15:55,867488068351542,16184,GTIGN,0x19FE7FBF,,802003,0x8303,0x0115,100,25983,0000,0000,01,00,22,12,12,5880,00,01,0.0,11.2,176,158,1045,1045,-25.035558,-25.03551,-51.623002,-51.623036,0000,0000,0000,00000000,0.0,739.6,739.6,0:00:00,74:08:07,-,-,0,-
2025-10-16 14:13:58,2025-10-16 12:21:34,2025-10-16 12:19:09,2025-10-16 12:19:09,867488068351542,16182,GTERI,0x19FE3FBF,0x00028102,802003,0x8303,0x0115,100,26061,0000,-,00,00,11,12,12,-,01,01,0.0,0.0,176,176,1045,1045,-25.035558,-25.035558,-51.623002,-51.623002,0000,0000,0000,00000000,6.7,739.6,739.6,0:33:54,74:08:07,-,-,0,-,,,,,00,0,00000000,00,10,,
2025-10-16 14:13:57,2025-10-16 12:07:07,2025-10-16 12:07:07,2025-10-16 12:07:07,867488068351542,16181,GTDOG,0x19FE7FBF,,802003,0x8303,0x0115,100,25990,0000,0000,00,00,11,12,12,-,01,01,0.0,0.0,176,176,1045,1045,-25.035558,-25.035558,-51.623002,-51.623002,0000,0000,0000,00000000,6.7,739.6,739.6,0:33:54,74:08:07,-,-,0,-,,,,,,,,,07
2025-10-16 14:13:57,2025-10-16 11:24:48,2025-10-16 11:21:40,2025-10-16 11:21:40,867488068351542,16180,GTPDP,0x19FE7FBF,,802003,0x8303,0x0115,100,26803,0000,0000,00,00,11,12,12,-,00,00,0.0,0.0,176,176,1045,1045,-25.035558,-25.035558,-51.623002,-51.623002,0000,0000,0000,00000000,6.7,739.6,739.6,0:33:54,74:08:07,-,-,0,-
2025-10-16 14:13:56,2025-10-16 11:21:44,2025-10-16 11:21:40,2025-10-16 11:21:40,867488068351542,16179,GTPDP,0x19FE7FBF,,802003,0x8303,0x0115,100,26845,0000,0000,00,00,11,12,12,-,00,00,0.0,0.0,176,176,1045,1045,-25.035558,-25.035558,-51.623002,-51.623002,0000,0000,0000,00000000,6.7,739.6,739.6,0:33:54,74:08:07,-,-,0,-
2025-10-16 14:13:56,2025-10-16 11:21:40,2025-10-16 11:21:40,2025-10-16 11:21:40,867488068351542,16178,GTERI,0x19FE3FBF,0x00028102,802003,0x8303,0x0115,100,26845,0000,-,00,00,11,12,12,-,01,01,0.0,0.0,176,176,1045,1045,-25.035558,-25.035558,-51.623002,-51.623002,0000,0000,0000,00000000,6.7,739.6,739.6,0:33:54,74:08:07,-,-,0,-,,,,,00,0,00000000,00,10,,
2025-10-16 14:13:55,2025-10-16 11:18:53,2025-10-16 11:18:52,2025-10-16 11:18:52,867488068351542,16176,GTERI,0x19FE3FBF,0x00028102,802003,0x8303,0x0115,100,27110,0000,-,00,00,11,12,12,-,01,01,0.0,0.0,176,176,1045,1045,-25.035558,-25.035558,-51.623002,-51.623002,0000,0000,0000,00000000,6.7,739.6,739.6,0:33:54,74:08:07,-,-,0,-,,,,,00,0,00000000,00,10,,
2025-10-16 14:13:54,2025-10-16 11:17:31,2025-10-16 11:17:31,2025-10-16 11:17:31,867488068351542,16174,GTSTT,0x19FE7FBF,,802003,0x8303,0x0115,100,27222,0000,0000,00,00,11,12,12,-,01,01,0.0,0.0,176,176,1045,1045,-25.035558,-25.035558,-51.623002,-51.623002,0000,0000,0000,00000000,6.7,739.6,739.6,0:33:54,74:08:07,-,-,0,-
2025-10-16 14:13:53,,,,867488068351542,16172,ACK
2025-10-16 14:13:52,,,,867488068351542,16171,ACK
2025-10-16 14:13:52,2025-10-16 11:16:40,2025-10-16 11:16:41,2025-10-16 11:16:41,867488068351542,16170,GTIGL,0x19FE7FBF,,802003,0x8303,0x0115,100,30653,0000,0000,00,00,12,12,12,-,01,01,0.0,0.0,176,176,1045,1045,-25.035558,-25.035558,-51.623002,-51.623002,0000,0000,0000,00000000,6.7,739.6,739.6,0:33:54,74:08:07,-,-,0,-,,,,,,,,,01
2025-10-16 14:13:51,2025-10-16 11:16:39,2025-10-16 11:16:39,2025-10-16 11:16:39,867488068351542,16169,GTSTT,0x19FE7FBF,,802003,0x8303,0x0115,100,30653,0000,0000,00,00,12,12,12,-,01,01,0.0,0.0,176,176,1045,1045,-25.035558,-25.035558,-51.623002,-51.623002,0000,0000,0000,00000000,6.7,739.6,739.6,0:33:54,74:08:07,-,-,0,-
2025-10-16 14:13:51,2025-10-16 11:16:39,2025-10-16 11:16:39,2025-10-16 11:16:39,867488068351542,16168,GTIGF,0x19FE7FBF,,802003,0x8303,0x0115,100,30653,0000,0000,00,00,12,12,12,2036,01,01,0.0,0.0,176,176,1045,1045,-25.035558,-25.035558,-51.623002,-51.623002,0000,0000,0000,00000000,6.7,739.6,739.6,0:33:54,74:08:07,-,-,0,-
2025-10-16 13:49:04,2025-10-16 11:16:39,2025-10-16 11:16:39,2025-10-16 11:16:39,867488068351542,16168,GTIGF,0x19FE7FBF,,802003,0x8303,0x0115,100,30653,0000,0000,00,00,12,12,12,2036,01,01,0.0,0.0,176,176,1045,1045,-25.035558,-25.035558,-51.623002,-51.623002,0000,0000,0000,00000000,6.7,739.6,739.6,0:33:54,74:08:07,-,-,0,-
2025-10-16 13:48:44,2025-10-16 11:16:39,2025-10-16 11:16:39,2025-10-16 11:16:39,867488068351542,16168,GTIGF,0x19FE7FBF,,802003,0x8303,0x0115,100,30653,0000,0000,00,00,12,12,12,2036,01,01,0.0,0.0,176,176,1045,1045,-25.035558,-25.035558,-51.623002,-51.623002,0000,0000,0000,00000000,6.7,739.6,739.6,0:33:54,74:08:07,-,-,0,-
2025-10-16 13:48:44,2025-10-16 11:15:53,2025-10-16 11:15:53,2025-10-16 11:15:34,867488068351542,16167,GTERI,0x19FE3FBF,0x00028102,802003,0x8303,0x0115,100,30590,0000,-,01,00,22,12,12,-,01,01,12.8,17.0,176,168,1045,1041,-25.035451,-25.034727,-51.62305,-51.623066,0000,0000,0000,00000000,6.7,739.6,739.6,0:33:09,74:07:22,-,-,0,-,,,,,00,0,00000000,00,10,,
2025-10-16 13:48:42,2025-10-16 11:12:53,2025-10-16 11:12:52,2025-10-16 11:12:53,867488068351542,16165,GTERI,0x19FE3FBF,0x00028102,802003,0x8303,0x0115,100,30580,0000,-,01,00,22,12,12,-,01,01,0.0,0.0,215,215,1041,1041,-25.033857,-25.033857,-51.623523,-51.623523,0000,0000,0000,00000000,6.5,739.4,739.4,0:30:09,74:04:22,-,-,0,-,,,,,00,0,00000000,00,10,,
2025-10-16 13:05:15,2025-10-16 11:12:53,2025-10-16 11:12:52,2025-10-16 11:12:53,867488068351542,16165,GTERI,0x19FE3FBF,0x00028102,802003,0x8303,0x0115,100,30580,0000,-,01,00,22,12,12,-,01,01,0.0,0.0,215,215,1041,1041,-25.033857,-25.033857,-51.623523,-51.623523,0000,0000,0000,00000000,6.5,739.4,739.4,0:30:09,74:04:22,-,-,0,-,,,,,00,0,00000000,00,10,,
2025-10-16 13:05:14,2025-10-16 11:09:53,2025-10-16 11:09:52,2025-10-16 11:08:06,867488068351542,16162,GTERI,0x19FE3FBF,0x00028102,802003,0x8303,0x0115,100,30659,0000,-,01,00,22,12,12,-,01,01,0.0,25.1,215,184,1041,1046,-25.033857,-25.032569,-51.623523,-51.623444,0000,0000,0000,00000000,6.5,739.4,739.3,0:27:09,74:01:22,-,-,0,-,,,,,00,0,00000000,00,10,,
2025-10-16 13:05:13,2025-10-16 11:06:57,2025-10-16 11:06:57,2025-10-16 11:06:54,867488068351542,16160,GTDOG,0x19FE7FBF,,802003,0x8303,0x0115,100,30673,0000,0000,01,00,22,12,12,-,01,01,15.0,16.1,204,205,1038,1037,-25.029546,-25.029439,-51.624979,-51.624924,0000,0000,0000,00000000,6.0,738.9,738.9,0:24:12,73:58:25,-,-,0,-,,,,,,,,,07
2025-10-16 13:05:12,2025-10-16 11:06:53,2025-10-16 11:06:51,2025-10-16 11:05:16,867488068351542,16159,GTERI,0x19FE3FBF,0x00028102,802003,0x8303,0x0115,100,30563,0000,-,01,00,22,12,12,-,01,01,17.0,23.8,215,212,1036,1061,-25.029333,-25.026012,-51.62486,-51.622263,0000,0000,0000,00000000,5.9,738.9,738.4,0:24:09,73:58:22,-,-,0,-,,,,,00,0,00000000,00,10,,
2025-10-16 13:05:11,2025-10-16 11:03:53,2025-10-16 11:03:51,2025-10-16 11:03:30,867488068351542,16156,GTERI,0x19FE3FBF,0x00028102,802003,0x8303,0x0115,100,30613,0000,-,01,00,22,12,12,-,01,01,19.9,29.2,162,176,1065,1064,-25.022486,-25.02138,-51.620143,-51.620623,0000,0000,0000,00000000,4.9,737.9,737.7,0:21:09,73:55:22,-,-,0,-,,,,,00,0,00000000,00,10,,
2025-10-16 13:05:10,2025-10-16 11:00:53,2025-10-16 11:00:51,2025-10-16 10:58:59,867488068351542,16154,GTERI,0x19FE3FBF,0x00028102,802003,0x8303,0x0115,100,30577,0000,-,01,00,22,12,12,-,01,01,26.5,31.4,197,121,1056,1056,-25.012607,-25.01037,-51.620648,-51.623745,0000,0000,0000,00000000,3.8,736.8,736.1,0:18:09,73:52:22,-,-,0,-,,,,,00,0,00000000,00,10,,
2025-10-16 13:05:07,2025-10-16 10:57:53,2025-10-16 10:57:52,2025-10-16 10:55:22,867488068351542,16151,GTERI,0x19FE3FBF,0x00028102,802003,0x8303,0x0115,100,30678,0000,-,01,00,22,12,12,-,01,01,22.9,35.0,96,45,1052,1032,-25.009761,-25.011228,-51.628064,-51.635899,0000,0000,0000,00000000,2.7,735.7,734.9,0:15:09,73:49:22,-,-,0,-,,,,,00,0,00000000,00,10,,
2025-10-16 13:05:06,2025-10-16 10:54:53,2025-10-16 10:54:51,2025-10-16 10:53:09,867488068351542,16149,GTERI,0x19FE3FBF,0x00028102,802003,0x8303,0x0115,100,30646,0000,-,01,00,22,12,12,-,01,01,28.0,32.2,54,54,1047,1011,-25.012873,-25.015371,-51.63729,-51.643366,0000,0000,0000,00000000,1.7,734.6,733.9,0:12:09,73:46:22,-,-,0,-,,,,,00,0,00000000,00,10,,
2025-10-16 13:05:05,2025-10-16 10:51:53,2025-10-16 10:51:51,2025-10-16 10:51:50,867488068351542,16146,GTERI,0x19FE3FBF,0x00028102,802003,0x8303,0x0115,100,30610,0000,-,01,00,22,12,12,-,01,01,22.7,22.8,176,171,1042,1043,-25.01372,-25.013662,-51.646042,-51.646047,0000,0000,0000,00000000,0.5,733.4,733.4,0:09:09,73:43:22,-,-,0,-,,,,,00,0,00000000,00,10,,
2025-10-16 13:05:04,2025-10-16 10:48:53,2025-10-16 10:48:51,2025-10-16 10:48:52,867488068351542,16144,GTERI,0x19FE3FBF,0x00028102,802003,0x8303,0x0115,100,30687,0000,-,01,00,22,12,12,-,01,01,0.0,0.0,346,346,1042,1042,-25.012956,-25.012956,-51.646411,-51.646411,0000,0000,0000,00000000,0.4,733.3,733.3,0:06:09,73:40:22,-,-,0,-,,,,,00,0,00000000,00,10,,
2025-10-16 13:05:03,,,,867488068351542,16142,ACK
2025-10-16 13:04:58,,,,867488068351542,16141,ACK
2025-10-16 13:04:57,,,,867488068351542,16140,ACK
2025-10-16 13:04:57,2025-10-16 10:45:52,2025-10-16 10:45:51,2025-10-16 10:45:52,867488068351542,16138,GTERI,0x19FE3FBF,0x00028102,802003,0x8303,0x0115,100,30629,0000,-,01,00,22,12,12,-,01,01,0.0,0.0,346,346,1042,1042,-25.012956,-25.012956,-51.646411,-51.646411,0000,0000,0000,00000000,0.4,733.3,733.3,0:03:09,73:37:22,-,-,0,-,,,,,00,0,00000000,00,10,,
2025-10-16 13:04:56,2025-10-16 10:45:48,2025-10-16 10:45:48,2025-10-16 10:44:46,867488068351542,16137,GTPDP,0x19FE7FBF,,802003,0x8303,0x0115,100,30655,0000,0000,01,00,22,12,12,-,01,01,0.0,26.0,346,138,1042,1030,-25.012956,-25.011901,-51.646411,-51.648177,0000,0000,0000,00000000,0.4,733.3,733.1,0:03:03,73:37:16,-,-,0,-
2025-10-16 13:04:55,2025-10-16 10:42:52,2025-10-16 10:42:52,2025-10-16 10:42:52,867488068351542,16135,GTIGL,0x19FE7FBF,,802003,0x8303,0x0115,100,30735,0000,0000,01,00,22,12,12,-,01,01,0.0,0.0,346,346,1032,1032,-25.011219,-25.011219,-51.64951,-51.64951,0000,0000,0000,00000000,0.0,733.0,733.0,0:00:09,73:34:22,-,-,0,-,,,,,,,,,00
2025-10-16 13:04:55,2025-10-16 10:42:52,2025-10-16 10:42:52,2025-10-16 10:42:52,867488068351542,16134,GTERI,0x19FE3FBF,0x00028102,802003,0x8303,0x0115,100,30735,0000,-,01,00,22,12,12,-,01,01,0.0,0.0,346,346,1032,1032,-25.011219,-25.011219,-51.64951,-51.64951,0000,0000,0000,00000000,0.0,733.0,733.0,0:00:09,73:34:22,-,-,0,-,,,,,00,0,00000000,00,10,,
2025-10-16 13:04:54,2025-10-16 10:42:48,2025-10-16 10:39:15,2025-10-16 10:39:15,867488068351542,16133,GTPDP,0x19FE7FBF,,802003,0x8303,0x0115,100,26417,0000,0000,01,00,22,12,12,-,00,00,0.0,0.0,346,346,1033,1033,-25.011235,-25.011235,-51.649441,-51.649441,0000,0000,0000,00000000,0.0,733.0,733.0,0:00:03,73:34:16,-,-,0,-
2025-10-16 13:04:54,2025-10-16 10:42:43,2025-10-16 10:39:15,2025-10-16 10:39:15,867488068351542,16132,GTSTT,0x19FE7FBF,,802003,0x8303,0x0115,100,26739,0000,0000,01,00,22,12,12,-,00,00,0.0,0.0,346,346,1033,1033,-25.011235,-25.011235,-51.649441,-51.649441,0000,0000,0000,00000000,0.0,733.0,733.0,0:00:00,73:34:13,-,-,0,-
2025-10-16 13:04:53,2025-10-16 10:42:43,2025-10-16 10:39:15,2025-10-16 10:39:15,867488068351542,16131,GTIGN,0x19FE7FBF,,802003,0x8303,0x0115,100,26739,0000,0000,01,00,22,12,12,509,00,01,0.0,0.0,346,346,1033,1033,-25.011235,-25.011235,-51.649441,-51.649441,0000,0000,0000,00000000,0.0,733.0,733.0,0:00:00,73:34:13,-,-,0,-
2025-10-16 13:04:52,2025-10-16 10:39:15,2025-10-16 10:39:15,2025-10-16 10:39:15,867488068351542,16129,GTERI,0x19FE3FBF,0x00028102,802003,0x8303,0x0115,100,26783,0000,-,00,00,11,12,12,-,01,01,0.0,0.0,346,346,1033,1033,-25.011235,-25.011235,-51.649441,-51.649441,0000,0000,0000,00000000,35.6,733.0,733.0,2:03:08,73:34:13,-,-,0,-,,,,,00,0,00000000,00,10,,
2025-10-16 13:04:51,2025-10-16 10:37:14,2025-10-16 10:37:13,2025-10-16 10:37:13,867488068351542,16127,GTERI,0x19FE3FBF,0x00028102,802003,0x8303,0x0115,100,26915,0000,-,00,00,11,12,12,-,01,01,0.0,0.0,346,346,1033,1033,-25.011235,-25.011235,-51.649441,-51.649441,0000,0000,0000,00000000,35.6,733.0,733.0,2:03:08,73:34:13,-,-,0,-,,,,,00,0,00000000,00,10,,
2025-10-16 13:04:50,2025-10-16 10:34:45,2025-10-16 10:34:44,2025-10-16 10:34:44,867488068351542,16125,GTSTT,0x19FE7FBF,,802003,0x8303,0x0115,100,27404,0000,0000,00,00,11,12,12,-,01,01,0.0,0.0,346,346,1033,1033,-25.011235,-25.011235,-51.649441,-51.649441,0000,0000,0000,00000000,35.6,733.0,733.0,2:03:08,73:34:13,-,-,0,-
2025-10-16 13:04:50,2025-10-16 10:34:16,2025-10-16 10:34:16,2025-10-16 10:34:16,867488068351542,16124,GTIGL,0x19FE7FBF,,802003,0x8303,0x0115,100,30583,0000,0000,00,00,12,12,12,-,01,01,0.0,0.0,346,346,1033,1033,-25.011235,-25.011235,-51.649441,-51.649441,0000,0000,0000,00000000,35.6,733.0,733.0,2:03:08,73:34:13,-,-,0,-,,,,,,,,,01
2025-10-16 13:04:49,,,,867488068351542,16123,ACK
2025-10-16 13:04:49,,,,867488068351542,16122,ACK
2025-10-16 13:04:48,2025-10-16 10:34:14,2025-10-16 10:34:14,2025-10-16 10:34:14,867488068351542,16121,GTSTT,0x19FE7FBF,,802003,0x8303,0x0115,100,30583,0000,0000,00,00,12,12,12,-,01,01,0.0,0.0,346,346,1033,1033,-25.011235,-25.011235,-51.649441,-51.649441,0000,0000,0000,00000000,35.6,733.0,733.0,2:03:08,73:34:13,-,-,0,-
2025-10-16 13:04:48,2025-10-16 10:34:14,2025-10-16 10:34:14,2025-10-16 10:34:14,867488068351542,16120,GTIGF,0x19FE7FBF,,802003,0x8303,0x0115,100,30583,0000,0000,00,00,12,12,12,7387,01,01,0.0,0.0,346,346,1033,1033,-25.011235,-25.011235,-51.649441,-51.649441,0000,0000,0000,00000000,35.6,733.0,733.0,2:03:08,73:34:13,-,-,0,-
2025-10-16 13:04:47,2025-10-16 10:34:14,2025-10-16 10:34:13,2025-10-16 10:31:26,867488068351542,16119,GTERI,0x19FE3FBF,0x00028102,802003,0x8303,0x0115,100,30583,0000,-,00,00,22,12,12,-,01,01,0.0,23.7,346,349,1033,1031,-25.011235,-25.013569,-51.649441,-51.646091,0000,0000,0000,00000000,35.6,733.0,732.5,2:03:08,73:34:13,-,-,0,-,,,,,00,0,00000000,00,10,,
2025-10-16 13:04:46,2025-10-16 10:31:14,2025-10-16 10:31:12,2025-10-16 10:29:44,867488068351542,16116,GTERI,0x19FE3FBF,0x00028102,802003,0x8303,0x0115,100,30659,0000,-,01,00,22,12,12,-,01,01,16.7,32.7,346,234,1030,1012,-25.014266,-25.015313,-51.645988,-51.64327,0000,0000,0000,00000000,35.1,732.4,732.0,2:00:08,73:31:13,-,-,0,-,,,,,00,0,00000000,00,10,,
2025-10-16 13:04:45,2025-10-16 10:28:14,2025-10-16 10:28:12,2025-10-16 10:27:42,867488068351542,16114,GTERI,0x19FE3FBF,0x00028102,802003,0x8303,0x0115,100,30611,0000,-,01,00,22,12,12,-,01,01,27.4,36.7,233,226,1048,1031,-25.012736,-25.011152,-51.637169,-51.635862,0000,0000,0000,00000000,34.0,731.3,731.1,1:57:08,73:28:13,-,-,0,-,,,,,00,0,00000000,00,10,,
2025-10-16 13:04:44,2025-10-16 10:25:14,2025-10-16 10:25:13,2025-10-16 10:24:12,867488068351542,16111,GTERI,0x19FE3FBF,0x00028102,802003,0x8303,0x0115,100,30622,0000,-,01,00,22,12,12,-,01,01,29.1,39.4,301,267,1056,1058,-25.0102,-25.010191,-51.623947,-51.618813,0000,0000,0000,00000000,32.5,729.8,729.3,1:54:08,73:25:13,-,-,0,-,,,,,00,0,00000000,00,10,,
2025-10-16 13:04:43,2025-10-16 10:22:13,2025-10-16 10:22:12,2025-10-16 10:20:35,867488068351542,16109,GTERI,0x19FE3FBF,0x00028102,802003,0x8303,0x0115,100,30620,0000,-,01,00,22,12,12,-,01,01,33.8,40.0,213,185,1030,1032,-25.004242,-24.997465,-51.613901,-51.611788,0000,0000,0000,00000000,31.0,728.3,727.4,1:51:05,73:22:10,-,-,0,-,,,,,00,0,00000000,00,10,,
2025-10-16 13:04:41,2025-10-16 10:19:13,2025-10-16 10:19:12,2025-10-16 10:16:38,867488068351542,16106,GTERI,0x19FE3FBF,0x00028102,802003,0x8303,0x0115,100,30550,0000,-,01,00,22,12,12,-,01,01,26.7,39.5,251,250,1032,991,-24.992344,-24.989496,-51.608783,-51.59832,0000,0000,0000,00000000,29.4,726.7,725.5,1:48:05,73:19:10,-,-,0,-,,,,,00,0,00000000,00,10,,
2025-10-16 13:04:40,2025-10-16 10:16:13,2025-10-16 10:16:11,2025-10-16 10:14:28,867488068351542,16104,GTERI,0x19FE3FBF,0x00028102,802003,0x8303,0x0115,100,30638,0000,-,01,00,22,12,12,-,01,01,27.8,37.2,252,322,1003,989,-24.988602,-24.989629,-51.596057,-51.58866,0000,0000,0000,00000000,28.0,725.3,724.4,1:45:05,73:16:10,-,-,0,-,,,,,00,0,00000000,00,10,,
2025-10-16 13:04:39,2025-10-16 10:13:13,2025-10-16 10:13:12,2025-10-16 10:13:03,867488068351542,16101,GTERI,0x19FE3FBF,0x00028102,802003,0x8303,0x0115,100,30625,0000,-,01,00,22,12,12,-,01,01,20.6,21.5,289,311,1032,1036,-24.992213,-24.992472,-51.584122,-51.583691,0000,0000,0000,00000000,26.5,723.8,723.8,1:42:05,73:13:10,-,-,0,-,,,,,00,0,00000000,00,10,,
2025-10-16 13:04:16,2025-10-16 10:10:13,2025-10-16 10:10:12,2025-10-16 10:08:35,867488068351542,16099,GTERI,0x19FE3FBF,0x00028102,802003,0x8303,0x0115,100,30681,0000,-,01,00,22,12,12,-,01,01,0.0,37.6,241,262,1039,1037,-24.993066,-24.99306,-51.582231,-51.579645,0000,0000,0000,00000000,26.3,723.6,723.4,1:39:05,73:10:10,-,-,0,-,,,,,00,0,00000000,00,10,,
2025-10-16 13:04:15,2025-10-16 10:08:35,2025-10-16 10:08:34,2025-10-16 10:08:27,867488068351542,16097,GTPDP,0x19FE7FBF,,802003,0x8303,0x0115,100,30655,0000,0000,01,00,22,12,12,-,01,01,37.7,42.8,260,265,1037,1037,-24.993047,-24.992976,-51.579542,-51.578761,0000,0000,0000,00000000,26.0,723.3,723.3,1:37:29,73:08:34,-,-,0,-
2025-10-16 10:07:59,,,,867488068351542,16096,HBD
2025-10-16 10:07:58,2025-10-16 10:07:13,2025-10-16 10:07:11,2025-10-16 10:05:25,867488068351542,16095,GTERI,0x19FE3FBF,0x00028102,802003,0x8303,0x0115,100,30645,0000,-,01,00,22,12,12,-,01,01,35.4,45.8,241,272,1048,1023,-24.994744,-24.99207,-51.573055,-51.56479,0000,0000,0000,00000000,25.3,722.6,721.6,1:36:05,73:07:10,-,-,0,-,,,,,00,0,00000000,00,10,,
2025-10-16 10:07:58,,,,867488068351542,16094,HBD
2025-10-16 10:07:57,2025-10-16 10:04:13,2025-10-16 10:04:12,2025-10-16 10:02:25,867488068351542,16093,GTERI,0x19FE3FBF,0x00028102,802003,0x8303,0x0115,100,30692,0000,-,01,00,22,12,12,-,01,01,20.2,32.8,291,333,1013,969,-24.992237,-24.993307,-51.559751,-51.55382,0000,0000,0000,00000000,23.8,721.1,720.4,1:33:05,73:04:10,-,-,0,-,,,,,00,0,00000000,00,10,,
2025-10-16 10:07:56,,,,867488068351542,16092,HBD
2025-10-16 10:07:56,,,,867488068351542,16091,HBD
2025-10-16 10:07:55,2025-10-16 10:01:13,2025-10-16 10:01:12,2025-10-16 09:59:44,867488068351542,16090,GTERI,0x19FE3FBF,0x00028102,802003,0x8303,0x0115,100,30630,0000,-,01,00,22,12,12,-,01,01,33.9,66.7,199,319,980,1018,-24.994688,-24.99322,-51.550625,-51.546963,0000,0000,0000,00000000,22.6,719.9,719.2,1:30:05,73:01:10,-,-,0,-,,,,,00,0,00000000,00,10,,
2025-10-16 10:07:55,,,,867488068351542,16089,HBD
2025-10-16 10:07:55,2025-10-16 09:59:17,2025-10-16 09:59:17,2025-10-16 09:59:01,867488068351542,16088,GTPDP,0x19FE7FBF,,802003,0x8303,0x0115,100,30632,0000,0000,01,00,22,12,12,-,01,01,64.9,74.2,341,356,1030,1027,-24.996968,-24.999671,-51.544673,-51.544097,0000,0000,0000,00000000,21.4,718.7,718.4,1:28:11,72:59:16,-,-,0,-
2025-10-16 09:58:13,2025-10-16 09:58:13,2025-10-16 09:58:12,2025-10-16 09:57:15,867488068351542,16087,GTERI,0x19FE3FBF,0x00028102,802003,0x8303,0x0115,100,30653,0000,-,01,00,22,12,12,-,01,01,46.4,55.7,10,353,1059,1066,-25.007335,-25.013763,-51.544831,-51.545274,0724,0004,85DA,0F6AD10B,20.2,717.5,716.8,1:27:05,72:58:10,-,-,0,-,,,,,04,3,00000000,00,10,,
2025-10-16 09:58:13,,,,867488068351542,16086,HBD
2025-10-16 09:56:52,,,,867488068351542,16085,HBD
2025-10-16 09:55:13,2025-10-16 09:55:13,2025-10-16 09:55:11,2025-10-16 09:54:39,867488068351542,16084,GTERI,0x19FE3FBF,0x00028102,802003,0x8303,0x0115,100,30627,0000,-,01,00,22,12,12,-,01,01,8.3,9.4,163,155,1073,1076,-25.018525,-25.017847,-51.546855,-51.546877,0724,0004,85DA,0F6AD117,18.8,716.1,716.0,1:24:05,72:55:10,-,-,0,-,,,,,04,1,00000000,00,10,,
2025-10-16 09:54:51,,,,867488068351542,16083,HBD
2025-10-16 09:52:13,2025-10-16 09:52:13,2025-10-16 09:52:11,2025-10-16 09:52:12,867488068351542,16082,GTERI,0x19FE3FBF,0x00028102,802003,0x8303,0x0115,100,30621,0000,-,01,00,22,12,12,-,01,01,0.0,0.0,15,15,1077,1077,-25.01782,-25.01782,-51.546892,-51.546892,0724,0004,85DA,0F6AD10B,18.7,716.0,716.0,1:21:05,72:52:10,-,-,0,-,,,,,04,3,00000000,00,10,,
2025-10-16 09:52:13,,,,867488068351542,16081,HBD
2025-10-16 09:50:50,,,,867488068351542,16080,HBD
2025-10-16 09:49:13,2025-10-16 09:49:13,2025-10-16 09:49:12,2025-10-16 09:49:13,867488068351542,16079,GTERI,0x19FE3FBF,0x00028102,802003,0x8303,0x0115,100,30645,0000,-,01,00,22,12,12,-,01,01,0.0,0.0,15,15,1077,1077,-25.01782,-25.01782,-51.546892,-51.546892,0724,0004,85DA,0F6AD10B,18.7,716.0,716.0,1:18:05,72:49:10,-,-,0,-,,,,,04,3,00000000,00,10,,
2025-10-16 09:48:49,,,,867488068351542,16078,HBD
2025-10-16 09:46:13,2025-10-16 09:46:13,2025-10-16 09:46:11,2025-10-16 09:43:42,867488068351542,16077,GTERI,0x19FE3FBF,0x00028102,802003,0x8303,0x0115,100,30673,0000,-,01,00,22,12,12,-,01,01,0.0,39.7,15,6,1077,1069,-25.01782,-25.020169,-51.546892,-51.547542,0724,0004,85DA,0F6AD117,18.7,716.0,715.7,1:15:05,72:46:10,-,-,0,-,,,,,04,1,00000000,00,10,,
2025-10-16 09:46:13,,,,867488068351542,16076,HBD
2025-10-16 09:44:48,,,,867488068351542,16075,HBD
2025-10-16 09:43:13,2025-10-16 09:43:13,2025-10-16 09:43:11,2025-10-16 09:41:05,867488068351542,16074,GTERI,0x19FE3FBF,0x00028102,802003,0x8303,0x0115,100,30650,0000,-,01,00,22,12,12,-,01,01,23.1,30.3,15,9,1071,1062,-25.022158,-25.028809,-51.547911,-51.547505,0724,0004,85DA,0F6AD117,18.2,715.5,714.7,1:12:05,72:43:10,-,-,0,-,,,,,04,1,00000000,00,10,,
2025-10-16 09:42:48,,,,867488068351542,16073,HBD
2025-10-16 09:40:13,2025-10-16 09:40:13,2025-10-16 09:40:12,2025-10-16 09:37:33,867488068351542,16072,GTERI,0x19FE3FBF,0x00028102,802003,0x8303,0x0115,100,30627,0000,-,01,00,22,12,12,-,01,01,20.5,30.3,116,39,1068,1087,-25.029697,-25.032285,-51.5489,-51.555018,0724,0004,85DA,0F6AD10B,17.1,714.4,713.5,1:09:05,72:40:10,-,-,0,-,,,,,04,3,00000000,00,10,,
2025-10-16 09:40:13,,,,867488068351542,16071,HBD
2025-10-16 09:37:57,,,,867488068351542,16070,HBD
2025-10-16 09:37:56,2025-10-16 09:37:13,2025-10-16 09:37:13,2025-10-16 09:37:13,867488068351542,16069,GTPDP,0x19FE7FBF,,802003,0x8303,0x0115,100,30637,0000,0000,01,00,22,12,12,-,01,01,21.6,21.6,29,29,1081,1081,-25.033398,-25.033398,-51.555868,-51.555868,0000,0000,0000,00000000,16.0,713.3,713.3,1:06:05,72:37:10,-,-,0,-
2025-10-16 09:37:56,2025-10-16 09:37:13,2025-10-16 09:37:11,2025-10-16 09:34:36,867488068351542,16068,GTERI,0x19FE3FBF,0x00028102,802003,0x8303,0x0115,100,30637,0000,-,01,00,22,12,12,-,01,01,27.3,39.8,38,89,1081,1055,-25.033498,-25.034839,-51.555935,-51.566356,0000,0000,0000,00000000,16.0,713.3,712.2,1:06:05,72:37:10,-,-,0,-,,,,,00,0,00000000,00,10,,
2025-10-16 09:37:55,,,,867488068351542,16067,HBD
2025-10-16 09:37:55,,,,867488068351542,16066,HBD
2025-10-16 09:37:54,2025-10-16 09:34:13,2025-10-16 09:34:13,2025-10-16 09:34:13,867488068351542,16065,GTPDP,0x19FE7FBF,,802003,0x8303,0x0115,100,30601,0000,0000,01,00,22,12,12,-,01,01,30.8,30.8,86,86,1055,1055,-25.035006,-25.035006,-51.568665,-51.568665,0000,0000,0000,00000000,14.6,712.0,712.0,1:03:08,72:34:13,-,-,0,-
2025-10-16 09:37:54,2025-10-16 09:34:13,2025-10-16 09:34:11,2025-10-16 09:34:09,867488068351542,16064,GTERI,0x19FE3FBF,0x00028102,802003,0x8303,0x0115,100,30601,0000,-,01,00,22,12,12,-,01,01,30.3,31.7,83,83,1054,1053,-25.035017,-25.035034,-51.568835,-51.569004,0724,0004,85DA,0F79F10F,14.6,712.0,711.9,1:03:05,72:34:10,-,-,0,-,,,,,04,28,00000000,00,10,,
2025-10-16 09:37:53,2025-10-16 09:33:11,2025-10-16 09:33:11,2025-10-16 09:31:18,867488068351542,16063,GTPDP,0x19FE7FBF,,802003,0x8303,0x0115,100,30653,0000,0000,01,00,22,12,12,-,01,01,27.1,35.4,141,72,1020,1084,-25.034647,-25.032084,-51.572943,-51.579143,0000,0000,0000,00000000,14.2,711.5,710.7,1:02:05,72:33:10,-,-,0,-
2025-10-16 09:31:13,2025-10-16 09:31:13,2025-10-16 09:31:11,2025-10-16 09:31:06,867488068351542,16061,GTERI,0x19FE3FBF,0x00028102,802003,0x8303,0x0115,100,30583,0000,-,01,00,22,12,12,-,01,01,27.2,33.6,75,80,1087,1082,-25.032173,-25.032248,-51.579747,-51.580144,0724,0004,85DA,0F6AD117,13.4,710.7,710.6,1:00:05,72:31:10,-,-,0,-,,,,,04,1,00000000,00,10,,
2025-10-16 09:31:13,,,,867488068351542,16060,HBD
2025-10-16 09:29:11,,,,867488068351542,16059,HBD
2025-10-16 09:29:10,2025-10-16 09:28:13,2025-10-16 09:28:12,2025-10-16 09:26:28,867488068351542,16058,GTERI,0x19FE3FBF,0x00028102,802003,0x8303,0x0115,100,30491,0000,-,01,00,22,12,12,-,01,01,25.1,32.5,63,9,1106,1088,-25.036545,-25.036774,-51.587581,-51.593333,0000,0000,0000,00000000,12.3,709.6,708.9,0:57:05,72:28:10,-,-,0,-,,,,,00,0,00000000,00,10,,
2025-10-16 09:29:10,,,,867488068351542,16057,HBD
2025-10-16 09:29:09,2025-10-16 09:25:13,2025-10-16 09:25:11,2025-10-16 09:24:21,867488068351542,16056,GTERI,0x19FE3FBF,0x00028102,802003,0x8303,0x0115,100,30579,0000,-,01,00,22,12,12,-,01,01,25.2,26.5,30,114,1097,1082,-25.040263,-25.04083,-51.594714,-51.597087,0000,0000,0000,00000000,11.2,708.5,708.2,0:54:05,72:25:10,-,-,0,-,,,,,00,0,00000000,00,10,,
2025-10-16 09:29:09,,,,867488068351542,16055,HBD
2025-10-16 09:29:08,2025-10-16 09:24:01,2025-10-16 09:24:01,2025-10-16 09:23:42,867488068351542,16054,GTPDP,0x19FE7FBF,,802003,0x8303,0x0115,100,30638,0000,0000,01,00,22,12,12,-,01,01,22.8,30.2,97,51,1103,1103,-25.040251,-25.040567,-51.598111,-51.599276,0000,0000,0000,00000000,10.8,708.1,708.0,0:52:53,72:23:58,-,-,0,-
2025-10-16 09:22:14,2025-10-16 09:22:13,2025-10-16 09:22:11,2025-10-16 09:22:12,867488068351542,16052,GTERI,0x19FE3FBF,0x00028102,802003,0x8303,0x0115,100,30599,0000,-,01,00,22,12,12,-,01,01,9.6,10.2,75,73,1104,1104,-25.040381,-25.040374,-51.602849,-51.602822,0724,0004,85DE,0F6AD312,10.2,707.5,707.5,0:51:05,72:22:10,-,-,0,-,,,,,04,5,00000000,00,10,,
2025-10-16 09:21:41,,,,867488068351542,16051,HBD
2025-10-16 09:19:14,2025-10-16 09:19:13,2025-10-16 09:19:12,2025-10-16 09:19:13,867488068351542,16050,GTERI,0x19FE3FBF,0x00028102,802003,0x8303,0x0115,100,30608,0000,-,01,00,22,12,12,-,01,01,0.0,0.0,242,242,1101,1101,-25.04039,-25.04039,-51.603043,-51.603043,0724,0004,85DE,0F6AD312,10.2,707.5,707.5,0:48:05,72:19:10,-,-,0,-,,,,,04,5,00000000,00,10,,
2025-10-16 09:19:13,,,,867488068351542,16049,HBD
2025-10-16 09:17:40,,,,867488068351542,16048,HBD
2025-10-16 09:16:13,2025-10-16 09:16:13,2025-10-16 09:16:11,2025-10-16 09:16:12,867488068351542,16047,GTERI,0x19FE3FBF,0x00028102,802003,0x8303,0x0115,100,30696,0000,-,01,00,22,12,12,-,01,01,0.0,0.0,242,242,1101,1101,-25.04039,-25.04039,-51.603043,-51.603043,0724,0004,85DE,0F6AD312,10.2,707.5,707.5,0:45:05,72:16:10,-,-,0,-,,,,,04,5,00000000,00,10,,
2025-10-16 09:15:40,,,,867488068351542,16046,HBD
2025-10-16 09:13:13,2025-10-16 09:13:13,2025-10-16 09:13:11,2025-10-16 09:13:12,867488068351542,16045,GTERI,0x19FE3FBF,0x00028102,802003,0x8303,0x0115,100,30503,0000,-,01,00,22,12,12,-,01,01,0.0,0.0,242,242,1101,1101,-25.04039,-25.04039,-51.603043,-51.603043,0724,0004,85DE,0F6AD312,10.2,707.5,707.5,0:42:05,72:13:10,-,-,0,-,,,,,04,5,00000000,00,10,,
2025-10-16 09:13:13,,,,867488068351542,16044,HBD
2025-10-16 09:11:59,,,,867488068351542,16043,HBD
2025-10-16 09:10:14,2025-10-16 09:10:13,2025-10-16 09:10:12,2025-10-16 09:08:53,867488068351542,16042,GTERI,0x19FE3FBF,0x00028102,802003,0x8303,0x0115,100,30483,0000,-,01,00,22,12,12,-,01,01,0.0,20.3,242,192,1101,1095,-25.04039,-25.040033,-51.603043,-51.603107,0724,0004,85DE,0F6AD312,10.2,707.5,707.4,0:39:05,72:10:10,-,-,0,-,,,,,04,5,00000000,00,10,,
2025-10-16 09:09:08,,,,867488068351542,16041,HBD
2025-10-16 09:09:08,2025-10-16 09:08:32,2025-10-16 09:08:32,2025-10-16 09:08:07,867488068351542,16040,GTPDP,0x19FE7FBF,,802003,0x8303,0x0115,100,30614,0000,0000,01,00,22,12,12,-,01,01,15.4,18.3,133,128,1093,1094,-25.039182,-25.038441,-51.603179,-51.604033,0000,0000,0000,00000000,10.0,707.4,707.2,0:37:26,72:08:31,-,-,0,-
2025-10-16 09:07:31,,,,867488068351542,16039,HBD
2025-10-16 09:07:31,2025-10-16 09:07:13,2025-10-16 09:07:11,2025-10-16 09:07:08,867488068351542,16038,GTERI,0x19FE3FBF,0x00028102,802003,0x8303,0x0115,100,30559,0000,-,01,00,22,12,12,-,01,01,14.0,16.8,242,236,1087,1086,-25.037417,-25.03736,-51.603349,-51.603238,0000,0000,0000,00000000,9.7,707.0,707.0,0:36:05,72:07:10,-,-,0,-,,,,,00,0,00000000,00,10,,
2025-10-16 09:07:31,,,,867488068351542,16037,HBD
2025-10-16 09:07:30,2025-10-16 09:04:13,2025-10-16 09:04:12,2025-10-16 09:04:13,867488068351542,16036,GTERI,0x19FE3FBF,0x00028102,802003,0x8303,0x0115,100,30626,0000,-,01,00,22,12,12,-,01,01,0.0,0.0,73,73,1088,1088,-25.036334,-25.036334,-51.602424,-51.602424,0000,0000,0000,00000000,9.6,706.9,706.9,0:33:05,72:04:10,-,-,0,-,,,,,00,0,00000000,00,10,,
2025-10-16 09:07:30,,,,867488068351542,16035,HBD
2025-10-16 09:07:30,2025-10-16 09:03:52,2025-10-16 09:03:52,2025-10-16 09:01:44,867488068351542,16034,GTPDP,0x19FE7FBF,,802003,0x8303,0x0115,100,30626,0000,0000,01,00,22,12,12,-,01,01,0.0,28.4,73,308,1088,1096,-25.036334,-25.038365,-51.602424,-51.60417,0000,0000,0000,00000000,9.6,706.9,706.5,0:32:44,72:03:49,-,-,0,-
2025-10-16 09:02:04,,,,867488068351542,16033,HBD
2025-10-16 09:02:03,2025-10-16 09:01:27,2025-10-16 09:01:25,2025-10-16 09:01:12,867488068351542,16032,GTPDP,0x19FE7FBF,,802003,0x8303,0x0115,100,30611,0000,0000,01,00,22,12,12,-,01,01,20.2,20.4,305,354,1096,1097,-25.039085,-25.039543,-51.603341,-51.602999,0000,0000,0000,00000000,9.1,706.4,706.4,0:30:21,72:01:26,-,-,0,-
2025-10-16 09:02:03,2025-10-16 09:01:13,2025-10-16 09:01:10,2025-10-16 09:01:11,867488068351542,16031,GTERI,0x19FE3FBF,0x00028102,802003,0x8303,0x0115,100,30611,0000,-,01,00,22,12,12,-,01,01,20.5,20.6,10,2,1097,1097,-25.039647,-25.039595,-51.603003,-51.602998,0724,0004,85DE,0F6AD312,9.0,706.4,706.4,0:30:06,72:01:11,-,-,0,-,,,,,04,5,00000000,00,10,,
2025-10-16 09:00:29,,,,867488068351542,16030,HBD
2025-10-16 09:00:28,,,,867488068351542,16029,HBD
2025-10-16 09:00:28,2025-10-16 08:58:13,2025-10-16 08:58:10,2025-10-16 08:58:11,867488068351542,16028,GTERI,0x19FE3FBF,0x00028102,802003,0x8303,0x0115,100,30625,0000,-,01,00,22,12,12,-,01,01,0.0,0.0,222,222,1094,1094,-25.03989,-25.03989,-51.604495,-51.604495,0000,0000,0000,00000000,8.8,706.1,706.1,0:27:06,71:58:11,-,-,0,-,,,,,00,0,00000000,00,10,,
2025-10-16 09:00:27,,,,867488068351542,16027,HBD
2025-10-16 09:00:27,2025-10-16 08:58:05,2025-10-16 08:58:04,2025-10-16 08:55:24,867488068351542,16026,GTPDP,0x19FE7FBF,,802003,0x8303,0x0115,100,30716,0000,0000,01,00,22,12,12,-,01,01,0.0,25.3,222,260,1094,1103,-25.03989,-25.041337,-51.604495,-51.600536,0000,0000,0000,00000000,8.8,706.1,705.7,0:27:00,71:58:05,-,-,0,-
2025-10-16 08:56:13,,,,867488068351542,16025,HBD
2025-10-16 08:56:13,2025-10-16 08:55:13,2025-10-16 08:55:11,2025-10-16 08:55:10,867488068351542,16024,GTERI,0x19FE3FBF,0x00028102,802003,0x8303,0x0115,100,30632,0000,-,01,00,22,12,12,-,01,01,26.4,27.6,222,219,1102,1102,-25.041025,-25.040975,-51.599785,-51.599736,0000,0000,0000,00000000,8.2,705.6,705.6,0:24:05,71:55:10,-,-,0,-,,,,,00,0,00000000,00,10,,
2025-10-16 08:56:12,,,,867488068351542,16023,HBD
2025-10-16 08:56:12,,,,867488068351542,16022,HBD
2025-10-16 08:56:11,2025-10-16 08:52:13,2025-10-16 08:52:10,2025-10-16 08:52:05,867488068351542,16021,GTERI,0x19FE3FBF,0x00028102,802003,0x8303,0x0115,100,30648,0000,-,01,00,22,12,12,-,01,01,22.3,26.0,218,231,1085,1082,-25.0377,-25.03748,-51.593938,-51.593706,0000,0000,0000,00000000,7.4,704.7,704.6,0:21:05,71:52:10,-,-,0,-,,,,,00,0,00000000,00,10,,
2025-10-16 08:56:11,,,,867488068351542,16020,HBD
2025-10-16 08:56:10,2025-10-16 08:50:28,2025-10-16 08:50:27,2025-10-16 08:49:48,867488068351542,16019,GTPDP,0x19FE7FBF,,802003,0x8303,0x0115,100,30588,0000,0000,01,00,22,12,12,-,01,01,0.0,31.5,297,283,1069,1064,-25.035703,-25.036146,-51.59179,-51.590922,0000,0000,0000,00000000,7.0,704.3,704.2,0:19:20,71:50:25,-,-,0,-
2025-10-16 08:56:10,2025-10-16 08:49:13,2025-10-16 08:49:11,2025-10-16 08:46:13,867488068351542,16018,GTERI,0x19FE3FBF,0x00028102,802003,0x8303,0x0115,100,30629,0000,-,01,00,22,12,12,-,01,01,22.7,33.4,297,260,1094,1079,-25.036474,-25.032266,-51.588652,-51.580245,0724,0004,85DA,0F79F10F,6.7,704.0,702.9,0:18:05,71:49:10,-,-,0,-,,,,,04,28,00000000,00,10,,
2025-10-16 08:47:30,,,,867488068351542,16016,HBD
2025-10-16 08:46:12,2025-10-16 08:46:11,2025-10-16 08:46:10,2025-10-16 08:46:00,867488068351542,16015,GTERI,0x19FE3FBF,0x00028102,802003,0x8303,0x0115,100,30591,0000,-,01,00,22,12,12,-,01,01,28.3,31.9,257,256,1082,1081,-25.032228,-25.032098,-51.579994,-51.579233,0724,0004,85DA,0F79F10F,5.5,702.8,702.8,0:15:03,71:46:08,-,-,0,-,,,,,04,28,00000000,00,10,,
2025-10-16 08:44:40,,,,867488068351542,16014,HBD
2025-10-16 08:44:40,2025-10-16 08:43:11,2025-10-16 08:43:10,2025-10-16 08:41:31,867488068351542,16013,GTERI,0x19FE3FBF,0x00028102,802003,0x8303,0x0115,100,30580,0000,-,01,00,22,12,12,-,01,01,25.5,30.9,301,268,1020,1055,-25.034961,-25.034846,-51.572405,-51.566352,0000,0000,0000,00000000,4.6,701.9,701.3,0:12:03,71:43:08,-,-,0,-,,,,,00,0,00000000,00,10,,
2025-10-16 08:44:39,,,,867488068351542,16012,HBD
2025-10-16 08:44:39,,,,867488068351542,16011,HBD
2025-10-16 08:44:38,2025-10-16 08:41:03,2025-10-16 08:41:04,2025-10-16 08:40:56,867488068351542,16010,GTPDP,0x19FE7FBF,,802003,0x8303,0x0115,100,30613,0000,0000,01,00,22,12,12,-,01,01,19.0,31.6,264,257,1058,1059,-25.034667,-25.034569,-51.56461,-51.564038,0000,0000,0000,00000000,3.8,701.1,701.0,0:09:57,71:41:02,-,-,0,-
2025-10-16 08:40:12,2025-10-16 08:40:11,2025-10-16 08:40:11,2025-10-16 08:38:27,867488068351542,16009,GTERI,0x19FE3FBF,0x00028102,802003,0x8303,0x0115,100,30562,0000,-,01,00,22,12,12,-,01,01,15.9,31.5,274,218,1079,1086,-25.034711,-25.032698,-51.561411,-51.555306,0724,0004,85DA,0F79F10F,3.5,700.8,700.0,0:09:03,71:40:08,-,-,0,-,,,,,04,28,00000000,00,10,,
2025-10-16 08:39:28,,,,867488068351542,16008,HBD
2025-10-16 08:37:12,2025-10-16 08:37:11,2025-10-16 08:37:10,2025-10-16 08:34:39,867488068351542,16007,GTERI,0x19FE3FBF,0x00028102,802003,0x8303,0x0115,100,28354,0000,-,01,00,22,12,12,-,01,01,16.1,53.8,238,190,1096,1064,-25.029037,-25.02916,-51.553564,-51.547423,0724,0004,85DA,0F6AD10B,2.3,699.6,698.7,0:06:03,71:37:08,-,-,0,-,,,,,04,3,00000000,00,10,,
2025-10-16 08:37:12,,,,867488068351542,16006,HBD
2025-10-16 08:35:13,,,,867488068351542,16005,ACK
2025-10-16 08:35:13,,,,867488068351542,16004,ACK
2025-10-16 08:35:12,,,,867488068351542,16003,ACK
2025-10-16 08:35:12,,,,867488068351542,16002,HBD
2025-10-16 08:34:12,2025-10-16 08:34:11,2025-10-16 08:34:11,2025-10-16 08:33:51,867488068351542,16001,GTERI,0x19FE3FBF,0x00028102,802003,0x8303,0x0115,100,28341,0000,-,01,00,22,12,12,-,01,01,53.4,60.9,190,190,1071,1057,-25.025542,-25.022762,-51.546659,-51.546083,0724,0004,85DA,0F6AD10B,1.0,698.3,698.0,0:03:03,71:34:08,-,-,0,-,,,,,04,3,00000000,00,10,,
2025-10-16 08:33:26,,,,867488068351542,16000,HBD
2025-10-16 08:31:17,2025-10-16 08:31:16,2025-10-16 08:31:17,2025-10-16 08:31:17,867488068351542,15999,GTIGL,0x19FE7FBF,,802003,0x8303,0x0115,100,28204,0000,0000,01,00,22,12,12,-,01,01,0.0,0.0,20,20,1082,1082,-25.017822,-25.017822,-51.546884,-51.546884,0724,0004,85DA,0F6AD10B,0.0,697.3,697.3,0:00:09,71:31:14,-,-,0,-,,,,,,,,,00
2025-10-16 08:31:17,2025-10-16 08:31:16,2025-10-16 08:31:17,2025-10-16 08:31:17,867488068351542,15998,GTERI,0x19FE3FBF,0x00028102,802003,0x8303,0x0115,100,28204,0000,-,01,00,22,12,12,-,01,01,0.0,0.0,20,20,1082,1082,-25.017822,-25.017822,-51.546884,-51.546884,0724,0004,85DA,0F6AD10B,0.0,697.3,697.3,0:00:09,71:31:14,-,-,0,-,,,,,04,3,00000000,00,10,,
2025-10-16 08:31:07,2025-10-16 08:31:06,2025-10-16 08:07:01,2025-10-16 08:07:01,867488068351542,15997,GTSTT,0x19FE7FBF,,802003,0x8303,0x0115,100,26097,0000,0000,01,00,22,12,12,-,00,00,0.0,0.0,20,20,1077,1077,-25.017853,-25.017853,-51.546904,-51.546904,0724,0004,85DA,0F6AD10B,0.0,697.3,697.3,0:00:00,71:31:05,-,-,0,-
2025-10-16 08:31:07,2025-10-16 08:31:06,2025-10-16 08:07:01,2025-10-16 08:00:40,867488068351542,15996,GTIGN,0x19FE7FBF,,802003,0x8303,0x0115,100,26097,0000,0000,01,00,22,12,12,1746,00,01,0.0,9.9,20,20,1077,1076,-25.017853,-25.018346,-51.546904,-51.546758,0724,0004,85DA,0F6AD10B,0.0,697.3,697.2,0:00:00,71:31:05,-,-,0,-
2025-10-16 08:31:07,,,,867488068351542,15995,HBD
2025-10-16 08:07:02,2025-10-16 08:07:00,2025-10-16 08:07:01,2025-10-16 08:07:01,867488068351542,15994,GTERI,0x19FE3FBF,0x00028102,802003,0x8303,0x0115,100,26533,0000,-,00,00,11,12,12,-,01,01,0.0,0.0,20,20,1077,1077,-25.017853,-25.017853,-51.546904,-51.546904,0724,0004,85DA,0F6AD10B,4.9,697.3,697.3,0:13:30,71:31:05,-,-,0,-,,,,,04,3,00000000,00,10,,
2025-10-16 08:06:39,2025-10-16 08:06:38,2025-10-16 08:06:37,2025-10-16 08:06:37,867488068351542,15993,GTERI,0x19FE3FBF,0x00028102,802003,0x8303,0x0115,100,26586,0000,-,00,00,11,12,12,-,01,01,0.0,0.0,20,20,1077,1077,-25.017853,-25.017853,-51.546904,-51.546904,0724,0004,85DA,0F6AD10B,4.9,697.3,697.3,0:13:30,71:31:05,-,-,0,-,,,,,04,3,00000000,00,10,,
2025-10-16 08:06:39,,,,867488068351542,15992,HBD
2025-10-16 08:05:21,,,,867488068351542,15991,HBD
2025-10-16 08:03:39,2025-10-16 08:03:38,2025-10-16 08:03:38,2025-10-16 08:03:38,867488068351542,15990,GTERI,0x19FE3FBF,0x00028102,802003,0x8303,0x0115,100,27077,0000,-,00,00,11,12,12,-,01,01,0.0,0.0,20,20,1077,1077,-25.017853,-25.017853,-51.546904,-51.546904,0724,0004,85DA,0F6AD117,4.9,697.3,697.3,0:13:30,71:31:05,-,-,0,-,,,,,04,1,00000000,00,10,,
2025-10-16 08:02:37,2025-10-16 08:02:36,2025-10-16 08:02:36,2025-10-16 08:02:36,867488068351542,15989,GTSTT,0x19FE7FBF,,802003,0x8303,0x0115,100,27435,0000,0000,00,00,11,12,12,-,01,01,0.0,0.0,20,20,1077,1077,-25.017853,-25.017853,-51.546904,-51.546904,0724,0004,85DA,0F6AD117,4.9,697.3,697.3,0:13:30,71:31:05,-,-,0,-
2025-10-16 08:02:37,,,,867488068351542,15988,HBD
2025-10-16 08:02:06,,,,867488068351542,15987,ACK
2025-10-16 08:02:05,,,,867488068351542,15986,ACK
2025-10-16 08:02:02,2025-10-16 08:02:00,2025-10-16 08:02:01,2025-10-16 08:02:01,867488068351542,15985,GTIGL,0x19FE7FBF,,802003,0x8303,0x0115,100,28353,0000,0000,00,00,12,12,12,-,01,01,0.0,0.0,20,20,1077,1077,-25.017853,-25.017853,-51.546904,-51.546904,0724,0004,85DA,0F6AD117,4.9,697.3,697.3,0:13:30,71:31:05,-,-,0,-,,,,,,,,,01
2025-10-16 08:02:01,2025-10-16 08:02:00,2025-10-16 08:02:00,2025-10-16 08:02:00,867488068351542,15984,GTSTT,0x19FE7FBF,,802003,0x8303,0x0115,100,28353,0000,0000,00,00,12,12,12,-,01,01,0.0,0.0,20,20,1077,1077,-25.017853,-25.017853,-51.546904,-51.546904,0724,0004,85DA,0F6AD117,4.9,697.3,697.3,0:13:30,71:31:05,-,-,0,-
2025-10-16 08:02:01,2025-10-16 08:02:00,2025-10-16 08:02:00,2025-10-16 08:02:00,867488068351542,15983,GTIGF,0x19FE7FBF,,802003,0x8303,0x0115,100,28353,0000,0000,00,00,12,12,12,812,01,01,0.0,0.0,20,20,1077,1077,-25.017853,-25.017853,-51.546904,-51.546904,0724,0004,85DA,0F6AD117,4.9,697.3,697.3,0:13:30,71:31:05,-,-,0,-
2025-10-16 08:00:39,2025-10-16 08:00:38,2025-10-16 08:00:37,2025-10-16 07:59:02,867488068351542,15982,GTERI,0x19FE3FBF,0x00028102,802003,0x8303,0x0115,100,28276,0000,-,01,00,22,12,12,-,01,01,9.2,72.0,20,10,1076,1054,-25.018414,-25.022901,-51.546787,-51.546064,0724,0004,85DA,0F6AD10B,4.9,697.2,696.6,0:12:09,71:29:44,-,-,0,-,,,,,04,3,00000000,00,10,,
2025-10-16 08:00:39,,,,867488068351542,15981,HBD
2025-10-16 07:59:20,,,,867488068351542,15980,HBD
2025-10-16 07:57:39,2025-10-16 07:57:38,2025-10-16 07:57:37,2025-10-16 07:55:49,867488068351542,15979,GTERI,0x19FE3FBF,0x00028102,802003,0x8303,0x0115,100,28284,0000,-,01,00,22,12,12,-,01,01,50.5,56.4,349,333,1036,1018,-25.034754,-25.044612,-51.546844,-51.54322,0724,0004,85DA,0F6AD117,2.9,695.3,694.1,0:09:09,71:26:44,-,-,0,-,,,,,04,1,00000000,00,10,,
2025-10-16 07:57:19,,,,867488068351542,15978,HBD
2025-10-16 07:54:39,2025-10-16 07:54:38,2025-10-16 07:54:38,2025-10-16 07:52:13,867488068351542,15977,GTERI,0x19FE3FBF,0x00028102,802003,0x8303,0x0115,100,28350,0000,-,01,00,22,12,12,-,01,01,28.1,46.5,262,264,1037,1065,-25.049039,-25.048233,-51.541278,-51.533072,0724,0004,85DA,0F6AD10A,1.2,693.5,692.7,0:06:09,71:23:44,-,-,0,-,,,,,04,3,00000000,00,10,,
2025-10-16 07:54:39,,,,867488068351542,15976,HBD
2025-10-16 07:52:34,,,,867488068351542,15975,ACK
2025-10-16 07:52:34,,,,867488068351542,15974,ACK
2025-10-16 07:52:34,,,,867488068351542,15973,ACK
2025-10-16 07:52:33,,,,867488068351542,15972,HBD
2025-10-16 07:51:39,2025-10-16 07:51:38,2025-10-16 07:51:37,2025-10-16 07:51:38,867488068351542,15971,GTERI,0x19FE3FBF,0x00028102,802003,0x8303,0x0115,100,28281,0000,-,01,00,22,12,12,-,01,01,16.5,16.7,341,340,1080,1080,-25.04889,-25.04885,-51.531678,-51.531694,0724,0004,85DA,0F6AD10A,0.1,692.5,692.5,0:03:09,71:20:44,-,-,0,-,,,,,04,3,00000000,00,10,,
2025-10-16 07:51:18,,,,867488068351542,15970,HBD
2025-10-16 07:48:40,2025-10-16 07:48:39,2025-10-16 07:48:40,2025-10-16 07:48:40,867488068351542,15969,GTIGL,0x19FE7FBF,,802003,0x8303,0x0115,100,28163,0000,0000,01,00,22,8,8,-,01,01,0.0,0.0,45,45,1067,1067,-25.049006,-25.049006,-51.530881,-51.530881,0724,0004,85DA,0F6AD116,0.0,692.4,692.4,0:00:09,71:17:44,-,-,0,-,,,,,,,,,00
2025-10-16 07:48:40,2025-10-16 07:48:39,2025-10-16 07:48:40,2025-10-16 07:48:40,867488068351542,15968,GTERI,0x19FE3FBF,0x00028102,802003,0x8303,0x0115,100,28163,0000,-,01,00,22,8,8,-,01,01,0.0,0.0,45,45,1067,1067,-25.049006,-25.049006,-51.530881,-51.530881,0724,0004,85DA,0F6AD116,0.0,692.4,692.4,0:00:09,71:17:44,-,-,0,-,,,,,04,1,00000000,00,10,,
2025-10-16 07:48:30,2025-10-16 07:48:28,2025-10-16 07:34:35,2025-10-16 07:34:35,867488068351542,15967,GTSTT,0x19FE7FBF,,802003,0x8303,0x0115,100,25529,0000,0000,01,00,22,8,8,-,00,00,0.0,0.0,45,45,1083,1083,-25.049184,-25.049184,-51.53078,-51.53078,0724,0004,85DA,0F6AD10A,0.0,692.4,692.4,0:00:00,71:17:35,-,-,0,-
2025-10-16 07:48:29,2025-10-16 07:48:28,2025-10-16 07:34:35,2025-10-15 17:30:39,867488068351542,15966,GTIGN,0x19FE7FBF,,802003,0x8303,0x0115,100,25529,0000,0000,01,00,22,8,12,51401,00,01,0.0,11.1,45,96,1083,1084,-25.049184,-25.049164,-51.53078,-51.530925,0724,0004,85DA,0F6AD10A,0.0,692.4,692.4,0:00:00,71:17:35,-,-,0,-
2025-10-16 07:48:29,,,,867488068351542,15965,HBD
2025-10-16 07:36:43,2025-10-16 07:36:42,2025-10-16 07:34:35,2025-10-16 07:34:35,867488068351542,15964,GTERI,0x19FE3FBF,0x00028102,802003,0x8303,0x0115,100,25575,0000,-,00,00,11,8,8,-,01,01,0.0,0.0,45,45,1083,1083,-25.049184,-25.049184,-51.53078,-51.53078,0724,0004,85DA,0F6AD10A,13.4,692.4,692.4,0:28:27,71:17:35,-,-,0,-,,,,,04,3,00000000,00,10,,
2025-10-16 07:27:54,,,,867488068351542,15963,GTINF,,,,,,,,,,,,,,,,,,,,,,,,,,,,,,,,,,,,,,,,,,C1,4200,03
2025-10-16 06:36:43,2025-10-16 06:36:42,2025-10-16 06:34:19,2025-10-16 06:34:19,867488068351542,15962,GTERI,0x19FE3FBF,0x00028102,802003,0x8303,0x0115,100,25565,0000,-,00,00,11,5,5,-,01,01,0.0,0.0,45,45,1083,1083,-25.049184,-25.049184,-51.53078,-51.53078,0724,0004,85DA,0F6AD10A,13.4,692.4,692.4,0:28:27,71:17:35,-,-,0,-,,,,,04,3,00000000,00,10,,
2025-10-16 05:36:43,2025-10-16 05:36:42,2025-10-16 05:34:21,2025-10-16 05:34:21,867488068351542,15961,GTERI,0x19FE3FBF,0x00028102,802003,0x8303,0x0115,100,25575,0000,-,00,00,11,5,5,-,01,01,0.0,0.0,45,45,1083,1083,-25.049184,-25.049184,-51.53078,-51.53078,0724,0004,85DA,0F6AD10A,13.4,692.4,692.4,0:28:27,71:17:35,-,-,0,-,,,,,04,3,00000000,00,10,,
2025-10-16 04:36:43,2025-10-16 04:36:42,2025-10-16 04:34:36,2025-10-16 04:34:36,867488068351542,15960,GTERI,0x19FE3FBF,0x00028102,802003,0x8303,0x0115,100,25547,0000,-,00,00,11,8,8,-,01,01,0.0,0.0,45,45,1083,1083,-25.049184,-25.049184,-51.53078,-51.53078,0724,0004,85DA,0F6AD10A,13.4,692.4,692.4,0:28:27,71:17:35,-,-,0,-,,,,,04,3,00000000,00,10,,
2025-10-16 03:36:43,2025-10-16 03:36:42,2025-10-16 03:34:25,2025-10-16 03:34:25,867488068351542,15959,GTERI,0x19FE3FBF,0x00028102,802003,0x8303,0x0115,100,25616,0000,-,00,00,11,6,6,-,01,01,0.0,0.0,45,45,1083,1083,-25.049184,-25.049184,-51.53078,-51.53078,0724,0004,85DA,0F6AD10A,13.4,692.4,692.4,0:28:27,71:17:35,-,-,0,-,,,,,04,3,00000000,00,10,,
2025-10-16 02:36:43,2025-10-16 02:36:42,2025-10-16 02:34:17,2025-10-16 02:34:17,867488068351542,15958,GTERI,0x19FE3FBF,0x00028102,802003,0x8303,0x0115,100,25629,0000,-,00,00,11,6,6,-,01,01,0.0,0.0,45,45,1083,1083,-25.049184,-25.049184,-51.53078,-51.53078,0724,0004,85DA,0F6AD10A,13.4,692.4,692.4,0:28:27,71:17:35,-,-,0,-,,,,,04,3,00000000,00,10,,
2025-10-16 01:36:43,2025-10-16 01:36:42,2025-10-16 01:34:35,2025-10-16 01:34:35,867488068351542,15957,GTERI,0x19FE3FBF,0x00028102,802003,0x8303,0x0115,100,25652,0000,-,00,00,11,7,7,-,01,01,0.0,0.0,45,45,1083,1083,-25.049184,-25.049184,-51.53078,-51.53078,0724,0004,85DA,0F6AD10A,13.4,692.4,692.4,0:28:27,71:17:35,-,-,0,-,,,,,04,3,00000000,00,10,,
2025-10-16 00:36:43,2025-10-16 00:36:42,2025-10-16 00:34:18,2025-10-16 00:34:18,867488068351542,15956,GTERI,0x19FE3FBF,0x00028102,802003,0x8303,0x0115,100,25678,0000,-,00,00,11,4,4,-,01,01,0.0,0.0,45,45,1083,1083,-25.049184,-25.049184,-51.53078,-51.53078,0724,0004,85DA,0F6AD10A,13.4,692.4,692.4,0:28:27,71:17:35,-,-,0,-,,,,,04,3,00000000,00,10,,
2025-10-15 23:36:43,2025-10-15 23:36:42,2025-10-15 23:34:36,2025-10-15 23:34:36,867488068351542,15955,GTERI,0x19FE3FBF,0x00028102,802003,0x8303,0x0115,100,25639,0000,-,00,00,11,5,5,-,01,01,0.0,0.0,45,45,1083,1083,-25.049184,-25.049184,-51.53078,-51.53078,0724,0004,85DA,0F6AD10A,13.4,692.4,692.4,0:28:27,71:17:35,-,-,0,-,,,,,04,3,00000000,00,10,,
2025-10-15 22:36:43,2025-10-15 22:36:42,2025-10-15 22:34:21,2025-10-15 22:34:21,867488068351542,15954,GTERI,0x19FE3FBF,0x00028102,802003,0x8303,0x0115,100,25679,0000,-,00,00,11,5,5,-,01,01,0.0,0.0,45,45,1083,1083,-25.049184,-25.049184,-51.53078,-51.53078,0724,0004,85DA,0F6AD10A,13.4,692.4,692.4,0:28:27,71:17:35,-,-,0,-,,,,,04,3,00000000,00,10,,
2025-10-15 21:36:43,2025-10-15 21:36:42,2025-10-15 21:34:35,2025-10-15 21:34:35,867488068351542,15953,GTERI,0x19FE3FBF,0x00028102,802003,0x8303,0x0115,100,25708,0000,-,00,00,11,5,5,-,01,01,0.0,0.0,45,45,1083,1083,-25.049184,-25.049184,-51.53078,-51.53078,0724,0004,85DA,0F6AD10A,13.4,692.4,692.4,0:28:27,71:17:35,-,-,0,-,,,,,04,3,00000000,00,10,,
2025-10-15 20:36:43,2025-10-15 20:36:42,2025-10-15 20:34:21,2025-10-15 20:34:21,867488068351542,15952,GTERI,0x19FE3FBF,0x00028102,802003,0x8303,0x0115,100,25795,0000,-,00,00,11,4,4,-,01,01,0.0,0.0,45,45,1083,1083,-25.049184,-25.049184,-51.53078,-51.53078,0724,0004,85DA,0F6AD10A,13.4,692.4,692.4,0:28:27,71:17:35,-,-,0,-,,,,,04,3,00000000,00,10,,
2025-10-15 19:36:43,2025-10-15 19:36:42,2025-10-15 19:34:18,2025-10-15 19:34:18,867488068351542,15951,GTERI,0x19FE3FBF,0x00028102,802003,0x8303,0x0115,100,25826,0000,-,00,00,11,12,12,-,01,01,0.0,0.0,45,45,1083,1083,-25.049184,-25.049184,-51.53078,-51.53078,0724,0004,85DA,0F6AD10A,13.4,692.4,692.4,0:28:27,71:17:35,-,-,0,-,,,,,04,3,00000000,00,10,,
2025-10-15 18:36:43,2025-10-15 18:36:42,2025-10-15 18:34:17,2025-10-15 18:34:17,867488068351542,15950,GTERI,0x19FE3FBF,0x00028102,802003,0x8303,0x0115,100,25811,0000,-,00,00,11,12,12,-,01,01,0.0,0.0,45,45,1083,1083,-25.049184,-25.049184,-51.53078,-51.53078,0724,0004,85DA,0F6AD10A,13.4,692.4,692.4,0:28:27,71:17:35,-,-,0,-,,,,,04,3,00000000,00,10,,
2025-10-15 17:36:48,2025-10-15 17:36:47,2025-10-15 17:36:48,2025-10-15 17:36:48,867488068351542,15949,GTERI,0x19FE3FBF,0x00028102,802003,0x8303,0x0115,100,26526,0000,-,00,00,11,12,12,-,01,01,0.0,0.0,45,45,1083,1083,-25.049184,-25.049184,-51.53078,-51.53078,0724,0004,85DA,0F6AD10A,13.4,692.4,692.4,0:28:27,71:17:35,-,-,0,-,,,,,04,3,00000000,00,10,,
2025-10-15 17:36:27,2025-10-15 17:36:26,2025-10-15 17:36:25,2025-10-15 17:36:25,867488068351542,15948,GTERI,0x19FE3FBF,0x00028102,802003,0x8303,0x0115,100,26553,0000,-,00,00,11,12,12,-,01,01,0.0,0.0,45,45,1083,1083,-25.049184,-25.049184,-51.53078,-51.53078,0724,0004,85DA,0F6AD10A,13.4,692.4,692.4,0:28:27,71:17:35,-,-,0,-,,,,,04,3,00000000,00,10,,
2025-10-15 17:35:48,,,,867488068351542,15947,HBD
2025-10-15 17:33:27,2025-10-15 17:33:26,2025-10-15 17:33:25,2025-10-15 17:33:25,867488068351542,15946,GTERI,0x19FE3FBF,0x00028102,802003,0x8303,0x0115,100,26709,0000,-,00,00,11,12,12,-,01,01,0.0,0.0,45,45,1083,1083,-25.049184,-25.049184,-51.53078,-51.53078,0724,0004,85DA,0F6AD10A,13.4,692.4,692.4,0:28:27,71:17:35,-,-,0,-,,,,,04,3,00000000,00,10,,
2025-10-15 17:33:27,,,,867488068351542,15945,HBD
2025-10-15 17:32:08,2025-10-15 17:32:07,2025-10-15 17:32:07,2025-10-15 17:32:07,867488068351542,15944,GTSTT,0x19FE7FBF,,802003,0x8303,0x0115,100,26841,0000,0000,00,00,11,12,12,-,01,01,0.0,0.0,45,45,1083,1083,-25.049184,-25.049184,-51.53078,-51.53078,0724,0004,85DA,0F6AD10A,13.4,692.4,692.4,0:28:27,71:17:35,-,-,0,-
2025-10-15 17:31:50,,,,867488068351542,15943,ACK
2025-10-15 17:31:50,,,,867488068351542,15942,ACK
2025-10-15 17:31:48,2025-10-15 17:31:47,2025-10-15 17:31:48,2025-10-15 17:31:48,867488068351542,15941,GTIGL,0x19FE7FBF,,802003,0x8303,0x0115,100,28300,0000,0000,00,00,12,12,12,-,01,01,0.0,0.0,45,45,1083,1083,-25.049184,-25.049184,-51.53078,-51.53078,0724,0004,85DA,0F6AD10A,13.4,692.4,692.4,0:28:27,71:17:35,-,-,0,-,,,,,,,,,01
2025-10-15 17:31:48,2025-10-15 17:31:47,2025-10-15 17:31:47,2025-10-15 17:31:47,867488068351542,15940,GTSTT,0x19FE7FBF,,802003,0x8303,0x0115,100,28300,0000,0000,00,00,12,12,12,-,01,01,0.0,0.0,45,45,1083,1083,-25.049184,-25.049184,-51.53078,-51.53078,0724,0004,85DA,0F6AD10A,13.4,692.4,692.4,0:28:27,71:17:35,-,-,0,-
2025-10-15 17:31:48,2025-10-15 17:31:47,2025-10-15 17:31:47,2025-10-15 17:31:47,867488068351542,15939,GTIGF,0x19FE7FBF,,802003,0x8303,0x0115,100,28300,0000,0000,00,00,12,12,12,1708,01,01,0.0,0.0,45,45,1083,1083,-25.049184,-25.049184,-51.53078,-51.53078,0724,0004,85DA,0F6AD10A,13.4,692.4,692.4,0:28:27,71:17:35,-,-,0,-
2025-10-15 17:31:47,,,,867488068351542,15938,HBD
2025-10-15 17:30:27,2025-10-15 17:30:26,2025-10-15 17:30:25,2025-10-15 17:29:38,867488068351542,15937,GTERI,0x19FE3FBF,0x00028102,802003,0x8303,0x0115,100,28318,0000,-,01,00,22,12,12,-,01,01,10.8,48.4,45,84,1087,1070,-25.049227,-25.048377,-51.531252,-51.53322,0724,0004,85DA,0F6AD10A,13.4,692.3,692.1,0:27:06,71:16:14,-,-,0,-,,,,,04,3,00000000,00,10,,
2025-10-15 17:29:46,,,,867488068351542,15936,HBD
2025-10-15 17:27:27,2025-10-15 17:27:26,2025-10-15 17:27:25,2025-10-15 17:24:38,867488068351542,15935,GTERI,0x19FE3FBF,0x00028102,802003,0x8303,0x0115,100,28343,0000,-,01,00,22,12,12,-,01,01,12.1,66.6,85,182,1051,1059,-25.049398,-25.030534,-51.542321,-51.547574,0724,0004,85DA,0F6AD10A,12.2,691.1,688.9,0:24:06,71:13:14,-,-,0,-,,,,,04,3,00000000,00,10,,
2025-10-15 17:27:27,,,,867488068351542,15934,HBD
2025-10-15 17:25:45,,,,867488068351542,15933,HBD
2025-10-15 17:24:27,2025-10-15 17:24:26,2025-10-15 17:24:25,2025-10-15 17:22:59,867488068351542,15932,GTERI,0x19FE3FBF,0x00028102,802003,0x8303,0x0115,100,28384,0000,-,01,00,22,12,12,-,01,01,58.2,72.0,190,173,1069,1066,-25.028493,-25.015627,-51.547221,-51.545016,0724,0004,85DA,0F6AD117,9.7,688.7,687.2,0:21:06,71:10:14,-,-,0,-,,,,,04,1,00000000,00,10,,
2025-10-15 17:23:45,,,,867488068351542,15931,HBD
2025-10-15 17:21:29,2025-10-15 17:21:26,2025-10-15 17:21:25,2025-10-15 17:20:35,867488068351542,15930,GTERI,0x19FE3FBF,0x00028102,802003,0x8303,0x0115,100,28375,0000,-,01,00,22,12,12,-,01,01,49.7,77.1,190,177,1067,1035,-25.007925,-25.000218,-51.544938,-51.544064,0724,0004,85DA,0F79F10F,7.4,686.4,685.5,0:18:06,71:07:14,-,-,0,-,,,,,04,28,00000000,00,10,,
2025-10-15 17:21:28,,,,867488068351542,15929,HBD
2025-10-15 17:21:28,,,,867488068351542,15928,HBD
2025-10-15 17:21:27,2025-10-15 17:19:34,2025-10-15 17:19:35,2025-10-15 17:19:35,867488068351542,15927,GTPDP,0x19FE7FBF,,802003,0x8303,0x0115,100,28407,0000,0000,01,00,22,12,12,-,01,01,31.2,31.2,135,135,1018,1018,-24.992396,-24.992396,-51.547869,-51.547869,0000,0000,0000,00000000,5.6,684.5,684.5,0:16:15,71:05:23,-,-,0,-
2025-10-15 17:21:27,,,,867488068351542,15926,HBD
2025-10-15 17:21:27,2025-10-15 17:18:26,2025-10-15 17:18:25,2025-10-15 17:16:35,867488068351542,15925,GTERI,0x19FE3FBF,0x00028102,802003,0x8303,0x0115,100,28350,0000,-,01,00,22,12,12,-,01,01,22.5,30.9,21,153,1002,980,-24.99269,-24.993415,-51.549747,-51.553794,0000,0000,0000,00000000,5.2,684.2,683.4,0:15:06,71:04:14,-,-,0,-,,,,,00,0,00000000,00,10,,
2025-10-15 17:21:26,,,,867488068351542,15924,HBD
2025-10-15 17:21:26,2025-10-15 17:15:26,2025-10-15 17:15:25,2025-10-15 17:13:12,867488068351542,15923,GTERI,0x19FE3FBF,0x00028102,802003,0x8303,0x0115,100,28348,0000,-,01,00,22,12,12,-,01,01,27.2,41.7,65,89,993,1041,-24.99229,-24.992084,-51.557891,-51.564769,0000,0000,0000,00000000,4.0,682.9,682.2,0:12:06,71:01:14,-,-,0,-,,,,,00,0,00000000,00,10,,
2025-10-15 17:21:25,,,,867488068351542,15922,HBD
2025-10-15 17:21:25,,,,867488068351542,15921,HBD
2025-10-15 17:21:24,2025-10-15 17:12:52,2025-10-15 17:12:52,2025-10-15 17:12:27,867488068351542,15920,GTPDP,0x19FE7FBF,,802003,0x8303,0x0115,100,28345,0000,0000,01,00,22,12,12,-,01,01,28.1,40.7,94,60,1050,1045,-24.992267,-24.992011,-51.566376,-51.568688,0000,0000,0000,00000000,3.1,682.1,681.9,0:09:33,70:58:41,-,-,0,-
2025-10-15 17:21:24,2025-10-15 17:12:26,2025-10-15 17:12:25,2025-10-15 17:12:26,867488068351542,15919,GTERI,0x19FE3FBF,0x00028102,802003,0x8303,0x0115,100,28343,0000,-,01,00,22,12,12,-,01,01,42.9,45.6,50,53,1045,1046,-24.992132,-24.992067,-51.568882,-51.568781,0724,0004,85DE,0F795E0E,2.9,681.8,681.8,0:09:06,70:58:14,-,-,0,-,,,,,04,28,00000000,00,10,,
2025-10-15 17:12:15,,,,867488068351542,15918,HBD
2025-10-15 17:12:14,2025-10-15 17:09:26,2025-10-15 17:09:25,2025-10-15 17:08:19,867488068351542,15917,GTERI,0x19FE3FBF,0x00028102,802003,0x8303,0x0115,100,28383,0000,-,01,00,22,12,12,-,01,01,5.7,24.9,167,173,1046,1037,-24.993078,-24.991322,-51.582094,-51.582234,0000,0000,0000,00000000,1.3,680.3,680.1,0:06:06,70:55:14,-,-,0,-,,,,,00,0,00000000,00,10,,
2025-10-15 17:12:12,,,,867488068351542,15916,HBD
2025-10-15 17:12:11,2025-10-15 17:07:43,2025-10-15 17:07:44,2025-10-15 17:07:20,867488068351542,15915,GTDOG,0x19FE7FBF,,802003,0x8303,0x0115,100,28377,0000,0000,01,00,22,12,12,-,01,01,19.4,28.8,168,186,1042,1034,-24.989906,-24.988752,-51.582439,-51.58238,0000,0000,0000,00000000,0.9,679.9,679.8,0:04:24,70:53:32,-,-,0,-,,,,,,,,,07
2025-10-15 17:12:11,,,,867488068351542,15914,ACK
2025-10-15 17:12:10,,,,867488068351542,15913,ACK
2025-10-15 17:12:10,,,,867488068351542,15912,ACK
2025-10-15 17:12:09,,,,867488068351542,15911,HBD
2025-10-15 17:12:09,2025-10-15 17:06:26,2025-10-15 17:06:25,2025-10-15 17:06:26,867488068351542,15910,GTERI,0x19FE3FBF,0x00028102,802003,0x8303,0x0115,100,28254,0000,-,01,00,22,12,12,-,01,01,15.1,15.6,189,187,1029,1029,-24.985984,-24.986026,-51.581941,-51.581948,0000,0000,0000,00000000,0.5,679.5,679.5,0:03:06,70:52:14,-,-,0,-,,,,,00,0,00000000,00,10,,
2025-10-15 17:12:08,2025-10-15 17:06:24,2025-10-15 17:06:24,2025-10-15 17:04:12,867488068351542,15909,GTPDP,0x19FE7FBF,,802003,0x8303,0x0115,100,28409,0000,0000,01,00,22,12,12,-,01,01,13.2,21.2,188,137,1029,1004,-24.985946,-24.983263,-51.581934,-51.583554,0000,0000,0000,00000000,0.5,679.5,679.1,0:03:03,70:52:11,-,-,0,-
2025-10-15 17:12:07,2025-10-15 17:03:30,2025-10-15 17:03:31,2025-10-15 17:03:31,867488068351542,15907,GTPDP,0x19FE7FBF,,802003,0x8303,0x0115,100,28313,0000,0000,01,00,22,12,12,-,01,01,0.0,0.0,193,193,1003,1003,-24.981916,-24.981916,-51.58427,-51.58427,0000,0000,0000,00000000,0.0,679.0,679.0,0:00:09,70:49:17,-,-,0,-
2025-10-15 17:12:07,2025-10-15 17:03:29,2025-10-15 17:03:30,2025-10-15 17:03:30,867488068351542,15906,GTIGL,0x19FE7FBF,,802003,0x8303,0x0115,100,28313,0000,0000,01,00,22,12,12,-,01,01,0.0,0.0,145,145,1003,1003,-24.981916,-24.981916,-51.58427,-51.58427,0000,0000,0000,00000000,0.0,679.0,679.0,0:00:09,70:49:17,-,-,0,-,,,,,,,,,00
2025-10-15 17:12:06,2025-10-15 17:03:29,2025-10-15 17:03:30,2025-10-15 17:03:30,867488068351542,15905,GTERI,0x19FE3FBF,0x00028102,802003,0x8303,0x0115,100,28313,0000,-,01,00,22,12,12,-,01,01,0.0,0.0,145,145,1003,1003,-24.981916,-24.981916,-51.58427,-51.58427,0000,0000,0000,00000000,0.0,679.0,679.0,0:00:09,70:49:17,-,-,0,-,,,,,00,0,00000000,00,10,,
2025-10-15 17:12:06,2025-10-15 17:03:19,2025-10-15 16:57:35,2025-10-15 16:57:35,867488068351542,15904,GTSTT,0x19FE7FBF,,802003,0x8303,0x0115,100,26249,0000,0000,01,00,22,12,12,-,00,00,0.0,0.0,145,145,1001,1001,-24.981965,-24.981965,-51.584293,-51.584293,0000,0000,0000,00000000,0.0,679.0,679.0,0:00:00,70:49:08,-,-,0,-
2025-10-15 17:12:05,2025-10-15 17:03:19,2025-10-15 16:57:35,2025-10-15 16:51:24,867488068351542,15903,GTIGN,0x19FE7FBF,,802003,0x8303,0x0115,100,26249,0000,0000,01,00,22,12,12,645,00,01,0.0,22.8,145,174,1001,992,-24.981965,-24.980196,-51.584293,-51.584627,0000,0000,0000,00000000,0.0,679.0,678.8,0:00:00,70:49:08,-,-,0,-
2025-10-15 17:12:04,2025-10-15 17:00:39,2025-10-15 16:57:35,2025-10-15 16:57:35,867488068351542,15901,GTPDP,0x19FE7FBF,,802003,0x8303,0x0115,100,26325,0000,0000,00,00,11,12,12,-,00,00,0.0,0.0,145,145,1001,1001,-24.981965,-24.981965,-51.584293,-51.584293,0000,0000,0000,00000000,1.9,679.0,679.0,0:20:06,70:49:08,-,-,0,-
2025-10-15 17:12:04,2025-10-15 16:57:39,2025-10-15 16:57:35,2025-10-15 16:57:35,867488068351542,15900,GTPDP,0x19FE7FBF,,802003,0x8303,0x0115,100,26372,0000,0000,00,00,1A,12,12,-,00,00,0.0,0.0,145,145,1001,1001,-24.981965,-24.981965,-51.584293,-51.584293,0000,0000,0000,00000000,1.9,679.0,679.0,0:20:06,70:49:08,-,-,0,-
2025-10-15 17:12:03,2025-10-15 16:57:34,2025-10-15 16:57:35,2025-10-15 16:57:35,867488068351542,15899,GTERI,0x19FE3FBF,0x00028102,802003,0x8303,0x0115,100,26372,0000,-,00,00,1A,12,12,-,01,01,0.0,0.0,145,145,1001,1001,-24.981965,-24.981965,-51.584293,-51.584293,0000,0000,0000,00000000,1.9,679.0,679.0,0:20:06,70:49:08,-,-,0,-,,,,,00,0,00000000,00,10,,
2025-10-15 17:12:03,2025-10-15 16:56:36,2025-10-15 16:56:35,2025-10-15 16:56:35,867488068351542,15898,GTERI,0x19FE3FBF,0x00028102,802003,0x8303,0x0115,100,26427,0000,-,00,00,11,12,12,-,01,01,0.0,0.0,145,145,1001,1001,-24.981965,-24.981965,-51.584293,-51.584293,0000,0000,0000,00000000,1.9,679.0,679.0,0:20:06,70:49:08,-,-,0,-,,,,,00,0,00000000,00,10,,
2025-10-15 17:12:01,2025-10-15 16:53:36,2025-10-15 16:53:35,2025-10-15 16:53:35,867488068351542,15895,GTERI,0x19FE3FBF,0x00028102,802003,0x8303,0x0115,100,26697,0000,-,00,00,1A,12,12,-,01,01,0.0,0.0,145,145,1001,1001,-24.981965,-24.981965,-51.584293,-51.584293,0000,0000,0000,00000000,1.9,679.0,679.0,0:20:06,70:49:08,-,-,0,-,,,,,00,0,00000000,00,10,,
2025-10-15 17:12:01,2025-10-15 16:52:55,2025-10-15 16:52:56,2025-10-15 16:52:56,867488068351542,15894,GTSTT,0x19FE7FBF,,802003,0x8303,0x0115,100,26807,0000,0000,00,00,11,12,12,-,01,01,0.0,0.0,145,145,1001,1001,-24.981965,-24.981965,-51.584293,-51.584293,0000,0000,0000,00000000,1.9,679.0,679.0,0:20:06,70:49:08,-,-,0,-
2025-10-15 17:12:00,,,,867488068351542,15893,ACK
2025-10-15 17:12:00,,,,867488068351542,15892,ACK
2025-10-15 17:11:59,2025-10-15 16:52:35,2025-10-15 16:52:36,2025-10-15 16:52:36,867488068351542,15891,GTIGL,0x19FE7FBF,,802003,0x8303,0x0115,100,27875,0000,0000,00,00,12,12,12,-,01,01,0.0,0.0,145,145,1001,1001,-24.981965,-24.981965,-51.584293,-51.584293,0000,0000,0000,00000000,1.9,679.0,679.0,0:20:06,70:49:08,-,-,0,-,,,,,,,,,01
2025-10-15 17:11:59,2025-10-15 16:52:34,2025-10-15 16:52:34,2025-10-15 16:52:34,867488068351542,15890,GTSTT,0x19FE7FBF,,802003,0x8303,0x0115,100,28395,0000,0000,00,00,12,12,12,-,01,01,0.0,0.0,145,145,1001,1001,-24.981965,-24.981965,-51.584293,-51.584293,0000,0000,0000,00000000,1.9,679.0,679.0,0:20:06,70:49:08,-,-,0,-
2025-10-15 17:11:58,2025-10-15 16:52:34,2025-10-15 16:52:34,2025-10-15 16:52:34,867488068351542,15889,GTIGF,0x19FE7FBF,,802003,0x8303,0x0115,100,28395,0000,0000,00,00,12,12,12,1207,01,01,0.0,0.0,145,145,1001,1001,-24.981965,-24.981965,-51.584293,-51.584293,0000,0000,0000,00000000,1.9,679.0,679.0,0:20:06,70:49:08,-,-,0,-
2025-10-15 17:11:57,2025-10-15 16:50:36,2025-10-15 16:50:35,2025-10-15 16:50:09,867488068351542,15887,GTERI,0x19FE3FBF,0x00028102,802003,0x8303,0x0115,100,28388,0000,-,01,00,22,12,12,-,01,01,0.0,18.1,145,148,999,999,-24.979761,-24.979559,-51.584601,-51.584573,0000,0000,0000,00000000,1.6,678.7,678.7,0:18:06,70:47:08,-,-,0,-,,,,,00,0,00000000,00,10,,
2025-10-15 17:11:56,2025-10-15 16:47:36,2025-10-15 16:47:35,2025-10-15 16:47:05,867488068351542,15884,GTERI,0x19FE3FBF,0x00028102,802003,0x8303,0x0115,100,28321,0000,-,01,00,22,12,12,-,01,01,0.0,8.3,145,152,996,996,-24.97943,-24.979536,-51.584708,-51.584669,0000,0000,0000,00000000,1.6,678.7,678.7,0:15:06,70:44:08,-,-,0,-,,,,,00,0,00000000,00,10,,
2025-10-15 17:11:55,2025-10-15 16:44:36,2025-10-15 16:44:35,2025-10-15 16:43:06,867488068351542,15882,GTERI,0x19FE3FBF,0x00028102,802003,0x8303,0x0115,100,28401,0000,-,01,00,22,12,12,-,01,01,0.0,13.2,188,351,995,987,-24.979543,-24.980319,-51.584684,-51.58472,0000,0000,0000,00000000,1.6,678.7,678.6,0:12:06,70:41:08,-,-,0,-,,,,,00,0,00000000,00,10,,
2025-10-15 17:11:33,2025-10-15 16:41:36,2025-10-15 16:41:35,2025-10-15 16:39:35,867488068351542,15879,GTERI,0x19FE3FBF,0x00028102,802003,0x8303,0x0115,100,28372,0000,-,01,00,22,12,12,-,01,01,0.0,21.5,345,320,992,1015,-24.981151,-24.98366,-51.584701,-51.583233,0000,0000,0000,00000000,1.4,678.5,678.2,0:09:06,70:38:08,-,-,0,-,,,,,00,0,00000000,00,10,,
2025-10-15 17:11:32,2025-10-15 16:38:36,2025-10-15 16:38:35,2025-10-15 16:37:08,867488068351542,15877,GTERI,0x19FE3FBF,0x00028102,802003,0x8303,0x0115,100,28373,0000,-,01,00,22,12,12,-,01,01,7.0,23.5,345,10,1028,1027,-24.985605,-24.98702,-51.581866,-51.582116,0000,0000,0000,00000000,0.9,677.9,677.8,0:06:06,70:35:08,-,-,0,-,,,,,00,0,00000000,00,10,,
2025-10-15 17:11:31,,,,867488068351542,15875,ACK
2025-10-15 17:11:31,,,,867488068351542,15874,ACK
2025-10-15 17:11:30,,,,867488068351542,15873,ACK
2025-10-15 17:11:29,2025-10-15 16:35:36,2025-10-15 16:35:35,2025-10-15 16:35:33,867488068351542,15871,GTERI,0x19FE3FBF,0x00028102,802003,0x8303,0x0115,100,28368,0000,-,01,00,22,12,12,-,01,01,11.3,12.1,9,9,1036,1037,-24.988971,-24.989027,-51.582396,-51.582405,0000,0000,0000,00000000,0.5,677.6,677.6,0:03:06,70:32:08,-,-,0,-,,,,,00,0,00000000,00,10,,
2025-10-15 17:11:29,2025-10-15 16:35:32,2025-10-15 16:35:32,2025-10-15 16:34:29,867488068351542,15870,GTPDP,0x19FE7FBF,,802003,0x8303,0x0115,100,28368,0000,0000,01,00,22,12,12,-,01,01,12.2,28.1,10,354,1037,1032,-24.989057,-24.991356,-51.58241,-51.582216,0000,0000,0000,00000000,0.5,677.6,677.3,0:03:03,70:32:05,-,-,0,-
2025-10-15 17:11:28,2025-10-15 16:32:44,2025-10-15 16:32:45,2025-10-15 16:32:45,867488068351542,15868,GTIGL,0x19FE7FBF,,802003,0x8303,0x0115,100,28302,0000,0000,01,00,22,12,12,-,01,01,0.2,0.2,141,141,1021,1021,-24.993121,-24.993121,-51.582451,-51.582451,0000,0000,0000,00000000,0.0,677.1,677.1,0:00:15,70:29:17,-,-,0,-,,,,,,,,,00
2025-10-15 17:11:27,2025-10-15 16:32:44,2025-10-15 16:32:45,2025-10-15 16:32:45,867488068351542,15867,GTERI,0x19FE3FBF,0x00028102,802003,0x8303,0x0115,100,28302,0000,-,01,00,22,12,12,-,01,01,0.2,0.2,141,141,1021,1021,-24.993121,-24.993121,-51.582451,-51.582451,0000,0000,0000,00000000,0.0,677.1,677.1,0:00:15,70:29:17,-,-,0,-,,,,,00,0,00000000,00,10,,
2025-10-15 17:11:27,2025-10-15 16:32:32,2025-10-15 16:26:15,2025-10-15 16:26:15,867488068351542,15866,GTPDP,0x19FE7FBF,,802003,0x8303,0x0115,100,26880,0000,0000,01,00,22,12,12,-,00,00,0.0,0.0,141,141,1044,1044,-24.993097,-24.993097,-51.582516,-51.582516,0000,0000,0000,00000000,0.0,677.1,677.1,0:00:03,70:29:05,-,-,0,-
2025-10-15 17:11:26,2025-10-15 16:32:27,2025-10-15 16:26:15,2025-10-15 16:26:15,867488068351542,15865,GTSTT,0x19FE7FBF,,802003,0x8303,0x0115,100,25925,0000,0000,01,00,22,12,12,-,00,00,0.0,0.0,141,141,1044,1044,-24.993097,-24.993097,-51.582516,-51.582516,0000,0000,0000,00000000,0.0,677.1,677.1,0:00:00,70:29:02,-,-,0,-
2025-10-15 17:11:26,2025-10-15 16:32:27,2025-10-15 16:26:15,2025-10-15 16:26:15,867488068351542,15864,GTIGN,0x19FE7FBF,,802003,0x8303,0x0115,100,25925,0000,0000,01,00,22,12,12,4122,00,01,0.0,0.0,141,141,1044,1044,-24.993097,-24.993097,-51.582516,-51.582516,0000,0000,0000,00000000,0.0,677.1,677.1,0:00:00,70:29:02,-,-,0,-
2025-10-15 17:11:25,2025-10-15 16:28:40,2025-10-15 16:26:15,2025-10-15 16:26:15,867488068351542,15862,GTERI,0x19FE3FBF,0x00028102,802003,0x8303,0x0115,100,25916,0000,-,00,00,11,12,12,-,01,01,0.0,0.0,141,141,1044,1044,-24.993097,-24.993097,-51.582516,-51.582516,0000,0000,0000,00000000,29.6,677.1,677.1,1:43:54,70:29:02,-,-,0,-,,,,,00,0,00000000,00,10,,
2025-10-15 17:11:24,2025-10-15 16:08:07,2025-10-15 16:08:08,2025-10-15 16:08:08,867488068351542,15861,GTDOG,0x19FE7FBF,,802003,0x8303,0x0115,100,25875,0000,0000,00,00,11,12,12,-,01,01,0.0,0.0,141,141,1044,1044,-24.993097,-24.993097,-51.582516,-51.582516,0000,0000,0000,00000000,29.6,677.1,677.1,1:43:54,70:29:02,-,-,0,-,,,,,,,,,07
2025-10-15 17:11:24,2025-10-15 15:31:53,2025-10-15 15:28:46,2025-10-15 15:28:46,867488068351542,15860,GTPDP,0x19FE7FBF,,802003,0x8303,0x0115,100,26308,0000,0000,00,00,11,12,12,-,00,00,0.0,0.0,141,141,1044,1044,-24.993097,-24.993097,-51.582516,-51.582516,0000,0000,0000,00000000,29.6,677.1,677.1,1:43:54,70:29:02,-,-,0,-
2025-10-15 17:11:23,2025-10-15 15:28:49,2025-10-15 15:28:46,2025-10-15 15:28:46,867488068351542,15859,GTPDP,0x19FE7FBF,,802003,0x8303,0x0115,100,26356,0000,0000,00,00,11,12,12,-,00,00,0.0,0.0,141,141,1044,1044,-24.993097,-24.993097,-51.582516,-51.582516,0000,0000,0000,00000000,29.6,677.1,677.1,1:43:54,70:29:02,-,-,0,-
2025-10-15 17:11:23,2025-10-15 15:28:45,2025-10-15 15:28:46,2025-10-15 15:28:46,867488068351542,15858,GTERI,0x19FE3FBF,0x00028102,802003,0x8303,0x0115,100,26295,0000,-,00,00,11,12,12,-,01,01,0.0,0.0,141,141,1044,1044,-24.993097,-24.993097,-51.582516,-51.582516,0000,0000,0000,00000000,29.6,677.1,677.1,1:43:54,70:29:02,-,-,0,-,,,,,00,0,00000000,00,10,,
2025-10-15 17:11:22,2025-10-15 15:27:56,2025-10-15 15:27:55,2025-10-15 15:27:55,867488068351542,15857,GTERI,0x19FE3FBF,0x00028102,802003,0x8303,0x0115,100,26295,0000,-,00,00,11,12,12,-,01,01,0.0,0.0,141,141,1044,1044,-24.993097,-24.993097,-51.582516,-51.582516,0000,0000,0000,00000000,29.6,677.1,677.1,1:43:54,70:29:02,-,-,0,-,,,,,00,0,00000000,00,10,,
2025-10-15 17:11:21,2025-10-15 15:24:56,2025-10-15 15:24:55,2025-10-15 15:24:55,867488068351542,15854,GTERI,0x19FE3FBF,0x00028102,802003,0x8303,0x0115,100,26549,0000,-,00,00,11,12,12,-,01,01,0.0,0.0,141,141,1044,1044,-24.993097,-24.993097,-51.582516,-51.582516,0000,0000,0000,00000000,29.6,677.1,677.1,1:43:54,70:29:02,-,-,0,-,,,,,00,0,00000000,00,10,,
2025-10-15 17:11:20,2025-10-15 15:24:05,2025-10-15 15:24:05,2025-10-15 15:24:05,867488068351542,15853,GTSTT,0x19FE7FBF,,802003,0x8303,0x0115,100,26661,0000,0000,00,00,11,12,12,-,01,01,0.0,0.0,141,141,1044,1044,-24.993097,-24.993097,-51.582516,-51.582516,0000,0000,0000,00000000,29.6,677.1,677.1,1:43:54,70:29:02,-,-,0,-
2025-10-15 17:11:20,,,,867488068351542,15852,ACK
2025-10-15 17:11:19,,,,867488068351542,15851,ACK
2025-10-15 17:11:18,2025-10-15 15:23:45,2025-10-15 15:23:46,2025-10-15 15:23:46,867488068351542,15849,GTIGL,0x19FE7FBF,,802003,0x8303,0x0115,100,28301,0000,0000,00,00,12,12,12,-,01,01,0.0,0.0,141,141,1044,1044,-24.993097,-24.993097,-51.582516,-51.582516,0000,0000,0000,00000000,29.6,677.1,677.1,1:43:54,70:29:02,-,-,0,-,,,,,,,,,01
2025-10-15 17:11:18,2025-10-15 15:23:45,2025-10-15 15:23:45,2025-10-15 15:23:45,867488068351542,15848,GTSTT,0x19FE7FBF,,802003,0x8303,0x0115,100,28301,0000,0000,00,00,12,12,12,-,01,01,0.0,0.0,141,141,1044,1044,-24.993097,-24.993097,-51.582516,-51.582516,0000,0000,0000,00000000,29.6,677.1,677.1,1:43:54,70:29:02,-,-,0,-
2025-10-15 17:11:17,2025-10-15 15:23:45,2025-10-15 15:23:45,2025-10-15 15:23:45,867488068351542,15847,GTIGF,0x19FE7FBF,,802003,0x8303,0x0115,100,28301,0000,0000,00,00,12,12,12,6236,01,01,0.0,0.0,141,141,1044,1044,-24.993097,-24.993097,-51.582516,-51.582516,0000,0000,0000,00000000,29.6,677.1,677.1,1:43:54,70:29:02,-,-,0,-
2025-10-15 17:11:17,2025-10-15 15:21:56,2025-10-15 15:21:55,2025-10-15 15:19:04,867488068351542,15846,GTERI,0x19FE3FBF,0x00028102,802003,0x8303,0x0115,100,28243,0000,-,01,00,22,12,12,-,01,01,0.1,27.6,141,140,1044,989,-24.993097,-24.990331,-51.582516,-51.588059,0000,0000,0000,00000000,29.6,677.1,676.4,1:42:06,70:27:14,-,-,0,-,,,,,00,0,00000000,00,10,,
2025-10-15 17:11:15,2025-10-15 15:18:56,2025-10-15 15:18:55,2025-10-15 15:16:17,867488068351542,15843,GTERI,0x19FE3FBF,0x00028102,802003,0x8303,0x0115,100,28416,0000,-,01,00,22,12,12,-,01,01,27.2,36.3,141,72,993,998,-24.989912,-24.98952,-51.588504,-51.598218,0000,0000,0000,00000000,28.9,676.4,675.2,1:39:06,70:24:14,-,-,0,-,,,,,00,0,00000000,00,10,,
2025-10-15 17:11:14,2025-10-15 15:15:56,2025-10-15 15:15:55,2025-10-15 15:15:02,867488068351542,15841,GTERI,0x19FE3FBF,0x00028102,802003,0x8303,0x0115,100,28383,0000,-,01,00,22,12,12,-,01,01,26.5,37.1,78,109,1003,984,-24.990201,-24.990865,-51.599969,-51.603228,0000,0000,0000,00000000,27.5,675.0,674.7,1:36:06,70:21:14,-,-,0,-,,,,,00,0,00000000,00,10,,
2025-10-15 17:11:13,2025-10-15 15:12:56,2025-10-15 15:12:55,2025-10-15 15:12:11,867488068351542,15838,GTERI,0x19FE3FBF,0x00028102,802003,0x8303,0x0115,100,28252,0000,-,01,00,22,12,12,-,01,01,29.1,36.3,345,5,1035,1035,-24.99451,-24.997406,-51.610644,-51.611739,0000,0000,0000,00000000,26.2,673.7,673.4,1:33:06,70:18:14,-,-,0,-,,,,,00,0,00000000,00,10,,
2025-10-15 17:11:12,2025-10-15 15:11:03,2025-10-15 15:11:03,2025-10-15 15:10:10,867488068351542,15836,GTPDP,0x19FE7FBF,,802003,0x8303,0x0115,100,28378,0000,0000,01,00,22,12,12,-,01,01,25.2,32.3,55,50,1034,1031,-25.001862,-25.004477,-51.612172,-51.614079,0000,0000,0000,00000000,25.3,672.8,672.4,1:31:12,70:16:20,-,-,0,-
2025-10-15 17:11:11,2025-10-15 15:09:56,2025-10-15 15:09:55,2025-10-15 15:08:16,867488068351542,15835,GTERI,0x19FE3FBF,0x00028102,802003,0x8303,0x0115,100,28431,0000,-,01,00,22,12,12,-,01,01,30.3,36.6,60,87,1031,1069,-25.004829,-25.01027,-51.615288,-51.618847,0000,0000,0000,00000000,24.8,672.3,671.5,1:30:06,70:15:14,-,-,0,-,,,,,00,0,00000000,00,10,,
2025-10-15 17:11:10,2025-10-15 15:08:03,2025-10-15 15:08:03,2025-10-15 15:06:57,867488068351542,15833,GTPDP,0x19FE7FBF,,802003,0x8303,0x0115,100,28252,0000,0000,01,00,22,12,12,-,01,01,24.6,34.5,38,342,1074,1084,-25.010463,-25.014729,-51.619838,-51.620707,0000,0000,0000,00000000,23.8,671.3,670.8,1:28:12,70:13:20,-,-,0,-
2025-10-15 17:11:09,2025-10-15 15:06:56,2025-10-15 15:06:55,2025-10-15 15:04:55,867488068351542,15831,GTERI,0x19FE3FBF,0x00028102,802003,0x8303,0x0115,100,28347,0000,-,01,00,22,12,12,-,01,01,30.9,36.9,1,352,1085,1076,-25.014888,-25.021514,-51.620688,-51.620609,0000,0000,0000,00000000,23.3,670.8,670.1,1:27:06,70:12:14,-,-,0,-,,,,,00,0,00000000,00,10,,
2025-10-15 17:11:08,2025-10-15 15:03:56,2025-10-15 15:03:55,2025-10-15 15:03:29,867488068351542,15829,GTERI,0x19FE3FBF,0x00028102,802003,0x8303,0x0115,100,28365,0000,-,01,00,22,12,12,-,01,01,26.4,31.6,71,37,1077,1067,-25.025092,-25.026161,-51.620999,-51.62234,0000,0000,0000,00000000,22.2,669.6,669.5,1:24:06,70:09:14,-,-,0,-,,,,,00,0,00000000,00,10,,
2025-10-15 17:11:07,2025-10-15 15:00:56,2025-10-15 15:00:55,2025-10-15 14:58:07,867488068351542,15826,GTERI,0x19FE3FBF,0x00028102,802003,0x8303,0x0115,100,28343,0000,-,01,00,22,12,12,-,01,01,22.0,32.2,345,12,1039,1075,-25.032109,-25.039828,-51.623507,-51.622736,0000,0000,0000,00000000,21.1,668.6,667.6,1:21:06,70:06:14,-,-,0,-,,,,,00,0,00000000,00,10,,
2025-10-15 17:11:06,2025-10-15 14:57:56,2025-10-15 14:57:55,2025-10-15 14:57:38,867488068351542,15824,GTERI,0x19FE3FBF,0x00028102,802003,0x8303,0x0115,100,28356,0000,-,01,00,22,12,12,-,01,01,28.2,31.6,7,355,1079,1080,-25.04073,-25.041831,-51.622923,-51.622882,0000,0000,0000,00000000,20.0,667.5,667.4,1:18:06,70:03:14,-,-,0,-,,,,,00,0,00000000,00,10,,
2025-10-15 17:11:04,2025-10-15 14:54:56,2025-10-15 14:54:54,2025-10-15 14:54:56,867488068351542,15821,GTERI,0x19FE3FBF,0x00028102,802003,0x8303,0x0115,100,28346,0000,-,01,00,22,12,12,-,01,01,25.9,27.9,31,31,1092,1092,-25.050477,-25.050359,-51.621748,-51.62167,0000,0000,0000,00000000,18.8,666.3,666.3,1:15:06,70:00:14,-,-,0,-,,,,,00,0,00000000,00,10,,
2025-10-15 17:11:03,2025-10-15 14:52:16,2025-10-15 14:52:17,2025-10-15 14:52:17,867488068351542,15819,GTPDP,0x19FE7FBF,,802003,0x8303,0x0115,100,28362,0000,0000,01,00,22,12,12,-,01,01,0.0,0.0,358,358,1105,1105,-25.05505,-25.05505,-51.623727,-51.623727,0000,0000,0000,00000000,18.2,665.7,665.7,1:12:27,69:57:35,-,-,0,-
2025-10-15 17:11:03,2025-10-15 14:51:56,2025-10-15 14:51:55,2025-10-15 14:51:56,867488068351542,15818,GTERI,0x19FE3FBF,0x00028102,802003,0x8303,0x0115,100,28323,0000,-,01,00,22,12,12,-,01,01,0.0,0.0,358,358,1105,1105,-25.05505,-25.05505,-51.623727,-51.623727,0724,0004,85DE,0F795E0F,18.2,665.7,665.7,1:12:06,69:57:14,-,-,0,-,,,,,04,28,00000000,00,10,,
2025-10-15 14:51:49,,,,867488068351542,15817,HBD
2025-10-15 14:51:49,2025-10-15 14:51:10,2025-10-15 14:51:10,2025-10-15 14:51:10,867488068351542,15816,GTPDP,0x19FE7FBF,,802003,0x8303,0x0115,100,28173,0000,0000,01,00,22,12,12,-,01,01,0.0,0.0,358,358,1105,1105,-25.05505,-25.05505,-51.623727,-51.623727,0000,0000,0000,00000000,18.2,665.7,665.7,1:11:18,69:56:26,-,-,0,-
2025-10-15 14:51:48,,,,867488068351542,15815,HBD
2025-10-15 14:51:48,2025-10-15 14:50:25,2025-10-15 14:50:26,2025-10-15 14:50:26,867488068351542,15814,GTPDP,0x19FE7FBF,,802003,0x8303,0x0115,100,28327,0000,0000,01,00,22,12,12,-,01,01,0.0,0.0,358,358,1105,1105,-25.05505,-25.05505,-51.623727,-51.623727,0000,0000,0000,00000000,18.2,665.7,665.7,1:10:36,69:55:44,-,-,0,-
2025-10-15 14:51:47,2025-10-15 14:50:15,2025-10-15 14:50:16,2025-10-15 14:49:05,867488068351542,15813,GTPDP,0x19FE7FBF,,802003,0x8303,0x0115,100,28251,0000,0000,01,00,22,12,12,-,01,01,0.0,15.1,358,16,1105,1106,-25.05505,-25.05541,-51.623727,-51.623966,0000,0000,0000,00000000,18.2,665.7,665.6,1:10:24,69:55:32,-,-,0,-
2025-10-15 14:51:13,2025-10-15 14:50:15,2025-10-15 14:50:16,2025-10-15 14:49:05,867488068351542,15813,GTPDP,0x19FE7FBF,,802003,0x8303,0x0115,100,28251,0000,0000,01,00,22,12,12,-,01,01,0.0,15.1,358,16,1105,1106,-25.05505,-25.05541,-51.623727,-51.623966,0000,0000,0000,00000000,18.2,665.7,665.6,1:10:24,69:55:32,-,-,0,-
2025-10-15 14:49:45,,,,867488068351542,15812,HBD
2025-10-15 14:49:44,,,,867488068351542,15811,HBD
2025-10-15 14:49:44,2025-10-15 14:49:03,2025-10-15 14:49:04,2025-10-15 14:48:58,867488068351542,15810,GTPDP,0x19FE7FBF,,802003,0x8303,0x0115,100,28369,0000,0000,01,00,22,12,12,-,01,01,16.7,21.3,13,347,1106,1107,-25.055448,-25.055728,-51.623978,-51.623956,0000,0000,0000,00000000,18.2,665.6,665.6,1:09:12,69:54:20,-,-,0,-
2025-10-15 14:49:43,2025-10-15 14:48:55,2025-10-15 14:48:54,2025-10-15 14:46:12,867488068351542,15809,GTERI,0x19FE3FBF,0x00028102,802003,0x8303,0x0115,100,28416,0000,-,01,00,22,12,12,-,01,01,19.4,28.2,358,2,1107,1120,-25.055932,-25.063073,-51.623926,-51.622858,0724,0004,85DE,0F795E0F,18.1,665.6,664.7,1:09:03,69:54:11,-,-,0,-,,,,,04,28,00000000,00,10,,
2025-10-15 14:49:07,2025-10-15 14:48:55,2025-10-15 14:48:54,2025-10-15 14:46:12,867488068351542,15809,GTERI,0x19FE3FBF,0x00028102,802003,0x8303,0x0115,100,28416,0000,-,01,00,22,12,12,-,01,01,19.4,28.2,358,2,1107,1120,-25.055932,-25.063073,-51.623926,-51.622858,0724,0004,85DE,0F795E0F,18.1,665.6,664.7,1:09:03,69:54:11,-,-,0,-,,,,,04,28,00000000,00,10,,
2025-10-15 14:47:27,,,,867488068351542,15808,HBD
2025-10-15 14:47:27,2025-10-15 14:45:55,2025-10-15 14:45:54,2025-10-15 14:44:54,867488068351542,15807,GTERI,0x19FE3FBF,0x00028102,802003,0x8303,0x0115,100,28331,0000,-,01,00,22,12,12,-,01,01,18.1,31.8,8,13,1124,1109,-25.064142,-25.066323,-51.622783,-51.62451,0000,0000,0000,00000000,17.1,664.6,664.3,1:06:03,69:51:11,-,-,0,-,,,,,00,0,00000000,00,10,,
2025-10-15 14:47:26,,,,867488068351542,15806,HBD
2025-10-15 14:47:25,,,,867488068351542,15805,HBD
2025-10-15 14:47:25,2025-10-15 14:42:55,2025-10-15 14:42:54,2025-10-15 14:42:54,867488068351542,15804,GTERI,0x19FE3FBF,0x00028102,802003,0x8303,0x0115,100,28393,0000,-,01,00,22,12,12,-,01,01,22.0,22.0,281,281,1117,1117,-25.071102,-25.071102,-51.621697,-51.621697,0000,0000,0000,00000000,16.2,663.7,663.7,1:03:03,69:48:11,-,-,0,-,,,,,00,0,00000000,00,10,,
2025-10-15 14:47:25,,,,867488068351542,15803,HBD
2025-10-15 14:47:23,2025-10-15 14:39:55,2025-10-15 14:39:54,2025-10-15 14:39:55,867488068351542,15802,GTERI,0x19FE3FBF,0x00028102,802003,0x8303,0x0115,100,28244,0000,-,01,00,22,12,12,-,01,01,0.0,0.0,237,237,1102,1102,-25.07169,-25.07169,-51.619751,-51.619751,0000,0000,0000,00000000,15.9,663.4,663.4,1:00:03,69:45:11,-,-,0,-,,,,,00,0,00000000,00,10,,
2025-10-15 14:47:22,,,,867488068351542,15801,HBD
2025-10-15 14:47:22,,,,867488068351542,15800,HBD
2025-10-15 14:47:21,2025-10-15 14:36:55,2025-10-15 14:36:53,2025-10-15 14:36:55,867488068351542,15799,GTERI,0x19FE3FBF,0x00028102,802003,0x8303,0x0115,100,28265,0000,-,01,00,22,12,12,-,01,01,0.0,0.0,237,237,1102,1102,-25.07169,-25.07169,-51.619751,-51.619751,0000,0000,0000,00000000,15.9,663.4,663.4,0:57:03,69:42:11,-,-,0,-,,,,,00,0,00000000,00,10,,
2025-10-15 14:47:19,2025-10-15 14:33:55,2025-10-15 14:33:54,2025-10-15 14:33:55,867488068351542,15797,GTERI,0x19FE3FBF,0x00028102,802003,0x8303,0x0115,100,28335,0000,-,01,00,22,12,12,-,01,01,0.0,0.0,237,237,1102,1102,-25.07169,-25.07169,-51.619751,-51.619751,0000,0000,0000,00000000,15.9,663.4,663.4,0:54:03,69:39:11,-,-,0,-,,,,,00,0,00000000,00,10,,
2025-10-15 14:47:18,2025-10-15 14:30:55,2025-10-15 14:30:54,2025-10-15 14:28:12,867488068351542,15794,GTERI,0x19FE3FBF,0x00028102,802003,0x8303,0x0115,100,28341,0000,-,01,00,22,12,12,-,01,01,0.0,4.3,237,123,1102,1102,-25.07169,-25.07165,-51.619751,-51.619754,0000,0000,0000,00000000,15.9,663.4,663.4,0:51:03,69:36:11,-,-,0,-,,,,,00,0,00000000,00,10,,
2025-10-15 14:47:17,2025-10-15 14:27:55,2025-10-15 14:27:54,2025-10-15 14:26:26,867488068351542,15792,GTERI,0x19FE3FBF,0x00028102,802003,0x8303,0x0115,100,28379,0000,-,01,00,22,12,12,-,01,01,0.0,23.8,237,112,1101,1117,-25.071639,-25.070998,-51.619734,-51.622099,0000,0000,0000,00000000,15.9,663.4,663.2,0:48:03,69:33:11,-,-,0,-,,,,,00,0,00000000,00,10,,
2025-10-15 14:47:15,2025-10-15 14:24:55,2025-10-15 14:24:54,2025-10-15 14:23:19,867488068351542,15789,GTERI,0x19FE3FBF,0x00028102,802003,0x8303,0x0115,100,28182,0000,-,01,00,22,12,12,-,01,01,21.3,27.3,178,172,1108,1119,-25.067935,-25.063541,-51.624538,-51.622825,0000,0000,0000,00000000,15.2,662.7,662.2,0:45:03,69:30:11,-,-,0,-,,,,,00,0,00000000,00,10,,
2025-10-15 14:47:15,2025-10-15 14:23:14,2025-10-15 14:23:14,2025-10-15 14:23:07,867488068351542,15787,GTPDP,0x19FE7FBF,,802003,0x8303,0x0115,100,28344,0000,0000,01,00,22,12,12,-,01,01,25.8,26.1,178,189,1118,1118,-25.063208,-25.062768,-51.622851,-51.62282,0000,0000,0000,00000000,14.6,662.1,662.1,0:43:24,69:28:32,-,-,0,-
2025-10-15 14:22:00,2025-10-15 14:21:55,2025-10-15 14:21:54,2025-10-15 14:19:53,867488068351542,15786,GTERI,0x19FE3FBF,0x00028102,802003,0x8303,0x0115,100,28329,0000,-,01,00,22,12,12,-,01,01,24.8,29.8,186,184,1139,1099,-25.059361,-25.053692,-51.62297,-51.623163,0724,0004,85DA,0F79F10F,14.2,661.7,661.0,0:42:03,69:27:11,-,-,0,-,,,,,04,28,00000000,00,10,,
2025-10-15 14:22:00,,,,867488068351542,15785,HBD
2025-10-15 14:21:59,,,,867488068351542,15784,HBD
2025-10-15 14:21:59,,,,867488068351542,15783,HBD
2025-10-15 14:21:58,2025-10-15 14:18:55,2025-10-15 14:18:54,2025-10-15 14:18:30,867488068351542,15782,GTERI,0x19FE3FBF,0x00028102,802003,0x8303,0x0115,100,28325,0000,-,01,00,22,12,12,-,01,01,20.9,28.6,223,224,1092,1089,-25.050549,-25.049426,-51.621813,-51.620817,0000,0000,0000,00000000,13.1,660.6,660.4,0:39:03,69:24:11,-,-,0,-,,,,,00,0,00000000,00,10,,
2025-10-15 14:21:58,,,,867488068351542,15781,HBD
2025-10-15 14:21:57,2025-10-15 14:15:55,2025-10-15 14:15:54,2025-10-15 14:15:17,867488068351542,15780,GTERI,0x19FE3FBF,0x00028102,802003,0x8303,0x0115,100,28427,0000,-,01,00,22,12,12,-,01,01,24.7,28.1,188,191,1078,1074,-25.042083,-25.039932,-51.622929,-51.622784,0000,0000,0000,00000000,12.0,659.5,659.3,0:36:03,69:21:11,-,-,0,-,,,,,00,0,00000000,00,10,,
2025-10-15 14:21:57,,,,867488068351542,15779,HBD
2025-10-15 14:21:56,,,,867488068351542,15778,HBD
2025-10-15 14:21:56,2025-10-15 14:12:55,2025-10-15 14:12:54,2025-10-15 14:12:27,867488068351542,15777,GTERI,0x19FE3FBF,0x00028102,802003,0x8303,0x0115,100,28289,0000,-,01,00,22,12,12,-,01,01,16.8,23.9,179,184,1044,1041,-25.033776,-25.032607,-51.62351,-51.62344,0000,0000,0000,00000000,10.9,658.4,658.3,0:33:03,69:18:11,-,-,0,-,,,,,00,0,00000000,00,10,,
2025-10-15 14:21:55,,,,867488068351542,15776,HBD
2025-10-15 14:21:55,2025-10-15 14:09:55,2025-10-15 14:09:54,2025-10-15 14:08:08,867488068351542,15775,GTERI,0x19FE3FBF,0x00028102,802003,0x8303,0x0115,100,28362,0000,-,01,00,22,12,12,-,01,01,18.8,30.4,223,175,1058,1067,-25.026643,-25.021504,-51.6229,-51.620594,0000,0000,0000,00000000,10.0,657.5,656.8,0:30:03,69:15:11,-,-,0,-,,,,,00,0,00000000,00,10,,
2025-10-15 14:21:53,2025-10-15 14:06:55,2025-10-15 14:06:54,2025-10-15 14:06:22,867488068351542,15772,GTERI,0x19FE3FBF,0x00028102,802003,0x8303,0x0115,100,28401,0000,-,01,00,22,12,12,-,01,01,23.7,33.0,182,192,1076,1075,-25.016859,-25.014847,-51.620841,-51.620616,0000,0000,0000,00000000,8.7,656.2,656.0,0:27:03,69:12:11,-,-,0,-,,,,,00,0,00000000,00,10,,
2025-10-15 14:21:53,2025-10-15 14:06:08,2025-10-15 14:06:08,2025-10-15 14:04:40,867488068351542,15771,GTPDP,0x19FE7FBF,,802003,0x8303,0x0115,100,28365,0000,0000,01,00,22,12,12,-,01,01,20.2,36.6,171,267,1070,1062,-25.013951,-25.010186,-51.62073,-51.618735,0000,0000,0000,00000000,8.4,655.9,655.4,0:26:18,69:11:26,-,-,0,-
2025-10-15 14:05:12,,,,867488068351542,15770,HBD
2025-10-15 14:05:11,,,,867488068351542,15769,HBD
2025-10-15 14:05:10,2025-10-15 14:03:55,2025-10-15 14:03:54,2025-10-15 14:01:04,867488068351542,15768,GTERI,0x19FE3FBF,0x00028102,802003,0x8303,0x0115,100,28372,0000,-,01,00,22,12,12,-,01,01,28.6,40.4,171,185,1052,1032,-25.008581,-24.997595,-51.615987,-51.611796,0000,0000,0000,00000000,7.5,655.0,653.5,0:24:03,69:09:11,-,-,0,-,,,,,00,0,00000000,00,10,,
2025-10-15 14:05:10,,,,867488068351542,15767,HBD
2025-10-15 14:05:09,2025-10-15 14:00:55,2025-10-15 14:00:54,2025-10-15 13:58:33,867488068351542,15766,GTERI,0x19FE3FBF,0x00028102,802003,0x8303,0x0115,100,28358,0000,-,01,00,22,12,12,-,01,01,29.1,38.5,204,289,1039,988,-24.996751,-24.990771,-51.61159,-51.603392,0000,0000,0000,00000000,5.9,653.4,652.2,0:21:03,69:06:11,-,-,0,-,,,,,00,0,00000000,00,10,,
2025-10-15 14:05:09,,,,867488068351542,15765,HBD
2025-10-15 14:05:08,,,,867488068351542,15764,HBD
2025-10-15 14:05:08,2025-10-15 13:57:55,2025-10-15 13:57:54,2025-10-15 13:57:30,867488068351542,15763,GTERI,0x19FE3FBF,0x00028102,802003,0x8303,0x0115,100,28364,0000,-,01,00,22,12,12,-,01,01,22.6,37.8,258,249,1006,997,-24.990203,-24.989523,-51.600276,-51.598354,0000,0000,0000,00000000,4.4,651.8,651.6,0:18:03,69:03:11,-,-,0,-,,,,,00,0,00000000,00,10,,
2025-10-15 14:05:07,,,,867488068351542,15762,HBD
2025-10-15 14:05:07,2025-10-15 13:54:55,2025-10-15 13:54:54,2025-10-15 13:53:32,867488068351542,15761,GTERI,0x19FE3FBF,0x00028102,802003,0x8303,0x0115,100,28391,0000,-,01,00,22,12,12,-,01,01,30.6,37.2,308,278,993,1043,-24.990916,-24.993109,-51.587637,-51.581637,0000,0000,0000,00000000,2.8,650.3,649.6,0:15:03,69:00:11,-,-,0,-,,,,,00,0,00000000,00,10,,
2025-10-15 14:05:06,2025-10-15 13:53:14,2025-10-15 13:53:14,2025-10-15 13:53:03,867488068351542,15759,GTPDP,0x19FE7FBF,,802003,0x8303,0x0115,100,28373,0000,0000,01,00,22,12,12,-,01,01,36.0,42.3,260,265,1044,1043,-24.993151,-24.993013,-51.579994,-51.578861,0000,0000,0000,00000000,2.0,649.5,649.4,0:13:24,68:58:32,-,-,0,-
2025-10-15 13:52:09,,,,867488068351542,15758,HBD
2025-10-15 13:52:08,2025-10-15 13:51:55,2025-10-15 13:51:54,2025-10-15 13:51:45,867488068351542,15757,GTERI,0x19FE3FBF,0x00028102,802003,0x8303,0x0115,100,28370,0000,-,01,00,22,12,12,-,01,01,31.7,33.9,253,239,1054,1053,-24.994988,-24.994748,-51.573768,-51.573019,0000,0000,0000,00000000,1.3,648.8,648.6,0:12:06,68:57:14,-,-,0,-,,,,,00,0,00000000,00,10,,
2025-10-15 13:52:08,,,,867488068351542,15756,HBD
2025-10-15 13:52:07,,,,867488068351542,15755,HBD
2025-10-15 13:52:07,2025-10-15 13:48:55,2025-10-15 13:48:54,2025-10-15 13:47:44,867488068351542,15754,GTERI,0x19FE3FBF,0x00028102,802003,0x8303,0x0115,100,28362,0000,-,01,00,22,12,12,-,01,01,0.0,5.7,177,145,987,987,-24.988205,-24.988218,-51.571163,-51.571174,0000,0000,0000,00000000,0.3,647.8,647.8,0:09:03,68:54:11,-,-,0,-,,,,,00,0,00000000,00,10,,
2025-10-15 13:52:06,,,,867488068351542,15753,HBD
2025-10-15 13:52:06,2025-10-15 13:45:55,2025-10-15 13:45:54,2025-10-15 13:45:24,867488068351542,15752,GTERI,0x19FE3FBF,0x00028102,802003,0x8303,0x0115,100,28272,0000,-,01,00,22,12,12,-,01,01,0.0,8.6,177,184,988,988,-24.988256,-24.9882,-51.571167,-51.571165,0000,0000,0000,00000000,0.3,647.8,647.8,0:06:03,68:51:11,-,-,0,-,,,,,00,0,00000000,00,10,,
2025-10-15 13:52:05,,,,867488068351542,15751,HBD
2025-10-15 13:52:05,,,,867488068351542,15750,ACK
2025-10-15 13:52:04,,,,867488068351542,15749,ACK
2025-10-15 13:52:04,,,,867488068351542,15748,ACK
2025-10-15 13:52:03,2025-10-15 13:43:53,2025-10-15 13:43:54,2025-10-15 13:43:11,867488068351542,15747,GTPDP,0x19FE7FBF,,802003,0x8303,0x0115,100,28373,0000,0000,01,00,22,12,12,-,01,01,0.0,3.8,3,199,989,989,-24.9882,-24.988206,-51.571166,-51.571159,0000,0000,0000,00000000,0.3,647.8,647.8,0:04:03,68:49:11,-,-,0,-
2025-10-15 13:52:02,2025-10-15 13:42:55,2025-10-15 13:42:54,2025-10-15 13:40:55,867488068351542,15745,GTERI,0x19FE3FBF,0x00028102,802003,0x8303,0x0115,100,28351,0000,-,01,00,22,12,12,-,01,01,0.0,12.5,3,7,989,1014,-24.988206,-24.990166,-51.571154,-51.57125,0000,0000,0000,00000000,0.3,647.8,647.6,0:03:03,68:48:11,-,-,0,-,,,,,00,0,00000000,00,10,,
2025-10-15 13:52:01,2025-10-15 13:40:53,2025-10-15 13:40:54,2025-10-15 13:40:40,867488068351542,15743,GTPDP,0x19FE7FBF,,802003,0x8303,0x0115,100,28378,0000,0000,01,00,22,12,12,-,01,01,12.2,12.3,3,340,1014,1015,-24.990197,-24.99056,-51.571253,-51.571186,0000,0000,0000,00000000,0.1,647.6,647.5,0:01:03,68:46:11,-,-,0,-
2025-10-15 13:52:01,2025-10-15 13:40:01,2025-10-15 13:40:02,2025-10-15 13:40:02,867488068351542,15742,GTIGL,0x19FE7FBF,,802003,0x8303,0x0115,100,28343,0000,0000,01,00,22,12,12,-,01,01,0.0,0.0,83,83,1023,1023,-24.99105,-24.99105,-51.571097,-51.571097,0000,0000,0000,00000000,0.0,647.5,647.5,0:00:12,68:45:20,-,-,0,-,,,,,,,,,00
2025-10-15 13:52:00,2025-10-15 13:40:01,2025-10-15 13:40:02,2025-10-15 13:40:02,867488068351542,15741,GTERI,0x19FE3FBF,0x00028102,802003,0x8303,0x0115,100,28343,0000,-,01,00,22,12,12,-,01,01,0.0,0.0,83,83,1023,1023,-24.99105,-24.99105,-51.571097,-51.571097,0000,0000,0000,00000000,0.0,647.5,647.5,0:00:12,68:45:20,-,-,0,-,,,,,00,0,00000000,00,10,,
2025-10-15 13:52:00,2025-10-15 13:39:56,2025-10-15 13:37:19,2025-10-15 13:37:19,867488068351542,15740,GTPDP,0x19FE7FBF,,802003,0x8303,0x0115,100,28248,0000,0000,01,00,22,12,12,-,00,00,0.0,0.0,83,83,1021,1021,-24.991206,-24.991206,-51.57112,-51.57112,0000,0000,0000,00000000,0.0,647.5,647.5,0:00:06,68:45:14,-,-,0,-
2025-10-15 13:51:59,2025-10-15 13:39:49,2025-10-15 13:37:19,2025-10-15 13:37:19,867488068351542,15739,GTSTT,0x19FE7FBF,,802003,0x8303,0x0115,100,26394,0000,0000,01,00,22,12,12,-,00,00,0.0,0.0,83,83,1021,1021,-24.991206,-24.991206,-51.57112,-51.57112,0724,0004,85DE,0F6AD312,0.0,647.5,647.5,0:00:00,68:45:08,-,-,0,-
2025-10-15 13:51:59,2025-10-15 13:39:49,2025-10-15 13:37:19,2025-10-15 13:31:57,867488068351542,15738,GTIGN,0x19FE7FBF,,802003,0x8303,0x0115,100,26394,0000,0000,01,00,22,12,12,451,00,01,0.0,0.2,83,83,1021,1021,-24.991206,-24.991214,-51.57112,-51.571123,0724,0004,85DE,0F6AD312,0.0,647.5,647.5,0:00:00,68:45:08,-,-,0,-
2025-10-15 13:37:46,2025-10-15 13:37:18,2025-10-15 13:37:19,2025-10-15 13:37:19,867488068351542,15736,GTERI,0x19FE3FBF,0x00028102,802003,0x8303,0x0115,100,26533,0000,-,00,00,11,12,12,-,01,01,0.0,0.0,83,83,1021,1021,-24.991206,-24.991206,-51.57112,-51.57112,0000,0000,0000,00000000,10.4,647.5,647.5,0:32:00,68:45:08,-,-,0,-,,,,,00,0,00000000,00,10,,
2025-10-15 13:37:46,,,,867488068351542,15735,HBD
2025-10-15 13:37:44,2025-10-15 13:36:29,2025-10-15 13:36:28,2025-10-15 13:36:28,867488068351542,15734,GTERI,0x19FE3FBF,0x00028102,802003,0x8303,0x0115,100,26568,0000,-,00,00,11,12,12,-,01,01,0.0,0.0,83,83,1021,1021,-24.991206,-24.991206,-51.57112,-51.57112,0000,0000,0000,00000000,10.4,647.5,647.5,0:32:00,68:45:08,-,-,0,-,,,,,00,0,00000000,00,10,,
2025-10-15 13:37:44,,,,867488068351542,15733,HBD
2025-10-15 13:37:42,2025-10-15 13:33:29,2025-10-15 13:33:28,2025-10-15 13:33:28,867488068351542,15732,GTERI,0x19FE3FBF,0x00028102,802003,0x8303,0x0115,100,26838,0000,-,00,00,11,12,12,-,01,01,0.0,0.0,83,83,1021,1021,-24.991206,-24.991206,-51.57112,-51.57112,0000,0000,0000,00000000,10.4,647.5,647.5,0:32:00,68:45:08,-,-,0,-,,,,,00,0,00000000,00,10,,
2025-10-15 13:37:42,,,,867488068351542,15731,HBD
2025-10-15 13:37:40,2025-10-15 13:32:41,2025-10-15 13:32:42,2025-10-15 13:32:42,867488068351542,15730,GTSTT,0x19FE7FBF,,802003,0x8303,0x0115,100,26895,0000,0000,00,00,11,12,12,-,01,01,0.0,0.0,83,83,1021,1021,-24.991206,-24.991206,-51.57112,-51.57112,0000,0000,0000,00000000,10.4,647.5,647.5,0:32:00,68:45:08,-,-,0,-
2025-10-15 13:37:40,,,,867488068351542,15729,ACK
2025-10-15 13:37:38,,,,867488068351542,15728,ACK
2025-10-15 13:37:38,2025-10-15 13:32:18,2025-10-15 13:32:19,2025-10-15 13:32:19,867488068351542,15727,GTIGL,0x19FE7FBF,,802003,0x8303,0x0115,100,28338,0000,0000,00,00,12,12,12,-,01,01,0.0,0.0,83,83,1021,1021,-24.991206,-24.991206,-51.57112,-51.57112,0000,0000,0000,00000000,10.4,647.5,647.5,0:32:00,68:45:08,-,-,0,-,,,,,,,,,01
2025-10-15 13:37:36,2025-10-15 13:32:18,2025-10-15 13:32:18,2025-10-15 13:32:18,867488068351542,15726,GTSTT,0x19FE7FBF,,802003,0x8303,0x0115,100,28338,0000,0000,00,00,12,12,12,-,01,01,0.0,0.0,83,83,1021,1021,-24.991206,-24.991206,-51.57112,-51.57112,0000,0000,0000,00000000,10.4,647.5,647.5,0:32:00,68:45:08,-,-,0,-
2025-10-15 13:37:36,2025-10-15 13:32:18,2025-10-15 13:32:18,2025-10-15 13:32:18,867488068351542,15725,GTIGF,0x19FE7FBF,,802003,0x8303,0x0115,100,28338,0000,0000,00,00,12,12,12,1920,01,01,0.0,0.0,83,83,1021,1021,-24.991206,-24.991206,-51.57112,-51.57112,0000,0000,0000,00000000,10.4,647.5,647.5,0:32:00,68:45:08,-,-,0,-
2025-10-15 13:37:34,2025-10-15 13:31:01,2025-10-15 13:31:01,2025-10-15 13:31:01,867488068351542,15723,GTPDP,0x19FE7FBF,,802003,0x8303,0x0115,100,28340,0000,0000,01,00,22,12,12,-,01,01,0.0,0.0,83,83,1021,1021,-24.991224,-24.991224,-51.571129,-51.571129,0000,0000,0000,00000000,10.4,647.5,647.5,0:30:42,68:43:50,-,-,0,-
2025-10-15 13:37:32,2025-10-15 13:30:55,2025-10-15 13:30:55,2025-10-15 13:30:55,867488068351542,15722,GTSTT,0x19FE7FBF,,802003,0x8303,0x0115,100,28249,0000,0000,01,00,22,12,12,-,01,01,0.0,0.0,83,83,1021,1021,-24.991224,-24.991224,-51.571129,-51.571129,0000,0000,0000,00000000,10.4,647.5,647.5,0:30:36,68:43:44,-,-,0,-
2025-10-15 13:37:32,2025-10-15 13:30:54,2025-10-15 13:30:54,2025-10-15 13:30:54,867488068351542,15721,GTSTT,0x19FE7FBF,,802003,0x8303,0x0115,100,28249,0000,0000,01,00,21,12,12,-,01,01,0.0,0.0,83,83,1021,1021,-24.991224,-24.991224,-51.571129,-51.571129,0000,0000,0000,00000000,10.4,647.5,647.5,0:30:36,68:43:44,-,-,0,-
2025-10-15 13:37:30,2025-10-15 13:30:29,2025-10-15 13:30:28,2025-10-15 13:28:58,867488068351542,15720,GTERI,0x19FE3FBF,0x00028102,802003,0x8303,0x0115,100,28217,0000,-,01,00,22,12,12,-,01,01,0.0,11.8,83,350,1021,1032,-24.991224,-24.991902,-51.571129,-51.571027,0000,0000,0000,00000000,10.4,647.5,647.4,0:30:09,68:43:17,-,-,0,-,,,,,00,0,00000000,00,10,,
2025-10-15 13:37:28,2025-10-15 13:28:49,2025-10-15 13:28:49,2025-10-15 13:28:46,867488068351542,15718,GTPDP,0x19FE7FBF,,802003,0x8303,0x0115,100,28359,0000,0000,01,00,22,12,12,-,01,01,9.6,10.0,353,350,1035,1037,-24.992132,-24.992204,-51.570987,-51.570978,0000,0000,0000,00000000,10.3,647.4,647.4,0:28:30,68:41:38,-,-,0,-
2025-10-15 13:37:28,2025-10-15 13:28:01,2025-10-15 13:28:01,2025-10-15 13:27:55,867488068351542,15717,GTPDP,0x19FE7FBF,,802003,0x8303,0x0115,100,28325,0000,0000,01,00,22,12,12,-,01,01,7.4,9.0,14,48,1053,1054,-24.993074,-24.993172,-51.570838,-51.570915,0000,0000,0000,00000000,10.2,647.3,647.3,0:27:42,68:40:50,-,-,0,-
2025-10-15 13:37:26,2025-10-15 13:27:29,2025-10-15 13:27:28,2025-10-15 13:27:29,867488068351542,15716,GTERI,0x19FE3FBF,0x00028102,802003,0x8303,0x0115,100,28260,0000,-,01,00,22,12,12,-,01,01,0.0,0.0,83,83,1054,1054,-24.993228,-24.993228,-51.570994,-51.570994,0000,0000,0000,00000000,10.2,647.3,647.3,0:27:09,68:40:17,-,-,0,-,,,,,00,0,00000000,00,10,,
2025-10-15 13:37:26,2025-10-15 13:27:13,2025-10-15 13:27:13,2025-10-15 13:25:33,867488068351542,15715,GTPDP,0x19FE7FBF,,802003,0x8303,0x0115,100,28244,0000,0000,01,00,22,12,12,-,01,01,0.0,32.6,83,96,1054,1051,-24.993228,-24.995082,-51.570994,-51.57455,0000,0000,0000,00000000,10.2,647.3,646.9,0:26:54,68:40:02,-,-,0,-
2025-10-15 13:25:34,,,,867488068351542,15713,HBD
2025-10-15 13:25:34,2025-10-15 13:24:28,2025-10-15 13:24:27,2025-10-15 13:24:23,867488068351542,15712,GTERI,0x19FE3FBF,0x00028102,802003,0x8303,0x0115,100,28338,0000,-,01,00,22,12,12,-,01,01,35.1,39.4,83,85,1044,1041,-24.992975,-24.993012,-51.578475,-51.578889,0000,0000,0000,00000000,9.3,646.4,646.3,0:24:09,68:37:17,-,-,0,-,,,,,00,0,00000000,00,10,,
2025-10-15 13:25:32,,,,867488068351542,15711,HBD
2025-10-15 13:25:32,,,,867488068351542,15710,HBD
2025-10-15 13:25:31,2025-10-15 13:21:28,2025-10-15 13:21:27,2025-10-15 13:20:56,867488068351542,15709,GTERI,0x19FE3FBF,0x00028102,802003,0x8303,0x0115,100,28424,0000,-,01,00,22,12,12,-,01,01,18.1,40.2,114,140,1003,991,-24.991395,-24.990131,-51.586726,-51.588312,0000,0000,0000,00000000,8.4,645.5,645.3,0:21:09,68:34:17,-,-,0,-,,,,,00,0,00000000,00,10,,
2025-10-15 13:25:31,,,,867488068351542,15708,HBD
2025-10-15 13:25:30,2025-10-15 13:18:28,2025-10-15 13:18:27,2025-10-15 13:17:39,867488068351542,15707,GTERI,0x19FE3FBF,0x00028102,802003,0x8303,0x0115,100,28240,0000,-,01,00,22,12,12,-,01,01,21.9,38.8,69,73,1010,999,-24.988654,-24.990099,-51.59609,-51.599617,0000,0000,0000,00000000,7.2,644.3,643.9,0:18:09,68:31:17,-,-,0,-,,,,,00,0,00000000,00,10,,
2025-10-15 13:25:30,,,,867488068351542,15706,HBD
2025-10-15 13:25:29,2025-10-15 13:16:39,2025-10-15 13:16:40,2025-10-15 13:16:39,867488068351542,15705,GTDOG,0x19FE7FBF,,802003,0x8303,0x0115,100,28338,0000,0000,01,00,22,12,12,-,01,01,36.0,37.0,107,108,984,984,-24.990887,-24.99086,-51.603087,-51.603182,0000,0000,0000,00000000,6.5,643.5,643.5,0:16:21,68:29:29,-,-,0,-,,,,,,,,,07
2025-10-15 13:25:29,,,,867488068351542,15704,HBD
2025-10-15 13:25:28,2025-10-15 13:15:28,2025-10-15 13:15:27,2025-10-15 13:15:23,867488068351542,15703,GTERI,0x19FE3FBF,0x00028102,802003,0x8303,0x0115,100,28401,0000,-,01,00,22,12,12,-,01,01,30.7,34.1,57,58,1027,1029,-24.9919,-24.992078,-51.607657,-51.607954,0000,0000,0000,00000000,6.0,643.0,643.0,0:15:09,68:28:17,-,-,0,-,,,,,00,0,00000000,00,10,,
2025-10-15 13:25:27,2025-10-15 13:12:28,2025-10-15 13:12:27,2025-10-15 13:10:48,867488068351542,15701,GTERI,0x19FE3FBF,0x00028102,802003,0x8303,0x0115,100,28369,0000,-,01,00,22,12,12,-,01,01,20.8,36.0,52,352,1035,1039,-25.001951,-25.007156,-51.612377,-51.616121,0000,0000,0000,00000000,4.5,641.6,640.9,0:12:09,68:25:17,-,-,0,-,,,,,00,0,00000000,00,10,,
2025-10-15 13:25:26,2025-10-15 13:09:28,2025-10-15 13:09:27,2025-10-15 13:08:42,867488068351542,15698,GTERI,0x19FE3FBF,0x00028102,802003,0x8303,0x0115,100,28336,0000,-,01,00,22,12,12,-,01,01,27.4,34.6,47,355,1068,1067,-25.010708,-25.013718,-51.61995,-51.620804,0000,0000,0000,00000000,3.1,640.2,639.8,0:09:09,68:22:17,-,-,0,-,,,,,00,0,00000000,00,10,,
2025-10-15 13:25:25,2025-10-15 13:06:28,2025-10-15 13:06:27,2025-10-15 13:06:28,867488068351542,15696,GTERI,0x19FE3FBF,0x00028102,802003,0x8303,0x0115,100,28393,0000,-,01,00,22,12,12,-,01,01,31.1,32.2,355,352,1068,1068,-25.02171,-25.02163,-51.620572,-51.620581,0000,0000,0000,00000000,1.8,638.9,638.9,0:06:09,68:19:17,-,-,0,-,,,,,00,0,00000000,00,10,,
2025-10-15 13:25:24,,,,867488068351542,15694,ACK
2025-10-15 13:25:24,,,,867488068351542,15693,ACK
2025-10-15 13:25:24,,,,867488068351542,15692,ACK
2025-10-15 13:25:23,2025-10-15 13:03:28,2025-10-15 13:03:27,2025-10-15 13:03:24,867488068351542,15690,GTERI,0x19FE3FBF,0x00028102,802003,0x8303,0x0115,100,28364,0000,-,01,00,22,12,12,-,01,01,18.2,21.6,26,35,1036,1034,-25.028589,-25.028718,-51.623838,-51.623907,0000,0000,0000,00000000,0.9,638.0,637.9,0:03:09,68:16:17,-,-,0,-,,,,,00,0,00000000,00,10,,
2025-10-15 13:25:23,2025-10-15 13:03:23,2025-10-15 13:03:23,2025-10-15 13:03:09,867488068351542,15689,GTPDP,0x19FE7FBF,,802003,0x8303,0x0115,100,28364,0000,0000,01,00,22,12,12,-,01,01,25.7,32.3,39,40,1033,1032,-25.028765,-25.029262,-51.623944,-51.624715,0000,0000,0000,00000000,0.9,637.9,637.8,0:03:03,68:16:11,-,-,0,-
2025-10-15 13:25:22,2025-10-15 13:00:29,2025-10-15 13:00:30,2025-10-15 13:00:30,867488068351542,15687,GTIGL,0x19FE7FBF,,802003,0x8303,0x0115,100,28318,0000,0000,01,00,22,12,12,-,01,01,0.0,0.0,352,352,1030,1030,-25.035414,-25.035414,-51.622982,-51.622982,0000,0000,0000,00000000,0.0,637.1,637.1,0:00:09,68:13:17,-,-,0,-,,,,,,,,,00
2025-10-15 13:25:22,2025-10-15 13:00:29,2025-10-15 13:00:30,2025-10-15 13:00:30,867488068351542,15686,GTERI,0x19FE3FBF,0x00028102,802003,0x8303,0x0115,100,28318,0000,-,01,00,22,12,12,-,01,01,0.0,0.0,352,352,1030,1030,-25.035414,-25.035414,-51.622982,-51.622982,0000,0000,0000,00000000,0.0,637.1,637.1,0:00:09,68:13:17,-,-,0,-,,,,,00,0,00000000,00,10,,
2025-10-15 13:25:21,2025-10-15 13:00:23,2025-10-15 12:26:43,2025-10-15 12:26:43,867488068351542,15685,GTPDP,0x19FE7FBF,,802003,0x8303,0x0115,100,25605,0000,0000,01,00,22,12,12,-,00,00,0.0,0.0,352,352,1038,1038,-25.035472,-25.035472,-51.622993,-51.622993,0000,0000,0000,00000000,0.0,637.1,637.1,0:00:03,68:13:11,-,-,0,-
2025-10-15 13:25:21,2025-10-15 13:00:18,2025-10-15 12:26:43,2025-10-15 12:26:43,867488068351542,15684,GTSTT,0x19FE7FBF,,802003,0x8303,0x0115,100,25988,0000,0000,01,00,22,12,12,-,00,00,0.0,0.0,352,352,1038,1038,-25.035472,-25.035472,-51.622993,-51.622993,0000,0000,0000,00000000,0.0,637.1,637.1,0:00:00,68:13:08,-,-,0,-
2025-10-15 13:25:20,2025-10-15 13:00:18,2025-10-15 12:26:43,2025-10-15 11:21:45,867488068351542,15683,GTIGN,0x19FE7FBF,,802003,0x8303,0x0115,100,25988,0000,0000,01,00,22,12,12,5767,00,01,0.0,31.2,352,10,1038,1069,-25.035472,-25.040029,-51.622993,-51.622799,0000,0000,0000,00000000,0.0,637.1,636.4,0:00:00,68:13:08,-,-,0,-
2025-10-15 13:25:19,2025-10-15 12:29:07,2025-10-15 12:26:43,2025-10-15 12:26:43,867488068351542,15681,GTERI,0x19FE3FBF,0x00028102,802003,0x8303,0x0115,100,26020,0000,-,00,00,11,12,12,-,01,01,0.0,0.0,352,352,1038,1038,-25.035472,-25.035472,-51.622993,-51.622993,0000,0000,0000,00000000,27.8,637.1,637.1,1:29:54,68:13:08,-,-,0,-,,,,,00,0,00000000,00,10,,
2025-10-15 13:25:19,2025-10-15 12:16:49,2025-10-15 12:16:50,2025-10-15 12:16:50,867488068351542,15680,GTDOG,0x19FE7FBF,,802003,0x8303,0x0115,100,25973,0000,0000,00,00,11,12,12,-,01,01,0.0,0.0,352,352,1038,1038,-25.035472,-25.035472,-51.622993,-51.622993,0000,0000,0000,00000000,27.8,637.1,637.1,1:29:54,68:13:08,-,-,0,-,,,,,,,,,07
2025-10-15 13:25:18,2025-10-15 11:32:15,2025-10-15 11:29:13,2025-10-15 11:29:13,867488068351542,15679,GTPDP,0x19FE7FBF,,802003,0x8303,0x0115,100,26573,0000,0000,00,00,11,12,12,-,00,00,0.0,0.0,352,352,1038,1038,-25.035472,-25.035472,-51.622993,-51.622993,0000,0000,0000,00000000,27.8,637.1,637.1,1:29:54,68:13:08,-,-,0,-
2025-10-15 13:25:18,2025-10-15 11:29:12,2025-10-15 11:29:13,2025-10-15 11:29:13,867488068351542,15678,GTERI,0x19FE3FBF,0x00028102,802003,0x8303,0x0115,100,26665,0000,-,00,00,11,12,12,-,01,01,0.0,0.0,352,352,1038,1038,-25.035472,-25.035472,-51.622993,-51.622993,0000,0000,0000,00000000,27.8,637.1,637.1,1:29:54,68:13:08,-,-,0,-,,,,,00,0,00000000,00,10,,
2025-10-15 13:25:17,2025-10-15 11:29:12,2025-10-15 11:29:12,2025-10-15 11:29:12,867488068351542,15677,GTPDP,0x19FE7FBF,,802003,0x8303,0x0115,100,26665,0000,0000,00,00,11,12,12,-,01,01,0.0,0.0,352,352,1038,1038,-25.035472,-25.035472,-51.622993,-51.622993,0000,0000,0000,00000000,27.8,637.1,637.1,1:29:54,68:13:08,-,-,0,-
2025-10-15 13:25:17,2025-10-15 11:27:23,2025-10-15 11:27:22,2025-10-15 11:27:22,867488068351542,15675,GTERI,0x19FE3FBF,0x00028102,802003,0x8303,0x0115,100,26767,0000,-,00,00,11,12,12,-,01,01,0.0,0.0,352,352,1038,1038,-25.035472,-25.035472,-51.622993,-51.622993,0000,0000,0000,00000000,27.8,637.1,637.1,1:29:54,68:13:08,-,-,0,-,,,,,00,0,00000000,00,10,,
2025-10-15 13:25:15,2025-10-15 11:24:38,2025-10-15 11:24:39,2025-10-15 11:24:39,867488068351542,15672,GTSTT,0x19FE7FBF,,802003,0x8303,0x0115,100,27043,0000,0000,00,00,11,12,12,-,01,01,0.0,0.0,352,352,1038,1038,-25.035472,-25.035472,-51.622993,-51.622993,0000,0000,0000,00000000,27.8,637.1,637.1,1:29:54,68:13:08,-,-,0,-
2025-10-15 13:25:14,2025-10-15 11:24:23,2025-10-15 11:24:22,2025-10-15 11:24:22,867488068351542,15671,GTERI,0x19FE3FBF,0x00028102,802003,0x8303,0x0115,100,27110,0000,-,00,00,12,12,12,-,01,01,0.0,0.0,352,352,1038,1038,-25.035472,-25.035472,-51.622993,-51.622993,0000,0000,0000,00000000,27.8,637.1,637.1,1:29:54,68:13:08,-,-,0,-,,,,,00,0,00000000,00,10,,
2025-10-15 13:25:14,,,,867488068351542,15670,ACK
2025-10-15 13:25:13,,,,867488068351542,15669,ACK
2025-10-15 13:25:13,2025-10-15 11:24:12,2025-10-15 11:24:13,2025-10-15 11:24:13,867488068351542,15668,GTIGL,0x19FE7FBF,,802003,0x8303,0x0115,100,28359,0000,0000,00,00,12,12,12,-,01,01,0.0,0.0,352,352,1038,1038,-25.035472,-25.035472,-51.622993,-51.622993,0000,0000,0000,00000000,27.8,637.1,637.1,1:29:54,68:13:08,-,-,0,-,,,,,,,,,01
2025-10-15 13:25:12,2025-10-15 11:24:12,2025-10-15 11:24:12,2025-10-15 11:24:12,867488068351542,15667,GTSTT,0x19FE7FBF,,802003,0x8303,0x0115,100,28359,0000,0000,00,00,12,12,12,-,01,01,0.0,0.0,352,352,1038,1038,-25.035472,-25.035472,-51.622993,-51.622993,0000,0000,0000,00000000,27.8,637.1,637.1,1:29:54,68:13:08,-,-,0,-
2025-10-15 13:25:12,2025-10-15 11:24:12,2025-10-15 11:24:12,2025-10-15 11:24:12,867488068351542,15666,GTIGF,0x19FE7FBF,,802003,0x8303,0x0115,100,28359,0000,0000,00,00,12,12,12,5396,01,01,0.0,0.0,352,352,1038,1038,-25.035472,-25.035472,-51.622993,-51.622993,0000,0000,0000,00000000,27.8,637.1,637.1,1:29:54,68:13:08,-,-,0,-
2025-10-15 13:25:11,2025-10-15 11:21:23,2025-10-15 11:21:22,2025-10-15 11:21:18,867488068351542,15664,GTERI,0x19FE3FBF,0x00028102,802003,0x8303,0x0115,100,28429,0000,-,01,00,22,12,12,-,01,01,25.7,30.2,352,357,1073,1070,-25.041575,-25.04186,-51.622927,-51.622902,0000,0000,0000,00000000,27.0,636.3,636.2,1:27:06,68:10:20,-,-,0,-,,,,,00,0,00000000,00,10,,
2025-10-15 13:25:10,2025-10-15 11:20:28,2025-10-15 11:20:28,2025-10-15 11:18:53,867488068351542,15662,GTPDP,0x19FE7FBF,,802003,0x8303,0x0115,100,28344,0000,0000,01,00,22,12,12,-,01,01,24.3,29.1,326,32,1068,1083,-25.044936,-25.049234,-51.62262,-51.620617,0000,0000,0000,00000000,26.6,635.9,635.3,1:26:12,68:09:26,-,-,0,-
2025-10-15 13:25:09,2025-10-15 11:18:23,2025-10-15 11:18:22,2025-10-15 11:17:42,867488068351542,15660,GTERI,0x19FE3FBF,0x00028102,802003,0x8303,0x0115,100,28278,0000,-,01,00,22,12,12,-,01,01,22.8,29.0,52,355,1086,1094,-25.050717,-25.052899,-51.622047,-51.623204,0000,0000,0000,00000000,25.8,635.1,634.8,1:24:06,68:07:20,-,-,0,-,,,,,00,0,00000000,00,10,,
2025-10-15 13:25:09,2025-10-15 11:17:28,2025-10-15 11:17:28,2025-10-15 11:17:28,867488068351542,15659,GTPDP,0x19FE7FBF,,802003,0x8303,0x0115,100,28390,0000,0000,01,00,22,12,12,-,01,01,24.9,24.9,6,6,1096,1096,-25.053832,-25.053832,-51.623186,-51.623186,0000,0000,0000,00000000,25.4,634.7,634.7,1:23:12,68:06:26,-,-,0,-
2025-10-15 13:25:08,2025-10-15 11:16:57,2025-10-15 11:16:57,2025-10-15 11:16:14,867488068351542,15658,GTPDP,0x19FE7FBF,,802003,0x8303,0x0115,100,28328,0000,0000,01,00,22,12,12,-,01,01,13.2,26.3,30,343,1100,1108,-25.055089,-25.057018,-51.623772,-51.623805,0000,0000,0000,00000000,25.3,634.5,634.3,1:22:42,68:05:56,-,-,0,-
2025-10-15 11:15:24,2025-10-15 11:15:23,2025-10-15 11:15:22,2025-10-15 11:14:55,867488068351542,15656,GTERI,0x19FE3FBF,0x00028102,802003,0x8303,0x0115,100,28419,0000,-,01,00,22,12,12,-,01,01,14.5,17.7,353,328,1136,1132,-25.05922,-25.060169,-51.622969,-51.622987,0724,0004,85DA,0F79F10E,24.8,634.1,633.9,1:21:06,68:04:20,-,-,0,-,,,,,04,28,00000000,00,10,,
2025-10-15 11:15:06,,,,867488068351542,15655,HBD
2025-10-15 11:15:06,2025-10-15 11:14:18,2025-10-15 11:14:18,2025-10-15 11:13:58,867488068351542,15654,GTPDP,0x19FE7FBF,,802003,0x8303,0x0115,100,28333,0000,0000,01,00,22,12,12,-,01,01,11.1,31.2,350,15,1121,1115,-25.061153,-25.062342,-51.622593,-51.622729,0000,0000,0000,00000000,24.6,633.8,633.7,1:20:00,68:03:14,-,-,0,-
2025-10-15 11:15:05,,,,867488068351542,15653,HBD
2025-10-15 11:15:05,2025-10-15 11:12:23,2025-10-15 11:12:22,2025-10-15 11:12:21,867488068351542,15652,GTERI,0x19FE3FBF,0x00028102,802003,0x8303,0x0115,100,28403,0000,-,01,00,22,12,12,-,01,01,29.2,29.5,15,13,1101,1101,-25.066815,-25.066887,-51.624608,-51.62463,0000,0000,0000,00000000,23.9,633.1,633.1,1:18:06,68:01:20,-,-,0,-,,,,,00,0,00000000,00,10,,
2025-10-15 11:15:04,,,,867488068351542,15651,HBD
2025-10-15 11:15:03,2025-10-15 11:09:23,2025-10-15 11:09:22,2025-10-15 11:09:22,867488068351542,15650,GTERI,0x19FE3FBF,0x00028102,802003,0x8303,0x0115,100,28361,0000,-,01,00,22,12,12,-,01,01,16.6,16.6,278,278,1112,1112,-25.071182,-25.071182,-51.62094,-51.62094,0000,0000,0000,00000000,23.2,632.4,632.4,1:15:06,67:58:20,-,-,0,-,,,,,00,0,00000000,00,10,,
2025-10-15 11:15:03,,,,867488068351542,15649,HBD
2025-10-15 11:15:02,,,,867488068351542,15648,HBD
2025-10-15 11:15:02,2025-10-15 11:06:23,2025-10-15 11:06:22,2025-10-15 11:05:09,867488068351542,15647,GTERI,0x19FE3FBF,0x00028102,802003,0x8303,0x0115,100,28365,0000,-,01,00,22,12,12,-,01,01,0.0,1.0,122,208,1101,1102,-25.071556,-25.071552,-51.619818,-51.619815,0000,0000,0000,00000000,23.1,632.3,632.3,1:12:06,67:55:20,-,-,0,-,,,,,00,0,00000000,00,10,,
2025-10-15 11:15:01,2025-10-15 11:03:23,2025-10-15 11:03:22,2025-10-15 11:03:23,867488068351542,15645,GTERI,0x19FE3FBF,0x00028102,802003,0x8303,0x0115,100,28296,0000,-,01,00,22,12,12,-,01,01,0.0,0.0,122,122,1102,1102,-25.071548,-25.071548,-51.619812,-51.619812,0000,0000,0000,00000000,23.1,632.3,632.3,1:09:06,67:52:20,-,-,0,-,,,,,00,0,00000000,00,10,,
2025-10-15 11:15:00,2025-10-15 11:00:23,2025-10-15 11:00:22,2025-10-15 10:59:12,867488068351542,15642,GTERI,0x19FE3FBF,0x00028102,802003,0x8303,0x0115,100,28353,0000,-,01,00,22,12,12,-,01,01,0.0,6.1,122,232,1102,1103,-25.071548,-25.071525,-51.619812,-51.6197,0000,0000,0000,00000000,23.1,632.3,632.3,1:06:06,67:49:20,-,-,0,-,,,,,00,0,00000000,00,10,,
2025-10-15 11:14:59,2025-10-15 10:57:23,2025-10-15 10:57:22,2025-10-15 10:57:23,867488068351542,15640,GTERI,0x19FE3FBF,0x00028102,802003,0x8303,0x0115,100,28317,0000,-,01,00,22,12,12,-,01,01,0.0,0.0,122,122,1099,1099,-25.071448,-25.071448,-51.619561,-51.619561,0000,0000,0000,00000000,23.1,632.3,632.3,1:03:06,67:46:20,-,-,0,-,,,,,00,0,00000000,00,10,,
2025-10-15 11:14:58,2025-10-15 10:54:23,2025-10-15 10:54:22,2025-10-15 10:51:45,867488068351542,15637,GTERI,0x19FE3FBF,0x00028102,802003,0x8303,0x0115,100,28344,0000,-,01,00,22,12,12,-,01,01,0.0,23.7,122,110,1099,1114,-25.071448,-25.07098,-51.619561,-51.622086,0000,0000,0000,00000000,23.1,632.3,632.0,1:00:06,67:43:20,-,-,0,-,,,,,00,0,00000000,00,10,,
2025-10-15 11:14:57,2025-10-15 10:51:23,2025-10-15 10:51:22,2025-10-15 10:49:50,867488068351542,15635,GTERI,0x19FE3FBF,0x00028102,802003,0x8303,0x0115,100,28340,0000,-,01,00,22,12,12,-,01,01,16.9,27.1,122,193,1118,1104,-25.070403,-25.066729,-51.623167,-51.624576,0000,0000,0000,00000000,22.7,631.9,631.5,0:57:06,67:40:20,-,-,0,-,,,,,00,0,00000000,00,10,,
2025-10-15 11:14:56,2025-10-15 10:49:33,2025-10-15 10:49:33,2025-10-15 10:48:37,867488068351542,15633,GTPDP,0x19FE7FBF,,802003,0x8303,0x0115,100,28426,0000,0000,01,00,22,12,12,-,01,01,24.2,27.7,210,172,1108,1113,-25.065797,-25.063484,-51.624219,-51.622841,0000,0000,0000,00000000,22.1,631.4,631.0,0:55:18,67:38:32,-,-,0,-
2025-10-15 10:48:24,2025-10-15 10:48:23,2025-10-15 10:48:22,2025-10-15 10:46:42,867488068351542,15631,GTERI,0x19FE3FBF,0x00028102,802003,0x8303,0x0115,100,28297,0000,-,01,00,22,12,12,-,01,01,24.3,28.5,191,143,1115,1114,-25.062512,-25.057672,-51.622765,-51.623347,0724,0004,85DA,0F79F10E,21.7,630.9,630.4,0:54:06,67:37:20,-,-,0,-,,,,,04,28,00000000,00,10,,
2025-10-15 10:47:28,,,,867488068351542,15630,HBD
2025-10-15 10:47:28,2025-10-15 10:45:23,2025-10-15 10:45:22,2025-10-15 10:42:52,867488068351542,15629,GTERI,0x19FE3FBF,0x00028102,802003,0x8303,0x0115,100,28380,0000,-,01,00,22,12,12,-,01,01,20.9,29.3,203,158,1099,1098,-25.054302,-25.046735,-51.623344,-51.620735,0000,0000,0000,00000000,20.7,630.0,629.0,0:51:06,67:34:20,-,-,0,-,,,,,00,0,00000000,00,10,,
2025-10-15 10:47:27,,,,867488068351542,15628,HBD
2025-10-15 10:47:27,,,,867488068351542,15627,HBD
2025-10-15 10:47:26,2025-10-15 10:42:23,2025-10-15 10:42:22,2025-10-15 10:40:34,867488068351542,15626,GTERI,0x19FE3FBF,0x00028102,802003,0x8303,0x0115,100,28343,0000,-,01,00,22,12,12,-,01,01,15.8,32.6,121,191,1093,1071,-25.04578,-25.040015,-51.621742,-51.622806,0000,0000,0000,00000000,19.6,628.8,628.2,0:48:06,67:31:20,-,-,0,-,,,,,00,0,00000000,00,10,,
2025-10-15 10:47:26,,,,867488068351542,15625,HBD
2025-10-15 10:47:25,2025-10-15 10:39:23,2025-10-15 10:39:22,2025-10-15 10:37:19,867488068351542,15624,GTERI,0x19FE3FBF,0x00028102,802003,0x8303,0x0115,100,28364,0000,-,01,00,22,12,12,-,01,01,24.0,29.7,131,138,1062,1035,-25.036352,-25.030868,-51.621573,-51.624587,0000,0000,0000,00000000,18.4,627.7,627.0,0:45:06,67:28:20,-,-,0,-,,,,,00,0,00000000,00,10,,
2025-10-15 10:47:25,,,,867488068351542,15623,HBD
2025-10-15 10:47:24,,,,867488068351542,15622,HBD
2025-10-15 10:47:24,2025-10-15 10:36:23,2025-10-15 10:36:22,2025-10-15 10:33:46,867488068351542,15621,GTERI,0x19FE3FBF,0x00028102,802003,0x8303,0x0115,100,28322,0000,-,01,00,22,12,12,-,01,01,21.9,34.5,183,177,1031,1059,-25.028268,-25.021501,-51.623778,-51.620602,0000,0000,0000,00000000,17.3,626.6,625.6,0:42:06,67:25:20,-,-,0,-,,,,,00,0,00000000,00,10,,
2025-10-15 10:47:23,2025-10-15 10:33:23,2025-10-15 10:33:22,2025-10-15 10:30:28,867488068351542,15619,GTERI,0x19FE3FBF,0x00028102,802003,0x8303,0x0115,100,28384,0000,-,01,00,22,12,12,-,01,01,29.8,35.7,172,266,1078,1055,-25.019863,-25.0102,-51.620736,-51.618687,0000,0000,0000,00000000,16.2,625.5,624.3,0:39:06,67:22:20,-,-,0,-,,,,,00,0,00000000,00,10,,
2025-10-15 10:47:21,2025-10-15 10:30:23,2025-10-15 10:30:22,2025-10-15 10:27:38,867488068351542,15616,GTERI,0x19FE3FBF,0x00028102,802003,0x8303,0x0115,100,28412,0000,-,01,00,22,12,12,-,01,01,34.1,35.8,269,229,1055,1028,-25.010171,-25.00155,-51.618118,-51.6118,0000,0000,0000,00000000,15.0,624.2,622.9,0:36:06,67:19:20,-,-,0,-,,,,,00,0,00000000,00,10,,
2025-10-15 10:47:20,2025-10-15 10:27:23,2025-10-15 10:27:22,2025-10-15 10:26:42,867488068351542,15614,GTERI,0x19FE3FBF,0x00028102,802003,0x8303,0x0115,100,28401,0000,-,01,00,22,12,12,-,01,01,32.2,38.9,200,184,1030,1030,-25.000399,-24.997465,-51.611161,-51.611792,0000,0000,0000,00000000,13.5,622.7,622.4,0:33:06,67:16:20,-,-,0,-,,,,,00,0,00000000,00,10,,
2025-10-15 10:47:19,2025-10-15 10:24:23,2025-10-15 10:24:22,2025-10-15 10:23:02,867488068351542,15611,GTERI,0x19FE3FBF,0x00028102,802003,0x8303,0x0115,100,28382,0000,-,01,00,22,12,12,-,01,01,27.3,36.8,254,250,998,991,-24.990604,-24.989521,-51.604694,-51.598384,0000,0000,0000,00000000,12.0,621.2,620.5,0:30:06,67:13:20,-,-,0,-,,,,,00,0,00000000,00,10,,
2025-10-15 10:47:18,2025-10-15 10:21:23,2025-10-15 10:21:22,2025-10-15 10:20:49,867488068351542,15609,GTERI,0x19FE3FBF,0x00028102,802003,0x8303,0x0115,100,28388,0000,-,01,00,22,12,12,-,01,01,32.0,36.5,327,314,981,987,-24.987551,-24.989496,-51.590888,-51.588874,0000,0000,0000,00000000,10.5,619.7,619.4,0:27:06,67:10:20,-,-,0,-,,,,,00,0,00000000,00,10,,
2025-10-15 10:47:16,2025-10-15 10:18:51,2025-10-15 10:18:51,2025-10-15 10:18:25,867488068351542,15606,GTPDP,0x19FE7FBF,,802003,0x8303,0x0115,100,28344,0000,0000,01,00,22,12,12,-,01,01,28.3,38.7,284,267,1039,1040,-24.993244,-24.993016,-51.581138,-51.578953,0000,0000,0000,00000000,9.2,618.5,618.3,0:24:36,67:07:50,-,-,0,-
2025-10-15 10:47:16,2025-10-15 10:18:23,2025-10-15 10:18:22,2025-10-15 10:18:23,867488068351542,15605,GTERI,0x19FE3FBF,0x00028102,802003,0x8303,0x0115,100,28344,0000,-,01,00,22,12,12,-,01,01,37.6,38.5,264,266,1041,1041,-24.993,-24.993007,-51.578635,-51.578741,0724,0004,85DE,0F6AD30B,9.0,618.2,618.2,0:24:06,67:07:20,-,-,0,-,,,,,04,3,00000000,00,10,,
2025-10-15 10:47:15,2025-10-15 10:15:23,2025-10-15 10:15:22,2025-10-15 10:15:18,867488068351542,15602,GTERI,0x19FE3FBF,0x00028102,802003,0x8303,0x0115,100,28348,0000,-,01,00,22,12,12,-,01,01,13.8,14.4,172,171,1024,1022,-24.991574,-24.991428,-51.571093,-51.571114,0000,0000,0000,00000000,7.8,617.1,617.1,0:21:06,67:04:20,-,-,0,-,,,,,00,0,00000000,00,10,,
2025-10-15 10:47:15,2025-10-15 10:12:23,2025-10-15 10:12:22,2025-10-15 10:09:24,867488068351542,15600,GTERI,0x19FE3FBF,0x00028102,802003,0x8303,0x0115,100,28301,0000,-,01,00,22,12,12,-,01,01,0.0,2.2,320,320,1016,1016,-24.990981,-24.990986,-51.571167,-51.571163,0000,0000,0000,00000000,7.8,617.0,617.0,0:18:06,67:01:20,-,-,0,-,,,,,00,0,00000000,00,10,,
2025-10-15 10:47:13,2025-10-15 10:09:23,2025-10-15 10:09:22,2025-10-15 10:06:51,867488068351542,15597,GTERI,0x19FE3FBF,0x00028102,802003,0x8303,0x0115,100,28335,0000,-,01,00,22,12,12,-,01,01,4.6,38.8,320,267,1016,1020,-24.990997,-24.992057,-51.57115,-51.564411,0000,0000,0000,00000000,7.8,617.0,616.1,0:15:06,66:58:20,-,-,0,-,,,,,00,0,00000000,00,10,,
2025-10-15 10:47:12,2025-10-15 10:06:23,2025-10-15 10:06:22,2025-10-15 10:03:26,867488068351542,15595,GTERI,0x19FE3FBF,0x00028102,802003,0x8303,0x0115,100,28340,0000,-,01,00,22,12,12,-,01,01,20.2,22.7,279,283,1029,964,-24.992033,-24.992743,-51.562221,-51.555838,0000,0000,0000,00000000,6.6,615.9,615.2,0:12:06,66:55:20,-,-,0,-,,,,,00,0,00000000,00,10,,
2025-10-15 10:47:11,2025-10-15 10:03:23,2025-10-15 10:03:22,2025-10-15 10:02:49,867488068351542,15592,GTERI,0x19FE3FBF,0x00028102,802003,0x8303,0x0115,100,28331,0000,-,01,00,22,12,12,-,01,01,22.2,32.1,263,335,964,974,-24.992752,-24.993428,-51.555592,-51.553753,0000,0000,0000,00000000,6.0,615.2,614.9,0:09:06,66:52:20,-,-,0,-,,,,,00,0,00000000,00,10,,
2025-10-15 10:18:15,2025-10-15 10:03:23,2025-10-15 10:03:22,2025-10-15 10:02:49,867488068351542,15592,GTERI,0x19FE3FBF,0x00028102,802003,0x8303,0x0115,100,28331,0000,-,01,00,22,12,12,-,01,01,22.2,32.1,263,335,964,974,-24.992752,-24.993428,-51.555592,-51.553753,0000,0000,0000,00000000,6.0,615.2,614.9,0:09:06,66:52:20,-,-,0,-,,,,,00,0,00000000,00,10,,
2025-10-15 10:17:40,2025-10-15 10:00:23,2025-10-15 10:00:22,2025-10-15 09:59:16,867488068351542,15590,GTERI,0x19FE3FBF,0x00028102,802003,0x8303,0x0115,100,28338,0000,-,01,00,22,12,12,-,01,01,18.2,86.7,322,355,1015,1023,-24.991609,-24.999457,-51.548777,-51.544128,0000,0000,0000,00000000,4.7,614.0,613.0,0:06:06,66:49:20,-,-,0,-,,,,,00,0,00000000,00,10,,
2025-10-15 10:17:40,2025-10-15 09:59:15,2025-10-15 09:59:15,2025-10-15 09:59:13,867488068351542,15588,GTPDP,0x19FE7FBF,,802003,0x8303,0x0115,100,28372,0000,0000,01,00,22,12,12,-,01,01,87.4,87.6,355,358,1024,1024,-24.999674,-25.000111,-51.544109,-51.544082,0000,0000,0000,00000000,3.7,612.9,612.9,0:05:00,66:48:14,-,-,0,-
2025-10-15 09:58:21,,,,867488068351542,15587,ACK
2025-10-15 09:58:20,,,,867488068351542,15586,ACK
2025-10-15 09:58:20,,,,867488068351542,15585,ACK
2025-10-15 09:58:20,,,,867488068351542,15584,HBD
2025-10-15 09:57:24,2025-10-15 09:57:23,2025-10-15 09:57:22,2025-10-15 09:57:01,867488068351542,15583,GTERI,0x19FE3FBF,0x00028102,802003,0x8303,0x0115,100,28349,0000,-,01,00,22,12,12,-,01,01,69.0,70.6,10,10,1053,1050,-25.018741,-25.022313,-51.545202,-51.54595,0724,0004,85DA,0F6AD10B,1.5,610.8,610.4,0:03:06,66:46:20,-,-,0,-,,,,,04,3,00000000,00,10,,
2025-10-15 09:57:02,,,,867488068351542,15582,HBD
2025-10-15 09:54:25,2025-10-15 09:54:24,2025-10-15 09:54:25,2025-10-15 09:54:25,867488068351542,15581,GTIGL,0x19FE7FBF,,802003,0x8303,0x0115,100,28267,0000,0000,01,00,22,12,12,-,01,01,0.0,0.0,349,349,1042,1042,-25.032193,-25.032193,-51.547836,-51.547836,0724,0004,85DA,0F6AD117,0.0,609.3,609.3,0:00:09,66:43:23,-,-,0,-,,,,,,,,,00
2025-10-15 09:54:25,2025-10-15 09:54:24,2025-10-15 09:54:25,2025-10-15 09:54:25,867488068351542,15580,GTERI,0x19FE3FBF,0x00028102,802003,0x8303,0x0115,100,28267,0000,-,01,00,22,12,12,-,01,01,0.0,0.0,349,349,1042,1042,-25.032193,-25.032193,-51.547836,-51.547836,0724,0004,85DA,0F6AD117,0.0,609.3,609.3,0:00:09,66:43:23,-,-,0,-,,,,,04,1,00000000,00,10,,
2025-10-15 09:54:17,2025-10-15 09:54:15,2025-10-15 09:52:27,2025-10-15 09:52:27,867488068351542,15579,GTSTT,0x19FE7FBF,,802003,0x8303,0x0115,100,26530,0000,0000,01,00,22,12,12,-,00,00,0.0,0.0,349,349,1046,1046,-25.032234,-25.032234,-51.547859,-51.547859,0724,0004,85DA,0F6AD117,0.0,609.3,609.3,0:00:00,66:43:14,-,-,0,-
2025-10-15 09:54:16,2025-10-15 09:54:15,2025-10-15 09:52:27,2025-10-15 09:45:20,867488068351542,15578,GTIGN,0x19FE7FBF,,802003,0x8303,0x0115,100,26530,0000,0000,01,00,22,12,12,409,00,01,0.0,45.1,349,349,1046,1033,-25.032234,-25.035355,-51.547859,-51.546724,0724,0004,85DA,0F6AD117,0.0,609.3,608.9,0:00:00,66:43:14,-,-,0,-
2025-10-15 09:54:16,,,,867488068351542,15577,HBD
2025-10-15 09:52:27,2025-10-15 09:52:26,2025-10-15 09:52:27,2025-10-15 09:52:27,867488068351542,15576,GTERI,0x19FE3FBF,0x00028102,802003,0x8303,0x0115,100,26586,0000,-,00,00,11,12,12,-,01,01,0.0,0.0,349,349,1046,1046,-25.032234,-25.032234,-51.547859,-51.547859,0724,0004,85DA,0F6AD117,2.2,609.3,609.3,0:05:42,66:43:14,-,-,0,-,,,,,04,1,00000000,00,10,,
2025-10-15 09:52:01,,,,867488068351542,15575,HBD
2025-10-15 09:50:53,2025-10-15 09:50:52,2025-10-15 09:50:51,2025-10-15 09:50:51,867488068351542,15574,GTERI,0x19FE3FBF,0x00028102,802003,0x8303,0x0115,100,26775,0000,-,00,00,11,12,12,-,01,01,0.0,0.0,349,349,1046,1046,-25.032234,-25.032234,-51.547859,-51.547859,0724,0004,85DA,0F6AD117,2.2,609.3,609.3,0:05:42,66:43:14,-,-,0,-,,,,,04,1,00000000,00,10,,
2025-10-15 09:50:00,,,,867488068351542,15573,HBD
2025-10-15 09:48:11,2025-10-15 09:48:10,2025-10-15 09:48:10,2025-10-15 09:48:10,867488068351542,15572,GTSTT,0x19FE7FBF,,802003,0x8303,0x0115,100,27262,0000,0000,00,00,11,12,12,-,01,01,0.0,0.0,349,349,1046,1046,-25.032234,-25.032234,-51.547859,-51.547859,0724,0004,85DA,0F6AD117,2.2,609.3,609.3,0:05:42,66:43:14,-,-,0,-
2025-10-15 09:47:53,2025-10-15 09:47:52,2025-10-15 09:47:51,2025-10-15 09:47:51,867488068351542,15571,GTERI,0x19FE3FBF,0x00028102,802003,0x8303,0x0115,100,27319,0000,-,00,00,12,12,12,-,01,01,0.0,0.0,349,349,1046,1046,-25.032234,-25.032234,-51.547859,-51.547859,0724,0004,85DA,0F6AD117,2.2,609.3,609.3,0:05:42,66:43:14,-,-,0,-,,,,,04,1,00000000,00,10,,
2025-10-15 09:47:53,,,,867488068351542,15570,HBD
2025-10-15 09:47:30,,,,867488068351542,15569,ACK
2025-10-15 09:47:30,,,,867488068351542,15568,ACK
2025-10-15 09:47:28,2025-10-15 09:47:27,2025-10-15 09:47:28,2025-10-15 09:47:28,867488068351542,15567,GTIGL,0x19FE7FBF,,802003,0x8303,0x0115,100,28246,0000,0000,00,00,12,12,12,-,01,01,0.0,0.0,349,349,1046,1046,-25.032234,-25.032234,-51.547859,-51.547859,0724,0004,85DA,0F6AD117,2.2,609.3,609.3,0:05:42,66:43:14,-,-,0,-,,,,,,,,,01
2025-10-15 09:47:27,2025-10-15 09:47:26,2025-10-15 09:47:26,2025-10-15 09:47:26,867488068351542,15566,GTSTT,0x19FE7FBF,,802003,0x8303,0x0115,100,28246,0000,0000,00,00,12,12,12,-,01,01,0.0,0.0,349,349,1046,1046,-25.032234,-25.032234,-51.547859,-51.547859,0724,0004,85DA,0F6AD117,2.2,609.3,609.3,0:05:42,66:43:14,-,-,0,-
2025-10-15 09:47:27,2025-10-15 09:47:26,2025-10-15 09:47:26,2025-10-15 09:47:26,867488068351542,15565,GTIGF,0x19FE7FBF,,802003,0x8303,0x0115,100,28246,0000,0000,00,00,12,12,12,342,01,01,0.0,0.0,349,349,1046,1046,-25.032234,-25.032234,-51.547859,-51.547859,0724,0004,85DA,0F6AD117,2.2,609.3,609.3,0:05:42,66:43:14,-,-,0,-
2025-10-15 09:45:46,,,,867488068351542,15564,ACK
2025-10-15 09:45:46,,,,867488068351542,15563,ACK
2025-10-15 09:45:45,,,,867488068351542,15562,ACK
2025-10-15 09:45:45,,,,867488068351542,15561,HBD
2025-10-15 09:44:53,2025-10-15 09:44:52,2025-10-15 09:44:51,2025-10-15 09:43:43,867488068351542,15560,GTERI,0x19FE3FBF,0x00028102,802003,0x8303,0x0115,100,28346,0000,-,01,00,22,12,12,-,01,01,39.0,62.4,349,332,1026,1019,-25.038264,-25.04453,-51.546124,-51.543265,0724,0004,85DA,0F6AD117,1.5,608.5,607.8,0:03:06,66:40:38,-,-,0,-,,,,,04,1,00000000,00,10,,
2025-10-15 09:43:58,,,,867488068351542,15559,HBD
2025-10-15 09:42:01,2025-10-15 09:42:00,2025-10-15 09:42:01,2025-10-15 09:42:01,867488068351542,15558,GTIGL,0x19FE7FBF,,802003,0x8303,0x0115,100,28220,0000,0000,01,00,22,12,12,-,01,01,0.2,0.2,358,358,1043,1043,-25.050497,-25.050497,-51.542133,-51.542133,0724,0004,85DA,0F6AD116,0.0,607.1,607.1,0:00:15,66:37:47,-,-,0,-,,,,,,,,,00
2025-10-15 09:42:01,2025-10-15 09:42:00,2025-10-15 09:42:01,2025-10-15 09:42:01,867488068351542,15557,GTERI,0x19FE3FBF,0x00028102,802003,0x8303,0x0115,100,28220,0000,-,01,00,22,12,12,-,01,01,0.2,0.2,358,358,1043,1043,-25.050497,-25.050497,-51.542133,-51.542133,0724,0004,85DA,0F6AD116,0.0,607.1,607.1,0:00:15,66:37:47,-,-,0,-,,,,,04,1,00000000,00,10,,
2025-10-15 09:41:45,2025-10-15 09:41:44,2025-10-15 09:35:11,2025-10-15 09:35:11,867488068351542,15556,GTSTT,0x19FE7FBF,,802003,0x8303,0x0115,100,26320,0000,0000,01,00,22,12,12,-,00,00,0.0,0.0,358,358,1048,1048,-25.050597,-25.050597,-51.542078,-51.542078,0724,0004,85DA,0F6AD116,0.0,607.1,607.1,0:00:00,66:37:32,-,-,0,-
2025-10-15 09:41:45,2025-10-15 09:41:44,2025-10-15 09:35:11,2025-10-15 09:35:11,867488068351542,15555,GTIGN,0x19FE7FBF,,802003,0x8303,0x0115,100,26320,0000,0000,01,00,22,12,12,694,00,01,0.0,0.0,358,358,1048,1048,-25.050597,-25.050597,-51.542078,-51.542078,0724,0004,85DA,0F6AD116,0.0,607.1,607.1,0:00:00,66:37:32,-,-,0,-
2025-10-15 09:41:45,,,,867488068351542,15554,HBD
2025-10-15 09:35:11,2025-10-15 09:35:10,2025-10-15 09:35:11,2025-10-15 09:35:11,867488068351542,15553,GTERI,0x19FE3FBF,0x00028102,802003,0x8303,0x0115,100,26598,0000,-,00,00,11,12,12,-,01,01,0.0,0.0,358,358,1048,1048,-25.050597,-25.050597,-51.542078,-51.542078,0724,0004,85DA,0F6AD116,0.0,607.1,607.1,0:00:00,66:37:32,-,-,0,-,,,,,04,1,00000000,00,10,,
2025-10-15 09:35:04,2025-10-15 09:35:03,2025-10-15 09:35:02,2025-10-15 09:35:02,867488068351542,15552,GTERI,0x19FE3FBF,0x00028102,802003,0x8303,0x0115,100,26598,0000,-,00,00,11,12,12,-,01,01,0.0,0.0,358,358,1048,1048,-25.050597,-25.050597,-51.542078,-51.542078,0724,0004,85DA,0F6AD116,0.0,607.1,607.1,0:00:00,66:37:32,-,-,0,-,,,,,04,1,00000000,00,10,,
2025-10-15 09:34:57,,,,867488068351542,15551,HBD
2025-10-15 09:32:56,,,,867488068351542,15550,HBD
2025-10-15 09:32:04,2025-10-15 09:32:03,2025-10-15 09:32:02,2025-10-15 09:32:02,867488068351542,15549,GTERI,0x19FE3FBF,0x00028102,802003,0x8303,0x0115,100,26988,0000,-,00,00,11,12,12,-,01,01,0.0,0.0,358,358,1048,1048,-25.050597,-25.050597,-51.542078,-51.542078,0724,0004,85DA,0F6AD116,0.0,607.1,607.1,0:00:00,66:37:32,-,-,0,-,,,,,04,1,00000000,00,10,,
2025-10-15 09:30:16,,,,867488068351542,15548,ACK
2025-10-15 09:30:15,,,,867488068351542,15547,ACK
2025-10-15 09:30:11,2025-10-15 09:30:11,2025-10-15 09:30:11,2025-10-15 09:30:11,867488068351542,15546,GTIGL,0x19FE7FBF,,802003,0x8303,0x0115,100,27061,0000,0000,00,00,11,12,12,-,01,01,0.0,0.0,358,358,1048,1048,-25.050597,-25.050597,-51.542078,-51.542078,0724,0004,85DA,0F6AD116,0.0,607.1,607.1,0:00:00,66:37:32,-,-,0,-,,,,,,,,,01
2025-10-15 09:30:11,2025-10-15 09:30:10,2025-10-15 09:30:10,2025-10-15 09:30:10,867488068351542,15545,GTSTT,0x19FE7FBF,,802003,0x8303,0x0115,100,27061,0000,0000,00,00,11,12,12,-,01,01,0.0,0.0,358,358,1048,1048,-25.050597,-25.050597,-51.542078,-51.542078,0724,0004,85DA,0F6AD116,0.0,607.1,607.1,0:00:00,66:37:32,-,-,0,-
2025-10-15 09:30:11,2025-10-15 09:30:10,2025-10-15 09:30:10,2025-10-15 09:30:10,867488068351542,15544,GTIGF,0x19FE7FBF,,802003,0x8303,0x0115,100,27061,0000,0000,00,00,11,12,12,3,01,01,0.0,0.0,358,358,1048,1048,-25.050597,-25.050597,-51.542078,-51.542078,0724,0004,85DA,0F6AD116,0.0,607.1,607.1,0:00:00,66:37:32,-,-,0,-
2025-10-15 09:30:09,2025-10-15 09:30:07,2025-10-15 09:30:08,2025-10-15 09:30:08,867488068351542,15543,GTIGL,0x19FE7FBF,,802003,0x8303,0x0115,100,27430,0000,0000,01,00,21,12,12,-,01,01,0.0,0.0,6,6,1048,1048,-25.050597,-25.050597,-51.542078,-51.542078,0724,0004,85DA,0F6AD116,0.0,607.1,607.1,0:00:00,66:37:32,-,-,0,-,,,,,,,,,00
2025-10-15 09:30:09,2025-10-15 09:30:07,2025-10-15 09:30:07,2025-10-15 09:30:07,867488068351542,15542,GTSTT,0x19FE7FBF,,802003,0x8303,0x0115,100,27430,0000,0000,01,00,21,12,12,-,01,01,0.0,0.0,6,6,1048,1048,-25.050597,-25.050597,-51.542078,-51.542078,0724,0004,85DA,0F6AD116,0.0,607.1,607.1,0:00:00,66:37:32,-,-,0,-
2025-10-15 09:30:08,2025-10-15 09:30:07,2025-10-15 09:30:07,2025-10-15 09:29:04,867488068351542,15541,GTIGN,0x19FE7FBF,,802003,0x8303,0x0115,100,27430,0000,0000,01,00,21,12,12,33,01,01,0.0,30.5,6,20,1048,1049,-25.050597,-25.051081,-51.542078,-51.54239,0724,0004,85DA,0F6AD116,0.0,607.1,607.0,0:00:00,66:37:32,-,-,0,-
2025-10-15 09:30:08,,,,867488068351542,15540,HBD
2025-10-15 09:30:04,2025-10-15 09:30:03,2025-10-15 09:30:03,2025-10-15 09:30:03,867488068351542,15539,GTSTT,0x19FE7FBF,,802003,0x8303,0x0115,100,27430,0000,0000,00,00,11,12,12,-,01,01,0.0,0.0,6,6,1048,1048,-25.050597,-25.050597,-51.542078,-51.542078,0724,0004,85DA,0F6AD116,4.4,607.1,607.1,0:09:39,66:37:32,-,-,0,-
2025-10-15 09:29:55,,,,867488068351542,15538,HBD
2025-10-15 09:29:37,,,,867488068351542,15537,ACK
2025-10-15 09:29:36,,,,867488068351542,15536,ACK
2025-10-15 09:29:36,2025-10-15 09:29:34,2025-10-15 09:29:35,2025-10-15 09:29:35,867488068351542,15535,GTIGL,0x19FE7FBF,,802003,0x8303,0x0115,100,28290,0000,0000,00,00,12,12,12,-,01,01,0.0,0.0,6,6,1048,1048,-25.050597,-25.050597,-51.542078,-51.542078,0724,0004,85DA,0F6AD116,4.4,607.1,607.1,0:09:39,66:37:32,-,-,0,-,,,,,,,,,01
2025-10-15 09:29:35,2025-10-15 09:29:34,2025-10-15 09:29:34,2025-10-15 09:29:34,867488068351542,15534,GTSTT,0x19FE7FBF,,802003,0x8303,0x0115,100,28290,0000,0000,00,00,12,12,12,-,01,01,0.0,0.0,6,6,1048,1048,-25.050597,-25.050597,-51.542078,-51.542078,0724,0004,85DA,0F6AD116,4.4,607.1,607.1,0:09:39,66:37:32,-,-,0,-
2025-10-15 09:29:35,2025-10-15 09:29:34,2025-10-15 09:29:34,2025-10-15 09:29:34,867488068351542,15533,GTIGF,0x19FE7FBF,,802003,0x8303,0x0115,100,28290,0000,0000,00,00,12,12,12,581,01,01,0.0,0.0,6,6,1048,1048,-25.050597,-25.050597,-51.542078,-51.542078,0724,0004,85DA,0F6AD116,4.4,607.1,607.1,0:09:39,66:37:32,-,-,0,-
2025-10-15 09:29:04,2025-10-15 09:29:03,2025-10-15 09:29:02,2025-10-15 09:26:50,867488068351542,15532,GTERI,0x19FE3FBF,0x00028102,802003,0x8303,0x0115,100,28304,0000,-,01,00,22,12,12,-,01,01,39.9,75.7,6,327,1050,1099,-25.051246,-25.07265,-51.542433,-51.541175,0724,0004,85DA,0F6AD116,4.3,607.0,604.6,0:09:09,66:37:02,-,-,0,-,,,,,04,1,00000000,00,10,,
2025-10-15 09:27:55,,,,867488068351542,15531,HBD
2025-10-15 09:26:04,2025-10-15 09:26:03,2025-10-15 09:26:02,2025-10-15 09:26:03,867488068351542,15530,GTERI,0x19FE3FBF,0x00028102,802003,0x8303,0x0115,100,28331,0000,-,01,00,22,12,12,-,01,01,68.8,69.8,0,1,1112,1111,-25.080722,-25.080547,-51.539169,-51.539165,0724,0004,85DA,0F6AD116,1.0,603.7,603.7,0:06:09,66:34:02,-,-,0,-,,,,,04,1,00000000,00,10,,
2025-10-15 09:25:54,,,,867488068351542,15529,HBD
2025-10-15 09:23:57,,,,867488068351542,15528,ACK
2025-10-15 09:23:56,,,,867488068351542,15527,ACK
2025-10-15 09:23:56,,,,867488068351542,15526,ACK
2025-10-15 09:23:56,,,,867488068351542,15525,HBD
2025-10-15 09:23:04,2025-10-15 09:23:03,2025-10-15 09:23:02,2025-10-15 09:23:03,867488068351542,15524,GTERI,0x19FE3FBF,0x00028102,802003,0x8303,0x0115,100,28223,0000,-,01,00,22,12,12,-,01,01,0.0,0.0,179,179,1144,1144,-25.088889,-25.088889,-51.537798,-51.537798,0724,0004,85DA,0F6AD116,0.0,602.7,602.7,0:03:09,66:31:02,-,-,0,-,,,,,04,1,00000000,00,10,,
2025-10-15 09:22:53,,,,867488068351542,15523,HBD
2025-10-15 09:20:03,2025-10-15 09:20:02,2025-10-15 09:20:03,2025-10-15 09:20:03,867488068351542,15522,GTIGL,0x19FE7FBF,,802003,0x8303,0x0115,100,28185,0000,0000,01,00,22,12,12,-,01,01,0.0,0.0,179,179,1144,1144,-25.088889,-25.088889,-51.537798,-51.537798,0724,0004,85DA,0F6AD116,0.0,602.7,602.7,0:00:09,66:28:02,-,-,0,-,,,,,,,,,00
2025-10-15 09:20:03,2025-10-15 09:20:02,2025-10-15 09:20:03,2025-10-15 09:20:03,867488068351542,15521,GTERI,0x19FE3FBF,0x00028102,802003,0x8303,0x0115,100,28185,0000,-,01,00,22,12,12,-,01,01,0.0,0.0,179,179,1144,1144,-25.088889,-25.088889,-51.537798,-51.537798,0724,0004,85DA,0F6AD116,0.0,602.7,602.7,0:00:09,66:28:02,-,-,0,-,,,,,04,1,00000000,00,10,,
2025-10-15 09:19:54,2025-10-15 09:19:53,2025-10-15 08:23:12,2025-10-15 08:23:12,867488068351542,15520,GTSTT,0x19FE7FBF,,802003,0x8303,0x0115,100,25967,0000,0000,01,00,22,12,12,-,00,00,0.0,0.0,179,179,1129,1129,-25.088814,-25.088814,-51.537791,-51.537791,0724,0004,85DA,0F6AD116,0.0,602.7,602.7,0:00:00,66:27:53,-,-,0,-
2025-10-15 09:19:54,2025-10-15 09:19:53,2025-10-15 08:23:12,2025-10-15 08:23:12,867488068351542,15519,GTIGN,0x19FE7FBF,,802003,0x8303,0x0115,100,25967,0000,0000,01,00,22,12,12,3702,00,01,0.0,0.0,179,179,1129,1129,-25.088814,-25.088814,-51.537791,-51.537791,0724,0004,85DA,0F6AD116,0.0,602.7,602.7,0:00:00,66:27:53,-,-,0,-
2025-10-15 09:19:54,,,,867488068351542,15518,HBD
2025-10-15 08:23:12,2025-10-15 08:23:11,2025-10-15 08:23:12,2025-10-15 08:23:12,867488068351542,15517,GTERI,0x19FE3FBF,0x00028102,802003,0x8303,0x0115,100,26746,0000,-,00,00,11,12,12,-,01,01,0.0,0.0,179,179,1129,1129,-25.088814,-25.088814,-51.537791,-51.537791,0724,0004,85DA,0F6AD116,11.8,602.7,602.7,0:26:54,66:27:53,-,-,0,-,,,,,04,1,00000000,00,10,,
2025-10-15 08:22:42,,,,867488068351542,15516,HBD
2025-10-15 08:21:23,2025-10-15 08:21:22,2025-10-15 08:21:21,2025-10-15 08:21:21,867488068351542,15515,GTERI,0x19FE3FBF,0x00028102,802003,0x8303,0x0115,100,26985,0000,-,00,00,11,12,12,-,01,01,0.0,0.0,179,179,1129,1129,-25.088814,-25.088814,-51.537791,-51.537791,0724,0004,85DA,0F6AD10A,11.8,602.7,602.7,0:26:54,66:27:53,-,-,0,-,,,,,04,3,00000000,00,10,,
2025-10-15 08:20:43,,,,867488068351542,15514,HBD
2025-10-15 08:18:48,2025-10-15 08:18:47,2025-10-15 08:18:48,2025-10-15 08:18:48,867488068351542,15513,GTSTT,0x19FE7FBF,,802003,0x8303,0x0115,100,27558,0000,0000,00,00,11,12,12,-,01,01,0.0,0.0,179,179,1129,1129,-25.088814,-25.088814,-51.537791,-51.537791,0724,0004,85DA,0F6AD10A,11.8,602.7,602.7,0:26:54,66:27:53,-,-,0,-
2025-10-15 08:18:23,2025-10-15 08:18:22,2025-10-15 08:18:21,2025-10-15 08:18:21,867488068351542,15512,GTERI,0x19FE3FBF,0x00028102,802003,0x8303,0x0115,100,27687,0000,-,00,00,12,12,12,-,01,01,0.0,0.0,179,179,1129,1129,-25.088814,-25.088814,-51.537791,-51.537791,0724,0004,85DA,0F6AD116,11.8,602.7,602.7,0:26:54,66:27:53,-,-,0,-,,,,,04,1,00000000,00,10,,
2025-10-15 08:18:17,,,,867488068351542,15511,ACK
2025-10-15 08:18:16,,,,867488068351542,15510,ACK
2025-10-15 08:18:16,2025-10-15 08:18:11,2025-10-15 08:18:12,2025-10-15 08:18:12,867488068351542,15509,GTIGL,0x19FE7FBF,,802003,0x8303,0x0115,100,28130,0000,0000,00,00,12,12,12,-,01,01,0.0,0.0,179,179,1129,1129,-25.088814,-25.088814,-51.537791,-51.537791,0724,0004,85DA,0F6AD10A,11.8,602.7,602.7,0:26:54,66:27:53,-,-,0,-,,,,,,,,,01
2025-10-15 08:18:16,2025-10-15 08:18:11,2025-10-15 08:18:11,2025-10-15 08:18:11,867488068351542,15508,GTSTT,0x19FE7FBF,,802003,0x8303,0x0115,100,28130,0000,0000,00,00,12,12,12,-,01,01,0.0,0.0,179,179,1129,1129,-25.088814,-25.088814,-51.537791,-51.537791,0724,0004,85DA,0F6AD10A,11.8,602.7,602.7,0:26:54,66:27:53,-,-,0,-
2025-10-15 08:18:14,2025-10-15 08:18:11,2025-10-15 08:18:11,2025-10-15 08:18:11,867488068351542,15507,GTIGF,0x19FE7FBF,,802003,0x8303,0x0115,100,28130,0000,0000,00,00,12,12,12,1617,01,01,0.0,0.0,179,179,1129,1129,-25.088814,-25.088814,-51.537791,-51.537791,0724,0004,85DA,0F6AD10A,11.8,602.7,602.7,0:26:54,66:27:53,-,-,0,-
2025-10-15 08:18:14,,,,867488068351542,15506,HBD
2025-10-15 08:16:40,,,,867488068351542,15505,HBD
2025-10-15 08:15:23,2025-10-15 08:15:22,2025-10-15 08:15:21,2025-10-15 08:12:27,867488068351542,15504,GTERI,0x19FE3FBF,0x00028102,802003,0x8303,0x0115,100,28390,0000,-,01,00,22,12,12,-,01,01,0.0,14.8,179,128,1129,1126,-25.088814,-25.088629,-51.537791,-51.538104,0724,0004,85DA,0F6AD10A,11.8,602.7,602.5,0:24:06,66:25:05,-,-,0,-,,,,,04,3,00000000,00,10,,
2025-10-15 08:14:39,,,,867488068351542,15503,HBD
2025-10-15 08:12:23,2025-10-15 08:12:22,2025-10-15 08:12:21,2025-10-15 08:10:32,867488068351542,15502,GTERI,0x19FE3FBF,0x00028102,802003,0x8303,0x0115,100,28231,0000,-,01,00,22,12,12,-,01,01,0.0,78.1,179,154,1125,1097,-25.088557,-25.072201,-51.538186,-51.541479,0724,0004,85DA,0F79F10E,11.5,602.5,600.6,0:21:06,66:22:05,-,-,0,-,,,,,04,28,00000000,00,10,,
2025-10-15 08:12:23,,,,867488068351542,15501,HBD
2025-10-15 08:10:38,,,,867488068351542,15500,HBD
2025-10-15 08:09:23,2025-10-15 08:09:22,2025-10-15 08:09:21,2025-10-15 08:09:22,867488068351542,15499,GTERI,0x19FE3FBF,0x00028102,802003,0x8303,0x0115,100,28289,0000,-,01,00,22,12,12,-,01,01,59.8,60.7,179,179,1073,1073,-25.062229,-25.06238,-51.542997,-51.542997,0724,0004,85DA,0F6AD116,8.5,599.5,599.5,0:18:06,66:19:05,-,-,0,-,,,,,04,1,00000000,00,10,,
2025-10-15 08:08:38,,,,867488068351542,15498,HBD
2025-10-15 08:06:23,2025-10-15 08:06:22,2025-10-15 08:06:21,2025-10-15 08:04:30,867488068351542,15497,GTERI,0x19FE3FBF,0x00028102,802003,0x8303,0x0115,100,28226,0000,-,01,00,22,12,12,-,01,01,47.8,65.7,156,169,1017,1036,-25.04508,-25.033573,-51.543019,-51.547133,0724,0004,85DA,0F6AD10A,6.6,597.6,596.2,0:15:06,66:16:05,-,-,0,-,,,,,04,3,00000000,00,10,,
2025-10-15 08:06:23,,,,867488068351542,15496,HBD
2025-10-15 08:04:37,,,,867488068351542,15495,HBD
2025-10-15 08:03:23,2025-10-15 08:03:22,2025-10-15 08:03:21,2025-10-15 08:03:04,867488068351542,15494,GTERI,0x19FE3FBF,0x00028102,802003,0x8303,0x0115,100,28272,0000,-,01,00,22,12,12,-,01,01,63.3,72.3,190,190,1059,1052,-25.024131,-25.021282,-51.546355,-51.54576,0724,0004,85DA,0F6AD117,4.2,595.1,594.8,0:12:06,66:13:05,-,-,0,-,,,,,04,1,00000000,00,10,,
2025-10-15 08:02:29,,,,867488068351542,15493,HBD
2025-10-15 08:02:29,,,,867488068351542,15492,HBD
2025-10-15 08:02:28,2025-10-15 08:00:22,2025-10-15 08:00:21,2025-10-15 08:00:21,867488068351542,15491,GTERI,0x19FE3FBF,0x00028102,802003,0x8303,0x0115,100,28329,0000,-,01,00,22,12,12,-,01,01,65.4,65.4,168,168,1028,1028,-24.998275,-24.998275,-51.544348,-51.544348,0000,0000,0000,00000000,1.3,592.2,592.2,0:09:06,66:10:05,-,-,0,-,,,,,00,0,00000000,00,10,,
2025-10-15 08:02:28,,,,867488068351542,15490,HBD
2025-10-15 08:02:27,2025-10-15 07:57:22,2025-10-15 07:57:21,2025-10-15 07:57:21,867488068351542,15489,GTERI,0x19FE3FBF,0x00028102,802003,0x8303,0x0115,100,28318,0000,-,01,00,22,12,12,-,01,01,9.7,9.7,19,19,985,985,-24.993806,-24.993806,-51.550235,-51.550235,0000,0000,0000,00000000,0.0,591.0,591.0,0:06:06,66:07:05,-,-,0,-,,,,,00,0,00000000,00,10,,
2025-10-15 08:02:27,,,,867488068351542,15488,HBD
2025-10-15 08:02:26,,,,867488068351542,15487,ACK
2025-10-15 08:02:26,,,,867488068351542,15486,ACK
2025-10-15 08:02:25,,,,867488068351542,15485,ACK
2025-10-15 08:02:25,,,,867488068351542,15484,HBD
2025-10-15 08:02:24,2025-10-15 07:54:22,2025-10-15 07:54:21,2025-10-15 07:54:22,867488068351542,15483,GTERI,0x19FE3FBF,0x00028102,802003,0x8303,0x0115,100,28238,0000,-,01,00,22,12,12,-,01,01,4.8,4.9,99,106,982,983,-24.993964,-24.99397,-51.550565,-51.550552,0000,0000,0000,00000000,0.0,591.0,591.0,0:03:06,66:04:05,-,-,0,-,,,,,00,0,00000000,00,10,,
2025-10-15 08:02:24,2025-10-15 07:54:19,2025-10-15 07:54:19,2025-10-15 07:54:18,867488068351542,15482,GTPDP,0x19FE7FBF,,802003,0x8303,0x0115,100,28238,0000,0000,01,00,22,12,12,-,01,01,4.9,5.3,102,101,982,981,-24.993957,-24.993952,-51.550592,-51.550606,0000,0000,0000,00000000,0.0,591.0,591.0,0:03:03,66:04:02,-,-,0,-
2025-10-15 08:02:23,2025-10-15 07:51:30,2025-10-15 07:51:31,2025-10-15 07:51:31,867488068351542,15480,GTIGL,0x19FE7FBF,,802003,0x8303,0x0115,100,28191,0000,0000,01,00,22,4,4,-,02,02,0.7,0.7,308,308,972,972,-24.994116,-24.994116,-51.55061,-51.55061,0000,0000,0000,00000000,0.0,591.0,591.0,0:00:15,66:01:14,-,-,0,-,,,,,,,,,00
2025-10-15 08:02:22,2025-10-15 07:51:30,2025-10-15 07:51:31,2025-10-15 07:51:31,867488068351542,15479,GTERI,0x19FE3FBF,0x00028102,802003,0x8303,0x0115,100,28191,0000,-,01,00,22,4,4,-,02,02,0.7,0.7,308,308,972,972,-24.994116,-24.994116,-51.55061,-51.55061,0000,0000,0000,00000000,0.0,591.0,591.0,0:00:15,66:01:14,-,-,0,-,,,,,00,0,00000000,00,10,,
2025-10-15 08:02:22,2025-10-15 07:51:19,2025-10-15 07:48:03,2025-10-15 07:48:03,867488068351542,15478,GTPDP,0x19FE7FBF,,802003,0x8303,0x0115,100,25159,0000,0000,01,00,22,4,4,-,00,00,0.0,0.0,308,308,986,986,-24.994037,-24.994037,-51.550495,-51.550495,0000,0000,0000,00000000,0.0,591.0,591.0,0:00:03,66:01:02,-,-,0,-
2025-10-15 08:02:21,2025-10-15 07:51:14,2025-10-15 07:48:03,2025-10-15 07:48:03,867488068351542,15477,GTSTT,0x19FE7FBF,,802003,0x8303,0x0115,100,25536,0000,0000,01,00,22,4,4,-,00,00,0.0,0.0,308,308,986,986,-24.994037,-24.994037,-51.550495,-51.550495,0000,0000,0000,00000000,0.0,591.0,591.0,0:00:00,66:00:59,-,-,0,-
2025-10-15 08:02:21,2025-10-15 07:51:14,2025-10-15 07:48:03,2025-10-14 16:40:04,867488068351542,15476,GTIGN,0x19FE7FBF,,802003,0x8303,0x0115,100,25536,0000,0000,01,00,22,4,12,54633,00,01,0.0,5.0,308,220,986,986,-24.994037,-24.994016,-51.550495,-51.550455,0000,0000,0000,00000000,0.0,591.0,591.0,0:00:00,66:00:59,-,-,0,-
2025-10-15 08:02:20,2025-10-15 07:48:02,2025-10-15 07:48:03,2025-10-15 07:48:03,867488068351542,15474,GTDOG,0x19FE7FBF,,802003,0x8303,0x0115,100,25489,0000,0000,00,00,11,4,4,-,01,01,0.0,0.0,308,308,986,986,-24.994037,-24.994037,-51.550495,-51.550495,0000,0000,0000,00000000,0.3,591.0,591.0,0:03:54,66:00:59,-,-,0,-,,,,,,,,,07
2025-10-15 08:02:19,2025-10-15 07:45:36,2025-10-15 07:43:36,2025-10-15 07:43:36,867488068351542,15473,GTERI,0x19FE3FBF,0x00028102,802003,0x8303,0x0115,100,25541,0000,-,00,00,11,6,6,-,01,01,0.0,0.0,308,308,986,986,-24.994037,-24.994037,-51.550495,-51.550495,0000,0000,0000,00000000,0.3,591.0,591.0,0:03:54,66:00:59,-,-,0,-,,,,,00,0,00000000,00,10,,
2025-10-15 08:02:19,,,,867488068351542,15472,GTINF,,,,,,,,,,,,,,,,,,,,,,,,,,,,,,,,,,,,,,,,,,C1,4200,00
2025-10-15 08:02:18,2025-10-15 06:47:46,2025-10-15 06:47:47,2025-10-15 06:47:47,867488068351542,15471,GTDOG,0x19FE7FBF,,802003,0x8303,0x0115,100,25492,0000,0000,00,00,11,5,5,-,01,01,0.0,0.0,308,308,986,986,-24.994037,-24.994037,-51.550495,-51.550495,0000,0000,0000,00000000,0.3,591.0,591.0,0:03:54,66:00:59,-,-,0,-,,,,,,,,,07
2025-10-15 08:02:18,2025-10-15 06:45:36,2025-10-15 06:43:15,2025-10-15 06:43:15,867488068351542,15470,GTERI,0x19FE3FBF,0x00028102,802003,0x8303,0x0115,100,25581,0000,-,00,00,11,5,5,-,01,01,0.0,0.0,308,308,986,986,-24.994037,-24.994037,-51.550495,-51.550495,0000,0000,0000,00000000,0.3,591.0,591.0,0:03:54,66:00:59,-,-,0,-,,,,,00,0,00000000,00,10,,
2025-10-15 08:02:17,2025-10-15 05:47:56,2025-10-15 05:47:57,2025-10-15 05:47:57,867488068351542,15469,GTDOG,0x19FE7FBF,,802003,0x8303,0x0115,100,25502,0000,0000,00,00,11,5,5,-,01,01,0.0,0.0,308,308,986,986,-24.994037,-24.994037,-51.550495,-51.550495,0000,0000,0000,00000000,0.3,591.0,591.0,0:03:54,66:00:59,-,-,0,-,,,,,,,,,07
2025-10-15 08:02:17,2025-10-15 05:45:36,2025-10-15 05:43:54,2025-10-15 05:43:54,867488068351542,15468,GTERI,0x19FE3FBF,0x00028102,802003,0x8303,0x0115,100,25588,0000,-,00,00,11,5,5,-,01,01,0.0,0.0,308,308,986,986,-24.994037,-24.994037,-51.550495,-51.550495,0000,0000,0000,00000000,0.3,591.0,591.0,0:03:54,66:00:59,-,-,0,-,,,,,00,0,00000000,00,10,,
2025-10-15 08:02:16,2025-10-15 04:47:44,2025-10-15 04:47:45,2025-10-15 04:47:45,867488068351542,15467,GTDOG,0x19FE7FBF,,802003,0x8303,0x0115,100,25536,0000,0000,00,00,11,7,7,-,01,01,0.0,0.0,308,308,986,986,-24.994037,-24.994037,-51.550495,-51.550495,0000,0000,0000,00000000,0.3,591.0,591.0,0:03:54,66:00:59,-,-,0,-,,,,,,,,,07
2025-10-15 08:02:16,2025-10-15 04:45:36,2025-10-15 04:43:18,2025-10-15 04:43:18,867488068351542,15466,GTERI,0x19FE3FBF,0x00028102,802003,0x8303,0x0115,100,25620,0000,-,00,00,11,7,7,-,01,01,0.0,0.0,308,308,986,986,-24.994037,-24.994037,-51.550495,-51.550495,0000,0000,0000,00000000,0.3,591.0,591.0,0:03:54,66:00:59,-,-,0,-,,,,,00,0,00000000,00,10,,
2025-10-15 08:02:15,2025-10-15 03:47:43,2025-10-15 03:47:44,2025-10-15 03:47:44,867488068351542,15465,GTDOG,0x19FE7FBF,,802003,0x8303,0x0115,100,25553,0000,0000,00,00,11,7,7,-,01,01,0.0,0.0,308,308,986,986,-24.994037,-24.994037,-51.550495,-51.550495,0000,0000,0000,00000000,0.3,591.0,591.0,0:03:54,66:00:59,-,-,0,-,,,,,,,,,07
2025-10-15 08:02:15,2025-10-15 03:45:36,2025-10-15 03:43:14,2025-10-15 03:43:14,867488068351542,15464,GTERI,0x19FE3FBF,0x00028102,802003,0x8303,0x0115,100,25534,0000,-,00,00,11,8,8,-,01,01,0.0,0.0,308,308,986,986,-24.994037,-24.994037,-51.550495,-51.550495,0000,0000,0000,00000000,0.3,591.0,591.0,0:03:54,66:00:59,-,-,0,-,,,,,00,0,00000000,00,10,,
2025-10-15 08:02:14,2025-10-15 02:47:41,2025-10-15 02:47:42,2025-10-15 02:47:42,867488068351542,15463,GTDOG,0x19FE7FBF,,802003,0x8303,0x0115,100,25552,0000,0000,00,00,11,8,8,-,01,01,0.0,0.0,308,308,986,986,-24.994037,-24.994037,-51.550495,-51.550495,0000,0000,0000,00000000,0.3,591.0,591.0,0:03:54,66:00:59,-,-,0,-,,,,,,,,,07
2025-10-15 08:02:14,2025-10-15 02:45:36,2025-10-15 02:43:36,2025-10-15 02:43:36,867488068351542,15462,GTERI,0x19FE3FBF,0x00028102,802003,0x8303,0x0115,100,25638,0000,-,00,00,11,8,8,-,01,01,0.0,0.0,308,308,986,986,-24.994037,-24.994037,-51.550495,-51.550495,0000,0000,0000,00000000,0.3,591.0,591.0,0:03:54,66:00:59,-,-,0,-,,,,,00,0,00000000,00,10,,
2025-10-15 08:02:13,2025-10-15 01:47:44,2025-10-15 01:47:45,2025-10-15 01:47:45,867488068351542,15461,GTDOG,0x19FE7FBF,,802003,0x8303,0x0115,100,25581,0000,0000,00,00,11,5,5,-,01,01,0.0,0.0,308,308,986,986,-24.994037,-24.994037,-51.550495,-51.550495,0000,0000,0000,00000000,0.3,591.0,591.0,0:03:54,66:00:59,-,-,0,-,,,,,,,,,07
2025-10-15 08:02:13,2025-10-15 01:45:36,2025-10-15 01:44:05,2025-10-15 01:44:05,867488068351542,15460,GTERI,0x19FE3FBF,0x00028102,802003,0x8303,0x0115,100,25670,0000,-,00,00,11,4,4,-,01,01,0.0,0.0,308,308,986,986,-24.994037,-24.994037,-51.550495,-51.550495,0000,0000,0000,00000000,0.3,591.0,591.0,0:03:54,66:00:59,-,-,0,-,,,,,00,0,00000000,00,10,,
2025-10-15 08:02:12,2025-10-15 00:47:41,2025-10-15 00:47:42,2025-10-15 00:47:42,867488068351542,15459,GTDOG,0x19FE7FBF,,802003,0x8303,0x0115,100,25597,0000,0000,00,00,11,6,6,-,01,01,0.0,0.0,308,308,986,986,-24.994037,-24.994037,-51.550495,-51.550495,0000,0000,0000,00000000,0.3,591.0,591.0,0:03:54,66:00:59,-,-,0,-,,,,,,,,,07
2025-10-15 08:02:12,2025-10-15 00:45:36,2025-10-15 00:43:37,2025-10-15 00:43:37,867488068351542,15458,GTERI,0x19FE3FBF,0x00028102,802003,0x8303,0x0115,100,25684,0000,-,00,00,11,6,6,-,01,01,0.0,0.0,308,308,986,986,-24.994037,-24.994037,-51.550495,-51.550495,0000,0000,0000,00000000,0.3,591.0,591.0,0:03:54,66:00:59,-,-,0,-,,,,,00,0,00000000,00,10,,
2025-10-15 08:02:11,2025-10-14 23:47:40,2025-10-14 23:47:41,2025-10-14 23:47:41,867488068351542,15457,GTDOG,0x19FE7FBF,,802003,0x8303,0x0115,100,25624,0000,0000,00,00,11,4,4,-,01,01,0.0,0.0,308,308,986,986,-24.994037,-24.994037,-51.550495,-51.550495,0000,0000,0000,00000000,0.3,591.0,591.0,0:03:54,66:00:59,-,-,0,-,,,,,,,,,07
2025-10-15 08:02:11,2025-10-14 23:45:36,2025-10-14 23:43:23,2025-10-14 23:43:23,867488068351542,15456,GTERI,0x19FE3FBF,0x00028102,802003,0x8303,0x0115,100,25713,0000,-,00,00,11,5,5,-,01,01,0.0,0.0,308,308,986,986,-24.994037,-24.994037,-51.550495,-51.550495,0000,0000,0000,00000000,0.3,591.0,591.0,0:03:54,66:00:59,-,-,0,-,,,,,00,0,00000000,00,10,,
2025-10-15 08:02:10,2025-10-14 22:47:42,2025-10-14 22:47:42,2025-10-14 22:47:42,867488068351542,15455,GTDOG,0x19FE7FBF,,802003,0x8303,0x0115,100,25646,0000,0000,00,00,11,6,6,-,01,01,0.0,0.0,308,308,986,986,-24.994037,-24.994037,-51.550495,-51.550495,0000,0000,0000,00000000,0.3,591.0,591.0,0:03:54,66:00:59,-,-,0,-,,,,,,,,,07
2025-10-15 08:02:10,2025-10-14 22:45:36,2025-10-14 22:43:54,2025-10-14 22:43:54,867488068351542,15454,GTERI,0x19FE3FBF,0x00028102,802003,0x8303,0x0115,100,25742,0000,-,00,00,11,6,6,-,01,01,0.0,0.0,308,308,986,986,-24.994037,-24.994037,-51.550495,-51.550495,0000,0000,0000,00000000,0.3,591.0,591.0,0:03:54,66:00:59,-,-,0,-,,,,,00,0,00000000,00,10,,
2025-10-15 08:02:09,2025-10-14 21:47:43,2025-10-14 21:47:44,2025-10-14 21:47:44,867488068351542,15453,GTDOG,0x19FE7FBF,,802003,0x8303,0x0115,100,25700,0000,0000,00,00,11,4,4,-,01,01,0.0,0.0,308,308,986,986,-24.994037,-24.994037,-51.550495,-51.550495,0000,0000,0000,00000000,0.3,591.0,591.0,0:03:54,66:00:59,-,-,0,-,,,,,,,,,07
2025-10-15 08:02:09,2025-10-14 21:45:36,2025-10-14 21:43:20,2025-10-14 21:43:20,867488068351542,15452,GTERI,0x19FE3FBF,0x00028102,802003,0x8303,0x0115,100,25784,0000,-,00,00,11,5,5,-,01,01,0.0,0.0,308,308,986,986,-24.994037,-24.994037,-51.550495,-51.550495,0000,0000,0000,00000000,0.3,591.0,591.0,0:03:54,66:00:59,-,-,0,-,,,,,00,0,00000000,00,10,,
2025-10-15 08:02:08,2025-10-14 20:47:38,2025-10-14 20:47:39,2025-10-14 20:47:39,867488068351542,15451,GTDOG,0x19FE7FBF,,802003,0x8303,0x0115,100,25724,0000,0000,00,00,11,5,5,-,01,01,0.0,0.0,308,308,986,986,-24.994037,-24.994037,-51.550495,-51.550495,0000,0000,0000,00000000,0.3,591.0,591.0,0:03:54,66:00:59,-,-,0,-,,,,,,,,,07
2025-10-15 08:02:08,2025-10-14 20:45:36,2025-10-14 20:43:36,2025-10-14 20:43:36,867488068351542,15450,GTERI,0x19FE3FBF,0x00028102,802003,0x8303,0x0115,100,25821,0000,-,00,00,11,5,5,-,01,01,0.0,0.0,308,308,986,986,-24.994037,-24.994037,-51.550495,-51.550495,0000,0000,0000,00000000,0.3,591.0,591.0,0:03:54,66:00:59,-,-,0,-,,,,,00,0,00000000,00,10,,
2025-10-15 08:02:07,2025-10-14 19:47:39,2025-10-14 19:47:40,2025-10-14 19:47:40,867488068351542,15449,GTDOG,0x19FE7FBF,,802003,0x8303,0x0115,100,25821,0000,0000,00,00,11,4,4,-,01,01,0.0,0.0,308,308,986,986,-24.994037,-24.994037,-51.550495,-51.550495,0000,0000,0000,00000000,0.3,591.0,591.0,0:03:54,66:00:59,-,-,0,-,,,,,,,,,07
2025-10-15 08:02:07,2025-10-14 19:45:36,2025-10-14 19:43:53,2025-10-14 19:43:53,867488068351542,15448,GTERI,0x19FE3FBF,0x00028102,802003,0x8303,0x0115,100,25872,0000,-,00,00,11,4,4,-,01,01,0.0,0.0,308,308,986,986,-24.994037,-24.994037,-51.550495,-51.550495,0000,0000,0000,00000000,0.3,591.0,591.0,0:03:54,66:00:59,-,-,0,-,,,,,00,0,00000000,00,10,,
2025-10-15 08:02:06,2025-10-14 18:47:39,2025-10-14 18:47:40,2025-10-14 18:47:40,867488068351542,15447,GTDOG,0x19FE7FBF,,802003,0x8303,0x0115,100,25827,0000,0000,00,00,11,8,8,-,01,01,0.0,0.0,308,308,986,986,-24.994037,-24.994037,-51.550495,-51.550495,0000,0000,0000,00000000,0.3,591.0,591.0,0:03:54,66:00:59,-,-,0,-,,,,,,,,,07
2025-10-15 08:02:06,2025-10-14 18:45:36,2025-10-14 18:43:13,2025-10-14 18:43:13,867488068351542,15446,GTERI,0x19FE3FBF,0x00028102,802003,0x8303,0x0115,100,25870,0000,-,00,00,11,8,8,-,01,01,0.0,0.0,308,308,986,986,-24.994037,-24.994037,-51.550495,-51.550495,0000,0000,0000,00000000,0.3,591.0,591.0,0:03:54,66:00:59,-,-,0,-,,,,,00,0,00000000,00,10,,
2025-10-15 08:02:05,2025-10-14 17:47:38,2025-10-14 17:47:39,2025-10-14 17:47:39,867488068351542,15445,GTDOG,0x19FE7FBF,,802003,0x8303,0x0115,100,25882,0000,0000,00,00,11,12,12,-,01,01,0.0,0.0,308,308,986,986,-24.994037,-24.994037,-51.550495,-51.550495,0000,0000,0000,00000000,0.3,591.0,591.0,0:03:54,66:00:59,-,-,0,-,,,,,,,,,07
2025-10-15 08:02:05,2025-10-14 17:45:36,2025-10-14 17:43:13,2025-10-14 17:43:13,867488068351542,15444,GTERI,0x19FE3FBF,0x00028102,802003,0x8303,0x0115,100,25989,0000,-,00,00,11,11,11,-,01,01,0.0,0.0,308,308,986,986,-24.994037,-24.994037,-51.550495,-51.550495,0000,0000,0000,00000000,0.3,591.0,591.0,0:03:54,66:00:59,-,-,0,-,,,,,00,0,00000000,00,10,,
2025-10-15 08:02:04,2025-10-14 16:48:49,2025-10-14 16:47:38,2025-10-14 16:47:38,867488068351542,15443,GTPDP,0x19FE7FBF,,802003,0x8303,0x0115,100,26446,0000,0000,00,00,11,12,12,-,00,00,0.0,0.0,308,308,986,986,-24.994037,-24.994037,-51.550495,-51.550495,0000,0000,0000,00000000,0.3,591.0,591.0,0:03:54,66:00:59,-,-,0,-
2025-10-15 08:02:04,2025-10-14 16:47:38,2025-10-14 16:47:38,2025-10-14 16:47:38,867488068351542,15442,GTDOG,0x19FE7FBF,,802003,0x8303,0x0115,100,26397,0000,0000,00,00,11,12,12,-,01,01,0.0,0.0,308,308,986,986,-24.994037,-24.994037,-51.550495,-51.550495,0000,0000,0000,00000000,0.3,591.0,591.0,0:03:54,66:00:59,-,-,0,-,,,,,,,,,07
2025-10-15 08:02:03,2025-10-14 16:45:46,2025-10-14 16:45:42,2025-10-14 16:45:42,867488068351542,15441,GTPDP,0x19FE7FBF,,802003,0x8303,0x0115,100,26481,0000,0000,00,00,11,12,12,-,00,00,0.0,0.0,308,308,986,986,-24.994037,-24.994037,-51.550495,-51.550495,0000,0000,0000,00000000,0.3,591.0,591.0,0:03:54,66:00:59,-,-,0,-
2025-10-15 08:02:03,2025-10-14 16:45:42,2025-10-14 16:45:42,2025-10-14 16:45:42,867488068351542,15440,GTERI,0x19FE3FBF,0x00028102,802003,0x8303,0x0115,100,26481,0000,-,00,00,11,12,12,-,01,01,0.0,0.0,308,308,986,986,-24.994037,-24.994037,-51.550495,-51.550495,0000,0000,0000,00000000,0.3,591.0,591.0,0:03:54,66:00:59,-,-,0,-,,,,,00,0,00000000,00,10,,
2025-10-15 08:02:02,2025-10-14 16:42:55,2025-10-14 16:42:54,2025-10-14 16:42:54,867488068351542,15438,GTERI,0x19FE3FBF,0x00028102,802003,0x8303,0x0115,100,26684,0000,-,00,00,11,12,12,-,01,01,0.0,0.0,308,308,986,986,-24.994037,-24.994037,-51.550495,-51.550495,0000,0000,0000,00000000,0.3,591.0,591.0,0:03:54,66:00:59,-,-,0,-,,,,,00,0,00000000,00,10,,
2025-10-15 08:02:01,2025-10-14 16:41:45,2025-10-14 16:41:44,2025-10-14 16:41:44,867488068351542,15436,GTSTT,0x19FE7FBF,,802003,0x8303,0x0115,100,26791,0000,0000,00,00,11,12,12,-,01,01,0.0,0.0,308,308,986,986,-24.994037,-24.994037,-51.550495,-51.550495,0000,0000,0000,00000000,0.3,591.0,591.0,0:03:54,66:00:59,-,-,0,-
2025-10-15 08:02:00,,,,867488068351542,15434,ACK
2025-10-15 08:01:59,,,,867488068351542,15433,ACK
2025-10-15 08:01:59,2025-10-14 16:40:41,2025-10-14 16:40:42,2025-10-14 16:40:42,867488068351542,15432,GTIGL,0x19FE7FBF,,802003,0x8303,0x0115,100,28312,0000,0000,00,00,12,12,12,-,01,01,0.0,0.0,308,308,986,986,-24.994037,-24.994037,-51.550495,-51.550495,0000,0000,0000,00000000,0.3,591.0,591.0,0:03:54,66:00:59,-,-,0,-,,,,,,,,,01
2025-10-15 08:01:58,2025-10-14 16:40:41,2025-10-14 16:40:41,2025-10-14 16:40:41,867488068351542,15431,GTSTT,0x19FE7FBF,,802003,0x8303,0x0115,100,28312,0000,0000,00,00,12,12,12,-,01,01,0.0,0.0,308,308,986,986,-24.994037,-24.994037,-51.550495,-51.550495,0000,0000,0000,00000000,0.3,591.0,591.0,0:03:54,66:00:59,-,-,0,-
2025-10-15 08:01:58,2025-10-14 16:40:41,2025-10-14 16:40:41,2025-10-14 16:40:41,867488068351542,15430,GTIGF,0x19FE7FBF,,802003,0x8303,0x0115,100,28312,0000,0000,00,00,12,12,12,236,01,01,0.0,0.0,308,308,986,986,-24.994037,-24.994037,-51.550495,-51.550495,0000,0000,0000,00000000,0.3,591.0,591.0,0:03:54,66:00:59,-,-,0,-
2025-10-15 08:01:57,2025-10-14 16:39:55,2025-10-14 16:39:54,2025-10-14 16:39:55,867488068351542,15429,GTERI,0x19FE3FBF,0x00028102,802003,0x8303,0x0115,100,28367,0000,-,01,00,22,12,12,-,01,01,0.0,0.0,308,308,985,985,-24.994017,-24.994017,-51.550449,-51.550449,0000,0000,0000,00000000,0.3,591.0,591.0,0:03:09,66:00:14,-,-,0,-,,,,,00,0,00000000,00,10,,
2025-10-15 08:01:57,2025-10-14 16:39:50,2025-10-14 16:39:50,2025-10-14 16:38:48,867488068351542,15428,GTPDP,0x19FE7FBF,,802003,0x8303,0x0115,100,28367,0000,0000,01,00,22,12,12,-,01,01,0.0,25.4,308,200,985,992,-24.994017,-24.993241,-51.550449,-51.549978,0000,0000,0000,00000000,0.3,591.0,590.9,0:03:03,66:00:08,-,-,0,-
2025-10-15 08:01:56,2025-10-14 16:36:59,2025-10-14 16:37:00,2025-10-14 16:37:00,867488068351542,15426,GTIGL,0x19FE7FBF,,802003,0x8303,0x0115,100,28285,0000,0000,01,00,22,12,12,-,01,01,0.0,0.0,217,217,1014,1014,-24.991242,-24.991242,-51.549263,-51.549263,0000,0000,0000,00000000,0.0,590.6,590.6,0:00:12,65:57:17,-,-,0,-,,,,,,,,,00
2025-10-15 08:01:55,2025-10-14 16:36:59,2025-10-14 16:37:00,2025-10-14 16:37:00,867488068351542,15425,GTERI,0x19FE3FBF,0x00028102,802003,0x8303,0x0115,100,28285,0000,-,01,00,22,12,12,-,01,01,0.0,0.0,217,217,1014,1014,-24.991242,-24.991242,-51.549263,-51.549263,0000,0000,0000,00000000,0.0,590.6,590.6,0:00:12,65:57:17,-,-,0,-,,,,,00,0,00000000,00,10,,
2025-10-15 08:01:55,2025-10-14 16:36:50,2025-10-14 16:06:29,2025-10-14 16:06:29,867488068351542,15424,GTPDP,0x19FE7FBF,,802003,0x8303,0x0115,100,27185,0000,0000,01,00,22,12,12,-,00,00,0.0,0.0,217,217,1020,1020,-24.991295,-24.991295,-51.549218,-51.549218,0000,0000,0000,00000000,0.0,590.6,590.6,0:00:03,65:57:08,-,-,0,-
2025-10-15 08:01:54,2025-10-14 16:36:45,2025-10-14 16:06:29,2025-10-14 16:06:29,867488068351542,15423,GTSTT,0x19FE7FBF,,802003,0x8303,0x0115,100,26010,0000,0000,01,00,22,12,12,-,00,00,0.0,0.0,217,217,1020,1020,-24.991295,-24.991295,-51.549218,-51.549218,0000,0000,0000,00000000,0.0,590.6,590.6,0:00:00,65:57:05,-,-,0,-
2025-10-15 08:01:54,2025-10-14 16:36:45,2025-10-14 16:06:29,2025-10-14 16:01:08,867488068351542,15422,GTIGN,0x19FE7FBF,,802003,0x8303,0x0115,100,26010,0000,0000,01,00,22,12,12,2117,00,01,0.0,4.4,217,167,1020,1020,-24.991295,-24.991292,-51.549218,-51.549235,0000,0000,0000,00000000,0.0,590.6,590.6,0:00:00,65:57:05,-,-,0,-
2025-10-15 08:01:53,2025-10-14 16:06:29,2025-10-14 16:06:29,2025-10-14 16:06:29,867488068351542,15420,GTERI,0x19FE3FBF,0x00028102,802003,0x8303,0x0115,100,26589,0000,-,00,00,11,12,12,-,01,01,0.0,0.0,217,217,1020,1020,-24.991295,-24.991295,-51.549218,-51.549218,0000,0000,0000,00000000,30.9,590.6,590.6,1:46:25,65:57:05,-,-,0,-,,,,,00,0,00000000,00,10,,
2025-10-15 08:01:52,2025-10-14 16:06:08,2025-10-14 16:06:07,2025-10-14 16:06:07,867488068351542,15419,GTERI,0x19FE3FBF,0x00028102,802003,0x8303,0x0115,100,26589,0000,-,00,00,11,12,12,-,01,01,0.0,0.0,217,217,1020,1020,-24.991295,-24.991295,-51.549218,-51.549218,0000,0000,0000,00000000,30.9,590.6,590.6,1:46:25,65:57:05,-,-,0,-,,,,,00,0,00000000,00,10,,
2025-10-15 08:01:51,2025-10-14 16:03:08,2025-10-14 16:03:07,2025-10-14 16:03:07,867488068351542,15417,GTERI,0x19FE3FBF,0x00028102,802003,0x8303,0x0115,100,26786,0000,-,00,00,11,12,12,-,01,01,0.0,0.0,217,217,1020,1020,-24.991295,-24.991295,-51.549218,-51.549218,0000,0000,0000,00000000,30.9,590.6,590.6,1:46:25,65:57:05,-,-,0,-,,,,,00,0,00000000,00,10,,
2025-10-15 08:01:50,2025-10-14 16:01:58,2025-10-14 16:01:58,2025-10-14 16:01:58,867488068351542,15415,GTSTT,0x19FE7FBF,,802003,0x8303,0x0115,100,26891,0000,0000,00,00,11,12,12,-,01,01,0.0,0.0,217,217,1020,1020,-24.991295,-24.991295,-51.549218,-51.549218,0000,0000,0000,00000000,30.9,590.6,590.6,1:46:25,65:57:05,-,-,0,-
2025-10-15 08:01:50,,,,867488068351542,15414,ACK
2025-10-15 08:01:49,,,,867488068351542,15413,ACK
2025-10-15 08:01:49,2025-10-14 16:01:29,2025-10-14 16:01:29,2025-10-14 16:01:29,867488068351542,15412,GTIGL,0x19FE7FBF,,802003,0x8303,0x0115,100,28443,0000,0000,00,00,12,12,12,-,01,01,0.0,0.0,217,217,1020,1020,-24.991295,-24.991295,-51.549218,-51.549218,0000,0000,0000,00000000,30.9,590.6,590.6,1:46:25,65:57:05,-,-,0,-,,,,,,,,,01
2025-10-15 08:01:48,2025-10-14 16:01:28,2025-10-14 16:01:28,2025-10-14 16:01:28,867488068351542,15411,GTSTT,0x19FE7FBF,,802003,0x8303,0x0115,100,28443,0000,0000,00,00,12,12,12,-,01,01,0.0,0.0,217,217,1020,1020,-24.991295,-24.991295,-51.549218,-51.549218,0000,0000,0000,00000000,30.9,590.6,590.6,1:46:25,65:57:05,-,-,0,-
2025-10-15 08:01:48,2025-10-14 16:01:28,2025-10-14 16:01:28,2025-10-14 16:01:28,867488068351542,15410,GTIGF,0x19FE7FBF,,802003,0x8303,0x0115,100,28443,0000,0000,00,00,12,12,12,6385,01,01,0.0,0.0,217,217,1020,1020,-24.991295,-24.991295,-51.549218,-51.549218,0000,0000,0000,00000000,30.9,590.6,590.6,1:46:25,65:57:05,-,-,0,-
2025-10-15 08:01:47,2025-10-14 16:00:08,2025-10-14 16:00:07,2025-10-14 15:57:21,867488068351542,15408,GTERI,0x19FE3FBF,0x00028102,802003,0x8303,0x0115,100,28308,0000,-,01,00,22,12,12,-,01,01,0.0,19.9,217,19,1021,991,-24.991323,-24.993564,-51.549266,-51.550127,0000,0000,0000,00000000,30.9,590.6,590.4,1:45:04,65:55:44,-,-,0,-,,,,,00,0,00000000,00,10,,
2025-10-15 08:01:46,2025-10-14 15:57:08,2025-10-14 15:57:07,2025-10-14 15:56:53,867488068351542,15406,GTERI,0x19FE3FBF,0x00028102,802003,0x8303,0x0115,100,28428,0000,-,01,00,22,12,12,-,01,01,21.0,24.5,19,19,987,984,-24.99416,-24.994916,-51.550381,-51.550686,0000,0000,0000,00000000,30.6,590.3,590.2,1:42:04,65:52:44,-,-,0,-,,,,,00,0,00000000,00,10,,
2025-10-15 08:01:44,2025-10-14 15:54:08,2025-10-14 15:54:07,2025-10-14 15:52:31,867488068351542,15403,GTERI,0x19FE3FBF,0x00028102,802003,0x8303,0x0115,100,28422,0000,-,01,00,22,12,12,-,01,01,0.0,24.6,128,75,983,976,-24.993307,-24.992535,-51.553844,-51.554765,0000,0000,0000,00000000,30.0,589.7,589.5,1:39:04,65:49:44,-,-,0,-,,,,,00,0,00000000,00,10,,
2025-10-15 08:01:43,2025-10-14 15:51:08,2025-10-14 15:51:07,2025-10-14 15:48:30,867488068351542,15401,GTERI,0x19FE3FBF,0x00028102,802003,0x8303,0x0115,100,28353,0000,-,01,00,22,12,12,-,01,01,12.9,41.2,74,101,1012,1037,-24.992432,-24.991951,-51.558581,-51.56788,0000,0000,0000,00000000,29.4,589.1,588.2,1:36:04,65:46:44,-,-,0,-,,,,,00,0,00000000,00,10,,
2025-10-15 08:01:42,2025-10-14 15:48:26,2025-10-14 15:48:26,2025-10-14 15:48:21,867488068351542,15398,GTPDP,0x19FE7FBF,,802003,0x8303,0x0115,100,28441,0000,0000,01,00,22,12,12,-,01,01,40.0,42.8,85,55,1036,1033,-24.991918,-24.992094,-51.568322,-51.56884,0000,0000,0000,00000000,28.4,588.1,588.1,1:33:22,65:44:02,-,-,0,-
2025-10-15 08:01:41,2025-10-14 15:48:08,2025-10-14 15:48:07,2025-10-14 15:45:57,867488068351542,15397,GTERI,0x19FE3FBF,0x00028102,802003,0x8303,0x0115,100,28365,0000,-,01,00,22,12,12,-,01,01,30.1,40.8,62,85,1045,1048,-24.992757,-24.993018,-51.569983,-51.578881,0724,0004,85DE,0F6AD312,28.2,587.9,586.8,1:33:04,65:43:44,-,-,0,-,,,,,04,5,00000000,00,10,,
